15,27,5,0,0,0,0,0,0,4,2,0,0,0,0,4,3,12,80,95,81,13,8,0
64,41,5,0,0,0,0,1,10,68,53,32,0,1,0,0,1,0,8,62,102,55,13,0
56,26,10,0,0,12,58,67,108,234,175,84,68,4,9,12,21,24,62,97,52,12,13,4
14,11,2,0,0,0,32,74,91,111,110,80,14,0,0,22,53,53,64,57,12,0,0,7
52,31,9,0,0,0,0,11,57,84,65,62,55,0,6,54,70,96,64,49,6,0,0,2
47,45,48,5,0,11,13,16,51,70,74,66,58,47,54,61,87,70,44,15,11,0,0,1
0,5,14,7,7,47,42,38,66,75,71,72,80,87,80,79,72,64,13,0,3,7,2,0
0,0,0,5,20,61,67,80,69,92,87,108,92,90,91,87,67,33,0,0,6,0,0,0
0,0,0,6,39,64,69,82,92,93,100,125,134,116,97,80,68,42,3,0,0,3,1,0
0,0,0,9,14,68,85,95,103,95,119,166,186,164,111,81,62,3,6,0,11,0,4,0
0,0,0,10,43,63,95,118,115,105,138,170,197,184,130,93,58,13,11,4,0,0,0,0
0,0,0,7,24,61,86,127,145,141,162,169,161,172,138,105,68,17,19,10,13,5,0,0
0,0,4,9,17,62,106,131,141,160,175,193,173,152,123,102,66,14,3,0,3,0,0,0
0,0,2,10,37,73,113,141,141,145,165,188,167,151,124,106,72,17,1,0,4,0,0,0
0,0,0,10,18,59,75,118,109,95,128,158,176,148,119,100,45,30,14,13,12,0,9,11
0,0,0,4,54,75,59,104,114,101,96,118,144,141,98,70,55,31,1,5,11,8,3,6
0,0,2,12,17,101,102,107,91,102,115,106,130,92,64,58,50,7,3,9,12,0,4,4
2,6,11,18,36,55,60,96,112,138,158,141,108,105,70,57,39,22,13,14,11,6,3,2
0,0,0,5,24,71,101,114,125,140,154,142,129,87,67,80,51,13,9,9,8,8,1,3
0,0,0,5,12,56,60,108,126,109,133,139,133,116,109,106,80,13,12,5,4,6,7,4
0,0,8,3,13,40,67,100,90,89,124,135,125,135,123,113,83,28,9,11,12,5,5,6
0,0,1,12,39,49,61,86,117,120,127,133,119,130,132,100,54,19,12,21,18,12,13,17
0,1,13,26,44,60,75,106,124,135,135,129,128,140,134,117,78,13,15,12,10,4,11,8
1,1,11,43,59,100,102,119,136,138,126,145,150,150,133,122,101,14,14,12,12,13,10,1
0,7,11,60,78,105,105,105,111,115,116,146,170,157,136,121,94,51,17,31,22,12,13,10
9,6,13,53,87,103,109,110,101,103,115,147,162,149,130,119,100,9,13,14,14,8,0,0
0,12,12,52,67,102,102,102,100,100,107,129,141,132,124,113,73,51,13,10,12,2,0,5
0,13,11,36,108,100,105,76,82,59,104,129,124,124,118,106,46,15,11,12,11,8,3,2
5,8,7,9,74,102,105,102,76,54,77,101,106,123,114,82,12,25,16,12,9,8,6,11
12,0,0,14,68,62,82,89,72,60,70,77,89,86,64,47,23,11,24,7,4,9,4,2
11,0,11,14,14,66,104,68,54,55,51,68,84,76,57,31,11,25,9,13,12,6,13,11
4,0,7,9,53,87,128,83,59,53,55,76,92,77,68,43,14,12,12,6,3,0,0,5
9,0,0,0,35,58,60,57,54,51,51,62,74,84,51,11,10,10,11,7,6,3,0,0
2,0,0,0,14,52,53,54,51,40,46,52,58,69,58,44,5,13,10,1,0,6,9,5
0,0,0,0,9,34,51,29,12,13,14,27,50,55,54,31,0,6,12,0,1,0,4,6
0,0,0,0,0,12,27,11,8,8,5,16,55,57,53,30,0,5,12,8,1,10,1,0
0,0,0,0,0,9,9,3,4,4,2,12,50,59,36,13,5,3,5,10,8,8,3,0
0,0,0,6,7,8,0,0,3,5,12,22,53,53,32,9,0,10,3,12,11,6,0,0
0,0,0,0,3,0,2,3,3,10,30,36,38,52,27,4,11,14,11,8,4,9,6,1
0,0,0,0,0,0,4,0,0,10,25,35,50,51,9,0,14,12,3,0,0,0,6,1
0,0,0,0,0,0,3,4,9,12,12,9,43,13,0,0,2,2,3,0,6,0,7,0
3,3,0,0,5,9,16,12,10,9,13,43,51,14,8,0,0,6,1,3,1,6,0,9
3,1,0,3,7,10,17,25,14,14,30,56,59,13,16,0,0,6,0,0,8,11,3,0
4,0,6,7,8,8,14,50,14,13,14,53,23,14,0,0,0,6,0,6,9,0,9,3

16,27,5,0,0,0,0,0,0,4,2,0,0,0,0,4,3,12,80,95,81,13,8,0
64,41,6,0,0,0,0,1,10,69,53,32,1,1,0,0,1,0,8,62,102,55,13,0
56,27,11,0,0,13,58,67,108,235,176,84,69,4,9,13,22,24,62,97,52,12,13,4
14,11,3,0,0,0,33,74,92,111,110,81,14,0,0,23,53,53,64,57,12,0,0,7
52,33,10,0,0,0,1,11,57,84,65,62,55,0,6,54,70,96,64,49,6,0,0,2
47,46,48,6,0,11,13,16,51,71,75,67,58,47,54,61,87,70,44,15,11,0,0,1
0,5,14,7,7,47,42,40,66,75,71,72,80,88,80,79,72,64,13,0,3,7,2,0
0,0,0,5,21,61,67,80,69,92,86,107,91,90,91,87,67,34,0,0,6,0,0,0
0,0,0,6,39,64,68,82,92,92,99,124,132,115,97,79,68,43,4,0,0,3,1,0
0,0,0,9,14,68,85,95,103,95,118,165,185,162,111,81,62,3,6,0,11,0,4,0
0,0,0,10,45,63,95,118,114,105,139,171,196,184,130,92,58,13,11,4,0,0,0,0
0,0,0,7,26,61,86,127,145,141,163,170,162,173,138,106,68,17,18,10,12,5,0,0
0,0,5,9,18,63,106,131,142,161,176,193,174,153,123,102,67,14,3,0,3,0,0,0
0,0,2,10,37,73,113,141,141,145,165,188,166,150,124,106,72,18,1,0,3,0,0,0
0,0,0,10,18,60,76,118,109,94,127,158,176,147,118,100,45,30,14,13,12,0,9,11
0,0,0,4,54,75,59,104,113,100,95,117,144,141,98,70,55,31,1,5,10,8,3,6
0,0,2,12,16,101,102,107,91,102,115,105,130,91,65,58,50,7,2,9,12,0,4,3
2,6,11,17,36,55,60,96,111,138,158,141,107,105,70,58,40,22,13,14,11,6,3,2
0,0,0,5,24,71,100,114,125,140,154,142,129,87,67,81,51,13,8,9,8,8,1,3
0,0,0,5,12,56,60,108,126,109,132,138,133,116,110,106,81,13,12,5,3,6,7,4
0,0,8,4,14,40,67,100,90,88,123,135,125,136,124,113,84,29,9,12,12,5,5,6
0,0,2,12,41,49,61,86,117,120,127,133,119,131,133,100,54,19,12,22,19,12,13,17
0,1,14,26,44,60,76,107,124,135,135,130,129,140,134,117,78,14,15,12,10,4,11,8
1,1,12,43,60,100,102,119,136,138,126,145,151,150,134,123,101,14,14,12,12,13,10,1
0,7,11,61,78,105,105,105,111,115,117,147,170,157,135,121,96,50,18,31,23,12,13,10
9,6,13,53,87,103,109,110,102,103,114,147,162,148,130,119,100,9,13,14,14,8,0,0
0,12,12,53,67,102,102,102,100,100,107,129,141,132,124,113,73,52,13,10,12,2,0,5
0,13,11,37,108,100,105,76,82,60,104,128,124,124,118,106,45,16,11,12,11,8,4,2
5,8,7,9,74,102,105,103,76,54,77,101,106,123,114,82,12,26,16,12,9,8,6,11
12,0,0,14,68,62,82,89,72,61,70,76,88,86,63,47,23,11,24,7,4,9,4,2
11,0,11,14,14,66,104,68,55,55,51,67,84,76,57,31,11,25,9,13,12,6,13,11
4,0,7,9,53,87,129,83,59,53,55,76,91,77,68,44,14,12,12,6,3,0,0,5
9,0,0,0,35,59,60,57,54,51,51,62,74,84,51,11,10,10,11,7,6,3,0,0
3,0,0,0,14,52,53,54,51,41,48,52,58,69,58,43,5,13,10,1,0,6,9,5
0,0,0,0,9,36,51,29,12,13,14,28,50,55,54,31,0,6,12,0,1,0,4,6
0,0,0,0,0,12,28,11,8,8,5,15,55,57,53,30,0,5,12,8,1,10,1,0
0,0,0,0,0,9,9,3,4,4,2,12,51,59,36,14,5,3,5,10,8,8,3,0
0,0,0,6,8,8,0,0,3,5,12,22,53,53,32,9,0,10,3,12,11,6,0,0
0,0,0,0,3,1,2,3,3,10,30,36,38,52,26,4,11,14,11,8,4,9,6,1
0,0,0,0,0,0,4,0,0,10,24,35,50,51,9,0,14,12,3,0,0,0,6,1
0,0,0,0,0,0,3,4,9,12,12,9,41,13,0,0,2,2,3,0,6,0,7,0
3,3,0,0,5,9,16,12,10,9,13,41,50,14,8,0,0,6,1,3,1,6,0,9
3,1,0,3,7,10,18,25,14,14,30,55,60,13,15,0,0,6,0,0,8,11,3,0
5,0,6,7,8,8,14,50,14,13,14,53,24,14,0,0,0,6,0,6,9,0,9,3

15,27,5,0,0,0,0,0,0,4,2,0,0,0,0,4,3,12,80,94,80,13,8,0
64,40,6,0,0,0,0,1,11,68,53,33,1,1,0,0,1,0,8,61,102,55,13,0
56,30,11,0,0,13,58,67,108,236,177,84,69,4,9,13,22,25,62,97,52,12,13,4
14,11,3,0,0,0,36,75,92,112,110,81,15,0,0,27,53,53,64,57,12,0,0,7
52,34,10,0,0,0,1,11,57,84,65,62,55,0,6,54,70,96,64,49,6,0,0,2
49,46,48,6,0,11,13,17,51,71,75,67,57,47,55,61,87,71,44,15,11,0,0,1
0,6,14,7,7,47,42,39,66,75,71,72,80,87,81,79,72,64,13,1,3,7,2,0
0,0,0,6,22,61,67,79,68,92,86,107,91,90,91,87,67,34,0,0,6,0,0,0
0,0,0,6,41,65,68,81,92,92,99,124,132,114,97,79,68,44,4,0,0,3,0,0
0,0,0,9,14,69,85,95,103,94,118,165,184,162,110,81,62,3,6,0,11,0,4,0
0,0,0,10,45,63,95,118,114,105,139,171,197,183,129,93,58,13,11,4,0,0,0,0
0,0,0,8,26,61,86,127,145,142,163,170,162,173,138,106,68,18,18,10,12,5,0,0
0,0,5,9,20,63,106,131,142,161,177,194,174,153,123,102,67,14,3,0,3,0,0,0
0,0,2,10,37,73,113,142,142,145,165,188,165,151,124,106,72,18,1,0,3,0,0,0
0,0,0,10,18,60,76,118,109,94,127,158,176,146,118,100,44,30,14,13,12,0,9,11
0,0,0,4,54,75,59,104,113,100,95,117,144,141,99,70,55,32,1,5,10,8,3,6
0,0,2,12,17,101,102,107,91,102,115,105,130,91,65,58,50,7,2,9,12,0,4,3
2,6,11,18,36,55,60,96,111,138,157,140,108,105,70,58,40,22,13,14,11,6,3,2
0,0,0,5,25,70,100,114,125,139,153,142,129,87,67,81,51,13,9,9,8,8,1,3
0,0,0,6,12,56,60,108,126,109,132,138,133,116,110,106,81,13,12,5,3,6,7,4
0,0,8,4,14,40,67,100,90,88,123,135,125,136,124,113,84,29,9,11,12,5,5,6
0,0,2,12,40,50,61,86,117,120,127,133,119,131,133,101,54,19,12,22,18,12,13,17
0,1,14,27,44,61,76,107,124,135,135,130,129,140,134,118,79,14,15,12,9,4,11,8
1,2,12,44,59,100,102,119,136,138,126,145,151,150,134,123,101,14,14,12,12,13,10,1
0,7,11,61,78,105,105,105,111,115,117,147,170,157,136,121,96,51,18,32,23,12,13,10
9,6,13,53,88,103,109,110,102,103,115,147,162,149,130,119,100,9,13,14,14,8,0,0
0,12,13,52,68,102,102,102,100,100,107,129,141,132,124,113,74,52,13,10,12,2,0,5
1,13,11,39,108,100,105,76,82,60,104,128,124,124,118,106,45,16,11,12,11,8,4,2
5,8,7,9,74,102,105,103,76,54,77,101,106,123,114,82,12,26,16,12,9,9,6,11
12,0,0,14,69,63,82,89,73,60,70,76,88,86,63,47,24,11,25,7,4,9,4,2
11,0,11,14,14,66,104,68,55,55,51,67,84,76,57,31,11,25,9,13,12,6,13,11
4,0,7,9,53,88,129,83,59,53,55,76,92,77,68,44,14,12,12,6,3,0,0,5
9,0,0,0,35,58,60,57,54,51,51,62,74,84,51,11,10,10,11,7,6,3,0,0
3,0,0,0,14,52,53,54,51,42,47,52,58,69,58,45,5,13,10,1,0,7,9,5
0,0,0,0,9,36,51,29,12,13,15,28,50,55,54,31,0,6,12,0,1,0,4,6
0,0,0,0,1,12,28,11,8,8,5,16,55,57,53,30,0,5,12,8,1,10,1,0
0,0,0,0,0,9,9,3,5,4,2,12,51,59,36,14,5,3,5,10,8,8,3,0
0,0,0,6,8,8,0,0,3,5,12,23,53,53,32,10,0,10,4,12,11,6,0,0
0,0,0,0,3,1,2,3,3,10,30,35,37,52,27,4,11,14,11,8,4,9,6,1
0,0,0,0,0,0,4,0,0,10,24,35,50,51,9,0,14,12,3,0,0,0,6,1
0,0,0,0,0,0,2,4,9,12,12,9,41,13,0,0,1,2,3,0,6,0,7,0
3,3,0,0,5,10,16,12,10,9,13,44,51,14,8,0,0,6,1,3,1,6,0,9
3,1,0,3,7,10,17,25,14,14,31,56,60,13,15,0,0,6,0,0,8,11,3,0
5,0,6,7,8,8,14,50,14,13,14,53,24,14,0,0,0,6,0,6,9,0,9,3

17,27,6,0,0,0,0,0,0,4,3,0,0,0,0,4,3,12,79,94,80,13,8,0
64,41,6,0,0,0,0,2,11,68,53,33,1,1,0,0,1,0,8,61,102,55,13,0
56,29,11,0,0,13,58,67,108,234,176,84,69,5,9,13,22,25,62,97,52,12,13,4
14,12,3,0,0,0,36,74,91,111,110,81,14,0,0,25,54,53,64,57,12,0,0,7
52,34,11,0,0,0,2,11,57,84,65,62,55,0,7,54,71,96,64,49,6,0,0,2
50,46,49,6,1,11,13,17,51,71,75,67,58,48,55,61,87,71,45,15,11,0,0,1
0,6,14,8,8,48,42,40,66,75,71,72,80,88,81,80,72,64,13,1,3,7,2,0
0,0,0,6,24,61,68,79,68,92,86,107,91,90,92,87,67,36,0,0,6,0,0,0
0,0,0,6,41,65,68,82,92,92,99,124,132,114,97,80,68,44,4,0,0,3,1,0
0,0,0,10,14,68,85,95,103,95,118,166,185,162,110,81,62,4,6,0,11,0,4,0
0,0,0,10,46,63,95,118,114,105,139,172,197,184,130,93,58,14,11,4,0,0,0,0
0,0,0,8,27,61,86,128,145,142,163,170,162,174,139,106,68,18,19,9,12,5,0,0
0,0,5,10,20,63,106,131,142,162,177,194,175,153,124,102,67,14,3,0,3,0,0,0
0,0,2,10,38,73,113,142,142,146,165,188,165,150,124,106,72,18,1,0,3,0,0,0
0,0,0,10,17,59,76,119,109,94,127,158,176,146,118,100,45,29,14,13,12,0,9,11
0,0,0,4,54,75,59,104,113,100,95,117,144,141,98,70,55,31,1,5,11,8,3,7
0,0,2,12,16,101,102,107,91,102,115,105,130,91,64,58,50,7,2,9,12,0,4,3
2,6,11,17,36,55,60,96,111,137,157,140,107,105,70,58,40,22,12,14,11,6,3,2
0,0,0,5,24,70,100,113,125,139,153,142,129,87,67,81,51,13,9,9,8,8,1,3
0,0,0,6,12,56,60,108,125,109,132,138,133,116,110,106,83,13,12,5,3,6,7,4
0,0,8,4,14,41,67,100,89,88,123,135,125,136,124,113,84,30,9,11,12,5,5,6
0,0,2,13,40,50,61,86,117,120,127,133,119,131,133,101,54,19,12,22,18,12,13,17
0,1,14,27,45,61,76,107,124,135,135,130,129,140,134,118,79,14,15,12,10,4,11,8
1,2,12,43,60,100,103,119,136,139,126,145,151,150,134,123,101,14,14,12,12,13,10,1
0,7,11,61,79,105,105,105,111,115,117,147,170,157,136,121,96,51,18,31,23,12,13,10
9,6,13,53,88,103,109,110,102,103,115,147,162,149,130,119,100,10,13,14,14,8,0,0
0,12,12,53,67,102,102,102,100,100,107,129,141,132,124,113,73,53,13,10,12,2,0,5
1,13,11,37,108,100,105,76,83,60,104,128,124,124,118,106,46,16,11,12,11,8,3,2
5,8,7,9,74,102,105,103,76,55,77,101,106,123,113,82,12,25,16,12,9,9,6,11
12,0,0,14,69,62,82,89,72,61,70,76,88,86,63,46,24,12,24,7,4,9,4,2
11,0,11,14,14,66,104,68,55,55,51,67,84,76,57,31,11,25,9,13,12,6,13,11
4,0,7,9,53,88,129,83,59,54,55,76,92,77,68,44,14,12,12,6,3,0,0,5
9,0,0,0,35,58,60,57,54,51,51,62,74,84,51,11,11,10,11,7,6,3,0,0
3,0,0,0,14,52,53,54,51,42,49,52,58,69,58,45,5,13,10,1,0,6,9,5
0,0,0,0,9,35,51,29,12,13,15,28,50,55,54,31,0,6,12,0,1,0,4,6
0,0,0,0,1,12,28,12,8,8,5,17,55,57,53,31,0,5,13,8,1,10,1,0
0,0,0,0,0,9,9,3,5,5,2,12,51,58,36,14,5,3,5,10,8,8,3,0
0,0,0,6,8,8,0,0,3,5,12,23,53,53,32,10,0,10,4,12,11,6,0,0
0,0,0,0,3,1,2,3,3,10,30,35,37,52,27,4,11,14,11,9,4,9,6,1
0,0,0,0,0,0,4,0,0,10,25,35,50,51,9,0,14,12,3,0,0,0,6,1
0,0,0,0,0,0,3,4,9,12,12,9,43,13,0,0,1,2,3,0,6,0,7,0
3,3,0,0,5,10,16,12,10,9,14,41,51,14,8,0,0,6,1,3,1,6,0,9
3,1,0,3,7,10,18,26,14,14,28,55,60,13,15,0,0,6,0,0,8,11,3,0
5,0,6,7,8,8,14,50,14,13,14,53,24,14,0,0,0,6,0,6,9,0,9,3

17,27,6,0,0,0,0,0,0,4,2,0,0,0,0,4,3,12,79,94,80,13,8,0
64,42,7,0,0,0,0,2,11,68,53,36,1,1,0,0,1,0,8,61,102,55,13,0
56,27,11,0,0,13,58,67,108,233,176,84,69,5,9,13,22,25,62,96,52,12,13,4
14,12,4,0,0,0,38,74,92,112,110,81,15,0,0,26,54,53,64,57,12,0,0,7
52,34,11,0,0,0,2,11,57,84,65,62,56,0,7,54,71,96,64,49,6,0,0,2
50,46,50,6,1,11,13,18,51,72,75,68,58,48,55,61,87,71,45,15,11,0,0,1
0,6,14,8,8,49,44,41,66,75,71,72,80,88,81,80,72,64,13,1,3,7,2,0
0,0,0,6,27,62,68,80,69,92,86,107,91,90,92,87,67,37,0,0,6,0,0,0
0,0,0,6,43,65,69,82,92,92,99,124,132,114,97,80,68,45,4,0,0,3,1,0
0,0,0,10,14,69,85,96,103,95,118,166,185,162,111,81,62,4,6,0,11,0,4,0
0,0,0,10,47,63,95,118,115,105,139,172,197,184,130,93,58,15,11,4,0,0,0,0
0,0,0,8,28,61,86,128,145,142,163,171,162,174,139,106,68,19,19,9,12,5,0,0
0,0,5,10,22,63,106,131,142,162,177,195,175,153,124,102,67,14,3,0,3,0,0,0
0,0,3,10,39,73,113,142,142,146,165,188,165,151,124,106,72,18,1,0,3,0,0,0
0,0,0,10,18,59,76,119,109,94,127,158,175,146,118,100,45,29,14,13,12,0,9,11
0,0,0,5,54,75,59,104,113,100,95,117,144,141,98,70,55,31,1,5,11,8,3,7
0,0,2,12,15,100,102,107,91,102,114,105,130,91,64,58,50,7,2,9,12,0,4,3
2,6,11,17,36,55,60,95,110,137,157,140,107,105,70,58,40,21,12,14,11,6,3,2
0,0,0,5,24,70,100,113,124,139,153,142,128,87,67,81,51,13,9,9,8,8,1,3
0,0,0,6,12,56,60,108,125,108,132,138,133,116,110,106,84,13,12,5,3,6,7,4
0,0,8,4,14,41,67,100,89,88,123,134,125,136,124,113,85,30,9,11,12,5,5,5
0,0,2,13,41,50,61,86,117,120,127,133,119,131,133,101,55,20,12,22,18,12,13,17
0,1,14,27,44,61,76,107,124,135,135,130,129,140,134,118,80,14,15,12,9,4,11,8
1,2,12,44,60,100,102,119,136,139,126,145,151,150,134,123,101,14,14,12,12,13,10,1
0,8,11,61,79,105,105,105,111,115,117,147,170,158,135,121,96,51,19,32,23,12,13,10
9,6,13,53,89,103,109,110,102,103,115,147,162,149,130,119,100,10,13,14,14,8,0,0
0,12,13,53,67,102,102,102,100,100,107,129,141,132,124,114,74,52,13,10,12,2,0,5
1,13,11,39,108,100,105,76,84,60,104,128,124,124,118,106,47,17,11,12,11,8,3,2
5,8,7,9,75,102,105,103,76,54,77,101,106,123,113,82,12,26,16,12,9,9,6,11
12,0,0,14,69,62,82,89,72,61,70,76,88,86,63,47,24,12,25,7,4,9,4,2
11,0,11,14,14,66,104,68,55,55,51,67,84,76,57,31,11,25,9,13,12,6,13,11
4,0,7,9,53,88,129,83,58,54,56,76,92,77,68,43,14,12,12,6,3,0,0,5
9,0,0,0,36,58,60,57,54,51,51,62,74,84,51,12,11,10,11,7,6,3,0,0
3,0,0,0,14,52,54,54,51,42,48,52,58,69,58,45,5,13,10,1,0,6,9,5
0,0,0,0,9,36,51,29,12,13,16,29,50,55,54,31,0,6,12,0,1,0,4,6
0,0,0,0,1,12,29,12,8,8,5,17,55,57,53,31,0,5,12,8,1,10,1,0
0,0,0,0,0,9,9,4,5,4,2,12,51,58,36,14,5,3,5,10,8,8,3,0
0,0,0,6,8,9,0,0,3,5,12,24,53,53,32,10,0,10,4,12,11,6,0,0
0,0,0,0,3,1,2,3,3,10,32,35,37,53,26,4,11,14,11,9,4,9,6,1
0,0,0,0,0,0,4,0,0,10,24,35,50,51,9,0,14,12,3,0,0,0,6,1
0,0,0,0,0,0,3,4,9,12,12,9,44,13,0,0,1,2,3,0,6,0,7,0
3,3,0,0,5,10,16,12,11,9,13,43,51,14,8,0,0,6,1,3,1,6,0,9
3,1,0,3,7,10,18,25,14,14,31,55,60,13,15,0,0,6,0,0,8,11,3,0
4,0,6,7,8,8,14,50,14,13,14,53,25,14,0,0,0,6,0,6,9,0,9,3

19,27,6,0,0,0,0,0,0,4,2,0,0,0,0,4,3,12,80,94,80,13,8,0
64,41,7,0,0,0,0,2,11,68,53,35,1,1,0,0,1,0,8,61,102,55,13,0
56,30,11,0,0,13,59,67,108,233,175,84,70,5,9,13,22,26,62,97,52,12,13,4
14,12,4,0,0,0,38,75,91,111,110,81,15,0,0,27,54,53,64,57,12,0,0,7
52,35,11,0,0,0,2,11,57,84,65,62,55,0,7,54,71,96,64,49,6,0,0,2
49,47,50,6,1,12,13,18,51,71,75,68,58,48,55,62,87,71,45,15,11,0,0,1
0,6,14,8,8,50,44,43,66,75,71,72,80,88,81,80,72,64,13,1,3,7,2,0
0,0,0,6,27,61,68,80,69,92,86,107,91,90,92,87,67,38,0,0,6,0,0,0
0,0,0,6,45,65,69,82,92,92,100,124,133,115,97,80,68,45,4,1,0,3,1,0
0,0,0,10,16,69,86,97,104,95,118,166,186,164,112,81,63,4,6,0,11,0,4,0
0,0,0,10,48,63,96,119,115,105,138,171,197,185,131,93,59,17,11,4,0,0,0,0
0,0,0,9,29,61,87,128,144,140,161,168,161,176,141,106,68,20,19,9,12,5,0,0
0,0,6,10,25,63,106,132,142,160,175,193,174,155,125,102,67,14,3,0,3,0,0,0
0,0,3,11,43,75,114,142,142,145,165,186,167,153,125,106,73,20,1,0,3,0,0,0
0,0,1,10,25,60,77,118,109,95,127,156,175,148,119,100,46,30,14,13,12,0,9,11
0,0,0,5,55,75,59,104,113,100,96,117,144,141,99,71,55,31,1,5,11,8,3,7
0,0,2,12,15,101,102,107,91,102,115,105,130,91,65,58,50,7,2,9,12,0,4,3
2,6,11,17,35,54,60,95,111,137,157,140,107,104,70,57,39,22,12,14,11,6,3,2
0,0,0,6,24,70,100,113,124,139,153,142,128,86,67,81,51,13,8,9,8,8,1,4
0,0,0,6,12,56,60,107,125,108,132,138,133,116,109,106,81,13,12,5,3,6,7,4
0,0,8,4,14,40,67,100,89,88,123,134,125,135,123,113,84,28,9,12,12,5,5,6
0,0,2,12,40,50,61,86,117,120,127,133,119,130,132,100,54,19,12,21,18,12,13,17
0,1,14,27,45,61,76,106,124,134,135,130,129,140,134,117,79,14,15,12,9,4,11,8
1,2,12,44,60,100,102,119,136,139,126,145,151,150,133,122,101,14,14,12,12,13,10,1
0,8,11,61,78,105,105,105,111,115,117,147,170,157,135,121,96,51,19,32,22,12,13,10
9,6,13,53,88,103,109,110,102,103,115,147,162,149,130,119,100,10,13,14,14,8,0,0
0,12,13,53,68,102,102,102,100,100,107,129,141,132,124,113,74,53,13,10,12,2,0,5
1,13,11,37,108,100,105,76,84,60,104,128,124,124,118,106,47,17,11,12,11,8,3,2
5,9,7,9,75,102,105,103,77,55,77,101,106,123,113,83,13,25,16,12,9,9,6,11
12,0,0,14,69,62,82,89,72,61,70,76,88,86,63,46,24,11,24,7,4,9,4,2
11,0,11,14,14,67,105,69,55,55,51,67,84,76,57,31,11,25,9,13,12,6,13,11
4,0,7,9,53,89,130,83,58,54,56,76,92,77,67,45,14,12,12,6,3,0,0,5
9,0,0,0,36,58,60,57,54,51,51,62,74,84,51,12,11,10,11,7,6,3,0,0
2,0,0,0,14,52,54,54,51,42,48,53,58,69,58,46,5,13,10,1,0,7,9,5
0,0,0,0,9,36,51,30,13,13,17,29,50,55,54,31,0,7,12,0,1,0,4,6
0,0,0,0,1,12,30,12,9,8,6,17,55,57,53,32,0,5,12,8,1,10,1,0
0,0,0,0,0,9,9,4,5,5,2,13,51,58,36,14,5,3,5,10,8,8,3,0
0,0,0,7,8,9,0,0,3,5,12,24,53,53,32,10,0,11,4,12,11,6,0,0
0,0,0,0,3,1,2,3,3,10,33,35,38,53,27,4,11,14,11,9,4,9,6,1
0,0,0,0,0,0,4,0,0,10,24,37,50,52,9,0,14,12,3,0,0,0,6,1
0,0,0,0,0,0,3,4,9,12,12,9,44,13,0,0,2,2,3,0,6,0,7,0
3,3,0,0,5,10,17,12,11,9,13,45,51,14,8,0,0,6,1,3,1,6,0,9
3,1,0,3,7,10,19,26,14,14,30,56,60,13,16,0,0,6,0,0,8,11,3,0
5,0,6,7,8,8,14,50,14,13,14,53,24,14,0,0,0,6,0,6,9,0,9,3

19,28,6,0,0,0,0,0,0,4,3,0,0,0,0,4,3,12,79,94,80,13,8,0
64,41,7,0,0,0,0,2,11,68,53,33,1,1,0,0,1,0,8,61,102,55,13,0
56,30,12,0,0,13,59,67,108,234,176,84,72,5,9,13,22,26,62,97,52,12,13,4
14,12,4,0,0,0,38,75,91,112,110,81,15,1,0,27,54,53,64,57,12,0,0,7
52,35,12,0,0,0,3,12,58,84,65,63,57,0,8,55,70,96,64,49,6,0,0,2
48,46,50,6,1,12,13,18,51,71,75,67,58,48,55,62,87,70,45,15,11,0,0,1
0,6,14,8,8,50,44,43,66,75,71,72,80,88,81,79,72,64,13,1,3,7,2,0
0,0,0,6,27,61,68,81,69,91,86,108,92,90,92,87,67,38,0,0,6,0,0,0
0,0,0,7,45,65,69,82,92,92,100,125,134,116,98,80,68,46,4,1,0,3,1,0
0,0,0,10,15,69,86,96,103,95,118,166,187,165,112,82,63,4,5,0,11,0,4,0
0,0,0,10,49,63,96,118,114,104,136,169,197,187,133,94,59,16,11,4,0,0,0,0
0,0,0,9,29,61,87,127,143,137,157,165,160,176,141,106,68,20,19,10,12,5,0,0
0,0,6,10,27,64,106,131,141,157,172,190,173,156,126,102,67,14,3,0,3,0,0,0
0,0,3,11,48,76,115,142,141,146,165,185,169,156,126,107,74,21,1,0,4,0,0,0
0,0,1,10,31,60,77,118,109,96,129,157,176,152,120,100,47,31,14,13,12,0,9,11
0,0,0,5,55,76,60,105,114,102,97,118,143,142,100,71,55,32,1,5,11,8,3,7
0,0,3,13,18,101,102,108,92,103,116,106,131,91,65,58,50,7,2,9,12,0,4,3
2,6,11,18,36,55,60,97,112,139,159,141,108,105,70,57,39,22,12,14,11,6,3,2
0,0,0,6,25,70,100,114,125,140,154,142,129,86,67,80,50,13,8,9,8,8,1,4
0,0,0,6,12,56,60,108,126,109,133,139,133,115,108,105,77,12,11,5,3,6,7,4
0,0,7,4,14,39,67,100,90,88,123,135,125,134,122,112,81,27,9,11,12,5,5,6
0,0,1,12,38,48,60,85,117,120,127,133,118,128,129,100,54,18,12,21,17,12,13,17
0,1,13,26,44,60,75,106,124,134,134,129,128,139,133,117,78,14,14,12,9,4,11,8
1,2,12,44,59,100,102,119,136,138,125,144,150,149,133,122,101,14,14,12,12,13,10,1
0,8,11,61,78,105,105,105,111,115,116,146,169,157,135,121,95,51,18,32,22,12,13,10
9,6,13,53,88,103,109,110,102,103,114,147,162,149,130,119,100,10,13,14,14,8,0,0
0,12,13,52,68,102,102,102,100,100,107,129,141,132,124,113,73,52,13,10,12,2,0,5
1,13,11,37,108,100,105,76,85,60,104,128,124,124,118,106,45,17,11,12,11,8,3,2
5,9,7,9,75,102,105,103,77,55,77,101,106,123,113,82,12,25,16,12,9,9,6,11
12,0,0,14,69,62,82,89,72,61,70,76,88,86,63,47,24,11,24,7,4,9,4,2
11,0,11,14,14,67,105,69,55,55,51,67,84,76,57,31,11,26,9,13,12,6,13,11
4,0,7,9,53,90,131,84,58,54,56,76,92,77,67,46,14,12,12,6,3,0,0,5
9,0,0,0,37,59,60,57,54,51,51,62,75,84,51,12,11,10,11,7,6,3,0,0
3,0,0,0,14,52,54,54,51,42,49,53,58,70,58,46,5,13,10,1,0,6,9,5
0,0,0,0,9,36,51,30,13,13,17,30,50,55,55,31,0,7,12,0,1,0,4,6
0,0,0,0,1,12,31,12,9,8,6,18,55,57,53,32,0,5,13,8,1,10,1,0
0,0,0,0,0,9,10,4,5,5,3,13,51,59,37,14,5,3,5,10,8,8,3,0
0,0,0,7,8,9,0,0,3,5,12,24,53,53,33,10,0,11,4,12,11,6,0,0
0,0,0,0,3,1,2,3,3,10,33,36,38,53,28,4,11,14,11,9,4,9,6,1
0,0,0,0,0,0,5,0,0,10,25,37,51,52,9,0,14,12,3,0,0,0,6,1
0,0,0,0,0,0,3,4,9,12,12,9,46,13,0,0,2,2,3,0,6,0,7,0
3,3,0,0,5,10,17,12,11,9,14,44,51,14,8,0,0,6,1,3,1,6,0,9
3,1,0,3,7,10,19,29,14,14,33,56,60,13,16,0,0,6,0,0,8,11,3,0
5,0,7,7,8,8,14,50,14,13,14,53,24,14,0,0,0,6,0,6,9,0,9,3

20,28,6,0,0,0,0,0,0,4,3,0,0,0,0,4,3,12,79,94,80,13,8,0
64,42,7,0,0,0,0,2,11,68,53,36,2,1,0,0,1,0,8,61,102,55,13,0
56,30,12,0,0,13,59,67,108,235,176,84,72,5,9,13,22,26,62,97,52,12,13,4
15,12,4,0,0,0,39,75,92,112,110,81,17,1,0,27,54,53,64,57,12,0,0,7
52,34,11,0,0,0,3,12,57,84,66,62,55,0,8,54,70,95,64,49,6,0,0,2
49,47,49,6,1,12,13,19,51,71,75,67,58,48,55,62,86,71,44,15,11,0,0,1
0,6,14,8,8,50,44,43,66,74,71,72,80,88,81,79,72,64,13,1,3,7,2,0
0,0,0,6,25,61,68,81,69,91,87,108,92,91,92,87,67,36,0,0,6,0,0,0
0,0,0,7,44,65,69,83,93,92,101,125,135,117,98,80,68,46,4,0,0,3,1,0
0,0,0,10,15,69,86,96,103,95,118,166,188,166,113,82,63,3,5,0,11,0,4,0
0,0,0,10,48,63,96,118,114,104,136,169,199,188,134,94,58,17,10,4,0,0,0,0
0,0,0,9,28,61,86,127,142,136,156,164,160,176,141,106,68,19,20,9,12,5,0,0
0,0,7,10,25,64,106,131,140,155,170,188,171,155,125,102,67,14,3,0,4,0,0,0
0,0,4,11,50,76,114,141,141,146,166,185,170,156,126,107,73,24,1,0,4,0,0,0
0,0,1,11,34,60,76,118,110,97,130,158,175,153,121,101,46,31,14,13,12,0,9,11
0,0,0,6,56,75,60,105,115,104,99,120,143,142,100,71,55,33,1,5,11,8,3,7
0,0,3,13,21,101,102,108,93,104,117,108,131,92,65,58,50,7,3,9,12,0,4,3
2,6,11,18,36,55,61,98,113,140,161,143,109,105,70,57,39,22,13,14,11,6,3,2
0,0,0,6,28,70,100,115,127,141,156,143,129,86,66,80,49,13,8,8,8,8,2,4
0,0,0,6,12,56,60,108,126,110,134,139,134,115,108,105,75,12,11,5,3,6,7,4
0,0,7,4,13,38,67,101,91,89,124,136,125,132,121,112,80,25,9,11,12,5,5,6
0,0,1,12,36,47,59,85,117,120,127,133,118,127,127,99,53,18,12,20,17,12,13,17
0,0,13,26,43,59,74,106,124,134,134,129,127,138,132,116,78,14,14,12,9,4,11,8
1,1,12,43,59,100,102,119,136,138,125,144,149,149,133,122,101,14,14,12,12,13,10,1
0,7,11,60,78,105,105,105,111,115,116,146,169,156,135,121,95,51,18,31,22,12,13,10
9,6,13,53,88,103,109,110,102,103,114,147,161,149,130,119,100,10,13,14,14,8,0,0
0,12,13,53,68,102,102,102,100,100,107,129,141,132,124,113,73,52,13,10,12,2,0,5
1,13,11,39,108,100,105,76,85,61,104,128,124,124,119,106,45,19,11,12,11,8,3,2
5,9,7,10,76,102,105,103,77,55,77,101,106,123,113,82,13,25,15,11,9,9,6,11
12,0,0,14,70,62,82,89,72,62,70,76,89,86,63,47,24,11,24,7,4,9,5,2
11,0,11,14,14,67,105,69,55,55,52,67,84,76,57,32,11,26,9,13,12,6,13,11
4,0,7,10,53,90,132,84,59,54,57,76,92,77,68,45,14,12,12,6,3,0,0,5
9,0,0,0,36,59,60,57,54,51,51,62,75,84,51,12,11,10,11,7,6,3,0,0
3,0,0,0,14,52,53,54,51,43,49,53,58,70,58,47,5,13,10,1,0,7,9,5
0,0,0,0,9,38,51,30,13,14,18,30,50,55,54,32,0,6,12,0,1,0,4,6
0,0,0,0,1,13,32,12,9,9,6,19,55,57,53,32,0,5,13,8,1,10,1,0
0,0,0,0,0,10,10,4,5,5,3,13,51,58,37,14,5,3,5,10,8,8,3,0
0,0,0,7,8,9,0,0,3,5,12,25,53,53,33,10,0,11,4,12,11,6,0,0
0,0,0,0,3,1,2,3,3,10,33,35,38,53,28,4,11,14,11,9,4,9,6,1
0,0,0,0,0,0,5,0,0,10,25,37,51,51,10,0,14,12,3,0,0,0,6,1
0,0,0,0,0,0,3,4,9,12,12,9,46,13,0,0,2,2,3,0,6,0,7,0
3,3,0,0,5,10,18,12,11,9,14,46,51,14,8,0,0,6,1,3,1,6,0,9
3,1,0,4,7,10,19,26,14,14,31,56,60,13,16,0,0,6,0,0,8,11,3,0
5,0,7,7,9,8,14,50,14,13,15,53,25,14,0,0,0,6,0,6,9,0,9,3

21,28,7,0,0,0,0,0,0,4,3,0,0,0,0,4,3,12,80,94,80,13,8,0
64,41,7,0,0,0,0,2,11,68,53,36,1,1,0,0,1,0,8,61,102,55,13,0
56,29,12,0,0,13,58,67,108,233,175,83,70,5,9,13,22,26,62,97,52,12,13,4
15,12,5,0,0,0,39,74,91,112,110,81,19,1,0,28,54,53,64,57,12,0,0,7
52,35,11,0,0,0,3,12,57,83,65,62,55,0,8,54,70,95,64,49,6,0,0,2
50,47,49,6,1,12,13,19,52,71,75,67,58,48,55,62,87,70,44,15,11,0,0,1
0,6,14,8,8,50,44,43,67,75,71,72,80,89,81,79,72,64,13,1,3,7,2,0
0,0,0,6,28,61,68,81,69,92,87,108,92,91,92,87,67,38,0,0,6,0,0,0
0,0,0,7,45,65,69,83,93,93,101,126,135,117,98,80,68,47,4,1,0,3,1,0
0,0,0,10,16,69,87,97,104,96,120,168,189,166,112,82,63,3,5,0,11,0,4,0
0,0,0,10,48,63,97,119,116,106,138,171,199,187,132,94,59,17,10,4,0,0,0,0
0,0,0,9,30,61,87,128,145,140,160,168,161,174,140,106,68,19,19,10,13,5,0,0
0,0,6,10,24,63,106,131,141,158,174,191,173,154,124,102,67,14,3,0,4,0,0,0
0,0,4,11,46,75,114,141,141,146,166,187,168,153,125,106,73,22,1,0,4,0,0,0
0,0,1,10,28,60,76,118,109,96,129,158,175,149,120,100,45,30,14,13,12,0,9,11
0,0,0,5,55,75,59,105,114,103,98,119,143,141,100,71,55,32,1,5,11,8,3,7
0,0,3,13,19,101,102,108,92,104,116,107,130,91,65,58,50,7,2,9,12,0,4,3
2,6,11,19,36,55,60,97,112,140,159,142,108,105,70,57,39,22,12,14,11,6,3,2
0,0,0,6,25,71,100,114,126,140,155,143,129,86,66,80,50,13,8,9,8,8,1,4
0,0,0,6,13,56,60,108,126,109,133,139,133,115,108,105,77,13,11,5,3,6,7,4
0,0,8,4,14,39,67,100,91,89,124,136,125,133,121,112,81,26,9,11,12,5,5,6
0,0,1,12,38,48,60,86,117,120,127,133,118,128,129,100,54,18,12,20,17,12,13,17
0,1,13,26,44,59,75,106,124,134,134,129,128,139,133,117,78,14,14,12,9,4,11,8
1,2,12,43,60,100,102,119,136,138,125,144,150,149,133,122,101,14,14,12,12,13,10,1
0,7,11,60,78,105,105,105,111,115,116,146,169,157,135,121,95,52,19,31,22,12,13,10
9,6,13,53,89,103,109,110,102,103,114,147,162,149,130,119,100,10,13,14,14,8,0,0
0,12,13,52,68,102,102,102,100,100,107,129,141,132,124,113,74,52,13,10,12,2,0,5
1,13,12,39,108,100,105,76,85,62,104,128,124,124,118,106,45,20,11,12,11,8,3,2
5,9,7,10,76,102,105,103,77,55,77,101,106,123,113,82,12,25,15,11,9,9,6,11
12,0,0,14,69,62,82,89,72,62,70,76,88,86,63,47,24,11,24,7,4,9,5,2
11,0,11,14,14,67,105,69,55,55,51,67,84,76,57,31,11,26,9,13,12,6,13,11
4,0,7,9,53,90,131,84,58,54,57,76,92,77,67,45,14,12,12,6,3,0,0,5
9,0,0,0,36,59,60,57,54,51,51,62,74,84,51,12,11,10,11,7,6,3,0,0
3,0,0,0,14,53,54,54,51,42,50,53,58,70,58,47,6,13,10,1,0,7,9,5
0,0,0,0,9,37,51,29,13,13,17,30,50,55,54,31,0,6,12,0,1,0,4,6
0,0,0,0,1,13,31,12,9,9,6,19,55,57,53,32,1,5,13,8,1,10,1,0
0,0,0,0,1,10,10,4,5,5,3,13,51,59,37,14,5,3,5,10,8,8,3,0
0,0,0,7,8,9,0,0,3,5,12,24,53,53,33,10,0,11,4,12,11,6,0,0
0,0,0,0,4,1,3,3,3,10,32,36,38,53,28,4,11,14,11,9,4,9,6,1
0,0,0,0,0,0,5,0,0,10,25,37,51,52,9,0,14,12,3,0,0,0,6,1
0,0,0,0,0,0,3,4,9,12,12,9,46,13,0,0,2,2,3,0,6,0,7,0
3,3,0,0,5,10,17,12,11,9,14,45,51,14,8,0,0,6,1,3,1,6,0,9
3,1,0,4,7,10,19,26,14,14,31,56,60,13,16,0,0,6,0,0,8,11,3,0
5,0,7,7,9,8,14,50,14,13,15,53,24,14,0,0,0,6,0,6,9,0,9,3

20,28,7,0,0,0,0,0,0,4,3,0,0,0,0,4,3,12,79,93,80,13,8,0
64,42,7,0,0,0,0,2,10,68,53,33,1,1,0,0,1,0,8,61,102,55,13,0
56,31,12,0,0,13,58,66,107,230,174,83,71,5,9,13,22,26,62,97,52,12,13,4
15,12,5,0,0,0,38,75,92,111,110,82,23,1,0,29,54,53,64,57,12,0,0,7
52,37,11,0,0,0,3,12,57,83,65,62,56,0,8,55,71,95,64,49,6,0,0,2
50,48,50,6,1,12,13,19,52,71,75,68,58,48,55,62,87,71,45,15,11,0,0,1
0,6,14,8,8,50,45,43,66,75,71,73,80,89,81,79,72,64,13,1,3,8,2,0
0,0,0,6,29,61,68,81,69,92,87,108,92,91,92,87,67,40,0,0,6,0,0,0
0,0,0,7,47,65,69,82,93,92,101,126,135,117,98,80,69,49,4,1,0,3,1,0
0,0,0,11,18,69,87,97,104,96,120,168,189,165,112,82,63,3,5,0,11,0,4,0
0,0,0,11,50,63,97,120,117,107,140,172,199,186,132,94,59,19,11,4,0,0,0,0
0,0,0,9,30,61,86,129,146,142,163,170,163,175,139,106,68,20,20,10,13,5,0,0
0,0,7,10,25,63,106,132,143,161,177,194,174,154,124,102,67,14,3,0,4,0,0,0
0,0,4,11,43,74,114,142,142,146,166,188,168,152,124,106,73,21,1,0,4,0,0,0
0,0,1,10,24,60,76,119,110,96,128,158,176,148,119,100,45,30,14,13,12,0,9,11
0,0,0,5,55,75,59,105,114,102,97,118,143,141,99,71,55,32,1,5,11,8,3,7
0,0,3,13,19,101,102,108,92,103,116,106,130,91,65,58,50,7,2,9,12,0,4,3
2,6,11,18,37,55,60,97,112,139,159,141,108,105,70,57,39,22,12,14,11,6,3,2
0,0,0,6,27,71,100,114,125,140,154,142,129,86,67,80,50,13,8,9,8,8,1,4
0,0,0,6,13,56,60,108,126,109,133,139,133,115,109,105,79,13,12,5,3,6,7,4
0,0,8,4,14,39,67,100,90,89,123,135,124,134,122,112,82,27,9,11,12,5,5,6
0,0,2,12,39,49,60,86,117,120,127,133,118,128,129,100,54,19,12,21,17,12,13,17
0,1,14,27,44,60,76,106,124,134,134,129,128,139,133,117,79,14,14,12,9,4,11,8
1,2,12,44,60,100,102,119,136,138,125,144,150,149,133,122,101,14,14,12,12,13,10,1
0,8,11,61,79,105,105,105,111,115,117,146,169,156,135,121,95,53,19,32,23,12,13,10
9,6,13,53,88,103,109,110,102,103,114,147,162,148,130,119,100,10,13,14,14,8,0,0
0,12,13,53,68,102,102,102,100,100,107,129,141,132,124,113,73,53,13,10,12,2,0,5
1,13,11,40,108,100,105,76,85,61,104,128,123,124,118,106,46,17,11,12,10,8,3,2
5,9,8,10,76,102,105,103,77,55,77,101,106,123,113,82,12,25,15,12,9,9,6,11
12,0,0,14,70,62,82,89,72,62,70,76,88,86,63,46,24,11,24,7,4,9,5,2
11,0,11,14,14,67,105,69,55,55,52,67,84,76,57,31,11,26,9,13,12,6,13,11
4,0,7,10,53,90,131,84,58,54,58,76,92,77,68,45,14,12,12,6,3,0,0,5
9,0,0,0,36,59,60,57,54,51,51,62,74,84,51,12,11,10,11,7,6,3,0,0
3,0,0,0,14,52,54,54,51,42,50,53,58,69,58,47,6,13,10,1,0,7,9,5
0,0,0,0,9,37,51,31,13,14,17,31,50,55,54,31,0,7,12,0,1,0,4,6
0,0,0,0,1,13,32,12,9,8,6,18,55,57,53,32,1,5,13,8,1,10,1,0
0,0,0,0,0,10,10,4,5,5,3,13,51,59,36,14,5,3,5,10,8,8,3,0
0,0,0,7,8,9,0,0,3,5,12,25,53,53,33,10,0,11,4,13,11,6,0,0
0,0,0,0,4,1,3,3,4,10,33,36,37,53,28,4,11,14,11,9,4,9,6,1
0,0,0,0,0,0,5,0,0,10,24,37,50,51,10,0,14,12,3,0,0,0,6,1
0,0,0,0,0,0,3,4,9,12,12,9,45,13,0,0,2,2,3,0,6,0,7,0
3,3,0,0,5,10,17,12,11,9,14,45,51,14,8,0,0,6,1,3,1,6,0,9
3,1,0,4,8,10,19,26,14,14,32,56,60,13,16,0,0,6,0,0,8,11,3,0
5,0,7,7,9,8,14,50,14,13,15,53,24,14,0,0,0,6,0,6,9,0,9,3

20,28,7,0,0,0,0,0,0,4,3,0,0,0,0,4,3,12,80,94,79,13,8,0
64,42,7,0,0,0,0,2,10,68,52,33,1,1,0,0,1,0,8,61,102,55,13,0
56,30,12,0,0,13,58,66,107,227,172,82,69,5,9,13,22,27,62,97,52,12,13,4
15,12,5,0,0,0,36,74,90,111,110,81,18,1,0,28,54,53,64,57,12,0,0,7
52,37,12,0,0,0,3,12,57,83,65,62,55,0,9,55,71,96,64,49,6,0,0,2
50,48,50,6,1,12,13,18,51,71,75,68,58,48,56,62,87,71,46,15,11,0,0,1
0,6,14,9,8,50,45,41,66,75,71,73,80,89,81,80,72,64,14,1,3,8,2,0
0,0,0,6,29,61,68,80,69,91,86,108,92,91,92,87,68,44,0,0,6,0,0,0
0,0,0,7,47,65,69,82,92,92,100,125,134,116,98,80,69,50,4,1,0,3,2,0
0,0,0,11,19,69,86,97,104,96,119,167,188,165,112,82,63,3,5,0,11,0,4,0
0,0,0,11,50,63,97,120,117,108,141,174,199,186,132,94,59,20,11,4,0,0,0,0
0,0,0,10,30,61,87,129,148,144,165,173,165,177,141,106,69,22,21,10,13,5,0,0
0,0,7,10,26,63,106,132,144,164,180,197,178,156,125,102,67,14,3,0,4,0,0,0
0,0,4,11,43,74,113,143,144,147,167,190,169,153,124,106,73,22,1,0,4,0,0,0
0,0,2,10,22,59,76,120,111,96,128,159,178,148,119,100,46,31,14,13,12,0,9,11
0,0,0,5,55,75,60,105,114,101,96,118,145,142,99,71,55,33,1,5,11,8,3,7
0,0,4,13,20,101,102,108,92,103,115,106,130,91,64,58,50,7,2,9,12,0,4,3
2,6,11,19,36,55,60,97,112,138,158,141,107,105,70,57,40,22,12,14,11,6,3,2
0,0,0,6,27,71,100,114,125,140,154,142,128,86,67,80,50,13,8,9,8,8,2,4
0,0,0,7,13,57,60,108,126,109,133,138,133,115,108,105,77,13,11,5,3,6,7,4
0,0,8,5,14,40,67,100,90,89,123,135,124,133,121,112,81,26,9,11,12,5,5,6
0,0,2,12,40,49,60,86,117,120,127,132,118,128,128,100,54,18,12,20,17,12,13,17
0,1,14,27,44,61,75,106,124,134,134,129,128,139,132,117,78,14,14,12,9,4,11,8
1,2,12,44,60,100,102,119,136,138,125,144,149,149,133,122,101,14,14,12,12,13,10,1
0,8,12,61,79,105,105,105,111,115,116,146,169,156,135,121,95,52,19,32,22,12,13,10
9,6,13,53,88,103,109,110,102,103,114,146,161,148,129,119,100,10,13,14,14,8,0,0
0,13,13,53,69,102,102,102,100,100,107,129,141,132,124,113,74,52,13,10,12,2,0,5
1,13,12,40,108,100,105,76,85,61,104,128,123,123,118,106,45,17,11,12,10,8,3,1
5,9,8,10,77,102,105,103,77,55,77,101,106,123,113,82,12,25,15,11,9,9,6,11
12,0,0,14,70,62,82,89,72,62,70,76,88,86,63,46,24,11,24,7,4,9,4,2
11,0,12,14,15,67,105,69,55,56,52,67,84,76,57,31,11,25,9,13,12,6,13,11
4,0,7,10,53,90,131,84,58,54,56,76,92,77,67,45,14,12,12,6,3,0,0,5
9,0,0,0,37,59,60,57,54,51,51,62,74,84,51,12,11,10,11,8,6,3,0,0
3,0,0,0,14,52,53,54,51,42,49,53,58,69,58,47,5,13,10,1,0,7,9,5
0,0,0,0,9,38,51,31,13,14,18,31,50,55,54,32,0,7,12,0,1,0,4,6
0,0,0,0,1,13,32,12,9,9,6,19,55,57,53,32,1,5,13,8,1,10,1,0
0,0,0,0,1,10,10,4,5,5,3,13,51,58,36,14,5,3,5,10,8,8,3,0
0,0,0,7,8,9,0,0,3,5,12,24,53,53,33,10,0,11,4,13,11,6,0,0
0,0,0,0,4,2,3,4,4,10,32,36,38,52,28,4,11,14,11,9,4,9,6,1
0,0,0,0,0,0,5,0,0,10,24,37,50,51,10,0,14,12,3,0,0,0,6,1
0,0,0,0,0,0,3,4,9,12,12,9,45,13,0,0,2,2,3,0,6,0,7,0
3,3,0,0,5,10,17,12,11,9,13,45,51,14,8,0,0,6,1,3,0,6,0,9
3,1,0,4,7,10,20,26,14,14,32,56,60,13,16,0,0,6,0,0,7,11,3,0
5,0,7,7,8,8,14,50,14,13,15,53,25,14,0,0,0,6,0,6,9,0,9,3

22,28,7,0,0,0,0,0,0,4,2,0,0,0,0,4,3,12,80,93,79,13,8,0
64,41,7,0,0,0,0,2,10,68,52,31,1,1,0,0,1,0,8,61,102,55,13,0
56,30,12,0,0,13,57,66,107,226,171,82,70,5,9,13,22,27,62,97,52,12,13,4
16,12,5,0,0,0,36,74,90,111,110,80,17,1,0,27,54,53,64,58,12,0,0,7
52,37,12,0,0,0,3,12,57,83,65,62,56,0,9,55,71,96,64,49,6,0,0,2
50,49,50,6,1,12,13,18,51,71,75,68,58,48,56,62,87,71,46,15,11,0,0,1
0,6,14,9,8,50,44,41,66,75,71,73,80,88,81,80,72,65,13,1,3,7,2,0
0,0,0,7,29,61,67,79,68,91,86,107,91,90,93,87,68,46,0,0,6,0,0,0
0,0,0,7,47,65,68,81,91,92,99,124,133,116,98,80,69,50,4,1,0,3,2,0
0,0,0,11,18,69,86,96,103,95,119,167,186,164,112,82,63,3,5,0,11,0,4,0
0,0,0,11,50,63,96,120,117,108,141,175,200,186,131,94,59,20,11,4,0,0,0,0
0,0,0,10,31,62,87,129,148,145,166,174,166,177,141,106,69,23,21,10,13,5,0,0
0,0,7,10,26,64,106,133,144,166,181,199,180,157,125,102,67,14,3,0,4,0,0,0
0,0,4,11,43,74,113,144,145,148,168,191,169,153,124,106,73,22,1,0,4,0,0,0
0,0,2,11,22,59,77,121,111,96,128,160,179,148,119,100,46,31,14,13,13,0,9,11
0,0,0,6,55,76,60,105,114,101,96,118,145,142,99,71,55,33,1,5,11,8,3,7
0,0,4,13,21,101,102,108,92,103,115,106,130,92,65,58,50,7,3,9,12,0,4,3
2,6,11,19,37,55,60,97,111,138,158,141,107,105,70,57,40,22,13,14,11,6,3,2
0,0,0,6,28,71,101,114,125,140,154,142,129,86,66,80,50,13,8,9,8,8,2,4
0,0,0,7,13,57,60,108,125,109,132,138,133,115,108,105,78,12,11,5,3,6,7,4
0,0,8,5,14,40,67,100,90,88,123,135,124,133,121,112,81,26,9,11,12,5,5,6
0,0,2,13,41,49,61,86,117,120,127,132,118,128,128,100,53,19,12,20,17,12,13,17
0,1,14,27,45,61,76,106,124,134,134,129,128,138,132,116,78,14,14,12,9,4,11,8
1,2,12,44,60,100,102,119,136,138,125,144,149,149,133,122,101,14,14,12,12,12,10,1
0,8,12,62,79,105,105,105,111,115,116,146,169,155,135,121,94,52,19,31,22,12,13,10
9,7,13,53,89,103,109,110,102,103,114,146,161,148,129,119,100,10,13,14,14,8,0,0
0,13,13,53,68,102,102,102,101,100,107,129,141,132,124,113,75,52,13,10,12,2,0,5
1,13,12,39,108,100,105,76,85,63,104,128,123,123,118,106,46,17,11,12,10,8,3,1
5,9,8,10,76,102,105,103,77,55,77,101,105,123,113,82,12,25,16,11,9,9,6,11
12,0,0,14,70,62,82,89,73,62,70,76,88,85,63,46,24,11,24,7,4,9,4,2
11,0,12,14,15,67,106,69,55,56,52,67,84,76,57,31,11,25,9,13,12,6,13,11
4,0,7,10,53,91,132,84,59,54,57,76,92,77,67,46,14,12,12,6,3,0,0,5
9,0,0,0,37,59,60,57,54,51,51,62,74,84,50,12,11,10,11,8,6,3,0,0
3,0,0,0,14,52,54,54,51,43,50,53,58,69,58,47,6,13,10,1,0,7,9,5
0,0,0,0,9,39,51,31,13,14,19,31,50,55,54,32,0,6,12,0,1,0,4,6
0,0,0,0,1,13,32,12,9,9,6,18,55,57,53,32,1,5,13,8,1,10,1,0
0,0,0,0,1,10,10,4,5,5,3,13,51,58,37,14,5,4,5,10,8,8,3,0
0,0,0,7,8,9,0,0,3,5,12,24,53,53,33,10,0,11,4,12,11,6,0,0
0,0,0,0,4,2,3,3,4,10,33,35,38,52,28,4,11,14,11,9,4,9,6,1
0,0,0,0,0,0,5,0,0,10,24,37,50,52,10,0,14,12,3,0,0,0,6,1
0,0,0,0,0,0,3,4,9,12,12,9,44,13,0,0,2,2,3,0,6,0,7,0
3,3,0,0,5,10,17,12,11,9,14,45,52,14,8,0,0,6,1,3,1,6,0,9
3,1,0,4,7,10,19,27,14,14,32,56,60,13,16,0,0,6,0,0,8,11,3,0
5,0,7,7,9,8,14,50,14,13,15,54,25,14,1,0,0,6,0,6,9,0,9,3

21,28,7,0,0,0,0,0,0,4,3,0,0,0,0,4,3,12,79,93,79,13,8,0
64,42,8,0,0,0,0,2,10,68,52,31,1,1,0,0,1,0,8,62,102,54,13,0
56,30,12,0,0,13,58,66,107,226,170,82,69,5,9,13,22,27,62,97,52,12,13,4
16,12,5,0,0,0,36,74,90,111,110,80,17,1,1,28,54,53,64,57,12,0,0,7
52,37,12,0,0,0,3,12,57,83,65,62,55,0,9,55,71,96,64,49,6,0,0,2
50,49,50,6,1,12,14,18,51,71,75,68,58,48,56,62,87,71,46,15,11,0,0,1
0,6,14,9,8,50,43,40,66,75,71,72,80,89,81,80,72,65,13,1,3,7,2,0
0,0,0,7,29,61,67,79,68,91,86,107,91,90,92,87,68,46,0,0,6,0,0,0
0,0,0,7,47,65,68,81,91,91,99,124,132,116,98,80,69,50,4,1,0,3,2,0
0,0,0,11,19,69,85,96,103,95,118,167,187,164,111,82,63,3,5,0,11,0,4,0
0,0,0,11,50,63,96,120,117,107,141,175,200,186,131,94,59,21,11,4,0,0,0,0
0,0,0,10,31,62,87,130,149,146,167,175,167,178,142,107,69,24,22,10,13,5,0,0
0,0,8,10,27,64,106,133,145,167,182,199,180,158,125,102,67,14,3,0,4,0,0,0
0,0,4,11,44,74,113,144,146,148,168,191,169,153,125,106,73,24,1,0,4,0,0,0
0,0,2,11,24,59,77,121,112,96,128,160,179,148,119,100,45,31,14,13,13,0,9,11
0,0,0,6,55,76,60,105,114,101,96,118,145,142,99,71,55,33,1,6,11,8,3,7
0,0,4,13,21,101,102,108,92,102,116,106,130,91,65,58,50,7,3,9,12,0,4,3
3,6,11,19,37,55,60,97,111,138,158,141,108,105,70,58,40,22,13,14,11,6,3,2
0,0,0,6,29,71,100,114,125,140,154,142,129,86,66,81,50,13,8,9,8,8,2,4
0,0,0,7,13,57,60,108,125,109,132,138,133,115,108,105,77,12,11,5,4,6,7,4
0,0,8,5,14,40,67,100,90,88,123,135,124,133,121,112,80,26,9,11,12,5,5,5
0,0,2,13,41,50,61,86,117,120,127,132,118,128,128,100,53,19,12,20,17,12,13,17
0,1,14,27,45,61,76,106,124,134,134,129,128,138,132,116,78,14,14,12,9,4,11,8
1,2,12,47,60,100,103,119,136,138,125,144,149,149,133,122,101,14,13,12,12,13,10,1
0,8,12,60,78,105,105,105,111,115,116,146,169,156,134,121,94,52,18,31,22,12,13,10
9,7,13,53,89,103,109,110,102,103,114,146,161,148,129,119,100,10,13,14,14,8,0,0
0,13,13,53,69,102,102,102,101,100,107,129,141,131,124,113,73,53,13,10,12,2,0,5
1,13,12,40,108,100,105,76,86,62,104,128,123,123,118,106,46,17,11,12,11,8,3,1
5,9,8,10,77,102,105,103,77,55,77,101,105,123,113,82,12,25,15,11,9,9,6,11
12,0,0,14,70,62,82,89,72,62,70,76,88,85,63,46,24,11,24,7,4,9,5,2
11,0,12,14,15,67,106,69,55,56,52,67,84,76,57,31,11,26,9,13,12,6,13,11
4,0,7,10,53,91,132,84,58,54,58,76,92,77,67,46,14,12,12,6,3,0,0,5
9,0,0,0,36,59,60,57,54,51,51,62,74,84,50,12,11,10,11,7,6,3,0,0
3,0,0,0,14,52,53,54,51,42,50,53,58,69,58,47,6,13,10,1,0,7,9,5
0,0,0,0,9,37,51,31,13,14,18,31,50,55,54,32,0,7,12,0,1,0,4,6
0,0,0,0,2,13,32,12,9,9,6,19,55,57,53,32,1,5,13,8,1,10,1,0
0,0,0,0,1,10,10,4,6,5,3,13,51,58,36,14,5,3,6,10,8,8,3,0
0,0,0,7,8,10,0,0,3,5,12,25,53,52,33,10,0,11,4,12,11,6,0,0
0,0,0,0,4,2,3,3,4,10,33,36,38,53,28,4,11,13,11,9,4,9,6,1
0,0,0,0,0,0,5,0,0,10,24,37,51,52,10,0,14,12,3,0,0,0,6,1
0,0,0,0,0,0,3,4,9,12,12,9,45,13,0,0,2,2,3,0,6,0,7,0
3,3,0,0,5,10,17,12,11,9,14,45,52,14,8,0,0,6,1,3,0,6,0,9
3,1,0,4,8,10,19,26,14,14,31,55,60,13,16,0,0,6,0,0,7,11,3,0
5,0,7,7,9,8,14,50,14,13,15,54,26,14,1,0,0,6,0,6,9,0,9,3

21,28,7,0,0,0,0,0,0,4,2,0,0,0,0,4,3,12,79,93,79,13,8,0
64,42,8,0,0,0,0,2,10,68,52,31,1,1,0,0,1,0,8,62,102,55,13,0
56,30,12,0,0,13,57,66,107,225,170,82,69,5,10,13,22,27,62,97,52,12,13,4
17,12,5,0,0,0,35,74,90,111,110,81,18,1,1,27,54,53,64,57,12,0,0,7
52,37,12,0,0,0,3,12,57,83,65,62,55,0,9,55,71,95,64,49,6,0,0,2
50,49,50,6,1,12,14,18,51,71,75,68,58,49,56,62,87,71,46,16,12,0,0,1
0,6,14,9,8,50,44,40,66,75,71,73,80,89,81,80,73,65,14,1,3,8,2,0
0,0,0,7,29,61,67,79,68,91,86,107,91,90,93,87,68,46,0,0,6,0,0,0
0,0,0,7,48,65,68,81,91,91,99,124,133,115,98,80,69,50,4,1,0,3,2,0
0,0,0,11,18,69,85,95,103,95,118,167,187,164,111,82,63,3,5,0,11,0,4,0
0,0,0,11,50,63,96,120,117,107,141,175,200,187,132,94,59,21,11,4,0,0,0,0
0,0,0,10,31,62,87,130,149,146,167,175,167,179,142,107,69,24,22,10,13,5,0,0
0,0,8,10,27,64,106,133,145,168,182,200,181,158,126,102,68,14,3,0,4,0,0,0
0,0,5,11,44,74,113,145,146,149,169,191,170,154,125,106,73,24,1,0,4,0,0,0
0,0,3,11,22,59,77,122,112,96,129,160,180,148,119,100,46,31,14,13,13,0,9,11
0,0,0,6,56,76,60,105,114,101,96,118,145,142,99,71,55,33,1,6,11,8,3,7
0,0,4,13,21,101,102,108,92,103,115,106,130,92,65,58,50,7,3,9,12,0,4,3
2,6,11,20,37,55,61,97,111,138,158,141,108,104,70,58,39,22,13,14,11,6,3,2
0,0,0,6,28,70,100,114,125,140,154,142,129,86,66,80,50,13,8,9,8,8,2,4
0,0,0,7,13,57,60,108,125,109,132,138,132,115,108,105,77,13,11,5,4,6,7,4
0,0,8,6,14,41,67,100,90,88,123,135,124,133,121,112,80,25,9,11,12,5,5,5
0,0,2,13,42,50,61,86,117,120,126,132,118,128,128,100,53,18,12,20,17,12,13,17
0,1,14,27,45,61,76,106,124,134,134,129,128,138,132,116,78,14,14,12,9,4,11,8
1,2,13,44,60,100,102,119,136,138,125,144,149,149,132,122,101,14,14,12,12,12,10,1
0,8,12,61,79,105,105,105,111,115,116,146,168,156,135,120,95,52,19,32,22,12,13,10
9,7,13,53,91,103,109,110,102,103,114,146,161,148,129,119,100,10,13,14,14,8,0,0
0,13,13,53,69,102,102,102,101,101,107,129,141,132,124,113,75,53,13,10,12,2,0,5
1,13,12,40,108,100,105,76,87,63,104,128,123,123,118,106,45,19,11,12,10,8,3,2
5,9,8,10,77,102,105,103,77,55,77,101,105,122,113,82,12,25,15,11,9,9,6,11
12,0,0,14,70,62,82,89,73,62,70,76,88,85,63,46,24,11,24,7,4,9,5,2
11,0,12,14,16,67,106,69,55,56,51,67,84,75,57,31,11,26,9,13,12,6,13,11
4,0,7,10,53,91,132,84,58,54,58,76,92,77,67,45,14,12,12,6,3,0,0,5
9,0,0,0,37,59,60,57,54,51,52,62,74,84,50,12,11,10,11,8,6,3,0,0
3,0,0,0,14,52,54,54,51,45,50,53,58,70,58,48,6,13,10,1,0,7,9,5
0,0,0,0,10,37,51,31,13,14,18,32,50,55,54,31,0,7,12,0,1,0,4,6
0,0,0,0,2,13,32,12,9,9,6,19,55,57,53,32,1,5,13,8,1,10,1,0
0,0,0,0,1,10,10,4,5,5,3,13,51,58,36,14,5,3,5,10,8,8,3,0
0,0,0,7,8,10,0,0,3,5,12,25,53,53,33,10,0,11,4,12,11,6,0,0
0,0,0,0,4,2,3,4,4,10,33,36,38,53,28,4,11,13,11,9,4,9,6,1
0,0,0,0,0,0,5,0,0,10,24,38,51,52,10,0,14,12,3,0,0,0,6,1
0,0,0,0,0,0,3,4,9,12,12,9,46,13,0,0,1,2,3,0,6,0,7,0
3,3,0,0,5,10,17,12,11,9,14,46,52,14,8,0,0,6,1,3,0,6,0,9
3,1,0,4,8,10,19,27,14,14,31,56,61,13,16,0,0,6,0,0,7,11,3,0
5,0,7,7,9,8,14,50,14,13,15,53,25,14,1,0,0,6,0,6,9,0,9,3

22,28,7,0,0,0,0,0,0,4,3,0,0,0,0,4,3,12,79,93,78,13,8,0
64,43,8,0,0,0,0,2,10,68,52,31,1,1,0,0,1,0,8,61,102,55,13,0
56,34,12,0,0,13,58,66,107,226,171,82,70,5,10,13,22,28,62,97,52,12,13,4
16,12,5,0,0,0,36,75,90,111,110,81,18,1,1,28,54,53,64,57,12,0,0,7
52,37,12,0,0,0,3,12,57,83,65,62,55,0,9,55,71,96,64,49,6,0,0,2
50,50,50,6,2,12,14,18,51,71,75,68,58,48,56,62,87,71,46,16,11,0,0,1
0,6,14,9,8,50,44,41,66,74,71,72,80,89,81,80,72,65,14,1,3,8,2,0
0,0,0,7,29,61,67,79,68,90,86,107,91,91,92,88,68,46,0,0,6,0,0,0
0,0,0,7,47,65,68,81,91,91,99,124,133,115,98,80,69,50,4,1,0,3,2,0
0,0,0,11,19,69,85,95,103,95,118,166,187,164,112,82,63,3,5,0,11,0,4,0
0,0,0,11,50,63,96,119,116,107,140,174,200,187,132,94,59,21,11,4,0,0,0,0
0,0,0,10,32,62,87,130,148,145,166,174,166,179,142,107,69,24,22,10,13,5,0,0
0,0,9,11,28,64,106,133,145,167,182,199,181,159,126,102,68,14,3,0,4,0,0,0
0,0,5,11,46,74,114,145,146,149,169,191,170,154,125,106,73,25,1,0,4,0,0,0
0,0,3,11,24,59,77,122,112,96,129,160,180,148,119,100,46,32,14,13,13,0,9,11
0,0,0,6,56,76,60,105,114,102,97,118,146,142,99,71,55,33,1,5,11,8,3,7
0,0,4,13,21,101,102,108,92,103,116,106,130,92,65,58,50,7,3,9,12,0,4,3
3,7,11,20,37,55,60,97,112,139,158,141,107,105,70,57,40,22,13,14,11,6,3,2
0,0,0,6,29,71,101,114,125,140,154,142,129,86,66,81,50,14,8,9,8,8,2,4
0,0,0,7,13,57,60,108,125,109,132,138,133,115,108,105,77,12,11,5,4,6,7,4
0,0,8,6,14,41,67,100,90,88,123,135,124,133,121,112,81,25,9,11,12,5,5,5
0,0,2,13,41,50,61,85,117,120,127,132,117,128,128,100,53,18,12,20,17,12,13,17
0,1,14,27,45,61,76,106,124,134,134,129,128,138,132,116,78,14,14,12,9,4,11,8
1,3,13,44,59,100,102,119,136,138,125,144,149,149,132,122,101,14,13,12,12,12,10,1
0,8,12,61,79,105,105,105,111,115,116,146,169,156,134,120,95,52,19,32,22,12,13,10
9,7,13,53,89,103,109,110,102,103,114,146,161,148,129,119,100,10,13,14,14,8,0,0
0,13,13,53,69,102,102,102,101,100,107,129,141,132,124,113,73,52,13,10,12,2,0,5
1,13,12,40,108,100,105,76,87,62,104,128,123,123,118,106,46,17,11,12,10,8,3,1
5,9,8,10,77,102,105,103,77,55,77,101,105,122,113,82,12,25,15,11,9,9,6,11
12,0,0,14,70,62,82,89,73,62,70,76,88,85,63,46,24,11,24,7,4,9,5,2
11,0,12,14,16,67,106,69,55,55,52,67,84,75,57,30,11,26,9,13,12,6,13,11
4,0,7,10,53,91,132,84,58,54,57,76,92,77,67,46,14,12,12,6,3,0,0,5
9,0,0,0,37,59,60,57,54,51,51,62,74,84,51,12,11,10,11,8,6,3,0,0
3,0,0,0,14,52,54,54,51,42,50,53,58,69,58,48,6,13,10,1,0,6,9,5
0,0,0,0,10,39,51,31,13,14,20,32,50,55,54,32,0,6,12,0,1,0,4,6
0,0,0,0,2,13,33,12,10,9,6,20,55,57,53,32,1,5,13,8,1,10,1,0
0,0,0,0,1,10,10,4,6,5,3,13,51,58,36,14,5,3,5,10,8,8,3,0
0,0,0,7,8,10,0,0,3,5,12,25,53,53,33,10,0,11,4,13,11,6,0,0
0,0,0,0,4,2,3,4,4,10,32,35,38,52,28,4,11,14,11,9,4,9,6,1
0,0,0,0,0,0,5,0,0,10,24,37,50,52,10,0,14,12,3,0,0,0,6,1
0,0,0,0,0,0,4,4,9,12,12,9,47,13,0,0,2,2,3,0,6,0,6,0
3,3,0,0,5,10,18,12,11,9,14,45,51,14,8,0,0,6,1,3,0,6,0,9
3,2,0,4,8,11,20,30,14,14,36,56,60,13,16,0,0,6,0,0,8,11,3,0
5,0,7,7,9,8,14,50,14,13,15,53,24,14,1,0,0,6,0,6,9,0,9,3

23,30,7,0,0,0,0,0,0,4,3,0,0,0,0,4,3,12,79,93,79,13,8,0
64,41,8,0,0,0,0,2,10,68,52,31,1,1,0,0,1,0,8,61,102,55,13,0
56,33,12,0,0,13,58,66,107,227,170,82,71,5,10,13,22,28,62,97,52,12,13,4
16,12,5,0,0,0,36,73,90,111,110,80,19,1,1,29,54,53,64,57,12,0,0,7
52,37,12,0,0,0,3,12,57,83,65,62,55,0,9,55,71,95,64,49,6,0,0,2
50,48,50,6,2,12,14,18,51,71,74,67,58,48,56,62,87,71,46,16,12,0,0,1
0,6,14,9,8,50,44,43,66,74,71,72,80,89,81,80,72,64,14,1,3,8,2,0
0,0,0,7,29,62,67,80,68,90,86,107,91,91,93,87,68,45,0,0,6,0,0,0
0,0,0,7,50,65,69,82,91,91,99,124,134,116,99,81,69,50,4,1,0,3,2,0
0,0,0,11,19,69,86,96,103,95,118,166,188,166,113,82,63,3,5,0,11,0,4,0
0,0,0,11,50,63,97,120,116,106,138,172,200,188,134,95,59,21,11,4,0,0,0,0
0,0,0,11,31,62,87,129,147,142,162,171,164,180,144,107,69,25,23,10,13,5,0,0
0,0,9,11,29,65,107,134,144,164,178,196,179,160,127,102,68,14,3,0,4,0,0,0
0,0,5,12,50,76,115,145,146,149,168,190,172,157,126,107,74,26,1,0,4,0,0,0
0,0,3,11,31,60,78,121,112,97,130,159,180,152,120,101,47,32,14,13,13,0,9,11
0,0,0,6,56,76,60,105,115,103,98,119,145,143,100,71,55,34,1,6,11,8,3,7
0,0,5,13,23,101,102,108,93,104,117,107,131,92,65,58,50,7,3,9,12,0,3,3
3,7,12,20,37,55,60,98,112,140,159,142,108,105,70,57,39,23,13,14,11,6,3,2
0,0,0,6,28,71,101,114,126,141,155,142,129,86,66,80,50,13,8,9,8,8,2,4
0,0,0,7,13,56,60,108,126,109,133,139,133,115,108,105,73,12,11,5,4,6,7,4
0,0,8,5,14,40,68,101,90,89,124,135,124,132,120,112,79,23,9,11,12,5,5,5
0,0,1,12,40,48,60,85,117,120,127,132,117,126,126,98,52,18,12,19,16,12,13,17
0,1,14,27,44,60,75,106,124,134,133,128,127,137,132,116,77,14,14,12,9,4,11,8
1,2,12,44,60,100,102,119,136,138,125,144,148,148,132,121,101,14,13,12,12,12,9,1
0,8,12,62,79,105,106,105,111,115,116,145,168,155,134,120,95,52,18,33,22,12,13,10
9,7,13,53,88,103,109,110,102,103,114,146,161,148,129,119,100,10,13,14,14,8,0,0
0,13,13,53,69,102,102,102,101,100,107,129,141,132,124,113,73,52,13,10,12,2,0,5
1,13,12,39,108,100,105,76,87,63,104,128,123,123,118,106,45,16,11,12,10,7,3,1
5,9,8,10,77,102,105,103,77,56,77,101,105,122,113,82,12,24,15,11,9,9,6,11
12,0,0,14,70,62,82,89,72,62,70,76,88,85,63,46,24,11,24,7,4,9,5,2
11,0,12,14,17,67,106,69,55,56,52,67,84,76,58,31,11,26,9,13,12,6,13,11
4,0,7,10,53,91,133,84,58,54,58,76,92,77,67,44,14,12,12,6,3,0,0,5
9,0,0,0,38,59,60,57,54,51,51,62,74,84,50,12,11,11,11,8,6,3,0,0
3,0,0,0,14,53,53,54,51,44,50,53,58,69,57,48,6,13,10,1,0,7,9,5
0,0,0,0,10,38,51,31,13,14,20,32,50,55,54,32,0,7,12,0,1,0,4,6
0,0,0,0,2,13,34,12,10,9,6,20,55,57,53,32,1,5,13,8,1,10,1,0
0,0,0,0,1,10,10,4,6,5,3,13,51,58,37,14,5,4,5,10,8,8,3,0
0,0,0,7,8,10,1,0,3,5,12,25,53,53,34,10,0,11,4,13,11,6,0,0
0,0,0,0,4,2,3,4,4,10,33,36,38,52,28,4,11,14,11,9,4,9,6,1
0,0,0,0,0,1,6,0,0,10,25,37,51,52,10,0,14,12,3,0,0,0,6,1
0,0,0,0,0,0,4,4,9,12,12,9,48,13,0,0,2,2,3,0,6,0,7,0
3,3,0,0,6,10,18,12,11,9,14,46,51,14,9,0,0,6,1,3,0,6,0,9
3,1,0,4,8,11,22,29,14,14,32,56,60,13,16,0,0,6,0,0,7,11,3,0
5,0,7,7,9,8,14,50,14,13,15,53,25,14,0,0,0,6,0,5,9,0,9,3

24,31,7,0,0,0,0,0,0,4,3,0,0,0,0,4,3,12,79,93,79,13,8,0
64,42,8,0,0,0,0,2,10,68,52,29,1,1,0,0,1,0,8,61,102,55,13,0
56,33,12,0,0,13,58,66,107,225,170,82,69,5,10,13,22,28,62,97,52,12,13,4
17,12,5,0,0,0,36,73,90,111,110,81,17,1,1,28,54,53,64,57,12,0,0,7
52,39,12,0,0,0,3,12,57,83,65,62,55,0,9,55,71,95,64,49,6,0,0,2
50,49,50,6,2,12,14,18,51,70,74,67,58,49,56,62,87,70,46,16,12,0,0,1
0,6,14,9,8,50,43,43,66,74,71,72,80,89,81,80,72,64,14,1,3,8,2,0
0,0,0,7,29,62,68,80,68,90,86,108,92,91,93,87,67,45,0,0,6,0,0,0
0,0,0,7,48,65,69,82,91,91,100,124,135,117,99,81,69,50,4,1,0,3,2,0
0,0,0,11,19,69,86,97,103,95,118,166,189,168,114,82,63,3,5,0,11,0,5,0
0,0,0,11,50,63,97,119,115,105,137,171,200,190,135,95,59,21,11,4,0,0,0,0
0,0,0,11,31,62,87,129,145,140,159,169,164,181,145,107,69,24,23,10,13,5,0,0
0,0,9,11,30,65,107,133,143,161,175,194,178,161,128,103,68,15,3,0,5,0,0,0
0,0,5,12,50,77,115,145,145,149,168,188,174,160,128,107,75,26,1,0,4,0,0,0
0,0,3,11,36,60,78,120,112,98,131,160,179,156,122,101,47,33,14,13,13,0,9,11
0,0,0,6,57,76,60,105,116,104,99,120,145,143,101,72,55,36,1,6,11,8,3,7
0,0,5,14,25,101,102,108,93,104,118,108,131,92,65,58,50,7,3,9,12,0,3,3
3,7,12,20,37,55,61,99,114,141,161,143,109,105,70,57,39,23,13,14,11,6,3,2
0,0,0,6,28,71,101,115,127,141,156,143,129,86,66,79,48,13,8,9,9,9,2,4
0,0,0,7,13,56,60,108,126,110,134,139,133,114,107,104,70,12,11,5,4,6,7,4
0,0,7,5,14,39,68,101,91,89,124,136,124,130,119,111,76,22,9,11,13,5,5,6
0,0,1,12,37,47,59,85,117,120,127,132,116,125,123,97,52,17,12,19,16,12,13,17
0,0,13,27,44,59,74,106,124,133,133,127,126,136,131,115,77,13,14,11,9,4,11,8
1,2,12,44,60,100,102,118,135,137,124,143,148,148,132,121,101,14,13,12,12,12,10,1
0,8,12,60,78,105,105,105,111,114,116,145,168,155,134,120,94,51,18,31,21,12,13,10
9,7,13,53,90,103,109,110,102,103,114,146,161,148,129,119,100,10,13,14,14,8,0,0
0,13,13,53,70,102,102,102,101,100,107,129,141,132,124,113,73,52,13,10,12,2,0,5
1,13,12,40,108,100,105,76,87,63,104,128,123,123,118,105,45,17,11,12,10,7,3,1
5,9,8,10,77,102,105,103,77,55,77,101,105,122,113,81,12,24,15,11,9,9,6,11
12,0,0,14,70,62,82,89,73,62,70,76,88,85,63,46,24,11,23,7,4,9,5,2
11,0,12,14,15,67,106,69,55,56,52,67,84,75,57,31,11,25,9,13,12,6,13,11
4,0,7,10,53,93,134,85,58,55,58,76,93,77,67,47,14,12,12,6,3,0,0,5
9,0,0,0,37,59,60,57,54,52,52,62,75,84,50,12,11,10,11,8,6,3,0,0
3,0,0,0,15,53,54,54,51,43,50,53,59,69,58,47,6,13,10,1,0,7,9,5
0,0,0,0,10,39,51,32,13,14,20,33,50,55,54,32,0,6,12,0,1,0,4,6
0,0,0,0,2,13,34,12,10,9,6,20,55,57,53,33,1,5,13,8,1,10,1,0
0,0,0,0,2,10,10,4,6,5,3,13,51,58,37,14,5,4,5,10,8,8,3,0
0,0,0,7,8,10,1,0,3,5,12,26,53,53,33,10,0,11,5,13,11,6,0,0
0,0,0,0,4,2,3,4,4,10,33,36,38,53,28,5,11,14,11,9,4,9,6,1
0,0,0,0,0,1,6,0,0,10,25,38,51,52,10,0,14,12,3,0,0,0,6,1
0,0,0,0,0,0,4,4,9,12,12,9,47,14,0,0,2,2,3,0,6,0,6,0
3,3,0,0,6,10,18,12,11,9,14,47,51,14,9,0,0,6,1,3,0,6,0,9
3,2,0,4,8,11,20,27,14,14,32,56,61,13,16,0,0,6,0,0,8,11,3,0
5,0,7,8,9,8,14,50,14,13,15,54,26,14,0,0,0,6,0,6,9,0,9,3

22,28,8,0,0,0,0,0,0,4,3,0,0,0,0,4,3,12,80,93,79,13,8,0
64,42,8,0,0,0,0,2,10,68,52,32,1,1,0,0,1,0,8,61,102,55,13,0
56,31,12,0,0,13,58,66,107,226,170,82,70,5,10,13,22,28,62,97,52,12,13,4
17,12,5,0,0,0,37,74,90,111,110,81,19,1,1,29,54,53,64,57,12,0,0,7
52,36,12,0,0,0,3,12,57,83,65,62,55,0,9,55,71,95,64,49,6,0,0,2
50,48,50,6,2,12,14,18,51,70,74,67,58,49,56,62,87,70,46,16,12,0,0,1
0,6,14,9,8,50,44,42,66,74,71,72,80,89,81,79,72,64,14,1,4,8,2,0
0,0,0,7,29,61,68,80,69,90,87,108,92,91,93,87,67,45,0,0,6,0,0,0
0,0,0,7,48,65,69,82,92,91,100,125,135,118,99,81,69,50,4,1,0,3,2,0
0,0,0,11,19,69,86,96,103,95,118,167,189,168,114,82,63,3,5,0,11,0,5,0
0,0,0,11,50,63,97,119,115,105,137,170,200,190,135,95,59,21,11,4,0,0,0,0
0,0,0,11,32,62,87,129,145,139,158,168,164,180,145,107,69,25,23,10,13,5,0,0
0,0,9,11,30,65,107,133,143,160,174,192,176,160,127,102,68,15,3,0,5,0,0,0
0,0,6,12,50,77,115,144,144,149,169,188,174,160,128,107,75,29,1,0,5,0,0,0
0,0,4,12,39,60,78,120,113,99,132,160,178,156,122,101,47,34,15,13,13,0,9,11
0,0,0,7,58,77,60,106,116,106,101,121,145,143,101,72,55,36,2,6,11,8,3,7
0,0,5,14,27,101,103,109,95,106,119,109,132,92,65,58,50,8,3,9,12,0,3,3
3,7,12,20,37,56,61,100,115,142,163,144,110,106,70,57,39,23,13,14,11,6,3,2
0,0,0,6,29,71,101,115,128,142,157,144,129,86,66,79,47,13,8,9,9,9,2,4
0,0,0,7,13,56,60,109,127,110,135,140,134,114,107,104,66,12,11,5,4,6,7,4
0,0,7,5,14,38,69,101,91,89,124,136,124,129,118,111,75,19,9,11,13,5,5,5
0,0,0,12,36,47,59,85,117,120,127,132,116,124,122,96,51,17,11,18,16,12,13,17
0,0,13,26,43,58,73,106,124,133,133,127,125,136,130,115,76,13,14,11,9,3,11,8
1,2,12,44,60,100,102,118,135,137,124,142,148,148,132,121,101,14,13,12,12,12,9,1
0,7,11,60,78,105,105,105,111,114,116,145,167,154,134,120,93,51,18,31,21,12,13,10
9,7,13,53,88,103,109,110,102,103,114,146,161,148,129,119,100,10,13,14,14,8,0,0
0,13,13,53,68,102,102,102,101,100,107,128,141,132,124,113,74,50,13,10,12,2,0,5
1,13,12,40,108,100,105,76,87,63,104,128,123,123,118,105,44,17,11,12,10,7,3,1
5,9,8,10,77,102,105,103,77,56,77,101,105,122,113,81,12,24,15,11,9,9,6,11
12,0,0,15,70,62,83,89,72,63,70,76,88,85,63,46,25,11,23,7,3,9,5,2
11,0,12,14,15,67,107,69,55,56,52,67,84,75,57,31,11,26,9,13,12,6,13,11
4,0,7,10,53,93,134,85,58,55,58,76,93,77,67,46,14,12,12,6,3,0,0,5
9,0,0,0,38,59,61,57,54,52,52,62,75,84,50,12,11,10,11,8,6,3,0,0
3,0,0,0,15,53,54,54,51,43,50,53,59,69,58,49,6,13,10,1,0,7,9,5
0,0,0,0,10,39,51,31,14,14,20,33,50,55,54,31,0,7,12,0,1,0,4,6
0,0,0,0,2,13,36,12,10,9,6,21,55,57,53,33,1,5,13,8,1,10,1,0
0,0,0,0,2,10,10,4,6,6,3,13,51,59,37,14,5,4,5,10,8,8,3,0
0,0,0,7,8,10,1,0,3,6,12,26,53,53,33,10,0,11,5,13,11,6,0,0
0,0,0,0,4,2,3,4,4,10,34,36,38,53,29,4,11,13,11,9,4,9,6,1
0,0,0,0,0,1,6,0,0,10,24,38,51,52,10,0,14,12,3,0,0,0,6,1
0,0,0,0,0,0,4,4,10,12,12,9,50,13,0,0,2,2,3,0,6,0,7,0
3,3,0,0,6,11,18,12,11,9,14,48,52,14,9,0,0,6,1,3,1,6,0,9
3,2,0,4,8,11,23,29,16,14,31,56,61,13,16,0,0,6,0,0,7,11,3,0
5,0,7,8,9,8,14,50,14,13,15,54,26,14,0,0,0,6,0,6,9,0,9,3

24,28,8,0,0,0,0,0,0,4,3,0,0,0,0,4,3,12,79,93,79,13,8,0
64,42,8,0,0,0,0,2,10,68,52,32,1,1,0,0,1,0,8,62,102,54,13,0
56,31,12,0,0,13,58,66,107,226,170,82,71,5,10,13,22,28,62,97,52,12,13,4
17,12,5,0,0,0,36,74,90,111,110,81,19,1,1,28,54,53,64,57,12,0,0,7
52,37,12,0,0,0,4,12,57,83,65,62,55,0,9,55,71,95,64,49,6,0,0,2
50,48,50,6,2,12,14,19,52,70,74,68,58,49,56,62,87,70,46,16,12,0,0,1
0,7,14,9,8,50,44,42,66,74,71,72,80,89,81,80,72,64,14,1,4,8,2,0
0,0,0,7,30,61,68,80,69,91,87,108,92,91,93,87,67,45,0,0,6,0,0,0
0,0,0,7,48,65,69,82,92,92,101,125,135,118,99,81,69,50,4,1,0,3,2,0
0,0,0,11,19,69,86,97,103,95,119,167,190,168,114,83,63,3,5,0,11,0,5,0
0,0,0,11,50,63,97,120,116,106,138,172,201,190,135,95,59,22,11,4,0,0,0,0
0,0,0,11,32,62,87,129,146,141,160,170,164,180,144,107,69,25,23,10,13,5,0,0
0,0,10,11,30,65,107,133,143,161,175,194,177,159,127,103,68,15,3,0,5,0,0,0
0,0,6,12,50,77,115,144,144,149,168,188,173,159,127,107,75,29,1,0,4,0,0,0
0,0,4,12,35,60,78,120,112,98,131,160,179,155,121,101,47,33,14,13,13,0,9,11
0,0,0,7,57,76,60,105,116,105,100,121,145,143,101,72,55,36,1,6,11,8,3,7
0,0,5,14,27,101,103,109,94,105,118,108,132,92,65,58,50,7,3,9,12,0,3,3
3,7,12,20,37,55,61,100,114,142,162,144,109,105,70,57,39,23,13,14,11,6,3,2
0,0,0,6,31,71,101,115,128,142,157,144,129,86,66,79,47,13,8,9,9,9,2,4
0,0,0,7,13,56,60,109,127,110,134,140,134,114,107,104,69,12,11,5,4,6,7,4
0,0,7,6,14,38,68,101,91,90,124,136,124,129,119,111,75,19,9,11,13,5,5,5
0,0,1,12,36,47,59,85,117,120,127,133,116,124,123,96,52,17,11,18,16,12,13,17
0,0,13,26,44,59,73,106,124,133,133,127,126,136,130,115,77,13,14,11,9,3,11,8
1,2,12,44,59,100,102,118,135,137,124,143,148,148,132,121,101,14,13,12,12,12,9,0
0,8,12,60,78,105,105,105,111,114,116,145,168,154,134,120,93,52,18,31,21,12,13,10
9,7,13,54,89,103,109,110,102,103,114,146,160,148,129,119,100,10,13,14,14,8,0,0
0,13,13,53,68,102,102,102,101,100,107,128,141,132,124,113,74,51,13,10,12,2,0,5
1,13,12,40,108,100,105,76,87,63,104,128,123,123,118,106,45,16,11,12,10,7,3,1
5,9,8,10,77,102,105,103,77,56,77,101,105,123,113,82,13,24,15,11,9,9,6,11
12,0,0,14,70,62,83,89,73,62,70,76,88,85,63,46,24,11,23,7,3,9,5,2
11,0,12,14,17,67,107,69,55,56,52,67,84,75,57,31,11,26,9,13,12,6,13,11
4,0,7,10,53,93,134,85,59,55,58,76,93,77,68,46,14,12,12,6,3,0,0,5
9,0,0,0,38,59,60,57,54,52,52,62,75,84,50,12,11,11,11,8,6,3,0,0
3,0,0,0,15,53,53,54,51,44,50,53,59,69,58,49,6,13,10,1,0,7,9,5
0,0,0,0,10,40,51,32,14,14,20,33,50,55,54,32,0,6,12,0,1,0,4,6
0,0,0,0,2,14,34,12,10,9,6,20,55,57,53,33,1,5,13,8,1,10,1,0
0,0,0,0,2,10,10,4,6,6,3,13,51,58,37,14,5,3,5,10,8,8,3,0
0,0,0,7,8,10,1,0,3,5,12,26,53,53,34,10,0,11,5,13,11,6,0,0
0,0,0,0,4,2,3,4,4,10,33,36,38,53,28,5,11,14,11,9,4,9,6,1
0,0,0,0,0,1,6,0,0,10,25,38,51,52,10,0,14,12,3,0,0,0,6,1
0,0,0,0,0,0,4,4,10,12,12,9,47,13,0,0,2,2,3,0,6,0,7,0
3,3,0,0,6,11,18,12,11,9,14,48,52,14,9,0,0,6,1,3,0,6,0,9
3,2,0,4,8,11,22,29,14,14,33,56,60,13,16,0,0,6,0,0,8,11,3,0
5,0,7,8,9,8,14,50,14,13,15,53,26,14,0,0,0,6,0,6,9,0,9,3

24,29,8,0,0,0,0,0,0,4,3,0,0,0,0,4,3,12,80,93,79,13,8,0
64,43,8,0,0,0,0,2,10,68,52,33,1,1,0,0,1,0,8,61,102,55,13,0
56,31,12,0,0,13,58,66,107,226,170,82,71,5,10,13,22,28,62,97,52,12,13,4
17,12,6,0,0,0,36,74,90,111,110,81,18,1,1,28,54,53,64,57,12,0,0,7
52,37,12,0,0,0,4,12,57,83,65,62,55,0,9,55,71,95,64,49,6,0,0,2
50,48,50,7,2,12,14,19,51,71,74,67,58,49,56,62,86,70,46,16,12,0,0,1
0,7,14,9,8,50,44,43,66,74,71,72,80,89,81,79,72,64,14,1,4,8,2,0
0,0,0,7,29,61,68,80,69,91,87,108,92,91,93,87,67,45,0,0,6,0,0,0
0,0,0,8,50,65,69,82,92,92,101,125,136,118,99,81,69,50,5,1,0,3,2,0
0,0,0,11,20,69,86,97,104,96,119,168,190,167,113,83,63,3,5,0,12,0,5,0
0,0,0,11,50,63,97,120,117,107,139,173,201,190,135,95,59,23,11,4,0,0,0,0
0,0,0,11,32,62,87,130,147,142,162,171,165,180,144,107,69,25,22,10,13,5,0,0
0,0,10,11,30,65,107,133,144,162,177,195,178,159,127,102,68,15,3,0,5,0,0,0
0,0,6,11,50,76,115,144,145,149,168,189,172,158,127,107,74,26,1,0,5,0,0,0
0,0,3,12,35,60,78,120,112,98,131,159,179,153,121,101,47,33,14,13,13,0,9,11
0,0,0,7,57,76,60,105,115,104,99,120,145,143,100,72,55,34,1,6,11,8,3,7
0,0,5,14,26,101,102,108,93,104,118,108,131,92,65,58,50,7,3,9,12,0,3,3
3,7,12,20,37,56,61,99,114,141,161,143,109,104,70,57,39,23,13,14,11,6,3,2
0,0,0,6,31,71,101,115,127,142,156,143,129,86,66,79,48,13,8,9,9,9,2,4
0,0,0,7,13,56,60,108,126,110,134,140,133,114,107,104,69,12,11,5,4,6,7,4
0,0,7,6,14,39,69,101,91,89,124,136,124,130,119,111,77,20,9,11,13,5,5,5
0,0,1,12,38,48,59,85,117,120,127,133,117,125,124,98,52,18,12,18,16,12,13,17
0,1,14,27,44,59,74,106,124,134,133,128,126,137,131,115,77,14,14,11,9,3,11,8
1,2,12,44,60,100,102,118,136,138,124,143,148,148,132,121,101,14,13,12,12,12,9,0
0,8,12,61,79,105,105,105,111,115,116,145,168,155,134,120,94,53,19,31,21,11,13,10
9,7,13,53,88,103,109,110,102,103,114,146,160,148,129,119,100,10,13,14,14,8,0,0
0,13,13,53,69,102,102,102,101,100,107,128,141,132,124,113,74,52,13,10,12,2,0,5
1,13,12,40,108,100,105,76,87,63,104,128,123,123,118,106,46,17,11,12,10,7,3,1
5,9,8,10,78,102,105,103,77,56,77,101,105,122,113,83,13,24,15,11,9,9,6,11
12,0,0,14,70,62,82,89,73,62,70,76,88,85,63,46,24,11,23,7,3,9,5,2
11,0,12,14,16,67,107,69,55,56,52,67,84,76,57,31,11,26,9,13,12,6,13,11
4,0,7,10,53,93,134,85,58,55,58,76,93,76,67,46,14,12,12,6,3,0,0,5
9,0,0,0,39,59,60,57,54,52,52,62,75,84,51,12,11,11,11,8,6,3,0,0
3,0,0,0,15,53,54,54,51,43,50,53,58,69,57,49,6,13,10,1,0,7,9,5
0,0,0,0,10,40,51,32,14,14,21,33,50,55,54,31,0,7,12,0,1,0,4,6
0,0,0,0,2,13,34,12,10,9,6,20,55,57,53,33,1,5,13,8,1,10,1,0
0,0,0,0,2,10,10,5,6,6,3,13,51,58,36,14,5,4,5,10,8,8,3,0
0,0,0,7,8,10,1,0,4,5,12,26,53,53,34,10,0,11,5,13,11,6,0,0
0,0,0,0,4,2,3,4,4,10,34,36,37,53,28,4,11,14,11,9,4,10,6,1
0,0,0,0,0,1,6,0,0,10,25,37,51,52,10,0,14,12,3,0,0,0,6,1
0,0,0,0,0,0,4,4,10,12,12,9,48,13,0,0,2,2,3,0,6,0,7,0
3,3,0,0,6,11,18,12,11,9,14,48,51,14,8,0,0,6,1,3,0,6,0,9
3,2,0,4,8,11,23,29,15,14,32,56,60,13,16,0,0,6,0,0,8,11,3,0
5,0,7,8,9,8,14,50,14,13,15,54,24,14,1,0,0,6,0,6,9,0,9,3

24,29,8,0,0,0,0,0,0,4,3,0,0,0,0,4,3,12,79,93,78,13,8,0
64,42,8,0,0,0,0,2,10,68,52,29,1,1,0,0,1,0,9,61,102,54,13,0
56,31,12,0,0,13,58,66,107,224,169,82,72,5,10,13,22,29,62,97,52,12,13,4
17,13,6,0,0,1,36,73,89,111,110,80,19,1,1,29,54,53,64,57,12,0,0,7
52,39,12,0,0,0,4,12,57,83,65,62,55,0,9,55,71,95,64,49,6,0,0,2
50,48,50,7,2,12,14,19,51,71,74,67,58,49,56,62,86,70,46,16,12,0,0,1
0,7,14,9,8,50,44,44,66,74,71,73,80,89,81,80,72,64,14,1,4,8,2,0
0,0,0,7,30,62,68,80,69,91,87,108,92,91,93,87,67,45,0,0,6,0,0,0
0,0,0,8,50,65,69,82,92,92,101,126,136,118,99,81,69,50,5,1,0,4,2,0
0,0,0,12,20,69,86,97,104,96,120,168,190,168,113,82,63,3,5,0,12,0,5,0
0,0,0,12,50,64,98,121,118,108,140,173,201,190,134,95,59,23,11,5,0,0,0,0
0,0,0,11,34,62,88,130,148,144,164,172,166,180,144,107,70,26,23,10,13,5,0,0
0,0,10,11,30,65,107,134,145,164,178,196,179,160,127,102,68,15,3,0,5,0,0,0
0,0,6,12,50,76,115,145,145,148,167,189,172,157,126,107,74,26,1,0,5,0,0,0
0,0,3,11,33,60,78,120,111,97,130,158,179,152,121,101,46,32,14,13,13,0,9,11
0,0,0,6,56,76,60,105,115,103,98,119,144,143,100,72,55,34,2,6,11,8,3,7
0,0,5,13,25,101,102,108,93,104,117,107,131,92,65,58,50,7,3,9,12,0,3,3
3,7,12,20,37,55,61,98,113,140,160,142,109,105,70,57,39,23,13,14,11,6,3,2
0,0,0,6,29,71,101,115,126,141,156,143,129,86,66,79,49,13,8,9,9,9,2,4
0,0,0,7,13,56,60,108,126,110,133,139,133,114,107,105,72,12,11,5,4,6,7,4
0,0,8,6,14,39,68,101,91,89,124,135,124,130,120,111,77,21,9,11,13,5,5,5
0,0,1,13,40,48,60,85,117,120,127,132,117,125,125,98,52,18,12,19,16,12,13,17
0,1,14,27,44,60,75,106,124,134,133,128,126,137,131,116,78,14,14,11,9,3,11,8
1,3,13,44,60,100,102,119,136,138,124,144,148,148,132,121,101,14,13,12,12,12,9,0
0,8,12,61,79,105,105,105,111,115,116,145,168,154,134,120,94,52,18,31,21,12,13,10
9,7,13,54,90,103,109,110,102,103,114,146,160,148,129,119,100,10,13,14,14,8,0,0
0,13,13,53,69,102,102,102,101,100,107,128,141,132,124,113,74,52,13,10,12,2,0,5
1,13,12,40,108,100,105,77,87,63,104,128,123,123,118,106,44,17,11,12,10,7,3,1
5,9,8,10,77,102,105,103,77,56,77,101,105,123,113,82,13,24,15,11,9,9,6,11
12,0,0,14,70,62,83,89,72,63,70,76,88,85,63,46,24,11,23,7,3,9,5,2
11,0,12,14,17,67,107,69,55,56,52,67,84,75,57,31,11,26,9,13,12,6,13,11
4,0,7,10,53,93,134,85,58,55,59,76,93,77,67,46,14,12,12,6,3,0,0,5
9,0,0,0,38,59,60,57,54,51,52,62,74,84,51,12,12,11,11,8,6,3,0,0
3,0,0,0,15,53,53,54,51,44,50,53,58,69,57,49,6,13,10,1,0,7,9,5
0,0,0,0,10,39,51,32,14,14,20,33,50,55,54,32,0,7,12,0,1,0,4,6
0,0,0,0,2,13,34,12,10,9,6,20,55,57,53,33,1,5,13,8,1,10,1,0
0,0,0,0,2,10,10,5,6,6,4,13,51,58,37,14,5,4,5,10,8,8,3,0
0,0,0,7,8,10,1,0,4,6,12,26,53,53,33,10,0,11,5,13,11,6,0,0
0,0,0,0,4,2,3,4,4,10,33,36,38,53,28,5,11,14,11,9,4,9,6,1
0,0,0,0,0,1,6,0,0,10,24,37,51,52,10,0,14,12,3,0,0,0,6,1
0,0,0,0,0,0,4,4,10,12,12,9,47,13,0,0,2,2,3,0,6,0,7,0
3,3,0,0,6,11,18,12,11,9,14,47,51,14,9,0,0,6,1,3,0,6,0,9
3,2,0,4,8,11,22,27,15,14,32,56,61,13,16,0,0,6,0,0,7,11,3,0
5,0,7,8,9,8,14,50,14,13,15,53,24,14,1,0,0,6,0,6,9,0,9,3

23,28,8,0,0,0,0,0,0,4,3,0,0,0,0,4,3,12,79,92,78,13,8,0
64,43,8,0,0,0,0,2,10,68,52,32,1,1,0,0,2,0,8,61,102,55,13,0
56,33,12,0,0,13,58,66,107,225,170,82,70,5,10,13,22,28,62,97,52,12,13,4
18,13,6,0,0,1,36,74,89,111,110,80,18,1,1,28,54,53,64,57,12,0,0,7
52,39,12,0,0,0,4,12,57,83,65,62,56,0,10,55,71,95,64,49,6,0,0,2
50,49,50,7,2,12,14,19,52,71,74,68,58,49,56,62,87,70,46,16,12,0,0,1
0,7,14,9,8,50,45,44,66,75,71,73,80,89,81,80,72,64,14,1,4,8,2,0
0,0,0,7,32,62,68,81,69,91,87,108,93,91,93,87,68,47,0,0,6,0,0,0
0,0,0,8,50,65,69,83,93,92,101,126,135,117,99,81,69,50,5,1,0,4,2,0
0,0,0,12,22,69,87,98,105,96,120,168,190,167,113,82,63,3,5,0,12,0,5,0
0,0,0,12,50,64,98,121,118,108,141,174,201,189,134,95,59,23,11,5,0,0,0,0
0,0,0,11,35,62,88,130,149,146,166,173,165,179,143,107,70,25,23,10,13,5,0,0
0,0,10,11,30,65,107,134,145,165,179,197,179,159,127,102,68,15,3,0,5,0,0,0
0,0,6,11,50,76,115,145,145,148,167,189,171,156,126,107,75,25,2,0,5,0,0,0
0,0,3,11,31,60,77,120,111,96,129,158,179,150,120,100,46,32,14,13,13,0,9,11
0,0,0,6,56,76,60,105,114,102,97,118,144,142,100,71,55,33,1,6,11,8,3,7
0,0,5,13,21,101,102,108,92,103,116,106,130,91,65,58,50,7,3,9,12,0,3,3
3,7,12,20,37,55,61,98,112,139,159,142,108,104,70,57,39,23,13,14,11,6,3,2
0,0,0,6,28,71,100,114,126,140,155,142,128,86,66,80,50,13,8,9,9,8,2,4
0,0,0,7,13,56,60,108,126,110,133,139,133,115,108,105,74,12,11,5,4,6,7,4
0,0,8,6,14,40,68,100,90,89,123,135,124,131,120,112,78,23,9,11,12,5,5,5
0,0,2,13,40,49,60,85,117,120,127,132,117,126,126,99,53,18,12,19,16,12,13,17
0,1,14,27,45,60,75,106,124,134,134,128,127,138,132,116,78,14,14,11,9,3,11,8
2,3,13,45,60,100,103,119,136,138,125,144,149,148,132,122,101,14,13,12,12,12,10,1
0,8,12,60,79,105,105,105,111,115,116,145,168,155,134,120,94,52,19,31,21,12,13,10
10,7,13,54,90,103,109,110,102,103,114,146,161,148,129,119,100,10,13,14,14,8,0,0
0,13,13,53,70,102,102,102,101,101,107,129,141,132,124,113,73,52,13,10,12,2,0,5
1,13,12,41,108,100,106,76,87,63,104,128,123,123,118,106,46,19,11,12,10,7,3,1
5,9,8,10,78,102,105,103,77,56,77,101,105,122,113,82,13,24,15,11,9,9,6,11
12,0,0,15,71,62,83,89,73,63,70,76,88,85,63,46,25,11,24,7,4,9,5,2
11,0,12,14,17,67,107,69,55,56,52,67,84,75,57,31,11,26,9,13,12,6,13,11
4,0,7,10,53,93,134,85,58,55,60,76,93,77,68,46,14,12,12,6,4,0,0,5
9,0,0,0,38,59,60,57,54,51,52,62,74,84,50,12,12,11,11,8,6,3,0,0
3,0,0,0,16,53,53,54,51,43,50,53,59,69,57,50,6,13,10,1,0,7,9,5
0,0,0,0,10,39,51,32,14,14,20,33,50,55,54,32,0,6,12,0,1,0,4,6
0,0,0,0,2,14,36,12,10,9,6,20,55,57,53,32,1,5,13,8,1,10,1,0
0,0,0,0,2,10,10,5,6,6,3,13,51,58,36,14,5,3,5,10,8,8,3,0
0,0,0,7,8,10,1,0,4,6,12,27,54,53,33,10,0,11,5,13,11,6,0,0
0,0,0,0,4,2,3,4,4,10,34,35,37,53,28,4,11,13,11,9,4,9,6,1
0,0,0,0,0,1,6,0,0,10,24,37,51,52,10,0,14,12,3,0,0,0,6,1
0,0,0,0,0,0,4,4,10,12,12,9,47,14,0,0,2,2,3,0,6,0,6,0
3,3,0,0,6,11,18,12,11,9,14,46,51,14,9,0,0,6,1,3,0,6,0,9
3,2,0,4,8,11,22,27,14,14,32,55,60,13,16,0,0,6,0,0,8,11,3,0
5,0,7,8,9,8,14,50,14,13,15,54,25,14,1,0,0,6,0,6,9,0,9,3

23,29,8,0,0,0,0,0,0,4,3,0,0,0,0,4,3,12,78,92,78,13,8,0
64,43,8,0,0,0,0,2,10,68,52,31,1,1,0,0,2,0,8,61,102,55,13,0
56,31,12,0,0,13,58,65,107,225,170,82,72,5,10,13,22,28,62,97,52,12,13,4
18,13,6,0,0,1,37,73,90,111,110,80,19,1,1,29,55,53,64,57,12,0,0,7
52,39,12,0,0,0,4,12,57,83,65,62,55,0,10,55,71,95,64,49,6,0,0,2
50,49,50,7,2,12,14,20,52,71,74,68,58,49,56,62,87,71,46,16,12,0,0,1
0,7,14,9,8,50,44,44,66,74,71,73,80,89,81,80,72,64,14,1,4,8,2,0
0,0,0,7,34,62,68,81,69,91,87,108,92,91,93,87,68,49,0,0,6,0,0,0
0,0,0,8,50,65,69,83,93,92,101,126,135,117,99,81,69,50,5,1,0,4,2,0
0,0,0,12,23,69,87,98,105,96,120,169,190,167,113,82,63,3,5,0,12,0,5,0
0,0,0,12,50,64,98,121,118,108,141,175,201,189,134,95,59,22,11,5,0,0,0,0
0,0,0,11,35,62,88,131,149,146,166,174,165,179,143,107,70,26,23,10,13,5,0,0
0,0,10,11,30,65,107,134,145,166,180,198,179,159,127,102,68,15,3,0,5,0,0,0
0,0,6,11,50,76,114,145,146,148,167,189,170,155,126,107,74,24,2,0,5,0,0,0
0,0,3,11,30,60,77,121,111,96,128,158,179,150,120,100,46,32,14,13,13,0,9,11
0,0,0,6,56,76,60,105,114,102,97,118,144,142,100,72,55,34,1,6,11,8,3,7
0,0,5,13,21,101,102,108,92,103,116,106,130,91,65,58,50,7,2,9,12,0,3,3
3,7,12,20,37,55,61,97,112,139,159,141,107,104,70,57,39,23,13,14,11,6,3,2
0,0,0,6,28,71,100,114,125,140,154,142,128,86,66,80,50,13,8,9,9,8,2,4
0,0,0,7,13,57,60,108,126,109,133,138,132,114,108,105,75,12,11,5,4,6,7,4
0,0,8,6,15,40,67,101,90,89,123,135,124,132,121,112,78,24,9,11,13,5,5,5
0,0,2,13,42,49,60,86,117,120,127,132,117,127,127,99,53,18,12,19,16,12,13,17
0,1,14,27,45,61,76,106,124,134,134,128,127,138,132,116,78,14,14,12,9,3,11,8
2,3,13,47,60,100,103,119,136,138,125,144,149,148,132,122,101,14,13,12,12,12,10,1
0,8,12,61,79,105,105,105,111,115,116,146,168,155,134,120,94,52,19,32,22,12,13,10
10,7,13,53,90,103,109,110,102,103,114,146,160,148,129,119,100,10,13,14,14,8,0,0
0,13,13,53,70,102,102,102,101,101,107,129,141,132,124,113,74,52,13,10,12,2,0,5
1,13,12,41,108,100,106,76,88,64,104,128,123,123,118,106,47,17,11,12,10,7,3,1
6,9,8,10,78,102,105,103,77,56,77,101,105,123,113,82,13,24,15,11,9,9,6,11
12,0,0,14,71,62,83,89,73,63,70,76,88,85,63,46,25,11,24,7,4,9,5,2
12,0,12,14,17,67,106,69,55,56,52,67,84,75,57,31,11,26,9,13,12,6,13,11
4,0,7,10,53,91,133,85,59,55,58,76,93,77,67,46,14,12,12,6,4,0,0,5
9,0,0,0,38,59,60,57,54,51,52,62,74,84,50,12,12,11,11,8,6,3,0,0
3,0,0,0,15,53,54,54,51,43,50,53,58,69,58,50,6,13,10,1,0,6,9,5
0,0,0,0,10,41,51,32,14,14,20,33,50,55,54,31,0,7,12,0,1,0,4,6
0,0,0,0,2,14,37,12,10,9,6,19,55,56,53,33,1,5,13,8,1,10,1,0
0,0,0,0,2,11,11,5,6,6,3,13,51,58,37,14,5,4,6,10,8,8,3,0
0,0,0,7,8,10,2,0,4,6,12,25,53,53,33,10,0,11,5,13,11,6,0,0
0,0,0,0,4,2,3,4,4,10,33,35,37,53,29,5,11,14,11,9,4,9,6,1
0,0,0,0,0,1,6,0,0,10,24,37,51,52,10,0,14,12,3,0,0,0,6,1
0,0,0,0,0,0,4,5,10,12,12,9,47,14,0,0,2,2,3,0,6,0,6,0
3,3,0,0,6,11,19,12,11,9,14,47,52,14,9,0,0,6,1,3,0,6,0,9
3,2,0,4,8,11,25,30,14,14,32,56,60,13,16,0,0,6,0,0,8,11,3,0
5,0,7,8,9,8,14,50,14,13,15,53,26,14,1,0,0,6,0,6,9,0,9,3

24,28,8,0,0,0,0,0,0,4,3,0,0,0,0,4,3,12,78,92,78,13,8,0
64,43,8,0,0,0,0,2,10,68,52,32,1,1,0,0,2,0,9,61,102,55,13,0
56,33,12,0,0,13,58,66,107,225,170,82,70,5,10,13,23,29,62,97,52,12,13,5
18,13,6,0,0,1,37,74,90,111,110,81,23,2,1,30,54,53,64,57,12,0,0,7
52,40,12,0,0,0,4,12,57,83,65,62,56,0,10,55,71,95,64,49,6,0,0,2
50,49,50,7,2,12,14,20,52,71,74,68,58,49,56,63,87,71,46,16,12,0,0,1
0,7,14,9,8,50,45,44,66,75,71,73,80,89,81,80,72,64,14,1,4,8,2,0
0,0,0,7,33,62,68,80,69,91,87,108,92,91,93,88,68,46,0,0,6,0,0,0
0,0,0,8,50,65,69,82,92,92,101,125,135,117,98,81,69,50,5,1,0,4,2,0
0,0,0,12,22,69,87,98,104,96,119,168,190,167,113,82,64,3,5,0,12,0,5,0
0,0,0,12,50,64,98,121,118,108,141,175,201,188,134,95,59,23,11,5,0,0,0,0
0,0,0,11,35,62,88,131,150,146,166,174,166,179,143,107,69,26,23,10,13,6,0,0
0,0,10,11,31,65,107,134,146,167,181,198,180,158,126,102,68,15,3,0,5,0,0,0
0,0,6,11,50,76,114,145,146,149,167,189,170,155,125,106,74,24,2,0,5,0,0,0
0,0,3,11,31,60,77,121,111,96,128,159,179,149,120,100,46,31,14,13,13,0,9,11
0,0,0,6,56,75,60,105,114,102,96,118,144,142,100,71,55,34,1,6,11,8,3,7
0,0,5,13,22,101,102,108,92,103,116,106,130,91,65,58,50,7,2,9,12,0,3,3
3,7,12,20,37,55,61,97,112,139,158,141,108,104,70,58,39,23,12,14,11,6,3,2
0,0,0,6,31,71,101,114,125,140,154,142,128,86,66,80,50,13,8,9,9,8,2,4
0,0,0,7,13,57,60,108,125,109,132,138,132,115,108,105,75,13,11,5,4,6,7,4
0,0,8,6,15,41,67,100,90,88,123,135,124,132,121,112,79,24,9,11,12,5,5,5
0,0,2,13,41,49,60,85,117,119,127,132,117,127,127,100,53,18,12,19,16,12,13,17
0,1,14,28,45,61,75,106,124,134,134,128,127,138,132,116,79,14,14,11,9,3,11,8
2,3,13,47,60,100,102,119,136,138,125,144,149,148,132,122,101,14,13,12,12,12,10,0
0,8,12,62,79,105,105,105,111,115,116,146,168,155,134,120,95,52,20,31,22,12,13,10
10,7,13,53,90,103,109,110,102,103,114,146,160,148,129,119,100,10,13,14,14,8,0,0
0,13,13,53,70,102,102,102,101,101,107,128,141,132,124,113,75,52,13,10,12,1,0,5
1,13,12,41,108,100,106,77,88,63,104,128,123,123,118,106,46,17,11,12,10,7,3,1
6,9,8,10,78,102,105,103,77,56,77,101,105,123,113,83,13,24,15,11,9,9,6,11
12,0,0,15,70,62,83,89,73,63,70,76,88,85,63,46,25,11,24,7,4,9,5,2
12,0,12,14,17,67,107,70,55,56,52,67,84,75,57,31,11,26,9,13,12,6,13,11
4,0,8,10,53,93,134,85,59,55,58,76,93,77,67,46,14,12,12,6,4,0,0,5
9,0,0,0,38,59,60,57,54,51,52,62,75,84,50,12,12,11,11,8,6,3,0,0
3,0,0,0,15,53,54,54,51,43,50,53,58,69,58,49,6,13,10,1,0,6,9,5
0,0,0,0,10,40,51,31,14,14,20,34,50,55,54,32,0,6,12,0,1,0,4,6
0,0,0,0,1,14,34,12,10,9,6,20,55,56,53,33,1,5,13,8,1,10,1,0
0,0,0,0,2,11,10,5,6,6,3,13,51,58,37,14,5,4,6,10,8,8,3,0
0,0,0,8,8,10,1,0,4,5,12,25,53,53,33,10,0,11,5,13,11,6,0,0
0,0,0,0,4,2,3,4,4,10,32,35,38,53,30,5,11,13,11,9,4,9,6,1
0,0,0,0,0,1,6,0,0,10,24,37,51,52,10,0,14,12,3,0,0,0,6,1
0,0,0,0,0,0,4,5,10,12,12,9,46,14,0,0,2,2,3,0,6,0,7,0
3,3,0,0,6,11,19,13,11,9,14,47,52,14,9,0,0,6,1,3,0,6,0,9
3,2,0,4,8,11,24,31,14,14,32,56,61,13,16,0,0,6,0,0,8,11,3,0
5,0,7,8,9,8,14,50,14,13,16,53,25,14,1,0,0,6,0,6,9,0,9,3

24,29,8,0,0,0,0,0,0,4,3,0,0,0,0,4,3,12,78,92,77,13,8,0
64,42,9,0,0,0,0,2,10,68,52,32,1,1,0,0,2,0,9,61,102,55,13,0
56,33,12,0,0,13,58,66,107,226,170,82,71,5,10,13,22,29,62,97,52,12,13,5
18,13,6,0,0,2,38,75,90,111,110,81,20,2,1,29,54,53,64,57,12,0,0,7
52,39,12,0,0,0,4,12,57,83,65,62,55,0,10,55,71,95,64,49,6,0,0,2
50,50,50,7,2,12,14,19,52,71,74,68,58,49,57,62,87,71,46,16,12,0,0,1
0,7,14,9,8,50,45,43,66,75,71,73,80,89,81,80,72,64,14,1,4,8,2,0
0,0,0,7,33,62,68,80,69,91,87,108,92,91,93,88,68,46,0,0,6,0,0,0
0,0,0,8,50,65,69,82,92,92,100,125,135,117,99,81,69,50,5,1,0,4,2,0
0,0,0,12,22,69,86,97,104,96,119,169,189,166,113,82,64,3,5,0,12,0,5,0
0,0,0,12,50,64,98,121,118,108,141,176,202,188,134,95,59,24,11,5,0,0,0,0
0,0,0,11,35,62,88,131,150,146,166,174,166,180,143,107,70,25,23,10,13,5,0,0
0,0,10,11,31,65,107,134,146,167,181,198,180,158,126,102,68,15,3,0,5,0,0,0
0,0,6,11,50,75,114,145,147,149,168,189,169,155,126,106,74,22,1,0,4,0,0,0
0,0,3,11,29,60,77,121,112,96,128,159,179,149,120,100,46,31,14,13,13,0,9,11
0,0,0,6,56,76,60,105,114,102,96,118,145,142,100,71,55,34,1,6,11,8,3,7
0,0,5,13,22,101,102,108,92,103,116,106,130,91,65,58,50,7,2,9,12,0,3,3
3,7,12,20,37,55,60,97,112,139,159,141,107,104,70,57,39,23,12,14,11,6,3,2
0,0,1,6,29,71,100,114,125,140,154,142,128,86,66,80,50,13,8,9,9,8,2,4
0,0,0,8,14,56,60,108,125,109,132,138,132,115,108,105,75,13,11,5,4,6,7,4
0,0,9,7,15,41,67,100,90,89,123,135,124,132,121,112,79,24,9,11,12,5,5,5
0,0,2,13,42,50,61,85,117,120,127,132,117,127,127,100,53,18,12,19,16,12,13,17
0,1,14,28,45,61,76,106,124,134,134,128,127,138,132,116,79,14,14,12,9,4,11,8
2,3,13,45,60,100,103,119,136,138,125,144,149,148,132,122,101,14,13,12,12,12,10,1
0,8,12,62,80,105,105,105,111,115,116,146,168,155,134,120,94,53,19,32,22,12,13,10
10,7,13,55,90,103,109,110,102,103,114,146,160,148,129,119,100,10,13,14,14,8,0,0
0,13,13,53,71,102,102,102,101,101,107,128,141,131,124,113,73,53,13,10,12,2,0,5
1,13,12,40,108,100,106,77,88,64,104,128,123,123,118,106,45,17,11,12,10,7,3,1
5,9,8,10,79,102,105,103,77,56,77,101,105,122,113,82,13,25,15,11,9,9,6,11
12,0,0,15,71,62,83,89,73,63,70,76,88,85,63,46,25,11,23,7,4,9,5,2
12,0,12,14,18,67,107,70,55,56,52,67,84,75,57,31,11,26,9,13,12,6,13,11
4,0,7,10,53,93,134,85,58,55,59,76,93,77,67,46,14,12,12,6,4,0,0,5
9,0,0,0,37,59,60,57,54,51,52,62,74,84,50,12,12,11,11,8,6,3,0,0
3,0,0,0,15,53,54,54,51,43,50,53,58,69,58,48,6,13,10,1,0,7,9,5
0,0,0,0,10,40,51,32,14,14,20,33,50,55,54,32,0,6,12,0,1,0,4,6
0,0,0,0,2,14,35,12,10,9,6,20,55,57,53,33,1,5,13,8,1,10,1,0
0,0,0,0,2,11,10,5,6,6,3,13,51,58,37,14,5,3,6,10,8,8,3,0
0,0,0,7,8,10,1,0,4,5,12,25,53,52,33,10,0,11,5,13,11,6,0,0
0,0,0,0,4,2,3,4,4,10,33,36,38,53,28,5,11,13,11,9,4,9,6,1
0,0,0,0,0,1,6,0,0,10,24,37,50,52,10,0,14,12,3,0,0,0,6,1
0,0,0,0,0,0,4,5,10,12,12,9,47,13,0,0,2,2,3,0,6,0,7,0
3,3,1,0,6,11,19,12,11,9,14,47,52,14,9,0,0,6,1,3,0,6,0,9
3,2,0,4,8,11,24,30,14,14,33,56,61,13,16,0,0,6,0,0,8,11,3,0
5,0,7,8,9,8,14,50,14,13,15,54,26,14,0,0,0,6,0,6,9,0,9,3

24,30,8,0,0,0,0,0,0,4,3,0,0,0,0,4,3,12,79,92,77,13,8,0
64,43,9,0,0,0,0,2,10,68,52,32,1,1,0,0,2,0,9,61,102,54,13,0
56,33,12,0,0,13,58,66,107,225,170,82,72,5,10,13,23,29,62,97,52,12,13,4
18,13,6,0,0,2,38,74,90,111,110,81,24,2,2,30,54,53,64,57,12,0,0,7
52,40,13,0,0,0,4,12,57,83,65,62,55,0,10,55,71,95,64,49,6,0,0,2
50,50,50,7,2,12,14,20,52,71,75,68,58,49,57,62,87,71,46,16,12,0,0,1
0,7,14,9,8,50,45,44,66,75,71,73,80,89,81,80,72,64,14,1,4,8,2,0
0,0,0,7,34,61,67,80,68,91,87,108,92,91,93,88,68,48,0,0,6,0,0,0
0,0,0,8,50,65,69,82,92,92,100,125,135,117,99,81,69,50,5,1,0,4,3,0
0,0,0,12,22,69,86,97,104,96,119,168,189,166,112,82,64,3,5,0,12,0,5,0
0,0,0,12,50,64,98,121,118,108,142,176,202,188,133,95,59,24,11,5,0,0,0,0
0,0,0,11,36,62,88,131,150,146,167,175,167,179,143,107,69,26,23,10,13,6,0,0
0,0,10,11,31,65,107,134,146,168,182,199,180,159,126,102,68,15,3,0,5,0,0,0
0,0,6,11,50,75,114,146,147,149,168,190,169,155,125,106,73,22,1,0,5,0,0,0
0,0,4,11,29,60,77,122,112,96,128,159,179,148,119,100,46,31,14,13,13,0,9,11
0,0,0,6,56,76,60,105,114,101,96,118,145,142,100,71,55,33,1,6,11,8,3,7
0,0,5,13,21,101,102,108,92,103,116,106,130,91,65,58,50,7,2,9,12,0,3,3
3,7,12,20,37,55,60,97,111,138,158,141,107,104,70,57,40,23,13,14,11,6,3,2
0,0,1,6,29,71,100,114,125,140,154,142,128,86,66,80,50,13,9,9,9,9,2,4
0,0,0,8,14,57,60,108,125,109,132,138,132,115,108,105,76,13,11,5,4,6,7,4
0,0,9,7,15,41,67,100,90,88,123,134,124,132,121,112,79,24,9,11,12,6,5,5
0,0,2,13,43,50,61,85,117,120,127,132,118,127,127,100,53,18,12,19,16,12,13,17
0,1,14,28,45,61,76,106,124,134,134,128,127,138,132,116,78,14,14,12,9,4,11,8
2,4,13,45,60,100,103,119,137,138,125,144,149,148,132,122,101,14,14,12,12,12,10,1
0,8,13,62,81,105,106,105,111,115,116,146,168,154,134,120,95,53,20,32,22,12,13,10
10,7,13,53,92,103,109,110,102,103,114,146,160,148,129,119,100,10,14,14,14,8,0,0
0,13,13,54,70,102,102,102,101,101,107,128,141,132,124,113,75,53,13,10,12,1,0,5
2,13,12,42,108,100,106,77,88,64,104,128,123,123,118,106,46,17,11,12,10,7,3,1
5,9,8,10,79,102,105,103,77,56,77,101,105,122,113,82,13,24,15,11,9,9,6,11
12,0,0,16,71,63,83,89,73,63,70,76,88,85,63,46,25,11,24,7,4,9,5,2
11,0,12,14,17,67,107,70,55,56,52,67,84,75,57,31,11,26,9,13,12,6,13,11
4,0,8,10,54,93,134,85,58,55,59,76,93,77,67,46,14,12,12,6,4,0,0,5
9,0,0,0,39,59,60,57,54,51,52,62,74,84,51,12,12,11,11,8,6,3,0,0
3,0,0,0,16,53,53,54,51,43,50,53,59,69,58,49,6,13,10,1,0,7,9,5
0,0,0,0,10,40,51,32,14,14,20,34,50,55,54,32,0,7,12,0,1,0,4,6
0,0,0,0,2,14,34,12,10,9,6,20,55,57,53,33,1,5,13,8,1,10,1,0
0,0,0,0,2,11,10,5,6,5,3,13,51,58,37,14,5,4,6,10,8,8,3,0
0,0,0,8,8,10,1,0,4,6,12,25,53,53,33,10,0,11,5,13,11,6,0,0
0,0,0,0,4,2,3,4,4,10,32,36,38,53,29,5,11,13,11,9,4,9,6,1
0,0,0,0,0,1,6,0,0,10,24,37,51,52,10,0,14,12,3,0,0,0,6,1
0,0,0,0,0,0,4,5,10,12,12,9,47,13,0,0,2,2,3,0,6,0,6,0
4,4,0,0,6,11,19,12,11,9,14,45,52,14,9,0,0,6,1,3,0,6,0,9
3,2,0,4,8,11,23,31,14,14,32,56,61,13,16,0,0,6,0,0,8,11,3,0
5,0,7,8,9,8,14,50,14,13,15,54,26,14,1,0,0,6,0,6,9,0,9,3

23,29,8,0,0,0,0,0,0,4,3,0,0,0,0,4,4,12,78,92,77,13,8,0
64,43,9,0,0,0,0,2,10,68,52,32,1,1,0,0,2,0,9,62,102,55,13,0
56,33,12,0,0,13,58,66,107,226,170,82,72,5,10,13,23,29,62,97,52,12,13,5
19,13,6,0,0,2,38,75,90,111,110,81,24,2,2,30,55,53,64,57,12,0,0,7
52,41,13,0,0,0,4,12,57,83,65,63,56,0,10,55,71,95,64,49,6,0,0,2
50,50,50,7,2,13,14,20,52,71,75,68,58,49,56,63,87,71,46,16,12,0,0,1
0,7,14,10,8,50,45,44,66,75,71,73,80,89,81,80,72,64,14,1,4,8,2,0
0,0,0,7,34,61,67,80,68,91,86,108,92,91,93,88,68,47,0,0,6,0,0,0
0,0,0,8,50,65,69,82,92,92,100,125,134,116,98,81,69,50,5,1,0,4,3,0
0,0,0,12,22,69,86,97,104,96,119,168,189,165,112,82,63,3,4,0,12,0,5,0
0,0,0,12,50,64,97,121,119,109,142,176,201,188,133,95,59,23,11,5,0,0,0,0
0,0,0,11,35,62,88,131,150,147,167,175,167,179,143,107,69,26,23,10,13,6,0,0
0,0,10,11,31,65,107,134,146,168,182,199,181,159,126,102,68,15,3,0,5,0,0,0
0,0,6,12,50,75,114,146,147,150,168,190,169,154,125,106,73,22,1,0,5,0,0,0
0,0,4,11,29,60,78,122,112,96,129,160,179,148,119,100,46,31,14,13,13,0,9,11
0,0,0,6,56,76,60,105,114,102,96,118,145,142,100,71,55,34,1,6,11,8,3,7
0,0,5,13,22,101,102,108,92,103,116,106,130,91,65,58,50,7,2,9,12,0,3,3
3,7,12,20,37,55,60,97,112,139,158,141,108,104,70,58,39,23,13,14,11,6,3,2
0,0,1,6,28,71,101,114,125,140,154,142,128,86,67,80,50,13,9,9,9,8,2,4
0,0,0,8,14,57,60,108,125,109,132,138,132,115,108,105,76,13,11,5,4,6,7,4
0,0,9,7,16,41,67,100,90,88,123,134,124,132,121,112,80,24,9,11,13,5,5,5
0,0,2,13,43,50,61,86,117,120,127,132,117,127,128,100,53,19,12,19,16,12,13,17
0,2,14,28,45,61,76,106,124,134,134,128,127,138,132,116,78,14,14,12,9,4,11,8
2,4,13,47,60,100,103,119,137,139,125,144,149,148,132,122,101,14,13,12,12,12,10,1
0,8,13,61,80,105,105,105,111,115,116,146,168,155,134,120,94,53,20,32,22,12,13,10
10,7,14,55,91,103,109,110,102,103,114,146,160,148,129,119,100,10,13,14,14,8,0,0
0,13,13,53,70,102,102,102,101,101,107,128,141,131,124,113,74,52,13,10,12,1,0,5
2,14,12,42,108,100,106,77,88,64,104,128,123,123,118,106,46,19,11,12,10,7,3,1
5,9,8,10,78,102,105,103,77,56,77,101,105,122,113,82,13,24,15,11,9,9,6,11
12,0,0,16,71,63,83,89,73,63,70,76,88,85,63,46,25,11,23,7,4,9,5,2
12,0,12,14,17,67,107,70,55,56,52,67,84,75,57,31,11,26,9,13,12,6,13,11
4,0,7,10,53,93,134,85,58,55,59,76,92,77,67,46,14,12,12,6,4,0,0,5
9,0,0,0,39,59,60,57,54,52,52,62,74,84,50,12,12,11,11,8,6,3,0,0
3,0,0,0,15,53,53,54,51,44,50,53,58,69,58,49,6,13,10,1,0,7,9,5
0,0,0,0,10,40,51,32,14,14,20,33,50,55,54,31,0,6,12,0,1,0,4,6
0,0,0,0,2,14,35,12,10,9,6,20,55,56,53,33,1,5,13,8,1,10,1,0
0,0,0,0,2,11,10,5,6,6,3,13,51,58,36,14,5,4,6,10,8,8,3,0
0,0,0,8,8,10,1,0,4,5,12,25,53,52,33,10,0,11,5,13,11,6,0,0
0,0,0,0,4,2,3,4,4,10,33,35,37,53,29,5,11,13,11,9,4,9,6,1
0,0,0,0,0,1,6,0,0,10,24,37,50,52,10,0,14,12,3,0,0,0,6,1
0,0,0,0,0,0,4,5,10,12,12,9,48,13,0,0,2,2,3,0,6,0,7,0
4,4,1,0,6,11,19,13,11,9,14,46,52,14,9,0,0,6,1,3,0,6,0,9
3,2,0,4,8,11,24,29,15,14,33,56,61,13,16,0,0,6,0,0,8,11,3,0
5,0,7,8,9,8,14,50,14,13,16,54,25,14,1,0,0,6,0,6,9,0,9,3

24,30,8,0,0,0,0,0,0,4,3,0,0,0,0,4,4,12,79,92,77,13,8,0
64,43,9,0,0,0,0,2,11,68,52,32,1,1,0,0,2,0,9,62,102,54,13,0
56,33,12,0,0,13,58,66,107,226,170,82,72,5,10,13,23,28,62,97,52,12,13,4
19,13,6,0,0,2,38,74,90,111,110,80,23,2,2,30,55,53,64,57,12,0,0,7
53,40,13,0,0,0,5,12,57,83,65,62,55,0,10,55,71,95,64,49,6,0,0,2
50,50,50,7,2,13,14,20,52,71,75,68,58,49,56,63,87,71,47,16,12,0,0,1
0,7,14,10,8,50,45,44,66,75,71,73,80,89,81,80,72,65,14,1,4,8,2,0
0,0,0,7,35,62,68,80,68,91,86,108,92,91,93,88,68,47,0,0,6,0,0,0
0,0,0,8,50,65,69,82,92,92,100,125,134,117,98,81,69,50,5,1,0,4,3,0
0,0,0,12,23,69,86,97,104,96,119,168,188,165,112,82,64,3,4,0,12,0,5,0
0,0,0,12,50,64,98,121,118,108,141,175,201,188,133,95,59,23,11,5,0,0,0,0
0,0,0,11,35,62,88,131,149,146,166,174,165,179,144,107,70,26,23,10,13,6,0,0
0,0,11,11,31,65,107,134,146,168,181,198,180,160,127,102,68,15,3,0,5,0,0,0
0,0,7,12,50,76,114,146,147,150,169,190,171,156,126,106,74,24,1,0,5,0,0,0
0,0,4,11,30,60,78,122,112,97,129,160,179,149,120,100,46,32,14,13,13,0,9,11
0,0,0,6,56,76,60,105,115,102,97,118,145,142,100,71,55,34,1,6,11,8,3,7
0,0,6,14,22,101,102,108,92,103,116,106,130,91,65,58,50,7,2,9,12,0,3,3
3,7,12,20,37,55,61,97,112,139,159,141,107,104,70,57,39,23,13,14,11,6,3,2
0,0,1,6,29,71,101,114,125,140,154,142,128,86,66,80,50,13,9,9,9,9,2,4
0,0,0,8,14,57,60,108,125,109,132,138,132,115,108,105,75,12,11,5,4,6,7,4
0,0,9,7,15,41,68,100,90,88,123,134,124,132,120,112,80,22,9,11,13,5,5,5
0,0,2,13,42,50,60,85,117,120,127,132,117,127,126,99,53,18,12,19,16,12,13,17
0,1,14,28,45,61,76,106,124,134,134,128,127,138,132,116,79,14,14,11,9,3,11,8
2,4,13,47,60,100,103,119,136,138,125,144,149,148,132,121,101,14,13,12,12,12,10,0
0,8,12,62,80,105,105,105,111,115,116,145,168,154,134,120,94,53,20,32,21,12,13,10
10,7,13,54,90,103,109,110,102,103,114,146,160,148,129,119,101,10,13,14,14,8,0,0
0,13,13,53,70,102,102,102,101,101,107,128,141,131,124,113,74,53,13,10,12,1,0,5
2,13,12,41,108,100,106,77,88,64,104,128,123,123,118,106,46,20,11,12,10,7,3,1
6,9,8,10,79,102,105,103,77,56,77,101,105,122,113,82,13,24,15,11,9,9,6,11
12,0,0,17,71,63,83,89,73,63,70,76,88,85,63,46,25,11,24,7,4,9,5,2
12,0,12,14,18,67,107,70,55,56,52,67,84,75,57,31,11,26,9,13,12,6,13,11
4,0,8,10,53,93,135,85,58,55,59,76,93,77,68,46,14,12,12,6,4,0,0,5
9,0,0,0,39,59,60,57,54,51,52,62,74,84,50,12,12,11,11,8,6,3,0,0
3,0,0,0,16,53,53,54,51,44,50,53,59,69,57,50,6,13,10,1,0,7,9,5
0,0,0,0,10,40,51,32,14,14,21,34,50,55,54,32,0,6,12,0,1,0,4,6
0,0,0,0,2,15,35,12,10,9,6,21,55,56,53,33,1,5,13,8,1,10,1,0
0,0,0,0,2,11,11,5,6,6,3,13,51,58,37,14,5,4,6,10,8,8,3,0
0,0,0,8,8,10,2,0,4,6,12,26,54,53,33,10,0,11,5,13,11,6,0,0
0,0,0,0,4,2,3,5,4,10,33,36,38,53,30,5,12,13,11,9,4,9,6,1
0,0,0,0,0,1,6,0,0,10,24,38,51,52,10,0,14,12,3,0,0,0,6,1
0,0,0,0,0,0,5,5,10,12,12,9,47,13,0,0,2,2,3,0,6,0,7,0
3,3,1,0,6,11,19,13,11,9,14,46,52,14,9,0,0,6,1,3,0,6,0,9
3,2,0,5,8,11,25,31,15,14,33,56,61,13,16,0,0,6,0,0,8,11,3,0
5,0,7,8,9,8,14,50,14,13,16,54,25,14,1,0,0,6,0,6,9,0,9,3

26,30,8,0,0,0,0,0,0,4,3,0,0,0,0,4,4,12,78,92,77,13,8,0
64,45,9,0,0,0,0,2,11,68,52,35,2,1,0,0,2,0,8,61,102,55,13,0
56,33,12,0,0,13,59,67,107,231,172,82,72,5,10,13,23,28,62,97,52,12,13,5
18,13,6,0,0,2,40,75,90,111,110,81,25,2,2,30,54,53,64,57,12,0,0,7
52,40,13,0,0,0,5,12,58,83,65,62,56,0,10,55,71,95,64,49,6,0,0,2
50,49,50,7,2,13,14,20,52,71,74,68,58,49,56,62,87,71,46,17,12,0,0,1
0,7,14,9,8,50,45,44,66,74,71,73,80,89,81,80,72,64,14,1,4,8,2,0
0,0,0,7,34,62,68,80,68,90,86,107,92,91,93,87,68,46,0,0,6,0,0,0
0,0,0,8,50,65,69,82,92,91,100,124,134,116,98,81,69,50,5,1,0,4,3,0
0,0,0,12,22,69,86,97,104,95,118,166,188,165,112,82,63,3,4,0,12,0,5,0
0,0,0,12,50,64,97,120,117,107,139,172,199,188,134,95,59,21,11,5,0,0,0,0
0,0,0,11,37,62,87,130,148,144,164,171,164,179,143,107,70,26,23,10,13,6,0,0
0,0,11,11,32,65,107,134,145,165,179,196,179,159,127,103,68,15,3,0,5,0,0,0
0,0,7,12,50,77,115,146,146,150,169,190,172,157,127,107,74,26,1,0,5,0,0,0
0,0,4,12,35,60,78,121,112,98,131,160,179,152,121,101,47,33,14,13,13,0,9,11
0,0,0,7,57,76,60,105,115,104,98,119,145,143,100,72,55,35,1,6,11,8,3,7
0,0,6,14,25,101,102,108,93,104,117,107,131,92,65,58,50,7,3,9,12,0,3,3
3,7,12,20,37,55,61,99,113,140,161,142,108,104,70,57,39,23,13,14,11,6,3,2
0,0,1,6,31,71,101,115,126,141,155,143,129,86,66,80,50,13,9,9,9,9,2,4
0,0,0,7,14,56,60,108,126,110,133,139,133,114,107,105,73,12,11,5,4,6,7,4
0,0,8,7,14,40,68,101,91,89,124,135,124,131,120,111,78,22,9,11,13,5,5,5
0,0,2,13,40,48,60,85,117,120,127,132,117,126,125,98,53,18,12,19,16,12,13,17
0,1,14,27,45,60,75,106,124,134,134,128,126,137,131,116,78,14,14,11,9,4,11,8
2,3,13,45,60,100,103,119,136,138,124,143,148,148,132,121,101,14,13,12,12,12,10,0
0,8,12,62,79,105,106,105,111,115,116,145,167,154,134,120,95,53,20,32,21,11,13,10
10,7,13,53,89,103,109,110,102,103,114,146,160,148,129,119,100,10,13,14,14,8,0,0
0,13,13,54,70,102,102,102,101,101,107,128,141,132,124,113,74,51,13,10,12,2,0,5
2,14,12,41,108,100,106,77,88,63,104,128,123,123,118,106,46,19,11,12,10,7,3,1
6,9,8,10,79,102,105,103,77,56,77,101,105,122,113,81,13,24,15,11,9,9,6,11
12,0,0,16,71,63,83,89,73,63,70,76,88,85,63,46,25,11,23,7,4,9,5,2
12,0,12,14,18,67,108,70,55,56,52,67,84,76,57,31,11,26,9,13,12,6,13,11
4,0,8,10,53,94,135,85,58,55,59,76,93,77,67,47,14,12,12,6,4,0,0,5
9,0,0,0,38,59,60,57,54,52,52,62,75,84,50,12,12,11,11,8,6,3,0,0
3,0,0,0,17,53,54,54,51,45,50,53,59,69,58,50,6,13,10,1,0,7,9,5
0,0,0,0,10,40,51,32,14,14,21,35,50,55,54,32,0,7,12,0,1,0,4,6
0,0,0,0,2,14,36,12,10,9,6,21,55,57,53,33,2,5,13,8,1,10,1,0
0,0,0,0,2,11,11,5,6,6,4,13,51,58,37,14,5,4,6,10,8,8,3,0
0,0,0,8,8,10,2,0,4,6,12,27,53,53,33,10,0,11,5,13,11,6,0,0
0,0,0,0,4,2,3,5,4,10,33,36,38,53,30,5,11,14,11,9,4,10,6,1
0,0,0,0,0,1,6,0,0,10,24,37,51,52,10,0,14,12,3,0,0,0,6,1
0,0,0,0,0,0,5,5,10,12,12,9,50,13,0,0,2,3,3,0,6,0,7,0
3,3,1,0,7,11,19,12,11,9,14,47,52,14,9,0,0,6,1,3,0,6,0,9
3,2,0,5,8,11,25,30,15,14,32,56,61,13,16,0,0,6,0,0,8,11,3,0
5,0,7,8,9,8,14,50,14,13,16,54,26,14,1,0,0,6,0,6,9,0,9,3

27,30,8,0,0,0,0,0,0,4,3,0,0,0,0,5,4,12,79,92,78,13,8,0
64,43,9,0,0,0,0,2,11,68,52,33,2,1,0,0,2,0,8,62,101,54,13,0
56,33,12,0,0,13,60,67,107,230,172,82,73,5,10,13,23,29,62,97,52,12,13,5
19,13,6,0,0,2,40,74,90,111,110,81,26,2,2,31,55,52,64,57,12,0,0,7
52,40,13,0,0,0,5,12,57,83,65,62,55,0,10,55,71,94,64,49,6,0,0,2
50,49,50,7,2,13,14,20,52,71,74,68,58,50,56,62,86,70,46,16,12,0,0,1
0,7,14,10,8,50,44,45,66,74,71,73,80,89,81,80,72,64,14,1,4,8,2,0
0,0,0,7,33,62,68,80,68,90,86,108,92,91,93,87,68,46,0,0,6,0,0,0
0,0,0,8,50,65,69,82,92,91,100,125,134,117,98,81,69,50,5,1,0,4,3,0
0,0,0,12,21,69,86,97,104,95,118,166,188,167,113,82,63,3,4,0,12,0,5,0
0,0,0,12,50,64,97,120,117,107,139,172,200,188,134,95,59,21,11,5,0,0,0,0
0,0,0,11,35,62,87,130,147,143,162,171,164,179,144,107,69,25,23,10,13,6,0,0
0,0,11,11,32,65,107,134,145,164,178,195,178,159,127,103,68,15,3,0,5,0,0,0
0,0,7,12,50,77,115,145,146,150,169,189,172,158,127,107,74,27,1,0,5,0,0,0
0,0,4,12,36,60,78,121,113,98,132,160,178,154,121,101,47,33,14,13,13,0,9,11
0,0,0,7,57,76,60,106,116,105,99,120,145,143,101,72,55,35,1,6,11,8,3,7
0,0,6,14,27,101,103,109,94,105,118,108,132,92,65,58,50,7,3,9,12,0,3,3
3,7,12,21,37,56,61,100,114,142,162,143,109,105,70,57,39,23,13,14,11,6,3,2
0,0,1,6,31,72,101,115,127,142,156,143,129,86,66,80,48,13,9,9,9,9,2,4
0,0,0,8,14,56,60,108,126,110,134,140,133,114,107,104,69,12,11,5,4,6,7,4
0,0,8,6,14,39,69,101,91,89,124,136,124,130,119,111,76,21,9,11,13,6,5,5
0,0,1,12,38,48,59,85,117,120,127,132,116,124,123,97,52,18,12,18,16,12,13,17
0,1,14,27,44,59,74,106,124,134,133,128,126,136,131,115,78,14,14,11,9,3,11,8
2,3,13,44,60,100,102,118,136,138,124,143,148,148,132,121,101,14,13,12,12,12,10,0
0,8,12,60,80,105,105,105,111,115,116,145,167,154,134,120,94,52,19,31,21,12,13,10
10,7,13,54,89,103,109,110,102,103,114,146,160,148,129,119,100,10,13,14,14,8,0,0
0,13,13,54,70,102,102,102,101,101,107,128,141,132,124,113,74,51,13,10,12,1,0,5
1,13,12,41,108,100,106,77,88,63,104,128,123,123,118,106,46,17,11,12,10,7,3,1
6,9,8,10,79,102,105,103,78,56,77,101,105,123,113,82,13,24,15,11,9,9,6,11
12,0,0,16,71,63,83,89,73,63,70,76,88,85,63,46,25,11,23,7,4,9,5,2
12,0,12,14,18,67,108,70,55,56,52,67,84,75,57,31,11,26,9,13,12,6,12,11
4,0,8,10,53,94,135,85,58,55,60,76,93,77,68,46,14,12,12,6,4,0,0,5
9,0,0,0,40,59,60,57,54,52,52,62,75,84,51,12,12,11,11,8,6,3,0,0
3,0,0,0,17,53,54,54,51,45,50,53,59,69,58,50,6,13,10,1,0,6,9,5
0,0,0,0,10,41,51,32,14,14,22,35,50,55,55,32,0,7,12,0,1,0,4,6
0,0,0,0,2,15,37,12,10,9,7,21,55,57,53,33,2,5,13,8,1,10,1,0
0,0,0,0,2,11,11,5,6,6,4,13,51,58,37,14,5,4,6,10,8,8,3,0
0,0,0,8,8,10,2,0,4,6,12,27,53,53,34,10,0,11,5,13,11,6,0,0
0,0,0,0,4,2,3,5,5,10,34,36,38,53,30,5,11,14,11,9,4,10,6,1
0,0,0,0,0,1,6,0,0,10,24,37,51,52,10,0,14,12,3,0,0,0,6,1
0,0,0,0,0,1,5,5,10,12,12,9,50,14,0,0,2,2,3,0,6,0,7,0
3,4,1,0,7,11,19,13,11,9,14,47,52,14,9,0,0,6,1,3,0,6,0,9
3,2,0,5,8,11,25,30,16,14,33,56,61,13,16,0,0,6,0,0,8,11,3,0
5,0,7,8,9,8,14,50,14,13,16,54,27,14,1,0,0,6,0,6,9,0,9,3
0,8,13,81,95,80,12,3,4,0,0,0,0,2,4,0,0,0,0,0,0,5,27,15
0,13,55,102,62,8,0,1,0,0,1,0,32,53,68,10,1,0,0,0,0,5,41,64
4,13,12,52,97,62,24,21,12,9,4,68,84,175,234,108,67,58,12,0,0,10,26,56
7,0,0,12,57,64,53,53,22,0,0,14,80,110,111,91,74,32,0,0,0,2,11,14
2,0,0,6,49,64,96,70,54,6,0,55,62,65,84,57,11,0,0,0,0,9,31,52
1,0,0,11,15,44,70,87,61,54,47,58,66,74,70,51,16,13,11,0,5,48,45,47
0,2,7,3,0,13,64,72,79,80,87,80,72,71,75,66,38,42,47,7,7,14,5,0
0,0,0,6,0,0,33,67,87,91,90,92,108,87,92,69,80,67,61,20,5,0,0,0
0,1,3,0,0,3,42,68,80,97,116,134,125,100,93,92,82,69,64,39,6,0,0,0
0,4,0,11,0,6,3,62,81,111,164,186,166,119,95,103,95,85,68,14,9,0,0,0
0,0,0,0,4,11,13,58,93,130,184,197,170,138,105,115,118,95,63,43,10,0,0,0
0,0,5,13,10,19,17,68,105,138,172,161,169,162,141,145,127,86,61,24,7,0,0,0
0,0,0,3,0,3,14,66,102,123,152,173,193,175,160,141,131,106,62,17,9,4,0,0
0,0,0,4,0,1,17,72,106,124,151,167,188,165,145,141,141,113,73,37,10,2,0,0
11,9,0,12,13,14,30,45,100,119,148,176,158,128,95,109,118,75,59,18,10,0,0,0
6,3,8,11,5,1,31,55,70,98,141,144,118,96,101,114,104,59,75,54,4,0,0,0
4,4,0,12,9,3,7,50,58,64,92,130,106,115,102,91,107,102,101,17,12,2,0,0
2,3,6,11,14,13,22,39,57,70,105,108,141,158,138,112,96,60,55,36,18,11,6,2
3,1,8,8,9,9,13,51,80,67,87,129,142,154,140,125,114,101,71,24,5,0,0,0
4,7,6,4,5,12,13,80,106,109,116,133,139,133,109,126,108,60,56,12,5,0,0,0
6,5,5,12,11,9,28,83,113,123,135,125,135,124,89,90,100,67,40,13,3,8,0,0
17,13,12,18,21,12,19,54,100,132,130,119,133,127,120,117,86,61,49,39,12,1,0,0
8,11,4,10,12,15,13,78,117,134,140,128,129,135,135,124,106,75,60,44,26,13,1,0
1,10,13,12,12,14,14,101,122,133,150,150,145,126,138,136,119,102,100,59,43,11,1,1
10,13,12,22,31,17,51,94,121,136,157,170,146,116,115,111,105,105,105,78,60,11,7,0
0,0,8,14,14,13,9,100,119,130,149,162,147,115,103,101,110,109,103,87,53,13,6,9
5,0,2,12,10,13,51,73,113,124,132,141,129,107,100,100,102,102,102,67,52,12,12,0
2,3,8,11,12,11,15,46,106,118,124,124,129,104,59,82,76,105,100,108,36,11,13,0
11,6,8,9,12,16,25,12,82,114,123,106,101,77,54,76,102,105,102,74,9,7,8,5
2,4,9,4,7,24,11,23,47,64,86,89,77,70,60,72,89,82,62,68,14,0,0,12
11,13,6,12,13,9,25,11,31,57,76,84,68,51,55,54,68,104,66,14,14,11,0,11
5,0,0,3,6,12,12,14,43,68,77,92,76,55,53,59,83,128,87,53,9,7,0,4
0,0,3,6,7,11,10,10,11,51,84,74,62,51,51,54,57,60,58,35,0,0,0,9
5,9,6,0,1,10,13,5,44,58,69,58,52,46,40,51,54,53,52,14,0,0,0,2
6,4,0,1,0,12,6,0,31,54,55,50,27,14,13,12,29,51,34,9,0,0,0,0
0,1,10,1,8,12,5,0,30,53,57,55,16,5,8,8,11,27,12,0,0,0,0,0
0,3,8,8,10,5,3,5,13,36,59,50,12,2,4,4,3,9,9,0,0,0,0,0
0,0,6,11,12,3,10,0,9,32,53,53,22,12,5,3,0,0,8,7,6,0,0,0
1,6,9,4,8,11,14,11,4,27,52,38,36,30,10,3,3,2,0,3,0,0,0,0
1,6,0,0,0,3,12,14,0,9,51,50,35,25,10,0,0,4,0,0,0,0,0,0
0,7,0,6,0,3,2,2,0,0,13,43,9,12,12,9,4,3,0,0,0,0,0,0
9,0,6,1,3,1,6,0,0,8,14,51,43,13,9,10,12,16,9,5,0,0,3,3
0,3,11,8,0,0,6,0,0,16,13,59,56,30,14,14,25,17,10,7,3,0,1,3
3,9,0,9,6,0,6,0,0,0,14,23,53,14,13,14,50,14,8,8,7,6,0,4

0,8,13,81,95,80,12,3,4,0,0,0,0,2,4,0,0,0,0,0,0,5,27,16
0,13,55,102,62,8,0,1,0,0,1,1,32,53,69,10,1,0,0,0,0,6,41,64
4,13,12,52,97,62,24,22,13,9,4,69,84,176,235,108,67,58,13,0,0,11,27,56
7,0,0,12,57,64,53,53,23,0,0,14,81,110,111,92,74,33,0,0,0,3,11,14
2,0,0,6,49,64,96,70,54,6,0,55,62,65,84,57,11,1,0,0,0,10,33,52
1,0,0,11,15,44,70,87,61,54,47,58,67,75,71,51,16,13,11,0,6,48,46,47
0,2,7,3,0,13,64,72,79,80,88,80,72,71,75,66,40,42,47,7,7,14,5,0
0,0,0,6,0,0,34,67,87,91,90,91,107,86,92,69,80,67,61,21,5,0,0,0
0,1,3,0,0,4,43,68,79,97,115,132,124,99,92,92,82,68,64,39,6,0,0,0
0,4,0,11,0,6,3,62,81,111,162,185,165,118,95,103,95,85,68,14,9,0,0,0
0,0,0,0,4,11,13,58,92,130,184,196,171,139,105,114,118,95,63,45,10,0,0,0
0,0,5,12,10,18,17,68,106,138,173,162,170,163,141,145,127,86,61,26,7,0,0,0
0,0,0,3,0,3,14,67,102,123,153,174,193,176,161,142,131,106,63,18,9,5,0,0
0,0,0,3,0,1,18,72,106,124,150,166,188,165,145,141,141,113,73,37,10,2,0,0
11,9,0,12,13,14,30,45,100,118,147,176,158,127,94,109,118,76,60,18,10,0,0,0
6,3,8,10,5,1,31,55,70,98,141,144,117,95,100,113,104,59,75,54,4,0,0,0
3,4,0,12,9,2,7,50,58,65,91,130,105,115,102,91,107,102,101,16,12,2,0,0
2,3,6,11,14,13,22,40,58,70,105,107,141,158,138,111,96,60,55,36,17,11,6,2
3,1,8,8,9,8,13,51,81,67,87,129,142,154,140,125,114,100,71,24,5,0,0,0
4,7,6,3,5,12,13,81,106,110,116,133,138,132,109,126,108,60,56,12,5,0,0,0
6,5,5,12,12,9,29,84,113,124,136,125,135,123,88,90,100,67,40,14,4,8,0,0
17,13,12,19,22,12,19,54,100,133,131,119,133,127,120,117,86,61,49,41,12,2,0,0
8,11,4,10,12,15,14,78,117,134,140,129,130,135,135,124,107,76,60,44,26,14,1,0
1,10,13,12,12,14,14,101,123,134,150,151,145,126,138,136,119,102,100,60,43,12,1,1
10,13,12,23,31,18,50,96,121,135,157,170,147,117,115,111,105,105,105,78,61,11,7,0
0,0,8,14,14,13,9,100,119,130,148,162,147,114,103,102,110,109,103,87,53,13,6,9
5,0,2,12,10,13,52,73,113,124,132,141,129,107,100,100,102,102,102,67,53,12,12,0
2,4,8,11,12,11,16,45,106,118,124,124,128,104,60,82,76,105,100,108,37,11,13,0
11,6,8,9,12,16,26,12,82,114,123,106,101,77,54,76,103,105,102,74,9,7,8,5
2,4,9,4,7,24,11,23,47,63,86,88,76,70,61,72,89,82,62,68,14,0,0,12
11,13,6,12,13,9,25,11,31,57,76,84,67,51,55,55,68,104,66,14,14,11,0,11
5,0,0,3,6,12,12,14,44,68,77,91,76,55,53,59,83,129,87,53,9,7,0,4
0,0,3,6,7,11,10,10,11,51,84,74,62,51,51,54,57,60,59,35,0,0,0,9
5,9,6,0,1,10,13,5,43,58,69,58,52,48,41,51,54,53,52,14,0,0,0,3
6,4,0,1,0,12,6,0,31,54,55,50,28,14,13,12,29,51,36,9,0,0,0,0
0,1,10,1,8,12,5,0,30,53,57,55,15,5,8,8,11,28,12,0,0,0,0,0
0,3,8,8,10,5,3,5,14,36,59,51,12,2,4,4,3,9,9,0,0,0,0,0
0,0,6,11,12,3,10,0,9,32,53,53,22,12,5,3,0,0,8,8,6,0,0,0
1,6,9,4,8,11,14,11,4,26,52,38,36,30,10,3,3,2,1,3,0,0,0,0
1,6,0,0,0,3,12,14,0,9,51,50,35,24,10,0,0,4,0,0,0,0,0,0
0,7,0,6,0,3,2,2,0,0,13,41,9,12,12,9,4,3,0,0,0,0,0,0
9,0,6,1,3,1,6,0,0,8,14,50,41,13,9,10,12,16,9,5,0,0,3,3
0,3,11,8,0,0,6,0,0,15,13,60,55,30,14,14,25,18,10,7,3,0,1,3
3,9,0,9,6,0,6,0,0,0,14,24,53,14,13,14,50,14,8,8,7,6,0,5

0,8,13,80,94,80,12,3,4,0,0,0,0,2,4,0,0,0,0,0,0,5,27,15
0,13,55,102,61,8,0,1,0,0,1,1,33,53,68,11,1,0,0,0,0,6,40,64
4,13,12,52,97,62,25,22,13,9,4,69,84,177,236,108,67,58,13,0,0,11,30,56
7,0,0,12,57,64,53,53,27,0,0,15,81,110,112,92,75,36,0,0,0,3,11,14
2,0,0,6,49,64,96,70,54,6,0,55,62,65,84,57,11,1,0,0,0,10,34,52
1,0,0,11,15,44,71,87,61,55,47,57,67,75,71,51,17,13,11,0,6,48,46,49
0,2,7,3,1,13,64,72,79,81,87,80,72,71,75,66,39,42,47,7,7,14,6,0
0,0,0,6,0,0,34,67,87,91,90,91,107,86,92,68,79,67,61,22,6,0,0,0
0,0,3,0,0,4,44,68,79,97,114,132,124,99,92,92,81,68,65,41,6,0,0,0
0,4,0,11,0,6,3,62,81,110,162,184,165,118,94,103,95,85,69,14,9,0,0,0
0,0,0,0,4,11,13,58,93,129,183,197,171,139,105,114,118,95,63,45,10,0,0,0
0,0,5,12,10,18,18,68,106,138,173,162,170,163,142,145,127,86,61,26,8,0,0,0
0,0,0,3,0,3,14,67,102,123,153,174,194,177,161,142,131,106,63,20,9,5,0,0
0,0,0,3,0,1,18,72,106,124,151,165,188,165,145,142,142,113,73,37,10,2,0,0
11,9,0,12,13,14,30,44,100,118,146,176,158,127,94,109,118,76,60,18,10,0,0,0
6,3,8,10,5,1,32,55,70,99,141,144,117,95,100,113,104,59,75,54,4,0,0,0
3,4,0,12,9,2,7,50,58,65,91,130,105,115,102,91,107,102,101,17,12,2,0,0
2,3,6,11,14,13,22,40,58,70,105,108,140,157,138,111,96,60,55,36,18,11,6,2
3,1,8,8,9,9,13,51,81,67,87,129,142,153,139,125,114,100,70,25,5,0,0,0
4,7,6,3,5,12,13,81,106,110,116,133,138,132,109,126,108,60,56,12,6,0,0,0
6,5,5,12,11,9,29,84,113,124,136,125,135,123,88,90,100,67,40,14,4,8,0,0
17,13,12,18,22,12,19,54,101,133,131,119,133,127,120,117,86,61,50,40,12,2,0,0
8,11,4,9,12,15,14,79,118,134,140,129,130,135,135,124,107,76,61,44,27,14,1,0
1,10,13,12,12,14,14,101,123,134,150,151,145,126,138,136,119,102,100,59,44,12,2,1
10,13,12,23,32,18,51,96,121,136,157,170,147,117,115,111,105,105,105,78,61,11,7,0
0,0,8,14,14,13,9,100,119,130,149,162,147,115,103,102,110,109,103,88,53,13,6,9
5,0,2,12,10,13,52,74,113,124,132,141,129,107,100,100,102,102,102,68,52,13,12,0
2,4,8,11,12,11,16,45,106,118,124,124,128,104,60,82,76,105,100,108,39,11,13,1
11,6,9,9,12,16,26,12,82,114,123,106,101,77,54,76,103,105,102,74,9,7,8,5
2,4,9,4,7,25,11,24,47,63,86,88,76,70,60,73,89,82,63,69,14,0,0,12
11,13,6,12,13,9,25,11,31,57,76,84,67,51,55,55,68,104,66,14,14,11,0,11
5,0,0,3,6,12,12,14,44,68,77,92,76,55,53,59,83,129,88,53,9,7,0,4
0,0,3,6,7,11,10,10,11,51,84,74,62,51,51,54,57,60,58,35,0,0,0,9
5,9,7,0,1,10,13,5,45,58,69,58,52,47,42,51,54,53,52,14,0,0,0,3
6,4,0,1,0,12,6,0,31,54,55,50,28,15,13,12,29,51,36,9,0,0,0,0
0,1,10,1,8,12,5,0,30,53,57,55,16,5,8,8,11,28,12,1,0,0,0,0
0,3,8,8,10,5,3,5,14,36,59,51,12,2,4,5,3,9,9,0,0,0,0,0
0,0,6,11,12,4,10,0,10,32,53,53,23,12,5,3,0,0,8,8,6,0,0,0
1,6,9,4,8,11,14,11,4,27,52,37,35,30,10,3,3,2,1,3,0,0,0,0
1,6,0,0,0,3,12,14,0,9,51,50,35,24,10,0,0,4,0,0,0,0,0,0
0,7,0,6,0,3,2,1,0,0,13,41,9,12,12,9,4,2,0,0,0,0,0,0
9,0,6,1,3,1,6,0,0,8,14,51,44,13,9,10,12,16,10,5,0,0,3,3
0,3,11,8,0,0,6,0,0,15,13,60,56,31,14,14,25,17,10,7,3,0,1,3
3,9,0,9,6,0,6,0,0,0,14,24,53,14,13,14,50,14,8,8,7,6,0,5

0,8,13,80,94,79,12,3,4,0,0,0,0,3,4,0,0,0,0,0,0,6,27,17
0,13,55,102,61,8,0,1,0,0,1,1,33,53,68,11,2,0,0,0,0,6,41,64
4,13,12,52,97,62,25,22,13,9,5,69,84,176,234,108,67,58,13,0,0,11,29,56
7,0,0,12,57,64,53,54,25,0,0,14,81,110,111,91,74,36,0,0,0,3,12,14
2,0,0,6,49,64,96,71,54,7,0,55,62,65,84,57,11,2,0,0,0,11,34,52
1,0,0,11,15,45,71,87,61,55,48,58,67,75,71,51,17,13,11,1,6,49,46,50
0,2,7,3,1,13,64,72,80,81,88,80,72,71,75,66,40,42,48,8,8,14,6,0
0,0,0,6,0,0,36,67,87,92,90,91,107,86,92,68,79,68,61,24,6,0,0,0
0,1,3,0,0,4,44,68,80,97,114,132,124,99,92,92,82,68,65,41,6,0,0,0
0,4,0,11,0,6,4,62,81,110,162,185,166,118,95,103,95,85,68,14,10,0,0,0
0,0,0,0,4,11,14,58,93,130,184,197,172,139,105,114,118,95,63,46,10,0,0,0
0,0,5,12,9,19,18,68,106,139,174,162,170,163,142,145,128,86,61,27,8,0,0,0
0,0,0,3,0,3,14,67,102,124,153,175,194,177,162,142,131,106,63,20,10,5,0,0
0,0,0,3,0,1,18,72,106,124,150,165,188,165,146,142,142,113,73,38,10,2,0,0
11,9,0,12,13,14,29,45,100,118,146,176,158,127,94,109,119,76,59,17,10,0,0,0
7,3,8,11,5,1,31,55,70,98,141,144,117,95,100,113,104,59,75,54,4,0,0,0
3,4,0,12,9,2,7,50,58,64,91,130,105,115,102,91,107,102,101,16,12,2,0,0
2,3,6,11,14,12,22,40,58,70,105,107,140,157,137,111,96,60,55,36,17,11,6,2
3,1,8,8,9,9,13,51,81,67,87,129,142,153,139,125,113,100,70,24,5,0,0,0
4,7,6,3,5,12,13,83,106,110,116,133,138,132,109,125,108,60,56,12,6,0,0,0
6,5,5,12,11,9,30,84,113,124,136,125,135,123,88,89,100,67,41,14,4,8,0,0
17,13,12,18,22,12,19,54,101,133,131,119,133,127,120,117,86,61,50,40,13,2,0,0
8,11,4,10,12,15,14,79,118,134,140,129,130,135,135,124,107,76,61,45,27,14,1,0
1,10,13,12,12,14,14,101,123,134,150,151,145,126,139,136,119,103,100,60,43,12,2,1
10,13,12,23,31,18,51,96,121,136,157,170,147,117,115,111,105,105,105,79,61,11,7,0
0,0,8,14,14,13,10,100,119,130,149,162,147,115,103,102,110,109,103,88,53,13,6,9
5,0,2,12,10,13,53,73,113,124,132,141,129,107,100,100,102,102,102,67,53,12,12,0
2,3,8,11,12,11,16,46,106,118,124,124,128,104,60,83,76,105,100,108,37,11,13,1
11,6,9,9,12,16,25,12,82,113,123,106,101,77,55,76,103,105,102,74,9,7,8,5
2,4,9,4,7,24,12,24,46,63,86,88,76,70,61,72,89,82,62,69,14,0,0,12
11,13,6,12,13,9,25,11,31,57,76,84,67,51,55,55,68,104,66,14,14,11,0,11
5,0,0,3,6,12,12,14,44,68,77,92,76,55,54,59,83,129,88,53,9,7,0,4
0,0,3,6,7,11,10,11,11,51,84,74,62,51,51,54,57,60,58,35,0,0,0,9
5,9,6,0,1,10,13,5,45,58,69,58,52,49,42,51,54,53,52,14,0,0,0,3
6,4,0,1,0,12,6,0,31,54,55,50,28,15,13,12,29,51,35,9,0,0,0,0
0,1,10,1,8,13,5,0,31,53,57,55,17,5,8,8,12,28,12,1,0,0,0,0
0,3,8,8,10,5,3,5,14,36,58,51,12,2,5,5,3,9,9,0,0,0,0,0
0,0,6,11,12,4,10,0,10,32,53,53,23,12,5,3,0,0,8,8,6,0,0,0
1,6,9,4,9,11,14,11,4,27,52,37,35,30,10,3,3,2,1,3,0,0,0,0
1,6,0,0,0,3,12,14,0,9,51,50,35,25,10,0,0,4,0,0,0,0,0,0
0,7,0,6,0,3,2,1,0,0,13,43,9,12,12,9,4,3,0,0,0,0,0,0
9,0,6,1,3,1,6,0,0,8,14,51,41,14,9,10,12,16,10,5,0,0,3,3
0,3,11,8,0,0,6,0,0,15,13,60,55,28,14,14,26,18,10,7,3,0,1,3
3,9,0,9,6,0,6,0,0,0,14,24,53,14,13,14,50,14,8,8,7,6,0,5

0,8,13,80,94,79,12,3,4,0,0,0,0,2,4,0,0,0,0,0,0,6,27,17
0,13,55,102,61,8,0,1,0,0,1,1,36,53,68,11,2,0,0,0,0,7,42,64
4,13,12,52,96,62,25,22,13,9,5,69,84,176,233,108,67,58,13,0,0,11,27,56
7,0,0,12,57,64,53,54,26,0,0,15,81,110,112,92,74,38,0,0,0,4,12,14
2,0,0,6,49,64,96,71,54,7,0,56,62,65,84,57,11,2,0,0,0,11,34,52
1,0,0,11,15,45,71,87,61,55,48,58,68,75,72,51,18,13,11,1,6,50,46,50
0,2,7,3,1,13,64,72,80,81,88,80,72,71,75,66,41,44,49,8,8,14,6,0
0,0,0,6,0,0,37,67,87,92,90,91,107,86,92,69,80,68,62,27,6,0,0,0
0,1,3,0,0,4,45,68,80,97,114,132,124,99,92,92,82,69,65,43,6,0,0,0
0,4,0,11,0,6,4,62,81,111,162,185,166,118,95,103,96,85,69,14,10,0,0,0
0,0,0,0,4,11,15,58,93,130,184,197,172,139,105,115,118,95,63,47,10,0,0,0
0,0,5,12,9,19,19,68,106,139,174,162,171,163,142,145,128,86,61,28,8,0,0,0
0,0,0,3,0,3,14,67,102,124,153,175,195,177,162,142,131,106,63,22,10,5,0,0
0,0,0,3,0,1,18,72,106,124,151,165,188,165,146,142,142,113,73,39,10,3,0,0
11,9,0,12,13,14,29,45,100,118,146,175,158,127,94,109,119,76,59,18,10,0,0,0
7,3,8,11,5,1,31,55,70,98,141,144,117,95,100,113,104,59,75,54,5,0,0,0
3,4,0,12,9,2,7,50,58,64,91,130,105,114,102,91,107,102,100,15,12,2,0,0
2,3,6,11,14,12,21,40,58,70,105,107,140,157,137,110,95,60,55,36,17,11,6,2
3,1,8,8,9,9,13,51,81,67,87,128,142,153,139,124,113,100,70,24,5,0,0,0
4,7,6,3,5,12,13,84,106,110,116,133,138,132,108,125,108,60,56,12,6,0,0,0
5,5,5,12,11,9,30,85,113,124,136,125,134,123,88,89,100,67,41,14,4,8,0,0
17,13,12,18,22,12,20,55,101,133,131,119,133,127,120,117,86,61,50,41,13,2,0,0
8,11,4,9,12,15,14,80,118,134,140,129,130,135,135,124,107,76,61,44,27,14,1,0
1,10,13,12,12,14,14,101,123,134,150,151,145,126,139,136,119,102,100,60,44,12,2,1
10,13,12,23,32,19,51,96,121,135,158,170,147,117,115,111,105,105,105,79,61,11,8,0
0,0,8,14,14,13,10,100,119,130,149,162,147,115,103,102,110,109,103,89,53,13,6,9
5,0,2,12,10,13,52,74,114,124,132,141,129,107,100,100,102,102,102,67,53,13,12,0
2,3,8,11,12,11,17,47,106,118,124,124,128,104,60,84,76,105,100,108,39,11,13,1
11,6,9,9,12,16,26,12,82,113,123,106,101,77,54,76,103,105,102,75,9,7,8,5
2,4,9,4,7,25,12,24,47,63,86,88,76,70,61,72,89,82,62,69,14,0,0,12
11,13,6,12,13,9,25,11,31,57,76,84,67,51,55,55,68,104,66,14,14,11,0,11
5,0,0,3,6,12,12,14,43,68,77,92,76,56,54,58,83,129,88,53,9,7,0,4
0,0,3,6,7,11,10,11,12,51,84,74,62,51,51,54,57,60,58,36,0,0,0,9
5,9,6,0,1,10,13,5,45,58,69,58,52,48,42,51,54,54,52,14,0,0,0,3
6,4,0,1,0,12,6,0,31,54,55,50,29,16,13,12,29,51,36,9,0,0,0,0
0,1,10,1,8,12,5,0,31,53,57,55,17,5,8,8,12,29,12,1,0,0,0,0
0,3,8,8,10,5,3,5,14,36,58,51,12,2,4,5,4,9,9,0,0,0,0,0
0,0,6,11,12,4,10,0,10,32,53,53,24,12,5,3,0,0,9,8,6,0,0,0
1,6,9,4,9,11,14,11,4,26,53,37,35,32,10,3,3,2,1,3,0,0,0,0
1,6,0,0,0,3,12,14,0,9,51,50,35,24,10,0,0,4,0,0,0,0,0,0
0,7,0,6,0,3,2,1,0,0,13,44,9,12,12,9,4,3,0,0,0,0,0,0
9,0,6,1,3,1,6,0,0,8,14,51,43,13,9,11,12,16,10,5,0,0,3,3
0,3,11,8,0,0,6,0,0,15,13,60,55,31,14,14,25,18,10,7,3,0,1,3
3,9,0,9,6,0,6,0,0,0,14,25,53,14,13,14,50,14,8,8,7,6,0,4

0,8,13,80,94,80,12,3,4,0,0,0,0,2,4,0,0,0,0,0,0,6,27,19
0,13,55,102,61,8,0,1,0,0,1,1,35,53,68,11,2,0,0,0,0,7,41,64
4,13,12,52,97,62,26,22,13,9,5,70,84,175,233,108,67,59,13,0,0,11,30,56
7,0,0,12,57,64,53,54,27,0,0,15,81,110,111,91,75,38,0,0,0,4,12,14
2,0,0,6,49,64,96,71,54,7,0,55,62,65,84,57,11,2,0,0,0,11,35,52
1,0,0,11,15,45,71,87,62,55,48,58,68,75,71,51,18,13,12,1,6,50,47,49
0,2,7,3,1,13,64,72,80,81,88,80,72,71,75,66,43,44,50,8,8,14,6,0
0,0,0,6,0,0,38,67,87,92,90,91,107,86,92,69,80,68,61,27,6,0,0,0
0,1,3,0,1,4,45,68,80,97,115,133,124,100,92,92,82,69,65,45,6,0,0,0
0,4,0,11,0,6,4,63,81,112,164,186,166,118,95,104,97,86,69,16,10,0,0,0
0,0,0,0,4,11,17,59,93,131,185,197,171,138,105,115,119,96,63,48,10,0,0,0
0,0,5,12,9,19,20,68,106,141,176,161,168,161,140,144,128,87,61,29,9,0,0,0
0,0,0,3,0,3,14,67,102,125,155,174,193,175,160,142,132,106,63,25,10,6,0,0
0,0,0,3,0,1,20,73,106,125,153,167,186,165,145,142,142,114,75,43,11,3,0,0
11,9,0,12,13,14,30,46,100,119,148,175,156,127,95,109,118,77,60,25,10,1,0,0
7,3,8,11,5,1,31,55,71,99,141,144,117,96,100,113,104,59,75,55,5,0,0,0
3,4,0,12,9,2,7,50,58,65,91,130,105,115,102,91,107,102,101,15,12,2,0,0
2,3,6,11,14,12,22,39,57,70,104,107,140,157,137,111,95,60,54,35,17,11,6,2
4,1,8,8,9,8,13,51,81,67,86,128,142,153,139,124,113,100,70,24,6,0,0,0
4,7,6,3,5,12,13,81,106,109,116,133,138,132,108,125,107,60,56,12,6,0,0,0
6,5,5,12,12,9,28,84,113,123,135,125,134,123,88,89,100,67,40,14,4,8,0,0
17,13,12,18,21,12,19,54,100,132,130,119,133,127,120,117,86,61,50,40,12,2,0,0
8,11,4,9,12,15,14,79,117,134,140,129,130,135,134,124,106,76,61,45,27,14,1,0
1,10,13,12,12,14,14,101,122,133,150,151,145,126,139,136,119,102,100,60,44,12,2,1
10,13,12,22,32,19,51,96,121,135,157,170,147,117,115,111,105,105,105,78,61,11,8,0
0,0,8,14,14,13,10,100,119,130,149,162,147,115,103,102,110,109,103,88,53,13,6,9
5,0,2,12,10,13,53,74,113,124,132,141,129,107,100,100,102,102,102,68,53,13,12,0
2,3,8,11,12,11,17,47,106,118,124,124,128,104,60,84,76,105,100,108,37,11,13,1
11,6,9,9,12,16,25,13,83,113,123,106,101,77,55,77,103,105,102,75,9,7,9,5
2,4,9,4,7,24,11,24,46,63,86,88,76,70,61,72,89,82,62,69,14,0,0,12
11,13,6,12,13,9,25,11,31,57,76,84,67,51,55,55,69,105,67,14,14,11,0,11
5,0,0,3,6,12,12,14,45,67,77,92,76,56,54,58,83,130,89,53,9,7,0,4
0,0,3,6,7,11,10,11,12,51,84,74,62,51,51,54,57,60,58,36,0,0,0,9
5,9,7,0,1,10,13,5,46,58,69,58,53,48,42,51,54,54,52,14,0,0,0,2
6,4,0,1,0,12,7,0,31,54,55,50,29,17,13,13,30,51,36,9,0,0,0,0
0,1,10,1,8,12,5,0,32,53,57,55,17,6,8,9,12,30,12,1,0,0,0,0
0,3,8,8,10,5,3,5,14,36,58,51,13,2,5,5,4,9,9,0,0,0,0,0
0,0,6,11,12,4,11,0,10,32,53,53,24,12,5,3,0,0,9,8,7,0,0,0
1,6,9,4,9,11,14,11,4,27,53,38,35,33,10,3,3,2,1,3,0,0,0,0
1,6,0,0,0,3,12,14,0,9,52,50,37,24,10,0,0,4,0,0,0,0,0,0
0,7,0,6,0,3,2,2,0,0,13,44,9,12,12,9,4,3,0,0,0,0,0,0
9,0,6,1,3,1,6,0,0,8,14,51,45,13,9,11,12,17,10,5,0,0,3,3
0,3,11,8,0,0,6,0,0,16,13,60,56,30,14,14,26,19,10,7,3,0,1,3
3,9,0,9,6,0,6,0,0,0,14,24,53,14,13,14,50,14,8,8,7,6,0,5

0,8,13,80,94,79,12,3,4,0,0,0,0,3,4,0,0,0,0,0,0,6,28,19
0,13,55,102,61,8,0,1,0,0,1,1,33,53,68,11,2,0,0,0,0,7,41,64
4,13,12,52,97,62,26,22,13,9,5,72,84,176,234,108,67,59,13,0,0,12,30,56
7,0,0,12,57,64,53,54,27,0,1,15,81,110,112,91,75,38,0,0,0,4,12,14
2,0,0,6,49,64,96,70,55,8,0,57,63,65,84,58,12,3,0,0,0,12,35,52
1,0,0,11,15,45,70,87,62,55,48,58,67,75,71,51,18,13,12,1,6,50,46,48
0,2,7,3,1,13,64,72,79,81,88,80,72,71,75,66,43,44,50,8,8,14,6,0
0,0,0,6,0,0,38,67,87,92,90,92,108,86,91,69,81,68,61,27,6,0,0,0
0,1,3,0,1,4,46,68,80,98,116,134,125,100,92,92,82,69,65,45,7,0,0,0
0,4,0,11,0,5,4,63,82,112,165,187,166,118,95,103,96,86,69,15,10,0,0,0
0,0,0,0,4,11,16,59,94,133,187,197,169,136,104,114,118,96,63,49,10,0,0,0
0,0,5,12,10,19,20,68,106,141,176,160,165,157,137,143,127,87,61,29,9,0,0,0
0,0,0,3,0,3,14,67,102,126,156,173,190,172,157,141,131,106,64,27,10,6,0,0
0,0,0,4,0,1,21,74,107,126,156,169,185,165,146,141,142,115,76,48,11,3,0,0
11,9,0,12,13,14,31,47,100,120,152,176,157,129,96,109,118,77,60,31,10,1,0,0
7,3,8,11,5,1,32,55,71,100,142,143,118,97,102,114,105,60,76,55,5,0,0,0
3,4,0,12,9,2,7,50,58,65,91,131,106,116,103,92,108,102,101,18,13,3,0,0
2,3,6,11,14,12,22,39,57,70,105,108,141,159,139,112,97,60,55,36,18,11,6,2
4,1,8,8,9,8,13,50,80,67,86,129,142,154,140,125,114,100,70,25,6,0,0,0
4,7,6,3,5,11,12,77,105,108,115,133,139,133,109,126,108,60,56,12,6,0,0,0
6,5,5,12,11,9,27,81,112,122,134,125,135,123,88,90,100,67,39,14,4,7,0,0
17,13,12,17,21,12,18,54,100,129,128,118,133,127,120,117,85,60,48,38,12,1,0,0
8,11,4,9,12,14,14,78,117,133,139,128,129,134,134,124,106,75,60,44,26,13,1,0
1,10,13,12,12,14,14,101,122,133,149,150,144,125,138,136,119,102,100,59,44,12,2,1
10,13,12,22,32,18,51,95,121,135,157,169,146,116,115,111,105,105,105,78,61,11,8,0
0,0,8,14,14,13,10,100,119,130,149,162,147,114,103,102,110,109,103,88,53,13,6,9
5,0,2,12,10,13,52,73,113,124,132,141,129,107,100,100,102,102,102,68,52,13,12,0
2,3,8,11,12,11,17,45,106,118,124,124,128,104,60,85,76,105,100,108,37,11,13,1
11,6,9,9,12,16,25,12,82,113,123,106,101,77,55,77,103,105,102,75,9,7,9,5
2,4,9,4,7,24,11,24,47,63,86,88,76,70,61,72,89,82,62,69,14,0,0,12
11,13,6,12,13,9,26,11,31,57,76,84,67,51,55,55,69,105,67,14,14,11,0,11
5,0,0,3,6,12,12,14,46,67,77,92,76,56,54,58,84,131,90,53,9,7,0,4
0,0,3,6,7,11,10,11,12,51,84,75,62,51,51,54,57,60,59,37,0,0,0,9
5,9,6,0,1,10,13,5,46,58,70,58,53,49,42,51,54,54,52,14,0,0,0,3
6,4,0,1,0,12,7,0,31,55,55,50,30,17,13,13,30,51,36,9,0,0,0,0
0,1,10,1,8,13,5,0,32,53,57,55,18,6,8,9,12,31,12,1,0,0,0,0
0,3,8,8,10,5,3,5,14,37,59,51,13,3,5,5,4,10,9,0,0,0,0,0
0,0,6,11,12,4,11,0,10,33,53,53,24,12,5,3,0,0,9,8,7,0,0,0
1,6,9,4,9,11,14,11,4,28,53,38,36,33,10,3,3,2,1,3,0,0,0,0
1,6,0,0,0,3,12,14,0,9,52,51,37,25,10,0,0,5,0,0,0,0,0,0
0,7,0,6,0,3,2,2,0,0,13,46,9,12,12,9,4,3,0,0,0,0,0,0
9,0,6,1,3,1,6,0,0,8,14,51,44,14,9,11,12,17,10,5,0,0,3,3
0,3,11,8,0,0,6,0,0,16,13,60,56,33,14,14,29,19,10,7,3,0,1,3
3,9,0,9,6,0,6,0,0,0,14,24,53,14,13,14,50,14,8,8,7,7,0,5

0,8,13,80,94,79,12,3,4,0,0,0,0,3,4,0,0,0,0,0,0,6,28,20
0,13,55,102,61,8,0,1,0,0,1,2,36,53,68,11,2,0,0,0,0,7,42,64
4,13,12,52,97,62,26,22,13,9,5,72,84,176,235,108,67,59,13,0,0,12,30,56
7,0,0,12,57,64,53,54,27,0,1,17,81,110,112,92,75,39,0,0,0,4,12,15
2,0,0,6,49,64,95,70,54,8,0,55,62,66,84,57,12,3,0,0,0,11,34,52
1,0,0,11,15,44,71,86,62,55,48,58,67,75,71,51,19,13,12,1,6,49,47,49
0,2,7,3,1,13,64,72,79,81,88,80,72,71,74,66,43,44,50,8,8,14,6,0
0,0,0,6,0,0,36,67,87,92,91,92,108,87,91,69,81,68,61,25,6,0,0,0
0,1,3,0,0,4,46,68,80,98,117,135,125,101,92,93,83,69,65,44,7,0,0,0
0,4,0,11,0,5,3,63,82,113,166,188,166,118,95,103,96,86,69,15,10,0,0,0
0,0,0,0,4,10,17,58,94,134,188,199,169,136,104,114,118,96,63,48,10,0,0,0
0,0,5,12,9,20,19,68,106,141,176,160,164,156,136,142,127,86,61,28,9,0,0,0
0,0,0,4,0,3,14,67,102,125,155,171,188,170,155,140,131,106,64,25,10,7,0,0
0,0,0,4,0,1,24,73,107,126,156,170,185,166,146,141,141,114,76,50,11,4,0,0
11,9,0,12,13,14,31,46,101,121,153,175,158,130,97,110,118,76,60,34,11,1,0,0
7,3,8,11,5,1,33,55,71,100,142,143,120,99,104,115,105,60,75,56,6,0,0,0
3,4,0,12,9,3,7,50,58,65,92,131,108,117,104,93,108,102,101,21,13,3,0,0
2,3,6,11,14,13,22,39,57,70,105,109,143,161,140,113,98,61,55,36,18,11,6,2
4,2,8,8,8,8,13,49,80,66,86,129,143,156,141,127,115,100,70,28,6,0,0,0
4,7,6,3,5,11,12,75,105,108,115,134,139,134,110,126,108,60,56,12,6,0,0,0
6,5,5,12,11,9,25,80,112,121,132,125,136,124,89,91,101,67,38,13,4,7,0,0
17,13,12,17,20,12,18,53,99,127,127,118,133,127,120,117,85,59,47,36,12,1,0,0
8,11,4,9,12,14,14,78,116,132,138,127,129,134,134,124,106,74,59,43,26,13,0,0
1,10,13,12,12,14,14,101,122,133,149,149,144,125,138,136,119,102,100,59,43,12,1,1
10,13,12,22,31,18,51,95,121,135,156,169,146,116,115,111,105,105,105,78,60,11,7,0
0,0,8,14,14,13,10,100,119,130,149,161,147,114,103,102,110,109,103,88,53,13,6,9
5,0,2,12,10,13,52,73,113,124,132,141,129,107,100,100,102,102,102,68,53,13,12,0
2,3,8,11,12,11,19,45,106,119,124,124,128,104,61,85,76,105,100,108,39,11,13,1
11,6,9,9,11,15,25,13,82,113,123,106,101,77,55,77,103,105,102,76,10,7,9,5
2,5,9,4,7,24,11,24,47,63,86,89,76,70,62,72,89,82,62,70,14,0,0,12
11,13,6,12,13,9,26,11,32,57,76,84,67,52,55,55,69,105,67,14,14,11,0,11
5,0,0,3,6,12,12,14,45,68,77,92,76,57,54,59,84,132,90,53,10,7,0,4
0,0,3,6,7,11,10,11,12,51,84,75,62,51,51,54,57,60,59,36,0,0,0,9
5,9,7,0,1,10,13,5,47,58,70,58,53,49,43,51,54,53,52,14,0,0,0,3
6,4,0,1,0,12,6,0,32,54,55,50,30,18,14,13,30,51,38,9,0,0,0,0
0,1,10,1,8,13,5,0,32,53,57,55,19,6,9,9,12,32,13,1,0,0,0,0
0,3,8,8,10,5,3,5,14,37,58,51,13,3,5,5,4,10,10,0,0,0,0,0
0,0,6,11,12,4,11,0,10,33,53,53,25,12,5,3,0,0,9,8,7,0,0,0
1,6,9,4,9,11,14,11,4,28,53,38,35,33,10,3,3,2,1,3,0,0,0,0
1,6,0,0,0,3,12,14,0,10,51,51,37,25,10,0,0,5,0,0,0,0,0,0
0,7,0,6,0,3,2,2,0,0,13,46,9,12,12,9,4,3,0,0,0,0,0,0
9,0,6,1,3,1,6,0,0,8,14,51,46,14,9,11,12,18,10,5,0,0,3,3
0,3,11,8,0,0,6,0,0,16,13,60,56,31,14,14,26,19,10,7,4,0,1,3
3,9,0,9,6,0,6,0,0,0,14,25,53,15,13,14,50,14,8,9,7,7,0,5

0,8,13,80,94,80,12,3,4,0,0,0,0,3,4,0,0,0,0,0,0,7,28,21
0,13,55,102,61,8,0,1,0,0,1,1,36,53,68,11,2,0,0,0,0,7,41,64
4,13,12,52,97,62,26,22,13,9,5,70,83,175,233,108,67,58,13,0,0,12,29,56
7,0,0,12,57,64,53,54,28,0,1,19,81,110,112,91,74,39,0,0,0,5,12,15
2,0,0,6,49,64,95,70,54,8,0,55,62,65,83,57,12,3,0,0,0,11,35,52
1,0,0,11,15,44,70,87,62,55,48,58,67,75,71,52,19,13,12,1,6,49,47,50
0,2,7,3,1,13,64,72,79,81,89,80,72,71,75,67,43,44,50,8,8,14,6,0
0,0,0,6,0,0,38,67,87,92,91,92,108,87,92,69,81,68,61,28,6,0,0,0
0,1,3,0,1,4,47,68,80,98,117,135,126,101,93,93,83,69,65,45,7,0,0,0
0,4,0,11,0,5,3,63,82,112,166,189,168,120,96,104,97,87,69,16,10,0,0,0
0,0,0,0,4,10,17,59,94,132,187,199,171,138,106,116,119,97,63,48,10,0,0,0
0,0,5,13,10,19,19,68,106,140,174,161,168,160,140,145,128,87,61,30,9,0,0,0
0,0,0,4,0,3,14,67,102,124,154,173,191,174,158,141,131,106,63,24,10,6,0,0
0,0,0,4,0,1,22,73,106,125,153,168,187,166,146,141,141,114,75,46,11,4,0,0
11,9,0,12,13,14,30,45,100,120,149,175,158,129,96,109,118,76,60,28,10,1,0,0
7,3,8,11,5,1,32,55,71,100,141,143,119,98,103,114,105,59,75,55,5,0,0,0
3,4,0,12,9,2,7,50,58,65,91,130,107,116,104,92,108,102,101,19,13,3,0,0
2,3,6,11,14,12,22,39,57,70,105,108,142,159,140,112,97,60,55,36,19,11,6,2
4,1,8,8,9,8,13,50,80,66,86,129,143,155,140,126,114,100,71,25,6,0,0,0
4,7,6,3,5,11,13,77,105,108,115,133,139,133,109,126,108,60,56,13,6,0,0,0
6,5,5,12,11,9,26,81,112,121,133,125,136,124,89,91,100,67,39,14,4,8,0,0
17,13,12,17,20,12,18,54,100,129,128,118,133,127,120,117,86,60,48,38,12,1,0,0
8,11,4,9,12,14,14,78,117,133,139,128,129,134,134,124,106,75,59,44,26,13,1,0
1,10,13,12,12,14,14,101,122,133,149,150,144,125,138,136,119,102,100,60,43,12,2,1
10,13,12,22,31,19,52,95,121,135,157,169,146,116,115,111,105,105,105,78,60,11,7,0
0,0,8,14,14,13,10,100,119,130,149,162,147,114,103,102,110,109,103,89,53,13,6,9
5,0,2,12,10,13,52,74,113,124,132,141,129,107,100,100,102,102,102,68,52,13,12,0
2,3,8,11,12,11,20,45,106,118,124,124,128,104,62,85,76,105,100,108,39,12,13,1
11,6,9,9,11,15,25,12,82,113,123,106,101,77,55,77,103,105,102,76,10,7,9,5
2,5,9,4,7,24,11,24,47,63,86,88,76,70,62,72,89,82,62,69,14,0,0,12
11,13,6,12,13,9,26,11,31,57,76,84,67,51,55,55,69,105,67,14,14,11,0,11
5,0,0,3,6,12,12,14,45,67,77,92,76,57,54,58,84,131,90,53,9,7,0,4
0,0,3,6,7,11,10,11,12,51,84,74,62,51,51,54,57,60,59,36,0,0,0,9
5,9,7,0,1,10,13,6,47,58,70,58,53,50,42,51,54,54,53,14,0,0,0,3
6,4,0,1,0,12,6,0,31,54,55,50,30,17,13,13,29,51,37,9,0,0,0,0
0,1,10,1,8,13,5,1,32,53,57,55,19,6,9,9,12,31,13,1,0,0,0,0
0,3,8,8,10,5,3,5,14,37,59,51,13,3,5,5,4,10,10,1,0,0,0,0
0,0,6,11,12,4,11,0,10,33,53,53,24,12,5,3,0,0,9,8,7,0,0,0
1,6,9,4,9,11,14,11,4,28,53,38,36,32,10,3,3,3,1,4,0,0,0,0
1,6,0,0,0,3,12,14,0,9,52,51,37,25,10,0,0,5,0,0,0,0,0,0
0,7,0,6,0,3,2,2,0,0,13,46,9,12,12,9,4,3,0,0,0,0,0,0
9,0,6,1,3,1,6,0,0,8,14,51,45,14,9,11,12,17,10,5,0,0,3,3
0,3,11,8,0,0,6,0,0,16,13,60,56,31,14,14,26,19,10,7,4,0,1,3
3,9,0,9,6,0,6,0,0,0,14,24,53,15,13,14,50,14,8,9,7,7,0,5

0,8,13,80,93,79,12,3,4,0,0,0,0,3,4,0,0,0,0,0,0,7,28,20
0,13,55,102,61,8,0,1,0,0,1,1,33,53,68,10,2,0,0,0,0,7,42,64
4,13,12,52,97,62,26,22,13,9,5,71,83,174,230,107,66,58,13,0,0,12,31,56
7,0,0,12,57,64,53,54,29,0,1,23,82,110,111,92,75,38,0,0,0,5,12,15
2,0,0,6,49,64,95,71,55,8,0,56,62,65,83,57,12,3,0,0,0,11,37,52
1,0,0,11,15,45,71,87,62,55,48,58,68,75,71,52,19,13,12,1,6,50,48,50
0,2,8,3,1,13,64,72,79,81,89,80,73,71,75,66,43,45,50,8,8,14,6,0
0,0,0,6,0,0,40,67,87,92,91,92,108,87,92,69,81,68,61,29,6,0,0,0
0,1,3,0,1,4,49,69,80,98,117,135,126,101,92,93,82,69,65,47,7,0,0,0
0,4,0,11,0,5,3,63,82,112,165,189,168,120,96,104,97,87,69,18,11,0,0,0
0,0,0,0,4,11,19,59,94,132,186,199,172,140,107,117,120,97,63,50,11,0,0,0
0,0,5,13,10,20,20,68,106,139,175,163,170,163,142,146,129,86,61,30,9,0,0,0
0,0,0,4,0,3,14,67,102,124,154,174,194,177,161,143,132,106,63,25,10,7,0,0
0,0,0,4,0,1,21,73,106,124,152,168,188,166,146,142,142,114,74,43,11,4,0,0
11,9,0,12,13,14,30,45,100,119,148,176,158,128,96,110,119,76,60,24,10,1,0,0
7,3,8,11,5,1,32,55,71,99,141,143,118,97,102,114,105,59,75,55,5,0,0,0
3,4,0,12,9,2,7,50,58,65,91,130,106,116,103,92,108,102,101,19,13,3,0,0
2,3,6,11,14,12,22,39,57,70,105,108,141,159,139,112,97,60,55,37,18,11,6,2
4,1,8,8,9,8,13,50,80,67,86,129,142,154,140,125,114,100,71,27,6,0,0,0
4,7,6,3,5,12,13,79,105,109,115,133,139,133,109,126,108,60,56,13,6,0,0,0
6,5,5,12,11,9,27,82,112,122,134,124,135,123,89,90,100,67,39,14,4,8,0,0
17,13,12,17,21,12,19,54,100,129,128,118,133,127,120,117,86,60,49,39,12,2,0,0
8,11,4,9,12,14,14,79,117,133,139,128,129,134,134,124,106,76,60,44,27,14,1,0
1,10,13,12,12,14,14,101,122,133,149,150,144,125,138,136,119,102,100,60,44,12,2,1
10,13,12,23,32,19,53,95,121,135,156,169,146,117,115,111,105,105,105,79,61,11,8,0
0,0,8,14,14,13,10,100,119,130,148,162,147,114,103,102,110,109,103,88,53,13,6,9
5,0,2,12,10,13,53,73,113,124,132,141,129,107,100,100,102,102,102,68,53,13,12,0
2,3,8,10,12,11,17,46,106,118,124,123,128,104,61,85,76,105,100,108,40,11,13,1
11,6,9,9,12,15,25,12,82,113,123,106,101,77,55,77,103,105,102,76,10,8,9,5
2,5,9,4,7,24,11,24,46,63,86,88,76,70,62,72,89,82,62,70,14,0,0,12
11,13,6,12,13,9,26,11,31,57,76,84,67,52,55,55,69,105,67,14,14,11,0,11
5,0,0,3,6,12,12,14,45,68,77,92,76,58,54,58,84,131,90,53,10,7,0,4
0,0,3,6,7,11,10,11,12,51,84,74,62,51,51,54,57,60,59,36,0,0,0,9
5,9,7,0,1,10,13,6,47,58,69,58,53,50,42,51,54,54,52,14,0,0,0,3
6,4,0,1,0,12,7,0,31,54,55,50,31,17,14,13,31,51,37,9,0,0,0,0
0,1,10,1,8,13,5,1,32,53,57,55,18,6,8,9,12,32,13,1,0,0,0,0
0,3,8,8,10,5,3,5,14,36,59,51,13,3,5,5,4,10,10,0,0,0,0,0
0,0,6,11,13,4,11,0,10,33,53,53,25,12,5,3,0,0,9,8,7,0,0,0
1,6,9,4,9,11,14,11,4,28,53,37,36,33,10,4,3,3,1,4,0,0,0,0
1,6,0,0,0,3,12,14,0,10,51,50,37,24,10,0,0,5,0,0,0,0,0,0
0,7,0,6,0,3,2,2,0,0,13,45,9,12,12,9,4,3,0,0,0,0,0,0
9,0,6,1,3,1,6,0,0,8,14,51,45,14,9,11,12,17,10,5,0,0,3,3
0,3,11,8,0,0,6,0,0,16,13,60,56,32,14,14,26,19,10,8,4,0,1,3
3,9,0,9,6,0,6,0,0,0,14,24,53,15,13,14,50,14,8,9,7,7,0,5

0,8,13,79,94,80,12,3,4,0,0,0,0,3,4,0,0,0,0,0,0,7,28,20
0,13,55,102,61,8,0,1,0,0,1,1,33,52,68,10,2,0,0,0,0,7,42,64
4,13,12,52,97,62,27,22,13,9,5,69,82,172,227,107,66,58,13,0,0,12,30,56
7,0,0,12,57,64,53,54,28,0,1,18,81,110,111,90,74,36,0,0,0,5,12,15
2,0,0,6,49,64,96,71,55,9,0,55,62,65,83,57,12,3,0,0,0,12,37,52
1,0,0,11,15,46,71,87,62,56,48,58,68,75,71,51,18,13,12,1,6,50,48,50
0,2,8,3,1,14,64,72,80,81,89,80,73,71,75,66,41,45,50,8,9,14,6,0
0,0,0,6,0,0,44,68,87,92,91,92,108,86,91,69,80,68,61,29,6,0,0,0
0,2,3,0,1,4,50,69,80,98,116,134,125,100,92,92,82,69,65,47,7,0,0,0
0,4,0,11,0,5,3,63,82,112,165,188,167,119,96,104,97,86,69,19,11,0,0,0
0,0,0,0,4,11,20,59,94,132,186,199,174,141,108,117,120,97,63,50,11,0,0,0
0,0,5,13,10,21,22,69,106,141,177,165,173,165,144,148,129,87,61,30,10,0,0,0
0,0,0,4,0,3,14,67,102,125,156,178,197,180,164,144,132,106,63,26,10,7,0,0
0,0,0,4,0,1,22,73,106,124,153,169,190,167,147,144,143,113,74,43,11,4,0,0
11,9,0,12,13,14,31,46,100,119,148,178,159,128,96,111,120,76,59,22,10,2,0,0
7,3,8,11,5,1,33,55,71,99,142,145,118,96,101,114,105,60,75,55,5,0,0,0
3,4,0,12,9,2,7,50,58,64,91,130,106,115,103,92,108,102,101,20,13,4,0,0
2,3,6,11,14,12,22,40,57,70,105,107,141,158,138,112,97,60,55,36,19,11,6,2
4,2,8,8,9,8,13,50,80,67,86,128,142,154,140,125,114,100,71,27,6,0,0,0
4,7,6,3,5,11,13,77,105,108,115,133,138,133,109,126,108,60,57,13,7,0,0,0
6,5,5,12,11,9,26,81,112,121,133,124,135,123,89,90,100,67,40,14,5,8,0,0
17,13,12,17,20,12,18,54,100,128,128,118,132,127,120,117,86,60,49,40,12,2,0,0
8,11,4,9,12,14,14,78,117,132,139,128,129,134,134,124,106,75,61,44,27,14,1,0
1,10,13,12,12,14,14,101,122,133,149,149,144,125,138,136,119,102,100,60,44,12,2,1
10,13,12,22,32,19,52,95,121,135,156,169,146,116,115,111,105,105,105,79,61,12,8,0
0,0,8,14,14,13,10,100,119,129,148,161,146,114,103,102,110,109,103,88,53,13,6,9
5,0,2,12,10,13,52,74,113,124,132,141,129,107,100,100,102,102,102,69,53,13,13,0
1,3,8,10,12,11,17,45,106,118,123,123,128,104,61,85,76,105,100,108,40,12,13,1
11,6,9,9,11,15,25,12,82,113,123,106,101,77,55,77,103,105,102,77,10,8,9,5
2,4,9,4,7,24,11,24,46,63,86,88,76,70,62,72,89,82,62,70,14,0,0,12
11,13,6,12,13,9,25,11,31,57,76,84,67,52,56,55,69,105,67,15,14,12,0,11
5,0,0,3,6,12,12,14,45,67,77,92,76,56,54,58,84,131,90,53,10,7,0,4
0,0,3,6,8,11,10,11,12,51,84,74,62,51,51,54,57,60,59,37,0,0,0,9
5,9,7,0,1,10,13,5,47,58,69,58,53,49,42,51,54,53,52,14,0,0,0,3
6,4,0,1,0,12,7,0,32,54,55,50,31,18,14,13,31,51,38,9,0,0,0,0
0,1,10,1,8,13,5,1,32,53,57,55,19,6,9,9,12,32,13,1,0,0,0,0
0,3,8,8,10,5,3,5,14,36,58,51,13,3,5,5,4,10,10,1,0,0,0,0
0,0,6,11,13,4,11,0,10,33,53,53,24,12,5,3,0,0,9,8,7,0,0,0
1,6,9,4,9,11,14,11,4,28,52,38,36,32,10,4,4,3,2,4,0,0,0,0
1,6,0,0,0,3,12,14,0,10,51,50,37,24,10,0,0,5,0,0,0,0,0,0
0,7,0,6,0,3,2,2,0,0,13,45,9,12,12,9,4,3,0,0,0,0,0,0
9,0,6,0,3,1,6,0,0,8,14,51,45,13,9,11,12,17,10,5,0,0,3,3
0,3,11,7,0,0,6,0,0,16,13,60,56,32,14,14,26,20,10,7,4,0,1,3
3,9,0,9,6,0,6,0,0,0,14,25,53,15,13,14,50,14,8,8,7,7,0,5

0,8,13,79,93,80,12,3,4,0,0,0,0,2,4,0,0,0,0,0,0,7,28,22
0,13,55,102,61,8,0,1,0,0,1,1,31,52,68,10,2,0,0,0,0,7,41,64
4,13,12,52,97,62,27,22,13,9,5,70,82,171,226,107,66,57,13,0,0,12,30,56
7,0,0,12,58,64,53,54,27,0,1,17,80,110,111,90,74,36,0,0,0,5,12,16
2,0,0,6,49,64,96,71,55,9,0,56,62,65,83,57,12,3,0,0,0,12,37,52
1,0,0,11,15,46,71,87,62,56,48,58,68,75,71,51,18,13,12,1,6,50,49,50
0,2,7,3,1,13,65,72,80,81,88,80,73,71,75,66,41,44,50,8,9,14,6,0
0,0,0,6,0,0,46,68,87,93,90,91,107,86,91,68,79,67,61,29,7,0,0,0
0,2,3,0,1,4,50,69,80,98,116,133,124,99,92,91,81,68,65,47,7,0,0,0
0,4,0,11,0,5,3,63,82,112,164,186,167,119,95,103,96,86,69,18,11,0,0,0
0,0,0,0,4,11,20,59,94,131,186,200,175,141,108,117,120,96,63,50,11,0,0,0
0,0,5,13,10,21,23,69,106,141,177,166,174,166,145,148,129,87,62,31,10,0,0,0
0,0,0,4,0,3,14,67,102,125,157,180,199,181,166,144,133,106,64,26,10,7,0,0
0,0,0,4,0,1,22,73,106,124,153,169,191,168,148,145,144,113,74,43,11,4,0,0
11,9,0,13,13,14,31,46,100,119,148,179,160,128,96,111,121,77,59,22,11,2,0,0
7,3,8,11,5,1,33,55,71,99,142,145,118,96,101,114,105,60,76,55,6,0,0,0
3,4,0,12,9,3,7,50,58,65,92,130,106,115,103,92,108,102,101,21,13,4,0,0
2,3,6,11,14,13,22,40,57,70,105,107,141,158,138,111,97,60,55,37,19,11,6,2
4,2,8,8,9,8,13,50,80,66,86,129,142,154,140,125,114,101,71,28,6,0,0,0
4,7,6,3,5,11,12,78,105,108,115,133,138,132,109,125,108,60,57,13,7,0,0,0
6,5,5,12,11,9,26,81,112,121,133,124,135,123,88,90,100,67,40,14,5,8,0,0
17,13,12,17,20,12,19,53,100,128,128,118,132,127,120,117,86,61,49,41,13,2,0,0
8,11,4,9,12,14,14,78,116,132,138,128,129,134,134,124,106,76,61,45,27,14,1,0
1,10,12,12,12,14,14,101,122,133,149,149,144,125,138,136,119,102,100,60,44,12,2,1
10,13,12,22,31,19,52,94,121,135,155,169,146,116,115,111,105,105,105,79,62,12,8,0
0,0,8,14,14,13,10,100,119,129,148,161,146,114,103,102,110,109,103,89,53,13,7,9
5,0,2,12,10,13,52,75,113,124,132,141,129,107,100,101,102,102,102,68,53,13,13,0
1,3,8,10,12,11,17,46,106,118,123,123,128,104,63,85,76,105,100,108,39,12,13,1
11,6,9,9,11,16,25,12,82,113,123,105,101,77,55,77,103,105,102,76,10,8,9,5
2,4,9,4,7,24,11,24,46,63,85,88,76,70,62,73,89,82,62,70,14,0,0,12
11,13,6,12,13,9,25,11,31,57,76,84,67,52,56,55,69,106,67,15,14,12,0,11
5,0,0,3,6,12,12,14,46,67,77,92,76,57,54,59,84,132,91,53,10,7,0,4
0,0,3,6,8,11,10,11,12,50,84,74,62,51,51,54,57,60,59,37,0,0,0,9
5,9,7,0,1,10,13,6,47,58,69,58,53,50,43,51,54,54,52,14,0,0,0,3
6,4,0,1,0,12,6,0,32,54,55,50,31,19,14,13,31,51,39,9,0,0,0,0
0,1,10,1,8,13,5,1,32,53,57,55,18,6,9,9,12,32,13,1,0,0,0,0
0,3,8,8,10,5,4,5,14,37,58,51,13,3,5,5,4,10,10,1,0,0,0,0
0,0,6,11,12,4,11,0,10,33,53,53,24,12,5,3,0,0,9,8,7,0,0,0
1,6,9,4,9,11,14,11,4,28,52,38,35,33,10,4,3,3,2,4,0,0,0,0
1,6,0,0,0,3,12,14,0,10,52,50,37,24,10,0,0,5,0,0,0,0,0,0
0,7,0,6,0,3,2,2,0,0,13,44,9,12,12,9,4,3,0,0,0,0,0,0
9,0,6,1,3,1,6,0,0,8,14,52,45,14,9,11,12,17,10,5,0,0,3,3
0,3,11,8,0,0,6,0,0,16,13,60,56,32,14,14,27,19,10,7,4,0,1,3
3,9,0,9,6,0,6,0,0,1,14,25,54,15,13,14,50,14,8,9,7,7,0,5

0,8,13,79,93,79,12,3,4,0,0,0,0,3,4,0,0,0,0,0,0,7,28,21
0,13,54,102,62,8,0,1,0,0,1,1,31,52,68,10,2,0,0,0,0,8,42,64
4,13,12,52,97,62,27,22,13,9,5,69,82,170,226,107,66,58,13,0,0,12,30,56
7,0,0,12,57,64,53,54,28,1,1,17,80,110,111,90,74,36,0,0,0,5,12,16
2,0,0,6,49,64,96,71,55,9,0,55,62,65,83,57,12,3,0,0,0,12,37,52
1,0,0,11,15,46,71,87,62,56,48,58,68,75,71,51,18,14,12,1,6,50,49,50
0,2,7,3,1,13,65,72,80,81,89,80,72,71,75,66,40,43,50,8,9,14,6,0
0,0,0,6,0,0,46,68,87,92,90,91,107,86,91,68,79,67,61,29,7,0,0,0
0,2,3,0,1,4,50,69,80,98,116,132,124,99,91,91,81,68,65,47,7,0,0,0
0,4,0,11,0,5,3,63,82,111,164,187,167,118,95,103,96,85,69,19,11,0,0,0
0,0,0,0,4,11,21,59,94,131,186,200,175,141,107,117,120,96,63,50,11,0,0,0
0,0,5,13,10,22,24,69,107,142,178,167,175,167,146,149,130,87,62,31,10,0,0,0
0,0,0,4,0,3,14,67,102,125,158,180,199,182,167,145,133,106,64,27,10,8,0,0
0,0,0,4,0,1,24,73,106,125,153,169,191,168,148,146,144,113,74,44,11,4,0,0
11,9,0,13,13,14,31,45,100,119,148,179,160,128,96,112,121,77,59,24,11,2,0,0
7,3,8,11,6,1,33,55,71,99,142,145,118,96,101,114,105,60,76,55,6,0,0,0
3,4,0,12,9,3,7,50,58,65,91,130,106,116,102,92,108,102,101,21,13,4,0,0
2,3,6,11,14,13,22,40,58,70,105,108,141,158,138,111,97,60,55,37,19,11,6,3
4,2,8,8,9,8,13,50,81,66,86,129,142,154,140,125,114,100,71,29,6,0,0,0
4,7,6,4,5,11,12,77,105,108,115,133,138,132,109,125,108,60,57,13,7,0,0,0
5,5,5,12,11,9,26,80,112,121,133,124,135,123,88,90,100,67,40,14,5,8,0,0
17,13,12,17,20,12,19,53,100,128,128,118,132,127,120,117,86,61,50,41,13,2,0,0
8,11,4,9,12,14,14,78,116,132,138,128,129,134,134,124,106,76,61,45,27,14,1,0
1,10,13,12,12,13,14,101,122,133,149,149,144,125,138,136,119,103,100,60,47,12,2,1
10,13,12,22,31,18,52,94,121,134,156,169,146,116,115,111,105,105,105,78,60,12,8,0
0,0,8,14,14,13,10,100,119,129,148,161,146,114,103,102,110,109,103,89,53,13,7,9
5,0,2,12,10,13,53,73,113,124,131,141,129,107,100,101,102,102,102,69,53,13,13,0
1,3,8,11,12,11,17,46,106,118,123,123,128,104,62,86,76,105,100,108,40,12,13,1
11,6,9,9,11,15,25,12,82,113,123,105,101,77,55,77,103,105,102,77,10,8,9,5
2,5,9,4,7,24,11,24,46,63,85,88,76,70,62,72,89,82,62,70,14,0,0,12
11,13,6,12,13,9,26,11,31,57,76,84,67,52,56,55,69,106,67,15,14,12,0,11
5,0,0,3,6,12,12,14,46,67,77,92,76,58,54,58,84,132,91,53,10,7,0,4
0,0,3,6,7,11,10,11,12,50,84,74,62,51,51,54,57,60,59,36,0,0,0,9
5,9,7,0,1,10,13,6,47,58,69,58,53,50,42,51,54,53,52,14,0,0,0,3
6,4,0,1,0,12,7,0,32,54,55,50,31,18,14,13,31,51,37,9,0,0,0,0
0,1,10,1,8,13,5,1,32,53,57,55,19,6,9,9,12,32,13,2,0,0,0,0
0,3,8,8,10,6,3,5,14,36,58,51,13,3,5,6,4,10,10,1,0,0,0,0
0,0,6,11,12,4,11,0,10,33,52,53,25,12,5,3,0,0,10,8,7,0,0,0
1,6,9,4,9,11,13,11,4,28,53,38,36,33,10,4,3,3,2,4,0,0,0,0
1,6,0,0,0,3,12,14,0,10,52,51,37,24,10,0,0,5,0,0,0,0,0,0
0,7,0,6,0,3,2,2,0,0,13,45,9,12,12,9,4,3,0,0,0,0,0,0
9,0,6,0,3,1,6,0,0,8,14,52,45,14,9,11,12,17,10,5,0,0,3,3
0,3,11,7,0,0,6,0,0,16,13,60,55,31,14,14,26,19,10,8,4,0,1,3
3,9,0,9,6,0,6,0,0,1,14,26,54,15,13,14,50,14,8,9,7,7,0,5

0,8,13,79,93,79,12,3,4,0,0,0,0,2,4,0,0,0,0,0,0,7,28,21
0,13,55,102,62,8,0,1,0,0,1,1,31,52,68,10,2,0,0,0,0,8,42,64
4,13,12,52,97,62,27,22,13,10,5,69,82,170,225,107,66,57,13,0,0,12,30,56
7,0,0,12,57,64,53,54,27,1,1,18,81,110,111,90,74,35,0,0,0,5,12,17
2,0,0,6,49,64,95,71,55,9,0,55,62,65,83,57,12,3,0,0,0,12,37,52
1,0,0,12,16,46,71,87,62,56,49,58,68,75,71,51,18,14,12,1,6,50,49,50
0,2,8,3,1,14,65,73,80,81,89,80,73,71,75,66,40,44,50,8,9,14,6,0
0,0,0,6,0,0,46,68,87,93,90,91,107,86,91,68,79,67,61,29,7,0,0,0
0,2,3,0,1,4,50,69,80,98,115,133,124,99,91,91,81,68,65,48,7,0,0,0
0,4,0,11,0,5,3,63,82,111,164,187,167,118,95,103,95,85,69,18,11,0,0,0
0,0,0,0,4,11,21,59,94,132,187,200,175,141,107,117,120,96,63,50,11,0,0,0
0,0,5,13,10,22,24,69,107,142,179,167,175,167,146,149,130,87,62,31,10,0,0,0
0,0,0,4,0,3,14,68,102,126,158,181,200,182,168,145,133,106,64,27,10,8,0,0
0,0,0,4,0,1,24,73,106,125,154,170,191,169,149,146,145,113,74,44,11,5,0,0
11,9,0,13,13,14,31,46,100,119,148,180,160,129,96,112,122,77,59,22,11,3,0,0
7,3,8,11,6,1,33,55,71,99,142,145,118,96,101,114,105,60,76,56,6,0,0,0
3,4,0,12,9,3,7,50,58,65,92,130,106,115,103,92,108,102,101,21,13,4,0,0
2,3,6,11,14,13,22,39,58,70,104,108,141,158,138,111,97,61,55,37,20,11,6,2
4,2,8,8,9,8,13,50,80,66,86,129,142,154,140,125,114,100,70,28,6,0,0,0
4,7,6,4,5,11,13,77,105,108,115,132,138,132,109,125,108,60,57,13,7,0,0,0
5,5,5,12,11,9,25,80,112,121,133,124,135,123,88,90,100,67,41,14,6,8,0,0
17,13,12,17,20,12,18,53,100,128,128,118,132,126,120,117,86,61,50,42,13,2,0,0
8,11,4,9,12,14,14,78,116,132,138,128,129,134,134,124,106,76,61,45,27,14,1,0
1,10,12,12,12,14,14,101,122,132,149,149,144,125,138,136,119,102,100,60,44,13,2,1
10,13,12,22,32,19,52,95,120,135,156,168,146,116,115,111,105,105,105,79,61,12,8,0
0,0,8,14,14,13,10,100,119,129,148,161,146,114,103,102,110,109,103,91,53,13,7,9
5,0,2,12,10,13,53,75,113,124,132,141,129,107,101,101,102,102,102,69,53,13,13,0
2,3,8,10,12,11,19,45,106,118,123,123,128,104,63,87,76,105,100,108,40,12,13,1
11,6,9,9,11,15,25,12,82,113,122,105,101,77,55,77,103,105,102,77,10,8,9,5
2,5,9,4,7,24,11,24,46,63,85,88,76,70,62,73,89,82,62,70,14,0,0,12
11,13,6,12,13,9,26,11,31,57,75,84,67,51,56,55,69,106,67,16,14,12,0,11
5,0,0,3,6,12,12,14,45,67,77,92,76,58,54,58,84,132,91,53,10,7,0,4
0,0,3,6,8,11,10,11,12,50,84,74,62,52,51,54,57,60,59,37,0,0,0,9
5,9,7,0,1,10,13,6,48,58,70,58,53,50,45,51,54,54,52,14,0,0,0,3
6,4,0,1,0,12,7,0,31,54,55,50,32,18,14,13,31,51,37,10,0,0,0,0
0,1,10,1,8,13,5,1,32,53,57,55,19,6,9,9,12,32,13,2,0,0,0,0
0,3,8,8,10,5,3,5,14,36,58,51,13,3,5,5,4,10,10,1,0,0,0,0
0,0,6,11,12,4,11,0,10,33,53,53,25,12,5,3,0,0,10,8,7,0,0,0
1,6,9,4,9,11,13,11,4,28,53,38,36,33,10,4,4,3,2,4,0,0,0,0
1,6,0,0,0,3,12,14,0,10,52,51,38,24,10,0,0,5,0,0,0,0,0,0
0,7,0,6,0,3,2,1,0,0,13,46,9,12,12,9,4,3,0,0,0,0,0,0
9,0,6,0,3,1,6,0,0,8,14,52,46,14,9,11,12,17,10,5,0,0,3,3
0,3,11,7,0,0,6,0,0,16,13,61,56,31,14,14,27,19,10,8,4,0,1,3
3,9,0,9,6,0,6,0,0,1,14,25,53,15,13,14,50,14,8,9,7,7,0,5

0,8,13,78,93,79,12,3,4,0,0,0,0,3,4,0,0,0,0,0,0,7,28,22
0,13,55,102,61,8,0,1,0,0,1,1,31,52,68,10,2,0,0,0,0,8,43,64
4,13,12,52,97,62,28,22,13,10,5,70,82,171,226,107,66,58,13,0,0,12,34,56
7,0,0,12,57,64,53,54,28,1,1,18,81,110,111,90,75,36,0,0,0,5,12,16
2,0,0,6,49,64,96,71,55,9,0,55,62,65,83,57,12,3,0,0,0,12,37,52
1,0,0,11,16,46,71,87,62,56,48,58,68,75,71,51,18,14,12,2,6,50,50,50
0,2,8,3,1,14,65,72,80,81,89,80,72,71,74,66,41,44,50,8,9,14,6,0
0,0,0,6,0,0,46,68,88,92,91,91,107,86,90,68,79,67,61,29,7,0,0,0
0,2,3,0,1,4,50,69,80,98,115,133,124,99,91,91,81,68,65,47,7,0,0,0
0,4,0,11,0,5,3,63,82,112,164,187,166,118,95,103,95,85,69,19,11,0,0,0
0,0,0,0,4,11,21,59,94,132,187,200,174,140,107,116,119,96,63,50,11,0,0,0
0,0,5,13,10,22,24,69,107,142,179,166,174,166,145,148,130,87,62,32,10,0,0,0
0,0,0,4,0,3,14,68,102,126,159,181,199,182,167,145,133,106,64,28,11,9,0,0
0,0,0,4,0,1,25,73,106,125,154,170,191,169,149,146,145,114,74,46,11,5,0,0
11,9,0,13,13,14,32,46,100,119,148,180,160,129,96,112,122,77,59,24,11,3,0,0
7,3,8,11,5,1,33,55,71,99,142,146,118,97,102,114,105,60,76,56,6,0,0,0
3,4,0,12,9,3,7,50,58,65,92,130,106,116,103,92,108,102,101,21,13,4,0,0
2,3,6,11,14,13,22,40,57,70,105,107,141,158,139,112,97,60,55,37,20,11,7,3
4,2,8,8,9,8,14,50,81,66,86,129,142,154,140,125,114,101,71,29,6,0,0,0
4,7,6,4,5,11,12,77,105,108,115,133,138,132,109,125,108,60,57,13,7,0,0,0
5,5,5,12,11,9,25,81,112,121,133,124,135,123,88,90,100,67,41,14,6,8,0,0
17,13,12,17,20,12,18,53,100,128,128,117,132,127,120,117,85,61,50,41,13,2,0,0
8,11,4,9,12,14,14,78,116,132,138,128,129,134,134,124,106,76,61,45,27,14,1,0
1,10,12,12,12,13,14,101,122,132,149,149,144,125,138,136,119,102,100,59,44,13,3,1
10,13,12,22,32,19,52,95,120,134,156,169,146,116,115,111,105,105,105,79,61,12,8,0
0,0,8,14,14,13,10,100,119,129,148,161,146,114,103,102,110,109,103,89,53,13,7,9
5,0,2,12,10,13,52,73,113,124,132,141,129,107,100,101,102,102,102,69,53,13,13,0
1,3,8,10,12,11,17,46,106,118,123,123,128,104,62,87,76,105,100,108,40,12,13,1
11,6,9,9,11,15,25,12,82,113,122,105,101,77,55,77,103,105,102,77,10,8,9,5
2,5,9,4,7,24,11,24,46,63,85,88,76,70,62,73,89,82,62,70,14,0,0,12
11,13,6,12,13,9,26,11,30,57,75,84,67,52,55,55,69,106,67,16,14,12,0,11
5,0,0,3,6,12,12,14,46,67,77,92,76,57,54,58,84,132,91,53,10,7,0,4
0,0,3,6,8,11,10,11,12,51,84,74,62,51,51,54,57,60,59,37,0,0,0,9
5,9,6,0,1,10,13,6,48,58,69,58,53,50,42,51,54,54,52,14,0,0,0,3
6,4,0,1,0,12,6,0,32,54,55,50,32,20,14,13,31,51,39,10,0,0,0,0
0,1,10,1,8,13,5,1,32,53,57,55,20,6,9,10,12,33,13,2,0,0,0,0
0,3,8,8,10,5,3,5,14,36,58,51,13,3,5,6,4,10,10,1,0,0,0,0
0,0,6,11,13,4,11,0,10,33,53,53,25,12,5,3,0,0,10,8,7,0,0,0
1,6,9,4,9,11,14,11,4,28,52,38,35,32,10,4,4,3,2,4,0,0,0,0
1,6,0,0,0,3,12,14,0,10,52,50,37,24,10,0,0,5,0,0,0,0,0,0
0,6,0,6,0,3,2,2,0,0,13,47,9,12,12,9,4,4,0,0,0,0,0,0
9,0,6,0,3,1,6,0,0,8,14,51,45,14,9,11,12,18,10,5,0,0,3,3
0,3,11,8,0,0,6,0,0,16,13,60,56,36,14,14,30,20,11,8,4,0,2,3
3,9,0,9,6,0,6,0,0,1,14,24,53,15,13,14,50,14,8,9,7,7,0,5

0,8,13,79,93,79,12,3,4,0,0,0,0,3,4,0,0,0,0,0,0,7,30,23
0,13,55,102,61,8,0,1,0,0,1,1,31,52,68,10,2,0,0,0,0,8,41,64
4,13,12,52,97,62,28,22,13,10,5,71,82,170,227,107,66,58,13,0,0,12,33,56
7,0,0,12,57,64,53,54,29,1,1,19,80,110,111,90,73,36,0,0,0,5,12,16
2,0,0,6,49,64,95,71,55,9,0,55,62,65,83,57,12,3,0,0,0,12,37,52
1,0,0,12,16,46,71,87,62,56,48,58,67,74,71,51,18,14,12,2,6,50,48,50
0,2,8,3,1,14,64,72,80,81,89,80,72,71,74,66,43,44,50,8,9,14,6,0
0,0,0,6,0,0,45,68,87,93,91,91,107,86,90,68,80,67,62,29,7,0,0,0
0,2,3,0,1,4,50,69,81,99,116,134,124,99,91,91,82,69,65,50,7,0,0,0
0,4,0,11,0,5,3,63,82,113,166,188,166,118,95,103,96,86,69,19,11,0,0,0
0,0,0,0,4,11,21,59,95,134,188,200,172,138,106,116,120,97,63,50,11,0,0,0
0,0,5,13,10,23,25,69,107,144,180,164,171,162,142,147,129,87,62,31,11,0,0,0
0,0,0,4,0,3,14,68,102,127,160,179,196,178,164,144,134,107,65,29,11,9,0,0
0,0,0,4,0,1,26,74,107,126,157,172,190,168,149,146,145,115,76,50,12,5,0,0
11,9,0,13,13,14,32,47,101,120,152,180,159,130,97,112,121,78,60,31,11,3,0,0
7,3,8,11,6,1,34,55,71,100,143,145,119,98,103,115,105,60,76,56,6,0,0,0
3,3,0,12,9,3,7,50,58,65,92,131,107,117,104,93,108,102,101,23,13,5,0,0
2,3,6,11,14,13,23,39,57,70,105,108,142,159,140,112,98,60,55,37,20,12,7,3
4,2,8,8,9,8,13,50,80,66,86,129,142,155,141,126,114,101,71,28,6,0,0,0
4,7,6,4,5,11,12,73,105,108,115,133,139,133,109,126,108,60,56,13,7,0,0,0
5,5,5,12,11,9,23,79,112,120,132,124,135,124,89,90,101,68,40,14,5,8,0,0
17,13,12,16,19,12,18,52,98,126,126,117,132,127,120,117,85,60,48,40,12,1,0,0
8,11,4,9,12,14,14,77,116,132,137,127,128,133,134,124,106,75,60,44,27,14,1,0
1,9,12,12,12,13,14,101,121,132,148,148,144,125,138,136,119,102,100,60,44,12,2,1
10,13,12,22,33,18,52,95,120,134,155,168,145,116,115,111,105,106,105,79,62,12,8,0
0,0,8,14,14,13,10,100,119,129,148,161,146,114,103,102,110,109,103,88,53,13,7,9
5,0,2,12,10,13,52,73,113,124,132,141,129,107,100,101,102,102,102,69,53,13,13,0
1,3,7,10,12,11,16,45,106,118,123,123,128,104,63,87,76,105,100,108,39,12,13,1
11,6,9,9,11,15,24,12,82,113,122,105,101,77,56,77,103,105,102,77,10,8,9,5
2,5,9,4,7,24,11,24,46,63,85,88,76,70,62,72,89,82,62,70,14,0,0,12
11,13,6,12,13,9,26,11,31,58,76,84,67,52,56,55,69,106,67,17,14,12,0,11
5,0,0,3,6,12,12,14,44,67,77,92,76,58,54,58,84,133,91,53,10,7,0,4
0,0,3,6,8,11,11,11,12,50,84,74,62,51,51,54,57,60,59,38,0,0,0,9
5,9,7,0,1,10,13,6,48,57,69,58,53,50,44,51,54,53,53,14,0,0,0,3
6,4,0,1,0,12,7,0,32,54,55,50,32,20,14,13,31,51,38,10,0,0,0,0
0,1,10,1,8,13,5,1,32,53,57,55,20,6,9,10,12,34,13,2,0,0,0,0
0,3,8,8,10,5,4,5,14,37,58,51,13,3,5,6,4,10,10,1,0,0,0,0
0,0,6,11,13,4,11,0,10,34,53,53,25,12,5,3,0,1,10,8,7,0,0,0
1,6,9,4,9,11,14,11,4,28,52,38,36,33,10,4,4,3,2,4,0,0,0,0
1,6,0,0,0,3,12,14,0,10,52,51,37,25,10,0,0,6,1,0,0,0,0,0
0,7,0,6,0,3,2,2,0,0,13,48,9,12,12,9,4,4,0,0,0,0,0,0
9,0,6,0,3,1,6,0,0,9,14,51,46,14,9,11,12,18,10,6,0,0,3,3
0,3,11,7,0,0,6,0,0,16,13,60,56,32,14,14,29,22,11,8,4,0,1,3
3,9,0,9,5,0,6,0,0,0,14,25,53,15,13,14,50,14,8,9,7,7,0,5

0,8,13,79,93,79,12,3,4,0,0,0,0,3,4,0,0,0,0,0,0,7,31,24
0,13,55,102,61,8,0,1,0,0,1,1,29,52,68,10,2,0,0,0,0,8,42,64
4,13,12,52,97,62,28,22,13,10,5,69,82,170,225,107,66,58,13,0,0,12,33,56
7,0,0,12,57,64,53,54,28,1,1,17,81,110,111,90,73,36,0,0,0,5,12,17
2,0,0,6,49,64,95,71,55,9,0,55,62,65,83,57,12,3,0,0,0,12,39,52
1,0,0,12,16,46,70,87,62,56,49,58,67,74,70,51,18,14,12,2,6,50,49,50
0,2,8,3,1,14,64,72,80,81,89,80,72,71,74,66,43,43,50,8,9,14,6,0
0,0,0,6,0,0,45,67,87,93,91,92,108,86,90,68,80,68,62,29,7,0,0,0
0,2,3,0,1,4,50,69,81,99,117,135,124,100,91,91,82,69,65,48,7,0,0,0
0,5,0,11,0,5,3,63,82,114,168,189,166,118,95,103,97,86,69,19,11,0,0,0
0,0,0,0,4,11,21,59,95,135,190,200,171,137,105,115,119,97,63,50,11,0,0,0
0,0,5,13,10,23,24,69,107,145,181,164,169,159,140,145,129,87,62,31,11,0,0,0
0,0,0,5,0,3,15,68,103,128,161,178,194,175,161,143,133,107,65,30,11,9,0,0
0,0,0,4,0,1,26,75,107,128,160,174,188,168,149,145,145,115,77,50,12,5,0,0
11,9,0,13,13,14,33,47,101,122,156,179,160,131,98,112,120,78,60,36,11,3,0,0
7,3,8,11,6,1,36,55,72,101,143,145,120,99,104,116,105,60,76,57,6,0,0,0
3,3,0,12,9,3,7,50,58,65,92,131,108,118,104,93,108,102,101,25,14,5,0,0
2,3,6,11,14,13,23,39,57,70,105,109,143,161,141,114,99,61,55,37,20,12,7,3
4,2,9,9,9,8,13,48,79,66,86,129,143,156,141,127,115,101,71,28,6,0,0,0
4,7,6,4,5,11,12,70,104,107,114,133,139,134,110,126,108,60,56,13,7,0,0,0
6,5,5,13,11,9,22,76,111,119,130,124,136,124,89,91,101,68,39,14,5,7,0,0
17,13,12,16,19,12,17,52,97,123,125,116,132,127,120,117,85,59,47,37,12,1,0,0
8,11,4,9,11,14,13,77,115,131,136,126,127,133,133,124,106,74,59,44,27,13,0,0
1,10,12,12,12,13,14,101,121,132,148,148,143,124,137,135,118,102,100,60,44,12,2,1
10,13,12,21,31,18,51,94,120,134,155,168,145,116,114,111,105,105,105,78,60,12,8,0
0,0,8,14,14,13,10,100,119,129,148,161,146,114,103,102,110,109,103,90,53,13,7,9
5,0,2,12,10,13,52,73,113,124,132,141,129,107,100,101,102,102,102,70,53,13,13,0
1,3,7,10,12,11,17,45,105,118,123,123,128,104,63,87,76,105,100,108,40,12,13,1
11,6,9,9,11,15,24,12,81,113,122,105,101,77,55,77,103,105,102,77,10,8,9,5
2,5,9,4,7,23,11,24,46,63,85,88,76,70,62,73,89,82,62,70,14,0,0,12
11,13,6,12,13,9,25,11,31,57,75,84,67,52,56,55,69,106,67,15,14,12,0,11
5,0,0,3,6,12,12,14,47,67,77,93,76,58,55,58,85,134,93,53,10,7,0,4
0,0,3,6,8,11,10,11,12,50,84,75,62,52,52,54,57,60,59,37,0,0,0,9
5,9,7,0,1,10,13,6,47,58,69,59,53,50,43,51,54,54,53,15,0,0,0,3
6,4,0,1,0,12,6,0,32,54,55,50,33,20,14,13,32,51,39,10,0,0,0,0
0,1,10,1,8,13,5,1,33,53,57,55,20,6,9,10,12,34,13,2,0,0,0,0
0,3,8,8,10,5,4,5,14,37,58,51,13,3,5,6,4,10,10,2,0,0,0,0
0,0,6,11,13,5,11,0,10,33,53,53,26,12,5,3,0,1,10,8,7,0,0,0
1,6,9,4,9,11,14,11,5,28,53,38,36,33,10,4,4,3,2,4,0,0,0,0
1,6,0,0,0,3,12,14,0,10,52,51,38,25,10,0,0,6,1,0,0,0,0,0
0,6,0,6,0,3,2,2,0,0,14,47,9,12,12,9,4,4,0,0,0,0,0,0
9,0,6,0,3,1,6,0,0,9,14,51,47,14,9,11,12,18,10,6,0,0,3,3
0,3,11,8,0,0,6,0,0,16,13,61,56,32,14,14,27,20,11,8,4,0,2,3
3,9,0,9,6,0,6,0,0,0,14,26,54,15,13,14,50,14,8,9,8,7,0,5

0,8,13,79,93,80,12,3,4,0,0,0,0,3,4,0,0,0,0,0,0,8,28,22
0,13,55,102,61,8,0,1,0,0,1,1,32,52,68,10,2,0,0,0,0,8,42,64
4,13,12,52,97,62,28,22,13,10,5,70,82,170,226,107,66,58,13,0,0,12,31,56
7,0,0,12,57,64,53,54,29,1,1,19,81,110,111,90,74,37,0,0,0,5,12,17
2,0,0,6,49,64,95,71,55,9,0,55,62,65,83,57,12,3,0,0,0,12,36,52
1,0,0,12,16,46,70,87,62,56,49,58,67,74,70,51,18,14,12,2,6,50,48,50
0,2,8,4,1,14,64,72,79,81,89,80,72,71,74,66,42,44,50,8,9,14,6,0
0,0,0,6,0,0,45,67,87,93,91,92,108,87,90,69,80,68,61,29,7,0,0,0
0,2,3,0,1,4,50,69,81,99,118,135,125,100,91,92,82,69,65,48,7,0,0,0
0,5,0,11,0,5,3,63,82,114,168,189,167,118,95,103,96,86,69,19,11,0,0,0
0,0,0,0,4,11,21,59,95,135,190,200,170,137,105,115,119,97,63,50,11,0,0,0
0,0,5,13,10,23,25,69,107,145,180,164,168,158,139,145,129,87,62,32,11,0,0,0
0,0,0,5,0,3,15,68,102,127,160,176,192,174,160,143,133,107,65,30,11,9,0,0
0,0,0,5,0,1,29,75,107,128,160,174,188,169,149,144,144,115,77,50,12,6,0,0
11,9,0,13,13,15,34,47,101,122,156,178,160,132,99,113,120,78,60,39,12,4,0,0
7,3,8,11,6,2,36,55,72,101,143,145,121,101,106,116,106,60,77,58,7,0,0,0
3,3,0,12,9,3,8,50,58,65,92,132,109,119,106,95,109,103,101,27,14,5,0,0
2,3,6,11,14,13,23,39,57,70,106,110,144,163,142,115,100,61,56,37,20,12,7,3
4,2,9,9,9,8,13,47,79,66,86,129,144,157,142,128,115,101,71,29,6,0,0,0
4,7,6,4,5,11,12,66,104,107,114,134,140,135,110,127,109,60,56,13,7,0,0,0
5,5,5,13,11,9,19,75,111,118,129,124,136,124,89,91,101,69,38,14,5,7,0,0
17,13,12,16,18,11,17,51,96,122,124,116,132,127,120,117,85,59,47,36,12,0,0,0
8,11,3,9,11,14,13,76,115,130,136,125,127,133,133,124,106,73,58,43,26,13,0,0
1,9,12,12,12,13,14,101,121,132,148,148,142,124,137,135,118,102,100,60,44,12,2,1
10,13,12,21,31,18,51,93,120,134,154,167,145,116,114,111,105,105,105,78,60,11,7,0
0,0,8,14,14,13,10,100,119,129,148,161,146,114,103,102,110,109,103,88,53,13,7,9
5,0,2,12,10,13,50,74,113,124,132,141,128,107,100,101,102,102,102,68,53,13,13,0
1,3,7,10,12,11,17,44,105,118,123,123,128,104,63,87,76,105,100,108,40,12,13,1
11,6,9,9,11,15,24,12,81,113,122,105,101,77,56,77,103,105,102,77,10,8,9,5
2,5,9,3,7,23,11,25,46,63,85,88,76,70,63,72,89,83,62,70,15,0,0,12
11,13,6,12,13,9,26,11,31,57,75,84,67,52,56,55,69,107,67,15,14,12,0,11
5,0,0,3,6,12,12,14,46,67,77,93,76,58,55,58,85,134,93,53,10,7,0,4
0,0,3,6,8,11,10,11,12,50,84,75,62,52,52,54,57,61,59,38,0,0,0,9
5,9,7,0,1,10,13,6,49,58,69,59,53,50,43,51,54,54,53,15,0,0,0,3
6,4,0,1,0,12,7,0,31,54,55,50,33,20,14,14,31,51,39,10,0,0,0,0
0,1,10,1,8,13,5,1,33,53,57,55,21,6,9,10,12,36,13,2,0,0,0,0
0,3,8,8,10,5,4,5,14,37,59,51,13,3,6,6,4,10,10,2,0,0,0,0
0,0,6,11,13,5,11,0,10,33,53,53,26,12,6,3,0,1,10,8,7,0,0,0
1,6,9,4,9,11,13,11,4,29,53,38,36,34,10,4,4,3,2,4,0,0,0,0
1,6,0,0,0,3,12,14,0,10,52,51,38,24,10,0,0,6,1,0,0,0,0,0
0,7,0,6,0,3,2,2,0,0,13,50,9,12,12,10,4,4,0,0,0,0,0,0
9,0,6,1,3,1,6,0,0,9,14,52,48,14,9,11,12,18,11,6,0,0,3,3
0,3,11,7,0,0,6,0,0,16,13,61,56,31,14,16,29,23,11,8,4,0,2,3
3,9,0,9,6,0,6,0,0,0,14,26,54,15,13,14,50,14,8,9,8,7,0,5

0,8,13,79,93,79,12,3,4,0,0,0,0,3,4,0,0,0,0,0,0,8,28,24
0,13,54,102,62,8,0,1,0,0,1,1,32,52,68,10,2,0,0,0,0,8,42,64
4,13,12,52,97,62,28,22,13,10,5,71,82,170,226,107,66,58,13,0,0,12,31,56
7,0,0,12,57,64,53,54,28,1,1,19,81,110,111,90,74,36,0,0,0,5,12,17
2,0,0,6,49,64,95,71,55,9,0,55,62,65,83,57,12,4,0,0,0,12,37,52
1,0,0,12,16,46,70,87,62,56,49,58,68,74,70,52,19,14,12,2,6,50,48,50
0,2,8,4,1,14,64,72,80,81,89,80,72,71,74,66,42,44,50,8,9,14,7,0
0,0,0,6,0,0,45,67,87,93,91,92,108,87,91,69,80,68,61,30,7,0,0,0
0,2,3,0,1,4,50,69,81,99,118,135,125,101,92,92,82,69,65,48,7,0,0,0
0,5,0,11,0,5,3,63,83,114,168,190,167,119,95,103,97,86,69,19,11,0,0,0
0,0,0,0,4,11,22,59,95,135,190,201,172,138,106,116,120,97,63,50,11,0,0,0
0,0,5,13,10,23,25,69,107,144,180,164,170,160,141,146,129,87,62,32,11,0,0,0
0,0,0,5,0,3,15,68,103,127,159,177,194,175,161,143,133,107,65,30,11,10,0,0
0,0,0,4,0,1,29,75,107,127,159,173,188,168,149,144,144,115,77,50,12,6,0,0
11,9,0,13,13,14,33,47,101,121,155,179,160,131,98,112,120,78,60,35,12,4,0,0
7,3,8,11,6,1,36,55,72,101,143,145,121,100,105,116,105,60,76,57,7,0,0,0
3,3,0,12,9,3,7,50,58,65,92,132,108,118,105,94,109,103,101,27,14,5,0,0
2,3,6,11,14,13,23,39,57,70,105,109,144,162,142,114,100,61,55,37,20,12,7,3
4,2,9,9,9,8,13,47,79,66,86,129,144,157,142,128,115,101,71,31,6,0,0,0
4,7,6,4,5,11,12,69,104,107,114,134,140,134,110,127,109,60,56,13,7,0,0,0
5,5,5,13,11,9,19,75,111,119,129,124,136,124,90,91,101,68,38,14,6,7,0,0
17,13,12,16,18,11,17,52,96,123,124,116,133,127,120,117,85,59,47,36,12,1,0,0
8,11,3,9,11,14,13,77,115,130,136,126,127,133,133,124,106,73,59,44,26,13,0,0
0,9,12,12,12,13,14,101,121,132,148,148,143,124,137,135,118,102,100,59,44,12,2,1
10,13,12,21,31,18,52,93,120,134,154,168,145,116,114,111,105,105,105,78,60,12,8,0
0,0,8,14,14,13,10,100,119,129,148,160,146,114,103,102,110,109,103,89,54,13,7,9
5,0,2,12,10,13,51,74,113,124,132,141,128,107,100,101,102,102,102,68,53,13,13,0
1,3,7,10,12,11,16,45,106,118,123,123,128,104,63,87,76,105,100,108,40,12,13,1
11,6,9,9,11,15,24,13,82,113,123,105,101,77,56,77,103,105,102,77,10,8,9,5
2,5,9,3,7,23,11,24,46,63,85,88,76,70,62,73,89,83,62,70,14,0,0,12
11,13,6,12,13,9,26,11,31,57,75,84,67,52,56,55,69,107,67,17,14,12,0,11
5,0,0,3,6,12,12,14,46,68,77,93,76,58,55,59,85,134,93,53,10,7,0,4
0,0,3,6,8,11,11,11,12,50,84,75,62,52,52,54,57,60,59,38,0,0,0,9
5,9,7,0,1,10,13,6,49,58,69,59,53,50,44,51,54,53,53,15,0,0,0,3
6,4,0,1,0,12,6,0,32,54,55,50,33,20,14,14,32,51,40,10,0,0,0,0
0,1,10,1,8,13,5,1,33,53,57,55,20,6,9,10,12,34,14,2,0,0,0,0
0,3,8,8,10,5,3,5,14,37,58,51,13,3,6,6,4,10,10,2,0,0,0,0
0,0,6,11,13,5,11,0,10,34,53,53,26,12,5,3,0,1,10,8,7,0,0,0
1,6,9,4,9,11,14,11,5,28,53,38,36,33,10,4,4,3,2,4,0,0,0,0
1,6,0,0,0,3,12,14,0,10,52,51,38,25,10,0,0,6,1,0,0,0,0,0
0,7,0,6,0,3,2,2,0,0,13,47,9,12,12,10,4,4,0,0,0,0,0,0
9,0,6,0,3,1,6,0,0,9,14,52,48,14,9,11,12,18,11,6,0,0,3,3
0,3,11,8,0,0,6,0,0,16,13,60,56,33,14,14,29,22,11,8,4,0,2,3
3,9,0,9,6,0,6,0,0,0,14,26,53,15,13,14,50,14,8,9,8,7,0,5

0,8,13,79,93,80,12,3,4,0,0,0,0,3,4,0,0,0,0,0,0,8,29,24
0,13,55,102,61,8,0,1,0,0,1,1,33,52,68,10,2,0,0,0,0,8,43,64
4,13,12,52,97,62,28,22,13,10,5,71,82,170,226,107,66,58,13,0,0,12,31,56
7,0,0,12,57,64,53,54,28,1,1,18,81,110,111,90,74,36,0,0,0,6,12,17
2,0,0,6,49,64,95,71,55,9,0,55,62,65,83,57,12,4,0,0,0,12,37,52
1,0,0,12,16,46,70,86,62,56,49,58,67,74,71,51,19,14,12,2,7,50,48,50
0,2,8,4,1,14,64,72,79,81,89,80,72,71,74,66,43,44,50,8,9,14,7,0
0,0,0,6,0,0,45,67,87,93,91,92,108,87,91,69,80,68,61,29,7,0,0,0
0,2,3,0,1,5,50,69,81,99,118,136,125,101,92,92,82,69,65,50,8,0,0,0
0,5,0,12,0,5,3,63,83,113,167,190,168,119,96,104,97,86,69,20,11,0,0,0
0,0,0,0,4,11,23,59,95,135,190,201,173,139,107,117,120,97,63,50,11,0,0,0
0,0,5,13,10,22,25,69,107,144,180,165,171,162,142,147,130,87,62,32,11,0,0,0
0,0,0,5,0,3,15,68,102,127,159,178,195,177,162,144,133,107,65,30,11,10,0,0
0,0,0,5,0,1,26,74,107,127,158,172,189,168,149,145,144,115,76,50,11,6,0,0
11,9,0,13,13,14,33,47,101,121,153,179,159,131,98,112,120,78,60,35,12,3,0,0
7,3,8,11,6,1,34,55,72,100,143,145,120,99,104,115,105,60,76,57,7,0,0,0
3,3,0,12,9,3,7,50,58,65,92,131,108,118,104,93,108,102,101,26,14,5,0,0
2,3,6,11,14,13,23,39,57,70,104,109,143,161,141,114,99,61,56,37,20,12,7,3
4,2,9,9,9,8,13,48,79,66,86,129,143,156,142,127,115,101,71,31,6,0,0,0
4,7,6,4,5,11,12,69,104,107,114,133,140,134,110,126,108,60,56,13,7,0,0,0
5,5,5,13,11,9,20,77,111,119,130,124,136,124,89,91,101,69,39,14,6,7,0,0
17,13,12,16,18,12,18,52,98,124,125,117,133,127,120,117,85,59,48,38,12,1,0,0
8,11,3,9,11,14,14,77,115,131,137,126,128,133,134,124,106,74,59,44,27,14,1,0
0,9,12,12,12,13,14,101,121,132,148,148,143,124,138,136,118,102,100,60,44,12,2,1
10,13,11,21,31,19,53,94,120,134,155,168,145,116,115,111,105,105,105,79,61,12,8,0
0,0,8,14,14,13,10,100,119,129,148,160,146,114,103,102,110,109,103,88,53,13,7,9
5,0,2,12,10,13,52,74,113,124,132,141,128,107,100,101,102,102,102,69,53,13,13,0
1,3,7,10,12,11,17,46,106,118,123,123,128,104,63,87,76,105,100,108,40,12,13,1
11,6,9,9,11,15,24,13,83,113,122,105,101,77,56,77,103,105,102,78,10,8,9,5
2,5,9,3,7,23,11,24,46,63,85,88,76,70,62,73,89,82,62,70,14,0,0,12
11,13,6,12,13,9,26,11,31,57,76,84,67,52,56,55,69,107,67,16,14,12,0,11
5,0,0,3,6,12,12,14,46,67,76,93,76,58,55,58,85,134,93,53,10,7,0,4
0,0,3,6,8,11,11,11,12,51,84,75,62,52,52,54,57,60,59,39,0,0,0,9
5,9,7,0,1,10,13,6,49,57,69,58,53,50,43,51,54,54,53,15,0,0,0,3
6,4,0,1,0,12,7,0,31,54,55,50,33,21,14,14,32,51,40,10,0,0,0,0
0,1,10,1,8,13,5,1,33,53,57,55,20,6,9,10,12,34,13,2,0,0,0,0
0,3,8,8,10,5,4,5,14,36,58,51,13,3,6,6,5,10,10,2,0,0,0,0
0,0,6,11,13,5,11,0,10,34,53,53,26,12,5,4,0,1,10,8,7,0,0,0
1,6,10,4,9,11,14,11,4,28,53,37,36,34,10,4,4,3,2,4,0,0,0,0
1,6,0,0,0,3,12,14,0,10,52,51,37,25,10,0,0,6,1,0,0,0,0,0
0,7,0,6,0,3,2,2,0,0,13,48,9,12,12,10,4,4,0,0,0,0,0,0
9,0,6,0,3,1,6,0,0,8,14,51,48,14,9,11,12,18,11,6,0,0,3,3
0,3,11,8,0,0,6,0,0,16,13,60,56,32,14,15,29,23,11,8,4,0,2,3
3,9,0,9,6,0,6,0,0,1,14,24,54,15,13,14,50,14,8,9,8,7,0,5

0,8,13,78,93,79,12,3,4,0,0,0,0,3,4,0,0,0,0,0,0,8,29,24
0,13,54,102,61,9,0,1,0,0,1,1,29,52,68,10,2,0,0,0,0,8,42,64
4,13,12,52,97,62,29,22,13,10,5,72,82,169,224,107,66,58,13,0,0,12,31,56
7,0,0,12,57,64,53,54,29,1,1,19,80,110,111,89,73,36,1,0,0,6,13,17
2,0,0,6,49,64,95,71,55,9,0,55,62,65,83,57,12,4,0,0,0,12,39,52
1,0,0,12,16,46,70,86,62,56,49,58,67,74,71,51,19,14,12,2,7,50,48,50
0,2,8,4,1,14,64,72,80,81,89,80,73,71,74,66,44,44,50,8,9,14,7,0
0,0,0,6,0,0,45,67,87,93,91,92,108,87,91,69,80,68,62,30,7,0,0,0
0,2,4,0,1,5,50,69,81,99,118,136,126,101,92,92,82,69,65,50,8,0,0,0
0,5,0,12,0,5,3,63,82,113,168,190,168,120,96,104,97,86,69,20,12,0,0,0
0,0,0,0,5,11,23,59,95,134,190,201,173,140,108,118,121,98,64,50,12,0,0,0
0,0,5,13,10,23,26,70,107,144,180,166,172,164,144,148,130,88,62,34,11,0,0,0
0,0,0,5,0,3,15,68,102,127,160,179,196,178,164,145,134,107,65,30,11,10,0,0
0,0,0,5,0,1,26,74,107,126,157,172,189,167,148,145,145,115,76,50,12,6,0,0
11,9,0,13,13,14,32,46,101,121,152,179,158,130,97,111,120,78,60,33,11,3,0,0
7,3,8,11,6,2,34,55,72,100,143,144,119,98,103,115,105,60,76,56,6,0,0,0
3,3,0,12,9,3,7,50,58,65,92,131,107,117,104,93,108,102,101,25,13,5,0,0
2,3,6,11,14,13,23,39,57,70,105,109,142,160,140,113,98,61,55,37,20,12,7,3
4,2,9,9,9,8,13,49,79,66,86,129,143,156,141,126,115,101,71,29,6,0,0,0
4,7,6,4,5,11,12,72,105,107,114,133,139,133,110,126,108,60,56,13,7,0,0,0
5,5,5,13,11,9,21,77,111,120,130,124,135,124,89,91,101,68,39,14,6,8,0,0
17,13,12,16,19,12,18,52,98,125,125,117,132,127,120,117,85,60,48,40,13,1,0,0
8,11,3,9,11,14,14,78,116,131,137,126,128,133,134,124,106,75,60,44,27,14,1,0
0,9,12,12,12,13,14,101,121,132,148,148,144,124,138,136,119,102,100,60,44,13,3,1
10,13,12,21,31,18,52,94,120,134,154,168,145,116,115,111,105,105,105,79,61,12,8,0
0,0,8,14,14,13,10,100,119,129,148,160,146,114,103,102,110,109,103,90,54,13,7,9
5,0,2,12,10,13,52,74,113,124,132,141,128,107,100,101,102,102,102,69,53,13,13,0
1,3,7,10,12,11,17,44,106,118,123,123,128,104,63,87,77,105,100,108,40,12,13,1
11,6,9,9,11,15,24,13,82,113,123,105,101,77,56,77,103,105,102,77,10,8,9,5
2,5,9,3,7,23,11,24,46,63,85,88,76,70,63,72,89,83,62,70,14,0,0,12
11,13,6,12,13,9,26,11,31,57,75,84,67,52,56,55,69,107,67,17,14,12,0,11
5,0,0,3,6,12,12,14,46,67,77,93,76,59,55,58,85,134,93,53,10,7,0,4
0,0,3,6,8,11,11,12,12,51,84,74,62,52,51,54,57,60,59,38,0,0,0,9
5,9,7,0,1,10,13,6,49,57,69,58,53,50,44,51,54,53,53,15,0,0,0,3
6,4,0,1,0,12,7,0,32,54,55,50,33,20,14,14,32,51,39,10,0,0,0,0
0,1,10,1,8,13,5,1,33,53,57,55,20,6,9,10,12,34,13,2,0,0,0,0
0,3,8,8,10,5,4,5,14,37,58,51,13,4,6,6,5,10,10,2,0,0,0,0
0,0,6,11,13,5,11,0,10,33,53,53,26,12,6,4,0,1,10,8,7,0,0,0
1,6,9,4,9,11,14,11,5,28,53,38,36,33,10,4,4,3,2,4,0,0,0,0
1,6,0,0,0,3,12,14,0,10,52,51,37,24,10,0,0,6,1,0,0,0,0,0
0,7,0,6,0,3,2,2,0,0,13,47,9,12,12,10,4,4,0,0,0,0,0,0
9,0,6,0,3,1,6,0,0,9,14,51,47,14,9,11,12,18,11,6,0,0,3,3
0,3,11,7,0,0,6,0,0,16,13,61,56,32,14,15,27,22,11,8,4,0,2,3
3,9,0,9,6,0,6,0,0,1,14,24,53,15,13,14,50,14,8,9,8,7,0,5

0,8,13,78,92,79,12,3,4,0,0,0,0,3,4,0,0,0,0,0,0,8,28,23
0,13,55,102,61,8,0,2,0,0,1,1,32,52,68,10,2,0,0,0,0,8,43,64
4,13,12,52,97,62,28,22,13,10,5,70,82,170,225,107,66,58,13,0,0,12,33,56
7,0,0,12,57,64,53,54,28,1,1,18,80,110,111,89,74,36,1,0,0,6,13,18
2,0,0,6,49,64,95,71,55,10,0,56,62,65,83,57,12,4,0,0,0,12,39,52
1,0,0,12,16,46,70,87,62,56,49,58,68,74,71,52,19,14,12,2,7,50,49,50
0,2,8,4,1,14,64,72,80,81,89,80,73,71,75,66,44,45,50,8,9,14,7,0
0,0,0,6,0,0,47,68,87,93,91,93,108,87,91,69,81,68,62,32,7,0,0,0
0,2,4,0,1,5,50,69,81,99,117,135,126,101,92,93,83,69,65,50,8,0,0,0
0,5,0,12,0,5,3,63,82,113,167,190,168,120,96,105,98,87,69,22,12,0,0,0
0,0,0,0,5,11,23,59,95,134,189,201,174,141,108,118,121,98,64,50,12,0,0,0
0,0,5,13,10,23,25,70,107,143,179,165,173,166,146,149,130,88,62,35,11,0,0,0
0,0,0,5,0,3,15,68,102,127,159,179,197,179,165,145,134,107,65,30,11,10,0,0
0,0,0,5,0,2,25,75,107,126,156,171,189,167,148,145,145,115,76,50,11,6,0,0
11,9,0,13,13,14,32,46,100,120,150,179,158,129,96,111,120,77,60,31,11,3,0,0
7,3,8,11,6,1,33,55,71,100,142,144,118,97,102,114,105,60,76,56,6,0,0,0
3,3,0,12,9,3,7,50,58,65,91,130,106,116,103,92,108,102,101,21,13,5,0,0
2,3,6,11,14,13,23,39,57,70,104,108,142,159,139,112,98,61,55,37,20,12,7,3
4,2,8,9,9,8,13,50,80,66,86,128,142,155,140,126,114,100,71,28,6,0,0,0
4,7,6,4,5,11,12,74,105,108,115,133,139,133,110,126,108,60,56,13,7,0,0,0
5,5,5,12,11,9,23,78,112,120,131,124,135,123,89,90,100,68,40,14,6,8,0,0
17,13,12,16,19,12,18,53,99,126,126,117,132,127,120,117,85,60,49,40,13,2,0,0
8,11,3,9,11,14,14,78,116,132,138,127,128,134,134,124,106,75,60,45,27,14,1,0
1,10,12,12,12,13,14,101,122,132,148,149,144,125,138,136,119,103,100,60,45,13,3,2
10,13,12,21,31,19,52,94,120,134,155,168,145,116,115,111,105,105,105,79,60,12,8,0
0,0,8,14,14,13,10,100,119,129,148,161,146,114,103,102,110,109,103,90,54,13,7,10
5,0,2,12,10,13,52,73,113,124,132,141,129,107,101,101,102,102,102,70,53,13,13,0
1,3,7,10,12,11,19,46,106,118,123,123,128,104,63,87,76,106,100,108,41,12,13,1
11,6,9,9,11,15,24,13,82,113,122,105,101,77,56,77,103,105,102,78,10,8,9,5
2,5,9,4,7,24,11,25,46,63,85,88,76,70,63,73,89,83,62,71,15,0,0,12
11,13,6,12,13,9,26,11,31,57,75,84,67,52,56,55,69,107,67,17,14,12,0,11
5,0,0,4,6,12,12,14,46,68,77,93,76,60,55,58,85,134,93,53,10,7,0,4
0,0,3,6,8,11,11,12,12,50,84,74,62,52,51,54,57,60,59,38,0,0,0,9
5,9,7,0,1,10,13,6,50,57,69,59,53,50,43,51,54,53,53,16,0,0,0,3
6,4,0,1,0,12,6,0,32,54,55,50,33,20,14,14,32,51,39,10,0,0,0,0
0,1,10,1,8,13,5,1,32,53,57,55,20,6,9,10,12,36,14,2,0,0,0,0
0,3,8,8,10,5,3,5,14,36,58,51,13,3,6,6,5,10,10,2,0,0,0,0
0,0,6,11,13,5,11,0,10,33,53,54,27,12,6,4,0,1,10,8,7,0,0,0
1,6,9,4,9,11,13,11,4,28,53,37,35,34,10,4,4,3,2,4,0,0,0,0
1,6,0,0,0,3,12,14,0,10,52,51,37,24,10,0,0,6,1,0,0,0,0,0
0,6,0,6,0,3,2,2,0,0,14,47,9,12,12,10,4,4,0,0,0,0,0,0
9,0,6,0,3,1,6,0,0,9,14,51,46,14,9,11,12,18,11,6,0,0,3,3
0,3,11,8,0,0,6,0,0,16,13,60,55,32,14,14,27,22,11,8,4,0,2,3
3,9,0,9,6,0,6,0,0,1,14,25,54,15,13,14,50,14,8,9,8,7,0,5

0,8,13,78,92,78,12,3,4,0,0,0,0,3,4,0,0,0,0,0,0,8,29,23
0,13,55,102,61,8,0,2,0,0,1,1,31,52,68,10,2,0,0,0,0,8,43,64
4,13,12,52,97,62,28,22,13,10,5,72,82,170,225,107,65,58,13,0,0,12,31,56
7,0,0,12,57,64,53,55,29,1,1,19,80,110,111,90,73,37,1,0,0,6,13,18
2,0,0,6,49,64,95,71,55,10,0,55,62,65,83,57,12,4,0,0,0,12,39,52
1,0,0,12,16,46,71,87,62,56,49,58,68,74,71,52,20,14,12,2,7,50,49,50
0,2,8,4,1,14,64,72,80,81,89,80,73,71,74,66,44,44,50,8,9,14,7,0
0,0,0,6,0,0,49,68,87,93,91,92,108,87,91,69,81,68,62,34,7,0,0,0
0,2,4,0,1,5,50,69,81,99,117,135,126,101,92,93,83,69,65,50,8,0,0,0
0,5,0,12,0,5,3,63,82,113,167,190,169,120,96,105,98,87,69,23,12,0,0,0
0,0,0,0,5,11,22,59,95,134,189,201,175,141,108,118,121,98,64,50,12,0,0,0
0,0,5,13,10,23,26,70,107,143,179,165,174,166,146,149,131,88,62,35,11,0,0,0
0,0,0,5,0,3,15,68,102,127,159,179,198,180,166,145,134,107,65,30,11,10,0,0
0,0,0,5,0,2,24,74,107,126,155,170,189,167,148,146,145,114,76,50,11,6,0,0
11,9,0,13,13,14,32,46,100,120,150,179,158,128,96,111,121,77,60,30,11,3,0,0
7,3,8,11,6,1,34,55,72,100,142,144,118,97,102,114,105,60,76,56,6,0,0,0
3,3,0,12,9,2,7,50,58,65,91,130,106,116,103,92,108,102,101,21,13,5,0,0
2,3,6,11,14,13,23,39,57,70,104,107,141,159,139,112,97,61,55,37,20,12,7,3
4,2,8,9,9,8,13,50,80,66,86,128,142,154,140,125,114,100,71,28,6,0,0,0
4,7,6,4,5,11,12,75,105,108,114,132,138,133,109,126,108,60,57,13,7,0,0,0
5,5,5,13,11,9,24,78,112,121,132,124,135,123,89,90,101,67,40,15,6,8,0,0
17,13,12,16,19,12,18,53,99,127,127,117,132,127,120,117,86,60,49,42,13,2,0,0
8,11,3,9,12,14,14,78,116,132,138,127,128,134,134,124,106,76,61,45,27,14,1,0
1,10,12,12,12,13,14,101,122,132,148,149,144,125,138,136,119,103,100,60,47,13,3,2
10,13,12,22,32,19,52,94,120,134,155,168,146,116,115,111,105,105,105,79,61,12,8,0
0,0,8,14,14,13,10,100,119,129,148,160,146,114,103,102,110,109,103,90,53,13,7,10
5,0,2,12,10,13,52,74,113,124,132,141,129,107,101,101,102,102,102,70,53,13,13,0
1,3,7,10,12,11,17,47,106,118,123,123,128,104,64,88,76,106,100,108,41,12,13,1
11,6,9,9,11,15,24,13,82,113,123,105,101,77,56,77,103,105,102,78,10,8,9,6
2,5,9,4,7,24,11,25,46,63,85,88,76,70,63,73,89,83,62,71,14,0,0,12
11,13,6,12,13,9,26,11,31,57,75,84,67,52,56,55,69,106,67,17,14,12,0,12
5,0,0,4,6,12,12,14,46,67,77,93,76,58,55,59,85,133,91,53,10,7,0,4
0,0,3,6,8,11,11,12,12,50,84,74,62,52,51,54,57,60,59,38,0,0,0,9
5,9,6,0,1,10,13,6,50,58,69,58,53,50,43,51,54,54,53,15,0,0,0,3
6,4,0,1,0,12,7,0,31,54,55,50,33,20,14,14,32,51,41,10,0,0,0,0
0,1,10,1,8,13,5,1,33,53,56,55,19,6,9,10,12,37,14,2,0,0,0,0
0,3,8,8,10,6,4,5,14,37,58,51,13,3,6,6,5,11,11,2,0,0,0,0
0,0,6,11,13,5,11,0,10,33,53,53,25,12,6,4,0,2,10,8,7,0,0,0
1,6,9,4,9,11,14,11,5,29,53,37,35,33,10,4,4,3,2,4,0,0,0,0
1,6,0,0,0,3,12,14,0,10,52,51,37,24,10,0,0,6,1,0,0,0,0,0
0,6,0,6,0,3,2,2,0,0,14,47,9,12,12,10,5,4,0,0,0,0,0,0
9,0,6,0,3,1,6,0,0,9,14,52,47,14,9,11,12,19,11,6,0,0,3,3
0,3,11,8,0,0,6,0,0,16,13,60,56,32,14,14,30,25,11,8,4,0,2,3
3,9,0,9,6,0,6,0,0,1,14,26,53,15,13,14,50,14,8,9,8,7,0,5

0,8,13,78,92,78,12,3,4,0,0,0,0,3,4,0,0,0,0,0,0,8,28,24
0,13,55,102,61,9,0,2,0,0,1,1,32,52,68,10,2,0,0,0,0,8,43,64
5,13,12,52,97,62,29,23,13,10,5,70,82,170,225,107,66,58,13,0,0,12,33,56
7,0,0,12,57,64,53,54,30,1,2,23,81,110,111,90,74,37,1,0,0,6,13,18
2,0,0,6,49,64,95,71,55,10,0,56,62,65,83,57,12,4,0,0,0,12,40,52
1,0,0,12,16,46,71,87,63,56,49,58,68,74,71,52,20,14,12,2,7,50,49,50
0,2,8,4,1,14,64,72,80,81,89,80,73,71,75,66,44,45,50,8,9,14,7,0
0,0,0,6,0,0,46,68,88,93,91,92,108,87,91,69,80,68,62,33,7,0,0,0
0,2,4,0,1,5,50,69,81,98,117,135,125,101,92,92,82,69,65,50,8,0,0,0
0,5,0,12,0,5,3,64,82,113,167,190,168,119,96,104,98,87,69,22,12,0,0,0
0,0,0,0,5,11,23,59,95,134,188,201,175,141,108,118,121,98,64,50,12,0,0,0
0,0,6,13,10,23,26,69,107,143,179,166,174,166,146,150,131,88,62,35,11,0,0,0
0,0,0,5,0,3,15,68,102,126,158,180,198,181,167,146,134,107,65,31,11,10,0,0
0,0,0,5,0,2,24,74,106,125,155,170,189,167,149,146,145,114,76,50,11,6,0,0
11,9,0,13,13,14,31,46,100,120,149,179,159,128,96,111,121,77,60,31,11,3,0,0
7,3,8,11,6,1,34,55,71,100,142,144,118,96,102,114,105,60,75,56,6,0,0,0
3,3,0,12,9,2,7,50,58,65,91,130,106,116,103,92,108,102,101,22,13,5,0,0
2,3,6,11,14,12,23,39,58,70,104,108,141,158,139,112,97,61,55,37,20,12,7,3
4,2,8,9,9,8,13,50,80,66,86,128,142,154,140,125,114,101,71,31,6,0,0,0
4,7,6,4,5,11,13,75,105,108,115,132,138,132,109,125,108,60,57,13,7,0,0,0
5,5,5,12,11,9,24,79,112,121,132,124,135,123,88,90,100,67,41,15,6,8,0,0
17,13,12,16,19,12,18,53,100,127,127,117,132,127,119,117,85,60,49,41,13,2,0,0
8,11,3,9,11,14,14,79,116,132,138,127,128,134,134,124,106,75,61,45,28,14,1,0
0,10,12,12,12,13,14,101,122,132,148,149,144,125,138,136,119,102,100,60,47,13,3,2
10,13,12,22,31,20,52,95,120,134,155,168,146,116,115,111,105,105,105,79,62,12,8,0
0,0,8,14,14,13,10,100,119,129,148,160,146,114,103,102,110,109,103,90,53,13,7,10
5,0,1,12,10,13,52,75,113,124,132,141,128,107,101,101,102,102,102,70,53,13,13,0
1,3,7,10,12,11,17,46,106,118,123,123,128,104,63,88,77,106,100,108,41,12,13,1
11,6,9,9,11,15,24,13,83,113,123,105,101,77,56,77,103,105,102,78,10,8,9,6
2,5,9,4,7,24,11,25,46,63,85,88,76,70,63,73,89,83,62,70,15,0,0,12
11,13,6,12,13,9,26,11,31,57,75,84,67,52,56,55,70,107,67,17,14,12,0,12
5,0,0,4,6,12,12,14,46,67,77,93,76,58,55,59,85,134,93,53,10,8,0,4
0,0,3,6,8,11,11,12,12,50,84,75,62,52,51,54,57,60,59,38,0,0,0,9
5,9,6,0,1,10,13,6,49,58,69,58,53,50,43,51,54,54,53,15,0,0,0,3
6,4,0,1,0,12,6,0,32,54,55,50,34,20,14,14,31,51,40,10,0,0,0,0
0,1,10,1,8,13,5,1,33,53,56,55,20,6,9,10,12,34,14,1,0,0,0,0
0,3,8,8,10,6,4,5,14,37,58,51,13,3,6,6,5,10,11,2,0,0,0,0
0,0,6,11,13,5,11,0,10,33,53,53,25,12,5,4,0,1,10,8,8,0,0,0
1,6,9,4,9,11,13,11,5,30,53,38,35,32,10,4,4,3,2,4,0,0,0,0
1,6,0,0,0,3,12,14,0,10,52,51,37,24,10,0,0,6,1,0,0,0,0,0
0,7,0,6,0,3,2,2,0,0,14,46,9,12,12,10,5,4,0,0,0,0,0,0
9,0,6,0,3,1,6,0,0,9,14,52,47,14,9,11,13,19,11,6,0,0,3,3
0,3,11,8,0,0,6,0,0,16,13,61,56,32,14,14,31,24,11,8,4,0,2,3
3,9,0,9,6,0,6,0,0,1,14,25,53,16,13,14,50,14,8,9,8,7,0,5

0,8,13,77,92,78,12,3,4,0,0,0,0,3,4,0,0,0,0,0,0,8,29,24
0,13,55,102,61,9,0,2,0,0,1,1,32,52,68,10,2,0,0,0,0,9,42,64
5,13,12,52,97,62,29,22,13,10,5,71,82,170,226,107,66,58,13,0,0,12,33,56
7,0,0,12,57,64,53,54,29,1,2,20,81,110,111,90,75,38,2,0,0,6,13,18
2,0,0,6,49,64,95,71,55,10,0,55,62,65,83,57,12,4,0,0,0,12,39,52
1,0,0,12,16,46,71,87,62,57,49,58,68,74,71,52,19,14,12,2,7,50,50,50
0,2,8,4,1,14,64,72,80,81,89,80,73,71,75,66,43,45,50,8,9,14,7,0
0,0,0,6,0,0,46,68,88,93,91,92,108,87,91,69,80,68,62,33,7,0,0,0
0,2,4,0,1,5,50,69,81,99,117,135,125,100,92,92,82,69,65,50,8,0,0,0
0,5,0,12,0,5,3,64,82,113,166,189,169,119,96,104,97,86,69,22,12,0,0,0
0,0,0,0,5,11,24,59,95,134,188,202,176,141,108,118,121,98,64,50,12,0,0,0
0,0,5,13,10,23,25,70,107,143,180,166,174,166,146,150,131,88,62,35,11,0,0,0
0,0,0,5,0,3,15,68,102,126,158,180,198,181,167,146,134,107,65,31,11,10,0,0
0,0,0,4,0,1,22,74,106,126,155,169,189,168,149,147,145,114,75,50,11,6,0,0
11,9,0,13,13,14,31,46,100,120,149,179,159,128,96,112,121,77,60,29,11,3,0,0
7,3,8,11,6,1,34,55,71,100,142,145,118,96,102,114,105,60,76,56,6,0,0,0
3,3,0,12,9,2,7,50,58,65,91,130,106,116,103,92,108,102,101,22,13,5,0,0
2,3,6,11,14,12,23,39,57,70,104,107,141,159,139,112,97,60,55,37,20,12,7,3
4,2,8,9,9,8,13,50,80,66,86,128,142,154,140,125,114,100,71,29,6,1,0,0
4,7,6,4,5,11,13,75,105,108,115,132,138,132,109,125,108,60,56,14,8,0,0,0
5,5,5,12,11,9,24,79,112,121,132,124,135,123,89,90,100,67,41,15,7,9,0,0
17,13,12,16,19,12,18,53,100,127,127,117,132,127,120,117,85,61,50,42,13,2,0,0
8,11,4,9,12,14,14,79,116,132,138,127,128,134,134,124,106,76,61,45,28,14,1,0
1,10,12,12,12,13,14,101,122,132,148,149,144,125,138,136,119,103,100,60,45,13,3,2
10,13,12,22,32,19,53,94,120,134,155,168,146,116,115,111,105,105,105,80,62,12,8,0
0,0,8,14,14,13,10,100,119,129,148,160,146,114,103,102,110,109,103,90,55,13,7,10
5,0,2,12,10,13,53,73,113,124,131,141,128,107,101,101,102,102,102,71,53,13,13,0
1,3,7,10,12,11,17,45,106,118,123,123,128,104,64,88,77,106,100,108,40,12,13,1
11,6,9,9,11,15,25,13,82,113,122,105,101,77,56,77,103,105,102,79,10,8,9,5
2,5,9,4,7,23,11,25,46,63,85,88,76,70,63,73,89,83,62,71,15,0,0,12
11,13,6,12,13,9,26,11,31,57,75,84,67,52,56,55,70,107,67,18,14,12,0,12
5,0,0,4,6,12,12,14,46,67,77,93,76,59,55,58,85,134,93,53,10,7,0,4
0,0,3,6,8,11,11,12,12,50,84,74,62,52,51,54,57,60,59,37,0,0,0,9
5,9,7,0,1,10,13,6,48,58,69,58,53,50,43,51,54,54,53,15,0,0,0,3
6,4,0,1,0,12,6,0,32,54,55,50,33,20,14,14,32,51,40,10,0,0,0,0
0,1,10,1,8,13,5,1,33,53,57,55,20,6,9,10,12,35,14,2,0,0,0,0
0,3,8,8,10,6,3,5,14,37,58,51,13,3,6,6,5,10,11,2,0,0,0,0
0,0,6,11,13,5,11,0,10,33,52,53,25,12,5,4,0,1,10,8,7,0,0,0
1,6,9,4,9,11,13,11,5,28,53,38,36,33,10,4,4,3,2,4,0,0,0,0
1,6,0,0,0,3,12,14,0,10,52,50,37,24,10,0,0,6,1,0,0,0,0,0
0,7,0,6,0,3,2,2,0,0,13,47,9,12,12,10,5,4,0,0,0,0,0,0
9,0,6,0,3,1,6,0,0,9,14,52,47,14,9,11,12,19,11,6,0,1,3,3
0,3,11,8,0,0,6,0,0,16,13,61,56,33,14,14,30,24,11,8,4,0,2,3
3,9,0,9,6,0,6,0,0,0,14,26,54,15,13,14,50,14,8,9,8,7,0,5

0,8,13,77,92,79,12,3,4,0,0,0,0,3,4,0,0,0,0,0,0,8,30,24
0,13,54,102,61,9,0,2,0,0,1,1,32,52,68,10,2,0,0,0,0,9,43,64
4,13,12,52,97,62,29,23,13,10,5,72,82,170,225,107,66,58,13,0,0,12,33,56
7,0,0,12,57,64,53,54,30,2,2,24,81,110,111,90,74,38,2,0,0,6,13,18
2,0,0,6,49,64,95,71,55,10,0,55,62,65,83,57,12,4,0,0,0,13,40,52
1,0,0,12,16,46,71,87,62,57,49,58,68,75,71,52,20,14,12,2,7,50,50,50
0,2,8,4,1,14,64,72,80,81,89,80,73,71,75,66,44,45,50,8,9,14,7,0
0,0,0,6,0,0,48,68,88,93,91,92,108,87,91,68,80,67,61,34,7,0,0,0
0,3,4,0,1,5,50,69,81,99,117,135,125,100,92,92,82,69,65,50,8,0,0,0
0,5,0,12,0,5,3,64,82,112,166,189,168,119,96,104,97,86,69,22,12,0,0,0
0,0,0,0,5,11,24,59,95,133,188,202,176,142,108,118,121,98,64,50,12,0,0,0
0,0,6,13,10,23,26,69,107,143,179,167,175,167,146,150,131,88,62,36,11,0,0,0
0,0,0,5,0,3,15,68,102,126,159,180,199,182,168,146,134,107,65,31,11,10,0,0
0,0,0,5,0,1,22,73,106,125,155,169,190,168,149,147,146,114,75,50,11,6,0,0
11,9,0,13,13,14,31,46,100,119,148,179,159,128,96,112,122,77,60,29,11,4,0,0
7,3,8,11,6,1,33,55,71,100,142,145,118,96,101,114,105,60,76,56,6,0,0,0
3,3,0,12,9,2,7,50,58,65,91,130,106,116,103,92,108,102,101,21,13,5,0,0
2,3,6,11,14,13,23,40,57,70,104,107,141,158,138,111,97,60,55,37,20,12,7,3
4,2,9,9,9,9,13,50,80,66,86,128,142,154,140,125,114,100,71,29,6,1,0,0
4,7,6,4,5,11,13,76,105,108,115,132,138,132,109,125,108,60,57,14,8,0,0,0
5,5,6,12,11,9,24,79,112,121,132,124,134,123,88,90,100,67,41,15,7,9,0,0
17,13,12,16,19,12,18,53,100,127,127,118,132,127,120,117,85,61,50,43,13,2,0,0
8,11,4,9,12,14,14,78,116,132,138,127,128,134,134,124,106,76,61,45,28,14,1,0
1,10,12,12,12,14,14,101,122,132,148,149,144,125,138,137,119,103,100,60,45,13,4,2
10,13,12,22,32,20,53,95,120,134,154,168,146,116,115,111,105,106,105,81,62,13,8,0
0,0,8,14,14,14,10,100,119,129,148,160,146,114,103,102,110,109,103,92,53,13,7,10
5,0,1,12,10,13,53,75,113,124,132,141,128,107,101,101,102,102,102,70,54,13,13,0
1,3,7,10,12,11,17,46,106,118,123,123,128,104,64,88,77,106,100,108,42,12,13,2
11,6,9,9,11,15,24,13,82,113,122,105,101,77,56,77,103,105,102,79,10,8,9,5
2,5,9,4,7,24,11,25,46,63,85,88,76,70,63,73,89,83,63,71,16,0,0,12
11,13,6,12,13,9,26,11,31,57,75,84,67,52,56,55,70,107,67,17,14,12,0,11
5,0,0,4,6,12,12,14,46,67,77,93,76,59,55,58,85,134,93,54,10,8,0,4
0,0,3,6,8,11,11,12,12,51,84,74,62,52,51,54,57,60,59,39,0,0,0,9
5,9,7,0,1,10,13,6,49,58,69,59,53,50,43,51,54,53,53,16,0,0,0,3
6,4,0,1,0,12,7,0,32,54,55,50,34,20,14,14,32,51,40,10,0,0,0,0
0,1,10,1,8,13,5,1,33,53,57,55,20,6,9,10,12,34,14,2,0,0,0,0
0,3,8,8,10,6,4,5,14,37,58,51,13,3,5,6,5,10,11,2,0,0,0,0
0,0,6,11,13,5,11,0,10,33,53,53,25,12,6,4,0,1,10,8,8,0,0,0
1,6,9,4,9,11,13,11,5,29,53,38,36,32,10,4,4,3,2,4,0,0,0,0
1,6,0,0,0,3,12,14,0,10,52,51,37,24,10,0,0,6,1,0,0,0,0,0
0,6,0,6,0,3,2,2,0,0,13,47,9,12,12,10,5,4,0,0,0,0,0,0
9,0,6,0,3,1,6,0,0,9,14,52,45,14,9,11,12,19,11,6,0,0,4,4
0,3,11,8,0,0,6,0,0,16,13,61,56,32,14,14,31,23,11,8,4,0,2,3
3,9,0,9,6,0,6,0,0,1,14,26,54,15,13,14,50,14,8,9,8,7,0,5

0,8,13,77,92,78,12,4,4,0,0,0,0,3,4,0,0,0,0,0,0,8,29,23
0,13,55,102,62,9,0,2,0,0,1,1,32,52,68,10,2,0,0,0,0,9,43,64
5,13,12,52,97,62,29,23,13,10,5,72,82,170,226,107,66,58,13,0,0,12,33,56
7,0,0,12,57,64,53,55,30,2,2,24,81,110,111,90,75,38,2,0,0,6,13,19
2,0,0,6,49,64,95,71,55,10,0,56,63,65,83,57,12,4,0,0,0,13,41,52
1,0,0,12,16,46,71,87,63,56,49,58,68,75,71,52,20,14,13,2,7,50,50,50
0,2,8,4,1,14,64,72,80,81,89,80,73,71,75,66,44,45,50,8,10,14,7,0
0,0,0,6,0,0,47,68,88,93,91,92,108,86,91,68,80,67,61,34,7,0,0,0
0,3,4,0,1,5,50,69,81,98,116,134,125,100,92,92,82,69,65,50,8,0,0,0
0,5,0,12,0,4,3,63,82,112,165,189,168,119,96,104,97,86,69,22,12,0,0,0
0,0,0,0,5,11,23,59,95,133,188,201,176,142,109,119,121,97,64,50,12,0,0,0
0,0,6,13,10,23,26,69,107,143,179,167,175,167,147,150,131,88,62,35,11,0,0,0
0,0,0,5,0,3,15,68,102,126,159,181,199,182,168,146,134,107,65,31,11,10,0,0
0,0,0,5,0,1,22,73,106,125,154,169,190,168,150,147,146,114,75,50,12,6,0,0
11,9,0,13,13,14,31,46,100,119,148,179,160,129,96,112,122,78,60,29,11,4,0,0
7,3,8,11,6,1,34,55,71,100,142,145,118,96,102,114,105,60,76,56,6,0,0,0
3,3,0,12,9,2,7,50,58,65,91,130,106,116,103,92,108,102,101,22,13,5,0,0
2,3,6,11,14,13,23,39,58,70,104,108,141,158,139,112,97,60,55,37,20,12,7,3
4,2,8,9,9,9,13,50,80,67,86,128,142,154,140,125,114,101,71,28,6,1,0,0
4,7,6,4,5,11,13,76,105,108,115,132,138,132,109,125,108,60,57,14,8,0,0,0
5,5,5,13,11,9,24,80,112,121,132,124,134,123,88,90,100,67,41,16,7,9,0,0
17,13,12,16,19,12,19,53,100,128,127,117,132,127,120,117,86,61,50,43,13,2,0,0
8,11,4,9,12,14,14,78,116,132,138,127,128,134,134,124,106,76,61,45,28,14,2,0
1,10,12,12,12,13,14,101,122,132,148,149,144,125,139,137,119,103,100,60,47,13,4,2
10,13,12,22,32,20,53,94,120,134,155,168,146,116,115,111,105,105,105,80,61,13,8,0
0,0,8,14,14,13,10,100,119,129,148,160,146,114,103,102,110,109,103,91,55,14,7,10
5,0,1,12,10,13,52,74,113,124,131,141,128,107,101,101,102,102,102,70,53,13,13,0
1,3,7,10,12,11,19,46,106,118,123,123,128,104,64,88,77,106,100,108,42,12,14,2
11,6,9,9,11,15,24,13,82,113,122,105,101,77,56,77,103,105,102,78,10,8,9,5
2,5,9,4,7,23,11,25,46,63,85,88,76,70,63,73,89,83,63,71,16,0,0,12
11,13,6,12,13,9,26,11,31,57,75,84,67,52,56,55,70,107,67,17,14,12,0,12
5,0,0,4,6,12,12,14,46,67,77,92,76,59,55,58,85,134,93,53,10,7,0,4
0,0,3,6,8,11,11,12,12,50,84,74,62,52,52,54,57,60,59,39,0,0,0,9
5,9,7,0,1,10,13,6,49,58,69,58,53,50,44,51,54,53,53,15,0,0,0,3
6,4,0,1,0,12,6,0,31,54,55,50,33,20,14,14,32,51,40,10,0,0,0,0
0,1,10,1,8,13,5,1,33,53,56,55,20,6,9,10,12,35,14,2,0,0,0,0
0,3,8,8,10,6,4,5,14,36,58,51,13,3,6,6,5,10,11,2,0,0,0,0
0,0,6,11,13,5,11,0,10,33,52,53,25,12,5,4,0,1,10,8,8,0,0,0
1,6,9,4,9,11,13,11,5,29,53,37,35,33,10,4,4,3,2,4,0,0,0,0
1,6,0,0,0,3,12,14,0,10,52,50,37,24,10,0,0,6,1,0,0,0,0,0
0,7,0,6,0,3,2,2,0,0,13,48,9,12,12,10,5,4,0,0,0,0,0,0
9,0,6,0,3,1,6,0,0,9,14,52,46,14,9,11,13,19,11,6,0,1,4,4
0,3,11,8,0,0,6,0,0,16,13,61,56,33,14,15,29,24,11,8,4,0,2,3
3,9,0,9,6,0,6,0,0,1,14,25,54,16,13,14,50,14,8,9,8,7,0,5

0,8,13,77,92,79,12,4,4,0,0,0,0,3,4,0,0,0,0,0,0,8,30,24
0,13,54,102,62,9,0,2,0,0,1,1,32,52,68,11,2,0,0,0,0,9,43,64
4,13,12,52,97,62,28,23,13,10,5,72,82,170,226,107,66,58,13,0,0,12,33,56
7,0,0,12,57,64,53,55,30,2,2,23,80,110,111,90,74,38,2,0,0,6,13,19
2,0,0,6,49,64,95,71,55,10,0,55,62,65,83,57,12,5,0,0,0,13,40,53
1,0,0,12,16,47,71,87,63,56,49,58,68,75,71,52,20,14,13,2,7,50,50,50
0,2,8,4,1,14,65,72,80,81,89,80,73,71,75,66,44,45,50,8,10,14,7,0
0,0,0,6,0,0,47,68,88,93,91,92,108,86,91,68,80,68,62,35,7,0,0,0
0,3,4,0,1,5,50,69,81,98,117,134,125,100,92,92,82,69,65,50,8,0,0,0
0,5,0,12,0,4,3,64,82,112,165,188,168,119,96,104,97,86,69,23,12,0,0,0
0,0,0,0,5,11,23,59,95,133,188,201,175,141,108,118,121,98,64,50,12,0,0,0
0,0,6,13,10,23,26,70,107,144,179,165,174,166,146,149,131,88,62,35,11,0,0,0
0,0,0,5,0,3,15,68,102,127,160,180,198,181,168,146,134,107,65,31,11,11,0,0
0,0,0,5,0,1,24,74,106,126,156,171,190,169,150,147,146,114,76,50,12,7,0,0
11,9,0,13,13,14,32,46,100,120,149,179,160,129,97,112,122,78,60,30,11,4,0,0
7,3,8,11,6,1,34,55,71,100,142,145,118,97,102,115,105,60,76,56,6,0,0,0
3,3,0,12,9,2,7,50,58,65,91,130,106,116,103,92,108,102,101,22,14,6,0,0
2,3,6,11,14,13,23,39,57,70,104,107,141,159,139,112,97,61,55,37,20,12,7,3
4,2,9,9,9,9,13,50,80,66,86,128,142,154,140,125,114,101,71,29,6,1,0,0
4,7,6,4,5,11,12,75,105,108,115,132,138,132,109,125,108,60,57,14,8,0,0,0
5,5,5,13,11,9,22,80,112,120,132,124,134,123,88,90,100,68,41,15,7,9,0,0
17,13,12,16,19,12,18,53,99,126,127,117,132,127,120,117,85,60,50,42,13,2,0,0
8,11,3,9,11,14,14,79,116,132,138,127,128,134,134,124,106,76,61,45,28,14,1,0
0,10,12,12,12,13,14,101,121,132,148,149,144,125,138,136,119,103,100,60,47,13,4,2
10,13,12,21,32,20,53,94,120,134,154,168,145,116,115,111,105,105,105,80,62,12,8,0
0,0,8,14,14,13,10,101,119,129,148,160,146,114,103,102,110,109,103,90,54,13,7,10
5,0,1,12,10,13,53,74,113,124,131,141,128,107,101,101,102,102,102,70,53,13,13,0
1,3,7,10,12,11,20,46,106,118,123,123,128,104,64,88,77,106,100,108,41,12,13,2
11,6,9,9,11,15,24,13,82,113,122,105,101,77,56,77,103,105,102,79,10,8,9,6
2,5,9,4,7,24,11,25,46,63,85,88,76,70,63,73,89,83,63,71,17,0,0,12
11,13,6,12,13,9,26,11,31,57,75,84,67,52,56,55,70,107,67,18,14,12,0,12
5,0,0,4,6,12,12,14,46,68,77,93,76,59,55,58,85,135,93,53,10,8,0,4
0,0,3,6,8,11,11,12,12,50,84,74,62,52,51,54,57,60,59,39,0,0,0,9
5,9,7,0,1,10,13,6,50,57,69,59,53,50,44,51,54,53,53,16,0,0,0,3
6,4,0,1,0,12,6,0,32,54,55,50,34,21,14,14,32,51,40,10,0,0,0,0
0,1,10,1,8,13,5,1,33,53,56,55,21,6,9,10,12,35,15,2,0,0,0,0
0,3,8,8,10,6,4,5,14,37,58,51,13,3,6,6,5,11,11,2,0,0,0,0
0,0,6,11,13,5,11,0,10,33,53,54,26,12,6,4,0,2,10,8,8,0,0,0
1,6,9,4,9,11,13,12,5,30,53,38,36,33,10,4,5,3,2,4,0,0,0,0
1,6,0,0,0,3,12,14,0,10,52,51,38,24,10,0,0,6,1,0,0,0,0,0
0,7,0,6,0,3,2,2,0,0,13,47,9,12,12,10,5,5,0,0,0,0,0,0
9,0,6,0,3,1,6,0,0,9,14,52,46,14,9,11,13,19,11,6,0,1,3,3
0,3,11,8,0,0,6,0,0,16,13,61,56,33,14,15,31,25,11,8,5,0,2,3
3,9,0,9,6,0,6,0,0,1,14,25,54,16,13,14,50,14,8,9,8,7,0,5

0,8,13,77,92,78,12,4,4,0,0,0,0,3,4,0,0,0,0,0,0,8,30,26
0,13,55,102,61,8,0,2,0,0,1,2,35,52,68,11,2,0,0,0,0,9,45,64
5,13,12,52,97,62,28,23,13,10,5,72,82,172,231,107,67,59,13,0,0,12,33,56
7,0,0,12,57,64,53,54,30,2,2,25,81,110,111,90,75,40,2,0,0,6,13,18
2,0,0,6,49,64,95,71,55,10,0,56,62,65,83,58,12,5,0,0,0,13,40,52
1,0,0,12,17,46,71,87,62,56,49,58,68,74,71,52,20,14,13,2,7,50,49,50
0,2,8,4,1,14,64,72,80,81,89,80,73,71,74,66,44,45,50,8,9,14,7,0
0,0,0,6,0,0,46,68,87,93,91,92,107,86,90,68,80,68,62,34,7,0,0,0
0,3,4,0,1,5,50,69,81,98,116,134,124,100,91,92,82,69,65,50,8,0,0,0
0,5,0,12,0,4,3,63,82,112,165,188,166,118,95,104,97,86,69,22,12,0,0,0
0,0,0,0,5,11,21,59,95,134,188,199,172,139,107,117,120,97,64,50,12,0,0,0
0,0,6,13,10,23,26,70,107,143,179,164,171,164,144,148,130,87,62,37,11,0,0,0
0,0,0,5,0,3,15,68,103,127,159,179,196,179,165,145,134,107,65,32,11,11,0,0
0,0,0,5,0,1,26,74,107,127,157,172,190,169,150,146,146,115,77,50,12,7,0,0
11,9,0,13,13,14,33,47,101,121,152,179,160,131,98,112,121,78,60,35,12,4,0,0
7,3,8,11,6,1,35,55,72,100,143,145,119,98,104,115,105,60,76,57,7,0,0,0
3,3,0,12,9,3,7,50,58,65,92,131,107,117,104,93,108,102,101,25,14,6,0,0
2,3,6,11,14,13,23,39,57,70,104,108,142,161,140,113,99,61,55,37,20,12,7,3
4,2,9,9,9,9,13,50,80,66,86,129,143,155,141,126,115,101,71,31,6,1,0,0
4,7,6,4,5,11,12,73,105,107,114,133,139,133,110,126,108,60,56,14,7,0,0,0
5,5,5,13,11,9,22,78,111,120,131,124,135,124,89,91,101,68,40,14,7,8,0,0
17,13,12,16,19,12,18,53,98,125,126,117,132,127,120,117,85,60,48,40,13,2,0,0
8,11,4,9,11,14,14,78,116,131,137,126,128,134,134,124,106,75,60,45,27,14,1,0
0,10,12,12,12,13,14,101,121,132,148,148,143,124,138,136,119,103,100,60,45,13,3,2
10,13,11,21,32,20,53,95,120,134,154,167,145,116,115,111,105,106,105,79,62,12,8,0
0,0,8,14,14,13,10,100,119,129,148,160,146,114,103,102,110,109,103,89,53,13,7,10
5,0,2,12,10,13,51,74,113,124,132,141,128,107,101,101,102,102,102,70,54,13,13,0
1,3,7,10,12,11,19,46,106,118,123,123,128,104,63,88,77,106,100,108,41,12,14,2
11,6,9,9,11,15,24,13,81,113,122,105,101,77,56,77,103,105,102,79,10,8,9,6
2,5,9,4,7,23,11,25,46,63,85,88,76,70,63,73,89,83,63,71,16,0,0,12
11,13,6,12,13,9,26,11,31,57,76,84,67,52,56,55,70,108,67,18,14,12,0,12
5,0,0,4,6,12,12,14,47,67,77,93,76,59,55,58,85,135,94,53,10,8,0,4
0,0,3,6,8,11,11,12,12,50,84,75,62,52,52,54,57,60,59,38,0,0,0,9
5,9,7,0,1,10,13,6,50,58,69,59,53,50,45,51,54,54,53,17,0,0,0,3
6,4,0,1,0,12,7,0,32,54,55,50,35,21,14,14,32,51,40,10,0,0,0,0
0,1,10,1,8,13,5,2,33,53,57,55,21,6,9,10,12,36,14,2,0,0,0,0
0,3,8,8,10,6,4,5,14,37,58,51,13,4,6,6,5,11,11,2,0,0,0,0
0,0,6,11,13,5,11,0,10,33,53,53,27,12,6,4,0,2,10,8,8,0,0,0
1,6,10,4,9,11,14,11,5,30,53,38,36,33,10,4,5,3,2,4,0,0,0,0
1,6,0,0,0,3,12,14,0,10,52,51,37,24,10,0,0,6,1,0,0,0,0,0
0,7,0,6,0,3,3,2,0,0,13,50,9,12,12,10,5,5,0,0,0,0,0,0
9,0,6,0,3,1,6,0,0,9,14,52,47,14,9,11,12,19,11,7,0,1,3,3
0,3,11,8,0,0,6,0,0,16,13,61,56,32,14,15,30,25,11,8,5,0,2,3
3,9,0,9,6,0,6,0,0,1,14,26,54,16,13,14,50,14,8,9,8,7,0,5

0,8,13,78,92,79,12,4,5,0,0,0,0,3,4,0,0,0,0,0,0,8,30,27
0,13,54,101,62,8,0,2,0,0,1,2,33,52,68,11,2,0,0,0,0,9,43,64
5,13,12,52,97,62,29,23,13,10,5,73,82,172,230,107,67,60,13,0,0,12,33,56
7,0,0,12,57,64,52,55,31,2,2,26,81,110,111,90,74,40,2,0,0,6,13,19
2,0,0,6,49,64,94,71,55,10,0,55,62,65,83,57,12,5,0,0,0,13,40,52
1,0,0,12,16,46,70,86,62,56,50,58,68,74,71,52,20,14,13,2,7,50,49,50
0,2,8,4,1,14,64,72,80,81,89,80,73,71,74,66,45,44,50,8,10,14,7,0
0,0,0,6,0,0,46,68,87,93,91,92,108,86,90,68,80,68,62,33,7,0,0,0
0,3,4,0,1,5,50,69,81,98,117,134,125,100,91,92,82,69,65,50,8,0,0,0
0,5,0,12,0,4,3,63,82,113,167,188,166,118,95,104,97,86,69,21,12,0,0,0
0,0,0,0,5,11,21,59,95,134,188,200,172,139,107,117,120,97,64,50,12,0,0,0
0,0,6,13,10,23,25,69,107,144,179,164,171,162,143,147,130,87,62,35,11,0,0,0
0,0,0,5,0,3,15,68,103,127,159,178,195,178,164,145,134,107,65,32,11,11,0,0
0,0,0,5,0,1,27,74,107,127,158,172,189,169,150,146,145,115,77,50,12,7,0,0
11,9,0,13,13,14,33,47,101,121,154,178,160,132,98,113,121,78,60,36,12,4,0,0
7,3,8,11,6,1,35,55,72,101,143,145,120,99,105,116,106,60,76,57,7,0,0,0
3,3,0,12,9,3,7,50,58,65,92,132,108,118,105,94,109,103,101,27,14,6,0,0
2,3,6,11,14,13,23,39,57,70,105,109,143,162,142,114,100,61,56,37,21,12,7,3
4,2,9,9,9,9,13,48,80,66,86,129,143,156,142,127,115,101,72,31,6,1,0,0
4,7,6,4,5,11,12,69,104,107,114,133,140,134,110,126,108,60,56,14,8,0,0,0
5,5,6,13,11,9,21,76,111,119,130,124,136,124,89,91,101,69,39,14,6,8,0,0
17,13,12,16,18,12,18,52,97,123,124,116,132,127,120,117,85,59,48,38,12,1,0,0
8,11,3,9,11,14,14,78,115,131,136,126,128,133,134,124,106,74,59,44,27,14,1,0
0,10,12,12,12,13,14,101,121,132,148,148,143,124,138,136,118,102,100,60,44,13,3,2
10,13,12,21,31,19,52,94,120,134,154,167,145,116,115,111,105,105,105,80,60,12,8,0
0,0,8,14,14,13,10,100,119,129,148,160,146,114,103,102,110,109,103,89,54,13,7,10
5,0,1,12,10,13,51,74,113,124,132,141,128,107,101,101,102,102,102,70,54,13,13,0
1,3,7,10,12,11,17,46,106,118,123,123,128,104,63,88,77,106,100,108,41,12,13,1
11,6,9,9,11,15,24,13,82,113,123,105,101,77,56,78,103,105,102,79,10,8,9,6
2,5,9,4,7,23,11,25,46,63,85,88,76,70,63,73,89,83,63,71,16,0,0,12
11,12,6,12,13,9,26,11,31,57,75,84,67,52,56,55,70,108,67,18,14,12,0,12
5,0,0,4,6,12,12,14,46,68,77,93,76,60,55,58,85,135,94,53,10,8,0,4
0,0,3,6,8,11,11,12,12,51,84,75,62,52,52,54,57,60,59,40,0,0,0,9
5,9,6,0,1,10,13,6,50,58,69,59,53,50,45,51,54,54,53,17,0,0,0,3
6,4,0,1,0,12,7,0,32,55,55,50,35,22,14,14,32,51,41,10,0,0,0,0
0,1,10,1,8,13,5,2,33,53,57,55,21,7,9,10,12,37,15,2,0,0,0,0
0,3,8,8,10,6,4,5,14,37,58,51,13,4,6,6,5,11,11,2,0,0,0,0
0,0,6,11,13,5,11,0,10,34,53,53,27,12,6,4,0,2,10,8,8,0,0,0
1,6,10,4,9,11,14,11,5,30,53,38,36,34,10,5,5,3,2,4,0,0,0,0
1,6,0,0,0,3,12,14,0,10,52,51,37,24,10,0,0,6,1,0,0,0,0,0
0,7,0,6,0,3,2,2,0,0,14,50,9,12,12,10,5,5,1,0,0,0,0,0
9,0,6,0,3,1,6,0,0,9,14,52,47,14,9,11,13,19,11,7,0,1,4,3
0,3,11,8,0,0,6,0,0,16,13,61,56,33,14,16,30,25,11,8,5,0,2,3
3,9,0,9,6,0,6,0,0,1,14,27,54,16,13,14,50,14,8,9,8,7,0,5
