9,3,6,10,34,61,67,88,108,76,63,68,30,19,0,10,7,14,57,93,124,169,53,0
12,0,7,14,55,67,74,55,58,55,59,93,65,72,90,74,74,136,100,100,100,101,13,0
10,0,4,14,51,76,94,74,72,80,59,12,96,92,74,64,40,112,90,53,67,62,12,9
7,2,0,5,25,57,76,88,53,13,80,9,7,17,21,55,34,45,40,27,53,23,13,4
0,0,0,0,0,10,46,48,1,5,4,12,8,12,22,30,41,47,24,31,17,23,12,3
0,0,4,0,3,1,21,34,33,22,41,41,39,40,25,14,11,24,36,36,14,14,10,8
0,0,4,0,0,0,12,58,64,73,87,77,72,66,64,56,50,23,56,8,6,8,6,7
0,0,1,0,0,0,0,64,75,87,107,114,84,74,88,81,68,60,62,3,0,0,1,0
2,3,1,3,9,12,34,55,82,112,110,124,121,102,114,116,103,81,67,1,0,0,0,0
1,12,7,6,12,14,9,65,85,107,145,168,155,163,158,148,136,95,63,14,0,5,3,0
0,5,6,4,7,13,28,66,90,140,178,180,189,206,211,195,160,120,75,14,6,0,4,0
0,0,0,0,7,30,54,83,123,184,219,204,186,246,270,256,204,121,68,27,8,0,2,10
0,0,2,6,0,39,58,88,141,221,257,254,218,227,233,248,216,113,80,41,10,0,8,14
0,4,6,29,10,31,81,108,132,223,243,199,188,194,193,189,188,134,112,32,0,0,0,0
4,5,43,11,14,27,57,106,101,114,147,167,166,158,158,145,129,124,108,48,0,0,0,0
0,2,11,1,13,10,52,93,99,91,111,129,161,150,137,132,112,116,91,30,0,0,0,0
10,13,14,14,12,34,53,75,68,87,118,114,148,106,96,92,87,85,88,51,3,4,0,2
6,8,15,27,27,29,40,52,72,93,135,144,150,145,139,154,125,76,54,33,14,12,9,8
0,0,0,4,10,10,24,84,78,115,144,163,171,130,134,143,132,102,73,59,19,8,12,12
0,5,7,7,12,13,50,102,100,103,130,156,158,133,135,136,134,120,109,103,14,9,1,6
6,5,12,13,13,12,50,73,88,86,132,141,146,157,149,155,134,126,116,103,61,7,5,6
0,5,9,9,12,21,49,87,125,119,132,151,160,174,172,164,129,115,94,101,74,23,11,15
3,9,13,14,21,21,50,102,117,128,145,147,146,179,197,155,141,142,105,116,104,16,1,8
1,1,8,8,6,17,102,115,129,148,153,152,145,172,155,144,139,143,132,124,109,20,4,0
2,7,6,9,10,13,100,114,131,143,148,148,134,120,114,125,136,139,136,128,109,49,4,8
7,8,11,12,11,23,103,118,132,138,141,140,124,109,109,117,127,137,130,119,101,65,13,4
0,6,6,12,13,48,102,107,114,133,130,115,111,101,108,108,116,117,113,105,103,47,13,8
7,8,9,0,11,19,101,80,114,118,120,123,87,87,101,104,112,114,110,88,74,63,11,10
1,9,10,10,13,37,77,107,108,106,113,101,72,72,76,98,105,111,105,86,66,59,21,4
4,10,11,11,11,11,53,78,100,109,110,72,63,53,48,46,65,79,81,78,67,37,8,6
5,7,10,10,11,11,20,54,71,78,83,62,50,50,47,51,53,70,102,90,66,51,7,3
0,5,0,9,5,8,51,61,113,123,111,65,52,50,55,52,54,61,74,126,149,36,19,7
3,0,0,0,14,9,54,66,134,138,79,54,51,34,25,44,56,50,51,101,104,80,22,12
0,0,0,1,14,14,51,65,84,79,60,51,51,31,50,19,30,49,56,71,75,64,36,12
0,0,0,0,12,15,20,52,58,58,52,51,21,26,28,34,50,53,55,58,70,60,39,10
5,0,0,0,0,10,14,40,55,59,14,50,21,12,30,34,33,31,58,57,68,44,27,15
0,0,0,0,0,7,10,12,61,51,57,13,15,25,26,13,16,49,52,55,37,56,50,11
0,0,0,0,0,5,6,11,26,40,51,34,28,27,21,12,18,10,40,32,55,57,52,8
0,0,0,0,0,0,6,9,14,50,52,39,31,31,12,12,27,33,25,52,56,56,54,14
0,0,0,0,0,6,4,12,52,46,39,48,50,47,30,6,22,25,46,52,57,55,50,11
0,0,0,0,0,0,3,19,32,49,47,17,22,13,18,14,20,34,13,25,34,53,29,21
0,0,0,0,0,12,12,14,28,46,13,43,14,11,12,25,13,11,9,6,22,24,25,13
6,4,4,0,6,8,1,10,48,51,37,8,14,11,12,7,1,10,10,10,14,29,37,8
4,0,1,4,1,0,7,12,21,58,14,6,12,12,5,4,2,7,3,11,13,13,56,11

9,4,6,10,36,61,66,85,108,77,65,72,58,64,4,14,10,16,57,89,118,187,71,0
12,0,7,14,55,67,71,55,55,54,60,100,72,77,107,94,81,134,100,100,101,104,78,8
10,0,4,15,54,77,94,72,61,71,53,13,100,97,81,66,40,105,82,55,69,69,14,10
6,2,0,4,26,57,77,92,13,11,57,8,11,41,39,55,22,42,35,46,56,43,14,5
0,0,0,0,0,11,50,51,2,7,5,19,14,36,46,36,38,48,26,37,26,31,13,4
0,0,0,0,3,1,28,39,42,27,45,45,49,50,33,22,13,30,39,38,15,18,12,9
0,0,3,0,0,0,13,60,66,75,87,78,74,68,66,59,54,45,58,9,7,10,7,7
0,0,1,0,0,0,0,68,77,88,109,116,85,76,90,85,72,64,64,5,0,0,0,0
2,3,1,3,9,13,48,57,84,114,113,127,124,106,118,119,107,84,69,2,0,0,0,0
1,12,7,7,12,16,10,66,86,111,148,173,160,167,163,153,141,98,65,23,0,5,3,0
0,5,6,4,7,13,32,67,91,144,183,185,193,212,216,199,166,123,76,21,7,0,4,0
0,0,0,0,6,32,54,83,124,189,223,205,186,246,273,263,210,124,69,29,8,0,1,9
0,0,2,6,0,35,58,90,143,227,262,252,214,224,232,256,225,116,81,42,10,0,6,13
0,3,5,29,10,31,81,108,133,225,238,196,186,192,191,189,192,135,112,33,1,0,0,0
4,5,40,11,14,20,56,106,102,114,146,166,164,157,156,144,129,124,108,48,0,0,0,0
0,1,10,1,13,10,53,93,100,91,111,128,160,149,136,131,112,116,90,30,0,0,0,0
10,13,14,14,12,34,53,76,69,87,118,114,148,105,95,92,86,84,88,51,3,4,0,1
6,8,14,27,25,28,40,54,72,93,135,143,149,144,138,152,124,75,53,33,14,12,9,8
0,0,0,4,10,10,26,85,78,115,143,162,169,129,133,142,131,100,72,58,18,7,11,12
0,5,7,8,13,13,51,103,99,102,129,155,156,132,134,135,133,119,108,103,13,8,0,6
5,4,12,13,12,12,51,74,88,84,131,140,145,155,147,153,132,124,115,103,59,6,3,5
0,5,8,8,12,21,50,87,124,117,130,148,158,172,169,161,127,113,92,100,73,22,10,15
3,9,13,13,20,20,50,102,116,127,144,145,145,178,196,153,140,141,104,115,103,14,0,8
1,1,8,8,6,17,102,115,128,148,152,150,143,170,153,143,138,143,132,123,108,18,3,0
1,7,6,9,10,13,100,114,131,142,147,147,133,120,113,125,136,138,136,128,109,48,4,7
7,8,11,12,11,25,104,118,132,138,141,139,124,109,109,117,126,137,129,119,101,65,13,4
0,6,6,12,13,47,102,107,113,132,130,115,111,101,108,108,116,117,113,105,103,47,13,8
7,8,9,0,11,20,101,80,114,118,120,123,87,86,101,104,112,114,110,87,74,63,11,10
1,9,10,10,13,37,78,107,108,105,113,101,71,72,76,98,105,111,105,85,66,59,21,4
4,10,10,10,11,11,54,79,100,109,110,72,63,53,48,46,65,79,81,78,67,37,8,6
5,7,9,10,11,11,23,54,71,78,83,62,50,50,47,51,53,70,102,90,66,51,7,2
0,5,0,9,5,9,51,61,113,124,111,65,52,50,55,52,54,61,74,127,149,35,20,7
3,0,0,0,14,9,54,66,135,140,80,54,51,36,28,45,56,50,51,102,104,80,22,12
0,0,0,1,15,14,52,65,85,79,61,51,51,31,50,21,31,49,56,71,75,64,36,12
0,0,0,0,12,16,22,52,58,58,52,51,22,27,30,34,50,53,55,58,71,60,39,10
4,0,0,0,0,11,14,42,56,59,14,50,22,12,31,36,33,31,58,57,68,44,27,15
0,0,0,0,0,7,11,12,61,51,57,13,18,26,27,13,17,49,52,55,37,56,50,11
0,0,0,0,0,5,6,12,28,41,51,34,30,28,21,13,19,10,39,32,55,57,52,8
0,0,0,0,0,0,6,9,14,50,52,39,31,33,12,12,29,33,25,52,56,56,54,14
0,0,0,0,0,6,5,12,52,46,38,49,50,48,33,7,23,26,46,52,57,55,50,11
0,0,0,0,0,0,3,20,32,50,48,19,24,14,18,14,21,34,14,25,34,53,29,21
0,0,0,0,0,12,12,14,28,49,13,43,14,11,12,25,13,11,9,6,22,24,25,13
6,4,4,0,6,8,1,10,48,51,38,8,14,11,12,7,1,10,10,10,14,29,37,8
4,0,1,4,1,0,7,12,22,58,14,6,13,12,5,5,2,7,3,11,13,13,57,11

9,4,6,11,42,61,65,84,107,74,63,69,55,62,4,14,10,14,55,86,118,202,77,0
12,0,8,14,56,68,71,55,53,53,58,94,67,71,104,86,77,133,100,100,102,106,100,9
10,0,4,16,60,80,94,72,56,64,45,12,89,83,71,63,39,102,79,56,71,74,36,10
6,2,0,5,31,59,77,93,11,8,28,7,11,36,13,52,14,42,35,51,58,51,21,5
0,0,0,0,0,13,51,52,2,8,5,21,14,35,43,36,41,36,24,41,33,33,14,5
0,0,0,0,4,1,27,39,43,28,46,47,50,50,36,30,17,34,42,40,15,18,13,10
0,0,4,0,0,0,12,61,66,75,87,79,75,69,67,61,56,53,59,10,7,10,7,8
0,0,2,0,0,0,0,68,78,89,110,117,88,77,92,88,74,66,65,8,0,0,0,0
3,4,2,4,10,14,50,58,85,116,116,131,127,110,122,123,110,86,71,5,0,0,0,0
1,12,7,7,13,22,11,67,88,114,153,178,166,172,169,159,146,101,66,33,0,7,4,0
0,5,5,4,7,13,40,68,93,149,190,192,199,217,222,206,172,126,77,27,9,0,4,0
0,0,0,0,6,32,54,83,124,191,229,213,190,251,278,268,215,126,71,33,8,0,0,9
0,0,1,6,0,34,58,89,141,225,265,261,217,226,235,258,228,118,82,43,10,0,6,13
0,2,4,27,10,33,82,108,131,227,261,204,187,192,191,189,193,136,113,43,3,0,0,0
4,5,39,11,14,21,56,106,102,118,148,166,164,157,156,144,130,125,109,50,0,0,0,0
0,1,10,1,13,10,53,94,100,91,111,128,160,149,136,131,112,116,91,32,0,0,0,0
10,13,14,13,12,35,54,76,69,87,117,114,148,105,95,92,86,84,89,52,4,4,0,2
6,8,14,26,24,28,40,55,73,94,135,143,149,144,137,152,124,76,54,34,15,12,10,8
0,0,0,3,9,10,32,87,79,116,143,162,169,128,132,142,131,101,73,60,22,5,10,13
0,6,6,8,13,13,51,103,100,103,129,154,155,131,133,134,132,119,108,103,13,8,0,5
5,4,12,13,12,13,53,74,89,84,130,139,143,152,145,150,131,122,114,102,57,6,3,5
0,4,8,7,12,23,51,87,124,117,128,146,153,168,165,157,124,111,91,99,71,22,10,15
2,9,13,13,19,20,51,102,116,127,143,143,143,175,193,149,138,140,103,114,103,13,0,8
1,1,7,7,5,16,102,115,128,148,151,149,141,166,149,140,136,142,131,123,108,15,3,0
1,6,5,8,10,13,100,114,131,142,147,146,132,118,112,123,135,137,135,127,108,46,4,7
6,8,10,12,11,26,104,118,132,137,141,138,123,108,109,116,126,136,129,118,101,64,13,4
0,6,6,12,13,50,103,107,113,132,130,115,111,100,108,108,116,116,112,104,103,47,13,8
7,8,9,0,11,19,101,80,114,118,119,123,86,85,101,104,112,113,110,87,73,63,11,10
1,9,10,10,13,37,78,107,108,105,113,101,71,72,76,97,105,111,105,85,65,58,21,3
4,10,7,8,11,11,53,78,100,109,110,71,63,53,47,46,65,79,81,78,66,36,8,6
5,7,9,10,11,11,23,54,71,78,83,62,50,50,48,52,54,70,102,90,66,50,6,3
0,6,0,9,5,9,52,61,115,126,111,64,52,50,55,52,54,61,74,128,150,35,20,7
3,0,0,0,14,10,54,66,135,141,80,54,51,36,26,46,56,50,51,102,104,79,22,12
0,0,0,1,15,14,51,65,84,79,60,51,51,32,50,21,31,48,56,71,75,64,35,13
0,0,0,0,12,16,22,52,58,58,52,51,21,28,31,33,50,53,55,59,71,60,39,10
5,0,0,0,0,11,14,42,56,59,14,50,20,13,31,34,33,32,58,57,68,45,27,15
0,0,0,0,0,7,11,12,62,51,57,13,16,27,26,13,17,48,52,55,37,57,50,11
0,0,0,0,0,5,6,12,30,44,51,34,28,29,21,13,21,10,40,32,55,57,52,8
0,0,0,0,0,0,6,10,14,51,52,39,31,33,12,12,29,33,25,52,56,56,54,14
0,0,0,0,0,7,5,12,52,46,39,49,50,50,33,7,23,26,46,52,57,55,50,11
0,0,0,0,0,1,3,20,33,50,48,18,24,14,20,14,21,34,14,25,34,53,29,21
0,0,0,0,0,12,12,14,30,47,13,41,14,11,12,25,13,11,9,6,22,24,25,13
7,4,4,1,6,8,1,10,50,51,41,8,14,11,12,7,1,10,10,10,14,29,37,8
4,0,1,4,1,0,7,12,22,59,14,7,13,12,5,5,2,8,3,11,13,13,57,11

9,4,6,11,43,61,64,82,105,72,62,68,54,62,4,14,10,14,51,81,117,222,79,1
12,0,8,16,56,68,71,55,51,52,56,90,63,67,102,81,72,127,97,98,101,107,101,10
10,0,4,20,63,81,96,73,54,60,38,11,80,76,64,60,37,94,73,55,72,76,46,11
6,2,0,5,35,61,79,97,10,6,13,8,11,36,10,42,14,40,31,51,59,52,24,6
0,0,0,0,0,18,52,54,3,8,5,27,14,37,41,34,39,28,25,43,38,36,14,5
0,0,0,0,4,2,32,42,47,30,48,49,52,51,37,32,19,35,44,41,16,20,13,10
0,0,3,0,0,0,13,63,68,76,89,81,76,70,67,63,57,55,60,10,7,11,8,8
0,0,2,0,0,0,2,72,80,90,111,120,90,79,94,89,75,67,66,10,0,0,0,0
3,4,2,4,11,14,52,61,87,117,118,134,130,112,124,125,111,87,71,7,0,0,0,0
1,12,7,8,14,24,12,69,90,117,156,182,170,174,171,160,147,101,66,36,0,8,4,0
0,5,5,4,7,13,50,71,95,152,194,197,204,220,223,207,170,124,77,26,9,0,4,0
0,0,0,0,6,32,54,84,126,194,233,218,195,260,284,269,211,123,69,32,8,0,0,9
0,0,1,6,0,31,58,89,141,223,263,264,220,231,244,264,220,113,79,41,9,0,5,13
0,2,4,26,10,31,82,108,130,226,266,209,187,192,193,198,197,133,111,33,3,0,0,0
4,5,39,11,14,21,56,106,102,120,149,165,163,155,155,144,131,126,108,44,0,0,0,0
0,1,10,1,13,10,53,94,99,90,109,127,159,148,135,130,111,116,90,32,0,0,0,0
10,13,14,13,12,33,53,76,69,87,116,112,146,104,94,91,86,84,88,52,3,3,0,2
6,8,14,26,24,27,40,54,73,93,133,141,147,143,135,150,122,75,53,33,14,12,10,8
0,0,0,3,8,9,29,86,78,115,142,161,167,127,131,141,130,99,72,58,21,4,10,13
0,7,6,8,12,13,51,103,100,101,129,152,153,130,132,133,131,118,108,103,13,7,0,5
5,4,11,13,11,13,53,74,88,83,129,138,142,151,144,149,130,122,114,102,58,6,3,5
0,4,7,7,11,22,51,87,124,117,127,145,152,167,164,157,124,111,90,99,72,22,10,15
2,9,12,12,19,19,51,102,116,127,142,143,142,175,193,149,138,140,103,114,103,13,0,8
1,1,7,7,5,16,102,115,128,147,151,148,141,166,149,141,136,142,131,123,108,17,3,0
1,6,5,8,10,13,100,114,131,142,147,146,131,118,112,123,134,137,135,127,108,47,3,6
6,8,10,12,11,25,104,118,132,137,140,138,123,108,109,116,126,136,129,118,101,64,13,3
0,5,6,12,13,48,103,107,113,132,129,115,111,100,108,108,116,116,112,104,103,47,13,8
7,8,9,0,11,19,101,80,114,118,119,123,86,86,101,103,112,113,110,87,73,63,11,10
1,9,10,10,13,36,78,107,108,105,113,101,71,72,76,97,105,111,105,85,65,58,21,3
4,10,7,8,11,11,53,78,100,109,110,72,63,53,48,46,65,79,81,77,66,36,8,6
5,7,8,10,11,11,24,54,72,78,83,62,50,50,48,52,53,70,102,91,67,50,6,2
0,5,0,9,5,9,52,61,115,126,111,64,52,50,54,52,54,61,74,128,151,35,20,7
3,0,0,0,14,10,54,66,136,142,81,54,51,38,28,46,56,50,51,102,104,79,22,12
0,0,0,1,15,14,51,65,84,79,61,51,51,32,50,21,31,49,56,71,75,64,36,12
0,0,0,0,12,17,23,52,58,58,52,51,22,29,30,34,50,53,55,59,71,60,39,10
5,0,0,0,0,11,14,43,56,59,14,50,19,13,31,34,34,32,58,57,68,45,27,15
0,0,0,0,0,7,11,12,62,51,57,13,19,26,26,13,17,49,52,55,38,57,50,11
0,0,0,0,0,5,6,12,29,42,51,36,30,28,22,13,19,10,40,32,55,57,52,8
0,0,0,0,0,0,6,10,14,51,52,39,31,32,12,12,27,33,25,52,56,56,54,14
0,0,0,0,0,7,5,13,52,46,39,50,50,50,33,7,23,26,45,52,57,55,50,11
0,0,0,0,1,1,4,21,33,50,50,20,25,14,22,14,21,38,14,26,36,53,29,22
0,1,0,0,0,12,13,14,30,47,13,43,14,12,12,26,13,11,9,6,22,24,25,13
7,4,4,1,6,8,1,10,50,51,41,8,14,11,12,7,1,10,10,10,14,30,38,8
4,0,1,4,1,0,7,12,22,59,14,7,13,12,5,5,2,8,3,12,13,13,58,11

9,4,6,11,44,61,64,80,104,71,61,66,51,60,5,14,10,14,55,86,120,218,84,2
12,0,8,19,57,68,71,55,51,52,55,83,60,64,100,79,75,134,100,100,103,109,104,10
10,0,4,21,66,83,97,73,55,60,41,11,74,73,58,57,36,96,75,55,73,80,53,11
6,2,0,5,38,61,79,100,10,5,13,8,11,29,7,13,13,41,33,52,59,54,30,6
0,0,0,0,0,29,53,54,3,7,5,21,13,34,30,31,46,37,25,44,40,36,15,6
0,0,0,0,5,2,33,43,46,30,46,49,51,50,36,35,21,35,47,41,17,20,14,11
0,0,3,0,0,0,13,63,67,75,87,80,75,68,66,62,56,55,60,10,7,11,8,8
0,0,2,0,0,0,0,73,79,89,110,118,88,77,91,87,74,67,65,9,0,0,0,0
3,4,2,4,11,16,53,62,87,117,118,134,128,110,122,122,109,85,70,6,0,0,0,0
1,12,7,8,14,23,13,70,91,118,158,184,172,174,172,159,144,99,65,31,0,8,4,0
0,5,5,4,7,14,51,74,97,155,197,201,208,223,227,211,169,122,75,23,9,0,4,0
0,0,0,0,7,33,54,86,128,197,237,221,197,264,290,274,211,121,68,32,8,0,0,10
0,0,0,7,0,32,59,90,142,227,271,271,222,231,247,272,222,111,77,39,9,0,5,13
0,2,3,29,10,32,82,108,130,227,273,212,188,192,193,200,198,131,110,28,2,0,0,0
4,5,38,11,14,22,56,106,103,122,150,165,163,156,155,145,131,125,108,41,0,0,0,0
0,1,10,1,13,10,53,95,100,91,110,127,159,148,135,130,111,115,89,31,0,0,0,0
10,13,14,13,12,34,54,77,69,87,116,112,146,104,94,91,86,84,88,51,3,3,0,2
6,8,14,25,23,27,40,55,73,93,134,142,147,142,135,150,122,74,53,33,14,12,10,8
0,0,0,3,8,9,30,86,78,115,142,160,167,127,130,140,129,99,71,58,20,3,10,13
0,7,6,8,12,13,51,103,100,101,128,152,153,130,132,133,131,118,108,103,13,7,0,4
4,4,11,13,11,13,53,75,88,83,129,137,141,149,144,148,129,121,114,102,57,6,2,5
0,3,7,7,11,22,51,87,123,116,126,144,152,167,163,156,123,110,89,98,72,22,10,14
2,8,12,12,19,19,51,102,116,127,142,142,142,174,193,149,138,139,102,114,103,13,0,8
0,0,7,6,5,17,102,115,128,147,150,148,141,165,149,140,136,141,131,122,108,17,3,0
1,6,5,8,10,13,100,114,131,142,147,146,131,118,112,123,134,137,135,127,108,47,3,6
6,8,10,12,11,26,104,118,132,137,140,138,123,108,109,116,126,136,129,118,101,64,13,3
0,5,5,12,13,48,103,107,113,132,129,115,111,100,107,108,116,116,112,104,103,47,13,8
7,8,9,0,11,19,101,80,114,118,119,123,86,85,101,103,112,113,110,87,73,63,11,10
1,9,10,10,13,37,79,107,108,105,113,101,71,73,75,97,105,111,105,85,65,58,20,3
4,10,6,8,11,11,53,78,100,109,110,72,63,53,48,46,65,79,81,78,66,36,8,6
5,7,8,10,11,10,25,54,72,78,83,62,50,50,48,52,53,70,102,91,67,50,6,3
0,6,0,9,5,10,52,61,116,126,111,64,52,50,55,52,54,61,74,129,152,35,20,7
3,0,0,0,14,10,54,66,136,142,81,54,51,36,28,47,56,50,51,102,104,79,22,12
0,0,0,1,15,14,51,65,84,79,61,51,51,32,50,21,31,49,56,71,75,64,35,13
0,0,0,0,12,17,22,52,58,58,52,51,22,28,30,34,50,53,55,58,71,60,39,10
5,0,0,0,0,11,14,43,56,59,14,50,23,13,31,36,34,31,58,57,68,45,27,15
0,0,0,0,0,7,11,12,62,51,57,13,18,28,27,13,18,48,52,55,37,57,50,11
0,0,0,0,0,5,6,12,30,42,51,36,30,28,22,13,20,10,40,32,55,57,52,8
0,0,0,0,0,0,6,10,14,51,52,39,31,34,12,12,28,33,25,52,56,56,54,14
0,0,0,0,0,7,5,13,52,46,39,50,50,50,33,7,23,26,46,52,57,55,50,11
0,0,0,0,1,1,4,20,33,50,50,20,25,14,22,14,21,35,14,26,34,53,29,22
0,1,0,0,0,12,13,14,31,48,13,41,14,11,12,26,13,11,9,6,23,24,25,13
7,4,4,1,6,8,1,10,50,52,42,8,14,11,12,7,2,10,10,10,14,29,40,8
4,0,1,4,1,0,7,12,22,59,14,7,13,12,5,5,2,8,4,11,13,13,58,11

9,4,6,10,40,60,63,80,104,71,61,66,50,55,5,14,10,14,55,89,120,205,84,1
12,0,8,16,56,67,70,55,53,53,57,85,62,67,101,83,81,138,100,101,103,110,104,10
10,0,4,18,63,79,95,73,59,71,64,13,87,81,64,60,38,102,81,55,72,81,55,11
6,2,0,5,35,59,77,98,11,7,50,8,11,29,9,18,14,42,35,51,59,54,34,6
0,0,0,0,0,14,52,53,2,8,4,16,13,26,11,33,46,42,26,44,41,37,16,6
0,0,1,0,4,2,30,42,46,29,45,47,50,50,36,35,27,40,48,41,18,21,14,11
0,0,3,0,0,0,12,63,67,75,87,79,74,68,66,62,56,55,60,10,7,12,9,8
0,0,1,0,0,0,0,73,80,89,109,117,88,77,92,88,74,67,65,10,0,0,0,0
3,3,1,4,10,14,52,62,87,116,115,130,126,110,122,122,109,86,71,8,0,0,0,0
1,12,7,7,13,14,12,69,90,114,152,177,166,172,170,158,144,100,66,34,0,7,4,0
0,5,5,3,7,14,51,73,95,151,190,193,200,219,225,208,168,123,76,28,12,0,4,0
0,0,0,0,6,30,54,86,128,195,232,216,194,259,285,272,212,123,69,31,8,0,0,10
0,0,1,6,0,34,59,92,144,226,263,262,221,229,242,266,225,114,79,40,9,0,4,13
0,2,4,27,10,31,83,109,134,231,258,206,188,192,192,195,197,134,111,33,2,0,0,0
4,5,39,11,14,25,57,107,105,121,149,166,164,156,156,145,130,125,108,40,0,0,0,0
0,1,10,1,13,10,53,96,100,91,111,128,160,149,136,131,111,115,89,31,0,0,0,0
10,13,14,13,12,34,54,76,69,87,117,113,147,104,95,91,86,84,87,51,3,3,0,2
6,8,14,25,23,27,40,55,73,93,134,142,148,143,136,151,123,74,53,32,13,11,10,8
0,0,0,3,8,9,27,86,78,115,143,162,168,128,131,141,130,98,71,56,20,3,10,13
0,7,6,8,12,13,51,102,98,101,129,153,154,130,133,133,131,117,107,103,13,7,0,4
4,4,11,13,11,13,52,74,87,81,128,138,142,151,144,149,129,120,113,102,56,6,2,5
0,3,7,6,11,21,51,86,123,116,126,144,151,167,163,156,123,110,88,97,71,22,10,15
1,8,12,12,18,18,51,102,116,126,141,142,141,174,193,148,137,139,102,113,103,13,0,7
1,0,7,6,4,16,102,115,128,147,150,148,140,165,149,140,135,141,131,122,108,16,3,0
1,6,5,8,10,13,100,114,130,142,147,145,131,118,112,123,134,137,135,127,109,46,3,6
6,8,10,12,11,25,104,118,132,137,140,138,123,108,109,116,125,136,129,118,101,64,13,3
0,5,5,12,13,48,103,107,113,132,129,115,111,101,108,108,116,116,112,104,103,47,13,8
7,8,8,0,11,17,101,80,114,117,119,123,86,85,101,103,112,113,110,87,73,63,11,10
1,9,9,10,13,36,78,107,108,105,113,101,71,72,76,97,105,111,105,85,66,58,21,3
4,10,6,7,11,11,53,78,100,109,110,72,63,53,48,46,65,79,81,77,66,36,8,6
5,7,8,10,11,10,25,54,71,78,83,62,50,50,48,52,53,70,102,91,66,51,6,3
0,6,0,9,5,10,53,61,115,126,111,65,52,50,55,52,54,61,74,129,152,35,20,7
3,0,0,0,14,10,54,66,137,144,81,54,51,38,27,48,56,50,51,102,104,80,22,12
0,0,0,1,15,14,52,65,86,80,61,51,51,32,50,22,31,49,56,71,76,64,36,13
0,0,0,0,12,17,23,53,58,58,52,51,23,28,31,34,50,53,55,59,71,60,39,10
5,0,0,0,0,11,14,44,56,59,14,50,22,13,32,35,34,33,58,57,68,45,27,15
0,0,0,0,0,7,11,12,62,51,57,13,20,27,27,13,19,50,52,55,38,57,50,11
0,0,0,0,0,5,6,12,32,43,51,37,29,28,22,13,21,11,40,32,55,57,52,8
0,0,0,0,0,0,6,10,14,51,52,39,31,33,13,12,30,35,25,52,56,56,54,14
0,0,0,0,0,7,5,13,52,47,39,49,50,50,34,7,25,26,47,52,57,55,50,11
0,0,0,0,1,1,4,21,33,50,50,21,24,14,21,14,21,36,14,26,36,53,29,22
0,1,0,0,0,12,13,14,33,49,13,43,14,11,12,26,13,12,9,6,22,25,25,13
7,4,4,1,6,8,1,10,50,52,41,8,14,11,12,7,1,10,10,10,14,30,40,8
4,0,1,4,1,0,7,12,22,59,14,7,13,12,5,5,2,8,4,12,13,13,58,11

8,4,5,10,40,60,63,79,104,71,62,69,58,69,13,16,11,14,55,84,115,203,92,3
12,0,8,17,56,67,70,55,52,53,56,89,66,71,105,91,79,133,100,100,102,109,104,10
10,0,5,21,65,82,96,73,55,63,57,13,90,84,68,61,38,96,76,55,72,80,54,11
6,2,0,5,38,61,79,99,9,5,14,8,13,37,11,30,14,41,32,52,59,54,31,6
0,0,0,0,0,26,53,55,3,8,3,31,25,41,24,36,44,36,26,44,41,36,16,6
0,0,0,0,5,3,37,46,51,33,49,50,53,52,39,37,28,41,49,41,17,21,14,11
0,0,3,0,0,0,14,65,69,78,89,81,76,70,68,63,57,55,60,10,8,12,9,8
0,0,1,0,1,0,6,77,83,92,113,121,91,80,93,89,74,67,65,9,0,1,0,0
2,3,2,3,10,15,53,64,90,118,119,133,128,111,123,123,109,85,71,7,0,0,0,0
1,12,7,6,13,16,13,70,93,118,154,179,166,172,168,157,142,98,65,30,0,7,4,0
0,4,4,3,7,13,51,75,98,153,190,193,198,216,222,203,164,120,75,22,11,0,4,0
0,0,0,0,6,30,54,88,129,195,230,214,193,255,282,267,208,121,68,29,8,0,0,10
0,0,0,6,0,32,59,94,145,224,258,259,221,230,240,260,223,113,78,39,9,0,4,13
0,1,4,25,10,31,84,109,135,230,254,206,189,194,193,193,192,134,111,28,1,0,0,0
4,4,38,11,14,26,57,107,106,121,149,168,165,158,157,145,130,124,108,37,0,0,0,0
0,1,10,1,13,10,53,97,101,92,112,129,161,150,137,131,112,115,89,30,0,0,0,0
10,13,14,13,12,34,54,77,69,87,118,114,148,105,95,92,86,84,86,50,3,3,0,2
6,8,14,25,23,27,40,55,73,94,135,144,150,144,138,152,123,74,53,31,13,12,10,8
0,0,0,2,9,9,27,85,77,115,143,163,169,129,133,142,130,98,70,54,19,3,10,13
0,7,6,8,12,13,50,102,94,101,129,154,155,131,133,134,131,117,106,102,13,7,0,4
4,3,11,13,11,13,51,73,85,80,128,138,143,151,145,149,129,120,112,101,54,6,2,5
0,3,7,6,11,19,50,85,122,115,125,144,151,167,163,156,122,109,87,95,71,21,10,15
1,8,12,12,18,17,51,101,115,126,140,141,141,174,192,148,137,138,101,113,103,12,0,7
1,0,7,6,4,15,102,115,128,147,149,147,140,164,149,140,135,141,130,122,108,15,2,0
1,6,5,8,10,13,100,114,130,142,146,145,130,118,112,123,134,137,134,126,108,46,3,6
6,8,10,12,11,26,104,118,132,137,140,138,123,108,109,116,125,136,128,118,101,64,13,3
0,5,5,12,13,47,103,107,113,132,129,115,111,100,107,108,116,116,112,104,103,47,13,8
7,8,8,0,11,17,101,81,114,118,119,123,86,85,101,103,112,113,110,87,73,63,11,10
1,9,9,10,13,36,79,107,108,105,113,101,71,72,76,96,105,111,105,85,65,59,21,3
4,10,6,7,11,11,53,78,100,109,110,72,63,53,48,46,65,79,81,77,66,36,8,6
5,6,8,10,11,10,26,54,72,78,83,62,50,50,48,52,53,70,102,90,66,51,6,2
0,6,0,9,5,10,53,61,115,126,111,65,52,50,55,52,54,61,74,129,152,35,20,7
3,0,0,0,14,10,54,66,137,144,82,54,51,40,27,48,56,50,51,103,105,80,22,12
0,0,0,1,15,14,52,65,86,80,61,51,51,32,50,22,31,50,56,71,76,65,36,13
0,0,0,0,12,17,23,53,58,58,52,51,23,28,31,34,50,53,55,59,71,60,39,10
5,0,0,0,0,11,14,44,56,60,14,50,23,13,31,36,34,33,58,57,68,45,27,15
0,0,0,0,0,7,11,12,63,51,57,13,19,28,27,13,20,49,52,55,38,57,50,11
0,0,0,0,0,6,6,12,32,44,51,37,29,29,22,13,21,11,40,32,55,57,52,8
0,0,0,0,0,0,6,10,15,51,52,39,32,33,12,13,29,34,25,52,56,56,54,14
0,0,0,0,0,7,6,13,52,46,39,50,50,50,35,7,25,26,46,52,57,55,50,11
0,0,0,0,1,2,4,21,33,50,50,21,27,14,22,14,22,37,14,28,36,53,29,22
0,1,0,0,0,12,13,14,33,49,13,44,14,12,12,26,13,12,9,7,22,25,25,13
7,4,4,1,6,9,1,10,50,51,41,8,14,11,12,7,1,10,10,10,14,29,38,8
4,0,1,4,1,0,7,12,22,59,14,7,13,12,5,5,2,8,4,11,13,13,57,11

9,4,6,10,40,60,63,79,104,71,61,68,56,68,13,16,11,14,55,84,116,208,92,3
12,0,8,19,56,67,70,55,51,52,55,87,64,68,104,86,77,132,100,100,102,109,105,11
10,0,5,21,65,81,97,73,54,61,53,13,87,79,65,60,37,94,75,55,72,81,56,11
6,3,0,5,37,61,79,100,9,5,13,9,13,38,10,18,14,40,32,52,59,55,35,6
0,0,0,0,0,24,53,55,4,9,4,35,26,41,24,35,44,36,25,45,42,37,17,6
0,0,0,0,5,3,37,46,51,34,50,51,54,52,39,38,29,42,50,42,18,22,14,11
0,0,3,0,0,0,14,65,70,78,90,82,77,70,68,64,57,56,60,10,8,12,9,8
0,0,2,0,1,0,6,76,82,92,113,122,92,81,94,90,75,68,66,10,0,1,0,0
2,3,1,3,10,16,54,64,90,119,120,135,130,113,125,124,110,86,71,8,0,0,0,0
1,12,7,7,13,18,13,70,93,118,156,181,169,174,172,159,144,100,66,35,0,7,5,0
0,5,4,3,7,13,51,75,98,153,192,195,202,220,225,207,167,121,75,25,12,0,4,0
0,0,0,0,6,30,54,88,129,195,231,215,194,258,286,270,209,121,68,29,7,0,0,10
0,0,0,6,0,31,59,94,144,224,260,260,219,228,242,265,221,112,77,39,9,0,3,13
0,1,3,26,10,29,83,109,134,228,255,204,187,191,191,195,195,132,111,23,1,0,0,0
4,4,37,11,14,25,57,107,105,121,149,165,163,155,155,144,130,124,108,35,0,0,0,0
0,1,10,1,13,10,53,97,100,91,111,127,159,148,135,130,111,115,89,29,0,0,0,0
10,13,14,13,12,33,54,77,69,87,117,113,147,104,94,91,86,84,87,50,2,3,0,2
6,8,14,24,22,27,40,55,73,93,134,142,148,143,136,150,122,74,53,32,13,11,10,8
0,0,0,2,8,8,29,85,77,115,143,162,168,128,131,141,129,98,70,54,21,2,10,13
0,6,6,9,12,13,51,102,96,101,129,153,154,130,132,133,131,117,107,103,13,7,0,4
4,3,11,13,11,13,52,74,86,80,128,138,142,151,144,149,129,120,112,102,56,6,3,5
0,3,7,6,11,20,50,86,123,115,125,144,151,167,163,156,122,110,88,96,71,21,10,14
1,8,12,12,18,18,51,101,116,126,141,142,142,174,193,148,137,139,102,113,103,13,0,7
0,0,7,6,4,16,102,115,128,147,150,148,141,166,149,140,136,141,131,122,108,17,2,0
1,6,5,8,10,13,100,114,130,142,147,145,131,118,112,123,134,137,135,127,108,46,3,6
6,8,10,12,11,26,104,118,132,137,140,138,123,108,109,116,125,136,128,118,101,64,13,3
0,5,5,12,13,47,103,107,113,132,129,115,111,100,107,108,116,116,112,104,103,47,13,8
7,8,8,0,11,17,101,80,114,118,119,123,86,86,101,103,112,113,110,87,73,63,11,10
1,9,9,10,13,37,78,107,108,105,113,101,71,73,76,97,105,111,105,85,66,58,21,3
4,10,6,7,11,11,54,78,100,109,110,72,63,53,48,46,65,79,81,77,66,36,8,6
5,6,8,10,11,10,26,54,71,78,83,62,50,50,48,52,53,70,102,91,67,50,6,2
0,5,0,9,5,10,53,61,115,126,111,65,52,51,54,52,54,61,74,129,153,35,20,8
3,0,0,0,14,10,54,66,137,144,82,54,51,40,28,48,56,50,51,103,104,79,22,12
0,0,0,2,15,15,52,65,86,80,61,51,51,33,50,22,31,50,56,71,76,65,36,13
0,0,0,0,12,18,24,52,58,58,52,51,24,28,30,34,50,53,55,59,71,60,39,10
5,0,0,0,0,11,14,44,56,59,14,50,22,13,32,34,34,33,58,57,68,45,27,15
0,0,0,0,0,7,11,13,62,51,58,13,20,28,28,13,19,50,52,55,38,57,50,11
0,0,0,0,0,6,6,12,32,44,51,37,30,29,22,13,21,11,41,32,55,57,52,8
0,0,0,0,0,0,6,10,14,51,52,40,31,34,12,12,29,34,25,52,56,56,54,14
0,0,0,0,0,7,6,13,52,47,39,50,51,50,35,7,23,26,47,52,58,55,50,11
0,0,0,0,1,2,4,21,33,50,50,22,26,14,22,14,21,36,14,26,35,53,29,22
0,1,0,0,0,12,13,14,31,50,13,45,14,12,12,26,13,12,10,7,22,24,25,13
7,4,4,1,6,9,1,10,50,52,42,8,14,11,12,7,2,10,10,10,14,30,39,8
4,0,1,4,1,0,7,12,22,59,14,7,13,12,5,5,3,8,4,12,13,13,58,11

9,4,6,11,40,60,63,78,104,71,61,68,56,68,13,17,11,14,55,84,116,207,93,3
12,0,8,17,56,68,70,54,51,52,55,87,64,68,104,87,78,133,100,100,103,110,105,11
10,0,5,21,64,82,97,74,54,62,54,13,88,81,65,60,37,95,76,56,72,82,57,11
6,3,0,5,37,61,79,100,9,5,14,9,13,37,11,20,14,40,33,52,59,55,36,6
0,0,0,0,0,23,53,55,4,9,4,35,27,43,24,36,46,36,26,45,44,37,18,6
0,0,0,0,5,3,36,45,51,34,50,51,54,52,39,38,30,42,50,42,18,22,14,11
0,0,3,0,0,0,14,65,70,78,90,82,77,70,68,64,57,56,60,10,8,12,9,9
0,0,2,0,1,0,5,76,82,92,113,122,92,81,94,90,75,68,66,10,0,1,0,0
3,3,2,4,10,18,54,64,90,119,120,136,130,114,126,124,111,86,71,9,0,0,0,0
1,12,7,7,13,19,14,71,93,119,158,184,172,176,173,160,144,99,66,35,0,7,5,0
0,5,4,3,7,13,52,76,99,154,195,199,205,223,229,208,166,121,75,25,12,0,4,0
0,0,0,0,6,30,54,87,129,196,234,219,196,263,289,271,206,119,67,29,7,0,0,10
0,0,0,6,0,28,59,93,142,221,258,262,220,230,245,267,217,109,76,38,8,0,3,13
0,1,3,25,10,27,83,109,133,225,260,207,185,190,191,199,196,131,110,18,1,0,0,0
4,4,37,10,14,22,57,106,104,123,149,164,162,154,154,144,131,124,107,33,0,0,0,0
0,1,10,1,13,10,53,96,100,91,109,126,158,147,134,130,111,115,88,29,0,0,0,0
10,13,14,13,12,31,54,77,69,87,116,112,146,103,94,91,85,83,87,51,2,3,0,2
6,7,14,23,22,27,40,55,73,93,133,141,146,142,135,148,121,73,52,32,13,11,10,8
0,0,0,2,8,8,27,85,77,114,142,160,167,127,130,140,129,98,70,56,22,2,10,12
0,6,5,9,12,13,51,102,97,101,128,151,153,130,132,133,130,117,107,103,13,7,0,4
4,3,11,13,11,13,53,74,86,80,128,137,142,150,144,148,129,120,113,102,57,6,3,5
0,3,7,6,11,20,51,86,123,115,125,144,151,167,163,156,122,110,89,97,72,22,10,14
1,8,12,12,18,18,51,102,116,126,141,142,141,175,193,149,138,139,102,113,103,13,0,7
0,0,7,6,4,16,102,115,128,147,149,148,140,166,149,141,136,141,131,122,108,18,3,0
1,6,5,8,10,13,100,114,130,142,146,145,131,118,112,123,134,137,135,126,108,47,3,6
6,8,10,12,11,25,104,118,132,137,140,138,123,108,109,116,125,136,128,118,101,64,13,3
0,5,5,12,13,48,103,107,113,132,129,115,111,100,108,108,116,116,112,104,103,47,13,8
7,8,8,0,11,19,101,80,114,118,119,123,86,86,101,103,112,113,110,87,73,63,11,10
1,9,9,10,13,37,79,107,108,105,113,101,71,72,76,97,105,111,105,85,65,58,21,3
4,10,6,7,11,11,53,78,100,109,110,72,63,53,48,46,65,79,81,78,66,36,8,6
5,6,8,10,11,10,27,54,72,78,83,62,50,51,48,52,54,70,102,91,67,51,6,3
0,5,0,9,5,10,53,61,116,126,112,65,52,50,54,52,53,61,74,130,153,35,20,8
3,0,0,0,14,10,54,66,137,144,82,54,51,41,29,49,56,50,51,102,104,80,22,12
0,0,0,2,15,14,52,65,85,80,61,51,51,32,50,22,31,50,56,71,76,64,36,13
0,0,0,0,12,18,23,53,58,58,52,51,23,29,31,34,50,53,55,59,71,60,39,10
5,0,0,0,0,11,14,43,56,59,14,50,22,13,32,35,34,32,58,57,68,45,27,15
0,0,0,0,0,7,11,12,63,51,57,13,22,26,27,13,18,49,52,55,38,57,50,11
0,0,0,0,0,6,6,12,31,43,51,37,30,29,22,13,21,11,40,32,55,57,52,8
0,0,0,0,0,0,6,10,14,51,52,40,32,33,12,13,29,34,25,52,56,56,54,14
0,0,0,0,0,7,6,13,52,47,39,50,50,50,35,7,23,26,46,52,57,55,50,11
0,0,0,0,1,2,4,21,33,50,50,21,26,14,21,14,21,35,14,26,36,53,29,21
0,1,0,0,0,12,13,14,33,48,13,45,14,11,12,26,13,12,9,7,23,25,25,13
7,4,4,1,6,8,1,10,50,51,41,8,14,11,12,7,2,10,10,10,14,30,40,8
4,0,1,4,1,0,7,12,22,59,14,7,13,12,5,5,3,8,4,12,13,13,58,11

9,4,6,11,40,60,63,78,104,70,61,68,57,68,13,17,11,14,55,83,115,207,93,4
12,0,8,20,56,68,71,54,51,52,56,87,64,68,104,86,77,131,100,100,102,109,105,11
10,0,5,23,65,82,97,74,54,61,53,13,88,80,64,60,37,93,75,56,72,83,58,11
6,3,0,5,37,61,79,100,9,5,14,9,13,37,11,16,14,40,33,52,60,55,37,6
0,0,0,0,0,24,53,55,4,9,5,37,30,45,25,35,46,35,26,46,45,38,18,6
0,0,0,0,5,3,37,45,51,34,50,51,54,53,40,39,31,42,50,42,18,22,14,11
0,0,3,0,0,0,14,64,70,78,89,81,76,70,68,64,57,57,60,10,8,12,9,9
0,0,2,0,1,0,5,76,82,91,112,121,92,81,94,90,76,68,66,11,0,1,0,0
3,3,2,4,10,20,54,64,90,119,120,136,131,114,126,125,110,86,72,9,0,0,0,0
1,12,7,7,14,20,14,71,93,119,159,185,173,177,174,160,144,99,66,37,0,8,5,0
0,5,4,3,7,14,52,76,100,155,197,203,208,225,232,210,166,120,75,26,12,0,4,0
0,0,0,0,6,31,54,88,129,196,236,223,199,269,295,274,206,118,67,30,8,0,0,10
0,0,0,6,0,27,58,92,141,219,258,265,224,235,253,268,212,107,75,38,8,0,3,13
0,1,3,25,10,27,82,109,132,223,261,209,187,191,194,207,195,129,109,16,1,0,0,0
4,4,37,11,14,22,57,106,104,124,150,164,162,154,154,145,132,124,107,33,0,0,0,0
0,1,10,1,13,10,53,96,100,91,109,126,157,147,134,130,111,115,89,30,0,0,0,0
9,13,14,13,12,33,54,76,69,87,116,112,146,103,94,90,85,83,87,51,3,3,0,2
6,7,14,23,22,26,40,55,73,93,133,141,146,141,134,148,121,73,53,33,13,11,10,8
0,0,0,2,8,8,27,85,77,114,142,160,166,127,130,140,129,98,70,56,23,2,10,13
0,6,5,9,12,13,51,102,97,101,128,151,152,129,132,132,130,117,107,103,13,7,0,4
4,3,11,13,11,13,52,74,86,80,128,137,141,149,143,148,129,120,113,102,58,6,3,5
0,2,7,6,11,19,50,86,123,115,125,144,150,167,163,155,123,110,89,97,72,22,10,14
1,8,12,12,18,18,51,101,116,126,141,142,141,175,193,149,138,139,102,114,103,14,0,7
0,0,7,6,4,16,102,115,128,147,149,148,140,166,149,140,136,141,131,122,108,20,3,0
1,6,5,8,10,13,100,114,130,142,146,145,131,118,111,123,134,137,135,126,109,47,3,6
6,8,10,12,11,26,104,118,132,137,140,138,123,108,109,116,125,136,129,118,101,65,13,3
0,5,5,12,13,48,103,107,113,132,129,115,111,100,108,108,116,116,112,104,103,47,13,8
7,8,8,0,11,17,101,80,114,118,119,123,86,85,101,103,112,113,110,87,73,63,11,10
1,9,9,10,13,36,78,107,108,105,113,101,71,73,76,97,105,111,105,85,65,59,21,3
4,10,6,7,11,11,53,78,100,109,110,72,63,53,48,46,65,79,81,77,66,36,8,6
5,7,8,10,11,10,27,54,72,78,84,62,50,50,48,52,53,70,102,91,67,51,6,3
0,5,0,9,5,10,53,61,116,127,112,65,52,51,54,52,54,61,74,130,155,35,20,8
3,0,0,0,14,10,54,66,137,144,82,54,51,38,28,47,56,50,51,102,104,79,23,12
0,0,0,2,15,14,51,65,85,79,61,51,51,32,50,21,30,49,56,71,76,65,35,13
0,0,0,0,12,18,24,52,58,58,52,51,22,30,31,34,50,53,55,59,71,60,39,10
5,0,0,0,0,11,14,43,56,59,14,50,22,13,31,35,34,32,58,57,68,45,27,15
0,0,0,0,0,7,11,12,63,51,58,13,21,29,26,13,19,48,52,55,37,57,50,11
0,0,0,0,0,6,6,12,32,44,51,37,32,29,22,13,21,11,40,32,55,57,52,8
0,0,0,0,0,0,6,10,14,51,52,39,32,33,12,13,28,34,25,52,56,56,54,14
0,0,0,0,0,7,6,13,52,46,39,50,50,50,34,7,23,26,46,52,57,55,50,11
0,0,0,0,1,2,4,21,33,50,50,25,29,14,21,15,21,36,14,26,35,53,29,22
0,1,0,0,0,12,13,14,31,49,13,44,14,12,12,26,13,12,9,6,23,24,25,13
7,4,4,1,6,9,2,10,50,52,42,8,14,11,12,7,2,10,10,10,14,30,40,8
4,0,1,4,1,0,7,12,22,59,14,7,13,12,5,5,2,8,4,12,13,13,58,11

9,4,6,11,40,60,63,78,104,70,61,68,56,68,13,17,11,14,54,82,114,206,93,4
12,0,8,20,56,68,71,55,51,52,56,87,64,68,104,86,77,132,100,100,102,109,106,11
10,0,5,23,65,82,97,75,54,61,54,13,88,81,64,59,37,93,75,56,72,83,58,11
6,3,0,5,39,61,80,100,10,5,14,9,13,37,11,17,14,41,33,52,60,56,39,6
0,0,0,0,0,29,53,56,5,9,4,38,32,44,28,36,46,36,26,45,45,39,18,6
0,0,0,0,5,3,37,47,51,34,50,51,54,53,39,39,31,41,50,42,18,22,14,11
0,0,3,0,0,0,14,65,70,78,89,82,76,69,67,64,57,57,60,10,8,12,9,9
0,0,2,0,1,0,6,76,82,92,112,121,92,80,92,89,75,68,66,11,0,1,0,0
3,3,2,4,11,20,54,64,90,119,121,137,131,112,124,122,109,86,71,9,0,0,0,0
1,12,7,7,14,22,14,72,94,120,160,186,174,177,173,158,142,99,66,37,0,8,5,0
0,5,4,3,7,14,52,77,100,156,198,205,210,225,234,212,165,120,75,27,12,0,4,0
0,0,0,0,6,30,54,88,129,197,237,225,202,273,299,277,206,118,67,30,8,0,0,10
0,0,0,6,0,28,58,92,141,220,258,266,226,240,259,270,211,107,74,37,8,0,4,13
0,1,3,25,10,25,82,109,132,224,260,209,187,192,196,211,194,128,109,15,1,0,0,0
4,4,37,11,14,21,57,106,104,123,149,164,162,154,154,145,133,124,107,33,0,0,0,0
0,1,10,1,13,10,53,96,100,91,109,126,157,147,134,130,111,115,88,30,0,0,0,0
9,13,14,13,12,33,55,77,69,87,116,112,146,103,94,91,85,83,87,51,3,3,0,2
5,7,14,23,22,26,40,55,73,93,133,141,145,142,134,148,121,73,53,33,13,11,10,8
0,0,0,2,8,8,25,85,77,114,142,160,166,126,130,140,129,98,70,57,23,2,10,13
0,6,5,9,12,13,50,102,96,100,128,151,152,129,131,132,130,117,107,103,13,7,0,4
3,3,11,13,11,13,51,74,86,80,127,137,141,149,143,148,129,120,113,102,58,7,3,5
0,2,7,6,11,19,50,86,122,115,125,143,150,166,162,155,122,110,89,97,72,22,10,15
1,8,12,12,18,18,51,101,115,126,140,142,141,174,193,148,137,139,102,113,103,14,0,7
0,0,7,6,4,17,102,115,128,147,149,148,140,165,149,140,135,141,131,122,108,20,3,0
1,6,5,8,10,13,100,113,130,142,146,145,131,118,111,123,134,137,135,126,108,47,3,6
6,8,10,12,11,26,104,118,132,137,140,138,123,108,109,116,125,136,128,118,101,64,13,3
0,5,5,12,13,47,103,107,113,132,129,115,111,100,107,108,116,116,112,104,103,47,13,8
7,8,8,0,11,17,101,80,114,118,119,123,86,86,101,103,112,113,110,87,73,63,11,10
1,9,9,10,13,36,78,107,108,105,113,101,71,73,76,97,105,111,105,85,65,59,21,3
4,10,6,7,11,11,53,79,100,109,110,72,63,53,48,46,65,79,81,78,67,36,8,6
5,6,8,10,11,10,28,54,72,78,83,62,50,51,48,52,53,70,102,91,67,51,6,3
0,5,0,9,5,10,53,61,116,127,111,64,52,51,54,52,54,61,74,130,155,35,20,8
3,0,0,0,14,10,54,66,137,144,82,54,51,41,27,48,56,50,51,102,104,79,22,12
0,0,0,2,15,15,51,65,85,80,61,51,51,32,50,22,30,49,56,71,76,65,36,13
0,0,0,0,12,17,24,52,58,58,52,51,23,28,31,34,50,53,55,59,71,60,39,10
5,0,0,0,0,11,14,44,56,59,14,50,21,13,31,35,34,32,58,57,68,45,27,15
0,0,0,0,0,7,11,13,63,51,58,13,23,27,28,13,18,50,52,55,38,57,50,11
0,0,0,0,0,6,6,12,33,45,51,38,31,29,22,13,21,11,40,32,55,57,52,8
0,0,0,0,0,0,6,10,14,51,52,39,32,34,12,13,29,33,25,52,56,56,54,14
0,0,0,0,0,7,6,13,52,46,39,50,50,50,35,7,23,26,47,52,58,55,50,11
0,0,0,0,1,2,4,21,33,50,50,22,25,14,21,14,21,35,14,26,36,53,29,22
0,1,0,0,0,12,13,14,33,49,13,44,14,12,12,26,13,12,9,7,24,25,25,13
7,4,4,1,6,9,1,10,50,52,42,8,14,11,12,7,2,10,10,10,14,30,39,8
4,0,1,4,1,0,7,12,24,59,14,7,13,12,5,6,2,8,4,12,13,13,58,11

9,4,6,11,40,60,63,78,103,70,61,68,56,68,13,16,11,14,54,82,114,206,93,4
12,0,9,20,56,68,71,54,51,52,56,87,63,68,104,86,77,132,100,100,102,109,106,11
10,0,5,23,64,82,97,75,54,61,54,12,88,81,64,59,37,93,75,55,72,83,59,11
6,3,0,5,38,61,79,100,9,5,14,9,13,38,11,16,14,40,33,52,60,56,37,6
0,0,0,0,0,26,53,56,5,9,5,38,33,45,28,35,46,36,26,46,45,39,18,6
0,0,0,0,5,3,37,47,51,35,51,51,54,53,40,39,31,42,50,42,18,23,14,11
0,0,3,0,0,0,14,65,70,78,90,82,77,70,67,64,57,56,61,10,8,12,9,9
0,0,2,0,1,0,6,76,82,92,113,122,93,81,93,90,75,68,66,11,0,1,0,0
3,3,2,3,10,20,54,64,90,119,120,137,131,113,124,123,109,86,72,9,0,0,0,0
1,12,7,7,14,20,14,71,93,119,158,185,173,177,172,157,142,98,66,37,0,8,5,0
0,5,4,3,7,14,52,76,99,154,196,202,207,224,232,209,165,120,75,26,12,0,4,0
0,0,0,0,6,30,54,88,129,196,235,222,199,271,297,275,207,119,67,30,8,0,0,10
0,0,0,6,0,29,58,93,143,221,258,264,226,241,257,270,215,108,75,38,9,0,4,13
0,1,3,26,10,28,84,109,134,226,256,208,189,195,197,207,195,129,110,17,1,0,0,0
4,4,38,11,14,25,57,107,105,123,149,166,164,157,157,146,132,124,107,33,0,0,0,0
0,1,10,1,13,10,53,97,100,91,110,127,159,148,135,131,111,115,89,30,0,0,0,0
10,13,14,13,12,32,54,77,69,87,117,113,147,104,95,91,86,84,87,50,3,3,0,2
6,7,14,23,22,26,40,55,73,93,134,142,147,142,136,150,122,74,53,32,13,11,10,8
0,0,0,2,8,8,25,84,77,114,143,161,168,128,131,140,129,97,70,56,21,2,10,13
0,6,5,9,12,13,50,102,95,100,128,152,153,130,132,133,130,116,107,103,13,7,0,4
4,3,11,13,11,12,51,73,85,79,127,137,142,150,144,148,129,119,112,102,56,6,3,5
0,2,7,6,11,18,50,85,122,114,124,143,150,167,162,155,122,109,88,96,71,21,10,15
1,8,12,12,18,17,51,101,115,126,139,141,141,174,193,148,137,138,101,113,103,13,0,7
0,0,7,6,4,15,102,114,128,147,149,147,140,165,148,140,135,141,130,122,108,19,2,0
1,6,5,8,10,13,100,113,130,141,146,145,130,117,111,123,133,137,134,126,108,47,3,6
6,8,10,12,11,25,104,118,132,137,140,138,123,108,109,116,125,136,128,118,101,64,13,3
0,5,6,12,13,48,103,107,113,132,129,115,111,100,107,108,115,116,112,104,103,47,13,8
7,8,8,0,11,17,101,80,114,117,119,123,86,86,101,103,112,113,110,87,73,63,11,10
1,9,9,10,13,36,78,107,108,105,113,101,72,72,75,97,105,111,105,85,65,58,21,3
4,10,6,7,11,11,54,78,100,109,110,72,63,53,48,46,65,79,81,77,66,36,8,6
5,6,8,10,11,10,29,54,71,78,83,62,50,51,48,52,53,70,102,91,67,51,6,3
0,6,0,9,5,10,53,61,116,127,112,65,52,51,55,52,54,61,74,130,154,35,20,8
3,0,0,0,14,10,54,66,138,145,82,54,51,40,28,49,56,50,51,102,104,79,22,12
0,0,0,2,16,15,52,65,86,80,61,51,51,33,50,23,31,50,56,71,76,65,36,13
0,0,0,0,12,18,24,53,58,58,52,51,23,28,32,34,50,53,55,59,71,60,39,10
5,0,0,0,0,11,15,44,56,59,14,50,24,13,32,36,34,33,58,57,68,45,27,15
0,0,0,0,0,7,11,13,63,51,58,13,21,28,27,13,20,50,52,55,38,57,50,11
0,0,0,0,0,6,6,12,33,45,51,37,30,29,22,13,21,11,40,32,55,57,52,8
0,0,0,0,0,0,6,10,15,51,52,39,32,33,12,13,29,34,25,52,56,56,54,14
0,0,0,0,0,7,6,13,53,48,39,50,50,50,34,7,24,26,48,52,58,55,50,11
0,0,0,0,1,2,5,21,34,50,50,22,24,14,22,14,22,35,14,28,36,53,29,22
0,1,0,0,0,12,13,14,35,49,14,44,14,12,12,26,13,12,9,7,23,25,25,13
7,4,4,1,6,9,2,10,50,52,42,8,14,11,12,7,2,10,10,10,14,30,40,8
4,0,1,4,1,0,7,12,23,59,14,7,13,12,5,5,2,8,4,12,13,13,58,11

9,4,6,11,40,60,62,78,103,70,61,68,57,68,13,17,11,14,53,82,114,207,94,4
12,0,9,20,56,68,71,55,51,52,55,87,63,67,103,86,76,131,100,100,102,110,106,11
10,1,5,23,65,81,98,75,54,61,53,12,88,82,64,59,37,92,75,56,72,83,59,12
6,3,0,5,39,61,79,100,9,5,13,9,13,39,11,15,14,40,34,52,60,56,40,6
0,0,0,0,0,26,53,56,5,9,5,41,35,45,28,35,46,36,26,46,46,40,19,6
0,0,0,0,5,3,37,47,52,35,51,52,55,53,40,39,32,43,50,42,19,23,14,11
0,0,3,0,0,0,15,65,71,79,90,82,77,70,68,65,58,57,61,10,8,13,9,9
0,0,2,0,1,0,7,77,83,93,114,123,93,81,95,91,76,69,66,11,0,1,0,0
3,3,1,3,10,20,54,64,90,119,121,136,131,114,125,124,110,86,72,10,0,0,0,0
1,12,7,7,13,18,14,71,93,118,156,183,171,176,171,158,143,99,66,37,0,8,5,0
0,5,4,3,7,14,52,76,99,153,193,198,204,222,230,208,165,121,75,26,12,0,4,0
0,0,0,0,6,30,54,88,129,195,233,220,197,267,294,274,208,120,67,30,8,0,0,10
0,0,0,6,0,30,58,94,143,221,257,263,227,241,255,269,216,109,75,38,9,0,4,13
0,1,3,27,10,28,84,109,135,226,253,209,190,196,198,205,195,130,110,17,1,0,0,0
4,4,37,11,14,26,58,107,106,122,150,167,165,158,158,146,132,124,107,33,0,0,0,0
0,1,10,1,13,10,53,98,100,91,111,128,160,149,136,131,112,115,89,30,0,0,0,0
10,13,14,13,12,33,55,77,69,87,118,114,148,105,95,92,86,84,86,50,3,3,0,2
5,8,14,24,22,27,40,55,73,94,135,143,149,144,137,151,123,74,52,32,13,12,11,8
0,0,0,2,8,8,25,84,77,115,143,162,169,129,132,141,129,97,70,55,19,0,11,13
0,7,5,9,12,12,50,101,92,100,129,153,155,131,133,133,130,116,106,102,13,7,0,5
4,3,11,13,11,12,51,73,84,78,127,137,142,151,144,148,128,119,111,101,55,6,2,5
0,2,7,6,11,18,50,84,121,114,123,143,150,166,162,155,121,108,86,95,71,21,10,15
1,8,12,11,17,16,50,101,115,125,139,140,140,173,192,147,136,138,100,113,103,13,0,7
0,0,7,6,4,14,102,114,127,147,148,146,139,164,148,139,135,140,130,122,108,17,2,0
1,6,5,8,10,13,100,113,130,141,146,144,130,117,111,122,133,137,134,126,108,46,3,6
6,8,10,12,11,25,104,118,132,137,140,137,122,108,109,116,125,136,128,118,101,64,13,3
0,5,5,12,13,48,103,107,113,132,129,115,111,100,108,108,115,116,112,104,103,47,13,8
7,8,8,0,11,17,101,80,114,117,119,123,86,86,101,103,112,113,110,87,73,63,11,10
1,9,9,10,13,36,78,107,108,105,113,101,71,72,77,97,105,111,105,85,65,59,21,3
4,10,5,7,10,11,54,78,100,109,110,72,63,53,48,46,65,78,81,77,66,36,8,6
5,6,8,10,11,10,30,54,72,78,83,62,50,50,48,52,53,70,102,91,67,51,6,3
0,6,0,9,5,11,53,61,116,127,112,65,52,50,55,52,53,61,74,130,154,35,20,8
3,0,0,0,14,10,54,66,138,145,82,54,51,40,29,48,56,50,51,103,104,80,22,12
0,0,0,2,15,15,52,65,86,80,61,51,51,33,50,23,31,49,56,71,76,65,36,13
0,0,0,0,12,18,25,53,58,58,52,52,23,29,32,34,50,53,55,59,71,60,39,10
5,0,0,0,0,12,15,44,56,59,14,50,24,13,31,36,34,32,59,57,68,46,27,16
0,0,0,0,0,7,11,13,63,51,58,13,22,30,27,13,20,49,52,55,38,57,50,11
0,0,0,0,0,6,6,12,33,46,51,37,32,29,22,13,21,11,40,32,55,57,52,8
0,0,0,0,0,0,6,10,15,51,52,39,32,34,12,13,30,33,25,52,56,56,54,14
0,0,0,0,0,7,6,13,53,48,39,50,50,50,36,7,25,26,47,52,57,55,50,11
0,0,0,0,1,2,5,22,34,50,50,24,25,14,23,14,22,36,14,27,36,53,29,22
0,1,0,0,0,12,13,14,33,49,13,45,14,12,12,26,13,12,9,7,23,25,25,13
7,4,5,1,6,9,2,10,50,52,43,9,15,11,12,8,2,10,11,10,14,30,40,8
4,0,1,4,1,0,7,12,24,59,14,7,13,12,5,5,3,8,4,12,13,13,58,11

9,4,6,11,40,60,62,78,103,70,61,68,56,67,13,17,11,14,54,82,114,207,94,4
12,0,9,20,56,68,70,55,50,52,56,87,63,67,103,85,76,131,100,100,102,110,106,11
10,1,5,23,65,82,97,75,54,61,53,13,90,81,63,59,37,92,74,56,73,83,59,12
6,3,0,5,38,61,79,100,9,5,13,9,13,39,11,14,14,40,33,52,60,56,40,6
0,0,0,0,0,26,53,56,5,9,5,42,36,46,28,34,46,35,26,46,47,40,20,6
0,0,0,0,5,3,38,48,52,35,51,52,55,53,41,40,32,44,50,42,19,23,14,11
0,0,3,0,0,0,16,65,71,79,90,82,77,71,68,65,58,57,61,11,8,13,9,9
0,0,2,0,2,0,7,77,83,93,114,123,94,82,95,91,76,69,67,12,0,1,0,0
3,3,2,3,11,23,54,65,91,119,121,137,132,115,126,125,111,87,72,10,0,0,0,0
1,12,7,7,14,19,14,72,94,119,158,184,173,177,173,160,144,99,66,39,0,8,5,0
0,5,4,3,7,14,53,77,100,155,195,200,207,224,231,210,166,120,75,27,12,0,4,0
0,0,0,0,6,30,54,88,130,197,234,221,198,269,295,275,207,119,67,30,8,0,0,10
0,0,0,6,0,29,59,94,143,221,258,263,225,239,255,270,215,108,75,38,8,0,4,13
0,1,3,27,10,28,83,109,134,225,256,209,189,194,197,207,195,129,109,15,1,0,0,0
4,4,37,11,14,26,57,107,105,122,149,166,164,156,156,146,132,124,107,33,0,0,0,0
0,1,10,1,13,10,53,97,100,91,110,127,158,148,135,130,111,115,89,30,0,0,0,0
9,13,14,13,12,33,54,77,69,87,117,113,147,104,94,91,86,84,87,50,2,3,0,2
5,7,14,23,22,27,40,55,73,93,134,142,148,142,136,150,122,74,52,32,12,12,11,8
0,0,0,2,8,8,25,84,77,114,143,161,168,128,131,141,129,97,70,55,19,0,11,13
0,6,5,9,12,12,50,102,93,100,128,152,153,130,132,133,130,116,106,103,13,7,0,5
3,3,11,13,11,12,51,73,85,79,127,137,141,150,144,148,129,119,112,101,56,6,3,5
0,2,6,6,11,18,50,85,122,114,123,143,150,166,162,155,122,109,87,95,71,21,10,14
1,8,11,11,17,17,50,101,115,126,139,140,140,174,193,148,137,138,101,113,103,13,0,7
0,0,6,6,4,15,102,114,128,147,149,147,140,165,148,140,135,141,130,122,108,19,3,0
1,6,5,8,10,13,100,113,130,142,146,145,130,117,111,123,133,137,134,126,108,47,3,6
6,8,10,12,11,26,104,118,132,137,140,137,122,108,109,116,125,136,128,118,101,64,13,3
0,5,5,12,13,48,103,107,113,132,129,115,111,100,108,108,115,116,112,104,103,47,13,8
7,8,8,0,11,17,101,80,114,117,119,123,86,85,101,103,112,113,110,87,73,63,11,10
1,9,9,10,13,36,78,107,108,105,113,101,71,72,76,97,105,111,105,85,65,59,21,3
4,10,5,7,11,11,54,78,100,109,110,72,63,53,48,46,65,78,81,77,66,36,8,6
5,6,8,10,11,10,30,54,72,78,83,62,50,50,48,52,53,70,102,91,67,51,6,3
0,6,0,9,5,11,53,61,116,127,112,65,52,50,55,52,53,61,74,130,155,35,20,8
3,0,0,0,14,10,54,66,138,145,82,54,51,39,29,48,56,50,51,103,105,80,22,12
0,0,0,2,15,15,52,65,86,80,61,51,51,34,50,23,31,50,56,71,76,65,36,13
0,0,0,0,12,19,25,53,58,58,52,51,23,29,32,34,50,53,55,59,71,60,39,10
5,0,0,0,0,12,15,44,56,60,14,50,23,13,32,36,34,33,58,57,68,45,27,15
0,0,0,0,0,7,11,13,63,51,58,13,22,29,27,13,20,49,52,55,37,57,50,11
0,0,0,0,0,6,6,12,33,46,51,37,30,29,22,13,21,11,40,32,55,57,52,8
0,0,0,0,0,0,6,10,15,51,52,40,32,33,12,13,28,34,25,52,56,56,54,14
0,0,0,0,0,8,6,13,53,47,39,50,51,50,36,8,24,26,48,52,57,55,50,11
0,0,0,0,1,2,5,21,34,50,50,22,26,14,21,15,22,36,14,27,36,53,29,22
0,1,0,0,0,12,13,14,33,49,14,45,14,12,12,26,13,12,10,7,24,25,25,13
7,4,5,1,6,9,2,10,50,52,43,8,14,11,12,7,2,10,11,10,14,30,40,8
4,0,1,4,1,0,7,12,24,59,14,7,13,12,5,6,3,8,4,12,13,13,58,11

9,4,6,11,40,60,62,78,103,70,61,68,56,67,13,17,11,14,54,82,114,207,94,4
12,0,9,21,56,68,71,55,50,52,55,87,63,67,103,85,76,131,100,100,102,110,106,11
10,1,5,26,65,82,98,75,54,61,53,12,90,81,63,59,37,92,74,56,73,83,60,12
6,3,0,5,38,61,79,100,9,5,13,10,13,38,11,14,14,40,34,52,60,56,40,6
0,0,0,0,0,27,53,57,5,9,5,42,38,46,28,34,46,36,26,46,47,40,20,6
0,0,1,0,5,3,38,47,52,35,51,52,55,53,41,40,32,43,50,43,19,23,14,11
0,0,4,0,0,0,17,65,71,79,90,82,77,71,68,65,58,57,61,11,8,13,9,9
0,0,2,0,2,0,8,77,83,93,114,124,94,82,95,92,76,69,66,12,0,1,0,0
3,3,2,4,11,25,54,65,91,120,122,139,133,115,127,125,111,87,72,10,0,0,0,0
1,12,7,7,14,21,19,72,94,121,161,187,175,179,175,160,144,100,67,40,0,8,5,0
0,5,4,3,7,14,53,78,101,157,199,205,210,226,234,212,166,120,75,28,12,0,4,0
0,0,0,0,6,30,54,88,130,198,237,224,199,272,297,275,206,118,67,30,8,0,0,10
0,0,0,6,0,27,58,93,142,220,257,264,225,239,258,270,212,107,74,37,8,0,4,13
0,1,3,27,10,27,82,109,133,223,258,209,187,193,197,211,194,128,109,14,1,0,0,0
4,4,35,11,14,22,57,106,104,123,150,165,162,155,155,145,133,124,107,32,0,0,0,0
0,1,10,1,13,10,53,96,100,91,109,126,158,147,135,130,111,115,88,30,0,0,0,0
9,13,14,13,12,33,54,77,69,87,116,112,146,103,94,91,85,84,87,51,2,3,0,2
5,7,14,23,21,26,40,55,73,93,133,141,146,142,134,148,121,73,52,32,12,11,11,8
0,0,0,2,8,8,26,85,77,114,142,160,166,127,130,140,129,97,70,56,21,0,11,13
0,6,4,9,12,13,50,102,95,100,128,151,152,129,132,132,130,116,107,103,14,8,0,5
3,3,11,13,11,12,51,73,85,79,127,137,141,149,143,148,128,119,113,102,58,6,3,5
0,2,6,6,11,19,51,86,122,114,124,143,150,166,162,155,122,109,88,96,72,22,10,15
1,8,11,12,18,17,51,101,115,126,140,141,140,174,193,148,137,139,101,113,103,13,0,7
0,0,6,6,4,15,102,114,128,147,149,147,140,166,148,140,135,141,131,122,108,20,3,0
1,6,5,8,10,13,100,113,130,142,146,145,130,117,111,123,133,137,135,126,108,47,3,6
6,8,10,12,11,25,104,118,132,137,140,137,122,108,109,116,125,136,128,118,101,64,13,3
0,5,5,12,13,47,103,107,113,132,129,115,111,100,107,108,116,116,112,104,103,47,13,8
7,8,8,0,11,19,101,80,114,117,119,123,86,85,101,104,112,113,110,87,73,63,11,10
1,9,9,10,13,36,79,107,108,105,113,101,71,73,76,97,105,111,105,85,65,59,21,3
4,10,5,7,11,11,54,78,100,109,110,72,63,53,48,46,65,79,81,77,66,37,8,6
5,6,8,10,11,10,31,54,71,78,83,62,50,50,48,52,53,70,102,91,67,51,6,3
0,6,0,9,5,11,53,61,116,127,112,65,52,50,55,52,53,61,74,131,155,35,20,8
3,0,0,0,14,10,55,66,138,145,82,54,51,40,29,48,56,50,51,102,104,79,22,12
0,0,0,2,15,15,52,65,85,80,61,51,51,34,50,23,31,49,56,71,76,65,36,13
0,0,0,0,12,18,24,53,58,58,52,51,23,29,33,34,50,53,55,59,71,60,39,10
5,0,0,0,0,12,15,44,56,59,14,50,24,13,31,36,34,32,58,57,68,45,27,16
0,0,0,0,0,7,11,13,63,51,58,13,21,27,27,13,18,50,52,55,37,57,50,11
0,0,0,0,0,6,6,12,32,45,51,37,31,29,22,13,22,11,41,32,55,57,52,8
0,0,0,0,0,0,6,10,15,51,52,40,32,33,12,13,28,34,25,52,56,56,54,14
0,0,0,0,0,7,6,13,52,48,39,50,51,50,34,7,23,26,47,52,57,55,50,11
0,0,0,0,1,2,5,21,34,50,50,27,27,14,21,14,21,36,14,27,35,53,29,22
0,1,0,0,0,12,13,14,33,50,14,43,14,11,12,26,13,12,9,7,23,24,25,13
7,4,4,1,6,9,2,10,50,52,42,8,14,11,12,8,2,10,10,10,14,30,40,8
4,0,1,4,1,0,7,12,24,59,14,7,13,12,5,5,3,8,4,12,13,13,58,11

9,4,6,11,39,60,62,78,103,70,61,68,56,67,14,17,11,14,53,82,114,206,94,4
12,0,9,21,56,68,71,55,50,52,56,87,63,68,103,85,76,131,100,100,103,110,106,11
10,1,5,25,65,82,97,75,54,61,53,12,89,81,64,59,37,92,75,56,73,83,60,12
6,3,0,5,39,61,80,100,9,5,13,10,13,41,11,14,14,40,34,53,60,56,41,6
0,0,0,0,0,29,53,57,5,9,5,43,36,47,28,34,46,35,26,46,47,40,20,6
0,0,1,0,5,3,38,47,52,35,51,52,55,53,40,40,32,43,50,43,19,23,14,11
0,0,4,0,0,0,17,65,71,78,90,82,77,70,68,65,58,57,61,11,8,13,9,9
0,0,2,0,2,0,8,77,83,93,113,123,94,82,95,91,76,69,67,12,0,1,0,0
3,3,2,4,11,25,54,65,91,120,122,139,132,115,127,125,111,87,72,10,0,0,0,0
1,12,7,7,14,22,20,72,94,121,162,187,175,179,175,161,144,99,67,41,0,8,5,0
0,5,4,3,7,14,53,78,101,157,200,207,212,226,235,213,166,120,75,29,12,0,4,0
0,0,0,0,6,31,54,88,130,198,238,225,201,274,300,276,206,118,67,30,8,0,0,10
0,0,0,6,0,25,58,93,141,220,258,265,225,240,260,271,210,106,74,37,8,0,4,13
0,1,2,25,10,27,83,109,132,222,259,210,187,193,197,213,194,127,109,14,1,0,0,0
4,4,37,11,14,22,57,106,104,123,150,164,161,154,154,146,133,124,107,32,0,0,0,0
0,1,10,1,13,10,53,97,100,90,109,125,157,147,134,130,111,115,88,30,0,0,0,0
9,13,14,13,12,31,54,77,69,87,116,111,145,103,93,90,85,83,87,51,3,3,0,2
5,7,14,23,21,26,40,55,73,93,133,140,145,141,134,148,121,73,52,32,12,12,11,8
0,0,0,2,8,8,25,85,77,114,142,160,166,126,129,140,128,97,70,56,22,0,11,13
0,6,4,9,12,13,51,102,95,100,128,150,152,129,131,132,130,116,107,103,14,8,0,5
3,3,11,13,11,13,52,74,86,79,127,136,140,149,143,147,128,120,113,102,58,7,3,5
0,2,6,6,11,19,51,86,122,115,123,143,150,166,161,155,122,109,88,97,72,22,10,15
1,8,11,12,18,18,50,101,115,126,140,141,141,174,193,148,137,139,102,113,103,14,0,7
0,0,7,6,4,17,102,115,128,147,149,147,140,166,148,140,135,141,131,122,108,23,3,0
1,6,5,8,10,13,100,113,130,142,146,145,130,117,111,123,133,137,134,126,108,48,3,6
6,8,10,12,11,28,104,118,132,137,140,137,122,108,109,116,125,136,128,118,101,65,13,3
0,5,5,12,13,47,103,107,113,132,129,115,111,100,108,108,115,116,112,104,103,47,13,8
7,8,8,0,11,17,101,80,114,117,119,123,86,85,101,103,112,113,110,87,73,63,11,10
1,9,9,10,13,36,78,107,108,105,113,101,71,72,76,96,105,111,105,85,65,59,21,3
4,10,6,7,11,11,55,78,100,109,110,72,63,53,48,46,65,78,81,77,66,36,8,6
5,6,8,10,11,10,34,54,71,79,83,62,50,51,48,52,53,70,102,91,67,51,6,3
0,5,0,9,5,11,53,61,117,127,112,65,52,51,55,52,54,61,74,131,156,35,20,8
3,0,0,0,14,10,54,66,138,145,82,54,51,40,29,48,56,50,51,102,104,79,23,12
0,0,0,2,16,15,52,65,85,80,61,51,51,32,51,22,31,50,56,71,76,65,36,13
0,0,0,0,12,18,23,53,58,58,52,52,23,30,32,34,50,53,55,59,71,60,39,10
5,0,0,0,0,11,15,44,56,59,14,50,23,13,32,36,34,32,58,57,68,45,27,15
0,0,0,0,0,7,11,13,63,51,58,13,22,29,27,13,18,49,52,55,38,57,50,11
0,0,0,0,0,6,6,12,32,45,51,37,30,28,22,13,21,11,40,32,55,57,52,8
0,0,0,0,0,0,6,10,15,51,52,40,32,34,12,13,29,34,26,52,56,56,54,14
0,0,0,0,0,7,6,13,52,47,39,50,51,50,36,7,23,26,47,53,57,55,50,11
0,0,0,0,1,2,5,22,34,50,50,24,25,14,23,14,21,37,14,27,35,53,29,22
0,1,0,0,0,12,13,14,33,49,13,45,14,11,12,26,13,12,9,7,23,25,25,13
7,4,4,1,6,9,2,10,50,51,43,8,14,11,12,7,2,10,10,10,14,30,40,8
5,0,1,4,1,0,7,12,24,59,14,7,13,12,5,6,3,8,4,12,13,13,58,11

9,4,6,11,40,60,62,78,103,70,61,68,56,68,14,17,11,14,54,82,114,206,95,5
12,0,9,21,56,68,71,55,51,52,56,88,63,68,104,85,76,131,100,100,102,110,106,11
10,1,5,26,65,82,97,75,54,61,53,12,90,83,64,59,37,92,74,56,73,83,60,12
6,3,0,5,39,61,79,100,9,5,13,10,13,38,11,15,14,40,34,52,60,56,42,6
0,0,0,0,0,29,53,57,5,9,5,43,37,47,28,35,47,35,26,46,47,40,20,6
0,0,1,1,5,3,39,47,52,35,51,52,55,53,41,40,33,43,50,43,19,23,14,11
0,0,4,0,0,0,20,65,71,78,90,82,77,70,68,65,58,57,61,11,9,13,9,9
0,0,2,0,2,0,8,77,83,93,113,123,94,82,95,91,76,69,67,12,0,1,0,0
3,3,2,3,11,25,54,65,91,119,121,137,132,114,126,125,110,87,72,10,0,0,0,0
1,12,7,7,14,20,20,72,94,120,158,185,173,177,174,159,144,99,67,41,0,8,5,0
0,5,4,3,7,14,53,78,100,156,196,202,208,225,234,212,166,120,75,28,12,0,4,0
0,0,0,0,6,30,54,88,130,197,236,223,199,272,300,277,207,119,67,30,8,0,0,10
0,0,0,6,0,28,58,93,143,221,258,265,227,242,261,272,213,107,74,37,8,0,4,13
0,1,2,27,10,28,83,109,134,225,257,209,189,195,198,211,195,128,109,15,1,0,0,0
4,4,35,11,14,23,57,107,105,123,150,165,162,155,156,146,133,124,107,32,0,0,0,0
0,1,10,1,13,10,53,97,100,91,110,126,158,147,135,130,111,115,88,30,0,0,0,0
9,13,14,13,12,32,54,77,69,87,116,112,146,103,94,91,85,84,87,51,2,3,0,2
5,7,14,23,21,26,40,55,73,93,133,141,146,142,135,148,121,74,52,32,12,12,11,8
0,0,0,2,8,8,25,85,77,114,142,160,167,127,130,140,129,97,70,56,21,0,11,13
0,7,4,9,12,12,50,102,94,100,128,151,152,129,132,132,130,116,107,103,14,8,0,5
3,3,11,13,11,12,51,73,85,79,127,136,141,149,143,147,128,119,112,102,57,6,3,5
0,2,6,6,11,19,50,85,122,114,123,142,149,166,161,154,121,109,87,96,72,22,10,15
1,8,11,11,17,17,50,101,115,126,139,140,140,174,192,148,136,138,101,113,103,13,0,7
0,0,6,6,4,16,102,114,127,147,149,147,139,165,148,140,135,141,130,122,108,20,3,0
1,6,5,8,10,13,100,113,130,141,146,144,130,117,111,123,133,137,134,126,108,47,3,6
6,8,10,12,11,26,104,118,132,137,140,137,122,108,109,116,125,136,128,118,101,64,13,3
0,5,5,12,13,48,103,107,113,132,129,114,111,101,107,108,116,116,112,104,103,47,13,8
7,8,8,0,11,17,101,80,114,117,119,123,86,86,101,103,112,113,110,87,73,63,11,10
1,9,9,10,13,36,78,107,108,105,113,101,71,72,77,97,105,111,105,85,65,59,21,3
4,10,5,7,11,11,56,78,100,109,110,72,63,53,48,46,65,79,81,77,66,36,8,6
5,6,8,10,11,10,36,54,71,78,84,62,50,51,48,52,54,70,102,91,67,51,6,3
0,6,0,9,5,11,53,61,116,127,112,65,52,51,55,52,54,61,74,130,155,35,20,8
3,0,0,0,14,10,54,66,138,145,82,54,51,41,29,50,56,50,51,103,105,80,23,12
0,0,0,2,15,16,52,65,86,80,61,51,51,32,51,23,31,50,56,71,76,65,36,13
0,0,0,0,12,18,24,53,58,58,52,51,23,30,32,34,50,53,55,59,71,60,39,10
5,0,0,0,0,11,15,44,56,59,14,50,23,13,31,36,34,32,58,57,68,45,27,15
0,0,0,0,0,7,11,13,63,51,58,13,22,28,27,13,20,50,52,55,38,57,50,11
0,0,0,0,0,6,6,12,33,47,51,38,31,29,22,13,22,11,41,32,55,57,52,8
0,0,0,0,0,0,6,10,15,51,52,40,32,33,12,13,29,34,26,52,56,56,54,14
0,0,0,0,0,8,6,13,53,48,39,50,51,50,37,7,25,26,50,53,57,55,50,11
0,0,0,0,1,2,5,22,34,50,50,24,26,14,23,14,22,37,14,28,36,53,29,22
0,1,0,0,0,12,13,14,34,49,14,44,14,12,12,26,13,12,10,7,23,25,25,13
7,4,4,1,6,9,2,10,50,52,43,9,14,11,12,7,2,10,10,10,14,30,40,8
4,0,1,4,1,0,7,12,23,59,14,7,13,12,5,5,2,8,4,12,13,13,58,11

9,5,6,11,40,60,62,77,103,70,61,68,56,68,14,17,11,14,54,82,114,206,94,5
12,0,9,23,56,68,70,55,51,52,56,87,64,68,104,86,76,131,100,100,102,110,106,11
11,1,5,26,65,83,97,75,54,61,53,12,90,82,63,59,36,92,74,56,72,83,60,12
6,3,0,5,39,61,79,100,9,5,13,10,14,39,12,16,14,40,34,52,60,56,41,6
0,0,0,0,0,27,53,57,5,9,5,44,40,47,29,35,46,36,26,46,47,40,21,6
0,0,1,1,5,3,38,48,53,36,52,52,55,53,41,40,33,44,50,43,19,24,14,11
0,0,4,0,0,0,22,65,71,79,90,83,77,71,68,65,58,57,61,11,9,13,9,9
0,0,2,0,2,0,9,77,83,93,115,124,94,82,95,92,77,69,66,12,0,1,0,0
3,3,1,3,11,24,54,65,91,120,122,138,132,114,126,124,111,87,72,10,0,0,0,0
1,12,7,6,14,20,19,72,94,119,158,185,173,177,172,158,143,99,66,39,0,8,5,0
0,5,4,3,7,14,53,77,100,154,195,201,206,224,232,209,165,120,75,28,12,0,4,0
0,0,0,0,6,30,54,88,130,196,234,221,198,271,298,275,207,119,67,30,8,0,0,10
0,0,0,6,0,29,58,94,144,222,257,262,226,241,259,272,215,108,75,38,9,0,4,13
0,1,3,26,10,29,83,109,135,227,251,206,190,196,199,209,195,129,109,15,1,0,0,0
4,4,37,11,14,27,57,107,106,122,149,166,164,157,157,146,132,124,107,33,0,0,0,0
0,1,10,2,13,10,53,98,100,91,111,128,159,149,136,131,112,115,88,30,0,0,0,0
9,13,14,13,12,32,54,77,69,87,117,113,147,104,95,91,86,84,87,50,2,3,0,2
5,7,14,23,21,26,40,55,73,93,134,143,148,143,136,150,122,73,52,32,12,12,11,8
0,0,0,2,8,8,25,84,76,114,143,161,168,128,131,141,129,97,70,55,20,0,11,13
0,7,4,9,12,12,50,101,92,100,128,152,154,130,132,133,130,116,106,102,13,8,0,5
3,3,11,13,11,12,51,73,84,78,126,137,141,150,144,148,128,119,112,101,56,6,3,5
0,2,6,6,11,17,50,84,121,113,122,142,149,166,161,154,121,108,86,95,71,21,10,15
1,8,11,11,17,16,50,101,115,125,139,140,140,173,192,148,136,138,100,113,103,13,0,7
0,0,6,5,4,14,102,114,127,146,148,146,139,164,148,139,135,140,130,122,108,19,2,0
1,6,5,8,10,13,100,113,130,141,146,144,130,117,111,122,133,137,134,126,108,47,3,6
6,8,10,12,11,26,104,118,132,137,140,137,122,108,109,116,125,136,128,118,101,64,13,3
0,5,5,12,13,48,103,107,113,132,129,114,111,100,107,108,115,116,112,104,103,47,13,8
7,8,8,0,11,17,101,80,114,117,119,123,85,86,101,103,112,113,110,87,73,63,11,10
1,9,9,10,13,36,79,107,108,105,113,101,72,72,76,97,105,111,105,85,65,59,21,3
4,10,5,7,11,11,56,78,100,109,110,72,63,53,48,46,65,78,81,77,66,36,8,6
5,6,8,10,11,10,36,54,71,78,83,62,50,51,48,52,53,70,102,91,67,51,6,3
0,6,0,9,5,11,53,61,116,127,112,65,52,51,55,52,54,61,74,130,156,35,20,8
4,0,0,0,14,10,55,66,139,146,82,54,51,40,29,50,56,50,51,103,105,80,22,12
0,0,0,2,15,15,52,65,86,80,61,51,51,32,50,23,31,49,56,71,76,65,36,13
0,0,0,0,12,19,25,53,58,58,52,51,23,30,31,34,50,53,55,59,71,60,39,10
5,0,0,0,0,11,15,44,56,59,14,50,23,13,32,36,34,33,58,57,68,45,27,15
0,0,0,0,0,7,11,13,63,51,58,13,22,30,27,13,20,50,52,55,38,57,50,11
0,0,0,0,0,6,6,12,34,46,51,38,31,29,23,13,22,11,41,32,55,57,52,8
0,0,0,0,0,0,6,10,16,51,52,39,32,34,12,13,30,34,25,52,56,56,54,14
0,0,0,0,0,8,6,13,53,48,39,50,51,50,36,8,24,26,48,53,58,55,50,11
0,0,0,0,1,2,5,22,34,50,50,24,27,14,22,14,21,37,14,28,36,53,29,22
0,1,0,0,0,12,13,14,33,49,14,45,14,12,12,26,13,12,10,7,24,25,25,13
7,4,5,1,6,9,2,10,50,52,43,9,14,12,12,7,2,10,11,10,14,30,41,8
4,0,1,4,1,0,7,12,23,59,14,7,13,12,5,5,3,8,4,12,13,13,58,11

9,5,6,11,39,60,62,77,103,70,61,68,57,69,14,17,11,14,55,82,114,205,95,5
12,0,9,23,56,68,70,55,50,52,56,87,63,68,104,86,76,131,100,100,102,110,106,11
11,1,5,26,65,82,97,75,54,61,54,12,92,83,64,59,37,92,74,56,72,84,60,12
6,3,0,5,38,61,79,100,10,5,13,10,14,40,12,17,14,40,35,52,60,56,43,6
0,0,0,0,0,27,53,57,5,9,5,45,40,48,29,35,47,35,26,46,47,40,21,6
0,0,2,1,5,3,39,48,53,36,52,53,55,53,40,41,33,44,50,43,19,23,14,11
0,0,4,0,0,0,21,65,71,79,90,83,77,71,68,65,58,57,61,11,9,13,9,9
0,0,2,0,2,0,9,77,83,93,114,124,95,82,95,92,77,69,67,12,0,1,0,0
3,3,1,3,11,25,54,65,91,120,122,138,132,115,126,125,111,87,72,11,0,0,0,0
1,12,7,7,14,20,20,72,94,120,159,185,173,177,173,159,143,99,67,41,0,8,5,0
0,5,4,3,7,14,53,77,100,155,196,201,207,224,233,210,165,120,75,28,12,0,4,0
0,0,0,0,6,30,54,88,130,197,235,221,198,271,297,276,206,119,67,30,8,0,0,10
0,0,0,6,0,29,58,94,144,221,256,261,225,240,259,271,213,107,74,37,8,0,4,13
0,1,3,29,10,28,83,109,135,225,250,205,188,195,199,210,194,128,109,14,1,0,0,0
4,4,37,11,14,27,57,107,105,122,149,165,163,156,157,146,132,124,107,33,0,0,0,0
0,1,10,1,13,10,53,98,100,91,110,127,159,148,136,131,111,115,88,30,0,0,0,0
9,13,14,13,12,33,55,77,69,87,117,113,147,104,95,91,86,84,87,50,2,3,0,2
5,7,14,23,21,26,40,55,73,93,134,142,147,143,136,150,122,73,52,32,12,12,11,8
0,0,0,2,8,8,25,85,76,114,143,161,168,128,131,141,129,97,70,56,21,0,11,13
0,7,4,9,12,12,50,102,93,100,128,152,153,130,132,133,130,116,106,103,13,8,0,5
3,3,11,13,11,12,51,73,84,78,126,137,141,150,144,148,128,119,112,101,56,6,3,5
0,2,6,6,11,18,50,84,122,114,123,142,149,166,161,155,121,108,87,95,72,21,10,14
1,8,11,11,17,16,51,101,115,125,139,140,140,173,193,148,136,138,101,113,103,13,0,7
0,0,6,6,4,16,102,114,127,147,149,146,139,165,148,140,135,140,130,122,108,20,3,0
1,6,5,8,10,13,100,113,130,141,146,144,130,117,111,122,133,137,134,126,108,47,3,6
6,8,10,12,11,26,104,118,132,137,140,137,122,108,109,116,125,135,128,118,101,64,13,3
0,5,5,12,13,47,103,107,113,132,129,114,111,100,108,108,115,116,112,104,103,47,13,8
7,8,8,0,11,17,101,80,114,117,119,123,86,85,101,103,112,113,110,87,73,63,11,10
1,9,9,10,13,36,79,107,108,105,113,101,72,72,76,97,105,111,105,85,65,59,22,3
4,10,5,7,11,10,56,78,100,109,110,72,63,53,48,46,65,78,81,77,66,36,8,6
5,6,8,10,11,10,36,54,71,78,83,62,50,51,48,52,53,70,102,91,67,51,6,3
0,6,0,9,5,11,53,61,116,127,112,65,52,51,55,52,54,61,74,130,155,35,20,8
3,0,0,0,14,10,55,66,138,146,83,54,51,40,29,49,56,50,51,103,105,80,23,12
0,0,0,2,15,15,52,65,86,80,61,51,51,33,51,23,31,50,56,71,76,65,36,13
0,0,0,0,12,18,24,53,58,58,52,51,23,28,32,34,50,53,55,59,71,60,39,10
5,0,0,0,1,12,15,44,56,60,14,50,24,13,31,36,34,32,58,57,68,45,27,16
0,0,0,0,0,8,11,13,63,51,58,13,22,29,27,13,20,49,52,55,38,57,50,11
0,0,0,0,0,6,6,12,34,46,51,38,32,29,22,13,21,11,40,32,55,57,52,8
0,0,0,0,0,0,6,10,17,51,52,41,33,33,12,13,29,34,26,52,56,56,54,14
0,0,0,0,0,8,6,13,53,48,39,50,51,50,36,8,25,26,47,52,58,55,50,11
0,0,0,0,1,2,5,22,34,50,50,24,27,14,22,15,21,38,14,29,36,53,30,22
0,1,0,0,0,12,13,14,34,50,14,46,14,12,12,26,13,12,10,7,23,25,25,13
7,4,5,1,6,9,2,10,50,52,42,9,14,11,12,8,2,10,11,10,14,30,41,8
4,0,1,4,1,0,7,12,24,59,14,7,13,12,5,6,3,8,4,12,13,13,58,11

9,5,6,11,39,60,62,77,103,70,61,69,57,70,15,18,11,14,54,82,114,205,95,5
12,0,9,23,56,68,70,54,51,52,56,88,64,69,104,87,77,131,100,100,102,110,106,11
11,1,5,27,65,82,97,75,54,61,54,13,93,84,64,60,37,92,75,56,72,84,60,12
6,3,0,5,38,61,79,100,10,5,14,10,14,42,12,18,14,40,34,52,60,56,43,6
0,0,0,0,0,29,53,57,6,9,5,45,41,48,29,35,46,36,26,46,48,41,21,7
0,0,2,1,5,3,39,48,53,36,52,53,56,53,41,41,35,44,50,43,19,24,14,11
0,0,4,0,0,0,21,65,71,79,90,83,77,71,68,65,58,57,61,11,9,13,9,9
0,0,2,0,2,0,9,78,83,93,114,124,95,82,96,92,77,69,67,12,0,1,0,0
3,3,1,3,11,26,54,65,91,120,122,139,133,116,127,125,111,87,72,11,0,0,0,0
1,12,7,7,14,22,22,72,94,121,160,186,174,179,175,160,144,99,67,41,0,8,5,0
0,5,4,3,7,14,53,78,101,157,197,203,208,226,234,211,165,120,75,28,12,0,4,0
0,0,0,0,6,30,54,88,130,197,236,222,199,272,299,276,206,118,67,30,8,0,0,10
0,0,0,6,0,27,58,94,143,220,256,262,223,239,260,271,211,106,74,37,8,0,4,13
0,1,2,27,10,28,82,109,134,224,252,206,187,193,197,212,193,127,109,14,1,0,0,0
3,4,37,11,14,23,57,107,105,122,148,164,162,154,155,146,132,124,107,30,0,0,0,0
0,1,10,1,13,10,53,97,100,91,109,126,157,147,135,130,111,115,88,30,0,0,0,0
9,13,14,13,12,32,54,77,69,87,116,112,146,103,94,90,85,84,87,51,2,3,0,2
5,7,14,23,21,26,40,55,73,93,133,141,146,142,134,148,121,73,52,32,12,12,11,8
0,0,0,2,8,8,27,85,77,114,142,160,167,127,130,140,128,97,70,56,22,0,11,13
0,7,4,9,12,13,50,102,94,100,128,151,152,129,132,132,130,116,107,103,14,8,0,5
3,3,11,13,11,12,52,73,85,79,127,137,141,149,143,147,129,119,112,102,58,7,3,5
0,2,6,6,11,19,51,85,122,114,123,143,150,166,162,155,122,109,88,97,72,22,10,14
0,8,11,11,18,18,51,101,115,126,139,141,141,174,193,148,137,139,101,113,103,14,0,7
0,0,6,6,4,16,102,114,128,147,149,147,140,166,148,140,135,141,130,122,108,22,3,0
1,6,5,8,10,13,100,113,130,141,146,145,130,117,111,123,133,137,134,126,108,48,3,6
6,8,10,12,11,26,104,118,132,137,140,137,122,108,109,116,125,136,128,118,101,65,13,3
0,5,5,12,13,48,103,107,113,132,129,114,111,100,108,108,115,116,112,104,103,47,13,8
7,8,8,0,11,17,101,80,114,117,119,123,85,86,101,103,112,113,110,87,73,63,11,10
1,9,9,10,13,36,79,107,108,105,113,101,71,73,76,97,105,111,105,85,65,59,22,3
4,10,5,7,11,10,56,78,100,109,110,72,63,53,48,46,65,78,81,77,66,36,8,6
5,6,8,10,11,10,37,54,71,78,84,62,50,50,48,52,53,70,102,91,67,51,6,3
0,6,0,9,5,11,53,61,116,127,112,65,52,51,55,52,54,61,74,131,156,35,20,8
3,0,0,0,14,10,55,66,138,146,83,54,51,41,29,50,56,50,51,103,104,80,23,12
0,0,0,2,17,15,52,65,86,80,61,51,51,32,51,23,31,50,56,71,76,65,36,13
0,0,0,0,12,18,24,52,58,58,52,52,23,29,31,34,50,53,55,59,71,60,39,10
5,0,0,0,1,12,15,44,56,60,15,50,22,13,32,35,34,32,59,57,68,45,27,16
0,0,0,0,0,8,11,13,63,51,58,13,21,29,27,13,20,49,52,55,38,57,50,11
0,0,0,0,0,6,6,12,33,46,51,37,30,29,22,13,21,11,41,32,55,57,52,8
0,0,0,0,0,0,6,10,15,51,52,40,32,33,12,13,29,34,26,52,56,56,54,14
0,0,0,0,0,8,6,13,53,48,39,50,51,50,34,8,24,26,47,52,57,55,50,11
0,0,0,0,1,2,5,22,34,50,50,24,27,14,23,15,22,37,14,28,36,53,29,22
0,1,0,0,0,12,13,14,34,50,14,46,14,12,12,26,13,12,10,7,24,25,25,13
7,4,5,1,6,9,2,10,50,52,42,9,14,11,12,7,2,10,11,10,14,30,40,8
4,0,1,4,1,0,7,12,24,59,14,7,13,12,5,6,3,8,4,12,13,13,58,11

9,5,6,11,39,60,62,77,103,70,61,69,57,70,15,18,11,14,53,82,114,205,95,5
12,0,9,24,56,67,70,55,50,52,56,88,64,69,104,87,77,131,100,100,102,110,107,11
11,1,5,27,65,82,98,76,54,61,54,13,93,85,64,60,37,92,75,56,73,84,61,12
6,3,0,5,39,61,79,100,10,5,14,10,14,43,12,21,14,40,35,52,60,56,45,6
0,0,0,0,0,29,53,57,6,9,5,46,42,50,30,35,47,36,26,46,48,41,22,7
0,0,2,1,5,3,39,48,53,36,52,53,55,53,41,41,35,43,50,43,20,24,14,11
0,0,4,0,0,0,21,65,71,79,90,83,77,70,68,65,58,57,61,11,9,13,10,9
0,0,2,0,2,0,9,77,83,93,114,124,95,83,95,92,77,69,67,12,0,1,0,0
3,3,2,3,11,29,54,65,92,120,123,140,133,115,127,125,111,87,73,11,0,0,0,0
1,12,7,7,14,24,24,73,95,121,161,187,175,179,175,160,144,99,67,41,0,8,5,1
0,5,4,3,7,14,53,78,101,157,199,206,211,226,234,212,165,120,75,29,12,0,4,0
0,0,0,0,6,31,54,88,130,198,237,224,200,273,300,277,206,118,66,30,8,0,0,10
0,0,0,6,0,25,58,93,142,220,256,262,223,240,261,271,209,106,73,37,8,0,4,13
0,1,2,26,10,25,83,109,133,223,254,206,186,193,198,213,193,127,109,14,0,0,0,0
3,4,37,11,14,23,57,107,104,123,149,163,161,154,154,146,133,123,107,30,0,0,0,0
0,1,10,1,13,10,53,97,100,90,109,125,157,146,134,130,111,115,88,30,0,0,0,0
9,13,14,13,12,31,54,77,69,87,116,111,145,102,94,90,85,84,87,51,2,3,0,2
5,7,14,23,21,26,40,55,73,93,133,140,145,141,134,148,121,73,53,32,12,12,11,8
0,0,0,2,8,8,26,85,77,114,142,159,166,126,130,140,128,97,70,56,23,0,11,13
0,7,4,9,12,13,51,102,95,100,127,150,151,129,131,132,130,116,107,103,14,8,0,5
3,3,11,13,11,12,52,74,86,79,127,136,140,149,143,147,128,119,113,102,58,7,4,5
0,2,6,6,11,19,51,86,122,114,123,143,149,166,162,155,122,109,88,97,72,22,10,15
1,8,11,11,18,18,51,101,115,126,140,141,141,174,193,148,137,139,101,113,103,14,0,7
0,0,6,6,5,16,102,115,128,147,149,147,140,165,148,140,135,141,130,122,108,22,3,0
1,6,5,8,10,13,100,113,130,141,146,145,130,117,111,123,133,137,134,126,109,48,3,6
6,8,10,12,11,26,104,118,132,137,140,137,122,108,109,116,125,136,128,118,101,64,13,3
0,5,5,12,13,48,103,107,113,132,129,114,111,100,107,108,115,116,112,104,103,48,13,8
7,8,8,0,11,19,101,80,114,117,119,123,86,85,101,103,112,113,110,87,73,63,11,10
1,9,9,10,13,36,80,107,108,105,113,101,72,73,76,98,105,111,105,85,65,59,22,3
4,10,5,7,11,11,56,78,100,109,110,72,63,53,48,46,65,78,81,77,66,37,8,6
5,6,8,10,11,10,37,54,71,78,83,62,50,50,48,52,53,70,102,91,67,51,6,3
0,6,0,9,5,11,54,61,117,127,112,65,52,51,55,52,54,61,74,131,156,35,20,8
3,0,0,0,14,10,55,66,138,146,83,54,51,40,28,49,56,50,51,103,104,80,23,12
0,0,0,2,15,15,52,65,85,80,61,51,51,32,50,23,31,49,56,71,76,65,36,13
0,0,0,0,12,18,25,52,58,58,52,52,24,31,33,34,50,53,55,58,71,60,39,10
5,0,0,0,1,12,16,44,56,60,14,50,25,13,32,36,35,33,58,58,68,45,27,15
0,0,0,0,0,8,11,13,63,51,58,13,22,28,27,13,18,49,52,55,37,57,50,11
0,0,0,0,0,6,6,12,33,46,51,38,31,29,22,13,21,11,40,32,54,57,52,8
0,0,0,0,0,0,6,10,15,51,52,40,32,34,12,13,29,34,26,52,56,56,54,14
0,0,0,0,0,8,6,13,53,47,39,50,51,50,36,7,25,26,48,52,58,55,50,11
0,0,0,0,1,2,5,22,34,50,50,24,29,14,22,15,21,37,14,28,36,53,29,22
0,1,0,0,0,12,13,14,33,50,14,46,14,12,12,25,13,12,10,7,23,25,25,13
7,4,5,1,6,9,2,10,50,52,43,8,14,11,12,8,2,10,11,10,14,30,41,8
4,0,1,4,1,0,7,12,24,59,14,7,13,12,5,6,3,8,4,12,13,13,58,11

9,5,6,11,39,60,62,77,103,70,61,69,57,70,15,18,11,14,55,82,114,205,95,5
12,0,9,23,56,68,70,55,50,52,56,88,64,69,104,87,77,131,100,100,103,110,107,11
11,1,5,26,65,82,98,75,54,60,54,13,94,84,64,60,37,92,75,56,72,84,61,12
6,3,0,5,39,61,79,100,10,5,14,10,14,41,12,20,14,40,35,53,60,57,43,6
0,0,0,0,0,31,53,57,6,10,5,46,46,49,31,37,47,36,27,47,48,42,22,7
0,0,2,1,5,3,39,48,53,35,52,53,55,53,41,41,35,44,50,43,20,24,14,12
0,0,4,0,0,0,22,65,71,79,90,83,77,70,68,65,58,57,62,11,9,13,10,9
0,0,3,0,3,0,9,78,83,93,114,124,95,82,95,92,77,70,67,12,0,1,0,0
3,3,2,3,11,27,55,65,91,120,122,139,133,115,127,125,111,87,72,11,0,0,0,0
1,12,7,7,14,23,24,73,94,121,160,187,175,179,175,160,144,99,67,41,0,8,5,0
0,5,5,3,7,14,54,78,101,157,198,205,210,226,236,212,165,120,75,29,12,0,4,0
0,0,0,0,6,32,54,89,131,198,237,224,200,274,301,278,206,118,67,30,8,0,0,10
0,0,0,6,0,25,58,94,142,220,256,263,225,241,262,271,211,106,74,37,8,0,4,13
0,1,3,27,10,28,83,109,134,224,254,206,187,193,198,214,194,127,109,14,1,0,0,0
3,4,34,11,14,22,57,107,105,123,149,164,161,154,155,146,133,124,107,31,0,0,0,0
0,1,10,1,13,10,53,97,100,90,109,126,157,147,134,130,111,115,88,30,0,0,0,0
9,13,14,13,12,30,54,77,69,87,116,111,145,103,94,90,85,83,87,51,2,3,0,2
5,7,14,23,21,26,40,55,73,93,133,140,145,141,134,148,121,73,52,33,12,12,11,8
0,0,0,2,8,8,26,85,77,114,142,159,166,126,130,140,128,97,70,57,23,0,11,13
0,7,4,9,12,13,50,102,95,100,127,150,152,129,131,132,129,116,107,103,14,8,0,5
3,3,11,13,11,12,52,73,85,79,126,136,140,149,143,147,128,119,113,102,58,7,4,5
0,2,6,6,11,19,51,85,122,114,123,142,149,166,161,154,122,109,88,97,72,22,10,15
1,8,11,11,18,18,51,101,115,126,139,140,140,174,193,148,137,138,101,113,103,14,0,7
0,0,7,6,5,17,102,115,128,147,149,147,140,165,148,140,135,141,130,122,108,22,3,0
1,6,5,8,10,13,100,113,130,141,146,145,130,117,111,123,133,137,134,126,108,47,3,6
6,8,10,12,11,28,104,118,132,137,140,137,122,108,109,116,125,136,128,118,101,65,13,3
0,5,5,12,13,48,103,107,113,132,129,115,111,100,108,108,115,116,112,104,103,47,13,8
7,8,8,0,11,17,101,80,114,117,119,123,86,85,101,103,112,113,110,87,73,63,11,10
1,9,9,10,13,36,79,107,108,105,113,101,71,72,76,97,105,111,105,85,65,59,22,3
4,10,5,7,11,11,56,78,100,109,110,72,63,53,48,46,65,78,81,77,66,36,8,6
5,6,8,10,11,10,38,54,72,79,83,62,50,51,48,52,54,70,102,91,67,51,6,3
0,6,0,9,5,11,53,61,117,127,112,65,52,51,55,52,54,61,74,131,156,35,20,8
3,0,0,0,14,10,55,66,139,146,83,54,51,42,29,49,56,50,51,103,104,80,23,12
0,0,0,2,15,15,52,65,86,80,61,51,51,33,50,23,31,49,56,71,76,65,36,13
0,0,0,0,12,19,24,53,58,58,52,52,24,29,33,34,50,53,55,59,71,60,39,10
5,0,0,0,1,12,15,44,56,59,15,50,23,13,31,36,34,32,58,57,68,45,27,16
0,0,0,0,0,7,11,13,63,51,58,13,21,31,28,13,20,50,52,55,38,57,50,11
0,0,0,0,0,6,6,12,33,46,51,38,30,29,22,13,21,11,41,32,55,57,52,8
0,0,0,0,0,0,6,10,16,51,52,39,32,34,12,13,29,33,25,52,56,56,54,14
0,0,0,0,0,8,6,13,53,48,39,50,51,50,35,7,24,26,48,52,57,55,50,11
0,0,0,0,1,3,5,22,34,50,50,24,29,14,22,14,21,37,14,28,36,53,29,22
0,1,0,0,0,12,13,14,35,50,14,45,14,12,12,26,13,12,10,7,23,25,25,13
7,4,5,1,6,9,2,10,50,52,43,9,14,11,12,7,2,10,10,10,14,30,40,8
4,0,1,4,1,0,7,12,24,59,15,7,13,12,5,5,3,8,4,12,13,13,58,11

9,5,6,11,39,60,62,77,103,70,61,69,58,70,16,19,11,14,54,82,114,206,95,5
12,0,9,24,56,68,70,54,50,52,56,88,64,69,104,87,77,131,100,100,103,110,107,11
11,2,5,28,65,82,97,75,55,61,54,13,93,85,64,60,37,92,74,56,72,84,61,12
7,3,0,5,39,61,79,100,10,5,14,10,14,43,12,21,14,40,35,52,60,56,43,6
0,0,0,0,0,29,53,57,6,10,5,47,43,49,32,36,47,36,27,47,48,41,22,7
0,0,2,1,5,3,39,48,53,37,52,53,56,53,41,41,35,44,50,44,20,24,15,11
0,0,4,0,0,0,24,65,72,79,90,83,77,70,68,65,58,57,61,11,9,14,10,9
0,0,2,0,3,0,10,77,83,93,114,124,95,82,95,92,77,69,67,12,0,1,0,0
3,3,1,3,11,27,54,65,91,120,122,139,132,114,126,125,111,87,72,11,0,0,0,0
1,12,7,6,14,21,23,72,94,120,159,185,174,177,173,158,143,99,67,41,0,8,5,0
0,5,4,3,7,14,53,78,100,155,196,201,207,224,233,209,164,120,75,29,12,0,4,0
0,0,0,0,6,30,54,89,131,196,235,221,198,271,299,276,206,118,67,30,8,0,0,10
0,0,0,6,0,28,59,95,144,221,255,262,226,242,261,271,213,107,74,37,8,0,4,13
0,1,3,26,10,28,84,109,135,225,250,206,189,195,199,210,194,128,109,14,1,0,0,0
3,4,37,11,14,27,57,107,105,122,149,165,163,156,157,146,132,124,107,31,0,0,0,0
0,0,10,2,13,10,53,98,100,91,110,127,158,148,135,131,111,115,88,30,0,0,0,0
9,13,14,13,12,33,55,77,69,87,117,112,147,104,94,91,85,84,87,50,2,3,0,2
5,7,14,23,21,26,40,55,73,93,134,142,147,142,136,149,122,73,52,32,12,12,11,8
0,0,0,2,8,8,25,85,76,114,143,161,167,127,131,140,129,97,69,56,22,0,11,13
0,7,4,9,12,13,50,102,93,100,128,151,153,130,132,133,130,116,106,103,14,8,0,5
3,3,11,13,11,12,51,73,85,78,126,137,141,149,143,148,128,119,112,101,57,6,3,5
0,2,6,6,11,18,50,85,122,114,123,142,149,166,161,154,121,109,87,95,72,22,10,15
1,8,11,11,17,17,51,101,115,125,139,140,140,173,192,148,136,138,101,113,103,13,0,7
0,0,6,6,4,16,102,114,127,146,148,146,139,164,148,139,135,140,130,122,108,20,3,0
1,6,5,8,10,13,100,113,130,141,146,144,130,117,111,122,133,137,134,126,108,47,3,6
6,8,10,12,11,26,104,118,132,137,140,137,122,108,109,116,125,135,128,118,101,64,13,3
0,5,5,12,13,47,103,107,113,132,129,114,111,100,107,108,115,116,112,104,103,47,13,8
7,8,8,0,11,17,101,80,114,117,119,123,85,86,101,103,112,113,110,87,73,63,11,10
1,9,9,10,13,36,79,107,108,105,113,101,72,72,76,97,105,111,105,85,65,59,21,3
4,10,5,7,11,11,56,78,100,109,110,72,63,53,48,46,65,78,81,77,66,36,8,6
5,6,8,10,11,10,38,54,71,78,83,62,50,50,48,52,53,70,102,91,67,51,6,3
0,6,0,9,6,11,54,61,116,127,112,65,52,51,55,52,54,61,74,130,156,36,20,8
4,0,0,0,14,10,55,66,139,146,83,54,51,42,28,50,56,50,51,103,105,80,23,12
0,0,0,2,15,16,52,65,86,80,61,51,51,33,50,23,31,50,56,71,76,65,36,13
0,0,0,0,12,19,26,52,58,58,52,52,23,31,33,34,50,53,55,59,71,60,39,10
5,0,0,0,1,12,16,44,56,59,14,50,23,13,31,36,34,33,58,57,68,45,27,16
0,0,0,0,0,8,11,13,63,51,58,13,22,30,27,13,20,49,52,55,38,57,50,11
0,0,0,0,0,6,6,12,35,46,51,39,31,29,22,13,21,11,42,32,55,57,52,8
0,0,0,0,0,0,6,10,16,51,52,40,32,33,12,13,30,34,26,52,56,56,54,14
0,0,0,0,0,8,6,13,53,48,39,50,51,50,36,8,25,26,50,52,58,55,50,11
0,0,0,0,1,3,5,22,34,50,50,25,26,14,23,14,21,38,14,29,39,53,30,22
0,1,0,0,0,12,13,14,35,50,14,46,14,12,12,26,13,12,10,7,24,25,25,13
7,4,5,1,6,9,2,10,50,52,43,9,14,12,12,8,2,10,11,10,14,30,42,8
4,0,1,4,1,0,7,12,24,59,14,7,13,12,5,5,3,8,4,12,13,13,58,11

9,5,6,11,39,60,62,77,103,70,61,69,58,71,16,19,12,14,54,82,114,206,96,5
12,0,9,24,56,67,70,55,50,52,56,88,64,69,104,87,77,131,100,100,102,110,107,11
11,2,5,27,65,82,98,75,54,61,54,13,94,85,64,60,37,92,75,56,72,84,61,12
7,4,0,5,39,61,79,100,10,5,14,10,14,42,13,21,14,40,35,53,60,57,43,6
0,0,0,0,0,31,53,57,6,10,5,47,46,50,32,36,47,37,26,46,48,41,22,7
0,0,3,1,5,3,39,48,53,36,52,53,56,53,41,41,35,44,50,43,20,24,15,12
0,0,4,0,0,0,25,66,72,79,91,83,77,70,69,65,58,58,62,11,9,14,10,9
0,0,3,0,3,0,10,78,83,94,114,124,95,83,95,92,77,70,67,12,0,1,0,0
3,3,1,3,11,26,55,65,92,120,122,139,132,115,126,125,111,87,73,11,0,0,0,0
1,12,7,6,14,21,24,72,94,120,159,185,174,177,173,158,143,99,67,41,0,8,5,0
0,5,4,3,7,14,53,78,100,155,196,202,207,224,232,209,164,120,75,29,12,0,4,0
0,0,0,0,6,30,54,89,130,196,235,221,198,271,298,275,206,118,66,30,8,0,0,10
0,0,0,6,0,29,58,95,144,220,255,261,226,241,259,271,212,107,74,37,8,0,4,13
0,1,3,29,10,27,83,109,135,224,248,205,188,195,199,209,194,128,109,14,1,0,0,0
3,4,37,11,14,25,58,107,106,122,148,166,164,157,157,146,132,124,107,31,0,0,0,0
0,1,10,2,13,10,53,98,100,91,110,127,159,148,136,131,112,115,88,29,0,0,0,0
9,13,14,13,12,33,54,77,69,87,117,113,147,104,95,91,86,84,87,50,2,3,0,2
5,7,14,23,21,26,40,55,73,93,134,142,148,143,136,150,122,73,52,32,12,12,11,8
0,0,0,2,8,8,25,85,77,114,143,161,168,128,131,141,129,97,70,56,21,0,11,13
0,7,4,9,12,12,50,102,93,100,128,152,153,130,132,133,130,116,106,103,14,8,0,5
3,3,11,13,11,12,51,73,84,78,126,137,141,149,144,148,128,119,112,101,57,6,3,5
0,2,6,6,11,18,50,85,122,114,123,142,149,166,161,155,121,109,87,95,72,22,10,15
1,8,11,11,17,17,51,101,115,125,139,140,140,173,192,148,136,138,101,113,103,13,0,7
0,0,6,6,4,16,102,114,127,146,148,146,139,164,148,139,135,140,130,122,108,20,3,0
1,6,5,8,10,13,100,113,130,141,146,144,130,117,111,122,133,137,134,126,108,47,3,6
6,8,10,12,11,28,104,118,132,137,140,137,122,108,109,116,125,135,128,118,101,64,13,3
0,5,5,12,13,48,103,107,113,132,129,114,111,100,107,108,115,116,112,104,103,48,13,8
7,8,8,0,11,17,101,80,114,117,119,123,86,86,101,103,112,113,110,87,73,63,11,10
1,9,9,10,13,36,79,107,108,105,113,101,71,73,76,97,105,111,105,85,65,59,22,3
4,10,5,7,11,10,56,78,100,109,110,72,63,53,48,46,65,78,81,77,66,36,8,6
5,6,8,10,11,10,38,54,71,78,83,62,50,51,48,52,53,70,102,91,67,51,6,3
0,6,0,9,5,11,54,61,116,127,112,65,52,51,55,52,54,61,74,131,156,35,20,8
4,0,0,0,14,10,55,66,139,146,83,54,51,43,29,49,56,50,51,103,105,80,23,12
0,0,0,2,15,16,52,65,86,80,61,51,51,33,51,23,31,50,56,71,76,65,35,13
0,0,0,0,12,19,26,52,58,58,52,52,24,30,33,34,50,53,55,59,71,60,39,10
5,0,0,0,1,12,15,44,56,60,14,50,24,13,31,36,34,33,58,57,68,45,27,16
0,0,0,0,0,8,11,13,63,51,58,13,23,29,27,13,20,50,52,55,38,57,50,11
0,0,0,0,0,6,6,12,34,46,51,38,31,29,23,13,22,11,41,32,55,57,52,8
0,0,0,0,0,0,7,10,15,51,52,40,32,35,12,13,30,34,26,52,56,56,54,14
0,0,0,0,0,8,6,13,53,48,39,50,51,50,36,8,25,26,48,52,58,55,50,11
0,0,0,0,1,3,5,22,34,50,50,25,26,14,25,14,22,37,14,29,36,53,29,22
0,1,0,0,0,12,13,14,34,50,14,45,14,12,12,26,13,12,10,7,23,25,25,13
7,5,5,1,6,9,2,10,50,52,43,9,15,12,12,8,2,10,11,10,14,30,40,8
4,0,1,4,1,0,7,12,24,59,14,7,13,12,5,6,3,8,4,12,13,13,58,11

9,5,6,11,40,60,62,77,103,70,61,69,58,72,17,19,12,14,55,82,114,205,96,5
12,0,9,24,56,68,70,55,50,52,56,89,65,69,105,88,77,131,100,100,103,110,107,11
11,2,5,26,65,82,97,75,54,61,54,13,96,85,65,60,36,92,75,56,72,84,61,12
7,4,0,5,39,61,79,100,10,5,14,10,14,44,13,24,14,40,35,53,60,56,45,6
0,0,0,0,0,30,53,57,6,10,5,47,47,49,32,36,47,36,27,46,49,41,22,7
0,0,3,1,5,3,39,49,53,37,52,53,56,54,41,41,36,44,50,43,20,24,15,12
0,0,4,0,0,0,26,65,72,79,90,83,77,70,69,66,58,57,62,11,9,14,10,9
0,0,2,0,3,0,10,78,83,93,115,124,95,83,96,92,77,70,67,12,0,1,0,0
3,3,1,3,11,27,55,65,92,120,123,139,133,116,127,125,111,87,73,11,0,0,0,0
1,12,7,7,14,21,25,73,94,120,160,186,175,178,174,159,143,99,67,41,0,9,5,0
0,5,4,3,7,14,54,78,101,156,197,203,208,225,234,211,164,120,75,28,12,0,4,0
0,0,0,0,6,30,54,89,130,197,236,222,198,271,299,275,205,118,66,30,8,0,0,10
0,0,0,6,0,27,58,94,143,220,255,261,223,239,259,270,210,106,74,37,8,0,4,13
0,1,3,27,10,27,84,109,134,224,250,204,187,193,197,211,193,127,109,14,0,0,0,0
3,4,37,11,14,25,57,107,105,122,148,164,162,154,156,146,132,124,107,30,0,0,0,0
0,1,10,2,13,10,53,97,100,91,109,126,157,147,135,130,111,115,88,30,0,0,0,0
9,13,14,13,12,32,55,77,69,87,116,112,146,103,94,91,85,83,87,51,2,3,0,2
5,7,14,23,21,26,40,55,73,93,133,141,146,142,134,148,121,73,53,32,12,12,11,8
0,0,0,2,8,8,26,85,77,114,142,160,166,127,130,140,129,97,70,56,23,0,11,13
0,7,4,9,12,13,50,102,94,100,128,151,152,129,131,132,130,116,107,103,14,8,0,5
3,2,11,13,11,12,52,73,85,79,126,136,141,149,143,148,128,119,112,102,58,7,4,5
0,2,6,6,11,19,51,85,122,114,123,143,149,166,162,155,122,109,88,97,72,22,10,15
1,8,11,11,18,18,51,101,115,126,139,141,140,173,193,148,137,139,101,113,103,14,0,7
0,0,7,6,5,17,102,115,128,147,149,147,140,165,148,140,135,141,130,122,108,22,3,0
1,6,5,8,10,13,100,113,130,141,146,145,130,117,111,123,133,137,134,126,108,48,3,6
6,8,10,12,11,26,104,118,132,137,140,137,122,108,109,116,125,136,128,118,101,65,13,3
0,5,5,12,13,48,103,107,113,132,129,114,111,100,108,108,115,116,112,104,103,47,13,8
7,8,8,0,11,17,101,80,114,117,119,122,86,86,101,103,112,113,110,87,73,63,11,10
1,9,9,10,13,36,79,107,108,105,113,101,71,73,76,97,105,111,105,85,65,59,22,3
4,10,5,7,11,11,56,78,100,109,110,72,63,53,48,46,65,78,81,77,66,36,8,6
5,6,8,10,11,10,38,54,71,78,83,62,50,50,48,52,53,70,102,91,67,51,6,3
0,6,0,9,5,11,53,61,116,127,112,65,52,51,55,52,54,61,74,131,157,35,21,8
4,0,0,0,14,10,55,66,139,146,83,54,51,41,29,49,56,50,51,103,105,80,23,12
0,0,0,2,15,15,52,65,86,80,61,51,51,34,51,23,31,49,56,71,76,65,36,13
0,0,0,0,12,18,25,53,58,58,52,52,23,31,33,34,50,53,55,59,71,60,39,10
5,0,0,0,1,12,15,44,56,59,14,50,23,13,31,36,34,33,58,57,68,45,27,16
0,0,0,0,0,8,11,13,63,51,58,13,24,29,27,13,20,50,52,55,38,57,50,11
0,0,0,0,0,6,6,12,33,46,51,38,31,28,23,13,21,11,41,32,55,57,52,8
0,0,0,0,0,0,7,10,16,51,52,40,33,34,12,13,30,34,26,52,56,56,54,14
0,0,0,0,0,8,6,13,53,48,39,50,51,50,36,7,25,26,48,52,58,55,50,11
0,0,0,0,1,3,5,21,34,50,50,25,27,14,23,14,21,37,14,28,36,53,29,22
0,1,0,0,0,12,13,14,35,50,14,44,14,12,12,26,13,12,10,7,23,25,25,13
7,4,5,1,6,9,2,10,50,52,43,9,14,12,12,7,2,10,11,10,14,30,40,8
5,0,1,4,1,0,7,12,25,59,15,7,13,12,5,6,3,8,4,12,13,13,58,11

9,5,6,11,39,60,62,77,103,70,61,69,58,72,17,19,12,14,55,82,114,206,96,5
12,0,9,24,56,67,70,54,50,52,56,89,65,69,105,88,77,131,100,100,103,110,107,11
11,2,5,27,65,82,97,75,54,61,54,13,95,86,65,60,37,92,75,56,72,84,61,12
7,4,0,5,39,61,80,100,10,5,14,10,14,45,13,25,14,40,35,52,60,57,45,6
0,0,0,0,0,31,53,57,6,10,5,48,46,50,31,37,47,37,27,47,48,41,23,7
0,0,3,1,5,3,39,48,53,36,52,53,56,53,41,41,35,45,50,43,20,24,15,12
0,0,4,0,0,0,25,65,72,79,90,83,77,70,68,65,59,58,62,11,9,14,10,9
0,0,3,0,3,0,10,78,83,93,114,124,95,83,96,92,77,70,67,13,0,1,0,0
3,3,1,3,11,29,55,65,92,120,123,139,133,116,127,125,111,87,73,11,0,0,0,0
1,12,7,7,14,23,28,73,95,121,161,188,176,179,174,160,143,99,67,41,0,9,5,0
0,5,4,3,7,14,54,78,101,157,199,206,211,227,235,211,165,120,75,29,12,0,4,0
0,0,0,0,6,30,54,89,130,197,237,224,199,274,300,276,206,117,66,30,8,0,0,10
0,0,0,6,0,25,58,94,142,219,255,262,224,239,261,271,209,106,73,36,8,0,4,13
0,1,3,27,10,25,82,109,134,222,252,205,186,192,197,213,193,127,109,14,1,0,0,0
3,4,35,11,14,23,57,107,105,123,148,163,161,154,155,146,133,124,107,31,0,0,0,0
0,1,10,1,13,10,53,97,100,90,109,125,157,147,134,130,111,115,88,30,0,0,0,0
9,13,14,13,12,31,54,77,69,87,116,111,145,103,94,90,85,84,87,51,2,3,0,2
5,7,14,23,21,26,40,55,73,93,133,140,145,141,134,148,121,73,52,33,12,12,11,8
0,0,0,2,8,8,26,85,77,114,142,159,166,126,129,140,128,97,70,58,23,0,11,13
0,7,4,9,12,13,51,102,95,100,127,150,151,129,131,132,130,116,107,103,14,8,0,5
3,2,11,13,11,13,52,74,86,79,126,136,140,149,143,147,128,119,113,102,59,7,4,5
0,2,6,6,11,19,51,85,122,114,123,142,149,166,162,155,122,109,88,97,72,22,10,15
1,7,11,11,18,19,51,101,115,126,139,141,140,174,193,148,137,138,101,113,103,14,0,7
0,0,6,6,5,17,102,115,127,147,149,147,140,165,148,140,135,141,130,122,108,23,3,0
1,6,5,8,10,13,100,113,130,141,146,145,130,117,111,123,133,137,134,126,109,48,3,6
6,8,10,12,11,28,104,118,132,137,140,137,123,108,109,116,125,136,128,118,101,65,13,3
0,5,5,12,13,48,103,107,113,132,129,114,111,100,108,108,115,116,112,104,103,47,13,8
7,8,8,0,11,17,101,80,114,117,119,123,86,86,101,103,112,113,110,87,73,63,11,10
1,9,9,10,13,36,79,107,108,105,113,101,71,72,76,97,105,111,105,85,65,59,22,3
4,10,5,7,11,11,56,78,100,109,110,72,63,53,48,46,65,78,81,77,66,37,8,6
5,6,8,10,11,10,38,54,72,78,84,62,50,50,47,52,53,70,102,91,67,51,6,3
0,6,0,9,5,11,53,61,117,127,112,65,52,51,55,52,54,61,74,131,157,35,21,8
4,0,0,0,14,10,55,66,139,146,83,54,51,41,29,50,56,50,51,103,104,79,23,12
0,0,0,2,16,16,52,65,86,80,61,51,51,33,51,23,31,50,56,71,76,65,36,13
0,0,0,0,12,20,25,52,58,58,52,52,24,29,32,34,50,53,55,59,71,60,39,10
5,0,0,0,1,12,15,44,56,59,15,51,24,13,31,36,34,32,58,57,69,45,27,16
0,0,0,0,0,8,11,13,63,51,58,13,23,29,27,13,19,49,52,55,37,57,50,11
0,0,0,0,0,6,6,12,32,47,51,38,32,29,22,13,23,11,41,32,55,57,52,8
0,0,0,0,0,0,7,10,15,51,52,40,32,33,12,13,29,34,26,52,56,56,54,14
0,0,0,0,0,8,6,13,53,47,39,50,51,50,36,7,25,26,47,52,58,55,50,11
0,0,0,0,1,3,5,22,34,50,50,25,26,14,22,14,22,36,14,28,36,53,29,22
0,2,0,0,0,12,13,14,33,49,14,44,14,12,12,26,13,12,10,7,24,25,25,13
7,5,5,1,6,9,2,10,50,52,45,9,15,12,12,7,2,10,11,10,14,30,40,8
4,0,1,4,1,0,7,12,24,59,15,7,13,12,5,6,3,8,4,12,13,13,58,11

9,5,6,11,39,60,62,77,103,70,61,69,58,72,17,19,12,14,54,82,114,205,96,5
12,0,9,24,56,68,70,55,50,52,56,89,65,69,105,88,77,131,100,100,103,110,107,11
11,2,5,27,65,83,97,75,54,61,54,13,96,85,65,60,36,92,75,56,72,84,61,12
7,4,0,5,39,61,79,100,10,5,14,10,14,44,13,25,14,40,35,53,60,57,45,7
0,0,0,0,0,30,53,57,6,10,5,50,47,50,33,37,48,37,27,47,49,42,22,7
0,0,3,1,5,3,39,48,53,36,52,53,56,54,41,41,36,44,51,43,20,24,14,12
0,0,4,0,0,0,25,65,71,79,90,82,77,70,68,65,59,58,62,11,9,14,10,9
0,0,3,0,3,0,10,77,83,93,113,124,95,82,95,92,77,70,67,13,0,1,0,0
3,3,1,3,11,29,55,65,91,120,123,139,133,115,127,125,111,87,73,11,0,0,0,0
1,12,7,7,14,24,29,73,95,121,161,188,176,179,175,160,144,99,67,42,0,9,5,0
0,5,5,3,7,14,54,79,101,158,200,208,212,227,237,212,166,120,75,29,12,0,4,0
0,0,0,0,6,31,54,89,131,198,238,226,201,275,302,279,206,118,67,30,8,0,0,10
0,0,0,6,0,25,58,94,142,219,255,263,225,241,262,271,210,106,74,37,8,0,4,13
0,1,2,29,10,27,84,109,134,223,254,206,186,192,197,214,194,127,109,14,0,0,0,0
4,4,35,11,14,23,57,107,105,123,149,163,161,154,155,146,133,124,107,31,0,0,0,0
0,0,10,2,13,10,53,97,100,90,109,125,157,146,134,130,111,115,88,30,0,0,0,0
9,13,14,13,12,31,54,77,69,87,116,111,145,103,93,90,85,83,87,51,3,3,0,2
5,7,14,23,21,26,40,55,73,93,132,140,145,141,134,148,121,73,53,33,12,12,11,8
0,0,0,2,8,8,26,85,77,114,142,159,165,126,129,139,128,97,70,58,23,0,11,13
0,7,4,9,12,13,51,102,95,100,127,150,151,129,131,132,129,116,107,103,14,8,0,5
3,2,11,13,11,12,52,74,86,79,126,136,140,149,143,147,128,120,113,102,59,7,4,5
0,2,6,6,11,19,51,85,122,114,123,142,149,166,161,154,122,109,88,97,72,22,10,15
1,8,11,12,18,19,50,101,115,126,139,141,140,174,193,148,137,139,101,113,103,14,0,7
0,0,6,6,5,17,102,115,128,147,149,147,139,166,148,140,135,141,130,122,108,24,3,0
1,6,5,8,10,13,100,113,130,141,146,145,130,117,111,123,133,137,134,126,108,48,3,6
6,8,10,12,11,29,104,118,132,137,140,137,122,108,109,116,125,135,128,118,101,65,13,3
0,5,5,12,13,48,103,107,113,132,129,114,111,100,108,108,115,116,112,104,103,48,13,8
7,8,8,0,11,19,101,80,114,117,119,123,85,86,101,103,112,113,110,87,73,63,11,10
1,9,9,10,13,37,79,107,108,105,113,101,71,72,76,97,105,111,105,85,65,59,22,3
4,10,5,7,11,11,56,78,100,109,110,72,63,53,48,46,65,78,81,77,66,36,8,6
5,6,8,10,11,10,38,54,71,78,83,62,50,50,48,52,53,70,102,91,67,51,6,3
0,6,0,9,5,11,54,61,117,127,112,65,52,51,55,52,54,61,74,131,157,35,21,8
4,0,0,0,14,10,55,66,139,146,83,54,51,40,29,50,56,50,51,103,105,79,23,12
0,0,0,2,16,17,52,65,86,80,61,52,51,34,51,25,31,50,56,71,76,65,36,13
0,0,0,0,12,18,25,53,58,58,52,52,23,30,31,34,50,53,55,59,71,60,39,10
5,0,0,0,1,12,15,44,56,59,14,50,24,13,32,36,34,33,58,57,68,45,27,15
0,0,0,0,0,8,11,13,63,51,58,13,21,27,27,13,18,50,52,55,37,57,50,11
0,0,0,0,0,6,6,12,34,46,51,39,30,29,22,13,23,11,41,32,55,57,52,8
0,0,0,0,0,0,7,10,16,51,52,40,32,34,12,13,29,34,25,52,56,56,54,14
0,0,0,0,0,8,6,13,53,48,39,50,51,50,35,7,24,26,50,53,58,55,50,11
0,0,0,0,1,3,5,22,34,50,50,24,29,14,23,14,21,37,14,28,37,53,29,22
0,2,0,0,0,12,13,14,34,50,14,44,14,11,12,26,13,12,10,7,24,25,25,13
7,4,5,1,6,9,2,10,50,52,43,9,14,11,12,7,2,10,11,10,14,30,42,8
4,0,1,4,1,0,7,12,25,59,14,7,13,12,5,6,3,8,4,12,13,13,58,11

9,5,6,11,39,60,62,77,103,70,61,69,58,72,18,19,12,14,54,82,114,206,96,6
12,0,9,24,56,67,70,55,50,52,56,89,64,69,105,88,77,131,100,100,103,110,107,11
11,2,6,27,65,82,98,76,54,61,54,13,97,85,65,60,37,92,75,56,73,84,61,12
7,4,0,5,39,61,79,100,10,5,14,10,15,45,13,25,14,40,35,53,60,57,46,7
0,0,0,0,0,30,53,57,6,10,5,50,50,50,32,37,47,37,27,47,50,43,23,7
0,0,3,1,5,3,39,48,53,36,52,53,56,53,41,41,36,45,50,43,20,24,15,12
0,0,4,0,0,0,25,65,72,79,90,82,77,70,68,65,58,57,62,11,9,14,10,9
0,0,3,0,3,0,10,78,83,93,113,124,95,82,96,92,77,70,67,13,0,1,0,0
3,3,1,3,11,29,55,65,91,120,122,139,132,114,126,125,111,87,73,11,0,0,0,0
1,12,7,6,14,22,28,73,94,120,159,187,175,178,173,159,143,99,67,41,0,9,5,0
0,5,4,3,7,14,54,78,100,156,198,206,210,226,234,211,165,120,75,29,12,0,4,0
0,0,0,0,6,31,54,89,130,197,237,224,200,273,300,277,207,119,67,30,8,0,0,10
0,0,0,6,0,27,59,95,143,220,256,263,226,241,261,271,213,107,74,37,8,0,4,13
0,1,3,29,10,28,83,109,135,224,250,206,188,194,198,210,194,128,109,14,1,0,0,0
4,4,37,11,14,25,57,107,105,122,149,165,163,156,156,146,133,124,107,33,0,0,0,0
0,1,10,2,13,10,53,98,100,91,110,126,158,148,135,131,111,115,88,30,0,0,0,0
9,13,14,13,12,31,55,77,69,87,117,112,146,104,94,91,86,84,87,51,2,3,1,2
5,7,14,23,21,26,40,55,73,93,133,142,146,142,135,149,121,73,52,32,12,12,11,8
0,0,0,2,8,8,26,85,76,114,142,160,167,127,130,140,129,97,70,56,22,0,11,13
0,7,4,9,12,13,50,102,94,100,128,151,152,129,132,132,130,116,106,103,14,8,0,5
3,2,11,13,11,12,51,73,85,78,126,136,141,149,143,147,128,119,112,102,58,7,4,5
0,2,6,6,11,18,50,84,122,114,123,142,149,166,161,154,121,109,87,96,72,22,10,15
1,8,11,11,18,17,51,101,115,125,139,140,140,173,192,148,136,138,101,113,103,13,0,7
0,0,6,6,4,16,102,114,127,146,148,146,139,164,148,139,135,140,130,122,108,20,3,0
1,6,5,8,10,13,100,113,130,141,146,144,129,117,111,122,133,137,134,126,108,47,3,6
6,8,10,12,11,28,104,118,132,137,140,137,122,108,109,116,125,135,128,118,101,65,13,3
0,5,5,12,13,48,103,107,113,132,129,114,111,100,108,107,115,116,112,104,103,47,13,8
7,8,8,0,11,19,101,80,114,117,119,122,86,85,101,103,112,113,110,87,73,63,11,10
1,9,9,10,13,37,78,107,108,105,113,101,72,73,76,97,105,111,105,85,65,59,22,3
4,10,5,7,11,11,56,78,100,109,110,72,63,53,48,46,65,78,81,77,66,36,8,6
5,6,8,10,11,10,38,54,71,78,83,62,50,51,49,52,53,70,102,91,67,51,6,3
0,6,0,9,6,11,54,61,116,127,112,65,52,51,56,52,54,61,74,131,156,35,20,8
4,0,0,0,14,10,55,66,139,146,83,54,51,42,29,49,56,50,51,103,105,80,23,12
0,0,0,2,16,16,52,65,86,80,61,51,51,34,51,24,31,50,56,71,76,65,36,13
0,0,0,0,12,18,26,53,58,58,52,52,24,30,33,34,50,53,55,59,71,60,39,10
5,0,0,0,1,12,15,44,56,60,14,50,24,13,31,36,34,32,59,57,68,45,27,16
0,0,0,0,0,8,11,13,63,51,58,13,22,29,28,13,20,50,52,55,38,57,50,11
0,0,0,0,0,6,6,12,34,46,51,38,30,29,23,13,22,11,41,32,55,57,52,8
0,0,0,0,0,0,7,10,17,51,52,40,32,34,12,13,30,34,26,52,56,56,54,14
0,0,0,0,0,8,6,13,53,48,39,50,51,50,35,8,25,26,48,52,58,55,50,11
0,0,0,0,1,3,5,22,34,50,50,25,26,14,25,14,22,38,14,28,36,53,30,22
0,2,0,0,0,12,13,14,34,50,14,45,14,12,12,26,13,12,10,7,25,25,25,13
7,4,5,1,6,9,2,10,50,52,45,9,15,11,12,7,2,10,11,11,14,30,40,8
4,0,1,4,1,0,7,12,25,59,14,7,13,12,5,6,3,8,4,12,13,13,59,11

9,5,6,11,39,60,62,77,103,70,61,69,58,73,19,20,12,14,54,82,114,207,96,6
12,0,9,25,56,68,70,55,50,52,56,89,65,69,105,89,77,131,100,100,103,110,107,11
11,2,6,28,65,82,97,75,54,60,54,13,97,86,65,60,37,91,74,56,72,84,61,12
7,4,0,5,39,61,79,100,10,5,14,10,14,45,13,24,14,40,36,53,60,56,45,6
0,0,0,0,0,30,53,57,6,10,5,50,50,50,33,37,46,37,27,47,50,43,23,7
0,0,3,1,5,3,39,49,53,37,52,53,56,54,42,41,36,45,51,43,20,24,15,12
0,0,4,0,0,0,26,65,72,79,90,83,77,70,69,66,59,57,62,11,9,14,10,9
0,0,3,0,3,0,10,78,83,93,114,124,95,82,96,92,77,70,67,13,0,2,0,0
3,3,1,3,11,27,55,65,91,120,122,138,132,114,126,125,111,87,72,11,0,0,0,0
1,12,7,6,14,20,27,72,94,119,158,185,173,177,172,159,143,99,67,41,0,9,5,0
0,5,4,3,7,14,54,78,100,155,196,202,206,224,233,209,165,120,75,28,12,0,4,0
0,0,0,0,6,30,54,89,130,196,235,223,198,271,299,275,207,119,67,30,8,0,0,10
0,0,0,6,0,28,59,95,143,220,255,262,226,241,259,270,213,108,74,37,8,0,4,13
0,1,3,27,10,28,84,109,135,225,249,206,189,195,199,209,194,129,109,14,1,0,0,0
4,4,37,11,14,27,58,107,106,122,149,166,164,157,157,146,132,124,107,32,0,0,0,0
0,1,10,2,13,10,53,98,100,91,111,127,159,149,136,131,112,115,88,30,0,0,0,0
9,13,14,13,12,33,54,77,69,87,117,113,147,104,95,91,86,84,87,50,3,4,1,2
5,7,14,23,21,26,40,55,73,93,134,142,148,143,136,150,122,73,52,32,12,12,11,8
0,0,0,2,8,8,27,85,77,115,143,161,168,128,132,141,129,97,70,56,22,0,11,13
0,7,4,9,12,13,50,102,93,100,128,152,153,130,132,133,130,116,106,103,13,8,0,5
3,2,11,13,11,12,51,73,84,78,126,137,141,150,143,148,128,119,112,101,57,6,3,5
0,2,6,6,11,18,51,84,122,114,123,142,149,166,162,154,121,108,87,95,71,22,10,15
1,8,11,11,17,17,50,101,115,125,139,140,140,173,192,147,136,138,100,113,103,13,0,7
0,0,6,6,4,16,102,114,127,146,148,146,139,164,148,139,135,140,130,122,108,22,3,0
1,6,5,8,10,13,100,113,130,141,146,144,129,117,111,122,133,136,134,126,108,48,3,6
6,8,10,12,11,28,104,118,132,137,140,137,122,108,109,116,125,135,128,118,101,65,13,3
0,5,5,12,13,50,103,107,113,132,129,114,111,100,107,108,115,116,112,104,103,48,13,8
7,8,8,0,11,17,101,80,114,117,119,123,86,85,101,103,112,113,110,87,73,63,11,10
1,9,9,10,13,36,79,107,108,105,113,101,71,73,76,97,105,111,105,85,65,59,21,3
4,10,5,7,11,11,56,78,100,109,110,71,63,53,48,46,65,78,81,77,66,36,8,6
5,6,8,10,11,10,38,54,71,78,83,62,50,50,48,52,53,70,102,91,67,51,6,3
0,6,0,9,6,11,54,61,116,127,112,65,52,51,56,52,54,61,74,131,156,35,20,8
3,0,0,0,14,10,55,66,139,146,83,54,51,41,30,49,56,51,51,103,105,79,22,12
0,0,0,2,16,16,52,65,86,80,61,51,51,34,51,23,31,50,56,71,76,65,36,13
0,0,0,0,12,20,26,53,58,58,52,52,24,31,31,34,50,53,55,59,71,60,39,10
5,0,0,0,1,12,16,44,56,60,14,50,23,13,31,36,34,33,59,57,68,45,27,16
0,0,0,0,0,8,11,13,63,51,58,13,22,30,27,13,20,50,52,55,37,57,50,11
0,0,0,0,0,6,6,12,35,46,51,38,32,29,23,13,23,11,41,32,55,57,52,8
0,0,0,0,0,0,7,10,16,51,52,40,32,33,12,13,30,34,26,52,56,56,54,14
0,0,0,0,0,8,6,13,53,48,39,50,51,50,37,8,25,26,48,53,58,55,50,11
0,0,0,0,1,3,5,22,34,50,50,24,26,14,25,14,22,36,14,28,36,53,29,22
0,2,0,0,0,12,13,14,35,50,14,46,14,12,12,26,13,12,10,7,24,25,25,13
7,4,5,1,6,9,2,10,50,52,45,9,14,11,12,8,2,10,11,11,14,31,40,8
4,0,1,4,1,0,7,12,24,59,15,7,13,12,5,6,3,8,4,12,13,13,58,11

9,5,6,11,40,60,62,77,103,70,61,69,59,73,19,20,12,14,54,82,114,207,96,6
12,0,9,25,56,67,70,55,50,52,56,89,65,69,105,88,77,131,100,100,103,110,107,11
11,2,5,28,65,82,97,75,54,60,54,13,96,85,65,60,37,91,74,56,72,84,61,12
7,4,0,5,40,61,79,101,10,5,14,10,17,45,13,26,14,40,36,53,60,57,47,6
0,0,0,0,0,31,53,57,6,10,5,50,50,50,32,38,47,37,27,47,49,43,23,7
0,0,3,1,5,4,39,49,53,37,52,53,56,54,41,41,37,45,51,43,20,24,15,12
0,0,4,0,0,0,26,65,72,79,90,83,77,71,68,66,59,57,62,11,9,14,10,9
0,0,3,0,3,0,11,78,83,94,114,124,95,83,96,92,78,70,67,13,0,2,0,0
3,3,1,3,11,30,55,65,91,120,122,139,133,115,127,125,111,87,73,11,0,0,0,0
1,12,7,6,14,22,29,73,94,120,159,186,175,178,174,160,144,100,67,42,0,9,5,0
0,5,4,3,7,14,54,78,101,156,197,204,208,225,234,211,165,120,75,29,12,0,4,0
0,0,0,0,7,30,54,89,130,197,236,223,199,272,299,277,207,118,67,30,8,0,0,10
0,0,0,6,0,27,58,94,143,220,256,262,224,239,259,270,212,107,74,37,8,0,4,13
0,1,3,27,10,28,83,109,135,224,251,206,187,193,197,210,194,128,109,14,1,0,0,0
3,4,37,11,14,27,57,107,105,122,149,164,162,155,156,146,133,124,107,33,0,0,0,0
0,1,10,2,13,10,53,98,100,91,110,126,158,147,135,130,111,115,88,30,0,0,0,0
9,13,14,13,12,32,54,77,69,87,116,112,146,104,94,91,85,84,87,51,2,3,1,2
5,7,14,23,21,26,40,55,73,93,134,141,146,142,135,149,121,73,53,32,12,12,11,8
0,0,0,2,8,8,27,85,77,114,142,160,167,127,130,140,129,97,70,56,23,0,11,13
0,7,4,9,12,13,51,102,94,100,128,151,152,129,132,132,130,116,107,103,14,8,0,5
3,2,11,13,11,12,52,73,85,79,126,136,141,149,143,147,128,119,112,102,58,7,4,5
0,2,6,6,11,19,51,85,122,114,123,142,149,165,161,155,121,109,87,96,72,22,10,15
1,8,11,11,18,18,51,101,115,126,139,140,140,174,193,148,137,138,101,113,103,13,0,7
0,0,6,6,5,16,102,115,127,147,148,147,139,165,148,139,135,140,130,122,108,22,3,0
1,6,5,8,10,13,100,113,130,141,146,144,130,117,111,123,133,137,134,126,108,48,3,6
6,8,10,12,11,28,104,118,132,137,140,137,122,108,109,116,125,135,128,118,101,65,13,3
0,5,5,12,13,48,103,107,113,132,129,114,111,100,107,108,115,116,112,104,103,47,13,8
7,8,8,0,11,19,101,80,114,117,119,123,86,85,101,103,112,113,110,87,73,63,11,10
1,9,9,10,13,37,79,107,108,105,113,101,71,72,76,97,105,111,105,85,65,59,22,3
4,10,5,7,11,11,56,78,100,109,110,72,63,53,48,46,65,78,81,77,66,36,8,6
5,6,8,10,11,10,38,54,71,78,83,62,50,51,48,52,53,70,102,91,67,51,6,3
0,6,0,9,6,11,54,61,117,127,112,65,52,51,55,52,54,61,74,131,157,35,20,8
3,0,0,0,14,10,55,66,139,146,83,54,51,42,29,50,56,50,51,103,105,79,23,12
0,0,0,2,16,16,52,65,86,80,61,51,51,35,51,23,31,50,56,71,76,65,36,13
0,0,0,0,12,19,25,53,58,58,52,52,25,29,33,35,50,53,55,59,71,60,39,10
5,0,0,0,1,12,16,44,56,59,15,50,23,13,31,36,34,32,59,57,68,45,27,16
0,0,0,0,0,8,11,13,63,51,58,13,24,28,27,13,19,50,52,55,38,57,50,11
0,0,0,0,0,6,6,12,34,46,51,38,31,29,22,13,23,11,41,32,55,57,52,8
0,0,0,0,0,0,7,10,16,51,52,40,32,34,12,13,29,34,26,52,56,56,54,14
0,0,0,0,0,8,6,13,53,48,39,50,51,50,36,8,25,26,50,53,57,55,50,11
0,0,0,0,1,3,5,22,34,50,50,25,26,14,23,14,22,37,14,28,36,53,29,22
0,2,0,0,0,13,13,14,35,50,14,45,14,12,12,26,13,12,10,7,24,25,25,13
7,5,5,1,6,9,2,10,50,52,43,9,14,11,12,7,2,10,11,10,14,30,40,8
4,0,1,4,1,0,7,12,24,59,14,7,13,12,5,6,3,8,4,12,13,13,58,11
0,53,169,124,93,57,14,7,10,0,19,30,68,63,76,108,88,67,61,34,10,6,3,9
0,13,101,100,100,100,136,74,74,90,72,65,93,59,55,58,55,74,67,55,14,7,0,12
9,12,62,67,53,90,112,40,64,74,92,96,12,59,80,72,74,94,76,51,14,4,0,10
4,13,23,53,27,40,45,34,55,21,17,7,9,80,13,53,88,76,57,25,5,0,2,7
3,12,23,17,31,24,47,41,30,22,12,8,12,4,5,1,48,46,10,0,0,0,0,0
8,10,14,14,36,36,24,11,14,25,40,39,41,41,22,33,34,21,1,3,0,4,0,0
7,6,8,6,8,56,23,50,56,64,66,72,77,87,73,64,58,12,0,0,0,4,0,0
0,1,0,0,3,62,60,68,81,88,74,84,114,107,87,75,64,0,0,0,0,1,0,0
0,0,0,0,1,67,81,103,116,114,102,121,124,110,112,82,55,34,12,9,3,1,3,2
0,3,5,0,14,63,95,136,148,158,163,155,168,145,107,85,65,9,14,12,6,7,12,1
0,4,0,6,14,75,120,160,195,211,206,189,180,178,140,90,66,28,13,7,4,6,5,0
10,2,0,8,27,68,121,204,256,270,246,186,204,219,184,123,83,54,30,7,0,0,0,0
14,8,0,10,41,80,113,216,248,233,227,218,254,257,221,141,88,58,39,0,6,2,0,0
0,0,0,0,32,112,134,188,189,193,194,188,199,243,223,132,108,81,31,10,29,6,4,0
0,0,0,0,48,108,124,129,145,158,158,166,167,147,114,101,106,57,27,14,11,43,5,4
0,0,0,0,30,91,116,112,132,137,150,161,129,111,91,99,93,52,10,13,1,11,2,0
2,0,4,3,51,88,85,87,92,96,106,148,114,118,87,68,75,53,34,12,14,14,13,10
8,9,12,14,33,54,76,125,154,139,145,150,144,135,93,72,52,40,29,27,27,15,8,6
12,12,8,19,59,73,102,132,143,134,130,171,163,144,115,78,84,24,10,10,4,0,0,0
6,1,9,14,103,109,120,134,136,135,133,158,156,130,103,100,102,50,13,12,7,7,5,0
6,5,7,61,103,116,126,134,155,149,157,146,141,132,86,88,73,50,12,13,13,12,5,6
15,11,23,74,101,94,115,129,164,172,174,160,151,132,119,125,87,49,21,12,9,9,5,0
8,1,16,104,116,105,142,141,155,197,179,146,147,145,128,117,102,50,21,21,14,13,9,3
0,4,20,109,124,132,143,139,144,155,172,145,152,153,148,129,115,102,17,6,8,8,1,1
8,4,49,109,128,136,139,136,125,114,120,134,148,148,143,131,114,100,13,10,9,6,7,2
4,13,65,101,119,130,137,127,117,109,109,124,140,141,138,132,118,103,23,11,12,11,8,7
8,13,47,103,105,113,117,116,108,108,101,111,115,130,133,114,107,102,48,13,12,6,6,0
10,11,63,74,88,110,114,112,104,101,87,87,123,120,118,114,80,101,19,11,0,9,8,7
4,21,59,66,86,105,111,105,98,76,72,72,101,113,106,108,107,77,37,13,10,10,9,1
6,8,37,67,78,81,79,65,46,48,53,63,72,110,109,100,78,53,11,11,11,11,10,4
3,7,51,66,90,102,70,53,51,47,50,50,62,83,78,71,54,20,11,11,10,10,7,5
7,19,36,149,126,74,61,54,52,55,50,52,65,111,123,113,61,51,8,5,9,0,5,0
12,22,80,104,101,51,50,56,44,25,34,51,54,79,138,134,66,54,9,14,0,0,0,3
12,36,64,75,71,56,49,30,19,50,31,51,51,60,79,84,65,51,14,14,1,0,0,0
10,39,60,70,58,55,53,50,34,28,26,21,51,52,58,58,52,20,15,12,0,0,0,0
15,27,44,68,57,58,31,33,34,30,12,21,50,14,59,55,40,14,10,0,0,0,0,5
11,50,56,37,55,52,49,16,13,26,25,15,13,57,51,61,12,10,7,0,0,0,0,0
8,52,57,55,32,40,10,18,12,21,27,28,34,51,40,26,11,6,5,0,0,0,0,0
14,54,56,56,52,25,33,27,12,12,31,31,39,52,50,14,9,6,0,0,0,0,0,0
11,50,55,57,52,46,25,22,6,30,47,50,48,39,46,52,12,4,6,0,0,0,0,0
21,29,53,34,25,13,34,20,14,18,13,22,17,47,49,32,19,3,0,0,0,0,0,0
13,25,24,22,6,9,11,13,25,12,11,14,43,13,46,28,14,12,12,0,0,0,0,0
8,37,29,14,10,10,10,1,7,12,11,14,8,37,51,48,10,1,8,6,0,4,4,6
11,56,13,13,11,3,7,2,4,5,12,12,6,14,58,21,12,7,0,1,4,1,0,4

0,71,187,118,89,57,16,10,14,4,64,58,72,65,77,108,85,66,61,36,10,6,4,9
8,78,104,101,100,100,134,81,94,107,77,72,100,60,54,55,55,71,67,55,14,7,0,12
10,14,69,69,55,82,105,40,66,81,97,100,13,53,71,61,72,94,77,54,15,4,0,10
5,14,43,56,46,35,42,22,55,39,41,11,8,57,11,13,92,77,57,26,4,0,2,6
4,13,31,26,37,26,48,38,36,46,36,14,19,5,7,2,51,50,11,0,0,0,0,0
9,12,18,15,38,39,30,13,22,33,50,49,45,45,27,42,39,28,1,3,0,0,0,0
7,7,10,7,9,58,45,54,59,66,68,74,78,87,75,66,60,13,0,0,0,3,0,0
0,0,0,0,5,64,64,72,85,90,76,85,116,109,88,77,68,0,0,0,0,1,0,0
0,0,0,0,2,69,84,107,119,118,106,124,127,113,114,84,57,48,13,9,3,1,3,2
0,3,5,0,23,65,98,141,153,163,167,160,173,148,111,86,66,10,16,12,7,7,12,1
0,4,0,7,21,76,123,166,199,216,212,193,185,183,144,91,67,32,13,7,4,6,5,0
9,1,0,8,29,69,124,210,263,273,246,186,205,223,189,124,83,54,32,6,0,0,0,0
13,6,0,10,42,81,116,225,256,232,224,214,252,262,227,143,90,58,35,0,6,2,0,0
0,0,0,1,33,112,135,192,189,191,192,186,196,238,225,133,108,81,31,10,29,5,3,0
0,0,0,0,48,108,124,129,144,156,157,164,166,146,114,102,106,56,20,14,11,40,5,4
0,0,0,0,30,90,116,112,131,136,149,160,128,111,91,100,93,53,10,13,1,10,1,0
1,0,4,3,51,88,84,86,92,95,105,148,114,118,87,69,76,53,34,12,14,14,13,10
8,9,12,14,33,53,75,124,152,138,144,149,143,135,93,72,54,40,28,25,27,14,8,6
12,11,7,18,58,72,100,131,142,133,129,169,162,143,115,78,85,26,10,10,4,0,0,0
6,0,8,13,103,108,119,133,135,134,132,156,155,129,102,99,103,51,13,13,8,7,5,0
5,3,6,59,103,115,124,132,153,147,155,145,140,131,84,88,74,51,12,12,13,12,4,5
15,10,22,73,100,92,113,127,161,169,172,158,148,130,117,124,87,50,21,12,8,8,5,0
8,0,14,103,115,104,141,140,153,196,178,145,145,144,127,116,102,50,20,20,13,13,9,3
0,3,18,108,123,132,143,138,143,153,170,143,150,152,148,128,115,102,17,6,8,8,1,1
7,4,48,109,128,136,138,136,125,113,120,133,147,147,142,131,114,100,13,10,9,6,7,1
4,13,65,101,119,129,137,126,117,109,109,124,139,141,138,132,118,104,25,11,12,11,8,7
8,13,47,103,105,113,117,116,108,108,101,111,115,130,132,113,107,102,47,13,12,6,6,0
10,11,63,74,87,110,114,112,104,101,86,87,123,120,118,114,80,101,20,11,0,9,8,7
4,21,59,66,85,105,111,105,98,76,72,71,101,113,105,108,107,78,37,13,10,10,9,1
6,8,37,67,78,81,79,65,46,48,53,63,72,110,109,100,79,54,11,11,10,10,10,4
2,7,51,66,90,102,70,53,51,47,50,50,62,83,78,71,54,23,11,11,10,9,7,5
7,20,35,149,127,74,61,54,52,55,50,52,65,111,124,113,61,51,9,5,9,0,5,0
12,22,80,104,102,51,50,56,45,28,36,51,54,80,140,135,66,54,9,14,0,0,0,3
12,36,64,75,71,56,49,31,21,50,31,51,51,61,79,85,65,52,14,15,1,0,0,0
10,39,60,71,58,55,53,50,34,30,27,22,51,52,58,58,52,22,16,12,0,0,0,0
15,27,44,68,57,58,31,33,36,31,12,22,50,14,59,56,42,14,11,0,0,0,0,4
11,50,56,37,55,52,49,17,13,27,26,18,13,57,51,61,12,11,7,0,0,0,0,0
8,52,57,55,32,39,10,19,13,21,28,30,34,51,41,28,12,6,5,0,0,0,0,0
14,54,56,56,52,25,33,29,12,12,33,31,39,52,50,14,9,6,0,0,0,0,0,0
11,50,55,57,52,46,26,23,7,33,48,50,49,38,46,52,12,5,6,0,0,0,0,0
21,29,53,34,25,14,34,21,14,18,14,24,19,48,50,32,20,3,0,0,0,0,0,0
13,25,24,22,6,9,11,13,25,12,11,14,43,13,49,28,14,12,12,0,0,0,0,0
8,37,29,14,10,10,10,1,7,12,11,14,8,38,51,48,10,1,8,6,0,4,4,6
11,57,13,13,11,3,7,2,5,5,12,13,6,14,58,22,12,7,0,1,4,1,0,4

0,77,202,118,86,55,14,10,14,4,62,55,69,63,74,107,84,65,61,42,11,6,4,9
9,100,106,102,100,100,133,77,86,104,71,67,94,58,53,53,55,71,68,56,14,8,0,12
10,36,74,71,56,79,102,39,63,71,83,89,12,45,64,56,72,94,80,60,16,4,0,10
5,21,51,58,51,35,42,14,52,13,36,11,7,28,8,11,93,77,59,31,5,0,2,6
5,14,33,33,41,24,36,41,36,43,35,14,21,5,8,2,52,51,13,0,0,0,0,0
10,13,18,15,40,42,34,17,30,36,50,50,47,46,28,43,39,27,1,4,0,0,0,0
8,7,10,7,10,59,53,56,61,67,69,75,79,87,75,66,61,12,0,0,0,4,0,0
0,0,0,0,8,65,66,74,88,92,77,88,117,110,89,78,68,0,0,0,0,2,0,0
0,0,0,0,5,71,86,110,123,122,110,127,131,116,116,85,58,50,14,10,4,2,4,3
0,4,7,0,33,66,101,146,159,169,172,166,178,153,114,88,67,11,22,13,7,7,12,1
0,4,0,9,27,77,126,172,206,222,217,199,192,190,149,93,68,40,13,7,4,5,5,0
9,0,0,8,33,71,126,215,268,278,251,190,213,229,191,124,83,54,32,6,0,0,0,0
13,6,0,10,43,82,118,228,258,235,226,217,261,265,225,141,89,58,34,0,6,1,0,0
0,0,0,3,43,113,136,193,189,191,192,187,204,261,227,131,108,82,33,10,27,4,2,0
0,0,0,0,50,109,125,130,144,156,157,164,166,148,118,102,106,56,21,14,11,39,5,4
0,0,0,0,32,91,116,112,131,136,149,160,128,111,91,100,94,53,10,13,1,10,1,0
2,0,4,4,52,89,84,86,92,95,105,148,114,117,87,69,76,54,35,12,13,14,13,10
8,10,12,15,34,54,76,124,152,137,144,149,143,135,94,73,55,40,28,24,26,14,8,6
13,10,5,22,60,73,101,131,142,132,128,169,162,143,116,79,87,32,10,9,3,0,0,0
5,0,8,13,103,108,119,132,134,133,131,155,154,129,103,100,103,51,13,13,8,6,6,0
5,3,6,57,102,114,122,131,150,145,152,143,139,130,84,89,74,53,13,12,13,12,4,5
15,10,22,71,99,91,111,124,157,165,168,153,146,128,117,124,87,51,23,12,7,8,4,0
8,0,13,103,114,103,140,138,149,193,175,143,143,143,127,116,102,51,20,19,13,13,9,2
0,3,15,108,123,131,142,136,140,149,166,141,149,151,148,128,115,102,16,5,7,7,1,1
7,4,46,108,127,135,137,135,123,112,118,132,146,147,142,131,114,100,13,10,8,5,6,1
4,13,64,101,118,129,136,126,116,109,108,123,138,141,137,132,118,104,26,11,12,10,8,6
8,13,47,103,104,112,116,116,108,108,100,111,115,130,132,113,107,103,50,13,12,6,6,0
10,11,63,73,87,110,113,112,104,101,85,86,123,119,118,114,80,101,19,11,0,9,8,7
3,21,58,65,85,105,111,105,97,76,72,71,101,113,105,108,107,78,37,13,10,10,9,1
6,8,36,66,78,81,79,65,46,47,53,63,71,110,109,100,78,53,11,11,8,7,10,4
3,6,50,66,90,102,70,54,52,48,50,50,62,83,78,71,54,23,11,11,10,9,7,5
7,20,35,150,128,74,61,54,52,55,50,52,64,111,126,115,61,52,9,5,9,0,6,0
12,22,79,104,102,51,50,56,46,26,36,51,54,80,141,135,66,54,10,14,0,0,0,3
13,35,64,75,71,56,48,31,21,50,32,51,51,60,79,84,65,51,14,15,1,0,0,0
10,39,60,71,59,55,53,50,33,31,28,21,51,52,58,58,52,22,16,12,0,0,0,0
15,27,45,68,57,58,32,33,34,31,13,20,50,14,59,56,42,14,11,0,0,0,0,5
11,50,57,37,55,52,48,17,13,26,27,16,13,57,51,62,12,11,7,0,0,0,0,0
8,52,57,55,32,40,10,21,13,21,29,28,34,51,44,30,12,6,5,0,0,0,0,0
14,54,56,56,52,25,33,29,12,12,33,31,39,52,51,14,10,6,0,0,0,0,0,0
11,50,55,57,52,46,26,23,7,33,50,50,49,39,46,52,12,5,7,0,0,0,0,0
21,29,53,34,25,14,34,21,14,20,14,24,18,48,50,33,20,3,1,0,0,0,0,0
13,25,24,22,6,9,11,13,25,12,11,14,41,13,47,30,14,12,12,0,0,0,0,0
8,37,29,14,10,10,10,1,7,12,11,14,8,41,51,50,10,1,8,6,1,4,4,7
11,57,13,13,11,3,8,2,5,5,12,13,7,14,59,22,12,7,0,1,4,1,0,4

1,79,222,117,81,51,14,10,14,4,62,54,68,62,72,105,82,64,61,43,11,6,4,9
10,101,107,101,98,97,127,72,81,102,67,63,90,56,52,51,55,71,68,56,16,8,0,12
11,46,76,72,55,73,94,37,60,64,76,80,11,38,60,54,73,96,81,63,20,4,0,10
6,24,52,59,51,31,40,14,42,10,36,11,8,13,6,10,97,79,61,35,5,0,2,6
5,14,36,38,43,25,28,39,34,41,37,14,27,5,8,3,54,52,18,0,0,0,0,0
10,13,20,16,41,44,35,19,32,37,51,52,49,48,30,47,42,32,2,4,0,0,0,0
8,8,11,7,10,60,55,57,63,67,70,76,81,89,76,68,63,13,0,0,0,3,0,0
0,0,0,0,10,66,67,75,89,94,79,90,120,111,90,80,72,2,0,0,0,2,0,0
0,0,0,0,7,71,87,111,125,124,112,130,134,118,117,87,61,52,14,11,4,2,4,3
0,4,8,0,36,66,101,147,160,171,174,170,182,156,117,90,69,12,24,14,8,7,12,1
0,4,0,9,26,77,124,170,207,223,220,204,197,194,152,95,71,50,13,7,4,5,5,0
9,0,0,8,32,69,123,211,269,284,260,195,218,233,194,126,84,54,32,6,0,0,0,0
13,5,0,9,41,79,113,220,264,244,231,220,264,263,223,141,89,58,31,0,6,1,0,0
0,0,0,3,33,111,133,197,198,193,192,187,209,266,226,130,108,82,31,10,26,4,2,0
0,0,0,0,44,108,126,131,144,155,155,163,165,149,120,102,106,56,21,14,11,39,5,4
0,0,0,0,32,90,116,111,130,135,148,159,127,109,90,99,94,53,10,13,1,10,1,0
2,0,3,3,52,88,84,86,91,94,104,146,112,116,87,69,76,53,33,12,13,14,13,10
8,10,12,14,33,53,75,122,150,135,143,147,141,133,93,73,54,40,27,24,26,14,8,6
13,10,4,21,58,72,99,130,141,131,127,167,161,142,115,78,86,29,9,8,3,0,0,0
5,0,7,13,103,108,118,131,133,132,130,153,152,129,101,100,103,51,13,12,8,6,7,0
5,3,6,58,102,114,122,130,149,144,151,142,138,129,83,88,74,53,13,11,13,11,4,5
15,10,22,72,99,90,111,124,157,164,167,152,145,127,117,124,87,51,22,11,7,7,4,0
8,0,13,103,114,103,140,138,149,193,175,142,143,142,127,116,102,51,19,19,12,12,9,2
0,3,17,108,123,131,142,136,141,149,166,141,148,151,147,128,115,102,16,5,7,7,1,1
6,3,47,108,127,135,137,134,123,112,118,131,146,147,142,131,114,100,13,10,8,5,6,1
3,13,64,101,118,129,136,126,116,109,108,123,138,140,137,132,118,104,25,11,12,10,8,6
8,13,47,103,104,112,116,116,108,108,100,111,115,129,132,113,107,103,48,13,12,6,5,0
10,11,63,73,87,110,113,112,103,101,86,86,123,119,118,114,80,101,19,11,0,9,8,7
3,21,58,65,85,105,111,105,97,76,72,71,101,113,105,108,107,78,36,13,10,10,9,1
6,8,36,66,77,81,79,65,46,48,53,63,72,110,109,100,78,53,11,11,8,7,10,4
2,6,50,67,91,102,70,53,52,48,50,50,62,83,78,72,54,24,11,11,10,8,7,5
7,20,35,151,128,74,61,54,52,54,50,52,64,111,126,115,61,52,9,5,9,0,5,0
12,22,79,104,102,51,50,56,46,28,38,51,54,81,142,136,66,54,10,14,0,0,0,3
12,36,64,75,71,56,49,31,21,50,32,51,51,61,79,84,65,51,14,15,1,0,0,0
10,39,60,71,59,55,53,50,34,30,29,22,51,52,58,58,52,23,17,12,0,0,0,0
15,27,45,68,57,58,32,34,34,31,13,19,50,14,59,56,43,14,11,0,0,0,0,5
11,50,57,38,55,52,49,17,13,26,26,19,13,57,51,62,12,11,7,0,0,0,0,0
8,52,57,55,32,40,10,19,13,22,28,30,36,51,42,29,12,6,5,0,0,0,0,0
14,54,56,56,52,25,33,27,12,12,32,31,39,52,51,14,10,6,0,0,0,0,0,0
11,50,55,57,52,45,26,23,7,33,50,50,50,39,46,52,13,5,7,0,0,0,0,0
22,29,53,36,26,14,38,21,14,22,14,25,20,50,50,33,21,4,1,1,0,0,0,0
13,25,24,22,6,9,11,13,26,12,12,14,43,13,47,30,14,13,12,0,0,0,1,0
8,38,30,14,10,10,10,1,7,12,11,14,8,41,51,50,10,1,8,6,1,4,4,7
11,58,13,13,12,3,8,2,5,5,12,13,7,14,59,22,12,7,0,1,4,1,0,4

2,84,218,120,86,55,14,10,14,5,60,51,66,61,71,104,80,64,61,44,11,6,4,9
10,104,109,103,100,100,134,75,79,100,64,60,83,55,52,51,55,71,68,57,19,8,0,12
11,53,80,73,55,75,96,36,57,58,73,74,11,41,60,55,73,97,83,66,21,4,0,10
6,30,54,59,52,33,41,13,13,7,29,11,8,13,5,10,100,79,61,38,5,0,2,6
6,15,36,40,44,25,37,46,31,30,34,13,21,5,7,3,54,53,29,0,0,0,0,0
11,14,20,17,41,47,35,21,35,36,50,51,49,46,30,46,43,33,2,5,0,0,0,0
8,8,11,7,10,60,55,56,62,66,68,75,80,87,75,67,63,13,0,0,0,3,0,0
0,0,0,0,9,65,67,74,87,91,77,88,118,110,89,79,73,0,0,0,0,2,0,0
0,0,0,0,6,70,85,109,122,122,110,128,134,118,117,87,62,53,16,11,4,2,4,3
0,4,8,0,31,65,99,144,159,172,174,172,184,158,118,91,70,13,23,14,8,7,12,1
0,4,0,9,23,75,122,169,211,227,223,208,201,197,155,97,74,51,14,7,4,5,5,0
10,0,0,8,32,68,121,211,274,290,264,197,221,237,197,128,86,54,33,7,0,0,0,0
13,5,0,9,39,77,111,222,272,247,231,222,271,271,227,142,90,59,32,0,7,0,0,0
0,0,0,2,28,110,131,198,200,193,192,188,212,273,227,130,108,82,32,10,29,3,2,0
0,0,0,0,41,108,125,131,145,155,156,163,165,150,122,103,106,56,22,14,11,38,5,4
0,0,0,0,31,89,115,111,130,135,148,159,127,110,91,100,95,53,10,13,1,10,1,0
2,0,3,3,51,88,84,86,91,94,104,146,112,116,87,69,77,54,34,12,13,14,13,10
8,10,12,14,33,53,74,122,150,135,142,147,142,134,93,73,55,40,27,23,25,14,8,6
13,10,3,20,58,71,99,129,140,130,127,167,160,142,115,78,86,30,9,8,3,0,0,0
4,0,7,13,103,108,118,131,133,132,130,153,152,128,101,100,103,51,13,12,8,6,7,0
5,2,6,57,102,114,121,129,148,144,149,141,137,129,83,88,75,53,13,11,13,11,4,4
14,10,22,72,98,89,110,123,156,163,167,152,144,126,116,123,87,51,22,11,7,7,3,0
8,0,13,103,114,102,139,138,149,193,174,142,142,142,127,116,102,51,19,19,12,12,8,2
0,3,17,108,122,131,141,136,140,149,165,141,148,150,147,128,115,102,17,5,6,7,0,0
6,3,47,108,127,135,137,134,123,112,118,131,146,147,142,131,114,100,13,10,8,5,6,1
3,13,64,101,118,129,136,126,116,109,108,123,138,140,137,132,118,104,26,11,12,10,8,6
8,13,47,103,104,112,116,116,108,107,100,111,115,129,132,113,107,103,48,13,12,5,5,0
10,11,63,73,87,110,113,112,103,101,85,86,123,119,118,114,80,101,19,11,0,9,8,7
3,20,58,65,85,105,111,105,97,75,73,71,101,113,105,108,107,79,37,13,10,10,9,1
6,8,36,66,78,81,79,65,46,48,53,63,72,110,109,100,78,53,11,11,8,6,10,4
3,6,50,67,91,102,70,53,52,48,50,50,62,83,78,72,54,25,10,11,10,8,7,5
7,20,35,152,129,74,61,54,52,55,50,52,64,111,126,116,61,52,10,5,9,0,6,0
12,22,79,104,102,51,50,56,47,28,36,51,54,81,142,136,66,54,10,14,0,0,0,3
13,35,64,75,71,56,49,31,21,50,32,51,51,61,79,84,65,51,14,15,1,0,0,0
10,39,60,71,58,55,53,50,34,30,28,22,51,52,58,58,52,22,17,12,0,0,0,0
15,27,45,68,57,58,31,34,36,31,13,23,50,14,59,56,43,14,11,0,0,0,0,5
11,50,57,37,55,52,48,18,13,27,28,18,13,57,51,62,12,11,7,0,0,0,0,0
8,52,57,55,32,40,10,20,13,22,28,30,36,51,42,30,12,6,5,0,0,0,0,0
14,54,56,56,52,25,33,28,12,12,34,31,39,52,51,14,10,6,0,0,0,0,0,0
11,50,55,57,52,46,26,23,7,33,50,50,50,39,46,52,13,5,7,0,0,0,0,0
22,29,53,34,26,14,35,21,14,22,14,25,20,50,50,33,20,4,1,1,0,0,0,0
13,25,24,23,6,9,11,13,26,12,11,14,41,13,48,31,14,13,12,0,0,0,1,0
8,40,29,14,10,10,10,2,7,12,11,14,8,42,52,50,10,1,8,6,1,4,4,7
11,58,13,13,11,4,8,2,5,5,12,13,7,14,59,22,12,7,0,1,4,1,0,4

1,84,205,120,89,55,14,10,14,5,55,50,66,61,71,104,80,63,60,40,10,6,4,9
10,104,110,103,101,100,138,81,83,101,67,62,85,57,53,53,55,70,67,56,16,8,0,12
11,55,81,72,55,81,102,38,60,64,81,87,13,64,71,59,73,95,79,63,18,4,0,10
6,34,54,59,51,35,42,14,18,9,29,11,8,50,7,11,98,77,59,35,5,0,2,6
6,16,37,41,44,26,42,46,33,11,26,13,16,4,8,2,53,52,14,0,0,0,0,0
11,14,21,18,41,48,40,27,35,36,50,50,47,45,29,46,42,30,2,4,0,1,0,0
8,9,12,7,10,60,55,56,62,66,68,74,79,87,75,67,63,12,0,0,0,3,0,0
0,0,0,0,10,65,67,74,88,92,77,88,117,109,89,80,73,0,0,0,0,1,0,0
0,0,0,0,8,71,86,109,122,122,110,126,130,115,116,87,62,52,14,10,4,1,3,3
0,4,7,0,34,66,100,144,158,170,172,166,177,152,114,90,69,12,14,13,7,7,12,1
0,4,0,12,28,76,123,168,208,225,219,200,193,190,151,95,73,51,14,7,3,5,5,0
10,0,0,8,31,69,123,212,272,285,259,194,216,232,195,128,86,54,30,6,0,0,0,0
13,4,0,9,40,79,114,225,266,242,229,221,262,263,226,144,92,59,34,0,6,1,0,0
0,0,0,2,33,111,134,197,195,192,192,188,206,258,231,134,109,83,31,10,27,4,2,0
0,0,0,0,40,108,125,130,145,156,156,164,166,149,121,105,107,57,25,14,11,39,5,4
0,0,0,0,31,89,115,111,131,136,149,160,128,111,91,100,96,53,10,13,1,10,1,0
2,0,3,3,51,87,84,86,91,95,104,147,113,117,87,69,76,54,34,12,13,14,13,10
8,10,11,13,32,53,74,123,151,136,143,148,142,134,93,73,55,40,27,23,25,14,8,6
13,10,3,20,56,71,98,130,141,131,128,168,162,143,115,78,86,27,9,8,3,0,0,0
4,0,7,13,103,107,117,131,133,133,130,154,153,129,101,98,102,51,13,12,8,6,7,0
5,2,6,56,102,113,120,129,149,144,151,142,138,128,81,87,74,52,13,11,13,11,4,4
15,10,22,71,97,88,110,123,156,163,167,151,144,126,116,123,86,51,21,11,6,7,3,0
7,0,13,103,113,102,139,137,148,193,174,141,142,141,126,116,102,51,18,18,12,12,8,1
0,3,16,108,122,131,141,135,140,149,165,140,148,150,147,128,115,102,16,4,6,7,0,1
6,3,46,109,127,135,137,134,123,112,118,131,145,147,142,130,114,100,13,10,8,5,6,1
3,13,64,101,118,129,136,125,116,109,108,123,138,140,137,132,118,104,25,11,12,10,8,6
8,13,47,103,104,112,116,116,108,108,101,111,115,129,132,113,107,103,48,13,12,5,5,0
10,11,63,73,87,110,113,112,103,101,85,86,123,119,117,114,80,101,17,11,0,8,8,7
3,21,58,66,85,105,111,105,97,76,72,71,101,113,105,108,107,78,36,13,10,9,9,1
6,8,36,66,77,81,79,65,46,48,53,63,72,110,109,100,78,53,11,11,7,6,10,4
3,6,51,66,91,102,70,53,52,48,50,50,62,83,78,71,54,25,10,11,10,8,7,5
7,20,35,152,129,74,61,54,52,55,50,52,65,111,126,115,61,53,10,5,9,0,6,0
12,22,80,104,102,51,50,56,48,27,38,51,54,81,144,137,66,54,10,14,0,0,0,3
13,36,64,76,71,56,49,31,22,50,32,51,51,61,80,86,65,52,14,15,1,0,0,0
10,39,60,71,59,55,53,50,34,31,28,23,51,52,58,58,53,23,17,12,0,0,0,0
15,27,45,68,57,58,33,34,35,32,13,22,50,14,59,56,44,14,11,0,0,0,0,5
11,50,57,38,55,52,50,19,13,27,27,20,13,57,51,62,12,11,7,0,0,0,0,0
8,52,57,55,32,40,11,21,13,22,28,29,37,51,43,32,12,6,5,0,0,0,0,0
14,54,56,56,52,25,35,30,12,13,33,31,39,52,51,14,10,6,0,0,0,0,0,0
11,50,55,57,52,47,26,25,7,34,50,50,49,39,47,52,13,5,7,0,0,0,0,0
22,29,53,36,26,14,36,21,14,21,14,24,21,50,50,33,21,4,1,1,0,0,0,0
13,25,25,22,6,9,12,13,26,12,11,14,43,13,49,33,14,13,12,0,0,0,1,0
8,40,30,14,10,10,10,1,7,12,11,14,8,41,52,50,10,1,8,6,1,4,4,7
11,58,13,13,12,4,8,2,5,5,12,13,7,14,59,22,12,7,0,1,4,1,0,4

3,92,203,115,84,55,14,11,16,13,69,58,69,62,71,104,79,63,60,40,10,5,4,8
10,104,109,102,100,100,133,79,91,105,71,66,89,56,53,52,55,70,67,56,17,8,0,12
11,54,80,72,55,76,96,38,61,68,84,90,13,57,63,55,73,96,82,65,21,5,0,10
6,31,54,59,52,32,41,14,30,11,37,13,8,14,5,9,99,79,61,38,5,0,2,6
6,16,36,41,44,26,36,44,36,24,41,25,31,3,8,3,55,53,26,0,0,0,0,0
11,14,21,17,41,49,41,28,37,39,52,53,50,49,33,51,46,37,3,5,0,0,0,0
8,9,12,8,10,60,55,57,63,68,70,76,81,89,78,69,65,14,0,0,0,3,0,0
0,0,1,0,9,65,67,74,89,93,80,91,121,113,92,83,77,6,0,1,0,1,0,0
0,0,0,0,7,71,85,109,123,123,111,128,133,119,118,90,64,53,15,10,3,2,3,2
0,4,7,0,30,65,98,142,157,168,172,166,179,154,118,93,70,13,16,13,6,7,12,1
0,4,0,11,22,75,120,164,203,222,216,198,193,190,153,98,75,51,13,7,3,4,4,0
10,0,0,8,29,68,121,208,267,282,255,193,214,230,195,129,88,54,30,6,0,0,0,0
13,4,0,9,39,78,113,223,260,240,230,221,259,258,224,145,94,59,32,0,6,0,0,0
0,0,0,1,28,111,134,192,193,193,194,189,206,254,230,135,109,84,31,10,25,4,1,0
0,0,0,0,37,108,124,130,145,157,158,165,168,149,121,106,107,57,26,14,11,38,4,4
0,0,0,0,30,89,115,112,131,137,150,161,129,112,92,101,97,53,10,13,1,10,1,0
2,0,3,3,50,86,84,86,92,95,105,148,114,118,87,69,77,54,34,12,13,14,13,10
8,10,12,13,31,53,74,123,152,138,144,150,144,135,94,73,55,40,27,23,25,14,8,6
13,10,3,19,54,70,98,130,142,133,129,169,163,143,115,77,85,27,9,9,2,0,0,0
4,0,7,13,102,106,117,131,134,133,131,155,154,129,101,94,102,50,13,12,8,6,7,0
5,2,6,54,101,112,120,129,149,145,151,143,138,128,80,85,73,51,13,11,13,11,3,4
15,10,21,71,95,87,109,122,156,163,167,151,144,125,115,122,85,50,19,11,6,7,3,0
7,0,12,103,113,101,138,137,148,192,174,141,141,140,126,115,101,51,17,18,12,12,8,1
0,2,15,108,122,130,141,135,140,149,164,140,147,149,147,128,115,102,15,4,6,7,0,1
6,3,46,108,126,134,137,134,123,112,118,130,145,146,142,130,114,100,13,10,8,5,6,1
3,13,64,101,118,128,136,125,116,109,108,123,138,140,137,132,118,104,26,11,12,10,8,6
8,13,47,103,104,112,116,116,108,107,100,111,115,129,132,113,107,103,47,13,12,5,5,0
10,11,63,73,87,110,113,112,103,101,85,86,123,119,118,114,81,101,17,11,0,8,8,7
3,21,59,65,85,105,111,105,96,76,72,71,101,113,105,108,107,79,36,13,10,9,9,1
6,8,36,66,77,81,79,65,46,48,53,63,72,110,109,100,78,53,11,11,7,6,10,4
2,6,51,66,90,102,70,53,52,48,50,50,62,83,78,72,54,26,10,11,10,8,6,5
7,20,35,152,129,74,61,54,52,55,50,52,65,111,126,115,61,53,10,5,9,0,6,0
12,22,80,105,103,51,50,56,48,27,40,51,54,82,144,137,66,54,10,14,0,0,0,3
13,36,65,76,71,56,50,31,22,50,32,51,51,61,80,86,65,52,14,15,1,0,0,0
10,39,60,71,59,55,53,50,34,31,28,23,51,52,58,58,53,23,17,12,0,0,0,0
15,27,45,68,57,58,33,34,36,31,13,23,50,14,60,56,44,14,11,0,0,0,0,5
11,50,57,38,55,52,49,20,13,27,28,19,13,57,51,63,12,11,7,0,0,0,0,0
8,52,57,55,32,40,11,21,13,22,29,29,37,51,44,32,12,6,6,0,0,0,0,0
14,54,56,56,52,25,34,29,13,12,33,32,39,52,51,15,10,6,0,0,0,0,0,0
11,50,55,57,52,46,26,25,7,35,50,50,50,39,46,52,13,6,7,0,0,0,0,0
22,29,53,36,28,14,37,22,14,22,14,27,21,50,50,33,21,4,2,1,0,0,0,0
13,25,25,22,7,9,12,13,26,12,12,14,44,13,49,33,14,13,12,0,0,0,1,0
8,38,29,14,10,10,10,1,7,12,11,14,8,41,51,50,10,1,9,6,1,4,4,7
11,57,13,13,11,4,8,2,5,5,12,13,7,14,59,22,12,7,0,1,4,1,0,4

3,92,208,116,84,55,14,11,16,13,68,56,68,61,71,104,79,63,60,40,10,6,4,9
11,105,109,102,100,100,132,77,86,104,68,64,87,55,52,51,55,70,67,56,19,8,0,12
11,56,81,72,55,75,94,37,60,65,79,87,13,53,61,54,73,97,81,65,21,5,0,10
6,35,55,59,52,32,40,14,18,10,38,13,9,13,5,9,100,79,61,37,5,0,3,6
6,17,37,42,45,25,36,44,35,24,41,26,35,4,9,4,55,53,24,0,0,0,0,0
11,14,22,18,42,50,42,29,38,39,52,54,51,50,34,51,46,37,3,5,0,0,0,0
8,9,12,8,10,60,56,57,64,68,70,77,82,90,78,70,65,14,0,0,0,3,0,0
0,0,1,0,10,66,68,75,90,94,81,92,122,113,92,82,76,6,0,1,0,2,0,0
0,0,0,0,8,71,86,110,124,125,113,130,135,120,119,90,64,54,16,10,3,1,3,2
0,5,7,0,35,66,100,144,159,172,174,169,181,156,118,93,70,13,18,13,7,7,12,1
0,4,0,12,25,75,121,167,207,225,220,202,195,192,153,98,75,51,13,7,3,4,5,0
10,0,0,7,29,68,121,209,270,286,258,194,215,231,195,129,88,54,30,6,0,0,0,0
13,3,0,9,39,77,112,221,265,242,228,219,260,260,224,144,94,59,31,0,6,0,0,0
0,0,0,1,23,111,132,195,195,191,191,187,204,255,228,134,109,83,29,10,26,3,1,0
0,0,0,0,35,108,124,130,144,155,155,163,165,149,121,105,107,57,25,14,11,37,4,4
0,0,0,0,29,89,115,111,130,135,148,159,127,111,91,100,97,53,10,13,1,10,1,0
2,0,3,2,50,87,84,86,91,94,104,147,113,117,87,69,77,54,33,12,13,14,13,10
8,10,11,13,32,53,74,122,150,136,143,148,142,134,93,73,55,40,27,22,24,14,8,6
13,10,2,21,54,70,98,129,141,131,128,168,162,143,115,77,85,29,8,8,2,0,0,0
4,0,7,13,103,107,117,131,133,132,130,154,153,129,101,96,102,51,13,12,9,6,6,0
5,3,6,56,102,112,120,129,149,144,151,142,138,128,80,86,74,52,13,11,13,11,3,4
14,10,21,71,96,88,110,122,156,163,167,151,144,125,115,123,86,50,20,11,6,7,3,0
7,0,13,103,113,102,139,137,148,193,174,142,142,141,126,116,101,51,18,18,12,12,8,1
0,2,17,108,122,131,141,136,140,149,166,141,148,150,147,128,115,102,16,4,6,7,0,0
6,3,46,108,127,135,137,134,123,112,118,131,145,147,142,130,114,100,13,10,8,5,6,1
3,13,64,101,118,128,136,125,116,109,108,123,138,140,137,132,118,104,26,11,12,10,8,6
8,13,47,103,104,112,116,116,108,107,100,111,115,129,132,113,107,103,47,13,12,5,5,0
10,11,63,73,87,110,113,112,103,101,86,86,123,119,118,114,80,101,17,11,0,8,8,7
3,21,58,66,85,105,111,105,97,76,73,71,101,113,105,108,107,78,37,13,10,9,9,1
6,8,36,66,77,81,79,65,46,48,53,63,72,110,109,100,78,54,11,11,7,6,10,4
2,6,50,67,91,102,70,53,52,48,50,50,62,83,78,71,54,26,10,11,10,8,6,5
8,20,35,153,129,74,61,54,52,54,51,52,65,111,126,115,61,53,10,5,9,0,5,0
12,22,79,104,103,51,50,56,48,28,40,51,54,82,144,137,66,54,10,14,0,0,0,3
13,36,65,76,71,56,50,31,22,50,33,51,51,61,80,86,65,52,15,15,2,0,0,0
10,39,60,71,59,55,53,50,34,30,28,24,51,52,58,58,52,24,18,12,0,0,0,0
15,27,45,68,57,58,33,34,34,32,13,22,50,14,59,56,44,14,11,0,0,0,0,5
11,50,57,38,55,52,50,19,13,28,28,20,13,58,51,62,13,11,7,0,0,0,0,0
8,52,57,55,32,41,11,21,13,22,29,30,37,51,44,32,12,6,6,0,0,0,0,0
14,54,56,56,52,25,34,29,12,12,34,31,40,52,51,14,10,6,0,0,0,0,0,0
11,50,55,58,52,47,26,23,7,35,50,51,50,39,47,52,13,6,7,0,0,0,0,0
22,29,53,35,26,14,36,21,14,22,14,26,22,50,50,33,21,4,2,1,0,0,0,0
13,25,24,22,7,10,12,13,26,12,12,14,45,13,50,31,14,13,12,0,0,0,1,0
8,39,30,14,10,10,10,2,7,12,11,14,8,42,52,50,10,1,9,6,1,4,4,7
11,58,13,13,12,4,8,3,5,5,12,13,7,14,59,22,12,7,0,1,4,1,0,4

3,93,207,116,84,55,14,11,17,13,68,56,68,61,71,104,78,63,60,40,11,6,4,9
11,105,110,103,100,100,133,78,87,104,68,64,87,55,52,51,54,70,68,56,17,8,0,12
11,57,82,72,56,76,95,37,60,65,81,88,13,54,62,54,74,97,82,64,21,5,0,10
6,36,55,59,52,33,40,14,20,11,37,13,9,14,5,9,100,79,61,37,5,0,3,6
6,18,37,44,45,26,36,46,36,24,43,27,35,4,9,4,55,53,23,0,0,0,0,0
11,14,22,18,42,50,42,30,38,39,52,54,51,50,34,51,45,36,3,5,0,0,0,0
9,9,12,8,10,60,56,57,64,68,70,77,82,90,78,70,65,14,0,0,0,3,0,0
0,0,1,0,10,66,68,75,90,94,81,92,122,113,92,82,76,5,0,1,0,2,0,0
0,0,0,0,9,71,86,111,124,126,114,130,136,120,119,90,64,54,18,10,4,2,3,3
0,5,7,0,35,66,99,144,160,173,176,172,184,158,119,93,71,14,19,13,7,7,12,1
0,4,0,12,25,75,121,166,208,229,223,205,199,195,154,99,76,52,13,7,3,4,5,0
10,0,0,7,29,67,119,206,271,289,263,196,219,234,196,129,87,54,30,6,0,0,0,0
13,3,0,8,38,76,109,217,267,245,230,220,262,258,221,142,93,59,28,0,6,0,0,0
0,0,0,1,18,110,131,196,199,191,190,185,207,260,225,133,109,83,27,10,25,3,1,0
0,0,0,0,33,107,124,131,144,154,154,162,164,149,123,104,106,57,22,14,10,37,4,4
0,0,0,0,29,88,115,111,130,134,147,158,126,109,91,100,96,53,10,13,1,10,1,0
2,0,3,2,51,87,83,85,91,94,103,146,112,116,87,69,77,54,31,12,13,14,13,10
8,10,11,13,32,52,73,121,148,135,142,146,141,133,93,73,55,40,27,22,23,14,7,6
12,10,2,22,56,70,98,129,140,130,127,167,160,142,114,77,85,27,8,8,2,0,0,0
4,0,7,13,103,107,117,130,133,132,130,153,151,128,101,97,102,51,13,12,9,5,6,0
5,3,6,57,102,113,120,129,148,144,150,142,137,128,80,86,74,53,13,11,13,11,3,4
14,10,22,72,97,89,110,122,156,163,167,151,144,125,115,123,86,51,20,11,6,7,3,0
7,0,13,103,113,102,139,138,149,193,175,141,142,141,126,116,102,51,18,18,12,12,8,1
0,3,18,108,122,131,141,136,141,149,166,140,148,149,147,128,115,102,16,4,6,7,0,0
6,3,47,108,126,135,137,134,123,112,118,131,145,146,142,130,114,100,13,10,8,5,6,1
3,13,64,101,118,128,136,125,116,109,108,123,138,140,137,132,118,104,25,11,12,10,8,6
8,13,47,103,104,112,116,116,108,108,100,111,115,129,132,113,107,103,48,13,12,5,5,0
10,11,63,73,87,110,113,112,103,101,86,86,123,119,118,114,80,101,19,11,0,8,8,7
3,21,58,65,85,105,111,105,97,76,72,71,101,113,105,108,107,79,37,13,10,9,9,1
6,8,36,66,78,81,79,65,46,48,53,63,72,110,109,100,78,53,11,11,7,6,10,4
3,6,51,67,91,102,70,54,52,48,51,50,62,83,78,72,54,27,10,11,10,8,6,5
8,20,35,153,130,74,61,53,52,54,50,52,65,112,126,116,61,53,10,5,9,0,5,0
12,22,80,104,102,51,50,56,49,29,41,51,54,82,144,137,66,54,10,14,0,0,0,3
13,36,64,76,71,56,50,31,22,50,32,51,51,61,80,85,65,52,14,15,2,0,0,0
10,39,60,71,59,55,53,50,34,31,29,23,51,52,58,58,53,23,18,12,0,0,0,0
15,27,45,68,57,58,32,34,35,32,13,22,50,14,59,56,43,14,11,0,0,0,0,5
11,50,57,38,55,52,49,18,13,27,26,22,13,57,51,63,12,11,7,0,0,0,0,0
8,52,57,55,32,40,11,21,13,22,29,30,37,51,43,31,12,6,6,0,0,0,0,0
14,54,56,56,52,25,34,29,13,12,33,32,40,52,51,14,10,6,0,0,0,0,0,0
11,50,55,57,52,46,26,23,7,35,50,50,50,39,47,52,13,6,7,0,0,0,0,0
21,29,53,36,26,14,35,21,14,21,14,26,21,50,50,33,21,4,2,1,0,0,0,0
13,25,25,23,7,9,12,13,26,12,11,14,45,13,48,33,14,13,12,0,0,0,1,0
8,40,30,14,10,10,10,2,7,12,11,14,8,41,51,50,10,1,8,6,1,4,4,7
11,58,13,13,12,4,8,3,5,5,12,13,7,14,59,22,12,7,0,1,4,1,0,4

4,93,207,115,83,55,14,11,17,13,68,57,68,61,70,104,78,63,60,40,11,6,4,9
11,105,109,102,100,100,131,77,86,104,68,64,87,56,52,51,54,71,68,56,20,8,0,12
11,58,83,72,56,75,93,37,60,64,80,88,13,53,61,54,74,97,82,65,23,5,0,10
6,37,55,60,52,33,40,14,16,11,37,13,9,14,5,9,100,79,61,37,5,0,3,6
6,18,38,45,46,26,35,46,35,25,45,30,37,5,9,4,55,53,24,0,0,0,0,0
11,14,22,18,42,50,42,31,39,40,53,54,51,50,34,51,45,37,3,5,0,0,0,0
9,9,12,8,10,60,57,57,64,68,70,76,81,89,78,70,64,14,0,0,0,3,0,0
0,0,1,0,11,66,68,76,90,94,81,92,121,112,91,82,76,5,0,1,0,2,0,0
0,0,0,0,9,72,86,110,125,126,114,131,136,120,119,90,64,54,20,10,4,2,3,3
0,5,8,0,37,66,99,144,160,174,177,173,185,159,119,93,71,14,20,14,7,7,12,1
0,4,0,12,26,75,120,166,210,232,225,208,203,197,155,100,76,52,14,7,3,4,5,0
10,0,0,8,30,67,118,206,274,295,269,199,223,236,196,129,88,54,31,6,0,0,0,0
13,3,0,8,38,75,107,212,268,253,235,224,265,258,219,141,92,58,27,0,6,0,0,0
0,0,0,1,16,109,129,195,207,194,191,187,209,261,223,132,109,82,27,10,25,3,1,0
0,0,0,0,33,107,124,132,145,154,154,162,164,150,124,104,106,57,22,14,11,37,4,4
0,0,0,0,30,89,115,111,130,134,147,157,126,109,91,100,96,53,10,13,1,10,1,0
2,0,3,3,51,87,83,85,90,94,103,146,112,116,87,69,76,54,33,12,13,14,13,9
8,10,11,13,33,53,73,121,148,134,141,146,141,133,93,73,55,40,26,22,23,14,7,6
13,10,2,23,56,70,98,129,140,130,127,166,160,142,114,77,85,27,8,8,2,0,0,0
4,0,7,13,103,107,117,130,132,132,129,152,151,128,101,97,102,51,13,12,9,5,6,0
5,3,6,58,102,113,120,129,148,143,149,141,137,128,80,86,74,52,13,11,13,11,3,4
14,10,22,72,97,89,110,123,155,163,167,150,144,125,115,123,86,50,19,11,6,7,2,0
7,0,14,103,114,102,139,138,149,193,175,141,142,141,126,116,101,51,18,18,12,12,8,1
0,3,20,108,122,131,141,136,140,149,166,140,148,149,147,128,115,102,16,4,6,7,0,0
6,3,47,109,126,135,137,134,123,111,118,131,145,146,142,130,114,100,13,10,8,5,6,1
3,13,65,101,118,129,136,125,116,109,108,123,138,140,137,132,118,104,26,11,12,10,8,6
8,13,47,103,104,112,116,116,108,108,100,111,115,129,132,113,107,103,48,13,12,5,5,0
10,11,63,73,87,110,113,112,103,101,85,86,123,119,118,114,80,101,17,11,0,8,8,7
3,21,59,65,85,105,111,105,97,76,73,71,101,113,105,108,107,78,36,13,10,9,9,1
6,8,36,66,77,81,79,65,46,48,53,63,72,110,109,100,78,53,11,11,7,6,10,4
3,6,51,67,91,102,70,53,52,48,50,50,62,84,78,72,54,27,10,11,10,8,7,5
8,20,35,155,130,74,61,54,52,54,51,52,65,112,127,116,61,53,10,5,9,0,5,0
12,23,79,104,102,51,50,56,47,28,38,51,54,82,144,137,66,54,10,14,0,0,0,3
13,35,65,76,71,56,49,30,21,50,32,51,51,61,79,85,65,51,14,15,2,0,0,0
10,39,60,71,59,55,53,50,34,31,30,22,51,52,58,58,52,24,18,12,0,0,0,0
15,27,45,68,57,58,32,34,35,31,13,22,50,14,59,56,43,14,11,0,0,0,0,5
11,50,57,37,55,52,48,19,13,26,29,21,13,58,51,63,12,11,7,0,0,0,0,0
8,52,57,55,32,40,11,21,13,22,29,32,37,51,44,32,12,6,6,0,0,0,0,0
14,54,56,56,52,25,34,28,13,12,33,32,39,52,51,14,10,6,0,0,0,0,0,0
11,50,55,57,52,46,26,23,7,34,50,50,50,39,46,52,13,6,7,0,0,0,0,0
22,29,53,35,26,14,36,21,15,21,14,29,25,50,50,33,21,4,2,1,0,0,0,0
13,25,24,23,6,9,12,13,26,12,12,14,44,13,49,31,14,13,12,0,0,0,1,0
8,40,30,14,10,10,10,2,7,12,11,14,8,42,52,50,10,2,9,6,1,4,4,7
11,58,13,13,12,4,8,2,5,5,12,13,7,14,59,22,12,7,0,1,4,1,0,4

4,93,206,114,82,54,14,11,17,13,68,56,68,61,70,104,78,63,60,40,11,6,4,9
11,106,109,102,100,100,132,77,86,104,68,64,87,56,52,51,55,71,68,56,20,8,0,12
11,58,83,72,56,75,93,37,59,64,81,88,13,54,61,54,75,97,82,65,23,5,0,10
6,39,56,60,52,33,41,14,17,11,37,13,9,14,5,10,100,80,61,39,5,0,3,6
6,18,39,45,45,26,36,46,36,28,44,32,38,4,9,5,56,53,29,0,0,0,0,0
11,14,22,18,42,50,41,31,39,39,53,54,51,50,34,51,47,37,3,5,0,0,0,0
9,9,12,8,10,60,57,57,64,67,69,76,82,89,78,70,65,14,0,0,0,3,0,0
0,0,1,0,11,66,68,75,89,92,80,92,121,112,92,82,76,6,0,1,0,2,0,0
0,0,0,0,9,71,86,109,122,124,112,131,137,121,119,90,64,54,20,11,4,2,3,3
0,5,8,0,37,66,99,142,158,173,177,174,186,160,120,94,72,14,22,14,7,7,12,1
0,4,0,12,27,75,120,165,212,234,225,210,205,198,156,100,77,52,14,7,3,4,5,0
10,0,0,8,30,67,118,206,277,299,273,202,225,237,197,129,88,54,30,6,0,0,0,0
13,4,0,8,37,74,107,211,270,259,240,226,266,258,220,141,92,58,28,0,6,0,0,0
0,0,0,1,15,109,128,194,211,196,192,187,209,260,224,132,109,82,25,10,25,3,1,0
0,0,0,0,33,107,124,133,145,154,154,162,164,149,123,104,106,57,21,14,11,37,4,4
0,0,0,0,30,88,115,111,130,134,147,157,126,109,91,100,96,53,10,13,1,10,1,0
2,0,3,3,51,87,83,85,91,94,103,146,112,116,87,69,77,55,33,12,13,14,13,9
8,10,11,13,33,53,73,121,148,134,142,145,141,133,93,73,55,40,26,22,23,14,7,5
13,10,2,23,57,70,98,129,140,130,126,166,160,142,114,77,85,25,8,8,2,0,0,0
4,0,7,13,103,107,117,130,132,131,129,152,151,128,100,96,102,50,13,12,9,5,6,0
5,3,7,58,102,113,120,129,148,143,149,141,137,127,80,86,74,51,13,11,13,11,3,3
15,10,22,72,97,89,110,122,155,162,166,150,143,125,115,122,86,50,19,11,6,7,2,0
7,0,14,103,113,102,139,137,148,193,174,141,142,140,126,115,101,51,18,18,12,12,8,1
0,3,20,108,122,131,141,135,140,149,165,140,148,149,147,128,115,102,17,4,6,7,0,0
6,3,47,108,126,135,137,134,123,111,118,131,145,146,142,130,113,100,13,10,8,5,6,1
3,13,64,101,118,128,136,125,116,109,108,123,138,140,137,132,118,104,26,11,12,10,8,6
8,13,47,103,104,112,116,116,108,107,100,111,115,129,132,113,107,103,47,13,12,5,5,0
10,11,63,73,87,110,113,112,103,101,86,86,123,119,118,114,80,101,17,11,0,8,8,7
3,21,59,65,85,105,111,105,97,76,73,71,101,113,105,108,107,78,36,13,10,9,9,1
6,8,36,67,78,81,79,65,46,48,53,63,72,110,109,100,79,53,11,11,7,6,10,4
3,6,51,67,91,102,70,53,52,48,51,50,62,83,78,72,54,28,10,11,10,8,6,5
8,20,35,155,130,74,61,54,52,54,51,52,64,111,127,116,61,53,10,5,9,0,5,0
12,22,79,104,102,51,50,56,48,27,41,51,54,82,144,137,66,54,10,14,0,0,0,3
13,36,65,76,71,56,49,30,22,50,32,51,51,61,80,85,65,51,15,15,2,0,0,0
10,39,60,71,59,55,53,50,34,31,28,23,51,52,58,58,52,24,17,12,0,0,0,0
15,27,45,68,57,58,32,34,35,31,13,21,50,14,59,56,44,14,11,0,0,0,0,5
11,50,57,38,55,52,50,18,13,28,27,23,13,58,51,63,13,11,7,0,0,0,0,0
8,52,57,55,32,40,11,21,13,22,29,31,38,51,45,33,12,6,6,0,0,0,0,0
14,54,56,56,52,25,33,29,13,12,34,32,39,52,51,14,10,6,0,0,0,0,0,0
11,50,55,58,52,47,26,23,7,35,50,50,50,39,46,52,13,6,7,0,0,0,0,0
22,29,53,36,26,14,35,21,14,21,14,25,22,50,50,33,21,4,2,1,0,0,0,0
13,25,25,24,7,9,12,13,26,12,12,14,44,13,49,33,14,13,12,0,0,0,1,0
8,39,30,14,10,10,10,2,7,12,11,14,8,42,52,50,10,1,9,6,1,4,4,7
11,58,13,13,12,4,8,2,6,5,12,13,7,14,59,24,12,7,0,1,4,1,0,4

4,93,206,114,82,54,14,11,16,13,68,56,68,61,70,103,78,63,60,40,11,6,4,9
11,106,109,102,100,100,132,77,86,104,68,63,87,56,52,51,54,71,68,56,20,9,0,12
11,59,83,72,55,75,93,37,59,64,81,88,12,54,61,54,75,97,82,64,23,5,0,10
6,37,56,60,52,33,40,14,16,11,38,13,9,14,5,9,100,79,61,38,5,0,3,6
6,18,39,45,46,26,36,46,35,28,45,33,38,5,9,5,56,53,26,0,0,0,0,0
11,14,23,18,42,50,42,31,39,40,53,54,51,51,35,51,47,37,3,5,0,0,0,0
9,9,12,8,10,61,56,57,64,67,70,77,82,90,78,70,65,14,0,0,0,3,0,0
0,0,1,0,11,66,68,75,90,93,81,93,122,113,92,82,76,6,0,1,0,2,0,0
0,0,0,0,9,72,86,109,123,124,113,131,137,120,119,90,64,54,20,10,3,2,3,3
0,5,8,0,37,66,98,142,157,172,177,173,185,158,119,93,71,14,20,14,7,7,12,1
0,4,0,12,26,75,120,165,209,232,224,207,202,196,154,99,76,52,14,7,3,4,5,0
10,0,0,8,30,67,119,207,275,297,271,199,222,235,196,129,88,54,30,6,0,0,0,0
13,4,0,9,38,75,108,215,270,257,241,226,264,258,221,143,93,58,29,0,6,0,0,0
0,0,0,1,17,110,129,195,207,197,195,189,208,256,226,134,109,84,28,10,26,3,1,0
0,0,0,0,33,107,124,132,146,157,157,164,166,149,123,105,107,57,25,14,11,38,4,4
0,0,0,0,30,89,115,111,131,135,148,159,127,110,91,100,97,53,10,13,1,10,1,0
2,0,3,3,50,87,84,86,91,95,104,147,113,117,87,69,77,54,32,12,13,14,13,10
8,10,11,13,32,53,74,122,150,136,142,147,142,134,93,73,55,40,26,22,23,14,7,6
13,10,2,21,56,70,97,129,140,131,128,168,161,143,114,77,84,25,8,8,2,0,0,0
4,0,7,13,103,107,116,130,133,132,130,153,152,128,100,95,102,50,13,12,9,5,6,0
5,3,6,56,102,112,119,129,148,144,150,142,137,127,79,85,73,51,12,11,13,11,3,4
15,10,21,71,96,88,109,122,155,162,167,150,143,124,114,122,85,50,18,11,6,7,2,0
7,0,13,103,113,101,138,137,148,193,174,141,141,139,126,115,101,51,17,18,12,12,8,1
0,2,19,108,122,130,141,135,140,148,165,140,147,149,147,128,114,102,15,4,6,7,0,0
6,3,47,108,126,134,137,133,123,111,117,130,145,146,141,130,113,100,13,10,8,5,6,1
3,13,64,101,118,128,136,125,116,109,108,123,138,140,137,132,118,104,25,11,12,10,8,6
8,13,47,103,104,112,116,115,108,107,100,111,115,129,132,113,107,103,48,13,12,6,5,0
10,11,63,73,87,110,113,112,103,101,86,86,123,119,117,114,80,101,17,11,0,8,8,7
3,21,58,65,85,105,111,105,97,75,72,72,101,113,105,108,107,78,36,13,10,9,9,1
6,8,36,66,77,81,79,65,46,48,53,63,72,110,109,100,78,54,11,11,7,6,10,4
3,6,51,67,91,102,70,53,52,48,51,50,62,83,78,71,54,29,10,11,10,8,6,5
8,20,35,154,130,74,61,54,52,55,51,52,65,112,127,116,61,53,10,5,9,0,6,0
12,22,79,104,102,51,50,56,49,28,40,51,54,82,145,138,66,54,10,14,0,0,0,3
13,36,65,76,71,56,50,31,23,50,33,51,51,61,80,86,65,52,15,16,2,0,0,0
10,39,60,71,59,55,53,50,34,32,28,23,51,52,58,58,53,24,18,12,0,0,0,0
15,27,45,68,57,58,33,34,36,32,13,24,50,14,59,56,44,15,11,0,0,0,0,5
11,50,57,38,55,52,50,20,13,27,28,21,13,58,51,63,13,11,7,0,0,0,0,0
8,52,57,55,32,40,11,21,13,22,29,30,37,51,45,33,12,6,6,0,0,0,0,0
14,54,56,56,52,25,34,29,13,12,33,32,39,52,51,15,10,6,0,0,0,0,0,0
11,50,55,58,52,48,26,24,7,34,50,50,50,39,48,53,13,6,7,0,0,0,0,0
22,29,53,36,28,14,35,22,14,22,14,24,22,50,50,34,21,5,2,1,0,0,0,0
13,25,25,23,7,9,12,13,26,12,12,14,44,14,49,35,14,13,12,0,0,0,1,0
8,40,30,14,10,10,10,2,7,12,11,14,8,42,52,50,10,2,9,6,1,4,4,7
11,58,13,13,12,4,8,2,5,5,12,13,7,14,59,23,12,7,0,1,4,1,0,4

4,94,207,114,82,53,14,11,17,13,68,57,68,61,70,103,78,62,60,40,11,6,4,9
11,106,110,102,100,100,131,76,86,103,67,63,87,55,52,51,55,71,68,56,20,9,0,12
12,59,83,72,56,75,92,37,59,64,82,88,12,53,61,54,75,98,81,65,23,5,1,10
6,40,56,60,52,34,40,14,15,11,39,13,9,13,5,9,100,79,61,39,5,0,3,6
6,19,40,46,46,26,36,46,35,28,45,35,41,5,9,5,56,53,26,0,0,0,0,0
11,14,23,19,42,50,43,32,39,40,53,55,52,51,35,52,47,37,3,5,0,0,0,0
9,9,13,8,10,61,57,58,65,68,70,77,82,90,79,71,65,15,0,0,0,3,0,0
0,0,1,0,11,66,69,76,91,95,81,93,123,114,93,83,77,7,0,1,0,2,0,0
0,0,0,0,10,72,86,110,124,125,114,131,136,121,119,90,64,54,20,10,3,1,3,3
0,5,8,0,37,66,99,143,158,171,176,171,183,156,118,93,71,14,18,13,7,7,12,1
0,4,0,12,26,75,121,165,208,230,222,204,198,193,153,99,76,52,14,7,3,4,5,0
10,0,0,8,30,67,120,208,274,294,267,197,220,233,195,129,88,54,30,6,0,0,0,0
13,4,0,9,38,75,109,216,269,255,241,227,263,257,221,143,94,58,30,0,6,0,0,0
0,0,0,1,17,110,130,195,205,198,196,190,209,253,226,135,109,84,28,10,27,3,1,0
0,0,0,0,33,107,124,132,146,158,158,165,167,150,122,106,107,58,26,14,11,37,4,4
0,0,0,0,30,89,115,112,131,136,149,160,128,111,91,100,98,53,10,13,1,10,1,0
2,0,3,3,50,86,84,86,92,95,105,148,114,118,87,69,77,55,33,12,13,14,13,10
8,11,12,13,32,52,74,123,151,137,144,149,143,135,94,73,55,40,27,22,24,14,8,5
13,11,0,19,55,70,97,129,141,132,129,169,162,143,115,77,84,25,8,8,2,0,0,0
5,0,7,13,102,106,116,130,133,133,131,155,153,129,100,92,101,50,12,12,9,5,7,0
5,2,6,55,101,111,119,128,148,144,151,142,137,127,78,84,73,51,12,11,13,11,3,4
15,10,21,71,95,86,108,121,155,162,166,150,143,123,114,121,84,50,18,11,6,7,2,0
7,0,13,103,113,100,138,136,147,192,173,140,140,139,125,115,101,50,16,17,11,12,8,1
0,2,17,108,122,130,140,135,139,148,164,139,146,148,147,127,114,102,14,4,6,7,0,0
6,3,46,108,126,134,137,133,122,111,117,130,144,146,141,130,113,100,13,10,8,5,6,1
3,13,64,101,118,128,136,125,116,109,108,122,137,140,137,132,118,104,25,11,12,10,8,6
8,13,47,103,104,112,116,115,108,108,100,111,115,129,132,113,107,103,48,13,12,5,5,0
10,11,63,73,87,110,113,112,103,101,86,86,123,119,117,114,80,101,17,11,0,8,8,7
3,21,59,65,85,105,111,105,97,77,72,71,101,113,105,108,107,78,36,13,10,9,9,1
6,8,36,66,77,81,78,65,46,48,53,63,72,110,109,100,78,54,11,10,7,5,10,4
3,6,51,67,91,102,70,53,52,48,50,50,62,83,78,72,54,30,10,11,10,8,6,5
8,20,35,154,130,74,61,53,52,55,50,52,65,112,127,116,61,53,11,5,9,0,6,0
12,22,80,104,103,51,50,56,48,29,40,51,54,82,145,138,66,54,10,14,0,0,0,3
13,36,65,76,71,56,49,31,23,50,33,51,51,61,80,86,65,52,15,15,2,0,0,0
10,39,60,71,59,55,53,50,34,32,29,23,52,52,58,58,53,25,18,12,0,0,0,0
16,27,46,68,57,59,32,34,36,31,13,24,50,14,59,56,44,15,12,0,0,0,0,5
11,50,57,38,55,52,49,20,13,27,30,22,13,58,51,63,13,11,7,0,0,0,0,0
8,52,57,55,32,40,11,21,13,22,29,32,37,51,46,33,12,6,6,0,0,0,0,0
14,54,56,56,52,25,33,30,13,12,34,32,39,52,51,15,10,6,0,0,0,0,0,0
11,50,55,57,52,47,26,25,7,36,50,50,50,39,48,53,13,6,7,0,0,0,0,0
22,29,53,36,27,14,36,22,14,23,14,25,24,50,50,34,22,5,2,1,0,0,0,0
13,25,25,23,7,9,12,13,26,12,12,14,45,13,49,33,14,13,12,0,0,0,1,0
8,40,30,14,10,11,10,2,8,12,11,15,9,43,52,50,10,2,9,6,1,5,4,7
11,58,13,13,12,4,8,3,5,5,12,13,7,14,59,24,12,7,0,1,4,1,0,4

4,94,207,114,82,54,14,11,17,13,67,56,68,61,70,103,78,62,60,40,11,6,4,9
11,106,110,102,100,100,131,76,85,103,67,63,87,56,52,50,55,70,68,56,20,9,0,12
12,59,83,73,56,74,92,37,59,63,81,90,13,53,61,54,75,97,82,65,23,5,1,10
6,40,56,60,52,33,40,14,14,11,39,13,9,13,5,9,100,79,61,38,5,0,3,6
6,20,40,47,46,26,35,46,34,28,46,36,42,5,9,5,56,53,26,0,0,0,0,0
11,14,23,19,42,50,44,32,40,41,53,55,52,51,35,52,48,38,3,5,0,0,0,0
9,9,13,8,11,61,57,58,65,68,71,77,82,90,79,71,65,16,0,0,0,3,0,0
0,0,1,0,12,67,69,76,91,95,82,94,123,114,93,83,77,7,0,2,0,2,0,0
0,0,0,0,10,72,87,111,125,126,115,132,137,121,119,91,65,54,23,11,3,2,3,3
0,5,8,0,39,66,99,144,160,173,177,173,184,158,119,94,72,14,19,14,7,7,12,1
0,4,0,12,27,75,120,166,210,231,224,207,200,195,155,100,77,53,14,7,3,4,5,0
10,0,0,8,30,67,119,207,275,295,269,198,221,234,197,130,88,54,30,6,0,0,0,0
13,4,0,8,38,75,108,215,270,255,239,225,263,258,221,143,94,59,29,0,6,0,0,0
0,0,0,1,15,109,129,195,207,197,194,189,209,256,225,134,109,83,28,10,27,3,1,0
0,0,0,0,33,107,124,132,146,156,156,164,166,149,122,105,107,57,26,14,11,37,4,4
0,0,0,0,30,89,115,111,130,135,148,158,127,110,91,100,97,53,10,13,1,10,1,0
2,0,3,2,50,87,84,86,91,94,104,147,113,117,87,69,77,54,33,12,13,14,13,9
8,11,12,12,32,52,74,122,150,136,142,148,142,134,93,73,55,40,27,22,23,14,7,5
13,11,0,19,55,70,97,129,141,131,128,168,161,143,114,77,84,25,8,8,2,0,0,0
5,0,7,13,103,106,116,130,133,132,130,153,152,128,100,93,102,50,12,12,9,5,6,0
5,3,6,56,101,112,119,129,148,144,150,141,137,127,79,85,73,51,12,11,13,11,3,3
14,10,21,71,95,87,109,122,155,162,166,150,143,123,114,122,85,50,18,11,6,6,2,0
7,0,13,103,113,101,138,137,148,193,174,140,140,139,126,115,101,50,17,17,11,11,8,1
0,3,19,108,122,130,141,135,140,148,165,140,147,149,147,128,114,102,15,4,6,6,0,0
6,3,47,108,126,134,137,133,123,111,117,130,145,146,142,130,113,100,13,10,8,5,6,1
3,13,64,101,118,128,136,125,116,109,108,122,137,140,137,132,118,104,26,11,12,10,8,6
8,13,47,103,104,112,116,115,108,108,100,111,115,129,132,113,107,103,48,13,12,5,5,0
10,11,63,73,87,110,113,112,103,101,85,86,123,119,117,114,80,101,17,11,0,8,8,7
3,21,59,65,85,105,111,105,97,76,72,71,101,113,105,108,107,78,36,13,10,9,9,1
6,8,36,66,77,81,78,65,46,48,53,63,72,110,109,100,78,54,11,11,7,5,10,4
3,6,51,67,91,102,70,53,52,48,50,50,62,83,78,72,54,30,10,11,10,8,6,5
8,20,35,155,130,74,61,53,52,55,50,52,65,112,127,116,61,53,11,5,9,0,6,0
12,22,80,105,103,51,50,56,48,29,39,51,54,82,145,138,66,54,10,14,0,0,0,3
13,36,65,76,71,56,50,31,23,50,34,51,51,61,80,86,65,52,15,15,2,0,0,0
10,39,60,71,59,55,53,50,34,32,29,23,51,52,58,58,53,25,19,12,0,0,0,0
15,27,45,68,57,58,33,34,36,32,13,23,50,14,60,56,44,15,12,0,0,0,0,5
11,50,57,37,55,52,49,20,13,27,29,22,13,58,51,63,13,11,7,0,0,0,0,0
8,52,57,55,32,40,11,21,13,22,29,30,37,51,46,33,12,6,6,0,0,0,0,0
14,54,56,56,52,25,34,28,13,12,33,32,40,52,51,15,10,6,0,0,0,0,0,0
11,50,55,57,52,48,26,24,8,36,50,51,50,39,47,53,13,6,8,0,0,0,0,0
22,29,53,36,27,14,36,22,15,21,14,26,22,50,50,34,21,5,2,1,0,0,0,0
13,25,25,24,7,10,12,13,26,12,12,14,45,14,49,33,14,13,12,0,0,0,1,0
8,40,30,14,10,11,10,2,7,12,11,14,8,43,52,50,10,2,9,6,1,5,4,7
11,58,13,13,12,4,8,3,6,5,12,13,7,14,59,24,12,7,0,1,4,1,0,4

4,94,207,114,82,54,14,11,17,13,67,56,68,61,70,103,78,62,60,40,11,6,4,9
11,106,110,102,100,100,131,76,85,103,67,63,87,55,52,50,55,71,68,56,21,9,0,12
12,60,83,73,56,74,92,37,59,63,81,90,12,53,61,54,75,98,82,65,26,5,1,10
6,40,56,60,52,34,40,14,14,11,38,13,10,13,5,9,100,79,61,38,5,0,3,6
6,20,40,47,46,26,36,46,34,28,46,38,42,5,9,5,57,53,27,0,0,0,0,0
11,14,23,19,43,50,43,32,40,41,53,55,52,51,35,52,47,38,3,5,0,1,0,0
9,9,13,8,11,61,57,58,65,68,71,77,82,90,79,71,65,17,0,0,0,4,0,0
0,0,1,0,12,66,69,76,92,95,82,94,124,114,93,83,77,8,0,2,0,2,0,0
0,0,0,0,10,72,87,111,125,127,115,133,139,122,120,91,65,54,25,11,4,2,3,3
0,5,8,0,40,67,100,144,160,175,179,175,187,161,121,94,72,19,21,14,7,7,12,1
0,4,0,12,28,75,120,166,212,234,226,210,205,199,157,101,78,53,14,7,3,4,5,0
10,0,0,8,30,67,118,206,275,297,272,199,224,237,198,130,88,54,30,6,0,0,0,0
13,4,0,8,37,74,107,212,270,258,239,225,264,257,220,142,93,58,27,0,6,0,0,0
0,0,0,1,14,109,128,194,211,197,193,187,209,258,223,133,109,82,27,10,27,3,1,0
0,0,0,0,32,107,124,133,145,155,155,162,165,150,123,104,106,57,22,14,11,35,4,4
0,0,0,0,30,88,115,111,130,135,147,158,126,109,91,100,96,53,10,13,1,10,1,0
2,0,3,2,51,87,84,85,91,94,103,146,112,116,87,69,77,54,33,12,13,14,13,9
8,11,11,12,32,52,73,121,148,134,142,146,141,133,93,73,55,40,26,21,23,14,7,5
13,11,0,21,56,70,97,129,140,130,127,166,160,142,114,77,85,26,8,8,2,0,0,0
5,0,8,14,103,107,116,130,132,132,129,152,151,128,100,95,102,50,13,12,9,4,6,0
5,3,6,58,102,113,119,128,148,143,149,141,137,127,79,85,73,51,12,11,13,11,3,3
15,10,22,72,96,88,109,122,155,162,166,150,143,124,114,122,86,51,19,11,6,6,2,0
7,0,13,103,113,101,139,137,148,193,174,140,141,140,126,115,101,51,17,18,12,11,8,1
0,3,20,108,122,131,141,135,140,148,166,140,147,149,147,128,114,102,15,4,6,6,0,0
6,3,47,108,126,135,137,133,123,111,117,130,145,146,142,130,113,100,13,10,8,5,6,1
3,13,64,101,118,128,136,125,116,109,108,122,137,140,137,132,118,104,25,11,12,10,8,6
8,13,47,103,104,112,116,116,108,107,100,111,115,129,132,113,107,103,47,13,12,5,5,0
10,11,63,73,87,110,113,112,104,101,85,86,123,119,117,114,80,101,19,11,0,8,8,7
3,21,59,65,85,105,111,105,97,76,73,71,101,113,105,108,107,79,36,13,10,9,9,1
6,8,37,66,77,81,79,65,46,48,53,63,72,110,109,100,78,54,11,11,7,5,10,4
3,6,51,67,91,102,70,53,52,48,50,50,62,83,78,71,54,31,10,11,10,8,6,5
8,20,35,155,131,74,61,53,52,55,50,52,65,112,127,116,61,53,11,5,9,0,6,0
12,22,79,104,102,51,50,56,48,29,40,51,54,82,145,138,66,55,10,14,0,0,0,3
13,36,65,76,71,56,49,31,23,50,34,51,51,61,80,85,65,52,15,15,2,0,0,0
10,39,60,71,59,55,53,50,34,33,29,23,51,52,58,58,53,24,18,12,0,0,0,0
16,27,45,68,57,58,32,34,36,31,13,24,50,14,59,56,44,15,12,0,0,0,0,5
11,50,57,37,55,52,50,18,13,27,27,21,13,58,51,63,13,11,7,0,0,0,0,0
8,52,57,55,32,41,11,22,13,22,29,31,37,51,45,32,12,6,6,0,0,0,0,0
14,54,56,56,52,25,34,28,13,12,33,32,40,52,51,15,10,6,0,0,0,0,0,0
11,50,55,57,52,47,26,23,7,34,50,51,50,39,48,52,13,6,7,0,0,0,0,0
22,29,53,35,27,14,36,21,14,21,14,27,27,50,50,34,21,5,2,1,0,0,0,0
13,25,24,23,7,9,12,13,26,12,11,14,43,14,50,33,14,13,12,0,0,0,1,0
8,40,30,14,10,10,10,2,8,12,11,14,8,42,52,50,10,2,9,6,1,4,4,7
11,58,13,13,12,4,8,3,5,5,12,13,7,14,59,24,12,7,0,1,4,1,0,4

4,94,206,114,82,53,14,11,17,14,67,56,68,61,70,103,78,62,60,39,11,6,4,9
11,106,110,103,100,100,131,76,85,103,68,63,87,56,52,50,55,71,68,56,21,9,0,12
12,60,83,73,56,75,92,37,59,64,81,89,12,53,61,54,75,97,82,65,25,5,1,10
6,41,56,60,53,34,40,14,14,11,41,13,10,13,5,9,100,80,61,39,5,0,3,6
6,20,40,47,46,26,35,46,34,28,47,36,43,5,9,5,57,53,29,0,0,0,0,0
11,14,23,19,43,50,43,32,40,40,53,55,52,51,35,52,47,38,3,5,0,1,0,0
9,9,13,8,11,61,57,58,65,68,70,77,82,90,78,71,65,17,0,0,0,4,0,0
0,0,1,0,12,67,69,76,91,95,82,94,123,113,93,83,77,8,0,2,0,2,0,0
0,0,0,0,10,72,87,111,125,127,115,132,139,122,120,91,65,54,25,11,4,2,3,3
0,5,8,0,41,67,99,144,161,175,179,175,187,162,121,94,72,20,22,14,7,7,12,1
0,4,0,12,29,75,120,166,213,235,226,212,207,200,157,101,78,53,14,7,3,4,5,0
10,0,0,8,30,67,118,206,276,300,274,201,225,238,198,130,88,54,31,6,0,0,0,0
13,4,0,8,37,74,106,210,271,260,240,225,265,258,220,141,93,58,25,0,6,0,0,0
0,0,0,1,14,109,127,194,213,197,193,187,210,259,222,132,109,83,27,10,25,2,1,0
0,0,0,0,32,107,124,133,146,154,154,161,164,150,123,104,106,57,22,14,11,37,4,4
0,0,0,0,30,88,115,111,130,134,147,157,125,109,90,100,97,53,10,13,1,10,1,0
2,0,3,3,51,87,83,85,90,93,103,145,111,116,87,69,77,54,31,12,13,14,13,9
8,11,12,12,32,52,73,121,148,134,141,145,140,133,93,73,55,40,26,21,23,14,7,5
13,11,0,22,56,70,97,128,140,129,126,166,160,142,114,77,85,25,8,8,2,0,0,0
5,0,8,14,103,107,116,130,132,131,129,152,150,128,100,95,102,51,13,12,9,4,6,0
5,3,7,58,102,113,120,128,147,143,149,140,136,127,79,86,74,52,13,11,13,11,3,3
15,10,22,72,97,88,109,122,155,161,166,150,143,123,115,122,86,51,19,11,6,6,2,0
7,0,14,103,113,102,139,137,148,193,174,141,141,140,126,115,101,50,18,18,12,11,8,1
0,3,23,108,122,131,141,135,140,148,166,140,147,149,147,128,115,102,17,4,6,7,0,0
6,3,48,108,126,134,137,133,123,111,117,130,145,146,142,130,113,100,13,10,8,5,6,1
3,13,65,101,118,128,136,125,116,109,108,122,137,140,137,132,118,104,28,11,12,10,8,6
8,13,47,103,104,112,116,115,108,108,100,111,115,129,132,113,107,103,47,13,12,5,5,0
10,11,63,73,87,110,113,112,103,101,85,86,123,119,117,114,80,101,17,11,0,8,8,7
3,21,59,65,85,105,111,105,96,76,72,71,101,113,105,108,107,78,36,13,10,9,9,1
6,8,36,66,77,81,78,65,46,48,53,63,72,110,109,100,78,55,11,11,7,6,10,4
3,6,51,67,91,102,70,53,52,48,51,50,62,83,79,71,54,34,10,11,10,8,6,5
8,20,35,156,131,74,61,54,52,55,51,52,65,112,127,117,61,53,11,5,9,0,5,0
12,23,79,104,102,51,50,56,48,29,40,51,54,82,145,138,66,54,10,14,0,0,0,3
13,36,65,76,71,56,50,31,22,51,32,51,51,61,80,85,65,52,15,16,2,0,0,0
10,39,60,71,59,55,53,50,34,32,30,23,52,52,58,58,53,23,18,12,0,0,0,0
15,27,45,68,57,58,32,34,36,32,13,23,50,14,59,56,44,15,11,0,0,0,0,5
11,50,57,38,55,52,49,18,13,27,29,22,13,58,51,63,13,11,7,0,0,0,0,0
8,52,57,55,32,40,11,21,13,22,28,30,37,51,45,32,12,6,6,0,0,0,0,0
14,54,56,56,52,26,34,29,13,12,34,32,40,52,51,15,10,6,0,0,0,0,0,0
11,50,55,57,53,47,26,23,7,36,50,51,50,39,47,52,13,6,7,0,0,0,0,0
22,29,53,35,27,14,37,21,14,23,14,25,24,50,50,34,22,5,2,1,0,0,0,0
13,25,25,23,7,9,12,13,26,12,11,14,45,13,49,33,14,13,12,0,0,0,1,0
8,40,30,14,10,10,10,2,7,12,11,14,8,43,51,50,10,2,9,6,1,4,4,7
11,58,13,13,12,4,8,3,6,5,12,13,7,14,59,24,12,7,0,1,4,1,0,5

5,95,206,114,82,54,14,11,17,14,68,56,68,61,70,103,78,62,60,40,11,6,4,9
11,106,110,102,100,100,131,76,85,104,68,63,88,56,52,51,55,71,68,56,21,9,0,12
12,60,83,73,56,74,92,37,59,64,83,90,12,53,61,54,75,97,82,65,26,5,1,10
6,42,56,60,52,34,40,14,15,11,38,13,10,13,5,9,100,79,61,39,5,0,3,6
6,20,40,47,46,26,35,47,35,28,47,37,43,5,9,5,57,53,29,0,0,0,0,0
11,14,23,19,43,50,43,33,40,41,53,55,52,51,35,52,47,39,3,5,1,1,0,0
9,9,13,9,11,61,57,58,65,68,70,77,82,90,78,71,65,20,0,0,0,4,0,0
0,0,1,0,12,67,69,76,91,95,82,94,123,113,93,83,77,8,0,2,0,2,0,0
0,0,0,0,10,72,87,110,125,126,114,132,137,121,119,91,65,54,25,11,3,2,3,3
0,5,8,0,41,67,99,144,159,174,177,173,185,158,120,94,72,20,20,14,7,7,12,1
0,4,0,12,28,75,120,166,212,234,225,208,202,196,156,100,78,53,14,7,3,4,5,0
10,0,0,8,30,67,119,207,277,300,272,199,223,236,197,130,88,54,30,6,0,0,0,0
13,4,0,8,37,74,107,213,272,261,242,227,265,258,221,143,93,58,28,0,6,0,0,0
0,0,0,1,15,109,128,195,211,198,195,189,209,257,225,134,109,83,28,10,27,2,1,0
0,0,0,0,32,107,124,133,146,156,155,162,165,150,123,105,107,57,23,14,11,35,4,4
0,0,0,0,30,88,115,111,130,135,147,158,126,110,91,100,97,53,10,13,1,10,1,0
2,0,3,2,51,87,84,85,91,94,103,146,112,116,87,69,77,54,32,12,13,14,13,9
8,11,12,12,32,52,74,121,148,135,142,146,141,133,93,73,55,40,26,21,23,14,7,5
13,11,0,21,56,70,97,129,140,130,127,167,160,142,114,77,85,25,8,8,2,0,0,0
5,0,8,14,103,107,116,130,132,132,129,152,151,128,100,94,102,50,12,12,9,4,7,0
5,3,6,57,102,112,119,128,147,143,149,141,136,127,79,85,73,51,12,11,13,11,3,3
15,10,22,72,96,87,109,121,154,161,166,149,142,123,114,122,85,50,19,11,6,6,2,0
7,0,13,103,113,101,138,136,148,192,174,140,140,139,126,115,101,50,17,17,11,11,8,1
0,3,20,108,122,130,141,135,140,148,165,139,147,149,147,127,114,102,16,4,6,6,0,0
6,3,47,108,126,134,137,133,123,111,117,130,144,146,141,130,113,100,13,10,8,5,6,1
3,13,64,101,118,128,136,125,116,109,108,122,137,140,137,132,118,104,26,11,12,10,8,6
8,13,47,103,104,112,116,116,108,107,101,111,114,129,132,113,107,103,48,13,12,5,5,0
10,11,63,73,87,110,113,112,103,101,86,86,123,119,117,114,80,101,17,11,0,8,8,7
3,21,59,65,85,105,111,105,97,77,72,71,101,113,105,108,107,78,36,13,10,9,9,1
6,8,36,66,77,81,79,65,46,48,53,63,72,110,109,100,78,56,11,11,7,5,10,4
3,6,51,67,91,102,70,54,52,48,51,50,62,84,78,71,54,36,10,11,10,8,6,5
8,20,35,155,130,74,61,54,52,55,51,52,65,112,127,116,61,53,11,5,9,0,6,0
12,23,80,105,103,51,50,56,50,29,41,51,54,82,145,138,66,54,10,14,0,0,0,3
13,36,65,76,71,56,50,31,23,51,32,51,51,61,80,86,65,52,16,15,2,0,0,0
10,39,60,71,59,55,53,50,34,32,30,23,51,52,58,58,53,24,18,12,0,0,0,0
15,27,45,68,57,58,32,34,36,31,13,23,50,14,59,56,44,15,11,0,0,0,0,5
11,50,57,38,55,52,50,20,13,27,28,22,13,58,51,63,13,11,7,0,0,0,0,0
8,52,57,55,32,41,11,22,13,22,29,31,38,51,47,33,12,6,6,0,0,0,0,0
14,54,56,56,52,26,34,29,13,12,33,32,40,52,51,15,10,6,0,0,0,0,0,0
11,50,55,57,53,50,26,25,7,37,50,51,50,39,48,53,13,6,8,0,0,0,0,0
22,29,53,36,28,14,37,22,14,23,14,26,24,50,50,34,22,5,2,1,0,0,0,0
13,25,25,23,7,10,12,13,26,12,12,14,44,14,49,34,14,13,12,0,0,0,1,0
8,40,30,14,10,10,10,2,7,12,11,14,9,43,52,50,10,2,9,6,1,4,4,7
11,58,13,13,12,4,8,2,5,5,12,13,7,14,59,23,12,7,0,1,4,1,0,4

5,94,206,114,82,54,14,11,17,14,68,56,68,61,70,103,77,62,60,40,11,6,5,9
11,106,110,102,100,100,131,76,86,104,68,64,87,56,52,51,55,70,68,56,23,9,0,12
12,60,83,72,56,74,92,36,59,63,82,90,12,53,61,54,75,97,83,65,26,5,1,11
6,41,56,60,52,34,40,14,16,12,39,14,10,13,5,9,100,79,61,39,5,0,3,6
6,21,40,47,46,26,36,46,35,29,47,40,44,5,9,5,57,53,27,0,0,0,0,0
11,14,24,19,43,50,44,33,40,41,53,55,52,52,36,53,48,38,3,5,1,1,0,0
9,9,13,9,11,61,57,58,65,68,71,77,83,90,79,71,65,22,0,0,0,4,0,0
0,0,1,0,12,66,69,77,92,95,82,94,124,115,93,83,77,9,0,2,0,2,0,0
0,0,0,0,10,72,87,111,124,126,114,132,138,122,120,91,65,54,24,11,3,1,3,3
0,5,8,0,39,66,99,143,158,172,177,173,185,158,119,94,72,19,20,14,6,7,12,1
0,4,0,12,28,75,120,165,209,232,224,206,201,195,154,100,77,53,14,7,3,4,5,0
10,0,0,8,30,67,119,207,275,298,271,198,221,234,196,130,88,54,30,6,0,0,0,0
13,4,0,9,38,75,108,215,272,259,241,226,262,257,222,144,94,58,29,0,6,0,0,0
0,0,0,1,15,109,129,195,209,199,196,190,206,251,227,135,109,83,29,10,26,3,1,0
0,0,0,0,33,107,124,132,146,157,157,164,166,149,122,106,107,57,27,14,11,37,4,4
0,0,0,0,30,88,115,112,131,136,149,159,128,111,91,100,98,53,10,13,2,10,1,0
2,0,3,2,50,87,84,86,91,95,104,147,113,117,87,69,77,54,32,12,13,14,13,9
8,11,12,12,32,52,73,122,150,136,143,148,143,134,93,73,55,40,26,21,23,14,7,5
13,11,0,20,55,70,97,129,141,131,128,168,161,143,114,76,84,25,8,8,2,0,0,0
5,0,8,13,102,106,116,130,133,132,130,154,152,128,100,92,101,50,12,12,9,4,7,0
5,3,6,56,101,112,119,128,148,144,150,141,137,126,78,84,73,51,12,11,13,11,3,3
15,10,21,71,95,86,108,121,154,161,166,149,142,122,113,121,84,50,17,11,6,6,2,0
7,0,13,103,113,100,138,136,148,192,173,140,140,139,125,115,101,50,16,17,11,11,8,1
0,2,19,108,122,130,140,135,139,148,164,139,146,148,146,127,114,102,14,4,5,6,0,0
6,3,47,108,126,134,137,133,122,111,117,130,144,146,141,130,113,100,13,10,8,5,6,1
3,13,64,101,118,128,136,125,116,109,108,122,137,140,137,132,118,104,26,11,12,10,8,6
8,13,47,103,104,112,116,115,108,107,100,111,114,129,132,113,107,103,48,13,12,5,5,0
10,11,63,73,87,110,113,112,103,101,86,85,123,119,117,114,80,101,17,11,0,8,8,7
3,21,59,65,85,105,111,105,97,76,72,72,101,113,105,108,107,79,36,13,10,9,9,1
6,8,36,66,77,81,78,65,46,48,53,63,72,110,109,100,78,56,11,11,7,5,10,4
3,6,51,67,91,102,70,53,52,48,51,50,62,83,78,71,54,36,10,11,10,8,6,5
8,20,35,156,130,74,61,54,52,55,51,52,65,112,127,116,61,53,11,5,9,0,6,0
12,22,80,105,103,51,50,56,50,29,40,51,54,82,146,139,66,55,10,14,0,0,0,4
13,36,65,76,71,56,49,31,23,50,32,51,51,61,80,86,65,52,15,15,2,0,0,0
10,39,60,71,59,55,53,50,34,31,30,23,51,52,58,58,53,25,19,12,0,0,0,0
15,27,45,68,57,58,33,34,36,32,13,23,50,14,59,56,44,15,11,0,0,0,0,5
11,50,57,38,55,52,50,20,13,27,30,22,13,58,51,63,13,11,7,0,0,0,0,0
8,52,57,55,32,41,11,22,13,23,29,31,38,51,46,34,12,6,6,0,0,0,0,0
14,54,56,56,52,25,34,30,13,12,34,32,39,52,51,16,10,6,0,0,0,0,0,0
11,50,55,58,53,48,26,24,8,36,50,51,50,39,48,53,13,6,8,0,0,0,0,0
22,29,53,36,28,14,37,21,14,22,14,27,24,50,50,34,22,5,2,1,0,0,0,0
13,25,25,24,7,10,12,13,26,12,12,14,45,14,49,33,14,13,12,0,0,0,1,0
8,41,30,14,10,11,10,2,7,12,12,14,9,43,52,50,10,2,9,6,1,5,4,7
11,58,13,13,12,4,8,3,5,5,12,13,7,14,59,23,12,7,0,1,4,1,0,4

5,95,205,114,82,55,14,11,17,14,69,57,68,61,70,103,77,62,60,39,11,6,5,9
11,106,110,102,100,100,131,76,86,104,68,63,87,56,52,50,55,70,68,56,23,9,0,12
12,60,84,72,56,74,92,37,59,64,83,92,12,54,61,54,75,97,82,65,26,5,1,11
6,43,56,60,52,35,40,14,17,12,40,14,10,13,5,10,100,79,61,38,5,0,3,6
6,21,40,47,46,26,35,47,35,29,48,40,45,5,9,5,57,53,27,0,0,0,0,0
11,14,23,19,43,50,44,33,41,40,53,55,53,52,36,53,48,39,3,5,1,2,0,0
9,9,13,9,11,61,57,58,65,68,71,77,83,90,79,71,65,21,0,0,0,4,0,0
0,0,1,0,12,67,69,77,92,95,82,95,124,114,93,83,77,9,0,2,0,2,0,0
0,0,0,0,11,72,87,111,125,126,115,132,138,122,120,91,65,54,25,11,3,1,3,3
0,5,8,0,41,67,99,143,159,173,177,173,185,159,120,94,72,20,20,14,7,7,12,1
0,4,0,12,28,75,120,165,210,233,224,207,201,196,155,100,77,53,14,7,3,4,5,0
10,0,0,8,30,67,119,206,276,297,271,198,221,235,197,130,88,54,30,6,0,0,0,0
13,4,0,8,37,74,107,213,271,259,240,225,261,256,221,144,94,58,29,0,6,0,0,0
0,0,0,1,14,109,128,194,210,199,195,188,205,250,225,135,109,83,28,10,29,3,1,0
0,0,0,0,33,107,124,132,146,157,156,163,165,149,122,105,107,57,27,14,11,37,4,4
0,0,0,0,30,88,115,111,131,136,148,159,127,110,91,100,98,53,10,13,1,10,1,0
2,0,3,2,50,87,84,86,91,95,104,147,113,117,87,69,77,55,33,12,13,14,13,9
8,11,12,12,32,52,73,122,150,136,143,147,142,134,93,73,55,40,26,21,23,14,7,5
13,11,0,21,56,70,97,129,141,131,128,168,161,143,114,76,85,25,8,8,2,0,0,0
5,0,8,13,103,106,116,130,133,132,130,153,152,128,100,93,102,50,12,12,9,4,7,0
5,3,6,56,101,112,119,128,148,144,150,141,137,126,78,84,73,51,12,11,13,11,3,3
14,10,21,72,95,87,108,121,155,161,166,149,142,123,114,122,84,50,18,11,6,6,2,0
7,0,13,103,113,101,138,136,148,193,173,140,140,139,125,115,101,51,16,17,11,11,8,1
0,3,20,108,122,130,140,135,140,148,165,139,146,149,147,127,114,102,16,4,6,6,0,0
6,3,47,108,126,134,137,133,122,111,117,130,144,146,141,130,113,100,13,10,8,5,6,1
3,13,64,101,118,128,135,125,116,109,108,122,137,140,137,132,118,104,26,11,12,10,8,6
8,13,47,103,104,112,116,115,108,108,100,111,114,129,132,113,107,103,47,13,12,5,5,0
10,11,63,73,87,110,113,112,103,101,85,86,123,119,117,114,80,101,17,11,0,8,8,7
3,22,59,65,85,105,111,105,97,76,72,72,101,113,105,108,107,79,36,13,10,9,9,1
6,8,36,66,77,81,78,65,46,48,53,63,72,110,109,100,78,56,10,11,7,5,10,4
3,6,51,67,91,102,70,53,52,48,51,50,62,83,78,71,54,36,10,11,10,8,6,5
8,20,35,155,130,74,61,54,52,55,51,52,65,112,127,116,61,53,11,5,9,0,6,0
12,23,80,105,103,51,50,56,49,29,40,51,54,83,146,138,66,55,10,14,0,0,0,3
13,36,65,76,71,56,50,31,23,51,33,51,51,61,80,86,65,52,15,15,2,0,0,0
10,39,60,71,59,55,53,50,34,32,28,23,51,52,58,58,53,24,18,12,0,0,0,0
16,27,45,68,57,58,32,34,36,31,13,24,50,14,60,56,44,15,12,1,0,0,0,5
11,50,57,38,55,52,49,20,13,27,29,22,13,58,51,63,13,11,8,0,0,0,0,0
8,52,57,55,32,40,11,21,13,22,29,32,38,51,46,34,12,6,6,0,0,0,0,0
14,54,56,56,52,26,34,29,13,12,33,33,41,52,51,17,10,6,0,0,0,0,0,0
11,50,55,58,52,47,26,25,8,36,50,51,50,39,48,53,13,6,8,0,0,0,0,0
22,30,53,36,29,14,38,21,15,22,14,27,24,50,50,34,22,5,2,1,0,0,0,0
13,25,25,23,7,10,12,13,26,12,12,14,46,14,50,34,14,13,12,0,0,0,1,0
8,41,30,14,10,11,10,2,8,12,11,14,9,42,52,50,10,2,9,6,1,5,4,7
11,58,13,13,12,4,8,3,6,5,12,13,7,14,59,24,12,7,0,1,4,1,0,4

5,95,205,114,82,54,14,11,18,15,70,57,69,61,70,103,77,62,60,39,11,6,5,9
11,106,110,102,100,100,131,77,87,104,69,64,88,56,52,51,54,70,68,56,23,9,0,12
12,60,84,72,56,75,92,37,60,64,84,93,13,54,61,54,75,97,82,65,27,5,1,11
6,43,56,60,52,34,40,14,18,12,42,14,10,14,5,10,100,79,61,38,5,0,3,6
7,21,41,48,46,26,36,46,35,29,48,41,45,5,9,6,57,53,29,0,0,0,0,0
11,14,24,19,43,50,44,35,41,41,53,56,53,52,36,53,48,39,3,5,1,2,0,0
9,9,13,9,11,61,57,58,65,68,71,77,83,90,79,71,65,21,0,0,0,4,0,0
0,0,1,0,12,67,69,77,92,96,82,95,124,114,93,83,78,9,0,2,0,2,0,0
0,0,0,0,11,72,87,111,125,127,116,133,139,122,120,91,65,54,26,11,3,1,3,3
0,5,8,0,41,67,99,144,160,175,179,174,186,160,121,94,72,22,22,14,7,7,12,1
0,4,0,12,28,75,120,165,211,234,226,208,203,197,157,101,78,53,14,7,3,4,5,0
10,0,0,8,30,67,118,206,276,299,272,199,222,236,197,130,88,54,30,6,0,0,0,0
13,4,0,8,37,74,106,211,271,260,239,223,262,256,220,143,94,58,27,0,6,0,0,0
0,0,0,1,14,109,127,193,212,197,193,187,206,252,224,134,109,82,28,10,27,2,1,0
0,0,0,0,30,107,124,132,146,155,154,162,164,148,122,105,107,57,23,14,11,37,4,3
0,0,0,0,30,88,115,111,130,135,147,157,126,109,91,100,97,53,10,13,1,10,1,0
2,0,3,2,51,87,84,85,90,94,103,146,112,116,87,69,77,54,32,12,13,14,13,9
8,11,12,12,32,52,73,121,148,134,142,146,141,133,93,73,55,40,26,21,23,14,7,5
13,11,0,22,56,70,97,128,140,130,127,167,160,142,114,77,85,27,8,8,2,0,0,0
5,0,8,14,103,107,116,130,132,132,129,152,151,128,100,94,102,50,13,12,9,4,7,0
5,3,7,58,102,112,119,129,147,143,149,141,137,127,79,85,73,52,12,11,13,11,3,3
14,10,22,72,97,88,109,122,155,162,166,150,143,123,114,122,85,51,19,11,6,6,2,0
7,0,14,103,113,101,139,137,148,193,174,141,141,139,126,115,101,51,18,18,11,11,8,0
0,3,22,108,122,130,141,135,140,148,166,140,147,149,147,128,114,102,16,4,6,6,0,0
6,3,48,108,126,134,137,133,123,111,117,130,145,146,141,130,113,100,13,10,8,5,6,1
3,13,65,101,118,128,136,125,116,109,108,122,137,140,137,132,118,104,26,11,12,10,8,6
8,13,47,103,104,112,116,115,108,108,100,111,114,129,132,113,107,103,48,13,12,5,5,0
10,11,63,73,87,110,113,112,103,101,86,85,123,119,117,114,80,101,17,11,0,8,8,7
3,22,59,65,85,105,111,105,97,76,73,71,101,113,105,108,107,79,36,13,10,9,9,1
6,8,36,66,77,81,78,65,46,48,53,63,72,110,109,100,78,56,10,11,7,5,10,4
3,6,51,67,91,102,70,53,52,48,50,50,62,84,78,71,54,37,10,11,10,8,6,5
8,20,35,156,131,74,61,54,52,55,51,52,65,112,127,116,61,53,11,5,9,0,6,0
12,23,80,104,103,51,50,56,50,29,41,51,54,83,146,138,66,55,10,14,0,0,0,3
13,36,65,76,71,56,50,31,23,51,32,51,51,61,80,86,65,52,15,17,2,0,0,0
10,39,60,71,59,55,53,50,34,31,29,23,52,52,58,58,52,24,18,12,0,0,0,0
16,27,45,68,57,59,32,34,35,32,13,22,50,15,60,56,44,15,12,1,0,0,0,5
11,50,57,38,55,52,49,20,13,27,29,21,13,58,51,63,13,11,8,0,0,0,0,0
8,52,57,55,32,41,11,21,13,22,29,30,37,51,46,33,12,6,6,0,0,0,0,0
14,54,56,56,52,26,34,29,13,12,33,32,40,52,51,15,10,6,0,0,0,0,0,0
11,50,55,57,52,47,26,24,8,34,50,51,50,39,48,53,13,6,8,0,0,0,0,0
22,29,53,36,28,14,37,22,15,23,14,27,24,50,50,34,22,5,2,1,0,0,0,0
13,25,25,24,7,10,12,13,26,12,12,14,46,14,50,34,14,13,12,0,0,0,1,0
8,40,30,14,10,11,10,2,7,12,11,14,9,42,52,50,10,2,9,6,1,5,4,7
11,58,13,13,12,4,8,3,6,5,12,13,7,14,59,24,12,7,0,1,4,1,0,4

5,95,205,114,82,53,14,11,18,15,70,57,69,61,70,103,77,62,60,39,11,6,5,9
11,107,110,102,100,100,131,77,87,104,69,64,88,56,52,50,55,70,67,56,24,9,0,12
12,61,84,73,56,75,92,37,60,64,85,93,13,54,61,54,76,98,82,65,27,5,1,11
6,45,56,60,52,35,40,14,21,12,43,14,10,14,5,10,100,79,61,39,5,0,3,6
7,22,41,48,46,26,36,47,35,30,50,42,46,5,9,6,57,53,29,0,0,0,0,0
11,14,24,20,43,50,43,35,41,41,53,55,53,52,36,53,48,39,3,5,1,2,0,0
9,10,13,9,11,61,57,58,65,68,70,77,83,90,79,71,65,21,0,0,0,4,0,0
0,0,1,0,12,67,69,77,92,95,83,95,124,114,93,83,77,9,0,2,0,2,0,0
0,0,0,0,11,73,87,111,125,127,115,133,140,123,120,92,65,54,29,11,3,2,3,3
1,5,8,0,41,67,99,144,160,175,179,175,187,161,121,95,73,24,24,14,7,7,12,1
0,4,0,12,29,75,120,165,212,234,226,211,206,199,157,101,78,53,14,7,3,4,5,0
10,0,0,8,30,66,118,206,277,300,273,200,224,237,198,130,88,54,31,6,0,0,0,0
13,4,0,8,37,73,106,209,271,261,240,223,262,256,220,142,93,58,25,0,6,0,0,0
0,0,0,0,14,109,127,193,213,198,193,186,206,254,223,133,109,83,25,10,26,2,1,0
0,0,0,0,30,107,123,133,146,154,154,161,163,149,123,104,107,57,23,14,11,37,4,3
0,0,0,0,30,88,115,111,130,134,146,157,125,109,90,100,97,53,10,13,1,10,1,0
2,0,3,2,51,87,84,85,90,94,102,145,111,116,87,69,77,54,31,12,13,14,13,9
8,11,12,12,32,53,73,121,148,134,141,145,140,133,93,73,55,40,26,21,23,14,7,5
13,11,0,23,56,70,97,128,140,130,126,166,159,142,114,77,85,26,8,8,2,0,0,0
5,0,8,14,103,107,116,130,132,131,129,151,150,127,100,95,102,51,13,12,9,4,7,0
5,4,7,58,102,113,119,128,147,143,149,140,136,127,79,86,74,52,12,11,13,11,3,3
15,10,22,72,97,88,109,122,155,162,166,149,143,123,114,122,86,51,19,11,6,6,2,0
7,0,14,103,113,101,139,137,148,193,174,141,141,140,126,115,101,51,18,18,11,11,8,1
0,3,22,108,122,130,141,135,140,148,165,140,147,149,147,128,115,102,16,5,6,6,0,0
6,3,48,109,126,134,137,133,123,111,117,130,145,146,141,130,113,100,13,10,8,5,6,1
3,13,64,101,118,128,136,125,116,109,108,122,137,140,137,132,118,104,26,11,12,10,8,6
8,13,48,103,104,112,116,115,108,107,100,111,114,129,132,113,107,103,48,13,12,5,5,0
10,11,63,73,87,110,113,112,103,101,85,86,123,119,117,114,80,101,19,11,0,8,8,7
3,22,59,65,85,105,111,105,98,76,73,72,101,113,105,108,107,80,36,13,10,9,9,1
6,8,37,66,77,81,78,65,46,48,53,63,72,110,109,100,78,56,11,11,7,5,10,4
3,6,51,67,91,102,70,53,52,48,50,50,62,83,78,71,54,37,10,11,10,8,6,5
8,20,35,156,131,74,61,54,52,55,51,52,65,112,127,117,61,54,11,5,9,0,6,0
12,23,80,104,103,51,50,56,49,28,40,51,54,83,146,138,66,55,10,14,0,0,0,3
13,36,65,76,71,56,49,31,23,50,32,51,51,61,80,85,65,52,15,15,2,0,0,0
10,39,60,71,58,55,53,50,34,33,31,24,52,52,58,58,52,25,18,12,0,0,0,0
15,27,45,68,58,58,33,35,36,32,13,25,50,14,60,56,44,16,12,1,0,0,0,5
11,50,57,37,55,52,49,18,13,27,28,22,13,58,51,63,13,11,8,0,0,0,0,0
8,52,57,54,32,40,11,21,13,22,29,31,38,51,46,33,12,6,6,0,0,0,0,0
14,54,56,56,52,26,34,29,13,12,34,32,40,52,51,15,10,6,0,0,0,0,0,0
11,50,55,58,52,48,26,25,7,36,50,51,50,39,47,53,13,6,8,0,0,0,0,0
22,29,53,36,28,14,37,21,15,22,14,29,24,50,50,34,22,5,2,1,0,0,0,0
13,25,25,23,7,10,12,13,25,12,12,14,46,14,50,33,14,13,12,0,0,0,1,0
8,41,30,14,10,11,10,2,8,12,11,14,8,43,52,50,10,2,9,6,1,5,4,7
11,58,13,13,12,4,8,3,6,5,12,13,7,14,59,24,12,7,0,1,4,1,0,4

5,95,205,114,82,55,14,11,18,15,70,57,69,61,70,103,77,62,60,39,11,6,5,9
11,107,110,103,100,100,131,77,87,104,69,64,88,56,52,50,55,70,68,56,23,9,0,12
12,61,84,72,56,75,92,37,60,64,84,94,13,54,60,54,75,98,82,65,26,5,1,11
6,43,57,60,53,35,40,14,20,12,41,14,10,14,5,10,100,79,61,39,5,0,3,6
7,22,42,48,47,27,36,47,37,31,49,46,46,5,10,6,57,53,31,0,0,0,0,0
12,14,24,20,43,50,44,35,41,41,53,55,53,52,35,53,48,39,3,5,1,2,0,0
9,10,13,9,11,62,57,58,65,68,70,77,83,90,79,71,65,22,0,0,0,4,0,0
0,0,1,0,12,67,70,77,92,95,82,95,124,114,93,83,78,9,0,3,0,3,0,0
0,0,0,0,11,72,87,111,125,127,115,133,139,122,120,91,65,55,27,11,3,2,3,3
0,5,8,0,41,67,99,144,160,175,179,175,187,160,121,94,73,24,23,14,7,7,12,1
0,4,0,12,29,75,120,165,212,236,226,210,205,198,157,101,78,54,14,7,3,5,5,0
10,0,0,8,30,67,118,206,278,301,274,200,224,237,198,131,89,54,32,6,0,0,0,0
13,4,0,8,37,74,106,211,271,262,241,225,263,256,220,142,94,58,25,0,6,0,0,0
0,0,0,1,14,109,127,194,214,198,193,187,206,254,224,134,109,83,28,10,27,3,1,0
0,0,0,0,31,107,124,133,146,155,154,161,164,149,123,105,107,57,22,14,11,34,4,3
0,0,0,0,30,88,115,111,130,134,147,157,126,109,90,100,97,53,10,13,1,10,1,0
2,0,3,2,51,87,83,85,90,94,103,145,111,116,87,69,77,54,30,12,13,14,13,9
8,11,12,12,33,52,73,121,148,134,141,145,140,133,93,73,55,40,26,21,23,14,7,5
13,11,0,23,57,70,97,128,140,130,126,166,159,142,114,77,85,26,8,8,2,0,0,0
5,0,8,14,103,107,116,129,132,131,129,152,150,127,100,95,102,50,13,12,9,4,7,0
5,4,7,58,102,113,119,128,147,143,149,140,136,126,79,85,73,52,12,11,13,11,3,3
15,10,22,72,97,88,109,122,154,161,166,149,142,123,114,122,85,51,19,11,6,6,2,0
7,0,14,103,113,101,138,137,148,193,174,140,140,139,126,115,101,51,18,18,11,11,8,1
0,3,22,108,122,130,141,135,140,148,165,140,147,149,147,128,115,102,17,5,6,7,0,0
6,3,47,108,126,134,137,133,123,111,117,130,145,146,141,130,113,100,13,10,8,5,6,1
3,13,65,101,118,128,136,125,116,109,108,122,137,140,137,132,118,104,28,11,12,10,8,6
8,13,47,103,104,112,116,115,108,108,100,111,115,129,132,113,107,103,48,13,12,5,5,0
10,11,63,73,87,110,113,112,103,101,85,86,123,119,117,114,80,101,17,11,0,8,8,7
3,22,59,65,85,105,111,105,97,76,72,71,101,113,105,108,107,79,36,13,10,9,9,1
6,8,36,66,77,81,78,65,46,48,53,63,72,110,109,100,78,56,11,11,7,5,10,4
3,6,51,67,91,102,70,54,52,48,51,50,62,83,79,72,54,38,10,11,10,8,6,5
8,20,35,156,131,74,61,54,52,55,51,52,65,112,127,117,61,53,11,5,9,0,6,0
12,23,80,104,103,51,50,56,49,29,42,51,54,83,146,139,66,55,10,14,0,0,0,3
13,36,65,76,71,56,49,31,23,50,33,51,51,61,80,86,65,52,15,15,2,0,0,0
10,39,60,71,59,55,53,50,34,33,29,24,52,52,58,58,53,24,19,12,0,0,0,0
16,27,45,68,57,58,32,34,36,31,13,23,50,15,59,56,44,15,12,1,0,0,0,5
11,50,57,38,55,52,50,20,13,28,31,21,13,58,51,63,13,11,7,0,0,0,0,0
8,52,57,55,32,41,11,21,13,22,29,30,38,51,46,33,12,6,6,0,0,0,0,0
14,54,56,56,52,25,33,29,13,12,34,32,39,52,51,16,10,6,0,0,0,0,0,0
11,50,55,57,52,48,26,24,7,35,50,51,50,39,48,53,13,6,8,0,0,0,0,0
22,29,53,36,28,14,37,21,14,22,14,29,24,50,50,34,22,5,3,1,0,0,0,0
13,25,25,23,7,10,12,13,26,12,12,14,45,14,50,35,14,13,12,0,0,0,1,0
8,40,30,14,10,10,10,2,7,12,11,14,9,43,52,50,10,2,9,6,1,5,4,7
11,58,13,13,12,4,8,3,5,5,12,13,7,15,59,24,12,7,0,1,4,1,0,4

5,95,206,114,82,54,14,11,19,16,70,58,69,61,70,103,77,62,60,39,11,6,5,9
11,107,110,103,100,100,131,77,87,104,69,64,88,56,52,50,54,70,68,56,24,9,0,12
12,61,84,72,56,74,92,37,60,64,85,93,13,54,61,55,75,97,82,65,28,5,2,11
6,43,56,60,52,35,40,14,21,12,43,14,10,14,5,10,100,79,61,39,5,0,3,7
7,22,41,48,47,27,36,47,36,32,49,43,47,5,10,6,57,53,29,0,0,0,0,0
11,15,24,20,44,50,44,35,41,41,53,56,53,52,37,53,48,39,3,5,1,2,0,0
9,10,14,9,11,61,57,58,65,68,70,77,83,90,79,72,65,24,0,0,0,4,0,0
0,0,1,0,12,67,69,77,92,95,82,95,124,114,93,83,77,10,0,3,0,2,0,0
0,0,0,0,11,72,87,111,125,126,114,132,139,122,120,91,65,54,27,11,3,1,3,3
0,5,8,0,41,67,99,143,158,173,177,174,185,159,120,94,72,23,21,14,6,7,12,1
0,4,0,12,29,75,120,164,209,233,224,207,201,196,155,100,78,53,14,7,3,4,5,0
10,0,0,8,30,67,118,206,276,299,271,198,221,235,196,131,89,54,30,6,0,0,0,0
13,4,0,8,37,74,107,213,271,261,242,226,262,255,221,144,95,59,28,0,6,0,0,0
0,0,0,1,14,109,128,194,210,199,195,189,206,250,225,135,109,84,28,10,26,3,1,0
0,0,0,0,31,107,124,132,146,157,156,163,165,149,122,105,107,57,27,14,11,37,4,3
0,0,0,0,30,88,115,111,131,135,148,158,127,110,91,100,98,53,10,13,2,10,0,0
2,0,3,2,50,87,84,85,91,94,104,147,112,117,87,69,77,55,33,12,13,14,13,9
8,11,12,12,32,52,73,122,149,136,142,147,142,134,93,73,55,40,26,21,23,14,7,5
13,11,0,22,56,69,97,129,140,131,127,167,161,143,114,76,85,25,8,8,2,0,0,0
5,0,8,14,103,106,116,130,133,132,130,153,151,128,100,93,102,50,13,12,9,4,7,0
5,3,6,57,101,112,119,128,148,143,149,141,137,126,78,85,73,51,12,11,13,11,3,3
15,10,22,72,95,87,109,121,154,161,166,149,142,123,114,122,85,50,18,11,6,6,2,0
7,0,13,103,113,101,138,136,148,192,173,140,140,139,125,115,101,51,17,17,11,11,8,1
0,3,20,108,122,130,140,135,139,148,164,139,146,148,146,127,114,102,16,4,6,6,0,0
6,3,47,108,126,134,137,133,122,111,117,130,144,146,141,130,113,100,13,10,8,5,6,1
3,13,64,101,118,128,135,125,116,109,108,122,137,140,137,132,118,104,26,11,12,10,8,6
8,13,47,103,104,112,116,115,108,107,100,111,114,129,132,113,107,103,47,13,12,5,5,0
10,11,63,73,87,110,113,112,103,101,86,85,123,119,117,114,80,101,17,11,0,8,8,7
3,21,59,65,85,105,111,105,97,76,72,72,101,113,105,108,107,79,36,13,10,9,9,1
6,8,36,66,77,81,78,65,46,48,53,63,72,110,109,100,78,56,11,11,7,5,10,4
3,6,51,67,91,102,70,53,52,48,50,50,62,83,78,71,54,38,10,11,10,8,6,5
8,20,36,156,130,74,61,54,52,55,51,52,65,112,127,116,61,54,11,6,9,0,6,0
12,23,80,105,103,51,50,56,50,28,42,51,54,83,146,139,66,55,10,14,0,0,0,4
13,36,65,76,71,56,50,31,23,50,33,51,51,61,80,86,65,52,16,15,2,0,0,0
10,39,60,71,59,55,53,50,34,33,31,23,52,52,58,58,52,26,19,12,0,0,0,0
16,27,45,68,57,58,33,34,36,31,13,23,50,14,59,56,44,16,12,1,0,0,0,5
11,50,57,38,55,52,49,20,13,27,30,22,13,58,51,63,13,11,8,0,0,0,0,0
8,52,57,55,32,42,11,21,13,22,29,31,39,51,46,35,12,6,6,0,0,0,0,0
14,54,56,56,52,26,34,30,13,12,33,32,40,52,51,16,10,6,0,0,0,0,0,0
11,50,55,58,52,50,26,25,8,36,50,51,50,39,48,53,13,6,8,0,0,0,0,0
22,30,53,39,29,14,38,21,14,23,14,26,25,50,50,34,22,5,3,1,0,0,0,0
13,25,25,24,7,10,12,13,26,12,12,14,46,14,50,35,14,13,12,0,0,0,1,0
8,42,30,14,10,11,10,2,8,12,12,14,9,43,52,50,10,2,9,6,1,5,4,7
11,58,13,13,12,4,8,3,5,5,12,13,7,14,59,24,12,7,0,1,4,1,0,4

5,96,206,114,82,54,14,12,19,16,71,58,69,61,70,103,77,62,60,39,11,6,5,9
11,107,110,102,100,100,131,77,87,104,69,64,88,56,52,50,55,70,67,56,24,9,0,12
12,61,84,72,56,75,92,37,60,64,85,94,13,54,61,54,75,98,82,65,27,5,2,11
6,43,57,60,53,35,40,14,21,13,42,14,10,14,5,10,100,79,61,39,5,0,4,7
7,22,41,48,46,26,37,47,36,32,50,46,47,5,10,6,57,53,31,0,0,0,0,0
12,15,24,20,43,50,44,35,41,41,53,56,53,52,36,53,48,39,3,5,1,3,0,0
9,10,14,9,11,62,58,58,65,69,70,77,83,91,79,72,66,25,0,0,0,4,0,0
0,0,1,0,12,67,70,77,92,95,83,95,124,114,94,83,78,10,0,3,0,3,0,0
0,0,0,0,11,73,87,111,125,126,115,132,139,122,120,92,65,55,26,11,3,1,3,3
0,5,8,0,41,67,99,143,158,173,177,174,185,159,120,94,72,24,21,14,6,7,12,1
0,4,0,12,29,75,120,164,209,232,224,207,202,196,155,100,78,53,14,7,3,4,5,0
10,0,0,8,30,66,118,206,275,298,271,198,221,235,196,130,89,54,30,6,0,0,0,0
13,4,0,8,37,74,107,212,271,259,241,226,261,255,220,144,95,58,29,0,6,0,0,0
0,0,0,1,14,109,128,194,209,199,195,188,205,248,224,135,109,83,27,10,29,3,1,0
0,0,0,0,31,107,124,132,146,157,157,164,166,148,122,106,107,58,25,14,11,37,4,3
0,0,0,0,29,88,115,112,131,136,148,159,127,110,91,100,98,53,10,13,2,10,1,0
2,0,3,2,50,87,84,86,91,95,104,147,113,117,87,69,77,54,33,12,13,14,13,9
8,11,12,12,32,52,73,122,150,136,143,148,142,134,93,73,55,40,26,21,23,14,7,5
13,11,0,21,56,70,97,129,141,131,128,168,161,143,114,77,85,25,8,8,2,0,0,0
5,0,8,14,103,106,116,130,133,132,130,153,152,128,100,93,102,50,12,12,9,4,7,0
5,3,6,57,101,112,119,128,148,144,149,141,137,126,78,84,73,51,12,11,13,11,3,3
15,10,22,72,95,87,109,121,155,161,166,149,142,123,114,122,85,50,18,11,6,6,2,0
7,0,13,103,113,101,138,136,148,192,173,140,140,139,125,115,101,51,17,17,11,11,8,1
0,3,20,108,122,130,140,135,139,148,164,139,146,148,146,127,114,102,16,4,6,6,0,0
6,3,47,108,126,134,137,133,122,111,117,130,144,146,141,130,113,100,13,10,8,5,6,1
3,13,64,101,118,128,135,125,116,109,108,122,137,140,137,132,118,104,28,11,12,10,8,6
8,13,48,103,104,112,116,115,108,107,100,111,114,129,132,113,107,103,48,13,12,5,5,0
10,11,63,73,87,110,113,112,103,101,86,86,123,119,117,114,80,101,17,11,0,8,8,7
3,22,59,65,85,105,111,105,97,76,73,71,101,113,105,108,107,79,36,13,10,9,9,1
6,8,36,66,77,81,78,65,46,48,53,63,72,110,109,100,78,56,10,11,7,5,10,4
3,6,51,67,91,102,70,53,52,48,51,50,62,83,78,71,54,38,10,11,10,8,6,5
8,20,35,156,131,74,61,54,52,55,51,52,65,112,127,116,61,54,11,5,9,0,6,0
12,23,80,105,103,51,50,56,49,29,43,51,54,83,146,139,66,55,10,14,0,0,0,4
13,35,65,76,71,56,50,31,23,51,33,51,51,61,80,86,65,52,16,15,2,0,0,0
10,39,60,71,59,55,53,50,34,33,30,24,52,52,58,58,52,26,19,12,0,0,0,0
16,27,45,68,57,58,33,34,36,31,13,24,50,14,60,56,44,15,12,1,0,0,0,5
11,50,57,38,55,52,50,20,13,27,29,23,13,58,51,63,13,11,8,0,0,0,0,0
8,52,57,55,32,41,11,22,13,23,29,31,38,51,46,34,12,6,6,0,0,0,0,0
14,54,56,56,52,26,34,30,13,12,35,32,40,52,51,15,10,7,0,0,0,0,0,0
11,50,55,58,52,48,26,25,8,36,50,51,50,39,48,53,13,6,8,0,0,0,0,0
22,29,53,36,29,14,37,22,14,25,14,26,25,50,50,34,22,5,3,1,0,0,0,0
13,25,25,23,7,10,12,13,26,12,12,14,45,14,50,34,14,13,12,0,0,0,1,0
8,40,30,14,10,11,10,2,8,12,12,15,9,43,52,50,10,2,9,6,1,5,5,7
11,58,13,13,12,4,8,3,6,5,12,13,7,14,59,24,12,7,0,1,4,1,0,4

5,96,205,114,82,55,14,12,19,17,72,58,69,61,70,103,77,62,60,40,11,6,5,9
11,107,110,103,100,100,131,77,88,105,69,65,89,56,52,50,55,70,68,56,24,9,0,12
12,61,84,72,56,75,92,36,60,65,85,96,13,54,61,54,75,97,82,65,26,5,2,11
6,45,56,60,53,35,40,14,24,13,44,14,10,14,5,10,100,79,61,39,5,0,4,7
7,22,41,49,46,27,36,47,36,32,49,47,47,5,10,6,57,53,30,0,0,0,0,0
12,15,24,20,43,50,44,36,41,41,54,56,53,52,37,53,49,39,3,5,1,3,0,0
9,10,14,9,11,62,57,58,66,69,70,77,83,90,79,72,65,26,0,0,0,4,0,0
0,0,1,0,12,67,70,77,92,96,83,95,124,115,93,83,78,10,0,3,0,2,0,0
0,0,0,0,11,73,87,111,125,127,116,133,139,123,120,92,65,55,27,11,3,1,3,3
0,5,9,0,41,67,99,143,159,174,178,175,186,160,120,94,73,25,21,14,7,7,12,1
0,4,0,12,28,75,120,164,211,234,225,208,203,197,156,101,78,54,14,7,3,4,5,0
10,0,0,8,30,66,118,205,275,299,271,198,222,236,197,130,89,54,30,6,0,0,0,0
13,4,0,8,37,74,106,210,270,259,239,223,261,255,220,143,94,58,27,0,6,0,0,0
0,0,0,0,14,109,127,193,211,197,193,187,204,250,224,134,109,84,27,10,27,3,1,0
0,0,0,0,30,107,124,132,146,156,154,162,164,148,122,105,107,57,25,14,11,37,4,3
0,0,0,0,30,88,115,111,130,135,147,157,126,109,91,100,97,53,10,13,2,10,1,0
2,0,3,2,51,87,83,85,91,94,103,146,112,116,87,69,77,55,32,12,13,14,13,9
8,11,12,12,32,53,73,121,148,134,142,146,141,133,93,73,55,40,26,21,23,14,7,5
13,11,0,23,56,70,97,129,140,130,127,166,160,142,114,77,85,26,8,8,2,0,0,0
5,0,8,14,103,107,116,130,132,131,129,152,151,128,100,94,102,50,13,12,9,4,7,0
5,4,7,58,102,112,119,128,148,143,149,141,136,126,79,85,73,52,12,11,13,11,2,3
15,10,22,72,97,88,109,122,155,162,166,149,143,123,114,122,85,51,19,11,6,6,2,0
7,0,14,103,113,101,139,137,148,193,173,140,141,139,126,115,101,51,18,18,11,11,8,1
0,3,22,108,122,130,141,135,140,148,165,140,147,149,147,128,115,102,17,5,6,7,0,0
6,3,48,108,126,134,137,133,123,111,117,130,145,146,141,130,113,100,13,10,8,5,6,1
3,13,65,101,118,128,136,125,116,109,108,122,137,140,137,132,118,104,26,11,12,10,8,6
8,13,47,103,104,112,116,115,108,108,100,111,114,129,132,113,107,103,48,13,12,5,5,0
10,11,63,73,87,110,113,112,103,101,86,86,122,119,117,114,80,101,17,11,0,8,8,7
3,22,59,65,85,105,111,105,97,76,73,71,101,113,105,108,107,79,36,13,10,9,9,1
6,8,36,66,77,81,78,65,46,48,53,63,72,110,109,100,78,56,11,11,7,5,10,4
3,6,51,67,91,102,70,53,52,48,50,50,62,83,78,71,54,38,10,11,10,8,6,5
8,21,35,157,131,74,61,54,52,55,51,52,65,112,127,116,61,53,11,5,9,0,6,0
12,23,80,105,103,51,50,56,49,29,41,51,54,83,146,139,66,55,10,14,0,0,0,4
13,36,65,76,71,56,49,31,23,51,34,51,51,61,80,86,65,52,15,15,2,0,0,0
10,39,60,71,59,55,53,50,34,33,31,23,52,52,58,58,53,25,18,12,0,0,0,0
16,27,45,68,57,58,33,34,36,31,13,23,50,14,59,56,44,15,12,1,0,0,0,5
11,50,57,38,55,52,50,20,13,27,29,24,13,58,51,63,13,11,8,0,0,0,0,0
8,52,57,55,32,41,11,21,13,23,28,31,38,51,46,33,12,6,6,0,0,0,0,0
14,54,56,56,52,26,34,30,13,12,34,33,40,52,51,16,10,7,0,0,0,0,0,0
11,50,55,58,52,48,26,25,7,36,50,51,50,39,48,53,13,6,8,0,0,0,0,0
22,29,53,36,28,14,37,21,14,23,14,27,25,50,50,34,21,5,3,1,0,0,0,0
13,25,25,23,7,10,12,13,26,12,12,14,44,14,50,35,14,13,12,0,0,0,1,0
8,40,30,14,10,11,10,2,7,12,12,14,9,43,52,50,10,2,9,6,1,5,4,7
11,58,13,13,12,4,8,3,6,5,12,13,7,15,59,25,12,7,0,1,4,1,0,5

5,96,206,114,82,55,14,12,19,17,72,58,69,61,70,103,77,62,60,39,11,6,5,9
11,107,110,103,100,100,131,77,88,105,69,65,89,56,52,50,54,70,67,56,24,9,0,12
12,61,84,72,56,75,92,37,60,65,86,95,13,54,61,54,75,97,82,65,27,5,2,11
6,45,57,60,52,35,40,14,25,13,45,14,10,14,5,10,100,80,61,39,5,0,4,7
7,23,41,48,47,27,37,47,37,31,50,46,48,5,10,6,57,53,31,0,0,0,0,0
12,15,24,20,43,50,45,35,41,41,53,56,53,52,36,53,48,39,3,5,1,3,0,0
9,10,14,9,11,62,58,59,65,68,70,77,83,90,79,72,65,25,0,0,0,4,0,0
0,0,1,0,13,67,70,77,92,96,83,95,124,114,93,83,78,10,0,3,0,3,0,0
0,0,0,0,11,73,87,111,125,127,116,133,139,123,120,92,65,55,29,11,3,1,3,3
0,5,9,0,41,67,99,143,160,174,179,176,188,161,121,95,73,28,23,14,7,7,12,1
0,4,0,12,29,75,120,165,211,235,227,211,206,199,157,101,78,54,14,7,3,4,5,0
10,0,0,8,30,66,117,206,276,300,274,199,224,237,197,130,89,54,30,6,0,0,0,0
13,4,0,8,36,73,106,209,271,261,239,224,262,255,219,142,94,58,25,0,6,0,0,0
0,0,0,1,14,109,127,193,213,197,192,186,205,252,222,134,109,82,25,10,27,3,1,0
0,0,0,0,31,107,124,133,146,155,154,161,163,148,123,105,107,57,23,14,11,35,4,3
0,0,0,0,30,88,115,111,130,134,147,157,125,109,90,100,97,53,10,13,1,10,1,0
2,0,3,2,51,87,84,85,90,94,103,145,111,116,87,69,77,54,31,12,13,14,13,9
8,11,12,12,33,52,73,121,148,134,141,145,140,133,93,73,55,40,26,21,23,14,7,5
13,11,0,23,58,70,97,128,140,129,126,166,159,142,114,77,85,26,8,8,2,0,0,0
5,0,8,14,103,107,116,130,132,131,129,151,150,127,100,95,102,51,13,12,9,4,7,0
5,4,7,59,102,113,119,128,147,143,149,140,136,126,79,86,74,52,13,11,13,11,2,3
15,10,22,72,97,88,109,122,155,162,166,149,142,123,114,122,85,51,19,11,6,6,2,0
7,0,14,103,113,101,138,137,148,193,174,140,141,139,126,115,101,51,19,18,11,11,7,1
0,3,23,108,122,130,141,135,140,148,165,140,147,149,147,127,115,102,17,5,6,6,0,0
6,3,48,109,126,134,137,133,123,111,117,130,145,146,141,130,113,100,13,10,8,5,6,1
3,13,65,101,118,128,136,125,116,109,108,123,137,140,137,132,118,104,28,11,12,10,8,6
8,13,47,103,104,112,116,115,108,108,100,111,114,129,132,113,107,103,48,13,12,5,5,0
10,11,63,73,87,110,113,112,103,101,86,86,123,119,117,114,80,101,17,11,0,8,8,7
3,22,59,65,85,105,111,105,97,76,72,71,101,113,105,108,107,79,36,13,10,9,9,1
6,8,37,66,77,81,78,65,46,48,53,63,72,110,109,100,78,56,11,11,7,5,10,4
3,6,51,67,91,102,70,53,52,47,50,50,62,84,78,72,54,38,10,11,10,8,6,5
8,21,35,157,131,74,61,54,52,55,51,52,65,112,127,117,61,53,11,5,9,0,6,0
12,23,79,104,103,51,50,56,50,29,41,51,54,83,146,139,66,55,10,14,0,0,0,4
13,36,65,76,71,56,50,31,23,51,33,51,51,61,80,86,65,52,16,16,2,0,0,0
10,39,60,71,59,55,53,50,34,32,29,24,52,52,58,58,52,25,20,12,0,0,0,0
16,27,45,69,57,58,32,34,36,31,13,24,51,15,59,56,44,15,12,1,0,0,0,5
11,50,57,37,55,52,49,19,13,27,29,23,13,58,51,63,13,11,8,0,0,0,0,0
8,52,57,55,32,41,11,23,13,22,29,32,38,51,47,32,12,6,6,0,0,0,0,0
14,54,56,56,52,26,34,29,13,12,33,32,40,52,51,15,10,7,0,0,0,0,0,0
11,50,55,58,52,47,26,25,7,36,50,51,50,39,47,53,13,6,8,0,0,0,0,0
22,29,53,36,28,14,36,22,14,22,14,26,25,50,50,34,22,5,3,1,0,0,0,0
13,25,25,24,7,10,12,13,26,12,12,14,44,14,49,33,14,13,12,0,0,0,2,0
8,40,30,14,10,11,10,2,7,12,12,15,9,45,52,50,10,2,9,6,1,5,5,7
11,58,13,13,12,4,8,3,6,5,12,13,7,15,59,24,12,7,0,1,4,1,0,4

5,96,205,114,82,54,14,12,19,17,72,58,69,61,70,103,77,62,60,39,11,6,5,9
11,107,110,103,100,100,131,77,88,105,69,65,89,56,52,50,55,70,68,56,24,9,0,12
12,61,84,72,56,75,92,36,60,65,85,96,13,54,61,54,75,97,83,65,27,5,2,11
7,45,57,60,53,35,40,14,25,13,44,14,10,14,5,10,100,79,61,39,5,0,4,7
7,22,42,49,47,27,37,48,37,33,50,47,50,5,10,6,57,53,30,0,0,0,0,0
12,14,24,20,43,51,44,36,41,41,54,56,53,52,36,53,48,39,3,5,1,3,0,0
9,10,14,9,11,62,58,59,65,68,70,77,82,90,79,71,65,25,0,0,0,4,0,0
0,0,1,0,13,67,70,77,92,95,82,95,124,113,93,83,77,10,0,3,0,3,0,0
0,0,0,0,11,73,87,111,125,127,115,133,139,123,120,91,65,55,29,11,3,1,3,3
0,5,9,0,42,67,99,144,160,175,179,176,188,161,121,95,73,29,24,14,7,7,12,1
0,4,0,12,29,75,120,166,212,237,227,212,208,200,158,101,79,54,14,7,3,5,5,0
10,0,0,8,30,67,118,206,279,302,275,201,226,238,198,131,89,54,31,6,0,0,0,0
13,4,0,8,37,74,106,210,271,262,241,225,263,255,219,142,94,58,25,0,6,0,0,0
0,0,0,0,14,109,127,194,214,197,192,186,206,254,223,134,109,84,27,10,29,2,1,0
0,0,0,0,31,107,124,133,146,155,154,161,163,149,123,105,107,57,23,14,11,35,4,4
0,0,0,0,30,88,115,111,130,134,146,157,125,109,90,100,97,53,10,13,2,10,0,0
2,0,3,3,51,87,83,85,90,93,103,145,111,116,87,69,77,54,31,12,13,14,13,9
8,11,12,12,33,53,73,121,148,134,141,145,140,132,93,73,55,40,26,21,23,14,7,5
13,11,0,23,58,70,97,128,139,129,126,165,159,142,114,77,85,26,8,8,2,0,0,0
5,0,8,14,103,107,116,129,132,131,129,151,150,127,100,95,102,51,13,12,9,4,7,0
5,4,7,59,102,113,120,128,147,143,149,140,136,126,79,86,74,52,12,11,13,11,2,3
15,10,22,72,97,88,109,122,154,161,166,149,142,123,114,122,85,51,19,11,6,6,2,0
7,0,14,103,113,101,139,137,148,193,174,140,141,139,126,115,101,50,19,18,12,11,8,1
0,3,24,108,122,130,141,135,140,148,166,139,147,149,147,128,115,102,17,5,6,6,0,0
6,3,48,108,126,134,137,133,123,111,117,130,145,146,141,130,113,100,13,10,8,5,6,1
3,13,65,101,118,128,135,125,116,109,108,122,137,140,137,132,118,104,29,11,12,10,8,6
8,13,48,103,104,112,116,115,108,108,100,111,114,129,132,113,107,103,48,13,12,5,5,0
10,11,63,73,87,110,113,112,103,101,86,85,123,119,117,114,80,101,19,11,0,8,8,7
3,22,59,65,85,105,111,105,97,76,72,71,101,113,105,108,107,79,37,13,10,9,9,1
6,8,36,66,77,81,78,65,46,48,53,63,72,110,109,100,78,56,11,11,7,5,10,4
3,6,51,67,91,102,70,53,52,48,50,50,62,83,78,71,54,38,10,11,10,8,6,5
8,21,35,157,131,74,61,54,52,55,51,52,65,112,127,117,61,54,11,5,9,0,6,0
12,23,79,105,103,51,50,56,50,29,40,51,54,83,146,139,66,55,10,14,0,0,0,4
13,36,65,76,71,56,50,31,25,51,34,51,52,61,80,86,65,52,17,16,2,0,0,0
10,39,60,71,59,55,53,50,34,31,30,23,52,52,58,58,53,25,18,12,0,0,0,0
15,27,45,68,57,58,33,34,36,32,13,24,50,14,59,56,44,15,12,1,0,0,0,5
11,50,57,37,55,52,50,18,13,27,27,21,13,58,51,63,13,11,8,0,0,0,0,0
8,52,57,55,32,41,11,23,13,22,29,30,39,51,46,34,12,6,6,0,0,0,0,0
14,54,56,56,52,25,34,29,13,12,34,32,40,52,51,16,10,7,0,0,0,0,0,0
11,50,55,58,53,50,26,24,7,35,50,51,50,39,48,53,13,6,8,0,0,0,0,0
22,29,53,37,28,14,37,21,14,23,14,29,24,50,50,34,22,5,3,1,0,0,0,0
13,25,25,24,7,10,12,13,26,12,11,14,44,14,50,34,14,13,12,0,0,0,2,0
8,42,30,14,10,11,10,2,7,12,11,14,9,43,52,50,10,2,9,6,1,5,4,7
11,58,13,13,12,4,8,3,6,5,12,13,7,14,59,25,12,7,0,1,4,1,0,4

6,96,206,114,82,54,14,12,19,18,72,58,69,61,70,103,77,62,60,39,11,6,5,9
11,107,110,103,100,100,131,77,88,105,69,64,89,56,52,50,55,70,67,56,24,9,0,12
12,61,84,73,56,75,92,37,60,65,85,97,13,54,61,54,76,98,82,65,27,6,2,11
7,46,57,60,53,35,40,14,25,13,45,15,10,14,5,10,100,79,61,39,5,0,4,7
7,23,43,50,47,27,37,47,37,32,50,50,50,5,10,6,57,53,30,0,0,0,0,0
12,15,24,20,43,50,45,36,41,41,53,56,53,52,36,53,48,39,3,5,1,3,0,0
9,10,14,9,11,62,57,58,65,68,70,77,82,90,79,72,65,25,0,0,0,4,0,0
0,0,1,0,13,67,70,77,92,96,82,95,124,113,93,83,78,10,0,3,0,3,0,0
0,0,0,0,11,73,87,111,125,126,114,132,139,122,120,91,65,55,29,11,3,1,3,3
0,5,9,0,41,67,99,143,159,173,178,175,187,159,120,94,73,28,22,14,6,7,12,1
0,4,0,12,29,75,120,165,211,234,226,210,206,198,156,100,78,54,14,7,3,4,5,0
10,0,0,8,30,67,119,207,277,300,273,200,224,237,197,130,89,54,31,6,0,0,0,0
13,4,0,8,37,74,107,213,271,261,241,226,263,256,220,143,95,59,27,0,6,0,0,0
0,0,0,1,14,109,128,194,210,198,194,188,206,250,224,135,109,83,28,10,29,3,1,0
0,0,0,0,33,107,124,133,146,156,156,163,165,149,122,105,107,57,25,14,11,37,4,4
0,0,0,0,30,88,115,111,131,135,148,158,126,110,91,100,98,53,10,13,2,10,1,0
2,1,3,2,51,87,84,86,91,94,104,146,112,117,87,69,77,55,31,12,13,14,13,9
8,11,12,12,32,52,73,121,149,135,142,146,142,133,93,73,55,40,26,21,23,14,7,5
13,11,0,22,56,70,97,129,140,130,127,167,160,142,114,76,85,26,8,8,2,0,0,0
5,0,8,14,103,106,116,130,132,132,129,152,151,128,100,94,102,50,13,12,9,4,7,0
5,4,7,58,102,112,119,128,147,143,149,141,136,126,78,85,73,51,12,11,13,11,2,3
15,10,22,72,96,87,109,121,154,161,166,149,142,123,114,122,84,50,18,11,6,6,2,0
7,0,13,103,113,101,138,136,148,192,173,140,140,139,125,115,101,51,17,18,11,11,8,1
0,3,20,108,122,130,140,135,139,148,164,139,146,148,146,127,114,102,16,4,6,6,0,0
6,3,47,108,126,134,137,133,122,111,117,129,144,146,141,130,113,100,13,10,8,5,6,1
3,13,65,101,118,128,135,125,116,109,108,122,137,140,137,132,118,104,28,11,12,10,8,6
8,13,47,103,104,112,116,115,107,108,100,111,114,129,132,113,107,103,48,13,12,5,5,0
10,11,63,73,87,110,113,112,103,101,85,86,122,119,117,114,80,101,19,11,0,8,8,7
3,22,59,65,85,105,111,105,97,76,73,72,101,113,105,108,107,78,37,13,10,9,9,1
6,8,36,66,77,81,78,65,46,48,53,63,72,110,109,100,78,56,11,11,7,5,10,4
3,6,51,67,91,102,70,53,52,49,51,50,62,83,78,71,54,38,10,11,10,8,6,5
8,20,35,156,131,74,61,54,52,56,51,52,65,112,127,116,61,54,11,6,9,0,6,0
12,23,80,105,103,51,50,56,49,29,42,51,54,83,146,139,66,55,10,14,0,0,0,4
13,36,65,76,71,56,50,31,24,51,34,51,51,61,80,86,65,52,16,16,2,0,0,0
10,39,60,71,59,55,53,50,34,33,30,24,52,52,58,58,53,26,18,12,0,0,0,0
16,27,45,68,57,59,32,34,36,31,13,24,50,14,60,56,44,15,12,1,0,0,0,5
11,50,57,38,55,52,50,20,13,28,29,22,13,58,51,63,13,11,8,0,0,0,0,0
8,52,57,55,32,41,11,22,13,23,29,30,38,51,46,34,12,6,6,0,0,0,0,0
14,54,56,56,52,26,34,30,13,12,34,32,40,52,51,17,10,7,0,0,0,0,0,0
11,50,55,58,52,48,26,25,8,35,50,51,50,39,48,53,13,6,8,0,0,0,0,0
22,30,53,36,28,14,38,22,14,25,14,26,25,50,50,34,22,5,3,1,0,0,0,0
13,25,25,25,7,10,12,13,26,12,12,14,45,14,50,34,14,13,12,0,0,0,2,0
8,40,30,14,11,11,10,2,7,12,11,15,9,45,52,50,10,2,9,6,1,5,4,7
11,59,13,13,12,4,8,3,6,5,12,13,7,14,59,25,12,7,0,1,4,1,0,4

6,96,207,114,82,54,14,12,20,19,73,58,69,61,70,103,77,62,60,39,11,6,5,9
11,107,110,103,100,100,131,77,89,105,69,65,89,56,52,50,55,70,68,56,25,9,0,12
12,61,84,72,56,74,91,37,60,65,86,97,13,54,60,54,75,97,82,65,28,6,2,11
6,45,56,60,53,36,40,14,24,13,45,14,10,14,5,10,100,79,61,39,5,0,4,7
7,23,43,50,47,27,37,46,37,33,50,50,50,5,10,6,57,53,30,0,0,0,0,0
12,15,24,20,43,51,45,36,41,42,54,56,53,52,37,53,49,39,3,5,1,3,0,0
9,10,14,9,11,62,57,59,66,69,70,77,83,90,79,72,65,26,0,0,0,4,0,0
0,0,2,0,13,67,70,77,92,96,82,95,124,114,93,83,78,10,0,3,0,3,0,0
0,0,0,0,11,72,87,111,125,126,114,132,138,122,120,91,65,55,27,11,3,1,3,3
0,5,9,0,41,67,99,143,159,172,177,173,185,158,119,94,72,27,20,14,6,7,12,1
0,4,0,12,28,75,120,165,209,233,224,206,202,196,155,100,78,54,14,7,3,4,5,0
10,0,0,8,30,67,119,207,275,299,271,198,223,235,196,130,89,54,30,6,0,0,0,0
13,4,0,8,37,74,108,213,270,259,241,226,262,255,220,143,95,59,28,0,6,0,0,0
0,0,0,1,14,109,129,194,209,199,195,189,206,249,225,135,109,84,28,10,27,3,1,0
0,0,0,0,32,107,124,132,146,157,157,164,166,149,122,106,107,58,27,14,11,37,4,4
0,0,0,0,30,88,115,112,131,136,149,159,127,111,91,100,98,53,10,13,2,10,1,0
2,1,4,3,50,87,84,86,91,95,104,147,113,117,87,69,77,54,33,12,13,14,13,9
8,11,12,12,32,52,73,122,150,136,143,148,142,134,93,73,55,40,26,21,23,14,7,5
13,11,0,22,56,70,97,129,141,132,128,168,161,143,115,77,85,27,8,8,2,0,0,0
5,0,8,13,103,106,116,130,133,132,130,153,152,128,100,93,102,50,13,12,9,4,7,0
5,3,6,57,101,112,119,128,148,143,150,141,137,126,78,84,73,51,12,11,13,11,2,3
15,10,22,71,95,87,108,121,154,162,166,149,142,123,114,122,84,51,18,11,6,6,2,0
7,0,13,103,113,100,138,136,147,192,173,140,140,139,125,115,101,50,17,17,11,11,8,1
0,3,22,108,122,130,140,135,139,148,164,139,146,148,146,127,114,102,16,4,6,6,0,0
6,3,48,108,126,134,136,133,122,111,117,129,144,146,141,130,113,100,13,10,8,5,6,1
3,13,65,101,118,128,135,125,116,109,108,122,137,140,137,132,118,104,28,11,12,10,8,6
8,13,48,103,104,112,116,115,108,107,100,111,114,129,132,113,107,103,50,13,12,5,5,0
10,11,63,73,87,110,113,112,103,101,85,86,123,119,117,114,80,101,17,11,0,8,8,7
3,21,59,65,85,105,111,105,97,76,73,71,101,113,105,108,107,79,36,13,10,9,9,1
6,8,36,66,77,81,78,65,46,48,53,63,71,110,109,100,78,56,11,11,7,5,10,4
3,6,51,67,91,102,70,53,52,48,50,50,62,83,78,71,54,38,10,11,10,8,6,5
8,20,35,156,131,74,61,54,52,56,51,52,65,112,127,116,61,54,11,6,9,0,6,0
12,22,79,105,103,51,51,56,49,30,41,51,54,83,146,139,66,55,10,14,0,0,0,3
13,36,65,76,71,56,50,31,23,51,34,51,51,61,80,86,65,52,16,16,2,0,0,0
10,39,60,71,59,55,53,50,34,31,31,24,52,52,58,58,53,26,20,12,0,0,0,0
16,27,45,68,57,59,33,34,36,31,13,23,50,14,60,56,44,16,12,1,0,0,0,5
11,50,57,37,55,52,50,20,13,27,30,22,13,58,51,63,13,11,8,0,0,0,0,0
8,52,57,55,32,41,11,23,13,23,29,32,38,51,46,35,12,6,6,0,0,0,0,0
14,54,56,56,52,26,34,30,13,12,33,32,40,52,51,16,10,7,0,0,0,0,0,0
11,50,55,58,53,48,26,25,8,37,50,51,50,39,48,53,13,6,8,0,0,0,0,0
22,29,53,36,28,14,36,22,14,25,14,26,24,50,50,34,22,5,3,1,0,0,0,0
13,25,25,24,7,10,12,13,26,12,12,14,46,14,50,35,14,13,12,0,0,0,2,0
8,40,31,14,11,11,10,2,8,12,11,14,9,45,52,50,10,2,9,6,1,5,4,7
11,58,13,13,12,4,8,3,6,5,12,13,7,15,59,24,12,7,0,1,4,1,0,4

6,96,207,114,82,54,14,12,20,19,73,59,69,61,70,103,77,62,60,40,11,6,5,9
11,107,110,103,100,100,131,77,88,105,69,65,89,56,52,50,55,70,67,56,25,9,0,12
12,61,84,72,56,74,91,37,60,65,85,96,13,54,60,54,75,97,82,65,28,5,2,11
6,47,57,60,53,36,40,14,26,13,45,17,10,14,5,10,101,79,61,40,5,0,4,7
7,23,43,49,47,27,37,47,38,32,50,50,50,5,10,6,57,53,31,0,0,0,0,0
12,15,24,20,43,51,45,37,41,41,54,56,53,52,37,53,49,39,4,5,1,3,0,0
9,10,14,9,11,62,57,59,66,68,71,77,83,90,79,72,65,26,0,0,0,4,0,0
0,0,2,0,13,67,70,78,92,96,83,95,124,114,94,83,78,11,0,3,0,3,0,0
0,0,0,0,11,73,87,111,125,127,115,133,139,122,120,91,65,55,30,11,3,1,3,3
0,5,9,0,42,67,100,144,160,174,178,175,186,159,120,94,73,29,22,14,6,7,12,1
0,4,0,12,29,75,120,165,211,234,225,208,204,197,156,101,78,54,14,7,3,4,5,0
10,0,0,8,30,67,118,207,277,299,272,199,223,236,197,130,89,54,30,7,0,0,0,0
13,4,0,8,37,74,107,212,270,259,239,224,262,256,220,143,94,58,27,0,6,0,0,0
0,0,0,1,14,109,128,194,210,197,193,187,206,251,224,135,109,83,28,10,27,3,1,0
0,0,0,0,33,107,124,133,146,156,155,162,164,149,122,105,107,57,27,14,11,37,4,3
0,0,0,0,30,88,115,111,130,135,147,158,126,110,91,100,98,53,10,13,2,10,1,0
2,1,3,2,51,87,84,85,91,94,104,146,112,116,87,69,77,54,32,12,13,14,13,9
8,11,12,12,32,53,73,121,149,135,142,146,141,134,93,73,55,40,26,21,23,14,7,5
13,11,0,23,56,70,97,129,140,130,127,167,160,142,114,77,85,27,8,8,2,0,0,0
5,0,8,14,103,107,116,130,132,132,129,152,151,128,100,94,102,51,13,12,9,4,7,0
5,4,7,58,102,112,119,128,147,143,149,141,136,126,79,85,73,52,12,11,13,11,2,3
15,10,22,72,96,87,109,121,155,161,165,149,142,123,114,122,85,51,19,11,6,6,2,0
7,0,13,103,113,101,138,137,148,193,174,140,140,139,126,115,101,51,18,18,11,11,8,1
0,3,22,108,122,130,140,135,139,148,165,139,147,148,147,127,115,102,16,5,6,6,0,0
6,3,48,108,126,134,137,133,123,111,117,130,144,146,141,130,113,100,13,10,8,5,6,1
3,13,65,101,118,128,135,125,116,109,108,122,137,140,137,132,118,104,28,11,12,10,8,6
8,13,47,103,104,112,116,115,108,107,100,111,114,129,132,113,107,103,48,13,12,5,5,0
10,11,63,73,87,110,113,112,103,101,85,86,123,119,117,114,80,101,19,11,0,8,8,7
3,22,59,65,85,105,111,105,97,76,72,71,101,113,105,108,107,79,37,13,10,9,9,1
6,8,36,66,77,81,78,65,46,48,53,63,72,110,109,100,78,56,11,11,7,5,10,4
3,6,51,67,91,102,70,53,52,48,51,50,62,83,78,71,54,38,10,11,10,8,6,5
8,20,35,157,131,74,61,54,52,55,51,52,65,112,127,117,61,54,11,6,9,0,6,0
12,23,79,105,103,51,50,56,50,29,42,51,54,83,146,139,66,55,10,14,0,0,0,3
13,36,65,76,71,56,50,31,23,51,35,51,51,61,80,86,65,52,16,16,2,0,0,0
10,39,60,71,59,55,53,50,35,33,29,25,52,52,58,58,53,25,19,12,0,0,0,0
16,27,45,68,57,59,32,34,36,31,13,23,50,15,59,56,44,16,12,1,0,0,0,5
11,50,57,38,55,52,50,19,13,27,28,24,13,58,51,63,13,11,8,0,0,0,0,0
8,52,57,55,32,41,11,23,13,22,29,31,38,51,46,34,12,6,6,0,0,0,0,0
14,54,56,56,52,26,34,29,13,12,34,32,40,52,51,16,10,7,0,0,0,0,0,0
11,50,55,57,53,50,26,25,8,36,50,51,50,39,48,53,13,6,8,0,0,0,0,0
22,29,53,36,28,14,37,22,14,23,14,26,25,50,50,34,22,5,3,1,0,0,0,0
13,25,25,24,7,10,12,13,26,12,12,14,45,14,50,35,14,13,13,0,0,0,2,0
8,40,30,14,10,11,10,2,7,12,11,14,9,43,52,50,10,2,9,6,1,5,5,7
11,58,13,13,12,4,8,3,6,5,12,13,7,14,59,24,12,7,0,1,4,1,0,4
