2,6,5,2,3,8,1,9,13,14,32,53,53,52,49,37,9,9,9,7,5,4,8,1
11,0,0,0,7,11,14,17,42,43,52,61,60,56,68,44,40,39,26,25,13,6,9,4
7,0,0,0,9,13,23,14,37,40,43,52,95,81,60,52,29,33,13,9,4,0,6,4
14,12,18,12,22,68,77,75,72,93,108,67,14,30,51,13,13,32,26,11,8,0,8,6
51,52,56,63,76,97,96,87,108,99,97,67,72,65,82,65,52,49,23,14,4,5,9,6
62,67,70,70,65,55,52,45,59,48,53,58,73,99,141,112,86,69,20,16,7,0,0,0
59,55,52,25,28,14,51,65,84,79,80,72,88,99,109,111,119,127,113,74,54,14,11,4
9,4,11,7,8,13,61,86,92,90,84,93,82,76,76,73,68,83,121,85,97,85,53,51
0,0,4,4,29,55,67,92,116,103,77,82,111,109,109,83,65,15,45,61,67,66,60,61
0,0,0,7,19,55,80,102,104,102,90,143,174,151,128,94,67,13,1,7,38,50,57,52
4,7,12,14,14,65,93,121,126,114,135,166,211,207,141,102,61,14,2,9,5,0,11,7
0,0,4,14,53,61,133,180,162,146,161,165,185,189,140,112,91,53,14,7,0,0,0,0
11,13,44,39,58,73,106,116,133,137,143,143,159,172,127,112,83,37,10,5,0,1,0,8
9,11,14,15,51,60,86,111,117,124,131,125,120,122,119,109,74,12,3,11,0,0,0,0
0,5,10,8,17,50,57,103,82,74,104,114,114,108,106,77,33,14,11,11,11,5,4,8
3,0,0,3,10,50,55,100,86,70,86,97,111,111,69,56,39,19,7,6,1,12,4,1
5,0,0,5,14,60,84,93,75,79,108,92,102,66,58,53,41,36,11,9,0,0,0,2
3,6,12,26,35,54,65,76,89,104,132,124,105,101,88,82,50,31,13,12,5,2,6,11
0,5,4,8,57,103,108,108,76,116,142,144,133,109,101,109,70,46,22,14,11,12,0,0
0,0,6,9,47,79,74,108,120,133,153,159,152,135,131,128,118,82,44,13,13,11,2,0
0,0,10,14,36,58,105,114,93,113,178,170,136,135,139,139,117,98,31,20,12,10,10,8
3,1,11,18,56,79,113,123,124,134,180,209,177,164,147,160,128,80,42,30,17,12,8,7
0,6,15,26,39,80,115,129,121,119,136,139,131,139,145,143,132,106,52,38,12,7,1,7
6,6,8,26,54,101,118,130,124,119,109,108,128,144,141,147,133,111,62,14,12,10,0,0
0,1,10,6,40,100,108,120,114,107,105,106,121,141,138,141,124,104,60,24,12,2,3,0
2,10,12,13,47,100,108,113,108,105,102,105,115,135,127,130,117,107,63,10,6,4,3,0
4,7,8,13,12,68,100,103,102,103,90,64,104,116,114,117,114,101,38,11,8,0,0,9
1,5,5,9,13,60,100,85,104,100,93,79,67,106,105,115,108,102,13,5,0,5,4,7
0,7,4,9,25,22,97,107,100,75,65,52,59,95,109,107,107,68,0,2,0,0,0,6
0,0,10,6,9,34,69,122,111,91,58,47,50,65,55,155,140,42,0,0,0,0,0,0
9,13,13,14,13,39,57,141,117,62,52,52,38,55,67,123,101,43,9,10,9,5,0,2
1,9,4,6,4,14,43,56,69,73,68,50,14,50,62,67,71,17,26,20,10,0,8,0
10,6,0,0,0,5,14,51,57,57,52,13,13,13,44,59,69,24,10,14,8,0,0,7
1,0,0,0,3,2,9,13,44,50,39,11,9,8,21,66,48,32,4,11,1,0,0,0
0,0,0,0,7,0,5,3,11,23,29,10,3,5,14,40,53,35,7,11,6,0,3,2
0,0,0,0,0,0,0,0,0,3,12,0,4,8,14,38,45,28,6,4,0,0,0,0
0,0,0,0,0,0,0,0,4,7,8,10,12,6,4,14,50,23,0,0,5,8,0,0
0,0,0,0,0,0,0,0,0,5,12,12,9,6,8,3,50,10,0,1,4,0,0,0
0,0,0,0,0,0,0,0,0,8,2,11,11,9,0,10,14,8,11,1,1,0,4,0
0,0,0,0,0,0,0,0,0,0,11,14,6,7,6,0,21,24,9,0,0,0,3,0
0,0,0,0,0,0,0,3,8,12,16,21,10,8,0,3,21,1,2,0,2,0,2,0
6,5,0,0,6,0,1,6,7,13,48,16,11,5,6,11,13,14,13,10,0,2,7,8
3,6,0,0,9,10,0,0,9,41,14,10,6,10,11,0,0,50,22,9,0,5,11,0
4,0,2,0,5,0,4,12,14,50,13,3,6,11,0,0,0,13,31,17,12,0,9,8

2,6,5,2,3,9,2,9,13,14,32,53,53,52,49,37,9,9,9,7,5,5,8,1
11,0,0,0,7,11,14,17,43,46,52,61,60,57,68,44,42,41,26,28,13,7,9,4
7,0,0,0,10,14,23,14,40,42,45,53,96,83,60,52,29,33,14,10,5,0,7,4
14,12,18,12,23,69,78,77,73,94,109,69,14,32,51,13,13,32,26,12,9,0,8,6
51,52,55,63,75,97,97,88,108,99,97,67,72,66,82,65,52,47,23,15,4,5,9,7
62,67,70,70,65,55,53,45,60,49,54,60,74,100,142,112,87,69,20,16,7,0,0,0
59,55,52,25,29,14,51,65,85,79,80,73,91,101,110,112,119,127,113,74,54,14,11,4
10,4,11,7,8,13,61,87,93,91,86,96,83,77,76,74,69,83,122,86,97,85,53,51
0,0,5,5,33,55,68,93,117,104,78,83,113,111,111,83,65,15,45,61,67,66,60,61
0,0,0,7,20,55,81,103,106,104,91,145,177,153,129,95,67,13,1,7,40,50,57,52
5,7,13,14,14,65,93,121,127,116,136,169,215,209,142,102,61,14,1,9,5,0,12,9
0,0,4,14,53,61,132,179,162,145,161,165,185,188,140,112,92,53,13,6,0,0,3,0
11,13,43,38,57,73,106,116,132,136,142,142,158,171,126,111,82,36,11,4,0,4,0,8
8,11,14,14,50,60,86,110,116,123,130,124,120,121,119,109,73,12,3,11,0,0,0,0
0,5,10,8,15,50,57,103,82,74,103,113,113,108,105,77,32,14,13,11,11,5,4,8
3,0,0,2,10,50,55,100,85,70,85,96,110,110,69,56,40,20,8,6,1,12,3,1
5,0,0,5,14,60,84,92,75,79,108,91,102,65,59,53,42,37,11,9,0,0,0,2
3,6,12,26,35,55,65,75,88,103,131,123,104,101,89,83,51,32,13,12,5,1,6,11
0,5,4,8,57,103,109,107,76,115,142,143,132,109,101,110,71,48,23,14,11,12,0,0
0,0,6,9,47,79,75,108,119,132,151,157,151,134,131,128,118,83,45,13,13,11,2,0
0,0,10,14,35,58,105,114,92,112,177,168,135,134,139,138,116,98,32,20,12,10,10,8
3,1,11,18,56,78,113,123,123,134,179,207,176,163,146,160,128,80,42,30,17,12,8,7
0,6,14,26,39,79,114,129,120,119,136,138,131,139,145,143,132,106,52,38,12,7,1,7
6,6,8,26,54,101,118,130,124,119,109,108,128,144,141,147,133,111,62,15,12,10,0,0
0,0,10,6,41,100,108,119,113,107,105,106,121,140,138,141,123,104,61,24,12,3,3,0
2,10,12,13,47,100,108,113,108,105,102,105,115,135,127,130,117,107,64,10,6,4,3,0
4,7,8,13,12,67,100,103,102,103,91,64,103,116,113,117,114,101,37,11,8,0,0,9
1,5,5,9,13,59,100,85,104,100,93,79,68,106,105,115,108,102,13,5,0,5,4,7
0,7,4,9,24,21,96,107,100,75,65,52,59,95,109,107,107,69,0,3,0,0,0,6
0,0,10,7,9,34,69,122,111,92,58,47,49,65,55,156,141,42,0,0,0,0,0,0
9,13,13,14,13,38,57,141,116,62,52,52,37,56,67,122,101,43,9,10,9,5,0,2
1,9,4,6,4,14,44,56,69,73,69,50,14,50,62,67,70,17,26,20,11,0,8,0
10,6,0,0,0,5,14,51,57,57,51,13,14,13,43,59,69,25,10,15,8,0,0,7
1,0,0,0,3,1,9,13,44,50,39,12,10,9,22,66,48,33,4,11,1,0,0,0
0,0,0,0,7,0,4,5,12,24,29,11,5,5,14,40,53,36,7,11,6,0,3,2
0,0,0,0,0,0,0,0,0,4,12,2,5,9,14,38,45,28,6,4,0,0,0,0
0,0,0,0,0,0,0,0,2,7,8,10,12,6,5,13,50,22,0,0,5,8,0,0
0,0,0,0,0,0,0,0,0,6,12,12,9,7,8,3,50,10,0,1,4,0,0,0
0,0,0,0,0,0,0,0,0,9,3,12,12,10,0,10,14,8,11,1,1,0,4,0
0,0,0,0,0,0,0,0,0,0,11,14,6,7,6,0,22,24,9,0,0,0,3,0
0,0,0,0,0,0,0,4,8,13,19,25,11,9,0,3,21,2,2,0,2,0,2,0
6,5,0,0,6,1,1,6,8,14,50,18,11,5,6,12,14,14,13,10,0,2,7,8
3,6,0,0,9,10,0,0,9,44,14,10,6,10,11,0,0,48,22,9,0,5,11,0
4,0,2,0,5,0,4,12,14,50,14,3,6,11,0,0,0,13,31,17,12,0,9,8

3,6,6,2,4,9,2,9,13,14,33,54,53,53,49,38,9,9,9,7,5,4,8,2
11,0,0,0,8,11,14,18,46,46,52,62,60,57,69,44,41,41,28,27,13,7,9,4
7,0,0,1,10,14,26,14,38,42,48,53,98,83,60,53,30,33,13,10,5,0,7,4
14,12,19,13,24,69,78,78,73,95,109,71,16,35,52,13,13,32,27,12,9,0,8,7
51,52,56,63,76,97,97,89,109,100,98,68,73,65,82,65,52,49,23,15,4,5,9,7
62,67,70,70,65,55,53,46,60,50,55,61,76,101,144,114,87,69,20,17,7,0,0,0
59,55,52,26,29,14,52,66,86,80,81,74,92,102,111,113,120,127,113,74,54,14,11,4
10,4,12,8,9,13,61,88,94,92,87,97,84,78,77,75,69,84,122,86,97,85,54,51
0,0,5,5,35,56,68,94,118,105,79,84,114,112,111,84,65,16,46,62,67,66,60,61
0,0,0,8,23,55,81,104,107,104,91,146,179,155,130,96,67,13,1,7,40,51,57,52
5,7,13,14,14,65,93,121,128,117,137,171,216,211,143,102,61,14,1,9,6,0,12,9
0,0,4,14,53,61,131,180,162,145,160,164,185,188,140,112,91,53,13,7,0,0,4,0
11,13,43,39,58,73,106,116,132,135,141,141,158,171,126,111,82,36,11,4,0,5,0,9
9,12,14,14,50,60,85,110,116,122,129,123,119,121,119,108,73,12,3,11,0,0,0,0
0,5,10,8,15,50,57,103,81,73,102,112,113,108,105,76,33,14,13,11,11,5,4,8
3,0,0,2,10,50,55,100,85,69,84,95,110,110,69,56,39,20,8,6,1,12,4,1
5,0,0,5,14,61,84,92,74,78,107,90,101,65,59,53,42,37,12,9,0,0,0,2
3,6,12,26,36,55,66,75,87,101,130,122,104,100,90,85,52,32,13,12,5,1,6,11
0,5,4,8,57,104,109,107,75,114,141,142,131,108,102,110,71,48,23,14,11,12,0,0
0,0,6,9,47,80,75,108,119,131,150,156,150,134,130,128,119,83,45,13,13,11,2,0
0,0,10,14,35,58,105,114,91,112,176,168,135,134,139,138,116,99,32,20,12,10,10,8
3,1,11,18,55,78,113,123,123,133,178,207,176,162,145,160,128,80,43,30,17,12,8,7
0,6,14,26,39,79,114,129,120,118,135,138,130,139,145,143,132,106,52,38,12,7,1,7
6,6,8,26,55,101,118,129,124,118,109,108,127,144,141,147,133,111,63,14,13,10,0,0
0,0,10,6,41,100,108,119,113,107,105,106,121,140,138,141,123,104,62,24,12,2,3,0
2,10,12,13,47,100,108,113,108,105,102,105,115,135,127,130,117,107,66,10,6,4,3,0
4,7,8,13,12,68,100,103,102,103,91,63,104,116,113,117,114,101,38,11,8,0,0,9
0,5,5,9,13,59,100,84,104,100,92,78,68,106,105,115,108,102,13,5,0,5,4,7
0,7,4,9,24,19,97,107,100,75,65,52,59,95,109,107,107,69,0,3,0,0,0,6
0,0,10,6,9,36,69,122,111,92,58,47,50,65,55,157,141,42,0,0,0,0,0,0
9,13,13,14,13,39,57,141,116,62,51,52,38,56,67,122,101,43,9,10,9,5,0,2
1,9,4,6,4,14,44,56,69,73,69,50,14,50,62,67,70,18,27,20,11,0,8,0
10,6,0,0,0,5,15,51,57,58,51,13,14,13,44,59,69,25,10,15,8,0,0,7
1,0,0,0,3,1,9,13,46,50,40,12,11,9,22,66,48,33,5,11,1,0,0,0
0,0,0,0,7,0,5,5,12,25,30,11,5,6,14,40,54,36,7,11,6,0,3,2
0,0,0,0,0,0,0,0,0,5,12,2,6,9,14,38,45,28,6,4,0,0,0,0
0,0,0,0,0,0,0,0,3,7,9,10,12,6,5,14,50,24,0,0,5,8,0,0
0,0,0,0,0,0,0,0,0,6,12,13,9,7,8,3,50,10,0,2,4,0,0,0
0,0,0,0,0,0,0,0,0,9,4,12,12,10,0,10,16,8,11,1,1,0,4,0
0,0,0,0,0,0,0,0,0,1,12,14,7,8,7,0,23,24,8,0,0,0,3,0
0,0,0,0,0,0,0,4,8,14,19,25,11,9,0,3,21,2,2,0,2,0,2,0
6,5,0,0,6,1,1,6,8,14,50,19,12,5,6,12,14,14,14,10,0,3,7,8
3,6,0,0,9,10,1,0,10,46,15,10,6,10,11,0,0,50,24,9,0,5,11,0
4,0,2,0,5,0,5,12,14,50,14,3,6,11,0,0,0,13,31,17,12,0,9,8

3,6,6,2,4,9,2,9,13,14,33,54,53,53,50,38,9,9,9,7,5,5,8,2
11,0,0,0,8,11,15,18,46,47,52,62,61,57,69,45,42,42,28,27,13,7,9,4
7,0,0,2,10,13,26,14,41,43,47,53,98,83,60,53,29,33,14,10,5,0,7,4
14,12,20,13,25,70,78,78,74,96,109,71,20,34,51,13,13,32,27,12,9,0,8,7
52,52,55,63,75,98,98,89,109,100,99,68,73,66,82,66,52,47,23,15,4,6,9,7
62,68,70,70,65,55,54,47,61,50,55,62,77,102,145,114,87,70,20,17,7,0,0,0
59,55,52,27,31,14,52,66,87,80,81,74,93,103,112,114,120,127,113,74,54,14,11,4
10,5,12,8,9,14,61,89,95,93,88,98,84,78,77,75,70,84,122,86,97,85,54,51
0,0,6,5,37,56,68,95,119,105,79,84,114,112,112,85,66,18,46,62,67,66,60,61
0,0,0,8,23,56,81,104,107,104,91,147,181,156,131,96,67,13,1,7,41,51,58,52
5,8,13,14,14,65,93,121,128,117,137,171,217,212,144,103,61,14,1,9,6,0,12,10
0,0,5,14,53,61,131,180,162,144,159,164,185,187,139,112,91,52,13,7,0,0,5,0
11,13,44,39,58,73,106,116,131,134,140,140,159,171,126,111,81,36,11,5,0,5,0,9
8,12,14,14,50,60,85,110,115,121,128,123,118,121,119,108,73,12,3,11,0,0,0,0
0,5,10,8,14,50,57,102,80,72,101,112,112,107,105,76,33,14,13,11,11,5,4,8
3,0,0,2,10,50,54,100,85,69,84,95,109,110,68,56,40,20,8,6,1,12,4,1
5,0,0,5,14,62,84,91,74,77,106,90,101,65,59,53,43,39,12,9,0,0,0,2
2,6,13,27,37,56,66,75,87,100,129,121,102,100,91,86,52,32,14,12,5,1,6,11
0,5,5,8,59,104,110,107,75,113,140,141,130,108,102,111,71,49,24,14,11,12,0,0
0,0,6,9,49,81,76,108,119,131,150,155,150,134,131,129,119,83,47,13,13,11,2,0
0,0,10,14,36,58,105,114,92,111,176,167,135,134,139,139,117,100,32,20,12,10,10,8
2,1,11,18,56,79,113,123,123,133,178,207,176,163,146,160,128,80,43,30,17,12,8,7
0,6,14,26,39,78,114,129,120,118,135,138,130,139,145,143,132,106,52,39,12,7,1,7
6,6,8,27,54,101,118,129,124,118,109,108,127,143,140,147,133,111,63,14,12,10,0,0
0,0,10,6,40,100,108,119,113,107,105,106,121,140,138,141,123,104,62,24,12,2,3,0
2,10,12,13,48,100,108,113,108,105,102,105,115,135,127,130,117,107,67,10,6,4,3,0
4,7,8,13,12,68,100,103,102,103,91,63,104,116,113,117,114,101,37,11,8,0,0,9
0,5,5,9,13,60,100,84,104,100,93,77,67,106,105,115,108,102,13,5,0,5,4,7
0,7,4,9,24,22,97,107,100,75,65,52,59,95,109,107,107,68,0,3,0,0,0,6
0,0,10,6,10,35,69,122,111,93,58,47,49,65,55,157,141,42,0,0,0,0,0,0
9,13,13,14,13,39,57,142,116,62,52,52,38,55,67,122,100,43,9,10,9,5,0,2
1,9,4,6,4,14,44,56,69,73,69,50,14,51,62,66,70,18,26,20,11,0,8,0
10,6,0,0,0,5,16,51,57,58,51,13,14,13,44,58,70,25,10,15,8,0,0,7
1,0,0,0,4,1,9,13,46,50,40,12,11,9,22,66,48,33,5,11,1,0,0,0
0,0,0,0,7,0,5,5,12,26,30,11,6,6,14,40,53,37,7,11,6,0,3,2
0,0,0,0,0,0,0,0,0,5,12,3,6,9,14,37,44,28,6,4,0,0,0,0
0,0,0,0,0,0,0,0,3,8,9,10,12,6,5,13,50,22,0,0,5,8,0,0
0,0,0,0,0,0,0,0,0,6,12,13,9,7,8,3,50,10,0,2,4,0,0,0
0,0,0,0,0,0,0,0,0,9,4,12,12,10,0,10,17,8,12,1,1,0,4,0
0,0,0,0,0,0,0,0,0,1,12,14,7,8,7,0,22,24,9,0,0,0,3,0
0,0,0,0,0,0,0,4,8,14,21,26,11,9,0,3,22,2,2,0,2,0,2,0
5,5,0,0,6,1,1,6,8,14,50,20,12,5,6,12,14,14,14,10,0,2,7,8
3,6,0,0,9,10,1,0,10,46,17,11,6,10,11,0,0,50,25,9,0,5,11,0
4,0,2,0,5,0,5,12,14,50,14,3,6,11,0,0,0,13,31,17,12,0,9,8

4,7,6,2,4,9,2,9,13,14,33,54,53,53,50,39,9,10,10,7,5,5,8,2
11,1,0,0,8,11,14,20,47,46,52,62,61,57,70,45,42,44,28,25,13,7,9,4
8,0,1,3,11,14,29,14,41,43,50,54,100,85,61,53,30,33,14,10,5,0,7,5
14,12,20,13,26,70,79,79,75,97,109,72,26,36,52,13,13,32,27,12,9,0,8,7
52,52,55,63,75,98,98,90,109,100,99,69,74,66,82,66,52,48,23,15,4,6,9,7
62,67,70,70,65,55,54,47,61,51,56,63,77,103,147,115,88,69,21,17,7,0,0,0
59,55,52,28,31,14,52,66,87,80,82,75,95,104,112,115,120,127,113,74,54,14,11,4
11,5,12,9,9,14,62,90,96,93,88,99,85,79,78,75,70,84,122,86,97,85,54,51
0,0,6,6,39,56,69,96,119,106,80,84,115,113,112,85,66,19,46,62,67,66,60,61
0,0,0,8,23,55,81,105,108,105,92,148,182,157,131,96,67,13,2,8,41,51,58,52
5,8,13,14,14,65,93,121,128,117,138,173,219,213,144,103,61,14,1,9,6,0,12,10
0,0,5,14,53,60,130,180,162,144,159,164,186,187,139,111,91,52,13,7,0,0,5,0
11,13,44,38,57,73,107,116,130,133,139,139,159,172,125,111,81,35,11,6,0,5,1,9
8,11,14,14,50,60,85,110,115,120,127,122,118,121,119,108,72,12,3,12,0,0,0,0
0,5,10,8,15,50,57,102,80,72,101,111,112,107,105,76,33,15,13,11,11,5,4,8
3,0,0,2,10,50,54,100,84,68,83,94,109,110,69,56,41,22,8,6,2,12,4,1
5,0,0,5,14,62,85,91,73,77,105,89,100,65,59,54,44,40,12,9,0,0,0,2
2,6,13,27,37,57,67,75,85,99,128,119,102,100,93,87,52,32,14,12,5,2,6,11
0,5,5,8,60,105,111,107,74,112,140,140,130,108,103,111,72,49,24,14,11,12,0,0
0,0,6,10,48,81,76,108,118,130,149,154,149,134,131,129,119,84,46,13,13,11,2,0
0,0,11,14,36,58,105,114,91,111,175,167,135,134,139,139,117,100,33,20,12,10,10,8
2,0,11,18,56,78,113,123,122,133,178,206,176,162,145,159,128,80,43,30,17,12,8,7
0,6,14,26,39,78,114,128,120,118,135,137,130,139,145,143,132,106,52,39,12,7,1,7
6,6,8,26,54,101,117,129,124,118,109,108,127,143,140,146,133,111,63,15,12,10,0,0
0,0,10,6,43,100,107,119,113,107,105,106,121,140,138,141,123,104,62,25,12,2,3,0
2,10,12,13,48,100,108,113,108,105,102,105,115,134,127,130,117,107,67,10,6,4,3,0
4,7,8,13,12,67,100,103,102,103,91,63,104,116,113,116,114,101,38,11,8,0,0,9
0,5,5,8,13,59,100,84,104,100,93,77,67,106,105,115,108,102,13,5,0,5,4,7
0,7,4,9,26,22,97,107,100,75,65,52,59,95,109,107,107,67,0,3,0,0,0,6
0,0,10,6,10,36,70,123,111,92,58,47,49,65,55,157,141,43,0,0,0,0,0,0
9,13,13,14,13,40,57,142,115,62,52,52,37,56,67,122,100,43,9,10,9,5,0,2
1,9,4,6,4,14,44,56,69,73,69,50,14,51,61,66,71,18,26,20,11,0,9,1
10,6,0,0,0,6,15,51,57,58,51,13,14,13,43,58,69,25,10,15,8,0,0,7
1,0,0,0,4,1,9,13,46,50,39,12,11,9,23,66,48,33,5,11,1,0,0,0
0,0,0,0,7,0,5,6,12,27,31,11,6,6,14,40,54,37,7,11,6,0,2,2
0,0,0,0,0,0,0,0,0,6,13,3,6,9,14,37,46,28,6,4,0,0,0,0
0,0,0,0,0,0,0,0,3,8,9,10,12,6,5,14,50,23,1,0,5,8,0,0
0,0,0,0,0,0,0,0,1,6,12,13,9,7,8,3,50,10,0,2,4,0,0,0
0,0,0,0,0,0,0,0,0,10,4,12,12,10,0,10,17,8,12,1,1,0,4,0
0,0,0,0,0,0,0,0,0,1,12,14,7,8,7,0,23,23,8,0,0,0,3,0
0,0,0,0,0,0,0,5,8,14,22,26,11,9,0,3,22,3,3,0,2,0,2,0
6,5,0,0,6,1,1,6,8,14,50,23,12,5,6,12,14,14,14,10,0,2,7,8
3,6,0,0,9,10,1,0,10,48,22,11,6,10,11,0,0,50,24,9,0,5,11,0
4,0,2,0,5,0,5,12,14,50,14,3,6,11,0,0,0,13,31,17,12,0,9,8

4,7,6,2,4,9,3,9,13,14,34,54,53,53,50,39,9,10,10,7,5,5,8,2
11,2,0,0,8,11,15,20,47,47,52,62,61,57,70,45,42,42,29,27,13,7,9,4
8,0,2,3,11,14,27,14,41,46,50,54,100,85,61,53,30,34,14,10,5,0,7,5
14,12,20,13,26,70,79,79,75,97,109,72,29,37,52,13,13,32,27,12,9,0,8,7
52,52,56,63,76,99,98,90,110,100,99,69,75,66,82,66,52,49,24,15,4,6,9,7
62,68,71,70,65,55,54,47,61,51,56,63,78,103,147,115,88,70,21,17,7,0,0,0
59,56,53,29,31,14,52,67,87,80,82,75,95,104,113,115,121,127,113,74,54,14,11,4
11,5,12,9,9,14,62,90,96,93,88,99,85,79,78,75,70,84,122,86,98,85,54,52
0,0,7,6,39,56,69,96,119,106,80,85,115,113,113,85,66,19,46,62,67,66,60,61
0,0,0,8,23,55,81,105,107,104,92,148,182,158,131,96,68,13,2,8,41,51,58,52
5,8,13,14,14,65,93,121,128,117,137,173,219,213,144,102,61,14,1,10,7,0,12,10
0,0,5,14,53,61,130,180,162,144,158,164,185,187,138,111,91,52,13,8,0,0,5,0
11,13,45,39,57,73,107,116,130,132,138,139,159,172,125,110,81,35,11,6,0,5,1,9
8,12,14,14,50,60,85,110,114,119,127,122,117,121,119,108,73,12,3,12,0,0,0,0
0,5,10,8,15,50,57,102,80,71,100,111,112,107,105,77,33,14,13,11,11,5,4,8
3,0,0,2,10,50,54,100,84,68,83,93,109,110,69,56,41,20,9,7,2,12,4,1
5,0,0,6,14,63,85,91,73,76,105,89,100,65,59,54,45,40,12,10,0,0,0,2
2,6,13,27,38,57,67,75,85,98,127,118,101,100,94,89,53,32,14,13,5,1,6,11
0,5,5,8,59,105,111,107,74,112,139,139,129,108,104,112,72,49,25,14,11,12,0,0
0,0,6,10,48,81,77,108,118,129,148,153,149,134,131,129,119,85,48,13,13,11,2,0
0,0,11,14,35,58,105,114,91,110,174,166,134,134,139,139,117,100,33,20,12,10,10,8
2,0,11,18,56,78,113,122,122,132,177,205,175,162,145,159,128,81,44,30,17,12,8,7
0,6,14,26,39,78,113,128,120,118,134,137,130,139,145,143,132,107,52,39,12,7,1,7
6,6,8,26,54,101,117,129,123,118,109,108,127,143,140,146,133,111,63,15,12,10,0,0
0,0,10,6,43,100,107,119,113,107,105,106,121,140,137,141,123,104,64,25,12,2,3,0
2,10,12,13,50,100,107,112,108,105,102,105,115,135,127,129,117,107,68,11,6,4,3,0
4,7,8,13,12,67,100,103,102,103,92,63,103,116,113,116,114,101,40,11,8,0,0,9
0,5,5,8,13,60,100,84,104,100,93,77,67,106,105,115,108,102,13,5,0,5,4,7
0,7,4,9,26,22,97,107,100,75,65,52,59,94,109,107,107,69,0,3,0,0,0,6
0,0,10,7,10,36,70,123,111,92,58,47,49,65,55,158,142,43,0,0,0,0,0,0
9,13,13,14,13,40,57,142,115,62,52,52,38,56,67,121,100,43,9,10,9,5,0,2
1,9,4,6,4,14,45,56,69,73,69,50,14,50,61,66,70,19,27,20,11,0,9,1
10,6,0,0,0,6,15,51,57,57,52,14,14,13,43,58,70,25,10,15,8,0,0,7
2,0,0,0,4,2,9,14,46,50,40,12,11,9,23,66,49,33,5,11,1,0,0,0
0,0,0,0,8,0,5,6,12,26,31,11,6,6,14,40,54,37,7,11,6,0,3,2
0,0,0,0,0,0,0,0,0,6,13,3,6,9,14,37,45,29,6,5,0,0,0,0
0,0,0,0,0,0,0,0,3,8,9,10,12,7,5,14,50,23,1,0,5,8,0,0
0,0,0,0,0,0,0,0,1,7,12,13,9,7,8,3,50,10,0,2,4,0,0,0
0,0,0,0,0,0,0,0,0,10,5,12,12,10,0,10,17,8,12,1,1,0,4,0
0,0,0,0,0,0,0,0,0,2,12,14,7,8,7,0,23,23,9,0,0,0,3,0
0,0,0,0,0,0,0,5,8,14,22,27,11,9,0,3,22,3,3,0,2,0,2,0
6,5,0,0,6,1,1,6,8,15,50,23,12,5,6,12,14,15,14,10,0,3,7,8
3,6,0,0,9,10,1,0,10,48,23,11,7,10,11,0,0,50,25,9,0,5,11,0
4,0,2,0,5,0,5,12,14,50,14,3,6,11,0,0,0,13,31,17,12,0,9,8

4,7,6,2,4,9,3,9,13,14,37,54,54,54,51,40,10,10,10,7,5,5,8,2
11,2,1,0,9,11,17,22,50,50,52,63,61,57,71,46,43,44,29,28,13,7,9,4
8,0,3,4,11,14,29,14,44,44,50,54,100,87,62,53,30,34,14,10,5,0,7,5
14,12,21,13,26,70,79,80,75,98,109,73,36,40,52,13,13,32,27,12,9,0,9,7
52,52,56,63,76,98,98,90,110,100,99,69,75,66,82,66,52,48,23,15,4,6,9,7
62,68,70,70,65,56,54,47,61,51,56,63,78,104,148,115,88,70,20,17,7,0,0,0
59,55,52,29,31,14,52,67,87,80,82,75,96,104,112,115,120,127,113,74,54,14,11,4
11,5,12,9,9,14,62,90,95,92,88,100,85,79,77,75,70,84,122,86,97,85,54,52
1,0,7,6,37,56,69,95,119,105,80,85,115,112,112,84,66,18,46,62,67,66,60,61
0,0,0,8,23,55,81,104,106,104,92,147,181,156,130,95,67,13,1,8,42,51,58,52
5,8,13,14,14,65,92,120,127,116,137,172,217,212,143,102,61,14,1,10,7,0,12,10
0,0,5,15,53,61,131,180,162,144,159,165,186,188,139,111,91,52,13,8,0,0,5,0
11,13,45,40,58,73,107,116,131,133,139,140,159,172,125,110,80,35,11,6,0,5,1,9
9,12,14,14,50,60,85,110,115,121,128,122,118,121,119,108,73,12,3,12,0,0,0,0
0,6,10,8,14,50,57,102,80,72,101,111,112,107,105,77,33,14,13,11,12,5,5,9
3,0,0,2,10,50,55,100,84,69,84,94,109,110,69,56,41,19,8,7,2,12,4,2
5,0,0,6,14,63,84,91,73,77,105,89,101,65,59,54,45,42,12,9,0,0,0,2
2,6,12,27,37,57,66,74,85,98,127,119,102,100,93,88,53,32,14,13,5,2,6,11
0,5,5,8,59,104,110,107,74,112,139,140,129,108,103,111,72,50,25,14,11,12,0,0
0,0,6,9,47,80,76,108,118,129,148,153,149,133,131,129,119,84,47,13,13,11,2,0
0,0,10,14,35,58,105,113,90,110,173,165,134,133,138,138,117,100,33,20,12,10,10,8
2,0,11,18,56,78,112,122,122,132,176,204,175,161,145,159,127,80,43,31,17,12,8,7
0,5,14,26,39,77,113,128,119,117,134,136,129,138,145,142,132,106,52,39,12,7,1,7
6,6,8,27,54,101,117,129,123,118,109,108,127,143,140,146,133,111,63,15,12,10,0,0
0,0,10,6,43,100,107,119,113,107,105,106,121,140,137,140,123,104,63,24,12,2,3,0
2,10,12,13,48,100,107,112,108,105,102,105,115,134,127,129,117,107,68,11,6,4,3,0
4,7,8,13,12,66,100,103,102,103,91,63,103,116,113,116,114,101,38,11,8,0,0,9
0,5,5,9,13,59,100,84,104,100,92,77,67,106,105,115,108,102,13,5,0,5,4,7
0,7,4,9,27,22,97,107,100,75,65,52,59,94,109,107,107,69,0,3,0,0,0,6
0,0,10,7,10,37,70,123,111,93,59,47,49,65,55,158,142,43,0,0,0,0,0,0
9,13,13,14,14,40,57,143,115,62,52,52,38,56,67,121,100,43,9,10,9,5,0,2
1,9,4,6,4,14,45,56,69,73,69,50,14,50,61,66,70,18,27,21,11,0,9,2
10,6,0,0,0,6,15,52,57,58,51,14,14,13,43,58,70,25,10,15,8,0,0,7
2,0,0,0,4,2,9,14,47,50,40,13,11,10,24,66,49,33,5,11,1,0,0,0
0,0,0,0,7,0,5,6,13,28,31,11,6,6,14,40,54,37,7,11,6,0,3,2
0,0,0,0,0,0,0,0,0,7,13,4,7,10,14,37,45,28,6,5,0,0,0,0
0,0,0,0,0,0,0,0,3,8,9,10,12,7,5,14,50,23,1,0,6,8,0,0
0,1,0,0,0,0,0,0,1,7,13,13,10,7,8,3,50,10,0,2,4,0,0,0
0,0,0,0,0,0,0,0,0,10,5,12,12,10,0,10,18,8,12,1,1,0,4,0
0,0,0,0,0,0,0,0,0,2,13,16,7,8,7,0,23,24,9,0,0,0,3,0
0,0,0,0,0,0,0,5,8,14,23,28,11,9,0,3,22,3,3,0,2,0,2,0
6,5,0,0,6,1,1,6,9,15,50,26,12,5,7,12,14,16,14,10,0,3,7,8
3,6,0,0,9,10,1,0,10,50,26,11,7,10,11,0,0,50,25,9,0,5,11,0
4,0,2,0,5,0,5,12,14,50,14,3,6,11,0,0,0,13,32,17,12,0,9,8

5,7,6,2,4,9,3,9,13,14,36,54,54,54,51,41,10,10,10,7,5,5,8,2
11,3,2,0,9,11,15,22,48,48,53,63,62,58,71,46,43,44,29,27,13,7,9,4
8,0,4,4,11,14,29,14,43,46,50,54,100,87,62,53,30,34,14,10,5,0,7,5
16,12,21,14,27,71,80,82,75,99,109,73,39,42,52,14,13,32,27,12,9,0,9,7
52,52,56,63,75,99,98,91,110,100,99,69,75,66,82,67,52,48,23,15,4,7,9,7
62,68,71,71,65,56,54,48,61,51,57,64,79,104,148,115,88,70,21,17,7,0,0,0
59,55,53,29,31,14,52,67,88,80,82,75,96,105,113,116,121,127,113,74,54,14,11,4
11,5,12,9,9,14,62,90,95,92,88,100,85,79,78,75,70,84,122,86,97,85,54,52
1,0,7,6,38,56,68,95,118,105,80,84,115,112,112,84,66,19,47,62,67,66,60,61
0,0,0,9,23,55,81,103,106,104,92,147,180,155,130,95,67,13,2,8,42,51,58,52
5,8,13,14,14,65,92,120,126,116,137,171,216,211,142,102,61,14,1,10,7,0,12,10
0,0,5,15,53,61,132,179,161,145,161,165,185,188,140,111,91,52,13,8,0,0,5,0
11,13,44,41,59,74,107,116,132,135,141,141,159,172,126,111,81,36,11,7,0,6,1,9
9,12,15,15,51,60,86,110,116,122,129,123,119,121,119,108,73,12,3,12,0,0,0,0
0,6,10,8,16,50,57,103,81,73,102,112,112,108,105,76,34,15,13,11,12,5,5,9
3,0,0,2,10,51,55,100,85,69,84,95,109,110,69,56,41,20,8,7,2,12,4,2
5,0,0,5,14,61,84,91,74,77,106,90,101,65,59,53,43,40,12,9,0,0,0,2
2,6,12,26,36,55,66,74,86,99,128,120,102,100,91,86,52,32,14,12,5,2,6,11
0,5,5,8,57,104,109,107,74,112,140,140,129,108,102,111,72,49,24,14,11,12,0,0
0,0,6,9,46,79,75,107,117,128,148,152,148,133,130,128,119,84,46,13,13,11,2,0
0,0,10,14,35,57,104,113,89,109,172,165,133,133,138,138,116,99,32,20,12,10,10,8
2,0,11,15,56,77,112,122,121,131,176,204,174,160,144,158,127,80,43,30,17,12,8,7
0,5,14,26,39,76,113,128,119,117,134,136,129,138,144,142,131,106,52,39,12,7,1,7
6,6,8,26,54,101,117,129,123,118,109,108,127,143,140,146,133,111,64,14,12,10,0,0
0,0,10,6,43,100,107,119,113,107,105,106,121,140,137,140,123,104,63,25,12,2,3,0
2,10,12,13,48,100,107,112,108,105,102,105,115,134,127,129,117,107,68,11,6,4,3,0
4,7,8,13,12,66,100,103,102,103,92,63,103,116,113,116,114,101,40,11,8,0,0,9
0,5,5,9,13,60,100,84,104,100,93,76,67,106,105,115,108,102,13,5,0,5,4,7
0,7,4,9,27,22,97,107,100,75,65,52,59,95,108,107,107,68,0,3,0,0,0,6
0,0,10,7,10,39,71,123,111,92,58,47,49,65,55,159,142,43,0,0,0,0,0,0
9,13,13,14,14,40,57,143,115,62,52,52,38,56,67,122,100,43,9,10,9,5,0,2
1,9,4,6,4,14,45,56,69,74,69,50,14,51,61,66,70,19,27,20,11,0,9,2
10,6,0,0,0,6,16,52,57,57,52,14,14,13,44,58,70,26,10,15,8,0,0,8
1,0,0,0,4,2,9,14,47,50,42,13,11,10,24,66,49,33,5,11,1,0,0,0
0,0,0,0,8,0,5,6,13,29,31,11,6,7,14,41,54,38,7,12,6,0,3,2
0,0,0,0,0,0,0,0,0,7,13,5,7,10,14,38,45,29,6,5,0,0,0,0
0,0,0,0,0,0,0,0,3,9,10,10,12,7,5,14,50,24,1,0,6,8,0,0
0,1,0,0,0,0,0,0,1,7,13,13,10,7,8,3,50,10,0,2,4,0,0,0
0,0,0,0,0,0,0,0,0,10,5,13,12,10,0,10,18,8,12,2,1,0,4,0
0,0,0,0,0,0,0,0,0,2,13,17,7,8,7,0,25,24,9,0,0,0,3,0
0,0,0,0,0,0,0,5,8,14,24,30,11,9,0,3,22,3,3,0,2,0,2,0
6,5,0,0,6,1,2,7,9,16,50,27,13,5,7,12,14,17,14,10,0,3,7,8
3,6,0,0,9,10,1,0,10,50,28,11,7,10,11,0,0,50,26,9,0,5,11,0
4,0,2,0,5,0,5,12,14,51,14,3,6,11,0,0,0,13,32,17,12,0,9,8

5,7,6,2,5,9,3,9,13,14,37,54,54,54,51,40,10,10,10,7,5,5,8,2
12,4,2,0,9,12,16,21,48,50,52,63,62,57,71,46,43,44,29,27,13,7,10,5
8,0,5,5,11,14,30,15,44,46,50,54,100,88,62,53,30,34,14,10,5,0,7,5
16,13,22,14,28,71,80,82,76,100,109,74,37,42,52,13,13,32,28,12,9,0,9,7
52,52,56,63,76,99,99,91,110,100,99,69,75,66,83,67,52,49,23,15,4,7,9,7
62,68,71,71,66,56,55,49,62,52,58,63,79,104,149,116,88,70,21,17,8,0,0,0
59,56,53,31,32,14,52,67,88,81,82,75,96,106,114,116,121,127,113,74,54,14,12,4
11,5,13,9,10,14,62,90,96,93,88,99,85,79,78,75,70,84,122,86,98,85,54,52
1,0,7,6,38,56,69,95,118,104,79,84,114,113,112,85,66,19,47,62,67,66,60,61
0,0,1,9,23,55,81,103,105,103,91,145,178,155,130,96,67,13,2,8,42,51,58,53
5,8,13,14,14,65,92,120,125,114,135,169,214,209,142,102,61,14,1,10,7,0,12,10
0,0,6,16,53,61,132,177,161,145,162,166,185,188,140,112,91,52,13,8,0,0,5,0
11,13,44,41,58,73,106,116,133,136,142,143,159,171,126,111,82,36,11,7,0,6,2,9
9,12,16,17,51,60,86,111,116,123,130,124,120,121,118,108,73,12,3,12,0,0,0,0
0,6,11,8,17,50,57,103,82,74,103,113,113,108,106,76,34,15,13,11,12,5,5,9
3,0,0,2,10,51,55,100,86,70,85,96,110,111,69,57,40,20,8,6,1,12,4,2
5,0,0,5,14,61,84,92,74,78,108,91,102,66,59,53,42,39,12,9,0,0,0,2
2,6,12,26,35,55,65,74,87,101,130,122,104,100,89,84,52,32,13,12,5,2,6,11
0,5,5,8,56,103,108,107,74,113,140,141,130,107,100,110,71,48,24,14,11,12,0,0
0,0,6,8,45,78,74,107,117,128,148,152,148,132,129,127,118,83,46,13,13,11,2,0
0,0,10,13,35,57,104,112,88,108,172,164,133,132,137,137,116,99,32,20,12,10,10,8
2,0,11,15,55,76,111,121,121,130,175,203,173,160,144,158,126,80,43,30,17,12,8,7
0,5,14,26,39,75,112,127,118,117,133,135,128,138,144,142,131,106,52,38,11,7,1,7
6,5,8,27,54,101,117,128,123,118,109,108,127,143,140,146,133,111,63,15,12,10,0,0
0,0,10,6,43,100,107,118,113,107,105,106,120,140,137,140,123,104,63,24,12,2,3,0
2,10,12,13,47,100,107,112,108,105,102,105,115,134,127,129,117,107,70,11,6,4,3,0
4,7,8,13,12,67,100,103,102,103,92,63,103,116,113,116,114,101,38,11,8,0,0,9
0,5,5,9,13,60,100,84,104,100,93,76,68,106,105,115,108,102,13,5,0,5,4,7
0,7,4,10,28,22,97,107,100,75,65,52,59,96,109,107,107,67,0,3,0,0,0,6
0,0,10,7,10,39,70,123,111,92,58,47,49,65,55,159,142,43,0,0,0,0,0,0
9,13,13,14,14,40,58,144,115,62,52,53,38,56,67,122,100,43,9,10,9,5,0,2
1,9,4,7,4,14,45,56,69,74,69,50,14,51,62,66,71,19,27,21,11,0,9,2
10,6,0,0,0,6,16,52,57,58,52,14,14,13,43,58,70,26,10,15,8,0,0,8
1,0,0,0,4,2,9,14,48,50,41,13,12,10,24,66,49,33,5,11,1,0,0,0
0,0,0,0,7,0,5,6,13,30,32,12,7,7,14,40,54,37,7,12,6,0,3,2
0,0,0,0,0,0,0,0,0,7,13,5,7,10,14,38,45,30,6,5,0,0,0,0
0,0,0,0,0,0,0,0,4,9,10,10,12,7,5,14,50,24,1,0,6,8,0,0
0,1,0,0,0,0,0,0,1,7,13,13,10,7,8,3,50,10,0,2,4,0,0,0
0,0,0,0,0,0,0,0,0,11,5,13,12,10,0,10,20,8,12,2,1,0,4,0
0,0,0,0,0,0,0,0,0,2,13,18,7,8,7,0,25,24,9,0,0,0,3,0
0,0,0,0,0,0,0,5,9,14,25,31,12,9,0,3,22,4,3,0,2,0,2,0
6,5,0,0,6,1,2,7,10,16,50,31,13,5,7,12,14,16,14,10,0,3,7,8
3,6,0,0,9,10,2,0,10,50,31,11,7,10,11,0,0,50,26,9,0,5,11,0
4,0,3,0,5,0,5,12,14,50,14,4,6,11,0,0,0,13,32,17,12,0,9,8

5,8,7,2,4,9,3,10,13,14,37,55,54,54,51,41,10,10,10,7,5,5,8,2
12,4,2,0,9,12,16,22,50,50,53,63,62,58,71,46,43,44,31,28,13,7,10,5
8,1,5,5,11,13,30,15,44,47,50,55,100,88,62,53,31,35,14,10,5,0,7,5
15,13,22,14,28,71,80,82,76,99,109,74,38,43,52,13,13,32,28,12,9,0,9,7
52,53,56,64,76,99,98,91,110,100,99,69,75,66,83,67,52,49,23,16,4,7,9,7
62,68,71,71,66,56,55,49,62,52,57,64,79,104,149,116,88,70,21,17,7,0,0,0
59,56,53,31,33,14,52,67,88,81,82,75,97,105,113,116,121,127,113,74,54,14,12,4
11,5,13,9,10,14,62,90,96,93,88,100,85,80,78,75,70,84,121,86,97,85,54,52
2,0,7,6,38,56,69,95,118,105,80,85,115,113,112,85,66,19,47,62,67,66,60,61
0,0,1,9,23,55,80,103,105,104,92,147,180,155,130,96,67,13,2,8,43,51,58,52
6,8,13,14,14,65,92,120,126,115,137,171,215,210,141,102,61,14,1,10,7,0,12,10
0,0,6,16,53,61,131,176,160,146,162,167,184,188,139,111,91,52,13,8,0,0,5,0
11,13,45,40,59,73,106,116,133,137,143,144,159,170,126,111,81,36,11,7,0,6,2,9
9,12,15,17,51,60,85,111,117,124,131,125,120,121,118,108,73,12,3,12,0,0,0,0
0,6,11,9,17,50,57,103,82,75,104,114,113,108,106,77,34,14,13,11,12,5,5,9
3,0,0,2,10,51,55,101,86,70,86,97,111,111,69,57,41,20,8,6,1,12,4,2
6,0,0,5,14,60,84,92,75,78,108,91,102,66,59,53,42,39,12,9,0,0,0,2
2,6,12,26,35,54,65,74,87,101,130,122,104,100,89,84,52,32,13,12,5,2,6,11
0,5,5,8,56,102,108,107,74,113,140,141,130,107,100,109,71,48,24,14,11,12,0,0
0,0,6,8,44,77,73,107,116,128,148,152,147,132,129,127,118,83,45,13,13,11,2,0
0,0,9,13,35,57,104,112,87,107,171,163,132,132,137,137,116,99,32,20,12,10,10,8
2,0,11,14,55,75,111,121,120,130,174,202,173,159,143,158,126,79,43,30,17,12,8,7
0,5,14,26,39,76,112,127,118,116,133,135,128,137,144,142,131,106,52,38,11,7,1,7
6,5,8,26,54,101,116,128,123,117,109,107,127,143,140,146,133,111,63,14,12,10,0,0
0,0,10,6,43,100,107,118,113,107,105,106,120,140,137,140,123,104,64,25,12,2,3,0
2,10,12,13,48,100,107,112,108,105,102,105,115,134,127,129,117,107,70,11,6,4,3,0
4,7,8,13,12,67,100,103,102,103,92,63,103,116,113,116,114,101,40,11,8,0,0,9
0,5,5,8,13,59,100,83,104,100,93,76,67,106,105,115,108,102,13,5,0,5,4,7
0,7,5,10,29,22,97,107,100,75,65,52,59,95,109,107,107,69,0,3,0,0,0,6
0,0,10,7,10,39,71,124,111,92,58,47,49,65,55,159,142,42,0,0,0,0,0,0
9,13,13,14,14,40,58,144,115,62,52,53,38,56,67,122,100,43,9,10,9,5,0,2
1,9,4,7,4,14,45,56,69,74,69,50,14,51,61,66,71,19,27,20,11,0,9,2
10,6,0,0,0,6,15,52,57,58,52,14,14,13,43,58,70,26,10,15,8,0,0,8
1,0,0,0,4,2,9,14,48,50,41,13,12,10,24,66,49,33,5,11,1,0,0,0
0,0,0,0,8,0,6,6,13,28,33,12,7,7,14,41,54,37,7,12,6,0,3,2
0,0,0,0,0,0,0,0,0,8,13,5,7,10,14,38,45,30,6,5,0,0,0,0
0,0,0,0,0,0,0,0,4,9,10,10,12,7,5,14,50,24,1,0,6,8,0,0
0,1,0,0,0,0,0,0,2,7,13,13,10,7,8,3,50,10,0,2,4,0,0,0
0,0,0,0,0,0,0,0,0,11,6,13,12,10,0,10,21,8,12,2,1,0,5,0
0,0,0,0,0,0,0,0,0,3,13,18,7,8,7,0,26,24,9,0,0,0,3,0
0,0,0,0,0,0,0,6,9,14,25,31,12,10,0,3,22,4,3,0,2,0,2,0
6,5,0,0,6,1,2,7,10,17,50,31,13,5,7,12,14,17,14,10,0,3,7,8
3,6,0,0,9,10,2,0,11,50,33,11,7,10,11,0,0,50,26,9,0,5,11,0
4,0,2,0,5,0,5,12,14,50,14,4,6,11,0,0,0,13,32,17,12,0,9,8

5,8,7,3,5,9,3,10,13,14,37,55,54,54,51,41,10,10,10,7,5,5,8,2
12,5,3,1,9,12,15,22,50,50,53,63,62,58,71,46,43,44,31,27,13,7,10,5
9,1,6,5,12,14,31,16,45,47,50,55,100,88,62,53,31,34,14,10,5,0,7,5
16,13,22,14,28,71,80,82,76,100,109,74,40,43,52,14,13,32,28,12,9,1,9,7
53,53,56,63,76,99,99,91,110,100,99,69,75,66,82,67,52,48,23,16,5,7,9,7
62,68,71,71,66,56,55,49,62,52,57,64,79,104,149,115,88,70,21,17,7,0,0,0
59,56,53,31,33,14,53,67,89,81,82,75,97,106,114,116,121,127,113,74,54,14,12,4
11,6,13,10,10,15,62,91,96,93,89,100,86,80,79,76,70,84,122,86,98,85,54,52
2,0,8,6,40,56,69,96,119,105,80,85,115,114,113,85,66,19,47,62,67,66,60,61
0,0,2,9,24,55,81,104,106,104,91,147,180,156,131,96,68,13,2,8,43,51,58,53
6,9,13,14,14,65,93,120,126,115,136,171,215,211,142,102,61,14,1,10,7,0,12,10
0,0,6,17,53,61,131,176,160,145,161,165,184,187,139,111,91,52,13,8,0,0,5,0
11,13,45,41,58,73,106,115,132,136,142,142,158,170,126,111,81,36,12,8,0,6,2,9
9,12,15,16,50,60,86,111,116,123,130,124,119,121,118,108,73,12,3,12,0,0,0,0
0,6,11,9,18,50,57,103,82,74,103,113,113,108,106,77,35,16,13,11,12,6,5,9
3,0,0,2,10,51,55,100,86,70,85,96,110,111,69,57,41,20,8,6,1,12,4,2
6,0,0,5,14,60,84,92,74,78,108,91,102,66,59,53,43,39,12,9,0,0,0,2
2,6,12,26,35,54,65,74,87,100,129,121,103,100,89,85,52,32,13,12,5,2,6,11
0,5,5,8,57,103,108,107,74,113,140,141,130,107,100,110,71,49,24,14,11,12,0,0
0,0,6,8,45,78,74,107,117,128,148,152,147,132,129,127,118,83,46,13,13,11,2,0
0,0,10,14,35,57,104,112,87,107,171,164,132,132,137,137,116,100,32,20,12,10,10,8
2,0,11,15,55,75,111,121,120,130,174,202,172,159,144,157,127,80,43,30,17,12,8,7
0,5,14,26,39,76,112,127,118,116,133,135,129,138,144,142,131,106,52,38,12,7,1,7
6,5,8,26,54,101,116,128,123,117,109,108,127,143,140,146,133,111,63,14,12,10,0,0
0,0,10,6,43,100,107,118,113,107,105,106,120,140,137,140,123,104,64,25,12,2,3,0
2,10,11,13,48,100,107,112,108,105,102,105,114,134,127,129,117,107,70,11,6,4,3,0
4,7,8,13,12,66,100,103,102,103,92,63,103,116,113,116,114,101,40,11,8,0,0,9
1,5,5,9,13,60,100,83,104,100,93,76,67,106,105,115,108,102,13,5,0,5,4,7
0,7,5,10,28,22,97,107,100,75,65,52,59,95,109,107,107,68,0,3,0,0,0,6
0,0,10,7,10,39,71,124,111,93,58,47,49,65,55,159,142,43,0,0,0,0,0,0
9,13,13,14,14,40,57,144,115,62,52,53,38,56,68,122,100,44,9,10,9,5,0,2
2,9,4,7,4,14,45,56,69,74,69,50,14,51,62,65,71,19,27,20,11,0,9,2
10,6,0,0,0,6,15,52,57,58,52,14,14,13,43,58,70,26,10,15,9,0,0,8
1,0,0,0,4,2,9,14,48,50,42,13,12,10,24,66,49,33,5,11,1,0,0,0
0,0,0,0,8,0,6,6,13,29,33,12,7,7,14,41,54,38,7,12,6,0,3,2
0,0,0,0,0,0,0,0,0,8,13,5,7,10,14,38,45,30,6,5,0,0,0,0
0,0,0,0,0,0,0,0,4,9,10,10,12,7,5,14,50,25,1,0,6,8,0,0
0,1,0,0,0,0,0,0,2,8,13,13,10,7,8,3,50,10,0,2,4,0,0,0
0,0,0,0,0,0,0,0,0,11,6,13,12,10,0,10,20,8,12,2,1,0,5,0
0,0,0,0,0,0,0,0,0,3,13,18,7,8,7,0,25,24,9,0,0,0,3,0
0,0,0,0,0,0,0,6,9,14,26,33,12,9,0,3,22,4,3,0,2,0,3,0
6,5,0,0,6,1,2,7,10,18,50,31,13,5,7,12,14,18,14,10,0,3,8,8
3,6,0,0,9,10,2,0,11,50,33,11,7,10,12,0,0,50,27,9,0,5,11,0
4,0,2,0,5,0,5,12,14,50,14,3,6,11,0,0,0,13,32,17,12,0,9,8

6,8,7,3,5,9,3,10,13,14,37,55,54,54,51,42,10,10,10,7,5,5,9,2
12,5,3,1,9,12,15,22,48,50,52,63,62,58,71,46,43,47,31,28,13,7,10,5
9,1,6,5,12,14,30,15,45,47,50,55,100,87,62,53,31,35,14,10,5,0,7,5
17,13,22,14,29,71,80,82,76,100,109,75,40,43,52,13,13,32,28,12,9,1,9,7
52,52,56,63,76,99,99,91,110,100,99,69,75,66,82,67,52,49,24,15,5,7,9,7
62,68,71,71,66,56,55,49,62,52,58,64,79,104,148,115,88,70,21,17,7,0,0,0
59,56,53,32,33,14,52,67,89,81,83,76,97,106,114,116,121,127,113,74,54,14,12,4
12,6,13,10,10,15,62,91,96,94,90,101,86,80,78,76,70,84,121,86,97,85,54,52
2,0,8,6,40,56,69,96,119,106,80,85,116,114,113,86,66,19,47,62,67,66,60,61
0,0,2,9,25,55,81,104,107,105,92,148,181,157,132,97,68,14,2,8,42,51,58,53
6,9,13,14,15,65,93,120,126,115,137,172,217,212,143,102,61,14,1,10,7,0,12,10
0,0,6,17,53,61,132,176,159,144,160,165,184,187,139,111,91,52,13,9,0,0,5,0
11,13,45,40,58,73,106,115,131,135,141,141,158,170,126,111,82,36,12,8,0,6,2,9
9,12,15,15,50,60,86,110,116,122,129,123,119,121,118,108,73,12,3,12,0,0,0,0
0,6,11,8,17,50,57,103,81,73,102,113,113,108,105,77,34,15,14,12,12,5,5,9
3,0,0,2,10,50,55,100,85,69,85,95,110,111,69,57,41,20,8,7,2,12,4,2
6,0,0,6,14,60,84,91,74,78,107,90,102,65,59,53,44,39,12,9,0,0,0,2
2,6,12,26,36,55,65,74,86,99,129,121,102,100,90,86,52,32,14,12,5,2,6,11
0,5,5,8,58,103,108,107,74,112,140,140,129,107,101,110,71,50,25,14,11,12,0,0
0,0,6,9,46,78,74,107,117,128,147,151,147,132,129,128,118,84,47,13,13,11,2,0
0,0,10,14,35,57,104,112,88,107,171,164,133,132,137,137,116,100,33,20,12,10,10,8
2,0,11,16,55,75,111,121,120,130,175,202,173,160,144,158,127,80,44,31,17,12,8,7
0,5,14,26,39,76,112,127,118,116,133,135,129,137,144,142,131,106,52,39,12,7,1,7
6,5,8,27,54,101,116,128,123,117,109,108,126,143,140,146,133,111,63,15,12,10,0,0
0,0,10,6,43,100,107,118,112,107,105,106,120,140,137,140,123,104,65,25,12,2,3,0
2,10,12,13,50,100,107,112,108,105,102,105,114,134,127,129,117,107,71,11,6,4,3,0
4,7,8,13,12,67,100,103,102,103,92,63,103,116,113,116,114,101,40,11,8,0,0,9
0,5,5,9,13,60,100,84,104,100,93,75,67,106,105,115,108,102,13,5,0,5,4,7
0,7,5,10,29,22,97,107,100,74,65,52,59,95,109,107,107,69,0,3,0,0,0,6
0,0,10,7,10,39,70,124,111,93,58,47,49,65,55,159,142,43,0,0,0,0,0,0
9,13,13,14,14,40,58,144,115,62,52,52,38,56,67,121,100,43,9,10,9,5,0,2
2,9,4,7,4,14,45,56,69,74,69,50,14,51,62,65,71,19,27,21,11,0,9,2
10,6,0,0,0,6,16,52,57,58,52,14,14,13,43,58,70,26,10,15,9,0,0,8
1,0,0,0,4,2,9,14,49,50,42,13,12,10,24,66,49,33,5,11,1,0,0,0
0,0,0,0,8,0,6,6,13,30,32,12,7,7,14,41,53,38,7,12,6,0,3,2
0,0,0,0,0,0,0,0,0,8,14,5,7,10,14,38,45,30,6,5,0,0,0,0
0,0,0,0,0,0,0,0,4,9,10,10,12,7,5,14,50,25,1,0,6,8,0,0
0,1,0,0,0,0,0,0,2,8,13,13,10,7,8,3,50,10,0,2,4,0,0,0
0,0,0,0,0,0,0,0,0,11,6,13,12,10,0,10,20,8,12,2,1,0,5,0
0,0,0,0,0,0,0,0,0,3,13,18,7,8,7,0,24,23,9,0,0,0,4,0
0,0,0,0,0,0,0,6,9,14,26,31,12,10,0,3,22,4,3,0,2,0,3,0
6,5,0,0,6,1,2,7,10,17,50,31,13,5,7,12,15,19,14,10,0,3,8,8
3,6,0,0,9,10,2,0,11,50,35,11,7,11,12,0,0,51,27,9,0,5,11,0
4,0,3,0,5,0,5,12,14,50,14,4,6,11,0,0,0,13,32,17,12,0,9,8

6,8,7,3,5,9,3,10,13,14,36,55,54,54,51,42,10,10,10,7,5,5,8,2
12,6,3,1,10,12,17,22,50,50,53,63,62,58,71,46,43,45,31,28,13,7,10,5
9,2,6,5,12,14,31,16,45,47,50,55,100,88,62,53,31,35,14,10,5,0,7,5
17,13,22,14,29,71,80,82,76,100,109,75,41,43,52,13,13,32,28,12,10,1,9,7
53,52,56,63,76,99,99,92,111,100,99,70,75,66,82,67,52,48,24,16,5,7,9,7
62,69,71,71,66,56,55,49,62,52,58,65,80,104,149,115,88,70,21,17,8,0,0,0
59,56,53,32,33,14,52,67,89,81,83,76,98,106,114,116,121,127,113,74,54,14,12,4
12,6,13,10,10,17,62,92,97,94,90,102,86,80,78,76,70,84,122,86,98,85,54,52
2,0,8,6,42,56,69,97,119,106,81,86,117,114,113,86,66,19,47,62,67,66,61,61
0,0,3,10,25,55,81,105,107,105,92,149,183,158,132,97,68,14,2,8,43,51,58,53
6,9,14,14,15,65,93,121,127,116,137,173,219,213,143,103,61,14,1,10,7,0,12,10
0,0,6,18,53,61,132,177,159,144,159,164,184,187,139,111,91,52,13,9,0,0,6,0
11,13,45,40,58,73,106,115,131,134,140,140,157,171,126,111,81,36,12,8,1,6,2,9
9,12,16,14,51,60,86,110,115,121,128,123,118,120,119,108,74,12,3,12,0,0,0,0
0,6,10,8,16,50,57,103,81,73,101,112,112,108,105,77,35,16,14,11,12,5,5,9
3,0,0,2,10,50,55,100,85,69,84,95,110,110,69,57,41,22,9,7,2,12,4,2
6,0,0,6,14,61,84,91,74,77,106,90,101,65,59,54,45,41,12,10,0,0,0,2
2,6,12,26,37,55,65,74,85,98,128,119,102,100,92,87,53,32,14,13,5,2,6,11
0,5,5,8,58,103,109,107,73,112,139,140,129,107,102,111,72,50,25,14,11,12,0,0
0,0,6,9,47,79,75,107,117,127,147,151,147,132,130,128,119,85,47,13,13,11,2,0
0,0,10,14,35,57,104,112,88,107,171,164,133,132,138,138,116,100,33,20,12,10,10,8
2,0,11,16,55,76,111,121,120,130,175,203,173,160,144,158,127,80,44,30,17,12,8,7
0,5,14,26,39,76,112,127,118,116,133,135,128,138,144,142,131,106,52,39,12,7,1,7
6,5,8,29,55,101,116,128,123,117,109,108,127,143,140,146,133,111,63,16,12,10,0,0
0,0,10,6,44,100,107,118,112,107,105,106,120,140,137,140,123,104,65,25,12,2,3,0
2,10,12,13,50,100,107,112,108,105,102,105,115,134,127,129,117,107,71,11,6,4,3,0
4,7,8,13,12,67,100,103,102,103,92,63,103,116,113,116,114,101,40,11,8,0,0,9
1,5,5,9,13,60,100,84,104,100,93,76,67,106,105,115,108,102,13,5,0,5,4,7
0,7,5,10,28,22,97,107,100,75,65,52,59,95,109,107,107,69,0,3,0,0,0,6
0,0,10,7,10,40,71,124,112,93,58,47,49,65,55,159,142,43,0,0,0,0,0,0
9,13,13,14,14,41,57,144,115,62,52,53,38,56,67,121,100,43,9,10,9,5,0,2
1,9,4,7,4,14,46,56,69,74,69,50,14,51,61,66,71,19,27,20,11,0,9,2
10,6,0,0,0,6,15,52,57,58,52,14,14,13,42,58,70,26,10,15,9,0,0,8
2,0,0,0,4,2,9,14,48,50,42,13,12,10,24,66,49,33,5,11,1,0,0,0
0,0,0,0,8,0,6,6,13,30,32,12,7,7,14,40,54,39,7,12,6,0,3,2
0,0,0,0,0,0,0,0,0,8,13,5,7,10,14,39,45,30,6,5,0,0,0,0
0,0,0,0,0,0,0,0,4,9,10,10,12,7,5,14,50,25,1,0,6,8,0,0
0,1,0,0,0,0,0,0,2,8,13,13,10,8,8,3,50,10,0,2,4,0,0,0
0,0,0,0,0,0,0,0,0,11,6,13,12,10,0,10,22,9,12,2,1,0,5,0
0,0,0,0,0,0,0,0,0,3,13,17,7,8,7,0,25,24,9,0,0,0,4,0
0,0,0,0,0,0,0,6,9,15,26,30,12,10,0,3,23,5,3,0,2,0,3,0
6,5,0,0,6,1,2,7,10,18,50,31,13,5,7,12,16,19,14,10,0,3,8,8
3,6,0,0,9,10,2,0,11,50,35,11,7,11,12,0,0,50,27,9,0,5,11,0
4,0,3,0,5,0,5,12,15,51,14,3,6,11,0,0,0,13,32,17,12,0,9,8

6,8,7,3,5,9,3,10,13,14,36,55,54,54,51,42,10,10,10,7,5,5,9,2
12,6,4,2,10,12,17,24,50,50,53,63,62,57,71,46,43,47,32,29,13,7,10,5
9,2,6,6,12,14,31,16,44,47,50,55,100,87,62,53,31,35,14,10,5,0,8,5
17,13,22,14,29,71,80,82,77,100,109,75,44,44,52,14,13,32,28,12,10,1,9,7
53,53,56,64,76,100,99,92,111,100,99,70,75,66,82,67,52,49,24,16,5,7,9,7
63,69,71,71,66,56,55,49,62,52,58,65,80,105,149,116,88,70,21,18,8,0,0,0
59,56,53,33,33,14,52,67,89,81,83,76,99,106,114,117,121,127,113,74,54,14,12,4
12,6,13,10,10,18,63,92,97,94,90,102,86,80,79,76,71,84,122,86,98,85,54,52
3,0,8,7,43,56,70,97,120,106,81,86,117,114,114,86,66,19,47,62,67,66,60,61
0,0,3,10,26,56,82,105,107,105,92,149,184,159,133,97,68,14,2,8,43,51,58,53
6,9,14,14,16,65,93,121,127,116,137,173,219,214,144,103,61,14,1,10,8,0,12,10
0,0,6,18,53,61,132,177,160,143,158,164,184,187,139,111,91,52,13,9,0,0,6,0
11,13,45,41,58,73,106,115,130,133,139,139,157,171,126,111,81,36,12,8,1,7,2,9
9,12,16,14,50,60,85,110,115,120,127,122,118,120,119,108,74,12,3,12,0,0,0,0
0,6,10,8,16,50,57,103,80,72,101,111,112,108,105,77,35,17,14,12,12,5,5,9
3,0,0,2,10,50,55,100,84,69,84,94,109,110,69,57,42,21,9,7,2,12,4,2
6,0,0,6,14,61,84,91,73,77,105,89,101,65,59,54,45,42,12,10,0,0,0,2
2,6,13,26,37,56,66,74,85,97,127,119,101,99,92,88,53,32,14,13,5,2,6,11
0,5,5,8,59,104,110,107,73,111,139,139,129,107,102,111,72,50,25,14,11,12,0,0
0,0,6,9,48,79,75,107,117,127,147,151,148,132,130,129,119,85,48,13,13,11,2,0
0,0,10,14,36,57,104,112,88,107,171,164,133,133,138,138,116,100,33,20,12,10,10,8
2,0,11,16,56,76,111,121,121,130,175,203,174,160,144,158,127,81,44,31,17,12,8,7
0,5,14,26,39,76,112,127,118,117,133,135,128,138,144,142,131,106,52,39,12,7,1,7
6,5,8,27,54,101,116,128,123,117,109,108,127,143,140,146,133,111,64,15,12,10,0,0
0,0,10,6,44,100,107,118,112,107,105,106,120,140,137,140,123,104,65,25,12,2,3,0
2,10,12,13,50,100,107,112,108,105,102,105,115,134,127,129,117,107,72,11,6,4,3,0
4,7,8,13,12,66,100,103,102,103,92,63,103,116,113,116,114,101,40,11,8,0,0,9
0,5,5,9,13,60,100,83,104,100,93,75,67,105,105,115,108,102,13,5,0,5,4,7
0,7,5,10,28,22,97,107,100,75,65,52,58,95,108,107,107,67,0,4,0,0,0,6
0,0,10,7,10,40,71,124,112,93,58,47,49,65,55,159,143,43,0,0,0,0,0,0
9,13,13,14,14,41,57,144,115,62,52,53,38,56,67,121,100,44,9,10,9,5,0,2
1,9,4,7,4,14,45,56,69,74,69,50,14,50,61,65,70,19,27,21,11,0,9,2
10,6,0,0,0,6,17,52,57,58,52,14,14,13,41,58,70,26,10,16,9,0,0,8
2,0,0,0,4,2,9,14,48,51,43,13,12,10,25,66,49,34,5,11,1,0,0,0
0,0,0,0,8,0,6,7,13,30,33,12,7,7,14,40,54,37,7,12,6,0,3,2
0,0,0,0,0,0,0,0,0,8,14,6,7,10,14,38,45,30,6,5,0,0,0,0
0,0,0,0,0,0,0,0,4,9,10,10,12,7,5,14,50,25,1,0,6,8,0,0
0,2,0,0,0,0,0,0,2,8,13,13,10,8,8,3,50,10,0,2,4,0,0,0
0,0,0,0,0,0,0,0,0,11,6,13,12,10,0,10,22,9,12,2,1,0,5,0
0,0,0,0,0,0,0,0,0,3,13,18,7,8,7,0,25,24,9,0,0,0,4,0
0,0,0,0,0,0,0,6,9,14,25,30,12,10,0,3,22,5,4,0,2,0,3,0
6,5,0,0,6,1,2,7,10,18,50,32,13,5,7,12,17,21,14,10,0,3,8,8
3,6,0,0,9,10,2,0,11,50,33,11,7,10,12,0,0,51,29,9,0,5,11,0
4,0,3,0,5,0,5,12,15,50,14,3,6,11,0,0,0,13,32,17,12,0,9,8

6,8,7,3,5,9,3,10,13,14,38,55,54,54,51,42,10,10,10,7,5,5,9,3
12,6,4,2,10,12,17,24,50,50,52,63,62,58,71,46,43,47,32,29,13,7,10,5
9,2,6,6,12,14,31,16,45,48,51,55,100,88,62,53,31,35,14,11,5,0,8,5
17,13,23,14,29,71,80,83,76,100,109,75,45,42,52,14,13,32,28,12,10,1,9,7
53,53,56,63,76,100,99,92,111,100,99,70,75,66,82,67,52,48,24,16,5,8,9,7
62,69,71,71,66,56,55,50,62,52,58,65,80,105,149,115,89,70,21,18,8,0,0,0
59,56,53,33,34,14,53,68,89,81,84,76,99,107,114,117,121,127,113,74,54,15,12,4
12,6,13,10,10,17,63,92,98,95,91,102,86,80,79,76,71,84,122,86,98,85,54,52
3,0,8,7,43,56,70,97,120,107,81,86,117,115,114,86,66,19,47,62,67,66,61,61
0,0,3,10,27,56,82,105,108,106,93,150,185,160,133,98,68,14,2,8,43,51,58,53
6,9,14,14,17,65,93,121,128,117,138,175,221,215,144,103,61,14,1,10,8,0,13,10
0,0,6,18,53,61,132,178,160,143,158,164,185,186,139,111,91,52,13,9,0,0,6,0
11,13,45,40,59,74,107,116,130,132,138,139,157,170,125,110,80,36,12,8,1,7,2,9
9,12,16,14,50,60,85,110,114,120,127,122,118,120,119,108,74,12,3,12,0,0,0,0
0,6,11,8,17,50,57,102,80,72,100,111,112,108,105,78,35,17,14,12,12,6,5,9
3,0,0,2,10,50,55,100,84,68,83,94,109,110,69,57,42,21,9,7,2,12,4,2
6,0,0,6,14,61,84,91,73,76,105,89,101,65,59,54,46,43,12,10,0,0,0,2
2,6,13,26,37,56,66,74,84,96,126,118,101,100,93,89,53,33,14,13,5,2,6,11
0,5,5,8,59,104,110,107,73,111,138,139,128,107,103,111,72,50,26,14,11,12,0,0
0,0,6,9,47,80,75,107,116,126,147,150,147,132,130,129,119,84,47,13,13,11,2,0
0,0,10,14,35,57,104,112,88,107,171,163,132,132,138,138,116,100,33,21,12,10,10,8
2,0,11,18,56,76,111,121,120,130,175,203,174,160,144,158,127,81,44,31,17,12,8,7
0,5,14,26,39,76,112,127,118,117,133,135,128,138,144,142,131,106,52,39,12,7,1,7
6,5,8,27,55,101,116,128,123,117,109,108,127,143,140,146,133,111,64,16,12,10,0,0
0,0,10,6,44,100,107,118,112,107,105,106,120,140,137,140,123,104,65,25,12,2,3,0
2,10,12,13,50,100,107,112,108,105,102,105,115,134,127,129,117,107,72,11,7,4,3,0
4,7,8,13,12,68,100,103,102,103,92,63,103,116,113,116,114,101,43,11,8,0,0,9
0,6,5,9,13,61,100,83,104,100,93,76,67,106,105,115,108,102,13,5,0,5,4,7
0,7,5,10,30,23,97,107,100,75,65,52,58,94,108,107,107,69,0,4,0,0,0,6
0,0,10,7,10,41,71,124,112,93,58,47,49,65,55,160,143,43,0,0,0,0,0,0
9,13,13,14,14,40,58,144,115,62,52,52,38,56,67,121,100,44,9,11,9,5,0,2
1,9,4,7,4,14,46,56,69,73,69,50,14,51,61,65,71,20,27,20,11,0,9,2
10,6,0,0,0,6,16,52,57,58,52,14,14,13,41,58,70,26,10,16,9,0,0,8
2,0,0,0,4,2,9,14,49,50,42,13,12,10,24,66,49,34,5,11,1,0,0,0
0,0,0,0,8,0,6,7,13,30,33,12,7,7,14,41,54,38,7,12,6,0,3,2
0,0,0,0,0,0,0,0,0,8,14,6,7,10,14,37,45,30,6,5,0,0,0,0
0,0,0,0,0,0,0,0,4,9,10,10,12,7,5,14,50,25,1,0,6,8,0,0
0,2,0,0,0,0,0,0,2,8,13,13,10,7,8,3,50,10,0,2,4,0,0,0
0,0,0,0,0,0,0,0,0,11,6,13,12,10,0,10,21,9,12,2,1,0,5,0
0,0,0,0,0,0,0,0,0,3,14,18,7,8,7,0,25,23,9,0,0,0,4,0
0,0,0,0,0,0,0,6,9,15,26,30,11,10,0,3,22,5,4,0,2,0,3,0
6,5,0,0,6,1,2,7,10,18,50,32,13,5,7,12,17,21,14,10,0,3,8,8
3,6,0,0,9,10,2,0,11,50,36,11,7,10,12,0,0,51,29,9,0,5,11,0
4,0,3,0,5,0,5,12,15,50,14,3,6,11,0,0,0,13,32,17,12,0,9,8

6,8,7,3,5,9,3,10,13,14,38,55,54,54,51,41,10,10,10,8,5,5,9,2
12,6,4,2,10,12,17,22,50,50,53,63,62,57,71,46,43,45,32,29,14,7,10,5
9,2,7,6,12,14,33,17,45,48,50,55,100,88,62,53,31,35,14,11,5,0,8,5
18,13,22,14,30,72,81,83,76,100,109,75,47,44,52,14,13,32,28,12,10,1,9,7
53,53,56,64,76,100,99,92,111,100,99,70,75,66,82,67,52,49,24,16,5,8,9,7
62,68,71,71,66,56,55,50,63,52,58,65,80,105,150,116,89,70,21,18,8,0,0,0
60,56,53,34,34,14,53,68,90,82,84,76,99,107,114,117,122,127,113,74,54,14,12,4
12,6,13,11,10,19,63,93,98,95,91,103,87,80,79,76,71,85,122,86,98,85,54,52
3,0,9,7,44,56,70,98,121,107,81,86,117,115,114,86,66,19,48,63,67,67,61,61
0,0,4,10,26,56,82,106,108,106,93,149,185,160,134,98,68,14,2,8,43,51,58,53
6,9,14,15,17,65,93,121,128,117,138,175,220,215,145,103,61,14,1,10,8,0,13,10
0,0,6,18,53,61,132,178,160,143,158,164,184,186,139,111,91,52,13,9,0,1,6,0
11,13,46,41,59,74,107,116,129,132,137,138,158,171,125,110,81,36,12,8,1,7,2,9
9,12,15,14,50,60,85,110,114,119,126,121,117,120,119,108,74,12,3,12,0,0,0,0
0,6,10,8,16,50,57,102,80,71,100,111,112,108,105,78,35,17,14,12,12,6,5,9
3,0,0,2,10,50,54,100,83,68,83,93,109,110,69,57,42,20,9,8,2,12,4,2
6,0,0,6,14,62,84,90,73,76,104,88,100,65,59,54,46,43,12,10,0,0,0,2
2,6,13,26,37,56,66,73,83,95,125,117,100,99,94,89,54,33,14,13,5,2,6,11
0,5,5,8,59,104,110,107,72,110,138,138,128,107,103,112,73,50,26,14,11,12,0,0
0,0,6,9,48,80,76,107,116,126,146,149,147,132,130,129,119,85,48,13,13,11,2,0
0,0,10,14,35,57,104,112,88,107,171,163,132,132,138,138,116,100,33,21,12,10,10,8
2,0,11,17,55,76,111,121,121,130,175,202,174,160,144,158,127,81,44,31,17,12,8,7
0,5,14,26,39,76,112,127,118,117,133,135,128,138,144,142,131,106,52,39,12,7,1,7
6,5,8,29,55,101,116,128,123,117,109,107,127,143,140,146,133,111,64,17,12,10,0,0
0,0,10,6,45,100,107,118,112,107,105,106,120,140,137,140,123,104,65,25,12,2,3,0
2,10,12,13,50,100,107,112,108,105,102,105,115,134,127,129,117,107,72,11,6,4,3,0
4,7,8,13,12,66,100,103,102,103,94,63,103,116,113,116,113,101,41,11,8,0,0,9
1,6,5,9,13,59,100,83,103,100,93,75,67,106,105,114,108,102,13,5,0,5,4,7
0,7,5,10,30,23,97,107,100,75,65,52,59,95,108,107,107,69,0,4,0,0,0,6
0,0,10,7,10,41,71,124,112,93,59,47,49,65,54,160,143,43,0,0,0,0,0,0
9,13,13,14,14,41,58,145,115,62,52,53,38,56,67,121,100,43,9,10,9,5,0,2
2,9,4,7,4,14,46,56,69,74,70,51,14,51,61,65,71,20,28,21,11,0,9,2
10,6,0,0,0,6,17,52,57,58,52,14,14,13,43,58,71,26,10,16,9,0,0,8
2,0,0,0,4,2,9,14,49,50,42,13,12,10,25,66,49,34,5,11,1,0,0,0
0,0,0,0,8,0,6,7,13,30,33,12,7,7,14,40,54,37,7,12,6,0,3,2
0,0,0,0,0,0,0,0,0,8,14,6,7,10,14,38,46,30,6,6,0,0,0,0
0,0,0,0,0,0,0,0,4,9,10,10,12,7,5,14,50,25,1,0,6,8,0,0
0,2,0,0,0,0,0,0,2,8,13,13,10,7,8,3,50,10,0,2,4,0,0,0
0,0,0,0,0,0,0,0,0,11,6,13,12,10,0,10,22,9,12,2,1,0,5,0
0,0,0,0,0,0,0,0,0,3,14,18,7,8,7,0,25,24,9,0,0,0,4,0
0,0,0,0,0,0,0,6,9,15,26,33,12,10,0,3,23,6,4,0,2,0,3,0
6,5,0,0,6,1,2,7,11,19,50,31,13,5,7,12,16,20,14,10,0,3,8,8
3,6,0,0,9,10,2,0,11,50,36,11,7,11,12,0,0,50,29,9,0,5,11,0
4,0,3,0,5,0,5,12,15,50,14,3,6,11,0,0,0,13,32,17,12,0,9,8

6,8,7,3,5,10,3,10,13,15,38,55,55,55,51,43,10,10,10,7,5,5,9,3
12,7,4,3,10,12,17,24,50,50,53,64,62,58,72,47,45,47,32,27,13,7,10,5
9,3,7,6,12,14,31,16,45,50,51,56,100,89,62,53,31,35,14,10,5,0,8,5
18,13,23,14,30,72,81,83,77,100,109,75,47,43,52,14,13,32,28,12,10,1,9,7
53,53,56,64,76,100,99,92,111,100,99,69,75,66,82,67,52,49,24,16,5,8,9,7
63,69,71,71,66,57,55,50,63,52,58,66,80,104,150,116,89,70,21,18,8,0,0,0
59,56,53,34,34,14,53,68,90,81,84,76,99,106,114,117,122,127,113,74,55,15,12,4
12,6,13,11,10,19,63,92,97,94,91,102,86,80,78,76,71,84,121,86,98,85,54,52
3,1,8,7,44,56,70,97,120,106,81,85,116,114,113,86,66,18,47,62,67,66,61,61
0,0,4,10,26,56,81,105,107,105,93,148,183,158,133,98,68,14,2,8,44,51,58,53
6,10,14,14,17,65,93,121,128,117,138,173,219,214,144,103,61,14,1,10,8,0,13,10
0,0,7,19,53,61,133,178,160,144,159,165,185,188,140,111,91,52,13,9,0,1,6,0
11,13,46,40,59,75,107,116,131,133,139,140,158,171,126,111,81,36,12,8,1,7,2,9
9,12,17,15,51,60,85,110,115,120,128,122,118,120,119,108,74,12,3,12,0,0,0,0
0,6,11,8,16,50,57,103,80,72,101,112,112,108,105,77,35,17,14,12,12,6,5,9
3,0,0,2,10,50,55,100,84,68,84,94,109,110,69,57,42,20,9,7,2,12,4,2
6,0,0,6,14,61,84,91,73,76,105,89,101,65,59,54,46,42,12,10,0,0,0,2
2,6,12,26,37,55,65,73,84,96,126,118,101,99,92,88,53,33,14,13,5,2,6,11
0,5,5,8,58,103,109,106,73,111,138,139,128,107,102,111,72,50,25,14,11,12,0,0
0,0,6,9,47,79,75,107,116,126,146,149,147,132,130,128,119,85,47,13,13,11,2,0
0,0,10,14,35,56,104,112,87,106,170,163,132,132,137,137,116,100,33,20,12,10,10,8
2,0,11,16,55,75,111,121,120,130,174,202,173,159,143,157,127,80,44,31,17,12,8,7
0,5,14,26,39,75,112,127,118,116,132,135,128,138,144,142,131,106,52,39,12,7,1,7
6,5,8,27,54,101,116,128,122,117,109,107,127,142,139,146,133,111,64,16,12,10,0,0
0,0,10,6,44,100,107,118,112,107,105,106,120,140,137,140,123,104,65,25,12,2,3,0
2,10,12,13,50,100,107,112,108,105,102,105,114,134,127,129,117,107,72,11,6,4,3,0
4,7,8,13,13,67,100,103,102,103,93,63,103,116,113,116,114,101,40,11,8,0,0,9
1,6,5,9,13,60,100,83,104,100,94,75,67,105,105,115,108,102,13,5,0,5,4,7
0,7,5,10,29,23,97,107,100,75,65,52,59,95,108,107,107,68,0,4,0,0,0,6
0,0,10,7,10,41,72,124,112,93,59,47,49,65,54,160,143,43,0,0,0,0,0,0
9,13,13,14,14,41,58,145,115,62,52,53,38,56,67,121,100,43,9,11,9,5,0,2
2,9,4,7,4,14,45,56,69,74,69,50,14,51,61,65,71,21,28,21,11,0,9,2
10,6,0,0,0,6,16,52,57,58,52,15,14,13,42,58,71,26,10,16,9,0,0,8
2,0,0,0,4,2,9,14,49,50,42,13,12,10,25,66,50,34,5,11,1,0,0,0
0,0,0,0,8,0,6,7,13,30,33,12,7,7,14,40,54,39,8,12,6,0,3,2
0,0,0,0,0,0,0,0,0,9,14,6,8,10,14,38,45,30,6,6,0,0,0,0
0,0,0,0,0,0,0,0,4,9,10,10,12,7,5,14,50,26,1,0,6,8,0,0
0,2,0,0,0,0,0,0,2,8,13,13,10,8,9,3,50,11,0,2,4,0,0,0
0,0,0,0,0,0,0,0,0,11,6,13,12,10,0,10,22,9,12,2,1,0,5,0
0,0,0,0,0,0,0,0,0,3,14,18,7,8,7,0,25,24,9,0,0,0,4,0
0,0,0,0,0,0,0,6,9,15,27,31,12,10,0,3,23,6,4,0,2,0,3,0
6,5,0,0,6,2,2,7,11,20,50,33,13,5,7,12,16,21,14,10,0,3,8,8
3,6,0,0,9,10,2,0,11,50,37,11,7,11,12,0,0,51,29,9,0,5,11,0
4,0,3,0,5,0,5,12,15,51,14,3,6,11,0,0,0,13,32,17,12,0,9,8

6,8,7,3,5,9,3,10,13,14,37,55,55,54,51,43,10,10,10,7,5,5,9,3
12,7,4,3,10,12,17,24,50,50,53,64,62,58,72,47,45,47,32,28,13,7,10,5
9,3,7,6,12,14,31,18,45,48,51,56,100,89,62,54,31,35,14,10,5,0,8,5
19,13,23,14,30,72,81,84,77,100,110,76,47,45,52,14,13,32,28,12,10,1,9,7
53,53,56,64,76,100,99,93,111,100,100,70,76,66,83,67,52,49,24,16,5,8,9,7
63,69,71,72,66,56,55,50,63,52,59,66,81,106,151,117,89,70,21,18,8,0,0,0
59,56,53,34,34,14,53,68,90,82,84,77,99,107,115,118,122,127,113,74,55,14,12,4
12,6,14,11,10,20,63,93,98,94,90,102,86,80,79,76,71,85,122,86,98,85,54,52
3,1,9,7,43,56,70,97,119,105,80,85,116,114,114,86,67,19,48,62,67,66,61,61
0,0,4,10,26,56,81,104,106,104,92,147,182,157,132,98,68,14,2,8,44,51,58,53
6,10,14,15,16,65,93,121,126,115,136,171,217,213,143,103,61,14,1,10,8,0,13,10
0,0,7,19,53,61,133,177,160,145,160,165,184,188,140,112,92,53,14,9,0,0,6,0
11,13,46,41,59,74,106,115,132,135,141,141,158,171,126,111,82,37,12,9,1,7,2,9
9,13,18,17,51,61,86,110,116,122,129,123,119,121,119,109,75,12,4,12,0,0,0,0
0,6,11,9,18,50,57,103,81,73,102,113,113,108,106,78,36,17,14,12,12,6,5,9
3,0,0,3,10,51,55,100,85,69,85,95,110,111,70,57,42,21,8,7,2,12,4,2
6,0,0,6,14,60,83,91,74,77,107,90,102,66,59,54,45,40,12,9,0,0,0,2
2,6,12,26,36,55,64,74,85,98,128,120,102,100,91,86,53,32,14,13,5,2,6,11
0,5,5,8,56,103,108,106,73,111,139,140,128,106,100,110,71,50,25,14,11,12,0,0
0,0,6,8,46,78,74,107,116,126,146,149,147,131,129,128,118,85,47,13,13,11,2,0
0,0,9,13,35,56,103,112,86,106,169,162,132,132,137,137,116,100,33,20,12,10,10,8
2,0,11,14,55,74,110,121,120,129,173,201,172,159,143,157,126,80,44,31,17,12,8,7
0,5,14,26,39,74,112,127,118,116,132,134,128,137,144,142,131,106,52,39,12,7,1,7
6,5,8,27,54,100,116,128,122,117,109,107,126,142,140,146,133,111,63,15,12,10,0,0
0,0,10,6,43,100,107,118,112,107,105,106,120,140,137,140,123,104,65,25,12,2,3,0
2,10,12,13,50,100,107,112,108,105,102,105,114,134,127,129,117,107,72,11,6,4,3,0
4,7,8,13,12,66,100,103,102,103,93,63,103,116,113,116,113,101,40,11,8,0,0,9
1,6,5,9,13,59,100,83,104,100,94,75,67,105,105,115,108,102,13,5,0,5,4,7
0,7,5,10,30,23,98,107,100,74,65,53,59,95,108,107,107,69,0,4,0,0,0,6
0,0,10,7,10,42,72,124,112,93,59,47,49,65,55,160,143,43,0,0,0,0,0,0
9,13,13,14,14,41,58,145,115,62,52,53,38,56,67,121,100,43,9,11,9,5,0,2
2,9,4,7,4,14,46,56,69,74,69,51,15,51,61,65,71,21,28,21,11,0,9,2
10,6,0,0,0,6,16,52,57,58,52,14,14,13,43,58,70,26,10,15,9,0,0,8
2,0,0,0,4,2,10,14,50,50,43,13,12,10,25,66,50,34,5,11,1,0,0,0
0,0,0,0,8,0,6,7,13,30,34,12,7,7,14,41,54,39,8,12,6,0,3,2
0,0,0,0,0,0,0,0,0,9,14,6,8,10,14,38,46,30,6,6,0,0,0,0
0,0,0,0,0,0,0,0,4,9,11,10,12,8,5,14,51,27,1,0,6,8,0,0
0,2,0,0,0,0,0,0,3,8,13,13,10,8,9,4,50,11,0,2,4,0,0,0
0,0,0,0,0,0,0,0,0,11,7,13,12,10,0,10,22,9,12,2,1,0,5,0
0,0,0,0,0,0,0,0,0,3,14,20,7,8,7,0,26,24,9,0,0,0,4,0
0,0,0,0,0,0,0,6,9,16,28,33,12,10,0,3,23,6,4,0,3,0,3,0
6,5,0,0,6,2,2,7,11,20,51,36,13,5,7,12,16,21,14,10,0,3,8,8
3,6,0,0,9,10,2,0,11,50,38,12,7,10,12,0,0,51,30,9,0,5,11,0
4,0,3,0,5,0,5,12,16,51,14,4,6,12,0,0,0,13,32,17,12,0,9,8

7,8,7,3,5,10,3,10,13,15,38,55,55,55,51,43,10,10,10,7,5,5,9,3
12,7,5,3,10,12,17,25,50,50,53,64,63,58,72,47,44,47,32,28,13,7,10,5
9,3,7,6,12,14,33,16,45,50,51,55,100,88,62,54,31,35,14,10,5,0,8,5
19,13,24,15,30,72,81,85,77,100,110,77,50,46,53,14,13,32,28,12,10,1,9,7
53,53,56,64,76,100,99,93,111,100,100,70,76,66,83,67,53,49,24,16,5,8,9,7
63,69,71,72,66,57,56,50,63,52,59,66,81,107,152,117,90,70,21,18,8,0,0,0
59,56,53,33,34,15,53,68,90,82,84,77,100,107,115,118,122,127,113,74,55,15,12,4
12,6,14,11,10,20,63,92,97,94,90,102,86,80,79,76,71,85,122,86,98,85,54,52
3,1,8,7,42,56,70,96,119,106,81,86,116,114,113,86,66,19,47,63,67,66,61,61
0,0,4,10,26,56,81,104,106,104,92,147,181,157,132,97,68,14,2,8,44,51,58,53
6,10,14,14,18,65,93,120,126,115,136,171,217,211,143,103,61,14,2,10,8,0,13,10
0,0,7,20,53,61,133,176,160,145,161,166,184,188,140,112,91,53,14,9,0,1,6,0
11,13,46,41,59,73,106,115,132,136,142,143,158,170,126,111,81,37,12,9,1,7,2,9
9,13,18,18,51,61,86,111,116,123,130,124,120,121,118,109,74,12,4,12,0,0,0,0
0,6,11,9,19,50,57,103,82,74,103,113,113,108,105,77,35,16,14,12,12,6,6,9
3,0,0,3,10,51,55,100,86,70,85,96,111,111,69,57,41,20,8,7,2,12,4,2
6,0,0,6,14,60,83,92,74,78,108,91,102,66,60,54,44,41,12,9,0,0,0,2
2,6,12,25,35,54,64,74,86,99,129,121,102,100,89,85,52,32,13,12,5,2,6,11
0,5,5,8,56,102,108,106,73,112,139,140,129,106,100,110,71,49,24,14,11,12,0,0
0,0,6,8,44,77,73,107,116,126,146,150,146,131,129,127,118,84,46,13,13,11,2,0
0,0,9,13,34,56,103,111,86,105,168,162,131,131,136,136,116,100,33,20,12,10,10,8
2,0,11,14,55,74,110,120,119,129,173,201,172,158,143,157,126,80,44,30,17,12,8,7
0,5,14,26,39,74,111,127,118,116,132,134,128,137,144,142,131,106,52,39,12,7,1,7
6,5,8,27,54,100,116,128,122,117,108,107,126,142,139,146,133,111,64,15,12,10,0,0
0,0,10,6,44,100,107,118,112,107,105,106,120,140,137,140,123,104,65,25,12,2,3,0
2,10,12,13,48,100,107,112,108,105,102,105,114,134,127,129,117,107,71,11,6,4,3,0
4,7,8,13,12,66,100,103,102,103,92,63,103,116,113,116,113,101,41,11,8,0,0,9
0,6,5,9,13,60,100,83,103,100,95,75,67,106,105,115,108,102,13,5,0,5,4,7
0,7,5,10,31,22,98,107,100,74,65,52,58,95,108,107,107,68,0,4,0,0,0,6
0,0,10,7,10,41,72,124,111,93,59,48,49,64,55,159,143,43,0,0,0,0,0,0
9,13,13,14,14,41,58,145,115,62,52,52,38,57,68,121,100,44,9,11,9,5,0,2
2,9,4,7,4,14,45,56,69,74,69,50,14,51,61,65,71,20,27,21,11,0,9,2
10,6,0,0,0,6,17,52,57,58,52,15,14,13,43,58,71,27,10,16,9,0,0,8
2,0,0,0,4,2,9,14,50,51,43,13,12,10,25,66,50,34,6,11,1,0,0,0
0,0,0,0,8,0,6,7,13,30,34,12,7,7,14,41,54,39,8,12,6,0,3,2
0,0,0,0,0,0,0,1,0,9,14,6,8,10,14,38,45,30,6,6,0,0,0,0
0,0,0,0,0,0,0,0,4,9,11,11,12,8,5,14,50,26,1,0,6,8,0,0
0,2,0,0,0,0,0,0,3,8,13,13,10,8,9,4,50,11,0,2,4,0,0,0
0,0,0,0,0,0,0,0,0,11,7,13,13,10,0,10,22,9,12,2,1,0,5,0
0,0,0,0,0,0,0,0,0,3,14,20,7,8,7,0,25,23,9,0,0,0,4,0
0,1,0,0,0,0,0,7,9,16,27,34,12,10,0,3,23,6,4,0,3,0,3,0
6,5,0,0,6,2,2,7,11,19,50,36,13,5,7,12,17,21,14,10,0,3,8,8
3,6,0,0,9,10,2,0,11,50,41,12,7,11,12,0,0,51,29,9,0,5,11,0
4,0,3,0,5,0,5,12,15,51,14,4,6,12,0,0,0,13,32,17,12,0,9,8

6,8,7,3,5,10,4,10,13,15,38,55,55,54,51,42,10,10,10,7,5,5,9,3
12,7,4,3,10,12,19,24,50,50,53,63,63,58,71,47,45,45,31,28,13,7,10,5
9,3,7,6,12,14,33,16,47,50,51,56,100,90,62,54,31,35,14,11,6,0,8,5
18,13,23,14,30,72,81,85,77,100,110,77,50,44,52,14,13,32,28,12,10,1,9,7
53,53,56,64,76,100,99,93,111,100,100,70,76,67,83,68,53,50,24,16,5,8,9,7
63,69,72,72,66,57,56,50,63,53,59,66,81,106,153,118,90,70,22,18,8,1,0,0
60,56,53,35,35,15,53,68,91,82,84,77,101,108,115,118,122,128,113,74,55,15,12,4
12,6,14,11,10,20,63,93,98,95,91,103,87,80,79,76,71,84,121,86,98,85,54,52
4,1,9,7,44,56,70,97,120,106,81,86,117,115,114,86,67,20,48,62,67,66,61,61
0,0,4,10,27,56,81,105,107,105,93,149,183,159,133,98,68,14,2,8,43,51,58,53
6,10,14,15,18,65,93,121,127,116,137,173,218,213,143,103,61,14,1,10,8,0,13,10
0,0,7,19,53,61,133,176,159,144,160,165,184,187,140,112,91,52,14,9,0,1,6,0
11,14,47,41,59,74,106,115,132,135,141,142,157,170,126,111,81,36,12,9,1,7,2,9
9,13,18,17,51,60,85,110,116,122,129,124,119,121,118,108,74,12,4,12,0,0,0,0
0,7,11,9,19,50,57,103,81,73,102,113,113,108,106,78,36,17,14,12,12,6,5,9
3,0,0,2,10,51,55,100,85,69,85,96,110,111,69,57,41,21,8,7,2,12,4,2
6,0,0,6,14,60,84,91,74,77,107,90,102,66,59,54,45,40,12,9,0,0,0,2
2,6,12,25,36,54,64,73,85,98,128,120,102,100,90,86,53,32,14,13,5,2,6,11
0,5,5,8,57,102,108,106,73,112,139,140,129,106,100,110,71,50,25,14,11,12,0,0
0,0,6,8,47,78,74,107,116,126,146,149,146,131,129,127,118,85,47,13,13,11,2,0
0,0,9,13,35,56,103,111,86,105,169,162,131,131,137,137,116,100,33,20,12,10,10,8
2,0,11,15,55,74,110,120,120,129,173,201,171,158,143,157,126,80,44,31,17,12,8,7
0,5,14,26,39,74,111,127,118,116,132,134,128,137,144,142,131,106,52,39,11,7,1,7
6,5,8,27,55,100,116,127,122,117,108,107,126,142,140,146,133,111,63,15,12,10,0,0
0,0,10,6,44,100,107,118,112,107,105,106,120,140,137,140,123,104,65,25,12,2,3,0
2,10,12,13,50,100,107,112,108,105,102,105,115,134,127,129,117,107,75,11,6,4,3,0
4,7,8,13,13,67,100,103,102,103,93,63,103,116,113,116,113,101,41,11,8,0,0,9
1,6,5,9,13,59,100,83,103,100,93,75,67,105,105,114,108,102,13,5,0,5,4,7
0,7,5,10,30,22,97,107,100,74,65,52,59,95,108,107,107,68,0,4,0,0,0,6
0,0,10,7,10,42,71,124,111,93,59,47,49,64,54,160,143,43,0,0,0,0,0,0
9,13,13,14,14,41,58,145,115,62,52,53,38,56,67,121,100,44,9,11,9,5,0,2
2,9,4,7,4,14,45,56,69,74,69,51,14,51,61,65,71,21,28,21,11,0,9,2
10,6,0,0,0,6,18,52,57,58,52,15,14,13,42,58,71,26,10,16,9,0,0,8
2,0,0,0,4,2,9,14,50,50,43,13,12,10,25,66,49,34,6,11,1,0,0,0
0,0,0,0,8,0,6,7,13,31,34,12,7,7,14,41,54,39,8,12,6,0,3,2
0,0,0,0,0,0,0,1,0,9,14,7,8,10,14,37,45,30,6,6,0,0,0,0
0,0,0,0,0,0,0,0,4,9,11,11,12,8,6,14,50,26,1,0,6,8,0,0
0,2,0,0,0,0,0,0,3,8,13,13,10,8,9,4,50,11,0,2,4,0,0,0
0,0,0,0,0,0,0,0,0,11,7,13,12,10,0,10,23,9,12,2,1,0,5,0
0,0,0,0,0,0,0,0,0,3,14,20,7,8,7,0,26,24,9,0,0,0,4,0
0,1,0,0,0,0,0,7,9,16,28,34,12,10,0,3,23,6,4,0,3,0,3,0
6,5,0,0,6,2,2,7,11,19,50,34,13,5,7,12,18,21,14,10,0,3,8,8
3,6,0,0,9,10,2,0,11,50,40,12,7,10,12,0,0,51,29,9,0,5,11,0
4,0,3,0,5,0,5,12,16,51,14,4,6,11,0,0,0,13,32,17,12,0,9,8

7,8,7,3,5,10,3,10,13,14,38,55,55,55,51,42,10,10,10,7,5,5,9,3
12,7,5,4,10,12,17,26,50,50,53,64,63,58,73,47,44,50,32,29,13,7,10,5
9,3,7,6,12,14,31,17,47,50,51,56,100,90,63,54,31,35,14,11,6,0,8,5
19,13,23,15,30,72,81,84,77,100,110,77,50,45,52,14,13,32,28,12,10,1,9,7
53,53,56,64,76,100,100,93,111,100,100,70,76,66,83,68,52,48,24,16,5,8,9,7
63,69,72,72,66,57,56,50,63,53,59,67,81,107,153,118,90,70,22,18,8,1,0,0
60,56,53,35,36,15,53,68,91,82,84,77,101,108,116,119,122,128,113,74,55,15,12,4
12,7,14,11,10,23,63,93,99,95,91,103,87,81,79,77,71,85,122,86,98,85,54,52
4,1,9,7,44,56,70,98,120,106,81,86,117,115,115,87,67,19,47,63,67,66,61,61
0,0,5,10,27,56,82,105,107,105,93,149,183,160,134,98,69,14,2,8,44,51,58,53
6,10,14,14,19,65,93,121,127,116,137,172,219,214,144,103,61,14,1,10,8,0,13,10
0,0,7,20,53,61,133,176,159,144,159,164,184,187,139,111,91,52,13,9,0,1,6,0
11,14,46,41,59,74,106,115,131,134,140,140,157,170,126,111,82,37,12,9,1,7,2,9
9,12,17,15,51,60,86,110,115,121,128,123,118,120,118,108,74,12,4,12,0,0,0,0
0,6,11,9,18,50,57,103,81,73,102,112,113,108,105,78,35,17,14,12,12,6,5,9
3,0,0,3,10,50,55,100,85,69,84,95,110,110,69,57,42,21,9,7,2,12,4,2
6,0,0,6,14,61,84,91,73,77,106,90,101,65,60,54,45,41,12,10,0,0,0,2
2,6,12,26,36,55,64,73,84,97,127,119,101,99,91,87,53,33,14,13,5,2,6,11
0,5,5,8,58,103,108,106,73,111,138,139,128,107,101,111,72,50,25,14,11,12,0,0
0,0,6,9,47,78,74,107,116,126,146,149,146,131,129,128,118,84,48,13,13,11,2,0
0,0,10,14,35,56,103,112,86,106,169,162,132,132,137,137,116,100,33,20,12,10,10,8
2,0,11,15,56,75,110,121,120,129,173,201,172,159,143,157,126,81,44,31,17,12,8,7
0,5,14,26,39,74,111,127,118,116,132,134,128,137,144,142,131,106,52,39,12,7,1,7
6,5,8,27,55,101,116,128,122,117,108,107,126,142,140,146,133,111,64,16,12,10,0,0
0,0,10,6,45,100,107,118,112,107,105,106,120,140,137,140,123,104,65,25,12,2,3,0
2,10,12,13,50,100,107,112,108,105,102,105,114,134,126,129,117,107,72,11,6,4,3,0
4,7,8,13,13,67,100,103,102,103,94,63,103,116,113,116,113,101,43,11,8,0,0,9
1,6,6,9,13,59,100,83,103,100,94,75,67,106,105,114,108,102,13,5,0,5,4,7
0,7,5,10,30,23,98,107,100,75,65,52,58,96,108,107,107,69,0,4,0,0,0,6
0,0,10,7,10,42,72,124,112,93,59,48,49,65,55,160,143,43,0,0,0,0,0,0
9,13,13,14,14,41,58,145,115,62,52,53,39,56,67,121,100,43,9,11,9,5,0,2
2,9,4,7,4,14,47,56,69,74,69,50,15,51,61,65,71,21,28,21,12,0,9,2
10,6,0,0,0,6,17,52,57,58,52,15,14,13,43,58,71,27,10,15,9,0,0,8
2,0,0,0,4,2,10,15,50,51,43,13,12,10,27,66,50,35,6,11,1,0,0,0
0,0,0,0,8,0,6,7,13,30,34,12,8,7,14,41,54,40,8,12,6,0,3,3
0,0,0,0,0,0,0,1,0,9,14,7,8,10,14,38,46,31,7,6,0,0,0,0
0,0,0,0,0,0,0,0,4,9,11,11,12,8,5,14,50,26,1,0,6,8,0,0
0,2,0,0,0,0,0,0,3,8,13,13,10,8,9,4,50,11,0,2,4,0,0,0
0,0,0,0,0,0,0,0,0,11,7,13,12,10,0,10,24,9,12,2,1,0,5,0
0,0,0,0,0,0,0,0,0,3,14,19,7,8,7,0,25,23,9,0,0,0,4,0
0,1,0,0,0,0,0,7,9,16,28,34,12,10,0,3,23,6,4,0,3,0,3,0
6,5,0,0,6,2,2,8,11,21,50,37,13,5,7,12,18,22,14,10,0,3,8,8
3,6,0,0,9,10,2,0,11,50,40,12,7,11,12,0,0,51,30,9,0,5,11,0
4,0,3,0,5,0,5,12,16,51,14,4,6,12,0,0,0,13,32,17,12,0,9,8

7,8,7,3,5,10,3,10,13,14,37,55,55,55,51,42,10,10,10,7,5,5,9,3
12,7,5,4,10,12,19,24,50,50,53,63,63,58,71,47,44,45,29,28,13,7,10,5
9,3,7,6,12,14,33,17,47,50,51,56,100,89,62,54,31,35,14,11,6,0,8,5
19,13,23,15,31,72,82,85,78,100,110,77,50,45,52,14,13,32,28,12,10,1,9,7
53,53,56,64,76,100,100,93,111,100,100,70,76,67,83,68,53,50,24,16,5,8,9,7
63,69,71,72,66,57,56,50,64,53,59,67,82,107,153,118,90,70,22,19,8,1,0,0
60,56,53,36,36,16,53,68,91,82,84,77,101,108,116,119,123,128,113,74,55,15,12,4
13,7,14,11,10,22,63,94,99,96,92,104,87,81,79,76,71,84,122,86,98,85,54,52
4,1,9,7,46,56,70,98,121,107,82,86,118,116,115,87,67,20,48,63,67,66,61,61
0,0,5,10,28,56,82,106,108,106,93,150,185,161,134,99,69,14,2,9,44,51,58,53
6,10,14,15,20,65,94,121,128,117,138,175,220,216,145,103,61,15,1,10,8,1,13,11
0,0,7,21,53,61,133,176,159,143,159,164,184,187,139,112,92,52,14,9,0,1,6,0
11,13,46,41,59,74,106,115,130,133,139,139,157,170,126,111,81,36,12,9,1,7,3,9
9,13,18,15,51,60,86,110,115,120,127,122,118,120,118,108,74,12,4,12,0,0,0,0
0,6,11,9,17,50,57,103,80,72,101,112,112,108,105,77,35,17,14,12,12,6,6,9
4,0,0,2,10,50,55,100,84,69,84,94,109,110,69,57,42,21,9,8,2,12,4,2
6,0,0,6,14,61,84,91,73,76,105,89,101,65,60,54,46,43,12,10,0,0,0,2
2,6,13,26,37,55,65,73,84,96,126,118,101,99,92,88,53,33,14,13,5,2,6,11
0,5,5,8,58,103,109,106,72,111,138,138,128,107,102,111,72,50,25,14,11,12,0,0
0,0,6,9,47,78,75,107,116,125,146,149,146,131,129,128,119,84,48,13,13,11,2,0
0,0,10,14,35,56,103,112,87,106,169,162,132,132,137,137,116,100,33,20,12,10,10,8
2,0,11,15,55,75,111,121,120,129,174,201,172,159,143,157,126,80,44,31,17,12,8,7
0,5,14,26,39,74,112,127,118,116,132,134,128,137,144,142,131,106,52,39,12,7,1,7
6,6,8,29,55,101,116,128,122,117,109,107,126,142,140,146,133,111,64,16,12,10,0,0
0,0,10,6,44,100,107,118,112,107,105,106,120,140,137,140,123,104,65,25,12,2,3,0
2,10,12,13,50,100,107,112,108,105,102,105,114,134,127,129,117,107,74,11,6,4,3,0
4,7,8,13,13,68,100,103,102,103,94,63,103,116,113,116,113,101,43,11,8,0,0,9
1,6,6,9,13,60,100,83,103,100,94,76,67,106,105,114,108,102,13,5,0,5,4,7
0,7,5,10,30,23,97,107,100,75,65,52,59,95,108,107,107,67,0,4,0,0,0,6
0,0,10,7,10,41,72,125,112,93,59,48,49,65,55,160,143,43,0,0,0,0,0,0
9,13,13,14,14,41,58,145,115,62,52,53,38,56,67,121,100,44,9,11,9,5,0,2
2,10,4,7,4,14,47,56,69,74,70,51,16,51,61,65,71,22,28,21,12,0,9,2
10,6,0,0,0,6,16,52,57,58,52,15,14,13,42,58,71,27,10,16,9,0,0,8
2,0,0,0,4,2,10,14,50,51,43,13,12,10,25,66,50,34,6,11,1,0,0,0
0,0,0,0,8,0,6,7,13,30,34,12,7,7,14,41,54,39,8,12,6,0,3,3
0,0,0,0,0,0,0,1,0,9,14,7,8,10,14,39,46,31,7,6,0,0,0,0
0,0,0,0,0,0,0,0,4,9,11,11,13,8,6,14,50,28,1,0,6,8,0,0
0,2,0,0,0,0,0,0,3,8,13,13,10,8,9,4,50,11,0,2,4,0,0,0
0,0,0,0,0,0,0,0,0,11,7,13,12,10,0,10,24,9,12,2,1,0,5,0
0,0,0,0,0,0,0,0,0,3,14,19,7,8,7,0,26,24,9,0,0,0,4,0
0,1,0,0,0,0,0,7,9,17,27,34,12,10,0,3,23,6,4,0,2,0,3,0
6,6,0,0,6,2,2,8,11,20,51,37,13,5,7,12,19,24,14,10,0,3,8,8
3,6,0,0,9,10,2,0,11,50,38,12,7,11,12,0,0,51,30,9,0,5,11,0
4,0,3,0,5,0,5,12,16,51,14,4,6,11,0,0,0,13,32,17,12,0,9,8

7,8,7,4,6,10,3,10,13,14,37,54,54,54,50,40,10,10,10,8,5,5,9,3
12,7,5,4,10,12,20,22,50,50,53,63,62,57,71,46,43,44,29,28,14,7,10,5
9,3,7,7,12,14,33,16,45,48,51,56,100,88,62,53,30,35,14,11,6,0,8,5
19,13,23,15,31,73,83,86,78,100,110,79,50,45,52,14,13,32,28,12,10,1,9,7
53,53,56,64,76,100,100,94,112,100,100,71,76,66,83,68,53,49,24,16,5,8,9,7
63,69,72,72,66,57,56,50,64,53,60,68,82,108,155,119,90,71,23,19,8,1,0,0
60,56,53,35,35,17,53,69,92,82,85,77,101,109,116,120,123,128,113,74,55,15,12,4
13,7,14,11,10,23,63,95,99,96,92,104,88,81,80,77,71,85,122,86,98,85,54,52
4,2,9,7,46,57,71,99,121,107,82,87,118,116,115,87,67,21,48,63,67,67,61,61
0,0,5,10,28,56,82,106,108,106,93,150,186,161,135,99,69,14,2,9,44,51,58,53
6,10,14,15,21,66,94,121,128,117,138,176,221,217,145,104,61,16,1,10,8,1,13,10
0,0,7,20,53,61,133,177,159,143,158,164,184,187,140,112,92,53,14,9,0,1,6,0
11,14,45,41,59,74,107,115,130,132,138,138,157,171,125,111,81,36,12,9,1,7,3,9
9,13,18,15,50,60,85,110,114,120,127,122,117,120,119,108,74,12,4,12,0,0,0,0
0,6,11,8,16,50,56,102,80,72,100,111,112,108,105,77,35,17,14,12,12,6,5,9
3,0,0,2,10,50,55,100,84,68,83,93,109,110,69,57,41,22,9,8,2,12,4,2
6,0,0,6,14,61,84,90,73,76,105,89,101,65,59,54,46,42,12,10,0,0,0,2
2,6,13,26,37,56,65,73,83,95,126,118,100,99,92,88,53,33,14,13,5,2,6,11
0,5,5,8,59,104,109,106,72,110,138,138,128,106,102,112,72,50,26,14,11,12,0,0
0,0,6,9,48,79,75,107,116,125,146,149,146,132,130,128,119,86,49,13,13,11,2,0
0,0,10,14,35,56,104,112,87,106,169,162,132,132,137,137,116,100,33,20,12,10,10,8
3,0,11,16,55,75,111,121,120,129,174,201,172,159,143,157,127,81,44,31,17,12,8,7
0,5,14,26,39,74,112,127,118,116,132,134,128,137,144,142,131,106,52,39,12,7,1,7
6,5,8,29,55,101,116,127,122,117,109,107,126,142,140,146,133,111,64,17,12,10,0,0
0,0,10,6,45,100,107,118,112,107,105,106,120,140,137,140,123,104,65,25,12,2,3,0
2,10,12,13,50,100,107,112,108,105,102,105,114,134,127,129,117,107,74,11,7,4,3,0
4,7,8,13,13,67,100,103,102,103,94,63,103,116,113,116,113,101,43,11,8,0,0,9
1,6,6,9,13,60,100,83,103,100,95,75,67,106,105,114,108,102,13,5,0,5,4,7
0,7,5,10,31,23,97,107,100,74,65,52,59,95,108,107,107,69,0,4,0,0,0,6
0,0,10,7,10,42,72,125,112,93,59,48,49,65,55,160,143,44,0,0,0,0,0,0
9,13,13,14,14,41,58,145,114,62,52,53,38,56,67,120,100,43,9,11,9,5,0,2
2,10,4,7,4,14,45,56,69,74,69,51,17,51,61,65,71,21,28,21,12,0,9,2
10,6,0,0,0,6,17,52,57,58,52,15,14,13,43,58,71,26,10,16,9,0,0,8
2,0,0,0,4,2,10,14,50,51,43,13,12,10,27,66,50,34,6,11,1,0,0,0
0,0,0,0,8,0,6,7,13,31,34,12,8,7,14,41,54,39,8,12,6,0,3,3
0,0,0,0,0,0,0,1,0,9,14,7,8,10,14,38,45,30,7,6,0,0,0,0
0,0,0,0,0,0,0,0,5,9,11,11,12,8,6,14,50,25,1,0,6,8,0,0
0,3,0,0,0,0,0,0,3,8,13,13,10,8,9,3,50,11,0,2,4,0,0,0
0,0,0,0,0,0,0,0,0,11,7,13,12,10,0,10,25,9,12,2,1,0,5,0
0,0,0,0,0,0,0,0,0,3,14,19,7,8,7,0,26,24,9,0,0,0,4,0
0,1,0,0,0,0,0,7,9,16,27,33,12,10,0,3,24,6,4,0,3,0,3,0
6,6,0,0,6,2,3,8,11,19,51,36,13,5,7,12,18,24,14,10,0,3,8,8
3,6,0,0,9,10,2,0,11,50,38,12,7,10,12,0,0,51,30,9,0,5,11,0
4,0,3,0,5,0,5,12,17,51,14,4,6,11,0,0,0,13,32,17,12,0,9,8

7,8,7,4,6,10,3,10,13,14,36,54,54,53,50,40,10,10,10,8,6,6,9,3
12,7,5,4,10,12,19,25,50,50,52,63,62,58,71,46,44,48,31,29,14,7,10,5
9,3,7,7,12,14,34,17,47,50,51,56,100,88,62,54,31,36,14,11,6,0,8,5
19,13,24,15,30,73,83,85,78,100,110,80,51,46,52,14,13,32,28,12,10,2,9,7
53,53,56,64,76,100,100,94,112,101,100,71,76,67,84,68,53,50,24,16,5,8,9,7
63,69,72,72,66,57,56,50,64,53,60,67,82,108,156,119,91,71,22,19,8,1,0,0
60,56,53,35,36,17,53,69,91,82,85,77,101,108,116,120,123,128,113,74,55,15,12,4
13,7,14,11,10,24,63,94,99,96,92,104,88,81,80,77,71,85,122,86,98,86,54,52
4,2,9,7,47,57,71,99,121,108,82,87,118,116,115,87,67,20,48,63,67,67,61,61
0,0,5,10,28,56,82,107,109,107,94,151,187,162,135,99,69,14,2,9,44,51,58,53
7,10,14,15,20,66,94,122,129,118,139,177,222,218,146,104,61,16,1,10,8,1,13,11
0,0,7,21,53,61,133,177,159,143,158,164,184,187,139,112,92,52,14,9,0,1,6,0
11,13,46,41,59,74,107,116,129,132,138,138,157,171,125,110,81,36,12,9,1,8,3,9
9,13,17,15,51,60,85,110,114,119,126,121,117,120,119,108,74,12,4,12,0,0,0,0
0,6,11,8,16,50,57,102,80,71,100,111,112,107,105,77,35,17,14,12,12,6,6,9
3,0,0,2,10,50,55,100,83,68,83,93,109,110,69,57,42,20,9,8,2,12,4,2
6,0,0,7,14,62,84,90,72,76,104,88,101,65,60,54,46,43,12,10,0,0,0,2
2,6,13,26,37,56,65,73,83,95,125,117,100,99,93,89,54,33,14,13,5,2,6,11
0,5,5,8,59,104,110,106,72,110,137,138,128,107,103,112,72,50,26,14,11,12,0,0
0,0,6,9,48,80,75,107,116,125,146,149,146,132,130,128,119,86,48,13,13,11,2,0
0,0,10,14,35,56,104,112,86,106,169,162,132,132,137,137,116,100,33,20,12,10,10,8
2,0,11,16,56,75,111,121,120,129,173,201,173,159,143,158,127,81,44,31,17,12,8,7
0,5,14,26,39,74,112,127,118,116,132,134,128,137,144,142,131,106,52,39,12,7,1,7
6,5,8,29,55,101,116,128,122,117,108,107,126,142,139,146,133,111,65,17,12,10,0,0
0,0,10,6,45,100,107,118,112,107,105,106,120,140,137,140,123,104,65,25,12,2,3,0
2,10,12,13,50,100,107,112,108,105,102,105,114,134,126,129,117,107,75,11,7,4,3,0
4,7,8,13,13,67,100,103,102,103,95,63,103,116,113,116,113,101,41,11,8,0,0,9
1,6,6,9,13,60,99,83,104,100,94,75,67,106,105,114,108,102,14,5,0,5,4,7
0,7,5,10,30,24,97,107,100,74,65,52,59,95,108,107,107,68,0,4,0,0,0,6
0,0,10,7,10,42,72,125,112,93,59,47,49,65,55,160,143,43,0,0,0,0,0,0
9,13,13,14,14,41,58,145,114,62,52,53,38,56,67,120,100,43,9,11,9,5,0,2
2,9,4,7,4,14,45,56,69,74,69,51,16,51,61,65,70,21,28,21,12,0,9,2
10,6,0,0,0,6,17,52,57,58,52,15,14,13,41,58,71,26,10,16,9,0,0,8
2,0,0,0,4,2,10,14,50,51,43,13,12,10,27,66,50,35,6,11,1,0,0,0
0,0,0,0,8,0,6,7,13,31,34,12,8,7,14,41,54,39,8,12,6,0,3,3
0,0,0,0,0,0,0,1,0,9,14,6,8,10,14,39,45,31,7,6,0,0,0,0
0,0,0,0,0,0,0,0,4,9,11,11,13,8,6,14,50,26,1,0,6,8,0,0
0,3,0,0,0,0,0,0,3,8,13,13,10,8,9,3,50,11,0,2,4,0,0,0
0,0,0,0,0,0,0,0,0,11,7,13,12,10,0,10,24,9,12,2,1,0,5,0
0,0,0,0,0,0,0,0,0,3,14,19,7,8,7,0,26,24,9,0,0,0,4,0
0,1,0,0,0,0,0,7,9,17,28,31,12,10,0,3,24,6,4,0,3,0,3,0
6,5,0,0,6,2,3,8,11,20,51,33,13,5,7,12,18,22,14,10,0,3,8,8
3,6,0,0,9,10,2,0,11,50,40,12,7,10,12,0,0,51,30,9,0,5,11,0
4,0,3,0,5,0,5,12,17,51,14,4,6,11,0,0,0,13,33,17,12,0,9,8

7,9,7,3,5,10,4,10,13,15,38,55,54,55,51,42,10,10,10,8,6,6,9,3
12,8,5,5,10,12,17,24,50,50,53,63,63,58,72,47,45,47,32,29,14,7,10,5
9,4,8,7,12,14,31,16,45,50,51,56,101,90,63,54,31,37,16,11,6,0,8,5
19,13,24,15,30,71,81,84,77,100,110,78,52,46,52,14,13,33,29,12,10,2,9,7
53,53,56,64,76,100,100,93,111,100,100,70,75,66,83,67,53,49,24,16,5,8,9,7
63,69,71,72,66,57,56,50,63,53,59,66,81,105,152,117,90,71,21,18,8,1,0,0
60,56,53,36,36,15,53,68,89,81,84,76,100,106,114,118,123,127,113,74,55,15,12,4
12,7,14,11,11,22,63,93,97,95,91,103,87,80,78,76,71,85,121,86,98,85,54,52
4,2,9,8,46,56,70,98,121,108,82,86,118,115,114,86,67,19,48,63,67,66,61,61
0,0,5,11,27,56,82,107,110,107,94,151,188,161,133,98,69,14,2,8,44,51,58,53
7,10,15,16,21,66,93,122,130,119,140,180,225,218,146,104,61,15,2,10,8,0,13,10
0,0,7,20,53,61,132,178,161,144,159,166,185,187,139,112,92,52,14,9,0,1,6,0
11,14,46,41,59,74,107,116,130,132,138,139,160,172,125,111,81,37,12,9,1,7,3,9
9,13,18,15,51,60,85,110,114,119,127,122,117,121,119,108,74,12,4,12,0,0,0,0
0,6,11,8,16,50,57,102,80,71,100,111,112,108,105,78,36,18,14,12,12,6,6,9
3,0,0,2,10,50,55,100,84,68,83,94,109,110,69,58,42,22,9,8,2,12,4,2
6,0,0,7,14,62,85,90,73,76,105,89,101,65,60,54,48,45,12,10,0,0,0,2
2,6,13,26,37,56,66,73,83,95,125,118,101,100,94,90,54,33,14,13,6,2,6,11
0,5,5,8,59,104,110,106,72,110,137,138,128,107,103,112,73,50,26,14,11,12,0,0
0,0,6,9,47,80,75,107,116,125,145,148,146,132,130,128,119,85,48,13,13,11,2,0
0,0,10,14,35,56,104,112,87,105,168,161,132,132,137,137,116,100,34,20,13,10,10,8
2,0,11,15,55,75,111,121,120,129,173,201,172,159,143,157,127,81,44,31,17,12,8,7
0,5,14,26,39,74,111,126,118,116,131,134,128,137,144,142,131,106,52,39,12,7,1,7
6,5,8,29,55,101,116,127,122,117,108,107,126,142,139,146,133,111,64,16,12,10,0,0
0,0,10,6,45,100,107,118,112,107,105,106,120,140,137,140,123,104,66,25,12,2,3,0
2,10,12,13,50,100,107,112,108,105,102,105,114,134,126,129,117,107,75,11,7,4,3,0
4,8,8,13,13,67,100,103,102,103,94,63,103,116,113,116,113,101,43,11,8,0,0,9
1,6,6,9,13,60,100,83,103,100,94,75,67,105,105,114,107,102,13,5,0,5,4,7
0,7,5,10,33,22,97,107,100,75,65,52,58,96,108,107,107,68,0,4,0,0,0,6
0,0,10,7,10,42,72,125,112,93,58,48,49,65,54,160,143,44,0,0,0,0,0,0
9,13,13,14,14,41,58,145,114,62,52,53,38,56,67,120,99,43,9,11,9,5,0,3
2,10,4,7,4,14,46,56,69,73,69,51,16,51,61,65,70,22,28,21,11,0,9,2
10,6,0,0,0,6,18,52,57,58,52,15,14,13,41,58,71,27,10,16,9,0,0,8
2,0,0,0,4,2,10,14,50,51,43,13,12,10,27,66,50,35,6,11,1,0,0,0
0,0,0,0,8,0,6,7,14,31,34,12,7,8,14,41,54,39,8,12,6,0,3,3
0,0,0,0,0,0,0,1,0,9,14,6,8,10,14,38,46,30,7,6,0,0,0,0
0,0,0,0,0,0,0,0,5,9,11,11,12,8,6,14,50,27,1,0,6,8,0,0
0,3,0,0,0,0,0,0,3,8,13,13,10,8,9,4,50,10,0,2,4,0,0,0
0,0,0,0,0,0,0,0,0,11,7,13,12,10,0,10,25,9,12,2,1,0,5,0
0,0,0,0,0,0,0,0,0,3,14,18,7,8,7,0,27,24,9,0,0,0,4,0
0,1,0,0,0,0,0,7,9,16,27,31,12,10,0,3,24,6,4,0,3,0,3,0
6,5,0,0,6,1,3,8,11,21,51,34,13,5,7,12,18,26,14,10,0,3,8,8
3,6,0,0,9,10,2,0,11,50,41,11,7,10,12,0,0,51,30,9,0,5,11,0
4,0,3,0,5,0,5,12,17,51,14,3,6,11,0,0,0,13,33,17,12,0,9,8

7,9,7,3,5,10,4,10,14,15,38,55,55,55,52,43,10,10,10,8,6,6,9,3
12,8,5,5,10,12,17,24,50,50,53,64,63,58,73,47,45,50,35,31,14,7,10,5
9,4,8,7,12,14,33,17,45,50,51,56,101,91,63,54,31,37,19,11,6,0,8,5
19,13,23,15,30,71,81,85,77,100,110,78,52,47,52,14,13,33,30,12,10,2,9,7
53,53,56,64,76,100,100,93,112,100,100,71,76,66,82,67,52,50,24,16,5,9,9,7
63,69,71,72,66,57,56,50,63,52,59,66,80,104,148,115,89,70,21,18,8,1,0,0
60,56,53,36,36,15,52,67,88,81,83,76,99,105,113,117,122,127,112,74,55,15,12,4
13,7,14,11,11,20,63,92,96,94,91,103,86,79,77,75,70,85,121,86,97,85,54,53
4,2,9,8,46,56,70,97,121,108,82,86,118,114,112,85,66,18,48,63,67,66,60,61
0,0,5,11,28,56,82,107,111,108,95,153,189,160,131,96,68,14,2,9,44,51,58,53
7,10,15,17,21,66,93,122,131,121,142,182,226,216,144,103,61,14,2,10,8,0,13,10
0,0,7,21,53,61,132,179,163,145,160,168,186,186,138,111,92,52,14,9,0,1,6,0
11,13,48,41,59,74,107,116,130,132,138,139,162,172,125,110,81,37,12,9,1,8,3,9
9,13,18,16,51,60,86,110,114,119,127,122,117,121,119,108,74,12,4,12,0,0,0,0
0,7,11,9,17,50,57,102,80,71,100,111,112,108,105,78,36,18,14,12,12,6,6,9
3,0,0,2,10,50,55,100,84,68,83,94,109,110,70,58,44,22,9,8,3,12,4,2
6,0,0,7,14,63,84,90,73,76,105,89,101,65,60,54,49,45,13,10,0,0,0,2
2,7,13,26,38,56,66,73,83,95,125,118,101,100,95,90,54,33,14,13,6,2,6,11
0,5,5,8,59,104,110,106,72,110,137,138,128,107,103,112,73,50,26,14,11,12,0,0
0,0,6,9,47,79,75,107,116,125,145,148,146,132,130,129,119,86,48,13,13,11,2,0
0,0,10,14,35,56,104,112,87,105,168,161,132,132,137,137,116,100,34,21,13,10,10,8
2,0,11,16,55,75,111,121,120,129,173,201,172,159,143,157,127,81,45,31,17,12,8,7
0,5,14,26,39,74,111,126,118,116,131,134,128,137,144,142,131,106,52,39,12,7,1,7
6,5,8,27,55,100,116,127,122,117,108,107,126,142,139,146,133,111,64,16,13,10,0,0
0,0,10,6,45,100,107,118,112,107,105,106,120,140,137,140,123,104,66,26,12,2,3,0
2,10,12,13,50,100,107,112,108,105,102,105,114,134,126,129,117,107,75,11,7,4,3,0
4,7,8,13,13,66,100,103,102,103,94,63,103,116,113,116,113,101,43,11,8,0,0,9
1,6,6,9,13,59,99,82,103,100,94,75,67,106,105,114,108,102,13,5,0,5,4,7
0,7,5,10,33,23,97,107,100,74,65,52,59,95,108,107,107,69,0,4,0,0,0,6
0,0,10,7,10,42,72,125,112,93,59,48,49,65,55,160,144,44,0,0,0,0,0,0
9,13,13,14,14,41,58,145,114,62,52,53,38,56,67,120,99,43,9,11,9,5,0,2
2,10,4,7,4,14,46,56,69,73,69,50,15,51,61,65,70,22,28,21,12,0,9,2
10,6,0,0,0,6,17,52,57,58,52,15,14,13,41,58,71,27,10,16,9,0,0,8
2,0,0,0,4,2,10,15,50,51,43,13,12,10,26,66,50,35,6,11,1,0,0,0
0,0,0,0,8,0,6,7,14,32,34,12,8,7,14,41,54,39,8,12,6,0,3,3
0,0,0,0,0,0,0,1,0,9,14,7,8,10,14,39,46,31,7,6,0,0,0,0
0,0,0,0,0,0,0,0,5,9,11,11,12,8,6,14,50,26,1,0,6,8,0,0
0,3,0,0,0,0,0,0,3,8,13,13,10,8,9,4,50,11,0,2,4,0,0,0
0,0,0,0,0,0,0,0,0,11,7,13,12,10,0,10,25,9,12,2,1,0,5,0
0,0,0,0,0,0,0,0,0,3,14,19,7,8,7,0,26,24,9,0,0,0,4,0
0,1,0,0,0,0,0,7,9,16,28,31,12,10,0,3,25,6,4,0,3,0,3,0
6,6,0,0,6,1,3,8,11,20,51,34,13,5,7,12,18,25,14,10,0,3,8,8
3,6,0,0,9,10,2,0,11,50,41,12,7,11,12,0,0,51,31,9,0,5,11,0
4,0,3,0,5,0,5,12,18,51,14,3,6,12,0,0,0,13,33,17,12,0,9,8

7,8,7,3,5,10,4,10,13,15,38,55,55,55,52,44,10,10,10,8,6,6,9,3
12,8,5,5,10,12,17,24,50,50,53,64,63,58,73,48,45,50,35,31,14,7,11,5
9,4,8,7,12,14,33,17,47,50,51,56,101,91,63,54,31,38,17,11,6,0,8,5
20,13,23,16,30,71,81,84,77,100,110,77,52,48,53,14,13,33,30,12,10,2,9,7
53,53,56,63,76,100,100,93,112,100,100,71,75,66,82,67,52,50,24,16,5,9,9,7
63,69,72,72,66,57,56,50,63,53,59,66,81,104,149,116,90,70,21,19,8,1,0,0
60,56,53,37,36,15,52,68,89,81,83,76,99,105,114,118,122,127,113,74,55,15,12,5
13,7,14,11,10,22,63,92,97,94,91,103,86,79,77,75,71,85,121,86,98,85,54,53
4,2,9,8,46,56,70,97,121,107,82,86,117,114,112,85,66,19,48,63,67,66,61,61
0,0,5,11,28,56,82,106,109,107,93,150,186,159,132,97,68,14,2,9,44,51,58,53
7,10,15,16,22,66,93,122,130,119,140,179,223,216,145,104,61,14,2,10,8,0,13,10
0,0,8,22,53,61,133,180,163,145,160,167,186,187,139,112,92,53,14,9,0,1,6,0
11,14,47,41,59,75,107,116,130,132,138,139,161,173,125,111,82,37,12,9,1,8,3,9
9,13,20,18,51,61,86,110,114,119,127,122,117,121,119,109,75,12,4,12,0,0,0,0
0,7,11,9,18,50,57,102,80,71,100,111,112,108,105,79,36,18,14,12,12,6,6,10
4,0,0,3,10,51,55,100,84,68,83,93,109,110,70,57,44,22,9,8,3,12,5,2
6,0,0,7,14,63,85,90,73,76,105,88,101,65,60,54,49,45,13,10,0,0,0,2
2,7,13,26,38,56,66,73,83,95,125,117,100,100,94,90,54,33,14,13,6,2,6,11
0,5,5,8,59,104,110,106,72,110,137,138,128,107,103,112,73,50,26,14,11,12,0,0
0,0,6,9,48,79,75,107,115,125,145,148,146,132,130,128,119,85,49,13,13,11,2,0
0,0,10,14,35,56,103,112,86,105,168,161,131,132,137,137,116,100,34,21,12,10,10,8
3,0,11,16,55,74,111,120,120,129,173,200,172,159,143,157,127,81,45,31,17,12,8,7
0,5,14,26,39,74,111,126,118,116,131,134,127,137,144,142,131,106,52,39,12,7,1,7
6,5,8,29,55,101,116,127,122,117,108,107,126,142,139,145,133,111,64,17,12,10,0,0
0,0,10,6,45,100,106,118,112,107,105,106,120,140,137,140,123,104,67,26,12,2,3,0
2,10,12,13,50,100,107,112,108,105,102,105,114,134,126,129,117,107,77,11,7,4,3,0
4,7,8,13,13,67,100,103,102,103,94,63,103,116,113,116,113,101,43,11,8,0,0,9
1,6,6,9,13,60,99,83,103,100,94,75,67,106,105,114,108,102,14,5,0,6,4,7
0,7,5,10,31,22,97,107,100,74,65,52,58,95,108,107,107,69,0,4,0,0,0,6
0,0,10,7,11,43,72,125,112,94,59,48,49,65,55,161,144,44,0,0,0,0,0,0
9,13,13,14,14,41,58,145,114,62,52,53,38,56,67,120,99,43,9,11,9,5,0,2
2,10,4,7,4,14,46,56,69,73,70,50,15,51,61,65,71,22,28,21,12,0,9,2
10,6,0,0,0,6,17,52,57,58,52,15,14,13,43,58,71,27,10,16,9,0,0,8
2,0,0,0,4,2,10,15,50,51,43,14,12,10,29,66,50,36,6,11,1,0,0,0
0,0,0,0,8,0,6,7,14,30,34,12,8,7,14,41,54,39,8,12,6,0,3,3
0,0,0,0,0,0,0,1,0,10,14,7,8,10,14,38,46,31,7,6,0,0,0,0
0,0,0,0,0,0,0,0,5,9,11,11,12,8,6,14,51,26,1,0,6,8,0,0
0,3,0,0,0,0,0,0,3,9,13,13,10,8,9,4,50,11,0,2,4,0,0,0
0,0,0,0,0,0,0,0,0,11,7,13,12,10,0,10,26,9,12,2,1,0,5,0
0,0,0,0,0,0,0,0,0,3,14,19,7,8,7,0,27,24,9,0,0,0,4,0
0,1,0,0,0,0,0,7,9,16,28,33,12,10,0,3,25,7,4,0,3,0,3,0
6,6,0,0,6,2,3,8,11,21,51,34,13,4,7,12,17,25,14,10,0,3,8,8
3,6,0,0,9,10,2,0,11,50,42,12,7,10,12,0,0,51,31,9,0,5,11,0
4,0,3,0,5,0,5,12,18,51,14,4,6,12,0,0,0,13,33,17,12,0,9,8

7,8,7,3,5,10,4,10,13,15,38,55,55,55,51,44,10,10,10,8,6,5,9,3
12,8,5,5,10,12,19,24,50,50,53,64,63,58,73,47,46,50,33,31,14,7,10,6
9,4,8,7,12,14,33,17,47,50,51,56,101,92,63,54,32,37,17,11,6,0,8,5
20,13,23,16,31,72,81,85,78,100,110,78,52,48,53,14,13,33,30,12,10,2,9,7
53,53,56,64,76,100,100,94,112,101,100,71,76,66,82,68,52,50,24,16,5,8,10,7
63,69,72,72,66,57,56,50,63,53,60,67,81,106,152,118,90,71,21,19,8,1,0,0
60,56,53,36,35,15,53,68,89,81,83,76,99,106,114,118,122,127,113,74,55,15,12,4
13,7,14,11,11,22,63,93,97,94,91,103,86,80,78,75,71,85,122,86,97,85,54,53
4,2,9,7,44,56,70,97,120,107,82,85,116,114,112,85,67,18,48,63,67,66,61,61
0,0,6,11,28,56,82,105,108,106,93,149,184,158,132,97,68,14,2,9,44,51,58,53
7,10,14,16,21,65,93,121,128,118,139,176,221,215,144,103,61,14,2,10,8,0,13,10
0,0,8,22,53,61,134,179,162,145,160,167,185,188,140,112,91,53,14,9,0,1,6,0
11,13,47,42,59,75,107,116,131,133,139,140,160,173,126,111,82,37,12,9,1,8,3,9
9,13,20,18,51,60,86,110,115,121,128,122,118,121,119,109,75,13,4,12,0,0,0,0
0,7,11,9,18,50,57,103,80,72,101,112,112,108,105,78,36,18,14,12,12,6,6,10
4,0,0,3,10,51,55,100,84,69,84,94,110,111,70,58,44,22,9,8,2,12,5,2
6,0,0,7,14,62,84,91,73,76,105,89,101,65,60,54,47,43,12,10,0,0,0,2
2,7,13,26,37,56,65,73,83,96,126,118,101,99,92,89,54,33,14,13,6,2,6,11
0,5,5,8,58,103,109,106,72,110,138,138,128,107,102,111,72,50,25,14,11,12,0,0
0,0,6,9,47,79,75,107,115,125,145,148,146,131,129,128,118,85,48,13,13,11,2,0
0,0,10,14,35,56,103,112,86,105,168,161,131,131,137,137,116,100,33,20,12,10,10,8
3,0,11,15,55,74,110,120,119,129,172,200,172,158,143,157,126,81,44,31,17,12,8,7
0,5,14,26,39,74,111,126,117,116,131,134,128,137,144,142,131,106,52,39,12,7,1,7
6,5,8,27,55,100,116,127,122,117,108,107,126,142,139,145,133,111,64,16,12,10,0,0
0,0,10,6,45,98,106,118,112,107,105,106,120,140,137,140,122,104,66,25,12,2,3,0
2,10,12,14,50,100,107,112,108,105,102,105,114,134,126,129,117,107,75,11,7,4,3,0
4,7,8,13,13,66,100,103,102,103,93,62,103,116,113,116,113,101,43,11,8,0,0,9
1,6,6,9,13,60,99,83,103,100,94,75,67,106,105,114,108,102,14,5,0,6,4,7
0,7,5,10,31,23,97,107,100,74,65,52,59,96,108,107,107,69,0,4,0,0,0,6
0,0,10,7,11,43,72,125,112,93,59,48,49,64,55,161,143,43,0,0,0,0,0,0
9,13,13,14,14,41,58,146,114,62,52,53,38,56,67,120,99,43,9,11,9,5,0,3
2,10,5,7,4,14,46,56,69,74,69,51,17,51,61,65,71,21,28,21,12,0,9,2
10,6,0,0,0,6,17,52,57,58,52,15,14,14,42,58,71,27,10,16,9,0,0,8
2,0,0,0,4,2,10,15,50,51,43,14,12,10,29,66,50,35,6,11,1,0,0,0
0,0,0,0,8,0,6,7,14,32,34,12,8,7,14,41,54,39,8,12,6,0,3,3
0,0,0,0,0,0,0,1,0,10,14,7,9,10,14,40,46,31,7,6,0,0,0,0
0,0,0,0,0,0,0,0,5,9,11,11,12,8,6,14,51,26,1,0,6,8,0,0
0,3,0,0,0,0,0,0,3,9,13,13,10,8,9,4,50,11,0,2,4,0,0,0
0,0,0,0,0,0,0,0,0,11,7,13,12,10,0,10,27,9,12,2,1,0,5,0
0,0,0,0,0,0,0,0,0,4,14,20,7,8,7,0,27,24,9,0,0,0,4,0
0,1,0,0,0,0,0,7,9,17,29,34,12,10,0,3,25,7,4,0,3,0,3,0
6,6,0,0,6,2,3,8,11,21,51,37,13,5,7,12,18,25,14,10,0,3,8,8
3,6,0,0,9,10,2,0,11,51,42,12,7,11,12,0,0,52,30,9,0,5,11,0
4,0,3,0,5,0,5,12,17,51,14,4,6,12,0,0,0,13,33,17,12,0,9,8

7,9,7,3,5,10,4,10,13,15,39,55,55,55,52,44,11,10,10,8,5,5,9,3
12,8,5,5,10,12,17,24,50,50,53,64,63,58,73,48,46,48,32,29,14,7,11,6
9,4,8,7,12,14,33,17,47,50,51,56,101,92,63,54,31,37,16,11,6,0,8,5
20,13,24,15,31,72,82,85,78,100,110,79,52,48,53,14,13,33,30,12,10,2,9,7
53,53,56,64,76,100,100,95,112,101,100,71,75,67,83,68,53,50,24,16,5,9,10,7
63,69,72,72,66,57,56,50,64,53,60,67,81,106,153,119,90,70,21,19,8,1,0,0
60,56,53,37,36,15,53,68,90,82,83,76,99,107,115,119,122,127,113,74,55,15,12,5
13,7,14,11,10,23,63,93,97,94,91,102,86,80,78,75,71,85,122,86,98,85,54,53
4,2,9,7,45,56,70,97,120,107,81,85,116,113,112,85,67,19,48,63,67,66,61,61
0,0,5,11,28,56,81,105,107,106,93,148,183,157,131,97,68,14,2,9,44,51,58,53
7,10,14,16,21,65,93,121,128,117,138,175,219,214,144,103,61,14,2,10,8,0,13,10
0,0,8,22,54,61,134,178,161,145,161,167,185,188,140,112,92,53,14,9,0,1,6,0
11,14,47,41,60,75,107,116,132,134,140,141,160,172,126,111,82,37,12,9,1,8,3,9
9,13,19,20,51,61,86,110,116,122,129,123,118,121,119,109,75,13,4,12,0,0,0,0
0,7,11,9,19,50,57,103,81,73,101,112,113,108,106,79,36,18,14,12,12,6,6,9
4,0,0,3,10,51,55,100,85,69,84,95,110,111,69,58,42,22,9,8,2,12,5,2
6,0,0,7,14,61,84,91,73,77,106,90,101,65,60,54,45,43,12,10,0,0,0,2
2,6,13,26,36,55,65,73,84,96,127,119,101,99,91,87,53,32,14,13,6,2,6,11
0,5,5,8,57,103,108,106,72,111,138,139,128,106,101,111,72,50,25,14,11,12,0,0
0,0,6,9,46,78,74,107,115,125,145,148,146,131,129,127,118,84,47,13,13,11,2,0
0,0,10,14,35,56,103,111,86,105,167,161,131,131,137,137,116,100,33,20,12,10,10,8
3,0,11,14,55,73,110,120,119,128,172,200,171,158,142,156,126,80,44,31,17,12,8,7
0,5,14,26,39,73,111,126,117,116,131,133,127,137,144,142,130,106,52,39,12,7,1,7
6,5,8,27,55,100,116,127,122,117,108,107,126,142,139,146,133,111,64,15,12,10,0,0
0,0,10,6,47,100,106,118,112,107,105,106,120,139,137,140,122,104,66,25,12,2,3,0
2,10,12,13,50,100,107,112,108,105,102,105,114,134,126,129,117,107,75,11,7,4,3,0
4,7,8,13,13,67,100,103,102,103,93,62,103,116,113,116,113,101,41,11,8,0,0,9
1,6,6,9,13,60,100,83,103,100,93,75,67,106,105,114,108,102,14,5,0,6,4,7
0,7,5,10,33,23,97,107,100,74,65,52,58,96,108,107,107,67,0,4,0,0,0,6
0,0,10,7,11,42,72,125,112,93,59,47,49,65,55,160,143,43,0,0,0,0,0,0
9,13,13,14,14,41,58,146,115,62,52,53,38,56,68,121,100,43,9,11,9,5,0,3
2,10,5,7,4,14,46,56,69,74,70,51,17,51,61,65,71,22,28,21,12,0,9,3
10,6,0,0,0,6,17,52,57,58,52,16,14,14,42,58,71,27,10,16,9,0,0,8
2,0,0,0,4,2,10,15,50,51,43,14,12,10,27,66,50,34,6,11,1,0,0,0
0,0,0,0,8,0,6,7,14,31,35,12,8,8,14,41,54,40,8,12,6,0,3,3
0,0,0,0,0,0,0,1,0,10,14,7,8,10,14,40,46,31,7,6,0,0,0,0
0,0,0,0,0,0,0,0,5,9,11,11,12,8,6,14,51,27,1,0,6,8,0,0
0,3,0,0,0,0,0,0,3,9,13,13,10,8,9,4,50,11,0,2,4,0,0,0
0,0,0,0,0,0,0,0,0,12,7,13,13,10,0,10,28,9,12,2,1,0,5,0
0,0,0,0,0,0,0,0,0,4,14,21,7,8,7,0,28,24,9,0,0,0,4,0
0,1,0,0,0,0,0,7,9,18,30,36,12,10,0,3,25,7,5,0,3,0,4,0
6,6,0,0,6,2,3,8,11,20,51,38,13,4,7,12,17,25,14,10,0,3,8,8
3,7,0,0,9,10,2,0,11,51,45,12,7,11,12,0,0,51,30,9,0,5,11,0
4,0,3,0,5,0,6,12,17,51,14,4,6,12,0,0,0,13,33,17,12,0,9,8

7,9,7,3,5,10,4,10,14,17,40,55,56,55,52,45,11,10,10,8,5,5,9,3
12,8,5,5,10,12,17,24,50,50,53,65,64,59,74,48,46,50,33,29,13,7,10,6
9,4,8,7,12,14,33,18,47,50,52,57,101,93,63,54,32,37,15,11,6,0,8,5
20,13,24,16,31,72,81,85,78,100,110,79,52,50,53,14,13,33,29,12,10,2,9,7
53,53,56,64,76,100,100,94,112,100,100,71,76,67,83,68,53,50,24,16,5,8,10,7
63,70,72,72,66,57,56,50,63,53,60,67,81,106,153,119,90,71,22,19,8,1,0,0
60,56,53,37,36,15,53,68,90,82,83,76,99,107,115,118,122,127,113,74,55,15,12,5
13,7,14,11,10,22,63,93,97,94,90,102,86,80,78,76,71,85,121,86,97,85,55,53
4,3,9,7,44,56,70,97,120,106,81,85,116,114,113,86,67,19,48,63,67,66,61,61
0,0,6,11,28,56,81,105,107,105,92,147,182,157,132,97,68,14,2,9,44,51,58,53
7,10,14,15,21,65,93,121,127,116,137,173,218,213,143,103,61,14,2,10,8,0,13,10
0,0,8,22,53,61,134,177,161,145,161,167,185,188,140,112,92,53,14,9,0,1,6,0
11,14,47,42,60,74,107,116,132,135,141,142,159,172,126,111,82,37,12,9,2,8,3,9
9,13,20,20,51,61,86,111,116,123,129,124,119,121,118,109,74,13,4,12,0,0,0,0
0,7,11,9,19,50,57,103,81,74,102,113,113,108,106,78,36,17,14,12,12,6,6,10
4,0,0,3,10,52,55,100,85,69,85,96,110,111,69,58,41,20,9,7,2,12,5,2
6,0,0,6,14,61,84,91,74,77,107,90,102,66,60,54,46,42,12,10,0,0,0,2
2,6,12,26,36,55,64,73,85,97,128,120,102,99,90,86,53,32,14,13,5,2,6,11
0,5,5,8,57,102,108,106,73,111,138,139,128,106,100,110,71,50,25,14,11,12,0,0
0,0,6,8,47,77,74,107,115,125,145,149,146,131,129,127,118,84,46,13,13,11,2,0
0,0,9,13,35,56,103,111,85,104,167,161,131,131,136,136,115,100,33,20,12,10,10,8
2,0,11,14,55,73,110,120,119,128,171,199,171,157,142,156,126,80,44,31,17,12,8,7
0,5,14,26,39,72,111,126,117,116,131,133,127,137,144,141,130,106,52,39,11,7,1,7
6,5,8,27,54,100,115,127,122,117,108,107,126,142,139,145,133,111,64,15,12,10,0,0
0,0,10,6,45,98,106,117,112,107,105,106,120,139,136,140,122,104,65,25,12,2,3,0
2,10,12,13,50,100,107,112,108,105,102,105,114,134,126,129,117,107,75,11,6,4,3,0
4,7,8,13,13,67,100,103,102,103,94,63,103,116,113,116,113,101,43,11,8,0,0,9
1,6,6,9,13,60,100,82,103,100,94,75,67,106,105,114,108,102,14,5,0,6,4,7
0,8,5,10,33,22,98,107,100,74,65,52,59,96,108,107,107,69,0,4,0,0,0,6
0,0,10,7,11,43,72,125,112,93,58,48,49,65,55,160,143,43,0,0,0,0,0,0
9,13,13,14,14,41,58,147,115,62,52,53,38,56,68,121,100,44,9,11,9,5,0,3
2,10,4,7,4,14,46,56,69,74,70,51,17,51,61,65,71,22,28,21,12,0,9,3
10,6,0,0,0,7,17,52,57,58,52,16,14,14,43,58,71,27,10,15,9,0,0,8
2,0,0,0,4,2,10,14,50,51,43,14,12,11,29,66,50,34,6,11,1,0,0,0
0,0,0,0,8,0,6,7,14,32,35,12,8,7,14,41,54,40,8,12,6,0,3,3
0,0,0,0,0,0,0,1,0,10,14,7,8,10,14,39,46,31,7,6,0,0,0,0
0,0,0,0,0,0,0,0,5,9,11,11,13,8,6,14,51,27,1,0,6,8,0,0
0,3,0,0,0,0,0,0,3,9,13,13,10,8,9,4,50,11,0,2,4,0,0,0
0,0,0,0,0,0,0,0,0,12,7,13,13,11,0,10,29,9,12,2,1,0,5,0
0,0,0,0,0,0,0,0,0,4,14,21,7,8,7,0,27,24,9,0,0,0,4,0
0,1,0,0,0,0,0,7,9,18,30,35,12,10,0,3,26,7,5,0,3,0,4,0
6,6,0,0,6,2,3,8,11,21,51,39,13,4,7,12,18,25,14,10,0,3,8,8
3,7,0,0,9,10,2,0,12,50,45,12,7,11,12,0,1,52,30,9,0,5,11,0
4,0,3,0,5,0,6,12,18,51,14,4,6,12,0,0,0,13,33,17,12,0,9,8
1,8,4,5,7,9,9,9,37,49,52,53,53,32,14,13,9,1,8,3,2,5,6,2
4,9,6,13,25,26,39,40,44,68,56,60,61,52,43,42,17,14,11,7,0,0,0,11
4,6,0,4,9,13,33,29,52,60,81,95,52,43,40,37,14,23,13,9,0,0,0,7
6,8,0,8,11,26,32,13,13,51,30,14,67,108,93,72,75,77,68,22,12,18,12,14
6,9,5,4,14,23,49,52,65,82,65,72,67,97,99,108,87,96,97,76,63,56,52,51
0,0,0,7,16,20,69,86,112,141,99,73,58,53,48,59,45,52,55,65,70,70,67,62
4,11,14,54,74,113,127,119,111,109,99,88,72,80,79,84,65,51,14,28,25,52,55,59
51,53,85,97,85,121,83,68,73,76,76,82,93,84,90,92,86,61,13,8,7,11,4,9
61,60,66,67,61,45,15,65,83,109,109,111,82,77,103,116,92,67,55,29,4,4,0,0
52,57,50,38,7,1,13,67,94,128,151,174,143,90,102,104,102,80,55,19,7,0,0,0
7,11,0,5,9,2,14,61,102,141,207,211,166,135,114,126,121,93,65,14,14,12,7,4
0,0,0,0,7,14,53,91,112,140,189,185,165,161,146,162,180,133,61,53,14,4,0,0
8,0,1,0,5,10,37,83,112,127,172,159,143,143,137,133,116,106,73,58,39,44,13,11
0,0,0,0,11,3,12,74,109,119,122,120,125,131,124,117,111,86,60,51,15,14,11,9
8,4,5,11,11,11,14,33,77,106,108,114,114,104,74,82,103,57,50,17,8,10,5,0
1,4,12,1,6,7,19,39,56,69,111,111,97,86,70,86,100,55,50,10,3,0,0,3
2,0,0,0,9,11,36,41,53,58,66,102,92,108,79,75,93,84,60,14,5,0,0,5
11,6,2,5,12,13,31,50,82,88,101,105,124,132,104,89,76,65,54,35,26,12,6,3
0,0,12,11,14,22,46,70,109,101,109,133,144,142,116,76,108,108,103,57,8,4,5,0
0,2,11,13,13,44,82,118,128,131,135,152,159,153,133,120,108,74,79,47,9,6,0,0
8,10,10,12,20,31,98,117,139,139,135,136,170,178,113,93,114,105,58,36,14,10,0,0
7,8,12,17,30,42,80,128,160,147,164,177,209,180,134,124,123,113,79,56,18,11,1,3
7,1,7,12,38,52,106,132,143,145,139,131,139,136,119,121,129,115,80,39,26,15,6,0
0,0,10,12,14,62,111,133,147,141,144,128,108,109,119,124,130,118,101,54,26,8,6,6
0,3,2,12,24,60,104,124,141,138,141,121,106,105,107,114,120,108,100,40,6,10,1,0
0,3,4,6,10,63,107,117,130,127,135,115,105,102,105,108,113,108,100,47,13,12,10,2
9,0,0,8,11,38,101,114,117,114,116,104,64,90,103,102,103,100,68,12,13,8,7,4
7,4,5,0,5,13,102,108,115,105,106,67,79,93,100,104,85,100,60,13,9,5,5,1
6,0,0,0,2,0,68,107,107,109,95,59,52,65,75,100,107,97,22,25,9,4,7,0
0,0,0,0,0,0,42,140,155,55,65,50,47,58,91,111,122,69,34,9,6,10,0,0
2,0,5,9,10,9,43,101,123,67,55,38,52,52,62,117,141,57,39,13,14,13,13,9
0,8,0,10,20,26,17,71,67,62,50,14,50,68,73,69,56,43,14,4,6,4,9,1
7,0,0,8,14,10,24,69,59,44,13,13,13,52,57,57,51,14,5,0,0,0,6,10
0,0,0,1,11,4,32,48,66,21,8,9,11,39,50,44,13,9,2,3,0,0,0,1
2,3,0,6,11,7,35,53,40,14,5,3,10,29,23,11,3,5,0,7,0,0,0,0
0,0,0,0,4,6,28,45,38,14,8,4,0,12,3,0,0,0,0,0,0,0,0,0
0,0,8,5,0,0,23,50,14,4,6,12,10,8,7,4,0,0,0,0,0,0,0,0
0,0,0,4,1,0,10,50,3,8,6,9,12,12,5,0,0,0,0,0,0,0,0,0
0,4,0,1,1,11,8,14,10,0,9,11,11,2,8,0,0,0,0,0,0,0,0,0
0,3,0,0,0,9,24,21,0,6,7,6,14,11,0,0,0,0,0,0,0,0,0,0
0,2,0,2,0,2,1,21,3,0,8,10,21,16,12,8,3,0,0,0,0,0,0,0
8,7,2,0,10,13,14,13,11,6,5,11,16,48,13,7,6,1,0,6,0,0,5,6
0,11,5,0,9,22,50,0,0,11,10,6,10,14,41,9,0,0,10,9,0,0,6,3
8,9,0,12,17,31,13,0,0,0,11,6,3,13,50,14,12,4,0,5,0,2,0,4

1,8,5,5,7,9,9,9,37,49,52,53,53,32,14,13,9,2,9,3,2,5,6,2
4,9,7,13,28,26,41,42,44,68,57,60,61,52,46,43,17,14,11,7,0,0,0,11
4,7,0,5,10,14,33,29,52,60,83,96,53,45,42,40,14,23,14,10,0,0,0,7
6,8,0,9,12,26,32,13,13,51,32,14,69,109,94,73,77,78,69,23,12,18,12,14
7,9,5,4,15,23,47,52,65,82,66,72,67,97,99,108,88,97,97,75,63,55,52,51
0,0,0,7,16,20,69,87,112,142,100,74,60,54,49,60,45,53,55,65,70,70,67,62
4,11,14,54,74,113,127,119,112,110,101,91,73,80,79,85,65,51,14,29,25,52,55,59
51,53,85,97,86,122,83,69,74,76,77,83,96,86,91,93,87,61,13,8,7,11,4,10
61,60,66,67,61,45,15,65,83,111,111,113,83,78,104,117,93,68,55,33,5,5,0,0
52,57,50,40,7,1,13,67,95,129,153,177,145,91,104,106,103,81,55,20,7,0,0,0
9,12,0,5,9,1,14,61,102,142,209,215,169,136,116,127,121,93,65,14,14,13,7,5
0,3,0,0,6,13,53,92,112,140,188,185,165,161,145,162,179,132,61,53,14,4,0,0
8,0,4,0,4,11,36,82,111,126,171,158,142,142,136,132,116,106,73,57,38,43,13,11
0,0,0,0,11,3,12,73,109,119,121,120,124,130,123,116,110,86,60,50,14,14,11,8
8,4,5,11,11,13,14,32,77,105,108,113,113,103,74,82,103,57,50,15,8,10,5,0
1,3,12,1,6,8,20,40,56,69,110,110,96,85,70,85,100,55,50,10,2,0,0,3
2,0,0,0,9,11,37,42,53,59,65,102,91,108,79,75,92,84,60,14,5,0,0,5
11,6,1,5,12,13,32,51,83,89,101,104,123,131,103,88,75,65,55,35,26,12,6,3
0,0,12,11,14,23,48,71,110,101,109,132,143,142,115,76,107,109,103,57,8,4,5,0
0,2,11,13,13,45,83,118,128,131,134,151,157,151,132,119,108,75,79,47,9,6,0,0
8,10,10,12,20,32,98,116,138,139,134,135,168,177,112,92,114,105,58,35,14,10,0,0
7,8,12,17,30,42,80,128,160,146,163,176,207,179,134,123,123,113,78,56,18,11,1,3
7,1,7,12,38,52,106,132,143,145,139,131,138,136,119,120,129,114,79,39,26,14,6,0
0,0,10,12,15,62,111,133,147,141,144,128,108,109,119,124,130,118,101,54,26,8,6,6
0,3,3,12,24,61,104,123,141,138,140,121,106,105,107,113,119,108,100,41,6,10,0,0
0,3,4,6,10,64,107,117,130,127,135,115,105,102,105,108,113,108,100,47,13,12,10,2
9,0,0,8,11,37,101,114,117,113,116,103,64,91,103,102,103,100,67,12,13,8,7,4
7,4,5,0,5,13,102,108,115,105,106,68,79,93,100,104,85,100,59,13,9,5,5,1
6,0,0,0,3,0,69,107,107,109,95,59,52,65,75,100,107,96,21,24,9,4,7,0
0,0,0,0,0,0,42,141,156,55,65,49,47,58,92,111,122,69,34,9,7,10,0,0
2,0,5,9,10,9,43,101,122,67,56,37,52,52,62,116,141,57,38,13,14,13,13,9
0,8,0,11,20,26,17,70,67,62,50,14,50,69,73,69,56,44,14,4,6,4,9,1
7,0,0,8,15,10,25,69,59,43,13,14,13,51,57,57,51,14,5,0,0,0,6,10
0,0,0,1,11,4,33,48,66,22,9,10,12,39,50,44,13,9,1,3,0,0,0,1
2,3,0,6,11,7,36,53,40,14,5,5,11,29,24,12,5,4,0,7,0,0,0,0
0,0,0,0,4,6,28,45,38,14,9,5,2,12,4,0,0,0,0,0,0,0,0,0
0,0,8,5,0,0,22,50,13,5,6,12,10,8,7,2,0,0,0,0,0,0,0,0
0,0,0,4,1,0,10,50,3,8,7,9,12,12,6,0,0,0,0,0,0,0,0,0
0,4,0,1,1,11,8,14,10,0,10,12,12,3,9,0,0,0,0,0,0,0,0,0
0,3,0,0,0,9,24,22,0,6,7,6,14,11,0,0,0,0,0,0,0,0,0,0
0,2,0,2,0,2,2,21,3,0,9,11,25,19,13,8,4,0,0,0,0,0,0,0
8,7,2,0,10,13,14,14,12,6,5,11,18,50,14,8,6,1,1,6,0,0,5,6
0,11,5,0,9,22,48,0,0,11,10,6,10,14,44,9,0,0,10,9,0,0,6,3
8,9,0,12,17,31,13,0,0,0,11,6,3,14,50,14,12,4,0,5,0,2,0,4

2,8,4,5,7,9,9,9,38,49,53,53,54,33,14,13,9,2,9,4,2,6,6,3
4,9,7,13,27,28,41,41,44,69,57,60,62,52,46,46,18,14,11,8,0,0,0,11
4,7,0,5,10,13,33,30,53,60,83,98,53,48,42,38,14,26,14,10,1,0,0,7
7,8,0,9,12,27,32,13,13,52,35,16,71,109,95,73,78,78,69,24,13,19,12,14
7,9,5,4,15,23,49,52,65,82,65,73,68,98,100,109,89,97,97,76,63,56,52,51
0,0,0,7,17,20,69,87,114,144,101,76,61,55,50,60,46,53,55,65,70,70,67,62
4,11,14,54,74,113,127,120,113,111,102,92,74,81,80,86,66,52,14,29,26,52,55,59
51,54,85,97,86,122,84,69,75,77,78,84,97,87,92,94,88,61,13,9,8,12,4,10
61,60,66,67,62,46,16,65,84,111,112,114,84,79,105,118,94,68,56,35,5,5,0,0
52,57,51,40,7,1,13,67,96,130,155,179,146,91,104,107,104,81,55,23,8,0,0,0
9,12,0,6,9,1,14,61,102,143,211,216,171,137,117,128,121,93,65,14,14,13,7,5
0,4,0,0,7,13,53,91,112,140,188,185,164,160,145,162,180,131,61,53,14,4,0,0
9,0,5,0,4,11,36,82,111,126,171,158,141,141,135,132,116,106,73,58,39,43,13,11
0,0,0,0,11,3,12,73,108,119,121,119,123,129,122,116,110,85,60,50,14,14,12,9
8,4,5,11,11,13,14,33,76,105,108,113,112,102,73,81,103,57,50,15,8,10,5,0
1,4,12,1,6,8,20,39,56,69,110,110,95,84,69,85,100,55,50,10,2,0,0,3
2,0,0,0,9,12,37,42,53,59,65,101,90,107,78,74,92,84,61,14,5,0,0,5
11,6,1,5,12,13,32,52,85,90,100,104,122,130,101,87,75,66,55,36,26,12,6,3
0,0,12,11,14,23,48,71,110,102,108,131,142,141,114,75,107,109,104,57,8,4,5,0
0,2,11,13,13,45,83,119,128,130,134,150,156,150,131,119,108,75,80,47,9,6,0,0
8,10,10,12,20,32,99,116,138,139,134,135,168,176,112,91,114,105,58,35,14,10,0,0
7,8,12,17,30,43,80,128,160,145,162,176,207,178,133,123,123,113,78,55,18,11,1,3
7,1,7,12,38,52,106,132,143,145,139,130,138,135,118,120,129,114,79,39,26,14,6,0
0,0,10,13,14,63,111,133,147,141,144,127,108,109,118,124,129,118,101,55,26,8,6,6
0,3,2,12,24,62,104,123,141,138,140,121,106,105,107,113,119,108,100,41,6,10,0,0
0,3,4,6,10,66,107,117,130,127,135,115,105,102,105,108,113,108,100,47,13,12,10,2
9,0,0,8,11,38,101,114,117,113,116,104,63,91,103,102,103,100,68,12,13,8,7,4
7,4,5,0,5,13,102,108,115,105,106,68,78,92,100,104,84,100,59,13,9,5,5,0
6,0,0,0,3,0,69,107,107,109,95,59,52,65,75,100,107,97,19,24,9,4,7,0
0,0,0,0,0,0,42,141,157,55,65,50,47,58,92,111,122,69,36,9,6,10,0,0
2,0,5,9,10,9,43,101,122,67,56,38,52,51,62,116,141,57,39,13,14,13,13,9
0,8,0,11,20,27,18,70,67,62,50,14,50,69,73,69,56,44,14,4,6,4,9,1
7,0,0,8,15,10,25,69,59,44,13,14,13,51,58,57,51,15,5,0,0,0,6,10
0,0,0,1,11,5,33,48,66,22,9,11,12,40,50,46,13,9,1,3,0,0,0,1
2,3,0,6,11,7,36,54,40,14,6,5,11,30,25,12,5,5,0,7,0,0,0,0
0,0,0,0,4,6,28,45,38,14,9,6,2,12,5,0,0,0,0,0,0,0,0,0
0,0,8,5,0,0,24,50,14,5,6,12,10,9,7,3,0,0,0,0,0,0,0,0
0,0,0,4,2,0,10,50,3,8,7,9,13,12,6,0,0,0,0,0,0,0,0,0
0,4,0,1,1,11,8,16,10,0,10,12,12,4,9,0,0,0,0,0,0,0,0,0
0,3,0,0,0,8,24,23,0,7,8,7,14,12,1,0,0,0,0,0,0,0,0,0
0,2,0,2,0,2,2,21,3,0,9,11,25,19,14,8,4,0,0,0,0,0,0,0
8,7,3,0,10,14,14,14,12,6,5,12,19,50,14,8,6,1,1,6,0,0,5,6
0,11,5,0,9,24,50,0,0,11,10,6,10,15,46,10,0,1,10,9,0,0,6,3
8,9,0,12,17,31,13,0,0,0,11,6,3,14,50,14,12,5,0,5,0,2,0,4

2,8,5,5,7,9,9,9,38,50,53,53,54,33,14,13,9,2,9,4,2,6,6,3
4,9,7,13,27,28,42,42,45,69,57,61,62,52,47,46,18,15,11,8,0,0,0,11
4,7,0,5,10,14,33,29,53,60,83,98,53,47,43,41,14,26,13,10,2,0,0,7
7,8,0,9,12,27,32,13,13,51,34,20,71,109,96,74,78,78,70,25,13,20,12,14
7,9,6,4,15,23,47,52,66,82,66,73,68,99,100,109,89,98,98,75,63,55,52,52
0,0,0,7,17,20,70,87,114,145,102,77,62,55,50,61,47,54,55,65,70,70,68,62
4,11,14,54,74,113,127,120,114,112,103,93,74,81,80,87,66,52,14,31,27,52,55,59
51,54,85,97,86,122,84,70,75,77,78,84,98,88,93,95,89,61,14,9,8,12,5,10
61,60,66,67,62,46,18,66,85,112,112,114,84,79,105,119,95,68,56,37,5,6,0,0
52,58,51,41,7,1,13,67,96,131,156,181,147,91,104,107,104,81,56,23,8,0,0,0
10,12,0,6,9,1,14,61,103,144,212,217,171,137,117,128,121,93,65,14,14,13,8,5
0,5,0,0,7,13,52,91,112,139,187,185,164,159,144,162,180,131,61,53,14,5,0,0
9,0,5,0,5,11,36,81,111,126,171,159,140,140,134,131,116,106,73,58,39,44,13,11
0,0,0,0,11,3,12,73,108,119,121,118,123,128,121,115,110,85,60,50,14,14,12,8
8,4,5,11,11,13,14,33,76,105,107,112,112,101,72,80,102,57,50,14,8,10,5,0
1,4,12,1,6,8,20,40,56,68,110,109,95,84,69,85,100,54,50,10,2,0,0,3
2,0,0,0,9,12,39,43,53,59,65,101,90,106,77,74,91,84,62,14,5,0,0,5
11,6,1,5,12,14,32,52,86,91,100,102,121,129,100,87,75,66,56,37,27,13,6,2
0,0,12,11,14,24,49,71,111,102,108,130,141,140,113,75,107,110,104,59,8,5,5,0
0,2,11,13,13,47,83,119,129,131,134,150,155,150,131,119,108,76,81,49,9,6,0,0
8,10,10,12,20,32,100,117,139,139,134,135,167,176,111,92,114,105,58,36,14,10,0,0
7,8,12,17,30,43,80,128,160,146,163,176,207,178,133,123,123,113,79,56,18,11,1,2
7,1,7,12,39,52,106,132,143,145,139,130,138,135,118,120,129,114,78,39,26,14,6,0
0,0,10,12,14,63,111,133,147,140,143,127,108,109,118,124,129,118,101,54,27,8,6,6
0,3,2,12,24,62,104,123,141,138,140,121,106,105,107,113,119,108,100,40,6,10,0,0
0,3,4,6,10,67,107,117,130,127,135,115,105,102,105,108,113,108,100,48,13,12,10,2
9,0,0,8,11,37,101,114,117,113,116,104,63,91,103,102,103,100,68,12,13,8,7,4
7,4,5,0,5,13,102,108,115,105,106,67,77,93,100,104,84,100,60,13,9,5,5,0
6,0,0,0,3,0,68,107,107,109,95,59,52,65,75,100,107,97,22,24,9,4,7,0
0,0,0,0,0,0,42,141,157,55,65,49,47,58,93,111,122,69,35,10,6,10,0,0
2,0,5,9,10,9,43,100,122,67,55,38,52,52,62,116,142,57,39,13,14,13,13,9
0,8,0,11,20,26,18,70,66,62,51,14,50,69,73,69,56,44,14,4,6,4,9,1
7,0,0,8,15,10,25,70,58,44,13,14,13,51,58,57,51,16,5,0,0,0,6,10
0,0,0,1,11,5,33,48,66,22,9,11,12,40,50,46,13,9,1,4,0,0,0,1
2,3,0,6,11,7,37,53,40,14,6,6,11,30,26,12,5,5,0,7,0,0,0,0
0,0,0,0,4,6,28,44,37,14,9,6,3,12,5,0,0,0,0,0,0,0,0,0
0,0,8,5,0,0,22,50,13,5,6,12,10,9,8,3,0,0,0,0,0,0,0,0
0,0,0,4,2,0,10,50,3,8,7,9,13,12,6,0,0,0,0,0,0,0,0,0
0,4,0,1,1,12,8,17,10,0,10,12,12,4,9,0,0,0,0,0,0,0,0,0
0,3,0,0,0,9,24,22,0,7,8,7,14,12,1,0,0,0,0,0,0,0,0,0
0,2,0,2,0,2,2,22,3,0,9,11,26,21,14,8,4,0,0,0,0,0,0,0
8,7,2,0,10,14,14,14,12,6,5,12,20,50,14,8,6,1,1,6,0,0,5,5
0,11,5,0,9,25,50,0,0,11,10,6,11,17,46,10,0,1,10,9,0,0,6,3
8,9,0,12,17,31,13,0,0,0,11,6,3,14,50,14,12,5,0,5,0,2,0,4

2,8,5,5,7,10,10,9,39,50,53,53,54,33,14,13,9,2,9,4,2,6,7,4
4,9,7,13,25,28,44,42,45,70,57,61,62,52,46,47,20,14,11,8,0,0,1,11
5,7,0,5,10,14,33,30,53,61,85,100,54,50,43,41,14,29,14,11,3,1,0,8
7,8,0,9,12,27,32,13,13,52,36,26,72,109,97,75,79,79,70,26,13,20,12,14
7,9,6,4,15,23,48,52,66,82,66,74,69,99,100,109,90,98,98,75,63,55,52,52
0,0,0,7,17,21,69,88,115,147,103,77,63,56,51,61,47,54,55,65,70,70,67,62
4,11,14,54,74,113,127,120,115,112,104,95,75,82,80,87,66,52,14,31,28,52,55,59
51,54,85,97,86,122,84,70,75,78,79,85,99,88,93,96,90,62,14,9,9,12,5,11
61,60,66,67,62,46,19,66,85,112,113,115,84,80,106,119,96,69,56,39,6,6,0,0
52,58,51,41,8,2,13,67,96,131,157,182,148,92,105,108,105,81,55,23,8,0,0,0
10,12,0,6,9,1,14,61,103,144,213,219,173,138,117,128,121,93,65,14,14,13,8,5
0,5,0,0,7,13,52,91,111,139,187,186,164,159,144,162,180,130,60,53,14,5,0,0
9,1,5,0,6,11,35,81,111,125,172,159,139,139,133,130,116,107,73,57,38,44,13,11
0,0,0,0,12,3,12,72,108,119,121,118,122,127,120,115,110,85,60,50,14,14,11,8
8,4,5,11,11,13,15,33,76,105,107,112,111,101,72,80,102,57,50,15,8,10,5,0
1,4,12,2,6,8,22,41,56,69,110,109,94,83,68,84,100,54,50,10,2,0,0,3
2,0,0,0,9,12,40,44,54,59,65,100,89,105,77,73,91,85,62,14,5,0,0,5
11,6,2,5,12,14,32,52,87,93,100,102,119,128,99,85,75,67,57,37,27,13,6,2
0,0,12,11,14,24,49,72,111,103,108,130,140,140,112,74,107,111,105,60,8,5,5,0
0,2,11,13,13,46,84,119,129,131,134,149,154,149,130,118,108,76,81,48,10,6,0,0
8,10,10,12,20,33,100,117,139,139,134,135,167,175,111,91,114,105,58,36,14,11,0,0
7,8,12,17,30,43,80,128,159,145,162,176,206,178,133,122,123,113,78,56,18,11,0,2
7,1,7,12,39,52,106,132,143,145,139,130,137,135,118,120,128,114,78,39,26,14,6,0
0,0,10,12,15,63,111,133,146,140,143,127,108,109,118,124,129,117,101,54,26,8,6,6
0,3,2,12,25,62,104,123,141,138,140,121,106,105,107,113,119,107,100,43,6,10,0,0
0,3,4,6,10,67,107,117,130,127,134,115,105,102,105,108,113,108,100,48,13,12,10,2
9,0,0,8,11,38,101,114,116,113,116,104,63,91,103,102,103,100,67,12,13,8,7,4
7,4,5,0,5,13,102,108,115,105,106,67,77,93,100,104,84,100,59,13,8,5,5,0
6,0,0,0,3,0,67,107,107,109,95,59,52,65,75,100,107,97,22,26,9,4,7,0
0,0,0,0,0,0,43,141,157,55,65,49,47,58,92,111,123,70,36,10,6,10,0,0
2,0,5,9,10,9,43,100,122,67,56,37,52,52,62,115,142,57,40,13,14,13,13,9
1,9,0,11,20,26,18,71,66,61,51,14,50,69,73,69,56,44,14,4,6,4,9,1
7,0,0,8,15,10,25,69,58,43,13,14,13,51,58,57,51,15,6,0,0,0,6,10
0,0,0,1,11,5,33,48,66,23,9,11,12,39,50,46,13,9,1,4,0,0,0,1
2,2,0,6,11,7,37,54,40,14,6,6,11,31,27,12,6,5,0,7,0,0,0,0
0,0,0,0,4,6,28,46,37,14,9,6,3,13,6,0,0,0,0,0,0,0,0,0
0,0,8,5,0,1,23,50,14,5,6,12,10,9,8,3,0,0,0,0,0,0,0,0
0,0,0,4,2,0,10,50,3,8,7,9,13,12,6,1,0,0,0,0,0,0,0,0
0,4,0,1,1,12,8,17,10,0,10,12,12,4,10,0,0,0,0,0,0,0,0,0
0,3,0,0,0,8,23,23,0,7,8,7,14,12,1,0,0,0,0,0,0,0,0,0
0,2,0,2,0,3,3,22,3,0,9,11,26,22,14,8,5,0,0,0,0,0,0,0
8,7,2,0,10,14,14,14,12,6,5,12,23,50,14,8,6,1,1,6,0,0,5,6
0,11,5,0,9,24,50,0,0,11,10,6,11,22,48,10,0,1,10,9,0,0,6,3
8,9,0,12,17,31,13,0,0,0,11,6,3,14,50,14,12,5,0,5,0,2,0,4

2,8,5,5,7,10,10,9,39,50,53,53,54,34,14,13,9,3,9,4,2,6,7,4
4,9,7,13,27,29,42,42,45,70,57,61,62,52,47,47,20,15,11,8,0,0,2,11
5,7,0,5,10,14,34,30,53,61,85,100,54,50,46,41,14,27,14,11,3,2,0,8
7,8,0,9,12,27,32,13,13,52,37,29,72,109,97,75,79,79,70,26,13,20,12,14
7,9,6,4,15,24,49,52,66,82,66,75,69,99,100,110,90,98,99,76,63,56,52,52
0,0,0,7,17,21,70,88,115,147,103,78,63,56,51,61,47,54,55,65,70,71,68,62
4,11,14,54,74,113,127,121,115,113,104,95,75,82,80,87,67,52,14,31,29,53,56,59
52,54,85,98,86,122,84,70,75,78,79,85,99,88,93,96,90,62,14,9,9,12,5,11
61,60,66,67,62,46,19,66,85,113,113,115,85,80,106,119,96,69,56,39,6,7,0,0
52,58,51,41,8,2,13,68,96,131,158,182,148,92,104,107,105,81,55,23,8,0,0,0
10,12,0,7,10,1,14,61,102,144,213,219,173,137,117,128,121,93,65,14,14,13,8,5
0,5,0,0,8,13,52,91,111,138,187,185,164,158,144,162,180,130,61,53,14,5,0,0
9,1,5,0,6,11,35,81,110,125,172,159,139,138,132,130,116,107,73,57,39,45,13,11
0,0,0,0,12,3,12,73,108,119,121,117,122,127,119,114,110,85,60,50,14,14,12,8
8,4,5,11,11,13,14,33,77,105,107,112,111,100,71,80,102,57,50,15,8,10,5,0
1,4,12,2,7,9,20,41,56,69,110,109,93,83,68,84,100,54,50,10,2,0,0,3
2,0,0,0,10,12,40,45,54,59,65,100,89,105,76,73,91,85,63,14,6,0,0,5
11,6,1,5,13,14,32,53,89,94,100,101,118,127,98,85,75,67,57,38,27,13,6,2
0,0,12,11,14,25,49,72,112,104,108,129,139,139,112,74,107,111,105,59,8,5,5,0
0,2,11,13,13,48,85,119,129,131,134,149,153,148,129,118,108,77,81,48,10,6,0,0
8,10,10,12,20,33,100,117,139,139,134,134,166,174,110,91,114,105,58,35,14,11,0,0
7,8,12,17,30,44,81,128,159,145,162,175,205,177,132,122,122,113,78,56,18,11,0,2
7,1,7,12,39,52,107,132,143,145,139,130,137,134,118,120,128,113,78,39,26,14,6,0
0,0,10,12,15,63,111,133,146,140,143,127,108,109,118,123,129,117,101,54,26,8,6,6
0,3,2,12,25,64,104,123,141,137,140,121,106,105,107,113,119,107,100,43,6,10,0,0
0,3,4,6,11,68,107,117,129,127,135,115,105,102,105,108,112,107,100,50,13,12,10,2
9,0,0,8,11,40,101,114,116,113,116,103,63,92,103,102,103,100,67,12,13,8,7,4
7,4,5,0,5,13,102,108,115,105,106,67,77,93,100,104,84,100,60,13,8,5,5,0
6,0,0,0,3,0,69,107,107,109,94,59,52,65,75,100,107,97,22,26,9,4,7,0
0,0,0,0,0,0,43,142,158,55,65,49,47,58,92,111,123,70,36,10,7,10,0,0
2,0,5,9,10,9,43,100,121,67,56,38,52,52,62,115,142,57,40,13,14,13,13,9
1,9,0,11,20,27,19,70,66,61,50,14,50,69,73,69,56,45,14,4,6,4,9,1
7,0,0,8,15,10,25,70,58,43,13,14,14,52,57,57,51,15,6,0,0,0,6,10
0,0,0,1,11,5,33,49,66,23,9,11,12,40,50,46,14,9,2,4,0,0,0,2
2,3,0,6,11,7,37,54,40,14,6,6,11,31,26,12,6,5,0,8,0,0,0,0
0,0,0,0,5,6,29,45,37,14,9,6,3,13,6,0,0,0,0,0,0,0,0,0
0,0,8,5,0,1,23,50,14,5,7,12,10,9,8,3,0,0,0,0,0,0,0,0
0,0,0,4,2,0,10,50,3,8,7,9,13,12,7,1,0,0,0,0,0,0,0,0
0,4,0,1,1,12,8,17,10,0,10,12,12,5,10,0,0,0,0,0,0,0,0,0
0,3,0,0,0,9,23,23,0,7,8,7,14,12,2,0,0,0,0,0,0,0,0,0
0,2,0,2,0,3,3,22,3,0,9,11,27,22,14,8,5,0,0,0,0,0,0,0
8,7,3,0,10,14,15,14,12,6,5,12,23,50,15,8,6,1,1,6,0,0,5,6
0,11,5,0,9,25,50,0,0,11,10,7,11,23,48,10,0,1,10,9,0,0,6,3
8,9,0,12,17,31,13,0,0,0,11,6,3,14,50,14,12,5,0,5,0,2,0,4

2,8,5,5,7,10,10,10,40,51,54,54,54,37,14,13,9,3,9,4,2,6,7,4
4,9,7,13,28,29,44,43,46,71,57,61,63,52,50,50,22,17,11,9,0,1,2,11
5,7,0,5,10,14,34,30,53,62,87,100,54,50,44,44,14,29,14,11,4,3,0,8
7,9,0,9,12,27,32,13,13,52,40,36,73,109,98,75,80,79,70,26,13,21,12,14
7,9,6,4,15,23,48,52,66,82,66,75,69,99,100,110,90,98,98,76,63,56,52,52
0,0,0,7,17,20,70,88,115,148,104,78,63,56,51,61,47,54,56,65,70,70,68,62
4,11,14,54,74,113,127,120,115,112,104,96,75,82,80,87,67,52,14,31,29,52,55,59
52,54,85,97,86,122,84,70,75,77,79,85,100,88,92,95,90,62,14,9,9,12,5,11
61,60,66,67,62,46,18,66,84,112,112,115,85,80,105,119,95,69,56,37,6,7,0,1
52,58,51,42,8,1,13,67,95,130,156,181,147,92,104,106,104,81,55,23,8,0,0,0
10,12,0,7,10,1,14,61,102,143,212,217,172,137,116,127,120,92,65,14,14,13,8,5
0,5,0,0,8,13,52,91,111,139,188,186,165,159,144,162,180,131,61,53,15,5,0,0
9,1,5,0,6,11,35,80,110,125,172,159,140,139,133,131,116,107,73,58,40,45,13,11
0,0,0,0,12,3,12,73,108,119,121,118,122,128,121,115,110,85,60,50,14,14,12,9
9,5,5,12,11,13,14,33,77,105,107,112,111,101,72,80,102,57,50,14,8,10,6,0
2,4,12,2,7,8,19,41,56,69,110,109,94,84,69,84,100,55,50,10,2,0,0,3
2,0,0,0,9,12,42,45,54,59,65,101,89,105,77,73,91,84,63,14,6,0,0,5
11,6,2,5,13,14,32,53,88,93,100,102,119,127,98,85,74,66,57,37,27,12,6,2
0,0,12,11,14,25,50,72,111,103,108,129,140,139,112,74,107,110,104,59,8,5,5,0
0,2,11,13,13,47,84,119,129,131,133,149,153,148,129,118,108,76,80,47,9,6,0,0
8,10,10,12,20,33,100,117,138,138,133,134,165,173,110,90,113,105,58,35,14,10,0,0
7,8,12,17,31,43,80,127,159,145,161,175,204,176,132,122,122,112,78,56,18,11,0,2
7,1,7,12,39,52,106,132,142,145,138,129,136,134,117,119,128,113,77,39,26,14,5,0
0,0,10,12,15,63,111,133,146,140,143,127,108,109,118,123,129,117,101,54,27,8,6,6
0,3,2,12,24,63,104,123,140,137,140,121,106,105,107,113,119,107,100,43,6,10,0,0
0,3,4,6,11,68,107,117,129,127,134,115,105,102,105,108,112,107,100,48,13,12,10,2
9,0,0,8,11,38,101,114,116,113,116,103,63,91,103,102,103,100,66,12,13,8,7,4
7,4,5,0,5,13,102,108,115,105,106,67,77,92,100,104,84,100,59,13,9,5,5,0
6,0,0,0,3,0,69,107,107,109,94,59,52,65,75,100,107,97,22,27,9,4,7,0
0,0,0,0,0,0,43,142,158,55,65,49,47,59,93,111,123,70,37,10,7,10,0,0
2,0,5,9,10,9,43,100,121,67,56,38,52,52,62,115,143,57,40,14,14,13,13,9
2,9,0,11,21,27,18,70,66,61,50,14,50,69,73,69,56,45,14,4,6,4,9,1
7,0,0,8,15,10,25,70,58,43,13,14,14,51,58,57,52,15,6,0,0,0,6,10
0,0,0,1,11,5,33,49,66,24,10,11,13,40,50,47,14,9,2,4,0,0,0,2
2,3,0,6,11,7,37,54,40,14,6,6,11,31,28,13,6,5,0,7,0,0,0,0
0,0,0,0,5,6,28,45,37,14,10,7,4,13,7,0,0,0,0,0,0,0,0,0
0,0,8,6,0,1,23,50,14,5,7,12,10,9,8,3,0,0,0,0,0,0,0,0
0,0,0,4,2,0,10,50,3,8,7,10,13,13,7,1,0,0,0,0,0,0,1,0
0,4,0,1,1,12,8,18,10,0,10,12,12,5,10,0,0,0,0,0,0,0,0,0
0,3,0,0,0,9,24,23,0,7,8,7,16,13,2,0,0,0,0,0,0,0,0,0
0,2,0,2,0,3,3,22,3,0,9,11,28,23,14,8,5,0,0,0,0,0,0,0
8,7,3,0,10,14,16,14,12,7,5,12,26,50,15,9,6,1,1,6,0,0,5,6
0,11,5,0,9,25,50,0,0,11,10,7,11,26,50,10,0,1,10,9,0,0,6,3
8,9,0,12,17,32,13,0,0,0,11,6,3,14,50,14,12,5,0,5,0,2,0,4

2,8,5,5,7,10,10,10,41,51,54,54,54,36,14,13,9,3,9,4,2,6,7,5
4,9,7,13,27,29,44,43,46,71,58,62,63,53,48,48,22,15,11,9,0,2,3,11
5,7,0,5,10,14,34,30,53,62,87,100,54,50,46,43,14,29,14,11,4,4,0,8
7,9,0,9,12,27,32,13,14,52,42,39,73,109,99,75,82,80,71,27,14,21,12,16
7,9,7,4,15,23,48,52,67,82,66,75,69,99,100,110,91,98,99,75,63,56,52,52
0,0,0,7,17,21,70,88,115,148,104,79,64,57,51,61,48,54,56,65,71,71,68,62
4,11,14,54,74,113,127,121,116,113,105,96,75,82,80,88,67,52,14,31,29,53,55,59
52,54,85,97,86,122,84,70,75,78,79,85,100,88,92,95,90,62,14,9,9,12,5,11
61,60,66,67,62,47,19,66,84,112,112,115,84,80,105,118,95,68,56,38,6,7,0,1
52,58,51,42,8,2,13,67,95,130,155,180,147,92,104,106,103,81,55,23,9,0,0,0
10,12,0,7,10,1,14,61,102,142,211,216,171,137,116,126,120,92,65,14,14,13,8,5
0,5,0,0,8,13,52,91,111,140,188,185,165,161,145,161,179,132,61,53,15,5,0,0
9,1,6,0,7,11,36,81,111,126,172,159,141,141,135,132,116,107,74,59,41,44,13,11
0,0,0,0,12,3,12,73,108,119,121,119,123,129,122,116,110,86,60,51,15,15,12,9
9,5,5,12,11,13,15,34,76,105,108,112,112,102,73,81,103,57,50,16,8,10,6,0
2,4,12,2,7,8,20,41,56,69,110,109,95,84,69,85,100,55,51,10,2,0,0,3
2,0,0,0,9,12,40,43,53,59,65,101,90,106,77,74,91,84,61,14,5,0,0,5
11,6,2,5,12,14,32,52,86,91,100,102,120,128,99,86,74,66,55,36,26,12,6,2
0,0,12,11,14,24,49,72,111,102,108,129,140,140,112,74,107,109,104,57,8,5,5,0
0,2,11,13,13,46,84,119,128,130,133,148,152,148,128,117,107,75,79,46,9,6,0,0
8,10,10,12,20,32,99,116,138,138,133,133,165,172,109,89,113,104,57,35,14,10,0,0
7,8,12,17,30,43,80,127,158,144,160,174,204,176,131,121,122,112,77,56,15,11,0,2
7,1,7,12,39,52,106,131,142,144,138,129,136,134,117,119,128,113,76,39,26,14,5,0
0,0,10,12,14,64,111,133,146,140,143,127,108,109,118,123,129,117,101,54,26,8,6,6
0,3,2,12,25,63,104,123,140,137,140,121,106,105,107,113,119,107,100,43,6,10,0,0
0,3,4,6,11,68,107,117,129,127,134,115,105,102,105,108,112,107,100,48,13,12,10,2
9,0,0,8,11,40,101,114,116,113,116,103,63,92,103,102,103,100,66,12,13,8,7,4
7,4,5,0,5,13,102,108,115,105,106,67,76,93,100,104,84,100,60,13,9,5,5,0
6,0,0,0,3,0,68,107,107,108,95,59,52,65,75,100,107,97,22,27,9,4,7,0
0,0,0,0,0,0,43,142,159,55,65,49,47,58,92,111,123,71,39,10,7,10,0,0
2,0,5,9,10,9,43,100,122,67,56,38,52,52,62,115,143,57,40,14,14,13,13,9
2,9,0,11,20,27,19,70,66,61,51,14,50,69,74,69,56,45,14,4,6,4,9,1
8,0,0,8,15,10,26,70,58,44,13,14,14,52,57,57,52,16,6,0,0,0,6,10
0,0,0,1,11,5,33,49,66,24,10,11,13,42,50,47,14,9,2,4,0,0,0,1
2,3,0,6,12,7,38,54,41,14,7,6,11,31,29,13,6,5,0,8,0,0,0,0
0,0,0,0,5,6,29,45,38,14,10,7,5,13,7,0,0,0,0,0,0,0,0,0
0,0,8,6,0,1,24,50,14,5,7,12,10,10,9,3,0,0,0,0,0,0,0,0
0,0,0,4,2,0,10,50,3,8,7,10,13,13,7,1,0,0,0,0,0,0,1,0
0,4,0,1,2,12,8,18,10,0,10,12,13,5,10,0,0,0,0,0,0,0,0,0
0,3,0,0,0,9,24,25,0,7,8,7,17,13,2,0,0,0,0,0,0,0,0,0
0,2,0,2,0,3,3,22,3,0,9,11,30,24,14,8,5,0,0,0,0,0,0,0
8,7,3,0,10,14,17,14,12,7,5,13,27,50,16,9,7,2,1,6,0,0,5,6
0,11,5,0,9,26,50,0,0,11,10,7,11,28,50,10,0,1,10,9,0,0,6,3
8,9,0,12,17,32,13,0,0,0,11,6,3,14,51,14,12,5,0,5,0,2,0,4

2,8,5,5,7,10,10,10,40,51,54,54,54,37,14,13,9,3,9,5,2,6,7,5
5,10,7,13,27,29,44,43,46,71,57,62,63,52,50,48,21,16,12,9,0,2,4,12
5,7,0,5,10,14,34,30,53,62,88,100,54,50,46,44,15,30,14,11,5,5,0,8
7,9,0,9,12,28,32,13,13,52,42,37,74,109,100,76,82,80,71,28,14,22,13,16
7,9,7,4,15,23,49,52,67,83,66,75,69,99,100,110,91,99,99,76,63,56,52,52
0,0,0,8,17,21,70,88,116,149,104,79,63,58,52,62,49,55,56,66,71,71,68,62
4,12,14,54,74,113,127,121,116,114,106,96,75,82,81,88,67,52,14,32,31,53,56,59
52,54,85,98,86,122,84,70,75,78,79,85,99,88,93,96,90,62,14,10,9,13,5,11
61,60,66,67,62,47,19,66,85,112,113,114,84,79,104,118,95,69,56,38,6,7,0,1
53,58,51,42,8,2,13,67,96,130,155,178,145,91,103,105,103,81,55,23,9,1,0,0
10,12,0,7,10,1,14,61,102,142,209,214,169,135,114,125,120,92,65,14,14,13,8,5
0,5,0,0,8,13,52,91,112,140,188,185,166,162,145,161,177,132,61,53,16,6,0,0
9,2,6,0,7,11,36,82,111,126,171,159,143,142,136,133,116,106,73,58,41,44,13,11
0,0,0,0,12,3,12,73,108,118,121,120,124,130,123,116,111,86,60,51,17,16,12,9
9,5,5,12,11,13,15,34,76,106,108,113,113,103,74,82,103,57,50,17,8,11,6,0
2,4,12,1,6,8,20,40,57,69,111,110,96,85,70,86,100,55,51,10,2,0,0,3
2,0,0,0,9,12,39,42,53,59,66,102,91,108,78,74,92,84,61,14,5,0,0,5
11,6,2,5,12,13,32,52,84,89,100,104,122,130,101,87,74,65,55,35,26,12,6,2
0,0,12,11,14,24,48,71,110,100,107,130,141,140,113,74,107,108,103,56,8,5,5,0
0,2,11,13,13,46,83,118,127,129,132,148,152,148,128,117,107,74,78,45,8,6,0,0
8,10,10,12,20,32,99,116,137,137,132,133,164,172,108,88,112,104,57,35,13,10,0,0
7,8,12,17,30,43,80,126,158,144,160,173,203,175,130,121,121,111,76,55,15,11,0,2
7,1,7,11,38,52,106,131,142,144,138,128,135,133,117,118,127,112,75,39,26,14,5,0
0,0,10,12,15,63,111,133,146,140,143,127,108,109,118,123,128,117,101,54,27,8,5,6
0,3,2,12,24,63,104,123,140,137,140,120,106,105,107,113,118,107,100,43,6,10,0,0
0,3,4,6,11,70,107,117,129,127,134,115,105,102,105,108,112,107,100,47,13,12,10,2
9,0,0,8,11,38,101,114,116,113,116,103,63,92,103,102,103,100,67,12,13,8,7,4
7,4,5,0,5,13,102,108,115,105,106,68,76,93,100,104,84,100,60,13,9,5,5,0
6,0,0,0,3,0,67,107,107,109,96,59,52,65,75,100,107,97,22,28,10,4,7,0
0,0,0,0,0,0,43,142,159,55,65,49,47,58,92,111,123,70,39,10,7,10,0,0
2,0,5,9,10,9,43,100,122,67,56,38,53,52,62,115,144,58,40,14,14,13,13,9
2,9,0,11,21,27,19,71,66,62,51,14,50,69,74,69,56,45,14,4,7,4,9,1
8,0,0,8,15,10,26,70,58,43,13,14,14,52,58,57,52,16,6,0,0,0,6,10
0,0,0,1,11,5,33,49,66,24,10,12,13,41,50,48,14,9,2,4,0,0,0,1
2,3,0,6,12,7,37,54,40,14,7,7,12,32,30,13,6,5,0,7,0,0,0,0
0,0,0,0,5,6,30,45,38,14,10,7,5,13,7,0,0,0,0,0,0,0,0,0
0,0,8,6,0,1,24,50,14,5,7,12,10,10,9,4,0,0,0,0,0,0,0,0
0,0,0,4,2,0,10,50,3,8,7,10,13,13,7,1,0,0,0,0,0,0,1,0
0,4,0,1,2,12,8,20,10,0,10,12,13,5,11,0,0,0,0,0,0,0,0,0
0,3,0,0,0,9,24,25,0,7,8,7,18,13,2,0,0,0,0,0,0,0,0,0
0,2,0,2,0,3,4,22,3,0,9,12,31,25,14,9,5,0,0,0,0,0,0,0
8,7,3,0,10,14,16,14,12,7,5,13,31,50,16,10,7,2,1,6,0,0,5,6
0,11,5,0,9,26,50,0,0,11,10,7,11,31,50,10,0,2,10,9,0,0,6,3
8,9,0,12,17,32,13,0,0,0,11,6,4,14,50,14,12,5,0,5,0,3,0,4

2,8,5,5,7,10,10,10,41,51,54,54,55,37,14,13,10,3,9,4,2,7,8,5
5,10,7,13,28,31,44,43,46,71,58,62,63,53,50,50,22,16,12,9,0,2,4,12
5,7,0,5,10,14,35,31,53,62,88,100,55,50,47,44,15,30,13,11,5,5,1,8
7,9,0,9,12,28,32,13,13,52,43,38,74,109,99,76,82,80,71,28,14,22,13,15
7,9,7,4,16,23,49,52,67,83,66,75,69,99,100,110,91,98,99,76,64,56,53,52
0,0,0,7,17,21,70,88,116,149,104,79,64,57,52,62,49,55,56,66,71,71,68,62
4,12,14,54,74,113,127,121,116,113,105,97,75,82,81,88,67,52,14,33,31,53,56,59
52,54,85,97,86,121,84,70,75,78,80,85,100,88,93,96,90,62,14,10,9,13,5,11
61,60,66,67,62,47,19,66,85,112,113,115,85,80,105,118,95,69,56,38,6,7,0,2
52,58,51,43,8,2,13,67,96,130,155,180,147,92,104,105,103,80,55,23,9,1,0,0
10,12,0,7,10,1,14,61,102,141,210,215,171,137,115,126,120,92,65,14,14,13,8,6
0,5,0,0,8,13,52,91,111,139,188,184,167,162,146,160,176,131,61,53,16,6,0,0
9,2,6,0,7,11,36,81,111,126,170,159,144,143,137,133,116,106,73,59,40,45,13,11
0,0,0,0,12,3,12,73,108,118,121,120,125,131,124,117,111,85,60,51,17,15,12,9
9,5,5,12,11,13,14,34,77,106,108,113,114,104,75,82,103,57,50,17,9,11,6,0
2,4,12,1,6,8,20,41,57,69,111,111,97,86,70,86,101,55,51,10,2,0,0,3
2,0,0,0,9,12,39,42,53,59,66,102,91,108,78,75,92,84,60,14,5,0,0,6
11,6,2,5,12,13,32,52,84,89,100,104,122,130,101,87,74,65,54,35,26,12,6,2
0,0,12,11,14,24,48,71,109,100,107,130,141,140,113,74,107,108,102,56,8,5,5,0
0,2,11,13,13,45,83,118,127,129,132,147,152,148,128,116,107,73,77,44,8,6,0,0
8,10,10,12,20,32,99,116,137,137,132,132,163,171,107,87,112,104,57,35,13,9,0,0
7,8,12,17,30,43,79,126,158,143,159,173,202,174,130,120,121,111,75,55,14,11,0,2
7,1,7,11,38,52,106,131,142,144,137,128,135,133,116,118,127,112,76,39,26,14,5,0
0,0,10,12,14,63,111,133,146,140,143,127,107,109,117,123,128,116,101,54,26,8,5,6
0,3,2,12,25,64,104,123,140,137,140,120,106,105,107,113,118,107,100,43,6,10,0,0
0,3,4,6,11,70,107,117,129,127,134,115,105,102,105,108,112,107,100,48,13,12,10,2
9,0,0,8,11,40,101,114,116,113,116,103,63,92,103,102,103,100,67,12,13,8,7,4
7,4,5,0,5,13,102,108,115,105,106,67,76,93,100,104,83,100,59,13,8,5,5,0
6,0,0,0,3,0,69,107,107,109,95,59,52,65,75,100,107,97,22,29,10,5,7,0
0,0,0,0,0,0,42,142,159,55,65,49,47,58,92,111,124,71,39,10,7,10,0,0
2,0,5,9,10,9,43,100,122,67,56,38,53,52,62,115,144,58,40,14,14,13,13,9
2,9,0,11,20,27,19,71,66,61,51,14,50,69,74,69,56,45,14,4,7,4,9,1
8,0,0,8,15,10,26,70,58,43,13,14,14,52,58,57,52,15,6,0,0,0,6,10
0,0,0,1,11,5,33,49,66,24,10,12,13,41,50,48,14,9,2,4,0,0,0,1
2,3,0,6,12,7,37,54,41,14,7,7,12,33,28,13,6,6,0,8,0,0,0,0
0,0,0,0,5,6,30,45,38,14,10,7,5,13,8,0,0,0,0,0,0,0,0,0
0,0,8,6,0,1,24,50,14,5,7,12,10,10,9,4,0,0,0,0,0,0,0,0
0,0,0,4,2,0,10,50,3,8,7,10,13,13,7,2,0,0,0,0,0,0,1,0
0,5,0,1,2,12,8,21,10,0,10,12,13,6,11,0,0,0,0,0,0,0,0,0
0,3,0,0,0,9,24,26,0,7,8,7,18,13,3,0,0,0,0,0,0,0,0,0
0,2,0,2,0,3,4,22,3,0,10,12,31,25,14,9,6,0,0,0,0,0,0,0
8,7,3,0,10,14,17,14,12,7,5,13,31,50,17,10,7,2,1,6,0,0,5,6
0,11,5,0,9,26,50,0,0,11,10,7,11,33,50,11,0,2,10,9,0,0,6,3
8,9,0,12,17,32,13,0,0,0,11,6,4,14,50,14,12,5,0,5,0,2,0,4

2,8,5,5,7,10,10,10,41,51,54,54,55,37,14,13,10,3,9,5,3,7,8,5
5,10,7,13,27,31,44,43,46,71,58,62,63,53,50,50,22,15,12,9,1,3,5,12
5,7,0,5,10,14,34,31,53,62,88,100,55,50,47,45,16,31,14,12,5,6,1,9
7,9,1,9,12,28,32,13,14,52,43,40,74,109,100,76,82,80,71,28,14,22,13,16
7,9,7,5,16,23,48,52,67,82,66,75,69,99,100,110,91,99,99,76,63,56,53,53
0,0,0,7,17,21,70,88,115,149,104,79,64,57,52,62,49,55,56,66,71,71,68,62
4,12,14,54,74,113,127,121,116,114,106,97,75,82,81,89,67,53,14,33,31,53,56,59
52,54,85,98,86,122,84,70,76,79,80,86,100,89,93,96,91,62,15,10,10,13,6,11
61,60,66,67,62,47,19,66,85,113,114,115,85,80,105,119,96,69,56,40,6,8,0,2
53,58,51,43,8,2,13,68,96,131,156,180,147,91,104,106,104,81,55,24,9,2,0,0
10,12,0,7,10,1,14,61,102,142,211,215,171,136,115,126,120,93,65,14,14,13,9,6
0,5,0,0,8,13,52,91,111,139,187,184,165,161,145,160,176,131,61,53,17,6,0,0
9,2,6,0,8,12,36,81,111,126,170,158,142,142,136,132,115,106,73,58,41,45,13,11
0,0,0,0,12,3,12,73,108,118,121,119,124,130,123,116,111,86,60,50,16,15,12,9
9,5,6,12,11,13,16,35,77,106,108,113,113,103,74,82,103,57,50,18,9,11,6,0
2,4,12,1,6,8,20,41,57,69,111,110,96,85,70,86,100,55,51,10,2,0,0,3
2,0,0,0,9,12,39,43,53,59,66,102,91,108,78,74,92,84,60,14,5,0,0,6
11,6,2,5,12,13,32,52,85,89,100,103,121,129,100,87,74,65,54,35,26,12,6,2
0,0,12,11,14,24,49,71,110,100,107,130,141,140,113,74,107,108,103,57,8,5,5,0
0,2,11,13,13,46,83,118,127,129,132,147,152,148,128,117,107,74,78,45,8,6,0,0
8,10,10,12,20,32,100,116,137,137,132,132,164,171,107,87,112,104,57,35,14,10,0,0
7,8,12,17,30,43,80,127,157,144,159,172,202,174,130,120,121,111,75,55,15,11,0,2
7,1,7,12,38,52,106,131,142,144,138,129,135,133,116,118,127,112,76,39,26,14,5,0
0,0,10,12,14,63,111,133,146,140,143,127,108,109,117,123,128,116,101,54,26,8,5,6
0,3,2,12,25,64,104,123,140,137,140,120,106,105,107,113,118,107,100,43,6,10,0,0
0,3,4,6,11,70,107,117,129,127,134,114,105,102,105,108,112,107,100,48,13,11,10,2
9,0,0,8,11,40,101,114,116,113,116,103,63,92,103,102,103,100,66,12,13,8,7,4
7,4,5,0,5,13,102,108,115,105,106,67,76,93,100,104,83,100,60,13,9,5,5,1
6,0,0,0,3,0,68,107,107,109,95,59,52,65,75,100,107,97,22,28,10,5,7,0
0,0,0,0,0,0,43,142,159,55,65,49,47,58,93,111,124,71,39,10,7,10,0,0
2,0,5,9,10,9,44,100,122,68,56,38,53,52,62,115,144,57,40,14,14,13,13,9
2,9,0,11,20,27,19,71,65,62,51,14,50,69,74,69,56,45,14,4,7,4,9,2
8,0,0,9,15,10,26,70,58,43,13,14,14,52,58,57,52,15,6,0,0,0,6,10
0,0,0,1,11,5,33,49,66,24,10,12,13,42,50,48,14,9,2,4,0,0,0,1
2,3,0,6,12,7,38,54,41,14,7,7,12,33,29,13,6,6,0,8,0,0,0,0
0,0,0,0,5,6,30,45,38,14,10,7,5,13,8,0,0,0,0,0,0,0,0,0
0,0,8,6,0,1,25,50,14,5,7,12,10,10,9,4,0,0,0,0,0,0,0,0
0,0,0,4,2,0,10,50,3,8,7,10,13,13,8,2,0,0,0,0,0,0,1,0
0,5,0,1,2,12,8,20,10,0,10,12,13,6,11,0,0,0,0,0,0,0,0,0
0,3,0,0,0,9,24,25,0,7,8,7,18,13,3,0,0,0,0,0,0,0,0,0
0,3,0,2,0,3,4,22,3,0,9,12,33,26,14,9,6,0,0,0,0,0,0,0
8,8,3,0,10,14,18,14,12,7,5,13,31,50,18,10,7,2,1,6,0,0,5,6
0,11,5,0,9,27,50,0,0,12,10,7,11,33,50,11,0,2,10,9,0,0,6,3
8,9,0,12,17,32,13,0,0,0,11,6,3,14,50,14,12,5,0,5,0,2,0,4

2,9,5,5,7,10,10,10,42,51,54,54,55,37,14,13,10,3,9,5,3,7,8,6
5,10,7,13,28,31,47,43,46,71,58,62,63,52,50,48,22,15,12,9,1,3,5,12
5,7,0,5,10,14,35,31,53,62,87,100,55,50,47,45,15,30,14,12,5,6,1,9
7,9,1,9,12,28,32,13,13,52,43,40,75,109,100,76,82,80,71,29,14,22,13,17
7,9,7,5,15,24,49,52,67,82,66,75,69,99,100,110,91,99,99,76,63,56,52,52
0,0,0,7,17,21,70,88,115,148,104,79,64,58,52,62,49,55,56,66,71,71,68,62
4,12,14,54,74,113,127,121,116,114,106,97,76,83,81,89,67,52,14,33,32,53,56,59
52,54,85,97,86,121,84,70,76,78,80,86,101,90,94,96,91,62,15,10,10,13,6,12
61,60,66,67,62,47,19,66,86,113,114,116,85,80,106,119,96,69,56,40,6,8,0,2
53,58,51,42,8,2,14,68,97,132,157,181,148,92,105,107,104,81,55,25,9,2,0,0
10,12,0,7,10,1,14,61,102,143,212,217,172,137,115,126,120,93,65,15,14,13,9,6
0,5,0,0,9,13,52,91,111,139,187,184,165,160,144,159,176,132,61,53,17,6,0,0
9,2,6,0,8,12,36,82,111,126,170,158,141,141,135,131,115,106,73,58,40,45,13,11
0,0,0,0,12,3,12,73,108,118,121,119,123,129,122,116,110,86,60,50,15,15,12,9
9,5,5,12,12,14,15,34,77,105,108,113,113,102,73,81,103,57,50,17,8,11,6,0
2,4,12,2,7,8,20,41,57,69,111,110,95,85,69,85,100,55,50,10,2,0,0,3
2,0,0,0,9,12,39,44,53,59,65,102,90,107,78,74,91,84,60,14,6,0,0,6
11,6,2,5,12,14,32,52,86,90,100,102,121,129,99,86,74,65,55,36,26,12,6,2
0,0,12,11,14,25,50,71,110,101,107,129,140,140,112,74,107,108,103,58,8,5,5,0
0,2,11,13,13,47,84,118,128,129,132,147,151,147,128,117,107,74,78,46,9,6,0,0
8,10,10,12,20,33,100,116,137,137,132,133,164,171,107,88,112,104,57,35,14,10,0,0
7,8,12,17,31,44,80,127,158,144,160,173,202,175,130,120,121,111,75,55,16,11,0,2
7,1,7,12,39,52,106,131,142,144,137,129,135,133,116,118,127,112,76,39,26,14,5,0
0,0,10,12,15,63,111,133,146,140,143,126,108,109,117,123,128,116,101,54,27,8,5,6
0,3,2,12,25,65,104,123,140,137,140,120,106,105,107,112,118,107,100,43,6,10,0,0
0,3,4,6,11,71,107,117,129,127,134,114,105,102,105,108,112,107,100,50,13,12,10,2
9,0,0,8,11,40,101,114,116,113,116,103,63,92,103,102,103,100,67,12,13,8,7,4
7,4,5,0,5,13,102,108,115,105,106,67,75,93,100,104,84,100,60,13,9,5,5,0
6,0,0,0,3,0,69,107,107,109,95,59,52,65,74,100,107,97,22,29,10,5,7,0
0,0,0,0,0,0,43,142,159,55,65,49,47,58,93,111,124,70,39,10,7,10,0,0
2,0,5,9,10,9,43,100,121,67,56,38,52,52,62,115,144,58,40,14,14,13,13,9
2,9,0,11,21,27,19,71,65,62,51,14,50,69,74,69,56,45,14,4,7,4,9,2
8,0,0,9,15,10,26,70,58,43,13,14,14,52,58,57,52,16,6,0,0,0,6,10
0,0,0,1,11,5,33,49,66,24,10,12,13,42,50,49,14,9,2,4,0,0,0,1
2,3,0,6,12,7,38,53,41,14,7,7,12,32,30,13,6,6,0,8,0,0,0,0
0,0,0,0,5,6,30,45,38,14,10,7,5,14,8,0,0,0,0,0,0,0,0,0
0,0,8,6,0,1,25,50,14,5,7,12,10,10,9,4,0,0,0,0,0,0,0,0
0,0,0,4,2,0,10,50,3,8,7,10,13,13,8,2,0,0,0,0,0,0,1,0
0,5,0,1,2,12,8,20,10,0,10,12,13,6,11,0,0,0,0,0,0,0,0,0
0,4,0,0,0,9,23,24,0,7,8,7,18,13,3,0,0,0,0,0,0,0,0,0
0,3,0,2,0,3,4,22,3,0,10,12,31,26,14,9,6,0,0,0,0,0,0,0
8,8,3,0,10,14,19,15,12,7,5,13,31,50,17,10,7,2,1,6,0,0,5,6
0,11,5,0,9,27,51,0,0,12,11,7,11,35,50,11,0,2,10,9,0,0,6,3
8,9,0,12,17,32,13,0,0,0,11,6,4,14,50,14,12,5,0,5,0,3,0,4

2,8,5,5,7,10,10,10,42,51,54,54,55,36,14,13,10,3,9,5,3,7,8,6
5,10,7,13,28,31,45,43,46,71,58,62,63,53,50,50,22,17,12,10,1,3,6,12
5,7,0,5,10,14,35,31,53,62,88,100,55,50,47,45,16,31,14,12,5,6,2,9
7,9,1,10,12,28,32,13,13,52,43,41,75,109,100,76,82,80,71,29,14,22,13,17
7,9,7,5,16,24,48,52,67,82,66,75,70,99,100,111,92,99,99,76,63,56,52,53
0,0,0,8,17,21,70,88,115,149,104,80,65,58,52,62,49,55,56,66,71,71,69,62
4,12,14,54,74,113,127,121,116,114,106,98,76,83,81,89,67,52,14,33,32,53,56,59
52,54,85,98,86,122,84,70,76,78,80,86,102,90,94,97,92,62,17,10,10,13,6,12
61,61,66,67,62,47,19,66,86,113,114,117,86,81,106,119,97,69,56,42,6,8,0,2
53,58,51,43,8,2,14,68,97,132,158,183,149,92,105,107,105,81,55,25,10,3,0,0
10,12,0,7,10,1,14,61,103,143,213,219,173,137,116,127,121,93,65,15,14,14,9,6
0,6,0,0,9,13,52,91,111,139,187,184,164,159,144,159,177,132,61,53,18,6,0,0
9,2,6,1,8,12,36,81,111,126,171,157,140,140,134,131,115,106,73,58,40,45,13,11
0,0,0,0,12,3,12,74,108,119,120,118,123,128,121,115,110,86,60,51,14,16,12,9
9,5,5,12,11,14,16,35,77,105,108,112,112,101,73,81,103,57,50,16,8,10,6,0
2,4,12,2,7,9,22,41,57,69,110,110,95,84,69,85,100,55,50,10,2,0,0,3
2,0,0,0,10,12,41,45,54,59,65,101,90,106,77,74,91,84,61,14,6,0,0,6
11,6,2,5,13,14,32,53,87,92,100,102,119,128,98,85,74,65,55,37,26,12,6,2
0,0,12,11,14,25,50,72,111,102,107,129,140,139,112,73,107,109,103,58,8,5,5,0
0,2,11,13,13,47,85,119,128,130,132,147,151,147,127,117,107,75,79,47,9,6,0,0
8,10,10,12,20,33,100,116,138,138,132,133,164,171,107,88,112,104,57,35,14,10,0,0
7,8,12,17,30,44,80,127,158,144,160,173,203,175,130,120,121,111,76,55,16,11,0,2
7,1,7,12,39,52,106,131,142,144,138,128,135,133,116,118,127,112,76,39,26,14,5,0
0,0,10,12,16,63,111,133,146,140,143,127,108,109,117,123,128,116,101,55,29,8,5,6
0,3,2,12,25,65,104,123,140,137,140,120,106,105,107,112,118,107,100,44,6,10,0,0
0,3,4,6,11,71,107,117,129,127,134,115,105,102,105,108,112,107,100,50,13,12,10,2
9,0,0,8,11,40,101,114,116,113,116,103,63,92,103,102,103,100,67,12,13,8,7,4
7,4,5,0,5,13,102,108,115,105,106,67,76,93,100,104,84,100,60,13,9,5,5,1
6,0,0,0,3,0,69,107,107,109,95,59,52,65,75,100,107,97,22,28,10,5,7,0
0,0,0,0,0,0,43,142,159,55,65,49,47,58,93,112,124,71,40,10,7,10,0,0
2,0,5,9,10,9,43,100,121,67,56,38,53,52,62,115,144,57,41,14,14,13,13,9
2,9,0,11,20,27,19,71,66,61,51,14,50,69,74,69,56,46,14,4,7,4,9,1
8,0,0,9,15,10,26,70,58,42,13,14,14,52,58,57,52,15,6,0,0,0,6,10
0,0,0,1,11,5,33,49,66,24,10,12,13,42,50,48,14,9,2,4,0,0,0,2
2,3,0,6,12,7,39,54,40,14,7,7,12,32,30,13,6,6,0,8,0,0,0,0
0,0,0,0,5,6,30,45,39,14,10,7,5,13,8,0,0,0,0,0,0,0,0,0
0,0,8,6,0,1,25,50,14,5,7,12,10,10,9,4,0,0,0,0,0,0,0,0
0,0,0,4,2,0,10,50,3,8,8,10,13,13,8,2,0,0,0,0,0,0,1,0
0,5,0,1,2,12,9,22,10,0,10,12,13,6,11,0,0,0,0,0,0,0,0,0
0,4,0,0,0,9,24,25,0,7,8,7,17,13,3,0,0,0,0,0,0,0,0,0
0,3,0,2,0,3,5,23,3,0,10,12,30,26,15,9,6,0,0,0,0,0,0,0
8,8,3,0,10,14,19,16,12,7,5,13,31,50,18,10,7,2,1,6,0,0,5,6
0,11,5,0,9,27,50,0,0,12,11,7,11,35,50,11,0,2,10,9,0,0,6,3
8,9,0,12,17,32,13,0,0,0,11,6,3,14,51,15,12,5,0,5,0,3,0,4

2,9,5,5,7,10,10,10,42,51,54,54,55,36,14,13,10,3,9,5,3,7,8,6
5,10,7,13,29,32,47,43,46,71,57,62,63,53,50,50,24,17,12,10,2,4,6,12
5,8,0,5,10,14,35,31,53,62,87,100,55,50,47,44,16,31,14,12,6,6,2,9
7,9,1,10,12,28,32,13,14,52,44,44,75,109,100,77,82,80,71,29,14,22,13,17
7,9,7,5,16,24,49,52,67,82,66,75,70,99,100,111,92,99,100,76,64,56,53,53
0,0,0,8,18,21,70,88,116,149,105,80,65,58,52,62,49,55,56,66,71,71,69,63
4,12,14,54,74,113,127,121,117,114,106,99,76,83,81,89,67,52,14,33,33,53,56,59
52,54,85,98,86,122,84,71,76,79,80,86,102,90,94,97,92,63,18,10,10,13,6,12
61,60,66,67,62,47,19,66,86,114,114,117,86,81,106,120,97,70,56,43,7,8,0,3
53,58,51,43,8,2,14,68,97,133,159,184,149,92,105,107,105,82,56,26,10,3,0,0
10,12,0,8,10,1,14,61,103,144,214,219,173,137,116,127,121,93,65,16,14,14,9,6
0,6,0,0,9,13,52,91,111,139,187,184,164,158,143,160,177,132,61,53,18,6,0,0
9,2,7,1,8,12,36,81,111,126,171,157,139,139,133,130,115,106,73,58,41,45,13,11
0,0,0,0,12,3,12,74,108,119,120,118,122,127,120,115,110,85,60,50,14,16,12,9
9,5,5,12,12,14,17,35,77,105,108,112,111,101,72,80,103,57,50,16,8,10,6,0
2,4,12,2,7,9,21,42,57,69,110,109,94,84,69,84,100,55,50,10,2,0,0,3
2,0,0,0,10,12,42,45,54,59,65,101,89,105,77,73,91,84,61,14,6,0,0,6
11,6,2,5,13,14,32,53,88,92,99,101,119,127,97,85,74,66,56,37,26,13,6,2
0,0,12,11,14,25,50,72,111,102,107,129,139,139,111,73,107,110,104,59,8,5,5,0
0,2,11,13,13,48,85,119,129,130,132,148,151,147,127,117,107,75,79,48,9,6,0,0
8,10,10,12,20,33,100,116,138,138,133,133,164,171,107,88,112,104,57,36,14,10,0,0
7,8,12,17,31,44,81,127,158,144,160,174,203,175,130,121,121,111,76,56,16,11,0,2
7,1,7,12,39,52,106,131,142,144,138,128,135,133,117,118,127,112,76,39,26,14,5,0
0,0,10,12,15,64,111,133,146,140,143,127,108,109,117,123,128,116,101,54,27,8,5,6
0,3,2,12,25,65,104,123,140,137,140,120,106,105,107,112,118,107,100,44,6,10,0,0
0,3,4,6,11,72,107,117,129,127,134,115,105,102,105,108,112,107,100,50,13,12,10,2
9,0,0,8,11,40,101,114,116,113,116,103,63,92,103,102,103,100,66,12,13,8,7,4
7,4,5,0,5,13,102,108,115,105,105,67,75,93,100,104,83,100,60,13,9,5,5,0
6,0,0,0,4,0,67,107,107,108,95,58,52,65,75,100,107,97,22,28,10,5,7,0
0,0,0,0,0,0,43,143,159,55,65,49,47,58,93,112,124,71,40,10,7,10,0,0
2,0,5,9,10,9,44,100,121,67,56,38,53,52,62,115,144,57,41,14,14,13,13,9
2,9,0,11,21,27,19,70,65,61,50,14,50,69,74,69,56,45,14,4,7,4,9,1
8,0,0,9,16,10,26,70,58,41,13,14,14,52,58,57,52,17,6,0,0,0,6,10
0,0,0,1,11,5,34,49,66,25,10,12,13,43,51,48,14,9,2,4,0,0,0,2
2,3,0,6,12,7,37,54,40,14,7,7,12,33,30,13,7,6,0,8,0,0,0,0
0,0,0,0,5,6,30,45,38,14,10,7,6,14,8,0,0,0,0,0,0,0,0,0
0,0,8,6,0,1,25,50,14,5,7,12,10,10,9,4,0,0,0,0,0,0,0,0
0,0,0,4,2,0,10,50,3,8,8,10,13,13,8,2,0,0,0,0,0,0,2,0
0,5,0,1,2,12,9,22,10,0,10,12,13,6,11,0,0,0,0,0,0,0,0,0
0,4,0,0,0,9,24,25,0,7,8,7,18,13,3,0,0,0,0,0,0,0,0,0
0,3,0,2,0,4,5,22,3,0,10,12,30,25,14,9,6,0,0,0,0,0,0,0
8,8,3,0,10,14,21,17,12,7,5,13,32,50,18,10,7,2,1,6,0,0,5,6
0,11,5,0,9,29,51,0,0,12,10,7,11,33,50,11,0,2,10,9,0,0,6,3
8,9,0,12,17,32,13,0,0,0,11,6,3,14,50,15,12,5,0,5,0,3,0,4

3,9,5,5,7,10,10,10,42,51,54,54,55,38,14,13,10,3,9,5,3,7,8,6
5,10,7,13,29,32,47,43,46,71,58,62,63,52,50,50,24,17,12,10,2,4,6,12
5,8,0,5,11,14,35,31,53,62,88,100,55,51,48,45,16,31,14,12,6,6,2,9
7,9,1,10,12,28,32,13,14,52,42,45,75,109,100,76,83,80,71,29,14,23,13,17
7,9,8,5,16,24,48,52,67,82,66,75,70,99,100,111,92,99,100,76,63,56,53,53
0,0,0,8,18,21,70,89,115,149,105,80,65,58,52,62,50,55,56,66,71,71,69,62
4,12,15,54,74,113,127,121,117,114,107,99,76,84,81,89,68,53,14,34,33,53,56,59
52,54,85,98,86,122,84,71,76,79,80,86,102,91,95,98,92,63,17,10,10,13,6,12
61,61,66,67,62,47,19,66,86,114,115,117,86,81,107,120,97,70,56,43,7,8,0,3
53,58,51,43,8,2,14,68,98,133,160,185,150,93,106,108,105,82,56,27,10,3,0,0
10,13,0,8,10,1,14,61,103,144,215,221,175,138,117,128,121,93,65,17,14,14,9,6
0,6,0,0,9,13,52,91,111,139,186,185,164,158,143,160,178,132,61,53,18,6,0,0
9,2,7,1,8,12,36,80,110,125,170,157,139,138,132,130,116,107,74,59,40,45,13,11
0,0,0,0,12,3,12,74,108,119,120,118,122,127,120,114,110,85,60,50,14,16,12,9
9,5,6,12,12,14,17,35,78,105,108,112,111,100,72,80,102,57,50,17,8,11,6,0
2,4,12,2,7,9,21,42,57,69,110,109,94,83,68,84,100,55,50,10,2,0,0,3
2,0,0,0,10,12,43,46,54,59,65,101,89,105,76,73,91,84,61,14,6,0,0,6
11,6,2,5,13,14,33,53,89,93,100,101,118,126,96,84,74,66,56,37,26,13,6,2
0,0,12,11,14,26,50,72,111,103,107,128,139,138,111,73,107,110,104,59,8,5,5,0
0,2,11,13,13,47,84,119,129,130,132,147,150,147,126,116,107,75,80,47,9,6,0,0
8,10,10,12,21,33,100,116,138,138,132,132,163,171,107,88,112,104,57,35,14,10,0,0
7,8,12,17,31,44,81,127,158,144,160,174,203,175,130,120,121,111,76,56,18,11,0,2
7,1,7,12,39,52,106,131,142,144,138,128,135,133,117,118,127,112,76,39,26,14,5,0
0,0,10,12,16,64,111,133,146,140,143,127,108,109,117,123,128,116,101,55,27,8,5,6
0,3,2,12,25,65,104,123,140,137,140,120,106,105,107,112,118,107,100,44,6,10,0,0
0,3,4,7,11,72,107,117,129,127,134,115,105,102,105,108,112,107,100,50,13,12,10,2
9,0,0,8,11,43,101,114,116,113,116,103,63,92,103,102,103,100,68,12,13,8,7,4
7,4,5,0,5,13,102,108,115,105,106,67,76,93,100,104,83,100,61,13,9,5,6,0
6,0,0,0,4,0,69,107,107,108,94,58,52,65,75,100,107,97,23,30,10,5,7,0
0,0,0,0,0,0,43,143,160,55,65,49,47,58,93,112,124,71,41,10,7,10,0,0
2,0,5,9,11,9,44,100,121,67,56,38,52,52,62,115,144,58,40,14,14,13,13,9
2,9,0,11,20,27,20,71,65,61,51,14,50,69,73,69,56,46,14,4,7,4,9,1
8,0,0,9,16,10,26,70,58,41,13,14,14,52,58,57,52,16,6,0,0,0,6,10
0,0,0,1,11,5,34,49,66,24,10,12,13,42,50,49,14,9,2,4,0,0,0,2
2,3,0,6,12,7,38,54,41,14,7,7,12,33,30,13,7,6,0,8,0,0,0,0
0,0,0,0,5,6,30,45,37,14,10,7,6,14,8,0,0,0,0,0,0,0,0,0
0,0,8,6,0,1,25,50,14,5,7,12,10,10,9,4,0,0,0,0,0,0,0,0
0,0,0,4,2,0,10,50,3,8,7,10,13,13,8,2,0,0,0,0,0,0,2,0
0,5,0,1,2,12,9,21,10,0,10,12,13,6,11,0,0,0,0,0,0,0,0,0
0,4,0,0,0,9,23,25,0,7,8,7,18,14,3,0,0,0,0,0,0,0,0,0
0,3,0,2,0,4,5,22,3,0,10,11,30,26,15,9,6,0,0,0,0,0,0,0
8,8,3,0,10,14,21,17,12,7,5,13,32,50,18,10,7,2,1,6,0,0,5,6
0,11,5,0,9,29,51,0,0,12,10,7,11,36,50,11,0,2,10,9,0,0,6,3
8,9,0,12,17,32,13,0,0,0,11,6,3,14,50,15,12,5,0,5,0,3,0,4

2,9,5,5,8,10,10,10,41,51,54,54,55,38,14,13,10,3,9,5,3,7,8,6
5,10,7,14,29,32,45,43,46,71,57,62,63,53,50,50,22,17,12,10,2,4,6,12
5,8,0,5,11,14,35,31,53,62,88,100,55,50,48,45,17,33,14,12,6,7,2,9
7,9,1,10,12,28,32,13,14,52,44,47,75,109,100,76,83,81,72,30,14,22,13,18
7,9,8,5,16,24,49,52,67,82,66,75,70,99,100,111,92,99,100,76,64,56,53,53
0,0,0,8,18,21,70,89,116,150,105,80,65,58,52,63,50,55,56,66,71,71,68,62
4,12,14,54,74,113,127,122,117,114,107,99,76,84,82,90,68,53,14,34,34,53,56,60
52,54,85,98,86,122,85,71,76,79,80,87,103,91,95,98,93,63,19,10,11,13,6,12
61,61,67,67,63,48,19,66,86,114,115,117,86,81,107,121,98,70,56,44,7,9,0,3
53,58,51,43,8,2,14,68,98,134,160,185,149,93,106,108,106,82,56,26,10,4,0,0
10,13,0,8,10,1,14,61,103,145,215,220,175,138,117,128,121,93,65,17,15,14,9,6
0,6,1,0,9,13,52,91,111,139,186,184,164,158,143,160,178,132,61,53,18,6,0,0
9,2,7,1,8,12,36,81,110,125,171,158,138,137,132,129,116,107,74,59,41,46,13,11
0,0,0,0,12,3,12,74,108,119,120,117,121,126,119,114,110,85,60,50,14,15,12,9
9,5,6,12,12,14,17,35,78,105,108,112,111,100,71,80,102,57,50,16,8,10,6,0
2,4,12,2,8,9,20,42,57,69,110,109,93,83,68,83,100,54,50,10,2,0,0,3
2,0,0,0,10,12,43,46,54,59,65,100,88,104,76,73,90,84,62,14,6,0,0,6
11,6,2,5,13,14,33,54,89,94,99,100,117,125,95,83,73,66,56,37,26,13,6,2
0,0,12,11,14,26,50,73,112,103,107,128,138,138,110,72,107,110,104,59,8,5,5,0
0,2,11,13,13,48,85,119,129,130,132,147,149,146,126,116,107,76,80,48,9,6,0,0
8,10,10,12,21,33,100,116,138,138,132,132,163,171,107,88,112,104,57,35,14,10,0,0
7,8,12,17,31,44,81,127,158,144,160,174,202,175,130,121,121,111,76,55,17,11,0,2
7,1,7,12,39,52,106,131,142,144,138,128,135,133,117,118,127,112,76,39,26,14,5,0
0,0,10,12,17,64,111,133,146,140,143,127,107,109,117,123,128,116,101,55,29,8,5,6
0,3,2,12,25,65,104,123,140,137,140,120,106,105,107,112,118,107,100,45,6,10,0,0
0,3,4,6,11,72,107,117,129,127,134,115,105,102,105,108,112,107,100,50,13,12,10,2
9,0,0,8,11,41,101,113,116,113,116,103,63,94,103,102,103,100,66,12,13,8,7,4
7,4,5,0,5,13,102,108,114,105,106,67,75,93,100,103,83,100,59,13,9,5,6,1
6,0,0,0,4,0,69,107,107,108,95,59,52,65,75,100,107,97,23,30,10,5,7,0
0,0,0,0,0,0,43,143,160,54,65,49,47,59,93,112,124,71,41,10,7,10,0,0
2,0,5,9,10,9,43,100,121,67,56,38,53,52,62,115,145,58,41,14,14,13,13,9
2,9,0,11,21,28,20,71,65,61,51,14,51,70,74,69,56,46,14,4,7,4,9,2
8,0,0,9,16,10,26,71,58,43,13,14,14,52,58,57,52,17,6,0,0,0,6,10
0,0,0,1,11,5,34,49,66,25,10,12,13,42,50,49,14,9,2,4,0,0,0,2
2,3,0,6,12,7,37,54,40,14,7,7,12,33,30,13,7,6,0,8,0,0,0,0
0,0,0,0,6,6,30,46,38,14,10,7,6,14,8,0,0,0,0,0,0,0,0,0
0,0,8,6,0,1,25,50,14,5,7,12,10,10,9,4,0,0,0,0,0,0,0,0
0,0,0,4,2,0,10,50,3,8,7,10,13,13,8,2,0,0,0,0,0,0,2,0
0,5,0,1,2,12,9,22,10,0,10,12,13,6,11,0,0,0,0,0,0,0,0,0
0,4,0,0,0,9,24,25,0,7,8,7,18,14,3,0,0,0,0,0,0,0,0,0
0,3,0,2,0,4,6,23,3,0,10,12,33,26,15,9,6,0,0,0,0,0,0,0
8,8,3,0,10,14,20,16,12,7,5,13,31,50,19,11,7,2,1,6,0,0,5,6
0,11,5,0,9,29,50,0,0,12,11,7,11,36,50,11,0,2,10,9,0,0,6,3
8,9,0,12,17,32,13,0,0,0,11,6,3,14,50,15,12,5,0,5,0,3,0,4

3,9,5,5,7,10,10,10,43,51,55,55,55,38,15,13,10,3,10,5,3,7,8,6
5,10,7,13,27,32,47,45,47,72,58,62,64,53,50,50,24,17,12,10,3,4,7,12
5,8,0,5,10,14,35,31,53,62,89,100,56,51,50,45,16,31,14,12,6,7,3,9
7,9,1,10,12,28,32,13,14,52,43,47,75,109,100,77,83,81,72,30,14,23,13,18
7,9,8,5,16,24,49,52,67,82,66,75,69,99,100,111,92,99,100,76,64,56,53,53
0,0,0,8,18,21,70,89,116,150,104,80,66,58,52,63,50,55,57,66,71,71,69,63
4,12,15,55,74,113,127,122,117,114,106,99,76,84,81,90,68,53,14,34,34,53,56,59
52,54,85,98,86,121,84,71,76,78,80,86,102,91,94,97,92,63,19,10,11,13,6,12
61,61,66,67,62,47,18,66,86,113,114,116,85,81,106,120,97,70,56,44,7,8,1,3
53,58,51,44,8,2,14,68,98,133,158,183,148,93,105,107,105,81,56,26,10,4,0,0
10,13,0,8,10,1,14,61,103,144,214,219,173,138,117,128,121,93,65,17,14,14,10,6
0,6,1,0,9,13,52,91,111,140,188,185,165,159,144,160,178,133,61,53,19,7,0,0
9,2,7,1,8,12,36,81,111,126,171,158,140,139,133,131,116,107,75,59,40,46,13,11
0,0,0,0,12,3,12,74,108,119,120,118,122,128,120,115,110,85,60,51,15,17,12,9
9,5,6,12,12,14,17,35,77,105,108,112,112,101,72,80,103,57,50,16,8,11,6,0
2,4,12,2,7,9,20,42,57,69,110,109,94,84,68,84,100,55,50,10,2,0,0,3
2,0,0,0,10,12,42,46,54,59,65,101,89,105,76,73,91,84,61,14,6,0,0,6
11,6,2,5,13,14,33,53,88,92,99,101,118,126,96,84,73,65,55,37,26,12,6,2
0,0,12,11,14,25,50,72,111,102,107,128,139,138,111,73,106,109,103,58,8,5,5,0
0,2,11,13,13,47,85,119,128,130,132,147,149,146,126,116,107,75,79,47,9,6,0,0
8,10,10,12,20,33,100,116,137,137,132,132,163,170,106,87,112,104,56,35,14,10,0,0
7,8,12,17,31,44,80,127,157,143,159,173,202,174,130,120,121,111,75,55,16,11,0,2
7,1,7,12,39,52,106,131,142,144,138,128,135,132,116,118,127,112,75,39,26,14,5,0
0,0,10,12,16,64,111,133,146,139,142,127,107,109,117,122,128,116,101,54,27,8,5,6
0,3,2,12,25,65,104,123,140,137,140,120,106,105,107,112,118,107,100,44,6,10,0,0
0,3,4,6,11,72,107,117,129,127,134,114,105,102,105,108,112,107,100,50,13,12,10,2
9,0,0,8,11,40,101,114,116,113,116,103,63,93,103,102,103,100,67,13,13,8,7,4
7,4,5,0,5,13,102,108,115,105,105,67,75,94,100,104,83,100,60,13,9,5,6,1
6,0,0,0,4,0,68,107,107,108,95,59,52,65,75,100,107,97,23,29,10,5,7,0
0,0,0,0,0,0,43,143,160,54,65,49,47,59,93,112,124,72,41,10,7,10,0,0
2,0,5,9,11,9,43,100,121,67,56,38,53,52,62,115,145,58,41,14,14,13,13,9
2,9,0,11,21,28,21,71,65,61,51,14,50,69,74,69,56,45,14,4,7,4,9,2
8,0,0,9,16,10,26,71,58,42,13,14,15,52,58,57,52,16,6,0,0,0,6,10
0,0,0,1,11,5,34,50,66,25,10,12,13,42,50,49,14,9,2,4,0,0,0,2
2,3,0,6,12,8,39,54,40,14,7,7,12,33,30,13,7,6,0,8,0,0,0,0
0,0,0,0,6,6,30,45,38,14,10,8,6,14,9,0,0,0,0,0,0,0,0,0
0,0,8,6,0,1,26,50,14,5,7,12,10,10,9,4,0,0,0,0,0,0,0,0
0,0,0,4,2,0,11,50,3,9,8,10,13,13,8,2,0,0,0,0,0,0,2,0
0,5,0,1,2,12,9,22,10,0,10,12,13,6,11,0,0,0,0,0,0,0,0,0
0,4,0,0,0,9,24,25,0,7,8,7,18,14,3,0,0,0,0,0,0,0,0,0
0,3,0,2,0,4,6,23,3,0,10,12,31,27,15,9,6,0,0,0,0,0,0,0
8,8,3,0,10,14,21,16,12,7,5,13,33,50,20,11,7,2,2,6,0,0,5,6
0,11,5,0,9,29,51,0,0,12,11,7,11,37,50,11,0,2,10,9,0,0,6,3
8,9,0,12,17,32,13,0,0,0,11,6,3,14,51,15,12,5,0,5,0,3,0,4

3,9,5,5,7,10,10,10,43,51,54,55,55,37,14,13,10,3,9,5,3,7,8,6
5,10,7,13,28,32,47,45,47,72,58,62,64,53,50,50,24,17,12,10,3,4,7,12
5,8,0,5,10,14,35,31,54,62,89,100,56,51,48,45,18,31,14,12,6,7,3,9
7,9,1,10,12,28,32,13,14,52,45,47,76,110,100,77,84,81,72,30,14,23,13,19
7,9,8,5,16,24,49,52,67,83,66,76,70,100,100,111,93,99,100,76,64,56,53,53
0,0,0,8,18,21,70,89,117,151,106,81,66,59,52,63,50,55,56,66,72,71,69,63
4,12,14,55,74,113,127,122,118,115,107,99,77,84,82,90,68,53,14,34,34,53,56,59
52,54,85,98,86,122,85,71,76,79,80,86,102,90,94,98,93,63,20,10,11,14,6,12
61,61,66,67,62,48,19,67,86,114,114,116,85,80,105,119,97,70,56,43,7,9,1,3
53,58,51,44,8,2,14,68,98,132,157,182,147,92,104,106,104,81,56,26,10,4,0,0
10,13,0,8,10,1,14,61,103,143,213,217,171,136,115,126,121,93,65,16,15,14,10,6
0,6,0,0,9,14,53,92,112,140,188,184,165,160,145,160,177,133,61,53,19,7,0,0
9,2,7,1,9,12,37,82,111,126,171,158,141,141,135,132,115,106,74,59,41,46,13,11
0,0,0,0,12,4,12,75,109,119,121,119,123,129,122,116,110,86,61,51,17,18,13,9
9,5,6,12,12,14,17,36,78,106,108,113,113,102,73,81,103,57,50,18,9,11,6,0
2,4,12,2,7,8,21,42,57,70,111,110,95,85,69,85,100,55,51,10,3,0,0,3
2,0,0,0,9,12,40,45,54,59,66,102,90,107,77,74,91,83,60,14,6,0,0,6
11,6,2,5,13,14,32,53,86,91,100,102,120,128,98,85,74,64,55,36,26,12,6,2
0,0,12,11,14,25,50,71,110,100,106,128,140,139,111,73,106,108,103,56,8,5,5,0
0,2,11,13,13,47,85,118,128,129,131,147,149,146,126,116,107,74,78,46,8,6,0,0
8,10,10,12,20,33,100,116,137,137,132,132,162,169,106,86,112,103,56,35,13,9,0,0
7,8,12,17,31,44,80,126,157,143,159,172,201,173,129,120,121,110,74,55,14,11,0,2
7,1,7,12,39,52,106,131,142,144,137,128,134,132,116,118,127,112,74,39,26,14,5,0
0,0,10,12,15,63,111,133,146,140,142,126,107,109,117,122,128,116,100,54,27,8,5,6
0,3,2,12,25,65,104,123,140,137,140,120,106,105,107,112,118,107,100,43,6,10,0,0
0,3,4,6,11,72,107,117,129,127,134,114,105,102,105,108,112,107,100,50,13,12,10,2
9,0,0,8,11,40,101,113,116,113,116,103,63,93,103,102,103,100,66,12,13,8,7,4
7,4,5,0,5,13,102,108,115,105,105,67,75,94,100,104,83,100,59,13,9,5,6,1
6,0,0,0,4,0,69,107,107,108,95,59,53,65,74,100,107,98,23,30,10,5,7,0
0,0,0,0,0,0,43,143,160,55,65,49,47,59,93,112,124,72,42,10,7,10,0,0
2,0,5,9,11,9,43,100,121,67,56,38,53,52,62,115,145,58,41,14,14,13,13,9
2,9,0,11,21,28,21,71,65,61,51,15,51,69,74,69,56,46,14,4,7,4,9,2
8,0,0,9,15,10,26,70,58,43,13,14,14,52,58,57,52,16,6,0,0,0,6,10
0,0,0,1,11,5,34,50,66,25,10,12,13,43,50,50,14,10,2,4,0,0,0,2
2,3,0,6,12,8,39,54,41,14,7,7,12,34,30,13,7,6,0,8,0,0,0,0
0,0,0,0,6,6,30,46,38,14,10,8,6,14,9,0,0,0,0,0,0,0,0,0
0,0,8,6,0,1,27,51,14,5,8,12,10,11,9,4,0,0,0,0,0,0,0,0
0,0,0,4,2,0,11,50,4,9,8,10,13,13,8,3,0,0,0,0,0,0,2,0
0,5,0,1,2,12,9,22,10,0,10,12,13,7,11,0,0,0,0,0,0,0,0,0
0,4,0,0,0,9,24,26,0,7,8,7,20,14,3,0,0,0,0,0,0,0,0,0
0,3,0,3,0,4,6,23,3,0,10,12,33,28,16,9,6,0,0,0,0,0,0,0
8,8,3,0,10,14,21,16,12,7,5,13,36,51,20,11,7,2,2,6,0,0,5,6
0,11,5,0,9,30,51,0,0,12,10,7,12,38,50,11,0,2,10,9,0,0,6,3
8,9,0,12,17,32,13,0,0,0,12,6,4,14,51,16,12,5,0,5,0,3,0,4

3,9,5,5,7,10,10,10,43,51,55,55,55,38,15,13,10,3,10,5,3,7,8,7
5,10,7,13,28,32,47,44,47,72,58,63,64,53,50,50,25,17,12,10,3,5,7,12
5,8,0,5,10,14,35,31,54,62,88,100,55,51,50,45,16,33,14,12,6,7,3,9
7,9,1,10,12,28,32,13,14,53,46,50,77,110,100,77,85,81,72,30,15,24,13,19
7,9,8,5,16,24,49,53,67,83,66,76,70,100,100,111,93,99,100,76,64,56,53,53
0,0,0,8,18,21,70,90,117,152,107,81,66,59,52,63,50,56,57,66,72,71,69,63
4,12,15,55,74,113,127,122,118,115,107,100,77,84,82,90,68,53,15,34,33,53,56,59
52,54,85,98,86,122,85,71,76,79,80,86,102,90,94,97,92,63,20,10,11,14,6,12
61,61,66,67,63,47,19,66,86,113,114,116,86,81,106,119,96,70,56,42,7,8,1,3
53,58,51,44,8,2,14,68,97,132,157,181,147,92,104,106,104,81,56,26,10,4,0,0
10,13,0,8,10,2,14,61,103,143,211,217,171,136,115,126,120,93,65,18,14,14,10,6
0,6,1,0,9,14,53,91,112,140,188,184,166,161,145,160,176,133,61,53,20,7,0,0
9,2,7,1,9,12,37,81,111,126,170,158,143,142,136,132,115,106,73,59,41,46,13,11
0,0,0,0,12,4,12,74,109,118,121,120,124,130,123,116,111,86,61,51,18,18,13,9
9,6,6,12,12,14,16,35,77,105,108,113,113,103,74,82,103,57,50,19,9,11,6,0
2,4,12,2,7,8,20,41,57,69,111,111,96,85,70,86,100,55,51,10,3,0,0,3
2,0,0,0,9,12,41,44,54,60,66,102,91,108,78,74,92,83,60,14,6,0,0,6
11,6,2,5,12,13,32,52,85,89,100,102,121,129,99,86,74,64,54,35,25,12,6,2
0,0,12,11,14,24,49,71,110,100,106,129,140,139,112,73,106,108,102,56,8,5,5,0
0,2,11,13,13,46,84,118,127,129,131,146,150,146,126,116,107,73,77,44,8,6,0,0
8,10,10,12,20,33,100,116,136,136,131,131,162,168,105,86,111,103,56,34,13,9,0,0
7,8,12,17,30,44,80,126,157,143,158,172,201,173,129,119,120,110,74,55,14,11,0,2
7,1,7,12,39,52,106,131,142,144,137,128,134,132,116,118,127,111,74,39,26,14,5,0
0,0,10,12,15,64,111,133,146,139,142,126,107,108,117,122,128,116,100,54,27,8,5,6
0,3,2,12,25,65,104,123,140,137,140,120,106,105,107,112,118,107,100,44,6,10,0,0
0,3,4,6,11,71,107,117,129,127,134,114,105,102,105,108,112,107,100,48,13,12,10,2
9,0,0,8,11,41,101,113,116,113,116,103,63,92,103,102,103,100,66,12,13,8,7,4
7,4,5,0,5,13,102,108,115,105,106,67,75,95,100,103,83,100,60,13,9,5,6,0
6,0,0,0,4,0,68,107,107,108,95,58,52,65,74,100,107,98,22,31,10,5,7,0
0,0,0,0,0,0,43,143,159,55,64,49,48,59,93,111,124,72,41,10,7,10,0,0
2,0,5,9,11,9,44,100,121,68,57,38,52,52,62,115,145,58,41,14,14,13,13,9
2,9,0,11,21,27,20,71,65,61,51,14,50,69,74,69,56,45,14,4,7,4,9,2
8,0,0,9,16,10,27,71,58,43,13,14,15,52,58,57,52,17,6,0,0,0,6,10
0,0,0,1,11,6,34,50,66,25,10,12,13,43,51,50,14,9,2,4,0,0,0,2
2,3,0,6,12,8,39,54,41,14,7,7,12,34,30,13,7,6,0,8,0,0,0,0
0,0,0,0,6,6,30,45,38,14,10,8,6,14,9,0,1,0,0,0,0,0,0,0
0,0,8,6,0,1,26,50,14,5,8,12,11,11,9,4,0,0,0,0,0,0,0,0
0,0,0,4,2,0,11,50,4,9,8,10,13,13,8,3,0,0,0,0,0,0,2,0
0,5,0,1,2,12,9,22,10,0,10,13,13,7,11,0,0,0,0,0,0,0,0,0
0,4,0,0,0,9,23,25,0,7,8,7,20,14,3,0,0,0,0,0,0,0,0,0
0,3,0,3,0,4,6,23,3,0,10,12,34,27,16,9,7,0,0,0,0,0,1,0
8,8,3,0,10,14,21,17,12,7,5,13,36,50,19,11,7,2,2,6,0,0,5,6
0,11,5,0,9,29,51,0,0,12,11,7,12,41,50,11,0,2,10,9,0,0,6,3
8,9,0,12,17,32,13,0,0,0,12,6,4,14,51,15,12,5,0,5,0,3,0,4

3,9,5,5,7,10,10,10,42,51,54,55,55,38,15,13,10,4,10,5,3,7,8,6
5,10,7,13,28,31,45,45,47,71,58,63,63,53,50,50,24,19,12,10,3,4,7,12
5,8,0,6,11,14,35,31,54,62,90,100,56,51,50,47,16,33,14,12,6,7,3,9
7,9,1,10,12,28,32,13,14,52,44,50,77,110,100,77,85,81,72,30,14,23,13,18
7,9,8,5,16,24,50,53,68,83,67,76,70,100,100,111,93,99,100,76,64,56,53,53
0,0,1,8,18,22,70,90,118,153,106,81,66,59,53,63,50,56,57,66,72,72,69,63
4,12,15,55,74,113,128,122,118,115,108,101,77,84,82,91,68,53,15,35,35,53,56,60
52,54,85,98,86,121,84,71,76,79,80,87,103,91,95,98,93,63,20,10,11,14,6,12
61,61,66,67,62,48,20,67,86,114,115,117,86,81,106,120,97,70,56,44,7,9,1,4
53,58,51,43,8,2,14,68,98,133,159,183,149,93,105,107,105,81,56,27,10,4,0,0
10,13,0,8,10,1,14,61,103,143,213,218,173,137,116,127,121,93,65,18,15,14,10,6
0,6,1,0,9,14,52,91,112,140,187,184,165,160,144,159,176,133,61,53,19,7,0,0
9,2,7,1,9,12,36,81,111,126,170,157,142,141,135,132,115,106,74,59,41,47,14,11
0,0,0,0,12,4,12,74,108,118,121,119,124,129,122,116,110,85,60,51,17,18,13,9
9,5,6,12,12,14,17,36,78,106,108,113,113,102,73,81,103,57,50,19,9,11,7,0
2,4,12,2,7,8,21,41,57,69,111,110,96,85,69,85,100,55,51,10,2,0,0,3
2,0,0,0,9,12,40,45,54,59,66,102,90,107,77,74,91,84,60,14,6,0,0,6
11,6,2,5,13,14,32,53,86,90,100,102,120,128,98,85,73,64,54,36,25,12,6,2
0,0,12,11,14,25,50,71,110,100,106,129,140,139,112,73,106,108,102,57,8,5,5,0
0,2,11,13,13,47,85,118,127,129,131,146,149,146,126,116,107,74,78,47,8,6,0,0
8,10,10,12,20,33,100,116,137,137,131,131,162,169,105,86,111,103,56,35,13,9,0,0
7,8,12,17,31,44,80,126,157,143,158,171,201,173,129,120,120,110,74,55,15,11,0,2
7,1,7,11,39,52,106,131,142,144,137,128,134,132,116,118,127,111,74,39,26,14,5,0
0,0,10,12,15,63,111,133,146,140,142,126,107,108,117,122,127,116,100,55,27,8,5,6
0,3,2,12,25,65,104,123,140,137,140,120,106,105,107,112,118,107,100,44,6,10,0,0
0,3,4,6,11,75,107,117,129,127,134,115,105,102,105,108,112,107,100,50,13,12,10,2
9,0,0,8,11,41,101,113,116,113,116,103,63,93,103,102,103,100,67,13,13,8,7,4
7,4,5,0,5,13,102,108,114,105,105,67,75,93,100,103,83,100,59,13,9,5,6,1
6,0,0,0,4,0,68,107,107,108,95,59,52,65,74,100,107,97,22,30,10,5,7,0
0,0,0,0,0,0,43,143,160,54,64,49,47,59,93,111,124,71,42,10,7,10,0,0
2,0,5,9,11,9,44,100,121,67,56,38,53,52,62,115,145,58,41,14,14,13,13,9
2,9,0,11,21,28,21,71,65,61,51,14,51,69,74,69,56,45,14,4,7,4,9,2
8,0,0,9,16,10,26,71,58,42,13,14,15,52,58,57,52,18,6,0,0,0,6,10
0,0,0,1,11,6,34,49,66,25,10,12,13,43,50,50,14,9,2,4,0,0,0,2
2,3,0,6,12,8,39,54,41,14,7,7,12,34,31,13,7,6,0,8,0,0,0,0
0,0,0,0,6,6,30,45,37,14,10,8,7,14,9,0,1,0,0,0,0,0,0,0
0,0,8,6,0,1,26,50,14,6,8,12,11,11,9,4,0,0,0,0,0,0,0,0
0,0,0,4,2,0,11,50,4,9,8,10,13,13,8,3,0,0,0,0,0,0,2,0
0,5,0,1,2,12,9,23,10,0,10,12,13,7,11,0,0,0,0,0,0,0,0,0
0,4,0,0,0,9,24,26,0,7,8,7,20,14,3,0,0,0,0,0,0,0,0,0
0,3,0,3,0,4,6,23,3,0,10,12,34,28,16,9,7,0,0,0,0,0,1,0
8,8,3,0,10,14,21,18,12,7,5,13,34,50,19,11,7,2,2,6,0,0,5,6
0,11,5,0,9,29,51,0,0,12,10,7,12,40,50,11,0,2,10,9,0,0,6,3
8,9,0,12,17,32,13,0,0,0,11,6,4,14,51,16,12,5,0,5,0,3,0,4

3,9,5,5,7,10,10,10,42,51,55,55,55,38,14,13,10,3,10,5,3,7,8,7
5,10,7,13,29,32,50,44,47,73,58,63,64,53,50,50,26,17,12,10,4,5,7,12
5,8,0,6,11,14,35,31,54,63,90,100,56,51,50,47,17,31,14,12,6,7,3,9
7,9,1,10,12,28,32,13,14,52,45,50,77,110,100,77,84,81,72,30,15,23,13,19
7,9,8,5,16,24,48,52,68,83,66,76,70,100,100,111,93,100,100,76,64,56,53,53
0,0,1,8,18,22,70,90,118,153,107,81,67,59,53,63,50,56,57,66,72,72,69,63
4,12,15,55,74,113,128,122,119,116,108,101,77,84,82,91,68,53,15,36,35,53,56,60
52,54,85,98,86,122,85,71,77,79,81,87,103,91,95,99,93,63,23,10,11,14,7,12
61,61,66,67,63,47,19,67,87,115,115,117,86,81,106,120,98,70,56,44,7,9,1,4
53,58,51,44,8,2,14,69,98,134,160,183,149,93,105,107,105,82,56,27,10,5,0,0
10,13,0,8,10,1,14,61,103,144,214,219,172,137,116,127,121,93,65,19,14,14,10,6
0,6,1,0,9,13,52,91,111,139,187,184,164,159,144,159,176,133,61,53,20,7,0,0
9,2,7,1,9,12,37,82,111,126,170,157,140,140,134,131,115,106,74,59,41,46,14,11
0,0,0,0,12,4,12,74,108,118,120,118,123,128,121,115,110,86,60,51,15,17,12,9
9,5,6,12,12,14,17,35,78,105,108,113,112,102,73,81,103,57,50,18,9,11,6,0
2,4,12,2,7,9,21,42,57,69,110,110,95,84,69,85,100,55,50,10,3,0,0,3
2,0,0,0,10,12,41,45,54,60,65,101,90,106,77,73,91,84,61,14,6,0,0,6
11,6,2,5,13,14,33,53,87,91,99,101,119,127,97,84,73,64,55,36,26,12,6,2
0,0,12,11,14,25,50,72,111,101,107,128,139,138,111,73,106,108,103,58,8,5,5,0
0,2,11,13,13,48,84,118,128,129,131,146,149,146,126,116,107,74,78,47,9,6,0,0
8,10,10,12,20,33,100,116,137,137,132,132,162,169,106,86,112,103,56,35,14,10,0,0
7,8,12,17,31,44,81,126,157,143,159,172,201,173,129,120,121,110,75,56,15,11,0,2
7,1,7,12,39,52,106,131,142,144,137,128,134,132,116,118,127,111,74,39,26,14,5,0
0,0,10,12,16,64,111,133,146,140,142,126,107,108,117,122,128,116,101,55,27,8,5,6
0,3,2,12,25,65,104,123,140,137,140,120,106,105,107,112,118,107,100,45,6,10,0,0
0,3,4,6,11,72,107,117,129,126,134,114,105,102,105,108,112,107,100,50,13,12,10,2
9,0,0,8,11,43,101,113,116,113,116,103,63,94,103,102,103,100,67,13,13,8,7,4
7,4,5,0,5,13,102,108,114,105,106,67,75,94,100,103,83,100,59,13,9,6,6,1
6,0,0,0,4,0,69,107,107,108,96,58,52,65,75,100,107,98,23,30,10,5,7,0
0,0,0,0,0,0,43,143,160,55,65,49,48,59,93,112,124,72,42,10,7,10,0,0
2,0,5,9,11,9,43,100,121,67,56,39,53,52,62,115,145,58,41,14,14,13,13,9
2,9,0,12,21,28,21,71,65,61,51,15,50,69,74,69,56,47,14,4,7,4,9,2
8,0,0,9,15,10,27,71,58,43,13,14,15,52,58,57,52,17,6,0,0,0,6,10
0,0,0,1,11,6,35,50,66,27,10,12,13,43,51,50,15,10,2,4,0,0,0,2
3,3,0,6,12,8,40,54,41,14,7,8,12,34,30,13,7,6,0,8,0,0,0,0
0,0,0,0,6,7,31,46,38,14,10,8,7,14,9,0,1,0,0,0,0,0,0,0
0,0,8,6,0,1,26,50,14,5,8,12,11,11,9,4,0,0,0,0,0,0,0,0
0,0,0,4,2,0,11,50,4,9,8,10,13,13,8,3,0,0,0,0,0,0,2,0
0,5,0,1,2,12,9,24,10,0,10,12,13,7,11,0,0,0,0,0,0,0,0,0
0,4,0,0,0,9,23,25,0,7,8,7,19,14,3,0,0,0,0,0,0,0,0,0
0,3,0,3,0,4,6,23,3,0,10,12,34,28,16,9,7,0,0,0,0,0,1,0
8,8,3,0,10,14,22,18,12,7,5,13,37,50,21,11,8,2,2,6,0,0,5,6
0,11,5,0,9,30,51,0,0,12,11,7,12,40,50,11,0,2,10,9,0,0,6,3
8,9,0,12,17,32,13,0,0,0,12,6,4,14,51,16,12,5,0,5,0,3,0,4

3,9,5,5,7,10,10,10,42,51,55,55,55,37,14,13,10,3,10,5,3,7,8,7
5,10,7,13,28,29,45,44,47,71,58,63,63,53,50,50,24,19,12,10,4,5,7,12
5,8,0,6,11,14,35,31,54,62,89,100,56,51,50,47,17,33,14,12,6,7,3,9
7,9,1,10,12,28,32,13,14,52,45,50,77,110,100,78,85,82,72,31,15,23,13,19
7,9,8,5,16,24,50,53,68,83,67,76,70,100,100,111,93,100,100,76,64,56,53,53
0,0,1,8,19,22,70,90,118,153,107,82,67,59,53,64,50,56,57,66,72,71,69,63
4,12,15,55,74,113,128,123,119,116,108,101,77,84,82,91,68,53,16,36,36,53,56,60
52,54,85,98,86,122,84,71,76,79,81,87,104,92,96,99,94,63,22,10,11,14,7,13
61,61,66,67,63,48,20,67,87,115,116,118,86,82,107,121,98,70,56,46,7,9,1,4
53,58,51,44,9,2,14,69,99,134,161,185,150,93,106,108,106,82,56,28,10,5,0,0
11,13,1,8,10,1,15,61,103,145,216,220,175,138,117,128,121,94,65,20,15,14,10,6
0,6,1,0,9,14,52,92,112,139,187,184,164,159,143,159,176,133,61,53,21,7,0,0
9,3,7,1,9,12,36,81,111,126,170,157,139,139,133,130,115,106,74,59,41,46,13,11
0,0,0,0,12,4,12,74,108,118,120,118,122,127,120,115,110,86,60,51,15,18,13,9
9,6,6,12,12,14,17,35,77,105,108,112,112,101,72,80,103,57,50,17,9,11,6,0
2,4,12,2,8,9,21,42,57,69,110,109,94,84,69,84,100,55,50,10,2,0,0,4
2,0,0,0,10,12,43,46,54,60,65,101,89,105,76,73,91,84,61,14,6,0,0,6
11,6,2,5,13,14,33,53,88,92,99,101,118,126,96,84,73,65,55,37,26,13,6,2
0,0,12,11,14,25,50,72,111,102,107,128,138,138,111,72,106,109,103,58,8,5,5,0
0,2,11,13,13,48,84,119,128,129,131,146,149,146,125,116,107,75,78,47,9,6,0,0
8,10,10,12,20,33,100,116,137,137,132,132,162,169,106,87,112,103,56,35,14,10,0,0
7,8,12,17,31,44,80,126,157,143,159,172,201,174,129,120,121,111,75,55,15,11,0,2
7,1,7,12,39,52,106,131,142,144,137,128,134,132,116,118,127,112,74,39,26,14,5,0
0,0,10,12,16,64,111,133,146,140,142,126,107,109,117,122,128,116,101,55,29,8,6,6
0,3,2,12,25,65,104,123,140,137,140,120,106,105,107,112,118,107,100,44,6,10,0,0
0,3,4,6,11,74,107,117,129,127,134,114,105,102,105,108,112,107,100,50,13,12,10,2
9,0,0,8,11,43,101,113,116,113,116,103,63,94,103,102,103,100,68,13,13,8,7,4
7,4,5,0,5,13,102,108,114,105,106,67,76,94,100,103,83,100,60,13,9,6,6,1
6,0,0,0,4,0,67,107,107,108,95,59,52,65,75,100,107,97,23,30,10,5,7,0
0,0,0,0,0,0,43,143,160,55,65,49,48,59,93,112,125,72,41,10,7,10,0,0
2,0,5,9,11,9,44,100,121,67,56,38,53,52,62,115,145,58,41,14,14,13,13,9
2,9,0,12,21,28,22,71,65,61,51,16,51,70,74,69,56,47,14,4,7,4,10,2
8,0,0,9,16,10,27,71,58,42,13,14,15,52,58,57,52,16,6,0,0,0,6,10
0,0,0,1,11,6,34,50,66,25,10,12,13,43,51,50,14,10,2,4,0,0,0,2
3,3,0,6,12,8,39,54,41,14,7,7,12,34,30,13,7,6,0,8,0,0,0,0
0,0,0,0,6,7,31,46,39,14,10,8,7,14,9,0,1,0,0,0,0,0,0,0
0,0,8,6,0,1,28,50,14,6,8,13,11,11,9,4,0,0,0,0,0,0,0,0
0,0,0,4,2,0,11,50,4,9,8,10,13,13,8,3,0,0,0,0,0,0,2,0
0,5,0,1,2,12,9,24,10,0,10,12,13,7,11,0,0,0,0,0,0,0,0,0
0,4,0,0,0,9,24,26,0,7,8,7,19,14,3,0,0,0,0,0,0,0,0,0
0,3,0,2,0,4,6,23,3,0,10,12,34,27,17,9,7,0,0,0,0,0,1,0
8,8,3,0,10,14,24,19,12,7,5,13,37,51,20,11,8,2,2,6,0,0,6,6
0,11,5,0,9,30,51,0,0,12,11,7,12,38,50,11,0,2,10,9,0,0,6,3
8,9,0,12,17,32,13,0,0,0,11,6,4,14,51,16,12,5,0,5,0,3,0,4

3,9,5,5,8,10,10,10,40,50,54,54,54,37,14,13,10,3,10,6,4,7,8,7
5,10,7,14,28,29,44,43,46,71,57,62,63,53,50,50,22,20,12,10,4,5,7,12
5,8,0,6,11,14,35,30,53,62,88,100,56,51,48,45,16,33,14,12,7,7,3,9
7,9,1,10,12,28,32,13,14,52,45,50,79,110,100,78,86,83,73,31,15,23,13,19
7,9,8,5,16,24,49,53,68,83,66,76,71,100,100,112,94,100,100,76,64,56,53,53
0,0,1,8,19,23,71,90,119,155,108,82,68,60,53,64,50,56,57,66,72,72,69,63
4,12,15,55,74,113,128,123,120,116,109,101,77,85,82,92,69,53,17,35,35,53,56,60
52,54,85,98,86,122,85,71,77,80,81,88,104,92,96,99,95,63,23,10,11,14,7,13
61,61,67,67,63,48,21,67,87,115,116,118,87,82,107,121,99,71,57,46,7,9,2,4
53,58,51,44,9,2,14,69,99,135,161,186,150,93,106,108,106,82,56,28,10,5,0,0
10,13,1,8,10,1,16,61,104,145,217,221,176,138,117,128,121,94,66,21,15,14,10,6
0,6,1,0,9,14,53,92,112,140,187,184,164,158,143,159,177,133,61,53,20,7,0,0
9,3,7,1,9,12,36,81,111,125,171,157,138,138,132,130,115,107,74,59,41,45,14,11
0,0,0,0,12,4,12,74,108,119,120,117,122,127,120,114,110,85,60,50,15,18,13,9
9,5,6,12,12,14,17,35,77,105,108,112,111,100,72,80,102,56,50,16,8,11,6,0
2,4,12,2,8,9,22,41,57,69,110,109,93,83,68,84,100,55,50,10,2,0,0,3
2,0,0,0,10,12,42,46,54,59,65,101,89,105,76,73,90,84,61,14,6,0,0,6
11,6,2,5,13,14,33,53,88,92,99,100,118,126,95,83,73,65,56,37,26,13,6,2
0,0,12,11,14,26,50,72,112,102,106,128,138,138,110,72,106,109,104,59,8,5,5,0
0,2,11,13,13,49,86,119,128,130,132,146,149,146,125,116,107,75,79,48,9,6,0,0
8,10,10,12,20,33,100,116,137,137,132,132,162,169,106,87,112,104,56,35,14,10,0,0
7,8,12,17,31,44,81,127,157,143,159,172,201,174,129,120,121,111,75,55,16,11,0,3
7,1,7,12,39,52,106,131,142,144,137,128,134,132,116,118,127,112,74,39,26,14,5,0
0,0,10,12,17,64,111,133,146,140,142,126,107,109,117,122,127,116,101,55,29,8,5,6
0,3,2,12,25,65,104,123,140,137,140,120,106,105,107,112,118,107,100,45,6,10,0,0
0,3,4,7,11,74,107,117,129,127,134,114,105,102,105,108,112,107,100,50,13,12,10,2
9,0,0,8,11,43,101,113,116,113,116,103,63,94,103,102,103,100,67,13,13,8,7,4
7,4,5,0,5,13,102,108,114,105,106,67,75,95,100,103,83,100,60,13,9,6,6,1
6,0,0,0,4,0,69,107,107,108,95,59,52,65,74,100,107,97,23,31,10,5,7,0
0,0,0,0,0,0,44,143,160,55,65,49,48,59,93,112,125,72,42,10,7,10,0,0
2,0,5,9,11,9,43,100,120,67,56,38,53,52,62,114,145,58,41,14,14,13,13,9
2,9,0,12,21,28,21,71,65,61,51,17,51,69,74,69,56,45,14,4,7,4,10,2
8,0,0,9,16,10,26,71,58,43,13,14,15,52,58,57,52,17,6,0,0,0,6,10
0,0,0,1,11,6,34,50,66,27,10,12,13,43,51,50,14,10,2,4,0,0,0,2
3,3,0,6,12,8,39,54,41,14,7,8,12,34,31,13,7,6,0,8,0,0,0,0
0,0,0,0,6,7,30,45,38,14,10,8,7,14,9,0,1,0,0,0,0,0,0,0
0,0,8,6,0,1,25,50,14,6,8,12,11,11,9,5,0,0,0,0,0,0,0,0
0,0,0,4,2,0,11,50,3,9,8,10,13,13,8,3,0,0,0,0,0,0,3,0
0,5,0,1,2,12,9,25,10,0,10,12,13,7,11,0,0,0,0,0,0,0,0,0
0,4,0,0,0,9,24,26,0,7,8,7,19,14,3,0,0,0,0,0,0,0,0,0
0,3,0,3,0,4,6,24,3,0,10,12,33,27,16,9,7,0,0,0,0,0,1,0
8,8,3,0,10,14,24,18,12,7,5,13,36,51,19,11,8,3,2,6,0,0,6,6
0,11,5,0,9,30,51,0,0,12,10,7,12,38,50,11,0,2,10,9,0,0,6,3
8,9,0,12,17,32,13,0,0,0,11,6,4,14,51,17,12,5,0,5,0,3,0,4

3,9,6,6,8,10,10,10,40,50,53,54,54,36,14,13,10,3,10,6,4,7,8,7
5,10,7,14,29,31,48,44,46,71,58,62,63,52,50,50,25,19,12,10,4,5,7,12
5,8,0,6,11,14,36,31,54,62,88,100,56,51,50,47,17,34,14,12,7,7,3,9
7,9,2,10,12,28,32,13,14,52,46,51,80,110,100,78,85,83,73,30,15,24,13,19
7,9,8,5,16,24,50,53,68,84,67,76,71,100,101,112,94,100,100,76,64,56,53,53
0,0,1,8,19,22,71,91,119,156,108,82,67,60,53,64,50,56,57,66,72,72,69,63
4,12,15,55,74,113,128,123,120,116,108,101,77,85,82,91,69,53,17,36,35,53,56,60
52,54,86,98,86,122,85,71,77,80,81,88,104,92,96,99,94,63,24,10,11,14,7,13
61,61,67,67,63,48,20,67,87,115,116,118,87,82,108,121,99,71,57,47,7,9,2,4
53,58,51,44,9,2,14,69,99,135,162,187,151,94,107,109,107,82,56,28,10,5,0,0
11,13,1,8,10,1,16,61,104,146,218,222,177,139,118,129,122,94,66,20,15,14,10,7
0,6,1,0,9,14,52,92,112,139,187,184,164,158,143,159,177,133,61,53,21,7,0,0
9,3,8,1,9,12,36,81,110,125,171,157,138,138,132,129,116,107,74,59,41,46,13,11
0,0,0,0,12,4,12,74,108,119,120,117,121,126,119,114,110,85,60,51,15,17,13,9
9,6,6,12,12,14,17,35,77,105,107,112,111,100,71,80,102,57,50,16,8,11,6,0
2,4,12,2,8,9,20,42,57,69,110,109,93,83,68,83,100,55,50,10,2,0,0,3
2,0,0,0,10,12,43,46,54,60,65,101,88,104,76,72,90,84,62,14,7,0,0,6
11,6,2,5,13,14,33,54,89,93,99,100,117,125,95,83,73,65,56,37,26,13,6,2
0,0,12,11,14,26,50,72,112,103,107,128,138,137,110,72,106,110,104,59,8,5,5,0
0,2,11,13,13,48,86,119,128,130,132,146,149,146,125,116,107,75,80,48,9,6,0,0
8,10,10,12,20,33,100,116,137,137,132,132,162,169,106,86,112,104,56,35,14,10,0,0
7,8,12,17,31,44,81,127,158,143,159,173,201,173,129,120,121,111,75,56,16,11,0,2
7,1,7,12,39,52,106,131,142,144,137,128,134,132,116,118,127,112,74,39,26,14,5,0
0,0,10,12,17,65,111,133,146,139,142,126,107,108,117,122,128,116,101,55,29,8,5,6
0,3,2,12,25,65,104,123,140,137,140,120,106,105,107,112,118,107,100,45,6,10,0,0
0,3,4,7,11,75,107,117,129,126,134,114,105,102,105,108,112,107,100,50,13,12,10,2
9,0,0,8,11,41,101,113,116,113,116,103,63,95,103,102,103,100,67,13,13,8,7,4
7,4,5,0,5,14,102,108,114,105,106,67,75,94,100,104,83,99,60,13,9,6,6,1
6,0,0,0,4,0,68,107,107,108,95,59,52,65,74,100,107,97,24,30,10,5,7,0
0,0,0,0,0,0,43,143,160,55,65,49,47,59,93,112,125,72,42,10,7,10,0,0
2,0,5,9,11,9,43,100,120,67,56,38,53,52,62,114,145,58,41,14,14,13,13,9
2,9,0,12,21,28,21,70,65,61,51,16,51,69,74,69,56,45,14,4,7,4,9,2
8,0,0,9,16,10,26,71,58,41,13,14,15,52,58,57,52,17,6,0,0,0,6,10
0,0,0,1,11,6,35,50,66,27,10,12,13,43,51,50,14,10,2,4,0,0,0,2
3,3,0,6,12,8,39,54,41,14,7,8,12,34,31,13,7,6,0,8,0,0,0,0
0,0,0,0,6,7,31,45,39,14,10,8,6,14,9,0,1,0,0,0,0,0,0,0
0,0,8,6,0,1,26,50,14,6,8,13,11,11,9,4,0,0,0,0,0,0,0,0
0,0,0,4,2,0,11,50,3,9,8,10,13,13,8,3,0,0,0,0,0,0,3,0
0,5,0,1,2,12,9,24,10,0,10,12,13,7,11,0,0,0,0,0,0,0,0,0
0,4,0,0,0,9,24,26,0,7,8,7,19,14,3,0,0,0,0,0,0,0,0,0
0,3,0,3,0,4,6,24,3,0,10,12,31,28,17,9,7,0,0,0,0,0,1,0
8,8,3,0,10,14,22,18,12,7,5,13,33,51,20,11,8,3,2,6,0,0,5,6
0,11,5,0,9,30,51,0,0,12,10,7,12,40,50,11,0,2,10,9,0,0,6,3
8,9,0,12,17,33,13,0,0,0,11,6,4,14,51,17,12,5,0,5,0,3,0,4

3,9,6,6,8,10,10,10,42,51,55,54,55,38,15,13,10,4,10,5,3,7,9,7
5,10,7,14,29,32,47,45,47,72,58,63,63,53,50,50,24,17,12,10,5,5,8,12
5,8,0,6,11,16,37,31,54,63,90,101,56,51,50,45,16,31,14,12,7,8,4,9
7,9,2,10,12,29,33,13,14,52,46,52,78,110,100,77,84,81,71,30,15,24,13,19
7,9,8,5,16,24,49,53,67,83,66,75,70,100,100,111,93,100,100,76,64,56,53,53
0,0,1,8,18,21,71,90,117,152,105,81,66,59,53,63,50,56,57,66,72,71,69,63
4,12,15,55,74,113,127,123,118,114,106,100,76,84,81,89,68,53,15,36,36,53,56,60
52,54,85,98,86,121,85,71,76,78,80,87,103,91,95,97,93,63,22,11,11,14,7,12
61,61,66,67,63,48,19,67,86,114,115,118,86,82,108,121,98,70,56,46,8,9,2,4
53,58,51,44,8,2,14,69,98,133,161,188,151,94,107,110,107,82,56,27,11,5,0,0
10,13,0,8,10,2,15,61,104,146,218,225,180,140,119,130,122,93,66,21,16,15,10,7
0,6,1,0,9,14,52,92,112,139,187,185,166,159,144,161,178,132,61,53,20,7,0,0
9,3,7,1,9,12,37,81,111,125,172,160,139,138,132,130,116,107,74,59,41,46,14,11
0,0,0,0,12,4,12,74,108,119,121,117,122,127,119,114,110,85,60,51,15,18,13,9
9,6,6,12,12,14,18,36,78,105,108,112,111,100,71,80,102,57,50,16,8,11,6,0
2,4,12,2,8,9,22,42,58,69,110,109,94,83,68,84,100,55,50,10,2,0,0,3
2,0,0,0,10,12,45,48,54,60,65,101,89,105,76,73,90,85,62,14,7,0,0,6
11,6,2,6,13,14,33,54,90,94,100,101,118,125,95,83,73,66,56,37,26,13,6,2
0,0,12,11,14,26,50,73,112,103,107,128,138,137,110,72,106,110,104,59,8,5,5,0
0,2,11,13,13,48,85,119,128,130,132,146,148,145,125,116,107,75,80,47,9,6,0,0
8,10,10,13,20,34,100,116,137,137,132,132,161,168,105,87,112,104,56,35,14,10,0,0
7,8,12,17,31,44,81,127,157,143,159,172,201,173,129,120,121,111,75,55,15,11,0,2
7,1,7,12,39,52,106,131,142,144,137,128,134,131,116,118,126,111,74,39,26,14,5,0
0,0,10,12,16,64,111,133,146,139,142,126,107,108,117,122,127,116,101,55,29,8,5,6
0,3,2,12,25,66,104,123,140,137,140,120,106,105,107,112,118,107,100,45,6,10,0,0
0,3,4,7,11,75,107,117,129,126,134,114,105,102,105,108,112,107,100,50,13,12,10,2
9,0,0,8,11,43,101,113,116,113,116,103,63,94,103,102,103,100,67,13,13,8,8,4
7,4,5,0,5,13,102,107,114,105,105,67,75,94,100,103,83,100,60,13,9,6,6,1
6,0,0,0,4,0,68,107,107,108,96,58,52,65,75,100,107,97,22,33,10,5,7,0
0,0,0,0,0,0,44,143,160,54,65,49,48,58,93,112,125,72,42,10,7,10,0,0
3,0,5,9,11,9,43,99,120,67,56,38,53,52,62,114,145,58,41,14,14,13,13,9
2,9,0,11,21,28,22,70,65,61,51,16,51,69,73,69,56,46,14,4,7,4,10,2
8,0,0,9,16,10,27,71,58,41,13,14,15,52,58,57,52,18,6,0,0,0,6,10
0,0,0,1,11,6,35,50,66,27,10,12,13,43,51,50,14,10,2,4,0,0,0,2
3,3,0,6,12,8,39,54,41,14,8,7,12,34,31,14,7,6,0,8,0,0,0,0
0,0,0,0,6,7,30,46,38,14,10,8,6,14,9,0,1,0,0,0,0,0,0,0
0,0,8,6,0,1,27,50,14,6,8,12,11,11,9,5,0,0,0,0,0,0,0,0
0,0,0,4,2,0,10,50,4,9,8,10,13,13,8,3,0,0,0,0,0,0,3,0
0,5,0,1,2,12,9,25,10,0,10,12,13,7,11,0,0,0,0,0,0,0,0,0
0,4,0,0,0,9,24,27,0,7,8,7,18,14,3,0,0,0,0,0,0,0,0,0
0,3,0,3,0,4,6,24,3,0,10,12,31,27,16,9,7,0,0,0,0,0,1,0
8,8,3,0,10,14,26,18,12,7,5,13,34,51,21,11,8,3,1,6,0,0,5,6
0,11,5,0,9,30,51,0,0,12,10,7,11,41,50,11,0,2,10,9,0,0,6,3
8,9,0,12,17,33,13,0,0,0,11,6,3,14,51,17,12,5,0,5,0,3,0,4

3,9,6,6,8,10,10,10,43,52,55,55,55,38,15,14,10,4,10,5,3,7,9,7
5,10,7,14,31,35,50,45,47,73,58,63,64,53,50,50,24,17,12,10,5,5,8,12
5,8,0,6,11,19,37,31,54,63,91,101,56,51,50,45,17,33,14,12,7,8,4,9
7,9,2,10,12,30,33,13,14,52,47,52,78,110,100,77,85,81,71,30,15,23,13,19
7,9,9,5,16,24,50,52,67,82,66,76,71,100,100,112,93,100,100,76,64,56,53,53
0,0,1,8,18,21,70,89,115,148,104,80,66,59,52,63,50,56,57,66,72,71,69,63
4,12,15,55,74,112,127,122,117,113,105,99,76,83,81,88,67,52,15,36,36,53,56,60
53,54,85,97,86,121,85,70,75,77,79,86,103,91,94,96,92,63,20,11,11,14,7,13
61,60,66,67,63,48,18,66,85,112,114,118,86,82,108,121,97,70,56,46,8,9,2,4
53,58,51,44,9,2,14,68,96,131,160,189,153,95,108,111,107,82,56,28,11,5,0,0
10,13,0,8,10,2,14,61,103,144,216,226,182,142,121,131,122,93,66,21,17,15,10,7
0,6,1,0,9,14,52,92,111,138,186,186,168,160,145,163,179,132,61,53,21,7,0,0
9,3,8,1,9,12,37,81,110,125,172,162,139,138,132,130,116,107,74,59,41,48,13,11
0,0,0,0,12,4,12,74,108,119,121,117,122,127,119,114,110,86,60,51,16,18,13,9
9,6,6,12,12,14,18,36,78,105,108,112,111,100,71,80,102,57,50,17,9,11,7,0
2,4,12,3,8,9,22,44,58,70,110,109,94,83,68,84,100,55,50,10,2,0,0,3
2,0,0,0,10,13,45,49,54,60,65,101,89,105,76,73,90,84,63,14,7,0,0,6
11,6,2,6,13,14,33,54,90,95,100,101,118,125,95,83,73,66,56,38,26,13,7,2
0,0,12,11,14,26,50,73,112,103,107,128,138,137,110,72,106,110,104,59,8,5,5,0
0,2,11,13,13,48,86,119,129,130,132,146,148,145,125,116,107,75,79,47,9,6,0,0
8,10,10,13,21,34,100,116,137,137,132,132,161,168,105,87,112,104,56,35,14,10,0,0
7,8,12,17,31,45,81,127,157,143,159,172,201,173,129,120,121,111,75,55,16,11,0,2
7,1,7,12,39,52,106,131,142,144,137,128,134,131,116,118,126,111,74,39,26,14,5,0
0,0,10,13,16,64,111,133,146,139,142,126,107,108,117,122,127,116,100,55,27,8,5,6
0,3,2,12,26,66,104,123,140,137,140,120,106,105,107,112,118,107,100,45,6,10,0,0
0,3,4,7,11,75,107,117,129,126,134,114,105,102,105,108,112,107,100,50,13,12,10,2
9,0,0,8,11,43,101,113,116,113,116,103,63,94,103,102,103,100,66,13,13,8,7,4
7,4,5,0,5,13,102,108,114,105,106,67,75,94,100,103,82,99,59,13,9,6,6,1
6,0,0,0,4,0,69,107,107,108,95,59,52,65,74,100,107,97,23,33,10,5,7,0
0,0,0,0,0,0,44,144,160,55,65,49,48,59,93,112,125,72,42,10,7,10,0,0
2,0,5,9,11,9,43,99,120,67,56,38,53,52,62,114,145,58,41,14,14,13,13,9
2,9,0,12,21,28,22,70,65,61,51,15,50,69,73,69,56,46,14,4,7,4,10,2
8,0,0,9,16,10,27,71,58,41,13,14,15,52,58,57,52,17,6,0,0,0,6,10
0,0,0,1,11,6,35,50,66,26,10,12,13,43,51,50,15,10,2,4,0,0,0,2
3,3,0,6,12,8,39,54,41,14,7,8,12,34,32,14,7,6,0,8,0,0,0,0
0,0,0,0,6,7,31,46,39,14,10,8,7,14,9,0,1,0,0,0,0,0,0,0
0,0,8,6,0,1,26,50,14,6,8,12,11,11,9,5,0,0,0,0,0,0,0,0
0,0,0,4,2,0,11,50,4,9,8,10,13,13,8,3,0,0,0,0,0,0,3,0
0,5,0,1,2,12,9,25,10,0,10,12,13,7,11,0,0,0,0,0,0,0,0,0
0,4,0,0,0,9,24,26,0,7,8,7,19,14,3,0,0,0,0,0,0,0,0,0
0,3,0,3,0,4,6,25,3,0,10,12,31,28,16,9,7,0,0,0,0,0,1,0
8,8,3,0,10,14,25,18,12,7,5,13,34,51,20,11,8,3,1,6,0,0,6,6
0,11,5,0,9,31,51,0,0,12,11,7,12,41,50,11,0,2,10,9,0,0,6,3
8,9,0,12,17,33,13,0,0,0,12,6,3,14,51,18,12,5,0,5,0,3,0,4

3,9,6,6,8,10,10,10,44,52,55,55,55,38,15,13,10,4,10,5,3,7,8,7
5,11,7,14,31,35,50,45,48,73,58,63,64,53,50,50,24,17,12,10,5,5,8,12
5,8,0,6,11,17,38,31,54,63,91,101,56,51,50,47,17,33,14,12,7,8,4,9
7,9,2,10,12,30,33,13,14,53,48,52,77,110,100,77,84,81,71,30,16,23,13,20
7,9,9,5,16,24,50,52,67,82,66,75,71,100,100,112,93,100,100,76,63,56,53,53
0,0,1,8,19,21,70,90,116,149,104,81,66,59,53,63,50,56,57,66,72,72,69,63
5,12,15,55,74,113,127,122,118,114,105,99,76,83,81,89,68,52,15,36,37,53,56,60
53,54,85,98,86,121,85,71,75,77,79,86,103,91,94,97,92,63,22,10,11,14,7,13
61,61,66,67,63,48,19,66,85,112,114,117,86,82,107,121,97,70,56,46,8,9,2,4
53,58,51,44,9,2,14,68,97,132,159,186,150,93,107,109,106,82,56,28,11,5,0,0
10,13,0,8,10,2,14,61,104,145,216,223,179,140,119,130,122,93,66,22,16,15,10,7
0,6,1,0,9,14,53,92,112,139,187,186,167,160,145,163,180,133,61,53,22,8,0,0
9,3,8,1,9,12,37,82,111,125,173,161,139,138,132,130,116,107,75,59,41,47,14,11
0,0,0,0,12,4,12,75,109,119,121,117,122,127,119,114,110,86,61,51,18,20,13,9
10,6,6,12,12,14,18,36,79,105,108,112,111,100,71,80,102,57,50,18,9,11,7,0
2,5,12,3,8,9,22,44,57,70,110,109,93,83,68,84,100,55,51,10,3,0,0,4
2,0,0,0,10,13,45,49,54,60,65,101,88,105,76,73,90,85,63,14,7,0,0,6
11,6,2,6,13,14,33,54,90,94,100,100,117,125,95,83,73,66,56,38,26,13,7,2
0,0,12,11,14,26,50,73,112,103,107,128,138,137,110,72,106,110,104,59,8,5,5,0
0,2,11,13,13,49,85,119,128,130,132,146,148,145,125,115,107,75,79,48,9,6,0,0
8,10,10,12,21,34,100,116,137,137,132,131,161,168,105,86,112,103,56,35,14,10,0,0
7,8,12,17,31,45,81,127,157,143,159,172,200,173,129,120,120,111,74,55,16,11,0,3
7,1,7,12,39,52,106,131,142,144,137,127,134,131,116,118,126,111,74,39,26,14,5,0
0,0,10,12,17,64,111,133,145,139,142,126,107,108,117,122,127,116,101,55,29,8,5,6
0,3,2,12,26,67,104,123,140,137,140,120,106,105,107,112,118,106,100,45,6,10,0,0
0,3,4,7,11,77,107,117,129,126,134,114,105,102,105,108,112,107,100,50,13,12,10,2
9,0,0,8,11,43,101,113,116,113,116,103,63,94,103,102,103,100,67,13,13,8,7,4
7,4,6,0,5,14,102,108,114,105,106,67,75,94,100,103,83,99,60,13,9,6,6,1
6,0,0,0,4,0,69,107,107,108,95,58,52,65,74,100,107,97,22,31,10,5,7,0
0,0,0,0,0,0,44,144,161,55,65,49,48,59,94,112,125,72,43,11,7,10,0,0
2,0,5,9,11,9,43,99,120,67,56,38,53,52,62,114,145,58,41,14,14,13,13,9
2,9,0,12,21,28,22,71,65,61,51,15,50,70,73,69,56,46,14,4,7,4,10,2
8,0,0,9,16,10,27,71,58,43,13,14,15,52,58,57,52,17,6,0,0,0,6,10
0,0,0,1,11,6,36,50,66,29,10,12,14,43,51,50,15,10,2,4,0,0,0,2
3,3,0,6,12,8,39,54,41,14,7,8,12,34,30,14,7,6,0,8,0,0,0,0
0,0,0,0,6,7,31,46,38,14,10,8,7,14,10,0,1,0,0,0,0,0,0,0
0,0,8,6,0,1,26,51,14,6,8,12,11,11,9,5,0,0,0,0,0,0,0,0
0,0,0,4,2,0,11,50,4,9,8,10,13,13,9,3,0,0,0,0,0,0,3,0
0,5,0,1,2,12,9,26,10,0,10,12,13,7,11,0,0,0,0,0,0,0,0,0
0,4,0,0,0,9,24,27,0,7,8,7,19,14,3,0,0,0,0,0,0,0,0,0
0,3,0,3,0,4,7,25,3,0,10,12,33,28,16,9,7,0,0,0,0,0,1,0
8,8,3,0,10,14,25,17,12,7,4,13,34,51,21,11,8,3,2,6,0,0,6,6
0,11,5,0,9,31,51,0,0,12,10,7,12,42,50,11,0,2,10,9,0,0,6,3
8,9,0,12,17,33,13,0,0,0,12,6,4,14,51,18,12,5,0,5,0,3,0,4

3,9,5,6,8,10,10,10,44,51,55,55,55,38,15,13,10,4,10,5,3,7,8,7
6,10,7,14,31,33,50,46,47,73,58,63,64,53,50,50,24,19,12,10,5,5,8,12
5,8,0,6,11,17,37,32,54,63,92,101,56,51,50,47,17,33,14,12,7,8,4,9
7,9,2,10,12,30,33,13,14,53,48,52,78,110,100,78,85,81,72,31,16,23,13,20
7,10,8,5,16,24,50,52,68,82,66,76,71,100,101,112,94,100,100,76,64,56,53,53
0,0,1,8,19,21,71,90,118,152,106,81,67,60,53,63,50,56,57,66,72,72,69,63
4,12,15,55,74,113,127,122,118,114,106,99,76,83,81,89,68,53,15,35,36,53,56,60
53,54,85,97,86,122,85,71,75,78,80,86,103,91,94,97,93,63,22,11,11,14,7,13
61,61,66,67,63,48,18,67,85,112,114,116,85,82,107,120,97,70,56,44,7,9,2,4
53,58,51,44,9,2,14,68,97,132,158,184,149,93,106,108,105,82,56,28,11,6,0,0
10,13,0,8,10,2,14,61,103,144,215,221,176,139,118,128,121,93,65,21,16,14,10,7
0,6,1,0,9,14,53,91,112,140,188,185,167,160,145,162,179,134,61,53,22,8,0,0
9,3,8,1,9,12,37,82,111,126,173,160,140,139,133,131,116,107,75,59,42,47,13,11
0,0,0,0,12,4,13,75,109,119,121,118,122,128,121,115,110,86,60,51,18,20,13,9
10,6,6,12,12,14,18,36,78,105,108,112,112,101,72,80,103,57,50,18,9,11,7,0
2,5,12,2,8,9,22,44,58,70,111,110,94,84,69,84,100,55,51,10,3,0,0,4
2,0,0,0,10,12,43,47,54,60,65,101,89,105,76,73,91,84,62,14,7,0,0,6
11,6,2,6,13,14,33,54,89,92,99,101,118,126,96,83,73,65,56,37,26,13,7,2
0,0,12,11,14,25,50,72,111,102,107,128,138,138,110,72,106,109,103,58,8,5,5,0
0,2,11,13,13,48,85,118,128,129,131,146,148,145,125,115,107,75,79,47,9,6,0,0
8,10,10,12,20,33,100,116,137,137,131,131,161,168,105,86,112,103,56,35,14,10,0,0
7,8,12,17,31,44,81,126,157,143,158,172,200,172,129,119,120,110,74,55,15,11,0,3
7,1,7,12,39,52,106,131,142,144,137,128,134,131,116,117,126,111,74,39,26,14,5,0
0,0,10,12,16,64,111,133,145,139,142,126,107,108,117,122,127,116,100,55,27,8,5,6
0,3,2,12,25,66,104,122,140,137,140,120,106,105,107,112,118,106,98,45,6,10,0,0
0,3,4,7,11,75,107,117,129,126,134,114,105,102,105,108,112,107,100,50,14,12,10,2
9,0,0,8,11,43,101,113,116,113,116,103,62,93,103,102,103,100,66,13,13,8,7,4
7,4,6,0,5,14,102,108,114,105,106,67,75,94,100,103,83,99,60,13,9,6,6,1
6,0,0,0,4,0,69,107,107,108,96,59,52,65,74,100,107,97,23,31,10,5,7,0
0,0,0,0,0,0,43,143,161,55,64,49,48,59,93,112,125,72,43,11,7,10,0,0
3,0,5,9,11,9,43,99,120,67,56,38,53,52,62,114,146,58,41,14,14,13,13,9
2,9,0,12,21,28,21,71,65,61,51,17,51,69,74,69,56,46,14,4,7,5,10,2
8,0,0,9,16,10,27,71,58,42,14,14,15,52,58,57,52,17,6,0,0,0,6,10
0,0,0,1,11,6,35,50,66,29,10,12,14,43,51,50,15,10,2,4,0,0,0,2
3,3,0,6,12,8,39,54,41,14,7,8,12,34,32,14,7,6,0,8,0,0,0,0
0,0,0,0,6,7,31,46,40,14,10,9,7,14,10,0,1,0,0,0,0,0,0,0
0,0,8,6,0,1,26,51,14,6,8,12,11,11,9,5,0,0,0,0,0,0,0,0
0,0,0,4,2,0,11,50,4,9,8,10,13,13,9,3,0,0,0,0,0,0,3,0
0,5,0,1,2,12,9,27,10,0,10,12,13,7,11,0,0,0,0,0,0,0,0,0
0,4,0,0,0,9,24,27,0,7,8,7,20,14,4,0,0,0,0,0,0,0,0,0
0,3,0,3,0,4,7,25,3,0,10,12,34,29,17,9,7,0,0,0,0,0,1,0
8,8,3,0,10,14,25,18,12,7,5,13,37,51,21,11,8,3,2,6,0,0,6,6
0,11,5,0,9,30,52,0,0,12,11,7,12,42,51,11,0,2,10,9,0,0,6,3
8,9,0,12,17,33,13,0,0,0,12,6,4,14,51,17,12,5,0,5,0,3,0,4

3,9,5,5,8,10,10,11,44,52,55,55,55,39,15,13,10,4,10,5,3,7,9,7
6,11,7,14,29,32,48,46,48,73,58,63,64,53,50,50,24,17,12,10,5,5,8,12
5,8,0,6,11,16,37,31,54,63,92,101,56,51,50,47,17,33,14,12,7,8,4,9
7,9,2,10,12,30,33,13,14,53,48,52,79,110,100,78,85,82,72,31,15,24,13,20
7,10,9,5,16,24,50,53,68,83,67,75,71,100,101,112,95,100,100,76,64,56,53,53
0,0,1,8,19,21,70,90,119,153,106,81,67,60,53,64,50,56,57,66,72,72,69,63
5,12,15,55,74,113,127,122,119,115,107,99,76,83,82,90,68,53,15,36,37,53,56,60
53,54,85,98,86,122,85,71,75,78,80,86,102,91,94,97,93,63,23,10,11,14,7,13
61,61,66,67,63,48,19,67,85,112,113,116,85,81,107,120,97,70,56,45,7,9,2,4
53,58,51,44,9,2,14,68,97,131,157,183,148,93,106,107,105,81,56,28,11,5,0,0
10,13,0,8,10,2,14,61,103,144,214,219,175,138,117,128,121,93,65,21,16,14,10,7
0,6,1,0,9,14,53,92,112,140,188,185,167,161,145,161,178,134,61,54,22,8,0,0
9,3,8,1,9,12,37,82,111,126,172,160,141,140,134,132,116,107,75,60,41,47,14,11
0,0,0,0,12,4,13,75,109,119,121,118,123,129,122,116,110,86,61,51,20,19,13,9
9,6,6,12,12,14,18,36,79,106,108,113,112,101,73,81,103,57,50,19,9,11,7,0
2,5,12,2,8,9,22,42,58,69,111,110,95,84,69,85,100,55,51,10,3,0,0,4
2,0,0,0,10,12,43,45,54,60,65,101,90,106,77,73,91,84,61,14,7,0,0,6
11,6,2,6,13,14,32,53,87,91,99,101,119,127,96,84,73,65,55,36,26,13,6,2
0,0,12,11,14,25,50,72,111,101,106,128,139,138,111,72,106,108,103,57,8,5,5,0
0,2,11,13,13,47,84,118,127,129,131,146,148,145,125,115,107,74,78,46,9,6,0,0
8,10,10,12,20,33,100,116,137,137,131,131,161,167,105,86,111,103,56,35,14,10,0,0
7,8,12,17,31,44,80,126,156,142,158,171,200,172,128,119,120,110,73,55,14,11,0,3
7,1,7,12,39,52,106,130,142,144,137,127,133,131,116,117,126,111,73,39,26,14,5,0
0,0,10,12,15,64,111,133,146,139,142,126,107,108,117,122,127,116,100,55,27,8,5,6
0,3,2,12,25,66,104,122,140,137,139,120,106,105,107,112,118,106,100,47,6,10,0,0
0,3,4,7,11,75,107,117,129,126,134,114,105,102,105,108,112,107,100,50,13,12,10,2
9,0,0,8,11,41,101,113,116,113,116,103,62,93,103,102,103,100,67,13,13,8,7,4
7,4,6,0,5,14,102,108,114,105,106,67,75,93,100,103,83,100,60,13,9,6,6,1
6,0,0,0,4,0,67,107,107,108,96,58,52,65,74,100,107,97,23,33,10,5,7,0
0,0,0,0,0,0,43,143,160,55,65,49,47,59,93,112,125,72,42,11,7,10,0,0
3,0,5,9,11,9,43,100,121,68,56,38,53,52,62,115,146,58,41,14,14,13,13,9
3,9,0,12,21,28,22,71,65,61,51,17,51,70,74,69,56,46,14,4,7,5,10,2
8,0,0,9,16,10,27,71,58,42,14,14,16,52,58,57,52,17,6,0,0,0,6,10
0,0,0,1,11,6,34,50,66,27,10,12,14,43,51,50,15,10,2,4,0,0,0,2
3,3,0,6,12,8,40,54,41,14,8,8,12,35,31,14,7,6,0,8,0,0,0,0
0,0,0,0,6,7,31,46,40,14,10,8,7,14,10,0,1,0,0,0,0,0,0,0
0,0,8,6,0,1,27,51,14,6,8,12,11,11,9,5,0,0,0,0,0,0,0,0
0,0,0,4,2,0,11,50,4,9,8,10,13,13,9,3,0,0,0,0,0,0,3,0
0,5,0,1,2,12,9,28,10,0,10,13,13,7,12,0,0,0,0,0,0,0,0,0
0,4,0,0,0,9,24,28,0,7,8,7,21,14,4,0,0,0,0,0,0,0,0,0
0,4,0,3,0,5,7,25,3,0,10,12,36,30,18,9,7,0,0,0,0,0,1,0
8,8,3,0,10,14,25,17,12,7,4,13,38,51,20,11,8,3,2,6,0,0,6,6
0,11,5,0,9,30,51,0,0,12,11,7,12,45,51,11,0,2,10,9,0,0,7,3
8,9,0,12,17,33,13,0,0,0,12,6,4,14,51,17,12,6,0,5,0,3,0,4

3,9,5,5,8,10,10,11,45,52,55,56,55,40,17,14,10,4,10,5,3,7,9,7
6,10,7,13,29,33,50,46,48,74,59,64,65,53,50,50,24,17,12,10,5,5,8,12
5,8,0,6,11,15,37,32,54,63,93,101,57,52,50,47,18,33,14,12,7,8,4,9
7,9,2,10,12,29,33,13,14,53,50,52,79,110,100,78,85,81,72,31,16,24,13,20
7,10,8,5,16,24,50,53,68,83,67,76,71,100,100,112,94,100,100,76,64,56,53,53
0,0,1,8,19,22,71,90,119,153,106,81,67,60,53,63,50,56,57,66,72,72,70,63
5,12,15,55,74,113,127,122,118,115,107,99,76,83,82,90,68,53,15,36,37,53,56,60
53,55,85,97,86,121,85,71,76,78,80,86,102,90,94,97,93,63,22,10,11,14,7,13
61,61,66,67,63,48,19,67,86,113,114,116,85,81,106,120,97,70,56,44,7,9,3,4
53,58,51,44,9,2,14,68,97,132,157,182,147,92,105,107,105,81,56,28,11,6,0,0
10,13,0,8,10,2,14,61,103,143,213,218,173,137,116,127,121,93,65,21,15,14,10,7
0,6,1,0,9,14,53,92,112,140,188,185,167,161,145,161,177,134,61,53,22,8,0,0
9,3,8,2,9,12,37,82,111,126,172,159,142,141,135,132,116,107,74,60,42,47,14,11
0,0,0,0,12,4,13,74,109,118,121,119,124,129,123,116,111,86,61,51,20,20,13,9
10,6,6,12,12,14,17,36,78,106,108,113,113,102,74,81,103,57,50,19,9,11,7,0
2,5,12,2,7,9,20,41,58,69,111,110,96,85,69,85,100,55,52,10,3,0,0,4
2,0,0,0,10,12,42,46,54,60,66,102,90,107,77,74,91,84,61,14,6,0,0,6
11,6,2,5,13,14,32,53,86,90,99,102,120,128,97,85,73,64,55,36,26,12,6,2
0,0,12,11,14,25,50,71,110,100,106,128,139,138,111,73,106,108,102,57,8,5,5,0
0,2,11,13,13,46,84,118,127,129,131,146,149,145,125,115,107,74,77,47,8,6,0,0
8,10,10,12,20,33,100,115,136,136,131,131,161,167,104,85,111,103,56,35,13,9,0,0
7,8,12,17,31,44,80,126,156,142,157,171,199,171,128,119,120,110,73,55,14,11,0,2
7,1,7,11,39,52,106,130,141,144,137,127,133,131,116,117,126,111,72,39,26,14,5,0
0,0,10,12,15,64,111,133,145,139,142,126,107,108,117,122,127,115,100,54,27,8,5,6
0,3,2,12,25,65,104,122,140,136,139,120,106,105,107,112,117,106,98,45,6,10,0,0
0,3,4,6,11,75,107,117,129,126,134,114,105,102,105,108,112,107,100,50,13,12,10,2
9,0,0,8,11,43,101,113,116,113,116,103,63,94,103,102,103,100,67,13,13,8,7,4
7,4,6,0,5,14,102,108,114,105,106,67,75,94,100,103,82,100,60,13,9,6,6,1
6,0,0,0,4,0,69,107,107,108,96,59,52,65,74,100,107,98,22,33,10,5,8,0
0,0,0,0,0,0,43,143,160,55,65,49,48,58,93,112,125,72,43,11,7,10,0,0
3,0,5,9,11,9,44,100,121,68,56,38,53,52,62,115,147,58,41,14,14,13,13,9
3,9,0,12,21,28,22,71,65,61,51,17,51,70,74,69,56,46,14,4,7,4,10,2
8,0,0,9,15,10,27,71,58,43,14,14,16,52,58,57,52,17,7,0,0,0,6,10
0,0,0,1,11,6,34,50,66,29,11,12,14,43,51,50,14,10,2,4,0,0,0,2
3,3,0,6,12,8,40,54,41,14,7,8,12,35,32,14,7,6,0,8,0,0,0,0
0,0,0,0,6,7,31,46,39,14,10,8,7,14,10,0,1,0,0,0,0,0,0,0
0,0,8,6,0,1,27,51,14,6,8,13,11,11,9,5,0,0,0,0,0,0,0,0
0,0,0,4,2,0,11,50,4,9,8,10,13,13,9,3,0,0,0,0,0,0,3,0
0,5,0,1,2,12,9,29,10,0,11,13,13,7,12,0,0,0,0,0,0,0,0,0
0,4,0,0,0,9,24,27,0,7,8,7,21,14,4,0,0,0,0,0,0,0,0,0
0,4,0,3,0,5,7,26,3,0,10,12,35,30,18,9,7,0,0,0,0,0,1,0
8,8,3,0,10,14,25,18,12,7,4,13,39,51,21,11,8,3,2,6,0,0,6,6
0,11,5,0,9,30,52,1,0,12,11,7,12,45,50,12,0,2,10,9,0,0,7,3
8,9,0,12,17,33,13,0,0,0,12,6,4,14,51,18,12,6,0,5,0,3,0,4
