51,13,4,0,0,1,0,9,13,48,62,56,9,10,2,8,4,7,7,0,0,13,63,105
40,50,35,10,0,7,11,13,64,90,237,157,58,43,8,20,12,0,0,8,32,58,71,29
14,51,47,21,0,0,3,5,13,75,103,100,79,10,8,10,1,12,13,45,50,64,50,11
8,13,29,23,6,0,3,0,3,6,12,14,10,13,0,0,0,4,37,27,40,11,10,0
0,0,5,4,12,50,54,19,9,59,51,67,71,17,37,7,9,0,23,19,11,0,12,5
3,0,7,12,37,59,68,72,70,63,81,72,80,67,62,58,20,8,12,16,5,1,5,9
3,3,12,9,50,59,69,93,111,112,120,138,159,135,103,67,52,10,13,10,1,0,3,0
0,0,7,9,51,67,92,122,140,136,129,157,165,161,142,85,56,54,58,4,0,0,2,0
0,0,0,6,59,84,85,118,136,136,103,132,167,165,147,100,61,12,7,0,0,0,0,0
3,6,2,5,48,66,102,103,126,111,104,169,191,178,139,103,60,18,0,0,0,0,7,3
0,0,9,17,12,61,97,134,165,155,140,178,239,214,148,108,61,12,12,12,0,0,1,0
0,4,6,14,36,58,101,161,200,199,190,191,203,240,184,127,78,49,31,5,9,0,0,0
0,0,0,9,34,84,122,181,179,161,163,176,184,212,199,133,101,28,16,14,7,4,7,0
0,0,0,11,43,76,113,137,137,145,164,165,156,169,163,134,105,67,11,14,8,4,9,4
0,0,10,9,50,54,72,116,107,95,139,155,145,134,139,119,103,62,31,7,0,3,0,0
0,8,0,9,23,67,60,113,115,103,119,136,153,143,124,104,81,50,13,14,6,8,10,0
0,5,11,7,14,66,101,111,95,110,132,132,146,114,84,76,62,56,13,5,10,0,7,0
0,3,14,18,35,46,54,88,115,127,168,163,134,124,98,89,59,24,18,14,12,9,7,5
0,0,7,12,14,58,94,95,77,113,129,129,121,80,75,103,74,20,13,4,7,0,1,2
0,9,6,43,55,63,79,107,111,109,128,143,134,115,117,120,108,85,18,6,0,4,3,2
0,2,14,33,35,47,90,71,84,113,164,163,148,131,120,110,102,96,49,28,14,7,9,11
0,0,11,40,60,98,119,101,103,118,143,161,152,116,86,106,100,83,81,41,22,13,8,8
0,6,15,38,65,101,121,121,113,111,186,170,119,127,145,141,119,113,74,57,27,10,9,5
0,0,14,66,80,112,120,133,126,120,125,128,131,138,147,146,131,108,101,105,14,12,9,0
0,0,24,90,103,110,121,137,128,114,104,106,122,137,147,145,129,104,106,54,14,9,11,9
3,6,13,83,101,113,129,134,124,111,106,105,113,129,140,137,122,112,121,91,17,9,2,0
0,9,25,84,108,109,117,116,114,108,101,93,105,116,133,132,126,107,102,68,14,1,2,0
0,8,34,57,108,112,115,108,102,101,100,103,83,119,121,118,110,108,80,16,13,9,7,10
1,9,31,71,100,111,123,114,105,58,64,58,64,106,111,107,104,103,43,30,14,9,12,0
0,1,13,59,85,86,101,104,95,67,58,54,54,75,67,74,76,59,39,8,7,11,11,8
1,8,14,57,118,134,102,68,73,53,51,48,43,62,63,97,86,77,27,13,12,9,0,11
1,4,37,67,111,161,96,55,55,54,55,51,46,56,72,102,144,77,39,29,12,6,8,0
8,5,39,61,100,102,57,27,53,27,14,27,51,54,55,74,108,107,36,14,8,2,5,7
0,3,34,63,67,58,49,51,17,10,12,6,12,19,44,63,52,66,48,5,0,0,8,4
0,5,31,55,54,42,13,12,12,10,6,8,11,25,45,34,63,60,57,11,8,0,0,3
0,4,11,50,50,25,13,8,1,0,0,0,12,14,31,55,50,53,65,35,13,0,5,0
0,0,5,13,21,8,8,0,0,4,0,0,12,21,21,28,50,52,51,27,10,3,0,0
0,1,0,1,10,4,3,4,5,5,8,4,8,21,18,32,51,51,40,15,5,3,5,0
0,0,0,0,0,0,4,6,8,11,0,3,13,15,14,33,50,47,30,11,12,7,11,0
0,0,0,0,5,1,0,0,8,9,12,12,9,11,13,14,41,32,55,42,13,10,12,8
1,5,3,0,6,0,0,4,9,7,6,9,11,11,9,14,32,58,51,30,8,9,7,16
3,7,9,9,8,9,11,9,4,0,0,4,2,7,9,29,54,22,12,13,7,5,8,7
0,6,13,5,10,10,4,1,0,2,0,0,0,8,14,13,7,10,13,4,7,12,5,0
4,10,13,6,3,2,4,6,7,0,3,3,8,13,10,10,6,12,12,14,11,1,8,2

51,13,4,0,0,0,0,9,13,48,62,56,9,10,2,8,4,7,7,0,0,13,63,105
39,50,35,10,0,7,10,12,64,90,236,157,58,44,8,20,12,0,0,8,33,59,71,30
14,51,47,21,0,0,3,5,12,74,103,100,78,10,8,10,1,12,13,45,50,64,50,11
8,13,29,23,6,0,3,0,2,6,12,14,10,13,0,0,0,5,37,28,40,11,10,0
0,0,5,4,13,50,54,23,9,59,51,67,71,18,38,7,9,0,23,19,11,0,12,5
3,0,7,12,38,59,68,72,70,64,82,73,79,67,62,58,21,8,12,16,6,1,5,9
3,3,12,9,50,59,69,93,111,112,121,138,159,135,103,67,52,10,13,11,0,0,3,0
0,0,7,9,51,67,92,121,141,136,129,158,166,161,142,85,56,54,58,4,0,0,2,0
0,0,0,6,59,85,85,119,136,137,104,133,168,166,147,100,61,12,7,0,0,0,0,0
3,6,2,5,48,66,102,104,127,112,104,170,193,179,139,103,60,18,0,0,0,0,7,3
0,1,9,18,12,61,97,134,167,157,141,180,241,216,148,108,61,12,12,12,0,0,1,0
0,4,6,14,38,58,101,161,201,200,190,191,204,241,183,126,78,47,30,5,9,0,0,0
0,0,0,9,32,84,121,182,178,159,161,174,183,213,198,132,101,28,16,13,7,4,7,0
0,0,0,10,44,75,113,137,136,144,162,162,154,167,163,133,105,66,11,14,8,4,9,4
0,0,10,9,50,54,72,116,105,94,137,154,144,133,138,119,103,62,30,6,0,2,0,0
0,8,0,9,22,67,60,113,114,102,118,135,152,142,124,104,81,50,13,14,6,8,10,0
0,5,11,7,14,66,101,111,95,109,131,131,146,113,83,76,62,56,13,5,10,0,7,0
0,3,14,18,35,47,54,87,114,126,167,162,133,123,98,89,59,25,18,14,12,9,7,5
0,0,7,12,14,60,96,96,77,113,129,129,121,80,75,104,76,24,14,4,7,0,1,3
0,10,6,46,55,64,80,107,112,109,128,142,133,115,117,121,109,88,22,7,0,4,3,2
0,2,14,33,34,49,90,71,85,113,165,163,148,131,121,110,102,98,49,28,15,7,9,11
0,0,11,40,61,98,119,102,103,119,143,162,154,117,87,106,101,83,81,41,23,13,8,8
0,6,16,38,65,101,121,121,114,111,187,171,120,128,145,141,120,113,74,57,27,10,9,5
0,0,14,66,80,112,121,133,126,120,125,128,131,139,147,146,131,108,101,105,14,12,9,0
0,0,24,89,103,110,121,137,128,114,104,106,122,137,147,145,129,104,106,54,14,9,11,9
3,6,13,83,101,113,129,134,124,111,106,105,113,129,140,137,122,112,121,90,17,9,2,0
0,9,26,84,108,109,117,116,114,108,101,92,105,116,133,132,126,107,102,67,14,1,2,0
0,8,34,58,108,112,115,108,102,101,100,103,82,119,121,118,110,108,80,16,13,9,7,10
1,9,31,71,100,111,123,114,105,58,64,58,64,106,111,107,104,102,43,29,15,9,12,0
0,1,13,59,85,85,101,104,95,68,58,54,54,75,67,74,76,59,39,8,7,11,11,8
1,8,14,57,118,134,102,68,73,53,51,48,44,62,63,98,86,77,27,13,12,9,0,11
1,4,37,67,111,161,96,55,55,54,55,51,47,56,73,102,144,77,39,29,12,6,8,0
8,5,37,61,99,102,57,27,53,26,14,25,51,54,55,74,108,107,36,14,8,2,5,7
0,3,35,63,67,58,48,51,16,10,12,6,12,19,44,63,52,66,47,5,0,0,8,4
0,5,31,55,54,41,13,12,12,10,6,8,11,25,45,34,63,60,57,11,8,0,0,3
0,4,11,50,50,25,13,8,2,0,0,0,12,14,32,55,50,53,65,35,13,0,5,0
0,0,5,13,20,8,8,0,0,4,0,0,12,20,21,28,50,52,51,27,10,3,0,0
0,2,0,1,10,4,3,4,5,5,8,4,8,21,18,33,51,51,40,15,5,3,5,0
0,0,0,0,0,0,5,6,8,11,0,4,13,16,14,33,50,47,30,11,12,7,11,0
0,0,0,0,5,1,0,0,8,9,12,12,9,11,13,14,41,32,55,42,13,10,12,8
2,6,3,0,6,0,0,4,9,7,6,9,11,11,9,14,33,58,51,30,8,9,7,16
3,7,8,9,8,9,11,9,4,0,0,4,2,7,9,29,54,24,12,13,7,5,9,7
0,6,13,5,11,10,4,1,0,2,0,0,0,8,14,13,7,10,13,4,7,12,4,0
4,10,13,6,3,2,4,5,7,0,3,3,8,13,10,10,6,12,12,14,11,1,8,2

51,13,4,0,0,0,0,9,12,48,62,56,9,10,2,8,4,7,7,0,0,13,63,105
40,50,35,10,0,7,10,12,63,90,236,157,58,43,8,20,12,0,0,8,32,59,71,29
14,51,48,23,0,0,3,5,12,74,103,100,80,10,8,10,2,12,13,46,50,64,50,11
8,13,29,23,6,0,3,0,2,6,12,14,10,13,0,0,0,5,37,28,40,11,10,0
0,0,5,4,13,50,54,21,9,59,51,67,71,17,37,7,10,0,23,19,11,0,12,5
3,0,7,12,38,59,68,72,70,63,82,73,80,67,62,58,20,8,12,16,6,1,5,9
3,3,12,9,50,59,69,93,112,112,121,139,160,135,103,67,52,10,13,10,0,0,3,0
0,0,7,9,51,67,92,122,141,137,130,159,166,162,143,85,56,54,59,4,0,0,2,0
0,0,0,7,59,85,86,119,137,137,105,134,169,167,148,100,62,12,7,0,0,0,0,0
3,6,2,5,49,66,102,104,128,113,105,171,194,180,139,103,60,19,0,0,0,0,7,3
0,1,9,18,12,61,97,135,168,158,142,182,243,216,148,108,61,12,12,12,0,0,1,0
0,4,6,14,37,58,101,161,201,199,190,191,204,240,182,126,78,47,30,5,9,0,0,0
0,0,0,9,30,84,121,182,178,157,160,173,182,213,198,131,101,28,16,14,7,4,7,0
0,0,0,10,42,75,113,137,135,143,161,160,152,167,163,133,105,66,11,14,7,4,9,4
0,0,10,9,50,54,71,115,105,93,137,153,143,133,138,119,102,62,31,6,0,2,0,0
0,8,0,9,22,67,60,112,114,101,117,135,151,141,123,103,80,50,13,14,6,8,10,0
0,5,11,7,14,66,101,111,94,109,131,130,145,112,83,75,62,56,13,5,10,0,7,0
0,3,14,18,35,46,53,87,113,125,166,160,132,123,97,88,59,25,17,14,12,8,7,5
0,0,7,12,14,60,96,96,76,112,128,129,120,79,75,104,78,27,14,5,7,0,1,3
0,10,7,46,55,64,80,107,112,109,127,142,133,114,117,121,109,90,26,7,0,5,3,2
0,2,14,33,35,48,90,72,85,114,165,163,148,131,121,110,102,99,50,28,15,7,9,11
0,0,11,41,61,99,119,102,103,119,143,162,154,117,87,107,101,84,82,41,23,13,8,8
0,6,17,38,66,101,121,121,114,111,188,171,120,128,145,141,120,113,74,58,28,11,9,5
0,0,14,66,80,112,121,133,126,120,125,128,131,139,147,146,131,108,101,105,14,12,9,0
0,0,23,89,103,110,121,137,128,115,104,106,122,137,147,145,129,104,106,55,14,10,11,9
3,6,13,83,101,113,129,134,124,111,106,105,113,129,141,137,122,112,121,90,17,9,2,1
0,9,26,84,108,109,117,116,114,108,101,93,105,116,132,132,125,107,102,68,14,1,2,0
0,8,34,58,108,112,115,108,102,101,100,103,82,119,121,118,110,108,80,16,13,10,7,10
1,9,31,71,100,111,123,114,105,58,64,58,65,106,111,107,104,103,44,30,15,10,12,0
0,1,13,59,85,85,101,104,95,67,58,54,54,75,67,74,76,59,40,8,7,11,11,8
1,8,14,57,118,134,102,68,73,53,51,48,43,62,63,98,86,77,28,13,13,9,0,11
1,5,38,67,111,161,97,55,55,54,56,51,47,56,73,102,144,78,39,29,12,6,8,0
8,5,38,61,99,102,57,27,53,26,14,26,51,54,55,74,108,107,36,14,8,2,5,7
0,4,34,63,67,58,48,51,17,10,12,6,12,20,44,63,52,66,47,5,0,0,8,4
0,5,31,55,54,41,13,12,12,10,6,8,11,26,45,34,63,60,57,11,8,0,0,3
0,4,11,50,50,25,13,8,2,0,0,0,12,14,32,55,50,53,65,36,13,0,5,0
0,0,5,13,20,8,8,0,0,4,0,0,12,20,21,28,50,52,51,28,10,3,0,0
0,2,0,1,10,4,3,4,5,5,8,4,8,21,18,33,51,51,40,15,5,3,5,0
0,0,0,0,0,0,5,6,8,11,0,4,13,15,14,33,50,47,30,11,12,7,10,0
0,0,0,0,5,1,0,0,8,9,12,12,9,10,13,14,40,32,56,43,13,10,12,8
2,6,3,0,6,0,0,4,9,7,6,9,11,11,9,14,32,58,51,30,8,9,7,16
3,7,9,9,9,9,11,9,5,0,0,4,2,7,9,29,54,24,12,13,8,5,8,7
0,6,13,5,11,10,4,1,0,2,0,0,0,8,14,13,7,10,13,4,7,12,4,0
4,10,13,6,3,2,4,6,7,0,3,3,8,13,10,10,6,12,12,14,11,1,8,2

51,13,4,0,0,0,0,9,13,50,62,56,10,10,2,8,4,7,7,0,0,13,63,105
40,50,36,10,0,7,10,12,64,90,236,156,58,43,8,20,12,0,0,8,33,59,71,30
14,51,47,23,0,0,3,5,12,74,103,100,79,10,8,10,2,12,13,45,50,64,50,11
9,13,30,23,6,0,3,0,2,6,13,14,10,13,0,0,0,5,38,29,41,11,10,0
0,0,5,4,13,50,54,21,9,59,51,67,71,17,37,7,10,0,23,19,11,0,12,5
3,0,7,12,38,59,68,72,70,64,82,73,79,67,62,58,21,8,12,15,6,1,5,9
3,3,12,9,50,59,69,93,112,112,121,139,160,136,103,67,52,10,13,10,0,0,3,0
0,0,7,9,51,67,92,122,141,137,130,159,167,163,143,85,57,54,59,4,0,0,2,0
0,0,0,7,59,85,86,120,137,137,105,134,170,168,149,101,62,12,7,0,0,0,0,0
4,6,2,5,50,66,103,104,129,113,105,171,195,181,140,103,61,18,0,0,0,0,7,3
0,1,9,19,12,61,97,135,168,158,142,181,243,217,148,108,61,12,12,12,0,0,1,0
0,4,6,14,38,58,100,161,201,200,190,191,205,240,182,125,77,46,30,5,9,0,0,0
0,0,0,8,30,83,121,183,178,157,159,171,181,213,198,131,100,27,15,14,7,4,7,0
0,0,0,10,43,75,113,137,135,142,160,160,152,167,163,133,105,65,10,14,7,4,9,4
0,0,10,9,50,54,71,115,104,93,136,152,143,132,138,118,102,61,29,6,0,2,0,0
0,8,0,9,22,67,60,112,114,101,117,134,151,141,123,103,80,49,13,13,6,8,10,0
0,5,11,7,14,66,101,110,94,108,131,130,145,112,83,75,62,55,13,5,10,0,7,0
0,3,14,19,35,46,53,87,113,125,165,160,131,122,97,88,59,25,17,14,12,8,7,5
0,0,7,12,14,61,97,97,76,112,128,128,120,79,75,104,79,28,14,5,7,0,1,3
1,10,7,47,55,65,80,108,112,109,127,142,133,114,117,122,109,91,28,7,0,5,3,2
0,2,14,33,35,48,90,72,86,114,165,163,148,131,122,110,102,100,50,29,15,7,9,11
0,0,12,41,61,100,119,102,103,120,144,163,155,117,88,107,101,84,82,41,24,13,8,8
0,6,17,38,66,101,121,122,114,111,188,172,120,128,146,142,120,113,74,58,27,11,9,5
0,0,14,67,81,112,121,133,126,120,125,129,131,139,147,147,132,108,101,105,14,12,9,0
0,0,25,90,103,110,121,137,128,115,104,107,122,137,147,145,129,105,106,55,14,9,11,9
3,6,13,84,101,113,129,134,124,111,106,105,113,129,141,137,122,112,121,91,18,9,2,0
0,9,27,84,108,109,117,116,114,108,101,93,105,116,133,132,125,107,102,68,14,1,2,0
0,8,34,58,108,112,115,108,102,101,100,103,82,119,121,118,110,108,81,16,13,10,7,10
1,9,33,71,100,111,123,114,105,58,64,58,64,106,111,107,104,102,44,30,15,10,12,0
0,1,13,59,85,85,101,104,95,67,58,54,53,75,67,74,76,59,40,8,7,11,11,8
1,8,14,56,118,135,102,68,73,53,51,49,43,62,63,98,87,78,30,13,13,9,0,11
1,4,37,67,111,162,97,55,55,54,55,51,46,56,73,102,144,78,39,29,12,6,8,0
8,5,37,61,99,102,57,27,53,26,14,25,51,54,55,74,108,107,36,14,8,2,5,7
0,4,35,63,67,58,49,51,16,10,12,6,12,20,43,63,52,66,48,5,0,0,8,4
0,5,32,54,54,41,13,12,12,10,6,8,11,26,45,34,63,60,57,11,8,0,0,3
0,4,11,50,50,26,14,8,2,0,0,0,12,15,32,55,50,53,65,36,13,0,5,0
0,0,5,13,21,8,8,0,0,4,0,0,12,19,22,28,50,52,51,28,10,3,0,0
0,2,0,1,10,4,3,4,5,6,8,4,8,21,18,34,51,51,41,15,5,3,5,0
0,0,0,0,0,0,4,6,8,11,0,4,13,15,14,33,50,47,30,11,12,7,11,0
0,0,0,0,5,1,0,0,7,9,12,12,9,10,13,14,40,32,55,42,13,10,12,8
2,6,3,0,6,0,0,4,9,7,6,8,11,11,9,14,33,58,51,30,8,9,7,16
3,7,9,9,8,9,11,9,4,0,0,4,2,7,9,29,54,24,12,13,8,5,8,7
0,6,13,5,11,10,4,1,0,2,0,0,0,8,14,13,7,10,13,4,7,12,4,0
4,10,13,6,3,2,4,6,7,0,3,3,7,13,10,10,6,12,12,14,11,1,8,2

51,13,4,0,0,1,0,9,13,48,63,57,10,10,2,8,4,7,7,0,0,13,63,106
40,50,35,10,0,7,10,12,64,90,236,157,58,43,8,20,12,0,0,8,33,59,71,30
14,51,48,25,0,0,3,5,12,74,103,100,79,10,8,10,2,12,13,47,50,64,50,11
9,13,30,23,6,0,3,0,2,6,12,14,10,13,0,0,0,5,38,29,42,11,10,0
0,0,5,4,13,50,54,24,9,59,51,67,71,18,39,7,10,0,23,19,11,0,12,6
4,0,7,12,38,59,68,73,70,64,82,73,79,67,62,58,21,8,12,16,6,1,5,9
3,3,12,9,50,59,69,94,112,112,121,139,161,136,104,67,53,10,13,11,0,0,3,0
0,0,7,9,51,67,92,122,142,137,130,159,167,163,144,86,57,54,59,4,0,0,2,0
0,0,0,7,59,85,86,120,137,137,104,133,169,168,149,101,62,12,7,0,0,0,0,0
4,6,2,5,50,66,103,104,128,112,104,170,194,181,140,103,61,18,0,0,0,0,7,3
0,1,9,18,12,61,98,135,168,157,140,179,244,217,148,108,61,12,12,12,0,0,1,0
0,4,6,14,37,58,101,161,201,199,189,191,206,241,181,125,77,45,30,5,9,0,0,0
0,0,0,9,30,83,121,183,178,156,159,172,182,214,197,130,100,26,15,14,7,4,7,0
0,0,0,10,42,75,113,137,135,142,160,160,153,168,163,132,104,64,10,14,7,4,9,4
0,0,10,9,50,54,71,115,104,93,136,152,143,133,138,118,102,60,28,6,0,2,0,0
0,8,0,9,22,67,60,112,114,101,117,134,151,141,123,103,80,47,12,13,6,8,10,0
0,5,11,7,14,65,100,111,94,108,130,130,145,112,83,75,61,55,13,4,10,0,7,0
0,3,14,18,35,46,53,87,113,125,165,159,130,122,96,88,58,25,17,14,12,8,7,5
0,0,7,12,14,61,98,97,76,112,128,128,119,78,74,104,79,29,14,5,7,0,1,3
1,10,7,47,56,65,81,108,112,109,127,141,132,114,117,122,109,91,28,7,0,5,3,2
0,2,14,33,35,48,91,72,86,114,166,163,148,131,121,110,102,100,50,29,16,7,9,11
0,0,12,41,61,100,120,102,103,120,144,163,156,118,88,107,101,84,82,41,24,13,8,8
0,6,17,38,66,102,121,122,114,111,189,172,120,129,146,142,120,113,75,58,28,11,9,5
0,0,14,67,81,112,121,133,126,120,125,128,131,139,147,147,132,109,101,105,14,12,9,0
0,0,24,90,103,110,121,137,128,115,104,106,122,137,147,145,129,105,106,56,14,10,11,9
3,6,14,84,101,113,129,134,124,111,106,105,113,129,140,137,122,112,121,91,18,9,2,1
0,10,26,84,108,109,117,116,114,108,101,92,105,116,133,132,126,107,102,68,14,1,3,0
0,8,34,57,108,112,115,108,102,101,100,103,82,120,121,118,110,108,81,16,13,10,7,10
1,9,33,71,100,111,123,114,105,58,64,58,65,106,111,107,104,103,44,30,15,10,12,0
0,1,13,59,85,86,101,104,95,68,58,54,54,75,67,74,76,59,40,8,7,11,11,8
1,8,14,56,118,135,102,68,73,53,51,48,43,62,63,98,87,78,29,13,13,9,0,11
1,5,37,67,111,162,97,55,56,54,56,51,47,56,73,102,144,78,39,29,12,6,8,0
8,5,37,61,99,102,57,29,53,26,14,26,51,54,55,74,108,107,36,14,8,2,5,8
0,4,34,63,67,58,49,52,18,10,12,6,12,20,45,63,52,66,48,5,0,0,8,4
0,5,31,54,54,41,13,12,12,10,6,8,11,26,46,34,63,60,57,11,8,0,0,4
0,4,11,50,50,25,14,8,2,0,0,0,12,15,32,55,50,53,65,37,13,0,5,0
0,0,5,13,20,8,8,0,0,4,0,0,12,19,22,28,50,52,51,28,10,3,0,0
0,2,0,2,10,4,3,4,5,5,8,4,8,21,18,33,51,51,40,15,5,3,5,0
0,0,0,0,0,0,4,6,8,11,0,4,13,15,14,33,50,47,30,11,12,7,11,0
0,0,0,0,5,1,0,0,7,9,12,12,9,10,13,14,40,32,55,42,13,10,12,8
2,5,3,0,6,0,0,4,9,7,6,9,11,11,9,14,33,58,51,29,8,9,7,16
3,7,9,9,8,9,11,9,5,0,0,4,2,7,9,29,54,24,12,13,7,5,8,7
0,6,13,5,11,10,4,1,0,2,0,0,0,9,14,13,7,10,13,4,7,12,4,0
4,10,13,6,3,2,4,6,7,0,3,3,8,13,10,10,6,12,12,14,11,1,8,2

51,13,4,0,0,1,0,9,13,50,62,56,9,10,2,8,4,7,7,0,0,13,63,106
39,50,35,10,0,7,11,12,64,90,236,157,58,43,9,20,12,0,0,8,32,59,71,31
14,51,47,22,0,0,3,6,12,75,103,100,80,10,8,10,2,12,13,46,51,64,50,11
9,13,30,23,6,0,3,0,2,6,13,14,10,13,0,0,0,5,37,28,41,11,10,0
0,0,5,4,13,50,55,25,9,59,50,67,72,19,40,7,10,0,23,19,11,0,12,5
4,0,7,12,38,59,68,73,71,64,82,72,79,67,62,58,21,8,12,15,6,1,5,9
3,3,12,9,50,59,69,94,112,112,121,139,160,136,103,67,53,10,13,10,0,0,3,0
0,0,7,9,51,67,92,123,141,137,129,159,167,163,143,85,57,54,59,4,0,0,2,0
0,0,0,7,59,85,85,119,136,137,104,133,168,166,148,100,62,12,7,0,0,0,0,0
4,6,2,5,48,66,102,103,127,112,104,169,191,179,139,103,61,18,0,0,0,0,7,3
0,1,9,18,12,61,97,134,166,156,140,178,241,215,148,108,61,12,12,12,0,0,1,0
0,4,6,14,38,58,101,161,201,200,190,192,205,241,183,126,78,47,31,5,9,0,0,0
0,0,0,9,34,84,122,183,178,159,162,175,183,214,199,132,101,27,15,14,7,4,7,0
0,0,0,11,44,76,113,137,136,144,162,163,154,168,163,133,105,65,10,14,7,4,9,4
0,0,11,9,50,54,72,116,105,94,137,154,144,133,138,119,102,61,29,6,0,2,0,0
0,8,0,9,23,67,60,113,114,102,118,135,152,141,123,103,80,49,13,13,6,8,10,0
0,5,11,7,14,66,101,111,95,109,131,130,146,113,83,75,62,55,13,5,10,0,7,0
0,3,14,19,35,47,54,87,114,126,166,161,132,123,97,88,59,25,17,14,12,9,7,5
0,0,7,12,14,60,96,96,77,112,128,128,120,79,74,104,78,26,14,5,7,0,1,3
1,10,7,45,55,64,80,107,112,109,127,141,133,114,117,121,109,89,24,6,0,4,3,2
0,2,14,33,34,48,90,72,85,113,165,163,148,131,121,110,102,99,50,28,15,7,9,11
0,0,11,40,60,99,119,102,103,119,143,162,154,117,87,107,101,84,82,41,23,13,8,8
0,6,16,38,66,101,121,121,114,111,187,171,120,128,145,141,120,113,74,58,28,10,9,5
0,0,14,66,80,112,121,133,126,120,125,128,131,138,147,146,131,108,101,105,14,12,9,0
0,0,25,90,103,110,121,137,128,115,104,106,122,137,147,145,129,105,106,56,14,10,11,9
3,6,13,83,101,113,129,134,124,111,106,105,113,129,140,137,122,112,121,91,19,9,2,1
0,10,26,84,108,109,117,116,114,108,101,92,105,116,133,132,126,107,102,68,14,1,2,0
0,8,34,57,108,112,115,108,102,101,100,103,82,119,121,118,110,108,81,16,13,10,7,10
1,9,34,71,100,111,123,114,105,58,64,58,65,106,111,107,104,103,44,30,15,10,12,0
0,1,13,59,85,86,101,104,95,67,58,54,54,75,67,74,76,59,40,8,7,11,11,8
1,8,14,57,118,135,102,68,73,53,51,48,43,62,63,98,87,78,28,13,13,9,0,11
1,5,38,67,111,162,97,55,55,54,55,51,47,56,73,102,144,78,39,29,12,6,8,0
8,5,37,61,99,102,57,30,53,26,14,26,51,54,55,75,108,107,36,14,8,2,5,8
0,4,33,63,67,58,49,52,18,10,12,6,12,21,46,64,52,66,47,5,0,0,8,4
0,5,31,54,54,41,13,12,12,10,6,8,11,27,46,35,63,60,57,11,8,0,0,4
0,4,11,50,50,26,14,8,1,0,0,0,12,16,32,55,50,53,65,37,13,0,5,0
0,0,5,13,21,8,8,0,0,4,0,0,12,20,22,28,50,52,51,28,10,3,0,0
0,2,0,2,11,4,3,4,5,5,8,4,8,21,18,34,51,51,41,15,5,3,5,0
0,0,0,0,0,0,5,6,8,11,0,3,13,15,14,33,50,47,30,11,12,7,11,0
0,0,0,0,5,1,0,0,7,9,12,12,9,10,13,14,41,32,56,43,13,10,12,8
2,6,3,0,6,0,0,4,9,7,6,9,11,11,9,14,33,58,51,30,8,9,7,16
3,7,9,9,9,9,11,9,5,0,0,4,2,7,9,29,55,24,12,13,7,5,9,7
0,6,13,5,11,10,4,1,0,2,0,0,0,9,14,13,7,10,13,4,7,12,5,0
4,10,13,6,3,2,4,5,7,0,3,3,8,13,10,10,6,12,12,14,11,1,8,2

51,14,4,0,0,1,0,10,13,50,63,57,10,10,2,8,4,7,7,0,0,13,63,105
40,50,35,10,0,7,11,13,64,90,239,159,58,41,9,20,12,0,0,8,33,59,71,30
14,51,47,21,0,0,3,6,12,75,103,101,80,10,8,10,2,12,13,45,50,64,50,11
8,13,30,23,6,0,3,0,2,6,13,14,10,13,0,0,0,5,37,27,40,11,10,0
0,0,5,4,13,50,54,23,9,59,50,67,71,18,39,7,10,0,23,19,11,0,12,6
4,0,7,12,38,59,68,73,70,64,81,72,80,67,62,58,21,8,12,16,6,1,5,9
3,3,12,10,50,59,69,94,112,112,120,138,161,136,104,67,52,10,13,10,0,0,3,0
0,0,7,9,51,67,92,122,141,136,129,158,166,162,143,85,56,54,58,4,0,0,2,0
0,0,0,6,59,84,85,118,135,136,104,132,166,165,147,100,62,12,7,0,0,0,0,0
3,6,2,5,46,66,101,103,126,111,104,169,190,177,138,102,60,17,0,0,0,0,7,3
0,1,9,17,12,61,96,133,164,155,140,178,239,212,147,108,61,12,12,12,0,0,1,0
0,4,6,14,37,58,101,161,200,200,190,191,203,240,184,127,78,48,31,5,9,0,0,0
0,0,0,9,36,85,122,182,179,161,164,177,184,212,199,133,101,28,16,14,7,4,7,0
0,0,0,11,46,76,113,137,137,146,165,166,156,168,163,134,105,66,11,14,8,4,9,4
0,0,11,9,50,54,72,116,107,95,139,156,145,134,139,119,103,62,31,6,0,3,0,0
0,8,0,10,25,67,60,113,115,104,120,137,153,143,124,104,80,50,13,14,6,8,10,0
0,5,12,7,14,66,101,111,96,110,132,132,147,114,84,76,62,56,13,5,10,0,7,0
0,3,14,19,35,47,54,88,115,127,168,163,133,124,98,89,59,24,18,14,12,9,7,5
0,1,7,12,14,58,94,95,77,113,129,129,121,80,75,103,75,20,13,4,7,0,1,2
1,10,6,43,55,63,79,107,112,109,128,142,133,114,116,120,108,85,17,6,0,4,3,2
0,2,14,33,34,47,90,71,84,113,164,162,148,130,120,110,102,96,49,27,15,7,9,11
0,0,11,40,60,97,119,101,103,118,142,161,152,116,86,106,100,83,81,41,22,13,8,8
0,6,16,38,66,101,121,121,113,111,185,169,119,127,144,140,119,113,74,58,27,10,9,5
0,0,14,66,80,111,120,133,126,120,124,127,130,138,147,146,131,108,101,105,14,12,9,0
0,0,25,90,103,110,121,137,128,114,104,106,121,136,147,145,129,104,106,55,14,10,11,9
3,6,13,83,101,113,129,134,124,111,106,105,113,129,140,137,122,112,121,91,18,9,2,1
0,9,25,84,108,109,117,116,114,108,101,92,104,116,132,132,126,107,102,68,14,1,2,0
0,8,34,57,108,112,115,108,102,101,100,103,82,119,121,118,110,108,81,15,13,10,7,10
1,9,34,71,100,111,123,114,105,58,64,58,65,106,111,107,104,102,45,30,15,9,12,0
0,1,13,59,84,86,101,104,95,67,58,54,54,75,67,74,76,59,40,8,7,11,11,8
1,8,14,56,118,135,102,68,73,53,51,48,44,62,63,98,87,77,28,13,13,9,0,11
1,5,38,66,112,162,97,55,56,54,56,51,47,56,73,103,145,78,39,29,12,6,8,0
8,5,38,61,99,102,57,30,53,26,14,26,51,54,55,75,108,107,36,15,8,2,5,7
0,4,33,63,67,58,49,52,17,10,12,6,12,20,46,64,52,66,48,5,0,0,8,4
0,5,32,54,54,42,13,12,12,10,6,8,11,27,47,35,63,60,57,11,8,0,0,4
0,4,11,50,50,26,14,8,1,0,0,0,12,15,33,55,50,53,64,37,13,0,5,0
0,0,5,13,22,8,8,0,0,4,0,0,12,20,22,28,50,52,51,28,10,3,0,0
0,2,0,2,11,4,3,4,5,5,8,4,8,21,18,34,51,51,41,15,5,3,5,0
0,0,0,0,0,0,5,6,8,11,0,4,13,16,14,34,50,48,30,11,12,7,11,0
0,0,0,0,5,1,0,0,8,9,12,12,9,10,13,14,41,33,56,43,13,10,12,8
2,6,3,1,6,0,0,4,9,7,6,9,11,11,9,13,33,58,51,30,8,9,8,16
3,7,9,9,9,9,11,9,5,0,0,4,2,7,8,29,54,24,12,13,8,5,9,7
0,6,13,5,11,10,5,1,0,2,0,0,0,9,14,13,7,10,13,4,7,12,5,0
4,10,13,6,3,2,4,6,7,0,3,3,8,13,10,10,6,12,12,14,11,1,8,2

51,14,4,0,0,1,0,9,13,50,63,57,10,10,2,8,4,8,7,0,0,13,63,105
40,50,35,10,0,7,11,13,64,90,240,159,58,44,8,20,12,0,0,8,33,59,71,29
14,51,47,21,0,0,3,6,12,75,103,101,79,10,8,10,2,12,13,46,50,64,50,11
9,13,29,23,6,0,3,0,1,6,13,14,10,13,0,0,0,5,37,28,40,11,10,0
0,0,5,4,13,50,54,21,8,58,51,67,71,17,36,7,9,0,23,19,11,0,12,6
4,0,7,12,39,59,68,73,70,63,81,72,79,67,62,58,20,8,12,16,5,1,5,9
3,3,12,9,50,59,69,94,112,112,120,138,160,136,103,67,52,10,13,10,0,0,3,0
0,0,7,9,51,67,92,122,141,136,129,157,165,161,142,85,56,53,58,4,0,0,2,0
0,0,0,6,59,84,85,118,136,136,104,132,167,164,147,100,62,12,7,0,0,0,0,0
3,6,2,5,47,66,102,103,126,111,104,170,191,178,138,102,60,19,0,0,0,0,7,3
0,1,9,17,12,61,97,133,165,155,140,178,240,213,147,108,61,12,12,12,0,0,1,0
0,4,6,14,37,58,101,160,200,200,190,191,203,240,184,127,78,48,31,5,9,0,0,0
0,0,0,9,34,85,122,181,179,161,164,177,184,212,198,133,101,28,16,13,7,4,7,0
0,0,0,11,43,76,113,137,137,146,165,166,156,168,163,134,105,66,11,14,8,4,9,4
0,0,11,10,50,54,72,116,107,96,140,157,145,134,139,119,103,62,31,7,0,3,0,0
0,8,0,10,26,67,60,113,116,104,120,137,154,143,125,104,81,50,13,14,6,8,10,0
0,5,12,7,14,67,101,111,96,110,133,132,147,114,84,76,62,56,14,5,10,0,7,0
0,3,14,18,35,47,54,89,115,127,169,164,134,125,99,89,59,24,18,14,12,9,7,5
0,1,7,12,14,59,93,95,78,113,129,129,121,80,75,104,74,19,13,4,7,0,1,3
1,10,6,43,55,63,79,107,112,109,128,142,133,115,116,120,108,86,17,6,0,4,3,2
0,1,14,33,34,47,90,71,84,113,164,162,148,131,120,110,102,96,49,28,14,7,9,11
0,0,11,40,60,98,119,102,103,118,142,161,152,116,86,106,100,83,81,41,23,13,8,8
0,6,16,38,65,101,121,121,113,111,185,169,119,127,144,141,119,113,74,58,27,10,9,5
0,0,14,67,80,112,120,133,126,119,124,127,130,138,147,146,131,108,101,105,14,12,9,0
0,0,25,90,103,110,121,137,128,114,104,106,121,136,147,145,129,104,106,56,14,10,11,9
3,6,13,83,101,113,129,134,124,111,106,105,113,129,140,137,122,112,121,91,19,9,2,1
0,10,26,84,108,109,117,116,114,108,101,92,104,116,132,132,126,107,102,68,14,1,2,0
0,8,34,57,108,112,115,108,102,101,100,103,82,119,121,118,110,109,81,16,13,10,7,10
1,9,33,71,100,111,123,114,105,58,64,58,64,106,111,107,104,102,44,30,14,9,12,0
0,1,13,59,84,86,101,104,95,67,58,54,54,75,67,74,76,59,40,8,7,11,11,8
1,8,14,56,118,135,102,68,73,53,51,48,44,62,63,98,87,77,28,13,13,9,0,11
1,5,38,66,111,162,97,55,55,54,55,51,48,56,73,102,145,78,39,29,12,6,8,0
8,5,38,61,99,102,57,31,53,26,14,26,51,54,55,75,108,107,36,15,8,2,5,8
0,4,34,63,67,58,49,52,18,10,12,6,12,21,47,64,52,66,47,5,0,0,8,4
0,5,32,54,54,42,13,12,12,10,6,8,11,25,46,35,63,60,57,11,8,0,0,4
0,4,11,50,50,26,14,8,2,0,0,0,11,15,33,55,50,53,65,36,13,0,5,0
0,0,5,13,22,8,8,0,0,4,0,0,12,20,22,28,50,52,51,28,10,3,0,0
0,2,0,3,11,4,3,4,5,5,8,4,8,21,18,34,51,51,41,15,5,3,5,0
0,0,0,0,0,0,5,6,8,11,0,4,13,15,14,35,50,48,30,11,12,7,11,0
0,0,0,0,5,1,0,0,8,9,12,12,9,10,13,14,41,32,56,43,13,10,12,8
2,6,3,1,6,0,0,4,9,7,6,9,11,10,8,13,33,58,51,30,8,9,8,16
3,7,9,9,9,9,11,9,5,0,0,4,2,7,8,28,54,24,12,13,8,5,9,7
0,6,13,5,11,10,4,1,0,2,0,0,0,9,14,13,7,10,13,4,7,12,5,0
5,10,14,6,3,2,4,6,7,0,3,3,7,13,10,10,6,12,12,14,11,1,8,2

51,13,4,0,0,1,0,10,13,50,63,57,10,10,2,8,4,8,7,0,0,13,63,105
40,50,35,10,0,7,11,13,64,90,240,159,58,44,9,20,12,0,0,8,33,59,72,30
14,51,48,21,0,0,3,6,12,75,104,101,80,10,8,10,2,12,13,46,50,64,50,11
9,13,29,23,6,0,3,0,2,6,13,14,10,13,0,0,0,5,37,28,40,11,10,0
0,0,5,4,13,50,54,23,8,58,51,67,71,18,37,7,9,0,23,19,11,0,12,6
4,0,7,12,39,59,68,73,70,63,81,72,79,67,62,58,21,8,12,15,5,1,5,9
3,3,12,9,50,59,69,94,112,112,120,137,159,135,103,67,52,10,13,10,0,0,3,0
0,0,7,9,51,67,92,122,141,136,129,158,166,161,143,85,56,54,59,4,0,0,2,0
0,0,0,7,59,85,86,119,136,136,104,132,168,166,148,100,62,12,7,0,0,0,0,0
4,6,2,5,50,66,102,104,127,111,104,170,193,180,139,103,60,19,0,0,0,0,7,3
0,1,9,18,12,61,97,134,167,156,141,180,242,216,148,108,61,12,12,12,0,0,1,0
0,4,6,14,37,58,101,161,201,199,190,191,204,241,183,127,78,48,31,5,9,0,0,0
0,0,0,9,34,84,121,182,178,159,162,175,183,212,199,132,101,28,16,14,7,4,7,0
0,0,0,11,44,75,113,137,136,144,163,163,155,168,163,134,105,66,11,14,8,4,9,4
0,0,11,10,50,54,72,116,106,94,138,155,144,134,139,119,102,63,31,6,0,2,0,0
0,8,0,10,26,67,60,113,115,103,119,136,152,142,124,104,80,51,13,14,6,8,10,0
0,5,12,7,14,66,101,111,95,109,132,131,146,113,84,76,62,56,13,5,10,0,7,0
0,3,14,18,35,47,54,88,114,126,167,162,133,124,98,89,59,25,18,14,12,9,7,5
0,1,7,12,14,60,95,96,77,113,128,129,120,80,75,104,76,24,14,5,7,0,1,2
1,10,7,45,55,64,79,107,112,109,128,142,133,115,117,121,109,88,22,6,0,4,3,2
0,2,14,33,35,48,90,71,85,113,165,163,148,131,121,110,102,98,49,29,15,7,9,11
0,0,11,40,61,99,119,102,103,119,143,161,153,117,87,106,101,83,82,41,23,13,8,8
0,6,16,38,66,101,121,121,113,111,186,170,119,127,145,141,120,113,74,58,27,10,9,5
0,0,14,67,81,112,121,133,126,120,125,128,131,138,147,146,131,108,101,105,14,12,9,0
0,0,24,91,103,110,121,137,128,114,104,106,122,136,147,145,129,105,106,56,14,10,11,9
3,6,13,84,101,113,129,134,124,111,106,105,113,129,140,137,122,112,121,91,19,9,3,1
0,10,27,84,108,109,117,116,114,108,101,92,104,116,132,132,126,107,102,68,14,1,2,0
0,8,34,58,108,112,115,108,102,101,100,103,82,119,121,118,110,109,81,17,13,10,7,10
1,9,33,71,100,111,123,114,105,58,64,58,65,106,111,107,104,103,44,30,14,9,12,0
0,1,13,59,84,86,101,104,95,68,58,54,54,74,67,74,76,59,41,8,7,11,11,8
1,8,14,56,118,135,102,68,72,53,51,48,44,62,63,98,87,77,29,13,13,9,0,11
1,5,40,66,111,162,97,55,55,54,56,51,48,56,73,103,145,78,39,29,12,6,8,0
8,5,37,61,99,102,57,30,53,26,14,26,51,54,55,75,108,107,36,15,8,2,5,8
0,4,35,63,67,58,50,52,18,10,12,6,12,21,47,64,52,66,48,5,0,0,8,4
0,5,33,54,54,41,13,12,12,10,6,8,11,28,47,35,63,60,57,11,8,0,0,4
0,4,11,50,50,26,14,8,2,0,0,0,11,15,33,55,50,53,65,37,13,0,5,0
0,0,5,13,22,8,8,0,0,4,0,0,12,20,22,28,50,52,51,28,10,3,0,0
0,2,0,2,11,4,3,4,5,5,8,4,8,21,18,33,51,51,41,15,5,3,5,0
0,0,0,0,0,0,5,6,8,11,0,4,13,15,14,33,50,48,30,11,12,7,11,0
0,0,0,0,5,1,0,0,8,9,12,12,9,10,13,14,41,32,56,43,13,10,12,8
2,6,3,1,7,0,0,4,9,7,6,9,11,10,8,13,33,58,51,31,8,9,7,16
3,7,9,9,9,9,12,9,5,0,0,4,2,7,8,28,55,24,12,13,8,5,8,7
0,6,13,5,11,10,4,1,0,3,0,0,0,9,14,13,7,10,13,4,7,12,5,0
5,10,13,6,3,2,4,6,7,0,3,3,8,13,10,10,6,12,12,14,11,1,8,2

51,13,4,0,0,1,0,10,13,50,63,57,10,10,2,8,4,8,7,0,0,13,63,105
40,50,35,10,0,7,11,13,64,90,240,159,58,45,9,20,12,0,0,8,33,59,71,30
14,51,48,22,0,0,3,6,12,75,104,101,80,10,8,10,2,12,13,45,50,64,50,11
9,13,29,23,6,0,3,0,2,6,13,14,10,13,0,0,0,5,37,30,42,11,10,0
0,0,5,4,13,50,54,25,9,59,51,67,72,18,40,7,10,0,23,19,11,0,12,6
4,0,7,12,39,60,68,73,70,63,82,73,80,67,62,58,21,8,12,15,5,1,5,10
3,3,12,10,50,59,69,94,112,112,121,138,160,136,103,67,52,10,13,10,0,0,4,0
0,0,7,10,52,67,92,122,141,137,129,159,167,162,143,85,57,54,59,4,0,0,2,0
0,0,0,7,59,85,86,120,137,137,104,133,169,167,148,101,62,12,7,0,0,0,0,0
4,6,2,5,50,66,103,104,128,112,104,171,193,181,140,103,61,19,0,0,0,0,7,3
0,1,9,19,12,62,98,135,168,158,142,181,243,217,148,108,61,12,12,12,0,0,1,0
0,4,6,14,38,58,101,161,201,200,190,191,204,241,183,126,78,47,30,5,9,0,0,0
0,0,0,9,32,84,121,183,178,158,160,173,182,213,198,131,101,28,15,14,7,4,7,0
0,0,0,11,44,75,113,137,135,143,161,161,152,167,163,133,105,66,11,14,7,4,9,4
0,0,10,9,50,54,71,115,105,93,136,153,143,133,138,119,102,62,30,6,0,2,0,0
0,8,0,10,26,67,60,113,114,102,117,135,151,141,124,103,80,51,13,14,6,8,10,0
0,5,12,7,14,66,101,111,95,109,131,130,145,113,83,76,62,56,14,5,10,0,7,0
0,3,14,18,35,47,54,87,114,125,166,161,132,123,98,89,59,25,18,14,12,9,7,5
0,1,7,12,14,60,96,96,77,112,128,128,120,79,75,104,78,27,14,5,7,0,1,3
1,10,7,47,56,64,80,107,112,109,127,142,133,114,117,121,109,91,26,7,0,5,3,2
0,2,14,33,35,48,90,72,86,114,165,163,148,131,122,110,102,100,50,28,15,7,9,11
0,0,12,42,61,100,119,102,103,119,144,162,155,117,88,107,101,84,82,41,24,13,8,8
0,6,17,38,66,101,121,121,114,111,187,171,120,128,145,141,120,113,75,58,28,10,9,5
0,0,14,67,81,112,121,133,126,120,125,128,131,139,147,146,132,108,101,105,14,12,9,0
0,0,25,91,103,110,121,137,128,114,104,106,122,137,147,145,129,105,106,56,14,10,11,9
3,7,14,83,101,113,129,134,124,111,106,105,113,129,140,137,122,112,121,91,19,9,2,1
0,10,27,84,108,109,117,116,114,108,101,92,104,116,132,132,126,107,102,68,14,1,2,0
0,8,34,58,108,112,115,108,102,101,100,103,82,119,121,118,110,109,82,16,13,10,7,10
1,9,31,71,100,111,123,114,105,58,64,58,64,106,111,107,104,102,44,30,15,9,12,0
0,1,13,59,85,86,101,104,95,67,58,54,54,75,67,74,75,59,41,8,7,11,11,8
1,8,14,56,118,135,102,68,73,53,51,48,44,62,63,98,87,77,29,13,13,9,0,11
1,5,38,66,111,162,97,55,56,54,55,51,47,56,73,103,145,78,39,29,12,6,8,0
8,5,37,61,99,102,57,31,53,26,14,26,51,54,55,75,108,107,36,15,8,2,5,8
0,4,35,63,67,58,49,52,17,10,12,6,12,20,47,64,52,66,48,5,0,0,8,4
0,5,32,54,54,41,13,12,12,10,6,8,11,26,47,35,63,60,57,11,8,0,0,4
0,4,11,50,50,27,14,8,2,0,0,0,12,15,32,55,50,53,65,37,13,0,5,0
0,0,5,13,20,8,8,0,0,4,0,0,12,20,22,28,50,52,51,28,10,3,0,0
0,2,0,2,11,5,3,4,5,6,8,4,8,21,18,34,51,51,40,15,5,3,5,0
0,0,0,0,0,0,5,6,8,11,0,4,13,15,14,33,50,48,30,11,12,7,11,0
0,0,0,0,5,1,0,0,8,9,12,12,9,10,13,14,41,32,56,43,13,10,12,8
2,6,3,0,6,0,0,4,9,7,6,9,11,11,8,13,33,58,51,31,8,9,7,16
3,7,9,9,9,9,11,9,5,0,0,4,2,7,8,28,54,25,12,13,8,5,8,7
0,7,13,5,11,10,4,1,0,2,0,0,0,9,14,13,7,10,13,4,7,12,4,0
5,10,13,6,3,2,4,6,7,0,3,3,8,13,10,10,6,12,12,14,11,1,8,2

51,13,4,0,0,1,0,9,13,50,63,57,10,10,2,8,4,8,7,0,0,13,63,105
41,50,35,10,0,7,11,13,64,90,239,158,58,44,9,20,12,0,0,8,32,59,72,30
14,51,47,22,0,0,3,6,12,75,104,101,80,10,8,10,2,12,13,46,50,64,50,11
9,13,30,23,6,0,3,0,2,6,12,14,10,13,0,0,0,5,37,29,40,11,10,0
0,0,5,4,13,50,54,24,9,59,51,67,72,19,40,7,10,0,23,19,11,0,12,6
4,0,7,12,39,59,68,72,70,63,82,73,79,67,62,58,21,8,12,15,5,1,5,10
3,3,12,10,50,59,69,94,112,112,121,139,160,135,103,67,53,10,13,10,0,0,4,0
0,0,7,10,51,67,92,122,141,137,130,160,167,163,143,85,57,54,59,4,0,0,2,0
0,0,1,7,59,85,86,120,137,138,105,134,170,167,149,101,62,12,7,0,0,0,0,0
4,6,3,5,50,66,103,104,129,114,105,172,194,181,140,103,61,19,0,0,0,0,7,3
0,1,9,19,12,62,98,135,169,159,142,182,243,217,148,108,61,12,12,12,0,0,1,0
0,4,6,14,38,59,101,161,202,200,190,191,205,240,182,126,77,47,30,5,9,0,0,0
0,0,0,9,32,84,121,183,178,157,159,171,181,213,198,131,101,28,16,14,7,4,7,0
0,0,0,10,44,75,113,137,135,142,160,159,151,167,164,133,105,66,11,14,7,4,9,4
0,0,11,9,50,54,71,115,104,93,136,152,143,132,138,118,102,62,30,6,0,2,0,0
0,8,0,10,25,67,60,112,114,101,117,134,150,141,123,103,80,50,13,14,6,8,10,0
0,5,11,7,14,66,100,111,94,108,131,130,145,112,83,76,62,56,13,5,10,0,7,0
0,3,14,18,35,46,53,87,113,125,165,160,131,122,98,89,59,26,18,14,12,8,7,5
0,1,7,12,14,60,97,97,76,112,128,128,120,79,75,104,79,29,14,5,7,0,1,3
1,10,7,47,55,65,81,108,112,109,127,142,133,114,117,122,109,91,27,7,0,5,3,2
0,2,14,33,35,48,90,72,86,114,165,163,148,132,122,110,102,100,50,29,15,7,9,11
0,0,12,42,61,100,119,102,103,120,144,163,156,118,88,107,101,84,82,41,24,13,8,8
0,6,18,38,66,101,121,122,114,111,188,171,120,128,146,141,120,113,75,58,28,11,9,5
0,0,15,67,81,112,121,133,126,120,125,128,131,139,147,146,132,109,101,105,14,12,9,0
0,0,25,90,103,110,121,137,128,114,104,106,122,137,147,145,129,105,106,56,14,10,11,9
3,7,14,83,101,113,129,134,124,111,106,105,113,129,140,137,122,112,121,91,20,9,3,1
0,10,27,84,108,109,117,116,114,108,101,92,104,116,132,132,126,107,102,68,14,1,2,0
0,8,34,57,108,112,115,108,102,101,100,103,82,119,121,118,110,109,82,16,13,10,7,10
1,9,34,71,100,111,123,114,105,58,64,58,64,106,111,107,104,103,44,30,14,9,12,0
0,1,13,59,84,85,101,104,95,67,58,54,54,75,67,74,76,59,41,8,7,11,11,8
1,8,14,56,118,135,102,68,72,53,51,48,44,62,63,98,87,78,29,13,13,9,0,11
2,5,40,66,111,162,97,55,56,54,55,51,50,56,74,103,145,78,39,29,12,6,8,0
8,5,37,61,98,102,57,31,53,25,14,26,51,54,55,75,108,107,36,15,8,2,5,8
0,4,34,63,67,58,49,52,17,10,12,6,12,20,46,64,52,65,48,5,0,0,8,4
0,6,32,54,54,41,13,12,12,10,6,8,11,26,47,35,63,60,57,11,8,0,0,4
0,4,11,50,50,27,14,8,1,0,0,0,11,15,33,55,50,53,64,38,13,0,5,0
0,0,5,13,20,8,8,0,0,4,0,0,12,20,22,28,50,52,51,28,10,3,0,0
0,2,0,2,11,4,3,4,5,6,8,4,8,21,18,34,51,51,41,15,5,3,5,0
0,0,0,0,0,0,5,6,8,11,0,4,13,15,14,33,50,47,30,11,12,7,11,0
0,0,0,0,5,1,0,0,7,9,12,12,9,10,13,14,41,32,56,44,13,10,12,8
2,6,3,1,6,0,0,4,9,7,6,9,11,10,8,13,33,58,51,30,8,9,8,16
3,7,9,9,8,9,11,9,5,0,0,4,2,7,8,28,55,24,12,13,8,5,8,7
0,6,13,5,11,10,4,1,0,3,0,0,0,9,14,13,7,10,13,4,7,12,4,0
5,10,13,6,3,2,4,5,7,0,3,3,8,13,10,10,6,12,12,14,11,1,8,2

51,14,4,0,0,1,0,9,13,50,63,57,10,10,2,8,4,8,7,0,0,13,63,105
40,50,35,10,0,7,11,13,64,90,239,158,58,43,9,20,12,0,0,8,32,59,71,30
14,51,47,22,0,0,3,6,12,76,104,101,80,10,8,10,2,12,13,46,50,64,50,11
9,13,30,23,6,0,3,0,2,6,13,14,10,13,0,0,0,5,38,29,40,11,10,0
0,0,5,4,13,50,54,23,9,59,51,67,72,18,39,7,10,0,23,19,11,0,12,6
4,0,7,12,39,59,68,72,70,63,82,72,79,67,62,58,21,8,12,15,5,1,5,10
3,3,12,10,50,59,69,94,112,112,121,139,160,135,103,67,53,10,13,10,0,0,4,0
0,1,7,10,52,67,92,123,141,137,130,160,167,163,143,85,57,54,59,4,0,0,2,0
0,0,1,7,59,85,86,120,137,137,105,134,169,167,148,101,62,12,7,0,0,0,0,0
4,7,3,5,50,67,103,104,129,113,105,172,194,181,140,103,61,18,0,0,0,0,7,3
0,1,9,19,12,62,98,135,169,158,142,182,244,217,149,108,61,12,12,12,0,0,1,0
0,4,6,14,39,58,101,162,201,200,190,191,204,241,183,126,78,48,30,5,9,0,0,0
0,0,0,9,33,84,122,182,178,157,160,172,181,213,199,132,101,28,16,14,7,4,7,0
0,0,0,11,46,75,113,137,135,142,160,160,152,167,163,134,105,66,11,14,7,3,9,4
0,0,10,9,50,54,72,115,105,93,136,152,143,133,138,119,102,62,31,6,0,2,0,0
0,8,0,10,26,67,60,112,114,101,117,134,151,141,123,103,80,50,13,14,6,8,10,0
0,5,11,7,14,66,101,111,94,108,131,130,145,112,83,76,62,56,13,5,10,0,7,0
0,3,14,18,35,46,53,87,113,125,165,160,132,122,97,89,59,25,17,14,12,9,7,5
0,1,7,12,14,61,96,96,76,112,128,128,120,79,75,104,78,28,14,5,7,0,1,3
1,10,7,46,56,65,80,108,112,109,127,142,133,114,117,121,109,91,27,7,0,5,3,2
1,2,14,33,35,48,90,72,85,114,165,163,148,131,121,110,102,100,50,29,15,7,9,11
0,0,12,41,61,100,119,102,103,119,143,162,155,117,87,107,101,84,82,41,24,13,8,8
0,6,17,38,66,101,121,121,114,111,187,171,120,128,145,141,120,113,75,58,27,10,9,5
0,1,14,66,81,112,121,133,126,120,125,128,131,138,147,146,131,108,101,105,14,12,9,0
0,0,25,91,103,110,121,137,128,114,104,106,122,137,147,145,129,105,106,57,14,10,11,9
3,7,14,83,101,113,129,134,124,111,106,105,113,129,140,137,122,112,121,91,20,9,3,1
0,10,27,84,108,109,117,116,113,108,101,92,104,116,133,132,126,107,102,68,14,1,2,0
0,8,35,57,108,112,115,108,102,101,100,103,82,119,121,118,110,109,82,16,13,10,7,10
1,9,34,71,100,111,123,114,105,58,64,58,65,106,111,107,104,103,44,30,14,9,12,0
0,1,13,59,84,86,101,104,95,67,58,54,54,74,67,74,75,59,41,8,7,11,11,8
2,8,14,56,118,135,102,68,72,53,51,49,43,62,63,98,87,78,29,13,13,9,0,11
2,5,38,66,111,162,97,55,55,54,55,51,48,56,73,103,145,78,39,29,12,6,8,0
8,5,37,61,99,102,57,31,53,26,14,26,51,54,55,75,108,107,36,15,8,2,5,8
0,4,35,63,67,58,50,52,17,10,12,6,12,21,47,64,52,66,47,5,0,0,8,4
0,6,32,54,54,42,13,12,12,10,6,8,11,27,47,35,63,60,57,11,8,0,0,4
0,4,11,50,50,27,14,8,1,0,0,0,11,15,33,55,50,53,65,38,13,0,5,0
0,0,5,13,22,8,8,0,0,4,0,0,12,20,23,28,50,52,51,28,10,3,0,0
0,2,0,3,11,4,3,4,5,5,8,4,8,21,18,34,51,51,41,15,5,3,5,0
0,0,0,0,0,0,5,6,8,11,0,4,13,15,14,34,50,47,30,11,12,7,11,0
0,0,0,0,6,1,0,0,7,9,12,12,9,10,13,14,41,33,56,45,13,10,12,8
2,6,3,1,6,0,0,4,9,7,6,9,11,10,8,14,33,58,51,30,8,9,7,16
3,8,9,9,9,9,11,9,5,0,0,4,2,7,8,29,54,25,12,13,8,5,9,7
0,7,13,5,11,10,4,1,0,3,0,0,0,9,14,13,7,10,13,4,7,12,5,0
5,10,13,6,3,2,4,6,7,0,3,3,8,13,10,10,6,12,12,14,11,1,8,2

51,14,4,0,0,1,0,10,13,50,62,57,10,10,3,8,4,8,7,0,0,13,63,105
41,50,35,10,0,7,11,13,64,91,241,159,58,45,9,21,12,0,0,8,33,58,71,29
14,51,47,23,0,0,4,6,12,76,104,101,80,10,8,10,2,12,13,47,50,64,50,11
9,13,29,23,6,0,3,0,2,6,13,14,10,13,0,0,0,5,37,28,41,11,10,0
0,0,5,4,13,51,54,24,8,58,51,67,71,19,39,7,10,0,23,19,11,0,12,6
4,0,7,12,39,59,68,73,70,63,81,72,80,67,62,58,21,8,12,15,5,1,5,10
3,3,12,10,50,59,69,94,112,112,120,138,161,137,104,67,52,10,13,10,0,0,4,0
1,0,7,10,52,67,93,123,142,136,129,158,167,164,144,86,57,54,59,4,0,0,2,0
0,0,1,7,60,85,86,120,137,136,104,132,168,167,149,101,62,12,7,0,0,0,0,0
4,7,3,5,50,67,103,104,127,111,104,170,192,180,140,104,61,20,0,0,0,0,7,3
0,1,9,19,12,62,98,134,166,155,140,179,241,216,150,109,61,12,12,12,0,0,1,0
0,4,6,14,38,59,101,161,200,199,190,191,203,240,185,128,79,48,31,5,9,0,0,0
0,0,0,9,36,86,122,181,177,159,162,175,182,210,199,133,101,29,16,14,7,4,7,0
0,0,0,11,48,76,113,137,136,144,163,163,154,167,162,134,105,66,11,14,8,4,9,4
0,0,11,10,50,54,72,116,106,94,138,154,144,133,139,119,103,63,31,6,0,2,0,0
0,8,0,10,26,67,60,113,115,103,119,136,152,142,124,104,80,50,13,14,6,8,10,0
0,5,11,7,14,66,101,111,95,109,132,131,146,113,84,76,62,56,13,5,10,0,7,0
0,3,14,18,35,46,54,88,114,126,167,162,133,124,98,89,59,25,17,14,12,9,7,5
0,1,7,12,14,60,95,96,77,113,128,129,120,79,75,104,76,24,13,5,7,0,1,3
1,10,7,45,55,64,79,107,112,109,128,142,133,114,116,120,108,87,21,6,0,4,3,2
0,2,14,33,34,48,90,71,85,113,165,163,148,131,121,110,102,98,49,28,15,7,9,11
0,0,11,41,60,99,119,102,103,119,143,161,153,117,86,106,101,83,82,41,23,13,8,8
0,6,17,38,66,101,121,121,113,111,186,170,119,127,145,141,119,113,74,58,27,10,9,5
0,0,14,67,80,112,120,133,126,120,124,128,130,138,147,146,131,108,101,105,14,12,9,0
0,0,25,91,103,110,121,137,128,114,104,106,121,136,147,145,129,105,106,57,14,10,11,9
3,7,14,84,101,113,129,134,124,111,106,105,113,129,140,137,122,112,121,91,20,9,3,1
0,10,27,84,108,109,117,116,113,108,101,92,104,116,132,132,126,107,102,68,14,1,2,0
0,8,35,57,108,112,115,108,102,101,100,103,82,119,121,118,110,109,82,16,13,10,7,10
1,9,33,71,100,111,123,114,105,58,64,58,64,106,111,107,104,102,44,30,14,9,12,0
0,1,13,59,84,86,101,104,95,68,58,54,54,75,67,74,76,59,41,8,7,11,11,8
2,8,14,56,118,136,102,68,73,53,51,49,43,62,63,99,87,78,29,13,13,9,0,11
2,5,38,66,112,163,97,55,56,54,55,51,48,56,74,103,145,78,39,29,12,6,8,0
8,5,38,61,99,102,57,32,53,26,14,26,51,54,56,75,108,107,36,15,8,2,5,8
0,4,35,63,67,58,50,52,18,10,12,6,12,22,50,64,52,66,49,5,0,0,8,4
0,6,32,54,54,43,13,13,12,10,6,8,11,28,47,35,63,60,57,11,8,0,0,4
0,4,11,50,50,27,14,8,1,0,0,0,12,16,33,55,50,53,65,37,13,0,5,0
0,0,5,14,22,9,8,0,0,4,0,0,12,20,23,28,50,52,51,28,10,3,0,0
0,2,0,3,11,4,3,4,5,5,8,4,8,21,19,34,51,51,41,16,5,3,5,0
0,0,0,0,0,0,5,6,8,11,0,4,13,16,14,35,50,48,30,11,12,7,11,0
0,0,0,0,6,1,0,0,8,9,12,12,9,10,13,14,41,33,56,43,13,10,12,8
2,6,4,1,7,0,0,4,9,8,6,9,11,10,8,14,34,58,51,33,8,9,8,16
3,8,9,9,9,9,12,9,5,0,0,4,3,7,8,29,55,26,12,13,8,5,9,7
0,7,13,5,11,10,4,1,0,3,0,0,0,9,14,13,7,10,13,4,7,12,5,0
5,10,13,6,3,2,4,6,7,0,3,3,8,13,10,10,6,12,12,14,11,1,8,2

51,14,4,0,0,1,0,10,13,50,62,57,10,10,3,8,4,8,7,0,0,13,63,106
40,50,36,10,0,7,11,13,64,91,242,159,58,43,9,21,12,0,0,8,32,58,71,30
14,51,47,22,0,0,4,6,12,76,104,101,80,10,8,10,2,12,13,43,50,64,50,11
9,13,29,23,6,0,3,0,2,6,13,14,10,13,0,0,0,5,37,27,40,10,10,0
0,0,5,4,13,51,54,23,8,58,50,67,71,19,38,7,9,0,23,19,11,0,12,6
4,0,7,12,40,59,68,73,70,63,81,72,79,67,62,58,21,8,12,15,5,1,5,10
3,3,12,10,50,59,69,94,112,112,120,138,161,137,104,67,52,10,13,10,0,0,4,0
0,1,7,9,51,67,92,123,141,136,128,158,166,164,144,85,57,54,59,4,0,0,2,0
0,0,0,6,59,85,86,119,136,136,104,132,166,166,148,101,62,12,7,0,0,0,0,0
4,7,3,5,49,67,103,104,126,110,104,169,190,179,140,104,61,19,0,0,0,0,7,3
0,2,9,18,12,62,97,133,163,154,139,177,238,214,149,109,61,12,12,12,0,0,1,0
0,4,6,14,38,59,101,160,199,199,190,191,202,239,185,129,79,49,31,5,9,0,0,0
0,0,0,9,38,86,122,180,178,162,164,177,184,210,198,133,102,29,16,13,7,4,7,0
0,0,0,11,48,76,113,137,137,146,166,166,157,168,162,134,106,67,11,14,8,4,9,4
0,0,11,10,51,54,72,116,107,96,140,157,145,134,139,119,103,62,31,7,0,2,0,0
0,8,0,10,26,67,60,113,116,104,120,137,154,143,125,104,81,50,13,14,6,8,10,0
0,5,12,7,14,67,101,112,96,110,133,132,147,114,84,76,62,56,14,5,10,0,7,0
0,3,14,18,35,47,54,89,116,128,169,164,135,125,99,89,59,24,17,14,12,9,7,5
0,1,7,12,14,58,93,95,77,113,129,130,121,80,75,103,74,19,13,4,7,0,1,2
0,10,6,43,55,63,78,107,111,109,128,142,134,115,116,119,108,85,15,6,0,4,3,2
1,1,14,33,34,47,89,71,84,113,165,162,148,131,120,110,102,96,49,28,14,7,9,11
0,0,11,40,60,97,119,101,103,118,142,161,152,116,86,106,100,83,82,41,23,13,8,8
0,6,16,38,65,101,121,121,113,111,185,169,119,126,144,140,119,113,74,58,27,10,9,5
0,0,14,66,80,111,120,133,126,120,124,127,130,137,146,146,131,108,101,105,14,12,9,0
0,0,25,90,103,109,121,137,128,114,104,106,121,136,147,145,129,105,106,56,14,10,11,9
3,7,14,84,101,113,129,133,124,111,106,105,113,129,140,137,122,112,121,91,20,9,3,1
0,10,27,84,108,109,117,116,113,108,101,92,104,116,132,132,126,107,102,68,14,1,2,0
0,8,34,57,108,112,115,108,102,101,100,103,82,119,121,118,110,109,82,16,13,10,7,10
1,9,34,71,100,111,123,114,105,58,64,58,65,106,111,107,104,103,45,29,14,9,12,0
0,1,13,59,84,86,101,104,95,68,58,54,54,75,67,75,75,59,41,8,7,11,11,8
2,8,14,56,118,136,102,68,72,53,51,48,44,62,64,98,87,77,29,13,13,9,0,11
2,5,38,66,112,163,97,55,56,54,56,51,48,56,74,103,145,78,39,29,12,6,8,0
8,6,38,61,99,102,57,32,53,26,14,26,51,54,56,75,108,107,36,15,8,2,5,8
0,5,35,63,67,58,50,52,18,10,12,6,12,23,49,64,52,66,48,5,0,0,8,4
0,6,32,54,54,42,13,13,12,10,6,8,11,27,47,35,63,60,57,11,8,0,0,4
0,4,11,50,50,27,14,8,2,0,0,0,12,15,33,55,50,53,64,38,13,0,5,0
0,0,5,14,23,9,8,0,0,5,0,0,12,20,24,28,50,52,51,28,10,3,0,0
0,2,0,3,11,4,3,4,5,5,8,4,8,21,19,35,51,51,41,16,5,3,5,0
0,0,0,0,0,0,5,6,8,11,0,4,13,15,14,35,50,48,30,11,12,7,11,0
0,0,0,0,6,2,0,0,8,9,12,12,9,10,13,14,42,33,56,44,13,10,12,8
2,6,4,1,7,0,0,4,9,8,6,9,11,10,8,14,33,58,51,33,8,9,8,16
3,8,9,9,9,9,12,9,5,0,0,4,3,7,8,29,55,26,12,13,8,5,9,7
0,7,13,5,11,10,5,1,0,3,0,0,0,9,14,13,7,10,13,5,7,12,5,0
5,10,14,6,3,2,4,6,7,0,3,3,8,13,10,10,6,12,12,14,11,1,8,2

51,14,4,0,0,1,0,10,13,50,62,56,10,10,3,8,4,8,7,0,0,13,63,106
40,50,35,10,0,7,11,13,64,91,240,159,58,45,9,20,12,0,0,8,33,59,71,30
14,51,47,22,0,0,4,6,12,76,104,101,80,10,8,10,2,12,13,45,50,64,50,11
9,13,29,23,6,0,3,0,2,6,12,14,10,13,0,0,0,5,37,28,40,10,10,0
0,0,5,4,13,51,54,25,8,58,51,67,71,19,39,7,9,0,23,19,11,0,12,6
4,0,7,12,39,60,68,73,70,63,81,72,80,68,62,58,21,8,12,15,5,1,5,10
3,3,12,10,50,59,69,94,112,112,121,138,161,137,104,67,52,10,13,10,0,0,4,0
0,1,7,10,52,67,93,123,142,137,129,159,167,164,144,86,57,54,59,4,0,0,2,0
0,0,0,7,59,86,86,120,137,137,104,133,168,166,148,101,62,12,7,0,0,0,0,0
4,7,3,5,50,67,103,104,127,112,105,171,192,180,140,104,61,19,0,0,0,0,7,3
0,2,9,19,12,62,98,134,166,156,141,180,241,215,149,109,61,12,12,12,0,0,1,0
0,4,6,14,39,59,101,160,199,198,190,191,201,239,184,128,79,48,32,5,9,0,0,0
0,0,0,9,36,86,122,180,177,160,163,176,183,210,199,133,102,29,16,14,7,4,7,0
0,0,0,11,48,76,113,137,137,145,164,165,155,167,162,134,105,67,11,14,8,4,9,4
0,1,11,10,50,54,72,116,107,95,139,156,145,134,139,119,103,62,31,7,0,2,0,0
0,8,0,10,26,67,60,113,115,104,120,137,153,143,124,104,81,50,13,14,6,8,10,0
0,5,12,7,14,67,101,111,96,110,132,132,147,114,84,76,62,56,13,5,10,0,7,0
0,3,14,18,35,47,54,88,115,127,168,164,134,125,99,89,59,24,18,14,12,9,7,5
0,1,7,12,14,58,94,95,77,113,129,129,121,80,75,103,75,21,13,4,7,0,1,2
0,11,7,45,55,63,79,107,112,109,128,142,133,115,116,120,108,87,19,6,0,4,3,2
1,1,14,33,35,47,90,71,84,113,165,163,148,131,120,110,102,97,49,28,14,7,9,11
0,0,11,40,60,98,119,102,103,118,143,161,153,116,86,106,101,83,82,41,23,13,8,8
0,6,17,38,65,101,121,121,113,111,185,169,119,127,144,141,119,113,74,58,27,10,9,5
0,0,14,67,80,112,120,133,126,120,124,127,130,138,146,146,131,108,101,105,14,12,9,0
0,0,25,92,103,110,121,137,128,114,104,106,121,136,147,145,129,105,106,57,14,10,11,9
3,7,14,84,101,113,129,134,124,111,106,105,113,129,140,137,122,112,121,91,20,9,3,1
0,10,27,84,108,109,117,116,113,107,101,91,104,116,132,132,126,107,102,68,14,1,2,0
0,8,35,57,108,112,115,108,102,101,100,103,82,119,121,118,110,109,82,16,13,10,7,10
1,9,34,71,100,111,123,114,105,58,64,58,64,106,111,107,104,102,45,29,14,9,12,0
0,1,13,59,84,86,101,104,95,68,58,54,54,75,67,75,76,59,41,8,7,11,11,8
2,8,14,56,118,136,102,68,72,53,51,48,44,62,64,99,87,78,29,13,13,9,0,11
2,5,40,66,111,163,97,55,56,54,56,51,48,56,74,103,145,78,39,29,12,6,8,0
8,5,37,61,99,102,57,32,53,27,14,26,51,54,56,75,108,107,36,16,8,3,5,8
0,5,34,63,67,58,50,52,18,10,12,6,12,22,49,64,52,65,48,5,0,0,8,4
0,6,32,54,54,42,13,12,12,11,6,8,11,27,47,35,63,59,57,11,8,0,0,4
0,4,11,50,50,27,14,8,2,0,0,0,12,15,33,55,50,53,64,38,13,0,5,0
0,0,5,14,22,9,8,0,0,4,0,0,12,20,22,28,50,52,51,28,10,3,0,0
0,2,0,3,11,5,3,4,5,6,8,5,8,21,18,34,51,51,41,16,5,3,5,0
0,0,0,0,0,0,5,6,8,11,0,4,13,16,14,34,50,47,30,11,12,7,11,0
0,0,0,0,6,1,0,0,8,9,12,12,9,10,13,14,41,33,56,43,13,10,12,8
2,6,4,1,7,0,0,4,9,8,6,9,11,10,7,14,33,58,51,33,8,9,8,16
4,8,9,9,9,9,11,9,5,0,0,4,3,7,8,29,55,26,12,13,8,5,9,7
0,7,13,5,11,10,4,1,0,3,0,0,0,9,14,13,7,10,13,4,7,12,5,0
5,10,14,6,3,2,4,6,7,0,3,3,8,13,10,10,6,12,12,14,11,2,8,2

51,14,4,0,0,1,0,10,13,50,62,56,9,10,2,8,4,8,7,0,0,13,63,105
41,50,36,10,0,7,11,13,64,90,239,158,58,43,9,20,12,0,0,8,33,59,71,30
14,51,47,23,0,0,3,6,12,76,104,101,79,10,8,10,2,12,13,46,51,64,50,11
9,13,30,23,6,0,3,0,2,6,13,14,10,13,0,0,0,5,37,28,40,11,10,0
0,0,5,4,13,50,54,24,8,59,51,67,71,19,39,7,10,0,23,19,11,0,12,6
4,0,7,12,39,59,68,73,70,64,82,72,80,68,62,58,21,8,12,15,5,1,5,10
3,3,12,10,50,59,69,94,112,112,121,139,161,136,104,67,53,10,13,10,0,0,4,0
1,1,7,10,52,68,93,123,142,137,130,160,168,164,144,86,57,54,59,4,0,0,2,0
0,0,1,7,60,86,86,120,137,137,105,134,169,167,149,101,63,12,7,0,0,0,0,0
4,7,3,5,50,67,103,105,128,113,105,172,194,181,141,104,61,19,0,0,0,0,7,3
0,2,9,19,12,62,98,135,167,157,141,181,243,217,149,109,61,12,12,12,0,0,1,0
0,4,6,14,39,59,101,161,199,199,190,190,203,240,184,127,79,48,31,5,9,0,0,0
0,0,0,9,34,85,121,181,177,158,161,174,182,210,198,132,101,29,16,14,7,4,7,0
0,0,0,11,48,76,113,136,136,143,162,162,153,167,162,134,105,66,11,14,8,4,9,4
0,0,11,10,50,54,72,116,105,94,137,154,144,133,138,119,102,62,31,6,0,2,0,0
0,8,0,10,28,67,60,113,115,102,118,136,152,142,124,104,80,50,13,14,6,8,10,0
0,5,12,7,14,66,101,111,95,109,132,131,146,113,84,76,62,56,13,5,10,0,7,0
0,3,14,18,35,46,54,88,114,126,167,162,133,124,99,89,59,25,17,14,12,9,7,5
0,1,7,12,14,60,95,96,77,113,128,129,120,79,75,104,77,25,14,5,7,0,1,3
0,11,7,47,55,64,80,107,112,109,128,142,133,115,117,121,109,89,24,7,0,4,3,2
1,1,14,33,35,48,90,71,85,113,165,163,148,131,121,110,102,99,50,28,15,7,9,11
0,0,12,42,60,99,119,102,103,119,143,162,154,117,87,106,101,84,82,41,23,13,8,8
0,6,17,38,66,101,121,121,113,111,186,170,120,127,145,141,120,113,75,58,27,10,9,5
0,1,14,66,81,112,121,133,126,120,125,128,131,138,147,146,131,109,101,105,14,12,9,0
0,0,25,92,103,110,121,137,128,114,104,106,121,136,147,145,129,105,106,57,14,10,11,9
3,7,14,83,101,113,129,134,124,111,106,105,113,129,140,137,122,112,121,91,20,9,3,1
0,10,27,84,108,109,117,116,113,107,101,91,104,116,132,132,126,107,102,68,14,1,2,0
0,8,34,58,108,112,115,107,102,101,100,103,82,119,120,118,110,109,83,17,13,10,7,10
1,9,34,71,100,111,123,114,105,58,64,58,64,106,111,107,104,102,45,29,14,9,12,0
0,1,13,59,84,86,101,104,95,68,58,54,54,74,67,75,75,59,41,8,7,11,11,8
2,8,14,56,118,136,102,68,72,53,51,48,43,62,64,98,87,78,29,13,13,9,0,11
2,5,38,66,111,163,97,55,56,54,56,51,50,56,74,103,145,78,39,29,12,6,8,0
8,5,38,61,99,102,57,32,53,26,14,26,51,54,56,75,108,107,36,16,8,2,5,8
0,5,34,62,66,58,50,52,18,10,12,6,12,23,49,64,52,65,48,5,0,0,8,4
0,6,32,54,54,42,13,12,12,10,6,8,11,26,48,35,63,60,57,11,8,0,0,4
0,5,11,50,50,26,14,8,2,0,0,0,12,16,33,55,50,53,65,38,13,0,5,0
0,0,5,14,22,9,8,0,0,4,0,0,12,19,22,28,50,52,51,28,10,3,0,0
0,2,0,3,11,5,3,4,5,6,8,5,8,21,19,34,51,51,41,16,5,3,5,0
0,0,0,0,0,0,5,6,8,11,0,4,13,15,14,35,50,49,30,11,12,7,11,0
0,0,0,0,6,1,0,0,7,9,12,12,9,10,13,14,42,32,56,43,13,10,12,8
2,6,4,1,7,0,0,4,10,8,6,9,11,10,7,14,33,58,51,33,8,9,7,16
4,8,9,9,9,9,11,9,5,0,0,4,2,7,8,29,55,25,12,13,8,5,9,7
0,7,14,5,11,10,4,1,0,4,0,0,0,9,14,13,7,10,13,5,7,12,5,0
5,10,14,6,3,2,4,6,7,1,3,3,8,13,10,10,6,12,12,14,11,1,8,2

51,14,4,0,0,1,0,10,13,50,62,57,10,10,2,8,4,8,7,0,0,13,63,105
43,50,36,10,0,7,11,13,64,90,237,158,58,44,9,20,12,0,0,9,33,59,71,30
14,51,47,25,0,0,3,6,12,75,104,101,80,10,8,10,2,12,13,46,51,64,50,11
9,13,30,23,6,0,4,0,2,6,13,14,10,13,0,0,0,5,37,29,40,11,10,0
0,0,5,4,13,51,55,25,8,59,51,67,72,20,41,7,10,0,23,19,11,0,12,6
4,0,7,12,39,60,68,73,70,64,82,73,80,67,62,58,22,8,12,15,5,1,5,10
3,3,12,10,50,59,69,94,112,113,121,140,161,136,104,67,53,10,13,10,0,0,4,0
1,1,7,10,52,68,93,123,142,138,130,161,169,165,145,86,57,54,59,4,0,0,2,0
0,0,1,7,60,86,87,121,138,138,105,135,170,169,150,102,63,12,7,0,0,0,0,0
4,7,3,5,50,67,104,105,129,113,104,172,195,183,141,105,62,20,0,0,0,0,7,3
0,2,9,20,12,62,98,135,168,157,141,182,244,218,150,109,61,12,12,12,0,0,1,0
0,4,6,14,39,59,101,161,200,199,190,190,203,240,183,126,78,47,30,5,9,0,0,0
0,0,0,9,34,84,121,182,177,157,160,172,180,211,198,132,101,28,16,14,7,4,7,0
0,0,0,11,48,76,113,136,135,142,160,160,151,166,163,133,105,66,11,14,7,3,9,4
0,0,11,10,50,54,71,115,105,93,136,152,143,133,138,119,102,62,29,6,0,2,0,0
0,8,0,10,26,67,60,112,114,101,117,134,151,141,123,103,80,50,13,14,6,8,10,0
0,5,11,7,14,66,101,111,94,109,131,130,145,113,84,76,62,56,13,5,10,0,7,0
0,3,14,18,35,47,54,87,114,125,166,161,132,123,98,89,59,25,18,14,12,9,7,5
0,1,7,12,14,60,96,97,77,112,128,128,120,79,75,104,78,28,14,5,7,0,1,3
0,11,7,48,56,65,80,108,112,109,127,142,133,114,117,121,109,91,26,7,0,4,3,2
1,1,15,33,35,48,90,72,85,114,165,163,148,131,121,110,102,100,50,28,15,7,9,11
0,0,12,42,61,100,119,102,103,119,144,163,156,117,87,107,101,84,82,41,24,13,8,8
0,6,18,38,66,101,121,122,114,111,187,171,120,128,145,141,120,113,75,58,28,10,9,5
0,1,15,67,81,112,121,133,126,120,125,128,131,138,147,146,132,109,101,105,14,12,9,0
0,0,27,92,103,110,121,137,128,114,104,106,122,136,147,145,129,105,106,57,14,10,11,9
3,8,14,83,101,113,129,134,124,111,106,105,113,129,140,137,122,112,121,92,20,9,3,1
0,10,28,85,108,109,117,116,113,108,101,92,104,116,133,132,126,107,102,68,14,1,2,0
0,8,35,57,108,112,115,107,102,101,100,103,82,119,120,118,110,109,82,16,13,10,7,10
1,9,34,71,100,111,123,114,105,58,64,58,64,106,111,107,104,102,45,29,14,9,12,0
0,1,13,59,84,86,101,104,95,68,58,54,54,74,67,75,75,59,41,8,7,11,11,8
2,8,14,56,118,136,102,68,72,53,51,48,43,62,64,99,87,78,29,13,13,9,0,11
2,5,40,66,111,162,97,55,55,54,55,51,47,56,74,103,145,78,39,29,12,6,8,0
8,6,38,61,98,102,57,32,53,27,14,26,51,54,56,75,108,107,36,16,8,3,6,8
0,5,33,62,66,58,50,52,18,10,12,6,11,21,49,64,52,65,48,5,0,0,8,4
0,6,32,54,53,42,13,12,12,10,6,8,11,27,47,35,63,59,57,11,8,0,0,4
0,4,11,50,50,27,14,8,1,0,0,0,11,16,34,55,50,53,65,38,13,0,5,0
0,0,5,13,21,9,8,0,0,4,0,0,12,20,23,28,50,52,51,29,10,3,0,0
0,2,0,3,11,4,3,4,5,6,8,5,8,20,19,34,51,51,40,16,5,3,5,0
0,0,0,0,0,0,5,6,8,11,0,4,13,15,14,34,50,48,30,11,12,7,11,0
0,0,0,0,6,1,0,0,7,9,12,12,9,10,13,14,43,33,56,43,13,10,12,8
2,6,4,1,6,0,0,4,10,9,6,9,11,10,7,14,33,58,51,33,8,9,7,16
3,8,9,9,9,9,12,9,5,0,0,4,2,7,8,30,55,25,12,13,8,5,9,7
0,7,14,5,11,10,4,1,0,4,0,0,0,9,14,13,7,10,13,5,7,12,5,0
5,10,13,6,3,2,4,6,7,1,3,3,8,13,10,10,6,12,12,14,11,1,8,2

51,14,4,0,0,1,0,10,13,50,62,57,9,10,2,8,4,8,7,0,0,13,63,105
41,50,35,10,0,7,11,13,64,90,238,158,58,43,9,20,12,0,0,8,35,59,71,30
14,51,48,25,0,0,3,6,12,75,104,101,79,10,8,10,2,12,13,46,50,64,50,11
9,13,30,23,6,0,4,0,2,6,12,14,10,13,0,0,0,5,38,29,40,11,10,0
0,0,5,4,13,51,55,25,9,59,51,67,71,20,40,7,10,0,23,19,11,0,12,6
4,0,7,12,40,59,68,73,70,64,82,73,80,67,62,58,22,8,12,15,5,1,5,10
3,3,12,10,50,59,69,94,112,113,122,140,162,137,104,67,53,10,13,10,0,0,4,0
1,1,7,10,52,68,93,123,142,138,131,161,169,165,145,86,57,54,59,3,0,0,2,0
0,0,1,7,60,86,87,121,138,138,105,135,171,169,150,102,63,12,7,0,0,0,0,0
4,7,3,5,50,67,104,105,129,114,105,172,195,183,141,105,62,19,0,0,0,0,7,3
0,2,10,19,12,62,98,136,170,159,142,182,244,218,150,109,61,12,12,12,0,0,1,0
0,4,6,14,39,59,101,161,201,200,190,190,203,240,182,126,78,47,30,5,9,0,0,0
0,0,0,9,32,85,121,182,177,157,159,171,180,212,198,132,101,28,15,14,7,4,7,0
0,0,0,11,47,75,113,136,135,142,159,159,150,166,163,133,105,66,11,14,7,3,9,4
0,0,11,10,50,54,71,115,104,93,136,152,143,132,138,119,102,62,31,6,0,2,0,0
0,8,0,10,28,67,60,112,114,101,117,134,150,141,123,103,80,50,13,13,6,8,10,0
0,5,11,7,14,66,100,111,94,108,130,130,145,112,83,76,62,55,13,5,10,0,7,0
0,3,14,18,35,46,53,87,113,125,165,160,131,123,98,89,59,25,17,14,12,8,7,5
0,1,7,12,14,61,98,97,76,112,128,128,120,79,75,104,79,29,14,5,7,0,1,3
0,11,7,49,56,65,81,108,112,109,127,141,133,114,117,122,109,91,29,7,0,5,3,2
2,2,15,33,35,48,90,72,86,114,166,163,148,132,122,110,102,100,50,28,15,7,9,11
0,0,12,42,61,100,119,102,103,120,144,163,156,117,88,107,101,84,83,41,24,13,8,8
0,6,18,38,66,102,121,122,114,111,187,171,120,128,145,141,120,113,75,58,28,11,9,5
0,1,15,67,81,112,121,133,126,120,125,128,131,138,147,146,132,109,101,105,14,12,9,0
0,0,27,92,103,110,121,137,128,114,104,106,122,137,147,145,129,105,106,57,14,10,11,9
3,8,14,84,101,113,129,134,124,110,106,105,113,129,140,137,122,112,121,91,20,9,3,1
0,10,29,84,108,109,117,116,113,108,101,92,104,116,132,132,126,107,102,68,14,1,2,0
0,8,35,57,108,113,115,107,102,101,100,103,82,119,120,118,110,109,83,17,13,10,7,10
1,9,34,71,100,111,123,114,105,58,64,58,64,106,111,107,104,102,45,29,14,9,12,0
0,1,13,59,84,85,101,104,95,68,58,54,54,74,67,75,75,59,41,8,7,11,11,8
2,8,14,56,118,136,102,68,72,53,51,49,44,62,64,98,87,78,29,13,13,9,0,11
2,5,38,66,111,163,97,55,56,54,56,51,50,56,74,103,145,78,39,29,13,6,8,0
8,5,38,61,98,102,57,32,53,25,14,26,51,54,56,75,108,107,36,16,8,3,5,8
0,5,35,63,66,58,49,52,16,10,12,6,11,21,49,64,52,65,48,5,0,0,8,4
0,6,32,54,53,41,13,13,12,10,6,8,11,27,48,35,63,59,57,11,8,0,0,4
0,5,11,50,50,26,14,8,2,0,0,0,12,16,34,55,50,53,64,38,13,0,5,0
0,0,5,13,22,9,8,0,0,4,0,0,12,19,22,28,50,52,51,28,10,3,0,0
0,2,0,3,11,4,3,4,5,6,8,5,8,21,19,34,51,51,41,16,5,3,5,0
0,0,0,0,0,0,5,6,8,11,0,4,13,15,14,35,50,48,30,11,12,7,11,0
0,0,0,0,5,1,0,0,7,9,12,12,9,10,13,14,41,33,55,43,13,10,12,8
2,6,4,1,7,0,0,5,10,9,6,9,11,11,7,15,33,58,51,30,8,9,8,16
3,8,9,9,9,9,11,9,5,0,0,4,2,7,8,30,54,25,12,13,8,5,8,7
0,7,13,5,11,10,4,1,0,4,0,0,0,9,14,13,7,10,13,5,7,12,5,0
5,10,14,6,3,2,4,6,7,1,3,3,8,13,10,10,6,12,12,14,11,1,8,2

51,14,4,0,0,1,0,10,13,50,62,57,9,10,2,8,4,8,7,0,0,13,63,106
40,50,36,10,0,7,11,13,64,90,237,157,58,43,9,20,12,0,0,8,33,59,72,31
14,51,47,26,0,0,3,6,12,75,104,101,80,10,8,10,2,12,13,46,51,64,50,11
9,13,30,23,6,0,4,0,2,6,12,14,10,13,0,0,0,5,38,30,42,11,10,0
0,0,5,5,13,50,55,25,9,59,51,67,71,20,41,7,10,0,23,19,11,0,12,6
4,0,7,12,40,60,68,72,70,64,82,73,80,68,62,58,22,8,12,15,5,1,5,10
3,3,12,10,50,59,69,94,112,113,122,140,162,137,104,67,53,10,13,10,0,0,4,0
1,1,7,10,52,67,93,123,142,138,131,161,169,165,145,86,57,54,59,4,0,0,2,0
0,0,1,7,60,86,87,121,138,138,105,135,171,169,150,102,63,12,7,0,0,0,0,0
4,7,3,5,50,67,103,105,129,114,105,173,195,182,141,104,62,19,0,0,0,0,7,3
0,2,10,19,12,62,99,136,170,159,142,183,244,218,149,109,61,12,12,12,0,0,1,0
0,4,6,14,40,59,101,162,201,200,190,191,204,241,183,127,78,47,30,5,9,0,0,0
0,0,0,9,34,85,122,182,177,157,160,172,180,212,199,132,101,28,16,14,7,4,7,0
0,0,0,11,48,76,113,136,135,142,160,160,151,166,163,133,105,66,11,14,7,4,9,3
0,1,11,9,50,54,71,115,104,93,136,152,143,132,138,118,102,62,29,6,0,2,0,0
0,8,0,10,26,67,60,112,114,101,117,134,150,141,123,103,80,50,13,13,6,8,10,0
0,5,11,7,14,66,101,111,94,108,131,130,145,112,83,76,62,55,13,5,10,0,7,0
0,3,14,18,35,47,54,87,113,125,165,160,131,123,98,89,60,25,17,14,12,9,7,5
0,1,7,12,14,61,97,96,76,112,128,128,120,79,75,104,79,29,14,5,7,0,1,3
0,11,7,48,55,64,80,108,112,109,127,141,133,114,117,121,109,91,26,7,0,5,3,2
1,1,15,33,35,48,90,72,85,114,165,163,148,131,121,110,102,100,50,29,15,7,9,11
0,0,12,41,61,100,119,102,103,119,144,163,156,117,87,107,101,84,82,41,24,13,8,8
0,6,18,38,66,101,121,121,114,111,187,171,120,127,145,141,120,113,75,58,28,11,9,5
0,1,15,67,81,112,121,133,126,120,125,128,131,138,147,146,131,109,101,105,14,12,9,0
0,0,27,92,103,110,121,137,128,114,104,106,122,136,147,145,129,105,106,57,14,10,11,9
3,8,14,83,101,113,129,134,124,111,106,105,113,129,140,137,122,112,121,92,20,9,3,1
0,10,28,84,108,109,117,116,113,108,101,91,104,116,132,132,126,107,102,68,14,1,2,0
0,8,34,58,108,112,115,107,102,101,100,103,82,119,120,118,110,109,83,17,13,10,7,10
1,9,34,71,100,111,123,114,105,58,64,58,64,106,111,107,104,103,45,29,14,9,12,0
0,1,13,59,85,86,101,104,95,68,58,54,54,74,67,75,75,59,41,8,7,11,11,8
2,8,14,56,118,136,102,68,72,53,51,48,44,62,64,99,87,78,29,13,13,9,0,11
2,5,38,66,111,163,97,55,56,54,55,51,50,56,74,103,146,78,39,29,13,6,9,0
8,6,37,61,98,102,57,32,53,25,14,26,51,54,56,75,108,107,36,16,8,3,5,8
0,5,34,62,66,58,50,52,16,10,12,6,11,22,49,64,52,65,48,5,0,0,8,4
0,6,31,54,54,43,13,12,12,10,6,8,11,27,47,35,63,59,57,12,8,0,0,4
0,5,11,50,50,26,14,8,1,0,0,0,11,15,33,55,50,53,64,38,14,0,5,0
0,0,5,13,22,9,8,0,0,4,0,0,12,20,23,28,50,52,52,29,10,3,0,0
0,2,0,3,11,4,3,4,5,6,8,5,8,21,19,34,51,51,41,16,5,3,5,0
0,0,0,0,0,0,5,6,8,11,0,4,13,15,14,34,50,48,30,11,12,7,11,0
0,0,0,0,6,1,0,0,7,9,12,12,9,10,13,14,41,32,56,45,14,10,12,8
2,6,4,1,7,0,0,4,10,9,6,9,11,10,7,15,33,58,51,31,8,9,7,16
4,8,9,9,9,9,12,9,5,0,0,4,2,7,8,30,55,25,12,13,8,5,9,7
0,7,14,5,11,10,4,1,0,4,0,0,0,9,14,13,7,10,13,5,7,12,5,0
5,10,14,6,3,2,4,6,7,1,4,3,8,13,10,10,6,12,12,14,11,1,8,2

51,14,4,0,0,1,0,10,13,50,62,56,9,10,2,8,4,8,7,0,0,13,63,106
41,50,36,10,0,7,11,13,64,90,238,158,58,44,9,20,12,0,0,8,33,59,71,31
14,51,48,26,0,0,3,6,12,76,104,101,79,10,8,10,2,12,13,45,50,64,50,11
9,13,30,23,7,0,4,0,2,6,13,14,10,13,0,0,0,5,37,29,41,11,10,0
0,0,5,5,13,50,54,24,8,58,50,67,72,19,41,7,10,0,23,19,11,0,12,6
4,0,7,12,40,60,68,73,71,63,82,73,80,68,62,58,22,8,12,15,6,1,5,10
3,3,12,10,50,59,69,94,112,112,121,139,162,137,104,67,53,10,13,10,0,0,4,0
1,1,7,10,52,67,93,123,142,137,130,160,168,166,145,86,57,54,59,4,0,0,2,0
0,0,1,7,59,86,86,120,137,137,104,134,169,167,149,101,63,12,7,0,0,0,0,0
4,7,3,5,50,67,103,104,128,112,104,171,193,180,140,104,62,19,0,0,0,0,7,3
0,2,9,19,12,62,98,135,167,157,141,181,243,216,149,109,61,12,12,12,0,0,1,0
0,4,6,14,40,59,101,161,201,200,191,191,203,240,184,128,79,49,31,5,9,0,0,0
0,0,0,10,37,86,122,182,177,160,162,175,182,211,199,133,102,28,16,14,7,4,7,0
0,0,0,11,50,76,113,137,136,144,163,163,154,167,163,134,105,67,11,14,8,4,9,4
0,1,11,10,51,54,72,116,106,94,138,154,144,133,139,119,103,62,31,6,0,2,0,0
0,8,0,10,28,67,60,113,115,103,119,136,152,142,124,104,80,50,13,14,6,8,10,0
0,5,12,7,14,67,101,111,95,109,132,131,146,113,84,76,62,56,13,5,10,0,7,0
0,3,14,18,35,47,54,88,114,126,167,162,133,124,99,89,59,25,17,14,12,9,7,5
0,1,7,12,14,60,95,96,77,113,128,129,120,79,75,104,77,24,14,5,7,0,1,3
0,11,7,45,55,64,79,107,112,109,128,142,133,114,116,120,108,88,21,6,0,4,3,2
2,1,14,33,34,48,90,71,85,113,165,163,148,131,121,110,102,98,50,28,15,7,9,11
0,0,11,41,60,98,119,102,103,118,143,162,154,116,86,106,101,84,82,41,23,13,8,8
0,6,18,38,66,101,121,121,113,111,185,170,120,127,144,141,120,113,75,58,27,10,9,5
0,1,14,66,80,112,121,133,126,120,124,127,130,138,146,146,131,108,101,105,14,12,9,0
0,0,25,91,103,110,121,137,128,114,104,106,121,136,146,145,129,105,106,57,14,10,11,9
3,8,14,83,101,113,129,133,124,110,106,105,112,128,140,137,122,112,121,91,20,9,3,1
0,10,27,84,108,109,117,116,113,108,101,91,104,116,132,132,126,107,102,68,14,1,2,0
0,8,35,58,108,112,115,107,102,101,100,103,82,119,121,118,110,109,83,16,13,10,7,10
1,9,34,71,100,111,123,114,105,58,64,58,64,106,111,107,104,102,45,29,14,9,12,0
0,1,13,59,84,86,101,104,94,68,58,54,54,74,67,75,76,59,41,7,7,11,11,8
2,8,14,56,118,136,102,68,72,53,51,48,44,62,64,99,87,78,29,13,13,10,0,11
2,5,38,66,112,163,97,55,56,54,56,51,50,56,74,103,146,78,39,29,13,6,9,0
8,6,38,61,99,102,57,34,53,28,14,26,51,55,56,75,108,107,36,16,9,3,6,8
0,5,34,63,67,58,50,52,18,10,12,6,11,23,50,64,52,66,48,5,0,0,8,4
0,6,33,54,54,42,13,13,12,10,6,8,11,27,48,35,63,59,57,11,8,0,0,4
0,5,11,50,50,27,14,8,1,0,0,0,12,16,34,55,50,53,64,39,14,0,5,0
0,0,5,14,22,9,8,0,0,4,0,0,12,18,23,28,50,52,51,29,10,3,0,0
0,2,0,3,11,5,3,4,5,6,8,4,8,21,19,34,51,51,41,16,5,3,5,0
0,0,0,0,0,0,5,6,8,11,0,4,13,15,14,35,50,48,30,11,12,7,11,0
0,0,0,0,6,1,0,0,7,9,12,12,9,10,13,14,42,33,56,44,13,10,12,8
2,6,4,1,6,0,0,4,10,9,6,9,11,10,7,17,34,59,51,31,9,9,8,16
4,8,9,9,9,9,12,9,5,0,0,4,3,7,8,30,55,26,12,13,8,5,9,7
0,7,14,5,11,10,5,1,0,4,0,0,0,9,14,13,7,10,13,5,7,12,5,0
5,10,14,7,3,2,4,6,7,1,4,3,8,13,10,10,6,12,12,14,11,2,8,2

51,14,5,0,0,1,0,10,13,50,63,57,9,10,2,8,4,8,7,0,0,13,63,106
41,50,36,10,0,7,11,13,65,91,239,158,58,45,9,21,12,0,0,8,33,59,71,30
14,51,47,25,0,0,4,6,12,76,104,101,79,10,8,10,2,12,13,46,50,64,50,11
9,13,30,24,6,0,4,0,2,6,12,14,10,13,0,0,0,5,37,28,41,11,10,0
0,0,5,4,13,51,54,25,8,58,51,67,72,19,40,7,10,0,23,19,11,0,12,6
4,0,7,12,40,60,68,73,70,63,81,72,80,68,62,58,21,8,12,15,5,1,6,10
3,3,12,10,50,59,70,94,112,112,121,139,163,138,104,67,53,10,13,10,0,0,4,0
1,1,7,10,52,67,93,123,141,136,129,159,167,165,145,86,57,54,59,4,0,0,2,0
0,0,0,7,59,85,86,120,137,137,104,132,167,167,149,101,63,12,7,0,0,0,0,0
4,7,3,5,50,67,103,104,126,111,104,170,191,179,140,104,61,20,0,0,0,0,7,3
1,2,9,18,12,62,97,134,165,155,139,178,240,214,149,109,61,12,12,12,0,0,1,0
0,4,6,14,38,59,101,161,200,199,191,192,202,240,185,128,80,49,31,5,9,0,0,0
0,0,0,10,39,86,122,181,178,162,165,178,184,210,198,133,102,29,16,14,7,4,7,0
0,0,0,11,50,77,113,137,138,146,166,167,157,168,162,134,106,67,11,14,8,4,9,4
0,1,11,10,51,54,72,117,108,96,140,157,145,134,139,119,103,62,31,7,0,2,0,0
0,8,0,10,29,67,60,113,116,105,121,137,154,143,125,104,81,51,13,14,6,8,10,0
0,5,12,7,14,67,101,112,96,111,133,132,147,114,84,76,62,56,14,5,10,0,7,0
0,3,14,18,36,47,54,89,116,128,169,165,135,125,100,89,59,24,18,14,12,9,7,5
0,1,7,12,14,58,93,95,77,113,129,130,121,80,75,103,74,18,13,4,7,0,1,3
0,10,7,45,55,63,78,107,112,109,128,142,133,115,116,119,107,85,15,6,0,4,3,2
1,1,14,33,35,47,89,71,84,112,164,162,148,130,120,110,102,96,49,28,14,7,9,11
0,0,11,41,60,97,119,101,103,118,142,161,152,116,86,105,100,83,82,41,22,13,8,8
0,6,16,38,65,101,121,121,113,111,184,168,119,126,144,140,119,113,74,58,27,10,9,5
0,1,14,66,80,111,120,133,126,119,124,127,130,137,146,146,131,108,101,105,14,12,9,0
0,0,25,92,103,109,121,137,127,114,104,106,121,136,146,144,129,105,106,57,14,10,11,9
3,8,14,84,101,113,129,133,124,110,106,105,112,128,140,137,122,112,121,91,20,9,3,1
0,10,27,84,108,109,117,116,113,107,101,91,104,116,132,132,126,107,102,68,14,1,2,0
0,8,35,58,108,112,115,107,102,101,100,103,82,119,121,118,110,109,83,17,13,10,7,10
1,9,35,71,100,111,123,114,105,58,64,58,64,106,111,107,104,103,45,29,14,9,12,1
0,1,13,59,84,86,101,104,94,68,58,54,54,74,67,75,75,59,41,7,7,11,11,8
2,8,14,56,119,136,102,68,72,53,51,48,44,62,64,99,87,78,29,13,13,9,0,11
2,5,40,66,112,163,97,55,56,54,56,51,50,56,74,103,146,78,39,29,13,6,9,0
8,6,38,61,99,102,58,34,53,27,14,26,51,54,56,75,108,107,37,16,9,3,6,8
0,5,35,62,66,58,50,52,18,10,12,6,12,23,50,64,52,66,49,5,0,0,8,4
0,6,33,54,54,43,13,13,12,10,6,8,11,27,48,35,63,59,57,11,8,0,0,4
0,5,11,50,50,27,14,8,1,1,0,0,12,16,35,56,50,53,64,39,13,0,5,0
0,0,5,14,23,9,8,0,0,5,0,0,12,20,23,28,50,52,51,29,10,3,0,0
0,2,0,4,11,4,3,4,5,6,8,5,8,21,19,35,51,51,42,16,5,3,5,0
0,0,0,0,0,0,5,6,8,11,0,4,13,15,14,35,50,48,30,11,12,7,11,0
0,0,0,0,6,1,0,0,8,9,12,12,9,10,13,14,42,33,56,46,13,10,12,8
2,6,4,1,7,0,0,4,10,9,6,9,11,10,6,17,34,58,51,33,8,9,8,17
4,8,9,9,9,9,12,9,5,0,0,4,3,7,8,30,55,26,12,13,8,6,9,7
0,7,14,5,11,10,4,1,0,4,0,0,0,9,14,13,7,10,13,5,7,12,5,0
5,10,14,7,3,2,4,6,7,1,4,3,8,13,10,10,6,12,12,14,11,1,8,2

51,14,4,0,0,1,0,10,13,50,63,57,9,10,2,8,4,8,7,0,0,13,63,106
43,50,36,10,0,7,11,13,65,91,241,159,58,43,9,21,12,0,0,9,33,59,71,31
14,51,47,23,0,0,4,6,12,76,105,101,80,10,8,10,2,12,13,45,50,64,50,11
9,13,30,24,6,0,4,0,2,6,13,14,10,13,0,0,0,5,37,28,41,11,10,0
0,0,5,4,13,50,54,26,8,59,51,67,72,20,41,7,10,0,23,19,11,0,12,6
4,0,7,12,40,59,68,73,70,63,81,72,80,68,62,58,21,8,12,15,5,1,6,10
3,3,12,10,50,59,69,94,112,112,121,139,161,136,104,67,52,10,13,10,0,0,4,0
1,1,7,10,51,67,92,123,141,137,129,159,167,164,144,85,57,54,59,4,0,0,2,0
0,0,1,7,59,85,86,119,137,137,105,133,168,166,148,101,63,12,7,0,0,0,0,0
4,7,3,5,50,67,102,104,127,112,105,171,192,180,140,104,61,19,0,0,0,0,7,3
1,2,9,18,12,62,97,134,166,156,141,180,241,215,149,109,61,12,12,12,0,0,1,0
0,4,6,14,39,58,101,161,200,199,191,192,203,240,184,128,79,48,31,5,9,0,0,0
0,0,0,10,37,86,122,181,178,162,164,178,184,210,198,133,102,29,16,13,7,4,7,0
0,0,0,11,50,77,113,137,137,146,166,166,156,168,162,134,105,67,11,14,8,4,9,4
0,1,11,10,51,54,72,116,107,96,139,157,145,134,139,119,103,63,31,7,0,3,0,0
0,8,0,10,29,67,60,113,116,104,121,137,154,143,125,104,81,50,13,14,6,8,10,0
0,5,12,7,14,67,101,111,96,111,133,132,147,114,84,76,62,56,14,5,10,0,7,0
0,3,14,18,35,47,54,89,116,128,169,165,135,125,100,90,59,24,18,14,12,9,7,5
0,1,8,12,14,58,93,95,78,113,129,130,121,80,75,103,74,19,13,4,7,0,1,3
0,10,7,45,55,63,78,107,112,110,128,143,134,115,116,119,108,86,17,6,0,4,3,2
1,1,14,33,34,47,90,71,84,113,165,162,148,131,120,110,102,96,49,28,14,7,9,11
0,0,11,40,60,98,119,101,103,118,143,161,153,116,86,106,100,83,82,41,23,13,8,8
0,6,17,38,65,101,121,121,113,111,185,169,119,126,144,140,119,113,74,58,27,10,9,5
0,1,14,66,80,112,120,133,126,120,124,127,130,137,146,146,131,108,101,105,14,12,9,0
0,0,25,91,103,110,121,137,128,114,104,106,121,136,146,145,129,105,106,57,14,10,11,9
3,8,14,83,101,113,129,133,124,110,106,105,112,128,140,137,122,112,121,91,20,9,3,1
0,10,27,84,108,109,117,115,113,107,101,91,104,116,132,132,126,107,102,68,14,1,2,0
0,8,34,58,108,112,115,107,102,101,100,103,82,119,121,118,110,109,83,16,13,10,7,10
1,9,34,71,100,111,122,114,105,58,64,58,64,106,111,107,104,103,45,29,14,9,12,0
0,1,13,59,84,86,101,104,94,68,58,54,54,74,67,75,76,59,41,7,7,11,11,8
2,8,14,56,118,136,102,68,72,53,51,48,44,62,64,99,87,78,29,13,13,9,0,11
2,5,38,66,112,163,97,55,56,54,56,51,50,56,74,103,146,78,39,29,13,6,9,0
8,6,37,61,99,102,57,33,53,26,14,26,51,54,56,75,108,107,36,16,9,3,6,8
0,5,34,62,66,58,49,52,17,10,12,6,11,21,50,64,52,66,48,5,0,0,8,4
0,6,32,54,54,43,13,13,12,11,6,8,11,27,48,35,63,59,57,11,8,0,0,4
0,5,11,50,50,27,14,8,2,1,0,0,12,16,34,56,50,53,64,40,13,0,5,0
0,0,5,14,23,9,8,0,0,5,0,0,12,19,23,28,50,52,51,29,10,3,0,0
0,2,0,4,11,4,3,4,5,6,8,5,8,21,19,35,51,51,42,16,5,3,5,0
0,0,0,0,0,0,5,6,8,11,0,4,13,16,14,34,50,48,30,11,12,7,11,0
0,0,0,0,6,2,0,0,8,9,12,12,9,10,13,14,42,33,56,44,14,10,12,8
2,6,4,1,7,0,0,5,10,9,6,9,11,10,7,19,33,58,51,33,8,9,8,16
4,8,9,9,9,9,12,9,5,0,0,4,3,7,8,31,55,26,12,13,8,5,9,7
0,7,14,6,11,10,4,1,0,4,0,0,0,9,14,13,7,10,13,5,7,12,5,0
5,10,14,7,3,2,4,6,7,1,4,3,8,13,10,10,6,12,12,14,11,1,8,2

51,14,4,0,0,1,0,10,13,50,63,57,9,10,2,8,4,8,7,0,0,13,63,106
41,50,36,10,0,7,11,13,65,91,239,159,58,44,9,21,12,0,0,8,32,59,71,31
14,51,47,23,0,0,4,6,12,76,105,101,79,10,8,10,2,12,13,47,51,64,50,11
9,13,30,23,6,0,4,0,2,6,12,14,10,13,0,0,0,5,38,29,40,11,10,0
0,0,5,4,13,51,55,25,8,58,51,67,71,21,40,7,10,0,23,19,11,0,12,6
4,0,7,12,40,60,68,73,71,64,82,72,80,68,62,58,21,8,12,15,5,1,5,10
3,3,12,10,50,59,69,94,112,112,121,139,161,136,104,67,53,10,13,10,0,0,4,0
1,1,7,10,52,68,93,123,142,137,130,160,168,164,144,86,57,54,59,4,0,0,2,0
0,0,1,7,60,86,86,120,137,138,105,134,169,167,149,101,63,12,7,0,0,0,0,0
4,7,3,5,50,67,103,104,129,113,105,172,194,181,140,104,62,20,0,0,0,0,7,3
0,2,9,19,12,62,98,135,168,158,142,182,243,216,149,109,61,12,12,12,0,0,1,0
0,4,6,14,40,59,101,161,200,199,191,191,203,240,184,127,79,47,31,5,9,0,0,0
0,0,0,10,36,85,122,181,177,159,162,175,182,211,198,133,101,29,16,14,7,4,7,0
0,0,0,11,50,76,113,136,136,144,163,163,154,167,162,134,105,66,11,14,8,4,9,4
0,1,11,10,50,54,72,116,106,95,138,155,144,134,139,119,103,62,31,7,0,2,0,0
0,8,0,10,29,67,60,113,115,103,119,136,153,142,124,104,80,50,13,14,6,8,10,0
0,5,12,7,14,67,101,111,95,110,132,132,146,114,84,76,62,56,13,5,10,0,7,0
0,3,14,18,35,47,54,88,115,127,168,163,134,124,99,90,59,24,18,14,12,9,7,5
0,1,7,12,14,59,95,95,77,113,129,129,121,80,75,104,76,23,14,5,7,0,1,3
0,11,7,46,55,64,79,107,112,109,128,142,133,114,116,120,108,88,21,6,0,4,3,2
1,1,14,33,35,48,90,71,85,113,165,163,148,131,121,110,102,98,50,28,15,7,9,11
0,0,11,41,60,99,119,102,103,119,143,162,154,116,86,106,101,83,82,41,23,13,8,8
0,6,17,38,66,101,121,121,113,111,185,169,119,126,144,141,119,113,75,58,27,10,9,5
0,1,14,66,81,112,121,133,126,120,124,127,130,138,146,146,131,108,101,105,14,12,9,0
0,0,28,92,103,110,121,137,128,114,104,106,121,136,146,145,129,105,106,57,14,10,11,9
3,8,14,83,101,113,129,133,124,110,106,105,112,128,140,137,122,112,121,91,20,9,3,1
0,10,28,84,108,109,117,115,113,107,101,91,104,116,132,132,126,107,102,68,14,1,2,0
0,8,35,58,108,112,115,107,102,101,100,103,82,119,121,118,110,109,84,16,13,10,7,10
1,9,34,71,100,111,122,114,105,58,64,58,64,106,111,107,104,102,45,29,14,9,12,0
0,1,13,59,84,86,101,104,94,68,58,54,54,74,67,75,75,59,41,7,7,11,11,8
2,8,14,56,118,136,102,68,72,53,51,49,44,62,64,99,87,78,30,13,13,10,0,11
2,5,38,66,111,163,97,55,56,55,56,51,50,56,75,103,146,78,39,29,13,6,9,0
8,6,38,61,98,102,57,33,53,27,14,26,51,54,56,75,108,107,36,16,9,3,6,8
0,5,34,62,66,58,50,52,17,10,12,6,11,23,50,64,52,65,48,5,0,0,8,4
0,6,32,54,54,42,13,13,12,11,6,8,11,27,48,35,63,59,57,12,8,0,0,4
0,5,11,50,50,26,14,8,2,0,0,0,12,16,34,56,50,53,64,39,14,0,5,0
0,0,5,14,22,9,8,0,0,5,0,0,12,20,23,28,50,52,52,29,10,3,0,0
0,2,0,4,11,5,3,4,5,6,8,5,8,21,19,36,51,51,42,16,5,3,5,0
0,0,0,0,0,0,5,6,8,11,0,4,13,15,14,35,50,48,30,11,12,7,11,0
0,0,0,0,6,1,0,0,8,9,12,12,9,10,13,14,42,33,56,44,14,10,12,8
2,6,4,1,7,0,0,5,10,9,6,9,11,10,6,19,34,58,51,31,8,9,8,16
4,8,9,10,9,9,11,9,5,0,0,4,3,7,8,30,55,26,12,13,8,5,9,7
0,7,14,5,11,10,4,1,0,4,0,0,0,9,14,13,7,10,13,5,7,12,5,0
5,10,14,6,3,2,4,6,7,1,4,3,8,13,10,10,6,12,12,14,11,1,8,2

51,14,4,0,0,1,0,10,13,50,63,57,9,10,2,8,4,8,7,0,0,13,63,106
41,50,36,10,0,7,11,13,64,90,238,158,58,45,9,20,12,0,0,9,32,59,71,31
14,51,48,25,0,0,4,6,12,76,104,101,80,10,8,10,2,12,13,46,51,64,50,11
9,13,31,24,6,0,4,0,2,6,13,14,10,13,0,0,0,5,38,29,40,11,10,0
0,0,5,5,13,50,55,25,9,59,51,67,72,20,41,7,10,0,23,19,11,0,12,6
4,0,7,12,41,60,68,73,71,64,82,73,79,67,62,58,22,8,12,15,5,1,5,10
3,4,13,10,50,59,69,94,112,113,121,140,162,136,104,67,53,10,13,10,0,0,4,0
1,1,7,10,52,67,93,123,142,137,130,161,169,164,145,86,57,54,59,4,0,0,2,0
0,0,1,7,60,86,87,121,138,138,105,135,170,168,150,102,63,12,7,0,0,0,0,0
4,7,3,5,50,67,104,105,129,113,105,172,195,183,141,104,62,20,0,0,0,0,7,3
0,2,9,19,12,62,98,136,169,158,142,182,244,219,150,109,61,12,12,12,0,0,1,0
0,5,6,14,40,59,101,161,201,199,190,191,203,241,183,127,78,47,31,5,9,0,0,0
0,0,0,9,34,85,121,181,177,158,161,173,181,211,198,132,101,29,16,14,7,4,7,0
0,0,0,11,48,76,113,136,135,143,161,161,152,167,163,134,105,66,11,14,7,4,9,4
0,1,11,10,51,54,72,116,105,94,137,153,143,133,138,119,102,62,30,6,0,2,0,0
0,8,0,10,28,67,60,113,114,102,118,135,151,141,124,104,80,50,13,14,6,8,10,0
0,5,12,7,14,66,101,111,95,109,131,131,146,113,84,76,62,56,13,5,10,0,7,0
0,3,14,18,35,46,54,87,114,126,166,161,133,124,98,89,60,25,17,14,12,9,7,5
0,1,8,12,14,60,96,96,77,112,128,129,120,79,75,104,78,26,14,5,7,0,1,3
0,11,7,47,55,64,80,107,112,109,128,142,133,114,117,121,109,90,25,7,0,4,3,2
2,1,15,33,35,48,90,72,85,114,165,163,148,131,121,110,102,100,50,28,15,7,9,11
0,0,12,42,61,100,119,102,103,119,144,162,155,117,87,107,101,84,82,41,24,13,8,8
0,6,18,39,66,101,121,121,114,111,187,170,120,127,145,141,120,113,75,58,28,10,9,5
0,1,15,67,81,112,121,133,126,120,125,128,130,138,147,146,131,109,101,105,14,12,9,0
0,0,28,92,103,110,121,137,128,114,104,106,121,136,147,145,129,105,106,58,14,10,11,9
3,8,14,84,101,113,129,134,124,110,106,105,113,129,140,137,122,112,121,91,21,9,3,1
0,10,28,84,108,109,117,116,113,107,101,91,104,116,132,132,126,107,102,68,14,1,2,0
0,8,35,58,108,112,115,107,102,101,100,103,82,119,120,118,110,109,84,16,13,10,7,10
2,9,34,71,100,111,122,114,105,58,64,58,64,106,111,107,104,102,45,29,14,9,12,0
0,1,13,59,84,86,101,104,94,68,58,54,54,74,67,75,75,59,41,7,7,11,11,8
2,8,14,56,118,136,102,68,72,53,51,49,44,62,64,99,87,78,30,13,13,10,0,11
2,5,40,66,111,163,97,55,56,54,55,51,50,56,74,103,146,79,39,29,13,6,9,0
8,6,38,61,98,102,57,33,53,26,14,26,51,54,56,75,108,107,37,16,9,3,6,8
0,5,35,62,66,58,49,52,17,10,12,6,11,23,50,64,52,65,48,5,0,0,8,4
0,6,32,54,53,43,13,12,12,11,6,8,11,28,48,35,63,59,57,11,8,0,0,4
0,5,11,50,50,27,14,8,2,0,0,0,11,15,34,55,50,53,64,39,14,0,5,0
0,0,5,14,22,9,8,0,0,5,0,0,12,18,23,28,50,52,51,29,10,3,0,0
0,2,0,4,11,5,3,4,5,6,9,5,8,21,19,35,51,51,41,16,5,3,5,0
0,0,0,0,0,0,5,6,8,11,0,4,13,15,14,34,50,48,30,11,12,7,11,0
0,0,0,0,6,1,0,0,8,9,12,12,9,10,13,14,42,33,56,43,13,10,12,8
2,6,4,1,7,0,0,5,10,9,6,9,11,10,6,18,33,58,51,31,9,9,8,16
4,8,9,10,9,9,12,9,5,0,0,4,3,7,8,30,55,25,12,13,8,5,9,7
0,7,14,5,11,10,4,1,0,4,0,0,0,9,14,13,7,10,13,5,7,12,5,0
5,10,14,7,3,2,4,6,7,1,4,3,8,13,10,10,6,12,12,14,11,1,8,2

51,14,4,0,0,1,0,10,13,50,63,57,9,10,2,8,4,8,7,0,0,13,63,106
41,50,35,10,0,7,11,13,64,90,238,158,58,44,9,20,12,0,0,8,33,59,71,31
14,51,48,25,0,0,4,6,12,75,104,101,79,10,8,10,2,12,13,47,50,64,50,11
9,13,31,24,7,0,4,0,2,6,12,14,10,13,0,0,0,5,38,31,41,11,10,0
0,0,5,5,13,51,55,26,9,59,51,67,72,20,41,8,10,0,23,19,11,0,12,6
4,0,7,12,40,60,68,73,70,64,82,73,80,68,62,58,22,8,12,15,5,1,5,10
3,3,12,10,50,59,69,94,112,113,122,140,162,137,104,67,53,10,13,10,0,0,4,0
1,1,7,10,52,68,93,123,142,138,130,161,169,165,145,86,57,55,59,4,0,0,2,0
0,0,1,7,60,86,87,121,138,138,105,135,171,169,150,102,63,12,7,0,0,0,0,0
4,7,3,6,50,67,104,105,129,113,105,172,195,183,141,105,62,19,0,0,0,0,7,3
1,2,9,19,12,62,98,136,169,158,142,182,245,219,150,109,61,12,12,12,0,0,1,0
0,5,6,14,39,59,101,161,201,200,190,191,204,241,183,126,78,47,30,5,9,0,0,0
0,0,0,9,34,84,121,182,177,157,160,172,180,212,198,132,101,28,16,14,7,4,7,0
0,0,0,11,50,75,113,136,135,142,159,159,151,166,163,133,105,66,11,14,7,4,9,3
0,1,11,10,50,54,72,115,104,93,136,152,143,133,138,118,102,62,29,6,0,2,0,0
0,8,0,10,29,67,60,112,114,101,117,134,150,141,123,103,80,50,13,14,6,8,10,0
0,5,12,7,14,66,101,111,94,108,131,130,145,113,84,76,62,55,13,5,10,0,7,0
0,3,14,18,35,46,53,87,113,125,165,160,132,123,98,89,59,25,17,14,12,9,7,5
0,1,7,12,14,61,97,97,77,112,128,128,120,79,75,104,79,28,14,5,7,0,1,3
0,11,8,49,55,65,80,108,112,109,127,142,133,114,117,121,109,91,27,7,0,4,3,2
1,1,15,33,35,48,91,72,86,114,166,163,148,131,121,110,102,100,50,28,15,7,9,11
0,0,12,43,61,100,120,102,103,119,144,163,156,117,87,107,101,84,83,41,24,13,8,8
0,6,18,39,66,102,121,122,114,111,187,171,120,127,145,141,120,113,75,58,28,11,9,5
0,1,15,67,81,112,121,133,126,120,125,128,131,138,147,146,132,109,101,105,14,12,9,0
0,0,28,92,103,110,121,137,128,114,104,106,121,136,147,145,129,105,106,58,14,10,11,9
3,8,14,84,101,113,129,134,124,110,106,105,113,129,140,137,122,112,121,91,20,9,3,1
0,10,29,84,108,109,117,115,113,107,101,91,104,116,132,132,126,107,102,68,14,1,2,0
0,8,35,58,108,113,115,107,102,101,100,103,81,119,120,118,110,109,84,17,13,10,7,10
2,9,34,71,100,111,122,114,105,58,64,58,64,106,111,107,104,102,45,29,14,9,12,0
0,1,13,59,84,86,101,104,94,68,58,54,54,74,67,75,75,59,41,7,7,11,11,8
2,8,14,56,118,136,102,68,72,53,51,49,43,62,64,99,88,78,29,13,13,10,0,11
2,5,38,66,111,163,97,55,56,54,55,51,50,56,74,103,146,78,39,29,13,6,9,0
8,6,37,61,98,102,57,32,53,26,14,26,51,54,56,75,108,107,36,16,9,3,6,8
0,5,34,62,66,58,50,52,17,10,12,6,11,21,50,64,52,65,48,5,0,0,8,4
0,6,32,54,53,43,13,12,12,10,6,8,11,27,47,35,63,59,57,12,8,0,0,4
0,5,11,50,50,26,14,8,2,0,0,0,11,16,34,55,50,53,64,39,13,0,5,0
0,0,5,14,22,9,8,0,0,4,0,0,12,20,23,28,50,52,51,29,10,3,0,0
0,2,0,4,11,4,3,4,5,6,8,5,8,21,19,34,51,51,42,16,5,3,5,0
0,0,0,0,0,0,5,6,8,11,0,4,13,15,14,35,50,48,30,11,12,7,11,0
0,0,0,0,6,1,0,0,7,9,12,12,9,10,13,14,41,33,56,44,13,10,12,8
2,6,4,1,6,0,0,5,10,9,6,9,11,10,6,18,33,58,51,31,8,9,8,16
4,8,9,10,9,9,12,9,5,0,0,4,3,7,8,30,55,25,12,13,8,5,9,7
0,7,14,5,11,10,4,1,0,4,0,0,0,9,14,13,7,10,13,5,7,12,5,0
5,10,14,7,3,2,4,6,7,1,3,3,8,13,10,10,6,12,12,14,11,1,8,2

51,14,5,0,0,1,0,10,13,50,63,57,9,10,2,8,4,8,7,0,0,13,63,106
41,50,36,10,0,7,11,13,64,90,238,158,58,44,9,20,12,0,0,9,33,59,71,31
14,51,48,25,0,0,4,6,12,75,104,101,80,10,8,10,2,12,13,46,50,64,50,11
9,13,31,24,7,0,4,0,2,6,13,14,10,13,0,0,0,5,38,29,41,11,10,0
0,0,5,5,13,51,55,27,9,59,51,67,72,21,41,8,10,0,23,20,11,0,12,6
4,0,7,13,40,60,68,73,71,64,82,73,80,68,62,59,23,8,12,15,5,1,5,10
4,4,12,10,50,59,69,94,113,113,122,141,163,137,104,67,53,10,13,10,0,0,4,0
1,1,7,10,52,68,93,123,143,138,131,162,170,166,145,86,57,55,59,4,0,0,2,0
0,0,1,7,60,86,87,121,138,138,105,135,171,169,150,102,63,12,7,0,0,0,0,0
4,7,3,6,50,67,104,105,129,114,105,173,196,183,141,104,62,20,0,0,0,0,7,3
1,2,9,19,12,62,98,136,170,159,142,183,245,219,150,109,61,12,12,12,0,0,1,0
0,5,6,14,40,59,101,161,201,200,190,191,204,241,183,126,78,46,30,5,9,0,0,0
0,0,0,9,34,84,121,183,177,157,160,172,180,212,198,132,101,28,15,14,7,4,7,0
0,0,0,11,50,76,113,137,135,142,159,159,150,166,163,133,105,66,11,14,7,4,9,3
0,1,11,10,50,54,71,115,104,93,136,152,143,132,138,118,102,62,29,6,0,2,0,0
0,8,0,10,26,67,60,112,114,101,117,134,150,141,123,103,80,50,13,13,6,8,10,0
0,5,11,7,14,66,100,111,94,108,130,130,145,112,83,76,62,56,13,5,10,0,7,0
0,3,14,18,35,46,54,87,113,125,165,160,132,123,98,89,60,25,17,14,12,8,7,5
0,1,7,12,14,62,97,97,76,112,128,128,120,79,75,104,79,29,14,5,7,0,1,3
0,11,8,49,56,65,80,108,112,109,127,142,133,114,117,122,109,91,27,7,0,5,3,2
2,1,15,33,35,48,91,72,86,114,166,163,148,132,121,110,102,100,50,28,15,7,9,11
0,0,12,42,61,100,120,102,103,120,144,163,156,117,87,107,101,84,83,41,24,13,8,8
0,6,18,39,66,101,121,122,114,111,187,171,120,127,145,141,120,113,75,58,27,10,9,5
0,1,16,67,81,112,121,133,126,120,125,128,131,138,147,146,132,109,101,105,14,12,9,0
0,0,29,92,103,110,121,137,128,114,104,106,121,136,147,145,129,105,106,57,14,10,11,9
3,8,14,84,101,113,129,133,124,111,106,105,113,129,140,137,122,112,121,91,20,9,3,1
0,10,29,84,108,109,117,115,113,107,101,91,104,116,132,132,126,107,102,68,14,1,2,0
0,8,35,58,108,112,115,107,102,101,100,103,82,119,120,118,110,109,84,16,13,10,7,10
2,9,34,71,100,111,123,114,105,58,64,58,64,106,111,107,104,102,46,29,14,9,12,1
0,1,13,59,85,86,101,104,94,68,58,54,54,74,67,75,75,59,41,8,7,11,11,8
2,8,14,56,118,136,102,68,72,53,51,49,44,62,64,99,88,78,30,14,13,10,0,11
2,5,38,66,111,163,97,55,56,54,56,51,50,56,75,103,146,79,39,29,13,6,9,0
8,6,38,61,98,102,57,33,53,26,14,26,51,54,56,75,108,107,36,16,9,3,6,8
0,5,34,62,66,58,50,52,16,10,12,6,11,22,50,64,52,65,48,5,0,0,8,4
0,6,32,54,53,42,13,13,12,11,6,8,11,27,49,35,63,59,57,12,8,0,0,4
0,5,11,50,50,27,14,8,2,0,0,0,11,16,34,56,50,53,64,40,14,0,5,0
0,0,5,14,22,9,8,0,0,5,0,0,12,19,23,28,50,52,51,29,10,3,0,0
0,2,0,4,11,4,3,4,5,6,9,5,8,22,19,34,51,51,42,16,5,3,5,0
0,0,0,0,0,0,5,6,8,11,0,4,13,15,14,35,50,48,30,11,12,7,11,0
0,0,0,0,6,1,0,0,8,9,12,12,9,10,13,14,41,33,56,45,13,10,12,8
2,6,4,1,7,0,0,5,10,9,6,9,11,10,6,19,34,58,51,31,8,9,8,17
4,8,9,10,9,9,12,9,5,0,0,4,3,7,8,30,55,26,12,13,8,5,9,7
0,7,14,5,11,10,4,1,0,4,0,0,0,9,14,13,7,10,13,5,7,12,5,0
5,10,14,7,3,2,4,6,7,1,4,3,8,13,10,10,6,12,12,14,11,1,8,2

51,14,5,0,0,1,0,10,13,50,63,57,9,10,2,8,4,8,7,0,0,13,63,106
41,50,36,10,0,7,11,13,64,90,238,158,58,43,9,20,12,0,0,9,33,59,71,33
14,51,50,25,0,0,4,6,12,75,104,101,79,10,8,10,2,12,13,47,50,64,50,11
9,13,31,24,7,0,4,0,2,6,13,14,10,13,0,0,0,5,38,29,41,11,10,0
0,0,5,5,13,51,55,26,9,59,51,67,72,21,42,8,10,0,23,19,11,0,12,6
4,0,7,13,40,60,68,73,71,64,82,73,80,68,62,59,22,8,12,15,6,1,6,10
4,4,13,10,50,59,70,94,113,113,122,140,163,138,104,67,53,10,13,10,0,0,4,0
1,1,7,10,52,68,93,123,143,138,130,161,169,166,145,86,57,54,59,4,0,0,2,0
0,0,1,7,60,86,86,120,138,138,105,134,170,168,149,101,63,12,7,0,0,0,0,0
4,7,3,5,50,67,103,104,128,113,105,172,194,181,140,104,62,20,0,0,0,0,7,3
1,2,9,19,12,62,98,135,168,158,142,182,244,217,149,109,61,12,12,12,0,0,1,0
0,5,6,14,41,59,101,162,201,200,191,192,204,241,184,127,79,47,31,6,9,0,0,0
0,0,0,10,36,86,122,182,178,159,162,175,182,212,199,133,101,28,16,14,7,4,7,0
0,0,0,11,50,77,113,137,136,144,162,163,153,167,163,134,105,66,11,14,7,4,9,4
0,1,11,10,51,54,72,116,106,94,137,154,144,133,138,119,102,62,31,6,0,2,0,0
0,8,0,10,31,67,60,113,115,102,118,135,152,142,124,104,80,50,13,14,6,8,10,0
0,5,12,7,14,67,101,111,95,109,131,131,146,113,84,76,62,56,13,5,10,0,7,0
0,3,14,18,35,46,54,88,114,126,167,162,133,124,98,89,59,25,17,14,12,9,7,5
0,1,7,12,14,60,95,96,77,113,128,129,120,79,75,104,77,25,14,5,7,0,1,3
0,11,7,46,55,64,79,107,112,109,128,142,133,114,116,121,108,89,23,6,0,4,3,2
2,1,15,33,35,48,90,71,85,113,165,163,148,131,121,110,102,99,50,28,15,7,9,11
0,0,12,42,61,99,119,102,103,119,143,162,154,116,87,106,101,84,82,41,23,13,8,8
0,6,18,39,66,101,121,121,113,111,186,170,120,127,144,140,120,113,75,58,27,10,9,5
0,1,15,67,81,112,121,133,126,120,124,128,130,138,146,146,131,109,101,105,14,12,9,0
0,0,27,91,103,110,121,137,128,114,104,106,121,136,146,145,129,105,106,58,14,10,11,9
3,8,14,84,101,113,129,134,124,110,106,105,112,128,140,137,122,112,121,91,20,9,3,1
0,10,29,84,108,109,117,115,113,107,101,91,104,116,132,132,126,107,102,68,14,1,2,0
0,8,36,58,108,112,115,107,102,101,100,103,82,119,120,118,110,109,84,16,13,10,7,10
2,9,35,71,100,111,122,114,105,58,64,58,64,106,111,107,104,103,46,29,14,9,12,1
0,1,13,59,84,86,101,104,94,68,58,54,54,74,67,75,75,59,41,7,8,11,11,8
2,8,14,56,119,136,102,68,72,53,51,49,44,62,64,99,88,78,30,13,13,10,0,11
2,5,40,66,112,164,97,55,56,54,56,51,50,56,74,103,146,79,39,29,13,6,9,0
8,6,38,61,98,102,57,34,53,26,14,26,51,54,56,75,108,107,37,16,9,3,6,8
0,5,35,62,66,58,50,52,18,10,12,6,11,25,50,64,52,65,48,5,0,0,9,4
0,6,32,54,54,43,13,13,12,10,6,8,11,27,49,35,63,59,57,12,8,0,0,4
0,5,11,50,50,27,14,8,2,0,0,0,12,16,34,56,50,53,64,40,13,0,5,0
0,0,5,14,23,9,8,0,0,5,0,0,12,19,23,29,50,52,51,29,10,3,0,0
0,2,0,4,11,5,3,4,5,6,8,5,8,21,19,35,51,51,41,16,5,3,5,0
0,0,0,0,0,0,5,6,8,11,0,4,13,15,14,35,50,48,30,11,12,7,11,0
0,0,0,0,6,1,0,0,8,9,12,12,9,10,13,14,42,33,56,45,13,10,12,9
2,7,4,1,7,0,0,5,10,9,6,9,11,10,6,20,34,58,51,33,9,9,8,16
4,8,9,10,9,9,12,9,5,0,0,4,3,7,8,30,55,27,12,13,8,5,9,7
0,7,14,6,11,10,4,1,0,4,0,0,0,9,14,13,7,10,13,5,7,12,5,0
5,10,14,7,3,2,4,6,7,1,4,3,8,13,10,10,6,12,12,14,11,1,8,2

51,14,5,0,0,1,0,10,13,50,63,57,9,10,2,8,4,8,7,0,0,13,63,106
43,50,36,11,0,7,11,13,64,90,239,158,58,43,9,21,12,0,0,9,35,59,71,33
14,51,48,26,0,0,4,6,12,75,104,101,80,10,8,10,3,12,13,46,50,64,50,11
9,13,31,24,6,0,4,0,2,6,13,14,10,13,0,0,0,5,38,28,41,11,10,0
0,0,5,5,13,50,55,25,9,58,51,67,72,21,41,8,10,0,23,19,11,0,12,7
4,0,7,12,40,60,68,73,71,64,81,73,80,68,62,58,22,8,12,16,5,1,6,10
4,4,13,10,50,59,70,95,113,113,121,139,164,139,105,67,53,10,13,10,0,0,4,0
1,1,7,10,52,68,93,124,142,137,129,159,169,167,146,86,57,54,59,4,0,0,2,0
0,0,1,7,59,86,86,120,137,137,104,133,168,167,149,101,63,12,7,0,0,0,0,0
4,7,3,5,50,67,103,104,127,111,104,170,192,180,140,104,62,19,0,0,0,0,7,3
1,3,9,19,12,62,97,134,165,155,140,180,241,215,149,109,61,12,12,12,0,0,1,0
0,5,6,14,39,59,101,161,200,200,191,192,203,240,185,128,79,48,31,5,9,0,0,0
0,0,0,10,39,86,122,181,178,162,165,178,184,211,199,133,102,29,16,14,7,4,7,0
0,0,0,11,50,77,113,137,137,146,165,166,156,168,162,134,105,67,11,14,8,4,9,4
0,1,11,10,51,54,72,116,107,96,139,156,145,134,139,119,103,62,31,7,0,2,0,0
0,8,0,10,29,67,60,113,116,104,120,137,154,143,125,104,81,51,13,14,6,8,10,0
0,5,12,7,14,67,101,111,96,110,133,132,147,114,84,76,62,56,14,5,10,0,7,0
0,3,14,18,35,47,54,89,116,128,169,165,135,125,99,89,59,24,17,14,12,9,7,5
0,1,8,12,14,58,93,95,77,113,129,129,121,80,75,103,74,19,13,4,7,0,1,2
0,11,7,45,55,63,78,107,112,109,128,142,134,115,116,119,108,85,16,6,0,4,3,2
2,1,14,33,34,47,90,71,84,113,165,162,148,131,120,110,102,96,49,28,14,7,9,11
0,0,11,43,60,97,119,101,103,118,142,161,153,116,86,105,101,83,82,41,23,13,8,8
0,6,17,38,65,101,121,121,113,111,184,169,119,126,144,140,119,113,74,58,27,10,9,5
0,1,15,67,80,112,120,133,125,119,124,127,130,137,146,146,131,108,101,105,14,12,9,0
0,0,28,92,103,110,121,137,127,114,104,106,121,136,146,144,129,105,106,57,14,10,11,9
3,8,14,83,101,113,129,133,123,110,106,105,112,128,140,137,122,112,121,91,20,9,3,1
0,10,28,84,108,109,117,115,113,107,101,90,104,115,132,132,126,107,102,68,14,1,2,0
0,8,35,58,108,112,115,107,102,101,100,103,82,119,120,118,110,109,84,15,13,10,7,10
2,9,34,71,100,111,123,114,105,59,64,58,64,106,111,107,104,102,46,29,14,9,12,1
0,1,13,59,84,86,101,104,94,68,58,54,54,74,67,75,75,59,41,7,7,11,11,8
2,8,14,56,119,136,102,68,72,53,51,49,43,62,64,99,88,78,30,14,13,10,0,11
2,5,38,66,112,164,97,55,56,54,56,51,50,56,75,103,146,79,39,29,13,6,9,0
8,6,38,61,99,102,58,34,53,26,14,26,51,55,56,75,108,107,37,16,9,3,6,8
0,5,35,62,66,58,50,52,18,10,12,6,11,23,50,64,52,66,49,5,0,0,9,4
0,6,33,54,54,43,13,13,12,11,6,8,11,27,48,36,63,59,57,12,8,0,0,4
0,5,11,50,50,27,14,8,2,0,0,0,12,16,34,56,50,53,64,39,14,0,5,0
0,0,5,14,23,9,8,0,0,5,0,0,12,20,24,29,50,52,51,29,10,3,0,0
0,2,0,4,11,4,3,4,5,6,8,5,8,21,19,36,51,51,41,16,5,3,5,0
0,0,0,0,0,0,5,6,8,11,0,4,13,16,14,35,50,48,30,11,12,7,11,0
0,0,0,0,6,2,0,0,8,9,12,12,9,10,13,14,43,33,56,44,14,10,12,8
2,7,4,1,7,0,0,5,10,9,6,9,11,10,7,20,34,59,51,33,9,9,8,17
4,8,9,10,9,9,12,9,5,0,0,4,3,7,8,30,55,26,12,13,8,6,9,7
0,7,14,6,11,10,4,1,0,5,0,0,0,9,14,13,7,10,13,5,8,12,5,0
5,10,14,7,3,2,4,6,7,1,3,4,8,13,10,10,6,12,12,14,11,2,8,2

51,14,4,0,0,1,0,10,13,50,63,57,10,10,2,8,4,8,7,0,0,13,63,106
40,50,36,10,0,7,11,13,64,90,240,159,58,44,9,21,12,0,0,9,33,59,71,33
14,51,47,25,0,0,4,6,12,75,104,101,79,10,8,10,3,12,13,45,50,64,50,11
9,13,31,24,7,0,4,0,2,6,13,14,10,13,0,0,0,6,37,28,40,11,10,0
0,0,5,5,13,51,55,27,8,59,50,67,72,21,41,7,10,0,23,19,11,0,13,7
4,0,7,12,40,59,68,73,71,64,81,72,80,68,62,58,22,8,12,15,5,1,6,10
4,4,13,10,50,59,70,94,112,112,121,139,162,138,105,67,53,10,13,10,0,0,4,0
1,1,7,10,52,67,93,123,142,137,129,160,168,165,145,86,57,54,59,4,0,0,2,0
0,0,1,7,59,85,86,120,137,137,104,133,168,167,149,101,63,12,7,0,0,0,0,0
4,7,3,5,50,67,103,104,127,111,104,170,191,180,140,104,62,20,0,0,0,0,7,3
1,3,9,19,12,62,97,134,165,155,140,179,241,215,149,109,61,12,12,12,0,0,1,0
0,5,6,14,39,59,101,161,200,199,191,192,203,240,185,128,79,48,31,5,9,0,0,0
0,0,0,10,38,86,122,181,178,162,165,178,184,211,198,133,102,29,16,14,7,4,7,0
0,0,0,11,50,76,113,137,137,146,166,166,156,168,162,134,105,67,11,14,8,4,9,4
0,1,11,10,51,54,72,117,107,96,139,157,145,134,139,119,103,63,31,7,0,3,0,0
0,8,0,10,31,67,60,113,116,105,120,137,154,143,125,104,81,50,13,14,6,8,10,0
0,5,12,7,15,67,101,112,96,111,133,133,147,114,84,76,62,56,14,5,10,0,7,0
0,3,14,18,35,47,54,89,116,128,169,165,135,125,100,89,59,24,17,14,12,9,7,5
0,1,8,12,14,58,93,95,78,113,129,130,121,80,75,103,74,20,13,4,7,0,1,3
0,11,7,45,55,63,78,107,112,109,128,143,134,115,116,119,108,86,16,6,0,4,3,2
2,1,14,33,34,47,90,71,84,113,165,163,148,131,120,110,102,97,49,28,14,7,9,11
0,0,11,41,60,98,119,101,103,118,143,161,153,116,86,106,100,83,82,41,23,13,8,8
0,6,18,38,66,101,121,121,113,111,184,169,119,126,144,140,119,113,74,58,27,10,9,5
0,1,15,67,80,112,120,133,126,120,124,127,130,137,146,146,131,108,101,105,14,12,9,0
0,0,27,92,103,110,121,137,127,114,104,106,121,136,146,144,129,105,106,57,14,10,11,9
3,8,14,83,101,113,129,133,123,110,106,105,112,128,140,137,122,112,121,91,20,9,3,1
0,10,29,84,108,109,117,115,113,107,101,91,104,116,132,132,126,107,102,68,14,1,2,0
0,8,36,57,108,112,115,107,102,101,100,103,82,119,120,118,110,109,84,16,13,10,7,10
2,9,34,71,100,111,122,114,105,58,64,58,64,106,111,107,104,103,46,29,14,9,12,0
0,1,13,59,84,86,101,104,94,68,58,54,54,74,67,75,75,59,41,7,7,11,11,8
2,8,14,56,119,136,102,68,72,53,51,49,44,62,64,99,88,78,29,14,13,10,0,11
2,5,40,66,112,164,97,55,56,54,55,51,50,56,75,103,146,79,39,29,13,6,9,0
8,6,38,61,98,102,57,35,53,27,14,26,51,55,56,75,108,107,37,16,9,3,6,8
0,5,34,62,66,58,50,52,18,10,12,6,11,23,50,64,52,65,49,5,0,0,9,4
0,6,33,54,53,43,13,13,12,11,6,8,11,27,48,35,63,59,57,12,8,0,0,4
0,5,11,50,50,27,14,8,1,1,0,0,12,16,34,56,50,53,64,40,13,0,5,0
0,0,5,14,23,9,8,0,0,5,0,0,12,20,23,29,50,52,51,29,10,3,0,0
0,2,0,4,11,5,3,4,5,6,9,5,8,21,19,34,51,51,41,16,5,3,5,0
0,0,0,0,0,0,5,6,8,11,0,4,13,15,14,35,50,48,30,11,12,7,11,0
0,0,0,0,6,2,0,0,8,9,12,12,9,10,13,14,43,33,56,44,14,10,12,8
2,7,4,1,7,0,0,5,10,9,6,9,11,10,6,20,34,58,51,33,9,9,8,16
4,8,9,10,9,9,12,9,5,0,0,4,3,7,8,30,55,26,12,13,8,6,9,7
0,7,14,6,11,10,5,2,0,5,0,0,0,9,14,13,8,10,13,5,8,12,5,0
5,10,14,7,3,2,4,6,7,1,4,4,8,13,10,10,6,12,12,14,11,1,8,2

51,14,5,0,0,1,0,10,13,50,62,57,9,10,2,8,4,8,7,0,0,13,63,106
43,50,36,11,0,7,11,13,64,90,239,158,58,45,9,20,12,0,0,9,35,59,71,31
14,51,48,25,0,0,4,6,12,76,104,101,78,10,8,10,3,12,13,46,50,64,50,11
9,13,30,24,7,0,4,0,2,6,13,14,10,13,0,0,0,5,37,30,40,11,10,0
0,0,5,5,13,51,55,27,9,59,51,67,72,21,41,7,10,0,23,19,11,0,13,7
4,0,7,13,41,60,68,73,71,64,82,73,80,68,62,59,23,8,12,15,5,1,6,10
4,4,13,10,50,59,69,94,113,113,121,140,162,137,105,67,53,10,13,10,0,0,4,0
1,1,7,10,52,68,93,123,142,138,130,161,169,165,145,86,57,54,59,3,0,0,2,0
0,0,1,7,60,86,86,121,138,138,105,134,170,168,150,102,63,12,7,0,0,0,0,0
4,7,3,5,50,67,103,104,128,113,105,171,193,181,141,104,62,19,0,0,0,0,7,3
1,2,9,19,12,62,98,135,167,157,141,181,243,217,149,109,61,12,12,12,0,0,1,0
0,5,6,14,39,59,101,161,200,199,190,191,203,240,184,127,79,47,31,5,9,0,0,0
0,0,0,10,37,86,122,181,177,159,163,176,183,211,198,133,101,29,16,14,7,4,7,0
0,0,0,11,50,76,113,136,136,144,163,164,154,167,162,134,105,67,11,14,8,4,9,4
0,1,11,10,51,54,72,116,106,95,138,155,144,134,139,119,103,62,31,7,0,2,0,0
0,8,0,10,29,67,60,113,115,103,119,136,153,142,124,104,80,50,13,14,6,8,10,0
0,5,12,7,14,67,101,111,95,110,132,132,146,114,84,76,62,56,13,5,10,0,7,0
0,3,14,17,35,46,54,88,115,127,168,163,134,125,99,89,59,24,17,14,12,9,7,5
0,1,8,12,14,60,95,95,77,113,129,129,121,80,75,104,76,24,14,4,7,0,1,3
0,11,7,47,55,64,79,107,112,109,128,142,133,115,116,120,108,88,22,6,0,4,3,2
1,1,15,33,35,48,90,71,85,113,165,163,148,131,121,110,102,99,50,28,15,7,9,11
0,0,12,42,61,99,119,102,103,119,143,162,154,116,86,106,101,84,82,41,23,13,8,8
0,6,18,38,66,101,121,121,113,111,185,170,120,126,144,141,120,113,75,58,27,10,9,5
0,1,15,67,80,112,121,133,126,120,124,128,130,138,146,146,131,109,101,105,14,12,9,0
0,0,28,92,103,110,121,137,127,114,104,106,121,136,146,145,129,105,106,58,14,10,11,9
3,8,14,84,101,113,129,134,123,110,106,105,112,128,140,137,122,112,121,91,20,9,3,1
0,10,29,84,108,109,117,115,113,107,101,91,104,116,132,132,126,107,102,68,14,1,2,0
0,8,35,58,108,112,115,107,102,101,100,103,82,119,120,118,110,109,84,16,13,10,7,10
2,9,35,71,100,111,122,114,105,59,64,58,64,106,111,107,104,103,45,29,14,9,12,1
0,1,13,59,84,86,101,104,94,68,58,54,54,74,67,75,75,59,41,7,7,11,11,8
2,8,14,56,118,136,102,68,72,53,51,48,44,62,64,99,88,78,29,14,13,10,0,11
2,5,38,66,111,163,97,55,56,54,55,51,50,56,75,103,146,79,39,29,13,6,9,0
8,6,38,61,98,102,57,34,53,26,14,26,51,54,56,75,108,107,37,16,9,3,6,8
0,6,34,62,66,58,50,52,17,10,12,6,11,23,50,64,52,65,48,5,0,0,9,4
0,6,33,54,53,43,13,13,12,11,6,8,11,27,49,35,63,59,57,12,8,0,0,4
0,5,12,50,50,27,14,8,2,0,0,0,12,16,35,56,50,53,64,39,13,0,5,0
0,0,5,14,23,9,8,0,0,5,0,0,12,20,23,29,50,52,51,29,10,3,0,0
0,2,0,4,11,4,3,4,5,6,9,5,8,21,19,36,51,51,41,16,5,3,5,0
0,0,0,0,0,0,5,6,8,11,0,4,13,16,14,37,50,48,30,11,12,7,11,0
0,0,0,0,6,2,0,0,8,9,12,12,9,10,13,14,43,33,56,45,14,10,12,8
2,7,4,1,7,0,0,5,10,9,6,9,11,10,6,20,34,58,51,33,9,9,8,17
4,8,9,10,9,9,12,9,5,0,0,4,3,7,8,30,55,26,12,13,8,5,9,7
0,7,14,6,11,10,4,1,0,5,0,0,0,9,14,13,7,10,13,5,8,12,5,0
5,10,14,7,3,2,4,6,7,1,4,4,8,13,10,10,6,12,12,14,11,1,8,2
105,63,13,0,0,7,7,4,8,2,10,9,56,62,48,13,9,0,1,0,0,4,13,51
29,71,58,32,8,0,0,12,20,8,43,58,157,237,90,64,13,11,7,0,10,35,50,40
11,50,64,50,45,13,12,1,10,8,10,79,100,103,75,13,5,3,0,0,21,47,51,14
0,10,11,40,27,37,4,0,0,0,13,10,14,12,6,3,0,3,0,6,23,29,13,8
5,12,0,11,19,23,0,9,7,37,17,71,67,51,59,9,19,54,50,12,4,5,0,0
9,5,1,5,16,12,8,20,58,62,67,80,72,81,63,70,72,68,59,37,12,7,0,3
0,3,0,1,10,13,10,52,67,103,135,159,138,120,112,111,93,69,59,50,9,12,3,3
0,2,0,0,4,58,54,56,85,142,161,165,157,129,136,140,122,92,67,51,9,7,0,0
0,0,0,0,0,7,12,61,100,147,165,167,132,103,136,136,118,85,84,59,6,0,0,0
3,7,0,0,0,0,18,60,103,139,178,191,169,104,111,126,103,102,66,48,5,2,6,3
0,1,0,0,12,12,12,61,108,148,214,239,178,140,155,165,134,97,61,12,17,9,0,0
0,0,0,9,5,31,49,78,127,184,240,203,191,190,199,200,161,101,58,36,14,6,4,0
0,7,4,7,14,16,28,101,133,199,212,184,176,163,161,179,181,122,84,34,9,0,0,0
4,9,4,8,14,11,67,105,134,163,169,156,165,164,145,137,137,113,76,43,11,0,0,0
0,0,3,0,7,31,62,103,119,139,134,145,155,139,95,107,116,72,54,50,9,10,0,0
0,10,8,6,14,13,50,81,104,124,143,153,136,119,103,115,113,60,67,23,9,0,8,0
0,7,0,10,5,13,56,62,76,84,114,146,132,132,110,95,111,101,66,14,7,11,5,0
5,7,9,12,14,18,24,59,89,98,124,134,163,168,127,115,88,54,46,35,18,14,3,0
2,1,0,7,4,13,20,74,103,75,80,121,129,129,113,77,95,94,58,14,12,7,0,0
2,3,4,0,6,18,85,108,120,117,115,134,143,128,109,111,107,79,63,55,43,6,9,0
11,9,7,14,28,49,96,102,110,120,131,148,163,164,113,84,71,90,47,35,33,14,2,0
8,8,13,22,41,81,83,100,106,86,116,152,161,143,118,103,101,119,98,60,40,11,0,0
5,9,10,27,57,74,113,119,141,145,127,119,170,186,111,113,121,121,101,65,38,15,6,0
0,9,12,14,105,101,108,131,146,147,138,131,128,125,120,126,133,120,112,80,66,14,0,0
9,11,9,14,54,106,104,129,145,147,137,122,106,104,114,128,137,121,110,103,90,24,0,0
0,2,9,17,91,121,112,122,137,140,129,113,105,106,111,124,134,129,113,101,83,13,6,3
0,2,1,14,68,102,107,126,132,133,116,105,93,101,108,114,116,117,109,108,84,25,9,0
10,7,9,13,16,80,108,110,118,121,119,83,103,100,101,102,108,115,112,108,57,34,8,0
0,12,9,14,30,43,103,104,107,111,106,64,58,64,58,105,114,123,111,100,71,31,9,1
8,11,11,7,8,39,59,76,74,67,75,54,54,58,67,95,104,101,86,85,59,13,1,0
11,0,9,12,13,27,77,86,97,63,62,43,48,51,53,73,68,102,134,118,57,14,8,1
0,8,6,12,29,39,77,144,102,72,56,46,51,55,54,55,55,96,161,111,67,37,4,1
7,5,2,8,14,36,107,108,74,55,54,51,27,14,27,53,27,57,102,100,61,39,5,8
4,8,0,0,5,48,66,52,63,44,19,12,6,12,10,17,51,49,58,67,63,34,3,0
3,0,0,8,11,57,60,63,34,45,25,11,8,6,10,12,12,13,42,54,55,31,5,0
0,5,0,13,35,65,53,50,55,31,14,12,0,0,0,1,8,13,25,50,50,11,4,0
0,0,3,10,27,51,52,50,28,21,21,12,0,0,4,0,0,8,8,21,13,5,0,0
0,5,3,5,15,40,51,51,32,18,21,8,4,8,5,5,4,3,4,10,1,0,1,0
0,11,7,12,11,30,47,50,33,14,15,13,3,0,11,8,6,4,0,0,0,0,0,0
8,12,10,13,42,55,32,41,14,13,11,9,12,12,9,8,0,0,1,5,0,0,0,0
16,7,9,8,30,51,58,32,14,9,11,11,9,6,7,9,4,0,0,6,0,3,5,1
7,8,5,7,13,12,22,54,29,9,7,2,4,0,0,4,9,11,9,8,9,9,7,3
0,5,12,7,4,13,10,7,13,14,8,0,0,0,2,0,1,4,10,10,5,13,6,0
2,8,1,11,14,12,12,6,10,10,13,8,3,3,0,7,6,4,2,3,6,13,10,4

105,63,13,0,0,7,7,4,8,2,10,9,56,62,48,13,9,0,0,0,0,4,13,51
30,71,59,33,8,0,0,12,20,8,44,58,157,236,90,64,12,10,7,0,10,35,50,39
11,50,64,50,45,13,12,1,10,8,10,78,100,103,74,12,5,3,0,0,21,47,51,14
0,10,11,40,28,37,5,0,0,0,13,10,14,12,6,2,0,3,0,6,23,29,13,8
5,12,0,11,19,23,0,9,7,38,18,71,67,51,59,9,23,54,50,13,4,5,0,0
9,5,1,6,16,12,8,21,58,62,67,79,73,82,64,70,72,68,59,38,12,7,0,3
0,3,0,0,11,13,10,52,67,103,135,159,138,121,112,111,93,69,59,50,9,12,3,3
0,2,0,0,4,58,54,56,85,142,161,166,158,129,136,141,121,92,67,51,9,7,0,0
0,0,0,0,0,7,12,61,100,147,166,168,133,104,137,136,119,85,85,59,6,0,0,0
3,7,0,0,0,0,18,60,103,139,179,193,170,104,112,127,104,102,66,48,5,2,6,3
0,1,0,0,12,12,12,61,108,148,216,241,180,141,157,167,134,97,61,12,18,9,1,0
0,0,0,9,5,30,47,78,126,183,241,204,191,190,200,201,161,101,58,38,14,6,4,0
0,7,4,7,13,16,28,101,132,198,213,183,174,161,159,178,182,121,84,32,9,0,0,0
4,9,4,8,14,11,66,105,133,163,167,154,162,162,144,136,137,113,75,44,10,0,0,0
0,0,2,0,6,30,62,103,119,138,133,144,154,137,94,105,116,72,54,50,9,10,0,0
0,10,8,6,14,13,50,81,104,124,142,152,135,118,102,114,113,60,67,22,9,0,8,0
0,7,0,10,5,13,56,62,76,83,113,146,131,131,109,95,111,101,66,14,7,11,5,0
5,7,9,12,14,18,25,59,89,98,123,133,162,167,126,114,87,54,47,35,18,14,3,0
3,1,0,7,4,14,24,76,104,75,80,121,129,129,113,77,96,96,60,14,12,7,0,0
2,3,4,0,7,22,88,109,121,117,115,133,142,128,109,112,107,80,64,55,46,6,10,0
11,9,7,15,28,49,98,102,110,121,131,148,163,165,113,85,71,90,49,34,33,14,2,0
8,8,13,23,41,81,83,101,106,87,117,154,162,143,119,103,102,119,98,61,40,11,0,0
5,9,10,27,57,74,113,120,141,145,128,120,171,187,111,114,121,121,101,65,38,16,6,0
0,9,12,14,105,101,108,131,146,147,139,131,128,125,120,126,133,121,112,80,66,14,0,0
9,11,9,14,54,106,104,129,145,147,137,122,106,104,114,128,137,121,110,103,89,24,0,0
0,2,9,17,90,121,112,122,137,140,129,113,105,106,111,124,134,129,113,101,83,13,6,3
0,2,1,14,67,102,107,126,132,133,116,105,92,101,108,114,116,117,109,108,84,26,9,0
10,7,9,13,16,80,108,110,118,121,119,82,103,100,101,102,108,115,112,108,58,34,8,0
0,12,9,15,29,43,102,104,107,111,106,64,58,64,58,105,114,123,111,100,71,31,9,1
8,11,11,7,8,39,59,76,74,67,75,54,54,58,68,95,104,101,85,85,59,13,1,0
11,0,9,12,13,27,77,86,98,63,62,44,48,51,53,73,68,102,134,118,57,14,8,1
0,8,6,12,29,39,77,144,102,73,56,47,51,55,54,55,55,96,161,111,67,37,4,1
7,5,2,8,14,36,107,108,74,55,54,51,25,14,26,53,27,57,102,99,61,37,5,8
4,8,0,0,5,47,66,52,63,44,19,12,6,12,10,16,51,48,58,67,63,35,3,0
3,0,0,8,11,57,60,63,34,45,25,11,8,6,10,12,12,13,41,54,55,31,5,0
0,5,0,13,35,65,53,50,55,32,14,12,0,0,0,2,8,13,25,50,50,11,4,0
0,0,3,10,27,51,52,50,28,21,20,12,0,0,4,0,0,8,8,20,13,5,0,0
0,5,3,5,15,40,51,51,33,18,21,8,4,8,5,5,4,3,4,10,1,0,2,0
0,11,7,12,11,30,47,50,33,14,16,13,4,0,11,8,6,5,0,0,0,0,0,0
8,12,10,13,42,55,32,41,14,13,11,9,12,12,9,8,0,0,1,5,0,0,0,0
16,7,9,8,30,51,58,33,14,9,11,11,9,6,7,9,4,0,0,6,0,3,6,2
7,9,5,7,13,12,24,54,29,9,7,2,4,0,0,4,9,11,9,8,9,8,7,3
0,4,12,7,4,13,10,7,13,14,8,0,0,0,2,0,1,4,10,11,5,13,6,0
2,8,1,11,14,12,12,6,10,10,13,8,3,3,0,7,5,4,2,3,6,13,10,4

105,63,13,0,0,7,7,4,8,2,10,9,56,62,48,12,9,0,0,0,0,4,13,51
29,71,59,32,8,0,0,12,20,8,43,58,157,236,90,63,12,10,7,0,10,35,50,40
11,50,64,50,46,13,12,2,10,8,10,80,100,103,74,12,5,3,0,0,23,48,51,14
0,10,11,40,28,37,5,0,0,0,13,10,14,12,6,2,0,3,0,6,23,29,13,8
5,12,0,11,19,23,0,10,7,37,17,71,67,51,59,9,21,54,50,13,4,5,0,0
9,5,1,6,16,12,8,20,58,62,67,80,73,82,63,70,72,68,59,38,12,7,0,3
0,3,0,0,10,13,10,52,67,103,135,160,139,121,112,112,93,69,59,50,9,12,3,3
0,2,0,0,4,59,54,56,85,143,162,166,159,130,137,141,122,92,67,51,9,7,0,0
0,0,0,0,0,7,12,62,100,148,167,169,134,105,137,137,119,86,85,59,7,0,0,0
3,7,0,0,0,0,19,60,103,139,180,194,171,105,113,128,104,102,66,49,5,2,6,3
0,1,0,0,12,12,12,61,108,148,216,243,182,142,158,168,135,97,61,12,18,9,1,0
0,0,0,9,5,30,47,78,126,182,240,204,191,190,199,201,161,101,58,37,14,6,4,0
0,7,4,7,14,16,28,101,131,198,213,182,173,160,157,178,182,121,84,30,9,0,0,0
4,9,4,7,14,11,66,105,133,163,167,152,160,161,143,135,137,113,75,42,10,0,0,0
0,0,2,0,6,31,62,102,119,138,133,143,153,137,93,105,115,71,54,50,9,10,0,0
0,10,8,6,14,13,50,80,103,123,141,151,135,117,101,114,112,60,67,22,9,0,8,0
0,7,0,10,5,13,56,62,75,83,112,145,130,131,109,94,111,101,66,14,7,11,5,0
5,7,8,12,14,17,25,59,88,97,123,132,160,166,125,113,87,53,46,35,18,14,3,0
3,1,0,7,5,14,27,78,104,75,79,120,129,128,112,76,96,96,60,14,12,7,0,0
2,3,5,0,7,26,90,109,121,117,114,133,142,127,109,112,107,80,64,55,46,7,10,0
11,9,7,15,28,50,99,102,110,121,131,148,163,165,114,85,72,90,48,35,33,14,2,0
8,8,13,23,41,82,84,101,107,87,117,154,162,143,119,103,102,119,99,61,41,11,0,0
5,9,11,28,58,74,113,120,141,145,128,120,171,188,111,114,121,121,101,66,38,17,6,0
0,9,12,14,105,101,108,131,146,147,139,131,128,125,120,126,133,121,112,80,66,14,0,0
9,11,10,14,55,106,104,129,145,147,137,122,106,104,115,128,137,121,110,103,89,23,0,0
1,2,9,17,90,121,112,122,137,141,129,113,105,106,111,124,134,129,113,101,83,13,6,3
0,2,1,14,68,102,107,125,132,132,116,105,93,101,108,114,116,117,109,108,84,26,9,0
10,7,10,13,16,80,108,110,118,121,119,82,103,100,101,102,108,115,112,108,58,34,8,0
0,12,10,15,30,44,103,104,107,111,106,65,58,64,58,105,114,123,111,100,71,31,9,1
8,11,11,7,8,40,59,76,74,67,75,54,54,58,67,95,104,101,85,85,59,13,1,0
11,0,9,13,13,28,77,86,98,63,62,43,48,51,53,73,68,102,134,118,57,14,8,1
0,8,6,12,29,39,78,144,102,73,56,47,51,56,54,55,55,97,161,111,67,38,5,1
7,5,2,8,14,36,107,108,74,55,54,51,26,14,26,53,27,57,102,99,61,38,5,8
4,8,0,0,5,47,66,52,63,44,20,12,6,12,10,17,51,48,58,67,63,34,4,0
3,0,0,8,11,57,60,63,34,45,26,11,8,6,10,12,12,13,41,54,55,31,5,0
0,5,0,13,36,65,53,50,55,32,14,12,0,0,0,2,8,13,25,50,50,11,4,0
0,0,3,10,28,51,52,50,28,21,20,12,0,0,4,0,0,8,8,20,13,5,0,0
0,5,3,5,15,40,51,51,33,18,21,8,4,8,5,5,4,3,4,10,1,0,2,0
0,10,7,12,11,30,47,50,33,14,15,13,4,0,11,8,6,5,0,0,0,0,0,0
8,12,10,13,43,56,32,40,14,13,10,9,12,12,9,8,0,0,1,5,0,0,0,0
16,7,9,8,30,51,58,32,14,9,11,11,9,6,7,9,4,0,0,6,0,3,6,2
7,8,5,8,13,12,24,54,29,9,7,2,4,0,0,5,9,11,9,9,9,9,7,3
0,4,12,7,4,13,10,7,13,14,8,0,0,0,2,0,1,4,10,11,5,13,6,0
2,8,1,11,14,12,12,6,10,10,13,8,3,3,0,7,6,4,2,3,6,13,10,4

105,63,13,0,0,7,7,4,8,2,10,10,56,62,50,13,9,0,0,0,0,4,13,51
30,71,59,33,8,0,0,12,20,8,43,58,156,236,90,64,12,10,7,0,10,36,50,40
11,50,64,50,45,13,12,2,10,8,10,79,100,103,74,12,5,3,0,0,23,47,51,14
0,10,11,41,29,38,5,0,0,0,13,10,14,13,6,2,0,3,0,6,23,30,13,9
5,12,0,11,19,23,0,10,7,37,17,71,67,51,59,9,21,54,50,13,4,5,0,0
9,5,1,6,15,12,8,21,58,62,67,79,73,82,64,70,72,68,59,38,12,7,0,3
0,3,0,0,10,13,10,52,67,103,136,160,139,121,112,112,93,69,59,50,9,12,3,3
0,2,0,0,4,59,54,57,85,143,163,167,159,130,137,141,122,92,67,51,9,7,0,0
0,0,0,0,0,7,12,62,101,149,168,170,134,105,137,137,120,86,85,59,7,0,0,0
3,7,0,0,0,0,18,61,103,140,181,195,171,105,113,129,104,103,66,50,5,2,6,4
0,1,0,0,12,12,12,61,108,148,217,243,181,142,158,168,135,97,61,12,19,9,1,0
0,0,0,9,5,30,46,77,125,182,240,205,191,190,200,201,161,100,58,38,14,6,4,0
0,7,4,7,14,15,27,100,131,198,213,181,171,159,157,178,183,121,83,30,8,0,0,0
4,9,4,7,14,10,65,105,133,163,167,152,160,160,142,135,137,113,75,43,10,0,0,0
0,0,2,0,6,29,61,102,118,138,132,143,152,136,93,104,115,71,54,50,9,10,0,0
0,10,8,6,13,13,49,80,103,123,141,151,134,117,101,114,112,60,67,22,9,0,8,0
0,7,0,10,5,13,55,62,75,83,112,145,130,131,108,94,110,101,66,14,7,11,5,0
5,7,8,12,14,17,25,59,88,97,122,131,160,165,125,113,87,53,46,35,19,14,3,0
3,1,0,7,5,14,28,79,104,75,79,120,128,128,112,76,97,97,61,14,12,7,0,0
2,3,5,0,7,28,91,109,122,117,114,133,142,127,109,112,108,80,65,55,47,7,10,1
11,9,7,15,29,50,100,102,110,122,131,148,163,165,114,86,72,90,48,35,33,14,2,0
8,8,13,24,41,82,84,101,107,88,117,155,163,144,120,103,102,119,100,61,41,12,0,0
5,9,11,27,58,74,113,120,142,146,128,120,172,188,111,114,122,121,101,66,38,17,6,0
0,9,12,14,105,101,108,132,147,147,139,131,129,125,120,126,133,121,112,81,67,14,0,0
9,11,9,14,55,106,105,129,145,147,137,122,107,104,115,128,137,121,110,103,90,25,0,0
0,2,9,18,91,121,112,122,137,141,129,113,105,106,111,124,134,129,113,101,84,13,6,3
0,2,1,14,68,102,107,125,132,133,116,105,93,101,108,114,116,117,109,108,84,27,9,0
10,7,10,13,16,81,108,110,118,121,119,82,103,100,101,102,108,115,112,108,58,34,8,0
0,12,10,15,30,44,102,104,107,111,106,64,58,64,58,105,114,123,111,100,71,33,9,1
8,11,11,7,8,40,59,76,74,67,75,53,54,58,67,95,104,101,85,85,59,13,1,0
11,0,9,13,13,30,78,87,98,63,62,43,49,51,53,73,68,102,135,118,56,14,8,1
0,8,6,12,29,39,78,144,102,73,56,46,51,55,54,55,55,97,162,111,67,37,4,1
7,5,2,8,14,36,107,108,74,55,54,51,25,14,26,53,27,57,102,99,61,37,5,8
4,8,0,0,5,48,66,52,63,43,20,12,6,12,10,16,51,49,58,67,63,35,4,0
3,0,0,8,11,57,60,63,34,45,26,11,8,6,10,12,12,13,41,54,54,32,5,0
0,5,0,13,36,65,53,50,55,32,15,12,0,0,0,2,8,14,26,50,50,11,4,0
0,0,3,10,28,51,52,50,28,22,19,12,0,0,4,0,0,8,8,21,13,5,0,0
0,5,3,5,15,41,51,51,34,18,21,8,4,8,6,5,4,3,4,10,1,0,2,0
0,11,7,12,11,30,47,50,33,14,15,13,4,0,11,8,6,4,0,0,0,0,0,0
8,12,10,13,42,55,32,40,14,13,10,9,12,12,9,7,0,0,1,5,0,0,0,0
16,7,9,8,30,51,58,33,14,9,11,11,8,6,7,9,4,0,0,6,0,3,6,2
7,8,5,8,13,12,24,54,29,9,7,2,4,0,0,4,9,11,9,8,9,9,7,3
0,4,12,7,4,13,10,7,13,14,8,0,0,0,2,0,1,4,10,11,5,13,6,0
2,8,1,11,14,12,12,6,10,10,13,7,3,3,0,7,6,4,2,3,6,13,10,4

106,63,13,0,0,7,7,4,8,2,10,10,57,63,48,13,9,0,1,0,0,4,13,51
30,71,59,33,8,0,0,12,20,8,43,58,157,236,90,64,12,10,7,0,10,35,50,40
11,50,64,50,47,13,12,2,10,8,10,79,100,103,74,12,5,3,0,0,25,48,51,14
0,10,11,42,29,38,5,0,0,0,13,10,14,12,6,2,0,3,0,6,23,30,13,9
6,12,0,11,19,23,0,10,7,39,18,71,67,51,59,9,24,54,50,13,4,5,0,0
9,5,1,6,16,12,8,21,58,62,67,79,73,82,64,70,73,68,59,38,12,7,0,4
0,3,0,0,11,13,10,53,67,104,136,161,139,121,112,112,94,69,59,50,9,12,3,3
0,2,0,0,4,59,54,57,86,144,163,167,159,130,137,142,122,92,67,51,9,7,0,0
0,0,0,0,0,7,12,62,101,149,168,169,133,104,137,137,120,86,85,59,7,0,0,0
3,7,0,0,0,0,18,61,103,140,181,194,170,104,112,128,104,103,66,50,5,2,6,4
0,1,0,0,12,12,12,61,108,148,217,244,179,140,157,168,135,98,61,12,18,9,1,0
0,0,0,9,5,30,45,77,125,181,241,206,191,189,199,201,161,101,58,37,14,6,4,0
0,7,4,7,14,15,26,100,130,197,214,182,172,159,156,178,183,121,83,30,9,0,0,0
4,9,4,7,14,10,64,104,132,163,168,153,160,160,142,135,137,113,75,42,10,0,0,0
0,0,2,0,6,28,60,102,118,138,133,143,152,136,93,104,115,71,54,50,9,10,0,0
0,10,8,6,13,12,47,80,103,123,141,151,134,117,101,114,112,60,67,22,9,0,8,0
0,7,0,10,4,13,55,61,75,83,112,145,130,130,108,94,111,100,65,14,7,11,5,0
5,7,8,12,14,17,25,58,88,96,122,130,159,165,125,113,87,53,46,35,18,14,3,0
3,1,0,7,5,14,29,79,104,74,78,119,128,128,112,76,97,98,61,14,12,7,0,0
2,3,5,0,7,28,91,109,122,117,114,132,141,127,109,112,108,81,65,56,47,7,10,1
11,9,7,16,29,50,100,102,110,121,131,148,163,166,114,86,72,91,48,35,33,14,2,0
8,8,13,24,41,82,84,101,107,88,118,156,163,144,120,103,102,120,100,61,41,12,0,0
5,9,11,28,58,75,113,120,142,146,129,120,172,189,111,114,122,121,102,66,38,17,6,0
0,9,12,14,105,101,109,132,147,147,139,131,128,125,120,126,133,121,112,81,67,14,0,0
9,11,10,14,56,106,105,129,145,147,137,122,106,104,115,128,137,121,110,103,90,24,0,0
1,2,9,18,91,121,112,122,137,140,129,113,105,106,111,124,134,129,113,101,84,14,6,3
0,3,1,14,68,102,107,126,132,133,116,105,92,101,108,114,116,117,109,108,84,26,10,0
10,7,10,13,16,81,108,110,118,121,120,82,103,100,101,102,108,115,112,108,57,34,8,0
0,12,10,15,30,44,103,104,107,111,106,65,58,64,58,105,114,123,111,100,71,33,9,1
8,11,11,7,8,40,59,76,74,67,75,54,54,58,68,95,104,101,86,85,59,13,1,0
11,0,9,13,13,29,78,87,98,63,62,43,48,51,53,73,68,102,135,118,56,14,8,1
0,8,6,12,29,39,78,144,102,73,56,47,51,56,54,56,55,97,162,111,67,37,5,1
8,5,2,8,14,36,107,108,74,55,54,51,26,14,26,53,29,57,102,99,61,37,5,8
4,8,0,0,5,48,66,52,63,45,20,12,6,12,10,18,52,49,58,67,63,34,4,0
4,0,0,8,11,57,60,63,34,46,26,11,8,6,10,12,12,13,41,54,54,31,5,0
0,5,0,13,37,65,53,50,55,32,15,12,0,0,0,2,8,14,25,50,50,11,4,0
0,0,3,10,28,51,52,50,28,22,19,12,0,0,4,0,0,8,8,20,13,5,0,0
0,5,3,5,15,40,51,51,33,18,21,8,4,8,5,5,4,3,4,10,2,0,2,0
0,11,7,12,11,30,47,50,33,14,15,13,4,0,11,8,6,4,0,0,0,0,0,0
8,12,10,13,42,55,32,40,14,13,10,9,12,12,9,7,0,0,1,5,0,0,0,0
16,7,9,8,29,51,58,33,14,9,11,11,9,6,7,9,4,0,0,6,0,3,5,2
7,8,5,7,13,12,24,54,29,9,7,2,4,0,0,5,9,11,9,8,9,9,7,3
0,4,12,7,4,13,10,7,13,14,9,0,0,0,2,0,1,4,10,11,5,13,6,0
2,8,1,11,14,12,12,6,10,10,13,8,3,3,0,7,6,4,2,3,6,13,10,4

106,63,13,0,0,7,7,4,8,2,10,9,56,62,50,13,9,0,1,0,0,4,13,51
31,71,59,32,8,0,0,12,20,9,43,58,157,236,90,64,12,11,7,0,10,35,50,39
11,50,64,51,46,13,12,2,10,8,10,80,100,103,75,12,6,3,0,0,22,47,51,14
0,10,11,41,28,37,5,0,0,0,13,10,14,13,6,2,0,3,0,6,23,30,13,9
5,12,0,11,19,23,0,10,7,40,19,72,67,50,59,9,25,55,50,13,4,5,0,0
9,5,1,6,15,12,8,21,58,62,67,79,72,82,64,71,73,68,59,38,12,7,0,4
0,3,0,0,10,13,10,53,67,103,136,160,139,121,112,112,94,69,59,50,9,12,3,3
0,2,0,0,4,59,54,57,85,143,163,167,159,129,137,141,123,92,67,51,9,7,0,0
0,0,0,0,0,7,12,62,100,148,166,168,133,104,137,136,119,85,85,59,7,0,0,0
3,7,0,0,0,0,18,61,103,139,179,191,169,104,112,127,103,102,66,48,5,2,6,4
0,1,0,0,12,12,12,61,108,148,215,241,178,140,156,166,134,97,61,12,18,9,1,0
0,0,0,9,5,31,47,78,126,183,241,205,192,190,200,201,161,101,58,38,14,6,4,0
0,7,4,7,14,15,27,101,132,199,214,183,175,162,159,178,183,122,84,34,9,0,0,0
4,9,4,7,14,10,65,105,133,163,168,154,163,162,144,136,137,113,76,44,11,0,0,0
0,0,2,0,6,29,61,102,119,138,133,144,154,137,94,105,116,72,54,50,9,11,0,0
0,10,8,6,13,13,49,80,103,123,141,152,135,118,102,114,113,60,67,23,9,0,8,0
0,7,0,10,5,13,55,62,75,83,113,146,130,131,109,95,111,101,66,14,7,11,5,0
5,7,9,12,14,17,25,59,88,97,123,132,161,166,126,114,87,54,47,35,19,14,3,0
3,1,0,7,5,14,26,78,104,74,79,120,128,128,112,77,96,96,60,14,12,7,0,0
2,3,4,0,6,24,89,109,121,117,114,133,141,127,109,112,107,80,64,55,45,7,10,1
11,9,7,15,28,50,99,102,110,121,131,148,163,165,113,85,72,90,48,34,33,14,2,0
8,8,13,23,41,82,84,101,107,87,117,154,162,143,119,103,102,119,99,60,40,11,0,0
5,9,10,28,58,74,113,120,141,145,128,120,171,187,111,114,121,121,101,66,38,16,6,0
0,9,12,14,105,101,108,131,146,147,138,131,128,125,120,126,133,121,112,80,66,14,0,0
9,11,10,14,56,106,105,129,145,147,137,122,106,104,115,128,137,121,110,103,90,25,0,0
1,2,9,19,91,121,112,122,137,140,129,113,105,106,111,124,134,129,113,101,83,13,6,3
0,2,1,14,68,102,107,126,132,133,116,105,92,101,108,114,116,117,109,108,84,26,10,0
10,7,10,13,16,81,108,110,118,121,119,82,103,100,101,102,108,115,112,108,57,34,8,0
0,12,10,15,30,44,103,104,107,111,106,65,58,64,58,105,114,123,111,100,71,34,9,1
8,11,11,7,8,40,59,76,74,67,75,54,54,58,67,95,104,101,86,85,59,13,1,0
11,0,9,13,13,28,78,87,98,63,62,43,48,51,53,73,68,102,135,118,57,14,8,1
0,8,6,12,29,39,78,144,102,73,56,47,51,55,54,55,55,97,162,111,67,38,5,1
8,5,2,8,14,36,107,108,75,55,54,51,26,14,26,53,30,57,102,99,61,37,5,8
4,8,0,0,5,47,66,52,64,46,21,12,6,12,10,18,52,49,58,67,63,33,4,0
4,0,0,8,11,57,60,63,35,46,27,11,8,6,10,12,12,13,41,54,54,31,5,0
0,5,0,13,37,65,53,50,55,32,16,12,0,0,0,1,8,14,26,50,50,11,4,0
0,0,3,10,28,51,52,50,28,22,20,12,0,0,4,0,0,8,8,21,13,5,0,0
0,5,3,5,15,41,51,51,34,18,21,8,4,8,5,5,4,3,4,11,2,0,2,0
0,11,7,12,11,30,47,50,33,14,15,13,3,0,11,8,6,5,0,0,0,0,0,0
8,12,10,13,43,56,32,41,14,13,10,9,12,12,9,7,0,0,1,5,0,0,0,0
16,7,9,8,30,51,58,33,14,9,11,11,9,6,7,9,4,0,0,6,0,3,6,2
7,9,5,7,13,12,24,55,29,9,7,2,4,0,0,5,9,11,9,9,9,9,7,3
0,5,12,7,4,13,10,7,13,14,9,0,0,0,2,0,1,4,10,11,5,13,6,0
2,8,1,11,14,12,12,6,10,10,13,8,3,3,0,7,5,4,2,3,6,13,10,4

105,63,13,0,0,7,7,4,8,2,10,10,57,63,50,13,10,0,1,0,0,4,14,51
30,71,59,33,8,0,0,12,20,9,41,58,159,239,90,64,13,11,7,0,10,35,50,40
11,50,64,50,45,13,12,2,10,8,10,80,101,103,75,12,6,3,0,0,21,47,51,14
0,10,11,40,27,37,5,0,0,0,13,10,14,13,6,2,0,3,0,6,23,30,13,8
6,12,0,11,19,23,0,10,7,39,18,71,67,50,59,9,23,54,50,13,4,5,0,0
9,5,1,6,16,12,8,21,58,62,67,80,72,81,64,70,73,68,59,38,12,7,0,4
0,3,0,0,10,13,10,52,67,104,136,161,138,120,112,112,94,69,59,50,10,12,3,3
0,2,0,0,4,58,54,56,85,143,162,166,158,129,136,141,122,92,67,51,9,7,0,0
0,0,0,0,0,7,12,62,100,147,165,166,132,104,136,135,118,85,84,59,6,0,0,0
3,7,0,0,0,0,17,60,102,138,177,190,169,104,111,126,103,101,66,46,5,2,6,3
0,1,0,0,12,12,12,61,108,147,212,239,178,140,155,164,133,96,61,12,17,9,1,0
0,0,0,9,5,31,48,78,127,184,240,203,191,190,200,200,161,101,58,37,14,6,4,0
0,7,4,7,14,16,28,101,133,199,212,184,177,164,161,179,182,122,85,36,9,0,0,0
4,9,4,8,14,11,66,105,134,163,168,156,166,165,146,137,137,113,76,46,11,0,0,0
0,0,3,0,6,31,62,103,119,139,134,145,156,139,95,107,116,72,54,50,9,11,0,0
0,10,8,6,14,13,50,80,104,124,143,153,137,120,104,115,113,60,67,25,10,0,8,0
0,7,0,10,5,13,56,62,76,84,114,147,132,132,110,96,111,101,66,14,7,12,5,0
5,7,9,12,14,18,24,59,89,98,124,133,163,168,127,115,88,54,47,35,19,14,3,0
2,1,0,7,4,13,20,75,103,75,80,121,129,129,113,77,95,94,58,14,12,7,1,0
2,3,4,0,6,17,85,108,120,116,114,133,142,128,109,112,107,79,63,55,43,6,10,1
11,9,7,15,27,49,96,102,110,120,130,148,162,164,113,84,71,90,47,34,33,14,2,0
8,8,13,22,41,81,83,100,106,86,116,152,161,142,118,103,101,119,97,60,40,11,0,0
5,9,10,27,58,74,113,119,140,144,127,119,169,185,111,113,121,121,101,66,38,16,6,0
0,9,12,14,105,101,108,131,146,147,138,130,127,124,120,126,133,120,111,80,66,14,0,0
9,11,10,14,55,106,104,129,145,147,136,121,106,104,114,128,137,121,110,103,90,25,0,0
1,2,9,18,91,121,112,122,137,140,129,113,105,106,111,124,134,129,113,101,83,13,6,3
0,2,1,14,68,102,107,126,132,132,116,104,92,101,108,114,116,117,109,108,84,25,9,0
10,7,10,13,15,81,108,110,118,121,119,82,103,100,101,102,108,115,112,108,57,34,8,0
0,12,9,15,30,45,102,104,107,111,106,65,58,64,58,105,114,123,111,100,71,34,9,1
8,11,11,7,8,40,59,76,74,67,75,54,54,58,67,95,104,101,86,84,59,13,1,0
11,0,9,13,13,28,77,87,98,63,62,44,48,51,53,73,68,102,135,118,56,14,8,1
0,8,6,12,29,39,78,145,103,73,56,47,51,56,54,56,55,97,162,112,66,38,5,1
7,5,2,8,15,36,107,108,75,55,54,51,26,14,26,53,30,57,102,99,61,38,5,8
4,8,0,0,5,48,66,52,64,46,20,12,6,12,10,17,52,49,58,67,63,33,4,0
4,0,0,8,11,57,60,63,35,47,27,11,8,6,10,12,12,13,42,54,54,32,5,0
0,5,0,13,37,64,53,50,55,33,15,12,0,0,0,1,8,14,26,50,50,11,4,0
0,0,3,10,28,51,52,50,28,22,20,12,0,0,4,0,0,8,8,22,13,5,0,0
0,5,3,5,15,41,51,51,34,18,21,8,4,8,5,5,4,3,4,11,2,0,2,0
0,11,7,12,11,30,48,50,34,14,16,13,4,0,11,8,6,5,0,0,0,0,0,0
8,12,10,13,43,56,33,41,14,13,10,9,12,12,9,8,0,0,1,5,0,0,0,0
16,8,9,8,30,51,58,33,13,9,11,11,9,6,7,9,4,0,0,6,1,3,6,2
7,9,5,8,13,12,24,54,29,8,7,2,4,0,0,5,9,11,9,9,9,9,7,3
0,5,12,7,4,13,10,7,13,14,9,0,0,0,2,0,1,5,10,11,5,13,6,0
2,8,1,11,14,12,12,6,10,10,13,8,3,3,0,7,6,4,2,3,6,13,10,4

105,63,13,0,0,7,8,4,8,2,10,10,57,63,50,13,9,0,1,0,0,4,14,51
29,71,59,33,8,0,0,12,20,8,44,58,159,240,90,64,13,11,7,0,10,35,50,40
11,50,64,50,46,13,12,2,10,8,10,79,101,103,75,12,6,3,0,0,21,47,51,14
0,10,11,40,28,37,5,0,0,0,13,10,14,13,6,1,0,3,0,6,23,29,13,9
6,12,0,11,19,23,0,9,7,36,17,71,67,51,58,8,21,54,50,13,4,5,0,0
9,5,1,5,16,12,8,20,58,62,67,79,72,81,63,70,73,68,59,39,12,7,0,4
0,3,0,0,10,13,10,52,67,103,136,160,138,120,112,112,94,69,59,50,9,12,3,3
0,2,0,0,4,58,53,56,85,142,161,165,157,129,136,141,122,92,67,51,9,7,0,0
0,0,0,0,0,7,12,62,100,147,164,167,132,104,136,136,118,85,84,59,6,0,0,0
3,7,0,0,0,0,19,60,102,138,178,191,170,104,111,126,103,102,66,47,5,2,6,3
0,1,0,0,12,12,12,61,108,147,213,240,178,140,155,165,133,97,61,12,17,9,1,0
0,0,0,9,5,31,48,78,127,184,240,203,191,190,200,200,160,101,58,37,14,6,4,0
0,7,4,7,13,16,28,101,133,198,212,184,177,164,161,179,181,122,85,34,9,0,0,0
4,9,4,8,14,11,66,105,134,163,168,156,166,165,146,137,137,113,76,43,11,0,0,0
0,0,3,0,7,31,62,103,119,139,134,145,157,140,96,107,116,72,54,50,10,11,0,0
0,10,8,6,14,13,50,81,104,125,143,154,137,120,104,116,113,60,67,26,10,0,8,0
0,7,0,10,5,14,56,62,76,84,114,147,132,133,110,96,111,101,67,14,7,12,5,0
5,7,9,12,14,18,24,59,89,99,125,134,164,169,127,115,89,54,47,35,18,14,3,0
3,1,0,7,4,13,19,74,104,75,80,121,129,129,113,78,95,93,59,14,12,7,1,0
2,3,4,0,6,17,86,108,120,116,115,133,142,128,109,112,107,79,63,55,43,6,10,1
11,9,7,14,28,49,96,102,110,120,131,148,162,164,113,84,71,90,47,34,33,14,1,0
8,8,13,23,41,81,83,100,106,86,116,152,161,142,118,103,102,119,98,60,40,11,0,0
5,9,10,27,58,74,113,119,141,144,127,119,169,185,111,113,121,121,101,65,38,16,6,0
0,9,12,14,105,101,108,131,146,147,138,130,127,124,119,126,133,120,112,80,67,14,0,0
9,11,10,14,56,106,104,129,145,147,136,121,106,104,114,128,137,121,110,103,90,25,0,0
1,2,9,19,91,121,112,122,137,140,129,113,105,106,111,124,134,129,113,101,83,13,6,3
0,2,1,14,68,102,107,126,132,132,116,104,92,101,108,114,116,117,109,108,84,26,10,0
10,7,10,13,16,81,109,110,118,121,119,82,103,100,101,102,108,115,112,108,57,34,8,0
0,12,9,14,30,44,102,104,107,111,106,64,58,64,58,105,114,123,111,100,71,33,9,1
8,11,11,7,8,40,59,76,74,67,75,54,54,58,67,95,104,101,86,84,59,13,1,0
11,0,9,13,13,28,77,87,98,63,62,44,48,51,53,73,68,102,135,118,56,14,8,1
0,8,6,12,29,39,78,145,102,73,56,48,51,55,54,55,55,97,162,111,66,38,5,1
8,5,2,8,15,36,107,108,75,55,54,51,26,14,26,53,31,57,102,99,61,38,5,8
4,8,0,0,5,47,66,52,64,47,21,12,6,12,10,18,52,49,58,67,63,34,4,0
4,0,0,8,11,57,60,63,35,46,25,11,8,6,10,12,12,13,42,54,54,32,5,0
0,5,0,13,36,65,53,50,55,33,15,11,0,0,0,2,8,14,26,50,50,11,4,0
0,0,3,10,28,51,52,50,28,22,20,12,0,0,4,0,0,8,8,22,13,5,0,0
0,5,3,5,15,41,51,51,34,18,21,8,4,8,5,5,4,3,4,11,3,0,2,0
0,11,7,12,11,30,48,50,35,14,15,13,4,0,11,8,6,5,0,0,0,0,0,0
8,12,10,13,43,56,32,41,14,13,10,9,12,12,9,8,0,0,1,5,0,0,0,0
16,8,9,8,30,51,58,33,13,8,10,11,9,6,7,9,4,0,0,6,1,3,6,2
7,9,5,8,13,12,24,54,28,8,7,2,4,0,0,5,9,11,9,9,9,9,7,3
0,5,12,7,4,13,10,7,13,14,9,0,0,0,2,0,1,4,10,11,5,13,6,0
2,8,1,11,14,12,12,6,10,10,13,7,3,3,0,7,6,4,2,3,6,14,10,5

105,63,13,0,0,7,8,4,8,2,10,10,57,63,50,13,10,0,1,0,0,4,13,51
30,72,59,33,8,0,0,12,20,9,44,58,159,240,90,64,13,11,7,0,10,35,50,40
11,50,64,50,46,13,12,2,10,8,10,80,101,104,75,12,6,3,0,0,21,48,51,14
0,10,11,40,28,37,5,0,0,0,13,10,14,13,6,2,0,3,0,6,23,29,13,9
6,12,0,11,19,23,0,9,7,37,18,71,67,51,58,8,23,54,50,13,4,5,0,0
9,5,1,5,15,12,8,21,58,62,67,79,72,81,63,70,73,68,59,39,12,7,0,4
0,3,0,0,10,13,10,52,67,103,135,159,137,120,112,112,94,69,59,50,9,12,3,3
0,2,0,0,4,59,54,56,85,143,161,166,158,129,136,141,122,92,67,51,9,7,0,0
0,0,0,0,0,7,12,62,100,148,166,168,132,104,136,136,119,86,85,59,7,0,0,0
3,7,0,0,0,0,19,60,103,139,180,193,170,104,111,127,104,102,66,50,5,2,6,4
0,1,0,0,12,12,12,61,108,148,216,242,180,141,156,167,134,97,61,12,18,9,1,0
0,0,0,9,5,31,48,78,127,183,241,204,191,190,199,201,161,101,58,37,14,6,4,0
0,7,4,7,14,16,28,101,132,199,212,183,175,162,159,178,182,121,84,34,9,0,0,0
4,9,4,8,14,11,66,105,134,163,168,155,163,163,144,136,137,113,75,44,11,0,0,0
0,0,2,0,6,31,63,102,119,139,134,144,155,138,94,106,116,72,54,50,10,11,0,0
0,10,8,6,14,13,51,80,104,124,142,152,136,119,103,115,113,60,67,26,10,0,8,0
0,7,0,10,5,13,56,62,76,84,113,146,131,132,109,95,111,101,66,14,7,12,5,0
5,7,9,12,14,18,25,59,89,98,124,133,162,167,126,114,88,54,47,35,18,14,3,0
2,1,0,7,5,14,24,76,104,75,80,120,129,128,113,77,96,95,60,14,12,7,1,0
2,3,4,0,6,22,88,109,121,117,115,133,142,128,109,112,107,79,64,55,45,7,10,1
11,9,7,15,29,49,98,102,110,121,131,148,163,165,113,85,71,90,48,35,33,14,2,0
8,8,13,23,41,82,83,101,106,87,117,153,161,143,119,103,102,119,99,61,40,11,0,0
5,9,10,27,58,74,113,120,141,145,127,119,170,186,111,113,121,121,101,66,38,16,6,0
0,9,12,14,105,101,108,131,146,147,138,131,128,125,120,126,133,121,112,81,67,14,0,0
9,11,10,14,56,106,105,129,145,147,136,122,106,104,114,128,137,121,110,103,91,24,0,0
1,3,9,19,91,121,112,122,137,140,129,113,105,106,111,124,134,129,113,101,84,13,6,3
0,2,1,14,68,102,107,126,132,132,116,104,92,101,108,114,116,117,109,108,84,27,10,0
10,7,10,13,17,81,109,110,118,121,119,82,103,100,101,102,108,115,112,108,58,34,8,0
0,12,9,14,30,44,103,104,107,111,106,65,58,64,58,105,114,123,111,100,71,33,9,1
8,11,11,7,8,41,59,76,74,67,74,54,54,58,68,95,104,101,86,84,59,13,1,0
11,0,9,13,13,29,77,87,98,63,62,44,48,51,53,72,68,102,135,118,56,14,8,1
0,8,6,12,29,39,78,145,103,73,56,48,51,56,54,55,55,97,162,111,66,40,5,1
8,5,2,8,15,36,107,108,75,55,54,51,26,14,26,53,30,57,102,99,61,37,5,8
4,8,0,0,5,48,66,52,64,47,21,12,6,12,10,18,52,50,58,67,63,35,4,0
4,0,0,8,11,57,60,63,35,47,28,11,8,6,10,12,12,13,41,54,54,33,5,0
0,5,0,13,37,65,53,50,55,33,15,11,0,0,0,2,8,14,26,50,50,11,4,0
0,0,3,10,28,51,52,50,28,22,20,12,0,0,4,0,0,8,8,22,13,5,0,0
0,5,3,5,15,41,51,51,33,18,21,8,4,8,5,5,4,3,4,11,2,0,2,0
0,11,7,12,11,30,48,50,33,14,15,13,4,0,11,8,6,5,0,0,0,0,0,0
8,12,10,13,43,56,32,41,14,13,10,9,12,12,9,8,0,0,1,5,0,0,0,0
16,7,9,8,31,51,58,33,13,8,10,11,9,6,7,9,4,0,0,7,1,3,6,2
7,8,5,8,13,12,24,55,28,8,7,2,4,0,0,5,9,12,9,9,9,9,7,3
0,5,12,7,4,13,10,7,13,14,9,0,0,0,3,0,1,4,10,11,5,13,6,0
2,8,1,11,14,12,12,6,10,10,13,8,3,3,0,7,6,4,2,3,6,13,10,5

105,63,13,0,0,7,8,4,8,2,10,10,57,63,50,13,10,0,1,0,0,4,13,51
30,71,59,33,8,0,0,12,20,9,45,58,159,240,90,64,13,11,7,0,10,35,50,40
11,50,64,50,45,13,12,2,10,8,10,80,101,104,75,12,6,3,0,0,22,48,51,14
0,10,11,42,30,37,5,0,0,0,13,10,14,13,6,2,0,3,0,6,23,29,13,9
6,12,0,11,19,23,0,10,7,40,18,72,67,51,59,9,25,54,50,13,4,5,0,0
10,5,1,5,15,12,8,21,58,62,67,80,73,82,63,70,73,68,60,39,12,7,0,4
0,4,0,0,10,13,10,52,67,103,136,160,138,121,112,112,94,69,59,50,10,12,3,3
0,2,0,0,4,59,54,57,85,143,162,167,159,129,137,141,122,92,67,52,10,7,0,0
0,0,0,0,0,7,12,62,101,148,167,169,133,104,137,137,120,86,85,59,7,0,0,0
3,7,0,0,0,0,19,61,103,140,181,193,171,104,112,128,104,103,66,50,5,2,6,4
0,1,0,0,12,12,12,61,108,148,217,243,181,142,158,168,135,98,62,12,19,9,1,0
0,0,0,9,5,30,47,78,126,183,241,204,191,190,200,201,161,101,58,38,14,6,4,0
0,7,4,7,14,15,28,101,131,198,213,182,173,160,158,178,183,121,84,32,9,0,0,0
4,9,4,7,14,11,66,105,133,163,167,152,161,161,143,135,137,113,75,44,11,0,0,0
0,0,2,0,6,30,62,102,119,138,133,143,153,136,93,105,115,71,54,50,9,10,0,0
0,10,8,6,14,13,51,80,103,124,141,151,135,117,102,114,113,60,67,26,10,0,8,0
0,7,0,10,5,14,56,62,76,83,113,145,130,131,109,95,111,101,66,14,7,12,5,0
5,7,9,12,14,18,25,59,89,98,123,132,161,166,125,114,87,54,47,35,18,14,3,0
3,1,0,7,5,14,27,78,104,75,79,120,128,128,112,77,96,96,60,14,12,7,1,0
2,3,5,0,7,26,91,109,121,117,114,133,142,127,109,112,107,80,64,56,47,7,10,1
11,9,7,15,28,50,100,102,110,122,131,148,163,165,114,86,72,90,48,35,33,14,2,0
8,8,13,24,41,82,84,101,107,88,117,155,162,144,119,103,102,119,100,61,42,12,0,0
5,9,10,28,58,75,113,120,141,145,128,120,171,187,111,114,121,121,101,66,38,17,6,0
0,9,12,14,105,101,108,132,146,147,139,131,128,125,120,126,133,121,112,81,67,14,0,0
9,11,10,14,56,106,105,129,145,147,137,122,106,104,114,128,137,121,110,103,91,25,0,0
1,2,9,19,91,121,112,122,137,140,129,113,105,106,111,124,134,129,113,101,83,14,7,3
0,2,1,14,68,102,107,126,132,132,116,104,92,101,108,114,116,117,109,108,84,27,10,0
10,7,10,13,16,82,109,110,118,121,119,82,103,100,101,102,108,115,112,108,58,34,8,0
0,12,9,15,30,44,102,104,107,111,106,64,58,64,58,105,114,123,111,100,71,31,9,1
8,11,11,7,8,41,59,75,74,67,75,54,54,58,67,95,104,101,86,85,59,13,1,0
11,0,9,13,13,29,77,87,98,63,62,44,48,51,53,73,68,102,135,118,56,14,8,1
0,8,6,12,29,39,78,145,103,73,56,47,51,55,54,56,55,97,162,111,66,38,5,1
8,5,2,8,15,36,107,108,75,55,54,51,26,14,26,53,31,57,102,99,61,37,5,8
4,8,0,0,5,48,66,52,64,47,20,12,6,12,10,17,52,49,58,67,63,35,4,0
4,0,0,8,11,57,60,63,35,47,26,11,8,6,10,12,12,13,41,54,54,32,5,0
0,5,0,13,37,65,53,50,55,32,15,12,0,0,0,2,8,14,27,50,50,11,4,0
0,0,3,10,28,51,52,50,28,22,20,12,0,0,4,0,0,8,8,20,13,5,0,0
0,5,3,5,15,40,51,51,34,18,21,8,4,8,6,5,4,3,5,11,2,0,2,0
0,11,7,12,11,30,48,50,33,14,15,13,4,0,11,8,6,5,0,0,0,0,0,0
8,12,10,13,43,56,32,41,14,13,10,9,12,12,9,8,0,0,1,5,0,0,0,0
16,7,9,8,31,51,58,33,13,8,11,11,9,6,7,9,4,0,0,6,0,3,6,2
7,8,5,8,13,12,25,54,28,8,7,2,4,0,0,5,9,11,9,9,9,9,7,3
0,4,12,7,4,13,10,7,13,14,9,0,0,0,2,0,1,4,10,11,5,13,7,0
2,8,1,11,14,12,12,6,10,10,13,8,3,3,0,7,6,4,2,3,6,13,10,5

105,63,13,0,0,7,8,4,8,2,10,10,57,63,50,13,9,0,1,0,0,4,13,51
30,72,59,32,8,0,0,12,20,9,44,58,158,239,90,64,13,11,7,0,10,35,50,41
11,50,64,50,46,13,12,2,10,8,10,80,101,104,75,12,6,3,0,0,22,47,51,14
0,10,11,40,29,37,5,0,0,0,13,10,14,12,6,2,0,3,0,6,23,30,13,9
6,12,0,11,19,23,0,10,7,40,19,72,67,51,59,9,24,54,50,13,4,5,0,0
10,5,1,5,15,12,8,21,58,62,67,79,73,82,63,70,72,68,59,39,12,7,0,4
0,4,0,0,10,13,10,53,67,103,135,160,139,121,112,112,94,69,59,50,10,12,3,3
0,2,0,0,4,59,54,57,85,143,163,167,160,130,137,141,122,92,67,51,10,7,0,0
0,0,0,0,0,7,12,62,101,149,167,170,134,105,138,137,120,86,85,59,7,1,0,0
3,7,0,0,0,0,19,61,103,140,181,194,172,105,114,129,104,103,66,50,5,3,6,4
0,1,0,0,12,12,12,61,108,148,217,243,182,142,159,169,135,98,62,12,19,9,1,0
0,0,0,9,5,30,47,77,126,182,240,205,191,190,200,202,161,101,59,38,14,6,4,0
0,7,4,7,14,16,28,101,131,198,213,181,171,159,157,178,183,121,84,32,9,0,0,0
4,9,4,7,14,11,66,105,133,164,167,151,159,160,142,135,137,113,75,44,10,0,0,0
0,0,2,0,6,30,62,102,118,138,132,143,152,136,93,104,115,71,54,50,9,11,0,0
0,10,8,6,14,13,50,80,103,123,141,150,134,117,101,114,112,60,67,25,10,0,8,0
0,7,0,10,5,13,56,62,76,83,112,145,130,131,108,94,111,100,66,14,7,11,5,0
5,7,8,12,14,18,26,59,89,98,122,131,160,165,125,113,87,53,46,35,18,14,3,0
3,1,0,7,5,14,29,79,104,75,79,120,128,128,112,76,97,97,60,14,12,7,1,0
2,3,5,0,7,27,91,109,122,117,114,133,142,127,109,112,108,81,65,55,47,7,10,1
11,9,7,15,29,50,100,102,110,122,132,148,163,165,114,86,72,90,48,35,33,14,2,0
8,8,13,24,41,82,84,101,107,88,118,156,163,144,120,103,102,119,100,61,42,12,0,0
5,9,11,28,58,75,113,120,141,146,128,120,171,188,111,114,122,121,101,66,38,18,6,0
0,9,12,14,105,101,109,132,146,147,139,131,128,125,120,126,133,121,112,81,67,15,0,0
9,11,10,14,56,106,105,129,145,147,137,122,106,104,114,128,137,121,110,103,90,25,0,0
1,3,9,20,91,121,112,122,137,140,129,113,105,106,111,124,134,129,113,101,83,14,7,3
0,2,1,14,68,102,107,126,132,132,116,104,92,101,108,114,116,117,109,108,84,27,10,0
10,7,10,13,16,82,109,110,118,121,119,82,103,100,101,102,108,115,112,108,57,34,8,0
0,12,9,14,30,44,103,104,107,111,106,64,58,64,58,105,114,123,111,100,71,34,9,1
8,11,11,7,8,41,59,76,74,67,75,54,54,58,67,95,104,101,85,84,59,13,1,0
11,0,9,13,13,29,78,87,98,63,62,44,48,51,53,72,68,102,135,118,56,14,8,1
0,8,6,12,29,39,78,145,103,74,56,50,51,55,54,56,55,97,162,111,66,40,5,2
8,5,2,8,15,36,107,108,75,55,54,51,26,14,25,53,31,57,102,98,61,37,5,8
4,8,0,0,5,48,65,52,64,46,20,12,6,12,10,17,52,49,58,67,63,34,4,0
4,0,0,8,11,57,60,63,35,47,26,11,8,6,10,12,12,13,41,54,54,32,6,0
0,5,0,13,38,64,53,50,55,33,15,11,0,0,0,1,8,14,27,50,50,11,4,0
0,0,3,10,28,51,52,50,28,22,20,12,0,0,4,0,0,8,8,20,13,5,0,0
0,5,3,5,15,41,51,51,34,18,21,8,4,8,6,5,4,3,4,11,2,0,2,0
0,11,7,12,11,30,47,50,33,14,15,13,4,0,11,8,6,5,0,0,0,0,0,0
8,12,10,13,44,56,32,41,14,13,10,9,12,12,9,7,0,0,1,5,0,0,0,0
16,8,9,8,30,51,58,33,13,8,10,11,9,6,7,9,4,0,0,6,1,3,6,2
7,8,5,8,13,12,24,55,28,8,7,2,4,0,0,5,9,11,9,8,9,9,7,3
0,4,12,7,4,13,10,7,13,14,9,0,0,0,3,0,1,4,10,11,5,13,6,0
2,8,1,11,14,12,12,6,10,10,13,8,3,3,0,7,5,4,2,3,6,13,10,5

105,63,13,0,0,7,8,4,8,2,10,10,57,63,50,13,9,0,1,0,0,4,14,51
30,71,59,32,8,0,0,12,20,9,43,58,158,239,90,64,13,11,7,0,10,35,50,40
11,50,64,50,46,13,12,2,10,8,10,80,101,104,76,12,6,3,0,0,22,47,51,14
0,10,11,40,29,38,5,0,0,0,13,10,14,13,6,2,0,3,0,6,23,30,13,9
6,12,0,11,19,23,0,10,7,39,18,72,67,51,59,9,23,54,50,13,4,5,0,0
10,5,1,5,15,12,8,21,58,62,67,79,72,82,63,70,72,68,59,39,12,7,0,4
0,4,0,0,10,13,10,53,67,103,135,160,139,121,112,112,94,69,59,50,10,12,3,3
0,2,0,0,4,59,54,57,85,143,163,167,160,130,137,141,123,92,67,52,10,7,1,0
0,0,0,0,0,7,12,62,101,148,167,169,134,105,137,137,120,86,85,59,7,1,0,0
3,7,0,0,0,0,18,61,103,140,181,194,172,105,113,129,104,103,67,50,5,3,7,4
0,1,0,0,12,12,12,61,108,149,217,244,182,142,158,169,135,98,62,12,19,9,1,0
0,0,0,9,5,30,48,78,126,183,241,204,191,190,200,201,162,101,58,39,14,6,4,0
0,7,4,7,14,16,28,101,132,199,213,181,172,160,157,178,182,122,84,33,9,0,0,0
4,9,3,7,14,11,66,105,134,163,167,152,160,160,142,135,137,113,75,46,11,0,0,0
0,0,2,0,6,31,62,102,119,138,133,143,152,136,93,105,115,72,54,50,9,10,0,0
0,10,8,6,14,13,50,80,103,123,141,151,134,117,101,114,112,60,67,26,10,0,8,0
0,7,0,10,5,13,56,62,76,83,112,145,130,131,108,94,111,101,66,14,7,11,5,0
5,7,9,12,14,17,25,59,89,97,122,132,160,165,125,113,87,53,46,35,18,14,3,0
3,1,0,7,5,14,28,78,104,75,79,120,128,128,112,76,96,96,61,14,12,7,1,0
2,3,5,0,7,27,91,109,121,117,114,133,142,127,109,112,108,80,65,56,46,7,10,1
11,9,7,15,29,50,100,102,110,121,131,148,163,165,114,85,72,90,48,35,33,14,2,1
8,8,13,24,41,82,84,101,107,87,117,155,162,143,119,103,102,119,100,61,41,12,0,0
5,9,10,27,58,75,113,120,141,145,128,120,171,187,111,114,121,121,101,66,38,17,6,0
0,9,12,14,105,101,108,131,146,147,138,131,128,125,120,126,133,121,112,81,66,14,1,0
9,11,10,14,57,106,105,129,145,147,137,122,106,104,114,128,137,121,110,103,91,25,0,0
1,3,9,20,91,121,112,122,137,140,129,113,105,106,111,124,134,129,113,101,83,14,7,3
0,2,1,14,68,102,107,126,132,133,116,104,92,101,108,113,116,117,109,108,84,27,10,0
10,7,10,13,16,82,109,110,118,121,119,82,103,100,101,102,108,115,112,108,57,35,8,0
0,12,9,14,30,44,103,104,107,111,106,65,58,64,58,105,114,123,111,100,71,34,9,1
8,11,11,7,8,41,59,75,74,67,74,54,54,58,67,95,104,101,86,84,59,13,1,0
11,0,9,13,13,29,78,87,98,63,62,43,49,51,53,72,68,102,135,118,56,14,8,2
0,8,6,12,29,39,78,145,103,73,56,48,51,55,54,55,55,97,162,111,66,38,5,2
8,5,2,8,15,36,107,108,75,55,54,51,26,14,26,53,31,57,102,99,61,37,5,8
4,8,0,0,5,47,66,52,64,47,21,12,6,12,10,17,52,50,58,67,63,35,4,0
4,0,0,8,11,57,60,63,35,47,27,11,8,6,10,12,12,13,42,54,54,32,6,0
0,5,0,13,38,65,53,50,55,33,15,11,0,0,0,1,8,14,27,50,50,11,4,0
0,0,3,10,28,51,52,50,28,23,20,12,0,0,4,0,0,8,8,22,13,5,0,0
0,5,3,5,15,41,51,51,34,18,21,8,4,8,5,5,4,3,4,11,3,0,2,0
0,11,7,12,11,30,47,50,34,14,15,13,4,0,11,8,6,5,0,0,0,0,0,0
8,12,10,13,45,56,33,41,14,13,10,9,12,12,9,7,0,0,1,6,0,0,0,0
16,7,9,8,30,51,58,33,14,8,10,11,9,6,7,9,4,0,0,6,1,3,6,2
7,9,5,8,13,12,25,54,29,8,7,2,4,0,0,5,9,11,9,9,9,9,8,3
0,5,12,7,4,13,10,7,13,14,9,0,0,0,3,0,1,4,10,11,5,13,7,0
2,8,1,11,14,12,12,6,10,10,13,8,3,3,0,7,6,4,2,3,6,13,10,5

105,63,13,0,0,7,8,4,8,3,10,10,57,62,50,13,10,0,1,0,0,4,14,51
29,71,58,33,8,0,0,12,21,9,45,58,159,241,91,64,13,11,7,0,10,35,50,41
11,50,64,50,47,13,12,2,10,8,10,80,101,104,76,12,6,4,0,0,23,47,51,14
0,10,11,41,28,37,5,0,0,0,13,10,14,13,6,2,0,3,0,6,23,29,13,9
6,12,0,11,19,23,0,10,7,39,19,71,67,51,58,8,24,54,51,13,4,5,0,0
10,5,1,5,15,12,8,21,58,62,67,80,72,81,63,70,73,68,59,39,12,7,0,4
0,4,0,0,10,13,10,52,67,104,137,161,138,120,112,112,94,69,59,50,10,12,3,3
0,2,0,0,4,59,54,57,86,144,164,167,158,129,136,142,123,93,67,52,10,7,0,1
0,0,0,0,0,7,12,62,101,149,167,168,132,104,136,137,120,86,85,60,7,1,0,0
3,7,0,0,0,0,20,61,104,140,180,192,170,104,111,127,104,103,67,50,5,3,7,4
0,1,0,0,12,12,12,61,109,150,216,241,179,140,155,166,134,98,62,12,19,9,1,0
0,0,0,9,5,31,48,79,128,185,240,203,191,190,199,200,161,101,59,38,14,6,4,0
0,7,4,7,14,16,29,101,133,199,210,182,175,162,159,177,181,122,86,36,9,0,0,0
4,9,4,8,14,11,66,105,134,162,167,154,163,163,144,136,137,113,76,48,11,0,0,0
0,0,2,0,6,31,63,103,119,139,133,144,154,138,94,106,116,72,54,50,10,11,0,0
0,10,8,6,14,13,50,80,104,124,142,152,136,119,103,115,113,60,67,26,10,0,8,0
0,7,0,10,5,13,56,62,76,84,113,146,131,132,109,95,111,101,66,14,7,11,5,0
5,7,9,12,14,17,25,59,89,98,124,133,162,167,126,114,88,54,46,35,18,14,3,0
3,1,0,7,5,13,24,76,104,75,79,120,129,128,113,77,96,95,60,14,12,7,1,0
2,3,4,0,6,21,87,108,120,116,114,133,142,128,109,112,107,79,64,55,45,7,10,1
11,9,7,15,28,49,98,102,110,121,131,148,163,165,113,85,71,90,48,34,33,14,2,0
8,8,13,23,41,82,83,101,106,86,117,153,161,143,119,103,102,119,99,60,41,11,0,0
5,9,10,27,58,74,113,119,141,145,127,119,170,186,111,113,121,121,101,66,38,17,6,0
0,9,12,14,105,101,108,131,146,147,138,130,128,124,120,126,133,120,112,80,67,14,0,0
9,11,10,14,57,106,105,129,145,147,136,121,106,104,114,128,137,121,110,103,91,25,0,0
1,3,9,20,91,121,112,122,137,140,129,113,105,106,111,124,134,129,113,101,84,14,7,3
0,2,1,14,68,102,107,126,132,132,116,104,92,101,108,113,116,117,109,108,84,27,10,0
10,7,10,13,16,82,109,110,118,121,119,82,103,100,101,102,108,115,112,108,57,35,8,0
0,12,9,14,30,44,102,104,107,111,106,64,58,64,58,105,114,123,111,100,71,33,9,1
8,11,11,7,8,41,59,76,74,67,75,54,54,58,68,95,104,101,86,84,59,13,1,0
11,0,9,13,13,29,78,87,99,63,62,43,49,51,53,73,68,102,136,118,56,14,8,2
0,8,6,12,29,39,78,145,103,74,56,48,51,55,54,56,55,97,163,112,66,38,5,2
8,5,2,8,15,36,107,108,75,56,54,51,26,14,26,53,32,57,102,99,61,38,5,8
4,8,0,0,5,49,66,52,64,50,22,12,6,12,10,18,52,50,58,67,63,35,4,0
4,0,0,8,11,57,60,63,35,47,28,11,8,6,10,12,13,13,43,54,54,32,6,0
0,5,0,13,37,65,53,50,55,33,16,12,0,0,0,1,8,14,27,50,50,11,4,0
0,0,3,10,28,51,52,50,28,23,20,12,0,0,4,0,0,8,9,22,14,5,0,0
0,5,3,5,16,41,51,51,34,19,21,8,4,8,5,5,4,3,4,11,3,0,2,0
0,11,7,12,11,30,48,50,35,14,16,13,4,0,11,8,6,5,0,0,0,0,0,0
8,12,10,13,43,56,33,41,14,13,10,9,12,12,9,8,0,0,1,6,0,0,0,0
16,8,9,8,33,51,58,34,14,8,10,11,9,6,8,9,4,0,0,7,1,4,6,2
7,9,5,8,13,12,26,55,29,8,7,3,4,0,0,5,9,12,9,9,9,9,8,3
0,5,12,7,4,13,10,7,13,14,9,0,0,0,3,0,1,4,10,11,5,13,7,0
2,8,1,11,14,12,12,6,10,10,13,8,3,3,0,7,6,4,2,3,6,13,10,5

106,63,13,0,0,7,8,4,8,3,10,10,57,62,50,13,10,0,1,0,0,4,14,51
30,71,58,32,8,0,0,12,21,9,43,58,159,242,91,64,13,11,7,0,10,36,50,40
11,50,64,50,43,13,12,2,10,8,10,80,101,104,76,12,6,4,0,0,22,47,51,14
0,10,10,40,27,37,5,0,0,0,13,10,14,13,6,2,0,3,0,6,23,29,13,9
6,12,0,11,19,23,0,9,7,38,19,71,67,50,58,8,23,54,51,13,4,5,0,0
10,5,1,5,15,12,8,21,58,62,67,79,72,81,63,70,73,68,59,40,12,7,0,4
0,4,0,0,10,13,10,52,67,104,137,161,138,120,112,112,94,69,59,50,10,12,3,3
0,2,0,0,4,59,54,57,85,144,164,166,158,128,136,141,123,92,67,51,9,7,1,0
0,0,0,0,0,7,12,62,101,148,166,166,132,104,136,136,119,86,85,59,6,0,0,0
3,7,0,0,0,0,19,61,104,140,179,190,169,104,110,126,104,103,67,49,5,3,7,4
0,1,0,0,12,12,12,61,109,149,214,238,177,139,154,163,133,97,62,12,18,9,2,0
0,0,0,9,5,31,49,79,129,185,239,202,191,190,199,199,160,101,59,38,14,6,4,0
0,7,4,7,13,16,29,102,133,198,210,184,177,164,162,178,180,122,86,38,9,0,0,0
4,9,4,8,14,11,67,106,134,162,168,157,166,166,146,137,137,113,76,48,11,0,0,0
0,0,2,0,7,31,62,103,119,139,134,145,157,140,96,107,116,72,54,51,10,11,0,0
0,10,8,6,14,13,50,81,104,125,143,154,137,120,104,116,113,60,67,26,10,0,8,0
0,7,0,10,5,14,56,62,76,84,114,147,132,133,110,96,112,101,67,14,7,12,5,0
5,7,9,12,14,17,24,59,89,99,125,135,164,169,128,116,89,54,47,35,18,14,3,0
2,1,0,7,4,13,19,74,103,75,80,121,130,129,113,77,95,93,58,14,12,7,1,0
2,3,4,0,6,15,85,108,119,116,115,134,142,128,109,111,107,78,63,55,43,6,10,0
11,9,7,14,28,49,96,102,110,120,131,148,162,165,113,84,71,89,47,34,33,14,1,1
8,8,13,23,41,82,83,100,106,86,116,152,161,142,118,103,101,119,97,60,40,11,0,0
5,9,10,27,58,74,113,119,140,144,126,119,169,185,111,113,121,121,101,65,38,16,6,0
0,9,12,14,105,101,108,131,146,146,137,130,127,124,120,126,133,120,111,80,66,14,0,0
9,11,10,14,56,106,105,129,145,147,136,121,106,104,114,128,137,121,109,103,90,25,0,0
1,3,9,20,91,121,112,122,137,140,129,113,105,106,111,124,133,129,113,101,84,14,7,3
0,2,1,14,68,102,107,126,132,132,116,104,92,101,108,113,116,117,109,108,84,27,10,0
10,7,10,13,16,82,109,110,118,121,119,82,103,100,101,102,108,115,112,108,57,34,8,0
0,12,9,14,29,45,103,104,107,111,106,65,58,64,58,105,114,123,111,100,71,34,9,1
8,11,11,7,8,41,59,75,75,67,75,54,54,58,68,95,104,101,86,84,59,13,1,0
11,0,9,13,13,29,77,87,98,64,62,44,48,51,53,72,68,102,136,118,56,14,8,2
0,8,6,12,29,39,78,145,103,74,56,48,51,56,54,56,55,97,163,112,66,38,5,2
8,5,2,8,15,36,107,108,75,56,54,51,26,14,26,53,32,57,102,99,61,38,6,8
4,8,0,0,5,48,66,52,64,49,23,12,6,12,10,18,52,50,58,67,63,35,5,0
4,0,0,8,11,57,60,63,35,47,27,11,8,6,10,12,13,13,42,54,54,32,6,0
0,5,0,13,38,64,53,50,55,33,15,12,0,0,0,2,8,14,27,50,50,11,4,0
0,0,3,10,28,51,52,50,28,24,20,12,0,0,5,0,0,8,9,23,14,5,0,0
0,5,3,5,16,41,51,51,35,19,21,8,4,8,5,5,4,3,4,11,3,0,2,0
0,11,7,12,11,30,48,50,35,14,15,13,4,0,11,8,6,5,0,0,0,0,0,0
8,12,10,13,44,56,33,42,14,13,10,9,12,12,9,8,0,0,2,6,0,0,0,0
16,8,9,8,33,51,58,33,14,8,10,11,9,6,8,9,4,0,0,7,1,4,6,2
7,9,5,8,13,12,26,55,29,8,7,3,4,0,0,5,9,12,9,9,9,9,8,3
0,5,12,7,5,13,10,7,13,14,9,0,0,0,3,0,1,5,10,11,5,13,7,0
2,8,1,11,14,12,12,6,10,10,13,8,3,3,0,7,6,4,2,3,6,14,10,5

106,63,13,0,0,7,8,4,8,3,10,10,56,62,50,13,10,0,1,0,0,4,14,51
30,71,59,33,8,0,0,12,20,9,45,58,159,240,91,64,13,11,7,0,10,35,50,40
11,50,64,50,45,13,12,2,10,8,10,80,101,104,76,12,6,4,0,0,22,47,51,14
0,10,10,40,28,37,5,0,0,0,13,10,14,12,6,2,0,3,0,6,23,29,13,9
6,12,0,11,19,23,0,9,7,39,19,71,67,51,58,8,25,54,51,13,4,5,0,0
10,5,1,5,15,12,8,21,58,62,68,80,72,81,63,70,73,68,60,39,12,7,0,4
0,4,0,0,10,13,10,52,67,104,137,161,138,121,112,112,94,69,59,50,10,12,3,3
0,2,0,0,4,59,54,57,86,144,164,167,159,129,137,142,123,93,67,52,10,7,1,0
0,0,0,0,0,7,12,62,101,148,166,168,133,104,137,137,120,86,86,59,7,0,0,0
3,7,0,0,0,0,19,61,104,140,180,192,171,105,112,127,104,103,67,50,5,3,7,4
0,1,0,0,12,12,12,61,109,149,215,241,180,141,156,166,134,98,62,12,19,9,2,0
0,0,0,9,5,32,48,79,128,184,239,201,191,190,198,199,160,101,59,39,14,6,4,0
0,7,4,7,14,16,29,102,133,199,210,183,176,163,160,177,180,122,86,36,9,0,0,0
4,9,4,8,14,11,67,105,134,162,167,155,165,164,145,137,137,113,76,48,11,0,0,0
0,0,2,0,7,31,62,103,119,139,134,145,156,139,95,107,116,72,54,50,10,11,1,0
0,10,8,6,14,13,50,81,104,124,143,153,137,120,104,115,113,60,67,26,10,0,8,0
0,7,0,10,5,13,56,62,76,84,114,147,132,132,110,96,111,101,67,14,7,12,5,0
5,7,9,12,14,18,24,59,89,99,125,134,164,168,127,115,88,54,47,35,18,14,3,0
2,1,0,7,4,13,21,75,103,75,80,121,129,129,113,77,95,94,58,14,12,7,1,0
2,3,4,0,6,19,87,108,120,116,115,133,142,128,109,112,107,79,63,55,45,7,11,0
11,9,7,14,28,49,97,102,110,120,131,148,163,165,113,84,71,90,47,35,33,14,1,1
8,8,13,23,41,82,83,101,106,86,116,153,161,143,118,103,102,119,98,60,40,11,0,0
5,9,10,27,58,74,113,119,141,144,127,119,169,185,111,113,121,121,101,65,38,17,6,0
0,9,12,14,105,101,108,131,146,146,138,130,127,124,120,126,133,120,112,80,67,14,0,0
9,11,10,14,57,106,105,129,145,147,136,121,106,104,114,128,137,121,110,103,92,25,0,0
1,3,9,20,91,121,112,122,137,140,129,113,105,106,111,124,134,129,113,101,84,14,7,3
0,2,1,14,68,102,107,126,132,132,116,104,91,101,107,113,116,117,109,108,84,27,10,0
10,7,10,13,16,82,109,110,118,121,119,82,103,100,101,102,108,115,112,108,57,35,8,0
0,12,9,14,29,45,102,104,107,111,106,64,58,64,58,105,114,123,111,100,71,34,9,1
8,11,11,7,8,41,59,76,75,67,75,54,54,58,68,95,104,101,86,84,59,13,1,0
11,0,9,13,13,29,78,87,99,64,62,44,48,51,53,72,68,102,136,118,56,14,8,2
0,8,6,12,29,39,78,145,103,74,56,48,51,56,54,56,55,97,163,111,66,40,5,2
8,5,3,8,16,36,107,108,75,56,54,51,26,14,27,53,32,57,102,99,61,37,5,8
4,8,0,0,5,48,65,52,64,49,22,12,6,12,10,18,52,50,58,67,63,34,5,0
4,0,0,8,11,57,59,63,35,47,27,11,8,6,11,12,12,13,42,54,54,32,6,0
0,5,0,13,38,64,53,50,55,33,15,12,0,0,0,2,8,14,27,50,50,11,4,0
0,0,3,10,28,51,52,50,28,22,20,12,0,0,4,0,0,8,9,22,14,5,0,0
0,5,3,5,16,41,51,51,34,18,21,8,5,8,6,5,4,3,5,11,3,0,2,0
0,11,7,12,11,30,47,50,34,14,16,13,4,0,11,8,6,5,0,0,0,0,0,0
8,12,10,13,43,56,33,41,14,13,10,9,12,12,9,8,0,0,1,6,0,0,0,0
16,8,9,8,33,51,58,33,14,7,10,11,9,6,8,9,4,0,0,7,1,4,6,2
7,9,5,8,13,12,26,55,29,8,7,3,4,0,0,5,9,11,9,9,9,9,8,4
0,5,12,7,4,13,10,7,13,14,9,0,0,0,3,0,1,4,10,11,5,13,7,0
2,8,2,11,14,12,12,6,10,10,13,8,3,3,0,7,6,4,2,3,6,14,10,5

105,63,13,0,0,7,8,4,8,2,10,9,56,62,50,13,10,0,1,0,0,4,14,51
30,71,59,33,8,0,0,12,20,9,43,58,158,239,90,64,13,11,7,0,10,36,50,41
11,50,64,51,46,13,12,2,10,8,10,79,101,104,76,12,6,3,0,0,23,47,51,14
0,10,11,40,28,37,5,0,0,0,13,10,14,13,6,2,0,3,0,6,23,30,13,9
6,12,0,11,19,23,0,10,7,39,19,71,67,51,59,8,24,54,50,13,4,5,0,0
10,5,1,5,15,12,8,21,58,62,68,80,72,82,64,70,73,68,59,39,12,7,0,4
0,4,0,0,10,13,10,53,67,104,136,161,139,121,112,112,94,69,59,50,10,12,3,3
0,2,0,0,4,59,54,57,86,144,164,168,160,130,137,142,123,93,68,52,10,7,1,1
0,0,0,0,0,7,12,63,101,149,167,169,134,105,137,137,120,86,86,60,7,1,0,0
3,7,0,0,0,0,19,61,104,141,181,194,172,105,113,128,105,103,67,50,5,3,7,4
0,1,0,0,12,12,12,61,109,149,217,243,181,141,157,167,135,98,62,12,19,9,2,0
0,0,0,9,5,31,48,79,127,184,240,203,190,190,199,199,161,101,59,39,14,6,4,0
0,7,4,7,14,16,29,101,132,198,210,182,174,161,158,177,181,121,85,34,9,0,0,0
4,9,4,8,14,11,66,105,134,162,167,153,162,162,143,136,136,113,76,48,11,0,0,0
0,0,2,0,6,31,62,102,119,138,133,144,154,137,94,105,116,72,54,50,10,11,0,0
0,10,8,6,14,13,50,80,104,124,142,152,136,118,102,115,113,60,67,28,10,0,8,0
0,7,0,10,5,13,56,62,76,84,113,146,131,132,109,95,111,101,66,14,7,12,5,0
5,7,9,12,14,17,25,59,89,99,124,133,162,167,126,114,88,54,46,35,18,14,3,0
3,1,0,7,5,14,25,77,104,75,79,120,129,128,113,77,96,95,60,14,12,7,1,0
2,3,4,0,7,24,89,109,121,117,115,133,142,128,109,112,107,80,64,55,47,7,11,0
11,9,7,15,28,50,99,102,110,121,131,148,163,165,113,85,71,90,48,35,33,14,1,1
8,8,13,23,41,82,84,101,106,87,117,154,162,143,119,103,102,119,99,60,42,12,0,0
5,9,10,27,58,75,113,120,141,145,127,120,170,186,111,113,121,121,101,66,38,17,6,0
0,9,12,14,105,101,109,131,146,147,138,131,128,125,120,126,133,121,112,81,66,14,1,0
9,11,10,14,57,106,105,129,145,147,136,121,106,104,114,128,137,121,110,103,92,25,0,0
1,3,9,20,91,121,112,122,137,140,129,113,105,106,111,124,134,129,113,101,83,14,7,3
0,2,1,14,68,102,107,126,132,132,116,104,91,101,107,113,116,117,109,108,84,27,10,0
10,7,10,13,17,83,109,110,118,120,119,82,103,100,101,102,107,115,112,108,58,34,8,0
0,12,9,14,29,45,102,104,107,111,106,64,58,64,58,105,114,123,111,100,71,34,9,1
8,11,11,7,8,41,59,75,75,67,74,54,54,58,68,95,104,101,86,84,59,13,1,0
11,0,9,13,13,29,78,87,98,64,62,43,48,51,53,72,68,102,136,118,56,14,8,2
0,8,6,12,29,39,78,145,103,74,56,50,51,56,54,56,55,97,163,111,66,38,5,2
8,5,2,8,16,36,107,108,75,56,54,51,26,14,26,53,32,57,102,99,61,38,5,8
4,8,0,0,5,48,65,52,64,49,23,12,6,12,10,18,52,50,58,66,62,34,5,0
4,0,0,8,11,57,60,63,35,48,26,11,8,6,10,12,12,13,42,54,54,32,6,0
0,5,0,13,38,65,53,50,55,33,16,12,0,0,0,2,8,14,26,50,50,11,5,0
0,0,3,10,28,51,52,50,28,22,19,12,0,0,4,0,0,8,9,22,14,5,0,0
0,5,3,5,16,41,51,51,34,19,21,8,5,8,6,5,4,3,5,11,3,0,2,0
0,11,7,12,11,30,49,50,35,14,15,13,4,0,11,8,6,5,0,0,0,0,0,0
8,12,10,13,43,56,32,42,14,13,10,9,12,12,9,7,0,0,1,6,0,0,0,0
16,7,9,8,33,51,58,33,14,7,10,11,9,6,8,10,4,0,0,7,1,4,6,2
7,9,5,8,13,12,25,55,29,8,7,2,4,0,0,5,9,11,9,9,9,9,8,4
0,5,12,7,5,13,10,7,13,14,9,0,0,0,4,0,1,4,10,11,5,14,7,0
2,8,1,11,14,12,12,6,10,10,13,8,3,3,1,7,6,4,2,3,6,14,10,5

105,63,13,0,0,7,8,4,8,2,10,10,57,62,50,13,10,0,1,0,0,4,14,51
30,71,59,33,9,0,0,12,20,9,44,58,158,237,90,64,13,11,7,0,10,36,50,43
11,50,64,51,46,13,12,2,10,8,10,80,101,104,75,12,6,3,0,0,25,47,51,14
0,10,11,40,29,37,5,0,0,0,13,10,14,13,6,2,0,4,0,6,23,30,13,9
6,12,0,11,19,23,0,10,7,41,20,72,67,51,59,8,25,55,51,13,4,5,0,0
10,5,1,5,15,12,8,22,58,62,67,80,73,82,64,70,73,68,60,39,12,7,0,4
0,4,0,0,10,13,10,53,67,104,136,161,140,121,113,112,94,69,59,50,10,12,3,3
0,2,0,0,4,59,54,57,86,145,165,169,161,130,138,142,123,93,68,52,10,7,1,1
0,0,0,0,0,7,12,63,102,150,169,170,135,105,138,138,121,87,86,60,7,1,0,0
3,7,0,0,0,0,20,62,105,141,183,195,172,104,113,129,105,104,67,50,5,3,7,4
0,1,0,0,12,12,12,61,109,150,218,244,182,141,157,168,135,98,62,12,20,9,2,0
0,0,0,9,5,30,47,78,126,183,240,203,190,190,199,200,161,101,59,39,14,6,4,0
0,7,4,7,14,16,28,101,132,198,211,180,172,160,157,177,182,121,84,34,9,0,0,0
4,9,3,7,14,11,66,105,133,163,166,151,160,160,142,135,136,113,76,48,11,0,0,0
0,0,2,0,6,29,62,102,119,138,133,143,152,136,93,105,115,71,54,50,10,11,0,0
0,10,8,6,14,13,50,80,103,123,141,151,134,117,101,114,112,60,67,26,10,0,8,0
0,7,0,10,5,13,56,62,76,84,113,145,130,131,109,94,111,101,66,14,7,11,5,0
5,7,9,12,14,18,25,59,89,98,123,132,161,166,125,114,87,54,47,35,18,14,3,0
3,1,0,7,5,14,28,78,104,75,79,120,128,128,112,77,97,96,60,14,12,7,1,0
2,3,4,0,7,26,91,109,121,117,114,133,142,127,109,112,108,80,65,56,48,7,11,0
11,9,7,15,28,50,100,102,110,121,131,148,163,165,114,85,72,90,48,35,33,15,1,1
8,8,13,24,41,82,84,101,107,87,117,156,163,144,119,103,102,119,100,61,42,12,0,0
5,9,10,28,58,75,113,120,141,145,128,120,171,187,111,114,122,121,101,66,38,18,6,0
0,9,12,14,105,101,109,132,146,147,138,131,128,125,120,126,133,121,112,81,67,15,1,0
9,11,10,14,57,106,105,129,145,147,136,122,106,104,114,128,137,121,110,103,92,27,0,0
1,3,9,20,92,121,112,122,137,140,129,113,105,106,111,124,134,129,113,101,83,14,8,3
0,2,1,14,68,102,107,126,132,133,116,104,92,101,108,113,116,117,109,108,85,28,10,0
10,7,10,13,16,82,109,110,118,120,119,82,103,100,101,102,107,115,112,108,57,35,8,0
0,12,9,14,29,45,102,104,107,111,106,64,58,64,58,105,114,123,111,100,71,34,9,1
8,11,11,7,8,41,59,75,75,67,74,54,54,58,68,95,104,101,86,84,59,13,1,0
11,0,9,13,13,29,78,87,99,64,62,43,48,51,53,72,68,102,136,118,56,14,8,2
0,8,6,12,29,39,78,145,103,74,56,47,51,55,54,55,55,97,162,111,66,40,5,2
8,6,3,8,16,36,107,108,75,56,54,51,26,14,27,53,32,57,102,98,61,38,6,8
4,8,0,0,5,48,65,52,64,49,21,11,6,12,10,18,52,50,58,66,62,33,5,0
4,0,0,8,11,57,59,63,35,47,27,11,8,6,10,12,12,13,42,53,54,32,6,0
0,5,0,13,38,65,53,50,55,34,16,11,0,0,0,1,8,14,27,50,50,11,4,0
0,0,3,10,29,51,52,50,28,23,20,12,0,0,4,0,0,8,9,21,13,5,0,0
0,5,3,5,16,40,51,51,34,19,20,8,5,8,6,5,4,3,4,11,3,0,2,0
0,11,7,12,11,30,48,50,34,14,15,13,4,0,11,8,6,5,0,0,0,0,0,0
8,12,10,13,43,56,33,43,14,13,10,9,12,12,9,7,0,0,1,6,0,0,0,0
16,7,9,8,33,51,58,33,14,7,10,11,9,6,9,10,4,0,0,6,1,4,6,2
7,9,5,8,13,12,25,55,30,8,7,2,4,0,0,5,9,12,9,9,9,9,8,3
0,5,12,7,5,13,10,7,13,14,9,0,0,0,4,0,1,4,10,11,5,14,7,0
2,8,1,11,14,12,12,6,10,10,13,8,3,3,1,7,6,4,2,3,6,13,10,5

105,63,13,0,0,7,8,4,8,2,10,9,57,62,50,13,10,0,1,0,0,4,14,51
30,71,59,35,8,0,0,12,20,9,43,58,158,238,90,64,13,11,7,0,10,35,50,41
11,50,64,50,46,13,12,2,10,8,10,79,101,104,75,12,6,3,0,0,25,48,51,14
0,10,11,40,29,38,5,0,0,0,13,10,14,12,6,2,0,4,0,6,23,30,13,9
6,12,0,11,19,23,0,10,7,40,20,71,67,51,59,9,25,55,51,13,4,5,0,0
10,5,1,5,15,12,8,22,58,62,67,80,73,82,64,70,73,68,59,40,12,7,0,4
0,4,0,0,10,13,10,53,67,104,137,162,140,122,113,112,94,69,59,50,10,12,3,3
0,2,0,0,3,59,54,57,86,145,165,169,161,131,138,142,123,93,68,52,10,7,1,1
0,0,0,0,0,7,12,63,102,150,169,171,135,105,138,138,121,87,86,60,7,1,0,0
3,7,0,0,0,0,19,62,105,141,183,195,172,105,114,129,105,104,67,50,5,3,7,4
0,1,0,0,12,12,12,61,109,150,218,244,182,142,159,170,136,98,62,12,19,10,2,0
0,0,0,9,5,30,47,78,126,182,240,203,190,190,200,201,161,101,59,39,14,6,4,0
0,7,4,7,14,15,28,101,132,198,212,180,171,159,157,177,182,121,85,32,9,0,0,0
4,9,3,7,14,11,66,105,133,163,166,150,159,159,142,135,136,113,75,47,11,0,0,0
0,0,2,0,6,31,62,102,119,138,132,143,152,136,93,104,115,71,54,50,10,11,0,0
0,10,8,6,13,13,50,80,103,123,141,150,134,117,101,114,112,60,67,28,10,0,8,0
0,7,0,10,5,13,55,62,76,83,112,145,130,130,108,94,111,100,66,14,7,11,5,0
5,7,8,12,14,17,25,59,89,98,123,131,160,165,125,113,87,53,46,35,18,14,3,0
3,1,0,7,5,14,29,79,104,75,79,120,128,128,112,76,97,98,61,14,12,7,1,0
2,3,5,0,7,29,91,109,122,117,114,133,141,127,109,112,108,81,65,56,49,7,11,0
11,9,7,15,28,50,100,102,110,122,132,148,163,166,114,86,72,90,48,35,33,15,2,2
8,8,13,24,41,83,84,101,107,88,117,156,163,144,120,103,102,119,100,61,42,12,0,0
5,9,11,28,58,75,113,120,141,145,128,120,171,187,111,114,122,121,102,66,38,18,6,0
0,9,12,14,105,101,109,132,146,147,138,131,128,125,120,126,133,121,112,81,67,15,1,0
9,11,10,14,57,106,105,129,145,147,137,122,106,104,114,128,137,121,110,103,92,27,0,0
1,3,9,20,91,121,112,122,137,140,129,113,105,106,110,124,134,129,113,101,84,14,8,3
0,2,1,14,68,102,107,126,132,132,116,104,92,101,108,113,116,117,109,108,84,29,10,0
10,7,10,13,17,83,109,110,118,120,119,82,103,100,101,102,107,115,113,108,57,35,8,0
0,12,9,14,29,45,102,104,107,111,106,64,58,64,58,105,114,123,111,100,71,34,9,1
8,11,11,7,8,41,59,75,75,67,74,54,54,58,68,95,104,101,85,84,59,13,1,0
11,0,9,13,13,29,78,87,98,64,62,44,49,51,53,72,68,102,136,118,56,14,8,2
0,8,6,13,29,39,78,145,103,74,56,50,51,56,54,56,55,97,163,111,66,38,5,2
8,5,3,8,16,36,107,108,75,56,54,51,26,14,25,53,32,57,102,98,61,38,5,8
4,8,0,0,5,48,65,52,64,49,21,11,6,12,10,16,52,49,58,66,63,35,5,0
4,0,0,8,11,57,59,63,35,48,27,11,8,6,10,12,13,13,41,53,54,32,6,0
0,5,0,13,38,64,53,50,55,34,16,12,0,0,0,2,8,14,26,50,50,11,5,0
0,0,3,10,28,51,52,50,28,22,19,12,0,0,4,0,0,8,9,22,13,5,0,0
0,5,3,5,16,41,51,51,34,19,21,8,5,8,6,5,4,3,4,11,3,0,2,0
0,11,7,12,11,30,48,50,35,14,15,13,4,0,11,8,6,5,0,0,0,0,0,0
8,12,10,13,43,55,33,41,14,13,10,9,12,12,9,7,0,0,1,5,0,0,0,0
16,8,9,8,30,51,58,33,15,7,11,11,9,6,9,10,5,0,0,7,1,4,6,2
7,8,5,8,13,12,25,54,30,8,7,2,4,0,0,5,9,11,9,9,9,9,8,3
0,5,12,7,5,13,10,7,13,14,9,0,0,0,4,0,1,4,10,11,5,13,7,0
2,8,1,11,14,12,12,6,10,10,13,8,3,3,1,7,6,4,2,3,6,14,10,5

106,63,13,0,0,7,8,4,8,2,10,9,57,62,50,13,10,0,1,0,0,4,14,51
31,72,59,33,8,0,0,12,20,9,43,58,157,237,90,64,13,11,7,0,10,36,50,40
11,50,64,51,46,13,12,2,10,8,10,80,101,104,75,12,6,3,0,0,26,47,51,14
0,10,11,42,30,38,5,0,0,0,13,10,14,12,6,2,0,4,0,6,23,30,13,9
6,12,0,11,19,23,0,10,7,41,20,71,67,51,59,9,25,55,50,13,5,5,0,0
10,5,1,5,15,12,8,22,58,62,68,80,73,82,64,70,72,68,60,40,12,7,0,4
0,4,0,0,10,13,10,53,67,104,137,162,140,122,113,112,94,69,59,50,10,12,3,3
0,2,0,0,4,59,54,57,86,145,165,169,161,131,138,142,123,93,67,52,10,7,1,1
0,0,0,0,0,7,12,63,102,150,169,171,135,105,138,138,121,87,86,60,7,1,0,0
3,7,0,0,0,0,19,62,104,141,182,195,173,105,114,129,105,103,67,50,5,3,7,4
0,1,0,0,12,12,12,61,109,149,218,244,183,142,159,170,136,99,62,12,19,10,2,0
0,0,0,9,5,30,47,78,127,183,241,204,191,190,200,201,162,101,59,40,14,6,4,0
0,7,4,7,14,16,28,101,132,199,212,180,172,160,157,177,182,122,85,34,9,0,0,0
3,9,4,7,14,11,66,105,133,163,166,151,160,160,142,135,136,113,76,48,11,0,0,0
0,0,2,0,6,29,62,102,118,138,132,143,152,136,93,104,115,71,54,50,9,11,1,0
0,10,8,6,13,13,50,80,103,123,141,150,134,117,101,114,112,60,67,26,10,0,8,0
0,7,0,10,5,13,55,62,76,83,112,145,130,131,108,94,111,101,66,14,7,11,5,0
5,7,9,12,14,17,25,60,89,98,123,131,160,165,125,113,87,54,47,35,18,14,3,0
3,1,0,7,5,14,29,79,104,75,79,120,128,128,112,76,96,97,61,14,12,7,1,0
2,3,5,0,7,26,91,109,121,117,114,133,141,127,109,112,108,80,64,55,48,7,11,0
11,9,7,15,29,50,100,102,110,121,131,148,163,165,114,85,72,90,48,35,33,15,1,1
8,8,13,24,41,82,84,101,107,87,117,156,163,144,119,103,102,119,100,61,41,12,0,0
5,9,11,28,58,75,113,120,141,145,127,120,171,187,111,114,121,121,101,66,38,18,6,0
0,9,12,14,105,101,109,131,146,147,138,131,128,125,120,126,133,121,112,81,67,15,1,0
9,11,10,14,57,106,105,129,145,147,136,122,106,104,114,128,137,121,110,103,92,27,0,0
1,3,9,20,92,121,112,122,137,140,129,113,105,106,111,124,134,129,113,101,83,14,8,3
0,2,1,14,68,102,107,126,132,132,116,104,91,101,108,113,116,117,109,108,84,28,10,0
10,7,10,13,17,83,109,110,118,120,119,82,103,100,101,102,107,115,112,108,58,34,8,0
0,12,9,14,29,45,103,104,107,111,106,64,58,64,58,105,114,123,111,100,71,34,9,1
8,11,11,7,8,41,59,75,75,67,74,54,54,58,68,95,104,101,86,85,59,13,1,0
11,0,9,13,13,29,78,87,99,64,62,44,48,51,53,72,68,102,136,118,56,14,8,2
0,9,6,13,29,39,78,146,103,74,56,50,51,55,54,56,55,97,163,111,66,38,5,2
8,5,3,8,16,36,107,108,75,56,54,51,26,14,25,53,32,57,102,98,61,37,6,8
4,8,0,0,5,48,65,52,64,49,22,11,6,12,10,16,52,50,58,66,62,34,5,0
4,0,0,8,12,57,59,63,35,47,27,11,8,6,10,12,12,13,43,54,54,31,6,0
0,5,0,14,38,64,53,50,55,33,15,11,0,0,0,1,8,14,26,50,50,11,5,0
0,0,3,10,29,52,52,50,28,23,20,12,0,0,4,0,0,8,9,22,13,5,0,0
0,5,3,5,16,41,51,51,34,19,21,8,5,8,6,5,4,3,4,11,3,0,2,0
0,11,7,12,11,30,48,50,34,14,15,13,4,0,11,8,6,5,0,0,0,0,0,0
8,12,10,14,45,56,32,41,14,13,10,9,12,12,9,7,0,0,1,6,0,0,0,0
16,7,9,8,31,51,58,33,15,7,10,11,9,6,9,10,4,0,0,7,1,4,6,2
7,9,5,8,13,12,25,55,30,8,7,2,4,0,0,5,9,12,9,9,9,9,8,4
0,5,12,7,5,13,10,7,13,14,9,0,0,0,4,0,1,4,10,11,5,14,7,0
2,8,1,11,14,12,12,6,10,10,13,8,3,4,1,7,6,4,2,3,6,14,10,5

106,63,13,0,0,7,8,4,8,2,10,9,56,62,50,13,10,0,1,0,0,4,14,51
31,71,59,33,8,0,0,12,20,9,44,58,158,238,90,64,13,11,7,0,10,36,50,41
11,50,64,50,45,13,12,2,10,8,10,79,101,104,76,12,6,3,0,0,26,48,51,14
0,10,11,41,29,37,5,0,0,0,13,10,14,13,6,2,0,4,0,7,23,30,13,9
6,12,0,11,19,23,0,10,7,41,19,72,67,50,58,8,24,54,50,13,5,5,0,0
10,5,1,6,15,12,8,22,58,62,68,80,73,82,63,71,73,68,60,40,12,7,0,4
0,4,0,0,10,13,10,53,67,104,137,162,139,121,112,112,94,69,59,50,10,12,3,3
0,2,0,0,4,59,54,57,86,145,166,168,160,130,137,142,123,93,67,52,10,7,1,1
0,0,0,0,0,7,12,63,101,149,167,169,134,104,137,137,120,86,86,59,7,1,0,0
3,7,0,0,0,0,19,62,104,140,180,193,171,104,112,128,104,103,67,50,5,3,7,4
0,1,0,0,12,12,12,61,109,149,216,243,181,141,157,167,135,98,62,12,19,9,2,0
0,0,0,9,5,31,49,79,128,184,240,203,191,191,200,201,161,101,59,40,14,6,4,0
0,7,4,7,14,16,28,102,133,199,211,182,175,162,160,177,182,122,86,37,10,0,0,0
4,9,4,8,14,11,67,105,134,163,167,154,163,163,144,136,137,113,76,50,11,0,0,0
0,0,2,0,6,31,62,103,119,139,133,144,154,138,94,106,116,72,54,51,10,11,1,0
0,10,8,6,14,13,50,80,104,124,142,152,136,119,103,115,113,60,67,28,10,0,8,0
0,7,0,10,5,13,56,62,76,84,113,146,131,132,109,95,111,101,67,14,7,12,5,0
5,7,9,12,14,17,25,59,89,99,124,133,162,167,126,114,88,54,47,35,18,14,3,0
3,1,0,7,5,14,24,77,104,75,79,120,129,128,113,77,96,95,60,14,12,7,1,0
2,3,4,0,6,21,88,108,120,116,114,133,142,128,109,112,107,79,64,55,45,7,11,0
11,9,7,15,28,50,98,102,110,121,131,148,163,165,113,85,71,90,48,34,33,14,1,2
8,8,13,23,41,82,84,101,106,86,116,154,162,143,118,103,102,119,98,60,41,11,0,0
5,9,10,27,58,75,113,120,141,144,127,120,170,185,111,113,121,121,101,66,38,18,6,0
0,9,12,14,105,101,108,131,146,146,138,130,127,124,120,126,133,121,112,80,66,14,1,0
9,11,10,14,57,106,105,129,145,146,136,121,106,104,114,128,137,121,110,103,91,25,0,0
1,3,9,20,91,121,112,122,137,140,128,112,105,106,110,124,133,129,113,101,83,14,8,3
0,2,1,14,68,102,107,126,132,132,116,104,91,101,108,113,116,117,109,108,84,27,10,0
10,7,10,13,16,83,109,110,118,121,119,82,103,100,101,102,107,115,112,108,58,35,8,0
0,12,9,14,29,45,102,104,107,111,106,64,58,64,58,105,114,123,111,100,71,34,9,1
8,11,11,7,7,41,59,76,75,67,74,54,54,58,68,94,104,101,86,84,59,13,1,0
11,0,10,13,13,29,78,87,99,64,62,44,48,51,53,72,68,102,136,118,56,14,8,2
0,9,6,13,29,39,78,146,103,74,56,50,51,56,54,56,55,97,163,112,66,38,5,2
8,6,3,9,16,36,107,108,75,56,55,51,26,14,28,53,34,57,102,99,61,38,6,8
4,8,0,0,5,48,66,52,64,50,23,11,6,12,10,18,52,50,58,67,63,34,5,0
4,0,0,8,11,57,59,63,35,48,27,11,8,6,10,12,13,13,42,54,54,33,6,0
0,5,0,14,39,64,53,50,55,34,16,12,0,0,0,1,8,14,27,50,50,11,5,0
0,0,3,10,29,51,52,50,28,23,18,12,0,0,4,0,0,8,9,22,14,5,0,0
0,5,3,5,16,41,51,51,34,19,21,8,4,8,6,5,4,3,5,11,3,0,2,0
0,11,7,12,11,30,48,50,35,14,15,13,4,0,11,8,6,5,0,0,0,0,0,0
8,12,10,13,44,56,33,42,14,13,10,9,12,12,9,7,0,0,1,6,0,0,0,0
16,8,9,9,31,51,59,34,17,7,10,11,9,6,9,10,4,0,0,6,1,4,6,2
7,9,5,8,13,12,26,55,30,8,7,3,4,0,0,5,9,12,9,9,9,9,8,4
0,5,12,7,5,13,10,7,13,14,9,0,0,0,4,0,1,5,10,11,5,14,7,0
2,8,2,11,14,12,12,6,10,10,13,8,3,4,1,7,6,4,2,3,7,14,10,5

106,63,13,0,0,7,8,4,8,2,10,9,57,63,50,13,10,0,1,0,0,5,14,51
30,71,59,33,8,0,0,12,21,9,45,58,158,239,91,65,13,11,7,0,10,36,50,41
11,50,64,50,46,13,12,2,10,8,10,79,101,104,76,12,6,4,0,0,25,47,51,14
0,10,11,41,28,37,5,0,0,0,13,10,14,12,6,2,0,4,0,6,24,30,13,9
6,12,0,11,19,23,0,10,7,40,19,72,67,51,58,8,25,54,51,13,4,5,0,0
10,6,1,5,15,12,8,21,58,62,68,80,72,81,63,70,73,68,60,40,12,7,0,4
0,4,0,0,10,13,10,53,67,104,138,163,139,121,112,112,94,70,59,50,10,12,3,3
0,2,0,0,4,59,54,57,86,145,165,167,159,129,136,141,123,93,67,52,10,7,1,1
0,0,0,0,0,7,12,63,101,149,167,167,132,104,137,137,120,86,85,59,7,0,0,0
3,7,0,0,0,0,20,61,104,140,179,191,170,104,111,126,104,103,67,50,5,3,7,4
0,1,0,0,12,12,12,61,109,149,214,240,178,139,155,165,134,97,62,12,18,9,2,1
0,0,0,9,5,31,49,80,128,185,240,202,192,191,199,200,161,101,59,38,14,6,4,0
0,7,4,7,14,16,29,102,133,198,210,184,178,165,162,178,181,122,86,39,10,0,0,0
4,9,4,8,14,11,67,106,134,162,168,157,167,166,146,138,137,113,77,50,11,0,0,0
0,0,2,0,7,31,62,103,119,139,134,145,157,140,96,108,117,72,54,51,10,11,1,0
0,10,8,6,14,13,51,81,104,125,143,154,137,121,105,116,113,60,67,29,10,0,8,0
0,7,0,10,5,14,56,62,76,84,114,147,132,133,111,96,112,101,67,14,7,12,5,0
5,7,9,12,14,18,24,59,89,100,125,135,165,169,128,116,89,54,47,36,18,14,3,0
3,1,0,7,4,13,18,74,103,75,80,121,130,129,113,77,95,93,58,14,12,7,1,0
2,3,4,0,6,15,85,107,119,116,115,133,142,128,109,112,107,78,63,55,45,7,10,0
11,9,7,14,28,49,96,102,110,120,130,148,162,164,112,84,71,89,47,35,33,14,1,1
8,8,13,22,41,82,83,100,105,86,116,152,161,142,118,103,101,119,97,60,41,11,0,0
5,9,10,27,58,74,113,119,140,144,126,119,168,184,111,113,121,121,101,65,38,16,6,0
0,9,12,14,105,101,108,131,146,146,137,130,127,124,119,126,133,120,111,80,66,14,1,0
9,11,10,14,57,106,105,129,144,146,136,121,106,104,114,127,137,121,109,103,92,25,0,0
1,3,9,20,91,121,112,122,137,140,128,112,105,106,110,124,133,129,113,101,84,14,8,3
0,2,1,14,68,102,107,126,132,132,116,104,91,101,107,113,116,117,109,108,84,27,10,0
10,7,10,13,17,83,109,110,118,121,119,82,103,100,101,102,107,115,112,108,58,35,8,0
1,12,9,14,29,45,103,104,107,111,106,64,58,64,58,105,114,123,111,100,71,35,9,1
8,11,11,7,7,41,59,75,75,67,74,54,54,58,68,94,104,101,86,84,59,13,1,0
11,0,9,13,13,29,78,87,99,64,62,44,48,51,53,72,68,102,136,119,56,14,8,2
0,9,6,13,29,39,78,146,103,74,56,50,51,56,54,56,55,97,163,112,66,40,5,2
8,6,3,9,16,37,107,108,75,56,54,51,26,14,27,53,34,58,102,99,61,38,6,8
4,8,0,0,5,49,66,52,64,50,23,12,6,12,10,18,52,50,58,66,62,35,5,0
4,0,0,8,11,57,59,63,35,48,27,11,8,6,10,12,13,13,43,54,54,33,6,0
0,5,0,13,39,64,53,50,56,35,16,12,0,0,1,1,8,14,27,50,50,11,5,0
0,0,3,10,29,51,52,50,28,23,20,12,0,0,5,0,0,8,9,23,14,5,0,0
0,5,3,5,16,42,51,51,35,19,21,8,5,8,6,5,4,3,4,11,4,0,2,0
0,11,7,12,11,30,48,50,35,14,15,13,4,0,11,8,6,5,0,0,0,0,0,0
8,12,10,13,46,56,33,42,14,13,10,9,12,12,9,8,0,0,1,6,0,0,0,0
17,8,9,8,33,51,58,34,17,6,10,11,9,6,9,10,4,0,0,7,1,4,6,2
7,9,6,8,13,12,26,55,30,8,7,3,4,0,0,5,9,12,9,9,9,9,8,4
0,5,12,7,5,13,10,7,13,14,9,0,0,0,4,0,1,4,10,11,5,14,7,0
2,8,1,11,14,12,12,6,10,10,13,8,3,4,1,7,6,4,2,3,7,14,10,5

106,63,13,0,0,7,8,4,8,2,10,9,57,63,50,13,10,0,1,0,0,4,14,51
31,71,59,33,9,0,0,12,21,9,43,58,159,241,91,65,13,11,7,0,10,36,50,43
11,50,64,50,45,13,12,2,10,8,10,80,101,105,76,12,6,4,0,0,23,47,51,14
0,10,11,41,28,37,5,0,0,0,13,10,14,13,6,2,0,4,0,6,24,30,13,9
6,12,0,11,19,23,0,10,7,41,20,72,67,51,59,8,26,54,50,13,4,5,0,0
10,6,1,5,15,12,8,21,58,62,68,80,72,81,63,70,73,68,59,40,12,7,0,4
0,4,0,0,10,13,10,52,67,104,136,161,139,121,112,112,94,69,59,50,10,12,3,3
0,2,0,0,4,59,54,57,85,144,164,167,159,129,137,141,123,92,67,51,10,7,1,1
0,0,0,0,0,7,12,63,101,148,166,168,133,105,137,137,119,86,85,59,7,1,0,0
3,7,0,0,0,0,19,61,104,140,180,192,171,105,112,127,104,102,67,50,5,3,7,4
0,1,0,0,12,12,12,61,109,149,215,241,180,141,156,166,134,97,62,12,18,9,2,1
0,0,0,9,5,31,48,79,128,184,240,203,192,191,199,200,161,101,58,39,14,6,4,0
0,7,4,7,13,16,29,102,133,198,210,184,178,164,162,178,181,122,86,37,10,0,0,0
4,9,4,8,14,11,67,105,134,162,168,156,166,166,146,137,137,113,77,50,11,0,0,0
0,0,3,0,7,31,63,103,119,139,134,145,157,139,96,107,116,72,54,51,10,11,1,0
0,10,8,6,14,13,50,81,104,125,143,154,137,121,104,116,113,60,67,29,10,0,8,0
0,7,0,10,5,14,56,62,76,84,114,147,132,133,111,96,111,101,67,14,7,12,5,0
5,7,9,12,14,18,24,59,90,100,125,135,165,169,128,116,89,54,47,35,18,14,3,0
3,1,0,7,4,13,19,74,103,75,80,121,130,129,113,78,95,93,58,14,12,8,1,0
2,3,4,0,6,17,86,108,119,116,115,134,143,128,110,112,107,78,63,55,45,7,10,0
11,9,7,14,28,49,96,102,110,120,131,148,162,165,113,84,71,90,47,34,33,14,1,1
8,8,13,23,41,82,83,100,106,86,116,153,161,143,118,103,101,119,98,60,40,11,0,0
5,9,10,27,58,74,113,119,140,144,126,119,169,185,111,113,121,121,101,65,38,17,6,0
0,9,12,14,105,101,108,131,146,146,137,130,127,124,120,126,133,120,112,80,66,14,1,0
9,11,10,14,57,106,105,129,145,146,136,121,106,104,114,128,137,121,110,103,91,25,0,0
1,3,9,20,91,121,112,122,137,140,128,112,105,106,110,124,133,129,113,101,83,14,8,3
0,2,1,14,68,102,107,126,132,132,116,104,91,101,107,113,115,117,109,108,84,27,10,0
10,7,10,13,16,83,109,110,118,121,119,82,103,100,101,102,107,115,112,108,58,34,8,0
0,12,9,14,29,45,103,104,107,111,106,64,58,64,58,105,114,122,111,100,71,34,9,1
8,11,11,7,7,41,59,76,75,67,74,54,54,58,68,94,104,101,86,84,59,13,1,0
11,0,9,13,13,29,78,87,99,64,62,44,48,51,53,72,68,102,136,118,56,14,8,2
0,9,6,13,29,39,78,146,103,74,56,50,51,56,54,56,55,97,163,112,66,38,5,2
8,6,3,9,16,36,107,108,75,56,54,51,26,14,26,53,33,57,102,99,61,37,6,8
4,8,0,0,5,48,66,52,64,50,21,11,6,12,10,17,52,49,58,66,62,34,5,0
4,0,0,8,11,57,59,63,35,48,27,11,8,6,11,12,13,13,43,54,54,32,6,0
0,5,0,13,40,64,53,50,56,34,16,12,0,0,1,2,8,14,27,50,50,11,5,0
0,0,3,10,29,51,52,50,28,23,19,12,0,0,5,0,0,8,9,23,14,5,0,0
0,5,3,5,16,42,51,51,35,19,21,8,5,8,6,5,4,3,4,11,4,0,2,0
0,11,7,12,11,30,48,50,34,14,16,13,4,0,11,8,6,5,0,0,0,0,0,0
8,12,10,14,44,56,33,42,14,13,10,9,12,12,9,8,0,0,2,6,0,0,0,0
16,8,9,8,33,51,58,33,19,7,10,11,9,6,9,10,5,0,0,7,1,4,6,2
7,9,5,8,13,12,26,55,31,8,7,3,4,0,0,5,9,12,9,9,9,9,8,4
0,5,12,7,5,13,10,7,13,14,9,0,0,0,4,0,1,4,10,11,6,14,7,0
2,8,1,11,14,12,12,6,10,10,13,8,3,4,1,7,6,4,2,3,7,14,10,5

106,63,13,0,0,7,8,4,8,2,10,9,57,63,50,13,10,0,1,0,0,4,14,51
31,71,59,32,8,0,0,12,21,9,44,58,159,239,91,65,13,11,7,0,10,36,50,41
11,50,64,51,47,13,12,2,10,8,10,79,101,105,76,12,6,4,0,0,23,47,51,14
0,10,11,40,29,38,5,0,0,0,13,10,14,12,6,2,0,4,0,6,23,30,13,9
6,12,0,11,19,23,0,10,7,40,21,71,67,51,58,8,25,55,51,13,4,5,0,0
10,5,1,5,15,12,8,21,58,62,68,80,72,82,64,71,73,68,60,40,12,7,0,4
0,4,0,0,10,13,10,53,67,104,136,161,139,121,112,112,94,69,59,50,10,12,3,3
0,2,0,0,4,59,54,57,86,144,164,168,160,130,137,142,123,93,68,52,10,7,1,1
0,0,0,0,0,7,12,63,101,149,167,169,134,105,138,137,120,86,86,60,7,1,0,0
3,7,0,0,0,0,20,62,104,140,181,194,172,105,113,129,104,103,67,50,5,3,7,4
0,1,0,0,12,12,12,61,109,149,216,243,182,142,158,168,135,98,62,12,19,9,2,0
0,0,0,9,5,31,47,79,127,184,240,203,191,191,199,200,161,101,59,40,14,6,4,0
0,7,4,7,14,16,29,101,133,198,211,182,175,162,159,177,181,122,85,36,10,0,0,0
4,9,4,8,14,11,66,105,134,162,167,154,163,163,144,136,136,113,76,50,11,0,0,0
0,0,2,0,7,31,62,103,119,139,134,144,155,138,95,106,116,72,54,50,10,11,1,0
0,10,8,6,14,13,50,80,104,124,142,153,136,119,103,115,113,60,67,29,10,0,8,0
0,7,0,10,5,13,56,62,76,84,114,146,132,132,110,95,111,101,67,14,7,12,5,0
5,7,9,12,14,18,24,59,90,99,124,134,163,168,127,115,88,54,47,35,18,14,3,0
3,1,0,7,5,14,23,76,104,75,80,121,129,129,113,77,95,95,59,14,12,7,1,0
2,3,4,0,6,21,88,108,120,116,114,133,142,128,109,112,107,79,64,55,46,7,11,0
11,9,7,15,28,50,98,102,110,121,131,148,163,165,113,85,71,90,48,35,33,14,1,1
8,8,13,23,41,82,83,101,106,86,116,154,162,143,119,103,102,119,99,60,41,11,0,0
5,9,10,27,58,75,113,119,141,144,126,119,169,185,111,113,121,121,101,66,38,17,6,0
0,9,12,14,105,101,108,131,146,146,138,130,127,124,120,126,133,121,112,81,66,14,1,0
9,11,10,14,57,106,105,129,145,146,136,121,106,104,114,128,137,121,110,103,92,28,0,0
1,3,9,20,91,121,112,122,137,140,128,112,105,106,110,124,133,129,113,101,83,14,8,3
0,2,1,14,68,102,107,126,132,132,116,104,91,101,107,113,115,117,109,108,84,28,10,0
10,7,10,13,16,84,109,110,118,121,119,82,103,100,101,102,107,115,112,108,58,35,8,0
0,12,9,14,29,45,102,104,107,111,106,64,58,64,58,105,114,122,111,100,71,34,9,1
8,11,11,7,7,41,59,75,75,67,74,54,54,58,68,94,104,101,86,84,59,13,1,0
11,0,10,13,13,30,78,87,99,64,62,44,49,51,53,72,68,102,136,118,56,14,8,2
0,9,6,13,29,39,78,146,103,75,56,50,51,56,55,56,55,97,163,111,66,38,5,2
8,6,3,9,16,36,107,108,75,56,54,51,26,14,27,53,33,57,102,98,61,38,6,8
4,8,0,0,5,48,65,52,64,50,23,11,6,12,10,17,52,50,58,66,62,34,5,0
4,0,0,8,12,57,59,63,35,48,27,11,8,6,11,12,13,13,42,54,54,32,6,0
0,5,0,14,39,64,53,50,56,34,16,12,0,0,0,2,8,14,26,50,50,11,5,0
0,0,3,10,29,52,52,50,28,23,20,12,0,0,5,0,0,8,9,22,14,5,0,0
0,5,3,5,16,42,51,51,36,19,21,8,5,8,6,5,4,3,5,11,4,0,2,0
0,11,7,12,11,30,48,50,35,14,15,13,4,0,11,8,6,5,0,0,0,0,0,0
8,12,10,14,44,56,33,42,14,13,10,9,12,12,9,8,0,0,1,6,0,0,0,0
16,8,9,8,31,51,58,34,19,6,10,11,9,6,9,10,5,0,0,7,1,4,6,2
7,9,5,8,13,12,26,55,30,8,7,3,4,0,0,5,9,11,9,9,10,9,8,4
0,5,12,7,5,13,10,7,13,14,9,0,0,0,4,0,1,4,10,11,5,14,7,0
2,8,1,11,14,12,12,6,10,10,13,8,3,4,1,7,6,4,2,3,6,14,10,5

106,63,13,0,0,7,8,4,8,2,10,9,57,63,50,13,10,0,1,0,0,4,14,51
31,71,59,32,9,0,0,12,20,9,45,58,158,238,90,64,13,11,7,0,10,36,50,41
11,50,64,51,46,13,12,2,10,8,10,80,101,104,76,12,6,4,0,0,25,48,51,14
0,10,11,40,29,38,5,0,0,0,13,10,14,13,6,2,0,4,0,6,24,31,13,9
6,12,0,11,19,23,0,10,7,41,20,72,67,51,59,9,25,55,50,13,5,5,0,0
10,5,1,5,15,12,8,22,58,62,67,79,73,82,64,71,73,68,60,41,12,7,0,4
0,4,0,0,10,13,10,53,67,104,136,162,140,121,113,112,94,69,59,50,10,13,4,3
0,2,0,0,4,59,54,57,86,145,164,169,161,130,137,142,123,93,67,52,10,7,1,1
0,0,0,0,0,7,12,63,102,150,168,170,135,105,138,138,121,87,86,60,7,1,0,0
3,7,0,0,0,0,20,62,104,141,183,195,172,105,113,129,105,104,67,50,5,3,7,4
0,1,0,0,12,12,12,61,109,150,219,244,182,142,158,169,136,98,62,12,19,9,2,0
0,0,0,9,5,31,47,78,127,183,241,203,191,190,199,201,161,101,59,40,14,6,5,0
0,7,4,7,14,16,29,101,132,198,211,181,173,161,158,177,181,121,85,34,9,0,0,0
4,9,4,7,14,11,66,105,134,163,167,152,161,161,143,135,136,113,76,48,11,0,0,0
0,0,2,0,6,30,62,102,119,138,133,143,153,137,94,105,116,72,54,51,10,11,1,0
0,10,8,6,14,13,50,80,104,124,141,151,135,118,102,114,113,60,67,28,10,0,8,0
0,7,0,10,5,13,56,62,76,84,113,146,131,131,109,95,111,101,66,14,7,12,5,0
5,7,9,12,14,17,25,60,89,98,124,133,161,166,126,114,87,54,46,35,18,14,3,0
3,1,0,7,5,14,26,78,104,75,79,120,129,128,112,77,96,96,60,14,12,8,1,0
2,3,4,0,7,25,90,109,121,117,114,133,142,128,109,112,107,80,64,55,47,7,11,0
11,9,7,15,28,50,100,102,110,121,131,148,163,165,114,85,72,90,48,35,33,15,1,2
8,8,13,24,41,82,84,101,107,87,117,155,162,144,119,103,102,119,100,61,42,12,0,0
5,9,10,28,58,75,113,120,141,145,127,120,170,187,111,114,121,121,101,66,39,18,6,0
0,9,12,14,105,101,109,131,146,147,138,130,128,125,120,126,133,121,112,81,67,15,1,0
9,11,10,14,58,106,105,129,145,147,136,121,106,104,114,128,137,121,110,103,92,28,0,0
1,3,9,21,91,121,112,122,137,140,129,113,105,106,110,124,134,129,113,101,84,14,8,3
0,2,1,14,68,102,107,126,132,132,116,104,91,101,107,113,116,117,109,108,84,28,10,0
10,7,10,13,16,84,109,110,118,120,119,82,103,100,101,102,107,115,112,108,58,35,8,0
0,12,9,14,29,45,102,104,107,111,106,64,58,64,58,105,114,122,111,100,71,34,9,2
8,11,11,7,7,41,59,75,75,67,74,54,54,58,68,94,104,101,86,84,59,13,1,0
11,0,10,13,13,30,78,87,99,64,62,44,49,51,53,72,68,102,136,118,56,14,8,2
0,9,6,13,29,39,79,146,103,74,56,50,51,55,54,56,55,97,163,111,66,40,5,2
8,6,3,9,16,37,107,108,75,56,54,51,26,14,26,53,33,57,102,98,61,38,6,8
4,8,0,0,5,48,65,52,64,50,23,11,6,12,10,17,52,49,58,66,62,35,5,0
4,0,0,8,11,57,59,63,35,48,28,11,8,6,11,12,12,13,43,53,54,32,6,0
0,5,0,14,39,64,53,50,55,34,15,11,0,0,0,2,8,14,27,50,50,11,5,0
0,0,3,10,29,51,52,50,28,23,18,12,0,0,5,0,0,8,9,22,14,5,0,0
0,5,3,5,16,41,51,51,35,19,21,8,5,9,6,5,4,3,5,11,4,0,2,0
0,11,7,12,11,30,48,50,34,14,15,13,4,0,11,8,6,5,0,0,0,0,0,0
8,12,10,13,43,56,33,42,14,13,10,9,12,12,9,8,0,0,1,6,0,0,0,0
16,8,9,9,31,51,58,33,18,6,10,11,9,6,9,10,5,0,0,7,1,4,6,2
7,9,5,8,13,12,25,55,30,8,7,3,4,0,0,5,9,12,9,9,10,9,8,4
0,5,12,7,5,13,10,7,13,14,9,0,0,0,4,0,1,4,10,11,5,14,7,0
2,8,1,11,14,12,12,6,10,10,13,8,3,4,1,7,6,4,2,3,7,14,10,5

106,63,13,0,0,7,8,4,8,2,10,9,57,63,50,13,10,0,1,0,0,4,14,51
31,71,59,33,8,0,0,12,20,9,44,58,158,238,90,64,13,11,7,0,10,35,50,41
11,50,64,50,47,13,12,2,10,8,10,79,101,104,75,12,6,4,0,0,25,48,51,14
0,10,11,41,31,38,5,0,0,0,13,10,14,12,6,2,0,4,0,7,24,31,13,9
6,12,0,11,19,23,0,10,8,41,20,72,67,51,59,9,26,55,51,13,5,5,0,0
10,5,1,5,15,12,8,22,58,62,68,80,73,82,64,70,73,68,60,40,12,7,0,4
0,4,0,0,10,13,10,53,67,104,137,162,140,122,113,112,94,69,59,50,10,12,3,3
0,2,0,0,4,59,55,57,86,145,165,169,161,130,138,142,123,93,68,52,10,7,1,1
0,0,0,0,0,7,12,63,102,150,169,171,135,105,138,138,121,87,86,60,7,1,0,0
3,7,0,0,0,0,19,62,105,141,183,195,172,105,113,129,105,104,67,50,6,3,7,4
0,1,0,0,12,12,12,61,109,150,219,245,182,142,158,169,136,98,62,12,19,9,2,1
0,0,0,9,5,30,47,78,126,183,241,204,191,190,200,201,161,101,59,39,14,6,5,0
0,7,4,7,14,16,28,101,132,198,212,180,172,160,157,177,182,121,84,34,9,0,0,0
3,9,4,7,14,11,66,105,133,163,166,151,159,159,142,135,136,113,75,50,11,0,0,0
0,0,2,0,6,29,62,102,118,138,133,143,152,136,93,104,115,72,54,50,10,11,1,0
0,10,8,6,14,13,50,80,103,123,141,150,134,117,101,114,112,60,67,29,10,0,8,0
0,7,0,10,5,13,55,62,76,84,113,145,130,131,108,94,111,101,66,14,7,12,5,0
5,7,9,12,14,17,25,59,89,98,123,132,160,165,125,113,87,53,46,35,18,14,3,0
3,1,0,7,5,14,28,79,104,75,79,120,128,128,112,77,97,97,61,14,12,7,1,0
2,3,4,0,7,27,91,109,121,117,114,133,142,127,109,112,108,80,65,55,49,8,11,0
11,9,7,15,28,50,100,102,110,121,131,148,163,166,114,86,72,91,48,35,33,15,1,1
8,8,13,24,41,83,84,101,107,87,117,156,163,144,119,103,102,120,100,61,43,12,0,0
5,9,11,28,58,75,113,120,141,145,127,120,171,187,111,114,122,121,102,66,39,18,6,0
0,9,12,14,105,101,109,132,146,147,138,131,128,125,120,126,133,121,112,81,67,15,1,0
9,11,10,14,58,106,105,129,145,147,136,121,106,104,114,128,137,121,110,103,92,28,0,0
1,3,9,20,91,121,112,122,137,140,129,113,105,106,110,124,134,129,113,101,84,14,8,3
0,2,1,14,68,102,107,126,132,132,116,104,91,101,107,113,115,117,109,108,84,29,10,0
10,7,10,13,17,84,109,110,118,120,119,81,103,100,101,102,107,115,113,108,58,35,8,0
0,12,9,14,29,45,102,104,107,111,106,64,58,64,58,105,114,122,111,100,71,34,9,2
8,11,11,7,7,41,59,75,75,67,74,54,54,58,68,94,104,101,86,84,59,13,1,0
11,0,10,13,13,29,78,88,99,64,62,43,49,51,53,72,68,102,136,118,56,14,8,2
0,9,6,13,29,39,78,146,103,74,56,50,51,55,54,56,55,97,163,111,66,38,5,2
8,6,3,9,16,36,107,108,75,56,54,51,26,14,26,53,32,57,102,98,61,37,6,8
4,8,0,0,5,48,65,52,64,50,21,11,6,12,10,17,52,50,58,66,62,34,5,0
4,0,0,8,12,57,59,63,35,47,27,11,8,6,10,12,12,13,43,53,54,32,6,0
0,5,0,13,39,64,53,50,55,34,16,11,0,0,0,2,8,14,26,50,50,11,5,0
0,0,3,10,29,51,52,50,28,23,20,12,0,0,4,0,0,8,9,22,14,5,0,0
0,5,3,5,16,42,51,51,34,19,21,8,5,8,6,5,4,3,4,11,4,0,2,0
0,11,7,12,11,30,48,50,35,14,15,13,4,0,11,8,6,5,0,0,0,0,0,0
8,12,10,13,44,56,33,41,14,13,10,9,12,12,9,7,0,0,1,6,0,0,0,0
16,8,9,8,31,51,58,33,18,6,10,11,9,6,9,10,5,0,0,6,1,4,6,2
7,9,5,8,13,12,25,55,30,8,7,3,4,0,0,5,9,12,9,9,10,9,8,4
0,5,12,7,5,13,10,7,13,14,9,0,0,0,4,0,1,4,10,11,5,14,7,0
2,8,1,11,14,12,12,6,10,10,13,8,3,3,1,7,6,4,2,3,7,14,10,5

106,63,13,0,0,7,8,4,8,2,10,9,57,63,50,13,10,0,1,0,0,5,14,51
31,71,59,33,9,0,0,12,20,9,44,58,158,238,90,64,13,11,7,0,10,36,50,41
11,50,64,50,46,13,12,2,10,8,10,80,101,104,75,12,6,4,0,0,25,48,51,14
0,10,11,41,29,38,5,0,0,0,13,10,14,13,6,2,0,4,0,7,24,31,13,9
6,12,0,11,20,23,0,10,8,41,21,72,67,51,59,9,27,55,51,13,5,5,0,0
10,5,1,5,15,12,8,23,59,62,68,80,73,82,64,71,73,68,60,40,13,7,0,4
0,4,0,0,10,13,10,53,67,104,137,163,141,122,113,113,94,69,59,50,10,12,4,4
0,2,0,0,4,59,55,57,86,145,166,170,162,131,138,143,123,93,68,52,10,7,1,1
0,0,0,0,0,7,12,63,102,150,169,171,135,105,138,138,121,87,86,60,7,1,0,0
3,7,0,0,0,0,20,62,104,141,183,196,173,105,114,129,105,104,67,50,6,3,7,4
0,1,0,0,12,12,12,61,109,150,219,245,183,142,159,170,136,98,62,12,19,9,2,1
0,0,0,9,5,30,46,78,126,183,241,204,191,190,200,201,161,101,59,40,14,6,5,0
0,7,4,7,14,15,28,101,132,198,212,180,172,160,157,177,183,121,84,34,9,0,0,0
3,9,4,7,14,11,66,105,133,163,166,150,159,159,142,135,137,113,76,50,11,0,0,0
0,0,2,0,6,29,62,102,118,138,132,143,152,136,93,104,115,71,54,50,10,11,1,0
0,10,8,6,13,13,50,80,103,123,141,150,134,117,101,114,112,60,67,26,10,0,8,0
0,7,0,10,5,13,56,62,76,83,112,145,130,130,108,94,111,100,66,14,7,11,5,0
5,7,8,12,14,17,25,60,89,98,123,132,160,165,125,113,87,54,46,35,18,14,3,0
3,1,0,7,5,14,29,79,104,75,79,120,128,128,112,76,97,97,62,14,12,7,1,0
2,3,5,0,7,27,91,109,122,117,114,133,142,127,109,112,108,80,65,56,49,8,11,0
11,9,7,15,28,50,100,102,110,121,132,148,163,166,114,86,72,91,48,35,33,15,1,2
8,8,13,24,41,83,84,101,107,87,117,156,163,144,120,103,102,120,100,61,42,12,0,0
5,9,10,27,58,75,113,120,141,145,127,120,171,187,111,114,122,121,101,66,39,18,6,0
0,9,12,14,105,101,109,132,146,147,138,131,128,125,120,126,133,121,112,81,67,16,1,0
9,11,10,14,57,106,105,129,145,147,136,121,106,104,114,128,137,121,110,103,92,29,0,0
1,3,9,20,91,121,112,122,137,140,129,113,105,106,111,124,133,129,113,101,84,14,8,3
0,2,1,14,68,102,107,126,132,132,116,104,91,101,107,113,115,117,109,108,84,29,10,0
10,7,10,13,16,84,109,110,118,120,119,82,103,100,101,102,107,115,112,108,58,35,8,0
1,12,9,14,29,46,102,104,107,111,106,64,58,64,58,105,114,123,111,100,71,34,9,2
8,11,11,7,8,41,59,75,75,67,74,54,54,58,68,94,104,101,86,85,59,13,1,0
11,0,10,13,14,30,78,88,99,64,62,44,49,51,53,72,68,102,136,118,56,14,8,2
0,9,6,13,29,39,79,146,103,75,56,50,51,56,54,56,55,97,163,111,66,38,5,2
8,6,3,9,16,36,107,108,75,56,54,51,26,14,26,53,33,57,102,98,61,38,6,8
4,8,0,0,5,48,65,52,64,50,22,11,6,12,10,16,52,50,58,66,62,34,5,0
4,0,0,8,12,57,59,63,35,49,27,11,8,6,11,12,13,13,42,53,54,32,6,0
0,5,0,14,40,64,53,50,56,34,16,11,0,0,0,2,8,14,27,50,50,11,5,0
0,0,3,10,29,51,52,50,28,23,19,12,0,0,5,0,0,8,9,22,14,5,0,0
0,5,3,5,16,42,51,51,34,19,22,8,5,9,6,5,4,3,4,11,4,0,2,0
0,11,7,12,11,30,48,50,35,14,15,13,4,0,11,8,6,5,0,0,0,0,0,0
8,12,10,13,45,56,33,41,14,13,10,9,12,12,9,8,0,0,1,6,0,0,0,0
17,8,9,8,31,51,58,34,19,6,10,11,9,6,9,10,5,0,0,7,1,4,6,2
7,9,5,8,13,12,26,55,30,8,7,3,4,0,0,5,9,12,9,9,10,9,8,4
0,5,12,7,5,13,10,7,13,14,9,0,0,0,4,0,1,4,10,11,5,14,7,0
2,8,1,11,14,12,12,6,10,10,13,8,3,4,1,7,6,4,2,3,7,14,10,5

106,63,13,0,0,7,8,4,8,2,10,9,57,63,50,13,10,0,1,0,0,5,14,51
33,71,59,33,9,0,0,12,20,9,43,58,158,238,90,64,13,11,7,0,10,36,50,41
11,50,64,50,47,13,12,2,10,8,10,79,101,104,75,12,6,4,0,0,25,50,51,14
0,10,11,41,29,38,5,0,0,0,13,10,14,13,6,2,0,4,0,7,24,31,13,9
6,12,0,11,19,23,0,10,8,42,21,72,67,51,59,9,26,55,51,13,5,5,0,0
10,6,1,6,15,12,8,22,59,62,68,80,73,82,64,71,73,68,60,40,13,7,0,4
0,4,0,0,10,13,10,53,67,104,138,163,140,122,113,113,94,70,59,50,10,13,4,4
0,2,0,0,4,59,54,57,86,145,166,169,161,130,138,143,123,93,68,52,10,7,1,1
0,0,0,0,0,7,12,63,101,149,168,170,134,105,138,138,120,86,86,60,7,1,0,0
3,7,0,0,0,0,20,62,104,140,181,194,172,105,113,128,104,103,67,50,5,3,7,4
0,1,0,0,12,12,12,61,109,149,217,244,182,142,158,168,135,98,62,12,19,9,2,1
0,0,0,9,6,31,47,79,127,184,241,204,192,191,200,201,162,101,59,41,14,6,5,0
0,7,4,7,14,16,28,101,133,199,212,182,175,162,159,178,182,122,86,36,10,0,0,0
4,9,4,7,14,11,66,105,134,163,167,153,163,162,144,136,137,113,77,50,11,0,0,0
0,0,2,0,6,31,62,102,119,138,133,144,154,137,94,106,116,72,54,51,10,11,1,0
0,10,8,6,14,13,50,80,104,124,142,152,135,118,102,115,113,60,67,31,10,0,8,0
0,7,0,10,5,13,56,62,76,84,113,146,131,131,109,95,111,101,67,14,7,12,5,0
5,7,9,12,14,17,25,59,89,98,124,133,162,167,126,114,88,54,46,35,18,14,3,0
3,1,0,7,5,14,25,77,104,75,79,120,129,128,113,77,96,95,60,14,12,7,1,0
2,3,4,0,6,23,89,108,121,116,114,133,142,128,109,112,107,79,64,55,46,7,11,0
11,9,7,15,28,50,99,102,110,121,131,148,163,165,113,85,71,90,48,35,33,15,1,2
8,8,13,23,41,82,84,101,106,87,116,154,162,143,119,103,102,119,99,61,42,12,0,0
5,9,10,27,58,75,113,120,140,144,127,120,170,186,111,113,121,121,101,66,39,18,6,0
0,9,12,14,105,101,109,131,146,146,138,130,128,124,120,126,133,121,112,81,67,15,1,0
9,11,10,14,58,106,105,129,145,146,136,121,106,104,114,128,137,121,110,103,91,27,0,0
1,3,9,20,91,121,112,122,137,140,128,112,105,106,110,124,134,129,113,101,84,14,8,3
0,2,1,14,68,102,107,126,132,132,116,104,91,101,107,113,115,117,109,108,84,29,10,0
10,7,10,13,16,84,109,110,118,120,119,82,103,100,101,102,107,115,112,108,58,36,8,0
1,12,9,14,29,46,103,104,107,111,106,64,58,64,58,105,114,122,111,100,71,35,9,2
8,11,11,8,7,41,59,75,75,67,74,54,54,58,68,94,104,101,86,84,59,13,1,0
11,0,10,13,13,30,78,88,99,64,62,44,49,51,53,72,68,102,136,119,56,14,8,2
0,9,6,13,29,39,79,146,103,74,56,50,51,56,54,56,55,97,164,112,66,40,5,2
8,6,3,9,16,37,107,108,75,56,54,51,26,14,26,53,34,57,102,98,61,38,6,8
4,9,0,0,5,48,65,52,64,50,25,11,6,12,10,18,52,50,58,66,62,35,5,0
4,0,0,8,12,57,59,63,35,49,27,11,8,6,10,12,13,13,43,54,54,32,6,0
0,5,0,13,40,64,53,50,56,34,16,12,0,0,0,2,8,14,27,50,50,11,5,0
0,0,3,10,29,51,52,50,29,23,19,12,0,0,5,0,0,8,9,23,14,5,0,0
0,5,3,5,16,41,51,51,35,19,21,8,5,8,6,5,4,3,5,11,4,0,2,0
0,11,7,12,11,30,48,50,35,14,15,13,4,0,11,8,6,5,0,0,0,0,0,0
9,12,10,13,45,56,33,42,14,13,10,9,12,12,9,8,0,0,1,6,0,0,0,0
16,8,9,9,33,51,58,34,20,6,10,11,9,6,9,10,5,0,0,7,1,4,7,2
7,9,5,8,13,12,27,55,30,8,7,3,4,0,0,5,9,12,9,9,10,9,8,4
0,5,12,7,5,13,10,7,13,14,9,0,0,0,4,0,1,4,10,11,6,14,7,0
2,8,1,11,14,12,12,6,10,10,13,8,3,4,1,7,6,4,2,3,7,14,10,5

106,63,13,0,0,7,8,4,8,2,10,9,57,63,50,13,10,0,1,0,0,5,14,51
33,71,59,35,9,0,0,12,21,9,43,58,158,239,90,64,13,11,7,0,11,36,50,43
11,50,64,50,46,13,12,3,10,8,10,80,101,104,75,12,6,4,0,0,26,48,51,14
0,10,11,41,28,38,5,0,0,0,13,10,14,13,6,2,0,4,0,6,24,31,13,9
7,12,0,11,19,23,0,10,8,41,21,72,67,51,58,9,25,55,50,13,5,5,0,0
10,6,1,5,16,12,8,22,58,62,68,80,73,81,64,71,73,68,60,40,12,7,0,4
0,4,0,0,10,13,10,53,67,105,139,164,139,121,113,113,95,70,59,50,10,13,4,4
0,2,0,0,4,59,54,57,86,146,167,169,159,129,137,142,124,93,68,52,10,7,1,1
0,0,0,0,0,7,12,63,101,149,167,168,133,104,137,137,120,86,86,59,7,1,0,0
3,7,0,0,0,0,19,62,104,140,180,192,170,104,111,127,104,103,67,50,5,3,7,4
0,1,0,0,12,12,12,61,109,149,215,241,180,140,155,165,134,97,62,12,19,9,3,1
0,0,0,9,5,31,48,79,128,185,240,203,192,191,200,200,161,101,59,39,14,6,5,0
0,7,4,7,14,16,29,102,133,199,211,184,178,165,162,178,181,122,86,39,10,0,0,0
4,9,4,8,14,11,67,105,134,162,168,156,166,165,146,137,137,113,77,50,11,0,0,0
0,0,2,0,7,31,62,103,119,139,134,145,156,139,96,107,116,72,54,51,10,11,1,0
0,10,8,6,14,13,51,81,104,125,143,154,137,120,104,116,113,60,67,29,10,0,8,0
0,7,0,10,5,14,56,62,76,84,114,147,132,133,110,96,111,101,67,14,7,12,5,0
5,7,9,12,14,17,24,59,89,99,125,135,165,169,128,116,89,54,47,35,18,14,3,0
2,1,0,7,4,13,19,74,103,75,80,121,129,129,113,77,95,93,58,14,12,8,1,0
2,3,4,0,6,16,85,108,119,116,115,134,142,128,109,112,107,78,63,55,45,7,11,0
11,9,7,14,28,49,96,102,110,120,131,148,162,165,113,84,71,90,47,34,33,14,1,2
8,8,13,23,41,82,83,101,105,86,116,153,161,142,118,103,101,119,97,60,43,11,0,0
5,9,10,27,58,74,113,119,140,144,126,119,169,184,111,113,121,121,101,65,38,17,6,0
0,9,12,14,105,101,108,131,146,146,137,130,127,124,119,125,133,120,112,80,67,15,1,0
9,11,10,14,57,106,105,129,144,146,136,121,106,104,114,127,137,121,110,103,92,28,0,0
1,3,9,20,91,121,112,122,137,140,128,112,105,106,110,123,133,129,113,101,83,14,8,3
0,2,1,14,68,102,107,126,132,132,115,104,90,101,107,113,115,117,109,108,84,28,10,0
10,7,10,13,15,84,109,110,118,120,119,82,103,100,101,102,107,115,112,108,58,35,8,0
1,12,9,14,29,46,102,104,107,111,106,64,58,64,59,105,114,123,111,100,71,34,9,2
8,11,11,7,7,41,59,75,75,67,74,54,54,58,68,94,104,101,86,84,59,13,1,0
11,0,10,13,14,30,78,88,99,64,62,43,49,51,53,72,68,102,136,119,56,14,8,2
0,9,6,13,29,39,79,146,103,75,56,50,51,56,54,56,55,97,164,112,66,38,5,2
8,6,3,9,16,37,107,108,75,56,55,51,26,14,26,53,34,58,102,99,61,38,6,8
4,9,0,0,5,49,66,52,64,50,23,11,6,12,10,18,52,50,58,66,62,35,5,0
4,0,0,8,12,57,59,63,36,48,27,11,8,6,11,12,13,13,43,54,54,33,6,0
0,5,0,14,39,64,53,50,56,34,16,12,0,0,0,2,8,14,27,50,50,11,5,0
0,0,3,10,29,51,52,50,29,24,20,12,0,0,5,0,0,8,9,23,14,5,0,0
0,5,3,5,16,41,51,51,36,19,21,8,5,8,6,5,4,3,4,11,4,0,2,0
0,11,7,12,11,30,48,50,35,14,16,13,4,0,11,8,6,5,0,0,0,0,0,0
8,12,10,14,44,56,33,43,14,13,10,9,12,12,9,8,0,0,2,6,0,0,0,0
17,8,9,9,33,51,59,34,20,7,10,11,9,6,9,10,5,0,0,7,1,4,7,2
7,9,6,8,13,12,26,55,30,8,7,3,4,0,0,5,9,12,9,9,10,9,8,4
0,5,12,8,5,13,10,7,13,14,9,0,0,0,5,0,1,4,10,11,6,14,7,0
2,8,2,11,14,12,12,6,10,10,13,8,4,3,1,7,6,4,2,3,7,14,10,5

106,63,13,0,0,7,8,4,8,2,10,10,57,63,50,13,10,0,1,0,0,4,14,51
33,71,59,33,9,0,0,12,21,9,44,58,159,240,90,64,13,11,7,0,10,36,50,40
11,50,64,50,45,13,12,3,10,8,10,79,101,104,75,12,6,4,0,0,25,47,51,14
0,10,11,40,28,37,6,0,0,0,13,10,14,13,6,2,0,4,0,7,24,31,13,9
7,13,0,11,19,23,0,10,7,41,21,72,67,50,59,8,27,55,51,13,5,5,0,0
10,6,1,5,15,12,8,22,58,62,68,80,72,81,64,71,73,68,59,40,12,7,0,4
0,4,0,0,10,13,10,53,67,105,138,162,139,121,112,112,94,70,59,50,10,13,4,4
0,2,0,0,4,59,54,57,86,145,165,168,160,129,137,142,123,93,67,52,10,7,1,1
0,0,0,0,0,7,12,63,101,149,167,168,133,104,137,137,120,86,85,59,7,1,0,0
3,7,0,0,0,0,20,62,104,140,180,191,170,104,111,127,104,103,67,50,5,3,7,4
0,1,0,0,12,12,12,61,109,149,215,241,179,140,155,165,134,97,62,12,19,9,3,1
0,0,0,9,5,31,48,79,128,185,240,203,192,191,199,200,161,101,59,39,14,6,5,0
0,7,4,7,14,16,29,102,133,198,211,184,178,165,162,178,181,122,86,38,10,0,0,0
4,9,4,8,14,11,67,105,134,162,168,156,166,166,146,137,137,113,76,50,11,0,0,0
0,0,3,0,7,31,63,103,119,139,134,145,157,139,96,107,117,72,54,51,10,11,1,0
0,10,8,6,14,13,50,81,104,125,143,154,137,120,105,116,113,60,67,31,10,0,8,0
0,7,0,10,5,14,56,62,76,84,114,147,133,133,111,96,112,101,67,15,7,12,5,0
5,7,9,12,14,17,24,59,89,100,125,135,165,169,128,116,89,54,47,35,18,14,3,0
3,1,0,7,4,13,20,74,103,75,80,121,130,129,113,78,95,93,58,14,12,8,1,0
2,3,4,0,6,16,86,108,119,116,115,134,143,128,109,112,107,78,63,55,45,7,11,0
11,9,7,14,28,49,97,102,110,120,131,148,163,165,113,84,71,90,47,34,33,14,1,2
8,8,13,23,41,82,83,100,106,86,116,153,161,143,118,103,101,119,98,60,41,11,0,0
5,9,10,27,58,74,113,119,140,144,126,119,169,184,111,113,121,121,101,66,38,18,6,0
0,9,12,14,105,101,108,131,146,146,137,130,127,124,120,126,133,120,112,80,67,15,1,0
9,11,10,14,57,106,105,129,144,146,136,121,106,104,114,127,137,121,110,103,92,27,0,0
1,3,9,20,91,121,112,122,137,140,128,112,105,106,110,123,133,129,113,101,83,14,8,3
0,2,1,14,68,102,107,126,132,132,116,104,91,101,107,113,115,117,109,108,84,29,10,0
10,7,10,13,16,84,109,110,118,120,119,82,103,100,101,102,107,115,112,108,57,36,8,0
0,12,9,14,29,46,103,104,107,111,106,64,58,64,58,105,114,122,111,100,71,34,9,2
8,11,11,7,7,41,59,75,75,67,74,54,54,58,68,94,104,101,86,84,59,13,1,0
11,0,10,13,14,29,78,88,99,64,62,44,49,51,53,72,68,102,136,119,56,14,8,2
0,9,6,13,29,39,79,146,103,75,56,50,51,55,54,56,55,97,164,112,66,40,5,2
8,6,3,9,16,37,107,108,75,56,55,51,26,14,27,53,35,57,102,98,61,38,6,8
4,9,0,0,5,49,65,52,64,50,23,11,6,12,10,18,52,50,58,66,62,34,5,0
4,0,0,8,12,57,59,63,35,48,27,11,8,6,11,12,13,13,43,53,54,33,6,0
0,5,0,13,40,64,53,50,56,34,16,12,0,0,1,1,8,14,27,50,50,11,5,0
0,0,3,10,29,51,52,50,29,23,20,12,0,0,5,0,0,8,9,23,14,5,0,0
0,5,3,5,16,41,51,51,34,19,21,8,5,9,6,5,4,3,5,11,4,0,2,0
0,11,7,12,11,30,48,50,35,14,15,13,4,0,11,8,6,5,0,0,0,0,0,0
8,12,10,14,44,56,33,43,14,13,10,9,12,12,9,8,0,0,2,6,0,0,0,0
16,8,9,9,33,51,58,34,20,6,10,11,9,6,9,10,5,0,0,7,1,4,7,2
7,9,6,8,13,12,26,55,30,8,7,3,4,0,0,5,9,12,9,9,10,9,8,4
0,5,12,8,5,13,10,8,13,14,9,0,0,0,5,0,2,5,10,11,6,14,7,0
2,8,1,11,14,12,12,6,10,10,13,8,4,4,1,7,6,4,2,3,7,14,10,5

106,63,13,0,0,7,8,4,8,2,10,9,57,62,50,13,10,0,1,0,0,5,14,51
31,71,59,35,9,0,0,12,20,9,45,58,158,239,90,64,13,11,7,0,11,36,50,43
11,50,64,50,46,13,12,3,10,8,10,78,101,104,76,12,6,4,0,0,25,48,51,14
0,10,11,40,30,37,5,0,0,0,13,10,14,13,6,2,0,4,0,7,24,30,13,9
7,13,0,11,19,23,0,10,7,41,21,72,67,51,59,9,27,55,51,13,5,5,0,0
10,6,1,5,15,12,8,23,59,62,68,80,73,82,64,71,73,68,60,41,13,7,0,4
0,4,0,0,10,13,10,53,67,105,137,162,140,121,113,113,94,69,59,50,10,13,4,4
0,2,0,0,3,59,54,57,86,145,165,169,161,130,138,142,123,93,68,52,10,7,1,1
0,0,0,0,0,7,12,63,102,150,168,170,134,105,138,138,121,86,86,60,7,1,0,0
3,7,0,0,0,0,19,62,104,141,181,193,171,105,113,128,104,103,67,50,5,3,7,4
0,1,0,0,12,12,12,61,109,149,217,243,181,141,157,167,135,98,62,12,19,9,2,1
0,0,0,9,5,31,47,79,127,184,240,203,191,190,199,200,161,101,59,39,14,6,5,0
0,7,4,7,14,16,29,101,133,198,211,183,176,163,159,177,181,122,86,37,10,0,0,0
4,9,4,8,14,11,67,105,134,162,167,154,164,163,144,136,136,113,76,50,11,0,0,0
0,0,2,0,7,31,62,103,119,139,134,144,155,138,95,106,116,72,54,51,10,11,1,0
0,10,8,6,14,13,50,80,104,124,142,153,136,119,103,115,113,60,67,29,10,0,8,0
0,7,0,10,5,13,56,62,76,84,114,146,132,132,110,95,111,101,67,14,7,12,5,0
5,7,9,12,14,17,24,59,89,99,125,134,163,168,127,115,88,54,46,35,17,14,3,0
3,1,0,7,4,14,24,76,104,75,80,121,129,129,113,77,95,95,60,14,12,8,1,0
2,3,4,0,6,22,88,108,120,116,115,133,142,128,109,112,107,79,64,55,47,7,11,0
11,9,7,15,28,50,99,102,110,121,131,148,163,165,113,85,71,90,48,35,33,15,1,1
8,8,13,23,41,82,84,101,106,86,116,154,162,143,119,103,102,119,99,61,42,12,0,0
5,9,10,27,58,75,113,120,141,144,126,120,170,185,111,113,121,121,101,66,38,18,6,0
0,9,12,14,105,101,109,131,146,146,138,130,128,124,120,126,133,121,112,80,67,15,1,0
9,11,10,14,58,106,105,129,145,146,136,121,106,104,114,127,137,121,110,103,92,28,0,0
1,3,9,20,91,121,112,122,137,140,128,112,105,106,110,123,134,129,113,101,84,14,8,3
0,2,1,14,68,102,107,126,132,132,116,104,91,101,107,113,115,117,109,108,84,29,10,0
10,7,10,13,16,84,109,110,118,120,119,82,103,100,101,102,107,115,112,108,58,35,8,0
1,12,9,14,29,45,103,104,107,111,106,64,58,64,59,105,114,122,111,100,71,35,9,2
8,11,11,7,7,41,59,75,75,67,74,54,54,58,68,94,104,101,86,84,59,13,1,0
11,0,10,13,14,29,78,88,99,64,62,44,48,51,53,72,68,102,136,118,56,14,8,2
0,9,6,13,29,39,79,146,103,75,56,50,51,55,54,56,55,97,163,111,66,38,5,2
8,6,3,9,16,37,107,108,75,56,54,51,26,14,26,53,34,57,102,98,61,38,6,8
4,9,0,0,5,48,65,52,64,50,23,11,6,12,10,17,52,50,58,66,62,34,6,0
4,0,0,8,12,57,59,63,35,49,27,11,8,6,11,12,13,13,43,53,54,33,6,0
0,5,0,13,39,64,53,50,56,35,16,12,0,0,0,2,8,14,27,50,50,12,5,0
0,0,3,10,29,51,52,50,29,23,20,12,0,0,5,0,0,8,9,23,14,5,0,0
0,5,3,5,16,41,51,51,36,19,21,8,5,9,6,5,4,3,4,11,4,0,2,0
0,11,7,12,11,30,48,50,37,14,16,13,4,0,11,8,6,5,0,0,0,0,0,0
8,12,10,14,45,56,33,43,14,13,10,9,12,12,9,8,0,0,2,6,0,0,0,0
17,8,9,9,33,51,58,34,20,6,10,11,9,6,9,10,5,0,0,7,1,4,7,2
7,9,5,8,13,12,26,55,30,8,7,3,4,0,0,5,9,12,9,9,10,9,8,4
0,5,12,8,5,13,10,7,13,14,9,0,0,0,5,0,1,4,10,11,6,14,7,0
2,8,1,11,14,12,12,6,10,10,13,8,4,4,1,7,6,4,2,3,7,14,10,5
