2,0,0,0,0,0,0,0,0,4,0,0,0,0,0,0,0,3,0,0,0,0,2,0
10,0,3,2,0,0,1,10,8,6,1,0,1,0,0,0,0,0,0,4,7,0,3,0
9,6,7,0,6,9,13,11,13,50,41,50,10,10,6,10,9,0,0,0,4,0,11,1
10,15,17,10,8,15,63,84,80,100,103,56,4,7,13,13,39,26,14,0,0,3,2,0
0,0,0,10,12,56,103,101,107,102,118,76,66,0,1,7,5,8,8,25,0,0,8,0
8,0,0,19,14,53,69,102,123,129,89,112,56,22,25,10,5,11,11,8,10,0,0,8
8,12,11,13,10,50,73,99,117,113,121,88,66,51,17,8,13,20,12,9,7,6,10,0
10,6,4,14,12,54,82,94,83,83,72,68,26,52,54,10,0,27,22,5,11,1,1,0
0,0,0,0,0,14,53,13,58,1,50,51,14,18,0,4,12,55,13,9,0,11,11,0
10,7,13,23,15,55,65,64,61,45,55,75,77,83,77,66,36,13,0,7,5,0,0,4
0,0,30,52,59,85,99,121,92,85,129,146,154,140,109,100,78,66,11,7,0,0,0,1
4,21,56,71,106,121,126,150,160,156,189,179,167,196,173,116,104,82,58,23,0,6,0,0
14,57,80,107,121,133,137,170,178,177,197,204,197,193,176,121,92,73,61,14,13,13,0,0
48,61,91,111,117,135,146,170,166,167,190,198,198,180,166,125,100,102,103,54,11,0,1,1
41,52,61,101,87,94,125,155,133,94,149,165,179,149,133,104,59,38,68,12,3,0,0,0
13,8,47,67,83,100,65,106,92,70,77,98,115,97,24,9,5,8,27,28,13,12,10,9
14,10,10,72,112,114,111,117,98,96,96,86,105,67,58,52,17,52,14,11,4,0,9,6
10,9,35,48,76,104,86,112,101,110,163,147,133,96,89,59,39,26,26,18,10,15,9,10
8,3,47,76,102,111,121,127,132,145,165,169,155,111,82,101,52,19,34,52,27,1,0,1
20,4,39,100,85,113,103,149,158,158,173,187,180,142,126,114,96,42,100,104,44,9,0,0
15,3,43,52,75,90,138,154,147,161,188,196,178,143,129,108,56,56,60,91,48,14,5,0
32,0,45,84,107,131,142,156,195,199,198,203,182,149,104,85,36,36,54,81,30,19,5,0
56,6,37,56,103,119,130,153,166,192,201,185,156,142,120,121,100,61,67,81,11,0,5,5
87,4,45,62,101,110,132,141,145,179,175,162,157,135,126,111,104,105,137,100,13,9,0,0
9,11,73,104,105,114,125,144,158,164,159,158,174,153,136,126,102,95,106,53,11,0,3,2
8,21,72,102,112,128,125,132,139,140,166,170,168,159,139,123,104,90,114,95,13,0,5,7
4,50,63,108,117,120,123,113,110,146,148,146,148,145,142,125,101,100,91,44,17,9,10,12
8,57,71,108,119,119,120,114,114,135,153,163,137,141,135,118,105,82,47,20,11,12,13,10
6,51,78,107,123,128,124,111,115,114,136,141,147,159,134,112,101,50,34,13,16,12,10,1
0,47,67,106,120,107,106,102,115,119,135,137,129,111,94,71,47,28,15,13,12,20,12,2
2,21,58,78,105,95,94,69,85,72,101,110,107,121,106,70,45,28,14,14,13,9,4,1
0,11,73,83,88,123,86,70,83,77,114,99,89,97,117,62,37,13,27,26,23,9,6,0
3,12,52,63,104,119,73,65,61,62,83,81,93,104,86,56,13,13,14,11,5,0,0,5
2,8,35,63,103,96,65,72,53,54,65,85,103,93,74,54,13,10,11,9,4,10,8,2
0,9,33,65,116,86,61,58,52,53,55,80,137,107,60,28,18,10,10,10,13,9,13,6
0,0,12,50,58,54,62,13,39,49,50,63,83,82,57,41,9,3,11,11,11,14,9,5
0,0,9,27,49,40,50,9,11,13,37,51,54,59,51,24,5,6,2,12,12,12,9,0
6,1,2,11,12,12,12,0,5,9,14,27,51,52,48,44,7,0,11,14,13,7,9,0
0,0,0,6,11,14,0,0,6,11,12,27,42,55,58,44,10,10,13,12,13,11,12,5
0,0,0,7,12,6,0,0,5,13,19,18,54,58,59,46,10,7,14,13,10,11,11,10
0,0,12,13,13,7,2,1,8,9,8,12,51,61,61,27,18,0,10,13,11,9,9,10
0,5,10,24,14,13,11,6,2,3,13,9,31,51,42,20,8,0,9,8,11,12,9,11
1,0,13,50,14,11,1,0,0,12,13,10,14,20,14,0,8,0,0,6,12,15,11,0
0,0,13,19,13,9,8,10,11,12,11,5,7,14,0,6,4,0,0,13,12,6,10,9

2,0,0,0,0,0,0,0,0,3,0,0,0,0,0,0,0,2,0,0,0,0,2,0
10,0,2,1,0,0,1,10,8,6,0,0,1,0,0,0,0,0,0,3,7,0,3,0
9,5,7,0,6,9,13,12,13,50,43,50,10,10,5,8,7,0,0,0,4,0,11,1
10,14,15,10,8,16,65,85,82,101,104,57,4,8,13,13,31,23,13,0,0,3,2,0
0,0,0,10,12,57,104,101,108,102,118,77,66,0,1,7,4,7,7,24,0,0,7,0
7,0,0,20,14,53,69,103,124,130,90,112,57,23,25,9,4,11,11,7,10,0,0,8
8,11,11,13,10,50,74,100,118,114,122,88,66,50,16,8,12,17,12,8,6,5,10,0
10,6,4,14,12,54,82,95,84,84,74,68,28,52,53,10,0,27,19,5,11,1,2,0
0,0,0,0,0,16,53,13,59,1,50,51,19,17,0,4,11,54,13,9,0,11,11,0
10,7,13,23,16,55,65,64,61,46,55,76,77,83,76,65,33,13,0,8,5,0,0,4
0,0,31,52,59,85,100,121,93,85,129,145,154,139,109,100,78,66,11,7,0,0,1,1
5,32,56,71,106,122,126,150,161,156,188,179,167,196,171,116,104,82,59,25,0,6,0,0
23,57,81,107,121,133,137,170,178,177,197,204,197,194,176,121,93,73,62,17,14,13,0,0
51,62,93,111,117,135,146,170,166,167,190,198,198,180,166,125,101,102,103,61,11,0,1,1
51,53,62,101,87,94,125,155,133,94,149,165,179,149,133,104,60,39,71,12,3,0,0,0
13,9,47,66,83,100,65,106,92,70,77,98,115,97,22,9,5,8,31,30,14,12,11,9
14,10,10,72,111,114,111,117,98,96,96,86,104,67,58,52,17,53,16,14,6,0,9,6
11,10,35,49,76,104,86,112,101,109,162,147,132,95,88,59,40,27,27,25,12,15,10,10
8,4,48,76,102,110,121,127,131,144,164,169,154,110,81,100,52,21,34,68,47,5,1,1
20,4,40,100,85,113,103,148,157,157,172,187,179,141,125,114,97,41,97,106,64,11,0,0
15,4,42,52,75,90,138,153,146,160,187,195,177,142,129,108,55,52,59,100,65,14,5,0
33,0,43,84,107,130,142,155,194,198,197,202,180,148,104,85,36,37,53,86,35,20,5,0
59,6,37,56,102,119,129,152,165,191,200,184,155,142,120,121,100,61,68,80,12,1,4,5
82,5,46,63,101,110,132,141,144,178,175,161,156,135,126,111,104,105,130,75,13,9,0,0
8,12,73,104,105,114,125,144,158,163,159,157,174,153,136,126,102,88,103,47,10,0,3,2
8,24,72,102,112,128,125,132,138,140,166,170,167,159,140,123,104,84,113,84,13,0,5,6
4,50,64,108,117,120,124,113,110,146,148,146,148,145,141,125,101,100,90,43,18,9,10,12
8,57,71,108,119,119,120,114,114,135,153,163,137,141,135,118,105,82,47,20,11,12,13,11
6,51,79,107,123,128,124,111,115,114,136,141,147,159,134,112,101,50,34,13,16,12,10,2
0,50,67,106,120,107,106,102,115,119,135,137,129,111,94,71,47,28,15,13,12,20,13,2
2,22,58,78,105,95,95,69,85,72,101,110,107,121,106,70,45,28,14,14,13,9,4,1
0,11,73,83,88,123,86,70,83,77,114,99,89,97,117,62,39,13,27,26,23,9,6,0
3,12,52,63,104,119,73,65,61,62,84,81,93,104,86,56,13,14,14,12,5,0,0,5
2,9,35,64,103,96,65,72,53,53,65,86,103,93,74,54,13,10,11,9,4,10,8,2
0,10,33,66,118,87,61,58,52,53,55,80,138,107,61,28,18,10,10,10,13,9,13,6
0,1,12,50,58,54,62,13,40,50,50,63,83,82,57,41,10,3,11,11,11,14,9,5
0,0,10,28,50,41,50,9,11,13,38,51,54,59,51,24,5,6,2,13,13,12,9,0
6,2,2,11,12,12,13,0,6,9,14,28,51,52,48,45,7,0,11,14,13,7,9,0
0,0,0,6,11,14,0,0,6,11,12,27,42,55,58,45,10,10,13,12,13,11,12,5
0,0,0,7,13,6,0,0,5,13,20,18,54,58,59,47,10,7,14,13,10,11,11,10
0,0,12,13,13,7,3,2,8,9,8,12,51,61,61,27,18,0,10,13,11,9,9,10
0,5,10,24,14,13,11,6,2,3,13,9,33,51,44,20,8,0,9,8,11,12,9,11
1,0,13,50,14,11,1,0,0,12,13,10,14,21,15,0,8,0,0,6,12,15,11,0
0,0,13,18,13,9,8,10,12,12,11,5,7,14,0,6,4,0,0,13,12,6,10,9

2,0,0,0,0,0,0,0,0,3,0,0,0,0,0,0,0,2,0,0,0,0,2,0
10,0,1,1,0,0,0,10,7,6,0,0,1,0,0,0,0,0,0,3,7,0,3,0
8,5,7,0,6,8,13,12,14,50,45,51,11,9,4,8,6,0,0,0,3,0,10,1
10,14,15,10,7,16,64,89,86,102,104,59,5,8,13,12,24,22,13,0,0,3,2,0
0,0,0,10,12,58,106,102,108,103,120,78,67,0,1,7,3,5,5,23,0,0,7,0
7,0,0,21,16,53,70,106,126,132,91,115,58,25,25,9,3,10,11,6,10,0,0,8
7,12,12,13,11,51,75,102,119,115,124,89,66,51,17,7,12,14,12,8,5,5,9,0
10,4,3,14,13,55,84,97,86,85,76,70,33,51,53,10,0,27,14,4,11,1,2,0
0,0,0,0,0,22,54,14,59,1,50,52,31,18,0,4,11,54,13,9,0,11,10,0
11,7,13,25,19,55,65,65,61,38,54,76,77,83,77,66,35,13,0,7,5,0,0,4
0,0,33,52,59,86,100,121,92,85,129,145,154,139,109,100,78,67,11,7,0,0,1,1
6,43,57,71,106,122,126,149,160,155,188,179,167,196,171,116,104,83,60,28,0,6,0,0
31,58,82,107,121,133,137,170,178,176,197,203,196,193,176,121,93,74,62,20,15,14,0,0
52,63,93,112,117,135,146,170,166,167,190,198,198,180,166,125,101,102,103,66,11,0,1,2
52,54,62,101,87,94,125,155,133,94,148,165,179,149,133,104,60,39,73,13,4,0,0,0
14,9,50,67,83,100,65,106,92,70,77,98,115,97,24,9,5,8,36,33,15,13,11,10
19,11,10,73,111,114,111,117,98,96,96,86,104,67,58,52,17,53,24,15,7,1,9,7
12,11,36,49,76,104,86,112,101,109,162,147,132,95,89,59,40,27,27,27,12,15,10,11
8,4,50,76,102,110,121,127,131,144,164,168,154,110,81,100,52,22,35,69,50,6,2,1
21,5,40,100,85,113,103,148,157,157,172,187,179,140,125,113,99,42,97,106,66,11,0,0
16,4,43,52,74,89,137,152,146,160,187,194,176,142,128,108,54,53,60,100,68,16,5,0
35,0,45,84,106,130,141,154,193,198,197,201,180,147,103,85,36,38,54,86,35,21,5,0
60,7,37,55,102,119,129,152,164,190,199,183,155,141,120,121,100,62,69,79,12,1,5,5
80,5,47,62,101,110,132,141,144,177,174,160,156,134,126,111,104,105,129,68,13,9,0,0
8,12,73,104,105,114,124,143,157,163,158,156,173,152,135,126,102,87,103,47,10,0,3,2
8,26,71,102,112,128,125,132,138,139,165,169,166,158,139,123,104,84,113,82,13,0,5,6
4,50,63,108,117,120,123,113,110,145,148,146,148,145,142,125,101,100,89,42,18,9,10,12
8,57,71,108,119,119,120,114,114,134,153,163,137,141,135,117,105,81,45,18,11,12,13,11
7,51,78,107,123,128,124,111,115,113,136,141,146,159,133,112,101,49,34,13,17,12,10,2
0,50,67,106,120,107,106,102,115,119,135,137,129,111,94,71,47,28,15,13,12,20,13,2
2,22,58,78,105,96,94,69,85,72,101,110,106,121,106,70,45,28,14,14,13,9,4,1
0,11,74,84,88,123,86,70,83,77,114,100,89,97,117,62,37,13,27,26,23,9,6,0
3,12,52,63,104,119,73,65,61,62,84,81,93,104,86,56,13,13,14,12,5,0,0,5
2,9,34,64,104,96,65,72,53,54,65,86,104,93,74,54,13,10,11,9,4,10,8,2
0,10,32,66,119,87,61,58,52,53,55,81,140,108,61,28,19,10,10,10,13,9,13,6
0,1,12,50,59,54,63,13,40,50,51,63,83,82,57,41,10,3,11,11,11,14,9,5
0,0,10,28,50,41,51,9,11,13,34,51,54,59,51,24,5,6,2,13,13,12,9,0
6,2,3,11,12,12,13,0,6,9,14,29,51,52,48,46,7,0,11,14,13,7,9,0
0,0,0,6,11,14,0,0,6,11,12,28,42,55,58,45,11,10,13,12,13,11,12,5
0,0,0,7,13,7,0,0,6,13,20,18,54,58,59,47,10,7,14,13,10,11,11,10
0,0,12,13,13,7,3,2,8,9,8,12,51,61,62,27,17,0,10,13,11,9,9,10
0,5,10,27,14,13,11,7,2,3,13,9,31,51,44,21,8,0,9,8,11,12,9,11
1,0,13,50,14,11,1,0,0,12,13,10,14,22,15,0,8,0,0,6,12,15,11,0
0,0,13,20,13,9,8,10,11,12,11,5,7,15,0,6,4,0,0,13,12,6,10,9

2,0,0,0,0,0,0,0,0,3,0,0,0,0,0,0,0,2,0,0,0,0,2,0
10,0,0,1,0,0,0,10,7,6,0,0,1,0,0,0,0,0,0,3,7,0,3,0
8,5,6,0,5,7,13,12,14,50,45,51,10,9,3,7,6,0,0,0,3,0,10,0
10,14,14,10,7,17,65,89,86,102,105,60,5,8,13,12,22,21,13,0,0,3,2,0
0,0,0,10,12,59,106,102,108,103,120,78,67,0,1,8,1,4,3,23,0,0,7,0
7,0,0,19,17,53,70,106,126,133,91,115,59,25,26,9,3,8,11,5,10,0,0,8
7,11,12,13,11,51,75,102,119,115,123,90,66,51,14,7,12,14,11,7,5,4,9,0
10,5,3,14,13,56,84,97,86,85,75,70,34,51,53,10,0,28,14,4,10,1,2,0
0,0,0,0,0,24,54,14,59,1,51,51,35,17,0,4,12,54,13,9,0,11,10,0
11,8,14,28,22,56,65,65,61,43,55,75,77,83,77,66,36,13,0,7,6,0,0,4
0,0,35,52,60,86,100,122,93,85,129,145,154,139,109,100,78,67,12,8,0,0,1,1
7,50,57,72,107,123,127,150,161,156,188,178,167,196,172,116,104,83,60,30,0,6,0,0
32,59,82,107,122,134,138,171,179,177,197,203,196,193,176,121,93,74,62,21,15,14,0,0
53,63,94,112,118,135,146,170,166,167,190,198,198,180,166,125,101,102,103,68,12,0,2,2
53,56,63,102,87,94,125,155,133,94,148,165,179,149,134,104,60,39,73,13,4,0,0,0
14,10,48,66,83,100,65,106,92,70,77,98,115,97,23,8,5,9,38,34,16,13,12,10
20,11,11,75,112,114,111,117,98,96,96,86,105,67,58,52,20,54,27,21,7,1,9,7
12,12,36,49,77,104,86,112,101,110,163,147,133,96,89,59,40,28,28,28,12,16,10,11
9,5,50,76,102,111,121,127,132,145,165,170,155,111,81,100,53,23,35,70,51,7,3,2
21,5,41,100,85,113,103,149,158,158,173,188,180,141,125,113,99,43,97,106,67,11,0,0
16,4,42,53,75,90,138,153,146,161,188,195,177,142,129,107,54,54,59,100,69,17,5,0
36,0,44,84,106,130,142,155,194,199,198,203,181,148,102,84,35,38,53,87,36,21,5,0
60,7,36,55,102,119,129,152,165,191,200,184,154,140,119,120,100,61,69,79,12,2,5,5
80,4,46,62,101,110,131,141,144,178,174,160,155,133,125,111,103,105,129,67,13,9,0,0
8,12,73,104,104,113,124,143,156,162,157,156,172,150,134,125,102,87,102,47,10,0,3,2
8,25,72,102,112,128,125,131,137,139,165,168,166,157,139,122,104,84,113,82,13,0,5,7
4,50,63,108,117,119,123,113,109,145,147,146,147,145,141,125,101,100,89,40,19,10,10,12
8,57,71,108,119,119,120,114,113,134,152,162,137,140,135,117,105,82,45,17,11,12,13,11
7,51,78,107,123,128,123,111,115,113,136,141,146,158,133,112,101,49,33,13,16,12,10,2
0,50,67,106,120,107,106,102,115,119,135,137,128,110,94,71,47,28,15,13,12,20,13,2
2,21,58,78,105,95,94,69,85,72,101,110,107,121,105,70,45,28,14,14,13,9,4,1
0,11,74,83,88,123,86,70,83,77,114,100,89,97,116,62,37,13,27,26,23,9,6,0
3,12,52,63,104,119,73,65,61,62,84,81,93,104,86,56,14,13,14,12,5,0,0,5
3,9,35,64,104,96,65,72,53,54,65,86,105,94,74,54,13,10,11,9,5,10,8,2
0,10,34,66,119,87,61,58,52,53,55,81,141,108,61,28,19,10,10,10,13,9,13,6
0,1,12,50,59,54,63,13,41,50,50,63,84,82,57,42,10,4,11,11,11,13,9,5
0,0,10,28,50,41,51,9,12,14,34,51,54,59,51,24,5,6,2,13,12,12,9,0
6,2,3,11,12,12,13,0,6,9,14,31,51,52,48,46,7,0,11,14,13,7,9,0
0,0,0,6,11,14,0,0,6,11,13,28,43,55,58,45,11,10,13,12,13,11,12,5
0,0,0,8,13,7,0,0,6,14,20,19,54,58,60,49,11,7,14,13,10,11,11,10
0,0,12,13,13,7,3,2,8,10,8,12,51,61,62,29,17,0,10,13,11,9,9,9
0,5,10,27,14,13,12,7,2,3,13,9,36,51,44,21,8,0,9,8,11,12,9,11
1,0,13,50,14,11,1,0,0,12,13,10,14,24,15,0,8,0,0,6,12,15,11,0
0,0,13,20,13,9,8,10,11,12,11,5,7,14,0,6,4,0,0,13,12,6,10,9

2,0,0,0,0,0,0,0,0,3,0,0,0,0,0,0,0,2,0,0,0,0,2,0
10,0,0,1,0,0,0,10,7,5,0,0,1,0,0,0,0,0,0,3,7,0,3,0
8,5,6,0,5,5,13,12,14,50,45,51,11,8,3,7,6,0,0,0,3,0,10,0
9,14,14,10,7,16,64,89,86,102,105,60,5,8,13,12,20,19,13,0,0,2,2,0
0,0,0,10,12,59,106,102,108,103,120,78,67,0,1,8,0,1,1,23,0,0,6,0
7,0,0,20,17,53,71,106,126,132,91,114,59,25,26,8,2,6,11,5,10,0,0,8
7,12,12,13,11,52,75,102,119,115,123,90,67,51,16,8,12,14,11,7,4,4,9,0
10,5,3,14,13,56,84,97,86,85,74,70,34,51,53,10,0,31,14,3,10,1,2,0
0,0,0,0,0,25,54,14,59,1,51,51,33,17,0,4,12,54,13,9,0,11,11,0
11,8,14,29,23,56,66,65,61,45,55,75,77,83,77,66,40,13,0,7,6,0,0,4
0,0,35,52,60,86,100,122,93,85,129,145,154,139,109,100,78,67,12,8,0,0,1,1
7,50,57,72,107,123,127,150,161,156,188,179,167,196,172,116,104,83,60,30,0,6,0,0
35,59,83,107,122,134,138,171,178,177,197,204,197,193,177,121,93,74,63,22,17,15,0,0
53,64,94,112,118,135,146,170,166,167,190,198,199,181,166,125,101,102,103,68,12,0,2,2
53,56,63,101,87,94,125,155,133,94,148,165,179,149,133,104,60,40,73,13,4,0,0,0
14,10,47,66,83,100,65,106,92,70,77,98,115,97,23,8,5,9,40,35,17,13,12,10
23,12,11,75,112,114,111,117,99,97,96,86,105,67,58,53,20,54,28,24,7,1,9,7
13,13,36,49,77,105,87,113,102,111,164,148,134,96,90,59,41,28,28,28,13,15,10,11
9,5,51,77,102,111,121,128,133,146,167,171,156,112,82,100,53,24,36,72,51,7,3,2
21,6,42,100,86,114,104,150,160,160,175,189,181,141,125,113,97,45,97,106,67,12,0,0
17,4,41,53,75,91,139,155,147,163,190,197,178,142,128,107,54,55,59,100,70,18,6,0
35,0,43,84,107,131,143,157,196,201,200,205,182,148,101,82,34,38,53,87,36,21,5,0
60,7,37,55,102,119,130,154,167,193,202,185,154,140,118,119,100,61,69,79,12,2,5,5
79,3,42,60,101,110,131,141,144,178,174,159,154,132,124,111,103,105,129,65,13,9,0,0
8,12,73,104,104,113,124,142,156,162,157,155,170,148,133,125,101,87,102,46,10,0,3,2
9,24,71,101,112,128,124,131,137,138,163,167,164,156,138,122,104,84,113,82,13,0,5,7
4,50,62,107,117,119,123,113,109,144,147,145,147,144,141,125,101,100,89,40,17,10,10,12
8,57,70,107,119,118,120,114,113,134,152,162,137,140,134,117,105,80,44,17,11,12,13,11
7,51,78,107,123,128,123,111,115,113,136,140,146,158,133,111,101,50,33,13,17,12,10,2
0,48,67,106,120,106,105,102,114,119,135,137,128,110,94,71,47,27,14,13,12,20,13,3
2,22,58,78,105,95,94,69,85,72,101,110,107,120,106,70,45,28,14,14,13,9,4,1
0,11,74,83,88,123,86,70,83,77,114,100,89,97,116,62,37,13,27,26,23,9,6,0
3,12,52,63,104,119,73,65,61,62,84,81,93,104,86,56,13,13,14,12,5,0,0,5
2,9,35,64,104,97,65,72,53,54,65,86,105,94,74,54,13,10,11,9,5,10,8,2
0,10,33,66,120,87,61,58,52,53,56,81,142,109,61,28,19,10,10,10,13,9,13,6
0,1,12,50,59,54,63,13,41,50,50,64,84,82,57,41,10,4,12,11,11,13,9,5
0,0,10,30,50,42,51,9,12,14,35,51,54,59,51,24,5,7,2,13,12,12,9,0
6,2,3,11,12,12,13,0,7,10,14,31,51,52,48,47,7,0,11,14,13,7,9,0
0,0,0,6,11,14,0,0,7,12,13,28,43,55,58,46,11,10,13,12,13,11,12,5
0,0,0,8,13,7,0,0,7,14,21,20,54,58,60,50,11,7,14,13,10,11,11,10
0,0,12,13,13,7,3,2,9,10,8,12,52,61,62,30,18,0,10,13,11,9,9,10
0,5,10,25,14,13,12,7,2,4,13,10,36,52,45,21,9,0,9,8,11,12,9,11
1,0,13,50,14,11,1,0,0,12,13,10,14,25,15,0,8,0,0,6,12,15,11,0
0,0,13,21,13,9,8,10,12,12,12,5,8,15,0,6,4,0,0,13,12,6,10,9

2,0,0,0,0,0,0,0,0,3,0,0,0,0,0,0,0,2,0,0,0,0,2,0
10,0,0,0,0,0,0,10,7,5,0,0,1,0,0,0,0,0,0,3,7,0,3,0
8,5,6,0,4,4,13,12,14,50,47,50,10,8,2,6,6,1,0,0,3,0,10,0
9,14,14,10,7,17,64,90,86,102,105,60,5,8,13,12,20,14,13,0,0,2,2,0
0,0,0,10,12,59,106,102,108,103,120,78,67,0,0,8,0,0,0,23,0,0,6,0
7,0,0,20,17,53,70,106,126,133,91,114,59,25,26,8,0,4,10,5,10,0,0,8
7,12,12,13,11,52,75,102,119,115,123,90,67,51,15,8,13,14,11,7,4,4,9,0
10,5,4,14,13,56,84,97,86,85,74,70,36,51,53,10,0,32,14,3,10,1,2,0
0,0,0,0,0,26,54,14,60,2,51,52,39,18,0,4,12,54,13,9,0,12,11,0
11,8,14,28,25,57,65,65,61,46,55,75,77,83,77,67,41,13,0,7,6,0,0,4
0,0,36,52,60,87,101,122,93,85,129,145,154,140,109,100,79,67,12,8,0,0,1,2
7,50,57,72,107,123,128,150,161,156,188,179,167,197,173,116,105,83,60,31,0,6,0,0
36,59,82,107,122,134,138,171,178,177,197,204,196,194,177,121,94,74,63,23,17,15,0,0
53,63,94,112,118,135,146,170,166,167,190,198,198,181,166,125,101,102,103,70,12,1,2,3
53,56,63,101,87,94,125,155,133,94,148,165,179,149,133,104,60,39,74,13,4,0,0,0
14,10,48,66,83,100,65,106,92,70,77,98,115,97,21,8,5,9,41,35,17,14,12,10
23,12,11,75,112,114,111,117,99,97,96,86,105,67,58,52,20,54,31,26,7,1,9,7
13,13,36,49,77,105,87,113,102,111,164,148,134,96,89,59,41,28,28,28,13,15,10,11
9,6,52,77,102,111,122,128,133,146,167,171,156,111,82,100,53,25,36,73,51,7,3,2
21,6,41,100,86,114,104,150,160,161,175,189,182,142,125,113,97,43,97,106,68,12,0,0
18,4,42,53,75,91,139,155,148,163,190,197,179,142,128,107,55,54,60,100,71,19,6,0
34,0,43,83,107,131,143,157,196,201,200,205,182,148,101,82,34,38,53,87,36,21,5,0
60,7,37,55,102,119,130,154,167,193,202,185,154,140,118,119,100,61,69,79,13,3,5,5
78,3,43,60,101,110,131,141,144,178,174,159,154,132,124,110,103,105,129,65,13,9,0,0
8,12,73,104,104,113,124,142,156,161,156,155,170,148,133,125,102,85,102,46,10,0,3,2
9,24,72,101,112,128,124,130,137,138,163,167,164,155,138,122,104,84,113,80,13,0,5,7
4,50,63,108,117,119,123,113,109,144,147,145,147,144,140,125,101,100,89,40,18,10,10,12
8,56,70,107,119,118,120,114,113,134,152,161,136,140,134,117,105,80,44,17,11,12,13,11
7,51,78,107,123,128,123,111,115,113,136,140,146,158,133,111,101,48,33,13,16,12,10,2
0,48,67,105,120,106,105,102,115,119,135,137,128,110,94,71,47,27,14,13,12,20,13,2
2,22,58,78,105,95,95,69,85,72,101,110,106,121,106,70,45,28,14,14,13,9,4,1
0,11,73,83,88,123,86,70,83,77,114,99,89,97,116,62,39,13,27,26,23,9,6,0
3,12,52,63,104,119,73,65,61,62,84,81,93,104,86,56,13,13,14,12,5,0,0,5
3,9,34,64,104,96,65,72,53,54,65,86,105,94,74,54,13,10,11,9,5,10,8,2
0,10,34,66,120,87,61,58,52,53,56,81,142,109,61,29,19,10,10,10,13,9,13,6
0,1,12,50,59,54,63,13,41,50,51,63,84,83,57,41,10,4,12,11,11,13,9,5
0,0,10,30,50,41,51,9,12,14,35,51,54,59,51,25,5,7,3,13,12,12,9,0
6,2,3,11,12,12,13,0,7,10,14,31,51,52,49,46,7,0,11,14,13,7,9,0
0,0,0,6,11,14,0,0,7,12,13,28,43,55,58,47,11,10,13,12,13,11,12,5
0,0,0,8,13,7,0,0,7,14,21,20,54,58,60,49,11,7,14,13,10,11,11,10
0,0,12,13,13,7,3,2,9,10,8,12,52,61,62,29,18,0,10,13,11,9,9,10
0,5,10,27,14,13,12,7,3,4,13,10,36,52,46,21,9,0,9,8,11,12,9,11
2,0,13,50,14,12,1,0,0,12,13,10,16,25,15,0,8,0,0,6,12,15,11,0
0,0,13,20,13,9,8,10,12,12,12,5,8,15,0,7,4,0,0,13,12,6,10,9

2,0,0,0,0,0,0,0,0,3,0,0,0,0,0,0,0,2,0,0,0,0,2,0
10,0,0,0,0,0,0,10,6,5,0,0,1,0,0,0,0,0,0,2,7,0,3,0
8,5,6,0,4,3,13,12,13,50,45,51,10,8,2,6,6,1,0,0,2,0,10,0
9,14,14,10,7,15,64,87,85,102,105,61,5,8,13,12,18,14,13,0,0,2,2,0
0,0,0,10,12,59,105,102,108,103,121,78,67,0,0,8,0,0,0,23,0,0,6,0
7,0,0,21,16,53,72,109,126,132,91,114,59,26,26,7,0,3,10,5,9,0,0,8
7,12,12,13,11,51,76,108,122,115,122,89,67,52,15,8,13,14,11,7,4,3,9,0
10,5,4,14,13,56,84,98,86,84,74,70,35,51,53,10,0,32,14,3,10,0,2,0
0,0,0,0,0,31,54,14,60,1,51,52,43,19,0,4,12,54,13,9,0,12,11,0
11,8,14,28,25,57,66,65,61,47,56,75,77,83,77,67,43,14,0,7,6,0,0,4
0,0,35,52,60,87,101,122,94,85,130,146,155,140,109,100,79,67,12,9,0,0,1,2
7,50,57,72,107,123,128,150,161,156,189,179,167,197,173,116,105,83,60,32,0,7,0,0
37,59,82,107,122,134,138,171,179,177,198,204,197,194,177,121,93,74,63,24,17,16,0,0
53,64,93,112,118,136,146,170,166,167,190,198,199,181,167,125,101,102,103,70,12,2,2,3
54,57,64,102,87,94,125,155,133,94,149,166,180,149,133,104,61,39,74,14,4,0,0,0
14,10,50,66,84,100,65,106,93,70,77,98,115,97,24,8,5,9,42,36,18,14,12,11
25,12,11,76,112,114,111,117,99,96,96,86,105,67,58,52,20,54,33,28,7,2,9,7
13,13,36,49,77,105,87,113,102,111,164,148,133,96,89,59,41,28,28,28,13,15,11,11
9,6,52,78,102,111,121,128,133,145,166,171,156,112,81,100,53,25,36,73,52,8,3,2
23,6,40,100,86,114,104,150,159,160,175,188,180,141,125,113,99,45,97,106,68,12,0,0
18,4,43,53,75,90,139,155,147,162,189,196,178,142,128,107,55,55,60,100,71,19,6,0
36,0,43,84,106,131,143,156,196,200,199,204,181,147,101,82,34,39,53,87,36,21,5,0
60,7,37,55,102,119,130,154,166,192,201,185,154,139,118,119,100,61,69,79,13,3,5,5
79,4,43,60,101,110,131,141,144,178,174,159,153,132,124,110,103,105,129,65,13,9,1,0
8,12,73,104,104,113,124,143,156,162,157,155,170,148,133,125,101,85,102,46,10,0,3,2
9,24,71,102,112,128,124,131,137,138,164,167,164,155,138,122,104,84,113,82,14,0,5,7
4,50,63,108,117,119,123,113,109,144,147,145,147,144,141,125,101,100,89,43,19,10,10,12
8,57,71,108,119,118,120,114,113,134,152,162,136,140,134,117,105,81,45,18,11,12,13,11
7,51,78,107,123,128,123,111,115,113,136,140,146,158,133,111,101,49,33,13,16,12,10,2
0,47,67,105,120,106,105,102,115,119,135,137,128,110,93,71,46,27,14,13,12,20,13,3
2,23,58,78,105,95,94,69,85,72,101,110,106,121,105,70,45,28,14,14,13,9,4,1
0,11,73,83,88,123,86,70,83,77,114,100,89,97,117,62,39,13,27,26,23,9,6,0
3,12,52,63,104,120,73,65,61,62,84,81,94,104,86,56,13,13,14,12,5,0,0,5
3,9,34,64,104,97,65,72,53,54,65,86,105,94,74,54,13,10,11,9,5,10,8,2
0,10,34,66,119,87,61,58,52,53,56,81,142,109,61,28,20,10,11,10,13,9,13,7
0,1,12,50,59,54,63,13,41,50,50,63,84,83,57,42,10,4,12,11,11,14,9,5
0,0,10,30,50,42,51,9,12,14,36,51,54,59,51,24,5,7,3,13,13,12,9,0
6,2,3,11,12,12,13,0,7,10,14,31,51,52,48,46,7,0,11,14,13,7,9,0
0,0,0,6,11,14,0,0,7,12,13,28,42,55,58,46,11,10,13,13,13,11,12,5
0,0,0,8,13,7,0,0,7,14,21,19,54,58,59,50,11,7,14,13,10,11,11,10
0,0,12,13,13,7,4,3,9,10,9,12,51,61,63,29,18,0,10,13,11,9,9,10
0,5,10,28,14,13,12,7,3,4,13,10,34,52,46,21,9,0,9,8,11,12,9,11
1,0,13,50,14,12,2,0,1,12,13,10,16,25,15,0,8,0,0,6,12,15,11,0
0,0,13,20,13,9,8,10,12,12,11,5,8,15,0,6,4,0,0,13,12,6,10,9

2,0,0,0,0,0,0,0,0,3,0,0,0,0,0,0,0,2,0,0,0,0,2,0
10,0,0,1,0,0,0,10,6,5,0,0,1,0,0,0,0,0,0,2,7,0,3,0
8,5,6,0,3,0,13,12,14,50,47,51,10,8,2,6,6,1,0,0,2,0,10,0
9,14,14,9,7,14,63,89,86,102,105,62,5,8,13,12,19,14,13,0,0,1,2,0
0,0,0,10,13,59,106,102,108,103,121,79,68,0,0,8,0,0,0,23,0,0,6,0
7,0,0,19,17,53,71,107,126,132,91,115,60,26,26,7,0,3,10,5,9,0,0,8
7,12,12,13,11,51,76,106,121,115,123,90,67,52,14,8,13,14,11,7,4,3,9,0
10,5,4,14,13,56,84,98,86,85,74,71,38,51,53,10,0,32,14,3,10,1,2,0
0,0,0,0,0,29,53,14,60,2,51,52,47,21,0,4,12,54,13,9,0,12,11,0
11,8,14,28,25,57,65,65,61,48,56,75,78,83,77,67,45,14,0,8,6,0,0,4
0,0,35,52,60,87,101,122,94,85,130,146,156,140,109,101,79,67,12,9,0,0,1,2
7,50,57,72,107,123,128,151,161,157,189,180,168,197,173,116,105,83,61,32,0,7,0,0
36,59,83,107,123,135,139,172,179,178,198,205,197,194,177,121,93,74,63,24,18,16,0,0
54,64,94,112,118,136,147,171,166,168,191,198,199,182,167,125,101,102,103,71,12,2,2,3
54,57,63,102,88,95,126,155,133,94,149,166,180,150,134,104,61,40,74,14,4,0,0,0
14,10,50,67,84,100,65,106,93,70,77,98,115,98,24,8,6,9,42,36,18,14,12,11
25,12,11,75,112,114,111,117,98,97,96,86,105,67,58,52,20,54,34,30,7,2,9,7
13,13,36,49,77,105,87,112,102,110,163,147,133,95,89,59,41,28,28,29,13,15,11,11
10,6,52,77,102,111,121,128,132,145,166,170,155,111,81,100,53,25,36,74,52,8,4,2
23,6,41,100,86,114,104,149,158,158,173,187,180,141,125,113,99,44,97,107,68,12,0,0
18,4,43,52,75,90,138,154,147,161,188,195,177,142,128,107,55,55,60,100,73,19,6,0
37,0,44,83,106,130,142,156,195,199,198,202,180,147,100,82,34,39,54,88,37,22,5,0
61,7,37,55,102,119,129,153,165,191,200,184,153,140,118,119,100,62,69,79,13,3,5,6
79,4,45,62,101,110,131,141,144,178,173,158,153,132,124,111,103,105,129,67,13,9,1,0
8,13,73,104,104,113,124,143,156,162,156,155,170,149,133,125,102,85,102,47,10,0,3,2
9,25,72,102,112,128,125,131,137,138,164,167,164,156,138,122,104,84,113,83,14,0,5,7
5,50,63,108,117,119,123,113,109,144,147,145,147,144,141,125,101,100,89,42,18,10,10,12
9,57,71,108,119,119,120,114,113,134,152,162,136,140,134,117,105,82,45,20,11,12,13,11
7,51,78,107,123,128,123,111,115,113,136,140,146,158,133,112,101,49,34,13,16,12,10,2
0,50,67,106,120,107,106,102,115,119,135,137,128,110,94,71,47,28,15,13,12,20,13,3
3,22,58,78,105,96,94,69,85,72,100,110,106,120,106,70,45,28,14,14,13,9,4,1
0,11,73,84,88,123,86,70,83,77,114,99,89,97,117,62,39,13,27,26,23,9,6,0
3,12,52,63,104,120,73,65,61,62,84,81,93,104,86,56,14,13,14,12,5,0,0,5
3,9,35,64,104,97,65,72,53,54,65,86,105,94,74,54,13,10,11,9,5,10,8,2
0,10,33,66,119,87,61,58,52,53,56,81,142,109,61,28,19,10,11,10,13,9,13,6
0,1,12,50,59,54,63,13,42,50,50,63,84,82,57,41,10,4,12,11,11,14,9,5
0,0,10,29,50,41,51,9,12,14,36,51,54,59,51,24,5,7,3,13,13,12,9,0
6,2,3,11,12,12,13,0,7,10,14,32,51,52,48,47,7,0,11,14,13,7,9,0
0,0,0,6,11,14,0,0,8,12,13,28,43,55,58,46,11,10,13,13,13,11,12,5
0,0,0,8,13,7,0,0,7,14,21,20,54,58,60,50,11,7,14,13,10,11,11,10
0,0,12,13,13,7,4,3,9,10,9,12,51,61,63,30,18,0,10,13,11,9,9,9
0,5,10,28,14,13,12,7,3,4,13,10,36,52,45,21,9,0,9,8,11,12,9,11
1,0,13,50,14,11,2,0,1,12,13,10,15,25,15,0,8,0,0,6,12,15,11,0
0,0,13,21,13,9,8,10,12,12,11,5,8,15,0,6,4,0,0,13,12,6,10,9

2,0,0,0,0,0,0,0,0,3,0,0,0,0,0,0,0,2,0,0,0,0,2,0
10,0,0,0,0,0,0,10,6,5,0,0,1,0,0,0,0,0,0,2,7,0,3,0
8,5,6,0,3,0,13,12,14,50,48,51,11,7,1,5,6,0,0,0,2,0,10,0
9,14,14,9,7,15,64,90,87,102,105,62,5,8,13,11,18,13,13,0,0,1,2,0
0,0,0,10,13,60,106,102,108,103,121,79,68,0,0,8,0,0,0,22,0,0,6,0
7,0,0,20,17,53,71,107,126,133,91,116,60,26,26,6,0,2,10,5,9,0,0,8
7,12,12,13,11,51,76,105,121,115,123,90,67,52,14,8,13,14,11,6,3,3,9,0
10,5,4,15,13,56,84,98,86,85,75,71,37,51,53,10,0,33,14,2,10,0,2,0
0,0,0,0,0,29,53,14,60,2,51,52,50,21,0,5,12,54,13,9,0,12,11,0
11,8,14,30,26,57,65,65,62,49,56,76,78,84,78,68,49,14,0,8,6,0,0,4
0,0,36,53,60,87,101,122,94,85,130,146,156,140,109,101,79,68,12,9,0,0,1,2
7,51,57,72,107,124,128,151,162,157,189,180,168,198,173,116,105,84,61,33,0,7,0,0
37,59,82,108,123,135,138,172,179,178,198,205,198,195,177,121,94,74,63,25,18,16,1,0
54,63,93,112,119,136,147,171,166,168,191,198,199,182,168,125,101,102,103,72,12,2,3,3
54,58,65,102,88,95,126,156,133,94,149,166,180,150,134,104,62,40,75,14,4,0,0,0
14,11,50,67,84,100,65,106,93,70,77,98,116,98,25,8,6,9,43,37,18,14,12,11
26,12,11,76,112,114,111,117,98,96,96,86,105,67,58,52,20,54,36,31,7,2,9,7
13,14,36,49,77,105,87,112,101,110,163,147,132,95,89,59,40,28,28,29,13,15,11,11
10,6,52,76,102,111,121,127,132,144,165,169,155,110,81,100,53,25,36,74,52,8,4,2
24,6,41,100,85,113,103,149,157,158,172,187,179,140,125,113,99,45,98,107,68,12,0,0
19,4,42,53,75,90,138,153,146,160,187,194,176,142,128,107,56,55,60,100,72,19,6,0
36,0,44,83,106,130,142,155,194,198,197,201,179,146,101,83,35,39,54,88,37,22,5,0
61,7,37,55,102,119,129,152,165,190,199,183,152,139,118,119,100,62,69,80,13,3,5,6
79,4,46,61,101,110,131,141,144,177,173,158,153,132,124,111,103,105,129,67,13,9,1,0
8,13,73,104,104,113,124,143,156,162,157,155,171,149,133,125,102,86,102,47,10,0,3,2
9,26,72,102,112,128,125,131,137,139,164,167,165,156,138,122,104,84,113,84,14,0,5,7
5,50,63,108,117,120,123,113,109,145,147,145,147,144,141,125,101,100,89,42,19,10,10,12
9,57,71,108,119,119,120,114,113,134,152,162,137,140,134,117,105,82,47,18,11,12,13,11
7,51,79,107,123,128,124,111,115,113,136,140,146,158,133,112,101,49,34,13,16,12,10,2
0,50,67,106,120,107,106,102,115,119,135,137,128,110,94,71,47,28,15,13,12,20,13,3
3,22,58,78,105,95,94,69,85,72,101,110,106,121,105,70,45,28,14,14,13,9,4,1
0,11,73,83,88,123,86,70,83,77,114,99,89,97,117,62,39,13,27,26,23,9,6,0
3,12,52,63,104,120,73,65,61,62,84,81,93,104,86,56,14,14,14,12,5,0,0,5
3,9,34,64,104,97,65,72,53,54,65,86,105,94,74,54,13,10,11,9,5,10,8,2
0,10,33,66,119,87,61,58,52,53,55,81,142,109,61,28,19,10,11,10,13,9,13,6
0,1,12,50,59,54,63,14,42,50,51,63,84,82,57,42,10,4,12,11,11,14,9,5
0,0,10,29,50,41,51,9,12,14,35,51,54,59,51,24,5,7,3,13,13,12,9,0
6,2,3,11,12,12,13,0,8,10,14,31,51,52,48,47,7,0,11,14,13,7,9,0
0,0,0,6,11,14,0,0,8,12,13,28,42,55,58,45,11,10,13,12,13,11,12,5
0,0,0,8,13,7,0,0,7,14,21,21,54,58,59,49,11,7,14,13,10,11,11,10
0,0,12,13,13,7,4,3,10,10,9,12,52,61,62,30,18,0,10,13,12,9,9,9
0,5,10,27,14,13,12,7,3,4,13,10,37,52,46,21,9,0,9,8,11,12,9,11
2,0,13,50,14,12,2,0,1,12,13,10,14,25,15,0,8,0,0,6,12,15,11,0
0,0,13,21,13,10,8,10,12,12,12,5,8,15,0,7,4,0,0,13,12,6,10,9

2,0,0,0,0,0,0,0,0,3,0,0,0,0,0,0,0,2,0,0,0,0,2,0
9,0,0,0,0,0,0,10,6,5,0,0,1,0,0,0,0,0,0,2,6,0,3,0
8,5,6,0,3,0,13,12,14,50,45,51,11,7,1,5,5,0,0,0,2,0,10,0
9,14,14,9,7,15,64,90,88,102,105,62,6,8,12,11,16,13,13,0,0,1,2,0
0,0,0,10,13,60,106,102,108,103,121,79,68,0,0,7,0,0,0,22,0,0,6,0
7,0,0,21,17,54,71,107,126,133,92,115,60,26,26,6,0,2,10,4,9,0,0,7
7,12,12,13,11,51,76,105,121,116,124,90,67,52,14,8,13,14,10,6,3,3,9,0
10,5,4,14,13,56,84,98,87,86,76,71,39,51,53,10,0,34,14,2,10,0,2,0
0,0,0,0,0,31,54,14,60,2,51,52,50,22,0,5,13,54,13,9,0,12,11,0
11,8,14,29,27,57,66,65,62,49,56,76,78,84,78,68,50,14,0,8,6,0,0,4
0,0,36,53,60,87,101,123,94,85,131,147,156,141,110,101,79,68,13,9,0,0,2,2
8,51,57,73,108,124,129,151,162,157,189,180,169,198,174,116,105,84,61,34,0,7,0,0
39,59,82,108,123,135,139,172,179,178,198,205,198,195,177,121,94,74,63,25,18,17,1,0
54,64,94,112,119,136,147,171,167,168,191,199,200,182,167,125,101,102,103,72,12,3,3,3
54,58,65,102,88,95,126,156,133,95,149,166,181,150,134,105,61,41,75,14,4,0,0,0
14,11,50,68,84,100,65,106,93,69,77,98,115,98,28,9,6,9,44,37,19,14,12,11
27,12,11,75,112,114,111,117,98,96,96,86,104,67,58,52,19,54,37,32,7,2,9,7
13,14,36,49,76,105,86,112,101,109,163,147,132,95,89,59,40,28,29,29,13,15,11,11
10,6,52,76,102,111,121,127,131,144,164,168,154,110,81,100,53,25,37,74,52,8,4,2
24,6,42,100,85,113,103,148,156,156,171,186,178,140,125,113,99,45,98,107,68,12,0,0
19,4,42,53,74,89,138,152,146,159,186,193,175,141,128,107,57,55,61,100,73,19,6,0
38,0,43,83,106,130,141,154,193,197,196,200,178,146,101,83,35,39,54,89,37,22,5,0
61,7,37,56,102,118,129,151,164,189,198,182,152,139,118,119,100,62,69,80,13,3,5,6
80,4,48,61,101,110,131,141,144,177,173,158,153,132,124,111,103,105,130,70,13,9,1,0
9,13,74,104,105,113,124,143,156,162,157,155,171,149,134,125,102,87,102,47,11,0,3,2
9,27,72,102,112,128,125,131,138,139,164,168,165,156,138,122,104,85,113,84,14,1,5,7
5,50,63,108,117,120,123,113,109,145,147,146,147,145,141,125,101,100,89,42,19,10,10,12
9,57,71,108,119,119,120,114,113,134,152,162,136,140,135,117,105,82,47,18,11,12,13,11
8,51,79,107,123,128,124,111,115,113,136,140,146,158,133,112,101,50,34,13,16,12,10,2
0,50,67,106,120,107,106,102,115,119,135,137,128,110,94,71,47,28,15,13,12,20,13,3
3,22,58,78,105,95,94,69,85,72,100,110,106,121,105,70,45,29,14,14,13,9,4,1
0,11,74,84,88,123,86,70,83,77,114,100,89,97,117,62,39,13,27,26,23,9,6,0
4,12,52,63,104,120,73,65,61,62,84,81,93,104,86,56,14,14,14,12,5,0,0,5
3,9,35,64,104,97,65,72,53,54,65,86,105,94,74,54,13,10,11,9,5,10,8,2
0,10,34,66,119,87,61,58,52,53,56,81,142,108,61,29,19,10,11,11,13,9,13,6
0,1,12,50,59,54,63,14,41,50,50,63,83,82,57,41,10,4,12,11,11,14,9,5
0,0,10,29,50,42,51,9,12,14,36,51,54,59,51,25,5,7,3,13,13,12,9,0
6,2,3,11,12,12,13,0,8,10,14,33,51,52,48,48,7,0,11,14,13,7,9,0
0,0,0,6,11,14,0,0,8,12,13,28,43,55,58,47,11,10,13,13,13,11,12,5
0,0,0,8,13,7,0,0,7,14,21,20,54,58,60,48,11,8,14,13,10,11,11,10
0,0,12,13,13,7,4,3,10,10,9,12,52,61,62,30,18,0,10,13,11,9,9,10
0,5,10,27,14,13,12,7,3,4,13,10,36,52,45,21,9,0,9,8,11,12,9,11
2,0,13,50,14,12,2,0,1,12,13,10,16,25,15,0,8,0,0,6,12,15,11,0
0,0,13,20,13,10,8,10,12,12,12,5,8,16,0,7,4,0,0,13,12,6,10,9

2,0,0,0,0,0,0,0,0,2,0,0,0,0,0,0,0,2,0,0,0,0,2,0
9,0,0,0,0,0,0,10,6,5,0,0,1,0,0,0,0,0,0,2,6,0,3,0
8,5,6,0,3,1,13,12,14,50,48,51,10,7,1,4,5,0,0,0,2,0,10,0
9,14,14,9,7,16,64,92,88,103,105,63,6,8,12,11,17,12,13,0,0,1,1,0
0,0,0,10,13,60,106,102,108,103,121,79,68,0,0,7,0,0,0,22,0,0,6,0
7,0,0,20,18,54,71,107,126,134,92,116,61,26,26,6,0,1,9,4,9,0,0,7
7,12,12,13,11,51,76,105,121,116,124,90,67,52,14,8,13,14,10,6,3,3,9,0
10,5,4,15,13,56,84,98,87,86,76,72,40,51,53,10,0,36,14,2,10,0,2,0
0,0,0,0,0,31,54,14,60,2,51,52,51,22,0,5,13,54,13,9,0,12,11,0
11,8,14,30,28,57,66,65,62,48,56,76,78,84,78,68,50,14,0,8,6,0,0,4
0,0,37,53,60,87,102,123,95,85,131,147,157,141,110,101,80,68,13,9,0,0,2,2
8,51,57,72,108,124,129,151,162,157,190,180,169,199,174,117,105,84,61,34,0,7,0,0
39,59,83,108,123,135,139,172,179,178,199,206,198,195,178,122,94,74,63,25,19,17,1,0
54,64,94,112,119,136,147,171,167,168,191,199,200,182,168,125,101,102,103,72,12,3,3,3
54,58,65,102,88,95,126,156,134,95,149,167,181,150,134,105,61,41,75,14,4,0,0,0
14,11,50,67,85,100,65,106,93,69,77,98,116,97,28,9,6,9,44,37,19,14,12,11
27,12,11,75,112,114,111,117,98,96,96,86,104,66,58,52,18,54,38,32,7,2,9,7
13,14,36,49,77,104,86,112,101,109,162,147,132,94,89,59,40,28,29,29,13,15,11,11
10,6,52,76,102,111,121,127,131,144,164,168,153,110,81,100,53,25,37,75,52,8,4,3
25,6,41,100,85,113,103,148,156,156,171,185,178,140,124,113,99,45,98,107,68,12,0,0
20,4,42,52,74,89,137,152,145,159,186,193,175,141,128,107,56,55,61,100,73,19,6,0
38,0,44,83,106,130,141,154,193,197,196,200,178,146,101,83,35,40,54,89,37,22,6,0
61,7,37,56,102,118,129,151,163,189,197,182,152,140,118,119,100,62,69,80,13,3,6,6
79,4,50,61,101,110,131,140,143,176,172,158,153,133,124,111,104,105,130,70,13,9,1,0
9,13,74,104,105,113,124,143,156,162,157,155,171,149,134,125,102,87,102,47,10,0,3,2
9,27,72,102,112,128,125,131,138,139,164,168,165,156,138,122,104,85,113,84,14,1,5,7
5,50,63,108,117,120,123,113,109,145,147,146,147,144,141,125,101,100,89,43,20,10,10,12
9,58,71,108,119,119,120,114,114,134,152,162,137,140,135,117,105,85,47,18,12,12,13,11
8,51,78,107,123,128,124,111,115,113,136,140,146,158,133,111,101,50,34,13,17,12,10,2
0,50,67,106,120,107,106,102,115,119,135,137,128,110,94,71,47,29,16,13,12,20,13,3
3,23,58,78,105,96,95,69,85,72,101,110,106,121,105,70,45,29,14,14,13,9,4,1
0,11,73,84,88,123,86,70,83,77,114,99,89,97,117,62,40,13,27,26,23,9,6,0
4,12,52,63,105,120,73,65,62,62,84,81,94,104,86,56,14,14,14,12,5,0,0,5
3,9,35,64,104,97,65,72,53,54,65,86,105,94,74,54,13,10,11,9,5,10,8,2
0,10,33,66,119,87,61,58,52,53,56,81,142,108,61,28,20,10,11,11,13,9,13,6
0,1,12,50,59,54,63,13,42,50,50,63,84,82,57,42,10,4,12,11,11,14,9,5
0,0,10,30,50,42,51,9,12,14,36,51,54,59,51,24,5,7,3,13,13,12,9,0
6,2,3,11,12,12,13,0,8,10,14,32,51,52,48,46,7,0,11,15,13,7,9,0
0,0,0,6,11,14,0,0,8,12,13,28,43,55,58,46,11,10,13,13,13,11,12,5
0,0,0,8,13,7,0,0,7,14,21,20,54,58,60,48,11,8,14,13,10,11,11,10
0,0,12,13,13,7,4,3,10,10,9,12,51,62,62,29,18,0,10,13,12,9,9,10
0,5,10,27,14,13,12,7,4,4,13,10,34,51,46,21,9,0,9,8,11,12,9,11
2,0,13,50,14,11,2,0,1,12,13,10,16,24,15,0,8,0,0,6,12,15,11,0
0,0,13,20,13,10,8,10,12,12,12,5,8,15,0,7,4,0,0,13,12,6,10,9

2,0,0,0,0,0,0,0,0,2,0,0,0,0,0,0,0,2,0,0,0,0,2,0
9,0,0,0,0,0,0,10,6,5,0,0,1,0,0,0,0,0,0,2,6,0,3,0
8,5,5,0,4,1,13,12,14,50,48,51,10,7,1,4,5,0,0,0,2,0,10,0
9,14,14,9,7,16,64,91,88,103,105,64,6,8,12,11,15,12,13,0,0,0,1,0
0,0,0,10,13,60,106,102,108,103,121,79,68,0,0,7,0,0,0,22,0,0,6,0
7,0,0,20,18,54,71,107,127,134,92,116,61,26,26,6,0,1,9,4,9,0,0,7
7,12,12,13,11,51,76,105,121,116,124,91,67,52,14,8,13,13,10,6,2,2,9,0
10,5,4,15,13,56,84,98,87,86,76,72,40,51,53,10,0,34,14,2,9,0,2,0
0,0,0,0,0,32,54,14,60,2,52,52,51,24,1,5,13,54,13,9,0,12,11,0
11,8,14,31,28,57,66,65,61,49,56,76,78,84,78,68,51,14,0,8,6,0,0,4
0,0,38,53,60,87,102,123,95,85,131,147,158,141,110,101,80,68,13,9,0,0,2,2
8,51,57,73,108,125,129,151,162,157,190,181,169,199,174,117,105,84,61,34,0,7,0,0
40,59,82,108,123,135,139,172,179,178,199,206,198,195,178,122,94,74,63,26,19,17,1,0
54,63,94,112,119,136,147,171,167,168,191,199,200,183,168,125,101,102,103,73,12,3,3,3
54,58,65,102,88,95,126,156,134,95,149,167,181,150,134,105,62,41,75,14,4,0,0,0
14,11,50,68,85,100,65,106,93,69,77,98,116,97,29,9,6,9,45,38,19,14,12,11
28,12,11,75,112,114,111,117,98,96,96,86,104,66,58,52,18,54,40,33,7,2,9,7
13,14,36,49,76,104,86,112,101,109,162,146,131,95,89,59,40,28,28,29,13,16,11,11
10,6,51,76,102,111,121,127,131,144,164,168,153,110,81,100,53,25,37,74,52,8,4,3
24,6,42,100,85,113,103,148,156,156,171,185,178,140,124,113,99,44,98,107,68,12,0,0
20,4,42,52,74,89,137,152,145,158,186,193,175,141,128,107,57,56,61,100,73,20,6,0
38,0,44,84,106,130,141,153,193,197,196,199,177,146,101,83,35,40,54,89,37,22,5,0
61,7,38,56,102,118,129,151,163,189,197,181,152,139,118,120,100,62,70,80,13,4,6,6
80,4,50,62,101,110,131,140,143,176,172,157,153,133,125,111,104,105,130,70,13,9,1,0
9,13,74,104,105,114,124,143,156,162,157,155,171,150,134,126,102,87,103,48,11,0,3,2
9,27,72,102,112,128,125,132,138,139,164,168,165,156,138,122,104,86,113,85,14,1,5,7
5,50,64,108,117,120,123,113,109,145,147,146,147,144,141,125,101,100,90,43,20,10,10,12
9,57,71,108,119,119,120,114,114,134,152,162,137,140,134,117,105,83,47,18,12,12,13,11
8,51,79,107,123,128,124,111,115,113,136,140,146,158,133,111,101,50,34,13,17,12,10,2
0,50,67,106,120,107,106,102,115,119,135,137,128,110,94,71,47,29,16,13,12,20,13,3
3,23,58,78,105,96,95,69,85,72,100,110,106,120,106,70,45,29,14,14,13,9,4,1
0,11,74,84,88,123,86,70,83,78,114,99,89,97,116,62,39,13,28,26,23,9,6,0
4,12,52,63,105,120,73,65,61,62,84,81,93,104,86,56,14,14,14,12,5,0,0,5
3,9,35,64,104,97,65,72,53,54,65,86,105,94,74,54,13,10,11,9,5,10,8,2
0,11,33,66,119,87,61,59,52,53,56,81,142,108,61,28,19,10,11,11,13,9,13,7
0,1,12,50,59,54,63,14,41,50,50,63,84,82,57,41,10,4,12,11,11,14,9,5
0,0,10,30,50,41,51,9,12,14,36,51,54,59,51,24,5,7,3,13,13,12,9,0
6,2,3,11,12,12,13,0,8,10,14,31,51,52,48,46,7,0,11,15,13,7,9,0
0,0,0,6,11,14,0,0,8,12,13,28,43,55,58,46,11,10,13,13,13,11,12,5
0,0,0,8,13,7,0,0,7,14,21,21,54,58,60,49,11,8,15,13,10,11,11,10
0,0,12,13,13,8,4,3,10,10,9,13,52,61,63,30,18,0,10,13,12,9,9,10
0,5,10,27,14,13,12,7,4,4,13,10,34,52,46,21,9,0,9,8,11,12,9,11
2,0,13,50,14,12,2,0,2,12,13,10,16,25,15,0,8,0,0,6,12,15,11,0
0,0,13,20,13,9,8,10,12,12,12,5,8,16,0,7,4,0,0,13,12,6,10,9

2,0,0,0,0,0,0,0,0,2,0,0,0,0,0,0,0,2,0,0,0,0,2,0
9,0,0,0,0,0,0,10,6,5,0,0,1,0,0,0,0,0,0,2,6,0,3,0
8,5,5,0,4,2,13,12,14,50,50,51,11,6,0,4,5,0,0,0,1,0,10,0
9,14,14,9,7,16,64,92,89,103,106,64,6,8,12,11,15,12,13,0,0,0,1,0
0,0,0,10,13,60,107,102,108,103,122,80,68,0,0,7,0,0,0,22,0,0,5,0
7,0,0,21,18,54,71,107,127,134,92,116,61,27,26,6,0,1,9,3,9,0,0,7
7,12,12,13,11,52,76,105,122,116,124,91,67,52,14,8,12,13,10,6,2,2,9,0
10,5,4,16,13,56,84,99,87,87,77,72,41,51,53,10,0,36,14,2,9,0,2,0
0,0,0,0,0,33,54,14,60,2,52,52,51,22,0,5,13,54,13,9,0,12,11,0
11,8,14,32,28,57,66,65,62,49,56,76,78,84,78,69,51,14,0,8,6,0,0,4
0,0,38,53,60,87,102,123,95,85,131,147,158,141,110,102,80,68,13,10,0,0,2,2
8,51,58,72,108,125,129,151,162,157,190,181,169,199,174,117,105,84,61,35,0,7,0,0
41,60,82,108,124,135,139,172,179,179,199,206,198,196,178,122,94,74,63,26,19,17,1,0
55,64,93,112,119,137,147,171,167,169,192,199,200,183,168,125,101,102,103,74,13,4,3,3
54,58,65,102,88,95,126,156,134,95,149,167,181,150,134,105,62,41,75,14,4,0,0,0
14,11,50,67,85,100,66,106,93,69,77,99,116,98,28,9,6,9,46,38,19,14,12,11
28,12,11,76,112,114,111,117,98,96,96,86,104,67,58,52,19,54,42,34,7,2,9,7
13,14,36,49,77,105,86,112,100,109,162,146,132,94,89,59,40,28,29,29,13,16,11,11
10,6,52,76,102,111,121,127,131,144,164,168,153,110,81,100,53,25,37,75,52,8,4,3
25,6,41,100,85,113,103,148,156,156,171,185,178,140,124,113,99,45,98,107,69,12,0,0
20,4,43,52,74,89,137,152,145,158,186,193,175,141,128,107,57,56,61,100,73,20,6,0
38,0,45,83,106,130,141,153,192,196,196,199,177,146,101,83,35,40,54,89,37,22,6,0
61,8,38,56,102,118,129,151,163,188,197,181,152,139,118,119,100,63,70,80,13,4,6,6
80,5,50,64,101,110,131,140,143,176,172,157,153,133,125,111,104,105,130,72,13,9,1,0
9,13,74,104,105,114,124,143,157,162,157,154,171,149,134,126,102,86,103,48,11,0,3,2
9,26,72,102,112,128,125,132,138,139,165,168,165,156,138,122,104,85,113,84,14,1,5,7
5,50,64,108,117,120,123,113,109,145,147,146,147,144,141,125,101,100,90,44,19,10,10,12
9,58,71,108,119,119,120,114,114,134,152,162,137,140,135,117,105,85,47,18,11,12,13,11
8,51,79,107,123,128,124,111,115,113,136,140,146,158,133,112,101,50,34,13,17,12,10,2
0,50,67,106,120,107,106,103,115,119,135,137,128,110,94,71,47,29,16,13,12,20,13,3
3,22,58,78,105,96,94,69,85,72,100,110,106,121,105,70,45,29,14,14,13,9,4,1
0,11,74,84,88,123,86,70,83,77,114,99,89,97,116,62,39,13,27,26,23,9,6,0
4,12,52,63,105,120,73,65,61,62,84,81,93,104,86,56,14,14,14,12,5,0,0,5
3,9,35,64,105,97,65,72,53,54,65,86,105,94,74,54,13,10,11,9,5,10,8,2
0,10,35,66,119,87,61,58,52,53,55,81,143,109,61,29,20,10,11,11,13,9,13,7
0,1,13,50,59,54,63,14,41,50,51,63,84,82,57,41,10,4,12,11,12,14,9,5
0,0,10,29,50,41,51,9,12,14,36,51,54,59,51,24,5,7,3,13,13,12,9,0
6,2,3,11,12,12,13,0,8,10,14,32,51,52,48,47,7,0,11,15,13,7,9,0
0,0,0,6,11,14,0,0,9,12,13,29,43,55,58,46,11,10,13,13,13,11,12,5
0,0,0,8,13,7,0,0,7,14,21,21,54,58,60,50,11,8,15,13,10,11,11,10
0,0,12,13,13,8,4,3,10,10,9,13,52,61,63,30,18,0,10,13,11,9,9,10
0,5,10,27,14,13,12,7,4,5,14,10,34,52,46,21,9,0,9,9,11,12,9,11
2,0,13,50,14,12,2,0,2,12,13,11,16,26,15,0,8,0,0,6,12,15,11,0
0,0,13,20,13,9,8,10,12,12,12,5,8,15,0,7,4,0,0,13,12,6,10,9

1,0,0,0,0,0,0,0,0,2,0,0,0,0,0,0,0,2,0,0,0,0,2,0
9,0,0,0,0,0,0,9,6,5,0,0,1,0,0,0,1,0,0,2,6,0,3,0
8,5,5,0,4,2,13,12,14,50,48,51,10,6,0,3,5,0,0,0,1,0,10,0
9,14,14,9,7,16,65,92,89,103,106,64,6,8,12,11,15,12,13,0,0,0,1,0
0,0,0,10,13,61,107,102,109,103,122,80,69,0,0,7,0,0,0,21,0,0,5,0
7,0,0,21,19,54,71,108,127,135,92,116,61,27,26,6,0,1,9,3,9,0,0,7
6,12,12,13,11,52,76,105,122,116,124,91,68,52,14,8,12,13,10,5,2,2,9,0
10,5,4,15,13,56,85,99,87,87,77,72,41,51,53,10,0,36,13,1,9,0,2,0
0,0,0,0,0,34,54,14,60,2,52,52,51,22,1,5,13,54,13,9,0,12,11,0
12,9,14,32,28,57,66,65,61,49,56,76,78,84,78,69,51,14,0,7,6,0,0,4
0,0,38,53,60,87,102,123,95,85,131,147,157,141,110,101,80,68,13,10,0,0,2,2
8,52,57,73,108,125,130,151,162,157,189,180,168,199,174,117,105,84,61,36,0,7,0,0
39,60,83,108,124,135,139,172,179,178,198,205,198,195,178,122,94,74,63,26,19,17,1,0
55,64,94,112,119,137,147,171,166,168,191,199,200,182,168,125,101,102,103,74,13,4,3,3
54,58,65,102,88,95,126,156,134,95,149,167,181,151,134,105,62,40,75,14,4,0,0,0
15,11,50,68,85,100,65,106,93,70,77,99,116,98,28,9,6,9,46,38,19,14,12,11
27,12,11,76,112,114,111,117,98,96,96,86,104,67,58,52,19,54,41,34,7,2,9,7
13,14,36,49,77,105,87,112,101,110,163,147,133,95,89,59,41,28,29,29,13,16,11,11
10,7,52,77,102,111,121,127,132,145,165,169,154,111,81,100,53,26,37,75,52,8,4,3
25,6,42,100,86,113,103,149,157,158,172,187,179,140,125,113,100,45,98,107,68,12,0,0
20,4,42,52,74,90,138,153,146,160,187,194,176,141,128,107,57,56,61,100,73,20,6,0
38,0,44,84,106,130,142,155,194,198,197,201,179,146,101,83,35,40,54,89,37,22,6,0
61,7,37,56,102,118,129,152,164,190,198,183,152,139,118,119,100,62,69,80,13,4,6,6
80,4,47,62,101,110,131,140,143,177,173,158,153,132,124,110,103,105,130,70,13,9,1,0
9,13,74,104,105,113,124,143,156,162,156,154,170,149,133,125,102,86,102,47,11,0,3,2
9,27,73,102,112,128,125,131,137,138,164,167,164,155,138,122,104,85,113,85,14,1,5,7
5,50,63,108,117,120,123,113,109,144,147,145,147,144,140,125,101,100,89,42,20,10,10,12
9,57,71,108,119,119,120,114,113,134,152,161,136,140,134,117,105,83,47,18,12,12,13,11
8,51,78,107,123,128,123,111,115,113,136,140,145,158,133,111,101,50,34,13,17,12,10,2
0,50,67,106,120,107,106,102,115,119,135,136,128,110,94,71,47,28,15,13,12,21,13,3
3,23,58,78,105,96,94,69,85,72,100,110,106,120,105,70,45,29,14,14,13,9,4,1
0,11,74,84,88,123,86,70,83,77,114,99,89,97,117,62,40,13,28,27,23,9,6,0
3,12,52,63,105,120,73,65,61,62,84,81,93,103,86,56,14,14,14,12,5,0,0,5
3,9,34,64,105,97,65,72,53,54,66,86,105,94,74,54,13,10,11,9,5,10,8,2
0,10,34,66,119,87,61,58,52,53,56,81,144,109,61,28,20,10,11,11,13,9,13,7
0,1,12,50,59,54,63,13,42,50,51,63,84,82,57,42,10,4,12,11,12,14,9,5
0,0,10,29,50,42,51,9,12,14,35,51,54,59,51,24,5,7,3,13,13,12,9,0
6,2,3,11,12,12,13,0,8,10,14,33,51,52,49,48,7,0,11,15,13,7,9,0
0,0,0,6,11,14,0,0,9,12,13,29,42,55,58,46,11,10,13,13,13,12,12,5
0,0,0,8,13,7,0,0,7,14,21,21,54,58,60,49,11,8,14,13,10,11,11,10
0,0,12,13,13,8,4,3,10,10,9,13,52,62,62,30,18,0,10,13,12,9,9,9
0,5,10,29,14,13,12,7,4,5,14,10,37,52,48,21,9,0,9,9,11,12,9,11
2,0,13,50,14,12,2,0,2,12,13,11,15,26,15,0,8,0,0,6,12,15,11,0
0,0,13,20,13,10,8,10,12,12,12,5,8,15,0,7,4,0,0,13,12,6,10,9

1,0,0,0,0,0,0,0,0,2,0,0,0,0,0,0,0,2,0,0,0,0,2,0
9,0,0,0,0,0,0,10,5,5,0,0,1,0,0,0,1,0,0,2,6,0,3,0
8,5,5,0,3,1,13,12,14,50,48,51,10,6,0,3,5,0,0,0,1,0,10,0
9,14,14,9,7,15,64,92,90,103,106,64,6,8,12,11,14,11,13,0,0,0,1,0
0,0,0,10,13,60,107,102,109,103,122,80,68,0,0,7,0,0,0,21,0,0,5,0
7,0,0,20,19,54,71,108,127,135,92,116,61,27,26,6,0,0,9,3,9,0,0,7
7,12,12,13,11,52,76,105,122,116,125,91,67,52,14,8,12,13,10,5,2,2,9,0
10,5,4,16,13,57,85,99,87,86,76,73,44,51,53,10,0,35,14,1,9,0,2,0
0,0,0,0,0,36,54,14,60,2,52,52,51,22,1,5,13,54,13,9,0,12,11,0
12,9,14,32,29,57,66,65,62,49,56,76,78,84,79,69,51,15,0,8,6,0,0,4
0,0,38,53,60,88,102,123,95,85,130,146,156,141,110,101,80,68,13,10,0,0,2,2
8,52,58,73,108,125,129,151,162,157,189,180,169,199,174,117,105,84,61,35,0,7,0,0
40,60,83,108,124,135,139,172,179,178,198,205,198,195,178,122,94,74,63,26,19,17,1,0
55,64,94,112,119,137,147,171,166,168,191,198,200,182,168,125,101,102,103,74,13,4,3,3
54,58,65,102,88,95,126,156,134,95,149,167,181,150,134,105,62,41,76,14,4,0,0,0
14,11,50,67,85,100,65,106,93,70,77,99,116,97,26,8,6,9,46,38,20,14,12,11
28,12,11,76,112,114,111,117,99,97,97,86,104,67,58,52,19,54,42,37,7,2,9,7
13,14,36,49,77,105,87,113,102,111,165,148,133,96,89,59,41,28,29,29,13,16,11,11
10,7,53,77,102,111,121,128,133,145,166,170,156,111,81,100,53,26,37,75,53,8,4,3
25,7,42,100,86,114,104,149,159,159,174,188,180,141,125,113,100,44,98,107,69,12,0,0
20,4,42,52,75,90,139,154,147,161,189,196,177,142,128,107,57,56,61,100,73,20,6,0
39,0,45,84,107,131,142,156,195,200,198,203,180,147,100,82,35,40,54,89,37,22,6,0
61,7,37,55,102,119,129,153,166,191,200,184,153,139,118,119,100,62,69,80,13,4,6,6
79,4,48,61,101,110,131,141,144,177,173,158,153,132,124,110,103,105,129,69,13,9,1,0
9,13,73,104,104,113,124,142,155,161,156,154,169,148,132,125,102,85,102,47,10,0,3,2
9,25,72,102,112,128,124,130,137,138,163,166,163,155,137,122,104,85,113,84,14,1,5,7
5,50,63,108,117,119,123,113,109,144,146,145,147,144,140,124,101,100,88,42,19,10,10,12
9,57,70,108,119,118,120,114,113,134,151,161,136,140,134,117,105,82,45,18,12,12,13,11
8,51,78,107,123,128,123,111,115,113,136,140,145,157,133,111,101,50,33,13,17,12,10,2
0,50,67,106,120,106,105,102,114,118,135,136,128,110,93,71,47,28,15,13,12,20,13,3
3,22,58,78,105,95,94,69,85,72,100,110,106,120,105,70,45,28,14,14,13,9,4,1
0,11,74,84,88,123,86,70,83,77,114,99,89,97,116,62,40,13,27,26,23,9,6,0
4,12,52,63,105,120,73,65,61,62,84,81,93,104,86,56,14,14,14,12,5,0,0,5
3,9,35,64,105,97,65,72,53,54,66,87,106,94,74,54,13,10,11,9,5,10,8,2
0,10,33,66,120,87,61,58,52,53,56,81,144,109,61,28,21,10,11,11,13,9,13,7
0,1,13,50,59,54,63,14,42,50,51,64,84,82,57,41,10,4,12,11,11,14,9,5
0,0,10,30,50,42,51,9,12,14,37,51,54,59,51,24,5,8,3,13,13,12,9,0
6,3,4,11,13,12,13,0,8,10,14,34,51,52,48,48,7,0,11,14,13,7,9,0
0,0,0,7,12,14,0,0,9,12,13,29,43,55,58,47,11,10,13,13,13,11,12,5
0,0,0,8,13,8,0,0,7,14,21,22,54,58,60,50,11,8,15,13,10,11,11,10
0,0,12,13,13,8,4,3,10,10,9,13,52,62,63,31,18,0,10,13,11,9,9,10
0,5,10,27,14,13,12,7,4,5,14,10,38,52,46,22,9,0,9,9,11,12,9,11
2,0,13,50,14,12,2,0,2,12,13,11,17,26,16,0,8,0,0,6,12,15,11,0
0,0,13,21,13,10,8,10,12,12,12,5,8,16,0,7,4,0,0,13,12,6,10,9

1,0,0,0,0,0,0,0,0,2,0,0,0,0,0,0,0,2,0,0,0,0,2,0
9,0,0,0,0,0,0,9,5,5,0,0,1,0,0,0,1,0,0,2,6,0,3,0
8,5,5,0,3,1,13,13,14,50,50,52,10,6,0,3,5,0,0,0,1,0,10,0
9,14,14,9,7,15,63,92,90,103,106,65,6,8,12,11,14,11,13,0,0,0,1,0
0,0,0,10,13,60,106,102,109,103,122,80,69,0,0,7,0,0,0,21,0,0,5,0
7,0,0,21,19,54,71,108,127,135,92,116,61,27,26,5,0,0,9,3,9,0,0,7
6,12,12,13,12,52,77,105,122,116,124,91,67,52,14,8,12,13,10,5,2,2,9,0
10,5,4,15,13,56,85,99,87,86,76,72,43,51,53,10,0,36,13,1,9,0,2,0
0,0,0,0,0,34,54,14,60,2,52,52,51,23,1,5,13,54,13,9,0,12,11,0
12,9,14,32,29,58,66,65,62,49,56,76,78,84,79,69,51,15,0,7,6,0,0,4
0,0,38,53,60,88,102,123,95,85,130,146,156,141,110,102,80,68,13,10,0,0,2,2
8,52,58,73,108,125,130,151,162,157,189,180,168,198,174,117,105,84,61,35,0,7,0,0
41,60,83,108,124,135,139,172,179,178,198,205,198,195,178,122,94,74,63,26,20,18,1,0
55,64,94,112,119,137,147,171,166,168,191,198,200,182,167,125,101,102,103,75,13,4,3,3
55,58,65,102,88,95,126,155,133,95,149,166,180,150,134,104,62,40,75,14,4,0,0,0
15,11,50,67,84,100,65,106,93,70,77,99,116,98,25,8,6,9,46,38,20,14,12,11
28,13,11,76,112,114,111,117,99,97,97,86,105,67,58,52,19,55,42,37,7,2,9,8
13,14,36,49,77,105,87,113,102,112,165,148,133,95,89,59,41,28,29,29,13,16,11,11
10,7,53,78,103,111,122,128,133,146,167,171,156,111,81,100,53,26,37,75,53,8,4,3
24,7,43,100,86,114,104,150,160,160,175,189,181,141,125,113,99,45,98,107,69,12,0,0
21,4,43,52,75,91,139,155,147,162,189,196,178,142,128,107,57,55,61,100,73,20,6,0
38,0,43,83,106,131,142,156,196,200,199,203,180,147,100,82,34,40,54,89,37,22,6,0
61,7,37,56,102,119,130,153,166,192,200,184,153,139,118,118,99,62,69,80,13,4,6,6
79,4,47,60,101,110,131,141,144,178,173,158,152,131,123,110,103,105,129,69,13,9,1,0
9,13,73,104,104,113,124,142,155,161,156,154,169,148,132,125,102,85,102,47,10,0,3,2
9,26,72,101,112,128,124,130,137,138,163,166,163,154,137,122,104,85,113,84,14,1,5,7
5,50,63,108,117,119,123,113,109,144,146,145,146,144,140,124,101,100,89,42,19,10,10,12
9,57,71,108,119,118,120,114,113,134,151,161,136,140,134,117,105,83,47,17,11,12,13,11
8,51,78,107,123,128,123,111,115,112,136,140,145,157,133,111,101,49,34,13,17,12,10,2
0,50,67,106,120,106,105,102,114,119,135,136,128,110,93,71,47,28,15,13,12,20,13,3
3,23,58,78,105,95,94,69,85,72,100,110,106,120,105,70,45,28,14,14,13,9,4,1
0,11,73,83,88,123,86,70,83,77,114,99,89,97,116,62,39,13,27,26,23,9,6,0
4,12,52,63,105,120,73,65,61,62,84,81,93,104,86,56,14,14,14,12,5,0,0,5
3,9,35,64,105,97,65,72,53,54,66,87,106,94,74,54,13,10,11,9,5,10,8,2
0,10,33,66,120,87,61,58,52,53,56,81,144,109,61,28,21,10,11,11,13,9,13,7
0,1,12,50,59,54,63,14,42,50,51,63,84,82,57,42,10,4,12,11,12,14,9,5
0,0,10,30,50,42,51,9,12,14,38,51,54,59,51,25,5,7,3,13,13,12,9,0
6,3,4,11,12,12,13,0,8,10,14,33,52,52,48,48,7,0,11,15,13,7,9,0
0,0,0,7,12,14,0,0,9,12,13,29,43,55,58,47,11,10,13,13,13,12,12,5
0,0,0,8,13,8,0,0,8,14,21,22,54,58,59,50,11,8,15,13,10,11,11,10
0,0,12,13,14,8,4,3,10,10,9,13,52,62,63,31,18,0,10,13,12,9,9,10
0,5,10,28,14,13,12,7,4,5,13,10,38,52,47,21,9,0,9,8,11,12,9,11
2,0,13,51,14,12,2,0,2,12,13,11,20,28,15,0,9,0,0,6,12,15,11,0
0,0,13,22,13,10,8,10,12,12,12,5,8,16,0,7,4,0,0,13,12,6,10,9

1,0,0,0,0,0,0,0,0,2,0,0,0,0,0,0,0,2,0,0,0,0,2,0
9,0,0,0,0,0,0,10,5,5,0,0,1,0,0,0,1,0,0,2,6,0,3,0
8,5,5,0,3,0,13,13,14,50,48,52,10,6,0,3,5,0,0,0,1,0,10,0
9,14,14,9,7,15,62,92,90,103,106,65,6,9,11,11,14,11,13,0,0,0,1,0
0,0,0,10,13,61,106,102,109,103,122,80,69,0,0,7,0,0,0,21,0,0,5,0
7,0,0,21,19,54,71,108,128,135,92,116,61,27,26,5,0,0,9,2,9,0,0,7
6,12,13,13,12,52,77,105,122,116,125,91,68,52,14,8,12,13,9,5,2,2,9,0
10,5,4,15,13,56,85,99,88,87,77,72,43,51,53,10,0,37,13,1,9,0,2,0
0,0,0,0,0,37,54,14,60,2,52,52,52,22,1,5,13,54,13,9,0,12,11,0
11,8,14,32,29,58,66,65,62,49,56,75,78,84,79,69,52,15,0,7,6,0,0,4
0,0,39,53,60,88,102,123,95,85,130,146,156,141,110,102,80,68,13,10,0,0,2,2
8,52,58,73,108,125,129,151,162,157,189,180,168,198,174,117,105,84,62,36,0,7,0,0
42,60,83,108,124,135,139,172,178,178,198,205,198,195,178,122,94,74,63,26,19,18,1,0
55,64,94,112,119,136,147,171,166,168,191,198,199,182,168,125,101,102,103,74,13,4,3,3
55,58,64,102,88,95,126,155,133,95,149,166,181,150,134,105,62,40,75,14,4,0,0,0
14,11,50,67,85,100,65,106,93,70,77,99,116,97,27,8,6,9,47,39,20,14,12,11
29,13,11,76,112,114,111,117,99,97,97,86,104,67,58,52,19,55,43,37,7,2,9,8
13,14,36,49,77,105,87,113,102,111,165,148,133,95,89,59,41,28,29,29,13,16,11,11
10,7,53,79,102,111,122,128,133,145,166,170,155,111,81,100,54,26,37,75,53,8,4,3
24,7,41,100,86,114,104,150,159,159,174,188,180,141,125,113,99,45,98,107,69,12,0,0
21,4,42,53,75,90,139,155,147,162,189,196,177,142,128,107,57,56,61,101,73,20,6,0
38,0,45,84,106,131,142,156,195,200,198,203,180,147,100,82,34,41,54,89,37,22,6,0
61,7,37,56,102,119,129,153,166,192,200,184,153,139,118,119,99,62,69,80,13,4,6,6
78,4,47,61,101,110,131,141,144,177,173,158,153,131,124,110,103,105,130,68,13,9,1,0
9,13,73,104,104,113,124,142,156,161,156,154,169,148,133,125,102,85,102,47,10,0,3,2
9,26,72,102,112,128,124,131,137,138,163,167,163,154,137,122,104,85,113,84,14,1,5,7
5,50,63,108,117,119,123,113,109,144,146,145,146,144,140,124,101,100,89,44,20,10,10,12
9,57,71,108,119,118,120,114,113,134,151,161,136,140,134,117,105,83,47,18,12,12,13,11
8,51,79,107,123,128,123,111,115,113,136,140,145,157,133,111,101,50,34,13,17,12,10,2
0,50,67,106,120,106,105,102,114,118,135,136,128,110,93,71,47,28,15,13,12,20,13,3
3,23,58,78,105,95,94,69,85,72,101,110,106,120,105,70,45,29,14,14,13,9,4,1
0,11,73,83,88,123,86,70,83,77,114,99,89,97,117,62,39,13,28,26,23,9,6,0
4,12,52,63,105,120,73,65,61,62,84,81,93,104,86,56,14,14,14,12,5,0,0,5
3,9,34,64,105,97,65,72,53,54,65,86,106,94,74,54,13,10,11,9,5,10,8,2
0,10,34,66,120,87,61,58,52,53,56,81,144,109,61,28,21,10,11,11,13,9,13,7
0,1,12,50,58,54,63,14,41,50,51,63,84,82,57,41,10,4,12,11,12,14,9,5
0,0,10,30,50,42,51,9,12,14,37,51,54,59,51,25,5,7,3,13,13,12,9,0
6,2,4,11,12,12,13,0,9,10,14,33,51,52,49,47,7,0,11,14,13,7,9,0
0,0,0,7,12,14,0,0,9,12,13,29,43,55,58,48,11,10,13,13,13,11,12,5
0,0,0,8,13,8,0,0,8,14,21,21,54,58,60,50,11,8,15,13,10,11,11,10
0,0,12,13,13,8,4,3,10,10,9,13,52,61,63,31,18,0,10,13,12,9,9,10
0,5,10,28,14,13,12,7,4,5,14,10,38,52,47,22,9,0,9,9,11,12,9,11
2,0,13,50,14,12,2,0,2,12,13,11,17,26,16,0,9,0,1,6,12,15,11,0
0,0,13,20,13,10,8,10,12,12,12,5,8,16,0,7,4,0,0,13,12,6,10,9

2,0,0,0,0,0,0,0,0,2,0,0,0,0,0,0,0,2,0,0,0,0,2,0
9,0,0,0,0,0,0,10,5,5,0,0,1,0,0,0,1,0,0,2,6,0,3,0
8,4,5,0,3,1,13,13,14,50,50,52,10,6,0,3,4,0,0,0,1,0,10,0
9,14,13,9,7,15,62,92,90,103,106,65,6,9,11,11,14,11,12,0,0,0,1,0
0,0,0,10,13,61,107,102,109,103,122,80,69,0,0,7,0,0,0,21,0,0,5,0
7,0,0,21,20,54,71,108,128,135,93,117,62,28,26,5,0,0,9,2,9,0,0,7
6,12,13,13,12,52,77,105,122,116,125,91,68,52,14,8,12,13,9,5,1,1,9,0
10,5,4,15,13,57,85,100,88,87,77,73,47,51,53,10,0,38,13,1,9,0,2,0
0,0,0,0,0,37,54,14,61,2,52,52,52,23,1,5,13,54,13,9,0,12,11,0
12,9,14,32,31,58,66,65,62,50,56,75,78,84,79,69,52,16,0,7,6,0,0,4
0,0,39,53,60,88,102,123,95,85,130,146,156,141,110,102,80,69,13,10,0,0,2,2
8,52,58,73,108,125,130,151,162,157,189,179,168,199,174,117,105,84,61,36,0,7,0,0
43,60,83,108,124,136,139,172,179,178,198,205,197,195,178,122,94,74,64,27,20,18,1,0
55,65,94,112,119,137,147,171,166,168,191,198,199,182,168,125,101,102,103,75,13,4,3,3
55,58,65,102,88,95,126,156,134,95,149,166,181,150,134,105,62,41,76,14,4,0,0,0
14,11,50,67,85,100,65,106,93,70,77,99,116,97,27,8,6,9,47,39,20,14,13,11
28,13,11,76,112,114,111,117,99,97,96,86,104,66,58,52,18,55,44,38,7,2,9,8
13,14,36,49,77,105,87,113,102,111,164,147,132,94,89,59,41,28,29,29,13,16,11,12
10,7,52,77,102,111,121,128,133,145,166,169,155,110,81,100,53,26,38,75,53,8,4,3
25,7,42,100,86,114,104,149,158,158,173,187,180,140,124,113,99,44,98,107,69,12,0,0
21,4,43,52,75,90,138,154,147,161,188,195,177,142,128,107,57,56,61,101,74,21,6,0
39,0,45,84,106,130,142,155,195,199,198,202,179,146,100,83,35,41,54,89,37,22,6,0
61,7,37,56,102,119,129,152,165,191,199,183,152,139,118,119,100,62,69,80,13,4,6,6
79,4,48,61,101,110,131,141,144,177,173,158,153,132,124,110,103,105,130,70,13,9,1,0
9,13,74,104,105,113,124,143,156,161,156,154,170,148,133,125,102,85,102,47,11,0,3,2
9,27,72,102,112,128,125,131,137,138,163,167,164,155,138,122,104,85,113,84,14,1,5,7
5,50,63,108,117,119,123,113,109,144,147,145,147,144,140,125,101,100,90,43,20,10,10,12
9,57,71,108,119,119,120,114,113,134,152,161,136,140,134,117,105,85,47,18,12,12,13,11
8,51,78,107,123,128,123,111,115,113,136,140,145,157,133,111,101,50,34,13,17,12,10,2
0,50,67,106,120,106,105,102,114,118,135,136,128,110,94,71,47,29,15,13,12,20,13,3
3,22,58,78,105,96,94,69,85,72,100,110,106,120,105,70,45,29,14,14,13,9,4,1
0,11,73,84,88,123,86,70,83,77,114,99,89,97,117,62,40,13,27,26,23,9,6,0
4,12,52,63,105,120,73,65,61,62,84,81,93,103,86,56,14,14,14,12,5,0,0,5
3,9,35,64,105,97,65,72,53,54,66,87,106,94,74,54,13,10,11,9,5,10,8,2
0,10,34,66,119,87,61,58,52,53,56,81,144,109,61,28,21,10,11,11,13,9,13,7
0,1,12,50,59,54,63,14,41,50,50,63,83,82,57,41,10,4,12,11,11,14,9,5
0,0,10,29,50,42,51,9,12,14,36,51,54,59,51,24,5,8,3,13,13,12,9,0
6,3,4,11,12,12,13,1,9,10,14,33,51,52,49,47,7,0,11,15,13,7,9,0
0,0,0,6,11,14,0,0,9,12,13,29,43,55,58,47,11,10,13,13,13,11,12,5
0,0,0,8,13,8,1,0,8,14,21,22,54,58,60,49,11,8,16,13,10,11,11,10
0,0,12,13,13,8,4,3,10,10,9,13,52,61,63,31,18,0,10,13,12,9,9,9
0,5,10,28,14,13,12,7,4,5,14,10,38,52,46,22,9,0,9,9,11,12,9,11
2,0,13,50,14,12,2,0,2,12,13,11,19,26,15,0,8,0,1,6,12,15,11,0
0,0,13,20,13,10,8,10,12,12,12,5,8,15,0,7,4,0,0,13,12,6,10,9

1,0,0,0,0,0,0,0,0,2,0,0,0,0,0,0,0,2,0,0,0,0,2,0
9,0,0,0,0,0,0,10,5,5,0,0,1,0,0,0,1,0,0,1,6,0,3,0
8,5,5,0,3,1,13,13,14,50,50,52,10,5,0,2,4,0,0,0,1,0,10,0
9,14,13,9,7,15,63,93,91,103,106,65,7,9,11,11,14,11,12,0,0,0,1,0
0,0,0,10,13,61,107,103,109,103,122,80,69,0,0,7,0,0,0,21,0,0,5,0
7,0,0,21,20,54,71,109,129,136,93,117,62,27,26,5,0,0,9,2,8,0,0,7
6,12,13,13,12,52,77,106,123,117,125,91,68,52,14,8,12,13,9,5,1,1,8,0
10,5,4,15,13,57,85,100,88,87,77,73,48,51,53,10,0,37,13,1,9,0,2,0
0,0,0,0,0,39,54,14,61,2,52,52,52,24,1,5,13,54,13,9,0,12,11,0
12,9,15,32,32,58,66,65,62,50,56,76,79,85,79,70,52,16,0,7,6,0,0,4
0,0,40,53,60,88,102,123,95,85,131,147,157,142,110,102,80,69,13,10,0,0,2,2
8,53,58,73,108,125,130,152,162,157,189,180,169,199,175,117,105,84,62,36,0,7,0,0
42,60,83,108,124,136,139,172,179,178,198,205,198,195,178,122,94,74,64,27,20,18,1,0
55,64,94,112,120,137,147,171,167,168,191,199,200,183,168,125,101,102,103,75,13,4,3,3
55,59,65,102,88,95,126,156,134,95,149,166,181,150,134,105,62,41,76,14,4,0,0,0
15,11,50,67,86,100,66,106,93,70,77,98,116,98,28,9,6,9,47,39,21,14,13,11
28,13,11,75,112,114,111,117,98,96,96,86,104,66,58,52,17,54,45,38,8,2,9,8
14,14,36,49,77,104,87,112,101,110,163,147,132,94,89,58,40,28,29,30,13,16,11,12
10,7,53,77,102,111,121,127,132,144,165,169,154,110,81,100,53,26,38,76,53,8,4,3
25,7,41,100,86,113,103,148,157,157,172,186,178,140,124,113,99,45,99,107,69,12,0,0
21,4,42,53,74,90,138,153,146,159,187,194,175,141,127,107,57,56,61,101,74,21,6,0
39,0,45,84,106,130,141,154,194,198,196,200,178,146,100,83,35,41,55,89,38,22,6,0
61,7,37,56,102,119,129,151,164,190,198,182,152,139,118,119,100,62,69,80,13,4,6,6
79,4,50,62,101,110,131,140,143,176,172,157,153,132,124,111,103,105,130,70,13,9,1,0
9,13,74,104,105,113,124,143,156,162,156,154,170,149,133,125,102,85,102,47,11,0,3,2
9,27,72,102,112,128,125,131,137,138,164,167,164,156,138,122,104,85,113,85,14,2,6,7
6,50,63,108,117,120,123,113,109,144,147,145,147,144,140,125,101,100,89,44,19,10,10,12
9,57,71,108,119,119,120,114,113,134,152,161,136,140,134,117,105,87,47,20,12,12,13,11
8,51,79,107,123,128,123,111,115,113,136,140,145,157,133,112,101,50,34,13,17,12,10,2
0,50,67,106,120,107,106,103,115,119,135,136,128,110,94,71,47,29,16,13,12,20,13,3
3,23,58,78,105,96,94,69,85,72,100,110,106,120,105,70,45,29,14,14,13,9,4,1
0,11,74,84,88,123,86,70,83,77,114,99,89,97,116,62,41,13,27,26,23,9,6,0
4,12,52,63,105,120,73,65,61,62,84,81,93,104,86,56,14,14,14,12,5,0,0,5
3,9,34,64,105,97,65,72,53,54,66,86,105,94,74,54,13,10,11,9,5,10,8,2
0,10,34,66,119,87,61,58,52,53,55,81,144,109,61,29,21,10,11,11,13,9,13,7
0,1,12,50,59,54,63,14,42,50,50,63,84,82,57,41,10,4,12,11,12,14,9,5
0,0,10,29,50,41,51,9,12,14,37,51,54,59,51,24,5,7,3,13,13,12,9,0
6,3,4,11,12,12,13,1,9,10,14,31,51,52,48,48,7,0,11,14,13,7,9,0
0,0,0,7,11,14,0,0,9,12,13,29,43,55,58,46,11,10,13,13,13,11,12,5
0,0,0,8,13,7,1,0,8,14,21,22,54,58,59,50,11,8,15,13,10,11,11,10
0,0,12,13,13,8,4,3,10,10,9,13,52,62,62,30,18,0,10,13,12,9,9,10
0,5,10,28,14,13,12,8,4,5,14,10,36,52,50,21,9,0,9,9,11,12,9,11
2,0,13,50,14,12,2,0,2,12,13,11,16,26,16,0,9,0,1,6,12,15,11,0
0,0,13,21,13,10,8,10,12,12,12,6,8,16,0,7,4,0,0,13,12,6,10,9

1,0,0,0,0,0,0,0,0,2,0,0,0,0,0,0,0,2,0,0,0,0,2,0
9,0,0,0,0,0,0,10,5,5,0,0,1,0,0,0,1,0,0,1,6,0,3,0
8,4,5,0,3,1,13,13,14,50,48,52,10,5,0,2,4,0,0,0,0,0,10,0
9,14,14,9,7,16,63,92,92,104,106,67,7,9,11,10,14,10,12,0,0,0,1,0
0,0,0,10,13,61,107,103,109,103,123,80,69,0,0,7,0,0,0,21,0,0,5,0
7,0,0,22,21,54,71,109,129,136,93,117,62,28,26,5,0,0,8,2,8,0,0,7
6,12,13,13,12,52,77,106,123,117,125,91,68,52,14,8,12,13,9,4,1,1,8,0
10,5,4,15,13,57,85,100,88,88,78,73,47,51,53,10,0,37,13,1,9,0,2,0
0,0,0,0,0,39,54,14,61,2,52,52,53,24,1,5,13,53,13,9,0,12,11,0
12,9,14,34,32,58,66,66,62,50,56,76,79,85,79,70,53,18,0,7,6,0,0,4
0,0,40,53,61,88,102,123,95,85,131,147,158,142,110,102,80,69,13,10,0,0,2,2
8,53,58,73,109,125,130,152,163,157,190,180,169,199,175,117,105,84,62,36,0,7,0,0
43,60,83,108,124,136,139,172,179,179,198,206,198,195,178,122,94,75,64,27,20,18,1,0
55,64,94,112,120,137,147,171,166,169,191,199,200,183,168,125,101,102,103,76,13,5,4,3
55,58,65,102,88,95,126,156,134,95,149,167,181,150,134,105,62,41,76,14,4,0,0,0
15,11,50,68,85,100,66,106,93,69,77,99,116,97,30,9,6,9,47,39,20,14,13,11
29,13,11,76,112,114,111,117,98,96,96,86,104,66,57,52,17,54,45,39,8,2,9,8
14,14,36,49,76,104,86,112,101,109,163,147,131,94,89,58,40,28,29,30,13,16,11,12
11,7,52,76,102,110,121,127,131,144,164,168,153,110,80,100,53,26,38,76,53,8,4,3
26,7,42,100,85,113,103,148,156,156,171,185,178,140,124,113,100,45,99,107,70,12,0,0
22,4,42,52,74,89,137,152,145,158,186,193,175,141,127,107,57,57,61,101,74,21,6,0
39,0,45,84,106,130,141,154,193,197,196,199,177,146,100,83,35,41,55,89,38,22,6,0
61,8,37,56,102,118,129,151,163,189,197,181,152,139,118,119,100,62,69,80,13,4,6,6
79,5,50,63,101,110,131,140,143,176,172,157,153,132,124,111,104,105,130,70,13,9,1,0
9,13,75,104,105,114,124,143,156,162,156,154,171,149,134,125,102,85,102,48,11,0,3,2
9,27,72,102,112,128,125,132,138,139,164,168,165,156,138,122,104,85,113,85,14,2,6,7
6,50,64,108,117,120,123,113,109,145,147,145,147,144,140,125,101,100,90,44,20,10,10,12
9,58,71,108,119,119,120,114,114,134,152,161,136,140,135,117,105,85,47,20,12,12,13,11
8,51,79,107,123,128,124,111,115,113,136,140,145,158,133,111,101,51,34,13,17,12,10,2
0,50,67,106,120,107,106,102,115,119,135,136,127,110,94,71,47,29,16,13,12,21,13,3
3,23,58,78,105,96,94,69,85,72,100,110,105,121,106,70,46,29,14,14,13,9,4,1
0,11,74,84,88,123,86,70,83,78,114,99,89,97,116,62,39,13,27,27,23,9,6,0
4,12,52,63,105,120,73,65,61,62,84,81,93,104,86,56,14,14,14,12,5,0,0,5
3,9,35,64,105,97,65,72,53,54,65,86,106,94,74,54,13,10,11,9,5,10,8,2
0,10,32,66,119,87,61,58,52,53,56,81,143,109,61,28,21,10,11,11,13,9,13,7
0,1,12,50,59,54,63,14,42,50,51,63,84,82,57,41,10,4,12,11,12,14,9,5
0,0,10,30,50,41,51,9,12,14,36,51,54,59,51,24,5,8,3,13,13,12,9,0
6,3,4,11,12,12,13,1,9,10,14,32,52,52,48,48,7,0,11,15,13,7,9,0
0,0,0,7,11,14,0,0,9,12,13,29,43,55,58,47,11,10,13,13,13,12,12,5
0,0,0,8,13,7,1,0,8,14,21,21,54,58,60,49,11,8,15,13,10,11,11,10
0,0,12,13,13,8,4,3,10,10,9,13,51,62,63,30,18,0,10,13,12,9,9,10
0,5,10,28,14,13,12,7,4,5,14,10,36,52,48,21,9,0,9,9,11,12,9,11
2,0,13,50,14,12,2,0,2,12,13,11,16,27,16,0,9,0,1,6,12,15,11,0
0,0,13,20,13,10,8,10,12,12,12,6,8,16,0,7,4,0,0,13,12,6,10,9

1,0,0,0,0,0,0,0,0,2,0,0,0,0,0,0,0,2,0,0,0,0,2,0
9,0,0,0,0,0,0,9,5,5,0,0,1,0,0,0,1,0,0,1,5,0,3,0
8,4,5,0,3,1,13,13,14,50,50,52,10,5,0,2,4,0,0,0,0,0,10,0
9,14,13,9,7,16,63,93,92,104,106,66,7,9,11,10,14,10,12,0,0,0,1,0
0,0,0,10,13,61,107,103,109,103,123,80,68,0,0,7,0,0,0,20,0,0,5,0
6,0,0,21,20,54,71,109,129,136,93,117,62,28,26,5,0,0,8,2,8,0,0,7
6,12,13,13,12,52,77,106,123,117,125,91,68,52,14,8,12,13,9,4,1,1,8,0
10,5,4,16,13,57,85,100,88,88,78,73,49,51,53,10,0,37,13,0,9,0,2,0
0,0,0,0,0,39,54,14,61,2,52,53,53,26,1,5,13,53,13,9,0,12,11,0
12,9,14,35,32,58,66,66,62,49,56,76,79,85,80,70,53,19,0,7,6,0,0,4
0,0,40,53,61,88,103,123,95,86,131,147,158,142,110,102,80,69,13,10,0,0,2,2
8,53,58,73,109,126,130,152,163,158,190,181,169,200,175,117,105,84,62,37,0,7,0,0
44,60,82,108,124,136,140,173,180,179,199,206,198,196,178,122,94,75,64,28,20,18,1,0
55,64,94,113,120,137,147,172,167,169,192,199,200,183,168,125,101,102,104,76,13,5,4,3
55,60,65,102,89,96,127,156,134,95,149,167,181,151,134,105,62,41,76,14,4,0,0,0
16,11,50,68,86,100,66,106,93,69,77,99,116,98,29,9,6,9,47,39,20,14,13,11
30,13,11,75,112,114,111,117,98,96,96,86,104,66,57,52,16,54,46,40,8,2,9,8
14,14,36,49,76,104,86,112,100,109,162,147,131,94,88,58,40,28,29,30,13,16,11,12
11,7,52,76,102,110,121,127,130,144,163,167,153,110,80,100,53,26,38,76,53,8,4,3
27,7,41,100,85,113,103,148,155,155,171,185,177,140,124,113,100,45,99,107,70,12,0,0
22,4,43,53,74,89,137,151,145,158,185,192,175,141,127,107,57,56,62,101,74,21,6,0
39,0,45,84,106,130,141,153,192,196,195,198,177,146,101,83,35,42,55,90,38,22,6,0
61,8,38,56,102,118,128,150,162,188,196,181,152,139,118,119,100,62,69,80,14,4,6,6
79,5,50,62,101,110,131,140,143,176,171,157,153,132,125,111,104,105,130,71,13,9,1,0
9,13,75,104,105,114,124,143,156,162,156,154,171,150,134,126,102,86,102,48,11,0,3,2
9,29,72,102,112,128,125,132,138,139,164,168,165,156,138,122,104,86,113,86,14,2,6,7
6,50,64,108,117,120,123,113,109,145,147,145,147,144,141,125,101,100,89,44,20,10,10,12
9,58,71,108,119,119,120,114,114,134,152,161,136,140,134,117,105,85,48,21,12,12,13,11
8,51,79,107,123,128,124,111,115,113,136,140,145,158,133,111,101,51,34,13,17,12,10,2
0,50,67,106,120,107,106,103,115,119,135,136,127,110,94,71,47,29,16,13,12,21,13,3
3,23,58,78,105,96,94,69,85,72,100,110,106,120,105,70,45,29,14,14,13,9,4,1
0,11,73,84,88,123,86,71,83,77,114,99,89,97,117,62,41,13,27,27,23,9,6,0
4,12,52,63,105,120,73,65,61,63,84,81,93,104,86,56,14,14,14,12,5,0,1,5
3,9,35,64,105,97,65,72,53,54,65,86,106,94,74,54,13,10,11,9,5,10,8,2
0,11,34,66,119,87,61,58,52,53,56,81,143,109,61,28,21,10,11,11,13,9,13,7
0,1,12,50,59,54,63,14,41,50,50,63,83,82,57,41,10,4,12,11,12,14,9,5
0,0,10,30,50,41,51,9,12,14,37,51,53,59,51,24,5,8,3,13,13,12,9,0
6,3,4,11,12,12,13,1,9,10,14,33,51,52,48,48,7,0,12,15,13,7,9,0
0,0,0,7,12,14,0,0,9,12,13,29,43,55,58,48,11,10,13,13,13,11,12,5
0,0,0,8,13,7,1,0,8,14,21,22,54,58,59,49,11,8,16,13,10,11,11,10
0,0,12,13,13,8,4,3,10,10,9,13,52,62,63,30,18,0,10,13,12,9,9,10
0,5,10,28,14,13,12,7,4,5,14,10,38,52,48,21,9,0,9,9,11,12,9,11
2,0,13,50,14,12,2,0,2,12,13,11,19,27,16,0,9,0,1,6,12,15,11,0
0,0,13,20,13,10,8,10,12,12,12,5,8,16,0,7,4,0,0,13,12,6,10,9

1,0,0,0,0,0,0,0,0,2,0,0,0,0,0,0,0,2,0,0,0,0,3,0
9,0,0,0,0,0,0,10,5,5,0,0,1,0,0,0,1,0,0,1,5,0,3,0
8,4,5,0,3,1,13,13,14,50,50,52,10,5,0,2,4,0,0,0,0,0,10,0
9,14,13,9,7,16,63,93,92,104,106,66,7,9,11,10,14,10,12,0,0,0,1,0
0,0,0,10,13,62,107,103,109,104,123,80,69,0,0,7,0,0,0,20,0,0,5,0
6,0,0,21,21,54,71,109,129,136,93,117,62,28,27,5,0,0,8,2,8,0,0,7
6,12,13,13,12,52,77,106,123,117,125,91,68,52,14,8,12,13,9,4,1,1,8,0
9,5,4,15,14,57,85,100,88,87,77,73,48,51,53,10,0,39,13,0,9,0,2,0
0,0,0,0,0,41,54,15,61,2,52,52,53,25,1,5,13,53,13,9,0,12,11,0
12,9,14,35,32,58,66,66,62,50,56,75,78,85,79,70,53,19,0,7,6,0,0,4
0,0,40,53,61,88,103,123,95,85,130,147,158,142,110,102,80,69,13,10,0,0,2,2
8,53,58,73,109,126,131,152,163,157,189,180,169,199,175,117,105,84,62,37,0,7,0,0
44,60,83,108,125,136,140,173,179,179,198,206,198,195,179,122,94,75,64,28,20,18,1,0
55,65,94,113,120,137,147,171,166,169,191,199,200,183,168,125,101,102,103,76,13,5,4,3
55,59,66,102,88,95,126,156,134,95,149,167,181,151,134,105,63,41,76,14,4,0,0,0
15,11,50,67,86,100,66,106,93,69,77,99,116,97,29,9,6,9,48,39,21,14,13,11
30,13,11,76,112,114,111,117,98,96,96,86,104,66,58,52,17,55,47,41,8,2,9,8
14,14,36,49,77,105,87,112,101,110,163,147,132,95,89,59,41,28,29,30,13,16,11,12
11,7,52,77,102,111,121,127,132,144,165,169,154,110,81,100,53,27,38,76,53,8,4,3
25,7,42,100,86,113,103,148,157,156,172,186,179,140,124,113,100,45,98,107,69,12,0,0
22,4,43,52,75,90,138,153,146,159,186,194,176,141,127,107,57,56,62,101,74,21,6,0
39,0,44,84,106,130,141,154,194,197,196,200,178,146,100,83,35,41,54,90,38,22,6,0
61,8,37,56,102,118,129,151,164,189,197,181,151,139,118,119,100,62,69,80,13,4,6,6
78,4,50,62,101,110,131,140,143,176,172,157,153,132,124,111,103,105,130,70,13,9,1,0
9,13,75,104,105,113,124,143,156,161,156,154,170,149,133,125,102,85,102,48,11,0,3,2
9,27,71,102,112,128,125,131,137,138,163,167,164,155,138,122,104,85,113,85,14,2,6,7
6,50,63,108,117,120,123,113,109,144,147,145,146,144,140,124,101,100,89,44,20,10,11,12
9,57,71,108,119,119,120,114,113,134,151,161,136,140,134,117,105,83,48,18,12,12,13,11
8,51,79,107,123,128,123,111,115,113,136,140,145,157,133,111,101,50,34,13,17,12,10,2
0,50,67,106,120,107,106,103,115,118,135,136,127,109,93,71,47,29,16,13,12,20,13,3
3,23,58,78,105,96,94,69,85,72,100,110,106,120,105,70,45,29,14,14,13,9,4,1
0,11,74,83,88,123,86,70,83,77,114,99,89,97,116,62,40,13,28,27,23,9,6,0
4,12,52,63,105,120,73,65,61,62,84,81,93,103,86,56,14,14,14,12,5,0,1,5
3,9,35,64,105,97,65,72,54,54,66,87,106,94,74,54,13,10,11,9,5,10,8,2
0,10,35,66,119,87,61,58,52,53,56,81,144,110,61,28,21,10,11,11,13,9,13,7
0,1,12,50,59,54,63,14,41,50,50,63,84,82,57,42,10,4,12,11,12,14,9,5
0,0,10,29,50,42,51,9,13,14,37,51,54,59,51,25,5,8,3,13,13,12,9,0
6,3,4,11,12,12,13,1,9,11,14,33,51,52,48,48,7,0,11,14,13,7,9,0
0,0,0,7,12,14,0,0,9,12,13,29,43,55,58,48,11,10,13,13,13,11,12,5
0,0,0,8,13,8,1,0,8,14,21,22,54,58,60,50,11,8,15,13,10,11,11,10
0,0,12,13,14,8,5,4,10,10,9,13,52,62,63,31,18,0,10,13,12,9,9,10
0,5,10,28,14,13,12,7,4,5,14,10,38,52,46,22,9,0,9,8,11,12,9,11
2,0,13,50,14,12,2,0,3,12,13,11,20,28,16,1,9,0,1,6,12,15,11,0
0,0,13,21,13,10,8,10,12,12,12,6,9,16,0,7,4,0,0,13,12,6,10,9

1,0,0,0,0,0,0,0,0,2,0,0,0,0,0,0,0,2,0,0,0,0,3,0
9,0,0,0,0,0,0,9,5,5,0,0,0,0,0,0,1,0,0,1,5,0,3,0
8,4,5,0,3,1,13,13,14,50,50,52,10,5,0,2,4,0,0,0,0,0,10,0
9,13,13,9,7,15,64,94,92,104,106,66,7,9,11,10,14,10,12,0,0,0,1,0
0,0,0,10,13,62,108,103,109,103,123,80,68,0,0,7,0,0,0,20,0,0,4,0
6,0,0,21,22,54,72,109,129,136,92,117,62,27,26,5,0,0,8,1,8,0,0,7
6,12,13,13,12,53,77,106,123,117,125,91,68,52,14,8,12,13,9,4,1,0,8,0
10,5,4,17,13,58,85,100,88,87,77,73,46,51,53,10,0,38,13,0,9,0,2,0
0,0,0,0,0,40,54,14,61,2,52,52,52,23,1,6,13,53,13,9,0,12,11,0
12,9,15,35,32,58,66,65,62,49,56,75,78,85,79,70,53,19,0,7,6,0,0,4
0,0,41,53,61,88,103,124,95,85,130,146,158,142,110,102,80,69,13,10,0,0,2,2
8,53,58,73,109,126,131,152,163,157,189,180,169,199,175,117,105,85,62,37,0,7,0,0
44,60,82,108,125,136,140,173,179,178,198,205,198,196,179,122,95,75,64,28,20,18,1,0
55,64,94,112,120,137,147,171,166,168,191,199,201,183,168,125,101,102,103,75,13,5,4,3
55,60,65,102,88,95,126,156,134,95,149,167,181,151,134,104,62,41,76,14,4,0,0,0
15,11,50,67,85,100,65,106,93,69,77,99,116,97,28,8,6,9,48,39,21,14,13,11
31,13,11,77,112,114,111,117,99,97,96,86,104,67,58,52,18,55,48,41,8,2,9,8
14,14,36,49,77,105,87,113,102,111,164,148,133,95,90,59,41,28,29,30,13,16,11,12
11,7,53,77,103,111,121,128,133,145,166,170,155,111,81,100,54,27,38,76,53,8,4,3
25,7,42,100,86,114,104,149,158,158,173,188,179,141,125,113,100,45,98,107,70,12,0,0
22,4,43,53,75,90,138,154,147,161,188,195,176,142,127,107,57,56,61,101,74,21,6,0
38,0,45,84,106,131,142,156,195,199,198,202,179,146,100,82,35,41,54,89,38,22,6,0
61,8,37,56,102,119,129,152,165,191,199,183,152,139,118,119,100,62,69,80,13,4,6,6
78,4,50,61,101,110,131,141,144,176,172,158,153,132,123,111,104,105,129,69,13,9,1,0
9,13,74,104,104,113,124,142,155,161,156,153,169,148,132,125,102,85,102,48,11,0,3,2
9,27,71,102,112,128,124,130,137,138,163,166,163,154,137,122,104,85,113,84,14,2,6,7
6,50,63,108,117,119,123,113,109,144,146,145,146,144,140,124,101,100,90,43,20,10,10,12
9,57,70,108,119,118,120,114,113,133,151,161,136,139,134,117,105,83,45,18,12,12,13,11
8,51,79,107,123,128,123,111,115,112,135,140,145,157,133,111,101,50,34,13,17,12,10,2
0,48,67,106,120,106,105,102,115,119,135,136,127,110,93,71,47,28,15,13,12,21,13,3
3,23,58,78,105,96,94,69,85,72,100,110,105,120,105,70,45,29,14,14,13,9,4,1
0,11,74,83,88,123,86,70,83,78,114,99,89,97,116,62,40,13,27,26,23,9,6,0
4,12,52,63,105,120,73,65,61,62,84,81,93,104,86,56,14,14,14,12,5,0,1,5
3,9,34,64,105,97,65,72,53,54,66,87,106,94,74,54,13,10,11,9,5,10,8,2
0,11,35,66,119,87,62,58,52,53,56,82,145,109,61,29,21,10,11,11,13,9,13,7
0,1,12,50,59,54,63,14,42,50,51,63,84,82,57,42,10,4,12,11,12,14,9,5
0,0,10,31,50,43,51,10,13,14,40,51,54,59,52,25,5,8,3,13,13,12,9,0
6,3,4,11,12,12,13,1,9,11,14,33,52,52,48,48,7,0,11,14,13,7,9,0
0,0,0,6,12,14,0,0,9,12,13,30,43,55,58,47,11,10,14,13,13,11,12,5
0,0,0,8,13,8,1,0,8,14,22,22,54,58,60,50,11,8,15,13,10,11,11,10
0,0,12,13,13,8,5,4,10,10,9,13,52,62,63,32,18,0,10,13,12,9,9,10
0,5,10,28,14,13,12,7,4,5,14,10,37,52,50,22,9,0,9,9,11,12,9,11
2,0,14,50,14,12,2,0,3,12,13,11,25,28,16,1,9,0,1,6,12,15,11,0
0,0,13,21,13,10,9,10,12,12,12,6,9,16,0,7,4,0,0,13,12,6,10,9

1,0,0,0,0,0,0,0,0,2,0,0,0,0,0,0,0,2,0,0,0,0,3,0
9,0,0,0,0,0,0,10,5,5,0,0,0,0,0,0,1,0,0,1,5,0,3,0
8,4,5,0,3,1,13,13,14,50,50,52,10,5,0,2,3,0,0,0,0,0,10,0
9,13,13,9,7,16,63,94,92,104,106,66,6,9,11,10,14,10,12,0,0,0,1,0
0,0,0,10,13,62,108,103,109,104,123,80,69,0,0,7,0,0,0,20,0,0,4,0
6,0,0,21,22,54,72,109,129,136,92,117,62,27,26,5,0,0,8,1,8,0,0,7
6,12,13,13,12,52,77,106,123,116,125,91,68,52,14,8,12,13,9,4,1,0,8,0
10,5,4,16,13,57,85,100,88,87,77,73,45,51,53,10,0,38,13,0,9,0,2,0
0,0,0,0,0,41,54,15,61,2,52,52,52,25,1,5,13,53,13,9,0,12,11,0
12,9,14,35,32,58,66,66,62,49,56,75,78,85,79,70,53,19,0,7,6,0,0,4
0,0,41,53,61,89,103,124,96,85,131,146,157,142,111,102,80,69,13,10,0,0,2,2
8,53,58,74,109,126,131,152,163,157,189,180,169,199,175,117,105,85,62,38,0,7,0,0
45,60,83,108,125,136,140,173,179,178,198,205,198,195,179,122,95,75,64,28,20,18,1,0
55,65,94,113,120,137,147,171,166,168,191,198,200,183,168,125,101,102,104,76,13,5,4,3
55,60,65,102,88,95,126,156,134,95,149,166,181,150,134,104,62,41,76,14,4,0,0,0
15,11,50,67,85,100,65,106,93,70,77,98,116,97,27,8,6,9,48,40,21,14,13,11
30,13,11,77,112,114,111,117,99,97,96,86,104,66,58,52,18,55,47,41,8,2,9,8
14,14,36,49,77,105,87,113,102,112,165,148,133,95,90,59,41,28,29,30,13,16,11,12
11,7,54,79,103,111,122,128,133,146,167,171,156,111,81,100,53,26,38,75,53,9,4,3
25,7,42,100,86,114,104,150,160,160,174,189,180,141,125,113,99,44,98,107,69,12,0,0
22,4,43,53,75,91,139,155,147,162,189,196,178,142,127,107,57,56,61,101,74,21,6,0
39,0,45,84,107,131,142,156,196,200,199,203,180,146,99,82,34,41,54,89,38,22,6,0
61,7,37,56,102,119,129,153,166,192,200,184,152,139,117,118,99,62,69,79,13,4,6,6
78,4,47,62,101,110,131,141,144,177,173,157,152,131,123,110,103,105,129,69,13,9,1,0
9,13,74,104,104,113,124,142,155,161,155,154,169,147,132,125,102,85,102,47,11,0,3,2
9,26,71,102,112,128,124,130,136,138,162,166,162,154,137,122,104,85,113,84,14,2,6,7
6,50,63,108,117,119,122,113,109,144,146,145,146,143,140,124,101,100,89,43,20,10,10,12
9,57,70,108,119,118,120,113,113,133,151,161,136,139,134,117,105,83,45,17,12,12,13,11
8,51,78,107,123,128,123,111,115,112,135,140,145,157,132,111,101,50,34,13,17,12,10,2
0,50,67,106,120,106,105,102,114,118,134,136,127,109,93,71,47,28,15,13,12,21,13,3
3,23,58,78,105,95,94,69,85,72,100,110,105,120,105,70,45,29,14,14,13,9,4,1
0,11,74,84,88,123,86,70,83,78,114,100,89,97,116,62,40,13,28,26,23,9,6,0
4,12,52,63,105,120,72,65,61,62,84,81,93,103,86,56,14,14,14,12,5,0,1,5
3,9,35,64,105,97,65,72,53,54,66,87,106,94,74,54,13,10,11,9,5,10,8,2
0,10,33,66,119,87,61,58,52,53,56,81,144,109,61,29,21,10,11,11,13,9,13,7
0,1,12,50,59,54,63,14,42,50,50,63,84,82,57,41,10,4,12,11,12,14,9,5
0,0,10,30,50,41,51,10,13,14,37,51,54,59,51,25,5,8,3,13,13,12,9,0
6,3,4,11,12,12,13,1,9,11,14,33,51,52,49,48,7,0,11,14,13,7,9,0
0,0,0,7,12,14,0,0,9,12,13,29,43,55,58,48,11,10,13,13,13,11,12,5
0,0,0,8,13,8,1,0,8,14,22,22,54,58,60,50,11,8,15,13,10,11,11,10
0,0,12,13,13,8,5,4,10,10,9,13,52,62,63,32,18,0,10,13,12,9,9,9
0,5,10,28,14,13,12,8,4,5,14,10,38,52,50,22,9,0,9,9,11,12,9,11
2,0,13,50,14,12,2,0,3,13,13,11,21,29,16,1,9,0,1,6,12,15,11,0
0,0,13,22,13,10,9,10,12,12,12,6,9,17,0,7,4,0,0,13,12,6,10,9

1,0,0,0,0,0,0,0,0,2,0,0,0,0,0,0,0,2,0,0,0,0,3,0
9,0,0,0,0,0,0,9,5,5,0,0,0,0,0,0,1,0,0,1,5,0,3,0
8,4,5,0,3,1,13,13,14,50,50,52,10,5,0,1,3,0,0,0,0,0,10,0
9,14,13,9,7,17,63,93,92,104,106,66,7,9,11,10,14,10,12,0,0,0,1,0
0,0,0,10,13,62,108,103,109,104,123,80,69,0,0,7,0,0,0,20,0,0,4,0
6,0,0,21,22,54,72,109,130,137,93,117,62,27,26,5,0,0,8,1,8,0,0,7
6,12,13,13,12,53,77,106,123,117,125,91,68,52,14,8,12,13,8,4,0,0,8,0
10,5,4,17,13,57,86,100,88,87,77,73,47,51,53,10,0,38,13,0,9,0,2,0
0,0,0,0,0,41,54,15,61,2,52,52,52,26,1,5,14,53,13,9,0,12,11,0
12,9,14,35,33,58,66,66,62,49,56,75,78,85,79,70,53,20,0,7,6,0,0,4
0,0,40,53,61,88,103,123,95,85,130,146,157,142,110,102,81,69,13,10,0,0,2,2
8,54,58,74,109,126,131,152,163,157,189,180,168,199,175,117,105,85,62,38,0,7,0,0
44,60,83,108,125,136,140,172,179,178,198,205,198,195,178,122,95,75,64,28,20,19,1,0
55,65,94,113,120,137,147,171,166,168,191,198,200,183,168,125,101,102,104,76,13,5,4,3
55,59,65,102,88,95,126,156,134,95,149,166,180,150,134,104,62,41,76,14,4,0,0,0
16,11,50,67,85,100,66,106,94,69,77,98,116,97,27,8,6,9,48,40,21,14,13,11
29,13,11,77,112,114,111,117,99,97,96,86,104,67,58,52,18,55,48,41,8,2,9,8
14,14,36,49,77,105,87,113,102,111,165,148,133,95,90,59,41,28,29,30,13,16,11,12
11,7,53,78,103,111,122,128,133,145,166,170,155,111,81,100,54,27,38,75,53,9,4,3
27,7,43,101,86,114,104,150,159,159,174,188,180,141,124,113,100,45,98,107,70,12,0,0
21,4,43,53,75,91,139,155,147,161,188,195,177,142,127,107,57,56,61,101,74,21,6,0
39,0,46,84,107,131,142,156,195,199,198,202,179,146,100,82,35,42,54,89,38,22,6,0
61,7,37,56,102,119,129,153,165,191,199,183,152,139,117,118,100,62,69,79,13,4,6,6
79,4,48,61,101,110,131,141,144,177,172,157,152,131,123,110,103,105,129,69,13,9,1,0
9,13,73,104,104,113,124,142,155,161,155,153,169,148,132,125,102,85,102,47,11,0,3,2
10,29,72,102,112,128,124,130,137,138,163,166,163,154,137,122,104,85,113,86,14,2,6,7
6,50,63,108,117,119,122,113,109,144,146,145,146,143,140,124,101,100,89,44,19,10,10,12
9,57,71,108,119,119,120,114,113,134,151,161,136,139,134,117,105,85,50,18,12,12,13,11
8,51,78,107,123,128,123,111,115,112,135,140,145,157,132,111,101,50,34,13,17,12,10,2
0,50,67,106,120,106,105,102,114,119,135,136,127,109,93,71,47,29,15,13,12,21,13,3
3,22,58,78,105,95,94,69,85,72,100,110,106,120,105,70,45,29,14,14,13,9,4,1
0,11,73,83,88,123,86,70,83,78,114,100,89,97,116,62,40,13,28,26,23,9,6,0
4,12,52,63,105,120,73,65,61,62,84,81,93,104,86,56,14,14,14,12,5,0,0,5
3,9,35,64,105,97,65,72,53,54,66,87,106,94,74,54,13,10,11,9,5,10,8,2
0,10,34,66,119,87,61,58,52,53,55,81,143,109,61,28,21,10,11,11,13,9,13,7
0,1,12,50,59,54,63,14,42,50,50,63,84,82,57,42,10,4,12,11,12,14,9,5
0,0,10,30,50,42,51,9,13,14,37,51,54,59,51,25,5,8,3,13,12,12,9,0
6,3,4,11,12,12,13,1,9,11,14,33,51,52,48,48,7,0,11,14,13,7,9,0
0,0,0,7,12,14,0,0,9,12,13,29,43,55,58,49,11,10,13,13,13,11,12,5
0,0,0,8,13,8,1,0,8,14,22,22,54,58,60,50,11,8,16,13,10,11,11,10
0,0,12,13,13,8,5,4,10,10,9,13,52,62,63,32,18,0,10,13,12,9,9,9
0,5,10,28,14,13,12,8,5,5,14,10,38,52,48,22,9,0,9,9,11,12,9,11
2,0,13,50,14,12,2,0,3,12,13,11,19,29,16,1,9,0,1,6,12,15,11,0
0,0,13,21,13,10,9,10,12,12,12,6,9,18,0,7,5,0,0,13,12,6,10,9

1,0,0,0,0,0,0,0,0,2,0,0,0,0,0,0,0,2,0,0,0,0,3,0
9,0,0,0,0,0,0,10,5,5,0,0,0,0,0,0,1,0,0,1,5,0,3,0
8,4,5,0,3,1,13,13,14,51,50,52,10,5,0,1,3,0,0,0,0,0,10,0
9,13,13,9,7,17,64,94,93,104,106,67,7,9,11,10,14,10,11,0,0,0,1,0
0,0,0,10,13,62,108,103,109,104,123,80,69,0,0,6,0,0,0,20,0,0,4,0
6,0,0,21,22,54,72,110,130,137,93,117,62,28,26,5,0,0,8,1,8,0,0,7
6,12,13,13,12,53,77,106,123,117,125,91,68,52,14,8,12,12,8,4,0,0,8,0
10,5,4,16,13,58,86,100,88,87,77,73,47,51,53,10,0,40,12,0,9,0,2,0
0,0,0,0,0,44,54,16,61,2,52,52,53,24,2,6,13,53,13,9,0,12,11,0
12,9,15,35,33,59,66,66,62,49,56,75,78,85,80,70,54,20,0,7,6,0,0,4
0,0,41,53,61,89,103,124,96,85,130,146,157,142,111,102,81,69,13,10,0,0,2,2
8,54,58,74,109,126,131,152,163,157,189,180,169,199,175,117,105,85,62,38,0,7,0,0
45,60,83,108,125,136,140,172,179,178,198,205,198,195,179,122,94,75,64,29,20,19,1,0
55,65,94,112,120,137,147,171,166,168,191,198,200,183,168,125,101,102,104,77,13,5,4,3
55,60,65,102,88,95,126,156,134,95,149,167,181,151,134,105,62,41,76,14,4,0,0,0
17,11,50,67,86,100,66,106,94,70,77,98,116,98,28,8,6,9,48,40,21,14,13,11
30,13,11,77,112,114,111,117,99,97,96,86,104,66,58,52,18,55,48,42,8,2,9,8
14,14,36,49,77,105,87,113,102,111,164,148,133,95,90,59,41,28,29,30,14,16,11,12
11,7,53,77,102,111,121,128,133,145,165,169,155,111,81,100,53,27,38,76,53,9,4,3
27,7,43,101,86,114,104,149,158,158,173,187,179,140,125,113,100,45,99,107,70,12,0,0
22,4,42,52,75,90,138,154,147,161,188,194,176,141,127,107,57,56,61,101,74,21,6,0
39,0,46,84,107,131,142,155,195,199,197,201,179,146,100,83,35,42,54,89,38,22,6,0
61,7,37,56,102,119,129,152,165,190,198,182,152,139,117,119,100,62,69,80,13,4,6,6
78,4,50,61,101,110,131,140,143,176,172,157,152,131,124,110,103,105,129,69,13,9,1,0
9,13,74,104,104,113,124,142,155,161,156,153,169,148,132,125,102,85,102,48,11,0,3,2
9,29,72,102,112,128,124,131,137,138,163,166,163,154,137,122,104,85,113,85,14,2,6,7
6,50,63,108,117,119,123,113,109,144,146,145,146,144,140,124,101,100,89,44,20,10,11,12
9,57,71,108,119,118,120,114,113,134,151,161,136,139,134,117,105,85,45,18,12,12,13,11
8,51,78,107,123,128,123,111,115,113,135,140,145,157,132,111,101,50,34,13,17,12,10,2
0,50,67,106,120,107,105,102,114,119,135,136,127,109,93,71,47,29,16,13,12,21,13,3
3,23,58,78,105,95,94,69,85,72,100,110,106,120,105,70,45,29,14,14,13,9,4,1
0,11,73,84,88,123,86,70,83,78,114,99,89,97,116,62,41,13,27,26,23,9,6,0
4,12,52,63,105,120,73,65,61,62,84,81,93,104,86,56,14,14,14,12,5,0,1,5
3,9,34,64,105,97,65,72,53,54,66,86,105,94,74,54,13,10,11,9,5,10,8,2
0,10,34,66,119,87,62,58,52,53,55,81,143,109,61,28,21,10,11,11,13,9,13,7
0,1,12,50,59,54,63,14,42,50,51,63,83,82,57,42,10,4,12,11,11,14,9,5
0,0,10,29,50,41,51,9,13,14,37,51,54,59,51,25,5,7,3,13,13,12,9,0
6,3,4,11,12,12,13,1,9,11,14,34,52,52,48,48,7,0,12,14,13,7,9,0
0,0,0,7,12,14,0,0,9,12,13,29,43,55,58,48,11,10,13,13,13,11,12,5
0,0,0,8,13,8,1,0,8,14,22,22,54,58,60,50,11,8,15,13,10,11,11,10
0,0,12,13,13,8,5,4,11,10,9,13,52,62,63,32,18,0,10,13,12,9,9,9
0,5,10,29,14,13,12,8,5,5,14,10,40,52,50,22,9,0,9,9,11,12,9,11
2,0,13,50,14,12,2,0,3,12,13,11,21,29,16,1,9,0,1,6,12,15,11,0
0,0,13,21,13,10,8,10,12,12,12,6,9,17,0,7,4,0,0,13,12,6,10,9

1,0,0,0,0,0,0,0,0,2,0,0,0,0,0,0,0,1,0,0,0,0,3,0
9,0,0,0,0,0,0,10,5,5,0,0,0,0,0,0,4,0,0,1,5,0,2,0
8,4,5,0,3,1,13,13,14,50,50,52,10,4,0,1,2,0,0,0,0,0,10,0
9,13,13,9,7,17,63,94,93,104,106,67,7,9,11,10,14,10,11,0,0,0,1,0
0,0,0,10,13,62,108,103,109,104,123,80,68,0,0,7,0,0,0,20,0,0,4,0
6,0,0,21,22,54,72,110,130,137,93,117,62,28,26,5,0,0,8,1,8,0,0,7
6,12,13,13,12,53,77,106,123,117,125,91,68,52,14,8,12,12,8,4,0,0,8,0
10,5,4,16,14,58,86,100,89,88,77,73,49,51,53,10,0,39,12,0,9,0,2,0
0,0,0,0,0,43,54,15,61,2,52,53,53,26,2,6,14,53,13,8,0,12,11,0
12,9,15,35,33,59,66,66,62,49,56,75,79,85,80,70,54,20,0,7,6,0,0,4
0,0,41,53,61,89,103,124,96,85,131,147,158,142,111,103,81,69,14,10,0,0,2,2
8,54,58,74,109,126,131,152,163,157,189,180,169,199,175,117,105,85,62,38,0,7,0,0
46,60,83,108,125,136,140,173,179,179,198,205,198,196,179,122,95,75,64,29,20,18,1,0
55,64,94,113,120,137,147,171,166,168,191,199,201,183,168,125,101,102,104,77,13,5,4,3
55,60,65,102,89,95,126,156,134,95,149,167,181,151,134,105,62,41,76,14,4,0,0,0
16,11,50,67,86,100,66,106,93,69,77,99,116,97,31,8,6,9,49,40,21,14,13,11
31,13,11,77,112,114,111,117,98,96,96,86,104,66,58,52,17,55,48,42,8,2,9,8
14,14,36,49,77,105,87,113,102,110,164,147,132,94,89,59,41,28,29,30,13,16,11,12
11,7,53,77,103,111,121,128,132,144,165,169,154,111,81,100,54,26,38,76,53,9,4,3
26,7,43,100,86,114,103,149,157,157,172,186,179,140,124,113,100,45,99,107,70,12,0,0
23,5,43,53,75,90,138,153,146,160,187,194,175,141,127,107,57,57,61,101,74,21,6,0
38,0,46,84,106,130,142,155,194,198,196,200,178,146,100,83,35,42,54,90,38,22,6,0
61,8,37,57,102,119,129,152,164,190,198,182,151,139,118,119,100,62,69,80,13,4,6,6
78,4,50,62,101,110,131,140,143,176,172,157,152,131,124,110,103,105,130,69,13,9,1,0
9,13,75,104,105,113,124,143,156,161,156,154,170,148,133,125,102,85,102,48,11,0,3,2
9,29,72,102,112,128,125,131,137,138,163,167,163,155,137,122,104,85,113,85,14,2,6,7
6,50,64,108,117,120,123,113,109,144,146,145,147,144,140,124,101,100,89,44,20,10,11,12
9,57,71,108,119,119,120,114,113,134,151,161,136,139,134,117,105,85,47,18,12,12,13,11
8,51,79,107,123,128,123,111,115,113,136,140,145,157,132,111,101,50,34,13,17,12,10,2
0,50,67,106,120,107,106,102,115,118,135,136,127,109,93,71,47,29,16,13,12,21,13,3
3,23,58,78,105,96,94,69,85,72,100,110,105,120,105,70,45,29,14,14,13,9,4,1
0,11,74,84,88,123,86,70,83,78,114,99,89,97,116,62,41,13,28,27,23,9,6,0
4,12,52,63,105,120,73,65,61,63,84,81,93,104,86,56,14,14,14,12,5,0,1,5
3,9,35,64,105,97,65,72,53,54,66,87,106,94,74,54,13,10,11,9,5,10,8,2
0,11,34,66,119,87,61,58,52,53,56,81,143,109,61,28,21,10,11,11,13,9,13,7
0,1,12,50,59,54,63,14,43,50,51,64,84,82,57,42,10,4,12,11,12,14,9,5
0,0,10,29,50,42,51,10,12,14,37,51,54,59,51,25,5,8,3,13,13,12,9,0
6,3,4,11,12,12,13,1,9,11,14,33,51,52,49,48,7,0,11,14,13,7,9,0
0,0,0,6,12,14,0,0,9,12,13,29,43,55,58,48,11,10,13,13,13,11,12,5
0,0,0,8,13,8,1,0,8,14,22,22,54,58,60,50,11,8,15,13,10,11,11,10
0,0,12,13,13,8,5,4,11,10,9,13,52,62,63,31,18,0,10,13,12,9,9,10
0,5,10,28,14,13,12,8,5,5,14,10,38,52,49,22,9,0,9,9,11,12,9,11
2,0,13,50,14,12,2,0,3,12,13,11,21,28,16,1,9,0,1,6,12,15,11,0
0,0,13,20,13,10,9,10,12,12,12,6,9,17,0,7,5,0,0,13,12,6,10,9

1,0,0,0,0,0,0,0,0,2,0,0,0,0,0,0,0,1,0,0,0,0,3,0
9,0,0,0,0,0,0,10,5,5,0,0,0,0,0,0,4,0,0,1,5,0,3,0
7,4,5,0,3,1,13,13,14,50,50,52,10,4,0,1,1,0,0,0,0,0,10,0
9,13,13,9,7,17,64,94,93,104,106,67,7,9,10,10,14,9,11,0,0,0,1,0
0,0,0,10,13,62,108,103,109,104,123,81,69,0,0,7,0,0,0,20,0,0,4,0
6,0,0,21,22,55,72,110,130,137,93,117,62,28,26,5,0,0,8,1,8,0,0,6
6,12,13,13,12,53,77,106,123,117,125,91,68,52,14,8,12,12,8,4,0,0,8,0
10,5,4,16,13,58,86,100,89,88,77,73,47,51,53,10,0,38,12,0,9,0,2,0
0,0,0,0,0,43,54,15,61,2,52,53,53,25,2,6,14,53,13,9,0,12,11,0
12,9,17,36,35,59,66,66,62,49,56,76,79,85,80,71,54,21,0,7,6,0,0,4
0,0,41,53,61,89,103,124,96,85,131,147,158,142,111,103,81,70,14,10,0,0,2,2
9,54,58,73,109,126,131,153,163,157,189,181,169,200,175,117,105,85,62,39,0,7,0,0
47,60,83,108,125,137,140,173,179,179,199,205,198,195,179,122,95,75,64,29,20,19,1,0
55,64,94,113,120,138,148,172,167,169,191,199,201,183,168,125,101,102,104,77,13,5,4,3
55,60,65,102,89,96,127,156,134,95,149,167,181,151,134,105,62,41,76,14,4,0,0,0
17,11,50,68,86,100,66,106,93,69,77,99,116,98,28,8,6,9,49,40,21,14,13,11
31,13,11,76,112,114,111,117,98,96,96,86,104,66,58,52,17,54,50,43,8,2,9,8
14,14,36,49,77,105,87,112,101,110,163,147,131,94,89,58,41,28,29,30,14,16,11,12
11,7,53,76,102,111,121,127,132,144,164,168,154,110,81,100,53,26,38,76,53,9,4,3
26,7,42,100,86,113,103,148,157,156,171,185,178,140,124,113,100,45,98,107,70,12,0,0
23,5,42,53,75,90,138,153,146,159,186,193,175,141,127,107,57,56,62,101,75,21,6,0
39,0,46,84,106,130,141,154,193,197,196,199,177,145,100,83,35,42,55,90,38,22,6,0
61,8,38,57,102,119,129,151,163,189,197,181,151,139,118,119,100,62,70,80,14,4,6,6
79,4,50,62,101,110,131,140,143,176,171,157,152,132,124,111,103,105,130,70,13,9,1,0
9,13,75,104,105,113,124,143,156,161,156,154,170,149,133,125,102,85,102,48,11,0,3,2
9,29,72,102,112,128,125,131,137,138,163,167,164,155,138,122,104,85,113,85,14,2,6,7
6,50,64,108,117,120,123,113,109,144,147,145,147,144,140,125,101,100,90,44,20,10,11,12
9,57,71,108,119,119,120,114,113,134,152,161,136,140,134,117,105,86,47,18,12,12,13,11
8,51,79,107,123,128,124,111,115,113,136,140,145,157,133,111,101,51,34,13,17,12,10,2
0,50,67,106,120,107,106,103,115,119,135,136,127,110,93,71,47,29,16,13,12,21,13,3
3,23,58,78,105,96,94,69,85,72,101,110,105,120,105,70,45,29,14,14,13,9,4,1
0,11,74,84,88,123,86,70,83,78,114,99,89,97,116,62,41,13,28,27,23,9,6,0
4,12,52,63,105,120,73,65,61,62,85,81,93,104,86,56,14,14,14,12,5,0,0,5
3,9,35,64,105,97,65,72,53,53,66,87,105,94,74,54,13,10,11,9,5,10,8,2
0,10,34,66,119,87,61,58,52,53,56,81,143,109,61,28,21,10,11,11,13,9,13,7
0,1,12,50,59,54,63,14,42,50,51,63,83,82,57,42,10,4,12,11,12,14,9,5
0,0,10,30,50,41,51,10,13,14,36,51,54,59,51,25,5,8,3,13,13,12,9,0
6,3,4,11,12,12,13,1,9,11,14,33,51,52,48,48,7,0,11,15,13,7,9,0
0,0,0,7,11,15,0,0,10,12,13,29,44,55,58,49,11,10,14,13,13,11,12,5
0,0,0,8,13,7,1,0,8,14,22,22,54,58,60,50,11,8,16,13,10,11,11,10
0,0,12,13,13,8,5,4,11,10,9,13,52,62,63,32,18,0,10,13,12,9,9,9
0,5,10,27,14,13,12,8,5,5,14,10,40,52,48,21,9,0,9,9,11,12,9,11
2,0,13,50,14,12,2,0,3,13,13,11,21,29,16,1,9,0,1,6,12,15,11,0
0,0,13,21,13,10,9,10,12,12,12,6,9,18,0,7,5,0,0,13,12,6,10,9

1,0,0,0,0,0,0,0,0,2,0,0,0,0,0,0,0,0,0,0,0,0,3,0
9,0,0,0,0,0,0,10,5,5,0,0,0,0,0,0,4,0,0,1,5,0,2,0
7,4,5,0,3,1,13,13,14,50,50,52,10,4,0,1,1,0,0,0,0,0,10,0
9,13,13,9,7,17,63,94,93,104,106,67,7,9,10,10,14,9,11,0,0,0,1,0
0,0,0,11,14,62,108,103,109,104,123,80,69,0,0,7,0,0,0,19,0,0,4,0
6,0,0,21,23,54,72,110,130,137,93,117,62,28,27,5,0,0,8,1,8,0,0,6
6,12,13,13,12,53,78,107,123,117,125,91,68,52,14,8,12,12,8,3,0,0,8,0
10,5,4,16,14,58,86,100,89,88,77,74,49,51,53,10,0,38,12,0,9,0,2,0
0,0,0,0,0,45,54,15,61,2,52,53,53,26,2,6,14,53,13,9,0,12,10,0
12,9,17,35,35,59,66,66,62,50,56,76,79,85,80,71,54,22,0,7,6,0,0,4
0,0,42,53,61,89,103,124,96,86,131,147,159,142,111,103,81,70,14,10,0,0,2,2
9,54,58,73,109,126,131,152,163,158,190,181,169,200,175,117,105,85,62,39,0,7,0,0
46,60,83,108,125,137,140,173,180,179,199,206,198,196,179,122,95,75,64,29,20,19,1,0
55,65,94,113,120,138,148,172,167,169,191,199,201,183,168,125,101,102,104,78,13,5,4,3
55,60,66,102,89,96,127,157,134,95,149,167,182,151,134,105,62,41,76,14,4,0,0,0
17,11,50,68,86,100,66,106,93,69,77,98,116,98,29,9,6,9,49,40,21,14,13,11
32,13,11,76,112,114,111,117,98,96,96,86,104,66,57,52,17,55,49,44,8,2,9,8
14,14,36,49,77,105,87,112,101,109,163,147,131,94,89,58,41,28,29,30,14,16,11,12
11,7,54,76,102,111,121,127,131,144,164,168,153,110,81,100,53,27,38,76,54,9,4,3
27,7,42,100,86,113,103,148,156,156,171,185,177,140,124,113,100,46,99,107,70,12,0,0
22,5,43,52,75,90,137,152,145,158,186,193,175,141,127,107,57,56,62,101,75,22,6,0
40,0,46,84,106,130,141,154,193,196,195,199,176,146,100,83,35,42,55,90,38,22,6,0
61,8,38,57,102,118,129,150,163,188,196,180,151,139,118,119,100,63,70,80,14,4,6,6
78,4,50,63,101,110,131,140,143,175,171,156,152,132,124,111,104,105,130,70,13,9,1,0
9,13,75,104,105,113,124,143,156,162,156,154,170,149,133,125,102,85,102,48,11,0,3,2
10,29,73,102,112,128,125,131,137,138,164,167,164,156,138,122,104,85,113,84,14,2,6,7
7,50,64,108,117,120,123,113,109,145,147,145,147,144,140,125,101,100,89,44,20,10,11,12
9,58,71,108,119,119,120,114,113,134,152,161,136,140,134,117,105,86,47,20,12,12,13,11
8,51,79,107,123,128,124,111,115,113,136,140,145,157,133,111,101,50,34,13,17,12,10,2
0,50,67,106,120,107,106,103,115,119,135,136,127,109,93,71,47,29,16,13,12,21,13,3
3,23,58,78,105,96,94,69,85,72,101,110,105,120,105,70,45,29,14,14,13,9,4,1
0,11,74,84,88,123,86,70,83,77,114,99,89,97,117,62,42,13,28,27,23,9,6,0
4,12,52,63,105,120,73,65,61,63,84,81,93,104,86,56,14,14,14,12,5,0,1,5
3,9,34,64,105,97,65,72,53,54,66,86,105,94,74,54,13,11,11,9,5,10,8,2
0,10,33,66,118,87,61,58,52,53,55,81,143,109,61,28,21,10,11,11,13,9,13,7
0,1,12,50,58,54,63,14,41,50,50,63,83,82,57,42,10,4,12,11,11,14,9,5
0,0,10,30,50,42,51,10,12,14,36,51,54,59,51,25,5,8,3,13,13,12,9,0
6,3,4,11,12,12,13,1,9,11,14,33,52,52,48,49,7,0,11,15,13,7,9,0
0,0,0,6,11,14,0,0,10,12,13,29,43,55,58,47,11,10,13,13,13,11,12,5
0,0,0,8,13,8,1,0,8,14,23,22,54,58,60,50,11,8,16,13,11,11,11,10
0,0,12,13,13,8,5,4,11,10,9,13,52,62,63,32,18,0,10,13,12,9,9,9
0,5,10,28,14,13,12,8,5,5,14,10,40,52,48,22,9,0,9,9,11,12,9,11
2,0,13,50,14,12,2,0,3,12,13,11,21,28,16,1,9,0,1,6,12,15,11,0
0,0,13,20,13,10,9,10,12,12,12,6,9,17,0,7,5,0,0,13,12,6,10,9

1,0,0,0,0,0,0,0,0,2,0,0,0,0,0,0,0,0,0,0,0,0,3,0
9,0,0,0,0,0,0,10,5,5,0,0,0,0,0,0,4,0,0,1,5,0,3,0
7,4,5,0,3,1,13,13,14,50,50,52,10,4,0,0,1,0,0,0,0,0,10,0
9,13,13,9,7,18,63,95,93,104,106,67,7,9,10,10,14,9,11,0,0,0,1,0
0,0,0,10,14,62,109,103,109,104,123,81,69,0,0,7,0,0,0,19,0,0,4,0
6,0,0,21,23,55,72,110,130,137,93,117,62,28,27,5,0,0,8,0,8,0,0,6
6,12,13,13,12,53,78,107,124,117,125,91,68,52,14,8,12,12,8,3,0,0,8,0
10,5,4,16,14,58,86,100,89,89,78,74,49,51,53,10,0,39,12,0,9,0,2,0
0,0,0,0,0,44,54,15,61,2,52,52,53,26,2,6,14,53,13,9,0,12,11,0
12,9,16,36,35,59,66,66,62,50,56,76,79,86,80,71,54,22,0,7,6,0,0,4
0,0,42,53,61,89,103,124,96,86,131,147,159,142,111,103,81,69,14,10,0,0,2,2
9,54,58,74,109,126,131,152,163,158,190,181,169,200,175,117,105,85,62,39,0,7,0,0
46,60,83,108,125,137,140,173,179,179,199,206,199,196,179,122,94,75,64,30,20,18,1,0
55,65,94,113,121,138,148,172,167,169,191,199,201,183,169,125,101,102,104,78,13,5,4,3
55,60,65,102,89,96,127,156,134,95,149,167,181,151,134,105,62,41,76,14,4,0,0,0
18,11,50,68,86,100,66,106,93,69,77,99,116,98,30,9,6,9,50,40,21,14,13,11
32,13,11,76,112,114,111,117,98,96,96,86,104,66,57,52,17,54,50,44,8,2,9,8
14,14,36,49,77,104,86,112,101,109,163,146,131,94,89,58,40,28,29,30,14,16,11,12
11,7,53,76,102,111,121,127,131,143,163,167,153,110,80,100,53,27,38,76,54,9,4,3
27,7,43,100,85,113,103,148,155,155,170,185,177,139,124,113,100,45,99,107,71,12,0,0
23,5,42,52,74,89,137,152,145,158,185,192,174,141,127,107,58,56,62,101,75,21,6,0
41,0,45,84,106,130,141,153,192,196,195,198,176,146,100,83,36,42,55,90,38,22,6,0
61,8,38,56,102,118,128,150,162,187,196,180,151,139,118,119,100,63,70,80,14,5,6,6
79,5,51,63,101,110,131,140,143,175,171,156,152,132,124,111,103,105,130,70,13,9,1,0
9,13,75,104,105,113,124,143,156,162,156,154,170,149,133,125,102,85,102,48,11,0,3,2
9,30,72,102,112,128,125,131,138,139,164,167,164,156,138,122,104,85,113,85,14,2,6,7
7,50,63,108,117,120,123,113,109,144,147,145,147,144,140,125,101,100,89,44,20,10,11,12
9,58,71,108,119,119,120,114,114,134,152,161,136,140,134,117,105,86,48,20,12,12,13,11
8,51,80,107,123,128,124,111,115,113,136,140,145,157,133,111,101,51,34,13,17,12,10,2
0,50,67,106,121,107,106,103,115,119,135,136,127,109,94,71,47,30,16,13,12,21,13,3
3,24,58,78,105,96,95,69,85,72,101,110,105,120,105,70,45,29,14,14,13,9,4,1
0,11,74,84,88,123,86,70,83,78,114,99,89,97,116,62,41,13,27,27,23,9,6,0
4,12,52,63,105,120,73,65,61,63,84,81,93,104,86,56,14,14,14,12,5,0,1,5
3,9,35,64,105,97,65,72,53,54,66,86,105,94,74,54,13,10,11,9,5,10,8,2
0,11,34,66,119,87,61,58,52,53,56,81,143,109,61,28,21,10,11,11,13,9,13,7
0,1,12,50,59,54,63,14,42,50,51,63,83,82,57,41,10,4,12,11,12,14,9,5
0,0,10,29,50,41,51,10,13,14,37,51,54,59,51,24,5,8,3,13,13,12,9,0
6,3,4,11,12,12,13,1,9,11,14,34,52,52,48,48,7,0,12,15,13,7,9,0
0,0,0,7,11,14,0,0,9,12,13,28,43,55,58,46,11,10,13,13,13,11,12,5
0,0,0,8,13,8,1,0,8,14,22,22,54,58,60,50,11,8,16,13,10,11,11,10
0,0,12,13,13,8,5,4,11,10,9,13,52,62,63,32,18,0,10,13,12,9,9,10
0,5,10,28,14,13,12,8,5,5,14,10,38,52,49,22,9,0,9,9,11,12,9,11
2,0,13,50,14,12,2,0,3,12,13,11,21,28,16,1,9,0,1,6,12,15,11,0
0,0,13,20,13,10,9,10,12,12,12,6,9,17,0,7,5,0,0,13,12,6,10,9
0,2,0,0,0,0,3,0,0,0,0,0,0,0,4,0,0,0,0,0,0,0,0,2
0,3,0,7,4,0,0,0,0,0,0,1,0,1,6,8,10,1,0,0,2,3,0,10
1,11,0,4,0,0,0,9,10,6,10,10,50,41,50,13,11,13,9,6,0,7,6,9
0,2,3,0,0,14,26,39,13,13,7,4,56,103,100,80,84,63,15,8,10,17,15,10
0,8,0,0,25,8,8,5,7,1,0,66,76,118,102,107,101,103,56,12,10,0,0,0
8,0,0,10,8,11,11,5,10,25,22,56,112,89,129,123,102,69,53,14,19,0,0,8
0,10,6,7,9,12,20,13,8,17,51,66,88,121,113,117,99,73,50,10,13,11,12,8
0,1,1,11,5,22,27,0,10,54,52,26,68,72,83,83,94,82,54,12,14,4,6,10
0,11,11,0,9,13,55,12,4,0,18,14,51,50,1,58,13,53,14,0,0,0,0,0
4,0,0,5,7,0,13,36,66,77,83,77,75,55,45,61,64,65,55,15,23,13,7,10
1,0,0,0,7,11,66,78,100,109,140,154,146,129,85,92,121,99,85,59,52,30,0,0
0,0,6,0,23,58,82,104,116,173,196,167,179,189,156,160,150,126,121,106,71,56,21,4
0,0,13,13,14,61,73,92,121,176,193,197,204,197,177,178,170,137,133,121,107,80,57,14
1,1,0,11,54,103,102,100,125,166,180,198,198,190,167,166,170,146,135,117,111,91,61,48
0,0,0,3,12,68,38,59,104,133,149,179,165,149,94,133,155,125,94,87,101,61,52,41
9,10,12,13,28,27,8,5,9,24,97,115,98,77,70,92,106,65,100,83,67,47,8,13
6,9,0,4,11,14,52,17,52,58,67,105,86,96,96,98,117,111,114,112,72,10,10,14
10,9,15,10,18,26,26,39,59,89,96,133,147,163,110,101,112,86,104,76,48,35,9,10
1,0,1,27,52,34,19,52,101,82,111,155,169,165,145,132,127,121,111,102,76,47,3,8
0,0,9,44,104,100,42,96,114,126,142,180,187,173,158,158,149,103,113,85,100,39,4,20
0,5,14,48,91,60,56,56,108,129,143,178,196,188,161,147,154,138,90,75,52,43,3,15
0,5,19,30,81,54,36,36,85,104,149,182,203,198,199,195,156,142,131,107,84,45,0,32
5,5,0,11,81,67,61,100,121,120,142,156,185,201,192,166,153,130,119,103,56,37,6,56
0,0,9,13,100,137,105,104,111,126,135,157,162,175,179,145,141,132,110,101,62,45,4,87
2,3,0,11,53,106,95,102,126,136,153,174,158,159,164,158,144,125,114,105,104,73,11,9
7,5,0,13,95,114,90,104,123,139,159,168,170,166,140,139,132,125,128,112,102,72,21,8
12,10,9,17,44,91,100,101,125,142,145,148,146,148,146,110,113,123,120,117,108,63,50,4
10,13,12,11,20,47,82,105,118,135,141,137,163,153,135,114,114,120,119,119,108,71,57,8
1,10,12,16,13,34,50,101,112,134,159,147,141,136,114,115,111,124,128,123,107,78,51,6
2,12,20,12,13,15,28,47,71,94,111,129,137,135,119,115,102,106,107,120,106,67,47,0
1,4,9,13,14,14,28,45,70,106,121,107,110,101,72,85,69,94,95,105,78,58,21,2
0,6,9,23,26,27,13,37,62,117,97,89,99,114,77,83,70,86,123,88,83,73,11,0
5,0,0,5,11,14,13,13,56,86,104,93,81,83,62,61,65,73,119,104,63,52,12,3
2,8,10,4,9,11,10,13,54,74,93,103,85,65,54,53,72,65,96,103,63,35,8,2
6,13,9,13,10,10,10,18,28,60,107,137,80,55,53,52,58,61,86,116,65,33,9,0
5,9,14,11,11,11,3,9,41,57,82,83,63,50,49,39,13,62,54,58,50,12,0,0
0,9,12,12,12,2,6,5,24,51,59,54,51,37,13,11,9,50,40,49,27,9,0,0
0,9,7,13,14,11,0,7,44,48,52,51,27,14,9,5,0,12,12,12,11,2,1,6
5,12,11,13,12,13,10,10,44,58,55,42,27,12,11,6,0,0,14,11,6,0,0,0
10,11,11,10,13,14,7,10,46,59,58,54,18,19,13,5,0,0,6,12,7,0,0,0
10,9,9,11,13,10,0,18,27,61,61,51,12,8,9,8,1,2,7,13,13,12,0,0
11,9,12,11,8,9,0,8,20,42,51,31,9,13,3,2,6,11,13,14,24,10,5,0
0,11,15,12,6,0,0,8,0,14,20,14,10,13,12,0,0,1,11,14,50,13,0,1
9,10,6,12,13,0,0,4,6,0,14,7,5,11,12,11,10,8,9,13,19,13,0,0

0,2,0,0,0,0,2,0,0,0,0,0,0,0,3,0,0,0,0,0,0,0,0,2
0,3,0,7,3,0,0,0,0,0,0,1,0,0,6,8,10,1,0,0,1,2,0,10
1,11,0,4,0,0,0,7,8,5,10,10,50,43,50,13,12,13,9,6,0,7,5,9
0,2,3,0,0,13,23,31,13,13,8,4,57,104,101,82,85,65,16,8,10,15,14,10
0,7,0,0,24,7,7,4,7,1,0,66,77,118,102,108,101,104,57,12,10,0,0,0
8,0,0,10,7,11,11,4,9,25,23,57,112,90,130,124,103,69,53,14,20,0,0,7
0,10,5,6,8,12,17,12,8,16,50,66,88,122,114,118,100,74,50,10,13,11,11,8
0,2,1,11,5,19,27,0,10,53,52,28,68,74,84,84,95,82,54,12,14,4,6,10
0,11,11,0,9,13,54,11,4,0,17,19,51,50,1,59,13,53,16,0,0,0,0,0
4,0,0,5,8,0,13,33,65,76,83,77,76,55,46,61,64,65,55,16,23,13,7,10
1,1,0,0,7,11,66,78,100,109,139,154,145,129,85,93,121,100,85,59,52,31,0,0
0,0,6,0,25,59,82,104,116,171,196,167,179,188,156,161,150,126,122,106,71,56,32,5
0,0,13,14,17,62,73,93,121,176,194,197,204,197,177,178,170,137,133,121,107,81,57,23
1,1,0,11,61,103,102,101,125,166,180,198,198,190,167,166,170,146,135,117,111,93,62,51
0,0,0,3,12,71,39,60,104,133,149,179,165,149,94,133,155,125,94,87,101,62,53,51
9,11,12,14,30,31,8,5,9,22,97,115,98,77,70,92,106,65,100,83,66,47,9,13
6,9,0,6,14,16,53,17,52,58,67,104,86,96,96,98,117,111,114,111,72,10,10,14
10,10,15,12,25,27,27,40,59,88,95,132,147,162,109,101,112,86,104,76,49,35,10,11
1,1,5,47,68,34,21,52,100,81,110,154,169,164,144,131,127,121,110,102,76,48,4,8
0,0,11,64,106,97,41,97,114,125,141,179,187,172,157,157,148,103,113,85,100,40,4,20
0,5,14,65,100,59,52,55,108,129,142,177,195,187,160,146,153,138,90,75,52,42,4,15
0,5,20,35,86,53,37,36,85,104,148,180,202,197,198,194,155,142,130,107,84,43,0,33
5,4,1,12,80,68,61,100,121,120,142,155,184,200,191,165,152,129,119,102,56,37,6,59
0,0,9,13,75,130,105,104,111,126,135,156,161,175,178,144,141,132,110,101,63,46,5,82
2,3,0,10,47,103,88,102,126,136,153,174,157,159,163,158,144,125,114,105,104,73,12,8
6,5,0,13,84,113,84,104,123,140,159,167,170,166,140,138,132,125,128,112,102,72,24,8
12,10,9,18,43,90,100,101,125,141,145,148,146,148,146,110,113,124,120,117,108,64,50,4
11,13,12,11,20,47,82,105,118,135,141,137,163,153,135,114,114,120,119,119,108,71,57,8
2,10,12,16,13,34,50,101,112,134,159,147,141,136,114,115,111,124,128,123,107,79,51,6
2,13,20,12,13,15,28,47,71,94,111,129,137,135,119,115,102,106,107,120,106,67,50,0
1,4,9,13,14,14,28,45,70,106,121,107,110,101,72,85,69,95,95,105,78,58,22,2
0,6,9,23,26,27,13,39,62,117,97,89,99,114,77,83,70,86,123,88,83,73,11,0
5,0,0,5,12,14,14,13,56,86,104,93,81,84,62,61,65,73,119,104,63,52,12,3
2,8,10,4,9,11,10,13,54,74,93,103,86,65,53,53,72,65,96,103,64,35,9,2
6,13,9,13,10,10,10,18,28,61,107,138,80,55,53,52,58,61,87,118,66,33,10,0
5,9,14,11,11,11,3,10,41,57,82,83,63,50,50,40,13,62,54,58,50,12,1,0
0,9,12,13,13,2,6,5,24,51,59,54,51,38,13,11,9,50,41,50,28,10,0,0
0,9,7,13,14,11,0,7,45,48,52,51,28,14,9,6,0,13,12,12,11,2,2,6
5,12,11,13,12,13,10,10,45,58,55,42,27,12,11,6,0,0,14,11,6,0,0,0
10,11,11,10,13,14,7,10,47,59,58,54,18,20,13,5,0,0,6,13,7,0,0,0
10,9,9,11,13,10,0,18,27,61,61,51,12,8,9,8,2,3,7,13,13,12,0,0
11,9,12,11,8,9,0,8,20,44,51,33,9,13,3,2,6,11,13,14,24,10,5,0
0,11,15,12,6,0,0,8,0,15,21,14,10,13,12,0,0,1,11,14,50,13,0,1
9,10,6,12,13,0,0,4,6,0,14,7,5,11,12,12,10,8,9,13,18,13,0,0

0,2,0,0,0,0,2,0,0,0,0,0,0,0,3,0,0,0,0,0,0,0,0,2
0,3,0,7,3,0,0,0,0,0,0,1,0,0,6,7,10,0,0,0,1,1,0,10
1,10,0,3,0,0,0,6,8,4,9,11,51,45,50,14,12,13,8,6,0,7,5,8
0,2,3,0,0,13,22,24,12,13,8,5,59,104,102,86,89,64,16,7,10,15,14,10
0,7,0,0,23,5,5,3,7,1,0,67,78,120,103,108,102,106,58,12,10,0,0,0
8,0,0,10,6,11,10,3,9,25,25,58,115,91,132,126,106,70,53,16,21,0,0,7
0,9,5,5,8,12,14,12,7,17,51,66,89,124,115,119,102,75,51,11,13,12,12,7
0,2,1,11,4,14,27,0,10,53,51,33,70,76,85,86,97,84,55,13,14,3,4,10
0,10,11,0,9,13,54,11,4,0,18,31,52,50,1,59,14,54,22,0,0,0,0,0
4,0,0,5,7,0,13,35,66,77,83,77,76,54,38,61,65,65,55,19,25,13,7,11
1,1,0,0,7,11,67,78,100,109,139,154,145,129,85,92,121,100,86,59,52,33,0,0
0,0,6,0,28,60,83,104,116,171,196,167,179,188,155,160,149,126,122,106,71,57,43,6
0,0,14,15,20,62,74,93,121,176,193,196,203,197,176,178,170,137,133,121,107,82,58,31
2,1,0,11,66,103,102,101,125,166,180,198,198,190,167,166,170,146,135,117,112,93,63,52
0,0,0,4,13,73,39,60,104,133,149,179,165,148,94,133,155,125,94,87,101,62,54,52
10,11,13,15,33,36,8,5,9,24,97,115,98,77,70,92,106,65,100,83,67,50,9,14
7,9,1,7,15,24,53,17,52,58,67,104,86,96,96,98,117,111,114,111,73,10,11,19
11,10,15,12,27,27,27,40,59,89,95,132,147,162,109,101,112,86,104,76,49,36,11,12
1,2,6,50,69,35,22,52,100,81,110,154,168,164,144,131,127,121,110,102,76,50,4,8
0,0,11,66,106,97,42,99,113,125,140,179,187,172,157,157,148,103,113,85,100,40,5,21
0,5,16,68,100,60,53,54,108,128,142,176,194,187,160,146,152,137,89,74,52,43,4,16
0,5,21,35,86,54,38,36,85,103,147,180,201,197,198,193,154,141,130,106,84,45,0,35
5,5,1,12,79,69,62,100,121,120,141,155,183,199,190,164,152,129,119,102,55,37,7,60
0,0,9,13,68,129,105,104,111,126,134,156,160,174,177,144,141,132,110,101,62,47,5,80
2,3,0,10,47,103,87,102,126,135,152,173,156,158,163,157,143,124,114,105,104,73,12,8
6,5,0,13,82,113,84,104,123,139,158,166,169,165,139,138,132,125,128,112,102,71,26,8
12,10,9,18,42,89,100,101,125,142,145,148,146,148,145,110,113,123,120,117,108,63,50,4
11,13,12,11,18,45,81,105,117,135,141,137,163,153,134,114,114,120,119,119,108,71,57,8
2,10,12,17,13,34,49,101,112,133,159,146,141,136,113,115,111,124,128,123,107,78,51,7
2,13,20,12,13,15,28,47,71,94,111,129,137,135,119,115,102,106,107,120,106,67,50,0
1,4,9,13,14,14,28,45,70,106,121,106,110,101,72,85,69,94,96,105,78,58,22,2
0,6,9,23,26,27,13,37,62,117,97,89,100,114,77,83,70,86,123,88,84,74,11,0
5,0,0,5,12,14,13,13,56,86,104,93,81,84,62,61,65,73,119,104,63,52,12,3
2,8,10,4,9,11,10,13,54,74,93,104,86,65,54,53,72,65,96,104,64,34,9,2
6,13,9,13,10,10,10,19,28,61,108,140,81,55,53,52,58,61,87,119,66,32,10,0
5,9,14,11,11,11,3,10,41,57,82,83,63,51,50,40,13,63,54,59,50,12,1,0
0,9,12,13,13,2,6,5,24,51,59,54,51,34,13,11,9,51,41,50,28,10,0,0
0,9,7,13,14,11,0,7,46,48,52,51,29,14,9,6,0,13,12,12,11,3,2,6
5,12,11,13,12,13,10,11,45,58,55,42,28,12,11,6,0,0,14,11,6,0,0,0
10,11,11,10,13,14,7,10,47,59,58,54,18,20,13,6,0,0,7,13,7,0,0,0
10,9,9,11,13,10,0,17,27,62,61,51,12,8,9,8,2,3,7,13,13,12,0,0
11,9,12,11,8,9,0,8,21,44,51,31,9,13,3,2,7,11,13,14,27,10,5,0
0,11,15,12,6,0,0,8,0,15,22,14,10,13,12,0,0,1,11,14,50,13,0,1
9,10,6,12,13,0,0,4,6,0,15,7,5,11,12,11,10,8,9,13,20,13,0,0

0,2,0,0,0,0,2,0,0,0,0,0,0,0,3,0,0,0,0,0,0,0,0,2
0,3,0,7,3,0,0,0,0,0,0,1,0,0,6,7,10,0,0,0,1,0,0,10
0,10,0,3,0,0,0,6,7,3,9,10,51,45,50,14,12,13,7,5,0,6,5,8
0,2,3,0,0,13,21,22,12,13,8,5,60,105,102,86,89,65,17,7,10,14,14,10
0,7,0,0,23,3,4,1,8,1,0,67,78,120,103,108,102,106,59,12,10,0,0,0
8,0,0,10,5,11,8,3,9,26,25,59,115,91,133,126,106,70,53,17,19,0,0,7
0,9,4,5,7,11,14,12,7,14,51,66,90,123,115,119,102,75,51,11,13,12,11,7
0,2,1,10,4,14,28,0,10,53,51,34,70,75,85,86,97,84,56,13,14,3,5,10
0,10,11,0,9,13,54,12,4,0,17,35,51,51,1,59,14,54,24,0,0,0,0,0
4,0,0,6,7,0,13,36,66,77,83,77,75,55,43,61,65,65,56,22,28,14,8,11
1,1,0,0,8,12,67,78,100,109,139,154,145,129,85,93,122,100,86,60,52,35,0,0
0,0,6,0,30,60,83,104,116,172,196,167,178,188,156,161,150,127,123,107,72,57,50,7
0,0,14,15,21,62,74,93,121,176,193,196,203,197,177,179,171,138,134,122,107,82,59,32
2,2,0,12,68,103,102,101,125,166,180,198,198,190,167,166,170,146,135,118,112,94,63,53
0,0,0,4,13,73,39,60,104,134,149,179,165,148,94,133,155,125,94,87,102,63,56,53
10,12,13,16,34,38,9,5,8,23,97,115,98,77,70,92,106,65,100,83,66,48,10,14
7,9,1,7,21,27,54,20,52,58,67,105,86,96,96,98,117,111,114,112,75,11,11,20
11,10,16,12,28,28,28,40,59,89,96,133,147,163,110,101,112,86,104,77,49,36,12,12
2,3,7,51,70,35,23,53,100,81,111,155,170,165,145,132,127,121,111,102,76,50,5,9
0,0,11,67,106,97,43,99,113,125,141,180,188,173,158,158,149,103,113,85,100,41,5,21
0,5,17,69,100,59,54,54,107,129,142,177,195,188,161,146,153,138,90,75,53,42,4,16
0,5,21,36,87,53,38,35,84,102,148,181,203,198,199,194,155,142,130,106,84,44,0,36
5,5,2,12,79,69,61,100,120,119,140,154,184,200,191,165,152,129,119,102,55,36,7,60
0,0,9,13,67,129,105,103,111,125,133,155,160,174,178,144,141,131,110,101,62,46,4,80
2,3,0,10,47,102,87,102,125,134,150,172,156,157,162,156,143,124,113,104,104,73,12,8
7,5,0,13,82,113,84,104,122,139,157,166,168,165,139,137,131,125,128,112,102,72,25,8
12,10,10,19,40,89,100,101,125,141,145,147,146,147,145,109,113,123,119,117,108,63,50,4
11,13,12,11,17,45,82,105,117,135,140,137,162,152,134,113,114,120,119,119,108,71,57,8
2,10,12,16,13,33,49,101,112,133,158,146,141,136,113,115,111,123,128,123,107,78,51,7
2,13,20,12,13,15,28,47,71,94,110,128,137,135,119,115,102,106,107,120,106,67,50,0
1,4,9,13,14,14,28,45,70,105,121,107,110,101,72,85,69,94,95,105,78,58,21,2
0,6,9,23,26,27,13,37,62,116,97,89,100,114,77,83,70,86,123,88,83,74,11,0
5,0,0,5,12,14,13,14,56,86,104,93,81,84,62,61,65,73,119,104,63,52,12,3
2,8,10,5,9,11,10,13,54,74,94,105,86,65,54,53,72,65,96,104,64,35,9,3
6,13,9,13,10,10,10,19,28,61,108,141,81,55,53,52,58,61,87,119,66,34,10,0
5,9,13,11,11,11,4,10,42,57,82,84,63,50,50,41,13,63,54,59,50,12,1,0
0,9,12,12,13,2,6,5,24,51,59,54,51,34,14,12,9,51,41,50,28,10,0,0
0,9,7,13,14,11,0,7,46,48,52,51,31,14,9,6,0,13,12,12,11,3,2,6
5,12,11,13,12,13,10,11,45,58,55,43,28,13,11,6,0,0,14,11,6,0,0,0
10,11,11,10,13,14,7,11,49,60,58,54,19,20,14,6,0,0,7,13,8,0,0,0
9,9,9,11,13,10,0,17,29,62,61,51,12,8,10,8,2,3,7,13,13,12,0,0
11,9,12,11,8,9,0,8,21,44,51,36,9,13,3,2,7,12,13,14,27,10,5,0
0,11,15,12,6,0,0,8,0,15,24,14,10,13,12,0,0,1,11,14,50,13,0,1
9,10,6,12,13,0,0,4,6,0,14,7,5,11,12,11,10,8,9,13,20,13,0,0

0,2,0,0,0,0,2,0,0,0,0,0,0,0,3,0,0,0,0,0,0,0,0,2
0,3,0,7,3,0,0,0,0,0,0,1,0,0,5,7,10,0,0,0,1,0,0,10
0,10,0,3,0,0,0,6,7,3,8,11,51,45,50,14,12,13,5,5,0,6,5,8
0,2,2,0,0,13,19,20,12,13,8,5,60,105,102,86,89,64,16,7,10,14,14,9
0,6,0,0,23,1,1,0,8,1,0,67,78,120,103,108,102,106,59,12,10,0,0,0
8,0,0,10,5,11,6,2,8,26,25,59,114,91,132,126,106,71,53,17,20,0,0,7
0,9,4,4,7,11,14,12,8,16,51,67,90,123,115,119,102,75,52,11,13,12,12,7
0,2,1,10,3,14,31,0,10,53,51,34,70,74,85,86,97,84,56,13,14,3,5,10
0,11,11,0,9,13,54,12,4,0,17,33,51,51,1,59,14,54,25,0,0,0,0,0
4,0,0,6,7,0,13,40,66,77,83,77,75,55,45,61,65,66,56,23,29,14,8,11
1,1,0,0,8,12,67,78,100,109,139,154,145,129,85,93,122,100,86,60,52,35,0,0
0,0,6,0,30,60,83,104,116,172,196,167,179,188,156,161,150,127,123,107,72,57,50,7
0,0,15,17,22,63,74,93,121,177,193,197,204,197,177,178,171,138,134,122,107,83,59,35
2,2,0,12,68,103,102,101,125,166,181,199,198,190,167,166,170,146,135,118,112,94,64,53
0,0,0,4,13,73,40,60,104,133,149,179,165,148,94,133,155,125,94,87,101,63,56,53
10,12,13,17,35,40,9,5,8,23,97,115,98,77,70,92,106,65,100,83,66,47,10,14
7,9,1,7,24,28,54,20,53,58,67,105,86,96,97,99,117,111,114,112,75,11,12,23
11,10,15,13,28,28,28,41,59,90,96,134,148,164,111,102,113,87,105,77,49,36,13,13
2,3,7,51,72,36,24,53,100,82,112,156,171,167,146,133,128,121,111,102,77,51,5,9
0,0,12,67,106,97,45,97,113,125,141,181,189,175,160,160,150,104,114,86,100,42,6,21
0,6,18,70,100,59,55,54,107,128,142,178,197,190,163,147,155,139,91,75,53,41,4,17
0,5,21,36,87,53,38,34,82,101,148,182,205,200,201,196,157,143,131,107,84,43,0,35
5,5,2,12,79,69,61,100,119,118,140,154,185,202,193,167,154,130,119,102,55,37,7,60
0,0,9,13,65,129,105,103,111,124,132,154,159,174,178,144,141,131,110,101,60,42,3,79
2,3,0,10,46,102,87,101,125,133,148,170,155,157,162,156,142,124,113,104,104,73,12,8
7,5,0,13,82,113,84,104,122,138,156,164,167,163,138,137,131,124,128,112,101,71,24,9
12,10,10,17,40,89,100,101,125,141,144,147,145,147,144,109,113,123,119,117,107,62,50,4
11,13,12,11,17,44,80,105,117,134,140,137,162,152,134,113,114,120,118,119,107,70,57,8
2,10,12,17,13,33,50,101,111,133,158,146,140,136,113,115,111,123,128,123,107,78,51,7
3,13,20,12,13,14,27,47,71,94,110,128,137,135,119,114,102,105,106,120,106,67,48,0
1,4,9,13,14,14,28,45,70,106,120,107,110,101,72,85,69,94,95,105,78,58,22,2
0,6,9,23,26,27,13,37,62,116,97,89,100,114,77,83,70,86,123,88,83,74,11,0
5,0,0,5,12,14,13,13,56,86,104,93,81,84,62,61,65,73,119,104,63,52,12,3
2,8,10,5,9,11,10,13,54,74,94,105,86,65,54,53,72,65,97,104,64,35,9,2
6,13,9,13,10,10,10,19,28,61,109,142,81,56,53,52,58,61,87,120,66,33,10,0
5,9,13,11,11,12,4,10,41,57,82,84,64,50,50,41,13,63,54,59,50,12,1,0
0,9,12,12,13,2,7,5,24,51,59,54,51,35,14,12,9,51,42,50,30,10,0,0
0,9,7,13,14,11,0,7,47,48,52,51,31,14,10,7,0,13,12,12,11,3,2,6
5,12,11,13,12,13,10,11,46,58,55,43,28,13,12,7,0,0,14,11,6,0,0,0
10,11,11,10,13,14,7,11,50,60,58,54,20,21,14,7,0,0,7,13,8,0,0,0
10,9,9,11,13,10,0,18,30,62,61,52,12,8,10,9,2,3,7,13,13,12,0,0
11,9,12,11,8,9,0,9,21,45,52,36,10,13,4,2,7,12,13,14,25,10,5,0
0,11,15,12,6,0,0,8,0,15,25,14,10,13,12,0,0,1,11,14,50,13,0,1
9,10,6,12,13,0,0,4,6,0,15,8,5,12,12,12,10,8,9,13,21,13,0,0

0,2,0,0,0,0,2,0,0,0,0,0,0,0,3,0,0,0,0,0,0,0,0,2
0,3,0,7,3,0,0,0,0,0,0,1,0,0,5,7,10,0,0,0,0,0,0,10
0,10,0,3,0,0,1,6,6,2,8,10,50,47,50,14,12,13,4,4,0,6,5,8
0,2,2,0,0,13,14,20,12,13,8,5,60,105,102,86,90,64,17,7,10,14,14,9
0,6,0,0,23,0,0,0,8,0,0,67,78,120,103,108,102,106,59,12,10,0,0,0
8,0,0,10,5,10,4,0,8,26,25,59,114,91,133,126,106,70,53,17,20,0,0,7
0,9,4,4,7,11,14,13,8,15,51,67,90,123,115,119,102,75,52,11,13,12,12,7
0,2,1,10,3,14,32,0,10,53,51,36,70,74,85,86,97,84,56,13,14,4,5,10
0,11,12,0,9,13,54,12,4,0,18,39,52,51,2,60,14,54,26,0,0,0,0,0
4,0,0,6,7,0,13,41,67,77,83,77,75,55,46,61,65,65,57,25,28,14,8,11
2,1,0,0,8,12,67,79,100,109,140,154,145,129,85,93,122,101,87,60,52,36,0,0
0,0,6,0,31,60,83,105,116,173,197,167,179,188,156,161,150,128,123,107,72,57,50,7
0,0,15,17,23,63,74,94,121,177,194,196,204,197,177,178,171,138,134,122,107,82,59,36
3,2,1,12,70,103,102,101,125,166,181,198,198,190,167,166,170,146,135,118,112,94,63,53
0,0,0,4,13,74,39,60,104,133,149,179,165,148,94,133,155,125,94,87,101,63,56,53
10,12,14,17,35,41,9,5,8,21,97,115,98,77,70,92,106,65,100,83,66,48,10,14
7,9,1,7,26,31,54,20,52,58,67,105,86,96,97,99,117,111,114,112,75,11,12,23
11,10,15,13,28,28,28,41,59,89,96,134,148,164,111,102,113,87,105,77,49,36,13,13
2,3,7,51,73,36,25,53,100,82,111,156,171,167,146,133,128,122,111,102,77,52,6,9
0,0,12,68,106,97,43,97,113,125,142,182,189,175,161,160,150,104,114,86,100,41,6,21
0,6,19,71,100,60,54,55,107,128,142,179,197,190,163,148,155,139,91,75,53,42,4,18
0,5,21,36,87,53,38,34,82,101,148,182,205,200,201,196,157,143,131,107,83,43,0,34
5,5,3,13,79,69,61,100,119,118,140,154,185,202,193,167,154,130,119,102,55,37,7,60
0,0,9,13,65,129,105,103,110,124,132,154,159,174,178,144,141,131,110,101,60,43,3,78
2,3,0,10,46,102,85,102,125,133,148,170,155,156,161,156,142,124,113,104,104,73,12,8
7,5,0,13,80,113,84,104,122,138,155,164,167,163,138,137,130,124,128,112,101,72,24,9
12,10,10,18,40,89,100,101,125,140,144,147,145,147,144,109,113,123,119,117,108,63,50,4
11,13,12,11,17,44,80,105,117,134,140,136,161,152,134,113,114,120,118,119,107,70,56,8
2,10,12,16,13,33,48,101,111,133,158,146,140,136,113,115,111,123,128,123,107,78,51,7
2,13,20,12,13,14,27,47,71,94,110,128,137,135,119,115,102,105,106,120,105,67,48,0
1,4,9,13,14,14,28,45,70,106,121,106,110,101,72,85,69,95,95,105,78,58,22,2
0,6,9,23,26,27,13,39,62,116,97,89,99,114,77,83,70,86,123,88,83,73,11,0
5,0,0,5,12,14,13,13,56,86,104,93,81,84,62,61,65,73,119,104,63,52,12,3
2,8,10,5,9,11,10,13,54,74,94,105,86,65,54,53,72,65,96,104,64,34,9,3
6,13,9,13,10,10,10,19,29,61,109,142,81,56,53,52,58,61,87,120,66,34,10,0
5,9,13,11,11,12,4,10,41,57,83,84,63,51,50,41,13,63,54,59,50,12,1,0
0,9,12,12,13,3,7,5,25,51,59,54,51,35,14,12,9,51,41,50,30,10,0,0
0,9,7,13,14,11,0,7,46,49,52,51,31,14,10,7,0,13,12,12,11,3,2,6
5,12,11,13,12,13,10,11,47,58,55,43,28,13,12,7,0,0,14,11,6,0,0,0
10,11,11,10,13,14,7,11,49,60,58,54,20,21,14,7,0,0,7,13,8,0,0,0
10,9,9,11,13,10,0,18,29,62,61,52,12,8,10,9,2,3,7,13,13,12,0,0
11,9,12,11,8,9,0,9,21,46,52,36,10,13,4,3,7,12,13,14,27,10,5,0
0,11,15,12,6,0,0,8,0,15,25,16,10,13,12,0,0,1,12,14,50,13,0,2
9,10,6,12,13,0,0,4,7,0,15,8,5,12,12,12,10,8,9,13,20,13,0,0

0,2,0,0,0,0,2,0,0,0,0,0,0,0,3,0,0,0,0,0,0,0,0,2
0,3,0,7,2,0,0,0,0,0,0,1,0,0,5,6,10,0,0,0,0,0,0,10
0,10,0,2,0,0,1,6,6,2,8,10,51,45,50,13,12,13,3,4,0,6,5,8
0,2,2,0,0,13,14,18,12,13,8,5,61,105,102,85,87,64,15,7,10,14,14,9
0,6,0,0,23,0,0,0,8,0,0,67,78,121,103,108,102,105,59,12,10,0,0,0
8,0,0,9,5,10,3,0,7,26,26,59,114,91,132,126,109,72,53,16,21,0,0,7
0,9,3,4,7,11,14,13,8,15,52,67,89,122,115,122,108,76,51,11,13,12,12,7
0,2,0,10,3,14,32,0,10,53,51,35,70,74,84,86,98,84,56,13,14,4,5,10
0,11,12,0,9,13,54,12,4,0,19,43,52,51,1,60,14,54,31,0,0,0,0,0
4,0,0,6,7,0,14,43,67,77,83,77,75,56,47,61,65,66,57,25,28,14,8,11
2,1,0,0,9,12,67,79,100,109,140,155,146,130,85,94,122,101,87,60,52,35,0,0
0,0,7,0,32,60,83,105,116,173,197,167,179,189,156,161,150,128,123,107,72,57,50,7
0,0,16,17,24,63,74,93,121,177,194,197,204,198,177,179,171,138,134,122,107,82,59,37
3,2,2,12,70,103,102,101,125,167,181,199,198,190,167,166,170,146,136,118,112,93,64,53
0,0,0,4,14,74,39,61,104,133,149,180,166,149,94,133,155,125,94,87,102,64,57,54
11,12,14,18,36,42,9,5,8,24,97,115,98,77,70,93,106,65,100,84,66,50,10,14
7,9,2,7,28,33,54,20,52,58,67,105,86,96,96,99,117,111,114,112,76,11,12,25
11,11,15,13,28,28,28,41,59,89,96,133,148,164,111,102,113,87,105,77,49,36,13,13
2,3,8,52,73,36,25,53,100,81,112,156,171,166,145,133,128,121,111,102,78,52,6,9
0,0,12,68,106,97,45,99,113,125,141,180,188,175,160,159,150,104,114,86,100,40,6,23
0,6,19,71,100,60,55,55,107,128,142,178,196,189,162,147,155,139,90,75,53,43,4,18
0,5,21,36,87,53,39,34,82,101,147,181,204,199,200,196,156,143,131,106,84,43,0,36
5,5,3,13,79,69,61,100,119,118,139,154,185,201,192,166,154,130,119,102,55,37,7,60
0,1,9,13,65,129,105,103,110,124,132,153,159,174,178,144,141,131,110,101,60,43,4,79
2,3,0,10,46,102,85,101,125,133,148,170,155,157,162,156,143,124,113,104,104,73,12,8
7,5,0,14,82,113,84,104,122,138,155,164,167,164,138,137,131,124,128,112,102,71,24,9
12,10,10,19,43,89,100,101,125,141,144,147,145,147,144,109,113,123,119,117,108,63,50,4
11,13,12,11,18,45,81,105,117,134,140,136,162,152,134,113,114,120,118,119,108,71,57,8
2,10,12,16,13,33,49,101,111,133,158,146,140,136,113,115,111,123,128,123,107,78,51,7
3,13,20,12,13,14,27,46,71,93,110,128,137,135,119,115,102,105,106,120,105,67,47,0
1,4,9,13,14,14,28,45,70,105,121,106,110,101,72,85,69,94,95,105,78,58,23,2
0,6,9,23,26,27,13,39,62,117,97,89,100,114,77,83,70,86,123,88,83,73,11,0
5,0,0,5,12,14,13,13,56,86,104,94,81,84,62,61,65,73,120,104,63,52,12,3
2,8,10,5,9,11,10,13,54,74,94,105,86,65,54,53,72,65,97,104,64,34,9,3
7,13,9,13,10,11,10,20,28,61,109,142,81,56,53,52,58,61,87,119,66,34,10,0
5,9,14,11,11,12,4,10,42,57,83,84,63,50,50,41,13,63,54,59,50,12,1,0
0,9,12,13,13,3,7,5,24,51,59,54,51,36,14,12,9,51,42,50,30,10,0,0
0,9,7,13,14,11,0,7,46,48,52,51,31,14,10,7,0,13,12,12,11,3,2,6
5,12,11,13,13,13,10,11,46,58,55,42,28,13,12,7,0,0,14,11,6,0,0,0
10,11,11,10,13,14,7,11,50,59,58,54,19,21,14,7,0,0,7,13,8,0,0,0
10,9,9,11,13,10,0,18,29,63,61,51,12,9,10,9,3,4,7,13,13,12,0,0
11,9,12,11,8,9,0,9,21,46,52,34,10,13,4,3,7,12,13,14,28,10,5,0
0,11,15,12,6,0,0,8,0,15,25,16,10,13,12,1,0,2,12,14,50,13,0,1
9,10,6,12,13,0,0,4,6,0,15,8,5,11,12,12,10,8,9,13,20,13,0,0

0,2,0,0,0,0,2,0,0,0,0,0,0,0,3,0,0,0,0,0,0,0,0,2
0,3,0,7,2,0,0,0,0,0,0,1,0,0,5,6,10,0,0,0,1,0,0,10
0,10,0,2,0,0,1,6,6,2,8,10,51,47,50,14,12,13,0,3,0,6,5,8
0,2,1,0,0,13,14,19,12,13,8,5,62,105,102,86,89,63,14,7,9,14,14,9
0,6,0,0,23,0,0,0,8,0,0,68,79,121,103,108,102,106,59,13,10,0,0,0
8,0,0,9,5,10,3,0,7,26,26,60,115,91,132,126,107,71,53,17,19,0,0,7
0,9,3,4,7,11,14,13,8,14,52,67,90,123,115,121,106,76,51,11,13,12,12,7
0,2,1,10,3,14,32,0,10,53,51,38,71,74,85,86,98,84,56,13,14,4,5,10
0,11,12,0,9,13,54,12,4,0,21,47,52,51,2,60,14,53,29,0,0,0,0,0
4,0,0,6,8,0,14,45,67,77,83,78,75,56,48,61,65,65,57,25,28,14,8,11
2,1,0,0,9,12,67,79,101,109,140,156,146,130,85,94,122,101,87,60,52,35,0,0
0,0,7,0,32,61,83,105,116,173,197,168,180,189,157,161,151,128,123,107,72,57,50,7
0,0,16,18,24,63,74,93,121,177,194,197,205,198,178,179,172,139,135,123,107,83,59,36
3,2,2,12,71,103,102,101,125,167,182,199,198,191,168,166,171,147,136,118,112,94,64,54
0,0,0,4,14,74,40,61,104,134,150,180,166,149,94,133,155,126,95,88,102,63,57,54
11,12,14,18,36,42,9,6,8,24,98,115,98,77,70,93,106,65,100,84,67,50,10,14
7,9,2,7,30,34,54,20,52,58,67,105,86,96,97,98,117,111,114,112,75,11,12,25
11,11,15,13,29,28,28,41,59,89,95,133,147,163,110,102,112,87,105,77,49,36,13,13
2,4,8,52,74,36,25,53,100,81,111,155,170,166,145,132,128,121,111,102,77,52,6,10
0,0,12,68,107,97,44,99,113,125,141,180,187,173,158,158,149,104,114,86,100,41,6,23
0,6,19,73,100,60,55,55,107,128,142,177,195,188,161,147,154,138,90,75,52,43,4,18
0,5,22,37,88,54,39,34,82,100,147,180,202,198,199,195,156,142,130,106,83,44,0,37
6,5,3,13,79,69,62,100,119,118,140,153,184,200,191,165,153,129,119,102,55,37,7,61
0,1,9,13,67,129,105,103,111,124,132,153,158,173,178,144,141,131,110,101,62,45,4,79
2,3,0,10,47,102,85,102,125,133,149,170,155,156,162,156,143,124,113,104,104,73,13,8
7,5,0,14,83,113,84,104,122,138,156,164,167,164,138,137,131,125,128,112,102,72,25,9
12,10,10,18,42,89,100,101,125,141,144,147,145,147,144,109,113,123,119,117,108,63,50,5
11,13,12,11,20,45,82,105,117,134,140,136,162,152,134,113,114,120,119,119,108,71,57,9
2,10,12,16,13,34,49,101,112,133,158,146,140,136,113,115,111,123,128,123,107,78,51,7
3,13,20,12,13,15,28,47,71,94,110,128,137,135,119,115,102,106,107,120,106,67,50,0
1,4,9,13,14,14,28,45,70,106,120,106,110,100,72,85,69,94,96,105,78,58,22,3
0,6,9,23,26,27,13,39,62,117,97,89,99,114,77,83,70,86,123,88,84,73,11,0
5,0,0,5,12,14,13,14,56,86,104,93,81,84,62,61,65,73,120,104,63,52,12,3
2,8,10,5,9,11,10,13,54,74,94,105,86,65,54,53,72,65,97,104,64,35,9,3
6,13,9,13,10,11,10,19,28,61,109,142,81,56,53,52,58,61,87,119,66,33,10,0
5,9,14,11,11,12,4,10,41,57,82,84,63,50,50,42,13,63,54,59,50,12,1,0
0,9,12,13,13,3,7,5,24,51,59,54,51,36,14,12,9,51,41,50,29,10,0,0
0,9,7,13,14,11,0,7,47,48,52,51,32,14,10,7,0,13,12,12,11,3,2,6
5,12,11,13,13,13,10,11,46,58,55,43,28,13,12,8,0,0,14,11,6,0,0,0
10,11,11,10,13,14,7,11,50,60,58,54,20,21,14,7,0,0,7,13,8,0,0,0
9,9,9,11,13,10,0,18,30,63,61,51,12,9,10,9,3,4,7,13,13,12,0,0
11,9,12,11,8,9,0,9,21,45,52,36,10,13,4,3,7,12,13,14,28,10,5,0
0,11,15,12,6,0,0,8,0,15,25,15,10,13,12,1,0,2,11,14,50,13,0,1
9,10,6,12,13,0,0,4,6,0,15,8,5,11,12,12,10,8,9,13,21,13,0,0

0,2,0,0,0,0,2,0,0,0,0,0,0,0,3,0,0,0,0,0,0,0,0,2
0,3,0,7,2,0,0,0,0,0,0,1,0,0,5,6,10,0,0,0,0,0,0,10
0,10,0,2,0,0,0,6,5,1,7,11,51,48,50,14,12,13,0,3,0,6,5,8
0,2,1,0,0,13,13,18,11,13,8,5,62,105,102,87,90,64,15,7,9,14,14,9
0,6,0,0,22,0,0,0,8,0,0,68,79,121,103,108,102,106,60,13,10,0,0,0
8,0,0,9,5,10,2,0,6,26,26,60,116,91,133,126,107,71,53,17,20,0,0,7
0,9,3,3,6,11,14,13,8,14,52,67,90,123,115,121,105,76,51,11,13,12,12,7
0,2,0,10,2,14,33,0,10,53,51,37,71,75,85,86,98,84,56,13,15,4,5,10
0,11,12,0,9,13,54,12,5,0,21,50,52,51,2,60,14,53,29,0,0,0,0,0
4,0,0,6,8,0,14,49,68,78,84,78,76,56,49,62,65,65,57,26,30,14,8,11
2,1,0,0,9,12,68,79,101,109,140,156,146,130,85,94,122,101,87,60,53,36,0,0
0,0,7,0,33,61,84,105,116,173,198,168,180,189,157,162,151,128,124,107,72,57,51,7
0,1,16,18,25,63,74,94,121,177,195,198,205,198,178,179,172,138,135,123,108,82,59,37
3,3,2,12,72,103,102,101,125,168,182,199,198,191,168,166,171,147,136,119,112,93,63,54
0,0,0,4,14,75,40,62,104,134,150,180,166,149,94,133,156,126,95,88,102,65,58,54
11,12,14,18,37,43,9,6,8,25,98,116,98,77,70,93,106,65,100,84,67,50,11,14
7,9,2,7,31,36,54,20,52,58,67,105,86,96,96,98,117,111,114,112,76,11,12,26
11,11,15,13,29,28,28,40,59,89,95,132,147,163,110,101,112,87,105,77,49,36,14,13
2,4,8,52,74,36,25,53,100,81,110,155,169,165,144,132,127,121,111,102,76,52,6,10
0,0,12,68,107,98,45,99,113,125,140,179,187,172,158,157,149,103,113,85,100,41,6,24
0,6,19,72,100,60,55,56,107,128,142,176,194,187,160,146,153,138,90,75,53,42,4,19
0,5,22,37,88,54,39,35,83,101,146,179,201,197,198,194,155,142,130,106,83,44,0,36
6,5,3,13,80,69,62,100,119,118,139,152,183,199,190,165,152,129,119,102,55,37,7,61
0,1,9,13,67,129,105,103,111,124,132,153,158,173,177,144,141,131,110,101,61,46,4,79
2,3,0,10,47,102,86,102,125,133,149,171,155,157,162,156,143,124,113,104,104,73,13,8
7,5,0,14,84,113,84,104,122,138,156,165,167,164,139,137,131,125,128,112,102,72,26,9
12,10,10,19,42,89,100,101,125,141,144,147,145,147,145,109,113,123,120,117,108,63,50,5
11,13,12,11,18,47,82,105,117,134,140,137,162,152,134,113,114,120,119,119,108,71,57,9
2,10,12,16,13,34,49,101,112,133,158,146,140,136,113,115,111,124,128,123,107,79,51,7
3,13,20,12,13,15,28,47,71,94,110,128,137,135,119,115,102,106,107,120,106,67,50,0
1,4,9,13,14,14,28,45,70,105,121,106,110,101,72,85,69,94,95,105,78,58,22,3
0,6,9,23,26,27,13,39,62,117,97,89,99,114,77,83,70,86,123,88,83,73,11,0
5,0,0,5,12,14,14,14,56,86,104,93,81,84,62,61,65,73,120,104,63,52,12,3
2,8,10,5,9,11,10,13,54,74,94,105,86,65,54,53,72,65,97,104,64,34,9,3
6,13,9,13,10,11,10,19,28,61,109,142,81,55,53,52,58,61,87,119,66,33,10,0
5,9,14,11,11,12,4,10,42,57,82,84,63,51,50,42,14,63,54,59,50,12,1,0
0,9,12,13,13,3,7,5,24,51,59,54,51,35,14,12,9,51,41,50,29,10,0,0
0,9,7,13,14,11,0,7,47,48,52,51,31,14,10,8,0,13,12,12,11,3,2,6
5,12,11,13,12,13,10,11,45,58,55,42,28,13,12,8,0,0,14,11,6,0,0,0
10,11,11,10,13,14,7,11,49,59,58,54,21,21,14,7,0,0,7,13,8,0,0,0
9,9,9,12,13,10,0,18,30,62,61,52,12,9,10,10,3,4,7,13,13,12,0,0
11,9,12,11,8,9,0,9,21,46,52,37,10,13,4,3,7,12,13,14,27,10,5,0
0,11,15,12,6,0,0,8,0,15,25,14,10,13,12,1,0,2,12,14,50,13,0,2
9,10,6,12,13,0,0,4,7,0,15,8,5,12,12,12,10,8,10,13,21,13,0,0

0,2,0,0,0,0,2,0,0,0,0,0,0,0,3,0,0,0,0,0,0,0,0,2
0,3,0,6,2,0,0,0,0,0,0,1,0,0,5,6,10,0,0,0,0,0,0,9
0,10,0,2,0,0,0,5,5,1,7,11,51,45,50,14,12,13,0,3,0,6,5,8
0,2,1,0,0,13,13,16,11,12,8,6,62,105,102,88,90,64,15,7,9,14,14,9
0,6,0,0,22,0,0,0,7,0,0,68,79,121,103,108,102,106,60,13,10,0,0,0
7,0,0,9,4,10,2,0,6,26,26,60,115,92,133,126,107,71,54,17,21,0,0,7
0,9,3,3,6,10,14,13,8,14,52,67,90,124,116,121,105,76,51,11,13,12,12,7
0,2,0,10,2,14,34,0,10,53,51,39,71,76,86,87,98,84,56,13,14,4,5,10
0,11,12,0,9,13,54,13,5,0,22,50,52,51,2,60,14,54,31,0,0,0,0,0
4,0,0,6,8,0,14,50,68,78,84,78,76,56,49,62,65,66,57,27,29,14,8,11
2,2,0,0,9,13,68,79,101,110,141,156,147,131,85,94,123,101,87,60,53,36,0,0
0,0,7,0,34,61,84,105,116,174,198,169,180,189,157,162,151,129,124,108,73,57,51,8
0,1,17,18,25,63,74,94,121,177,195,198,205,198,178,179,172,139,135,123,108,82,59,39
3,3,3,12,72,103,102,101,125,167,182,200,199,191,168,167,171,147,136,119,112,94,64,54
0,0,0,4,14,75,41,61,105,134,150,181,166,149,95,133,156,126,95,88,102,65,58,54
11,12,14,19,37,44,9,6,9,28,98,115,98,77,69,93,106,65,100,84,68,50,11,14
7,9,2,7,32,37,54,19,52,58,67,104,86,96,96,98,117,111,114,112,75,11,12,27
11,11,15,13,29,29,28,40,59,89,95,132,147,163,109,101,112,86,105,76,49,36,14,13
2,4,8,52,74,37,25,53,100,81,110,154,168,164,144,131,127,121,111,102,76,52,6,10
0,0,12,68,107,98,45,99,113,125,140,178,186,171,156,156,148,103,113,85,100,42,6,24
0,6,19,73,100,61,55,57,107,128,141,175,193,186,159,146,152,138,89,74,53,42,4,19
0,5,22,37,89,54,39,35,83,101,146,178,200,196,197,193,154,141,130,106,83,43,0,38
6,5,3,13,80,69,62,100,119,118,139,152,182,198,189,164,151,129,118,102,56,37,7,61
0,1,9,13,70,130,105,103,111,124,132,153,158,173,177,144,141,131,110,101,61,48,4,80
2,3,0,11,47,102,87,102,125,134,149,171,155,157,162,156,143,124,113,105,104,74,13,9
7,5,1,14,84,113,85,104,122,138,156,165,168,164,139,138,131,125,128,112,102,72,27,9
12,10,10,19,42,89,100,101,125,141,145,147,146,147,145,109,113,123,120,117,108,63,50,5
11,13,12,11,18,47,82,105,117,135,140,136,162,152,134,113,114,120,119,119,108,71,57,9
2,10,12,16,13,34,50,101,112,133,158,146,140,136,113,115,111,124,128,123,107,79,51,8
3,13,20,12,13,15,28,47,71,94,110,128,137,135,119,115,102,106,107,120,106,67,50,0
1,4,9,13,14,14,29,45,70,105,121,106,110,100,72,85,69,94,95,105,78,58,22,3
0,6,9,23,26,27,13,39,62,117,97,89,100,114,77,83,70,86,123,88,84,74,11,0
5,0,0,5,12,14,14,14,56,86,104,93,81,84,62,61,65,73,120,104,63,52,12,4
2,8,10,5,9,11,10,13,54,74,94,105,86,65,54,53,72,65,97,104,64,35,9,3
6,13,9,13,11,11,10,19,29,61,108,142,81,56,53,52,58,61,87,119,66,34,10,0
5,9,14,11,11,12,4,10,41,57,82,83,63,50,50,41,14,63,54,59,50,12,1,0
0,9,12,13,13,3,7,5,25,51,59,54,51,36,14,12,9,51,42,50,29,10,0,0
0,9,7,13,14,11,0,7,48,48,52,51,33,14,10,8,0,13,12,12,11,3,2,6
5,12,11,13,13,13,10,11,47,58,55,43,28,13,12,8,0,0,14,11,6,0,0,0
10,11,11,10,13,14,8,11,48,60,58,54,20,21,14,7,0,0,7,13,8,0,0,0
10,9,9,11,13,10,0,18,30,62,61,52,12,9,10,10,3,4,7,13,13,12,0,0
11,9,12,11,8,9,0,9,21,45,52,36,10,13,4,3,7,12,13,14,27,10,5,0
0,11,15,12,6,0,0,8,0,15,25,16,10,13,12,1,0,2,12,14,50,13,0,2
9,10,6,12,13,0,0,4,7,0,16,8,5,12,12,12,10,8,10,13,20,13,0,0

0,2,0,0,0,0,2,0,0,0,0,0,0,0,2,0,0,0,0,0,0,0,0,2
0,3,0,6,2,0,0,0,0,0,0,1,0,0,5,6,10,0,0,0,0,0,0,9
0,10,0,2,0,0,0,5,4,1,7,10,51,48,50,14,12,13,1,3,0,6,5,8
0,1,1,0,0,13,12,17,11,12,8,6,63,105,103,88,92,64,16,7,9,14,14,9
0,6,0,0,22,0,0,0,7,0,0,68,79,121,103,108,102,106,60,13,10,0,0,0
7,0,0,9,4,9,1,0,6,26,26,61,116,92,134,126,107,71,54,18,20,0,0,7
0,9,3,3,6,10,14,13,8,14,52,67,90,124,116,121,105,76,51,11,13,12,12,7
0,2,0,10,2,14,36,0,10,53,51,40,72,76,86,87,98,84,56,13,15,4,5,10
0,11,12,0,9,13,54,13,5,0,22,51,52,51,2,60,14,54,31,0,0,0,0,0
4,0,0,6,8,0,14,50,68,78,84,78,76,56,48,62,65,66,57,28,30,14,8,11
2,2,0,0,9,13,68,80,101,110,141,157,147,131,85,95,123,102,87,60,53,37,0,0
0,0,7,0,34,61,84,105,117,174,199,169,180,190,157,162,151,129,124,108,72,57,51,8
0,1,17,19,25,63,74,94,122,178,195,198,206,199,178,179,172,139,135,123,108,83,59,39
3,3,3,12,72,103,102,101,125,168,182,200,199,191,168,167,171,147,136,119,112,94,64,54
0,0,0,4,14,75,41,61,105,134,150,181,167,149,95,134,156,126,95,88,102,65,58,54
11,12,14,19,37,44,9,6,9,28,97,116,98,77,69,93,106,65,100,85,67,50,11,14
7,9,2,7,32,38,54,18,52,58,66,104,86,96,96,98,117,111,114,112,75,11,12,27
11,11,15,13,29,29,28,40,59,89,94,132,147,162,109,101,112,86,104,77,49,36,14,13
3,4,8,52,75,37,25,53,100,81,110,153,168,164,144,131,127,121,111,102,76,52,6,10
0,0,12,68,107,98,45,99,113,124,140,178,185,171,156,156,148,103,113,85,100,41,6,25
0,6,19,73,100,61,55,56,107,128,141,175,193,186,159,145,152,137,89,74,52,42,4,20
0,6,22,37,89,54,40,35,83,101,146,178,200,196,197,193,154,141,130,106,83,44,0,38
6,6,3,13,80,69,62,100,119,118,140,152,182,197,189,163,151,129,118,102,56,37,7,61
0,1,9,13,70,130,105,104,111,124,133,153,158,172,176,143,140,131,110,101,61,50,4,79
2,3,0,10,47,102,87,102,125,134,149,171,155,157,162,156,143,124,113,105,104,74,13,9
7,5,1,14,84,113,85,104,122,138,156,165,168,164,139,138,131,125,128,112,102,72,27,9
12,10,10,20,43,89,100,101,125,141,144,147,146,147,145,109,113,123,120,117,108,63,50,5
11,13,12,12,18,47,85,105,117,135,140,137,162,152,134,114,114,120,119,119,108,71,58,9
2,10,12,17,13,34,50,101,111,133,158,146,140,136,113,115,111,124,128,123,107,78,51,8
3,13,20,12,13,16,29,47,71,94,110,128,137,135,119,115,102,106,107,120,106,67,50,0
1,4,9,13,14,14,29,45,70,105,121,106,110,101,72,85,69,95,96,105,78,58,23,3
0,6,9,23,26,27,13,40,62,117,97,89,99,114,77,83,70,86,123,88,84,73,11,0
5,0,0,5,12,14,14,14,56,86,104,94,81,84,62,62,65,73,120,105,63,52,12,4
2,8,10,5,9,11,10,13,54,74,94,105,86,65,54,53,72,65,97,104,64,35,9,3
6,13,9,13,11,11,10,20,28,61,108,142,81,56,53,52,58,61,87,119,66,33,10,0
5,9,14,11,11,12,4,10,42,57,82,84,63,50,50,42,13,63,54,59,50,12,1,0
0,9,12,13,13,3,7,5,24,51,59,54,51,36,14,12,9,51,42,50,30,10,0,0
0,9,7,13,15,11,0,7,46,48,52,51,32,14,10,8,0,13,12,12,11,3,2,6
5,12,11,13,13,13,10,11,46,58,55,43,28,13,12,8,0,0,14,11,6,0,0,0
10,11,11,10,13,14,8,11,48,60,58,54,20,21,14,7,0,0,7,13,8,0,0,0
10,9,9,12,13,10,0,18,29,62,62,51,12,9,10,10,3,4,7,13,13,12,0,0
11,9,12,11,8,9,0,9,21,46,51,34,10,13,4,4,7,12,13,14,27,10,5,0
0,11,15,12,6,0,0,8,0,15,24,16,10,13,12,1,0,2,11,14,50,13,0,2
9,10,6,12,13,0,0,4,7,0,15,8,5,12,12,12,10,8,10,13,20,13,0,0

0,2,0,0,0,0,2,0,0,0,0,0,0,0,2,0,0,0,0,0,0,0,0,2
0,3,0,6,2,0,0,0,0,0,0,1,0,0,5,6,10,0,0,0,0,0,0,9
0,10,0,2,0,0,0,5,4,1,7,10,51,48,50,14,12,13,1,4,0,5,5,8
0,1,0,0,0,13,12,15,11,12,8,6,64,105,103,88,91,64,16,7,9,14,14,9
0,6,0,0,22,0,0,0,7,0,0,68,79,121,103,108,102,106,60,13,10,0,0,0
7,0,0,9,4,9,1,0,6,26,26,61,116,92,134,127,107,71,54,18,20,0,0,7
0,9,2,2,6,10,13,13,8,14,52,67,91,124,116,121,105,76,51,11,13,12,12,7
0,2,0,9,2,14,34,0,10,53,51,40,72,76,86,87,98,84,56,13,15,4,5,10
0,11,12,0,9,13,54,13,5,1,24,51,52,52,2,60,14,54,32,0,0,0,0,0
4,0,0,6,8,0,14,51,68,78,84,78,76,56,49,61,65,66,57,28,31,14,8,11
2,2,0,0,9,13,68,80,101,110,141,158,147,131,85,95,123,102,87,60,53,38,0,0
0,0,7,0,34,61,84,105,117,174,199,169,181,190,157,162,151,129,125,108,73,57,51,8
0,1,17,19,26,63,74,94,122,178,195,198,206,199,178,179,172,139,135,123,108,82,59,40
3,3,3,12,73,103,102,101,125,168,183,200,199,191,168,167,171,147,136,119,112,94,63,54
0,0,0,4,14,75,41,62,105,134,150,181,167,149,95,134,156,126,95,88,102,65,58,54
11,12,14,19,38,45,9,6,9,29,97,116,98,77,69,93,106,65,100,85,68,50,11,14
7,9,2,7,33,40,54,18,52,58,66,104,86,96,96,98,117,111,114,112,75,11,12,28
11,11,16,13,29,28,28,40,59,89,95,131,146,162,109,101,112,86,104,76,49,36,14,13
3,4,8,52,74,37,25,53,100,81,110,153,168,164,144,131,127,121,111,102,76,51,6,10
0,0,12,68,107,98,44,99,113,124,140,178,185,171,156,156,148,103,113,85,100,42,6,24
0,6,20,73,100,61,56,57,107,128,141,175,193,186,158,145,152,137,89,74,52,42,4,20
0,5,22,37,89,54,40,35,83,101,146,177,199,196,197,193,153,141,130,106,84,44,0,38
6,6,4,13,80,70,62,100,120,118,139,152,181,197,189,163,151,129,118,102,56,38,7,61
0,1,9,13,70,130,105,104,111,125,133,153,157,172,176,143,140,131,110,101,62,50,4,80
2,3,0,11,48,103,87,102,126,134,150,171,155,157,162,156,143,124,114,105,104,74,13,9
7,5,1,14,85,113,86,104,122,138,156,165,168,164,139,138,132,125,128,112,102,72,27,9
12,10,10,20,43,90,100,101,125,141,144,147,146,147,145,109,113,123,120,117,108,64,50,5
11,13,12,12,18,47,83,105,117,134,140,137,162,152,134,114,114,120,119,119,108,71,57,9
2,10,12,17,13,34,50,101,111,133,158,146,140,136,113,115,111,124,128,123,107,79,51,8
3,13,20,12,13,16,29,47,71,94,110,128,137,135,119,115,102,106,107,120,106,67,50,0
1,4,9,13,14,14,29,45,70,106,120,106,110,100,72,85,69,95,96,105,78,58,23,3
0,6,9,23,26,28,13,39,62,116,97,89,99,114,78,83,70,86,123,88,84,74,11,0
5,0,0,5,12,14,14,14,56,86,104,93,81,84,62,61,65,73,120,105,63,52,12,4
2,8,10,5,9,11,10,13,54,74,94,105,86,65,54,53,72,65,97,104,64,35,9,3
7,13,9,13,11,11,10,19,28,61,108,142,81,56,53,52,59,61,87,119,66,33,11,0
5,9,14,11,11,12,4,10,41,57,82,84,63,50,50,41,14,63,54,59,50,12,1,0
0,9,12,13,13,3,7,5,24,51,59,54,51,36,14,12,9,51,41,50,30,10,0,0
0,9,7,13,15,11,0,7,46,48,52,51,31,14,10,8,0,13,12,12,11,3,2,6
5,12,11,13,13,13,10,11,46,58,55,43,28,13,12,8,0,0,14,11,6,0,0,0
10,11,11,10,13,15,8,11,49,60,58,54,21,21,14,7,0,0,7,13,8,0,0,0
10,9,9,12,13,10,0,18,30,63,61,52,13,9,10,10,3,4,8,13,13,12,0,0
11,9,12,11,8,9,0,9,21,46,52,34,10,13,4,4,7,12,13,14,27,10,5,0
0,11,15,12,6,0,0,8,0,15,25,16,10,13,12,2,0,2,12,14,50,13,0,2
9,10,6,12,13,0,0,4,7,0,16,8,5,12,12,12,10,8,9,13,20,13,0,0

0,2,0,0,0,0,2,0,0,0,0,0,0,0,2,0,0,0,0,0,0,0,0,2
0,3,0,6,2,0,0,0,0,0,0,1,0,0,5,6,10,0,0,0,0,0,0,9
0,10,0,1,0,0,0,5,4,0,6,11,51,50,50,14,12,13,2,4,0,5,5,8
0,1,0,0,0,13,12,15,11,12,8,6,64,106,103,89,92,64,16,7,9,14,14,9
0,5,0,0,22,0,0,0,7,0,0,68,80,122,103,108,102,107,60,13,10,0,0,0
7,0,0,9,3,9,1,0,6,26,27,61,116,92,134,127,107,71,54,18,21,0,0,7
0,9,2,2,6,10,13,12,8,14,52,67,91,124,116,122,105,76,52,11,13,12,12,7
0,2,0,9,2,14,36,0,10,53,51,41,72,77,87,87,99,84,56,13,16,4,5,10
0,11,12,0,9,13,54,13,5,0,22,51,52,52,2,60,14,54,33,0,0,0,0,0
4,0,0,6,8,0,14,51,69,78,84,78,76,56,49,62,65,66,57,28,32,14,8,11
2,2,0,0,10,13,68,80,102,110,141,158,147,131,85,95,123,102,87,60,53,38,0,0
0,0,7,0,35,61,84,105,117,174,199,169,181,190,157,162,151,129,125,108,72,58,51,8
0,1,17,19,26,63,74,94,122,178,196,198,206,199,179,179,172,139,135,124,108,82,60,41
3,3,4,13,74,103,102,101,125,168,183,200,199,192,169,167,171,147,137,119,112,93,64,55
0,0,0,4,14,75,41,62,105,134,150,181,167,149,95,134,156,126,95,88,102,65,58,54
11,12,14,19,38,46,9,6,9,28,98,116,99,77,69,93,106,66,100,85,67,50,11,14
7,9,2,7,34,42,54,19,52,58,67,104,86,96,96,98,117,111,114,112,76,11,12,28
11,11,16,13,29,29,28,40,59,89,94,132,146,162,109,100,112,86,105,77,49,36,14,13
3,4,8,52,75,37,25,53,100,81,110,153,168,164,144,131,127,121,111,102,76,52,6,10
0,0,12,69,107,98,45,99,113,124,140,178,185,171,156,156,148,103,113,85,100,41,6,25
0,6,20,73,100,61,56,57,107,128,141,175,193,186,158,145,152,137,89,74,52,43,4,20
0,6,22,37,89,54,40,35,83,101,146,177,199,196,196,192,153,141,130,106,83,45,0,38
6,6,4,13,80,70,63,100,119,118,139,152,181,197,188,163,151,129,118,102,56,38,8,61
0,1,9,13,72,130,105,104,111,125,133,153,157,172,176,143,140,131,110,101,64,50,5,80
2,3,0,11,48,103,86,102,126,134,149,171,154,157,162,157,143,124,114,105,104,74,13,9
7,5,1,14,84,113,85,104,122,138,156,165,168,165,139,138,132,125,128,112,102,72,26,9
12,10,10,19,44,90,100,101,125,141,144,147,146,147,145,109,113,123,120,117,108,64,50,5
11,13,12,11,18,47,85,105,117,135,140,137,162,152,134,114,114,120,119,119,108,71,58,9
2,10,12,17,13,34,50,101,112,133,158,146,140,136,113,115,111,124,128,123,107,79,51,8
3,13,20,12,13,16,29,47,71,94,110,128,137,135,119,115,103,106,107,120,106,67,50,0
1,4,9,13,14,14,29,45,70,105,121,106,110,100,72,85,69,94,96,105,78,58,22,3
0,6,9,23,26,27,13,39,62,116,97,89,99,114,77,83,70,86,123,88,84,74,11,0
5,0,0,5,12,14,14,14,56,86,104,93,81,84,62,61,65,73,120,105,63,52,12,4
2,8,10,5,9,11,10,13,54,74,94,105,86,65,54,53,72,65,97,105,64,35,9,3
7,13,9,13,11,11,10,20,29,61,109,143,81,55,53,52,58,61,87,119,66,35,10,0
5,9,14,12,11,12,4,10,41,57,82,84,63,51,50,41,14,63,54,59,50,13,1,0
0,9,12,13,13,3,7,5,24,51,59,54,51,36,14,12,9,51,41,50,29,10,0,0
0,9,7,13,15,11,0,7,47,48,52,51,32,14,10,8,0,13,12,12,11,3,2,6
5,12,11,13,13,13,10,11,46,58,55,43,29,13,12,9,0,0,14,11,6,0,0,0
10,11,11,10,13,15,8,11,50,60,58,54,21,21,14,7,0,0,7,13,8,0,0,0
10,9,9,11,13,10,0,18,30,63,61,52,13,9,10,10,3,4,8,13,13,12,0,0
11,9,12,11,9,9,0,9,21,46,52,34,10,14,5,4,7,12,13,14,27,10,5,0
0,11,15,12,6,0,0,8,0,15,26,16,11,13,12,2,0,2,12,14,50,13,0,2
9,10,6,12,13,0,0,4,7,0,15,8,5,12,12,12,10,8,9,13,20,13,0,0

0,2,0,0,0,0,2,0,0,0,0,0,0,0,2,0,0,0,0,0,0,0,0,1
0,3,0,6,2,0,0,1,0,0,0,1,0,0,5,6,9,0,0,0,0,0,0,9
0,10,0,1,0,0,0,5,3,0,6,10,51,48,50,14,12,13,2,4,0,5,5,8
0,1,0,0,0,13,12,15,11,12,8,6,64,106,103,89,92,65,16,7,9,14,14,9
0,5,0,0,21,0,0,0,7,0,0,69,80,122,103,109,102,107,61,13,10,0,0,0
7,0,0,9,3,9,1,0,6,26,27,61,116,92,135,127,108,71,54,19,21,0,0,7
0,9,2,2,5,10,13,12,8,14,52,68,91,124,116,122,105,76,52,11,13,12,12,6
0,2,0,9,1,13,36,0,10,53,51,41,72,77,87,87,99,85,56,13,15,4,5,10
0,11,12,0,9,13,54,13,5,1,22,51,52,52,2,60,14,54,34,0,0,0,0,0
4,0,0,6,7,0,14,51,69,78,84,78,76,56,49,61,65,66,57,28,32,14,9,12
2,2,0,0,10,13,68,80,101,110,141,157,147,131,85,95,123,102,87,60,53,38,0,0
0,0,7,0,36,61,84,105,117,174,199,168,180,189,157,162,151,130,125,108,73,57,52,8
0,1,17,19,26,63,74,94,122,178,195,198,205,198,178,179,172,139,135,124,108,83,60,39
3,3,4,13,74,103,102,101,125,168,182,200,199,191,168,166,171,147,137,119,112,94,64,55
0,0,0,4,14,75,40,62,105,134,151,181,167,149,95,134,156,126,95,88,102,65,58,54
11,12,14,19,38,46,9,6,9,28,98,116,99,77,70,93,106,65,100,85,68,50,11,15
7,9,2,7,34,41,54,19,52,58,67,104,86,96,96,98,117,111,114,112,76,11,12,27
11,11,16,13,29,29,28,41,59,89,95,133,147,163,110,101,112,87,105,77,49,36,14,13
3,4,8,52,75,37,26,53,100,81,111,154,169,165,145,132,127,121,111,102,77,52,7,10
0,0,12,68,107,98,45,100,113,125,140,179,187,172,158,157,149,103,113,86,100,42,6,25
0,6,20,73,100,61,56,57,107,128,141,176,194,187,160,146,153,138,90,74,52,42,4,20
0,6,22,37,89,54,40,35,83,101,146,179,201,197,198,194,155,142,130,106,84,44,0,38
6,6,4,13,80,69,62,100,119,118,139,152,183,198,190,164,152,129,118,102,56,37,7,61
0,1,9,13,70,130,105,103,110,124,132,153,158,173,177,143,140,131,110,101,62,47,4,80
2,3,0,11,47,102,86,102,125,133,149,170,154,156,162,156,143,124,113,105,104,74,13,9
7,5,1,14,85,113,85,104,122,138,155,164,167,164,138,137,131,125,128,112,102,73,27,9
12,10,10,20,42,89,100,101,125,140,144,147,145,147,144,109,113,123,120,117,108,63,50,5
11,13,12,12,18,47,83,105,117,134,140,136,161,152,134,113,114,120,119,119,108,71,57,9
2,10,12,17,13,34,50,101,111,133,158,145,140,136,113,115,111,123,128,123,107,78,51,8
3,13,21,12,13,15,28,47,71,94,110,128,136,135,119,115,102,106,107,120,106,67,50,0
1,4,9,13,14,14,29,45,70,105,120,106,110,100,72,85,69,94,96,105,78,58,23,3
0,6,9,23,27,28,13,40,62,117,97,89,99,114,77,83,70,86,123,88,84,74,11,0
5,0,0,5,12,14,14,14,56,86,103,93,81,84,62,61,65,73,120,105,63,52,12,3
2,8,10,5,9,11,10,13,54,74,94,105,86,66,54,53,72,65,97,105,64,34,9,3
7,13,9,13,11,11,10,20,28,61,109,144,81,56,53,52,58,61,87,119,66,34,10,0
5,9,14,12,11,12,4,10,42,57,82,84,63,51,50,42,13,63,54,59,50,12,1,0
0,9,12,13,13,3,7,5,24,51,59,54,51,35,14,12,9,51,42,50,29,10,0,0
0,9,7,13,15,11,0,7,48,49,52,51,33,14,10,8,0,13,12,12,11,3,2,6
5,12,12,13,13,13,10,11,46,58,55,42,29,13,12,9,0,0,14,11,6,0,0,0
10,11,11,10,13,14,8,11,49,60,58,54,21,21,14,7,0,0,7,13,8,0,0,0
9,9,9,12,13,10,0,18,30,62,62,52,13,9,10,10,3,4,8,13,13,12,0,0
11,9,12,11,9,9,0,9,21,48,52,37,10,14,5,4,7,12,13,14,29,10,5,0
0,11,15,12,6,0,0,8,0,15,26,15,11,13,12,2,0,2,12,14,50,13,0,2
9,10,6,12,13,0,0,4,7,0,15,8,5,12,12,12,10,8,10,13,20,13,0,0

0,2,0,0,0,0,2,0,0,0,0,0,0,0,2,0,0,0,0,0,0,0,0,1
0,3,0,6,2,0,0,1,0,0,0,1,0,0,5,5,10,0,0,0,0,0,0,9
0,10,0,1,0,0,0,5,3,0,6,10,51,48,50,14,12,13,1,3,0,5,5,8
0,1,0,0,0,13,11,14,11,12,8,6,64,106,103,90,92,64,15,7,9,14,14,9
0,5,0,0,21,0,0,0,7,0,0,68,80,122,103,109,102,107,60,13,10,0,0,0
7,0,0,9,3,9,0,0,6,26,27,61,116,92,135,127,108,71,54,19,20,0,0,7
0,9,2,2,5,10,13,12,8,14,52,67,91,125,116,122,105,76,52,11,13,12,12,7
0,2,0,9,1,14,35,0,10,53,51,44,73,76,86,87,99,85,57,13,16,4,5,10
0,11,12,0,9,13,54,13,5,1,22,51,52,52,2,60,14,54,36,0,0,0,0,0
4,0,0,6,8,0,15,51,69,79,84,78,76,56,49,62,65,66,57,29,32,14,9,12
2,2,0,0,10,13,68,80,101,110,141,156,146,130,85,95,123,102,88,60,53,38,0,0
0,0,7,0,35,61,84,105,117,174,199,169,180,189,157,162,151,129,125,108,73,58,52,8
0,1,17,19,26,63,74,94,122,178,195,198,205,198,178,179,172,139,135,124,108,83,60,40
3,3,4,13,74,103,102,101,125,168,182,200,198,191,168,166,171,147,137,119,112,94,64,55
0,0,0,4,14,76,41,62,105,134,150,181,167,149,95,134,156,126,95,88,102,65,58,54
11,12,14,20,38,46,9,6,8,26,97,116,99,77,70,93,106,65,100,85,67,50,11,14
7,9,2,7,37,42,54,19,52,58,67,104,86,97,97,99,117,111,114,112,76,11,12,28
11,11,16,13,29,29,28,41,59,89,96,133,148,165,111,102,113,87,105,77,49,36,14,13
3,4,8,53,75,37,26,53,100,81,111,156,170,166,145,133,128,121,111,102,77,53,7,10
0,0,12,69,107,98,44,100,113,125,141,180,188,174,159,159,149,104,114,86,100,42,7,25
0,6,20,73,100,61,56,57,107,128,142,177,196,189,161,147,154,139,90,75,52,42,4,20
0,6,22,37,89,54,40,35,82,100,147,180,203,198,200,195,156,142,131,107,84,45,0,39
6,6,4,13,80,69,62,100,119,118,139,153,184,200,191,166,153,129,119,102,55,37,7,61
0,1,9,13,69,129,105,103,110,124,132,153,158,173,177,144,141,131,110,101,61,48,4,79
2,3,0,10,47,102,85,102,125,132,148,169,154,156,161,155,142,124,113,104,104,73,13,9
7,5,1,14,84,113,85,104,122,137,155,163,166,163,138,137,130,124,128,112,102,72,25,9
12,10,10,19,42,88,100,101,124,140,144,147,145,146,144,109,113,123,119,117,108,63,50,5
11,13,12,12,18,45,82,105,117,134,140,136,161,151,134,113,114,120,118,119,108,70,57,9
2,10,12,17,13,33,50,101,111,133,157,145,140,136,113,115,111,123,128,123,107,78,51,8
3,13,20,12,13,15,28,47,71,93,110,128,136,135,118,114,102,105,106,120,106,67,50,0
1,4,9,13,14,14,28,45,70,105,120,106,110,100,72,85,69,94,95,105,78,58,22,3
0,6,9,23,26,27,13,40,62,116,97,89,99,114,77,83,70,86,123,88,84,74,11,0
5,0,0,5,12,14,14,14,56,86,104,93,81,84,62,61,65,73,120,105,63,52,12,4
2,8,10,5,9,11,10,13,54,74,94,106,87,66,54,53,72,65,97,105,64,35,9,3
7,13,9,13,11,11,10,21,28,61,109,144,81,56,53,52,58,61,87,120,66,33,10,0
5,9,14,11,11,12,4,10,41,57,82,84,64,51,50,42,14,63,54,59,50,13,1,0
0,9,12,13,13,3,8,5,24,51,59,54,51,37,14,12,9,51,42,50,30,10,0,0
0,9,7,13,14,11,0,7,48,48,52,51,34,14,10,8,0,13,12,13,11,4,3,6
5,12,11,13,13,13,10,11,47,58,55,43,29,13,12,9,0,0,14,12,7,0,0,0
10,11,11,10,13,15,8,11,50,60,58,54,22,21,14,7,0,0,8,13,8,0,0,0
10,9,9,11,13,10,0,18,31,63,62,52,13,9,10,10,3,4,8,13,13,12,0,0
11,9,12,11,9,9,0,9,22,46,52,38,10,14,5,4,7,12,13,14,27,10,5,0
0,11,15,12,6,0,0,8,0,16,26,17,11,13,12,2,0,2,12,14,50,13,0,2
9,10,6,12,13,0,0,4,7,0,16,8,5,12,12,12,10,8,10,13,21,13,0,0

0,2,0,0,0,0,2,0,0,0,0,0,0,0,2,0,0,0,0,0,0,0,0,1
0,3,0,6,2,0,0,1,0,0,0,1,0,0,5,5,9,0,0,0,0,0,0,9
0,10,0,1,0,0,0,5,3,0,6,10,52,50,50,14,13,13,1,3,0,5,5,8
0,1,0,0,0,13,11,14,11,12,8,6,65,106,103,90,92,63,15,7,9,14,14,9
0,5,0,0,21,0,0,0,7,0,0,69,80,122,103,109,102,106,60,13,10,0,0,0
7,0,0,9,3,9,0,0,5,26,27,61,116,92,135,127,108,71,54,19,21,0,0,7
0,9,2,2,5,10,13,12,8,14,52,67,91,124,116,122,105,77,52,12,13,12,12,6
0,2,0,9,1,13,36,0,10,53,51,43,72,76,86,87,99,85,56,13,15,4,5,10
0,11,12,0,9,13,54,13,5,1,23,51,52,52,2,60,14,54,34,0,0,0,0,0
4,0,0,6,7,0,15,51,69,79,84,78,76,56,49,62,65,66,58,29,32,14,9,12
2,2,0,0,10,13,68,80,102,110,141,156,146,130,85,95,123,102,88,60,53,38,0,0
0,0,7,0,35,61,84,105,117,174,198,168,180,189,157,162,151,130,125,108,73,58,52,8
0,1,18,20,26,63,74,94,122,178,195,198,205,198,178,179,172,139,135,124,108,83,60,41
3,3,4,13,75,103,102,101,125,167,182,200,198,191,168,166,171,147,137,119,112,94,64,55
0,0,0,4,14,75,40,62,104,134,150,180,166,149,95,133,155,126,95,88,102,65,58,55
11,12,14,20,38,46,9,6,8,25,98,116,99,77,70,93,106,65,100,84,67,50,11,15
8,9,2,7,37,42,55,19,52,58,67,105,86,97,97,99,117,111,114,112,76,11,13,28
11,11,16,13,29,29,28,41,59,89,95,133,148,165,112,102,113,87,105,77,49,36,14,13
3,4,8,53,75,37,26,53,100,81,111,156,171,167,146,133,128,122,111,103,78,53,7,10
0,0,12,69,107,98,45,99,113,125,141,181,189,175,160,160,150,104,114,86,100,43,7,24
0,6,20,73,100,61,55,57,107,128,142,178,196,189,162,147,155,139,91,75,52,43,4,21
0,6,22,37,89,54,40,34,82,100,147,180,203,199,200,196,156,142,131,106,83,43,0,38
6,6,4,13,80,69,62,99,118,118,139,153,184,200,192,166,153,130,119,102,56,37,7,61
0,1,9,13,69,129,105,103,110,123,131,152,158,173,178,144,141,131,110,101,60,47,4,79
2,3,0,10,47,102,85,102,125,132,148,169,154,156,161,155,142,124,113,104,104,73,13,9
7,5,1,14,84,113,85,104,122,137,154,163,166,163,138,137,130,124,128,112,101,72,26,9
12,10,10,19,42,89,100,101,124,140,144,146,145,146,144,109,113,123,119,117,108,63,50,5
11,13,12,11,17,47,83,105,117,134,140,136,161,151,134,113,114,120,118,119,108,71,57,9
2,10,12,17,13,34,49,101,111,133,157,145,140,136,112,115,111,123,128,123,107,78,51,8
3,13,20,12,13,15,28,47,71,93,110,128,136,135,119,114,102,105,106,120,106,67,50,0
1,4,9,13,14,14,28,45,70,105,120,106,110,100,72,85,69,94,95,105,78,58,23,3
0,6,9,23,26,27,13,39,62,116,97,89,99,114,77,83,70,86,123,88,83,73,11,0
5,0,0,5,12,14,14,14,56,86,104,93,81,84,62,61,65,73,120,105,63,52,12,4
2,8,10,5,9,11,10,13,54,74,94,106,87,66,54,53,72,65,97,105,64,35,9,3
7,13,9,13,11,11,10,21,28,61,109,144,81,56,53,52,58,61,87,120,66,33,10,0
5,9,14,12,11,12,4,10,42,57,82,84,63,51,50,42,14,63,54,59,50,12,1,0
0,9,12,13,13,3,7,5,25,51,59,54,51,38,14,12,9,51,42,50,30,10,0,0
0,9,7,13,15,11,0,7,48,48,52,52,33,14,10,8,0,13,12,12,11,4,3,6
5,12,12,13,13,13,10,11,47,58,55,43,29,13,12,9,0,0,14,12,7,0,0,0
10,11,11,10,13,15,8,11,50,59,58,54,22,21,14,8,0,0,8,13,8,0,0,0
10,9,9,12,13,10,0,18,31,63,62,52,13,9,10,10,3,4,8,14,13,12,0,0
11,9,12,11,8,9,0,9,21,47,52,38,10,13,5,4,7,12,13,14,28,10,5,0
0,11,15,12,6,0,0,9,0,15,28,20,11,13,12,2,0,2,12,14,51,13,0,2
9,10,6,12,13,0,0,4,7,0,16,8,5,12,12,12,10,8,10,13,22,13,0,0

0,2,0,0,0,0,2,0,0,0,0,0,0,0,2,0,0,0,0,0,0,0,0,1
0,3,0,6,2,0,0,1,0,0,0,1,0,0,5,5,10,0,0,0,0,0,0,9
0,10,0,1,0,0,0,5,3,0,6,10,52,48,50,14,13,13,0,3,0,5,5,8
0,1,0,0,0,13,11,14,11,11,9,6,65,106,103,90,92,62,15,7,9,14,14,9
0,5,0,0,21,0,0,0,7,0,0,69,80,122,103,109,102,106,61,13,10,0,0,0
7,0,0,9,2,9,0,0,5,26,27,61,116,92,135,128,108,71,54,19,21,0,0,7
0,9,2,2,5,9,13,12,8,14,52,68,91,125,116,122,105,77,52,12,13,13,12,6
0,2,0,9,1,13,37,0,10,53,51,43,72,77,87,88,99,85,56,13,15,4,5,10
0,11,12,0,9,13,54,13,5,1,22,52,52,52,2,60,14,54,37,0,0,0,0,0
4,0,0,6,7,0,15,52,69,79,84,78,75,56,49,62,65,66,58,29,32,14,8,11
2,2,0,0,10,13,68,80,102,110,141,156,146,130,85,95,123,102,88,60,53,39,0,0
0,0,7,0,36,62,84,105,117,174,198,168,180,189,157,162,151,129,125,108,73,58,52,8
0,1,18,19,26,63,74,94,122,178,195,198,205,198,178,178,172,139,135,124,108,83,60,42
3,3,4,13,74,103,102,101,125,168,182,199,198,191,168,166,171,147,136,119,112,94,64,55
0,0,0,4,14,75,40,62,105,134,150,181,166,149,95,133,155,126,95,88,102,64,58,55
11,12,14,20,39,47,9,6,8,27,97,116,99,77,70,93,106,65,100,85,67,50,11,14
8,9,2,7,37,43,55,19,52,58,67,104,86,97,97,99,117,111,114,112,76,11,13,29
11,11,16,13,29,29,28,41,59,89,95,133,148,165,111,102,113,87,105,77,49,36,14,13
3,4,8,53,75,37,26,54,100,81,111,155,170,166,145,133,128,122,111,102,79,53,7,10
0,0,12,69,107,98,45,99,113,125,141,180,188,174,159,159,150,104,114,86,100,41,7,24
0,6,20,73,101,61,56,57,107,128,142,177,196,189,162,147,155,139,90,75,53,42,4,21
0,6,22,37,89,54,41,34,82,100,147,180,203,198,200,195,156,142,131,106,84,45,0,38
6,6,4,13,80,69,62,99,119,118,139,153,184,200,192,166,153,129,119,102,56,37,7,61
0,1,9,13,68,130,105,103,110,124,131,153,158,173,177,144,141,131,110,101,61,47,4,78
2,3,0,10,47,102,85,102,125,133,148,169,154,156,161,156,142,124,113,104,104,73,13,9
7,5,1,14,84,113,85,104,122,137,154,163,167,163,138,137,131,124,128,112,102,72,26,9
12,10,10,20,44,89,100,101,124,140,144,146,145,146,144,109,113,123,119,117,108,63,50,5
11,13,12,12,18,47,83,105,117,134,140,136,161,151,134,113,114,120,118,119,108,71,57,9
2,10,12,17,13,34,50,101,111,133,157,145,140,136,113,115,111,123,128,123,107,79,51,8
3,13,20,12,13,15,28,47,71,93,110,128,136,135,118,114,102,105,106,120,106,67,50,0
1,4,9,13,14,14,29,45,70,105,120,106,110,101,72,85,69,94,95,105,78,58,23,3
0,6,9,23,26,28,13,39,62,117,97,89,99,114,77,83,70,86,123,88,83,73,11,0
5,0,0,5,12,14,14,14,56,86,104,93,81,84,62,61,65,73,120,105,63,52,12,4
2,8,10,5,9,11,10,13,54,74,94,106,86,65,54,53,72,65,97,105,64,34,9,3
7,13,9,13,11,11,10,21,28,61,109,144,81,56,53,52,58,61,87,120,66,34,10,0
5,9,14,12,11,12,4,10,41,57,82,84,63,51,50,41,14,63,54,58,50,12,1,0
0,9,12,13,13,3,7,5,25,51,59,54,51,37,14,12,9,51,42,50,30,10,0,0
0,9,7,13,14,11,0,7,47,49,52,51,33,14,10,9,0,13,12,12,11,4,2,6
5,12,11,13,13,13,10,11,48,58,55,43,29,13,12,9,0,0,14,12,7,0,0,0
10,11,11,10,13,15,8,11,50,60,58,54,21,21,14,8,0,0,8,13,8,0,0,0
10,9,9,12,13,10,0,18,31,63,61,52,13,9,10,10,3,4,8,13,13,12,0,0
11,9,12,11,9,9,0,9,22,47,52,38,10,14,5,4,7,12,13,14,28,10,5,0
0,11,15,12,6,1,0,9,0,16,26,17,11,13,12,2,0,2,12,14,50,13,0,2
9,10,6,12,13,0,0,4,7,0,16,8,5,12,12,12,10,8,10,13,20,13,0,0

0,2,0,0,0,0,2,0,0,0,0,0,0,0,2,0,0,0,0,0,0,0,0,2
0,3,0,6,2,0,0,1,0,0,0,1,0,0,5,5,10,0,0,0,0,0,0,9
0,10,0,1,0,0,0,4,3,0,6,10,52,50,50,14,13,13,1,3,0,5,4,8
0,1,0,0,0,12,11,14,11,11,9,6,65,106,103,90,92,62,15,7,9,13,14,9
0,5,0,0,21,0,0,0,7,0,0,69,80,122,103,109,102,107,61,13,10,0,0,0
7,0,0,9,2,9,0,0,5,26,28,62,117,93,135,128,108,71,54,20,21,0,0,7
0,9,1,1,5,9,13,12,8,14,52,68,91,125,116,122,105,77,52,12,13,13,12,6
0,2,0,9,1,13,38,0,10,53,51,47,73,77,87,88,100,85,57,13,15,4,5,10
0,11,12,0,9,13,54,13,5,1,23,52,52,52,2,61,14,54,37,0,0,0,0,0
4,0,0,6,7,0,16,52,69,79,84,78,75,56,50,62,65,66,58,31,32,14,9,12
2,2,0,0,10,13,69,80,102,110,141,156,146,130,85,95,123,102,88,60,53,39,0,0
0,0,7,0,36,61,84,105,117,174,199,168,179,189,157,162,151,130,125,108,73,58,52,8
0,1,18,20,27,64,74,94,122,178,195,197,205,198,178,179,172,139,136,124,108,83,60,43
3,3,4,13,75,103,102,101,125,168,182,199,198,191,168,166,171,147,137,119,112,94,65,55
0,0,0,4,14,76,41,62,105,134,150,181,166,149,95,134,156,126,95,88,102,65,58,55
11,13,14,20,39,47,9,6,8,27,97,116,99,77,70,93,106,65,100,85,67,50,11,14
8,9,2,7,38,44,55,18,52,58,66,104,86,96,97,99,117,111,114,112,76,11,13,28
12,11,16,13,29,29,28,41,59,89,94,132,147,164,111,102,113,87,105,77,49,36,14,13
3,4,8,53,75,38,26,53,100,81,110,155,169,166,145,133,128,121,111,102,77,52,7,10
0,0,12,69,107,98,44,99,113,124,140,180,187,173,158,158,149,104,114,86,100,42,7,25
0,6,21,74,101,61,56,57,107,128,142,177,195,188,161,147,154,138,90,75,52,43,4,21
0,6,22,37,89,54,41,35,83,100,146,179,202,198,199,195,155,142,130,106,84,45,0,39
6,6,4,13,80,69,62,100,119,118,139,152,183,199,191,165,152,129,119,102,56,37,7,61
0,1,9,13,70,130,105,103,110,124,132,153,158,173,177,144,141,131,110,101,61,48,4,79
2,3,0,11,47,102,85,102,125,133,148,170,154,156,161,156,143,124,113,105,104,74,13,9
7,5,1,14,84,113,85,104,122,138,155,164,167,163,138,137,131,125,128,112,102,72,27,9
12,10,10,20,43,90,100,101,125,140,144,147,145,147,144,109,113,123,119,117,108,63,50,5
11,13,12,12,18,47,85,105,117,134,140,136,161,152,134,113,114,120,119,119,108,71,57,9
2,10,12,17,13,34,50,101,111,133,157,145,140,136,113,115,111,123,128,123,107,78,51,8
3,13,20,12,13,15,29,47,71,94,110,128,136,135,118,114,102,105,106,120,106,67,50,0
1,4,9,13,14,14,29,45,70,105,120,106,110,100,72,85,69,94,96,105,78,58,22,3
0,6,9,23,26,27,13,40,62,117,97,89,99,114,77,83,70,86,123,88,84,73,11,0
5,0,0,5,12,14,14,14,56,86,103,93,81,84,62,61,65,73,120,105,63,52,12,4
2,8,10,5,9,11,10,13,54,74,94,106,87,66,54,53,72,65,97,105,64,35,9,3
7,13,9,13,11,11,10,21,28,61,109,144,81,56,53,52,58,61,87,119,66,34,10,0
5,9,14,11,11,12,4,10,41,57,82,83,63,50,50,41,14,63,54,59,50,12,1,0
0,9,12,13,13,3,8,5,24,51,59,54,51,36,14,12,9,51,42,50,29,10,0,0
0,9,7,13,15,11,0,7,47,49,52,51,33,14,10,9,1,13,12,12,11,4,3,6
5,12,11,13,13,13,10,11,47,58,55,43,29,13,12,9,0,0,14,11,6,0,0,0
10,11,11,10,13,16,8,11,49,60,58,54,22,21,14,8,0,1,8,13,8,0,0,0
9,9,9,12,13,10,0,18,31,63,61,52,13,9,10,10,3,4,8,13,13,12,0,0
11,9,12,11,9,9,0,9,22,46,52,38,10,14,5,4,7,12,13,14,28,10,5,0
0,11,15,12,6,1,0,8,0,15,26,19,11,13,12,2,0,2,12,14,50,13,0,2
9,10,6,12,13,0,0,4,7,0,15,8,5,12,12,12,10,8,10,13,20,13,0,0

0,2,0,0,0,0,2,0,0,0,0,0,0,0,2,0,0,0,0,0,0,0,0,1
0,3,0,6,1,0,0,1,0,0,0,1,0,0,5,5,10,0,0,0,0,0,0,9
0,10,0,1,0,0,0,4,2,0,5,10,52,50,50,14,13,13,1,3,0,5,5,8
0,1,0,0,0,12,11,14,11,11,9,7,65,106,103,91,93,63,15,7,9,13,14,9
0,5,0,0,21,0,0,0,7,0,0,69,80,122,103,109,103,107,61,13,10,0,0,0
7,0,0,8,2,9,0,0,5,26,27,62,117,93,136,129,109,71,54,20,21,0,0,7
0,8,1,1,5,9,13,12,8,14,52,68,91,125,117,123,106,77,52,12,13,13,12,6
0,2,0,9,1,13,37,0,10,53,51,48,73,77,87,88,100,85,57,13,15,4,5,10
0,11,12,0,9,13,54,13,5,1,24,52,52,52,2,61,14,54,39,0,0,0,0,0
4,0,0,6,7,0,16,52,70,79,85,79,76,56,50,62,65,66,58,32,32,15,9,12
2,2,0,0,10,13,69,80,102,110,142,157,147,131,85,95,123,102,88,60,53,40,0,0
0,0,7,0,36,62,84,105,117,175,199,169,180,189,157,162,152,130,125,108,73,58,53,8
0,1,18,20,27,64,74,94,122,178,195,198,205,198,178,179,172,139,136,124,108,83,60,42
3,3,4,13,75,103,102,101,125,168,183,200,199,191,168,167,171,147,137,120,112,94,64,55
0,0,0,4,14,76,41,62,105,134,150,181,166,149,95,134,156,126,95,88,102,65,59,55
11,13,14,21,39,47,9,6,9,28,98,116,98,77,70,93,106,66,100,86,67,50,11,15
8,9,2,8,38,45,54,17,52,58,66,104,86,96,96,98,117,111,114,112,75,11,13,28
12,11,16,13,30,29,28,40,58,89,94,132,147,163,110,101,112,87,104,77,49,36,14,14
3,4,8,53,76,38,26,53,100,81,110,154,169,165,144,132,127,121,111,102,77,53,7,10
0,0,12,69,107,99,45,99,113,124,140,178,186,172,157,157,148,103,113,86,100,41,7,25
0,6,21,74,101,61,56,57,107,127,141,175,194,187,159,146,153,138,90,74,53,42,4,21
0,6,22,38,89,55,41,35,83,100,146,178,200,196,198,194,154,141,130,106,84,45,0,39
6,6,4,13,80,69,62,100,119,118,139,152,182,198,190,164,151,129,119,102,56,37,7,61
0,1,9,13,70,130,105,103,111,124,132,153,157,172,176,143,140,131,110,101,62,50,4,79
2,3,0,11,47,102,85,102,125,133,149,170,154,156,162,156,143,124,113,105,104,74,13,9
7,6,2,14,85,113,85,104,122,138,156,164,167,164,138,137,131,125,128,112,102,72,27,9
12,10,10,19,44,89,100,101,125,140,144,147,145,147,144,109,113,123,120,117,108,63,50,6
11,13,12,12,20,47,87,105,117,134,140,136,161,152,134,113,114,120,119,119,108,71,57,9
2,10,12,17,13,34,50,101,112,133,157,145,140,136,113,115,111,123,128,123,107,79,51,8
3,13,20,12,13,16,29,47,71,94,110,128,136,135,119,115,103,106,107,120,106,67,50,0
1,4,9,13,14,14,29,45,70,105,120,106,110,100,72,85,69,94,96,105,78,58,23,3
0,6,9,23,26,27,13,41,62,116,97,89,99,114,77,83,70,86,123,88,84,74,11,0
5,0,0,5,12,14,14,14,56,86,104,93,81,84,62,61,65,73,120,105,63,52,12,4
2,8,10,5,9,11,10,13,54,74,94,105,86,66,54,53,72,65,97,105,64,34,9,3
7,13,9,13,11,11,10,21,29,61,109,144,81,55,53,52,58,61,87,119,66,34,10,0
5,9,14,12,11,12,4,10,41,57,82,84,63,50,50,42,14,63,54,59,50,12,1,0
0,9,12,13,13,3,7,5,24,51,59,54,51,37,14,12,9,51,41,50,29,10,0,0
0,9,7,13,14,11,0,7,48,48,52,51,31,14,10,9,1,13,12,12,11,4,3,6
5,12,11,13,13,13,10,11,46,58,55,43,29,13,12,9,0,0,14,11,7,0,0,0
10,11,11,10,13,15,8,11,50,59,58,54,22,21,14,8,0,1,7,13,8,0,0,0
10,9,9,12,13,10,0,18,30,62,62,52,13,9,10,10,3,4,8,13,13,12,0,0
11,9,12,11,9,9,0,9,21,50,52,36,10,14,5,4,8,12,13,14,28,10,5,0
0,11,15,12,6,1,0,9,0,16,26,16,11,13,12,2,0,2,12,14,50,13,0,2
9,10,6,12,13,0,0,4,7,0,16,8,6,12,12,12,10,8,10,13,21,13,0,0

0,2,0,0,0,0,2,0,0,0,0,0,0,0,2,0,0,0,0,0,0,0,0,1
0,3,0,6,1,0,0,1,0,0,0,1,0,0,5,5,10,0,0,0,0,0,0,9
0,10,0,0,0,0,0,4,2,0,5,10,52,48,50,14,13,13,1,3,0,5,4,8
0,1,0,0,0,12,10,14,10,11,9,7,67,106,104,92,92,63,16,7,9,14,14,9
0,5,0,0,21,0,0,0,7,0,0,69,80,123,103,109,103,107,61,13,10,0,0,0
7,0,0,8,2,8,0,0,5,26,28,62,117,93,136,129,109,71,54,21,22,0,0,7
0,8,1,1,4,9,13,12,8,14,52,68,91,125,117,123,106,77,52,12,13,13,12,6
0,2,0,9,1,13,37,0,10,53,51,47,73,78,88,88,100,85,57,13,15,4,5,10
0,11,12,0,9,13,53,13,5,1,24,53,52,52,2,61,14,54,39,0,0,0,0,0
4,0,0,6,7,0,18,53,70,79,85,79,76,56,50,62,66,66,58,32,34,14,9,12
2,2,0,0,10,13,69,80,102,110,142,158,147,131,85,95,123,102,88,61,53,40,0,0
0,0,7,0,36,62,84,105,117,175,199,169,180,190,157,163,152,130,125,109,73,58,53,8
0,1,18,20,27,64,75,94,122,178,195,198,206,198,179,179,172,139,136,124,108,83,60,43
3,4,5,13,76,103,102,101,125,168,183,200,199,191,169,166,171,147,137,120,112,94,64,55
0,0,0,4,14,76,41,62,105,134,150,181,167,149,95,134,156,126,95,88,102,65,58,55
11,13,14,20,39,47,9,6,9,30,97,116,99,77,69,93,106,66,100,85,68,50,11,15
8,9,2,8,39,45,54,17,52,57,66,104,86,96,96,98,117,111,114,112,76,11,13,29
12,11,16,13,30,29,28,40,58,89,94,131,147,163,109,101,112,86,104,76,49,36,14,14
3,4,8,53,76,38,26,53,100,80,110,153,168,164,144,131,127,121,110,102,76,52,7,11
0,0,12,70,107,99,45,100,113,124,140,178,185,171,156,156,148,103,113,85,100,42,7,26
0,6,21,74,101,61,57,57,107,127,141,175,193,186,158,145,152,137,89,74,52,42,4,22
0,6,22,38,89,55,41,35,83,100,146,177,199,196,197,193,154,141,130,106,84,45,0,39
6,6,4,13,80,69,62,100,119,118,139,152,181,197,189,163,151,129,118,102,56,37,8,61
0,1,9,13,70,130,105,104,111,124,132,153,157,172,176,143,140,131,110,101,63,50,5,79
2,3,0,11,48,102,85,102,125,134,149,171,154,156,162,156,143,124,114,105,104,75,13,9
7,6,2,14,85,113,85,104,122,138,156,165,168,164,139,138,132,125,128,112,102,72,27,9
12,10,10,20,44,90,100,101,125,140,144,147,145,147,145,109,113,123,120,117,108,64,50,6
11,13,12,12,20,47,85,105,117,135,140,136,161,152,134,114,114,120,119,119,108,71,58,9
2,10,12,17,13,34,51,101,111,133,158,145,140,136,113,115,111,124,128,123,107,79,51,8
3,13,21,12,13,16,29,47,71,94,110,127,136,135,119,115,102,106,107,120,106,67,50,0
1,4,9,13,14,14,29,46,70,106,121,105,110,100,72,85,69,94,96,105,78,58,23,3
0,6,9,23,27,27,13,39,62,116,97,89,99,114,78,83,70,86,123,88,84,74,11,0
5,0,0,5,12,14,14,14,56,86,104,93,81,84,62,61,65,73,120,105,63,52,12,4
2,8,10,5,9,11,10,13,54,74,94,106,86,65,54,53,72,65,97,105,64,35,9,3
7,13,9,13,11,11,10,21,28,61,109,143,81,56,53,52,58,61,87,119,66,32,10,0
5,9,14,12,11,12,4,10,41,57,82,84,63,51,50,42,14,63,54,59,50,12,1,0
0,9,12,13,13,3,8,5,24,51,59,54,51,36,14,12,9,51,41,50,30,10,0,0
0,9,7,13,15,11,0,7,48,48,52,52,32,14,10,9,1,13,12,12,11,4,3,6
5,12,12,13,13,13,10,11,47,58,55,43,29,13,12,9,0,0,14,11,7,0,0,0
10,11,11,10,13,15,8,11,49,60,58,54,21,21,14,8,0,1,7,13,8,0,0,0
10,9,9,12,13,10,0,18,30,63,62,51,13,9,10,10,3,4,8,13,13,12,0,0
11,9,12,11,9,9,0,9,21,48,52,36,10,14,5,4,7,12,13,14,28,10,5,0
0,11,15,12,6,1,0,9,0,16,27,16,11,13,12,2,0,2,12,14,50,13,0,2
9,10,6,12,13,0,0,4,7,0,16,8,6,12,12,12,10,8,10,13,20,13,0,0

0,2,0,0,0,0,2,0,0,0,0,0,0,0,2,0,0,0,0,0,0,0,0,1
0,3,0,5,1,0,0,1,0,0,0,1,0,0,5,5,9,0,0,0,0,0,0,9
0,10,0,0,0,0,0,4,2,0,5,10,52,50,50,14,13,13,1,3,0,5,4,8
0,1,0,0,0,12,10,14,10,11,9,7,66,106,104,92,93,63,16,7,9,13,14,9
0,5,0,0,20,0,0,0,7,0,0,68,80,123,103,109,103,107,61,13,10,0,0,0
7,0,0,8,2,8,0,0,5,26,28,62,117,93,136,129,109,71,54,20,21,0,0,6
0,8,1,1,4,9,13,12,8,14,52,68,91,125,117,123,106,77,52,12,13,13,12,6
0,2,0,9,0,13,37,0,10,53,51,49,73,78,88,88,100,85,57,13,16,4,5,10
0,11,12,0,9,13,53,13,5,1,26,53,53,52,2,61,14,54,39,0,0,0,0,0
4,0,0,6,7,0,19,53,70,80,85,79,76,56,49,62,66,66,58,32,35,14,9,12
2,2,0,0,10,13,69,80,102,110,142,158,147,131,86,95,123,103,88,61,53,40,0,0
0,0,7,0,37,62,84,105,117,175,200,169,181,190,158,163,152,130,126,109,73,58,53,8
0,1,18,20,28,64,75,94,122,178,196,198,206,199,179,180,173,140,136,124,108,82,60,44
3,4,5,13,76,104,102,101,125,168,183,200,199,192,169,167,172,147,137,120,113,94,64,55
0,0,0,4,14,76,41,62,105,134,151,181,167,149,95,134,156,127,96,89,102,65,60,55
11,13,14,20,39,47,9,6,9,29,98,116,99,77,69,93,106,66,100,86,68,50,11,16
8,9,2,8,40,46,54,16,52,57,66,104,86,96,96,98,117,111,114,112,75,11,13,30
12,11,16,13,30,29,28,40,58,88,94,131,147,162,109,100,112,86,104,76,49,36,14,14
3,4,8,53,76,38,26,53,100,80,110,153,167,163,144,130,127,121,110,102,76,52,7,11
0,0,12,70,107,99,45,100,113,124,140,177,185,171,155,155,148,103,113,85,100,41,7,27
0,6,21,74,101,62,56,57,107,127,141,175,192,185,158,145,151,137,89,74,53,43,4,22
0,6,22,38,90,55,42,35,83,101,146,177,198,195,196,192,153,141,130,106,84,45,0,39
6,6,4,14,80,69,62,100,119,118,139,152,181,196,188,162,150,128,118,102,56,38,8,61
0,1,9,13,71,130,105,104,111,125,132,153,157,171,176,143,140,131,110,101,62,50,5,79
2,3,0,11,48,102,86,102,126,134,150,171,154,156,162,156,143,124,114,105,104,75,13,9
7,6,2,14,86,113,86,104,122,138,156,165,168,164,139,138,132,125,128,112,102,72,29,9
12,10,10,20,44,89,100,101,125,141,144,147,145,147,145,109,113,123,120,117,108,64,50,6
11,13,12,12,21,48,85,105,117,134,140,136,161,152,134,114,114,120,119,119,108,71,58,9
2,10,12,17,13,34,51,101,111,133,158,145,140,136,113,115,111,124,128,123,107,79,51,8
3,13,21,12,13,16,29,47,71,94,110,127,136,135,119,115,103,106,107,120,106,67,50,0
1,4,9,13,14,14,29,45,70,105,120,106,110,100,72,85,69,94,96,105,78,58,23,3
0,6,9,23,27,27,13,41,62,117,97,89,99,114,77,83,71,86,123,88,84,73,11,0
5,1,0,5,12,14,14,14,56,86,104,93,81,84,63,61,65,73,120,105,63,52,12,4
2,8,10,5,9,11,10,13,54,74,94,106,86,65,54,53,72,65,97,105,64,35,9,3
7,13,9,13,11,11,10,21,28,61,109,143,81,56,53,52,58,61,87,119,66,34,11,0
5,9,14,12,11,12,4,10,41,57,82,83,63,50,50,41,14,63,54,59,50,12,1,0
0,9,12,13,13,3,8,5,24,51,59,53,51,37,14,12,9,51,41,50,30,10,0,0
0,9,7,13,15,12,0,7,48,48,52,51,33,14,10,9,1,13,12,12,11,4,3,6
5,12,11,13,13,13,10,11,48,58,55,43,29,13,12,9,0,0,14,12,7,0,0,0
10,11,11,10,13,16,8,11,49,59,58,54,22,21,14,8,0,1,7,13,8,0,0,0
10,9,9,12,13,10,0,18,30,63,62,52,13,9,10,10,3,4,8,13,13,12,0,0
11,9,12,11,9,9,0,9,21,48,52,38,10,14,5,4,7,12,13,14,28,10,5,0
0,11,15,12,6,1,0,9,0,16,27,19,11,13,12,2,0,2,12,14,50,13,0,2
9,10,6,12,13,0,0,4,7,0,16,8,5,12,12,12,10,8,10,13,20,13,0,0

0,3,0,0,0,0,2,0,0,0,0,0,0,0,2,0,0,0,0,0,0,0,0,1
0,3,0,5,1,0,0,1,0,0,0,1,0,0,5,5,10,0,0,0,0,0,0,9
0,10,0,0,0,0,0,4,2,0,5,10,52,50,50,14,13,13,1,3,0,5,4,8
0,1,0,0,0,12,10,14,10,11,9,7,66,106,104,92,93,63,16,7,9,13,14,9
0,5,0,0,20,0,0,0,7,0,0,69,80,123,104,109,103,107,62,13,10,0,0,0
7,0,0,8,2,8,0,0,5,27,28,62,117,93,136,129,109,71,54,21,21,0,0,6
0,8,1,1,4,9,13,12,8,14,52,68,91,125,117,123,106,77,52,12,13,13,12,6
0,2,0,9,0,13,39,0,10,53,51,48,73,77,87,88,100,85,57,14,15,4,5,9
0,11,12,0,9,13,53,13,5,1,25,53,52,52,2,61,15,54,41,0,0,0,0,0
4,0,0,6,7,0,19,53,70,79,85,78,75,56,50,62,66,66,58,32,35,14,9,12
2,2,0,0,10,13,69,80,102,110,142,158,147,130,85,95,123,103,88,61,53,40,0,0
0,0,7,0,37,62,84,105,117,175,199,169,180,189,157,163,152,131,126,109,73,58,53,8
0,1,18,20,28,64,75,94,122,179,195,198,206,198,179,179,173,140,136,125,108,83,60,44
3,4,5,13,76,103,102,101,125,168,183,200,199,191,169,166,171,147,137,120,113,94,65,55
0,0,0,4,14,76,41,63,105,134,151,181,167,149,95,134,156,126,95,88,102,66,59,55
11,13,14,21,39,48,9,6,9,29,97,116,99,77,69,93,106,66,100,86,67,50,11,15
8,9,2,8,41,47,55,17,52,58,66,104,86,96,96,98,117,111,114,112,76,11,13,30
12,11,16,13,30,29,28,41,59,89,95,132,147,163,110,101,112,87,105,77,49,36,14,14
3,4,8,53,76,38,27,53,100,81,110,154,169,165,144,132,127,121,111,102,77,52,7,11
0,0,12,69,107,98,45,100,113,124,140,179,186,172,156,157,148,103,113,86,100,42,7,25
0,6,21,74,101,62,56,57,107,127,141,176,194,186,159,146,153,138,90,75,52,43,4,22
0,6,22,38,90,54,41,35,83,100,146,178,200,196,197,194,154,141,130,106,84,44,0,39
6,6,4,13,80,69,62,100,119,118,139,151,181,197,189,164,151,129,118,102,56,37,8,61
0,1,9,13,70,130,105,103,111,124,132,153,157,172,176,143,140,131,110,101,62,50,4,78
2,3,0,11,48,102,85,102,125,133,149,170,154,156,161,156,143,124,113,105,104,75,13,9
7,6,2,14,85,113,85,104,122,138,155,164,167,163,138,137,131,125,128,112,102,71,27,9
12,11,10,20,44,89,100,101,124,140,144,146,145,147,144,109,113,123,120,117,108,63,50,6
11,13,12,12,18,48,83,105,117,134,140,136,161,151,134,113,114,120,119,119,108,71,57,9
2,10,12,17,13,34,50,101,111,133,157,145,140,136,113,115,111,123,128,123,107,79,51,8
3,13,20,12,13,16,29,47,71,93,109,127,136,135,118,115,103,106,107,120,106,67,50,0
1,4,9,13,14,14,29,45,70,105,120,106,110,100,72,85,69,94,96,105,78,58,23,3
0,6,9,23,27,28,13,40,62,116,97,89,99,114,77,83,70,86,123,88,83,74,11,0
5,1,0,5,12,14,14,14,56,86,103,93,81,84,62,61,65,73,120,105,63,52,12,4
2,8,10,5,9,11,10,13,54,74,94,106,87,66,54,54,72,65,97,105,64,35,9,3
7,13,9,13,11,11,10,21,28,61,110,144,81,56,53,52,58,61,87,119,66,35,10,0
5,9,14,12,11,12,4,10,42,57,82,84,63,50,50,41,14,63,54,59,50,12,1,0
0,9,12,13,13,3,8,5,25,51,59,54,51,37,14,13,9,51,42,50,29,10,0,0
0,9,7,13,14,11,0,7,48,48,52,51,33,14,11,9,1,13,12,12,11,4,3,6
5,12,11,13,13,13,10,11,48,58,55,43,29,13,12,9,0,0,14,12,7,0,0,0
10,11,11,10,13,15,8,11,50,60,58,54,22,21,14,8,0,1,8,13,8,0,0,0
10,9,9,12,13,10,0,18,31,63,62,52,13,9,10,10,4,5,8,14,13,12,0,0
11,9,12,11,8,9,0,9,22,46,52,38,10,14,5,4,7,12,13,14,28,10,5,0
0,11,15,12,6,1,0,9,1,16,28,20,11,13,12,3,0,2,12,14,50,13,0,2
9,10,6,12,13,0,0,4,7,0,16,9,6,12,12,12,10,8,10,13,21,13,0,0

0,3,0,0,0,0,2,0,0,0,0,0,0,0,2,0,0,0,0,0,0,0,0,1
0,3,0,5,1,0,0,1,0,0,0,0,0,0,5,5,9,0,0,0,0,0,0,9
0,10,0,0,0,0,0,4,2,0,5,10,52,50,50,14,13,13,1,3,0,5,4,8
0,1,0,0,0,12,10,14,10,11,9,7,66,106,104,92,94,64,15,7,9,13,13,9
0,4,0,0,20,0,0,0,7,0,0,68,80,123,103,109,103,108,62,13,10,0,0,0
7,0,0,8,1,8,0,0,5,26,27,62,117,92,136,129,109,72,54,22,21,0,0,6
0,8,0,1,4,9,13,12,8,14,52,68,91,125,117,123,106,77,53,12,13,13,12,6
0,2,0,9,0,13,38,0,10,53,51,46,73,77,87,88,100,85,58,13,17,4,5,10
0,11,12,0,9,13,53,13,6,1,23,52,52,52,2,61,14,54,40,0,0,0,0,0
4,0,0,6,7,0,19,53,70,79,85,78,75,56,49,62,65,66,58,32,35,15,9,12
2,2,0,0,10,13,69,80,102,110,142,158,146,130,85,95,124,103,88,61,53,41,0,0
0,0,7,0,37,62,85,105,117,175,199,169,180,189,157,163,152,131,126,109,73,58,53,8
0,1,18,20,28,64,75,95,122,179,196,198,205,198,178,179,173,140,136,125,108,82,60,44
3,4,5,13,75,103,102,101,125,168,183,201,199,191,168,166,171,147,137,120,112,94,64,55
0,0,0,4,14,76,41,62,104,134,151,181,167,149,95,134,156,126,95,88,102,65,60,55
11,13,14,21,39,48,9,6,8,28,97,116,99,77,69,93,106,65,100,85,67,50,11,15
8,9,2,8,41,48,55,18,52,58,67,104,86,96,97,99,117,111,114,112,77,11,13,31
12,11,16,13,30,29,28,41,59,90,95,133,148,164,111,102,113,87,105,77,49,36,14,14
3,4,8,53,76,38,27,54,100,81,111,155,170,166,145,133,128,121,111,103,77,53,7,11
0,0,12,70,107,98,45,100,113,125,141,179,188,173,158,158,149,104,114,86,100,42,7,25
0,6,21,74,101,61,56,57,107,127,142,176,195,188,161,147,154,138,90,75,53,43,4,22
0,6,22,38,89,54,41,35,82,100,146,179,202,198,199,195,156,142,131,106,84,45,0,38
6,6,4,13,80,69,62,100,119,118,139,152,183,199,191,165,152,129,119,102,56,37,8,61
0,1,9,13,69,129,105,104,111,123,132,153,158,172,176,144,141,131,110,101,61,50,4,78
2,3,0,11,48,102,85,102,125,132,148,169,153,156,161,155,142,124,113,104,104,74,13,9
7,6,2,14,84,113,85,104,122,137,154,163,166,163,138,137,130,124,128,112,102,71,27,9
12,10,10,20,43,90,100,101,124,140,144,146,145,146,144,109,113,123,119,117,108,63,50,6
11,13,12,12,18,45,83,105,117,134,139,136,161,151,133,113,114,120,118,119,108,70,57,9
2,10,12,17,13,34,50,101,111,133,157,145,140,135,112,115,111,123,128,123,107,79,51,8
3,13,21,12,13,15,28,47,71,93,110,127,136,135,119,115,102,105,106,120,106,67,48,0
1,4,9,13,14,14,29,45,70,105,120,105,110,100,72,85,69,94,96,105,78,58,23,3
0,6,9,23,26,27,13,40,62,116,97,89,99,114,78,83,70,86,123,88,83,74,11,0
5,1,0,5,12,14,14,14,56,86,104,93,81,84,62,61,65,73,120,105,63,52,12,4
2,8,10,5,9,11,10,13,54,74,94,106,87,66,54,53,72,65,97,105,64,34,9,3
7,13,9,13,11,11,10,21,29,61,109,145,82,56,53,52,58,62,87,119,66,35,11,0
5,9,14,12,11,12,4,10,42,57,82,84,63,51,50,42,14,63,54,59,50,12,1,0
0,9,12,13,13,3,8,5,25,52,59,54,51,40,14,13,10,51,43,50,31,10,0,0
0,9,7,13,14,11,0,7,48,48,52,52,33,14,11,9,1,13,12,12,11,4,3,6
5,12,11,13,13,14,10,11,47,58,55,43,30,13,12,9,0,0,14,12,6,0,0,0
10,11,11,10,13,15,8,11,50,60,58,54,22,22,14,8,0,1,8,13,8,0,0,0
10,9,9,12,13,10,0,18,32,63,62,52,13,9,10,10,4,5,8,13,13,12,0,0
11,9,12,11,9,9,0,9,22,50,52,37,10,14,5,4,7,12,13,14,28,10,5,0
0,11,15,12,6,1,0,9,1,16,28,25,11,13,12,3,0,2,12,14,50,14,0,2
9,10,6,12,13,0,0,4,7,0,16,9,6,12,12,12,10,9,10,13,21,13,0,0

0,3,0,0,0,0,2,0,0,0,0,0,0,0,2,0,0,0,0,0,0,0,0,1
0,3,0,5,1,0,0,1,0,0,0,0,0,0,5,5,10,0,0,0,0,0,0,9
0,10,0,0,0,0,0,3,2,0,5,10,52,50,50,14,13,13,1,3,0,5,4,8
0,1,0,0,0,12,10,14,10,11,9,6,66,106,104,92,94,63,16,7,9,13,13,9
0,4,0,0,20,0,0,0,7,0,0,69,80,123,104,109,103,108,62,13,10,0,0,0
7,0,0,8,1,8,0,0,5,26,27,62,117,92,136,129,109,72,54,22,21,0,0,6
0,8,0,1,4,9,13,12,8,14,52,68,91,125,116,123,106,77,52,12,13,13,12,6
0,2,0,9,0,13,38,0,10,53,51,45,73,77,87,88,100,85,57,13,16,4,5,10
0,11,12,0,9,13,53,13,5,1,25,52,52,52,2,61,15,54,41,0,0,0,0,0
4,0,0,6,7,0,19,53,70,79,85,78,75,56,49,62,66,66,58,32,35,14,9,12
2,2,0,0,10,13,69,80,102,111,142,157,146,131,85,96,124,103,89,61,53,41,0,0
0,0,7,0,38,62,85,105,117,175,199,169,180,189,157,163,152,131,126,109,74,58,53,8
0,1,18,20,28,64,75,95,122,179,195,198,205,198,178,179,173,140,136,125,108,83,60,45
3,4,5,13,76,104,102,101,125,168,183,200,198,191,168,166,171,147,137,120,113,94,65,55
0,0,0,4,14,76,41,62,104,134,150,181,166,149,95,134,156,126,95,88,102,65,60,55
11,13,14,21,40,48,9,6,8,27,97,116,98,77,70,93,106,65,100,85,67,50,11,15
8,9,2,8,41,47,55,18,52,58,66,104,86,96,97,99,117,111,114,112,77,11,13,30
12,11,16,13,30,29,28,41,59,90,95,133,148,165,112,102,113,87,105,77,49,36,14,14
3,4,9,53,75,38,26,53,100,81,111,156,171,167,146,133,128,122,111,103,79,54,7,11
0,0,12,69,107,98,44,99,113,125,141,180,189,174,160,160,150,104,114,86,100,42,7,25
0,6,21,74,101,61,56,57,107,127,142,178,196,189,162,147,155,139,91,75,53,43,4,22
0,6,22,38,89,54,41,34,82,99,146,180,203,199,200,196,156,142,131,107,84,45,0,39
6,6,4,13,79,69,62,99,118,117,139,152,184,200,192,166,153,129,119,102,56,37,7,61
0,1,9,13,69,129,105,103,110,123,131,152,157,173,177,144,141,131,110,101,62,47,4,78
2,3,0,11,47,102,85,102,125,132,147,169,154,155,161,155,142,124,113,104,104,74,13,9
7,6,2,14,84,113,85,104,122,137,154,162,166,162,138,136,130,124,128,112,102,71,26,9
12,10,10,20,43,89,100,101,124,140,143,146,145,146,144,109,113,122,119,117,108,63,50,6
11,13,12,12,17,45,83,105,117,134,139,136,161,151,133,113,113,120,118,119,108,70,57,9
2,10,12,17,13,34,50,101,111,132,157,145,140,135,112,115,111,123,128,123,107,78,51,8
3,13,21,12,13,15,28,47,71,93,109,127,136,134,118,114,102,105,106,120,106,67,50,0
1,4,9,13,14,14,29,45,70,105,120,105,110,100,72,85,69,94,95,105,78,58,23,3
0,6,9,23,26,28,13,40,62,116,97,89,100,114,78,83,70,86,123,88,84,74,11,0
5,1,0,5,12,14,14,14,56,86,103,93,81,84,62,61,65,72,120,105,63,52,12,4
2,8,10,5,9,11,10,13,54,74,94,106,87,66,54,53,72,65,97,105,64,35,9,3
7,13,9,13,11,11,10,21,29,61,109,144,81,56,53,52,58,61,87,119,66,33,10,0
5,9,14,12,11,12,4,10,41,57,82,84,63,50,50,42,14,63,54,59,50,12,1,0
0,9,12,13,13,3,8,5,25,51,59,54,51,37,14,13,10,51,41,50,30,10,0,0
0,9,7,13,14,11,0,7,48,49,52,51,33,14,11,9,1,13,12,12,11,4,3,6
5,12,11,13,13,13,10,11,48,58,55,43,29,13,12,9,0,0,14,12,7,0,0,0
10,11,11,10,13,15,8,11,50,60,58,54,22,22,14,8,0,1,8,13,8,0,0,0
9,9,9,12,13,10,0,18,32,63,62,52,13,9,10,10,4,5,8,13,13,12,0,0
11,9,12,11,9,9,0,9,22,50,52,38,10,14,5,4,8,12,13,14,28,10,5,0
0,11,15,12,6,1,0,9,1,16,29,21,11,13,13,3,0,2,12,14,50,13,0,2
9,10,6,12,13,0,0,4,7,0,17,9,6,12,12,12,10,9,10,13,22,13,0,0

0,3,0,0,0,0,2,0,0,0,0,0,0,0,2,0,0,0,0,0,0,0,0,1
0,3,0,5,1,0,0,1,0,0,0,0,0,0,5,5,9,0,0,0,0,0,0,9
0,10,0,0,0,0,0,3,1,0,5,10,52,50,50,14,13,13,1,3,0,5,4,8
0,1,0,0,0,12,10,14,10,11,9,7,66,106,104,92,93,63,17,7,9,13,14,9
0,4,0,0,20,0,0,0,7,0,0,69,80,123,104,109,103,108,62,13,10,0,0,0
7,0,0,8,1,8,0,0,5,26,27,62,117,93,137,130,109,72,54,22,21,0,0,6
0,8,0,0,4,8,13,12,8,14,52,68,91,125,117,123,106,77,53,12,13,13,12,6
0,2,0,9,0,13,38,0,10,53,51,47,73,77,87,88,100,86,57,13,17,4,5,10
0,11,12,0,9,13,53,14,5,1,26,52,52,52,2,61,15,54,41,0,0,0,0,0
4,0,0,6,7,0,20,53,70,79,85,78,75,56,49,62,66,66,58,33,35,14,9,12
2,2,0,0,10,13,69,81,102,110,142,157,146,130,85,95,123,103,88,61,53,40,0,0
0,0,7,0,38,62,85,105,117,175,199,168,180,189,157,163,152,131,126,109,74,58,54,8
0,1,19,20,28,64,75,95,122,178,195,198,205,198,178,179,172,140,136,125,108,83,60,44
3,4,5,13,76,104,102,101,125,168,183,200,198,191,168,166,171,147,137,120,113,94,65,55
0,0,0,4,14,76,41,62,104,134,150,180,166,149,95,134,156,126,95,88,102,65,59,55
11,13,14,21,40,48,9,6,8,27,97,116,98,77,69,94,106,66,100,85,67,50,11,16
8,9,2,8,41,48,55,18,52,58,67,104,86,96,97,99,117,111,114,112,77,11,13,29
12,11,16,13,30,29,28,41,59,90,95,133,148,165,111,102,113,87,105,77,49,36,14,14
3,4,9,53,75,38,27,54,100,81,111,155,170,166,145,133,128,122,111,103,78,53,7,11
0,0,12,70,107,98,45,100,113,124,141,180,188,174,159,159,150,104,114,86,101,43,7,27
0,6,21,74,101,61,56,57,107,127,142,177,195,188,161,147,155,139,91,75,53,43,4,21
0,6,22,38,89,54,42,35,82,100,146,179,202,198,199,195,156,142,131,107,84,46,0,39
6,6,4,13,79,69,62,100,118,117,139,152,183,199,191,165,153,129,119,102,56,37,7,61
0,1,9,13,69,129,105,103,110,123,131,152,157,172,177,144,141,131,110,101,61,48,4,79
2,3,0,11,47,102,85,102,125,132,148,169,153,155,161,155,142,124,113,104,104,73,13,9
7,6,2,14,86,113,85,104,122,137,154,163,166,163,138,137,130,124,128,112,102,72,29,10
12,10,10,19,44,89,100,101,124,140,143,146,145,146,144,109,113,122,119,117,108,63,50,6
11,13,12,12,18,50,85,105,117,134,139,136,161,151,134,113,114,120,119,119,108,71,57,9
2,10,12,17,13,34,50,101,111,132,157,145,140,135,112,115,111,123,128,123,107,78,51,8
3,13,21,12,13,15,29,47,71,93,109,127,136,135,119,114,102,105,106,120,106,67,50,0
1,4,9,13,14,14,29,45,70,105,120,106,110,100,72,85,69,94,95,105,78,58,22,3
0,6,9,23,26,28,13,40,62,116,97,89,100,114,78,83,70,86,123,88,83,73,11,0
5,0,0,5,12,14,14,14,56,86,104,93,81,84,62,61,65,73,120,105,63,52,12,4
2,8,10,5,9,11,10,13,54,74,94,106,87,66,54,53,72,65,97,105,64,35,9,3
7,13,9,13,11,11,10,21,28,61,109,143,81,55,53,52,58,61,87,119,66,34,10,0
5,9,14,12,11,12,4,10,42,57,82,84,63,50,50,42,14,63,54,59,50,12,1,0
0,9,12,12,13,3,8,5,25,51,59,54,51,37,14,13,9,51,42,50,30,10,0,0
0,9,7,13,14,11,0,7,48,48,52,51,33,14,11,9,1,13,12,12,11,4,3,6
5,12,11,13,13,13,10,11,49,58,55,43,29,13,12,9,0,0,14,12,7,0,0,0
10,11,11,10,13,16,8,11,50,60,58,54,22,22,14,8,0,1,8,13,8,0,0,0
9,9,9,12,13,10,0,18,32,63,62,52,13,9,10,10,4,5,8,13,13,12,0,0
11,9,12,11,9,9,0,9,22,48,52,38,10,14,5,5,8,12,13,14,28,10,5,0
0,11,15,12,6,1,0,9,1,16,29,19,11,13,12,3,0,2,12,14,50,13,0,2
9,10,6,12,13,0,0,5,7,0,18,9,6,12,12,12,10,9,10,13,21,13,0,0

0,3,0,0,0,0,2,0,0,0,0,0,0,0,2,0,0,0,0,0,0,0,0,1
0,3,0,5,1,0,0,1,0,0,0,0,0,0,5,5,10,0,0,0,0,0,0,9
0,10,0,0,0,0,0,3,1,0,5,10,52,50,51,14,13,13,1,3,0,5,4,8
0,1,0,0,0,11,10,14,10,11,9,7,67,106,104,93,94,64,17,7,9,13,13,9
0,4,0,0,20,0,0,0,6,0,0,69,80,123,104,109,103,108,62,13,10,0,0,0
7,0,0,8,1,8,0,0,5,26,28,62,117,93,137,130,110,72,54,22,21,0,0,6
0,8,0,0,4,8,12,12,8,14,52,68,91,125,117,123,106,77,53,12,13,13,12,6
0,2,0,9,0,12,40,0,10,53,51,47,73,77,87,88,100,86,58,13,16,4,5,10
0,11,12,0,9,13,53,13,6,2,24,53,52,52,2,61,16,54,44,0,0,0,0,0
4,0,0,6,7,0,20,54,70,80,85,78,75,56,49,62,66,66,59,33,35,15,9,12
2,2,0,0,10,13,69,81,102,111,142,157,146,130,85,96,124,103,89,61,53,41,0,0
0,0,7,0,38,62,85,105,117,175,199,169,180,189,157,163,152,131,126,109,74,58,54,8
0,1,19,20,29,64,75,94,122,179,195,198,205,198,178,179,172,140,136,125,108,83,60,45
3,4,5,13,77,104,102,101,125,168,183,200,198,191,168,166,171,147,137,120,112,94,65,55
0,0,0,4,14,76,41,62,105,134,151,181,167,149,95,134,156,126,95,88,102,65,60,55
11,13,14,21,40,48,9,6,8,28,98,116,98,77,70,94,106,66,100,86,67,50,11,17
8,9,2,8,42,48,55,18,52,58,66,104,86,96,97,99,117,111,114,112,77,11,13,30
12,11,16,14,30,29,28,41,59,90,95,133,148,164,111,102,113,87,105,77,49,36,14,14
3,4,9,53,76,38,27,53,100,81,111,155,169,165,145,133,128,121,111,102,77,53,7,11
0,0,12,70,107,99,45,100,113,125,140,179,187,173,158,158,149,104,114,86,101,43,7,27
0,6,21,74,101,61,56,57,107,127,141,176,194,188,161,147,154,138,90,75,52,42,4,22
0,6,22,38,89,54,42,35,83,100,146,179,201,197,199,195,155,142,131,107,84,46,0,39
6,6,4,13,80,69,62,100,119,117,139,152,182,198,190,165,152,129,119,102,56,37,7,61
0,1,9,13,69,129,105,103,110,124,131,152,157,172,176,143,140,131,110,101,61,50,4,78
2,3,0,11,48,102,85,102,125,132,148,169,153,156,161,155,142,124,113,104,104,74,13,9
7,6,2,14,85,113,85,104,122,137,154,163,166,163,138,137,131,124,128,112,102,72,29,9
12,11,10,20,44,89,100,101,124,140,144,146,145,146,144,109,113,123,119,117,108,63,50,6
11,13,12,12,18,45,85,105,117,134,139,136,161,151,134,113,114,120,118,119,108,71,57,9
2,10,12,17,13,34,50,101,111,132,157,145,140,135,113,115,111,123,128,123,107,78,51,8
3,13,21,12,13,16,29,47,71,93,109,127,136,135,119,114,102,105,107,120,106,67,50,0
1,4,9,13,14,14,29,45,70,105,120,106,110,100,72,85,69,94,95,105,78,58,23,3
0,6,9,23,26,27,13,41,62,116,97,89,99,114,78,83,70,86,123,88,84,73,11,0
5,1,0,5,12,14,14,14,56,86,104,93,81,84,62,61,65,73,120,105,63,52,12,4
2,8,10,5,9,11,10,13,54,74,94,105,86,66,54,53,72,65,97,105,64,34,9,3
7,13,9,13,11,11,10,21,28,61,109,143,81,55,53,52,58,62,87,119,66,34,10,0
5,9,14,11,11,12,4,10,42,57,82,83,63,51,50,42,14,63,54,59,50,12,1,0
0,9,12,13,13,3,7,5,25,51,59,54,51,37,14,13,9,51,41,50,29,10,0,0
0,9,7,13,14,12,0,7,48,48,52,52,34,14,11,9,1,13,12,12,11,4,3,6
5,12,11,13,13,13,10,11,48,58,55,43,29,13,12,9,0,0,14,12,7,0,0,0
10,11,11,10,13,15,8,11,50,60,58,54,22,22,14,8,0,1,8,13,8,0,0,0
9,9,9,12,13,10,0,18,32,63,62,52,13,9,10,11,4,5,8,13,13,12,0,0
11,9,12,11,9,9,0,9,22,50,52,40,10,14,5,5,8,12,13,14,29,10,5,0
0,11,15,12,6,1,0,9,1,16,29,21,11,13,12,3,0,2,12,14,50,13,0,2
9,10,6,12,13,0,0,4,7,0,17,9,6,12,12,12,10,8,10,13,21,13,0,0

0,3,0,0,0,0,1,0,0,0,0,0,0,0,2,0,0,0,0,0,0,0,0,1
0,2,0,5,1,0,0,4,0,0,0,0,0,0,5,5,10,0,0,0,0,0,0,9
0,10,0,0,0,0,0,2,1,0,4,10,52,50,50,14,13,13,1,3,0,5,4,8
0,1,0,0,0,11,10,14,10,11,9,7,67,106,104,93,94,63,17,7,9,13,13,9
0,4,0,0,20,0,0,0,7,0,0,68,80,123,104,109,103,108,62,13,10,0,0,0
7,0,0,8,1,8,0,0,5,26,28,62,117,93,137,130,110,72,54,22,21,0,0,6
0,8,0,0,4,8,12,12,8,14,52,68,91,125,117,123,106,77,53,12,13,13,12,6
0,2,0,9,0,12,39,0,10,53,51,49,73,77,88,89,100,86,58,14,16,4,5,10
0,11,12,0,8,13,53,14,6,2,26,53,53,52,2,61,15,54,43,0,0,0,0,0
4,0,0,6,7,0,20,54,70,80,85,79,75,56,49,62,66,66,59,33,35,15,9,12
2,2,0,0,10,14,69,81,103,111,142,158,147,131,85,96,124,103,89,61,53,41,0,0
0,0,7,0,38,62,85,105,117,175,199,169,180,189,157,163,152,131,126,109,74,58,54,8
0,1,18,20,29,64,75,95,122,179,196,198,205,198,179,179,173,140,136,125,108,83,60,46
3,4,5,13,77,104,102,101,125,168,183,201,199,191,168,166,171,147,137,120,113,94,64,55
0,0,0,4,14,76,41,62,105,134,151,181,167,149,95,134,156,126,95,89,102,65,60,55
11,13,14,21,40,49,9,6,8,31,97,116,99,77,69,93,106,66,100,86,67,50,11,16
8,9,2,8,42,48,55,17,52,58,66,104,86,96,96,98,117,111,114,112,77,11,13,31
12,11,16,13,30,29,28,41,59,89,94,132,147,164,110,102,113,87,105,77,49,36,14,14
3,4,9,53,76,38,26,54,100,81,111,154,169,165,144,132,128,121,111,103,77,53,7,11
0,0,12,70,107,99,45,100,113,124,140,179,186,172,157,157,149,103,114,86,100,43,7,26
0,6,21,74,101,61,57,57,107,127,141,175,194,187,160,146,153,138,90,75,53,43,5,23
0,6,22,38,90,54,42,35,83,100,146,178,200,196,198,194,155,142,130,106,84,46,0,38
6,6,4,13,80,69,62,100,119,118,139,151,182,198,190,164,152,129,119,102,57,37,8,61
0,1,9,13,69,130,105,103,110,124,131,152,157,172,176,143,140,131,110,101,62,50,4,78
2,3,0,11,48,102,85,102,125,133,148,170,154,156,161,156,143,124,113,105,104,75,13,9
7,6,2,14,85,113,85,104,122,137,155,163,167,163,138,137,131,125,128,112,102,72,29,9
12,11,10,20,44,89,100,101,124,140,144,147,145,146,144,109,113,123,120,117,108,64,50,6
11,13,12,12,18,47,85,105,117,134,139,136,161,151,134,113,114,120,119,119,108,71,57,9
2,10,12,17,13,34,50,101,111,132,157,145,140,136,113,115,111,123,128,123,107,79,51,8
3,13,21,12,13,16,29,47,71,93,109,127,136,135,118,115,102,106,107,120,106,67,50,0
1,4,9,13,14,14,29,45,70,105,120,105,110,100,72,85,69,94,96,105,78,58,23,3
0,6,9,23,27,28,13,41,62,116,97,89,99,114,78,83,70,86,123,88,84,74,11,0
5,1,0,5,12,14,14,14,56,86,104,93,81,84,63,61,65,73,120,105,63,52,12,4
2,8,10,5,9,11,10,13,54,74,94,106,87,66,54,53,72,65,97,105,64,35,9,3
7,13,9,13,11,11,10,21,28,61,109,143,81,56,53,52,58,61,87,119,66,34,11,0
5,9,14,12,11,12,4,10,42,57,82,84,64,51,50,43,14,63,54,59,50,12,1,0
0,9,12,13,13,3,8,5,25,51,59,54,51,37,14,12,10,51,42,50,29,10,0,0
0,9,7,13,14,11,0,7,48,49,52,51,33,14,11,9,1,13,12,12,11,4,3,6
5,12,11,13,13,13,10,11,48,58,55,43,29,13,12,9,0,0,14,12,6,0,0,0
10,11,11,10,13,15,8,11,50,60,58,54,22,22,14,8,0,1,8,13,8,0,0,0
10,9,9,12,13,10,0,18,31,63,62,52,13,9,10,11,4,5,8,13,13,12,0,0
11,9,12,11,9,9,0,9,22,49,52,38,10,14,5,5,8,12,13,14,28,10,5,0
0,11,15,12,6,1,0,9,1,16,28,21,11,13,12,3,0,2,12,14,50,13,0,2
9,10,6,12,13,0,0,5,7,0,17,9,6,12,12,12,10,9,10,13,20,13,0,0

0,3,0,0,0,0,1,0,0,0,0,0,0,0,2,0,0,0,0,0,0,0,0,1
0,3,0,5,1,0,0,4,0,0,0,0,0,0,5,5,10,0,0,0,0,0,0,9
0,10,0,0,0,0,0,1,1,0,4,10,52,50,50,14,13,13,1,3,0,5,4,7
0,1,0,0,0,11,9,14,10,10,9,7,67,106,104,93,94,64,17,7,9,13,13,9
0,4,0,0,20,0,0,0,7,0,0,69,81,123,104,109,103,108,62,13,10,0,0,0
6,0,0,8,1,8,0,0,5,26,28,62,117,93,137,130,110,72,55,22,21,0,0,6
0,8,0,0,4,8,12,12,8,14,52,68,91,125,117,123,106,77,53,12,13,13,12,6
0,2,0,9,0,12,38,0,10,53,51,47,73,77,88,89,100,86,58,13,16,4,5,10
0,11,12,0,9,13,53,14,6,2,25,53,53,52,2,61,15,54,43,0,0,0,0,0
4,0,0,6,7,0,21,54,71,80,85,79,76,56,49,62,66,66,59,35,36,17,9,12
2,2,0,0,10,14,70,81,103,111,142,158,147,131,85,96,124,103,89,61,53,41,0,0
0,0,7,0,39,62,85,105,117,175,200,169,181,189,157,163,153,131,126,109,73,58,54,9
0,1,19,20,29,64,75,95,122,179,195,198,205,199,179,179,173,140,137,125,108,83,60,47
3,4,5,13,77,104,102,101,125,168,183,201,199,191,169,167,172,148,138,120,113,94,64,55
0,0,0,4,14,76,41,62,105,134,151,181,167,149,95,134,156,127,96,89,102,65,60,55
11,13,14,21,40,49,9,6,8,28,98,116,99,77,69,93,106,66,100,86,68,50,11,17
8,9,2,8,43,50,54,17,52,58,66,104,86,96,96,98,117,111,114,112,76,11,13,31
12,11,16,14,30,29,28,41,58,89,94,131,147,163,110,101,112,87,105,77,49,36,14,14
3,4,9,53,76,38,26,53,100,81,110,154,168,164,144,132,127,121,111,102,76,53,7,11
0,0,12,70,107,98,45,100,113,124,140,178,185,171,156,157,148,103,113,86,100,42,7,26
0,6,21,75,101,62,56,57,107,127,141,175,193,186,159,146,153,138,90,75,53,42,5,23
0,6,22,38,90,55,42,35,83,100,145,177,199,196,197,193,154,141,130,106,84,46,0,39
6,6,4,14,80,70,62,100,119,118,139,151,181,197,189,163,151,129,119,102,57,38,8,61
0,1,9,13,70,130,105,103,111,124,132,152,157,171,176,143,140,131,110,101,62,50,4,79
2,3,0,11,48,102,85,102,125,133,149,170,154,156,161,156,143,124,113,105,104,75,13,9
7,6,2,14,85,113,85,104,122,138,155,164,167,163,138,137,131,125,128,112,102,72,29,9
12,11,10,20,44,90,100,101,125,140,144,147,145,147,144,109,113,123,120,117,108,64,50,6
11,13,12,12,18,47,86,105,117,134,140,136,161,152,134,113,114,120,119,119,108,71,57,9
2,10,12,17,13,34,51,101,111,133,157,145,140,136,113,115,111,124,128,123,107,79,51,8
3,13,21,12,13,16,29,47,71,93,110,127,136,135,119,115,103,106,107,120,106,67,50,0
1,4,9,13,14,14,29,45,70,105,120,105,110,101,72,85,69,94,96,105,78,58,23,3
0,6,9,23,27,28,13,41,62,116,97,89,99,114,78,83,70,86,123,88,84,74,11,0
5,0,0,5,12,14,14,14,56,86,104,93,81,85,62,61,65,73,120,105,63,52,12,4
2,8,10,5,9,11,10,13,54,74,94,105,87,66,53,53,72,65,97,105,64,35,9,3
7,13,9,13,11,11,10,21,28,61,109,143,81,56,53,52,58,61,87,119,66,34,10,0
5,9,14,12,11,12,4,10,42,57,82,83,63,51,50,42,14,63,54,59,50,12,1,0
0,9,12,13,13,3,8,5,25,51,59,54,51,36,14,13,10,51,41,50,30,10,0,0
0,9,7,13,15,11,0,7,48,48,52,51,33,14,11,9,1,13,12,12,11,4,3,6
5,12,11,13,13,14,10,11,49,58,55,44,29,13,12,10,0,0,15,11,7,0,0,0
10,11,11,10,13,16,8,11,50,60,58,54,22,22,14,8,0,1,7,13,8,0,0,0
9,9,9,12,13,10,0,18,32,63,62,52,13,9,10,11,4,5,8,13,13,12,0,0
11,9,12,11,9,9,0,9,21,48,52,40,10,14,5,5,8,12,13,14,27,10,5,0
0,11,15,12,6,1,0,9,1,16,29,21,11,13,13,3,0,2,12,14,50,13,0,2
9,10,6,12,13,0,0,5,7,0,18,9,6,12,12,12,10,9,10,13,21,13,0,0

0,3,0,0,0,0,0,0,0,0,0,0,0,0,2,0,0,0,0,0,0,0,0,1
0,2,0,5,1,0,0,4,0,0,0,0,0,0,5,5,10,0,0,0,0,0,0,9
0,10,0,0,0,0,0,1,1,0,4,10,52,50,50,14,13,13,1,3,0,5,4,7
0,1,0,0,0,11,9,14,10,10,9,7,67,106,104,93,94,63,17,7,9,13,13,9
0,4,0,0,19,0,0,0,7,0,0,69,80,123,104,109,103,108,62,14,11,0,0,0
6,0,0,8,1,8,0,0,5,27,28,62,117,93,137,130,110,72,54,23,21,0,0,6
0,8,0,0,3,8,12,12,8,14,52,68,91,125,117,123,107,78,53,12,13,13,12,6
0,2,0,9,0,12,38,0,10,53,51,49,74,77,88,89,100,86,58,14,16,4,5,10
0,10,12,0,9,13,53,14,6,2,26,53,53,52,2,61,15,54,45,0,0,0,0,0
4,0,0,6,7,0,22,54,71,80,85,79,76,56,50,62,66,66,59,35,35,17,9,12
2,2,0,0,10,14,70,81,103,111,142,159,147,131,86,96,124,103,89,61,53,42,0,0
0,0,7,0,39,62,85,105,117,175,200,169,181,190,158,163,152,131,126,109,73,58,54,9
0,1,19,20,29,64,75,95,122,179,196,198,206,199,179,180,173,140,137,125,108,83,60,46
3,4,5,13,78,104,102,101,125,168,183,201,199,191,169,167,172,148,138,120,113,94,65,55
0,0,0,4,14,76,41,62,105,134,151,182,167,149,95,134,157,127,96,89,102,66,60,55
11,13,14,21,40,49,9,6,9,29,98,116,98,77,69,93,106,66,100,86,68,50,11,17
8,9,2,8,44,49,55,17,52,57,66,104,86,96,96,98,117,111,114,112,76,11,13,32
12,11,16,14,30,29,28,41,58,89,94,131,147,163,109,101,112,87,105,77,49,36,14,14
3,4,9,54,76,38,27,53,100,81,110,153,168,164,144,131,127,121,111,102,76,54,7,11
0,0,12,70,107,99,46,100,113,124,140,177,185,171,156,156,148,103,113,86,100,42,7,27
0,6,22,75,101,62,56,57,107,127,141,175,193,186,158,145,152,137,90,75,52,43,5,22
0,6,22,38,90,55,42,35,83,100,146,176,199,195,196,193,154,141,130,106,84,46,0,40
6,6,4,14,80,70,63,100,119,118,139,151,180,196,188,163,150,129,118,102,57,38,8,61
0,1,9,13,70,130,105,104,111,124,132,152,156,171,175,143,140,131,110,101,63,50,4,78
2,3,0,11,48,102,85,102,125,133,149,170,154,156,162,156,143,124,113,105,104,75,13,9
7,6,2,14,84,113,85,104,122,138,156,164,167,164,138,137,131,125,128,112,102,73,29,10
12,11,10,20,44,89,100,101,125,140,144,147,145,147,145,109,113,123,120,117,108,64,50,7
11,13,12,12,20,47,86,105,117,134,140,136,161,152,134,113,114,120,119,119,108,71,58,9
2,10,12,17,13,34,50,101,111,133,157,145,140,136,113,115,111,124,128,123,107,79,51,8
3,13,21,12,13,16,29,47,71,93,109,127,136,135,119,115,103,106,107,120,106,67,50,0
1,4,9,13,14,14,29,45,70,105,120,105,110,101,72,85,69,94,96,105,78,58,23,3
0,6,9,23,27,28,13,42,62,117,97,89,99,114,77,83,70,86,123,88,84,74,11,0
5,1,0,5,12,14,14,14,56,86,104,93,81,84,63,61,65,73,120,105,63,52,12,4
2,8,10,5,9,11,11,13,54,74,94,105,86,66,54,53,72,65,97,105,64,34,9,3
7,13,9,13,11,11,10,21,28,61,109,143,81,55,53,52,58,61,87,118,66,33,10,0
5,9,14,11,11,12,4,10,42,57,82,83,63,50,50,41,14,63,54,58,50,12,1,0
0,9,12,13,13,3,8,5,25,51,59,54,51,36,14,12,10,51,42,50,30,10,0,0
0,9,7,13,15,11,0,7,49,48,52,52,33,14,11,9,1,13,12,12,11,4,3,6
5,12,11,13,13,13,10,11,47,58,55,43,29,13,12,10,0,0,14,11,6,0,0,0
10,11,11,11,13,16,8,11,50,60,58,54,22,23,14,8,0,1,8,13,8,0,0,0
9,9,9,12,13,10,0,18,32,63,62,52,13,9,10,11,4,5,8,13,13,12,0,0
11,9,12,11,9,9,0,9,22,48,52,40,10,14,5,5,8,12,13,14,28,10,5,0
0,11,15,12,6,1,0,9,1,16,28,21,11,13,12,3,0,2,12,14,50,13,0,2
9,10,6,12,13,0,0,5,7,0,17,9,6,12,12,12,10,9,10,13,20,13,0,0

0,3,0,0,0,0,0,0,0,0,0,0,0,0,2,0,0,0,0,0,0,0,0,1
0,3,0,5,1,0,0,4,0,0,0,0,0,0,5,5,10,0,0,0,0,0,0,9
0,10,0,0,0,0,0,1,0,0,4,10,52,50,50,14,13,13,1,3,0,5,4,7
0,1,0,0,0,11,9,14,10,10,9,7,67,106,104,93,95,63,18,7,9,13,13,9
0,4,0,0,19,0,0,0,7,0,0,69,81,123,104,109,103,109,62,14,10,0,0,0
6,0,0,8,0,8,0,0,5,27,28,62,117,93,137,130,110,72,55,23,21,0,0,6
0,8,0,0,3,8,12,12,8,14,52,68,91,125,117,124,107,78,53,12,13,13,12,6
0,2,0,9,0,12,39,0,10,53,51,49,74,78,89,89,100,86,58,14,16,4,5,10
0,11,12,0,9,13,53,14,6,2,26,53,52,52,2,61,15,54,44,0,0,0,0,0
4,0,0,6,7,0,22,54,71,80,86,79,76,56,50,62,66,66,59,35,36,16,9,12
2,2,0,0,10,14,69,81,103,111,142,159,147,131,86,96,124,103,89,61,53,42,0,0
0,0,7,0,39,62,85,105,117,175,200,169,181,190,158,163,152,131,126,109,74,58,54,9
0,1,18,20,30,64,75,94,122,179,196,199,206,199,179,179,173,140,137,125,108,83,60,46
3,4,5,13,78,104,102,101,125,169,183,201,199,191,169,167,172,148,138,121,113,94,65,55
0,0,0,4,14,76,41,62,105,134,151,181,167,149,95,134,156,127,96,89,102,65,60,55
11,13,14,21,40,50,9,6,9,30,98,116,99,77,69,93,106,66,100,86,68,50,11,18
8,9,2,8,44,50,54,17,52,57,66,104,86,96,96,98,117,111,114,112,76,11,13,32
12,11,16,14,30,29,28,40,58,89,94,131,146,163,109,101,112,86,104,77,49,36,14,14
3,4,9,54,76,38,27,53,100,80,110,153,167,163,143,131,127,121,111,102,76,53,7,11
0,0,12,71,107,99,45,100,113,124,139,177,185,170,155,155,148,103,113,85,100,43,7,27
0,6,21,75,101,62,56,58,107,127,141,174,192,185,158,145,152,137,89,74,52,42,5,23
0,6,22,38,90,55,42,36,83,100,146,176,198,195,196,192,153,141,130,106,84,45,0,41
6,6,5,14,80,70,63,100,119,118,139,151,180,196,187,162,150,128,118,102,56,38,8,61
0,1,9,13,70,130,105,103,111,124,132,152,156,171,175,143,140,131,110,101,63,51,5,79
2,3,0,11,48,102,85,102,125,133,149,170,154,156,162,156,143,124,113,105,104,75,13,9
7,6,2,14,85,113,85,104,122,138,156,164,167,164,139,138,131,125,128,112,102,72,30,9
12,11,10,20,44,89,100,101,125,140,144,147,145,147,144,109,113,123,120,117,108,63,50,7
11,13,12,12,20,48,86,105,117,134,140,136,161,152,134,114,114,120,119,119,108,71,58,9
2,10,12,17,13,34,51,101,111,133,157,145,140,136,113,115,111,124,128,123,107,80,51,8
3,13,21,12,13,16,30,47,71,94,109,127,136,135,119,115,103,106,107,121,106,67,50,0
1,4,9,13,14,14,29,45,70,105,120,105,110,101,72,85,69,95,96,105,78,58,24,3
0,6,9,23,27,27,13,41,62,116,97,89,99,114,78,83,70,86,123,88,84,74,11,0
5,1,0,5,12,14,14,14,56,86,104,93,81,84,63,61,65,73,120,105,63,52,12,4
2,8,10,5,9,11,10,13,54,74,94,105,86,66,54,53,72,65,97,105,64,35,9,3
7,13,9,13,11,11,10,21,28,61,109,143,81,56,53,52,58,61,87,119,66,34,11,0
5,9,14,12,11,12,4,10,41,57,82,83,63,51,50,42,14,63,54,59,50,12,1,0
0,9,12,13,13,3,8,5,24,51,59,54,51,37,14,13,10,51,41,50,29,10,0,0
0,9,7,13,15,12,0,7,48,48,52,52,34,14,11,9,1,13,12,12,11,4,3,6
5,12,11,13,13,13,10,11,46,58,55,43,28,13,12,9,0,0,14,11,7,0,0,0
10,11,11,10,13,16,8,11,50,60,58,54,22,22,14,8,0,1,8,13,8,0,0,0
10,9,9,12,13,10,0,18,32,63,62,52,13,9,10,11,4,5,8,13,13,12,0,0
11,9,12,11,9,9,0,9,22,49,52,38,10,14,5,5,8,12,13,14,28,10,5,0
0,11,15,12,6,1,0,9,1,16,28,21,11,13,12,3,0,2,12,14,50,13,0,2
9,10,6,12,13,0,0,5,7,0,17,9,6,12,12,12,10,9,10,13,20,13,0,0
