0,2,1,2,3,8,6,8,10,11,11,9,11,12,10,9,3,5,0,2,4,4,12,3
8,0,0,5,9,9,9,11,12,14,14,50,45,34,17,21,13,0,0,10,13,5,5,6
1,0,3,0,3,11,10,12,13,14,14,22,45,32,38,14,19,14,9,14,13,0,10,4
0,0,7,9,8,10,14,10,9,8,9,13,13,33,30,13,12,23,14,12,2,2,0,6
0,0,0,4,7,9,0,0,0,12,2,5,7,11,10,9,11,10,17,11,6,0,4,1
0,0,3,11,11,14,25,36,53,55,54,55,39,46,28,24,27,8,3,0,7,3,2,0
0,0,11,26,52,54,58,64,85,74,77,77,75,69,61,58,51,11,6,10,14,10,3,0
0,0,14,57,67,64,69,95,102,110,104,93,85,76,81,91,69,63,20,1,5,5,9,0
0,5,56,67,72,73,74,113,133,129,118,114,118,116,107,92,80,73,60,58,9,3,0,0
0,23,56,54,65,78,112,154,165,146,147,154,149,167,154,132,108,90,68,60,54,12,12,2
10,39,52,35,58,74,118,162,178,165,173,169,181,181,166,140,106,79,58,56,53,29,13,8
21,54,56,31,56,68,96,141,170,168,175,163,161,171,147,129,98,59,49,54,55,50,13,2
50,54,59,13,50,75,100,128,152,166,160,162,162,150,132,110,75,50,38,44,49,44,30,9
57,61,46,4,21,59,91,118,132,140,146,144,142,136,118,106,69,14,13,50,56,72,42,13
76,100,18,12,34,50,57,103,85,72,92,115,118,111,103,81,14,11,7,35,59,66,35,14
69,55,12,8,35,55,52,79,72,57,60,76,106,100,60,53,17,0,3,19,46,97,75,13
13,14,11,13,46,61,64,63,54,52,53,65,91,61,54,52,14,4,0,1,19,40,55,12
13,26,27,31,42,49,48,48,50,52,67,95,80,76,52,53,38,12,1,7,12,11,12,10
0,10,13,13,53,72,101,85,61,102,126,135,133,84,75,81,52,7,0,0,7,1,0,7
7,13,20,49,73,100,103,140,141,144,148,166,166,124,114,104,76,13,1,4,9,6,6,4
5,18,33,55,71,108,146,161,141,161,219,212,190,147,136,117,98,8,9,10,5,1,0,8
10,13,43,81,118,149,177,190,196,198,241,232,198,167,131,114,81,27,14,6,11,7,5,10
8,8,41,72,121,151,181,202,199,217,256,227,189,163,133,113,101,32,9,13,15,0,4,5
11,14,83,101,118,137,162,162,149,175,202,197,181,154,133,111,106,22,10,13,12,11,5,0
10,10,14,92,107,128,128,133,111,118,158,164,159,144,126,116,93,20,16,10,0,0,0,8
9,7,15,44,103,110,107,107,100,65,114,130,135,126,115,107,73,12,7,9,0,2,11,4
0,7,13,35,57,79,68,93,75,11,75,102,109,106,105,102,71,10,13,11,4,3,12,13
0,7,14,41,43,76,79,62,75,12,78,101,71,86,92,82,62,5,10,5,1,0,7,8
3,8,11,27,61,76,74,73,58,8,50,55,57,65,69,64,50,0,0,3,0,10,3,5
0,0,12,13,45,54,59,55,53,9,29,50,50,50,43,39,28,0,10,11,2,1,5,5
7,7,11,12,32,51,53,42,44,30,32,43,41,49,46,33,27,0,6,12,9,5,4,10
0,0,3,13,15,52,52,37,50,8,12,50,48,52,58,41,13,8,4,8,15,2,3,0
3,0,4,8,18,51,50,53,51,0,4,38,53,53,53,40,11,10,7,6,1,0,0,3
0,0,0,7,11,32,44,53,13,2,0,13,32,52,52,33,14,6,8,6,3,5,2,5
0,0,0,0,12,27,56,35,7,8,2,12,17,47,51,26,11,6,6,4,7,0,1,4
0,0,0,0,13,38,50,42,8,0,0,12,44,50,51,50,18,0,3,0,0,2,1,0
1,0,0,0,14,49,53,51,13,0,10,17,51,57,59,45,37,3,1,9,0,8,6,8
0,0,0,10,13,63,59,61,31,6,12,26,53,60,64,59,39,9,8,7,6,0,0,0
0,0,0,12,50,58,70,57,37,10,0,29,52,66,83,64,50,7,9,10,0,2,2,0
0,0,0,10,53,57,54,62,36,14,9,20,61,64,71,57,34,14,12,8,0,5,0,3
0,0,5,14,50,52,55,56,34,17,9,9,57,64,80,57,23,11,9,3,1,0,2,0
0,6,0,11,30,48,50,50,19,12,7,11,41,53,56,33,13,10,11,10,0,0,3,7
5,0,0,9,14,50,52,50,5,6,11,6,51,56,34,20,4,13,10,7,9,10,7,3
0,0,4,5,12,14,52,14,11,4,6,2,12,54,50,14,8,9,6,8,9,0,9,6

0

0,2,2,2,3,8,6,8,10,12,11,10,12,12,9,8,1,5,0,2,4,4,12,3
8,0,0,3,9,9,9,12,13,17,22,50,50,38,22,21,13,0,0,10,13,5,4,6
1,0,3,0,3,10,10,12,13,15,14,33,53,42,40,14,20,14,10,14,13,0,10,4
0,0,7,8,8,10,14,9,9,8,9,14,14,39,36,14,12,23,14,12,3,2,0,7
0,0,0,4,7,9,0,0,0,12,4,6,8,12,10,9,11,10,17,12,6,0,4,1
0,0,3,11,11,13,24,37,54,56,56,57,42,47,28,23,25,8,3,0,6,2,1,0
0,0,10,25,52,54,58,64,87,74,78,79,76,70,61,57,51,11,5,10,14,10,3,0
0,0,13,57,67,64,69,95,102,111,105,93,85,76,81,92,69,62,14,0,4,4,9,0
0,5,56,67,71,73,74,112,133,129,118,114,116,113,107,95,80,72,59,56,8,3,0,0
0,22,55,54,64,77,111,153,163,144,147,153,147,163,154,138,109,89,67,60,54,12,12,2
9,38,51,35,58,73,116,160,176,163,172,168,180,178,164,144,108,79,58,56,53,27,13,8
21,54,55,31,56,68,95,140,169,166,174,163,161,172,147,130,98,59,49,53,54,50,13,2
50,54,59,13,48,74,100,127,150,164,158,161,162,150,132,110,74,50,38,44,50,45,30,9
57,61,47,4,18,59,92,118,131,139,144,143,142,136,119,106,70,14,13,51,57,75,47,13
75,100,20,12,34,50,58,104,85,72,92,115,118,112,104,86,14,11,7,37,63,71,36,14
69,55,12,9,38,56,53,80,72,57,60,76,106,100,61,54,23,0,2,19,48,101,66,13
13,14,11,13,46,62,64,63,54,52,53,65,92,61,55,52,24,4,0,0,14,38,51,11
13,26,27,31,42,49,48,48,50,52,67,95,79,76,52,53,39,13,1,7,12,11,12,10
0,10,13,13,53,73,101,85,60,101,125,134,132,84,75,81,52,8,0,0,7,1,0,7
7,13,19,48,73,101,103,140,140,144,147,165,165,124,114,104,76,13,1,4,9,6,6,4
5,18,33,54,71,108,146,161,140,159,218,211,189,147,136,117,96,8,9,10,5,1,0,8
10,13,43,81,118,149,177,190,196,197,239,231,197,166,131,114,81,27,14,6,11,7,5,10
8,8,41,72,121,151,181,201,198,217,256,226,188,163,133,113,102,32,9,13,15,0,4,5
11,14,83,101,118,137,162,162,149,174,202,197,181,154,133,112,106,23,10,13,12,11,5,0
10,10,14,92,107,128,128,133,111,118,158,164,159,144,126,116,95,21,16,10,0,0,0,8
9,7,15,44,103,110,107,108,100,63,113,130,135,126,116,107,75,12,7,9,0,2,11,4
0,7,12,37,57,81,68,94,74,11,75,102,109,106,105,102,71,10,13,11,4,3,12,13
0,7,14,42,42,77,79,62,74,12,77,101,70,86,93,83,61,5,10,5,1,0,7,8
3,8,11,28,61,76,74,73,59,8,50,55,58,65,70,65,50,0,0,2,0,10,3,5
0,0,12,13,47,53,59,55,53,8,30,50,50,50,43,39,29,1,10,11,1,2,5,5
7,7,11,12,32,50,53,42,43,28,32,44,42,50,48,34,28,0,6,12,9,5,4,10
0,0,2,13,16,52,52,37,50,9,12,51,50,52,59,46,13,8,3,7,15,2,3,0
3,0,4,8,17,51,50,53,51,0,6,50,54,54,54,50,12,10,7,6,2,0,0,3
0,0,0,7,11,33,43,53,13,0,4,17,45,54,54,38,14,7,8,6,3,4,2,5
0,0,0,0,12,29,56,34,6,7,4,13,25,51,54,29,11,5,7,5,7,0,1,4
0,0,0,0,13,39,50,42,7,0,0,13,50,52,55,52,20,3,3,1,0,2,0,0
1,0,0,0,14,50,53,51,13,0,10,33,53,60,64,49,40,4,2,9,0,7,5,8
0,0,0,10,13,64,59,60,29,6,12,33,54,63,68,61,42,10,10,7,6,0,0,0
0,0,0,13,50,58,69,57,35,10,0,33,54,67,85,65,50,7,10,10,0,2,2,0
0,0,0,11,53,57,53,62,33,13,9,27,62,64,71,57,34,14,11,9,1,5,0,4
0,0,5,14,50,52,55,55,34,18,9,9,58,64,80,57,23,11,9,2,0,0,2,0
0,6,0,11,31,49,50,50,19,12,7,11,36,53,55,32,12,9,11,11,0,0,3,8
5,0,0,9,14,50,52,48,6,6,11,5,40,53,32,14,3,13,10,7,10,10,7,2
0,0,5,5,12,14,53,14,11,5,6,1,10,50,41,13,8,9,5,8,9,0,9,6

0

0,1,0,2,2,9,7,10,11,14,22,30,29,14,21,10,4,4,0,2,4,3,11,3
9,0,0,2,9,10,11,14,28,43,51,56,54,52,48,28,14,0,0,11,12,4,3,5
2,0,3,0,3,11,10,14,23,46,50,57,76,68,52,35,23,18,11,14,13,0,8,3
0,0,6,8,7,10,14,10,11,11,14,47,55,54,51,28,14,25,19,12,0,0,0,6
0,0,0,3,6,8,0,0,0,11,4,6,12,14,13,11,11,10,17,11,5,0,3,0
0,0,3,11,11,13,21,35,53,54,54,54,40,46,31,23,26,7,4,0,6,2,1,0
0,0,9,16,50,53,57,63,82,72,74,74,72,68,61,58,52,12,6,10,14,9,2,0
0,0,13,56,66,63,68,90,98,104,98,86,80,72,79,90,69,63,27,2,5,4,8,0
0,4,55,66,71,72,73,108,126,121,109,107,109,107,101,89,79,73,60,59,9,3,0,0
0,18,55,53,64,77,109,147,153,135,137,144,138,153,144,126,105,88,68,60,54,12,12,2
8,38,51,35,58,72,114,154,169,153,163,158,170,169,153,132,100,77,57,56,53,27,13,8
19,54,55,31,56,67,93,137,165,162,169,158,155,166,142,125,92,58,48,53,55,50,13,3
50,54,59,13,47,73,98,127,149,162,156,159,160,148,131,109,74,50,36,44,50,44,29,9
57,61,46,4,20,60,93,119,131,139,145,143,142,137,119,106,72,14,13,51,57,74,40,13
76,100,21,12,39,50,59,105,87,74,95,117,119,113,104,90,14,12,7,34,62,68,32,14
69,55,12,9,45,57,53,82,73,58,61,79,107,101,61,55,26,0,2,20,51,99,61,13
13,14,11,12,49,64,65,64,54,52,54,67,93,61,55,53,40,5,0,1,24,45,49,11
13,26,27,31,42,50,48,48,50,52,68,95,80,76,52,54,39,13,0,7,12,11,12,10
0,10,13,13,54,74,101,86,61,102,126,134,132,84,75,81,53,8,0,0,7,1,0,7
7,13,20,50,74,101,104,141,141,144,147,165,165,124,114,104,77,13,1,4,9,6,6,4
5,18,33,54,71,108,147,161,140,160,218,211,189,146,136,117,95,8,9,10,5,1,0,8
10,13,44,81,119,149,178,191,196,198,241,232,198,167,131,114,81,27,14,6,11,7,5,10
8,8,41,72,121,152,181,202,199,217,256,227,189,163,133,113,101,32,9,13,15,0,4,5
11,14,83,101,118,137,162,163,149,174,203,198,181,155,133,111,106,25,10,13,12,11,5,0
10,10,14,91,107,128,128,134,111,118,158,164,159,144,126,116,94,19,16,10,0,0,0,8
9,7,15,44,103,110,107,108,100,65,114,130,135,126,115,107,74,12,7,9,0,2,11,4
0,7,12,35,57,81,67,92,75,10,75,102,109,106,105,102,71,10,13,11,4,4,12,13
0,7,14,42,42,77,79,62,73,11,78,101,70,86,93,83,63,5,10,5,1,0,7,8
3,8,11,27,62,75,75,73,59,8,50,55,57,65,70,65,50,0,0,2,0,10,3,5
0,0,12,13,46,54,59,55,54,9,31,50,50,50,43,40,29,0,10,11,1,1,5,5
7,7,11,12,32,50,53,42,44,29,32,44,41,50,47,33,28,0,6,12,9,5,4,10
0,0,3,13,15,52,53,37,50,9,12,50,50,52,58,44,13,8,4,8,15,2,3,0
3,0,4,8,17,51,50,53,51,0,5,41,53,53,54,48,12,10,7,7,2,0,0,3
0,0,0,7,11,33,44,54,13,1,2,13,34,52,53,35,14,6,8,6,3,5,2,5
0,0,0,0,12,28,56,37,6,7,5,12,17,50,52,26,10,5,6,4,7,0,1,5
0,0,0,0,13,40,50,43,8,0,0,12,46,50,52,51,18,1,4,0,0,2,1,0
1,0,0,0,14,49,53,51,13,0,10,17,51,58,60,47,39,3,2,9,0,8,6,8
0,0,0,10,13,64,59,61,31,7,12,25,53,60,65,60,41,9,9,7,6,0,0,0
0,0,0,13,50,58,70,57,36,10,0,29,52,66,84,65,50,8,9,10,0,2,2,0
0,0,0,10,53,58,53,62,35,13,9,17,61,64,72,57,34,14,12,8,0,5,0,3
0,0,5,13,50,52,55,55,34,18,9,8,57,64,81,58,24,11,9,3,1,0,2,0
0,6,0,11,32,50,50,50,18,12,7,11,34,53,56,33,13,10,11,10,0,0,3,7
5,0,0,9,14,50,52,50,5,6,11,5,45,55,34,19,4,13,10,7,9,10,7,3
0,0,4,5,12,14,53,14,11,4,6,1,11,53,50,14,8,9,5,8,9,0,9,6

0

0,2,0,2,3,9,8,10,11,14,25,33,31,14,22,11,4,5,0,2,4,3,11,3
9,0,0,3,9,11,11,15,33,45,51,56,54,52,50,29,14,0,0,11,12,3,4,5
3,0,4,0,3,11,10,14,26,48,50,57,77,70,52,35,23,19,11,14,13,0,8,3
0,0,5,8,7,10,14,10,11,11,14,50,56,55,51,30,18,25,18,11,0,0,0,6
0,0,0,3,6,8,0,0,0,11,5,7,13,14,14,11,11,10,17,11,4,0,3,0
0,0,3,11,11,12,21,35,52,54,54,54,40,46,31,22,25,7,4,0,6,2,1,0
0,0,9,15,51,53,57,63,82,71,74,75,73,68,61,57,51,11,5,10,14,9,2,0
0,0,13,56,66,63,68,90,98,104,99,86,80,72,78,88,68,62,21,1,4,4,8,0
0,4,55,66,71,73,73,108,126,122,109,106,108,105,100,88,78,72,60,58,9,2,0,0
0,18,55,54,64,77,109,146,154,135,138,144,136,149,141,125,104,87,67,60,54,12,12,2
8,38,51,35,58,73,114,154,169,154,164,158,169,167,151,131,99,76,57,56,53,30,13,8
19,54,55,31,56,67,93,137,165,163,171,159,156,166,141,125,92,58,48,54,55,51,13,3
50,54,59,13,48,73,99,127,149,162,157,160,160,149,130,109,74,50,36,44,49,44,30,9
57,61,46,4,22,60,94,120,131,140,145,144,142,137,119,106,73,14,13,51,57,75,46,13
76,100,21,12,40,51,59,105,87,74,96,117,119,113,104,90,14,12,7,36,63,71,35,14
70,55,12,9,45,58,53,82,73,58,61,79,107,101,61,55,25,0,2,22,52,105,68,13
13,14,11,13,48,63,65,64,54,52,54,66,93,61,55,52,40,5,0,2,28,43,51,11
13,26,27,31,42,50,48,48,50,53,68,95,80,76,53,53,39,13,0,7,13,11,12,10
0,10,13,13,53,73,101,85,61,101,126,134,132,84,75,81,53,7,0,0,8,2,0,7
7,13,20,49,74,101,104,141,140,144,147,166,165,124,114,104,77,13,1,4,9,6,6,4
5,18,33,55,71,108,146,161,140,160,219,212,189,147,136,117,95,8,9,10,5,1,0,8
10,13,43,82,119,149,178,191,196,198,241,232,198,167,131,114,81,27,14,6,11,7,5,10
8,8,42,72,121,152,181,202,199,217,256,227,189,164,133,113,101,33,9,13,15,0,4,5
11,14,83,101,118,137,162,163,149,174,202,198,181,154,133,111,106,23,10,13,12,11,5,0
10,10,14,92,107,128,128,134,111,118,158,164,159,144,126,116,94,20,16,10,0,0,0,8
9,8,15,44,103,110,107,108,100,65,114,130,135,126,115,107,75,12,7,9,0,2,11,4
0,7,12,35,57,81,68,93,75,10,75,102,109,106,105,102,72,10,13,11,4,4,12,13
0,7,14,42,42,77,79,62,74,11,79,101,71,87,93,83,63,5,10,5,1,0,7,8
3,8,11,27,62,75,75,73,59,8,50,55,57,65,70,65,51,0,0,2,0,10,3,5
0,0,12,13,47,54,59,55,53,9,31,50,50,50,43,40,29,0,10,11,1,1,5,5
7,7,11,12,32,51,53,42,45,29,32,44,41,50,47,34,28,0,6,12,9,5,4,10
0,0,3,13,18,52,52,37,50,8,12,50,50,52,58,44,13,8,4,8,15,2,3,0
3,0,4,8,17,51,50,53,51,0,5,39,53,53,53,46,12,10,7,6,2,0,0,3
0,0,0,7,11,34,44,53,13,1,1,13,32,52,52,35,14,6,8,6,3,5,2,5
0,0,0,0,12,27,56,37,6,7,4,12,16,50,52,26,9,5,6,4,7,0,1,4
0,0,0,0,13,40,50,43,7,0,0,12,46,50,52,51,16,1,4,0,0,2,1,0
1,0,0,0,14,50,53,51,13,0,9,16,51,57,60,46,38,3,1,9,0,8,6,8
0,0,0,10,13,64,59,61,32,7,12,27,53,60,65,60,41,9,9,7,6,0,0,0
1,0,0,13,50,58,70,57,36,10,0,29,52,66,83,65,50,7,9,10,0,2,2,0
0,0,0,10,53,58,53,62,35,14,9,18,61,64,72,57,34,14,12,8,0,5,0,3
0,0,5,14,50,52,55,56,34,17,9,8,57,64,81,58,24,11,9,3,1,0,2,0
0,6,0,11,32,50,50,50,20,12,7,11,38,53,56,34,13,10,11,10,0,0,3,7
5,0,0,9,14,50,52,50,5,6,11,5,50,55,34,19,4,13,10,7,9,10,7,3
0,0,4,5,12,14,53,14,11,5,6,1,11,53,50,14,8,9,5,8,9,0,9,6

0

0,2,0,2,3,9,7,10,11,14,19,26,26,14,19,10,3,4,0,2,4,3,11,3
9,0,0,4,9,10,11,14,27,41,51,55,53,52,48,28,14,0,0,10,12,4,4,6
2,0,4,0,3,11,10,14,23,44,50,56,75,68,52,33,23,17,11,14,13,0,8,3
0,0,6,8,7,10,14,10,11,11,14,48,55,55,51,28,14,25,18,12,0,0,0,6
0,0,0,3,6,8,0,0,0,11,5,7,13,14,13,10,11,10,17,11,5,0,3,0
0,0,3,11,11,13,22,35,53,55,55,56,42,48,32,23,26,7,4,0,6,2,1,0
0,0,9,20,51,53,57,63,83,73,76,77,75,70,62,58,51,11,6,10,14,9,2,0
0,0,13,57,67,63,68,92,100,107,101,89,82,74,79,89,68,63,21,2,4,4,8,0
0,4,55,67,71,73,73,109,128,124,112,109,110,108,102,90,79,72,60,58,9,2,0,0
0,19,55,54,64,77,109,148,155,137,141,147,140,152,143,127,104,87,67,60,54,12,11,2
9,38,51,35,58,73,114,155,170,156,166,161,171,170,153,132,100,76,57,56,53,29,13,8
19,54,55,31,56,67,93,137,166,164,172,161,157,167,142,125,92,58,48,53,55,51,13,2
50,54,60,13,49,73,98,127,150,163,158,161,161,149,131,109,74,50,37,44,50,44,30,9
57,60,46,4,20,60,93,120,132,140,145,144,143,137,119,106,72,14,13,51,57,74,46,13
76,100,21,12,40,50,59,105,87,74,95,117,119,113,104,88,14,12,8,37,63,71,35,14
69,55,12,8,42,57,53,81,73,58,61,78,107,100,61,55,23,0,2,22,52,106,69,13
13,14,11,12,49,63,65,64,54,52,54,66,93,61,55,52,35,4,0,2,30,43,51,12
13,26,27,31,42,50,48,48,50,52,68,95,80,76,52,53,39,12,0,7,13,12,12,10
0,10,13,13,53,73,101,85,61,101,125,134,132,84,75,81,52,6,0,0,8,2,0,7
7,13,21,49,73,101,104,140,140,144,147,165,165,124,114,104,76,13,1,4,9,6,6,4
5,18,33,54,71,108,146,161,140,160,218,211,189,147,136,117,95,8,9,10,5,1,0,8
10,13,43,81,118,149,177,190,196,197,240,232,198,167,131,114,81,27,14,6,11,7,5,10
8,8,42,72,121,151,181,202,199,217,256,227,189,163,133,113,101,32,9,13,15,0,4,5
11,14,84,101,118,137,162,163,149,174,202,197,181,154,133,111,106,23,10,13,12,11,5,0
10,10,14,92,107,128,128,134,111,118,157,164,159,144,126,116,94,20,16,10,0,0,0,8
9,7,15,45,103,110,107,108,100,65,114,130,135,126,115,107,75,12,7,9,0,2,11,4
0,7,12,35,58,80,68,93,76,11,74,102,109,106,105,102,71,10,13,11,4,4,12,13
0,7,14,41,43,77,79,62,74,11,78,101,71,86,93,83,63,5,10,5,1,0,7,8
4,8,11,28,62,75,75,73,59,8,50,55,58,65,70,65,51,0,0,2,0,10,3,5
0,0,12,13,46,54,59,55,53,9,30,50,50,50,43,39,29,0,10,11,1,1,5,5
7,7,11,12,32,51,53,42,45,29,32,44,41,50,47,33,28,0,6,12,9,5,4,10
0,0,3,13,17,53,53,37,50,8,12,50,50,52,58,44,13,8,4,8,15,2,3,0
3,0,4,8,20,51,50,53,51,0,5,39,53,53,53,47,12,10,7,6,2,0,0,3
0,0,0,7,11,34,43,54,13,1,1,13,33,52,52,35,14,6,8,6,3,5,2,5
0,0,0,0,12,28,56,37,6,7,4,12,16,49,52,26,9,5,6,4,7,0,1,4
0,0,0,0,13,40,50,42,8,0,0,12,45,50,52,51,17,1,4,0,0,2,1,0
1,0,0,0,14,50,53,51,13,0,9,15,51,57,60,46,38,3,1,9,0,8,6,8
0,0,0,10,13,64,59,61,31,6,12,26,53,60,65,60,40,9,9,7,6,0,0,0
1,0,0,13,50,58,70,57,36,10,0,29,52,66,84,65,50,7,9,10,0,2,2,0
0,0,0,10,53,58,53,62,35,14,9,18,61,64,72,57,34,14,12,8,0,5,0,3
0,0,5,13,50,52,55,56,34,18,9,8,57,64,81,58,24,11,9,3,1,0,2,0
0,6,0,11,31,49,50,50,19,12,7,11,37,53,56,34,13,10,11,10,0,0,3,7
5,0,0,9,14,50,52,48,6,6,11,5,48,55,34,20,4,13,10,7,9,10,7,3
0,0,4,5,12,14,53,14,11,5,6,1,11,53,51,14,8,9,6,8,9,0,9,6

0

0,2,0,2,3,9,7,10,11,14,20,27,27,14,20,10,3,4,0,2,4,3,11,3
9,0,0,4,9,10,11,14,29,42,51,56,53,52,50,28,14,0,0,10,12,4,4,5
3,0,4,0,3,11,10,14,26,47,50,57,77,69,52,35,23,18,11,14,13,0,8,3
0,0,6,8,7,10,14,10,11,11,14,50,55,55,51,29,14,25,18,12,0,0,0,6
0,0,0,3,6,8,0,0,0,12,5,7,13,14,14,11,11,10,17,11,5,0,3,0
0,0,3,11,11,13,21,35,53,55,55,56,42,48,32,24,26,8,4,0,6,2,1,0
0,0,9,18,51,53,57,63,83,73,76,77,75,70,62,58,51,11,6,10,14,9,2,0
0,0,13,56,67,64,68,92,99,107,101,90,82,74,80,90,68,63,22,2,5,4,8,0
0,4,55,67,71,73,73,109,127,124,112,109,111,109,103,90,79,72,60,59,9,3,0,0
0,19,55,54,64,77,109,148,155,137,141,147,140,154,144,127,105,88,67,60,54,12,12,2
9,38,51,35,58,73,114,155,170,156,166,162,172,170,153,132,100,76,57,56,53,30,13,8
19,54,55,31,56,67,93,138,166,164,172,161,157,167,141,125,92,58,48,53,54,51,13,2
50,54,59,13,49,73,99,127,150,164,158,161,161,149,130,109,74,50,36,44,49,44,30,9
57,60,46,4,20,60,93,119,132,140,146,144,143,137,119,106,72,14,13,51,57,74,46,13
76,100,21,12,39,50,59,105,87,73,95,117,119,113,104,88,14,12,7,36,63,71,35,14
69,55,12,8,44,57,53,82,73,58,61,78,107,101,61,55,23,0,2,22,51,106,69,13
13,14,11,12,48,63,65,64,54,52,54,66,92,61,55,52,35,4,0,2,29,42,51,11
13,26,27,31,42,49,48,48,50,52,67,94,79,76,52,53,39,12,0,7,13,11,12,10
0,10,13,13,53,73,101,85,60,101,125,134,132,84,75,81,52,6,0,0,8,2,0,7
7,13,20,50,73,101,104,140,140,144,147,165,165,124,113,104,75,13,1,4,9,6,6,4
5,18,33,54,71,108,146,161,140,160,218,211,189,147,136,117,95,8,9,10,5,1,0,8
10,13,43,81,119,149,177,191,196,198,240,232,198,166,131,114,80,27,14,6,11,7,5,10
8,8,41,72,121,152,181,202,199,217,256,227,189,163,133,113,102,32,9,13,15,0,4,5
11,14,85,101,118,137,162,163,149,174,202,197,181,154,133,111,106,22,10,13,12,11,5,0
10,10,14,92,107,128,128,134,111,118,157,164,159,144,126,116,93,19,16,10,0,0,0,8
9,8,15,44,103,110,107,108,100,66,114,130,135,126,115,107,74,12,7,9,0,2,11,4
0,7,12,35,59,81,68,94,76,10,75,102,109,106,105,102,72,10,13,11,4,4,12,13
0,7,14,42,43,77,79,62,74,11,78,101,70,86,93,83,63,5,10,5,1,0,7,8
4,8,11,28,62,76,75,73,59,8,50,55,57,65,70,65,51,0,0,2,0,10,3,5
0,0,12,13,47,53,59,55,53,9,31,50,50,49,43,39,29,0,10,11,1,1,5,5
7,7,11,12,32,51,53,42,44,30,32,43,41,49,47,34,28,0,6,12,9,5,4,10
0,0,3,13,16,53,52,38,50,9,12,50,50,52,59,44,13,8,4,8,15,2,3,0
3,0,4,8,17,51,50,53,51,0,5,39,53,53,53,47,12,10,7,6,2,0,0,3
0,0,0,7,11,33,45,54,13,1,1,13,31,52,52,34,14,6,8,6,3,5,2,5
0,0,0,0,12,28,56,38,6,7,4,12,16,50,52,26,9,5,6,4,7,0,1,4
0,0,0,0,13,40,50,43,8,0,0,12,46,50,52,51,16,1,4,0,0,2,1,0
1,0,0,0,14,50,53,51,13,0,10,15,51,57,60,46,38,3,1,9,0,8,6,8
0,0,0,10,13,64,59,61,31,6,12,25,53,60,65,60,41,9,8,7,6,0,0,0
1,0,0,13,50,58,70,57,36,10,0,28,52,66,84,65,50,7,9,10,0,2,2,0
0,0,0,10,53,58,53,62,35,14,9,18,61,64,72,57,34,14,12,8,0,5,0,3
0,0,5,14,50,52,55,56,34,18,9,8,57,64,81,58,24,11,9,3,1,0,2,0
0,6,0,11,32,49,50,50,21,12,7,11,38,54,56,34,13,10,11,10,0,0,3,7
5,0,0,9,14,50,52,50,5,6,11,5,47,56,34,20,4,13,10,7,9,10,7,3
0,0,4,5,12,14,52,14,11,5,6,1,11,53,51,14,8,9,6,8,9,0,9,6

0

0,2,0,2,3,9,7,10,11,14,20,27,29,14,20,10,3,4,0,2,4,3,11,3
9,0,0,4,9,10,11,14,28,42,51,55,53,52,50,28,14,0,0,10,12,4,4,6
3,0,4,0,3,11,10,14,24,46,50,57,75,68,52,35,23,18,11,14,13,0,8,3
0,0,6,8,7,10,14,10,11,11,14,50,55,55,51,29,14,25,18,12,0,0,0,6
0,0,0,3,6,8,0,0,0,12,5,7,13,14,14,11,11,10,17,11,5,0,3,0
0,0,3,11,11,13,22,35,53,55,55,56,42,48,32,24,25,7,4,0,6,2,1,0
0,0,9,18,51,53,57,63,83,73,76,77,75,70,62,58,51,11,6,10,14,9,2,0
0,0,13,56,67,63,68,92,100,107,101,89,82,74,80,89,68,63,20,2,4,4,8,0
0,5,56,67,71,73,73,109,128,124,112,109,110,107,102,89,79,72,60,59,9,3,0,0
0,18,55,53,64,77,110,148,155,138,141,147,139,152,143,126,104,88,67,60,54,12,11,2
9,38,51,35,58,73,114,156,170,156,167,162,171,169,152,132,100,76,57,56,53,31,13,8
19,54,55,31,56,67,93,138,166,165,172,161,157,167,142,125,92,58,48,53,54,51,13,2
50,54,59,13,50,74,100,127,150,164,158,161,161,149,131,109,75,50,36,44,50,44,30,9
57,61,46,4,21,60,93,119,132,140,146,144,143,137,119,106,72,14,13,51,57,74,47,13
76,100,22,12,40,50,59,104,87,73,95,117,119,113,104,89,14,12,8,37,63,71,36,14
69,55,12,9,44,57,53,81,73,58,61,78,107,101,61,55,23,0,2,22,51,107,70,13
13,14,11,13,49,63,65,64,54,52,54,66,92,61,55,52,36,4,0,3,30,43,51,12
13,26,27,31,42,50,48,48,50,52,67,94,79,76,52,53,39,12,0,7,13,12,12,10
0,10,13,13,53,74,101,85,60,101,125,134,132,84,75,81,52,6,0,0,8,2,0,7
7,13,20,50,74,101,104,140,140,144,147,165,165,124,114,104,77,13,1,4,9,6,6,4
5,18,33,54,71,108,147,161,140,160,218,211,189,147,136,117,95,8,9,10,5,1,0,8
10,13,43,81,119,149,178,190,196,197,240,232,198,166,131,114,81,27,14,6,11,7,5,10
8,8,42,72,121,151,181,202,199,217,256,227,189,163,133,113,101,32,9,13,16,0,4,5
11,14,85,101,118,137,162,163,149,174,202,197,181,154,133,111,106,23,10,13,12,11,5,0
10,10,14,92,107,128,128,134,111,118,158,164,159,144,126,116,94,20,16,10,0,0,0,8
9,8,15,45,103,110,107,108,100,69,114,130,135,126,115,107,75,12,7,9,0,2,11,4
0,7,12,37,58,80,67,93,77,11,75,102,109,106,105,102,72,10,13,11,4,4,12,13
0,7,14,42,43,77,79,62,74,11,78,101,70,86,93,83,64,5,10,5,1,0,7,8
3,8,11,28,62,75,75,73,60,8,50,55,58,65,70,65,51,0,0,2,0,10,3,5
0,0,12,13,46,53,59,55,53,9,31,50,50,49,43,39,29,0,10,11,2,1,5,5
7,7,11,12,32,51,53,42,44,30,32,43,41,49,47,34,27,0,6,12,9,5,4,10
0,0,3,13,17,53,53,37,50,9,12,50,48,52,59,44,13,8,4,8,15,2,3,0
3,0,4,8,18,51,50,53,51,0,5,39,53,53,53,46,12,10,7,6,2,0,0,3
0,0,0,7,11,33,44,54,13,1,1,13,32,52,52,35,14,6,8,6,3,5,2,5
0,0,0,0,12,28,56,38,6,7,4,12,16,49,52,26,9,5,6,4,7,0,1,4
0,0,0,0,13,40,50,42,8,0,0,12,46,50,52,51,16,1,4,0,0,2,1,0
1,0,0,0,14,50,53,51,13,0,10,16,51,57,60,46,38,3,1,9,0,8,6,8
0,0,0,10,13,64,59,61,30,6,12,25,53,60,65,60,40,9,8,7,6,0,0,0
1,0,0,13,50,58,70,57,36,10,0,28,52,66,84,65,50,7,9,10,0,2,2,0
0,0,0,10,53,58,53,62,36,14,9,18,61,64,72,57,34,14,12,8,0,5,0,3
0,0,5,14,50,52,55,56,34,18,9,8,57,64,81,58,24,11,9,3,1,0,2,0
0,6,0,11,32,50,50,50,20,12,7,11,36,54,56,34,13,10,11,10,0,0,3,7
5,0,0,9,14,50,52,50,6,6,11,5,50,56,34,21,4,13,10,7,9,10,7,3
0,0,4,5,12,14,53,14,11,5,6,2,11,53,51,14,8,9,6,8,9,0,9,6

0

0,2,0,2,3,9,7,10,11,14,20,27,27,14,21,10,3,4,0,2,4,3,11,3
9,0,0,4,9,11,11,14,29,43,51,56,54,52,48,28,14,0,0,10,12,4,4,6
3,0,4,0,3,11,10,14,26,47,50,57,75,68,52,34,23,18,11,14,13,0,8,3
0,0,6,8,7,10,14,10,11,11,14,50,56,55,51,29,14,25,17,12,0,0,0,6
0,0,0,3,6,8,0,0,0,11,5,7,13,14,14,11,11,10,17,11,5,0,3,0
0,0,3,11,11,13,22,36,53,55,55,56,42,48,32,24,26,8,4,0,6,2,1,0
0,0,9,18,51,53,57,63,84,73,76,76,74,70,62,58,51,11,6,10,14,9,2,0
0,0,13,57,67,64,68,92,100,107,101,89,82,74,80,89,68,63,21,2,4,5,8,0
0,4,56,67,71,73,73,109,128,125,112,109,110,107,102,89,79,72,60,59,9,3,0,0
0,19,55,53,64,77,109,147,155,138,141,147,139,151,143,126,104,87,67,60,54,12,12,2
9,38,51,35,58,73,114,154,170,156,166,161,171,169,151,131,99,76,57,56,53,31,13,8
19,54,55,31,56,67,93,137,165,163,172,160,157,166,141,124,91,58,48,53,55,51,14,2
50,54,59,13,48,73,98,127,149,162,157,160,161,149,130,109,74,50,36,44,49,44,30,9
57,60,46,4,20,60,93,120,132,140,145,144,142,137,119,106,72,14,13,51,57,74,47,13
76,100,20,12,41,50,59,105,87,74,96,117,119,113,104,89,14,12,8,36,63,71,36,14
69,55,12,9,45,57,53,82,74,58,61,79,107,101,61,55,25,0,2,22,52,106,70,13
13,14,11,13,48,64,65,64,54,52,54,66,93,61,55,52,38,4,0,2,29,42,51,11
13,26,27,31,42,50,48,48,50,52,68,95,80,76,52,53,39,12,0,7,13,12,12,10
0,10,13,13,53,73,101,85,60,101,125,134,132,84,75,81,52,7,0,0,8,2,0,7
7,13,20,49,73,100,104,140,140,144,147,165,165,124,114,104,76,13,1,4,9,6,6,4
4,18,33,54,71,108,146,161,140,160,218,211,189,147,136,117,95,8,9,10,5,1,0,8
10,13,43,81,119,149,177,191,196,198,240,232,198,167,131,114,81,27,14,6,11,7,5,10
8,8,41,72,121,151,181,202,199,217,256,227,189,163,133,113,101,32,9,13,15,0,4,5
11,14,84,101,118,137,162,163,149,174,202,197,181,154,133,111,106,23,10,13,12,11,5,0
10,10,14,92,107,128,128,134,111,118,157,164,159,144,126,116,94,20,16,10,0,0,0,8
9,8,15,45,103,110,107,108,100,65,114,130,135,126,115,107,75,12,7,9,0,2,11,4
0,7,12,35,59,81,68,93,77,11,74,102,109,106,105,102,73,10,13,11,4,4,12,13
0,7,14,42,45,77,79,63,74,11,80,101,71,86,94,83,64,6,10,5,1,0,7,8
3,8,11,28,62,75,74,73,59,8,50,55,57,65,70,65,51,0,0,2,0,10,3,5
0,0,12,13,48,53,59,55,53,9,31,50,50,50,43,40,29,0,10,11,1,1,5,5
7,7,11,12,32,51,53,42,44,30,32,44,41,49,47,33,27,0,6,12,9,5,4,10
0,0,2,13,18,52,53,37,50,9,12,50,50,52,58,44,13,8,4,8,15,2,3,0
3,0,4,8,17,51,50,53,51,0,5,39,53,53,53,46,12,10,7,6,2,0,0,3
0,0,0,7,11,33,43,54,13,1,1,13,31,52,52,34,14,6,8,6,3,5,2,5
0,0,0,0,12,28,56,37,6,7,4,12,16,49,51,26,9,5,6,4,7,0,1,4
0,0,0,0,13,39,50,42,8,0,0,12,46,50,52,51,16,1,4,0,0,2,1,0
1,0,0,0,14,50,53,51,13,0,10,15,51,57,60,46,37,3,1,9,0,8,6,8
0,0,0,10,13,64,59,61,31,6,12,25,53,60,65,60,41,9,9,7,6,0,0,0
1,0,0,13,50,58,70,57,37,10,0,28,53,66,84,65,50,7,9,10,0,2,2,0
0,0,0,10,53,58,53,62,35,14,9,18,61,64,72,57,34,14,12,8,0,5,0,3
0,0,5,13,50,52,55,56,34,18,9,8,57,64,82,58,24,11,9,3,1,0,1,0
0,6,0,11,32,50,50,50,19,12,7,11,37,54,56,34,13,10,11,10,0,0,3,7
5,0,0,9,14,50,52,50,6,6,11,6,50,55,34,20,4,13,10,7,9,10,7,3
0,0,4,5,12,14,53,14,11,5,6,2,11,53,51,14,8,9,6,8,9,0,9,6

0

0,2,0,2,3,9,8,10,11,14,20,28,28,14,20,10,3,4,0,2,4,3,11,3
9,0,0,4,9,10,11,14,28,42,51,56,53,52,48,28,14,0,0,10,12,4,4,6
3,0,4,0,3,11,10,14,24,47,50,56,75,68,52,34,23,18,11,14,13,0,8,3
0,0,6,8,7,10,14,10,11,11,14,50,56,55,51,29,15,25,18,12,0,0,0,6
0,0,0,3,6,8,0,0,0,12,5,7,13,14,14,11,11,10,17,11,5,0,3,0
0,0,3,11,11,13,22,36,53,55,56,56,43,48,32,24,26,8,4,0,6,2,1,0
0,0,9,18,51,53,57,63,84,73,76,77,75,70,62,58,51,11,6,10,14,9,2,0
0,0,13,57,67,64,68,92,100,107,101,89,82,74,79,89,68,63,22,2,4,5,8,0
0,4,56,67,71,73,73,109,128,124,113,109,110,107,102,89,79,72,60,59,9,2,0,0
0,20,55,54,64,77,109,147,155,138,141,147,139,151,142,126,104,87,67,60,54,12,11,2
9,38,51,35,58,72,114,154,169,156,166,161,171,168,151,130,99,76,57,56,53,30,13,8
19,54,55,31,56,67,92,137,165,163,171,160,156,166,141,124,91,58,48,53,55,50,14,3
50,54,59,13,48,73,98,127,149,162,157,160,160,149,130,109,74,50,36,44,49,44,30,9
57,60,46,4,21,60,93,120,132,140,145,144,142,137,119,106,72,14,13,51,57,74,47,13
76,100,20,12,40,50,59,105,87,74,95,117,119,113,104,89,14,12,8,37,63,72,35,14
69,55,12,9,45,58,53,82,74,58,61,79,108,101,61,55,25,0,2,22,51,106,70,13
13,14,11,13,49,64,65,64,54,52,54,66,93,61,55,52,39,4,0,2,29,43,51,11
13,26,27,31,42,49,48,48,50,52,67,95,80,76,53,53,39,12,0,7,13,12,12,10
0,10,13,13,53,73,101,85,60,101,125,134,132,84,75,81,53,7,0,0,8,2,0,7
7,13,20,50,73,101,104,140,140,144,147,165,165,124,114,104,77,13,1,4,9,6,6,4
4,18,33,54,71,108,146,161,140,160,218,211,189,147,136,117,95,8,9,10,5,1,0,8
10,13,43,81,119,149,178,191,196,197,240,232,198,167,131,114,80,27,14,6,11,7,5,10
8,9,41,72,121,152,181,202,199,217,256,227,189,163,133,113,101,33,9,13,16,0,4,5
11,14,85,101,118,137,162,163,149,175,202,197,181,154,133,111,106,23,10,13,12,11,5,0
10,10,14,92,107,128,128,134,111,118,158,164,159,144,126,116,93,20,15,10,0,0,0,8
9,8,16,45,103,110,107,108,100,66,114,130,135,126,115,107,75,12,7,9,0,2,11,4
0,7,13,35,59,80,66,93,76,11,74,102,109,106,105,102,72,10,13,11,4,4,12,13
0,7,14,41,43,77,79,62,74,11,78,101,71,86,94,83,63,6,10,5,1,0,7,8
3,8,11,28,62,75,75,73,59,8,50,55,58,65,70,65,51,0,0,2,0,10,3,5
0,0,12,13,47,54,59,55,53,9,31,50,50,50,43,40,29,0,10,11,1,1,5,5
7,7,11,12,32,51,53,42,45,30,32,43,41,50,47,34,28,0,6,12,9,5,4,10
0,0,3,13,18,53,53,37,50,9,12,50,50,52,59,45,13,8,4,8,15,2,3,0
3,0,4,8,18,51,50,53,51,0,5,39,53,53,53,47,12,10,7,6,2,0,0,3
0,0,0,7,11,34,44,54,13,1,1,13,32,52,52,35,14,6,8,6,3,5,2,5
0,0,0,0,12,28,56,37,6,7,4,12,16,50,51,26,9,5,6,4,7,0,1,4
0,0,0,0,13,39,50,42,8,0,0,12,45,50,52,51,17,1,4,0,0,2,1,0
1,0,0,0,14,50,53,51,13,0,10,15,51,57,59,46,37,3,1,9,0,8,6,8
0,0,0,10,13,64,59,61,31,7,12,24,53,60,65,60,40,9,8,7,6,0,0,0
1,0,0,13,50,58,70,57,36,10,0,28,52,66,84,65,50,7,9,10,0,2,2,0
0,0,0,11,53,58,53,62,36,14,9,18,61,64,72,57,34,14,12,8,0,5,0,3
0,0,5,14,50,52,55,56,34,18,9,8,57,64,82,58,24,11,9,3,1,0,2,0
0,6,0,11,32,50,50,50,20,12,7,11,40,53,56,34,13,10,11,10,0,0,3,7
5,0,0,8,14,50,52,48,6,6,11,5,48,56,34,20,4,13,10,7,9,10,7,3
0,0,4,5,12,14,53,14,11,5,6,2,11,54,51,14,8,9,6,8,9,0,9,6

0

0,2,0,2,3,9,8,10,11,14,20,27,28,14,20,10,3,4,0,2,4,3,11,3
9,0,0,4,9,10,11,14,28,42,51,56,54,52,48,28,14,0,0,10,12,4,4,6
3,0,4,0,3,11,10,14,24,47,50,57,75,69,52,35,23,18,11,14,13,0,8,3
0,0,6,8,7,10,14,10,11,11,14,50,56,55,51,29,14,25,18,12,0,0,0,6
0,0,0,3,6,8,0,0,0,12,5,7,13,14,14,11,11,10,17,11,5,0,3,0
0,0,3,11,11,13,22,36,53,55,56,56,43,48,32,24,25,8,4,0,6,2,1,0
0,0,9,19,51,53,57,63,84,73,76,77,75,70,62,58,51,11,5,10,14,9,2,0
0,0,13,56,67,64,68,92,100,107,102,90,82,74,80,89,68,63,21,2,4,5,8,0
0,5,56,67,71,73,73,109,128,125,113,109,110,107,102,89,79,72,60,59,9,2,0,0
0,19,55,54,64,77,109,148,156,138,141,147,139,151,143,126,104,87,67,60,54,12,12,2
9,38,51,35,58,73,114,155,170,157,167,162,171,169,152,131,99,76,57,56,53,31,13,8
19,54,55,31,56,67,93,137,166,164,172,160,157,167,141,125,91,58,49,53,55,51,14,3
50,54,59,13,49,73,98,127,149,163,157,160,160,149,130,109,74,50,36,44,49,44,31,9
57,60,46,4,20,60,93,120,132,140,145,144,142,137,119,106,72,14,13,51,57,74,48,13
76,100,21,12,40,50,59,105,87,74,95,117,119,113,104,89,14,12,8,37,63,72,36,14
69,55,12,9,44,57,53,82,74,58,61,78,107,100,61,55,23,0,2,22,51,107,71,13
13,14,11,13,48,63,65,64,54,52,54,66,92,61,55,52,37,4,0,3,31,43,51,11
13,26,27,31,42,50,48,48,50,52,67,94,79,75,52,53,39,12,0,7,13,12,13,10
0,10,13,13,53,73,101,85,61,101,125,134,132,84,75,81,52,6,0,0,8,2,0,7
7,13,20,49,73,101,104,140,140,144,147,165,165,124,114,104,77,13,1,4,9,6,6,4
5,18,33,54,71,108,146,161,140,160,218,211,189,147,136,117,95,8,9,10,5,1,0,8
10,13,43,81,119,149,178,191,196,198,240,232,198,166,131,114,80,27,14,6,11,7,5,10
8,8,41,72,121,152,181,202,199,217,256,227,189,163,133,113,101,32,9,13,15,0,4,5
11,14,85,101,118,137,162,163,149,174,202,197,181,154,133,111,106,25,10,13,12,11,5,0
10,10,14,92,107,128,128,134,111,118,158,164,159,144,126,116,94,20,16,10,0,0,0,8
9,8,17,45,103,110,107,108,100,66,114,130,135,126,115,107,74,12,7,9,0,2,11,4
0,7,13,35,59,82,69,95,77,11,74,102,109,106,105,102,73,10,13,11,4,4,12,13
0,7,14,42,43,78,78,62,74,11,77,101,70,86,93,83,63,6,10,5,1,0,7,8
4,8,11,28,62,75,75,73,59,8,50,55,57,65,70,65,50,0,0,2,0,10,3,5
0,0,12,13,48,53,59,55,53,9,31,50,50,49,43,40,29,0,10,11,1,1,5,5
7,7,11,12,33,51,53,42,44,30,32,44,41,50,47,34,28,0,6,12,9,5,4,10
0,0,3,13,17,53,53,38,50,9,12,50,50,52,58,44,13,8,4,8,15,2,3,0
3,0,4,8,18,51,50,53,51,0,5,38,53,53,53,46,12,10,7,6,2,0,0,3
0,0,0,7,11,32,44,54,13,1,1,13,31,52,52,35,14,6,8,6,3,5,2,5
0,0,0,0,12,28,56,38,6,7,4,12,15,47,51,25,9,5,6,4,7,0,1,4
0,0,0,0,13,39,50,43,8,0,0,12,45,50,52,51,16,1,4,0,0,2,1,0
1,0,0,0,14,50,53,51,13,0,9,14,51,57,59,46,37,3,1,9,0,8,6,8
0,0,0,10,13,64,59,61,31,7,12,24,52,60,64,60,39,9,8,7,6,0,0,0
1,0,0,13,50,58,70,57,36,10,0,28,52,66,83,65,50,7,9,10,0,2,2,0
0,0,0,10,53,58,54,62,35,14,9,16,61,64,72,57,34,14,12,8,0,5,0,3
0,0,5,14,50,52,55,56,34,18,9,8,57,64,81,58,24,11,9,3,1,0,2,0
0,6,0,11,31,50,50,50,21,12,7,11,37,53,55,34,13,10,11,10,0,0,3,7
5,0,0,8,15,50,52,50,6,6,11,5,47,55,34,21,4,13,10,7,9,10,7,3
0,0,4,5,12,14,53,15,11,5,6,1,11,53,51,14,8,9,6,8,9,0,9,6

0

0,2,1,2,3,9,8,10,11,14,21,28,29,14,20,10,3,4,0,2,4,3,11,3
9,0,0,4,9,10,11,14,28,43,51,56,53,52,48,28,14,0,0,11,12,4,4,6
3,0,4,0,3,11,11,14,26,47,50,57,75,70,52,35,23,18,11,14,13,0,9,3
0,0,6,8,7,10,14,10,11,11,14,50,56,55,51,30,14,25,18,12,0,0,0,6
0,0,0,3,6,8,0,0,0,11,5,7,13,14,14,11,11,10,17,11,5,0,3,0
0,0,3,11,11,13,22,35,53,55,56,56,43,48,32,24,26,7,4,0,6,2,1,0
0,0,9,19,51,53,57,63,83,72,76,77,75,70,62,58,51,11,6,10,14,9,2,0
0,0,13,57,67,63,68,92,100,107,101,89,82,74,80,89,68,63,20,2,4,5,8,0
0,5,56,67,71,73,73,110,128,125,113,109,110,107,102,89,78,72,60,58,9,2,0,0
0,19,55,54,64,77,110,148,156,138,141,147,139,152,143,127,104,87,67,60,54,12,12,2
9,38,51,36,58,73,114,156,171,157,167,162,172,170,153,132,100,76,57,56,53,31,13,8
19,54,55,31,56,67,93,137,166,164,172,161,157,167,142,126,92,58,48,53,55,51,13,3
50,54,59,13,50,73,98,127,150,163,158,160,161,149,131,109,74,50,37,44,50,44,31,9
57,60,47,4,20,60,93,120,132,140,145,144,142,137,119,106,72,14,13,51,57,75,48,13
76,100,20,12,40,50,59,105,87,73,94,116,119,112,104,88,14,12,8,37,63,72,36,14
69,55,12,8,44,57,53,81,73,58,61,78,107,100,61,55,23,0,2,22,52,108,71,13
13,14,11,13,48,63,65,64,54,52,54,66,92,61,55,52,35,4,0,3,32,44,52,12
13,26,27,31,42,50,48,48,50,52,67,95,79,76,52,53,39,12,0,7,13,12,13,10
0,10,13,13,53,73,101,85,60,101,126,134,132,84,75,81,52,6,0,0,8,2,0,7
7,13,20,49,73,100,103,140,140,144,147,166,165,124,114,104,77,13,1,4,9,6,6,4
5,19,34,54,71,108,146,161,140,160,220,212,190,147,136,117,96,8,10,11,5,1,0,8
10,13,43,81,118,149,178,191,197,198,242,233,199,167,132,114,81,27,14,6,11,7,5,10
8,8,41,72,121,152,181,202,200,218,258,228,190,164,133,114,102,33,9,13,16,0,4,5
11,14,84,101,118,137,162,163,150,175,203,198,182,155,133,112,106,25,10,13,12,11,5,0
10,10,14,91,107,128,128,134,111,119,158,164,160,144,126,116,94,20,16,11,0,0,0,8
9,7,15,44,103,110,107,108,100,65,114,130,135,126,115,107,75,12,7,9,0,2,11,4
0,7,12,35,58,81,68,94,78,11,74,102,109,106,105,102,72,10,13,11,4,3,12,13
0,7,14,42,43,77,80,62,75,11,77,101,70,87,93,83,64,5,10,5,1,0,7,8
4,8,11,28,63,76,75,73,60,8,50,55,57,65,69,65,51,0,0,3,0,10,3,6
0,0,12,13,47,54,59,55,53,9,29,49,49,49,43,39,28,0,10,11,2,1,5,5
7,7,11,12,32,51,53,43,44,30,31,43,40,48,46,33,27,0,6,12,9,5,4,10
0,0,2,13,18,53,53,38,50,8,12,50,47,52,58,41,13,8,4,8,15,2,4,0
3,0,4,8,18,51,50,53,51,0,4,32,52,53,53,40,11,10,7,6,2,0,0,3
0,0,0,7,11,33,43,53,13,1,0,12,25,51,51,33,14,6,8,6,3,5,1,5
0,0,0,0,12,27,56,37,7,7,4,11,14,44,51,24,9,5,6,4,7,0,2,4
0,0,0,0,13,38,50,42,8,0,0,11,42,50,51,50,15,0,4,0,0,2,1,0
1,0,0,0,14,50,53,51,13,0,9,14,51,57,58,45,36,3,1,9,0,8,6,8
0,0,0,10,13,64,59,61,32,6,12,21,52,59,63,59,39,9,8,7,6,0,0,0
1,0,0,13,50,59,70,58,37,11,0,27,52,65,82,64,50,7,8,10,0,2,2,0
0,0,0,10,53,58,54,62,37,14,9,14,60,63,71,57,33,14,12,8,0,5,0,3
0,0,5,14,50,52,56,56,35,18,9,8,57,64,80,58,24,11,8,3,0,0,2,0
0,6,0,11,33,50,51,50,22,12,7,11,34,53,55,33,13,10,11,10,0,0,4,7
5,0,0,8,15,50,52,50,6,6,11,5,44,55,34,19,4,13,10,7,9,10,7,3
1,0,4,5,12,16,53,18,11,5,6,1,11,53,51,14,8,9,5,8,9,0,9,6

0

0,2,1,2,3,9,7,10,11,14,20,25,26,14,20,10,3,4,0,2,4,3,11,3
9,0,0,4,9,10,11,14,25,42,51,55,53,52,48,28,14,0,0,10,12,4,4,6
3,0,4,0,3,11,10,14,27,46,50,57,76,68,52,36,23,18,11,14,13,0,9,3
0,0,6,8,7,10,14,10,11,11,14,50,56,55,51,29,14,25,18,12,0,0,0,6
0,0,0,3,6,8,0,0,0,12,5,7,13,14,14,11,11,10,17,11,5,0,3,0
0,0,3,11,11,13,22,36,53,55,56,56,42,48,32,24,26,8,4,0,6,2,1,0
0,0,9,18,51,53,57,63,84,73,76,77,75,70,62,58,51,11,5,10,14,9,2,0
0,0,13,56,66,64,68,92,100,107,102,90,82,75,80,90,68,63,19,1,4,4,8,0
0,5,56,67,71,73,74,110,129,125,113,110,111,108,103,91,79,72,60,58,9,2,0,0
0,20,55,54,64,77,110,150,158,139,142,148,140,153,146,129,105,87,67,60,54,12,12,2
9,38,51,35,58,73,114,156,171,157,167,163,173,171,155,134,101,76,57,56,53,30,13,8
20,54,55,31,56,67,92,137,165,164,172,161,158,168,144,127,93,58,48,53,54,50,14,3
50,54,59,13,48,73,97,126,149,162,157,161,162,150,132,110,74,50,37,44,50,44,31,9
57,61,47,4,18,60,92,119,131,139,145,144,143,137,119,106,71,14,13,51,57,74,47,13
76,100,21,12,40,50,59,104,86,73,94,116,119,113,104,88,14,12,8,37,63,71,35,15
70,55,12,8,41,57,53,81,73,57,60,77,107,101,61,55,24,0,2,22,52,109,71,13
13,14,11,12,48,63,65,64,54,52,53,65,92,61,55,52,35,4,0,3,32,45,52,12
13,26,27,31,42,49,48,48,50,52,67,96,80,76,53,53,39,12,0,7,13,12,13,10
0,10,13,13,53,73,101,85,60,101,126,135,133,85,75,81,53,6,0,0,8,2,0,7
7,13,20,47,73,100,103,140,140,144,149,168,167,125,114,105,77,13,1,4,9,7,6,4
4,18,33,54,71,107,146,160,140,161,221,214,191,148,137,118,98,8,10,11,5,1,0,8
10,13,43,81,118,148,177,190,197,199,242,234,200,169,133,115,82,27,14,6,11,7,5,10
8,8,42,72,121,151,181,202,200,219,259,229,191,165,134,114,102,33,9,13,16,0,4,5
11,14,84,101,118,137,162,163,150,175,203,199,183,156,133,112,106,25,10,13,12,11,5,0
10,10,14,90,107,128,128,134,111,119,158,164,160,145,126,116,94,20,16,11,0,0,0,8
9,7,14,44,103,110,108,108,100,66,114,130,135,126,115,107,74,12,7,9,0,3,11,4
0,7,12,33,57,81,68,94,77,11,74,102,109,106,105,102,70,10,13,11,4,3,12,13
0,7,14,41,41,77,79,62,74,11,75,101,70,85,92,81,61,5,10,5,2,0,8,8
3,8,11,25,63,76,74,73,58,8,46,54,57,64,68,64,47,0,0,3,0,10,4,6
0,0,12,13,48,54,59,55,52,9,28,48,49,48,43,38,27,0,10,11,2,0,5,5
7,7,11,12,33,51,53,42,44,30,31,41,40,49,46,32,27,0,6,12,9,5,4,11
0,0,2,13,20,54,53,39,50,8,11,45,42,51,56,32,12,8,4,9,15,2,4,0
3,0,3,8,18,51,50,53,51,0,3,21,52,51,51,23,11,10,7,6,1,0,0,3
0,0,0,7,11,32,42,53,13,2,0,11,12,49,50,24,14,6,8,6,3,5,1,5
0,0,0,0,12,27,56,36,8,7,2,11,13,29,43,20,10,5,6,4,7,0,2,4
0,0,0,0,13,40,50,43,10,0,0,11,33,43,45,45,14,0,3,1,0,3,1,0
1,0,0,0,14,50,53,51,14,0,9,13,50,54,53,38,27,0,0,9,0,8,6,8
0,0,0,10,14,66,61,62,35,6,12,14,51,56,58,56,28,7,6,7,5,0,0,0
1,0,0,13,51,60,72,58,42,11,0,21,49,62,73,60,45,6,7,10,0,2,2,0
0,0,0,11,54,59,54,64,50,14,9,13,58,61,66,55,25,13,11,8,0,5,0,4
0,0,4,14,50,53,57,58,37,17,10,7,54,60,73,54,20,9,8,3,0,0,1,0
0,6,0,11,38,50,52,51,27,12,7,11,22,52,53,30,11,9,11,10,0,0,3,7
5,0,0,7,19,51,53,51,8,6,10,4,24,52,32,14,3,12,10,7,9,10,7,3
1,0,3,5,12,31,55,34,11,6,5,1,11,51,50,13,8,9,4,8,9,0,9,6

0

0,2,1,2,3,9,7,10,11,14,17,23,26,14,19,10,3,4,0,2,4,3,11,3
9,0,0,4,9,10,11,14,24,41,50,55,53,52,47,27,14,0,0,10,12,4,4,6
3,0,4,0,4,11,11,14,23,44,50,56,75,67,52,33,22,17,11,14,13,0,9,3
0,0,7,8,8,10,14,10,11,11,14,47,55,55,51,28,14,25,20,12,1,0,0,6
0,0,0,3,6,8,0,0,0,11,5,7,13,14,14,11,11,11,18,11,5,0,3,0
0,0,3,11,11,13,21,35,53,55,55,56,42,48,32,24,27,8,3,0,6,2,1,0
0,0,9,16,50,53,57,63,83,73,76,77,75,70,62,58,51,11,5,10,14,9,2,0
0,0,12,56,66,63,68,91,99,107,101,90,84,76,83,94,70,64,22,1,4,4,8,0
0,4,55,66,71,73,73,109,128,124,112,110,115,114,107,95,81,74,60,57,8,2,0,0
0,16,55,54,64,77,109,149,156,137,140,148,146,164,156,135,108,89,68,60,54,11,12,2
9,38,51,35,57,72,112,154,166,152,163,162,178,181,170,143,108,79,58,56,53,31,13,8
17,54,55,31,55,66,90,133,158,157,166,159,159,173,153,134,100,59,49,54,55,51,14,3
48,53,59,13,44,71,93,122,143,153,150,158,162,152,136,114,76,50,38,46,50,45,31,9
56,59,49,6,14,58,89,116,126,132,139,142,142,137,120,106,70,15,13,53,58,75,50,14
71,100,27,11,29,50,57,103,80,68,85,113,118,112,103,82,13,9,5,37,64,72,36,14
68,55,11,8,22,53,52,75,69,55,57,74,106,100,60,53,16,0,0,21,54,117,74,14
13,14,10,12,36,53,55,57,52,50,52,66,96,62,55,53,33,0,0,7,34,59,67,13
13,26,27,30,40,45,42,43,45,51,70,109,90,79,55,54,37,11,7,7,14,12,13,10
0,10,13,12,41,65,95,71,57,105,137,146,147,92,79,84,52,6,0,0,6,0,0,7
8,13,20,33,65,97,101,139,142,156,168,187,188,134,120,107,83,14,2,4,7,6,5,4
4,18,31,51,69,105,146,162,144,180,242,232,209,165,148,126,102,11,10,13,5,1,0,8
11,13,42,80,117,147,178,194,212,222,266,255,223,187,145,121,87,29,16,7,11,6,4,10
8,7,41,70,120,149,181,209,206,240,281,249,209,179,139,115,101,36,11,14,18,0,4,5
11,14,81,100,118,136,163,168,151,187,215,216,197,162,133,110,103,14,8,12,11,9,6,0
10,9,14,85,106,128,129,135,112,123,163,169,161,142,119,107,34,12,14,11,0,0,0,8
9,7,14,33,102,109,108,109,101,78,113,124,126,116,104,100,17,10,7,9,5,5,12,4
0,7,12,25,50,80,66,94,91,12,50,92,99,95,100,75,14,7,12,10,3,0,11,13
0,7,14,36,37,75,76,60,82,13,39,90,60,68,67,56,21,0,10,5,2,5,10,8
4,8,10,18,59,76,74,73,61,9,19,51,51,52,52,33,14,0,6,13,1,6,10,9
0,0,12,12,43,54,59,56,54,10,19,42,34,35,35,30,13,0,12,12,9,2,6,7
7,8,11,12,31,51,53,45,46,30,25,37,32,34,31,16,14,1,10,12,10,7,2,11
0,1,3,12,20,55,53,46,52,8,7,35,13,13,12,10,7,9,10,15,16,5,7,2
3,0,5,8,21,52,50,54,52,7,0,13,26,11,5,10,9,8,7,9,1,0,0,3
0,0,0,6,12,34,45,53,31,9,0,7,2,12,14,12,12,5,6,7,4,5,0,6
0,0,0,0,12,31,57,41,14,11,0,10,7,3,12,12,11,7,8,5,8,0,5,5
0,0,0,0,13,44,51,45,24,5,0,7,3,13,14,14,12,5,0,6,0,4,1,0
0,0,0,0,14,50,55,53,39,0,12,12,13,14,20,14,10,0,0,9,1,8,6,8
0,0,0,10,14,70,65,68,51,8,11,13,14,23,28,13,9,2,4,8,4,0,0,0
1,1,0,11,52,64,81,62,53,13,0,4,26,32,47,44,13,2,7,11,6,3,3,0
0,0,0,11,54,64,60,73,63,14,9,7,35,41,40,23,10,11,10,6,5,7,0,5
0,0,5,14,51,55,64,68,52,14,9,6,12,19,25,13,12,8,4,0,0,0,1,0
1,8,0,11,40,51,58,55,50,12,10,10,11,13,26,10,4,9,11,8,0,0,2,7
0,0,0,4,18,53,59,57,18,8,9,8,4,7,10,1,5,10,8,6,9,10,8,3
2,0,3,6,13,50,65,61,13,9,7,1,5,8,7,9,8,8,2,10,10,0,9,6

0

1,4,2,2,3,8,6,8,10,12,12,11,12,12,11,8,2,5,0,2,4,4,12,2
9,0,0,6,10,9,10,12,13,17,25,51,50,45,24,22,13,0,0,10,13,5,5,6
5,0,4,0,4,11,11,12,13,16,19,35,53,48,45,14,19,14,9,14,14,0,10,4
0,1,8,9,8,10,14,9,9,8,9,14,17,41,39,14,13,23,14,13,3,2,0,6
0,0,0,4,6,8,0,0,0,11,3,4,6,12,12,10,11,10,19,12,6,0,3,3
0,0,2,11,10,12,17,32,50,54,51,54,38,43,32,27,29,7,3,0,6,2,2,0
0,0,9,14,41,50,55,62,81,71,74,75,72,70,63,58,52,11,5,11,14,10,2,0
0,0,11,55,64,62,66,92,100,106,100,88,84,78,86,99,72,65,20,1,5,3,9,0
0,4,54,65,71,73,73,113,133,126,113,111,118,119,112,100,83,75,61,55,8,3,0,0
0,13,55,53,64,77,111,160,169,143,144,153,153,175,168,142,112,92,68,61,54,12,12,2
8,36,51,33,57,72,113,160,178,163,171,171,189,194,185,150,114,82,59,56,53,32,13,8
14,53,55,28,55,67,93,137,168,169,177,169,170,184,164,140,102,59,49,54,56,51,14,3
45,53,57,11,46,74,97,124,152,169,164,171,174,162,141,117,78,50,40,46,50,45,33,9
55,58,42,1,14,60,90,117,132,144,150,151,149,142,123,107,73,24,14,54,58,78,51,14
68,92,14,9,31,50,58,104,85,74,97,122,123,115,104,86,14,12,8,41,67,76,39,18
67,54,10,5,35,56,53,79,71,56,60,84,111,102,62,54,19,0,4,26,60,128,81,15
12,12,10,11,44,60,63,62,52,51,57,80,108,70,57,53,42,5,0,7,30,67,76,16
12,24,24,30,42,48,48,47,47,53,102,137,113,98,61,56,39,15,5,6,13,13,14,11
0,9,13,12,50,73,101,80,60,115,157,169,168,104,88,95,55,12,0,0,7,3,0,6
8,12,18,38,70,100,104,142,145,164,180,199,198,141,127,112,100,13,1,5,9,7,5,3
4,16,30,49,69,107,147,163,143,179,241,234,212,167,147,125,101,10,7,11,6,3,3,9
10,12,27,74,116,148,178,191,196,205,251,243,213,178,134,114,66,23,13,9,9,9,6,11
9,3,31,55,118,151,182,198,197,210,260,232,194,162,125,101,62,19,11,14,12,0,4,6
11,13,15,71,116,136,160,157,147,150,186,182,157,132,108,100,55,11,5,6,7,10,8,1
10,7,10,57,103,125,125,127,111,107,121,122,107,103,82,24,12,4,10,8,0,0,2,9
9,6,12,14,97,106,105,106,100,40,101,103,100,100,80,60,11,9,9,9,7,9,18,4
0,7,11,14,37,68,55,61,51,10,16,68,56,64,79,47,11,3,9,10,4,0,9,12
0,8,13,23,28,56,66,56,61,10,30,78,54,59,59,37,11,0,5,4,2,6,9,7
4,8,9,14,51,69,67,68,53,7,15,47,49,41,45,16,13,0,5,14,5,5,10,9
0,2,12,10,21,52,57,55,51,9,17,39,29,30,32,28,13,0,12,11,11,7,7,7
7,9,12,12,18,48,52,42,42,28,25,34,29,29,27,12,13,0,10,12,11,8,5,11
0,1,4,12,14,50,52,36,50,7,9,22,10,12,11,9,7,8,9,15,17,6,8,3
4,0,6,7,14,46,50,52,51,3,0,10,14,10,5,9,10,8,7,10,1,0,0,4
0,0,0,7,7,26,32,51,15,3,0,5,5,11,14,12,11,5,6,7,4,6,1,7
0,0,0,0,10,15,53,29,12,11,0,10,8,1,11,12,10,7,8,6,8,0,5,5
0,0,0,0,10,33,50,39,14,5,0,6,4,13,14,12,11,4,0,6,1,4,1,0
3,0,0,0,14,46,53,52,26,0,11,11,12,14,17,12,6,0,0,9,2,9,6,8
0,0,0,9,13,65,63,65,50,8,10,11,13,23,23,11,5,0,3,8,5,0,0,0
0,0,0,9,46,61,78,60,51,12,0,2,20,24,28,29,11,2,5,11,7,3,3,0
0,0,0,8,53,60,58,71,60,12,11,5,17,23,22,14,10,11,8,3,4,8,0,5
0,0,5,13,50,53,60,64,48,13,9,7,10,14,14,11,12,8,0,0,0,0,2,0
2,9,0,11,37,51,56,53,50,10,8,9,10,12,20,7,3,8,10,7,0,0,2,7
1,3,0,4,20,53,59,56,16,10,11,7,2,7,5,0,1,11,8,6,9,10,8,3
3,0,8,6,13,50,66,62,13,9,7,0,3,6,4,6,8,9,6,9,10,1,9,7

0

0,3,2,2,3,7,6,7,10,11,10,8,10,11,7,8,2,5,0,2,4,4,12,2
9,0,0,5,9,9,9,11,12,14,14,44,41,29,14,19,13,0,0,10,13,5,4,6
4,0,3,0,4,10,10,12,12,14,14,14,39,32,32,13,18,14,8,14,13,0,11,4
0,1,8,9,9,10,14,10,9,7,7,13,13,23,25,13,12,21,14,12,3,3,1,7
0,0,0,4,6,8,0,0,0,11,2,5,5,11,11,9,11,10,18,12,6,0,4,3
0,0,3,11,11,13,23,34,51,55,52,53,37,44,32,28,29,7,4,0,7,3,2,0
0,0,10,14,48,52,56,63,83,72,74,74,71,70,64,58,51,11,4,11,14,11,3,0
0,0,12,55,65,63,67,94,101,106,100,87,84,79,88,100,72,64,14,0,4,3,9,0
0,5,55,66,71,74,74,115,136,125,112,109,117,121,115,101,82,74,60,53,8,3,0,0
0,15,55,54,64,77,113,167,180,145,143,150,153,178,175,144,114,91,67,60,53,11,12,2
9,38,51,35,58,73,116,169,186,166,170,169,189,199,195,158,120,82,58,56,53,29,13,9
17,54,55,31,56,68,95,140,171,170,176,168,170,186,169,142,103,59,49,54,55,51,14,4
50,53,59,12,49,75,100,126,154,171,165,170,173,162,142,118,77,51,41,47,50,46,33,10
56,59,46,3,14,60,91,117,132,145,151,150,148,141,123,107,72,29,16,55,58,79,52,14
68,93,22,11,33,50,58,104,85,73,97,121,122,115,104,84,14,11,8,43,71,80,39,19
74,55,11,5,29,56,53,79,71,56,60,84,112,104,63,55,20,0,4,27,70,151,84,18
13,14,11,11,40,58,62,61,53,52,60,86,113,76,58,53,42,5,0,9,50,102,87,22
13,24,26,30,41,47,47,47,48,55,109,137,122,108,69,58,39,14,6,8,21,22,13,11
0,10,13,12,44,71,101,80,60,116,155,168,169,109,94,100,58,11,0,0,10,6,4,4
8,12,20,32,67,100,104,141,141,157,175,194,198,143,130,114,100,13,5,2,7,6,4,2
4,16,29,45,67,106,146,160,140,170,234,230,210,168,149,128,103,13,9,8,5,4,4,9
10,12,21,68,114,146,176,188,192,198,245,240,212,179,137,119,77,26,13,9,10,9,6,11
10,2,28,46,113,149,180,197,197,205,257,229,192,166,129,105,81,24,11,13,12,0,4,6
10,12,12,41,112,134,158,156,149,148,188,186,169,141,113,101,65,10,4,6,7,9,7,0
10,6,9,45,100,123,124,127,114,106,123,128,117,105,100,31,11,4,8,8,0,0,2,9
9,6,12,14,80,104,104,106,101,39,100,102,81,90,52,51,11,8,10,10,1,7,16,3
0,7,9,13,23,62,55,72,89,9,13,63,21,53,64,22,9,3,9,8,6,0,9,12
0,8,12,20,14,47,60,56,71,13,14,74,53,56,55,17,7,0,0,5,0,3,9,7
4,8,8,13,33,63,63,66,59,11,13,47,36,38,39,14,11,0,0,10,6,6,8,8
0,1,11,10,12,50,56,54,52,9,16,35,25,25,28,24,15,7,7,11,9,10,8,7
8,8,12,13,13,44,52,40,43,27,31,34,30,32,29,13,14,0,6,11,11,4,6,9
0,1,5,11,11,37,51,22,43,3,7,28,12,14,12,8,3,6,5,9,16,4,6,1
4,0,6,4,10,33,46,50,37,0,10,13,21,20,13,7,5,8,10,7,2,0,0,7
0,0,0,6,7,15,32,46,5,4,0,16,27,44,39,14,7,6,11,10,8,3,3,4
0,0,0,0,7,12,53,17,3,6,0,10,31,39,50,21,21,12,8,8,3,0,0,5
0,0,0,0,8,37,50,30,1,0,0,5,79,150,82,50,29,5,0,0,3,4,1,0
2,0,0,1,14,50,53,51,12,4,14,38,155,437,163,40,46,12,2,10,3,6,5,8
0,0,0,9,13,66,63,63,19,12,11,37,55,81,60,53,23,12,10,6,8,0,0,0
0,0,0,8,52,62,80,60,50,11,4,13,25,50,51,44,41,9,13,7,0,1,3,0
0,0,0,11,54,62,59,72,56,5,8,12,36,40,48,13,12,14,4,4,7,3,0,3
0,0,7,14,52,55,62,67,45,8,12,6,23,32,32,10,12,10,3,0,0,0,0,0
3,6,0,13,51,52,59,54,26,4,9,5,9,14,27,12,4,8,10,10,0,0,1,7
4,0,1,7,50,56,63,57,14,8,8,0,0,7,3,0,0,9,9,7,11,8,8,0
3,0,9,6,50,58,69,61,12,5,7,0,2,4,1,1,6,7,0,7,7,0,6,6

2

0,1,2,3,4,6,6,7,10,11,10,8,10,10,6,8,0,6,0,0,5,5,12,0
4,0,0,2,9,7,8,10,12,14,14,37,36,17,14,17,12,0,0,10,13,6,4,4
0,0,1,0,3,9,10,13,13,14,14,14,33,22,25,13,17,14,7,14,14,0,10,4
0,0,7,9,11,11,13,12,10,7,8,12,11,22,19,13,11,22,14,12,5,4,6,7
0,0,0,4,0,11,0,0,0,13,3,6,6,11,9,4,11,11,17,12,5,0,3,2
0,0,3,11,13,31,47,44,56,58,57,56,45,52,42,33,28,5,5,4,7,0,1,0
0,8,14,50,58,61,65,75,104,84,83,81,85,92,79,62,51,9,2,9,14,10,3,0
0,0,43,61,74,72,82,110,117,127,112,102,107,97,101,107,71,63,11,0,5,5,6,0
3,12,60,73,78,82,87,134,162,153,131,126,143,150,129,107,82,73,58,27,3,0,0,0
0,49,59,58,74,90,134,194,220,194,176,171,178,222,185,144,111,87,67,59,52,8,9,4
15,47,54,41,62,84,139,214,251,227,225,196,206,234,206,160,106,75,59,60,53,29,13,11
40,56,58,36,59,76,112,171,221,226,231,191,172,188,168,138,99,56,52,64,62,52,27,10
52,55,61,17,50,79,106,139,180,218,219,188,163,153,135,115,73,52,47,58,62,53,35,13
59,62,46,14,30,57,93,119,139,184,185,150,135,133,116,106,70,60,50,77,76,103,60,29
70,81,33,23,39,48,56,103,88,83,109,106,105,105,101,71,24,30,13,67,117,118,50,23
62,47,11,14,17,37,51,74,75,63,65,63,82,75,51,49,21,6,17,37,147,209,88,21
14,12,12,13,24,34,56,58,55,54,54,54,62,41,43,41,27,2,6,12,57,111,61,27
13,23,25,28,35,41,38,45,50,54,61,55,51,48,37,42,36,13,11,13,27,33,23,11
4,8,13,13,20,33,61,65,59,86,103,103,72,58,54,61,43,12,0,0,14,13,13,0
11,12,16,25,34,51,64,115,124,120,118,119,104,86,76,91,59,14,1,0,8,7,8,2
10,19,24,29,30,53,110,131,124,136,158,133,116,105,102,103,68,12,0,7,8,10,8,8
11,11,13,34,53,67,116,139,157,163,162,136,103,77,59,63,39,11,8,6,11,8,5,11
9,12,24,28,39,62,114,141,161,161,164,142,107,101,76,66,29,7,9,9,10,0,3,6
10,10,12,9,56,100,118,127,135,138,134,127,106,102,91,76,18,8,4,8,11,12,11,0
10,6,3,8,13,88,103,113,108,111,106,106,101,81,62,36,10,8,5,11,8,0,5,13
10,7,10,10,13,23,71,104,101,32,102,100,71,75,56,22,10,5,9,12,7,0,11,5
0,6,3,12,8,39,45,72,91,11,27,63,43,52,54,22,9,7,6,11,6,13,12,6
1,9,11,11,7,41,63,54,59,14,42,79,54,55,52,14,9,4,3,5,10,10,8,3
6,11,3,11,12,48,57,57,50,13,34,49,50,40,35,12,0,0,0,14,1,2,2,2
0,5,8,9,3,31,52,41,29,12,35,40,36,34,31,23,0,0,2,1,3,0,4,3
9,8,12,14,8,25,45,30,41,19,41,39,37,39,34,12,5,3,13,8,6,10,21,11
1,3,6,4,0,12,37,11,34,9,44,50,36,45,32,7,5,11,10,19,17,5,11,4
5,0,0,0,0,7,8,11,15,14,12,53,51,53,44,12,9,11,14,9,2,5,0,2
3,4,0,0,0,2,9,11,6,12,4,53,53,55,51,14,13,12,12,10,12,7,1,5
0,0,4,0,0,0,2,5,1,2,6,54,54,54,53,35,49,14,12,12,7,0,2,4
5,3,0,0,0,13,25,14,12,16,10,52,204,435,120,60,48,21,12,10,5,2,0,0
4,0,1,0,8,14,27,13,11,11,52,61,560,725,271,58,52,31,9,14,8,5,2,9
0,0,0,6,8,52,12,22,29,14,14,53,92,146,93,64,51,30,22,11,10,0,0,0
0,0,1,9,34,51,50,11,18,9,40,43,46,53,56,54,59,24,20,13,0,5,4,0
0,0,0,11,50,52,44,15,10,13,21,17,50,51,50,43,37,31,12,10,10,5,0,3
4,0,10,13,44,50,50,28,20,14,14,11,50,41,47,14,13,13,14,2,0,0,1,0
7,7,7,13,38,41,38,20,9,7,11,3,8,21,35,14,11,11,12,13,5,4,0,4
3,0,8,4,39,50,33,13,10,6,7,0,0,9,9,0,0,7,13,6,12,13,9,0
3,0,7,4,14,44,30,13,9,0,3,0,5,7,4,4,2,1,0,11,8,0,8,8

2

0,0,0,2,3,5,6,7,10,11,9,8,9,10,3,8,1,8,0,1,5,5,12,2
0,0,0,0,9,8,9,11,12,14,14,28,28,13,13,16,11,0,0,10,13,5,5,6
0,0,0,0,5,11,10,14,14,16,14,13,24,13,14,13,16,14,9,13,13,0,11,6
0,0,6,9,12,19,14,15,12,11,10,10,7,13,11,12,10,21,14,13,5,5,6,8
0,0,0,6,7,25,0,0,0,13,4,6,6,1,2,7,11,11,18,12,7,0,6,3
0,0,1,27,38,53,59,53,66,60,59,34,33,11,14,13,15,12,8,6,8,5,4,0
3,9,21,62,77,86,99,110,122,96,86,64,59,4,21,39,14,10,8,10,14,11,5,1
0,0,54,66,89,92,112,127,130,149,127,82,66,57,62,57,53,38,11,2,7,10,12,3
5,39,63,77,80,86,102,144,169,182,160,116,90,71,74,65,59,55,18,8,7,8,0,4
0,50,58,60,75,91,124,177,218,211,196,173,116,103,85,77,73,60,52,51,45,12,12,7
15,42,55,49,63,83,119,176,236,242,253,212,159,119,97,80,67,58,49,50,34,13,14,13
38,53,57,46,58,75,105,165,220,243,260,232,177,128,102,96,65,51,35,46,41,32,19,12
48,51,49,16,51,83,109,145,191,233,241,237,204,134,102,75,58,36,29,37,37,33,30,13
45,20,14,10,14,62,102,130,155,211,203,189,160,125,93,60,12,13,14,35,35,50,53,17
10,7,10,3,14,50,59,111,110,104,132,142,124,102,12,18,13,20,13,32,19,53,37,22
8,2,0,0,50,60,53,100,100,88,102,107,107,66,24,4,9,0,11,28,43,40,27,14
10,0,0,11,54,76,99,105,86,102,119,98,94,30,8,11,13,0,0,10,11,14,12,9
10,12,10,31,42,61,111,132,147,174,188,154,74,42,13,37,32,7,10,8,10,7,12,10
0,4,9,8,48,107,155,182,173,204,218,201,116,31,13,13,14,4,0,0,6,0,2,8
1,0,3,12,61,119,157,219,234,231,239,240,192,112,70,53,41,14,6,5,7,8,7,4
0,4,10,28,77,134,221,255,229,245,285,261,224,160,101,75,55,9,6,13,10,4,3,8
0,4,12,64,122,177,267,300,295,285,297,289,241,179,63,33,32,23,10,9,10,7,3,5
0,1,23,51,126,193,282,336,317,311,313,270,219,170,100,50,34,17,10,15,13,0,5,4
0,7,42,97,126,148,207,236,248,249,246,227,183,120,47,63,11,4,0,6,9,8,0,0
2,11,27,64,107,127,136,175,194,199,184,148,118,26,11,9,12,13,12,10,4,4,7,10
11,13,43,55,101,106,109,131,131,120,116,102,31,6,3,10,5,0,2,7,1,7,13,5
0,30,26,47,54,72,73,100,100,20,12,54,6,8,13,11,11,12,12,10,8,5,9,11
0,13,28,42,41,39,57,48,43,12,12,70,12,11,8,31,11,0,0,6,1,11,11,8
0,7,12,28,39,19,18,13,30,13,30,41,16,12,4,0,11,14,19,2,2,6,11,1
0,4,11,9,13,13,0,1,14,12,32,33,30,8,21,11,10,3,8,9,4,2,3,6
5,7,7,9,13,12,14,14,36,15,38,31,31,19,13,21,8,10,7,9,8,11,10,10
0,0,0,5,6,7,7,10,23,4,29,29,12,8,9,13,6,4,13,15,8,0,1,8
4,0,3,0,10,3,0,9,24,7,10,24,9,11,13,9,8,11,11,9,0,0,1,5
0,0,0,0,0,9,12,12,11,11,1,22,14,18,13,12,11,8,4,8,6,0,8,8
0,0,0,0,5,10,12,6,5,11,6,13,23,22,13,10,8,9,9,0,7,5,7,8
0,0,0,0,0,8,11,11,11,5,9,9,60,53,14,15,14,9,12,2,2,3,9,0
3,0,9,2,7,12,11,11,3,0,7,10,51,67,27,18,13,8,12,4,1,9,2,0
0,2,0,9,7,10,11,10,3,2,7,13,25,44,30,31,10,8,7,11,2,0,3,0
0,5,3,7,11,3,0,11,10,4,0,5,22,27,33,14,18,10,11,7,8,3,5,0
0,5,7,8,13,11,12,8,14,16,1,5,11,24,20,12,13,15,3,6,10,6,5,4
5,2,7,10,11,9,6,9,21,50,12,0,4,20,15,5,13,10,9,0,0,0,7,0
9,9,3,9,10,10,11,10,13,8,51,31,3,21,26,13,6,4,11,10,0,2,0,7
7,6,8,7,13,2,0,6,7,14,63,92,47,52,27,0,0,4,12,8,10,12,10,1
6,0,7,10,11,6,5,10,12,10,9,50,53,68,13,6,0,8,1,10,9,3,8,7

2

0,3,1,1,2,7,5,6,10,10,8,8,8,10,4,9,4,8,1,4,6,6,12,7
10,2,0,5,8,8,8,8,11,13,13,27,23,13,13,15,12,0,1,11,13,7,9,10
6,0,5,0,5,9,10,10,11,12,14,12,14,13,14,12,17,14,9,14,13,2,12,10
0,6,10,6,5,10,14,9,8,10,8,12,4,9,12,13,12,23,14,12,6,7,8,10
0,0,0,3,1,4,0,0,0,7,14,13,6,0,0,3,10,10,15,11,7,0,6,4
2,0,2,12,10,8,12,30,79,85,132,131,68,17,14,6,12,9,9,7,8,5,4,0
5,6,7,10,10,13,52,64,116,123,168,170,99,51,9,4,7,6,1,4,13,9,6,3
0,0,0,8,50,52,74,96,110,123,133,126,81,56,29,7,12,10,11,1,8,5,11,3
0,4,40,56,64,69,79,108,132,133,138,108,95,63,50,14,40,14,11,6,1,6,1,7
8,40,55,58,61,71,86,89,104,145,159,148,120,98,53,7,14,11,20,20,11,9,12,6
17,40,52,50,52,55,62,65,130,156,188,174,160,124,69,12,42,13,14,17,12,9,12,10
2,6,20,38,28,37,14,90,140,165,193,182,155,132,78,55,21,13,25,23,14,14,13,7
0,0,12,29,14,25,53,95,140,174,182,183,154,121,77,19,36,14,15,16,25,17,10,10
0,4,10,14,18,12,63,109,132,162,178,167,136,110,58,16,6,11,3,14,13,10,13,11
5,11,5,13,27,35,55,104,102,96,132,138,118,102,51,14,7,6,7,13,12,8,14,14
8,7,8,12,42,55,54,102,108,96,110,111,105,75,14,12,3,0,2,11,11,14,12,5
8,0,7,13,45,63,100,114,94,109,123,95,81,50,11,9,8,1,0,4,4,13,12,6
13,14,14,29,38,47,82,132,150,173,177,135,60,40,19,30,22,8,7,4,10,12,10,10
0,6,12,8,23,64,131,183,173,199,199,171,106,50,14,14,13,3,2,1,3,1,6,10
4,6,9,15,31,101,150,239,253,233,215,199,138,77,58,34,14,13,7,7,10,9,8,4
6,11,13,22,43,100,205,279,252,247,257,212,165,116,71,31,13,9,8,11,8,4,3,9
5,9,11,43,90,136,229,327,341,310,282,239,183,124,43,28,23,17,9,8,12,10,8,10
0,5,18,32,102,146,227,362,370,336,296,235,174,126,54,39,35,13,8,11,15,4,4,6
0,4,18,56,111,134,191,239,239,232,225,203,156,111,50,22,12,2,2,9,11,10,2,0
6,5,9,38,102,125,140,173,181,182,174,148,120,73,14,14,11,13,9,11,5,3,7,11
7,9,34,41,103,115,123,138,136,132,125,108,75,11,7,11,12,3,4,10,9,10,12,3
0,12,31,52,90,103,107,108,111,107,82,64,11,13,13,13,9,11,12,9,10,7,10,11
5,13,49,54,100,103,103,81,94,54,59,61,13,14,10,12,11,0,0,7,0,8,10,8
5,17,39,52,100,100,95,81,67,15,33,41,13,12,6,0,10,9,6,8,3,6,13,2
3,13,47,55,72,56,59,50,53,13,39,28,18,16,18,11,11,8,8,7,7,9,5,8
7,12,46,53,50,51,51,34,44,33,35,36,27,19,10,11,10,0,11,11,6,12,14,8
0,8,16,64,42,47,45,13,35,11,10,27,8,8,5,11,10,8,12,10,7,0,6,6
1,0,9,20,46,13,16,26,44,14,8,4,0,6,0,0,7,9,5,6,0,0,0,7
0,0,0,13,47,29,14,29,18,11,5,6,0,7,8,11,11,2,2,2,0,0,8,6
0,0,0,0,52,51,46,13,10,11,4,0,0,9,9,13,8,3,3,4,9,0,8,11
0,0,0,6,35,54,53,37,14,11,5,1,0,12,11,10,7,11,3,0,0,7,5,0
0,0,5,10,39,58,60,55,45,6,0,2,5,13,7,5,9,0,6,10,11,10,6,5
0,0,0,0,16,66,81,66,54,13,8,0,0,13,2,5,5,9,9,6,6,0,0,0
0,0,0,0,18,65,88,80,58,50,10,0,9,9,1,10,10,1,6,4,0,1,3,0
0,0,0,0,13,59,79,125,94,51,12,11,8,0,7,7,9,11,11,0,0,7,0,2
0,0,0,5,13,22,75,147,143,74,29,6,11,10,4,0,0,0,4,3,3,0,0,0
5,4,0,1,13,14,56,138,153,74,51,11,11,0,4,10,0,1,10,9,0,0,8,9
0,0,0,0,11,13,50,79,121,104,52,12,11,10,12,4,8,12,7,4,10,10,7,7
0,0,0,0,0,6,14,95,169,137,72,54,15,13,9,10,9,11,3,6,8,2,9,6

2

0,0,0,1,5,2,6,2,9,9,3,6,6,9,9,0,0,8,0,0,5,8,12,7
0,0,0,0,0,3,10,0,11,12,14,9,12,12,6,19,13,0,0,10,13,8,10,6
0,0,0,0,0,0,13,13,26,31,50,14,45,5,14,12,14,14,12,13,14,8,13,5
0,0,3,9,13,10,46,22,11,16,50,20,9,13,11,14,11,27,22,13,14,6,6,1
0,0,1,4,10,17,45,67,114,118,103,74,67,44,12,6,12,13,18,14,11,0,0,0
0,0,6,19,33,56,103,215,384,551,607,310,129,61,42,29,26,21,8,0,7,0,0,0
6,9,14,24,59,88,149,268,439,571,512,340,164,83,53,15,11,10,9,10,23,8,7,5
0,0,19,64,89,103,136,186,284,391,340,241,148,83,14,0,3,9,12,3,8,12,13,11
9,53,65,75,88,89,111,156,189,228,265,227,179,103,62,50,8,8,7,7,0,0,2,10
20,51,56,60,65,73,94,107,126,182,216,214,169,126,76,11,5,8,14,12,11,11,10,9
7,14,37,36,50,53,62,77,115,153,204,211,176,129,70,56,15,4,5,12,12,11,9,7
7,11,22,25,37,50,53,80,118,141,180,181,155,132,93,66,13,12,11,11,3,7,11,0
7,13,22,19,32,52,54,75,110,126,141,150,141,120,103,61,13,19,14,18,14,22,12,6
2,14,26,13,14,39,59,101,102,107,121,124,118,108,103,88,13,11,7,10,12,8,11,5
9,10,13,14,12,30,51,76,63,59,74,95,102,100,100,66,4,10,9,7,0,3,8,8
10,10,12,13,12,24,50,64,57,56,60,68,89,77,60,55,8,0,2,0,13,9,3,2
12,13,12,14,29,48,56,61,52,53,59,60,73,56,53,52,23,0,0,0,0,4,7,9
14,26,23,31,36,41,40,43,48,55,66,61,56,57,47,55,37,12,7,11,11,6,10,9
6,10,12,12,21,40,62,57,54,78,105,104,88,70,65,97,52,13,0,6,10,7,8,5
11,13,20,28,25,49,56,96,102,92,112,132,159,128,118,115,101,13,2,8,5,7,6,0
12,19,25,28,28,41,88,100,83,98,133,153,183,145,133,129,104,14,6,7,5,5,5,8
11,12,14,35,51,47,78,83,105,115,140,187,177,161,129,125,96,34,14,5,9,5,4,8
14,16,26,28,36,43,81,103,113,128,160,176,153,151,131,115,102,47,9,10,12,0,0,5
12,11,12,27,35,73,107,109,112,128,147,151,141,125,113,107,100,9,0,7,10,8,0,0
12,8,7,12,13,13,14,103,106,115,120,125,116,107,103,102,52,13,11,8,1,1,4,10
9,8,14,14,11,12,47,104,106,108,110,114,106,103,100,98,13,2,1,6,5,6,13,4
0,14,12,13,5,14,48,101,104,106,105,102,100,71,16,14,11,6,5,6,10,8,9,12
11,13,14,13,3,13,69,66,98,102,108,105,60,45,20,13,14,0,0,4,3,11,11,9
13,13,12,10,8,46,79,90,99,69,95,56,51,13,3,9,12,0,7,7,7,6,8,4
9,12,14,9,0,42,64,62,78,102,94,40,22,10,6,19,8,0,0,10,11,9,5,7
12,14,23,13,5,33,52,52,64,71,55,39,26,1,9,6,13,0,11,11,12,10,11,7
8,9,6,10,0,14,55,61,73,56,43,24,4,4,4,5,11,7,11,19,14,0,3,4
4,5,0,0,0,22,59,84,65,44,15,11,5,3,0,0,4,8,8,9,3,0,0,6
0,0,0,0,0,38,58,118,83,33,9,0,0,0,4,9,10,7,4,7,0,0,2,2
0,0,0,0,4,17,77,114,109,50,6,6,0,0,5,5,2,1,7,0,4,2,6,8
1,5,0,0,0,18,60,92,89,52,14,0,0,8,5,3,4,4,0,0,0,2,6,0
0,0,0,10,10,30,71,107,109,66,18,3,10,8,6,3,5,0,0,3,0,5,2,2
0,0,0,6,9,13,72,99,85,60,14,10,0,20,6,3,5,6,1,6,1,0,1,0
0,0,0,0,12,36,62,87,77,58,20,9,11,11,4,10,6,0,6,10,4,0,4,0
0,0,0,9,11,36,56,82,88,53,14,10,11,6,10,6,4,12,10,2,5,6,3,5
0,0,3,10,13,19,53,78,70,54,14,9,13,13,11,8,8,7,6,2,0,0,9,0
5,0,0,7,12,13,39,57,57,47,14,12,13,8,8,10,7,8,9,8,0,0,6,9
0,0,0,0,12,8,13,38,42,14,14,11,9,8,12,8,7,11,10,6,8,9,8,0
0,0,2,11,13,9,13,34,15,12,11,8,7,10,8,8,8,9,2,7,10,3,9,6

2

0,0,0,0,0,0,0,2,9,10,1,4,6,9,8,3,0,5,0,2,5,7,12,6
0,0,0,0,0,0,3,0,11,11,11,9,12,12,5,17,13,0,0,12,14,9,10,9
2,0,0,0,0,0,6,8,13,14,14,11,21,7,11,10,14,13,8,13,16,8,12,9
13,0,1,7,12,11,11,12,8,21,54,9,8,11,3,12,9,8,11,11,11,9,9,7
50,0,0,0,1,6,9,70,120,144,164,138,98,25,4,2,11,11,18,12,7,0,0,0
59,8,7,11,13,35,62,136,254,410,555,492,206,75,44,26,22,13,9,3,7,0,0,2
63,21,10,14,56,63,86,141,204,266,327,289,151,77,12,14,14,11,8,9,13,6,6,4
63,22,55,57,72,84,105,130,155,182,171,152,101,70,25,2,4,5,8,3,7,10,11,8
64,57,61,62,66,74,92,117,154,154,168,160,126,71,50,34,24,8,2,8,9,4,0,9
25,50,49,50,52,60,73,74,94,115,163,167,123,92,53,8,8,14,22,13,8,10,12,10
7,13,19,21,31,51,56,70,99,134,165,149,133,104,58,46,42,9,5,3,12,0,10,8
8,8,12,14,24,38,42,68,112,138,157,141,120,100,63,54,36,12,21,10,7,8,8,0
7,7,8,8,18,52,54,68,109,128,138,137,126,106,66,45,14,12,12,12,19,12,12,13
0,0,0,0,25,53,71,104,109,117,128,127,117,104,63,38,11,0,0,10,12,1,7,9
2,0,0,10,51,52,58,100,79,71,98,109,108,91,34,28,10,0,0,10,5,6,11,10
7,9,0,13,58,61,54,90,85,70,83,90,101,72,24,26,14,4,0,0,14,13,7,1
5,9,1,38,58,80,100,101,70,82,104,93,102,58,15,14,14,0,2,6,2,0,1,2
9,15,24,40,46,55,65,79,97,127,173,164,103,64,33,35,21,14,16,13,14,7,6,7
0,5,13,34,61,71,103,109,107,176,236,203,137,66,42,14,19,13,12,13,12,4,10,8
0,0,13,52,57,67,72,121,167,298,339,220,158,102,54,29,15,14,8,9,12,10,2,3
0,0,23,35,39,54,109,116,132,203,234,168,126,102,85,55,14,7,11,16,10,5,7,9
0,4,13,46,74,61,100,120,165,203,249,173,108,53,27,22,23,17,12,10,9,13,9,11
6,22,23,44,78,77,103,133,173,208,232,170,107,80,57,41,27,12,7,13,13,0,4,6
14,29,37,44,62,77,109,134,152,182,177,153,112,76,71,63,13,4,6,7,11,10,6,0
47,65,50,55,55,44,100,127,142,156,146,129,104,66,56,41,13,14,13,11,4,4,5,12
60,52,58,53,42,12,102,121,134,141,128,117,78,43,13,13,10,0,3,7,3,8,14,5
54,56,55,58,10,31,53,104,118,131,114,107,15,14,13,17,12,7,8,11,10,7,10,12
58,71,59,65,11,13,90,60,106,124,116,109,51,13,13,12,13,0,0,6,2,10,10,9
74,93,79,62,24,27,70,55,88,100,102,68,50,7,8,5,11,2,0,11,10,6,10,5
130,109,80,76,36,19,51,22,58,103,104,57,32,11,19,12,10,1,6,9,12,8,7,8
149,117,68,58,13,37,33,20,49,66,64,55,32,13,3,7,10,15,12,11,11,10,14,9
178,90,83,53,10,14,11,4,31,56,72,51,9,3,0,9,9,10,13,11,12,0,3,2
79,61,58,37,36,14,11,7,12,14,52,50,12,0,0,0,5,8,10,10,3,0,0,5
40,54,30,5,7,10,4,10,3,2,26,25,11,0,0,9,8,6,2,9,0,0,5,7
0,10,0,0,6,0,0,2,0,0,10,14,2,0,3,6,4,4,8,0,7,2,8,10
0,0,0,0,0,0,2,6,0,0,2,11,16,11,6,7,0,0,0,0,0,3,5,0
0,0,6,10,1,0,0,0,5,1,8,18,50,44,15,4,0,0,0,0,3,4,0,4
0,1,2,9,9,8,3,3,0,10,13,25,51,50,28,0,0,0,0,5,4,0,0,0
0,1,13,8,0,7,3,0,7,4,10,36,46,55,51,11,4,0,8,10,7,4,3,0
0,1,5,8,0,0,5,13,5,6,10,40,60,65,61,11,4,11,10,6,6,7,2,2
0,0,11,11,10,8,4,12,14,12,9,12,65,70,62,8,0,0,6,3,1,0,8,0
0,7,11,13,10,11,11,13,9,0,12,10,55,55,55,11,4,3,8,6,0,0,7,9
0,0,1,9,11,7,0,5,6,0,5,6,53,51,29,0,0,10,8,7,9,7,8,0
0,0,9,13,13,9,8,11,10,0,0,6,12,21,12,6,0,5,0,7,9,2,6,6

2

3,10,0,0,0,0,0,0,6,6,0,0,1,9,5,1,0,10,6,6,5,4,11,6
8,0,0,0,0,0,4,0,5,10,9,1,8,12,5,17,13,3,9,13,14,8,8,8
16,0,0,0,0,0,7,6,13,13,14,10,22,6,9,3,17,14,12,14,13,7,11,7
51,4,0,0,0,2,12,14,11,11,22,10,7,11,4,11,10,20,14,10,10,10,8,7
63,1,0,0,0,5,14,78,122,139,133,94,66,21,6,2,8,9,16,13,5,0,0,0
60,9,6,9,19,52,100,199,363,518,573,383,104,54,40,27,16,13,10,14,8,0,0,2
73,26,13,50,65,81,131,229,355,476,464,283,108,54,41,14,14,12,11,10,14,9,8,5
83,63,65,72,102,115,138,179,229,282,245,181,99,54,6,0,4,6,11,5,8,11,12,10
105,85,92,103,110,114,123,170,209,214,220,183,115,46,13,13,13,0,9,12,6,2,1,9
77,75,69,71,75,85,102,104,119,167,199,183,119,73,6,1,3,13,23,12,10,11,10,9
30,42,46,43,51,54,62,103,137,170,183,153,125,89,7,13,16,2,5,10,17,9,9,7
15,13,34,28,40,50,53,100,135,151,160,134,109,80,23,22,15,18,10,8,2,7,11,0
14,15,13,22,32,30,54,74,115,131,136,124,110,101,46,3,11,21,12,13,14,17,17,7
0,5,0,13,13,11,57,101,108,114,124,118,106,101,82,14,0,8,10,11,8,4,8,5
0,0,7,12,11,14,50,91,72,67,83,98,102,84,80,29,5,1,0,7,3,5,5,4
0,0,0,0,8,11,50,77,71,62,70,74,90,73,56,50,5,1,0,0,12,11,0,0
0,7,7,0,21,30,49,66,61,66,72,67,76,55,52,50,12,1,2,5,3,4,9,7
3,24,13,22,34,37,43,50,69,79,93,75,62,53,44,53,33,13,9,12,13,11,11,9
0,3,6,9,12,19,52,63,62,102,113,111,82,57,59,87,43,12,5,11,10,6,9,8
6,10,11,9,14,29,50,88,101,97,112,122,112,100,108,113,82,13,0,4,9,8,2,1
6,11,17,14,20,29,64,62,67,85,124,124,113,107,108,115,87,10,4,5,5,5,4,7
3,7,10,14,16,16,32,62,94,103,112,112,97,92,87,103,57,13,12,5,11,10,7,7
8,9,19,22,29,38,54,64,71,114,125,119,114,114,107,103,85,13,4,5,7,0,4,5
12,12,8,14,33,38,73,101,107,118,121,123,128,125,112,107,89,7,1,6,10,10,5,0
12,10,11,13,41,14,14,86,103,109,121,128,123,113,105,105,45,1,7,10,4,0,6,10
12,11,14,16,13,13,14,98,102,110,121,132,125,106,103,104,40,0,3,8,3,0,10,4
12,14,12,15,7,25,32,72,90,108,127,128,119,101,104,101,10,1,6,6,1,6,12,10
21,24,28,14,5,25,55,47,71,111,133,139,105,101,92,68,7,0,0,0,9,10,6,9
28,34,18,12,15,50,50,37,65,105,119,113,79,74,67,43,4,0,0,6,1,5,5,6
19,40,28,14,11,34,51,22,61,116,124,85,62,51,41,25,4,4,0,0,2,3,5,10
14,28,42,50,14,38,31,36,56,97,109,91,57,53,35,6,1,11,8,6,6,6,4,4
14,12,16,18,12,12,34,14,70,117,117,92,62,55,13,9,9,9,11,3,9,0,7,6
14,11,13,7,17,13,11,26,75,128,112,90,80,57,8,5,10,9,8,8,6,2,1,6
5,6,7,0,9,6,0,10,67,133,96,89,80,51,12,14,12,3,6,6,4,0,6,4
1,0,0,0,2,0,3,10,15,83,88,75,75,54,13,15,7,0,0,5,7,0,8,10
5,0,0,0,0,0,0,5,10,56,63,79,88,60,17,14,10,3,0,0,0,0,0,0
0,0,6,10,11,4,0,2,3,21,65,75,95,99,51,14,13,0,0,11,7,7,1,1
0,0,0,4,5,5,0,1,6,14,61,76,88,101,53,12,8,2,0,0,6,0,0,0
0,1,2,10,0,0,0,0,2,12,54,88,82,83,58,18,10,0,0,6,0,0,0,0
0,0,0,0,5,0,4,0,0,7,23,84,87,77,55,17,12,5,10,3,0,6,0,0
0,0,8,8,6,5,4,9,8,12,14,65,84,81,57,14,11,3,6,1,0,0,2,0
3,7,9,9,9,5,9,12,10,0,14,57,73,56,50,15,9,8,9,8,0,0,7,8
0,0,1,8,10,2,0,0,6,7,10,18,93,55,26,8,8,9,5,3,6,7,6,0
0,0,4,9,10,5,5,11,10,8,6,11,41,15,11,9,6,5,0,5,7,0,6,6

2

4,13,9,0,0,0,0,0,6,7,0,0,0,7,4,2,0,9,7,7,6,5,11,5
12,2,0,0,0,0,0,0,4,9,8,1,7,11,4,17,13,3,9,14,14,8,6,8
51,0,0,0,0,0,0,5,10,13,13,9,14,6,9,8,15,14,12,14,13,6,11,6
56,13,2,6,0,0,4,9,8,10,11,9,6,10,1,10,7,17,14,10,9,9,7,7
70,8,0,0,0,7,3,36,79,84,104,77,62,10,0,3,12,9,19,13,5,1,0,0
65,25,3,6,10,30,64,127,228,353,422,267,85,45,31,19,14,13,10,10,7,0,0,1
82,52,11,23,60,70,107,180,280,380,373,219,93,48,13,12,14,12,10,10,14,8,8,5
100,69,66,68,97,108,125,157,192,219,183,143,84,51,9,0,8,9,10,4,8,9,11,8
120,100,97,105,108,110,114,146,182,183,174,148,92,50,39,47,12,2,4,8,8,4,0,8
113,97,81,77,75,83,101,101,106,133,179,163,100,64,14,8,7,21,19,14,10,12,11,10
33,41,49,40,51,53,60,87,112,148,175,141,112,81,50,41,44,8,4,5,13,9,10,7
14,14,35,39,36,50,57,102,132,153,165,133,105,80,55,51,29,8,23,7,0,10,10,0
14,17,30,32,22,43,54,79,119,143,142,125,115,103,56,13,9,18,16,16,14,12,15,11
0,0,13,13,20,14,61,105,115,129,132,123,112,103,88,17,4,0,12,8,4,1,0,6
2,0,3,13,36,50,54,98,77,73,94,105,105,102,84,37,10,1,3,1,0,6,10,8
0,0,0,5,33,56,52,79,76,66,76,82,100,88,57,40,14,6,0,0,10,13,8,2
1,4,1,4,42,60,70,71,62,71,87,80,94,59,53,39,12,2,0,0,1,0,0,0
10,23,10,27,40,46,50,51,74,97,119,111,89,74,47,45,31,11,8,10,12,4,8,7
0,0,6,8,41,58,86,75,72,112,128,136,140,96,70,64,20,10,9,13,7,2,7,7
8,4,0,4,13,53,59,100,105,103,130,174,282,161,120,106,57,14,4,7,12,9,0,3
3,9,10,10,11,17,46,62,63,84,146,189,222,165,127,108,32,11,5,11,9,2,3,7
5,4,6,12,9,12,41,70,102,119,142,178,196,173,119,85,40,19,13,9,9,11,7,9
8,9,14,21,18,13,53,108,100,122,170,197,191,175,133,100,49,12,7,13,13,0,1,4
9,0,0,10,15,19,101,111,110,135,170,185,180,171,134,108,61,12,8,7,11,10,3,0
4,3,7,13,50,17,13,100,105,136,160,165,161,155,121,105,23,5,6,10,0,0,0,10
6,6,14,39,62,71,75,95,108,136,149,151,151,131,109,103,20,0,0,7,2,3,10,4
2,9,10,50,13,63,55,68,103,127,139,137,140,116,105,100,11,3,5,9,8,8,9,13
11,11,24,54,30,74,91,56,94,118,134,141,119,112,93,56,14,2,0,9,4,2,2,8
6,13,24,43,83,89,83,63,72,102,113,110,87,90,64,25,14,0,0,13,5,0,0,8
10,12,22,54,78,59,76,52,58,106,109,78,69,51,39,22,11,0,0,6,10,5,7,5
6,13,13,53,57,62,64,51,51,68,81,81,63,52,31,10,23,0,8,13,12,9,9,7
0,8,12,54,64,100,76,57,53,63,104,73,58,55,14,10,6,7,4,18,16,6,5,6
9,1,12,55,145,110,67,65,53,34,66,72,68,65,11,8,0,8,8,6,0,0,0,5
2,0,0,50,111,99,87,72,46,52,60,67,63,56,13,13,7,4,4,5,4,0,6,6
0,0,0,10,52,58,72,65,13,19,55,62,55,55,14,13,1,0,0,3,7,0,9,9
0,0,0,0,7,19,54,33,12,11,24,58,61,54,38,10,10,4,0,0,2,1,0,0
0,0,2,0,3,14,50,43,50,21,46,56,65,77,54,14,11,0,0,11,10,7,1,2
0,0,0,0,4,10,32,49,40,23,39,55,66,79,52,14,8,0,0,0,7,0,0,0
0,0,0,0,3,0,42,44,50,31,35,55,62,70,57,14,9,0,0,6,0,1,2,0
0,0,0,0,0,0,13,51,51,14,24,59,72,68,54,12,9,7,9,5,0,6,0,2
0,0,3,6,9,1,10,41,38,18,13,56,74,75,55,10,4,0,2,0,0,0,3,0
1,0,0,4,7,9,10,27,33,5,9,52,64,54,44,13,9,6,9,7,0,0,7,9
0,0,0,0,5,2,2,10,7,9,9,8,79,49,21,10,6,9,6,6,8,7,7,0
0,0,1,7,9,5,3,12,12,2,2,8,14,12,10,6,3,6,0,3,7,0,6,6

2

0,0,0,6,10,7,0,0,0,1,0,0,0,4,1,2,0,9,6,7,6,6,11,6
10,0,2,14,13,11,0,0,0,6,5,0,0,10,4,15,13,2,6,13,14,9,8,9
13,19,57,12,3,0,2,2,3,12,11,7,14,6,7,6,14,14,12,15,13,7,12,8
32,52,41,10,0,0,0,4,10,3,7,8,2,7,0,7,6,14,13,10,10,9,8,8
52,59,54,0,0,0,0,53,100,109,112,71,53,9,0,0,9,8,17,12,5,1,0,0
51,75,44,5,8,36,75,138,233,347,320,157,70,39,18,14,12,11,9,7,6,0,0,1
69,68,57,18,58,72,108,173,245,296,252,167,81,50,12,11,12,11,7,10,13,7,8,4
101,81,76,65,91,102,116,145,175,198,184,150,90,54,8,0,7,5,9,3,8,8,10,6
122,107,97,101,100,100,102,132,167,169,176,155,111,59,36,24,7,0,0,6,6,2,0,7
113,98,76,71,69,71,81,78,91,117,174,169,122,89,44,11,9,10,11,13,9,11,10,9
33,39,47,39,48,51,57,74,104,141,179,158,138,109,61,49,28,8,6,5,12,8,10,6
14,13,23,33,38,43,53,93,128,156,176,152,128,107,69,59,14,0,15,2,0,8,10,0
14,14,23,26,24,37,53,77,117,146,158,148,138,116,99,61,10,11,13,10,10,6,14,9
0,6,11,13,14,14,56,103,110,132,145,139,131,116,105,92,6,0,10,5,1,0,0,4
0,0,3,10,13,27,51,87,72,72,101,115,115,113,104,71,11,0,0,0,0,5,8,6
0,0,0,0,10,25,50,73,72,64,75,85,106,103,66,59,36,0,0,0,5,12,5,0
5,6,0,10,15,43,62,67,59,67,82,80,100,65,56,54,50,7,0,0,1,0,0,0
9,22,11,25,34,41,44,48,66,87,111,105,90,89,59,60,40,15,10,9,10,2,7,5
0,0,10,8,13,24,66,68,66,106,122,129,131,106,102,107,61,21,13,13,5,0,6,7
11,9,8,9,11,14,50,83,100,90,119,138,193,235,182,141,107,62,8,7,11,8,0,2
6,10,12,14,11,14,14,48,56,68,125,140,202,220,166,143,109,55,11,14,10,0,1,5
8,5,7,15,19,12,16,21,52,92,112,145,186,191,149,125,109,61,25,11,8,12,7,8
10,10,16,22,23,16,33,56,48,103,141,179,187,186,150,125,113,86,15,13,12,0,0,3
10,0,0,9,13,9,8,99,103,118,151,176,178,180,146,121,107,87,35,7,11,9,1,0
5,3,7,9,15,12,5,27,101,121,148,159,160,164,133,116,103,62,11,8,0,0,0,9
6,6,11,12,11,12,26,60,103,126,142,147,151,136,116,108,101,4,1,5,0,0,0,1
3,9,0,14,9,50,43,51,100,121,135,134,141,119,109,104,67,5,3,6,5,2,8,11
12,9,12,27,11,62,77,53,80,115,131,139,120,116,103,88,46,3,0,6,1,1,3,7
9,12,11,14,66,82,77,58,67,101,112,109,91,98,77,66,15,5,0,9,3,0,0,8
11,12,18,29,67,57,74,51,57,106,109,78,72,52,45,32,19,0,0,7,8,5,7,4
8,13,12,48,54,60,63,50,51,69,82,81,66,54,46,14,24,0,7,12,11,8,10,6
3,10,12,43,61,96,74,56,54,65,105,74,60,56,56,10,8,6,8,16,13,1,4,7
9,1,10,45,112,106,64,63,54,49,67,73,71,71,14,10,1,9,9,8,2,0,0,6
3,0,0,15,81,89,80,72,46,52,60,68,66,60,17,14,9,5,5,5,4,0,6,7
0,0,0,5,40,54,70,68,18,24,56,63,56,59,29,14,0,0,0,3,7,0,9,6
0,0,0,0,0,21,53,45,16,12,27,59,62,55,46,11,4,1,0,0,1,0,0,0
0,0,4,0,1,13,46,47,50,20,46,57,67,81,57,15,12,0,0,11,9,7,1,2
0,0,0,0,4,10,30,50,45,27,39,56,68,83,55,14,9,0,0,0,7,0,0,0
0,0,0,0,2,0,44,47,50,35,35,56,64,73,59,14,10,0,0,5,0,1,2,0
0,0,0,0,0,0,14,51,51,18,25,61,74,70,56,12,10,8,9,4,0,6,0,2
0,0,3,6,8,1,11,43,39,23,14,57,76,76,58,11,4,0,2,0,0,0,3,0
1,0,0,5,8,9,11,31,30,6,12,54,65,54,48,13,9,5,9,7,0,0,8,9
0,0,0,0,5,3,4,9,3,9,11,10,82,51,22,11,6,8,6,5,7,7,6,0
0,0,1,8,10,6,3,12,11,2,5,8,24,13,10,6,3,6,0,3,7,0,6,6

2

0,0,7,24,46,14,0,0,0,2,0,0,0,1,0,0,0,7,3,5,5,4,11,6
9,4,19,53,50,33,0,8,3,12,8,5,0,9,4,9,11,0,4,12,13,8,7,9
12,53,64,45,13,8,10,23,13,13,11,7,14,6,6,0,10,14,10,13,11,5,10,7
37,58,45,14,8,27,9,8,10,5,9,9,0,5,0,3,0,0,11,8,8,8,7,7
57,62,56,0,0,2,10,75,112,128,132,96,38,11,0,0,4,7,14,11,4,0,0,0
57,78,51,8,13,50,85,142,216,336,291,150,67,38,19,14,12,10,8,5,6,0,0,1
76,70,65,31,60,74,107,157,207,229,202,145,77,30,8,9,11,10,6,9,13,6,7,4
104,85,82,69,92,103,116,144,167,185,169,136,79,37,5,0,5,3,8,2,8,8,10,7
122,110,103,100,100,101,106,136,164,157,163,138,92,50,25,32,8,0,0,6,7,2,0,7
108,98,76,69,67,72,85,76,88,112,162,150,99,67,13,10,9,12,12,13,10,12,10,10
31,38,45,38,49,52,59,75,104,136,169,140,116,87,44,35,25,8,8,4,13,9,10,6
14,13,25,36,45,49,55,97,129,153,169,142,114,93,59,51,13,2,17,3,0,9,10,0
18,15,26,32,36,48,56,83,120,147,158,145,131,111,78,14,12,14,14,13,11,5,14,10
0,0,10,14,34,43,64,105,114,137,150,139,128,113,103,46,1,0,11,6,1,0,0,5
1,0,1,12,50,51,56,100,77,75,103,117,115,111,102,53,7,0,0,0,0,6,9,7
0,2,0,1,52,58,53,84,77,66,78,88,107,101,64,56,14,0,0,0,9,13,7,1
3,5,0,6,49,63,75,75,61,70,86,82,100,63,55,52,14,4,0,1,4,0,0,0
9,22,11,28,40,47,50,53,72,94,117,110,90,84,55,55,37,12,10,9,11,3,8,6
0,0,10,6,31,57,85,77,72,111,126,133,131,100,90,101,54,13,11,12,6,1,7,7
9,6,5,9,25,52,58,101,105,102,126,142,194,207,154,131,101,35,6,7,11,9,0,3
3,5,8,12,11,25,48,58,60,77,135,147,202,207,154,134,103,23,6,13,10,1,2,6
4,2,4,13,14,10,22,44,81,108,124,157,191,190,143,116,100,38,16,10,8,11,7,8
8,7,12,21,23,16,41,83,70,112,154,187,190,185,146,118,106,63,9,13,12,0,0,3
8,0,0,8,13,14,58,104,106,126,160,180,180,178,143,117,103,57,13,6,11,9,1,0
0,0,5,9,37,19,10,62,102,128,153,162,161,162,130,113,101,22,9,8,0,0,0,9
5,4,12,14,37,56,67,78,105,129,144,149,151,135,115,107,90,0,0,6,0,0,3,2
0,7,4,30,11,55,57,61,101,122,136,135,141,119,108,103,52,3,4,7,7,6,9,12
11,10,13,39,13,67,86,55,83,115,132,140,121,116,102,83,40,2,0,7,3,1,3,7
7,12,14,24,70,84,80,60,68,101,112,111,92,98,75,61,14,5,0,10,4,0,0,7
10,12,22,43,68,57,75,51,56,105,109,80,73,53,44,28,19,0,0,6,8,6,7,5
8,13,13,50,54,60,63,50,51,68,81,82,67,54,44,14,25,0,7,12,11,8,10,6
3,10,12,42,60,94,73,55,54,64,105,74,60,56,55,11,8,6,6,18,14,2,4,6
10,1,10,36,101,103,62,62,54,47,66,73,71,72,16,10,1,7,8,8,2,0,0,6
3,0,0,13,72,83,75,70,45,50,57,68,66,61,18,14,8,4,5,5,4,0,6,7
0,0,0,2,33,53,68,68,22,15,54,62,56,59,37,14,0,0,0,2,7,0,9,6
0,0,0,0,0,21,53,45,19,12,17,58,61,55,50,12,3,1,0,0,1,1,0,0
0,0,4,0,1,13,45,47,50,13,38,55,65,80,58,15,12,0,0,11,9,7,1,2
0,0,0,1,4,10,30,50,45,27,37,54,67,82,55,14,8,0,0,0,7,0,0,0
0,0,0,0,2,0,45,47,50,36,33,55,63,73,60,14,11,0,0,5,0,1,3,0
0,0,0,0,0,0,17,51,52,18,25,60,74,70,56,12,10,8,9,4,0,6,0,3
0,0,4,6,8,1,12,45,40,25,14,56,75,76,59,11,3,0,2,0,0,0,3,0
1,0,0,4,8,9,13,37,37,6,12,53,65,54,50,13,8,4,9,7,0,0,8,9
0,1,0,0,5,3,5,13,7,10,11,11,82,51,23,11,6,7,6,4,7,8,6,0
0,0,1,8,10,6,4,13,12,3,6,8,27,13,10,5,4,6,0,4,7,0,6,6

2

0,0,11,25,46,14,1,1,1,3,0,0,0,2,0,0,0,7,3,5,4,3,10,5
9,7,29,53,51,43,3,10,6,13,10,8,2,10,5,9,11,0,4,12,13,7,6,8
12,53,60,46,13,10,12,32,14,14,13,9,15,7,8,0,10,14,9,13,11,3,10,5
38,57,45,14,11,33,10,10,11,7,11,10,2,6,0,4,0,0,11,6,6,8,6,6
58,60,56,0,4,6,11,74,113,131,137,104,53,13,0,0,3,6,11,10,2,0,0,0
57,77,51,9,13,49,84,140,220,363,339,192,74,41,22,14,12,9,7,4,5,0,0,0
76,69,64,29,60,73,106,157,211,241,222,162,85,34,9,10,12,10,5,8,12,5,7,3
103,84,81,68,93,104,118,145,169,187,169,137,83,49,5,0,3,2,6,2,8,8,9,6
119,108,103,100,101,103,108,139,167,161,164,137,93,49,22,26,8,0,0,6,6,2,0,7
103,95,76,69,67,74,87,78,90,116,162,149,97,66,13,10,8,12,12,12,9,11,10,9
29,37,45,39,50,52,60,77,105,137,167,137,112,85,44,34,23,7,7,4,12,8,10,6
14,12,24,37,46,50,55,97,127,148,165,139,111,88,58,50,11,0,16,2,0,8,10,0
25,15,24,34,41,51,56,82,118,142,154,142,128,109,73,13,11,11,14,11,10,3,14,10
0,1,10,14,40,50,67,105,114,135,149,138,126,110,102,29,0,0,10,6,1,0,0,4
1,0,1,13,51,51,58,101,81,77,105,118,114,110,101,49,5,0,0,0,0,6,9,6
0,3,0,2,55,60,54,91,82,68,81,91,107,101,63,54,13,0,0,0,9,13,6,0
3,5,0,9,54,68,80,83,64,74,92,86,101,63,55,52,14,4,0,1,4,0,0,0
8,20,10,29,42,48,53,56,78,101,123,115,92,82,54,54,37,12,10,9,11,3,8,6
0,0,11,9,41,60,93,86,78,116,131,136,132,96,85,100,54,12,10,11,6,1,7,7
8,5,5,11,35,54,60,102,109,107,131,145,184,179,143,127,100,29,6,6,11,9,0,3
3,0,1,13,16,29,53,60,62,81,139,147,188,188,146,130,103,22,5,12,10,1,2,6
4,1,3,12,12,11,21,51,84,110,127,155,185,182,138,114,98,37,15,10,8,11,7,8
8,5,12,21,24,19,42,86,74,112,154,185,188,181,144,117,106,62,9,13,12,0,0,4
7,0,0,8,13,14,58,104,106,126,160,179,178,176,142,116,103,57,13,6,11,10,1,0
0,0,5,9,41,20,11,60,102,128,152,161,160,161,129,112,101,22,10,8,0,0,0,9
4,4,12,14,48,68,71,81,105,129,144,148,150,134,114,107,87,0,0,5,0,0,3,2
0,7,6,38,12,58,59,65,101,122,136,134,140,117,107,103,50,3,4,7,7,7,9,12
11,11,14,43,14,68,86,55,85,116,131,138,119,114,101,82,36,2,0,7,2,1,3,7
7,12,14,33,72,85,82,61,69,101,112,108,89,94,74,60,14,6,0,10,3,0,0,7
10,12,24,50,70,57,75,52,57,106,109,77,70,52,44,28,18,0,0,6,8,6,7,5
8,13,14,50,54,60,63,50,51,68,81,80,65,53,44,14,24,0,7,12,11,8,10,6
5,10,13,50,60,93,74,56,54,65,105,73,59,56,54,11,7,6,6,17,13,2,4,6
10,2,11,50,113,105,64,63,54,50,66,72,70,71,14,9,0,7,8,8,2,0,0,6
2,0,0,20,91,91,78,71,46,52,60,68,66,60,15,14,9,5,5,5,4,0,6,7
0,0,0,5,47,55,70,68,21,25,55,63,57,59,32,14,0,0,0,2,7,0,9,6
0,0,0,0,0,26,54,48,21,13,22,60,63,55,48,12,3,0,0,0,0,0,0,0
0,0,4,0,1,13,50,50,50,14,46,57,67,81,58,15,12,0,0,11,9,7,1,2
0,0,0,1,4,10,33,50,47,29,40,55,68,84,55,15,9,0,0,0,7,0,0,0
0,0,0,0,2,0,47,49,50,38,37,56,64,73,60,14,10,0,0,6,0,1,3,0
0,0,0,0,0,0,17,51,52,19,25,60,74,70,56,12,10,8,9,4,0,6,0,3
0,0,3,6,8,2,12,45,40,25,14,57,75,77,59,11,4,0,2,0,0,0,3,0
1,0,0,4,8,9,12,34,37,7,12,54,64,54,50,13,9,5,9,7,0,0,8,9
0,1,0,0,5,3,4,11,6,10,11,11,83,51,24,11,7,8,6,5,7,7,6,0
0,0,1,8,9,6,3,13,11,2,5,8,27,13,11,6,4,6,0,4,7,0,6,6

0

0,0,11,25,44,14,2,2,2,4,0,0,0,4,0,0,0,7,4,5,4,3,10,5
10,8,29,53,51,47,5,11,7,14,11,10,5,10,5,11,11,0,4,12,13,7,5,7
12,52,59,43,14,12,13,35,15,14,13,9,16,8,8,2,11,14,9,13,10,2,9,5
38,56,44,14,13,34,11,10,11,7,10,10,2,7,1,5,0,0,11,5,5,8,5,5
57,60,56,0,6,7,11,74,113,131,136,104,54,14,0,0,4,5,11,10,2,0,0,0
57,77,50,9,14,48,83,139,219,367,348,199,75,42,23,14,12,9,7,3,4,0,0,0
75,68,64,28,59,73,106,156,210,241,224,165,87,35,9,10,12,10,5,8,12,5,7,3
102,83,80,68,92,104,118,144,168,186,168,137,84,50,5,0,3,1,6,2,8,7,9,5
118,107,103,100,101,103,108,139,167,162,164,138,94,50,25,18,8,0,0,6,5,1,0,6
102,94,76,69,67,74,88,79,90,118,163,149,97,67,13,10,8,12,12,12,9,11,9,9
28,38,45,39,50,53,60,79,107,139,168,138,112,86,51,40,21,6,7,4,12,8,9,6
14,12,24,37,48,50,56,99,128,148,164,139,111,88,59,50,11,0,14,1,0,8,10,0
26,16,28,35,44,51,57,83,118,140,152,141,127,108,75,14,9,9,13,9,8,1,13,10
0,0,10,15,43,51,69,106,115,134,148,137,126,110,102,33,0,0,10,5,0,0,0,4
2,0,1,14,51,52,58,102,83,79,107,118,114,110,101,49,5,0,0,0,0,6,8,6
0,6,2,7,56,61,55,95,85,70,84,93,109,101,63,55,12,0,0,0,9,13,6,0
3,4,2,14,55,70,84,86,66,77,95,88,102,63,55,52,14,4,0,1,4,0,0,0
8,17,11,31,42,49,54,59,82,105,127,118,93,83,54,54,37,12,9,9,11,3,8,6
0,0,11,10,48,63,98,93,84,119,134,138,133,95,86,100,55,13,10,11,5,0,7,7
2,0,7,12,39,56,62,104,112,111,133,145,177,173,143,128,100,30,6,6,11,9,0,3
0,0,1,14,19,32,56,61,62,83,140,146,181,187,146,130,103,25,5,12,10,1,2,6
4,0,2,12,10,12,29,52,83,111,127,152,181,180,138,114,100,38,15,10,8,11,7,8
7,4,10,20,23,19,42,85,73,111,153,182,185,180,144,117,106,63,9,13,12,0,0,3
6,0,0,8,13,17,60,104,106,125,158,177,177,175,142,116,103,56,13,6,11,10,1,0
0,0,5,9,43,25,11,61,102,127,151,160,159,159,129,112,101,21,10,8,0,0,0,9
4,3,12,16,51,74,74,82,105,129,144,148,149,133,113,106,87,0,0,5,0,0,3,2
0,7,6,39,12,58,61,67,101,122,136,134,139,117,107,103,48,3,4,7,7,7,10,12
11,11,14,45,17,69,88,56,85,116,131,138,119,114,101,81,35,2,0,7,3,1,3,6
7,12,14,35,73,85,82,61,70,101,111,108,88,93,74,60,13,6,0,10,3,0,0,6
10,12,25,50,69,57,75,51,57,106,108,77,70,52,44,28,18,0,0,6,8,6,7,5
9,13,14,51,54,60,63,50,52,69,82,79,65,53,43,14,24,0,7,12,11,8,10,6
5,10,13,50,60,93,74,56,54,65,105,73,59,56,54,11,7,6,6,17,13,2,4,6
10,2,12,51,114,106,64,63,54,50,67,72,70,71,14,9,0,7,8,8,2,0,0,6
3,0,0,21,94,93,78,70,46,52,60,68,66,60,14,14,9,4,5,5,4,0,6,7
0,0,0,6,50,55,70,67,21,26,56,63,57,59,31,14,0,0,0,2,7,0,9,6
0,0,0,0,0,27,54,48,20,13,22,60,62,55,47,12,3,0,0,0,0,0,0,0
0,0,4,0,2,13,48,48,51,14,46,57,66,81,58,15,12,0,0,11,9,7,1,2
0,0,0,1,4,10,33,50,46,29,40,55,67,83,55,15,9,0,0,0,7,0,0,0
0,0,1,0,3,0,48,49,50,37,36,56,63,73,60,14,10,0,0,6,0,1,3,0
0,0,0,0,0,0,18,51,52,19,25,60,74,70,56,12,10,8,9,5,0,6,0,3
0,0,4,6,8,2,12,45,40,25,14,57,75,76,58,11,4,0,3,0,0,0,3,0
1,0,0,4,8,9,12,35,37,7,12,54,64,54,50,13,9,5,9,7,0,0,8,9
0,1,0,0,5,3,4,11,6,10,11,11,82,51,23,11,7,8,6,5,7,7,6,0
0,0,1,8,9,6,3,13,11,1,6,8,28,13,11,6,4,6,0,4,7,0,6,6

0

0,0,12,26,46,14,3,3,3,5,0,0,0,4,0,0,0,7,4,5,4,3,10,5
10,9,33,53,51,45,5,11,8,14,12,10,5,11,5,11,11,0,4,12,13,7,5,7
12,53,58,45,14,12,13,33,17,14,14,9,18,8,8,2,12,14,9,13,10,2,9,4
40,56,44,14,13,34,11,10,11,7,10,10,2,7,1,6,0,0,11,5,5,7,4,4
58,60,56,0,6,7,11,72,112,129,136,104,53,13,0,0,4,5,11,10,2,0,0,0
58,77,50,9,14,47,82,138,216,364,349,202,76,42,23,14,12,9,7,3,3,0,0,0
76,67,63,27,59,72,105,154,206,239,224,165,87,36,9,10,12,10,5,8,12,5,7,3
102,82,80,68,92,104,117,143,166,183,166,137,84,51,6,0,4,1,6,2,8,7,9,5
117,107,103,100,100,102,108,137,165,160,163,139,96,51,30,15,7,0,0,6,5,1,0,6
101,94,76,69,67,74,88,78,90,119,165,151,99,70,13,10,9,12,12,12,9,11,9,9
28,37,45,38,50,53,60,80,109,142,171,140,114,88,52,46,21,5,7,3,12,8,9,6
14,13,26,38,48,50,56,101,130,150,167,141,113,90,60,52,11,0,14,0,0,8,10,0
27,18,29,35,45,51,57,86,120,143,154,143,128,109,78,14,9,9,13,8,8,0,13,9
0,2,11,18,47,51,69,106,115,135,148,138,126,110,102,41,0,0,10,5,0,0,0,3
3,0,2,14,51,51,58,102,82,78,106,118,114,110,101,51,5,0,0,0,0,5,8,6
0,7,5,7,56,60,54,94,83,69,82,92,108,101,63,55,12,0,0,0,10,13,6,0
3,6,3,14,55,69,83,85,65,75,93,86,101,63,55,52,15,4,0,0,4,0,0,0
8,19,11,31,42,49,54,59,81,103,124,116,92,83,54,54,37,11,9,8,11,3,8,6
0,0,11,11,50,63,97,92,83,118,132,137,132,96,86,100,54,13,10,11,5,0,7,7
1,0,5,12,41,56,62,104,111,110,132,145,183,186,144,128,100,30,6,7,11,9,0,3
0,0,0,14,19,32,58,61,62,82,139,146,187,194,147,130,103,20,5,12,10,1,2,6
3,0,1,12,11,13,33,55,84,111,127,154,184,181,138,114,97,36,14,10,8,11,7,8
7,4,10,21,24,21,44,89,75,112,154,183,186,180,143,116,105,59,8,12,12,0,0,3
6,0,0,9,17,30,75,105,106,126,160,178,177,175,141,115,103,50,12,6,11,9,1,0
0,0,5,9,52,37,12,65,102,128,152,161,159,159,128,112,100,14,9,7,0,0,0,9
4,3,13,23,57,82,82,87,105,129,144,148,149,134,113,106,84,0,0,5,0,0,3,2
0,7,8,40,13,60,61,67,101,122,136,134,139,117,107,102,45,2,3,7,7,7,10,12
11,11,14,47,25,70,89,56,85,116,131,138,119,114,101,80,34,1,0,7,3,1,3,6
7,12,16,39,74,86,82,62,70,101,111,108,88,93,73,59,13,6,0,10,3,0,0,5
10,12,27,51,69,57,75,52,57,106,108,77,70,52,44,27,18,0,0,6,8,6,7,5
9,13,14,51,54,60,64,50,51,68,81,80,65,53,42,14,24,0,7,12,11,8,10,6
5,10,13,51,60,93,74,56,54,65,105,73,59,56,53,11,7,6,6,17,13,2,4,6
10,2,12,51,114,107,64,63,54,50,67,72,70,70,14,9,0,7,7,8,2,0,0,6
3,0,0,22,96,95,77,70,45,52,60,68,66,60,14,14,9,4,5,5,4,0,6,7
0,0,0,7,50,55,70,67,21,25,56,63,56,59,29,14,0,0,0,2,7,0,9,6
0,0,0,0,0,27,54,47,21,13,22,59,62,55,47,12,3,0,0,0,0,0,0,0
0,0,4,0,2,14,50,48,50,14,45,57,66,80,58,15,12,0,0,11,9,7,1,2
0,0,0,1,4,10,34,50,47,29,40,55,67,82,55,14,8,0,0,0,7,0,0,0
0,0,1,0,3,0,48,49,50,38,37,56,63,72,59,14,10,0,0,6,0,2,3,0
0,0,0,0,0,0,21,51,52,20,25,60,74,70,56,12,10,8,9,5,0,6,0,3
0,0,4,6,8,2,12,45,40,25,14,57,75,76,58,11,4,0,2,0,0,0,3,0
1,0,0,4,8,9,12,34,37,7,12,54,64,54,50,13,9,5,9,7,0,0,8,9
0,1,0,0,5,3,4,11,5,9,11,11,82,51,24,11,7,8,6,5,7,7,6,0
0,0,1,8,9,6,3,13,11,1,5,8,26,13,10,6,4,6,0,4,7,0,6,6

0

0,0,12,26,46,14,3,3,3,5,0,0,0,5,0,0,0,8,4,5,4,3,10,5
10,10,35,53,51,47,5,11,8,14,12,10,6,11,5,12,11,0,4,12,13,7,5,7
13,53,58,43,14,12,13,33,17,14,14,10,16,8,8,3,12,14,9,13,10,2,9,4
41,56,44,14,13,34,11,10,11,7,10,10,2,7,2,6,0,0,11,5,5,7,4,4
58,60,56,0,7,7,11,72,112,129,136,104,54,14,0,0,4,6,11,10,2,0,0,0
58,77,50,9,14,47,82,137,215,364,351,206,77,43,23,14,12,9,7,3,3,0,0,0
76,67,63,27,59,72,104,152,204,237,224,167,89,40,9,10,12,10,5,8,12,5,6,3
102,82,80,68,92,103,116,142,164,181,164,136,85,52,6,0,4,1,6,1,8,7,8,5
117,107,103,100,100,102,107,136,164,158,162,139,99,53,33,14,7,0,0,6,5,1,0,6
100,94,76,69,67,73,87,78,89,119,166,153,102,72,18,11,10,12,12,12,9,11,9,9
28,36,45,39,50,53,60,81,110,143,173,142,116,91,54,50,22,5,7,3,11,8,9,6
14,13,27,38,48,50,57,102,131,152,169,142,114,92,61,53,11,0,14,0,0,8,9,0
28,20,29,36,44,51,57,89,121,144,154,144,129,109,79,17,9,8,13,7,7,0,13,9
0,4,11,19,46,51,69,106,116,135,148,138,126,111,102,42,0,0,10,5,0,0,0,3
3,0,2,14,51,51,58,101,81,77,106,117,114,110,101,51,5,0,0,0,0,5,8,5
0,7,4,7,55,60,54,92,82,68,81,91,107,101,63,55,12,0,0,0,10,13,6,0
4,6,3,14,54,68,82,83,65,74,91,85,101,63,55,52,16,3,0,0,4,0,0,0
8,19,11,32,42,49,54,58,79,101,122,114,92,84,55,55,37,11,9,8,10,3,8,6
0,0,11,11,50,62,97,91,81,117,131,136,132,98,87,100,54,13,11,12,5,0,7,7
1,0,4,12,40,56,62,104,111,109,131,144,190,199,146,128,100,28,6,7,11,9,0,3
0,0,0,14,19,33,59,61,62,82,139,147,195,201,148,130,102,17,5,12,10,1,2,6
3,0,1,12,11,14,37,57,86,112,128,155,186,183,138,113,94,34,14,10,8,11,7,8
7,3,10,21,24,22,45,93,77,113,156,184,186,180,143,115,105,55,8,12,12,0,0,3
6,0,0,10,27,41,86,106,107,127,161,179,177,175,141,115,103,42,11,6,11,9,1,0
0,0,6,10,56,45,13,70,102,129,153,161,159,159,128,111,100,13,8,7,0,0,0,9
4,3,14,29,62,90,85,93,105,129,144,148,149,134,113,106,81,0,0,5,0,0,4,2
0,7,9,44,13,60,63,70,101,122,136,134,139,117,107,102,42,2,3,7,7,7,10,12
11,12,18,50,33,71,91,56,87,116,131,138,119,114,101,80,32,1,0,7,3,1,2,6
7,12,18,42,74,86,83,62,71,101,111,108,89,93,72,58,13,6,0,10,3,0,0,5
10,12,28,51,70,57,76,52,57,106,108,77,70,52,43,27,18,0,0,6,8,6,7,5
9,13,14,51,54,60,64,50,51,68,81,80,65,53,42,14,24,0,7,12,11,8,10,6
5,11,14,51,60,93,74,56,54,65,105,73,59,56,53,11,7,6,6,17,13,2,4,6
10,3,12,51,114,107,65,63,54,50,67,72,70,70,13,9,0,7,7,8,2,0,0,6
3,0,0,23,97,96,77,70,46,52,60,68,66,60,14,14,9,4,5,5,4,0,6,7
0,0,0,7,50,55,69,67,21,26,56,63,56,59,29,14,0,0,0,2,7,0,9,6
0,0,0,0,0,29,54,49,22,13,24,60,62,55,46,12,4,0,0,0,0,0,0,0
0,0,4,0,2,14,50,48,50,14,46,57,66,80,57,15,12,0,0,11,9,7,1,2
0,0,0,1,4,10,35,50,47,28,40,55,67,82,55,14,8,0,0,0,7,0,0,0
0,0,1,0,3,0,50,49,50,37,36,55,63,72,59,14,10,0,0,6,0,2,3,0
0,0,0,0,0,0,20,51,52,19,26,60,73,69,56,12,10,8,9,5,0,6,0,3
0,0,3,6,8,2,13,45,40,25,14,56,75,76,58,10,4,0,2,0,0,0,3,0
1,0,0,4,8,9,12,35,36,7,12,54,63,54,50,13,9,5,9,7,0,0,8,9
0,1,0,0,5,3,4,11,5,9,11,11,82,51,24,11,7,8,5,5,7,7,6,0
0,0,1,7,9,6,3,13,11,1,5,8,27,13,10,6,4,6,0,4,7,0,6,6

0

0,0,13,28,49,14,4,4,3,5,0,0,0,5,0,0,0,8,4,5,4,3,10,5
10,11,40,53,51,50,6,11,10,14,12,11,7,11,6,12,12,0,4,12,13,7,5,7
13,53,58,46,14,13,13,36,20,14,14,10,18,8,9,3,12,14,9,12,10,2,9,4
42,56,45,15,14,36,11,10,11,7,10,10,2,7,2,7,0,0,11,5,5,7,4,4
58,59,56,0,7,8,11,73,113,130,136,105,54,14,0,0,4,5,11,10,2,0,0,0
58,77,50,9,14,48,82,137,215,364,349,204,78,43,23,14,12,9,7,3,3,0,0,0
77,67,63,27,59,72,104,151,200,232,219,167,91,43,9,10,12,10,4,8,12,5,6,3
102,82,81,68,91,103,115,140,160,177,160,134,87,53,6,0,4,1,6,1,8,7,8,5
117,107,103,99,100,101,106,134,160,155,158,137,100,54,36,14,7,0,0,6,5,1,0,6
99,93,75,68,67,73,87,77,88,116,163,153,104,75,28,11,10,12,12,12,9,11,9,9
28,36,45,38,50,53,60,81,107,141,172,142,117,93,55,50,23,5,7,3,11,8,9,6
14,13,29,38,48,50,57,102,131,152,169,143,115,93,62,53,11,0,14,0,0,8,9,0
31,20,29,37,44,51,58,91,122,145,154,144,129,109,79,17,9,8,13,7,7,0,13,9
0,5,12,19,46,52,69,106,116,135,147,138,126,111,102,39,0,0,10,4,0,0,0,3
4,0,2,14,51,51,58,101,81,77,106,117,114,110,101,50,5,0,0,0,0,5,8,5
0,7,5,7,55,60,54,91,81,68,81,90,107,101,63,55,12,0,0,0,10,13,7,0
4,5,3,14,54,68,81,82,64,73,89,84,101,63,55,52,15,2,0,0,4,0,0,0
8,19,11,32,42,49,53,57,78,99,120,113,92,83,54,55,37,11,9,8,10,3,8,6
0,0,11,11,47,62,96,90,80,116,130,135,133,99,88,100,53,13,11,12,5,0,7,7
0,0,4,12,41,56,62,104,110,109,130,144,194,207,147,128,99,28,6,7,11,9,0,3
0,0,0,14,19,33,59,62,62,82,138,147,199,206,148,129,102,14,4,12,10,1,2,6
3,0,1,12,12,15,39,59,86,112,127,156,186,183,138,112,93,32,14,10,8,11,7,8
7,3,10,22,25,23,46,96,78,113,156,185,187,179,143,115,104,51,7,12,12,0,0,3
6,0,0,10,32,44,92,106,107,128,162,179,177,174,141,115,103,35,11,6,11,9,1,0
0,0,6,11,58,51,14,72,102,129,153,161,159,159,128,111,100,12,8,7,0,0,0,9
4,3,14,31,65,96,89,96,105,129,144,148,149,133,113,106,78,0,0,5,0,0,4,2
0,7,10,46,14,61,65,70,101,122,135,134,139,117,107,102,40,1,3,7,7,7,10,12
11,12,21,50,38,72,91,56,86,116,131,138,119,114,101,79,30,1,0,7,2,1,2,6
8,12,21,43,74,87,85,63,71,101,111,108,88,94,72,58,13,6,0,10,3,0,0,5
10,12,29,51,70,57,76,52,57,106,108,77,70,52,44,27,17,0,0,6,7,6,6,5
9,13,14,51,54,60,64,50,51,68,81,80,65,53,42,14,24,0,7,12,10,8,10,6
6,11,14,51,60,93,74,56,55,65,105,73,59,56,52,11,7,5,6,17,13,2,4,6
10,3,12,51,114,107,65,63,54,50,67,72,70,70,13,9,0,7,7,8,2,0,0,6
3,0,0,24,99,97,76,70,45,52,60,69,65,60,14,14,9,4,5,5,4,0,6,7
0,0,0,8,50,55,69,67,20,26,56,63,56,58,28,14,0,0,0,2,7,0,9,6
0,0,0,0,0,29,54,47,21,13,22,59,62,55,46,11,4,0,0,0,0,0,0,0
0,0,5,0,2,14,50,50,50,15,46,57,66,79,57,14,12,0,0,11,9,7,1,3
0,0,0,1,4,11,35,50,48,28,39,55,67,82,55,14,8,0,0,0,7,0,0,0
0,0,2,0,3,0,50,50,50,36,37,55,63,72,59,14,10,0,0,6,0,2,3,0
0,0,0,0,1,0,21,51,52,19,25,60,73,69,56,12,10,8,9,5,0,6,0,3
0,0,4,6,8,2,13,45,40,25,14,57,75,75,58,10,4,0,2,0,0,0,3,0
1,0,0,4,8,9,13,35,36,7,12,54,64,54,50,13,9,5,9,7,0,0,8,9
0,1,0,0,5,3,4,11,5,9,11,11,82,51,23,11,7,8,5,5,8,7,6,0
0,0,1,8,9,6,3,13,11,1,5,8,26,13,10,6,3,6,0,4,7,0,6,6

0

0,1,13,29,50,14,4,4,4,5,0,0,0,6,1,0,0,8,5,5,4,3,10,5
10,11,42,53,51,50,7,12,11,14,13,11,8,11,6,12,12,0,4,12,13,7,5,7
13,53,58,46,14,13,14,38,22,14,14,10,18,8,9,4,12,14,9,12,10,2,9,4
41,56,45,15,14,37,12,11,11,7,10,10,3,7,2,7,0,0,11,5,5,7,4,4
58,60,56,0,8,8,12,73,113,131,137,106,54,14,0,0,4,5,11,10,2,0,0,0
58,77,51,9,14,48,82,138,217,367,351,205,79,44,23,14,12,9,7,2,3,0,0,0
76,67,64,28,59,72,104,150,200,231,218,167,92,46,9,10,12,10,4,8,12,4,6,3
102,82,81,68,91,103,115,140,159,175,159,134,88,54,7,0,4,1,6,1,8,7,8,5
117,107,103,100,100,101,106,133,159,153,156,137,101,55,38,14,7,0,0,6,5,1,0,6
98,93,75,68,67,73,87,77,87,115,162,153,105,76,36,11,10,13,12,12,9,10,9,9
28,37,45,39,50,53,60,81,107,140,172,143,118,94,55,50,25,5,7,3,11,8,9,6
15,13,28,38,48,51,57,103,131,152,169,143,115,93,62,53,11,0,14,0,0,7,9,0
34,22,30,36,44,51,58,93,123,145,154,144,129,109,78,14,9,8,13,7,7,0,13,9
0,5,12,20,48,52,70,106,116,135,147,138,126,110,102,37,0,0,10,4,0,0,0,3
4,0,2,14,51,51,58,101,80,77,107,118,114,110,101,49,5,0,0,0,0,5,8,5
0,7,4,7,55,59,54,90,80,68,80,90,107,101,63,55,12,0,0,0,10,13,6,0
4,5,3,14,54,67,81,81,64,72,89,84,101,63,55,52,14,2,0,0,3,0,0,0
8,19,11,31,42,49,53,57,77,98,119,112,92,84,55,54,36,11,8,8,10,3,8,6
0,0,11,11,48,62,95,89,80,115,129,135,132,99,88,100,53,13,11,12,5,0,7,7
0,0,4,12,41,56,62,103,110,108,130,144,196,211,147,127,97,26,6,7,11,9,0,3
0,0,0,14,19,34,60,62,62,81,138,147,203,209,148,129,101,14,4,12,10,1,2,6
3,0,1,12,12,17,40,59,86,112,127,156,187,183,138,112,90,31,14,10,8,11,7,8
7,3,11,22,25,23,47,99,79,114,157,186,187,180,143,114,104,48,6,12,12,0,1,3
6,0,0,11,37,50,96,106,107,128,162,179,177,174,141,115,102,27,11,6,11,9,1,0
0,0,6,11,62,53,15,76,102,129,153,161,158,159,128,111,100,12,7,7,0,0,0,9
4,3,14,35,68,100,91,98,105,130,144,148,149,133,113,106,76,0,0,5,0,0,4,2
0,7,11,47,14,62,65,72,101,122,136,134,139,117,107,102,37,1,3,7,7,7,10,13
11,12,23,50,43,73,92,56,87,116,131,138,119,114,101,79,29,0,0,7,2,1,2,6
8,13,22,47,75,87,84,63,71,101,111,108,88,93,72,57,13,6,0,10,3,0,0,4
10,12,29,51,70,57,76,51,57,106,108,77,70,52,43,27,17,0,0,6,7,6,6,5
9,13,16,51,55,60,64,50,51,68,81,80,65,53,42,13,23,0,7,12,10,8,10,6
6,11,14,51,60,93,74,56,54,65,105,73,59,56,52,11,7,5,6,17,13,2,4,6
11,3,12,51,114,107,65,63,54,50,67,72,70,70,13,9,0,7,7,8,2,0,0,6
3,0,0,23,100,98,76,70,46,52,60,69,66,60,14,14,9,4,5,5,4,0,6,7
0,0,0,8,50,55,69,67,20,26,56,63,56,58,28,14,0,0,0,2,7,0,9,6
0,0,0,1,0,29,54,47,21,13,22,60,62,54,45,11,4,0,0,0,0,0,0,0
0,0,5,0,2,14,50,50,50,15,45,57,66,79,57,14,12,0,0,11,9,7,1,3
0,0,0,1,4,11,35,50,47,29,40,55,67,81,54,14,8,0,0,0,7,0,0,0
0,0,2,0,4,0,50,50,50,38,36,55,63,72,59,14,10,0,0,6,0,2,3,0
0,0,0,0,1,0,21,51,52,19,25,60,73,69,55,12,10,8,9,5,0,6,0,3
0,0,4,6,8,2,13,46,40,25,14,56,75,75,58,10,4,0,2,0,0,0,3,0
1,0,0,4,8,9,13,35,37,7,12,54,63,53,50,13,9,5,9,7,0,0,7,9
0,1,0,0,5,3,4,11,5,9,11,11,82,51,23,11,7,8,6,5,8,7,6,0
0,0,1,7,9,6,3,13,11,1,5,8,26,13,10,6,3,6,0,4,7,0,6,6

0

0,3,13,29,50,14,4,5,4,6,0,0,0,6,2,0,0,8,5,5,4,3,10,5
11,11,42,53,52,50,7,12,11,14,13,12,8,11,6,13,12,0,4,12,13,7,5,7
13,53,58,46,14,13,14,41,23,14,14,10,19,8,9,4,13,14,9,12,10,2,9,4
43,56,45,15,14,37,12,11,11,8,10,10,2,7,2,7,0,0,11,5,5,8,4,4
58,60,56,0,8,8,12,73,113,131,137,106,55,14,0,0,5,5,11,10,2,0,0,0
58,77,50,9,14,48,83,138,217,367,352,205,78,44,23,14,12,9,7,3,3,0,0,0
77,67,64,29,59,72,104,150,199,231,218,167,92,45,9,10,12,10,4,8,12,4,6,3
102,82,81,69,92,103,115,140,159,175,159,134,88,54,7,0,5,2,6,1,8,7,8,5
117,107,104,100,100,102,107,134,160,154,157,137,101,55,39,14,7,0,1,5,5,1,0,6
99,93,75,68,67,73,88,77,87,115,163,154,105,77,40,12,10,13,12,12,9,10,9,9
28,37,45,39,50,53,61,82,107,140,172,143,118,94,56,51,25,5,7,3,12,8,9,6
16,13,30,38,49,51,58,104,132,152,170,143,115,93,62,53,11,0,14,0,0,7,9,0
33,23,31,36,45,51,58,94,123,146,155,144,129,109,78,16,9,8,13,7,7,0,13,9
1,6,12,22,46,52,70,106,116,135,147,138,127,110,102,37,0,0,10,4,0,0,0,3
4,0,2,14,51,51,57,101,80,77,107,118,114,110,101,49,4,0,0,0,0,5,8,5
0,7,4,7,55,59,54,89,80,67,80,90,107,101,62,55,12,0,0,0,11,13,6,0
5,5,3,14,54,67,80,80,63,72,88,84,101,63,55,52,14,2,0,0,3,0,0,0
8,20,11,32,42,48,53,56,77,97,119,112,91,84,54,54,36,11,8,8,10,2,7,6
0,0,11,11,48,62,94,88,79,115,129,134,132,99,88,100,52,13,11,12,5,0,6,7
0,0,3,12,41,56,62,103,110,108,129,143,197,213,147,127,97,26,6,7,11,9,0,3
0,0,0,14,19,34,61,61,61,81,138,147,205,210,148,129,101,14,4,12,10,1,2,6
3,0,2,12,12,17,41,60,86,112,127,156,187,183,138,112,90,31,14,10,8,11,6,8
7,3,11,22,25,24,48,100,80,114,157,186,187,179,143,114,104,47,6,12,12,0,1,3
6,0,0,11,40,51,98,107,108,128,163,179,177,174,140,114,102,23,10,6,11,9,1,0
0,0,6,11,62,55,19,77,102,130,154,161,159,159,128,111,100,11,7,7,0,0,0,9
4,3,14,35,70,100,94,100,105,130,144,148,149,133,113,106,76,0,0,5,0,0,4,2
0,7,11,47,16,62,65,72,101,122,136,134,140,117,107,102,37,1,3,7,7,7,10,13
11,12,25,51,48,73,93,56,87,116,131,138,119,114,101,79,28,0,0,7,2,1,2,6
8,13,24,47,75,88,85,63,71,101,111,108,88,93,72,57,13,6,0,10,3,0,0,4
10,12,31,52,70,57,77,52,57,105,108,77,70,52,43,26,17,0,0,6,7,6,6,5
9,13,18,51,55,60,64,50,51,68,81,80,65,53,42,13,23,0,7,12,10,8,10,6
6,11,14,50,60,94,74,56,54,65,105,73,59,56,52,11,7,5,6,16,12,1,4,6
10,3,12,51,114,107,65,63,54,50,67,72,70,70,13,9,0,7,7,8,2,0,0,6
3,0,0,24,100,98,76,70,45,52,60,69,65,60,14,14,9,4,5,5,4,0,6,7
0,0,0,8,50,55,69,67,20,27,56,63,56,58,28,14,0,0,0,2,7,0,8,6
0,0,0,1,0,29,54,48,21,13,22,59,62,54,46,11,4,0,0,0,0,0,0,0
0,0,5,0,2,14,50,48,50,15,46,57,66,79,57,14,12,0,0,11,9,7,1,3
0,0,0,2,4,11,36,50,46,29,39,55,67,81,54,14,8,0,0,0,7,0,0,0
0,0,2,0,4,0,50,50,50,37,37,56,63,72,59,14,10,1,0,6,0,2,3,0
0,0,0,0,1,0,22,51,52,18,25,60,73,69,55,12,10,8,9,5,0,6,0,3
0,0,4,6,9,2,13,46,40,25,14,56,74,75,58,10,4,0,2,0,0,0,3,0
1,0,0,4,8,9,13,36,36,7,12,54,64,53,50,13,9,5,9,7,0,0,7,9
0,1,0,0,5,3,4,11,5,9,11,11,82,50,23,11,7,8,5,5,8,7,6,0
0,0,1,7,9,6,3,13,11,1,5,8,26,13,10,6,3,6,0,4,7,0,6,6

0

1,4,13,29,50,14,5,5,4,6,0,0,0,6,2,0,0,8,5,6,4,3,10,5
11,12,42,53,52,50,8,12,11,14,13,12,8,11,6,13,12,0,4,12,13,7,6,7
13,53,58,46,14,13,14,40,24,14,14,10,21,8,9,5,13,14,9,12,10,2,9,4
43,56,44,15,15,39,12,11,11,7,10,10,3,7,2,7,0,0,11,5,5,8,4,4
58,60,56,0,8,8,12,74,113,131,137,106,55,14,0,0,5,6,11,10,2,0,0,0
59,77,51,9,14,48,82,138,217,367,351,204,78,44,24,14,12,9,7,3,3,0,0,0
77,67,64,29,59,72,104,151,200,231,219,167,92,45,9,10,12,10,4,8,12,4,6,3
103,82,81,69,92,103,115,140,159,175,159,134,88,54,7,0,5,2,6,1,8,7,8,5
117,108,104,100,100,102,107,134,160,154,157,137,101,55,40,14,7,0,1,6,5,1,0,6
99,94,75,69,67,74,88,77,87,115,163,154,106,77,41,12,11,13,12,12,9,10,9,9
28,37,45,39,50,53,61,83,108,140,173,143,118,94,56,51,25,6,7,3,12,8,9,5
17,13,31,39,49,51,58,104,132,153,170,143,115,93,62,53,11,0,14,0,0,7,9,0
34,24,33,37,45,51,59,96,124,146,155,144,129,109,79,15,9,8,13,7,7,0,13,9
1,6,12,22,48,52,70,106,117,136,147,138,126,110,102,36,0,0,10,4,0,0,0,3
4,0,2,14,51,51,57,101,80,78,107,118,114,110,101,49,4,0,0,0,0,5,8,5
0,8,4,7,55,59,54,89,80,67,80,90,107,101,63,55,12,0,0,0,11,13,6,0
5,5,3,14,54,66,80,80,63,72,88,84,101,63,55,52,14,2,0,0,3,0,0,0
9,20,11,31,42,48,53,56,77,97,118,112,91,84,54,54,36,11,8,8,10,2,7,6
0,0,11,11,47,61,95,87,79,115,129,134,132,100,88,100,52,13,11,12,5,0,6,7
0,0,3,12,41,56,62,103,110,107,129,143,198,214,147,127,95,25,6,7,11,9,0,3
0,0,0,14,19,34,61,61,61,81,137,147,206,212,148,129,101,14,4,12,10,1,2,6
3,0,2,12,12,18,41,60,86,112,127,156,188,184,138,112,90,30,14,9,8,11,6,8
7,3,11,22,25,25,48,100,80,114,158,186,188,179,143,114,103,46,6,12,12,0,1,3
6,0,0,11,43,52,98,107,108,129,163,180,177,174,141,114,102,23,10,6,11,9,1,0
0,0,7,11,63,56,19,77,102,130,154,161,159,159,128,111,98,11,7,7,0,0,0,9
4,4,14,36,71,100,95,100,105,130,144,148,149,133,113,106,76,0,0,5,0,0,4,2
0,7,11,46,19,62,65,72,101,122,136,134,139,117,107,102,37,1,3,7,7,7,10,13
11,13,28,51,48,73,93,57,87,116,131,138,119,114,101,78,29,0,0,7,2,1,2,6
8,13,24,47,75,87,85,63,71,101,111,108,88,93,71,56,13,6,0,10,3,0,0,4
11,12,33,52,70,58,77,52,57,105,108,77,70,52,43,26,17,0,0,6,7,6,6,5
9,13,19,51,55,60,64,50,51,68,81,80,65,53,42,13,23,0,7,12,10,8,10,6
6,11,14,51,60,93,75,56,54,65,105,73,59,56,52,11,7,5,6,16,13,1,4,6
10,3,13,51,114,107,65,63,54,50,67,72,70,70,13,9,0,7,7,8,2,0,0,6
3,0,0,24,100,98,76,70,45,52,60,69,65,60,14,14,9,4,5,5,4,0,6,7
0,0,0,8,50,55,69,67,21,27,56,63,56,58,27,14,0,0,0,2,7,0,8,6
0,0,0,1,0,29,54,47,22,13,23,60,62,54,45,11,4,0,0,0,0,0,0,0
0,0,5,0,2,14,50,48,51,15,46,57,66,79,57,15,12,0,0,11,9,7,1,2
0,0,0,2,4,11,36,50,47,30,39,55,67,81,54,14,8,0,0,0,7,0,0,0
0,0,2,0,4,0,50,50,50,37,37,55,63,72,59,14,10,1,0,6,0,2,3,0
0,0,0,0,1,0,23,51,52,19,25,60,73,69,56,12,10,8,9,5,0,6,0,3
0,0,4,6,9,2,13,45,40,25,14,56,74,75,58,10,4,0,2,0,0,0,3,0
1,0,0,4,8,9,13,35,35,7,12,54,64,54,50,13,9,5,9,7,0,0,8,9
0,1,0,0,5,3,4,11,5,9,11,11,82,50,23,11,7,8,5,5,8,7,6,0
0,0,1,7,9,6,3,13,11,1,5,8,26,13,10,6,4,6,0,4,7,0,6,6

0

1,5,13,28,50,14,5,5,4,6,0,0,0,6,2,0,0,8,5,5,4,3,10,5
11,12,42,53,51,50,8,12,12,14,13,12,9,11,6,13,12,0,4,12,13,7,6,7
14,53,58,47,14,13,14,38,24,14,14,10,19,8,9,5,13,14,9,12,10,2,9,4
44,56,44,16,14,39,12,11,11,7,10,10,3,7,3,8,0,0,11,5,5,8,4,5
58,59,56,0,8,8,12,73,113,130,136,105,54,14,0,0,5,6,11,10,2,0,0,0
59,77,51,9,14,48,82,138,216,365,350,204,78,44,24,14,12,9,7,3,4,0,0,0
77,67,64,30,59,71,104,151,200,231,219,167,92,44,9,10,12,10,5,8,12,5,7,3
103,83,82,69,92,103,116,140,160,177,160,134,87,54,7,0,6,2,6,1,8,7,8,5
117,108,104,100,100,102,107,134,161,155,158,138,100,54,39,14,7,0,1,6,5,1,0,6
99,94,76,69,67,73,88,77,87,115,164,154,104,76,38,12,11,13,12,12,9,10,9,9
28,37,45,38,50,53,61,82,107,141,173,143,117,93,55,51,25,5,7,3,12,8,9,5
18,13,32,40,49,51,58,104,132,153,171,143,115,93,62,53,11,0,14,0,0,7,9,0
34,23,33,37,45,52,59,95,124,146,156,145,130,109,78,16,9,8,12,7,7,0,13,9
1,6,13,23,50,52,70,107,117,137,149,139,127,111,102,37,0,0,10,4,0,0,0,3
4,0,3,14,51,51,58,101,81,78,108,119,114,110,101,49,5,0,0,0,0,5,8,5
0,8,5,8,55,60,54,90,81,68,81,91,108,101,63,55,12,0,0,0,11,13,6,0
5,5,3,14,54,68,80,81,64,73,89,84,101,63,55,52,14,2,0,0,3,0,0,0
9,20,11,32,42,49,53,57,78,98,119,112,91,83,54,54,36,11,8,8,10,3,8,6
0,0,11,11,48,62,95,88,80,115,129,134,132,99,87,100,52,13,11,12,5,0,6,7
1,0,4,13,41,56,63,104,110,108,130,143,193,206,146,127,96,26,6,6,11,9,0,3
0,0,0,14,20,34,61,62,62,81,138,147,200,206,148,129,101,14,4,12,10,1,2,6
3,0,2,12,13,18,41,60,87,112,128,156,186,183,138,112,90,31,14,9,8,11,6,8
7,3,11,22,25,25,48,100,80,114,157,185,187,179,142,114,104,47,6,12,12,0,1,3
6,0,0,11,39,50,96,107,107,128,162,179,177,174,141,115,102,26,11,6,11,9,1,0
0,0,6,11,62,54,17,75,102,130,154,161,159,159,128,111,100,12,7,7,0,0,0,9
4,3,14,35,70,100,94,100,105,130,145,148,149,134,113,106,77,0,0,5,0,0,4,2
0,7,11,46,17,61,65,71,101,122,136,134,140,117,107,102,38,1,3,7,7,7,10,13
11,13,27,51,48,73,93,56,86,116,131,138,119,114,101,79,30,0,0,7,2,1,2,6
8,13,23,47,75,87,85,63,71,101,111,108,88,93,72,57,13,6,0,9,3,0,0,4
11,12,33,52,70,58,77,52,57,105,108,77,70,52,44,27,17,0,0,5,7,5,6,5
9,13,19,51,55,60,64,50,51,68,81,80,65,53,42,14,23,0,7,12,10,8,10,6
6,11,14,51,60,94,75,56,55,65,105,73,59,56,52,11,7,5,5,16,12,1,4,6
11,3,13,51,114,107,65,63,54,50,67,72,70,70,13,9,0,7,7,8,1,0,0,6
3,0,0,25,99,97,76,70,46,52,60,69,65,59,14,14,9,4,5,5,4,0,6,7
0,0,0,8,50,55,69,67,20,28,56,63,56,58,28,14,0,0,0,2,7,0,8,6
0,0,0,1,0,29,54,49,22,13,22,60,62,55,46,11,4,0,0,0,0,0,0,0
0,0,5,0,2,14,50,50,50,15,46,57,66,79,57,15,12,0,0,11,9,7,1,2
0,0,0,2,4,11,37,50,47,29,39,55,67,82,55,14,9,0,0,0,7,0,0,0
0,0,2,0,4,0,50,50,50,38,38,56,63,72,59,14,10,1,0,6,0,2,3,0
0,0,0,0,1,0,24,51,52,19,25,60,73,69,55,12,10,8,9,5,0,6,0,3
0,0,4,6,8,2,13,46,40,25,14,56,74,75,58,10,4,0,2,0,0,0,3,0
1,0,0,4,8,9,13,36,37,7,12,54,64,53,50,13,9,5,9,7,0,0,7,9
0,1,0,0,5,3,4,11,5,9,11,11,82,51,23,11,7,8,5,5,8,7,6,0
0,0,1,7,9,6,3,13,11,1,5,8,27,13,10,6,4,6,0,4,7,0,6,6

0

2,6,13,28,50,14,5,5,4,6,0,0,0,6,2,0,0,8,5,5,4,3,10,5
11,12,43,53,52,50,8,12,12,14,13,12,9,11,6,13,12,0,5,12,13,7,6,7
14,53,58,46,14,13,14,38,23,14,14,10,21,8,9,5,13,14,9,12,10,2,9,4
43,56,45,15,14,38,12,11,11,7,11,10,3,8,3,8,0,0,11,5,6,8,5,5
59,59,56,0,9,8,12,73,113,130,136,105,54,14,0,0,5,6,12,10,2,0,0,0
59,77,51,9,14,48,82,137,216,364,350,205,78,44,24,14,12,9,7,3,4,0,0,0
77,67,64,29,59,71,104,150,200,231,219,166,92,44,10,10,12,10,5,8,12,5,7,3
103,83,82,69,92,103,115,140,160,176,160,134,87,54,7,0,6,2,6,1,8,7,8,5
118,108,104,100,100,102,107,134,160,155,158,137,100,54,39,14,7,0,1,6,5,1,0,6
99,94,76,69,67,73,88,77,87,115,163,153,104,75,40,12,11,13,12,12,9,11,9,9
28,37,45,39,50,53,61,82,107,140,172,142,117,93,55,51,25,5,7,3,12,8,9,5
18,13,30,39,50,51,58,104,132,152,169,143,114,92,62,53,11,0,14,0,0,7,9,0
35,24,32,37,46,52,59,95,124,146,156,145,129,109,79,17,9,8,12,7,7,0,13,9
1,6,12,25,50,52,70,107,117,137,148,139,127,111,102,39,0,0,10,4,0,0,0,3
5,0,3,17,51,51,58,102,82,79,108,119,114,110,101,50,5,0,0,0,0,6,8,5
0,8,6,9,56,60,54,92,82,68,81,92,108,101,63,55,12,0,0,0,11,13,6,0
5,6,4,14,55,69,83,83,64,73,90,85,101,63,55,52,14,2,0,0,4,0,0,0
9,20,11,32,42,49,54,57,79,99,121,113,92,84,55,54,36,11,8,8,10,2,8,6
0,0,11,12,50,64,97,90,81,116,130,135,132,98,87,100,53,13,11,12,5,0,6,7
1,0,4,13,44,57,63,104,111,109,131,144,190,201,146,127,97,26,6,6,11,8,0,3
0,0,0,14,20,34,61,62,62,82,139,147,197,204,148,129,102,14,4,12,10,1,2,6
4,0,2,12,12,19,43,61,87,113,128,155,185,183,138,112,92,31,14,9,8,11,6,8
7,3,11,22,25,25,48,100,80,114,157,185,186,179,142,114,104,48,6,12,12,0,0,3
6,0,0,11,37,50,93,107,107,128,162,179,177,174,140,115,102,28,11,6,11,9,1,0
0,0,6,11,62,54,16,76,102,130,153,161,159,158,128,111,100,12,7,7,0,0,0,9
4,3,14,33,69,100,94,100,105,130,145,148,149,133,113,106,77,0,0,5,0,0,4,2
0,7,11,46,16,62,64,71,101,122,136,134,139,117,107,102,38,1,3,7,7,7,10,12
11,13,28,50,48,72,93,56,87,116,131,138,119,114,101,79,30,0,0,7,2,1,2,6
8,13,24,46,75,87,85,62,71,101,111,108,88,93,72,57,13,6,0,9,2,0,0,4
11,12,33,51,70,57,77,52,57,105,108,77,70,52,43,27,17,0,0,5,7,5,6,5
9,13,19,51,55,60,64,50,51,68,81,80,65,53,42,14,23,0,7,12,10,8,10,6
6,11,14,51,60,93,74,56,55,65,105,73,59,56,52,11,7,5,5,16,12,1,4,6
11,3,13,51,114,107,65,63,54,50,67,72,70,70,13,9,0,7,7,8,2,0,0,6
3,0,0,25,99,97,76,70,45,52,60,69,65,59,14,14,9,4,5,5,4,0,6,7
0,0,0,8,50,55,69,67,20,27,56,63,56,58,27,14,0,0,0,2,7,0,8,6
0,0,0,1,0,29,54,47,22,13,23,60,62,55,45,11,4,0,0,0,0,0,0,0
0,0,5,0,2,14,50,50,50,15,46,57,66,79,57,14,12,0,0,11,9,7,1,2
0,0,0,2,4,11,37,50,47,28,40,55,67,82,54,14,9,0,0,0,7,0,0,0
0,0,2,0,4,0,50,50,50,37,37,56,63,72,59,14,10,1,0,6,0,2,3,0
0,0,0,0,1,0,22,51,52,19,25,60,73,69,56,12,10,8,9,5,0,6,0,3
0,0,4,7,9,2,13,47,40,25,16,56,75,75,58,10,4,0,2,0,0,0,3,0
1,0,0,4,8,9,13,36,37,7,12,54,64,53,50,13,9,5,9,7,0,0,7,9
0,1,0,0,5,3,4,11,5,9,11,11,82,51,23,11,7,8,5,5,8,7,6,0
0,0,1,7,9,6,3,13,11,1,5,8,27,13,10,6,4,6,0,4,7,0,6,6

0

3,7,13,28,50,14,5,5,4,6,0,0,0,6,2,0,0,8,5,5,4,3,10,5
11,12,43,53,52,50,8,12,12,14,13,12,9,11,6,13,12,0,5,12,13,7,6,7
14,53,58,47,14,14,14,40,27,14,14,10,22,8,9,6,13,14,9,12,10,2,9,4
43,56,44,15,15,39,12,11,11,7,10,10,3,8,3,8,0,0,11,5,6,8,5,5
59,59,56,0,9,8,12,74,113,130,136,105,54,14,0,0,6,6,12,10,2,0,0,0
59,77,51,9,14,48,82,138,216,364,349,204,78,44,24,15,12,9,7,3,4,0,0,0
77,67,64,30,59,72,104,150,200,231,219,166,92,45,10,10,12,10,5,8,12,5,7,3
103,83,82,69,92,103,116,140,160,176,160,134,88,54,7,0,6,3,6,1,8,7,8,5
118,108,104,100,100,102,107,134,160,155,157,137,100,55,41,14,7,0,1,6,5,1,0,6
99,94,76,69,67,73,88,77,87,115,163,154,105,76,44,12,11,13,12,12,9,11,9,9
28,37,45,39,50,53,61,82,108,141,173,142,118,94,56,51,26,5,7,3,12,8,9,5
17,13,32,39,49,51,58,104,132,152,170,143,115,93,62,53,11,0,14,0,0,7,9,0
36,25,34,38,46,52,59,96,124,146,155,145,129,109,79,18,9,8,13,7,7,0,13,9
2,6,13,25,48,52,70,107,117,136,148,138,127,111,102,37,0,0,10,4,0,0,0,3
5,0,3,17,51,51,58,101,81,78,108,118,114,110,101,49,4,0,0,0,0,5,8,5
0,8,6,9,56,60,54,90,81,68,81,91,107,101,62,55,12,0,0,0,11,13,6,0
5,6,4,14,55,68,81,81,64,73,89,84,101,63,55,52,14,2,0,0,3,0,0,0
9,20,11,32,42,49,53,57,78,98,120,112,91,84,55,54,36,11,8,8,10,3,7,6
0,0,11,12,50,62,96,90,80,116,129,135,132,99,88,100,53,13,11,12,5,0,6,7
1,0,4,13,42,57,63,104,110,108,130,143,193,208,146,127,96,26,6,6,11,9,0,3
0,0,0,15,20,34,61,62,62,82,138,147,201,209,148,129,101,14,4,12,10,1,2,6
3,0,2,12,13,20,43,61,87,112,128,156,187,183,138,112,90,30,14,9,8,11,6,8
7,3,11,23,25,25,49,100,81,114,158,185,187,180,143,114,104,47,6,12,12,0,1,3
6,0,0,11,40,51,97,107,108,129,163,179,177,174,141,115,102,26,10,6,11,9,1,0
0,0,7,12,63,55,19,77,102,130,154,161,159,159,128,111,99,12,7,7,0,0,0,9
4,4,14,35,70,100,97,100,105,130,145,148,149,134,113,106,76,0,0,5,0,0,4,2
0,7,12,47,20,62,66,73,101,122,136,134,140,117,107,102,38,1,3,7,7,7,10,13
11,13,29,51,50,73,94,56,87,116,131,138,119,114,101,79,30,0,0,7,2,1,2,6
8,13,25,47,77,88,86,64,71,101,111,108,88,93,72,57,13,6,0,10,2,0,0,4
11,12,33,51,70,57,77,52,57,105,108,77,70,52,43,27,17,0,0,5,7,5,6,5
9,13,21,51,55,60,64,50,51,68,81,80,65,53,41,13,23,0,7,12,10,8,10,6
6,11,14,51,60,93,74,56,54,65,105,73,59,56,52,11,7,5,5,16,12,1,4,6
11,3,13,51,114,107,65,63,54,50,67,72,70,70,13,9,0,7,7,8,2,0,0,6
3,0,0,24,100,98,76,69,45,52,60,69,65,60,14,14,9,4,5,5,4,0,6,7
0,0,0,8,50,55,69,67,22,27,56,63,56,58,27,14,0,0,0,2,7,0,8,6
0,0,0,2,0,29,54,47,21,13,22,60,62,54,44,11,4,0,0,0,0,0,0,0
0,0,5,0,3,14,50,50,50,15,46,57,66,79,57,15,12,0,0,11,9,7,1,2
0,0,0,2,5,11,36,50,47,29,40,55,67,81,54,14,8,0,0,0,7,0,0,0
0,0,3,0,4,0,50,50,50,38,37,56,63,72,59,14,10,1,0,6,0,2,3,0
0,0,0,0,2,0,23,51,52,19,25,60,73,69,55,12,10,8,9,5,0,6,0,3
0,0,4,7,9,2,13,46,40,25,14,57,75,75,58,10,4,0,2,0,0,0,3,0
1,0,0,4,8,9,13,35,37,7,12,54,63,53,50,13,9,5,9,7,0,0,7,9
0,1,0,0,5,3,4,11,5,9,11,11,82,51,23,11,7,8,5,5,8,7,6,0
0,0,1,8,9,6,3,13,11,1,5,8,27,13,10,6,4,6,0,4,7,0,6,6

0

6,7,13,28,50,14,5,5,5,6,0,0,0,6,2,0,0,8,5,6,4,3,10,5
11,12,43,53,51,50,8,12,12,14,13,12,9,11,6,14,12,0,5,12,13,7,6,7
14,53,58,47,14,13,14,41,24,14,14,10,21,8,9,6,13,14,9,12,10,2,9,5
44,56,44,15,15,39,12,11,11,7,10,10,3,8,3,8,0,0,11,6,6,8,5,5
59,59,56,0,9,9,12,74,113,130,136,105,54,14,0,0,6,6,12,10,2,0,0,0
59,77,51,10,14,48,82,137,216,364,350,204,78,44,24,15,12,9,7,3,4,0,0,0
78,67,64,31,59,71,104,150,199,231,219,166,92,46,10,10,12,10,5,8,12,5,7,3
103,83,82,69,92,103,116,140,160,175,159,134,88,55,7,0,6,3,7,1,8,7,8,5
118,108,105,101,101,102,107,134,160,155,157,137,101,55,43,14,7,0,1,6,5,1,0,6
99,94,76,69,67,74,88,77,87,116,164,154,106,77,47,12,11,13,12,12,9,11,9,9
28,37,45,39,50,53,61,83,108,141,173,143,118,95,56,51,26,6,7,3,12,8,9,6
19,14,32,39,50,51,58,105,133,153,170,143,115,93,63,54,11,0,14,0,0,7,9,0
36,26,34,38,48,52,59,97,124,146,155,145,129,109,79,17,9,8,13,7,7,0,13,9
2,6,13,25,50,53,70,107,117,136,148,138,127,110,102,37,0,0,10,4,0,0,0,3
5,0,3,15,51,51,58,101,81,78,107,118,114,110,101,49,4,0,0,0,0,6,8,5
1,8,6,9,55,60,54,90,81,68,80,90,107,101,63,55,12,0,0,0,11,13,7,0
5,6,4,14,54,68,80,81,63,72,88,84,101,63,55,52,14,2,0,0,3,0,0,0
9,20,11,32,42,49,53,57,77,97,119,112,91,84,54,54,36,11,8,8,10,3,7,5
0,0,11,11,48,62,95,88,79,115,129,134,132,100,88,100,52,13,11,12,5,0,6,7
1,0,4,13,41,56,63,104,110,108,129,143,196,213,147,127,96,25,6,6,11,9,0,3
0,0,0,15,20,34,61,62,61,81,138,147,204,211,148,129,101,14,4,12,10,1,2,6
4,0,2,12,13,20,43,61,87,112,128,157,187,184,138,112,89,30,14,9,8,11,6,8
7,3,11,23,26,26,49,100,81,114,158,187,188,180,143,114,103,46,6,12,12,0,1,3
6,0,0,12,43,54,100,107,108,129,163,180,178,174,141,114,102,22,10,6,11,9,1,0
0,0,7,12,65,57,22,77,102,130,154,162,159,159,128,111,98,11,7,7,0,0,0,9
4,4,15,37,71,100,97,100,106,130,145,148,149,134,113,106,75,0,0,5,0,0,4,2
0,8,12,47,24,63,66,72,101,122,136,134,140,117,107,102,37,1,3,7,7,7,10,12
11,13,30,51,52,73,94,57,86,116,131,138,119,114,101,77,28,0,0,7,2,1,2,6
8,13,25,47,76,88,86,63,71,101,111,108,88,93,72,56,13,6,0,10,2,0,0,4
11,12,33,51,70,57,77,52,57,105,108,77,70,52,43,26,17,0,0,5,7,5,6,5
9,13,23,51,55,61,64,50,52,68,81,80,65,53,42,13,22,0,7,12,10,8,10,6
6,11,14,51,60,93,74,56,54,65,105,73,59,56,52,11,7,5,5,16,12,1,4,6
11,3,13,51,114,107,65,63,54,50,67,72,70,70,13,9,0,7,7,8,1,0,0,6
3,0,0,24,100,98,75,69,45,52,60,69,65,60,14,14,9,4,5,5,4,0,6,7
0,0,0,8,50,55,69,67,20,27,56,63,56,58,27,14,0,0,0,2,7,0,8,6
0,0,0,2,0,29,54,47,22,13,23,60,62,55,45,11,4,0,0,0,0,0,0,0
0,0,5,0,3,14,50,50,50,15,48,57,66,79,57,14,12,0,0,11,9,7,1,3
0,0,0,2,5,11,40,50,47,30,41,55,67,81,54,14,8,0,0,0,7,0,0,0
0,0,3,0,4,0,50,50,50,38,37,56,63,72,59,14,10,1,0,6,0,2,3,0
0,0,0,0,2,0,23,51,52,19,26,60,73,69,55,12,10,8,9,5,0,6,0,3
0,0,4,7,9,2,13,46,40,25,14,57,75,75,58,10,4,0,2,0,0,0,3,0
1,0,0,5,8,9,13,36,36,7,12,54,63,53,50,13,9,5,9,7,0,0,7,9
0,1,0,0,5,3,4,11,5,9,11,11,82,51,23,11,7,8,5,5,8,7,6,0
0,0,1,8,9,6,3,13,11,1,5,8,26,13,10,6,3,6,0,4,7,0,6,6

2

6,8,13,29,50,14,5,5,4,6,0,0,0,6,2,0,0,8,5,5,4,3,10,5
11,12,43,53,52,50,8,12,12,14,13,12,9,11,6,14,12,0,5,12,13,7,6,7
14,53,57,47,14,13,14,38,26,14,14,10,21,8,9,6,13,14,9,12,10,2,9,5
44,56,44,15,15,38,12,11,11,7,10,10,3,8,3,8,0,0,11,6,6,8,5,5
59,59,56,0,9,9,12,73,112,129,135,105,54,14,0,0,6,6,12,10,2,0,0,0
59,77,51,10,14,48,82,137,214,362,348,203,78,44,25,15,12,9,7,3,4,0,0,0
78,68,64,30,59,71,104,150,199,230,219,166,92,46,10,11,12,10,5,8,12,5,7,3
104,83,82,70,92,103,116,140,160,176,159,134,87,55,7,0,6,3,7,1,8,7,8,5
118,109,105,101,101,102,107,134,161,155,158,138,101,55,43,14,7,0,1,6,5,1,0,6
100,95,76,69,67,74,88,77,87,116,164,155,106,77,49,12,11,13,12,12,9,11,9,9
28,37,45,39,50,53,61,83,109,142,174,143,118,95,57,51,26,6,7,3,12,8,9,6
19,14,32,40,50,51,58,105,133,153,171,143,115,93,63,54,12,0,14,0,0,7,9,0
35,26,35,38,46,52,59,98,125,146,156,145,130,109,79,18,10,8,12,7,7,0,13,9
3,7,13,26,50,53,71,107,117,136,148,138,126,111,102,37,0,0,10,4,0,0,0,3
5,0,3,15,51,51,58,101,81,78,107,118,114,110,101,48,4,0,0,0,0,6,8,5
1,8,6,8,55,59,54,90,80,68,80,90,107,101,63,55,12,0,0,0,11,13,6,0
5,6,4,14,54,67,80,80,63,72,88,84,101,63,55,52,14,2,0,0,3,0,0,0
9,20,11,32,42,49,53,56,77,97,119,112,91,84,55,54,36,11,8,8,10,2,7,5
0,0,11,11,48,62,95,88,79,115,129,134,132,100,88,100,52,13,11,12,5,0,6,7
1,0,4,13,42,56,63,104,110,108,129,143,196,214,147,127,96,26,6,6,11,9,0,3
0,0,0,15,20,34,61,62,61,81,138,147,204,211,148,129,101,14,4,12,10,1,2,6
4,0,2,12,13,20,43,61,87,112,128,157,188,184,138,112,90,30,14,9,8,11,6,8
7,3,11,23,26,26,49,100,81,114,158,186,188,180,143,114,103,46,6,12,12,0,1,3
6,0,0,12,43,53,100,107,108,129,163,180,178,174,141,114,102,22,10,6,11,9,1,0
0,0,7,12,64,60,22,77,102,130,154,162,159,159,128,111,98,11,7,7,0,0,0,9
4,4,15,37,72,100,97,100,105,130,145,149,149,134,113,106,75,0,0,5,0,0,4,2
0,8,12,47,24,63,66,72,101,123,136,134,140,117,107,102,36,1,3,7,7,7,10,12
12,13,31,51,53,73,94,57,87,116,131,138,119,114,101,79,29,0,0,7,2,1,2,6
8,13,25,48,75,88,85,63,71,101,111,108,88,93,72,56,14,6,0,10,2,0,0,4
11,12,34,52,70,58,77,52,57,105,108,77,70,52,43,26,17,0,0,5,7,5,6,5
9,13,21,51,55,60,64,50,51,68,81,80,65,53,41,13,23,0,7,12,10,8,10,6
7,11,14,51,60,93,74,56,54,65,105,73,59,56,52,11,7,5,5,16,12,1,4,6
11,3,13,51,116,107,65,63,54,50,66,72,70,70,13,9,0,7,7,8,2,0,0,5
4,0,0,27,100,97,76,69,45,52,60,68,65,60,14,14,9,4,5,5,4,0,6,6
0,0,0,9,50,55,69,67,20,28,56,63,56,59,28,14,0,0,0,2,7,0,8,6
0,0,0,2,0,30,54,47,21,13,23,60,62,55,46,12,4,0,0,0,0,0,0,0
0,0,5,0,3,14,50,50,50,15,46,57,66,80,57,15,12,0,0,11,9,7,1,2
0,0,0,2,5,11,39,50,46,31,40,55,67,82,55,14,9,0,0,0,7,0,0,0
0,0,3,1,5,0,50,50,50,38,37,55,63,72,59,14,10,1,0,6,0,2,3,0
0,0,0,0,2,1,25,52,52,20,26,60,73,69,55,12,10,8,9,5,0,5,0,3
0,0,4,7,9,2,13,46,40,26,14,56,74,75,58,10,5,0,2,0,0,0,3,0
1,0,0,4,8,9,13,37,37,7,12,54,63,54,50,13,9,5,9,7,0,0,7,9
0,1,0,0,5,3,5,12,6,9,11,11,82,51,24,11,7,8,5,5,8,7,6,0
0,0,1,7,9,6,3,13,11,1,5,8,26,13,10,6,4,6,0,4,7,0,6,6

2

7,8,13,26,44,14,4,5,4,6,0,0,0,6,2,1,0,8,6,6,5,3,10,6
10,12,41,53,51,41,7,11,11,14,13,11,8,11,6,14,12,0,5,12,13,7,6,8
14,53,57,45,14,13,13,31,15,14,13,9,14,8,9,6,13,14,10,13,10,3,9,5
48,56,43,15,13,32,10,10,11,6,9,9,2,7,2,8,0,0,11,6,6,8,5,5
61,60,56,0,6,7,10,68,108,118,122,87,51,12,0,0,6,6,13,11,3,0,0,0
61,79,53,10,14,44,77,127,200,342,334,179,72,41,22,14,11,10,8,3,5,0,0,0
84,71,68,37,59,71,101,144,194,229,205,146,80,36,9,10,11,10,6,9,12,5,7,3
115,93,93,74,95,104,114,137,154,171,159,132,81,52,7,1,7,2,7,1,8,7,9,5
138,129,119,107,103,102,105,129,156,152,160,140,98,53,41,15,6,0,0,5,5,1,0,6
129,117,89,76,70,72,84,72,84,113,165,157,105,75,43,12,11,14,12,12,9,11,9,9
40,45,50,44,50,52,59,78,107,144,174,148,124,94,56,51,21,4,6,3,11,8,9,6
39,41,44,42,47,49,56,101,131,155,172,146,121,100,63,55,13,1,14,0,0,7,10,0
31,36,41,36,36,44,56,85,121,146,156,146,134,112,83,29,10,9,13,8,7,0,12,9
6,10,28,23,35,33,60,104,113,134,146,139,129,113,103,50,0,0,10,4,0,0,0,3
4,5,9,14,24,36,50,95,76,76,106,119,115,112,101,51,5,0,0,0,0,5,8,6
4,5,2,9,13,19,50,79,77,68,82,93,109,102,63,55,12,0,0,0,11,13,7,0
7,6,4,13,31,45,64,72,63,73,93,88,103,64,55,52,15,2,0,0,3,0,0,0
9,25,11,28,35,41,46,52,76,102,126,121,100,90,55,54,36,11,8,8,10,2,6,5
0,0,8,7,13,27,75,79,79,118,135,143,147,110,90,100,53,13,12,12,5,0,6,7
2,0,3,11,13,14,53,99,107,108,134,158,240,198,146,128,101,40,7,7,11,8,0,3
3,0,5,15,14,17,24,52,58,76,139,159,213,192,149,133,104,39,7,13,10,1,2,6
5,2,4,14,24,13,13,28,60,104,124,160,195,190,142,119,105,49,21,10,8,11,6,7
9,6,14,21,24,22,36,51,52,106,149,189,195,189,148,122,110,78,13,14,12,0,0,3
9,0,0,11,21,14,32,87,103,122,159,183,185,184,146,119,105,77,31,6,11,9,0,0
1,1,6,9,17,13,11,13,101,126,155,166,164,166,132,114,102,51,12,8,0,0,0,8
5,6,13,12,8,11,33,87,105,129,147,153,154,137,115,107,100,2,1,5,0,0,1,1
0,9,8,14,6,16,23,58,101,123,138,138,142,120,109,104,59,4,4,7,6,4,9,12
12,12,13,14,7,41,67,53,87,117,134,141,122,117,103,88,44,2,0,6,1,0,2,6
9,13,14,11,47,71,72,58,72,103,113,110,92,98,79,65,16,5,0,10,1,0,0,4
11,12,19,12,51,55,72,50,58,107,111,80,72,53,45,31,19,0,0,5,6,4,6,5
10,14,14,27,38,57,61,47,51,71,85,83,66,54,45,20,24,0,6,11,9,7,10,6
7,11,13,14,53,75,68,54,54,71,107,76,60,57,54,12,8,5,5,12,13,0,4,6
10,3,9,12,59,62,55,59,53,57,74,73,72,71,14,10,1,7,6,8,2,0,0,5
6,0,0,8,39,57,64,64,35,58,75,69,67,60,15,14,10,4,5,5,4,0,6,6
0,0,0,0,14,19,56,62,18,46,62,64,59,60,31,15,0,0,0,2,7,0,8,6
0,0,0,1,2,9,50,34,14,13,37,62,65,57,49,13,5,0,0,0,0,0,0,0
0,0,7,3,2,11,27,42,50,14,50,59,69,86,60,17,13,0,0,11,9,7,1,2
0,0,0,4,4,10,14,46,47,29,41,58,71,88,56,19,9,0,0,0,7,0,0,0
0,0,5,0,1,0,30,44,50,38,38,58,66,75,61,15,10,1,0,6,0,2,2,0
0,0,0,0,1,0,13,50,52,20,25,62,75,71,57,13,10,8,9,5,0,5,0,3
0,0,4,6,6,3,11,43,41,25,15,57,75,77,60,11,5,0,3,0,0,0,4,0
2,2,0,3,5,8,13,38,48,9,12,54,64,54,51,14,8,5,9,7,0,0,7,9
0,2,0,0,4,3,5,19,13,11,12,11,80,51,25,11,6,8,6,5,7,7,6,0
0,0,2,8,9,6,4,15,14,6,6,7,25,13,10,5,3,6,0,4,7,0,6,6

2

8,7,12,22,34,13,4,5,6,8,0,0,0,6,2,1,0,8,6,7,5,4,11,5
10,10,31,52,51,35,5,10,10,14,13,11,8,11,6,15,12,0,6,13,13,7,6,8
22,53,56,50,13,12,12,26,14,14,13,9,14,9,9,7,13,14,10,13,10,3,10,5
50,55,43,21,11,28,9,10,11,4,7,9,2,7,2,8,0,0,11,7,6,8,4,5
61,60,56,2,5,5,5,56,100,102,110,77,48,11,0,0,7,6,14,11,2,0,0,0
62,80,55,10,14,34,69,114,189,305,306,172,73,41,23,13,11,10,8,2,5,0,0,0
88,75,72,42,59,70,99,145,200,232,197,143,79,48,9,10,11,10,5,9,12,5,7,3
125,101,101,79,97,106,116,137,154,172,162,133,82,54,8,2,8,2,7,0,8,7,8,5
153,145,129,113,107,104,105,125,154,151,161,141,98,55,46,20,6,0,0,4,5,1,0,6
151,137,102,83,74,73,82,70,84,113,165,159,108,78,51,13,12,14,12,12,9,11,9,9
50,50,52,46,50,52,57,74,106,144,175,150,125,97,58,52,18,5,6,1,10,7,9,5
42,44,47,43,45,45,53,92,128,153,172,148,125,102,66,57,13,2,13,0,0,7,10,0
34,37,42,35,32,42,53,74,116,145,155,147,137,115,90,52,11,10,12,8,7,0,12,9
8,12,30,20,27,14,54,101,107,130,144,139,131,116,104,64,1,0,10,4,0,0,0,3
6,7,10,14,14,18,14,79,69,73,104,118,116,113,102,56,6,0,0,0,0,5,9,6
5,6,4,8,12,27,22,69,72,66,80,92,109,103,65,57,18,0,0,0,10,13,7,0
8,8,5,13,22,37,56,63,60,72,91,87,104,65,56,53,35,3,0,0,3,0,0,0
9,26,12,25,33,39,39,48,71,98,124,120,100,94,58,56,38,13,9,9,10,2,6,5
0,0,10,9,12,13,51,67,73,115,132,141,146,112,94,102,57,16,13,13,5,0,6,7
10,3,6,10,11,12,33,74,101,101,128,149,214,194,150,132,104,59,9,7,11,8,0,2
6,6,6,14,12,13,13,26,54,67,130,147,199,195,157,140,108,59,13,14,10,0,1,5
6,4,5,14,25,14,14,14,33,82,113,149,193,196,150,129,114,70,33,11,7,12,7,7
9,8,15,20,24,19,32,40,34,96,140,182,194,193,157,131,117,95,32,22,13,0,0,2
9,0,0,10,21,14,19,35,100,115,151,180,184,187,151,127,109,100,60,10,11,9,0,0
3,2,7,9,23,13,13,14,92,121,151,164,164,168,135,118,104,78,17,8,0,0,0,8
6,6,12,10,8,9,20,68,103,126,145,153,154,138,118,108,101,8,3,6,0,0,0,0
0,9,4,13,2,9,14,47,100,121,137,137,142,121,110,104,74,6,5,7,4,0,7,11
11,10,10,10,5,28,52,50,83,116,133,141,122,117,104,93,55,4,0,5,0,0,2,5
8,11,10,10,36,64,65,50,70,102,113,110,93,99,81,70,30,5,0,9,0,0,0,3
10,11,13,9,46,53,68,43,57,107,110,79,72,53,46,34,20,0,0,5,5,4,6,5
9,13,12,18,40,54,59,45,51,71,85,83,66,55,47,24,25,0,7,12,10,7,10,6
6,9,10,12,46,67,66,52,54,73,107,76,60,57,57,13,9,5,6,14,12,0,4,6
9,0,5,9,52,59,54,57,53,59,77,74,72,72,14,10,2,7,7,8,2,0,0,5
7,0,0,3,17,56,60,62,33,61,80,69,68,61,15,15,10,5,6,5,4,0,5,6
0,0,0,0,13,32,57,62,20,50,63,65,59,61,31,16,0,0,0,2,7,0,8,6
0,0,0,0,0,11,51,40,14,13,42,63,66,57,49,13,4,0,0,0,0,0,0,0
0,0,7,3,0,12,45,46,48,14,50,60,70,88,60,17,13,0,0,11,9,7,1,2
0,0,0,4,4,10,31,50,48,28,42,58,72,90,57,18,9,0,0,0,7,0,0,0
0,0,3,0,2,0,46,49,50,39,38,59,67,76,61,14,10,1,0,6,0,2,3,0
0,0,0,0,0,2,27,52,53,20,26,63,76,71,57,13,10,8,9,5,0,5,0,3
0,0,4,7,5,3,21,49,42,25,24,57,75,77,60,11,6,0,3,0,0,0,4,0
3,1,0,2,7,9,19,47,50,9,13,54,64,54,51,14,9,5,9,7,0,0,7,9
0,3,0,1,5,5,6,47,15,10,14,12,82,52,25,11,7,8,6,5,8,7,6,0
1,0,4,8,9,6,5,38,14,7,7,8,30,14,10,5,4,5,0,4,7,0,6,6

2

7,6,12,24,39,13,5,5,6,8,0,0,0,6,2,1,0,8,6,6,5,4,11,6
9,10,33,52,51,32,6,10,11,14,13,11,8,11,6,14,12,0,6,13,13,7,6,8
25,54,56,50,14,12,12,28,17,14,13,9,14,8,9,7,14,14,11,13,10,3,10,5
51,56,43,21,12,30,10,10,11,3,6,8,1,6,2,8,1,2,12,7,6,8,4,4
63,61,56,4,3,7,6,55,95,94,100,73,41,10,0,0,7,6,14,11,2,0,0,0
63,82,54,10,14,34,69,114,188,298,292,161,68,38,22,13,11,10,8,4,5,0,0,0
93,77,73,46,59,71,102,151,217,251,208,137,71,36,9,10,12,11,6,9,13,6,7,3
135,105,105,85,103,111,124,145,166,184,171,133,77,51,8,2,8,4,8,1,8,7,8,5
173,166,143,128,118,114,114,135,164,160,169,143,93,53,44,26,6,0,0,5,5,1,0,6
184,163,122,100,85,81,89,76,89,124,170,159,104,71,40,13,12,14,13,12,9,11,10,9
55,55,55,50,51,53,59,79,118,157,178,143,112,84,50,50,20,7,7,3,12,9,9,6
50,50,50,47,49,49,54,99,137,161,174,142,111,83,58,51,12,1,13,0,0,7,10,0
41,43,46,40,32,44,53,74,118,148,152,143,130,107,60,13,13,10,12,8,9,0,13,10
11,15,35,27,24,14,53,100,102,121,138,132,124,108,90,13,1,0,10,5,0,0,0,3
7,12,12,14,14,13,29,66,62,64,93,112,111,103,76,29,5,0,0,0,0,5,8,5
0,5,8,11,12,9,14,50,58,60,75,89,106,89,55,25,11,0,0,0,9,13,6,0
9,7,7,13,22,22,14,55,55,64,79,80,100,62,51,27,12,5,0,0,1,0,0,0
9,25,10,27,32,36,37,43,59,83,109,109,89,71,47,43,29,13,10,11,11,2,8,6
0,0,7,10,11,10,37,44,62,103,124,134,125,83,70,67,25,13,9,11,6,2,8,8
10,8,9,4,10,9,13,51,81,84,117,141,154,131,117,105,64,14,6,7,11,8,0,3
6,10,9,16,14,12,11,14,24,63,127,150,173,144,126,110,93,36,11,10,9,0,1,6
6,4,4,14,27,22,13,15,23,57,115,178,187,151,109,105,93,51,25,11,10,11,7,7
9,9,17,13,22,16,32,36,34,100,149,186,192,176,133,115,107,80,23,21,13,0,1,2
7,7,5,11,17,14,35,47,100,119,153,168,192,175,136,116,104,82,51,10,13,10,0,0
4,2,7,9,23,13,13,47,100,127,149,146,165,147,126,111,101,51,15,8,0,0,1,8
6,6,11,11,7,8,13,38,103,129,145,133,141,128,113,104,79,2,2,6,0,0,5,2
1,9,4,13,4,9,12,35,101,124,134,121,130,116,106,101,43,4,6,7,6,5,7,12
11,9,11,12,3,13,13,41,77,117,129,125,112,110,100,70,40,2,0,6,0,0,2,7
9,11,11,11,14,35,23,10,53,100,107,90,78,86,75,59,14,5,0,8,1,0,0,4
11,12,13,10,13,28,26,8,40,103,102,65,59,53,47,35,25,1,0,5,3,4,6,4
10,13,13,14,14,15,14,16,38,63,70,63,54,57,52,32,21,0,7,11,10,5,10,5
7,10,11,12,11,8,13,9,23,51,69,60,56,61,73,14,11,3,6,15,11,0,3,6
11,7,9,9,4,10,14,14,24,14,38,55,66,83,70,14,6,4,7,9,5,2,0,6
7,4,3,0,0,21,38,18,11,12,29,51,65,75,66,53,10,3,9,7,0,0,2,6
0,0,3,0,0,11,11,22,11,12,10,37,59,88,86,48,13,4,6,0,6,0,0,4
0,0,0,0,4,10,14,13,13,12,11,14,68,123,120,68,14,0,4,0,0,0,0,0
0,0,11,10,9,12,12,10,12,13,22,51,85,190,170,71,51,3,0,5,2,6,2,2
0,3,0,6,10,13,12,13,15,22,35,51,86,189,176,91,53,7,3,0,5,0,0,0
0,0,6,0,0,5,13,12,15,21,30,45,78,151,172,90,53,5,2,6,0,0,0,0
0,0,0,0,5,0,10,11,20,16,22,50,90,136,138,64,33,6,11,0,0,5,0,0
0,0,7,8,6,5,6,14,22,23,13,46,89,155,133,60,22,11,8,0,0,0,2,0
6,9,8,8,9,11,11,12,13,12,11,17,78,115,132,42,13,6,10,8,0,0,8,7
1,6,1,3,2,8,2,5,3,9,10,10,84,105,78,53,14,12,9,0,6,8,6,0
4,0,8,9,8,3,9,12,12,8,7,1,29,70,69,38,11,8,11,3,3,0,6,5

2

9,8,10,13,27,13,3,4,6,8,0,2,1,7,6,0,0,9,2,7,7,5,11,3
11,8,12,45,48,20,3,7,10,14,14,19,13,13,7,21,13,2,6,13,14,8,5,5
13,31,41,33,13,11,11,12,13,21,31,14,42,8,13,11,18,14,10,14,12,2,10,2
40,51,38,21,11,14,8,9,11,10,12,12,7,10,9,11,4,6,12,7,3,8,1,0
56,57,56,6,6,7,0,12,72,89,111,88,70,34,12,2,12,7,16,10,0,0,0,0
58,77,57,11,13,24,57,101,198,319,427,339,192,91,52,18,13,11,7,2,2,0,0,0
83,76,80,50,56,68,101,165,262,297,260,235,163,110,67,47,13,11,6,9,13,5,6,3
126,109,113,91,103,113,128,148,169,194,197,183,127,86,78,14,9,11,9,1,8,4,6,3
166,174,160,131,123,119,115,122,147,146,168,172,153,109,83,60,11,0,4,6,4,0,0,4
197,202,152,120,98,84,86,69,76,109,155,173,144,127,105,72,49,10,9,10,8,9,8,8
89,87,77,56,53,54,57,63,72,107,145,146,155,132,106,86,59,15,4,1,10,8,8,4
50,52,51,44,47,50,50,59,87,103,131,135,137,142,115,102,68,9,11,0,0,6,9,0
35,39,43,27,28,42,50,48,78,102,123,128,141,132,112,101,64,16,12,4,6,0,7,6
9,18,29,15,17,13,39,40,66,81,113,122,129,120,110,103,53,0,3,4,0,0,0,0
8,12,11,14,13,13,13,26,51,52,69,103,110,106,103,73,29,0,0,0,0,0,1,1
6,10,10,7,11,13,10,22,33,50,61,79,104,98,64,58,41,6,0,0,4,11,5,0
11,10,8,13,22,14,19,32,29,50,61,81,103,65,55,54,42,6,0,0,1,0,0,0
11,27,12,26,33,36,31,33,36,49,79,108,109,99,68,65,45,25,11,9,8,0,0,1
0,2,11,10,13,14,14,14,28,55,107,134,155,111,101,118,99,55,36,15,1,0,1,1
11,10,10,12,13,13,18,45,37,52,100,141,189,167,163,149,136,111,98,23,14,9,0,3
9,10,10,20,14,17,26,14,46,57,115,153,191,192,191,171,141,115,114,56,21,2,0,2
7,5,7,15,14,22,28,28,26,43,110,169,214,222,216,167,139,112,91,75,14,16,8,6
11,10,21,20,24,14,30,34,33,63,118,189,230,240,225,162,136,130,89,88,37,3,3,0
8,0,0,9,13,30,47,51,59,102,121,170,223,206,187,148,140,122,104,82,13,9,0,0
6,4,7,4,10,10,7,35,52,104,123,141,166,165,150,137,122,108,69,14,0,0,0,3
7,7,11,9,11,5,6,13,71,110,120,126,135,137,128,113,105,58,11,9,1,2,9,0
1,12,6,12,9,10,13,14,48,109,112,114,124,117,112,104,77,10,7,10,0,0,8,12
10,12,13,12,7,9,14,11,26,104,112,117,107,108,103,93,46,8,0,3,0,5,3,1
7,12,9,11,14,27,12,7,22,72,85,75,72,81,81,75,18,9,0,21,0,0,0,5
12,12,12,7,12,13,15,6,16,76,68,56,54,53,49,42,25,1,0,7,6,0,2,5
9,13,12,13,14,13,21,13,34,53,51,52,51,56,54,40,20,2,5,10,10,2,0,6
7,9,7,11,9,11,25,6,14,21,14,53,54,59,72,20,12,9,6,16,13,0,0,0
11,7,8,7,7,13,13,9,14,12,15,51,60,72,64,40,12,7,8,8,2,0,0,5
8,4,0,0,0,12,14,11,8,12,13,40,58,62,57,52,13,3,3,6,4,0,2,5
0,0,3,0,0,10,9,10,9,9,11,30,58,67,63,40,11,2,8,3,5,0,0,8
2,0,0,0,4,8,12,9,10,9,11,35,64,80,86,65,18,9,7,0,0,0,0,0
0,1,11,11,8,12,11,9,9,10,14,50,78,140,120,68,51,5,1,4,5,6,1,3
0,5,0,7,12,12,12,13,13,13,16,48,78,152,128,88,52,8,3,0,6,0,0,0
0,0,7,1,0,9,13,12,14,14,14,36,71,127,138,89,52,8,4,8,0,0,4,0
0,0,0,0,7,2,10,12,14,13,20,42,77,116,117,64,35,9,11,3,0,2,0,4
0,0,7,9,7,8,7,13,19,14,13,16,67,138,123,59,22,11,8,0,0,0,3,0
7,9,8,8,10,11,13,12,12,9,10,13,55,100,126,43,14,7,9,8,0,0,9,8
2,7,2,5,3,9,3,6,0,6,9,7,55,87,76,54,14,12,10,3,7,9,7,0
4,0,8,10,9,4,9,11,11,8,5,0,12,55,75,51,11,9,12,5,7,0,7,6

2

10,9,10,8,9,10,4,6,8,9,5,5,7,10,14,4,0,9,3,8,8,6,11,2
13,12,9,13,14,12,6,8,11,14,26,36,32,14,9,26,14,4,6,13,14,8,4,5
13,12,9,12,12,10,12,13,14,22,26,14,48,9,20,14,21,14,9,13,11,0,10,2
28,21,13,14,13,14,8,10,10,13,17,13,6,11,12,11,5,0,11,6,0,5,0,0
36,18,13,9,8,8,0,12,70,107,127,114,108,71,54,14,13,6,17,11,0,0,0,0
44,32,13,10,14,21,52,86,175,280,405,379,304,193,116,56,32,11,7,10,3,0,0,0
62,48,14,14,39,59,87,143,216,244,244,277,237,180,118,61,47,17,10,9,13,4,3,1
81,64,63,58,82,103,120,141,157,176,190,202,177,126,110,79,12,11,10,2,7,2,5,2
108,83,97,107,110,114,113,123,142,134,153,179,185,148,112,90,64,8,9,6,2,0,0,3
128,139,147,131,110,94,96,69,65,89,141,176,175,168,144,114,90,50,11,10,8,9,8,8
125,156,152,92,66,56,55,58,60,75,123,145,181,178,151,131,89,61,8,4,11,9,7,3
52,52,54,40,39,45,42,52,64,61,99,126,147,175,154,135,103,56,20,11,0,5,9,0
14,31,27,23,26,29,45,43,62,67,102,113,143,150,139,121,95,53,31,6,6,0,0,2
12,17,29,14,14,13,26,23,58,62,101,109,127,129,125,111,100,57,4,0,0,0,0,0
9,8,11,13,11,12,14,17,40,29,56,82,107,111,110,100,71,12,0,0,0,0,0,0
10,13,10,8,8,13,11,16,21,36,55,69,101,102,72,64,56,12,0,0,0,6,6,0
11,12,10,13,18,14,22,23,23,41,55,74,102,69,59,60,55,50,10,9,2,0,0,0
11,24,12,25,31,34,34,31,36,41,59,93,104,109,87,90,62,37,29,18,12,2,0,2
0,4,10,11,13,14,14,13,27,45,84,119,150,116,113,135,122,81,62,35,9,0,8,4
11,9,12,12,12,14,20,34,31,50,70,126,177,180,182,172,160,139,118,111,33,11,0,3
9,13,20,19,13,14,26,22,29,53,104,135,186,208,221,190,165,140,128,104,49,8,5,5
8,5,6,14,14,21,28,26,32,33,75,134,183,239,239,194,166,141,110,114,59,20,9,10
11,10,17,16,22,18,30,34,32,44,102,146,181,235,227,179,160,153,102,106,65,8,3,0
9,1,0,8,11,11,13,47,41,96,109,145,164,183,180,152,154,137,109,107,21,9,5,0
6,4,8,5,10,6,9,32,58,100,107,121,128,141,148,139,129,113,77,21,6,0,0,8
7,7,12,12,6,9,8,12,47,101,102,107,114,120,129,110,105,100,33,37,3,0,0,0
6,10,6,13,3,11,14,14,39,83,85,85,101,102,112,104,88,75,48,11,10,0,6,9
12,12,12,12,2,5,29,29,37,62,79,95,62,72,102,95,98,65,22,10,0,0,0,6
10,13,11,10,9,11,14,28,29,38,52,52,51,52,76,88,102,56,29,21,0,0,1,0
13,14,13,10,12,2,10,13,13,35,14,44,40,37,43,51,52,39,23,9,1,6,0,0
11,13,14,14,6,7,19,13,35,36,18,29,33,35,42,51,61,48,27,12,12,1,0,8
5,8,11,10,0,11,14,4,22,21,14,10,12,50,47,62,95,63,40,30,18,3,5,5
11,8,5,0,5,8,10,10,6,6,7,12,13,50,60,88,180,137,37,34,13,11,4,6
9,2,0,5,10,13,15,45,18,33,33,31,42,53,70,301,805,677,93,39,35,10,8,5
0,6,7,0,0,0,7,12,8,10,11,13,21,52,66,149,522,250,83,27,13,13,14,10
9,6,0,4,8,9,4,7,6,10,14,13,14,37,53,82,77,71,100,51,3,5,2,0
0,5,8,7,4,10,13,13,15,9,10,14,33,33,63,41,66,70,91,34,11,9,6,2
0,1,1,9,10,11,11,14,13,13,15,13,13,48,44,50,76,97,107,29,12,0,6,0
2,1,7,3,4,6,7,13,13,14,10,14,28,47,50,51,59,60,29,23,17,4,0,0
0,0,2,6,7,7,8,14,13,11,11,19,34,45,50,32,28,34,12,6,7,3,12,0
3,5,7,10,4,7,11,14,14,14,13,13,36,51,53,15,17,10,9,0,0,0,0,15
5,6,5,4,8,5,13,13,11,9,13,11,14,28,40,26,9,10,11,9,0,0,0,6
0,5,0,8,10,4,8,9,10,9,6,4,9,22,20,11,5,11,11,4,1,6,8,0
3,0,7,8,11,4,8,12,12,6,0,0,12,12,11,6,1,11,10,7,9,0,5,5

2

10,10,10,7,8,10,5,5,10,11,7,8,10,10,19,7,0,9,3,8,9,7,11,0
13,11,11,13,13,11,10,8,13,14,35,50,44,13,10,30,14,8,8,13,14,8,2,2
12,11,12,11,11,11,13,13,14,14,14,14,31,12,44,30,25,21,10,13,11,0,9,0
14,14,14,15,12,14,9,10,7,11,14,13,7,13,19,12,9,10,13,3,0,3,0,0
10,10,11,8,10,7,0,9,61,102,133,178,132,108,83,54,34,12,16,12,0,0,0,0
14,13,12,10,14,23,45,76,167,267,379,451,399,305,230,104,54,12,8,5,6,0,0,0
13,14,13,13,36,55,81,144,222,259,258,288,271,237,185,115,57,45,12,11,17,7,3,2
20,10,29,52,80,104,121,149,170,196,212,216,201,162,145,108,59,20,11,7,6,0,5,3
54,45,77,106,120,122,115,128,147,141,181,210,217,184,160,119,76,59,51,8,0,0,0,1
77,130,186,161,123,101,100,74,65,91,156,202,211,216,192,150,91,65,53,37,12,7,8,6
82,129,139,89,64,57,56,58,59,73,140,172,208,230,210,142,80,68,58,26,14,6,6,4
50,55,53,41,41,42,44,52,61,61,114,145,169,203,166,117,89,60,52,32,2,5,4,0
16,37,37,30,32,27,45,40,58,67,106,124,145,148,126,105,85,58,51,12,13,6,0,1
13,24,33,16,14,11,29,45,56,67,104,114,116,112,108,105,84,68,35,0,0,0,8,0
12,14,14,14,13,12,14,48,51,50,62,82,100,95,90,54,44,24,8,0,0,0,22,3
9,11,7,8,10,14,12,19,53,51,55,62,76,69,56,52,31,13,7,0,0,11,67,14
11,13,9,13,14,14,14,37,50,46,53,58,65,52,50,45,31,23,7,3,0,0,6,10
9,24,15,21,27,35,35,39,41,47,57,59,54,54,42,45,39,31,16,6,7,2,5,6
0,8,11,7,10,11,25,49,51,60,90,104,80,61,58,68,50,35,11,5,0,0,4,2
9,9,9,8,7,12,43,68,83,73,102,116,113,103,104,102,99,64,10,0,0,0,0,0
9,11,13,13,7,8,54,59,61,67,121,135,130,113,110,103,94,46,9,6,1,1,3,6
7,4,1,8,5,16,45,58,86,86,119,145,132,101,71,68,40,14,14,12,10,7,6,6
10,9,12,2,9,13,47,72,100,103,127,142,119,103,61,58,47,21,9,13,11,0,6,6
8,6,5,6,4,10,65,101,108,114,116,119,107,100,87,59,63,14,11,5,3,7,3,0
9,6,3,0,2,8,26,94,102,104,102,87,102,84,79,13,39,13,12,12,5,0,0,7
11,7,11,8,0,1,14,100,101,81,77,10,100,76,55,26,62,14,16,17,6,0,7,0
2,11,4,9,6,10,9,58,79,39,13,18,54,69,69,36,52,13,13,11,9,5,0,0
9,12,11,8,0,4,14,41,70,58,37,45,50,64,64,46,40,10,11,10,0,0,0,12
8,11,8,8,8,9,12,51,62,54,34,34,38,51,65,56,76,14,16,15,0,6,2,2
12,12,10,7,11,4,10,40,64,50,31,37,33,34,42,41,42,24,10,6,6,8,2,2
10,13,12,12,12,7,17,33,49,51,38,31,30,35,44,48,52,35,12,11,12,8,11,10
5,7,8,8,5,5,10,13,52,46,13,13,10,41,51,61,76,52,26,25,20,8,7,6
10,6,5,0,1,4,8,16,26,13,11,6,12,27,57,79,141,108,21,27,13,10,5,6
10,3,0,2,8,12,14,29,32,22,10,11,13,15,58,224,805,431,68,14,13,7,9,9
1,6,4,0,0,1,8,11,20,13,11,9,12,39,55,128,382,161,61,12,12,11,14,12
0,0,0,0,1,6,7,11,51,28,12,10,8,22,41,69,62,60,70,12,2,7,3,0
2,9,9,11,5,10,13,50,61,53,22,14,26,13,38,26,56,55,56,11,8,7,3,2
0,4,0,8,10,11,12,53,61,57,45,12,10,19,29,31,59,57,51,13,9,0,0,0
0,1,5,4,6,2,13,54,61,60,52,18,19,28,35,23,48,33,12,11,5,0,0,0
0,0,0,3,0,3,18,56,69,63,37,22,12,14,14,13,14,17,10,2,0,0,3,0
0,0,4,6,4,2,14,60,61,66,41,8,13,19,21,14,12,8,9,0,0,0,0,5
7,7,0,0,4,7,13,54,66,60,31,4,7,14,26,19,4,8,11,8,0,0,0,9
1,6,0,3,2,2,5,53,75,76,22,0,2,11,13,5,0,12,12,4,5,7,6,0
4,0,7,9,9,3,8,13,63,64,9,0,7,5,4,5,0,12,10,9,9,1,8,5

2

10,10,10,7,8,11,6,7,10,11,8,6,9,10,20,9,0,10,4,8,8,6,11,0
13,11,11,14,14,13,10,11,12,14,21,32,29,13,10,28,14,8,8,13,14,6,2,4
12,12,13,12,12,13,13,13,12,13,14,9,14,13,23,18,22,23,7,12,10,0,9,2
14,19,18,18,14,18,9,8,7,10,8,9,5,13,12,11,9,7,12,2,0,3,0,0
13,13,13,11,11,8,0,7,52,72,85,100,106,73,58,20,12,7,11,12,0,0,0,0
20,18,14,11,14,19,41,61,100,116,162,194,210,217,124,54,38,7,5,9,5,0,0,0
18,28,14,13,37,52,64,98,136,152,173,208,213,194,141,71,51,45,14,11,17,4,0,0
18,11,17,46,65,73,90,118,130,151,167,167,145,121,116,101,72,74,54,14,7,0,1,0
45,13,59,66,73,80,86,100,112,124,150,161,162,157,135,104,101,89,83,61,49,6,0,0
52,54,61,54,60,68,70,60,61,98,145,181,189,198,171,134,129,118,97,77,55,23,9,6
31,47,54,53,52,51,54,55,56,85,150,183,213,224,188,147,130,123,101,73,50,14,14,2
12,19,25,22,36,32,46,44,56,81,146,167,186,207,182,153,132,108,76,67,20,14,43,1
12,12,13,13,20,24,31,37,54,100,138,156,178,176,167,141,125,87,66,50,19,29,41,14
12,11,14,14,12,11,13,13,58,99,129,135,141,141,135,125,110,100,103,50,10,25,57,10
9,11,6,11,8,3,9,22,55,59,84,108,112,109,107,104,103,100,79,7,6,27,55,42
11,11,9,2,11,6,6,53,60,59,65,74,87,77,62,63,68,95,60,12,0,26,111,115
9,8,9,11,12,11,32,55,54,56,64,66,66,54,55,60,64,66,68,27,0,10,53,68
9,17,15,21,30,29,38,45,58,87,103,79,65,60,63,91,94,61,49,27,0,9,27,22
0,8,11,9,12,14,58,77,76,123,140,142,130,91,100,131,123,82,62,44,0,0,11,8
1,9,12,10,10,19,55,112,139,148,187,211,214,176,175,166,149,129,105,101,9,4,0,0
6,3,3,15,14,14,73,106,121,146,211,223,211,195,198,185,150,127,109,58,19,0,0,4
3,6,6,10,14,32,68,109,144,175,220,243,240,217,196,170,141,110,88,36,16,11,4,0
3,6,14,14,14,26,60,108,142,173,216,220,204,181,165,146,132,117,68,54,24,3,0,0
1,0,0,3,13,33,102,111,132,157,171,173,155,135,131,129,118,105,76,11,9,8,2,0
0,7,2,1,8,9,69,102,109,131,138,128,111,99,103,106,102,53,36,3,0,0,0,3
11,7,12,10,0,5,26,100,102,108,107,73,27,13,40,42,50,11,11,9,0,2,10,0
0,7,0,4,8,10,13,61,81,101,86,47,8,13,27,12,28,8,7,7,4,0,0,6
3,5,8,7,4,0,14,44,68,77,97,70,10,14,14,11,7,1,3,3,11,0,0,1
0,9,0,10,9,0,7,42,55,53,51,13,9,1,51,11,13,2,9,8,0,5,0,0
11,5,9,7,9,0,9,15,59,51,25,16,33,16,28,24,18,4,0,13,0,0,2,6
8,10,12,11,13,9,36,31,46,50,38,30,27,22,12,27,23,14,9,13,4,3,8,10
3,3,0,10,4,7,13,12,41,40,12,12,7,13,12,14,52,11,11,21,9,0,12,5
10,4,0,0,4,7,11,12,13,25,12,3,11,9,4,9,54,11,6,12,6,0,4,5
9,0,0,0,3,11,14,17,27,12,10,7,4,3,8,12,44,14,3,3,1,2,8,9
0,5,3,0,0,6,8,11,11,11,7,11,5,8,14,12,52,14,9,0,6,3,13,12
0,0,0,0,3,7,9,12,49,14,11,11,7,13,13,13,18,19,11,0,0,1,0,0
3,6,7,11,10,9,13,50,56,50,14,13,14,13,13,12,14,13,3,0,0,4,0,2
0,6,2,4,11,11,13,52,56,52,21,13,10,23,21,11,13,13,0,0,0,0,0,1
0,0,4,0,2,3,27,53,55,53,26,14,19,19,20,12,10,11,2,7,0,0,5,0
0,0,0,5,1,9,35,54,59,50,20,14,13,14,14,10,8,12,5,2,0,0,5,1
1,0,6,9,4,8,26,56,51,53,11,3,14,14,14,12,10,5,10,0,0,0,11,10
6,6,5,5,8,6,21,53,55,46,12,10,11,13,20,15,0,9,9,9,0,0,8,11
1,6,0,5,11,8,8,53,56,27,12,10,5,10,15,8,3,12,11,5,9,9,6,1
4,0,9,7,10,7,9,41,53,13,7,1,7,5,6,7,5,11,10,8,9,1,8,5

2

11,11,11,8,10,11,6,10,10,11,9,7,8,10,19,9,0,10,6,6,7,5,12,4
14,13,13,14,20,19,10,12,12,13,14,24,14,12,11,23,13,7,6,12,13,6,7,9
13,14,14,13,13,12,13,18,11,11,13,11,13,12,13,12,18,14,8,12,10,0,11,9
20,23,20,14,14,14,7,7,6,7,1,4,1,5,10,10,7,12,12,3,5,9,7,9
11,14,13,10,9,5,0,0,6,54,44,58,15,13,18,11,12,8,11,13,7,1,7,3
14,15,13,11,13,22,29,33,58,68,84,69,56,48,14,18,13,10,7,8,7,0,0,0
13,14,13,13,24,31,54,59,68,70,75,71,59,33,7,12,12,11,9,10,14,8,4,2
11,9,13,13,51,56,57,58,66,67,74,71,63,61,58,59,51,50,5,0,6,7,10,7
9,5,11,13,43,52,52,56,69,72,71,74,66,79,74,81,73,62,58,47,13,9,0,8
12,24,13,29,14,43,53,53,60,71,83,85,94,136,141,127,100,83,56,54,53,21,13,8
11,28,40,29,14,28,50,58,68,85,103,94,126,169,167,139,102,75,55,14,52,50,23,8
14,51,53,50,35,15,45,71,92,114,131,124,140,167,159,139,117,66,37,11,54,53,40,7
46,66,80,67,14,15,44,69,104,130,138,135,150,153,147,128,109,56,27,19,35,51,48,17
62,107,106,62,20,14,34,100,100,118,133,127,134,138,133,118,104,66,11,8,12,72,68,13
108,265,127,51,14,7,14,64,62,67,90,99,108,114,117,106,95,67,11,6,4,47,97,52
113,140,87,57,13,13,8,58,65,62,69,70,75,86,80,68,68,78,30,8,0,38,100,72
78,54,53,28,30,14,39,58,57,61,76,66,66,55,61,62,64,60,53,9,0,35,52,51
29,39,33,27,30,36,41,47,66,97,107,89,72,72,72,93,93,56,39,19,4,11,27,20
10,20,12,2,10,14,44,72,83,128,141,140,132,101,107,134,125,84,59,37,0,3,13,12
4,11,9,11,9,14,52,110,140,151,190,212,216,183,182,174,159,135,108,102,9,6,0,1
0,0,0,11,11,21,80,114,127,152,219,229,218,206,211,198,167,138,117,67,25,4,7,9
0,0,3,9,14,35,84,121,149,180,227,251,251,237,220,194,160,130,107,81,27,14,7,0
6,3,12,17,20,31,77,118,148,178,225,232,219,207,193,177,160,145,100,96,44,4,0,0
4,0,0,8,14,51,104,117,140,164,182,191,185,168,167,164,161,140,118,106,46,8,0,0
0,6,5,5,7,71,88,107,119,140,151,149,130,115,137,154,149,132,109,66,11,0,5,9
10,6,11,9,0,8,70,103,106,119,122,107,67,13,109,111,126,125,105,100,8,8,17,0
0,6,0,2,6,12,48,78,100,104,103,88,12,8,100,104,102,103,93,13,2,0,3,7
1,3,6,5,2,5,46,55,77,86,102,93,12,14,79,90,101,100,39,4,6,0,0,5
0,7,0,10,7,0,36,58,65,56,57,14,4,10,66,84,100,73,29,10,0,4,0,0
9,1,7,8,4,0,9,45,60,58,39,14,2,25,41,44,48,36,7,10,0,0,0,0
8,7,11,11,13,8,36,38,50,52,42,32,8,24,42,46,49,19,9,11,4,0,8,4
2,0,0,10,0,3,13,24,52,55,12,13,0,12,61,54,52,12,6,15,9,0,7,3
8,2,0,0,0,0,10,29,50,46,13,0,0,10,53,52,40,10,2,6,0,0,0,0
5,0,0,0,1,9,14,28,50,11,6,0,2,12,54,59,43,11,0,5,0,0,6,4
0,4,1,0,0,4,4,9,36,11,5,0,1,12,55,50,52,12,2,0,0,0,9,11
0,0,0,0,5,10,12,32,54,19,4,0,8,29,59,70,46,13,3,0,0,0,0,0
0,1,9,10,9,10,20,52,58,50,14,14,22,54,61,56,57,16,3,0,0,1,1,0
0,5,0,3,11,12,41,53,57,52,19,11,22,51,59,73,64,50,4,0,0,0,4,4
0,0,3,0,3,6,47,54,56,53,14,14,31,56,78,79,65,24,0,3,0,0,2,0
0,0,0,5,0,9,45,54,60,50,14,33,33,56,67,63,56,22,7,0,0,0,0,0
2,0,6,8,6,9,33,56,51,52,12,8,27,55,74,64,35,10,7,0,0,0,7,0
6,6,3,4,8,6,23,52,54,39,11,11,12,50,57,40,9,7,11,3,0,4,11,10
1,5,0,5,9,6,8,51,53,15,12,13,7,19,35,46,8,6,2,0,0,5,8,0
3,0,7,6,9,6,7,14,40,10,8,7,0,11,32,14,8,8,2,0,6,0,5,5

2

9,8,8,4,5,10,3,5,9,11,11,10,12,11,18,8,0,8,4,7,7,4,11,4
12,7,9,12,13,12,8,10,14,33,43,50,44,13,13,26,13,6,6,12,13,5,6,8
10,8,7,10,12,13,13,23,43,37,36,20,30,11,14,12,15,14,4,8,8,0,11,7
9,11,12,11,9,11,14,10,14,9,3,7,5,9,12,11,9,10,10,1,1,7,5,7
0,1,7,1,0,5,0,0,1,9,10,6,0,12,30,15,10,0,0,12,3,0,5,0
9,9,5,7,13,14,33,44,52,50,60,41,52,52,55,49,50,8,0,6,7,0,0,0
10,9,8,12,39,54,60,67,91,80,85,79,75,71,84,81,58,41,10,12,24,11,4,1
0,0,8,53,62,63,67,88,109,131,126,108,86,79,91,102,78,71,13,2,6,6,8,6
0,7,50,60,62,65,67,97,140,156,146,131,118,111,115,130,108,80,68,57,28,10,0,7
1,5,52,57,55,68,90,129,170,161,175,172,153,173,170,174,137,108,68,56,53,14,12,8
6,21,51,50,50,62,74,124,159,177,197,183,188,201,188,171,127,94,65,31,50,21,13,7
5,40,53,56,40,53,59,112,144,176,198,179,177,194,183,155,124,76,51,17,46,39,13,6
14,51,62,58,14,41,59,100,131,164,179,175,176,174,168,137,111,60,38,15,23,33,19,13
15,52,76,55,13,12,60,103,112,134,150,144,143,147,139,121,104,69,10,6,16,16,8,0
15,60,95,33,12,15,47,72,66,72,98,105,111,117,116,103,84,54,12,6,7,15,7,5
52,64,75,13,7,13,40,64,67,62,66,67,71,82,74,64,59,50,13,4,20,14,4,3
12,25,45,13,12,14,53,58,55,57,61,58,60,52,55,55,56,53,11,1,0,4,8,6
12,14,19,19,30,37,42,44,56,73,73,65,53,55,50,65,60,37,19,12,10,6,10,9
0,7,6,10,11,12,45,60,70,106,116,114,96,69,72,106,85,55,24,14,9,0,5,7
1,7,9,7,9,10,49,100,122,130,150,158,145,128,137,137,130,107,46,10,10,2,0,3
6,5,3,10,12,18,65,104,115,137,188,190,151,140,158,153,137,111,47,13,11,2,7,9
6,4,7,12,14,31,65,110,139,161,197,218,178,152,152,148,130,96,62,20,10,13,9,7
8,5,11,15,21,30,63,110,139,161,204,209,165,152,149,142,136,122,66,29,12,0,3,0
5,0,0,10,13,40,101,111,133,151,165,162,129,132,137,140,141,127,102,14,11,8,2,0
5,7,5,3,9,63,71,103,114,130,131,115,105,102,117,126,126,111,77,13,4,0,5,11
9,7,11,7,1,8,59,102,104,108,104,84,41,12,104,102,109,110,63,35,3,5,13,2
0,9,0,4,2,13,53,78,100,101,69,52,10,13,101,103,101,101,15,9,0,0,4,8
2,3,7,5,0,7,66,59,84,89,83,48,10,40,86,89,100,88,13,7,0,0,2,9
1,8,0,0,6,6,58,75,77,58,50,11,4,30,70,84,93,64,17,8,0,2,0,1
8,0,0,0,2,0,38,54,68,66,34,16,10,35,46,46,51,35,11,10,0,0,0,0
9,5,7,13,6,11,47,47,53,54,43,32,16,36,48,51,51,32,12,8,3,0,7,4
1,0,0,5,0,7,16,52,57,61,14,18,7,29,68,58,59,18,11,22,9,0,8,6
7,0,0,1,0,0,36,63,64,55,38,1,10,26,63,62,57,14,5,7,0,0,0,3
6,4,0,4,9,11,20,73,73,50,18,4,7,32,65,78,53,12,2,2,0,0,6,6
0,0,0,0,0,8,55,63,63,50,12,3,6,29,62,67,59,14,7,0,0,0,9,11
0,0,0,0,4,13,59,71,75,59,12,13,12,36,63,86,56,27,6,0,0,0,0,0
0,0,7,9,5,12,55,62,72,54,30,22,26,53,68,70,66,50,8,0,0,0,0,0
0,0,0,9,12,14,61,65,66,56,40,13,20,50,64,83,73,52,11,1,0,0,0,0
0,0,0,1,9,17,56,64,65,57,42,20,23,53,82,88,70,46,9,7,0,0,4,0
0,0,0,1,7,13,53,64,70,54,20,16,13,53,66,64,58,25,11,0,0,0,0,0
2,0,7,10,8,10,52,68,58,55,14,7,14,51,71,65,45,11,7,0,0,0,5,0
6,4,3,5,8,9,35,54,58,50,14,9,12,36,53,40,27,11,11,4,0,1,10,9
0,5,0,3,9,7,12,53,55,33,13,10,7,14,30,50,8,7,2,0,0,5,7,0
3,0,7,6,9,7,9,38,49,11,8,3,0,10,16,14,9,9,5,0,6,0,6,5

2

6,6,5,3,3,10,4,7,11,14,15,22,22,13,23,9,0,7,4,6,6,2,10,3
11,4,6,12,13,13,10,14,37,50,52,55,52,34,20,30,13,8,5,12,12,3,4,7
8,5,6,9,11,14,14,42,53,53,53,54,63,21,30,14,17,14,0,7,6,0,7,5
3,9,12,11,10,12,31,13,28,27,12,13,9,12,13,11,7,2,8,0,0,1,2,6
0,0,8,2,1,9,1,0,4,10,14,11,5,20,34,15,12,4,0,12,3,0,2,0
6,9,5,8,13,16,33,46,56,55,68,56,63,58,55,50,51,9,0,7,7,0,0,0
10,9,9,13,47,55,60,66,91,81,88,81,79,74,82,79,57,51,13,12,26,10,1,0
0,0,12,55,64,64,68,88,108,123,118,105,88,81,89,97,76,74,48,7,9,5,8,5
0,3,50,62,64,67,69,100,136,140,131,123,116,112,111,121,104,81,71,60,51,10,0,6
0,11,55,58,56,69,92,131,159,138,152,158,144,161,153,156,128,107,70,58,55,34,13,8
5,28,52,51,51,62,78,125,143,153,174,162,168,180,164,151,117,91,65,47,53,50,13,5
9,51,54,55,47,53,59,108,133,155,177,158,154,173,162,142,116,71,50,32,53,52,23,4
25,54,66,60,14,37,56,91,123,148,161,154,153,153,148,127,106,57,35,35,46,48,28,10
39,62,87,56,12,11,56,102,108,127,140,135,133,136,129,116,101,65,9,12,53,75,31,0
55,108,104,33,12,12,44,71,65,68,91,101,106,109,110,100,76,50,12,6,54,103,34,6
61,82,74,14,4,12,43,64,65,60,64,65,67,74,67,61,59,55,12,2,34,76,44,9
14,38,45,14,8,13,54,58,54,56,60,57,58,52,54,54,56,54,20,3,10,15,14,9
12,22,26,14,20,35,42,45,54,71,69,64,53,55,50,64,60,40,30,10,12,12,11,9
0,6,7,7,7,13,57,68,72,106,120,121,108,74,75,107,89,57,42,15,0,3,7,5
0,3,7,10,9,13,57,107,132,138,171,186,180,143,144,141,134,115,85,13,10,4,0,2
5,4,2,14,13,28,92,117,124,145,205,212,189,174,175,165,144,120,100,37,13,2,5,8
5,4,8,12,19,42,100,125,150,175,217,238,224,199,180,165,140,111,84,45,14,14,8,4
9,6,14,20,27,40,94,123,151,179,221,224,200,181,171,155,144,132,78,61,24,2,2,0
4,0,0,10,37,67,106,121,143,166,182,186,160,150,153,150,148,134,109,100,13,7,2,0
1,6,5,6,13,101,100,109,122,141,148,137,113,112,132,139,135,117,101,35,6,0,5,10
9,4,10,10,3,12,97,104,107,118,115,101,41,38,111,109,115,114,100,60,6,7,14,1
0,8,0,4,5,14,61,89,100,104,102,74,10,31,102,105,101,101,55,12,0,0,3,8
2,3,4,0,3,14,70,60,87,94,101,78,11,56,93,91,101,90,31,4,2,0,3,9
0,7,0,2,5,11,62,74,77,59,58,17,7,44,72,81,90,67,25,10,0,2,0,3
8,0,0,5,6,1,50,53,65,66,44,22,8,37,46,45,49,34,8,10,0,0,0,0
6,4,6,13,6,13,44,44,52,53,47,34,14,36,46,49,49,25,12,11,4,0,8,3
0,0,0,6,0,11,23,51,54,58,29,27,7,25,64,56,56,14,9,20,10,0,9,6
7,0,0,0,0,0,21,56,57,52,39,4,10,14,57,58,51,12,4,7,0,0,0,2
6,2,0,4,5,10,15,59,60,36,12,2,6,20,56,67,45,10,1,3,0,0,6,7
0,0,0,0,0,7,22,53,55,25,10,3,4,16,55,55,56,12,5,0,0,0,10,11
0,0,0,0,3,12,54,64,67,54,8,10,10,29,56,75,50,18,2,0,0,0,0,0
2,0,7,9,4,11,52,58,65,52,21,19,25,52,63,61,60,38,7,0,0,0,0,0
0,0,0,9,12,14,58,61,62,54,33,12,20,47,60,76,67,51,8,0,0,0,0,0
0,0,0,0,7,14,55,61,62,55,33,17,24,53,77,81,67,39,9,7,0,0,4,0
0,0,0,2,6,13,53,62,67,52,14,13,14,53,64,63,57,23,11,0,0,0,0,0
2,0,6,10,8,11,51,66,56,54,13,4,19,52,70,64,45,11,6,0,0,0,6,0
6,4,2,5,8,9,35,54,57,48,13,8,12,39,53,40,34,11,11,3,0,0,11,9
0,5,0,3,9,7,13,53,55,31,13,10,7,15,32,52,10,7,2,0,0,5,7,0
3,0,7,6,9,7,10,42,48,11,8,3,1,10,23,24,10,9,4,0,6,0,6,5

2

6,6,5,3,3,10,5,7,12,14,26,39,33,14,25,10,0,8,4,6,6,2,10,3
11,5,6,12,13,14,11,14,40,50,53,57,53,50,37,32,13,9,6,12,12,3,4,7
8,6,6,8,11,14,14,45,53,54,54,57,68,50,39,16,19,14,0,7,6,0,7,5
3,10,11,11,10,12,33,14,32,40,13,14,11,13,14,11,6,2,8,0,0,0,1,5
0,0,8,4,0,9,2,0,3,9,13,11,5,15,31,14,11,3,0,12,3,0,1,0
6,9,5,8,13,16,32,46,56,55,66,54,58,56,54,48,49,8,0,6,6,0,0,0
9,8,9,13,47,54,59,65,88,78,83,75,75,72,79,76,56,50,12,12,25,9,0,0
0,0,12,55,64,64,68,85,104,116,112,100,85,79,85,93,75,73,47,7,9,5,8,5
0,3,50,63,64,67,68,98,130,134,123,117,112,108,106,116,100,79,70,59,50,10,0,6
0,11,55,58,57,69,90,125,147,133,147,151,139,154,148,150,123,105,69,58,55,34,13,8
5,28,52,51,51,62,77,122,140,150,169,157,164,174,159,147,114,88,64,47,53,50,13,6
10,51,54,55,47,53,60,109,134,156,175,158,152,170,158,140,114,70,50,34,53,52,25,4
26,54,66,59,13,35,58,94,126,152,162,156,153,150,147,126,105,56,35,37,46,48,29,11
42,62,86,55,10,12,60,103,111,130,142,137,134,135,129,116,101,66,9,12,54,75,40,0
57,110,105,37,12,13,50,73,67,70,94,103,107,109,111,100,78,51,12,6,57,104,36,7
61,84,74,14,5,13,50,66,66,61,65,67,69,76,68,62,59,57,12,2,36,79,49,11
15,39,45,14,9,14,56,60,54,56,61,58,59,52,54,54,56,54,20,3,10,22,14,10
12,23,28,14,22,37,43,46,55,74,71,66,54,57,51,66,60,41,30,10,13,12,12,10
0,6,8,4,5,12,60,71,74,108,123,124,112,77,76,107,90,58,43,15,0,4,8,7
0,4,8,10,8,13,58,108,135,140,174,190,185,146,146,142,135,115,86,14,10,5,0,2
6,4,2,14,13,28,95,119,125,146,207,214,191,176,176,167,144,121,100,38,14,3,5,9
6,5,9,12,20,42,101,127,151,177,218,238,226,201,182,166,141,112,84,46,14,14,8,4
9,6,14,20,27,41,99,125,153,180,222,224,202,183,172,156,145,132,79,63,24,3,3,0
4,0,0,10,41,67,106,122,144,167,182,186,160,150,153,151,149,134,109,101,13,8,2,0
1,7,5,7,13,101,100,110,124,142,148,137,114,112,132,139,135,117,101,36,7,0,5,10
9,4,10,10,3,12,97,104,108,118,115,101,52,44,111,109,115,114,100,63,6,7,14,1
0,8,0,4,5,16,61,89,100,104,102,75,11,39,102,105,101,101,56,12,0,0,3,8
2,3,4,0,4,14,69,60,86,94,101,79,11,56,93,91,100,91,32,4,2,0,4,10
0,7,0,2,5,11,62,74,77,59,58,24,9,46,72,80,90,67,26,10,0,2,0,4
7,0,0,6,7,2,50,53,65,66,45,29,9,38,46,45,49,35,9,10,0,0,0,0
6,3,6,13,6,14,44,44,52,53,47,36,14,36,45,49,49,25,12,11,4,0,9,4
0,0,0,6,0,11,23,51,54,58,29,29,8,25,64,56,56,14,9,20,10,0,9,6
6,0,0,0,0,0,22,56,56,52,38,4,9,15,56,57,51,12,4,6,0,0,0,3
5,2,0,3,4,10,15,59,60,34,12,1,5,18,56,66,45,10,1,3,0,0,6,7
0,0,0,0,0,6,22,53,55,25,10,3,4,15,54,54,56,12,5,0,0,0,10,11
0,0,0,0,3,12,54,64,66,53,8,9,10,28,55,74,50,19,2,0,0,0,0,0
1,0,7,9,4,11,52,58,65,52,21,20,26,52,62,60,60,36,7,0,0,0,0,0
0,0,0,8,12,14,57,60,62,54,33,12,20,47,60,76,66,51,8,0,0,0,0,0
0,0,0,0,7,14,54,61,61,55,32,17,24,53,77,81,67,38,9,6,0,0,4,0
0,0,0,1,6,14,52,62,67,52,14,13,14,54,64,63,57,24,11,0,0,0,0,0
2,0,6,10,8,11,51,65,56,53,13,4,19,52,69,63,45,11,6,0,0,0,5,0
5,4,2,5,8,10,36,54,57,46,13,9,12,40,53,40,35,11,11,2,0,0,11,9
0,4,0,2,9,6,14,53,54,27,13,10,7,16,32,52,11,7,2,0,0,5,7,0
3,0,7,5,9,7,10,43,43,11,8,3,3,11,24,27,10,10,4,0,6,0,6,5

2

7,6,5,3,3,10,5,8,12,14,28,42,34,14,26,11,0,8,4,6,6,2,10,3
11,5,6,12,13,14,11,15,42,51,53,57,53,50,40,32,13,10,6,12,12,3,4,7
8,6,6,8,11,14,14,45,53,54,54,57,67,53,38,16,20,14,0,7,6,0,6,5
3,10,11,11,10,12,33,14,34,41,13,15,11,13,14,11,6,2,8,0,0,0,1,5
0,0,7,5,0,8,2,0,3,9,14,11,5,14,30,14,11,3,0,12,2,0,1,0
6,9,5,8,13,16,32,46,56,55,66,53,57,56,53,48,48,8,0,5,6,0,0,0
9,8,8,13,46,54,59,65,87,77,82,74,74,71,78,76,56,50,12,12,25,9,0,0
0,0,12,55,64,64,67,85,103,115,111,99,84,79,85,92,74,73,48,7,9,5,8,5
0,3,50,63,64,67,68,97,129,132,122,115,111,107,105,115,100,79,69,59,50,10,0,6
0,12,55,58,56,69,90,124,145,132,145,150,138,153,147,149,123,105,69,58,55,33,13,8
5,29,52,51,51,62,78,122,140,150,168,156,163,173,158,147,113,88,64,49,53,50,13,6
10,52,54,55,46,54,60,109,135,156,174,156,151,169,157,139,113,69,50,35,53,52,26,5
28,54,67,60,12,35,58,95,126,152,161,154,152,149,146,126,104,56,36,37,46,48,31,12
41,62,86,54,9,11,60,103,112,131,143,137,134,135,129,116,101,66,9,12,54,75,44,0
57,110,105,39,12,13,50,74,67,71,96,104,108,110,111,100,79,51,13,6,59,105,38,8
61,85,73,14,5,13,50,66,66,61,66,68,70,78,68,62,59,57,12,3,36,80,50,11
18,39,45,14,9,14,56,60,54,57,62,58,59,53,55,54,56,54,23,3,10,24,14,11
12,24,28,14,23,37,43,46,56,75,72,66,54,57,52,66,61,41,30,10,13,13,13,11
0,7,8,4,6,13,60,71,74,109,123,124,113,77,77,108,91,58,43,15,0,5,9,8
0,5,8,10,8,13,58,108,135,141,175,191,186,146,146,142,135,116,88,14,10,5,0,3
6,5,2,14,13,29,96,119,126,146,208,215,192,177,177,167,144,121,101,38,14,3,6,9
6,5,9,12,22,42,101,128,152,177,219,239,227,202,183,166,141,112,85,46,14,14,8,5
9,6,14,21,27,41,100,126,154,181,223,225,202,183,173,157,145,132,79,63,25,3,3,0
4,0,0,11,40,68,106,123,144,167,183,187,161,150,154,151,149,134,109,101,13,8,3,0
1,7,5,7,14,101,101,110,125,142,148,137,114,113,132,139,135,118,101,37,7,0,5,10
9,4,10,10,4,12,98,105,108,119,115,101,56,47,111,109,115,114,100,64,7,7,15,1
0,8,0,4,5,19,60,90,100,105,102,75,11,43,102,105,101,101,57,12,1,0,4,8
2,3,4,0,4,14,70,60,87,96,101,79,12,57,94,91,100,90,33,4,2,0,4,10
0,7,0,3,5,11,62,74,77,59,58,26,10,47,71,80,90,67,26,10,0,2,0,5
7,0,0,6,7,3,50,53,65,66,45,31,10,38,46,45,49,35,9,10,0,0,0,0
6,3,6,13,6,14,45,44,52,53,47,36,16,36,45,49,49,25,12,11,4,0,9,4
0,0,0,5,0,11,23,51,54,58,27,29,8,25,64,55,56,14,9,20,10,0,9,6
6,0,0,0,0,0,24,56,56,52,40,4,10,18,56,57,51,12,4,6,0,0,0,3
4,1,0,2,4,10,16,58,60,33,12,2,5,18,55,66,45,10,1,3,0,0,6,7
0,0,0,0,0,6,23,53,55,25,10,3,4,16,54,54,56,12,6,0,0,0,10,11
0,0,0,0,2,12,54,64,66,53,8,10,10,29,55,74,50,19,2,0,0,0,0,0
1,0,6,9,4,11,52,58,64,52,21,20,26,52,62,60,60,36,7,0,0,0,0,0
0,0,0,8,12,14,57,60,61,54,34,12,22,47,60,75,66,51,8,0,0,0,0,0
0,0,0,0,7,16,54,61,61,55,33,17,25,53,77,81,66,39,9,6,0,0,4,0
0,0,0,1,7,14,53,61,67,52,14,13,14,54,64,63,57,24,11,0,0,0,0,0
2,0,6,10,9,11,51,65,56,53,13,4,20,52,70,63,45,12,6,0,0,0,6,0
5,4,2,5,8,10,36,54,57,47,13,9,12,40,53,40,36,11,11,2,0,0,11,9
0,4,0,2,9,6,14,53,54,29,13,10,7,17,32,52,11,7,2,0,0,5,7,0
3,0,6,5,9,7,10,43,43,11,8,3,3,11,24,29,10,10,4,0,6,0,6,5

0

7,6,5,3,3,10,5,8,12,14,27,43,34,14,25,11,0,8,4,6,6,2,10,3
11,5,6,12,13,14,11,16,43,50,53,57,53,50,43,32,13,10,6,12,12,3,4,7
8,6,6,8,11,14,14,47,53,55,54,57,69,53,40,18,20,14,0,7,6,0,6,5
3,10,11,11,10,12,33,14,36,42,14,17,12,13,14,12,6,2,8,0,0,0,1,5
0,0,6,5,0,8,2,0,3,9,14,11,5,15,31,14,11,3,0,12,2,0,1,0
5,9,5,8,13,17,32,46,56,56,67,54,57,56,53,48,48,8,0,5,6,0,0,0
9,8,8,13,47,54,59,65,88,78,82,74,74,71,78,76,56,50,12,12,25,9,0,0
0,0,12,55,64,64,68,85,103,115,111,99,84,79,84,92,74,73,50,7,9,4,8,5
0,3,50,63,64,67,68,97,129,132,122,115,111,107,105,115,100,79,69,59,50,10,0,6
0,12,55,58,56,69,89,123,143,131,145,150,138,153,147,148,122,104,68,58,55,33,13,8
5,30,52,51,51,62,78,121,140,149,167,155,162,173,157,146,112,87,64,49,54,50,13,6
10,51,54,55,46,53,60,109,134,156,173,155,150,168,156,138,112,69,50,35,53,52,25,5
29,54,66,59,12,33,58,94,126,152,160,153,151,149,146,125,104,56,35,37,46,47,31,11
41,62,85,53,9,11,59,103,112,132,143,137,134,135,128,116,101,66,9,13,54,75,46,0
57,111,105,39,12,13,50,74,68,71,97,105,108,110,111,100,79,51,13,7,59,105,39,8
61,84,73,14,5,13,50,66,66,62,67,69,71,79,69,62,59,58,12,3,36,79,50,11
17,38,45,14,9,14,56,60,54,57,62,58,59,53,55,54,56,54,24,3,10,25,14,11
12,24,28,14,23,37,43,47,56,75,72,67,54,58,52,67,61,41,31,10,13,13,13,11
0,7,8,4,6,13,60,71,75,109,124,125,114,78,77,108,92,58,44,15,0,5,9,8
0,6,9,10,8,13,59,108,136,142,176,192,187,147,147,143,136,116,88,14,10,6,0,3
6,5,2,15,13,29,98,120,126,147,209,215,193,178,178,168,145,121,101,39,14,3,6,9
6,5,9,12,21,42,102,129,153,178,220,240,227,203,183,167,141,113,85,47,14,15,9,6
9,6,14,21,27,41,100,127,155,182,224,225,204,184,174,157,145,133,79,64,26,3,3,0
4,0,0,11,40,67,107,124,145,168,184,187,162,151,154,151,149,134,109,101,13,8,3,0
1,7,5,7,14,101,101,111,125,142,149,138,114,113,132,140,135,118,101,37,7,0,5,11
9,4,10,10,4,12,97,105,108,119,115,102,59,47,111,109,115,114,100,64,7,7,15,1
0,8,0,4,5,20,60,90,100,105,102,76,11,44,102,106,101,101,59,12,1,0,4,8
2,3,3,0,4,14,70,60,87,95,101,79,12,58,94,91,100,90,35,4,2,0,5,10
0,7,0,3,5,11,62,74,77,60,58,28,10,49,72,80,89,67,26,10,0,3,0,5
6,0,0,6,7,3,50,53,65,66,45,31,11,38,46,45,49,35,9,10,0,0,0,0
6,3,6,13,6,14,45,44,52,53,47,37,16,37,45,49,49,25,12,11,5,0,9,4
0,0,0,5,0,11,22,51,54,58,27,29,8,24,63,55,56,14,9,20,10,0,9,6
6,0,0,0,0,0,24,56,56,52,38,4,10,19,56,57,52,12,4,6,0,0,0,3
4,1,0,1,3,10,15,58,59,33,12,2,6,18,55,66,45,10,1,3,0,0,6,7
0,0,0,0,0,6,23,53,55,24,10,3,4,15,54,54,56,12,6,0,0,0,10,11
0,0,0,0,2,12,54,64,66,53,8,10,10,28,54,73,50,19,2,0,0,0,0,0
1,0,6,8,4,11,52,57,64,52,21,20,25,52,61,60,60,37,7,0,0,0,0,0
0,0,0,8,12,14,57,60,61,54,34,12,22,47,59,75,66,51,8,0,0,0,0,0
0,0,0,0,7,16,54,60,61,54,32,17,25,53,76,81,67,38,9,6,0,0,4,0
0,0,0,1,7,14,53,61,66,52,14,13,14,54,64,63,57,24,11,0,0,0,0,0
2,0,6,10,9,11,51,65,56,54,13,4,23,52,70,63,45,12,6,0,0,0,6,0
5,3,1,5,8,10,36,54,57,47,13,9,12,42,53,40,36,11,11,2,0,0,11,9
0,4,0,2,9,6,14,53,54,30,13,10,7,17,32,52,11,8,2,0,0,5,7,0
3,0,6,5,9,7,11,42,40,11,7,3,3,11,25,29,10,10,5,0,6,0,6,5

0

6,5,5,3,3,10,5,8,12,15,27,44,34,14,26,11,0,8,4,6,6,2,10,3
11,4,6,12,13,14,11,15,42,50,53,57,53,50,41,32,14,10,6,12,12,3,3,7
8,6,6,8,11,14,14,46,53,55,54,57,69,55,40,18,20,14,0,7,6,0,6,5
3,10,11,11,10,12,34,14,36,43,14,18,12,13,14,12,5,2,8,0,0,0,0,4
0,0,6,5,0,8,2,0,4,9,14,12,6,15,32,14,11,3,0,12,2,0,0,0
5,9,5,8,12,16,32,46,56,56,67,54,57,56,54,48,48,8,0,5,6,0,0,0
9,8,8,13,47,54,59,65,88,78,82,74,74,71,79,76,56,50,12,12,25,9,0,0
0,0,12,56,64,64,67,84,103,114,111,99,84,79,84,92,74,73,50,7,9,5,8,5
0,3,51,64,64,67,68,97,129,132,121,115,111,107,105,115,99,79,69,59,50,10,0,6
0,12,55,58,56,69,89,123,143,131,145,149,137,152,146,148,122,104,68,58,55,33,13,8
5,31,52,51,51,62,78,122,140,149,166,154,161,172,156,146,112,87,64,49,53,50,13,6
10,52,54,55,45,54,60,109,135,156,173,155,149,168,155,138,112,69,50,35,53,52,26,4
30,54,66,59,12,33,58,95,127,152,160,154,151,149,145,125,104,56,35,38,46,48,31,10
41,62,85,53,9,11,60,103,113,132,143,137,134,135,128,116,101,66,9,13,54,75,48,1
57,111,105,41,12,13,51,75,68,72,97,105,108,110,111,101,79,52,13,7,59,105,39,9
61,85,73,14,5,13,50,66,67,61,67,69,71,79,69,62,59,58,11,3,36,80,51,11
18,39,45,14,9,14,57,60,54,57,62,58,59,53,55,54,56,54,26,3,10,26,14,11
12,24,28,15,24,38,43,47,56,76,72,67,54,58,52,67,61,41,31,10,13,13,13,12
0,7,8,4,6,13,60,71,75,109,124,125,114,78,77,108,92,58,44,15,0,5,9,8
1,7,9,10,9,13,59,109,136,142,176,192,187,147,147,143,136,116,88,14,10,6,0,3
6,5,2,15,13,29,98,120,127,147,209,216,193,178,178,168,145,121,101,39,14,3,6,9
6,5,9,12,21,42,102,129,153,178,220,240,228,204,183,167,141,113,85,47,14,15,9,6
9,6,14,21,28,41,100,127,156,182,225,226,204,185,174,157,145,133,79,64,26,4,3,0
4,0,0,11,41,67,107,124,145,169,184,188,162,152,154,152,149,134,109,101,13,8,3,0
1,7,5,7,14,102,101,111,126,143,149,138,114,113,132,140,135,118,101,37,7,0,5,11
9,3,10,10,4,12,97,105,108,119,115,102,59,50,111,109,115,114,100,64,7,8,16,1
0,8,0,4,5,21,61,90,101,105,102,75,11,46,102,105,101,101,60,12,1,0,4,8
2,3,3,0,5,14,71,60,87,95,101,80,12,59,94,91,101,90,36,4,3,0,5,10
0,7,0,3,5,12,62,74,77,60,58,29,10,49,72,80,90,67,27,10,0,3,0,5
6,0,0,6,7,3,50,53,66,67,46,32,11,38,46,45,49,35,9,11,0,0,0,0
5,3,6,12,6,14,45,44,52,54,47,37,17,37,45,49,49,25,12,11,5,0,9,4
0,0,0,4,0,11,23,51,54,58,29,30,8,25,63,55,56,14,9,20,10,0,10,6
5,0,0,0,0,0,25,56,56,52,39,4,10,19,56,57,52,13,4,7,0,0,0,3
4,1,0,0,3,10,16,58,59,33,12,2,6,18,55,66,45,10,1,3,0,0,6,7
0,0,0,0,0,6,23,53,55,25,10,3,4,16,54,54,56,12,6,0,0,0,10,11
0,0,0,0,2,12,55,64,66,53,8,10,10,29,54,73,50,19,2,0,0,0,0,0
1,0,6,8,4,11,52,58,64,52,22,20,26,52,61,60,59,38,8,0,0,0,0,0
0,0,0,8,12,14,57,60,61,54,33,12,21,47,59,75,66,51,8,0,0,0,0,0
0,0,0,0,7,17,54,60,61,54,32,16,24,53,76,80,66,38,9,6,0,0,4,0
0,0,0,1,7,14,52,61,66,52,14,13,14,54,64,63,57,24,11,0,0,0,0,0
2,0,6,10,9,11,51,65,56,53,13,4,23,52,70,63,45,12,6,0,0,0,6,0
5,3,1,5,8,10,36,54,57,46,13,9,12,42,53,40,37,12,11,3,0,0,11,9
0,4,0,2,9,6,14,53,54,27,13,10,7,17,32,52,12,8,2,0,0,5,7,0
3,0,6,5,9,7,11,43,40,10,8,2,3,11,25,30,11,10,5,0,6,0,6,5

0

6,5,4,3,3,10,5,8,12,15,28,43,34,14,26,11,0,8,4,6,6,2,10,3
11,4,6,11,13,14,11,15,42,50,53,57,53,50,43,32,14,10,6,12,12,3,3,7
8,6,6,8,11,14,14,47,53,55,54,57,68,56,39,18,20,14,0,7,6,0,6,4
3,10,11,11,9,11,34,14,36,44,14,20,12,13,14,11,5,1,8,0,0,0,0,4
0,0,6,5,0,8,2,0,4,9,14,12,6,15,31,14,11,3,0,12,2,0,0,0
5,9,5,8,12,15,32,46,56,56,68,54,57,56,54,48,48,8,0,5,6,0,0,0
9,8,8,13,47,54,59,65,87,78,82,74,74,71,78,75,56,50,12,12,25,9,0,0
0,0,12,55,64,64,67,84,103,114,110,99,84,79,84,92,74,73,50,7,9,5,8,5
0,3,51,64,64,67,68,97,128,131,121,115,111,107,105,114,99,78,69,59,50,10,0,6
0,12,55,58,56,69,89,123,143,131,145,149,138,153,146,148,122,104,68,58,55,34,13,8
5,31,52,51,51,62,78,122,140,149,167,155,162,172,157,146,112,87,64,50,53,50,13,6
10,52,54,55,46,54,61,110,135,157,174,155,150,168,156,138,112,69,50,36,53,52,27,4
29,54,66,59,12,35,58,96,127,153,161,154,152,149,146,125,104,56,36,37,46,48,31,11
42,62,84,53,9,11,60,103,113,132,143,137,134,135,128,116,101,66,9,13,54,75,50,1
57,111,105,40,12,13,51,74,68,71,97,105,108,110,111,100,80,52,13,7,60,106,40,9
62,85,73,14,5,13,50,66,67,62,67,69,71,80,69,62,59,58,11,3,36,80,52,12
17,38,45,14,9,14,56,60,54,57,62,58,59,53,55,54,56,54,26,3,10,28,14,11
12,24,28,15,24,38,43,47,56,75,72,67,54,58,52,67,61,41,31,10,13,13,14,12
0,7,8,4,6,13,60,72,75,109,124,125,114,78,77,108,92,58,44,15,0,5,9,8
1,7,9,10,9,13,59,109,136,142,176,192,187,147,147,143,136,116,89,14,10,6,0,3
6,5,3,15,13,29,98,121,127,147,209,216,193,178,178,168,145,121,101,38,14,3,6,9
7,5,9,12,22,42,102,130,154,178,220,240,228,203,183,167,141,113,85,47,14,15,9,6
9,6,14,21,28,42,101,127,156,182,225,226,204,185,174,157,145,133,79,64,26,4,3,0
4,0,0,11,41,67,107,124,146,169,184,187,162,151,154,152,149,134,109,101,13,8,3,0
1,7,5,7,14,102,101,111,126,143,149,138,114,113,132,140,136,118,101,37,7,0,5,11
9,4,10,10,4,12,98,105,108,119,115,102,62,50,111,109,115,114,100,65,7,8,16,1
0,8,0,4,5,24,60,89,101,105,102,76,12,47,102,105,101,101,60,12,1,0,4,8
2,3,3,0,5,14,70,60,87,95,101,79,12,58,94,91,100,91,36,4,3,0,5,11
0,6,0,3,5,12,63,75,77,60,58,30,11,50,72,80,90,67,27,10,0,3,0,6
6,0,0,6,7,3,50,53,65,67,46,33,11,38,46,44,49,35,10,11,0,0,0,0
5,3,6,12,6,14,44,44,52,53,47,37,17,37,45,49,49,25,12,11,5,0,9,4
0,0,0,4,0,11,24,51,54,58,29,29,9,27,63,55,56,14,9,21,10,0,10,6
5,0,0,0,0,0,25,56,56,52,39,4,10,20,56,57,52,13,4,7,0,0,0,3
3,1,0,0,3,10,17,58,59,33,12,2,6,19,55,65,45,10,2,3,0,0,6,7
0,0,0,0,0,6,24,53,54,24,10,3,4,17,54,54,56,12,6,0,0,0,10,11
0,0,0,0,2,12,55,64,66,53,8,10,10,29,54,74,50,20,2,0,0,0,0,0
0,0,5,8,4,11,52,58,63,52,22,20,26,52,61,60,59,39,8,0,0,0,0,0
0,0,0,8,12,14,57,60,61,54,33,12,22,47,59,75,66,51,9,0,0,0,0,0
0,0,0,0,7,17,54,60,61,54,32,16,25,53,76,80,66,39,10,6,0,0,4,0
0,0,0,1,7,14,52,61,66,52,14,13,14,53,64,63,57,24,11,0,0,0,0,0
1,0,6,10,9,11,51,64,55,53,13,4,24,52,70,63,45,12,6,0,0,0,6,0
5,3,1,5,9,10,36,54,57,46,13,9,12,40,53,41,37,12,11,3,0,0,11,9
0,4,0,2,9,6,14,53,54,27,13,10,7,18,32,52,12,8,2,0,0,5,7,0
3,0,6,5,9,7,11,42,39,10,7,2,3,11,25,30,11,10,5,0,6,0,6,5

0

6,5,4,3,3,10,5,8,12,15,28,45,34,14,26,11,0,8,4,6,6,2,10,3
11,4,6,11,13,14,11,16,42,50,53,57,53,50,45,32,14,10,6,12,12,3,3,7
8,6,6,8,11,14,14,47,53,54,54,58,69,56,39,19,20,14,0,7,6,0,6,4
3,10,11,11,9,11,34,14,38,45,14,22,12,13,14,12,5,1,8,0,0,0,0,4
0,0,6,5,0,8,2,0,4,9,15,12,6,15,31,14,11,3,0,12,2,0,0,0
5,9,5,8,12,15,31,46,56,56,68,54,57,56,53,47,48,8,0,5,6,0,0,0
9,8,8,13,46,54,59,65,87,77,81,74,74,71,78,75,56,50,12,12,25,9,0,0
0,0,12,55,64,64,67,84,103,114,110,98,84,79,84,92,74,73,50,7,9,5,8,5
0,3,51,63,64,67,68,97,128,131,121,114,111,107,105,114,99,78,69,59,50,10,0,6
0,12,55,58,56,69,89,123,142,131,144,149,138,153,147,148,122,104,68,58,55,34,13,8
5,30,52,51,51,63,78,122,140,150,167,155,162,173,157,146,112,87,64,50,54,50,13,6
10,52,54,55,46,54,61,110,135,157,174,156,151,169,156,139,113,69,50,36,53,52,27,4
29,54,66,58,12,34,58,96,128,154,161,155,153,149,146,125,104,56,36,38,46,48,31,11
44,62,84,53,9,11,60,103,113,133,143,137,134,135,129,116,101,66,9,13,54,75,50,1
57,111,105,40,12,13,50,75,68,72,97,105,108,110,111,100,80,52,13,7,60,106,40,9
61,86,73,14,5,13,50,66,67,61,67,69,71,79,68,62,59,58,11,3,37,81,53,12
17,39,45,14,9,14,56,60,54,57,62,58,59,53,55,54,56,54,25,3,10,29,14,11
13,24,29,16,25,38,43,47,56,75,72,66,54,58,52,67,61,41,31,10,13,14,14,12
0,7,8,4,6,13,61,72,75,109,124,125,114,78,77,108,92,58,44,15,0,6,10,8
2,8,9,11,9,13,59,109,136,142,176,192,187,147,147,143,136,116,89,14,10,6,0,3
6,5,3,15,13,30,98,121,127,147,209,216,193,178,178,168,145,122,101,39,14,3,6,9
7,5,9,12,22,42,102,130,154,178,220,240,228,204,183,167,141,113,85,47,14,15,9,6
9,6,14,21,28,41,101,128,156,182,225,226,204,185,174,158,145,133,79,64,26,4,4,0
4,0,0,11,41,68,107,124,146,169,184,188,162,151,155,152,149,134,109,101,13,8,4,0
1,7,5,7,14,102,101,111,127,143,149,138,114,113,132,140,136,118,101,37,7,0,5,11
9,4,10,10,4,12,98,105,108,119,115,102,63,51,111,109,115,114,100,65,7,8,17,1
0,8,0,4,6,28,61,89,101,105,102,76,12,48,102,105,101,101,60,12,1,0,4,8
2,3,3,0,5,14,70,60,87,96,101,79,13,59,95,92,100,90,36,4,3,0,6,11
0,6,0,2,6,12,63,74,77,60,58,29,11,50,72,80,90,67,27,10,0,3,0,6
6,0,0,6,6,4,50,54,66,67,46,34,12,38,46,45,49,35,10,11,0,0,0,0
5,3,6,12,5,14,45,44,52,54,47,37,18,37,45,48,49,26,12,11,5,0,9,4
0,0,0,3,0,11,24,51,54,58,30,30,9,28,63,55,56,14,10,21,11,0,10,6
5,0,0,0,0,0,25,56,56,52,39,4,10,21,56,57,52,13,4,7,0,0,0,3
3,1,0,0,3,10,17,58,59,33,12,2,6,19,55,65,46,10,2,3,0,0,6,7
0,0,0,0,0,6,24,53,54,24,10,4,4,17,54,53,56,12,6,0,0,0,10,11
0,0,0,0,2,12,55,64,66,53,8,10,10,30,54,73,50,20,2,0,0,0,0,0
0,0,5,8,4,11,52,57,64,52,21,20,26,52,61,60,59,39,8,0,0,0,0,0
0,0,0,8,12,14,57,60,61,54,34,13,23,47,59,75,66,51,9,0,0,0,0,0
0,0,0,0,7,18,54,60,61,54,32,16,24,53,76,80,66,39,10,7,0,0,5,0
0,0,0,1,7,14,52,61,66,52,14,13,14,53,64,63,57,24,11,0,0,0,0,0
1,0,6,10,9,11,51,64,55,53,13,4,24,52,70,63,45,12,6,0,0,0,6,0
5,3,1,5,9,10,36,53,57,46,13,9,12,43,53,40,39,12,11,3,0,0,11,9
0,4,0,2,9,6,14,53,54,29,13,10,7,17,32,52,12,8,2,0,0,5,7,0
3,0,6,5,9,7,11,44,38,11,8,2,3,11,26,31,11,10,5,0,6,0,6,5

0

6,5,4,3,3,10,5,8,12,15,29,45,34,14,26,11,0,8,4,6,6,2,10,3
11,4,6,12,13,14,11,17,43,50,53,58,53,50,45,32,14,10,6,12,12,3,3,7
8,5,6,8,11,14,14,48,53,55,54,58,69,56,41,19,20,14,0,7,6,0,6,4
3,10,11,11,9,11,34,15,38,46,14,23,12,13,14,12,5,1,8,0,0,0,0,4
0,0,6,5,0,8,2,0,4,9,15,12,6,14,31,14,11,3,0,12,2,0,0,0
5,9,5,8,12,16,31,46,56,57,68,54,57,56,53,48,48,8,0,5,6,0,0,0
9,8,8,13,45,54,59,65,87,78,82,74,74,71,78,75,56,50,12,12,25,9,0,0
0,0,12,55,64,64,67,84,102,114,110,98,84,79,84,92,74,73,50,7,9,5,8,5
0,3,51,64,64,67,68,96,128,131,121,114,111,106,105,114,99,78,69,59,50,10,0,6
0,12,55,58,56,69,89,123,142,131,144,149,138,153,147,149,122,104,69,58,55,34,13,8
5,31,52,50,51,63,78,122,140,150,167,155,162,173,157,146,112,87,64,50,54,50,13,6
10,52,54,55,46,54,61,110,136,158,174,156,150,168,156,139,113,69,50,36,53,52,27,4
30,54,67,59,12,35,58,96,128,154,161,155,153,150,146,126,104,56,37,38,46,48,31,11
42,62,84,53,9,11,61,103,113,133,143,137,134,135,129,116,101,66,9,13,54,75,50,1
58,111,105,40,12,14,51,74,68,72,97,105,108,110,111,100,80,52,13,7,60,106,41,9
61,86,73,14,5,13,50,66,67,62,67,69,71,79,69,62,59,59,11,3,36,81,53,12
18,38,45,14,9,14,57,60,54,57,62,58,59,53,55,54,56,54,25,3,10,29,14,12
13,24,29,16,25,38,43,47,56,75,72,67,54,58,52,67,61,41,31,10,14,14,14,12
0,7,9,4,6,13,60,72,75,110,124,125,114,78,77,108,92,58,44,15,0,6,10,9
2,8,9,11,9,14,59,109,136,142,176,192,187,147,147,143,136,116,89,14,10,6,0,3
6,5,3,15,13,30,99,121,127,147,210,216,193,179,178,168,145,122,101,39,14,3,6,9
7,5,9,13,22,42,102,130,154,178,220,240,229,204,184,167,141,113,85,47,14,15,9,6
9,6,14,21,28,42,101,128,157,183,225,226,204,185,174,158,146,133,79,64,26,4,4,0
4,0,0,11,41,67,107,125,146,169,184,187,162,151,154,152,149,134,109,101,13,8,4,0
2,7,5,7,14,102,101,111,127,143,149,138,114,113,132,140,136,118,101,37,7,0,5,11
9,4,10,10,4,12,100,105,109,119,116,102,64,52,111,109,115,114,100,66,7,8,18,1
0,8,0,4,6,28,61,90,101,105,102,75,12,50,102,106,101,101,60,12,1,0,4,9
2,3,3,0,5,14,70,60,88,95,101,80,13,59,95,92,100,90,38,4,3,0,6,11
0,6,0,2,4,11,63,75,78,60,59,30,11,50,72,80,89,67,27,10,0,3,0,6
6,0,0,6,6,4,50,53,66,68,45,34,12,39,46,45,48,35,10,11,0,0,0,0
5,3,6,12,5,14,45,44,52,53,47,37,18,37,45,49,49,26,12,11,5,0,9,4
0,0,0,3,0,11,24,51,54,58,30,31,9,28,64,55,56,14,10,21,11,0,10,6
5,0,0,0,0,0,27,56,56,52,39,4,10,22,56,57,52,13,4,7,0,0,0,3
3,0,0,0,3,10,17,58,59,33,12,2,6,19,55,65,46,10,2,3,0,0,6,7
0,0,0,0,0,6,24,53,55,25,10,4,4,17,54,53,56,12,6,0,0,0,10,11
0,0,0,0,2,12,55,64,66,53,8,10,10,30,54,73,50,20,2,0,0,0,0,0
0,0,5,8,4,11,52,57,63,52,22,20,27,52,61,60,59,39,8,0,0,0,0,0
0,0,0,8,12,14,57,60,61,54,34,12,23,47,59,75,66,51,9,0,0,0,0,0
0,0,0,0,7,17,54,60,61,54,32,16,25,53,76,80,66,39,10,7,0,0,5,0
0,0,0,1,7,14,52,61,66,52,14,13,14,54,64,63,57,24,11,0,0,0,0,0
1,0,6,10,9,11,51,64,55,53,13,4,23,52,70,63,45,12,6,0,0,0,6,0
5,3,1,5,8,10,36,53,57,45,13,9,12,42,53,40,39,12,11,3,0,0,11,9
0,4,0,1,9,6,14,53,54,29,13,10,7,18,32,52,12,8,2,0,0,5,7,0
3,0,6,5,9,7,11,43,39,11,7,2,4,11,26,31,11,10,5,0,6,0,6,5

0

6,5,4,3,3,10,5,8,12,16,30,45,34,14,26,11,0,8,4,6,6,2,10,3
11,4,6,12,13,14,11,17,42,50,53,57,53,50,47,32,14,10,6,12,12,3,3,7
8,5,6,8,11,14,14,47,53,55,54,58,69,57,41,20,20,14,0,7,5,0,6,4
3,10,11,11,9,11,34,14,38,47,14,25,12,14,14,12,5,1,8,0,0,0,0,4
0,0,5,5,0,8,2,0,4,9,16,12,6,15,31,14,11,3,0,12,2,0,0,0
4,9,5,8,12,15,31,46,56,57,68,54,57,56,53,48,48,8,0,5,6,0,0,0
9,8,8,13,46,54,58,64,87,78,82,74,74,71,78,75,56,50,12,12,25,9,0,0
0,0,12,55,64,64,67,84,102,114,110,98,84,78,84,92,74,73,50,7,9,5,8,5
0,3,51,63,64,67,68,96,128,131,121,114,111,106,104,114,99,78,69,59,50,10,0,6
0,12,55,58,56,70,89,123,142,131,144,149,138,153,146,148,122,104,69,58,55,34,13,8
5,31,52,51,51,63,79,122,140,149,167,155,162,172,157,146,112,87,64,49,54,50,13,6
10,52,54,55,45,54,61,110,136,157,174,156,150,169,156,139,112,69,50,36,53,52,28,4
29,54,66,59,12,34,58,97,128,154,161,155,153,150,146,125,104,56,36,38,46,48,31,11
42,62,84,53,9,11,61,103,113,133,143,137,134,135,129,116,101,66,9,13,54,75,50,1
58,112,105,40,12,13,51,74,68,72,97,105,108,110,111,101,80,52,13,7,60,106,42,9
61,86,73,14,5,13,50,66,67,62,67,69,71,79,69,62,59,59,11,3,37,81,53,12
18,39,45,14,9,14,57,60,54,57,62,58,59,53,55,54,56,54,27,3,10,29,14,12
13,24,29,16,25,38,43,47,56,75,72,66,54,58,52,67,61,41,31,10,14,14,14,12
0,8,9,4,6,13,61,72,75,110,124,125,114,78,77,108,92,58,44,15,0,6,10,9
2,8,10,11,9,14,59,109,136,142,176,192,187,147,147,143,136,116,89,14,10,6,0,3
6,5,3,15,13,30,99,121,127,147,209,216,193,179,178,168,145,122,102,39,14,3,6,9
7,5,9,13,23,42,103,131,154,179,221,240,228,204,184,167,141,113,85,47,14,15,9,6
9,6,14,21,28,41,101,128,157,183,225,226,204,185,174,158,146,133,79,64,26,4,4,0
4,0,0,11,41,67,107,125,146,169,184,188,162,151,155,152,149,135,109,101,13,8,4,0
2,7,5,7,14,102,101,111,127,143,149,138,114,113,132,140,136,118,101,37,7,0,5,11
9,3,10,10,4,13,98,105,109,119,115,102,65,52,111,109,115,114,100,65,7,8,17,1
0,8,0,4,6,28,61,90,101,105,102,76,12,50,103,106,101,101,61,12,1,0,4,9
2,3,3,0,5,14,70,60,88,96,101,80,13,59,96,92,100,90,36,4,3,0,6,11
0,6,0,3,4,11,63,75,78,60,58,31,11,50,72,80,88,67,27,11,0,3,0,6
5,0,0,6,6,4,50,53,65,67,46,34,12,38,46,44,48,35,10,11,0,0,0,0
5,3,6,12,5,14,45,44,52,53,47,37,19,37,45,48,49,26,12,11,5,0,9,4
0,0,0,3,0,11,24,51,54,58,31,30,9,29,64,55,56,14,10,21,11,0,10,6
5,0,0,0,0,0,27,56,56,52,39,4,10,23,56,57,53,13,5,7,0,0,0,3
3,0,0,0,3,10,17,58,59,33,12,2,6,19,55,65,46,10,2,3,0,1,6,7
0,0,0,0,0,6,25,53,55,26,10,4,4,18,54,53,56,12,6,0,0,0,10,11
0,0,0,0,2,12,55,64,65,53,8,10,10,30,54,73,50,20,2,0,0,0,0,0
0,0,5,8,4,11,52,57,63,52,22,20,26,52,61,60,59,38,8,0,0,0,0,0
0,0,0,8,12,14,57,60,61,54,35,12,23,48,59,75,66,51,9,0,0,0,0,0
0,0,0,0,7,18,54,60,61,54,30,16,25,53,76,80,66,39,10,7,0,0,5,0
0,0,0,1,7,14,52,61,66,52,14,13,14,54,64,63,57,24,11,0,0,0,0,0
1,0,6,10,9,11,51,64,55,53,13,4,22,52,69,63,46,12,7,0,0,0,6,0
5,3,1,5,9,10,36,54,57,45,13,9,13,42,53,41,39,12,11,3,0,0,11,10
0,4,0,1,9,6,14,53,54,29,13,10,7,19,32,52,12,8,2,0,0,5,7,0
3,0,6,5,9,7,11,42,38,10,7,2,4,11,26,32,11,10,5,0,6,0,6,5

0

6,5,4,3,3,10,5,8,13,16,29,45,34,14,26,11,0,8,4,6,6,2,10,3
11,4,6,11,13,14,11,17,43,50,53,57,53,50,47,32,14,10,6,12,12,3,3,7
8,5,6,8,11,14,14,48,53,55,54,57,69,57,41,20,20,14,0,7,5,0,6,4
3,10,11,11,9,11,35,15,38,47,14,26,12,14,14,12,5,1,8,0,0,0,0,4
0,0,5,5,0,8,2,0,4,9,17,12,6,15,31,14,11,3,0,12,2,0,0,0
4,9,5,8,12,15,31,45,56,57,68,54,57,57,53,48,48,8,0,5,6,0,0,0
9,8,8,13,46,54,58,65,87,78,82,75,74,71,78,75,56,50,12,12,26,9,0,0
0,0,12,55,64,64,67,83,102,114,110,98,84,79,84,92,74,73,50,8,9,5,8,5
0,3,51,64,64,67,68,96,128,131,121,114,111,107,105,114,99,78,69,59,50,10,0,6
0,12,55,58,56,70,89,123,142,131,144,149,138,153,147,149,122,104,68,58,55,35,13,8
5,32,52,51,51,63,79,122,140,150,167,155,162,172,157,146,112,87,64,50,54,50,13,6
10,52,54,55,45,54,61,110,136,158,174,156,150,169,156,139,112,69,50,36,53,52,28,4
30,54,66,59,12,34,58,97,128,155,161,155,153,150,146,125,104,56,36,38,46,48,32,11
42,62,84,53,9,11,60,103,114,133,143,137,135,135,129,116,101,67,9,13,54,75,51,2
58,112,105,41,12,13,51,75,68,72,97,105,108,110,111,101,80,53,13,7,60,106,42,10
61,86,73,15,5,13,50,66,67,61,67,69,71,79,69,62,59,58,11,3,36,81,54,12
19,39,45,14,9,14,57,60,54,57,62,58,59,53,55,54,56,54,27,3,10,31,14,12
13,24,29,16,25,38,43,47,56,76,72,66,54,58,52,67,61,41,31,10,14,14,14,12
0,8,9,4,6,13,61,72,75,110,124,125,114,78,77,108,92,58,44,15,0,6,10,9
2,8,9,11,9,14,59,109,136,142,176,192,187,147,147,143,136,116,89,14,10,6,0,3
6,5,3,15,13,30,100,121,127,147,210,216,194,179,179,168,145,122,102,39,14,3,6,9
7,5,10,13,22,42,103,130,154,179,221,241,229,205,184,167,142,113,85,47,14,15,9,6
9,6,14,21,28,42,101,128,157,183,225,226,204,185,174,158,146,133,79,64,26,4,4,0
4,0,0,11,41,68,107,125,146,170,184,188,162,152,155,152,149,135,109,101,13,8,4,0
2,7,5,8,14,102,101,112,127,143,149,138,114,113,132,140,136,118,101,37,7,0,5,11
9,3,10,10,4,12,100,105,109,119,115,102,67,53,111,109,115,114,100,65,8,8,17,1
0,8,0,4,6,29,61,91,101,105,102,76,12,50,103,105,101,101,61,12,1,0,4,9
2,3,3,0,5,14,69,61,87,96,101,80,13,59,96,91,100,91,38,4,3,0,6,11
0,6,0,3,4,11,63,75,78,60,58,32,11,50,73,80,89,68,28,11,0,3,0,6
5,0,0,6,6,4,50,54,66,68,46,34,12,38,46,45,48,35,10,11,0,0,0,0
5,3,6,12,5,14,46,44,52,54,47,37,19,38,45,49,50,26,12,11,5,0,9,4
0,0,0,3,0,11,24,51,54,58,31,30,9,30,64,55,56,14,10,21,11,0,10,6
5,0,0,0,0,0,27,56,56,52,40,4,10,23,56,57,53,13,5,7,0,0,0,3
3,0,0,0,3,10,18,58,59,34,12,2,7,19,55,65,46,10,2,3,0,1,6,7
0,0,0,0,0,6,26,53,54,26,10,4,4,18,54,54,56,12,6,0,0,0,10,11
0,0,0,0,1,12,55,64,65,53,8,10,10,31,54,74,50,21,2,0,0,0,0,0
0,0,4,7,4,11,52,57,63,52,22,20,26,52,61,60,59,39,8,0,0,0,0,0
0,0,0,8,12,14,57,60,61,54,34,13,22,47,59,75,66,51,9,0,0,0,0,0
0,0,0,0,7,18,54,60,61,54,32,16,25,53,76,80,66,39,10,7,0,0,5,0
0,0,0,1,7,14,52,61,66,52,14,13,14,53,64,63,57,24,11,0,0,0,0,0
1,0,6,10,9,11,51,64,55,53,13,4,23,52,70,63,46,12,7,0,0,0,6,0
5,3,1,5,9,10,36,53,56,45,13,9,12,43,53,40,40,12,11,3,0,0,11,9
0,4,0,1,9,6,14,53,54,29,13,10,7,18,32,52,12,8,3,0,0,5,7,0
3,0,6,5,9,7,11,42,37,11,7,2,4,11,26,32,11,10,5,0,6,0,6,5

0

6,5,4,3,3,10,5,8,12,16,29,46,34,14,26,11,0,8,4,6,6,2,10,3
11,4,5,11,13,14,11,17,45,50,53,57,53,50,47,32,14,10,6,12,12,3,3,7
8,5,6,8,11,14,14,48,53,54,54,58,69,57,41,19,20,14,0,7,5,0,6,4
3,10,11,11,9,11,35,15,38,47,14,26,13,14,14,12,5,1,8,0,0,0,0,4
0,0,5,5,0,8,2,0,4,9,18,13,6,15,30,14,12,3,0,12,2,0,0,0
4,9,5,8,12,15,31,46,56,57,69,55,58,57,54,48,48,8,0,5,6,0,0,0
9,8,8,13,46,54,59,65,87,78,82,75,74,71,78,75,56,50,12,12,25,9,0,0
0,0,12,55,64,64,67,84,102,114,110,99,84,79,84,92,74,73,50,8,9,5,8,5
0,3,51,64,64,67,68,96,128,131,121,115,111,107,105,114,99,78,69,59,50,10,0,6
0,12,55,58,56,70,89,123,142,131,144,149,138,153,147,148,122,104,69,58,55,35,13,8
5,32,52,50,51,63,79,122,140,150,167,155,162,173,157,146,112,87,64,50,54,50,13,6
10,52,54,55,46,54,61,110,136,158,174,156,150,169,157,139,113,69,50,36,53,52,28,5
29,54,66,59,12,34,59,97,128,155,161,155,152,149,146,125,104,56,37,38,46,48,32,11
43,62,84,53,9,11,61,103,113,133,143,137,134,135,129,116,101,67,9,13,54,75,50,2
57,112,105,40,12,14,51,74,68,72,97,105,108,110,111,101,80,53,14,7,60,106,43,10
61,86,73,14,5,13,50,66,67,62,67,69,71,79,69,62,59,59,11,3,36,81,54,12
18,39,45,14,9,14,57,60,54,57,62,58,59,53,55,54,56,54,27,3,10,30,14,12
13,24,29,16,25,38,43,47,56,75,72,66,54,57,52,67,61,41,31,10,14,14,14,12
0,8,9,4,6,13,60,72,75,110,124,125,114,78,77,108,92,58,44,15,0,6,10,9
2,8,9,11,9,14,59,109,136,142,176,192,187,148,147,143,136,116,89,14,10,6,0,3
6,5,3,15,13,29,100,122,127,147,210,217,194,179,178,168,145,122,102,39,14,3,6,9
7,5,9,13,22,42,103,131,155,179,221,241,229,204,184,167,142,113,85,48,14,15,9,7
9,6,14,21,28,42,101,128,157,183,226,227,204,185,175,158,146,133,79,64,26,4,4,0
4,0,0,11,43,67,107,125,147,170,185,188,162,151,155,152,150,135,109,101,13,8,4,0
1,7,5,8,14,102,101,112,127,143,149,138,114,113,132,140,136,118,101,37,8,0,5,11
9,3,10,10,4,13,100,105,109,119,116,102,69,55,111,109,115,114,100,65,8,8,17,1
0,8,0,4,6,29,61,90,101,105,102,76,12,50,103,105,101,101,61,12,1,0,4,9
2,3,3,0,5,14,70,61,88,96,101,80,13,60,96,92,100,90,38,4,3,0,6,11
0,6,0,2,4,11,63,75,78,60,59,32,11,50,73,81,88,69,27,11,0,3,0,6
5,0,0,6,6,4,50,53,66,68,46,34,12,38,46,44,48,35,10,11,0,0,0,0
5,2,6,12,5,14,45,44,52,53,47,37,19,37,45,48,49,26,12,11,5,0,9,4
0,0,0,3,0,11,24,51,54,58,31,30,9,31,64,55,56,14,10,21,11,0,10,6
5,0,0,0,0,0,28,56,56,53,41,5,10,25,56,57,53,13,5,7,0,0,0,3
3,0,0,0,2,10,18,58,59,34,12,2,7,20,55,65,46,10,2,4,0,1,6,7
0,0,0,0,0,6,24,53,54,26,10,4,4,17,54,54,56,12,6,0,0,0,10,11
0,0,0,0,1,12,55,64,65,53,8,10,10,30,54,73,50,21,2,0,0,0,0,0
0,0,4,7,4,11,52,57,63,52,22,21,26,52,61,60,59,40,8,0,0,0,0,0
0,0,0,8,12,14,57,60,61,54,35,13,23,47,59,75,66,51,9,0,0,0,0,0
0,0,0,0,7,19,54,60,61,54,32,16,25,53,76,80,66,39,10,7,0,0,5,0
0,0,0,1,8,14,52,61,65,51,14,13,14,54,64,63,57,24,11,0,0,0,0,0
1,0,6,10,9,11,51,64,55,53,13,4,23,52,69,63,46,12,7,0,0,0,7,0
5,3,0,5,9,10,36,53,57,45,13,9,12,44,53,40,40,12,11,3,0,0,11,10
0,4,0,1,9,6,14,53,54,29,13,10,7,18,32,52,12,8,3,0,0,5,7,0
3,0,6,5,9,7,11,42,37,11,7,2,4,11,26,32,11,10,5,0,6,0,6,5

0

6,5,4,3,3,10,5,8,13,17,29,45,35,14,26,11,0,8,4,6,6,2,10,3
11,4,6,11,13,14,11,18,45,50,53,57,53,50,47,32,14,10,6,12,12,2,3,7
7,5,6,8,11,14,14,47,53,55,54,58,69,58,41,20,20,14,0,7,5,0,6,4
3,10,11,11,9,11,35,15,38,48,14,27,13,14,14,12,5,1,8,0,0,0,0,4
0,0,5,5,0,8,2,0,5,9,20,13,7,17,31,14,12,3,0,12,2,0,0,0
4,9,5,8,12,15,32,46,56,57,69,55,58,57,54,48,48,8,0,5,6,0,0,0
9,8,8,13,46,54,58,65,87,78,83,75,74,71,78,75,56,50,12,12,26,9,0,0
0,0,12,56,64,64,67,83,102,114,110,99,84,79,84,92,74,73,50,8,9,5,8,5
0,3,51,64,64,67,68,96,128,132,121,115,111,107,105,114,99,78,69,59,50,10,0,6
0,12,56,58,57,70,89,123,142,131,145,149,138,153,147,149,122,104,69,58,55,35,13,8
5,31,52,50,51,63,79,122,140,150,167,155,162,172,157,146,112,87,64,50,54,50,13,6
11,52,54,55,46,54,61,110,136,157,174,156,150,168,156,138,112,69,50,36,53,52,28,5
29,54,66,59,12,34,58,97,128,154,161,155,152,149,146,125,104,56,36,38,46,48,31,11
43,62,84,53,9,11,61,103,114,133,143,137,135,135,129,116,101,66,9,13,54,75,51,2
57,112,105,40,12,13,51,75,68,72,98,105,108,110,111,101,81,53,13,7,60,106,43,10
61,86,73,16,5,13,50,66,67,62,67,69,71,79,69,62,59,59,11,3,37,81,54,12
17,38,45,14,9,14,57,60,54,57,62,58,59,53,55,54,56,54,26,3,10,30,14,12
13,24,29,17,25,38,43,47,56,76,72,66,54,58,52,67,61,41,31,10,14,14,14,12
0,8,9,4,6,13,60,72,75,110,124,125,114,78,77,108,92,58,44,14,0,6,10,9
2,8,10,11,9,14,59,109,136,142,176,192,187,147,147,143,136,116,89,14,10,6,0,3
6,5,3,15,14,29,100,122,127,147,210,217,194,179,179,168,145,122,102,39,14,3,6,9
7,5,10,13,22,42,103,131,155,179,221,241,229,205,184,167,142,113,85,48,14,15,9,7
9,6,14,21,28,42,101,129,158,183,226,227,205,185,175,158,146,133,79,64,26,4,4,0
4,0,0,11,41,67,107,125,147,170,185,188,162,152,155,152,150,135,109,101,13,8,4,0
1,7,5,7,14,102,101,112,127,143,149,138,114,113,132,140,136,118,101,37,8,0,5,11
9,3,10,10,4,13,100,105,109,119,115,102,67,54,111,109,115,114,101,66,8,8,17,1
0,8,0,4,6,28,61,90,101,105,102,77,12,51,103,106,101,101,62,12,1,0,4,9
2,3,2,0,5,14,70,61,88,96,101,80,13,60,96,93,100,90,38,4,3,0,6,11
0,6,0,2,4,11,63,75,78,60,58,31,11,50,72,80,89,68,27,11,0,3,0,6
5,0,0,6,6,4,51,53,66,68,46,35,12,39,46,45,49,35,10,11,0,0,0,0
5,2,6,12,5,14,45,44,52,53,48,37,19,38,45,48,49,26,12,12,5,0,9,4
0,0,0,2,0,11,24,51,54,58,31,31,9,29,64,55,56,14,10,21,11,0,10,6
4,0,0,0,0,0,27,56,56,52,41,5,10,24,56,57,53,13,5,7,0,0,0,3
3,0,0,0,2,10,17,58,59,33,12,2,7,19,55,65,46,10,2,4,0,1,6,7
0,0,0,0,0,6,25,53,54,26,10,4,4,19,54,53,56,12,6,0,0,0,10,11
0,0,0,0,1,12,55,64,65,53,9,10,10,31,54,73,50,21,3,0,0,0,0,0
0,0,4,7,4,11,52,57,63,52,22,21,26,52,61,59,59,40,8,0,0,0,0,0
0,0,0,8,12,14,57,60,61,54,35,12,24,47,59,75,66,51,9,0,0,0,0,0
0,0,0,0,7,18,54,60,61,54,33,16,25,53,76,80,66,39,10,7,0,0,5,0
0,0,0,1,7,14,52,61,66,51,14,13,14,54,64,63,57,25,11,0,0,0,0,0
1,0,6,10,9,11,51,64,55,53,13,4,22,52,70,63,46,12,7,0,0,0,7,0
5,3,0,5,9,10,36,53,56,46,13,9,12,44,53,40,40,12,11,3,0,0,11,10
0,4,0,1,9,6,15,53,54,29,13,10,7,19,32,52,12,8,3,0,0,5,7,0
3,0,6,5,9,7,11,43,37,11,7,2,4,11,26,32,11,10,5,0,6,0,7,5

0

6,5,4,3,3,10,5,8,12,16,29,46,34,14,26,11,0,8,4,6,6,2,10,3
11,4,5,12,13,14,11,17,43,50,53,57,53,50,45,32,14,10,6,12,12,3,3,7
7,5,6,8,11,14,14,48,53,55,54,58,69,58,40,20,21,14,0,7,5,0,6,4
3,10,11,11,9,11,35,16,39,48,14,29,13,14,14,12,5,1,8,0,0,0,0,4
0,0,5,5,0,8,2,0,5,9,20,13,7,17,31,14,12,3,0,12,2,0,0,0
4,9,5,8,12,16,32,46,57,57,69,55,59,57,54,48,49,8,0,5,6,0,0,0
9,8,8,13,47,54,59,65,88,78,83,75,74,71,79,75,56,50,13,12,26,9,0,0
0,0,12,55,64,64,67,83,102,114,111,99,85,79,84,92,74,73,50,8,9,5,8,5
0,3,51,64,64,67,68,96,128,132,122,115,112,107,105,115,99,78,69,59,50,10,0,6
0,12,55,58,57,70,89,122,142,131,145,150,138,153,147,148,122,104,69,58,55,36,13,8
6,32,52,51,51,63,79,121,139,150,167,155,162,172,157,146,112,87,64,50,54,50,13,6
10,52,54,55,46,54,61,110,135,157,174,155,150,168,156,138,112,69,50,36,53,52,28,5
30,54,65,59,12,34,58,96,128,154,161,154,152,149,146,125,104,56,36,38,46,48,32,11
43,62,84,53,9,11,61,103,114,133,143,137,134,135,129,116,101,66,9,13,54,75,51,2
58,112,105,41,12,14,51,74,68,72,98,105,108,110,111,101,80,52,13,7,60,106,43,10
61,86,73,16,5,13,50,66,67,62,67,69,71,79,69,62,59,59,11,3,37,81,54,12
18,38,45,14,9,14,57,60,54,57,62,58,59,53,55,54,56,54,27,3,10,30,14,12
13,24,29,16,25,38,43,47,56,76,72,67,54,58,52,67,61,41,31,10,14,14,14,12
0,8,9,4,6,13,61,72,75,110,124,125,114,78,78,108,92,58,44,14,0,6,10,9
2,8,10,11,9,14,59,109,136,142,177,193,188,148,147,143,136,116,89,14,10,6,0,3
6,5,3,15,13,29,100,122,127,147,210,217,194,180,178,169,145,122,102,39,14,3,6,9
7,5,10,13,22,42,103,131,155,179,221,241,229,205,185,167,142,113,85,48,14,15,9,7
9,6,14,21,28,42,101,129,158,184,226,227,204,185,175,158,146,133,79,64,26,5,4,0
4,0,0,11,41,67,107,125,147,170,185,188,162,152,155,153,150,135,109,101,13,8,4,0
1,7,5,8,14,102,101,112,128,143,149,138,114,113,132,140,136,118,101,37,8,0,5,11
9,3,10,10,4,12,100,105,109,119,116,102,68,55,111,109,115,114,100,66,8,8,18,1
0,8,0,4,6,28,61,90,101,105,102,76,12,50,103,106,101,101,62,12,1,0,4,9
2,3,2,0,5,14,70,61,88,95,101,80,13,59,96,92,100,90,41,4,3,0,6,11
0,6,0,3,4,11,63,75,78,60,58,32,11,50,72,80,89,68,28,11,0,3,0,6
5,0,0,6,6,4,50,53,66,68,46,35,12,39,46,45,48,36,10,11,0,0,0,0
5,2,6,12,5,14,45,44,52,53,48,37,19,37,45,48,49,26,13,12,5,0,10,4
0,0,0,2,0,11,24,51,54,58,33,30,9,31,64,55,57,14,10,21,11,0,10,6
4,0,0,0,0,0,28,56,56,52,41,5,10,25,56,57,53,13,5,7,0,0,0,3
3,0,0,0,2,10,17,58,59,34,12,3,7,20,55,65,46,10,2,4,0,1,6,7
0,0,0,0,0,6,24,53,54,26,10,4,4,17,54,53,56,12,6,0,0,0,10,11
0,0,0,0,1,12,55,64,65,53,9,10,10,31,54,74,50,21,3,0,0,0,0,0
0,0,4,7,3,11,52,57,63,52,23,20,27,52,61,59,59,40,8,0,0,0,0,0
0,0,0,8,12,14,57,60,61,54,35,13,23,48,59,75,66,51,9,0,0,0,0,0
0,0,0,0,7,19,54,60,60,54,30,16,25,53,76,80,66,40,10,7,0,0,5,0
0,0,0,1,7,14,52,61,66,51,14,13,15,53,64,63,57,24,11,0,0,0,0,0
1,0,6,10,9,11,51,64,55,53,13,4,24,52,70,63,46,12,7,0,0,0,7,0
5,3,0,5,9,10,36,53,57,46,13,9,13,43,53,40,40,12,11,3,0,0,11,10
0,4,0,1,9,6,14,53,54,30,13,10,7,19,32,52,12,8,3,0,0,5,7,0
3,0,6,5,9,7,11,43,37,11,7,2,4,11,27,32,11,10,5,0,6,0,7,5

0

6,5,4,3,3,10,5,8,12,16,29,45,33,14,26,11,0,8,4,6,6,2,10,3
10,3,6,11,13,14,11,17,43,50,53,57,53,50,47,32,14,10,6,12,12,3,3,6
7,5,6,8,11,14,14,48,53,55,54,58,69,58,41,20,21,14,0,7,5,0,6,4
3,10,11,11,9,11,36,16,38,49,14,27,13,14,14,12,5,1,8,0,0,0,0,4
0,0,5,5,0,8,2,0,5,9,22,13,7,17,33,14,12,4,0,12,2,0,0,0
4,9,5,8,12,16,31,46,57,57,69,55,59,57,54,48,49,8,0,6,6,0,0,0
9,8,8,13,47,54,58,65,88,78,83,75,75,71,79,75,56,50,13,12,26,9,0,0
0,0,12,56,64,64,67,84,103,114,111,100,85,79,84,92,74,73,50,8,9,5,8,5
0,3,51,64,64,67,68,96,128,132,122,115,111,107,105,115,99,78,69,59,50,10,0,6
0,12,56,58,56,70,89,123,142,131,145,150,138,153,147,149,122,104,69,58,56,35,13,8
6,32,52,50,51,63,78,121,140,149,167,155,162,172,157,146,112,87,64,50,54,50,13,6
10,52,54,55,46,54,61,110,136,157,174,155,149,168,156,138,112,69,50,36,53,52,28,5
31,54,65,59,12,34,58,96,128,154,161,154,152,149,146,125,104,56,36,38,46,48,32,11
42,62,84,53,9,11,61,103,113,133,143,137,134,135,129,116,101,66,9,13,54,75,51,2
58,112,105,41,12,14,50,74,68,72,98,105,108,110,111,101,80,53,13,7,61,107,44,10
61,86,73,15,5,13,50,66,67,62,67,69,71,79,69,62,59,59,11,3,37,81,54,12
19,39,45,14,9,14,57,60,54,57,62,58,59,53,55,54,56,54,27,3,10,31,14,12
13,24,29,17,25,38,43,47,56,76,72,66,54,58,52,67,61,41,31,10,14,14,14,12
0,8,9,4,6,13,61,72,75,110,124,125,115,79,78,108,93,58,44,15,0,6,10,9
2,8,10,11,9,14,59,109,136,142,177,193,188,148,147,143,136,116,89,14,10,6,0,3
7,5,3,15,13,30,100,122,127,147,210,217,194,180,179,169,145,122,102,39,14,4,6,9
7,5,9,13,22,42,103,131,155,179,221,242,230,205,184,167,142,113,85,48,14,15,9,7
9,6,14,21,28,42,101,129,158,184,226,227,205,186,175,158,146,133,79,64,26,5,4,0
4,0,0,11,41,67,107,125,147,170,185,188,162,152,155,152,150,135,109,101,13,8,4,0
2,7,5,8,14,102,101,112,128,144,149,138,114,113,132,140,136,118,101,38,8,0,5,11
9,3,10,10,4,13,100,105,109,119,116,102,68,55,111,109,115,114,100,66,8,8,18,1
0,8,0,4,6,29,61,89,101,105,102,76,12,51,103,106,101,101,61,12,1,0,4,9
2,3,2,0,5,14,70,61,88,95,101,80,13,60,96,92,101,90,38,4,3,0,6,11
0,6,0,2,4,11,63,75,78,60,59,32,12,50,73,80,89,69,27,11,0,3,0,6
5,0,0,6,6,4,50,53,66,68,46,35,13,39,46,45,48,35,10,11,0,0,0,0
5,2,6,12,5,14,45,44,52,53,48,37,20,38,45,48,48,26,13,12,5,0,10,4
0,0,0,2,0,11,24,51,54,58,31,31,9,31,63,55,56,14,10,21,11,0,10,6
4,0,0,0,0,0,27,56,56,52,41,5,10,23,56,57,53,13,5,7,0,0,0,3
2,0,0,0,2,10,18,58,59,33,13,2,7,19,55,65,46,10,2,4,0,1,6,7
0,0,0,0,0,6,25,53,54,26,10,4,4,18,54,53,56,12,6,0,0,0,10,11
0,0,0,0,1,12,55,64,65,53,9,10,10,30,54,73,50,21,3,0,0,0,0,0
0,0,4,7,3,11,52,57,63,52,23,21,27,52,61,59,59,40,8,0,0,0,0,0
0,0,0,8,12,14,57,60,61,54,36,13,25,48,59,75,66,51,9,0,0,0,0,0
0,0,0,0,7,19,54,60,60,54,33,16,25,53,76,80,66,40,10,7,0,0,5,0
0,0,0,1,7,14,52,61,65,52,14,13,14,53,64,63,57,25,11,0,0,0,0,0
1,0,6,10,9,11,51,64,55,53,13,4,24,53,70,63,46,12,7,0,0,0,7,0
5,3,0,5,9,10,36,53,56,45,13,9,12,43,53,40,40,12,11,3,0,1,11,10
0,4,0,1,9,6,14,53,54,30,13,10,7,19,32,52,12,8,3,0,0,5,7,0
3,0,6,5,9,7,11,42,37,11,7,2,4,11,26,33,11,10,5,0,6,0,7,5

1

6,5,4,3,3,10,5,8,12,17,28,43,33,14,26,11,0,8,4,6,6,2,10,3
10,4,6,12,13,14,11,16,42,50,53,57,52,50,44,32,13,10,6,12,12,3,3,6
7,5,6,8,11,14,14,46,53,54,54,57,68,57,39,17,20,14,0,7,5,0,6,4
3,10,11,11,9,11,35,15,38,47,14,26,12,14,14,11,5,1,8,0,0,0,0,4
0,0,5,5,0,8,2,0,5,9,20,13,7,18,32,14,12,4,0,12,2,0,0,0
4,9,4,7,12,16,32,46,57,57,70,56,60,58,54,49,50,8,0,6,6,0,0,0
9,8,8,13,47,54,59,65,89,79,84,77,75,72,79,76,56,50,13,12,26,9,0,0
0,0,12,55,64,64,67,84,104,116,112,101,85,80,85,93,75,74,50,8,9,5,8,5
0,3,51,64,64,67,68,97,130,134,123,116,112,108,107,116,100,79,69,59,51,10,0,6
0,12,56,58,57,70,90,125,145,133,146,150,139,155,149,151,124,105,69,58,56,36,13,8
6,32,52,50,51,63,79,123,142,150,167,155,162,173,158,147,114,88,64,50,54,50,13,6
10,52,54,55,46,53,61,111,137,157,173,155,149,168,156,139,113,69,50,36,53,52,29,5
32,54,66,59,12,31,58,97,128,154,160,153,151,149,146,125,104,56,36,38,47,48,33,11
43,62,84,53,10,11,60,103,113,133,143,136,134,135,128,116,101,66,9,13,55,75,51,2
58,112,106,41,12,13,50,73,67,72,97,104,107,110,111,100,79,52,13,7,61,107,44,10
62,87,74,16,5,13,50,66,66,61,66,68,69,78,68,62,59,58,11,4,37,82,54,12
19,40,45,14,9,14,56,60,54,57,62,58,59,53,55,54,56,54,24,3,10,31,14,12
13,24,29,17,25,38,43,47,56,75,72,66,54,57,52,67,61,41,31,10,14,14,14,12
0,8,9,4,6,13,60,72,75,110,124,125,114,79,77,108,93,58,44,14,0,6,10,9
2,8,10,11,9,14,59,109,136,142,177,193,188,148,147,143,136,116,90,14,10,6,0,3
6,5,3,15,14,30,100,122,127,147,211,218,195,180,179,169,145,122,102,39,14,4,6,9
7,5,9,13,22,42,103,131,155,179,221,242,230,205,185,168,142,113,86,48,14,15,9,7
9,6,14,21,28,42,101,129,158,184,226,228,205,185,175,159,146,134,80,65,27,5,4,0
4,0,0,11,43,67,107,125,147,170,185,188,162,152,156,153,150,135,109,101,13,8,4,0
1,7,5,8,14,102,101,112,128,144,149,138,114,114,132,140,136,118,101,38,8,0,6,11
9,3,10,10,4,13,100,105,109,119,116,102,68,56,111,109,115,114,100,67,8,8,18,1
0,8,0,4,6,29,63,90,101,105,102,76,12,52,103,106,101,101,62,12,1,0,4,9
2,3,2,0,5,14,70,61,88,95,101,80,13,59,96,91,100,90,41,4,3,0,7,11
0,6,0,3,4,11,62,75,78,60,59,33,12,50,72,80,88,68,28,11,0,3,0,6
5,0,0,6,6,4,51,53,66,68,46,35,13,39,46,44,49,35,10,11,0,0,0,0
5,2,6,12,5,14,46,45,52,53,48,37,20,37,45,48,49,26,13,12,5,0,10,4
0,0,0,2,0,11,24,51,54,58,33,31,9,29,63,55,57,14,10,21,11,0,10,6
4,0,0,0,0,0,28,56,56,52,42,5,10,23,56,57,53,13,5,7,0,0,0,3
2,0,0,0,2,10,19,58,59,35,12,2,7,20,55,65,46,11,2,4,0,1,6,7
0,0,0,0,0,6,25,53,54,26,10,4,4,17,54,53,56,12,6,0,0,0,10,11
0,0,0,0,1,12,55,64,65,53,9,10,10,30,54,73,50,21,2,0,0,0,0,0
0,0,3,7,3,11,52,57,63,52,22,20,26,52,61,59,59,41,8,0,0,0,0,0
0,0,0,8,12,14,57,59,60,54,35,13,24,47,59,75,66,51,9,0,0,0,0,0
0,0,0,0,7,19,54,60,61,54,32,16,25,53,76,80,66,40,10,7,0,0,5,0
0,0,0,1,8,14,52,61,65,52,14,13,14,53,64,63,57,25,11,0,0,0,0,0
1,0,6,10,9,11,51,64,55,53,13,4,24,52,70,63,46,12,7,0,0,0,7,0
5,3,0,5,9,10,36,53,56,45,13,9,13,43,53,40,41,12,11,3,0,0,11,10
0,4,0,1,9,6,15,53,54,31,13,10,7,19,32,52,12,8,3,0,0,5,7,0
3,0,6,5,9,7,11,42,37,11,7,2,4,11,26,33,11,10,5,0,6,0,7,5

1

6,5,4,3,3,10,5,8,12,14,26,41,30,14,25,11,0,8,4,6,6,2,10,3
10,4,6,12,13,14,11,15,43,50,53,57,53,48,44,32,13,10,6,12,12,3,3,6
7,5,6,9,11,14,14,47,53,55,54,57,67,57,39,16,20,14,0,7,5,0,6,4
3,10,11,11,10,11,36,15,38,48,14,25,12,14,14,12,5,1,8,0,0,0,0,4
0,0,6,5,0,8,2,0,5,9,21,13,8,20,33,14,12,5,0,13,2,0,1,0
4,8,5,7,12,16,33,47,57,58,70,57,60,58,54,50,50,9,0,6,6,0,0,0
9,8,8,13,47,54,59,65,89,80,84,77,76,72,80,76,56,51,13,12,27,9,0,0
0,0,12,55,64,64,67,85,104,117,113,101,85,80,85,94,75,74,50,8,9,5,8,5
0,3,51,64,64,67,68,98,131,135,124,117,112,109,108,117,100,79,69,59,51,10,0,6
0,12,56,58,57,70,91,127,146,134,146,151,140,156,150,152,124,105,69,58,56,37,13,8
6,32,52,51,51,62,78,123,143,151,167,155,163,174,159,148,114,88,64,50,54,50,13,6
11,52,54,55,45,53,60,111,138,157,173,155,149,169,157,140,114,69,50,38,53,52,30,5
31,54,66,60,13,31,58,98,128,153,160,153,151,149,146,126,104,56,36,38,47,48,33,11
43,62,84,53,10,11,59,103,113,132,143,135,133,134,128,116,101,66,9,13,55,75,51,2
57,112,106,43,12,13,50,73,67,71,96,103,107,109,111,100,78,51,13,7,61,107,44,10
62,89,75,19,5,13,50,65,66,61,66,67,69,77,68,62,59,57,10,4,37,82,55,12
18,40,45,14,9,14,56,60,54,57,62,58,58,53,55,54,56,54,21,3,10,31,14,12
13,25,29,18,26,38,43,47,56,75,72,66,54,57,52,67,61,41,31,10,14,14,14,12
0,8,9,4,6,13,60,71,75,110,124,125,115,79,78,108,92,58,44,14,0,6,10,9
2,8,10,11,9,14,59,109,136,142,177,193,188,148,147,143,136,116,89,14,10,6,0,3
6,5,3,15,14,30,100,122,127,147,211,218,194,180,179,169,145,122,102,39,14,4,6,9
7,5,9,13,22,42,103,131,155,179,221,242,230,205,185,167,142,114,86,48,14,15,9,7
9,6,14,21,28,42,101,129,158,184,226,227,205,185,175,159,146,134,80,64,27,5,4,0
4,0,0,11,43,66,107,125,147,171,185,188,162,152,155,153,150,135,109,101,13,8,4,0
1,7,5,8,14,102,101,112,128,144,149,138,114,114,132,140,136,118,101,37,8,0,5,11
9,3,10,10,4,13,100,105,109,119,116,102,69,56,111,109,115,114,100,66,8,8,18,2
0,8,0,4,6,29,61,91,101,105,102,76,12,51,103,106,101,101,62,12,1,0,4,9
2,3,2,0,5,14,70,61,88,96,101,81,13,60,96,91,100,88,41,4,3,0,7,11
0,6,0,2,4,12,62,75,78,60,58,32,12,50,73,80,88,68,28,11,0,3,0,6
5,0,0,6,6,4,51,54,66,68,46,35,13,39,46,45,48,36,10,11,0,0,0,0
5,2,6,12,5,14,45,44,52,53,48,37,20,38,45,48,49,26,13,12,5,0,10,4
0,0,0,2,0,11,24,51,54,58,33,33,9,29,64,55,56,14,10,21,11,0,10,6
4,0,0,0,0,0,28,56,56,52,40,5,10,23,55,57,54,13,5,7,0,0,0,3
2,0,0,0,2,10,18,58,59,34,12,2,7,20,55,65,46,11,2,4,0,1,6,7
0,0,0,0,0,6,24,53,54,26,10,4,4,17,54,53,56,12,6,0,0,0,10,11
0,0,0,0,1,12,55,64,65,53,9,10,10,30,54,73,50,21,3,0,0,0,0,0
0,0,3,7,3,11,52,57,63,52,22,21,28,52,61,59,59,40,8,0,0,0,0,0
0,0,0,8,12,14,57,59,60,54,35,13,23,47,59,75,66,51,9,0,0,0,0,0
0,0,0,0,7,19,54,60,60,54,32,16,25,53,76,80,66,40,10,7,0,0,5,0
0,0,0,1,8,14,52,61,65,52,14,13,14,53,64,63,57,25,11,0,0,0,0,0
1,0,6,10,9,11,51,64,55,53,13,4,23,52,70,63,46,12,7,0,0,0,7,0
5,3,0,5,9,10,36,54,57,45,13,9,13,44,53,41,41,12,11,3,0,1,11,10
0,4,0,1,9,6,14,53,54,30,13,10,7,19,32,52,12,8,3,0,0,5,7,0
3,0,6,5,9,7,11,43,37,11,7,2,4,11,26,33,11,10,5,0,6,0,7,5

1

6,5,4,3,3,10,5,7,12,14,26,41,31,14,25,11,0,7,4,6,6,2,10,3
10,4,6,12,13,14,11,15,42,50,53,57,52,50,44,32,13,10,6,12,12,3,3,6
7,5,6,8,11,14,14,46,53,54,54,57,67,55,38,16,19,14,0,6,5,0,6,4
3,10,11,11,10,11,36,15,38,48,14,25,12,14,14,12,5,1,8,0,0,0,0,4
0,0,5,5,0,8,2,0,5,9,20,13,7,21,32,14,13,5,0,13,2,0,1,0
4,8,5,7,12,16,33,47,57,58,71,57,61,58,55,50,50,9,0,6,6,0,0,0
9,8,8,13,48,54,59,65,89,80,84,77,76,72,80,76,56,51,13,13,27,9,0,0
0,0,12,56,64,64,67,85,104,117,113,101,86,80,85,94,75,74,50,8,9,5,8,5
0,3,51,64,64,67,68,98,131,135,125,117,113,109,108,117,100,79,69,59,51,10,0,6
0,12,56,58,57,70,90,126,146,134,147,151,140,156,150,152,124,105,69,58,56,36,13,8
6,32,52,51,51,63,78,123,142,151,167,156,163,174,159,148,114,88,64,50,54,50,13,6
11,52,54,55,45,53,60,111,138,157,173,155,149,168,157,140,114,69,50,38,53,52,29,5
30,54,66,59,12,31,58,97,128,153,160,153,151,149,146,126,104,56,36,38,47,48,33,11
44,62,84,54,10,11,60,103,113,132,143,136,133,135,128,116,101,66,9,13,55,76,51,2
57,112,106,41,12,13,50,73,67,71,96,103,107,109,111,100,79,51,13,7,61,107,44,10
62,88,74,17,5,13,50,65,66,61,66,68,69,76,68,62,59,57,10,4,37,82,55,12
18,41,45,14,9,14,56,60,54,57,62,57,58,53,55,54,56,54,20,3,10,31,14,12
13,25,29,18,26,38,43,47,56,75,72,66,54,57,52,67,61,41,31,10,14,14,14,12
0,8,9,4,6,13,61,72,75,110,124,125,115,79,78,108,93,58,44,14,0,6,10,9
2,8,10,11,9,14,59,109,136,142,177,193,188,148,147,143,136,116,89,14,10,6,0,3
6,5,3,15,13,29,100,122,127,147,211,218,195,180,179,169,145,122,102,39,14,4,6,9
7,5,9,13,22,43,103,131,155,179,222,242,230,206,185,168,142,114,86,48,14,15,9,7
9,6,14,21,28,42,101,129,158,184,227,227,205,185,175,159,146,134,80,64,27,5,4,0
4,0,0,11,43,67,107,125,147,171,185,188,162,152,156,153,150,135,109,101,14,8,4,0
1,7,5,8,14,102,101,112,128,144,149,138,114,114,132,140,136,118,101,38,8,0,5,11
9,3,10,10,4,13,100,105,109,119,116,102,69,56,111,109,115,114,100,67,8,8,18,1
0,8,0,4,6,29,61,90,101,105,102,76,12,51,103,106,101,101,62,12,1,0,4,9
2,3,2,0,5,14,70,61,88,96,101,81,13,59,96,91,100,90,41,4,3,0,7,11
0,6,0,2,4,12,63,75,78,60,59,33,12,50,73,80,88,69,28,11,0,3,0,6
5,0,0,6,6,4,51,54,66,69,46,35,13,39,46,45,48,36,10,11,0,0,0,0
5,2,6,12,5,14,45,44,52,53,48,38,20,38,45,48,49,27,13,12,5,0,10,4
0,0,0,2,0,11,25,51,54,58,33,31,9,31,64,55,57,14,10,21,11,0,10,6
4,0,0,0,0,0,28,56,56,52,41,5,10,23,55,57,53,13,5,7,0,0,0,3
2,0,0,0,2,10,18,58,59,34,13,2,7,19,55,65,46,11,2,4,0,1,6,7
0,0,0,0,0,6,24,53,54,26,10,4,4,17,54,53,56,12,6,0,0,0,10,11
0,0,0,0,1,12,55,64,65,53,9,10,10,29,54,73,50,21,3,0,0,0,0,0
0,0,3,7,3,11,52,57,63,52,23,20,27,52,61,59,59,42,8,0,0,0,0,0
0,0,0,8,12,14,57,60,61,54,35,13,25,47,59,75,66,51,9,0,0,0,0,0
0,0,0,0,7,19,54,60,60,54,33,16,25,53,76,80,66,39,10,7,0,0,5,0
0,0,0,1,8,14,52,61,65,52,14,13,14,53,64,63,57,25,11,0,0,0,0,0
1,0,6,10,9,11,51,64,55,53,13,4,24,52,69,63,46,12,7,0,0,0,7,0
5,3,0,5,9,10,36,53,56,45,13,9,12,44,53,40,42,12,11,3,0,1,11,10
0,4,0,1,9,6,14,53,54,30,13,10,7,19,32,52,12,8,3,0,0,5,7,0
3,0,6,5,9,7,11,43,37,11,7,2,4,11,26,34,11,10,5,0,6,0,7,5

1

6,5,4,3,3,10,5,8,12,14,26,41,29,14,25,11,0,8,4,6,6,2,10,3
10,4,6,12,13,14,11,15,41,50,53,57,52,50,45,32,13,10,6,12,12,2,3,6
7,5,6,8,11,14,14,46,53,54,54,56,67,55,39,16,19,14,0,6,5,0,6,4
2,10,11,11,10,11,36,16,38,47,14,26,12,14,14,12,5,1,8,0,0,0,0,4
0,0,6,5,0,8,3,0,5,9,21,14,8,20,33,14,12,5,0,13,2,0,1,0
4,8,5,8,12,18,32,47,57,58,71,57,61,58,55,50,50,9,0,6,6,0,0,0
9,8,8,13,49,54,59,65,90,80,85,77,77,73,80,76,56,51,13,13,27,9,0,0
0,0,12,56,64,64,67,85,104,118,114,101,86,80,85,94,75,74,50,8,9,5,8,5
0,4,51,64,64,67,68,98,130,135,125,117,113,109,108,117,100,79,69,59,51,10,0,7
0,12,56,58,57,70,90,125,145,134,147,152,140,156,149,151,124,105,69,58,56,37,13,8
6,32,52,51,51,63,78,123,142,151,168,155,163,174,159,148,114,88,64,50,54,50,13,6
11,52,54,55,45,53,60,111,137,157,172,154,149,168,157,139,113,69,50,37,53,52,30,5
31,54,66,60,12,31,58,97,128,153,159,152,151,149,146,126,104,56,36,39,47,48,33,11
43,62,84,54,10,11,60,103,113,132,143,136,133,134,128,116,101,66,9,13,55,75,51,2
58,112,106,41,12,13,50,73,67,71,97,104,107,109,111,100,79,51,13,7,61,107,45,10
61,88,74,19,5,13,50,66,66,61,66,68,69,77,69,62,59,58,11,4,37,82,55,12
19,39,45,14,9,14,56,60,54,57,62,58,58,53,55,54,56,54,24,3,10,31,14,12
13,25,29,17,26,38,43,46,56,75,72,66,54,57,52,67,61,41,31,10,14,14,14,12
0,8,9,4,6,13,60,72,75,110,124,125,115,79,77,108,93,58,44,14,0,7,10,9
2,8,10,11,9,14,59,109,136,142,177,193,188,148,147,143,136,117,90,14,10,6,0,3
6,5,3,15,14,30,100,122,127,147,211,218,195,180,179,169,145,122,102,39,14,4,6,9
7,5,9,13,22,42,103,131,155,179,222,242,231,206,185,168,142,114,86,48,14,15,9,7
9,6,14,21,28,42,101,129,158,184,227,228,205,185,175,159,146,134,80,64,27,5,4,0
4,0,0,11,43,67,107,125,147,171,185,188,162,152,155,153,150,135,109,101,13,8,4,0
1,7,5,8,14,102,101,112,128,144,149,138,114,114,132,140,136,118,101,38,8,0,6,11
9,3,10,10,4,13,100,105,109,119,116,102,70,56,111,110,115,114,101,67,8,8,18,2
0,8,0,4,6,29,61,89,101,105,102,76,13,51,103,106,101,101,62,12,1,0,4,9
2,3,2,0,5,14,70,61,88,96,101,80,13,60,97,91,100,91,41,4,3,0,7,11
0,6,0,2,4,12,63,75,78,60,59,33,12,50,73,80,89,69,28,11,0,3,0,6
4,0,0,6,6,4,51,54,66,68,46,36,13,39,46,45,48,36,10,11,0,0,0,0
5,2,5,12,5,14,45,44,52,53,48,37,20,38,45,48,49,26,13,12,5,0,10,4
0,0,0,2,0,11,25,51,54,58,34,30,10,29,64,55,56,14,10,21,11,0,10,6
4,0,0,0,0,0,29,56,56,52,42,5,10,22,55,57,53,13,5,7,0,0,0,3
2,0,0,0,2,10,18,58,59,35,13,2,6,17,54,65,45,11,2,4,1,2,6,7
0,0,0,0,0,6,25,53,54,26,10,4,4,15,53,53,56,12,6,0,0,0,10,11
0,0,0,0,1,12,55,64,65,53,9,10,10,29,53,72,50,20,2,0,0,0,0,0
0,0,3,7,3,11,52,57,63,52,22,20,26,52,60,58,59,39,8,0,0,0,0,0
0,0,0,8,12,14,57,60,60,54,34,13,22,46,58,74,65,51,8,0,0,0,0,0
0,0,0,0,7,19,54,60,60,54,33,16,24,53,74,79,66,39,10,7,0,0,5,0
0,0,0,1,7,14,52,61,65,51,14,13,14,53,63,62,57,24,11,0,0,0,0,0
1,0,6,10,9,11,51,63,55,53,13,4,19,52,67,62,44,12,6,0,0,0,7,0
5,3,1,5,9,10,36,53,56,44,13,9,12,39,52,39,39,12,11,3,0,1,11,10
0,4,0,1,9,6,14,53,54,29,12,10,7,18,31,51,12,8,3,0,0,6,7,0
3,0,6,5,9,7,11,42,37,11,7,2,4,11,26,33,11,10,5,0,6,0,7,5

1

7,5,5,3,3,10,5,7,12,14,18,27,20,13,23,10,0,7,3,6,7,2,10,3
11,5,7,12,13,14,11,14,33,47,52,54,51,38,33,30,13,9,5,12,12,3,3,6
7,6,7,9,11,14,13,38,51,52,52,54,59,47,27,13,17,14,0,8,6,0,7,5
4,11,11,11,10,12,32,14,26,34,11,14,10,13,14,12,5,0,8,0,0,0,1,6
0,0,6,6,1,8,2,0,4,8,12,10,3,20,34,16,15,7,0,13,4,0,5,0
7,10,6,8,12,14,28,46,56,55,62,49,51,53,53,45,48,7,0,4,5,0,0,0
9,9,8,11,28,52,57,64,88,74,74,65,69,69,80,77,56,45,10,12,21,9,0,0
0,0,10,42,59,62,65,80,100,112,105,87,79,81,87,95,75,73,32,3,7,5,8,4
0,0,12,58,61,64,62,85,122,137,117,103,107,117,117,118,94,75,67,57,29,9,1,7
0,9,53,58,53,64,83,117,145,137,134,136,139,173,181,171,128,102,65,62,58,26,11,8
7,32,53,52,51,60,71,114,141,147,151,139,158,190,190,177,121,84,61,53,58,52,13,7
10,55,58,60,53,51,57,107,132,143,150,138,143,172,171,155,122,65,40,54,61,56,35,1
46,62,86,78,36,40,53,86,121,141,141,133,143,147,146,132,105,53,36,48,57,59,37,11
57,100,107,79,24,15,52,101,104,118,129,120,122,127,125,114,100,58,12,23,62,100,64,5
81,183,142,62,22,14,13,63,58,61,77,78,100,103,107,87,71,30,13,10,85,121,85,17
77,211,115,59,10,11,13,54,58,57,59,59,62,65,64,60,57,20,6,5,52,125,136,14
50,53,52,36,23,16,41,52,52,54,57,53,54,52,55,54,56,52,10,3,26,49,47,13
20,35,33,29,35,38,38,41,52,70,64,58,52,59,54,70,63,41,27,10,24,18,16,11
1,12,12,9,10,14,40,62,72,110,125,125,118,85,85,112,100,61,50,11,1,10,9,9
3,8,10,8,10,14,54,107,135,145,184,202,200,160,159,152,143,123,100,20,9,7,0,2
5,6,3,14,12,24,80,120,131,158,229,241,208,193,194,183,155,128,106,42,16,4,7,8
6,0,2,13,19,33,93,130,166,196,249,277,255,220,204,184,152,122,91,53,15,16,9,7
8,4,13,19,26,32,85,128,175,204,247,245,217,194,188,172,154,138,81,65,26,5,4,0
6,0,3,11,28,41,103,123,153,181,194,196,168,160,164,159,155,136,109,101,13,8,5,0
4,6,7,8,13,54,78,109,129,147,154,141,115,116,134,141,136,117,101,33,8,0,5,10
9,4,11,8,1,5,60,103,109,120,118,103,67,62,109,109,113,112,95,44,8,7,19,0
0,9,0,2,1,14,50,83,101,105,103,77,12,38,95,101,83,84,31,12,1,0,5,9
3,3,4,0,0,10,60,60,93,100,103,85,12,51,65,58,50,13,14,3,3,1,10,12
3,7,0,0,10,4,56,76,84,63,64,46,12,27,52,36,45,29,15,12,0,4,3,9
8,0,0,3,10,2,37,54,70,77,54,43,14,31,34,28,20,17,4,11,0,0,0,1
9,1,9,12,7,12,44,45,54,56,53,42,17,22,27,24,14,0,7,13,6,0,11,5
1,1,0,2,4,11,18,52,57,66,65,47,7,11,14,10,12,11,6,17,14,0,13,7
1,0,0,0,0,0,37,62,70,61,57,40,8,9,2,10,8,10,3,6,3,0,2,0
3,1,0,0,11,12,32,79,82,59,58,12,6,3,6,14,16,7,1,6,5,7,7,5
0,0,0,0,0,9,58,70,71,65,38,8,4,7,9,24,14,7,3,0,0,4,12,11
0,0,0,0,3,13,68,78,88,76,50,8,5,9,12,9,17,13,1,0,0,0,0,0
0,0,3,6,4,14,59,73,97,64,51,14,14,11,13,20,52,47,11,0,0,1,0,0
0,0,0,8,12,21,65,78,83,68,53,13,8,7,12,54,59,52,11,2,1,0,0,1
0,0,0,0,10,27,60,77,81,65,53,16,13,11,34,62,65,57,13,8,0,0,2,0
0,0,0,3,9,14,55,76,85,63,30,13,7,0,14,57,62,47,12,0,0,0,0,0
2,0,6,10,8,10,53,80,67,59,40,10,6,14,9,65,64,59,9,0,0,0,6,0
6,5,0,5,7,12,40,59,66,52,19,5,10,10,25,45,64,50,11,3,0,0,10,8
0,3,0,1,4,6,29,59,73,55,13,6,0,8,21,61,76,51,6,0,0,3,6,0
3,0,3,6,8,5,13,55,73,14,8,0,0,10,13,51,48,11,0,0,6,0,6,5

1

7,6,5,1,0,8,3,7,13,29,43,52,50,19,26,13,0,7,4,4,5,0,9,0
11,6,7,8,11,13,10,20,48,51,55,60,54,52,53,33,14,11,7,11,11,0,0,4
7,6,6,6,8,13,13,45,53,56,56,61,77,66,47,28,21,14,4,7,3,0,5,2
6,12,11,10,5,1,28,14,39,51,42,61,48,21,36,14,8,0,7,0,0,0,0,3
0,0,4,6,0,0,3,0,5,8,52,70,58,50,45,40,33,24,12,11,5,0,3,0
2,7,8,7,9,11,27,46,59,60,77,75,81,67,62,54,56,12,8,4,1,0,0,0
4,10,10,12,28,54,60,76,116,88,86,86,96,107,122,116,79,71,43,13,22,11,0,0
0,0,6,13,60,64,69,89,102,112,106,92,93,112,137,143,111,107,85,14,8,2,6,2
0,3,4,57,63,68,65,86,117,128,104,99,117,155,170,158,155,118,106,81,55,10,5,4
6,13,54,61,62,66,80,106,136,145,120,114,152,235,235,194,158,130,117,117,80,51,12,7
11,42,58,69,60,59,65,107,130,137,124,103,173,243,241,189,131,100,77,96,81,61,39,11
14,60,102,109,68,52,53,75,107,112,106,97,129,177,176,142,104,62,54,96,115,91,54,7
52,112,140,120,86,50,41,60,72,97,102,88,118,132,132,111,78,54,54,69,110,123,85,11
95,169,165,113,57,35,50,76,55,64,100,92,103,109,109,102,64,54,70,82,101,126,112,31
121,382,218,100,50,27,32,13,14,32,52,61,75,75,87,53,32,28,45,51,105,142,128,37
98,226,122,68,14,11,14,30,48,14,51,54,56,58,52,51,38,16,11,25,59,168,328,63
51,54,51,32,30,21,21,44,47,39,52,52,53,46,50,45,37,14,3,0,34,67,63,54
23,34,32,30,31,37,37,38,41,47,54,51,46,48,41,45,38,27,16,7,21,25,26,11
9,13,12,12,10,13,34,47,53,65,101,103,70,58,59,76,50,36,22,3,7,13,14,7
10,13,12,11,9,22,26,51,84,85,107,115,113,106,113,106,101,63,14,7,5,4,2,0
9,11,11,13,15,14,46,64,66,76,118,122,123,124,128,111,100,43,14,11,11,5,9,11
8,8,11,10,14,29,34,52,85,100,110,119,115,122,112,100,63,34,24,13,12,13,11,12
11,11,16,15,14,27,42,51,73,100,114,119,118,126,127,111,101,53,40,21,12,0,8,7
10,4,5,11,10,12,47,89,102,107,112,117,111,114,119,110,107,79,23,12,11,10,8,0
11,9,9,5,10,12,10,62,100,104,106,105,102,98,106,106,102,67,22,11,8,0,5,13
12,10,13,4,1,0,11,39,95,101,100,76,43,32,102,101,101,92,13,13,6,2,13,5
9,7,0,6,9,11,12,28,48,60,50,47,10,14,101,101,100,66,12,9,1,0,8,10
10,7,4,3,1,0,9,14,28,52,48,43,9,41,88,81,91,53,11,5,0,0,6,10
5,0,0,9,13,0,0,14,24,14,14,13,8,30,73,78,88,60,16,12,4,0,0,6
7,0,0,0,12,0,1,11,14,14,15,24,10,33,46,47,51,38,13,10,8,0,0,1
9,7,9,13,10,12,28,13,35,41,28,27,13,30,50,47,51,41,13,12,4,0,0,4
4,4,0,9,10,5,9,8,14,12,9,13,6,14,62,58,65,50,21,19,5,0,12,4
9,0,0,0,0,4,12,6,8,15,8,5,3,9,58,73,71,47,13,11,5,0,0,5
7,3,0,0,0,6,12,10,3,5,6,0,6,10,63,92,76,64,13,9,3,3,5,3
0,0,0,0,3,5,7,2,6,12,9,4,1,12,62,84,82,72,18,11,7,0,4,7
0,0,0,0,0,7,5,5,4,0,2,4,1,18,59,94,92,75,52,11,8,0,0,0
1,0,5,7,4,7,8,11,26,9,7,10,12,38,78,92,110,88,55,11,8,2,0,2
0,0,0,6,7,11,12,39,51,14,13,11,9,32,74,104,124,93,59,13,8,0,0,0
0,0,0,0,1,0,17,52,53,50,10,11,22,37,80,113,123,104,39,10,0,1,5,0
0,0,0,5,0,5,37,54,60,41,17,13,4,10,58,76,99,67,52,8,0,0,0,0
0,0,6,9,3,13,44,56,53,50,14,9,4,14,56,82,75,74,14,8,0,0,0,0
7,7,3,6,8,11,26,53,57,41,13,3,11,11,36,51,66,54,14,9,0,2,10,5
2,6,0,3,6,9,12,53,58,40,13,3,0,11,23,62,72,52,11,2,0,4,5,0
5,0,6,6,9,7,10,53,63,13,8,0,2,10,13,44,50,13,11,6,6,0,6,4

1

5,3,5,3,2,10,3,7,12,16,26,39,26,14,25,12,0,8,4,6,6,0,9,1
9,3,5,12,13,13,10,16,40,50,52,55,52,44,38,30,14,10,6,11,12,0,0,4
1,0,5,9,12,14,14,43,51,53,52,54,63,51,18,13,14,13,0,3,2,0,6,4
0,6,10,11,10,12,33,18,35,33,14,14,12,13,15,10,3,0,8,0,0,0,0,7
0,0,0,0,4,10,6,1,10,12,32,58,17,35,36,20,12,4,5,10,4,0,6,0
0,3,6,8,13,35,52,56,67,66,80,62,69,64,58,50,44,10,4,5,6,0,0,0
6,9,10,30,58,63,79,96,118,103,103,90,91,87,97,90,61,50,13,12,27,11,2,0
0,0,21,61,73,74,93,121,130,138,123,107,93,92,103,111,77,70,14,6,6,7,10,8
0,9,58,73,75,74,88,136,162,161,136,121,118,127,136,129,108,83,70,58,29,11,3,9
0,24,57,66,66,76,110,159,180,166,163,154,148,183,197,160,125,104,71,68,56,25,14,10
9,38,54,55,52,66,95,147,177,180,183,158,174,195,190,149,111,87,61,57,56,36,14,9
10,50,55,55,33,56,66,127,160,177,185,154,148,172,159,135,103,57,40,53,54,37,23,8
17,50,55,14,11,58,68,111,143,170,172,153,144,144,137,118,89,41,35,43,45,33,30,14
16,31,44,11,5,44,73,109,120,138,145,133,124,123,118,108,76,35,11,14,50,14,24,9
12,35,21,6,11,40,53,92,70,69,84,85,100,103,104,77,48,11,12,12,14,12,22,13
24,16,2,0,8,51,51,68,67,58,59,58,62,72,61,58,54,13,1,16,24,34,19,10
6,3,2,6,9,55,62,62,54,55,55,52,56,52,53,53,53,38,6,0,3,9,9,10
8,9,6,14,30,44,48,49,54,60,62,55,48,53,50,59,46,32,14,9,9,10,11,11
0,6,8,1,14,59,86,98,72,103,112,119,105,76,77,104,65,38,18,10,5,2,4,4
6,10,12,23,47,78,85,131,142,141,142,147,186,160,148,143,114,67,14,8,10,6,0,3
6,5,12,27,35,61,128,145,136,145,169,159,203,189,177,167,127,80,20,13,13,4,5,10
6,3,9,37,63,103,137,153,167,182,175,219,225,209,174,153,120,55,26,13,9,14,11,11
4,8,24,29,56,107,135,155,168,181,162,189,197,188,169,144,119,79,28,14,8,0,8,3
0,0,2,14,74,106,128,138,149,154,128,131,163,160,148,137,115,82,28,10,10,8,5,0
0,7,5,13,60,108,108,120,122,116,101,62,111,123,127,118,106,74,38,10,7,0,4,12
7,1,5,10,27,86,100,105,105,103,64,8,78,103,112,107,103,100,14,14,6,5,14,3
0,0,0,4,10,54,65,85,100,101,13,0,13,72,105,104,100,67,11,7,1,0,2,10
2,4,0,0,7,47,72,56,77,71,21,1,42,67,101,86,91,37,10,8,0,0,0,6
0,1,0,4,12,42,65,68,65,48,8,0,36,56,85,76,80,48,12,12,0,0,0,2
0,0,1,3,0,10,54,54,57,12,0,0,30,44,51,45,47,31,11,10,2,0,0,0
7,5,10,13,6,27,51,43,50,47,7,4,28,49,57,47,49,31,11,13,8,0,5,1
0,0,3,6,6,13,34,51,51,25,0,0,10,52,71,57,56,14,13,19,17,0,11,3
4,0,0,0,0,8,50,54,43,10,0,0,3,51,63,65,52,15,10,12,5,0,0,3
0,0,0,0,0,12,39,55,32,3,0,0,12,35,64,80,52,20,7,9,3,0,8,5
0,0,0,0,8,10,49,52,14,7,3,6,4,13,60,70,63,34,10,10,5,0,6,10
0,0,0,0,0,9,56,53,28,7,3,3,0,31,57,82,67,51,11,6,4,0,0,0
2,0,6,7,2,14,53,55,55,14,9,12,13,55,73,74,81,56,13,4,7,3,1,4
0,0,0,6,9,27,56,55,53,18,13,11,14,42,69,84,92,56,18,10,8,0,3,0
0,0,0,0,8,47,54,54,52,33,12,14,26,51,77,91,92,55,13,1,0,1,9,0
0,0,2,0,11,47,51,54,54,21,14,22,14,24,60,65,65,33,13,3,0,0,0,0
0,0,6,8,12,34,51,51,36,30,13,9,12,23,61,67,52,31,11,6,0,0,0,0
6,4,0,4,11,26,36,43,28,13,10,6,12,14,43,39,42,12,13,9,0,1,11,6
0,4,0,0,11,14,43,34,14,8,10,5,0,12,25,51,13,13,9,3,0,5,7,1
3,0,8,5,9,10,13,14,11,9,5,0,7,11,11,10,9,11,5,1,7,0,8,5

1

5,4,6,2,3,10,5,8,13,25,34,50,34,14,27,12,0,8,4,5,6,1,10,3
10,6,8,11,13,14,12,26,48,50,53,56,52,50,45,30,13,10,5,11,12,1,2,6
7,7,7,8,11,23,14,50,53,55,53,55,62,55,23,12,13,13,0,4,5,0,7,5
1,10,11,11,11,12,33,17,38,41,14,20,13,13,14,10,4,1,9,0,0,0,1,6
0,0,8,6,5,9,4,0,5,9,14,36,11,32,33,16,13,8,4,11,4,0,4,0
0,7,6,9,13,21,40,51,59,59,65,56,62,61,59,50,43,10,3,3,5,0,0,0
6,8,9,15,55,59,66,75,100,76,75,77,88,90,105,93,63,54,13,11,21,9,0,0
0,0,14,58,69,68,74,100,106,101,92,92,91,92,105,108,85,82,47,7,7,5,8,5
0,4,56,69,70,68,70,105,131,122,98,104,118,126,121,118,112,91,78,60,19,9,1,5
0,43,58,62,61,71,92,122,142,127,121,130,145,177,163,143,127,98,85,78,56,14,12,8
9,48,56,53,50,62,79,124,139,135,136,127,159,181,165,131,102,72,71,74,59,37,13,8
14,55,60,58,39,53,60,111,132,136,137,126,137,160,148,120,83,53,54,76,69,52,13,5
50,64,92,59,13,32,60,99,122,133,130,122,134,136,129,110,73,27,42,67,67,49,15,10
59,102,102,53,10,11,61,103,105,115,119,113,116,117,114,106,62,10,48,101,85,79,13,3
84,130,105,33,11,10,50,73,61,60,68,70,96,102,103,77,43,8,11,88,123,80,13,10
82,100,61,10,2,8,47,62,61,55,55,56,62,72,62,58,54,14,4,50,119,105,17,9
19,32,22,13,9,14,53,53,50,52,53,51,58,54,54,53,54,44,0,7,52,54,9,10
10,25,14,17,30,39,42,44,49,52,59,56,54,60,55,63,50,36,23,12,27,21,10,4
0,1,2,2,11,24,67,89,70,104,116,128,124,90,86,110,80,51,24,0,8,8,3,2
1,3,8,14,23,63,76,128,140,141,152,175,207,175,158,149,130,107,50,8,7,3,0,0
6,6,13,24,30,57,124,142,137,151,196,196,216,198,182,175,140,113,80,13,11,2,3,7
6,6,11,27,59,100,132,149,168,189,197,238,230,214,181,164,137,102,62,17,10,13,9,9
5,7,20,26,48,104,132,150,168,186,184,209,205,197,177,154,138,117,60,32,9,0,6,1
2,0,2,14,67,104,125,137,149,158,137,144,180,179,164,149,137,113,88,12,10,8,4,0
1,7,5,12,53,107,107,120,123,121,104,102,121,140,140,136,121,104,73,11,7,0,4,11
7,0,5,9,13,79,100,105,106,105,100,42,100,109,121,112,108,107,66,14,4,3,14,1
0,0,0,4,9,50,64,88,100,102,54,8,55,85,108,105,101,93,20,8,0,0,2,8
1,3,2,0,7,44,74,59,84,84,60,8,53,72,103,93,100,71,13,8,0,0,0,7
0,2,0,5,12,48,66,73,72,55,14,0,46,58,87,77,82,57,14,12,0,2,0,3
0,0,0,5,2,14,55,55,60,41,11,4,31,44,51,45,47,34,15,10,2,0,0,0
7,1,10,12,8,34,51,43,51,51,14,8,27,47,57,47,50,34,12,13,8,0,7,2
0,0,2,9,8,13,41,51,53,52,0,0,9,52,71,58,58,14,14,20,18,0,11,3
3,0,0,0,0,10,51,57,54,44,0,0,2,52,64,66,56,18,11,11,5,0,0,3
0,0,0,0,0,12,50,61,46,5,0,0,6,43,66,82,56,20,8,8,3,0,7,5
0,0,0,0,8,13,59,61,38,8,5,2,0,15,63,73,64,42,11,9,3,0,3,9
0,0,0,0,0,9,62,59,51,5,0,0,0,28,58,85,66,51,13,4,1,0,0,0
0,0,4,8,2,28,55,56,58,28,10,11,12,54,74,76,82,57,13,4,7,3,2,4
0,0,0,7,11,45,61,58,56,30,13,12,14,41,70,86,94,58,29,11,8,0,3,0
0,0,0,0,10,52,56,57,54,46,14,16,24,51,78,94,96,59,16,7,0,1,8,0
0,0,0,0,13,52,53,57,57,29,15,17,15,23,62,66,67,39,14,4,0,0,0,0
0,0,6,8,13,44,53,55,42,39,14,10,12,32,64,68,55,46,11,5,0,0,0,0
6,5,0,4,9,30,39,50,47,14,10,5,11,14,46,42,52,12,13,8,0,0,9,6
0,4,0,0,10,14,50,50,21,6,9,2,0,10,26,53,40,12,8,0,0,4,6,0
2,0,7,5,8,11,14,20,11,8,4,0,4,10,11,14,10,10,1,0,6,0,7,5

1

5,4,5,2,3,10,5,8,13,25,34,50,35,14,26,12,0,8,5,6,6,1,10,3
10,5,6,12,13,14,12,25,50,50,53,57,52,50,48,31,14,10,6,11,12,1,2,6
7,5,7,8,12,21,14,50,53,55,53,56,63,57,25,13,14,13,0,1,5,0,6,5
0,9,11,11,10,11,35,22,40,46,15,26,13,13,14,10,3,0,8,0,0,0,0,5
0,0,8,5,3,9,4,0,7,11,33,54,14,35,31,14,10,5,0,10,2,0,1,0
0,6,6,8,13,22,40,51,62,63,75,63,68,64,59,53,50,11,0,2,5,0,0,0
5,7,10,18,54,58,63,72,102,87,88,87,92,87,95,87,62,55,14,11,25,10,0,0
0,0,27,60,69,67,74,101,112,118,111,104,94,90,95,102,79,80,53,9,8,5,8,6
0,5,58,69,71,70,75,114,136,135,122,118,120,123,118,115,104,86,77,62,44,8,1,6
0,43,58,62,62,73,100,134,145,137,144,149,146,169,159,140,124,97,76,73,57,15,12,8
7,46,55,51,51,65,86,132,148,154,164,150,169,180,162,133,105,75,62,68,58,36,13,7
13,54,57,56,37,55,63,117,144,160,168,148,148,168,151,127,100,55,51,67,63,51,12,4
45,58,79,50,11,52,63,104,134,155,156,148,148,146,137,116,86,36,36,57,57,45,14,10
53,80,97,45,4,23,69,105,114,130,139,135,133,129,121,110,89,14,35,93,72,67,13,3
66,120,104,14,7,14,53,84,67,68,85,96,109,111,107,89,54,11,11,85,117,65,13,10
68,87,65,10,4,25,51,68,65,58,59,58,73,84,66,60,56,17,5,48,113,83,14,9
28,40,35,13,13,48,59,60,53,54,55,53,64,56,55,54,54,43,0,9,51,45,9,10
22,33,26,18,32,42,46,47,52,56,62,60,59,65,58,65,51,34,14,12,26,15,11,7
0,11,8,0,12,41,73,92,71,105,117,129,124,88,85,109,77,46,14,0,9,6,5,3
2,5,9,14,28,69,78,129,140,141,151,173,200,168,153,146,126,103,14,7,8,3,0,0
4,5,12,24,34,58,125,143,136,149,190,189,207,190,175,168,136,108,55,13,12,3,4,8
5,6,11,32,61,101,133,149,167,186,192,230,222,204,171,155,132,89,48,14,9,13,9,9
4,7,22,27,51,105,133,151,168,184,177,203,199,191,169,147,132,110,53,24,8,0,6,1
1,0,2,14,68,104,126,137,149,156,132,142,175,173,156,144,130,107,74,11,9,7,4,0
1,7,5,13,55,107,107,120,122,118,102,101,120,137,136,130,116,102,63,11,7,0,3,11
6,0,7,12,14,80,100,105,105,104,100,34,98,107,118,110,106,105,59,14,4,3,14,1
0,0,0,5,10,51,66,88,100,102,54,8,53,85,107,105,100,90,23,7,0,0,2,8
1,3,2,0,8,47,76,59,83,84,61,8,54,73,103,92,100,71,13,8,0,0,1,7
0,1,0,5,13,52,67,74,73,55,14,0,48,58,86,76,80,57,15,13,1,2,0,3
0,0,0,4,5,17,55,55,60,42,12,5,32,44,51,44,45,33,14,10,2,0,0,0
7,1,9,12,9,36,51,43,51,51,24,11,27,45,55,46,48,32,12,13,8,0,8,2
0,0,1,10,9,13,41,51,53,52,4,2,9,51,67,56,56,14,13,19,17,0,10,3
2,0,0,0,0,10,51,56,53,43,0,0,0,50,59,62,53,14,11,11,5,0,0,3
0,0,0,0,0,12,46,59,42,7,3,3,10,20,59,73,50,14,7,8,2,0,7,4
0,0,0,0,8,13,58,60,32,9,5,3,1,11,56,63,60,29,10,8,3,0,3,9
0,0,0,0,0,8,61,58,50,4,0,0,0,15,54,78,61,50,12,3,1,0,0,0
0,0,4,8,2,30,55,56,58,25,10,11,12,51,68,70,77,56,13,4,7,4,2,4
0,0,0,7,11,45,60,57,55,28,14,12,14,37,66,82,90,57,27,11,8,0,2,0
0,0,0,0,11,52,56,57,54,43,14,17,25,50,75,91,95,60,16,6,0,0,8,0
0,0,0,0,14,52,53,57,57,29,15,18,14,13,61,66,68,42,14,3,0,0,0,0
0,0,5,8,13,46,53,55,41,40,14,10,12,31,63,69,57,50,11,6,0,0,0,0
5,5,0,4,11,33,39,50,46,14,10,5,11,14,45,43,54,13,13,8,0,0,10,6
0,4,0,0,10,15,50,50,19,6,9,2,0,11,26,54,52,13,7,0,0,3,6,0
2,0,7,5,8,11,14,20,11,8,5,0,5,9,11,25,12,11,1,0,6,0,7,5

1

6,4,5,2,3,10,5,8,13,25,34,50,35,14,26,12,0,8,5,6,6,1,10,4
10,5,6,12,13,14,12,27,48,50,53,57,52,50,50,31,14,10,5,11,12,1,3,7
7,5,7,9,11,21,14,50,53,55,53,56,64,57,27,13,14,13,0,1,5,0,6,5
0,9,11,10,10,11,35,22,42,47,16,26,14,13,14,10,2,0,8,0,0,0,0,4
0,0,8,5,3,8,3,0,7,11,32,54,14,35,31,14,9,4,0,10,2,0,0,0
0,6,5,8,13,19,37,50,61,62,75,62,68,64,59,53,50,11,0,1,5,0,0,0
5,7,10,15,54,57,62,70,100,86,88,87,90,86,94,86,61,54,14,11,25,9,0,0
0,0,23,60,69,66,72,97,110,117,110,103,93,89,94,101,79,80,54,9,8,5,8,5
0,4,58,69,70,68,73,110,133,134,121,118,119,122,117,115,103,85,77,62,46,8,1,6
0,42,58,61,62,72,98,128,140,135,143,149,146,168,159,141,124,97,75,72,57,15,12,8
7,44,55,51,51,65,86,130,145,152,163,150,169,179,163,134,106,76,62,68,58,36,13,7
12,54,57,55,38,55,63,117,144,158,166,149,148,169,152,128,101,55,51,66,62,51,12,3
45,58,77,50,13,53,64,105,135,153,154,149,149,147,138,118,87,37,35,57,56,45,13,10
52,75,93,44,7,17,69,106,116,131,139,135,134,131,122,110,92,17,31,92,71,65,13,3
65,119,104,14,9,17,53,86,69,70,87,99,110,112,108,91,56,11,11,85,116,63,13,10
67,84,64,11,6,31,51,69,66,58,60,59,75,86,66,60,56,18,5,48,112,81,15,9
27,38,35,13,14,50,60,60,53,54,56,54,66,57,55,54,54,44,1,9,51,45,9,11
21,33,26,18,33,42,46,48,52,57,63,62,61,66,59,66,51,34,14,12,26,14,12,8
0,11,8,1,12,45,74,94,72,106,118,130,125,89,86,110,78,46,13,0,10,6,6,4
3,6,10,14,30,72,80,130,141,142,153,175,201,169,154,146,127,103,14,7,8,3,0,1
6,7,13,25,34,59,126,144,137,149,190,189,207,190,175,168,136,108,54,12,12,3,5,8
6,7,12,33,62,102,134,149,168,187,192,230,221,203,169,154,130,87,46,14,9,13,9,9
5,8,22,28,53,106,134,152,168,184,177,203,198,189,168,146,131,109,52,23,8,0,7,2
2,0,3,14,68,104,127,138,149,155,131,142,174,171,154,143,129,107,71,11,9,8,4,0
1,7,6,13,55,107,107,120,122,117,102,101,119,136,135,129,115,101,60,11,7,0,3,12
6,0,7,12,14,80,100,105,105,104,100,40,93,107,118,110,106,104,52,14,4,3,14,1
0,0,0,5,10,52,65,88,100,102,55,9,52,83,107,104,100,87,15,7,0,0,2,8
0,3,2,0,9,48,75,59,83,82,62,9,53,71,102,91,98,68,12,8,0,0,2,8
0,2,0,5,13,54,67,74,73,55,19,1,47,57,86,76,80,56,14,13,1,2,0,4
0,0,0,4,6,19,55,55,60,43,13,7,32,43,51,44,45,32,13,10,2,0,0,0
7,1,9,13,10,37,51,43,51,51,27,12,27,44,54,45,47,31,12,13,8,0,8,2
0,0,0,10,10,14,40,51,53,52,5,4,9,51,66,56,56,14,12,18,17,0,10,3
2,0,0,0,0,11,51,56,53,44,2,0,0,49,59,61,53,14,11,11,5,0,0,3
0,0,0,0,0,12,46,59,41,7,4,4,10,18,59,72,48,13,7,8,2,0,7,4
0,0,0,0,8,13,58,60,33,9,5,3,1,10,56,63,60,29,10,8,2,0,3,9
0,0,0,0,0,8,61,58,50,4,0,0,0,14,53,77,60,50,12,3,1,0,0,0
0,0,3,8,2,30,55,56,58,24,10,11,12,51,67,69,77,56,13,4,7,3,2,4
0,0,0,7,11,45,60,57,55,27,14,12,14,37,66,81,90,57,28,11,8,0,2,0
0,0,0,0,12,52,56,57,54,44,14,17,25,48,74,91,95,61,17,6,0,1,8,0
0,0,0,0,14,52,53,57,57,29,15,18,14,14,61,66,69,42,17,3,0,0,0,0
0,0,4,8,14,46,53,55,42,39,14,10,12,31,62,69,57,51,12,6,0,0,0,0
5,5,0,4,11,33,39,50,48,14,10,5,11,14,44,43,54,13,13,8,0,0,9,6
0,4,0,0,10,16,50,50,22,6,9,3,0,11,26,54,53,13,8,1,0,3,6,0
2,0,7,5,8,11,14,20,11,8,5,0,5,9,11,21,12,11,2,0,6,0,7,5

0

6,4,5,2,3,10,5,8,13,27,35,50,35,14,26,12,0,8,5,6,6,1,10,4
10,5,6,12,13,15,12,29,48,50,53,57,52,50,50,31,14,10,5,11,12,1,3,7
7,5,6,8,11,21,14,51,53,55,53,56,64,58,30,13,14,13,0,1,5,0,6,5
0,9,11,10,10,11,35,22,40,47,16,27,14,14,14,9,2,0,8,0,0,0,0,4
0,0,8,5,3,8,3,0,7,11,34,54,14,35,32,14,9,4,0,10,2,0,0,0
0,6,5,8,13,19,37,51,61,62,75,62,68,64,59,54,50,12,0,1,5,0,0,0
5,7,10,15,54,57,61,69,100,86,88,87,91,86,94,86,62,55,14,11,25,9,0,0
0,0,25,60,69,66,72,97,110,117,111,104,94,89,94,101,78,80,55,9,8,4,8,5
0,4,58,69,70,68,73,110,133,134,122,118,120,122,117,115,102,84,77,62,45,8,1,6
0,41,58,61,62,73,99,129,141,135,143,149,146,167,158,140,123,96,75,72,57,15,12,8
7,44,55,51,51,65,87,130,145,151,161,149,168,178,160,133,105,76,62,68,58,36,13,7
12,54,57,55,38,56,63,117,143,156,164,147,147,168,151,127,101,55,51,65,62,51,12,3
45,58,77,50,13,53,64,106,135,151,152,147,148,146,138,117,87,38,36,57,56,45,13,10
52,75,92,43,9,15,69,106,116,130,138,134,133,131,122,110,92,22,31,92,71,65,13,3
65,119,104,14,9,17,53,86,69,70,86,97,110,112,108,92,57,12,11,86,116,63,13,10
66,84,64,11,7,34,51,69,66,58,59,58,74,85,66,60,56,19,5,48,112,80,15,9
28,39,35,13,14,50,60,61,53,54,55,53,65,57,55,54,54,45,1,10,51,46,9,11
22,33,26,18,33,42,46,47,51,56,63,62,61,66,59,66,51,35,14,12,26,15,12,8
1,11,8,1,12,47,73,93,72,105,118,130,125,89,85,109,77,48,14,0,10,7,6,4
4,7,10,14,29,71,79,129,141,142,154,177,202,169,152,146,126,103,15,8,8,3,0,1
6,7,14,26,34,59,126,144,138,151,194,193,210,191,175,167,136,108,57,13,12,3,5,8
7,7,12,34,62,102,135,151,170,189,197,233,223,204,170,155,132,90,50,14,10,13,9,9
5,8,23,28,53,106,135,154,170,187,181,206,200,190,169,148,132,110,54,25,9,0,7,1
2,0,3,15,68,104,127,138,150,157,133,144,176,173,156,144,131,108,75,11,10,8,4,0
2,7,6,13,56,107,107,121,123,118,102,102,120,137,136,130,116,102,64,11,7,0,4,12
7,0,6,10,14,82,100,105,105,104,100,48,97,107,119,111,106,105,58,14,4,3,14,1
0,0,0,5,10,53,66,89,100,102,60,10,54,85,107,105,100,90,22,7,0,0,2,8
1,3,2,0,9,48,75,59,83,83,63,10,54,73,103,91,100,70,13,8,0,0,3,8
0,2,0,5,13,53,67,74,74,56,19,2,50,58,85,76,80,56,15,13,1,3,0,4
0,0,0,5,7,21,55,55,60,45,14,7,32,43,51,44,45,33,14,10,2,0,0,0
7,1,9,13,10,37,51,44,51,51,29,12,27,44,54,45,47,32,12,13,8,0,8,2
0,0,0,10,10,14,40,51,53,53,6,4,9,51,66,56,56,14,12,18,17,0,10,3
2,0,0,0,0,11,51,56,53,45,3,0,0,46,58,61,53,14,11,11,5,0,0,3
0,0,0,0,0,12,44,59,41,7,4,4,10,15,58,70,48,13,7,7,2,0,7,4
0,0,0,0,8,13,58,60,33,9,5,3,1,10,55,62,60,30,10,7,2,0,3,9
0,0,0,0,0,8,61,57,50,4,0,0,0,14,52,76,60,50,12,3,1,0,0,0
0,0,3,7,2,31,55,56,57,25,10,11,11,51,66,68,77,56,13,4,6,3,2,3
0,0,0,7,11,46,61,57,55,28,14,12,14,37,65,81,90,57,28,11,8,0,2,0
0,0,0,0,12,52,56,57,54,44,14,17,25,47,73,90,95,61,17,6,0,1,8,0
0,0,0,0,14,52,53,57,57,30,15,18,14,13,60,66,69,43,17,3,0,0,0,0
0,0,4,8,14,48,53,56,42,40,14,10,12,31,62,69,57,51,12,6,0,0,0,0
5,4,0,4,11,34,39,50,48,14,10,5,11,14,43,43,55,14,13,8,0,0,9,6
0,4,0,0,10,18,50,50,23,6,9,3,0,11,25,54,54,13,8,1,0,3,6,0
2,0,7,5,8,11,14,22,11,8,5,0,5,9,11,22,12,11,2,0,6,0,7,5

0

5,4,5,2,3,10,5,8,13,25,35,50,34,14,27,12,0,8,5,6,6,1,10,4
10,5,6,12,13,14,12,26,50,50,53,57,52,50,48,31,14,10,5,11,12,1,3,7
7,5,6,8,11,20,14,50,53,55,54,56,63,58,26,13,13,13,0,1,5,0,5,4
0,9,11,10,10,11,35,20,40,47,15,27,13,14,14,9,2,0,8,0,0,0,0,4
0,0,8,5,3,8,3,0,7,11,35,54,14,36,33,14,9,4,0,10,1,0,0,0
0,6,5,8,13,20,38,51,62,63,75,63,69,65,60,54,51,12,0,2,5,0,0,0
5,7,10,17,54,57,62,70,101,87,88,88,92,87,95,86,62,55,14,12,25,9,0,0
0,0,26,60,69,66,72,98,111,118,112,105,95,90,94,101,79,81,55,9,8,4,8,5
0,5,58,69,70,68,73,111,134,135,123,119,120,122,118,115,102,84,77,62,46,8,1,6
0,43,58,61,62,72,98,129,141,136,144,150,146,168,159,140,123,96,74,72,57,15,12,8
7,44,55,51,51,65,86,130,145,151,161,149,168,178,160,133,105,76,62,68,58,36,13,7
12,54,57,55,38,55,63,117,143,156,164,147,147,167,150,127,101,55,51,65,62,51,12,3
43,57,76,50,13,53,64,106,135,150,151,146,148,146,137,117,87,37,35,56,56,45,13,10
52,73,90,43,8,13,69,106,116,130,138,134,133,131,122,110,92,20,29,92,70,65,13,3
63,117,104,14,9,14,53,86,69,70,86,98,110,112,108,92,57,12,11,86,116,62,13,9
65,82,65,11,7,34,51,70,66,58,59,58,74,86,66,60,56,19,5,48,112,79,15,9
29,40,36,13,14,50,60,61,53,54,55,53,65,57,55,54,55,45,1,10,51,45,9,11
24,33,27,19,33,42,46,48,52,57,63,62,62,67,59,66,51,35,14,12,26,15,12,8
4,13,10,1,12,44,72,93,72,106,118,130,125,89,85,109,77,47,14,0,10,7,6,4
6,9,11,14,30,72,79,130,141,143,155,177,203,169,153,146,126,103,15,8,8,3,0,1
6,7,14,26,34,59,127,144,138,152,195,193,210,191,175,167,136,108,57,13,12,4,5,8
7,7,12,34,62,103,135,151,170,190,197,234,223,204,170,155,132,91,50,14,10,13,9,9
5,8,23,28,53,106,135,155,171,187,181,206,200,191,169,147,132,110,54,26,9,0,7,2
3,0,3,16,69,104,127,139,150,157,133,144,176,173,156,144,131,108,75,11,10,8,4,0
2,7,6,14,55,107,107,121,123,118,102,102,120,137,136,130,116,102,63,11,7,0,4,12
7,0,6,11,14,82,100,105,105,104,100,51,98,107,119,111,106,105,58,14,5,3,14,1
0,0,0,5,10,54,66,89,100,102,60,11,55,85,107,105,100,90,23,7,0,0,2,8
1,3,2,0,9,48,77,59,83,84,63,10,54,72,103,91,100,70,13,8,0,0,3,8
0,2,0,5,14,54,67,74,74,56,21,3,48,57,86,76,80,57,15,13,1,3,0,5
0,0,0,5,7,22,55,55,60,45,14,8,30,43,51,44,45,33,14,10,2,0,0,0
7,1,9,13,10,38,51,44,51,51,31,13,26,43,54,45,47,32,12,13,8,0,8,2
0,0,0,10,10,14,40,51,53,53,7,5,8,50,66,56,56,14,12,18,17,0,10,3
2,0,0,0,0,11,51,56,53,44,4,0,0,42,58,60,53,14,11,11,5,0,0,3
0,0,0,0,0,13,45,59,43,7,5,4,10,15,58,70,47,13,7,7,2,0,7,4
0,0,0,0,8,13,58,60,34,9,5,3,1,10,55,61,60,30,9,7,2,0,2,9
0,0,0,0,0,8,61,58,50,4,0,0,0,14,52,76,60,50,12,3,1,0,0,0
0,0,3,7,2,30,55,56,58,24,10,11,11,51,65,67,76,56,13,4,6,3,2,3
0,0,0,7,12,47,61,58,55,28,14,12,14,37,64,80,90,57,28,11,8,0,2,0
0,0,0,0,12,53,56,57,54,44,14,17,25,47,73,90,95,61,17,6,0,0,8,0
0,0,0,0,14,52,53,57,57,30,15,18,14,13,60,66,69,43,17,3,0,0,0,0
0,0,4,8,14,47,53,56,42,41,14,10,12,31,62,69,57,51,12,6,0,0,0,0
5,4,0,4,11,33,39,51,50,15,10,5,11,14,44,43,54,14,13,8,0,0,9,6
0,4,0,0,10,18,50,50,23,6,9,3,0,11,26,54,54,13,8,1,0,3,5,0
2,0,7,5,8,11,14,22,11,8,5,0,5,9,11,22,12,11,2,0,6,0,7,5

0

5,4,5,2,2,10,5,8,13,25,33,50,35,14,26,12,0,8,5,6,6,1,10,4
10,5,6,12,13,15,12,27,48,50,53,57,52,50,50,31,14,10,5,11,12,1,3,7
7,5,6,8,11,21,14,50,53,55,53,56,63,58,25,13,13,13,0,1,5,0,5,4
0,9,11,10,10,11,36,22,41,48,15,27,14,14,14,9,2,0,8,0,0,0,0,4
0,0,8,5,3,8,3,0,7,11,35,54,14,37,32,14,9,4,0,10,1,0,0,0
0,6,5,8,13,20,38,51,61,62,75,62,69,64,60,54,50,12,0,1,5,0,0,0
5,7,10,15,54,57,61,69,100,86,88,87,91,86,94,86,62,55,14,12,25,9,0,0
0,0,25,60,69,66,72,97,111,117,111,104,94,89,93,101,79,81,55,9,8,4,8,5
0,4,58,69,70,68,73,110,133,134,122,118,119,121,117,115,102,84,77,62,46,8,1,6
0,43,58,61,62,72,98,129,140,134,143,149,145,167,158,140,123,96,74,72,57,15,12,8
7,44,55,51,51,65,86,130,145,150,161,149,167,177,160,133,105,76,62,68,58,36,13,7
12,54,57,55,38,56,63,117,143,156,164,147,147,167,150,127,101,55,51,65,62,51,12,3
43,57,75,50,14,53,64,106,135,151,151,147,148,146,138,117,87,38,36,56,56,45,13,10
52,72,90,43,8,13,70,106,116,131,138,134,133,131,122,110,92,22,31,92,71,66,13,4
63,117,104,14,9,14,53,87,69,70,86,98,110,112,108,92,57,12,11,86,116,62,13,10
65,82,65,11,8,37,51,70,66,58,59,58,74,85,66,60,56,20,5,48,112,79,16,9
30,40,37,13,14,50,61,61,53,54,55,53,65,57,55,54,55,45,1,10,51,47,10,11
24,33,28,19,33,42,46,47,52,57,63,62,62,67,59,66,51,35,14,12,26,15,12,8
4,13,10,1,12,43,73,93,72,106,118,131,125,89,85,109,77,47,14,0,10,7,6,4
6,9,11,14,30,72,79,130,141,143,156,178,204,169,153,146,126,103,15,8,8,3,0,1
6,7,14,26,34,60,127,145,138,152,196,194,210,191,175,167,136,108,57,13,12,3,5,8
7,7,12,34,62,103,136,152,171,190,198,234,224,205,170,155,132,91,50,14,10,13,9,9
5,8,23,28,53,107,136,155,172,188,182,207,200,191,169,148,132,110,54,26,9,0,7,2
3,0,3,17,69,104,128,139,150,158,133,144,176,173,156,144,131,108,75,11,10,8,4,0
2,8,6,14,55,107,107,121,123,118,103,102,120,137,136,130,116,102,63,11,7,0,4,12
7,1,7,11,14,82,100,105,105,104,100,55,98,108,119,111,106,105,59,14,5,4,14,1
0,0,0,5,10,53,66,89,100,102,60,11,55,85,107,105,100,89,23,7,0,0,2,8
1,3,2,0,9,50,76,59,83,83,64,11,54,73,103,91,100,70,13,8,0,0,3,8
0,2,0,5,14,54,67,75,74,56,21,3,50,58,86,76,80,57,15,13,1,3,0,5
0,0,0,5,8,22,55,56,60,47,14,8,32,44,51,44,45,33,14,10,2,0,0,0
7,1,10,13,10,38,51,44,51,51,31,13,27,44,54,45,47,32,13,13,8,0,8,2
0,0,0,10,10,14,41,51,53,53,7,5,9,50,66,56,56,14,12,18,17,0,10,3
2,0,0,0,0,11,51,56,53,45,4,0,0,43,58,60,53,14,11,11,5,0,0,3
0,0,0,0,0,13,46,59,42,7,5,4,10,15,58,70,48,13,7,7,2,0,7,4
0,0,0,0,8,13,58,59,34,9,5,3,1,10,54,61,60,31,10,7,2,0,2,9
0,0,0,0,0,9,61,58,50,4,0,0,0,14,52,75,60,50,12,3,1,0,0,0
0,0,2,7,2,31,55,56,58,27,10,11,12,51,65,67,76,56,13,4,6,3,2,3
0,0,0,7,12,47,61,58,55,29,14,12,14,37,64,80,89,57,29,11,8,0,2,0
0,0,0,0,13,53,56,57,54,44,14,17,25,47,73,89,94,61,17,6,0,0,8,0
0,0,0,0,14,52,53,57,57,30,15,18,14,13,60,66,68,43,18,3,0,0,0,0
0,0,4,8,14,47,53,56,42,40,14,10,12,30,62,69,57,51,12,6,0,0,0,0
5,4,0,4,11,34,40,50,50,15,10,5,11,14,43,43,54,14,13,8,0,0,9,6
0,4,0,0,10,19,50,50,24,6,9,3,0,11,25,54,54,13,8,1,0,3,6,0
2,0,7,5,8,11,14,21,11,8,4,0,5,9,11,22,12,11,2,0,6,0,7,5

0

5,4,5,2,2,10,5,8,13,27,34,50,34,14,26,12,0,8,5,6,6,1,10,4
10,5,6,12,13,14,12,29,50,50,53,57,53,50,50,31,14,10,5,11,12,1,3,7
7,5,6,8,11,21,14,51,53,55,53,56,65,58,27,13,13,13,0,1,5,0,5,4
0,9,10,10,10,11,34,21,41,47,16,27,14,14,14,9,2,0,8,0,0,0,0,3
0,0,8,5,2,8,3,0,7,11,34,54,14,35,32,14,9,4,0,10,1,0,0,0
0,6,5,8,13,19,38,51,61,62,75,62,68,64,59,54,50,12,0,1,5,0,0,0
5,7,10,15,54,57,61,69,100,86,88,87,90,86,94,85,61,55,14,11,25,9,0,0
0,0,26,60,69,66,71,97,110,117,110,104,94,89,93,101,79,81,55,9,8,4,8,5
0,4,58,68,69,68,73,110,133,134,122,118,119,121,117,115,102,84,77,62,46,8,1,6
0,42,58,61,62,72,98,129,140,134,143,149,145,167,158,140,123,96,74,72,57,15,12,8
7,44,55,51,51,65,87,130,145,151,162,150,168,178,161,134,105,76,62,67,58,36,13,7
12,54,57,55,40,56,63,118,144,157,165,148,147,168,151,128,101,55,51,65,62,51,12,3
43,57,75,50,14,54,65,107,136,152,152,147,148,146,138,117,87,38,35,56,56,45,13,10
52,73,90,43,8,13,70,107,116,131,138,134,134,131,122,110,93,24,31,92,70,65,13,4
63,116,104,14,9,14,54,88,69,70,87,98,110,113,108,92,57,12,11,86,116,63,14,10
65,82,65,11,8,39,51,70,66,58,59,58,74,86,66,60,56,19,5,48,112,80,16,9
30,39,36,13,14,50,60,61,53,54,55,53,65,57,55,54,54,45,1,10,51,47,10,11
24,33,28,19,34,42,46,48,52,56,63,62,62,66,59,66,51,35,14,12,26,16,12,8
5,13,10,1,12,44,74,93,72,106,118,130,125,89,85,109,77,48,14,0,10,7,6,4
6,9,11,14,31,72,80,130,141,143,156,178,204,169,153,146,126,103,17,8,8,3,0,1
7,8,14,25,34,60,127,145,139,152,196,194,210,191,175,167,136,108,58,13,12,3,5,9
7,7,12,34,62,103,136,152,171,191,198,234,224,205,170,155,132,91,50,14,10,13,10,9
5,8,24,28,54,107,136,156,172,188,182,207,200,191,169,148,132,110,54,26,9,0,7,2
3,0,4,17,69,105,128,139,150,158,133,144,176,173,156,144,131,108,75,11,10,8,4,0
3,8,6,14,55,107,107,121,123,118,103,102,120,137,136,130,117,102,64,11,7,0,4,12
7,1,7,11,14,84,100,105,105,104,100,55,100,108,119,111,106,105,59,15,5,4,14,1
0,0,0,5,10,53,66,89,100,102,61,11,55,85,107,105,100,89,24,7,0,0,3,8
1,3,3,0,9,50,77,59,84,84,64,11,54,73,103,91,100,71,13,8,0,1,4,9
0,2,0,5,14,55,67,75,74,56,22,4,50,58,86,76,80,56,15,13,1,3,0,5
0,0,0,5,8,23,55,55,60,47,14,9,31,43,51,44,45,33,14,10,2,0,0,0
7,1,10,13,10,38,51,44,51,51,32,13,27,44,54,45,47,32,13,13,8,0,8,3
0,0,0,10,10,14,41,51,53,54,8,5,9,51,66,56,57,14,12,19,17,0,10,3
2,0,0,0,0,11,51,57,53,45,5,0,0,43,57,60,54,14,11,11,5,0,0,3
0,0,0,0,0,13,45,59,41,7,5,4,10,14,57,69,48,13,7,7,2,0,7,4
0,0,0,0,7,14,58,60,35,9,5,2,1,10,54,61,60,31,9,7,2,0,2,9
0,0,0,0,0,8,61,58,50,5,0,0,0,14,52,75,59,50,12,3,1,0,0,0
0,0,2,7,2,32,55,56,58,26,10,11,11,51,65,67,76,56,13,4,6,3,2,3
0,0,0,7,12,47,60,58,55,30,14,12,14,36,64,80,89,57,29,11,8,0,2,0
0,0,0,0,13,53,57,57,54,44,14,17,25,47,72,89,94,61,17,6,0,1,8,0
0,0,0,0,14,52,53,57,57,30,15,18,14,13,60,66,68,43,19,3,0,0,0,0
0,0,4,8,14,47,53,56,42,40,14,9,12,29,62,69,57,52,12,6,0,0,0,0
5,4,0,4,11,34,40,50,50,15,10,5,11,14,43,42,54,14,13,8,0,0,9,6
0,4,0,0,10,18,50,50,23,6,9,2,0,11,26,54,54,13,8,1,0,3,6,0
2,0,7,5,8,11,14,22,11,8,4,0,5,9,11,22,12,11,2,0,6,0,7,5

0

5,4,5,2,2,10,5,8,13,25,35,50,35,14,26,12,0,8,4,6,6,1,10,4
10,5,6,12,13,14,12,27,48,50,53,57,52,50,50,31,14,10,5,11,12,1,3,6
7,5,6,8,11,21,14,50,53,55,53,56,65,58,29,13,13,13,0,1,4,0,5,4
0,9,10,10,10,11,35,22,41,47,16,27,14,14,14,9,2,0,8,0,0,0,0,3
0,0,8,5,2,8,3,0,7,11,35,54,14,37,32,14,9,4,0,10,1,0,0,0
0,6,5,8,13,20,38,51,61,62,75,62,68,64,60,54,50,12,0,1,4,0,0,0
5,7,10,15,54,57,61,69,100,86,88,87,91,86,94,85,62,55,14,11,25,9,0,0
0,0,25,60,69,66,71,97,110,117,111,104,94,89,93,101,79,81,55,9,8,4,8,5
0,5,58,69,70,68,73,110,133,134,122,118,120,121,117,115,102,84,77,62,46,8,1,6
0,42,58,61,62,73,98,129,140,135,143,150,146,167,159,141,123,96,74,72,57,15,12,8
7,45,55,51,51,66,87,130,145,151,162,150,168,178,161,134,105,76,62,67,58,36,13,7
12,54,57,55,40,56,63,118,144,157,165,148,148,168,151,128,101,55,51,65,62,51,12,3
43,57,76,51,14,54,65,107,136,152,152,148,149,146,138,118,87,39,36,56,55,45,13,10
52,72,89,41,8,13,70,107,116,131,138,134,134,131,122,110,93,25,29,92,70,66,13,4
63,116,104,14,9,14,54,88,69,70,87,98,110,113,108,93,57,12,11,86,116,63,14,10
65,82,66,11,8,39,51,70,66,58,59,58,74,85,66,60,56,19,5,48,112,80,16,10
29,39,37,13,14,51,60,61,53,54,55,53,64,57,55,54,54,44,1,10,51,47,10,11
23,34,28,19,34,42,46,47,52,56,63,62,62,66,59,66,51,35,14,12,26,16,12,8
4,13,10,1,12,44,73,93,72,106,118,131,125,89,85,109,76,47,14,0,10,7,6,4
6,9,11,14,31,72,80,130,142,143,156,178,204,169,153,146,126,103,16,8,8,3,0,1
7,8,14,26,34,60,127,145,139,153,196,194,210,191,175,167,136,108,58,13,12,3,5,9
7,7,12,34,62,103,136,153,171,191,199,235,224,204,170,155,132,91,50,14,10,13,10,9
6,8,24,28,54,107,136,156,172,188,182,207,200,191,169,148,132,110,54,26,9,0,7,2
3,0,4,16,69,105,128,139,151,158,133,144,176,174,156,144,131,108,75,11,10,8,4,0
3,8,6,14,55,107,108,121,123,118,103,102,120,137,136,130,116,102,64,11,7,0,4,12
7,1,7,11,14,81,100,105,105,104,100,56,98,107,119,111,106,105,59,15,5,4,14,1
0,0,0,5,10,52,67,89,100,102,63,11,55,85,107,105,100,89,23,7,0,0,3,8
1,3,3,0,9,50,76,59,83,84,64,11,54,73,103,91,100,71,13,8,0,1,4,9
0,2,0,6,14,55,67,74,74,56,22,4,50,58,86,76,80,57,16,13,2,3,0,5
0,0,0,5,8,24,55,55,60,46,14,9,32,43,51,44,45,33,14,10,2,0,0,1
7,1,10,13,10,38,51,44,51,51,32,13,27,44,54,45,47,32,13,13,8,0,8,3
0,0,0,10,10,14,38,51,53,53,8,6,9,50,65,56,56,14,12,18,17,0,10,3
2,0,0,0,0,11,51,56,53,46,5,0,0,44,57,60,54,14,11,11,5,0,0,3
0,0,0,0,0,13,46,59,42,8,5,4,10,14,57,69,48,13,7,7,2,0,7,4
0,0,0,0,7,14,58,60,35,9,5,3,1,10,54,60,60,32,10,7,2,0,2,9
0,0,0,0,0,9,61,58,50,4,0,0,0,14,52,75,59,50,12,3,1,0,0,0
0,0,2,7,2,32,55,56,57,26,10,11,11,50,65,67,76,56,13,4,6,3,2,3
0,0,0,7,12,46,61,58,55,29,14,12,14,36,64,79,89,57,29,11,8,0,2,0
0,0,0,0,13,53,56,57,54,45,14,17,25,46,72,89,94,61,18,7,0,1,8,0
0,0,0,0,15,52,53,57,57,30,15,18,14,13,60,66,69,43,20,3,0,0,0,0
0,0,4,9,14,47,53,56,42,40,14,9,12,32,62,69,57,52,12,6,0,0,0,0
5,4,0,4,11,34,39,51,50,15,10,5,11,14,43,43,54,14,13,8,0,0,9,6
0,4,0,0,10,19,50,50,23,6,9,3,0,11,26,54,54,13,8,1,0,3,6,0
2,0,7,5,8,11,14,22,11,8,4,0,5,9,11,22,12,11,2,0,6,0,7,5

0

5,4,5,2,3,10,5,8,13,25,35,50,36,14,26,12,0,8,5,6,6,1,10,4
10,5,6,12,13,15,12,27,48,50,53,57,52,50,50,31,14,10,5,11,12,1,2,7
7,5,6,8,11,21,14,51,54,55,54,56,64,58,27,13,13,13,0,1,4,0,5,4
0,9,10,10,10,11,34,22,40,47,15,27,14,13,14,9,2,0,8,0,0,0,0,3
0,0,8,5,3,8,3,0,7,11,35,54,14,37,33,14,9,4,0,10,1,0,0,0
0,6,5,8,13,20,38,51,61,62,75,63,69,65,60,54,50,12,0,1,4,0,0,0
5,7,10,16,54,57,61,69,101,87,88,88,91,86,94,85,62,55,14,11,25,9,0,0
0,0,26,60,69,66,71,97,111,118,111,104,94,89,93,101,79,81,55,9,8,4,8,5
0,5,58,69,70,68,73,110,133,134,122,119,120,121,117,115,102,84,77,62,47,8,0,6
0,41,58,61,62,73,98,129,140,135,143,150,146,166,158,140,123,96,74,72,57,15,12,8
7,44,55,51,51,66,87,130,145,151,161,149,167,177,160,133,105,76,62,67,58,36,13,7
12,54,57,55,40,56,63,118,144,156,164,147,147,167,150,127,101,55,51,65,62,51,12,3
44,57,75,50,14,54,65,107,136,151,152,147,148,146,138,117,87,38,35,56,55,45,13,10
52,71,88,40,8,13,70,107,117,131,138,134,134,131,122,110,93,24,29,92,70,66,13,4
63,116,104,14,9,15,53,87,70,70,87,98,110,113,108,93,57,12,11,86,116,62,14,10
64,81,65,11,8,39,51,70,66,58,59,58,75,86,66,60,56,19,5,48,112,79,16,10
28,40,37,13,14,51,60,61,53,54,55,53,65,57,55,54,54,45,1,10,51,47,10,11
24,34,28,19,34,42,46,48,52,57,63,63,62,67,59,66,51,35,14,12,27,15,12,8
5,13,11,1,12,45,73,94,72,106,118,131,126,90,85,109,77,48,14,0,10,7,6,4
7,9,12,14,31,73,80,130,142,143,156,179,204,169,153,146,126,103,17,8,8,3,0,1
7,8,14,26,34,60,127,145,139,153,196,195,210,191,175,167,136,108,57,13,12,4,5,8
7,8,12,34,62,103,136,153,171,192,199,235,224,205,170,155,132,91,50,14,10,13,10,9
6,8,24,28,55,107,137,157,173,189,183,208,200,191,169,148,132,110,54,26,9,0,7,2
3,0,4,16,69,105,128,139,151,158,134,145,177,174,157,144,131,108,75,11,10,8,4,0
3,8,6,14,56,107,108,121,123,118,103,102,120,137,136,130,117,102,65,11,7,0,4,12
7,1,7,11,14,82,100,105,105,104,100,57,100,108,119,111,106,105,59,15,5,4,14,1
0,0,0,5,11,53,66,91,100,102,63,12,56,86,108,105,100,90,23,7,0,0,3,8
1,3,3,0,10,47,76,59,84,84,65,11,54,72,103,91,100,70,13,8,0,1,4,9
0,3,0,6,14,55,68,75,74,56,22,4,50,58,86,76,80,57,16,13,2,3,0,5
0,0,0,5,8,23,55,55,60,47,14,9,32,43,51,44,45,33,14,10,2,0,0,1
7,1,10,13,11,38,51,44,51,51,33,14,27,44,54,45,47,32,13,13,8,0,8,3
0,0,0,10,10,14,39,51,53,53,8,6,9,50,65,55,57,14,12,18,17,0,10,3
2,0,0,0,0,11,51,56,53,46,5,0,0,43,57,60,54,14,11,11,5,0,0,3
0,0,0,0,0,13,45,59,42,8,5,5,10,14,57,69,48,13,7,7,2,0,7,4
0,0,0,0,7,14,58,60,34,9,5,3,1,10,54,60,60,31,10,7,2,0,3,9
0,0,0,0,0,9,61,58,50,5,0,0,0,14,52,75,59,50,12,3,1,0,0,0
0,0,2,7,2,32,55,56,57,26,10,11,11,50,65,66,76,56,13,4,6,3,2,3
0,0,0,7,12,46,61,58,55,31,14,12,14,37,64,79,89,58,29,11,8,0,2,0
0,0,0,0,13,53,57,57,54,44,14,18,25,47,72,89,95,62,18,7,0,1,8,0
0,0,0,0,15,52,53,57,57,30,15,17,14,13,60,66,69,43,19,3,0,0,0,0
0,0,4,9,14,48,53,56,42,40,14,9,12,31,61,69,58,52,12,6,0,0,0,0
5,4,0,4,12,35,40,51,50,14,10,5,11,14,43,43,54,14,13,8,0,0,9,6
0,4,0,0,10,19,50,50,23,6,9,2,0,11,25,54,54,13,8,1,0,3,6,0
2,0,7,5,8,11,14,22,11,8,4,0,5,9,11,23,12,11,2,1,7,0,7,5

0

5,4,5,2,2,10,5,8,13,28,34,50,35,14,27,12,0,8,5,6,6,1,10,4
10,5,6,12,13,14,12,27,48,50,53,57,52,50,50,31,14,10,5,11,12,1,2,6
7,5,6,8,11,21,14,51,54,55,54,56,65,58,27,13,13,13,0,1,4,0,5,4
0,9,10,10,10,11,35,22,40,47,16,27,14,14,14,9,2,0,8,0,0,0,0,3
0,0,8,5,2,8,3,0,8,11,35,54,14,36,32,14,9,4,0,10,1,0,0,0
0,6,5,8,13,20,38,51,61,62,75,63,69,65,60,55,50,12,0,1,5,0,0,0
5,7,10,15,54,57,61,69,101,87,88,88,91,87,94,85,62,55,14,12,25,9,0,0
0,0,25,60,69,66,71,97,111,118,111,104,94,89,93,101,79,81,55,9,8,4,8,5
0,5,58,69,69,68,72,110,133,134,122,119,120,121,117,115,102,84,77,62,47,8,1,6
0,41,58,61,61,72,98,129,140,135,143,150,146,166,158,140,123,96,74,71,57,15,12,8
7,44,55,51,51,66,87,130,145,151,161,149,167,177,160,133,105,76,61,67,58,36,13,7
12,53,57,55,39,56,63,118,144,156,164,147,147,167,150,127,101,55,51,65,62,51,12,3
43,57,75,50,14,54,65,107,136,151,152,147,148,146,138,117,87,39,36,56,55,45,13,10
52,72,88,40,8,13,70,107,117,131,138,134,134,131,122,110,93,24,28,92,70,66,13,3
62,116,104,14,9,15,53,88,70,71,87,98,111,113,109,93,57,12,11,85,116,62,14,10
64,81,65,11,8,40,51,70,66,58,60,58,75,86,66,60,56,19,5,47,111,79,16,9
29,40,37,13,14,51,60,61,53,54,55,53,65,57,55,54,54,46,1,10,51,47,10,11
24,34,28,19,34,42,46,48,52,57,63,63,62,67,59,66,51,35,14,12,26,15,12,8
5,13,11,1,12,45,73,94,72,106,118,131,126,89,85,109,76,47,14,0,10,7,6,4
7,10,12,14,31,73,80,130,142,143,157,179,204,170,153,145,126,103,17,8,8,3,0,1
7,8,14,26,34,60,128,145,139,153,197,195,211,191,175,167,136,108,58,13,12,4,5,9
8,8,12,34,62,103,136,153,172,192,199,235,224,205,170,155,132,91,50,14,10,13,9,9
5,8,24,28,55,107,137,157,173,189,183,208,200,191,169,148,132,110,54,25,9,0,7,2
3,0,4,16,69,105,128,140,151,158,134,145,176,174,156,144,131,108,75,11,10,8,4,0
3,8,6,14,55,107,108,122,123,118,103,102,121,137,136,130,116,102,65,11,7,0,4,12
7,1,7,11,14,84,100,105,105,104,100,59,100,108,119,111,106,105,60,15,5,4,14,1
0,0,0,5,10,54,66,90,100,102,63,12,57,85,108,105,100,90,27,8,0,0,3,8
1,3,3,0,10,48,76,59,84,84,64,11,54,73,103,91,100,71,13,8,0,1,4,9
0,3,0,5,14,55,67,75,74,56,22,4,50,57,86,76,80,57,16,13,2,3,0,5
0,0,0,5,9,24,55,55,60,47,14,9,32,43,51,44,45,33,14,10,2,0,0,1
7,1,10,13,11,38,51,44,51,51,33,13,27,44,54,45,47,32,13,13,8,0,8,3
0,0,0,10,10,14,36,51,53,53,8,6,9,50,65,56,57,14,12,19,17,0,10,3
2,0,0,0,0,11,51,56,53,45,6,0,0,42,57,60,54,14,11,11,5,0,0,3
0,0,0,0,0,13,45,59,43,8,5,5,10,14,57,69,48,14,7,7,2,0,7,4
0,0,0,0,7,14,58,60,35,9,5,3,1,10,54,60,60,32,10,7,2,0,3,9
0,0,0,0,0,9,61,58,50,5,0,0,0,14,52,75,59,50,12,3,1,0,0,0
0,0,2,7,2,33,55,56,58,27,10,11,12,50,64,66,76,56,13,4,7,3,2,4
0,0,0,7,12,47,61,58,55,31,14,12,14,36,64,79,89,58,30,11,8,0,2,0
0,0,0,0,13,53,57,57,54,46,14,17,25,45,72,89,94,62,18,7,0,1,8,0
0,0,0,0,17,52,53,57,57,30,15,17,14,13,60,66,69,43,20,3,0,0,0,0
0,0,4,9,14,47,53,56,42,40,14,9,12,31,62,69,57,52,12,6,0,0,0,0
5,4,0,4,12,35,40,51,50,14,10,5,11,14,42,43,54,14,13,8,0,0,9,6
0,4,0,0,10,19,50,50,24,6,9,2,0,11,25,54,54,13,8,1,0,3,6,0
2,0,7,5,8,11,14,22,11,8,4,0,5,9,11,22,12,11,2,1,7,0,7,5

0

5,4,5,2,2,10,5,8,13,27,34,50,34,14,26,12,0,8,5,6,6,1,10,4
10,5,6,12,13,15,12,27,50,50,53,57,52,50,50,31,14,10,5,11,12,1,2,6
7,5,6,8,11,23,14,52,53,55,54,57,66,58,31,13,13,13,0,1,4,0,5,4
0,9,10,10,10,11,35,22,40,47,15,29,14,14,14,9,2,0,8,0,0,0,0,3
0,0,8,5,2,8,3,0,8,11,35,54,14,36,32,14,9,4,0,10,1,0,0,0
0,6,5,8,13,20,38,51,61,62,75,62,69,65,60,54,50,12,0,1,4,0,0,0
5,7,10,15,54,57,61,69,100,86,88,88,91,86,94,85,61,55,14,12,25,9,0,0
0,0,25,60,69,66,71,97,110,118,111,104,94,89,93,101,79,81,55,9,8,4,8,5
0,5,58,68,69,68,73,110,133,134,122,119,120,121,117,115,102,84,77,62,47,8,0,6
0,42,58,61,62,73,98,129,140,135,143,150,146,167,159,140,123,96,74,72,57,15,12,8
7,44,55,51,51,66,87,130,145,151,162,150,168,177,160,134,105,76,61,67,58,36,13,7
12,54,57,55,40,56,63,118,144,157,165,148,147,168,150,127,101,55,51,65,62,51,12,3
43,57,75,50,14,54,65,107,136,152,152,148,148,146,138,117,87,39,35,56,55,45,13,10
52,71,88,41,8,13,70,107,117,131,138,134,134,131,122,110,93,25,29,92,70,66,13,4
62,116,104,14,9,15,53,88,70,70,87,98,110,113,108,93,57,12,11,85,116,62,14,10
65,82,66,12,8,39,51,70,66,58,60,58,75,86,66,60,56,19,5,48,112,79,16,10
29,40,37,13,14,51,60,61,53,54,55,53,65,57,55,54,54,45,1,10,51,47,10,11
24,34,28,20,34,42,46,48,52,57,63,63,62,67,59,66,51,35,14,12,27,16,12,8
5,13,11,1,12,44,73,94,72,106,118,131,126,90,85,109,76,48,14,0,10,7,6,4
7,10,12,14,31,73,80,130,142,143,157,179,205,170,153,146,126,103,18,8,8,3,0,1
7,8,14,26,34,60,128,145,139,154,197,195,211,191,175,167,136,108,57,13,12,4,5,9
8,8,12,34,62,103,136,153,172,192,199,235,224,205,170,155,132,91,50,14,10,13,10,9
5,9,24,28,55,107,137,157,173,189,183,208,201,191,169,148,132,111,54,25,9,0,7,2
3,0,4,17,69,105,128,140,151,158,134,145,177,174,157,144,131,108,76,12,10,8,4,0
3,8,7,14,55,107,108,122,123,118,103,102,121,138,136,130,117,102,65,11,7,0,4,12
7,1,7,11,14,82,100,105,105,104,100,60,100,107,119,111,106,105,60,15,5,4,14,1
0,0,0,5,11,52,66,90,100,102,63,12,55,86,107,105,100,90,26,7,0,0,3,8
1,3,3,0,10,48,76,59,84,83,65,11,54,73,103,91,100,71,13,8,0,1,4,9
0,3,0,5,14,55,67,74,74,56,23,4,50,58,86,76,80,57,16,13,2,3,0,5
0,0,0,5,9,25,56,56,60,48,15,9,32,44,51,44,45,33,14,10,3,0,0,1
7,1,10,13,11,38,51,44,51,51,33,14,27,44,54,45,47,32,13,13,8,0,8,3
0,0,0,10,10,14,37,51,53,53,8,6,9,50,65,55,56,14,12,19,17,0,10,3
2,0,0,0,0,12,51,57,53,46,6,0,0,42,57,60,54,14,11,11,5,0,0,3
0,0,0,0,0,13,46,59,42,8,5,5,10,14,57,69,48,13,7,7,2,0,7,4
0,0,0,0,7,14,58,60,37,9,5,3,1,10,54,60,60,32,10,7,2,0,3,9
0,0,0,0,0,9,62,58,50,5,0,0,0,14,52,75,59,50,12,3,1,0,0,0
0,0,2,7,2,32,55,56,58,27,10,11,11,51,64,66,76,56,13,4,7,3,2,4
0,0,0,7,12,48,61,58,55,31,14,12,14,37,63,79,89,58,29,11,8,0,2,0
0,0,0,0,13,53,56,57,54,45,14,18,25,45,72,88,94,62,18,7,0,1,8,0
0,0,0,0,16,52,53,57,57,30,15,18,14,13,60,65,69,43,21,3,0,0,0,0
0,0,4,9,14,48,53,56,42,40,14,9,12,30,61,69,57,52,12,6,0,0,0,0
5,4,0,4,12,35,39,51,50,15,10,5,11,14,43,43,54,14,13,8,0,0,10,6
0,4,0,0,10,19,50,50,24,6,9,2,0,11,25,54,54,13,8,1,0,3,6,0
2,0,7,5,8,11,14,23,11,8,4,0,5,9,11,22,12,11,2,1,7,0,7,5

0

5,4,5,2,2,10,5,8,13,27,34,50,34,14,26,12,0,8,5,6,6,1,10,4
10,5,6,12,13,14,12,27,48,50,53,57,52,50,50,31,14,10,5,11,12,1,2,6
7,5,6,8,11,21,14,51,53,55,53,57,65,58,27,13,13,13,0,1,4,0,5,4
0,9,10,10,10,11,36,23,42,48,16,27,14,14,14,9,2,0,8,0,0,0,0,3
0,0,8,5,2,8,3,0,7,11,35,54,14,36,32,14,9,4,0,10,1,0,0,0
0,6,5,8,13,19,38,51,61,62,75,63,69,64,60,54,50,12,0,1,5,0,0,0
5,7,10,15,54,57,61,69,100,86,88,88,91,86,94,85,61,55,14,12,25,9,0,0
0,0,26,60,69,66,71,97,111,118,111,104,94,89,93,101,79,81,55,9,8,4,8,5
0,4,58,68,70,68,73,111,133,134,123,119,120,121,117,115,102,84,77,62,46,8,0,6
0,41,58,61,62,73,99,130,141,135,144,151,146,167,159,141,123,96,74,71,57,15,12,8
7,44,55,51,51,66,87,131,146,152,162,150,168,178,161,134,105,76,61,67,58,36,13,7
12,54,57,55,40,56,64,118,144,157,165,148,148,168,151,128,101,55,51,65,62,51,12,3
43,57,75,50,14,54,65,107,136,152,153,148,149,147,138,117,87,40,36,56,55,45,13,10
52,71,88,40,8,13,70,107,117,131,138,134,134,131,122,110,94,24,29,92,70,66,13,4
62,116,104,14,9,14,53,87,70,70,87,98,110,113,108,92,57,12,11,85,116,63,14,10
65,82,66,12,8,39,51,70,66,58,60,58,75,86,66,60,56,19,6,47,112,79,16,10
29,40,37,13,14,51,60,61,53,54,55,53,65,57,55,54,54,45,1,10,51,47,10,11
24,34,28,20,34,42,46,47,52,57,63,63,62,67,59,66,51,35,14,12,27,16,12,8
5,13,11,1,12,44,73,93,72,106,118,131,126,89,85,109,76,47,14,0,10,7,6,4
7,10,12,14,31,73,80,130,142,143,157,179,204,169,153,146,126,103,18,8,8,4,0,1
7,8,14,26,34,60,128,145,139,153,197,195,211,191,175,167,136,108,58,13,12,4,5,9
8,8,12,34,62,104,136,153,172,192,200,235,224,205,170,155,132,91,50,14,10,13,10,9
6,8,24,29,55,107,137,157,173,189,183,207,200,191,169,147,132,110,54,26,9,0,7,2
3,0,4,17,69,105,128,140,151,158,134,145,177,174,157,144,131,108,75,11,10,8,4,0
3,8,7,14,55,107,108,122,123,118,103,102,121,137,136,130,116,102,65,11,7,0,4,12
7,1,7,11,14,84,100,105,105,104,100,60,98,107,119,111,106,105,60,15,5,4,14,1
0,1,0,5,11,52,66,89,100,102,64,12,56,86,108,105,100,89,23,7,0,0,3,8
2,3,3,0,10,50,76,59,84,84,64,12,54,73,103,91,100,70,13,8,0,1,4,9
0,3,0,5,14,55,67,75,74,56,22,4,50,58,86,75,80,57,16,13,2,3,0,5
0,0,0,5,9,25,56,55,60,47,14,10,32,44,51,44,45,33,14,10,3,0,0,1
7,1,10,13,11,38,51,44,51,51,33,14,27,44,54,45,47,32,13,13,8,0,9,3
0,0,0,10,10,14,36,51,53,53,8,6,9,50,65,55,57,14,12,18,17,0,10,3
2,0,0,0,0,12,51,56,53,46,6,0,0,42,57,60,54,14,11,11,5,0,0,3
0,0,0,0,0,13,46,59,43,8,5,5,10,14,57,69,48,13,7,7,2,0,7,4
0,0,0,0,7,14,58,60,37,9,5,2,1,10,54,60,60,33,10,7,2,0,3,9
0,0,0,0,0,9,61,58,50,5,0,0,0,14,52,75,59,50,12,3,1,0,0,0
0,0,2,7,2,33,55,56,58,27,10,11,12,50,64,66,76,56,13,4,6,4,2,4
0,0,0,7,12,47,61,58,55,31,14,12,14,37,63,79,89,58,30,11,8,0,2,0
0,0,0,0,13,53,57,57,54,46,14,19,25,46,72,89,94,62,18,7,0,1,8,0
0,0,0,0,17,52,53,57,57,30,15,18,14,13,60,66,69,43,21,3,0,0,0,0
0,0,4,9,14,47,53,56,42,40,14,9,12,31,62,69,57,52,12,6,0,0,0,0
5,4,0,4,12,35,40,51,50,15,10,5,11,14,43,43,54,14,13,8,0,0,9,6
0,4,0,0,10,20,50,50,23,6,9,2,0,11,25,54,54,13,8,1,0,4,6,0
2,0,7,5,8,11,14,22,11,8,4,0,5,9,11,22,12,11,3,1,7,0,7,5

0

5,4,5,2,2,10,5,8,13,27,34,50,35,14,26,12,0,8,5,6,6,1,10,3
10,5,6,12,13,15,12,29,50,50,53,57,52,50,50,31,14,10,5,11,12,1,2,6
7,4,6,8,12,21,14,50,53,55,53,56,64,58,26,13,13,13,0,1,4,0,5,4
0,9,11,10,10,11,35,22,40,48,15,29,14,14,14,9,2,0,8,0,0,0,0,3
0,0,8,5,3,8,3,0,8,11,35,54,14,38,33,14,9,4,0,10,1,0,0,0
0,6,5,8,13,20,37,50,61,62,75,63,69,65,60,55,50,12,0,1,5,0,0,0
5,7,10,16,54,57,61,69,101,87,88,88,91,86,94,85,62,55,14,12,25,9,0,0
0,0,25,60,68,66,71,97,111,118,111,105,95,89,93,101,79,81,55,9,8,4,8,5
0,5,58,68,70,68,73,111,133,135,123,119,120,122,118,115,102,84,77,62,47,8,0,6
0,40,58,61,62,73,99,130,141,135,143,151,146,167,159,141,123,96,74,72,57,15,12,8
7,45,55,51,51,66,87,131,146,151,162,150,168,177,161,134,105,75,61,67,58,37,13,7
12,54,57,55,40,56,63,118,144,156,164,148,148,168,151,128,101,55,51,65,62,51,12,3
44,57,75,50,14,54,65,107,136,151,152,147,149,147,138,118,87,39,35,56,55,45,13,10
51,71,88,40,8,13,70,107,117,131,138,134,134,131,122,110,94,26,28,92,70,66,13,4
62,116,104,14,9,14,54,88,70,71,87,98,110,113,108,93,57,12,11,85,116,62,14,10
64,82,66,12,8,39,51,70,66,58,59,58,75,86,66,60,56,19,6,47,112,80,17,10
30,40,38,14,14,51,60,61,53,54,55,53,65,57,55,54,54,44,1,10,52,47,10,11
24,34,29,20,34,42,46,48,52,57,63,63,62,67,59,66,51,36,14,12,27,16,12,8
5,13,11,1,12,44,73,94,72,106,118,131,126,89,85,109,76,47,14,0,10,7,6,4
7,10,12,14,31,73,80,130,142,143,157,179,204,169,153,145,126,103,18,8,8,3,0,1
7,8,14,26,34,60,128,146,139,154,197,195,211,191,175,167,136,108,58,13,12,4,5,9
8,8,12,34,62,104,137,153,172,192,200,236,224,205,170,155,132,91,51,14,10,13,10,9
6,8,24,29,55,107,137,158,173,189,184,208,200,191,169,148,132,110,54,25,9,0,7,2
3,0,4,17,69,105,129,140,151,158,134,145,177,174,157,144,131,108,76,11,10,8,4,0
3,8,7,14,56,107,108,122,123,118,103,102,121,138,136,130,117,102,65,11,7,0,4,12
7,1,7,11,14,84,100,105,105,104,100,60,100,108,119,111,106,105,60,15,5,4,14,1
0,1,0,5,11,53,67,90,100,102,64,12,57,86,108,105,100,90,24,7,0,0,3,8
1,3,3,0,10,50,76,59,85,84,66,12,55,73,103,91,100,71,13,8,0,1,4,9
0,3,0,6,14,55,67,75,74,56,24,5,50,58,86,75,80,57,16,13,2,3,0,5
0,0,0,5,9,25,55,55,60,48,15,10,32,43,51,44,45,33,14,10,3,0,0,1
7,1,10,13,11,39,51,44,51,51,33,14,27,44,54,45,47,32,13,13,8,0,9,3
0,0,0,10,10,14,36,51,53,53,9,7,9,50,65,55,56,14,12,18,17,0,10,3
2,0,0,0,0,12,51,57,53,47,6,0,0,41,57,60,54,14,11,11,5,0,0,3
0,0,0,0,0,13,46,59,42,8,5,5,10,14,57,69,48,13,7,7,2,0,7,4
0,0,0,0,7,14,58,60,37,9,5,3,1,10,54,60,60,33,10,7,2,0,3,9
0,0,0,0,0,9,61,58,50,5,0,0,0,14,52,75,59,50,12,3,1,0,0,0
0,0,2,7,2,33,55,56,58,26,10,11,12,50,64,66,76,56,13,4,7,4,2,4
0,0,0,7,12,48,60,58,55,31,14,12,14,36,63,79,89,58,30,11,8,0,2,0
0,0,0,0,13,53,57,57,54,46,14,18,25,46,71,88,94,62,18,7,0,1,8,0
0,0,0,0,17,52,53,57,57,30,15,18,14,13,60,66,69,44,20,3,0,0,0,0
0,0,4,9,14,48,53,56,42,41,14,9,12,31,62,69,57,52,12,7,0,0,0,0
5,4,0,4,12,35,40,51,50,15,10,5,11,14,43,42,54,14,13,8,0,0,10,6
0,4,0,0,10,19,50,50,24,6,9,2,0,11,25,54,54,13,8,1,0,4,6,0
2,0,7,5,8,11,14,23,11,8,4,0,5,9,11,21,12,11,3,1,7,0,7,5

0

5,4,5,2,2,10,5,8,13,27,34,50,34,14,27,12,0,8,5,6,6,1,10,4
10,5,6,12,13,14,12,27,48,50,53,57,52,50,50,31,14,10,5,11,12,1,2,6
7,4,6,8,12,23,14,51,53,55,53,56,65,58,29,13,13,13,0,0,4,0,5,4
0,9,10,10,10,11,35,24,41,47,16,27,14,14,14,9,2,0,8,0,0,0,0,3
0,0,8,5,3,8,3,0,8,11,35,54,14,37,33,14,9,4,0,10,1,0,0,0
0,6,5,8,13,20,38,51,61,63,75,63,69,65,60,55,51,12,0,1,5,0,0,0
5,7,10,16,54,57,61,69,101,87,88,88,92,87,95,85,62,55,14,12,25,9,0,0
0,0,26,60,69,66,71,97,111,118,112,105,95,89,93,101,79,81,55,9,8,4,8,5
0,5,58,68,70,68,73,111,133,135,123,119,120,122,118,115,102,84,77,62,47,8,0,6
0,41,58,61,62,73,98,129,140,135,143,150,146,167,158,140,123,96,74,71,57,15,12,8
7,44,55,51,51,66,87,130,145,151,162,149,168,177,160,133,105,76,61,67,58,37,13,7
12,54,57,55,39,55,63,118,144,156,164,147,147,167,150,127,101,55,51,65,61,51,12,3
44,57,75,50,14,54,65,107,136,151,152,147,148,146,138,117,87,39,36,56,55,45,13,10
52,71,88,40,8,13,70,107,117,131,138,134,134,131,123,110,93,25,28,92,70,66,13,4
62,116,104,14,9,14,53,88,70,71,87,98,110,113,108,93,57,12,11,85,115,62,14,10
64,81,66,12,8,40,51,70,66,58,60,58,75,87,66,60,56,19,5,47,112,79,16,10
30,40,39,14,14,51,60,61,53,54,55,54,65,57,55,54,54,45,1,10,51,47,10,11
24,34,29,20,34,42,46,48,52,57,63,63,62,67,59,66,51,35,14,12,27,16,12,8
5,13,11,1,12,45,74,94,72,106,118,131,126,90,85,109,77,47,14,0,10,7,6,4
7,10,12,14,31,73,80,130,142,144,157,179,205,170,153,145,126,103,18,8,8,3,0,1
7,8,14,26,34,60,128,146,140,154,197,195,211,192,175,167,136,108,58,13,12,4,5,9
8,8,12,34,62,104,137,154,172,192,200,236,224,205,170,155,132,91,50,14,10,13,10,9
6,9,24,29,55,107,137,158,174,190,184,208,201,191,169,148,132,110,55,26,9,0,7,2
4,0,4,20,69,105,129,140,151,159,134,145,177,174,157,144,131,108,76,12,10,8,4,0
3,8,7,14,55,107,108,122,123,118,103,102,121,138,136,130,117,102,65,11,7,0,4,12
7,1,7,11,14,84,100,105,105,104,100,60,98,108,119,111,106,105,60,16,5,4,14,1
0,1,0,5,11,53,68,89,100,102,64,12,57,86,108,105,100,90,26,7,0,0,3,8
1,3,3,0,10,48,77,59,83,84,65,12,54,73,103,90,100,71,13,8,0,1,4,9
0,3,0,6,14,56,67,75,74,56,23,5,50,58,86,75,80,57,16,13,2,3,0,5
0,0,0,6,9,27,55,55,60,48,14,10,32,43,51,44,45,33,14,10,3,0,0,1
7,1,10,13,11,39,51,44,51,51,34,14,27,44,54,45,48,32,13,13,8,0,9,3
0,0,0,10,10,14,36,51,53,53,9,7,9,50,65,55,56,14,12,19,17,0,10,3
2,0,0,0,0,12,51,57,53,47,6,0,0,42,57,59,54,14,11,11,5,0,0,3
0,0,0,0,0,13,46,59,41,8,5,5,10,14,57,68,48,14,7,7,2,0,7,4
0,0,0,0,7,14,58,60,36,9,5,3,1,10,54,60,60,32,10,7,2,0,3,9
0,0,0,0,0,9,62,58,50,5,0,0,0,14,51,75,59,50,12,3,1,0,0,0
0,0,2,7,2,33,55,56,58,28,10,11,12,50,64,66,76,56,13,4,7,4,2,4
0,0,0,7,12,47,61,58,55,32,14,12,14,37,63,79,89,57,29,11,8,0,2,0
0,0,0,0,13,53,57,57,54,46,14,18,25,46,71,88,94,62,18,7,0,1,8,0
0,0,0,0,17,52,53,57,57,30,15,17,14,13,60,65,69,43,20,4,0,0,0,0
0,0,4,9,14,47,53,56,43,41,14,9,12,32,62,69,58,52,12,7,0,0,0,0
5,4,0,4,12,35,39,51,50,15,10,4,11,14,43,43,54,14,13,8,0,0,9,6
0,4,0,0,10,19,50,50,24,6,9,2,0,11,25,54,54,13,8,1,0,4,6,0
2,0,7,5,8,11,14,22,11,8,4,0,5,9,11,23,12,11,3,1,7,0,7,5

0

5,4,5,2,2,10,5,8,13,25,35,50,35,14,26,12,0,8,5,6,6,1,10,4
10,5,6,12,13,15,12,26,50,50,53,57,52,50,50,31,14,10,5,11,12,1,2,6
7,4,6,9,12,21,14,51,53,55,53,57,65,58,27,13,13,13,0,1,4,0,5,4
0,9,10,10,10,11,36,23,41,48,15,29,14,14,14,9,2,0,8,0,0,0,0,3
0,0,8,5,3,8,3,0,8,11,35,54,14,38,33,14,9,4,0,10,1,0,0,0
0,6,5,8,13,20,38,51,61,63,75,63,69,65,60,55,51,12,0,1,5,0,0,0
5,7,10,16,54,57,61,69,101,87,89,88,91,87,94,85,62,55,14,12,26,9,0,0
0,0,26,60,68,66,71,97,111,118,112,105,95,89,93,101,79,81,55,9,8,4,8,5
0,5,58,68,70,68,73,111,133,135,123,119,120,122,118,115,102,84,77,62,47,8,0,6
0,42,58,61,62,73,99,130,140,135,144,150,146,167,159,140,123,96,74,71,57,14,12,8
7,44,55,51,51,66,87,130,145,151,162,150,168,177,160,133,105,75,61,67,58,36,13,7
12,54,56,55,40,56,63,118,144,157,164,147,147,167,150,128,101,55,51,64,61,51,12,3
44,57,75,50,14,54,65,107,136,152,152,147,148,146,138,118,87,39,36,56,55,45,13,10
52,71,88,41,8,13,70,107,117,131,138,134,134,131,122,110,93,26,29,92,70,66,13,4
62,116,104,14,9,15,53,88,70,71,87,98,111,113,108,93,57,12,11,85,115,62,14,10
64,82,66,12,8,42,51,70,66,58,59,58,74,87,66,60,56,19,5,47,112,79,16,10
29,41,37,14,14,51,61,61,53,54,55,53,65,57,55,54,54,45,1,10,52,47,10,11
24,34,28,20,34,42,46,48,52,57,63,63,62,67,59,66,51,36,14,12,27,16,12,8
5,13,11,1,12,44,74,94,72,106,118,131,126,90,85,109,76,48,14,0,10,7,6,4
7,10,12,14,31,73,81,131,142,144,157,179,205,170,154,145,126,103,18,8,8,3,0,1
7,8,15,26,34,60,128,146,140,154,197,195,211,191,175,167,136,108,58,13,12,4,5,9
8,8,12,34,62,104,137,154,172,192,200,236,225,205,170,155,132,91,51,14,10,13,10,9
6,8,24,28,55,107,137,158,174,190,184,208,201,192,169,148,132,110,54,26,9,0,7,2
3,0,4,19,69,105,129,140,151,158,134,145,177,174,157,144,131,108,76,12,10,8,4,0
3,8,7,14,55,107,108,122,124,118,103,102,121,137,136,130,116,102,65,11,7,0,4,12
7,1,8,11,14,84,100,105,106,104,100,61,100,108,119,111,106,105,59,16,5,4,14,1
0,1,0,5,11,54,67,90,100,102,64,12,57,86,108,105,100,90,24,8,0,0,3,8
1,3,3,0,10,48,77,59,84,83,66,12,54,73,103,90,100,70,13,8,0,1,4,9
0,3,0,6,14,55,67,75,74,56,23,5,50,58,86,75,80,57,16,13,2,3,0,5
0,0,0,5,9,25,55,55,60,49,15,10,32,44,51,44,45,33,14,10,3,0,0,1
7,1,10,13,11,39,51,44,51,51,34,14,27,43,54,45,47,32,13,13,9,0,9,3
0,0,0,10,10,14,36,51,53,53,9,7,9,50,64,55,57,14,12,19,17,0,10,3
2,0,0,0,0,12,52,57,53,48,6,0,0,45,57,59,54,14,11,11,5,0,0,3
0,0,0,0,0,13,46,59,42,8,6,5,10,14,57,69,48,14,7,7,2,0,7,4
0,0,0,0,7,14,58,60,37,9,5,3,1,10,54,60,60,33,10,7,2,0,3,9
0,0,0,0,0,9,62,58,50,5,0,0,0,14,52,75,59,50,12,3,1,0,0,0
0,0,2,7,2,33,55,56,58,26,10,11,12,50,64,66,76,56,13,4,7,4,2,4
0,0,0,7,12,47,61,58,55,32,14,13,14,36,63,79,89,58,31,11,8,0,2,0
0,0,0,0,14,53,57,57,54,45,14,18,25,46,71,88,94,62,18,7,0,1,8,0
0,0,0,0,17,52,53,58,57,30,15,18,14,13,60,66,69,43,21,4,0,0,0,0
0,0,4,9,14,47,53,56,42,41,14,9,12,31,61,69,57,52,12,7,0,0,0,0
5,4,0,4,12,35,41,51,50,15,10,5,11,14,43,43,54,14,13,8,0,0,10,6
0,4,0,0,10,20,50,50,24,6,9,2,0,11,26,55,54,13,8,1,0,4,6,0
2,0,7,5,8,11,14,23,11,8,4,0,5,9,11,22,12,11,3,1,7,0,7,5

0

5,4,5,2,2,10,5,8,13,25,34,50,35,14,26,12,0,8,5,6,6,1,10,4
10,5,6,12,13,15,12,27,50,50,53,57,53,50,50,32,14,10,5,11,12,1,2,6
7,4,6,8,12,23,14,51,53,54,53,56,65,58,25,13,13,13,0,0,4,0,5,4
0,9,11,11,10,11,35,23,41,48,15,29,14,14,14,9,2,0,8,0,0,0,0,3
0,0,8,5,2,8,4,0,8,11,35,54,14,38,33,14,9,4,0,10,1,0,0,0
0,6,5,8,13,20,38,51,61,63,75,63,69,65,60,54,51,12,0,1,5,0,0,0
5,7,10,16,54,57,61,69,101,87,88,88,91,86,94,85,61,55,14,12,25,9,0,0
0,0,26,60,68,66,72,97,111,118,112,105,95,89,93,101,79,81,55,9,8,4,8,5
0,5,58,68,70,68,73,111,134,135,123,119,120,121,118,115,102,84,77,62,46,8,0,6
0,43,58,61,62,73,99,130,141,135,144,151,146,167,159,141,123,96,74,71,57,15,12,8
7,44,55,51,51,66,87,131,146,152,162,151,168,178,161,134,105,75,61,67,58,36,13,7
12,54,57,55,41,56,63,118,144,157,165,148,148,168,151,128,101,55,51,65,61,51,12,3
43,57,74,50,14,54,64,107,136,152,152,148,149,147,138,118,87,39,35,56,55,45,13,10
52,71,88,40,8,13,70,107,117,131,138,134,134,132,123,111,94,26,31,92,70,66,13,4
62,116,104,14,9,14,53,88,70,71,87,98,111,113,108,93,57,12,11,85,115,62,14,10
64,82,66,12,8,37,51,70,66,58,60,58,75,87,66,60,56,19,5,47,112,79,17,10
30,40,37,14,14,50,60,61,53,54,55,53,65,57,55,54,54,44,1,10,52,47,10,11
24,34,28,20,34,42,46,48,52,57,63,63,63,68,60,66,51,35,14,12,27,16,12,8
5,13,11,1,12,44,73,94,72,106,119,131,126,90,85,109,76,48,14,0,10,7,6,4
7,10,12,14,31,73,80,130,142,144,157,180,205,170,153,145,126,103,19,8,8,3,0,1
7,8,14,26,35,60,128,146,140,154,198,195,212,192,175,167,136,108,58,13,12,4,5,9
8,8,12,34,62,104,137,154,172,192,201,236,224,205,170,155,132,92,51,14,10,13,10,9
6,8,24,29,55,107,137,158,174,190,184,209,201,192,170,148,132,110,54,26,9,0,7,2
4,0,4,19,69,105,129,140,152,158,134,145,177,174,157,144,131,108,76,12,10,8,4,0
3,8,7,14,55,107,108,122,123,118,103,102,121,138,136,130,116,102,65,11,7,0,4,12
7,1,8,11,14,84,100,105,105,104,100,63,100,108,119,111,106,105,60,16,5,4,14,1
0,1,0,5,11,53,66,93,100,102,66,12,58,85,108,105,100,91,26,8,0,0,3,8
2,3,3,0,10,50,78,59,85,84,66,12,54,74,103,91,100,70,13,8,0,1,4,9
0,3,0,6,14,56,67,75,75,56,24,5,50,58,87,75,80,57,16,13,2,3,0,5
0,0,0,6,9,25,56,55,61,48,14,10,32,44,51,44,45,33,14,10,3,0,0,1
7,1,10,13,11,39,51,44,51,51,33,14,27,44,54,45,47,32,13,13,8,0,9,3
0,0,0,10,10,14,38,51,53,53,9,7,9,50,65,56,57,14,12,19,17,0,10,3
2,0,0,0,0,12,52,57,53,45,6,0,0,43,57,59,54,14,11,11,5,0,0,3
0,0,0,0,0,13,46,59,43,8,6,5,10,14,57,69,48,13,7,7,2,0,7,4
0,0,0,0,7,14,58,60,35,9,5,3,1,10,54,60,59,33,10,7,2,0,3,9
0,0,0,0,0,9,62,58,50,5,0,0,0,14,52,75,59,50,12,3,1,0,0,0
0,0,2,7,2,33,55,56,58,27,10,11,12,50,64,66,76,56,13,4,7,4,2,4
0,0,0,7,12,48,61,58,55,31,14,13,14,36,63,79,89,57,30,11,8,0,2,0
0,0,0,0,13,53,57,57,54,45,14,18,25,45,71,88,94,62,18,7,0,1,8,0
0,0,0,0,18,52,53,57,57,30,15,18,14,13,60,65,68,43,21,4,0,0,0,0
0,0,4,9,14,47,53,56,42,40,14,9,12,33,61,69,58,52,12,7,0,0,0,0
5,4,0,4,12,35,40,51,50,15,10,4,11,14,44,42,54,14,13,8,0,0,9,6
0,4,0,0,10,19,50,50,24,6,9,2,0,11,25,54,54,13,8,1,0,4,6,0
2,0,7,5,8,11,14,23,11,8,4,0,5,9,11,23,12,11,3,1,7,0,7,5

0

5,4,5,2,2,10,5,8,13,24,34,50,34,14,26,12,0,8,5,6,6,1,10,4
10,5,6,12,13,15,12,27,50,50,53,57,52,50,50,31,14,10,5,11,12,1,2,6
7,4,6,8,11,21,14,50,53,55,53,56,64,58,27,13,13,13,0,1,4,0,5,4
0,9,10,10,10,11,36,22,41,47,16,29,14,14,14,9,2,0,8,0,0,0,0,3
0,0,8,5,3,8,3,0,8,12,36,54,14,37,32,14,9,4,0,10,1,0,0,0
0,6,5,8,13,20,37,51,61,63,75,63,69,65,60,54,50,12,0,1,5,0,0,0
5,7,10,15,54,57,61,69,101,87,88,88,92,86,94,85,61,55,14,12,25,9,0,0
0,0,26,60,68,66,72,98,111,118,112,105,95,89,93,101,79,81,55,9,8,4,8,5
0,5,58,68,70,68,73,112,134,135,123,120,120,122,118,115,102,84,77,62,47,8,0,6
0,42,58,61,62,73,99,131,141,135,144,151,147,167,159,141,123,95,74,71,57,15,12,8
7,44,55,51,51,66,87,131,146,151,162,151,169,178,161,134,105,75,61,67,58,36,13,7
12,54,57,55,41,55,63,118,144,156,164,148,148,168,151,128,101,55,51,65,61,51,12,3
43,57,75,50,14,53,65,107,136,151,152,148,149,147,138,118,87,39,36,56,55,45,13,10
52,70,88,41,8,13,70,107,117,131,138,134,134,132,123,110,94,25,29,92,70,66,13,4
62,116,104,14,8,14,53,87,70,70,86,98,111,113,109,94,57,12,11,85,116,62,14,10
64,82,66,12,8,36,51,70,66,58,59,58,74,86,66,60,56,19,6,47,112,80,17,10
29,40,37,14,14,50,59,61,53,54,55,53,65,57,55,54,54,44,1,10,52,47,10,11
24,34,29,20,34,42,46,47,51,56,63,63,63,68,60,66,51,36,14,12,27,16,12,8
5,13,11,1,12,44,73,94,72,106,118,132,127,91,86,109,77,48,14,0,10,7,6,4
7,10,12,14,31,73,80,130,142,144,158,180,207,171,154,146,126,103,20,8,8,3,0,1
7,8,14,26,35,60,128,146,140,154,198,196,212,192,176,168,136,108,58,13,12,4,5,9
8,8,13,35,63,104,137,154,173,193,201,237,225,206,171,156,133,92,51,14,10,13,10,9
6,8,24,28,55,107,137,158,174,190,184,209,201,192,170,148,133,111,55,26,9,0,7,2
4,0,4,19,69,105,129,140,152,158,134,145,177,174,158,145,131,108,76,12,10,8,4,0
3,8,7,14,55,107,108,122,124,118,103,102,121,138,136,130,117,102,65,11,7,0,4,12
7,1,8,11,14,85,100,105,105,104,100,61,100,108,119,111,106,105,60,16,5,4,14,1
0,1,0,5,11,53,66,90,100,102,64,12,56,85,108,105,100,90,23,8,0,0,3,8
2,3,3,0,10,50,77,59,85,83,64,12,54,73,103,90,100,71,13,8,0,1,4,9
0,3,0,6,14,55,67,76,74,56,22,5,50,58,86,75,79,57,16,13,2,3,0,5
0,0,0,6,9,25,56,56,61,44,14,11,31,43,50,44,45,33,14,10,3,0,0,1
7,1,10,13,11,38,51,44,51,51,33,14,25,42,54,44,47,31,13,13,9,0,9,3
0,0,0,10,10,14,39,52,53,53,9,7,8,50,65,55,56,14,12,18,17,0,10,3
2,0,0,0,0,12,52,57,53,44,6,0,0,38,56,59,54,14,11,10,5,0,0,3
0,0,0,0,0,13,44,59,41,8,5,5,10,14,56,68,47,13,7,7,2,0,7,4
0,0,0,0,7,13,57,59,34,9,5,2,1,9,53,59,59,32,9,7,2,0,3,9
0,0,0,0,0,8,61,57,50,5,0,0,0,14,51,74,58,50,12,3,1,0,0,0
0,0,2,7,1,33,55,56,58,27,10,11,11,50,63,65,75,56,13,4,6,4,2,4
0,0,0,7,12,47,61,58,55,32,14,12,14,35,62,78,88,58,30,11,8,0,2,0
0,0,0,0,14,53,57,57,54,46,14,18,25,44,70,87,93,62,18,7,0,1,8,0
0,0,0,0,18,52,53,58,57,30,15,17,14,12,59,65,68,44,21,3,0,0,0,0
0,0,4,9,14,48,53,56,42,41,14,9,12,26,60,68,57,52,12,7,0,0,0,0
5,4,0,4,12,37,41,51,50,16,10,5,11,14,40,43,54,14,13,8,0,0,10,6
0,4,0,0,10,21,50,50,25,6,9,2,0,11,25,54,54,13,8,1,0,4,6,0
2,0,7,5,8,11,14,25,11,8,4,0,5,9,11,20,12,11,3,1,7,0,7,5

1

5,4,5,2,2,10,5,8,13,27,33,50,34,14,26,12,0,8,5,6,6,1,10,4
10,5,6,12,13,15,12,29,50,50,53,57,53,50,50,31,14,10,5,11,12,1,2,6
7,4,6,9,11,21,14,51,53,55,53,56,65,58,26,13,13,13,0,0,4,0,5,4
0,9,11,11,10,11,36,23,41,47,16,29,14,14,14,9,2,0,8,0,0,0,0,3
0,0,8,5,3,8,3,0,8,11,35,54,14,37,33,14,9,4,0,10,1,0,0,0
0,6,5,8,13,20,38,51,61,63,76,63,69,65,60,55,51,12,0,2,5,0,0,0
5,7,10,15,54,57,61,69,101,87,89,89,92,87,94,85,62,55,14,12,26,9,0,0
0,0,26,60,69,66,72,98,111,118,112,105,95,89,93,101,79,81,56,9,8,4,8,5
0,5,58,68,69,68,73,111,134,135,123,120,120,122,118,115,102,84,77,62,47,8,0,6
0,41,58,61,61,73,99,130,141,135,144,151,146,167,159,140,123,95,74,71,57,15,12,8
7,44,55,51,51,66,87,131,146,152,162,150,168,177,160,133,105,75,61,67,58,36,13,7
12,53,57,55,41,56,63,118,144,156,164,147,147,168,150,128,101,55,51,64,61,51,12,3
43,57,75,50,14,53,65,107,136,151,151,147,149,146,138,118,87,39,36,56,55,45,13,10
52,70,86,40,8,13,70,107,117,131,138,134,134,132,123,110,95,26,28,92,70,66,13,4
62,116,104,14,9,14,53,87,70,71,87,98,110,113,109,93,57,12,11,85,116,62,14,10
64,82,66,12,8,40,51,70,66,58,59,58,75,87,66,60,56,20,5,47,112,79,17,10
29,40,37,14,14,51,60,62,53,54,55,53,65,57,55,54,54,46,1,10,52,47,10,11
24,34,29,20,34,42,46,48,52,56,63,63,63,68,60,66,51,36,14,12,27,16,12,8
5,13,11,1,12,45,74,94,72,106,119,132,127,90,85,109,76,48,14,0,10,7,6,4
7,10,12,14,31,74,81,131,142,144,158,180,206,170,153,146,126,103,19,8,8,3,0,1
7,8,15,26,35,60,128,146,140,155,198,196,212,192,175,168,136,108,58,13,12,4,5,9
8,8,13,34,63,104,137,154,173,193,201,237,225,206,171,156,132,92,51,14,10,13,10,9
6,9,24,28,55,107,138,159,174,190,184,209,201,192,170,148,132,111,55,26,9,0,7,2
3,0,4,19,70,105,129,140,152,158,134,145,177,174,157,145,131,108,76,12,10,8,4,0
3,8,7,14,55,107,108,122,124,118,103,102,121,138,136,130,117,102,65,11,7,0,4,12
7,1,7,11,14,84,100,105,105,104,100,63,100,108,119,111,106,105,60,16,5,4,14,1
0,1,0,5,11,54,67,90,100,102,65,13,57,85,108,105,100,90,26,8,0,0,3,8
2,3,3,0,10,50,77,59,84,84,66,12,54,73,103,91,100,71,13,8,0,1,4,9
0,3,0,6,14,57,67,76,74,56,23,5,50,57,86,75,79,57,16,13,2,3,0,5
0,0,0,6,9,27,56,55,60,49,14,11,31,44,51,44,45,33,14,10,3,0,0,1
7,1,10,13,11,39,51,44,51,51,34,14,26,44,54,45,47,32,13,13,9,0,9,3
0,0,0,10,10,14,37,52,53,53,9,7,9,50,65,55,56,14,12,19,17,0,10,3
2,0,0,0,0,12,52,57,53,46,6,0,0,40,57,59,54,14,11,11,5,0,0,3
0,0,0,0,0,13,45,59,42,8,5,5,10,14,56,68,48,13,7,7,2,0,7,4
0,0,0,0,7,14,58,59,35,9,5,2,1,9,53,59,59,33,10,7,2,0,3,9
0,0,0,0,0,9,61,58,50,5,0,0,0,14,51,75,59,50,13,3,1,0,0,0
0,0,2,7,1,33,55,56,58,26,10,11,11,50,63,65,75,56,13,4,7,4,2,4
0,0,0,7,12,49,61,58,55,31,14,12,14,35,62,78,89,58,31,11,8,0,2,0
0,0,0,0,14,53,57,57,54,44,14,18,25,44,70,87,94,62,18,7,0,1,8,0
0,0,0,0,18,52,53,58,57,30,15,17,14,12,59,65,69,44,21,4,0,0,0,0
0,0,4,9,14,49,53,56,43,40,14,9,12,30,61,68,58,52,12,7,0,0,0,0
5,4,0,4,12,36,40,51,50,15,10,5,11,14,40,42,54,14,13,8,0,0,9,6
0,4,0,0,10,21,50,50,24,6,9,2,0,11,25,54,54,13,8,2,0,4,6,0
2,0,7,5,8,11,14,24,11,8,4,0,5,9,11,21,12,11,3,1,7,0,7,5

1

5,4,5,2,2,10,5,8,13,27,34,50,34,14,26,12,0,8,5,6,6,1,10,4
10,5,6,12,13,14,12,27,50,50,53,57,52,50,50,31,14,10,5,11,12,1,2,6
7,4,6,9,11,23,14,51,53,55,53,56,64,58,29,13,13,13,0,0,4,0,5,4
0,9,10,10,10,11,35,22,41,47,16,27,14,14,14,9,2,0,8,0,0,0,0,3
0,0,8,5,3,9,3,0,8,12,37,54,14,38,34,15,9,4,0,10,1,0,0,0
0,6,5,8,13,20,38,51,61,63,75,63,69,65,60,55,51,12,0,1,5,0,0,0
5,7,10,16,54,57,61,69,101,87,89,88,92,87,95,85,61,55,14,12,26,9,0,0
0,0,26,60,68,66,71,97,111,118,112,105,95,89,93,101,79,81,55,9,8,4,8,5
0,5,58,68,70,68,73,111,133,135,123,120,120,122,118,115,102,84,77,62,48,8,0,6
0,41,58,61,61,72,99,130,141,135,144,151,146,167,159,140,123,95,74,71,57,15,12,8
7,44,55,51,51,65,87,131,146,151,161,150,168,177,160,133,105,75,61,67,58,37,13,7
12,54,57,55,39,55,63,118,144,156,164,147,148,168,151,128,101,55,51,65,61,51,12,3
45,57,74,50,14,53,65,107,136,151,151,147,148,147,138,118,87,39,35,56,55,45,13,10
52,70,87,40,8,13,69,107,117,131,138,134,134,132,123,110,94,26,27,92,70,66,13,4
62,115,104,14,9,14,53,88,70,71,86,97,110,113,109,93,57,12,11,85,115,62,14,10
64,82,66,12,8,36,51,70,66,58,59,58,74,86,66,60,56,19,5,47,112,79,17,10
30,40,39,14,14,51,60,61,53,54,55,53,65,57,55,54,54,45,1,10,52,47,10,11
24,34,29,20,34,42,46,47,51,56,62,63,63,68,60,66,51,36,14,12,27,16,12,8
5,13,11,1,12,44,73,94,72,106,119,132,127,91,86,109,77,48,14,0,10,7,6,5
7,10,12,14,31,74,81,131,142,144,158,180,207,171,154,146,127,103,18,8,8,3,0,1
7,8,15,26,35,61,129,146,140,155,199,197,214,193,177,169,137,108,58,13,12,4,5,9
8,8,13,34,63,104,137,155,174,194,202,238,226,207,172,157,133,93,51,14,10,13,10,9
6,9,25,29,56,108,138,160,175,192,186,211,203,194,172,149,133,111,55,26,9,0,7,2
3,0,4,19,69,105,129,141,153,160,135,146,179,176,159,145,131,108,76,12,10,8,4,0
3,8,7,14,56,107,108,122,124,119,103,102,122,139,137,131,117,102,64,11,7,0,4,12
7,1,8,11,14,84,100,105,106,104,100,63,100,108,120,111,106,105,59,15,5,4,14,1
0,1,0,5,11,54,67,91,100,102,62,12,57,86,108,105,100,90,22,8,0,0,3,8
2,3,3,0,10,50,79,60,85,83,63,12,54,73,103,89,100,68,13,8,0,1,4,9
0,3,0,6,14,56,68,77,76,56,22,5,50,57,86,75,78,56,16,14,2,4,0,5
0,0,0,5,9,27,56,56,61,48,14,11,30,43,50,43,44,32,13,10,2,0,0,1
7,1,10,13,11,39,52,45,51,51,35,14,24,42,53,44,47,31,13,13,9,0,9,3
0,0,0,10,10,14,40,52,53,54,10,7,6,43,63,54,55,14,11,18,18,0,10,3
2,0,0,0,0,12,52,58,54,50,8,0,0,32,53,56,49,13,11,10,5,0,0,2
0,0,0,0,0,13,49,61,50,9,5,5,9,13,52,61,40,11,8,5,2,0,7,5
0,0,0,0,8,17,61,62,48,9,4,3,1,10,45,48,53,13,8,3,0,0,6,10
0,0,0,0,0,10,65,61,54,9,0,0,0,13,39,64,52,37,9,0,0,0,0,0
0,0,2,7,1,43,57,58,61,32,10,12,13,38,55,58,66,53,11,3,6,4,0,4
0,0,0,8,12,51,65,61,58,41,13,12,13,30,54,70,76,54,18,10,7,0,2,0
0,0,0,0,22,55,60,61,57,50,16,17,24,38,61,76,80,55,14,5,0,0,9,0
0,0,0,0,24,54,56,61,62,35,16,18,13,11,53,60,61,36,14,3,0,0,0,0
0,0,3,9,16,50,55,61,49,43,14,9,12,14,33,57,51,35,11,5,0,0,0,0
4,4,0,4,11,41,46,53,51,18,10,5,11,13,23,33,51,12,12,6,0,0,10,6
0,3,0,0,9,21,51,52,35,6,9,2,0,10,21,51,52,13,9,4,0,4,6,0
3,0,7,6,7,11,24,48,12,6,4,0,5,9,10,14,11,11,3,1,7,0,8,5

1

6,4,5,2,2,10,5,8,13,25,34,50,34,14,26,12,0,8,4,6,6,1,10,3
10,5,6,12,13,14,12,29,48,50,53,57,52,50,50,31,14,10,5,11,12,1,2,6
7,5,7,9,11,19,14,51,53,55,53,56,65,58,27,13,14,13,0,1,4,0,5,3
0,9,10,10,10,11,35,23,40,48,14,27,14,14,14,10,2,0,7,0,0,0,0,2
0,0,8,5,3,7,3,0,7,11,31,52,13,40,36,15,11,6,0,11,1,0,0,0
0,7,5,8,13,14,31,50,60,61,73,61,68,65,60,55,52,11,0,1,4,0,0,0
6,7,9,14,51,56,59,67,97,84,85,85,90,87,97,89,63,56,14,12,25,9,0,0
0,0,13,58,66,64,69,93,107,113,108,102,93,91,98,106,82,83,56,10,8,4,7,4
0,4,56,67,68,67,71,107,129,129,117,116,121,130,129,124,108,87,79,63,50,8,0,6
0,35,57,60,60,71,97,128,136,126,136,148,154,179,177,154,131,100,76,74,58,15,11,7
7,43,54,51,51,64,84,126,137,139,150,149,178,190,179,147,111,78,62,70,59,42,13,7
12,53,56,55,40,55,62,114,135,144,153,148,156,180,168,139,103,54,52,68,63,52,12,1
42,56,74,54,12,50,63,104,128,141,144,148,158,156,146,124,91,40,36,58,58,47,13,11
51,69,88,52,10,14,64,105,111,123,131,133,139,137,128,113,97,14,28,94,72,74,13,5
60,114,105,41,10,13,51,80,65,65,75,95,115,118,111,94,56,10,12,85,115,68,14,10
64,89,73,14,3,13,42,63,61,54,55,57,81,95,69,60,54,14,9,48,122,113,22,11
31,43,42,14,12,15,46,53,51,50,52,53,73,61,58,55,54,21,0,9,52,59,11,11
25,34,30,21,32,39,41,42,44,48,59,83,79,88,71,70,52,35,17,13,27,19,13,7
6,13,11,1,11,14,55,77,64,101,119,141,142,105,100,117,87,51,15,0,9,7,6,5
7,11,12,13,18,56,72,125,136,138,159,191,224,188,174,161,137,109,38,9,8,3,0,1
7,9,14,22,30,55,121,140,136,150,197,213,225,208,195,186,144,112,63,14,13,4,5,9
7,7,12,25,56,91,126,144,167,192,196,247,238,225,194,173,140,100,53,15,10,14,11,10
6,8,22,25,44,92,125,145,165,186,179,218,210,208,187,157,134,109,53,17,7,0,7,2
5,0,3,13,58,100,119,133,146,152,128,149,180,182,162,143,124,102,59,10,9,9,6,0
4,8,7,12,27,103,104,116,118,114,101,103,119,132,129,119,105,61,42,9,5,4,3,12
9,2,7,10,8,41,81,103,104,102,100,76,95,102,107,103,86,58,14,12,1,4,17,1
0,6,0,4,7,14,44,79,100,101,75,25,50,54,101,90,37,14,11,10,1,0,4,8
3,3,4,0,5,14,57,57,95,93,78,13,21,48,71,48,29,10,9,8,0,4,9,10
0,5,0,4,12,14,53,70,83,59,53,10,19,39,56,19,46,14,11,14,1,7,3,8
0,0,0,5,9,11,43,52,65,61,50,22,24,33,33,22,23,16,5,9,2,4,0,3
8,2,9,13,11,17,38,40,54,58,51,29,23,23,28,14,20,7,9,13,9,0,12,5
0,0,1,9,8,11,12,45,57,67,69,29,6,11,14,10,11,11,6,12,18,0,10,5
5,0,0,0,0,9,20,53,61,69,59,13,6,9,3,9,9,8,9,8,6,0,0,2
0,0,0,0,0,7,12,51,57,65,60,7,6,4,10,17,17,6,5,5,0,3,7,3
0,0,0,0,8,8,12,35,52,76,54,10,3,5,12,15,11,5,6,0,0,0,10,9
0,0,0,0,0,0,46,52,53,55,17,6,2,12,11,7,10,10,3,0,0,0,0,0
0,0,4,6,0,12,25,56,70,54,19,8,10,6,13,12,15,10,8,1,5,6,1,3
0,0,0,6,9,14,32,60,68,58,18,12,6,12,19,17,14,13,7,8,2,0,2,1
0,0,0,0,10,10,50,69,71,62,51,16,20,13,15,36,38,8,4,9,0,0,7,0
0,0,0,0,11,12,50,72,92,66,30,12,11,4,9,11,13,10,4,2,0,0,0,0
0,0,5,8,11,12,36,74,74,62,39,9,6,8,6,13,16,9,8,1,0,0,2,0
7,7,0,8,10,10,22,58,68,53,13,5,10,8,10,19,11,5,11,8,0,0,9,8
5,7,0,0,4,11,12,58,78,54,9,7,0,7,8,11,9,11,11,0,0,3,5,2
6,0,9,11,9,8,12,67,73,27,9,8,2,10,8,10,6,11,7,4,7,0,5,5

1

6,5,6,2,2,10,4,7,13,15,24,35,21,13,23,11,0,8,4,6,7,1,10,2
10,6,7,12,13,14,11,18,39,50,52,54,51,44,36,29,13,9,5,11,12,1,0,5
7,5,7,9,12,14,14,43,51,53,51,53,55,48,17,11,12,13,0,3,3,0,6,4
1,9,10,11,10,11,32,15,30,39,12,14,13,13,14,9,2,0,7,0,0,0,0,5
0,0,8,5,3,8,3,0,7,10,14,50,12,38,36,15,12,8,0,11,3,0,4,0
2,7,5,8,13,14,29,47,58,58,69,58,64,63,59,53,50,10,2,2,5,0,0,0
6,7,8,13,50,55,59,67,94,81,83,81,87,86,96,87,62,55,13,12,25,10,0,0
0,0,11,56,65,64,70,96,108,112,105,100,90,90,98,106,81,81,54,9,7,4,8,5
0,2,54,66,67,67,71,112,135,131,116,113,121,129,130,123,107,86,77,62,40,8,1,6
0,33,57,60,60,71,98,137,149,132,137,147,151,179,179,150,127,98,73,73,57,14,11,7
6,44,55,51,50,63,83,133,149,147,156,152,178,190,179,142,104,74,62,70,59,41,13,8
12,54,57,56,43,54,62,120,145,151,159,148,155,178,165,135,99,52,51,68,63,52,14,3
44,58,77,55,14,51,64,108,136,148,147,147,155,153,143,121,83,37,39,59,59,48,15,12
52,74,90,50,6,14,68,106,115,125,128,130,135,134,125,110,82,12,28,94,74,79,14,8
62,114,103,19,10,22,52,85,66,62,66,85,110,115,109,82,43,8,11,84,112,68,14,11
68,106,72,12,0,12,50,66,62,53,54,56,77,93,68,60,54,16,10,44,124,114,21,12
40,44,37,14,13,39,56,54,52,52,53,54,75,63,60,56,55,18,1,6,50,36,11,11
25,34,27,22,35,42,45,44,48,55,64,86,80,93,76,75,54,35,24,12,18,13,12,9
2,11,10,2,12,44,72,95,77,117,135,161,160,120,117,129,103,54,14,4,12,3,5,7
8,9,12,15,37,73,83,136,156,172,211,240,278,224,203,185,148,116,55,12,10,4,0,3
8,7,15,24,34,60,132,156,158,195,263,280,276,249,228,210,158,119,75,18,14,3,4,9
5,7,12,24,61,101,138,168,194,226,240,299,280,266,231,194,148,103,57,17,10,14,13,11
6,10,27,24,45,100,132,163,191,213,208,237,226,233,210,169,135,108,52,14,7,0,7,3
0,0,0,12,52,93,118,136,152,164,140,153,186,190,162,139,115,85,58,12,10,9,6,0
1,8,4,10,13,80,101,112,116,116,103,101,114,121,120,107,87,38,37,10,6,0,4,12
9,2,7,10,7,14,27,70,100,100,80,78,89,101,105,98,58,14,12,11,0,5,16,1
0,4,0,4,5,11,13,14,57,25,25,50,41,61,102,62,35,11,9,8,1,0,4,8
3,4,5,0,5,12,26,26,53,34,25,47,39,60,76,42,29,7,8,5,0,6,10,9
0,6,0,9,9,11,13,25,31,21,14,16,24,51,61,14,31,11,9,12,4,6,5,7
0,0,8,6,0,10,10,13,19,10,13,22,26,39,35,20,27,10,5,8,7,3,0,5
9,6,6,10,7,13,23,19,37,40,26,16,28,35,36,15,14,13,9,12,9,7,10,4
0,0,4,0,3,5,8,12,14,13,9,2,12,39,51,12,12,8,11,8,8,0,13,6
9,0,0,0,0,2,10,8,12,13,11,8,9,50,52,11,13,3,7,9,4,0,0,2
4,0,0,0,0,0,3,5,11,11,7,7,9,50,43,34,11,0,6,7,0,1,6,3
0,0,0,0,6,1,0,0,0,8,7,9,9,32,38,22,2,9,9,6,3,0,2,5
2,0,0,0,0,0,0,0,0,0,8,9,13,51,50,15,11,12,7,0,0,0,0,0
0,0,0,0,0,8,4,3,8,9,8,9,14,62,58,23,28,8,8,8,6,8,0,3
0,0,0,0,7,9,11,12,12,10,13,14,27,75,85,53,18,20,11,5,7,0,0,3
0,0,0,0,2,0,1,10,13,13,7,12,32,94,144,69,51,22,10,7,0,0,6,0
0,0,1,2,7,3,11,8,11,7,14,16,47,127,262,99,50,23,13,7,4,4,0,0
3,0,7,9,10,11,9,11,13,14,12,13,18,102,154,105,33,20,12,10,0,0,3,0
7,8,6,6,7,12,10,9,9,0,6,12,11,33,58,56,36,13,13,13,0,0,5,7
2,7,0,5,9,7,0,10,10,10,9,9,3,14,20,51,46,12,10,1,10,10,8,0
5,0,8,9,11,7,10,12,11,5,5,1,9,11,11,8,7,10,3,9,7,1,8,6

1

6,4,6,2,2,10,4,6,12,14,15,16,13,12,21,10,0,7,2,6,7,1,10,3
10,6,7,12,13,13,11,15,31,43,50,52,50,20,14,26,12,8,4,11,12,1,1,6
7,5,7,9,12,14,14,40,50,50,47,48,36,16,13,9,10,13,0,1,5,0,7,5
0,9,11,11,11,11,32,14,24,23,10,13,11,12,13,9,2,0,8,0,0,0,0,5
0,0,8,5,3,9,3,0,7,11,14,50,10,34,36,18,12,7,0,11,3,0,4,0
0,6,5,8,13,19,35,50,60,61,71,58,66,64,60,54,49,9,1,2,5,0,0,0
5,8,10,14,53,57,61,69,100,87,87,85,91,87,97,86,61,50,12,12,24,10,0,0
0,0,15,58,67,66,72,101,113,118,110,102,93,91,100,106,79,78,50,8,7,4,8,5
0,5,57,67,68,68,74,120,144,135,119,114,119,130,137,124,105,84,75,61,34,8,1,6
0,42,58,60,60,71,100,151,169,136,138,144,148,183,194,158,125,94,71,71,56,14,11,7
7,45,55,51,50,63,82,134,152,149,153,144,175,194,183,141,96,70,61,67,58,36,13,8
13,54,57,56,43,54,62,119,144,152,158,144,151,178,164,133,95,52,51,65,61,51,13,2
44,57,76,55,14,51,63,107,134,147,144,141,149,149,142,120,82,35,36,56,56,45,14,12
51,70,87,50,7,14,66,106,112,121,121,120,129,132,126,111,84,10,33,95,71,71,13,9
59,109,101,25,11,20,50,80,63,60,62,72,107,114,110,87,50,7,11,86,111,61,14,10
64,96,70,13,6,13,46,64,60,53,53,55,76,95,70,61,57,22,9,47,126,113,22,11
44,46,45,19,14,25,51,51,50,51,50,54,75,64,60,58,56,34,0,7,55,61,11,11
26,34,27,22,31,41,44,44,47,53,62,80,77,93,77,78,56,37,25,12,24,14,12,8
5,11,8,2,12,52,86,105,91,127,144,171,168,123,119,130,103,54,17,3,10,2,5,8
9,10,13,16,50,84,88,141,168,186,229,251,292,230,205,186,149,118,63,12,9,4,0,3
8,9,16,29,42,66,138,166,170,209,276,291,282,256,232,215,162,122,81,19,14,3,5,9
5,7,13,38,72,111,149,180,205,236,237,298,285,280,238,198,152,107,61,19,11,14,13,11
4,9,24,22,75,112,145,183,205,228,221,251,232,246,221,175,141,113,56,14,8,0,6,2
0,0,0,13,75,107,133,148,171,178,147,172,201,202,179,148,126,103,70,13,10,9,6,0
1,8,4,15,60,111,113,129,134,129,106,103,123,134,133,118,107,79,49,12,7,1,5,12
7,0,8,12,56,101,104,113,113,109,100,24,58,102,111,106,100,64,14,12,1,6,17,0
0,0,0,5,12,89,82,101,104,106,100,41,10,55,101,98,37,11,11,10,2,0,3,8
1,3,3,0,13,60,93,65,101,101,100,55,8,48,64,12,14,10,9,6,4,6,10,10
0,4,0,5,13,55,75,88,84,63,56,14,0,12,37,6,14,14,13,11,3,9,9,8
0,0,3,4,1,24,59,56,64,63,42,20,4,12,20,11,11,11,9,12,2,6,5,4
8,2,11,12,11,32,51,45,52,55,43,16,6,11,20,9,10,13,12,12,10,2,14,6
0,0,1,6,8,13,36,51,53,55,17,7,0,6,11,4,7,11,12,10,14,3,10,6
6,0,0,0,0,12,50,55,55,53,18,2,0,3,9,9,6,5,4,5,5,3,0,1
0,0,0,0,0,6,36,55,50,22,12,0,0,9,13,18,7,1,0,0,4,6,8,0
0,0,0,0,5,8,52,66,55,14,0,0,0,11,13,12,0,9,2,0,7,3,10,8
0,0,0,0,4,7,51,55,55,35,4,5,0,13,11,4,9,6,0,0,0,1,0,0
0,0,1,5,9,13,54,58,66,51,11,8,6,10,10,8,11,0,3,4,9,7,0,0
0,0,0,3,11,41,62,65,64,54,13,9,2,13,23,8,8,9,3,5,7,0,2,0
0,0,0,0,6,47,60,69,65,55,11,10,13,12,29,13,3,8,8,5,0,0,8,0
0,0,0,2,15,51,56,68,73,52,14,11,4,12,28,6,12,8,9,2,0,1,5,0
1,0,3,8,12,34,56,80,66,52,11,8,7,10,14,12,11,8,8,3,0,0,7,0
6,8,0,5,5,24,43,62,62,32,12,10,6,0,16,13,6,10,11,9,0,1,8,9
2,5,0,0,6,13,38,56,57,14,9,7,5,6,2,11,5,11,9,1,8,9,8,3
4,0,7,10,10,9,13,54,52,10,9,5,2,11,8,6,6,9,5,5,8,1,8,6

1

7,5,7,3,2,10,4,6,11,12,12,12,10,10,18,10,0,7,3,6,7,2,11,4
10,7,9,12,13,13,10,13,14,27,40,47,31,13,13,24,12,7,4,11,12,2,3,7
8,6,8,9,12,14,13,28,34,40,27,31,15,13,12,8,9,13,0,2,6,0,9,7
1,10,11,11,11,12,29,13,14,12,6,11,9,11,12,9,1,0,8,0,0,0,3,7
0,0,8,6,3,8,1,0,5,9,8,14,7,20,25,14,12,7,0,10,4,0,6,0
4,8,6,8,13,14,28,41,52,55,60,44,51,53,50,31,32,7,1,1,5,0,0,0
7,8,9,13,50,55,58,65,84,77,77,73,76,74,82,73,54,14,10,11,19,10,0,0
0,0,13,57,65,65,71,93,104,109,103,95,85,84,90,98,74,71,20,4,6,5,8,5
0,6,56,67,68,68,73,113,137,133,113,110,113,122,125,117,102,81,73,58,17,8,1,5
0,35,57,60,61,73,103,148,166,141,140,145,146,177,185,157,127,95,70,69,55,13,11,6
6,44,55,52,51,66,90,144,163,160,163,151,176,192,185,147,102,72,60,66,57,30,13,8
12,53,57,57,46,55,64,124,152,162,168,151,153,178,164,134,100,53,50,63,60,50,13,3
41,56,75,56,13,51,66,110,140,158,156,150,153,151,142,121,87,40,36,55,54,43,14,12
50,69,88,47,10,14,71,107,117,134,139,133,135,134,125,111,92,17,41,89,68,65,12,9
56,106,101,28,11,13,52,87,68,68,80,91,111,116,110,92,55,12,12,86,109,59,13,10
61,92,76,13,5,36,50,69,65,57,57,57,76,94,69,62,55,12,7,45,131,116,24,11
45,51,49,14,12,45,58,59,53,54,54,53,70,61,58,56,55,25,0,11,60,77,12,12
26,36,28,19,32,43,46,48,53,58,67,70,67,80,70,74,52,32,13,13,30,27,12,12
8,13,10,2,12,54,85,103,83,117,129,138,134,103,102,116,82,38,12,0,8,9,9,8
7,10,11,14,44,84,90,139,155,159,177,188,223,188,174,157,131,101,14,8,8,4,0,3
7,7,14,26,39,66,137,158,152,174,209,203,229,212,194,183,140,108,41,13,12,5,6,10
6,7,13,37,69,110,146,171,189,211,211,261,246,231,191,169,134,81,38,14,10,13,11,10
5,10,24,28,70,111,144,174,190,209,199,229,216,210,185,158,133,105,48,18,10,0,8,3
1,0,0,14,70,105,132,145,162,168,142,154,185,185,168,148,128,103,53,10,10,9,6,0
1,8,4,13,50,107,111,127,130,124,105,103,126,142,143,129,113,82,34,12,8,1,5,13
9,4,11,12,13,73,100,107,107,103,60,59,100,106,123,109,103,99,21,14,8,9,17,2
0,2,0,4,8,19,52,84,100,93,27,12,66,100,109,104,92,52,12,4,0,0,6,9
2,4,4,0,10,14,53,51,67,52,29,10,58,85,103,96,96,35,7,8,0,5,9,11
0,5,0,6,10,14,37,50,45,34,14,3,53,68,87,90,78,39,9,13,7,7,6,6
0,0,5,5,0,11,15,24,23,11,20,12,38,49,53,44,42,19,8,11,8,8,5,3
9,6,12,11,8,14,30,27,38,42,31,15,36,48,57,49,43,11,12,12,9,5,12,4
0,0,1,0,6,10,13,13,13,13,5,2,34,52,70,56,33,12,10,11,8,0,6,6
7,0,0,0,0,9,11,12,12,15,0,5,32,52,65,57,11,11,10,8,3,0,0,0
0,0,0,0,0,4,13,12,12,11,0,0,24,50,67,65,20,7,6,7,0,0,4,1
0,0,0,0,2,0,4,5,2,3,2,2,12,37,65,61,53,10,1,7,0,0,0,7
0,0,0,0,0,0,7,4,1,0,1,4,18,52,65,85,59,16,11,2,0,0,0,0
0,0,0,4,4,8,12,11,4,0,4,4,38,65,79,82,65,47,13,11,11,8,4,3
0,0,0,4,8,11,12,12,12,10,9,7,40,71,90,91,75,50,14,11,10,0,4,2
0,0,0,1,7,0,12,11,14,7,0,5,38,71,110,110,81,37,18,8,0,0,6,0
0,0,0,0,11,10,10,12,27,14,13,10,41,65,86,76,60,20,12,8,0,1,0,0
2,0,5,9,10,9,10,20,33,15,11,6,7,65,93,70,45,25,11,6,0,0,4,0
7,8,3,6,7,13,14,24,50,12,8,4,9,52,74,47,28,14,13,12,0,0,7,7
2,7,0,3,9,10,4,12,37,12,1,0,0,23,49,54,5,10,6,0,6,9,5,0
4,0,8,9,10,6,9,12,13,9,0,0,6,18,54,47,6,9,0,0,4,0,7,5

1

5,4,6,2,2,10,3,6,11,13,13,13,12,11,20,10,0,7,3,6,7,2,10,3
9,6,9,13,13,13,10,14,30,36,50,50,40,14,14,25,12,8,5,11,12,1,2,6
6,4,7,10,12,14,14,43,50,51,41,35,24,13,12,8,8,13,0,0,5,0,8,5
0,7,10,12,10,12,36,19,28,21,9,12,8,11,12,8,0,0,8,0,0,0,0,6
0,0,7,6,2,9,3,0,7,11,13,41,9,26,23,14,11,7,0,10,3,0,4,0
0,4,5,8,13,22,39,50,60,61,71,57,61,60,55,43,37,8,0,1,5,0,0,0
5,9,10,24,55,58,62,69,99,87,87,85,86,81,88,77,57,36,12,11,22,10,0,0
0,0,40,60,69,68,75,100,114,122,113,104,93,87,92,100,76,74,36,6,6,4,8,5
0,9,59,69,71,70,76,117,140,141,126,120,120,124,123,117,102,82,74,59,25,8,0,6
0,49,58,62,63,74,103,142,154,143,149,154,150,174,172,148,124,94,70,69,56,14,11,7
8,45,55,52,52,66,90,138,155,161,170,157,176,186,172,141,102,73,60,66,57,29,13,7
13,54,57,56,45,56,65,121,148,164,173,154,153,174,158,131,100,53,50,63,60,50,13,3
45,57,73,53,14,53,66,108,139,159,160,154,153,149,140,119,85,39,35,55,54,43,13,11
51,70,85,45,10,23,70,107,118,136,144,138,137,133,124,110,89,29,37,90,68,64,12,9
58,107,101,21,13,26,53,88,71,73,91,102,113,116,110,91,52,11,11,87,112,61,13,9
62,87,74,13,10,48,50,70,67,59,60,59,78,93,68,61,54,11,5,44,121,93,17,10
36,45,45,14,14,51,59,61,53,55,55,54,69,60,57,55,54,29,0,12,57,63,11,11
25,35,29,19,33,43,46,49,54,58,65,66,68,75,66,70,51,31,11,13,29,26,12,11
8,14,11,3,12,48,79,101,78,111,122,134,130,95,90,110,74,38,11,0,10,8,8,7
6,11,12,13,32,78,86,135,148,149,163,181,214,178,162,148,125,100,14,7,8,4,0,2
8,8,14,25,37,62,132,150,145,162,194,194,218,199,182,174,137,107,45,12,12,5,6,9
7,7,13,34,65,106,140,160,179,199,200,244,232,214,176,159,130,83,44,14,10,13,10,10
5,9,22,28,66,108,139,163,180,197,189,218,207,198,175,151,132,107,52,19,9,0,8,2
3,0,0,14,69,105,130,142,156,162,137,149,179,178,162,146,130,105,71,11,10,8,5,0
3,9,5,14,54,108,111,125,128,122,104,103,126,140,140,129,115,100,55,13,8,0,5,12
10,5,13,12,14,92,101,107,108,103,70,52,98,107,123,109,105,102,52,23,8,8,14,1
0,5,0,5,10,61,67,98,101,102,16,10,65,100,110,105,98,87,19,7,0,0,5,8
2,3,4,0,9,50,80,59,90,85,54,8,57,80,103,94,100,67,12,8,0,4,8,11
0,6,0,3,13,50,68,74,74,58,14,1,52,64,84,84,82,49,12,12,6,7,4,6
0,0,1,5,4,14,56,53,61,54,21,6,33,47,51,43,45,23,10,11,6,7,3,4
8,2,12,12,9,27,50,43,51,53,33,11,32,44,53,47,45,14,12,12,10,4,12,4
0,0,2,6,4,13,36,51,53,55,9,0,13,50,63,54,39,12,10,14,11,0,7,5
4,0,0,0,0,11,46,55,58,51,11,0,6,45,57,54,11,11,10,10,5,0,0,0
0,0,0,0,0,5,31,53,53,28,4,0,10,34,58,60,20,8,5,7,0,0,5,1
0,0,0,0,2,7,52,69,68,14,2,0,4,20,57,54,53,11,2,6,0,0,0,6
0,0,0,0,3,4,43,54,54,38,0,0,3,44,56,75,56,17,10,1,0,0,0,0
0,0,1,5,7,12,52,56,62,50,8,4,12,56,64,69,62,47,13,11,11,7,2,3
0,0,0,2,9,15,56,60,60,54,13,4,9,55,71,77,70,50,14,11,9,0,4,2
0,0,0,0,7,15,54,61,60,54,12,4,17,58,86,93,75,38,17,7,0,0,7,0
0,0,0,2,13,14,51,61,67,50,18,10,11,56,72,68,58,19,12,7,0,1,0,0
2,0,4,8,11,14,50,67,61,53,14,9,7,51,79,65,43,15,11,5,0,0,4,0
6,7,0,5,2,14,32,55,59,43,8,6,9,9,64,43,32,14,12,11,0,0,8,7
1,5,0,0,1,5,12,52,55,30,3,3,0,11,39,54,5,10,7,0,5,9,5,1
4,0,7,9,10,7,10,34,51,11,1,0,7,14,46,41,8,8,0,0,5,0,8,5

1

5,4,6,2,3,10,4,7,12,14,14,14,13,12,21,10,0,8,4,6,7,1,10,3
10,6,8,13,14,14,12,25,41,47,51,52,50,17,14,26,12,9,5,11,12,1,2,6
7,4,7,10,13,24,16,51,53,53,51,50,39,18,13,9,9,13,0,0,4,0,6,4
0,8,11,12,11,12,39,28,38,40,12,13,9,11,12,8,1,0,7,0,0,0,0,4
0,0,7,6,3,9,3,0,8,12,19,51,11,32,28,14,11,6,0,10,2,0,2,0
0,5,6,8,13,20,36,50,60,62,75,61,65,62,57,50,43,9,0,1,5,0,0,0
5,8,10,18,55,57,61,69,99,88,90,88,88,83,90,80,59,50,12,11,23,10,0,0
0,0,38,60,68,67,73,98,112,121,113,105,94,88,93,101,77,77,51,8,7,4,8,5
0,7,58,68,70,69,74,113,136,138,125,120,120,123,120,117,102,83,76,61,38,8,0,6
0,45,58,61,62,73,100,135,146,138,146,152,148,170,166,145,124,95,71,70,56,14,12,8
7,44,55,52,52,66,89,134,149,156,166,154,172,182,167,138,104,75,61,67,57,32,13,7
12,54,57,56,44,56,64,119,146,161,169,151,150,171,154,130,101,54,50,64,61,50,13,3
42,57,74,53,14,53,66,107,137,156,156,151,151,148,139,119,86,40,36,55,54,43,13,11
51,69,86,45,10,15,70,107,118,134,141,136,136,133,124,111,92,31,33,90,68,65,12,9
58,108,101,20,12,27,53,89,71,72,88,101,112,115,109,92,55,12,11,86,112,61,13,9
61,86,74,13,10,48,51,70,67,59,59,58,77,91,67,60,54,12,5,44,118,88,17,10
34,43,43,14,14,51,60,61,53,54,55,53,67,59,56,55,54,29,0,12,57,62,11,11
25,35,29,18,33,43,46,48,53,57,64,65,66,73,64,68,50,31,11,13,30,25,12,11
8,14,11,2,13,50,80,100,77,110,121,134,128,93,89,109,74,38,11,0,10,8,7,7
6,10,12,13,37,81,87,135,148,149,165,182,213,176,160,148,125,100,14,8,9,4,0,2
7,8,14,26,38,64,133,152,146,165,200,199,219,199,181,173,137,107,46,12,12,4,6,9
7,7,13,36,67,108,142,163,182,203,206,248,234,215,176,159,132,85,46,14,10,13,10,10
4,9,23,29,71,110,141,168,184,201,194,221,208,198,175,151,133,108,53,22,9,0,7,2
3,0,0,17,72,106,132,144,159,165,140,152,182,181,163,147,132,107,74,11,10,8,5,0
3,9,6,14,56,109,112,127,130,124,105,104,128,141,142,131,117,101,57,13,8,1,5,12
10,6,14,13,21,98,102,108,108,104,76,55,100,108,125,110,105,102,56,28,8,8,15,2
0,5,0,5,10,65,69,100,101,102,30,10,68,100,111,105,100,88,24,7,0,0,5,9
2,4,4,1,10,50,81,59,90,86,60,8,58,81,104,95,100,70,12,9,0,5,8,11
0,5,0,4,13,51,68,74,73,58,14,1,52,64,84,85,83,51,13,12,6,7,4,7
0,0,2,5,4,14,56,53,61,54,21,6,34,47,51,42,45,24,11,12,6,7,3,4
8,2,12,12,9,27,50,43,51,52,33,11,32,43,52,46,44,14,13,13,10,4,12,4
0,0,1,5,4,13,34,50,52,54,9,1,13,50,63,54,37,12,10,16,12,0,8,5
4,0,0,0,0,11,45,55,58,51,11,0,6,42,57,53,11,11,10,10,5,0,0,0
0,0,0,0,0,5,30,53,52,27,5,0,10,33,57,59,20,8,5,7,0,0,5,1
0,0,0,0,2,6,51,67,67,14,2,0,6,17,56,53,52,10,1,5,0,0,0,7
0,0,0,0,2,4,42,54,54,36,1,0,6,42,55,73,55,17,10,1,0,0,0,0
0,0,1,4,6,12,52,56,62,50,8,4,12,55,63,67,61,46,13,11,12,7,1,3
0,0,0,2,9,16,55,60,60,53,13,4,9,54,69,75,69,50,14,11,9,0,4,2
0,0,0,1,7,17,54,60,59,54,12,4,17,57,84,91,74,39,17,7,0,0,7,0
0,0,0,2,13,14,52,60,66,50,18,11,11,56,71,67,58,19,12,7,0,1,0,0
2,0,4,9,11,14,51,66,61,53,14,10,7,51,78,65,44,16,11,5,0,0,4,0
6,7,0,5,2,14,32,55,59,44,9,6,9,9,63,43,33,14,12,11,0,0,8,7
1,5,0,0,1,6,12,52,55,31,3,3,0,11,38,53,6,10,7,0,6,9,6,1
4,0,7,9,10,7,10,35,51,11,1,0,7,14,46,42,9,9,1,0,6,0,8,5

1

5,4,6,3,3,11,6,9,14,25,30,37,24,13,24,11,0,8,4,5,6,1,10,4
10,6,8,13,14,27,13,40,52,51,53,55,51,36,29,28,13,9,4,11,11,1,2,6
7,5,7,10,13,27,26,55,55,57,53,54,55,41,14,9,11,13,0,0,5,0,6,5
0,9,11,12,11,12,45,37,50,52,14,16,11,12,13,8,1,0,7,0,0,0,0,4
0,0,8,6,3,8,3,0,8,12,18,41,9,29,27,14,10,5,0,11,1,0,1,0
0,6,6,8,13,15,32,48,59,61,71,57,62,60,56,50,43,9,0,0,4,0,0,0
5,8,9,14,53,56,60,67,93,84,85,82,84,80,87,79,58,47,12,11,21,9,0,0
0,0,31,59,67,66,71,93,107,114,108,100,90,85,90,99,77,78,52,8,7,4,8,5
0,5,57,67,69,68,73,109,132,132,119,115,116,118,116,115,102,83,76,61,39,8,0,6
0,43,57,61,62,73,100,132,143,134,141,147,144,165,163,144,123,95,71,70,56,14,12,8
7,43,55,51,52,66,89,133,147,152,162,150,169,179,165,137,104,75,61,66,57,34,13,7
12,53,57,56,44,56,65,119,145,159,167,149,149,170,154,130,101,55,50,64,60,51,13,3
41,56,74,53,14,53,66,108,137,155,155,150,151,148,139,119,87,41,36,55,54,44,13,11
51,68,86,44,9,23,72,107,118,134,141,136,135,133,124,111,95,34,33,90,68,65,12,9
57,108,101,20,13,32,54,90,71,72,89,101,112,115,109,93,57,12,11,86,112,60,13,9
62,86,74,13,10,50,51,71,67,59,60,59,78,92,68,61,54,13,5,44,118,88,18,10
34,43,42,14,14,53,60,61,53,54,55,53,67,59,56,55,54,32,0,12,57,63,11,11
25,35,29,18,34,43,46,48,53,57,64,65,67,73,64,68,50,31,11,13,30,26,12,11
8,14,11,2,13,51,79,100,76,110,121,134,128,93,88,109,74,38,11,0,10,8,7,7
6,11,12,13,37,82,87,135,148,149,165,183,212,175,159,147,125,100,14,8,9,4,0,2
8,8,14,26,38,64,133,152,146,165,201,200,219,198,181,172,137,107,45,12,12,4,6,9
8,7,13,35,67,108,143,164,182,203,207,248,234,214,176,159,131,85,47,14,10,13,10,10
5,9,23,29,71,111,142,168,184,202,194,221,207,199,175,151,133,108,53,22,10,0,8,2
4,0,0,19,73,106,132,144,159,165,140,152,181,180,163,147,132,107,74,11,10,9,5,0
3,9,6,14,56,109,112,127,130,124,105,104,128,142,142,132,117,101,57,13,9,1,5,12
10,6,14,13,21,100,102,108,109,104,77,56,100,108,125,110,105,102,58,29,8,8,16,2
0,5,0,5,11,64,69,98,101,102,34,11,68,100,111,105,100,88,27,8,1,0,5,9
2,4,4,1,10,50,81,59,91,86,61,8,58,81,104,95,100,70,12,9,0,5,8,11
0,5,0,4,13,51,68,75,73,58,14,2,52,64,85,84,83,50,13,12,6,7,4,7
0,0,3,5,4,14,56,53,61,54,21,7,34,47,51,42,45,24,11,12,6,7,3,4
8,2,12,12,9,28,50,43,51,52,33,12,32,43,52,46,44,14,13,13,10,4,12,4
0,0,1,5,4,13,34,50,52,54,10,1,13,50,62,54,39,12,10,16,12,0,8,5
4,0,0,0,0,11,46,54,58,51,11,0,6,43,57,53,11,11,10,10,5,0,0,0
0,0,0,0,0,5,32,53,52,26,5,0,10,32,57,59,20,8,5,7,0,0,5,1
0,0,0,0,2,7,51,67,67,14,3,0,6,17,55,53,52,10,1,5,0,0,0,7
0,0,0,0,3,5,44,54,54,35,1,0,7,42,55,73,55,17,10,1,0,0,0,0
0,0,1,4,6,12,52,56,61,50,8,5,12,55,63,67,61,47,13,11,12,7,2,3
0,0,0,2,9,17,55,60,60,53,13,4,9,54,69,75,69,50,14,11,9,0,4,2
0,0,0,1,7,19,54,60,59,54,12,4,18,57,83,90,74,39,17,7,0,0,7,0
0,0,0,2,13,16,52,60,66,50,18,11,11,56,71,67,58,19,12,7,0,1,0,0
2,0,4,9,11,14,51,66,60,53,14,10,7,51,78,64,44,16,11,5,0,0,4,0
6,7,0,5,2,15,33,55,59,42,9,6,9,9,63,43,35,14,12,11,0,0,8,7
1,5,0,0,1,6,13,52,55,29,4,3,0,11,38,53,7,10,7,0,6,9,6,1
4,0,7,9,10,7,11,37,50,11,1,0,7,14,46,44,9,9,2,0,6,0,8,5

1

5,4,6,3,3,11,6,10,14,25,29,38,25,13,24,11,0,8,4,5,6,1,10,4
10,6,8,13,14,27,13,40,52,51,53,55,51,37,30,28,13,9,4,10,11,1,2,6
7,5,7,10,13,28,27,55,55,57,54,55,56,45,14,9,11,13,0,0,5,0,6,4
0,9,11,12,11,12,45,38,51,52,14,18,11,12,13,8,1,0,7,0,0,0,0,3
0,0,8,6,3,8,4,0,8,12,18,42,9,28,28,14,10,5,0,11,1,0,0,0
0,6,5,8,13,15,31,47,58,60,71,57,62,60,56,50,42,9,0,0,4,0,0,0
4,8,9,14,53,56,60,66,93,83,85,82,84,80,87,79,58,46,12,11,21,9,0,0
0,0,30,59,67,66,71,93,107,114,108,101,90,85,90,99,77,78,52,8,7,4,8,5
0,5,57,67,69,68,73,109,132,132,119,115,116,118,116,114,101,82,76,60,39,8,0,6
0,42,57,61,62,73,100,132,142,134,141,148,145,166,163,144,123,95,71,70,56,14,12,8
7,43,55,51,52,66,89,133,147,152,162,151,169,180,165,137,104,75,61,66,57,34,13,7
12,53,56,56,44,56,65,120,146,159,167,149,149,170,154,130,101,55,50,64,60,51,13,3
41,56,74,53,14,54,66,108,137,155,155,150,151,148,140,119,88,41,36,55,54,43,13,11
51,68,86,44,9,24,71,108,118,134,141,136,136,133,124,111,96,37,32,90,68,65,12,9
58,108,102,20,13,35,54,90,71,72,89,101,113,115,109,93,57,12,11,86,112,60,13,9
62,85,74,13,11,50,51,71,67,59,60,59,78,91,68,61,54,13,5,44,118,88,18,10
35,42,43,14,14,52,60,61,53,54,55,53,67,59,56,55,54,32,0,12,57,62,11,11
25,35,29,19,34,43,46,48,53,57,64,65,66,72,63,68,50,31,11,13,30,26,12,11
8,14,11,2,13,50,79,100,76,110,121,133,128,93,88,109,73,38,11,0,10,9,8,7
6,11,12,13,37,82,87,135,148,149,165,182,211,175,159,147,125,100,14,8,9,4,0,2
8,8,14,26,38,64,133,152,146,164,201,200,219,198,180,172,136,107,46,12,12,4,6,9
8,7,13,36,68,108,143,164,182,203,207,248,234,214,175,158,131,86,47,14,10,13,10,10
5,9,23,29,71,111,142,168,184,201,194,221,207,198,175,151,133,108,53,22,9,0,8,2
4,0,0,19,72,106,132,144,159,165,140,152,181,180,163,147,132,107,74,11,10,9,5,0
3,9,6,14,56,109,113,128,130,124,105,104,129,142,142,132,118,101,58,13,9,1,5,12
10,6,14,13,22,100,102,108,109,104,79,57,100,108,125,110,105,102,58,30,8,8,16,2
0,6,0,5,11,65,69,100,101,102,35,11,69,100,111,105,100,88,27,8,1,0,6,9
2,4,4,1,10,50,81,59,91,86,61,9,58,81,104,95,100,70,12,9,0,5,8,11
0,5,0,4,13,51,68,74,73,58,14,2,52,64,84,84,83,50,13,13,6,7,4,7
0,0,3,5,4,15,56,53,61,54,22,7,35,46,51,43,45,24,11,12,7,7,4,4
8,2,12,12,9,29,50,43,51,52,33,12,32,44,52,46,44,14,13,13,10,4,12,4
0,0,1,5,5,13,37,51,52,54,10,2,13,50,62,54,40,12,10,16,12,0,8,5
4,0,0,0,0,11,46,54,57,51,11,0,6,43,56,53,11,11,10,10,5,0,0,0
0,0,0,0,0,5,31,53,52,27,6,0,10,32,57,59,20,8,5,7,0,0,5,2
0,0,0,0,2,7,51,67,66,14,3,0,6,17,55,52,52,10,1,5,0,0,0,7
0,0,0,0,3,5,43,54,54,33,2,0,7,42,54,73,54,17,10,1,0,0,0,0
0,0,1,4,6,12,52,56,61,50,8,5,13,55,63,67,61,46,13,11,12,7,2,3
0,0,0,2,9,18,56,60,60,53,13,4,9,53,69,75,68,50,14,11,10,0,4,2
0,0,0,1,7,19,54,60,59,54,12,4,18,57,83,90,74,39,17,7,0,0,7,0
0,0,0,2,13,17,52,60,66,50,18,11,11,56,70,67,58,20,12,7,0,1,0,0
2,0,4,9,12,15,51,66,60,53,14,10,7,50,78,65,44,16,11,5,0,0,4,0
6,7,0,5,3,15,33,55,59,43,9,6,9,9,63,43,35,14,12,11,0,0,8,7
1,5,0,0,1,6,13,52,55,30,4,4,0,11,38,54,7,10,7,0,6,9,6,1
4,0,7,9,10,7,11,38,50,11,1,0,7,14,46,45,9,9,2,0,6,0,8,5

0

5,4,6,3,3,11,6,10,14,25,30,39,25,13,24,11,0,8,4,5,6,1,10,4
10,6,8,13,14,28,13,40,52,50,53,55,51,37,30,28,13,9,4,11,11,1,2,6
7,5,7,10,13,29,27,55,55,57,54,55,58,45,14,9,11,13,0,0,5,0,6,4
0,9,11,12,11,12,45,38,51,52,14,18,11,12,13,8,1,0,7,0,0,0,0,3
0,0,8,6,3,8,4,0,8,12,19,42,9,29,28,14,10,5,0,11,1,0,0,0
0,6,6,8,13,15,32,48,59,61,72,58,62,60,56,50,43,9,0,0,4,0,0,0
4,8,9,14,53,56,60,67,94,84,85,83,84,80,87,79,58,47,12,11,22,9,0,0
0,0,31,59,67,66,71,93,108,115,108,101,90,86,90,99,77,78,52,8,7,4,8,5
0,5,57,68,69,68,73,109,132,132,120,116,117,119,117,115,102,82,76,61,39,8,0,6
0,42,58,61,62,72,99,131,142,134,142,148,145,166,163,143,123,95,71,70,56,14,12,8
7,43,55,51,52,66,89,133,147,152,162,150,169,179,164,136,104,75,61,66,57,33,13,7
12,53,56,56,43,56,64,119,145,158,166,149,148,169,153,130,101,55,50,64,60,51,13,3
42,56,74,53,14,53,66,108,137,153,154,149,150,148,139,119,87,41,36,55,54,43,13,11
51,68,86,44,9,20,71,107,118,134,141,136,136,133,124,111,95,35,32,90,68,65,12,9
58,108,102,20,13,32,53,90,71,72,90,101,113,115,110,93,57,12,11,86,112,60,13,9
61,85,73,13,11,50,51,71,67,59,60,59,78,92,68,61,54,13,5,44,118,87,17,10
34,42,42,14,14,53,60,61,53,54,55,53,68,59,56,55,54,32,0,12,57,62,11,11
25,34,29,19,34,43,46,48,53,57,64,65,66,73,63,68,50,32,11,13,30,26,12,11
9,14,11,2,13,51,80,100,77,110,121,133,128,93,88,109,73,38,12,0,10,9,8,7
6,11,12,13,37,82,87,135,148,149,165,182,211,175,159,147,125,100,14,8,9,4,0,2
8,8,15,26,38,64,133,152,146,165,201,200,219,198,180,172,136,107,46,12,12,4,6,9
7,7,13,36,68,108,143,164,183,203,207,248,233,214,175,158,131,86,47,14,10,13,10,10
5,9,24,29,72,111,142,168,185,201,195,221,207,198,175,151,133,108,53,22,9,0,8,2
4,0,0,19,73,106,132,144,159,166,140,152,181,180,163,147,132,107,75,11,10,9,5,0
3,9,6,14,56,110,113,128,131,124,105,104,129,142,142,132,118,101,58,13,9,1,5,12
10,6,13,13,22,100,102,108,109,104,79,57,100,108,125,111,105,102,59,30,8,8,16,2
0,5,0,5,11,65,70,100,101,102,34,11,69,100,111,105,100,89,29,8,1,0,6,9
2,4,4,1,10,50,81,59,91,86,61,9,58,81,104,95,100,71,12,9,0,5,8,11
0,5,0,4,13,52,69,75,73,58,14,2,52,64,85,84,84,51,13,13,6,8,4,7
0,0,3,5,4,14,56,53,61,53,22,7,34,46,51,42,45,24,11,12,7,7,4,4
8,2,12,12,9,29,50,43,51,52,34,12,32,44,52,46,44,14,13,13,10,5,12,4
0,0,0,5,5,13,36,50,52,54,10,2,13,50,62,54,40,12,10,16,13,0,8,5
4,0,0,0,0,11,46,54,57,51,11,0,7,43,56,53,11,11,10,10,5,0,0,0
0,0,0,0,0,5,31,53,52,26,6,0,11,32,57,59,20,8,5,7,0,0,5,2
0,0,0,0,2,7,51,67,67,14,3,0,6,17,55,52,52,10,1,5,0,0,0,7
0,0,0,0,3,5,44,53,53,33,2,0,7,42,54,73,54,17,10,1,0,0,0,0
0,0,1,4,6,12,52,56,61,50,8,5,13,55,63,67,61,47,13,11,12,7,2,3
0,0,0,2,9,20,56,60,60,53,13,4,9,53,69,75,69,50,14,11,10,0,4,2
0,0,0,1,7,19,54,60,59,54,12,4,18,57,82,90,74,39,17,7,0,0,7,0
0,0,0,2,13,18,52,60,66,50,18,11,11,56,70,67,58,20,12,7,0,1,0,0
2,0,4,9,12,15,51,66,60,53,14,10,7,51,78,64,45,17,11,5,0,0,4,0
6,7,0,5,3,15,33,55,59,43,9,6,9,9,63,43,35,14,12,11,0,0,8,7
1,5,0,0,2,6,13,52,55,29,4,4,0,11,38,54,7,10,7,0,6,9,6,1
4,0,7,9,10,7,11,37,50,11,1,0,7,14,46,45,9,9,2,0,6,0,8,5

0

5,4,6,3,3,11,6,10,14,27,29,40,25,13,24,11,0,8,4,6,6,1,10,4
10,5,8,13,14,28,13,42,52,50,53,55,51,37,30,28,13,9,4,11,11,1,2,6
7,5,7,10,13,28,26,55,55,57,54,55,57,45,14,9,11,13,0,0,5,0,6,4
0,9,11,12,11,12,44,38,51,52,14,18,11,12,13,8,1,0,7,0,0,0,0,3
0,0,8,6,4,8,4,0,8,12,19,43,9,30,28,14,10,5,0,11,1,0,0,0
0,6,6,8,13,15,32,48,59,61,71,58,62,60,56,50,43,9,0,0,4,0,0,0
5,8,9,14,53,56,60,67,93,84,85,82,84,80,87,79,58,48,12,11,21,9,0,0
0,0,30,59,67,66,71,93,107,114,108,101,90,85,90,99,77,78,52,8,7,4,8,5
0,5,57,67,69,68,73,109,132,131,119,115,116,119,117,114,101,82,76,61,40,8,0,6
0,40,57,61,62,73,99,131,141,133,141,147,144,165,162,143,123,95,71,70,56,14,11,8
7,43,55,51,52,66,88,133,146,151,161,149,168,178,163,136,103,75,61,66,57,34,13,7
12,53,56,56,43,56,64,119,144,157,165,148,148,169,152,130,101,55,50,64,60,51,13,3
44,56,73,53,14,53,67,108,136,153,153,149,150,148,139,119,87,41,36,56,54,43,13,11
50,68,85,43,9,17,71,107,118,133,140,136,135,133,123,111,95,34,32,90,68,65,12,8
58,108,102,20,13,32,54,91,72,72,90,102,113,116,110,93,57,12,11,86,112,60,13,9
61,85,74,13,11,50,51,71,67,59,60,59,78,92,68,61,54,13,5,44,118,87,17,10
34,43,43,14,14,53,61,61,53,54,55,53,67,59,56,55,54,32,0,12,57,63,11,11
25,35,30,19,34,43,46,48,53,57,64,65,67,73,63,68,50,32,11,13,30,26,12,11
9,14,11,2,13,50,80,100,76,110,121,133,128,93,88,109,73,38,11,0,10,8,8,7
6,11,12,13,37,82,87,136,148,149,165,183,211,175,159,147,125,100,14,8,9,4,0,2
8,8,14,26,38,64,133,152,146,165,201,200,219,198,180,172,136,107,46,12,12,4,6,9
8,7,13,36,68,108,143,164,183,204,207,248,234,214,175,158,131,86,47,14,10,13,10,10
5,9,24,29,72,111,142,169,185,201,195,221,207,198,175,151,133,108,53,22,10,0,8,2
4,0,0,20,72,106,133,145,160,166,141,152,181,180,163,147,133,107,74,11,10,9,5,0
3,9,6,14,56,110,113,128,131,125,105,104,129,142,142,132,118,101,58,13,9,1,5,12
10,6,14,13,24,100,102,108,109,104,79,59,100,108,126,111,105,102,59,30,8,8,16,2
0,6,0,5,11,65,70,100,101,102,36,11,69,100,111,105,100,88,30,8,1,0,6,9
2,4,4,1,10,50,81,59,90,86,61,9,58,81,104,95,100,71,12,9,0,5,8,11
0,5,0,4,13,52,68,75,74,58,14,2,52,64,85,84,83,51,14,13,6,8,4,7
0,0,3,5,4,14,56,54,61,54,22,7,34,47,51,42,45,24,11,12,7,7,4,4
8,2,12,12,10,29,50,43,51,52,34,12,32,44,52,46,44,15,13,13,10,5,13,4
0,0,0,5,5,13,36,51,52,54,10,2,13,50,63,54,39,12,10,16,13,0,8,5
4,0,0,0,0,11,47,55,57,51,11,0,7,45,56,53,11,11,10,10,5,0,0,0
0,0,0,0,0,5,31,53,52,26,6,0,11,32,56,59,20,8,5,7,0,0,5,2
0,0,0,0,2,7,51,67,66,14,3,0,7,17,55,52,52,10,1,5,0,0,0,7
0,0,0,0,3,5,44,53,53,34,2,0,7,42,54,73,54,17,10,1,0,0,0,0
0,0,0,3,6,12,52,56,61,50,9,5,13,55,62,67,61,47,13,11,12,7,2,3
0,0,0,2,9,19,56,60,59,53,13,4,9,53,68,75,68,50,14,11,10,0,4,2
0,0,0,1,7,21,54,60,59,54,13,4,18,56,82,90,74,39,17,7,0,0,7,0
0,0,0,3,13,18,51,60,66,50,18,11,11,56,70,67,58,20,12,7,0,1,0,0
2,0,4,9,12,15,51,66,60,53,16,10,7,50,78,64,45,16,11,5,0,0,4,0
6,7,0,5,3,15,33,54,58,41,9,6,9,10,63,43,35,14,12,11,0,0,8,7
1,5,0,0,2,6,13,52,55,30,4,4,0,11,38,53,7,10,7,0,6,9,6,1
4,0,7,9,10,7,11,38,50,11,1,0,7,14,46,45,9,9,2,0,6,0,8,5

0

5,4,6,3,3,11,6,10,14,29,31,40,25,14,24,11,0,8,4,6,6,1,10,4
10,6,8,13,14,29,13,40,51,50,53,55,51,37,30,28,13,9,4,11,11,1,2,6
7,5,7,10,13,31,26,55,55,57,54,55,57,45,14,9,11,13,0,0,5,0,6,4
0,9,11,12,11,12,45,38,50,53,14,18,11,12,13,8,1,0,7,0,0,0,0,3
0,0,8,6,4,8,4,0,8,12,19,43,9,29,28,14,10,5,0,11,1,0,0,0
0,6,5,8,13,15,32,48,59,61,71,58,62,60,56,50,42,9,0,0,4,0,0,0
5,8,9,14,53,56,60,67,93,83,85,82,84,80,87,79,58,50,12,11,22,9,0,0
0,0,30,59,67,66,71,93,107,114,108,101,90,85,89,99,77,78,52,8,7,4,8,5
0,5,57,68,69,68,73,109,132,131,119,115,116,118,116,114,101,82,76,61,40,8,1,6
0,41,57,61,62,73,100,132,142,133,140,147,144,165,162,143,123,95,71,70,56,14,12,8
7,43,55,51,52,66,89,133,147,150,160,149,168,178,164,137,104,75,61,66,57,33,13,7
12,53,56,56,44,56,65,119,145,157,165,148,148,170,154,131,101,54,50,64,60,51,13,3
42,56,74,53,14,54,67,108,137,153,154,149,150,148,140,119,88,41,36,55,54,44,13,11
51,68,86,43,9,19,71,108,118,133,140,136,135,133,124,111,95,35,33,90,68,65,12,9
57,108,102,21,13,35,54,91,72,72,90,101,112,115,109,93,57,12,11,86,112,60,13,9
61,85,74,13,11,51,51,71,67,59,60,58,77,91,67,61,54,13,5,44,119,88,18,10
34,43,43,14,14,53,61,61,53,54,55,53,67,59,56,54,54,33,0,12,57,64,11,11
25,35,30,19,34,43,46,48,53,57,64,65,66,72,63,68,50,32,11,13,30,26,12,11
9,14,11,2,13,51,80,100,76,110,121,133,128,92,88,109,73,38,11,0,10,9,8,7
6,11,12,13,37,82,87,136,148,149,165,183,211,174,158,147,125,100,14,8,9,4,0,2
8,8,15,26,39,64,133,152,146,165,201,200,219,197,180,171,136,107,46,12,12,4,6,9
8,7,13,36,68,108,143,164,183,203,207,248,233,214,175,158,131,86,47,14,10,13,10,10
5,9,24,29,72,111,142,169,185,201,195,221,207,198,175,151,133,108,53,22,10,0,8,2
4,0,0,19,73,106,133,145,160,166,141,152,181,180,163,147,133,107,75,11,10,9,5,0
3,9,6,14,56,110,113,128,131,125,105,104,129,142,142,132,118,101,58,13,9,1,5,12
10,6,14,13,24,100,102,108,109,104,80,57,100,108,126,111,105,102,58,30,8,8,16,2
0,6,0,5,11,65,70,100,101,102,36,11,69,100,111,105,100,88,29,8,1,0,6,9
2,4,4,1,11,51,80,59,91,86,62,9,58,81,104,96,100,72,12,9,0,5,8,11
0,5,0,4,13,52,68,75,74,58,14,2,52,64,85,84,83,51,14,13,6,8,4,7
0,0,3,5,4,14,56,54,61,54,22,7,34,46,51,42,45,24,11,12,7,7,4,5
8,2,12,12,10,29,50,43,51,52,34,12,32,43,52,46,44,14,13,13,10,5,13,4
0,0,0,5,5,13,36,51,52,54,10,2,13,50,63,54,39,12,10,16,13,0,8,5
3,0,0,0,0,11,46,54,57,51,11,0,7,43,56,53,11,11,10,10,5,0,0,0
0,0,0,0,0,5,32,53,52,27,6,0,11,32,57,59,20,9,5,7,0,0,5,2
0,0,0,0,2,7,51,67,66,14,3,0,7,17,55,52,52,10,2,5,0,0,0,7
0,0,0,0,3,5,43,53,53,34,2,0,7,41,54,73,54,17,10,1,0,0,0,0
0,0,0,3,6,12,52,56,61,50,9,5,13,55,62,67,61,47,13,11,12,7,2,3
0,0,0,2,9,20,56,60,59,53,13,4,9,53,68,75,68,50,14,11,10,0,4,2
0,0,0,1,7,21,54,60,59,54,13,4,18,57,82,90,74,39,17,7,0,0,7,0
0,0,0,3,13,19,52,60,66,50,18,11,11,56,70,67,58,20,12,7,0,1,0,0
2,0,4,9,12,15,51,66,60,53,15,10,7,51,77,64,45,16,11,5,0,0,4,0
6,7,0,5,3,15,34,54,58,41,9,6,9,9,63,43,36,14,12,11,0,0,8,7
1,5,0,0,2,6,13,52,55,29,4,4,0,11,38,54,7,10,7,0,6,9,6,1
4,0,7,9,10,7,11,38,50,11,1,0,7,14,46,45,9,9,2,0,6,0,8,5

0

5,4,6,3,3,11,6,10,14,27,30,39,24,14,24,11,0,8,4,5,6,1,10,4
10,6,8,13,14,28,13,40,52,50,53,55,51,38,33,29,13,9,4,11,11,1,2,6
7,5,7,10,13,32,26,55,56,56,54,55,59,45,14,10,11,13,0,0,5,0,6,4
0,9,11,12,11,12,45,38,51,52,14,19,11,12,13,8,1,0,7,0,0,0,0,3
0,0,8,6,4,8,4,0,8,12,19,43,9,30,28,14,10,5,0,11,1,0,0,0
0,6,6,8,13,15,32,48,59,61,71,58,62,60,55,50,43,9,0,0,4,0,0,0
4,8,9,14,53,56,60,66,93,83,84,82,83,79,87,79,58,50,12,11,21,9,0,0
0,0,31,59,67,66,71,93,107,114,107,100,89,85,89,99,77,78,52,8,7,4,8,5
0,5,57,68,69,68,73,109,132,131,118,115,116,118,116,114,102,82,76,61,40,8,0,6
0,42,57,61,62,73,100,133,142,133,140,147,144,166,163,143,123,95,71,70,56,14,12,8
7,43,55,51,52,66,89,134,147,151,161,149,169,179,165,137,104,75,60,66,57,34,13,7
12,53,57,56,44,56,65,120,145,158,166,149,149,170,155,131,101,54,50,64,60,51,13,3
42,56,74,53,14,54,67,108,137,154,154,150,151,148,140,120,88,41,36,56,54,43,13,11
51,68,86,44,9,21,71,108,118,133,140,136,135,133,124,111,96,35,33,90,68,65,12,9
57,108,101,20,13,35,54,91,71,72,89,101,112,115,109,93,57,13,11,86,112,60,13,9
61,85,74,13,11,51,51,71,67,59,60,59,77,91,67,60,54,13,5,44,119,89,18,10
34,43,44,14,14,53,60,61,53,54,55,53,67,59,56,55,54,32,0,12,57,64,11,11
25,35,30,19,34,43,46,48,53,56,64,64,66,72,63,68,50,32,11,13,30,26,12,11
9,14,11,3,13,50,79,100,76,109,121,133,127,92,87,109,73,38,12,0,10,9,8,7
7,11,12,13,38,82,87,135,148,149,164,182,211,174,158,147,124,100,14,8,9,4,0,2
8,8,15,26,38,64,133,152,146,164,201,200,218,197,180,171,136,107,46,12,12,4,6,9
8,7,13,36,68,108,143,164,182,203,207,248,233,214,175,158,131,86,47,14,10,13,10,10
5,9,23,29,73,111,142,169,185,201,195,221,207,197,174,151,133,108,53,22,10,0,8,2
4,0,0,20,73,106,133,145,160,166,140,152,181,180,163,147,133,107,75,11,10,9,5,0
3,9,6,14,56,110,113,128,131,125,105,104,129,142,142,132,118,101,59,13,9,1,5,12
10,6,13,13,22,100,102,108,109,104,80,59,100,108,126,111,105,102,59,30,8,8,16,2
0,5,0,5,11,65,69,100,101,102,36,11,69,100,111,105,100,89,29,8,1,0,6,9
2,4,4,1,10,50,81,59,91,86,62,9,58,81,104,95,100,71,12,9,0,5,8,11
0,5,0,4,13,53,68,75,74,58,14,2,52,64,85,83,83,51,14,13,6,8,4,7
0,0,3,5,4,15,56,54,61,54,22,7,34,46,51,42,45,24,11,12,7,7,4,5
8,2,12,12,10,29,50,43,51,52,35,12,33,44,52,46,44,14,13,13,10,5,13,4
0,0,0,5,5,13,36,50,52,54,10,2,13,50,62,54,39,12,10,17,13,0,8,5
3,0,0,0,0,11,47,54,57,51,11,0,7,43,56,53,11,11,10,10,5,0,0,0
0,0,0,0,0,5,32,53,52,27,6,0,11,33,57,59,20,9,5,7,0,0,5,2
0,0,0,0,2,7,51,67,67,14,3,0,7,18,55,52,53,11,2,5,0,0,0,7
0,0,0,0,3,5,44,54,53,35,2,0,8,42,54,73,54,18,10,1,0,0,0,0
0,0,0,3,6,12,52,56,61,50,9,5,13,55,62,66,60,47,13,11,12,8,2,3
0,0,0,2,9,20,56,60,59,53,13,4,9,53,68,75,68,50,14,11,10,0,4,2
0,0,0,1,7,21,54,60,59,53,13,4,18,56,82,90,74,39,17,7,0,0,7,0
0,0,0,3,13,20,52,60,66,50,18,11,11,56,70,67,58,20,12,7,0,1,0,0
2,0,5,9,12,15,51,65,60,53,14,10,7,50,77,64,45,16,11,5,0,0,4,0
6,7,0,5,3,15,34,54,58,42,9,6,9,10,62,43,35,14,12,11,0,0,8,7
1,5,0,0,2,6,13,52,55,30,4,4,0,11,38,54,7,10,7,0,6,9,6,1
4,0,7,9,10,7,11,39,50,11,2,0,7,14,46,46,9,9,2,0,6,0,8,5

0

5,4,6,3,3,11,6,10,14,27,31,40,25,14,24,11,0,8,4,5,6,1,10,3
10,6,8,13,14,28,14,42,52,50,53,55,51,40,33,29,13,9,4,11,11,1,2,6
7,5,7,10,13,29,26,55,55,57,54,55,58,45,14,10,11,13,0,0,5,0,6,4
0,9,11,12,11,12,45,37,51,53,14,22,11,12,13,8,1,0,7,0,0,0,0,3
0,0,8,6,3,8,4,0,8,12,19,43,9,29,27,14,10,5,0,11,1,0,0,0
0,6,6,8,13,15,32,47,58,61,71,58,62,60,55,50,43,9,0,0,4,0,0,0
4,8,9,14,53,56,60,66,93,83,85,82,84,79,87,79,58,50,12,11,22,9,0,0
0,0,30,59,67,66,71,93,107,114,108,101,90,85,89,99,77,78,52,8,7,4,8,5
0,5,57,68,69,68,73,109,132,131,119,115,116,118,116,114,102,82,76,61,40,8,0,6
0,42,57,61,62,73,100,133,142,133,141,147,144,166,162,143,123,95,71,70,56,14,12,8
7,43,54,51,52,67,89,134,147,151,161,150,169,179,164,137,104,75,61,66,57,34,13,7
12,53,56,56,45,56,65,120,145,158,166,149,149,170,154,131,101,54,50,64,60,51,13,3
41,56,74,53,14,54,67,109,137,154,154,150,151,148,140,119,88,41,36,55,54,43,13,11
51,68,85,44,8,23,71,108,118,133,140,136,135,133,124,111,96,38,33,90,68,65,12,9
57,107,101,21,13,36,54,91,72,72,90,101,112,115,109,93,57,12,11,86,112,60,13,9
61,85,75,13,11,51,51,71,67,59,60,59,78,92,68,61,54,13,5,44,118,88,18,10
33,43,44,14,14,53,61,61,53,54,55,53,67,59,56,54,54,32,0,12,57,63,11,11
25,35,30,19,34,43,47,48,52,57,64,64,66,72,63,68,50,32,11,13,30,26,12,11
9,14,11,3,13,51,79,100,76,109,121,133,127,92,87,109,73,38,12,0,10,9,8,7
6,11,12,13,38,82,87,136,148,149,164,182,210,174,158,147,124,100,14,8,9,4,0,2
8,8,14,26,39,64,133,152,146,164,201,200,218,197,179,171,136,107,46,12,12,4,6,9
8,7,13,36,68,109,143,164,182,203,207,248,233,213,175,158,131,86,47,14,10,13,10,10
5,9,24,29,73,111,143,169,185,201,195,221,207,197,174,151,133,108,53,22,10,0,8,2
4,0,0,20,73,106,133,145,160,166,140,152,181,180,163,147,133,107,75,11,10,9,5,0
3,9,6,14,56,110,113,128,131,125,105,104,129,142,142,132,118,102,57,13,9,1,5,12
10,6,14,13,24,100,102,108,109,104,79,59,100,108,126,111,106,102,60,30,8,8,16,2
0,5,0,5,11,65,70,100,101,102,36,11,69,100,111,105,100,89,27,8,1,0,6,9
2,4,4,1,10,50,81,59,90,86,61,9,58,81,104,95,100,71,12,9,0,5,8,11
0,5,0,4,13,51,68,75,74,58,14,2,52,64,85,84,84,50,14,13,6,8,4,7
0,0,3,5,4,15,56,54,61,54,23,7,34,46,51,43,45,24,11,12,7,7,4,5
8,2,12,12,10,29,50,43,51,52,35,12,33,44,52,46,44,14,13,13,10,5,13,4
0,0,0,5,5,13,36,51,52,54,10,2,13,50,62,54,39,12,10,17,13,0,8,5
3,0,0,0,0,11,48,54,57,51,11,0,7,45,56,53,11,11,10,10,5,0,0,0
0,0,0,0,0,5,32,53,52,27,6,0,11,33,57,59,20,9,5,7,0,0,5,2
0,0,0,0,2,7,51,67,66,14,3,0,7,17,55,52,52,10,2,5,0,0,0,7
0,0,0,0,3,5,44,54,53,35,2,0,8,42,54,73,54,18,10,1,0,0,0,0
0,0,0,3,6,12,52,56,61,50,9,5,13,55,62,67,61,47,13,11,12,8,2,3
0,0,0,2,9,21,56,60,59,53,13,4,9,53,68,75,68,50,14,11,10,0,4,2
0,0,0,1,7,21,54,60,59,53,13,4,18,56,82,90,74,39,17,7,0,0,8,0
0,0,0,3,13,20,52,60,66,50,18,11,11,56,70,67,58,20,12,7,0,1,0,0
2,0,4,9,12,15,51,66,60,53,16,10,7,50,77,64,45,16,11,5,0,0,4,0
6,7,0,5,3,15,33,54,58,41,9,6,9,10,63,43,35,14,12,11,0,0,8,7
1,5,0,0,2,6,13,52,55,31,4,4,0,11,38,53,7,10,7,0,6,9,6,1
4,0,7,9,10,7,11,40,50,11,2,0,7,14,46,49,9,9,2,0,6,0,8,5

0

5,4,6,3,3,11,6,10,14,28,31,41,26,14,25,11,0,8,4,6,6,1,10,4
10,5,8,13,14,28,13,40,52,50,53,55,51,38,33,29,13,9,4,11,11,1,2,6
7,5,7,10,13,29,27,55,54,56,54,55,57,47,14,10,11,13,0,0,5,0,6,4
0,9,11,12,11,12,45,38,51,52,14,19,11,12,13,8,1,0,7,0,0,0,0,3
0,0,8,6,4,8,4,0,8,12,19,43,9,30,27,14,10,5,0,11,1,0,0,0
0,6,5,8,13,15,32,48,59,61,72,58,62,60,56,50,43,9,0,0,4,0,0,0
4,8,9,14,53,56,60,67,93,84,85,82,84,80,87,79,58,50,12,11,22,9,0,0
0,0,31,59,67,66,71,93,107,114,108,101,90,85,89,99,78,78,53,8,7,4,8,5
0,5,57,68,69,68,73,109,132,131,119,115,116,118,116,114,102,82,76,61,40,8,0,6
0,42,57,61,62,73,100,132,142,133,140,147,144,164,161,143,123,95,71,70,56,14,12,8
7,43,55,51,52,66,89,133,146,150,160,149,167,177,162,136,103,75,61,66,57,34,13,7
12,53,56,56,43,56,65,119,144,157,165,148,148,168,152,130,101,55,50,64,61,51,13,3
42,56,73,53,14,54,66,108,137,153,153,149,150,147,139,119,87,42,36,56,54,43,13,11
51,68,86,44,9,19,71,108,118,134,140,136,135,133,124,111,95,35,32,90,68,65,12,9
57,108,101,21,13,36,54,92,72,73,90,102,113,116,110,94,57,13,11,86,112,60,13,9
61,85,74,13,11,51,51,71,67,59,60,59,78,92,68,61,54,13,5,44,118,87,17,10
34,43,43,14,14,53,61,61,53,54,55,53,67,59,56,54,54,34,0,12,57,62,11,11
25,35,30,19,34,43,46,48,53,57,64,65,66,72,63,68,50,32,11,13,30,26,12,11
8,14,11,2,13,50,80,100,76,109,121,133,128,92,88,109,73,38,12,0,10,9,8,7
6,11,12,13,38,82,87,136,148,149,164,182,211,174,158,147,125,100,14,8,9,4,0,2
8,8,15,26,39,64,134,152,146,164,201,200,218,197,180,171,136,107,46,12,12,4,6,9
8,7,13,36,68,109,143,164,183,204,207,248,234,214,175,158,131,86,47,14,10,13,10,10
5,9,24,29,73,111,143,169,185,202,195,221,207,197,174,151,133,109,53,22,10,0,8,2
4,0,0,20,73,106,133,145,160,166,141,153,181,180,163,147,133,107,75,11,10,9,5,0
3,9,6,14,57,110,113,128,131,125,105,104,129,142,143,132,118,102,59,13,9,1,5,13
10,6,14,13,24,100,102,108,109,104,79,60,100,108,126,111,106,102,59,30,8,8,16,2
0,6,0,5,11,66,70,100,101,102,36,11,70,100,111,105,100,89,29,8,1,0,6,9
2,4,4,1,10,50,81,59,91,86,61,9,58,82,104,95,100,71,12,9,0,5,8,11
0,5,0,5,13,53,68,75,73,58,14,2,52,64,85,84,84,51,14,13,6,8,5,7
0,0,3,5,4,15,56,53,61,54,23,7,34,46,51,43,45,24,11,12,7,7,4,5
8,2,12,12,10,29,50,43,51,52,35,12,32,44,52,46,44,15,13,13,10,5,13,4
0,0,0,5,5,13,36,51,52,54,10,2,13,50,63,54,39,12,10,17,13,0,8,5
3,0,0,0,0,11,49,55,58,51,11,0,7,46,56,53,11,11,10,10,5,0,0,0
0,0,0,0,0,5,32,53,52,27,6,0,11,32,57,58,20,9,5,7,0,0,5,2
0,0,0,0,2,7,51,67,66,14,3,0,7,18,55,52,53,11,2,5,0,0,0,7
0,0,0,0,3,5,45,53,53,33,2,0,8,41,54,72,54,18,10,1,0,0,0,0
0,0,0,3,5,12,52,56,61,50,9,5,13,55,62,66,61,47,13,11,12,8,2,3
0,0,0,2,9,20,56,60,59,53,13,4,9,53,68,74,68,50,14,11,10,0,4,2
0,0,0,1,8,21,54,60,59,53,13,4,18,57,82,90,74,40,17,7,0,0,8,0
0,0,0,3,13,20,51,60,66,50,18,11,11,56,70,67,58,20,12,7,0,1,0,0
3,0,4,9,12,15,51,66,60,53,16,10,7,50,77,64,45,16,11,5,0,0,4,0
6,7,0,5,3,15,34,54,58,42,9,6,9,10,62,43,35,14,12,11,0,0,8,7
1,5,0,0,2,6,13,52,55,31,4,4,0,11,38,54,7,10,7,0,6,9,6,1
4,0,7,9,10,7,11,38,50,11,2,0,7,14,46,47,9,9,2,0,6,0,8,5

0

5,4,6,3,3,11,6,10,14,28,31,41,27,14,25,11,0,8,4,6,6,1,10,4
10,5,8,13,14,31,14,40,52,50,53,55,51,40,33,29,13,9,4,10,11,1,2,6
7,5,7,10,13,31,27,55,55,57,54,55,58,47,14,10,11,13,0,0,5,0,6,4
0,9,11,12,11,12,45,38,51,53,14,22,11,12,13,8,1,0,7,0,0,0,0,3
0,0,8,6,4,8,4,0,8,12,19,43,9,29,27,14,10,5,0,11,1,0,0,0
0,6,6,8,13,15,32,48,59,61,72,58,62,60,56,50,43,9,0,0,4,0,0,0
5,8,9,14,53,56,60,66,93,84,85,82,84,79,87,79,58,50,12,11,21,9,0,0
0,0,31,59,67,66,71,93,107,114,108,101,90,85,89,99,77,78,53,8,7,4,8,5
0,5,57,68,69,68,73,109,131,131,119,115,116,117,115,114,101,82,76,61,40,8,0,6
0,41,57,61,62,73,100,132,141,132,140,146,143,164,160,142,123,95,71,70,56,14,12,7
7,43,54,51,52,66,89,133,146,150,160,148,167,177,162,136,103,75,61,66,57,33,13,7
12,53,56,56,44,56,65,119,144,157,164,148,147,168,152,129,101,55,50,64,60,51,13,3
43,56,73,53,14,54,66,108,137,153,153,149,149,147,139,118,87,41,36,55,54,43,13,11
50,68,85,43,9,17,71,108,118,133,140,136,135,133,123,111,95,34,32,90,68,65,12,9
58,108,102,20,13,35,54,92,72,73,90,102,113,116,110,94,58,13,11,86,112,60,13,9
61,85,74,13,11,51,51,71,67,59,60,59,79,92,68,61,54,13,5,44,118,87,17,10
35,43,43,14,14,53,61,62,53,54,55,53,68,59,56,55,54,32,0,12,57,62,11,11
25,34,30,19,34,43,46,48,53,57,64,65,67,72,63,68,50,32,11,13,30,26,12,11
9,14,11,2,13,51,80,100,76,110,121,133,128,92,88,109,73,38,12,0,10,9,8,7
6,11,12,13,38,82,88,136,148,149,165,183,211,174,158,147,124,100,14,8,9,4,0,2
8,8,15,26,38,65,134,152,146,165,201,200,219,198,180,171,136,107,46,12,12,4,6,9
8,7,13,35,68,109,143,165,183,204,208,248,233,214,175,158,131,86,47,14,10,13,10,10
5,9,24,30,73,111,143,169,185,202,195,221,207,198,174,151,133,109,53,22,10,0,8,2
4,0,0,22,73,106,133,145,160,166,141,153,181,180,163,147,133,107,75,11,10,9,5,0
3,9,6,15,57,110,113,128,131,125,105,104,129,142,143,133,118,102,58,13,9,1,5,13
10,6,14,13,24,100,102,108,109,104,79,59,100,108,126,111,105,102,59,31,8,8,16,2
0,6,0,5,11,66,70,100,101,102,36,11,69,100,111,106,100,89,29,8,1,0,6,9
2,4,4,1,11,50,82,59,91,86,61,9,58,82,104,95,100,70,13,9,0,5,8,11
0,5,0,5,13,53,68,75,73,58,15,2,52,64,85,84,83,51,14,13,6,8,5,7
0,0,3,5,4,15,56,53,61,54,23,7,34,46,51,42,45,24,11,12,7,7,4,5
8,2,12,12,10,30,50,43,51,52,35,12,32,44,52,46,44,15,13,13,10,5,13,4
0,0,0,5,5,13,37,51,52,54,10,2,13,50,62,54,40,12,10,17,13,0,8,5
3,0,0,0,0,11,47,54,58,51,12,0,7,44,56,53,11,11,10,10,5,0,0,0
0,0,0,0,0,5,32,53,52,27,6,0,11,33,56,58,21,9,5,7,0,0,5,2
0,0,0,0,2,7,51,67,67,14,3,0,7,17,55,52,53,11,2,5,0,0,0,7
0,0,0,0,3,5,44,53,53,33,2,0,8,41,54,72,54,17,10,1,0,0,0,0
0,0,0,3,5,12,52,56,61,50,9,5,13,55,62,66,60,48,13,11,12,8,2,3
0,0,0,2,9,20,56,60,59,53,13,4,9,53,68,74,68,50,14,11,10,0,4,2
0,0,0,1,7,21,54,60,59,54,13,4,18,56,82,90,74,39,17,7,0,0,8,0
0,0,0,3,13,20,52,60,66,50,18,11,11,56,70,67,58,20,12,7,0,1,0,0
3,0,5,9,12,16,51,66,60,53,15,10,7,50,77,65,45,17,11,5,0,0,4,0
6,7,0,5,3,15,34,54,58,41,9,6,9,9,62,43,35,14,12,11,0,0,8,7
1,5,0,0,2,6,13,52,55,31,4,4,0,11,38,54,7,10,7,0,6,9,6,1
4,0,7,9,10,7,11,39,50,11,2,0,7,14,46,46,9,9,2,0,6,0,8,5

0

5,4,6,3,3,11,6,10,14,27,30,41,26,14,25,11,0,8,4,6,6,1,10,4
10,5,8,13,14,28,13,40,51,50,53,55,51,40,34,29,13,9,4,11,11,1,2,6
7,5,7,10,13,31,26,55,55,57,54,55,58,46,14,10,11,13,0,0,5,0,6,4
0,9,11,12,11,12,45,38,51,53,14,23,11,12,13,8,1,0,7,0,0,0,0,3
0,0,8,6,4,8,4,0,8,12,19,43,9,30,28,14,10,5,0,11,1,0,0,0
0,6,5,8,13,15,32,48,59,61,71,58,62,60,56,50,43,9,0,0,4,0,0,0
4,8,9,14,53,56,59,67,93,83,85,82,84,80,87,79,58,50,12,11,22,9,0,0
0,0,29,59,67,65,71,93,107,114,108,101,90,85,89,99,77,78,53,8,7,4,8,5
0,5,57,68,69,68,73,109,131,131,119,115,116,118,115,114,101,82,76,61,40,8,0,6
0,42,57,61,62,73,100,132,142,132,140,147,144,164,161,142,123,95,71,70,56,14,12,7
7,43,55,51,52,66,89,133,147,150,160,149,167,177,162,136,104,75,61,66,57,34,13,7
12,53,57,56,44,56,65,119,145,157,165,148,148,168,152,130,101,55,50,64,60,51,13,3
43,56,73,53,14,54,67,108,137,153,154,149,150,147,139,119,87,41,36,56,54,43,13,11
51,68,85,43,8,20,72,108,118,134,140,136,135,133,124,111,96,35,32,90,68,65,12,9
57,108,102,21,13,36,54,92,72,73,90,102,113,115,110,94,57,13,11,86,112,60,13,8
61,85,74,13,11,51,51,71,67,59,60,59,78,92,68,61,54,13,5,44,118,87,17,10
34,43,43,14,14,53,61,61,53,54,55,53,67,59,56,55,54,33,0,12,57,62,11,11
25,34,30,19,34,43,47,48,53,56,64,64,66,72,63,68,50,32,11,13,30,26,12,11
9,14,11,3,13,50,80,100,76,109,121,133,127,92,87,109,73,38,12,0,10,9,8,7
6,11,12,13,37,82,87,136,148,149,164,182,211,174,158,147,124,100,14,8,9,4,0,2
8,8,15,26,39,64,134,152,146,164,201,200,218,197,179,171,136,107,46,12,12,4,6,9
8,7,13,36,68,109,143,164,183,203,208,248,233,213,175,158,131,86,47,14,10,13,10,10
5,9,24,29,73,111,143,170,185,202,195,221,207,198,175,151,133,109,54,22,10,0,8,2
4,0,0,23,73,106,133,145,160,166,141,153,181,180,163,147,133,107,74,11,10,9,5,0
3,9,6,14,56,110,113,128,131,125,105,104,129,142,143,133,118,102,59,13,9,1,5,13
10,6,14,13,24,100,102,108,109,104,79,60,100,108,126,111,106,102,60,31,8,8,16,2
0,6,0,5,11,66,70,100,102,102,36,11,70,100,111,106,100,90,29,8,1,0,6,9
2,4,4,1,11,50,81,59,91,86,62,9,58,82,104,95,100,71,13,9,0,5,8,11
0,5,0,5,13,53,68,75,74,58,15,2,52,64,85,84,83,51,14,13,6,8,5,7
0,0,3,5,4,15,56,54,61,54,23,7,35,47,51,43,45,24,11,12,7,7,4,5
8,2,12,12,10,30,50,43,51,52,35,12,32,43,52,46,44,15,13,13,10,5,13,4
0,0,0,5,5,13,36,50,52,54,11,2,13,50,62,54,40,12,10,17,13,0,8,5
3,0,0,0,0,11,47,54,58,51,11,0,7,44,56,53,11,11,10,10,5,0,0,0
0,0,0,0,0,5,33,53,52,27,6,0,11,33,57,58,21,9,5,7,0,0,5,2
0,0,0,0,2,7,51,67,67,14,3,0,7,18,55,52,53,10,2,5,0,0,0,7
0,0,0,0,3,5,44,53,53,35,3,0,8,42,54,73,54,18,10,1,0,0,0,0
0,0,0,3,5,12,53,56,61,50,9,5,13,55,62,66,61,48,13,11,12,8,2,3
0,0,0,2,9,20,56,60,59,53,13,4,9,53,68,74,68,50,14,11,10,0,4,2
0,0,0,1,7,22,54,60,59,54,13,4,18,56,82,90,74,40,17,7,0,0,8,0
0,0,0,3,13,22,52,60,66,50,18,11,11,56,70,67,58,20,12,7,0,2,0,0
3,0,5,9,12,15,51,66,60,53,16,10,7,50,77,64,45,17,11,5,0,0,4,0
7,7,0,5,3,15,33,54,58,42,9,6,9,10,62,43,36,14,12,11,0,0,8,7
1,5,0,0,2,6,13,52,55,31,4,4,0,11,38,54,7,10,7,0,6,9,6,1
4,0,7,9,10,7,11,39,50,11,2,0,7,14,46,47,9,9,2,0,6,0,8,5

0

5,4,6,3,3,11,6,10,14,28,30,40,26,14,25,11,0,8,4,6,6,1,10,4
10,5,8,13,14,28,13,40,51,50,53,55,51,40,34,29,13,9,4,11,11,1,2,6
7,5,7,10,13,29,26,55,55,56,54,56,58,46,14,10,11,13,0,0,5,0,6,4
0,9,11,12,11,12,46,38,51,53,14,20,11,12,13,8,1,0,7,0,0,0,0,3
0,0,8,6,3,8,4,0,8,12,20,44,9,30,28,14,10,5,0,11,1,0,0,0
0,6,5,8,13,15,32,48,59,61,72,58,62,60,56,50,43,9,0,0,4,0,0,0
4,8,9,14,53,56,60,66,93,84,85,82,84,79,87,79,58,50,12,11,21,9,0,0
0,0,29,59,67,66,71,93,107,114,108,101,90,85,89,99,77,78,53,8,7,4,8,5
0,5,57,68,69,68,73,109,132,132,119,116,116,118,116,114,102,82,76,61,40,8,0,6
0,41,57,61,62,73,100,133,142,133,141,147,144,164,161,143,123,95,71,70,56,14,12,8
7,43,54,51,52,67,89,133,147,151,161,149,168,177,163,136,104,75,61,66,57,33,13,7
12,53,56,56,44,56,65,120,145,158,166,148,148,169,153,130,101,55,50,64,60,51,13,3
42,56,73,54,14,54,67,108,137,154,154,149,150,147,139,119,88,41,36,56,54,44,13,11
51,68,85,44,8,20,72,108,118,133,140,136,135,132,123,111,96,37,32,90,68,65,12,9
57,107,102,20,13,36,54,92,72,73,90,102,113,115,110,93,57,13,11,86,112,60,13,9
61,85,74,13,11,51,51,71,67,59,60,59,78,92,68,61,54,13,5,44,118,87,18,10
33,42,42,14,14,53,61,62,53,54,55,53,67,59,56,54,54,33,0,12,57,62,11,11
25,34,30,19,34,43,46,48,52,57,64,64,66,72,63,68,50,32,11,13,30,26,12,11
9,14,11,2,13,50,79,100,76,109,121,133,127,92,87,108,73,38,12,0,10,9,7,7
6,11,12,13,38,83,87,136,148,149,164,182,210,174,158,146,124,100,14,8,9,4,0,2
8,8,15,26,39,64,134,152,146,164,201,200,218,197,180,171,136,107,46,12,12,4,6,9
8,8,13,36,68,109,143,164,183,203,207,248,233,213,174,158,131,86,47,14,10,13,10,10
5,9,24,29,73,111,143,169,185,202,195,221,207,197,174,151,133,109,54,22,9,0,8,2
4,0,0,20,73,106,133,145,160,166,141,153,181,180,163,147,133,107,75,11,10,9,5,0
3,9,6,14,55,110,113,128,131,125,105,104,129,142,143,133,118,102,58,13,9,1,5,12
10,6,14,13,25,100,102,108,109,104,82,61,100,108,126,111,106,103,60,31,8,8,16,2
0,6,0,5,11,66,70,100,101,102,35,11,69,100,111,105,100,89,29,8,1,0,6,9
2,4,4,1,11,50,82,59,91,86,62,9,58,82,104,96,100,71,12,9,0,5,8,11
0,5,0,5,13,53,68,75,74,58,15,3,52,64,85,84,83,51,14,13,6,8,5,7
0,0,3,5,4,15,56,54,61,54,23,7,34,46,51,43,45,24,11,12,7,7,4,5
8,2,12,12,10,29,50,43,51,52,35,12,32,43,52,46,44,15,13,13,10,5,13,4
0,0,0,5,5,13,37,51,52,54,11,2,13,50,62,54,40,12,10,17,13,0,8,5
3,0,0,0,0,11,49,54,57,51,12,0,7,45,56,53,11,11,10,10,5,0,0,0
0,0,0,0,0,5,33,53,52,27,6,0,11,33,56,58,21,9,6,7,0,0,5,2
0,0,0,0,2,7,51,67,67,14,3,0,7,18,55,52,53,11,2,6,0,0,0,7
0,0,0,0,3,5,45,54,53,35,3,0,8,42,54,73,54,18,10,1,0,0,0,0
0,0,0,3,5,12,52,56,61,50,9,5,13,55,62,66,60,48,13,11,12,8,2,3
0,0,0,2,9,20,56,60,59,53,13,4,9,53,68,74,68,50,14,11,10,0,4,2
0,0,0,1,7,24,54,60,59,53,13,4,18,56,82,90,74,40,18,7,0,0,8,0
0,0,0,3,13,20,52,60,66,50,19,11,11,56,70,67,58,21,12,7,0,2,0,0
2,0,4,9,12,15,51,66,60,53,15,10,7,50,77,64,45,17,11,5,0,0,4,0
7,7,0,5,3,15,34,54,58,41,9,6,9,10,62,43,36,14,12,11,0,0,8,7
1,5,0,0,2,6,13,52,54,31,4,4,0,11,38,54,7,10,7,0,6,9,6,1
4,0,7,9,10,7,11,38,50,11,2,0,7,14,46,46,9,9,2,0,6,0,8,5

0

5,4,6,3,3,11,6,10,14,28,31,41,26,14,24,11,0,8,4,6,6,1,10,3
10,5,8,13,14,32,13,40,52,50,53,56,52,40,34,29,13,9,5,11,11,1,2,6
7,5,7,10,13,29,29,55,54,56,54,55,58,48,14,10,11,13,0,0,5,0,5,4
0,9,11,12,11,12,46,38,51,53,14,22,11,12,13,8,1,0,7,0,0,0,0,3
0,0,8,6,3,8,4,0,8,12,20,44,9,30,28,14,10,5,0,11,1,0,0,0
0,6,5,8,13,15,32,48,59,61,72,58,62,60,56,50,43,9,0,0,4,0,0,0
5,8,9,14,53,56,60,66,93,84,85,82,84,80,87,79,58,50,12,11,22,9,0,0
0,0,30,59,67,66,71,93,107,114,108,101,90,85,89,99,77,78,53,8,7,4,8,5
0,5,57,68,69,68,73,109,132,132,119,116,116,118,116,114,101,82,76,61,40,8,0,6
0,43,58,61,62,73,100,133,142,133,141,148,144,165,162,143,123,95,71,70,56,14,11,8
7,43,54,51,52,67,90,134,147,151,161,150,168,178,163,136,104,75,61,66,57,34,13,7
12,53,56,56,44,56,65,120,145,158,166,149,148,169,153,130,101,55,50,64,60,51,13,3
42,56,73,53,14,54,67,109,137,154,154,150,150,148,139,119,88,42,36,56,54,44,13,11
51,68,85,44,8,20,72,108,118,133,141,136,136,133,124,111,96,37,32,90,68,65,12,9
57,107,101,21,13,35,54,91,72,72,90,102,113,115,109,93,58,13,11,86,112,60,13,9
61,85,75,13,11,51,51,71,67,59,60,59,78,92,67,61,54,13,5,44,118,87,18,10
34,43,44,14,14,53,61,61,53,54,55,53,67,59,56,54,54,32,0,12,57,62,11,11
25,35,30,19,34,43,46,48,52,57,64,64,66,72,63,68,50,32,11,13,30,26,12,11
9,14,11,2,13,51,80,100,76,109,121,133,127,92,87,108,73,38,12,0,10,9,8,7
7,11,12,13,39,83,87,135,148,149,164,182,210,174,158,146,124,100,14,8,9,4,0,2
8,8,14,26,39,65,134,152,146,164,201,200,218,197,179,171,136,107,46,12,12,4,6,9
8,8,13,36,68,109,143,165,183,203,208,248,233,213,174,158,131,86,47,14,10,13,10,10
5,9,24,29,73,111,143,169,185,201,195,221,207,197,174,151,133,108,54,22,10,0,8,2
4,0,0,22,73,106,133,145,160,166,141,152,181,180,163,147,133,107,74,11,10,9,5,0
3,9,6,14,57,110,113,128,131,125,105,104,129,143,143,133,118,102,59,13,9,1,5,12
10,6,14,13,25,100,102,108,109,104,79,60,100,108,126,111,106,102,59,31,8,8,16,2
0,6,0,5,11,65,69,100,101,102,36,11,69,100,111,106,100,89,29,8,1,0,6,9
2,4,4,1,11,51,82,59,91,86,62,9,58,82,104,95,100,71,13,9,0,5,8,11
0,5,0,5,13,53,68,75,73,58,14,3,52,64,85,83,84,51,14,13,6,8,5,7
0,0,3,5,4,15,56,54,61,54,23,7,35,46,51,42,45,24,11,12,7,7,4,5
8,2,12,12,10,30,50,43,51,52,35,12,32,43,52,46,44,15,13,13,10,5,13,4
0,0,0,5,5,13,37,51,53,54,11,2,13,50,63,54,40,12,10,17,13,0,8,5
3,0,0,0,0,12,48,54,58,51,12,0,7,46,56,53,11,11,10,10,5,0,0,0
0,0,0,0,0,5,32,53,52,27,6,0,11,32,56,58,21,9,6,7,0,0,5,2
0,0,0,0,2,7,51,67,67,14,3,0,7,18,55,52,53,11,2,5,0,0,0,7
0,0,0,0,3,5,45,54,53,34,3,0,8,42,54,72,54,18,10,1,0,0,0,0
0,0,0,2,5,12,52,56,61,50,9,5,13,55,62,66,60,47,13,11,12,8,2,3
0,0,0,2,9,20,56,60,59,53,13,4,10,53,68,74,68,50,14,11,10,0,4,2
0,0,0,1,7,22,54,60,59,54,13,4,19,56,82,90,74,40,17,7,0,0,8,0
0,0,0,3,13,22,52,60,66,50,18,11,11,56,70,67,58,21,12,7,0,2,0,0
3,0,5,9,12,15,51,66,60,53,15,10,7,50,77,64,45,17,11,5,0,0,4,0
6,7,0,5,3,15,34,55,58,43,9,6,9,10,62,43,37,14,12,11,0,0,8,7
1,5,0,0,2,6,13,52,55,30,4,4,0,11,38,54,8,10,7,0,6,9,6,1
4,0,7,9,10,7,11,40,50,12,2,0,7,14,47,47,9,9,2,0,6,0,8,5

0

5,4,6,2,3,11,6,10,14,28,31,41,27,14,25,11,0,8,4,6,6,1,10,4
10,5,8,13,14,28,13,40,51,50,53,55,52,41,34,29,13,9,4,11,11,1,2,6
7,5,7,10,13,29,26,55,55,57,54,55,59,50,14,10,11,13,0,0,5,0,5,4
0,9,11,12,11,12,44,38,51,53,15,22,12,12,13,8,1,0,7,0,0,0,0,3
0,0,8,6,4,8,4,0,8,12,19,45,9,30,28,14,10,5,0,11,0,0,0,0
0,6,5,8,13,15,32,48,59,61,72,58,62,60,56,50,43,9,0,0,4,0,0,0
5,8,9,14,53,56,60,67,93,84,85,82,84,80,87,79,58,50,12,11,22,9,0,0
0,0,30,59,67,66,71,93,107,114,108,101,90,85,89,99,77,78,53,8,7,4,8,5
0,5,57,68,69,68,73,109,132,131,119,115,116,118,116,114,101,82,76,61,40,8,0,6
0,42,57,61,62,73,100,132,142,133,141,147,144,164,161,142,123,95,71,70,56,14,11,8
7,42,55,51,52,66,89,133,147,151,160,149,167,177,162,136,103,75,61,66,57,34,13,7
12,53,56,56,44,56,65,119,145,157,165,148,148,168,152,129,101,55,50,64,60,51,13,3
43,56,73,53,14,54,67,108,137,153,153,149,149,147,139,119,87,41,36,55,54,43,13,11
51,68,85,43,8,19,71,108,118,134,140,136,135,133,123,111,96,37,32,90,68,65,12,9
57,107,101,21,13,37,54,92,72,73,90,102,113,116,110,93,58,13,11,86,112,60,13,9
61,85,75,13,11,51,51,71,67,59,60,59,79,92,68,61,54,13,5,44,118,87,18,10
34,43,43,14,14,53,61,61,53,54,55,53,67,59,56,55,54,32,0,12,57,62,11,11
25,34,30,19,34,43,47,48,53,57,64,64,66,72,63,68,50,32,11,13,30,26,12,11
9,14,11,3,13,51,80,100,76,109,121,133,127,92,87,108,73,39,12,0,10,9,8,7
6,11,12,13,38,83,88,136,148,149,164,182,211,174,158,147,124,100,14,8,9,4,0,2
8,8,15,26,39,65,134,153,146,165,201,200,218,197,180,171,136,107,46,12,12,4,6,9
8,7,13,36,68,109,143,165,183,204,208,248,233,213,174,158,131,86,47,14,10,13,10,10
5,9,24,30,74,111,143,170,185,202,195,221,207,198,174,151,133,109,54,22,10,0,8,2
4,0,0,22,73,106,133,145,160,166,141,153,181,180,163,147,133,107,75,11,10,9,5,0
3,9,6,14,56,110,113,129,131,125,105,104,129,142,143,133,118,102,59,13,9,1,5,13
10,6,14,13,25,100,102,108,109,104,79,60,100,108,126,111,106,102,60,31,8,8,16,2
0,6,0,6,11,66,69,100,101,102,37,11,69,100,111,106,100,89,30,8,1,0,6,9
2,4,4,2,11,50,81,59,90,86,62,9,58,82,104,95,100,72,12,9,0,5,8,11
0,5,0,5,13,53,68,75,74,58,15,3,52,63,85,84,83,51,14,13,7,8,5,7
0,0,3,5,4,15,56,54,61,54,23,7,35,47,51,42,45,24,11,12,7,7,4,5
8,2,12,12,10,29,50,43,51,52,35,12,33,44,52,46,44,15,13,13,10,5,13,4
0,0,0,5,5,13,36,51,53,54,11,2,13,50,62,54,40,12,10,17,13,0,8,5
3,0,0,0,0,11,47,54,58,51,12,0,7,43,56,53,11,11,10,10,5,0,0,0
0,0,0,0,0,5,32,53,52,27,6,0,11,32,56,58,21,9,6,7,0,0,5,2
0,0,0,0,2,7,51,67,67,14,3,0,7,17,55,52,53,10,2,5,0,0,0,7
0,0,0,0,3,5,45,53,53,34,3,0,8,42,54,72,54,18,10,1,0,0,0,0
0,0,0,2,5,12,52,56,61,50,9,5,13,55,62,66,60,48,13,11,12,8,2,3
0,0,0,2,9,21,56,60,59,53,13,4,9,53,68,74,68,50,14,11,10,0,4,2
0,0,0,1,7,22,54,60,59,53,13,4,18,56,82,90,74,39,17,7,0,0,8,0
0,0,0,3,13,22,52,60,66,50,18,11,11,56,70,67,58,21,12,7,0,1,0,0
3,0,5,9,12,15,51,66,60,53,15,10,7,50,77,64,45,16,11,5,0,0,4,0
6,7,0,5,3,15,34,54,58,42,9,6,9,10,62,43,36,14,12,11,0,0,8,7
1,5,0,0,2,6,13,52,55,32,4,4,0,11,39,54,8,10,7,0,6,9,6,1
4,0,7,9,10,7,11,40,50,11,2,0,7,14,46,46,9,9,2,0,6,0,8,5

2

6,4,6,3,3,11,6,10,14,29,32,41,27,14,25,11,0,8,4,6,6,1,10,4
10,5,8,13,14,29,13,40,51,50,53,55,51,38,34,29,13,9,4,11,12,1,2,6
7,5,7,10,13,29,26,55,55,56,54,55,59,50,14,10,11,13,0,0,5,0,5,4
0,9,11,12,11,12,44,38,51,53,15,22,12,12,13,8,1,0,7,0,0,0,0,3
0,0,8,6,4,8,4,0,8,12,20,46,9,30,28,14,10,5,0,11,0,0,0,0
0,6,5,8,13,15,32,48,59,61,72,58,62,61,56,50,43,9,0,0,4,0,0,0
5,8,9,14,53,56,59,67,93,84,85,83,84,79,87,79,58,50,12,11,21,9,0,0
0,0,29,59,67,66,71,93,107,114,108,101,90,85,89,99,77,78,53,8,7,4,8,5
0,5,57,68,69,68,73,109,131,131,119,116,117,118,116,114,101,82,76,61,40,8,0,6
0,41,57,61,62,73,99,131,141,133,141,147,144,164,161,142,122,95,71,70,56,14,11,8
7,43,54,51,52,66,89,133,146,151,160,149,167,177,162,135,103,75,61,66,57,33,13,7
12,53,56,55,43,56,65,119,144,157,165,148,147,168,152,129,101,55,50,64,60,51,13,3
42,56,73,53,14,53,66,108,137,153,153,149,149,147,139,118,87,41,36,55,54,43,13,11
51,68,85,43,8,16,71,108,118,134,140,136,136,133,123,111,96,34,32,90,68,65,12,9
58,108,102,21,13,33,54,92,72,73,90,102,113,116,110,94,57,13,11,86,112,60,13,8
61,85,74,13,11,51,51,71,67,59,60,59,78,93,68,61,54,13,5,44,118,86,17,10
34,43,42,14,14,53,61,61,53,54,55,53,67,59,56,55,54,33,0,12,57,62,11,11
25,34,30,19,34,43,46,48,53,56,64,65,66,72,63,68,50,32,11,13,30,26,12,11
9,14,11,3,13,51,80,100,76,109,121,133,128,92,88,109,73,39,12,0,10,9,7,7
6,11,12,13,38,83,88,136,148,149,164,182,211,174,158,147,124,100,14,8,9,4,0,2
8,8,15,26,39,65,134,153,146,165,202,201,219,197,180,172,136,107,46,12,12,4,6,9
8,7,13,36,69,109,144,165,183,205,209,249,234,214,175,159,132,86,48,14,10,13,10,10
5,9,24,30,74,111,143,170,186,203,196,222,208,198,175,152,134,109,54,22,10,0,7,2
4,0,0,22,73,107,133,145,161,167,141,154,182,181,164,148,133,107,75,11,11,9,5,0
3,9,6,14,57,110,113,129,132,125,106,104,130,143,143,133,119,102,59,13,9,1,5,13
10,6,14,13,26,100,102,108,109,104,82,60,100,108,127,111,106,102,59,32,8,8,17,2
0,6,0,6,11,67,70,100,102,102,36,11,70,100,111,106,100,88,29,8,1,0,6,9
2,4,4,1,11,50,82,59,90,86,61,9,58,81,104,94,100,71,12,9,0,5,8,11
0,5,0,5,13,53,68,75,74,58,15,3,52,63,85,84,83,51,14,13,6,8,5,7
0,0,3,5,4,16,56,54,61,54,23,7,34,46,51,42,45,24,11,12,7,7,4,5
8,2,12,12,10,30,50,43,51,53,35,12,32,43,52,46,44,15,13,13,11,5,13,4
0,0,0,5,5,13,38,51,52,54,11,2,13,50,62,54,39,12,10,17,13,0,8,5
3,0,0,0,0,12,50,55,58,51,12,0,5,41,55,52,11,11,10,10,5,0,0,0
0,0,0,0,0,5,32,53,52,27,6,0,10,29,55,58,20,8,6,7,0,0,5,2
0,0,0,0,2,7,52,67,67,14,4,0,7,15,54,51,52,10,1,5,0,0,0,7
0,0,0,0,3,5,43,54,53,35,3,0,7,38,53,71,54,17,9,1,0,0,0,0
0,0,0,2,5,12,53,56,61,50,9,5,13,54,61,65,60,46,13,11,12,8,2,3
0,0,0,2,9,22,56,60,59,53,13,4,9,52,67,73,68,50,14,11,10,0,4,2
0,0,0,1,8,22,54,60,59,54,13,4,17,56,81,89,74,40,17,7,0,0,7,0
0,0,0,3,13,22,52,60,66,50,19,11,10,55,69,67,58,21,12,7,0,1,0,0
3,0,4,9,12,16,51,66,60,53,15,10,7,50,76,64,46,17,11,5,0,0,4,0
6,7,0,5,3,15,34,54,58,41,9,6,9,9,61,43,39,14,12,11,0,0,8,7
1,5,0,0,2,6,13,52,55,31,5,4,0,11,37,54,8,10,7,0,6,9,6,1
4,0,7,9,10,7,11,40,50,11,2,0,7,14,45,50,9,9,2,0,6,0,8,5

2

6,4,6,3,3,11,6,10,14,28,31,43,27,14,24,11,0,8,4,6,6,1,10,4
10,5,8,13,14,28,13,39,51,50,53,55,51,41,34,29,13,9,4,11,11,1,2,6
7,5,7,10,13,31,27,56,54,56,53,55,58,47,14,10,11,13,0,0,5,0,5,4
0,9,11,12,11,12,45,38,51,53,15,22,12,12,13,8,1,0,7,0,0,0,0,3
0,0,8,6,4,8,4,0,8,12,19,45,9,30,28,14,10,5,0,11,0,0,0,0
0,6,6,8,13,15,32,48,59,61,72,58,62,60,56,50,43,9,0,0,4,0,0,0
5,8,9,14,53,56,60,66,93,84,85,83,84,79,87,79,58,50,12,11,22,9,0,0
0,0,31,59,67,66,71,93,107,114,108,101,90,85,89,99,77,78,53,8,7,4,8,5
0,5,57,68,69,68,73,109,132,131,119,116,116,118,116,114,101,82,76,61,40,8,0,6
0,41,57,61,62,73,100,132,142,133,140,147,144,164,161,142,123,95,71,70,56,14,11,8
7,43,55,51,52,66,89,133,147,150,160,149,167,177,162,136,104,75,61,66,57,35,13,7
12,53,56,56,44,56,65,119,145,157,164,148,147,168,152,129,101,55,50,64,60,51,13,3
43,56,73,53,14,54,66,108,137,153,153,149,149,147,139,119,87,42,36,56,54,44,13,11
51,68,85,45,8,15,71,108,118,133,140,136,135,132,123,111,96,34,32,90,68,65,12,9
57,108,102,21,13,36,54,92,72,73,90,101,113,115,110,94,58,13,11,86,112,60,13,9
61,85,75,13,11,50,51,71,67,59,60,58,78,92,68,61,54,13,5,44,118,87,18,10
35,42,44,14,14,53,61,61,53,54,55,53,67,59,56,55,54,33,0,12,57,62,11,11
25,35,30,19,34,43,46,48,52,56,64,64,66,72,63,68,50,32,11,13,30,26,12,11
9,14,11,3,13,50,80,100,76,109,121,133,127,92,87,109,73,38,12,0,10,9,7,7
7,11,12,13,38,83,87,136,148,149,164,182,211,174,158,147,124,100,14,8,9,4,0,2
8,8,15,26,39,65,134,153,146,165,202,201,219,197,180,172,136,107,47,12,12,4,6,9
8,7,13,36,69,109,144,165,183,205,208,249,234,214,175,158,132,86,48,14,10,13,10,10
5,9,24,29,74,112,143,170,186,203,196,222,207,198,175,152,134,109,54,22,10,0,8,2
4,0,0,22,74,107,133,145,161,167,141,153,182,181,164,148,133,107,75,11,11,9,5,0
3,9,6,14,56,110,113,129,132,125,106,104,130,143,143,133,118,102,59,13,9,1,5,13
10,6,14,13,25,100,102,108,109,104,79,60,100,109,127,111,106,102,59,32,8,8,17,2
0,6,0,5,11,65,70,100,102,102,39,11,70,100,112,106,100,89,30,8,1,0,6,9
3,4,4,2,11,50,81,59,90,86,61,9,58,80,104,95,100,72,12,9,0,5,8,11
0,5,0,5,13,52,68,75,73,58,14,3,52,63,85,85,84,51,13,13,6,8,5,7
0,0,3,5,4,14,56,53,60,54,23,7,32,46,52,43,45,24,11,12,7,7,4,5
8,2,12,12,10,29,50,42,51,52,35,12,31,43,52,47,45,14,13,13,11,5,13,4
0,0,0,5,5,13,34,50,52,54,11,2,12,50,63,55,43,12,10,17,13,0,8,5
3,0,0,0,0,11,45,54,57,51,11,0,5,38,56,53,12,11,10,10,5,0,0,0
0,0,0,0,0,5,30,52,51,27,6,0,10,30,56,58,21,9,5,7,0,0,5,2
0,0,0,0,1,6,50,65,65,14,4,0,7,17,55,52,53,10,1,5,0,0,0,7
0,0,0,0,2,4,37,52,52,28,3,0,8,40,54,73,54,17,10,1,0,0,0,0
0,0,0,3,5,12,51,55,60,50,9,5,13,55,63,68,61,47,13,11,12,8,2,3
0,0,0,2,9,14,53,58,58,52,13,4,10,53,70,77,70,50,14,11,10,0,4,2
0,0,0,0,7,14,53,58,57,53,12,4,18,57,86,95,76,40,18,8,0,0,7,0
0,0,0,2,13,14,51,58,63,49,17,11,11,56,73,70,60,22,12,8,0,2,0,0
2,0,5,9,11,14,50,61,57,52,14,10,7,52,81,67,48,19,11,6,0,0,4,0
6,7,1,5,3,14,29,53,56,38,7,5,9,13,67,47,45,14,12,11,0,0,9,7
1,5,0,0,2,5,11,51,53,23,3,2,0,13,45,57,10,10,7,0,5,9,6,1
4,0,7,9,9,6,10,26,50,11,2,0,8,14,56,54,10,9,0,0,6,1,7,5

2

5,4,6,3,3,10,6,9,14,25,30,40,26,14,25,11,0,8,4,6,7,1,10,4
10,6,8,13,14,27,13,40,51,50,53,55,51,40,34,29,13,9,4,11,12,1,2,6
7,5,7,10,13,28,23,55,54,56,53,55,58,47,14,10,11,13,0,1,5,0,6,4
0,9,11,12,11,12,45,37,50,51,14,16,11,12,13,7,0,0,7,0,0,0,0,4
0,0,8,7,4,10,5,0,8,12,14,45,9,19,19,13,9,3,0,11,2,0,1,0
0,5,6,8,13,19,37,50,59,60,68,54,57,56,50,36,24,6,0,0,4,0,0,0
4,8,9,14,54,58,63,71,98,81,81,79,80,75,78,69,53,13,10,10,18,8,0,0
0,0,14,57,68,68,75,101,113,117,106,97,87,81,83,91,70,70,30,6,6,5,8,5
0,3,55,68,71,71,75,113,140,143,122,113,112,113,110,109,95,79,73,59,23,8,1,6
0,42,59,63,63,75,104,139,164,144,144,144,138,158,155,138,120,93,68,68,55,13,11,7
7,47,57,54,53,66,87,142,169,161,162,146,160,170,155,132,101,74,60,65,56,29,13,8
13,56,61,61,50,55,65,127,156,163,165,144,143,161,146,125,98,54,50,63,60,50,13,4
47,61,90,66,14,52,67,112,142,157,152,144,145,143,134,115,83,39,37,56,55,43,14,12
54,87,101,56,7,14,70,108,119,134,138,132,132,129,120,109,85,30,35,90,70,68,13,9
64,114,104,48,11,23,52,90,70,70,82,96,111,113,108,88,51,12,11,84,110,59,13,9
67,129,96,23,7,18,50,69,66,58,57,57,76,89,67,60,53,11,6,42,134,96,20,11
53,52,49,22,14,45,59,61,53,55,54,52,65,57,56,54,54,14,0,9,54,56,11,11
29,35,30,22,35,43,46,48,54,60,68,63,62,68,62,67,49,31,12,13,28,23,12,11
9,14,11,4,13,51,82,102,81,114,126,136,129,94,90,110,74,35,12,0,9,8,7,7
6,10,12,14,41,83,90,139,156,161,177,191,221,182,165,150,126,100,14,8,9,4,0,2
8,8,17,26,36,64,136,160,154,178,219,216,232,209,187,178,138,107,46,13,12,4,6,10
8,8,13,34,64,107,145,172,194,221,230,281,258,229,184,164,134,89,48,14,10,13,10,10
6,10,25,27,55,105,140,173,195,218,213,238,220,208,182,158,137,110,54,24,10,0,8,2
4,0,0,14,52,100,125,142,161,170,145,159,189,188,172,152,135,107,71,11,11,9,5,0
3,9,5,12,19,100,103,118,124,122,107,105,134,148,148,136,119,101,52,13,9,2,5,13
11,5,9,11,9,14,48,96,102,100,69,69,101,111,130,112,105,102,43,27,8,9,18,2
0,8,0,4,5,13,25,39,77,53,14,13,69,100,112,106,98,76,14,8,1,0,6,9
4,5,5,0,6,13,44,42,61,47,19,11,57,78,105,97,100,60,11,9,0,5,9,11
0,7,0,7,12,14,29,40,43,29,14,5,51,61,89,92,86,46,12,13,7,8,6,7
0,0,5,7,0,11,14,16,24,12,18,11,33,45,53,45,46,22,10,12,7,8,4,5
9,6,12,12,6,13,31,25,38,44,29,12,32,42,55,50,44,13,13,13,11,5,13,4
0,0,2,0,2,11,13,12,14,14,9,0,12,50,67,56,46,12,10,16,13,0,7,5
8,0,0,0,0,8,10,11,13,15,10,2,10,41,60,57,12,11,10,10,6,0,0,0
0,0,0,0,0,0,12,9,13,10,2,0,13,35,59,62,24,8,7,8,0,0,5,2
0,0,0,0,3,0,3,7,8,9,4,3,11,25,59,57,55,11,4,7,0,0,0,7
0,0,0,0,0,0,8,9,3,0,6,1,13,49,58,79,58,28,11,0,0,0,0,0
0,0,0,3,3,8,11,10,8,8,4,3,14,58,72,79,66,49,13,11,12,8,3,3
0,0,0,2,7,10,12,13,13,12,11,4,14,63,86,92,78,51,17,12,10,0,4,2
0,0,0,1,6,4,4,13,14,10,6,5,31,67,110,115,91,48,20,9,0,0,6,0
0,0,1,0,10,0,3,7,14,14,13,10,14,63,90,83,69,26,13,10,0,2,0,0
2,0,6,9,10,13,14,13,20,14,11,9,7,62,97,77,55,28,10,7,2,0,3,0
7,8,3,6,5,14,15,15,14,11,9,9,10,54,76,55,54,21,12,11,0,0,10,8
2,7,0,5,3,7,2,8,12,13,6,7,0,42,54,66,47,13,10,0,4,9,6,1
5,0,7,9,9,6,10,12,11,10,7,0,10,29,68,65,12,11,0,2,8,2,8,5

2

6,3,5,3,2,10,3,8,13,18,21,32,24,13,24,11,0,8,4,6,7,1,9,3
10,4,8,13,13,14,12,29,45,50,52,55,52,41,37,29,13,9,6,11,11,1,0,5
5,2,5,10,13,14,14,50,54,55,52,54,58,48,14,11,11,13,0,0,3,0,6,2
0,5,8,12,11,11,34,37,38,46,14,18,11,12,13,9,2,0,7,0,0,0,0,1
0,0,0,0,2,8,3,0,9,12,25,51,12,41,33,22,13,7,0,10,0,0,0,0
0,1,5,8,14,23,41,53,62,64,75,65,71,64,61,56,57,13,3,2,5,0,0,0
4,8,10,22,54,59,68,88,124,98,100,98,94,88,99,92,67,63,50,13,32,12,0,0
0,0,16,58,68,72,87,111,132,135,132,112,100,92,100,113,88,86,60,11,9,2,5,4
0,9,57,71,72,77,81,119,150,171,151,130,128,131,128,132,117,93,83,65,53,10,0,4
0,33,58,69,64,80,107,150,183,194,178,165,160,186,180,163,137,102,76,78,59,31,12,6
9,42,61,61,52,67,85,142,186,188,182,166,185,197,186,150,110,76,63,71,60,52,13,4
12,54,68,72,52,53,60,122,158,172,175,156,159,184,172,140,102,54,41,63,65,57,30,3
42,68,106,96,46,45,62,107,137,156,156,152,160,159,145,122,88,43,26,41,51,52,54,33
55,109,112,73,20,14,63,105,113,129,136,134,137,135,123,110,85,14,14,12,4,47,81,69
67,120,105,48,14,18,50,77,64,64,74,93,110,111,106,75,43,9,9,13,11,3,29,18
61,97,66,13,11,34,50,63,61,54,54,57,72,81,61,57,42,14,0,6,26,46,14,11
24,15,20,12,13,46,56,55,51,50,52,52,60,54,53,51,50,18,0,3,12,11,10,12
14,27,25,24,31,43,43,43,45,45,57,57,57,63,53,54,40,27,13,9,15,13,13,13
4,10,10,10,13,36,60,65,57,78,107,115,111,80,73,95,53,22,13,8,11,6,10,11
10,12,12,10,23,61,69,118,125,118,131,150,187,155,141,122,101,53,13,9,11,6,0,4
11,10,14,20,30,52,114,133,123,127,150,179,200,186,161,129,102,46,18,12,13,6,8,11
7,4,11,18,50,65,116,137,151,160,160,215,217,201,135,91,47,28,18,14,11,14,11,11
5,9,16,18,33,54,108,126,140,147,149,199,198,187,144,110,100,54,29,14,11,0,10,5
9,2,3,11,31,45,101,108,115,122,117,142,163,162,137,113,103,54,15,10,11,10,8,1
11,11,6,7,12,17,41,100,103,104,100,104,119,125,120,107,100,51,35,12,9,4,6,13
11,5,10,9,3,14,36,62,96,87,45,77,100,103,108,101,87,47,18,14,10,11,18,5
10,0,0,2,8,14,20,39,63,50,14,30,59,74,101,62,58,14,10,4,2,0,8,10
8,4,0,9,1,14,46,38,58,49,25,12,51,60,76,25,29,9,6,9,0,7,10,11
5,7,0,0,8,16,46,42,38,26,42,10,38,50,61,25,45,13,10,18,12,8,6,9
6,2,5,0,5,16,38,27,26,13,30,14,25,36,34,34,34,15,8,12,11,8,4,5
5,6,8,11,10,32,41,32,35,41,36,13,25,27,36,29,23,12,11,13,10,5,1,9
0,0,0,10,7,14,24,23,25,14,11,3,10,12,27,12,7,12,9,16,20,0,8,3
6,0,0,0,0,31,43,26,32,12,10,0,7,13,5,3,5,10,10,8,5,0,0,1
0,0,0,0,0,15,28,27,14,9,8,0,9,9,33,12,9,9,10,3,0,0,2,3
0,0,0,0,0,20,23,11,7,13,8,9,5,9,16,32,14,14,10,7,0,0,4,8
0,0,0,0,0,25,39,21,13,9,0,0,0,13,41,59,38,23,12,8,5,0,0,0
1,0,0,8,14,14,51,50,52,3,9,14,16,42,54,58,54,25,13,12,10,7,0,2
0,0,0,12,13,52,59,53,26,11,11,13,13,36,59,70,61,42,19,13,10,0,4,2
5,11,18,51,57,93,119,76,38,21,14,14,16,41,71,80,64,25,17,10,1,1,8,0
11,11,25,51,70,526,769,199,64,44,24,20,13,50,62,65,54,18,13,9,0,2,0,0
11,14,17,50,64,199,309,131,57,50,33,27,20,17,61,60,36,15,12,9,0,0,1,0
11,7,0,48,54,54,51,53,54,52,40,30,14,13,37,38,34,13,13,12,0,3,9,8
0,9,10,20,14,15,14,27,45,50,20,31,32,13,16,37,14,12,10,10,10,11,8,0
6,0,5,9,6,11,12,13,11,12,12,8,11,12,11,13,10,12,7,9,9,6,9,6

2

4,1,2,2,1,9,4,6,12,15,26,40,30,14,27,13,0,8,5,7,8,0,6,0
8,0,1,12,13,13,12,18,37,47,52,56,52,50,51,32,14,12,9,12,12,0,0,0
0,0,5,9,11,14,13,41,51,53,53,57,70,65,34,14,18,14,2,0,0,0,0,0
0,2,10,12,8,11,31,22,31,47,14,50,45,20,32,11,2,0,9,0,0,0,0,5
0,0,0,0,0,9,7,2,9,13,50,70,55,52,50,34,30,13,11,10,1,0,5,0
0,3,4,11,27,45,54,64,74,70,90,90,93,72,66,60,62,14,12,11,8,0,0,0
7,4,13,56,61,64,77,100,129,115,114,125,131,122,130,126,88,79,54,32,47,15,2,0
0,1,53,67,79,78,83,104,112,133,136,129,133,132,139,145,96,84,57,13,11,6,11,9
0,11,67,85,79,75,75,105,131,141,142,156,179,178,161,150,113,88,77,62,54,13,3,10
0,52,74,74,58,68,97,130,138,132,180,223,209,221,185,151,121,90,69,64,56,46,11,6
14,51,83,59,38,58,86,136,137,154,225,283,257,217,164,123,89,69,58,50,52,52,36,11
36,60,71,44,33,53,64,116,129,181,228,245,215,193,141,107,72,53,35,20,17,43,47,31
55,77,80,21,24,53,61,87,129,185,195,206,187,158,130,103,62,41,31,27,13,21,31,25
78,90,48,30,14,27,54,100,111,136,156,154,148,132,112,97,31,14,13,14,10,11,11,9
87,85,38,15,13,17,12,14,59,63,91,111,116,110,89,25,12,12,13,14,15,2,9,9
50,53,12,7,8,9,8,9,57,60,75,84,92,80,53,25,6,10,10,15,14,22,9,10
12,10,11,10,12,13,13,32,55,76,103,109,111,61,52,23,5,7,5,6,8,10,10,11
11,16,11,15,31,38,33,47,88,131,172,166,124,80,44,29,12,13,13,13,13,14,12,11
4,5,8,3,10,26,66,105,116,153,181,182,170,100,61,9,5,8,12,13,11,6,6,8
6,9,12,14,28,60,99,149,175,180,191,207,208,145,106,10,8,12,10,10,12,8,2,4
7,7,12,24,21,56,139,169,165,184,230,229,215,163,127,101,9,3,4,11,9,5,6,10
4,0,9,19,43,105,147,180,197,214,236,257,241,165,98,72,21,14,12,11,10,11,11,10
5,11,13,14,29,58,138,168,200,219,235,240,222,170,115,95,12,9,6,5,8,0,7,3
3,0,0,5,9,24,111,135,163,181,188,192,191,152,121,113,67,8,6,7,9,8,6,1
0,8,0,6,7,14,26,104,118,130,146,144,145,134,119,118,100,16,22,8,8,1,4,11
10,5,9,8,4,5,11,26,77,101,111,121,114,114,109,111,101,36,8,11,5,7,19,6
0,0,0,1,10,7,11,13,13,11,77,101,101,101,106,109,100,22,8,9,1,0,4,9
0,3,1,1,9,7,12,41,29,12,60,100,65,81,100,101,102,56,10,1,0,6,10,10
0,5,0,7,6,14,17,13,34,10,19,14,55,62,73,86,99,47,8,0,6,9,7,7
0,0,6,5,1,12,16,14,14,5,21,13,45,48,41,45,46,33,8,5,0,7,5,3
6,6,5,11,8,19,31,29,32,28,35,14,34,43,48,44,46,32,11,10,6,3,11,1
0,0,0,3,6,9,13,14,13,11,11,1,5,45,62,57,15,11,10,21,4,0,12,5
4,0,0,0,0,10,19,13,21,12,7,0,0,20,56,59,11,8,10,8,0,0,0,0
0,0,0,3,0,5,11,18,10,11,4,0,6,10,51,57,18,3,8,8,0,0,0,4
0,0,0,0,0,5,6,8,5,11,5,0,2,12,54,43,16,8,6,8,3,0,0,3
0,0,0,0,0,7,13,13,12,4,0,0,12,48,53,57,25,13,11,6,3,0,0,0
0,6,2,0,0,11,17,27,34,4,8,5,23,57,62,53,50,14,12,12,9,8,4,3
0,0,0,2,10,12,24,32,13,9,11,8,22,57,67,62,51,22,11,11,10,0,5,3
1,4,3,13,17,59,72,56,14,12,10,10,29,57,77,66,52,13,13,8,0,1,8,0
0,4,7,14,53,142,363,78,50,19,17,13,32,58,64,54,32,13,12,7,0,2,0,0
6,9,11,14,38,68,108,71,30,18,13,12,13,62,71,47,23,12,10,8,2,0,3,0
10,6,0,10,14,24,29,37,14,10,8,12,13,55,52,14,13,11,13,11,0,1,10,8
0,8,6,7,12,11,9,13,14,14,9,11,13,38,20,12,11,12,10,9,8,10,8,2
6,0,5,7,9,6,11,13,11,9,9,3,12,16,13,6,7,10,3,8,9,5,9,6

2

7,6,7,3,3,10,5,6,11,12,13,13,11,11,21,11,0,8,2,4,5,0,10,0
11,7,8,12,13,14,10,13,14,17,35,50,36,14,15,26,12,7,2,9,11,1,2,3
9,7,10,9,12,14,12,18,23,24,22,35,31,18,14,10,13,13,3,0,2,0,6,2
4,11,12,13,13,12,20,12,12,10,5,12,10,13,13,10,1,0,10,0,0,0,0,8
0,2,7,7,6,8,0,0,0,6,5,41,12,44,52,52,41,10,10,13,4,0,6,0
11,11,6,10,13,14,16,32,50,53,54,56,84,96,109,90,78,58,23,18,8,0,0,0
11,10,10,13,36,45,50,55,63,61,63,94,119,107,113,92,69,65,40,16,35,12,1,0
0,0,9,40,50,52,55,54,69,70,80,116,111,96,96,94,72,72,46,9,9,7,11,9
0,7,12,33,51,51,54,60,79,68,85,134,142,121,100,94,83,71,63,55,38,12,4,10
0,21,39,14,14,50,56,63,73,76,114,162,146,142,124,100,83,64,52,55,51,19,20,10
11,20,35,33,16,42,56,72,77,94,143,173,176,164,128,95,68,58,50,44,26,13,14,10
9,10,13,20,37,43,52,71,96,120,157,173,160,159,126,101,67,38,29,28,20,14,12,6
14,12,20,27,26,36,50,63,101,128,162,176,170,145,122,100,55,31,13,20,13,18,6,12
6,13,27,26,30,14,31,69,92,118,147,163,150,134,113,100,54,14,3,12,6,2,8,5
10,9,27,20,19,18,14,41,57,71,111,144,138,123,105,57,37,6,0,3,10,10,12,11
19,11,11,13,10,28,20,38,60,72,115,145,151,125,78,55,41,13,0,22,28,20,8,3
9,9,11,14,29,33,38,45,59,95,149,176,178,112,69,54,45,11,0,7,9,7,5,2
11,19,12,14,28,38,38,44,98,195,243,267,242,193,96,59,35,13,14,12,10,9,4,5
3,5,10,9,13,13,60,107,135,211,262,260,269,182,118,75,22,13,12,17,10,4,4,9
10,13,17,17,28,51,85,158,206,241,272,296,317,240,161,111,66,37,13,10,12,9,4,6
8,10,19,22,19,44,133,176,194,242,308,312,292,241,190,130,62,13,14,14,12,5,6,10
7,6,12,14,36,82,141,191,227,274,323,368,345,237,144,118,49,25,20,13,11,13,10,9
4,12,17,14,33,51,136,187,237,291,342,366,352,238,143,118,47,18,13,9,11,0,6,2
4,0,0,4,6,50,117,145,194,232,265,303,295,197,142,121,79,11,9,6,9,9,7,0
0,9,0,4,0,13,65,118,143,176,197,202,196,161,132,123,79,49,15,9,7,5,6,13
7,4,11,10,0,9,7,60,104,126,147,154,150,132,112,108,85,10,11,11,3,7,20,4
0,2,0,4,0,6,12,14,43,103,114,116,115,105,105,105,65,18,11,12,1,0,2,8
0,1,3,1,0,2,9,26,31,77,108,110,75,87,97,100,80,25,14,0,3,7,10,11
0,2,0,8,7,10,9,10,13,35,70,65,58,63,72,75,64,24,14,9,8,10,12,8
0,0,5,0,3,11,8,9,12,13,55,53,51,48,41,41,37,16,4,11,1,10,11,6
6,8,1,5,8,13,18,17,28,28,44,51,45,45,42,34,30,15,6,13,9,0,14,9
0,0,0,0,3,7,9,12,12,8,16,27,50,51,54,14,7,10,12,21,17,0,8,7
5,0,0,0,0,4,8,10,9,6,8,10,36,53,37,12,7,5,10,10,3,0,0,0
0,0,0,0,0,0,10,10,2,7,0,13,35,47,39,14,7,0,5,7,0,0,6,0
0,0,0,0,0,0,4,0,0,10,7,12,31,50,25,13,0,8,4,0,6,0,3,3
0,0,0,0,0,0,11,7,0,0,6,37,51,51,12,7,8,8,9,6,1,4,0,0
0,4,4,0,0,3,14,8,0,0,16,53,54,58,28,11,17,8,5,14,12,8,0,4
0,0,0,4,8,9,14,5,0,1,18,55,57,56,24,13,14,12,11,11,10,0,5,1
0,0,0,7,4,2,10,8,5,6,29,52,53,55,26,22,14,12,13,9,4,2,8,0
0,0,4,0,10,34,14,14,2,2,14,55,58,53,23,13,14,14,12,10,4,8,3,0
5,7,6,5,6,13,19,13,14,8,9,65,68,40,10,9,13,12,10,5,1,0,8,0
8,6,1,6,7,10,14,16,7,8,12,58,73,34,9,0,2,7,13,12,0,0,6,9
8,5,3,0,10,9,2,6,12,9,10,57,45,13,13,9,5,10,9,8,11,10,8,4
5,3,7,6,9,6,7,11,10,7,10,12,20,11,9,3,1,7,1,5,7,1,9,6

2

8,7,8,3,3,7,4,3,10,11,9,6,6,10,7,9,0,7,0,1,2,0,9,2
11,9,10,12,13,12,9,9,11,13,15,11,12,13,14,20,11,1,0,7,11,7,8,7
10,8,10,8,11,12,11,10,12,11,12,11,14,15,39,11,15,14,5,0,1,0,11,2
7,10,12,12,11,11,12,8,8,6,1,7,14,50,51,17,10,13,13,0,0,0,0,7
0,3,7,6,7,6,5,0,0,0,7,74,135,196,182,108,59,36,22,14,4,2,8,2
11,10,4,9,13,11,9,10,40,27,72,138,291,436,411,215,124,61,24,15,8,0,0,0
11,11,12,8,11,12,28,34,52,59,89,152,237,266,220,174,108,79,49,13,13,4,0,0
5,0,9,21,51,43,50,50,56,65,104,140,171,162,165,150,112,103,71,14,9,9,8,6
6,11,22,52,55,54,46,19,57,64,99,146,187,181,148,145,141,113,90,63,52,20,32,14
0,15,30,19,13,38,37,54,51,63,101,157,184,196,150,87,91,101,84,73,60,55,56,13
10,21,35,22,20,32,51,51,51,72,118,155,193,188,143,100,59,50,54,55,54,56,56,14
9,10,17,15,24,30,41,54,61,88,139,155,163,173,138,111,72,13,14,3,10,11,14,8
12,13,22,29,29,24,37,49,64,110,137,158,169,156,134,105,66,30,12,1,12,0,8,9
8,24,41,22,14,13,37,65,65,100,134,145,147,139,122,104,73,12,3,3,8,0,0,0
12,24,38,21,13,14,14,56,54,57,96,130,132,123,111,82,52,11,0,1,5,0,7,3
18,14,14,12,9,18,14,40,52,56,85,120,127,112,76,59,52,25,0,0,12,12,5,0
11,12,13,14,15,31,32,43,51,60,104,118,125,78,56,52,49,14,4,1,3,5,6,3
13,25,24,26,31,36,36,39,50,89,148,151,118,80,52,49,38,15,14,13,10,12,7,7
7,10,11,11,13,14,39,53,62,121,159,168,144,87,65,61,16,13,11,13,9,5,9,10
11,12,13,15,14,21,52,100,109,125,166,198,199,133,113,89,36,20,12,8,12,8,3,6
11,11,17,20,14,25,61,83,92,124,191,218,208,148,118,101,44,12,13,10,12,5,8,11
9,9,11,13,23,35,61,92,112,133,184,238,203,155,86,58,36,24,14,11,15,13,10,10
12,11,16,18,25,28,48,83,110,136,179,218,197,166,118,82,46,34,17,14,12,0,9,4
9,2,0,12,13,14,54,100,110,133,154,177,176,151,132,106,95,17,12,11,12,10,6,0
10,11,0,4,11,9,6,73,103,118,136,143,147,146,128,110,89,33,18,14,10,6,3,13
12,6,11,4,6,2,11,56,65,103,117,124,124,125,134,112,100,53,21,14,8,8,14,3
0,11,0,0,1,12,11,14,34,77,101,104,113,109,128,121,103,55,14,9,3,0,7,8
5,4,5,2,0,7,11,27,14,50,100,105,83,103,119,119,106,72,12,8,0,6,9,9
1,8,0,1,11,10,9,9,14,24,53,62,59,77,108,116,103,47,14,19,7,11,0,4
0,0,1,2,4,9,8,9,13,12,39,51,51,52,54,67,61,36,14,14,15,9,5,1
5,0,8,13,8,14,15,18,32,26,26,47,47,53,60,56,56,37,13,22,14,9,12,0
0,0,2,10,1,5,11,11,10,4,3,35,51,57,89,70,69,35,25,31,27,9,6,9
9,0,0,0,0,7,7,6,9,11,0,10,53,73,92,88,100,33,18,35,26,12,0,0
8,0,0,0,0,9,4,2,4,2,0,10,45,64,90,95,64,30,13,13,10,6,6,2
0,0,0,0,0,7,9,1,0,5,2,11,43,66,85,84,58,14,10,5,2,0,0,3
0,0,0,0,0,0,0,8,8,0,0,14,55,92,104,94,43,11,8,6,0,0,0,0
1,9,6,7,5,9,4,0,0,0,2,33,65,124,148,109,57,29,11,12,11,4,0,3
0,0,0,4,6,9,1,0,0,3,9,41,67,138,187,137,68,35,14,13,11,0,2,1
0,2,2,10,4,0,0,6,9,3,11,34,63,121,178,148,73,23,19,7,0,0,7,0
0,1,1,6,12,0,0,14,12,12,10,39,65,103,140,103,60,24,13,9,6,3,0,0
6,8,7,4,7,5,0,9,10,10,4,13,68,106,139,102,42,18,11,3,0,0,3,0
9,10,6,6,7,11,12,6,9,9,8,9,65,83,123,85,52,12,12,12,0,0,0,5
8,10,2,5,9,10,3,0,4,2,10,11,27,74,77,72,13,12,8,3,9,9,6,0
7,0,6,9,8,2,8,12,5,0,4,0,12,67,78,60,12,10,0,0,3,0,6,5

2

8,8,8,3,1,8,5,6,10,12,8,7,2,11,10,10,0,1,0,0,0,13,14,6
10,9,10,12,14,12,6,5,10,12,11,8,10,13,13,19,11,0,0,0,11,36,40,9
10,9,10,10,9,11,11,9,8,8,13,11,11,11,24,12,17,14,2,0,7,5,18,10
9,10,14,11,9,10,14,10,7,5,1,6,12,46,51,16,11,14,12,4,0,0,40,9
0,4,9,5,6,8,7,3,0,4,7,58,101,108,137,89,57,47,22,18,7,8,22,12
11,10,7,10,13,14,17,24,36,30,55,92,256,555,517,333,185,80,25,21,9,0,10,9
12,12,14,12,10,9,10,13,43,54,63,108,236,401,403,322,172,125,56,22,11,10,0,6
3,0,4,11,50,48,51,52,54,56,76,121,167,207,231,195,140,118,101,68,13,13,12,19
7,11,15,32,51,51,45,36,50,55,79,131,175,185,174,175,168,137,120,85,63,54,51,61
0,15,35,19,14,29,46,51,22,57,87,147,170,184,158,113,123,119,115,96,75,78,73,83
10,22,33,21,16,30,45,13,52,61,106,143,169,179,154,101,61,57,59,58,58,63,80,86
8,9,14,12,23,14,24,44,55,80,126,147,154,175,149,121,78,51,28,14,31,26,33,14
12,14,22,13,13,13,32,49,61,106,136,153,163,157,139,108,73,44,16,23,27,2,14,13
9,15,14,13,13,13,14,36,62,103,134,143,144,138,123,106,83,43,3,6,7,0,0,0
11,12,14,13,10,12,13,23,53,61,97,123,124,120,110,92,65,26,0,6,9,0,0,0
15,14,11,10,4,11,11,43,55,61,81,104,115,104,71,60,56,48,8,0,10,13,0,0
9,7,10,12,12,12,16,44,53,66,93,89,104,64,57,54,53,50,14,2,0,5,4,5
10,23,19,24,24,36,36,39,57,96,140,126,90,80,58,59,46,33,23,10,13,13,7,7
4,7,11,7,12,14,43,53,73,130,187,183,143,91,75,100,66,39,12,1,3,0,3,10
10,12,13,18,13,24,51,96,117,149,195,247,222,132,113,111,101,59,11,2,7,4,1,4
10,8,12,20,13,14,50,72,110,167,235,237,217,135,114,104,65,12,6,0,0,0,3,9
6,6,11,13,15,23,43,68,120,160,218,273,222,145,80,65,41,24,10,7,9,10,5,5
10,10,14,15,23,25,38,44,111,148,226,272,205,165,118,87,53,31,26,14,2,0,3,1
5,0,0,5,11,19,39,14,108,140,188,220,202,167,138,116,103,83,43,10,11,12,8,0
3,11,0,4,11,11,6,41,100,118,150,187,198,162,139,123,100,40,14,14,9,0,5,13
12,6,12,8,6,5,10,38,47,105,128,152,172,162,152,125,108,46,21,26,12,11,12,3
0,9,0,4,0,9,12,12,13,96,111,123,140,150,148,128,104,56,15,37,13,5,9,8
0,4,7,1,0,0,6,13,13,44,104,122,118,136,140,121,103,66,41,50,29,12,1,3
0,9,0,3,5,6,11,5,10,19,65,77,85,117,115,105,95,51,42,47,52,41,8,0
0,0,2,5,10,9,3,8,10,13,57,57,57,63,56,50,46,43,50,54,52,38,11,0
5,5,5,11,10,14,13,16,14,27,53,56,51,56,56,42,44,47,60,55,53,54,27,5
0,0,5,2,5,9,9,11,1,12,72,63,52,52,66,55,56,54,54,45,47,54,25,4
8,0,0,0,0,5,5,5,0,12,55,60,55,43,47,60,78,68,77,111,96,282,51,12
3,1,0,0,0,7,0,0,0,10,55,55,50,28,42,53,42,54,78,134,128,153,51,14
0,0,0,0,2,0,0,0,2,35,21,24,14,13,19,31,43,51,60,87,70,50,15,11
0,0,1,0,0,0,0,0,7,43,22,14,6,7,12,30,28,32,58,64,56,15,2,0
0,8,8,8,0,2,4,2,19,40,34,25,10,11,14,25,46,52,55,60,34,9,0,0
0,0,0,1,7,8,9,8,30,14,14,13,14,19,28,25,50,53,58,41,50,0,0,0
0,0,0,2,0,0,5,3,26,13,13,13,20,24,35,14,50,54,45,59,11,0,0,0
0,0,0,2,6,8,10,13,14,13,12,14,12,24,14,12,28,37,60,51,5,0,0,1
3,5,5,2,5,6,12,12,14,14,12,6,14,12,13,12,17,14,14,6,5,0,0,0
8,8,2,5,5,8,13,28,7,0,4,8,7,12,14,11,14,12,13,11,0,0,3,2
7,9,1,2,8,9,6,11,12,11,8,5,5,10,9,7,6,13,11,0,0,5,1,0
4,0,5,8,7,0,7,12,10,8,8,0,8,12,5,6,11,12,2,5,5,0,7,3

2

8,9,8,3,2,9,5,2,9,11,6,3,0,9,5,11,0,12,12,10,7,4,4,2
11,11,12,13,13,12,8,1,10,12,12,6,6,13,12,16,8,9,14,55,57,30,10,1
10,9,11,10,11,13,12,11,14,11,13,8,12,12,14,11,10,7,0,9,57,50,12,0
9,11,13,12,9,11,16,10,7,2,0,4,12,40,44,12,8,0,7,4,24,50,9,0
0,3,9,5,5,8,8,4,0,6,11,55,82,85,92,73,55,37,9,11,12,51,46,10
11,10,7,9,12,13,16,23,37,42,55,95,198,446,416,299,197,112,57,29,10,10,48,11
12,12,14,12,10,9,10,13,14,51,63,110,199,375,365,309,182,141,74,54,17,13,70,54
2,0,5,11,36,42,51,55,54,58,74,114,159,203,205,179,131,114,108,97,87,83,52,76
8,12,30,35,52,53,46,45,51,59,82,134,177,192,169,156,145,124,113,84,70,73,70,86
0,12,24,14,11,11,30,48,21,56,90,154,185,191,145,90,86,82,79,66,61,60,53,44
8,20,30,16,14,15,35,10,45,55,96,147,183,186,151,102,64,56,54,50,48,28,32,13
7,7,13,11,13,15,14,24,53,67,115,144,155,175,152,126,91,56,38,26,32,12,14,10
10,12,16,12,12,14,15,38,56,87,122,145,161,157,142,113,83,49,36,23,29,4,14,11
5,14,17,11,13,12,14,23,56,87,123,140,144,139,126,109,95,61,23,6,0,0,0,0
11,12,13,11,10,11,12,14,50,57,93,126,127,122,112,100,69,49,9,0,0,1,0,0
14,14,9,7,6,11,6,17,53,59,83,109,119,107,74,61,57,49,9,0,0,11,2,0
9,8,11,11,13,12,14,44,52,64,97,95,110,68,58,55,53,48,10,0,0,7,3,6
10,23,19,24,19,28,32,41,53,90,139,132,97,84,59,60,45,31,14,7,8,14,11,10
3,7,10,6,11,11,20,55,69,124,172,170,137,88,74,101,64,28,12,4,7,1,8,10
9,10,11,14,10,13,45,96,114,142,203,228,171,123,111,108,97,31,11,6,9,5,0,5
9,5,8,14,7,12,56,75,102,161,242,240,185,120,104,76,36,10,6,7,8,3,6,10
4,4,7,10,13,24,58,101,128,175,253,268,159,101,34,15,16,14,9,10,13,12,9,9
9,7,12,12,19,30,72,106,133,186,252,254,175,124,32,28,25,17,13,13,10,0,7,2
1,0,0,0,7,55,104,110,135,170,200,212,171,138,105,22,41,13,11,10,12,12,9,0
0,8,0,0,8,29,77,110,121,141,179,189,159,139,109,63,31,13,11,14,9,0,6,13
11,4,8,2,4,6,19,102,108,125,142,166,149,137,110,35,26,14,14,21,12,12,13,8
0,5,0,2,0,10,14,68,102,119,125,140,141,126,107,75,34,13,13,14,10,3,12,10
0,2,5,0,0,6,12,52,93,111,128,143,125,114,88,51,23,14,14,12,0,8,5,8
0,6,0,2,4,0,10,22,75,78,105,113,96,100,59,33,25,39,39,37,20,10,6,1
0,0,0,3,3,0,2,8,59,90,105,88,70,58,40,35,37,40,50,49,22,12,10,1
3,1,7,13,7,11,11,16,51,67,86,95,66,53,10,14,33,47,56,50,20,14,12,3
0,0,4,8,1,3,11,8,52,104,111,85,68,55,14,11,35,55,50,39,29,17,15,4
7,0,0,0,0,7,3,7,52,90,85,75,74,54,5,21,55,94,76,67,42,19,12,10
0,0,0,0,0,0,3,4,52,95,81,68,80,52,14,30,32,72,68,45,13,0,10,12
0,0,0,0,0,0,3,8,62,88,64,65,59,9,2,3,17,58,31,11,6,6,12,9
0,4,0,0,0,0,9,38,61,87,63,55,34,5,9,14,30,33,18,11,1,0,6,0
0,9,10,10,0,9,18,54,82,65,63,49,13,9,7,29,50,23,11,8,8,7,0,0
0,0,0,5,12,11,19,58,74,66,61,15,10,6,14,52,39,13,14,9,3,0,5,0
2,3,0,4,8,10,53,59,64,64,53,17,13,8,25,50,38,14,17,10,6,1,5,0
0,0,0,4,2,11,57,59,75,59,26,14,10,8,12,12,13,14,13,11,5,2,7,0
1,5,5,2,9,12,54,78,64,57,19,12,8,7,10,3,11,11,6,0,2,0,7,0
7,8,0,4,6,12,29,56,55,4,5,7,4,8,6,6,5,9,11,11,0,0,6,8
3,5,0,0,6,6,40,53,46,12,7,4,1,3,0,0,0,8,10,2,8,8,3,1
1,0,2,3,1,4,12,14,11,9,7,0,7,11,0,0,7,12,4,5,6,0,8,6

2

8,8,8,4,3,8,4,4,8,11,8,7,5,10,10,11,0,13,14,9,2,0,7,0
12,9,10,13,13,13,8,8,11,12,13,19,25,16,17,27,10,48,61,51,22,13,0,3
9,7,10,8,9,12,12,12,12,11,13,10,14,14,20,14,18,11,11,38,62,24,13,1
8,10,12,12,10,10,19,10,10,1,0,4,7,19,30,11,7,0,3,11,54,46,7,1
0,5,8,6,6,7,5,0,0,0,5,53,112,124,134,106,68,10,1,8,41,54,36,11
11,10,7,10,12,12,11,14,27,23,61,95,163,286,298,223,164,106,53,12,13,39,49,7
11,11,14,11,9,7,10,14,13,54,75,117,159,171,162,157,119,111,66,50,16,36,93,56
0,0,2,7,18,20,24,35,49,63,99,124,136,133,131,131,106,103,103,98,86,96,73,90
5,10,11,10,13,14,11,10,47,66,100,132,158,167,138,122,127,109,106,87,81,94,119,151
0,0,14,13,8,8,9,21,46,68,105,162,179,180,137,75,72,73,69,68,72,81,104,116
3,14,14,14,13,12,12,6,62,88,137,166,182,175,134,83,58,54,52,49,43,44,53,49
3,4,10,3,13,8,13,50,84,116,152,157,156,168,138,112,70,50,34,24,20,12,23,12
6,10,12,8,8,9,13,56,93,132,151,168,167,156,135,107,65,40,30,23,21,0,14,12
1,10,8,5,10,3,12,83,91,126,149,158,152,141,122,104,68,47,14,12,7,0,0,0
8,8,9,5,2,8,13,63,63,74,117,141,131,122,109,81,50,15,8,12,3,0,1,0
13,10,3,5,0,10,14,61,65,71,97,119,121,105,67,57,51,30,4,0,2,11,2,0
5,0,9,10,12,13,48,61,60,81,110,101,110,66,55,52,46,13,2,0,0,7,4,7
7,20,16,24,30,39,43,54,87,128,158,135,93,75,51,52,37,16,11,7,8,13,10,9
1,6,10,8,12,26,69,104,123,182,217,171,126,76,65,79,30,12,9,5,10,4,8,10
8,9,10,14,14,51,66,124,160,215,271,234,150,107,94,86,22,14,9,6,10,7,1,5
6,4,7,16,20,44,104,129,143,215,274,239,162,104,47,25,13,10,10,8,10,4,6,10
0,0,5,14,47,71,106,130,174,217,265,261,142,65,19,12,17,17,11,10,14,11,9,9
7,6,11,17,43,76,110,137,187,232,266,245,157,105,14,23,16,14,13,14,11,0,8,4
0,0,0,8,58,92,113,133,177,202,222,216,158,118,51,10,29,13,11,11,12,11,8,1
0,0,0,4,19,103,104,127,149,172,205,200,154,123,93,14,13,13,13,14,10,0,6,13
10,2,6,10,9,41,101,113,133,149,166,175,144,120,98,6,13,12,13,24,11,14,14,9
0,0,0,5,2,14,66,101,113,140,140,145,138,113,79,28,44,13,12,14,8,0,13,11
0,0,0,0,1,13,59,63,104,124,140,147,122,103,58,30,44,13,11,12,6,9,10,11
0,1,0,7,0,10,55,83,91,92,110,114,90,71,39,20,36,13,12,22,11,10,13,6
0,0,0,2,0,6,31,57,69,100,106,84,61,44,33,33,34,24,19,14,12,13,12,5
4,1,5,10,7,14,28,47,58,71,84,78,52,33,28,32,41,35,14,13,12,11,14,13
0,0,3,7,9,8,14,52,61,103,103,58,51,15,13,50,53,45,27,22,9,5,6,4
4,0,0,0,6,5,21,53,65,83,55,51,15,12,22,51,61,61,20,13,9,9,5,4
0,0,0,0,1,3,14,56,71,74,55,21,15,5,57,78,51,61,23,7,7,0,9,1
0,0,0,0,3,0,13,56,66,63,44,14,7,10,50,56,51,18,12,5,5,2,9,7
0,1,0,0,0,9,39,56,59,60,24,7,5,13,31,50,31,9,8,2,0,0,5,0
0,9,7,4,0,12,54,58,73,54,32,11,14,40,30,25,14,8,10,4,5,5,0,0
0,0,0,1,12,13,53,61,69,54,25,14,17,38,43,50,11,2,9,10,6,0,4,0
2,1,0,3,6,15,59,59,61,54,36,25,31,51,53,50,18,6,6,7,2,0,4,0
0,0,0,4,8,34,61,59,71,51,25,28,32,52,51,14,8,8,10,7,3,0,8,0
2,2,4,3,11,20,56,84,65,55,36,26,34,51,41,5,10,7,2,0,1,0,7,0
6,9,0,2,9,12,28,60,60,10,7,10,10,26,9,7,0,1,9,6,0,0,5,9
0,4,0,0,5,2,14,54,54,13,8,10,1,11,11,0,0,0,8,0,5,7,3,1
3,0,0,10,5,3,12,54,52,10,10,0,12,13,12,2,0,10,0,3,5,0,8,6

2

7,8,9,4,3,7,3,4,8,11,9,8,8,11,17,11,0,13,14,10,3,0,8,0
11,8,10,13,13,13,9,8,11,13,15,44,45,30,33,30,10,35,62,45,14,12,0,3
8,6,9,8,9,12,12,12,13,11,14,12,34,33,36,22,21,11,10,12,57,14,12,1
6,8,11,11,10,10,18,8,9,0,1,5,8,28,32,12,8,0,5,9,51,37,7,1
0,2,5,5,5,6,4,0,0,4,13,61,118,137,135,102,63,9,6,9,33,52,30,10
10,10,6,9,11,9,9,12,38,39,75,112,199,366,345,227,155,101,51,11,12,28,39,6
11,10,13,10,7,6,10,14,47,63,88,134,179,196,185,167,121,111,65,46,13,29,85,53
0,0,1,4,14,20,34,50,53,73,113,139,148,140,137,133,106,103,103,96,81,86,66,82
3,7,8,7,14,20,11,10,54,80,116,140,161,168,141,124,127,108,106,87,80,92,108,137
0,6,11,9,7,6,9,36,54,74,115,171,182,180,139,74,70,73,69,68,71,79,97,106
1,12,13,12,11,11,11,13,64,92,142,173,184,176,136,85,57,53,51,45,41,41,51,41
1,3,10,2,12,11,13,52,82,116,152,159,157,169,139,113,72,51,32,20,20,11,22,12
4,10,12,8,9,10,13,55,84,125,147,164,166,157,136,108,68,40,29,20,19,1,13,12
0,10,11,7,11,6,12,72,78,117,143,155,152,141,123,105,75,40,12,10,8,0,0,0
7,8,9,8,6,10,11,54,57,67,111,142,133,123,109,84,56,17,4,11,2,0,0,0
12,11,4,5,2,10,11,54,60,66,93,121,123,106,68,58,53,26,1,0,3,10,1,0
6,0,9,10,13,14,34,55,57,73,104,100,111,67,56,53,51,25,1,0,0,3,2,6
8,22,18,24,27,36,39,47,70,110,149,137,97,80,54,56,42,27,11,7,7,13,9,9
3,6,11,7,12,14,52,81,100,146,208,188,139,83,69,90,57,15,8,5,6,1,6,10
8,10,11,14,13,25,56,111,135,171,243,274,199,118,105,104,86,14,8,5,10,5,1,5
8,6,9,17,13,23,89,115,125,181,249,247,204,120,100,93,14,8,8,6,9,4,6,9
2,1,8,12,27,44,100,122,154,196,248,265,177,113,51,16,13,13,11,10,14,10,8,9
8,7,12,9,27,51,104,130,173,231,278,262,185,126,45,35,18,13,13,14,10,0,7,3
0,0,0,0,27,74,110,127,168,213,243,240,177,134,101,13,30,13,11,11,12,11,7,0
0,4,0,4,12,93,102,123,147,181,226,220,165,134,105,43,12,11,12,13,9,0,6,13
10,4,9,9,7,13,79,109,132,153,174,183,149,127,105,15,14,9,11,17,10,13,14,8
0,0,0,5,2,13,50,100,112,139,142,148,141,117,102,37,33,10,9,12,7,0,12,10
0,1,0,0,0,8,47,60,103,122,140,149,123,106,67,37,47,13,10,9,4,8,7,11
0,3,0,7,1,5,37,75,84,88,110,114,90,77,50,25,59,43,15,18,10,9,12,6
0,0,0,3,0,0,12,54,66,96,106,80,59,48,34,36,41,40,34,13,10,12,11,4
4,2,5,10,8,13,19,43,56,68,81,72,51,40,32,39,48,45,42,14,11,10,11,12
0,0,2,7,8,7,12,47,59,102,103,58,51,35,22,55,58,53,37,21,7,0,8,2
4,0,0,0,4,2,12,50,63,84,58,53,32,14,50,58,72,101,42,14,7,7,4,4
0,0,0,0,0,2,13,51,67,74,58,50,14,8,57,85,66,96,56,12,9,0,9,0
0,0,0,0,0,0,13,51,62,65,53,27,6,8,50,70,74,51,14,9,8,2,9,7
0,0,0,0,0,10,23,52,57,63,50,9,0,12,30,54,50,13,11,3,0,0,4,0
0,9,8,3,0,11,51,56,72,56,50,12,14,43,33,37,50,11,11,3,5,4,0,0
0,0,0,3,12,13,50,60,69,56,48,19,25,40,45,55,30,9,10,9,5,0,2,0
2,2,0,2,6,12,57,58,61,56,45,28,30,51,55,55,41,8,7,9,0,0,2,0
0,0,0,2,4,18,59,59,73,53,26,30,36,52,53,50,12,10,9,1,0,0,6,0
2,0,3,3,11,14,55,79,66,58,32,17,33,51,55,13,12,6,0,0,0,0,5,0
6,9,0,2,8,12,30,58,59,11,7,9,10,35,14,12,2,3,8,3,0,0,5,8
0,5,0,0,6,3,29,53,51,13,9,8,1,11,11,4,0,2,10,0,4,6,2,0
3,0,4,10,6,2,11,51,24,9,8,0,13,13,11,4,4,11,0,4,5,0,7,5

2

7,7,8,4,3,7,3,3,8,10,9,8,9,11,18,12,0,14,18,12,5,0,9,1
11,7,9,13,13,13,9,8,11,13,18,47,48,34,38,31,11,35,63,52,22,12,0,3
8,5,9,7,9,11,12,13,14,11,14,12,42,40,39,33,24,12,11,13,57,14,12,2
6,8,11,10,9,9,19,8,10,0,1,5,8,25,29,11,9,15,7,10,51,36,8,2
0,1,4,4,5,6,4,0,0,4,12,60,117,136,132,100,61,9,8,9,30,50,22,9
9,9,5,8,10,9,8,12,39,38,74,114,218,400,343,210,146,95,47,11,11,20,30,5
11,10,12,10,7,5,10,14,50,63,89,138,194,233,200,169,119,109,63,40,11,22,72,46
0,0,0,4,13,15,33,50,53,74,113,141,150,144,140,134,106,102,102,91,75,75,55,67
3,7,7,6,12,13,10,9,55,81,113,143,159,162,139,124,126,108,105,85,76,82,89,106
0,5,11,8,6,5,8,39,56,76,117,170,176,174,137,75,72,74,70,68,69,73,85,86
1,12,12,12,11,11,11,20,67,96,143,170,180,173,134,84,58,54,51,40,36,30,43,17
0,2,9,0,11,7,13,57,90,121,154,158,156,167,137,111,70,51,32,15,15,10,13,9
3,9,12,6,8,9,13,59,94,131,152,167,168,156,135,106,65,40,29,20,19,0,7,11
0,10,9,6,10,4,12,86,88,124,148,159,152,140,122,104,71,42,12,10,6,0,0,0
6,7,8,6,3,9,12,61,61,72,116,142,131,122,110,86,56,15,3,11,3,0,0,0
12,10,2,4,0,10,13,58,63,69,94,118,121,105,68,59,54,33,1,0,3,11,2,0
5,0,9,10,13,13,44,59,59,76,105,98,110,67,56,53,52,25,1,0,0,4,3,6
7,21,17,23,28,37,42,51,77,117,150,132,94,78,54,56,42,27,10,9,9,13,8,8
3,6,11,7,12,14,62,94,109,164,213,170,130,81,68,89,57,14,8,4,8,2,7,10
8,10,11,14,13,31,61,116,144,197,278,258,163,113,103,103,78,23,8,5,10,6,1,5
8,6,10,18,15,35,102,125,136,203,268,249,181,112,94,74,14,9,9,7,10,4,6,9
3,1,8,13,35,57,106,135,176,212,251,252,157,103,37,14,14,15,11,10,14,10,8,9
8,8,12,11,32,64,110,145,200,236,260,242,170,118,41,37,17,13,12,13,10,0,7,4
0,0,0,1,44,81,113,135,180,205,216,211,166,130,100,13,20,12,10,11,11,11,6,0
0,3,0,5,13,101,103,127,149,170,198,196,157,132,105,37,14,13,12,13,9,0,5,13
10,4,10,10,7,14,100,111,132,147,163,173,146,128,105,28,14,8,10,15,10,12,13,8
0,0,0,5,2,13,53,100,111,136,139,145,139,119,103,41,36,11,9,12,7,0,12,10
0,1,0,0,0,8,48,61,103,120,138,146,122,109,75,47,58,23,12,9,4,8,7,11
0,4,0,7,0,4,37,74,85,87,110,111,90,85,55,40,70,57,22,18,10,10,11,5
0,0,0,3,0,0,12,53,66,97,106,78,61,51,35,39,44,43,41,12,9,10,11,4
4,2,5,10,8,13,16,42,56,69,81,72,52,45,34,41,49,47,50,13,9,6,9,11
0,0,1,7,8,7,12,40,59,103,104,60,53,48,33,56,60,54,41,27,16,0,10,2
4,0,0,0,4,2,12,45,62,85,59,55,46,24,52,62,77,106,54,24,9,6,4,4
0,0,0,0,0,1,13,50,68,75,58,52,22,11,56,88,74,102,65,14,12,0,9,1
0,0,0,0,0,0,13,50,62,66,53,37,10,11,50,74,82,53,14,10,8,2,9,7
0,0,0,0,0,10,22,52,56,63,50,13,5,14,31,55,52,14,12,4,0,0,3,0
0,9,7,3,0,11,51,56,71,56,50,14,14,45,35,39,51,13,11,3,6,5,0,0
0,0,0,3,12,12,50,59,68,56,50,24,27,41,47,56,46,11,11,10,5,0,2,0
2,2,0,2,6,12,57,58,61,56,46,29,30,51,56,56,50,10,9,9,0,0,2,0
0,0,0,2,4,16,58,59,73,54,26,31,38,52,54,51,13,10,10,0,0,0,5,0
2,1,3,3,10,14,54,78,66,59,34,19,33,51,57,20,12,7,0,0,0,0,5,0
6,9,0,1,8,12,29,57,60,12,7,9,10,37,24,13,3,4,9,3,0,0,5,9
0,5,0,0,5,2,24,53,51,13,9,8,2,11,13,5,0,3,10,0,4,6,2,0
3,0,5,10,6,1,11,51,27,9,9,0,13,13,11,4,4,11,0,4,5,0,7,5

2

7,7,8,3,3,7,3,4,8,11,9,9,9,12,20,12,0,14,26,13,6,0,9,1
11,7,8,12,13,13,9,8,11,13,20,50,50,36,41,32,12,35,65,53,32,12,0,3
8,4,8,7,8,11,12,13,14,11,14,12,42,45,40,38,25,13,9,13,58,21,12,2
6,8,11,10,9,9,15,8,10,0,1,5,8,25,28,12,10,19,7,9,52,47,10,2
0,1,4,4,5,6,3,0,0,3,11,59,116,135,131,101,62,10,9,8,30,51,29,10
9,9,5,8,10,9,8,12,39,37,71,110,216,400,342,210,148,97,48,11,12,23,33,6
11,9,12,10,7,5,9,13,47,61,85,133,186,226,200,168,119,109,63,40,11,23,75,51
0,0,0,3,13,16,26,50,53,72,109,137,148,144,140,134,106,103,102,91,75,74,55,70
3,6,7,6,12,13,10,9,54,78,108,139,157,161,139,125,127,108,106,85,76,82,88,107
0,5,11,8,6,5,8,35,55,74,113,163,171,171,137,75,72,74,70,68,68,72,83,86
1,12,12,12,11,10,11,14,65,92,138,163,176,171,135,85,58,54,52,41,38,30,41,15
0,2,9,0,11,7,13,55,87,118,149,154,154,168,139,112,71,51,32,17,17,10,13,9
2,9,12,6,8,9,12,58,92,129,150,166,168,156,136,107,67,40,31,19,19,0,7,11
0,10,10,6,10,4,12,85,87,123,148,159,152,141,123,105,74,50,12,10,5,0,0,0
6,8,8,6,3,9,11,61,61,72,116,141,131,123,110,89,59,23,3,11,2,0,0,0
12,10,3,4,1,10,13,58,63,69,94,118,122,106,70,59,55,43,3,0,0,10,1,0
5,0,9,10,13,14,43,59,59,76,105,99,110,68,57,54,52,37,3,0,0,4,3,6
8,21,17,24,28,37,41,50,76,116,149,132,95,79,55,58,43,30,12,8,9,12,8,8
3,6,11,7,12,14,61,93,108,163,209,169,131,82,69,93,59,25,10,4,8,2,7,10
8,10,11,14,13,31,60,116,144,198,279,256,163,114,104,104,88,35,8,5,10,6,1,5
8,6,10,18,14,34,101,125,136,204,269,250,180,113,100,85,17,9,9,7,10,4,5,9
3,1,8,13,34,56,106,135,176,212,249,251,157,104,41,17,15,16,11,10,14,10,8,9
8,8,12,10,32,62,110,145,198,234,257,241,171,119,43,39,19,13,12,13,10,0,7,4
0,0,0,1,43,81,113,135,180,203,214,210,166,130,101,13,23,12,10,11,11,11,6,0
0,3,0,5,13,101,103,127,148,169,197,195,157,132,105,44,14,13,12,13,9,0,5,13
10,4,10,9,7,14,100,111,132,147,163,173,147,128,106,38,14,8,11,15,9,12,13,8
0,0,0,5,2,13,53,100,111,136,139,145,139,119,104,42,38,12,9,12,7,0,12,10
0,1,0,0,0,8,48,61,103,121,138,146,122,109,77,50,62,35,13,8,5,8,7,10
0,4,0,7,0,4,37,73,85,87,110,111,90,86,55,45,72,58,25,18,10,10,11,5
0,0,0,3,0,0,12,53,66,97,106,78,61,52,36,39,44,44,43,12,10,11,11,4
3,2,5,10,8,12,17,42,56,69,81,72,53,46,35,42,50,47,51,14,8,2,8,11
0,0,1,7,8,7,12,38,59,103,104,60,53,50,35,57,61,54,42,28,16,0,10,2
4,0,0,0,3,2,12,46,62,85,60,55,50,29,52,63,79,107,55,25,10,7,4,4
0,0,0,0,0,1,13,50,68,75,58,52,26,12,56,88,75,103,66,14,12,0,9,2
0,0,0,0,0,0,13,50,62,65,53,39,11,12,50,75,82,54,14,11,8,2,10,8
0,0,0,0,0,10,23,52,56,63,50,13,6,15,32,55,53,14,13,5,0,0,3,0
0,9,7,3,0,11,51,55,71,56,51,14,15,45,35,39,51,13,11,4,6,5,0,0
0,0,0,3,12,12,50,59,68,56,50,25,30,41,47,56,50,12,11,10,5,0,2,0
2,2,0,2,6,12,57,58,61,56,46,29,31,51,56,56,50,10,9,9,0,0,2,0
0,0,0,2,4,17,58,59,73,54,26,32,38,52,54,51,14,11,10,0,0,0,5,0
2,1,3,3,10,14,54,78,66,59,34,20,34,51,58,22,12,7,0,0,0,0,5,0
6,9,0,0,8,12,29,57,60,12,7,9,10,37,25,13,3,4,9,3,0,0,4,9
0,5,0,0,5,2,24,53,51,13,9,8,2,11,13,5,0,3,10,0,4,6,2,0
3,0,5,10,6,1,11,51,27,9,9,0,13,13,12,4,4,11,0,4,5,0,7,5

0

7,7,8,3,3,7,3,4,8,11,9,9,9,12,20,12,0,14,26,14,6,0,9,1
11,7,8,12,12,13,9,8,11,13,21,50,50,37,41,32,12,33,65,53,35,12,1,4
8,4,8,7,8,11,12,13,14,11,14,12,45,46,41,38,26,13,9,13,58,22,13,3
5,8,11,10,9,9,16,8,10,0,1,5,8,25,28,12,10,20,7,9,52,50,10,2
0,1,3,4,4,6,3,0,0,4,12,59,116,134,130,100,62,10,10,9,31,51,30,10
9,9,5,8,10,8,8,12,39,39,72,111,215,397,337,206,146,95,48,11,12,23,34,6
11,9,12,10,7,5,9,13,50,62,86,135,189,227,198,166,118,109,63,39,11,22,75,52
0,0,0,3,12,14,34,50,53,74,112,140,149,144,139,133,105,102,101,91,74,73,55,70
2,6,6,5,12,14,11,10,55,81,112,142,160,161,138,123,125,107,105,85,76,82,87,107
0,5,10,8,6,4,8,36,55,75,117,167,174,173,137,75,71,74,70,68,68,71,81,85
0,11,12,12,11,9,11,14,66,95,142,167,177,173,137,86,58,54,51,41,38,29,41,14
0,1,8,0,10,6,13,55,88,119,152,157,155,168,140,113,71,51,32,18,17,10,13,9
2,9,11,6,8,9,12,58,91,129,150,167,169,157,136,107,67,41,31,19,18,0,7,11
0,10,9,6,10,3,12,85,87,123,148,159,153,141,123,105,73,50,12,10,5,0,0,0
6,8,8,5,3,9,12,61,61,72,116,141,132,123,110,87,57,21,3,11,2,0,0,0
12,10,3,4,1,10,13,58,63,69,94,118,122,106,70,59,55,40,2,0,0,10,1,0
5,0,9,10,13,14,43,58,59,77,105,99,111,68,57,54,52,31,3,0,0,4,3,6
7,21,17,24,28,37,41,50,76,117,150,135,96,80,55,57,43,29,11,9,9,12,8,8
3,6,11,7,12,14,61,93,108,162,210,173,134,83,70,93,58,19,9,4,8,2,7,10
8,10,11,14,13,30,60,116,144,196,275,259,166,115,105,104,86,32,8,5,10,6,1,5
8,6,9,18,14,33,101,124,136,202,266,249,182,114,100,86,17,9,9,7,10,4,6,9
3,1,8,13,33,55,106,135,175,211,249,252,158,105,43,19,16,16,11,10,14,10,8,9
9,8,13,11,31,62,110,145,197,234,257,241,171,120,45,40,20,13,12,13,10,0,7,4
0,0,0,1,43,80,113,135,179,203,214,210,166,131,101,14,24,12,10,11,11,11,6,0
0,3,0,4,13,101,103,126,148,169,197,195,157,133,105,48,14,13,12,13,9,0,5,13
10,4,10,10,7,14,100,111,131,146,163,173,147,129,106,43,14,8,11,15,9,12,13,8
0,0,0,5,2,13,54,100,111,135,138,145,140,120,104,45,40,12,9,12,7,0,12,10
0,1,0,0,0,7,50,61,103,120,138,146,122,110,78,51,62,36,13,8,5,8,6,10
0,4,0,7,0,4,37,73,85,87,110,111,90,87,55,46,73,59,25,18,10,10,11,5
0,0,0,3,0,0,12,53,66,97,105,78,61,52,36,40,45,44,43,12,10,10,11,3
4,2,5,10,7,12,17,42,56,69,81,72,53,46,35,41,50,47,51,14,8,2,8,11
0,0,1,7,8,7,12,38,59,103,104,60,53,50,36,57,61,54,42,28,16,0,10,2
4,0,0,0,3,2,13,46,62,85,60,56,50,30,52,63,79,107,55,26,10,7,4,4
0,0,0,0,0,1,13,51,68,75,58,52,27,12,56,88,75,102,66,15,13,0,9,2
0,0,0,0,0,0,13,50,62,66,53,39,11,12,50,75,83,54,14,11,8,2,10,8
0,0,0,0,0,10,24,52,56,63,51,13,6,16,32,55,53,14,13,5,0,0,3,0
0,9,7,3,0,11,51,56,71,56,51,14,16,46,36,39,51,13,11,3,6,5,0,0
0,0,0,3,12,13,51,60,69,56,50,25,29,41,47,56,50,12,11,10,5,0,2,0
2,2,0,2,6,12,57,58,61,56,48,30,31,51,56,56,50,10,10,9,0,0,2,0
0,0,0,2,4,20,59,59,73,54,26,32,39,52,54,51,14,11,10,0,0,0,5,0
2,1,3,3,10,14,54,78,66,59,34,19,33,51,57,22,12,7,0,0,0,0,5,0
6,9,0,0,8,12,30,57,60,12,7,9,10,39,27,13,3,4,9,3,0,0,4,9
0,5,0,0,5,2,30,53,51,13,9,8,2,12,13,6,0,3,10,0,4,6,2,0
3,0,5,10,6,2,11,51,27,9,9,0,13,14,12,4,5,11,0,4,5,0,7,5

0

7,7,8,3,3,7,3,3,8,11,9,9,9,11,19,12,0,14,25,14,6,0,9,1
11,7,8,12,13,13,9,8,11,13,18,50,50,34,40,32,12,32,63,52,33,12,1,5
7,4,8,6,8,11,12,13,13,11,14,12,40,42,39,36,25,13,8,13,57,25,13,4
5,8,11,10,9,9,17,8,10,0,1,5,7,21,22,11,10,19,7,9,52,50,11,4
0,0,3,4,4,5,3,0,0,3,10,57,110,119,119,93,59,9,9,9,31,51,35,11
9,9,5,8,10,8,8,11,37,36,70,107,203,388,335,206,144,94,46,11,12,26,38,8
11,9,12,10,7,5,9,13,48,61,83,128,180,219,203,172,120,109,63,40,11,24,78,55
0,0,0,2,12,15,35,50,53,73,109,139,151,146,140,133,106,103,102,92,75,74,58,77
2,6,6,5,13,15,11,11,55,81,113,145,164,162,138,122,125,107,106,87,78,85,92,117
0,5,10,8,6,4,8,36,55,76,119,173,177,173,135,74,71,74,71,69,70,73,84,92
0,11,12,11,10,9,11,17,66,96,146,175,182,173,136,86,58,54,51,43,40,36,46,21
0,1,8,0,10,6,13,56,88,121,158,163,157,167,138,112,70,51,33,21,22,10,14,10
1,8,11,5,7,9,12,58,93,132,154,171,171,156,134,106,65,40,31,21,19,0,11,12
0,9,9,5,10,3,12,86,88,125,149,162,156,141,122,104,68,43,13,10,5,0,0,0
6,7,8,5,3,8,11,62,61,72,117,143,133,123,109,82,52,14,4,12,1,0,0,0
12,10,2,3,0,10,13,59,64,69,95,119,121,105,68,58,52,28,1,0,0,10,1,0
5,0,9,10,13,14,46,59,59,77,106,99,110,67,56,53,51,14,1,0,0,4,2,6
7,21,17,24,28,38,42,51,78,117,151,136,96,78,53,55,40,21,10,8,9,13,8,8
3,6,11,7,12,14,62,95,109,161,210,179,135,81,68,88,53,11,7,4,8,2,7,10
8,10,11,14,13,33,62,117,145,193,260,247,166,114,103,103,62,14,7,5,10,6,1,5
8,6,10,18,16,38,103,126,137,202,263,239,179,113,96,68,13,9,9,7,10,4,6,9
3,1,9,13,38,61,108,139,181,216,251,250,155,104,40,15,14,16,11,10,14,10,8,9
8,8,13,11,35,68,112,149,212,245,263,241,169,119,43,38,18,13,12,13,10,0,7,4
0,0,0,2,51,86,114,137,188,212,218,211,165,130,100,13,24,12,10,11,11,11,7,0
0,3,0,5,13,101,104,128,151,173,199,195,157,132,105,45,14,14,12,13,9,0,5,13
10,4,10,10,8,17,100,112,133,148,164,173,147,129,106,38,14,7,11,15,9,13,13,8
0,0,0,5,2,13,54,100,112,136,139,145,140,120,104,42,37,11,9,12,7,0,12,10
0,1,0,0,0,9,50,62,103,120,138,146,122,110,77,50,57,14,11,9,5,8,7,11
0,4,0,7,0,4,42,76,85,86,110,111,90,88,55,41,70,53,18,18,10,9,12,6
0,0,0,3,0,0,13,54,67,97,105,77,61,52,36,39,44,43,39,12,11,12,11,4
4,3,5,9,8,12,19,42,56,69,80,72,53,46,34,41,49,47,50,14,8,3,10,11
0,0,1,7,8,7,13,44,59,103,104,60,53,48,32,56,60,54,40,27,14,0,10,2
4,0,0,0,4,3,13,50,63,86,59,55,50,27,52,62,77,105,54,24,10,7,3,4
0,0,0,0,0,3,13,51,69,76,58,52,25,12,56,86,73,88,61,13,11,0,9,1
0,0,0,0,0,0,13,51,63,66,53,38,11,12,50,73,80,52,14,9,8,2,10,7
0,0,0,0,0,11,26,53,57,64,50,13,6,16,33,54,52,14,12,3,0,0,3,0
0,9,7,3,0,12,51,56,72,56,51,14,16,49,37,38,50,12,10,3,5,4,0,0
0,0,0,3,12,13,51,60,69,56,50,27,31,42,46,55,42,10,10,9,5,0,2,0
3,2,0,2,7,13,57,59,62,56,48,29,31,51,56,55,44,9,8,9,0,0,2,0
0,0,0,2,4,25,59,59,73,54,26,32,39,52,53,50,13,10,9,0,0,0,6,0
2,1,3,4,11,15,55,79,66,59,33,18,33,51,56,17,12,7,0,0,0,0,6,0
6,9,0,0,9,12,31,58,60,12,7,9,10,38,23,13,3,4,9,3,0,0,4,9
0,5,0,0,6,3,32,53,51,13,9,8,2,12,13,6,0,4,10,0,4,6,2,0
3,0,5,10,6,2,11,52,29,9,8,0,13,14,12,4,5,11,0,4,5,0,7,5

0

7,7,8,3,3,7,3,3,7,10,9,9,9,11,19,12,0,14,25,14,7,0,9,2
11,6,8,12,12,13,9,8,11,13,17,47,50,34,38,32,12,31,63,52,35,12,2,5
7,4,8,6,8,11,12,13,13,11,14,12,40,43,38,36,25,13,8,13,57,26,13,4
5,7,11,10,9,9,17,8,9,0,1,5,7,19,20,11,10,19,7,9,52,50,12,4
0,0,3,4,4,5,3,0,0,3,10,56,109,116,115,91,59,9,9,9,31,51,35,11
9,9,5,7,10,8,7,10,37,36,70,107,202,379,324,201,143,94,46,10,12,26,38,8
11,9,12,10,7,5,9,13,48,62,83,128,179,217,200,170,119,109,63,41,11,24,78,55
0,0,0,1,12,14,34,50,54,74,110,140,153,147,140,133,105,103,102,92,75,74,57,78
2,5,6,5,13,17,12,11,55,82,115,147,166,164,138,123,125,107,107,87,78,85,92,116
0,4,10,8,6,4,8,37,56,77,122,176,180,176,136,74,71,74,71,69,70,73,84,92
0,11,12,11,10,8,13,25,66,97,149,179,185,176,137,86,58,54,51,43,40,35,45,21
0,0,8,0,10,6,14,57,89,123,160,165,159,169,139,112,70,51,33,22,23,10,14,10
1,8,11,4,7,9,13,59,95,133,156,173,172,157,135,106,65,41,31,21,20,0,11,12
0,9,9,4,10,3,12,88,90,126,151,163,158,142,122,104,69,43,12,10,5,0,0,0
6,7,8,5,2,8,12,63,62,73,118,144,134,124,109,82,52,13,3,12,2,0,0,0
12,10,1,3,0,10,13,59,64,70,95,119,121,106,68,58,52,24,1,0,1,10,1,0
5,0,9,10,13,14,46,59,59,78,107,99,110,66,56,53,50,13,1,0,0,4,2,6
7,21,17,24,28,38,42,51,78,117,151,137,96,77,52,54,39,18,10,9,9,12,8,8
3,6,11,7,12,14,62,96,109,160,209,181,135,80,67,85,50,9,6,4,8,2,7,10
8,10,11,14,13,33,62,117,144,191,258,250,167,114,102,102,52,14,7,5,10,6,1,5
9,6,11,18,17,38,103,126,137,201,263,241,181,113,93,63,13,9,9,7,10,4,6,9
3,1,9,13,38,61,109,139,181,215,250,250,156,104,40,14,14,16,11,10,14,10,8,9
8,8,13,12,35,69,112,149,211,245,262,240,169,119,43,38,18,13,12,13,10,0,7,4
0,0,0,2,50,86,114,137,187,211,218,210,165,130,101,13,23,12,10,11,11,11,6,0
0,3,0,6,13,101,103,128,151,172,198,195,157,132,105,47,15,13,12,13,9,0,5,13
10,4,10,10,8,15,100,112,133,148,164,174,147,129,106,42,14,7,11,15,9,12,13,8
0,0,0,5,2,13,54,100,112,136,139,145,140,120,104,43,36,11,9,12,7,0,12,10
0,1,0,0,0,8,50,62,103,120,138,146,122,110,77,50,57,14,12,8,5,8,7,11
0,4,0,7,0,4,42,75,86,87,110,111,90,88,55,43,70,53,19,18,10,9,11,6
0,0,0,3,0,0,13,54,67,97,105,78,61,52,36,39,44,43,40,12,10,12,11,4
4,3,5,9,8,12,20,43,56,69,80,72,53,46,34,41,49,47,50,14,8,3,10,11
0,0,1,7,8,7,13,45,59,103,104,60,53,50,33,56,60,54,40,27,14,0,10,2
4,0,0,0,4,3,13,50,63,85,59,55,50,29,52,62,78,106,54,25,11,7,3,4
0,0,0,0,0,3,13,51,69,76,58,52,26,12,56,87,74,92,63,14,11,0,9,1
0,0,0,0,0,0,13,51,63,66,53,39,11,12,50,74,81,52,14,10,8,3,10,7
0,0,0,0,0,11,25,53,57,63,50,13,7,16,33,54,52,14,12,4,0,0,3,0
0,9,7,3,0,12,52,56,72,56,50,14,17,49,37,39,51,13,10,3,5,4,0,0
0,0,0,3,12,13,51,60,69,56,50,26,30,41,47,56,46,11,10,10,5,0,2,0
3,2,0,2,7,13,58,59,62,56,48,30,31,51,56,56,47,10,9,9,0,0,2,0
0,0,0,2,4,25,59,59,73,54,26,32,39,52,54,51,14,10,9,0,0,0,6,0
2,1,3,4,11,15,55,79,66,59,33,19,34,51,57,19,12,7,0,0,0,0,6,0
6,9,0,0,9,12,31,58,60,12,7,9,11,40,26,13,3,4,9,3,0,0,4,9
0,5,0,0,6,3,33,53,51,13,9,8,2,12,13,6,0,4,10,0,4,6,2,0
3,0,5,10,6,2,11,52,28,9,8,0,13,14,12,4,5,11,0,4,5,0,7,5

0

7,7,8,3,2,7,3,3,7,10,9,9,9,11,19,12,0,14,25,14,7,0,10,2
11,6,8,12,12,13,9,7,11,13,20,50,50,34,43,32,12,32,63,52,35,12,2,5
7,3,8,6,8,11,12,13,13,11,14,12,40,45,39,38,25,13,8,13,57,26,13,4
5,7,10,9,9,8,16,8,9,0,1,5,7,20,21,12,10,20,8,9,52,50,12,4
0,0,2,3,4,5,3,0,0,4,10,56,110,120,119,94,60,9,9,9,31,51,34,11
9,9,4,7,9,7,7,10,37,37,71,108,204,379,325,203,145,95,46,10,12,25,37,8
11,9,11,9,6,5,9,13,50,62,85,130,179,211,195,167,118,109,63,41,11,23,77,55
0,0,0,1,11,14,34,50,54,74,111,141,152,146,139,132,105,103,102,92,75,73,57,76
1,5,6,5,13,15,12,11,56,82,115,145,164,164,139,123,125,107,106,87,78,84,91,113
0,4,9,7,5,3,8,37,56,78,122,173,179,176,137,74,71,74,70,68,69,72,83,90
0,11,12,10,9,8,13,35,67,99,148,175,183,176,138,87,58,54,51,43,40,35,44,18
0,0,8,0,9,5,14,58,91,124,158,163,160,169,140,113,70,51,33,22,22,10,14,9
1,8,11,4,7,9,13,60,96,133,156,172,173,159,136,107,67,41,31,21,20,0,10,11
0,9,9,4,10,3,12,89,91,126,151,163,157,142,123,104,71,47,12,10,5,0,0,0
6,7,8,5,2,8,12,64,62,73,118,143,133,124,110,86,56,14,3,12,2,0,0,0
12,10,1,3,0,10,13,59,64,70,95,119,121,106,69,59,53,28,1,0,0,10,1,0
5,0,9,10,13,14,47,60,59,77,106,99,110,67,56,53,51,14,1,0,0,4,2,6
7,21,17,24,28,37,42,51,78,117,150,136,96,78,53,55,40,20,10,9,9,12,8,8
3,6,11,7,12,14,62,95,109,159,207,178,134,80,67,86,52,10,6,4,8,2,6,10
8,10,11,14,13,32,62,117,144,192,260,248,165,113,103,102,56,14,7,5,10,6,1,5
9,6,10,18,16,38,103,126,137,201,263,242,180,113,96,68,13,9,9,7,10,4,6,9
3,1,9,13,37,60,108,139,180,214,249,249,156,104,41,15,14,16,11,10,14,10,8,9
9,8,13,11,34,68,112,149,208,242,261,240,169,119,44,39,19,13,12,13,10,0,6,4
0,0,0,2,50,85,114,137,186,210,217,210,165,130,101,14,22,12,10,11,11,11,6,0
0,4,0,6,13,102,104,128,151,172,198,195,157,132,105,48,16,13,12,13,9,0,5,13
10,4,10,10,8,16,100,112,133,148,164,173,147,129,106,45,15,7,11,14,9,12,13,8
0,0,0,5,2,13,55,100,112,136,139,145,140,120,104,45,36,11,9,12,7,0,12,10
0,1,1,0,0,8,50,62,103,121,139,146,122,110,79,51,58,17,12,8,5,8,7,11
0,5,0,7,0,4,41,75,86,87,110,111,90,88,55,45,71,55,21,19,10,9,11,5
0,0,0,3,0,0,12,54,67,97,105,78,61,52,36,40,44,44,41,12,10,11,11,4
4,3,5,10,8,12,19,42,56,69,80,72,53,46,34,41,50,47,51,14,8,2,9,11
0,0,1,7,8,7,13,44,59,103,104,60,53,50,35,56,61,54,41,27,14,0,10,2
4,0,0,0,4,3,13,50,63,85,60,56,50,31,52,63,78,106,55,25,11,7,4,4
0,0,0,0,0,2,13,51,69,76,58,52,27,12,56,87,75,94,64,14,12,0,9,2
0,0,0,0,0,0,13,51,63,66,54,41,11,12,50,74,82,53,14,10,8,3,10,8
0,0,0,0,0,11,26,52,57,63,50,14,7,17,34,54,53,14,12,4,0,0,3,0
0,9,7,3,0,12,52,56,71,56,51,14,17,49,37,39,51,13,11,3,6,5,0,0
0,0,0,3,12,13,52,60,69,56,50,27,30,42,47,56,48,11,11,10,5,0,2,0
3,2,0,2,7,13,57,59,62,57,49,30,31,51,56,56,50,10,9,9,0,0,2,0
0,0,0,2,4,25,59,59,74,54,26,32,39,52,54,51,14,11,9,0,0,0,6,0
2,1,2,4,11,14,55,80,66,59,35,20,34,51,57,21,12,7,0,0,0,0,6,0
6,9,0,0,9,12,31,58,60,12,7,9,11,40,27,13,3,5,9,3,0,0,4,9
0,5,0,0,6,3,33,53,51,13,9,8,2,12,14,7,0,4,10,0,4,6,2,0
3,0,5,10,6,2,11,52,29,9,8,0,13,14,12,4,5,11,0,4,5,0,7,5

0

7,6,8,3,2,7,3,3,7,11,9,9,9,12,19,12,0,14,25,14,7,0,10,2
10,6,8,12,12,13,9,8,11,13,20,50,50,36,43,32,12,32,62,52,33,12,2,5
7,3,8,6,8,11,12,13,14,11,14,12,45,45,39,38,25,13,8,13,57,26,13,5
4,7,10,9,9,8,17,8,9,0,1,5,7,21,21,12,10,20,8,9,52,50,12,4
0,0,2,3,4,5,3,0,0,4,11,57,111,121,121,95,60,9,9,9,30,51,34,11
9,9,4,7,9,7,6,10,38,38,72,109,203,376,323,204,146,96,47,10,12,25,36,8
11,9,11,9,6,4,8,13,50,62,85,130,178,208,194,167,119,109,63,40,11,23,78,55
0,0,0,1,11,14,34,50,54,74,110,139,151,146,140,133,106,103,102,92,75,73,57,76
1,5,6,5,12,14,11,11,55,82,113,143,162,164,140,125,127,108,107,87,77,84,91,113
0,4,9,7,5,3,8,37,56,77,120,171,176,175,137,75,72,74,71,68,69,72,83,90
0,11,12,10,9,7,13,43,68,99,146,172,182,175,137,87,58,54,51,42,40,34,44,18
0,0,8,0,9,5,14,58,93,124,156,161,159,169,140,113,71,51,33,22,22,10,14,9
1,8,11,4,7,9,14,60,99,134,156,172,172,159,136,107,67,41,31,21,19,0,10,11
0,9,9,4,10,3,13,91,93,127,152,164,157,143,123,105,72,50,12,10,5,0,0,0
6,7,8,4,2,8,12,64,62,74,119,144,133,124,111,87,57,17,2,11,1,0,0,0
12,10,1,2,0,10,13,60,64,70,96,119,122,106,69,59,53,31,1,0,0,10,1,0
5,0,9,10,13,14,48,60,60,78,107,100,111,67,57,53,51,14,1,0,0,4,2,6
7,21,17,24,28,38,42,52,78,117,150,136,97,78,53,56,40,22,9,9,9,12,8,8
3,6,11,7,12,14,63,96,109,159,204,177,134,81,68,87,52,10,6,4,8,2,6,10
8,10,11,14,13,33,62,117,145,192,256,242,162,113,102,102,55,14,7,5,10,6,1,5
8,6,10,18,16,38,103,127,138,202,262,238,176,112,95,68,13,9,9,7,10,4,6,9
3,1,9,13,38,61,109,140,181,215,249,248,154,104,41,15,14,16,11,10,14,10,8,9
8,8,13,11,35,69,113,150,210,243,260,239,168,118,44,38,18,13,12,13,10,0,6,4
0,0,0,2,51,85,114,138,187,211,217,210,164,129,101,14,22,12,10,11,11,11,6,0
0,4,0,6,13,102,104,129,152,172,198,195,157,132,105,48,16,13,12,13,9,0,5,13
10,4,10,10,8,16,100,112,133,148,164,173,147,128,106,45,16,7,11,14,9,12,13,8
0,0,0,5,2,13,55,100,112,136,139,145,140,120,104,43,36,11,9,12,7,0,12,10
0,1,1,0,0,9,51,62,103,121,138,146,122,110,78,50,58,14,11,8,5,8,7,11
0,5,0,7,0,4,42,75,86,87,110,111,90,88,55,45,70,55,20,18,10,9,11,5
0,0,0,3,0,0,13,54,66,97,105,77,61,52,36,40,44,44,40,12,10,12,11,4
4,3,5,10,8,12,20,43,56,69,80,71,53,46,34,41,49,47,51,14,8,2,10,11
0,0,1,7,8,7,13,44,59,103,104,60,53,50,33,56,60,54,41,27,14,0,10,2
4,0,0,0,4,3,13,50,63,85,60,56,50,30,52,63,78,106,55,25,11,7,4,4
0,0,0,0,0,3,13,51,69,76,58,52,26,12,56,87,75,93,64,14,12,0,9,2
0,0,0,0,0,0,13,51,63,66,53,41,11,12,50,74,82,52,14,10,8,3,10,8
0,0,0,0,0,11,26,53,57,63,51,14,7,17,34,55,53,14,12,4,0,0,3,0
0,9,7,3,0,12,51,56,72,56,51,14,18,49,38,39,51,13,10,3,6,4,0,0
0,0,0,3,12,13,51,60,69,56,50,27,30,42,47,56,49,12,11,10,5,0,2,0
3,2,0,2,7,13,57,59,62,57,49,30,31,51,56,56,50,10,9,9,0,0,2,0
0,0,0,2,5,26,59,59,74,54,26,33,39,52,54,51,14,11,9,0,0,0,6,0
3,1,2,4,11,15,55,80,66,59,34,20,33,51,57,22,13,7,0,0,0,0,6,0
6,9,0,0,9,12,31,58,60,12,7,9,11,40,28,13,4,4,9,3,0,0,4,9
0,5,0,0,6,3,33,53,51,13,9,8,2,12,14,7,0,4,10,0,4,6,2,0
3,0,5,10,7,2,12,52,30,9,8,0,13,14,12,5,5,11,0,4,5,0,7,5

0

7,6,7,3,2,7,3,3,8,11,9,9,9,12,19,12,0,14,24,14,7,1,10,2
10,6,8,12,12,13,9,7,11,13,21,50,50,37,43,32,12,32,62,52,33,12,2,6
7,3,8,6,8,11,12,13,14,11,14,12,43,45,39,38,25,13,8,13,57,26,13,5
4,7,10,9,9,8,15,8,9,0,1,5,7,21,21,12,10,20,8,9,52,50,12,4
0,0,2,3,3,5,3,0,0,4,11,57,111,121,120,95,60,10,9,9,31,51,34,11
9,9,4,7,9,7,6,10,38,39,72,109,204,376,322,203,146,96,47,10,12,26,37,8
10,9,11,9,6,4,8,13,50,62,85,130,179,209,194,167,118,109,63,40,11,23,78,55
0,0,0,1,11,14,32,51,54,74,110,139,151,146,140,133,106,103,102,92,75,73,57,76
1,5,5,5,12,14,11,11,55,81,112,142,161,164,140,125,127,108,107,87,77,84,91,113
0,4,9,7,5,3,7,37,56,77,119,170,176,175,137,75,72,74,71,68,69,72,82,90
0,10,11,9,8,7,13,42,67,98,145,171,181,174,137,87,58,54,51,43,40,34,44,17
0,0,8,0,8,5,14,58,92,123,155,160,157,168,140,113,71,51,34,22,23,10,14,9
0,8,11,3,7,9,14,60,98,133,156,171,172,158,136,107,67,41,32,21,20,0,10,11
0,9,9,4,10,3,13,92,93,127,152,163,156,142,123,105,72,50,12,10,5,0,0,0
5,7,8,4,2,8,12,64,62,74,119,144,133,124,111,88,57,19,3,11,1,0,0,0
12,10,1,3,0,10,14,60,64,70,96,120,122,107,70,59,54,34,2,0,0,10,1,0
5,0,9,10,13,14,48,60,60,78,107,100,111,68,57,53,52,18,1,0,0,3,2,6
7,21,17,24,28,38,42,52,79,117,150,136,97,79,54,56,41,24,9,9,9,12,8,8
3,6,11,7,12,14,63,97,110,158,203,176,134,81,68,88,53,10,6,4,8,2,6,10
8,10,11,14,13,33,62,117,145,192,256,241,163,113,103,103,61,14,7,5,10,6,1,5
8,6,10,18,16,38,103,127,138,202,261,238,176,113,96,71,13,9,9,7,10,4,5,9
3,1,9,13,38,61,109,140,181,215,249,247,153,104,42,15,14,16,11,10,14,10,8,9
9,8,13,11,35,69,113,150,210,243,260,239,168,118,44,39,18,14,12,13,9,0,6,4
0,0,0,2,51,86,114,138,187,210,217,210,164,129,101,14,22,12,10,11,11,11,6,0
0,4,0,6,13,102,104,129,152,172,198,195,156,132,105,48,15,13,12,13,9,0,5,13
10,4,10,10,8,17,101,112,134,148,164,173,147,128,106,46,16,7,10,14,9,12,13,8
0,0,0,5,2,13,55,100,112,136,139,145,140,120,104,43,36,11,9,11,7,0,12,10
0,1,1,0,0,9,51,62,103,121,138,146,122,110,78,51,58,15,11,8,5,8,6,11
0,4,0,7,0,4,42,76,86,87,110,111,90,88,55,44,70,56,20,18,10,9,11,5
0,0,0,4,0,0,13,54,67,97,105,77,61,52,36,40,44,44,41,12,10,11,11,4
4,3,5,10,8,12,20,42,56,69,80,71,53,46,34,41,50,47,50,14,8,2,9,11
0,0,1,7,8,7,13,45,59,103,104,60,53,50,36,56,61,54,41,27,14,0,10,2
4,0,0,0,4,3,13,50,63,86,60,56,50,32,52,63,78,106,55,25,11,7,4,4
0,0,0,0,0,3,13,51,69,76,58,52,27,13,56,87,75,94,64,14,12,0,9,2
0,0,0,0,0,0,13,51,63,66,53,40,12,12,50,74,82,53,14,10,8,3,10,8
0,0,0,0,0,11,26,53,57,63,51,14,8,18,35,55,53,14,13,4,0,0,3,0
0,9,7,3,0,12,52,56,72,56,51,14,19,49,38,40,51,13,11,3,6,5,0,0
0,0,0,3,12,13,52,60,69,56,50,27,30,42,47,56,50,12,11,10,5,0,2,0
3,2,0,2,7,13,58,59,62,57,49,30,31,51,56,56,50,10,9,9,0,0,2,0
0,0,0,2,5,26,59,59,74,54,27,34,40,52,54,51,14,11,9,0,0,0,6,0
3,1,3,4,11,15,55,80,66,59,34,21,34,51,58,22,13,7,0,0,0,0,6,0
6,9,0,0,9,12,32,58,60,12,7,9,11,42,29,13,4,4,9,3,0,0,4,9
0,5,0,0,6,3,34,53,51,13,9,8,2,12,14,7,0,4,10,0,4,6,2,0
3,0,5,10,7,2,12,52,30,9,8,0,13,14,12,5,5,11,0,4,5,0,7,5

0

6,6,8,3,2,7,3,3,7,10,9,9,9,12,19,12,0,14,25,14,7,1,10,2
11,6,8,12,12,13,9,7,11,13,20,50,50,37,41,32,12,32,62,52,33,12,3,6
7,3,8,6,8,11,12,13,13,11,14,12,45,45,40,38,25,13,8,13,57,26,13,5
4,7,10,9,8,8,16,8,9,0,1,5,7,21,21,12,10,20,8,9,52,50,12,5
0,0,1,3,3,5,3,0,0,4,11,57,111,121,120,95,60,9,9,9,30,51,34,11
8,8,4,7,9,7,6,10,38,39,72,109,204,375,321,202,146,96,47,10,12,25,37,8
10,9,11,9,6,4,8,13,50,62,85,130,179,209,194,167,118,109,63,41,11,23,78,55
0,0,0,0,11,14,33,51,54,75,110,140,151,146,140,133,106,103,102,92,75,73,57,76
1,4,5,4,12,14,11,11,55,81,113,143,162,164,140,125,126,108,107,87,77,84,91,113
0,4,8,7,5,3,7,36,57,77,120,171,177,175,137,75,72,74,71,68,69,72,82,90
0,10,11,9,8,7,13,44,68,99,146,173,181,174,137,87,58,54,51,43,40,34,45,18
0,0,8,0,7,5,14,59,92,124,157,161,158,169,140,113,71,51,34,23,23,10,14,10
0,8,11,3,7,9,14,60,98,133,155,172,172,158,136,107,67,41,32,21,20,0,10,11
0,9,9,4,10,3,13,92,93,127,151,163,157,142,123,104,72,48,12,10,5,0,0,0
6,7,8,4,2,8,12,64,62,74,119,144,133,124,110,87,57,17,3,11,1,0,0,0
12,10,1,2,0,10,14,60,64,70,96,119,122,106,70,59,54,31,1,0,0,10,1,0
5,0,9,10,13,14,49,60,59,78,107,100,111,67,57,53,51,15,1,0,0,4,2,6
7,21,17,23,28,38,42,52,78,117,150,136,97,79,54,56,41,23,9,9,9,12,8,8
3,6,11,7,12,14,63,96,109,159,205,177,134,81,68,87,53,10,6,4,8,2,6,10
8,10,11,14,13,33,62,117,145,192,258,244,164,113,103,102,61,14,7,5,10,6,1,5
9,6,11,18,17,38,103,127,138,202,263,240,178,113,97,71,13,9,9,7,10,4,6,9
3,1,9,13,38,62,109,140,181,215,249,248,154,104,42,16,14,16,11,10,14,10,8,9
9,8,13,11,35,69,113,151,210,243,260,239,168,119,45,39,18,14,12,13,9,0,6,4
0,0,0,2,51,86,114,138,187,211,217,210,164,130,101,14,22,12,10,11,11,11,6,0
0,4,0,6,13,102,104,129,152,172,198,195,156,132,105,50,16,13,12,13,9,0,5,13
10,4,10,10,8,17,101,112,134,148,164,174,147,129,106,47,16,7,11,14,9,12,13,8
0,0,0,5,2,13,56,100,112,136,139,145,140,120,104,45,36,11,9,11,7,0,12,10
0,1,1,0,0,9,51,62,103,121,138,146,122,110,78,51,60,14,12,8,5,8,6,11
0,5,0,7,0,4,42,75,86,87,110,111,90,88,56,46,70,56,20,18,10,9,11,5
0,0,0,4,0,0,13,54,67,97,105,77,61,52,36,40,44,44,41,12,10,11,11,4
4,3,5,10,8,12,20,43,56,69,80,72,53,46,34,41,49,47,51,14,8,2,9,11
0,0,1,7,8,7,13,45,59,103,104,60,53,50,35,56,60,54,41,28,14,0,10,2
4,0,0,0,4,3,13,50,63,85,60,55,50,31,52,63,78,106,55,25,11,8,4,4
0,0,0,0,0,3,13,51,69,76,58,52,27,13,56,87,75,94,64,14,12,0,9,2
0,0,0,0,0,0,13,51,63,66,53,41,12,13,50,75,82,52,14,10,8,3,10,8
0,0,0,0,0,11,26,52,57,63,51,14,8,17,34,55,53,14,13,5,0,0,3,0
0,9,7,3,0,12,52,56,72,56,51,14,19,50,38,40,51,13,11,3,6,5,0,0
0,0,0,3,12,13,52,60,69,56,50,27,30,42,47,56,50,12,11,10,5,0,2,0
3,2,0,2,7,13,57,59,62,57,49,30,31,51,56,56,50,10,9,9,0,0,2,0
0,0,0,2,5,26,59,59,74,54,26,34,40,52,54,51,14,11,9,0,0,0,6,0
3,1,2,4,11,15,55,80,66,59,35,19,34,51,58,22,13,7,0,0,0,0,6,0
6,9,0,0,9,12,32,58,60,12,7,9,11,42,30,13,3,5,9,3,0,0,4,9
0,5,0,1,6,3,34,53,51,13,9,8,2,12,14,7,0,4,10,0,4,6,2,0
3,0,5,10,7,2,12,52,30,9,8,0,13,14,12,5,5,11,0,4,5,0,7,5

0

7,6,8,3,2,7,3,3,7,11,9,9,9,12,19,12,0,14,24,14,7,1,10,2
10,6,8,12,12,13,9,7,11,13,20,50,50,37,41,32,12,32,61,52,33,12,3,6
7,3,8,6,7,11,12,13,14,11,14,13,46,45,40,40,26,13,8,13,57,27,13,5
4,7,10,9,8,8,15,8,9,0,1,5,7,21,21,12,10,20,8,9,52,50,12,5
0,0,1,3,3,5,3,0,0,4,11,57,111,121,120,95,60,9,9,9,31,51,34,11
8,8,4,7,9,7,6,10,38,39,72,109,204,375,321,202,146,96,47,10,12,25,36,8
10,9,11,9,6,4,8,13,50,63,86,131,179,209,194,166,118,109,63,40,11,23,78,55
0,0,0,0,10,14,32,51,54,75,111,140,152,146,139,133,105,103,102,92,75,73,57,76
1,4,5,4,12,14,12,12,55,82,114,144,163,164,140,124,126,108,107,87,77,84,91,112
0,3,8,7,5,2,6,37,57,78,121,173,179,176,137,75,72,74,71,68,69,71,82,89
0,10,11,8,8,6,13,45,68,100,148,175,183,175,138,87,58,54,51,43,40,34,44,18
0,0,8,0,7,5,14,58,93,124,158,162,159,169,140,113,71,51,34,23,23,10,14,9
0,8,11,3,7,9,14,60,98,133,155,172,172,158,136,107,68,41,32,22,20,0,10,11
0,9,9,4,10,2,13,91,93,126,151,164,157,142,123,104,72,47,12,10,5,0,0,0
5,7,8,4,2,8,12,64,62,74,119,144,134,124,110,86,56,15,2,11,1,0,0,0
12,10,1,2,0,10,14,60,64,70,96,119,122,106,69,59,53,30,1,0,0,10,1,0
5,0,9,10,13,14,48,60,59,78,107,99,111,67,56,53,51,14,1,0,0,4,2,6
7,21,17,23,28,38,42,51,78,117,150,136,97,78,53,55,41,21,9,9,9,12,8,8
3,6,11,7,12,14,62,96,109,159,206,178,134,81,68,87,53,10,6,4,8,2,6,10
8,10,11,14,13,34,62,117,145,192,260,247,165,113,103,102,58,14,7,5,10,6,1,5
9,6,10,18,17,38,103,127,138,202,264,242,179,113,97,71,13,8,9,7,10,4,5,9
3,1,9,13,38,62,109,140,181,215,250,249,155,105,43,16,14,16,11,10,14,10,8,9
9,8,13,11,35,69,113,150,210,243,261,239,168,119,45,39,19,14,12,13,9,0,6,4
0,0,0,2,50,85,114,138,187,210,217,210,164,130,101,14,22,12,10,11,11,11,6,0
0,4,0,6,13,102,104,129,152,173,198,195,157,132,105,51,18,13,12,13,9,0,5,13
10,4,10,10,8,16,101,112,134,148,164,174,147,129,106,48,18,7,11,14,9,12,13,8
0,0,0,5,2,13,55,100,112,136,139,145,140,120,104,45,36,11,9,11,7,0,12,10
0,1,1,0,0,9,50,62,103,121,139,146,122,110,78,51,60,16,12,8,5,8,6,10
0,5,0,7,0,4,42,76,86,87,110,111,90,88,56,47,71,57,21,19,10,9,11,5
0,0,0,4,0,0,13,54,67,97,105,77,61,52,36,40,44,44,41,12,10,11,11,4
4,3,5,10,8,12,20,43,56,69,80,71,53,47,34,42,49,47,51,14,8,2,10,11
0,0,1,7,8,7,13,45,59,103,104,60,53,50,35,56,60,54,41,28,14,0,10,2
4,0,0,0,4,3,13,50,63,85,60,56,50,32,52,63,78,107,55,25,11,8,4,4
0,0,0,0,0,3,13,51,69,75,58,52,27,13,56,87,75,94,64,14,12,1,9,2
0,0,0,0,0,0,13,51,63,66,53,41,12,13,50,74,82,53,14,10,8,3,10,8
0,0,0,0,0,11,25,53,57,63,51,14,8,18,35,55,53,14,12,5,0,0,3,0
0,9,7,3,0,12,52,56,72,56,51,14,18,49,38,40,51,13,11,3,6,5,0,0
0,0,0,3,12,13,52,60,69,56,50,28,30,42,47,56,50,12,11,10,5,0,2,0
3,2,0,2,7,13,58,59,62,57,50,30,31,51,56,56,50,10,9,9,0,0,2,0
0,0,0,2,5,26,59,59,74,54,27,34,40,52,54,51,14,11,9,0,0,0,6,0
3,1,2,4,11,15,55,80,66,59,34,21,33,51,58,22,13,7,0,0,0,0,6,0
6,9,0,0,9,12,31,58,60,12,7,10,11,42,30,13,4,5,9,3,0,0,4,9
0,5,0,1,6,3,34,53,51,13,9,8,2,12,14,7,0,4,10,0,4,6,2,0
3,0,5,10,7,2,12,52,30,9,8,0,13,14,12,5,5,11,0,4,5,0,7,5

0

6,6,7,3,2,7,3,3,7,10,9,9,9,12,19,12,0,14,25,14,7,1,10,2
10,5,7,12,12,13,9,7,11,13,18,50,50,37,43,32,12,32,62,51,33,12,3,6
7,3,7,6,7,10,12,13,14,11,14,13,45,47,41,39,26,13,8,13,57,29,13,5
4,7,10,9,8,8,15,7,9,0,1,5,8,20,21,12,10,20,8,9,52,50,12,5
0,0,1,3,3,5,3,0,0,4,11,56,111,120,119,95,60,9,9,9,31,51,34,11
8,8,4,7,9,7,6,10,38,39,72,109,203,374,320,201,145,96,46,10,12,25,37,8
10,9,11,9,6,4,8,13,50,62,86,131,179,209,193,166,118,109,63,40,11,23,78,55
0,0,0,0,10,14,32,51,54,75,111,141,152,146,139,132,105,103,102,92,75,73,57,76
1,4,5,4,12,14,12,12,56,83,116,146,164,165,140,124,126,108,107,87,77,84,91,113
0,3,8,7,5,2,7,37,57,78,123,175,180,177,137,75,71,74,71,68,69,71,82,89
0,10,11,8,8,6,11,47,68,100,149,177,184,176,138,87,58,54,51,44,41,35,44,18
0,0,7,0,7,4,14,58,92,124,158,163,159,169,140,113,71,51,34,23,23,10,14,10
0,8,11,3,6,9,13,60,97,133,155,172,173,158,136,107,67,41,31,22,20,0,10,11
0,9,8,4,10,2,13,90,92,126,151,164,158,143,123,104,72,47,12,10,5,0,0,0
5,7,8,4,2,8,12,64,62,73,119,144,134,124,110,85,56,14,2,11,1,0,0,0
12,10,1,2,0,10,13,59,64,70,96,120,122,106,69,59,53,27,0,0,0,10,1,0
5,0,9,10,13,14,48,60,59,78,107,99,111,67,56,53,51,14,1,0,0,4,2,6
7,21,17,24,28,38,42,51,78,117,151,137,97,78,53,55,40,20,9,9,9,12,8,8
3,6,11,7,12,14,63,96,109,159,207,178,135,81,68,86,52,9,6,4,8,2,6,10
8,10,11,14,13,33,62,117,145,192,260,249,166,113,103,102,57,14,7,5,10,6,1,5
9,6,10,18,17,38,103,127,138,202,264,242,180,113,98,71,13,8,9,7,10,4,6,9
3,1,9,13,38,61,109,140,182,216,250,249,155,105,43,16,14,16,11,10,14,10,8,9
9,8,13,12,35,69,113,151,210,243,261,239,168,119,45,39,19,14,12,13,9,0,6,4
0,0,0,2,51,85,114,138,188,211,217,210,164,130,101,14,22,12,10,11,11,11,6,0
0,4,0,6,13,102,104,129,152,173,198,195,157,132,105,52,19,13,12,13,9,0,5,13
10,4,10,10,8,16,101,112,134,148,164,174,147,129,106,48,18,7,10,14,9,12,13,8
0,0,0,5,2,13,56,100,112,137,139,145,140,120,104,45,37,11,9,11,7,0,12,10
0,1,1,0,0,9,51,62,103,121,139,146,122,110,79,51,60,15,12,8,5,8,6,10
0,5,0,7,0,4,43,76,86,87,110,111,90,88,56,47,71,57,21,19,10,9,11,6
0,0,0,4,0,0,13,54,67,97,105,77,61,52,36,40,45,44,41,12,10,11,11,4
4,3,5,10,8,12,21,43,56,69,80,72,53,47,35,41,50,47,51,14,8,2,9,11
0,0,1,7,8,7,13,45,59,103,104,60,53,50,35,56,60,54,41,28,14,0,10,2
4,0,0,0,4,3,13,50,63,85,60,56,50,32,52,63,78,106,55,25,11,8,4,4
0,0,0,0,0,3,13,51,69,75,58,52,27,13,56,87,75,93,64,14,12,1,9,2
0,0,0,0,0,0,13,51,63,66,53,42,12,13,50,75,82,53,14,10,8,3,10,8
0,0,0,0,0,11,26,53,57,63,50,14,8,18,34,55,53,14,13,4,0,0,3,0
0,9,7,3,0,12,52,56,72,56,51,14,19,49,38,40,51,13,11,3,6,5,0,0
0,0,0,3,12,13,52,60,69,56,50,28,30,41,47,56,50,12,11,10,5,0,2,0
3,2,0,2,7,13,58,59,62,56,49,30,31,51,56,56,50,10,9,9,0,0,2,0
0,0,0,2,5,27,59,59,74,54,27,33,38,52,54,51,14,11,9,0,0,0,6,0
3,1,3,4,11,15,55,80,67,59,34,21,33,51,58,22,13,7,0,0,0,0,6,0
6,9,0,0,9,12,31,58,61,12,7,9,11,42,30,13,4,5,9,3,0,0,4,9
0,5,0,1,6,3,34,53,51,13,9,8,2,12,14,7,0,4,10,0,4,6,2,0
3,0,5,10,7,2,12,52,30,9,8,0,13,14,12,5,5,11,0,4,5,0,7,5

0

7,6,7,3,2,7,3,3,7,11,9,9,9,12,19,12,0,14,22,14,7,1,10,2
10,5,7,12,12,13,9,7,11,13,20,50,50,37,44,32,12,33,62,52,35,12,3,6
7,2,7,6,7,10,12,13,13,11,14,12,43,46,40,38,26,13,8,13,57,29,13,5
4,7,10,9,8,8,15,7,9,0,2,5,8,21,22,12,10,20,8,9,52,50,12,5
0,0,1,3,3,5,3,0,0,4,11,56,111,120,119,95,60,9,9,9,31,51,34,11
8,8,4,6,9,7,6,10,38,39,72,109,203,374,320,201,145,96,47,10,12,25,37,8
10,9,10,9,6,4,8,13,50,63,86,131,180,208,193,166,118,109,63,40,11,23,78,55
0,0,0,0,10,14,32,51,54,75,112,142,152,145,138,132,105,103,102,92,75,73,57,77
0,4,5,4,12,14,12,12,56,83,116,146,165,164,140,123,125,107,107,87,78,84,91,113
0,3,8,6,5,2,7,37,57,79,123,176,181,178,137,74,71,74,70,68,69,71,82,89
0,10,11,7,7,6,11,46,68,100,149,178,185,176,137,86,58,54,51,44,40,34,44,18
0,0,7,0,7,4,14,58,92,124,159,164,160,169,140,112,70,51,34,23,24,11,14,10
0,8,10,2,6,9,13,60,97,133,155,172,173,158,136,107,67,41,31,22,20,0,10,11
0,9,8,4,10,2,12,90,92,126,151,164,158,142,123,104,72,47,12,10,5,0,0,0
5,7,7,4,2,8,12,64,62,74,119,144,134,124,110,86,56,14,2,11,1,0,0,0
12,10,1,2,0,10,14,60,64,70,96,120,122,106,69,59,53,28,0,0,0,10,1,0
5,0,9,10,13,14,48,60,59,78,107,99,111,67,56,53,51,14,1,0,0,4,2,6
7,21,17,23,28,38,42,51,78,117,150,136,96,78,53,55,40,20,9,9,9,12,8,8
3,6,11,7,12,14,63,96,109,159,206,178,134,81,67,86,52,9,6,4,8,2,6,10
8,10,11,14,13,33,62,117,145,192,260,247,165,113,103,102,58,14,7,5,10,6,1,5
8,6,10,18,17,38,103,127,138,203,264,242,180,113,97,72,13,8,9,7,10,4,6,9
4,1,9,13,39,61,109,140,182,216,250,249,155,105,43,16,14,16,11,10,14,10,8,9
9,8,13,11,35,69,113,151,211,244,261,240,168,119,45,39,19,14,12,13,9,0,6,4
0,0,0,2,50,86,114,138,188,211,218,210,164,130,101,14,23,12,10,11,11,11,6,0
0,4,0,6,13,102,104,129,152,173,199,195,157,132,105,52,19,13,12,13,9,0,5,13
10,4,10,10,8,16,101,112,134,148,164,174,147,129,106,50,18,7,10,14,9,12,13,8
0,0,0,5,3,14,56,100,112,137,139,145,140,120,104,45,36,11,9,11,7,0,12,10
0,1,1,0,0,9,50,62,103,121,139,146,123,110,78,52,60,15,12,8,5,8,6,11
0,5,0,7,0,4,45,76,86,87,110,111,90,88,56,46,72,57,21,18,10,9,11,5
0,0,0,4,0,0,13,54,67,97,105,77,61,52,36,40,45,44,41,12,10,12,11,4
4,3,5,10,8,12,20,43,56,69,80,72,53,47,35,42,49,47,51,14,8,2,10,11
0,0,1,7,8,7,13,45,59,103,104,60,53,50,35,56,60,54,41,28,14,0,10,2
4,0,0,0,4,3,13,50,63,85,60,55,50,31,52,63,78,106,55,25,11,8,4,4
0,0,0,0,0,3,13,51,69,76,58,52,28,13,56,87,75,93,64,14,12,1,9,2
0,0,0,0,0,0,13,51,63,66,53,42,12,13,50,75,82,52,14,10,8,3,10,8
0,0,0,0,0,11,26,53,57,63,51,14,8,17,34,55,53,14,13,4,0,0,3,0
0,9,7,3,0,12,52,56,72,56,51,14,18,48,38,39,51,13,11,3,6,5,0,0
0,0,0,3,12,13,52,60,69,56,50,28,30,42,47,56,50,12,11,10,5,0,2,0
3,2,0,2,7,13,58,59,62,57,49,30,31,51,56,56,50,11,9,9,0,0,2,0
0,0,0,2,5,27,60,59,74,54,27,34,39,52,54,51,14,11,9,0,0,0,6,0
2,1,2,4,11,15,55,80,67,59,35,20,33,51,57,23,13,7,0,0,0,0,6,0
6,9,0,0,9,12,32,58,60,12,7,9,11,42,30,13,4,5,9,3,0,0,4,9
0,5,0,1,6,3,34,53,51,13,9,8,2,12,14,8,0,4,10,0,4,6,2,0
3,0,5,10,7,2,12,52,31,10,8,0,13,14,12,5,5,11,0,4,5,0,7,5

0

6,6,7,3,2,7,3,3,7,10,9,9,9,12,19,12,0,14,24,14,7,1,10,2
10,5,7,12,12,13,9,7,11,13,20,50,50,37,43,32,12,32,62,52,33,12,3,6
7,2,7,6,7,10,12,13,14,11,14,12,45,47,41,38,26,13,8,13,57,27,13,5
4,7,10,9,8,8,15,7,9,0,2,5,8,22,22,12,10,20,8,9,52,50,12,5
0,0,1,3,3,5,3,0,0,4,11,56,111,120,119,94,60,9,9,9,31,51,34,11
8,8,4,6,9,7,6,10,38,39,72,109,202,374,319,201,145,96,46,10,12,26,36,8
10,8,10,9,6,4,8,13,50,63,86,131,179,209,194,166,118,109,63,41,11,24,78,55
0,0,0,0,10,13,32,51,54,75,111,141,152,146,139,133,105,103,102,92,75,73,57,77
0,4,5,4,12,14,11,12,56,83,115,145,164,164,140,124,126,108,107,87,77,84,91,113
0,3,7,6,5,1,7,37,57,78,122,173,179,176,136,74,71,74,71,68,69,71,82,90
0,10,11,6,7,6,11,46,68,99,147,175,183,175,137,87,58,54,51,43,40,36,44,19
0,0,7,0,6,4,14,59,92,124,157,162,159,169,140,113,71,51,34,24,24,11,14,10
0,8,10,2,6,9,14,60,98,133,156,171,172,158,136,107,67,41,32,22,20,0,10,11
0,8,8,3,10,2,13,92,94,127,152,164,157,143,123,104,72,50,12,10,5,0,0,0
5,7,8,3,1,8,12,65,63,75,120,145,134,125,111,87,57,17,3,11,1,0,0,0
12,10,1,2,0,10,14,60,65,71,96,120,122,106,70,59,54,31,1,0,0,10,1,0
5,0,9,10,13,14,49,60,60,78,107,100,111,67,56,53,51,15,1,0,0,3,2,6
7,21,17,23,28,38,42,52,79,118,150,136,97,79,54,56,41,23,9,9,9,12,8,8
3,6,11,7,12,14,63,97,110,158,203,177,135,81,68,88,53,10,6,4,8,2,6,10
8,10,11,14,13,35,62,117,145,191,254,241,163,113,103,103,62,14,7,5,10,6,1,5
8,6,10,18,17,39,103,128,138,202,261,237,176,113,98,75,13,8,9,7,10,4,6,9
4,1,9,13,39,62,109,141,182,216,249,247,153,105,44,17,14,16,11,10,14,10,8,9
9,8,13,11,36,70,113,152,212,244,260,239,167,119,46,39,19,14,12,13,9,0,6,4
0,0,0,3,51,85,115,139,188,211,218,209,163,129,101,14,23,12,10,11,11,11,6,0
0,4,0,6,14,102,104,129,153,173,198,195,156,132,105,52,17,13,12,13,9,0,5,13
10,4,10,10,8,17,101,112,134,148,164,173,147,129,106,48,17,7,11,14,9,12,13,8
0,0,0,5,3,14,57,100,112,137,139,145,140,120,104,46,36,11,9,11,7,0,12,10
0,1,1,0,0,9,51,62,103,121,139,146,122,110,79,51,60,14,11,8,5,8,6,11
0,5,0,7,0,4,45,76,86,87,110,111,90,88,56,46,70,56,20,18,10,9,11,6
0,0,0,4,0,0,13,54,67,97,105,77,61,52,36,40,44,44,41,12,10,12,11,4
4,3,5,10,8,12,21,43,56,69,80,71,53,47,34,42,50,47,50,14,8,2,10,11
0,0,2,7,8,7,13,45,60,103,104,60,53,50,33,56,61,54,41,28,14,0,10,2
4,0,0,0,4,3,13,50,63,85,60,56,50,31,52,63,78,106,55,25,11,8,4,4
0,0,0,0,0,3,13,51,70,76,58,52,28,13,56,86,75,92,64,14,12,1,9,2
0,0,0,0,0,0,13,51,63,66,54,42,12,13,50,74,82,52,14,10,8,3,10,8
0,0,0,0,0,11,26,53,57,63,51,14,8,18,35,55,53,14,13,4,0,0,4,0
0,9,7,3,0,12,52,56,72,56,51,14,19,50,38,40,51,13,11,3,6,5,0,0
0,0,0,3,12,13,52,60,69,56,50,28,31,42,47,56,50,12,11,10,5,0,2,0
3,2,0,2,7,13,58,59,62,57,49,30,31,51,56,56,50,11,9,9,0,0,2,0
0,0,0,2,5,29,60,59,74,54,27,34,40,52,54,51,14,11,9,0,0,0,6,0
3,1,3,4,11,15,55,80,67,59,35,22,36,51,58,23,13,7,0,0,0,0,6,0
6,9,0,0,9,12,32,58,61,12,7,10,11,43,31,13,4,5,9,3,0,0,4,9
0,5,0,1,6,3,38,53,51,14,9,8,2,12,14,8,0,4,10,0,4,6,2,0
3,0,5,10,7,2,12,52,32,10,8,0,13,14,13,5,5,11,0,4,5,0,7,5

2

6,6,7,3,2,7,3,3,7,10,9,9,9,12,19,12,0,14,24,14,7,1,10,2
10,5,7,12,12,13,9,7,11,13,22,50,50,38,43,32,12,32,61,52,35,12,3,6
7,2,7,6,7,10,12,13,14,11,14,13,45,46,40,39,26,13,8,13,57,27,13,5
4,7,10,8,8,8,15,7,9,0,2,5,8,21,22,12,10,20,8,9,52,50,12,5
0,0,1,3,3,5,2,0,0,4,11,56,111,119,119,94,60,9,9,9,30,51,34,11
8,8,4,6,9,6,6,10,38,39,72,109,202,372,319,201,145,96,46,10,12,26,36,8
10,8,10,9,6,4,8,13,50,62,86,131,179,209,194,167,118,109,63,40,11,23,78,55
0,0,0,0,10,13,31,51,54,75,111,141,152,147,140,133,106,103,102,92,75,73,58,77
0,4,5,4,12,14,12,12,56,82,114,144,163,164,140,124,126,108,107,87,78,84,91,113
0,3,7,6,5,1,7,37,57,78,121,173,178,176,136,75,71,74,71,68,69,71,82,90
0,10,11,5,7,6,11,47,68,99,146,174,182,174,137,86,58,54,51,44,40,35,44,19
0,0,7,0,6,4,14,59,92,124,156,161,158,168,140,112,71,51,34,24,25,11,14,10
0,7,10,2,6,9,14,60,98,133,155,171,171,158,136,107,68,41,32,22,20,0,10,11
0,8,8,3,10,2,13,92,94,127,152,164,157,143,123,104,72,50,12,10,5,0,0,0
5,7,7,3,1,8,12,65,63,75,120,145,134,125,111,87,57,19,3,11,1,0,0,0
12,10,1,2,0,10,14,61,65,71,97,120,123,107,70,59,54,34,2,0,0,10,1,0
5,0,9,10,13,14,50,61,60,79,107,101,112,68,57,54,52,20,1,0,0,3,2,6
7,21,17,24,28,38,42,52,79,118,150,137,98,80,54,56,42,25,9,9,9,12,8,8
3,6,11,7,12,14,64,97,110,158,202,176,135,82,68,89,55,11,6,4,8,2,6,10
8,10,11,14,13,35,63,118,145,192,252,238,162,114,103,103,68,14,7,5,10,6,1,5
8,6,10,18,17,39,103,128,138,201,260,236,175,113,99,77,14,8,9,7,10,4,5,9
3,1,9,13,39,63,110,141,182,215,249,246,152,105,44,17,14,16,11,10,14,10,8,9
9,8,13,12,36,70,113,152,212,243,260,238,167,119,46,39,19,14,12,13,9,0,6,4
0,0,0,3,51,86,115,139,189,211,217,209,163,129,101,14,23,12,10,11,11,11,6,0
0,4,0,6,14,102,104,129,153,173,198,195,156,132,105,52,18,13,12,13,9,0,5,13
10,4,10,10,8,19,101,113,134,148,164,173,147,129,106,48,20,7,10,14,9,12,13,8
0,0,0,5,3,14,56,100,112,137,139,145,140,120,104,45,36,11,9,11,7,0,12,10
0,1,1,0,0,9,51,62,103,121,139,146,122,110,78,51,58,14,11,8,5,8,6,11
0,5,0,7,0,4,45,76,86,87,110,111,90,88,55,46,71,55,20,19,10,9,11,6
0,0,0,4,0,0,13,54,67,97,105,77,61,52,36,40,44,44,41,12,10,12,11,4
4,3,5,10,8,12,21,43,56,69,80,71,53,47,34,41,50,47,51,14,8,2,10,11
0,0,1,7,8,7,13,46,60,103,104,60,53,50,36,56,60,54,41,28,14,0,10,2
4,0,0,0,4,3,13,50,63,85,60,55,50,32,52,63,78,106,55,25,11,8,4,4
0,0,0,0,0,3,13,51,70,76,58,52,28,13,56,86,75,92,63,14,12,1,9,2
0,0,0,0,0,0,13,51,63,66,54,42,12,13,50,74,82,52,14,10,8,3,10,8
0,0,0,0,0,11,26,53,57,63,51,14,8,19,35,55,53,14,12,5,0,0,3,0
0,9,7,3,0,12,52,56,72,56,51,14,18,50,38,40,51,13,11,3,5,4,0,0
0,0,0,3,12,13,52,60,70,56,50,29,31,42,47,56,50,12,11,10,5,0,2,0
3,2,0,2,7,13,58,59,62,57,50,30,31,51,56,56,50,11,9,9,0,0,2,0
0,0,0,2,5,30,60,60,74,54,27,34,40,52,54,51,14,11,9,0,0,0,6,0
3,1,2,4,11,15,55,80,67,59,35,20,36,51,58,23,13,7,0,0,0,0,6,0
6,9,0,0,9,12,32,58,61,12,7,10,11,42,30,13,4,5,9,3,0,0,4,9
0,5,0,1,6,3,38,53,52,13,9,8,2,12,14,8,0,4,10,0,4,6,2,0
3,0,5,10,7,2,12,52,30,10,8,0,13,14,13,5,5,11,0,4,5,0,7,5

2

6,6,7,3,2,7,3,3,8,10,9,9,9,12,19,12,0,14,24,14,7,1,10,2
10,5,7,12,12,13,9,7,11,13,22,50,50,37,43,32,12,32,61,51,35,12,3,6
7,2,7,5,7,10,12,13,14,11,14,13,45,47,40,38,26,13,8,13,57,29,13,5
4,6,10,8,8,8,15,7,9,0,1,5,8,20,21,12,10,20,8,9,52,51,12,5
0,0,1,3,3,5,2,0,0,4,11,56,111,119,119,94,60,9,9,9,31,51,35,11
8,8,4,6,9,6,6,10,38,39,72,109,202,372,318,201,145,96,47,10,12,26,37,8
10,8,10,9,6,4,8,13,51,63,86,131,179,209,194,167,118,109,63,40,11,24,78,55
0,0,0,0,10,13,31,52,54,75,111,141,153,146,140,133,106,103,102,92,75,73,58,77
0,4,4,4,12,14,12,12,56,83,115,144,164,164,140,124,126,108,107,87,78,85,92,114
0,3,7,6,5,1,7,37,57,78,121,174,179,176,136,75,71,74,71,68,69,71,82,90
0,10,11,5,6,6,11,48,68,99,147,175,182,175,137,86,58,54,51,44,41,35,44,19
0,0,7,0,5,4,14,58,92,124,157,162,158,168,139,112,71,51,34,24,25,11,14,10
0,8,10,2,6,9,14,60,98,133,155,171,172,158,136,107,67,42,32,22,20,0,10,11
0,8,8,3,10,2,13,92,94,127,152,164,158,142,123,104,72,48,12,10,5,0,0,0
5,7,7,3,1,8,12,65,63,75,120,145,134,124,110,86,56,17,3,11,1,0,0,0
12,10,1,2,0,10,14,60,64,71,96,120,122,106,69,59,53,32,1,0,0,10,1,0
5,0,9,10,13,14,50,61,60,79,107,100,111,67,57,53,51,18,1,0,0,4,2,6
7,21,17,24,28,38,42,52,79,118,150,136,97,79,54,56,42,24,9,9,9,12,8,8
3,6,11,7,12,14,63,97,110,158,204,177,135,82,68,89,55,11,6,4,8,2,6,10
8,10,11,14,13,35,63,117,145,192,255,242,164,114,103,103,69,14,7,5,10,6,1,5
9,6,11,18,17,39,104,128,138,202,262,238,177,113,100,76,14,8,9,7,10,4,5,9
4,1,9,13,39,63,110,141,183,216,250,248,153,105,44,17,14,16,11,10,14,10,8,9
9,8,13,12,36,71,113,153,214,245,262,239,167,119,46,40,19,14,12,13,9,0,6,4
0,0,0,3,51,86,115,139,190,212,218,209,163,129,101,14,23,12,10,11,11,11,6,0
0,4,0,6,14,102,104,129,154,174,199,195,157,132,105,54,19,13,12,13,9,0,5,13
10,4,10,10,8,19,101,113,134,148,165,174,147,129,106,51,18,7,11,14,9,12,13,8
0,0,0,5,3,14,56,100,112,137,139,145,140,120,104,45,35,11,9,11,7,0,12,10
0,1,1,0,0,9,51,62,103,121,138,146,122,110,78,51,60,14,11,8,5,8,6,11
0,5,0,7,0,4,46,76,86,87,110,111,90,89,56,47,72,55,20,18,10,9,11,6
0,0,0,4,0,0,13,54,67,97,105,77,61,52,36,40,44,43,41,12,10,12,11,4
4,3,5,10,8,12,21,43,56,70,80,71,53,47,34,41,49,47,50,14,8,2,10,11
0,0,1,7,8,7,13,47,60,103,104,60,53,50,36,56,60,54,40,28,14,0,10,2
4,0,0,0,4,3,13,51,63,85,60,56,50,32,52,63,78,105,55,25,11,8,4,4
0,0,0,0,0,3,13,52,70,76,58,52,28,13,56,86,74,91,63,14,12,0,9,2
0,0,0,0,0,0,13,51,63,66,53,42,12,13,50,74,82,52,14,10,8,3,10,8
0,0,0,0,0,11,26,53,57,63,51,14,8,18,35,55,53,14,12,4,0,0,3,0
0,9,7,3,0,12,52,57,72,56,51,14,18,49,38,39,51,13,10,3,5,4,0,0
0,0,0,3,12,13,52,60,70,56,50,28,30,41,47,56,50,12,11,10,5,0,2,0
3,3,0,2,7,13,58,60,62,57,50,30,32,51,56,56,50,10,9,9,0,0,2,0
0,0,0,2,5,30,60,60,74,54,27,34,40,52,54,51,14,11,9,0,0,0,6,0
3,1,3,4,11,17,55,80,67,59,35,22,34,51,58,22,13,7,0,0,0,0,6,0
6,9,0,0,9,12,32,58,61,12,7,10,11,43,30,13,4,5,9,3,0,0,5,9
0,5,0,1,6,3,39,53,51,13,9,8,2,12,15,8,0,4,10,0,4,6,2,0
3,0,5,10,7,3,12,52,30,10,8,0,14,14,13,5,5,11,0,4,5,0,7,5

2

6,6,7,3,2,7,3,3,8,11,9,9,9,12,19,12,0,14,22,14,7,1,10,2
10,5,7,12,12,13,9,7,11,13,21,50,50,37,43,32,12,31,61,51,33,12,3,6
7,2,7,5,7,10,12,13,13,11,14,12,43,47,40,38,26,13,8,12,56,25,13,5
4,6,10,8,8,8,15,7,9,0,1,5,7,21,21,12,10,19,7,9,52,51,12,5
0,0,1,3,3,5,3,0,0,4,11,56,110,117,117,92,59,9,9,9,31,51,35,12
8,8,4,6,9,6,6,10,38,39,72,109,202,372,325,204,144,95,45,10,12,27,37,9
10,8,10,9,6,3,8,13,50,62,85,129,175,207,197,171,120,110,63,41,11,24,80,56
0,0,0,0,10,13,31,51,54,75,110,139,152,147,141,134,106,103,103,94,76,74,60,80
0,4,4,4,11,14,11,12,56,82,114,143,164,164,140,124,126,108,108,89,80,87,96,122
0,3,7,6,5,1,7,36,56,76,119,175,180,175,135,74,71,74,71,69,70,74,86,96
0,10,11,5,7,6,9,39,66,96,146,177,183,173,134,85,58,54,51,45,41,38,49,27
0,0,7,0,5,4,13,57,88,121,157,163,158,166,137,111,70,51,34,25,25,11,16,11
0,8,10,2,6,8,13,58,93,132,154,171,171,155,134,106,66,41,32,24,20,0,12,12
0,8,8,3,9,2,11,84,89,125,150,163,158,142,122,104,69,44,13,10,6,0,0,0
5,7,7,3,2,8,12,62,61,73,119,146,135,125,109,81,53,14,4,11,0,0,0,0
11,9,1,3,0,10,13,59,64,70,97,121,122,106,68,58,52,29,1,0,0,9,1,0
5,0,9,10,13,14,48,60,60,79,108,100,111,67,56,53,50,14,1,0,0,3,2,6
8,21,17,23,28,38,42,51,79,118,151,137,97,78,53,55,40,17,10,8,8,12,9,9
3,6,11,7,12,17,63,97,110,158,202,179,136,81,67,86,52,9,7,4,8,1,6,10
8,10,11,14,14,37,63,118,145,192,249,235,163,113,102,102,52,13,7,5,10,6,1,6
8,7,12,19,18,41,104,128,139,210,276,245,174,112,90,64,13,8,9,7,10,4,6,9
4,2,9,13,41,65,111,142,188,230,284,279,152,101,37,14,14,18,11,10,14,10,8,9
8,8,13,12,38,74,114,154,219,264,290,262,168,115,39,36,19,14,12,13,10,0,7,4
0,0,0,4,53,91,116,140,192,220,228,221,166,127,100,13,22,12,10,11,11,11,6,0
0,4,0,7,14,102,105,130,156,177,201,197,160,132,104,41,17,13,13,13,9,0,5,13
10,4,10,10,8,23,101,113,136,149,163,174,150,129,104,32,16,7,11,14,9,12,13,8
0,0,0,5,3,14,57,100,113,137,138,146,142,120,102,38,37,11,9,11,7,0,12,10
0,1,1,0,0,9,53,63,104,121,137,148,125,110,70,48,48,12,10,9,5,8,6,11
0,4,0,7,1,4,47,78,89,88,109,113,93,88,52,43,64,43,14,17,9,9,12,6
0,0,0,4,0,0,13,55,69,99,105,79,63,50,37,39,43,44,43,12,10,10,11,3
4,1,5,10,8,13,22,45,58,71,80,73,53,43,33,39,50,49,55,14,7,0,6,11
0,0,2,8,8,7,13,50,62,104,104,61,52,50,28,54,62,61,57,33,13,0,10,1
3,0,0,0,4,5,14,52,66,89,60,55,50,45,48,59,89,104,112,77,13,9,4,4
0,0,0,0,0,4,12,54,79,82,59,52,26,26,31,66,64,75,71,55,11,2,9,1
0,0,0,0,0,0,10,54,77,71,54,38,13,13,20,40,58,46,12,12,4,7,11,7
0,0,0,0,0,6,37,57,66,69,51,14,8,13,23,41,33,12,11,8,0,0,4,0
0,9,8,2,0,13,56,63,89,60,52,15,15,32,19,22,22,12,11,6,4,3,0,0
0,0,0,4,13,14,61,70,84,61,51,24,22,29,15,27,14,10,10,8,5,0,1,0
3,3,0,1,9,34,65,70,74,61,50,27,27,23,19,30,17,9,10,10,0,0,5,0
0,0,0,1,8,51,69,69,90,58,28,34,18,11,11,13,12,10,10,2,1,2,8,0
3,2,3,6,12,42,60,107,79,64,45,29,19,14,8,11,10,6,0,0,0,0,7,0
6,9,0,1,8,14,45,73,68,14,9,10,9,9,11,12,4,8,10,7,0,0,5,9
0,1,0,0,6,9,56,58,55,15,10,7,3,8,1,1,5,10,9,0,3,7,3,1
2,0,2,9,8,10,50,63,51,11,7,0,12,11,3,0,7,12,5,6,6,0,8,6

2

7,6,7,3,2,7,3,3,8,11,9,9,10,12,17,12,0,12,17,14,6,0,10,1
11,6,7,12,12,13,9,8,11,13,21,50,50,40,40,31,12,13,55,39,14,11,4,8
6,0,8,6,7,10,12,13,14,12,14,13,52,48,38,35,23,12,9,8,52,14,13,7
3,6,10,9,8,8,14,8,9,0,2,5,8,17,15,11,8,9,3,8,53,51,13,8
0,0,1,2,3,5,2,0,0,6,11,54,101,93,85,63,35,5,6,8,37,53,39,13
9,9,5,7,9,8,7,11,40,42,76,116,212,350,301,190,128,76,20,2,13,51,43,12
10,9,11,10,6,4,7,12,51,63,85,125,169,205,219,198,137,119,65,23,11,35,94,53
0,0,0,0,10,13,14,50,53,73,101,126,138,139,138,138,117,114,116,102,79,87,84,94
0,3,3,3,7,9,4,8,54,81,113,134,141,148,130,122,134,127,136,125,102,114,133,175
0,5,8,7,4,0,6,34,56,77,109,152,161,153,118,70,73,84,96,121,126,133,167,225
0,11,12,8,10,8,7,18,65,85,123,150,158,146,110,71,55,51,52,51,54,62,79,83
0,0,7,0,8,10,12,55,81,107,139,142,139,141,109,84,52,28,33,28,27,14,35,18
1,8,9,7,0,10,13,54,87,112,141,147,144,133,112,83,38,29,31,26,28,2,24,18
0,9,8,8,7,10,12,61,75,107,140,140,135,124,106,85,44,17,14,11,10,0,0,0
4,6,7,3,1,10,13,50,56,66,109,129,128,115,101,44,29,10,7,12,0,0,0,0
11,9,2,6,0,8,14,57,61,70,98,120,121,101,54,46,15,25,4,0,0,6,0,0
4,0,7,11,8,12,41,59,63,94,122,113,110,61,50,28,25,10,3,0,0,6,7,8
7,20,19,22,30,39,44,58,101,159,186,153,97,62,40,37,30,10,11,9,10,13,10,10
0,5,10,8,14,55,87,112,131,196,228,186,138,68,53,43,11,9,10,7,8,2,7,10
7,10,11,29,56,100,95,150,189,214,244,209,148,101,59,14,12,14,9,7,11,7,2,6
7,5,14,33,38,62,130,161,170,215,264,221,139,101,30,22,13,9,10,9,11,5,7,10
2,1,13,52,80,108,133,186,217,235,261,241,128,43,22,14,23,18,12,10,13,11,9,10
6,10,14,38,97,109,133,190,248,271,266,216,132,90,30,26,22,13,10,12,10,0,9,4
0,0,0,33,81,104,127,150,205,219,203,183,135,108,56,12,14,10,9,12,12,10,7,1
0,0,0,11,54,107,110,137,162,172,185,175,138,112,80,28,19,13,12,13,9,0,4,13
7,3,7,10,11,58,104,116,138,146,151,157,133,113,65,12,12,6,13,14,9,13,14,9
0,0,0,3,9,14,59,101,114,133,131,134,127,108,73,21,38,12,12,12,7,0,13,10
0,1,1,0,6,10,68,65,104,116,130,136,111,101,57,31,43,12,10,10,6,9,10,11
0,3,0,0,8,8,58,89,91,80,104,102,77,67,34,22,41,16,12,20,12,10,13,7
0,0,3,0,2,6,51,60,75,90,100,69,56,43,33,34,33,23,25,14,12,13,11,6
5,2,5,11,11,13,38,50,61,67,70,62,48,35,24,14,23,28,13,13,12,11,13,13
0,0,4,9,11,10,23,56,66,101,100,55,50,27,12,14,14,14,21,22,15,3,0,3
0,0,0,0,8,12,32,61,75,87,51,49,13,12,8,15,13,12,13,11,7,4,0,4
0,0,0,0,3,12,32,61,92,80,51,18,10,5,10,22,17,14,12,10,2,0,8,2
0,0,0,0,0,7,30,66,98,73,39,14,8,7,13,14,11,9,3,0,9,0,8,6
0,0,0,0,0,13,54,69,82,69,41,6,9,12,12,11,15,9,4,0,0,0,3,0
0,8,9,3,0,32,68,78,104,59,50,13,14,13,14,14,11,7,10,9,5,4,0,0
0,0,0,3,14,50,82,80,94,59,40,14,14,16,12,13,11,6,8,7,7,0,2,0
1,0,0,1,11,52,79,79,80,58,44,23,23,14,13,14,13,6,8,9,0,0,5,0
0,0,0,3,12,54,79,79,97,54,26,30,14,11,12,11,11,10,10,4,0,4,6,0
3,3,3,9,14,50,64,117,78,57,40,27,20,14,8,10,10,7,1,0,0,0,7,0
6,4,0,4,12,42,51,82,66,12,8,9,8,6,10,11,7,10,10,8,0,0,6,9
0,0,0,0,9,14,64,60,53,14,9,7,3,7,0,0,4,8,8,1,3,8,3,2
1,0,0,9,7,13,59,63,29,11,7,0,10,10,0,0,5,12,5,6,7,0,8,6

2

5,5,7,3,1,3,0,0,8,11,11,13,14,13,27,14,4,10,7,7,1,0,10,4
9,4,6,12,12,10,6,5,12,14,43,54,52,51,53,36,24,13,10,14,13,4,1,7
6,0,6,3,6,8,12,13,29,11,29,43,66,66,51,50,28,41,21,10,9,0,11,8
3,6,8,7,9,5,12,7,7,2,5,10,14,54,51,16,10,23,18,6,4,3,8,10
0,0,0,2,0,4,2,4,0,21,61,76,123,128,102,63,34,9,20,17,7,11,11,12
7,6,3,5,8,7,9,32,55,72,132,236,443,551,423,209,111,55,14,23,10,1,6,14
10,8,9,7,6,2,12,35,61,92,152,243,310,354,342,265,147,108,52,14,5,0,5,15
0,0,0,1,8,14,37,59,62,104,139,168,185,196,207,194,149,130,117,81,55,51,22,49
0,0,5,5,10,19,11,12,65,104,138,164,175,184,160,164,180,167,164,142,86,63,55,82
0,4,8,4,2,0,9,50,63,90,131,174,177,171,125,81,105,128,160,190,178,147,136,132
0,1,5,0,0,8,13,54,67,94,127,143,155,143,102,56,53,56,67,84,100,131,155,134
0,0,8,5,11,11,14,55,74,108,135,135,125,122,93,37,0,20,11,13,39,48,55,44
0,7,11,12,4,10,22,51,70,109,126,127,128,113,101,64,5,12,25,14,11,19,12,14
2,10,13,7,10,13,29,62,69,98,118,117,117,107,101,75,12,1,7,11,0,0,10,1
0,6,8,8,14,12,12,48,54,56,74,97,107,102,90,49,13,0,0,3,2,4,0,3
2,5,7,9,11,13,14,48,55,56,65,74,101,84,57,56,11,4,0,0,0,6,4,1
11,11,9,13,14,21,39,51,53,58,69,70,91,59,52,51,12,11,4,0,2,7,0,1
11,24,25,27,33,34,38,43,54,72,101,87,78,61,47,51,33,12,11,11,13,12,13,12
4,9,12,11,13,22,50,65,69,110,127,128,111,68,61,78,29,1,0,8,12,8,10,11
8,11,12,10,13,20,53,103,113,121,134,141,122,98,92,102,12,11,2,3,11,10,1,6
10,11,13,15,25,21,72,96,94,125,160,145,120,103,100,101,38,9,11,11,11,7,8,10
5,4,9,9,42,34,54,96,119,142,154,141,104,76,49,47,22,7,9,9,13,10,9,8
0,0,12,2,22,29,59,102,115,134,149,141,111,86,44,45,10,6,10,12,6,0,9,3
2,0,1,0,5,30,81,105,120,128,133,133,116,101,60,14,14,11,9,11,12,13,11,1
0,0,5,8,12,17,44,104,109,116,117,114,108,100,82,56,16,9,11,14,10,2,9,14
4,10,12,14,31,26,91,101,103,106,110,105,103,65,56,14,8,2,11,13,9,10,6,10
0,7,12,13,15,50,52,64,86,103,100,75,76,66,54,9,10,30,12,12,10,11,9,11
0,8,13,22,59,103,100,56,83,74,99,71,57,45,11,30,32,7,7,8,1,8,6,12
0,8,17,43,86,106,82,90,60,51,57,52,12,8,17,7,10,23,23,14,12,12,10,4
4,10,17,51,104,100,78,56,56,46,24,28,31,20,27,32,31,23,13,13,12,12,5,11
10,9,24,90,502,471,110,53,49,48,39,35,30,29,27,23,27,23,14,14,13,12,0,4
1,7,50,244,719,735,144,72,59,58,22,22,23,23,17,14,14,13,14,21,13,5,8,4
8,0,67,139,217,157,72,67,57,54,31,14,23,23,14,16,14,13,10,8,5,8,1,7
0,0,77,99,67,60,52,55,51,40,30,18,13,10,10,14,12,11,11,10,9,3,4,1
0,0,91,92,66,34,54,46,37,24,23,17,12,11,15,16,0,0,5,10,9,0,6,8
0,0,44,71,62,46,46,44,27,34,13,13,8,14,17,13,15,10,11,2,0,0,0,0
0,0,10,12,12,31,19,22,23,14,14,13,13,13,10,14,14,12,9,11,6,7,0,5
0,0,0,5,10,15,14,11,15,18,14,15,14,22,14,8,6,12,12,8,8,0,2,0
0,0,6,10,10,12,19,4,14,14,14,21,25,14,16,17,9,0,9,8,1,1,0,0
0,0,2,9,9,9,14,25,3,20,20,28,13,14,14,12,15,15,5,1,8,4,9,3
0,0,7,10,10,11,12,14,13,8,13,16,17,14,12,13,12,12,10,0,0,0,2,2
0,0,4,9,11,13,14,14,10,0,0,8,8,12,13,5,9,8,9,10,0,0,0,8
0,0,4,3,10,7,3,12,14,9,9,10,0,9,11,11,5,11,11,2,12,11,9,0
0,0,1,9,11,7,9,12,11,9,8,0,12,10,3,3,8,7,3,10,5,0,9,7

2

4,8,9,4,3,6,2,0,8,12,12,12,12,12,21,12,0,9,8,3,6,6,12,6
9,7,9,13,13,12,10,10,14,14,46,53,51,37,30,29,13,10,7,12,13,6,9,11
0,0,7,6,8,13,12,16,30,14,24,40,55,55,30,14,19,21,8,11,8,2,13,11
2,8,7,6,8,4,24,12,39,8,8,14,14,12,15,11,7,9,12,6,10,11,10,11
0,0,1,0,0,9,10,4,0,7,51,85,107,75,77,67,42,10,16,14,12,14,13,10
0,0,4,8,13,19,21,36,43,56,126,172,189,188,150,85,85,52,16,14,11,7,11,9
4,5,5,13,14,52,56,65,69,85,140,193,202,183,138,121,84,75,43,13,6,0,7,9
0,0,0,48,58,65,73,83,79,98,122,140,139,127,115,119,91,86,73,58,13,38,17,11
0,0,9,56,62,68,71,78,102,106,123,144,146,135,115,109,104,97,94,76,57,20,10,39
0,15,30,51,57,72,93,102,117,121,156,184,167,149,114,80,66,70,69,78,68,56,23,31
8,39,34,38,55,79,101,125,138,168,205,223,199,162,110,69,50,51,38,51,56,56,61,14
21,52,14,14,75,74,100,143,168,181,213,207,192,167,112,78,54,32,19,14,17,15,46,26
52,54,10,11,100,101,109,136,159,183,196,196,192,151,114,69,34,14,6,1,5,0,7,10
73,60,6,0,71,80,101,123,124,141,160,167,156,138,113,82,14,11,0,9,2,3,10,6
121,12,1,2,54,53,63,106,67,63,92,126,127,119,106,55,11,0,0,6,12,5,10,15
12,0,3,9,66,63,58,78,66,55,64,101,122,113,75,57,36,10,0,1,3,9,5,2
3,9,0,11,71,74,100,75,55,54,66,100,121,84,68,55,40,10,2,5,0,3,1,0
3,12,9,31,50,60,66,62,54,75,135,150,142,127,93,68,39,19,12,13,8,5,7,4
0,2,10,32,78,102,116,124,107,137,181,181,177,120,106,106,54,22,11,12,12,6,5,7
0,2,14,64,78,107,119,175,195,200,227,237,223,192,163,139,105,28,12,10,12,9,0,4
0,6,30,44,57,86,148,185,176,190,254,243,212,178,152,138,103,14,10,14,9,0,3,9
0,0,14,56,92,109,139,178,209,202,259,239,204,174,135,121,81,22,14,7,11,13,12,10
0,0,13,36,81,98,114,145,171,158,230,217,181,154,122,110,79,11,7,14,8,0,6,3
0,0,0,13,28,101,102,111,112,120,149,168,159,138,116,106,51,10,5,0,6,9,9,2
0,0,4,13,12,12,14,69,10,87,104,116,123,117,107,91,27,6,4,5,4,2,4,12
3,0,10,13,13,13,38,5,48,6,8,72,100,100,98,47,4,0,8,10,3,7,24,7
0,6,4,12,12,48,17,25,10,6,8,44,11,24,8,5,7,12,12,13,8,4,7,9
0,1,9,13,40,100,100,24,43,11,22,47,12,27,3,13,5,0,6,9,10,11,12,11
4,9,7,14,54,102,86,61,33,14,39,13,8,14,11,10,12,12,16,10,13,10,13,8
8,6,11,14,67,82,65,34,14,13,11,15,14,4,15,27,26,12,14,12,11,13,10,9
12,12,14,52,133,188,104,37,21,34,23,17,14,18,26,19,19,18,13,12,12,10,20,12
0,4,10,88,345,484,152,33,12,21,10,7,10,5,11,12,9,10,10,16,11,4,10,5
7,0,10,75,130,144,69,53,45,16,10,7,11,2,7,12,10,11,9,11,5,0,0,4
0,0,46,71,65,65,24,28,15,12,10,9,9,9,11,16,12,11,10,8,8,5,1,5
0,0,61,74,69,61,12,14,13,12,12,11,9,9,13,13,10,2,7,7,10,3,8,6
0,0,18,87,91,34,13,13,8,13,7,8,4,13,14,12,14,10,10,6,4,2,0,0
0,3,11,34,26,22,7,13,13,9,11,11,11,12,10,13,13,9,9,12,7,7,0,4
0,0,5,5,10,13,6,6,14,13,13,13,12,14,13,11,8,11,8,8,8,0,2,1
0,0,4,10,8,11,5,0,11,14,12,14,22,13,14,13,11,5,10,6,2,0,3,0
0,0,0,6,6,4,12,14,0,14,16,21,12,13,13,10,13,13,6,3,7,4,8,4
0,0,1,7,7,7,10,12,11,6,11,13,14,13,10,13,11,10,8,2,0,0,3,1
1,4,1,7,9,7,13,13,0,0,0,6,9,11,13,8,6,6,9,10,0,0,0,9
0,3,2,3,9,8,0,1,11,3,12,8,0,8,8,9,3,10,11,2,10,10,9,1
3,0,4,7,8,4,8,8,8,8,5,0,10,10,4,3,8,8,3,9,6,0,8,7

2

7,7,9,4,4,9,6,5,11,10,8,10,9,11,15,11,0,10,9,5,7,8,13,7
11,8,8,11,13,12,11,9,13,14,14,41,29,13,14,26,11,10,8,13,13,8,12,12
6,4,10,8,10,11,12,13,13,11,13,21,14,15,14,13,15,14,10,14,13,4,13,12
3,10,11,11,10,12,26,12,11,9,5,9,7,8,9,8,6,10,13,3,9,10,11,11
0,0,2,9,7,11,8,4,0,0,0,12,52,52,45,43,13,10,8,13,11,13,12,10
0,0,5,9,14,14,14,26,36,45,56,51,58,55,36,33,40,21,11,5,11,2,5,7
10,9,11,12,12,15,19,53,57,58,59,55,14,60,13,12,48,25,14,12,9,3,4,7
0,0,4,10,23,53,58,72,67,66,80,83,57,57,14,13,6,11,9,7,8,12,13,11
0,0,1,14,51,56,58,68,79,91,107,128,109,69,5,36,13,13,52,12,10,9,11,11
4,8,14,51,52,58,59,66,88,100,147,194,179,136,85,66,60,59,53,8,10,10,8,16
10,19,43,51,51,43,53,63,92,113,150,198,195,148,110,92,82,71,65,35,5,0,3,10
8,7,51,50,26,15,50,65,111,124,144,158,154,158,132,124,111,76,63,11,0,10,22,18
13,14,50,11,14,40,50,59,106,125,138,156,165,150,137,128,111,72,67,17,9,0,29,45
13,13,15,10,13,14,47,87,100,118,137,144,142,135,127,121,110,100,100,10,0,0,10,94
11,9,12,10,13,16,43,74,65,68,98,112,114,114,115,111,104,96,32,0,0,4,18,78
4,2,4,4,12,37,50,63,67,60,66,72,92,102,85,80,64,71,10,0,1,9,31,71
0,0,3,12,20,51,63,73,58,60,64,66,99,77,73,67,60,55,11,0,0,5,10,70
7,14,22,32,38,49,67,71,74,87,110,101,104,125,100,102,71,39,16,14,9,8,16,22
0,5,12,14,66,106,129,138,120,139,156,157,161,126,119,125,90,29,9,15,1,4,4,11
0,8,12,50,83,111,124,175,193,203,228,238,227,198,165,139,110,61,12,6,2,0,0,0
0,1,23,37,65,103,162,194,184,199,256,250,221,191,168,156,117,20,13,10,5,3,5,9
0,5,14,40,93,125,160,192,216,217,271,253,218,186,147,129,95,32,13,7,11,10,10,10
0,0,13,29,62,101,126,156,172,171,230,218,181,155,125,109,77,13,5,7,11,0,7,3
0,0,0,11,44,100,106,113,114,126,140,145,138,121,105,100,40,9,7,3,10,7,4,0
0,0,0,12,16,28,65,101,100,103,104,106,103,100,76,59,13,5,0,0,0,2,5,12
0,0,11,14,29,17,62,38,93,17,100,68,80,54,41,9,6,0,0,11,9,14,14,7
0,0,7,13,14,29,24,48,14,57,53,32,27,14,10,0,0,7,8,0,9,6,10,10
0,9,12,34,67,101,90,43,59,47,50,36,14,4,0,5,13,0,7,9,0,9,7,12
0,6,16,47,77,103,79,70,52,38,38,6,3,0,10,0,6,13,13,18,9,8,12,3
9,10,22,42,102,88,68,47,40,13,7,12,7,5,10,22,26,14,9,11,10,12,8,8
10,12,38,88,489,368,97,42,31,34,17,14,14,19,11,9,14,16,13,12,11,8,7,12
3,8,64,249,688,596,115,54,52,50,11,10,9,4,7,11,11,12,13,19,11,0,12,9
8,1,95,96,142,117,68,60,52,42,14,11,11,8,8,9,12,11,12,10,4,0,0,2
0,1,53,55,51,52,47,55,50,17,12,9,8,7,10,14,13,10,10,9,10,7,5,4
0,0,7,12,15,13,43,34,38,20,22,10,5,4,9,9,1,8,7,10,5,0,0,0
0,0,5,12,17,12,14,26,15,36,11,9,4,9,14,10,3,4,8,0,1,0,1,0
0,0,7,8,7,12,7,12,28,14,51,14,11,13,12,13,13,0,7,6,5,8,6,3
0,0,0,5,7,10,4,7,12,23,30,55,33,27,25,14,12,14,13,11,3,0,0,0
0,0,0,3,3,0,0,0,5,11,21,41,59,51,55,52,53,24,10,9,0,1,2,0
0,0,0,0,5,6,0,0,12,11,14,32,53,74,90,112,71,36,36,14,8,10,0,6
0,0,0,4,8,6,0,2,8,13,13,31,52,78,545,703,140,54,28,11,9,3,3,0
5,7,0,6,5,8,6,7,0,0,5,14,54,62,218,324,109,62,15,32,3,3,6,5
0,4,0,13,7,6,1,1,0,3,7,1,5,40,38,64,56,58,61,19,17,12,7,4
1,0,2,10,8,1,2,4,1,4,5,10,16,13,14,17,34,9,11,15,14,6,11,6

2

3,5,8,2,2,4,0,0,9,10,9,12,14,13,30,12,3,4,8,4,6,3,10,4
6,0,0,5,2,1,1,0,6,12,14,51,51,50,51,36,22,12,8,14,14,5,4,7
0,0,2,0,5,2,2,3,2,12,14,30,80,83,52,50,30,40,19,25,12,0,10,3
0,3,9,6,5,4,7,12,11,8,12,13,8,54,52,50,44,31,14,9,0,4,0,0
0,0,0,0,7,9,7,51,11,38,59,71,52,50,37,20,14,10,13,13,3,0,0,0
0,0,5,9,12,31,54,100,141,136,147,144,104,62,55,43,43,31,13,13,12,2,0,0
8,7,10,14,43,63,86,134,179,209,250,258,180,114,69,67,57,43,13,13,22,3,0,0
0,0,4,50,65,84,100,124,139,190,220,227,176,118,93,85,63,57,45,12,8,2,8,9
0,0,9,56,67,77,76,99,129,180,226,238,210,180,131,107,93,86,69,54,14,12,10,0
5,13,53,63,67,80,73,85,112,144,231,284,260,237,184,144,108,95,80,56,40,14,40,12
14,37,63,75,70,72,54,65,85,107,159,223,256,250,199,168,115,80,76,50,14,30,56,53
51,63,91,94,65,50,32,57,65,91,130,157,184,220,195,183,138,77,57,44,12,21,50,54
54,63,87,53,18,40,32,43,59,88,115,138,168,176,176,174,137,71,55,36,19,16,36,57
14,21,22,22,24,12,17,68,55,69,105,113,127,136,137,140,124,100,100,11,11,7,37,64
4,14,11,11,10,11,27,33,40,42,59,70,104,110,112,111,107,100,45,9,9,18,14,21
5,0,0,10,12,14,13,3,12,47,50,57,77,93,76,72,62,84,30,0,4,7,8,7
7,7,12,13,16,14,14,38,42,38,49,54,78,62,63,62,57,56,41,0,0,2,7,0
6,15,16,23,27,33,34,35,36,45,48,53,71,80,70,77,57,40,33,10,10,7,6,6
0,5,10,10,11,14,27,35,50,41,41,102,119,88,91,115,88,54,47,13,13,4,1,0
0,9,10,11,14,18,37,62,67,60,83,119,139,123,130,138,123,106,98,96,14,8,0,0
6,9,12,25,14,20,42,60,55,64,112,128,141,140,145,153,136,110,101,56,43,14,0,0
0,2,6,13,22,25,28,49,63,60,90,105,123,138,143,155,142,110,79,33,50,26,13,4
8,10,0,12,26,22,11,50,18,29,38,88,112,122,140,139,128,115,63,67,66,13,2,0
6,3,0,11,9,22,7,14,14,12,20,39,103,107,119,117,113,101,54,51,14,9,0,0
6,7,5,6,6,11,11,12,12,13,0,8,9,24,51,98,45,14,8,10,10,0,0,4
12,8,13,8,9,5,11,15,17,4,9,10,11,13,72,68,13,4,4,0,0,0,6,0
3,11,7,5,7,13,12,13,10,14,10,36,2,14,73,11,0,0,5,13,5,0,11,11
10,13,8,13,11,10,29,17,39,14,13,45,7,50,63,4,5,0,4,7,9,6,4,9
4,6,11,9,17,33,46,25,13,12,27,14,11,23,12,0,7,20,10,11,5,6,2,2
2,10,11,7,17,53,52,13,11,12,11,11,11,2,8,18,19,18,10,9,7,12,8,0
7,13,14,14,41,61,35,21,14,35,32,22,17,14,20,23,20,19,11,12,12,10,3,2
0,2,11,14,47,50,12,10,12,13,7,3,8,11,13,12,10,9,12,18,14,9,8,8
6,0,5,9,37,13,5,5,8,9,3,8,2,10,7,14,9,11,8,10,3,5,0,2
1,0,0,6,8,5,0,8,8,5,4,6,10,4,39,48,15,13,7,7,7,0,6,8
0,0,0,5,9,6,0,4,10,9,7,9,10,4,15,23,12,9,7,9,0,0,0,1
0,0,0,5,8,3,6,9,3,4,5,8,11,13,25,38,19,8,8,0,3,3,11,0
0,0,0,11,9,12,8,4,13,5,12,10,14,14,28,25,26,6,11,5,7,9,8,7
0,0,0,0,7,10,11,9,13,12,12,21,14,22,42,36,14,17,9,10,3,0,2,0
0,0,0,0,0,0,0,0,6,11,10,17,43,36,55,56,52,14,7,9,0,0,5,0
0,5,0,0,1,0,1,0,0,9,11,14,24,62,80,92,65,28,24,13,10,11,0,7
6,1,1,4,7,4,0,5,11,13,11,12,45,61,383,703,139,50,14,9,6,2,3,0
6,8,1,3,7,3,3,5,4,2,4,13,40,54,147,260,111,61,14,16,0,4,6,5
0,6,3,5,6,1,0,0,3,10,9,4,5,24,31,56,52,54,57,12,14,11,7,3
2,0,3,10,8,3,1,5,6,5,5,8,14,12,13,14,17,9,10,14,12,5,10,6

2

3,3,7,2,2,6,2,0,10,10,7,10,10,10,19,9,0,9,6,3,6,4,12,4
9,0,0,6,6,6,6,4,10,11,10,33,23,13,16,28,13,7,3,13,13,5,7,9
2,0,0,0,7,7,8,12,11,11,13,14,21,21,24,14,22,21,9,14,12,0,11,9
0,0,8,5,4,11,11,11,10,9,8,12,4,12,16,10,10,14,11,7,0,8,6,8
0,0,0,0,7,10,5,12,9,10,15,58,12,38,13,21,10,5,7,14,6,0,2,0
0,0,3,9,12,28,48,73,132,117,124,106,74,32,31,11,18,14,11,9,10,3,0,0
3,7,10,14,34,59,70,102,138,150,174,188,136,75,8,14,13,13,12,12,14,7,0,1
0,0,9,41,60,72,82,107,115,149,172,189,153,84,67,63,27,12,8,4,6,6,9,2
8,11,13,55,62,63,66,89,109,138,181,229,207,128,83,71,63,57,53,31,14,10,5,6
14,18,52,57,57,65,65,72,99,115,161,239,241,198,130,85,74,62,55,50,29,11,14,11
25,36,50,52,53,52,13,63,90,112,170,228,266,231,160,110,70,62,55,45,11,4,12,9
11,10,14,12,13,22,9,56,88,124,177,201,204,213,174,141,99,56,49,27,12,8,13,7
12,7,7,1,0,7,7,43,79,126,157,197,211,189,166,142,106,52,42,29,14,7,10,12
0,9,7,6,3,0,0,14,63,106,145,179,186,171,151,130,104,60,40,12,12,0,9,11
7,6,2,0,6,0,0,11,52,58,104,146,150,149,142,114,73,43,14,6,3,0,0,11
7,3,0,0,0,0,0,12,53,58,86,130,151,142,119,76,55,31,9,6,4,9,9,0
2,6,0,1,7,11,10,18,50,59,106,135,160,117,86,65,56,22,46,9,7,5,7,1
10,18,11,11,23,31,29,25,43,83,168,200,195,186,139,91,52,32,28,24,24,21,12,3
0,5,5,10,8,9,13,14,47,120,180,215,230,172,158,142,95,48,33,35,20,10,4,4
4,9,9,4,6,10,10,53,100,149,220,271,299,249,254,232,196,128,102,106,61,14,5,0
1,10,10,18,10,6,3,12,70,144,270,308,312,295,284,274,229,153,75,76,62,13,3,9
1,5,10,14,12,11,26,31,87,195,332,389,378,343,320,304,264,189,83,97,72,35,23,7
6,7,13,13,14,6,9,20,111,203,364,379,377,360,315,266,226,188,72,99,94,30,0,1
1,0,0,0,8,3,10,20,115,187,246,332,379,369,345,259,201,136,102,105,102,11,8,0
5,6,5,7,5,9,0,6,108,143,183,219,284,329,291,227,138,103,99,67,24,0,2,10
8,0,8,5,0,2,0,5,75,119,135,171,189,190,162,117,82,31,13,8,3,4,10,2
0,5,0,8,0,4,6,0,9,102,112,122,129,116,105,11,13,12,10,13,0,0,0,9
7,3,3,7,2,6,0,0,46,71,103,109,76,101,57,10,13,1,14,8,10,3,0,0
6,6,6,4,3,2,4,11,11,14,58,54,59,60,6,10,14,9,3,0,10,12,12,7
1,0,2,0,6,11,11,4,3,15,39,39,43,0,0,19,14,5,10,2,0,7,7,8
7,9,11,13,13,33,17,18,9,28,32,26,35,11,7,15,14,8,7,13,8,10,0,2
0,4,13,8,11,12,10,4,0,7,4,4,35,11,9,11,7,8,14,24,18,0,3,0
9,0,6,5,6,9,3,0,0,0,0,0,9,2,2,12,5,5,6,11,3,0,0,4
0,0,0,2,2,0,3,3,0,0,0,0,3,5,14,34,13,12,8,0,0,1,11,5
0,0,0,2,0,0,5,0,0,7,7,10,9,3,13,12,8,4,2,0,0,5,8,6
0,0,0,0,8,0,0,0,0,0,0,9,12,13,18,14,8,8,5,0,7,11,7,0
0,0,0,11,8,10,4,6,9,0,5,15,51,52,28,15,12,0,10,5,8,8,2,4
0,0,0,0,7,10,8,5,9,8,11,33,55,55,52,24,5,0,7,7,4,0,0,0
0,2,0,1,0,0,0,8,3,12,11,25,51,59,60,50,14,4,7,10,8,5,8,0
0,3,1,2,3,0,2,3,4,2,13,28,57,62,59,30,13,6,7,2,8,5,10,7
5,1,3,6,8,3,0,5,7,12,7,10,56,60,68,13,10,7,6,0,1,3,4,4
6,7,0,3,7,9,7,7,5,0,0,8,41,61,66,43,13,5,9,7,0,1,6,8
0,5,4,4,6,5,0,0,1,4,4,1,11,54,44,50,10,11,10,3,7,10,9,0
3,0,4,6,6,0,2,4,6,2,3,8,9,20,52,42,13,8,6,6,7,2,7,6

2

5,6,2,0,4,4,4,1,10,9,1,5,5,6,11,7,0,9,5,4,8,7,12,6
1,0,0,7,4,6,7,0,9,9,8,10,9,10,10,21,11,6,0,13,14,8,9,9
3,0,0,3,4,3,9,9,12,10,12,13,14,9,12,12,16,18,8,12,10,3,12,9
5,3,0,0,0,0,10,12,8,13,13,12,3,7,3,3,9,15,12,9,8,9,8,8
5,0,0,0,1,0,0,7,16,58,70,67,12,8,12,10,12,11,16,14,4,0,0,0
11,2,4,7,9,12,32,57,155,241,361,277,150,74,50,24,13,12,8,11,9,4,0,0
10,12,10,8,4,10,61,110,183,281,364,308,209,141,73,32,9,12,12,12,16,7,0,0
1,0,5,6,12,54,74,122,160,203,236,228,172,119,95,54,10,13,12,7,8,7,7,7
5,11,11,20,57,66,76,118,163,192,225,222,198,148,110,65,30,19,2,3,3,5,3,0
8,14,19,50,55,71,100,115,132,136,212,248,225,187,140,86,53,7,1,22,14,12,11,4
0,18,44,42,51,59,68,60,83,136,205,248,248,207,151,106,61,27,9,13,11,3,8,11
0,0,8,11,14,25,12,37,86,132,185,210,213,212,162,119,72,43,13,13,10,11,4,0
0,3,0,2,9,12,11,36,75,128,160,191,213,191,150,114,77,30,13,24,12,9,14,10
0,3,5,2,0,0,6,11,67,110,145,164,177,164,133,108,81,29,10,14,8,8,13,6
0,2,3,2,0,0,10,11,55,61,102,137,143,139,119,91,52,14,8,0,11,5,9,15
4,0,0,0,0,0,10,38,55,59,82,118,135,124,85,58,41,16,10,1,3,7,8,0
0,7,3,0,9,10,14,36,51,59,92,108,131,83,58,52,36,27,5,9,9,6,11,7
6,20,11,14,27,31,31,37,43,71,133,145,129,105,57,53,36,24,14,16,11,12,13,12
0,5,10,9,12,12,17,35,51,102,137,161,159,112,87,101,50,26,15,21,15,4,12,10
3,7,9,6,5,12,19,53,77,111,150,178,181,144,139,119,93,47,20,13,14,12,0,5
3,7,10,13,10,12,12,34,57,107,168,186,186,171,147,136,104,20,13,14,11,3,6,12
2,6,7,11,13,19,22,27,58,126,173,200,203,185,150,140,88,42,12,15,13,14,13,10
8,8,11,10,21,8,15,39,69,124,186,213,222,198,159,141,112,61,28,14,9,1,5,9
6,0,7,6,12,13,10,14,102,124,150,192,209,193,150,140,110,31,13,10,13,12,9,0
3,3,6,3,7,10,3,27,95,110,133,153,169,163,137,117,65,11,9,10,11,0,4,13
8,0,9,9,5,4,3,48,100,104,116,138,139,128,110,101,21,8,8,10,11,6,11,8
0,0,0,8,0,11,11,48,100,102,104,111,120,108,101,12,3,6,8,0,4,0,7,11
8,0,0,9,0,13,8,13,70,81,106,114,86,102,61,9,9,6,5,0,0,8,6,10
0,0,1,6,9,0,0,11,64,62,70,65,68,79,46,7,10,14,1,11,9,10,6,0
1,0,3,7,1,7,3,10,61,79,66,59,55,45,23,17,9,8,0,8,11,11,8,9
4,8,11,10,6,11,14,26,45,54,56,73,55,38,24,15,11,0,8,11,11,2,9,7
0,6,12,5,2,9,12,13,18,62,102,68,59,43,9,9,2,5,4,19,2,0,0,6
10,0,2,0,0,7,8,7,12,53,68,71,54,20,3,3,0,6,8,2,0,2,4,4
1,0,0,0,0,0,0,0,0,26,56,82,55,14,12,17,5,7,0,3,2,0,5,8
0,0,0,0,0,0,0,0,0,14,65,84,56,39,13,10,0,8,3,7,7,9,7,0
3,0,0,0,0,0,0,1,8,17,61,95,75,53,23,10,5,7,8,9,2,0,0,0
0,0,1,10,8,7,0,7,13,41,71,90,95,83,41,17,17,8,6,0,0,8,0,5
0,0,0,0,5,9,5,5,13,39,75,101,126,112,58,13,10,0,10,12,7,0,0,0
0,0,0,0,0,0,0,0,11,40,81,134,143,98,69,37,18,12,2,9,0,0,4,0
0,3,4,3,0,0,0,0,0,22,76,140,149,94,64,21,12,9,4,7,3,3,0,0
5,0,5,6,0,0,0,4,11,14,78,132,151,112,72,22,10,6,7,4,2,0,0,0
7,2,0,0,0,3,8,0,4,5,59,123,149,120,67,28,14,9,11,9,0,4,10,8
0,0,0,0,6,0,0,0,4,8,51,106,149,120,35,25,13,14,9,7,6,9,8,7
0,0,7,2,1,0,1,8,11,0,8,99,113,79,28,13,10,12,8,11,8,0,8,6

0

0,0,0,0,5,2,4,1,11,11,3,8,8,9,17,6,1,8,4,6,8,8,12,6
4,0,0,0,0,5,9,0,11,12,12,14,13,13,11,27,13,7,6,12,14,8,7,6
3,0,0,0,0,0,10,12,14,14,29,25,14,6,13,12,14,17,12,12,13,0,9,2
7,25,12,11,4,0,13,12,7,24,50,29,7,9,6,10,11,20,14,5,8,11,3,0
5,4,0,0,3,4,7,12,51,61,73,66,55,12,37,6,13,10,16,13,4,0,0,0
7,2,4,10,13,23,48,89,196,308,453,272,170,83,32,21,14,14,9,12,10,7,0,0
12,13,13,13,11,36,81,162,294,455,610,454,236,137,67,52,15,14,11,12,14,6,0,1
3,1,8,31,56,67,101,151,216,316,364,264,181,123,81,40,9,7,8,6,7,8,8,8
12,50,50,54,63,71,82,121,168,205,243,224,197,152,100,59,44,33,10,9,6,8,1,11
28,52,57,56,59,72,93,107,130,132,191,222,205,189,117,70,14,21,7,13,13,13,8,9
8,37,50,44,51,55,63,60,72,95,168,197,215,196,135,85,58,14,5,12,8,5,5,9
0,3,10,13,12,19,33,14,64,100,148,167,180,188,153,119,75,53,15,11,2,12,12,3
0,7,10,10,11,12,20,27,52,93,125,145,167,169,148,123,87,47,25,20,11,2,12,10
0,5,9,10,7,7,9,5,23,70,107,118,137,141,135,117,101,63,9,7,4,1,12,2
0,5,7,10,5,3,5,8,23,52,64,92,116,124,123,111,86,58,8,2,10,0,7,13
7,3,4,3,0,0,4,12,52,53,61,77,110,116,97,75,59,57,14,4,0,17,10,0
3,3,8,0,12,5,12,29,50,54,64,74,108,83,74,65,58,54,14,6,4,6,7,5
7,22,11,18,16,14,26,37,48,60,85,99,108,136,123,101,65,37,19,11,10,9,3,7
0,5,11,6,7,2,7,48,52,97,114,130,163,151,160,144,108,55,14,13,10,5,7,7
5,9,10,6,0,1,10,50,63,70,109,148,309,274,242,197,137,104,32,10,14,9,0,2
6,8,6,11,0,0,8,13,35,62,125,181,271,259,228,205,145,106,45,27,10,2,0,5
1,4,2,8,0,0,3,5,25,70,123,197,270,256,206,193,145,81,33,12,14,16,13,9
8,7,8,6,4,7,30,14,43,107,147,226,229,244,210,170,135,95,47,22,9,0,5,5
4,5,5,0,1,7,8,53,102,125,168,198,236,218,185,154,121,80,32,9,11,9,6,0
2,1,1,0,2,3,0,16,106,137,178,195,196,189,148,128,100,45,13,11,8,0,3,13
7,3,1,11,14,10,12,75,111,146,171,184,174,148,130,104,35,9,10,9,6,4,12,7
0,5,0,37,40,44,45,48,111,140,150,151,143,129,111,78,9,8,5,9,0,0,4,10
0,0,6,44,75,100,72,49,100,124,146,146,122,115,100,59,13,0,10,0,0,4,4,9
0,0,10,88,101,102,74,52,72,87,111,103,93,86,61,22,14,0,0,2,5,9,3,4
0,0,3,56,76,61,66,54,59,90,100,68,73,49,34,25,20,6,8,8,6,4,0,8
6,3,12,54,74,67,66,50,52,57,61,85,61,47,35,18,16,9,5,13,9,11,9,8
0,5,36,102,104,103,72,59,55,61,90,62,54,52,14,14,10,7,3,1,7,2,9,2
8,3,9,125,186,109,74,57,51,32,23,51,52,56,14,12,8,10,8,3,0,0,0,0
0,0,4,62,79,96,78,56,36,42,15,33,31,45,16,25,11,9,6,0,2,0,6,8
0,0,9,6,51,66,72,41,11,11,11,12,12,14,14,13,8,10,5,0,5,1,10,3
0,0,4,0,14,51,50,20,15,13,12,7,0,12,16,15,8,9,0,2,0,0,4,0
0,0,0,0,10,45,50,39,12,13,14,14,23,14,25,14,12,1,9,9,2,5,1,7
0,0,0,0,11,29,51,43,16,12,15,14,17,32,28,12,12,0,7,11,6,0,0,0
0,0,0,0,1,53,50,50,13,13,14,11,25,34,36,32,13,0,6,12,4,4,8,0
0,0,0,0,7,48,50,37,10,11,14,17,27,40,27,14,12,9,7,6,2,6,6,7
0,0,0,0,4,30,36,30,15,12,14,24,15,32,15,15,10,10,8,0,0,0,5,0
0,0,0,0,8,10,21,15,11,0,8,14,50,19,20,15,9,10,11,10,0,1,4,9
0,0,0,0,9,10,8,4,4,2,8,8,13,20,14,8,9,12,11,6,8,9,9,2
1,0,0,4,1,1,9,11,8,2,4,1,7,13,11,8,7,11,8,12,9,0,8,7

0

0,0,12,14,6,0,0,0,7,8,0,4,1,6,9,5,0,8,5,7,7,6,12,7
0,0,10,10,0,2,0,0,3,8,8,9,10,11,9,20,12,7,7,13,14,8,8,9
0,13,58,12,0,0,4,0,10,10,13,13,14,7,12,10,14,19,12,13,12,6,12,9
10,52,56,15,0,0,8,12,8,13,11,12,3,4,3,5,6,14,11,10,9,11,9,8
23,57,61,11,1,2,4,7,12,59,76,76,66,10,38,9,12,9,15,13,6,0,0,0
54,65,53,13,10,17,37,62,179,236,385,418,200,56,22,20,13,13,9,12,11,6,0,2
54,57,56,13,25,53,65,113,206,293,468,482,218,73,51,26,13,14,12,12,14,7,0,0
71,83,80,52,70,82,98,135,179,236,244,244,143,78,52,13,10,9,12,9,8,8,9,9
81,89,87,88,77,88,102,139,180,207,225,210,166,97,52,12,24,30,12,9,6,7,0,11
77,84,76,71,68,80,115,123,138,129,178,218,176,133,63,19,14,25,8,14,13,13,12,9
19,42,50,44,50,55,60,70,101,124,181,185,172,133,67,8,35,12,7,12,7,3,7,9
7,12,28,27,40,30,53,90,118,139,169,161,140,125,75,36,41,33,13,13,0,12,10,0
6,16,28,22,14,34,51,64,104,128,146,141,133,117,75,44,23,26,14,13,13,3,11,6
0,9,8,3,9,12,56,100,101,114,129,124,122,111,100,38,12,12,12,9,8,7,9,3
0,0,6,0,6,28,54,84,71,68,92,107,113,107,100,47,20,7,9,8,7,6,7,10
0,0,0,0,0,46,51,69,81,65,80,94,111,105,65,52,28,12,7,19,4,12,4,0
0,0,0,2,9,43,59,63,64,70,94,90,108,73,57,50,14,11,5,6,8,5,10,9
3,13,12,12,31,41,43,51,74,102,129,120,98,97,67,53,37,13,13,13,14,10,10,10
0,2,10,6,12,15,58,75,74,117,135,140,130,92,78,90,48,12,8,11,8,12,11,9
0,0,10,8,13,18,50,82,100,105,128,144,149,127,120,116,65,13,7,7,12,10,0,4
0,2,12,13,12,15,50,56,57,81,128,134,144,149,135,124,99,13,9,11,11,0,3,7
0,0,3,5,8,11,28,39,51,80,102,120,129,133,115,116,79,29,13,6,12,13,10,8
0,1,13,15,14,19,36,60,63,90,111,124,141,144,129,122,104,56,13,13,0,0,6,6
0,0,0,12,19,34,23,100,100,106,113,130,151,150,124,114,106,76,13,4,6,11,4,0
1,6,9,11,29,13,12,65,100,102,116,136,157,140,117,109,101,51,8,7,6,0,2,11
9,12,14,17,17,13,26,44,74,102,112,140,152,138,115,105,103,13,0,10,9,0,9,7
0,6,8,14,21,37,25,44,63,100,107,129,144,132,111,104,90,9,0,8,7,9,10,8
0,9,11,21,76,100,90,44,58,76,105,133,126,125,110,100,100,6,6,0,0,5,6,3
8,3,12,81,102,104,74,55,53,51,63,97,105,114,105,84,83,12,0,0,8,3,2,2
4,10,4,14,88,65,70,56,54,56,68,74,88,74,55,48,38,5,11,8,1,0,3,5
11,13,14,50,86,88,81,50,49,47,54,85,76,82,68,50,27,27,11,9,1,0,8,7
5,11,13,51,84,107,78,57,52,51,104,74,65,79,106,65,13,13,14,19,7,3,11,5
8,4,12,13,86,102,72,60,50,10,54,77,78,96,105,74,52,14,11,9,7,3,5,6
0,0,0,10,51,61,67,60,33,13,51,126,97,79,105,64,19,13,11,10,6,0,0,2
0,0,4,0,13,41,63,57,29,8,15,72,82,81,102,71,46,11,4,11,4,0,3,3
0,0,0,0,1,18,35,14,6,0,4,53,78,77,122,85,35,12,11,0,0,0,6,0
0,0,0,1,0,11,13,31,11,0,5,27,64,100,127,105,57,14,13,11,4,1,3,6
0,0,0,0,7,10,13,22,14,0,4,14,55,102,122,120,72,36,13,13,10,0,0,0
0,0,0,0,0,8,19,39,26,5,0,10,43,82,125,118,79,27,9,10,0,2,5,0
0,0,5,5,0,3,15,44,23,6,8,8,47,64,96,87,65,22,9,9,5,0,1,1
0,0,0,4,1,9,16,40,27,7,8,10,14,65,105,90,55,17,8,3,2,0,4,0
0,0,0,0,3,8,14,32,13,0,2,7,11,48,69,60,52,14,12,12,0,1,4,9
0,0,0,0,5,6,9,11,6,0,0,3,5,11,34,59,39,14,11,3,8,10,8,0
2,0,0,3,0,3,11,13,11,0,0,0,13,10,41,35,0,10,0,8,7,0,9,6

0

0,0,14,32,5,0,0,0,7,9,0,6,3,7,11,4,0,7,5,7,7,4,11,6
0,9,34,14,3,1,0,0,11,13,12,23,14,12,11,23,12,7,7,14,14,7,6,8
1,40,58,14,0,5,7,12,17,14,14,14,27,8,13,12,18,22,13,13,12,5,11,7
14,57,58,18,2,0,14,12,11,13,10,12,3,3,3,5,8,11,11,9,8,11,8,7
47,59,63,13,0,0,4,4,6,54,71,72,61,9,30,5,13,8,15,12,6,0,0,0
57,70,56,14,11,15,37,60,158,203,373,430,185,59,28,19,14,13,9,11,11,5,0,1
56,60,60,13,16,52,67,114,191,286,454,454,207,83,53,35,13,14,12,11,13,5,0,0
77,89,85,51,69,81,97,134,170,224,230,224,148,90,59,13,8,6,10,7,8,8,8,8
86,104,94,91,79,88,98,128,162,185,208,205,176,120,70,50,14,28,11,9,7,9,0,10
106,118,103,83,73,79,103,108,125,123,175,221,188,155,90,55,14,23,6,13,14,13,9,9
51,56,56,52,51,54,56,62,85,101,173,191,185,158,102,64,50,12,4,12,5,3,6,8
13,13,32,29,33,33,41,72,109,130,166,167,151,148,111,81,55,26,13,11,1,13,10,0
9,16,14,10,13,24,39,59,98,121,146,152,149,133,114,84,47,10,11,9,14,0,4,8
0,7,11,7,8,11,30,76,81,108,131,136,132,123,111,102,56,8,5,8,4,8,6,0
0,0,3,0,0,4,28,64,63,63,92,111,115,115,108,87,52,3,6,7,8,12,10,12
0,0,0,0,0,3,35,59,71,62,74,88,110,107,72,63,54,12,0,1,2,6,6,5
0,0,2,1,6,9,47,56,57,63,83,84,104,69,61,55,53,14,0,0,6,7,3,5
0,13,11,14,16,32,41,45,55,84,118,110,90,84,70,68,48,30,13,12,11,12,6,6
0,4,9,4,0,10,55,62,57,107,127,132,122,88,89,109,74,32,12,12,8,4,4,4
0,0,8,4,0,13,51,87,88,90,118,134,140,147,158,140,123,60,13,9,13,8,0,3
0,0,2,5,0,6,19,57,54,64,112,121,143,226,217,153,117,56,25,14,4,0,1,6
0,0,0,5,0,0,12,19,47,66,93,109,137,173,164,135,90,38,20,7,10,12,11,9
0,4,9,7,11,11,15,47,55,103,114,124,152,190,166,146,115,59,25,13,0,0,6,5
0,0,4,0,5,12,6,77,109,108,117,144,165,177,158,141,114,85,14,4,10,10,5,0
0,2,0,0,13,62,41,64,102,104,113,143,162,170,150,134,106,62,20,14,9,0,2,11
8,7,4,10,35,57,90,98,35,100,118,143,158,156,145,118,105,31,30,10,0,0,6,9
0,6,0,13,41,50,65,76,22,74,113,130,146,143,131,108,84,14,14,4,0,2,11,13
1,6,0,13,60,101,102,57,58,71,107,131,128,135,124,107,100,13,10,0,0,9,8,5
6,2,0,9,89,82,78,72,63,54,65,89,107,123,113,100,74,14,0,3,2,4,0,0
0,7,2,6,57,55,68,61,56,50,54,63,85,86,63,48,32,8,0,0,2,5,6,3
7,8,8,10,51,56,67,52,55,50,45,72,70,93,82,50,32,7,2,11,11,6,7,7
0,3,5,4,12,66,77,64,58,50,55,58,57,71,102,61,17,11,14,20,14,3,4,7
5,0,5,0,1,76,82,70,60,33,13,51,61,79,87,77,30,12,10,9,7,1,4,6
0,0,0,0,9,61,118,67,52,21,13,24,54,67,71,68,19,12,10,9,6,0,2,3
0,0,0,0,9,42,68,57,54,12,10,13,42,68,67,57,28,7,11,9,5,2,7,6
0,0,0,0,0,18,50,50,35,12,4,1,14,60,71,59,35,6,3,0,0,0,4,0
0,0,3,0,1,13,43,50,29,10,6,10,15,63,75,61,54,9,8,11,3,4,0,5
0,0,0,0,8,12,37,47,19,9,11,12,14,55,75,82,63,13,5,10,8,0,0,0
0,0,0,0,0,39,51,50,34,13,9,8,21,56,90,85,68,16,7,6,0,3,7,0
0,1,1,3,0,20,53,52,34,11,13,12,13,53,77,71,58,16,7,4,0,0,3,2
0,0,0,5,5,32,54,52,30,12,11,9,14,53,101,77,50,12,7,4,0,0,6,0
0,0,0,0,3,14,35,47,14,0,7,7,8,14,63,52,46,12,12,11,0,2,8,9
2,0,0,0,7,7,52,20,4,3,8,0,0,10,32,55,14,13,10,5,6,9,8,2
3,0,0,4,0,8,14,13,8,2,0,0,11,10,48,25,0,10,0,5,8,0,9,6

0

0,0,14,51,6,0,0,0,8,11,8,11,9,10,14,4,0,8,4,6,5,3,11,7
6,8,16,13,0,1,0,10,22,36,48,52,50,13,12,23,13,8,8,13,13,7,6,8
11,20,47,12,0,8,11,28,47,50,37,27,55,11,14,13,19,25,13,13,11,4,10,8
19,52,54,14,0,0,36,16,20,14,10,11,3,2,1,7,9,14,11,9,8,9,7,7
35,56,59,13,0,0,6,5,9,65,97,102,79,8,5,0,8,7,11,11,6,0,0,0
51,64,56,14,11,14,38,65,165,198,353,418,253,66,39,21,13,11,6,13,10,3,0,1
52,59,62,13,14,52,66,107,175,220,323,353,179,82,47,14,12,12,10,10,11,2,0,0
67,88,92,52,66,80,94,130,159,190,178,178,126,81,54,11,6,2,8,6,7,7,8,7
71,101,99,91,76,85,99,132,165,180,191,188,158,104,59,38,21,28,11,9,7,9,0,10
92,118,104,81,72,76,105,113,124,109,161,203,167,132,69,51,13,15,5,13,14,13,10,9
43,53,55,50,51,54,57,63,88,95,162,179,163,134,74,54,36,12,4,12,5,2,7,8
12,14,32,26,32,25,50,80,114,133,168,162,140,127,85,58,44,14,13,13,2,13,10,0
9,20,23,13,13,28,50,72,107,132,155,156,143,124,103,57,20,18,14,10,15,3,8,9
0,9,10,2,7,14,54,101,101,120,142,141,131,118,106,75,12,8,8,9,4,7,7,0
0,0,3,0,7,13,52,76,68,68,101,116,116,113,105,69,15,0,5,6,9,11,10,14
0,0,0,0,0,14,51,66,76,64,76,92,111,106,70,60,44,11,0,1,3,6,8,5
0,0,0,0,11,42,57,61,59,65,85,86,106,69,60,54,50,12,0,0,7,7,4,4
0,14,9,12,32,42,44,48,60,90,121,114,94,88,69,64,43,25,7,13,12,13,8,6
0,3,8,3,11,38,63,68,64,112,131,137,130,96,92,106,64,21,12,12,8,3,4,4
0,0,7,5,10,34,53,100,101,103,125,142,150,158,177,141,117,51,13,9,13,7,0,2
0,0,0,8,9,12,42,62,57,70,122,133,157,248,245,157,114,55,26,16,9,0,1,6
0,0,0,6,5,6,12,35,63,80,107,125,150,184,168,136,100,53,25,6,11,12,10,8
0,0,10,11,15,16,29,47,60,108,123,137,162,193,168,148,115,80,46,13,0,0,5,2
0,0,5,3,8,14,13,90,113,112,127,152,169,176,156,142,116,101,54,4,10,9,3,0
0,0,1,4,20,57,43,84,103,106,120,147,162,166,147,135,108,93,26,13,8,0,2,10
6,5,7,12,39,69,100,100,63,102,122,145,156,152,142,118,107,80,35,9,3,0,4,8
0,4,0,14,37,56,70,90,62,100,116,131,145,140,129,108,100,50,13,2,0,5,7,12
0,5,0,13,62,102,104,64,69,76,110,132,126,132,124,108,102,13,8,0,0,7,5,4
6,3,0,10,88,83,82,77,68,56,72,93,104,118,113,101,92,14,0,0,0,3,0,0
0,7,1,3,58,55,69,61,59,54,61,65,82,79,62,50,39,9,0,0,4,5,6,3
7,8,8,11,52,57,66,52,56,50,50,74,67,86,80,50,37,11,2,9,11,6,7,7
0,3,7,2,17,72,76,64,60,55,65,59,57,70,103,64,43,11,14,20,13,3,4,7
5,0,7,0,0,86,83,74,66,51,21,52,60,81,93,83,48,13,11,9,8,1,5,6
0,0,0,0,14,80,137,71,61,49,18,38,54,65,77,74,21,12,11,9,6,0,2,4
0,0,0,0,10,51,69,62,63,27,12,14,51,68,72,66,44,7,10,10,5,2,7,6
0,0,0,0,0,18,51,56,51,18,7,3,23,61,74,63,40,6,5,1,0,0,4,0
0,0,0,0,0,13,50,53,51,12,5,7,17,67,79,66,56,10,8,11,3,4,0,5
0,0,0,0,6,10,36,51,49,13,12,11,14,58,79,87,65,24,6,10,8,0,0,0
0,0,0,0,0,19,51,52,50,22,10,7,20,58,94,89,72,24,9,7,0,3,6,0
0,0,0,2,0,11,52,53,52,14,13,12,13,54,78,73,59,19,8,3,0,0,3,1
0,0,0,5,5,14,52,53,40,14,11,9,14,54,101,78,51,13,7,5,0,0,6,0
0,0,0,0,3,13,30,50,35,5,7,6,10,20,64,52,50,12,12,11,0,2,9,9
3,0,0,0,6,5,46,33,10,5,9,0,0,11,32,55,14,14,9,5,6,9,8,2
4,0,0,3,0,6,13,13,9,3,0,0,12,10,44,20,0,10,0,4,7,0,9,6

0

0,0,13,50,7,1,0,3,10,12,10,12,10,10,15,4,0,8,5,6,5,3,10,6
6,9,15,14,6,5,0,13,28,46,50,53,50,13,12,23,13,8,9,13,13,6,5,8
11,14,41,12,0,11,13,41,50,53,43,35,57,12,20,14,20,25,13,13,10,2,9,7
18,51,53,16,1,0,44,27,27,14,11,12,4,3,1,7,9,14,11,8,7,7,6,6
36,55,59,14,0,0,8,5,9,66,100,104,83,10,5,0,8,7,10,11,5,0,0,0
51,62,56,14,11,15,39,66,164,197,353,424,264,69,41,21,13,11,5,11,9,2,0,0
52,58,62,13,14,52,66,106,174,217,316,357,187,87,50,14,12,12,9,10,10,0,0,0
66,86,90,52,67,80,93,128,157,189,177,179,127,83,56,12,6,0,7,5,7,6,7,7
70,97,97,90,76,84,97,130,162,177,185,183,155,106,61,50,25,27,10,8,5,8,0,9
88,115,102,80,72,75,103,111,123,107,158,200,163,132,72,52,14,14,4,13,13,12,9,9
41,53,55,50,51,54,57,62,86,93,160,177,160,134,77,57,40,11,4,12,4,2,6,8
11,14,31,23,30,28,50,79,113,132,167,163,139,128,88,63,50,14,12,14,1,13,9,0
9,19,21,13,13,25,50,70,107,131,155,157,144,125,104,64,29,18,14,10,14,0,6,8
0,10,11,4,7,13,53,100,101,120,143,142,133,120,107,84,13,8,6,9,3,5,5,0
0,0,3,0,5,13,52,75,68,68,102,118,117,114,106,73,17,0,3,6,9,11,10,13
0,0,0,0,0,14,50,66,76,63,76,92,112,107,71,61,46,10,0,0,2,6,8,5
0,0,0,0,10,44,58,61,59,64,84,86,106,70,60,54,50,12,0,0,6,6,3,4
1,14,8,11,32,42,44,48,60,89,120,113,94,90,70,65,44,25,8,14,12,13,8,6
0,3,7,3,11,43,63,68,63,112,130,136,130,97,94,107,65,21,12,12,8,3,4,4
0,0,7,5,10,39,54,100,101,103,125,142,151,161,176,141,118,50,13,9,13,8,0,2
0,0,0,8,9,13,48,64,57,70,122,133,158,257,241,156,115,54,25,15,9,0,1,6
0,0,0,6,4,6,17,41,66,80,107,126,152,185,168,137,100,53,24,7,12,13,11,9
0,0,10,11,15,17,29,50,62,108,123,137,163,193,167,147,116,78,43,13,0,0,5,3
0,0,5,2,9,22,23,94,114,112,127,153,169,175,156,142,116,101,51,3,10,9,4,0
0,0,0,4,27,71,54,90,103,106,121,148,161,165,147,134,108,90,24,13,8,0,3,10
6,4,7,12,50,78,100,100,69,102,122,145,155,151,142,117,106,71,33,9,4,0,4,8
0,4,0,14,43,57,70,92,70,100,116,131,144,140,129,108,100,37,13,3,0,5,7,12
0,5,0,13,67,102,105,65,72,77,110,132,125,131,124,107,102,13,7,0,0,7,5,3
6,2,0,11,96,85,83,78,69,56,73,93,104,118,112,100,89,13,0,0,0,3,0,0
0,7,1,4,59,56,69,61,59,54,61,65,82,78,61,50,38,9,0,0,4,5,6,3
7,7,7,12,53,57,66,52,57,50,50,74,67,85,79,50,36,11,2,9,11,6,7,7
0,3,7,3,43,74,77,64,60,55,66,59,56,70,102,64,41,11,14,20,13,3,4,7
5,0,7,0,6,88,84,76,67,51,22,52,60,81,92,82,45,13,11,9,8,1,5,6
0,0,0,0,19,83,143,72,61,50,20,41,55,65,77,74,21,12,11,9,6,0,2,4
0,0,0,0,10,51,71,62,63,30,13,14,51,68,72,66,43,8,10,10,5,2,7,6
0,0,0,0,0,23,52,56,51,19,8,5,27,62,74,63,39,6,5,1,0,0,4,0
0,0,0,0,0,13,50,52,51,13,6,7,21,67,79,66,56,10,8,11,3,4,0,5
0,0,0,0,6,10,42,51,50,14,12,11,14,58,79,87,65,24,6,10,8,0,0,0
0,0,0,0,0,24,51,52,50,21,10,9,21,58,94,89,72,24,9,7,0,3,7,0
0,0,0,2,0,12,52,53,52,14,13,12,13,55,79,73,60,19,8,3,0,0,3,1
0,0,0,5,5,14,52,53,40,14,11,10,14,55,101,79,52,13,7,5,0,0,6,0
0,0,0,0,3,13,30,50,37,6,7,7,11,21,64,52,50,12,12,11,0,2,9,9
3,0,0,0,6,5,47,34,10,5,9,0,1,11,32,55,16,14,9,5,6,9,8,2
4,0,0,2,0,6,13,14,9,3,1,0,12,10,45,21,0,10,0,3,7,0,9,6

0

0,0,14,50,8,3,0,3,10,12,10,11,10,10,14,4,0,8,5,6,5,3,10,7
4,10,24,23,9,7,0,13,25,45,50,53,50,13,12,22,13,8,9,13,13,6,5,8
9,26,51,13,0,11,13,41,48,52,43,33,56,12,16,13,20,25,12,13,10,2,9,7
15,52,55,17,1,2,44,27,28,14,12,11,3,3,1,7,8,13,11,8,7,7,5,6
34,56,60,14,0,0,8,6,10,69,101,106,82,10,5,0,8,7,9,11,5,0,0,0
52,64,57,18,11,16,40,68,167,203,358,419,242,65,40,22,13,11,5,11,9,2,0,0
53,59,63,13,16,52,67,108,177,220,315,344,175,82,48,14,12,12,9,10,10,0,0,0
69,90,95,53,68,82,95,130,160,191,176,174,121,79,54,11,6,0,7,5,7,6,7,7
72,102,102,94,78,86,100,133,166,181,189,185,152,100,58,41,24,24,10,8,5,7,0,9
89,119,107,84,75,77,105,113,124,108,160,201,161,126,68,52,14,14,4,13,13,12,9,9
47,55,57,51,51,54,57,62,87,94,162,179,160,132,75,56,38,12,4,12,4,1,6,7
14,17,36,29,33,30,50,79,113,133,170,166,141,128,87,64,48,13,12,14,1,13,9,0
10,23,25,13,13,29,50,70,107,132,159,163,147,127,105,67,32,16,13,10,13,0,5,8
0,10,11,4,8,14,54,100,101,121,146,147,137,123,108,98,14,8,7,9,2,5,4,0
0,0,4,0,7,17,53,77,69,69,104,122,120,117,107,78,31,0,2,6,9,10,9,13
0,0,0,0,0,42,51,68,78,64,77,94,115,109,73,62,50,11,0,0,2,6,8,5
0,0,0,0,12,51,60,63,60,65,85,88,107,71,61,55,51,12,0,0,6,6,3,4
1,14,8,11,33,43,45,50,60,90,121,115,95,91,71,65,44,25,8,14,12,12,8,6
0,3,7,4,12,47,65,70,65,113,131,137,130,97,94,106,66,22,12,12,8,3,4,4
0,0,7,4,11,42,54,100,101,104,125,143,151,156,170,141,118,49,12,9,13,8,0,2
0,0,0,8,10,13,47,63,57,70,123,134,158,247,236,158,115,54,25,15,9,0,1,6
0,0,0,6,4,6,14,40,65,79,107,125,152,185,170,138,100,52,23,7,12,13,10,9
0,0,10,11,15,17,29,50,59,107,121,136,162,193,169,148,115,76,41,13,0,0,5,3
0,0,5,1,8,14,14,88,113,111,126,151,168,176,156,142,115,101,50,3,10,9,4,0
0,0,0,3,15,60,48,85,102,106,120,147,161,165,147,134,108,90,22,13,8,0,2,10
6,4,7,11,44,74,100,100,63,102,122,145,155,151,142,117,106,70,32,10,3,0,4,8
0,3,0,14,41,56,69,90,67,100,116,131,145,140,129,108,100,35,13,3,0,5,7,12
0,5,0,13,66,103,105,65,70,77,110,132,126,132,125,107,102,12,7,0,0,7,5,3
6,1,0,10,94,84,83,79,69,56,73,93,104,119,113,100,90,13,0,0,0,3,0,0
0,6,1,4,59,56,69,62,59,55,61,65,83,80,62,50,38,9,0,0,4,5,6,3
7,7,7,12,53,57,66,52,57,51,50,73,67,87,81,50,36,11,2,9,11,6,7,6
0,3,6,3,50,75,76,64,60,55,66,59,56,71,104,64,43,11,14,21,14,3,4,7
5,0,7,0,9,90,85,76,67,51,25,52,60,83,94,85,50,13,11,10,8,1,5,6
0,0,0,0,23,85,145,71,61,49,22,38,54,65,79,76,22,12,11,9,6,0,2,4
0,0,0,0,10,52,69,61,62,32,13,14,50,69,73,67,45,8,10,10,5,2,7,6
0,0,0,0,0,25,52,56,50,15,8,5,20,61,74,63,41,6,4,0,0,0,4,0
0,0,0,0,1,13,50,52,51,13,11,6,14,66,78,65,56,10,8,11,3,4,0,5
0,0,0,0,6,11,41,51,50,14,12,11,14,56,78,86,65,22,6,9,8,0,0,0
0,0,0,0,0,24,51,52,50,24,11,11,20,57,94,89,72,23,9,7,0,3,7,0
0,0,0,1,0,12,52,53,52,18,13,12,12,54,79,73,60,19,8,3,0,0,3,1
0,0,0,5,4,14,52,52,40,14,12,9,13,54,102,80,52,13,7,5,0,0,7,0
0,0,0,0,3,13,29,50,37,8,7,6,10,18,65,53,50,12,12,11,0,2,9,9
3,0,0,0,6,5,45,36,10,6,9,0,0,11,33,56,18,14,9,5,6,9,8,2
4,0,0,2,0,6,13,14,9,4,3,0,12,10,48,24,0,10,0,3,7,0,9,6

0

0,0,13,50,11,7,0,4,11,12,10,12,10,10,14,4,0,8,5,6,5,3,10,7
5,9,22,36,11,9,2,13,29,47,50,53,50,13,12,22,13,8,9,13,13,6,5,8
11,16,52,14,0,12,13,43,50,52,44,35,57,12,18,13,20,25,12,13,10,2,9,7
14,52,55,18,4,5,47,32,36,13,12,11,3,3,1,7,8,13,11,8,7,7,5,6
30,55,60,16,0,0,8,6,9,70,101,105,76,9,5,1,8,6,7,10,5,0,0,0
50,64,58,17,11,14,40,69,165,200,348,404,215,62,40,20,12,10,5,11,9,1,0,0
52,59,66,13,14,52,67,108,174,217,307,323,166,80,44,14,12,12,9,10,9,0,0,0
68,92,100,58,69,82,95,128,157,189,177,175,122,79,55,12,6,0,7,4,7,6,7,6
73,107,108,99,79,85,98,130,163,179,189,185,152,100,59,43,23,21,9,7,4,7,0,9
89,126,114,84,74,76,102,109,122,105,154,198,158,126,71,53,14,14,3,12,13,12,9,8
51,57,58,51,52,54,56,61,85,89,155,174,158,133,77,58,38,11,4,11,3,1,6,7
14,29,41,32,33,33,49,75,110,129,165,162,141,129,90,68,48,11,11,13,1,13,9,0
10,27,25,13,14,33,48,67,104,128,154,160,147,129,106,73,42,13,12,9,13,0,4,8
0,11,12,4,10,17,52,100,98,118,143,145,136,124,109,101,37,7,6,8,2,4,3,0
0,2,4,0,6,14,52,73,68,67,102,120,120,118,108,84,42,0,2,6,8,9,9,13
0,0,0,0,0,34,51,67,77,64,77,94,115,110,75,63,52,12,0,1,2,6,8,5
0,0,0,0,10,45,59,63,59,65,85,88,107,72,61,55,52,13,0,0,6,6,2,4
1,14,8,11,32,42,44,49,61,90,121,115,95,93,74,68,45,27,8,13,12,12,7,6
0,3,8,5,12,37,64,70,64,113,131,137,131,99,99,110,68,28,12,13,8,3,4,4
0,0,8,4,7,29,53,100,101,103,125,143,155,169,186,148,122,58,13,9,13,8,0,2
0,0,0,8,9,12,40,59,55,68,121,133,163,274,235,164,118,63,28,18,9,0,1,6
0,0,0,5,2,6,10,25,47,67,104,122,151,186,168,138,103,59,28,7,12,13,10,8
0,0,10,10,14,17,27,38,46,102,117,133,161,194,169,149,117,85,50,13,0,0,5,2
0,0,4,0,7,10,10,72,107,108,122,149,167,175,157,143,117,102,60,4,10,8,3,0
0,0,0,3,13,13,12,44,100,104,118,146,160,165,147,136,109,100,29,13,8,0,2,10
6,5,6,11,14,42,83,89,44,101,121,145,156,152,143,118,107,92,41,10,3,0,3,8
0,3,0,13,23,52,66,82,46,96,116,132,145,140,130,108,101,62,14,2,0,5,6,12
0,4,0,12,55,102,104,63,66,74,110,133,126,132,126,108,103,16,9,0,0,6,5,3
6,3,0,8,79,81,83,79,68,55,73,94,104,119,114,101,96,14,1,0,0,3,0,0
0,7,0,0,57,55,69,62,60,55,61,65,82,79,62,50,40,9,0,0,3,4,6,3
7,7,5,12,52,57,66,53,57,51,50,74,67,86,82,51,38,13,2,9,11,6,7,6
0,4,6,6,50,78,78,65,61,57,68,58,56,71,104,65,48,11,14,21,14,3,4,7
6,0,8,0,12,101,97,77,68,52,26,52,60,83,95,85,51,13,11,9,8,1,5,6
0,0,0,0,34,90,147,77,66,50,22,40,54,65,80,77,22,12,11,9,6,0,2,4
0,0,0,1,10,51,66,63,62,39,13,13,51,68,74,70,48,7,10,10,5,2,7,6
0,0,0,0,0,20,51,56,50,10,8,5,23,61,75,64,41,7,5,1,0,0,4,0
0,0,0,0,0,13,48,53,52,13,10,5,21,67,80,68,56,11,9,11,3,4,0,5
0,0,0,0,4,9,35,51,50,14,12,11,15,58,80,88,66,28,7,10,8,0,0,0
0,0,0,0,0,14,51,52,50,35,12,13,22,58,95,91,74,25,10,8,0,3,7,0
0,0,0,1,0,9,52,53,53,22,14,13,14,54,79,74,61,20,8,3,0,0,3,1
0,0,0,6,4,12,51,52,42,21,11,7,13,55,102,80,52,14,8,6,0,0,7,0
0,0,0,0,2,12,26,50,46,9,6,8,11,26,64,53,50,12,12,11,0,2,9,9
3,0,0,0,5,3,23,34,11,7,10,2,0,11,32,55,18,14,9,5,7,9,8,2
4,0,0,2,0,4,13,14,10,5,3,0,12,10,44,21,0,10,0,3,7,0,9,6

0

0,0,7,11,38,50,0,4,10,12,10,11,9,10,14,4,0,8,5,6,5,3,10,6
10,4,9,52,53,39,7,12,28,45,50,53,50,13,12,22,13,8,8,13,13,6,5,8
16,13,47,51,4,11,12,41,50,53,47,38,59,12,17,13,20,24,12,13,10,1,9,6
18,40,58,32,3,8,43,31,40,12,12,10,4,5,0,7,8,13,11,7,6,7,5,5
28,52,61,48,0,3,6,4,12,73,100,105,65,8,2,0,6,5,7,10,5,0,0,0
41,61,59,19,9,13,37,70,164,204,338,369,168,58,38,18,12,10,4,10,9,1,0,0
48,59,73,13,14,53,68,108,172,213,290,276,148,77,38,13,12,12,9,10,9,0,0,0
62,95,109,65,70,82,94,127,154,185,174,174,122,79,56,13,6,1,7,4,7,6,7,6
69,115,119,105,78,85,96,128,161,177,190,186,153,101,60,48,24,20,9,7,4,7,0,9
89,148,136,85,74,76,101,106,120,102,150,196,157,126,71,53,14,14,3,12,12,11,9,8
55,63,65,53,52,54,56,60,84,88,152,171,156,133,78,58,41,11,4,11,3,0,6,7
21,46,50,38,34,34,45,73,109,128,164,160,140,129,91,68,50,12,10,13,1,12,9,0
11,33,31,15,14,33,47,67,103,128,153,158,146,128,106,73,45,14,13,8,13,0,3,8
0,12,11,2,10,14,51,99,94,117,142,144,135,124,110,100,39,8,6,8,1,4,2,0
0,3,4,0,4,12,52,73,67,66,100,119,119,118,108,83,40,0,2,5,8,9,8,13
0,0,0,0,0,18,51,66,76,63,75,92,114,109,74,63,52,11,0,0,2,6,8,5
0,0,0,0,10,45,59,63,59,64,83,86,106,71,61,55,52,13,0,0,5,4,1,4
0,13,7,11,32,42,44,49,60,89,119,113,94,92,73,68,45,28,8,13,12,12,7,6
0,3,8,5,11,40,63,69,64,112,130,136,130,98,98,110,70,31,12,13,8,3,4,4
0,0,8,4,7,31,53,100,101,102,124,142,151,165,187,148,124,60,13,9,13,8,0,2
0,0,0,10,9,11,41,62,56,68,121,132,159,269,252,167,119,67,29,19,9,0,1,6
0,0,0,6,2,6,14,31,54,71,105,123,153,189,174,141,106,62,30,8,12,13,11,8
0,1,11,11,15,17,27,44,51,104,118,135,164,197,173,152,119,88,51,14,0,0,5,2
0,0,4,0,7,13,14,85,110,109,124,151,170,178,160,145,119,102,61,4,10,9,4,0
0,0,0,3,14,60,41,71,102,104,119,147,162,167,148,137,110,100,29,13,8,0,2,10
6,4,6,11,38,71,98,100,62,102,122,145,156,153,143,119,107,88,40,10,4,0,4,8
0,2,0,14,40,58,70,91,61,100,116,131,145,141,130,108,100,56,14,2,0,5,7,12
0,4,0,13,62,102,105,65,69,77,110,132,126,132,125,108,102,14,8,0,0,6,4,3
5,1,0,10,91,84,83,80,69,56,74,94,104,118,113,101,93,14,0,0,0,3,0,0
0,6,0,1,59,56,70,62,60,55,61,65,82,79,62,50,39,9,0,0,4,4,6,3
6,6,5,12,53,57,66,53,57,51,50,74,66,86,80,50,37,12,2,9,11,6,7,6
0,3,6,6,50,77,78,65,61,57,68,58,56,71,103,64,45,11,14,21,14,3,4,7
6,0,7,0,12,100,93,78,68,52,26,52,60,83,94,84,50,13,11,10,8,1,5,6
0,0,0,0,32,92,152,76,65,50,21,42,55,65,78,75,22,12,11,9,6,0,2,4
0,0,0,0,10,52,68,63,61,36,13,13,51,68,73,68,45,7,11,10,5,2,7,6
0,0,0,0,0,24,52,56,50,10,9,6,26,62,74,64,41,6,5,1,0,0,4,0
0,0,0,0,0,13,50,53,51,12,10,6,23,68,80,67,56,10,9,11,3,4,0,5
0,0,0,0,5,10,39,51,50,14,12,12,15,58,79,87,65,25,6,10,9,0,0,0
0,0,0,0,0,19,51,52,50,31,12,13,23,58,95,90,73,24,10,8,0,3,7,0
0,0,0,1,0,10,52,53,53,21,14,13,14,54,79,73,60,20,8,3,0,0,3,2
0,0,0,6,4,13,52,53,41,18,11,9,13,55,102,79,52,14,8,6,0,0,7,0
0,0,0,0,3,12,28,50,43,9,7,9,11,28,63,52,50,12,12,11,0,2,9,9
3,0,0,0,5,4,27,33,11,7,10,3,0,11,32,55,16,14,9,5,7,9,8,2
4,0,0,2,0,5,13,14,9,5,3,0,12,10,44,19,0,10,0,3,7,0,9,6

0

0,0,8,13,48,46,0,5,11,12,10,12,10,10,14,4,0,8,5,6,5,3,10,6
10,5,11,53,53,37,8,13,31,47,50,53,50,14,12,22,13,8,8,13,13,6,5,8
14,14,54,51,5,12,12,43,50,53,48,40,59,12,18,13,20,24,12,12,10,1,8,6
18,45,58,33,7,12,48,35,43,12,12,10,4,5,1,7,8,12,11,7,6,6,4,5
31,53,60,46,0,6,6,4,12,73,100,105,67,9,3,0,6,5,6,10,4,0,0,0
46,62,58,23,9,13,38,69,162,201,340,386,186,61,40,19,12,10,4,10,8,0,0,0
50,59,73,14,14,53,67,107,169,209,288,284,153,80,46,13,12,12,8,10,9,0,0,0
65,96,107,65,69,82,94,127,152,182,169,168,120,80,57,13,6,1,7,4,7,6,7,6
70,114,119,106,79,86,97,128,160,175,186,182,152,103,61,50,24,19,9,7,4,7,0,8
89,146,137,87,76,77,101,107,120,102,152,196,159,127,72,54,14,14,2,12,12,11,9,8
55,64,67,53,53,54,56,61,84,90,156,172,158,134,79,59,42,11,3,11,3,0,6,7
23,47,50,39,35,34,46,74,110,130,165,161,140,129,91,69,50,12,10,13,0,12,9,0
11,35,33,18,14,34,47,67,104,129,153,158,146,128,106,73,47,14,13,8,12,0,3,8
0,12,12,2,10,16,52,100,96,117,142,144,135,124,109,100,33,8,5,8,1,3,2,0
0,4,5,0,5,13,52,73,67,67,101,119,119,117,108,83,38,0,2,5,8,9,8,13
0,0,0,0,0,18,51,66,75,63,75,91,113,109,74,63,52,11,0,0,2,6,8,5
0,0,0,0,10,44,59,62,59,64,82,85,106,71,61,55,52,13,0,0,5,4,1,4
1,13,7,11,32,42,44,48,59,88,118,111,93,92,74,68,45,28,8,13,12,12,7,6
0,3,9,5,11,40,63,68,64,111,129,135,129,99,99,111,70,31,12,13,8,3,4,4
0,0,8,4,7,31,53,100,101,102,123,141,151,166,192,150,124,60,13,10,13,8,0,2
0,0,0,10,9,12,42,62,56,68,120,132,158,275,261,169,120,67,29,19,9,0,1,6
0,0,0,6,2,6,14,33,55,71,105,123,152,191,176,142,106,62,30,8,12,13,11,8
0,1,11,11,15,18,28,45,52,104,119,135,164,197,173,152,119,87,51,14,0,0,5,2
0,0,4,0,7,13,19,88,111,110,125,152,170,178,160,145,119,102,60,4,10,9,4,0
0,0,0,3,14,64,47,75,102,105,120,148,162,168,149,137,110,100,29,13,8,0,2,10
5,4,6,12,42,74,100,100,65,102,122,145,156,153,143,119,107,87,39,10,4,0,4,8
0,2,0,14,41,58,70,91,63,100,116,131,145,140,130,108,100,54,14,2,0,5,7,12
0,4,0,13,64,102,105,65,70,78,110,132,126,132,125,108,102,14,9,0,0,6,4,3
5,2,0,10,92,84,84,81,69,56,74,93,104,118,113,101,93,14,0,0,0,3,0,0
0,6,0,2,59,56,70,62,60,56,62,65,82,79,62,50,39,9,0,0,4,4,6,3
6,6,5,12,53,57,66,53,58,51,50,74,66,86,81,50,37,12,2,10,11,6,7,6
0,3,6,6,50,78,78,65,61,57,69,58,56,71,103,64,45,11,14,21,14,3,4,7
6,0,7,0,13,100,93,78,68,52,26,52,60,83,94,83,50,13,11,10,8,1,5,6
0,0,0,0,33,92,154,76,65,50,21,43,55,65,78,75,22,12,11,9,6,0,2,4
0,0,0,0,10,52,68,63,61,36,13,14,51,69,72,67,45,7,11,10,5,2,7,6
0,0,0,0,0,26,52,56,50,11,9,6,25,62,74,63,40,6,5,1,0,0,4,0
0,0,0,0,0,13,50,52,51,12,10,6,23,68,79,66,56,10,9,11,4,4,0,5
0,0,0,0,5,10,40,51,50,14,12,12,16,58,79,87,65,25,6,10,8,0,0,0
0,0,0,0,0,18,51,52,50,31,12,13,23,58,94,90,73,24,10,8,0,3,7,0
0,0,0,1,0,11,52,53,53,21,14,13,14,55,79,73,60,20,8,3,0,0,3,2
0,0,0,6,4,13,51,52,42,18,11,9,13,55,101,79,52,14,8,6,0,0,7,0
0,0,0,0,3,12,28,50,43,9,7,9,11,29,63,52,50,12,12,11,0,2,9,9
3,0,0,0,5,4,29,34,11,7,10,3,1,11,32,55,16,14,9,5,7,9,8,2
4,0,0,2,0,5,13,14,9,5,3,0,12,10,44,19,0,10,0,3,7,0,9,6

0

0,0,9,13,50,40,0,6,11,12,10,12,10,10,15,4,0,8,5,6,5,3,10,6
10,5,12,52,53,36,9,13,33,46,50,53,50,13,12,22,13,8,8,13,13,6,5,8
14,16,53,51,6,13,13,45,50,53,50,42,60,13,18,13,20,24,12,12,9,1,8,6
18,47,58,32,8,13,50,35,43,13,13,11,4,5,1,7,8,12,11,7,6,6,4,5
31,53,60,46,0,7,7,4,13,72,99,104,67,9,4,1,7,5,6,10,4,0,0,0
49,62,58,24,9,13,38,69,161,199,338,388,188,62,39,19,12,10,4,10,8,0,0,0
51,59,73,14,14,52,67,107,168,208,287,284,152,80,46,14,12,12,8,10,9,0,0,0
67,97,107,65,69,82,94,126,151,180,166,166,119,80,57,13,6,1,7,3,7,6,7,6
72,115,120,107,79,87,97,128,160,174,185,181,152,103,61,50,24,19,9,7,4,7,0,8
92,148,139,88,76,78,102,107,120,102,153,197,160,128,73,54,16,14,2,12,12,11,9,8
55,64,67,53,53,55,57,61,84,91,158,174,159,135,80,59,43,11,4,11,3,0,6,7
25,50,50,41,37,35,48,74,111,131,167,162,140,129,91,69,50,12,10,13,0,12,9,0
12,36,36,21,14,35,48,68,105,129,154,159,146,128,106,73,45,14,13,8,12,0,3,7
0,13,13,3,11,15,51,100,97,118,143,144,135,123,109,100,27,8,5,8,1,3,2,0
0,4,6,0,5,12,52,73,67,67,101,119,119,117,108,82,36,0,1,5,8,9,8,13
0,0,0,0,0,14,50,65,75,63,75,92,113,109,74,63,51,10,0,0,2,6,8,5
0,0,0,0,10,42,57,61,58,63,82,85,106,71,61,55,52,13,0,0,5,4,1,4
1,13,7,11,31,41,44,48,59,87,117,111,93,92,74,68,45,28,8,13,12,12,7,6
0,3,9,5,11,37,62,68,63,111,129,135,129,100,100,111,70,30,12,13,8,3,4,4
0,0,8,4,7,30,53,100,101,102,123,141,152,170,192,149,124,59,13,10,13,8,0,2
0,0,0,10,9,11,40,62,56,68,120,132,161,281,259,167,119,65,28,18,9,0,1,6
0,0,0,6,2,6,14,32,55,72,105,124,154,192,176,142,105,62,29,8,12,13,11,8
0,1,11,11,15,18,27,45,52,105,119,136,165,198,174,153,119,87,51,14,0,0,5,2
0,0,4,1,7,14,21,88,111,110,125,153,171,179,161,145,119,102,59,4,10,9,4,0
0,0,0,3,14,65,47,76,102,105,120,148,163,168,149,138,110,100,29,13,8,0,2,10
5,3,6,12,42,74,100,100,65,102,122,146,156,153,143,119,107,87,40,10,4,0,4,8
0,2,0,14,41,58,70,91,65,100,117,132,145,140,130,108,100,54,14,2,0,5,7,12
0,4,0,13,64,102,105,66,71,78,110,133,126,132,125,108,102,14,9,0,0,6,4,3
5,2,0,10,92,84,83,80,69,56,74,94,104,118,113,101,93,14,0,0,0,3,0,0
0,6,0,2,59,56,70,62,60,55,62,65,82,79,61,50,39,9,0,0,4,4,6,3
6,6,5,12,53,57,66,53,57,51,50,74,66,86,80,50,37,12,2,10,11,6,7,6
0,3,6,6,50,78,78,65,61,57,69,58,56,70,103,64,45,11,14,21,14,3,4,7
6,0,7,0,13,100,93,77,68,52,26,52,60,82,93,84,50,13,11,9,8,1,5,6
0,0,0,0,33,92,148,75,65,50,22,42,54,64,78,75,22,12,11,9,6,0,2,4
0,0,0,0,10,52,68,63,61,36,13,14,51,68,72,68,46,7,11,10,5,2,7,6
0,0,0,0,0,26,52,56,50,11,9,6,24,61,74,64,41,6,5,1,0,0,4,0
0,0,0,0,0,13,50,53,52,12,10,6,22,67,79,67,56,10,9,11,4,4,0,5
0,0,0,0,5,10,40,51,50,14,12,12,16,58,80,88,65,27,7,10,9,0,0,0
0,0,0,0,0,16,51,52,50,33,12,13,24,58,95,90,73,25,10,8,0,3,7,0
0,0,0,1,0,11,52,53,53,22,14,13,14,54,79,73,60,20,8,3,0,0,4,2
0,0,0,6,4,12,51,52,42,21,11,9,13,55,102,79,52,14,8,6,0,0,7,0
0,0,0,0,2,12,28,50,47,9,8,9,11,27,63,52,50,13,12,11,0,2,9,9
3,0,0,0,5,3,26,37,11,7,10,2,0,11,32,55,18,14,9,5,7,9,8,2
4,0,0,2,0,4,13,14,10,5,3,0,12,10,43,20,0,10,0,4,7,0,9,6

0

0,1,9,14,50,38,0,5,11,12,9,11,9,10,14,4,0,9,5,6,5,3,10,6
11,6,12,53,53,37,9,13,25,42,50,53,50,13,12,22,13,8,9,13,13,6,5,8
32,23,52,51,6,12,12,38,48,53,45,37,58,12,16,13,20,23,12,13,10,1,9,6
29,48,58,34,7,11,41,28,42,12,12,10,4,4,1,7,8,13,11,7,6,6,4,5
39,53,60,50,0,8,7,3,9,67,90,96,59,8,3,0,6,5,6,10,5,0,0,0
50,63,59,24,9,13,36,65,150,189,321,361,165,60,39,17,11,10,3,10,9,0,0,0
52,60,76,14,16,52,67,104,163,207,281,255,141,77,42,13,12,12,8,10,9,0,0,0
73,103,112,69,71,83,94,125,147,173,162,166,118,78,57,14,6,1,7,3,7,6,7,6
84,128,129,114,82,87,96,123,153,167,180,179,150,100,61,51,19,15,9,7,4,7,0,8
113,178,158,96,80,78,100,102,116,99,145,193,160,131,76,55,22,14,2,12,12,11,9,8
66,76,75,55,53,55,56,59,81,87,150,169,162,138,82,61,47,11,3,11,2,0,6,7
36,52,52,48,37,38,41,70,106,125,160,159,143,136,97,73,52,13,9,13,0,13,9,0
13,44,44,32,21,35,43,62,100,125,148,155,149,134,109,78,52,16,12,6,12,0,3,8
0,14,12,7,6,14,42,73,81,112,137,142,137,127,112,101,51,8,6,7,0,3,0,0
0,8,5,5,0,6,29,56,60,63,96,118,119,119,109,88,42,0,2,4,8,8,7,13
0,0,0,0,0,1,21,52,66,60,73,91,113,109,75,64,52,10,0,0,2,6,8,5
0,0,0,0,5,13,17,53,55,61,82,86,107,72,62,56,52,13,0,0,5,2,1,3
1,14,8,13,23,30,38,42,54,84,119,114,98,97,78,70,46,29,8,13,12,12,6,6
0,5,10,4,10,11,24,58,59,110,131,139,137,111,112,115,72,36,13,13,8,4,4,3
0,0,9,6,5,12,25,77,90,99,124,146,166,197,205,159,128,74,14,10,14,8,0,2
0,0,3,11,8,8,12,40,50,63,119,135,175,291,241,176,124,85,37,23,10,0,1,6
0,0,0,8,11,9,11,13,21,48,101,125,161,199,184,148,113,73,41,11,13,13,11,8
0,4,11,11,14,14,27,33,33,82,112,134,169,207,184,164,128,102,60,31,3,0,5,1
1,0,5,4,9,10,16,66,102,104,120,152,175,186,171,153,127,106,83,9,11,9,4,0
0,0,0,5,13,10,7,13,61,102,118,149,167,175,156,144,114,103,57,14,9,0,1,10
5,4,6,12,10,12,51,71,37,101,121,147,161,159,148,122,110,101,60,10,6,0,4,8
0,2,0,11,12,25,55,71,35,98,117,133,147,144,135,110,102,84,31,3,0,5,6,13
0,3,0,9,13,91,101,60,61,73,110,134,128,135,129,110,103,50,12,0,0,3,0,2
5,3,0,6,21,69,77,75,65,54,74,96,105,120,115,102,100,25,3,0,2,4,0,0
0,6,0,0,45,53,67,60,58,55,62,66,83,80,63,51,43,9,0,0,4,5,8,4
6,6,6,11,49,55,64,52,56,51,50,74,67,85,81,51,42,14,2,10,10,5,6,6
0,2,5,2,44,73,74,63,60,56,68,58,56,70,104,67,51,11,14,21,13,2,3,7
5,0,7,0,12,100,80,71,66,52,24,52,60,81,96,87,52,13,11,9,8,1,5,6
0,0,0,0,30,82,82,71,65,50,23,42,55,63,81,79,22,12,11,9,6,0,2,4
0,0,0,0,8,34,58,63,61,41,14,13,51,66,74,73,50,7,11,10,5,2,7,6
0,0,0,0,0,12,50,56,50,11,9,6,24,61,75,67,44,7,6,1,0,0,4,0
0,0,0,0,0,10,34,52,53,14,11,6,25,67,81,71,57,11,10,11,4,4,0,5
0,0,0,0,3,6,15,51,51,26,13,12,17,59,82,91,67,35,7,10,9,0,0,0
0,0,0,0,0,7,40,52,51,47,13,13,24,58,96,94,76,30,11,8,0,3,7,0
0,0,0,0,0,1,50,53,54,31,13,12,14,55,79,75,61,22,8,3,0,0,4,2
0,0,0,6,4,8,29,52,45,39,11,5,13,55,101,80,53,14,8,6,0,0,7,0
0,0,0,1,2,11,17,48,51,14,6,8,11,28,63,53,51,13,12,11,0,2,9,9
2,0,0,0,5,2,11,36,23,10,10,3,0,10,32,55,24,14,10,6,7,9,8,2
4,0,0,3,0,3,11,32,13,6,0,0,12,10,41,19,0,10,0,4,8,0,9,6

0

0,3,9,13,44,39,1,5,11,11,9,11,9,9,14,4,0,8,5,6,5,3,10,6
13,6,11,52,53,48,9,12,27,41,50,52,50,13,12,22,13,8,9,13,13,6,5,8
42,22,50,51,7,12,12,37,48,53,45,37,58,12,17,13,20,24,12,13,10,1,9,6
30,45,57,38,6,12,38,26,43,12,12,10,4,5,1,7,8,13,11,7,6,6,4,5
39,53,61,51,0,9,6,3,8,66,88,95,57,7,3,0,6,5,6,10,4,0,0,0
50,63,59,24,9,13,35,65,149,188,311,350,157,61,39,16,11,10,3,10,8,0,0,0
52,61,78,14,15,53,67,105,164,207,272,242,139,77,50,13,12,12,8,10,8,0,0,0
75,106,113,70,71,84,95,125,147,173,162,166,117,78,58,14,6,1,7,3,7,6,7,6
88,134,133,117,83,88,96,123,153,168,183,180,146,97,61,51,20,14,9,7,4,7,0,8
119,188,168,98,80,79,99,101,115,98,145,195,161,130,76,55,23,14,1,12,12,11,8,8
71,81,79,56,53,55,55,59,80,85,148,170,164,139,85,62,50,12,3,11,1,0,6,7
38,52,52,46,37,36,36,67,104,124,160,159,144,137,101,75,54,13,7,12,0,12,9,0
14,46,46,34,15,35,40,60,96,124,149,157,149,135,111,81,56,17,12,2,12,0,2,7
0,14,12,10,9,14,37,69,77,111,138,143,137,128,113,102,63,9,6,6,0,3,0,0
0,8,5,6,3,11,31,58,59,63,96,118,120,120,110,92,52,0,2,4,8,7,7,13
1,0,0,0,0,9,32,57,67,60,73,91,114,110,76,65,53,12,0,0,2,5,8,5
0,0,0,0,3,14,36,55,55,61,81,86,107,73,62,56,53,16,0,0,5,1,0,3
1,14,8,13,17,28,40,43,54,82,117,113,96,97,80,73,48,31,10,13,11,11,5,6
0,5,10,4,8,11,38,59,58,108,129,137,134,108,112,119,78,43,13,13,8,3,4,3
0,0,10,6,2,12,32,78,88,95,122,143,160,186,208,166,131,84,21,10,13,8,0,2
0,0,4,11,7,7,12,45,50,61,117,132,165,277,249,182,127,100,42,24,10,0,1,6
0,0,0,8,10,8,10,13,21,45,98,120,155,197,186,152,118,77,45,12,14,14,11,8
0,5,12,11,13,14,26,33,33,72,109,131,167,206,185,166,131,104,62,37,5,0,6,1
0,0,5,7,10,9,14,61,102,103,119,149,173,185,172,154,130,107,87,10,11,10,4,0
0,0,0,3,12,9,9,13,70,101,117,148,166,175,157,145,116,104,63,14,9,0,2,10
5,4,5,11,10,13,66,76,36,101,121,147,160,159,148,122,110,101,63,10,6,0,4,8
0,1,0,11,14,44,59,73,38,95,116,133,147,143,134,110,102,83,31,4,0,6,6,13
0,3,0,8,20,100,103,61,64,73,110,134,127,134,129,110,103,45,12,0,0,3,0,2
5,2,0,6,51,73,79,76,66,55,74,95,105,119,115,101,100,24,3,0,3,5,0,0
0,6,0,0,52,54,68,61,59,55,62,66,83,79,62,50,42,9,0,0,4,5,7,4
6,6,6,11,51,56,64,52,57,51,50,74,67,86,81,51,41,14,3,11,11,6,7,6
0,2,5,5,50,76,75,64,60,57,69,59,56,70,104,66,51,11,14,22,14,2,4,7
5,0,7,0,14,101,88,74,67,52,25,52,60,82,96,87,52,13,11,10,8,1,5,6
0,0,0,0,35,90,111,72,66,50,24,41,55,63,81,79,22,12,11,9,6,0,2,4
0,0,0,0,10,48,60,63,61,41,13,13,52,66,74,73,50,7,11,10,5,3,7,7
0,0,0,0,0,14,51,56,50,11,9,6,25,61,75,67,43,7,6,1,0,0,4,0
0,0,0,0,0,12,42,52,53,13,11,6,25,67,81,70,57,11,10,11,4,4,1,5
0,0,0,0,3,8,24,51,51,25,13,12,17,59,81,90,67,34,7,10,9,0,0,0
0,0,0,0,0,10,50,52,50,45,12,13,24,59,97,93,76,30,11,8,0,3,7,0
0,0,0,0,0,4,51,53,53,29,13,12,14,55,80,75,62,22,8,4,0,0,4,2
0,0,0,6,3,10,42,52,44,34,10,6,13,56,101,80,53,14,8,6,0,0,7,0
0,0,0,1,2,11,21,48,50,12,6,8,11,29,64,53,51,13,12,11,0,2,9,9
2,0,0,0,5,2,12,33,13,10,10,3,1,11,32,55,24,14,10,6,7,9,8,2
4,0,0,3,0,4,12,20,11,6,3,1,12,10,43,21,0,10,0,4,8,0,9,6

0

0,4,9,13,44,40,1,5,11,12,10,11,9,10,14,4,0,9,5,6,6,3,10,6
12,6,12,52,53,48,10,13,28,42,50,53,50,13,12,22,13,8,9,13,13,6,5,8
32,22,51,51,8,12,12,40,50,53,48,39,59,13,20,13,20,24,12,13,9,0,8,6
29,46,58,38,6,12,40,29,43,12,12,10,4,5,1,7,8,12,11,7,6,6,4,4
35,53,60,50,0,10,7,3,9,67,91,98,58,8,4,2,6,5,6,10,4,0,0,0
50,64,59,24,9,13,37,66,151,192,320,367,164,62,40,18,11,10,3,10,8,0,0,0
52,61,78,14,16,53,68,106,166,211,280,255,144,80,50,14,12,12,8,10,8,0,0,0
75,106,113,70,71,84,96,126,148,176,165,168,118,80,58,14,6,1,7,3,7,6,6,6
87,133,133,117,83,88,97,124,155,171,186,181,145,98,62,52,21,15,9,7,3,7,0,8
118,186,167,97,80,78,99,101,116,99,147,197,162,131,77,55,26,14,2,12,12,11,8,8
70,81,78,56,53,54,55,59,80,86,150,171,164,141,87,62,50,12,3,11,1,0,6,7
37,51,51,46,38,38,38,68,104,125,160,159,143,136,101,77,55,13,7,12,0,12,9,0
14,47,44,34,18,39,42,61,96,124,149,155,148,134,112,82,57,18,12,1,12,0,2,7
0,14,13,11,10,16,42,77,79,112,138,142,136,127,113,102,64,9,6,6,0,3,0,0
0,9,6,6,4,12,44,64,61,63,96,117,119,119,110,92,53,0,2,4,7,7,7,13
2,0,0,0,0,12,48,62,70,61,74,91,114,110,76,65,53,12,0,0,1,5,8,5
0,0,0,0,5,22,53,59,57,62,81,85,106,72,62,56,53,19,0,0,5,1,0,3
1,14,8,13,23,33,42,46,56,84,117,112,95,96,79,73,48,31,11,13,11,11,5,6
0,5,10,4,8,12,55,62,60,109,129,136,132,104,108,118,78,44,13,13,8,3,4,3
0,0,9,5,3,13,50,87,94,97,122,142,156,176,204,166,131,82,18,10,13,8,0,2
0,0,3,11,7,7,14,54,53,63,117,132,162,272,254,181,127,97,41,24,10,0,1,6
0,0,0,8,10,8,10,14,32,53,100,121,155,196,185,151,116,75,44,11,13,13,11,8
0,4,11,11,14,15,26,35,38,84,111,133,166,205,184,165,130,103,61,33,4,0,6,1
0,0,5,7,10,11,21,68,103,104,120,150,173,185,171,153,129,106,83,9,11,9,4,0
0,0,0,3,13,11,12,20,92,102,118,148,166,174,156,144,115,103,59,14,9,0,2,10
4,4,6,12,12,14,77,84,45,101,121,147,159,158,147,122,110,101,60,10,6,0,4,8
0,0,0,11,14,50,63,80,44,98,116,133,147,143,134,110,101,83,29,4,0,6,6,12
0,3,0,10,31,101,103,62,65,74,110,134,127,134,128,110,103,41,11,0,0,3,0,2
4,2,0,7,59,75,81,78,67,55,74,96,105,119,115,101,100,22,3,0,3,5,0,0
0,6,0,0,54,54,68,61,59,55,62,66,83,79,62,50,42,9,0,0,4,5,7,4
6,6,6,11,51,56,65,52,57,51,50,74,67,86,81,51,41,14,3,11,11,6,7,6
0,2,5,5,50,76,75,64,60,57,69,59,56,70,104,66,50,11,14,22,14,2,4,7
5,0,7,0,16,102,89,74,67,52,25,52,60,82,96,87,52,13,11,10,8,1,5,6
0,0,0,0,36,93,113,73,65,50,24,43,55,63,80,78,22,12,11,9,6,0,3,4
0,0,0,0,10,49,60,64,61,41,13,14,52,66,73,72,49,7,11,11,6,3,7,7
0,0,0,0,0,14,51,56,50,10,9,6,28,61,75,66,42,7,6,1,0,0,4,0
0,0,0,0,0,12,43,52,53,13,11,7,26,68,80,70,57,11,10,11,4,4,1,5
0,0,0,0,3,8,24,51,51,23,12,12,20,60,82,91,67,34,8,11,9,0,0,0
0,0,0,0,0,10,48,52,51,44,12,14,25,59,97,95,76,29,11,9,0,4,7,0
0,0,0,0,0,3,50,53,53,28,13,12,16,55,80,75,62,22,9,3,1,0,4,2
0,0,0,7,3,9,35,51,44,35,10,6,12,56,101,80,54,14,8,6,0,0,7,0
0,0,0,1,2,11,18,47,51,13,5,8,11,26,62,53,51,13,12,12,0,2,8,9
2,0,0,0,5,2,11,29,14,10,11,4,0,10,30,55,27,14,10,6,8,10,8,1
4,0,0,3,0,3,11,18,12,6,4,2,11,9,30,14,0,10,0,5,8,0,9,6

0

0,4,9,13,38,35,2,5,10,11,9,11,8,9,14,4,0,9,6,7,6,4,10,6
14,7,11,52,53,50,9,12,19,36,50,52,50,13,12,22,13,8,9,13,13,7,5,8
52,26,50,51,10,12,11,32,43,52,41,34,59,13,18,13,20,23,12,13,10,1,9,6
38,45,57,38,0,11,29,22,40,12,11,10,4,5,2,8,9,13,11,7,7,7,4,5
34,53,61,51,0,10,6,3,3,57,72,79,42,6,3,1,6,6,7,10,5,0,0,0
50,65,60,18,9,12,32,61,136,179,280,308,142,60,40,16,11,11,2,10,9,0,0,0
54,63,82,14,17,52,67,104,166,214,263,220,131,76,50,14,11,12,8,10,8,0,0,0
86,113,118,73,73,85,97,127,146,169,156,160,113,77,58,14,6,1,7,3,7,6,7,6
106,149,142,123,88,92,99,122,149,160,174,171,137,93,62,53,20,14,9,7,4,8,0,8
156,220,193,109,90,85,101,98,111,94,136,187,156,127,76,56,27,14,1,12,11,11,8,8
95,102,96,62,56,56,55,57,78,82,140,160,158,137,84,62,50,12,3,11,1,0,6,7
50,54,53,51,43,43,36,63,99,117,150,152,141,137,101,78,57,14,6,11,0,13,9,0
32,51,52,41,27,43,42,55,78,117,141,147,147,136,113,86,60,21,13,1,13,2,2,7
0,21,12,11,13,14,30,38,61,103,128,136,135,130,116,103,72,10,6,4,0,3,0,0
0,10,8,8,9,12,24,29,52,57,84,111,118,121,112,99,57,2,3,2,7,6,7,13
2,3,0,0,4,11,15,16,39,56,69,87,113,111,78,66,54,13,0,0,1,5,8,5
1,0,0,0,8,14,13,40,50,56,77,85,107,73,63,57,53,35,0,0,5,1,0,1
1,18,10,16,23,31,35,33,45,71,113,113,98,104,86,76,49,33,13,12,10,10,3,5
0,6,11,7,12,12,13,38,51,103,127,138,141,122,127,125,86,50,20,14,8,3,3,2
0,0,10,8,4,11,13,24,46,75,116,141,169,194,213,174,138,101,60,12,14,7,0,2
0,0,7,12,7,11,12,14,14,51,106,123,164,238,233,193,137,106,68,34,13,1,1,6
0,0,0,9,10,12,13,14,14,22,50,104,144,198,196,172,134,100,63,34,14,16,12,8
1,6,12,11,14,14,28,31,26,34,61,115,158,216,199,187,151,125,76,65,17,0,4,0
2,2,7,9,12,11,14,39,23,60,106,138,174,196,188,172,147,121,103,69,14,10,2,0
0,0,3,6,10,7,4,13,14,65,109,144,171,184,167,156,128,110,101,43,12,0,0,8
8,5,6,12,10,12,12,14,14,96,114,147,166,165,154,129,117,104,101,18,6,0,1,6
2,4,0,11,11,12,10,10,10,80,113,135,152,147,139,115,106,101,56,7,0,5,5,12
2,4,0,9,7,9,10,12,31,67,108,136,131,137,133,116,107,87,15,0,0,3,0,1
5,2,0,3,2,9,16,22,47,52,73,101,109,123,118,104,102,43,8,0,1,5,0,0
0,5,3,0,7,14,33,47,51,51,65,71,90,84,64,53,48,12,0,0,1,3,6,4
6,8,5,14,14,39,46,39,43,49,51,82,77,92,83,56,46,18,6,11,10,4,5,5
0,0,6,0,14,37,29,14,52,52,80,64,61,75,107,73,53,13,14,24,14,2,4,7
5,0,5,0,7,54,48,52,52,22,26,56,64,85,105,89,53,14,11,10,8,2,6,6
0,0,0,0,12,51,46,51,28,22,13,62,61,63,96,81,21,12,11,10,7,0,2,4
0,0,0,0,0,10,13,27,32,14,11,40,57,62,94,87,46,8,10,11,6,3,7,6
0,0,0,0,0,6,11,11,10,11,6,9,52,62,95,92,43,11,10,2,0,0,4,0
0,0,1,0,0,8,11,12,27,14,12,8,50,72,104,102,61,13,13,12,6,4,2,6
0,0,0,0,8,8,12,12,32,37,13,10,24,67,102,116,78,50,11,12,10,0,1,0
0,0,0,0,0,5,7,12,26,50,16,12,24,61,109,120,91,50,12,9,0,4,7,0
0,0,0,0,0,0,5,13,40,41,23,11,11,54,85,90,76,29,11,6,5,0,5,2
0,0,0,6,2,5,0,12,30,51,14,7,6,51,100,93,68,41,9,7,2,0,7,0
0,2,0,1,0,10,10,12,22,50,26,5,6,11,59,59,58,33,12,13,0,3,5,10
2,0,0,0,3,0,3,0,10,50,14,0,0,1,27,58,56,40,11,5,9,10,9,0
4,0,0,4,0,0,9,13,24,50,10,0,6,7,11,29,2,10,0,6,8,0,9,7

1

1,8,8,12,15,25,3,6,9,10,8,10,8,9,14,4,0,8,6,7,7,4,11,6
19,6,9,50,53,55,8,9,14,31,48,52,50,14,12,22,13,7,8,14,14,7,5,8
54,15,15,51,15,14,10,13,33,51,44,43,62,13,27,14,21,25,12,13,10,1,9,5
33,36,56,42,3,10,15,12,38,12,8,10,5,6,5,8,9,12,11,6,4,6,3,4
19,52,60,52,0,9,5,4,0,26,24,65,13,7,9,7,8,5,9,10,4,0,0,0
50,65,60,22,10,12,27,52,116,157,251,249,142,76,50,21,12,12,2,8,8,0,0,0
55,64,85,45,15,52,66,110,200,248,272,251,159,106,67,50,13,13,8,10,8,0,0,0
97,116,119,75,75,88,102,138,170,194,165,169,123,85,73,56,9,3,9,4,7,4,5,4
121,164,147,130,99,102,105,125,144,146,156,166,147,116,86,65,50,14,9,6,3,7,0,7
180,237,207,123,105,98,105,95,103,88,124,178,162,142,104,73,54,14,3,12,10,10,7,8
121,125,116,74,62,59,56,54,68,70,125,148,165,153,109,78,61,29,2,9,0,0,4,6
50,54,54,50,45,46,37,46,67,90,128,140,142,150,125,106,77,53,14,7,0,11,8,0
33,50,49,37,25,40,38,48,54,91,118,130,146,143,133,112,85,50,20,0,7,0,1,4
6,20,13,13,13,13,16,19,52,67,105,117,131,134,128,113,101,67,16,0,0,0,0,0
3,11,8,10,9,12,14,14,34,38,59,82,111,123,120,105,85,62,27,1,1,0,1,5
5,5,2,0,4,8,14,14,16,13,54,68,103,111,91,72,59,62,31,2,0,0,1,2
3,1,0,0,10,14,12,29,18,29,55,63,94,75,68,62,58,54,52,7,0,0,0,0
3,20,11,19,24,33,34,25,38,45,64,77,79,98,101,99,69,42,35,14,12,7,2,2
0,6,11,7,12,12,13,20,14,52,100,111,112,104,124,140,117,65,57,45,10,0,1,0
0,1,11,11,5,12,19,24,47,37,66,107,121,134,177,189,158,123,112,107,33,10,0,3
0,0,8,13,11,12,12,13,16,50,81,100,116,152,211,209,173,134,112,79,45,12,5,6
0,0,0,11,11,14,14,20,10,12,38,57,83,148,192,219,206,165,107,99,54,34,17,7
3,8,12,12,15,14,26,30,29,30,42,65,113,173,190,227,240,206,113,102,100,41,6,0
2,1,6,8,11,10,17,41,33,45,100,106,137,171,181,191,213,179,120,104,107,37,10,0
0,1,2,5,8,6,4,14,13,31,100,112,147,164,160,167,156,134,113,102,56,0,0,6
9,6,6,10,9,11,10,12,10,19,98,121,147,150,148,131,131,115,113,103,13,0,4,0
4,5,0,11,10,12,10,8,10,35,91,115,140,140,136,117,113,106,100,18,4,0,0,8
3,5,0,9,7,10,10,9,16,53,90,121,120,130,129,116,110,102,76,0,0,0,0,3
6,2,0,4,6,9,8,11,22,40,53,78,97,114,113,104,104,80,17,0,7,3,0,0
0,6,7,0,6,8,14,14,19,28,45,60,78,70,59,53,52,44,5,0,1,0,0,4
8,11,8,13,10,26,33,25,32,39,39,66,62,70,70,56,51,38,11,8,2,0,0,3
0,2,7,0,12,14,12,11,36,12,19,54,52,60,99,71,61,13,13,17,10,0,4,5
6,0,0,0,1,19,25,20,13,8,10,28,50,62,88,90,66,13,8,9,6,2,3,6
0,0,0,0,7,13,15,14,5,8,3,11,14,53,81,83,28,14,12,9,6,0,3,5
0,0,0,0,0,6,8,12,11,11,7,12,21,52,86,100,56,12,2,5,7,4,8,6
0,0,0,0,0,0,7,8,6,3,0,3,7,52,93,114,53,19,7,4,0,0,5,0
0,0,4,4,0,6,10,9,11,9,10,5,14,62,104,124,69,46,13,11,5,5,3,5
0,0,0,0,9,8,10,8,13,13,14,9,10,57,99,131,94,53,13,8,10,0,2,0
0,0,0,0,0,2,0,9,13,22,46,14,13,55,106,135,108,62,14,9,0,3,8,0
0,0,1,0,0,0,1,12,14,30,29,16,3,51,85,96,93,38,18,4,1,0,4,1
0,0,0,6,5,7,0,6,11,40,48,12,5,14,101,100,77,54,10,10,0,0,8,0
1,4,0,4,0,9,10,12,11,27,44,11,7,0,61,63,62,51,13,12,0,5,10,9
4,0,0,0,5,0,5,0,5,22,17,2,0,0,29,60,58,52,11,6,8,10,9,2
4,0,1,5,0,1,9,12,13,38,11,0,11,4,11,38,9,10,0,9,9,0,9,6

1

9,10,8,7,8,11,7,6,11,10,7,10,8,9,15,4,0,8,5,8,8,4,10,4
13,8,6,12,18,48,8,6,14,25,42,51,50,14,12,24,12,6,7,14,14,7,3,6
13,12,10,14,14,48,13,10,27,51,43,46,61,14,36,19,22,27,13,16,11,2,10,3
15,18,29,42,22,12,14,11,29,13,10,11,5,7,9,10,10,16,11,9,3,8,0,0
14,17,52,52,5,8,5,5,0,24,43,63,50,8,19,13,12,8,15,12,3,0,0,0
26,52,54,42,10,14,29,53,118,158,269,235,165,95,59,29,15,10,4,8,9,2,0,0
40,56,81,56,17,52,66,114,203,244,275,283,196,152,98,55,18,18,11,10,10,0,0,0
74,108,117,75,75,86,100,136,170,197,174,189,141,107,96,69,13,8,10,6,7,5,6,5
107,157,143,127,95,97,98,118,143,157,176,189,177,151,117,76,56,19,9,8,4,6,0,7
155,230,184,112,95,88,100,94,104,94,133,195,185,172,134,90,63,50,6,13,12,9,7,8
92,102,94,63,57,57,55,52,65,68,131,164,187,181,131,101,68,55,9,11,3,0,5,6
42,52,52,46,39,41,34,30,62,84,130,147,153,169,144,120,89,56,28,12,0,11,6,0
27,46,42,29,21,31,34,45,46,81,116,132,151,150,143,124,100,52,34,0,10,0,0,4
4,14,12,13,12,11,13,12,33,59,103,117,135,138,134,121,103,72,50,4,0,0,0,0
2,9,6,10,8,11,10,12,12,13,56,80,113,127,125,109,92,67,37,0,0,0,6,10
5,6,2,0,4,8,12,12,12,11,54,67,104,114,100,73,59,64,37,0,0,0,3,4
4,3,2,0,11,12,11,26,12,22,55,63,97,77,71,64,59,54,52,6,0,0,0,0
3,20,9,20,19,31,31,23,34,45,64,80,83,104,108,104,75,42,34,14,12,5,5,4
0,6,11,7,11,10,12,14,12,53,101,112,121,113,132,145,119,66,54,32,9,0,2,1
0,2,11,10,5,10,13,12,13,14,74,110,134,161,211,201,157,120,108,101,13,11,0,4
0,3,11,13,10,11,12,11,10,11,64,101,132,203,236,217,171,131,107,66,35,8,5,7
0,0,0,10,10,12,13,14,8,7,24,63,114,188,206,216,195,151,101,88,41,25,14,6
4,9,12,11,14,14,22,26,13,13,38,91,136,201,206,228,229,187,106,99,82,23,5,0
2,2,7,7,9,6,12,14,10,14,86,115,153,185,196,199,211,167,117,102,103,14,9,0
0,2,2,4,5,4,0,11,10,11,101,123,158,176,174,176,158,131,111,95,29,0,0,8
9,6,5,9,8,10,8,9,6,45,104,132,156,160,158,136,132,114,109,98,9,0,6,0
4,4,0,9,6,9,7,4,5,42,104,125,145,145,142,120,114,104,76,13,2,0,0,9
4,5,0,6,5,9,8,7,12,57,103,129,126,134,135,118,110,101,28,0,0,0,0,4
5,1,0,1,2,3,11,14,13,51,64,89,102,119,118,105,103,63,13,0,10,2,0,0
0,5,7,0,1,0,24,50,45,37,59,64,81,75,62,53,50,33,0,0,1,0,0,5
7,11,8,11,8,21,48,41,47,43,50,72,66,77,76,56,50,30,10,9,8,0,0,2
0,1,9,3,11,14,32,50,52,38,62,58,55,64,103,73,57,13,14,20,10,0,0,5
6,0,0,0,5,12,42,51,54,36,15,51,57,72,98,92,58,13,9,9,5,1,5,6
0,0,0,0,6,11,13,52,52,33,10,50,52,56,87,81,21,13,11,9,7,0,4,5
0,0,0,0,0,6,9,18,50,13,9,14,51,58,88,93,51,10,8,6,7,4,8,6
0,0,0,0,0,0,1,10,13,9,5,6,25,59,85,99,51,13,8,2,0,0,5,0
0,0,5,3,0,6,9,13,44,30,11,6,30,68,98,103,65,24,12,12,7,5,2,5
0,0,0,0,7,7,8,12,46,50,17,11,14,62,95,115,84,52,11,9,10,0,2,0
0,0,0,0,0,0,0,12,40,50,35,11,19,58,105,120,100,57,13,9,0,4,8,0
0,0,1,0,0,0,0,15,51,42,23,11,6,53,83,87,80,33,14,4,1,0,5,2
0,0,0,5,1,4,0,12,34,50,16,8,4,50,101,90,68,50,9,8,0,0,9,0
0,3,0,4,2,8,9,15,42,42,14,9,6,11,59,57,57,39,12,12,0,4,10,10
4,0,0,0,5,0,6,2,13,34,12,5,0,3,25,57,54,43,11,6,8,10,9,1
4,0,1,5,0,1,9,13,34,36,6,0,7,7,10,20,5,10,0,8,10,0,9,6

1

8,9,6,5,7,12,10,12,11,10,4,7,5,8,10,6,0,8,4,7,8,5,11,5
13,6,5,11,20,55,13,16,11,13,10,33,17,12,10,21,13,6,5,14,14,8,6,8
12,11,10,21,35,59,14,13,10,26,14,22,37,11,14,13,18,21,12,14,12,4,12,7
13,17,32,39,43,14,14,10,14,10,8,9,2,4,7,8,9,14,11,9,7,10,5,4
14,25,54,54,20,8,6,5,0,10,8,53,20,4,11,11,8,7,13,12,4,0,0,0
34,57,58,48,12,14,23,36,86,95,152,130,105,61,38,15,13,9,2,10,10,2,0,0
53,62,88,60,20,51,64,104,173,201,230,234,149,102,68,37,10,13,10,10,10,0,0,0
101,118,123,76,76,85,97,133,166,193,162,159,112,85,78,61,10,7,9,4,7,6,7,6
146,181,148,129,97,96,97,117,137,147,161,169,147,119,95,72,56,13,11,9,6,9,0,8
203,220,167,109,93,87,100,90,101,89,123,180,162,149,120,84,60,27,5,13,13,10,8,8
70,84,74,56,54,55,55,52,63,68,123,150,170,167,124,89,62,51,8,11,2,0,6,7
39,54,53,43,38,43,32,13,62,84,124,139,146,165,140,114,78,53,21,11,0,12,9,0
27,52,67,45,30,34,22,14,31,79,114,127,146,148,140,119,89,50,29,0,11,6,1,1
21,55,69,48,57,59,13,26,10,48,102,115,131,137,133,119,102,66,37,0,0,0,0,0
3,111,137,120,65,56,35,10,7,11,53,76,111,127,126,109,87,62,31,0,0,0,8,11
6,82,121,108,66,21,12,12,6,9,51,64,104,113,101,74,60,64,36,0,0,10,12,4
11,61,84,56,49,24,30,35,12,23,51,61,97,78,72,65,61,55,55,1,0,1,0,0
4,29,32,36,37,39,26,25,38,41,60,77,84,111,119,120,87,45,37,15,8,5,6,5
0,7,13,11,13,12,14,14,10,42,100,111,122,121,147,169,136,81,63,59,11,6,5,2
0,0,14,13,10,10,16,13,9,11,30,105,130,160,230,242,196,139,120,111,52,13,0,4
0,6,12,16,10,13,13,12,14,10,13,60,119,189,245,249,222,172,135,101,62,14,7,9
0,0,0,12,9,11,16,21,12,12,28,42,100,180,222,255,265,246,163,126,81,38,22,8
0,6,12,12,17,14,23,26,15,13,33,59,128,200,219,263,295,300,168,120,104,56,8,2
0,0,7,7,9,7,13,12,10,13,57,107,146,193,214,226,265,268,159,113,114,72,13,0
0,0,0,4,5,3,0,11,12,13,94,116,157,185,188,196,191,165,125,106,88,13,0,8
7,4,0,6,7,10,6,7,8,14,100,130,159,168,170,146,144,126,120,106,45,3,9,0
1,2,0,7,3,9,7,5,4,31,103,128,151,151,151,129,119,107,100,48,6,0,3,10
3,4,0,3,2,9,11,7,13,52,103,136,133,141,143,125,111,101,59,5,0,0,7,0
5,0,0,0,8,9,12,11,14,39,74,102,113,126,123,107,102,55,29,4,5,5,0,0
0,5,7,1,2,6,13,13,17,51,72,74,89,77,59,50,43,19,4,0,4,3,0,2
8,11,9,12,11,21,40,25,36,52,54,86,68,72,60,41,30,23,12,11,9,2,0,0
0,1,8,7,13,14,14,13,13,58,104,68,55,58,50,14,11,12,13,21,12,0,0,0
7,0,0,3,7,12,17,9,22,58,58,60,55,50,10,13,11,11,8,9,6,3,0,0
0,0,0,0,2,12,12,2,20,43,55,61,50,49,45,37,18,13,11,9,7,5,9,3
0,0,0,0,0,10,3,5,14,9,24,51,50,51,53,34,27,13,11,9,9,0,8,8
0,0,0,0,0,6,0,8,10,7,7,33,55,59,65,56,34,14,11,6,0,0,2,0
0,0,2,2,0,2,6,11,14,10,7,12,50,62,69,58,53,14,13,11,9,2,0,5
0,0,0,0,5,3,9,10,14,13,11,9,15,46,54,60,54,23,9,12,7,0,0,0
0,0,0,0,0,5,4,11,13,14,7,10,21,50,57,55,55,15,11,10,7,5,8,0
0,0,2,0,0,0,0,12,14,15,14,7,9,14,53,50,33,15,11,8,8,5,11,8
0,0,0,9,4,7,4,11,18,14,10,4,5,13,51,30,13,11,9,8,2,0,3,7
0,3,0,5,5,10,12,13,12,9,10,12,8,7,31,21,11,11,12,10,0,4,0,9
2,3,0,0,7,2,5,5,7,9,5,10,4,0,11,12,8,13,11,7,9,10,9,0
4,0,4,7,3,2,8,11,11,7,2,2,9,9,3,10,0,8,2,9,11,3,8,6

1

11,11,9,7,9,12,9,10,11,11,6,8,5,9,17,8,0,10,8,7,7,6,12,6
14,12,11,14,39,58,32,12,12,13,12,17,14,11,10,23,12,9,8,13,14,8,9,10
13,13,13,14,27,72,29,13,11,13,14,12,14,11,14,13,17,16,11,14,13,3,12,11
19,24,28,34,33,22,24,12,16,7,1,2,0,2,8,8,7,19,12,10,9,9,10,10
14,28,43,50,35,0,3,1,0,0,0,10,6,0,3,4,10,11,13,13,8,5,7,5
28,51,53,51,12,9,8,23,56,50,85,62,47,16,21,14,10,4,3,13,11,4,0,4
51,57,80,60,13,29,53,70,100,95,100,90,67,26,17,8,1,3,10,11,8,1,0,0
93,109,114,63,62,67,80,110,122,117,107,96,73,60,50,6,2,6,10,2,7,6,3,8
133,157,136,113,85,88,87,99,114,106,100,102,97,72,65,58,11,9,10,8,6,10,0,2
167,199,165,106,90,85,92,78,82,69,110,123,120,117,85,71,56,8,3,5,11,12,4,5
123,115,101,65,58,57,54,14,51,61,102,110,133,136,109,91,66,52,5,8,4,3,10,7
50,53,52,49,43,42,29,8,28,67,99,115,130,147,133,118,87,58,22,3,0,5,5,0
35,47,51,46,35,31,23,24,32,64,104,119,143,144,142,129,106,54,43,0,0,0,0,0
30,44,46,50,55,62,27,14,10,13,99,110,132,138,138,133,114,88,93,3,0,0,0,0
31,96,118,112,58,53,35,26,8,6,41,75,111,124,130,121,110,92,81,6,0,3,2,3
14,57,87,105,66,45,13,14,9,11,14,62,95,110,104,85,72,92,64,22,0,0,3,3
14,45,48,46,36,19,32,26,12,13,21,56,83,73,75,77,79,70,85,51,1,0,0,0
7,16,25,32,34,35,27,23,35,32,49,56,65,94,120,145,142,101,67,55,40,10,9,7
0,6,11,8,12,13,14,15,9,12,60,100,81,82,120,172,177,145,117,120,53,23,8,5
0,1,12,11,9,12,18,21,13,16,9,14,102,105,145,217,237,202,159,133,120,56,12,5
2,2,3,14,10,13,14,14,20,14,22,71,86,117,181,232,244,221,186,151,123,77,54,9
0,0,0,12,10,14,21,20,16,20,34,43,50,110,168,245,277,280,200,169,124,81,56,19
4,8,12,9,14,11,16,24,30,28,33,42,100,143,173,228,279,304,203,153,130,99,50,11
0,0,6,4,10,7,12,12,11,13,31,99,122,168,187,203,246,250,179,142,131,108,54,3
0,1,1,0,5,5,0,3,8,13,77,107,140,169,177,185,181,161,137,123,104,51,2,7
9,3,4,4,3,9,6,7,6,12,100,123,148,159,166,142,137,130,120,112,55,8,11,0
3,1,0,4,4,8,9,6,8,13,105,120,143,141,146,120,111,105,82,51,13,3,3,6
2,3,0,5,0,8,10,12,21,66,107,124,122,128,124,106,104,93,47,9,7,4,5,0
6,0,0,0,6,9,5,4,15,63,84,85,94,102,96,85,80,45,31,13,10,10,0,0
1,4,7,0,7,7,4,5,27,69,75,62,64,54,46,41,35,14,12,6,4,0,0,2
7,10,7,13,11,16,12,13,41,59,54,67,53,50,44,34,19,26,13,12,5,0,0,0
0,2,10,5,10,9,8,10,40,62,103,63,52,50,13,16,13,13,14,21,11,0,0,0
4,0,3,0,0,7,3,0,52,73,71,63,52,17,12,12,11,12,11,10,5,1,0,0
0,0,0,0,0,0,0,0,14,56,62,78,52,42,50,50,17,14,10,10,7,3,4,8
0,0,0,0,2,3,0,0,6,33,62,69,59,53,54,34,30,13,5,8,9,0,6,7
0,0,0,0,0,0,1,0,0,10,53,70,83,81,77,62,40,14,10,0,0,0,1,0
0,0,0,6,0,4,0,7,10,5,17,68,98,158,143,81,57,36,13,11,4,6,5,5
0,0,0,8,9,2,0,0,0,6,10,54,100,155,190,119,73,44,16,4,7,0,3,0
2,0,0,0,0,0,5,6,8,8,5,25,64,122,174,186,111,59,21,9,0,0,5,0
0,0,0,0,0,0,0,1,0,0,7,12,48,72,115,133,118,57,38,6,4,2,0,3
1,0,0,5,4,6,8,10,12,10,12,11,20,51,100,124,129,101,53,11,0,0,5,0
3,6,0,0,3,6,9,8,0,0,0,9,12,19,37,66,109,101,68,10,5,8,8,8
0,4,0,0,6,2,0,0,0,0,0,0,0,9,8,6,76,119,126,22,6,12,6,0
4,0,3,7,2,0,6,8,7,1,2,0,9,12,10,11,53,86,75,24,13,0,7,4

1

8,9,3,4,8,13,9,8,7,10,1,7,4,8,10,4,0,6,1,8,9,5,11,5
12,2,3,12,34,58,33,21,7,13,14,37,14,12,11,23,10,2,4,14,14,7,6,6
12,11,11,21,42,66,33,13,12,30,23,43,46,7,17,14,19,23,11,14,11,2,11,3
12,15,30,35,14,11,13,9,2,22,14,9,3,4,2,2,7,10,11,8,4,9,2,0
10,14,41,41,14,10,6,6,31,59,53,64,58,8,14,9,12,8,15,11,0,0,0,0
20,48,50,19,12,14,55,90,184,246,363,318,177,94,51,24,14,9,5,6,10,3,0,0
24,51,59,13,13,53,77,141,237,336,440,411,222,139,81,43,12,14,9,11,12,1,0,0
56,71,71,55,69,80,98,136,184,242,278,251,177,116,84,59,9,8,10,4,6,4,5,6
71,94,85,91,80,88,92,117,152,184,221,225,196,158,113,75,51,11,9,3,0,2,0,8
71,90,89,72,72,74,89,91,109,110,182,222,208,188,133,97,69,17,5,11,8,8,9,7
31,39,50,47,43,51,53,53,65,88,152,187,206,194,143,113,74,55,10,10,2,0,2,7
12,13,23,27,15,28,31,31,65,87,136,158,171,186,155,128,95,57,24,12,0,4,0,0
14,17,23,14,20,21,28,39,57,83,118,142,164,162,150,131,104,52,25,0,12,0,0,5
12,18,22,14,14,13,14,14,40,65,104,120,139,144,139,128,106,70,54,4,8,0,0,0
9,28,13,12,8,11,10,13,31,50,59,82,114,126,130,111,96,65,32,4,8,0,6,10
10,11,6,9,1,3,9,2,29,51,55,67,102,113,104,72,61,64,29,11,0,1,8,4
10,10,5,10,12,12,11,10,14,50,55,60,98,81,76,68,62,55,50,4,6,0,0,10
6,21,12,19,17,25,19,26,35,47,59,66,86,129,130,115,93,46,33,14,11,5,9,8
0,6,11,6,9,4,0,2,12,41,95,104,122,125,140,149,129,79,53,31,11,7,4,5
0,6,11,7,1,3,8,8,5,7,15,105,133,162,205,179,163,134,108,101,22,8,5,5
4,3,9,12,6,7,11,12,13,13,14,110,160,197,223,219,195,145,109,63,36,11,6,8
0,0,0,10,4,5,9,13,12,12,40,105,179,208,245,265,238,159,105,101,45,26,15,8
4,8,12,10,13,6,9,18,28,31,69,134,187,214,246,252,227,155,95,102,64,22,6,3
1,0,6,4,6,5,4,10,13,76,108,148,188,209,220,207,179,140,115,104,97,13,10,0
0,3,0,0,4,0,0,6,17,91,116,148,169,181,177,170,142,122,105,55,12,0,1,10
9,2,5,0,4,4,1,7,13,102,123,147,161,164,159,137,124,107,101,38,12,0,13,0
1,2,0,5,1,8,9,11,13,101,118,132,146,143,141,120,105,100,45,12,3,0,2,8
3,6,1,3,3,9,11,10,16,94,116,133,127,129,124,107,102,45,14,0,0,0,3,3
1,0,0,0,3,0,4,7,28,70,101,100,99,107,102,94,80,25,21,9,4,10,0,0
1,7,7,0,0,1,0,9,23,73,82,66,69,60,52,46,33,13,10,4,0,1,0,4
7,8,7,12,10,14,11,15,33,57,55,73,61,61,56,41,32,22,11,12,7,0,0,0
0,0,9,3,12,9,8,6,13,51,101,68,58,56,56,46,13,11,13,20,3,0,0,0
5,0,1,0,0,4,1,0,13,57,64,80,69,60,52,13,9,9,7,7,0,0,0,0
0,0,0,0,0,1,5,0,5,50,58,79,61,51,51,51,14,10,11,9,7,4,6,4
0,0,0,0,6,6,1,0,5,14,52,59,63,54,53,30,29,11,8,2,7,0,6,7
0,0,0,0,0,0,0,0,0,7,50,62,78,74,65,53,29,13,9,0,0,0,1,0
0,0,4,7,0,4,0,0,0,0,41,67,92,129,98,57,42,16,11,12,9,7,5,6
0,0,0,3,9,4,2,0,0,3,13,67,108,136,107,71,50,14,12,7,10,0,5,0
0,0,0,0,0,2,5,0,0,3,7,56,98,120,114,74,50,13,13,9,0,3,8,0
0,0,0,0,0,0,0,4,0,0,9,50,98,106,95,61,29,17,11,8,1,2,5,5
2,0,0,8,4,5,7,8,13,10,2,14,65,103,109,64,25,11,9,10,1,0,10,0
2,7,0,2,7,2,8,11,2,0,0,7,51,70,84,46,24,12,12,11,5,9,11,10
0,4,0,0,7,5,0,0,0,7,3,8,11,52,41,51,12,13,6,12,6,13,9,4
3,0,3,7,2,0,7,9,10,0,1,0,11,17,43,16,8,10,0,14,11,1,9,6

1

7,7,2,4,9,13,10,9,8,11,2,6,5,9,12,5,0,7,3,7,8,4,11,5
11,0,3,15,50,64,39,17,8,14,15,36,23,13,12,22,12,4,5,13,14,6,5,7
10,10,12,41,50,67,15,13,14,26,29,14,45,10,14,12,18,21,10,13,10,1,11,5
10,19,37,40,13,13,13,5,2,11,13,8,1,4,0,2,4,6,9,7,4,9,4,4
9,27,52,51,13,6,6,8,66,96,100,79,52,24,11,6,10,8,12,12,2,0,0,0
17,51,51,21,13,14,58,97,180,246,328,282,172,103,56,29,12,9,3,4,10,2,0,0
30,52,61,13,14,54,75,125,192,250,302,273,183,122,76,32,11,13,7,10,9,0,0,0
61,76,75,55,68,77,91,124,150,184,198,195,146,104,79,58,7,5,8,3,7,5,6,5
76,99,86,89,78,83,86,112,144,173,194,195,170,132,98,69,41,6,10,5,1,4,0,8
75,95,93,73,69,71,85,85,104,107,178,206,190,172,121,85,62,14,5,11,10,8,10,7
50,50,53,49,49,51,53,51,63,89,156,184,197,185,140,110,70,52,10,11,0,0,2,6
10,14,21,12,17,28,27,37,69,96,145,162,167,182,152,127,93,56,21,13,0,6,0,0
12,13,13,7,6,12,22,46,63,100,130,152,172,168,149,131,105,52,27,0,11,0,0,5
6,10,7,10,9,1,11,29,53,74,112,132,146,148,141,130,108,72,57,5,1,0,0,0
1,10,9,10,6,0,7,14,41,53,67,101,120,130,133,115,100,67,40,4,6,0,5,10
8,4,1,2,0,0,7,10,53,54,59,75,108,116,106,75,62,67,35,13,0,2,8,4
9,4,0,8,8,9,13,14,50,52,58,65,102,81,77,70,64,55,52,7,6,0,0,9
6,14,10,15,12,22,25,34,41,50,65,74,84,119,130,124,99,49,35,15,12,5,8,7
0,6,10,6,10,9,6,11,28,56,101,107,118,119,147,157,133,83,55,32,11,6,4,5
0,6,11,8,1,6,11,12,11,13,62,105,130,169,220,189,167,136,109,103,14,8,5,5
4,2,8,13,9,10,12,13,15,23,34,107,151,201,228,224,196,148,115,72,41,12,6,8
0,0,0,11,9,11,14,15,14,15,38,89,163,207,242,265,245,174,115,105,52,28,16,8
5,8,12,11,14,7,11,22,30,36,54,123,170,202,249,277,261,178,105,107,95,31,5,2
1,0,6,5,7,6,4,10,14,52,105,138,172,197,225,234,212,149,122,107,104,14,10,0
0,2,0,0,4,2,0,6,16,88,113,139,159,174,179,179,152,129,111,78,22,0,2,10
9,3,5,0,5,6,2,6,14,102,119,139,152,158,159,141,130,112,107,69,13,0,13,0
2,2,0,5,6,10,8,11,18,102,115,127,142,141,142,123,108,102,64,14,4,0,2,9
3,4,0,3,4,10,11,11,29,94,113,129,124,128,125,111,104,66,23,0,0,0,4,4
1,0,0,0,3,0,0,7,49,69,96,94,96,108,104,100,88,28,22,9,4,10,0,0
1,7,7,0,0,2,0,9,50,75,78,64,67,61,53,47,33,14,10,5,0,0,0,4
7,8,7,12,10,14,10,19,43,59,55,70,59,62,56,40,29,21,11,12,6,0,0,0
0,1,9,4,12,10,7,9,28,55,102,65,56,56,54,35,13,11,13,20,5,0,0,0
5,0,2,0,0,4,0,0,41,55,64,72,62,54,24,10,8,9,6,7,0,0,0,0
0,0,0,0,0,1,5,0,10,52,57,72,55,45,50,47,14,9,11,10,7,3,6,4
0,0,0,0,4,6,1,0,5,26,53,61,55,51,50,29,28,10,8,4,6,0,5,6
0,0,0,0,0,0,0,0,0,10,52,63,72,67,59,51,29,12,9,0,0,0,1,0
0,0,4,7,0,4,0,0,0,1,53,67,89,117,94,56,42,15,10,11,8,7,5,6
0,0,0,5,9,4,4,0,0,5,21,68,105,129,104,74,52,15,12,6,10,0,5,0
0,0,0,0,0,1,7,1,0,1,10,57,97,117,113,76,51,14,12,8,0,3,8,0
0,0,0,0,0,0,2,5,0,0,11,50,97,107,100,65,44,18,10,6,0,0,5,5
2,0,0,8,3,5,7,9,13,11,5,13,62,100,111,71,33,14,9,10,0,0,9,0
3,7,0,3,7,0,5,10,5,0,0,9,15,66,85,52,45,13,12,11,5,7,10,10
0,4,0,0,7,4,0,0,0,9,5,8,9,48,41,54,14,13,4,10,6,12,9,3
3,0,4,7,3,0,7,9,9,0,1,0,10,13,51,50,10,9,0,12,10,0,9,6

1

8,9,4,4,8,13,10,9,8,11,3,7,6,9,12,5,0,7,4,8,8,5,11,5
12,3,5,13,48,67,47,20,9,17,27,48,31,13,12,23,12,4,6,14,14,7,5,7
11,10,11,14,48,71,20,13,19,39,34,21,46,11,15,13,20,24,11,14,10,1,11,5
10,14,29,34,13,13,14,6,3,13,13,8,1,5,1,3,5,7,9,7,3,9,4,3
7,13,35,47,13,7,6,6,57,91,94,77,53,30,13,8,11,8,13,12,3,0,0,0
14,39,47,18,12,13,57,92,169,236,333,293,181,111,60,32,14,9,3,4,10,1,0,0
14,50,58,13,13,53,72,119,180,236,303,284,195,138,88,51,12,13,7,10,9,0,0,0
53,68,69,52,66,75,89,121,147,183,200,197,153,114,88,63,9,5,9,3,7,5,6,5
64,88,80,84,75,81,84,109,140,166,188,192,173,140,107,75,55,7,10,4,1,4,0,7
68,87,87,71,67,70,83,83,100,102,170,201,192,179,130,98,73,52,7,12,11,7,9,7
45,50,54,50,50,52,53,50,62,82,146,179,197,189,146,120,82,60,13,11,0,0,1,6
7,13,15,11,17,25,27,27,64,88,135,154,165,184,159,135,104,61,36,15,0,5,2,0
11,11,12,7,5,12,20,41,57,90,123,145,168,168,153,136,111,55,45,5,2,0,0,3
6,9,6,10,9,7,11,24,47,68,108,128,144,147,143,134,112,77,78,6,1,0,0,0
2,10,9,10,7,1,7,13,29,51,64,98,119,130,134,117,103,72,56,6,4,0,4,11
8,4,1,2,0,0,6,9,50,53,58,74,107,116,107,77,64,72,50,14,0,2,9,4
9,3,0,8,9,9,13,14,39,51,57,65,102,81,78,72,67,57,58,12,4,0,0,10
6,13,9,15,12,24,26,33,39,50,64,72,82,118,133,133,109,55,40,22,13,5,9,7
0,6,10,7,11,10,9,12,20,55,100,106,114,115,151,167,141,95,60,48,12,8,7,4
0,6,12,8,2,7,11,13,12,14,59,103,124,169,232,201,180,144,114,106,44,10,7,5
4,3,9,13,9,10,12,13,16,19,26,104,146,201,234,233,209,158,124,89,52,14,6,7
0,0,0,11,9,11,15,15,14,17,35,82,151,203,243,270,259,187,124,112,70,31,19,8
5,8,12,11,14,12,14,19,30,37,56,117,159,195,250,284,275,190,113,114,102,41,6,3
2,0,6,5,5,7,7,9,14,63,105,134,165,194,229,244,223,157,128,110,106,26,11,0
0,3,0,0,4,2,0,4,28,100,113,136,156,173,180,181,156,132,114,84,30,0,0,10
9,3,5,0,5,7,0,6,21,103,119,138,150,157,159,141,132,114,109,78,13,0,13,0
2,2,0,5,6,10,7,12,42,103,115,126,143,140,141,124,109,102,61,14,4,0,2,8
3,4,0,3,4,9,11,12,52,100,114,130,125,128,125,110,104,55,14,0,0,0,4,4
1,0,0,0,3,0,0,10,60,73,100,96,98,109,105,100,80,22,19,10,4,10,0,0
1,7,7,0,0,3,0,11,56,82,81,65,69,62,52,45,31,13,9,5,0,0,0,4
7,7,7,12,10,14,10,23,49,62,57,75,60,63,55,37,26,15,12,12,6,0,0,0
0,0,9,4,11,10,7,12,51,63,106,68,57,56,50,33,13,12,13,20,5,0,0,0
5,0,2,0,0,4,1,2,53,61,72,75,63,55,14,10,9,9,7,8,1,0,0,0
0,0,0,0,0,1,4,0,46,56,62,76,56,43,44,45,14,10,11,10,8,4,6,4
0,0,0,0,5,6,0,0,8,43,56,63,56,51,47,27,24,8,7,3,6,0,5,7
0,0,0,0,0,0,0,0,0,14,53,66,74,67,58,50,28,12,9,0,0,0,0,0
0,0,4,7,0,4,0,0,0,6,56,70,92,118,91,53,38,14,11,11,8,7,5,6
0,0,0,4,9,4,4,0,0,6,41,71,109,130,101,71,50,14,12,6,10,0,5,0
0,0,0,0,0,1,7,0,0,2,12,59,100,117,110,73,50,13,11,8,0,3,8,0
0,0,0,0,0,0,2,4,0,0,12,51,98,106,97,63,41,15,10,5,1,0,6,6
2,0,0,8,2,4,7,9,13,11,5,14,63,99,109,69,32,14,10,9,1,0,9,0
3,7,0,3,7,0,4,10,5,0,0,10,22,65,81,50,42,13,12,11,5,7,8,10
0,4,0,0,7,4,0,0,0,9,5,8,10,47,39,53,14,13,4,10,6,12,9,3
3,0,3,7,3,0,7,9,9,0,1,0,11,13,50,38,7,9,0,12,9,0,9,6

1

7,8,3,4,9,13,10,9,8,11,3,7,6,9,13,5,0,7,4,8,8,5,11,5
11,1,4,14,50,69,50,21,10,19,29,50,33,13,12,23,12,4,6,14,14,6,5,7
10,10,10,18,50,72,22,14,23,40,36,21,50,11,15,13,20,24,11,14,10,1,11,5
9,15,31,36,13,13,14,6,3,13,14,8,1,5,0,3,5,7,9,7,3,9,5,4
7,14,43,50,13,6,6,5,55,94,98,79,55,33,13,8,11,8,13,12,3,0,0,0
14,44,50,19,12,13,56,90,167,245,354,307,187,115,60,33,14,10,4,5,10,2,0,0
16,50,59,13,13,53,72,117,178,239,303,281,196,140,88,52,12,13,7,10,9,0,0,0
54,68,69,52,66,75,89,121,146,182,199,194,150,112,86,62,9,5,9,3,7,5,6,5
65,89,80,84,74,81,83,109,139,165,187,190,170,134,101,72,53,7,9,5,2,4,0,8
68,88,88,71,67,70,83,83,100,102,169,199,189,173,123,92,71,50,6,12,11,8,9,7
48,51,54,50,50,52,53,50,62,82,146,177,195,186,141,117,80,59,13,11,0,0,2,6
7,13,16,11,15,25,28,25,64,87,135,153,164,182,156,132,103,60,32,14,0,6,3,0
11,11,12,5,4,11,20,43,57,89,123,143,166,167,151,134,109,54,42,3,3,0,0,4
5,8,5,7,7,4,10,26,50,69,108,127,142,145,140,131,110,76,74,6,2,0,0,0
1,9,8,9,6,0,6,14,31,52,65,99,119,129,132,116,102,71,53,5,4,0,5,11
7,2,0,1,0,0,6,10,53,53,58,76,108,116,107,77,64,71,47,14,0,2,10,4
8,2,0,6,8,8,13,14,50,52,59,67,104,83,79,73,67,57,57,11,4,0,0,10
6,13,8,14,12,23,27,34,42,51,66,76,85,120,133,133,110,55,40,21,12,5,9,7
0,6,10,6,11,10,9,13,37,59,101,107,116,115,151,166,140,95,60,42,12,7,6,4
0,6,11,8,2,7,11,13,13,38,66,104,125,168,233,198,177,143,113,105,28,9,7,5
4,3,9,13,9,10,12,13,20,27,40,105,146,199,231,228,204,157,123,86,49,13,6,7
0,0,0,11,9,11,14,16,15,19,38,86,151,201,239,261,250,186,124,111,65,30,18,8
5,8,12,11,14,12,14,21,31,39,61,119,160,194,246,279,273,192,113,113,102,37,6,3
2,0,6,5,6,7,7,10,17,83,106,135,165,193,227,245,229,159,128,110,106,20,10,0
0,2,0,0,4,2,0,5,39,100,114,137,157,174,181,183,158,132,114,84,28,0,0,10
9,3,5,0,5,7,1,9,43,104,120,138,151,159,160,142,133,114,109,79,13,0,13,0
2,1,0,4,5,10,7,12,53,103,116,127,144,142,142,124,109,102,62,14,4,0,2,8
3,4,0,2,4,10,11,12,58,101,115,131,126,129,126,111,104,52,14,0,0,0,3,4
0,0,0,0,2,0,3,11,63,75,100,99,101,111,105,100,78,19,18,9,3,10,0,0
1,6,7,0,0,3,0,12,58,86,84,67,71,63,53,45,31,12,9,5,0,0,0,4
6,7,6,11,10,14,11,26,50,64,58,78,62,64,55,36,26,13,12,12,6,0,0,0
0,0,8,4,11,10,8,14,52,67,107,69,57,56,43,31,13,12,14,20,5,0,0,0
5,0,1,0,0,6,1,8,55,65,76,76,63,54,13,10,9,10,8,8,2,0,0,0
0,0,0,0,0,1,4,0,51,58,64,75,55,40,40,45,14,12,11,10,8,4,6,4
0,0,0,0,6,6,0,0,11,50,58,65,55,51,43,27,24,8,7,3,6,0,5,6
0,0,0,0,0,0,0,0,0,24,54,67,74,66,57,48,27,12,9,0,0,0,0,0
0,0,4,7,0,4,0,0,0,9,59,71,93,116,89,51,41,13,11,11,8,7,5,6
0,0,0,4,9,4,4,0,0,7,50,72,110,129,97,69,50,13,12,7,10,0,5,0
0,0,0,0,0,1,6,0,0,2,13,60,101,117,107,70,50,13,11,8,0,4,8,0
0,0,0,0,0,0,2,4,2,0,13,52,99,106,95,62,39,14,10,5,1,0,6,6
2,0,0,8,2,4,7,10,13,11,6,17,63,98,108,66,31,14,9,8,1,0,9,0
3,7,0,2,7,0,4,9,5,0,0,10,24,64,79,48,39,13,12,11,4,6,7,10
0,4,0,0,7,4,0,0,0,9,5,8,10,49,38,53,14,13,4,9,7,12,9,3
3,0,3,7,2,0,7,8,9,0,1,0,11,13,50,40,8,9,0,11,9,0,9,6

1

7,7,3,4,9,13,10,9,8,11,4,7,7,9,13,5,0,7,4,8,8,4,11,5
11,1,3,14,50,70,51,24,10,21,30,50,35,13,12,23,12,5,6,14,14,6,5,7
10,10,10,21,50,75,26,14,27,44,38,22,50,11,18,13,20,25,11,14,10,1,11,6
9,14,31,36,13,13,14,6,3,13,13,8,1,5,1,3,5,7,9,7,3,9,5,4
7,14,44,50,13,7,6,5,51,92,97,78,54,30,13,8,11,8,13,12,3,0,0,0
13,45,50,20,12,13,56,89,164,240,344,303,188,114,61,33,14,10,4,5,10,2,0,0
15,50,59,13,13,53,71,115,175,235,297,278,197,143,91,53,13,14,7,10,9,0,0,0
54,68,69,52,66,74,88,120,144,180,197,193,151,115,90,65,9,5,9,4,7,5,6,5
65,88,80,83,74,80,82,107,137,163,187,192,172,137,103,73,53,7,10,5,2,4,0,8
68,87,88,71,67,70,82,82,98,102,171,203,193,176,126,93,70,50,6,12,11,8,9,7
47,51,54,50,50,52,53,50,62,84,149,181,198,188,142,116,78,58,12,10,0,0,2,6
7,13,16,11,15,24,27,29,65,89,136,155,165,182,156,131,101,59,31,14,0,6,3,0
11,10,11,5,3,11,19,43,58,91,123,144,166,166,151,134,108,54,41,3,3,0,0,4
5,7,4,6,6,3,10,27,50,69,108,127,143,146,141,132,110,75,73,6,2,0,0,0
1,9,8,9,6,0,6,14,31,51,64,98,120,130,134,117,102,70,54,5,4,0,5,11
7,2,0,1,0,0,6,10,52,53,58,75,108,117,108,78,64,71,49,14,0,2,10,4
8,1,0,6,7,8,13,14,49,52,58,67,104,82,79,73,68,57,58,12,4,0,0,10
6,13,7,14,12,23,27,34,42,51,66,76,84,118,132,132,110,56,40,22,13,5,9,7
0,6,10,6,11,10,9,13,37,59,101,108,116,114,149,164,140,96,60,45,12,7,7,4
0,6,11,8,2,7,11,13,13,39,66,104,123,165,229,196,177,144,114,106,34,10,7,5
4,3,9,13,10,10,12,13,21,30,38,105,145,197,229,227,203,158,125,90,51,14,6,7
0,0,0,11,9,11,15,16,16,20,38,83,148,199,239,262,252,189,126,112,68,30,19,8
5,8,12,11,14,12,14,22,31,39,60,118,157,192,247,284,279,196,115,114,103,40,6,3
2,0,6,5,6,8,8,10,20,82,106,134,164,192,229,249,234,162,129,110,106,29,10,0
0,2,0,0,4,2,0,5,41,100,114,136,156,174,182,184,160,133,115,86,31,0,0,10
9,3,5,0,5,8,2,9,44,103,119,138,151,159,161,142,134,115,110,82,13,0,13,0
2,1,0,5,6,10,7,12,53,103,116,127,143,142,143,125,110,102,63,14,4,0,2,8
3,4,0,3,4,10,11,12,58,101,115,131,126,129,126,111,104,55,14,0,0,0,3,4
0,0,0,0,2,0,3,11,63,75,101,99,101,110,105,100,78,19,18,10,3,10,0,0
1,6,7,0,0,4,0,12,58,86,84,66,71,63,53,45,31,12,9,5,0,0,0,4
6,7,6,11,11,15,12,26,50,64,59,78,61,65,55,36,26,13,12,12,6,0,0,0
0,0,8,4,11,10,8,14,53,67,107,69,57,56,47,33,13,12,14,20,5,0,0,0
5,0,1,0,0,6,2,8,55,66,76,75,62,54,13,10,9,10,8,8,2,0,0,0
0,0,0,0,0,2,4,0,51,58,64,75,55,41,40,46,14,12,11,10,8,4,6,4
0,0,0,0,6,5,0,0,12,50,58,65,55,51,44,27,24,8,7,3,6,0,5,6
0,0,0,0,0,0,0,0,0,26,54,67,74,65,57,48,27,11,9,0,0,0,0,0
0,0,4,7,0,5,0,0,0,9,59,71,93,115,89,51,42,13,11,11,8,7,5,6
0,0,0,3,9,4,4,0,0,7,51,73,110,128,96,68,50,13,12,7,10,0,5,0
0,0,0,0,0,1,6,0,0,2,13,60,102,116,106,69,50,13,10,8,0,4,8,0
0,0,0,0,0,0,2,4,3,0,13,52,99,106,94,61,39,14,9,5,1,0,6,6
2,0,0,8,1,3,7,10,13,11,6,18,63,97,108,66,30,14,10,8,1,0,9,0
3,7,0,2,7,0,3,9,5,0,0,10,26,64,78,49,39,13,12,11,4,6,7,10
0,4,0,0,7,4,0,0,0,9,5,8,10,47,38,53,14,13,5,9,7,12,9,3
3,0,3,7,2,0,7,8,9,0,1,0,11,14,50,40,8,9,0,11,9,0,9,6

1

