5,7,7,14,13,13,12,30,12,11,9,9,7,9,4,11,8,12,8,5,8,9,12,3
11,7,10,10,6,8,3,2,27,57,72,104,101,61,16,15,17,11,8,13,12,9,10,8
10,7,6,5,0,6,10,13,75,121,157,206,217,169,113,60,29,13,0,0,0,0,9,3
11,32,38,36,31,16,64,103,118,162,198,249,245,236,165,114,64,29,14,10,1,2,4,4
1,52,58,64,72,71,87,118,150,165,195,197,222,228,205,123,80,54,11,12,10,0,0,0
6,45,60,92,84,82,98,113,143,139,140,141,178,230,248,149,73,50,12,7,4,0,0,4
11,18,56,99,103,74,70,70,79,77,100,109,148,184,151,128,70,54,11,13,10,6,2,3
0,7,38,70,65,58,55,63,61,61,66,102,98,107,115,108,68,52,11,0,9,10,10,3
6,8,8,42,38,37,51,55,61,67,86,115,145,133,123,107,89,50,5,5,0,3,2,4
0,8,11,11,11,33,55,56,59,67,110,164,198,197,163,128,98,65,39,1,4,2,4,4
2,6,7,13,14,32,52,58,58,67,111,154,233,223,148,114,73,64,28,13,0,0,5,0
0,6,10,10,22,46,50,61,69,81,110,127,137,168,147,116,84,59,25,13,8,2,0,0
5,6,7,13,14,14,35,56,67,101,115,128,141,141,123,112,88,52,29,14,0,0,0,8
0,0,0,11,14,10,11,67,70,107,114,118,132,136,133,115,101,64,17,4,0,4,6,4
2,6,8,10,9,9,10,14,33,55,74,107,130,144,130,118,69,21,2,0,2,0,7,7
7,6,0,4,9,5,3,12,44,52,66,108,155,163,127,112,84,14,0,8,7,0,0,0
8,6,3,5,8,10,14,13,28,56,103,127,158,124,97,79,66,55,9,13,3,1,0,0
8,20,19,14,29,39,38,41,46,82,159,176,210,197,152,150,97,48,27,10,9,8,4,3
1,3,11,9,14,33,55,66,73,134,174,210,255,177,156,145,114,63,14,11,16,11,3,2
5,11,14,14,21,44,60,112,130,145,206,334,371,234,177,142,120,105,13,10,10,11,0,0
0,9,12,13,22,36,101,124,142,160,233,293,272,194,145,130,109,39,17,14,1,5,4,5
5,6,12,34,31,84,111,127,156,185,218,217,183,144,109,92,48,12,9,21,13,13,4,4
11,11,26,30,46,67,110,132,139,159,173,158,126,105,52,44,13,19,0,8,13,5,9,3
5,6,21,53,60,108,118,121,129,143,135,125,104,63,26,9,2,12,0,1,7,10,10,3
5,12,12,20,100,100,106,113,117,121,110,108,74,35,15,14,13,2,0,0,5,0,4,11
9,10,13,48,97,103,106,107,108,104,102,84,5,14,8,8,6,14,2,4,13,6,13,10
7,12,15,58,89,86,97,100,100,50,5,2,0,8,9,10,7,11,13,0,11,8,7,10
13,45,35,87,109,107,103,23,5,2,3,2,4,12,10,12,12,12,12,0,0,9,7,9
0,13,27,80,101,107,103,83,35,0,4,0,8,0,0,10,12,3,11,1,0,10,12,2
12,10,14,58,101,76,88,87,72,13,9,5,11,6,0,8,10,9,4,12,0,5,9,7
12,10,12,50,77,99,98,65,80,53,26,9,7,12,10,5,0,0,11,11,4,1,0,1
5,2,7,51,74,123,117,97,86,66,14,4,4,2,0,9,9,8,11,0,4,0,0,3
7,5,2,37,56,100,88,94,85,58,15,0,9,5,5,3,3,7,9,10,0,0,3,4
0,0,3,0,24,60,78,84,73,51,7,0,0,3,11,9,6,8,8,0,0,7,8,6
0,2,3,0,13,41,59,63,57,43,7,5,0,0,10,11,6,0,6,0,9,0,3,8
0,0,0,0,6,14,53,53,51,31,0,0,0,8,8,1,4,6,0,5,5,2,6,4
0,0,0,0,4,11,19,56,58,25,0,8,7,10,9,6,0,0,0,0,10,9,2,0
0,0,0,7,1,8,13,52,58,48,13,5,0,10,9,10,2,0,0,0,3,4,4,0
0,0,0,0,1,1,29,51,53,50,18,10,7,10,10,13,4,0,0,0,0,6,9,0
0,0,0,0,7,7,50,57,63,53,20,8,5,5,10,7,8,8,0,0,0,0,0,0
5,3,5,9,11,21,64,103,78,41,14,11,9,10,9,8,6,3,6,6,6,0,0,0
7,7,4,5,12,37,67,125,62,18,13,14,13,3,6,11,0,5,10,8,0,0,0,4
2,4,0,0,9,27,59,53,35,13,13,13,11,10,8,8,5,9,5,0,7,5,7,0
2,0,3,3,9,5,12,13,13,9,8,7,9,9,5,4,4,3,5,9,9,1,0,5

0

5,7,7,14,13,13,12,30,12,11,9,9,8,9,4,11,8,12,8,5,8,9,12,3
11,6,10,10,6,7,3,2,28,57,72,104,101,61,14,15,18,11,8,13,12,9,10,8
10,6,6,4,0,6,10,13,74,120,157,206,218,170,113,60,28,13,0,0,0,0,9,3
11,32,39,37,32,16,64,103,118,161,198,250,247,238,165,113,63,29,14,9,1,2,4,4
1,52,58,65,72,70,87,118,150,166,196,198,223,230,206,122,80,53,10,12,10,0,0,0
6,44,60,93,84,82,98,113,144,140,141,141,179,231,248,148,73,50,12,6,4,0,0,4
11,19,56,100,104,74,70,70,79,77,100,108,147,184,151,127,69,54,10,13,10,6,2,3
0,7,38,68,64,58,55,63,61,62,66,102,97,107,115,106,68,51,11,0,9,10,10,3
6,8,8,42,38,37,51,54,61,67,87,114,144,131,122,106,88,45,5,5,0,3,2,4
0,8,11,11,11,34,55,56,60,68,112,164,196,195,161,126,97,64,37,1,4,2,4,4
2,6,7,13,14,32,52,58,59,68,113,155,232,221,147,113,72,63,23,13,0,0,5,0
0,6,10,10,25,48,50,61,70,82,111,128,137,168,147,116,84,58,24,13,9,2,0,0
5,6,7,13,14,14,36,56,68,101,115,129,141,141,123,112,89,52,28,14,0,1,0,8
0,0,0,11,14,10,11,71,70,107,114,119,132,136,133,115,101,64,17,4,0,5,6,4
2,7,8,10,9,10,10,14,36,55,74,107,130,144,130,118,70,21,2,0,2,0,7,7
7,6,0,4,9,5,3,12,47,52,66,108,154,163,127,112,84,14,0,8,7,0,0,0
8,6,3,5,8,10,14,13,28,56,102,127,158,124,98,79,66,55,8,13,3,1,0,0
9,20,19,14,29,38,38,41,46,81,158,176,210,198,153,150,97,48,27,10,9,8,4,3
1,3,11,9,14,33,56,66,72,134,173,209,255,179,158,146,115,63,14,11,16,11,3,2
4,11,14,14,21,44,60,112,130,144,205,332,373,236,178,142,120,105,13,10,10,11,0,0
0,9,12,13,23,35,101,123,142,160,233,294,275,196,146,130,109,40,17,14,1,5,4,5
4,6,12,34,31,84,110,126,156,186,218,218,184,144,110,93,48,12,10,21,13,13,4,4
11,11,26,30,46,67,110,133,139,160,173,158,126,105,54,45,13,20,0,8,13,5,9,3
5,6,21,52,59,108,118,120,129,143,135,125,104,64,26,9,2,12,0,1,7,10,10,3
5,12,12,20,100,100,106,113,117,121,110,108,75,35,17,14,13,2,0,0,5,0,4,11
9,10,13,47,96,103,106,108,108,103,102,85,5,14,8,7,6,14,2,4,13,6,13,10
7,12,14,59,89,86,97,100,100,50,6,2,0,8,10,10,8,11,13,0,11,8,7,10
13,45,35,87,109,107,103,22,6,2,3,2,4,12,10,12,12,12,12,0,0,9,7,9
0,13,29,80,101,107,103,83,35,0,4,0,8,0,0,10,13,3,11,1,0,10,12,2
12,10,14,57,101,75,88,87,72,13,9,4,12,6,0,8,10,9,4,12,0,4,8,7
12,10,12,50,77,99,98,65,80,53,26,9,7,12,10,5,0,0,11,11,4,1,0,1
5,2,7,51,74,123,117,97,86,66,14,4,4,3,0,8,9,8,11,0,4,0,0,3
7,5,2,36,56,100,88,94,85,58,14,0,9,5,5,3,3,7,9,10,0,0,3,4
0,0,3,0,24,60,78,84,73,51,7,0,0,3,11,9,6,8,8,0,0,7,8,5
0,2,3,0,13,43,60,63,57,43,7,5,0,0,10,11,6,0,6,0,9,0,3,8
0,0,0,0,6,14,52,53,51,31,0,0,0,7,8,1,4,7,0,5,5,2,6,4
0,0,0,0,4,11,18,56,58,26,0,8,7,10,9,6,0,0,0,0,10,9,2,0
0,0,0,7,1,8,13,52,58,49,13,5,0,10,9,10,2,0,0,0,3,4,4,0
0,0,0,0,1,1,31,52,53,50,18,10,7,11,10,13,5,0,0,0,0,6,9,0
0,0,0,0,7,7,50,57,64,53,20,8,6,5,10,7,8,8,0,0,0,0,0,0
5,3,5,9,11,21,64,103,79,41,14,11,9,10,9,8,6,3,6,6,6,0,0,0
7,7,4,5,12,37,66,125,62,17,13,14,13,3,6,10,0,5,10,8,0,0,0,4
2,4,0,0,9,25,59,53,36,13,13,13,11,10,8,8,5,9,5,0,7,5,7,0
2,0,3,3,9,5,12,13,13,10,8,7,9,9,5,4,4,3,5,9,9,1,0,5

0

5,7,7,14,13,13,12,30,12,11,9,9,8,9,4,11,8,12,8,5,8,9,12,3
10,6,10,10,6,7,3,2,25,57,72,105,102,62,15,15,17,11,8,13,12,9,10,8
10,6,6,5,0,6,10,13,73,121,158,206,219,170,113,60,28,13,0,0,0,0,9,3
11,32,39,37,32,18,64,103,118,163,201,252,248,238,165,113,63,29,14,10,1,2,4,4
2,52,58,65,72,71,87,118,151,167,197,199,225,231,204,121,79,53,10,12,10,0,0,0
6,44,60,93,85,82,98,113,144,141,142,141,179,230,247,146,72,50,11,6,4,0,0,4
11,18,56,100,104,74,70,69,79,77,100,108,147,183,149,126,69,53,10,13,10,6,2,3
0,6,36,67,63,57,55,63,61,62,67,102,97,106,114,105,67,51,10,0,9,10,9,3
6,8,9,43,37,36,51,54,61,67,87,115,144,130,121,105,87,41,5,5,0,3,2,4
0,8,11,11,11,34,54,56,60,68,113,165,196,194,158,125,96,64,33,0,4,2,4,4
2,6,7,13,14,31,51,58,59,68,115,157,232,220,146,113,72,63,18,12,0,0,5,0
0,6,10,10,26,46,50,61,71,83,112,129,136,168,146,115,83,58,23,12,9,2,0,0
6,5,7,13,14,14,35,56,69,101,116,130,141,141,123,112,88,52,26,14,0,1,0,8
0,0,0,11,14,10,11,72,71,108,114,119,133,135,133,115,101,64,15,4,0,4,6,4
3,6,8,10,9,10,10,14,40,55,74,107,130,144,130,118,69,20,2,0,2,0,7,7
7,6,0,4,9,5,3,12,50,52,66,107,154,162,127,112,84,14,0,8,7,0,0,0
8,6,3,5,8,10,14,13,28,56,102,126,157,124,97,79,66,55,8,13,3,1,0,0
8,20,19,14,29,39,38,41,46,81,157,176,210,197,153,151,97,48,27,10,9,8,4,3
1,3,11,9,14,33,55,65,72,134,172,208,255,179,158,146,115,63,14,11,16,11,3,2
5,11,14,14,21,44,60,112,129,144,204,330,375,238,179,143,120,105,13,10,10,11,0,0
0,9,12,13,22,35,101,123,142,160,233,295,278,197,146,131,110,40,17,15,1,5,4,5
4,6,12,34,30,83,110,126,156,185,219,219,185,144,110,94,49,12,10,21,13,13,4,4
11,11,26,30,46,66,110,132,140,159,173,159,127,105,54,45,13,20,0,8,14,5,9,3
5,6,20,53,58,108,118,120,130,143,135,125,104,65,27,9,2,12,0,1,7,10,10,3
5,13,12,20,100,100,106,113,117,121,111,108,75,38,22,14,13,2,0,0,5,0,4,11
9,10,13,47,96,103,106,108,108,104,102,85,5,14,8,7,6,14,2,4,13,6,13,10
7,12,14,59,88,86,98,100,100,51,6,2,0,8,9,10,7,11,13,0,11,8,7,10
13,43,35,87,109,107,103,22,5,2,3,2,4,12,10,12,12,12,12,0,0,9,7,9
0,13,28,80,101,107,103,84,35,0,4,0,8,0,0,10,12,2,11,1,0,10,12,2
11,10,14,57,101,75,88,87,72,13,9,4,11,6,0,8,10,9,3,12,0,5,8,7
12,10,12,50,77,99,98,65,80,53,26,9,7,12,10,5,0,0,11,11,4,1,0,1
5,2,7,51,74,123,117,97,86,66,14,4,4,3,0,8,9,8,11,0,4,0,0,3
7,5,2,37,56,100,88,94,85,58,15,0,9,5,5,3,3,7,9,10,0,0,3,3
0,0,3,1,23,60,78,84,73,51,7,0,0,3,11,9,6,8,8,0,0,7,8,5
0,2,3,0,13,42,60,63,57,44,7,5,0,0,10,11,6,0,6,0,9,0,3,8
0,0,0,0,6,14,53,53,51,31,0,0,0,7,8,2,4,6,0,5,5,2,6,4
0,0,0,0,4,11,19,56,58,26,0,8,7,10,9,5,0,0,0,0,10,9,1,0
0,0,0,8,1,8,13,52,58,48,13,5,0,10,9,10,2,0,0,0,2,4,4,0
0,0,0,0,1,1,31,52,53,50,20,10,7,11,10,13,5,0,0,0,0,6,9,0
0,0,0,0,7,7,50,57,64,53,20,8,6,5,10,7,8,8,0,0,0,0,0,0
5,3,5,9,11,21,64,103,79,41,14,11,9,10,9,8,6,3,6,6,6,0,0,0
7,7,4,5,12,36,66,125,62,17,13,14,13,3,6,10,0,5,10,8,0,0,0,4
2,4,0,0,9,27,60,53,36,13,13,13,12,10,8,8,5,9,5,0,7,5,7,0
2,0,3,3,9,5,12,13,13,10,8,7,9,9,5,4,4,3,5,9,9,2,0,5

0

5,7,7,14,13,13,12,30,12,11,9,9,8,9,4,12,8,12,8,5,8,10,12,3
10,6,10,10,6,7,3,2,28,57,73,106,103,62,16,15,17,11,8,13,12,9,10,8
10,6,6,5,0,6,10,13,74,121,158,207,221,172,114,60,28,13,0,0,0,0,9,3
11,32,39,37,33,18,64,103,118,163,200,253,249,239,166,113,63,29,14,9,1,2,4,4
1,52,58,65,72,71,88,118,152,168,198,200,226,232,205,121,79,53,10,12,10,0,0,0
6,43,60,93,84,82,98,113,145,141,142,142,179,231,246,146,72,50,11,6,4,0,0,4
11,18,55,100,104,74,70,69,79,77,100,108,147,182,149,125,69,53,10,13,10,6,2,3
0,6,38,67,63,57,55,63,62,62,67,102,97,106,113,105,67,50,10,0,9,10,10,3
6,8,9,43,38,37,51,54,61,67,87,114,143,130,120,105,86,37,4,5,0,3,1,4
0,8,11,11,11,34,54,55,60,69,114,165,196,193,157,124,95,64,30,0,4,2,4,4
2,6,7,13,14,32,51,58,59,69,115,157,232,218,146,113,72,63,15,12,0,0,5,0
0,6,10,10,25,46,50,61,71,84,113,129,136,167,146,115,83,58,22,12,9,2,0,0
6,6,7,13,14,14,36,57,69,101,116,130,141,141,123,111,88,52,26,14,0,1,0,8
0,0,1,11,14,10,11,73,71,108,114,119,133,135,133,115,101,64,15,4,0,4,6,4
2,6,8,10,9,10,10,14,43,55,74,107,130,143,130,118,69,20,2,0,2,0,7,7
7,6,0,4,9,5,3,12,50,53,67,107,153,162,127,111,83,14,0,8,7,0,0,0
8,6,3,5,8,10,14,13,29,56,101,126,157,124,97,78,66,55,8,13,3,0,0,0
9,20,19,14,29,38,38,41,46,81,157,175,210,197,153,151,97,48,27,10,9,8,4,3
1,3,11,9,14,33,55,66,72,134,173,207,255,179,158,146,115,63,14,11,16,11,3,2
5,11,14,14,20,44,60,112,129,144,204,330,375,239,179,143,120,105,13,10,10,11,0,0
0,9,12,13,22,35,101,123,142,160,233,295,279,198,146,131,110,40,17,14,1,5,4,5
4,6,12,35,30,83,110,126,156,186,219,219,185,145,111,94,49,12,10,21,13,13,4,4
11,11,26,30,45,66,110,132,140,160,174,159,127,105,55,45,13,20,0,8,14,5,9,3
5,6,20,53,58,108,118,121,130,143,135,125,104,66,27,9,2,12,0,1,7,10,10,3
5,13,12,19,100,100,106,113,117,121,111,108,75,37,20,14,13,2,0,0,5,0,4,11
9,10,13,47,96,103,106,107,108,104,102,85,5,14,8,7,6,14,2,4,13,6,13,10
7,12,14,58,88,86,98,100,100,53,6,2,0,8,9,10,7,11,13,0,11,8,7,10
13,44,34,87,109,107,103,21,6,2,3,2,4,12,10,12,12,12,12,0,0,9,7,9
0,13,29,80,101,107,103,83,35,0,4,0,8,0,0,10,12,3,11,1,0,10,12,2
12,10,14,58,101,75,88,87,72,13,9,4,11,6,0,8,10,9,3,12,0,5,8,7
12,10,12,50,77,99,98,65,80,53,26,9,7,12,10,5,0,0,11,11,4,1,0,1
5,2,7,51,74,123,117,97,86,66,14,4,4,3,0,8,9,8,11,0,4,0,0,3
7,5,2,36,56,100,88,94,85,58,15,0,9,5,5,3,3,7,9,10,0,0,3,4
0,0,3,1,24,60,78,84,73,51,8,0,0,3,11,9,6,8,8,0,0,7,8,5
0,2,3,0,13,42,60,63,57,44,7,5,0,0,10,11,6,0,6,0,9,0,3,8
0,0,0,0,6,14,53,53,51,31,0,0,0,8,8,2,4,6,0,5,5,2,6,4
0,0,0,0,4,11,19,56,58,26,0,8,7,9,9,5,0,0,0,0,10,9,1,0
0,0,0,8,1,8,13,52,58,49,13,6,0,10,9,10,2,0,0,0,2,4,4,0
0,0,0,0,1,1,31,52,53,50,20,10,7,10,11,13,5,0,0,0,0,6,9,0
0,0,0,0,7,7,50,57,64,53,20,8,6,5,10,7,8,8,0,0,0,0,0,0
5,3,5,9,11,22,64,103,79,41,14,11,9,10,9,8,6,3,6,6,6,0,0,0
7,7,4,5,12,36,67,125,62,19,13,14,13,3,6,10,0,6,10,8,0,0,0,4
2,4,0,0,9,27,60,53,36,13,13,13,12,10,8,8,5,9,5,0,7,5,7,0
2,0,3,4,9,5,12,13,13,9,8,7,9,9,5,4,4,3,5,9,9,1,0,5

0

5,7,7,14,13,13,12,30,12,11,9,9,8,9,4,11,8,12,8,5,8,9,12,3
10,6,10,10,6,7,3,2,27,57,73,105,102,62,16,15,18,11,8,13,12,9,10,8
10,6,6,5,0,6,10,13,74,121,158,206,220,171,114,60,28,13,0,0,0,0,9,3
11,32,39,37,33,18,64,103,118,163,200,252,248,238,165,113,63,29,14,9,1,2,4,4
1,52,58,65,72,71,88,118,152,168,198,199,225,231,204,121,79,53,10,12,10,0,0,0
6,44,60,93,84,82,98,113,145,142,142,142,179,230,246,146,72,50,11,6,4,0,0,4
11,18,56,100,104,74,70,69,80,77,100,109,147,182,149,126,69,53,10,13,10,6,2,3
0,6,36,67,63,57,55,64,62,62,67,102,97,106,114,106,67,51,11,0,9,10,9,3
6,8,9,43,37,37,51,54,61,67,88,115,144,130,121,105,87,40,4,5,0,3,1,4
0,8,11,11,11,34,54,56,60,69,114,165,195,194,158,125,96,64,33,0,4,2,4,4
2,6,7,13,14,34,52,58,59,69,114,156,231,218,146,113,72,63,18,13,0,0,5,0
0,6,10,10,26,48,50,61,71,84,112,128,136,167,146,115,83,58,23,12,9,2,0,0
6,5,7,13,14,14,36,57,69,101,116,129,141,141,123,111,88,52,26,14,0,0,0,8
0,0,0,11,14,10,11,73,71,108,114,119,132,135,132,115,101,64,14,4,0,4,6,4
2,6,8,10,9,10,10,14,41,55,74,107,130,143,130,118,69,20,2,0,2,0,7,7
7,6,0,4,9,5,3,12,50,53,67,107,153,162,127,111,84,14,0,8,7,0,0,0
8,6,3,5,8,10,14,13,31,56,102,126,157,123,97,79,66,55,8,13,3,0,0,0
9,20,20,14,29,38,38,41,46,81,157,176,210,198,153,151,97,48,27,10,9,8,4,3
1,3,11,9,14,33,55,65,72,134,173,208,255,179,158,146,115,63,14,11,16,11,3,2
5,11,14,14,20,44,60,112,129,144,205,331,375,239,179,143,120,105,13,10,10,11,0,0
0,9,12,13,22,36,101,123,142,160,233,296,280,198,146,131,110,40,17,14,1,5,4,5
5,6,12,35,30,83,110,126,156,186,219,219,185,145,111,94,49,12,10,21,13,13,4,4
11,11,26,30,46,66,110,132,140,160,174,159,127,105,55,45,13,20,0,8,13,5,9,3
5,6,21,53,59,108,118,121,130,143,135,125,104,65,27,9,2,12,0,1,7,10,10,3
5,12,12,19,99,100,106,113,117,121,111,108,74,37,20,14,13,2,0,0,5,0,4,11
9,10,13,45,96,103,106,107,108,104,102,85,5,14,8,7,6,14,2,4,13,6,13,10
7,12,14,59,88,86,97,100,100,51,6,2,0,8,10,10,7,11,13,0,11,8,7,10
13,43,35,87,109,107,103,22,6,2,3,2,4,12,10,12,12,12,12,0,0,9,7,9
0,13,28,79,101,107,103,84,36,0,5,0,8,0,0,10,12,2,11,1,0,10,12,2
12,10,14,57,101,75,88,87,72,13,9,5,12,6,0,8,10,9,3,12,0,4,8,7
12,10,12,50,77,99,97,65,80,53,26,9,7,12,10,5,0,0,11,11,4,0,0,1
5,2,7,51,74,123,117,97,86,66,14,4,4,3,0,8,9,8,11,0,4,0,0,2
7,5,2,36,56,100,88,94,85,58,15,0,9,5,5,3,3,7,9,10,0,0,3,3
0,0,3,1,24,60,78,84,73,51,7,0,0,3,11,9,6,8,8,0,0,7,8,5
0,2,3,0,13,41,60,63,57,44,7,5,0,0,9,11,6,0,6,0,9,0,3,8
0,0,0,0,6,14,53,53,51,32,0,0,0,8,8,2,4,6,0,5,5,2,6,4
0,0,0,0,4,11,20,56,58,26,0,8,7,10,9,6,0,0,0,0,10,9,2,0
0,0,0,8,1,9,13,52,59,49,13,6,0,10,9,10,2,0,0,0,3,4,4,0
0,0,0,0,1,1,31,51,53,50,22,10,7,11,11,13,5,0,0,0,0,6,9,0
0,0,0,0,7,7,50,57,64,54,20,8,6,5,10,7,8,8,0,0,0,0,0,0
5,3,5,9,11,21,64,103,79,41,14,11,9,10,9,8,6,3,6,6,6,0,0,0
7,7,4,5,12,37,66,126,62,17,13,14,13,3,6,11,0,5,10,8,0,0,0,4
2,4,0,0,9,26,59,53,36,13,13,13,11,10,8,8,5,9,5,0,7,5,7,0
2,0,3,4,9,5,12,13,13,9,8,7,9,9,5,4,4,3,5,9,9,2,0,5

0

5,7,7,14,13,13,12,31,12,11,9,9,8,9,4,11,8,12,8,5,8,9,12,3
10,6,10,10,6,7,3,2,28,57,73,105,102,62,16,15,17,11,8,13,12,9,10,8
10,6,6,4,0,6,10,13,74,121,158,206,220,171,114,60,28,13,0,0,0,0,9,3
11,32,39,37,32,17,64,103,118,162,199,251,247,238,165,113,63,29,14,9,1,2,4,4
1,52,58,65,72,71,87,118,151,167,197,198,224,230,204,121,79,53,10,12,10,0,0,0
6,44,60,93,84,82,98,113,145,141,142,142,179,229,246,147,72,50,12,7,4,0,0,4
11,18,55,99,104,74,70,69,80,77,100,109,147,182,149,126,69,53,10,13,10,6,2,3
0,6,35,67,63,57,55,63,62,62,67,103,97,106,114,106,68,51,11,0,9,10,10,3
6,8,8,43,37,37,51,54,61,67,88,116,144,131,122,106,87,42,5,5,0,3,1,4
0,8,11,11,11,35,55,56,60,69,114,165,196,194,160,126,96,64,36,0,4,2,4,4
2,6,7,13,14,33,52,58,59,69,114,155,230,219,146,113,72,63,20,13,0,0,5,0
0,6,10,10,28,50,50,61,71,84,112,128,136,167,146,115,83,58,23,12,9,2,0,0
6,6,7,13,14,14,36,56,68,101,116,129,140,141,123,111,88,52,27,14,0,0,0,8
0,0,0,11,14,10,11,72,71,108,114,118,132,135,132,115,101,64,15,4,0,4,6,4
2,6,8,10,9,10,10,14,40,55,74,107,130,144,130,118,69,20,2,0,2,0,7,7
7,6,0,4,9,5,3,12,50,53,67,107,154,163,127,112,84,14,0,8,7,0,0,0
8,6,3,5,8,10,14,13,28,56,102,126,157,123,97,78,66,55,8,13,3,0,0,0
9,20,19,14,29,38,38,41,46,80,157,176,210,197,153,150,97,48,27,10,9,8,4,3
1,3,11,9,14,34,55,66,72,134,173,208,256,179,158,146,115,64,14,11,16,11,3,2
5,11,14,14,21,44,60,112,129,144,204,332,376,239,179,143,120,105,13,10,10,11,0,0
0,9,12,14,22,35,100,123,141,160,233,296,279,198,147,131,110,41,17,15,1,5,4,5
4,6,12,34,31,83,110,126,156,185,219,219,185,145,111,95,50,12,10,21,13,13,4,4
11,11,26,30,45,66,110,132,140,159,173,159,127,105,55,45,13,21,0,8,13,5,9,3
5,5,21,52,59,108,118,121,130,143,135,125,104,65,29,9,2,12,0,1,7,10,10,3
5,13,12,19,99,100,106,113,117,121,111,108,77,39,19,14,13,2,0,0,5,0,4,11
9,10,13,47,96,103,106,107,108,104,102,86,5,14,8,7,6,14,2,4,13,6,13,10
7,12,14,58,88,86,97,100,100,50,6,2,0,8,10,10,8,11,13,0,11,8,7,10
13,44,34,86,109,107,103,21,6,2,3,2,4,12,10,12,12,12,12,0,0,9,7,9
0,13,28,80,101,107,103,83,35,0,4,0,8,0,0,10,12,3,10,1,0,10,12,2
11,10,14,57,101,75,88,87,72,13,9,4,11,6,0,8,10,9,3,12,0,4,8,7
12,10,12,50,77,98,97,65,80,53,26,9,7,12,10,5,0,0,11,11,4,0,0,1
5,2,7,51,74,123,116,97,86,66,14,4,4,3,0,8,9,8,11,0,4,0,0,2
7,5,2,36,56,100,88,94,85,58,15,0,9,5,5,3,3,7,9,10,0,0,3,3
0,0,3,1,24,60,78,84,73,51,7,0,0,3,11,9,6,8,8,0,0,7,8,5
0,2,3,0,13,41,59,63,57,44,7,5,0,0,10,11,6,0,6,0,9,0,3,8
0,0,0,0,6,14,53,53,51,32,0,0,0,8,8,2,4,6,0,5,5,2,6,4
0,0,0,0,4,11,20,56,58,26,0,8,7,9,9,6,0,0,0,0,10,9,1,0
0,0,0,8,1,8,13,53,59,49,13,6,0,10,9,10,2,0,0,0,2,4,4,0
0,0,0,0,1,1,31,51,53,50,21,10,7,11,10,13,5,0,0,0,0,6,9,0
0,0,0,0,7,7,50,57,64,54,20,8,6,5,10,7,8,8,0,0,0,0,0,0
5,3,5,9,11,22,64,103,79,41,14,11,9,10,9,8,6,3,6,6,6,0,0,0
7,7,4,5,12,36,66,126,62,17,13,14,13,3,6,10,0,6,10,8,0,0,0,4
2,4,0,0,9,26,59,53,35,13,13,13,11,10,8,8,5,9,5,0,7,5,7,0
2,0,3,4,10,5,12,13,13,9,8,7,9,9,5,4,4,3,5,9,9,1,0,5

0

5,7,7,14,13,13,12,31,12,11,9,9,8,9,4,11,8,12,8,5,8,9,12,3
10,6,10,10,6,7,3,2,28,57,73,105,102,62,17,15,18,11,8,13,12,9,10,8
10,6,6,5,0,6,10,13,74,120,157,205,219,171,114,60,28,13,0,0,0,0,9,3
11,32,39,37,32,17,64,103,118,161,198,250,247,237,165,113,63,29,14,9,1,2,4,4
1,52,58,65,72,71,87,118,151,167,196,198,224,230,204,122,79,53,10,12,10,0,0,0
6,43,60,93,84,82,97,113,144,141,141,141,179,229,247,147,73,50,12,7,4,0,0,4
11,18,56,99,104,74,70,69,80,77,100,109,147,183,150,127,69,53,10,13,10,6,2,3
0,6,35,67,63,57,55,63,61,62,68,103,97,107,114,107,68,51,11,0,9,10,10,3
6,8,9,42,38,37,51,54,61,67,88,116,145,132,122,106,88,42,5,5,0,3,1,4
0,8,11,11,11,35,55,56,60,69,114,165,196,194,160,126,96,64,36,0,4,2,4,4
2,6,7,13,14,36,52,58,59,69,114,155,231,219,146,113,72,63,22,13,0,0,5,0
0,6,10,10,28,50,50,61,71,83,112,128,136,167,146,115,83,58,23,12,8,2,0,0
6,6,7,13,14,14,35,56,68,101,116,129,140,141,123,111,87,52,26,14,0,0,0,8
0,0,0,11,14,10,11,71,71,108,114,118,132,135,132,115,101,64,15,4,0,4,6,4
3,6,8,10,9,10,10,14,40,55,74,107,130,144,130,118,69,21,2,0,2,0,7,7
7,6,0,4,9,5,3,12,50,53,66,107,154,163,127,112,83,14,0,8,7,0,0,0
8,6,3,5,8,10,14,13,29,56,101,126,157,124,97,79,66,55,8,13,3,0,0,0
9,20,19,14,29,38,38,41,46,80,157,176,209,197,153,150,97,48,27,10,9,8,4,3
1,3,11,9,14,33,55,65,72,133,173,208,256,179,158,146,115,63,14,11,16,11,3,2
5,11,14,14,20,44,60,112,129,144,204,333,377,239,179,143,120,105,13,10,10,11,0,0
0,9,12,13,22,35,101,123,141,160,233,296,279,198,147,131,110,41,17,15,1,5,4,5
4,6,12,35,30,83,110,126,156,186,219,219,186,145,111,95,50,12,10,21,13,13,4,4
11,11,26,30,45,66,110,132,140,159,174,159,127,105,55,45,13,21,0,8,14,5,9,3
5,5,20,51,59,108,118,121,130,143,135,125,104,67,26,9,2,12,0,1,7,10,10,3
5,12,12,20,99,100,106,113,117,121,111,108,75,38,20,14,13,2,0,0,5,0,4,11
9,10,13,47,97,103,106,108,108,104,102,85,5,14,8,7,6,14,2,4,13,6,13,10
7,12,14,59,88,85,97,100,100,51,6,2,0,8,10,10,7,11,13,0,11,8,7,10
13,44,35,86,109,107,103,22,6,2,3,2,4,12,10,12,12,12,12,0,0,9,7,9
0,13,27,80,101,107,103,83,35,0,5,0,8,0,0,10,12,3,11,1,0,10,12,2
11,10,14,58,101,75,88,87,72,13,9,4,11,6,0,8,10,9,3,12,0,4,8,7
12,10,12,50,77,98,97,65,80,53,26,9,7,12,10,5,0,0,11,11,4,0,0,1
5,2,7,51,74,123,117,97,86,66,14,4,4,3,0,8,9,8,11,0,4,0,0,2
7,5,2,37,56,100,88,94,85,58,15,0,9,5,5,3,3,7,9,10,0,0,3,3
0,0,3,1,24,60,78,84,73,51,8,0,0,3,11,9,6,8,8,0,0,7,8,5
0,2,3,0,13,42,60,63,57,44,7,5,0,0,9,11,7,0,6,0,9,0,3,8
0,0,0,0,6,14,52,53,51,31,0,0,0,8,8,2,4,6,0,5,5,2,6,4
0,0,0,0,4,11,20,56,58,27,0,8,7,10,9,6,0,0,0,0,10,9,1,0
0,0,0,8,1,8,13,52,59,49,13,6,0,10,9,10,2,0,0,0,2,4,4,0
0,0,0,0,1,1,31,52,53,50,22,10,7,10,11,13,5,0,0,0,0,6,9,0
0,0,0,0,7,7,50,57,64,53,20,8,6,5,10,7,8,8,0,0,0,0,0,0
5,4,5,9,11,22,64,103,79,43,14,11,9,10,9,8,6,4,6,6,6,0,0,0
7,7,4,5,12,36,66,126,62,18,13,14,13,3,6,10,0,6,10,8,0,0,0,4
2,4,0,0,9,26,59,53,36,13,13,13,11,10,8,8,5,9,5,0,7,5,7,0
2,0,3,4,10,5,12,13,13,10,8,7,9,9,5,4,4,3,5,9,9,2,0,5

0

5,7,7,14,13,13,12,31,12,11,9,9,8,9,4,11,8,12,8,5,8,9,12,3
11,6,10,10,6,7,3,2,28,57,73,105,102,62,19,15,18,11,8,13,12,9,10,8
10,7,6,5,0,6,10,12,74,120,157,205,219,171,114,60,28,13,0,0,0,0,9,3
11,32,39,37,32,17,64,103,117,161,198,249,247,237,165,113,63,29,14,9,1,2,4,4
2,52,58,65,72,71,87,118,150,166,196,197,223,230,205,121,80,53,10,12,10,0,0,0
6,43,60,93,84,82,97,112,144,140,141,141,179,229,248,148,72,50,12,7,4,0,0,4
11,18,56,99,104,74,70,69,79,77,100,109,148,183,150,127,69,53,10,13,10,6,2,3
0,6,36,67,63,57,55,63,61,62,67,103,98,107,114,107,68,51,11,0,9,10,10,3
6,8,9,42,38,36,51,54,61,67,88,116,145,132,122,106,88,44,5,5,0,3,1,4
0,8,11,11,11,37,55,56,60,69,114,165,197,194,160,126,96,64,36,0,4,2,4,4
2,6,7,13,14,36,52,58,59,69,114,155,231,219,146,113,72,63,22,13,0,0,5,0
0,6,10,10,27,50,50,61,71,83,111,128,136,168,146,115,83,58,23,12,9,2,0,0
6,5,7,13,14,14,36,57,68,101,116,128,141,141,123,111,87,52,26,14,0,0,0,8
0,0,0,11,14,10,11,71,71,108,114,118,132,135,132,115,101,64,14,4,0,4,6,4
3,6,8,10,9,10,10,14,40,55,74,107,130,144,130,118,68,19,2,0,2,0,7,7
7,6,0,4,9,5,3,12,50,53,67,107,153,162,127,111,83,14,0,8,7,0,0,0
8,6,3,5,8,10,14,13,30,56,101,126,157,124,97,79,66,55,8,13,3,1,0,0
9,20,19,14,29,38,38,41,46,80,157,176,210,198,153,151,97,48,27,10,9,8,4,3
1,3,11,9,14,31,56,66,72,133,173,209,255,180,158,146,115,64,14,11,16,11,3,2
5,11,14,14,20,44,60,112,129,144,205,333,377,240,179,143,120,105,13,10,10,11,0,0
0,9,12,13,22,36,101,123,141,160,233,297,280,198,147,131,110,41,17,15,1,5,4,5
4,6,12,34,30,83,110,126,156,186,219,219,186,145,111,95,50,12,10,21,13,13,4,3
11,11,26,30,46,66,110,132,140,160,174,159,127,105,55,45,13,21,0,8,14,5,9,3
5,5,22,52,58,108,118,121,130,143,135,126,104,67,26,9,2,12,0,1,7,10,10,3
5,13,12,20,100,100,106,113,117,121,111,108,77,39,20,14,13,2,0,0,5,0,4,11
9,10,13,47,96,103,106,107,108,104,102,86,5,14,8,7,6,14,2,4,13,6,13,10
7,12,14,58,87,86,97,100,100,50,6,2,0,8,10,10,7,11,13,0,11,8,7,10
12,43,34,87,108,106,103,21,6,2,3,2,4,12,10,12,12,12,12,0,0,9,7,9
0,13,29,80,101,107,103,83,35,0,5,0,8,0,0,10,12,2,11,1,0,10,12,2
11,10,13,57,101,75,88,87,72,13,9,4,11,6,0,8,10,9,3,12,0,4,8,7
12,10,12,50,77,99,97,65,80,53,26,9,7,12,10,5,0,0,11,11,4,0,0,1
5,2,7,51,74,123,116,97,86,66,14,4,4,2,0,8,9,8,11,0,4,0,0,2
7,5,2,36,56,100,88,94,85,58,15,0,9,5,5,3,3,7,9,10,0,0,3,4
0,0,3,0,23,60,78,84,73,51,8,0,0,3,11,9,6,8,8,0,0,7,8,5
0,2,3,0,13,42,60,63,57,44,7,5,0,0,10,11,6,0,6,0,9,0,3,8
0,0,0,0,6,14,53,53,52,31,0,0,0,8,8,2,4,6,0,5,5,2,6,4
0,0,0,0,4,11,20,56,58,27,0,8,7,10,9,6,0,0,0,0,10,9,1,0
0,0,0,8,1,8,13,52,59,50,13,6,0,10,9,10,2,0,0,0,2,4,4,0
0,0,0,0,1,2,31,52,53,50,22,10,7,11,11,13,5,0,0,0,0,6,9,0
0,0,0,0,7,8,50,57,64,54,20,8,6,5,10,7,8,8,0,0,0,0,0,0
5,4,5,9,11,22,64,103,79,41,14,11,9,10,9,8,6,3,6,6,6,0,0,0
7,7,4,5,12,38,66,126,62,18,13,14,13,3,6,11,0,6,10,8,0,0,0,4
2,4,0,0,9,27,60,53,37,13,13,13,11,10,8,8,5,9,5,0,7,5,7,0
2,0,3,4,10,5,12,13,13,9,8,7,9,9,5,4,4,3,5,9,9,1,0,5

0

5,7,7,14,13,13,12,31,12,11,9,9,8,9,4,11,8,12,8,5,8,9,12,3
11,6,10,10,6,7,3,2,28,57,73,105,102,62,17,15,18,11,8,13,12,9,10,8
10,7,6,5,0,6,10,13,74,120,157,205,219,171,114,60,28,13,0,0,0,0,9,3
11,32,39,37,33,17,64,103,117,161,198,250,247,238,165,113,63,29,14,9,1,2,4,4
2,52,58,65,72,71,87,118,151,167,196,198,224,232,206,121,80,53,10,12,10,0,0,0
6,43,60,93,84,82,97,112,144,141,142,141,180,231,247,147,72,50,11,7,4,0,0,4
11,18,55,99,104,74,70,69,79,77,100,108,147,183,150,126,69,53,10,13,10,6,2,3
0,6,35,67,63,57,55,63,61,62,67,102,97,106,114,106,67,51,11,0,9,10,10,3
6,8,9,43,38,37,51,54,61,67,88,115,144,131,121,105,87,41,4,5,0,3,2,4
0,8,11,11,11,33,54,56,60,69,114,165,196,194,159,125,95,64,34,0,4,2,4,4
2,6,7,13,14,33,52,58,59,69,115,157,232,219,146,113,72,63,18,13,0,0,5,0
0,6,10,10,27,48,50,61,71,84,112,129,136,168,146,115,83,58,23,12,9,2,0,0
6,6,7,13,14,14,36,56,69,101,116,129,141,141,123,111,88,52,26,14,0,0,0,8
0,0,0,11,14,10,11,73,71,108,114,119,132,135,133,115,101,64,15,4,0,4,6,4
3,6,9,10,9,10,10,14,40,55,74,107,130,144,130,118,69,20,2,0,2,0,7,7
7,6,0,4,9,5,3,12,50,53,66,107,153,162,127,112,84,14,0,8,7,0,0,0
8,6,3,5,8,10,14,13,30,56,101,125,157,123,97,79,66,55,8,13,3,1,0,0
9,20,19,14,28,38,38,41,46,80,156,176,210,198,153,151,98,48,27,10,9,8,4,3
1,3,11,9,14,33,56,66,72,133,172,208,256,180,159,147,115,64,14,11,16,11,3,2
5,11,14,14,20,44,60,112,129,144,204,332,377,240,180,143,120,105,13,10,10,11,0,0
0,9,12,13,22,35,100,123,141,160,233,297,280,199,147,131,110,42,17,15,1,5,4,5
5,6,12,35,30,83,110,126,156,186,219,219,186,145,111,95,50,12,10,21,13,13,4,4
11,11,26,30,46,66,110,132,140,160,174,159,127,106,55,45,13,21,0,8,14,5,9,3
5,5,20,51,58,108,118,121,130,143,135,126,104,67,26,9,2,12,0,1,7,10,10,3
5,12,12,19,99,101,106,113,117,121,111,108,77,37,20,14,13,2,0,0,5,0,4,11
9,10,13,45,96,102,106,107,108,104,102,86,5,14,8,7,6,14,2,4,13,6,13,10
7,12,14,58,87,85,97,100,100,51,6,2,0,8,10,10,7,11,13,0,11,8,7,10
13,43,34,86,108,107,103,21,6,2,3,2,4,12,10,12,12,12,12,0,0,9,7,9
0,13,28,79,101,107,103,83,36,0,5,0,8,0,0,10,12,2,11,1,0,10,12,2
11,10,14,58,101,75,88,87,72,13,9,4,11,6,0,8,10,9,3,12,0,4,8,7
12,10,12,50,77,99,97,65,80,53,26,9,7,12,10,5,0,0,11,11,4,0,0,1
5,2,8,51,74,123,116,97,86,66,14,4,4,3,0,9,9,8,11,0,4,0,0,2
7,5,2,37,56,100,88,94,85,58,15,0,9,5,5,3,3,7,9,10,0,0,3,3
0,0,3,1,23,60,78,84,73,51,8,0,0,3,11,9,6,8,8,0,0,7,8,5
0,2,3,0,13,42,59,63,57,43,7,5,0,0,10,11,6,0,6,0,9,0,3,8
0,0,0,0,6,14,53,53,51,31,0,0,0,8,8,2,4,6,0,5,5,2,6,4
0,0,0,0,4,11,21,56,59,27,0,8,7,10,9,6,0,0,0,0,10,9,1,0
0,0,0,8,1,9,13,52,59,49,13,6,0,10,9,10,2,0,0,0,2,4,4,0
0,0,0,0,1,2,33,52,53,50,22,10,7,11,11,13,5,0,0,0,0,6,9,0
0,0,0,0,7,7,50,57,64,54,20,8,6,5,10,7,8,8,0,0,0,0,0,0
5,4,5,9,11,22,64,103,79,41,14,11,9,10,9,8,6,3,6,6,6,0,0,0
7,7,4,5,12,37,67,126,62,18,13,14,13,3,6,10,0,6,10,8,0,0,0,4
2,4,0,0,9,28,60,53,36,13,13,13,11,10,8,8,5,9,5,0,7,5,7,0
2,0,3,4,10,5,12,13,13,10,8,7,9,9,5,4,4,3,5,9,9,2,0,5

0

5,7,7,14,12,13,12,31,12,11,9,9,8,9,4,12,8,12,8,5,8,9,12,3
11,6,10,10,6,7,3,2,28,57,71,104,101,61,15,15,18,11,8,13,12,9,10,8
10,6,6,5,0,6,10,12,73,118,155,203,215,167,111,59,28,13,0,0,0,0,9,3
11,33,40,37,33,16,64,103,117,160,200,255,250,241,168,115,63,29,14,9,1,2,4,4
2,52,59,65,72,71,88,118,151,167,198,202,228,236,210,125,81,54,11,12,10,0,0,0
6,47,61,95,84,82,99,114,145,142,143,143,183,234,252,151,73,50,12,8,4,0,0,4
11,25,57,106,109,76,71,70,80,77,100,109,150,185,151,127,69,53,10,13,10,6,2,3
0,7,47,72,67,59,56,64,61,62,67,103,98,107,114,106,67,51,10,0,9,10,10,3
6,8,9,51,47,44,51,54,61,67,88,115,144,130,120,104,86,36,4,5,0,3,2,4
0,7,11,11,12,35,54,55,60,69,114,164,194,191,155,123,95,63,30,0,4,2,4,4
1,6,7,13,13,25,50,58,59,69,116,156,229,215,145,112,71,63,14,12,0,0,5,0
0,6,10,10,16,37,50,61,71,84,113,130,136,167,145,115,83,57,20,12,9,2,0,0
5,5,7,12,13,13,35,56,68,101,116,130,141,141,123,111,87,51,24,14,0,1,0,8
0,0,0,11,14,10,11,69,70,107,114,118,132,136,133,115,101,64,14,4,0,4,6,4
2,7,8,10,9,10,10,14,36,55,74,106,130,144,130,118,69,19,1,0,2,0,7,7
7,6,0,4,9,5,3,12,50,52,66,106,153,163,127,112,84,14,0,8,7,0,0,0
8,6,3,5,9,10,14,13,28,55,100,125,157,124,98,79,66,55,8,13,3,1,0,0
9,20,19,14,28,38,38,41,46,80,157,176,211,201,156,153,98,48,27,10,10,8,4,3
1,3,11,9,14,33,55,65,72,133,172,206,253,180,160,147,115,64,14,11,16,11,3,2
5,11,14,14,20,43,60,112,129,143,203,324,369,238,179,143,120,105,13,10,10,11,0,0
0,9,11,13,22,35,100,122,141,159,232,293,276,197,147,131,110,42,17,15,1,5,4,5
4,6,12,34,31,83,110,126,156,185,219,218,185,145,111,95,50,12,10,21,13,13,4,4
11,11,26,30,45,66,110,132,140,160,174,159,128,105,55,45,13,21,0,8,13,5,9,3
5,6,21,53,59,108,118,121,130,143,135,126,104,66,27,9,2,12,0,1,7,10,10,3
5,12,12,22,100,101,106,113,117,121,111,108,74,38,17,14,13,2,0,0,5,0,4,11
9,10,13,50,98,103,106,108,108,104,102,86,5,14,8,7,6,14,2,4,13,6,13,10
7,12,17,59,90,87,97,100,100,51,6,2,0,8,9,10,7,11,13,0,11,8,7,10
13,45,36,88,109,107,103,22,6,2,3,2,4,12,10,12,12,12,12,0,0,9,7,9
0,13,30,81,102,107,103,84,35,0,4,0,8,0,0,10,13,2,10,1,0,10,12,2
12,10,14,58,101,76,88,87,72,13,9,5,12,6,0,8,10,9,3,12,0,5,8,7
12,10,12,50,78,99,98,65,80,53,26,9,7,12,10,5,0,0,11,11,4,1,0,1
5,2,7,51,74,123,117,97,86,66,14,4,4,3,0,8,9,8,11,0,4,0,0,2
7,5,2,36,56,100,88,94,85,58,15,0,9,5,5,3,3,7,9,10,0,0,3,3
0,0,3,1,23,60,78,84,73,51,8,0,0,3,11,9,6,8,8,0,0,7,8,5
0,2,3,0,13,41,59,63,57,44,7,5,0,0,10,11,6,0,6,0,9,0,3,8
0,0,0,0,6,14,53,53,51,31,0,0,0,8,8,2,4,7,0,5,5,2,6,4
0,0,0,0,4,11,20,56,58,26,0,8,7,10,9,6,0,0,0,0,10,9,1,0
0,0,0,8,1,9,13,52,58,48,13,6,0,10,9,10,2,0,0,0,2,4,4,0
0,0,0,0,1,2,30,51,53,50,20,10,7,10,10,13,5,0,0,0,0,6,9,0
0,0,0,0,7,7,50,57,63,53,20,8,5,5,10,7,8,8,0,0,0,0,0,0
5,3,5,9,11,22,64,103,79,41,14,11,9,10,9,8,6,3,6,6,6,0,0,0
7,7,4,5,12,37,67,125,62,18,13,14,13,3,6,10,0,6,10,8,0,0,0,4
2,5,0,0,9,26,59,53,36,13,13,13,11,10,8,8,5,9,5,0,7,5,7,0
2,0,3,4,10,5,12,13,13,10,8,7,9,9,5,4,4,3,5,9,9,2,0,5

0

5,7,5,10,9,12,10,14,11,11,10,10,9,10,7,13,9,12,8,5,8,10,12,3
11,6,9,9,6,6,1,0,17,56,68,100,97,61,33,23,22,12,8,13,12,9,10,9
10,6,6,5,0,6,10,13,71,115,149,198,209,169,112,61,29,13,0,0,0,0,9,3
12,31,38,36,30,14,64,103,116,159,202,259,258,257,184,126,69,33,16,10,1,0,3,4
3,52,58,63,69,69,86,117,148,165,197,205,235,250,231,139,89,58,15,13,10,0,0,0
7,45,61,92,81,80,96,111,141,138,139,142,187,248,273,163,76,51,13,12,4,0,0,3
12,23,56,103,105,75,70,69,78,76,98,108,155,192,155,131,69,56,12,13,10,6,2,2
1,8,48,74,69,59,55,63,61,61,66,101,99,109,114,106,67,52,13,0,10,9,9,2
6,9,9,50,46,44,51,54,61,65,83,109,140,128,118,105,86,48,4,5,0,3,1,4
0,8,12,12,12,35,54,55,59,66,103,151,183,178,148,123,96,65,38,0,6,1,3,3
2,6,8,13,13,15,46,57,57,64,106,146,213,199,141,113,72,64,22,12,0,0,5,0
0,6,10,9,12,14,42,59,68,78,109,127,132,163,144,116,85,59,26,12,10,2,0,0
7,7,7,12,12,11,30,55,65,100,115,129,140,140,123,112,89,52,32,14,0,0,0,8
0,2,0,11,14,8,11,60,66,105,113,117,132,136,133,116,101,66,24,4,0,4,6,4
3,7,9,10,9,10,11,14,14,53,72,106,130,145,131,119,71,21,3,0,2,0,7,7
7,6,1,4,9,5,3,12,50,51,65,106,154,164,128,112,85,14,0,8,7,0,0,0
8,6,3,5,8,10,14,13,25,55,100,125,157,124,98,79,66,56,9,13,3,0,0,0
9,20,20,14,29,39,38,41,46,80,156,176,210,200,156,154,100,49,28,10,10,8,4,3
1,3,11,9,14,33,55,65,71,133,173,209,257,181,160,147,116,65,16,11,16,11,3,2
5,11,14,14,20,44,60,112,129,144,205,333,377,240,180,144,121,106,13,10,10,11,0,0
0,9,12,13,22,35,100,122,141,160,233,296,279,198,147,132,110,43,18,15,1,5,4,5
5,6,12,36,30,83,110,126,156,185,219,219,185,145,111,96,51,12,10,21,13,13,4,3
11,11,26,30,45,66,110,132,140,160,174,159,128,106,56,45,13,21,0,8,14,5,9,3
5,6,21,51,58,108,118,121,130,143,135,126,104,67,27,9,2,12,0,1,7,10,10,3
5,12,12,19,98,100,106,113,117,121,111,108,75,39,20,14,13,2,0,0,5,0,4,11
9,10,13,47,96,103,106,108,108,104,102,86,5,14,8,7,6,14,2,4,13,6,13,10
7,12,14,58,87,85,96,100,100,51,6,2,0,8,9,10,7,11,13,0,11,8,7,10
13,43,34,86,109,107,103,22,6,2,3,2,4,12,10,12,12,12,12,0,0,9,7,9
0,13,27,79,101,107,103,83,35,0,5,0,8,0,0,10,12,2,10,1,0,10,12,2
12,10,14,57,101,75,88,87,72,13,9,4,11,6,0,8,10,9,3,12,0,5,8,7
12,10,12,50,77,98,97,65,80,53,26,9,7,12,10,5,0,0,11,11,4,0,0,1
5,2,7,51,74,123,117,97,86,66,14,4,4,3,0,8,9,8,11,0,4,0,0,2
7,5,2,37,56,100,88,94,85,58,15,0,9,5,5,3,3,7,9,10,0,0,3,3
0,0,3,1,25,60,77,84,73,51,7,0,0,3,11,9,6,8,8,0,0,7,8,5
0,2,3,0,13,41,60,63,57,43,7,5,0,0,10,11,6,0,6,0,9,0,3,8
0,0,0,0,6,14,52,53,51,32,0,0,0,8,8,2,4,6,0,5,5,2,6,4
0,0,0,0,4,11,21,56,58,27,0,8,7,10,9,6,0,0,0,0,10,9,2,0
0,0,0,8,1,9,13,52,58,48,13,6,0,10,9,10,2,0,0,0,2,4,4,0
0,0,0,0,1,2,30,51,53,50,20,10,7,10,11,13,5,0,0,0,0,6,9,0
0,0,0,0,7,8,50,57,64,53,20,8,6,5,10,7,8,8,0,0,0,0,0,0
5,4,5,9,11,22,64,103,79,41,14,11,9,10,9,8,6,4,6,6,6,0,0,0
7,7,4,5,12,37,66,125,62,17,13,14,13,3,6,11,0,5,10,8,0,0,0,4
2,4,0,0,9,26,59,53,36,13,13,13,11,10,8,8,5,9,5,0,7,5,7,0
2,0,3,4,10,5,12,13,13,10,8,7,9,9,5,4,4,3,5,9,9,2,0,5

1

5,7,4,8,6,11,9,13,11,11,10,11,10,11,10,14,10,12,9,5,8,10,13,3
11,6,9,7,5,6,0,0,14,56,70,102,100,63,50,29,24,12,9,14,13,9,10,9
10,5,6,4,1,7,10,13,73,117,155,209,219,176,117,63,30,14,0,0,0,0,9,3
12,25,31,33,27,14,63,103,117,161,205,265,264,266,189,130,70,35,23,10,1,0,3,4
2,50,56,60,67,67,84,116,148,165,199,208,238,259,237,143,92,59,17,13,11,0,0,0
6,42,59,88,79,79,95,110,140,137,138,140,183,252,276,164,75,50,13,14,5,0,0,3
12,20,56,94,100,74,70,69,78,75,96,106,154,192,153,127,68,55,12,13,10,6,2,3
0,8,48,74,70,58,55,63,61,60,64,100,99,109,112,103,65,51,14,0,9,9,9,2
7,9,9,46,41,39,51,54,60,64,79,103,136,128,119,102,84,43,3,5,0,3,0,3
0,8,12,11,12,29,53,55,58,63,94,142,171,173,149,121,94,66,39,0,8,1,2,3
2,6,7,13,13,14,40,56,57,62,99,139,199,189,139,113,73,65,27,11,0,0,5,0
0,6,10,9,12,14,39,58,66,75,106,123,128,161,144,117,87,60,29,12,7,1,0,0
7,7,8,13,13,12,31,54,64,96,114,127,139,140,123,112,92,53,33,15,0,1,0,8
0,3,2,12,14,7,12,57,62,103,111,117,132,137,135,117,102,65,28,5,0,5,6,4
3,7,9,10,10,10,11,16,13,52,71,107,131,147,132,120,72,22,4,0,2,0,7,7
7,6,2,4,9,5,3,12,48,51,65,108,157,168,130,114,86,16,1,8,7,0,0,0
9,6,3,5,8,10,14,13,24,55,101,128,159,126,99,80,67,57,10,13,4,0,0,0
9,21,21,16,29,39,39,41,46,80,159,179,212,200,158,158,103,50,29,10,10,8,4,2
1,3,11,9,14,30,55,66,71,134,175,214,260,180,161,148,118,66,21,11,17,11,3,2
5,12,14,14,20,44,60,112,129,144,208,338,376,238,181,145,121,107,14,10,10,11,0,0
0,9,12,13,22,35,101,123,141,160,233,293,272,197,148,132,111,45,18,15,1,5,4,5
5,6,12,34,30,83,110,126,155,184,217,218,185,145,111,97,52,12,10,21,13,13,4,3
11,11,26,30,45,65,110,132,139,159,173,159,128,106,56,45,13,23,0,8,14,5,9,3
5,6,21,51,57,108,118,120,129,143,135,126,104,67,26,9,2,12,0,1,7,10,10,3
5,13,12,17,97,100,106,113,116,121,111,108,75,37,23,14,13,2,0,0,5,0,4,11
9,10,12,44,94,102,106,107,108,104,102,89,5,14,9,7,6,14,2,4,13,5,13,10
7,12,14,56,85,84,96,100,100,50,5,2,0,8,10,10,7,11,13,0,11,8,7,10
12,40,32,84,108,107,103,20,5,2,3,2,5,12,10,12,12,12,12,0,0,9,7,9
0,13,23,76,101,107,103,84,38,0,5,0,8,0,0,10,12,2,11,0,0,10,12,2
11,10,13,56,100,75,88,87,73,13,9,4,11,5,0,8,10,8,2,12,0,4,9,6
12,10,12,50,76,97,97,65,81,53,26,9,7,12,10,5,0,0,11,11,4,0,0,1
5,2,7,51,72,122,116,97,86,67,14,4,4,3,0,8,9,8,11,0,4,0,0,2
7,5,2,36,56,100,88,94,85,58,16,0,9,5,5,3,3,8,10,10,0,0,3,3
0,0,3,1,23,60,77,84,73,51,8,0,0,3,11,9,5,8,8,0,0,6,8,5
0,3,3,0,12,41,59,63,57,45,8,5,0,0,9,11,6,0,5,0,8,0,3,8
0,0,0,0,6,14,52,53,52,33,0,0,0,7,8,2,4,6,0,5,5,2,6,4
0,0,0,0,3,10,20,56,59,28,0,8,7,10,9,5,0,0,0,0,10,9,2,0
0,0,0,8,0,8,12,52,59,50,13,6,0,10,9,10,2,0,0,0,3,4,4,0
0,0,0,0,1,1,31,52,54,50,26,11,7,10,11,13,5,0,0,0,0,6,9,0
0,0,0,0,8,7,50,57,65,54,21,9,6,5,10,7,8,8,0,0,0,0,0,0
5,4,5,9,11,21,64,104,80,43,14,11,9,10,9,8,6,3,6,7,6,0,0,0
7,7,4,5,12,35,66,125,62,18,13,14,13,3,6,10,0,5,10,8,0,0,0,4
2,4,0,0,9,23,59,53,35,13,13,13,11,10,8,8,5,9,5,0,7,5,7,0
2,0,3,4,10,5,12,13,13,10,8,7,9,10,5,4,4,3,5,9,9,2,0,5

1

6,7,4,7,5,11,9,13,11,12,11,11,10,11,11,14,10,12,9,6,8,10,13,3
10,5,8,7,5,5,0,0,14,56,69,102,99,63,51,33,25,12,9,14,13,9,11,9
10,4,5,4,1,7,10,13,72,117,155,208,218,177,123,67,32,14,0,0,0,0,9,3
12,22,27,33,27,14,63,102,116,161,204,263,262,260,188,134,73,36,25,10,1,1,4,4
2,50,55,60,67,67,84,116,148,164,197,206,237,258,236,143,93,60,18,13,10,0,0,0
6,39,59,88,79,79,95,109,139,135,136,139,185,255,277,164,75,51,13,14,5,0,0,3
12,21,55,94,100,75,71,69,78,75,94,105,154,192,153,126,68,56,13,13,10,6,2,2
0,8,50,76,71,59,56,63,61,59,61,96,98,109,113,104,66,54,15,0,9,9,9,2
7,9,9,48,42,40,51,53,60,63,73,98,133,128,120,104,85,52,5,6,0,2,0,3
0,8,12,12,12,29,53,54,58,62,86,137,165,172,150,124,97,67,50,0,8,1,1,3
2,6,7,13,13,14,39,55,56,60,95,137,196,187,139,115,75,66,47,12,0,0,4,0
0,6,10,8,12,14,36,57,64,73,104,122,127,161,145,118,90,61,35,13,5,1,0,0
8,7,8,12,13,11,30,54,63,92,112,125,139,140,124,113,95,53,37,18,0,0,0,8
0,4,2,12,14,8,13,54,59,101,110,116,132,137,136,117,102,66,36,5,0,5,7,5
4,7,9,10,10,10,11,17,12,52,70,107,132,148,134,121,73,24,6,0,2,0,7,7
7,6,2,4,9,5,3,12,47,51,65,108,157,170,132,115,88,21,3,8,7,0,0,0
9,6,4,6,8,10,14,13,25,54,101,128,160,126,100,82,69,58,11,13,4,1,0,0
9,21,21,17,30,38,38,41,46,80,158,178,213,202,160,161,105,51,29,10,10,8,4,2
1,3,11,9,14,31,55,65,71,133,174,213,259,181,162,149,119,68,25,11,17,11,3,2
5,11,14,14,18,44,59,112,128,144,206,336,376,239,182,146,122,108,14,10,10,11,0,0
0,10,12,13,22,35,100,122,141,159,232,292,272,197,148,132,112,47,19,16,1,5,4,5
5,6,12,35,29,82,110,126,155,184,217,218,185,146,112,99,53,12,10,21,13,13,4,4
11,11,26,30,45,65,110,131,138,158,173,159,128,106,58,46,13,24,0,8,14,5,9,3
5,5,18,50,56,108,117,120,129,143,135,126,104,66,29,9,2,12,0,1,7,10,10,3
5,12,12,15,95,100,105,113,116,121,111,108,75,40,23,14,13,2,0,0,5,0,4,11
9,10,12,43,93,102,105,107,107,103,102,89,5,14,9,7,6,14,2,4,13,5,13,10
7,12,14,57,83,83,97,100,100,51,6,2,0,8,10,10,8,12,13,0,11,8,6,10
12,40,31,83,108,106,103,20,5,2,2,2,5,12,10,12,12,12,12,0,0,9,7,9
0,13,23,75,101,107,103,84,38,0,5,0,8,0,0,10,12,2,11,0,0,10,12,2
11,10,13,56,100,74,88,87,73,13,9,4,11,5,0,8,10,8,2,11,0,4,8,6
12,10,12,50,75,97,96,65,81,53,26,9,7,12,9,5,0,0,11,11,4,1,0,1
5,2,7,51,72,122,116,97,86,67,14,4,4,3,0,8,10,8,11,0,7,0,0,2
7,5,2,36,56,100,87,94,85,59,18,0,9,5,5,3,3,7,10,10,0,0,3,3
0,0,2,1,23,59,77,84,74,51,8,0,0,3,11,9,6,8,8,0,0,6,8,5
0,3,4,0,12,41,59,63,57,45,8,5,0,0,9,11,6,0,5,0,8,0,3,8
0,0,0,0,6,14,52,53,51,33,0,0,0,8,8,2,4,6,0,5,5,2,6,4
0,0,0,0,3,10,19,56,59,30,0,8,7,10,9,6,0,0,0,0,10,9,2,0
0,0,0,8,1,8,12,52,59,50,13,6,0,10,9,10,2,0,0,0,2,4,4,0
0,0,0,0,1,1,30,52,54,50,26,11,7,11,11,13,5,0,0,0,0,6,9,0
0,0,0,0,8,8,50,57,65,54,22,9,6,6,10,7,8,8,0,0,0,0,0,0
5,4,6,9,11,22,64,104,81,42,14,11,9,10,9,8,6,3,6,6,6,0,0,0
7,7,4,5,12,35,66,125,62,18,13,14,13,4,6,10,0,5,10,8,0,0,0,5
2,4,0,0,9,24,59,53,35,13,13,13,12,10,8,8,5,9,5,0,7,5,7,0
2,0,3,4,10,5,12,13,13,9,8,7,9,10,5,4,4,3,5,9,9,2,0,5

1

5,7,4,7,5,11,8,14,11,12,11,11,10,11,11,14,10,12,9,6,8,10,13,3
10,5,8,6,4,5,0,0,14,56,70,104,101,64,51,33,25,12,9,14,13,9,11,9
9,3,3,2,2,7,11,13,71,117,157,215,227,180,126,68,32,14,0,0,0,0,9,4
12,15,14,32,25,15,62,102,115,160,204,267,271,266,186,134,74,36,24,10,1,1,4,4
2,36,52,59,66,67,82,114,147,164,198,207,238,263,236,142,94,60,17,13,11,0,0,0
7,31,55,83,78,77,92,107,139,136,138,141,188,258,281,165,76,51,14,14,5,0,0,4
11,14,53,83,90,71,69,68,78,75,96,106,158,196,157,130,69,57,13,14,11,6,2,3
0,7,27,63,61,55,54,62,61,59,62,99,99,110,115,107,67,55,17,0,10,9,9,2
6,8,8,14,17,14,50,53,60,63,76,101,136,129,122,107,88,54,6,6,0,2,0,3
0,9,11,10,10,22,52,54,58,63,88,141,170,173,152,127,99,68,50,0,8,1,1,3
3,7,7,13,13,14,41,55,57,61,97,140,200,188,141,116,75,67,50,13,0,0,5,0
0,6,10,9,12,21,39,57,64,73,104,122,128,162,145,118,90,61,36,13,5,1,0,0
8,8,9,13,14,13,32,54,63,92,112,125,139,140,124,113,95,54,37,18,0,0,0,8
0,4,3,13,14,9,13,55,59,101,111,116,132,137,135,117,102,66,37,5,0,4,6,4
4,7,10,11,10,10,11,17,12,52,70,107,131,147,133,120,73,24,6,0,2,0,7,7
8,6,2,4,9,5,3,12,44,51,65,107,156,169,131,115,88,20,2,8,7,0,0,0
9,6,4,6,8,10,14,13,25,54,100,127,159,126,100,82,68,57,11,13,4,1,0,0
9,21,21,17,30,38,38,41,46,79,156,178,214,202,160,161,105,51,29,10,10,8,4,2
1,3,11,9,14,31,55,65,71,133,173,212,260,182,163,149,119,68,25,11,17,11,3,2
6,12,14,14,18,44,59,112,128,143,205,334,377,241,183,146,122,108,14,10,10,11,0,0
0,10,12,13,21,35,100,122,141,159,232,294,276,199,148,133,112,47,19,16,1,5,4,5
5,6,12,35,29,81,109,126,155,184,218,219,186,146,112,99,54,12,10,21,14,13,4,4
11,11,26,30,45,64,109,131,139,158,173,160,128,106,58,46,13,24,0,9,14,5,9,3
5,5,20,50,56,108,117,120,129,143,135,126,105,69,29,9,2,12,0,1,7,10,10,3
5,12,11,15,95,100,105,113,117,121,111,108,80,40,22,14,13,2,0,0,5,0,4,11
9,10,12,43,93,102,106,107,108,103,102,89,5,14,9,7,6,14,2,4,13,5,13,10
7,12,14,56,84,83,96,100,100,51,6,2,0,8,10,10,7,11,13,0,11,8,6,10
12,40,32,84,108,106,103,21,6,2,3,2,5,12,9,12,12,12,12,0,0,9,6,9
0,13,24,77,101,107,103,83,37,0,5,0,9,0,0,10,12,2,10,0,0,10,12,2
11,10,13,57,100,74,88,87,73,13,9,4,11,5,0,8,10,8,2,11,0,4,9,6
12,10,12,50,76,97,97,65,80,53,26,9,7,12,9,5,0,0,11,11,4,1,0,1
5,2,7,51,73,122,116,97,86,66,14,4,4,3,0,8,10,8,12,0,7,0,0,2
7,5,2,36,56,100,87,94,85,58,15,0,9,5,5,3,4,7,10,10,0,0,3,3
0,0,2,0,23,60,77,84,73,51,7,0,0,3,11,9,6,8,8,0,0,6,8,5
0,2,3,0,12,42,60,63,57,45,7,4,0,0,9,11,6,0,5,0,8,0,3,8
0,0,0,0,6,14,52,53,51,32,0,0,0,8,8,2,4,6,0,5,5,2,6,4
0,0,0,0,4,11,19,56,58,26,0,8,7,10,9,6,0,0,0,0,10,9,1,0
0,0,0,8,1,8,13,52,59,50,13,6,0,10,9,10,2,0,0,0,2,4,4,0
0,0,0,0,1,2,29,51,53,50,20,10,7,11,11,13,5,0,0,0,0,6,9,0
0,0,0,0,8,7,50,57,64,54,21,8,6,5,10,7,8,8,0,0,0,0,0,0
5,4,6,9,11,24,64,104,80,41,14,11,9,10,9,8,6,4,6,6,6,0,0,0
7,7,4,6,12,37,67,126,62,18,13,14,13,3,6,11,0,6,10,8,0,0,0,4
2,4,0,1,10,27,60,53,36,13,13,13,12,10,8,8,5,9,5,0,7,5,7,0
2,0,3,4,10,5,12,13,13,10,8,7,9,9,5,4,4,3,5,9,9,2,0,5

1

4,7,2,10,9,12,10,24,12,12,11,11,10,10,8,12,9,12,8,5,8,10,12,3
10,5,8,8,5,6,0,0,31,58,73,107,102,64,41,24,19,12,8,13,13,10,11,9
9,5,5,2,0,7,11,13,75,121,161,217,226,175,120,64,30,13,0,0,0,0,10,4
11,16,20,33,29,14,63,102,117,165,207,265,262,251,175,121,67,32,22,10,2,3,6,5
2,48,54,60,67,67,85,117,151,169,202,207,233,245,215,127,83,55,14,13,10,0,0,0
6,37,57,86,79,79,95,111,144,144,144,144,185,240,253,147,72,47,12,11,5,1,0,4
11,14,54,84,93,73,70,70,80,77,100,109,154,186,148,121,67,52,11,13,11,7,3,3
0,6,36,66,64,57,55,63,61,61,68,103,98,107,110,101,64,40,12,0,9,10,10,3
6,7,8,28,29,22,50,54,61,66,85,110,140,127,116,101,82,20,2,6,0,3,0,4
0,8,11,10,10,26,53,55,59,66,102,154,184,177,148,120,92,63,26,0,9,2,3,4
1,6,6,12,13,14,41,56,57,64,107,149,213,195,138,111,71,63,14,12,0,0,6,0
0,5,10,9,14,29,42,59,67,78,110,127,131,163,143,115,83,57,19,12,5,2,0,0
7,7,8,13,15,13,31,55,64,97,114,129,140,140,123,111,88,51,24,14,0,0,0,8
0,2,1,12,14,8,12,61,61,103,111,117,133,136,134,116,101,63,16,5,0,5,7,5
3,7,9,10,10,10,11,22,13,53,72,107,131,146,132,119,68,16,1,0,2,1,7,7
7,6,1,4,9,5,3,12,50,52,66,109,157,166,129,113,83,14,0,7,7,0,0,0
9,6,3,5,8,10,14,13,30,55,102,129,159,125,98,80,66,54,8,13,3,0,0,0
9,20,20,15,29,38,38,41,46,81,160,180,213,199,155,154,99,48,27,10,10,8,4,3
1,3,11,9,14,30,55,65,72,134,175,212,258,180,159,147,116,65,14,10,15,11,3,2
5,11,14,14,19,43,60,112,129,144,207,338,379,240,180,144,121,106,13,10,10,11,0,0
0,9,12,13,22,35,100,123,142,161,235,299,282,198,147,132,111,42,17,15,1,4,4,5
4,6,12,34,30,82,110,126,157,186,220,221,187,145,111,96,50,12,9,21,13,13,4,4
11,11,26,30,45,66,110,132,140,160,175,160,128,106,55,45,13,22,0,8,13,5,9,3
5,6,22,52,59,108,118,121,130,143,135,126,104,68,29,9,2,12,0,1,7,10,10,3
5,13,12,20,99,100,106,113,117,121,111,108,77,38,22,14,13,2,0,0,5,0,4,11
9,10,13,48,96,103,106,107,108,104,102,86,5,14,8,7,6,14,2,4,13,6,13,10
7,12,14,58,87,84,97,100,100,50,6,2,0,8,9,10,8,11,13,0,11,8,7,10
13,43,34,86,108,106,103,21,6,2,3,2,5,12,10,12,12,12,12,0,0,9,7,9
0,13,27,79,101,107,103,83,34,0,4,0,8,0,0,10,12,2,10,1,0,10,12,2
11,10,14,57,101,75,88,87,72,13,9,4,11,5,0,8,10,9,3,12,0,4,9,7
12,10,12,50,77,98,97,65,80,53,26,9,7,12,10,5,0,0,11,11,4,1,0,1
5,2,7,51,73,122,116,97,86,66,14,4,4,3,0,8,10,8,11,0,7,0,0,2
7,5,2,36,56,100,88,94,85,58,15,0,9,5,5,3,3,7,10,10,0,0,3,3
0,0,3,0,24,60,77,84,73,51,7,0,0,3,11,9,6,8,8,0,0,6,8,5
0,2,3,0,13,41,59,63,57,44,7,4,0,0,9,11,6,0,5,0,8,0,3,8
0,0,0,0,6,14,53,53,51,31,0,0,0,8,8,2,4,6,0,5,5,2,6,4
0,0,0,0,4,11,20,56,58,27,0,8,7,10,9,6,0,0,0,0,10,9,1,0
0,0,0,8,1,8,13,52,59,49,13,6,0,10,9,10,2,0,0,0,2,4,4,0
0,0,0,0,1,2,31,51,54,50,20,10,7,10,11,13,5,0,0,0,0,6,9,0
0,0,0,0,8,8,50,57,64,54,21,8,6,5,10,7,8,8,0,0,0,0,0,0
5,4,5,9,11,22,64,104,80,41,14,11,9,10,9,8,6,3,6,6,6,0,0,0
7,7,4,6,12,37,67,126,62,19,13,14,13,3,6,10,0,5,10,8,0,0,0,4
2,4,0,1,10,27,60,53,35,13,13,13,11,10,8,8,5,9,5,0,7,5,7,0
2,0,3,4,10,5,12,13,13,10,8,7,9,10,5,4,4,3,5,9,9,2,0,5

1

5,7,3,7,6,11,8,14,11,12,11,12,11,12,11,14,10,12,9,5,8,10,13,3
10,5,8,7,4,5,0,0,21,57,72,106,103,66,52,32,25,12,9,14,13,10,11,9
9,4,4,2,2,7,11,13,74,119,160,220,228,183,127,70,32,14,0,0,0,0,9,3
12,15,14,32,26,14,63,102,117,163,209,272,273,270,191,138,76,36,26,10,1,1,4,4
2,41,53,58,65,65,83,116,149,166,201,212,243,267,237,142,95,60,18,13,10,0,0,0
6,34,56,83,76,77,93,108,140,138,140,143,189,254,279,163,76,51,14,14,5,0,0,4
11,15,54,83,92,74,70,69,78,75,96,106,156,193,155,129,68,56,13,14,11,6,3,3
0,7,46,70,71,59,55,63,61,60,63,99,98,109,113,105,66,53,14,0,10,9,10,2
6,8,8,31,39,33,51,53,60,64,76,100,133,125,116,103,85,40,3,4,0,3,0,3
0,9,12,11,11,27,53,54,58,63,89,138,168,169,146,122,95,66,38,0,9,2,2,4
2,6,7,13,13,14,38,56,56,61,96,137,196,185,137,113,73,65,23,11,0,0,5,0
0,6,10,8,12,18,37,57,65,73,104,122,127,159,142,116,85,59,24,12,6,2,0,0
7,7,8,13,13,12,30,54,63,93,112,126,139,139,122,112,89,52,30,14,0,0,0,8
0,3,2,12,14,8,13,53,58,101,110,116,132,136,134,116,101,65,21,4,0,4,6,4
3,7,9,10,10,10,11,19,12,52,70,107,131,146,132,119,71,17,2,0,2,0,6,7
7,6,2,4,9,5,3,12,50,51,65,107,155,166,129,113,85,14,0,7,7,0,0,0
9,6,4,5,8,10,14,13,30,55,101,127,158,125,98,80,67,55,9,13,3,0,0,0
9,21,21,16,29,38,38,41,46,80,158,179,211,199,156,155,101,49,28,10,10,8,4,3
1,3,11,9,14,30,55,65,71,133,174,211,257,180,160,147,117,66,17,11,16,11,3,1
5,11,14,14,19,44,59,112,129,144,206,336,378,240,181,145,121,107,13,10,10,11,0,0
0,9,12,13,22,35,100,122,141,160,234,297,280,198,147,132,111,43,17,16,1,4,4,5
4,6,12,35,30,82,110,126,156,185,219,220,186,145,111,97,50,12,10,21,13,13,4,4
11,11,26,30,45,65,110,132,139,159,174,160,128,106,56,45,13,22,0,8,13,5,9,3
5,6,21,51,59,108,118,120,130,143,135,126,104,67,29,9,2,12,0,1,7,10,10,3
5,12,12,19,98,100,106,113,117,121,111,108,77,40,22,14,13,2,0,0,5,0,4,11
9,10,13,45,95,102,106,107,108,104,102,86,5,14,8,7,6,14,2,4,13,6,13,10
7,12,14,58,87,84,96,100,100,50,6,2,0,8,10,10,7,11,13,0,11,8,7,10
12,43,34,86,108,106,103,21,6,2,3,2,5,12,10,12,12,12,12,0,0,9,7,9
0,13,27,79,101,107,103,83,35,0,4,0,8,0,0,10,12,2,10,1,0,10,13,2
11,10,14,57,101,75,88,87,72,13,9,4,11,5,0,8,10,9,3,12,0,4,9,7
12,10,12,50,77,98,97,64,80,53,26,9,7,12,10,5,0,0,11,11,4,1,0,1
5,2,7,51,73,122,116,97,86,66,14,4,4,2,0,8,9,9,11,0,7,0,0,2
7,5,2,36,56,100,88,94,85,58,15,0,9,5,5,3,3,7,10,10,0,0,4,3
0,0,3,0,23,60,77,84,73,51,7,0,0,3,11,9,6,8,8,0,0,6,8,5
0,2,3,0,13,41,59,63,57,43,7,4,0,0,9,11,6,0,6,0,8,0,3,8
0,0,0,0,6,14,52,53,51,32,0,0,0,8,8,2,4,6,0,5,5,2,6,4
0,0,0,0,4,11,20,56,59,28,0,8,7,10,9,6,0,0,0,0,10,9,2,0
0,0,0,8,1,8,13,52,59,50,13,6,0,10,9,10,2,0,0,0,2,4,4,0
0,0,0,0,1,2,33,52,54,50,20,10,7,11,11,13,5,0,0,0,0,6,9,0
0,0,0,0,8,8,50,57,64,54,21,8,6,5,10,7,8,8,0,0,0,0,0,0
5,4,5,9,11,22,64,104,80,41,14,11,9,10,9,8,6,3,6,6,6,0,0,0
7,7,4,6,12,36,67,126,62,17,13,14,13,3,6,10,0,6,10,8,0,0,0,4
2,4,0,1,9,26,59,53,35,13,13,13,11,10,8,8,5,9,5,0,7,5,7,0
2,0,3,4,10,5,12,13,13,9,8,7,9,10,5,4,4,3,5,9,9,2,0,5

1

5,7,3,5,1,9,6,11,9,11,10,11,11,12,14,17,11,13,9,6,8,10,13,3
11,5,8,6,4,5,0,0,14,56,71,105,102,67,55,38,29,13,10,14,13,10,11,9
9,3,4,2,3,8,11,13,73,118,161,221,226,184,128,74,33,14,0,0,0,0,9,4
12,15,14,31,27,16,62,102,116,162,214,279,284,295,213,154,83,40,36,11,1,0,3,4
2,40,52,57,64,65,81,115,147,164,202,218,254,295,264,160,104,65,23,14,11,0,0,0
6,34,56,82,75,75,92,107,137,134,136,140,187,261,298,175,80,54,12,15,6,0,0,4
12,16,54,82,90,74,71,69,78,74,90,103,153,195,160,132,71,58,16,14,11,6,3,3
2,8,49,71,79,62,56,62,61,58,57,89,96,109,114,107,69,57,34,0,10,9,9,2
7,9,8,28,43,37,50,53,59,61,66,87,123,122,119,107,90,59,6,5,0,2,0,3
0,9,12,11,11,30,52,54,57,60,75,119,143,160,147,126,101,72,51,0,7,3,0,3
2,6,7,13,13,14,36,54,56,58,83,125,182,176,137,117,77,68,50,12,0,0,4,0
0,6,10,8,12,14,34,56,62,68,96,115,123,157,143,119,91,62,38,13,8,1,0,0
8,7,8,13,13,12,30,53,61,87,109,122,137,139,123,113,94,53,38,16,0,0,0,8
0,5,3,13,14,10,13,51,55,96,108,114,131,136,135,117,102,67,31,5,0,4,5,4
4,7,10,11,11,11,12,17,12,51,67,106,131,147,134,121,75,21,5,0,2,0,6,7
8,6,2,5,9,6,4,12,50,51,64,105,155,169,132,115,88,20,2,8,7,0,0,0
9,6,4,6,8,10,14,13,25,53,96,127,161,127,101,82,69,58,11,13,3,0,0,0
9,21,22,19,30,39,38,41,45,77,153,185,223,207,162,163,106,52,30,10,10,8,4,2
1,3,11,9,14,31,55,64,70,131,172,216,269,186,164,151,120,69,26,11,17,11,3,2
6,12,14,14,17,44,59,111,127,142,205,337,376,241,184,147,123,108,14,10,10,11,0,0
0,10,12,13,21,34,100,121,139,157,232,294,274,199,149,133,113,49,19,17,1,4,4,5
5,6,12,35,29,80,109,124,152,182,216,218,185,146,112,100,55,12,10,21,14,13,4,4
12,11,26,31,44,62,109,130,137,156,173,160,128,106,59,46,13,25,0,9,14,5,8,3
5,6,18,47,53,107,117,119,128,142,135,125,104,66,29,9,2,12,0,1,7,10,10,2
5,13,11,14,92,100,105,112,116,121,111,108,77,40,26,14,13,2,0,0,5,0,4,11
10,10,12,37,87,102,105,107,107,103,102,92,5,14,9,7,6,14,2,4,13,5,13,10
7,11,12,51,76,78,94,100,100,47,5,2,0,8,10,9,7,12,13,0,11,8,6,10
12,34,28,78,106,106,103,18,5,2,3,3,6,12,9,12,12,12,12,0,0,9,6,9
0,12,14,69,100,106,103,82,35,0,5,0,8,0,0,10,12,3,11,0,0,10,12,2
11,9,13,55,95,72,87,86,72,13,10,3,11,3,0,9,10,7,1,11,0,4,8,6
12,10,12,50,73,94,95,64,81,53,26,9,7,12,9,4,0,0,11,12,4,0,0,1
5,2,7,51,70,120,115,96,86,67,14,3,4,3,0,8,10,9,12,3,8,0,0,2
7,5,1,35,55,97,86,93,85,59,16,0,9,5,6,3,4,8,10,10,0,0,4,3
0,0,2,0,21,59,77,84,74,51,7,0,0,1,11,9,5,8,8,0,0,6,8,5
0,3,4,0,12,39,59,63,57,45,8,4,0,0,8,11,5,0,5,0,8,0,3,8
0,0,0,0,6,13,52,54,52,34,0,0,0,8,8,3,5,5,0,5,5,2,6,4
0,0,0,0,3,10,21,57,60,31,2,9,7,10,8,5,0,0,0,0,10,9,1,0
0,0,0,8,0,8,13,53,62,50,14,7,0,9,9,9,1,0,0,0,2,4,4,0
0,0,0,0,1,1,34,52,55,51,36,12,8,10,11,13,5,0,0,0,0,6,9,0
0,0,0,0,9,8,50,58,67,56,22,9,7,6,11,7,8,9,1,0,0,0,0,0
6,5,6,9,11,22,64,105,83,44,14,11,9,10,9,7,4,3,6,7,6,0,0,0
7,7,4,6,12,35,66,127,63,20,13,14,14,3,6,10,0,6,10,8,0,0,0,4
2,4,0,1,9,23,59,53,37,13,13,13,12,10,8,8,5,9,5,0,7,5,7,0
2,0,3,3,10,5,12,13,13,10,8,7,9,10,5,4,4,3,5,9,9,2,0,5

1

6,8,5,4,2,7,5,8,8,9,7,11,9,11,12,16,11,13,10,8,8,11,13,3
11,5,8,4,3,6,1,0,14,56,74,109,106,71,55,39,31,15,12,20,14,11,12,10
9,3,3,0,5,10,12,14,69,117,160,224,239,194,139,79,34,14,0,0,0,0,10,3
13,14,12,29,26,22,62,101,112,158,210,283,296,307,213,157,86,40,49,11,1,1,1,4
3,23,51,57,64,64,79,112,144,162,198,219,261,323,287,168,108,68,26,17,11,0,0,0
7,26,53,77,73,73,88,102,132,130,133,140,195,291,328,185,83,57,27,21,6,0,0,3
12,14,51,73,82,71,68,67,76,73,87,102,163,215,166,130,71,60,27,14,11,6,2,2
0,6,32,59,64,59,53,60,60,56,55,89,98,112,116,107,70,57,32,0,10,9,9,2
7,8,8,14,23,20,50,53,58,60,62,80,117,122,121,107,93,60,7,10,0,2,0,2
0,10,12,10,10,24,51,54,57,58,67,105,125,158,145,126,104,72,51,0,6,4,0,3
3,7,7,12,12,15,33,54,54,55,74,114,171,170,136,118,78,68,50,13,0,0,3,0
0,5,10,7,12,14,30,55,60,64,84,107,122,159,143,121,93,61,39,14,8,1,0,0
8,9,9,13,14,13,31,53,60,81,105,118,137,139,123,114,96,54,39,18,1,0,0,7
1,10,3,13,18,12,13,51,54,90,107,112,131,138,138,119,102,68,40,5,0,4,6,4
5,10,10,11,11,12,12,20,13,50,63,106,133,152,138,125,84,27,8,0,2,0,7,7
8,7,2,5,9,6,4,13,50,51,63,107,160,177,138,121,96,38,6,9,7,0,0,0
9,7,5,7,8,10,15,13,24,52,95,131,168,132,107,88,75,61,14,13,5,0,0,0
9,21,24,23,32,39,39,41,44,76,155,190,231,219,176,178,119,57,33,12,10,8,4,2
1,3,11,10,13,31,54,61,67,130,172,220,282,194,174,159,126,77,40,10,17,11,3,2
7,12,14,15,15,41,57,109,125,141,205,343,391,255,193,154,127,112,49,11,10,11,0,0
0,10,13,13,20,31,94,118,136,155,232,298,286,207,155,137,116,57,22,20,3,3,4,5
5,6,12,35,20,72,107,122,150,180,217,221,189,149,116,104,63,12,11,21,15,13,4,4
12,11,25,31,42,55,107,128,134,154,172,161,129,108,65,48,14,31,0,10,14,6,8,3
6,7,17,40,21,106,115,118,126,141,135,126,105,70,33,9,0,12,0,0,7,10,10,2
6,13,10,13,79,96,104,111,115,120,111,108,79,39,31,20,14,2,0,1,4,0,4,11
9,10,11,21,72,101,104,106,107,103,102,98,5,14,9,6,7,14,1,4,13,5,13,10
6,10,8,34,52,66,90,100,100,44,4,2,0,8,10,7,0,11,14,0,11,6,5,8
11,24,16,63,102,104,102,15,5,2,6,3,6,11,10,13,12,13,12,0,0,8,5,9
0,11,13,55,78,104,102,83,35,0,6,0,3,1,3,10,12,3,11,0,0,10,13,3
11,9,12,52,78,67,85,86,73,13,11,3,6,9,0,10,11,5,0,10,0,3,8,7
12,9,11,50,67,87,91,64,81,54,28,8,7,13,8,3,0,0,10,13,5,0,0,1
5,2,6,50,64,116,112,95,86,68,14,2,4,3,0,8,10,9,11,10,11,0,0,2
6,4,1,32,54,91,82,92,86,59,15,0,9,5,6,4,5,8,11,9,0,0,4,3
0,0,0,0,19,58,74,82,74,52,7,0,0,0,11,9,5,8,7,0,0,5,7,5
0,3,4,0,12,34,58,63,57,45,9,3,0,0,7,10,3,0,5,0,8,0,4,8
0,0,0,0,6,13,52,53,52,37,0,0,3,8,8,3,5,4,0,4,5,2,6,4
0,0,0,0,3,10,18,57,60,33,3,8,7,9,7,5,0,0,0,0,10,9,2,0
0,0,0,9,0,8,13,53,63,51,14,7,0,8,9,9,1,0,0,0,3,4,4,0
0,0,0,0,1,0,31,52,55,51,46,14,8,11,12,13,5,0,0,0,0,6,9,0
0,0,0,0,10,8,50,58,68,58,24,9,8,7,11,7,6,9,1,0,0,0,0,0
6,5,6,9,11,21,63,105,85,46,14,11,10,9,8,7,3,2,6,7,6,0,0,0
7,7,4,5,12,33,65,127,63,20,14,14,14,2,6,10,0,6,10,8,0,0,0,4
2,4,0,2,9,19,58,53,36,13,13,13,11,10,9,8,5,9,5,0,7,5,7,0
2,0,3,3,10,5,12,13,13,10,8,7,10,10,6,4,4,3,5,9,9,2,0,5

1

7,8,6,4,4,8,6,7,8,8,4,10,9,11,9,17,11,13,10,8,8,10,13,3
11,6,9,5,4,7,3,1,12,53,68,104,105,71,56,45,36,23,13,24,14,11,12,10
10,3,3,0,5,10,11,12,62,107,143,197,221,191,140,84,36,21,0,0,0,0,10,4
13,14,11,28,25,19,60,100,104,143,189,251,268,297,219,167,94,43,52,13,0,1,0,4
3,13,39,55,63,63,73,106,135,149,182,198,237,307,297,183,118,75,36,23,10,0,0,0
8,18,51,70,71,70,80,93,122,117,121,131,189,298,345,202,96,65,50,30,7,0,0,3
12,13,47,65,74,66,65,65,73,71,82,98,159,220,176,144,79,67,58,29,11,6,1,2
2,4,14,52,55,53,51,58,58,56,52,83,96,113,122,115,76,64,53,4,11,8,9,1
7,9,9,11,13,13,50,52,58,59,57,74,116,129,132,116,102,78,13,15,0,2,0,1
0,11,12,10,9,16,51,53,56,57,63,96,123,168,161,138,112,79,55,4,6,6,6,3
4,7,8,13,12,15,33,53,54,55,68,104,167,175,144,125,85,71,54,14,0,0,3,0
0,6,11,7,12,14,29,54,59,63,77,100,120,163,147,126,100,63,46,15,9,0,0,0
9,10,10,13,14,14,31,52,59,79,103,114,136,139,125,115,100,54,42,20,3,0,0,7
3,12,4,14,21,13,14,50,53,84,105,111,131,138,140,121,103,70,50,6,0,4,6,4
6,11,11,11,12,12,13,17,13,47,61,105,132,153,140,126,92,30,11,0,1,0,7,7
8,7,3,5,9,6,5,13,47,51,62,104,158,178,142,124,100,53,7,9,7,0,0,0
10,8,6,8,9,10,14,13,23,52,95,127,166,134,110,92,79,63,35,13,5,0,0,0
10,22,26,25,32,39,39,41,43,76,154,185,233,224,182,189,129,61,35,13,10,8,4,2
1,3,12,10,13,31,53,59,65,129,173,221,286,199,180,166,131,84,50,10,16,11,3,1
8,12,14,15,14,38,56,108,123,139,207,353,399,266,199,161,131,115,68,12,10,11,0,0
1,11,13,13,19,29,87,116,134,154,234,306,293,213,162,141,120,68,25,24,5,3,4,5
5,7,12,35,17,64,105,121,148,178,218,223,192,154,119,108,71,13,11,22,16,13,4,4
12,11,24,30,40,50,105,125,132,151,172,162,130,110,74,50,14,34,1,10,14,6,8,3
7,7,15,33,13,104,113,116,125,140,135,126,105,75,38,10,2,12,0,0,6,11,10,2
6,13,8,12,68,85,103,110,114,119,111,108,82,44,34,27,14,1,0,1,4,0,4,11
9,10,9,14,61,100,103,105,106,103,102,100,6,14,9,6,7,16,1,4,14,5,13,11
6,9,5,18,28,55,82,100,100,41,4,3,0,9,10,7,0,11,14,0,11,2,2,7
10,18,14,54,97,103,101,14,5,4,8,3,7,13,10,13,12,13,12,0,0,8,2,9
0,10,12,41,64,102,102,80,31,0,7,0,4,2,4,10,12,4,11,0,0,11,13,3
10,9,11,51,69,63,84,85,72,13,11,3,2,8,0,12,13,5,0,10,0,3,9,7
12,9,11,46,62,80,88,64,80,54,28,7,8,15,7,4,3,6,10,13,5,0,0,2
5,1,5,47,60,112,109,94,86,68,15,1,3,3,0,8,10,10,11,12,11,0,0,2
6,4,0,29,53,86,80,91,86,60,17,0,8,5,6,4,6,8,11,9,0,0,4,3
0,0,0,0,17,57,73,82,75,52,8,0,0,0,11,10,6,8,7,0,0,4,7,5
0,3,4,0,12,29,58,63,58,50,11,2,0,0,7,10,2,0,4,0,8,0,4,8
0,0,0,0,6,12,52,53,52,40,0,0,2,8,8,4,6,3,0,4,5,2,6,4
0,0,0,0,4,10,17,57,61,37,5,8,6,9,7,6,0,0,0,0,10,9,1,0
0,0,0,9,1,10,13,53,66,52,14,8,0,6,9,9,1,0,0,0,3,4,4,0
0,0,0,0,1,0,28,52,56,52,50,18,9,11,12,13,5,0,0,0,0,6,9,0
0,0,0,1,11,8,50,58,71,60,25,10,8,8,11,7,5,9,2,0,0,0,0,0
6,5,6,10,11,23,62,106,89,50,15,11,10,9,8,5,0,1,6,7,6,0,0,0
7,7,5,6,12,33,65,131,64,22,14,14,14,2,6,10,0,6,10,8,0,0,0,4
2,3,0,0,10,19,59,54,39,13,13,13,12,10,9,8,5,9,5,0,7,5,7,0
2,0,2,3,10,5,12,13,13,10,8,7,10,10,6,4,5,3,5,9,9,2,0,5

1

6,8,5,3,3,7,5,6,8,8,6,11,10,12,19,28,13,14,11,9,8,11,13,2
10,3,8,3,2,6,3,1,14,55,73,109,108,77,63,54,43,41,13,27,14,11,12,10
9,6,4,0,4,9,10,13,65,110,147,207,229,198,148,93,42,24,0,0,0,0,10,4
12,13,8,24,22,15,60,100,105,144,190,252,267,301,226,169,95,41,50,11,0,1,4,5
3,11,22,53,61,61,72,105,133,146,179,195,230,297,294,181,114,70,31,17,9,0,0,0
9,14,50,65,67,67,77,89,118,112,117,128,184,288,337,196,90,62,34,24,6,0,0,3
11,12,41,62,70,64,63,64,72,71,81,96,153,208,172,142,76,65,56,14,12,5,2,3
4,1,12,50,52,50,42,57,58,56,54,85,94,110,119,113,74,63,52,2,10,9,9,2
6,8,9,9,12,11,43,52,57,59,59,77,117,125,127,113,98,74,12,12,0,2,0,2
0,11,12,9,7,14,50,53,56,58,66,106,130,167,156,133,107,75,54,0,3,5,4,3
4,7,7,12,11,14,28,52,54,56,71,112,175,175,140,121,80,68,52,13,0,0,6,0
0,6,11,7,12,15,28,53,59,64,80,103,121,160,143,123,95,61,40,13,11,0,0,0
8,10,10,14,22,14,31,51,59,80,103,114,136,139,124,114,97,54,40,20,4,0,0,8
3,12,3,14,25,13,14,51,54,88,106,111,131,138,139,120,103,68,50,6,0,6,7,5
6,12,11,11,12,12,13,17,13,50,62,106,133,153,140,126,91,25,11,0,2,0,7,7
8,7,3,5,9,6,4,12,47,51,63,105,159,178,142,124,100,50,7,9,7,0,0,0
10,8,6,8,9,10,14,13,22,52,95,129,168,134,110,93,79,63,29,13,5,0,0,0
10,22,26,25,32,39,39,41,43,75,154,189,236,227,184,189,129,61,35,13,10,8,4,2
1,3,12,10,13,30,53,59,65,129,173,224,290,202,182,167,131,85,50,10,16,11,3,1
7,12,14,15,14,37,56,108,123,140,207,353,403,269,201,163,133,116,69,11,10,11,0,0
0,10,13,13,18,29,86,116,134,155,234,306,295,214,163,141,121,69,25,24,5,3,4,5
4,6,12,35,17,62,104,120,148,178,218,223,192,154,119,109,71,13,12,22,16,13,4,4
12,11,24,30,40,49,105,125,132,151,172,162,130,110,75,50,14,35,2,11,14,6,8,3
6,7,14,33,13,104,112,116,125,140,135,126,105,76,40,10,4,13,0,0,6,11,10,2
5,13,8,12,67,81,103,109,114,119,111,108,82,44,37,27,14,1,0,1,4,0,4,11
9,10,9,16,62,100,103,105,106,103,102,100,6,14,9,6,7,17,1,4,13,5,13,11
6,9,4,20,27,54,81,100,100,42,4,3,0,9,10,7,0,11,13,0,11,0,2,7
10,17,14,54,96,102,101,14,5,4,9,3,7,13,10,13,13,13,12,0,0,8,2,8
0,10,12,50,67,102,102,79,29,0,7,0,4,3,5,10,12,5,11,0,0,11,13,3
10,9,11,51,70,63,84,85,72,12,11,4,2,8,0,12,13,6,0,10,0,3,9,7
12,9,10,48,63,80,87,64,80,54,28,7,8,16,8,4,4,8,10,13,5,0,0,2
5,1,5,47,60,112,109,94,86,69,17,1,3,3,0,8,10,10,11,12,11,0,0,1
6,4,0,30,53,86,80,92,86,59,18,0,7,5,6,4,7,8,11,9,0,0,4,3
0,0,0,0,17,57,73,83,75,52,8,0,0,0,11,10,5,8,7,0,0,4,7,5
0,3,4,0,12,30,58,63,58,49,11,3,0,0,7,10,2,0,4,0,8,0,4,7
0,0,0,0,6,12,52,53,52,40,0,0,2,9,8,4,6,3,0,4,5,2,6,4
0,0,0,0,4,10,17,57,61,37,5,8,6,9,7,6,0,0,0,0,10,9,1,0
0,0,0,9,2,10,13,53,66,52,14,8,0,5,9,9,1,0,0,0,3,4,4,0
0,0,0,0,1,0,29,52,56,52,50,17,9,11,12,13,5,0,0,0,0,6,9,0
0,0,0,1,11,8,50,58,71,60,25,10,8,8,11,7,5,9,2,0,0,0,0,0
6,5,6,10,11,22,63,106,89,49,15,11,10,9,8,5,0,0,6,7,6,0,0,0
7,7,5,6,12,34,65,130,64,22,14,14,14,3,6,10,0,6,10,8,0,0,0,4
2,3,0,0,10,21,59,54,39,13,13,13,12,10,9,9,5,9,5,0,7,5,7,0
2,0,2,3,10,5,12,13,13,10,8,7,10,10,6,4,5,3,5,9,9,2,0,5

1

5,7,4,3,2,7,5,6,8,9,7,12,11,13,20,28,13,14,11,9,8,10,13,3
10,3,6,1,1,5,2,1,14,56,74,111,108,78,63,54,41,35,13,23,14,10,11,10
9,9,6,0,3,9,10,13,66,112,149,210,230,197,148,92,41,20,0,0,0,0,10,5
11,13,10,28,23,15,60,100,106,146,191,251,263,289,216,162,93,39,39,10,1,3,5,6
3,13,47,55,62,62,72,106,135,148,181,194,227,281,274,169,109,67,25,14,10,0,0,0
8,15,51,67,67,67,77,90,121,115,121,130,183,272,320,186,85,57,9,13,6,0,0,4
10,11,45,62,71,65,64,64,73,71,85,99,154,202,166,138,73,61,41,12,12,6,3,3
3,0,12,50,54,52,46,57,58,58,60,94,97,110,117,109,71,60,34,0,9,9,10,2
6,8,8,9,12,11,42,51,58,62,70,88,125,126,123,109,92,63,8,10,0,2,0,3
0,9,11,6,6,13,50,53,56,61,77,124,148,168,150,128,101,71,49,0,3,5,4,3
3,6,5,11,10,13,26,53,54,58,81,125,186,178,137,117,75,66,38,11,0,0,7,0
0,5,10,7,13,21,31,54,61,68,88,109,122,158,140,120,89,59,29,12,10,1,0,0
8,8,10,14,30,14,30,53,62,87,107,119,137,138,123,113,92,52,34,16,4,0,0,8
2,11,1,14,25,12,14,59,59,100,108,113,131,137,138,118,102,66,43,6,0,6,8,6
5,12,10,10,11,11,12,22,14,52,67,107,132,151,138,124,84,20,8,0,2,1,8,8
8,6,2,4,9,6,3,12,50,52,65,107,159,175,138,121,95,36,5,8,7,0,0,0
9,7,6,7,8,10,14,13,23,52,97,132,167,132,107,90,75,60,13,13,5,0,0,0
9,22,25,24,32,39,38,40,43,76,157,191,233,222,178,180,121,58,32,13,10,8,4,2
1,3,11,10,13,29,52,60,66,130,174,222,286,198,177,162,128,81,43,9,15,11,3,1
6,12,14,14,14,36,56,108,124,141,206,347,400,265,196,158,130,114,56,11,9,11,0,0
0,10,12,13,18,29,87,117,136,156,233,301,292,211,159,139,119,62,22,23,5,3,4,5
4,6,12,34,17,64,104,121,149,179,217,221,191,151,117,107,65,12,11,21,16,13,4,4
12,11,24,30,40,50,105,126,133,153,171,161,130,109,72,47,14,30,1,10,14,6,8,3
6,6,14,37,15,105,113,117,126,141,135,126,105,75,38,9,4,12,0,0,6,10,10,2
5,13,8,13,73,88,103,110,114,120,111,108,82,46,34,24,13,1,0,1,4,0,4,11
9,10,10,25,68,100,103,106,107,103,102,100,6,14,9,6,7,14,1,4,14,5,13,11
6,7,5,31,45,61,84,100,100,44,5,2,0,9,10,7,0,11,13,0,11,0,2,7
10,19,14,60,100,103,101,14,5,4,8,3,7,13,10,13,12,13,12,0,0,8,2,8
0,11,13,56,77,103,102,80,31,0,7,0,4,0,5,10,12,5,11,1,0,11,13,3
10,9,11,52,78,65,85,86,73,13,10,5,2,7,0,12,14,7,0,10,0,3,9,7
12,9,11,50,65,83,90,64,81,54,29,8,9,14,8,4,4,8,11,13,5,0,0,2
5,1,6,50,62,114,111,95,86,68,17,2,3,3,0,8,10,10,11,11,11,0,0,2
6,4,0,31,54,89,82,92,86,60,19,0,8,5,6,4,6,8,11,9,0,0,4,3
0,0,0,0,19,58,74,83,74,52,7,0,0,0,11,10,6,8,7,0,0,4,7,5
0,3,4,0,12,33,58,63,58,49,11,3,0,0,7,10,4,0,4,0,8,0,4,8
0,0,0,0,6,13,52,53,52,39,0,0,3,9,8,3,6,4,0,5,5,2,6,4
0,0,0,0,4,11,19,57,60,35,3,8,6,9,8,6,0,0,0,0,10,9,1,0
0,0,0,9,2,10,13,53,63,51,14,7,0,6,9,9,1,0,0,0,3,4,4,0
0,0,0,0,2,0,30,52,55,51,46,14,8,11,11,13,5,0,0,0,0,6,9,0
0,0,0,1,10,8,50,58,69,58,24,9,8,7,11,7,5,9,2,0,0,0,0,0
5,5,6,10,11,23,63,106,87,47,14,11,10,9,8,5,1,1,6,7,6,0,0,0
7,7,5,6,12,35,66,130,64,22,14,14,14,2,6,10,0,6,10,8,0,0,0,4
2,3,0,0,10,25,60,54,39,13,13,14,12,10,9,8,5,9,5,0,7,5,7,0
2,0,2,3,10,5,12,13,13,10,8,7,10,10,6,4,4,3,5,9,9,2,0,5

1

1,4,0,2,0,4,2,6,8,9,8,12,11,13,19,22,12,13,10,8,8,10,12,3
10,1,3,2,1,2,0,2,33,57,77,112,107,74,58,46,31,15,11,14,14,10,11,10
9,12,10,1,4,13,52,48,72,118,157,216,228,190,139,83,36,14,0,0,0,0,11,5
10,13,14,32,31,40,66,102,113,157,199,259,265,277,199,145,83,35,19,9,2,4,6,7
0,34,52,57,64,64,80,112,144,159,193,202,232,271,248,149,99,61,20,14,10,0,1,0
5,26,54,74,71,72,85,100,132,131,134,138,189,261,291,165,77,52,6,10,6,2,0,5
10,13,51,68,77,70,68,68,78,74,94,106,158,197,157,128,68,53,13,13,12,7,3,3
5,2,21,60,70,58,53,59,59,61,69,102,99,110,113,103,65,43,13,0,10,10,10,2
4,5,5,12,22,13,50,52,60,67,82,104,136,127,117,102,82,13,0,7,0,4,0,4
0,6,11,6,6,14,50,54,58,68,95,143,170,169,144,119,91,63,13,0,4,6,5,4
1,4,3,9,11,13,28,55,56,63,95,138,197,181,132,111,70,61,13,11,0,0,7,0
0,3,9,8,14,25,36,57,65,73,99,116,125,157,137,115,82,55,14,12,11,1,0,0
6,6,8,14,30,13,27,54,65,95,111,122,137,138,122,111,87,50,25,14,4,0,0,8
0,8,0,13,20,10,13,67,63,104,110,115,131,136,135,116,101,62,21,5,0,6,7,6
4,11,9,10,10,11,12,25,15,54,70,107,132,148,135,121,77,14,4,0,2,1,7,8
7,6,1,4,8,5,2,12,51,53,66,109,158,170,134,117,89,19,2,7,6,0,0,0
9,6,5,6,8,9,14,13,25,53,100,131,163,129,103,86,71,56,11,12,4,0,0,0
9,20,23,20,30,38,38,40,44,78,160,186,221,211,169,168,112,54,30,12,10,8,4,2
1,3,11,10,13,24,52,61,68,132,175,217,272,190,171,155,124,76,33,8,14,10,2,1
5,11,14,14,13,35,56,109,125,142,206,338,392,258,191,153,128,112,38,10,9,10,0,0
0,9,12,13,18,30,90,118,137,157,233,297,288,208,155,137,117,54,20,20,5,2,4,5
4,6,11,34,19,68,105,122,152,182,217,220,189,149,116,104,61,12,11,20,14,13,4,4
11,11,24,30,41,55,107,128,136,156,173,161,130,109,68,46,13,24,1,10,14,5,8,3
5,5,14,43,44,106,114,118,127,142,135,126,105,75,31,9,3,12,0,1,6,10,10,2
4,13,9,14,81,96,104,111,115,120,111,108,82,46,29,17,12,1,0,0,4,0,4,11
8,10,11,37,77,101,104,106,107,103,102,96,6,14,9,5,6,14,1,3,14,6,13,10
6,8,8,46,62,68,88,100,100,45,4,1,0,9,10,7,0,11,13,0,11,1,2,7
11,27,15,68,102,103,102,15,5,3,7,3,6,12,10,12,12,12,12,0,0,8,2,8
0,11,14,65,87,104,102,81,31,0,7,0,4,0,4,10,12,4,11,1,0,11,13,3
11,9,12,54,86,67,86,86,72,13,11,5,4,6,1,11,14,8,0,11,0,3,9,7
12,9,11,50,68,87,92,64,81,53,29,9,9,14,9,4,3,7,11,13,5,0,0,2
5,1,6,50,65,117,113,96,86,68,17,2,3,3,0,8,10,10,11,10,11,0,0,2
6,4,1,33,54,92,84,93,85,59,18,0,8,5,5,4,6,8,10,9,0,0,4,3
0,0,0,1,20,58,75,84,74,52,7,0,0,0,11,10,6,8,7,0,0,4,7,5
0,3,4,0,13,38,59,63,58,48,9,4,0,0,7,11,5,0,5,0,8,0,4,8
0,0,0,0,6,13,52,53,52,37,0,0,3,9,8,3,6,5,0,5,5,2,6,4
0,0,0,0,4,11,20,57,60,34,3,7,7,9,8,6,0,0,0,0,10,9,1,0
0,0,0,8,2,10,13,53,62,51,14,7,0,7,9,9,2,0,0,0,3,4,4,0
0,0,0,0,2,1,31,52,55,51,44,13,8,10,11,13,5,0,0,0,0,6,9,0
0,0,0,0,9,8,50,58,68,58,24,9,7,6,11,7,5,9,1,0,0,0,0,0
6,5,6,9,11,24,64,106,86,48,14,11,9,9,8,5,1,1,6,7,6,0,0,0
7,7,5,6,12,35,66,130,63,22,14,14,14,1,6,10,0,6,10,8,0,0,0,4
2,3,0,0,10,25,60,54,39,13,13,14,12,10,9,9,5,9,5,0,7,5,7,0
2,0,2,3,10,5,12,13,13,10,8,7,10,10,6,4,5,3,5,9,9,2,0,5

0

2,5,0,2,0,4,2,6,8,9,8,12,11,13,21,26,13,14,10,8,8,10,12,2
10,2,4,2,1,3,0,2,23,57,75,110,107,76,60,50,35,22,11,16,14,10,11,9
9,12,10,1,4,11,13,21,71,115,155,214,227,194,144,89,38,14,0,0,0,0,10,4
11,13,13,32,29,21,62,101,111,154,198,259,265,283,210,157,89,36,26,10,2,3,5,5
1,29,52,56,63,63,77,110,142,156,190,200,233,276,262,163,106,65,21,14,10,0,0,0
6,25,54,73,69,70,83,98,129,127,130,136,188,268,308,179,81,54,7,10,5,0,0,4
11,13,51,68,78,70,68,67,77,73,91,104,158,203,164,137,71,58,14,13,11,6,3,3
6,3,25,59,70,59,53,59,59,60,66,100,99,111,117,108,69,55,19,0,9,10,10,2
5,6,6,12,23,14,50,52,59,66,78,100,133,128,121,107,89,51,4,9,0,6,0,3
0,8,11,7,8,14,50,53,58,66,89,137,165,171,149,125,98,67,36,0,3,5,4,3
1,5,4,11,12,13,29,54,55,61,90,132,193,182,136,115,73,65,32,11,0,0,4,0
0,4,10,7,13,18,32,56,63,71,95,113,123,158,140,118,87,59,27,12,10,1,0,0
6,6,8,14,21,12,27,53,63,93,110,120,137,138,122,113,91,52,33,14,3,0,0,8
1,8,0,13,17,10,13,60,61,102,110,114,131,136,136,117,101,64,37,5,0,4,6,4
4,11,9,10,10,11,12,19,14,53,69,106,131,148,136,122,79,16,5,0,1,0,7,7
7,6,0,3,8,5,2,12,50,52,65,107,157,170,135,118,92,26,3,7,6,0,0,0
9,7,5,6,8,10,14,13,23,53,97,131,164,129,104,87,72,58,12,12,4,0,0,0
9,20,23,21,31,38,38,40,44,75,156,190,227,216,170,171,114,56,31,12,10,8,4,2
0,3,11,10,13,24,52,61,67,130,174,219,277,193,172,157,125,77,36,8,14,10,2,1
5,12,14,14,13,35,56,109,125,142,204,334,387,255,192,154,128,112,46,10,9,10,0,0
0,9,12,13,18,30,90,117,137,156,231,293,282,206,156,138,117,57,21,21,5,2,4,5
4,6,11,34,20,67,105,122,150,180,216,219,188,149,116,105,63,12,11,20,14,13,3,4
12,11,24,30,41,55,106,128,135,154,172,161,130,109,69,47,14,25,1,10,14,5,8,3
6,6,14,43,40,105,114,118,127,141,135,126,105,75,31,9,3,12,0,1,6,10,10,2
4,13,9,14,79,94,104,111,115,120,111,108,83,43,30,17,12,1,0,0,4,0,4,11
8,10,11,35,75,101,104,106,107,103,102,98,6,14,9,4,6,14,1,3,13,6,13,10
6,8,8,42,58,67,85,100,100,45,4,1,0,9,10,7,0,11,13,0,11,1,2,7
11,25,14,67,102,103,102,15,5,3,7,3,6,12,10,12,12,12,12,0,0,7,2,8
0,11,14,63,85,104,102,80,31,0,7,0,5,0,3,10,12,4,11,0,0,11,13,3
11,9,12,54,85,66,86,86,72,14,11,5,4,7,2,12,14,7,0,11,0,3,9,7
12,9,11,50,67,86,91,64,81,54,29,9,9,14,9,5,3,7,11,13,5,0,0,2
5,1,6,50,64,116,113,95,86,68,19,2,4,3,0,8,10,10,11,10,11,0,0,2
6,4,1,32,54,92,84,93,86,59,20,0,8,6,5,4,6,8,10,9,0,0,4,3
0,0,0,1,20,58,75,84,74,52,7,0,0,0,11,10,6,8,7,0,0,4,7,5
0,3,4,0,12,36,59,64,58,48,9,4,0,1,7,11,5,0,5,0,8,0,4,8
0,0,0,0,6,13,52,54,52,39,0,0,3,9,8,3,6,5,0,5,5,2,6,4
0,0,0,0,4,11,22,57,60,36,3,8,7,9,8,6,0,0,0,0,10,9,1,0
0,0,0,8,2,10,13,53,63,51,14,7,0,7,9,9,2,0,0,0,3,4,4,0
0,0,0,0,2,0,33,52,55,51,46,14,8,11,12,13,5,0,0,0,0,6,9,0
0,0,0,0,10,8,50,58,69,58,24,9,7,7,11,7,5,9,1,0,0,0,0,0
5,5,6,10,11,23,64,106,87,48,16,11,10,9,8,5,1,1,6,7,6,0,0,0
7,7,5,6,12,36,66,130,64,21,14,14,14,2,6,10,0,6,10,8,0,0,0,4
2,2,0,0,10,25,60,54,39,14,13,13,12,10,9,9,5,9,5,0,7,5,7,0
2,0,2,3,10,5,12,13,13,10,8,7,10,10,6,4,5,3,5,9,9,2,0,5

0

3,6,1,2,0,4,3,5,7,9,7,12,10,13,21,27,13,14,11,8,8,10,13,2
10,2,4,3,2,3,0,1,16,56,73,107,105,74,61,51,37,29,12,20,14,10,10,9
9,10,9,1,4,11,13,14,69,114,150,203,216,190,143,90,39,15,0,0,0,0,10,4
11,13,13,31,27,18,61,101,109,149,193,250,259,282,213,163,91,38,32,11,1,1,4,5
1,27,52,56,62,61,75,108,137,149,184,198,232,285,277,172,109,67,23,14,10,0,0,0
6,25,54,72,69,69,82,95,125,120,125,134,192,287,327,190,84,55,9,13,5,0,0,4
11,13,51,68,77,70,68,67,75,72,88,103,165,220,173,139,72,61,33,13,11,6,2,3
6,4,27,60,73,59,54,59,58,59,62,97,101,114,120,110,71,60,42,0,10,9,9,1
5,7,6,12,25,14,50,52,58,63,70,91,129,131,128,111,94,66,10,12,0,6,0,2
0,8,11,8,8,14,50,53,57,62,79,126,152,175,156,132,104,72,52,0,3,5,2,3
2,5,5,12,12,13,29,54,55,59,83,127,189,182,141,120,79,68,52,14,0,0,2,0
0,4,10,6,12,16,31,55,61,68,89,109,124,162,144,123,93,61,41,14,11,0,0,0
7,7,8,13,18,13,28,52,61,86,107,117,136,139,124,114,96,53,38,17,3,0,0,7
1,9,0,13,18,11,14,53,58,99,108,112,130,137,138,119,102,67,45,5,0,4,6,3
4,11,9,10,11,11,12,15,13,51,66,105,131,149,138,124,84,20,8,0,1,0,7,7
8,6,1,3,8,5,3,12,44,51,63,103,155,173,139,122,97,39,6,8,7,0,0,0
9,7,5,7,8,10,14,13,20,51,92,127,164,131,107,90,76,61,15,13,4,0,0,0
9,21,24,23,31,39,38,40,43,73,150,187,229,219,176,180,123,60,34,13,10,8,4,2
1,3,11,10,13,26,52,60,66,128,171,218,276,193,175,162,129,83,46,9,15,11,2,1
6,12,14,14,13,35,56,108,124,140,202,328,373,250,194,158,131,115,68,11,9,11,0,0
0,10,12,13,18,30,88,116,135,153,227,285,270,205,159,140,120,66,24,23,6,2,4,5
4,6,11,34,20,66,105,120,148,177,213,217,188,152,118,108,70,13,11,21,15,13,3,4
12,11,24,30,41,52,105,126,132,152,171,161,131,110,73,48,14,27,1,10,14,5,8,2
6,6,14,38,24,105,113,117,126,141,135,126,105,75,35,10,4,12,0,0,6,10,10,2
5,13,9,13,75,89,103,110,114,120,111,108,87,43,27,17,12,0,0,0,4,0,3,11
9,10,11,31,73,100,104,106,106,103,103,100,6,14,9,4,6,14,1,3,13,5,13,10
6,7,6,35,54,62,83,100,100,41,4,2,0,9,10,6,0,11,13,0,11,0,2,7
11,21,14,64,101,103,101,14,5,3,8,3,6,12,10,12,12,12,12,0,0,7,2,8
0,11,13,60,81,103,102,78,31,0,7,0,5,0,4,10,12,4,11,0,0,11,13,2
11,9,12,53,80,65,85,85,72,13,11,5,4,8,1,12,13,6,0,11,0,3,9,7
12,9,11,50,66,84,90,64,80,54,29,8,9,14,9,5,5,9,11,13,5,0,0,2
5,1,6,50,63,115,112,95,86,68,20,2,3,3,0,8,10,10,11,11,11,0,0,2
6,4,0,32,54,91,84,94,86,60,24,0,8,5,6,4,7,8,11,9,0,0,4,3
0,0,0,1,20,58,76,85,75,52,8,0,0,0,11,10,6,8,7,0,0,4,7,5
0,3,4,0,12,33,59,65,59,50,11,3,0,1,7,10,3,0,4,0,8,0,4,7
0,0,0,0,6,12,52,54,53,42,0,0,3,9,8,4,6,4,0,4,5,1,6,4
0,0,0,0,3,10,23,58,62,39,5,8,6,9,7,6,0,0,0,0,10,9,1,0
0,0,0,8,1,10,13,54,67,52,14,8,0,5,9,9,1,0,0,0,3,4,4,0
0,0,0,0,1,0,31,53,57,52,51,20,9,11,12,13,5,0,0,0,0,6,9,0
0,0,0,1,11,8,50,59,72,61,25,10,8,7,11,7,4,9,2,0,0,0,0,0
6,5,6,10,11,23,63,107,90,50,14,11,10,9,8,4,0,0,6,7,6,0,0,0
7,7,5,6,12,34,65,130,64,23,14,14,14,2,6,9,0,6,10,8,0,0,0,4
2,2,0,0,9,19,59,54,39,13,13,13,12,10,9,9,5,9,5,0,7,5,7,0
2,0,3,3,9,5,12,13,13,10,8,7,10,10,6,4,5,3,5,9,9,2,0,5

0

5,6,4,2,1,5,4,5,7,7,4,8,7,12,21,30,14,25,13,12,9,11,14,2
10,3,6,5,5,5,2,0,11,51,63,90,93,66,59,56,50,63,36,44,33,12,14,11
9,10,8,2,3,11,12,11,61,105,135,174,183,174,139,93,48,35,2,0,1,0,10,4
12,14,13,31,27,19,58,100,104,137,170,224,234,267,217,174,101,48,57,19,1,0,0,0
2,24,51,56,62,60,70,104,128,135,159,178,213,285,303,201,130,95,70,42,13,0,0,0
7,23,53,72,68,68,79,91,117,107,108,117,170,281,348,225,110,76,67,48,12,0,0,3
11,13,51,68,79,71,69,67,74,71,79,91,142,199,175,148,87,79,83,56,21,8,1,4
7,6,36,62,87,64,55,59,58,57,54,74,85,108,122,121,84,72,64,28,14,9,8,0
7,9,6,13,39,34,50,52,57,60,55,64,104,124,135,125,115,92,63,50,7,5,2,4
0,9,13,10,10,29,51,53,56,58,62,77,113,166,167,150,130,96,68,15,11,11,22,11
3,6,7,12,12,19,32,52,54,55,64,86,148,170,147,133,105,86,66,50,1,0,4,1
0,5,11,6,13,25,31,53,59,62,70,83,112,155,147,134,110,72,57,39,13,0,0,0
8,9,9,13,14,14,30,51,58,77,100,103,130,135,126,119,105,60,53,35,8,0,0,0
3,11,2,13,22,13,14,50,53,76,102,107,126,136,142,123,105,77,74,9,0,0,0,0
6,12,10,11,12,13,13,16,13,27,56,96,128,149,142,129,100,39,31,0,0,0,3,4
8,7,2,4,9,6,4,11,33,50,56,90,145,172,143,127,104,81,9,10,7,0,0,0
10,8,6,7,8,10,14,13,14,38,79,114,155,130,111,95,86,70,63,14,7,0,0,0
9,22,25,25,32,39,39,40,41,66,128,163,222,224,189,202,146,80,47,24,9,7,3,1
1,3,12,10,13,26,52,57,62,122,159,203,270,197,186,178,142,103,60,14,14,10,1,1
7,12,14,14,13,36,55,106,120,136,191,304,366,257,208,174,144,124,106,11,12,11,0,0
0,10,12,13,18,27,80,112,129,147,218,276,264,211,173,149,128,101,34,28,7,3,4,5
4,6,11,34,16,56,102,117,144,171,209,215,190,159,125,118,90,14,9,18,17,13,2,3
12,11,23,30,39,44,103,121,128,148,170,163,134,113,90,53,20,35,3,11,14,5,7,2
6,7,14,30,10,102,111,114,123,140,135,127,106,82,40,11,5,13,0,0,6,10,10,0
5,13,8,12,59,76,102,109,114,119,111,109,93,42,29,16,12,0,0,1,3,0,2,10
9,10,10,14,61,100,103,105,106,103,103,100,7,12,9,6,7,14,1,3,13,3,13,10
6,7,3,22,31,56,80,97,98,39,4,3,0,8,9,6,0,11,13,0,11,0,2,7
10,16,13,55,100,102,101,14,5,5,9,4,7,13,9,12,12,12,12,0,0,7,2,9
0,10,12,48,69,102,101,78,34,0,8,0,7,7,4,9,11,4,10,0,0,10,12,2
10,9,11,51,70,63,83,84,73,13,11,4,4,10,1,12,11,3,0,10,0,3,8,7
12,9,11,48,62,80,88,63,81,54,30,7,9,16,8,5,9,5,10,13,4,0,0,2
5,1,5,47,59,113,111,95,86,69,29,1,2,3,0,8,9,10,11,13,11,0,0,2
6,4,0,29,53,87,82,93,86,61,26,0,6,4,6,5,8,8,10,9,0,0,4,3
0,0,0,2,18,57,75,86,77,53,9,0,0,2,10,10,6,8,7,0,0,4,7,5
0,3,4,0,12,29,59,66,60,50,12,2,0,2,6,10,0,0,4,0,7,0,4,7
0,0,0,0,6,12,52,54,53,46,0,0,1,9,8,4,7,2,0,4,5,1,6,4
0,0,0,0,3,10,22,58,63,42,7,9,5,9,5,6,0,0,0,0,10,8,1,0
0,0,0,9,2,10,13,54,71,53,23,10,0,2,9,8,0,0,0,0,3,4,3,0
0,0,0,0,1,0,31,53,58,53,52,24,11,12,12,13,3,0,0,0,0,6,9,0
0,0,0,1,11,9,50,59,76,65,28,11,9,9,11,6,4,8,3,0,0,0,0,0
6,6,6,10,11,25,63,108,94,51,15,11,10,9,9,4,0,0,6,7,6,0,0,0
7,7,5,6,12,34,65,132,65,25,14,14,14,3,8,9,0,6,11,8,0,0,0,4
2,2,0,0,9,19,59,54,40,14,13,14,12,11,10,9,5,9,5,0,7,5,7,0
2,0,3,3,9,5,12,13,13,10,8,7,10,10,6,4,5,3,5,9,9,2,0,5

0

6,7,5,2,2,6,3,5,6,6,2,7,6,11,23,31,16,29,14,13,9,12,14,2
10,3,6,5,5,5,2,1,10,37,58,80,86,64,57,58,51,68,47,48,39,12,14,11
9,9,8,2,3,11,12,9,57,100,126,158,171,171,141,95,52,48,3,0,1,0,10,5
12,14,12,30,23,21,55,96,102,130,158,208,222,254,212,173,104,50,58,39,2,0,0,0
3,19,50,55,61,58,67,102,123,128,147,167,203,277,294,199,134,99,70,51,20,0,0,0
7,21,53,72,68,67,77,88,114,101,100,110,163,277,348,230,119,80,65,52,20,0,0,0
11,14,51,68,79,71,69,66,73,69,76,87,136,194,175,152,94,83,85,59,32,9,1,4
8,6,38,63,94,65,56,58,57,56,52,70,81,106,122,125,87,73,67,51,15,11,10,5
7,9,6,13,40,34,50,51,56,58,52,59,99,123,137,129,119,94,65,52,12,9,9,6
0,9,13,10,10,26,50,52,55,57,60,67,108,165,170,155,135,100,71,38,13,11,29,13
3,7,7,12,12,16,25,51,53,54,60,81,145,169,149,136,111,89,67,52,0,0,3,5
0,5,11,6,13,25,29,52,57,61,66,78,109,154,148,136,113,73,57,43,14,2,0,0
8,10,9,13,15,14,28,49,57,76,98,100,129,135,126,120,107,60,53,38,9,0,0,2
3,12,3,14,20,13,14,40,50,74,102,105,125,136,142,125,106,77,79,10,0,0,5,1
6,12,10,11,12,12,12,14,12,19,55,93,127,148,142,129,101,41,35,0,0,0,4,6
8,7,2,4,8,5,4,11,23,46,55,87,143,171,144,128,105,87,10,10,7,0,0,0
10,8,6,7,8,10,14,13,14,29,76,111,154,130,112,97,89,71,63,14,9,0,0,0
9,22,25,26,32,39,38,40,41,64,124,161,222,227,193,207,152,86,49,24,9,8,3,1
1,3,12,10,13,24,51,56,61,119,157,205,271,200,190,182,145,107,61,15,14,11,2,1
7,12,14,14,13,34,55,105,118,135,190,306,368,262,213,179,148,126,107,11,12,12,0,0
0,10,12,13,17,26,76,110,127,146,218,277,265,213,177,152,131,103,35,28,7,3,4,5
4,6,11,34,14,53,100,116,143,169,209,216,191,161,126,121,95,15,10,18,17,13,2,3
12,11,23,30,38,42,102,120,127,148,170,163,135,114,94,55,22,37,4,11,14,5,7,2
6,7,14,26,10,101,110,114,123,140,135,127,107,84,39,12,5,13,0,0,6,10,9,0
5,13,7,12,56,72,102,109,114,119,111,109,98,40,31,19,12,0,0,1,3,0,2,10
9,10,9,14,57,100,103,105,106,103,103,100,7,11,9,7,7,14,1,3,12,2,12,10
6,7,2,20,21,53,79,97,100,42,4,4,0,8,10,7,0,11,14,0,11,0,1,6
10,14,13,52,93,102,101,14,5,5,10,4,8,13,9,12,12,12,12,0,0,7,1,8
0,10,12,45,66,101,101,78,35,0,9,0,7,9,5,9,11,5,11,0,0,10,12,2
10,8,10,51,68,62,83,85,73,13,11,4,5,11,1,12,9,2,0,10,0,3,8,7
12,9,10,46,61,78,87,64,81,54,30,7,9,16,9,5,7,2,9,13,3,0,0,2
5,1,5,46,58,111,110,95,87,70,30,1,2,3,0,8,9,10,11,13,11,0,0,1
6,4,0,28,53,86,81,93,86,61,26,1,6,4,7,5,10,9,10,9,0,0,4,3
0,0,0,2,17,57,75,86,77,53,9,0,0,2,10,10,7,9,6,0,0,4,7,5
0,3,4,0,12,29,59,66,60,50,12,2,0,2,6,10,0,0,3,0,7,0,4,7
0,0,0,0,7,12,52,54,53,46,0,0,1,9,9,4,7,2,0,4,5,1,5,4
0,0,0,0,4,10,23,58,63,44,8,9,5,9,5,6,0,0,0,0,10,8,1,0
0,0,0,9,2,10,13,54,72,53,23,11,0,2,8,7,0,0,0,0,3,4,4,0
0,0,0,1,1,0,34,53,58,53,52,25,11,12,12,13,3,0,0,0,0,6,9,0
0,0,0,1,12,9,50,60,77,65,28,11,9,9,11,6,5,8,3,0,1,0,0,0
6,6,6,10,11,24,63,109,96,51,16,11,10,10,10,3,0,0,6,8,6,0,0,0
7,7,5,6,12,33,65,134,65,25,14,14,14,4,8,9,0,7,11,8,0,0,0,4
2,4,0,0,9,23,59,54,42,14,13,14,12,11,10,9,5,9,5,0,7,5,7,0
2,0,4,4,9,5,12,13,13,10,8,7,10,10,6,4,5,3,5,9,9,2,0,5

0

6,7,5,2,2,5,3,5,5,6,2,7,6,11,23,31,16,29,14,13,10,12,14,2
10,2,6,4,4,5,1,0,10,35,58,80,86,63,57,58,51,68,48,50,42,12,14,12
9,9,7,1,3,11,11,8,56,100,125,156,170,171,142,96,53,49,3,0,2,1,10,5
12,14,12,29,22,21,53,94,101,129,155,205,219,250,211,172,104,50,57,42,2,0,0,1
3,17,50,55,61,57,66,101,121,126,146,165,200,274,291,198,135,99,68,52,26,0,0,0
7,20,53,71,67,67,77,87,113,98,98,108,160,274,348,231,121,80,65,52,23,3,0,0
11,13,51,68,78,71,69,66,73,69,75,86,134,193,175,155,95,83,85,59,35,10,1,5
8,6,38,63,95,65,55,58,56,56,52,71,80,106,123,126,88,74,68,53,19,12,11,6
7,9,6,13,39,32,50,51,56,58,53,60,98,122,139,131,121,94,66,53,13,10,11,7
0,9,13,10,10,23,50,52,54,56,59,66,107,165,172,158,138,102,71,44,14,12,33,14
3,7,7,12,12,15,23,51,52,54,60,80,143,168,149,138,113,90,67,52,0,0,4,6
0,5,11,5,12,21,27,51,57,61,66,76,108,154,149,138,114,73,58,46,15,3,0,2
8,10,9,12,14,13,27,48,56,75,97,99,128,135,126,121,107,60,54,39,10,0,0,3
3,12,2,13,18,12,14,34,47,74,102,105,125,136,142,125,106,77,81,11,0,1,7,2
6,12,10,11,12,12,12,14,12,17,55,92,126,147,143,130,101,42,37,0,0,0,5,6
8,7,1,4,8,5,3,10,17,45,55,85,141,170,144,129,105,89,11,11,7,0,0,0
10,8,6,7,8,10,14,13,14,27,74,110,153,131,112,98,90,72,64,14,9,0,0,0
9,22,26,26,32,39,38,40,41,63,122,160,222,228,196,210,156,89,50,25,10,8,3,1
1,3,12,10,13,24,51,56,61,118,156,204,272,202,192,184,148,109,61,17,15,11,2,1
7,12,14,14,13,33,54,105,117,134,189,305,369,263,216,182,149,127,108,11,12,12,0,0
0,10,12,13,16,26,74,109,125,144,217,276,265,214,180,155,132,104,36,29,7,4,4,5
4,6,11,34,14,51,98,114,142,168,208,216,192,163,128,123,97,16,10,19,17,14,2,3
12,10,22,30,38,41,101,118,126,148,170,163,135,114,97,55,23,38,4,12,14,5,7,2
6,6,14,26,10,101,109,113,122,140,135,127,107,84,43,12,5,13,0,0,6,10,9,0
5,13,7,12,53,69,101,108,113,119,111,109,100,43,30,20,12,0,0,1,3,0,2,11
9,10,9,14,56,96,102,105,106,103,103,100,7,11,9,7,8,14,1,3,12,2,12,10
6,6,2,17,19,50,79,97,100,42,4,4,0,8,10,7,1,11,14,0,11,0,1,6
9,14,13,52,88,102,101,14,5,5,10,2,8,13,10,13,12,12,12,0,0,7,1,8
0,10,12,43,64,101,101,78,36,0,9,0,7,10,5,10,11,6,11,0,0,11,12,2
10,8,10,50,66,61,83,84,73,13,10,4,6,12,1,12,9,2,0,9,0,3,8,7
12,9,10,46,60,77,86,63,81,55,31,7,10,15,9,6,6,0,8,13,2,0,0,2
5,1,5,45,58,111,109,95,87,70,33,2,2,3,0,8,9,10,11,14,11,0,0,1
6,4,0,27,53,86,81,93,86,61,26,2,6,5,7,6,10,9,10,9,0,0,4,3
0,0,0,1,16,57,74,86,77,53,9,0,0,1,9,11,7,9,6,0,0,3,7,5
0,3,4,0,12,28,59,66,60,51,13,2,0,0,7,10,0,0,3,0,7,0,4,7
0,0,0,0,7,12,52,54,53,47,0,0,1,9,9,5,7,1,0,4,5,1,5,4
0,0,0,0,3,10,23,58,63,43,8,9,5,9,5,6,0,0,0,0,10,8,1,0
0,0,0,9,2,10,13,54,73,53,23,11,1,2,7,7,0,0,0,0,3,4,4,0
0,0,0,1,2,0,35,53,59,53,52,28,11,12,12,13,2,0,0,0,0,6,9,0
0,0,0,1,12,9,50,60,78,66,28,11,10,9,11,6,5,8,3,0,1,0,0,0
6,6,7,10,11,24,63,109,97,51,16,11,10,10,10,3,0,0,6,8,6,0,0,0
8,7,5,6,12,33,65,134,65,24,14,14,14,4,9,8,0,7,11,8,0,0,0,4
2,4,0,0,10,22,59,54,41,14,13,14,12,11,10,9,5,9,5,0,7,5,7,0
2,0,4,4,9,5,12,13,13,10,8,7,10,10,6,4,5,3,5,9,9,2,0,5

0

6,7,5,2,1,5,3,5,5,6,2,7,5,11,23,31,16,29,14,13,10,12,14,3
10,2,5,4,4,5,1,0,10,33,57,79,85,63,57,58,51,68,50,50,45,13,15,12
9,9,7,1,2,11,11,7,56,100,124,153,168,170,142,96,53,50,3,0,3,1,10,6
12,13,12,29,20,21,52,93,101,128,153,202,217,248,210,173,104,50,57,46,3,0,0,3
2,16,50,55,61,57,65,101,120,124,144,162,198,272,290,199,135,100,69,53,29,0,0,3
7,18,53,71,67,67,76,86,112,97,97,107,159,274,350,232,121,81,65,53,25,6,0,0
11,13,51,68,78,70,69,66,73,68,74,85,134,193,176,156,96,84,86,60,37,11,1,6
8,6,38,63,95,66,55,58,56,56,52,71,81,106,124,128,88,75,68,53,23,13,11,7
7,9,6,13,38,32,50,51,56,58,53,60,99,124,141,133,122,95,66,53,18,11,13,8
0,9,12,10,10,22,50,52,54,56,59,67,108,167,174,162,140,102,72,50,20,13,37,14
3,7,7,12,11,14,30,50,52,54,60,79,141,168,150,139,114,91,67,53,0,0,5,7
0,4,11,4,12,18,26,50,56,61,66,75,107,153,149,138,114,74,57,47,13,5,1,4
8,9,9,12,14,13,26,47,56,75,96,97,127,134,126,121,107,60,53,40,10,0,0,4
3,12,1,13,17,12,14,30,43,74,102,105,124,136,143,125,106,77,82,12,0,1,8,3
6,12,10,11,11,12,12,14,12,16,55,91,125,147,143,130,102,43,37,0,0,0,5,6
8,6,1,4,8,4,2,10,14,46,55,85,141,170,145,129,105,90,11,11,7,0,0,0
10,8,6,7,8,10,14,12,13,26,74,109,153,131,113,98,91,72,64,16,9,0,0,0
9,22,26,26,32,39,38,40,41,62,120,159,221,230,197,213,158,90,51,25,10,8,3,1
1,3,12,10,13,24,51,56,60,117,155,203,272,203,194,187,149,110,62,17,14,11,3,1
7,12,14,13,13,32,54,104,117,133,188,304,368,264,219,183,151,128,109,11,12,12,0,0
0,10,12,13,15,25,72,108,124,144,216,276,265,215,181,156,133,105,36,29,7,4,4,6
4,5,11,34,14,50,96,114,141,167,208,216,192,163,128,124,99,17,11,19,18,14,2,3
12,10,22,30,38,41,100,117,125,147,169,164,136,114,100,55,24,39,4,12,14,5,7,2
6,6,14,24,10,100,108,113,122,140,135,127,107,86,40,12,6,13,0,0,6,10,9,0
4,12,6,12,53,65,101,108,113,119,111,109,100,43,31,17,12,0,0,1,3,0,2,11
9,10,9,14,56,95,102,105,106,103,103,101,7,10,9,7,8,14,1,3,12,2,12,10
6,6,1,15,14,50,77,97,100,42,4,5,0,8,10,7,1,11,14,0,11,0,1,6
9,14,13,50,85,102,101,14,5,5,10,2,8,13,10,13,12,12,12,0,0,7,1,8
0,10,12,42,63,101,101,78,36,0,9,0,7,10,5,10,11,6,11,0,0,11,13,2
10,8,10,50,65,61,82,84,73,14,10,4,6,11,1,12,8,3,0,9,0,3,8,7
12,9,10,45,60,76,85,63,81,55,31,7,10,15,9,6,5,0,8,13,2,0,0,2
5,1,5,45,57,110,109,95,87,70,34,2,3,3,0,8,9,10,11,14,10,0,0,1
6,4,0,28,52,85,80,93,87,61,27,2,7,5,7,6,10,10,10,9,0,0,4,3
0,0,0,2,16,57,74,86,77,53,9,0,0,0,6,10,7,9,6,0,0,3,7,5
0,3,4,0,12,28,59,66,60,51,13,2,0,0,4,10,0,0,3,0,7,0,4,7
0,0,0,0,7,12,52,54,53,47,1,0,1,8,9,6,7,1,0,4,5,1,5,4
0,0,0,0,3,10,23,59,63,44,8,10,5,9,4,6,0,0,0,0,10,8,1,0
0,0,0,9,2,10,13,54,74,53,26,11,1,2,7,8,0,0,0,0,3,4,4,0
0,0,0,1,2,0,33,53,59,53,52,29,11,12,13,13,2,0,0,0,0,6,9,0
0,0,0,1,12,9,50,60,78,66,24,11,10,9,11,6,5,8,4,0,1,0,0,0
6,6,7,10,11,24,63,109,98,51,14,11,10,10,10,3,1,0,6,8,6,0,0,0
8,7,5,6,12,33,65,134,65,26,14,14,14,5,9,8,0,7,11,8,0,0,0,4
2,5,0,0,10,22,59,54,40,14,13,14,12,11,10,9,5,9,5,0,7,6,7,0
2,0,4,4,9,5,12,13,13,10,8,7,10,10,6,4,5,3,5,9,9,2,0,5

0

6,7,5,1,1,5,2,4,4,5,2,7,5,11,23,31,15,30,14,13,10,12,14,3
10,2,5,3,4,5,1,0,9,30,57,78,84,63,57,58,51,68,50,51,47,13,16,12
8,8,7,1,2,11,10,6,55,99,123,151,167,169,142,97,54,50,3,0,3,2,10,6
12,13,12,29,19,21,51,92,101,127,151,199,215,246,210,173,104,51,57,48,3,0,0,5
2,15,50,54,61,57,65,100,119,123,143,161,197,271,291,200,136,100,69,53,31,0,0,5
7,18,53,70,67,66,76,85,111,96,96,106,159,276,353,235,122,81,65,53,27,9,0,1
11,13,51,68,78,70,69,66,73,68,74,85,134,195,178,158,97,85,86,60,38,11,2,7
8,7,38,63,96,66,56,58,56,56,53,72,81,107,125,129,89,75,68,54,29,14,12,8
7,9,6,13,37,32,50,51,56,58,54,60,99,124,142,134,123,95,66,53,21,12,14,8
0,9,12,10,10,20,50,52,54,56,59,67,108,167,175,163,141,103,72,50,26,13,39,15
2,6,7,11,11,14,29,50,52,54,60,79,140,167,151,140,115,91,68,53,0,0,5,7
0,4,11,4,11,15,25,50,56,61,66,75,106,152,149,138,114,73,57,47,13,6,2,5
7,9,9,12,13,12,25,46,54,75,95,96,127,134,126,121,108,60,53,40,11,0,0,4
3,11,1,13,16,12,14,27,39,73,102,104,124,135,143,126,106,77,83,12,0,2,8,4
5,12,10,10,11,11,12,13,12,14,55,91,125,147,143,130,102,42,38,0,0,0,5,7
8,6,1,3,8,4,2,9,14,45,55,85,141,170,145,129,106,90,11,11,7,0,0,0
9,7,6,7,8,10,14,12,13,24,73,109,152,130,113,99,91,72,65,17,9,1,0,0
9,22,25,26,32,39,38,40,41,61,120,158,221,231,199,215,160,92,51,26,10,8,3,1
1,3,11,10,13,23,50,55,60,117,154,203,272,204,195,188,151,111,62,18,15,11,3,1
7,12,14,13,12,31,54,104,116,133,188,303,367,265,220,185,153,129,109,11,13,12,0,1
0,10,12,13,15,25,71,107,123,143,215,274,264,214,182,158,134,105,37,29,7,4,4,6
3,5,11,33,14,49,93,113,140,166,207,215,192,164,129,125,100,18,11,19,18,14,3,3
12,10,22,29,38,40,99,116,124,147,169,164,136,115,100,56,24,39,5,12,14,5,7,2
6,6,14,26,9,100,108,112,121,139,135,127,107,87,40,12,6,13,0,0,6,10,9,0
4,12,6,11,52,63,101,108,113,119,111,109,100,43,33,20,12,0,0,1,3,0,2,11
9,10,9,14,54,92,102,105,106,103,103,101,7,10,9,8,8,14,1,3,12,1,12,10
6,6,0,14,14,45,76,97,100,42,4,5,0,8,10,7,2,11,14,0,11,0,1,6
9,14,13,50,82,102,100,14,5,6,10,2,8,14,10,13,12,12,12,0,0,7,1,8
0,10,12,41,62,101,101,78,36,0,10,0,6,10,5,10,11,6,11,0,0,10,13,2
10,8,10,50,65,60,82,84,73,14,10,4,4,10,2,12,9,3,0,9,0,3,8,7
12,9,10,45,59,75,85,63,81,55,31,7,10,16,9,6,5,0,7,13,1,0,0,2
5,1,4,43,57,109,109,95,87,70,37,2,3,4,0,8,9,10,11,14,10,0,0,2
6,4,0,26,52,84,80,93,87,61,28,2,7,5,8,6,10,9,10,9,0,0,4,3
0,0,0,2,16,56,74,86,78,54,9,0,0,0,5,10,7,9,6,0,0,3,7,5
0,3,4,0,12,27,59,66,60,51,13,1,0,0,3,10,0,0,3,0,7,0,4,7
0,0,0,0,7,12,52,54,53,47,3,0,0,8,9,6,7,1,0,4,5,1,5,4
0,0,0,0,3,10,23,58,63,44,9,10,5,9,4,6,0,0,0,0,10,8,1,0
0,0,0,9,2,10,13,54,75,54,27,12,2,2,7,8,0,0,0,0,3,4,4,0
0,0,0,1,2,0,34,53,59,53,52,30,11,12,12,13,2,0,0,0,0,6,9,0
0,0,0,2,12,9,50,60,79,67,24,11,10,9,11,6,6,8,4,0,1,0,0,0
6,6,7,10,11,25,63,109,99,52,14,11,10,10,11,3,1,0,6,8,6,0,0,0
8,7,5,6,12,34,65,135,66,26,14,14,14,5,9,8,0,7,11,8,0,0,0,4
2,5,0,0,10,21,59,54,42,14,13,14,12,11,10,9,5,9,5,0,7,6,7,0
2,0,4,4,9,5,12,13,13,10,8,7,10,10,6,4,5,3,5,9,9,2,0,5

0

5,7,4,1,1,5,2,4,4,5,2,7,5,11,24,31,16,30,14,13,10,12,14,3
10,1,5,3,3,4,1,0,9,28,56,78,84,63,57,58,51,70,52,51,47,13,19,12
8,8,7,1,2,11,10,6,55,98,122,149,165,168,142,97,54,51,4,0,4,2,11,7
12,13,12,28,17,21,51,92,100,126,149,198,213,245,211,173,105,51,57,50,3,1,0,6
2,14,50,54,60,56,65,100,118,122,142,159,196,271,292,201,137,100,69,54,34,0,0,6
7,16,53,70,67,66,75,85,110,95,95,105,159,277,355,237,123,82,66,53,28,11,0,2
11,13,50,68,78,70,68,66,73,68,74,84,133,195,179,160,98,85,87,61,39,12,2,8
8,6,38,63,96,66,56,58,56,56,53,72,81,107,125,130,90,75,69,54,31,15,12,8
7,8,5,13,36,31,50,51,55,58,54,61,98,125,143,135,124,96,66,53,27,13,14,9
0,9,12,9,9,18,47,52,54,56,59,68,108,168,176,165,142,103,72,51,30,13,41,17
2,6,6,11,11,14,28,50,51,54,60,79,139,167,152,140,116,91,68,53,0,0,5,8
0,4,10,3,11,14,25,48,56,60,66,74,105,152,149,139,115,73,57,48,12,6,2,6
7,9,8,11,13,12,25,45,54,75,95,95,126,134,126,121,108,60,54,41,11,0,0,5
3,11,1,13,15,12,14,24,34,73,102,104,123,135,143,126,106,77,83,12,0,2,8,5
5,12,10,10,11,11,12,13,11,14,54,91,125,147,143,130,102,43,39,0,0,0,6,7
8,6,1,3,8,4,2,9,14,46,55,84,141,170,145,130,106,91,11,11,7,0,0,0
10,7,6,7,8,10,13,12,13,24,73,108,152,131,113,99,92,73,65,19,10,1,0,0
9,22,26,26,32,39,38,40,41,61,119,158,222,232,200,217,162,93,52,26,10,8,3,1
1,3,11,10,13,20,51,55,59,116,153,203,273,205,196,189,152,112,63,19,15,11,3,1
7,12,14,13,12,30,54,103,115,132,187,302,367,265,221,186,155,129,109,12,13,12,0,1
0,10,12,12,15,26,70,106,122,143,215,274,264,216,183,158,135,106,38,30,7,4,4,6
3,5,11,33,14,48,91,112,140,165,207,215,193,165,130,125,100,19,11,19,18,14,3,3
12,10,21,29,37,40,97,115,123,146,169,164,137,115,100,56,25,40,5,12,14,5,7,2
5,6,13,26,9,100,107,112,121,139,135,127,107,87,43,12,6,13,0,0,5,10,9,0
4,12,6,12,51,61,101,107,113,119,111,109,100,43,29,20,12,0,0,1,3,0,2,11
8,10,8,14,54,92,102,105,106,103,103,101,7,10,9,8,8,14,1,3,12,1,12,10
6,6,0,14,14,45,75,96,100,42,4,5,0,8,10,7,2,12,14,0,11,0,1,6
9,14,13,47,81,101,100,14,5,6,10,3,8,14,10,13,12,12,12,0,0,7,1,8
0,9,11,40,62,100,101,77,36,0,11,0,6,10,5,10,11,6,11,0,0,11,12,2
10,8,9,50,64,60,82,84,73,14,11,5,4,8,1,12,8,4,0,9,0,3,8,7
12,9,10,46,59,74,84,63,81,55,32,7,10,16,9,6,5,0,7,13,1,0,0,2
4,1,4,42,57,109,108,94,87,70,34,2,3,4,0,8,9,10,10,14,10,0,0,1
6,4,0,27,52,84,80,93,87,61,28,2,7,5,7,6,10,9,10,9,0,0,4,3
0,0,0,1,16,56,74,87,78,54,9,0,0,0,5,10,7,9,6,0,0,3,7,5
0,3,4,0,12,27,59,66,60,51,13,1,0,0,0,10,0,0,3,0,7,0,4,7
0,0,0,0,7,11,52,54,53,49,4,0,0,9,9,7,7,1,0,4,5,1,5,4
0,0,0,0,3,10,24,59,63,44,9,10,5,8,3,6,0,0,0,0,10,8,1,0
0,0,0,9,2,10,13,54,76,54,29,12,2,2,8,8,0,0,0,0,3,4,4,0
0,0,0,2,2,0,34,53,59,53,53,31,11,12,12,13,2,0,0,0,0,6,9,0
0,0,0,2,12,9,50,60,80,68,24,11,10,9,11,6,6,8,4,0,1,0,0,0
6,6,7,10,11,26,63,110,100,52,14,11,10,10,11,3,2,0,6,8,6,0,0,0
8,7,5,7,12,35,65,136,66,26,14,14,14,5,10,8,0,7,11,8,0,0,0,4
2,5,0,0,10,23,59,54,42,14,13,14,12,11,10,9,5,9,5,0,7,5,7,0
2,0,4,4,9,5,12,13,13,10,8,7,10,10,6,4,5,3,5,9,9,2,0,5

0

6,7,4,1,0,4,2,4,4,5,1,6,5,11,23,31,16,29,14,13,10,12,14,3
10,1,5,3,3,4,1,0,9,24,56,77,83,62,57,58,51,69,52,51,48,13,19,12
8,8,6,1,2,11,10,5,54,96,121,149,164,168,142,97,54,51,4,0,4,3,11,7
12,13,12,28,17,22,50,92,100,125,149,197,212,245,211,175,105,51,57,50,3,1,0,6
2,14,47,54,60,56,64,100,118,121,141,158,195,270,293,202,138,100,69,54,35,0,0,7
6,16,53,70,67,66,75,84,110,94,94,104,157,275,356,239,124,82,66,54,28,12,0,2
11,13,51,68,78,70,69,66,72,68,74,84,133,194,179,161,99,85,87,61,41,12,2,8
8,7,38,64,99,66,56,58,56,56,53,72,80,107,125,131,90,75,69,55,34,18,12,8
7,8,5,13,38,32,50,51,55,58,54,61,98,124,143,136,125,96,66,54,33,14,16,9
0,9,12,9,9,18,45,51,54,56,59,67,107,167,176,166,143,104,73,51,35,14,42,18
2,6,6,11,10,14,27,50,51,54,60,78,138,167,152,141,117,92,68,54,0,0,6,8
0,4,10,2,10,14,24,47,55,60,65,74,105,152,149,140,116,74,58,49,12,7,2,7
7,9,8,11,12,10,24,45,53,74,94,94,126,134,127,122,109,61,54,42,11,0,0,5
3,11,0,13,14,12,14,19,32,72,101,104,123,136,144,127,107,78,86,13,0,2,9,5
5,12,10,10,11,11,12,13,11,14,54,90,125,148,145,132,103,43,41,0,0,0,6,7
8,6,1,3,7,4,1,9,13,40,54,84,142,173,148,131,107,92,11,12,8,0,0,0
9,7,6,7,8,10,13,13,13,21,73,107,152,131,115,100,93,74,66,21,10,1,0,0
9,22,25,25,32,38,38,39,41,61,118,151,212,227,199,217,164,98,54,26,10,8,3,1
1,3,11,10,13,19,48,55,59,116,150,189,253,197,192,188,153,115,65,22,15,11,3,2
6,12,14,13,12,29,53,103,115,131,182,280,351,256,217,186,157,130,111,12,13,12,0,1
0,10,11,13,15,25,70,105,122,142,213,268,257,212,182,159,136,107,39,30,7,4,4,5
3,5,11,32,14,49,91,112,140,165,205,212,190,162,129,125,100,24,10,18,17,14,2,3
12,10,21,29,38,41,96,115,123,146,167,161,135,114,100,55,26,40,5,12,14,5,7,2
5,6,13,26,10,100,107,112,120,138,134,126,107,78,33,12,6,13,0,0,5,10,9,0
4,12,6,12,55,64,101,107,112,118,110,108,88,35,23,14,12,0,0,1,3,0,2,10
8,10,9,14,56,93,102,104,105,103,102,96,7,10,9,9,9,14,1,3,12,1,12,10
6,6,0,15,14,48,75,93,92,26,3,3,0,8,10,7,6,12,14,0,11,0,1,6
9,14,13,50,83,101,100,13,3,4,9,3,9,14,10,13,12,12,12,0,0,7,1,9
0,10,12,43,62,100,101,75,26,0,9,1,7,11,5,10,10,6,11,0,0,11,12,2
10,8,10,50,64,59,81,82,71,13,11,6,5,7,2,12,7,4,0,9,0,3,8,7
12,9,10,46,58,73,83,62,79,54,30,8,12,15,10,7,6,2,7,13,1,0,0,2
5,1,4,42,56,108,108,92,84,68,27,1,1,3,0,9,8,10,10,15,11,0,0,1
6,3,0,26,52,83,80,93,84,60,27,2,6,6,8,6,10,9,10,9,0,0,4,3
0,0,0,2,14,56,75,88,77,53,10,0,0,3,4,9,7,9,6,0,0,3,7,5
0,3,4,0,12,23,59,68,61,51,13,1,0,0,1,6,0,0,3,0,7,0,4,7
0,0,0,0,7,11,52,55,54,48,11,0,5,6,6,0,7,1,0,4,4,1,5,4
0,0,0,0,2,9,23,59,65,48,11,11,7,7,0,3,0,0,0,0,9,8,1,0
0,0,0,8,1,10,13,54,76,55,41,14,9,1,8,6,0,0,0,0,3,3,3,0
0,1,0,1,2,2,31,54,61,56,60,36,13,13,12,13,2,0,0,1,0,6,9,0
0,0,0,2,12,10,50,61,91,86,39,19,13,11,12,5,9,8,4,0,1,0,0,0
6,6,7,10,11,26,62,113,110,55,37,31,10,11,8,0,5,0,6,8,6,0,0,0
8,7,5,7,12,32,64,140,67,32,18,17,14,7,11,5,0,8,11,7,0,0,0,4
2,4,0,0,10,23,59,55,43,14,14,14,12,11,7,9,4,9,5,0,7,5,7,0
2,0,4,4,9,6,12,13,13,10,9,6,11,11,7,3,5,3,5,9,9,2,0,5

0

6,7,5,1,1,5,2,4,4,5,1,6,5,11,24,31,16,31,14,14,10,12,14,3
10,1,5,3,3,5,1,0,8,17,54,75,80,61,57,59,52,71,52,51,48,13,21,12
8,7,6,1,3,11,9,5,53,92,118,145,161,167,141,97,55,52,4,0,5,3,11,7
12,13,11,23,15,24,45,85,98,123,147,196,212,245,212,175,106,51,58,50,3,1,0,6
1,13,37,53,58,53,62,96,116,120,140,158,196,271,294,204,139,101,70,55,37,0,1,8
7,14,51,66,65,64,73,83,109,93,93,104,158,276,357,242,125,83,66,54,30,13,0,2
11,12,47,65,75,69,69,67,73,68,73,83,132,194,179,162,100,87,88,61,42,13,2,9
8,7,35,62,100,69,57,58,56,56,53,71,80,106,125,131,91,76,70,55,37,20,13,9
7,8,5,12,29,30,49,50,55,57,54,61,96,123,142,136,126,97,67,54,41,16,17,10
0,9,12,9,9,14,44,51,53,56,59,67,106,165,175,166,144,106,74,52,47,13,42,19
3,7,6,11,11,14,26,50,51,54,60,78,137,166,152,142,119,95,69,54,4,0,6,9
0,4,10,2,10,14,24,47,55,60,65,73,104,151,149,141,118,76,59,50,12,8,3,6
7,9,9,11,12,10,25,45,53,74,94,92,125,134,127,123,110,62,55,44,12,0,0,5
3,11,0,13,14,12,14,20,27,70,101,103,122,136,145,128,108,80,91,14,0,2,9,5
5,12,10,10,11,11,12,13,11,13,54,87,124,148,146,133,105,47,49,0,0,0,6,7
8,6,1,3,7,3,1,8,12,41,53,82,140,172,149,133,108,100,13,13,7,0,0,0
10,8,6,7,8,10,14,13,13,14,70,106,152,132,116,104,97,77,70,26,10,2,0,0
9,22,26,26,32,38,38,39,41,59,114,153,219,231,204,224,172,106,60,28,11,8,3,1
1,3,11,10,13,19,50,55,58,113,148,196,268,203,197,193,159,119,70,27,15,12,4,2
7,12,14,13,12,27,53,102,113,129,181,288,357,262,224,191,162,133,113,12,13,12,0,2
0,10,11,12,14,24,66,103,119,140,209,266,258,215,186,163,138,110,43,31,7,4,5,6
3,5,11,31,14,45,82,110,138,162,202,212,191,165,131,129,102,29,11,14,17,14,3,3
12,10,21,29,37,37,90,113,121,145,166,162,136,115,101,58,27,42,6,13,14,5,7,2
5,6,13,23,8,84,106,111,119,138,134,126,107,87,37,12,7,13,0,0,5,11,9,0
4,12,5,11,44,55,100,107,112,117,110,108,95,31,23,14,12,0,0,1,2,0,2,10
9,10,9,13,48,86,102,104,105,103,102,100,7,9,10,9,9,14,1,3,12,0,12,11
6,6,0,14,13,40,71,91,91,26,3,6,0,6,9,7,6,12,14,0,11,0,1,6
9,14,12,41,70,101,100,12,3,5,10,4,8,14,9,12,11,11,12,0,0,7,1,9
0,9,11,31,55,98,100,75,26,0,8,4,5,9,4,10,10,6,11,0,0,11,12,2
10,8,9,47,61,58,80,82,70,13,12,3,9,14,8,10,7,8,0,8,0,3,8,7
12,9,10,43,57,71,82,62,79,54,31,6,10,12,9,9,8,8,5,12,0,0,0,1
5,1,4,40,55,107,107,92,84,69,31,0,0,4,1,8,7,10,9,14,10,0,0,1
6,3,0,24,52,82,80,93,85,61,27,2,8,9,7,5,10,9,10,9,0,0,4,3
0,0,0,2,15,56,74,88,78,54,9,0,3,7,7,9,7,9,6,0,0,3,7,5
0,3,4,0,11,22,59,68,61,51,13,1,0,1,5,9,1,0,3,0,7,0,4,7
0,0,0,0,7,11,52,55,54,49,10,0,1,10,7,3,7,1,0,4,4,1,5,4
0,0,0,0,2,10,24,59,65,46,11,10,7,5,0,3,0,0,0,0,10,8,1,0
0,0,0,8,2,10,14,55,77,55,39,14,8,0,7,6,0,0,0,0,3,4,4,0
0,1,0,1,2,3,35,54,61,55,59,35,13,12,13,13,2,0,0,1,0,6,9,0
0,0,0,2,12,10,50,61,91,84,37,14,13,11,12,5,9,8,4,0,1,0,0,0
6,6,7,10,12,26,63,113,109,55,28,14,10,11,7,0,6,1,6,8,6,0,0,0
8,7,5,7,12,34,65,141,67,32,17,14,14,8,11,4,0,9,11,8,0,0,0,4
2,5,0,0,10,27,60,55,43,14,14,14,12,11,7,9,4,9,5,0,7,6,7,0
2,0,4,4,9,6,12,13,13,10,9,6,11,11,7,3,6,3,5,9,9,2,0,5

0

5,7,4,1,1,4,2,4,3,5,1,6,5,11,24,32,16,33,14,14,10,12,14,3
10,1,5,2,3,4,1,0,9,18,55,76,80,61,57,59,52,72,54,52,48,13,21,12
8,7,6,0,3,11,9,5,53,93,118,146,162,167,142,98,54,52,4,0,5,3,11,7
12,13,10,23,14,23,44,85,98,123,147,196,212,245,212,174,105,51,58,50,4,1,0,7
1,12,36,53,59,53,62,96,116,119,140,158,196,272,294,203,138,101,69,55,37,1,1,8
7,14,51,66,65,64,73,83,108,93,93,103,157,276,357,241,126,83,66,54,30,13,0,3
10,12,45,64,74,69,69,67,73,68,72,83,131,192,179,163,101,88,88,61,42,12,2,9
8,7,34,62,100,69,57,58,55,56,53,71,80,106,125,131,91,76,70,55,38,21,12,8
7,8,5,11,27,29,46,50,54,57,55,61,96,122,142,136,127,98,68,54,43,17,16,10
0,9,12,8,9,14,43,51,53,56,59,68,105,164,175,166,145,107,74,53,50,13,42,19
2,6,6,11,10,13,24,48,51,54,61,78,137,166,152,142,121,96,70,55,4,0,5,9
0,4,10,1,9,13,23,45,54,60,65,73,104,151,150,141,119,76,59,51,12,8,3,6
7,9,9,11,12,10,24,43,53,73,93,92,125,134,127,124,111,62,55,44,12,0,0,5
3,11,0,13,14,11,14,19,25,70,101,103,122,136,145,128,108,81,92,14,0,2,9,5
5,12,10,10,11,11,11,13,11,13,53,87,124,148,146,134,105,48,50,0,1,0,6,7
8,6,0,3,7,3,1,8,12,43,53,81,139,172,150,134,109,100,13,13,7,0,0,0
10,8,6,7,8,10,14,13,13,14,70,105,151,132,117,105,98,78,70,29,10,2,0,0
9,22,25,26,32,39,38,39,41,59,113,153,219,233,205,226,175,108,61,28,11,8,3,1
1,3,11,10,13,17,48,54,58,113,148,196,268,203,199,195,161,121,71,28,15,12,4,2
7,12,14,13,11,26,53,102,112,128,180,287,357,263,225,192,164,134,113,13,13,12,0,2
0,9,11,12,14,23,65,102,117,139,208,265,258,216,188,164,139,111,43,31,7,4,5,6
3,5,11,32,14,44,79,109,137,160,201,212,191,166,132,130,102,29,12,14,17,15,3,3
12,10,20,28,37,36,86,111,120,144,166,162,136,116,101,58,28,43,6,13,14,5,7,2
5,6,13,23,8,78,105,110,119,137,134,126,107,86,39,12,7,13,0,0,5,11,9,0
4,12,5,11,40,51,100,106,111,117,110,108,96,30,26,14,12,0,0,2,2,0,2,10
9,10,8,13,46,85,101,104,105,103,102,100,7,8,10,9,9,14,1,3,12,0,11,11
6,6,0,14,13,35,70,90,91,26,3,6,0,6,9,6,6,12,14,0,11,0,1,6
8,14,12,36,66,100,100,12,3,6,10,4,8,14,9,13,11,11,12,0,0,7,1,9
0,9,11,29,53,94,100,74,24,0,9,4,5,9,4,9,10,6,11,0,0,11,12,2
10,8,9,46,60,57,79,82,71,13,12,3,10,14,10,10,7,9,0,8,0,3,8,7
12,9,9,44,57,70,81,62,79,54,32,6,11,12,9,9,9,11,4,11,0,0,0,1
4,1,4,39,55,106,107,92,85,70,36,0,0,5,1,8,7,10,9,15,10,0,0,1
6,3,0,23,51,81,79,93,85,61,27,2,7,9,7,5,10,9,10,9,0,0,4,3
0,0,0,2,14,56,74,88,78,54,10,0,3,8,7,9,7,9,6,0,0,3,7,5
0,3,4,0,11,20,59,68,61,51,13,1,0,1,7,9,1,0,3,0,7,0,4,7
0,0,0,0,6,10,52,55,54,50,10,0,2,9,7,4,7,1,0,4,4,0,5,4
0,0,0,0,2,9,24,59,65,47,11,9,8,5,0,3,0,0,0,0,10,8,1,0
0,0,0,8,2,10,14,55,78,55,39,14,8,0,7,6,0,0,0,0,3,4,3,0
0,1,0,1,3,3,34,54,61,55,59,34,13,12,13,13,3,0,0,1,0,6,9,0
0,0,0,3,12,10,50,61,92,85,37,15,13,11,12,5,9,8,4,0,1,0,0,0
6,7,7,10,12,27,63,114,110,55,28,15,10,11,6,0,6,1,6,8,6,0,0,0
8,7,5,8,12,34,66,142,67,33,18,16,14,8,11,3,0,9,11,8,0,0,0,4
2,5,0,0,10,27,60,55,43,14,14,14,12,11,7,9,4,9,5,0,7,6,7,0
2,0,4,4,9,7,13,13,13,10,9,6,11,11,7,3,6,3,5,9,9,2,0,5

0

5,7,4,1,0,4,2,4,3,5,1,6,5,11,24,31,16,30,14,14,11,12,14,3
10,1,4,1,3,4,1,0,8,18,55,75,80,61,57,59,52,71,54,52,50,13,22,12
7,6,5,0,3,11,9,4,52,92,118,146,162,167,142,97,55,52,4,0,5,3,11,7
12,13,10,23,14,23,45,85,98,123,147,195,210,244,212,174,105,51,57,50,4,1,0,7
1,12,35,52,58,53,62,96,115,119,139,157,194,269,294,202,138,101,70,55,37,1,2,8
7,14,51,65,65,63,73,82,108,92,92,103,157,274,356,240,126,84,66,54,30,13,0,3
10,12,44,64,73,69,69,67,73,68,73,83,131,192,179,163,101,88,88,61,43,13,3,9
8,7,33,61,98,69,57,58,55,56,53,71,80,106,125,132,91,76,70,56,39,22,13,9
7,8,5,11,24,26,46,50,54,57,55,61,96,123,143,136,127,98,68,54,43,20,17,10
0,9,12,8,8,14,41,51,53,56,59,68,105,165,176,167,146,107,74,53,50,14,43,20
2,6,6,11,10,13,22,46,51,54,61,78,136,166,152,143,121,96,69,55,5,0,6,9
0,4,10,1,9,13,22,44,54,60,65,72,104,151,150,141,119,76,59,51,13,8,3,7
7,9,8,11,12,10,23,43,52,73,93,92,125,134,127,124,111,62,55,45,12,0,0,5
3,11,0,13,14,11,14,17,20,70,101,103,122,136,145,129,108,80,93,14,0,2,9,6
5,12,9,10,10,11,11,13,11,13,54,87,124,147,147,134,105,48,50,0,1,0,6,7
8,6,0,2,7,3,1,7,12,45,53,82,139,172,150,134,109,100,13,13,8,0,0,0
9,8,6,7,8,9,13,13,13,14,70,105,151,132,117,105,99,78,70,29,10,2,0,0
9,22,26,26,32,39,38,40,41,59,113,153,220,234,207,228,177,110,61,28,11,9,3,1
1,3,11,10,12,17,50,54,58,112,148,197,269,204,200,196,162,122,71,29,15,12,4,2
7,12,14,13,11,26,53,102,112,128,180,287,357,264,226,194,165,134,114,13,13,12,0,2
0,10,11,12,14,23,64,101,116,139,208,264,257,216,189,165,139,112,43,31,8,4,5,6
3,5,11,31,14,44,78,108,136,159,201,211,192,166,133,130,103,30,12,14,17,15,3,3
12,10,20,28,37,36,85,110,119,144,165,162,137,116,101,58,28,43,6,13,14,5,7,2
5,6,13,23,8,76,105,110,118,137,134,127,108,87,39,12,7,13,0,0,5,11,9,0
4,12,5,11,39,50,100,106,111,117,110,108,100,33,27,14,13,0,0,2,2,0,2,10
9,10,8,13,44,82,101,104,104,103,102,100,7,8,9,9,9,14,1,3,12,0,11,11
6,6,0,14,13,33,69,89,91,26,3,6,0,6,9,7,6,12,14,0,11,0,1,6
8,14,12,36,64,100,99,12,3,6,11,4,8,14,9,13,11,11,12,0,0,7,1,9
0,8,10,28,54,92,100,73,26,0,9,4,5,10,4,9,9,6,11,0,0,11,12,2
10,8,9,44,60,57,79,82,71,14,12,2,10,14,11,10,7,10,0,8,0,3,8,7
12,9,9,43,56,69,80,62,79,54,33,6,12,12,10,10,10,13,2,11,0,0,0,1
4,0,3,39,55,106,106,92,85,70,37,0,1,5,1,8,7,10,10,15,10,0,0,1
6,3,0,24,51,80,79,92,85,61,28,2,6,9,8,5,10,9,9,9,0,0,3,3
0,0,0,2,14,55,74,88,78,54,10,0,3,8,7,9,7,9,6,0,0,3,7,5
0,3,3,0,11,19,59,68,61,51,13,1,0,3,8,9,1,0,3,0,7,0,4,7
0,0,0,0,6,10,52,55,54,50,10,0,4,9,7,4,7,1,0,4,4,1,5,4
0,0,0,0,2,10,25,59,65,49,12,9,8,5,0,3,0,0,0,0,10,8,1,0
0,0,0,8,2,10,14,55,78,55,39,14,9,0,7,6,0,0,0,0,3,4,4,0
0,1,0,1,3,3,35,54,61,55,59,34,13,13,13,13,3,0,0,1,0,6,9,0
0,1,0,3,13,10,50,61,93,86,37,16,13,11,12,5,9,8,4,0,1,0,0,0
6,7,7,10,12,26,63,114,111,55,29,20,11,12,5,0,7,0,6,8,6,0,0,0
8,7,5,8,12,35,65,142,67,33,18,17,14,8,11,3,0,9,11,8,0,0,0,4
2,5,0,0,10,27,60,55,43,14,14,14,12,11,7,9,3,9,5,0,7,6,7,0
2,0,5,4,9,7,13,13,13,10,9,6,11,11,7,3,6,3,5,9,9,2,0,5

0

5,6,4,1,0,4,2,4,3,5,1,6,5,11,24,32,17,31,15,14,11,12,14,3
9,1,4,1,3,4,1,0,8,16,54,75,80,61,57,59,52,72,54,51,50,13,22,12
7,6,5,0,2,11,9,4,52,93,118,145,161,167,142,97,55,53,4,0,5,4,11,7
11,13,10,23,14,23,43,85,97,123,147,195,209,244,211,173,105,52,57,50,4,2,0,7
1,12,36,52,58,53,62,95,115,119,139,156,194,268,292,202,138,101,70,55,38,1,3,9
7,14,51,65,65,64,72,82,108,92,92,102,156,273,356,240,126,84,66,54,31,14,0,3
10,12,45,64,74,69,69,67,72,68,72,83,131,192,179,163,102,88,89,62,43,13,3,9
8,7,33,62,99,69,56,58,55,56,53,71,80,106,125,132,92,76,71,56,41,25,13,9
7,8,5,11,24,27,46,50,54,57,55,61,96,123,143,137,128,98,68,54,46,24,18,11
0,9,12,8,8,14,41,50,53,56,59,68,106,165,176,169,147,108,75,53,51,14,44,21
2,6,6,11,10,13,21,47,51,54,60,77,135,165,153,143,122,97,70,55,6,0,6,10
0,4,10,1,9,13,22,42,54,60,65,72,103,150,150,142,119,76,59,51,14,8,4,7
7,9,8,11,12,9,23,42,52,73,93,91,124,133,127,124,111,62,55,45,12,0,0,5
3,11,0,13,14,11,14,16,17,70,101,103,122,136,145,129,108,80,93,14,0,2,9,6
5,12,9,10,10,10,11,13,11,13,53,87,123,147,147,134,106,48,51,0,1,0,6,7
8,6,0,2,7,3,1,7,12,45,53,81,139,172,151,135,109,100,13,13,8,0,0,0
9,8,6,7,8,9,13,13,13,14,70,104,151,132,118,106,99,79,70,32,10,2,0,0
9,22,26,26,32,38,38,40,41,59,112,152,219,233,207,229,178,112,62,28,11,9,3,1
1,3,11,10,12,19,48,54,58,112,147,196,267,204,200,197,163,123,72,29,15,12,4,2
6,12,14,13,11,25,53,102,111,127,178,284,354,263,226,194,166,135,114,13,13,12,0,2
0,9,11,12,14,23,65,101,115,138,207,263,256,216,189,165,140,112,44,31,8,4,5,6
3,4,10,31,14,44,77,108,136,159,200,211,191,167,133,131,103,30,12,14,17,15,3,3
12,10,20,28,37,36,83,110,119,143,165,162,137,116,101,59,28,43,6,13,14,5,7,2
5,5,13,22,8,73,104,110,118,137,134,126,108,88,37,12,7,13,0,0,5,11,9,0
4,12,5,11,39,48,100,106,111,117,110,108,98,34,26,14,13,0,0,2,2,0,2,10
8,10,8,13,47,82,101,104,104,103,102,100,7,8,10,9,9,14,1,3,12,0,11,11
6,5,0,14,13,32,69,90,91,28,3,7,0,5,9,7,7,12,14,0,11,0,1,6
8,13,12,35,64,100,98,12,3,6,11,4,8,14,9,13,11,11,12,0,0,7,1,9
0,8,11,29,55,93,100,73,23,0,9,4,5,10,4,9,9,6,11,0,0,11,12,2
10,7,8,46,60,57,79,82,70,13,13,2,10,15,12,10,7,10,0,8,0,3,8,7
12,9,9,43,56,68,80,62,79,55,33,6,12,13,10,10,10,14,2,11,0,0,0,1
4,1,3,39,55,106,106,92,85,69,38,0,1,5,2,8,7,9,10,15,10,0,0,1
6,3,0,23,51,80,79,93,85,61,29,2,6,10,8,5,10,9,9,9,0,0,3,3
0,0,0,2,14,55,74,88,78,54,10,0,4,8,7,9,8,9,6,0,0,3,7,5
0,3,3,0,11,19,59,68,62,51,13,1,0,4,8,9,2,0,3,0,7,0,4,7
0,0,0,0,6,10,52,55,54,50,11,0,5,9,7,4,8,1,0,4,4,0,5,4
0,0,0,0,2,9,24,59,65,48,12,10,9,6,0,3,0,0,0,0,10,8,1,0
0,0,0,7,2,10,13,55,78,55,41,14,9,1,7,6,0,0,0,0,3,4,4,0
0,1,0,1,3,3,34,54,62,56,60,36,13,13,13,13,3,0,0,1,0,6,9,0
0,1,0,3,13,10,50,61,94,87,38,19,14,11,12,5,10,7,5,0,1,0,0,0
6,7,7,10,12,26,63,114,112,55,33,29,11,12,5,0,7,0,6,8,6,0,0,0
8,7,5,8,12,33,65,142,67,32,20,17,14,9,11,3,0,9,11,8,0,0,0,4
2,5,0,0,10,25,59,55,45,14,14,14,13,11,7,9,3,9,5,0,7,6,7,0
2,0,5,4,9,7,12,13,13,10,9,6,11,11,7,3,6,3,5,9,9,2,0,5

2

5,6,4,1,0,4,2,3,3,4,1,6,5,11,25,32,17,31,15,14,11,12,14,3
9,0,4,1,3,4,1,0,8,14,54,74,79,61,57,59,52,73,54,52,50,13,24,13
7,6,5,0,2,11,9,4,51,92,118,144,159,165,141,97,55,53,4,1,6,4,11,7
11,13,11,23,14,23,42,84,97,122,146,193,208,243,210,174,106,52,58,50,4,1,0,7
1,12,39,53,59,53,62,95,115,118,138,154,192,266,292,203,139,101,70,55,40,2,3,9
7,14,51,66,65,64,72,82,108,91,91,101,154,272,355,242,127,85,67,55,32,15,0,4
10,12,45,64,74,69,69,67,73,68,72,82,129,190,179,164,103,89,89,62,44,13,3,9
8,7,36,62,100,69,57,58,56,56,53,71,79,105,126,133,92,77,71,56,43,28,13,9
7,8,5,12,26,30,48,50,54,57,55,61,95,122,144,138,129,99,68,54,50,27,19,11
0,9,12,8,8,14,40,50,53,56,59,67,104,165,177,170,148,108,75,54,52,14,45,23
2,6,6,10,9,12,22,46,50,54,60,76,134,164,153,144,122,98,70,55,8,0,6,10
0,4,10,0,9,12,20,41,53,60,65,71,103,150,150,142,120,77,59,51,15,8,4,7
7,9,8,10,11,8,22,42,51,73,92,90,124,133,128,124,112,62,55,46,12,0,0,5
3,11,0,12,14,11,14,15,15,69,101,103,121,136,146,130,109,81,93,14,0,2,9,6
5,12,9,10,10,10,11,12,11,12,53,87,124,148,148,135,106,47,50,0,0,0,6,7
8,6,0,2,7,3,0,7,12,43,53,81,139,174,154,136,109,100,13,13,7,0,0,0
9,8,6,7,8,9,13,13,13,14,69,103,151,133,119,107,99,78,69,29,9,2,0,0
9,22,25,26,32,38,38,39,41,59,111,149,221,238,210,229,176,111,61,28,11,8,3,1
1,3,11,10,12,14,46,53,57,112,146,189,263,206,201,195,162,122,72,28,15,12,4,2
6,12,13,12,11,24,53,101,111,126,177,267,337,259,225,192,165,135,114,13,13,12,0,2
0,9,11,12,14,23,65,101,115,138,206,254,246,213,187,163,139,112,43,30,7,4,5,6
2,4,10,30,14,44,78,107,135,158,199,208,190,165,132,128,102,30,12,13,17,15,3,3
12,10,20,28,37,37,83,109,117,143,164,161,135,114,100,56,27,42,6,13,14,4,7,2
4,5,13,20,9,78,104,109,116,136,133,125,106,73,27,12,7,13,0,0,5,10,9,0
3,12,4,11,43,51,100,105,110,116,110,107,77,38,29,14,12,0,0,1,2,0,2,10
8,10,8,13,46,82,101,103,104,102,102,96,6,8,10,9,9,14,1,3,12,1,11,11
6,5,0,14,13,37,69,89,89,14,2,5,0,6,9,7,7,12,13,0,11,0,1,6
8,13,12,39,71,101,100,13,3,6,10,4,8,14,9,13,11,11,11,0,0,7,1,8
0,9,11,29,61,100,101,75,33,0,9,4,5,10,5,8,7,6,10,0,0,10,12,2
10,7,9,47,62,59,81,83,72,14,12,2,10,15,13,9,6,10,1,8,0,2,8,7
12,9,10,43,57,72,85,63,80,55,34,6,13,12,10,11,11,11,3,10,0,0,0,1
5,1,4,39,55,109,113,97,85,69,37,0,0,4,2,8,6,8,9,14,10,0,0,2
5,4,0,16,51,86,90,105,87,61,29,1,4,9,8,6,11,9,10,8,0,0,4,3
0,0,0,8,13,56,86,114,90,54,10,0,3,8,7,9,8,9,6,0,0,3,7,4
0,2,4,0,12,25,63,93,86,53,13,2,0,4,7,8,2,0,3,0,6,0,4,7
0,0,0,0,6,8,52,61,68,53,14,0,2,7,4,4,7,0,0,4,2,0,5,4
0,1,1,0,0,6,17,62,79,58,32,14,10,6,0,10,0,0,0,0,8,8,0,0
0,3,0,4,5,9,13,56,115,83,57,54,14,7,0,1,4,0,0,0,2,2,3,0
0,2,1,0,3,0,31,55,76,76,157,96,27,13,12,11,2,0,0,2,0,4,8,0
0,1,0,3,13,12,37,61,111,136,79,92,62,14,11,0,7,6,3,0,0,0,0,0
5,7,6,10,11,18,52,106,159,75,85,136,76,15,7,8,10,5,2,6,4,0,0,0
8,8,4,11,13,16,52,139,92,46,50,55,50,27,11,0,2,11,12,8,0,0,0,3
2,3,0,6,11,11,56,58,27,11,13,14,12,13,11,12,1,9,8,0,10,6,8,0
1,0,6,4,3,11,10,12,12,7,6,2,11,12,2,4,1,4,0,6,8,2,0,5

2

6,7,3,0,0,3,0,4,3,4,0,5,5,12,25,36,25,39,27,18,11,12,14,3
10,1,3,0,2,4,1,0,6,12,30,67,67,56,58,76,60,94,65,53,51,13,34,13
7,6,6,0,7,10,10,6,50,70,107,138,164,177,147,114,81,75,11,2,6,1,10,6
12,13,8,13,13,19,51,75,78,116,148,208,242,316,298,270,194,121,67,55,9,0,0,5
0,11,14,41,56,56,57,83,116,126,148,169,232,340,392,347,264,162,86,61,51,7,0,3
8,14,41,59,66,61,67,89,121,109,105,101,129,251,418,376,230,145,77,58,40,21,7,5
12,14,37,56,77,83,89,88,91,75,65,76,108,175,181,193,128,105,91,65,50,19,3,9
12,10,51,60,105,124,90,78,61,55,52,61,73,108,133,149,105,80,73,60,52,40,14,11
10,10,8,14,51,55,51,50,50,53,53,57,85,121,143,143,147,101,72,61,56,44,24,18
0,12,25,11,10,21,13,33,29,49,50,52,86,144,152,164,144,90,72,69,59,29,50,37
2,10,11,13,9,13,30,35,43,16,57,71,104,132,132,133,97,73,70,60,13,2,8,13
0,8,10,5,8,12,14,36,46,56,60,66,81,134,139,123,93,63,55,55,34,12,11,8
1,5,6,12,9,7,13,29,41,67,100,94,123,126,116,105,82,49,41,38,11,0,5,9
3,7,12,12,12,13,9,9,12,74,103,110,122,122,113,101,59,26,37,8,0,0,4,7
1,7,7,12,6,8,9,12,9,52,87,105,119,113,104,42,0,8,1,1,2,3,8,11
7,3,2,1,3,5,1,5,13,60,66,92,123,117,66,13,8,8,11,7,9,0,0,1
9,8,6,8,8,8,10,14,54,64,87,93,125,90,69,58,48,34,12,13,11,4,0,0
9,22,20,20,26,25,33,38,55,70,112,141,133,146,106,72,61,39,27,13,11,9,7,4
1,4,11,10,11,9,22,59,64,108,137,167,173,132,112,113,80,53,30,8,9,7,3,1
9,11,12,12,10,13,52,103,107,113,147,170,168,138,128,114,110,74,14,6,9,10,0,2
3,10,10,11,13,20,66,98,90,117,148,142,135,123,108,102,90,34,9,14,3,4,6,6
4,5,10,22,16,27,45,82,101,111,118,123,103,89,57,46,38,12,6,12,13,13,5,5
11,9,15,24,31,14,37,64,71,98,100,106,68,62,34,35,12,21,6,10,12,3,9,6
3,8,12,14,7,7,43,100,102,102,101,101,98,54,29,10,6,12,4,0,8,9,10,1
6,12,7,7,14,14,40,84,88,98,100,73,54,35,14,12,7,0,1,0,5,2,5,12
11,11,10,12,14,14,43,87,53,57,52,65,9,13,10,9,7,13,0,3,10,5,9,11
8,5,2,13,9,12,32,39,51,11,5,36,6,8,11,9,9,12,12,1,10,7,8,10
6,12,8,12,10,8,10,6,5,12,13,11,9,14,10,13,12,5,11,1,0,5,3,8
0,8,6,9,8,9,17,11,7,6,11,0,6,12,8,10,7,5,12,3,0,3,10,1
9,7,10,23,33,8,53,55,39,5,11,0,19,18,7,15,13,20,0,5,0,0,5,1
11,10,8,24,41,43,50,50,64,51,34,8,18,12,6,12,13,19,3,8,4,3,0,0
5,2,1,13,31,52,55,66,73,60,27,1,6,7,3,10,11,9,5,7,15,0,0,0
1,0,0,9,16,46,51,72,80,59,15,4,4,13,12,10,6,2,5,10,0,0,0,4
0,2,0,1,11,35,51,70,82,55,7,4,14,50,35,0,0,5,3,0,0,0,10,5
0,0,2,0,10,23,44,58,72,56,8,8,11,50,40,7,8,0,0,0,0,3,9,8
2,4,5,4,10,13,33,51,62,56,22,20,22,53,35,8,0,0,7,0,0,0,2,0
0,5,9,10,11,13,13,53,79,62,52,50,43,58,8,8,12,6,6,0,1,6,0,0
0,1,0,12,12,15,14,59,138,90,115,77,45,55,14,8,10,3,0,0,0,0,4,0
0,1,1,6,8,11,41,56,91,134,373,142,57,69,29,14,12,0,0,0,0,1,8,3
0,2,0,6,10,20,39,56,112,159,91,148,90,57,48,11,11,1,0,0,0,0,3,0
5,7,5,11,11,14,51,69,147,102,90,197,109,50,48,34,21,10,6,5,0,0,0,0
9,10,5,12,13,14,37,83,128,51,46,59,55,53,13,13,14,12,13,10,0,0,0,3
3,7,6,9,11,10,51,51,35,14,14,30,17,21,24,12,10,13,10,8,13,7,9,0
3,0,7,5,5,9,10,12,12,10,7,8,12,12,8,2,9,8,6,11,9,4,2,6

2

6,6,4,0,0,4,3,6,3,4,1,2,1,9,19,30,19,40,35,21,13,12,14,3
10,3,5,5,6,4,5,2,6,10,13,53,54,52,51,72,60,92,68,53,51,14,35,13
7,6,8,5,5,11,12,7,29,55,80,118,135,146,132,115,83,77,13,8,5,0,9,6
12,13,11,11,13,19,43,58,65,104,133,183,209,255,236,203,148,110,64,60,50,8,0,9
2,12,11,13,27,40,54,67,107,118,143,153,193,273,317,237,181,124,79,65,55,36,8,7
8,13,20,48,55,57,64,79,114,111,107,101,134,247,349,246,157,120,82,74,53,35,14,9
11,13,16,44,52,65,78,77,91,77,72,76,122,176,152,147,107,101,102,70,57,34,8,11
8,8,13,50,65,75,72,73,61,55,50,67,76,97,123,121,85,79,103,72,57,54,19,15
7,8,5,10,15,51,52,50,53,55,53,63,95,115,132,122,112,112,102,68,59,50,26,30
0,10,12,9,12,10,15,37,50,53,57,66,100,150,156,130,120,122,99,76,59,30,50,42
1,7,11,9,4,4,14,12,41,51,64,79,124,152,131,110,106,112,94,64,23,5,10,13
0,0,6,0,10,11,13,43,54,62,74,83,104,142,129,111,108,82,71,61,38,11,11,9
0,0,0,7,1,6,22,50,62,97,116,116,129,122,108,97,102,63,65,53,16,0,4,9
2,6,9,0,10,0,11,66,68,103,116,117,119,111,107,102,106,87,104,54,0,0,0,0
0,6,0,8,9,12,6,58,62,73,111,122,125,121,117,105,73,108,100,12,3,0,0,5
9,2,0,0,1,3,10,54,100,89,116,141,163,140,118,107,89,110,59,15,11,2,2,0
10,9,7,9,10,15,69,94,83,117,154,167,191,112,100,94,86,81,90,55,10,1,0,0
7,12,12,23,35,43,45,75,139,177,226,258,266,222,224,228,174,111,66,30,13,6,3,0
3,5,9,12,27,51,68,109,128,182,234,250,273,187,209,202,162,120,81,48,15,12,1,0
7,12,15,14,17,40,56,116,142,174,225,253,257,214,222,197,166,132,117,66,11,12,0,0
6,6,14,20,20,22,53,104,123,155,196,182,154,169,183,167,141,118,105,40,12,5,5,6
4,3,10,18,14,15,25,56,109,114,105,86,60,109,120,131,118,84,76,19,22,15,3,0
11,9,10,20,31,14,35,30,39,55,30,12,10,58,99,104,111,101,65,19,6,4,4,1
4,7,11,13,4,0,4,12,31,52,11,2,7,34,81,101,104,104,56,3,0,10,5,0
10,13,6,4,1,0,14,54,14,43,6,4,5,26,62,102,100,66,16,11,0,0,0,6
10,9,9,7,12,11,14,59,35,14,5,18,2,13,11,81,75,50,3,0,5,0,2,9
4,6,0,11,10,12,14,32,18,6,0,45,5,3,10,13,9,14,12,0,3,0,6,2
7,10,4,6,7,1,0,5,0,11,14,12,10,13,7,11,10,12,9,0,0,6,4,10
0,9,6,0,0,8,9,0,0,6,15,2,7,13,7,8,7,9,5,0,0,6,8,0
8,9,4,9,14,8,12,19,9,3,13,4,14,21,15,7,11,6,0,0,0,3,7,3
11,11,5,14,32,26,13,30,49,37,29,10,18,19,14,14,3,0,7,4,0,0,0,0
4,3,0,13,26,14,14,41,52,16,12,0,8,12,12,12,2,8,6,3,7,0,0,0
5,2,0,10,13,20,13,50,54,30,14,3,3,14,50,52,6,6,8,10,0,0,0,2
3,3,0,1,10,17,15,42,51,20,9,8,13,50,52,33,9,6,0,0,0,4,5,5
0,0,3,0,11,13,15,24,44,14,10,12,14,39,29,12,10,0,0,0,6,1,6,4
6,5,4,6,8,10,14,14,35,14,14,20,24,27,14,15,0,0,0,2,1,0,5,4
0,5,8,7,10,10,12,14,52,50,50,47,33,14,10,9,10,0,4,0,8,8,4,0
0,7,5,9,10,11,13,64,59,58,52,43,24,25,15,9,11,0,0,0,3,5,3,0
0,4,1,7,5,8,55,68,52,51,54,34,31,29,13,14,12,4,0,1,0,8,9,2
0,1,1,5,9,8,21,50,54,15,34,55,40,12,14,11,11,9,6,2,4,0,5,0
6,10,9,11,9,12,25,52,49,32,30,54,50,14,17,12,13,9,9,11,9,3,2,0
8,9,6,8,9,13,25,49,44,9,12,17,15,12,12,12,0,11,12,9,0,0,0,5
5,10,2,7,9,8,11,13,13,11,12,11,4,13,17,8,7,12,10,3,10,5,7,0
4,2,8,5,6,3,9,12,12,10,8,6,10,14,9,3,3,6,3,11,11,5,2,5

2

9,9,8,4,7,10,6,9,7,9,9,11,11,17,62,68,57,64,55,32,16,13,14,4
12,7,10,10,10,10,4,3,12,11,15,52,51,14,52,69,63,102,81,55,51,14,19,13
11,10,11,9,8,11,14,10,40,53,64,89,105,104,70,61,45,59,11,8,7,5,12,10
13,14,13,14,13,20,32,50,59,93,108,119,107,110,82,75,55,39,53,51,30,10,4,12
0,14,11,14,25,37,51,55,80,78,85,104,121,103,112,79,75,88,63,56,52,21,14,12
11,14,30,44,50,50,52,59,67,67,71,82,90,98,118,74,81,114,73,62,47,34,16,13
11,13,31,49,50,51,51,55,54,14,59,70,98,99,96,88,74,104,102,64,53,29,8,9
6,6,13,36,52,14,13,24,41,6,2,62,61,65,88,82,70,77,77,57,53,55,17,10
6,7,4,11,13,33,30,38,52,52,52,63,74,76,86,81,94,72,66,61,67,60,26,14
4,11,14,12,10,11,41,46,51,55,62,66,75,102,110,101,90,91,63,30,58,32,36,14
5,10,14,17,13,10,14,28,50,55,66,72,90,104,107,101,74,84,61,42,14,5,7,10
0,0,5,5,14,15,13,44,53,62,64,67,84,116,110,102,76,63,54,45,33,9,6,5
3,0,7,12,13,10,15,23,59,84,103,91,109,109,107,100,84,53,54,37,13,6,10,13
4,7,12,11,14,10,11,31,80,98,108,104,106,107,108,104,103,76,72,33,0,0,3,7
4,9,11,13,14,17,14,41,57,63,94,109,116,120,117,103,78,73,64,0,6,5,4,11
9,5,0,4,8,9,12,69,82,80,110,134,152,159,128,120,102,108,43,16,1,8,11,3
11,9,7,9,10,13,17,55,84,117,165,182,195,135,126,115,96,83,70,36,8,2,5,0
9,14,20,26,36,43,42,65,141,200,279,309,299,276,273,281,236,158,74,30,16,13,7,6
6,7,9,13,25,53,63,105,133,208,286,309,318,239,260,258,211,153,104,70,21,12,3,2
9,12,15,23,16,38,53,108,144,201,258,300,314,271,279,255,214,154,126,51,8,11,2,0
8,10,17,20,18,22,36,78,108,160,219,223,201,217,232,218,179,140,111,39,14,7,6,7
5,3,9,14,13,17,32,50,106,125,131,116,102,132,159,176,141,101,74,25,9,13,7,5
11,6,9,17,27,13,14,8,13,52,59,31,40,74,110,120,119,100,57,22,0,0,1,7
3,7,9,12,4,1,6,7,8,83,58,9,69,62,80,101,102,101,17,5,5,4,0,0
11,12,3,0,1,0,11,13,9,20,7,6,10,35,55,100,73,19,12,11,4,0,0,9
11,11,9,6,10,8,5,14,13,0,0,40,2,10,12,40,38,14,2,0,9,0,10,9
4,13,0,7,7,8,10,12,5,0,10,43,0,9,12,10,5,12,10,0,2,0,2,3
4,8,0,3,8,3,5,4,4,8,19,14,10,14,8,11,9,13,4,0,0,8,3,10
0,0,2,5,7,1,0,3,19,9,26,9,7,7,2,10,9,1,2,0,0,6,12,2
7,7,0,8,10,2,0,7,12,8,12,1,13,19,5,13,13,14,1,9,0,7,6,6
9,11,6,12,13,11,11,31,29,7,7,14,14,13,27,14,12,0,10,11,1,0,4,0
0,6,4,9,12,9,8,36,11,3,10,3,14,53,51,13,6,5,7,16,8,0,0,3
3,5,1,7,8,8,14,12,2,22,8,43,54,54,50,20,3,7,6,4,0,0,0,1
5,0,0,9,8,12,44,3,4,4,14,51,54,52,39,16,9,6,6,0,0,0,8,3
0,0,4,7,10,14,17,4,8,5,38,50,50,33,15,6,8,0,0,0,0,0,0,3
3,2,3,8,33,50,53,36,14,50,56,52,35,14,11,3,5,0,3,0,0,0,1,0
7,10,11,14,78,134,75,72,85,71,143,52,30,12,4,9,9,1,7,4,5,7,1,0
0,0,11,50,192,544,149,65,67,65,59,37,12,14,11,4,10,0,0,0,3,0,5,0
1,3,12,50,86,140,94,57,58,68,53,18,14,13,7,11,11,3,5,1,0,8,10,6
0,0,4,14,56,61,52,52,76,65,27,13,3,1,8,3,8,8,4,2,6,1,4,2
0,4,12,19,53,53,54,26,54,64,43,33,20,11,17,14,13,7,7,8,7,0,0,0
1,7,10,14,47,51,50,51,11,13,14,14,14,13,9,9,11,12,13,8,0,0,0,2
0,4,8,11,13,17,25,25,14,7,9,11,8,13,14,10,3,12,10,0,10,6,8,0
0,0,2,3,6,7,11,12,12,8,6,0,10,12,1,0,7,5,0,7,10,5,2,6

2

8,9,6,2,3,7,3,8,9,10,9,13,7,13,50,55,52,55,46,24,13,12,14,3
11,5,7,6,6,6,0,1,2,8,18,12,36,50,53,68,58,101,73,51,44,12,14,11
8,8,9,5,4,5,0,0,0,2,13,14,14,101,80,77,58,72,55,8,2,3,8,3
12,13,10,13,9,10,13,12,12,60,102,101,104,117,118,134,134,105,69,57,51,9,0,8
0,12,6,9,10,12,42,51,50,70,97,117,150,197,222,222,192,156,122,71,57,51,12,8
10,12,14,28,23,26,39,50,55,66,103,128,184,289,355,340,288,184,114,87,63,48,22,6
12,14,14,14,41,42,52,51,57,72,105,124,188,252,240,280,156,145,118,65,55,40,9,6
9,3,10,4,0,0,1,12,56,70,95,114,144,176,203,211,122,100,86,63,54,65,23,10
7,8,7,10,6,9,13,49,59,73,77,124,226,298,270,239,173,108,91,73,73,62,28,8
5,10,12,10,11,14,11,50,52,59,75,151,246,279,267,218,175,111,74,58,64,57,51,22
9,14,14,11,5,12,13,51,57,60,75,109,189,231,241,186,132,90,67,53,38,27,39,14
0,3,4,3,13,14,36,55,57,59,71,108,146,167,146,123,108,67,52,51,32,11,6,6
7,3,9,9,14,14,29,39,54,69,102,106,116,128,123,104,71,50,25,16,14,10,10,9
6,9,13,13,14,13,14,30,64,72,101,101,105,115,112,102,85,14,13,13,8,5,10,6
6,14,12,12,13,13,14,22,12,36,62,80,109,116,112,76,11,22,0,7,8,12,1,4
8,7,2,3,9,9,10,17,53,20,55,76,105,105,70,13,8,13,5,0,9,9,12,2
11,10,10,11,11,13,24,34,50,52,78,85,104,76,70,62,51,13,11,7,3,3,4,0
9,22,24,24,28,38,37,39,45,60,94,110,94,100,86,68,59,40,25,13,11,4,11,8
4,8,10,9,13,14,41,56,57,101,125,139,126,96,103,108,79,54,33,7,10,10,7,7
10,11,13,11,12,20,45,69,76,87,122,135,138,124,126,116,107,75,14,8,0,5,5,3
8,11,14,14,13,15,27,56,58,70,113,122,120,117,118,104,102,35,12,18,6,4,9,8
7,8,11,18,14,25,36,36,56,56,64,80,66,100,76,85,48,38,20,14,10,14,2,3
11,10,13,19,27,13,16,13,19,37,41,36,57,82,100,87,100,61,23,19,3,0,2,5
2,7,10,10,0,8,12,10,10,57,45,11,75,93,102,102,103,103,53,10,7,5,0,1
7,11,0,0,10,5,11,12,5,14,14,12,11,81,105,104,101,100,40,15,7,0,1,10
8,10,6,10,10,12,8,11,8,1,0,28,0,12,100,101,101,93,78,12,6,0,7,1
1,3,0,11,10,12,12,11,5,6,5,27,0,1,50,98,85,80,16,5,2,2,5,5
4,9,0,6,10,6,2,9,8,11,14,14,10,12,12,14,46,62,11,0,0,0,1,6
0,5,3,3,0,10,0,2,0,3,14,4,7,8,6,13,13,15,7,1,0,1,0,0
2,8,0,10,9,11,0,0,0,7,17,8,20,32,35,44,44,44,11,6,0,0,5,0
10,11,6,13,14,14,13,13,11,8,20,14,32,52,58,55,51,41,13,10,1,0,0,0
0,4,1,10,12,8,9,12,8,3,9,9,53,59,83,75,66,30,14,12,2,0,0,3
0,7,0,3,5,8,10,5,6,29,11,51,60,82,92,88,68,14,11,7,0,0,0,0
5,7,0,0,0,10,13,7,10,24,37,58,79,105,96,78,22,10,7,2,0,0,6,0
0,0,6,4,9,12,10,13,14,35,51,60,68,70,65,24,8,0,4,0,0,0,0,0
5,6,4,5,13,38,43,48,59,62,68,68,58,50,14,12,6,0,4,0,0,0,0,0
5,10,12,14,76,123,66,82,125,83,238,71,50,14,10,10,12,4,7,0,3,7,0,0
0,3,4,18,92,195,86,61,74,70,70,55,32,22,14,13,10,0,0,0,2,0,3,0
1,3,7,11,50,58,54,51,58,68,59,31,21,14,11,13,12,3,4,0,0,7,10,5
0,2,3,4,29,36,13,13,70,65,27,19,13,9,12,8,7,6,3,4,5,3,5,3
5,7,9,11,15,32,39,14,39,57,34,34,33,13,13,13,11,6,6,10,9,0,2,0
8,9,5,10,13,15,25,38,11,13,14,14,14,14,9,6,7,11,13,8,0,0,0,4
1,8,2,8,11,10,8,12,12,10,10,10,3,10,16,9,5,12,10,0,10,6,8,0
1,0,6,4,6,5,8,12,11,8,6,0,8,8,3,4,5,5,0,8,11,5,3,6

2

7,8,6,2,6,10,5,9,9,10,9,12,4,11,33,35,31,28,14,13,11,12,14,5
11,5,8,8,8,8,7,8,8,7,14,12,40,14,22,44,47,77,55,33,31,12,14,13
8,8,10,7,5,3,0,9,7,14,43,25,56,75,60,55,36,56,12,3,4,6,12,7
11,13,12,12,12,13,24,24,12,40,73,83,60,77,80,78,77,56,58,53,50,11,5,6
1,11,8,10,13,23,43,46,57,59,59,75,108,91,118,115,122,134,105,66,55,38,23,9
10,12,14,27,33,37,37,46,53,58,65,75,93,128,205,183,199,169,106,76,55,40,19,10
11,13,14,12,32,45,50,19,39,40,65,80,125,170,192,188,136,136,111,65,56,37,7,8
6,6,8,9,6,10,6,12,22,50,50,85,101,134,168,146,110,96,83,64,55,68,31,13
7,4,3,10,10,10,9,13,52,56,63,106,160,197,211,166,142,103,97,77,81,63,30,12
0,9,11,6,7,10,13,34,51,59,85,163,218,252,279,202,162,112,75,64,75,62,55,33
9,12,14,13,9,14,23,52,58,72,122,159,227,299,320,246,177,113,77,55,58,64,62,50
0,0,6,4,4,13,25,54,59,73,135,180,224,242,215,167,149,105,68,60,58,56,63,39
5,5,6,5,6,11,12,49,59,105,162,209,187,185,173,132,108,60,49,17,15,50,46,33
0,0,3,0,4,0,14,61,66,109,153,193,180,161,140,116,102,73,47,10,10,10,10,5
0,8,3,4,0,4,13,13,31,65,134,186,210,195,144,118,68,62,11,6,2,11,4,2
10,2,0,2,5,0,7,54,68,81,149,229,258,227,137,99,52,13,2,0,4,8,7,0
11,11,8,9,11,15,58,69,75,108,176,218,240,181,134,76,37,12,9,1,4,7,2,0
8,13,14,26,34,42,42,71,143,191,247,291,282,261,231,142,56,12,11,12,10,4,4,1
7,7,10,12,17,45,62,111,139,187,227,243,243,186,162,145,76,21,5,7,11,10,3,3
7,12,14,10,13,34,51,109,142,163,216,248,258,233,193,150,115,67,14,3,0,5,0,0
7,8,13,19,19,14,29,64,90,131,195,221,220,226,192,135,109,52,14,20,3,0,3,6
6,5,8,11,9,13,29,37,68,99,125,154,169,193,159,144,106,60,33,13,4,7,0,3
8,0,3,7,16,14,17,9,13,40,67,107,123,127,132,122,110,81,41,26,3,0,0,3
1,2,3,4,3,0,3,3,7,71,11,44,103,107,114,108,108,105,61,9,4,6,1,0
9,10,0,0,0,2,4,9,0,13,7,14,14,103,108,106,102,101,38,14,3,0,3,11
9,9,6,3,8,8,8,13,4,2,0,61,5,38,102,101,101,91,72,8,7,0,8,7
0,13,0,5,7,9,12,11,1,0,7,47,0,3,98,100,83,73,22,3,5,2,7,5
0,7,0,4,7,9,7,3,0,2,24,29,11,11,11,17,68,51,14,0,0,3,6,9
0,4,0,5,4,12,0,5,4,0,19,6,8,6,1,9,2,0,0,0,0,0,10,0
4,9,0,10,7,9,8,11,5,7,14,4,20,27,28,35,28,24,3,0,0,0,3,3
9,11,6,11,13,12,16,30,20,12,26,20,34,50,54,47,38,6,8,8,0,0,0,0
0,3,0,8,12,12,9,24,10,0,8,14,53,58,71,58,36,11,11,9,6,0,0,0
0,0,0,6,8,11,13,11,3,12,13,55,59,64,61,56,34,13,8,8,0,0,0,1
1,5,0,5,8,13,20,6,11,12,51,60,62,61,55,50,13,7,7,4,0,0,7,3
0,2,0,0,10,13,10,11,26,39,52,52,50,49,31,12,5,1,4,2,1,0,0,4
9,5,0,3,12,17,12,22,41,55,51,45,30,14,11,8,8,0,5,3,0,0,0,0
2,5,10,8,22,14,41,52,56,62,54,14,12,10,7,11,11,0,7,2,7,6,0,0
4,5,0,13,69,61,48,54,55,54,46,14,12,16,13,12,10,0,0,0,3,1,5,0
0,0,0,11,74,65,50,56,53,44,18,14,15,13,10,13,12,4,7,0,0,8,10,6
0,3,8,1,41,51,12,66,57,28,20,13,8,7,11,8,9,11,8,4,7,2,5,3
5,0,10,12,14,35,50,73,58,42,28,18,14,14,13,13,12,6,7,9,9,0,2,0
7,8,7,8,13,18,41,53,12,13,14,14,13,12,11,5,5,11,12,8,0,0,0,3
4,8,0,5,9,6,11,29,13,10,10,11,1,4,9,10,8,11,10,0,10,6,8,0
3,0,6,3,5,3,5,12,11,8,5,0,9,8,4,3,7,6,0,9,11,4,2,6

2

9,10,8,5,8,10,6,10,8,10,9,9,2,8,18,18,12,13,12,8,7,10,13,5
12,8,11,11,11,11,11,8,11,4,14,12,14,11,11,16,14,22,13,14,14,12,9,12
10,11,12,9,8,8,5,10,7,14,31,30,36,58,16,13,16,13,6,0,5,5,11,8
13,15,14,16,19,20,46,38,18,52,80,70,32,59,62,55,53,42,55,52,22,8,3,7
4,13,10,18,25,36,48,35,54,57,14,59,93,62,74,73,90,121,106,66,60,28,14,8
13,13,26,38,34,40,46,47,47,51,57,55,62,69,106,117,150,144,104,83,59,36,13,9
12,14,30,25,32,40,46,27,31,11,13,61,83,101,151,156,120,123,98,70,64,37,6,7
7,7,11,11,12,10,5,10,10,49,4,51,72,91,121,128,96,82,79,76,83,75,28,12
8,8,9,13,10,10,4,9,18,51,52,73,117,131,167,152,121,93,101,102,101,65,40,13
3,11,12,10,11,11,13,29,41,53,68,106,143,188,202,162,135,99,73,67,94,85,67,42
9,13,14,14,13,14,13,45,51,56,76,101,163,233,262,207,149,109,79,30,65,80,78,60
0,4,6,10,13,15,22,51,54,61,88,138,170,195,187,155,135,94,59,54,58,68,104,51
8,7,11,11,12,14,14,46,55,79,124,168,164,163,156,125,103,57,34,4,28,48,49,40
1,3,12,12,13,11,20,45,56,84,123,160,170,162,142,117,102,67,31,8,0,3,9,10
3,9,11,12,13,11,14,14,14,51,98,149,195,201,154,121,68,72,14,0,8,8,3,6
10,5,2,4,5,3,8,31,59,68,106,191,246,226,148,106,58,7,0,0,7,7,11,4
11,11,8,9,11,14,56,61,63,87,133,170,217,179,131,85,52,11,6,0,0,8,7,2
9,19,24,28,33,41,42,54,113,161,204,235,246,244,174,162,61,14,14,11,11,0,8,9
7,8,11,12,14,43,60,87,126,174,209,221,221,176,142,138,70,16,13,3,9,11,3,4
9,12,14,11,13,27,51,96,121,150,200,230,241,209,158,136,111,43,11,6,0,5,0,0
7,10,14,17,17,17,30,57,69,110,175,197,198,199,163,134,113,39,13,15,2,3,8,7
6,5,7,11,12,14,30,37,56,55,103,136,151,183,157,146,107,60,28,11,7,12,5,5
9,1,5,7,12,14,25,11,16,43,51,89,117,133,145,137,116,65,19,15,0,0,5,7
1,3,5,3,4,6,9,8,8,53,51,83,104,114,125,126,109,86,10,8,8,5,4,2
9,10,0,0,0,5,8,11,0,13,10,35,100,108,113,113,100,62,8,13,10,0,4,11
9,10,7,3,2,5,6,13,3,6,0,42,50,106,104,103,90,33,14,10,8,4,7,8
0,11,0,5,0,5,13,14,7,0,8,27,12,72,104,101,70,8,13,7,7,2,9,7
0,1,0,0,0,13,57,55,11,4,10,27,13,54,61,76,75,11,3,0,6,8,5,7
0,0,0,0,12,64,82,61,33,0,0,5,13,13,53,54,10,0,0,8,4,0,10,0
0,0,0,0,47,60,73,63,11,8,0,11,26,34,45,36,31,22,1,0,0,0,0,0
8,8,9,12,59,65,61,52,46,29,22,33,42,53,46,28,17,3,8,9,1,0,0,0
0,2,4,37,67,108,79,61,54,13,13,55,55,59,60,28,13,10,9,8,9,0,0,0
0,1,0,28,68,94,73,61,51,15,51,58,61,69,62,51,16,14,10,10,0,0,0,1
0,2,0,3,54,60,58,56,23,8,51,56,64,70,60,50,13,8,7,5,0,1,9,2
0,0,0,0,50,54,50,13,7,6,37,52,56,58,49,18,6,2,5,1,3,0,0,5
4,0,0,5,20,50,31,9,11,4,44,55,57,53,14,13,8,0,5,0,0,0,0,0
0,0,2,9,13,24,12,8,9,10,48,55,57,38,6,9,10,1,5,1,7,6,0,0
7,9,0,1,12,50,12,13,12,13,52,56,54,19,7,0,9,0,0,0,3,2,4,0
0,2,2,11,43,58,22,6,11,22,52,62,32,12,3,9,8,1,6,1,0,9,9,3
0,3,9,38,109,166,70,54,39,51,43,71,38,6,7,7,10,9,4,3,8,0,4,1
5,9,10,48,81,78,60,42,50,79,59,54,12,12,2,2,5,3,5,9,7,0,1,0
6,5,2,10,25,19,20,14,21,50,55,51,12,6,8,11,2,8,12,8,0,0,0,4
5,4,0,1,10,10,7,8,4,11,43,14,8,10,12,7,4,10,9,1,9,6,8,0
2,0,5,4,9,3,5,8,10,4,3,1,8,8,5,6,3,5,0,9,11,4,2,5

2

7,9,6,0,0,2,0,10,11,13,14,43,14,37,53,44,40,30,14,12,10,10,13,3
11,4,4,0,0,0,0,0,8,36,54,51,50,47,29,33,31,52,35,15,14,11,6,11
8,8,3,0,0,0,0,0,6,11,62,51,77,83,54,64,51,47,6,3,0,0,8,8
11,13,8,8,0,2,12,67,89,110,114,97,95,108,118,117,105,93,62,55,14,3,1,10
0,10,6,0,10,14,52,65,102,106,107,106,130,163,181,179,177,143,111,66,57,27,12,4
10,11,14,8,14,33,50,64,92,95,104,112,157,220,296,254,228,153,100,79,53,30,8,5
10,12,11,9,12,14,51,59,75,95,110,128,175,184,212,185,113,109,84,67,59,31,7,9
5,2,6,0,0,0,0,71,86,98,105,116,124,125,131,123,87,72,70,70,74,65,27,14
3,0,0,0,0,6,28,61,77,90,91,124,159,145,141,119,91,80,81,91,88,62,36,17
0,0,2,5,9,17,54,62,74,81,105,160,184,180,152,105,86,75,56,60,83,77,67,45
4,3,9,0,9,14,56,74,85,88,113,126,170,190,167,114,74,69,56,29,57,68,75,58
0,0,0,0,8,45,54,80,96,83,110,142,157,161,121,91,67,56,34,35,26,46,66,41
1,0,0,7,13,53,56,72,96,102,130,156,145,141,113,81,52,34,20,12,11,24,24,25
0,0,4,3,17,55,71,102,92,102,124,139,144,137,124,103,73,15,12,9,8,5,9,10
0,0,5,14,53,52,59,97,79,63,99,123,144,141,115,79,13,30,13,1,8,14,9,10
5,0,0,10,96,104,67,105,94,84,109,146,173,138,100,52,4,11,2,2,11,6,12,7
11,10,11,18,59,104,106,106,82,102,133,133,140,81,65,54,10,0,6,5,3,9,6,1
7,14,31,45,55,99,92,85,165,195,213,206,175,125,59,49,37,13,11,14,12,1,11,7
4,8,30,65,100,111,125,105,152,203,215,205,185,116,72,65,38,15,2,11,12,12,9,8
2,11,25,77,94,101,88,107,145,169,201,210,203,145,104,100,40,13,7,4,2,8,6,3
0,3,23,35,58,57,74,61,74,124,180,190,175,141,109,88,25,14,11,16,7,8,10,9
1,5,8,52,59,47,43,29,48,63,111,139,141,143,97,64,31,28,10,9,7,13,7,6
5,2,8,25,37,37,41,21,13,44,62,103,117,123,115,78,15,9,10,11,3,0,9,7
0,0,5,13,36,78,100,75,4,43,41,104,108,112,108,87,14,11,4,9,11,8,8,3
0,0,0,7,55,67,78,82,0,3,100,101,107,107,102,75,14,11,3,12,10,0,5,12
0,8,4,6,44,68,81,62,0,5,44,103,104,105,73,41,12,1,12,13,1,3,7,9
0,8,0,10,14,45,57,33,4,0,36,88,100,99,98,38,16,0,11,11,1,1,9,7
0,3,0,6,43,57,65,44,5,4,59,100,64,88,51,19,13,0,0,0,1,10,6,7
0,0,0,3,59,73,62,28,9,5,23,57,56,54,14,10,0,0,0,0,7,2,11,0
0,0,0,4,63,56,61,54,5,12,30,56,55,52,30,24,18,13,0,0,0,6,0,0
8,10,11,33,61,60,57,44,33,35,48,75,52,55,15,6,5,0,6,11,4,0,0,0
0,3,2,52,65,103,67,53,52,50,101,70,60,56,26,13,10,10,11,10,13,2,0,0
0,3,0,50,67,86,64,54,53,58,68,72,66,59,33,20,12,13,11,11,2,0,0,2
0,4,0,12,55,59,56,51,49,50,62,65,67,59,14,17,12,7,7,7,0,0,9,4
0,0,6,5,50,53,49,12,12,31,54,55,54,50,14,14,5,1,6,1,2,0,0,7
0,0,0,6,29,50,30,7,14,14,52,55,54,36,10,10,7,0,6,0,0,0,0,0
0,0,0,10,12,25,10,2,5,13,51,55,53,14,2,10,10,2,6,3,8,7,0,0
6,9,0,0,12,50,9,13,14,22,52,53,51,18,6,0,6,0,0,0,3,2,5,0
0,0,2,10,31,55,14,6,10,13,50,52,31,11,2,8,1,1,6,1,0,9,9,4
0,0,7,31,96,159,66,53,9,32,33,60,46,5,7,5,9,9,3,3,8,0,3,1
6,8,10,44,77,86,62,42,50,78,58,54,12,12,2,0,4,2,5,8,8,0,1,0
6,5,5,12,30,23,22,13,16,50,55,53,12,7,8,10,2,8,11,8,0,1,0,4
6,5,0,2,11,11,8,6,1,10,16,46,10,10,11,5,3,9,8,0,9,6,8,0
2,0,4,3,9,2,5,7,9,4,3,0,8,6,2,4,1,5,0,9,10,3,2,5

2

0,3,0,0,3,11,7,12,13,14,25,50,21,40,52,44,34,26,14,10,10,9,12,3
0,0,0,0,1,3,0,0,13,51,57,56,52,50,27,31,29,50,29,13,14,9,4,10
0,0,0,0,3,11,3,7,45,62,69,72,102,85,54,64,43,29,2,0,0,0,9,7
5,8,7,11,15,52,66,100,102,121,124,114,111,114,123,119,87,64,54,51,14,0,0,9
5,10,12,50,61,64,59,71,115,146,144,126,141,170,187,217,168,127,86,58,54,18,9,0
50,44,51,55,54,54,54,66,107,135,133,128,159,208,298,297,218,134,80,70,49,27,4,2
34,26,37,14,22,13,52,61,79,103,116,125,164,164,192,175,96,90,73,63,57,29,7,8
7,3,5,0,0,0,0,69,82,95,100,109,113,114,120,114,77,63,62,65,71,62,19,11
5,3,3,1,4,10,44,57,72,84,87,117,151,137,132,112,83,66,65,79,79,58,36,19
0,0,0,0,7,20,54,60,70,78,99,150,175,177,147,98,76,65,36,49,64,64,63,53
0,0,0,7,11,13,55,69,79,83,107,120,163,186,167,111,69,63,51,14,12,51,63,63
0,0,3,3,15,42,54,76,92,81,105,138,150,159,121,91,65,52,22,17,12,14,45,50
0,0,0,7,14,51,56,70,92,101,127,152,143,138,112,82,45,30,10,5,9,12,15,14
0,0,8,9,17,53,70,102,87,101,122,136,141,135,124,104,75,17,8,8,5,6,7,7
0,3,10,13,52,52,58,94,77,63,100,122,142,139,115,87,14,22,9,0,6,12,9,7
6,2,3,11,93,103,65,105,96,86,112,148,173,139,102,55,4,11,0,0,11,5,10,4
11,9,12,22,58,103,107,109,87,107,136,136,143,84,68,54,8,0,5,4,4,8,5,0
8,18,32,44,54,101,100,94,187,207,222,211,178,137,67,52,33,11,9,14,10,1,9,8
5,9,37,64,100,113,131,110,166,211,222,210,190,127,86,72,32,9,0,9,11,12,7,7
4,12,30,80,96,102,96,111,157,176,207,217,211,161,114,100,28,13,5,4,2,8,5,1
3,7,25,36,60,61,91,77,85,133,189,196,181,149,115,92,29,13,10,17,9,8,10,9
2,6,9,53,61,49,48,39,57,78,120,145,146,146,104,73,35,27,9,8,6,13,7,6
5,3,9,29,38,41,45,26,23,46,80,108,121,125,117,87,24,12,9,10,0,0,9,7
0,0,6,13,41,85,100,81,10,50,57,105,108,112,109,101,16,11,3,9,11,9,8,3
0,0,0,9,59,65,79,92,0,4,70,101,106,106,103,100,42,13,1,13,9,0,5,12
0,8,4,7,50,69,83,84,4,5,14,102,103,105,101,71,13,4,12,12,3,1,8,8
0,5,0,11,14,45,58,44,6,0,31,76,100,98,101,54,26,2,12,8,1,0,9,8
0,2,0,6,48,57,66,47,8,4,50,85,61,84,59,21,12,0,0,0,2,10,5,7
0,0,0,3,60,72,62,36,13,3,11,21,51,50,16,13,0,0,0,0,3,4,11,0
0,0,0,6,63,56,61,55,8,10,9,34,51,50,36,25,13,12,1,0,0,5,0,1
8,10,11,38,61,60,57,45,34,32,37,57,47,52,24,8,5,0,9,12,3,0,0,0
0,3,3,52,65,103,67,54,52,44,79,64,56,56,40,14,6,9,10,11,13,2,0,0
0,3,0,50,67,86,64,54,53,53,61,66,63,60,50,26,12,11,9,11,2,0,0,2
0,3,0,12,55,59,56,51,46,30,57,61,64,61,35,22,12,7,7,6,0,0,9,3
0,0,6,5,50,53,50,12,12,14,51,53,54,52,20,14,5,3,6,1,1,0,0,7
0,0,0,5,31,50,32,8,15,12,51,54,54,48,11,11,7,0,6,0,0,0,0,0
0,0,0,10,12,29,11,3,5,13,51,54,54,24,3,10,10,1,5,2,8,7,0,0
5,9,0,0,12,51,11,13,16,15,52,53,53,22,7,0,8,0,0,0,3,2,5,0
0,0,2,10,28,55,13,8,11,13,51,53,34,12,2,8,2,1,6,1,0,9,9,4
0,0,7,31,94,165,67,52,17,30,35,64,51,8,7,3,8,9,4,3,8,0,3,1
6,9,11,43,77,89,62,41,50,81,59,56,14,12,2,0,3,1,5,8,7,0,1,0
6,5,4,12,35,31,24,13,15,52,57,56,14,7,8,11,2,8,11,8,0,1,0,4
6,4,0,2,12,11,9,6,2,10,31,56,14,8,7,5,3,10,8,0,9,6,8,0
2,0,4,3,9,2,5,7,9,4,2,6,10,8,0,4,1,5,0,9,10,3,2,5

2

0,0,0,0,5,11,8,13,13,14,26,51,20,44,53,45,35,27,14,10,10,9,12,2
0,0,0,0,4,4,0,0,13,50,57,56,53,50,33,30,29,50,29,13,13,9,3,10
0,0,0,0,5,12,4,8,50,63,69,75,102,87,54,62,42,32,2,0,0,0,9,6
9,9,8,13,22,52,66,100,102,121,124,114,112,114,118,114,90,71,59,53,14,0,0,9
7,9,13,51,62,64,59,72,116,147,143,125,141,168,180,191,167,131,94,60,55,19,9,0
52,50,52,56,55,54,54,66,107,136,134,129,163,208,277,252,207,135,83,70,50,27,3,1
51,46,50,35,25,13,52,61,79,104,118,127,168,165,189,174,102,95,73,64,58,29,6,7
7,3,6,1,0,0,0,69,82,95,101,110,114,114,121,115,79,64,62,65,71,62,18,10
5,4,4,1,3,10,46,57,72,84,87,116,149,136,133,113,84,67,66,80,79,59,36,14
0,0,0,0,7,21,53,59,70,77,98,148,171,174,147,99,76,65,39,50,65,66,64,53
0,0,0,7,12,13,55,69,78,83,108,120,160,183,165,111,70,63,50,13,13,54,68,62
0,0,2,4,15,42,54,75,92,81,105,137,148,156,121,92,66,52,13,14,11,15,52,50
0,0,0,7,14,52,56,70,92,101,127,150,141,137,112,84,42,31,6,3,7,9,16,14
0,0,8,10,21,54,70,101,87,101,122,135,140,133,123,104,75,24,4,7,4,3,5,6
0,3,11,13,52,52,58,95,78,64,100,121,141,138,115,88,14,16,6,0,6,10,8,6
7,3,4,12,94,103,65,105,98,88,114,148,172,138,101,56,4,10,0,0,10,5,9,3
11,10,12,23,58,103,108,111,89,109,138,136,142,83,68,54,7,0,4,2,4,8,5,0
8,21,33,44,55,104,105,99,196,214,227,213,179,138,68,53,33,11,8,12,10,1,9,7
6,10,41,64,101,115,134,113,171,215,224,211,191,129,88,75,33,8,0,9,11,11,7,6
6,12,32,81,98,103,100,113,163,179,210,218,213,164,116,100,37,13,5,4,2,8,4,1
4,9,26,37,61,63,99,81,89,136,192,198,182,150,116,96,37,13,10,16,9,8,9,8
3,6,9,54,61,50,50,42,61,83,123,146,148,147,105,75,37,25,9,8,6,12,7,5
6,4,10,31,38,42,48,28,28,47,88,110,121,125,117,88,26,12,9,10,0,0,9,7
0,0,7,14,44,89,100,83,12,52,69,105,108,112,109,101,22,12,3,9,11,9,8,3
0,0,0,10,61,65,82,94,0,5,75,101,106,106,103,100,48,13,1,13,9,0,5,12
1,9,4,8,50,70,83,89,7,7,14,102,103,104,101,76,14,5,13,12,3,1,9,8
0,5,0,11,17,45,59,48,7,0,33,75,100,96,101,60,29,2,12,8,1,0,9,8
0,2,0,7,51,58,67,47,8,4,46,82,62,83,59,22,13,0,0,0,1,10,5,7
0,0,0,3,61,71,62,37,13,3,12,21,51,50,19,13,0,0,0,0,2,4,10,0
0,0,0,6,63,56,61,55,8,10,9,33,50,50,36,25,13,12,1,0,0,5,0,1
8,10,11,40,61,60,57,45,35,33,37,56,46,52,25,8,5,0,8,12,3,0,0,0
0,4,3,52,65,103,67,54,52,46,76,63,56,56,42,14,6,8,10,9,13,2,0,0
0,3,0,50,67,86,64,54,53,53,61,65,63,60,50,28,12,11,8,10,2,0,0,2
0,2,0,13,55,59,56,51,47,29,57,60,64,61,37,23,12,7,7,6,0,0,9,3
0,0,6,5,50,53,50,12,12,14,51,53,53,52,20,14,5,3,6,1,1,0,0,7
0,0,0,5,31,50,32,9,17,13,51,54,54,48,11,11,7,0,6,0,0,0,0,0
0,0,0,10,12,32,11,4,6,13,51,54,54,25,3,10,10,2,5,2,8,7,0,0
5,8,0,0,11,51,11,13,19,19,51,53,53,23,7,1,8,0,0,0,3,2,5,0
0,0,2,10,27,55,13,9,11,13,51,53,35,12,2,8,3,2,6,1,0,9,9,4
0,0,7,30,93,166,67,52,41,31,35,64,51,9,8,4,8,9,4,3,8,0,3,1
6,9,11,42,77,89,62,41,50,82,59,56,19,12,2,0,2,2,5,8,7,0,1,0
6,5,4,12,33,31,24,13,15,52,56,57,14,7,8,11,2,8,11,8,0,1,0,4
5,3,0,2,12,11,9,6,3,10,30,56,14,7,6,4,3,9,9,0,9,6,8,0
2,0,4,3,9,2,5,7,9,4,2,6,10,8,0,4,1,5,0,9,10,3,2,5

2

0,0,0,0,6,11,8,13,13,14,26,51,21,43,54,46,34,28,14,11,10,9,12,2
0,0,0,0,5,5,0,0,13,51,57,56,53,51,36,31,29,50,28,13,14,9,3,10
0,0,0,0,5,12,4,8,50,63,70,77,103,92,55,62,43,34,2,0,0,0,8,6
9,10,8,13,22,52,66,100,102,121,124,115,113,115,118,114,91,76,61,54,14,0,0,8
8,10,13,51,62,64,59,72,115,146,144,126,141,168,176,180,163,133,98,61,55,19,9,0
52,50,53,56,56,55,54,66,107,137,135,130,164,206,268,236,196,134,83,71,50,28,3,0
51,50,50,40,29,13,52,62,80,105,119,128,168,164,188,172,103,97,73,64,58,29,6,7
7,3,6,1,0,0,0,70,82,96,102,110,114,114,122,115,80,64,62,65,71,61,18,10
6,4,4,2,4,10,50,58,72,85,87,116,148,136,133,113,85,68,67,80,79,59,36,14
0,0,0,0,7,23,54,60,70,78,99,148,171,174,147,99,76,65,41,50,66,66,64,53
0,0,0,6,12,14,55,69,78,83,108,120,160,181,165,111,70,63,50,14,13,54,68,61
0,0,2,4,19,45,54,75,92,80,104,136,147,154,120,92,66,52,13,13,11,16,52,50
0,0,0,7,14,52,56,69,92,101,126,148,140,136,112,84,42,30,5,2,6,8,17,14
0,0,8,10,25,54,70,101,86,101,121,135,139,132,123,104,73,22,2,6,3,2,4,5
0,4,11,13,53,52,58,95,78,64,100,121,140,137,115,89,15,14,5,0,5,9,7,5
7,3,4,12,95,103,65,106,99,88,114,148,171,138,101,56,4,10,0,0,10,4,8,2
11,10,12,24,60,103,109,112,89,110,138,137,142,83,69,54,6,0,4,1,3,7,4,0
9,21,33,44,55,105,107,101,200,217,227,213,178,138,68,53,33,11,7,11,9,1,9,7
7,10,45,64,101,115,135,114,174,217,225,211,191,128,89,76,32,7,0,10,11,11,7,6
7,12,34,83,99,103,101,114,165,180,210,219,213,164,117,101,39,13,4,3,1,8,3,0
5,10,27,37,61,64,100,83,91,137,193,198,183,150,116,97,39,13,10,16,9,7,9,8
4,7,10,55,62,50,51,43,63,85,124,147,148,146,105,76,37,23,9,8,6,12,7,5
7,5,11,31,38,42,50,29,30,47,92,111,122,125,117,88,27,12,9,9,0,0,9,7
0,0,8,14,47,93,100,85,13,55,74,106,108,111,109,101,22,12,3,9,11,9,8,3
0,2,0,10,63,67,80,95,1,6,78,101,106,106,103,100,50,13,1,13,9,0,5,12
2,9,5,8,51,70,85,92,9,7,15,102,103,104,101,78,14,5,13,12,3,1,9,8
0,5,0,12,17,45,59,52,8,0,39,75,100,95,101,62,30,2,12,8,1,0,9,8
0,3,0,8,53,57,67,48,9,4,47,84,62,84,60,21,13,0,0,0,1,10,5,7
0,0,0,4,61,73,62,38,14,3,12,23,51,50,17,14,0,0,0,0,2,4,10,0
0,0,0,7,63,56,60,55,8,10,9,33,50,49,36,25,13,12,1,0,0,5,0,1
8,10,11,41,61,60,57,45,36,35,37,56,47,52,25,8,5,0,8,12,3,0,0,0
0,4,3,52,65,102,67,54,52,46,77,63,56,56,46,14,6,9,10,9,13,2,0,0
0,3,0,50,67,86,64,54,53,53,60,65,63,60,51,30,12,11,8,10,1,0,0,2
0,1,0,13,56,59,56,51,48,30,57,60,64,61,39,24,12,7,6,6,0,0,9,3
0,0,6,6,50,53,50,13,12,14,51,53,54,52,22,14,5,3,6,1,1,0,0,7
0,0,0,5,31,50,33,9,19,13,51,53,54,49,11,12,8,0,6,0,0,0,0,0
0,0,0,10,12,33,11,4,6,13,51,54,54,26,3,11,10,2,6,3,8,7,0,0
5,7,0,0,12,51,11,12,21,23,52,53,53,23,7,1,9,0,0,0,3,2,5,0
0,0,2,10,26,55,13,9,12,14,51,53,35,12,2,9,3,2,6,1,0,9,9,4
0,0,7,31,93,166,67,53,47,32,35,63,51,9,8,4,8,9,4,3,8,0,4,1
6,9,11,42,76,89,62,41,50,82,59,56,19,12,3,0,2,2,5,8,7,0,1,0
6,5,4,12,35,31,24,13,16,52,56,56,14,7,8,11,2,9,11,8,0,1,0,4
5,3,0,2,12,11,10,7,3,10,31,56,14,7,6,5,3,10,9,1,9,6,8,0
2,0,4,3,9,2,5,7,9,4,2,6,10,8,0,4,1,5,0,9,10,3,2,5

0

0,0,0,0,6,11,8,13,13,14,26,51,21,42,53,46,34,27,14,11,10,9,12,2
0,0,0,0,5,5,0,0,13,50,57,56,53,51,38,31,29,50,29,13,13,9,2,9
0,0,0,0,5,12,4,8,50,63,70,78,103,94,55,62,42,33,2,0,0,0,8,6
9,10,8,13,24,52,67,100,102,121,125,116,114,115,118,113,92,77,61,54,14,0,0,8
9,10,14,51,62,64,59,72,115,147,144,127,142,168,176,179,162,133,99,61,55,19,9,0
52,50,53,57,56,55,54,66,107,138,136,131,164,207,267,235,195,134,83,71,50,28,3,0
51,50,50,43,31,13,52,62,80,105,119,128,168,163,187,172,103,97,73,63,58,29,6,7
7,3,6,1,0,0,0,70,83,96,102,111,114,114,121,115,80,64,62,65,71,62,18,10
6,4,5,2,4,10,50,58,72,85,88,116,149,136,133,114,85,69,67,81,79,59,36,14
0,0,0,0,7,26,54,60,70,78,99,148,171,173,147,100,76,65,43,50,66,66,65,53
0,0,0,6,12,14,55,69,78,83,108,120,160,181,164,111,70,63,50,14,13,54,68,61
0,0,1,5,22,45,54,75,91,80,104,136,146,154,120,92,67,52,12,13,11,17,53,50
0,0,0,8,14,53,56,69,91,100,126,147,140,135,112,84,43,30,4,2,6,7,17,14
0,0,8,11,27,54,69,101,86,101,121,134,139,132,122,104,74,20,0,6,3,2,3,5
0,4,12,14,53,52,58,95,77,64,100,120,140,137,115,89,15,13,4,0,5,9,7,5
7,3,5,13,95,103,65,105,99,88,114,148,171,138,101,57,4,10,0,0,10,4,8,2
11,10,12,22,60,103,109,112,90,110,139,136,142,83,69,54,6,0,2,1,3,7,4,0
9,22,33,44,56,106,108,101,202,218,228,212,178,138,68,54,33,11,7,11,9,1,9,7
7,10,43,64,101,116,136,114,175,218,226,211,190,128,89,77,32,7,0,10,11,11,6,6
7,13,35,84,100,103,102,114,166,181,211,219,213,164,117,101,40,13,4,3,1,8,3,0
5,11,28,37,62,65,101,84,92,137,193,199,183,149,116,97,39,13,10,15,8,7,9,8
4,7,10,56,63,50,52,44,64,87,125,147,148,146,105,76,37,23,9,8,6,12,7,5
7,5,11,32,38,43,51,31,32,47,95,111,122,125,117,88,27,12,9,9,0,0,9,7
0,0,8,14,47,96,100,85,14,55,79,106,108,111,109,101,24,11,3,9,11,9,8,3
0,3,0,10,64,68,80,97,4,6,82,102,106,106,103,100,50,13,1,13,9,0,5,12
3,9,5,9,53,70,86,93,10,8,19,102,103,104,101,77,15,5,13,12,3,1,9,8
0,6,0,12,21,45,60,52,8,0,39,75,100,95,101,62,30,2,12,8,1,0,9,8
0,3,0,8,53,58,68,48,9,4,46,82,62,83,60,21,13,0,0,0,1,10,5,7
0,0,0,4,61,72,62,38,14,3,12,22,51,50,19,13,0,0,0,0,2,4,10,0
0,0,0,8,63,55,61,55,9,10,9,34,50,49,36,25,13,12,1,0,0,5,0,1
8,11,12,41,61,59,57,45,36,35,37,56,47,52,26,8,5,0,8,12,3,0,0,0
0,4,3,52,65,102,67,54,52,50,77,63,56,56,46,14,6,9,10,9,13,2,0,0
0,3,0,50,68,86,64,54,53,53,60,65,63,60,51,30,12,11,8,10,1,0,0,2
0,1,0,14,56,59,56,51,48,30,57,60,64,61,39,24,12,7,7,6,0,0,9,3
0,0,6,6,50,53,50,13,13,15,51,53,53,52,22,14,5,3,6,1,1,0,0,7
0,0,0,5,34,50,35,9,21,13,51,54,54,50,11,12,8,0,6,0,0,0,0,0
0,0,0,10,13,33,11,5,7,13,51,54,54,25,4,11,11,2,6,3,8,7,0,0
5,7,0,0,11,51,11,12,22,25,52,53,53,24,7,1,9,0,0,0,3,2,5,0
0,0,2,10,25,55,13,9,12,14,51,53,35,13,2,9,4,2,6,1,0,9,9,4
0,0,8,30,93,167,67,52,50,34,35,63,52,9,8,4,8,9,4,3,8,0,4,1
6,9,11,40,76,89,62,41,50,82,59,56,22,12,3,0,2,2,5,9,7,0,1,0
6,5,3,12,33,32,24,14,17,52,56,56,15,7,9,11,3,9,11,8,0,1,0,4
5,3,0,2,12,11,10,7,4,11,31,56,14,7,6,5,3,10,9,1,9,6,8,0
2,0,4,3,9,3,5,7,9,4,2,6,10,8,0,4,1,5,0,9,10,3,2,5

0

0,0,0,0,6,11,8,13,13,14,26,51,24,42,53,47,34,28,14,11,10,9,12,2
0,0,0,0,5,5,0,0,13,50,57,57,53,51,40,31,29,50,28,14,14,9,2,9
0,0,0,0,6,12,4,8,50,63,70,80,104,95,55,62,42,33,2,0,0,0,8,6
9,10,8,13,25,53,66,100,102,121,125,117,114,116,118,113,92,77,61,54,14,0,0,8
9,10,14,52,62,64,59,72,116,147,145,127,143,169,176,179,162,133,99,61,55,19,8,0
53,50,53,57,56,55,54,66,108,140,138,132,166,208,267,234,195,134,83,71,50,28,2,0
52,50,50,44,32,14,53,62,81,106,120,128,169,163,187,172,103,97,73,63,58,29,6,7
8,4,6,0,0,0,0,71,83,97,102,111,114,114,122,115,80,65,62,65,71,62,18,10
6,5,5,2,5,10,50,58,72,85,88,117,149,136,134,114,86,69,67,81,79,59,36,14
0,0,0,0,7,27,54,60,70,78,99,148,170,174,147,100,76,66,45,50,66,66,65,53
0,0,0,6,13,14,55,69,78,83,108,120,160,181,164,111,70,64,50,14,13,55,69,61
0,0,1,5,23,45,54,75,91,80,103,135,145,153,120,92,66,52,12,13,11,19,53,48
0,0,0,8,15,53,56,69,91,100,125,147,140,135,112,84,42,30,3,2,6,7,18,14
0,0,8,11,27,55,70,101,86,101,121,134,138,131,122,104,74,16,0,6,2,1,3,5
0,4,12,14,53,52,58,95,77,64,100,120,139,136,115,90,17,12,4,0,5,9,7,4
7,3,5,13,96,104,65,105,99,88,114,148,170,137,101,57,4,10,0,0,10,4,8,2
11,10,12,23,60,103,109,113,90,110,138,136,141,82,69,54,6,0,2,0,2,7,4,0
9,22,34,44,56,107,109,102,204,220,228,213,177,137,69,54,33,11,7,10,9,1,9,7
7,10,45,65,101,117,137,115,176,219,226,211,190,128,90,77,32,7,0,10,11,11,6,6
7,13,37,85,100,103,102,114,167,182,211,219,213,163,117,101,41,13,4,3,1,7,3,0
6,11,28,37,62,65,101,85,93,138,193,199,182,149,117,97,40,13,9,15,8,7,9,8
5,7,10,57,63,50,52,44,66,88,125,147,149,146,105,76,38,22,9,8,6,12,7,5
7,5,12,32,38,43,53,31,33,47,96,111,122,125,116,88,28,12,9,9,0,0,9,7
0,0,9,14,48,99,100,87,15,58,80,106,108,111,109,101,23,11,3,9,11,9,8,3
0,4,1,10,64,69,82,97,6,7,84,102,106,106,103,100,50,13,1,13,9,0,5,12
4,9,5,9,53,71,86,96,11,8,23,102,103,104,101,81,16,5,13,12,3,1,9,8
0,6,0,12,20,47,60,53,8,0,41,76,100,94,101,62,31,2,12,8,1,0,9,8
0,3,0,9,54,58,68,49,9,5,46,84,62,83,60,19,13,0,0,0,1,10,5,7
0,0,0,4,61,71,62,39,14,4,12,22,51,50,20,13,0,0,0,0,2,4,10,0
0,0,0,8,64,56,61,55,9,10,10,34,50,49,36,25,13,12,1,0,0,5,0,1
8,11,12,42,61,60,57,45,37,36,38,56,46,52,25,8,5,0,8,12,3,0,0,0
0,4,3,52,66,102,67,54,52,50,75,63,56,56,46,14,6,9,10,9,13,2,0,0
0,3,0,50,68,86,64,54,53,53,60,65,62,60,51,30,12,11,8,10,1,0,0,2
0,1,0,14,56,59,56,51,49,31,57,60,64,61,41,25,12,7,7,6,0,0,9,3
0,0,6,6,50,53,50,13,13,15,51,53,53,52,22,14,5,3,6,1,1,0,0,7
0,0,0,5,34,50,35,9,22,13,51,54,54,50,11,12,8,0,7,0,0,0,0,0
0,0,0,10,12,33,12,5,7,14,51,54,54,27,4,11,11,2,6,3,8,7,0,0
5,7,0,0,12,52,11,12,23,27,52,53,53,24,8,2,9,0,0,0,3,2,5,0
0,0,2,10,25,55,13,9,12,14,51,53,34,13,2,9,4,2,6,1,0,9,9,4
0,0,8,32,93,167,67,52,50,34,35,63,52,10,8,5,8,9,4,3,8,0,4,1
6,10,11,43,76,89,62,42,50,83,59,56,24,12,3,0,2,2,5,9,7,0,1,0
6,5,3,12,33,32,25,14,16,52,56,57,15,7,9,11,3,9,12,8,0,1,0,4
5,3,0,1,12,11,10,7,4,11,31,56,14,6,6,5,3,10,9,1,9,6,8,0
2,0,4,3,9,3,5,7,9,4,2,6,10,8,0,4,1,5,0,9,10,3,2,5

0

0,0,0,0,6,11,8,13,13,14,26,51,21,42,53,47,33,27,14,11,10,8,12,2
0,0,0,0,5,5,0,0,13,50,57,57,54,51,43,31,29,51,29,14,14,8,2,9
1,0,0,0,6,12,4,9,50,63,71,80,104,96,56,62,42,33,2,0,0,0,8,6
10,10,8,14,26,53,66,100,102,121,125,117,115,116,117,113,92,77,61,54,14,0,0,8
9,10,14,52,62,64,59,72,116,148,145,128,143,169,175,179,162,133,99,61,55,18,8,0
53,50,53,57,56,56,54,66,108,141,138,132,166,208,266,234,195,135,84,71,50,28,2,0
52,50,50,42,31,14,53,62,81,106,120,129,169,163,187,173,104,98,73,63,58,29,6,7
8,4,7,0,0,0,0,71,83,97,103,111,114,114,122,116,80,65,63,65,71,62,18,10
6,5,5,2,5,10,50,58,72,85,88,116,149,136,134,115,86,70,68,81,79,59,36,14
0,0,0,0,7,29,54,60,70,78,99,148,171,174,147,100,76,66,45,50,67,67,66,54
0,0,0,6,13,14,55,69,78,83,108,120,160,180,164,111,70,64,50,14,13,55,69,60
0,0,0,5,25,47,54,75,91,80,103,135,145,152,120,92,67,52,12,13,11,20,53,47
0,0,0,8,15,53,56,69,91,100,125,146,139,134,111,84,42,30,3,1,6,7,18,14
0,0,8,11,29,54,70,101,85,101,121,133,138,131,122,104,74,14,0,6,2,1,2,4
0,4,12,14,53,52,58,95,77,64,100,120,139,136,114,90,18,12,3,0,5,8,7,4
7,4,5,13,96,104,65,105,99,88,115,147,170,137,101,58,4,10,0,0,9,4,7,2
11,10,12,25,61,103,109,113,90,110,139,136,141,82,69,54,6,0,1,0,2,7,4,0
9,22,34,44,56,107,110,103,205,220,229,212,176,137,69,54,34,11,6,10,9,1,9,7
8,10,45,65,101,117,138,115,177,220,226,211,190,128,90,77,32,6,0,9,11,11,6,6
7,13,37,86,100,104,103,115,168,183,211,219,212,163,117,101,42,13,4,3,1,7,3,0
6,11,28,37,62,65,101,85,93,138,194,199,182,149,116,98,39,13,9,15,8,7,9,8
5,7,10,57,63,50,53,45,66,88,126,148,148,146,105,75,38,22,9,7,6,12,7,5
7,6,12,32,39,44,53,32,34,47,98,111,122,125,116,87,27,12,9,8,0,0,8,7
0,0,9,14,50,100,100,87,22,58,81,106,108,111,109,101,24,11,2,9,11,8,8,3
0,5,1,11,65,68,83,97,8,7,87,102,106,106,103,100,50,13,0,13,9,0,5,12
4,10,5,9,53,71,87,98,12,9,24,102,103,104,101,78,16,5,13,12,3,1,9,8
0,7,0,12,23,45,60,54,8,1,41,75,100,94,101,62,31,2,12,8,1,0,9,8
0,4,0,9,54,59,68,49,10,5,47,84,61,83,60,19,13,0,0,0,1,10,5,7
0,0,0,5,62,72,62,40,14,4,12,22,51,50,19,13,0,0,0,0,2,4,10,0
0,0,0,8,64,56,60,56,9,10,10,34,50,49,36,25,13,12,1,0,0,5,0,1
8,11,12,44,61,60,57,46,37,37,38,56,47,52,26,9,5,0,8,12,3,0,0,0
0,5,3,52,66,102,67,54,53,50,76,63,56,56,50,14,6,9,10,9,13,2,0,0
0,3,0,50,68,86,64,54,53,53,60,65,62,60,51,30,12,11,8,10,2,0,0,2
0,0,0,14,56,59,56,51,49,31,57,60,64,61,40,25,12,7,7,6,0,0,9,3
0,0,6,6,50,53,50,13,13,18,51,53,53,52,23,14,5,3,6,1,1,0,0,7
0,0,0,5,34,50,35,9,23,14,51,54,54,49,11,12,8,0,7,0,0,0,0,0
0,0,0,10,13,34,11,5,7,14,51,54,54,26,4,11,11,3,6,3,8,7,0,0
4,6,0,0,11,52,11,12,25,28,52,53,53,24,8,2,9,0,0,0,3,2,5,0
0,0,2,10,24,55,13,10,12,14,51,53,35,13,3,9,4,2,6,1,0,9,9,4
0,0,8,30,93,167,67,53,50,34,35,63,52,10,8,5,8,9,4,3,8,0,4,1
6,9,11,42,76,89,62,42,50,83,59,56,26,12,3,0,2,2,5,9,7,0,1,0
6,5,3,12,33,31,24,14,16,52,56,57,14,7,9,11,3,9,12,8,0,0,0,4
6,3,0,1,12,11,10,7,4,11,32,56,14,6,6,5,3,10,9,1,9,6,8,0
2,0,4,3,9,3,5,7,9,4,2,6,10,8,0,4,2,5,0,9,11,3,2,5

0

0,0,0,0,6,11,8,13,13,14,26,51,21,44,53,47,35,28,14,11,10,9,12,2
0,0,0,0,5,5,0,0,13,51,57,57,53,51,38,31,30,50,29,13,14,8,2,9
1,0,0,0,6,12,4,9,50,64,71,82,104,97,56,62,41,32,2,0,0,0,8,6
10,10,8,14,25,53,67,100,103,121,125,117,115,116,117,112,91,77,61,53,14,0,0,8
10,11,14,52,62,65,59,73,116,148,146,128,143,169,175,178,162,133,99,61,55,17,8,0
53,51,53,57,56,56,54,66,109,142,139,133,168,209,266,234,196,135,84,70,50,27,2,0
52,50,51,45,32,14,53,62,81,106,121,129,170,164,188,173,105,99,73,63,58,28,6,6
7,3,6,0,0,0,0,71,83,97,103,111,114,114,123,116,81,65,63,65,71,62,18,10
6,5,5,2,5,10,50,58,72,85,88,117,149,136,135,115,87,71,68,82,79,59,37,13
0,0,0,0,7,29,54,60,71,78,99,148,171,173,148,100,76,66,46,51,67,67,67,53
0,0,0,6,13,14,55,69,78,83,108,120,160,180,164,112,70,64,50,14,13,55,69,59
0,0,0,5,26,48,54,75,91,80,103,135,145,152,119,92,67,52,12,13,11,18,52,42
0,0,0,8,15,53,56,69,91,100,125,146,139,134,111,84,43,30,2,1,6,7,17,14
0,0,8,11,30,54,70,101,85,101,121,133,138,131,121,104,73,14,0,6,2,1,2,4
0,4,12,14,53,52,58,95,77,64,100,120,139,136,114,90,18,11,3,0,5,8,7,3
7,4,5,13,96,104,65,105,99,89,115,148,169,137,101,58,4,10,0,0,9,4,7,1
12,10,12,25,62,103,110,113,90,111,139,136,141,82,69,54,6,0,1,0,2,7,4,0
9,22,34,44,56,108,110,103,207,221,229,213,176,137,69,54,33,11,6,10,9,1,9,7
8,11,45,65,101,117,138,116,178,220,226,211,190,128,90,77,32,6,0,9,11,11,6,6
8,13,38,86,100,104,103,115,169,183,211,219,212,162,117,101,41,13,4,3,1,7,3,0
6,11,28,37,62,66,101,86,94,138,194,199,182,149,117,98,39,13,9,15,8,7,9,8
5,7,11,58,63,51,53,45,67,89,126,148,149,146,104,76,38,22,8,7,6,12,7,5
7,6,12,33,39,44,54,32,34,48,99,111,122,125,116,87,28,12,9,8,0,0,8,7
0,0,9,14,50,100,100,87,27,58,87,106,108,111,109,101,26,11,2,10,11,9,8,3
0,5,2,11,66,67,82,98,9,7,88,102,106,106,103,100,51,13,0,12,9,0,5,12
4,10,6,9,53,71,87,100,12,9,25,102,103,104,101,80,14,5,13,12,3,1,9,8
0,7,0,12,24,48,63,55,8,1,40,75,100,94,101,62,30,2,12,8,1,0,9,8
0,4,0,9,55,59,67,50,10,5,45,83,62,82,60,21,13,0,0,0,1,10,5,7
0,0,0,5,62,73,63,40,14,4,12,23,51,50,18,13,0,0,0,0,2,4,10,0
0,0,0,9,64,56,60,56,9,10,10,34,50,49,36,25,13,12,1,0,0,5,0,1
8,11,12,45,61,59,57,45,37,37,38,56,46,52,26,9,6,0,8,12,3,0,0,0
0,5,3,52,66,102,67,54,53,50,76,63,56,56,45,14,6,9,10,9,13,2,0,0
0,3,0,50,68,86,64,54,53,53,60,65,62,60,51,30,12,11,8,10,2,0,0,2
0,0,0,15,56,59,56,51,49,32,57,60,64,61,40,26,12,7,7,6,0,0,9,3
0,0,6,6,50,53,50,14,13,19,51,53,53,52,22,14,5,3,6,1,1,0,0,7
0,0,0,5,34,50,35,10,23,14,51,53,54,49,11,12,8,0,7,0,0,0,0,0
0,0,0,10,13,36,12,6,8,14,51,54,54,26,4,11,11,3,6,3,8,7,0,0
4,6,0,0,11,52,11,12,25,28,52,53,53,25,8,2,9,0,0,0,3,2,5,0
0,0,2,10,26,55,13,10,12,14,51,53,35,13,3,9,5,2,6,1,0,9,9,4
0,0,8,30,93,167,67,53,50,34,35,63,52,10,8,5,8,9,4,3,8,0,4,1
6,9,11,40,76,89,62,42,50,83,59,56,26,12,3,0,2,2,5,9,7,0,1,0
6,5,3,12,33,32,24,14,17,52,56,57,17,7,9,12,3,9,12,8,0,0,0,4
5,3,0,1,12,11,10,7,4,11,32,56,15,6,6,5,4,10,9,1,9,6,8,0
2,0,4,3,9,3,6,7,9,4,2,6,11,9,0,4,2,5,0,9,11,3,2,5

0

0,0,0,0,6,11,8,13,13,14,26,51,21,43,54,48,36,29,14,11,10,9,12,2
0,0,0,0,5,5,0,0,13,50,57,57,53,51,38,31,30,50,31,13,14,8,2,9
1,0,0,0,6,12,4,9,50,64,71,82,104,98,56,62,41,32,2,0,0,0,8,5
10,10,8,14,26,53,67,100,103,121,125,117,115,116,116,111,91,77,61,54,14,0,0,8
10,11,14,52,62,64,59,72,117,148,145,127,143,168,174,176,162,133,100,61,55,19,8,0
53,50,53,57,56,55,54,66,108,141,138,133,168,208,261,232,195,136,85,70,50,27,2,0
52,50,51,47,33,14,54,62,81,106,121,129,171,165,187,172,105,100,73,63,58,29,6,6
7,3,6,0,0,0,0,71,83,96,102,111,115,115,123,115,81,65,63,65,71,62,18,10
6,5,6,2,5,10,50,58,72,85,88,117,150,137,134,115,86,71,68,82,79,59,37,13
0,0,0,0,7,29,54,60,70,78,99,148,171,173,147,100,76,66,45,51,67,67,68,54
0,0,0,6,13,14,55,69,78,84,108,120,159,180,163,111,70,64,50,14,13,55,69,59
0,0,0,6,26,47,54,75,91,80,104,135,145,152,119,93,67,52,11,13,11,17,52,41
0,0,0,8,16,53,56,70,91,100,126,147,139,134,111,84,43,30,2,1,6,7,17,14
0,0,8,11,31,55,70,101,85,101,121,134,138,131,121,104,74,14,0,6,2,0,1,4
0,4,12,14,53,52,58,96,77,64,100,120,139,136,114,91,18,11,3,0,5,8,7,3
7,4,5,13,97,104,65,106,100,89,115,148,170,137,101,58,4,10,0,0,9,4,7,1
12,10,12,25,62,103,110,113,90,111,139,136,141,82,69,54,6,0,1,0,2,7,4,0
9,23,34,45,56,108,111,103,208,222,229,213,177,137,69,54,33,11,6,10,9,2,9,7
8,11,45,66,101,118,139,116,179,221,227,211,190,128,90,78,32,6,0,9,11,11,6,6
8,13,38,86,100,104,103,115,170,184,212,219,212,163,117,101,42,13,4,3,1,7,3,0
6,12,29,37,62,66,102,87,95,139,194,199,182,149,117,99,39,13,8,15,8,7,9,8
5,8,11,58,64,51,54,45,67,89,126,148,149,146,104,76,38,22,8,7,6,12,7,5
7,6,12,33,39,44,54,33,35,48,100,112,122,125,116,87,28,12,9,8,0,0,8,7
0,0,9,14,50,100,100,87,31,58,86,106,108,111,109,101,24,11,2,10,11,8,8,3
0,6,2,11,67,69,83,97,10,7,88,102,106,106,103,100,50,13,0,12,9,0,5,12
5,10,6,9,52,71,86,100,13,9,28,102,103,104,101,80,16,5,13,12,3,1,9,8
0,7,0,12,24,47,61,56,9,1,41,75,100,94,101,62,31,2,12,8,1,0,9,8
0,4,0,10,55,59,68,49,10,5,47,84,62,82,60,18,13,0,0,0,1,10,5,7
0,0,0,5,62,73,63,40,14,4,12,23,51,50,19,13,0,0,0,0,2,4,10,0
0,0,1,9,64,55,60,55,9,11,10,34,50,49,36,25,13,12,1,0,0,5,0,1
8,11,12,44,61,59,57,45,38,38,38,56,46,52,26,9,6,0,8,12,3,0,0,0
0,5,3,52,66,102,67,54,53,50,75,63,56,56,47,14,6,9,10,9,13,2,0,0
0,3,0,50,68,86,64,54,53,53,60,65,62,60,51,31,12,11,8,10,2,0,0,2
0,0,0,15,56,59,56,51,49,32,57,60,64,61,40,26,12,7,7,6,0,0,9,3
0,0,6,6,50,53,50,14,13,20,51,53,53,52,23,14,5,3,6,1,1,0,0,7
0,0,0,6,35,50,35,10,23,14,51,54,54,48,12,12,8,0,7,0,0,0,0,0
0,0,0,10,13,35,12,6,8,14,51,54,54,26,4,11,11,3,6,3,8,7,0,0
4,6,0,0,12,52,11,12,26,29,52,53,53,24,8,2,9,0,0,0,3,2,5,0
0,0,2,10,25,55,14,10,12,14,51,53,35,13,3,9,5,2,6,1,0,9,9,4
0,0,8,29,93,167,67,52,51,34,35,63,52,10,8,5,8,9,5,3,8,0,4,1
6,10,11,40,76,89,62,43,50,83,59,56,26,12,3,0,2,2,5,9,7,0,1,0
6,5,3,12,35,32,24,14,16,52,56,57,16,7,9,12,3,9,12,8,0,1,0,4
5,2,0,1,12,11,10,7,4,11,31,56,15,6,6,5,3,10,9,1,9,6,8,0
2,0,4,3,9,3,6,7,9,4,2,6,10,9,0,4,2,5,0,9,11,3,2,5

0

0,0,0,0,6,11,8,13,13,14,26,51,21,43,54,48,36,28,14,11,10,9,12,2
0,0,0,0,5,5,0,1,13,51,57,57,54,51,40,31,30,50,31,14,13,8,2,9
1,0,0,0,6,12,4,9,51,64,71,82,104,97,56,62,41,31,2,0,0,0,8,5
10,10,8,14,26,53,67,100,103,122,125,117,115,115,116,111,91,77,61,54,14,0,0,8
10,11,14,52,62,64,59,73,117,147,144,127,143,168,173,176,161,133,100,61,55,19,8,0
53,51,54,57,56,55,54,66,108,139,137,133,168,208,262,231,195,136,85,70,50,27,2,0
52,50,51,47,32,14,54,62,81,106,120,130,172,166,187,172,105,100,73,63,57,28,6,6
8,3,6,0,0,0,0,71,83,96,102,111,115,115,122,115,81,65,63,65,71,62,18,10
6,5,5,2,5,10,50,58,72,85,88,117,150,137,134,114,86,71,68,82,79,59,37,13
0,0,0,0,7,28,54,60,70,78,99,148,171,174,147,100,76,66,45,51,67,67,68,54
0,0,0,6,13,14,55,69,79,84,109,120,160,180,163,111,70,64,50,14,13,55,69,59
0,0,0,6,26,47,54,75,91,80,104,136,145,152,119,93,67,52,11,13,11,17,52,42
0,0,0,8,16,54,56,69,92,101,126,147,140,134,111,85,43,30,2,1,6,7,17,14
0,0,8,12,30,55,70,101,85,101,121,134,138,131,121,104,74,14,0,6,2,0,1,4
0,4,12,14,53,52,58,96,77,64,101,120,139,136,114,91,18,11,3,0,5,8,7,3
7,4,5,14,97,104,65,106,100,89,116,148,169,137,101,58,4,10,0,0,9,4,7,1
12,10,12,25,62,104,110,113,91,111,139,137,141,82,69,54,6,0,1,0,2,7,4,0
9,23,34,45,57,109,112,104,209,223,230,213,177,136,69,54,33,11,6,10,9,1,9,7
8,11,45,65,101,118,139,116,180,222,227,212,190,128,90,78,31,6,0,9,11,11,6,6
8,13,38,87,100,104,104,116,171,184,212,219,212,162,117,101,41,13,4,3,1,7,3,0
6,12,29,37,63,66,102,87,95,139,194,199,182,149,117,99,39,13,8,15,8,7,9,8
5,8,11,59,64,51,54,46,68,90,126,148,148,146,104,76,38,22,8,7,6,12,6,5
7,6,13,33,39,44,55,33,35,48,100,112,122,125,116,87,27,12,8,8,0,0,8,7
0,0,9,14,51,100,100,87,35,60,86,106,108,111,108,101,24,11,2,9,11,8,8,3
0,6,3,11,68,69,83,98,11,7,91,102,106,105,103,100,50,13,0,12,9,0,5,12
5,10,6,9,55,73,87,100,14,10,31,102,103,104,101,82,17,5,13,12,3,1,9,8
0,8,0,13,25,45,61,55,9,1,42,75,100,94,101,64,32,2,12,8,1,0,9,8
0,4,0,10,56,59,67,49,10,5,46,83,62,83,61,21,13,0,0,0,1,10,5,7
0,0,0,5,62,72,63,41,14,4,12,23,51,50,19,13,0,0,0,0,2,4,10,0
0,0,1,9,64,56,60,55,9,11,10,34,50,49,36,25,13,12,1,0,0,6,0,1
8,11,12,45,61,59,57,45,38,38,38,56,47,52,27,9,6,0,8,12,3,0,0,0
0,5,3,52,66,102,67,54,53,50,76,63,56,56,48,14,6,9,10,9,13,2,0,0
0,3,0,50,68,86,64,54,53,53,60,65,62,61,51,30,12,11,8,10,2,0,0,2
0,0,0,17,56,59,56,51,49,32,57,60,64,61,42,26,12,7,7,6,0,0,9,4
0,0,6,7,50,53,50,14,13,21,51,53,53,52,23,14,5,3,6,1,1,0,0,7
0,0,0,6,34,50,37,10,24,14,51,53,54,50,12,12,8,0,7,0,0,0,0,0
0,0,0,10,13,36,12,6,8,14,51,54,54,26,4,11,11,3,6,3,8,7,0,0
4,6,0,0,12,52,11,12,26,32,52,53,53,25,8,3,9,0,0,0,3,2,5,0
0,0,2,10,25,55,13,10,12,14,51,53,35,13,3,9,5,2,6,1,0,9,9,4
0,0,8,29,93,167,67,53,51,34,35,63,52,10,8,5,8,9,5,3,8,0,4,1
6,10,11,40,76,89,62,42,50,84,59,56,26,13,3,0,2,2,5,9,7,0,1,0
6,5,3,12,35,32,25,14,17,52,56,57,17,7,9,12,3,9,12,8,0,0,0,4
5,2,0,1,12,11,10,7,5,11,31,56,17,6,6,5,3,10,9,1,9,6,8,0
2,0,4,3,9,3,6,7,9,4,2,6,11,9,0,5,2,5,0,9,11,3,2,5

0

0,0,0,0,6,11,8,13,13,14,26,51,24,42,54,48,35,28,14,11,10,9,12,2
0,0,0,0,6,5,0,0,13,51,57,57,54,51,41,31,30,51,29,14,14,8,2,9
1,0,0,0,6,12,4,9,51,64,71,83,104,98,56,62,41,31,2,0,0,0,8,5
10,10,8,14,27,53,67,100,103,121,125,117,115,116,116,111,91,77,61,54,14,0,0,7
10,11,14,52,62,64,59,72,117,147,144,127,143,167,173,175,160,133,99,61,55,19,8,0
53,51,54,57,56,55,54,66,108,139,138,133,168,208,260,229,194,136,85,70,50,27,2,0
52,50,50,47,33,14,53,62,81,106,121,130,172,165,187,171,105,100,73,63,57,28,5,6
8,3,6,0,0,0,1,71,83,97,103,112,115,115,123,115,81,65,63,65,71,62,18,10
6,5,6,2,5,10,50,58,72,85,88,118,150,137,134,114,86,71,68,82,79,59,37,13
0,0,0,0,7,29,55,60,70,78,99,149,171,174,147,100,76,66,45,51,67,67,69,54
0,0,0,6,13,14,55,69,79,84,109,121,160,180,163,111,70,64,50,14,13,55,69,59
0,0,0,6,26,48,54,75,92,80,104,136,145,151,119,93,67,52,11,13,11,17,52,42
0,0,0,8,16,53,56,69,92,101,126,147,139,134,111,83,43,29,1,1,5,6,17,14
0,0,8,12,33,55,70,101,86,101,121,134,138,131,121,104,73,14,0,6,2,0,1,4
0,4,13,14,53,52,58,96,78,64,101,121,139,135,114,92,19,10,3,0,5,8,7,3
7,4,5,14,98,104,65,106,100,89,116,148,169,137,101,59,4,10,0,0,9,4,7,1
12,10,12,24,62,104,110,114,91,111,139,136,141,82,69,54,6,0,1,0,2,6,4,0
9,23,34,45,57,110,112,104,210,224,230,213,177,137,69,54,34,11,6,9,9,1,9,7
8,11,47,65,101,119,139,117,180,222,227,211,190,128,90,78,31,6,0,9,11,11,6,6
8,13,39,87,101,104,104,116,171,185,212,219,212,162,117,101,42,13,4,3,1,7,2,0
6,12,29,37,63,66,102,87,96,139,194,199,182,149,117,99,39,12,8,15,8,7,9,8
5,8,11,60,64,51,54,46,68,91,126,148,148,146,105,76,38,22,8,7,6,12,7,5
7,6,13,33,38,44,56,33,35,48,100,112,122,125,116,87,28,12,8,8,0,0,8,7
0,0,10,14,51,100,100,87,37,60,87,106,108,111,108,101,25,11,2,10,11,8,8,3
0,6,3,11,68,69,83,98,12,7,90,102,106,105,103,100,50,13,0,12,9,0,5,12
5,10,6,10,55,71,87,100,14,10,32,102,103,104,101,80,16,5,13,12,3,1,9,8
0,8,0,13,27,45,61,55,9,1,42,75,100,94,101,62,32,2,12,8,1,0,9,8
0,4,0,10,56,60,68,50,10,5,45,83,62,82,60,21,13,1,0,0,1,10,5,7
0,0,0,6,63,72,63,40,14,4,12,23,51,50,19,13,0,0,0,0,2,4,10,0
0,1,2,9,64,56,60,56,9,11,10,34,50,49,37,25,13,12,1,0,0,6,0,1
8,11,12,46,61,59,57,45,38,38,38,56,47,52,27,9,6,0,8,12,3,0,0,0
0,5,3,52,66,102,67,54,53,50,76,63,56,56,48,14,6,9,10,9,13,2,0,0
0,3,0,50,68,86,64,54,53,53,60,64,62,61,51,30,12,11,8,10,2,0,0,2
0,0,0,17,56,59,56,51,50,32,57,60,64,61,43,27,12,7,7,6,0,0,9,3
0,0,6,7,50,53,50,14,13,22,51,53,53,52,23,14,5,3,6,1,1,0,0,7
0,0,0,6,36,51,37,10,24,14,51,54,54,50,12,12,8,0,7,0,0,0,0,0
0,0,0,10,13,36,12,6,8,14,51,54,54,26,4,11,11,3,6,3,8,7,0,0
4,6,0,0,12,52,12,12,26,32,52,53,53,25,8,3,9,0,0,0,3,2,5,0
0,0,2,10,24,55,14,10,12,14,51,53,34,13,3,9,5,2,6,1,0,9,9,4
0,0,8,30,93,167,67,53,51,35,35,63,52,10,8,5,8,9,5,3,8,0,4,1
6,10,11,40,76,89,62,42,50,84,59,56,29,13,3,0,2,2,5,9,7,0,1,0
6,5,3,12,33,32,24,14,17,52,56,57,19,7,9,12,3,9,12,8,0,1,0,4
5,2,0,1,12,11,10,7,5,11,31,56,17,6,6,5,4,10,9,1,9,6,8,0
2,0,4,3,9,3,6,7,9,4,2,6,11,8,0,5,2,5,0,9,11,3,2,5

0

0,0,0,0,6,11,8,13,13,14,26,51,24,42,54,48,36,30,14,11,10,9,12,2
0,0,0,0,6,6,0,1,13,50,57,57,54,51,43,31,30,51,31,14,14,8,2,9
1,0,0,0,6,12,4,9,51,64,71,83,105,99,56,62,41,31,2,0,0,0,8,5
10,10,8,14,26,52,67,100,103,121,125,117,115,116,116,110,91,77,61,54,14,0,0,7
10,11,16,52,63,64,59,72,116,147,145,128,143,168,173,175,160,133,99,61,55,19,8,0
53,51,54,57,56,55,54,66,108,141,138,133,168,207,260,229,194,136,85,70,50,27,1,0
52,50,51,50,35,14,54,62,81,106,121,130,172,164,186,171,104,100,73,63,57,28,6,6
8,4,6,0,0,0,1,71,83,97,103,112,115,115,123,115,81,65,63,65,71,62,18,10
6,5,6,2,5,10,50,58,72,85,88,117,150,137,134,114,86,71,69,82,79,59,37,13
0,0,0,0,7,29,55,60,71,78,100,149,171,174,147,100,76,66,47,51,68,67,69,54
0,0,0,6,13,14,55,69,79,84,109,121,160,179,163,111,70,64,50,14,13,55,69,59
0,0,0,6,28,49,54,75,92,81,104,135,145,151,119,93,67,52,11,13,11,18,52,42
0,0,0,8,17,53,56,69,92,100,126,146,139,133,111,84,44,30,1,1,6,7,17,14
0,0,8,12,33,55,70,101,85,101,121,134,138,130,121,104,73,14,0,6,2,0,1,3
0,4,12,14,53,52,58,96,77,64,101,120,138,135,114,91,19,10,2,0,5,8,7,3
7,4,5,14,98,104,65,106,100,89,115,148,169,137,101,59,4,10,0,0,9,3,7,1
12,10,12,24,63,104,110,114,91,111,139,136,141,82,70,54,6,0,1,0,2,6,4,0
9,23,35,45,57,110,113,104,210,224,230,213,177,136,69,54,33,11,6,9,9,1,8,7
8,11,48,66,101,119,140,117,180,222,227,211,190,128,90,78,32,6,0,9,11,11,6,6
8,13,39,88,100,104,104,116,172,185,213,219,212,162,117,101,43,13,4,3,1,7,2,0
7,12,29,37,63,67,102,87,96,139,195,199,182,149,117,98,40,12,8,15,8,7,9,8
5,8,11,59,64,51,54,46,69,91,126,148,149,145,104,76,38,22,8,7,6,12,7,5
7,6,13,34,39,44,56,33,36,48,100,112,122,125,116,87,28,12,8,8,0,0,8,7
0,0,10,14,52,100,100,87,41,60,89,106,108,111,108,101,23,11,2,10,11,8,8,3
0,6,3,12,68,69,83,98,13,7,94,102,106,105,103,100,50,13,0,12,9,0,5,12
5,10,6,10,55,71,87,100,15,10,33,102,103,104,101,80,16,5,13,12,3,1,9,8
0,8,0,13,25,47,61,55,9,1,42,75,100,92,101,64,32,2,12,8,1,0,9,8
0,4,0,10,56,60,69,50,10,5,46,84,62,82,60,18,13,0,0,0,1,10,5,7
0,0,0,6,62,73,63,41,14,4,12,23,51,50,20,13,0,0,0,0,2,4,10,0
0,1,2,10,64,56,61,55,10,11,10,34,50,50,37,26,13,12,1,0,0,6,0,1
8,11,12,46,61,59,57,45,38,38,38,56,46,52,27,9,6,0,8,12,3,0,0,0
0,5,3,52,66,102,67,54,53,50,76,63,56,56,48,14,6,9,10,9,13,2,0,0
0,3,0,50,68,86,64,54,54,53,60,64,62,60,51,32,12,11,8,10,2,0,0,2
0,0,0,17,56,59,56,51,50,32,57,60,63,61,40,27,12,7,7,6,0,0,9,4
0,0,6,7,50,53,50,14,13,23,51,53,53,52,22,14,5,3,6,1,1,0,0,7
0,0,0,5,35,50,36,10,24,14,51,53,54,49,12,12,8,0,7,0,0,0,0,0
0,0,0,11,13,36,12,6,8,14,52,54,54,27,4,11,11,3,6,3,8,7,0,0
4,6,0,0,12,52,12,13,26,33,52,53,53,25,8,3,9,0,0,0,4,2,5,0
0,0,2,10,24,55,14,10,12,14,51,53,35,13,3,9,5,2,6,1,0,9,9,4
0,0,8,30,93,167,67,53,51,35,35,63,52,10,8,5,8,9,5,3,8,0,4,1
6,10,11,40,76,89,62,43,50,84,59,56,26,13,3,0,2,2,6,9,7,0,1,0
6,5,3,12,33,32,25,14,18,52,56,57,19,7,9,12,3,9,12,8,0,0,0,4
5,2,0,1,12,11,10,7,5,11,32,56,17,6,6,5,4,10,9,1,9,6,8,0
2,0,4,3,9,3,6,7,9,4,2,7,11,9,0,5,2,5,0,9,11,3,2,5

0

0,0,0,0,6,11,9,13,13,14,26,51,22,42,54,48,34,30,14,11,10,9,12,2
0,0,0,0,6,5,0,1,13,50,57,57,54,51,43,31,30,51,31,14,13,8,2,9
1,0,0,0,6,12,4,9,51,64,71,83,104,99,56,62,41,31,2,0,0,0,8,5
10,10,9,14,27,53,67,100,103,121,125,117,116,115,115,110,90,76,61,54,14,0,0,7
10,12,17,52,62,65,59,73,117,148,145,128,143,167,172,174,160,133,99,61,55,18,8,0
53,51,53,57,56,56,54,66,109,142,139,134,167,206,258,229,194,136,85,70,50,27,1,0
52,50,51,50,36,14,54,63,82,107,121,130,171,164,187,172,105,100,73,63,57,28,6,6
8,4,6,1,0,0,1,72,83,97,103,112,115,115,123,115,81,65,63,65,71,62,18,10
7,5,6,3,6,11,50,58,72,86,88,117,149,137,135,115,87,71,69,82,79,59,37,13
0,0,0,0,7,31,55,60,71,79,100,149,171,173,147,100,76,66,50,51,68,67,69,54
0,0,0,6,13,14,56,69,79,84,109,120,159,180,163,111,70,64,50,14,13,55,69,59
0,0,0,6,28,49,54,75,91,80,104,135,144,151,119,93,67,52,11,13,11,19,52,42
0,0,0,9,18,54,56,69,92,100,125,146,139,133,111,84,44,30,1,1,6,7,17,14
0,0,8,12,33,55,70,101,85,101,121,133,137,130,121,104,73,14,0,6,2,0,1,3
0,4,13,14,53,52,58,96,77,64,101,120,138,135,114,92,20,9,2,0,5,8,7,3
7,4,5,14,98,104,65,106,100,89,115,147,169,137,101,59,4,10,0,0,9,3,7,1
12,10,12,26,63,104,110,114,91,111,139,136,141,82,70,54,6,0,0,0,2,6,4,0
9,23,35,45,57,110,113,105,211,224,230,213,176,136,69,54,34,11,6,9,9,1,8,7
8,11,47,67,102,119,140,117,180,223,227,211,190,128,90,78,31,6,0,9,11,11,6,6
8,13,40,88,101,104,104,116,172,185,212,219,212,162,117,101,44,13,4,3,1,7,2,0
7,12,29,38,63,67,102,87,96,139,195,199,182,149,117,98,40,12,8,15,8,7,9,8
5,8,11,59,64,51,54,46,69,91,127,148,149,146,104,76,38,21,8,7,6,12,6,5
8,6,13,34,39,45,56,34,36,48,100,112,122,125,116,87,27,12,8,8,0,0,8,7
0,0,10,14,51,100,100,87,40,58,89,107,108,111,108,101,25,11,1,9,11,8,8,3
0,6,4,12,69,69,83,98,13,8,92,102,106,105,103,100,50,13,0,12,9,0,5,12
5,10,6,10,55,70,89,100,17,10,33,102,103,104,101,80,17,5,13,12,3,1,9,8
0,8,0,13,27,47,61,57,9,1,41,75,100,93,101,64,31,2,12,8,1,0,9,8
0,4,0,10,56,60,68,50,10,5,47,84,62,82,60,19,13,0,0,0,1,10,5,7
0,0,0,6,62,73,63,41,14,4,12,23,51,50,18,13,0,0,0,0,2,4,10,0
0,1,3,10,64,55,61,55,9,11,10,34,50,49,36,25,13,12,1,0,0,6,0,1
8,11,12,46,61,59,57,45,38,38,38,56,46,52,27,9,6,0,8,12,3,0,0,0
0,5,3,52,66,102,67,54,53,50,76,63,56,56,48,14,6,9,10,9,13,2,0,0
0,3,0,50,68,86,64,54,54,53,60,65,62,61,51,30,12,11,8,10,2,0,0,2
0,0,0,18,56,59,56,52,50,32,57,60,63,61,41,27,12,7,7,6,0,0,9,4
0,0,6,7,50,53,50,14,13,23,51,53,54,52,23,14,5,3,6,1,1,0,0,7
0,0,0,6,35,50,36,10,25,14,51,53,54,48,12,12,8,0,7,0,0,0,0,0
0,0,0,11,13,36,12,6,9,14,51,54,54,28,4,11,11,3,6,3,8,7,0,0
4,6,0,0,12,52,12,13,26,34,52,53,53,25,8,3,9,0,0,0,4,2,5,0
0,0,2,10,24,55,14,10,12,14,51,53,35,13,3,9,6,2,6,1,0,9,9,4
0,0,8,30,93,167,67,53,51,35,35,63,52,10,8,5,8,9,5,3,8,0,4,1
6,10,11,42,76,89,62,44,50,84,59,56,27,13,3,0,2,2,6,9,7,0,1,0
6,4,3,12,35,32,25,14,17,52,56,57,20,7,9,12,3,9,12,8,0,0,0,4
5,2,0,1,12,12,10,7,5,11,32,56,20,6,6,5,4,10,9,1,10,6,8,0
2,0,4,3,9,3,6,7,9,4,2,6,11,9,0,4,2,5,0,9,11,3,2,5

0

0,0,0,0,6,11,9,13,13,14,26,51,21,44,54,48,37,29,14,11,10,9,12,2
0,0,0,0,6,6,0,1,13,50,57,57,54,51,41,31,30,50,31,14,14,8,2,9
1,0,0,0,6,12,4,9,51,64,71,84,105,99,56,62,40,30,2,0,0,0,8,5
10,10,9,14,27,53,67,100,103,121,125,117,116,116,115,110,90,76,61,53,14,0,0,7
11,12,17,52,62,65,59,73,117,148,146,128,143,167,172,174,160,133,99,61,55,18,8,0
53,51,54,57,56,55,55,66,109,142,139,134,168,206,259,229,194,136,85,70,49,27,1,0
52,51,51,50,38,14,54,63,82,107,122,130,172,164,187,172,105,100,73,63,57,28,5,6
8,4,6,1,0,0,1,72,83,97,103,112,115,115,123,115,81,65,63,65,71,62,18,10
7,5,6,3,6,11,50,58,72,86,88,117,150,137,135,115,87,71,69,82,79,59,37,13
0,0,0,0,8,33,55,60,71,79,100,149,171,174,148,100,76,66,50,51,68,67,69,54
0,0,0,6,13,14,56,69,79,84,109,120,159,179,163,111,70,64,50,14,13,55,70,59
0,0,0,6,28,48,54,75,91,80,103,135,144,151,119,92,67,52,11,13,11,19,52,42
0,0,0,9,19,54,56,69,91,100,125,146,138,133,111,84,44,30,1,1,6,7,17,14
0,0,8,12,34,55,70,101,84,101,121,133,137,130,121,104,73,14,0,6,2,0,1,3
0,5,13,14,53,52,58,97,77,64,101,120,138,135,114,92,20,9,2,0,5,8,7,3
8,4,5,14,98,104,65,106,100,89,115,147,168,137,101,59,4,10,0,0,9,3,6,1
12,10,12,26,63,104,110,114,91,111,139,136,141,82,70,55,7,0,0,0,2,6,4,0
9,23,35,45,57,110,113,105,211,225,230,213,176,136,69,55,34,11,6,9,9,1,8,7
9,11,50,66,102,119,140,117,181,223,227,211,190,128,90,79,31,6,0,9,11,11,6,6
8,13,40,88,101,104,105,116,172,185,212,219,212,161,117,101,43,13,4,3,1,7,2,0
7,12,29,38,63,67,102,88,96,139,195,199,182,149,117,99,39,12,8,15,8,7,9,8
6,8,11,60,65,51,55,46,69,91,127,148,149,146,105,76,38,21,8,7,6,12,7,5
7,6,13,33,39,45,57,34,36,48,101,112,123,125,116,87,27,12,8,7,0,0,8,7
0,1,10,14,52,100,100,87,42,60,90,107,108,111,108,101,24,11,1,10,11,8,8,3
0,7,4,12,70,69,83,98,14,8,92,102,106,105,103,100,51,13,0,12,9,0,5,12
6,10,6,10,54,71,89,100,21,10,33,102,103,104,101,81,16,5,13,12,3,1,9,8
0,8,0,13,28,47,60,56,9,1,43,75,100,93,101,64,32,2,12,8,1,0,9,8
0,5,0,10,56,60,69,50,10,5,46,85,62,82,60,19,13,0,0,0,1,10,5,7
0,0,0,6,63,73,63,41,14,4,12,23,51,50,19,13,0,0,0,0,2,4,10,0
0,1,3,10,65,55,61,55,10,11,10,34,50,49,36,25,13,12,1,0,0,6,0,1
8,11,12,46,61,59,57,45,38,38,38,56,46,52,27,9,6,0,8,12,3,0,0,0
0,5,3,52,66,102,67,54,53,50,76,63,56,56,48,14,6,9,10,9,13,2,0,0
0,3,0,50,68,87,64,54,53,53,60,64,62,60,51,32,12,11,8,10,2,0,0,2
0,0,0,19,56,59,56,51,50,32,57,60,63,61,42,26,12,7,7,6,0,0,9,4
0,0,6,7,50,53,50,14,13,24,51,53,53,52,24,14,5,3,6,1,1,0,0,7
0,0,0,6,37,50,36,10,24,14,51,53,54,48,12,12,8,0,7,0,0,0,0,0
0,0,0,11,13,36,12,6,9,14,52,54,54,27,4,11,11,3,6,3,8,7,0,0
4,6,0,0,12,52,12,13,26,34,52,53,53,25,8,3,9,0,0,0,4,2,5,0
0,0,2,10,24,55,13,10,12,14,51,53,35,13,3,9,6,2,6,1,0,9,9,4
0,0,8,30,93,167,67,52,51,35,35,63,52,10,8,5,8,9,5,3,8,0,4,1
6,10,11,39,76,89,62,44,50,84,59,56,27,12,3,0,2,2,6,9,7,0,1,0
6,5,3,12,35,31,25,14,18,52,56,57,20,7,9,12,3,9,12,8,0,0,0,4
5,2,0,1,12,12,10,7,5,11,32,56,19,6,6,5,4,10,9,1,10,6,8,0
2,0,4,3,9,3,6,7,9,4,2,6,10,9,0,4,2,5,0,9,11,3,2,5

1

0,0,0,0,6,11,9,13,13,14,26,51,22,43,54,49,37,29,14,11,10,9,12,2
0,0,0,0,6,6,0,1,13,50,57,57,54,51,41,31,30,51,31,14,14,8,2,9
1,0,0,0,6,12,4,9,51,64,71,84,105,100,57,62,41,31,2,0,0,0,8,5
10,10,9,14,27,53,67,100,103,122,125,118,116,116,116,110,90,76,61,53,14,0,0,7
10,12,18,52,62,64,59,73,117,148,146,128,144,168,173,175,161,133,99,61,55,18,8,0
53,51,54,57,56,56,54,66,109,142,139,134,168,208,261,230,195,136,85,70,49,27,1,0
52,50,51,50,39,14,54,63,82,106,121,130,171,164,187,172,105,100,73,63,57,28,5,6
8,4,6,1,0,0,1,72,83,97,103,111,115,115,123,115,81,65,63,65,71,62,18,10
7,5,6,3,7,11,50,58,72,85,88,117,150,136,134,115,87,71,69,82,79,59,37,13
0,0,0,0,7,33,55,60,71,78,100,148,171,173,147,100,76,66,50,51,68,67,69,54
0,0,0,6,13,15,56,69,79,84,109,120,160,179,162,111,70,65,50,14,13,55,69,59
0,0,0,7,29,48,54,75,91,80,104,135,144,151,119,93,68,52,11,13,11,19,53,43
0,0,0,9,18,53,56,69,91,100,125,146,138,133,111,83,44,30,1,1,6,7,18,14
0,0,8,12,35,55,70,101,85,101,121,133,137,130,121,104,73,14,0,6,2,0,1,4
0,4,13,14,53,52,58,96,77,64,101,120,138,135,114,92,20,8,2,0,5,8,7,3
8,4,5,14,98,104,65,106,100,89,115,147,169,137,101,59,4,10,0,0,9,3,7,1
12,10,12,25,64,104,110,114,91,112,139,136,141,82,70,55,6,0,0,0,2,6,4,0
9,23,35,45,58,111,113,105,212,226,230,213,176,136,69,55,33,11,6,9,9,1,8,7
9,11,48,66,102,119,140,117,181,223,228,211,190,127,90,78,32,6,0,9,11,11,6,6
8,13,40,88,101,105,105,116,172,185,213,219,212,161,117,101,43,13,4,3,1,7,2,0
7,12,29,37,63,67,103,88,96,139,195,199,182,149,117,99,39,12,8,15,8,7,9,8
6,8,11,60,64,51,55,46,69,91,127,148,149,145,104,76,38,21,8,7,6,12,7,5
8,7,13,34,39,45,57,34,36,48,101,112,122,125,116,87,28,12,8,7,0,0,8,7
0,1,10,14,52,100,100,87,43,61,90,107,108,111,108,101,24,11,1,10,11,8,8,3
0,7,4,12,70,69,83,100,14,8,94,102,106,105,103,100,50,13,0,12,9,0,5,12
6,10,6,10,56,71,89,100,24,10,35,102,103,104,101,81,17,5,13,12,2,1,9,8
0,8,0,13,27,47,61,56,9,1,43,75,100,92,101,64,31,2,12,8,1,0,9,8
0,5,0,11,57,60,68,50,10,5,45,83,62,81,60,19,13,0,0,0,1,10,5,7
0,0,0,6,63,73,63,42,14,4,12,23,51,50,19,13,0,0,0,0,2,4,10,0
0,1,3,10,64,56,61,56,10,11,10,34,50,49,36,25,13,12,1,0,0,6,0,1
8,12,13,46,61,59,57,45,38,39,38,56,47,52,26,9,6,0,8,12,3,0,0,0
0,5,4,52,66,102,67,54,53,50,75,63,56,56,50,14,6,9,10,9,13,2,0,0
0,4,0,50,68,86,64,54,54,53,60,64,62,60,51,32,12,11,8,10,2,0,0,2
0,0,0,20,56,59,56,51,50,33,57,60,63,61,42,26,12,7,7,6,0,0,9,4
0,0,6,7,50,53,50,14,14,23,51,53,53,52,23,14,5,3,6,1,1,0,0,7
0,0,0,6,37,50,37,10,24,14,51,53,54,49,12,12,8,0,7,0,0,0,0,1
0,0,0,11,13,36,12,6,8,14,52,54,54,28,4,11,11,3,6,3,8,7,0,0
5,6,0,0,12,52,12,13,27,36,52,53,53,25,8,3,10,0,0,0,4,2,5,0
0,0,2,10,24,55,14,10,12,14,51,53,35,13,3,9,6,2,6,1,0,9,9,4
0,0,8,30,93,168,67,53,51,36,35,63,52,10,8,5,8,9,5,3,8,0,4,1
6,10,11,40,76,89,62,43,50,85,59,56,27,12,3,0,2,2,6,9,7,0,1,0
6,5,3,12,33,32,25,14,18,52,56,57,17,7,9,12,3,9,12,8,0,1,0,4
5,2,0,1,12,12,10,7,5,11,32,56,21,6,6,5,4,10,9,1,9,6,8,0
2,0,4,3,9,3,6,7,9,4,2,7,11,9,0,5,2,5,0,9,11,3,2,5

1

0,0,0,0,6,11,9,13,13,14,26,51,24,43,54,49,36,29,14,11,10,9,12,2
0,0,0,0,6,6,0,1,14,50,57,57,54,51,43,31,30,51,32,14,14,8,1,9
2,0,0,0,6,12,5,9,51,65,71,84,105,100,57,62,41,31,2,0,0,0,8,5
10,10,9,14,28,53,67,100,103,122,125,118,116,116,116,111,91,77,61,54,14,0,0,7
11,12,18,52,62,65,59,73,117,148,145,128,143,168,173,175,161,133,99,61,55,19,8,0
53,50,54,57,56,55,54,66,109,141,138,134,169,209,262,231,194,136,85,70,49,28,1,0
52,50,51,50,38,14,54,63,81,106,121,130,172,165,187,172,105,100,73,63,57,28,5,6
8,4,6,1,0,0,1,71,83,97,103,111,115,115,123,115,81,65,63,65,71,62,18,10
7,5,6,3,6,11,50,58,72,85,88,117,150,136,134,114,87,71,68,82,79,59,36,13
0,0,0,0,7,31,55,60,70,78,100,148,171,173,146,100,76,66,50,51,68,67,69,54
0,0,0,6,13,14,55,69,79,84,109,121,160,179,162,111,70,64,50,14,13,55,69,59
0,0,0,7,28,49,54,75,92,81,104,136,144,150,119,93,67,52,11,13,11,20,53,43
0,0,0,9,19,53,56,69,92,101,126,147,139,133,111,84,45,29,0,1,6,7,17,14
0,0,8,12,34,55,70,101,85,101,121,134,137,130,121,104,73,14,0,6,2,0,1,3
0,5,13,14,53,52,58,96,77,64,101,120,138,135,114,92,20,8,2,0,5,8,7,3
7,4,5,14,99,104,65,106,100,90,116,148,169,136,101,59,4,10,0,0,9,3,6,1
12,10,12,25,64,104,110,114,91,112,140,137,141,82,70,54,6,0,0,0,2,6,4,0
9,24,34,45,57,111,114,105,213,226,231,213,175,136,69,54,33,11,6,9,9,1,8,7
9,11,48,66,102,119,141,117,182,224,228,211,190,127,90,79,31,6,0,9,11,11,6,6
8,13,40,88,101,105,105,117,173,186,213,219,212,161,117,101,42,13,4,3,1,7,2,0
7,12,29,37,63,67,103,88,97,140,195,199,182,148,117,98,38,12,8,15,8,7,9,8
6,8,12,61,65,52,55,46,69,91,127,148,149,145,104,76,38,21,8,7,6,12,7,5
7,7,13,34,39,45,57,34,36,48,101,112,122,125,116,87,28,12,8,7,0,0,8,7
0,1,10,14,52,100,101,87,45,61,90,107,108,111,108,101,24,11,1,10,11,8,8,3
0,7,4,12,70,69,82,98,17,8,94,102,106,105,103,100,50,13,0,12,9,0,5,11
6,10,6,10,56,73,89,100,25,11,37,102,103,104,101,81,17,5,13,12,3,1,9,8
0,8,0,13,28,48,61,56,9,1,43,75,100,93,101,65,32,2,12,8,1,0,9,8
0,5,0,11,57,61,68,50,10,5,45,84,62,82,61,19,13,0,0,0,1,10,5,7
0,0,0,6,63,73,63,42,14,4,12,23,51,50,20,13,0,0,0,0,3,4,10,0
0,1,4,10,65,56,61,56,10,11,10,35,50,49,37,25,13,12,1,0,0,6,0,1
8,12,13,46,62,59,57,45,38,39,38,56,46,52,26,9,6,0,8,12,3,0,0,0
0,6,4,52,66,102,67,54,53,51,75,63,56,56,48,14,6,9,10,9,13,2,0,0
0,4,0,50,69,86,64,54,54,53,60,64,62,60,51,32,12,11,8,10,2,0,0,2
0,0,0,19,56,59,56,52,50,32,57,60,63,61,41,26,12,7,7,6,0,0,9,4
0,0,6,7,50,53,50,14,14,24,51,53,53,52,23,14,5,3,6,1,1,0,0,7
0,0,0,6,37,51,37,10,25,14,51,53,54,49,12,12,8,0,7,0,0,0,0,1
0,0,0,11,13,36,12,6,8,15,52,54,54,29,4,11,11,3,6,3,8,7,0,0
4,7,0,0,12,52,12,13,27,35,52,53,53,25,8,3,10,0,0,0,4,2,5,0
0,0,2,10,22,55,14,10,12,14,51,53,35,13,3,9,6,2,6,1,0,9,9,4
0,0,8,30,92,169,67,53,51,35,36,63,52,10,8,5,8,9,5,3,8,0,4,1
6,10,12,40,75,89,62,44,50,85,59,56,30,13,3,0,2,2,6,9,7,0,1,0
6,4,3,12,35,32,25,14,19,52,56,57,22,7,9,12,3,9,12,8,0,0,0,4
5,2,0,0,12,12,10,7,5,11,35,57,24,6,6,5,4,10,9,1,10,6,8,0
2,0,4,3,9,3,6,7,9,4,2,7,11,9,0,5,2,5,0,9,11,3,2,5

1

0,0,0,0,6,11,9,13,13,14,26,51,22,43,54,48,36,29,14,11,10,9,12,2
0,0,0,0,6,6,0,1,14,51,57,58,54,51,44,31,29,52,32,14,14,8,2,9
2,0,0,0,6,12,5,9,51,65,72,85,105,100,56,62,40,30,2,0,0,0,8,5
10,11,9,14,29,53,67,100,103,122,125,118,116,116,116,110,90,76,61,54,14,0,0,7
11,12,18,52,62,65,59,73,117,148,145,128,143,168,173,175,160,133,99,61,55,18,8,0
53,51,54,57,56,55,54,66,108,140,138,134,169,210,261,229,193,136,85,70,49,28,1,0
52,51,51,50,38,14,54,63,82,106,121,130,173,166,187,171,104,100,73,63,57,28,5,6
8,4,6,1,0,0,1,71,83,97,103,112,116,115,122,114,81,65,62,65,71,62,18,10
7,5,6,2,6,11,50,58,72,85,88,118,151,137,133,114,86,71,68,82,79,59,37,13
0,0,0,0,7,30,54,60,70,78,100,150,172,174,146,99,76,66,50,51,68,67,69,54
0,0,0,6,13,14,55,68,78,84,110,122,160,179,161,110,70,64,50,14,13,55,69,59
0,0,0,7,28,49,54,75,91,80,104,136,145,151,119,93,67,52,10,13,11,20,52,43
0,0,0,9,18,53,56,69,91,101,126,147,139,133,111,83,45,29,0,1,5,7,17,14
0,0,8,12,34,55,70,101,85,101,121,134,138,130,121,104,73,13,0,6,2,0,1,3
0,5,13,14,53,52,58,96,78,64,101,120,138,135,114,93,20,8,2,0,5,8,7,3
8,4,5,14,99,104,65,106,100,90,116,148,169,136,101,59,4,10,0,0,9,3,6,1
12,10,12,25,64,104,111,114,91,112,140,137,141,82,70,54,6,0,0,0,2,6,4,0
9,24,35,45,58,112,114,106,214,227,231,213,176,136,69,54,33,11,6,9,9,1,8,7
9,11,47,66,102,120,141,118,182,225,228,211,189,127,90,79,31,6,0,9,11,11,6,6
8,13,41,89,101,105,105,117,174,186,213,219,211,161,118,101,44,13,4,3,1,7,2,0
7,12,29,37,63,68,103,89,97,140,195,199,182,148,117,99,39,12,8,15,8,7,9,8
6,8,11,61,65,52,56,46,70,93,127,149,149,146,104,76,38,21,8,7,6,12,7,5
8,7,13,34,39,45,57,34,36,48,101,112,123,125,116,87,28,12,8,7,0,0,8,7
0,1,9,14,52,100,100,87,42,60,90,107,108,111,108,101,25,11,1,10,11,8,8,3
1,7,4,12,69,68,83,97,16,8,91,102,105,105,103,100,50,13,0,12,9,0,5,12
6,10,6,10,54,73,87,100,24,10,35,102,103,104,101,81,17,5,13,12,2,1,9,8
0,9,0,13,27,47,61,56,9,1,43,76,100,93,101,65,32,2,12,8,1,0,9,8
0,5,0,11,57,61,68,50,11,6,47,85,63,82,61,22,13,1,0,0,1,10,5,7
0,0,0,6,62,73,63,43,14,4,12,24,52,50,20,13,0,0,0,0,2,4,10,0
0,1,3,10,65,56,61,56,10,11,10,34,50,49,37,25,13,12,1,0,0,6,0,1
8,11,12,45,61,59,57,45,38,39,38,56,47,52,27,9,6,0,8,12,3,0,0,0
0,6,3,52,66,102,67,54,53,50,76,63,56,56,48,14,6,9,10,9,13,2,0,0
0,3,0,50,68,86,64,55,53,53,60,64,62,60,51,30,12,11,8,10,2,0,0,2
0,1,0,17,56,59,56,51,50,33,57,60,64,61,43,27,12,7,7,6,0,0,9,4
0,0,6,6,50,53,50,14,14,24,51,53,53,52,23,14,5,3,6,1,1,0,0,7
0,0,0,5,35,51,37,10,25,14,51,54,54,50,12,12,8,0,7,0,0,0,0,0
0,0,0,10,13,36,12,6,8,15,52,54,54,30,4,11,11,3,6,3,8,7,0,0
4,7,0,0,11,52,12,13,27,35,52,53,53,25,8,3,10,0,0,0,4,2,5,0
0,0,2,10,22,55,14,10,12,14,52,53,35,13,3,9,6,2,6,1,0,9,9,4
0,0,8,29,92,169,67,52,51,35,35,63,52,10,8,5,8,9,5,3,8,0,4,1
6,10,12,39,75,89,63,44,51,86,59,56,30,13,3,0,2,2,6,9,7,0,1,0
6,5,3,12,33,32,25,14,18,52,56,57,22,7,9,12,3,9,12,8,0,0,0,4
6,2,0,0,12,12,10,7,5,11,36,57,24,6,6,5,4,10,9,1,10,6,8,0
2,0,4,3,9,3,6,6,9,4,2,7,11,9,1,5,2,5,0,9,11,3,2,5

1

0,0,0,0,7,11,9,13,13,14,27,51,22,43,54,48,35,29,14,11,10,9,12,2
0,0,0,0,6,6,0,1,14,51,57,57,54,51,43,31,30,51,31,14,13,8,1,9
2,0,0,0,7,13,5,9,52,65,72,86,105,100,57,62,41,30,2,0,0,0,8,5
10,10,9,14,29,53,67,100,103,122,126,118,116,116,116,110,90,76,61,54,14,0,0,7
11,12,19,52,63,65,59,73,117,148,146,128,144,169,173,174,159,133,98,60,55,18,8,0
53,51,54,57,56,55,54,66,109,142,140,135,171,210,260,228,193,135,85,70,49,27,1,0
52,51,51,50,39,14,54,63,82,107,122,131,174,166,186,170,104,100,73,63,57,28,5,6
8,4,6,1,0,0,2,72,83,97,103,112,116,115,122,114,80,65,62,65,71,62,18,10
7,5,6,3,6,11,50,58,72,85,88,119,152,137,133,113,86,71,68,82,78,59,37,13
0,0,0,0,7,29,55,60,70,78,100,151,174,174,146,99,76,66,50,52,68,67,69,54
0,0,0,6,13,14,55,68,78,83,110,123,162,180,161,110,70,64,50,14,14,55,70,59
0,0,0,7,26,47,54,74,90,80,104,137,145,151,119,92,67,52,10,13,11,20,53,43
0,0,0,9,18,53,56,68,90,100,126,148,139,133,111,83,44,29,0,1,5,7,17,14
0,0,8,12,33,55,70,101,84,101,121,134,138,130,121,104,73,13,0,6,2,0,0,3
0,5,13,14,53,52,58,97,78,64,101,121,139,135,114,94,20,8,2,0,5,8,7,2
8,4,6,14,99,104,65,106,100,90,116,149,169,136,101,60,4,10,0,0,9,3,6,1
12,10,12,25,64,104,111,114,91,112,140,137,141,82,70,54,6,0,0,0,1,6,4,0
9,24,35,45,58,112,114,106,213,227,231,213,176,136,69,55,33,11,6,9,9,1,8,7
9,11,45,66,102,120,141,118,183,224,228,211,189,127,90,79,32,6,0,9,10,11,6,6
8,13,40,89,101,105,106,117,175,187,213,218,210,160,117,101,43,12,4,3,1,7,2,0
7,12,29,37,64,68,103,89,98,141,195,199,181,148,117,97,38,12,8,14,8,7,9,8
6,8,11,60,65,51,55,46,70,93,128,148,149,145,103,75,38,21,8,7,6,12,7,5
8,7,13,34,38,45,57,35,36,48,101,113,123,125,116,87,27,12,8,7,0,0,8,7
0,1,9,13,50,100,100,86,40,58,86,106,108,111,108,101,25,10,1,10,11,8,8,3
1,7,4,11,67,65,82,96,14,7,64,102,106,105,103,100,50,13,0,12,9,0,5,12
6,10,6,9,50,69,85,98,24,10,15,102,104,104,101,81,16,5,13,12,2,1,9,8
0,9,0,12,21,44,61,57,10,2,43,76,100,92,101,64,30,2,12,8,1,0,9,8
0,5,0,10,53,57,68,50,11,6,48,85,63,82,59,16,13,0,0,0,1,10,5,7
0,0,0,5,61,71,65,45,15,4,13,23,51,50,14,13,0,0,0,0,2,4,10,0
0,1,2,7,63,55,61,56,10,11,10,33,50,49,35,23,12,12,1,0,0,6,0,1
8,11,12,37,60,59,57,46,39,39,39,56,46,51,23,8,6,0,8,12,3,0,0,0
0,5,3,51,65,101,67,55,53,50,77,63,56,56,45,14,6,9,10,9,13,2,0,0
0,3,0,44,67,85,64,55,53,53,60,65,62,60,51,30,12,11,8,10,2,0,0,2
0,1,0,11,55,58,57,52,49,33,57,60,64,61,42,25,12,7,7,6,0,0,9,4
0,0,5,3,43,52,50,14,13,24,51,53,54,52,24,14,5,3,6,1,1,0,0,7
0,0,0,2,25,50,39,11,24,14,51,54,55,50,12,12,8,0,7,0,0,0,0,1
0,0,0,9,11,33,13,6,7,15,52,54,54,32,4,11,11,3,6,3,8,7,0,0
4,7,0,0,10,51,12,13,22,35,52,54,53,25,8,4,10,0,0,0,3,2,5,0
0,0,2,10,14,53,14,11,12,14,52,54,35,13,4,9,7,2,6,1,0,9,9,4
0,0,8,25,84,176,76,53,50,38,37,65,52,11,9,5,8,9,5,3,8,0,4,1
6,10,11,34,66,93,67,48,55,106,61,56,31,13,3,0,3,2,6,9,7,0,1,0
6,4,3,11,25,35,27,14,15,56,59,58,29,8,10,12,3,9,12,8,0,1,0,4
6,2,0,0,12,12,11,7,6,11,47,60,43,5,5,7,4,10,9,1,10,6,8,0
2,0,3,3,9,3,6,6,8,5,2,9,12,10,2,4,3,5,0,9,11,3,2,5

1

0,0,0,0,7,11,9,13,13,14,27,51,25,42,54,49,35,29,14,11,10,9,12,2
0,0,0,0,6,6,0,2,14,51,57,58,54,51,44,31,30,51,29,14,13,8,2,9
2,0,0,0,7,13,5,10,53,66,73,87,105,100,57,62,39,27,1,0,0,0,8,5
11,11,9,14,31,54,68,100,104,123,126,119,117,116,115,109,88,73,59,53,14,0,0,7
12,13,20,53,63,65,60,75,120,152,147,130,145,169,172,175,159,131,95,60,55,16,8,0
54,51,54,57,56,56,55,67,113,147,142,137,172,209,260,234,196,134,83,69,49,26,1,0
53,51,51,51,42,14,55,64,85,109,123,132,174,165,186,169,102,98,73,63,57,28,5,6
8,4,6,2,1,0,2,74,85,98,103,113,116,115,121,112,79,65,62,65,70,61,17,10
7,5,6,3,7,11,50,58,72,85,88,119,152,136,130,111,84,70,68,82,78,58,36,13
0,0,0,0,8,29,54,59,68,76,99,151,173,173,144,96,74,65,50,52,68,67,68,54
0,0,0,6,13,14,55,67,76,82,109,124,162,179,159,108,69,63,47,14,14,55,69,59
0,0,0,6,26,46,53,73,89,79,106,138,146,152,118,91,66,51,10,13,11,19,52,42
0,0,0,9,18,53,56,68,90,100,127,150,141,134,111,83,43,27,0,1,5,6,17,14
0,1,10,12,34,55,71,102,86,101,122,136,140,131,121,104,72,13,0,6,2,0,1,3
0,5,13,14,53,52,59,100,80,65,102,122,140,136,114,93,20,8,2,0,4,8,7,3
8,4,5,13,97,104,66,108,102,93,120,152,172,137,101,60,4,10,0,0,8,3,6,1
12,11,12,26,63,104,112,116,93,116,144,141,143,83,70,55,7,0,1,0,2,6,4,0
10,23,34,44,57,112,117,109,227,240,242,221,179,137,70,55,33,11,6,9,9,2,8,6
9,11,43,60,101,120,143,122,191,234,235,214,190,128,92,81,32,6,0,9,11,11,6,6
8,13,39,84,100,105,108,120,181,190,216,221,212,162,118,101,46,13,4,2,1,7,2,0
7,12,29,35,62,66,104,93,103,144,198,201,184,149,117,95,35,12,7,14,8,7,9,8
7,8,10,46,57,43,50,45,74,101,131,151,151,146,103,73,38,20,8,7,6,12,7,5
9,7,12,28,33,39,53,33,37,51,103,115,123,125,116,86,26,12,8,7,0,0,8,7
0,1,8,11,14,57,97,77,31,57,91,107,109,111,109,101,26,11,1,10,11,9,8,3
4,8,4,8,13,12,69,86,14,5,47,103,107,106,103,101,52,13,0,13,9,0,5,11
7,11,5,8,13,20,59,76,24,6,13,103,104,104,101,82,18,6,13,11,3,1,9,8
0,8,0,11,12,14,36,35,9,5,48,81,101,95,101,62,31,3,13,8,2,0,9,8
0,4,0,7,18,14,14,38,10,8,52,87,64,84,58,14,13,1,0,0,2,10,5,7
0,0,1,4,37,23,17,28,13,7,15,29,51,52,14,13,1,0,0,0,2,5,10,0
1,0,6,4,33,11,25,52,10,11,13,35,50,49,36,19,10,10,0,0,0,6,0,1
8,9,11,12,45,48,50,43,35,35,41,55,46,51,21,7,8,0,8,12,3,0,0,0
0,6,5,11,16,50,56,54,51,44,83,63,57,56,38,13,9,9,10,9,12,2,0,0
0,0,0,6,27,53,56,55,53,53,63,67,64,61,51,25,11,10,7,9,2,0,0,2
0,1,0,3,14,29,53,52,42,36,59,63,66,63,44,23,11,8,7,6,0,0,9,3
0,0,2,0,9,12,37,13,13,26,52,55,56,53,25,14,5,4,5,1,0,0,0,7
0,0,0,0,8,13,24,11,14,19,53,57,57,50,12,13,8,0,9,0,0,0,0,1
0,0,0,6,2,11,13,9,8,11,55,58,58,36,6,12,11,3,6,2,6,7,0,0
4,7,0,0,5,19,12,13,26,36,55,57,55,26,9,8,11,0,0,0,3,1,5,0
0,1,4,9,8,50,26,12,17,44,58,61,36,14,5,8,10,2,6,0,0,8,9,4
0,0,6,14,59,121,127,54,52,53,50,76,52,13,9,4,8,9,6,1,6,0,3,1
5,8,9,14,26,62,71,54,108,166,68,59,36,14,5,6,8,1,7,8,5,0,0,0
7,5,3,8,13,19,27,12,54,74,70,60,48,9,12,10,0,8,12,8,0,0,0,4
5,4,0,0,10,9,9,6,9,14,60,68,53,8,7,8,7,10,9,1,10,6,8,0
2,0,5,3,9,3,7,9,8,9,6,13,14,13,6,2,8,5,0,9,10,4,2,5

1

0,0,0,0,7,11,9,13,13,14,28,51,24,42,55,49,36,30,14,11,10,9,12,3
2,0,0,0,6,7,0,3,14,51,57,58,55,51,44,30,31,55,32,14,14,9,3,9
0,0,0,0,6,13,6,12,57,69,77,87,104,100,56,59,33,14,0,0,0,0,8,6
10,11,8,14,36,58,74,102,109,127,126,118,114,115,113,101,77,57,52,44,12,0,0,8
12,13,25,54,67,69,65,89,130,154,146,126,144,168,168,162,140,118,81,56,52,12,6,0
55,53,56,59,58,56,56,74,125,149,138,134,173,216,261,234,187,126,77,66,45,19,0,1
61,57,55,55,50,14,54,67,91,110,122,134,177,170,186,166,96,92,72,62,55,24,5,7
53,11,12,7,2,0,5,79,89,94,102,119,121,114,115,106,73,63,62,64,68,58,15,10
8,7,7,6,12,10,51,60,73,78,90,130,157,132,120,104,80,67,66,81,78,57,32,13
0,0,0,0,7,21,54,59,66,71,106,161,174,163,132,88,69,63,48,52,68,66,65,52
0,0,0,3,12,12,53,66,72,79,111,127,162,171,145,101,65,61,30,13,14,55,66,57
0,0,3,0,26,34,53,73,86,77,109,139,145,148,112,84,62,46,9,11,10,14,49,37
0,0,4,9,14,50,54,68,89,100,129,153,141,134,110,80,37,22,0,0,5,3,14,13
0,3,14,13,14,51,67,101,85,102,124,139,142,134,123,104,71,13,0,5,0,0,1,3
0,10,14,15,50,41,54,88,75,63,104,126,143,140,117,101,23,6,2,0,7,5,7,4
9,6,6,10,53,74,60,104,100,92,123,162,187,153,113,67,6,12,0,0,8,3,6,1
12,11,12,14,16,80,106,109,89,120,154,163,169,97,78,60,10,3,3,0,3,7,5,0
10,24,33,38,45,83,99,103,233,258,264,250,218,170,90,65,36,9,7,10,10,2,8,8
10,11,27,34,59,105,129,123,203,248,254,237,217,143,104,98,39,6,0,10,11,11,6,6
10,14,31,43,49,71,92,120,188,197,231,243,238,180,125,105,61,13,5,2,2,7,2,0
9,13,28,23,28,21,70,82,106,146,210,221,204,165,124,102,57,11,8,14,7,5,8,8
9,9,9,13,11,19,33,45,76,104,139,168,172,158,115,87,43,20,7,6,6,11,6,5
10,5,9,18,20,13,30,22,36,51,105,123,132,132,121,97,36,13,6,5,0,0,8,6
1,7,11,12,11,13,12,13,37,68,100,109,112,115,111,103,38,10,1,10,11,9,7,3
6,12,6,3,9,10,14,32,28,6,61,104,109,107,104,101,54,13,0,13,8,0,4,11
9,11,7,5,11,11,13,15,13,6,15,104,106,106,102,86,23,7,13,11,3,1,10,8
0,12,0,9,9,12,14,14,8,8,48,90,103,100,101,68,31,4,13,8,2,0,9,8
0,7,1,7,10,12,10,21,11,11,50,100,68,91,65,18,11,3,0,0,3,10,5,8
0,0,2,6,10,11,12,8,9,9,14,41,54,58,27,13,0,0,0,0,2,5,10,0
3,2,8,4,13,9,5,13,10,12,33,46,52,51,39,15,7,10,0,0,0,6,1,1
8,9,11,14,14,33,32,24,34,35,46,59,49,53,27,12,10,0,8,11,2,0,0,0
0,5,7,8,13,19,20,5,18,50,100,66,59,57,42,13,10,8,11,8,12,2,0,0
0,0,0,3,12,20,13,7,29,57,70,72,67,63,51,27,10,11,7,9,2,0,0,2
0,0,0,0,12,8,22,11,31,51,61,66,69,65,48,31,12,8,7,5,0,0,9,3
0,0,0,0,6,7,8,6,14,41,53,57,58,53,28,15,6,5,5,1,0,0,0,7
6,0,0,0,0,5,7,9,15,37,54,59,58,50,13,14,9,0,10,0,0,0,0,1
0,0,0,0,0,7,9,6,14,28,58,60,57,35,7,12,12,4,6,2,6,7,0,0
3,7,0,0,4,9,5,10,14,50,57,57,53,27,10,10,11,0,0,0,3,1,5,0
0,2,1,4,6,8,3,8,22,51,58,57,33,14,7,10,11,3,7,1,0,8,10,5
0,0,6,6,50,52,53,31,58,55,50,68,50,13,10,9,10,10,7,2,7,0,4,2
4,0,3,8,7,23,30,52,134,157,66,55,30,18,7,10,10,4,8,9,6,0,1,0
7,4,0,0,8,12,14,14,55,69,63,56,20,10,13,10,0,10,12,9,0,0,0,4
6,6,0,0,8,3,0,0,11,14,54,57,33,8,9,9,8,11,9,1,10,6,8,0
3,0,6,3,8,0,5,8,11,9,5,10,12,13,6,4,8,5,0,10,11,4,2,5

1

0,0,0,0,6,11,8,13,13,14,26,51,22,45,55,49,37,31,14,11,10,10,12,3
6,0,0,0,5,7,0,1,14,50,57,57,54,52,50,31,35,60,39,14,14,10,3,9
3,0,0,0,5,11,5,10,53,65,74,81,104,101,59,62,34,14,0,0,0,0,7,5
9,11,7,13,29,53,70,101,104,120,123,113,112,119,119,102,73,52,50,36,12,0,0,7
0,8,14,52,65,66,64,82,116,130,130,118,147,186,184,168,138,113,75,55,52,10,5,0
31,49,55,61,59,56,55,68,104,122,121,132,195,275,295,243,198,129,77,65,44,18,0,1
53,62,64,63,53,15,51,58,76,98,117,153,204,199,199,169,98,93,71,61,54,22,4,6
68,64,53,12,8,3,10,59,66,76,114,142,143,130,124,110,77,63,60,61,64,54,14,9
22,9,14,8,8,5,34,52,56,67,111,158,188,154,140,112,85,71,66,77,75,54,27,11
1,0,4,0,5,11,43,52,55,66,121,185,200,190,160,103,78,67,42,50,64,62,61,51
0,0,0,0,10,5,26,55,59,72,119,143,186,190,175,120,74,65,37,12,12,52,61,55
0,0,5,10,11,13,45,61,66,73,117,154,160,157,126,102,77,53,10,11,10,12,28,25
0,0,0,7,10,14,38,55,64,96,135,163,146,139,116,95,55,33,0,0,3,0,5,12
0,0,9,12,10,13,44,73,63,96,125,146,150,142,132,108,86,26,0,2,0,0,0,0
0,6,8,13,24,17,28,52,26,52,102,138,157,157,129,110,59,11,0,0,7,6,6,3
9,6,3,7,9,12,12,45,59,60,87,145,192,183,141,99,27,8,0,0,11,3,6,0
11,10,9,11,12,36,68,57,57,74,126,153,192,133,98,90,55,13,6,0,3,6,4,0
10,23,29,33,38,45,44,53,73,141,199,226,226,224,188,189,52,21,13,13,10,1,8,7
8,10,13,14,37,57,66,85,100,163,207,219,218,173,170,151,97,34,1,12,13,11,3,5
10,12,15,30,30,39,52,95,113,143,197,231,238,205,183,148,126,91,13,2,2,5,0,0
8,12,23,19,22,16,41,56,67,103,172,203,198,187,173,147,117,67,29,24,5,0,3,5
8,8,12,14,14,27,32,35,57,57,105,142,168,185,165,149,113,63,23,10,4,6,1,1
10,4,10,16,23,24,28,21,36,45,71,98,130,143,143,127,106,72,13,7,3,0,4,2
1,8,12,12,10,13,12,23,42,55,60,101,112,125,124,112,105,78,9,6,8,6,6,0
6,11,6,2,10,9,12,16,29,10,81,78,108,114,114,105,100,56,8,12,6,0,1,9
10,12,11,6,10,11,12,13,14,12,32,97,105,111,109,102,97,22,13,10,1,0,8,6
0,13,0,7,11,12,13,14,7,10,21,74,102,103,106,103,73,12,11,6,0,0,9,7
0,10,1,8,9,11,14,13,12,11,30,86,68,101,100,90,65,8,4,0,1,8,5,8
0,3,4,10,11,8,6,9,5,7,12,21,54,68,90,87,8,0,0,0,2,4,3,0
4,6,5,9,12,9,5,13,11,9,20,37,53,56,55,50,13,3,0,0,0,6,3,0
8,11,7,14,13,29,32,14,31,33,41,59,50,62,60,34,6,0,5,6,5,0,0,0
0,5,6,6,11,13,14,6,14,39,89,68,62,63,79,37,12,14,45,26,7,3,0,0
1,0,0,0,10,13,10,3,27,52,66,75,75,79,73,52,32,25,36,51,23,1,4,0
0,0,0,0,10,7,15,12,16,32,59,67,80,88,65,51,18,11,11,27,54,10,3,0
0,0,0,0,5,8,9,1,12,23,52,59,67,67,54,26,11,4,8,7,55,15,7,2
6,0,0,0,1,8,7,6,10,13,54,64,69,58,28,24,11,5,4,1,14,17,7,0
0,0,0,0,0,10,10,7,13,37,58,62,66,51,10,12,11,4,5,6,10,10,0,0
2,6,0,0,6,10,7,5,9,44,56,56,56,33,13,12,11,0,0,0,3,0,1,0
0,0,0,2,2,5,0,3,13,50,56,54,32,13,5,10,10,2,0,0,0,7,9,1
0,0,4,6,13,14,14,9,46,45,45,58,38,9,9,8,9,9,5,0,6,0,3,0
5,2,0,3,3,13,11,26,73,70,57,51,14,13,8,4,6,1,8,9,6,0,0,0
7,6,3,3,2,11,13,13,51,58,53,51,13,9,12,11,0,5,11,8,0,0,0,4
6,6,0,0,8,3,0,0,9,13,53,40,13,9,8,9,7,10,9,0,9,5,8,0
3,0,5,2,6,1,0,6,8,6,6,11,10,11,5,5,7,5,0,10,11,3,2,5

1

1,6,0,0,6,11,8,12,12,13,23,51,17,48,56,51,43,36,14,12,11,10,13,2
9,0,0,2,6,6,0,0,12,36,54,56,53,52,53,36,39,61,39,13,13,8,0,6
7,0,0,2,7,9,1,2,8,11,37,60,103,103,67,71,57,59,14,1,0,0,0,0
9,10,10,12,17,27,53,67,65,92,106,100,107,123,129,141,129,116,75,60,44,7,0,4
0,6,10,15,37,47,53,55,71,82,99,103,144,209,215,233,216,148,119,69,60,36,6,0
13,14,30,50,51,50,50,55,64,67,86,112,213,312,307,281,260,166,106,83,55,30,6,0
14,27,35,51,36,14,30,51,57,66,85,119,204,210,202,175,115,115,87,65,59,30,4,5
13,13,14,21,8,5,9,50,56,61,81,113,131,144,142,121,95,77,66,68,71,60,13,8
8,8,9,10,10,6,27,51,54,60,74,115,174,175,185,142,112,96,77,77,68,51,28,11
6,8,10,11,12,21,40,51,54,59,75,123,168,223,210,152,134,99,66,32,52,43,52,42
7,8,7,12,20,12,31,53,55,59,76,95,158,207,244,187,134,100,73,13,7,0,9,10
1,0,10,12,10,22,39,57,61,63,74,99,134,168,166,140,123,82,64,52,11,5,0,0
7,5,9,11,14,28,35,52,58,74,103,103,127,142,140,122,103,63,58,39,15,27,3,0
1,8,12,25,21,20,43,69,60,68,101,103,124,138,144,122,113,90,106,28,1,12,0,0
3,5,6,12,41,17,28,35,11,14,57,76,126,144,139,128,109,108,106,13,9,6,6,0
10,3,3,7,8,9,12,55,56,47,57,72,117,146,151,132,112,104,63,12,10,5,9,0
11,12,11,12,13,43,66,56,50,50,58,66,106,106,116,160,145,102,96,68,62,11,0,0
10,24,28,32,37,43,40,41,44,54,79,100,130,175,200,296,170,88,43,32,31,14,4,0
8,10,13,12,23,53,58,58,58,93,116,124,136,136,178,253,231,130,65,43,14,10,0,0
10,12,14,25,25,40,49,62,71,82,113,127,144,148,190,254,279,174,121,109,14,5,0,0
8,12,19,19,22,17,41,51,56,62,104,108,124,140,183,248,223,145,103,117,42,5,3,4
8,8,11,14,14,29,35,31,54,48,44,55,103,149,179,221,198,133,85,90,37,14,2,3
10,5,11,19,27,26,26,22,31,36,37,40,58,127,153,169,151,125,86,77,18,0,3,6
2,8,12,13,8,13,14,31,32,29,43,14,101,115,135,140,134,116,100,68,11,6,6,3
7,12,7,2,9,9,12,14,29,13,45,13,100,109,121,121,117,111,102,46,11,0,4,10
10,12,11,5,11,12,12,13,14,14,14,25,100,107,115,106,111,105,106,30,1,0,18,13
0,12,0,5,12,12,13,15,10,13,13,26,65,101,110,106,106,103,62,9,0,3,12,26
2,9,2,8,10,12,15,10,26,13,24,34,53,93,102,104,108,101,48,0,3,12,12,10
0,7,9,11,11,4,4,11,8,7,11,8,40,61,101,109,103,7,0,0,2,11,8,2
5,10,6,9,11,9,12,16,12,8,14,14,44,54,58,70,35,0,0,0,2,9,5,6
9,11,9,14,10,19,35,18,31,31,36,53,48,60,65,62,18,0,2,9,3,0,0,0
0,6,9,4,12,12,14,10,14,26,72,66,63,69,102,59,13,10,15,24,10,0,1,0
6,5,0,1,9,12,9,5,25,37,64,75,82,94,93,52,19,14,13,20,14,4,0,0
3,0,0,0,7,11,20,9,16,31,58,69,88,101,70,51,14,8,8,12,19,6,4,0
0,0,1,0,5,11,10,6,13,34,52,62,66,67,53,24,12,8,10,11,39,10,11,10
7,0,0,0,3,9,7,5,5,31,55,61,58,51,18,21,12,3,8,3,15,12,10,6
0,0,0,0,0,11,9,8,13,51,58,53,51,23,8,11,11,6,6,0,7,10,2,0
2,7,0,0,7,11,7,8,12,52,52,38,27,23,13,12,11,0,0,0,2,0,4,0
0,0,0,1,4,9,0,0,12,51,51,29,20,10,4,11,11,3,1,0,0,5,9,3
0,0,2,0,4,11,7,9,16,34,26,37,10,5,9,7,10,10,5,3,7,0,4,2
4,2,1,0,7,9,6,39,41,35,14,14,10,11,10,6,5,0,8,9,8,0,0,0
6,6,4,5,0,8,11,16,51,24,24,13,6,7,13,9,0,7,12,8,0,0,0,4
6,6,0,0,8,0,0,0,13,61,17,10,4,9,6,1,5,9,9,0,9,5,7,0
3,0,5,1,6,2,0,2,8,10,3,0,4,8,4,2,6,5,0,10,11,3,2,5

1

8,9,7,3,7,10,8,11,10,11,11,14,4,14,40,33,28,31,21,16,12,11,14,0
11,7,9,9,10,9,0,2,10,14,33,16,11,14,12,20,37,68,35,12,12,12,9,5
10,8,10,7,8,10,2,1,6,2,4,13,39,50,18,65,72,101,107,72,47,0,5,0
11,12,12,14,22,30,45,52,59,46,76,55,51,79,100,151,177,181,134,115,71,53,11,5
0,9,13,19,43,43,52,54,66,64,61,67,104,102,154,236,250,212,190,121,91,59,22,2
13,14,31,50,50,46,50,53,59,57,66,70,81,117,194,254,269,196,137,124,82,50,20,0
14,26,37,50,33,14,28,50,53,58,63,69,98,120,153,154,126,132,105,78,79,51,25,5
13,13,15,23,10,4,7,24,51,55,55,65,69,92,122,121,103,92,75,77,83,78,30,12
10,11,11,11,17,10,30,47,52,57,60,69,96,117,155,144,127,106,91,80,70,54,41,35
9,10,12,13,13,36,41,51,54,57,64,69,102,164,181,152,150,120,84,56,52,44,54,54
11,14,15,14,25,14,38,53,54,56,65,71,110,170,227,194,158,128,102,66,17,0,12,13
5,5,12,18,13,22,37,55,60,61,65,72,106,145,159,150,139,109,85,79,54,28,0,6
11,10,13,14,26,29,32,50,57,68,88,76,110,132,142,128,111,76,66,56,37,37,10,0
4,11,15,37,25,23,42,60,57,64,97,91,112,132,144,128,120,101,109,77,14,35,10,0
6,6,8,14,36,18,19,33,10,13,55,69,116,138,140,131,113,111,112,55,27,13,13,0
10,5,4,8,10,9,10,50,52,26,52,63,108,146,148,130,106,92,60,54,37,9,12,0
11,12,11,12,13,32,59,52,41,44,52,58,100,105,130,148,107,74,86,68,74,31,5,0
10,24,28,31,35,39,39,39,39,43,60,79,114,181,215,293,128,56,37,34,38,28,7,0
7,9,12,9,13,36,47,41,50,61,104,113,129,149,210,295,198,74,51,33,20,22,3,0
10,12,14,15,14,26,34,50,54,62,100,115,142,171,220,281,240,136,109,101,14,5,4,0
8,12,19,15,16,14,35,33,53,54,81,100,132,170,200,223,194,137,90,106,25,0,0,2
8,8,10,12,13,25,32,23,39,38,34,49,110,174,191,212,188,131,82,82,26,8,0,6
10,6,11,17,27,23,21,22,29,29,26,33,84,135,162,170,151,129,91,84,15,0,1,6
2,9,12,12,7,11,13,23,15,14,14,27,102,118,138,144,138,120,102,101,12,4,4,2
6,12,6,0,8,10,11,13,14,7,43,28,100,111,123,129,123,113,105,75,14,0,5,8
10,11,8,7,10,12,11,12,12,12,13,18,84,106,116,109,117,108,114,100,0,0,12,7
0,12,0,3,11,12,13,14,8,14,12,13,28,98,112,109,112,108,103,14,3,0,10,15
4,11,4,9,10,10,14,10,30,19,18,14,31,80,102,108,116,108,104,12,3,9,13,39
0,10,10,10,8,14,9,11,6,7,11,0,13,24,85,113,116,108,66,9,4,15,18,12
5,10,7,9,13,11,7,12,13,23,11,7,18,45,53,88,79,64,50,2,1,11,8,9
10,11,11,14,9,14,26,14,34,43,15,37,37,55,66,109,75,57,41,7,4,6,0,0
0,6,11,4,10,14,9,8,17,18,11,55,57,68,119,104,88,50,14,0,0,0,0,0
8,6,2,0,7,11,8,4,27,27,47,59,72,107,139,111,79,25,11,3,0,0,2,4
5,3,0,1,4,11,20,10,20,11,50,57,79,126,129,98,25,11,8,0,0,0,4,0
0,0,4,0,6,12,12,7,14,14,31,51,60,84,87,44,14,7,8,4,0,0,0,7
6,0,0,0,7,10,9,5,10,12,39,52,61,61,51,14,6,9,13,7,0,0,0,0
0,0,1,0,0,11,9,10,12,13,50,51,55,53,20,12,8,11,14,10,9,8,0,0
1,6,0,0,6,11,7,8,7,14,45,50,50,28,15,10,8,5,19,8,8,2,6,0
0,0,0,1,1,6,0,0,12,14,44,39,27,13,10,10,10,6,5,2,0,8,9,2
0,0,1,3,2,10,4,0,13,16,24,50,14,6,9,4,8,8,4,1,6,0,0,0
4,2,1,0,6,7,4,14,21,29,32,40,10,6,5,2,2,0,6,6,5,0,0,0
6,6,3,4,1,9,11,12,9,17,42,23,9,9,12,9,0,6,11,7,0,0,0,4
6,6,0,0,8,0,0,0,9,44,50,11,2,9,3,0,1,8,9,0,9,5,7,0
3,0,4,1,6,1,0,3,6,8,9,4,6,6,0,0,3,4,0,10,10,3,2,5

1

9,9,7,3,7,10,5,10,10,11,10,14,6,16,45,37,40,42,27,25,13,13,14,1
11,8,10,10,10,10,8,8,9,15,16,14,9,12,14,25,41,67,44,13,11,13,11,10
10,10,11,7,7,10,2,0,0,0,6,12,14,33,41,73,80,101,103,58,29,0,8,0
12,13,13,14,14,21,47,42,39,47,60,14,11,68,99,165,186,176,115,98,67,52,11,5
0,8,12,14,32,36,50,51,59,57,52,59,100,108,154,260,282,215,181,118,91,59,27,8
14,14,28,47,44,43,45,50,52,52,56,62,84,146,201,271,298,205,145,131,86,48,24,5
14,22,28,40,25,13,23,47,52,52,57,65,107,138,166,159,124,130,102,80,82,50,48,7
11,13,14,14,9,1,5,12,50,53,54,68,78,102,128,122,102,88,74,76,81,78,35,32
8,9,9,10,13,7,14,24,22,56,59,71,106,133,166,148,125,103,86,77,67,56,45,48
9,10,12,12,12,25,33,35,37,54,61,69,111,183,191,153,144,111,76,53,51,51,59,64
11,14,14,13,22,13,18,50,50,54,62,70,118,181,233,192,147,115,87,57,13,0,12,50
5,4,10,14,13,14,28,50,55,58,60,72,111,152,159,147,134,100,75,67,36,14,3,11
10,10,14,14,20,14,21,38,50,62,82,77,111,136,141,126,108,69,59,50,22,26,6,6
4,10,12,29,18,14,22,22,41,58,87,96,117,136,144,126,116,94,105,47,5,10,5,0
6,9,9,13,27,12,13,12,5,8,52,78,123,142,140,129,109,107,107,14,8,6,7,0
10,7,5,8,9,5,5,11,10,5,50,71,132,161,152,125,100,71,49,34,12,6,12,0
11,11,10,10,12,19,51,32,18,21,38,68,119,120,143,146,92,63,71,55,40,9,1,0
9,21,26,27,31,36,37,33,35,39,63,114,151,205,224,266,106,46,31,29,29,15,4,2
6,7,12,7,11,16,22,17,14,52,107,144,170,179,217,267,157,58,34,13,13,13,5,2
10,11,14,13,9,14,12,13,12,54,105,146,195,238,263,249,192,121,98,40,7,1,3,0
8,10,18,13,13,13,20,12,14,39,105,130,182,259,258,215,168,126,69,69,13,0,0,4
7,7,10,11,12,18,25,14,22,35,40,101,166,238,230,216,179,122,72,53,19,10,0,8
9,4,10,14,24,20,23,27,25,24,28,64,123,165,184,176,149,126,82,64,12,0,6,7
2,8,12,12,5,11,12,14,12,13,12,57,109,133,145,145,138,119,101,73,12,6,8,4
6,12,4,0,7,7,8,11,11,5,61,46,105,117,127,131,123,112,102,57,12,2,8,11
10,11,8,7,9,10,7,9,11,10,14,33,102,109,118,110,117,107,112,53,0,0,14,8
0,11,1,1,10,12,13,12,5,14,11,13,71,102,113,108,111,106,101,12,5,2,10,7
4,11,4,8,10,11,12,3,18,14,17,17,52,96,103,108,114,105,101,10,7,11,7,8
0,10,8,10,7,13,6,6,2,0,3,3,36,53,93,112,112,100,31,8,3,13,11,3
5,10,7,8,12,9,1,11,11,10,9,3,25,50,55,84,70,49,20,0,0,2,5,7
10,12,11,14,7,11,15,20,30,38,25,41,45,57,68,106,62,34,13,5,4,0,0,0
0,6,11,2,8,11,10,12,13,13,19,58,59,70,118,97,67,14,10,0,0,0,0,0
8,4,3,0,7,11,5,2,20,31,54,66,77,112,137,97,61,18,12,3,0,0,3,4
4,4,0,0,4,11,14,8,15,14,52,63,89,133,127,82,21,11,10,4,0,0,3,0
0,0,5,0,6,10,11,3,12,14,51,58,68,89,85,38,16,4,7,4,4,0,0,7
7,0,0,0,5,9,8,3,9,13,52,60,70,65,46,17,12,7,6,2,0,0,0,0
0,0,0,0,0,9,6,9,10,24,55,56,60,52,19,14,10,8,8,5,8,8,0,0
2,7,0,0,5,9,9,8,9,47,52,54,50,30,19,14,8,6,8,3,6,2,5,0
0,0,0,0,0,4,0,0,14,51,54,48,28,14,12,12,13,7,0,1,0,7,9,2
0,0,0,2,1,8,5,6,28,53,39,51,16,7,8,2,11,11,5,4,5,0,1,0
3,1,1,0,5,6,4,27,45,52,53,40,12,7,8,5,8,2,8,7,6,0,0,0
5,5,3,4,0,8,11,13,50,52,51,12,8,8,15,9,0,9,12,8,0,0,0,3
6,5,0,0,7,0,0,0,11,59,50,8,2,8,2,0,4,9,9,0,9,6,7,0
3,0,4,1,5,0,0,5,7,10,10,3,8,8,0,0,5,5,0,10,11,3,2,5

1

8,9,7,2,6,10,6,10,10,12,12,29,10,28,49,42,43,39,22,19,13,12,14,1
11,6,8,8,9,9,8,8,8,18,37,29,12,26,38,29,38,57,26,12,11,12,9,10
8,8,10,5,7,7,1,0,0,0,6,14,37,65,54,74,69,86,83,28,13,0,8,4
11,12,12,12,12,11,44,37,29,14,58,13,54,102,111,146,158,149,106,91,64,38,11,5
0,7,10,11,12,18,41,48,56,57,51,63,111,147,183,248,253,187,163,110,84,57,19,4
12,13,20,36,27,40,43,46,51,52,61,74,123,215,267,294,301,194,127,113,75,44,20,1
13,14,14,23,14,12,14,36,51,52,64,83,145,180,194,172,121,120,94,71,74,45,15,8
10,9,11,11,8,0,5,12,51,56,66,93,103,129,140,124,98,81,69,71,74,75,31,24
6,4,4,4,8,2,11,23,35,58,70,93,138,161,178,146,115,94,77,74,64,55,42,43
6,7,9,9,9,14,14,28,50,57,73,105,145,210,203,148,128,95,65,47,51,52,59,62
9,12,12,12,14,11,11,33,51,57,75,87,146,200,235,187,133,98,70,51,12,0,14,52
3,1,7,11,10,10,14,46,53,60,67,94,129,164,160,140,123,81,61,49,14,12,6,10
8,9,12,13,12,9,13,42,47,63,100,102,122,140,140,121,102,59,52,36,10,12,5,10
2,7,7,13,12,10,22,38,32,57,98,109,129,141,144,123,110,76,81,10,0,7,3,0
2,8,7,11,15,7,9,12,7,10,56,104,137,153,142,126,102,101,72,1,3,0,7,0
10,5,3,6,6,0,0,2,9,6,59,109,174,184,154,118,86,38,7,6,11,4,12,0
10,10,8,9,11,14,47,21,14,50,76,101,155,143,142,127,74,49,14,11,13,8,1,0
8,14,17,26,28,36,37,37,41,60,111,163,199,248,239,250,89,35,20,21,22,14,6,6
5,5,10,6,10,14,24,44,56,107,138,177,204,206,223,239,136,50,15,10,13,13,7,5
9,11,13,11,7,13,13,28,67,95,138,187,231,266,256,215,150,102,49,11,6,4,2,0
6,6,14,14,13,13,23,12,52,75,140,166,203,273,247,188,138,104,30,32,10,1,6,6
6,4,8,9,9,14,24,14,15,60,105,130,183,241,223,194,149,95,46,25,13,12,7,9
7,1,8,10,21,19,16,16,22,34,61,105,132,169,179,160,137,110,58,31,10,0,7,8
1,6,10,10,6,10,8,12,10,14,14,102,113,134,141,134,128,112,69,23,11,7,8,4
5,11,0,0,7,1,3,9,8,6,48,93,107,117,123,119,115,107,79,38,8,2,8,12
10,12,9,0,7,7,5,7,10,9,23,89,104,109,115,105,108,103,102,13,0,0,14,10
0,10,3,1,10,9,10,11,5,13,14,50,94,102,109,105,103,101,63,8,5,4,10,5
1,10,2,7,8,9,15,10,13,10,33,25,57,99,101,102,104,88,50,4,4,11,7,8
0,8,6,8,7,31,12,5,2,1,7,6,39,52,85,103,102,29,10,0,0,13,11,3
5,9,2,4,15,54,10,12,8,5,16,6,19,47,52,60,43,10,1,0,0,2,5,8
9,11,9,13,14,34,16,21,23,37,35,44,45,55,57,70,41,0,6,3,6,1,0,0
0,5,10,4,10,9,8,12,12,14,27,58,58,65,103,69,14,10,7,0,3,0,0,0
4,4,0,5,19,11,3,2,13,29,56,66,73,97,111,65,27,13,11,6,0,0,3,3
3,3,0,0,13,13,8,6,13,19,53,64,85,119,96,59,14,9,10,4,0,2,5,0
0,0,1,0,7,5,7,0,9,18,52,62,71,83,68,30,11,4,6,4,4,0,0,7
6,0,0,0,0,7,3,3,7,25,55,75,80,60,29,14,13,6,6,0,0,0,0,0
0,0,0,0,0,10,4,10,11,48,63,65,67,50,17,14,11,8,7,6,8,8,0,0
2,7,0,0,6,8,8,8,13,55,57,58,51,28,16,14,10,7,8,3,6,2,5,0
0,0,0,2,0,0,0,7,26,60,72,56,31,14,10,13,13,8,0,1,0,6,9,3
0,0,0,0,6,10,27,58,62,98,63,55,41,4,9,3,11,11,7,3,5,0,2,1
3,0,3,0,1,10,9,70,77,64,59,51,16,9,10,10,10,4,9,8,4,0,0,0
5,4,1,4,0,6,14,33,65,63,53,31,11,1,11,8,0,9,12,8,0,0,0,3
6,4,0,0,7,0,0,0,25,76,52,12,0,0,0,1,6,9,9,1,10,6,8,0
3,0,3,0,2,0,0,4,5,13,13,3,10,10,0,0,8,6,0,10,11,3,2,5

1

6,8,5,0,4,10,6,11,11,13,14,50,13,39,51,45,36,31,14,13,11,10,13,3
10,3,5,4,6,7,1,5,7,29,51,52,24,50,50,29,35,38,11,11,12,11,6,11
6,6,8,1,5,0,0,0,0,2,10,50,71,91,59,74,58,66,50,6,2,0,10,8
9,12,11,9,8,5,38,35,63,100,111,100,102,110,120,133,128,111,73,66,38,8,8,8
0,5,2,5,12,33,51,59,79,90,106,104,129,163,187,225,214,149,128,86,69,50,12,2
9,10,11,14,43,49,50,59,81,87,95,108,147,223,294,298,290,180,109,95,64,36,12,0
11,12,12,13,16,13,33,53,67,79,95,118,165,186,210,183,120,114,84,66,67,39,11,8
7,3,6,3,1,0,7,51,65,68,84,116,117,134,144,122,91,74,64,67,70,72,28,17
2,0,0,2,6,3,9,51,63,69,84,121,159,165,178,139,102,82,67,70,64,56,42,41
0,2,5,6,11,21,13,51,58,62,91,145,172,209,195,135,104,75,56,41,52,54,61,63
4,7,7,9,12,8,1,29,58,61,93,115,170,208,214,160,104,75,59,34,11,4,41,60
0,0,2,4,4,2,12,51,58,65,91,126,149,169,146,123,102,64,50,32,12,11,10,11
4,0,6,8,2,6,21,49,56,74,114,137,140,143,129,109,80,50,29,30,7,8,4,10
0,0,9,0,0,2,14,48,57,69,111,132,145,144,138,113,100,57,43,10,0,6,2,4
0,0,0,10,8,11,19,44,40,51,86,126,153,161,136,113,48,29,8,3,6,0,9,3
8,0,0,2,4,0,8,60,66,68,107,164,205,182,138,90,10,1,4,10,13,1,9,1
10,9,7,10,11,16,50,52,63,91,130,158,196,147,115,73,14,13,11,13,13,8,3,0
7,12,14,26,33,42,42,65,133,170,209,239,243,242,169,130,45,25,12,19,18,13,9,7
4,3,9,9,14,51,60,110,137,177,204,219,222,178,146,133,63,18,8,10,14,13,8,8
7,11,13,8,9,14,50,112,138,150,192,221,233,205,153,128,105,60,12,4,9,6,0,0
3,4,11,14,14,13,31,70,89,124,182,192,198,195,143,118,101,36,17,26,8,2,8,8
2,3,5,8,13,12,22,28,60,105,130,149,176,187,145,119,71,39,23,15,11,16,9,9
5,0,3,1,1,6,21,22,35,50,102,115,133,146,140,119,99,42,13,14,12,0,8,9
0,0,4,0,3,6,11,10,13,37,100,105,114,126,124,113,102,61,12,13,10,9,9,4
0,6,0,0,3,10,11,7,12,8,14,100,107,113,112,106,84,50,15,28,7,1,8,12
8,9,3,5,8,9,8,5,11,8,12,100,103,106,107,101,85,45,16,13,0,0,14,11
0,10,0,9,8,12,5,9,8,9,28,59,94,100,103,100,62,34,20,3,4,7,9,6
0,7,0,13,14,14,4,13,12,14,39,41,57,87,71,61,40,14,13,0,2,11,9,8
0,0,4,17,51,51,9,14,10,8,9,5,20,39,53,32,11,0,0,0,0,12,11,4
3,0,5,50,65,50,13,14,8,8,14,10,14,36,39,31,21,0,0,0,0,4,5,8
10,13,14,83,106,53,42,23,30,41,37,44,41,46,36,33,12,0,2,3,7,4,0,0
0,11,23,55,55,52,19,11,13,14,41,57,56,57,59,51,7,7,9,22,11,0,0,0
0,12,52,50,33,19,14,4,26,49,57,64,66,66,57,45,12,12,10,10,0,0,3,4
0,21,59,36,7,11,8,12,14,30,55,62,71,72,55,41,8,4,7,3,0,2,10,1
0,3,23,5,9,11,6,2,12,16,52,57,58,58,50,18,6,3,6,2,3,0,0,9
3,0,1,5,9,1,7,0,12,36,55,65,61,50,14,15,13,2,5,0,0,0,0,2
0,0,0,0,0,7,3,5,10,50,61,59,56,26,13,13,10,6,5,4,9,8,0,0
0,0,0,0,0,12,5,10,32,56,56,54,42,20,12,12,10,7,9,2,5,2,6,0
0,0,0,0,0,1,12,19,44,60,73,52,27,13,7,12,12,9,3,1,0,6,9,3
0,0,1,0,8,29,50,79,82,102,74,53,36,6,10,10,11,10,9,0,5,0,3,1
3,0,2,0,0,10,39,100,112,69,59,47,13,10,11,9,9,2,7,8,2,0,0,0
5,3,0,0,0,0,16,45,74,73,53,40,12,3,9,8,0,9,12,8,0,0,0,3
5,3,0,0,6,0,0,5,50,90,53,26,6,2,0,1,6,10,9,1,10,6,8,0
2,0,3,0,2,0,2,8,11,16,16,7,11,10,5,0,8,5,0,10,11,3,2,5

1

0,7,1,0,4,10,8,12,13,14,29,53,27,46,52,44,28,20,13,10,9,9,12,4
5,0,0,0,2,4,1,9,12,47,54,58,51,50,44,26,29,14,11,11,12,10,5,10
0,0,0,0,6,7,4,0,11,13,55,65,100,100,57,69,47,50,8,0,0,0,9,8
5,9,8,10,14,51,66,100,101,113,118,107,111,113,118,123,109,88,63,58,13,6,4,10
0,1,3,31,58,60,59,73,105,118,127,120,139,168,179,212,184,132,109,74,61,32,11,0
13,21,50,55,56,54,54,66,100,117,126,129,163,209,264,286,257,156,95,83,58,31,6,0
52,52,53,55,50,19,53,59,77,100,119,133,171,174,194,179,115,107,78,64,65,36,9,7
13,12,14,7,3,0,10,65,79,92,101,119,118,125,131,114,83,68,62,65,70,71,26,14
7,0,0,0,6,4,32,56,72,89,94,123,157,147,149,123,90,71,61,70,65,56,41,39
0,0,0,0,10,15,37,60,69,85,103,155,174,188,163,109,81,66,52,40,52,55,62,62
0,0,0,6,7,9,22,66,76,80,115,128,171,192,177,123,75,66,53,23,12,6,50,61
0,0,0,0,6,12,51,71,89,76,112,136,153,162,126,102,73,58,23,20,10,11,10,11
0,0,0,0,31,27,57,73,93,98,125,148,140,138,115,93,59,42,12,24,9,5,5,10
0,0,6,11,44,58,68,103,92,100,123,137,141,133,123,104,77,42,13,11,0,7,5,2
0,2,13,52,55,58,62,103,78,60,108,129,142,138,116,82,12,15,6,5,7,0,11,8
2,0,5,85,103,112,75,121,116,115,133,152,162,128,79,14,5,13,9,9,12,1,10,4
12,12,13,52,91,109,102,116,93,120,148,151,153,86,62,52,10,10,7,12,12,8,6,0
4,13,38,49,79,108,102,139,240,235,230,214,184,135,56,43,32,14,11,16,18,13,10,8
5,9,56,73,103,121,125,150,198,222,215,199,180,119,74,66,15,14,6,9,12,13,9,9
1,12,50,97,91,105,88,144,183,174,191,198,190,139,104,88,69,49,11,2,10,11,3,0
0,10,31,37,49,53,80,101,114,136,179,174,161,130,102,84,53,25,15,22,7,6,11,9
0,0,6,14,33,21,29,38,77,112,130,137,137,123,57,44,38,25,16,14,10,17,9,8
0,2,8,18,14,18,13,30,39,54,101,108,113,110,69,57,46,28,11,12,12,0,8,8
0,0,0,7,8,7,8,12,13,31,101,103,106,104,83,62,50,17,11,12,10,9,10,4
0,0,4,4,12,9,8,10,9,5,100,100,104,103,71,86,45,17,13,18,6,1,8,13
0,9,6,13,14,13,9,9,13,5,80,101,101,86,50,36,24,11,14,11,0,0,13,11
0,0,0,13,14,14,10,9,10,12,52,63,78,62,55,42,30,13,14,3,2,8,9,5
0,8,1,24,38,13,8,20,11,12,47,43,51,59,37,22,14,14,13,0,3,12,10,8
2,0,0,31,53,47,7,17,12,7,12,5,12,6,3,10,5,5,5,0,0,13,9,5
6,10,9,37,43,13,5,14,11,9,17,13,11,10,20,21,7,0,0,0,0,6,5,7
12,34,25,52,53,23,14,20,32,42,39,43,36,29,13,14,11,0,4,7,7,3,0,0
23,111,67,80,68,27,14,8,9,31,58,57,52,51,31,14,8,5,9,21,15,1,0,0
12,59,59,106,67,29,9,2,10,52,59,62,58,51,14,13,11,11,9,10,3,0,2,5
0,13,51,55,21,12,9,11,14,39,56,60,55,50,13,13,9,8,8,2,0,2,10,2
0,0,33,14,12,9,7,5,13,27,52,53,43,25,13,13,5,4,5,3,3,0,2,10
0,0,13,9,7,9,1,2,14,50,54,53,50,13,9,9,10,0,7,0,0,0,1,4
0,0,0,0,5,13,7,12,14,51,57,52,30,11,8,10,9,2,5,5,11,8,2,0
0,0,0,0,0,14,11,15,42,56,54,49,14,12,10,7,6,6,6,2,5,0,6,0
0,0,0,3,0,0,14,50,50,59,64,42,24,12,4,10,10,7,0,0,0,5,9,4
0,0,3,0,7,20,54,104,94,103,70,51,42,10,9,8,10,10,8,0,1,0,3,0
2,0,0,0,0,9,50,124,138,74,58,38,12,10,10,10,9,2,7,7,0,0,0,0
5,4,0,0,0,4,15,50,85,82,53,47,13,5,10,6,0,9,12,8,0,1,0,3
5,2,0,0,4,2,3,10,53,105,54,34,13,9,0,5,7,11,9,1,10,6,8,0
2,0,4,0,3,0,4,9,11,49,38,11,13,8,5,0,9,5,0,10,10,3,2,5

1

0,1,0,4,9,11,10,13,14,22,41,55,44,47,51,42,20,15,12,9,8,8,12,4
0,0,0,0,11,8,9,12,14,50,55,60,52,50,36,23,26,13,10,11,12,9,3,9
0,0,0,0,9,20,9,5,17,58,63,65,97,86,54,63,36,24,3,0,0,0,7,7
10,11,12,14,38,58,74,101,106,118,119,107,105,114,122,118,92,67,58,53,11,5,3,10
36,14,13,52,63,67,63,80,118,134,121,127,131,166,177,192,152,123,103,68,57,14,10,1
51,42,51,55,54,56,59,75,133,148,148,141,149,245,304,271,195,138,87,84,55,24,4,0
14,14,14,27,40,28,57,67,104,119,149,129,160,170,190,188,107,101,75,65,65,31,8,8
0,0,3,1,3,1,14,75,88,112,122,106,105,109,118,106,74,62,61,67,73,71,26,16
0,0,0,4,7,11,53,61,78,112,114,105,138,127,128,114,83,60,57,73,70,57,39,37
0,0,0,0,12,42,56,71,84,112,116,139,153,164,133,92,72,58,45,42,53,57,61,59
0,0,0,11,25,28,60,80,102,110,122,119,153,168,141,97,65,61,39,16,12,5,50,56
0,0,11,30,46,51,57,87,108,101,113,127,141,143,105,78,65,55,14,15,9,12,6,8
0,0,5,46,63,65,75,100,110,108,124,137,131,126,104,68,51,37,13,19,8,7,6,11
3,12,22,64,63,75,93,109,106,105,121,127,127,118,108,89,67,26,13,11,0,7,7,8
0,14,86,91,81,75,87,110,91,63,105,117,126,115,62,25,9,12,8,7,8,0,10,11
7,10,72,114,115,129,96,134,126,108,106,108,112,84,4,2,7,12,10,8,11,1,10,5
13,44,59,105,126,131,115,126,91,112,133,110,104,22,14,40,9,9,6,12,12,9,7,0
13,38,50,109,130,148,137,145,219,202,196,175,118,57,34,37,27,13,11,18,14,13,10,8
24,94,102,112,128,145,146,144,184,197,192,176,138,67,53,53,22,11,3,7,11,13,10,9
33,51,96,115,110,122,109,144,183,164,173,174,147,101,71,68,53,33,11,2,9,11,4,0
36,43,47,52,61,66,102,102,116,130,164,153,129,102,54,53,35,14,13,19,7,6,11,9
22,29,37,61,36,21,29,34,75,109,121,121,108,76,31,29,29,18,13,13,10,16,9,8
8,11,20,17,21,21,13,28,35,53,88,102,101,80,37,42,25,16,9,11,11,0,8,8
0,0,2,11,7,8,2,11,12,29,101,102,104,100,56,14,14,11,8,11,10,9,9,4
0,0,5,4,10,8,4,8,7,2,100,100,104,101,55,41,13,11,11,13,7,0,7,13
0,8,0,10,8,12,3,5,8,0,91,100,102,100,38,20,12,7,13,9,0,0,12,9
0,0,0,11,10,7,1,7,3,10,41,62,82,75,73,33,14,11,14,7,2,7,9,5
0,5,2,12,10,9,1,12,7,9,14,31,55,65,45,15,9,11,11,0,5,12,10,8
13,5,5,11,11,14,5,10,5,4,10,1,30,11,6,7,1,3,8,0,0,13,8,4
27,14,13,13,4,6,1,6,4,5,14,12,16,23,25,23,10,0,4,0,0,6,6,6
35,43,42,28,14,12,7,13,25,35,35,44,39,39,14,16,11,0,2,7,6,3,0,0
64,137,65,39,30,11,11,5,8,22,53,57,53,53,28,13,8,5,9,20,13,1,0,0
51,69,62,69,47,14,8,0,11,50,59,62,60,56,34,14,11,11,9,10,4,0,2,5
13,60,57,55,10,12,8,9,13,35,56,60,59,55,24,15,10,8,7,2,0,1,10,2
0,11,56,45,12,11,8,2,13,17,52,54,51,50,14,14,6,4,6,5,4,0,1,10
0,0,56,21,10,6,7,0,12,45,54,56,52,28,10,10,11,0,7,0,0,0,2,4
0,0,12,5,8,13,9,10,11,51,58,54,50,13,9,10,10,3,6,4,10,8,2,0
0,0,0,0,0,13,8,13,33,55,54,51,26,14,8,6,7,5,6,2,6,0,6,0
0,0,0,3,0,0,11,35,43,58,64,46,25,13,4,10,9,8,0,0,0,5,10,4
0,0,2,0,0,11,51,86,79,100,65,51,36,9,9,7,10,10,8,0,3,0,3,1
0,0,0,1,0,6,43,108,115,69,56,38,12,10,10,10,9,2,7,7,1,0,0,0
5,5,0,0,0,0,14,38,76,74,53,34,12,2,9,6,0,9,12,9,0,0,0,3
5,3,0,0,3,0,0,7,48,92,53,22,11,7,1,5,7,11,9,1,10,6,8,0
2,0,4,0,1,0,2,8,10,19,16,9,12,9,6,0,8,5,0,10,10,3,2,6

0

0,0,0,1,8,11,10,13,14,24,42,56,46,50,52,44,22,16,12,9,8,7,12,3
0,0,0,0,11,8,9,12,14,50,54,60,53,51,38,24,28,14,11,11,12,8,3,9
0,0,0,0,8,17,10,6,22,58,64,68,100,91,54,63,35,17,1,0,0,0,7,7
9,11,12,14,38,58,74,101,106,118,120,109,108,114,119,115,87,62,57,53,11,4,2,9
29,13,14,52,63,66,63,81,120,137,131,130,137,169,172,188,147,118,98,66,56,14,9,0
52,45,51,55,55,56,59,76,133,150,160,147,161,214,265,267,194,131,82,78,53,24,0,0
33,19,36,42,41,27,58,67,103,120,150,138,167,162,183,181,106,98,73,64,63,31,7,7
5,1,7,3,3,2,23,77,90,113,124,114,111,113,120,107,75,62,60,65,71,69,24,14
2,0,1,6,13,12,54,61,80,113,116,114,146,132,131,114,84,61,57,72,69,57,39,35
0,0,0,0,13,45,56,71,84,110,116,145,161,170,136,92,71,58,40,38,53,57,62,60
0,0,0,4,28,32,60,79,100,108,122,122,157,172,145,100,65,60,28,14,10,6,52,60
0,0,0,23,44,51,57,85,107,100,113,129,142,145,105,78,64,54,12,13,8,11,7,9
0,0,4,40,60,63,73,98,108,108,124,138,132,127,104,68,48,32,10,14,7,5,4,10
4,10,18,60,61,72,89,108,104,105,121,127,127,118,109,98,65,14,10,10,0,5,3,7
0,14,77,81,77,72,83,110,90,63,105,118,126,117,88,31,9,8,5,5,7,0,9,11
8,9,68,112,113,127,94,133,125,110,109,111,114,92,7,2,7,11,8,6,9,1,10,4
14,41,57,104,124,130,114,125,92,114,134,112,108,51,15,31,7,7,4,12,11,8,6,0
14,38,49,109,131,148,139,149,229,212,201,176,122,61,30,34,24,12,9,15,13,12,10,8
23,93,102,113,130,147,148,148,193,207,196,177,142,75,53,50,14,9,1,5,9,12,9,8
33,51,97,115,112,124,111,147,190,170,178,176,151,106,66,64,43,23,10,1,9,10,3,0
37,43,48,53,63,68,103,104,121,134,169,157,132,105,14,37,30,12,11,15,6,6,10,9
29,35,50,64,37,24,31,38,82,112,125,123,113,88,32,25,28,15,12,12,10,15,9,8
10,13,23,19,22,23,15,31,37,55,96,105,104,88,35,35,16,14,8,10,10,0,7,7
0,0,5,11,9,5,0,10,12,33,102,103,105,102,71,14,14,9,7,11,10,9,8,4
0,0,6,5,10,9,3,7,8,3,101,100,104,102,82,52,14,11,9,13,7,0,6,13
0,9,1,11,9,12,1,3,7,1,100,101,102,101,61,32,12,7,12,8,0,0,12,8
0,0,0,11,10,7,0,6,2,10,37,64,85,79,85,37,14,8,13,7,1,5,7,6
1,6,4,13,10,10,0,11,5,7,13,37,56,70,53,23,9,10,11,0,5,12,8,8
14,6,5,11,11,14,2,9,2,2,9,2,36,14,9,9,2,3,8,0,1,13,8,3
36,14,14,13,3,5,0,3,2,4,13,12,17,26,27,25,10,0,4,0,0,6,6,6
36,42,44,33,15,12,5,13,22,30,36,44,40,40,14,15,11,0,2,7,6,3,0,0
64,136,64,50,34,10,10,3,7,24,55,57,53,53,30,13,8,5,9,19,12,1,0,0
52,68,61,68,50,13,8,0,9,51,60,62,60,56,33,14,11,11,9,10,4,0,2,4
13,60,57,56,11,12,7,8,13,36,56,60,59,55,20,14,10,8,8,3,0,2,10,2
0,11,57,47,12,10,6,0,12,20,52,54,51,49,14,13,6,4,6,5,4,0,1,10
0,0,58,26,10,6,1,0,12,46,54,55,52,26,10,10,11,0,7,0,0,0,2,4
0,0,13,6,9,13,9,8,10,51,57,53,50,13,9,10,10,3,6,4,10,8,3,0
0,0,0,2,0,13,8,13,33,55,54,50,25,14,8,5,7,5,6,1,6,0,6,0
0,0,0,4,0,0,11,36,44,57,61,43,23,12,3,10,9,8,0,0,0,6,10,4
0,0,1,0,0,10,51,85,75,92,61,50,30,7,8,7,10,10,8,0,4,0,3,1
0,0,0,1,0,5,44,109,112,67,55,28,11,10,10,10,9,2,7,7,1,0,0,0
5,5,0,0,0,0,14,37,76,72,52,30,12,1,9,6,0,9,12,9,0,0,0,3
5,3,0,0,3,0,0,7,42,90,53,18,10,6,1,5,7,11,9,0,10,6,8,0
2,0,4,0,1,0,1,8,10,18,14,9,11,10,6,0,8,5,0,10,10,3,2,6

0

0,0,0,1,8,11,10,13,14,24,40,56,46,50,53,44,22,17,12,8,8,7,11,3
0,0,0,0,11,8,9,12,14,50,55,60,53,51,41,24,29,14,11,11,12,8,2,9
0,0,0,0,8,21,10,6,29,58,65,70,101,92,54,62,35,15,0,0,0,0,6,6
9,11,12,14,38,58,74,101,106,118,121,110,109,114,117,113,86,62,56,52,11,3,2,9
29,13,14,52,62,66,63,82,122,139,133,130,138,166,168,186,146,117,96,65,55,13,8,0
52,47,52,55,55,56,59,77,135,154,161,147,163,210,258,261,193,130,81,77,53,23,0,0
42,23,41,45,42,29,58,68,104,121,149,138,168,162,181,179,106,98,73,63,62,30,6,7
6,2,8,4,4,2,29,79,91,114,124,115,112,113,120,107,75,62,60,65,71,69,24,13
3,0,1,7,13,12,54,62,81,113,117,116,147,133,131,113,84,62,57,72,69,57,39,34
0,0,0,0,13,50,57,72,85,110,117,146,162,169,135,91,70,58,38,39,53,57,62,60
0,0,0,3,28,35,60,79,100,107,122,122,156,171,144,100,65,60,18,14,10,7,52,61
0,0,0,24,47,51,57,85,106,99,112,128,142,144,104,77,64,53,9,12,7,11,8,9
0,0,5,41,60,63,72,98,108,107,124,137,131,126,104,69,45,30,8,12,7,4,3,10
4,11,21,60,61,71,88,107,104,104,120,127,126,118,109,100,64,12,8,10,0,4,1,7
0,14,75,80,76,71,82,109,89,63,105,117,125,117,95,33,9,6,3,4,6,0,8,10
8,10,68,112,113,127,93,132,125,110,108,111,114,93,9,2,6,9,6,4,8,1,10,3
14,40,57,104,125,130,114,125,92,114,134,112,108,53,20,26,6,6,2,11,10,7,6,0
14,38,49,109,132,150,140,152,231,214,202,176,122,63,28,34,22,12,8,14,13,11,10,8
24,93,102,113,131,149,150,150,195,210,197,177,143,77,53,49,13,8,0,5,9,11,9,8
33,52,97,116,112,126,113,149,193,172,180,178,152,107,65,63,40,19,9,1,8,9,3,0
37,43,48,53,64,69,104,106,123,136,171,158,133,106,14,33,29,11,10,14,6,6,10,9
29,36,51,66,38,25,32,39,86,114,128,124,114,92,33,24,28,14,12,12,10,15,9,8
10,13,24,19,23,23,17,31,37,56,98,105,104,90,35,34,15,14,7,9,9,0,7,7
1,0,7,12,10,5,0,10,13,37,102,103,105,102,77,14,14,8,7,11,10,9,8,4
0,0,8,5,10,9,3,7,9,4,102,101,104,102,89,54,14,10,7,12,7,0,6,12
0,10,2,11,9,12,2,3,7,1,100,101,102,101,72,35,12,6,12,8,0,0,12,8
0,0,0,11,11,8,0,5,2,9,39,65,86,79,88,40,14,7,13,7,1,5,7,6
2,7,4,13,11,10,0,11,4,6,13,39,57,71,55,24,8,10,10,0,4,12,8,8
14,6,6,11,11,14,1,9,1,1,8,2,38,14,9,9,1,2,9,0,2,12,8,3
41,14,14,13,3,5,0,3,1,3,12,12,18,27,28,25,9,0,3,0,0,6,6,6
37,41,44,37,16,12,5,13,20,28,35,44,40,41,14,14,11,0,1,6,6,2,0,0
65,136,64,51,35,9,10,1,7,24,55,57,53,53,31,14,8,5,9,19,11,1,0,0
52,68,60,68,50,13,8,0,9,51,59,62,60,56,34,14,11,11,9,10,4,0,1,4
14,60,57,56,12,12,7,8,12,35,56,60,59,55,18,14,10,8,8,3,0,1,10,2
0,11,57,47,12,10,5,0,12,19,52,54,50,47,14,13,5,4,6,5,4,0,1,10
0,0,58,26,10,5,0,0,12,46,54,55,51,25,10,10,11,0,7,0,0,0,2,4
0,0,13,6,9,13,8,8,9,51,57,53,49,13,9,10,10,3,6,4,10,8,2,0
1,0,0,3,0,13,8,13,33,55,54,50,23,14,8,4,7,5,5,1,6,0,6,0
0,0,0,5,0,0,11,36,43,57,60,42,22,11,2,10,8,8,0,0,0,6,10,4
0,0,1,0,0,9,51,82,72,89,60,50,26,6,8,7,10,10,8,0,4,0,3,1
0,0,1,1,0,4,43,108,110,66,55,27,10,10,10,9,9,2,7,7,1,0,0,0
5,5,0,0,0,0,14,35,75,71,52,29,11,1,9,6,0,9,12,9,0,0,0,4
5,3,0,0,3,0,0,6,37,89,53,16,10,6,1,5,7,11,9,0,10,6,8,0
2,0,3,0,0,0,1,8,10,19,14,9,11,10,6,0,8,5,0,10,10,3,3,5

0

0,0,0,1,8,11,10,13,14,24,41,56,45,50,52,45,22,16,12,8,8,7,11,3
0,0,0,0,11,8,9,12,14,50,55,60,53,51,41,24,29,14,11,11,12,8,2,8
0,0,0,0,8,21,10,6,30,58,65,71,101,91,54,62,34,14,0,0,0,0,6,6
10,11,12,14,39,58,74,101,106,119,121,110,110,113,116,112,86,62,56,52,11,2,1,9
30,14,15,52,63,66,63,83,123,141,134,130,139,166,166,184,145,116,95,64,55,13,8,0
53,50,52,56,55,56,59,77,136,156,162,147,164,208,254,255,190,129,80,76,52,23,0,0
46,27,44,48,44,30,58,68,104,122,150,138,168,161,180,177,105,98,73,63,62,30,6,7
6,2,8,4,4,2,32,79,91,114,125,116,111,113,119,107,75,62,60,65,71,69,24,13
4,0,1,7,13,13,54,62,81,114,117,116,148,132,130,113,84,62,58,72,69,57,39,34
0,0,0,0,13,50,57,72,85,110,117,146,162,169,135,91,70,58,36,40,54,57,62,60
0,0,0,2,29,36,60,79,100,107,122,122,156,170,144,100,65,60,14,14,10,8,53,61
0,0,0,24,48,52,57,85,106,99,112,128,141,143,103,77,64,53,8,12,7,11,8,9
0,0,6,43,60,63,72,97,107,107,123,136,130,125,104,68,45,29,7,11,7,3,2,10
4,11,23,60,61,71,88,107,104,103,119,126,126,117,109,100,62,11,6,9,0,3,0,6
0,14,75,79,76,71,82,109,89,63,104,116,125,116,98,35,9,5,2,3,6,0,8,10
8,10,68,112,113,126,93,132,124,109,107,110,114,94,10,3,5,8,5,3,7,0,9,3
14,39,57,104,125,130,114,125,92,114,133,111,108,53,23,22,5,6,1,10,10,7,6,0
14,38,49,110,133,152,141,154,233,214,201,176,121,64,27,34,21,11,7,14,13,10,10,8
25,94,102,114,132,150,152,151,197,211,198,177,143,78,53,47,12,7,0,4,8,11,9,8
34,52,98,117,113,127,114,150,195,174,181,178,153,107,66,63,38,16,9,1,8,9,3,0
38,43,48,55,64,69,104,107,124,137,173,159,133,107,14,39,28,11,10,13,6,6,10,9
30,36,54,68,38,27,32,40,88,116,129,125,114,94,31,24,28,14,11,12,10,15,9,8
11,14,24,19,23,24,18,31,37,57,100,106,104,91,35,33,15,13,7,8,9,0,7,7
3,2,8,12,10,5,1,11,13,43,102,103,105,102,78,14,14,7,7,11,10,9,7,4
0,0,8,6,10,9,5,7,9,6,102,101,104,102,89,56,15,10,6,12,7,0,6,12
1,11,3,11,10,12,3,3,8,3,100,101,102,102,73,36,12,6,12,7,0,0,12,8
0,0,1,12,11,9,0,6,2,9,42,66,85,80,89,40,14,6,13,7,1,5,7,6
3,8,5,13,11,10,0,11,4,6,13,41,57,71,55,28,8,9,10,0,4,12,8,7
14,7,6,11,11,14,1,9,1,1,8,2,38,14,9,9,1,1,8,0,2,12,7,3
42,14,14,13,4,5,0,3,1,3,12,12,19,27,28,25,9,0,1,0,0,6,6,6
37,41,44,37,18,12,5,13,20,27,35,44,41,41,14,14,11,0,1,6,6,2,0,0
65,136,64,51,39,10,10,0,7,24,56,57,53,54,32,13,8,5,9,18,11,1,0,0
52,69,60,68,50,13,8,0,9,51,60,62,60,56,33,14,11,11,9,10,4,0,1,4
14,60,58,56,12,12,7,8,12,35,56,60,59,54,18,14,10,8,7,3,0,1,10,2
0,11,56,45,12,10,5,0,12,20,52,54,50,47,14,13,5,4,6,5,3,0,1,10
0,0,59,27,11,5,0,0,11,45,54,54,51,24,10,10,10,0,7,0,0,0,1,3
0,0,13,6,9,13,8,7,8,51,57,53,48,13,9,10,9,3,6,4,10,8,2,0
1,0,0,4,0,13,8,13,31,54,54,50,24,14,7,4,7,4,5,1,6,0,6,0
0,0,0,4,0,0,11,31,42,57,60,42,22,10,2,10,8,8,0,0,0,6,10,4
0,0,1,0,0,7,51,78,70,87,59,50,23,5,7,7,10,10,8,0,4,0,3,1
0,0,0,1,0,2,39,106,106,65,55,26,10,10,10,9,8,1,7,7,1,0,0,0
5,5,0,0,0,0,14,28,74,71,52,29,11,0,9,6,0,8,12,8,0,0,0,3
5,3,0,0,3,0,0,5,30,89,53,14,9,5,1,4,7,10,9,0,10,6,8,0
2,0,3,0,0,0,0,8,10,17,14,9,11,10,6,0,8,5,0,10,10,3,2,5

0

0,0,0,1,8,11,10,13,14,25,40,56,48,50,53,46,22,18,12,8,8,7,11,3
2,0,0,0,11,8,9,12,14,50,55,60,53,51,40,24,29,14,11,11,12,8,1,8
0,0,0,0,8,21,10,7,29,58,65,71,101,93,54,62,34,14,0,0,0,0,5,6
10,11,12,14,39,59,74,101,106,119,122,110,110,114,115,112,85,62,56,52,11,2,1,8
31,14,17,53,63,67,63,83,123,142,135,131,139,165,166,184,145,117,95,64,55,13,7,0
53,50,52,56,55,56,59,78,138,159,163,148,164,208,252,252,190,129,80,76,52,23,0,0
48,30,45,50,45,30,59,69,105,122,150,139,169,161,180,177,105,97,72,63,62,30,6,7
6,2,9,5,4,3,34,80,91,115,125,116,112,112,119,107,74,62,61,64,71,69,23,13
4,0,1,8,11,13,54,62,82,114,117,116,148,132,130,113,84,62,58,72,70,57,39,34
0,0,0,0,12,50,57,72,86,111,117,146,162,168,134,91,70,58,35,41,54,57,62,60
0,0,0,3,30,37,60,79,100,106,122,122,156,169,144,100,65,60,14,13,10,8,53,61
0,0,0,26,50,52,57,85,106,98,112,127,141,143,103,77,64,53,7,11,7,11,9,9
0,0,7,44,60,63,72,97,107,107,123,135,130,125,104,68,42,28,6,10,6,3,2,10
4,12,26,60,61,71,87,107,103,103,119,125,125,117,109,100,60,10,5,8,0,3,0,6
0,15,75,80,76,70,81,109,88,63,104,115,124,116,99,36,8,4,1,3,6,0,7,10
8,10,69,112,113,126,92,131,124,108,107,109,113,93,10,3,5,7,4,3,7,1,9,2
15,39,57,104,125,130,115,125,93,113,133,110,108,54,24,18,5,5,0,10,10,7,6,0
14,37,49,111,134,154,142,155,234,215,201,176,120,64,26,34,20,11,7,14,13,10,10,8
30,94,102,114,133,152,154,152,198,212,198,177,143,79,53,46,12,6,0,4,8,11,8,8
34,52,99,117,114,128,115,151,196,175,182,179,153,108,66,61,36,15,9,1,8,9,3,0
38,43,48,55,65,70,105,108,126,138,174,159,133,107,14,44,28,10,9,13,6,6,10,9
30,38,57,69,43,28,33,42,91,117,131,126,115,95,32,24,28,14,11,12,10,14,8,8
11,14,25,20,24,24,19,32,38,58,100,106,105,93,35,33,15,13,7,8,9,0,7,7
4,4,8,12,11,6,2,11,13,45,103,104,105,102,79,14,14,7,7,11,10,9,7,4
0,2,9,6,10,9,6,7,10,6,102,101,104,102,93,56,18,9,5,12,7,0,6,12
2,11,4,11,10,13,4,4,8,4,101,101,102,101,73,35,12,6,11,7,0,0,12,8
0,2,3,12,11,9,1,6,2,9,46,67,87,80,91,41,14,6,13,7,0,5,7,5
3,8,6,14,11,11,0,12,4,6,13,42,57,71,55,27,7,9,10,1,4,11,8,7
15,7,7,12,11,15,1,9,1,1,8,2,38,14,9,8,1,0,8,0,3,12,7,3
44,14,14,13,4,6,0,3,1,3,12,12,19,26,28,25,8,0,0,0,0,6,6,6
38,41,45,38,20,12,5,13,21,27,35,45,41,41,14,14,10,0,0,6,6,2,0,0
65,136,64,51,37,10,10,0,7,25,55,57,53,54,27,13,8,4,9,18,10,1,0,0
52,69,60,68,51,13,9,0,9,51,60,62,60,56,31,14,11,11,9,10,4,0,1,4
14,60,58,56,12,12,7,8,12,36,56,60,59,54,16,14,10,8,7,3,0,1,10,1
0,12,55,45,12,10,5,0,12,20,52,54,50,47,14,13,5,4,6,5,3,0,0,10
0,0,59,28,11,5,0,0,11,44,54,54,51,24,10,9,10,0,7,0,0,0,1,3
0,0,13,7,9,13,8,6,8,51,57,53,46,13,9,10,9,3,6,4,10,8,2,0
1,0,0,4,0,14,8,13,30,54,54,50,23,14,7,4,7,4,5,1,6,0,6,0
0,0,0,4,0,0,10,31,41,57,59,42,21,9,2,10,7,8,0,0,0,6,10,4
0,0,1,0,0,6,50,76,69,86,59,50,21,4,7,8,9,10,8,0,4,0,3,1
0,0,1,1,0,2,38,105,105,65,55,26,10,10,10,9,8,1,7,7,1,0,0,0
5,5,0,0,0,0,14,26,73,71,52,27,11,0,9,6,0,8,12,9,0,0,0,4
5,3,0,0,3,0,0,5,27,88,53,14,9,5,1,4,7,10,9,0,10,6,8,0
2,0,3,0,0,0,0,8,10,16,14,9,11,10,6,0,8,5,0,10,10,3,2,5

0

0,0,0,1,8,11,10,13,14,24,41,56,46,50,53,45,25,17,12,8,8,7,11,3
2,0,0,0,11,8,9,12,14,50,55,60,53,51,41,24,29,14,11,11,12,8,1,8
0,0,0,0,8,24,10,7,30,58,65,72,101,92,53,62,34,14,0,0,0,0,5,5
10,11,12,14,40,59,74,101,106,119,122,111,110,113,115,111,85,62,56,52,11,1,1,8
33,14,20,53,63,67,63,84,124,142,136,131,139,165,165,183,145,116,94,64,55,12,7,0
53,50,52,56,55,56,59,78,140,161,164,148,165,206,251,251,189,128,80,75,52,22,0,0
49,30,46,50,45,31,59,69,106,123,150,139,168,160,179,176,104,97,72,63,62,29,6,7
6,2,9,5,4,3,36,80,92,115,125,116,111,112,119,106,74,62,61,64,71,68,23,13
4,0,1,8,10,14,55,62,82,114,117,117,148,132,130,113,84,62,58,72,70,57,39,34
0,0,0,0,11,50,57,72,86,111,117,147,162,168,134,90,70,58,36,42,54,57,62,60
0,0,0,2,31,38,60,79,100,106,122,122,156,169,143,100,65,60,14,13,10,9,54,62
0,0,0,26,50,52,57,85,106,98,112,127,140,142,103,77,64,53,6,11,7,11,9,9
0,0,9,45,60,63,72,96,107,107,123,135,130,125,103,68,40,26,5,9,6,2,2,10
4,12,28,60,61,71,87,107,103,103,119,125,125,116,108,100,59,10,5,8,0,2,0,6
0,17,77,79,76,70,81,109,88,63,103,115,124,116,99,36,8,4,0,3,5,0,7,10
8,10,69,112,113,126,92,131,124,108,106,109,113,93,10,3,4,7,3,2,6,1,9,2
18,41,57,105,126,131,115,125,92,113,132,109,108,54,27,15,4,5,0,10,10,7,6,0
14,38,49,111,135,155,143,156,234,214,201,175,120,64,26,34,20,11,7,13,13,9,10,7
33,96,102,115,133,153,155,153,198,212,198,177,143,79,53,43,11,6,0,3,7,10,8,7
35,52,100,117,114,129,115,152,197,175,182,178,153,108,66,60,36,14,9,0,7,9,2,0
39,43,48,55,65,71,105,108,127,139,174,159,133,107,16,45,26,10,9,13,5,6,10,8
31,38,58,70,43,29,34,42,92,118,131,126,115,96,32,25,28,13,11,12,10,14,8,8
12,15,25,20,24,25,21,33,39,58,100,107,105,93,35,33,15,13,7,8,8,0,7,7
5,5,9,12,11,6,3,11,13,48,103,104,105,102,80,14,14,6,7,11,10,9,7,4
0,4,9,7,11,10,7,8,11,7,102,101,104,102,92,58,18,9,5,12,7,0,6,12
4,12,4,12,11,13,4,4,9,4,101,101,102,101,75,36,12,6,11,7,0,0,12,7
0,4,4,12,11,9,1,6,3,9,47,66,85,80,89,40,14,5,12,7,0,5,7,5
4,8,6,14,11,11,0,12,4,6,13,43,57,71,54,29,7,9,10,0,3,11,8,7
15,8,7,12,12,17,2,10,2,1,8,2,39,14,9,8,0,0,8,0,3,12,7,3
46,14,14,14,4,6,0,4,2,3,12,12,19,27,28,24,8,0,0,0,0,6,6,6
38,41,44,38,20,12,6,13,22,29,35,45,41,41,13,14,10,0,0,6,6,2,0,0
65,136,63,51,39,10,10,1,7,25,55,57,53,53,25,13,8,4,9,18,10,1,0,0
52,69,60,69,51,14,9,0,9,51,60,62,60,56,32,14,10,11,9,10,4,0,1,4
14,60,58,56,12,12,8,8,12,35,56,60,58,54,15,14,10,8,7,3,0,1,9,1
0,12,55,45,12,10,5,0,12,19,52,54,50,47,14,13,5,4,7,5,3,0,0,9
0,0,60,28,11,6,0,0,11,44,54,54,51,24,10,9,10,0,7,0,0,0,1,3
0,0,13,7,9,13,8,7,8,51,57,53,48,13,9,10,10,3,6,4,10,8,2,0
2,0,0,5,0,13,8,13,30,54,53,50,23,14,7,4,7,4,5,1,6,0,6,0
0,0,0,4,0,0,10,30,41,56,59,42,21,9,1,10,7,8,0,0,0,6,10,4
0,0,1,0,0,6,50,76,68,86,59,50,17,3,7,8,9,10,8,0,4,0,3,1
0,0,1,1,0,2,38,105,105,65,55,26,10,9,10,9,8,1,7,7,1,0,0,0
5,5,0,0,0,0,14,25,73,70,52,27,11,0,9,6,0,8,12,8,0,0,0,4
5,3,0,0,3,0,0,5,28,88,53,14,8,5,1,4,7,10,9,0,10,6,8,0
2,0,3,0,0,0,0,8,10,15,14,9,11,10,6,0,8,5,0,10,10,3,2,5

0

0,0,0,1,8,11,10,13,14,27,41,56,48,50,53,46,25,18,12,8,8,6,11,2
2,0,0,0,11,8,10,12,14,50,55,60,54,51,40,24,29,15,11,11,12,7,1,8
0,0,0,0,8,23,10,7,31,58,65,72,101,93,54,61,34,14,0,0,0,0,5,5
10,11,12,15,39,59,74,101,106,119,122,111,110,113,115,111,85,62,56,52,11,1,1,8
33,14,20,53,63,66,64,84,125,143,137,131,139,165,164,181,145,116,94,63,55,12,7,0
53,50,52,56,56,56,59,79,141,162,165,149,165,206,249,247,188,128,80,75,52,22,0,0
50,32,49,50,45,32,59,70,107,124,150,139,169,159,179,175,104,97,72,63,62,30,6,7
6,2,9,5,4,3,38,81,92,115,125,116,111,112,119,106,75,62,61,64,71,68,23,13
4,0,1,8,10,15,55,62,82,114,117,117,148,132,130,113,84,63,58,73,70,57,39,33
0,0,0,0,11,50,57,72,86,111,117,147,161,167,134,90,70,58,34,42,54,57,62,60
0,0,0,2,32,38,60,79,100,106,122,122,156,168,143,100,65,59,13,13,10,9,54,62
0,0,0,27,50,52,57,85,106,98,112,127,140,142,103,77,64,53,5,11,6,11,9,10
0,0,10,46,59,63,72,96,107,107,122,134,129,124,103,68,40,26,5,8,6,2,1,10
4,12,30,60,61,71,87,107,103,103,118,125,124,116,108,100,59,9,4,8,0,2,0,6
0,20,77,79,76,70,81,109,88,63,103,114,124,116,100,38,8,4,0,3,5,0,7,10
9,10,69,112,113,126,92,131,124,108,106,108,113,94,11,3,4,6,2,2,6,0,9,2
18,41,58,105,126,131,115,126,93,113,132,109,107,55,28,15,4,5,0,9,9,7,6,0
15,37,49,112,135,156,144,157,234,214,200,175,119,65,26,34,19,11,7,13,12,9,10,7
34,96,102,115,134,154,156,153,198,213,198,177,143,80,53,40,11,6,0,3,7,10,8,7
35,52,100,118,115,130,116,153,198,176,182,178,153,108,65,60,35,14,9,0,7,8,2,0
39,43,49,55,66,71,105,109,127,139,175,159,133,107,17,46,26,10,9,13,5,5,10,8
31,38,59,71,44,29,35,43,93,118,132,126,115,96,31,25,28,13,11,12,10,14,8,8
12,16,26,20,25,25,22,33,39,58,100,107,105,93,35,33,15,13,7,8,8,0,7,7
5,6,9,12,11,7,4,12,14,48,103,104,105,102,80,14,14,6,7,11,10,9,7,4
0,6,9,7,11,10,8,8,11,7,102,101,104,102,92,55,18,9,4,12,7,0,6,12
5,12,5,12,11,13,5,5,9,5,101,101,102,101,73,35,12,6,11,7,0,0,12,7
0,5,4,12,11,10,2,6,3,9,48,67,86,81,91,40,14,5,12,7,0,4,7,5
4,9,7,14,11,11,0,12,4,6,13,45,57,71,55,27,6,9,10,0,3,11,8,7
15,8,8,12,12,19,3,10,2,1,9,2,39,14,9,8,0,0,8,0,3,12,7,3
48,14,16,14,5,6,0,6,2,3,12,12,19,27,28,24,7,0,0,0,0,6,6,6
38,41,46,39,23,12,6,13,22,29,35,45,41,41,13,14,10,0,0,5,6,2,0,0
65,136,63,51,39,11,11,2,8,24,55,57,53,53,27,13,8,4,8,18,10,1,0,0
53,69,60,69,51,14,9,0,9,51,60,62,60,56,33,14,10,11,9,10,4,0,1,4
14,60,58,56,12,13,8,8,12,36,56,60,59,54,15,14,10,8,7,3,0,1,9,1
0,12,55,45,12,10,5,0,12,20,52,54,50,47,13,13,5,4,7,5,3,0,0,9
0,0,60,29,11,6,0,0,11,45,54,54,51,23,10,9,10,0,7,0,0,0,1,3
0,0,13,7,9,13,8,7,8,51,57,53,47,13,9,10,10,3,6,4,10,8,2,0
2,0,0,5,0,14,8,13,30,54,53,50,23,14,7,3,7,4,5,1,6,0,6,0
0,0,0,4,0,0,10,31,41,56,59,42,21,9,1,10,7,8,0,0,0,6,10,4
0,0,1,0,0,6,50,76,68,85,59,50,18,3,7,8,9,10,8,0,4,0,3,1
0,0,1,1,0,2,39,105,104,65,55,25,10,10,9,9,8,1,7,7,1,0,0,0
5,5,0,0,0,0,14,26,73,70,52,27,11,0,9,6,0,8,12,8,0,0,0,4
5,3,0,0,3,0,0,5,27,88,53,14,8,5,1,4,7,10,9,0,10,6,8,0
3,0,3,0,0,0,0,8,10,16,14,9,11,10,6,0,8,5,0,10,10,3,2,5

0

0,0,0,1,8,11,10,13,14,25,40,56,50,50,53,46,25,19,12,8,8,6,11,2
3,0,0,0,11,8,10,12,14,50,55,60,54,51,41,24,29,15,11,11,12,7,1,8
0,0,0,0,8,25,10,7,33,58,65,73,101,92,54,62,33,14,0,0,0,0,5,5
10,11,12,15,40,59,75,101,106,119,122,111,111,114,115,111,85,62,56,52,11,1,1,8
33,14,21,53,63,66,64,85,125,144,137,132,140,166,165,181,145,116,94,63,55,12,7,0
53,50,52,56,55,56,59,79,142,164,166,149,166,207,249,247,188,128,80,75,52,22,0,0
50,34,50,50,47,31,59,70,107,124,151,139,169,160,179,175,104,97,72,63,62,29,5,7
6,2,9,5,4,3,40,81,92,115,124,116,111,112,119,106,74,62,61,65,71,68,23,13
5,0,1,8,10,15,55,62,82,114,116,117,147,131,129,112,84,62,58,73,70,57,39,33
0,0,0,0,11,50,57,72,86,111,117,146,161,167,133,90,70,58,33,43,54,57,62,60
0,0,0,2,31,39,59,80,100,107,123,122,155,168,143,100,65,59,13,13,10,9,54,62
0,0,0,27,50,52,57,86,106,99,112,127,140,142,103,76,64,53,5,10,6,11,9,10
0,0,10,46,59,63,72,97,107,107,123,135,129,124,103,68,39,25,4,8,6,1,1,10
4,13,30,60,61,71,87,107,103,103,119,125,124,116,108,100,58,9,3,8,0,2,0,6
0,21,77,79,76,70,82,109,88,63,103,114,123,116,100,39,8,4,0,3,5,0,7,10
9,11,69,113,113,127,92,131,124,108,106,108,113,94,12,3,4,6,2,1,6,0,9,2
19,41,58,105,127,131,115,126,93,113,132,109,107,55,30,14,3,4,0,9,9,7,6,0
16,38,49,112,136,157,144,157,235,215,201,174,119,65,26,34,19,11,7,13,12,9,10,7
34,96,102,115,134,155,156,154,199,213,198,177,142,80,53,37,11,5,0,3,7,10,8,7
35,53,100,118,115,130,116,154,198,176,182,179,153,108,66,57,36,14,9,0,7,8,2,0
39,43,49,55,66,72,106,109,128,140,175,160,133,107,17,46,25,9,8,13,5,5,10,8
32,40,60,71,45,30,35,44,94,118,132,126,114,97,32,25,27,13,10,11,10,14,8,8
12,17,26,20,25,26,22,33,39,58,100,107,104,93,35,33,15,13,7,7,8,0,7,7
6,7,10,13,11,7,5,12,14,50,103,104,105,102,81,14,14,6,7,11,10,9,7,4
0,6,9,7,11,10,8,9,12,7,102,101,104,102,93,56,18,9,4,11,7,0,5,12
5,12,5,12,11,13,6,5,10,5,101,101,102,101,76,35,12,6,11,6,0,0,12,7
0,6,5,12,11,10,2,6,3,10,50,66,86,80,91,40,14,4,12,7,0,4,7,5
4,9,7,14,11,11,0,13,5,7,13,46,57,72,54,28,6,9,10,0,3,11,8,7
16,8,8,12,12,19,3,10,3,1,9,2,39,14,9,8,0,0,7,0,3,12,7,3
50,15,15,14,5,6,0,6,3,3,12,12,19,27,28,24,7,0,0,0,0,6,6,6
37,41,44,40,23,12,7,13,23,30,35,45,41,41,13,14,9,0,0,5,6,2,0,0
66,137,64,51,40,11,11,3,8,25,55,57,53,53,27,13,7,4,8,17,10,1,0,0
52,69,60,69,51,14,9,0,10,51,60,62,60,56,33,14,10,11,8,10,4,0,1,4
14,60,58,56,12,13,8,9,12,36,56,60,58,54,15,14,10,8,7,3,0,1,9,1
0,12,55,44,12,10,6,0,12,20,52,54,50,47,13,13,5,4,7,5,3,0,0,9
0,0,60,29,11,6,0,0,11,45,53,54,51,24,10,9,10,0,7,0,0,0,1,3
0,0,13,7,9,13,9,7,8,51,57,53,48,13,8,10,9,3,6,4,10,8,2,0
2,0,0,5,0,14,8,13,31,54,53,50,23,14,7,3,7,4,5,1,6,0,6,0
0,0,0,4,0,0,10,30,40,56,59,42,21,8,0,10,7,8,0,0,0,6,10,4
0,0,1,0,0,6,50,75,68,85,58,50,18,3,7,8,9,10,8,0,4,0,3,1
0,0,1,1,0,3,39,105,104,65,55,24,10,10,9,9,8,1,7,7,1,0,0,0
5,5,0,0,0,0,14,25,73,70,52,26,11,0,9,6,0,8,12,8,0,0,0,3
5,3,0,0,3,0,0,5,27,88,53,14,8,5,1,4,6,10,9,0,10,6,8,0
3,0,3,0,0,0,0,8,10,17,14,9,11,10,6,0,8,5,0,10,10,3,2,5

0

0,0,0,1,8,11,10,13,14,25,40,56,47,50,53,46,24,19,12,8,8,6,11,2
3,0,0,0,11,8,10,12,14,50,55,60,54,51,43,24,29,16,11,11,12,7,1,7
0,0,0,0,8,27,10,7,33,58,65,73,101,92,54,61,33,14,0,0,0,0,5,5
10,11,13,15,40,59,75,101,107,120,123,111,111,114,114,111,85,62,56,52,11,1,1,8
33,14,21,53,63,67,64,85,126,144,137,132,140,165,164,181,145,116,94,63,55,12,7,0
53,50,52,56,55,56,59,79,142,163,165,149,166,207,249,246,187,127,79,75,52,22,0,0
50,33,50,50,46,31,59,69,106,123,150,139,170,160,178,174,104,96,72,63,62,29,5,6
6,2,9,5,4,3,40,81,92,115,124,116,112,112,119,106,74,62,60,64,71,68,23,13
5,0,1,8,10,16,55,62,82,114,116,117,147,131,128,112,83,62,58,73,70,57,39,33
0,0,0,0,11,50,57,72,86,111,117,146,161,166,133,90,70,57,33,43,54,57,62,60
0,0,0,3,31,39,59,80,101,107,123,122,155,167,142,99,65,58,13,13,10,9,54,63
0,0,0,28,50,52,56,86,107,99,112,128,140,142,102,76,63,52,4,10,6,11,9,10
0,0,10,47,59,63,72,97,107,107,123,135,129,124,103,68,38,24,4,6,6,1,1,10
4,13,30,60,61,71,87,107,103,103,119,125,124,116,108,100,57,8,3,8,0,1,0,6
0,19,76,79,76,70,82,109,88,63,103,114,123,116,100,39,8,3,0,3,5,0,6,9
9,11,69,113,113,127,92,131,124,108,106,108,113,94,12,4,4,5,1,1,5,0,9,2
20,41,58,105,127,131,115,126,93,113,132,109,107,55,30,14,3,4,0,9,9,6,6,0
16,38,49,113,136,157,145,157,235,214,201,174,119,65,27,34,19,11,6,13,12,9,10,7
36,95,103,116,135,155,157,154,199,213,199,177,143,80,53,37,11,5,0,3,7,10,8,7
35,52,100,118,115,131,117,155,199,177,183,179,153,108,65,56,36,14,9,0,7,8,2,0
40,43,49,56,66,72,106,110,128,140,175,160,133,107,18,47,24,9,8,12,5,5,10,8
32,40,61,72,45,31,36,44,95,119,133,126,115,97,32,25,27,13,10,11,10,14,8,8
12,18,26,20,25,26,23,33,39,59,100,107,105,92,35,33,15,13,6,7,8,0,7,7
6,7,10,13,11,7,6,12,14,52,103,104,105,102,80,14,14,5,7,11,10,9,7,4
1,7,10,7,11,10,9,9,12,8,102,101,104,102,91,56,18,9,3,11,7,0,5,12
6,12,5,12,12,13,6,5,10,5,101,101,102,101,76,35,12,6,11,6,0,0,12,7
0,6,5,12,12,10,3,7,4,9,50,67,86,80,89,38,14,4,12,6,0,4,7,5
5,9,8,14,12,12,0,13,5,7,13,45,57,71,54,28,6,9,10,0,3,11,8,7
16,8,8,12,12,22,3,11,3,1,9,2,39,14,9,8,0,0,7,0,3,12,7,3
50,15,18,14,5,7,1,7,3,3,12,12,20,26,28,24,7,0,0,0,0,6,6,6
38,41,44,40,23,12,7,14,24,31,35,44,41,41,13,14,9,0,0,5,6,2,0,0
66,136,63,51,39,12,12,4,8,27,55,57,53,54,26,13,7,4,8,17,9,1,0,0
53,69,60,69,51,14,9,0,10,51,60,62,60,56,33,14,10,11,8,10,4,0,1,4
14,60,58,56,12,13,9,9,12,37,56,60,59,54,15,14,10,8,7,3,0,1,9,1
0,12,55,44,12,10,6,0,12,21,52,54,50,46,13,13,5,3,7,5,3,0,0,9
0,0,60,30,11,6,0,0,12,45,54,54,51,24,10,9,10,0,7,0,0,0,1,3
0,0,13,7,9,13,9,8,9,51,57,53,48,13,9,10,9,3,6,4,9,8,2,0
2,1,0,5,0,14,8,13,30,54,53,50,24,14,6,3,7,4,5,1,6,0,6,0
0,0,0,5,0,0,10,31,41,56,59,42,20,8,0,10,7,8,0,0,0,6,10,4
0,0,1,0,0,6,50,75,68,85,58,50,17,3,7,8,9,10,8,0,4,0,3,1
1,0,2,1,0,2,39,105,104,65,55,25,10,10,9,9,8,1,7,7,1,0,0,0
5,5,0,0,0,0,14,25,73,70,52,29,11,0,9,6,0,8,12,8,0,0,0,3
5,3,0,0,3,0,0,5,28,88,52,14,8,5,1,4,6,10,9,0,10,6,8,0
2,0,3,0,0,0,0,8,10,17,14,9,11,10,6,0,8,5,0,10,10,3,2,5

0

0,0,0,1,8,11,10,13,14,27,41,56,50,51,53,47,25,18,12,8,8,6,11,2
3,0,0,0,11,8,10,12,14,50,55,60,54,51,43,24,29,16,11,11,12,7,1,7
0,0,0,0,8,27,10,7,36,59,65,74,101,93,53,61,33,14,0,0,0,0,4,5
10,11,12,15,41,59,75,102,107,120,123,111,111,114,114,110,84,62,56,51,11,1,1,7
33,14,22,53,63,66,64,85,126,144,137,132,140,165,163,180,144,116,93,63,55,13,6,0
53,50,53,56,56,57,59,79,142,163,165,150,167,207,247,246,187,127,79,74,51,22,0,0
50,34,50,50,46,31,59,69,106,123,150,139,169,160,178,173,103,96,72,63,61,29,5,6
6,3,9,5,4,3,39,81,91,115,124,116,111,112,119,105,74,61,60,64,71,68,23,13
5,0,1,8,10,15,55,62,82,114,116,117,148,131,128,111,83,62,58,72,70,56,39,33
0,0,0,0,11,50,57,72,86,111,117,147,161,166,132,89,69,57,32,43,54,57,62,60
0,0,0,2,31,40,60,80,101,108,123,123,156,167,141,99,65,58,13,13,10,9,54,62
0,0,0,26,50,52,57,86,107,100,113,128,141,142,102,76,63,52,3,10,6,11,9,10
0,0,10,46,60,63,72,98,107,107,123,136,130,124,103,68,38,23,3,5,5,1,0,10
4,13,30,60,61,71,87,107,103,103,119,125,124,115,108,100,56,8,3,7,0,1,0,6
0,17,76,79,76,70,82,109,88,63,103,114,123,116,100,40,8,3,0,2,4,0,6,9
9,11,69,113,113,127,93,132,124,108,106,108,113,94,12,4,4,5,1,0,5,0,9,2
20,40,58,105,127,131,115,126,93,113,132,109,107,56,30,14,3,4,0,9,9,6,5,0
16,38,50,113,137,158,145,158,236,215,201,174,119,65,27,34,19,11,6,13,12,9,10,7
37,96,103,116,135,156,157,155,199,213,199,177,143,81,54,36,10,5,0,3,7,10,8,7
35,53,100,118,116,131,117,155,199,177,183,179,153,108,66,56,36,14,8,0,7,8,2,0
41,43,49,56,66,72,106,110,129,141,176,160,133,107,16,48,24,9,8,12,5,5,10,8
32,40,61,73,45,31,36,45,96,119,133,126,114,98,32,25,27,13,10,11,10,14,8,8
12,18,26,21,26,26,24,34,39,59,100,107,105,93,36,33,14,13,6,7,8,0,7,7
7,8,10,13,12,7,6,13,14,52,103,104,105,101,81,14,14,5,7,11,10,9,7,4
2,8,10,8,12,10,9,10,12,8,102,101,104,102,92,56,19,8,3,11,7,0,5,12
7,12,6,12,12,13,7,6,10,5,101,101,102,101,75,35,11,6,11,6,0,0,12,7
0,7,6,12,12,10,3,7,4,10,51,66,85,81,91,40,14,4,12,6,0,4,7,5
5,9,8,14,12,12,0,13,5,7,13,47,57,71,55,25,6,9,10,0,3,11,8,7
19,8,8,12,12,23,4,11,3,2,9,2,39,14,9,8,0,0,6,0,3,12,7,2
50,16,19,14,5,7,2,8,3,3,12,12,20,26,28,24,7,0,0,0,0,6,6,6
39,41,44,40,24,13,7,14,25,32,35,45,41,41,13,14,9,0,0,5,5,2,0,0
66,137,63,51,40,12,12,4,8,25,55,57,53,53,27,13,7,4,8,17,9,1,0,0
53,70,60,69,51,14,10,0,10,51,60,62,60,56,33,14,10,11,8,10,4,0,1,4
14,60,58,56,13,13,9,9,13,37,56,60,59,54,15,14,10,8,7,3,0,0,9,1
0,13,56,45,12,10,7,0,12,22,52,54,50,46,13,13,5,3,7,5,3,0,0,9
0,0,60,29,11,6,0,0,12,45,54,54,51,24,9,9,10,0,7,0,0,0,1,3
0,0,13,7,9,13,9,8,9,51,57,53,48,13,8,9,9,3,6,4,9,8,2,0
2,1,0,5,0,14,8,13,31,54,53,50,22,14,6,3,7,4,5,1,5,0,6,0
0,0,0,5,0,0,10,31,41,56,59,42,21,8,0,10,7,8,0,0,0,5,10,4
0,0,2,0,0,7,50,75,67,85,58,50,15,3,7,8,9,10,8,0,4,0,3,1
1,0,2,2,0,3,39,105,104,64,55,24,10,9,9,9,8,1,7,7,1,0,0,0
5,5,0,0,0,0,14,25,73,70,52,27,11,0,9,6,0,8,12,8,0,0,0,3
5,3,0,0,4,0,0,5,27,88,52,14,8,5,1,4,7,10,9,0,10,6,8,0
3,0,3,0,0,0,0,8,10,15,14,9,11,10,6,0,8,5,0,10,10,3,2,5

0

0,0,0,1,8,11,10,13,14,27,41,56,48,51,53,47,25,18,12,8,8,6,11,2
4,0,0,0,11,8,10,12,14,50,55,61,54,51,41,24,29,17,11,11,12,7,1,7
0,0,0,0,8,27,10,7,37,59,65,74,101,93,53,61,33,14,0,0,0,0,4,5
10,11,13,15,41,59,75,101,107,120,123,111,111,114,114,110,84,62,56,51,11,1,0,7
34,15,22,53,63,67,64,85,126,144,138,132,140,165,163,180,144,116,93,63,55,13,6,0
53,50,52,56,56,56,59,79,142,163,166,150,167,207,247,244,186,126,79,74,51,21,0,0
51,35,50,50,47,31,59,70,107,124,150,140,170,160,178,172,103,96,71,63,61,29,5,6
6,3,9,5,4,3,42,81,92,115,124,116,112,112,118,105,74,61,60,64,71,68,23,13
6,0,1,8,10,17,55,62,83,115,117,117,148,131,128,111,83,62,58,72,70,56,39,33
0,0,0,0,12,50,57,72,87,111,117,147,162,166,132,89,69,57,31,43,54,57,62,60
0,0,0,3,33,40,59,80,101,108,123,123,156,167,141,99,65,58,12,13,10,9,55,63
0,0,0,27,50,52,57,86,107,99,113,128,140,142,102,76,63,52,2,9,6,11,9,10
0,0,11,48,59,63,72,98,107,107,123,135,129,124,103,67,37,22,3,4,5,0,0,10
4,13,30,60,61,71,86,107,103,103,119,125,124,115,108,100,56,7,2,7,0,1,0,6
0,21,76,79,76,70,82,109,88,63,103,114,123,116,100,40,8,3,0,2,4,0,6,9
9,11,69,113,113,127,92,132,124,108,106,108,113,94,13,4,4,5,1,0,4,0,9,2
20,40,58,105,127,132,115,126,93,113,132,109,107,56,32,14,3,3,0,9,9,6,6,0
16,38,50,113,137,158,145,158,236,215,201,174,119,65,27,34,19,11,6,13,12,9,10,7
39,96,103,116,135,156,158,155,199,214,199,177,142,81,53,35,10,5,0,3,7,10,8,7
35,53,100,119,116,131,117,155,199,177,183,179,153,108,66,55,36,14,8,0,7,8,2,0
40,43,49,56,67,73,106,111,129,141,176,160,133,107,16,48,24,9,8,12,5,5,10,8
32,41,62,73,45,31,36,44,97,119,133,127,114,98,32,25,27,13,10,11,10,14,8,8
13,18,27,21,25,27,24,34,39,59,100,107,105,93,35,33,14,13,6,7,8,0,7,7
7,8,10,13,12,7,7,13,14,53,103,104,105,102,81,14,14,5,7,11,10,9,7,4
2,8,10,8,12,10,10,10,12,8,103,101,104,102,92,56,18,8,3,11,7,0,5,12
7,13,6,12,12,13,7,6,10,5,101,101,102,101,73,35,11,6,11,6,0,0,12,7
0,7,6,12,12,11,4,7,5,10,51,67,86,81,89,38,14,4,12,6,0,4,7,5
5,9,8,14,12,12,0,13,5,7,13,46,57,71,54,27,6,8,10,0,3,11,8,7
19,9,8,12,12,23,4,11,4,2,9,2,39,15,9,8,0,0,6,0,3,12,7,2
50,16,17,14,5,7,3,8,4,3,12,12,19,27,28,24,7,0,0,0,0,6,6,6
39,41,46,40,26,13,8,14,25,32,35,45,41,41,13,14,9,0,0,5,5,2,0,0
66,137,64,51,39,12,12,5,9,29,55,57,53,53,25,13,7,4,8,17,9,1,0,0
53,70,60,69,51,14,10,0,11,51,60,62,60,56,33,14,10,11,8,10,4,0,1,4
14,60,58,56,13,13,9,9,13,36,56,60,58,54,15,14,10,8,7,3,0,0,9,1
0,12,56,44,12,11,7,1,12,23,52,54,50,47,13,13,5,3,7,5,3,0,0,9
0,0,60,29,11,6,1,0,12,46,53,54,51,23,9,9,10,0,7,0,0,0,1,3
0,0,14,7,10,13,9,9,9,51,57,53,48,13,8,9,9,3,6,4,9,8,2,0
2,1,0,5,0,14,8,13,30,54,53,50,22,14,6,3,7,4,5,1,5,0,6,0
0,0,0,5,0,0,10,31,41,56,59,42,20,8,0,10,7,8,0,0,0,5,10,4
0,0,2,0,0,7,50,75,67,85,58,50,15,3,7,8,9,10,8,0,4,0,3,1
1,0,2,2,0,3,40,105,104,64,55,25,10,10,10,9,8,1,7,7,1,0,0,0
5,5,1,0,0,0,14,26,73,70,52,29,11,0,9,6,0,8,12,8,0,0,0,3
5,3,0,0,3,0,0,5,27,87,53,14,8,5,1,4,7,10,9,0,10,6,8,0
3,0,3,0,0,0,0,8,10,16,14,9,11,10,6,0,8,5,0,10,10,3,2,5

2

0,0,0,1,8,11,10,13,14,25,41,56,48,50,53,47,25,18,12,8,8,6,11,2
4,0,0,0,11,8,10,12,14,50,55,61,54,51,41,24,30,16,11,11,12,7,0,7
0,0,0,0,8,28,10,7,36,59,65,74,101,93,53,61,33,14,0,0,0,0,4,4
10,12,13,15,40,59,75,101,107,120,123,111,111,114,114,110,84,62,56,51,11,1,0,7
35,15,22,53,63,67,64,85,126,145,138,132,140,165,163,179,144,116,93,63,55,13,6,0
53,50,52,56,56,56,60,80,143,164,166,150,167,206,247,244,185,126,79,74,51,21,0,0
51,36,50,50,47,32,59,70,107,124,151,139,169,159,178,173,103,96,72,63,61,29,5,6
7,3,10,6,4,3,43,81,92,116,125,116,111,112,118,105,74,61,60,64,71,68,23,13
6,0,1,8,10,19,55,63,83,115,117,117,148,131,128,111,83,62,58,72,70,57,39,33
0,0,0,0,12,51,57,73,87,111,118,147,161,166,132,89,69,57,32,43,54,57,62,60
0,0,0,3,34,43,60,80,101,108,123,123,156,167,141,100,65,58,12,13,10,10,54,63
0,0,0,28,50,52,57,86,107,99,112,128,140,141,102,76,63,52,2,9,6,11,9,10
0,0,11,48,60,63,72,98,107,107,123,135,129,123,103,67,36,22,3,3,5,0,0,10
4,13,33,61,61,71,87,107,103,103,119,125,124,115,108,100,56,7,2,7,0,1,0,6
0,23,77,80,76,70,82,109,88,63,103,114,123,116,100,41,8,3,0,2,4,0,6,9
9,11,69,113,113,127,93,131,124,108,105,108,113,94,13,4,4,5,0,0,4,0,9,2
20,41,58,105,127,132,115,126,93,113,132,108,107,56,33,14,3,3,0,8,9,7,5,0
17,38,50,114,138,159,145,159,236,215,201,173,119,66,27,34,19,10,6,13,12,9,10,7
39,97,103,117,136,157,158,155,199,214,199,176,142,81,53,34,10,5,0,3,7,10,8,7
36,53,100,119,116,131,118,156,200,177,183,178,153,108,66,53,35,14,8,0,7,8,2,0
40,44,49,56,67,73,106,111,129,141,176,160,133,107,17,49,23,9,8,12,5,5,10,8
33,42,62,73,45,31,36,45,97,119,134,126,114,98,33,25,27,13,10,11,10,14,8,8
13,19,27,21,26,26,24,34,40,59,101,107,105,93,36,33,14,14,6,7,8,0,7,7
7,8,10,13,12,7,8,13,14,53,103,104,105,102,82,14,14,5,7,11,10,9,7,5
3,9,10,8,12,10,10,10,13,8,103,101,104,102,92,55,19,8,2,11,7,0,5,12
7,13,6,12,12,14,8,6,11,6,101,101,102,101,72,35,11,6,11,6,0,0,12,7
0,7,6,12,12,11,4,7,5,10,51,67,86,81,89,38,14,4,12,6,0,4,7,5
5,9,9,14,12,12,1,13,5,7,14,45,57,71,54,27,6,8,10,0,3,11,8,7
17,9,8,12,12,24,4,12,4,2,9,2,39,14,9,8,0,0,6,0,3,12,7,2
50,16,18,14,6,7,3,9,4,3,12,12,20,27,27,24,7,0,0,0,0,6,6,6
39,41,45,40,26,13,8,14,26,34,35,45,41,42,13,13,9,0,0,5,5,1,0,0
66,137,63,51,40,12,12,5,9,27,55,57,53,54,23,13,7,4,8,17,9,1,0,0
53,70,60,69,51,14,10,0,11,51,60,62,60,56,33,14,10,11,8,10,4,0,1,4
14,60,59,56,13,13,9,10,13,37,56,60,58,54,14,14,10,7,7,3,0,0,9,1
0,13,56,45,12,10,8,1,12,23,52,53,50,46,13,13,5,3,7,5,3,0,0,9
0,0,61,29,11,6,2,0,12,46,54,54,51,24,9,9,10,0,7,0,0,0,1,3
0,0,14,7,10,13,10,9,9,51,57,53,47,13,9,9,9,3,6,4,9,8,2,0
3,1,0,5,0,14,9,13,30,54,53,50,23,14,6,3,7,4,5,1,6,0,6,0
0,0,0,5,0,0,10,30,41,56,59,42,20,8,0,10,7,8,0,0,0,5,10,4
0,0,2,0,0,7,50,75,67,85,58,50,15,3,7,8,9,10,8,0,4,0,3,1
1,0,2,2,0,3,39,105,103,64,55,26,10,9,10,9,8,1,7,7,1,0,0,0
6,5,1,0,0,0,14,25,73,70,52,26,11,0,9,6,0,8,12,8,0,0,0,3
5,3,0,0,4,0,0,5,28,87,52,16,8,5,1,4,6,10,9,0,10,6,8,0
3,0,3,0,0,0,0,8,10,16,14,9,11,10,6,0,8,5,0,10,10,3,2,5

2

0,0,0,1,8,11,10,13,14,27,41,56,48,51,53,47,25,18,12,8,8,6,11,2
4,0,0,0,11,8,10,12,14,50,55,60,54,51,44,24,30,17,11,11,12,7,0,7
0,0,0,0,8,27,10,7,36,58,65,74,102,93,53,61,33,14,0,0,0,0,4,4
10,12,13,15,41,59,75,102,107,120,123,111,111,114,114,109,84,62,56,51,11,1,0,7
35,15,23,53,63,66,64,85,127,145,138,132,140,165,163,179,143,116,92,63,55,12,6,0
53,50,52,56,56,56,59,80,144,166,167,150,167,206,246,244,185,126,78,74,51,21,0,0
51,36,50,51,47,33,59,70,108,125,151,140,169,159,177,173,103,96,71,63,61,29,5,6
7,3,10,6,5,3,44,81,92,116,125,116,111,112,118,105,74,62,61,64,71,68,23,13
6,0,1,9,10,20,55,63,83,115,117,117,147,131,128,111,83,62,58,72,70,57,38,33
0,0,0,0,12,51,57,73,87,111,118,147,161,165,132,89,69,57,32,43,55,57,62,60
0,0,0,3,34,42,60,80,101,108,123,123,155,167,142,100,65,58,12,13,10,10,55,63
0,0,0,29,50,52,57,86,107,99,112,128,140,141,102,76,63,52,2,9,6,11,10,10
0,0,12,48,60,63,72,98,107,107,123,135,129,123,103,68,35,22,3,3,5,0,0,10
4,14,33,61,61,71,87,107,103,103,119,124,123,115,108,100,55,7,1,7,0,1,0,6
0,25,77,79,76,70,82,109,88,63,103,114,123,115,100,41,8,3,0,2,4,0,6,9
9,11,70,113,113,127,93,132,124,108,105,108,113,94,13,4,4,5,0,0,4,0,9,2
20,40,58,105,128,132,115,126,93,113,132,108,107,56,33,14,2,3,0,8,9,6,5,0
17,38,50,114,138,160,146,159,236,215,201,173,119,66,27,34,19,10,6,13,12,9,10,7
39,97,103,117,136,157,158,156,199,213,199,176,142,81,53,34,10,5,0,2,7,10,8,7
35,53,100,119,116,132,118,156,200,177,183,178,152,108,66,53,36,14,8,0,7,8,2,0
40,44,49,57,67,73,106,111,129,141,176,159,133,108,17,49,23,9,8,12,5,5,10,8
33,42,63,74,45,32,36,45,97,120,134,126,114,98,33,25,27,13,10,11,10,14,8,8
13,19,27,21,26,26,25,34,39,59,101,107,105,93,35,33,14,13,6,7,8,0,7,7
8,9,10,13,12,8,8,13,14,53,103,104,105,102,81,14,14,5,6,11,10,9,7,4
4,9,10,8,12,10,10,10,13,8,103,101,104,102,92,55,18,8,2,11,7,0,5,12
8,13,6,12,12,14,8,6,11,6,101,101,102,101,73,35,11,6,11,6,0,0,12,7
0,8,6,12,12,11,5,7,5,10,51,67,85,81,89,37,14,4,12,6,0,4,7,5
6,9,9,14,12,12,1,14,6,8,14,48,57,71,54,25,6,8,10,0,3,11,8,7
18,9,9,12,12,25,5,12,4,2,9,2,40,14,9,8,0,0,6,0,3,12,7,2
51,16,19,14,6,7,4,9,4,4,12,12,19,27,27,24,7,0,0,0,0,6,6,6
39,40,44,41,26,13,8,14,26,34,35,45,41,41,13,13,9,0,0,5,5,1,0,0
66,137,64,52,43,13,12,5,9,30,55,57,53,53,25,13,7,4,8,17,9,1,0,0
53,70,60,69,51,14,10,0,11,51,60,62,59,56,32,14,10,11,8,10,4,0,1,4
14,60,59,57,13,13,9,10,13,37,56,60,58,54,14,14,10,7,7,3,0,0,9,1
0,13,56,44,12,11,8,2,12,23,52,53,50,46,13,13,5,3,7,5,2,0,0,9
0,0,60,29,11,6,2,0,12,46,54,54,51,23,9,8,10,0,7,0,0,0,0,3
0,0,14,7,10,13,10,9,9,51,57,53,46,13,8,9,9,3,6,4,9,8,2,0
3,1,0,6,1,14,9,13,30,54,53,50,22,14,6,3,7,4,5,1,5,0,6,0
0,0,0,5,0,0,10,31,42,56,59,43,21,8,0,10,7,8,0,0,0,6,10,4
0,0,2,0,0,7,50,75,67,85,58,50,15,3,7,8,9,10,8,0,4,0,3,1
2,0,2,2,0,3,39,105,103,64,55,26,10,9,9,9,8,1,7,7,1,0,0,0
6,5,1,0,0,0,14,26,72,70,52,27,11,0,9,6,0,8,12,8,0,0,0,3
5,3,0,0,4,0,0,5,27,87,52,14,8,5,1,4,6,10,9,0,10,5,8,0
3,0,3,0,0,0,0,8,10,17,14,9,11,10,6,0,8,5,0,10,10,3,2,5

2

0,0,0,1,8,11,10,13,14,25,40,56,46,51,53,46,25,19,12,8,8,6,10,2
4,0,0,0,11,8,10,12,16,50,55,61,54,51,44,25,30,17,11,11,12,7,0,7
0,0,0,0,8,28,10,7,36,58,65,74,101,94,53,61,33,14,0,0,0,0,4,4
10,12,13,16,41,59,75,102,107,120,123,111,111,114,114,109,83,62,56,51,11,0,0,7
34,15,22,53,63,67,64,86,127,145,139,132,141,165,162,179,143,116,92,62,55,12,6,0
53,50,53,56,56,56,60,80,145,168,168,151,168,205,246,244,185,126,78,74,51,21,0,0
51,38,50,51,47,33,60,70,108,125,151,140,169,159,177,173,103,96,72,63,61,29,5,6
7,3,10,6,5,4,46,82,92,116,125,116,111,112,118,105,74,62,61,64,71,68,23,13
6,0,1,9,10,22,55,63,83,115,117,117,148,131,128,111,83,63,58,73,70,56,39,33
0,0,0,0,12,51,57,73,87,111,118,148,161,166,132,89,69,57,32,44,55,57,62,60
0,0,0,3,34,43,60,80,101,107,123,123,155,167,142,100,65,58,12,13,10,10,55,63
0,0,0,29,50,52,57,86,107,99,113,128,140,141,102,76,64,52,2,9,6,11,10,10
0,0,12,49,59,63,72,97,107,107,123,134,128,123,103,67,35,21,2,3,5,0,0,10
4,14,34,61,61,71,86,107,103,103,118,124,123,115,108,100,54,7,1,7,0,1,0,6
0,24,77,80,76,70,82,109,88,63,103,113,123,115,100,41,8,3,0,2,4,0,6,9
9,11,70,113,113,127,93,132,124,107,105,108,113,94,13,4,4,5,0,0,4,0,9,2
22,41,58,105,128,132,115,126,93,113,132,108,107,56,33,14,2,2,0,8,9,6,5,0
18,38,50,114,138,160,146,159,236,215,200,173,118,66,27,34,19,10,6,13,12,9,10,7
40,96,103,117,136,158,159,156,199,213,198,176,142,81,53,33,10,5,0,2,7,10,8,7
37,53,100,119,117,132,118,156,200,178,183,178,153,109,65,53,36,14,8,0,7,8,2,0
40,44,49,57,67,73,106,111,130,141,176,159,133,107,17,49,23,9,8,12,5,5,10,8
33,42,64,74,47,32,37,45,98,120,134,127,114,99,32,25,27,13,10,11,10,14,8,8
13,20,27,21,26,27,25,35,40,59,101,107,105,93,35,33,14,13,6,7,8,0,7,7
8,9,11,13,12,8,8,13,15,55,103,104,105,102,81,14,14,5,6,11,10,9,7,4
4,9,10,8,12,10,10,11,13,8,103,101,104,102,92,55,18,8,2,11,7,0,5,12
8,13,6,12,12,14,8,7,11,6,101,101,102,101,73,36,11,6,11,6,0,0,12,7
0,8,6,12,12,11,5,7,5,10,53,67,86,81,86,38,14,4,12,6,0,4,7,5
6,9,9,14,12,12,1,14,6,8,14,48,57,71,53,27,5,8,10,0,2,11,8,7
20,9,9,12,13,25,5,12,5,2,9,3,41,14,9,8,0,0,6,0,3,12,7,2
50,17,20,14,6,7,4,9,5,4,12,12,19,27,27,24,7,0,0,0,0,6,6,6
39,40,44,41,26,13,8,14,27,34,35,45,41,41,13,13,9,0,0,5,5,1,0,0
66,137,63,52,42,13,12,6,9,27,56,57,53,53,25,13,7,4,8,17,9,1,0,0
53,70,60,69,51,14,10,0,11,51,60,62,59,56,33,13,10,11,8,10,4,0,1,4
14,60,59,57,13,13,10,10,13,37,56,60,58,54,14,14,10,7,7,3,0,0,9,1
0,13,56,45,12,11,8,2,12,23,52,53,50,47,13,13,5,3,7,5,2,0,0,9
0,0,61,30,11,6,3,0,12,46,53,54,51,24,9,8,10,0,7,0,0,0,0,3
0,0,14,7,10,13,10,9,9,51,57,53,46,13,8,9,9,3,6,4,9,8,2,0
3,1,0,6,1,14,9,13,31,54,53,50,23,14,6,3,7,4,5,1,5,0,6,0
0,0,0,5,0,0,10,31,39,56,58,41,20,8,0,10,7,8,0,0,0,5,10,4
0,0,2,0,0,7,50,75,67,85,58,50,15,3,7,8,9,10,8,0,4,0,3,1
2,0,2,2,0,3,39,105,103,64,55,25,9,10,10,9,8,1,7,7,1,0,0,0
6,5,1,0,0,0,14,27,73,70,52,29,11,0,9,6,0,8,12,9,0,0,0,3
5,3,0,0,4,0,0,5,27,87,52,14,8,5,1,5,6,10,9,0,10,5,8,0
3,0,3,0,0,0,0,8,10,16,14,9,11,10,6,0,8,5,0,10,10,3,2,5

2

0,0,0,1,8,11,10,13,14,27,39,56,50,50,53,47,25,18,12,8,8,6,11,2
4,0,0,0,12,8,10,12,14,50,55,61,54,51,43,24,30,17,11,11,12,7,0,7
0,0,0,0,8,29,10,7,37,59,65,75,102,93,53,61,32,14,0,0,0,0,4,4
10,12,13,16,42,59,75,102,107,120,123,112,112,114,114,109,83,62,56,51,11,0,0,7
34,16,24,53,64,67,64,86,128,146,139,133,142,166,163,179,143,115,92,62,55,12,6,0
53,50,53,56,56,56,60,81,147,169,170,152,169,207,246,244,185,126,78,73,51,21,0,0
51,38,50,51,47,33,60,71,108,125,152,140,170,159,177,173,103,96,71,63,61,29,5,6
7,3,10,6,5,4,46,82,92,116,124,116,111,111,118,105,74,62,61,64,71,68,23,13
6,1,1,9,10,23,55,63,83,115,116,117,147,130,127,111,83,63,58,73,70,56,38,33
0,0,0,0,12,51,58,73,87,111,117,147,160,165,131,88,69,57,30,43,55,57,62,60
0,0,0,3,34,42,60,80,101,107,123,123,155,166,141,99,65,58,12,13,10,10,55,63
0,0,0,29,50,52,57,86,107,99,113,128,140,141,102,76,63,52,2,9,6,11,10,10
0,0,12,49,60,63,72,97,107,107,123,135,129,123,103,67,35,21,2,2,5,0,0,10
4,14,34,60,61,71,86,107,103,103,119,124,123,115,108,100,54,7,1,7,0,1,0,6
0,24,77,79,76,70,82,109,88,63,103,114,123,115,101,41,8,3,0,2,4,0,6,9
9,11,70,113,114,127,93,131,124,107,105,107,113,94,14,4,3,5,0,0,4,0,9,1
21,41,58,106,128,132,115,126,93,113,132,108,107,56,34,14,2,2,0,8,8,6,5,0
18,38,50,115,138,160,146,159,236,214,200,173,118,66,27,34,19,10,6,13,12,9,10,7
40,97,103,117,136,158,159,156,199,213,198,176,142,81,54,34,10,5,0,2,7,10,8,7
36,53,100,119,117,132,118,156,200,178,183,178,152,109,66,51,35,14,8,0,7,8,2,0
40,44,49,56,67,73,106,111,130,141,176,159,133,107,17,49,22,9,7,12,5,5,10,8
32,41,64,74,45,32,36,45,98,120,134,127,114,99,33,25,27,13,10,11,10,14,8,8
13,20,27,21,26,27,26,35,40,59,101,107,105,93,35,34,14,13,6,7,8,0,7,7
8,9,11,13,12,8,9,13,16,55,103,104,105,102,81,14,14,5,7,11,10,9,6,4
5,9,10,8,12,11,11,11,13,9,103,101,104,102,93,55,18,8,2,11,7,0,5,12
8,13,6,12,12,14,8,7,11,6,101,101,102,101,75,33,11,6,11,6,0,0,12,7
0,8,6,13,12,11,5,7,6,10,53,67,85,80,88,37,14,3,12,6,0,4,7,5
6,9,9,14,12,13,1,14,6,8,14,47,57,71,53,28,5,8,10,0,2,11,8,7
20,9,9,12,13,27,5,12,5,2,9,2,39,14,9,8,0,0,6,0,3,12,7,2
50,17,21,14,6,8,4,10,5,4,12,13,20,26,27,24,7,0,0,0,0,6,6,6
39,41,44,42,26,13,9,14,27,34,35,44,41,41,13,13,9,0,0,5,5,1,0,0
68,139,63,52,42,13,13,6,9,27,55,57,53,53,23,13,7,4,8,17,9,1,0,0
54,71,61,69,51,16,10,0,11,51,60,61,59,56,31,14,10,11,8,10,4,0,1,4
15,62,60,57,13,14,10,10,13,37,56,60,58,54,14,14,10,7,7,3,0,0,9,1
0,13,57,47,13,11,9,2,12,22,52,53,50,47,13,13,5,3,6,4,2,0,0,9
0,0,63,33,11,7,4,0,12,45,54,54,51,23,9,8,10,0,7,0,0,0,0,3
0,0,14,8,10,13,10,9,9,51,57,53,48,13,8,9,9,3,6,4,9,8,2,0
2,0,0,7,1,14,9,13,30,54,53,50,23,14,6,3,7,4,5,1,5,0,6,0
0,0,0,4,0,0,10,32,41,56,58,42,20,8,0,10,7,8,0,0,0,5,10,4
0,0,3,0,0,4,50,74,66,85,58,50,17,3,7,8,9,10,8,0,4,0,3,1
1,0,3,2,0,2,40,106,105,65,55,21,9,9,9,9,8,1,7,7,1,0,0,0
6,5,1,0,0,0,13,26,74,71,52,29,11,0,9,6,0,8,12,8,0,0,0,3
5,3,0,0,4,0,0,4,40,91,53,17,9,5,1,5,7,10,9,0,10,5,8,0
3,0,3,0,0,0,0,8,10,23,15,9,11,10,6,0,8,5,0,10,10,3,2,5

2

0,0,0,2,9,11,10,13,14,22,35,54,33,40,49,39,18,15,12,8,8,7,11,2
3,0,0,0,12,9,11,13,14,50,55,59,53,50,26,22,28,15,10,10,12,7,0,7
0,0,0,0,10,43,12,10,53,63,67,79,103,98,53,60,32,14,0,0,0,0,4,4
11,12,14,20,47,63,80,103,111,124,126,118,118,119,118,109,81,58,52,50,10,0,1,7
44,24,31,55,65,69,66,97,138,155,147,146,156,183,173,183,140,113,87,61,54,10,6,0
53,51,53,57,56,57,61,90,165,187,195,177,193,231,268,268,192,125,76,71,50,18,0,0
51,40,51,52,50,38,60,73,114,132,164,155,184,171,187,181,104,95,71,62,60,27,5,6
6,3,11,6,5,4,50,86,97,120,129,120,116,116,121,105,73,61,60,64,70,66,22,13
6,0,0,8,10,30,55,64,87,119,120,121,154,136,129,109,82,62,57,72,70,56,38,30
0,0,0,0,12,51,58,73,88,113,120,152,167,170,132,87,68,57,14,43,55,58,62,59
0,0,0,4,33,37,59,80,101,109,125,126,159,169,140,96,64,57,11,13,10,11,56,63
0,0,0,27,50,52,56,87,108,100,114,130,142,143,101,74,62,51,2,10,8,11,9,9
0,0,11,49,59,63,72,98,108,107,124,137,130,124,103,66,25,22,4,0,5,0,0,9
4,13,31,60,61,71,87,107,103,102,118,125,124,115,108,100,26,5,3,6,0,3,0,3
0,21,77,79,77,71,83,109,88,62,102,113,123,115,100,36,6,2,0,2,4,0,5,10
9,11,69,113,114,128,93,132,124,107,104,106,111,91,12,3,3,3,0,0,5,0,9,2
21,41,58,106,129,133,116,127,93,113,131,108,107,56,29,13,0,2,0,8,8,7,6,0
16,37,49,114,138,160,147,162,245,220,201,172,115,64,25,32,18,11,6,13,12,8,10,8
28,86,101,115,135,157,159,159,209,220,199,175,140,80,53,28,9,4,0,3,7,10,8,7
22,50,95,117,116,132,118,158,203,179,182,176,150,108,65,50,32,14,8,0,7,8,2,0
25,38,45,53,66,73,107,112,130,141,175,158,132,107,14,46,20,9,7,12,5,6,10,8
12,15,52,71,47,32,38,46,100,120,134,126,114,97,32,24,26,13,10,11,10,14,8,8
9,14,26,23,28,26,27,36,41,60,101,107,104,91,34,31,14,13,6,7,8,0,7,7
8,9,12,14,12,8,11,13,21,56,103,104,105,102,78,13,13,4,7,11,10,9,6,4
6,11,11,9,13,12,13,11,13,8,102,101,104,102,88,51,14,8,2,11,7,0,5,12
9,13,8,13,14,14,9,8,12,4,101,101,102,101,69,31,11,5,11,6,0,0,12,7
2,10,10,13,13,12,8,8,8,9,50,67,86,80,86,35,13,3,12,6,0,4,7,5
3,11,12,25,16,14,2,14,6,7,13,44,57,71,52,23,5,7,9,0,2,11,8,7
9,10,9,17,28,42,2,12,4,1,9,1,36,14,9,8,0,0,5,0,3,12,6,2
9,14,20,29,11,11,0,10,4,3,10,12,16,24,26,23,7,0,0,0,0,6,6,5
23,32,44,50,39,23,14,14,25,30,32,43,39,39,12,13,8,0,0,5,5,1,0,0
54,110,63,78,56,14,13,4,9,22,50,56,53,53,20,13,7,4,8,16,9,1,0,0
36,67,72,135,63,47,14,0,13,51,59,61,59,55,29,13,10,11,8,10,4,0,1,4
12,60,74,69,27,24,11,11,13,34,55,59,58,54,14,14,10,7,7,3,0,0,9,1
0,10,69,55,14,13,9,2,12,15,52,53,50,47,13,12,5,3,6,4,2,0,0,9
0,1,90,51,13,11,9,1,12,41,53,54,51,22,9,8,9,0,7,0,0,0,1,3
0,1,31,11,12,14,12,9,8,51,56,53,48,12,8,10,9,3,6,4,9,8,2,0
2,0,0,9,3,15,11,14,28,54,53,50,22,13,6,3,7,4,5,1,5,0,6,0
0,0,0,2,0,4,12,38,44,56,58,42,21,9,0,9,7,8,0,0,0,5,10,4
0,0,3,0,0,0,50,77,68,89,59,50,21,4,7,7,9,10,8,0,3,0,3,1
0,0,3,2,0,1,43,110,109,65,55,22,10,9,9,9,8,1,7,7,0,0,0,0
5,5,3,0,0,0,13,32,76,72,52,33,11,1,9,5,0,9,12,9,0,0,0,3
5,3,0,0,3,0,0,5,50,93,52,25,12,6,1,6,6,11,9,0,10,6,8,0
2,0,3,0,0,0,0,8,11,26,15,10,12,9,6,0,9,5,0,10,10,3,2,5

2

0,0,0,3,9,11,10,13,14,17,24,52,13,14,33,19,13,14,9,7,7,7,11,3
3,0,0,0,12,9,11,13,14,50,55,57,45,19,12,14,23,15,6,9,12,7,1,7
0,0,0,0,11,37,13,13,61,69,75,82,102,88,50,54,27,13,0,0,0,0,4,5
10,12,14,19,48,66,86,105,115,129,130,122,119,119,115,103,73,48,44,8,9,0,2,8
42,27,34,55,67,70,68,104,148,164,155,150,164,189,177,185,134,106,73,56,52,7,6,0
54,52,55,58,57,58,62,100,178,196,199,181,209,250,301,307,193,122,72,67,44,12,0,0
53,48,52,53,50,40,61,76,117,135,164,157,198,188,204,198,106,95,71,61,55,24,4,6
7,4,12,7,6,5,51,90,100,121,126,121,124,126,125,107,73,61,61,63,68,62,19,13
7,1,0,9,10,32,56,66,89,118,116,127,165,144,133,110,82,61,56,73,70,56,34,22
0,0,0,0,13,50,58,74,89,111,121,160,174,175,134,88,68,57,16,43,56,58,60,56
0,0,0,4,30,34,59,80,100,107,127,129,163,172,142,98,64,57,12,11,9,12,57,58
0,0,0,24,50,51,56,85,107,99,115,132,144,144,102,75,62,52,5,11,7,9,8,7
0,0,4,41,56,62,70,95,107,107,124,139,131,125,104,68,25,23,7,1,0,0,0,8
2,10,14,54,59,68,85,106,103,102,119,127,126,116,109,100,31,4,4,5,0,3,0,2
0,13,65,69,71,67,80,109,89,62,104,116,125,117,102,44,7,2,0,1,3,0,5,10
9,7,52,107,111,125,91,132,126,113,112,113,116,99,48,6,3,4,0,0,5,0,8,2
17,30,50,93,119,128,114,127,96,118,138,118,113,62,50,14,1,1,0,8,8,7,6,0
14,32,40,100,127,149,143,168,259,239,219,186,129,71,32,34,20,10,6,13,12,8,9,8
14,18,53,106,128,149,156,168,219,235,215,185,148,86,55,32,9,4,0,3,7,10,8,7
13,15,57,106,110,128,117,162,207,185,190,184,159,113,69,50,33,14,8,0,7,8,2,0
13,23,31,38,58,69,106,113,131,143,181,165,137,111,24,47,19,8,7,12,5,6,10,8
10,10,13,52,43,32,39,48,100,122,137,130,119,103,39,23,25,12,9,11,9,14,9,7
8,13,22,23,27,26,30,40,42,61,103,109,106,100,44,35,13,13,6,6,8,0,7,7
8,8,10,13,13,11,13,13,26,53,103,105,105,102,99,14,13,3,7,11,10,8,6,4
6,11,10,10,13,13,13,11,15,7,102,101,105,102,100,56,16,7,2,11,7,0,5,12
10,13,7,13,14,14,13,10,21,4,100,101,102,102,93,33,9,4,10,6,0,0,12,7
3,9,9,13,13,13,10,10,11,10,50,68,87,79,91,37,13,1,12,6,0,3,7,5
4,8,11,24,18,14,4,24,8,8,25,56,58,71,54,23,4,6,7,0,2,10,8,7
5,2,6,23,25,43,5,14,7,4,12,5,44,20,10,8,0,0,3,0,2,12,6,2
8,10,11,31,12,12,4,13,8,6,11,12,21,29,28,24,7,0,0,0,0,6,6,5
13,14,29,48,37,29,26,21,33,36,36,46,42,41,14,14,9,0,0,5,6,2,0,0
12,25,18,62,53,28,15,10,11,37,59,57,53,54,27,13,7,4,8,15,9,1,0,0
12,13,30,117,82,46,14,7,12,53,61,63,60,56,33,13,9,11,8,10,4,0,0,4
9,10,10,52,39,19,13,12,16,45,57,61,59,55,14,14,10,8,7,3,0,0,9,1
0,9,14,14,12,11,12,10,13,41,53,54,51,48,13,13,5,4,6,4,1,0,0,9
0,0,5,13,9,9,10,8,14,51,54,56,52,22,9,9,10,0,8,0,0,0,1,3
0,0,11,5,11,12,12,11,18,53,60,54,49,13,9,10,10,3,6,4,9,8,2,0
5,4,0,0,8,14,12,14,44,58,55,50,22,14,7,4,7,3,4,1,5,0,6,0
0,0,3,0,0,10,14,48,50,59,60,39,23,12,4,10,9,7,0,0,0,5,10,5
0,0,1,3,9,12,54,118,82,100,57,50,30,9,8,7,9,9,8,0,3,0,3,1
3,0,3,4,0,0,52,132,123,66,53,29,11,10,10,11,10,3,7,7,0,0,0,0
5,4,2,0,0,3,20,50,79,71,51,36,11,1,9,5,0,10,12,9,0,1,0,3
5,2,0,0,3,0,0,9,51,86,52,29,12,5,8,8,5,11,9,0,10,6,8,0
2,0,3,0,1,0,3,8,11,14,14,9,12,9,6,0,8,5,0,10,10,3,2,6

2

0,0,0,0,7,10,9,12,13,14,15,50,11,14,31,16,12,13,8,7,7,7,12,3
9,0,0,0,10,6,9,12,12,25,51,50,14,13,9,11,22,13,6,9,12,8,1,8
4,0,0,0,2,12,9,6,13,55,26,18,74,54,14,26,26,14,0,0,0,0,6,6
10,9,8,10,23,51,66,99,98,107,111,100,100,108,100,95,70,46,47,10,10,0,2,10
5,7,10,50,62,64,65,87,113,120,113,109,136,154,162,174,128,104,73,55,51,9,7,4
47,50,53,60,58,56,57,76,115,138,129,133,178,226,301,289,179,119,71,67,43,12,0,0
60,63,65,61,52,14,54,68,104,118,138,161,198,197,211,187,100,91,66,59,55,20,4,6
105,74,59,14,7,7,27,86,89,106,128,145,139,136,132,111,74,59,56,62,66,59,18,13
67,50,13,9,13,9,55,65,76,102,143,166,193,164,146,117,87,66,55,70,68,54,31,17
11,0,0,0,7,20,55,72,78,111,181,222,217,208,160,100,75,60,14,25,52,55,57,53
0,0,0,0,12,14,57,74,93,131,198,207,221,205,179,121,73,62,14,12,7,9,47,47
0,0,0,10,14,30,54,77,101,132,190,190,191,165,122,100,76,54,3,12,7,6,6,0
0,0,0,5,18,44,62,84,101,135,179,193,151,135,113,88,51,21,0,0,3,0,0,6
0,2,0,8,27,44,63,103,95,130,162,169,147,130,119,103,68,8,1,5,0,0,0,0
0,11,9,14,50,38,55,101,73,84,149,170,160,141,115,101,30,3,0,0,5,5,13,2
8,3,5,9,11,57,54,109,115,128,164,183,193,158,114,61,8,9,6,4,7,1,1,0
14,14,14,32,40,80,99,109,95,135,185,195,191,117,85,53,8,3,6,12,11,8,4,0
12,27,32,35,42,54,67,120,229,254,266,258,219,183,103,62,26,9,6,11,12,7,8,6
13,13,20,24,63,100,107,144,194,231,239,224,207,150,114,87,13,8,0,6,11,11,5,5
12,15,31,50,56,66,76,146,196,189,212,223,218,183,127,102,52,13,6,1,7,9,0,0
12,14,26,24,33,33,67,105,127,145,196,194,181,160,117,102,14,5,5,12,1,2,2,6
11,12,11,13,22,30,39,45,93,124,147,149,158,148,104,81,38,10,3,11,6,10,3,3
11,10,14,22,23,18,32,30,41,58,109,117,123,122,112,97,45,7,3,6,9,0,4,7
6,10,7,13,12,12,14,14,25,65,103,106,110,110,107,102,55,3,7,10,6,10,7,2
7,12,9,7,12,13,14,14,41,10,100,101,106,105,103,102,53,5,0,12,6,0,3,10
11,13,5,13,13,12,12,13,29,6,25,100,102,104,103,100,23,12,9,2,0,0,13,8
3,5,9,12,12,13,12,10,14,10,14,65,85,92,103,96,14,9,12,2,0,0,6,5
6,8,12,14,13,13,3,15,12,12,32,55,58,77,76,56,8,8,12,0,0,10,5,7
3,11,12,13,14,17,4,14,9,6,13,7,37,39,28,13,1,0,1,5,1,10,13,0
11,11,12,13,8,9,6,14,8,7,11,11,18,32,38,30,6,0,0,0,0,5,7,6
13,12,13,14,24,14,14,24,32,33,36,45,41,45,32,25,11,0,0,3,6,4,0,0
9,9,9,12,13,12,13,12,12,25,54,57,53,55,56,15,9,4,8,10,11,2,0,0
9,12,8,14,14,10,10,8,14,50,60,63,61,59,54,14,7,11,9,9,4,0,1,3
9,13,5,5,5,12,13,9,18,35,56,61,60,59,50,14,9,7,7,1,0,0,7,2
0,5,8,0,6,10,11,9,14,26,52,54,52,52,15,13,5,3,6,1,0,0,0,9
0,0,2,8,4,8,10,9,14,49,54,56,53,33,10,10,11,0,8,0,0,0,2,4
0,0,5,4,11,10,11,12,18,51,58,54,51,13,10,11,10,2,6,4,9,8,2,0
6,7,0,0,10,13,12,13,36,56,54,51,25,15,9,5,8,4,4,0,6,0,6,1
0,2,2,0,0,10,12,43,46,57,60,43,23,11,4,11,8,8,0,0,0,6,10,5
0,0,2,4,8,13,54,123,91,87,56,50,24,6,8,9,10,10,8,0,4,0,4,1
4,0,4,4,0,0,50,115,111,64,53,29,11,10,10,10,9,2,7,7,1,0,0,0
5,4,2,0,0,1,15,41,73,66,50,22,11,1,9,5,0,9,12,9,1,1,0,4
6,3,0,0,3,0,0,7,23,71,50,14,11,7,5,3,7,11,9,0,9,5,8,0
3,0,3,0,2,0,4,8,11,13,12,8,11,10,7,1,8,5,0,10,10,2,2,5

2

8,8,5,3,8,10,9,11,11,12,11,31,4,12,28,14,11,13,8,6,5,6,11,3
11,4,3,9,11,5,9,11,10,14,29,14,10,10,8,8,18,11,8,10,11,7,0,8
9,3,7,5,6,9,7,0,2,13,5,10,51,15,13,35,29,29,9,0,0,0,8,7
11,12,13,12,17,23,51,59,54,60,86,50,55,84,88,102,79,69,62,41,13,3,0,11
0,8,11,15,33,44,52,55,69,64,57,66,103,100,177,195,156,126,100,62,55,21,6,6
14,14,30,42,46,45,51,54,63,67,72,78,96,155,310,308,209,137,83,73,49,23,9,2
14,18,27,39,28,13,14,48,54,65,83,93,137,168,204,190,111,102,72,62,57,24,5,6
14,12,14,15,7,0,9,54,58,65,84,108,110,130,145,131,92,69,58,63,66,59,15,12
10,9,8,7,10,14,45,51,50,64,91,129,171,181,182,153,115,88,58,66,66,52,27,11
3,5,7,0,4,12,45,54,56,72,128,193,218,264,230,153,128,89,54,10,23,38,52,44
8,9,0,4,9,10,50,58,62,88,161,195,242,276,277,216,138,89,60,14,5,0,4,6
0,0,0,12,11,14,42,58,65,106,172,191,220,210,178,146,124,71,52,34,0,1,0,0
0,0,0,2,11,11,42,57,70,121,173,197,179,169,138,112,101,58,39,8,0,0,0,2
2,8,0,11,12,10,40,85,69,114,153,177,167,149,134,113,102,64,36,7,0,0,0,0
0,10,9,10,36,36,50,60,51,69,142,180,186,173,132,111,80,37,9,0,7,10,6,4
9,4,1,5,8,11,9,50,66,85,149,202,240,209,144,92,54,8,6,9,12,3,6,0
13,13,13,16,22,54,66,62,62,109,179,222,247,173,131,80,37,22,12,14,12,8,2,0
12,25,30,32,35,41,42,55,120,219,273,295,283,277,216,170,46,16,16,17,14,8,7,6
12,12,14,14,43,58,73,102,136,205,248,254,250,215,195,151,65,14,5,9,12,11,3,4
11,14,28,35,42,43,57,107,143,176,220,253,261,254,203,137,111,45,9,3,8,10,0,0
10,13,24,23,28,20,44,62,98,138,198,214,218,234,190,139,111,37,15,14,1,0,1,5
10,10,11,12,14,24,37,41,74,116,145,165,194,211,168,135,106,33,18,10,5,9,0,1
11,9,12,18,21,16,28,23,39,50,105,121,140,158,144,119,104,45,9,13,5,0,1,4
4,9,7,11,11,12,20,13,14,62,101,106,115,125,120,108,103,38,13,5,1,9,7,0
7,12,8,4,12,12,12,12,14,12,84,100,106,108,105,104,87,28,9,14,2,0,2,8
11,12,5,13,13,12,12,14,25,11,12,100,102,104,104,102,69,35,10,2,0,0,13,7
2,3,12,10,12,13,13,13,10,8,22,63,85,94,104,101,40,22,13,0,0,0,5,2
5,9,10,13,12,13,6,16,13,12,39,60,58,77,80,66,12,13,16,0,0,10,4,7
3,12,10,13,14,14,7,16,12,6,12,7,29,41,24,15,0,0,1,6,0,7,13,0
11,11,12,12,9,10,7,19,8,7,12,9,13,31,37,32,3,0,0,2,0,2,5,6
12,12,11,14,17,14,17,23,30,30,34,44,40,43,31,25,10,0,3,3,6,2,0,0
3,7,9,12,12,10,14,12,11,16,51,57,54,55,55,14,7,4,9,5,10,1,0,0
8,8,5,14,13,7,10,8,14,49,60,62,60,58,54,13,7,11,6,9,1,0,1,3
9,13,3,9,1,10,13,8,18,30,56,60,60,58,49,14,10,7,6,0,0,0,6,4
0,3,7,0,6,10,11,9,14,26,52,53,51,52,14,13,7,1,5,1,0,0,1,9
0,0,2,6,1,6,9,9,13,47,53,55,53,30,11,10,9,0,8,0,0,0,3,4
0,0,5,4,10,10,10,10,16,51,57,54,51,13,10,11,9,0,5,4,9,8,2,0
6,6,0,0,9,13,11,12,38,55,54,50,25,14,9,5,7,4,0,0,6,0,6,0
0,1,1,0,0,10,12,43,47,56,57,38,21,9,3,11,8,8,0,0,0,6,10,5
0,0,3,3,6,12,56,122,76,75,47,40,14,3,7,8,10,10,8,0,4,0,3,1
4,0,5,4,0,0,51,119,104,61,51,14,10,10,10,9,8,2,7,6,2,0,0,0
5,4,2,0,0,0,14,39,73,61,50,20,11,1,9,6,0,9,12,9,1,1,0,4
6,4,0,0,3,0,0,6,21,66,42,14,10,7,5,3,7,11,9,0,9,5,8,0
2,0,3,0,2,0,4,8,11,13,11,8,11,10,6,1,8,5,0,10,10,2,2,5

2

9,9,7,3,8,10,8,11,11,12,10,13,2,12,23,14,9,12,6,4,0,6,11,1
11,7,9,10,11,8,9,9,9,14,14,10,10,11,6,0,14,7,6,7,6,6,1,5
10,8,11,6,6,9,6,0,4,6,4,11,14,16,9,13,29,44,55,11,13,0,7,2
11,12,14,13,18,22,42,50,53,43,72,50,14,59,68,86,97,128,116,102,58,13,0,9
0,9,12,15,37,40,51,53,65,61,53,60,89,77,112,157,190,186,168,106,74,54,11,2
13,14,32,45,46,45,50,52,57,59,63,66,68,83,153,220,232,178,124,113,71,40,14,1
14,18,32,44,28,13,14,51,54,57,61,67,89,101,148,169,126,124,99,76,75,47,11,5
14,13,14,17,9,0,8,42,54,56,55,67,68,88,126,131,109,90,73,73,81,80,29,13
11,10,8,8,13,32,40,50,51,58,61,75,104,122,162,163,141,111,85,70,70,54,38,33
7,9,11,10,9,21,31,53,55,59,68,85,127,190,203,169,167,131,82,50,49,22,51,50
10,12,12,13,14,13,47,55,56,60,75,89,153,225,280,236,184,136,89,62,11,0,3,8
3,4,9,17,15,23,45,58,63,66,80,111,148,190,199,175,156,113,70,74,37,7,0,0
8,9,12,14,21,21,46,56,64,82,110,128,146,163,152,127,115,77,65,47,35,9,0,1
6,12,14,20,29,20,50,83,63,80,108,129,144,149,141,122,107,99,102,26,13,1,0,0
4,12,16,19,48,50,51,61,39,51,78,131,159,163,142,118,104,100,86,10,10,5,0,0
10,5,3,7,11,13,17,53,60,58,78,145,204,201,142,100,87,57,29,27,19,8,8,0
12,13,12,14,20,49,62,54,53,60,110,147,214,195,159,94,53,50,64,52,11,6,2,0
12,25,29,32,37,42,41,47,56,101,186,238,259,303,258,213,64,35,38,24,20,13,8,6
12,11,13,14,40,55,62,74,76,132,195,232,254,255,252,212,107,34,13,11,10,9,0,1
10,13,31,33,41,47,53,91,102,121,187,248,293,325,285,203,139,102,28,6,11,6,0,0
10,14,21,20,23,19,39,57,61,102,175,214,263,343,293,190,135,80,45,28,8,2,2,6
9,8,12,12,14,24,34,35,59,82,124,166,241,320,260,194,144,75,40,25,13,13,1,3
10,6,12,18,23,22,23,35,37,42,72,121,158,208,198,157,128,102,53,29,8,0,2,3
4,9,10,12,9,10,16,27,41,40,75,103,123,146,143,125,115,104,62,12,3,8,6,0
8,13,7,2,11,11,14,20,26,14,92,72,108,116,117,109,109,102,67,34,4,0,1,6
11,12,4,12,12,12,12,13,19,13,11,88,103,108,108,104,103,100,29,8,0,0,12,4
2,4,11,10,12,13,14,14,12,9,27,57,87,101,108,105,103,98,41,0,0,0,6,1
5,10,8,13,11,12,13,19,13,11,36,55,58,85,101,100,102,70,38,5,0,10,3,7
3,12,8,12,13,12,9,13,11,5,10,4,42,52,63,86,70,6,0,9,0,5,10,0
11,11,11,11,10,10,6,14,9,6,10,7,13,40,50,52,17,0,0,0,0,0,4,3
11,12,9,13,14,14,15,21,29,30,31,41,41,49,51,55,26,0,1,3,7,0,0,0
3,5,8,11,10,11,13,9,11,14,22,56,55,57,78,58,14,9,1,0,9,0,0,0
8,11,5,10,11,5,8,3,13,39,58,63,64,69,81,56,13,13,7,9,1,0,0,3
9,12,0,7,10,11,12,9,16,25,55,61,68,80,72,51,11,8,7,0,0,0,6,6
0,3,6,4,9,11,11,9,13,19,52,56,56,64,56,23,9,2,4,0,0,0,1,8
0,0,2,6,1,9,9,7,11,31,53,57,58,52,14,16,11,0,7,0,0,0,4,3
0,0,6,5,8,7,9,10,16,50,56,54,54,31,13,10,9,0,5,3,6,7,0,0
5,4,0,0,7,12,9,11,20,53,53,51,32,25,12,8,10,2,0,0,5,0,5,0
0,0,0,0,0,7,5,12,21,53,54,38,20,11,5,10,8,8,0,0,0,7,9,3
0,0,3,0,0,0,14,55,48,54,34,35,13,3,6,7,10,10,7,1,5,0,2,1
4,2,4,5,0,0,9,66,58,53,46,12,9,9,9,6,5,0,7,6,4,0,0,0
6,5,1,1,0,6,10,12,61,56,45,13,10,0,10,8,0,6,12,8,0,1,0,4
6,5,0,0,5,5,0,1,9,65,43,13,0,4,3,2,7,10,9,0,9,5,8,0
3,0,4,0,1,0,1,7,9,12,11,7,9,9,5,0,8,5,0,10,10,2,2,5

2

10,10,8,4,8,10,7,11,11,12,9,11,0,11,23,14,2,8,6,0,1,9,13,1
12,9,10,11,12,11,10,9,10,14,14,10,9,9,4,0,12,9,7,9,3,8,2,7
11,11,12,7,7,12,5,0,0,1,6,9,12,11,8,18,33,46,89,100,67,6,12,3
13,13,14,14,21,27,38,49,51,28,63,56,52,50,40,56,82,148,153,183,130,75,40,6
3,10,14,25,45,43,51,52,61,62,52,60,85,68,76,80,146,206,241,177,137,87,45,13
14,15,36,48,48,46,50,51,56,57,61,61,62,65,77,90,191,196,166,169,125,67,43,8
14,23,40,46,30,13,23,52,56,57,59,63,77,76,89,110,120,138,122,105,108,68,78,12
18,14,21,23,10,3,5,28,53,55,51,57,56,60,79,97,102,105,86,89,117,98,59,52
12,12,10,12,31,40,48,51,51,58,58,67,79,74,98,120,132,117,107,82,84,61,50,63
10,11,13,13,13,37,50,52,55,58,64,64,79,107,121,127,156,157,125,72,61,54,56,64
12,14,14,21,28,15,50,56,56,58,66,70,83,124,167,171,180,168,139,88,51,5,12,22
7,10,14,24,29,35,46,58,63,63,69,72,89,122,148,151,161,142,103,111,66,37,3,6
12,13,13,20,30,31,45,56,63,75,98,79,108,125,139,127,123,108,96,68,54,45,0,0
7,13,22,34,34,35,52,76,61,72,102,101,110,131,137,127,113,110,107,91,73,31,0,0
8,13,15,28,50,50,51,57,33,46,58,81,116,131,139,120,112,104,107,63,83,46,4,0
11,7,4,8,11,18,20,55,60,53,55,72,119,157,122,100,96,97,92,88,79,23,11,0
12,13,12,14,25,48,61,51,50,50,67,74,127,139,146,90,58,58,86,69,71,11,5,0
12,25,29,31,38,42,40,43,47,59,86,115,145,225,250,161,76,47,52,52,41,21,10,2
11,11,13,14,32,52,56,59,59,95,119,146,195,210,240,241,116,43,50,99,50,12,4,1
10,12,23,25,34,42,51,74,80,82,117,161,227,277,288,282,192,118,107,30,34,8,0,0
10,14,23,19,21,19,40,52,55,62,117,146,209,296,297,235,174,114,117,71,37,7,0,4
9,9,13,13,19,22,38,38,52,62,77,120,206,299,283,236,199,125,74,67,29,16,0,0
11,7,14,21,28,27,32,36,34,37,59,91,143,211,224,190,176,140,84,50,13,0,0,1
5,10,11,13,7,10,14,29,27,51,53,70,119,157,171,146,141,123,103,43,10,5,0,0
8,13,7,2,11,10,14,21,31,12,100,29,105,125,137,134,128,118,106,54,10,0,1,0
12,12,4,12,12,13,13,14,21,14,44,42,101,112,118,112,117,110,113,43,0,0,22,8
3,4,10,9,12,13,14,14,12,16,19,34,72,102,113,111,113,108,100,10,2,0,20,20
7,11,7,13,11,12,13,14,14,15,29,16,53,90,105,110,113,107,97,12,4,9,13,17
4,12,9,12,13,12,10,11,10,3,5,0,34,50,76,107,106,104,43,13,5,13,12,14
11,11,10,10,11,10,9,13,13,8,11,6,11,41,54,78,76,56,35,3,6,9,10,10
11,12,10,14,14,19,19,24,32,38,21,34,36,51,62,103,69,55,51,11,8,10,1,0
4,5,7,7,9,13,13,11,12,13,10,52,55,66,111,89,73,33,14,8,5,0,0,0
7,7,9,0,10,10,10,5,13,14,50,59,67,99,130,93,68,21,11,6,1,0,0,3
8,12,0,5,11,13,12,8,13,9,50,59,77,117,120,84,19,11,7,0,0,0,2,2
0,1,5,5,9,11,11,9,12,11,34,52,58,82,83,48,21,4,1,0,0,0,0,2
0,0,1,5,0,8,7,5,6,11,41,52,60,64,51,19,13,3,0,0,0,0,2,0
0,0,6,4,7,7,8,10,12,13,38,52,57,55,22,11,8,1,4,0,0,6,0,0
4,3,0,0,8,11,9,13,10,18,37,51,49,30,13,4,7,1,0,0,1,0,0,0
0,0,0,0,0,1,0,6,10,25,42,33,23,15,7,11,6,5,0,2,0,1,7,0
0,0,2,0,0,0,7,50,11,12,26,38,25,9,9,8,10,9,5,0,3,0,2,1
3,1,3,3,2,2,4,26,48,14,12,8,8,9,6,2,2,0,3,5,0,0,0,0
4,5,0,0,3,10,10,9,53,52,45,24,7,11,12,9,0,4,10,6,0,0,0,3
6,4,0,0,4,8,5,9,12,103,81,16,4,0,3,8,6,6,7,0,8,5,8,0
4,0,3,1,3,0,2,10,9,54,131,102,15,11,0,0,10,6,0,9,10,1,2,5

2

10,10,8,4,7,10,6,10,11,12,8,11,0,10,20,14,0,8,7,2,10,12,17,7
12,10,11,11,12,10,10,9,10,14,14,10,10,9,4,0,12,9,4,9,6,10,9,13
11,11,12,7,7,11,4,0,0,4,10,12,12,12,11,14,31,42,97,106,85,13,14,6
13,14,14,14,18,25,47,26,51,15,52,54,56,53,50,52,69,142,158,216,166,105,62,10
3,10,14,23,42,43,50,50,57,58,55,60,81,63,67,63,120,199,264,212,176,119,56,24
17,15,35,47,47,44,49,50,54,55,60,59,59,57,57,61,172,208,192,207,164,91,55,31
14,25,38,45,28,14,31,52,55,56,58,60,69,67,69,85,120,152,133,125,138,93,93,54
19,14,24,28,11,3,4,27,53,55,46,46,51,54,65,83,102,114,92,100,142,117,82,72
12,12,11,13,40,47,44,51,52,57,54,58,64,64,80,112,134,127,122,92,98,75,61,82
11,12,13,14,14,38,51,52,52,56,58,27,61,74,102,121,163,181,155,92,68,62,64,82
12,16,23,16,30,28,48,55,52,56,61,58,65,97,139,169,201,203,183,115,56,14,14,31
9,11,13,28,33,35,43,56,60,61,60,60,68,95,127,149,182,182,133,134,91,61,10,11
12,14,19,24,37,35,39,53,60,70,80,63,100,107,129,129,133,136,129,89,75,64,27,4
10,13,33,41,39,37,51,77,59,65,96,85,101,107,124,127,122,122,118,105,100,100,10,0
9,12,21,40,43,36,50,56,41,50,58,65,99,105,119,120,118,118,120,100,107,73,38,0
11,9,4,8,11,13,13,54,54,52,51,62,83,85,93,79,95,105,104,107,102,65,60,1
12,13,13,14,16,41,56,44,31,35,50,59,89,68,77,61,56,61,100,85,86,80,39,1
12,26,29,32,36,41,40,41,45,54,66,76,79,86,93,63,63,60,55,55,51,52,25,2
10,11,13,11,14,40,52,53,55,74,107,115,109,87,108,104,64,50,58,111,90,51,6,0
11,12,19,14,24,32,46,62,68,67,105,117,124,119,142,119,116,103,68,47,69,28,1,0
11,16,23,20,20,21,37,51,54,56,105,113,121,122,145,129,119,107,63,42,44,11,0,0
10,10,13,14,24,24,38,38,49,57,59,74,83,116,120,140,117,88,57,29,30,5,2,0
11,9,14,20,27,26,29,38,39,41,56,59,90,110,131,126,134,110,46,22,12,0,3,0
6,10,8,13,2,13,14,35,26,27,89,92,107,117,125,126,136,118,56,22,11,5,0,0
8,12,6,4,12,13,13,19,31,4,100,70,104,112,122,128,138,126,80,17,10,0,8,5
12,12,4,11,13,14,13,15,14,9,64,77,102,108,115,117,135,121,100,14,3,0,11,5
4,5,9,9,13,14,14,14,9,14,41,50,87,103,113,115,129,116,67,12,7,14,18,10
9,13,7,12,11,13,14,14,26,25,26,31,60,103,110,117,128,110,44,8,9,13,30,10
5,12,10,12,11,14,11,11,10,13,7,4,49,101,115,113,108,100,24,4,13,33,34,13
11,12,11,10,14,12,11,11,11,9,13,3,29,73,88,82,75,59,10,3,12,26,24,14
11,13,10,14,13,17,14,23,34,35,25,38,43,82,124,107,103,59,14,10,13,15,34,1
4,6,9,7,10,14,13,10,11,13,12,53,59,84,111,83,86,47,22,12,14,0,0,0
6,7,7,0,10,12,8,3,12,9,50,61,82,134,108,80,51,17,11,9,6,0,2,4
7,11,0,0,10,12,12,7,12,5,50,62,88,127,104,60,16,11,8,3,0,0,2,0
0,0,2,0,6,10,9,9,10,11,26,52,65,84,76,32,13,5,1,0,0,0,0,4
0,0,0,0,5,6,8,6,0,4,28,51,59,66,42,19,14,6,1,0,0,0,0,0
0,0,0,7,6,3,9,8,0,1,13,53,54,58,16,12,9,0,0,0,0,2,0,0
6,8,0,0,11,8,8,8,7,12,41,51,46,33,14,9,9,1,0,0,1,0,0,0
0,0,2,0,0,0,0,6,2,14,26,34,27,28,9,12,2,0,0,0,0,2,8,0
0,0,0,1,3,0,4,34,0,9,13,38,21,12,11,6,5,4,5,0,0,0,0,0
0,1,0,0,0,4,8,32,45,11,13,44,30,12,0,0,0,0,0,1,0,0,0,0
4,6,0,0,5,12,13,11,56,54,24,52,14,9,9,10,2,2,8,0,0,0,3,7
5,2,0,1,6,12,8,13,18,115,82,55,52,14,12,10,8,5,5,1,4,2,7,0
6,2,7,9,5,1,11,14,22,89,352,182,56,26,9,7,8,6,0,8,9,2,2,5

0

10,10,8,4,7,11,7,11,11,12,9,12,0,11,18,16,1,9,7,2,10,12,15,7
12,9,10,11,11,11,10,11,12,21,25,12,12,11,5,0,12,10,6,9,6,11,9,13
11,11,13,7,6,8,2,0,0,5,10,14,13,14,12,29,33,42,92,107,82,13,18,7
13,14,14,14,18,29,51,42,50,22,52,55,54,53,50,52,66,138,165,234,171,108,64,11
3,9,14,22,38,43,50,51,58,57,57,61,78,61,64,61,113,198,290,240,197,133,60,28
16,14,35,46,45,45,49,51,54,55,60,60,58,54,58,60,155,218,213,238,193,111,62,41
14,23,36,44,28,13,27,51,54,55,60,60,67,66,67,72,111,164,140,142,160,119,104,62
16,14,22,28,10,3,5,28,52,54,50,44,50,51,62,65,91,114,94,110,166,141,107,92
12,12,11,13,39,48,40,50,52,57,55,59,64,62,68,93,121,127,128,102,116,98,84,105
11,12,13,14,13,35,48,51,53,55,58,54,54,58,74,92,137,177,172,110,77,75,81,101
12,16,23,14,31,25,39,54,55,55,60,57,61,76,103,128,170,201,206,140,62,52,35,21
8,10,12,27,29,32,41,54,59,60,59,57,56,74,100,121,167,191,159,162,114,74,14,12
12,13,16,24,36,29,35,51,58,67,74,54,76,101,107,116,131,151,156,112,107,83,59,12
10,13,33,43,37,32,50,75,57,63,87,71,77,102,109,119,123,132,133,115,110,105,93,13
9,10,15,36,40,30,41,41,36,36,54,58,74,91,107,115,120,125,128,104,115,93,61,0
11,9,4,8,10,11,11,44,43,14,43,54,57,56,78,80,102,108,108,115,106,76,82,20
12,13,12,13,13,29,50,38,31,29,16,40,53,56,66,59,58,62,105,102,100,92,58,6
12,26,28,31,35,39,37,38,42,47,52,58,51,66,74,62,77,71,64,60,54,58,38,6
9,10,12,9,13,23,37,46,50,59,100,103,65,66,99,89,62,50,72,123,107,67,10,5
10,11,14,13,14,25,35,53,56,56,78,101,100,110,143,121,118,102,64,102,90,59,5,0
11,14,19,18,16,17,27,30,37,37,77,81,107,122,149,136,125,115,65,44,58,31,7,0
9,9,11,13,18,20,32,29,35,45,44,55,82,126,134,147,117,108,64,39,45,12,5,0
10,8,13,18,25,21,22,32,32,29,43,94,106,123,141,138,137,105,28,31,25,0,5,0
5,9,7,12,1,12,12,13,13,14,59,103,117,128,133,138,137,108,36,14,10,7,0,0
7,12,5,1,10,11,11,12,12,7,100,102,109,119,127,139,132,103,33,10,11,1,10,6
11,12,3,10,12,12,11,12,11,14,67,102,106,111,120,124,125,103,11,10,5,10,13,3
3,4,8,7,12,13,12,13,6,13,40,77,103,104,115,120,116,70,8,11,14,24,14,5
9,13,5,10,10,12,12,12,13,13,48,100,89,104,110,116,111,13,1,12,54,45,12,3
5,12,7,11,11,13,10,10,4,8,19,55,74,114,108,101,86,11,11,50,60,52,25,5
11,11,10,9,13,8,10,6,9,9,31,54,79,89,60,55,31,9,13,50,60,40,13,11
11,12,9,14,12,11,14,15,32,36,43,65,63,121,104,65,34,39,51,52,50,33,7,1
3,5,7,5,4,12,11,12,13,44,85,76,68,74,90,54,13,12,39,34,31,17,7,0
8,8,6,0,7,10,8,2,30,55,72,86,97,90,58,33,11,14,14,14,11,0,0,6
8,9,0,0,4,8,11,9,13,51,72,106,121,97,50,14,12,10,8,5,0,0,4,0
0,0,0,0,0,10,4,5,10,52,66,104,90,70,50,23,9,6,2,0,0,0,0,4
0,0,0,0,0,1,0,6,2,52,57,90,83,54,21,18,16,9,2,0,0,0,0,0
0,0,0,5,2,0,2,0,8,51,61,71,62,44,14,13,13,11,6,1,0,3,0,0
6,9,0,3,8,8,6,4,1,50,58,59,51,32,20,14,10,7,7,0,3,0,2,0
0,0,4,0,0,7,6,0,11,47,58,55,32,20,13,7,10,3,0,0,0,4,9,5
0,0,0,0,8,0,12,11,12,37,58,67,50,12,11,6,0,0,0,2,5,0,1,2
5,6,0,0,0,3,6,30,33,52,57,63,19,11,4,6,7,0,5,5,8,0,0,0
6,6,1,3,4,9,11,9,16,40,60,71,19,8,8,9,0,6,11,2,0,0,0,3
6,7,0,1,10,11,5,11,3,50,61,79,56,6,11,6,5,8,7,4,8,4,7,0
5,3,9,9,9,1,6,12,9,14,55,65,24,10,0,0,1,5,0,11,11,3,5,6

0

10,10,8,4,7,11,6,10,11,12,9,11,0,11,18,15,1,10,9,6,13,14,30,11
12,10,11,11,11,11,10,10,11,15,21,12,11,11,5,0,12,9,4,9,7,13,13,30
11,11,13,8,6,8,3,0,2,7,11,13,13,13,11,24,31,36,83,101,72,10,14,8
13,14,14,14,18,24,32,37,41,25,50,54,54,53,52,51,63,129,155,214,155,105,62,11
3,9,14,19,37,39,50,50,54,56,56,59,76,60,62,58,101,181,264,229,187,128,60,27
15,14,33,44,45,44,48,50,53,53,59,58,56,53,55,55,131,192,196,226,185,108,62,41
14,21,36,42,28,13,22,50,52,54,58,59,64,64,64,69,98,145,135,139,157,119,103,61
14,14,16,20,10,1,2,16,51,52,29,25,39,39,59,62,83,105,88,108,163,140,108,93
11,11,10,11,31,39,25,49,46,55,53,56,60,58,65,82,112,119,123,101,115,97,85,107
10,11,12,13,13,30,43,50,51,53,56,51,51,52,69,85,128,161,158,106,76,73,82,103
12,14,20,14,27,14,21,52,51,54,58,56,56,69,103,127,159,186,187,125,59,50,36,35
7,9,12,20,18,27,34,51,54,57,56,54,55,71,105,125,163,177,142,145,100,64,14,13
10,11,13,14,30,20,29,41,54,61,67,52,70,102,117,120,130,142,137,104,96,69,38,11
9,12,29,36,26,17,38,50,50,57,71,57,74,106,116,122,122,127,125,110,104,100,58,7
9,10,13,25,14,18,21,28,11,12,14,52,73,103,115,118,117,120,122,101,110,78,49,0
10,8,1,6,6,10,6,13,11,4,8,50,62,83,90,81,100,106,104,109,103,68,62,9
11,12,11,12,12,14,37,26,13,12,12,28,73,74,76,65,58,61,103,96,90,75,43,0
11,23,24,28,32,35,35,35,37,38,43,53,54,93,96,82,78,71,63,58,51,51,23,5
8,9,11,7,11,14,27,29,14,13,44,106,107,93,123,107,69,51,71,117,89,47,9,3
10,11,14,12,11,13,14,14,14,27,63,111,129,136,184,147,128,106,63,100,72,42,2,2
10,13,14,16,12,13,11,11,13,14,89,112,138,162,199,169,145,141,83,44,51,12,2,0
7,8,10,12,13,14,25,23,34,52,66,111,144,177,177,182,139,144,84,47,43,10,3,0
9,5,12,14,22,15,20,29,26,27,65,118,138,156,171,162,152,122,45,38,22,0,5,1
4,8,6,11,0,9,12,10,6,14,101,113,137,145,149,148,144,120,63,14,11,7,0,1
6,11,3,0,8,9,9,8,8,10,101,106,117,127,138,143,135,114,65,12,12,4,6,8
11,10,2,8,11,11,10,9,9,14,82,105,109,115,127,126,128,107,14,10,13,14,13,3
1,2,6,6,11,12,11,13,7,14,53,85,105,106,119,119,117,103,10,25,57,37,15,6
7,12,4,10,10,11,13,12,12,12,41,101,92,106,112,115,114,96,6,51,59,59,13,4
3,11,6,10,10,12,9,8,3,8,14,56,75,114,108,102,100,14,30,56,63,57,28,6
10,11,9,9,12,9,9,6,8,9,23,54,78,90,61,56,38,11,45,54,66,54,16,12
10,12,9,14,12,12,12,17,32,34,41,62,62,125,103,75,44,46,58,57,53,54,27,6
3,4,6,4,7,11,11,12,13,38,77,72,66,76,92,58,42,21,52,37,29,17,13,7
8,7,8,0,8,10,9,1,33,53,70,81,94,89,63,35,19,38,28,15,10,1,0,0
8,9,0,0,8,10,13,10,15,50,66,95,112,97,51,18,29,17,9,6,0,0,3,0
0,0,0,0,2,11,10,8,11,50,58,90,83,70,41,21,13,8,4,0,0,0,0,0
0,0,0,0,4,4,5,7,3,42,54,78,74,54,15,16,14,9,3,0,0,0,0,0
0,0,0,6,4,1,5,0,5,26,56,63,58,39,13,13,12,10,3,0,0,0,0,0
4,8,0,3,8,9,6,4,1,22,54,55,50,30,16,13,9,6,6,0,2,0,0,0
0,0,4,0,0,7,4,0,10,24,54,51,30,17,12,8,9,5,0,0,0,5,9,5
0,0,0,1,9,0,8,7,7,25,46,59,40,13,10,8,0,1,6,4,5,0,3,2
5,7,1,0,3,8,4,17,27,37,52,58,14,12,3,5,5,0,6,8,9,0,0,0
6,6,1,3,2,1,11,9,12,24,53,60,14,9,8,12,0,5,11,3,0,0,0,3
6,7,0,1,9,9,0,5,0,23,55,73,45,5,10,6,4,10,7,4,8,4,7,0
5,2,8,8,8,0,4,10,10,13,56,64,19,9,0,0,0,5,1,11,11,3,5,6

0

10,9,8,4,7,11,5,10,10,12,8,12,0,11,18,16,2,11,10,8,14,18,34,12
12,9,10,10,11,10,9,10,11,14,17,12,11,11,5,0,12,9,4,9,8,14,14,39
11,11,12,7,6,7,4,0,2,7,10,13,13,13,12,29,32,37,81,95,67,8,14,9
13,13,13,13,15,18,20,27,32,15,39,52,52,53,52,52,66,136,157,202,147,102,61,10
1,7,13,14,30,30,42,41,52,55,54,58,74,59,62,59,110,188,257,224,183,124,59,25
14,14,30,41,39,41,45,47,51,52,57,57,54,52,55,58,142,193,194,222,181,105,60,38
14,15,29,36,21,12,15,43,51,52,56,57,62,63,64,73,103,145,133,136,153,115,100,59
13,12,14,13,9,0,1,14,49,50,15,14,21,15,59,67,86,106,87,107,157,135,103,89
10,10,8,10,24,27,14,41,27,52,51,52,58,56,67,88,114,119,123,100,112,93,83,104
9,10,11,12,12,21,28,40,40,51,53,45,23,56,76,93,133,163,155,103,74,71,80,102
10,14,17,13,19,14,14,48,40,52,57,55,53,78,114,137,168,187,181,118,58,46,31,39
5,7,11,14,13,18,26,39,50,55,55,54,59,76,113,131,167,175,138,139,91,59,13,13
9,9,12,13,21,14,21,33,51,57,65,54,78,104,124,123,131,139,131,100,87,63,27,9
7,11,22,26,16,14,22,30,36,53,68,65,94,111,120,124,122,125,122,108,102,92,14,4
8,10,11,14,12,14,13,14,10,12,11,53,90,108,118,120,117,119,120,100,108,72,43,0
10,7,0,4,4,6,3,7,10,0,8,51,77,101,94,84,100,106,104,107,102,65,57,6
11,12,10,10,11,14,33,23,13,10,11,36,84,84,82,70,59,62,103,94,86,71,37,0
9,19,20,26,30,34,35,35,37,42,52,61,65,115,111,91,83,72,63,57,50,48,19,3
6,7,10,5,11,14,20,28,22,31,73,113,124,110,133,110,70,51,71,116,83,36,8,3
8,10,13,10,9,13,14,14,19,50,78,123,144,148,193,152,129,106,60,100,68,29,2,2
9,12,13,14,10,12,12,13,14,50,102,122,151,178,209,173,146,141,81,43,48,10,1,0
5,6,10,12,13,14,26,26,40,55,78,123,161,190,184,185,140,144,79,46,39,10,5,0
8,3,11,12,20,14,20,31,28,32,72,124,147,166,177,166,154,123,45,40,22,0,6,2
4,7,5,11,0,9,12,10,9,29,102,117,143,150,153,149,145,121,62,14,11,7,0,2
5,10,2,0,8,9,10,8,9,12,101,108,121,130,140,143,136,114,67,12,13,5,5,9
11,10,2,8,11,11,10,9,10,21,86,106,110,117,129,126,128,108,14,12,17,26,14,4
0,0,6,6,11,12,11,13,7,17,55,88,106,106,120,119,117,104,10,39,63,41,18,7
6,11,4,10,9,11,13,12,12,13,39,101,92,106,112,115,114,97,7,52,59,61,14,5
2,10,6,10,9,11,9,8,5,9,14,56,75,114,108,102,101,15,33,56,63,58,31,7
9,10,9,8,11,9,8,6,9,10,21,54,77,89,61,56,39,11,46,55,67,55,23,12
10,12,9,14,12,12,12,17,33,36,41,62,62,126,103,76,46,47,58,58,53,59,35,9
2,3,5,3,7,11,11,12,13,35,75,71,66,77,93,59,50,25,52,39,30,19,14,7
8,7,8,0,8,11,9,2,32,53,69,80,94,90,64,38,33,42,31,24,11,4,0,1
7,8,0,0,9,11,13,10,15,50,66,95,112,98,52,27,33,24,11,8,0,0,3,0
0,0,0,0,3,11,10,8,11,50,58,90,83,71,40,23,19,9,4,0,0,0,0,1
0,0,0,0,5,5,5,7,3,41,54,78,75,54,15,18,15,9,4,0,0,0,0,0
0,0,0,6,4,2,4,0,4,24,56,63,58,42,13,13,12,9,2,0,0,0,0,0
4,7,0,3,7,9,5,2,1,19,54,55,50,30,17,13,9,6,5,0,2,0,0,0
0,0,4,0,0,6,3,0,10,25,54,51,30,20,12,8,10,6,0,0,0,4,9,5
0,0,0,1,8,0,7,6,7,27,45,59,44,13,10,9,0,1,6,4,5,0,4,2
5,7,1,0,1,8,4,14,27,39,51,57,14,12,3,5,5,0,6,9,9,0,0,0
6,6,1,2,1,0,10,10,12,24,53,59,14,8,8,12,0,5,11,3,0,0,0,3
6,7,0,0,8,8,0,2,0,19,55,71,33,4,10,6,3,10,9,4,8,4,7,0
5,2,8,7,8,0,3,10,10,13,55,63,15,9,0,0,0,5,1,11,10,3,5,6

0

9,9,8,3,7,10,5,10,10,12,8,12,0,11,18,16,2,11,10,9,14,19,34,13
12,9,10,10,10,10,9,10,10,14,14,11,11,11,5,0,12,9,3,9,8,18,16,40
10,10,12,7,5,7,4,0,2,7,10,13,13,13,12,28,32,35,79,93,66,8,14,9
12,13,13,13,14,14,15,20,25,14,33,50,52,53,52,51,65,134,155,200,147,102,61,10
0,6,12,14,22,25,39,38,51,54,53,58,72,59,61,58,107,185,253,223,184,124,59,26
13,13,27,38,37,39,43,46,50,51,57,56,54,51,55,58,139,190,193,222,182,106,61,38
13,14,23,31,17,12,14,39,50,52,55,56,61,62,63,72,101,143,133,136,153,116,100,59
13,12,13,13,8,0,0,14,46,42,14,13,15,14,59,67,85,105,87,106,158,136,103,90
10,9,7,9,20,23,13,36,14,46,50,51,57,56,67,87,113,118,123,100,113,94,84,105
8,9,11,12,11,16,20,35,31,50,52,32,28,57,76,92,132,161,155,103,74,71,81,103
10,13,16,13,15,13,14,43,31,51,56,54,55,77,114,136,167,187,182,118,58,46,33,42
4,7,11,13,13,14,24,34,44,54,55,54,61,76,113,131,166,174,138,139,91,59,13,13
8,8,12,13,16,13,17,30,49,56,65,55,80,105,124,123,130,138,131,100,86,63,26,9
6,10,18,23,14,13,15,23,29,52,67,66,96,111,120,124,121,125,121,107,101,90,13,4
7,9,10,14,12,13,12,14,10,12,12,54,93,109,119,120,116,119,120,99,107,72,42,0
9,7,0,2,3,6,2,7,10,0,10,52,81,102,96,84,100,106,103,107,102,65,56,5
11,11,10,10,10,13,32,20,12,11,12,40,86,85,83,71,59,61,103,93,85,70,36,0
9,17,17,25,30,33,34,35,38,43,53,63,68,121,115,94,84,72,63,56,49,47,18,3
6,6,10,4,10,13,18,26,24,39,80,115,129,114,136,111,71,51,72,116,82,36,8,3
8,10,13,10,9,13,13,14,23,50,80,125,148,153,196,154,129,106,59,100,68,28,2,3
8,12,13,14,10,12,12,13,18,51,102,125,156,182,211,174,146,142,80,43,47,10,2,0
4,6,10,11,13,14,26,26,41,56,80,126,167,193,186,187,140,145,78,46,38,10,5,0
8,3,10,12,19,14,20,31,28,33,74,126,149,168,179,167,154,124,46,40,22,0,6,2
4,7,4,10,0,9,12,10,9,31,102,118,145,152,155,150,145,121,63,14,11,8,0,3
4,10,2,0,7,9,10,8,10,12,101,109,123,131,142,144,136,115,67,12,13,5,6,10
11,9,1,8,10,11,10,9,10,24,86,106,111,117,130,126,128,108,14,13,22,29,14,5
0,0,5,6,11,12,11,13,8,19,57,88,106,106,120,119,117,104,10,44,65,43,19,7
6,11,3,9,9,11,13,12,12,13,39,101,92,106,112,115,114,97,7,53,60,62,14,5
2,10,6,10,9,11,9,8,5,9,13,56,74,114,108,103,101,17,33,57,64,58,31,7
9,10,9,8,11,9,8,7,9,10,22,54,77,89,61,56,40,11,47,55,67,55,24,12
10,12,8,14,12,12,12,17,33,37,41,62,62,126,103,76,47,47,58,58,53,60,36,9
1,3,5,3,7,11,11,12,14,37,75,71,66,78,94,59,50,25,52,39,30,20,15,7
7,6,7,0,8,10,9,2,33,53,69,81,94,90,65,39,36,42,31,25,11,4,0,1
7,8,0,0,9,11,13,11,14,50,66,95,112,98,52,28,33,25,11,8,0,0,4,0
0,0,0,0,3,11,10,8,11,50,58,90,84,72,41,25,22,9,4,0,0,0,0,1
0,0,0,0,4,5,5,7,3,42,54,78,75,54,15,19,16,10,4,0,0,0,0,0
0,0,0,6,3,1,4,0,4,26,56,63,58,42,13,13,12,10,3,0,0,0,0,0
3,7,0,3,7,9,4,2,1,18,54,55,50,31,17,13,9,6,6,0,2,0,0,0
0,0,4,0,0,5,2,0,10,24,54,51,30,21,12,9,10,6,0,0,0,5,9,5
0,0,0,1,7,0,5,6,6,29,45,59,44,13,10,9,0,1,6,4,5,0,4,2
5,7,0,0,0,8,4,14,28,41,52,57,14,12,3,5,5,0,6,9,9,0,0,0
6,6,0,2,1,0,9,10,12,26,53,59,14,8,8,12,0,4,11,3,0,0,0,3
6,7,0,0,8,8,0,2,0,19,55,71,31,3,10,5,3,10,9,5,8,4,7,0
5,2,8,7,7,0,3,9,10,13,54,63,14,8,0,0,0,5,1,10,10,2,5,6

0

9,9,7,3,6,10,4,10,10,12,8,12,0,11,18,16,2,11,10,9,14,22,35,13
12,8,9,10,10,10,8,9,10,14,14,11,10,11,5,0,12,9,3,9,8,21,19,43
10,10,12,6,5,7,4,0,2,7,10,13,13,13,12,28,31,34,77,91,65,8,14,9
12,12,13,13,14,14,14,15,16,13,25,50,51,53,52,51,64,133,154,199,146,102,61,10
0,5,12,13,17,20,36,34,50,53,52,57,71,59,60,58,106,183,253,223,184,124,59,26
13,13,25,36,33,37,42,45,49,51,56,55,54,51,55,58,137,189,193,222,182,106,61,39
13,14,18,27,15,12,14,34,48,51,54,55,60,61,63,72,100,142,133,136,153,116,100,59
12,11,12,12,8,0,0,13,44,37,16,13,14,13,59,67,85,105,86,106,158,136,104,90
9,8,7,8,17,18,11,32,13,28,44,50,57,55,67,87,112,118,122,100,113,94,85,105
7,9,11,12,10,14,15,28,23,43,50,26,51,58,76,92,131,161,155,103,74,72,82,103
9,13,15,12,15,13,14,40,24,50,55,54,58,77,114,136,166,187,182,119,58,47,33,45
3,6,10,13,13,14,21,29,37,53,54,54,61,76,113,130,166,174,138,139,91,58,13,13
7,7,11,13,14,12,15,28,46,54,65,55,80,105,124,123,130,138,131,99,86,62,26,9
5,10,16,22,14,13,14,20,24,51,66,67,98,112,121,124,121,125,121,107,101,90,13,4
7,8,9,14,11,13,12,13,10,12,12,54,95,109,119,120,116,118,120,98,107,71,42,0
10,7,0,1,2,5,2,7,9,0,10,52,83,103,96,85,100,106,103,106,102,65,56,5
11,11,9,9,10,13,28,19,12,11,12,44,88,86,84,72,59,61,103,93,85,70,36,0
9,17,16,24,29,32,34,35,38,43,54,64,69,124,118,96,85,72,63,56,49,47,18,3
5,6,10,4,10,13,16,26,24,43,84,115,131,117,138,112,71,51,72,116,81,35,8,3
8,9,13,10,9,12,13,14,26,51,81,126,150,157,197,155,129,106,58,100,68,27,2,3
8,11,12,14,10,11,12,13,21,51,102,126,159,184,212,175,146,142,80,43,47,10,2,0
4,6,9,11,13,14,27,26,41,56,82,127,169,196,187,188,141,145,78,46,38,10,5,0
7,2,10,12,18,14,19,31,28,33,75,127,151,170,180,168,155,124,46,40,23,0,6,2
4,7,4,10,0,9,12,10,10,33,102,119,146,153,157,150,145,121,63,14,11,8,0,4
4,10,2,0,7,9,10,8,10,12,101,109,124,132,142,144,136,115,68,12,14,6,6,11
10,9,1,8,10,11,10,9,10,27,88,106,111,118,130,126,128,108,14,13,27,31,14,6
0,0,5,6,11,12,11,13,8,20,57,89,106,106,120,119,117,104,11,47,66,43,20,8
6,11,3,9,9,11,13,12,13,13,38,101,93,107,112,115,114,98,7,53,60,63,14,6
2,10,6,9,9,11,9,8,5,9,13,56,75,114,108,103,101,15,33,57,64,58,32,8
9,10,9,8,11,9,8,7,10,10,22,54,77,89,61,56,40,11,47,55,68,55,25,13
10,12,8,13,11,12,12,17,34,38,41,62,62,126,103,76,48,47,58,58,54,60,37,10
1,3,5,2,7,11,11,12,13,38,75,71,66,78,94,59,50,27,52,39,30,20,16,8
7,6,7,0,8,10,9,2,35,53,69,81,95,90,65,41,39,42,32,27,11,5,0,1
7,8,0,0,9,11,13,11,14,50,66,95,113,99,52,29,34,26,11,8,0,0,4,0
0,0,0,0,3,11,10,8,11,50,58,90,84,72,39,25,24,9,4,0,0,0,0,2
0,0,0,0,4,5,5,7,3,43,54,78,75,54,15,20,16,10,4,0,0,0,0,0
0,0,0,5,3,1,3,0,4,26,56,63,58,42,13,13,12,10,3,0,0,0,0,0
3,7,0,3,7,8,4,1,0,19,54,55,50,31,17,13,9,6,6,0,3,0,1,0
0,0,4,0,0,5,2,0,9,24,54,51,30,22,12,9,10,6,1,0,0,5,9,5
0,0,0,1,7,0,4,5,6,30,45,59,44,13,10,9,0,1,7,5,5,0,4,2
4,6,0,0,0,7,4,13,29,43,52,57,14,12,3,5,5,0,6,9,9,0,0,0
6,6,0,2,1,0,9,10,11,26,53,58,14,8,7,12,0,4,11,3,0,0,0,3
6,7,0,0,7,7,0,1,0,19,55,71,29,3,10,5,3,9,9,4,8,4,7,0
5,2,8,7,7,0,3,9,10,13,54,63,14,8,0,0,0,5,1,10,10,2,5,6

0

9,9,7,2,6,10,4,9,10,12,8,11,0,11,18,16,2,11,10,9,14,20,35,13
12,8,9,9,9,10,8,9,10,14,14,11,10,11,5,0,12,9,3,9,8,22,21,43
10,9,12,6,5,6,4,0,2,6,9,13,13,13,12,28,31,33,76,89,65,8,14,9
12,12,13,12,13,13,14,14,14,12,22,44,47,52,53,51,64,132,153,199,146,102,61,10
0,5,11,12,14,17,31,31,44,51,51,57,70,59,60,58,105,182,252,224,184,124,59,26
13,13,23,34,31,36,41,44,48,50,55,54,53,51,55,58,136,188,192,222,182,106,61,39
13,14,14,24,14,12,14,31,45,50,54,55,59,61,63,72,100,142,133,136,153,116,100,59
12,11,12,12,7,0,0,13,42,34,16,13,14,13,59,67,85,104,86,106,158,136,104,90
9,8,6,8,14,15,10,29,11,16,39,46,56,55,67,86,112,117,122,100,113,94,85,106
7,9,11,11,10,14,14,25,15,38,45,27,52,60,76,91,130,161,156,103,75,72,82,104
9,13,14,12,14,13,14,35,16,50,53,53,58,77,114,135,166,187,183,119,58,48,33,45
3,6,10,13,13,13,18,26,33,53,54,54,62,76,112,130,165,174,138,140,92,58,13,13
7,7,11,12,14,12,14,25,43,53,63,55,81,105,124,124,130,138,131,99,86,62,26,9
5,9,15,19,13,13,14,16,20,50,66,68,98,112,121,124,122,125,121,107,101,89,12,4
6,8,8,14,11,12,11,13,9,12,12,54,97,109,119,120,117,118,120,98,107,71,42,0
9,7,0,0,1,4,1,7,9,0,11,53,86,104,97,85,100,105,103,106,102,64,56,5
10,11,9,9,9,12,24,17,12,11,12,45,89,87,86,73,60,61,103,92,84,69,35,0
9,15,14,24,29,32,34,35,38,44,54,65,71,126,121,100,87,73,63,56,49,47,18,3
5,6,10,4,10,13,15,25,25,45,85,116,133,119,140,113,72,51,72,116,80,34,8,3
8,9,13,10,9,12,13,13,25,51,83,128,153,159,197,154,129,105,57,100,68,26,2,3
8,11,12,14,9,11,12,13,22,51,102,128,162,184,210,173,146,141,78,42,46,9,2,0
4,5,9,11,13,14,26,26,41,56,84,130,172,196,186,186,140,143,76,44,35,9,6,0
7,2,10,11,18,13,19,31,28,34,77,128,152,170,179,167,154,124,45,39,22,0,7,2
3,6,4,10,0,9,12,10,10,33,103,120,147,154,156,150,145,121,63,14,11,8,0,4
4,10,1,0,7,9,10,8,10,12,101,109,125,132,143,144,136,115,69,12,14,6,6,11
10,9,1,8,10,11,11,9,10,25,89,106,112,118,130,126,128,108,14,13,33,32,14,6
0,0,5,6,11,12,11,13,8,20,58,90,106,106,120,119,117,104,11,51,68,44,21,8
6,11,3,9,9,11,13,12,13,13,39,101,93,107,112,115,114,97,8,54,60,63,14,6
2,9,6,9,9,11,9,8,5,9,13,56,74,114,108,103,101,17,35,57,64,59,32,8
8,10,8,7,11,9,8,6,10,10,21,54,77,89,60,56,40,11,50,56,70,56,27,13
10,12,8,13,11,12,12,17,33,38,41,62,62,126,103,75,48,48,59,59,55,63,40,11
1,3,4,2,7,11,11,12,14,38,75,71,66,78,94,59,50,28,53,39,31,20,17,8
7,6,7,0,8,10,9,2,34,53,69,81,95,90,66,40,43,44,33,28,11,6,0,2
7,8,0,0,9,11,13,11,15,50,66,95,113,99,52,33,35,28,11,8,1,0,3,0
0,0,0,0,3,11,10,8,11,50,58,90,84,72,39,25,27,9,4,0,0,0,0,2
0,0,0,0,4,5,4,7,3,41,54,77,75,54,14,20,16,9,4,0,0,0,0,0
0,0,0,5,2,0,3,0,4,25,56,62,58,42,13,13,12,9,2,0,0,0,0,0
3,7,0,3,7,8,3,1,0,17,54,55,50,31,16,13,9,6,5,0,2,0,1,0
0,0,4,0,0,5,1,0,9,24,54,51,31,21,12,9,10,6,1,0,0,6,9,5
0,0,0,1,6,0,4,5,5,30,45,59,46,13,10,9,0,1,7,5,5,0,4,2
4,6,0,0,0,7,4,13,29,43,51,57,14,12,3,5,5,0,6,9,10,0,0,0
5,6,0,2,1,0,8,9,11,27,52,58,14,7,7,12,0,4,11,3,0,0,0,3
6,7,0,0,7,7,0,1,0,17,54,70,28,3,10,5,2,9,9,4,8,4,7,0
5,2,7,7,7,0,2,9,11,13,54,62,14,8,0,0,0,5,1,10,10,2,5,6

0

9,9,7,2,6,10,4,9,10,12,7,11,0,11,17,16,2,11,10,9,14,20,34,13
11,8,9,9,9,9,8,9,10,14,14,11,10,11,5,0,12,9,3,9,8,24,24,46
9,9,12,6,5,6,3,0,1,6,9,12,12,13,12,28,31,31,75,88,64,8,14,9
11,12,13,12,13,13,14,13,13,11,19,40,45,52,53,51,64,132,152,198,145,102,60,10
0,4,10,12,14,15,29,28,40,48,50,56,69,59,60,57,106,182,253,224,183,124,58,26
12,12,22,32,29,36,40,44,47,50,54,54,53,51,55,59,137,188,192,222,182,106,60,38
13,14,14,20,14,12,14,29,43,50,53,54,59,61,63,73,100,142,133,136,153,116,100,59
11,10,11,11,7,0,1,13,40,32,14,13,13,12,59,68,85,105,86,106,158,136,104,90
9,7,6,7,14,14,9,26,10,13,33,43,56,55,68,87,112,117,122,100,113,94,85,105
7,9,10,11,10,13,14,20,14,34,40,30,53,61,77,92,131,161,156,103,74,72,82,104
9,13,14,12,14,13,14,32,14,45,53,53,58,77,114,135,166,188,183,120,58,47,34,46
3,6,10,12,12,13,16,24,30,52,54,54,62,77,113,131,166,175,139,140,92,58,13,13
6,6,11,12,13,11,14,23,41,53,63,55,80,105,124,124,131,138,131,99,86,62,25,9
5,9,14,19,13,12,14,14,18,46,65,68,99,112,121,125,122,125,121,107,101,89,12,4
6,7,7,14,11,12,11,12,9,12,12,55,99,110,120,121,117,118,120,98,107,70,42,0
9,6,0,0,1,4,1,6,8,0,11,53,88,104,99,86,100,105,103,106,101,65,56,5
10,11,9,8,9,12,21,16,12,11,13,48,89,87,87,74,60,61,103,92,84,69,35,0
9,15,14,23,28,31,33,35,38,44,54,66,72,128,125,103,89,73,64,56,49,46,17,3
5,5,9,3,9,13,14,23,25,48,90,117,134,121,141,113,72,51,73,116,80,32,8,3
8,9,13,10,8,12,13,13,25,52,86,129,155,162,198,154,128,105,56,100,68,24,2,3
8,11,12,14,9,11,12,13,26,52,103,130,165,185,210,173,145,140,76,42,45,9,1,0
3,5,9,11,12,14,26,26,42,56,87,133,174,196,185,185,139,142,74,43,33,9,6,0
7,2,9,11,17,13,19,31,28,34,79,130,154,171,179,167,154,124,45,38,20,0,7,2
3,6,4,10,0,9,13,10,10,34,103,120,148,155,156,150,145,121,63,14,11,8,0,4
4,9,1,0,7,9,10,8,10,12,101,110,126,133,143,144,136,115,70,12,14,6,6,11
10,9,1,8,10,11,10,9,10,27,92,106,112,119,131,127,128,108,14,14,34,33,14,7
0,0,4,6,11,12,11,13,8,22,59,90,106,107,120,119,117,104,11,52,69,45,22,8
6,11,3,9,9,11,13,12,12,13,38,101,93,107,113,115,114,100,8,54,61,64,16,6
1,9,6,9,8,11,9,7,5,9,13,56,74,114,107,103,101,17,35,57,65,59,33,9
8,10,8,7,11,9,8,6,9,10,21,54,76,88,61,56,41,12,50,56,71,57,28,13
10,12,8,13,11,12,12,17,33,38,41,61,62,126,103,75,49,48,59,60,55,63,42,11
1,3,4,2,7,11,10,12,14,38,75,70,66,78,94,59,51,29,54,40,31,20,18,9
7,5,7,0,8,10,9,2,34,53,69,81,95,91,66,41,46,44,33,29,11,7,2,2
6,8,0,0,9,11,13,11,15,50,66,95,113,99,53,33,36,30,12,9,2,0,4,0
0,0,0,0,3,11,10,8,11,50,57,90,84,72,39,25,28,9,5,0,0,0,0,2
0,0,0,0,4,4,4,7,3,42,54,77,75,54,15,21,16,9,5,0,0,0,0,0
0,0,0,5,2,0,2,0,4,25,56,62,58,41,13,13,12,9,3,0,0,1,0,0
3,7,0,3,6,7,2,0,0,18,54,55,50,31,16,13,9,6,5,0,3,0,2,0
0,0,4,0,0,4,0,0,9,23,54,51,30,21,12,9,10,6,1,0,0,6,10,5
0,0,0,1,6,0,4,4,5,30,45,59,47,13,10,9,0,2,7,5,5,0,4,2
4,6,0,0,0,7,4,13,29,44,51,57,14,12,3,5,5,0,6,9,10,0,0,0
5,5,0,1,1,0,8,9,11,28,53,58,14,7,7,12,0,3,11,3,0,0,0,3
6,7,0,0,7,6,0,0,0,18,54,70,27,3,10,5,2,9,8,4,8,4,7,0
4,1,7,7,7,0,2,9,11,12,54,62,14,8,0,0,0,5,1,10,10,2,5,6

0

9,9,7,2,6,10,4,9,10,12,7,12,0,11,17,16,2,11,10,9,14,23,35,13
11,8,9,8,9,9,8,8,9,13,13,11,10,11,5,0,12,9,3,9,8,27,24,46
9,9,12,5,4,6,3,0,1,5,8,12,12,13,11,29,31,31,74,87,64,8,14,9
11,12,12,12,12,12,13,13,13,11,16,36,44,52,53,51,63,131,152,197,144,102,60,10
0,3,10,11,13,14,27,25,38,45,50,56,69,58,60,57,105,181,252,224,184,124,59,26
12,12,20,30,26,35,39,43,46,50,54,53,53,51,55,59,137,188,193,223,182,106,60,38
13,14,14,17,14,11,14,28,41,48,53,54,59,61,63,73,100,142,133,136,154,116,100,59
11,10,11,11,7,0,1,13,39,30,14,13,13,12,59,68,85,104,86,106,158,136,104,90
9,7,6,7,14,14,8,23,9,13,28,38,56,55,68,86,111,117,122,100,113,94,85,106
6,8,10,11,9,13,13,18,13,30,38,29,53,62,77,91,130,160,155,103,75,72,82,105
9,12,14,12,14,13,14,30,14,43,52,53,58,77,114,134,165,187,183,119,58,47,34,47
2,5,10,12,12,12,14,22,27,52,54,54,62,76,113,131,166,175,139,140,91,58,13,13
6,6,11,12,13,10,13,22,39,52,63,55,81,105,124,124,131,139,132,100,86,62,25,9
4,9,14,17,13,12,14,14,15,43,64,68,100,112,122,125,122,126,122,107,101,90,12,4
6,7,6,13,10,12,10,12,9,12,12,55,100,110,120,121,117,119,120,98,107,71,42,0
9,6,0,0,0,3,1,6,8,0,12,53,89,105,99,86,101,106,103,106,102,65,57,5
10,10,8,8,9,12,18,15,12,11,13,48,90,87,87,74,60,61,103,93,84,69,37,0
8,14,14,22,28,31,33,35,38,44,55,67,72,128,123,103,90,73,64,56,49,46,18,4
5,5,9,3,9,12,14,23,25,49,92,117,135,121,141,113,72,52,73,116,80,33,8,3
7,9,13,9,8,12,13,13,26,52,88,130,157,162,198,154,128,105,56,100,68,26,2,4
8,11,12,14,9,11,12,13,28,52,103,132,166,186,210,172,145,139,76,42,45,9,1,1
3,5,9,11,12,13,27,26,42,57,89,134,176,196,186,185,139,142,74,42,33,9,6,0
7,2,9,11,17,13,19,31,28,35,80,131,155,171,179,167,154,124,45,38,20,0,7,2
3,6,3,10,0,9,12,10,10,36,103,121,148,155,157,150,145,121,62,14,11,8,0,4
3,9,1,0,7,9,9,8,10,12,102,110,126,133,143,144,136,115,70,12,14,6,6,11
10,9,1,8,10,11,10,9,10,28,91,106,112,119,131,127,128,108,14,14,35,33,14,7
0,0,4,6,11,12,11,13,8,20,59,91,107,107,121,119,118,104,11,52,70,45,22,8
5,11,3,9,9,10,13,12,12,13,38,101,93,107,113,115,114,98,8,54,61,64,16,6
1,9,6,9,8,11,9,7,5,9,13,57,74,114,108,103,101,17,35,57,65,60,33,9
8,10,8,7,10,8,8,6,9,10,21,54,76,88,60,56,41,12,50,56,71,57,29,13
10,12,8,13,11,12,12,16,33,38,41,61,62,126,102,75,50,48,59,60,55,64,43,11
0,3,4,2,7,11,10,12,14,38,75,70,66,79,94,59,51,30,54,40,31,20,18,9
7,5,7,0,7,10,9,2,34,53,69,81,95,91,66,42,47,45,33,28,11,8,3,3
6,7,0,0,8,10,13,11,15,50,65,95,113,100,53,34,36,30,12,9,3,0,4,1
0,0,0,0,2,11,10,8,11,50,58,90,84,73,40,26,30,9,5,0,0,0,0,2
0,0,0,0,3,4,3,7,3,41,54,78,75,55,15,22,17,10,5,0,0,0,0,0
0,0,0,5,1,0,1,0,3,26,57,62,58,43,13,13,12,9,3,0,0,2,0,0
2,7,0,3,6,7,2,0,0,17,54,55,50,31,16,13,9,6,6,0,3,0,2,0
0,0,4,0,0,4,0,0,9,23,54,51,30,23,12,9,10,6,1,0,0,6,10,5
0,0,0,1,6,0,3,4,5,32,45,59,45,14,11,9,0,2,7,5,5,0,4,2
4,6,0,0,0,7,4,13,30,44,52,57,15,12,3,5,5,0,6,9,10,0,0,0
5,5,0,1,0,0,8,9,11,28,52,58,14,7,7,12,0,4,11,3,0,0,0,3
6,7,0,0,7,6,0,0,0,19,55,70,27,3,10,5,2,9,8,5,8,4,7,0
4,1,7,7,7,0,2,9,10,12,54,62,14,8,0,0,0,5,1,10,10,2,5,6

0

8,9,7,2,5,10,3,9,9,12,7,11,0,11,17,15,2,11,10,9,14,22,35,13
11,7,9,8,8,9,8,8,9,13,12,11,10,10,5,0,12,9,3,9,8,27,24,46
9,8,11,5,4,6,3,0,1,5,8,12,12,13,11,28,31,30,73,86,64,8,14,9
11,11,12,12,12,12,13,13,12,10,14,32,43,52,52,51,63,131,151,196,144,102,60,10
0,3,10,11,13,14,23,23,35,42,50,55,69,58,60,58,105,181,251,224,183,124,59,26
12,12,19,29,24,33,38,43,45,49,54,53,53,51,55,59,137,188,193,222,182,106,61,39
12,14,14,15,14,11,14,27,38,44,53,54,58,61,63,73,100,142,133,136,154,116,100,59
11,10,11,11,7,0,1,13,38,28,14,13,13,12,60,68,84,104,86,106,159,137,104,90
9,7,5,7,13,14,7,21,8,12,25,36,55,55,68,86,111,117,122,100,113,94,85,106
6,8,10,11,9,12,13,15,13,27,33,28,53,62,77,91,129,158,155,103,74,72,82,105
9,12,14,12,14,13,14,30,13,41,52,53,58,77,113,133,164,186,182,119,58,48,34,47
2,5,10,12,12,12,14,21,24,52,53,54,62,76,113,131,166,175,139,140,92,59,13,13
5,5,11,12,13,10,13,21,38,52,63,55,80,105,125,125,131,139,132,100,87,62,26,9
4,8,14,15,13,12,14,14,14,39,64,67,98,112,122,125,122,126,122,108,101,91,13,5
6,7,6,13,10,11,10,12,9,12,12,55,100,110,120,121,117,119,120,99,107,72,43,0
9,6,0,0,0,3,1,6,8,0,12,53,90,104,99,87,101,106,104,107,102,65,58,5
10,10,8,8,8,12,15,14,12,11,13,50,89,87,86,74,60,61,103,93,84,70,38,0
8,14,14,22,27,31,33,35,38,44,55,67,73,127,122,103,90,73,64,56,49,47,18,4
5,5,9,3,9,12,14,23,23,49,94,118,135,121,141,113,72,52,74,116,81,34,8,3
7,9,12,9,8,12,12,13,27,52,89,131,157,163,198,153,128,105,56,100,68,27,3,4
7,10,12,14,9,11,12,13,29,52,103,133,168,186,210,172,145,139,75,42,45,9,2,1
3,5,9,11,12,13,26,26,42,57,91,136,177,198,186,185,139,142,74,42,32,9,6,0
7,1,9,11,16,13,19,31,28,35,82,132,156,172,179,167,154,124,45,38,20,0,7,2
3,6,3,10,0,9,12,10,10,37,103,122,149,156,157,150,145,121,62,14,11,8,0,4
3,9,1,0,6,9,9,8,10,12,102,110,127,134,143,145,136,115,70,12,14,6,7,12
10,9,0,8,10,11,10,9,10,29,91,107,112,119,131,127,128,108,14,14,33,31,14,7
0,0,4,6,11,12,11,13,8,22,59,92,107,107,121,119,118,104,11,53,69,45,22,8
5,11,3,9,8,10,13,12,12,13,37,102,93,107,112,115,114,98,8,54,61,64,16,6
1,9,5,8,8,10,8,7,5,9,13,57,74,114,108,103,101,18,35,58,65,60,34,9
8,10,8,7,10,8,8,6,9,10,21,54,76,88,61,56,41,12,50,57,71,57,29,13
10,12,7,13,11,12,12,16,33,38,41,61,62,126,103,75,50,48,59,60,56,64,43,12
0,2,4,2,7,11,10,12,14,39,75,70,66,79,95,59,50,30,54,40,31,20,19,10
7,5,6,0,7,10,9,2,34,53,69,81,95,92,67,40,48,45,33,30,12,9,3,3
6,7,0,0,8,10,13,11,15,50,65,95,114,100,53,35,36,31,12,9,3,0,5,1
0,0,0,0,2,11,10,8,11,50,58,90,84,73,40,26,31,9,5,0,0,0,0,3
0,0,0,0,3,4,3,7,3,43,54,78,75,55,14,22,18,10,5,0,0,0,0,0
0,0,0,4,1,0,1,0,3,27,56,63,58,42,13,13,12,10,4,0,0,3,0,0
2,6,0,3,6,7,1,0,0,18,54,55,50,31,16,14,10,6,6,0,3,0,3,0
0,0,4,0,0,4,0,0,9,24,54,51,31,23,12,9,10,6,2,1,0,7,10,6
0,0,0,1,6,0,3,4,5,32,45,59,47,13,11,9,0,2,8,6,5,0,5,2
4,6,0,0,0,7,4,13,30,45,52,57,16,12,3,5,5,0,6,9,10,0,0,0
5,5,0,1,0,0,8,9,11,30,53,58,14,7,7,12,0,3,11,4,0,0,0,3
6,6,0,0,7,6,0,0,0,20,55,70,28,3,10,6,2,9,9,5,8,4,7,0
4,1,7,7,7,0,2,9,10,12,54,62,14,8,0,0,0,5,1,10,10,2,5,5

0

8,9,7,1,5,10,3,9,9,11,7,12,0,11,17,16,2,11,10,9,14,22,35,13
11,7,8,7,8,9,8,8,9,13,12,11,10,10,5,0,12,9,3,9,8,28,26,47
8,8,11,5,4,6,3,0,1,5,8,12,12,13,11,29,31,30,73,86,63,8,14,9
11,11,12,11,12,12,13,13,12,10,14,30,40,52,52,51,63,131,150,195,144,101,60,10
0,2,10,11,12,14,21,20,30,39,47,55,69,59,59,58,105,180,251,223,183,124,59,26
12,12,18,28,22,33,37,42,44,48,53,52,52,51,55,59,136,187,193,223,182,106,61,39
12,14,14,14,14,11,14,25,37,41,52,53,58,60,63,73,99,142,133,136,154,117,100,59
10,9,10,11,7,0,1,13,36,26,14,13,12,12,60,68,84,104,86,106,159,137,104,90
8,6,5,6,13,13,6,19,7,11,21,32,55,55,68,86,111,117,122,100,113,94,86,106
6,8,10,11,9,12,13,14,13,24,30,28,53,63,77,91,129,158,155,103,74,72,82,105
8,12,14,11,13,13,14,29,13,39,52,53,58,77,113,133,163,186,182,119,58,48,35,47
2,5,10,12,12,12,14,19,22,51,53,54,62,76,113,130,166,174,139,140,92,58,13,14
5,5,10,12,13,10,13,19,37,51,63,55,81,105,124,125,131,139,132,100,87,62,26,10
4,8,14,15,12,11,14,14,14,37,62,68,98,112,122,125,122,126,122,108,101,92,13,5
6,6,6,13,10,11,10,11,8,12,12,55,100,110,120,121,117,119,120,100,107,72,44,0
9,6,0,0,0,3,0,6,7,0,12,53,90,104,99,87,101,106,104,107,102,65,59,6
10,10,8,8,8,11,14,14,12,11,13,50,89,87,86,74,60,61,103,94,84,70,39,0
8,14,14,22,27,30,33,35,38,44,55,68,73,128,122,103,91,73,65,56,49,47,18,4
5,5,9,3,9,12,14,22,23,50,95,118,136,122,141,113,72,52,74,116,81,34,8,4
7,9,12,9,8,12,12,13,27,52,90,131,158,163,198,154,128,105,55,100,69,27,3,4
7,10,12,14,8,10,13,13,33,52,103,134,168,186,210,172,145,139,75,42,45,9,2,1
3,5,8,10,12,13,26,26,43,57,92,136,178,198,186,185,139,142,73,42,32,9,6,0
7,1,9,10,16,13,18,31,28,35,82,132,157,173,180,168,154,124,45,38,20,0,7,3
3,6,3,10,0,9,12,10,10,37,103,122,149,157,158,150,145,121,62,14,11,8,0,5
3,9,1,0,6,9,9,8,10,12,102,111,128,134,144,145,137,115,70,12,14,6,7,12
10,8,0,8,10,11,10,9,10,28,91,107,112,119,131,127,128,108,14,14,36,32,14,7
0,0,4,6,11,12,11,13,8,20,60,92,107,107,121,119,118,104,11,53,70,46,22,9
5,11,3,9,8,10,12,12,12,13,37,102,93,107,113,115,115,98,8,54,61,64,18,7
1,9,5,8,8,10,8,7,5,9,13,57,74,114,108,103,101,17,35,58,65,60,33,10
8,10,8,6,10,8,8,6,9,10,21,54,76,88,61,56,41,13,51,57,72,57,29,13
9,12,7,13,11,12,12,16,33,38,41,61,62,126,103,75,50,49,59,60,56,64,43,12
0,2,4,2,7,11,10,12,14,39,75,70,66,79,95,60,50,31,54,40,31,20,19,10
6,5,6,0,7,10,9,2,34,53,70,81,95,92,67,40,48,45,33,30,12,9,4,3
5,7,0,0,8,10,13,11,15,50,65,96,114,100,53,36,36,31,12,9,4,0,5,1
0,0,0,0,2,11,10,8,12,50,57,90,84,73,40,26,32,9,5,0,0,0,0,3
0,0,0,0,3,3,3,7,3,42,54,78,75,55,15,22,18,10,6,0,0,0,0,0
0,0,0,4,0,0,0,0,3,27,56,63,58,42,13,13,12,10,4,0,0,4,0,0
2,6,0,3,6,7,1,0,0,18,54,55,50,31,17,14,10,7,6,0,4,0,3,0
0,0,4,0,0,4,0,0,9,24,54,51,31,23,12,9,10,6,2,1,0,7,10,6
0,0,0,1,6,0,3,4,5,33,45,59,47,14,11,9,0,2,8,6,6,0,5,2
4,6,0,0,0,7,4,13,30,45,52,57,15,12,3,5,5,0,6,9,10,0,0,0
5,5,0,1,0,0,8,9,11,30,53,58,14,7,7,12,0,3,11,4,0,0,0,3
6,7,0,0,7,6,0,0,0,19,55,70,27,3,10,6,2,9,9,4,8,4,7,0
4,1,7,7,6,0,2,9,11,12,54,62,14,8,0,0,0,5,1,10,10,2,5,6

0

8,8,7,1,5,10,3,9,9,11,7,12,0,11,17,16,2,11,10,9,14,22,35,13
11,7,8,6,8,9,7,8,9,13,12,11,10,10,5,0,12,9,2,9,8,28,29,46
8,8,11,5,4,6,3,0,0,4,7,12,12,13,11,30,31,30,73,85,63,8,14,9
11,11,12,11,12,11,13,12,12,10,14,27,39,52,53,51,63,130,150,195,144,102,60,10
0,2,9,11,12,13,18,16,27,37,45,55,69,58,59,58,105,180,251,224,183,124,59,26
12,12,17,28,20,32,36,42,43,47,53,52,52,51,55,59,136,187,192,223,183,106,61,39
12,13,13,14,14,11,14,23,36,37,52,53,58,60,63,73,99,141,133,136,154,117,100,59
10,9,10,11,7,0,1,12,33,26,14,13,12,11,60,68,84,104,86,106,159,137,104,90
8,6,5,6,13,13,5,17,6,11,18,31,55,55,68,86,111,117,122,100,113,95,86,106
6,8,10,10,8,12,13,14,12,22,26,28,53,63,77,91,129,159,155,104,75,72,83,105
8,12,14,11,13,13,14,27,13,36,51,53,58,77,113,133,164,186,183,119,58,48,35,48
2,5,10,12,12,11,14,18,20,51,53,54,62,76,113,130,165,174,139,140,92,58,13,14
4,4,10,12,12,10,13,18,36,51,62,55,81,105,124,124,131,139,132,100,87,62,26,10
3,8,14,14,12,11,13,13,14,34,62,68,100,112,121,125,122,125,122,108,101,91,13,5
5,6,5,13,10,11,10,11,8,11,12,55,100,110,120,121,117,119,120,98,107,71,43,0
9,6,0,0,0,2,0,6,7,0,12,53,91,105,99,87,101,106,103,107,102,65,58,6
10,10,8,7,8,11,14,14,12,11,13,50,90,87,87,74,60,61,103,93,84,70,38,0
8,14,13,21,27,30,33,35,38,44,55,68,74,130,124,104,91,73,64,56,49,47,18,4
4,5,9,3,9,12,14,21,23,50,95,118,136,122,142,113,72,52,74,116,81,34,8,3
7,9,12,9,8,11,12,12,28,53,91,131,159,164,199,154,128,105,55,101,69,27,3,4
7,10,11,13,8,10,12,13,33,53,103,134,168,187,211,173,145,139,75,42,45,9,2,1
3,5,8,10,12,13,27,26,43,57,92,136,178,198,187,186,140,142,73,42,33,9,6,0
7,1,9,10,15,13,18,30,28,35,82,132,157,173,180,168,154,124,45,38,21,0,7,3
3,6,3,9,0,9,12,10,10,38,103,122,150,157,158,151,146,122,62,14,11,8,0,5
3,9,0,0,6,9,9,8,10,12,102,111,128,134,144,145,137,116,71,12,14,6,7,12
10,8,0,8,10,11,10,9,10,31,91,107,113,120,132,127,129,109,14,14,37,34,15,8
0,0,4,6,11,11,11,13,8,20,59,92,107,107,121,120,118,104,11,53,70,46,23,9
5,10,2,9,8,10,12,12,12,13,36,102,93,107,113,115,115,100,8,54,61,65,21,7
1,8,5,8,8,10,8,7,4,9,13,57,74,114,107,103,101,17,35,58,65,60,34,10
8,9,8,6,10,8,7,6,9,10,22,54,76,88,61,56,41,13,51,57,72,57,30,14
9,12,7,13,11,12,12,15,33,38,41,61,62,126,102,75,50,49,59,60,56,65,43,12
0,2,4,1,7,11,10,12,14,39,75,70,66,79,95,60,51,31,54,40,31,21,20,10
6,4,6,0,7,10,8,1,34,53,69,81,96,92,67,40,48,45,33,30,12,9,4,3
5,6,0,0,8,10,13,11,14,50,65,96,114,101,53,36,37,32,12,9,4,0,5,1
0,0,0,0,2,11,10,8,12,50,57,90,84,73,40,26,33,9,5,0,0,0,0,3
0,0,0,0,2,3,3,7,3,42,54,78,75,55,15,22,18,10,6,0,0,0,0,0
0,0,0,4,0,0,0,0,3,28,57,62,58,43,13,13,12,10,5,0,0,5,0,0
2,6,0,3,6,6,0,0,0,18,54,55,50,32,17,14,10,7,6,0,4,0,3,0
0,0,3,0,0,4,0,0,9,23,54,51,30,23,13,9,11,7,2,1,0,7,10,6
0,0,0,0,5,0,4,3,5,33,45,59,47,14,11,9,0,2,8,6,6,0,5,2
4,6,0,0,0,6,4,13,30,45,52,57,15,12,3,5,5,0,7,9,10,0,0,0
5,5,0,1,0,0,8,9,11,30,53,58,14,7,7,12,0,3,11,4,0,0,0,3
6,6,0,0,7,6,0,0,0,19,54,70,28,3,10,6,2,9,9,5,8,4,7,0
4,1,7,7,6,0,2,9,10,12,54,62,14,8,0,0,0,5,1,10,10,3,5,6

0

8,8,6,1,5,10,3,9,9,11,7,11,0,11,17,15,2,11,10,9,14,22,35,13
11,7,8,5,8,9,7,8,8,13,11,11,10,10,5,0,12,9,3,9,8,30,27,47
8,7,11,4,4,6,3,0,0,4,7,12,12,13,11,29,31,29,72,85,63,7,14,9
11,11,12,11,11,11,12,12,11,9,14,24,38,51,53,51,63,130,150,195,143,101,60,10
0,1,9,10,12,13,16,14,26,34,44,55,69,58,59,57,105,179,250,224,183,123,59,26
11,12,17,26,19,32,36,42,42,47,53,52,53,51,55,59,136,186,192,222,183,106,61,39
12,13,13,14,13,11,14,23,33,34,52,52,58,60,62,73,99,141,133,136,154,117,100,59
10,9,10,10,7,0,1,12,32,24,14,12,12,11,60,68,84,104,86,106,159,137,104,91
8,6,5,6,12,12,5,15,6,10,15,28,55,55,68,86,110,117,122,100,113,95,86,107
6,7,9,10,8,11,12,14,12,18,23,27,53,63,77,91,129,159,156,104,75,72,83,106
8,12,13,11,13,13,14,27,13,36,51,53,58,78,113,133,164,186,183,120,58,48,35,48
2,4,10,11,12,11,14,15,19,51,53,54,62,76,113,130,165,175,139,141,92,58,13,14
4,4,10,12,12,9,13,17,35,50,62,55,81,105,124,124,131,139,132,100,87,62,26,10
3,8,14,14,12,11,13,13,14,33,62,68,100,112,122,125,122,125,122,107,101,91,13,5
5,6,5,13,9,11,9,11,8,11,12,55,100,110,120,121,117,119,120,98,107,71,43,0
9,6,0,0,0,2,0,6,7,0,12,53,91,105,100,87,101,106,103,106,102,65,58,5
10,10,8,7,8,11,14,14,12,11,13,50,91,87,87,75,60,61,103,93,84,70,38,0
8,14,13,21,27,30,32,35,38,44,55,69,74,130,125,105,91,73,64,56,49,46,18,4
4,5,9,2,9,12,14,21,23,50,96,118,137,123,143,114,72,52,74,116,80,34,8,3
7,9,12,9,8,11,12,12,28,53,92,131,160,165,199,155,128,105,55,100,69,27,3,4
7,10,11,13,8,10,13,13,33,53,103,134,169,187,211,173,146,139,75,42,45,9,2,1
3,4,8,10,12,13,27,26,42,57,92,137,179,199,187,186,140,143,73,42,33,9,6,0
7,1,9,10,15,13,18,30,28,35,82,133,157,173,181,168,154,124,45,39,21,0,7,3
3,6,3,9,0,9,12,10,10,38,103,122,150,158,158,151,146,122,63,14,11,8,0,5
3,9,0,0,6,9,9,8,10,12,102,111,128,135,144,145,137,116,71,12,14,6,7,12
10,8,0,8,10,10,10,9,10,29,91,107,113,120,132,127,129,109,14,14,38,36,15,8
0,0,4,6,10,11,11,13,8,20,60,91,107,107,121,120,118,104,11,54,71,47,23,9
5,10,2,8,8,10,12,12,12,13,37,102,93,107,113,115,115,100,8,54,61,65,23,7
1,8,5,8,7,10,8,6,4,9,12,56,74,114,108,103,101,17,35,58,65,60,34,10
8,9,8,4,10,8,7,5,8,10,21,54,76,88,61,57,41,13,51,57,72,57,30,14
9,12,7,13,11,12,12,15,33,38,41,61,62,126,103,75,50,49,59,60,56,65,44,12
0,2,4,1,7,11,10,12,14,38,76,70,66,79,95,60,50,32,54,40,32,21,20,10
6,4,6,0,7,10,8,1,35,53,69,81,96,92,67,40,50,45,34,31,12,9,4,3
5,6,0,0,8,10,13,11,15,50,65,96,114,101,53,36,37,32,12,9,5,0,6,1
0,0,0,0,2,11,10,7,12,50,57,90,84,73,39,26,33,9,5,0,0,0,1,4
0,0,0,0,2,3,2,7,3,42,54,77,75,55,15,22,18,10,6,0,0,0,0,0
0,0,0,4,0,0,0,0,3,26,56,62,58,41,13,13,12,10,5,0,0,5,0,0
2,6,0,2,6,6,0,0,0,18,54,55,50,31,17,14,10,7,7,1,4,0,3,0
0,0,3,0,0,4,0,0,9,23,54,51,30,24,13,9,11,7,3,1,0,7,10,6
0,0,0,1,5,0,3,3,5,33,45,59,47,14,11,9,0,3,8,6,6,0,5,2
4,6,0,0,0,7,4,13,31,46,52,57,16,12,3,5,5,0,7,9,10,0,0,0
5,5,0,1,0,0,8,9,11,30,53,58,14,7,7,12,0,3,11,4,0,0,0,3
6,6,0,0,7,5,0,0,0,19,54,70,28,3,10,6,2,9,9,4,8,4,7,0
4,1,7,7,6,0,1,9,11,12,54,62,14,8,0,0,0,5,1,10,10,3,5,6

0

8,8,6,1,5,10,2,8,9,11,7,11,0,11,17,16,2,11,10,9,14,24,34,13
11,7,8,4,8,9,7,8,8,13,11,11,10,10,5,0,12,9,3,9,8,28,27,48
8,7,11,4,4,5,3,0,0,4,7,12,12,13,11,28,31,29,71,84,63,7,14,9
10,10,12,11,11,11,12,12,11,9,13,23,36,51,52,51,63,129,149,195,143,101,60,10
0,1,8,10,11,12,15,14,22,31,42,55,68,58,59,57,105,179,250,224,183,123,59,26
11,12,16,25,17,30,35,41,41,46,52,52,52,51,55,59,135,186,192,222,183,106,61,39
12,13,13,14,13,11,14,22,31,31,51,52,57,60,63,73,99,141,133,136,154,117,100,59
10,9,10,10,7,0,2,12,30,25,14,12,12,11,60,68,84,103,86,106,159,137,104,91
8,6,4,5,12,12,4,14,5,10,14,27,54,55,68,86,110,117,122,100,113,95,87,107
5,7,9,10,8,11,12,14,12,16,20,27,53,64,77,91,129,159,156,104,75,72,84,106
8,12,13,11,13,13,14,24,13,34,51,53,58,78,113,133,164,187,184,120,58,48,36,49
1,4,9,11,12,11,14,15,17,51,53,54,62,75,113,130,165,175,139,141,92,58,13,14
4,3,10,12,12,9,12,16,33,50,61,55,81,105,124,124,131,139,132,99,87,62,26,10
3,7,14,14,12,11,13,13,14,30,60,68,100,112,121,125,122,125,122,107,101,90,13,5
5,6,4,13,9,10,9,10,8,11,12,56,100,110,120,121,117,119,120,98,107,71,43,0
9,6,0,0,0,2,0,6,7,0,12,53,92,105,100,87,101,105,103,106,102,65,58,5
10,10,7,7,8,11,14,14,12,11,13,50,91,88,88,75,60,61,103,93,84,69,37,0
8,14,13,21,26,30,32,35,38,44,55,69,74,131,127,106,92,74,64,56,49,46,18,4
4,5,9,2,9,12,14,21,22,50,96,118,137,123,144,114,73,52,74,116,80,33,8,3
7,9,12,9,7,11,12,12,28,53,92,131,160,165,200,155,128,105,55,100,69,27,3,4
7,10,11,13,8,10,13,13,33,53,103,134,169,188,212,174,146,140,75,42,45,9,2,1
2,4,8,10,12,13,26,26,42,57,92,137,179,199,187,187,140,143,73,42,33,9,6,0
7,1,9,10,15,13,17,30,28,36,82,133,157,173,181,169,155,125,45,39,22,0,7,3
3,5,3,9,0,9,12,10,10,38,103,123,150,158,159,151,146,122,63,14,11,8,0,5
3,9,0,0,6,9,9,8,10,12,102,111,129,135,145,145,137,116,71,13,14,6,7,12
10,8,0,7,10,10,10,9,10,29,91,107,113,120,132,127,129,109,14,14,40,37,16,8
0,0,4,6,10,11,11,13,8,23,60,92,107,107,121,120,118,104,11,54,71,47,24,9
5,10,2,8,8,10,12,12,12,13,36,102,93,107,113,115,115,100,8,54,61,66,25,7
1,8,5,8,7,10,8,6,4,9,12,56,74,114,108,103,101,18,35,58,66,60,35,11
8,9,8,4,10,8,7,5,8,10,21,54,76,88,60,57,41,13,51,57,72,57,30,14
9,12,7,13,11,12,12,15,33,38,41,61,62,126,103,75,50,49,59,60,56,65,44,12
0,2,3,1,7,11,10,12,14,38,75,70,66,79,95,60,50,31,54,40,32,21,20,10
6,4,6,0,6,10,8,1,34,53,69,81,96,92,67,41,50,45,34,32,12,10,5,3
4,6,0,0,8,10,13,11,15,50,65,96,114,101,53,35,37,32,12,9,5,0,6,1
0,0,0,0,2,11,10,8,12,50,57,90,84,73,41,26,34,10,5,0,0,0,1,4
0,0,0,0,2,3,2,7,2,40,54,77,75,55,15,22,18,10,6,0,0,0,0,0
0,0,0,4,0,0,0,0,3,28,56,62,58,43,13,13,12,10,5,1,0,6,0,0
2,6,0,3,6,6,0,0,0,18,54,55,50,32,17,13,10,7,7,1,4,0,3,0
0,0,3,0,0,4,0,0,9,23,54,51,30,23,13,9,11,7,3,1,0,8,10,6
0,0,0,0,5,0,3,3,5,33,45,59,47,14,11,9,0,3,8,6,6,0,5,2
4,6,0,0,0,6,4,13,31,46,52,57,16,12,3,6,5,0,7,9,10,0,0,0
5,5,0,1,0,0,7,9,11,30,53,57,14,7,7,12,0,3,11,4,0,0,0,3
6,6,0,0,7,5,0,0,0,20,54,70,28,3,10,6,2,9,9,5,8,4,7,0
4,1,7,7,6,0,1,9,11,12,54,62,14,8,0,0,0,5,1,10,10,2,5,6

2

8,8,6,1,5,10,2,8,9,11,7,11,0,11,17,15,2,11,10,9,14,22,36,13
11,7,8,4,7,8,7,8,8,13,11,11,10,10,5,0,12,9,2,9,8,31,27,47
8,7,11,4,4,6,3,0,0,4,7,12,12,13,11,29,31,28,70,83,63,8,14,9
10,10,12,11,11,10,12,12,10,9,13,22,36,51,52,51,62,127,150,196,143,101,60,10
0,1,8,10,11,12,14,14,19,29,40,55,68,58,59,57,103,180,256,227,183,123,59,27
11,11,15,24,15,30,34,41,40,45,52,52,52,51,55,59,135,187,192,224,182,105,60,39
12,13,13,14,13,11,14,22,29,27,51,51,57,60,63,73,99,141,133,137,155,116,100,59
9,9,9,10,6,0,2,12,29,22,14,12,12,11,60,68,84,103,86,106,159,138,104,91
8,5,4,5,12,12,4,14,4,9,14,26,54,55,69,86,110,117,122,100,114,95,87,107
5,7,9,10,8,11,12,14,11,14,18,27,53,64,77,91,128,158,155,104,75,72,83,106
8,12,13,11,13,13,14,23,12,33,51,53,58,78,114,133,164,187,183,120,58,48,35,50
1,4,9,11,11,11,14,14,16,50,53,54,62,75,113,130,165,175,139,141,92,58,13,14
3,3,10,11,12,9,12,15,33,50,61,55,81,105,124,124,131,139,132,99,87,62,26,10
3,7,13,14,12,10,13,13,13,29,60,68,100,112,122,125,122,125,122,107,101,90,12,5
5,5,4,13,9,10,9,10,7,11,12,55,100,110,120,121,117,119,120,98,107,71,43,0
9,6,0,0,0,2,0,6,7,0,12,53,92,105,100,87,101,106,103,106,101,65,58,5
10,10,7,7,7,11,14,14,12,11,13,50,91,88,88,75,60,61,103,93,83,70,38,0
8,14,13,20,26,29,32,35,38,44,55,69,74,131,126,106,92,73,64,56,49,46,18,4
4,4,9,2,9,12,14,21,22,51,96,118,137,124,144,114,73,52,73,116,80,33,8,3
7,9,12,9,7,11,12,12,28,53,92,131,160,166,200,156,128,105,55,100,68,27,3,4
7,10,11,13,8,9,13,13,34,53,103,134,169,188,213,174,146,140,76,42,45,9,2,1
2,4,8,10,12,13,26,26,42,57,92,137,179,200,188,187,140,143,73,42,33,9,6,0
7,1,9,10,15,13,17,30,28,36,82,133,158,174,181,169,155,125,45,39,22,0,7,3
3,5,3,9,0,9,12,10,10,38,103,123,151,159,159,152,146,122,63,14,11,9,0,5
3,9,0,0,6,9,9,8,9,12,102,111,129,135,145,145,137,116,72,13,14,7,7,12
10,8,0,8,10,10,10,9,10,31,91,107,113,120,132,128,129,109,14,14,39,37,16,8
0,0,3,5,10,11,11,13,8,22,60,93,107,107,122,120,118,105,11,54,71,48,24,9
5,10,2,8,8,10,12,12,12,13,36,101,94,107,113,115,115,100,8,54,61,66,23,7
1,8,5,8,7,10,8,6,4,9,12,57,74,114,108,103,101,18,35,58,66,60,35,11
8,9,7,4,10,8,7,5,8,11,21,54,76,88,61,57,42,13,51,57,73,57,31,14
9,12,7,13,11,12,12,15,33,38,41,61,62,126,102,75,50,49,59,61,56,65,44,13
0,2,3,1,7,11,10,12,14,38,75,70,66,79,95,60,50,32,54,40,32,21,20,10
6,4,6,0,6,10,8,1,34,53,69,81,96,93,67,42,50,46,34,32,12,10,5,4
4,6,0,0,8,10,13,11,14,50,65,96,115,101,53,36,37,32,12,9,6,0,6,2
0,0,0,0,2,11,10,8,12,50,57,90,85,73,41,27,35,10,5,0,0,0,1,4
0,0,0,0,1,2,2,7,2,42,54,77,75,55,15,23,18,10,6,0,0,0,0,0
0,0,0,4,0,0,0,0,3,28,57,63,58,44,13,13,12,10,5,1,0,6,0,0
2,6,0,3,6,6,0,0,0,17,54,55,50,31,17,14,10,7,7,1,5,0,4,0
0,0,3,0,0,3,0,0,9,23,54,51,31,24,13,10,11,7,3,2,0,8,10,6
0,0,0,0,5,0,3,3,5,33,45,59,50,14,11,9,0,3,8,6,6,0,5,2
4,6,0,0,0,6,3,13,32,46,52,57,16,12,4,6,5,0,7,9,10,0,0,0
5,5,0,1,0,0,7,9,12,30,53,57,14,7,7,12,0,3,11,4,0,0,0,3
6,6,0,0,6,5,0,0,0,20,55,70,28,3,10,6,2,9,9,4,8,4,7,0
4,1,7,7,6,0,1,9,11,12,54,62,14,8,0,0,0,5,1,10,11,3,5,6

2

8,8,6,1,5,10,2,8,9,11,7,11,0,11,16,15,2,11,10,9,14,22,34,13
11,6,7,3,7,8,7,8,8,13,12,10,10,10,5,0,12,9,2,9,8,27,27,46
8,7,11,4,4,6,3,0,0,4,7,12,12,13,11,29,31,24,64,80,62,7,14,9
10,10,12,11,11,10,12,12,10,9,13,20,34,51,52,50,61,121,146,198,143,101,60,10
0,0,8,9,11,12,14,14,19,27,40,55,68,58,58,57,101,178,256,231,185,122,59,27
11,11,14,24,14,29,34,41,38,43,51,51,52,51,55,59,136,190,195,228,185,103,60,39
12,13,13,14,13,11,14,22,28,20,51,51,57,60,62,73,100,144,135,140,159,118,99,58
9,8,9,10,7,0,2,12,29,22,14,12,12,11,60,68,84,104,86,108,164,141,106,91
7,5,4,5,12,11,3,14,4,9,14,25,54,54,69,86,110,117,122,100,115,97,88,108
5,7,9,10,7,11,12,13,11,14,15,26,53,64,77,90,126,156,157,106,75,72,84,108
8,11,13,11,13,13,13,22,12,32,51,53,58,78,112,132,161,184,183,122,58,48,36,51
1,4,9,11,12,10,13,14,15,50,53,54,62,75,112,129,164,174,139,141,92,58,13,14
3,3,10,11,12,9,12,15,32,50,61,55,80,105,123,124,130,139,133,100,87,62,25,10
2,7,13,14,12,10,13,13,13,26,59,67,99,112,121,125,122,125,122,107,101,90,12,6
5,5,4,13,9,10,9,10,7,11,12,55,100,110,120,121,117,118,120,98,107,71,43,0
9,6,0,0,0,2,0,5,6,0,12,53,92,105,99,87,101,105,103,106,102,65,58,5
10,10,7,7,7,11,14,14,12,10,13,50,90,87,87,74,60,61,103,93,84,70,37,0
8,14,13,20,26,29,32,35,38,44,55,69,74,130,124,104,91,73,64,56,49,46,18,4
4,4,9,2,9,12,14,22,22,50,97,119,137,123,143,114,73,52,73,116,80,33,8,3
7,9,12,9,8,11,12,12,30,53,93,132,161,166,201,156,128,105,55,100,69,27,3,4
7,10,11,14,5,6,14,14,37,53,104,136,171,189,214,175,146,140,75,42,45,9,2,1
2,4,8,11,11,10,27,26,43,57,96,139,181,201,190,188,140,143,73,42,33,9,6,0
6,1,9,10,15,13,17,30,28,36,85,135,160,175,183,170,156,125,46,39,22,0,7,3
3,5,3,9,0,9,12,10,10,40,103,124,152,160,160,152,146,122,63,14,11,9,0,5
3,9,0,0,6,9,9,8,9,12,102,111,129,136,145,146,138,116,72,13,14,6,7,12
10,8,0,7,10,10,10,9,10,29,94,107,113,120,133,128,129,109,14,14,39,34,15,8
0,0,3,5,10,11,11,13,8,23,60,93,107,107,122,120,118,104,11,55,71,47,23,9
5,10,2,8,8,10,12,12,12,13,36,102,94,107,113,116,115,100,8,54,61,66,25,7
0,8,5,8,7,10,8,6,3,9,12,57,74,114,108,103,101,17,35,58,66,60,35,11
7,9,7,4,9,8,7,5,8,10,21,54,76,89,61,57,42,13,51,57,72,57,30,14
9,11,7,13,10,12,12,15,32,38,41,61,62,127,103,76,50,49,59,60,56,65,44,13
0,2,3,1,7,11,10,12,14,40,76,70,66,80,95,60,50,34,53,40,31,20,20,10
5,3,6,0,6,9,8,1,34,53,69,82,96,92,67,42,50,45,34,30,12,9,4,3
3,6,0,0,8,10,13,11,14,50,65,96,115,101,53,36,37,32,12,9,6,0,6,2
0,0,0,0,1,11,10,7,12,50,57,89,84,73,40,27,34,10,5,0,0,0,1,4
0,0,0,0,2,2,2,7,2,39,53,77,75,55,15,22,18,10,7,0,0,0,0,0
0,0,0,4,0,0,0,0,2,22,56,62,58,41,13,13,12,11,6,2,0,6,0,0
2,6,0,2,6,6,0,0,0,14,53,55,50,32,16,14,10,7,7,2,5,0,4,0
0,0,3,0,0,3,0,0,8,18,54,51,31,24,13,10,11,7,3,2,0,8,10,6
0,0,0,0,5,0,3,1,4,31,44,59,48,14,11,9,0,3,8,7,6,0,5,2
4,6,0,0,0,6,3,13,29,44,51,58,19,12,4,6,6,0,7,9,10,0,0,0
5,5,0,1,0,0,7,9,11,26,53,58,14,8,7,12,0,3,11,4,0,0,0,3
6,6,0,0,7,5,0,0,0,14,54,70,37,3,11,6,2,9,9,4,8,4,7,0
4,1,7,7,6,0,1,9,11,12,53,62,16,8,0,0,0,5,1,10,11,3,5,6

2

8,8,6,1,5,10,3,9,9,11,6,11,0,10,14,15,1,11,11,10,15,22,32,12
11,6,7,3,7,8,8,8,8,12,12,11,10,10,5,0,12,9,3,10,9,25,18,34
7,6,11,3,4,5,2,0,0,3,5,10,12,13,11,27,30,26,62,68,60,6,14,8
10,10,12,10,10,10,12,11,9,8,12,14,19,51,52,51,63,124,141,170,131,92,56,9
0,0,8,9,10,11,13,13,21,27,34,55,68,58,58,60,117,187,246,220,179,113,56,24
11,11,14,22,14,27,33,39,42,46,50,51,52,51,57,69,161,209,204,231,184,97,56,37
12,13,13,13,13,11,14,17,20,22,50,50,57,59,64,79,112,154,136,144,162,116,94,56
9,8,9,10,6,0,2,11,27,23,14,13,12,12,64,75,89,107,87,108,164,138,100,85
7,5,4,5,11,9,2,13,3,8,14,25,55,57,76,96,115,120,121,100,113,92,85,103
5,7,9,10,7,10,11,13,10,13,14,27,56,70,83,98,130,155,155,105,74,69,82,109
8,11,13,11,13,12,13,19,11,30,51,53,59,83,120,138,165,182,179,120,57,41,31,56
1,4,9,11,12,10,13,14,14,50,52,55,63,79,116,132,164,172,136,137,88,56,12,16
3,3,10,11,12,8,11,14,30,46,60,55,83,105,125,124,129,136,130,97,82,59,18,10
3,7,13,14,11,10,12,12,13,20,54,67,100,113,122,124,120,123,120,106,99,81,9,6
5,5,4,12,8,10,9,9,5,11,10,56,101,111,120,121,116,118,119,95,105,67,38,0
9,6,0,0,0,1,0,5,4,0,12,53,97,105,100,86,100,105,103,105,101,62,52,2
9,9,7,6,7,10,14,14,11,10,13,51,94,88,87,73,60,61,103,91,81,65,27,0
8,14,13,20,25,29,32,34,38,44,54,73,77,133,123,99,90,72,64,55,48,44,16,4
3,4,8,2,9,12,13,20,16,50,100,121,141,124,144,113,72,51,72,114,76,28,6,0
7,9,12,9,8,11,12,12,35,54,100,136,167,169,203,157,128,105,53,100,66,13,1,4
6,9,11,13,4,6,14,14,39,54,106,142,179,194,218,177,146,140,74,42,41,8,3,3
2,4,8,11,11,10,28,28,45,59,102,147,188,208,195,191,141,144,73,42,31,10,7,0
6,0,8,10,15,13,17,30,28,38,90,139,165,179,186,172,157,125,45,39,21,0,7,3
3,5,3,9,0,8,12,10,11,45,104,126,155,163,162,154,147,122,62,14,11,9,0,5
2,9,0,0,5,9,9,8,9,13,102,112,131,137,146,147,138,116,72,13,14,5,6,12
10,8,0,7,10,10,10,9,10,32,97,107,114,121,133,128,129,109,14,14,32,22,14,9
0,0,3,5,10,11,11,13,8,20,61,94,108,107,122,120,118,104,11,53,68,42,20,9
5,10,2,8,8,10,13,12,11,12,38,102,95,108,114,116,115,97,8,54,61,63,14,8
0,8,5,8,6,9,8,6,3,9,13,57,75,115,108,103,101,17,35,57,65,59,32,10
7,9,7,4,9,7,6,5,8,10,23,54,76,89,61,57,41,13,51,56,69,55,26,13
9,11,6,13,10,12,12,15,32,38,41,62,62,127,103,76,50,48,58,58,53,60,41,12
0,2,3,1,7,11,10,12,14,40,77,71,66,79,96,60,50,34,53,39,30,19,16,10
5,3,5,0,6,9,8,1,34,53,70,82,96,92,67,41,50,45,33,27,11,8,3,3
3,6,0,0,8,10,13,11,14,50,65,96,115,102,53,35,36,31,12,9,5,0,6,1
0,0,0,0,1,10,10,7,12,50,57,89,84,73,41,26,33,10,5,0,0,0,1,5
0,0,0,0,1,2,1,7,2,40,54,77,75,55,16,22,18,11,7,0,0,0,0,0
0,0,0,4,0,0,0,0,2,22,56,62,57,41,13,13,12,11,7,3,2,7,0,0
1,6,0,2,6,6,0,0,0,14,53,55,50,31,17,14,10,8,8,2,6,0,4,0
0,0,3,0,0,3,0,0,8,18,54,51,31,25,13,10,11,7,4,2,0,8,10,6
0,0,0,0,5,0,3,0,4,30,44,59,50,14,11,9,0,3,8,7,6,0,5,2
4,6,0,0,0,6,3,12,28,44,52,58,23,12,4,6,6,1,7,9,10,0,0,0
5,5,0,1,0,0,7,9,11,26,53,58,15,8,7,12,0,4,11,4,0,0,0,3
6,6,0,0,6,5,0,0,0,14,54,71,48,3,11,6,2,9,9,4,8,4,7,0
4,1,7,7,6,0,1,9,11,12,53,63,19,9,0,0,0,5,1,10,11,3,5,6

2

8,8,6,1,5,10,3,9,9,11,6,11,0,10,14,15,2,12,12,12,16,22,30,11
11,6,7,2,7,8,7,7,8,12,12,11,9,10,5,0,12,9,3,10,9,24,14,22
7,6,11,3,4,5,2,0,0,3,5,9,11,13,11,27,30,31,59,59,56,4,13,7
10,10,11,10,10,9,12,11,9,8,12,13,14,50,52,52,67,122,131,142,117,78,50,8
0,0,8,9,8,9,13,13,22,27,32,55,69,59,60,69,133,188,227,200,169,103,53,20
11,11,14,19,13,22,32,38,42,47,50,51,52,52,60,87,184,228,214,230,183,94,53,36
11,13,12,13,13,11,14,17,22,25,50,50,57,60,67,83,118,159,133,145,163,115,90,55
8,8,8,10,7,0,3,11,27,27,14,14,13,24,68,81,92,107,84,105,162,137,98,81
7,5,3,4,11,7,1,13,2,8,14,32,58,62,84,105,119,120,114,95,110,92,87,105
5,6,9,10,7,10,11,12,9,13,16,37,58,76,90,105,131,147,144,99,72,68,85,118
8,11,13,10,12,12,13,17,11,30,51,53,61,90,125,141,161,173,168,114,56,31,35,67
1,3,9,10,11,10,13,14,14,50,52,57,64,83,118,133,159,162,131,132,84,53,12,25
3,3,10,11,11,8,11,13,28,44,59,57,87,106,125,123,125,126,122,91,77,55,13,11
2,7,13,13,11,9,11,12,11,14,50,68,100,113,122,123,116,117,114,104,90,68,7,9
4,5,4,12,7,8,9,8,3,10,9,57,102,111,120,120,115,116,117,87,103,60,28,0
9,5,0,0,0,1,0,4,3,0,13,54,101,106,100,86,100,105,102,103,96,54,34,1
9,9,6,6,7,10,14,13,11,10,14,52,97,89,87,73,60,61,102,87,77,53,13,0
7,13,12,19,25,29,32,34,37,44,56,77,80,134,124,100,87,71,63,54,46,38,13,3
3,3,8,3,10,12,13,20,15,52,102,124,142,125,144,115,72,50,68,112,67,20,7,5
7,9,12,9,8,11,12,13,41,56,103,140,173,173,208,162,129,106,52,83,53,10,5,5
6,9,10,13,4,6,14,14,43,55,108,145,185,203,226,182,147,144,77,42,34,6,5,3
2,4,8,11,11,10,27,29,46,60,104,151,195,217,204,197,144,148,74,43,31,10,7,0
6,0,8,10,14,13,18,29,27,39,94,142,170,184,191,177,160,126,46,39,22,1,8,3
3,5,3,9,0,8,13,9,11,51,104,128,159,166,166,157,148,123,62,14,11,9,0,6
2,9,0,0,5,9,9,8,10,13,102,113,133,138,148,148,139,116,74,14,13,4,6,12
10,8,0,7,9,10,10,9,10,39,97,108,115,122,135,129,130,109,18,13,11,11,12,10
0,0,3,5,10,11,11,13,9,14,63,97,108,108,123,121,119,104,11,33,24,20,13,10
4,10,2,8,8,10,13,14,10,12,40,102,96,108,114,116,115,100,7,50,55,34,13,9
0,8,5,9,6,8,9,6,3,9,13,57,75,115,109,103,101,14,29,53,56,39,24,11
7,9,7,5,8,5,5,8,7,10,24,54,77,90,62,58,41,11,47,45,38,23,13,12
9,11,6,13,10,12,13,14,32,38,42,63,63,128,105,80,48,45,51,49,18,26,30,11
0,2,3,1,8,10,10,12,13,42,79,72,66,79,95,59,43,14,34,28,21,10,9,7
5,3,5,0,6,9,8,1,30,52,70,82,96,92,67,42,26,29,17,13,8,0,0,2
3,5,0,0,7,9,13,10,14,47,65,96,116,101,52,38,29,14,10,7,3,0,7,1
0,0,0,0,0,10,9,6,11,48,57,89,84,72,41,25,14,8,5,0,0,0,1,7
0,0,0,0,1,0,1,7,2,30,53,75,74,55,18,20,15,12,7,0,0,0,0,1
0,0,0,4,0,0,0,0,2,13,55,61,57,43,13,13,12,11,7,6,5,8,0,0
1,5,0,3,6,6,0,0,0,12,53,54,50,33,17,14,10,8,9,4,7,0,5,0
0,0,3,0,0,2,0,0,7,14,53,51,32,28,12,10,11,7,4,2,0,9,10,6
0,0,0,0,5,0,1,0,0,17,41,60,51,17,10,9,0,3,8,7,6,0,5,2
4,6,0,0,0,7,4,11,22,32,51,61,39,13,2,6,6,1,6,9,9,0,0,0
5,5,0,0,0,0,8,10,10,18,53,62,54,9,7,12,0,5,11,4,0,0,0,3
6,6,0,0,6,6,0,0,0,14,56,82,84,7,11,7,1,10,9,4,8,4,7,0
4,1,7,7,6,0,3,9,11,13,59,81,53,12,0,0,0,5,1,10,10,2,5,6

2

7,8,6,1,5,10,4,9,9,11,6,12,0,10,19,18,7,14,14,14,14,14,17,8
10,5,6,1,8,8,7,6,7,11,11,11,9,10,5,0,14,12,6,10,8,13,12,13
6,5,9,2,4,5,1,0,0,2,5,8,6,11,11,33,39,55,53,13,13,0,11,8
10,10,11,9,10,7,11,10,9,8,13,11,10,52,59,73,93,126,110,101,88,54,12,6
0,0,7,7,3,5,11,12,20,24,30,56,71,61,71,124,176,194,194,143,130,78,45,14
10,10,14,14,11,14,29,36,40,45,46,50,54,58,83,164,249,255,221,210,160,79,47,29
11,13,12,13,12,11,14,14,14,20,27,39,59,68,99,111,136,167,121,135,146,101,81,51
8,7,7,9,7,0,3,11,27,40,17,44,52,66,91,100,98,104,76,91,136,120,84,73
6,4,2,4,8,1,0,10,0,4,47,55,71,89,119,134,131,120,97,83,90,82,83,103
4,6,8,9,5,7,9,9,4,11,51,55,77,116,134,139,142,133,99,67,66,64,91,132
8,11,12,9,11,12,12,13,9,32,54,61,83,121,173,175,159,141,114,76,51,13,52,102
1,2,8,9,11,7,11,12,12,50,53,68,79,112,133,141,149,127,93,88,57,29,12,39
2,2,10,10,10,4,7,12,13,30,61,69,104,114,132,125,120,96,70,56,50,32,14,14
2,7,13,11,9,7,6,10,6,12,67,92,105,121,126,122,109,100,97,51,35,14,0,7
4,4,2,12,5,4,4,0,0,5,11,86,111,118,122,117,103,93,96,21,56,25,7,0
9,4,0,0,0,0,0,0,2,0,21,79,112,111,102,85,92,92,77,49,46,13,8,1
9,8,5,5,7,10,14,13,12,13,60,64,110,94,90,75,59,57,83,62,48,11,11,0
7,13,13,17,24,28,32,34,38,49,77,103,95,141,128,106,81,60,44,32,29,26,12,7
3,3,8,3,10,11,13,19,37,76,112,134,149,129,143,118,68,37,32,19,16,5,11,7
7,9,12,9,7,11,14,25,60,79,116,151,186,186,209,169,127,104,35,9,13,10,4,6
6,7,9,13,3,5,15,22,52,63,118,157,197,231,230,176,139,141,63,33,20,7,6,4
1,3,7,11,10,9,25,27,46,66,113,164,209,227,203,179,134,132,65,29,25,10,9,2
6,0,8,10,14,12,17,28,28,47,101,147,177,186,184,165,149,118,40,34,22,3,9,4
3,4,3,9,0,7,13,10,11,60,105,131,162,165,159,150,144,118,54,14,11,9,0,7
1,9,0,0,3,8,9,8,10,14,103,114,135,136,144,144,135,111,62,15,13,3,7,14
10,8,0,6,8,9,9,7,10,43,100,109,116,120,131,126,126,105,20,13,12,11,12,10
0,0,2,5,10,11,10,12,9,13,69,100,109,106,119,117,114,101,12,13,11,13,11,10
4,10,1,7,7,9,13,14,9,11,48,103,97,107,111,112,111,68,6,10,10,13,11,9
0,8,3,8,5,8,8,6,7,9,14,59,76,115,106,101,95,12,9,23,14,14,14,10
7,9,7,3,9,5,5,6,10,12,31,57,78,87,58,53,34,9,22,22,13,12,11,10
9,11,6,13,9,11,12,16,34,42,45,67,65,123,93,56,43,36,14,31,14,12,8,6
0,2,4,1,5,10,9,12,14,53,100,76,70,77,79,52,15,11,23,19,14,6,5,5
5,3,5,0,2,9,8,3,44,59,78,89,98,88,62,43,14,12,12,11,6,0,0,5
3,5,0,0,6,9,11,10,27,55,73,108,119,96,52,38,21,12,10,6,0,5,9,1
0,0,0,0,0,7,7,6,14,55,65,100,88,68,43,25,13,8,6,0,0,0,4,8
0,0,0,0,0,0,0,7,11,54,59,92,76,52,23,21,17,12,7,0,0,0,1,3
0,0,0,1,0,0,0,0,13,56,65,73,57,38,15,14,13,12,9,7,5,8,0,0
0,4,0,1,3,2,0,0,9,54,59,58,43,31,21,15,12,9,10,5,7,0,5,0
0,0,1,0,0,3,6,0,23,53,58,51,29,19,14,11,13,7,4,4,0,8,10,6
0,0,0,0,1,0,9,12,54,64,58,59,39,13,11,9,3,3,5,8,7,0,5,3
3,1,0,0,0,7,8,33,54,68,56,55,14,11,9,10,11,3,8,9,8,0,2,0
5,4,0,0,0,0,12,51,56,56,58,54,14,9,13,11,0,9,12,5,0,0,0,3
6,6,0,0,1,4,0,0,13,61,58,53,10,1,5,9,4,12,9,4,10,5,7,0
4,0,6,6,6,0,3,10,8,23,53,33,10,5,0,0,0,5,2,11,11,4,5,6

2

6,8,5,1,4,9,4,9,10,12,8,12,2,13,34,33,21,33,20,14,13,13,14,7
9,1,3,5,6,6,5,1,6,11,13,13,8,11,12,12,31,62,9,12,8,12,9,12
5,3,9,0,1,2,0,0,0,0,2,8,10,15,50,58,58,65,27,2,3,0,10,10
9,9,10,7,3,0,5,2,0,4,10,13,7,58,82,126,131,129,83,61,55,12,7,7
0,0,3,2,0,0,4,8,14,36,61,63,81,87,139,197,232,193,161,91,82,56,27,9
9,9,10,11,11,11,11,24,35,57,66,64,73,125,213,248,318,260,185,158,110,50,25,9
9,10,12,12,11,12,13,13,13,52,65,72,109,127,179,183,160,179,113,110,111,68,61,13
4,3,4,2,4,0,3,10,46,56,56,74,94,111,140,129,101,93,67,78,104,99,58,52
4,0,0,0,0,0,0,3,1,53,60,82,132,158,191,168,127,102,75,80,81,76,72,82
1,1,4,6,0,0,6,6,8,53,66,120,166,201,202,165,126,93,57,52,61,67,100,128
6,8,9,7,7,6,6,9,32,54,79,104,158,191,226,187,125,88,62,53,29,13,72,159
0,0,4,7,9,0,0,12,47,63,82,130,135,150,147,124,108,70,52,54,41,13,12,54
0,0,5,1,0,0,0,14,36,73,108,122,133,133,130,109,85,56,47,35,35,20,9,14
0,4,10,0,0,0,0,8,6,62,107,129,128,133,125,111,95,60,55,13,13,5,0,8
2,1,0,0,0,0,0,5,3,50,82,130,140,134,119,103,19,27,14,7,11,8,3,0
7,2,0,0,0,0,0,0,11,64,96,128,141,128,92,43,12,5,12,7,13,9,7,8
7,4,2,5,8,10,16,35,59,80,100,104,147,94,75,56,10,2,17,28,14,9,11,1
5,10,12,13,23,33,39,51,66,94,136,151,130,133,92,55,39,23,24,22,20,21,11,7
2,1,7,7,12,14,56,107,109,139,158,164,164,116,100,79,13,14,7,12,18,7,11,6
6,8,13,11,11,28,52,118,127,135,159,191,190,156,137,117,100,49,12,8,12,11,6,7
5,1,8,14,10,13,46,86,99,115,155,192,189,175,151,121,102,64,17,21,17,6,6,5
0,0,2,6,11,11,28,44,86,114,142,186,195,177,133,108,59,44,35,16,24,10,8,7
4,0,0,3,13,12,11,31,43,83,122,165,171,157,137,114,102,59,19,34,14,5,12,7
1,0,0,6,0,5,10,9,12,97,114,138,153,141,128,117,106,72,14,13,11,10,0,7
0,8,0,0,0,0,8,4,10,94,109,121,131,120,118,115,102,61,35,14,12,3,8,14
9,7,0,4,2,7,10,3,14,98,104,115,114,107,109,106,101,63,13,14,12,10,13,11
0,0,0,4,9,9,7,10,11,63,101,106,107,100,103,102,84,48,11,16,8,10,12,11
2,11,1,5,4,7,12,14,14,39,100,109,82,87,69,77,86,13,6,8,10,13,12,9
0,8,0,6,2,9,6,9,22,15,51,67,66,68,19,44,11,6,17,12,17,14,15,10
6,7,4,0,10,2,3,13,29,29,53,63,61,49,34,35,20,7,24,23,12,12,11,11
9,11,6,13,8,12,14,27,46,49,51,63,54,66,48,42,34,28,14,27,14,14,5,0
0,0,4,0,5,11,11,13,51,66,103,73,57,53,47,22,14,11,23,19,10,5,6,3
6,2,0,0,8,9,6,13,56,71,88,82,70,55,39,26,14,14,13,11,5,0,0,7
3,0,0,0,2,4,6,15,59,72,80,88,70,55,23,30,18,12,10,6,0,2,11,3
0,0,0,0,3,0,6,12,55,66,68,78,55,50,24,20,8,7,7,0,3,3,9,10
0,0,0,0,0,8,11,10,55,64,67,68,50,27,14,15,15,7,5,0,0,0,5,5
0,0,0,3,1,15,14,14,59,67,76,58,37,14,13,14,12,9,7,3,3,8,2,0
6,9,0,0,11,30,44,38,54,61,58,50,25,22,16,13,12,9,11,5,7,0,6,0
0,0,0,2,11,55,63,53,52,57,55,32,24,14,11,13,13,10,3,4,0,8,10,6
0,0,0,5,65,188,248,78,70,86,50,48,35,8,12,7,8,10,10,0,5,0,6,3
0,0,0,13,67,134,99,81,70,86,51,14,14,10,10,5,8,1,5,8,4,0,2,0
2,0,0,9,68,62,59,130,88,60,51,32,11,7,7,12,9,10,12,4,0,0,0,2
2,0,0,7,56,52,14,23,60,72,50,14,12,7,7,10,8,12,9,5,10,5,8,0
0,0,0,5,12,7,6,12,6,50,13,12,13,10,0,0,5,5,0,11,10,3,4,6

2

2,8,3,0,2,10,5,9,11,13,13,29,9,18,43,36,27,33,14,13,12,12,13,7
9,1,0,0,0,0,0,0,10,12,21,50,28,40,16,20,37,67,11,14,11,12,10,12
3,3,3,0,0,0,0,0,0,3,11,51,80,75,50,57,49,45,9,0,0,0,10,10
6,5,4,0,0,0,13,53,66,102,109,108,105,89,102,126,110,83,55,28,11,8,4,10
0,0,0,0,0,13,54,62,86,117,137,119,116,138,181,193,181,140,88,57,57,27,14,6
8,9,9,6,10,42,53,60,92,129,142,122,144,197,280,253,250,195,120,94,64,29,14,7
6,6,10,12,12,13,50,58,79,106,123,132,163,163,212,197,146,144,92,77,79,49,14,8
0,0,0,0,0,4,10,62,79,98,101,112,119,128,147,126,87,73,61,70,90,89,34,20
0,0,0,0,0,1,13,57,74,94,95,119,179,185,191,150,108,86,68,81,82,75,63,62
0,0,0,5,5,3,30,58,76,88,101,168,229,229,178,128,93,72,50,54,64,77,107,120
0,0,0,4,3,3,12,67,72,72,112,156,216,198,177,129,83,71,55,41,51,50,105,206
0,0,0,0,0,0,47,77,96,81,121,176,163,134,109,99,79,58,38,47,21,13,39,80
0,0,0,0,0,0,40,67,82,101,124,148,142,120,105,80,58,51,38,25,28,13,9,13
0,0,0,0,10,12,54,99,67,84,109,128,125,117,108,100,73,53,48,14,14,5,0,8
0,0,0,0,10,52,53,77,61,56,79,117,126,117,102,53,13,16,10,0,5,17,5,0
3,0,0,3,67,82,58,103,87,74,83,98,109,101,52,12,1,5,9,4,4,9,9,8
5,2,6,25,52,90,85,104,75,89,101,83,100,62,58,52,10,5,13,33,13,9,11,1
2,7,29,47,66,92,64,78,133,139,151,140,82,71,50,38,31,15,22,22,16,14,11,11
0,3,26,73,105,123,113,119,145,165,165,151,117,72,61,13,8,13,11,10,14,9,11,8
5,11,46,103,111,121,94,121,164,158,159,157,130,107,91,95,21,13,9,8,12,12,5,5
0,10,34,50,68,80,113,92,110,127,153,147,125,112,103,102,74,54,12,18,12,10,10,6
0,7,22,91,88,82,59,48,76,106,120,128,108,104,58,56,44,32,28,14,18,13,10,6
1,4,24,42,46,52,35,34,43,58,80,110,107,103,71,65,61,39,13,29,13,4,12,7
0,0,14,64,59,51,12,14,37,47,101,108,107,103,100,100,89,37,13,12,10,10,2,7
0,0,7,44,72,19,13,15,38,50,98,103,103,101,100,101,67,39,11,13,12,5,8,14
0,0,4,29,46,14,12,13,47,60,83,101,100,100,100,100,48,30,10,11,14,10,13,12
0,0,0,13,12,11,9,13,12,13,66,69,70,64,98,100,57,14,8,13,10,10,12,11
0,1,0,9,10,12,11,17,29,41,53,77,54,63,59,61,58,12,6,6,11,13,12,10
0,0,2,7,11,24,13,22,26,18,13,14,29,37,10,19,12,3,20,19,19,14,16,11
0,0,11,6,14,13,9,19,20,14,14,14,15,25,27,33,19,6,25,23,12,13,11,10
6,5,14,48,50,36,30,27,39,39,31,36,32,42,32,34,29,21,14,20,14,16,6,0
0,8,51,54,54,53,13,14,31,16,26,51,50,34,35,23,13,11,23,19,18,11,5,3
0,14,50,54,57,61,12,23,37,37,50,50,53,50,21,14,13,13,13,13,8,0,0,7
0,13,30,52,52,54,12,14,32,39,49,50,39,41,13,15,13,11,8,6,0,4,12,4
0,0,19,50,51,50,12,13,13,23,19,36,21,17,14,14,3,8,4,0,3,4,9,11
0,0,13,50,52,51,28,16,18,14,24,14,15,13,12,14,10,0,8,0,0,4,7,6
0,3,6,41,56,54,35,32,43,16,13,23,14,14,8,10,10,7,11,3,8,9,4,0
0,0,0,50,62,54,52,35,34,30,14,12,10,10,9,11,9,8,11,7,7,0,6,2
0,0,11,76,77,76,72,51,40,14,13,13,13,14,12,11,10,5,0,4,0,7,10,6
1,0,28,65,119,370,282,77,59,46,27,22,14,12,13,10,7,9,9,0,0,0,5,2
3,0,13,85,114,219,112,65,42,42,14,13,13,14,11,8,8,1,4,4,0,0,0,0
0,0,13,65,125,70,51,71,55,28,22,13,12,7,10,13,9,10,12,4,0,4,1,3
0,0,10,64,83,52,30,10,51,45,13,11,11,8,8,10,10,11,8,4,9,5,8,0
0,0,7,14,14,11,11,13,9,0,5,11,13,11,2,0,6,6,0,11,10,3,3,6

2

0,6,0,0,0,10,8,11,12,14,19,50,14,39,51,46,40,43,17,13,13,12,13,7
3,0,0,0,0,0,1,4,11,12,50,55,51,51,51,30,45,86,25,25,14,12,9,12
0,0,0,0,0,0,5,9,11,69,62,67,100,102,53,47,32,12,2,0,0,0,10,10
3,4,9,10,13,43,76,102,110,126,125,114,115,106,87,94,84,43,25,11,4,0,4,13
0,0,2,13,57,67,67,99,136,175,170,149,165,148,172,201,149,101,37,44,38,11,8,12
0,0,10,40,53,61,62,85,167,227,231,214,241,187,258,215,149,106,71,60,46,14,11,8
5,1,5,13,41,51,60,76,122,164,195,209,193,156,210,162,96,100,73,64,65,36,11,10
0,0,2,6,11,19,56,105,108,150,165,158,114,106,120,96,66,66,59,65,78,75,28,13
0,0,0,0,14,50,64,89,116,162,209,165,129,111,110,100,91,81,65,79,84,74,52,38
0,0,0,2,11,54,84,96,128,173,181,131,108,118,89,77,74,64,54,59,79,110,127,82
0,0,0,6,22,60,76,106,124,144,124,86,94,107,105,87,70,69,58,51,57,92,217,200
0,0,1,33,56,58,70,107,131,116,88,76,75,82,82,76,70,54,27,52,46,61,142,209
0,0,13,60,74,65,72,91,109,106,89,72,94,101,82,68,52,47,29,12,17,32,39,55
8,8,42,70,67,77,101,104,79,65,93,90,100,101,100,71,70,52,29,10,13,0,11,10
0,14,79,84,66,74,64,72,56,14,42,65,100,83,72,30,14,30,9,0,3,24,11,4
1,6,66,107,102,111,64,58,28,50,51,56,63,55,21,8,5,10,8,2,1,7,10,6
11,15,52,79,110,113,101,77,47,40,39,50,61,54,54,49,9,7,12,33,13,6,9,3
8,33,44,75,98,120,90,56,45,51,60,61,49,54,36,32,28,19,20,21,14,17,12,13
3,18,71,100,113,129,119,98,57,67,103,108,73,61,54,14,8,14,11,11,13,9,11,10
9,25,62,103,106,122,92,105,101,75,92,106,106,91,77,69,50,9,6,8,11,12,5,4
12,37,48,52,72,78,94,50,50,58,102,106,108,103,92,96,54,41,8,14,9,8,9,7
10,67,105,106,74,72,41,36,43,54,56,72,67,75,44,45,38,22,24,13,14,11,10,5
12,70,72,62,46,35,32,27,33,42,49,50,69,75,47,53,46,34,10,22,12,3,12,8
10,55,75,78,44,20,13,14,14,41,82,63,101,91,78,77,70,14,11,10,9,10,2,6
2,53,61,70,27,12,12,14,16,27,81,50,91,84,69,97,55,23,10,13,11,5,8,14
7,51,55,76,14,13,12,12,16,41,54,60,74,76,67,68,14,13,8,8,13,9,13,11
2,55,68,26,9,11,8,12,10,12,36,53,53,55,73,78,36,13,6,13,11,12,12,11
6,52,32,12,11,12,10,14,14,28,28,42,48,56,43,35,20,8,5,8,13,13,12,10
12,40,43,22,14,23,11,10,15,14,11,8,11,10,5,13,8,1,19,22,15,14,16,11
51,54,54,44,18,8,9,12,12,11,14,12,11,14,11,23,19,8,26,21,11,14,11,10
25,46,53,53,52,30,33,14,27,27,17,24,24,26,25,25,27,25,14,18,14,15,9,0
13,66,63,62,55,30,12,10,12,13,11,18,21,13,13,13,12,12,23,19,20,9,6,3
14,65,57,61,62,55,13,7,14,12,12,13,39,22,13,13,13,13,13,13,9,0,0,8
0,53,51,55,53,46,10,9,19,12,14,21,13,17,12,15,13,10,8,5,0,4,11,5
0,0,49,51,51,36,6,7,11,12,12,11,13,13,14,14,4,7,4,0,3,4,9,11
0,0,25,51,51,39,9,11,13,9,7,8,9,12,12,14,8,1,6,0,0,4,7,6
0,0,13,45,55,55,12,10,13,13,10,14,14,13,6,9,10,6,10,3,9,9,4,0
0,0,0,28,62,52,25,12,14,14,13,13,7,8,9,10,8,7,11,6,8,0,6,2
0,0,3,61,83,59,59,29,14,13,12,10,13,14,10,10,7,5,0,3,0,8,10,6
0,0,16,55,84,160,173,66,53,33,20,14,12,10,12,10,5,8,8,0,0,0,5,2
0,0,12,72,89,141,94,50,30,23,12,9,11,12,9,6,6,1,4,3,0,0,0,0
0,0,14,72,118,57,40,53,40,14,14,11,10,6,8,12,6,10,12,4,0,5,1,4
0,0,44,90,65,47,17,11,14,14,12,11,11,10,8,10,10,10,9,4,8,5,8,0
0,0,13,14,14,12,12,12,1,0,2,9,13,11,3,0,8,6,0,11,10,3,3,6

2

0,0,0,0,0,10,9,13,13,21,34,53,47,56,70,77,54,62,33,17,14,13,13,8
0,0,0,0,0,0,0,25,54,55,57,61,54,55,71,55,57,102,66,48,39,14,11,11
0,0,0,10,5,40,34,71,80,111,109,102,103,103,63,61,31,13,10,6,0,6,13,10
9,8,13,28,50,76,103,113,141,187,175,132,121,106,82,56,34,14,16,12,3,0,8,12
0,0,10,52,67,81,89,134,232,288,221,170,176,126,82,71,79,66,37,39,19,4,12,9
0,0,11,50,56,78,81,126,226,272,258,257,203,114,91,72,75,67,55,52,36,13,14,9
0,0,5,29,55,67,89,111,148,191,235,212,148,97,89,84,68,73,63,57,46,28,11,7
0,0,0,16,74,101,102,140,146,186,163,131,91,76,67,56,54,59,54,52,60,60,21,21
0,0,0,52,75,79,96,137,170,177,167,128,93,72,70,69,73,72,56,55,55,51,35,20
0,0,12,60,70,86,132,158,175,156,138,95,80,77,64,58,61,60,39,47,54,53,53,30
0,2,39,63,84,95,117,142,129,106,87,70,66,75,79,69,59,59,54,13,14,29,54,53
0,14,68,74,99,80,95,117,117,80,68,62,62,64,70,64,65,44,14,41,20,25,42,29
4,56,85,107,105,100,77,83,79,81,77,59,77,83,63,59,49,40,19,19,25,16,11,12
47,64,102,106,102,101,101,100,57,57,80,69,71,73,73,14,59,46,29,9,4,3,4,8
28,111,118,125,76,79,64,57,24,12,21,59,62,14,14,15,14,30,15,12,9,11,14,10
53,102,109,118,104,108,53,13,5,11,50,53,38,7,7,12,10,14,12,7,10,3,13,4
50,114,105,110,112,107,88,51,13,21,33,27,14,35,46,40,13,12,11,17,12,5,10,8
40,73,109,102,83,89,45,21,33,42,49,42,33,38,27,30,25,21,19,17,14,15,8,10
112,110,101,100,101,106,26,29,27,53,83,100,55,52,38,11,7,14,12,11,13,8,12,10
43,61,102,103,85,102,14,56,59,59,63,93,83,66,64,46,32,10,6,8,11,12,6,4
50,64,75,63,61,61,15,13,11,14,30,67,88,76,60,75,34,38,7,13,9,6,9,7
58,102,112,108,55,28,11,13,18,37,34,38,44,48,31,38,33,18,20,13,16,11,8,5
76,103,87,66,33,23,11,8,11,37,37,26,30,46,34,43,38,31,9,14,10,2,11,7
68,92,89,61,6,3,0,4,6,14,14,8,61,29,48,52,48,13,10,9,9,9,0,5
59,97,75,54,7,1,3,7,5,14,37,10,14,14,12,59,39,17,10,13,10,3,8,14
66,61,62,35,4,8,6,0,8,14,13,12,23,53,28,14,10,7,10,7,14,12,13,11
53,62,83,13,0,0,0,0,6,12,12,13,14,43,38,37,9,10,6,13,11,13,12,10
70,60,55,16,10,11,11,9,8,13,17,12,14,29,12,8,13,5,6,10,11,13,12,10
72,55,55,41,26,15,10,3,0,4,11,4,3,12,8,12,7,2,19,22,14,13,15,11
101,62,53,43,25,3,0,0,0,8,7,9,6,8,0,11,16,10,26,19,10,14,11,11
70,55,54,52,21,17,19,12,8,15,14,25,19,14,17,14,23,28,14,14,13,14,9,0
109,100,66,60,51,14,11,11,12,12,1,5,0,9,9,10,10,13,16,15,17,10,7,3
76,97,64,61,57,51,13,9,12,10,9,7,2,14,11,12,13,12,13,13,9,0,0,7
51,76,56,56,51,36,12,13,15,5,3,1,5,13,11,14,12,10,9,5,0,3,11,4
0,36,54,52,50,32,11,5,6,5,1,1,10,10,12,14,4,7,5,0,3,4,9,11
0,0,53,52,51,26,6,10,3,0,0,0,1,11,13,14,10,4,7,0,0,5,7,6
0,5,38,50,54,33,0,5,6,7,5,11,12,11,7,10,10,7,10,3,8,9,4,0
0,0,0,34,61,50,6,4,6,7,10,10,9,10,11,11,9,7,10,6,9,0,6,2
4,43,11,59,83,53,14,11,12,11,9,9,13,13,8,9,5,6,1,3,0,9,10,6
0,1,33,55,77,105,90,54,24,10,12,11,8,5,11,9,3,10,7,0,0,0,5,3
0,0,26,70,73,97,76,38,22,16,10,2,10,11,7,4,5,0,4,2,0,0,0,0
0,0,10,64,88,54,35,42,28,12,12,10,9,5,6,9,3,8,12,5,0,6,1,4
0,0,9,67,56,37,13,3,9,12,12,11,10,9,7,10,8,9,9,3,8,5,8,0
0,0,6,12,13,11,9,11,0,0,2,8,12,10,2,0,7,4,0,9,10,2,3,6

2

0,0,0,8,11,14,13,40,43,45,50,55,51,54,62,57,42,36,14,12,13,13,13,9
0,0,0,8,31,54,93,106,107,70,60,63,54,51,55,36,50,89,38,31,23,14,12,12
11,14,50,55,99,125,136,170,172,150,110,65,31,51,31,16,22,13,9,9,6,9,13,12
50,56,61,67,103,132,187,254,312,268,173,107,82,54,50,14,10,7,13,0,0,10,11,12
53,59,62,82,118,142,194,258,338,287,182,111,106,71,64,57,57,64,38,41,37,4,13,11
11,40,55,61,71,136,167,237,287,241,124,86,73,65,62,55,59,57,52,48,33,25,14,10
0,0,11,65,76,101,124,127,134,117,92,72,76,71,67,62,53,55,56,55,42,21,11,9
0,0,13,82,108,122,111,126,97,84,63,62,68,61,55,31,36,56,50,28,54,54,18,13
0,0,67,83,96,91,100,110,107,73,68,67,67,57,61,63,65,63,50,47,42,50,31,13
0,0,58,82,81,91,102,93,83,67,62,62,67,70,55,50,56,55,14,32,40,50,50,24
0,34,57,80,89,80,80,77,67,57,63,61,60,67,70,63,57,55,50,12,14,13,45,44
32,54,79,90,97,71,62,73,74,63,61,57,59,59,67,60,62,34,13,35,16,13,14,14
51,59,81,103,101,95,55,58,59,64,68,57,68,81,63,59,45,37,19,18,28,12,12,13
52,60,94,82,68,73,72,69,47,52,74,66,69,78,92,18,57,38,27,9,3,3,4,8
34,94,96,81,53,58,56,38,39,11,14,58,68,31,19,14,13,24,14,12,8,13,14,11
11,53,54,64,51,88,14,20,9,9,50,53,24,6,7,12,10,13,10,8,10,3,13,4
20,54,56,56,76,100,71,39,11,14,28,29,14,36,44,37,13,12,10,14,11,5,10,8
23,36,38,49,50,68,40,32,30,42,48,44,36,40,31,30,22,19,19,17,13,14,8,10
16,64,60,76,78,101,46,31,31,51,77,96,53,51,48,11,7,14,12,11,13,8,12,10
15,42,78,100,60,89,13,13,55,53,51,62,50,58,56,25,16,9,7,7,10,11,7,5
42,48,52,43,50,55,12,9,10,12,13,50,68,65,57,58,14,33,7,13,10,6,7,6
58,95,106,99,55,34,13,11,14,36,36,39,21,33,17,36,29,15,16,11,14,12,8,2
78,102,71,64,49,29,2,7,23,36,36,21,11,33,19,33,21,26,8,12,6,0,10,7
84,101,81,66,54,4,2,12,10,17,14,8,14,14,14,14,17,14,11,11,8,10,4,3
88,103,81,75,11,1,12,12,12,11,14,10,14,9,9,14,13,10,5,12,10,0,8,14
101,80,59,53,5,8,9,10,13,11,11,6,14,16,10,14,10,4,7,8,14,12,13,10
77,75,73,10,8,3,11,11,5,12,8,0,11,14,11,0,2,13,9,14,9,12,12,11
100,67,30,7,8,12,14,9,9,6,6,10,10,3,1,13,12,7,8,9,10,12,12,9
93,55,42,27,14,14,11,12,12,3,3,3,3,2,2,3,5,6,18,19,14,12,14,11
120,67,51,35,14,8,8,2,0,2,5,7,9,18,17,17,24,14,24,15,10,13,10,10
112,66,53,50,31,22,31,14,14,17,14,14,11,10,7,9,14,27,14,14,13,14,7,0
137,116,67,55,39,21,18,12,10,8,0,0,0,8,6,8,7,12,13,10,13,10,7,5
122,114,65,55,51,38,14,8,11,11,11,0,0,8,12,10,11,11,12,11,7,0,0,7
78,92,55,52,35,16,19,17,11,7,2,0,0,12,10,13,11,11,9,5,0,3,11,4
3,54,52,43,27,23,13,11,9,6,0,0,6,8,12,14,9,9,7,0,3,4,9,10
13,9,52,42,13,10,0,10,0,0,0,0,0,10,12,11,10,6,8,0,0,4,7,6
0,11,42,15,15,6,1,0,1,4,0,9,8,8,8,11,10,8,10,2,8,9,4,0
5,3,1,10,14,13,0,2,7,5,6,9,9,13,11,11,9,7,9,6,9,0,6,2
8,53,23,50,51,12,10,0,6,6,5,11,14,13,9,10,6,8,2,3,0,10,10,6
0,28,50,44,56,57,51,0,0,4,7,8,9,8,11,7,1,9,6,0,1,0,6,3
0,12,50,52,44,42,50,15,14,10,5,0,7,8,6,2,2,0,3,1,0,0,0,0
0,4,38,50,50,14,13,20,11,6,11,10,7,0,6,8,0,6,12,5,0,5,0,4
0,0,30,53,31,13,4,0,6,11,12,11,7,7,7,9,3,9,9,3,8,5,8,0
0,0,4,13,13,9,6,9,0,0,0,2,10,7,2,0,1,2,0,9,10,2,3,6

2

0,0,0,10,10,14,13,29,35,28,26,44,10,13,32,16,12,14,11,9,11,12,13,9
0,0,0,14,58,70,105,113,103,62,55,54,39,14,14,13,28,38,11,14,14,13,11,12
31,44,59,73,116,143,190,231,168,121,72,10,12,10,11,9,8,12,6,9,5,6,13,11
73,70,89,105,132,161,240,303,297,150,110,86,55,14,12,11,10,15,12,0,2,9,12,12
65,68,91,111,134,161,236,242,275,162,94,66,83,63,60,54,54,57,37,36,19,0,11,11
51,54,58,72,78,138,166,206,226,139,72,59,58,55,55,47,53,53,50,45,30,24,14,9
0,7,45,61,72,96,126,124,131,87,62,58,62,61,61,55,13,46,51,52,38,17,11,10
0,0,13,71,105,121,112,129,109,79,53,18,56,50,8,6,12,52,18,13,50,50,14,12
0,0,63,76,101,103,105,113,116,80,57,38,52,51,51,53,58,55,14,34,26,41,27,12
0,54,58,89,98,106,122,116,100,74,57,46,55,55,12,10,43,50,10,14,28,37,44,24
6,44,55,81,100,100,108,117,92,63,55,51,52,48,50,52,53,53,31,11,13,12,31,32
51,55,79,90,101,83,89,110,105,73,55,9,10,28,55,34,54,16,12,25,13,12,13,11
53,63,89,105,106,105,74,91,93,76,56,14,9,27,12,16,14,29,14,14,24,11,12,13
56,70,102,100,74,96,101,106,86,48,55,10,13,13,18,4,13,12,14,8,2,1,3,9
56,103,103,76,56,69,69,97,62,14,9,12,7,3,1,7,8,13,12,11,8,13,14,9
13,57,50,64,74,105,66,100,58,6,0,0,0,0,0,5,7,10,8,7,7,2,12,3
12,54,58,56,103,110,103,105,51,12,7,5,10,5,13,14,11,10,9,13,10,4,10,7
20,29,37,58,113,143,94,66,38,25,13,14,22,28,25,16,17,16,15,14,13,14,8,9
9,71,84,116,159,143,131,100,32,47,48,11,13,12,20,9,7,12,9,10,12,8,11,10
23,51,105,137,129,122,82,102,67,54,11,5,1,10,23,12,13,8,5,7,10,11,7,4
48,61,94,103,96,82,88,52,13,14,13,12,12,50,42,36,13,26,6,12,9,3,5,7
65,106,122,117,101,107,76,27,22,14,14,14,13,30,16,25,24,13,13,10,13,11,7,1
87,112,93,100,104,78,53,10,1,23,3,0,20,29,15,25,14,19,7,10,4,0,10,7
89,104,100,90,88,72,24,5,2,4,5,2,13,14,13,12,13,12,9,11,9,10,2,3
87,105,95,101,84,37,12,0,0,2,9,2,13,11,8,12,12,8,4,12,8,0,6,13
101,82,64,79,24,14,8,0,2,6,5,0,11,10,10,12,10,4,6,8,12,11,13,9
72,78,88,59,12,10,7,7,8,7,12,0,4,1,11,5,5,11,10,14,9,11,11,10
89,68,54,8,11,13,14,12,9,9,11,11,9,5,10,13,14,3,9,10,10,12,12,9
82,40,19,15,15,15,12,10,10,6,3,4,6,3,5,5,0,4,16,19,14,12,14,11
106,59,50,28,13,8,8,2,0,5,9,11,12,20,17,18,20,13,23,14,9,14,10,10
97,58,52,49,26,21,32,16,14,22,17,17,13,9,4,7,13,25,14,14,13,14,7,0
128,107,62,54,26,13,14,11,10,8,0,2,0,7,8,9,5,12,13,10,12,9,7,5
111,103,60,54,50,20,12,8,10,10,9,0,0,5,10,7,9,10,12,11,6,0,0,6
73,82,52,51,32,13,14,12,2,6,3,0,0,10,9,11,10,10,9,4,0,2,11,4
1,51,50,36,20,13,10,9,6,6,0,0,6,7,11,13,7,8,8,0,2,4,9,10
12,8,50,34,10,8,0,9,0,0,1,0,0,10,12,9,8,5,9,0,0,4,7,6
2,11,22,12,12,5,1,0,2,5,4,10,7,7,7,11,10,7,9,2,7,9,3,0
9,4,0,8,11,11,3,4,7,7,9,10,9,13,11,10,9,6,8,6,9,0,6,2
9,52,13,42,28,11,8,0,6,5,2,9,13,12,9,10,4,7,1,2,0,10,10,6
0,29,50,40,54,55,27,0,0,4,9,7,6,6,9,7,7,8,7,0,2,0,5,3
0,12,50,50,38,27,20,13,12,8,7,0,6,8,6,0,0,0,2,1,1,0,0,0
0,5,37,50,38,13,12,14,10,2,10,10,3,0,5,6,0,4,11,5,0,5,1,4
0,0,36,52,28,12,2,0,4,10,11,10,2,3,8,9,3,9,9,2,7,5,8,0
0,0,8,13,12,7,5,10,0,0,0,0,7,5,0,0,0,2,0,8,10,1,3,6

0

0,0,0,11,10,14,13,33,40,43,39,51,15,14,33,16,11,13,10,8,10,11,13,8
0,0,0,14,56,68,105,112,106,66,57,56,50,14,14,16,27,29,11,13,13,12,10,11
46,45,57,69,113,139,176,219,176,134,95,12,13,10,10,6,8,13,6,8,3,5,12,10
71,66,84,100,126,150,217,269,300,187,123,86,52,13,8,6,2,0,3,0,1,6,11,11
62,63,85,107,129,149,209,216,262,185,117,64,78,59,55,42,41,53,34,14,12,0,10,9
52,53,57,69,73,125,147,185,215,156,85,57,55,51,50,36,46,48,44,40,25,19,7,10
1,9,50,59,67,87,117,115,126,95,66,55,56,56,56,51,8,14,29,48,31,14,9,9
0,0,10,63,100,112,104,122,108,83,56,12,50,11,0,0,7,20,11,11,19,37,13,10
0,0,56,68,86,92,96,105,112,81,57,30,40,29,24,25,53,38,10,20,14,29,22,10
0,16,54,75,84,98,116,115,106,78,60,33,52,50,6,4,14,20,6,13,14,22,37,24
0,37,53,74,93,98,109,124,100,66,57,42,51,42,39,35,47,50,12,9,12,10,15,18
42,54,75,85,99,82,88,112,107,75,58,7,14,25,52,16,41,13,11,15,11,10,11,9
52,62,84,104,105,105,73,90,93,81,62,13,14,44,12,13,11,24,13,11,16,6,10,12
56,68,102,100,74,96,101,105,89,52,68,12,25,35,27,2,13,13,12,8,4,0,1,7
57,104,103,81,58,73,70,98,65,14,14,16,8,2,1,5,5,10,11,10,7,14,14,8
50,62,56,95,94,109,68,102,60,12,3,0,0,0,0,7,5,4,3,3,3,2,11,2
17,64,66,81,108,119,106,107,52,13,8,6,9,3,10,12,8,6,7,12,9,5,10,6
27,35,41,78,129,153,100,67,42,29,20,17,24,28,20,9,14,14,14,13,13,13,8,8
12,100,100,128,169,144,129,99,38,51,43,11,11,10,13,6,5,11,8,8,12,8,11,9
31,55,109,146,135,124,83,103,71,55,12,7,2,10,14,11,12,7,4,6,10,11,6,4
50,66,102,108,105,87,92,55,14,27,14,22,12,44,40,23,12,23,4,11,8,2,5,7
68,107,124,119,104,109,76,36,28,16,27,25,13,29,16,21,22,12,12,10,13,10,6,1
89,114,98,101,105,80,53,13,3,0,26,11,12,25,13,18,13,14,6,9,3,0,10,7
92,105,100,93,89,71,25,9,4,8,6,10,10,14,11,11,11,12,8,10,9,9,1,3
87,105,97,101,84,41,13,6,6,0,0,7,12,9,4,12,11,7,3,11,8,0,5,13
101,81,65,78,26,14,9,2,2,2,0,3,6,6,7,12,10,4,5,8,11,10,13,9
71,77,88,58,12,10,8,6,9,7,11,1,6,3,9,6,7,11,10,13,10,11,11,9
87,67,55,9,11,14,15,13,11,11,10,11,11,9,11,13,13,2,8,10,10,12,11,8
80,40,22,14,16,17,12,10,8,6,1,0,7,2,3,3,0,3,14,18,14,12,13,11
105,59,50,28,13,9,9,3,1,10,11,11,11,19,14,17,16,11,23,14,9,14,10,10
95,57,52,49,27,19,32,20,13,23,16,16,13,10,5,6,13,24,14,14,13,14,6,0
127,105,61,54,25,13,14,11,9,8,0,2,0,8,9,9,5,12,13,9,12,9,7,5
109,101,59,54,50,21,12,7,9,8,8,0,0,5,8,3,8,10,12,11,6,0,0,6
71,80,52,51,32,12,13,12,3,6,5,0,0,8,8,11,9,8,8,4,0,0,11,4
0,50,48,35,20,12,9,8,5,7,3,3,6,6,10,13,7,8,8,0,2,4,8,10
12,8,48,35,9,7,0,8,0,0,1,0,0,9,12,8,8,5,9,0,0,4,6,6
3,11,17,12,12,4,0,0,1,3,4,10,6,6,6,11,10,6,9,2,7,8,3,0
10,5,0,9,10,10,3,4,6,6,10,11,9,12,11,9,9,6,7,5,8,0,6,2
10,52,13,46,28,10,7,0,6,4,2,8,12,10,9,9,3,7,1,1,0,10,10,6
0,29,50,47,55,56,26,0,0,8,9,8,7,5,9,7,7,8,7,0,2,0,5,3
0,12,48,51,42,30,18,13,12,9,8,0,6,9,5,0,0,0,2,1,0,0,0,0
0,6,34,50,43,13,12,15,10,2,9,9,2,0,4,6,0,3,11,5,0,5,1,4
0,0,37,52,28,12,2,0,4,9,10,9,0,1,8,9,3,9,9,2,7,5,8,0
0,0,9,13,12,6,4,10,0,0,0,0,5,3,0,0,0,2,0,7,10,1,3,6

0

0,0,0,10,10,14,13,33,39,45,42,52,21,14,33,16,11,13,10,7,9,10,12,7
1,0,0,14,55,67,104,111,106,66,57,57,51,15,14,17,28,26,11,13,13,11,8,11
46,45,56,68,111,137,170,209,172,135,100,12,12,10,10,5,8,13,5,6,1,3,11,9
70,65,83,99,125,147,211,256,291,192,127,84,51,12,7,2,0,0,1,0,3,5,10,11
62,63,83,106,127,147,205,211,258,191,125,64,76,58,52,33,32,50,31,14,8,0,9,7
52,53,57,68,72,124,146,185,217,163,90,58,55,49,47,35,43,43,37,37,23,16,5,9
3,10,50,59,67,86,116,115,127,99,70,55,53,53,53,47,6,13,17,36,26,13,9,7
0,0,10,61,98,111,104,123,109,87,61,13,39,6,0,0,4,11,7,9,14,27,12,9
0,0,55,67,83,92,96,107,115,84,60,36,34,17,14,11,34,14,9,15,13,14,15,9
0,24,54,73,83,98,117,117,110,81,63,27,50,37,5,0,5,12,3,12,13,14,33,22
0,37,52,73,93,98,111,128,103,68,58,42,47,44,42,13,14,41,9,8,11,9,14,14
42,54,75,85,99,83,90,114,108,76,60,9,24,15,43,13,26,12,11,13,9,8,10,7
52,62,85,104,105,105,74,92,95,84,65,13,14,39,11,11,8,18,12,9,16,3,10,11
56,68,103,100,75,98,101,106,91,54,70,12,37,52,18,2,12,11,11,9,8,0,0,6
57,104,103,82,58,75,71,100,66,20,16,25,9,3,0,0,1,6,10,10,8,13,13,7
51,63,59,100,100,110,69,102,62,14,7,1,0,4,0,1,0,1,1,0,2,1,11,1
24,66,68,90,110,123,107,108,53,13,9,7,7,6,6,8,8,7,8,11,8,6,10,6
28,36,42,81,131,153,100,68,45,33,25,20,26,25,15,9,14,14,14,12,13,13,8,8
12,100,100,131,172,143,128,100,46,52,44,11,12,6,11,5,4,11,7,7,12,9,11,9
32,56,110,149,139,126,86,105,77,56,13,7,3,11,13,10,12,6,4,6,9,11,6,3
51,68,104,112,110,92,98,57,26,32,14,22,12,46,35,14,12,19,3,10,8,1,4,7
69,108,126,121,106,111,77,40,23,20,26,22,13,28,15,18,20,11,10,10,13,10,5,0
90,115,100,102,105,82,55,24,5,0,27,7,9,20,12,14,13,14,6,8,3,0,9,6
92,105,100,95,90,72,36,12,7,6,9,9,5,13,9,9,11,11,7,10,8,9,0,3
86,105,97,101,84,43,14,9,6,3,0,9,12,9,1,11,11,6,2,11,7,0,4,13
101,82,64,78,29,14,9,4,3,4,0,1,8,9,7,11,10,4,4,8,10,9,12,8
70,77,88,59,13,11,9,6,9,6,7,0,4,4,11,6,7,11,10,13,9,11,11,9
87,66,55,9,12,14,16,14,11,12,10,12,7,8,11,11,12,1,8,10,10,12,11,8
80,42,24,14,16,19,13,11,8,6,0,0,6,0,3,5,1,3,12,15,13,12,13,10
104,59,50,28,14,9,10,3,2,11,12,11,11,19,13,16,16,10,21,14,9,14,9,10
94,57,52,48,27,19,32,19,13,24,14,15,13,11,5,5,13,24,14,14,13,14,5,0
126,105,61,54,26,13,14,11,9,8,0,2,0,8,9,9,5,12,13,8,12,9,7,5
109,100,59,54,50,22,12,7,9,8,8,0,0,4,6,2,8,10,12,11,6,0,0,5
71,80,51,51,33,12,13,11,3,6,5,0,0,7,8,11,9,8,8,4,0,0,11,4
1,50,47,36,20,12,9,8,5,8,7,4,7,6,10,11,7,7,8,0,1,3,8,10
12,8,47,35,9,6,0,7,0,1,0,1,0,8,11,8,8,5,9,0,0,3,6,6
3,11,15,12,12,4,0,0,0,1,4,11,6,6,5,11,10,6,9,2,7,8,3,0
10,5,0,9,9,9,4,4,5,5,11,11,9,12,10,9,8,6,7,5,8,0,6,2
10,52,13,48,27,9,6,0,6,4,1,8,11,9,9,9,2,7,1,0,0,10,10,6
0,30,50,48,56,56,25,0,0,8,9,8,7,4,9,7,7,8,7,0,2,0,5,2
0,12,50,51,44,28,18,13,12,9,8,0,6,9,5,0,0,0,2,1,0,0,0,0
0,6,34,50,45,13,12,15,10,2,9,9,1,0,4,5,0,3,11,5,0,5,1,4
0,0,36,52,27,11,2,0,3,9,10,8,0,0,8,9,2,8,9,2,7,5,8,0
0,0,9,13,12,5,4,10,0,0,0,0,4,2,0,0,0,2,0,7,10,1,3,6

0

0,0,0,11,10,14,13,34,39,47,43,52,22,14,33,16,11,13,9,7,9,10,12,6
4,0,1,14,56,66,104,111,105,66,57,57,51,17,14,18,29,25,11,13,13,11,8,10
47,45,56,67,111,136,169,206,170,135,100,12,12,9,10,5,8,13,4,4,0,1,10,8
70,65,83,99,124,147,209,253,289,193,129,85,50,12,6,1,0,0,1,0,3,3,9,10
63,63,83,105,127,147,203,210,257,192,128,64,75,56,50,39,32,45,30,13,7,0,8,6
53,53,57,68,72,124,146,185,218,166,93,58,55,47,45,35,43,41,30,35,21,14,3,9
4,12,50,59,67,86,116,115,128,101,72,55,52,51,52,32,3,11,14,29,22,13,9,7
0,0,11,61,99,111,105,123,110,89,64,13,34,3,0,0,2,8,5,8,13,19,12,8
0,0,55,67,83,92,97,108,116,86,62,38,31,14,12,9,14,12,10,14,12,14,13,8
0,32,54,73,83,98,117,119,112,83,64,24,42,25,4,0,0,8,1,12,13,13,29,19
1,38,52,73,93,99,112,129,105,69,59,38,39,40,45,12,12,24,8,6,10,9,13,14
43,54,75,85,99,84,91,115,109,77,61,10,32,13,31,12,19,11,11,12,7,7,9,6
53,61,84,104,105,105,75,93,96,85,66,13,13,33,11,10,6,13,11,9,14,2,10,11
57,68,102,100,75,98,101,106,92,54,71,12,40,58,19,4,11,9,10,9,8,0,0,6
57,104,104,83,59,76,71,100,67,23,18,28,10,4,0,0,0,2,9,10,8,13,13,6
51,63,59,101,101,111,70,103,62,14,8,2,0,4,0,0,0,1,0,0,2,1,10,0
26,67,69,95,111,125,108,108,53,13,9,7,6,6,6,7,8,7,8,10,7,6,10,6
28,36,42,85,132,153,100,69,46,35,27,23,25,23,14,10,13,14,13,12,13,13,9,8
13,101,101,133,173,143,128,100,50,52,42,11,8,4,11,3,4,12,7,6,12,9,10,9
33,56,111,151,140,127,87,106,80,56,13,7,3,11,11,8,11,6,4,6,9,11,6,3
51,69,105,114,114,97,100,60,34,33,14,14,12,43,31,14,11,16,3,10,7,1,4,7
69,109,126,121,108,112,79,44,30,31,25,18,13,27,14,15,19,10,9,10,12,9,5,0
91,116,100,102,106,85,57,26,10,5,16,1,8,14,14,10,12,12,5,7,2,0,9,6
92,105,100,97,91,75,40,12,8,8,10,7,5,11,8,9,10,10,5,9,8,9,0,2
87,105,98,101,86,45,14,10,7,7,6,10,12,8,1,12,11,5,2,10,7,0,4,13
101,81,64,78,29,14,10,5,4,5,0,5,7,8,6,10,10,4,4,8,10,9,12,8
70,77,88,60,13,11,10,7,10,8,8,0,1,4,11,6,6,11,10,13,10,10,10,8
86,67,56,9,12,14,20,14,12,12,10,12,7,9,11,11,13,2,8,10,9,12,11,8
79,43,25,15,17,21,13,11,8,7,0,0,6,0,3,5,1,3,11,14,13,12,13,10
104,58,50,29,14,10,10,5,0,12,12,11,8,18,12,16,15,9,20,13,9,13,9,10
94,57,52,50,27,21,33,17,12,27,13,14,13,11,5,5,13,24,13,14,13,14,5,0
126,104,62,54,26,13,14,11,8,8,0,1,0,8,9,9,5,12,13,7,12,9,7,5
108,100,59,54,50,24,12,6,8,8,8,0,0,3,5,1,7,10,12,10,6,0,0,5
70,79,51,51,34,12,12,11,2,6,5,0,0,5,7,11,9,8,8,3,0,0,10,3
1,50,48,38,22,12,8,8,5,8,8,5,7,6,9,10,7,7,9,0,1,3,8,10
12,8,46,35,10,6,0,7,0,1,0,1,0,8,11,7,7,5,9,0,0,3,5,6
2,11,14,13,13,4,0,0,0,0,5,11,6,5,5,11,10,6,8,1,7,8,2,0
9,3,0,10,9,9,4,4,5,4,11,11,9,12,10,9,8,6,6,4,8,0,6,2
11,51,12,50,32,9,5,0,6,4,1,8,11,9,9,9,2,7,0,0,0,10,10,6
0,27,50,50,56,56,23,0,0,8,9,8,7,4,9,7,7,8,7,0,2,0,5,2
0,12,47,51,45,29,16,13,12,9,8,0,6,9,4,0,0,0,2,1,0,0,0,0
0,5,34,50,45,13,12,15,10,2,9,9,1,0,4,5,0,3,11,5,0,5,1,4
0,0,35,51,25,11,2,0,3,9,10,8,0,0,9,9,2,8,9,2,7,5,8,0
0,0,9,13,12,4,4,10,0,0,0,0,3,1,0,0,0,2,0,7,10,1,3,6

0

0,0,0,11,10,14,13,33,39,47,44,52,26,14,33,16,11,13,9,7,9,10,12,6
5,0,2,14,55,66,104,110,105,66,57,57,51,16,14,19,29,23,10,13,13,10,7,9
50,48,56,67,111,136,168,205,170,136,100,12,12,9,10,5,9,13,4,3,0,0,10,7
70,65,83,98,124,146,207,251,289,195,129,86,48,12,5,0,0,0,1,0,4,2,8,10
63,63,83,105,126,146,202,209,256,193,130,64,75,56,50,38,35,41,29,13,5,0,8,5
53,53,57,68,72,123,145,185,218,168,95,58,55,45,43,34,41,40,24,33,19,13,2,8
6,13,51,59,66,86,116,116,128,102,73,55,51,50,51,21,3,11,13,22,20,13,9,7
0,0,11,61,99,112,105,124,111,91,66,13,29,1,0,0,0,6,3,8,13,14,11,8
0,0,56,67,83,92,97,109,118,87,63,42,28,12,10,7,11,10,11,14,12,13,12,7
0,41,55,73,83,99,118,120,113,84,65,18,33,14,2,0,0,4,0,12,12,11,25,16
1,38,52,73,93,99,112,131,106,71,59,39,26,30,44,10,10,14,7,5,10,9,11,13
43,54,75,85,99,84,91,116,110,78,61,12,38,10,18,12,14,10,10,12,7,7,6,5
53,62,85,104,105,105,75,94,97,86,68,13,13,23,10,9,4,11,10,9,14,2,10,11
56,68,103,100,76,99,102,106,93,55,70,12,40,56,15,5,11,7,10,9,9,1,1,5
58,104,104,84,59,78,72,100,67,27,21,28,10,5,0,0,0,0,7,9,8,12,13,6
51,63,60,101,102,113,70,103,63,14,9,3,0,4,0,0,0,0,0,0,2,1,9,0
26,67,69,99,113,127,109,109,54,14,9,7,6,6,6,6,8,7,8,10,7,6,9,6
28,36,42,89,133,154,101,70,48,35,29,24,25,21,12,10,12,14,13,12,13,13,9,7
13,101,101,134,173,143,129,101,50,52,47,12,6,2,9,2,1,10,7,6,12,9,10,9
32,56,111,152,141,128,90,108,83,56,13,8,4,11,10,7,10,6,4,5,10,11,6,2
51,70,105,116,116,101,101,62,45,36,13,14,12,43,26,14,11,14,2,10,7,0,4,6
70,109,127,122,109,113,80,47,34,33,26,15,14,27,14,14,17,10,8,9,12,9,4,0
91,116,101,103,106,86,58,22,10,8,13,0,8,14,14,10,12,12,4,5,1,0,9,6
93,106,100,98,92,76,43,12,10,9,10,3,5,10,9,9,10,10,5,9,8,9,0,2
87,105,99,101,87,47,14,11,9,8,9,10,12,8,2,12,11,5,2,10,7,0,3,12
101,81,64,78,29,14,10,6,5,4,0,5,6,8,7,10,10,4,4,8,9,9,12,7
70,77,89,61,13,11,10,8,10,8,9,0,3,6,11,6,6,11,10,13,10,10,10,8
85,67,56,9,12,14,18,14,12,12,10,12,8,10,11,12,13,2,8,9,9,12,11,8
79,43,28,14,19,22,13,11,8,7,0,0,8,0,4,5,1,2,11,13,13,12,13,10
104,59,50,29,14,10,10,5,0,12,12,10,7,13,13,17,14,8,18,13,9,13,9,9
94,57,52,50,27,21,33,17,12,27,12,15,13,11,6,3,12,24,13,14,13,14,4,0
126,104,61,54,27,13,14,10,8,8,0,1,0,8,9,9,5,12,13,6,11,9,7,5
108,100,59,54,50,24,12,6,8,7,7,0,0,1,4,1,6,9,12,10,6,0,0,5
70,79,51,51,34,12,12,11,2,6,6,0,0,4,6,11,10,7,8,3,0,0,10,3
1,50,48,38,22,12,8,8,5,8,8,6,6,6,9,10,7,6,9,0,1,2,7,10
12,8,45,37,10,6,0,7,0,1,0,1,0,8,11,6,7,5,9,0,0,2,5,5
2,11,14,13,13,4,0,0,0,0,5,11,6,5,4,11,10,5,8,1,7,8,2,0
9,3,0,10,9,8,4,4,4,3,11,11,9,12,10,8,8,5,6,4,8,0,6,2
11,51,12,50,32,9,5,0,7,4,0,8,11,9,8,9,1,7,0,0,0,9,10,6
0,25,50,50,56,56,21,0,0,8,9,8,7,4,9,7,7,8,7,0,2,0,5,2
0,11,48,51,46,30,16,12,11,9,8,0,6,9,3,0,0,0,2,1,0,0,0,0
0,5,31,50,45,13,12,14,10,2,9,9,1,0,4,5,0,3,11,5,0,5,1,4
0,0,35,51,25,11,2,0,3,9,10,8,0,0,8,9,2,8,10,1,7,5,8,0
0,0,9,13,12,3,3,10,0,0,0,0,2,1,0,0,0,2,0,6,10,1,3,6

0

0,0,0,11,10,14,13,35,39,48,45,53,28,15,33,16,11,13,9,6,9,10,12,5
6,0,3,14,55,66,104,110,105,66,57,57,51,16,14,19,29,25,10,13,13,10,6,9
50,47,56,67,110,136,167,203,170,136,100,12,12,9,10,5,9,12,4,2,0,0,10,6
69,65,83,98,123,146,206,249,286,195,130,86,47,12,5,0,0,0,2,0,4,1,7,10
63,63,83,105,126,145,200,207,253,193,131,65,75,55,45,35,35,40,28,12,4,0,7,5
53,53,57,68,71,123,145,184,218,170,97,58,54,44,42,34,38,38,18,32,18,13,2,8
6,14,51,59,67,86,117,116,129,103,75,55,51,49,50,15,3,11,13,18,18,12,9,7
0,0,12,62,99,112,105,124,112,92,67,13,27,1,0,0,0,5,3,7,13,14,11,7
0,1,56,68,84,93,98,110,120,88,64,44,28,12,8,5,8,9,11,14,12,12,10,7
0,50,55,74,84,100,119,121,115,85,65,18,27,13,1,0,0,2,0,12,12,10,22,14
3,38,53,73,93,99,113,131,108,72,60,42,17,26,38,9,8,12,6,4,9,9,10,12
45,55,75,86,99,84,92,116,110,78,61,13,42,8,13,11,14,9,9,10,6,6,5,4
53,62,85,104,105,105,76,96,98,87,68,13,13,17,10,9,2,9,10,8,13,2,10,11
57,68,103,100,76,100,102,106,94,55,71,12,40,56,14,5,10,6,9,9,9,1,1,3
58,104,104,84,59,78,72,100,68,29,22,31,11,6,0,0,0,0,6,9,8,12,13,5
52,63,60,102,103,113,71,103,64,18,10,5,0,5,0,0,0,0,0,0,1,1,8,0
28,68,70,100,114,129,109,109,54,14,9,8,6,6,6,6,8,6,8,10,7,6,9,5
28,36,42,93,135,156,102,71,48,36,31,25,25,20,10,10,11,13,13,12,13,13,9,8
13,101,101,135,175,144,129,101,51,52,47,12,4,0,8,2,1,9,5,5,12,8,10,9
33,57,112,153,142,129,91,108,85,57,13,8,4,11,10,7,10,6,4,5,10,11,6,2
51,71,106,118,118,102,101,63,50,37,13,13,12,43,16,14,11,14,2,10,7,0,4,6
70,109,128,122,110,114,81,49,36,32,27,15,14,27,14,14,17,9,7,9,12,8,4,0
91,117,101,103,107,87,58,26,11,10,11,0,8,13,14,11,12,11,3,4,1,0,9,6
94,106,100,100,93,76,45,12,10,10,10,1,5,9,9,9,10,9,5,9,9,9,0,2
87,105,100,102,87,45,14,12,10,10,10,10,12,9,3,12,10,6,4,10,7,0,3,12
101,81,64,78,29,14,10,6,5,5,1,6,6,9,7,10,10,4,4,8,9,8,12,7
69,77,90,61,13,12,10,8,11,9,9,0,3,6,12,7,6,11,10,13,10,10,10,8
85,67,56,9,12,14,21,14,12,12,9,13,8,11,11,12,13,3,7,9,9,12,10,7
79,45,28,14,19,23,13,11,8,7,0,0,8,0,4,5,1,2,10,12,12,12,12,10
103,59,51,29,14,10,11,5,0,12,13,10,6,11,12,16,13,8,18,13,9,13,9,9
94,57,52,49,28,22,32,16,12,27,12,16,13,11,6,6,12,24,13,14,13,14,4,0
126,104,62,54,27,13,14,10,7,8,0,1,0,7,9,9,5,12,13,5,11,9,7,5
108,100,59,54,50,26,12,6,8,7,7,0,0,0,3,1,5,9,12,10,5,0,0,5
70,78,51,51,34,12,12,11,1,6,6,0,0,3,6,11,10,6,7,2,0,0,10,3
0,50,47,37,22,12,8,8,5,8,8,6,6,6,9,9,7,6,9,0,1,2,7,10
12,8,45,37,10,6,0,7,0,1,0,1,0,7,11,6,7,5,9,0,0,2,5,5
2,11,14,13,12,4,0,0,0,0,5,11,6,4,4,11,10,5,8,1,7,8,2,0
9,3,0,10,9,8,4,3,3,3,11,11,9,12,10,8,8,5,6,4,8,0,6,2
11,50,12,50,36,8,4,0,7,4,0,7,10,8,8,8,1,7,0,0,0,10,10,6
0,25,50,50,56,56,21,0,0,8,9,8,7,4,9,7,7,8,7,0,2,0,5,2
0,11,47,51,45,28,15,12,11,9,8,0,6,10,3,0,0,0,2,1,0,0,0,0
0,5,34,50,46,13,12,14,10,2,9,8,0,0,3,5,0,3,11,5,0,5,1,4
0,0,36,51,24,11,2,0,3,9,10,7,0,0,8,8,2,8,10,1,7,5,8,0
0,0,9,13,12,3,3,10,0,0,0,0,2,0,0,0,0,2,0,6,10,1,3,6

0

0,0,0,11,10,14,13,35,40,48,47,52,28,16,33,17,11,13,9,6,9,9,12,5
7,0,3,14,55,65,104,110,105,66,57,57,52,17,14,19,29,23,10,13,13,10,6,8
50,47,56,67,110,135,166,203,170,136,101,12,12,9,10,5,9,12,4,1,0,0,9,6
69,65,82,98,123,145,205,249,286,196,131,87,48,12,5,0,0,0,2,0,4,0,7,9
63,63,83,105,125,145,199,206,253,194,133,65,74,55,41,31,36,38,27,12,3,0,7,4
53,54,57,68,71,122,144,183,218,171,99,59,54,43,41,32,36,38,14,30,17,12,1,8
8,14,51,59,67,86,117,116,129,104,76,55,50,46,49,14,3,11,13,15,16,12,9,7
0,0,12,62,99,112,105,125,112,93,68,14,26,1,0,0,0,4,2,7,12,13,10,7
0,2,56,68,85,93,98,111,120,88,65,47,27,11,7,5,7,7,11,13,12,12,9,6
0,51,55,74,84,100,119,122,116,86,66,16,23,13,0,0,0,1,0,12,12,10,19,14
4,39,53,73,94,99,113,132,108,72,60,43,14,21,34,8,7,11,6,3,8,9,9,12
47,54,76,86,99,84,92,117,111,79,61,13,43,7,12,11,13,9,8,10,5,5,3,3
53,62,85,104,105,105,76,96,98,87,69,13,13,15,10,9,1,8,9,7,13,2,10,11
57,69,103,101,76,100,102,106,94,55,70,12,40,55,14,5,10,6,8,9,9,2,2,2
58,104,104,85,59,79,73,100,68,30,23,32,11,6,0,0,0,0,5,9,7,11,12,4
52,63,61,102,104,114,71,104,64,20,10,5,0,5,1,0,0,0,0,0,1,1,8,0
30,68,70,100,114,130,110,109,55,14,9,8,6,7,5,6,8,6,8,9,7,6,9,5
28,36,42,94,136,159,103,71,48,37,32,25,25,19,8,10,11,13,13,12,13,13,9,8
13,101,101,135,176,144,130,101,52,51,47,11,3,0,7,1,1,9,5,4,11,8,10,8
35,57,112,154,143,129,92,109,85,57,14,8,4,11,10,6,9,6,3,5,9,11,6,2
51,71,107,119,118,103,102,64,50,36,13,13,12,40,14,14,11,13,2,10,7,0,4,6
71,109,128,123,110,115,81,49,36,31,27,14,14,27,14,14,16,9,6,8,11,8,4,0
92,117,102,104,107,87,58,27,11,11,13,0,8,12,14,11,12,11,2,3,0,0,9,6
94,106,101,100,93,77,45,12,10,10,10,0,5,9,9,8,9,8,4,8,9,9,0,2
87,105,99,102,86,43,14,12,11,10,11,10,11,9,5,12,9,8,6,10,7,0,3,12
101,82,65,78,31,14,11,7,5,5,3,6,6,9,8,10,10,4,4,8,9,8,12,7
69,77,90,61,13,12,10,9,11,9,9,0,4,7,12,7,5,11,10,13,10,10,10,7
86,67,56,10,12,14,21,15,12,12,9,13,8,11,11,12,14,3,7,9,9,12,10,7
79,45,30,15,19,24,13,11,8,7,0,0,8,0,4,5,1,1,9,12,12,11,12,9
104,59,51,29,14,10,11,5,0,12,13,10,6,11,11,16,13,7,17,13,9,13,8,9
94,57,52,50,29,22,33,16,12,27,11,17,13,11,6,6,12,24,13,14,13,14,3,0
126,104,61,54,26,13,14,10,7,8,0,0,0,7,9,9,5,11,13,5,11,9,7,5
108,100,58,54,50,24,12,6,7,7,7,0,0,0,2,0,4,9,12,10,5,0,0,5
70,78,51,51,34,12,12,11,1,6,6,0,0,2,5,11,10,5,7,2,0,0,10,3
1,50,46,38,23,11,8,8,4,8,8,6,5,6,9,9,7,6,9,0,0,1,6,9
12,8,46,38,10,6,0,7,0,1,0,1,0,7,10,6,7,5,9,0,0,1,5,5
2,11,14,13,12,4,0,0,0,0,5,11,5,4,4,11,10,5,8,1,7,7,2,0
9,3,0,10,9,8,4,3,2,2,11,11,9,12,10,8,8,5,5,3,8,0,6,2
11,50,12,50,36,8,4,0,7,4,0,7,10,8,8,8,1,7,0,0,0,9,10,6
0,24,50,50,56,56,20,0,0,8,9,8,7,4,9,7,7,8,7,0,2,0,4,2
0,11,45,51,46,28,15,12,11,9,8,0,6,10,2,0,0,0,2,1,0,0,0,0
0,5,33,50,46,13,12,14,10,2,9,8,0,0,3,5,0,3,11,5,0,5,1,4
0,0,36,50,25,10,1,0,3,9,10,7,0,0,8,9,2,8,9,1,7,5,8,0
0,0,9,13,12,2,3,10,0,0,0,0,1,0,0,0,0,2,0,6,10,1,3,6

0

0,0,0,11,10,14,13,34,40,48,46,53,29,15,33,17,11,13,9,6,9,9,12,5
8,0,4,14,55,65,104,110,105,66,57,57,52,16,14,19,29,25,10,13,12,9,5,8
50,48,56,67,110,135,167,203,170,136,101,12,12,9,10,5,10,12,4,1,0,0,9,5
70,65,83,98,123,145,205,249,287,196,132,88,50,12,5,0,0,0,2,0,4,0,6,9
63,63,83,105,125,145,199,207,254,195,133,65,74,55,38,29,36,36,27,12,2,0,7,4
53,54,58,68,71,122,144,183,218,172,100,59,54,42,41,31,34,37,14,29,17,12,1,8
8,14,51,59,67,86,117,117,129,104,76,56,50,44,45,14,3,11,13,14,14,12,9,7
0,0,13,62,100,112,106,125,113,94,68,14,25,1,0,0,0,4,2,7,12,13,10,7
0,3,57,68,85,94,99,111,121,89,65,48,25,10,5,6,6,6,11,13,11,12,8,5
0,52,55,74,84,100,120,122,116,86,66,17,20,12,1,0,0,0,0,12,12,9,16,14
5,39,53,73,94,99,114,132,109,72,60,43,13,17,29,7,7,11,6,2,7,8,9,12
49,55,76,86,99,84,93,117,111,79,62,14,44,6,12,11,13,8,8,10,5,4,3,2
53,62,86,104,106,105,76,97,99,87,69,13,14,14,10,9,0,7,9,7,13,3,10,11
57,69,103,101,76,100,102,106,94,55,70,12,40,56,14,5,10,5,8,9,10,1,0,1
58,104,104,86,59,80,73,100,68,31,23,31,12,7,0,0,0,0,4,9,7,11,12,1
52,63,61,102,104,114,72,104,64,20,11,6,0,5,1,0,0,0,0,0,2,1,8,0
31,68,70,100,115,130,110,109,55,14,9,8,6,7,5,6,8,6,8,9,6,6,9,5
28,36,42,96,137,160,104,72,49,37,33,25,25,19,8,10,11,13,13,12,13,13,9,8
13,101,101,136,176,145,130,101,52,51,50,11,2,0,6,0,1,9,4,4,11,8,10,8
34,57,112,155,143,130,92,109,85,57,14,8,4,12,9,5,8,6,3,5,9,11,6,2
51,72,107,120,119,104,102,64,50,37,13,13,12,38,13,14,11,13,2,10,7,0,4,6
70,110,129,123,111,115,81,50,36,28,27,14,14,27,14,13,16,9,6,8,11,8,4,0
92,117,102,104,107,88,59,29,12,11,14,0,8,12,13,11,11,10,1,1,0,0,9,6
95,106,101,100,94,78,50,12,10,11,10,0,5,9,9,7,9,8,5,8,9,8,0,2
88,105,100,102,87,43,14,12,11,10,11,10,11,9,6,12,9,9,7,10,7,0,2,12
100,81,66,78,30,14,11,7,5,5,3,6,6,9,8,10,10,4,4,8,9,8,12,7
69,77,90,61,13,12,11,9,11,9,10,0,4,7,12,7,5,10,10,13,10,10,9,7
85,67,57,10,12,14,22,14,13,13,9,13,8,11,11,11,14,3,7,9,9,12,10,7
79,46,29,15,20,24,13,11,8,7,0,0,8,0,4,5,2,1,8,11,12,11,12,9
103,59,51,29,14,10,11,5,0,12,12,10,6,11,11,16,13,7,16,13,9,13,8,9
94,57,52,50,29,22,33,16,12,28,11,17,13,11,5,5,12,23,13,14,13,14,3,0
126,104,61,54,29,13,14,10,7,8,0,0,0,7,9,9,5,11,12,5,11,9,7,5
108,100,58,54,50,24,12,6,7,6,6,0,0,0,2,0,4,9,12,10,5,0,0,5
70,78,51,51,35,12,12,11,1,6,6,0,0,1,5,11,10,5,7,2,0,0,10,3
1,50,47,36,23,12,7,7,4,8,7,6,5,6,8,9,7,6,9,0,0,1,6,9
12,9,45,38,10,6,0,7,0,1,0,1,0,7,10,5,7,5,9,0,0,1,4,5
2,11,14,13,12,4,0,0,0,0,5,11,5,4,3,11,10,5,8,1,7,7,1,0
9,3,0,10,9,8,4,3,2,1,11,11,9,12,10,8,8,5,5,3,8,0,6,1
11,50,12,50,36,8,4,0,7,3,0,7,10,8,8,8,0,7,0,0,0,9,10,6
0,24,48,50,56,56,19,0,0,8,9,8,7,4,9,7,7,8,7,0,2,0,4,2
0,11,45,51,45,28,15,12,11,9,7,0,6,10,2,0,0,0,2,1,0,0,0,0
0,5,33,50,46,13,12,14,10,2,9,8,0,0,3,5,0,3,11,5,0,5,1,4
0,0,34,50,24,10,1,0,3,9,10,7,0,0,8,8,2,8,9,1,7,5,8,0
0,0,9,13,12,2,3,10,0,0,0,0,1,0,0,0,0,2,0,6,10,1,3,6

0

0,0,0,11,10,14,13,35,39,50,46,53,29,16,33,17,11,13,9,6,9,9,12,5
8,0,4,14,55,65,104,110,105,66,57,57,52,19,14,19,30,22,10,13,12,9,5,8
50,50,56,67,110,136,167,203,170,136,101,12,12,9,10,5,10,11,4,0,0,0,8,5
69,65,83,98,123,145,206,248,286,196,131,88,50,12,5,0,0,0,2,0,4,0,6,9
63,63,83,105,125,145,200,207,253,195,134,65,74,54,36,26,36,35,26,12,1,0,6,4
53,54,58,68,71,123,145,184,218,172,100,59,54,42,41,31,33,36,13,28,16,12,1,8
9,16,51,59,67,86,117,116,129,104,77,56,50,43,44,14,3,11,13,14,14,12,9,7
0,0,13,62,99,112,105,125,112,94,68,14,23,1,0,0,0,3,2,7,12,12,9,6
0,4,57,68,84,93,99,111,121,89,65,48,20,9,4,6,5,6,12,13,11,11,8,5
0,53,55,74,84,100,120,122,116,86,66,15,17,11,1,0,0,0,0,12,11,9,14,14
7,39,53,73,94,100,115,133,109,72,60,42,13,15,27,6,6,11,5,2,7,8,8,11
50,55,76,86,100,85,94,118,111,79,62,14,45,6,11,10,13,7,7,9,5,4,2,2
53,63,88,105,106,105,76,98,99,88,69,12,14,14,9,9,0,6,9,6,12,3,10,11
57,69,103,101,76,100,102,107,95,56,70,12,37,55,14,5,10,4,8,9,10,1,0,0
58,105,104,87,59,80,73,100,68,34,23,32,12,7,0,0,0,0,4,9,7,10,11,1
52,64,61,102,104,114,71,104,64,21,11,6,0,5,1,0,0,0,0,0,2,1,7,0
33,69,71,100,115,130,110,110,55,14,9,8,6,7,5,6,8,6,8,9,6,6,9,5
28,36,42,96,137,161,104,72,49,37,33,25,25,19,8,10,11,13,13,11,13,13,9,8
14,102,101,136,177,145,130,101,53,51,50,11,2,0,5,0,1,8,4,3,11,8,10,8
33,56,112,155,144,130,93,109,86,57,14,8,4,11,9,5,8,6,3,5,9,11,6,1
51,72,107,120,119,105,102,64,50,37,13,13,12,37,13,14,10,12,2,10,7,0,4,6
71,110,129,123,111,116,81,50,36,28,28,14,14,27,14,13,15,8,5,7,10,8,4,0
93,117,102,105,107,88,59,30,12,11,14,0,7,12,14,11,11,10,1,0,0,0,9,6
94,106,101,100,95,78,47,12,11,10,10,0,5,9,9,6,9,9,5,7,9,8,0,2
88,105,100,102,88,41,16,13,12,11,11,10,11,9,6,12,8,9,7,10,7,0,2,12
100,82,65,78,31,14,11,7,5,5,3,7,6,9,8,10,10,4,4,8,9,8,12,7
70,77,89,62,13,12,11,9,11,10,10,0,4,7,12,7,5,10,10,13,10,10,9,7
85,67,57,10,12,14,22,15,12,13,9,13,8,11,11,11,14,3,7,9,9,12,10,7
79,46,30,16,20,23,13,11,8,8,0,0,9,0,4,5,2,1,8,11,12,11,12,9
103,59,50,29,14,10,11,5,0,12,11,10,6,11,11,16,13,7,15,12,9,13,8,9
94,57,52,50,29,22,32,16,12,29,9,16,13,11,5,5,12,23,13,13,12,14,3,0
126,104,61,54,27,13,14,10,7,8,0,0,0,7,8,8,5,11,12,5,11,9,7,5
108,99,58,54,50,24,12,5,7,6,6,0,0,0,2,0,3,9,12,10,5,0,0,5
70,78,51,51,35,12,12,11,0,6,6,0,0,1,5,11,10,5,6,2,0,0,10,3
1,50,47,37,23,12,7,8,4,8,7,6,5,5,8,9,7,6,9,0,0,1,6,9
12,8,46,37,10,6,0,6,0,1,0,1,0,7,10,5,7,5,9,0,0,1,4,5
3,11,14,13,12,4,0,0,0,0,5,10,5,3,3,11,10,5,7,1,7,7,1,0
10,4,0,10,9,8,4,2,1,1,11,11,9,12,10,8,8,5,5,3,8,0,6,1
11,51,12,50,38,8,4,0,7,3,0,6,10,8,8,8,0,7,0,0,0,9,10,6
0,24,50,50,56,56,19,0,0,8,9,7,7,4,9,7,7,7,7,0,2,0,4,2
0,12,48,51,47,28,15,12,11,9,7,0,6,10,2,0,0,0,1,1,0,0,0,0
0,6,34,50,46,13,12,14,10,2,9,8,0,0,3,5,0,3,11,5,0,5,1,4
0,0,36,50,25,10,1,0,3,9,10,7,0,0,8,8,2,8,9,1,7,5,8,0
0,0,9,13,12,2,3,10,0,0,0,0,0,0,0,0,0,2,0,6,9,1,3,6

0

0,0,0,11,10,14,13,35,39,50,47,53,29,16,33,16,11,13,9,6,9,9,12,5
9,0,5,14,55,65,104,110,105,66,57,57,52,17,14,20,29,23,10,13,12,9,5,7
50,48,56,67,110,136,167,203,170,136,101,12,12,9,10,5,10,11,4,0,0,0,8,4
69,65,84,98,123,146,207,249,287,197,132,88,50,12,5,0,0,0,2,0,5,0,5,8
63,63,83,105,126,146,201,208,255,195,134,65,74,54,34,24,36,32,25,12,0,0,6,3
53,54,58,68,71,123,145,185,219,173,100,59,54,41,41,30,31,34,13,28,16,12,1,8
10,18,52,59,67,86,117,117,129,104,77,56,50,41,41,14,3,11,13,14,14,12,9,7
0,0,13,62,99,112,105,125,112,94,68,14,23,1,0,0,0,4,2,7,12,12,9,6
0,5,57,68,84,93,98,111,120,88,65,47,18,8,3,6,4,5,12,13,11,11,7,4
0,53,55,74,84,100,120,122,116,86,66,14,14,11,0,0,0,0,0,11,11,8,14,14
8,40,53,74,95,100,115,134,109,72,60,42,12,14,26,5,5,11,5,1,6,8,8,11
50,55,77,87,100,85,94,118,111,79,61,14,44,6,11,10,12,7,7,9,4,3,2,1
54,62,89,105,106,105,77,98,99,88,69,12,13,14,9,9,0,5,8,6,12,3,10,11
58,70,103,101,77,100,102,107,95,56,70,12,37,55,13,5,10,3,7,9,10,1,0,0
58,105,104,87,60,80,74,100,69,35,23,31,12,7,0,0,0,0,4,9,7,10,11,1
53,64,62,102,104,113,71,104,64,23,11,6,0,5,1,0,0,0,0,0,2,1,7,0
34,70,71,100,115,130,110,110,55,14,9,8,6,6,5,6,9,6,8,9,6,6,9,5
28,36,43,96,137,160,104,72,49,37,33,25,25,19,7,9,11,13,13,11,13,13,9,8
13,102,101,136,177,145,130,101,53,51,50,10,2,0,5,0,1,8,3,3,11,8,10,8
35,56,112,155,144,130,94,109,86,57,14,8,4,11,9,4,7,6,2,5,9,11,6,1
51,72,108,121,120,106,102,65,50,37,13,13,12,36,13,14,10,12,2,10,7,0,4,6
71,110,129,123,111,116,82,50,37,26,27,14,13,27,14,13,15,8,5,7,10,8,4,0
93,117,102,105,107,89,60,31,12,11,14,0,6,12,14,12,11,10,0,0,0,0,9,6
95,106,101,100,94,78,47,12,11,11,10,0,4,9,9,6,9,9,5,7,9,8,0,1
88,105,100,102,87,41,16,13,12,11,11,10,10,9,7,12,8,9,7,10,7,0,2,12
100,81,64,78,27,14,11,7,5,6,4,7,6,9,8,10,10,4,4,9,8,7,11,6
69,77,90,62,13,12,11,9,11,10,10,0,4,7,12,7,5,10,10,13,10,10,9,7
85,66,57,10,12,14,21,16,13,13,8,13,8,11,11,11,14,3,7,9,8,12,10,7
79,45,30,15,19,24,13,11,8,8,0,0,9,0,4,5,1,1,8,11,12,11,12,9
103,59,50,29,14,10,11,5,0,12,11,10,6,11,11,16,13,6,15,12,9,13,8,9
94,57,52,50,29,22,33,16,12,29,8,16,13,11,5,5,12,22,13,13,12,14,3,0
126,104,61,54,29,13,14,10,6,7,0,0,0,7,8,8,5,11,12,5,11,9,7,5
108,99,59,54,50,25,12,5,7,6,6,0,0,0,1,0,3,9,12,10,5,0,0,4
70,78,51,51,35,12,12,10,0,5,6,0,0,0,4,11,9,4,6,2,0,0,10,3
1,50,47,37,23,11,7,7,4,8,7,6,5,5,8,9,7,5,9,0,0,0,6,9
12,9,45,37,10,6,0,6,0,1,0,1,0,7,10,5,7,5,9,0,0,1,4,5
3,11,14,13,12,4,0,0,0,0,5,10,5,3,3,11,10,5,7,1,7,7,1,0
10,4,0,10,9,8,4,2,1,1,11,11,9,11,10,8,8,5,5,3,8,0,6,1
11,50,12,50,40,8,4,0,6,3,0,6,9,7,8,8,0,6,0,0,0,9,10,6
0,24,48,50,56,56,18,0,0,8,9,7,7,4,9,7,7,7,7,0,2,0,4,2
0,12,48,51,48,29,14,12,11,9,7,0,5,10,2,0,0,0,1,0,0,0,0,0
0,6,33,50,47,13,12,14,10,2,9,8,0,0,3,5,0,3,11,5,0,5,1,4
0,0,35,50,25,10,1,0,3,9,10,7,0,0,8,8,2,8,9,0,7,5,8,0
0,0,9,13,12,2,2,10,0,0,0,0,0,0,0,0,0,2,0,6,9,1,3,5

0

0,0,0,11,10,14,13,35,40,50,47,53,31,16,33,17,11,13,9,6,9,9,12,5
10,0,5,14,55,65,104,110,105,66,57,57,52,17,14,20,29,25,10,13,12,9,5,7
50,50,56,67,110,136,167,203,170,136,101,12,12,9,10,5,10,11,4,0,0,0,8,4
70,65,84,99,123,146,207,249,287,197,132,88,50,12,5,0,0,0,2,0,5,0,5,8
63,63,84,105,126,146,201,208,255,196,134,65,73,54,33,22,36,26,25,12,0,0,6,3
54,54,58,68,71,123,146,185,219,173,100,60,54,41,40,29,29,31,12,27,16,12,1,8
10,21,52,59,67,87,117,117,130,104,77,56,50,40,40,13,2,11,13,14,14,12,9,6
0,0,13,62,100,112,105,125,112,94,68,14,21,1,0,0,0,4,2,6,12,12,9,6
0,6,57,68,84,93,99,111,120,88,65,48,16,7,2,6,3,5,12,13,11,11,6,4
0,53,55,74,84,100,120,122,116,86,66,14,14,10,0,0,0,0,0,11,11,8,14,13
10,41,53,74,95,100,115,134,109,72,60,42,12,14,23,4,5,10,4,1,6,8,8,11
50,55,77,88,100,85,95,119,112,79,62,14,44,6,11,9,12,6,6,8,4,3,1,1
54,63,90,105,106,105,77,98,100,88,69,12,13,14,9,9,0,4,8,6,12,3,10,11
58,71,104,101,78,100,102,107,95,56,70,12,37,55,13,5,10,3,7,8,10,1,0,0
59,105,105,88,60,80,74,100,69,36,22,30,12,7,0,0,0,0,3,8,7,9,11,0
53,64,62,102,104,113,71,104,65,23,11,6,0,5,1,0,0,0,0,0,2,1,6,0
35,71,72,101,115,130,110,110,56,14,9,8,6,6,5,6,8,6,8,9,6,6,9,5
28,37,43,96,137,160,104,73,49,37,34,25,25,18,7,9,11,13,13,11,13,13,9,7
14,102,101,137,177,145,131,101,54,51,50,10,1,0,4,0,0,8,2,3,11,8,10,8
34,57,112,156,144,130,94,109,86,57,14,8,4,11,8,4,7,6,2,4,9,11,6,1
51,72,108,121,120,106,102,65,51,37,13,13,12,35,13,14,10,11,1,10,7,0,4,6
71,110,129,124,112,116,82,51,37,26,27,13,13,27,14,13,15,7,4,7,9,8,3,0
93,118,103,105,107,89,60,32,12,11,14,0,5,12,14,12,11,10,0,0,0,0,8,6
95,106,101,100,95,79,48,12,11,11,10,0,3,9,9,6,9,9,4,7,9,8,0,1
87,105,100,102,88,40,16,13,12,11,11,10,9,8,8,12,8,10,7,10,7,0,2,11
100,81,65,78,27,14,11,7,5,6,4,7,6,9,8,10,10,4,4,9,8,7,11,6
69,77,90,62,13,12,11,9,11,11,10,0,4,8,12,7,5,10,11,13,10,9,9,7
85,67,57,10,12,14,21,15,13,13,8,13,8,11,11,11,14,3,7,9,8,12,10,7
79,46,31,16,19,24,13,11,8,8,0,0,9,0,4,5,1,1,7,10,12,11,12,9
103,59,51,30,14,10,11,5,0,12,11,10,6,11,11,16,13,6,14,12,9,13,8,9
94,56,52,50,29,23,33,16,12,29,8,16,13,11,5,5,12,22,13,13,12,14,2,0
126,104,61,54,29,13,14,10,6,7,0,0,0,7,8,8,5,11,12,5,12,9,8,5
108,99,59,54,50,25,12,5,7,6,6,0,0,0,1,0,3,9,12,10,5,0,0,4
70,78,51,51,34,12,12,10,0,5,6,0,0,0,4,11,9,4,6,1,0,0,10,3
1,50,47,38,23,11,7,7,4,8,7,6,5,5,8,9,7,5,9,0,0,0,5,9
12,9,46,38,10,6,0,6,0,1,0,1,0,7,10,5,7,5,9,0,0,0,4,5
3,11,14,13,12,4,0,0,0,0,5,10,5,3,3,10,10,4,7,0,7,7,1,0
10,4,0,10,9,8,4,2,1,0,11,11,9,11,10,8,8,5,5,3,8,0,6,1
11,50,12,50,39,8,4,0,6,2,0,6,9,7,8,8,0,6,0,0,0,9,10,6
0,26,48,50,56,56,19,0,0,8,9,7,7,4,9,7,7,7,7,0,2,0,4,2
0,12,50,51,47,29,14,12,11,9,7,0,5,10,2,0,0,0,1,0,0,0,0,0
0,6,33,50,46,13,12,14,10,2,9,8,0,0,3,5,0,3,11,5,0,5,1,4
0,0,36,50,26,10,2,0,3,9,10,7,0,0,8,8,1,8,9,0,7,5,8,0
0,0,9,13,12,2,2,10,0,0,0,0,0,0,0,0,0,2,0,6,9,1,3,6

1

0,0,0,11,10,14,13,35,41,50,47,53,30,16,33,17,11,13,9,6,9,9,12,5
10,1,5,14,55,65,104,110,105,66,57,57,52,19,14,20,30,23,10,13,12,9,5,7
50,48,56,67,110,136,167,203,170,136,101,12,12,9,10,5,10,11,4,0,0,0,8,4
70,65,84,99,123,146,207,249,288,198,132,88,50,12,5,0,0,0,3,0,5,0,5,8
64,63,84,105,126,146,201,208,255,196,135,65,73,54,32,20,37,13,21,11,0,0,6,3
54,54,58,69,71,123,146,185,219,174,101,60,54,41,40,28,26,21,10,27,16,12,0,8
11,22,52,59,67,87,117,117,130,104,77,56,50,40,38,13,2,11,12,14,14,12,9,6
0,0,13,63,100,112,106,125,113,94,69,14,20,1,0,0,0,4,2,6,12,11,8,6
0,7,57,68,85,94,99,111,121,89,66,49,16,6,1,6,2,4,12,13,11,11,6,3
0,54,55,75,84,100,120,123,117,87,66,14,14,10,0,0,0,0,0,11,11,8,14,13
10,40,53,74,95,100,115,134,110,73,60,43,12,13,21,3,4,10,4,1,6,8,7,11
50,55,77,87,100,85,95,119,112,79,62,14,44,6,11,9,12,6,6,8,4,3,1,1
54,63,90,105,106,105,77,99,100,89,69,12,14,14,9,9,0,3,8,5,12,3,10,11
58,70,104,101,78,100,102,107,96,56,69,12,36,53,13,5,9,2,7,8,10,1,0,0
59,105,105,88,60,80,74,100,69,36,22,31,12,7,0,0,0,0,3,8,7,9,10,0
53,64,62,103,104,114,72,104,65,23,11,6,0,5,1,0,0,0,0,0,2,1,6,0
35,71,72,101,115,131,110,110,56,14,10,8,6,6,5,5,9,6,8,9,6,6,8,5
29,37,43,98,138,162,105,73,49,38,34,25,25,18,7,9,11,13,13,11,13,13,9,7
14,102,101,137,179,146,131,101,54,51,48,10,1,0,4,0,0,8,2,2,10,8,10,8
35,57,113,156,145,131,95,110,87,57,14,8,4,11,8,3,7,6,2,4,9,11,6,1
51,73,108,121,121,106,103,65,51,36,13,13,12,34,13,14,10,10,1,10,7,0,4,6
71,110,129,124,112,116,82,51,37,24,27,13,13,26,14,12,14,6,4,7,9,7,3,0
93,118,103,105,107,89,59,32,12,11,14,0,5,12,13,12,11,10,0,0,0,0,8,6
96,106,101,100,95,78,48,12,11,11,10,0,3,10,9,6,9,9,4,7,9,8,0,1
87,105,100,102,88,40,16,13,12,11,11,10,10,8,6,12,8,10,7,10,7,0,2,11
100,82,65,78,26,14,11,7,4,6,4,7,6,9,8,9,10,4,4,9,8,7,11,6
69,77,90,62,13,12,11,9,11,11,10,1,4,8,12,7,5,10,10,13,10,9,9,7
85,67,57,10,12,14,21,15,12,13,8,13,8,11,12,11,14,3,7,9,8,12,10,7
78,46,33,15,20,24,14,11,8,8,0,0,9,0,4,5,1,1,7,10,12,11,12,9
103,59,51,30,14,10,11,5,0,12,11,10,6,11,11,16,12,6,14,12,9,13,8,9
94,57,52,50,29,22,33,16,12,29,8,15,13,11,5,5,12,22,13,13,12,14,2,0
126,104,61,54,30,13,14,10,6,7,0,0,0,7,8,8,4,11,12,6,12,9,8,5
108,100,59,54,50,24,12,5,7,6,6,0,0,0,0,0,3,9,12,10,5,0,0,4
70,78,51,51,35,12,11,10,0,5,6,0,0,0,4,11,9,4,6,1,0,0,10,3
1,50,48,38,23,11,7,7,4,8,7,6,5,5,8,8,7,5,8,0,0,0,5,9
12,9,46,38,10,6,0,6,0,1,0,1,0,7,9,4,7,5,9,0,0,0,4,5
3,11,14,13,12,4,0,0,0,0,5,10,5,3,2,10,10,4,7,0,6,7,1,0
10,4,0,10,9,7,3,2,0,0,11,11,8,11,10,8,8,5,5,3,8,0,6,1
11,51,12,50,39,7,4,0,6,2,0,6,9,7,8,8,0,6,0,0,0,9,10,6
0,25,48,50,56,56,18,0,0,8,9,7,7,4,9,7,7,7,7,0,2,0,4,2
0,12,47,51,46,28,14,12,11,9,7,0,5,10,2,0,0,0,1,0,0,0,0,0
0,6,33,50,47,13,12,14,10,2,9,8,0,0,3,5,0,3,11,5,0,5,1,4
0,0,36,50,25,10,1,0,3,9,9,6,0,0,8,8,1,8,9,0,7,5,8,0
0,0,9,13,12,1,2,10,0,0,0,0,0,0,0,0,0,2,0,6,9,1,3,6

1

0,0,0,11,10,14,13,35,39,50,47,53,30,16,33,17,11,13,9,6,9,9,11,4
11,1,6,14,55,65,104,110,105,66,57,57,52,20,14,20,30,23,10,13,12,9,5,7
51,50,56,67,110,136,167,203,170,136,101,12,12,10,10,5,10,11,4,0,0,0,8,4
70,65,84,99,123,146,206,249,288,198,132,88,50,12,6,0,0,0,3,0,5,0,5,8
64,63,84,105,126,146,201,208,255,196,135,65,74,54,28,18,36,12,18,11,0,0,6,3
54,54,58,69,72,123,146,185,220,175,101,60,54,41,40,28,23,17,9,26,16,11,0,8
11,23,52,59,67,87,117,117,130,105,77,56,50,38,37,13,2,11,12,14,14,12,9,6
0,0,14,63,100,113,106,126,113,95,69,15,21,1,0,0,0,4,2,6,12,11,8,6
0,7,57,68,85,94,99,112,121,89,66,50,15,6,1,5,2,4,11,13,11,10,6,3
0,54,55,75,84,101,120,123,118,87,66,14,14,10,0,0,0,0,0,11,11,8,14,13
11,40,53,74,95,100,115,135,110,73,60,45,12,13,17,3,4,9,4,1,5,8,7,11
50,55,77,87,100,85,95,119,112,80,62,14,46,5,10,9,11,5,6,8,4,3,1,1
54,63,89,105,106,105,77,99,100,89,70,12,13,14,9,9,0,3,8,5,12,3,10,11
58,70,104,101,78,100,102,107,96,56,69,12,36,53,13,4,9,2,6,8,10,1,0,0
58,105,105,88,60,81,74,100,69,37,23,30,12,7,0,0,0,0,2,8,7,9,10,0
53,64,62,103,104,114,72,104,65,22,12,7,0,5,1,0,0,0,0,0,2,1,6,0
35,70,71,101,115,131,111,110,56,14,10,8,6,6,4,5,8,6,7,9,6,6,8,5
28,37,43,100,138,162,106,74,49,38,34,25,25,18,7,9,11,13,13,11,13,13,9,7
14,102,101,138,177,145,132,102,55,50,47,9,1,0,3,0,0,7,2,2,10,7,10,8
35,57,113,156,144,131,95,110,86,57,14,8,4,11,7,3,9,6,2,5,9,11,6,1
52,73,109,122,122,107,103,65,51,36,13,13,12,34,13,13,10,9,0,10,6,0,4,6
71,110,129,124,113,117,83,52,38,23,27,13,13,25,14,12,14,6,3,6,9,7,3,0
93,118,103,105,108,89,60,32,12,11,13,0,5,12,14,12,11,10,0,0,0,0,8,5
96,106,101,100,96,78,47,12,11,11,10,0,3,10,9,6,8,9,4,7,9,8,0,1
88,105,100,102,87,37,17,13,12,11,11,10,10,8,6,12,8,10,7,10,6,0,2,11
100,82,66,78,25,14,11,7,4,6,4,7,6,9,8,9,10,5,4,9,8,7,11,6
69,77,90,62,13,12,11,9,11,11,10,1,4,8,12,7,5,10,11,13,10,9,9,7
85,67,57,10,11,14,22,15,12,13,7,13,8,11,11,11,13,3,7,9,8,12,10,7
79,46,33,15,20,25,13,11,8,8,0,0,9,0,4,5,1,0,6,10,11,11,11,8
103,59,51,29,14,10,11,5,0,12,11,10,5,10,10,15,12,6,14,12,9,13,7,9
94,57,52,50,29,22,33,16,13,29,8,15,13,11,5,5,12,22,13,13,12,14,2,0
126,104,61,54,29,13,14,10,6,7,0,0,0,7,8,8,4,11,13,6,12,9,8,5
108,99,58,54,50,24,12,5,7,6,6,1,0,0,0,0,3,9,12,9,5,0,0,4
70,78,51,51,35,12,11,10,0,5,6,0,2,0,3,11,9,4,5,1,0,0,10,3
1,48,47,37,23,11,6,7,4,8,7,6,5,5,8,8,6,5,8,0,0,0,5,9
12,9,46,37,10,6,0,6,0,1,0,1,0,7,9,4,7,6,9,0,0,0,4,5
3,11,14,13,12,4,0,0,0,0,5,10,5,3,1,10,10,4,7,0,6,7,1,0
10,3,0,10,9,7,4,2,0,0,11,11,8,11,10,8,8,5,4,3,8,0,6,1
11,50,12,50,35,7,3,0,6,2,0,6,9,7,8,8,0,7,0,0,0,9,10,6
0,24,50,50,56,56,16,0,0,8,9,7,7,4,9,7,7,7,7,0,2,0,4,2
0,11,47,51,46,27,14,12,11,8,7,0,5,10,2,0,0,0,1,0,1,0,0,0
0,6,33,50,45,13,12,14,10,2,9,8,0,0,3,5,0,3,11,5,0,5,1,4
0,0,34,50,23,10,1,0,2,9,9,6,0,0,8,8,1,8,9,0,7,5,8,0
0,0,8,13,12,1,2,10,0,0,0,0,0,0,0,0,0,2,0,6,9,1,3,6

1

0,0,0,11,10,14,13,35,39,50,48,53,30,16,33,17,11,13,9,6,9,9,11,4
11,2,5,14,55,63,103,109,105,66,57,57,52,20,14,20,30,22,10,13,12,9,4,6
50,50,56,67,111,137,168,195,163,134,101,11,12,9,10,5,11,11,4,0,0,0,8,3
70,65,86,102,127,150,213,246,284,192,131,88,50,12,6,0,0,0,3,0,4,0,5,8
65,64,85,106,127,148,205,209,256,198,137,66,73,54,27,16,33,12,15,11,0,0,6,3
55,55,58,69,72,124,146,185,219,176,101,59,54,41,40,27,22,15,8,25,16,11,0,8
12,23,52,60,67,87,117,117,130,104,77,56,50,40,37,13,2,11,12,14,14,12,9,6
0,0,13,64,100,112,105,125,113,95,70,17,21,1,0,0,0,4,2,6,12,11,8,6
0,8,57,68,85,93,99,111,122,90,67,50,14,6,1,5,1,4,11,13,11,10,6,3
0,53,55,74,84,100,120,123,118,88,67,15,14,10,0,0,0,0,0,11,11,7,14,13
11,40,53,73,95,100,115,134,110,74,61,49,12,13,17,2,3,8,4,1,5,8,7,10
50,55,76,86,99,85,94,118,112,80,62,20,46,5,10,9,11,5,5,8,3,3,1,1
53,62,87,105,106,105,77,99,100,89,70,12,14,14,9,9,0,2,8,5,11,3,10,10
57,69,103,101,77,100,102,107,96,56,69,12,36,52,12,4,9,1,6,8,10,1,0,0
57,104,104,88,60,81,74,100,69,36,22,32,12,7,0,0,0,0,2,8,7,8,10,0
52,63,62,103,106,115,72,104,65,25,12,7,0,5,1,0,0,0,0,0,2,1,6,0
32,69,71,101,117,133,111,110,56,14,10,9,6,6,4,5,8,6,7,9,6,6,8,5
28,36,43,105,137,156,106,75,51,37,34,25,24,18,6,9,11,13,12,11,13,12,9,7
14,103,103,139,161,141,133,103,57,50,47,9,1,0,3,0,0,7,2,2,10,7,10,8
36,58,115,155,141,132,100,112,91,58,14,8,5,11,7,2,9,6,1,4,9,11,6,1
52,75,110,125,126,113,105,71,53,34,13,12,12,31,12,13,10,9,0,10,6,0,4,6
72,111,130,126,116,121,87,55,42,28,26,12,12,25,14,12,14,6,3,6,9,7,3,0
94,119,104,107,109,94,62,35,14,10,12,0,5,12,13,11,10,9,0,0,0,0,8,5
96,107,101,100,98,82,51,13,12,11,9,0,2,9,9,6,8,9,4,7,9,8,0,1
89,106,100,102,90,40,20,13,12,12,12,9,9,8,5,12,8,10,7,10,6,0,1,11
101,83,66,79,30,16,11,8,2,6,5,8,6,9,7,9,10,5,4,9,7,7,11,6
69,78,91,63,13,12,11,9,11,11,10,2,4,8,12,7,5,10,11,13,10,9,9,7
86,67,57,10,12,14,22,14,12,13,6,13,9,11,12,11,13,3,7,9,8,12,9,7
79,50,34,16,21,25,13,10,7,7,0,0,9,0,4,5,2,0,5,10,12,11,11,8
103,59,51,29,14,9,11,6,9,10,12,8,4,9,9,15,12,5,14,12,9,13,7,9
94,57,52,50,30,21,33,16,18,30,9,16,13,11,5,4,12,22,13,13,12,13,2,0
126,104,61,54,27,13,14,10,4,6,0,0,0,6,8,7,4,11,13,7,12,8,8,5
107,99,58,54,50,22,12,4,6,5,4,1,0,0,0,0,2,9,12,9,4,0,0,4
69,78,51,51,34,12,11,10,0,4,6,0,2,0,2,11,9,4,4,1,0,0,9,2
0,46,46,37,21,11,6,6,5,8,6,6,4,5,8,8,6,4,8,0,0,0,5,9
12,8,43,35,9,6,0,5,0,2,1,0,0,6,8,4,7,6,9,0,0,0,4,5
2,11,14,12,12,3,0,0,0,0,5,9,5,2,2,10,10,4,7,0,7,7,1,0
10,3,0,9,8,7,3,2,1,0,12,11,9,11,10,8,8,5,4,2,8,0,6,1
11,50,10,45,18,6,2,0,7,2,0,6,10,7,8,8,0,6,0,0,0,9,10,6
0,23,44,45,55,55,13,0,0,8,9,7,7,4,9,7,7,7,7,0,2,0,4,2
0,12,43,50,41,22,14,11,11,8,7,0,5,10,2,0,0,0,1,1,1,0,0,0
0,6,31,45,38,12,12,14,9,2,9,8,0,0,3,5,0,3,11,5,0,4,0,4
0,0,36,50,21,10,1,0,2,9,9,6,0,0,8,8,2,8,9,0,7,5,8,0
0,0,8,12,11,1,2,10,0,0,0,0,0,0,0,0,0,2,0,6,9,1,3,6

1

2,0,0,9,9,13,12,32,36,50,50,55,45,26,35,20,11,13,8,6,9,9,12,4
11,0,2,10,48,53,95,105,103,66,59,60,54,30,13,21,29,20,9,13,12,8,4,6
50,41,54,65,108,132,150,165,149,136,105,18,12,9,10,5,11,10,1,0,0,0,7,3
70,64,84,101,126,147,202,227,268,199,145,101,53,12,6,0,0,0,3,0,3,0,4,7
68,65,82,103,123,142,195,205,274,234,178,85,79,54,32,14,12,11,8,11,0,0,5,3
57,55,57,67,68,116,138,183,230,222,134,67,56,44,39,26,16,13,7,23,15,11,0,8
14,19,51,58,63,80,112,116,133,113,92,64,51,39,41,12,2,10,12,14,14,12,8,5
0,0,12,57,91,106,101,126,116,105,84,58,34,3,0,0,1,4,1,6,12,11,8,5
0,7,54,63,76,86,95,112,129,102,80,59,35,8,0,1,0,3,11,13,10,10,5,3
0,36,52,66,75,94,116,124,128,103,74,54,34,10,0,0,0,0,0,10,11,7,13,13
7,29,50,66,88,97,113,136,121,85,66,53,12,12,13,0,0,5,3,1,4,8,6,10
26,51,68,79,93,83,93,120,116,89,64,52,50,5,8,8,10,4,5,8,3,2,1,0
50,59,80,103,105,104,78,100,102,100,73,36,31,13,8,8,0,1,8,4,11,3,10,10
53,65,102,100,76,100,103,107,100,59,64,13,32,47,11,3,8,0,5,8,10,1,0,0
55,103,103,86,60,80,75,101,71,44,14,35,12,7,0,0,0,0,1,8,6,8,9,0
51,62,62,103,106,115,73,105,68,26,12,7,1,5,1,0,0,0,0,0,2,1,5,0
28,65,70,101,117,133,112,112,59,20,10,9,6,6,4,5,9,5,7,9,6,6,8,5
28,37,44,110,138,156,109,79,53,37,35,25,25,18,6,9,12,13,12,11,13,12,9,7
14,104,104,142,163,143,136,105,61,52,48,9,1,0,4,0,0,6,1,1,10,7,9,8
37,59,116,159,145,137,104,115,100,59,19,8,5,11,7,2,9,6,1,4,9,11,5,1
52,77,114,132,136,122,108,78,56,34,13,12,12,29,12,13,10,9,0,10,6,0,4,6
73,111,132,129,121,127,96,60,45,29,27,11,12,23,14,12,14,6,3,6,9,7,3,0
94,119,106,109,111,100,66,38,16,9,11,0,5,11,13,11,10,9,0,0,0,0,8,5
97,107,102,101,100,85,56,13,12,9,9,0,1,9,8,5,8,9,5,6,9,8,0,0
90,106,100,103,93,45,24,13,12,13,13,8,9,7,4,11,7,10,7,10,6,0,1,11
101,84,66,80,35,20,12,9,1,4,5,8,5,9,7,9,10,5,4,8,7,6,11,6
70,79,93,68,14,12,11,9,11,11,11,4,4,8,12,7,5,10,11,13,10,9,9,7
87,68,58,10,12,14,24,14,12,13,4,13,9,11,13,11,13,2,6,9,8,12,9,7
80,50,36,18,22,28,13,10,6,8,2,0,9,0,4,5,3,0,4,10,12,11,11,8
104,60,51,31,15,10,11,6,9,8,12,9,2,4,9,14,11,4,13,12,9,13,7,9
94,57,52,50,30,21,33,15,20,29,8,18,13,11,5,4,12,20,13,13,12,13,2,0
126,104,62,54,29,13,14,10,3,6,0,0,0,7,8,7,4,11,13,7,12,8,8,5
108,100,59,54,50,24,12,4,6,5,4,1,0,0,0,0,2,9,12,9,4,0,0,4
69,78,51,51,35,12,10,9,0,4,6,0,2,0,2,10,9,4,3,0,0,0,9,2
0,47,46,38,22,11,6,6,5,9,6,6,2,4,8,8,7,4,8,0,0,0,4,9
12,9,43,37,9,7,0,5,0,2,0,0,0,5,8,4,7,7,9,0,0,0,4,5
3,11,14,12,12,3,0,0,0,0,5,8,5,2,2,10,10,5,7,0,7,7,1,0
10,4,0,10,8,6,3,2,0,0,12,11,9,11,10,8,8,5,4,2,8,0,6,1
11,50,11,45,20,6,1,0,7,2,0,6,10,7,8,8,0,6,0,0,0,10,10,6
0,24,47,48,55,55,13,0,0,8,8,7,7,4,9,7,7,7,7,0,2,0,4,2
0,12,45,50,42,21,14,11,11,8,6,0,5,10,2,0,0,0,1,1,1,0,0,0
0,6,34,48,41,12,12,14,9,2,8,8,0,0,3,5,0,3,11,5,0,4,0,4
0,0,36,50,21,10,1,0,2,9,9,6,0,0,8,8,1,8,9,0,7,5,8,0
0,0,8,12,11,1,2,10,0,0,0,0,0,0,0,0,0,2,0,6,9,1,3,5

1

3,0,0,8,8,12,11,28,32,50,50,56,51,39,38,25,12,13,8,6,9,9,12,4
11,1,2,10,35,48,79,101,102,66,59,62,56,50,14,24,31,22,10,13,12,8,3,6
50,33,51,61,104,126,139,146,142,136,109,58,13,9,10,4,12,12,0,0,0,0,6,2
68,60,76,91,118,138,184,210,258,211,165,109,69,14,7,1,0,0,4,0,0,0,3,6
65,62,77,96,117,134,181,200,287,267,209,102,85,54,39,17,10,12,12,10,0,0,5,3
56,54,56,65,65,107,130,183,255,264,161,85,60,43,37,20,13,12,11,16,14,10,0,9
13,26,51,56,58,72,106,117,138,128,115,88,60,50,37,13,3,11,12,13,13,11,8,5
0,0,10,51,78,98,97,127,122,122,106,83,54,9,0,0,2,5,1,5,12,11,8,5
0,8,51,58,65,76,91,114,141,125,104,68,56,12,3,2,0,2,10,12,10,10,5,3
0,13,49,57,66,85,113,129,148,130,94,69,56,8,3,0,0,0,0,6,10,6,12,12
4,18,41,57,78,92,111,142,139,111,80,59,30,14,13,0,0,0,0,2,2,7,6,8
14,46,60,69,85,80,92,124,126,107,71,55,54,14,7,7,9,5,5,9,4,2,2,0
36,55,69,101,103,102,78,102,106,106,86,51,52,23,9,8,0,1,8,4,10,3,10,10
50,60,101,100,74,98,103,108,101,71,65,15,31,36,10,3,5,0,4,8,10,0,0,0
50,101,102,84,59,80,75,102,74,52,11,43,14,8,0,0,0,0,0,7,6,7,8,0
43,60,62,102,104,115,73,106,75,30,13,8,2,6,2,0,0,0,0,0,2,1,5,0
24,61,68,100,115,133,113,115,65,43,9,9,7,6,5,6,9,4,6,8,6,6,8,4
27,36,43,110,141,164,114,88,58,41,35,24,25,15,8,8,12,13,12,11,13,12,9,7
14,103,105,149,179,149,141,108,68,55,50,11,3,0,6,0,0,4,0,0,9,7,9,8
37,59,118,172,161,145,111,120,104,61,33,9,6,11,6,2,9,6,0,4,9,11,5,0
52,79,118,141,146,131,111,85,62,40,14,12,12,27,12,13,10,9,0,10,6,0,4,5
74,112,134,132,126,132,102,68,49,31,28,10,11,21,15,11,14,5,3,7,9,7,3,0
95,120,107,113,113,101,70,40,18,7,9,0,7,10,12,9,10,9,0,0,0,0,8,5
98,107,102,102,101,91,63,14,12,7,10,0,1,8,7,5,8,9,5,6,9,8,0,0
89,106,100,103,97,51,33,14,12,13,13,8,9,6,3,10,6,10,7,10,6,0,1,10
101,85,68,82,42,22,13,9,4,3,8,8,3,9,7,8,10,5,4,8,6,6,11,6
70,80,93,71,14,13,12,10,11,10,10,5,4,9,12,7,4,10,10,13,11,9,8,6
87,69,58,11,13,17,24,14,11,14,3,13,9,11,14,12,13,2,6,9,8,12,9,7
80,50,39,21,26,29,14,9,7,8,3,3,2,0,2,7,5,1,2,10,12,11,11,8
104,61,52,33,17,10,12,6,9,8,12,9,1,4,7,14,11,3,12,11,9,13,7,9
95,58,52,50,32,23,33,15,20,28,8,18,13,11,5,4,12,19,13,13,12,13,2,0
127,105,63,55,31,13,14,10,2,6,0,0,0,7,8,7,3,10,13,8,12,8,8,5
109,100,59,55,51,22,12,4,5,4,3,1,0,0,0,0,2,9,12,10,4,0,0,4
70,79,51,52,36,12,10,9,0,4,5,1,1,0,1,10,9,3,2,0,0,0,9,2
0,50,49,38,25,12,6,6,6,9,6,5,0,2,8,8,7,4,8,0,0,0,4,9
12,9,46,39,10,8,0,4,0,2,0,0,0,4,7,4,7,7,9,0,0,0,3,4
2,11,14,13,12,4,0,0,0,0,5,6,5,1,2,10,9,5,7,0,7,7,1,0
7,4,0,10,9,7,3,2,0,0,12,12,9,11,10,8,9,5,4,2,8,0,6,1
10,47,12,48,30,6,0,0,7,2,0,6,10,7,8,8,0,7,0,0,0,10,10,6
0,22,48,50,55,54,12,0,0,8,8,6,7,4,9,7,7,6,7,0,3,0,4,2
0,13,50,50,42,17,13,11,11,7,6,0,5,9,2,0,0,0,2,1,2,0,0,0
0,7,36,47,37,12,12,14,9,2,8,8,0,0,3,5,0,3,11,5,0,4,0,4
0,0,38,47,19,10,2,0,2,9,9,6,0,0,8,8,1,8,9,0,7,5,8,0
0,0,8,12,12,0,2,10,0,0,0,0,0,0,0,0,0,2,0,6,9,1,3,6

1

1,0,0,8,8,12,11,25,32,50,50,57,52,43,40,28,12,13,9,6,9,9,12,4
11,1,3,10,25,27,70,97,101,66,60,62,57,51,14,25,31,26,10,13,12,7,2,6
47,29,50,59,102,121,132,139,138,135,111,66,13,9,10,6,12,12,0,0,0,0,5,2
66,58,73,87,115,135,179,203,249,213,174,114,77,19,7,1,0,0,4,0,0,0,3,6
65,62,75,89,113,129,175,194,279,276,224,110,89,53,37,20,9,14,11,9,0,0,5,3
56,54,56,64,63,102,124,177,257,285,174,96,63,45,35,16,15,14,11,13,13,10,0,9
14,19,51,56,57,68,102,114,138,135,123,96,66,52,44,13,3,11,12,13,13,11,7,5
0,0,10,50,74,91,94,126,123,129,111,88,56,12,0,0,5,7,2,6,11,11,8,5
0,9,50,57,62,72,89,114,144,133,111,71,57,14,4,3,1,1,8,12,10,9,5,3
0,12,48,55,62,81,111,131,155,139,102,73,59,7,4,0,0,0,0,6,10,5,10,12
3,15,38,55,72,90,110,144,146,121,84,61,44,13,13,0,0,0,0,1,1,8,5,8
14,45,58,65,81,78,92,126,130,112,75,55,54,12,7,7,9,6,6,10,4,1,2,0
37,54,66,100,102,102,78,103,108,109,91,51,51,20,10,9,0,3,8,4,10,3,10,10
50,59,100,97,73,98,103,108,102,74,68,13,27,33,10,3,5,0,4,8,10,0,0,0
48,100,102,82,59,79,75,102,75,53,10,36,14,7,0,0,0,0,0,7,5,7,8,0
40,60,61,101,103,114,73,107,78,41,14,9,2,6,1,0,0,0,0,0,2,1,4,0
23,58,66,96,114,132,114,117,68,51,8,9,6,6,5,7,9,4,6,8,6,5,8,4
26,35,41,107,144,175,119,94,61,44,36,25,25,14,10,8,13,13,12,11,13,12,9,7
13,101,104,157,202,163,141,110,72,58,51,12,4,0,8,0,0,3,0,0,9,7,9,8
33,58,119,180,172,147,112,121,105,62,40,10,6,10,6,1,9,6,0,4,9,11,5,1
52,80,121,144,144,132,113,87,66,43,14,12,12,26,12,13,10,9,0,10,6,0,4,5
74,113,135,132,127,134,103,72,52,28,27,10,10,17,14,11,14,5,3,7,8,7,3,0
96,120,109,116,114,102,72,42,17,4,6,0,6,11,12,7,8,9,0,0,0,0,8,5
100,109,103,103,101,95,67,13,12,8,10,0,1,8,10,5,7,9,5,6,9,8,0,0
98,107,101,104,100,52,27,13,12,13,12,9,9,6,6,10,6,10,7,10,6,0,1,11
102,92,70,83,48,22,12,9,2,4,8,9,5,7,5,8,10,5,4,9,6,6,11,6
75,82,95,76,14,12,11,10,11,11,10,4,6,9,12,7,5,10,11,13,11,9,8,6
93,70,59,10,11,14,24,15,12,13,2,13,10,11,12,11,14,2,6,9,9,12,9,6
83,51,34,14,24,27,13,10,7,9,2,2,4,0,0,6,5,1,1,10,12,11,11,8
108,61,51,31,19,12,12,8,11,6,14,11,5,7,8,14,11,4,12,11,9,12,7,9
102,60,52,50,23,18,33,14,25,18,7,17,14,12,5,4,12,19,13,13,12,12,2,0
132,109,63,54,31,14,14,11,3,6,0,0,0,6,6,6,4,10,12,11,8,4,8,5
114,104,59,54,47,18,13,3,5,3,3,0,0,0,0,0,2,10,12,11,3,0,0,3
72,80,51,51,32,11,11,11,3,6,5,0,0,0,1,7,8,2,0,1,0,2,9,2
0,50,47,36,20,12,6,7,9,8,8,6,0,0,9,8,7,1,5,0,0,0,3,9
10,8,46,34,10,8,0,6,0,3,6,2,0,3,6,6,10,9,8,0,0,0,4,4
0,8,14,13,13,6,3,0,0,0,1,5,3,5,8,11,9,5,7,4,7,8,2,0
0,0,0,9,12,10,3,0,0,0,6,9,8,8,10,9,9,5,2,3,8,0,6,0
0,8,8,39,14,7,0,0,7,5,0,7,11,6,8,9,1,7,0,0,0,10,10,6
0,11,41,39,53,53,11,0,0,6,11,7,8,4,9,7,7,5,7,0,3,0,4,3
0,10,43,48,34,14,13,10,10,7,7,0,5,8,2,0,0,0,2,3,4,0,0,0
0,7,32,47,32,12,12,14,9,1,8,7,0,0,3,5,0,4,11,5,0,3,0,4
0,0,39,50,16,9,1,0,2,9,10,6,0,0,7,9,1,8,9,0,7,5,8,0
0,0,10,12,12,0,2,10,0,0,0,0,0,0,0,0,0,2,0,6,9,1,3,6

1

10,0,0,7,8,11,11,25,32,50,50,56,50,37,38,24,12,13,8,6,9,9,12,4
13,4,3,7,26,33,67,92,100,65,59,61,56,50,14,22,30,20,9,13,12,8,3,6
52,41,51,62,104,122,131,134,133,130,107,54,12,7,10,5,11,12,0,0,0,0,6,2
74,63,82,96,121,140,182,198,238,196,156,108,65,13,6,1,0,0,4,0,2,0,5,7
73,66,82,95,116,132,182,198,273,257,203,104,83,52,28,14,8,13,11,9,0,0,6,3
58,56,58,66,64,103,124,182,247,265,158,84,58,42,33,14,14,14,10,12,13,10,1,9
20,26,51,56,58,68,101,111,135,127,114,84,59,38,37,14,4,11,12,13,13,11,8,5
0,0,10,51,76,93,93,125,121,123,103,79,53,8,0,0,4,7,3,6,11,11,8,5
0,10,50,57,63,73,90,112,141,126,101,67,55,11,0,3,1,3,6,11,10,10,5,3
0,13,50,55,62,84,113,133,154,135,96,70,55,0,3,0,0,0,0,5,10,6,10,12
3,14,40,55,74,92,113,148,147,117,82,60,29,9,10,0,0,0,0,1,2,9,6,8
12,39,58,65,82,80,95,129,132,113,74,55,52,11,8,5,9,6,7,10,4,1,2,0
31,53,64,99,102,102,80,105,110,109,94,51,43,14,9,9,0,2,7,2,10,3,10,10
48,57,99,96,73,100,103,110,104,79,75,13,25,33,11,4,7,0,5,8,10,1,0,0
26,89,101,82,60,82,79,104,81,55,15,41,14,8,0,0,0,0,1,7,4,6,9,0
12,53,59,103,107,118,80,112,86,52,20,13,5,7,2,0,0,0,0,0,2,0,3,0
20,51,63,100,119,141,119,123,75,58,12,7,6,6,6,7,10,3,7,9,7,6,6,4
22,34,40,108,159,194,129,109,74,54,41,27,26,19,10,9,13,13,12,11,13,13,9,7
14,83,101,154,219,177,148,114,76,75,58,9,1,0,3,0,0,2,0,0,8,7,9,8
24,52,115,175,172,145,110,121,107,65,48,11,6,11,7,2,9,5,0,3,8,11,6,0
50,68,115,137,137,124,111,87,74,50,13,11,11,28,13,13,9,8,0,10,5,0,4,5
69,110,131,129,124,130,103,73,57,20,17,7,6,22,17,12,14,6,3,6,9,8,3,0
91,117,107,114,113,101,73,43,21,5,11,0,3,12,13,6,8,10,0,0,0,0,8,5
95,107,103,102,101,93,65,12,12,8,11,0,4,9,10,4,8,9,4,5,9,8,0,0
90,106,101,103,99,52,24,13,12,12,11,10,10,6,6,11,7,9,7,10,6,0,1,10
101,88,68,82,50,26,12,9,4,6,6,6,4,8,8,9,9,4,4,9,6,6,11,5
71,81,94,78,14,12,10,10,11,11,11,5,6,10,12,6,4,9,11,13,11,9,8,6
89,70,59,10,11,14,22,14,12,13,1,13,10,11,13,12,14,3,7,9,9,12,9,6
82,50,35,14,26,28,14,11,8,9,3,1,4,0,0,7,6,2,1,10,12,11,11,8
106,60,51,33,19,10,12,7,10,7,13,10,4,7,6,14,11,4,12,11,9,12,7,8
102,59,52,50,29,25,34,14,22,25,8,17,14,12,5,4,11,18,13,13,12,12,2,0
132,108,62,54,33,14,14,10,1,5,0,0,0,6,6,6,4,10,12,11,8,3,8,5
115,106,60,54,50,19,12,4,2,0,3,0,0,0,0,0,2,9,12,10,4,0,0,3
74,84,53,51,34,12,11,10,2,4,4,0,0,0,1,7,7,2,0,0,0,2,9,2
3,51,51,43,25,13,6,6,9,8,7,7,3,0,9,8,7,1,5,0,0,0,3,9
10,10,51,45,13,9,0,5,0,4,5,1,0,4,6,7,10,9,8,0,0,0,4,4
1,9,32,28,23,9,2,0,2,0,1,4,2,4,8,11,9,5,7,4,6,8,2,0
0,0,3,18,28,12,5,0,0,0,4,8,5,5,8,9,9,5,2,4,8,0,6,0
0,10,28,53,63,12,0,0,7,5,0,6,10,3,4,9,1,7,1,0,0,10,10,6
0,6,51,51,61,59,13,0,0,7,10,7,8,5,9,7,7,6,8,0,3,0,4,3
0,7,48,53,52,52,14,11,10,7,6,0,4,7,1,0,0,0,2,3,4,0,0,0
0,4,22,51,52,14,12,20,10,4,8,7,0,0,3,5,0,3,11,5,0,4,0,4
0,0,20,51,31,11,1,0,4,10,11,7,0,0,7,8,1,8,9,0,6,5,8,0
0,0,7,13,12,0,2,11,0,0,0,0,0,0,0,0,0,2,0,6,9,1,3,6

1

11,0,0,10,9,13,12,31,35,50,50,56,50,35,37,22,11,13,8,6,9,9,12,4
11,0,5,10,38,51,80,101,103,66,59,60,55,45,14,21,29,17,9,13,12,8,2,6
48,31,50,60,103,125,138,163,149,137,108,34,12,7,10,6,11,12,0,0,0,0,6,2
66,59,75,88,115,135,182,223,281,215,158,106,65,13,6,1,0,0,4,0,1,0,5,7
63,61,77,94,115,130,174,195,292,262,199,104,82,51,24,13,8,13,11,9,0,0,6,3
54,54,57,65,64,103,122,171,241,273,170,90,58,40,31,13,13,13,9,11,13,10,1,9
13,18,51,57,58,70,104,114,138,132,118,87,59,34,29,13,4,12,12,13,12,11,7,4
0,0,10,51,78,96,97,126,123,127,105,81,52,7,0,0,4,5,3,5,11,11,7,4
0,10,50,58,64,76,93,116,145,132,106,68,54,10,0,0,3,5,1,10,9,9,5,3
0,13,50,55,63,87,117,137,160,141,100,72,54,0,0,0,0,0,0,4,9,6,9,12
4,14,40,56,75,93,116,152,152,122,85,61,14,6,8,0,0,0,2,1,2,9,7,9
11,30,58,65,82,81,97,131,135,115,77,57,53,8,6,4,0,4,4,8,2,1,0,0
27,52,62,100,102,102,83,108,112,110,101,54,50,13,9,8,0,2,6,0,9,3,10,8
40,53,88,97,75,100,103,114,107,91,91,14,33,32,12,5,9,5,7,7,8,3,0,0
19,69,96,80,61,87,96,118,98,57,51,52,25,10,3,0,0,0,3,7,3,4,11,3
10,30,22,101,112,125,107,140,112,62,46,50,11,8,4,0,0,0,0,0,0,0,3,0
23,44,55,92,123,162,144,153,96,77,54,5,7,9,8,7,10,2,8,10,10,7,6,5
21,33,40,115,173,230,179,163,114,68,53,32,28,21,8,6,10,13,11,12,13,13,10,7
13,22,71,147,211,195,186,137,96,103,102,20,7,3,0,0,0,1,0,1,8,8,9,8
14,33,105,155,155,148,124,133,119,97,78,14,11,13,11,9,8,0,0,0,8,9,6,0
36,49,105,127,134,131,119,100,92,69,69,10,6,12,13,14,11,13,3,0,0,3,7,7
61,105,127,128,125,135,109,85,87,63,16,10,12,24,16,12,13,8,7,5,8,9,7,0
83,114,104,112,114,102,89,63,41,38,12,0,0,9,11,4,7,9,0,0,0,0,5,6
82,104,100,101,101,100,100,27,12,2,8,0,3,9,6,0,6,8,4,4,7,8,0,0
75,103,89,102,101,81,45,14,13,8,6,1,0,0,11,10,4,7,7,11,3,0,0,9
86,73,62,81,77,32,14,12,12,5,1,0,0,7,10,7,4,4,8,9,2,5,11,6
59,75,95,89,33,11,11,7,10,5,9,3,8,10,13,0,10,9,10,12,11,10,9,6
74,66,61,33,13,14,14,14,12,13,4,4,8,12,11,7,13,2,9,9,9,11,10,7
75,42,50,14,30,35,13,13,5,2,0,0,7,0,5,1,2,1,6,8,12,10,11,8
98,57,52,34,23,12,12,12,0,5,6,0,14,1,0,6,7,3,14,12,9,13,6,7
87,55,52,50,31,26,34,21,14,24,19,6,12,10,3,1,6,12,13,12,11,9,0,0
123,102,61,55,39,17,14,13,9,1,8,11,9,0,4,1,8,11,8,3,13,4,6,3
104,101,59,54,51,37,14,11,12,12,18,47,71,57,12,11,9,9,9,7,5,0,0,4
67,81,53,52,39,19,15,11,4,13,23,54,140,98,49,15,12,8,4,3,0,0,8,2
0,51,52,50,35,24,11,6,3,6,9,11,21,51,51,14,4,7,5,0,0,0,2,9
9,9,51,50,34,13,0,0,0,0,0,0,3,16,45,38,0,9,10,0,0,0,5,3
0,9,35,39,42,14,6,2,4,0,0,0,4,26,41,38,8,0,0,0,2,8,1,0
0,2,8,42,51,14,12,7,5,0,7,2,6,31,32,26,8,0,3,1,7,0,5,0
6,13,50,61,76,25,7,0,6,2,0,0,4,12,11,11,4,0,3,0,0,9,10,7
0,8,54,53,71,66,40,1,0,10,12,0,6,2,7,8,6,2,7,3,4,0,4,3
0,10,51,56,55,62,26,13,12,9,4,0,5,9,2,0,0,0,2,6,8,0,0,0
0,4,27,52,53,23,12,25,11,3,3,6,3,0,1,2,0,0,8,3,0,1,0,4
0,0,20,52,35,12,0,0,2,10,7,0,0,2,10,8,0,8,8,0,5,5,8,0
0,0,8,13,12,2,3,11,0,0,0,0,0,0,0,0,0,1,0,4,9,0,4,6

1

8,0,0,9,10,13,12,33,37,50,50,57,51,36,37,23,11,13,8,6,9,9,12,4
11,0,6,10,34,44,75,100,102,66,59,61,56,48,14,22,29,17,9,12,12,7,2,6
38,23,40,57,101,122,134,154,147,137,109,54,12,8,10,7,12,12,1,0,0,0,6,3
62,56,69,81,111,131,176,215,275,218,165,109,66,13,7,4,0,0,4,0,0,0,5,7
60,59,74,88,112,126,167,193,299,280,219,110,86,52,23,14,9,14,11,9,0,0,7,3
53,53,55,63,62,99,117,167,260,312,198,109,64,43,30,12,13,14,9,11,13,10,1,9
12,14,50,56,57,66,100,114,142,145,135,104,67,50,20,12,2,12,12,13,12,10,5,3
0,0,11,50,71,85,93,126,127,140,118,95,57,9,0,0,2,0,1,5,11,11,7,2
0,11,38,56,58,70,89,115,155,149,125,79,61,14,0,0,3,0,0,9,8,9,4,3
3,12,39,51,57,79,114,144,177,162,115,83,69,15,1,0,0,0,0,4,7,5,6,12
7,13,35,51,64,86,113,158,166,138,100,71,57,6,11,0,0,0,0,2,1,7,10,9
11,13,53,56,71,73,94,134,144,131,100,69,57,48,4,6,0,2,0,5,0,0,0,0
16,21,44,74,89,92,83,110,121,123,115,78,67,47,9,4,0,2,4,0,6,2,8,7
12,32,58,76,68,93,104,125,119,114,107,74,59,50,11,5,8,6,8,7,7,3,0,0
14,40,63,67,59,85,109,141,130,71,67,55,56,14,8,0,0,0,3,4,0,2,11,3
9,13,12,54,104,122,116,160,139,90,59,52,31,12,5,0,0,0,0,0,0,0,4,0
22,34,29,52,110,150,158,179,125,115,81,36,9,11,11,11,9,3,8,10,10,7,6,5
19,33,37,53,118,189,181,206,191,127,95,50,31,19,3,1,9,12,11,12,13,13,10,8
12,14,37,98,147,167,189,174,140,135,131,114,54,8,0,0,0,0,0,3,9,8,8,7
14,13,67,110,126,141,138,157,150,135,125,115,65,37,22,11,6,0,0,4,11,11,4,0
21,20,66,96,111,131,145,129,120,104,128,108,13,10,13,14,12,14,3,0,0,1,4,6
38,81,116,119,121,139,128,114,118,107,82,44,13,14,13,9,12,5,5,1,8,10,0,0
60,104,91,105,113,105,103,100,68,73,39,9,0,2,11,5,4,8,0,0,0,0,0,7
64,101,90,100,101,101,102,90,14,5,13,5,0,10,7,0,4,9,5,4,7,8,0,0
60,101,78,101,101,92,71,32,11,10,13,0,0,1,9,2,0,3,5,10,2,0,0,6
62,61,57,76,78,59,13,13,12,7,11,1,0,0,2,7,3,4,8,6,4,7,10,5
51,65,88,81,43,12,12,9,10,3,5,0,10,5,0,6,12,8,6,10,10,8,8,5
55,59,57,36,12,14,14,15,12,14,0,2,14,13,0,0,6,1,3,10,6,9,10,7
57,14,29,13,22,29,13,13,2,0,6,8,17,8,0,2,0,0,0,8,11,9,9,8
63,52,50,23,19,12,12,13,4,2,10,12,27,20,0,0,0,0,10,11,9,13,5,5
64,50,51,50,34,29,35,28,27,38,24,20,32,14,5,9,2,2,13,12,9,5,0,0
102,79,59,54,44,21,19,14,12,6,9,39,41,14,17,13,10,12,9,4,7,0,0,2
71,80,56,54,51,43,16,13,14,14,28,50,67,89,51,13,12,12,11,10,9,0,0,4
53,65,50,52,41,23,22,13,5,17,28,43,95,208,88,51,18,12,10,8,0,0,8,1
0,13,42,42,35,27,12,9,3,8,9,2,14,56,88,53,16,10,8,0,2,0,2,9
5,9,41,43,33,14,5,3,0,0,0,2,10,27,62,129,40,12,11,0,0,0,0,0
0,7,14,29,36,17,10,7,9,6,13,11,7,24,54,146,61,35,11,1,0,4,0,0
1,0,5,35,50,18,12,8,9,6,3,0,7,24,44,64,55,17,12,9,5,0,3,0
7,10,34,62,72,45,5,4,10,5,0,0,0,9,32,30,27,12,8,6,0,4,9,5
0,6,52,52,73,69,52,10,2,6,8,0,3,6,10,5,11,7,9,7,5,0,4,3
0,8,47,54,57,65,35,18,12,11,5,0,5,8,0,5,1,0,4,8,9,0,0,0
0,2,14,52,54,30,13,30,11,0,2,7,2,0,0,3,0,0,8,1,0,0,0,3
0,0,14,51,37,13,0,0,3,11,6,0,0,3,10,8,0,6,8,0,5,5,7,0
0,0,7,13,12,4,4,11,1,0,0,0,0,0,0,0,0,1,0,4,9,0,4,6

1

5,0,0,9,9,13,11,33,37,51,50,57,51,39,38,24,12,13,8,6,9,9,12,3
12,0,5,10,26,28,69,96,101,66,60,62,57,50,13,23,29,16,9,11,12,6,1,6
17,15,28,53,93,118,130,147,145,137,110,64,13,10,10,9,13,12,0,0,0,0,5,3
57,52,62,74,106,127,170,208,269,222,174,113,73,14,9,9,1,0,3,0,0,0,5,7
58,58,70,84,109,123,160,191,305,298,238,118,93,52,20,15,9,13,11,10,0,0,8,3
52,52,55,62,61,92,112,165,282,350,228,125,72,48,31,12,13,16,9,10,13,10,2,9
12,14,44,55,55,63,95,113,146,160,147,115,75,53,24,12,1,11,11,13,12,9,4,2
0,0,11,48,66,75,88,124,129,147,126,102,62,13,0,0,1,0,0,4,11,11,6,1
1,12,29,54,55,63,84,113,157,158,137,88,71,39,5,1,1,0,0,9,7,8,3,2
7,14,35,50,55,69,108,141,179,169,126,98,80,61,4,0,0,0,0,5,6,4,7,12
10,14,33,47,58,75,104,151,169,148,118,84,69,53,40,0,8,0,0,0,0,5,10,9
11,11,52,54,64,65,86,131,148,146,122,83,62,61,11,3,0,2,0,2,0,0,0,0
17,14,40,67,77,77,78,110,129,138,127,98,90,68,11,0,0,0,3,0,3,1,6,7
12,31,54,67,62,83,104,129,127,126,113,100,63,59,11,5,8,5,7,6,7,2,0,0
14,31,59,59,56,79,109,146,143,84,79,67,59,50,13,2,0,0,6,4,0,1,11,3
9,12,10,36,88,116,112,162,149,105,68,35,31,24,5,2,0,0,0,0,0,0,4,0
17,25,17,38,101,138,154,183,136,132,102,63,50,10,13,12,7,3,5,10,10,6,6,5
14,31,36,45,101,165,174,210,218,164,132,72,41,20,4,0,5,10,10,12,12,13,9,7
10,12,22,50,126,152,186,186,159,159,158,135,76,23,4,0,6,3,1,5,9,5,8,7
13,11,50,94,112,136,142,173,177,159,144,137,104,55,50,12,6,0,0,3,10,10,2,0
16,16,39,60,96,125,151,142,134,125,140,121,73,11,13,14,12,12,0,0,0,0,3,5
14,52,108,112,113,136,133,124,128,116,105,74,23,9,10,8,12,8,6,1,5,7,0,0
23,74,73,96,110,105,106,107,82,96,43,36,10,4,10,11,11,7,0,0,0,0,0,5
20,81,72,85,100,101,103,100,35,12,14,33,5,11,0,5,3,3,1,3,6,7,0,0
27,80,67,100,100,94,85,45,12,9,21,14,9,5,0,0,0,2,3,9,3,0,3,7
33,48,53,71,78,75,14,13,14,7,12,12,10,0,0,0,0,3,6,4,6,8,10,5
24,56,80,76,45,12,10,10,11,9,11,2,14,9,0,8,7,0,0,7,6,6,8,5
31,53,52,33,12,13,12,14,13,19,8,4,40,21,0,0,2,0,0,9,0,5,9,7
32,12,14,12,18,22,12,14,6,0,9,14,35,11,0,0,0,0,0,5,8,5,7,8
18,45,46,17,15,10,10,13,7,8,12,17,29,27,0,0,6,0,8,11,5,12,2,4
51,39,50,50,33,29,33,29,31,41,29,29,34,21,7,9,12,0,14,13,11,7,0,0
81,64,58,54,46,19,18,14,13,8,9,50,47,13,35,13,11,11,9,4,8,0,5,1
53,67,54,54,52,42,14,13,14,15,35,50,67,92,53,14,14,13,12,10,9,0,0,3
31,58,46,51,41,23,20,12,4,21,32,50,100,238,98,51,21,13,10,9,1,7,10,2
0,10,36,38,34,27,12,9,3,9,10,3,21,60,98,56,23,11,8,4,9,4,7,11
1,8,34,39,31,14,6,3,0,1,0,0,10,32,67,142,42,14,12,6,0,0,0,0
0,6,14,24,35,16,10,7,10,10,20,11,10,44,59,180,64,42,8,6,0,3,0,0
1,0,3,29,47,16,13,9,10,9,3,0,10,29,50,72,58,28,14,11,8,0,5,0
5,7,16,61,70,45,6,6,10,3,0,3,10,13,53,51,44,14,12,8,0,6,10,7
0,4,51,52,73,70,52,12,0,4,6,4,0,5,12,10,13,9,11,9,9,2,6,3
0,8,40,54,56,67,37,18,12,11,4,0,2,4,0,10,5,0,6,9,9,0,2,0
0,2,13,52,54,30,13,29,10,1,2,6,0,0,0,4,0,1,10,3,0,0,0,4
0,0,14,51,37,12,0,0,3,11,7,0,0,2,10,8,0,7,9,0,7,5,7,0
0,0,7,13,12,4,4,11,1,0,0,0,0,0,0,0,0,1,0,5,9,0,4,6

1

4,0,0,8,9,13,11,33,39,51,51,57,52,40,38,26,12,13,8,6,9,9,12,3
12,0,5,9,24,28,69,95,101,66,60,63,57,51,14,24,30,19,9,11,12,6,1,6
14,14,25,52,87,117,129,145,144,138,112,70,13,10,11,9,12,12,0,0,0,0,5,3
56,51,60,70,104,124,166,203,264,227,181,116,80,15,9,10,2,0,3,0,0,0,5,7
58,57,69,81,108,120,155,186,299,303,245,124,100,53,21,14,9,13,11,10,0,0,7,2
52,52,55,62,61,90,109,161,277,346,229,128,76,49,30,11,13,16,9,9,13,10,2,10
12,13,43,54,55,62,93,112,145,161,149,117,77,53,19,12,1,11,11,13,12,9,3,2
0,0,11,47,66,74,87,124,129,147,128,102,62,14,0,0,2,0,0,5,11,10,6,1
1,12,21,54,55,63,83,112,157,160,139,88,71,50,4,3,0,0,0,9,7,9,2,1
7,14,32,50,55,70,109,142,180,172,129,98,79,64,6,3,0,0,0,4,7,4,7,12
9,12,33,50,59,76,104,152,172,154,122,85,71,56,50,0,10,0,0,0,0,6,10,9
11,10,51,55,65,65,85,132,151,149,126,85,63,63,12,6,0,6,0,5,0,0,0,0
14,12,41,68,77,76,78,111,132,140,129,100,93,73,12,2,0,0,4,0,3,0,6,7
10,28,56,67,62,83,104,130,129,129,114,101,66,61,12,7,10,7,8,6,7,2,0,0
13,16,59,59,56,79,109,147,146,86,80,68,60,50,13,4,2,0,7,4,0,1,11,3
8,11,10,29,91,117,113,165,151,106,68,35,38,26,6,2,0,0,0,0,0,0,4,0
14,21,14,35,101,140,156,186,138,133,103,63,44,10,13,13,8,4,5,10,10,6,6,5
14,30,36,44,101,165,172,210,222,167,133,72,40,20,9,3,5,9,10,12,12,13,7,7
8,11,19,58,127,150,185,186,161,161,159,135,74,20,4,1,7,4,3,6,10,5,8,7
12,10,45,95,113,136,141,174,179,161,145,137,103,54,50,12,6,0,0,3,10,10,2,0
14,22,40,58,96,125,150,142,134,126,140,121,69,12,13,14,12,12,0,0,0,0,3,5
14,54,108,111,112,135,133,125,128,115,106,73,24,9,10,8,12,8,6,1,5,7,0,0
25,74,73,93,109,105,106,107,82,94,43,36,11,5,11,12,11,7,0,0,0,0,0,5
20,81,70,83,100,101,103,100,31,12,14,37,5,11,0,5,2,1,0,3,5,7,0,0
35,79,66,100,100,92,84,44,12,9,21,19,9,5,0,0,0,3,3,9,2,0,3,7
40,50,53,71,79,74,13,13,15,7,12,12,12,0,0,0,0,8,6,3,4,8,11,5
33,56,80,75,45,12,10,10,10,9,12,4,17,9,0,8,9,2,0,6,5,6,8,5
31,53,52,32,12,13,12,14,13,20,9,4,43,24,0,0,1,0,0,8,0,3,7,7
37,12,14,12,15,21,11,14,7,0,11,16,37,12,0,0,0,0,0,4,7,3,0,8
22,47,46,15,14,10,10,13,8,8,13,19,31,28,0,0,6,0,8,11,5,11,2,5
51,39,50,50,32,29,33,28,32,42,32,30,35,23,7,9,12,0,14,13,11,7,0,0
81,63,57,54,46,17,18,14,13,9,9,50,44,13,38,13,12,11,10,7,9,0,5,2
53,66,54,54,52,43,14,14,14,20,38,50,67,90,53,14,14,13,12,10,9,0,0,4
28,57,46,51,40,23,21,12,4,22,34,50,107,245,98,51,22,13,11,9,0,7,10,3
0,10,34,37,33,26,12,9,3,8,11,5,25,61,99,55,24,12,9,6,10,4,8,11
1,8,32,38,30,14,6,3,0,1,0,0,7,33,68,142,41,14,12,6,0,0,1,0
0,6,13,23,33,16,10,7,10,11,21,11,12,49,61,191,65,43,8,7,0,3,0,0
1,0,2,26,46,15,13,10,11,9,3,0,11,33,51,75,59,29,15,12,8,0,6,0
5,6,14,61,70,46,6,6,10,3,0,4,11,14,55,52,47,18,13,9,0,7,10,7
0,3,50,51,72,69,53,13,1,5,7,5,1,8,12,12,13,10,10,9,10,4,6,4
0,7,38,54,56,67,39,18,12,11,5,0,4,5,0,11,6,0,6,9,9,0,3,0
0,2,13,52,54,30,13,29,10,2,3,6,0,0,0,5,0,2,10,4,0,0,0,4
0,0,14,51,38,13,0,0,3,11,7,0,0,3,10,8,0,7,9,0,8,5,7,0
0,0,7,13,12,4,4,11,1,0,0,0,0,0,0,0,0,1,0,6,10,1,4,6

1

3,0,0,8,9,13,11,33,40,51,51,58,52,42,39,26,12,13,8,6,9,8,11,3
12,0,4,9,25,32,69,96,102,67,60,63,58,51,14,24,30,19,9,11,12,6,1,6
14,14,25,52,84,117,129,146,145,139,112,70,13,10,11,9,12,12,0,0,0,0,5,3
54,51,58,67,102,123,165,204,268,232,185,117,79,14,9,10,2,0,4,0,0,1,5,7
57,56,67,80,107,120,154,186,301,309,250,128,99,52,22,14,10,14,12,10,1,0,8,2
51,52,55,61,61,88,109,160,276,351,231,126,74,47,30,12,13,16,9,9,13,10,2,10
12,13,41,54,55,62,93,113,145,159,147,115,76,52,14,12,1,12,12,13,12,9,4,3
0,0,11,42,66,74,87,124,128,144,124,101,62,11,0,0,2,0,1,5,11,11,6,1
1,12,15,54,56,63,82,111,154,155,135,88,71,36,0,0,0,0,0,9,7,9,3,2
7,14,30,51,56,70,109,141,178,169,128,97,78,60,2,2,0,0,0,4,7,5,7,12
9,11,32,50,60,77,105,153,172,152,121,84,70,54,14,0,10,0,0,0,0,6,10,9
10,9,51,55,66,65,87,134,154,150,126,86,63,62,11,6,3,7,0,7,0,0,0,0
14,12,43,69,79,76,79,112,133,141,130,100,93,70,11,3,0,1,5,0,4,1,6,7
10,27,57,68,63,83,104,131,130,130,114,101,66,60,12,8,11,9,9,7,7,3,0,0
12,16,60,60,56,80,110,148,149,87,80,68,60,50,14,5,3,1,7,4,0,1,11,4
8,11,10,32,93,117,114,166,153,107,68,36,43,33,6,3,0,0,0,0,0,1,4,0
14,22,14,35,102,140,158,188,139,134,104,63,46,11,14,13,8,5,6,10,10,6,7,5
13,30,37,44,101,167,173,212,226,170,134,72,40,20,9,4,6,7,11,12,12,13,7,7
8,11,23,60,127,151,187,189,163,164,161,135,74,23,4,1,8,5,4,6,10,5,8,7
12,11,46,96,113,136,142,176,181,163,146,137,103,54,51,12,6,0,0,4,10,10,3,0
14,25,40,57,95,125,151,143,135,127,141,121,70,12,13,14,12,12,0,0,0,0,3,5
14,53,107,110,112,135,134,126,129,116,106,73,25,9,11,8,13,9,6,1,4,7,0,0
25,72,71,92,109,105,106,108,83,94,42,37,11,5,11,12,12,8,0,0,0,0,0,5
16,79,69,82,100,101,103,100,33,12,14,41,5,11,0,5,2,0,0,3,5,7,0,0
35,77,66,100,100,93,85,48,13,10,21,26,9,5,0,0,0,3,3,9,2,0,3,7
37,48,52,70,77,75,13,14,15,8,13,13,13,0,0,0,0,8,5,3,4,8,11,5
33,56,79,74,44,12,9,10,11,9,12,5,20,10,0,9,9,0,0,6,5,5,8,5
30,52,51,30,12,13,12,15,14,20,9,5,42,25,0,0,0,0,0,7,0,3,6,7
38,12,14,12,15,19,11,14,7,0,12,18,38,12,0,0,0,0,0,4,7,3,0,8
23,47,45,14,14,10,10,13,8,9,14,19,31,29,0,0,6,0,10,12,5,11,2,5
51,38,50,50,32,29,33,30,33,42,33,31,34,24,8,9,12,0,14,13,11,7,0,0
81,63,57,54,47,17,19,14,14,10,9,50,45,13,41,12,11,11,10,8,9,0,6,3
53,66,54,54,52,43,16,14,14,22,41,50,66,91,54,13,16,13,13,11,9,0,0,4
28,57,45,51,41,23,21,12,4,23,36,50,107,251,100,51,22,13,11,9,0,7,10,4
0,10,35,38,34,26,12,9,3,8,11,6,26,61,101,56,24,12,9,7,11,4,8,11
0,7,32,38,29,14,6,3,0,2,0,0,7,34,69,145,41,14,12,7,1,0,1,0
0,5,13,23,34,16,10,7,10,12,21,11,13,50,62,197,66,43,9,8,0,3,0,0
1,0,2,24,45,15,13,10,11,10,4,0,12,36,51,76,60,27,17,12,8,0,6,0
5,5,14,60,70,46,6,6,10,3,0,5,12,14,55,52,50,21,13,10,0,7,11,7
0,3,50,51,72,69,53,13,1,6,7,5,2,9,12,12,14,11,11,10,10,4,6,4
0,7,38,54,56,67,39,17,12,9,5,0,5,5,1,12,7,0,7,10,10,0,4,0
0,2,13,51,54,30,13,28,10,2,3,6,0,0,0,5,0,2,11,4,0,0,0,4
0,0,14,51,37,13,0,0,3,11,8,1,0,3,10,8,0,7,10,1,8,6,7,0
0,0,7,13,12,4,4,11,1,0,0,0,0,0,0,0,0,2,0,6,10,1,4,6

1

3,0,0,9,10,13,12,35,40,51,51,58,52,43,39,26,12,13,8,6,9,8,11,3
12,0,4,9,26,32,70,96,102,67,60,62,58,51,14,24,29,19,9,11,12,6,1,6
14,14,28,52,84,118,130,148,146,140,113,69,13,10,11,9,12,12,0,0,0,0,5,3
54,51,58,67,102,124,167,206,270,234,185,117,78,14,9,10,2,0,4,0,0,1,5,7
57,56,67,79,107,120,155,187,302,309,249,127,97,52,23,14,10,14,12,11,1,0,8,2
51,52,55,61,60,89,109,161,276,349,228,125,74,47,29,11,13,15,9,8,13,10,2,10
11,13,41,55,55,62,93,113,144,158,146,115,76,52,14,12,1,12,12,13,12,9,4,3
0,0,11,42,66,73,87,125,129,143,123,101,61,11,0,0,2,0,1,5,11,11,6,1
1,12,14,54,56,63,83,113,154,152,134,87,70,34,0,0,0,0,0,9,7,9,3,2
7,13,28,51,55,70,110,141,175,165,128,96,77,60,1,2,0,0,0,4,7,5,7,12
9,10,32,50,60,77,106,154,170,151,120,84,71,55,13,0,10,0,0,0,0,7,10,10
10,9,51,56,66,65,87,137,160,151,126,87,64,63,10,5,3,7,0,7,0,0,0,0
14,11,43,69,80,76,80,114,134,141,129,101,94,70,11,3,0,1,5,0,4,1,6,7
9,27,57,69,64,84,105,132,131,130,114,101,66,59,11,7,11,9,9,7,8,3,0,0
12,14,61,60,57,81,110,149,149,87,80,68,60,48,13,5,3,1,8,4,0,1,11,4
8,11,9,31,94,117,114,166,154,107,68,36,43,33,6,3,0,0,0,0,0,0,4,0
14,22,14,34,102,141,157,188,139,134,104,63,42,11,14,13,8,5,6,10,10,6,7,5
13,30,36,44,101,167,174,214,229,172,134,72,40,20,9,4,6,8,10,12,12,13,7,7
8,11,24,61,128,151,188,191,165,165,162,135,73,23,5,1,8,5,4,7,10,5,8,7
12,12,50,98,114,137,143,177,183,164,147,138,103,54,52,12,6,0,0,4,10,10,3,0
14,27,40,57,96,126,153,143,136,128,141,121,70,12,13,15,12,12,0,0,0,0,3,5
14,54,107,110,112,135,134,126,129,116,106,73,25,10,11,8,13,9,6,1,4,7,0,0
25,72,71,91,109,105,107,108,84,94,42,38,12,5,11,13,12,8,0,0,0,0,0,5
17,77,68,80,100,101,103,100,32,13,14,43,6,11,0,5,2,0,0,3,5,7,0,0
33,77,66,100,100,93,85,51,13,10,23,30,9,5,0,0,0,3,3,9,2,0,3,7
40,47,52,71,78,75,14,14,15,8,13,13,13,0,0,0,0,8,5,2,3,8,11,5
33,55,78,74,45,12,9,10,11,9,13,6,21,10,0,10,9,0,0,6,5,5,7,5
29,52,51,29,12,13,11,16,14,19,10,5,45,28,0,0,0,0,0,7,0,3,5,7
37,12,14,12,15,19,11,14,8,0,13,21,40,12,0,0,0,0,0,4,7,3,0,7
23,47,46,15,14,9,10,13,8,9,14,20,31,30,0,1,6,0,10,12,5,11,2,6
50,39,50,50,32,29,33,30,34,42,33,31,35,24,8,9,12,0,15,13,11,7,0,0
80,62,56,54,46,17,19,14,14,10,10,50,45,13,42,11,11,11,11,8,9,0,6,3
52,65,54,54,52,44,15,14,15,23,42,50,66,92,53,14,18,13,13,11,9,0,0,4
27,56,45,51,42,24,21,12,4,24,36,48,107,255,102,52,23,13,11,9,0,7,10,4
0,9,35,37,34,27,12,9,3,8,11,6,27,62,102,57,25,12,9,7,11,4,9,11
0,7,32,37,31,14,7,3,0,3,0,0,8,34,69,148,41,14,12,7,1,0,1,0
0,5,13,22,34,16,10,7,10,12,22,12,14,50,63,202,66,44,9,9,0,3,0,0
1,0,1,24,45,15,13,10,11,11,6,2,13,36,51,77,60,26,17,13,9,0,6,0
5,4,13,60,70,46,6,6,10,3,0,7,12,16,55,52,50,22,13,10,1,7,11,7
0,2,50,51,72,69,53,14,1,6,7,5,3,9,13,12,14,11,11,11,11,5,7,4
0,6,39,54,56,67,40,17,12,9,6,0,5,5,1,12,7,0,7,10,10,0,4,0
0,1,12,51,54,30,13,29,10,2,3,6,0,0,0,6,0,3,11,4,0,0,0,4
0,0,14,51,38,13,0,0,3,11,8,1,0,3,9,8,0,7,10,1,8,6,7,0
0,0,7,13,12,4,4,11,1,0,0,0,0,0,0,0,0,2,0,7,10,1,4,6

1

3,0,0,9,10,13,12,37,41,51,51,58,52,40,39,26,12,13,8,6,9,8,12,3
12,0,3,10,26,35,71,97,102,67,60,63,57,51,14,24,30,19,9,11,12,6,1,6
14,14,28,52,84,118,131,149,147,141,113,67,13,9,11,9,12,12,0,0,0,0,5,3
54,51,57,66,102,124,168,209,275,236,186,116,76,14,9,10,3,0,4,0,0,2,5,7
56,56,66,78,107,120,156,188,302,310,248,127,95,52,21,14,10,14,12,11,2,0,8,2
51,51,55,61,60,89,110,161,273,351,228,123,72,46,29,12,13,16,9,9,13,10,3,10
11,13,41,54,55,62,93,114,145,159,145,112,74,50,14,12,1,12,12,13,12,9,3,3
0,0,10,41,67,74,88,126,129,143,122,100,61,10,0,0,1,0,1,5,11,11,6,1
0,12,14,54,57,63,84,114,155,151,133,86,69,28,0,0,0,0,0,8,7,9,3,2
7,13,28,51,56,71,111,142,176,165,128,95,75,57,0,1,0,0,0,4,7,5,7,12
8,9,32,50,60,78,106,155,172,154,121,84,70,54,10,0,10,0,0,0,0,7,10,10
10,9,51,55,66,65,88,139,163,152,126,87,64,62,9,4,3,7,0,8,0,0,0,0
14,11,44,69,81,76,80,115,135,141,129,100,93,69,11,3,0,1,5,0,4,1,7,7
9,27,57,68,63,85,105,133,131,130,114,100,65,61,12,8,11,9,9,7,8,4,0,0
11,14,61,61,57,81,111,149,150,88,80,68,60,50,14,6,3,2,8,5,0,1,11,4
8,11,9,32,94,117,114,167,155,107,69,37,43,34,6,3,0,0,1,0,0,0,4,0
14,21,14,34,101,141,158,189,140,135,105,63,45,11,14,13,8,6,6,11,10,6,7,5
13,30,36,44,101,167,174,215,231,174,136,73,40,20,10,4,7,8,10,12,12,13,7,7
8,12,29,61,127,151,188,192,167,167,164,136,75,26,5,1,8,5,5,7,10,5,8,7
12,13,50,97,113,136,143,178,184,166,148,138,103,55,52,12,6,0,0,4,10,10,3,0
14,28,41,56,95,126,154,144,137,129,142,122,77,12,13,17,12,12,0,0,0,0,3,5
14,53,106,110,111,135,135,127,130,117,107,74,27,10,11,8,13,9,6,1,4,7,0,0
25,71,69,89,109,105,107,109,85,95,42,38,12,5,11,13,12,8,0,0,0,0,0,5
17,77,67,79,100,101,103,100,35,13,14,45,6,11,0,5,1,0,0,3,5,7,0,0
33,75,65,99,100,92,85,51,13,10,21,36,9,5,0,0,0,3,3,9,2,0,3,6
40,47,51,70,77,76,14,14,17,8,13,13,14,0,0,0,0,8,5,2,3,8,11,5
33,54,77,73,45,13,9,11,11,9,13,7,25,10,0,11,9,0,0,6,5,5,7,4
30,51,50,31,12,12,11,18,14,20,10,5,43,32,0,0,0,0,0,7,0,2,5,7
35,12,14,12,16,19,11,14,8,0,13,22,41,12,0,0,0,0,0,3,7,3,0,7
23,46,44,14,14,9,10,14,9,9,14,21,31,30,0,1,6,0,10,12,5,11,2,6
50,39,50,50,33,29,33,30,35,43,33,32,35,25,8,9,12,0,15,13,11,7,0,0
79,62,56,53,47,18,20,14,14,10,10,50,44,13,43,12,10,11,11,9,9,0,6,3
52,65,54,54,52,46,15,14,16,25,44,50,66,92,54,13,18,13,13,11,9,0,0,4
26,56,45,51,41,25,23,12,4,25,36,49,106,258,103,52,23,13,11,9,0,7,10,5
0,9,35,37,33,27,12,9,3,8,11,7,27,62,103,57,25,12,9,7,11,5,9,11
0,7,32,39,29,14,7,3,0,3,0,0,8,35,70,152,42,14,13,7,1,0,1,0
0,5,13,22,34,16,10,7,10,12,21,12,14,50,63,207,67,43,9,9,0,3,0,0
1,0,1,23,45,17,13,10,11,11,6,3,13,37,51,77,61,26,19,13,9,0,7,0
4,4,13,60,69,46,6,6,10,3,2,8,12,17,55,52,50,22,14,10,2,7,11,7
0,2,50,51,72,69,53,14,2,7,8,6,4,9,13,13,14,12,11,11,11,5,7,4
0,6,36,53,55,67,41,17,12,10,6,0,6,6,2,12,8,0,7,10,10,0,4,0
0,1,12,51,54,30,13,28,10,2,4,7,0,0,0,6,0,3,11,4,0,0,0,4
0,0,14,51,38,13,0,0,3,11,9,2,0,4,9,8,0,7,10,1,9,6,7,0
0,0,7,13,12,4,5,11,1,0,0,0,0,0,0,0,0,2,0,7,10,1,4,6

0

3,0,0,8,10,13,12,36,41,51,51,58,52,42,39,26,12,13,8,6,9,8,12,3
12,0,3,10,29,37,72,97,102,67,60,63,58,50,14,24,30,19,9,11,12,7,1,6
14,14,28,52,84,118,131,150,147,141,112,65,13,9,11,9,13,12,0,0,0,0,5,3
53,50,57,66,102,124,168,210,276,237,185,116,73,14,9,10,3,0,4,0,0,2,5,7
55,56,65,78,106,119,155,187,303,310,247,127,93,52,21,14,10,14,12,11,2,0,8,2
50,51,54,61,60,88,110,161,275,352,229,122,70,46,29,12,13,16,9,9,13,10,3,10
11,13,40,54,55,62,93,114,146,160,145,112,74,50,14,12,1,12,12,13,12,9,3,3
0,0,10,42,67,75,88,127,131,144,122,100,61,10,0,0,2,0,1,5,11,10,6,1
0,11,14,54,57,64,85,115,156,152,132,86,68,26,0,0,0,0,0,8,7,9,3,2
7,13,27,51,56,71,111,143,176,165,128,95,75,57,0,2,0,0,0,4,7,5,7,12
9,9,33,50,61,78,106,154,172,154,122,84,70,54,10,0,10,0,0,0,0,7,10,10
10,9,51,56,66,65,88,138,163,153,127,87,64,62,9,4,3,7,0,8,0,0,0,0
13,10,43,69,79,76,80,115,135,142,129,100,92,70,11,3,0,1,6,0,4,1,7,7
9,27,58,68,64,84,105,133,131,131,114,100,66,61,12,8,11,9,9,7,8,4,0,0
11,14,60,60,57,81,111,149,151,88,80,68,59,50,14,6,3,2,8,5,0,1,11,4
8,11,10,31,95,117,114,167,155,108,69,39,43,38,6,3,0,1,1,0,0,0,4,0
14,21,14,34,102,141,159,190,141,135,105,63,48,11,14,13,8,6,6,11,10,6,7,5
13,31,37,44,101,167,175,216,233,176,137,73,41,20,10,5,7,9,10,12,12,13,7,7
8,12,26,62,127,151,189,193,168,168,165,137,75,28,5,1,8,5,5,7,10,6,8,7
12,13,51,97,113,137,144,179,185,167,148,139,104,55,52,12,6,0,0,4,10,10,3,0
14,28,41,55,95,126,154,145,138,130,142,122,76,12,13,16,12,12,0,0,0,0,3,5
14,53,106,109,111,135,135,128,131,117,107,74,27,10,11,8,13,9,6,1,4,7,0,0
26,71,69,89,108,105,107,109,86,96,42,38,12,5,11,13,12,8,0,0,0,0,0,5
16,75,66,78,100,101,103,100,37,13,15,47,6,11,0,5,1,0,0,3,6,7,0,0
32,73,64,99,100,93,85,52,13,10,21,37,10,5,0,0,0,3,3,8,2,0,3,6
41,46,51,70,78,79,14,14,17,8,13,14,14,0,0,0,0,9,5,2,3,8,10,5
33,54,76,71,45,13,9,11,11,9,13,7,28,10,0,11,7,0,0,6,5,4,7,4
29,52,50,30,12,12,11,20,14,20,10,5,47,31,0,0,1,0,0,7,0,2,5,7
34,12,14,12,16,19,11,14,8,0,14,23,41,13,0,0,0,0,0,3,7,3,0,7
23,46,47,15,14,9,10,14,9,9,16,21,32,30,0,1,6,0,11,12,5,11,2,6
50,37,50,50,32,30,34,30,34,43,34,32,36,25,9,9,12,0,15,13,11,7,0,0
78,62,56,54,47,18,20,14,14,11,10,50,45,13,43,12,11,11,11,9,10,0,6,3
52,64,54,54,52,44,16,14,15,25,44,50,66,92,54,13,19,14,13,11,9,0,0,4
24,56,44,51,43,25,22,12,4,25,36,49,107,261,103,52,23,14,11,9,0,7,10,5
0,9,34,39,34,26,12,9,3,9,12,7,28,62,104,57,26,13,9,7,11,5,9,11
0,6,31,37,29,14,7,3,0,3,0,0,9,35,70,152,40,14,13,7,1,0,2,0
0,5,13,22,34,17,10,8,10,12,22,12,14,50,63,207,67,44,9,9,0,3,0,0
1,0,1,22,45,17,13,10,11,12,7,4,14,38,51,78,61,27,18,13,9,0,7,0
4,4,13,60,69,48,7,7,10,4,3,8,13,20,56,53,50,22,14,10,2,7,11,7
0,2,50,51,72,69,53,14,2,7,8,7,5,10,13,13,14,12,11,11,11,5,7,4
0,6,35,53,55,68,41,17,13,10,7,0,6,6,3,13,8,0,7,10,10,0,5,0
0,1,12,51,54,30,13,30,10,3,4,7,0,0,0,6,0,3,11,4,0,0,0,4
0,0,13,51,36,13,0,0,4,11,9,3,0,4,9,8,0,7,10,1,9,6,7,0
0,0,7,13,12,5,5,11,2,0,0,0,0,0,0,0,0,2,0,7,10,1,4,6

0

3,0,0,8,10,13,12,35,40,51,51,58,52,44,39,26,12,13,8,6,9,8,11,3
12,0,3,10,26,36,72,97,102,67,60,62,57,51,14,24,30,19,9,11,12,6,1,6
14,14,28,52,82,118,130,149,147,141,113,65,13,10,11,9,13,12,0,0,0,0,5,3
53,50,57,65,101,123,167,208,275,238,187,116,74,14,9,10,3,0,4,0,0,2,5,7
56,56,65,78,106,119,154,186,302,313,250,128,94,52,19,14,10,14,12,11,2,0,8,2
51,51,55,61,60,88,109,161,275,355,232,123,71,46,29,12,13,16,9,9,13,10,3,10
11,13,39,54,55,62,93,114,146,161,146,112,74,51,14,12,1,12,12,13,12,9,3,2
0,0,10,42,67,74,88,127,131,145,123,100,61,10,0,0,2,0,1,5,11,10,6,1
1,11,14,54,57,63,84,115,156,153,133,86,69,29,0,0,0,0,0,8,7,9,3,2
7,13,28,51,56,71,111,143,176,166,128,96,76,59,0,2,0,0,0,4,7,4,7,12
9,9,32,50,61,78,106,154,172,155,122,84,70,56,11,0,10,0,0,0,0,6,10,10
10,9,51,56,66,65,87,137,162,153,127,87,64,63,9,4,3,7,0,8,0,0,0,0
14,10,44,69,80,76,80,114,135,142,130,101,94,71,11,4,0,1,5,0,4,1,7,7
9,26,58,68,63,84,105,133,131,131,114,101,67,64,12,9,11,9,9,7,8,4,0,0
11,14,60,60,57,80,111,150,152,89,81,68,60,52,14,6,4,2,8,5,0,1,11,4
8,11,9,28,95,117,114,168,156,108,69,39,41,38,6,3,0,1,1,0,0,0,4,0
14,22,15,32,101,141,159,191,141,136,106,64,51,11,14,13,8,6,6,11,10,6,7,5
13,30,37,44,101,167,175,217,235,178,138,74,41,20,10,5,7,9,10,12,12,13,7,7
8,11,30,62,127,151,189,194,170,170,167,138,76,32,5,1,8,5,5,7,10,5,8,7
12,13,52,96,113,136,144,180,186,169,149,140,104,55,53,12,6,0,0,4,10,10,3,0
14,28,40,54,94,126,155,145,139,131,143,123,78,12,13,15,12,12,0,0,0,0,3,5
14,52,106,109,111,135,136,128,131,118,108,75,28,10,11,8,13,9,6,1,4,7,0,0
26,70,69,88,108,105,107,109,87,96,42,39,12,5,11,13,12,8,0,0,0,0,0,5
15,76,66,78,100,101,103,101,38,13,19,48,6,11,0,5,1,0,0,3,6,7,0,0
32,72,63,97,100,92,86,53,14,10,21,39,10,5,0,0,0,3,3,8,2,0,3,6
38,44,50,68,77,76,14,14,19,9,13,14,14,0,0,0,0,9,4,2,3,8,10,5
34,54,76,71,45,13,9,11,11,9,14,8,27,11,0,11,7,0,0,6,5,4,7,4
29,51,50,29,12,12,11,19,15,20,10,4,47,33,0,0,1,0,0,7,0,2,5,7
35,12,14,12,16,19,11,14,9,0,14,24,41,13,0,0,0,0,0,3,7,3,0,7
22,46,47,16,14,9,10,14,9,9,17,23,32,30,0,1,6,0,11,12,5,11,2,6
50,37,50,50,34,30,34,30,35,43,35,33,35,25,9,9,12,0,15,13,11,7,0,0
77,61,56,54,48,18,19,14,14,11,11,50,45,13,45,12,10,11,11,9,10,0,6,3
51,64,54,54,52,45,16,14,15,26,43,50,66,92,54,14,19,14,13,11,9,0,0,5
21,56,45,51,42,26,21,12,4,25,37,50,108,263,104,52,23,14,11,9,0,7,10,5
0,9,33,37,34,27,12,9,3,9,12,7,28,62,105,57,25,13,9,8,11,5,9,11
0,6,31,38,30,14,7,3,0,4,0,1,9,35,71,154,41,15,13,7,2,0,2,0
0,5,13,21,34,16,11,8,10,12,23,12,14,50,63,209,67,43,9,10,0,3,0,0
1,0,1,22,45,16,13,10,11,12,7,4,14,37,51,78,61,25,18,13,9,0,7,0
4,4,12,60,69,46,7,7,10,4,4,9,13,20,56,53,50,22,14,10,2,8,11,7
0,2,50,51,72,69,53,15,2,7,9,7,6,10,13,13,14,12,11,11,11,5,7,4
0,6,35,53,55,67,42,17,13,10,7,0,7,6,4,13,8,0,7,10,10,0,5,0
0,1,12,51,54,31,13,29,10,3,5,7,0,0,0,6,0,4,11,4,0,0,0,4
0,0,13,51,38,13,0,0,4,11,9,3,0,4,9,8,0,7,10,2,9,6,7,0
0,0,7,13,12,4,5,11,2,0,0,0,0,0,0,0,0,2,0,7,10,1,4,6

0

3,0,0,8,10,13,12,35,41,51,51,58,52,42,39,26,12,13,8,6,9,8,11,3
12,0,3,9,26,36,71,97,102,67,60,62,57,51,14,24,30,19,9,11,12,6,1,6
14,14,28,52,82,118,130,149,147,141,112,65,13,10,11,9,13,12,0,0,0,0,5,3
53,50,57,65,101,123,167,208,274,238,187,116,74,14,9,10,3,0,4,0,0,2,5,7
56,56,65,77,106,119,154,186,302,313,251,128,94,52,20,14,10,14,12,11,2,0,8,2
51,51,55,61,60,88,109,160,275,356,234,124,71,46,30,12,13,17,9,9,13,10,3,10
11,13,40,55,55,61,92,114,146,162,147,113,74,51,14,12,1,12,12,13,12,9,3,2
0,0,10,42,67,74,87,127,131,146,124,101,61,10,0,0,2,0,1,5,11,10,6,1
1,12,14,54,57,63,84,115,157,155,135,87,69,30,0,0,0,0,0,8,7,9,3,2
7,13,25,51,56,70,111,143,177,166,129,96,76,60,1,2,0,0,0,4,7,4,7,12
9,9,32,50,60,77,105,153,172,155,123,85,70,56,11,0,10,0,0,0,0,6,10,10
10,8,51,56,66,65,87,137,162,154,128,88,64,63,9,4,3,7,0,8,0,0,0,0
14,10,43,69,79,76,79,114,135,143,130,101,93,73,11,4,0,1,5,0,4,1,7,7
9,24,57,68,63,84,105,133,132,132,114,101,66,63,13,9,11,9,9,7,8,4,0,0
11,14,60,60,57,80,111,150,153,89,81,68,61,53,14,6,4,2,8,5,0,1,11,4
8,11,9,26,95,117,114,168,156,108,69,39,41,42,6,3,0,1,1,0,0,1,4,0
14,21,16,34,101,141,159,191,142,137,106,64,51,11,14,13,9,6,6,11,10,6,7,5
13,30,37,44,101,167,176,218,237,179,139,74,41,20,11,6,8,9,10,12,12,13,7,7
8,12,31,63,127,150,190,194,171,171,168,139,76,33,5,1,8,5,5,7,10,5,8,7
12,13,52,96,113,136,144,181,187,169,149,140,104,55,53,12,6,0,0,4,10,10,3,0
14,29,40,54,94,126,155,145,139,131,143,123,79,12,13,15,12,12,0,0,0,0,3,5
14,53,106,109,110,135,136,129,131,118,108,75,29,10,11,8,13,9,6,1,4,7,0,0
26,70,68,87,108,105,108,109,87,96,42,39,12,5,11,13,12,8,0,0,0,0,0,5
14,74,66,78,100,101,103,101,38,13,17,50,6,12,0,5,1,0,0,3,6,7,0,0
33,74,64,97,100,94,88,53,14,10,23,42,10,5,0,0,0,3,3,9,2,0,3,6
38,43,50,68,77,76,14,14,19,9,13,14,14,0,0,0,0,9,4,2,3,8,10,5
36,54,76,71,47,13,9,11,12,9,14,8,29,11,0,12,6,0,0,6,5,4,7,4
28,51,50,29,12,13,11,19,16,20,11,4,47,33,0,0,2,0,0,7,0,2,5,7
36,12,14,12,16,18,11,15,9,0,14,26,43,13,0,0,0,0,0,3,7,3,0,7
23,46,46,17,14,9,10,14,9,9,18,22,32,30,0,1,6,0,11,12,5,11,2,6
50,37,50,50,34,30,33,30,35,44,35,33,35,25,9,9,12,0,15,13,11,7,0,0
77,61,56,53,48,21,20,14,14,11,11,50,46,13,46,12,10,11,11,10,10,1,6,3
51,64,53,54,52,46,17,14,16,27,44,50,66,93,54,14,20,14,13,11,9,0,0,5
20,55,43,51,42,26,21,12,4,26,36,50,108,265,105,52,23,14,11,9,0,8,11,5
0,9,35,38,35,28,12,9,3,9,12,7,29,62,106,58,26,13,10,8,11,5,9,11
0,6,30,37,30,14,7,3,0,4,0,1,9,35,71,155,41,15,13,7,2,0,2,1
1,5,13,22,34,18,11,8,10,13,21,12,14,50,64,211,67,44,9,10,0,3,0,0
1,0,1,22,45,16,13,10,11,12,7,4,14,38,51,79,61,26,17,13,9,0,7,0
4,4,12,60,69,48,7,7,10,4,4,9,13,21,56,53,50,22,14,10,2,8,11,7
0,2,50,51,72,69,53,16,2,8,9,8,6,10,13,13,14,12,12,12,11,6,7,4
0,6,35,53,55,68,42,17,13,10,8,0,7,6,4,13,9,0,7,10,10,0,5,0
0,1,12,51,54,30,13,29,10,4,5,7,0,0,0,6,0,4,11,4,0,0,0,4
0,0,13,51,38,13,0,0,4,11,10,4,0,4,9,8,0,7,10,2,9,6,7,0
0,0,7,12,12,5,5,11,2,0,0,0,0,0,0,0,0,2,0,7,10,1,4,6

0

3,0,0,8,10,13,12,35,41,51,51,58,52,43,39,27,12,13,8,6,9,8,11,3
12,0,3,9,27,35,71,97,102,67,60,62,58,51,14,24,30,20,9,11,12,6,1,6
14,14,29,52,82,118,130,149,147,141,113,66,13,10,11,9,13,12,0,0,0,0,5,3
53,50,57,65,101,123,166,208,274,239,187,117,74,14,9,10,3,0,4,0,0,2,5,7
56,56,65,77,106,119,153,186,302,314,253,129,94,52,21,14,10,14,12,11,2,0,8,2
50,51,54,61,60,87,108,160,275,357,235,125,72,46,30,12,13,18,9,9,13,10,3,10
11,13,40,55,55,62,92,114,146,163,147,114,75,51,14,12,1,12,12,13,12,8,3,2
0,0,10,41,67,74,87,127,132,147,124,101,61,10,0,0,2,0,1,5,11,10,6,1
1,12,13,54,57,63,84,116,158,155,135,87,70,31,0,1,0,0,0,8,7,9,2,2
8,13,23,51,56,70,111,143,177,167,129,97,76,60,1,2,0,0,0,4,7,4,7,12
9,9,32,50,60,77,105,153,172,156,124,85,71,57,11,0,10,0,0,0,0,6,10,10
10,8,51,56,66,65,86,137,161,154,129,88,64,64,9,4,4,7,0,7,0,0,0,0
13,9,43,69,79,75,79,114,136,143,130,101,94,74,11,4,0,1,5,0,4,1,6,7
9,24,56,68,63,84,105,133,132,132,115,101,66,65,13,9,11,9,9,7,8,4,0,0
11,14,60,60,57,80,111,150,154,89,81,69,61,53,14,6,4,2,8,4,0,1,11,4
8,11,9,25,95,117,114,169,157,109,70,39,41,43,6,4,0,1,1,0,0,0,4,0
14,21,15,34,101,141,159,191,142,137,106,64,52,11,14,13,8,6,6,11,10,6,7,5
13,30,37,44,101,167,176,218,238,180,140,75,41,20,12,8,8,8,10,12,12,13,7,7
7,11,30,63,127,150,190,195,171,172,169,139,77,34,5,1,8,5,5,7,10,5,8,7
12,14,52,96,112,136,144,181,188,170,150,141,105,56,53,12,6,0,0,4,10,10,3,0
14,29,40,54,94,126,156,146,139,132,143,123,81,12,13,15,12,12,0,0,0,0,3,5
14,52,106,109,110,135,136,129,132,118,108,76,29,10,11,8,13,9,6,1,4,7,0,0
26,69,68,87,108,105,108,110,88,97,42,40,13,5,11,14,12,8,0,0,0,0,0,4
14,73,65,77,100,101,103,101,38,13,17,50,6,12,0,5,1,0,0,3,6,7,0,0
32,72,63,96,100,92,88,53,14,11,21,44,10,5,0,0,0,3,3,9,2,0,3,6
41,43,50,69,78,78,14,14,19,9,13,16,17,0,0,0,0,9,4,2,3,8,10,5
34,54,76,72,50,13,9,11,12,9,17,9,29,11,0,12,6,0,0,6,5,4,7,4
29,51,50,28,12,12,11,20,16,21,11,4,48,33,0,0,1,0,0,7,0,2,5,7
35,12,14,12,17,19,11,15,9,0,15,26,44,13,0,0,0,0,0,3,7,3,0,7
24,46,46,17,14,9,10,14,9,10,19,22,32,31,0,1,6,0,12,12,5,11,2,6
50,37,50,50,34,31,34,31,35,44,36,33,36,25,9,9,12,0,15,13,11,7,0,0
77,61,56,54,50,21,22,14,14,11,11,50,46,13,47,12,10,11,11,10,10,1,6,4
51,63,53,53,52,47,16,14,16,27,46,50,66,93,54,14,20,14,13,11,9,0,0,5
20,55,43,51,42,27,23,12,4,27,36,49,108,267,105,52,24,14,11,9,0,8,11,5
0,9,33,37,35,28,12,9,3,9,12,7,29,63,106,58,27,13,10,8,11,5,9,11
0,5,30,37,32,14,7,3,0,4,0,1,9,35,72,156,41,15,13,7,2,0,2,1
1,5,13,21,34,19,11,8,10,13,21,12,15,50,64,213,67,44,9,10,0,4,0,0
1,0,1,21,45,17,13,10,11,12,8,5,14,37,51,79,61,27,18,13,9,0,7,0
4,4,12,59,69,48,7,7,10,4,5,9,13,21,56,53,50,22,14,10,2,8,11,7
0,2,48,51,72,69,53,17,3,8,9,8,6,10,13,13,14,12,12,12,11,6,7,4
0,6,36,53,55,68,43,17,13,10,8,0,8,6,4,13,9,0,7,10,10,0,5,0
0,1,12,51,54,30,13,29,10,4,5,7,0,0,0,6,0,4,11,5,0,0,0,4
0,0,13,51,38,13,0,0,4,11,10,4,0,4,9,8,0,7,10,2,9,6,7,0
0,0,7,13,12,5,5,11,2,0,0,0,0,0,0,0,0,2,0,8,10,1,4,6

0

3,0,0,8,10,13,12,35,41,51,51,58,52,43,39,27,12,13,8,6,9,8,12,3
12,0,2,9,26,33,71,97,102,67,60,62,58,51,14,24,30,19,9,11,12,6,1,6
13,14,28,51,81,117,130,149,147,141,113,66,13,10,11,9,13,12,0,0,0,0,5,3
53,50,56,64,100,123,166,208,275,240,188,117,74,14,9,10,3,0,4,1,1,2,5,7
56,56,65,76,106,118,153,186,303,316,254,129,95,52,21,14,10,14,12,11,2,0,8,2
50,51,55,61,60,87,108,160,275,358,236,125,72,46,30,12,13,17,9,9,13,10,3,10
11,13,39,54,55,61,92,113,147,163,148,114,75,51,14,12,2,12,12,13,12,8,3,2
0,0,10,42,67,73,87,127,132,147,125,101,61,11,0,0,2,0,1,5,11,10,6,1
0,11,13,54,57,63,84,116,158,156,136,87,70,34,0,1,0,0,0,8,7,9,2,2
8,13,25,51,56,71,111,143,178,168,129,98,77,61,2,3,0,0,0,4,7,4,7,12
9,9,32,50,60,77,105,152,172,156,124,85,71,58,11,0,10,0,0,0,0,6,10,10
10,8,50,56,66,64,86,136,161,154,129,88,64,64,8,4,4,7,0,7,0,0,0,0
13,9,43,70,79,75,79,114,136,143,131,101,94,75,11,4,0,1,5,0,3,1,6,7
9,24,55,68,63,83,105,133,132,132,115,101,66,66,13,10,11,9,9,7,8,4,0,0
11,14,60,60,56,80,111,150,154,89,81,69,62,53,15,6,4,2,8,4,0,1,11,4
8,11,9,25,95,117,114,169,157,109,70,40,40,46,6,4,0,1,1,0,0,1,4,0
14,21,16,34,101,141,159,192,142,137,107,64,53,11,14,13,9,6,6,11,10,6,7,5
13,30,37,44,101,167,176,219,239,181,141,75,42,20,13,9,9,9,10,12,12,13,7,7
7,11,33,61,127,150,190,196,172,173,170,140,77,36,6,1,8,6,6,8,10,5,8,7
12,14,52,96,112,136,145,181,189,171,151,141,105,56,54,12,6,0,0,4,10,10,3,0
14,29,40,53,94,125,156,146,140,132,144,123,85,12,13,15,12,12,0,0,0,0,3,5
15,52,106,109,110,135,136,129,132,119,109,76,30,10,11,8,13,9,6,1,4,6,0,0
26,69,68,86,108,105,108,110,89,98,42,40,13,5,11,14,12,8,0,0,0,0,0,4
15,73,65,77,100,101,103,101,41,13,17,51,6,12,0,5,1,0,0,3,6,7,0,0
29,72,63,96,100,92,88,54,14,11,21,45,10,5,0,0,0,3,3,9,2,0,3,6
41,42,51,69,78,78,14,14,20,9,13,19,22,0,0,0,0,9,4,2,3,8,10,5
34,53,75,71,47,13,9,11,12,9,18,9,32,11,0,12,5,0,0,6,5,4,7,4
29,51,50,29,12,12,11,20,17,21,11,4,50,36,0,0,1,0,0,7,0,2,5,7
34,12,14,12,17,19,11,17,9,0,16,27,44,13,0,0,0,0,0,3,7,3,0,7
24,46,46,16,14,9,10,14,10,10,20,22,32,31,0,1,6,0,12,12,5,11,2,6
50,38,50,50,35,31,33,30,36,43,36,34,36,26,9,9,12,0,15,13,11,7,0,0
76,61,56,54,50,21,20,14,14,11,11,50,47,13,48,12,10,11,11,10,10,1,6,4
51,63,53,54,52,45,16,14,17,27,46,50,66,93,54,14,20,14,13,11,8,0,0,5
18,55,44,51,43,27,22,13,4,26,36,50,109,267,106,52,23,14,11,9,0,8,11,5
0,9,36,37,35,30,12,9,3,9,12,8,30,63,107,58,26,13,10,9,11,5,9,11
0,5,30,37,31,14,8,3,0,4,1,1,9,35,72,157,41,15,13,5,1,0,2,1
1,5,13,20,34,19,11,8,10,13,21,12,15,50,64,214,67,44,8,9,0,4,0,0
1,0,1,20,44,17,13,10,11,12,8,5,14,38,51,79,61,28,19,14,9,0,7,0
4,4,12,59,69,48,7,7,10,5,5,10,13,23,56,53,50,22,14,10,2,8,11,7
0,2,48,51,72,69,54,17,3,8,10,8,7,10,13,14,14,12,12,12,11,6,7,4
0,6,35,53,55,68,43,17,13,11,8,0,7,6,5,13,9,0,7,10,10,0,5,0
0,1,12,51,54,31,13,30,10,4,5,7,0,0,0,6,0,4,11,5,0,0,0,4
0,0,13,51,37,13,0,0,4,11,10,5,0,4,9,8,0,7,10,2,9,6,7,0
0,0,7,13,12,5,5,11,2,0,0,0,0,0,0,0,0,2,0,8,10,1,4,6

0

3,0,0,8,10,13,12,34,41,51,51,58,52,44,39,26,12,13,8,6,9,8,12,3
12,0,2,10,27,33,71,97,102,67,60,62,58,51,14,24,30,20,9,11,12,6,1,6
14,14,27,51,81,117,130,149,147,141,113,66,13,10,11,9,13,12,0,0,0,0,5,3
53,50,56,64,100,122,166,208,275,240,188,117,74,15,10,10,3,0,4,1,1,2,5,7
56,56,64,76,105,118,152,186,304,317,256,130,95,52,20,14,10,14,12,11,2,0,8,2
50,51,55,61,60,87,108,160,276,359,237,126,72,46,30,12,13,18,9,9,13,10,3,10
11,13,37,54,54,61,92,113,147,164,148,114,75,51,14,12,2,12,12,13,12,8,2,2
0,0,10,41,67,73,87,127,132,147,125,101,62,11,0,0,2,0,1,5,11,10,6,1
0,11,13,54,57,63,84,115,158,156,136,88,71,35,0,1,0,0,0,8,7,9,2,2
8,13,21,51,56,70,110,143,178,169,130,98,77,62,2,3,0,0,0,4,7,4,7,12
9,9,32,50,61,77,105,153,173,157,125,86,71,58,12,0,10,0,0,0,0,6,10,10
10,8,50,56,66,64,86,136,162,155,130,89,64,65,8,5,4,7,0,7,0,0,0,0
13,9,44,69,79,75,79,115,136,144,131,101,95,75,11,4,0,1,5,0,4,1,6,7
9,24,57,67,63,83,105,133,132,133,115,101,68,65,13,10,11,9,9,7,8,4,0,0
11,14,60,60,56,80,111,150,155,90,82,69,61,54,14,6,4,2,8,4,0,1,11,4
8,11,9,25,94,117,114,169,158,109,70,41,40,44,6,4,0,1,1,0,0,0,4,0
14,21,15,34,101,140,159,192,143,138,107,64,53,11,14,13,9,6,6,11,10,6,7,5
13,30,37,44,101,167,176,219,240,183,141,76,42,20,13,10,9,9,10,12,12,13,7,7
7,11,31,62,127,150,190,196,173,173,171,140,78,37,6,1,9,6,6,8,10,5,8,7
12,14,52,96,112,136,145,182,189,171,152,141,105,56,54,12,6,0,0,4,10,10,3,0
14,30,40,53,93,125,156,146,140,133,144,123,86,12,13,15,12,12,0,0,0,0,3,5
15,52,105,109,110,135,137,129,132,119,109,76,31,10,11,8,13,9,6,1,4,6,0,0
26,68,68,86,108,105,108,110,88,97,42,40,13,5,11,14,12,8,0,0,0,0,0,4
15,73,64,77,100,101,103,101,42,13,19,51,6,12,0,5,1,0,0,3,6,7,0,0
29,72,63,96,100,93,88,53,14,11,21,46,10,5,0,0,0,3,3,9,2,0,3,6
38,43,50,68,78,78,14,14,20,9,13,21,22,0,0,0,0,9,4,1,3,8,10,5
34,53,75,71,47,13,9,11,12,9,19,10,32,11,0,12,5,0,0,6,5,4,7,4
29,50,50,28,12,12,11,20,17,22,12,4,50,36,0,0,1,0,0,7,0,2,5,7
36,12,14,12,17,19,11,16,9,0,18,27,44,13,0,0,0,0,0,3,7,3,0,7
24,46,47,16,14,9,10,14,10,10,21,23,33,31,0,1,6,0,12,12,5,11,2,6
49,37,50,50,34,31,33,31,36,44,36,33,36,26,9,9,12,0,14,13,11,7,0,0
76,61,56,54,50,21,20,14,14,11,11,50,47,13,47,12,10,11,11,10,10,1,7,4
51,63,53,53,52,46,17,14,16,28,46,50,66,93,54,14,20,14,13,11,8,0,0,5
16,55,43,51,43,28,22,12,4,26,37,49,110,270,106,52,23,14,11,9,0,8,11,5
0,9,33,37,35,29,12,9,3,9,12,8,30,63,106,58,26,13,10,9,11,5,9,11
0,5,29,37,32,14,8,3,0,4,1,2,9,36,72,156,41,15,13,5,1,0,2,1
1,5,13,21,34,19,11,8,10,13,22,12,17,50,65,215,67,43,8,9,0,4,0,0
1,0,1,21,45,17,13,10,11,12,8,5,14,39,52,80,61,28,19,14,9,0,7,0
4,3,12,59,69,48,7,7,10,5,6,10,13,24,56,53,50,22,15,10,2,8,11,7
0,2,48,51,72,69,54,19,3,8,10,8,7,11,13,14,14,12,12,12,11,6,7,4
0,6,34,53,55,68,44,17,13,11,8,1,7,6,5,13,9,0,8,10,10,0,5,0
0,1,12,51,54,31,13,30,10,4,6,7,0,0,0,6,0,4,11,5,0,0,0,4
0,0,13,51,38,13,0,0,4,11,10,5,0,4,9,8,0,7,10,2,9,6,7,0
0,0,7,12,12,5,5,11,2,0,0,0,0,0,0,0,0,2,0,8,10,1,4,6

0

3,0,0,8,10,13,12,35,40,51,51,58,52,44,39,27,12,13,8,6,9,9,12,3
12,0,2,9,27,35,71,96,102,67,60,62,58,51,14,24,30,19,9,11,12,6,1,6
13,14,28,52,80,117,130,149,147,141,113,67,13,10,11,10,13,12,0,0,0,0,5,3
53,50,56,63,100,122,166,207,275,241,189,117,75,14,10,10,3,0,4,1,1,2,5,7
55,56,64,76,105,118,153,186,304,318,256,130,95,52,21,15,11,14,12,11,2,0,8,2
50,51,55,61,60,87,108,161,278,360,237,127,73,46,30,12,13,18,9,8,13,10,3,10
11,13,37,54,55,61,92,114,147,164,148,114,75,52,14,12,2,12,12,13,12,8,2,2
0,0,10,41,67,73,87,127,132,146,124,101,62,11,0,0,2,0,1,5,11,10,6,1
0,11,13,53,57,63,83,115,157,155,135,88,71,36,0,1,0,0,0,8,7,9,2,2
8,13,20,51,56,70,110,141,177,169,130,99,78,62,3,3,0,0,0,3,7,4,7,12
9,9,31,50,61,77,104,152,173,157,125,86,71,59,12,0,10,0,0,0,0,6,10,10
10,8,50,56,66,64,86,136,162,156,130,89,65,65,8,5,4,7,0,7,0,0,0,0
13,9,44,70,80,75,79,115,136,144,132,102,96,75,12,4,0,1,5,0,4,1,6,7
9,24,57,68,63,83,105,133,132,133,116,101,69,67,14,10,11,10,9,7,8,4,0,0
11,14,60,60,56,80,111,150,155,91,82,70,62,55,15,6,4,3,8,4,0,1,11,4
8,11,9,22,94,117,114,168,158,110,71,41,41,46,6,4,0,1,1,0,0,1,4,0
14,21,15,33,101,140,158,192,143,138,108,65,54,11,14,13,9,6,6,11,10,6,7,5
13,30,37,44,100,167,176,220,242,184,142,77,42,20,14,11,9,9,10,12,12,13,7,7
7,12,33,63,127,150,191,197,174,174,172,141,78,39,6,1,9,6,6,8,10,5,8,7
12,14,52,95,112,136,146,183,190,173,153,142,106,56,54,12,6,0,0,4,10,10,3,0
14,30,40,53,93,126,157,147,141,133,144,124,89,12,13,15,13,12,0,0,0,0,3,5
14,52,105,108,110,135,137,130,132,119,109,77,32,10,11,8,13,9,6,1,4,6,0,0
27,68,67,85,108,105,108,110,89,98,42,40,13,5,11,14,12,9,1,0,0,0,0,4
14,72,65,76,100,101,103,101,42,13,20,52,6,12,0,4,1,0,0,3,6,7,0,0
31,71,62,96,100,93,88,55,14,11,21,48,10,5,0,0,0,3,3,9,2,0,3,6
38,42,50,68,77,80,14,14,20,9,14,23,22,0,0,0,0,8,4,1,3,8,10,5
34,53,75,71,48,14,9,11,12,9,22,10,33,11,0,12,5,0,0,6,5,4,7,4
28,51,50,28,12,13,11,21,19,23,12,4,50,35,0,0,2,0,0,7,0,2,5,7
35,12,14,12,17,19,11,17,10,0,21,28,44,13,0,0,0,0,0,4,7,3,0,7
20,46,47,16,14,9,10,14,10,10,22,24,33,30,0,1,6,0,12,12,5,11,3,6
50,37,50,50,35,31,34,31,36,44,36,34,36,26,9,9,12,0,15,13,11,7,0,0
75,61,56,54,50,22,20,14,14,12,11,50,47,13,47,13,10,11,11,10,10,1,7,4
51,63,53,54,52,47,16,14,17,28,46,50,66,93,54,14,20,14,13,11,8,0,0,5
14,55,43,51,44,28,23,12,5,26,37,50,112,272,105,52,23,14,11,9,0,8,11,5
0,9,33,38,35,28,12,9,3,9,12,8,31,63,107,57,27,13,10,9,11,5,9,11
0,5,27,37,31,14,8,3,0,4,1,2,9,35,72,156,41,15,13,6,1,0,2,1
2,5,13,20,34,19,11,8,10,13,22,12,16,50,65,215,67,44,8,9,0,4,0,0
1,0,1,19,45,17,13,10,11,12,8,5,14,39,51,80,61,28,19,14,9,0,7,0
4,3,12,59,69,48,7,7,10,5,6,10,13,25,56,53,50,22,15,11,2,8,11,7
0,1,48,51,72,69,54,19,3,9,10,8,7,11,13,14,14,12,12,12,11,6,7,4
0,6,36,53,55,68,45,17,14,11,9,1,8,6,5,13,9,0,8,10,10,0,5,0
0,1,12,51,54,30,13,31,10,4,6,8,0,0,0,6,0,4,11,5,0,0,0,5
0,0,13,51,39,13,0,0,4,11,10,6,0,5,9,9,0,7,10,2,9,6,7,0
0,0,7,12,12,5,5,11,2,0,0,0,0,0,0,0,0,2,0,8,10,1,4,6

0

3,0,0,8,10,13,12,36,40,51,51,58,52,43,39,27,12,13,8,6,9,9,12,3
12,0,2,9,26,36,71,96,102,67,60,62,58,51,14,25,30,20,9,11,12,6,1,6
13,14,27,51,80,117,130,148,146,141,113,67,13,10,11,10,13,12,0,0,0,0,5,3
52,50,56,63,100,122,166,207,274,240,189,117,75,15,10,10,3,0,4,1,1,2,5,7
56,55,64,75,105,118,153,187,305,319,258,130,96,52,21,15,11,14,12,11,2,0,8,2
50,51,55,61,60,87,108,161,278,362,238,127,73,47,30,12,13,18,9,8,13,10,3,10
11,13,38,54,55,61,91,114,147,164,149,115,76,52,14,12,2,12,12,13,12,8,2,2
0,0,10,41,67,73,87,126,132,146,124,101,62,11,0,0,2,0,1,5,11,10,6,0
1,11,12,54,57,62,83,114,156,154,135,88,72,38,0,1,0,0,0,8,7,9,2,2
8,13,23,51,56,69,109,140,176,168,130,100,79,63,3,3,0,0,0,3,7,4,7,12
9,9,31,50,60,76,104,151,171,156,125,86,72,60,13,0,10,0,0,0,0,6,11,10
9,8,50,55,66,64,86,136,161,155,130,89,65,66,7,5,5,7,0,7,0,0,0,0
13,9,43,70,79,74,79,114,136,144,132,103,97,77,11,4,0,1,5,0,4,1,7,7
9,24,56,68,63,83,105,133,132,133,116,102,69,65,14,10,11,9,9,6,8,4,0,0
11,14,60,60,56,79,110,150,155,91,83,71,62,55,15,6,4,3,8,4,0,1,11,4
8,11,9,20,91,116,112,167,158,111,73,45,36,47,6,3,0,1,1,0,0,0,4,0
14,21,15,34,100,138,157,191,143,140,110,66,57,12,14,13,9,6,5,11,10,6,7,5
13,30,37,44,98,164,177,221,244,187,145,80,43,20,16,13,10,9,10,12,12,13,7,7
7,12,36,61,125,149,192,200,177,177,175,144,82,47,8,1,8,5,5,7,10,6,8,7
12,14,52,92,110,136,147,185,193,176,156,144,107,57,54,13,6,0,0,4,10,10,3,0
14,29,39,51,92,126,159,149,143,136,146,125,100,12,13,14,12,12,0,0,0,0,4,5
14,48,104,108,109,136,138,132,134,121,111,80,34,10,11,8,13,8,6,1,4,6,0,0
24,65,66,84,108,105,109,111,92,100,45,44,14,6,11,13,11,7,0,0,0,0,0,4
14,67,62,75,98,101,103,101,45,14,41,58,7,12,0,4,2,0,0,2,6,7,0,0
21,66,60,93,100,94,89,59,14,11,32,60,11,4,0,0,0,2,2,8,2,0,3,7
30,31,47,67,77,80,14,20,17,10,20,52,33,0,0,0,0,8,4,1,3,9,8,4
24,52,73,69,50,14,8,12,10,10,36,13,29,10,0,6,3,0,0,3,2,5,6,4
18,46,42,24,11,12,11,24,15,14,26,11,52,28,0,0,4,0,0,6,0,0,5,6
25,11,12,12,14,18,10,21,11,0,19,45,51,13,0,0,0,0,4,1,7,3,0,8
14,42,43,16,13,10,10,14,12,11,27,37,41,31,0,16,5,1,13,11,5,10,3,7
41,33,50,50,35,31,35,32,38,45,41,39,41,28,9,10,14,3,14,13,11,6,0,0
69,60,55,53,50,25,27,18,19,30,45,51,51,14,41,14,14,12,13,17,12,2,8,5
40,62,53,53,52,50,24,22,30,44,51,53,88,100,53,40,39,15,14,12,9,0,0,5
13,54,41,51,43,31,24,14,8,36,50,55,288,380,97,54,26,19,12,10,1,4,8,3
0,7,32,36,35,28,7,9,7,12,13,41,59,76,81,42,27,15,14,7,6,2,9,11
0,3,23,36,32,14,4,9,3,5,15,11,15,27,53,70,17,12,11,8,3,0,6,4
2,4,12,18,36,15,10,11,6,11,9,10,12,13,27,46,40,24,7,0,0,6,0,0
2,0,0,18,45,15,12,8,8,7,11,11,8,19,22,50,43,12,12,12,5,0,4,0
4,3,12,59,69,48,6,7,7,7,7,12,12,13,14,13,25,12,10,9,1,8,11,8
0,1,46,51,73,72,56,13,5,10,11,8,3,3,9,10,11,9,8,11,8,1,7,3
0,6,30,53,56,71,50,16,13,10,9,6,12,9,4,12,7,0,7,10,10,0,4,0
0,0,11,51,55,34,13,30,9,3,7,10,2,0,4,7,0,5,11,5,0,0,0,5
0,0,13,51,42,13,0,0,4,11,10,4,0,4,10,9,0,7,10,2,9,6,7,0
0,0,7,13,13,5,5,11,2,0,1,0,0,0,0,0,0,2,0,8,10,1,5,6

0

3,0,0,8,10,13,12,35,41,51,51,58,52,44,39,27,12,13,9,6,9,8,11,3
12,0,2,9,26,32,70,96,101,67,60,62,58,51,14,25,29,20,9,11,12,6,1,6
13,13,25,51,79,117,129,148,146,140,113,67,13,10,11,10,13,12,0,0,0,0,5,3
51,50,55,62,98,122,164,205,272,239,189,117,76,15,10,10,4,0,4,1,1,2,5,7
55,55,63,75,105,118,152,186,303,318,258,130,96,52,20,14,10,14,12,11,2,0,8,2
50,51,54,61,60,86,107,159,278,362,239,127,73,47,30,12,13,18,9,8,13,10,3,10
11,13,38,54,54,61,91,113,147,165,149,115,76,52,14,12,2,12,12,13,12,8,2,2
0,0,10,41,66,72,87,127,132,147,125,101,62,11,0,0,1,0,1,5,11,10,6,0
1,11,12,53,56,62,83,114,157,156,136,89,72,43,0,1,0,0,0,8,7,9,2,1
8,13,21,50,55,69,109,140,176,169,131,100,79,66,4,3,0,0,0,3,7,4,7,12
9,9,31,50,60,76,103,150,171,156,125,87,73,61,23,0,10,0,0,0,0,6,10,10
10,8,50,56,65,63,85,134,160,154,130,89,66,68,9,6,6,7,0,7,0,0,0,0
13,8,43,69,78,74,78,114,136,144,132,103,98,78,11,4,0,0,5,0,3,1,6,7
9,23,54,66,62,82,104,133,132,133,116,102,69,64,14,10,11,9,10,6,8,4,0,0
11,14,59,58,56,78,110,149,154,91,84,73,62,55,15,6,4,3,8,4,0,2,11,4
8,11,9,15,88,115,111,166,158,112,75,48,27,47,6,4,0,1,2,0,0,1,4,0
14,19,15,32,100,136,156,191,144,141,112,68,61,12,14,13,8,6,5,11,10,6,7,5
13,30,37,44,95,162,177,222,246,191,150,86,45,20,20,17,11,10,9,12,12,13,7,7
7,12,34,59,123,149,193,202,180,182,180,147,88,51,10,2,8,5,5,8,10,6,8,7
12,14,52,88,109,135,148,189,197,180,160,147,110,58,56,13,7,0,0,4,10,10,3,0
14,29,37,50,91,125,162,153,146,139,148,127,102,13,14,14,13,12,0,0,0,0,4,5
14,40,103,107,109,136,139,133,136,123,113,85,39,10,11,8,13,8,6,1,3,6,0,0
21,61,63,82,108,105,109,112,96,101,46,46,19,6,11,13,11,7,0,0,0,0,0,4
14,62,60,72,98,101,103,101,50,14,52,59,8,12,0,4,1,0,0,2,6,7,0,0
14,61,58,92,100,94,92,61,14,12,33,63,12,4,0,0,0,1,2,8,2,0,3,7
30,29,46,66,78,82,16,23,19,10,27,65,41,0,0,0,0,9,5,0,2,8,8,4
19,50,72,68,50,14,9,13,11,11,37,14,33,10,0,5,4,0,0,3,2,4,6,4
14,43,41,24,11,12,12,30,23,24,32,13,53,32,0,0,5,0,0,7,0,0,4,6
17,11,12,12,14,21,11,28,13,0,20,48,51,13,0,0,0,0,7,2,8,3,0,7
13,40,45,16,13,10,11,21,13,13,33,40,41,31,0,20,7,5,14,11,5,10,3,8
37,33,50,50,36,32,36,33,39,45,41,39,41,29,10,10,14,3,14,13,11,6,0,0
65,59,55,54,50,30,30,22,23,35,47,50,51,14,41,14,14,12,13,17,12,2,8,5
31,61,53,53,52,50,27,25,36,44,50,52,71,83,52,31,34,15,14,12,9,0,0,5
12,53,40,51,44,34,26,17,10,38,50,53,249,411,94,55,26,19,12,10,1,4,8,3
0,5,32,36,35,29,12,10,9,13,19,48,78,104,75,30,31,17,14,7,6,2,9,11
0,2,21,35,34,14,8,11,6,7,26,14,36,41,52,51,13,12,11,8,4,0,6,5
3,4,12,18,36,17,10,12,8,13,11,9,12,15,37,31,14,22,7,1,0,6,0,0
2,0,1,18,48,15,12,8,8,8,11,10,9,24,31,47,32,12,12,12,6,0,4,0
4,2,12,59,69,48,6,8,7,8,7,11,13,13,13,13,16,11,10,9,1,8,11,8
0,0,42,51,73,73,56,12,6,11,11,9,3,2,7,8,10,9,7,11,8,1,7,3
0,6,30,53,56,72,51,16,14,10,9,7,11,9,3,11,7,0,7,9,9,0,4,0
0,1,11,51,55,34,14,30,9,4,8,10,2,1,4,8,0,5,11,6,0,0,0,5
0,0,12,51,41,13,0,0,4,11,10,4,0,5,10,9,0,7,10,2,9,6,7,0
0,0,7,12,13,5,5,11,2,0,1,0,0,0,0,0,0,2,0,8,10,1,4,6

0

3,0,0,8,10,13,12,34,40,51,51,58,52,44,39,27,12,13,8,6,9,8,12,3
12,0,2,9,25,32,70,95,101,67,60,62,58,51,14,24,30,20,9,11,12,6,1,6
13,14,27,51,78,117,129,147,146,140,113,67,13,10,12,10,13,12,0,0,0,0,5,3
52,50,55,62,98,121,164,204,271,239,189,117,76,16,10,10,4,0,4,1,1,2,5,7
56,55,63,75,105,117,151,185,302,317,258,131,96,52,20,14,11,14,12,11,2,0,8,2
51,51,55,61,60,85,107,159,276,361,239,127,74,47,30,12,13,18,9,8,13,10,3,10
11,13,39,54,55,60,91,113,147,164,150,116,77,52,14,12,2,12,12,13,12,8,2,2
0,0,10,41,66,72,87,126,132,148,126,102,62,12,0,0,2,0,1,5,11,10,6,0
1,11,12,53,57,62,83,114,157,157,138,89,73,45,0,2,0,0,0,8,7,9,2,1
8,13,19,50,56,69,109,140,177,171,132,100,79,65,4,4,0,0,0,3,7,4,7,12
9,8,31,50,60,76,103,150,172,158,125,87,73,60,16,0,10,0,0,0,0,6,11,10
10,8,50,55,65,64,84,134,159,153,128,88,65,66,9,6,7,7,0,7,0,0,0,0
13,8,41,68,78,74,78,114,134,142,130,101,96,73,10,4,0,1,5,0,3,1,6,7
8,23,55,68,63,82,104,132,131,132,115,102,66,55,12,9,11,10,10,7,8,5,0,0
10,14,59,59,56,80,110,149,153,91,83,71,58,50,14,6,4,4,8,4,0,2,11,4
8,11,9,23,98,117,114,169,158,112,73,36,36,38,6,3,0,1,2,0,0,1,4,0
14,18,15,32,101,141,159,192,143,138,109,65,51,11,14,13,8,6,6,11,10,6,7,5
13,30,37,44,102,174,182,225,245,185,142,76,41,17,16,14,11,10,10,12,12,13,7,7
7,11,36,70,131,156,195,200,175,174,169,138,76,37,9,2,8,5,5,8,10,6,8,7
12,14,54,100,115,141,151,186,190,172,150,140,105,56,53,12,6,0,0,4,10,10,3,0
14,31,42,57,100,133,165,148,140,133,144,123,86,12,13,14,12,11,0,0,0,0,4,5
15,53,106,110,112,138,139,131,132,120,109,74,31,10,11,8,13,8,6,2,4,6,0,0
27,66,68,87,109,106,109,110,89,97,43,41,15,5,10,13,11,8,0,0,0,0,0,4
16,71,63,77,100,101,103,100,27,14,34,53,7,11,0,3,2,0,0,2,6,7,0,0
31,67,61,94,100,95,84,60,17,10,28,53,11,4,0,0,0,2,2,8,2,0,3,7
44,40,48,68,78,78,20,38,20,10,23,53,24,0,0,0,1,9,5,0,2,9,9,5
38,53,73,71,50,14,10,13,12,10,31,14,27,10,0,7,7,0,0,3,1,4,7,4
27,50,47,29,11,11,12,32,22,24,25,12,51,25,0,0,6,0,0,7,0,0,5,6
40,12,14,12,13,14,11,24,13,0,14,43,49,13,0,0,1,0,8,3,7,3,1,7
43,51,47,14,12,9,11,16,14,14,32,37,37,30,0,20,7,5,14,12,5,10,3,8
50,40,50,50,32,20,34,32,38,45,41,38,39,28,9,9,14,2,14,13,11,6,0,0
78,62,56,54,50,30,29,22,19,34,45,50,50,13,23,14,13,12,13,16,11,1,8,5
52,64,53,53,52,50,28,27,37,39,50,50,61,68,50,18,28,14,13,12,9,0,0,5
14,56,46,51,42,32,27,28,22,40,47,51,134,314,91,54,25,18,12,10,1,4,8,3
0,8,38,38,35,31,13,12,11,14,24,49,98,189,91,32,35,16,13,7,6,3,9,11
0,6,30,37,33,14,8,12,6,7,24,25,50,52,51,48,14,12,10,8,4,0,6,5
3,5,13,20,35,15,11,11,9,13,13,9,14,43,33,27,14,28,8,3,1,6,0,0
2,0,1,18,45,14,11,8,8,9,11,9,15,41,38,46,27,12,13,12,6,0,5,0
3,2,12,59,69,40,6,6,6,8,6,9,15,22,13,13,15,10,10,9,2,9,11,8
0,1,45,51,71,69,55,9,3,10,11,8,5,5,7,8,11,9,7,11,9,2,7,3
0,6,31,53,55,69,50,14,13,9,10,8,10,9,3,11,7,0,7,10,9,0,4,0
0,1,11,51,54,32,13,25,8,4,8,11,2,0,3,7,0,5,11,6,0,0,0,5
0,0,12,51,37,12,0,0,3,11,10,4,0,5,10,9,0,7,10,2,9,6,7,0
0,0,6,12,12,4,4,11,2,0,1,0,0,0,0,0,0,2,0,8,10,1,5,6

2

2,0,0,8,10,13,12,34,39,51,51,58,53,45,40,27,12,13,9,6,9,8,11,3
12,0,2,9,25,31,70,95,101,67,60,63,58,51,14,25,30,20,9,11,12,6,1,6
14,14,27,51,79,117,129,147,145,140,113,67,13,10,12,10,13,12,0,0,0,0,5,3
52,50,56,63,99,122,165,205,269,237,187,117,76,15,10,10,4,0,4,1,1,2,5,7
56,56,64,75,105,118,152,186,301,315,254,130,97,52,19,14,10,14,12,11,3,0,8,2
51,52,55,61,60,86,108,161,277,356,235,126,73,47,30,12,13,18,9,9,13,10,3,10
11,13,39,54,55,61,92,114,147,163,148,115,76,52,14,12,2,12,12,13,12,8,2,2
0,0,10,41,67,74,88,127,131,146,125,102,63,12,0,0,2,0,1,5,11,10,6,1
1,11,12,53,57,63,83,113,154,155,138,90,73,49,0,2,0,0,0,8,7,9,2,2
8,12,18,50,55,69,108,137,172,171,134,102,80,65,4,4,0,0,0,3,7,4,7,12
8,7,30,50,59,74,101,148,171,159,126,87,74,59,14,0,10,0,0,0,0,6,11,10
10,8,50,55,64,64,83,133,158,152,126,87,65,63,8,6,6,7,0,7,0,0,0,0
13,8,39,68,78,74,78,113,133,140,128,100,96,69,9,4,0,0,5,0,4,2,7,7
9,23,55,68,63,82,104,131,130,130,115,102,64,51,11,7,11,9,10,6,8,4,0,0
10,14,60,60,57,80,111,149,151,91,84,71,57,48,13,5,4,3,8,4,0,2,11,4
8,11,9,32,100,118,114,169,157,112,74,39,38,34,5,3,0,1,2,0,0,1,4,0
14,18,14,31,102,142,159,192,143,138,109,64,38,10,14,13,8,6,6,11,10,6,7,6
13,31,37,45,105,182,187,227,244,183,140,73,40,15,14,14,11,10,9,12,12,13,7,7
7,12,41,79,137,163,203,205,176,172,166,134,71,31,9,2,7,5,5,8,10,6,8,7
12,14,56,102,121,148,164,190,191,170,148,137,103,55,52,13,6,0,0,4,10,9,3,0
14,33,44,62,107,142,175,151,141,133,143,121,71,12,13,14,12,11,0,0,0,1,4,5
19,56,107,112,114,142,142,133,133,120,108,71,27,11,11,8,13,8,7,2,3,5,0,0
30,67,70,91,110,107,111,111,89,95,41,38,14,5,10,13,12,9,0,0,0,0,0,4
20,71,63,77,100,102,103,101,38,16,24,47,7,11,0,3,3,0,0,2,6,7,0,0
33,67,60,96,100,95,85,62,32,10,21,48,11,4,0,0,0,1,3,8,2,0,4,7
41,38,50,68,79,81,29,41,23,10,16,45,17,0,0,0,0,9,5,1,3,8,10,5
37,53,74,71,54,16,10,14,12,9,28,14,19,10,0,9,7,0,0,5,2,4,6,4
27,51,49,31,12,11,12,34,27,20,24,11,50,20,0,0,6,0,0,8,0,1,6,7
41,13,20,13,14,14,11,27,13,0,13,37,38,12,0,0,1,0,6,4,7,3,1,8
46,51,50,18,12,10,10,17,14,14,32,36,32,29,0,18,7,5,13,12,5,10,3,8
50,41,50,50,33,25,34,32,38,44,40,37,38,25,8,8,13,0,14,13,11,6,0,0
78,62,56,54,50,30,27,19,17,27,40,46,46,13,14,13,12,12,13,15,11,1,7,5
52,65,53,53,52,50,28,26,35,32,46,46,55,61,43,13,24,14,13,12,8,0,0,5
14,56,45,51,43,33,26,28,22,37,42,50,77,183,80,53,24,16,12,9,0,4,9,4
0,8,38,39,36,31,13,12,11,14,27,30,97,283,99,33,34,14,13,7,6,3,10,11
0,6,31,39,35,14,9,12,4,7,14,27,53,63,49,43,15,12,10,8,4,0,6,5
3,5,13,23,38,16,11,10,7,12,13,13,37,50,25,21,16,31,8,4,0,6,0,0
2,0,1,18,47,14,11,8,8,10,11,13,58,43,26,29,14,13,12,12,6,1,5,0
3,1,12,59,69,45,7,5,5,8,10,12,43,33,13,12,14,10,10,9,1,8,11,8
0,1,44,51,71,70,55,8,0,10,13,11,13,11,9,9,11,9,7,10,9,2,7,3
0,6,28,52,55,69,50,14,13,8,11,9,10,11,4,11,9,0,7,9,9,0,4,0
0,1,11,51,54,32,13,27,9,5,8,10,0,0,3,7,0,5,12,7,0,0,0,5
0,0,11,51,35,12,0,0,3,11,10,4,0,5,10,9,0,7,10,2,10,6,7,0
0,0,6,12,12,4,4,11,2,0,1,0,0,0,0,0,0,2,0,8,10,1,5,6

2

2,0,0,8,10,13,12,35,39,51,51,58,52,46,40,28,12,13,9,6,9,8,11,3
12,0,2,9,27,32,70,96,101,67,60,63,58,51,14,25,30,20,9,11,12,6,1,6
14,14,27,51,79,117,130,149,147,141,113,66,13,10,12,10,13,12,0,0,0,0,5,3
52,50,55,63,100,122,166,207,273,238,186,117,74,15,10,10,4,0,4,1,1,2,5,7
56,56,64,76,105,118,153,186,299,310,249,129,95,52,20,14,10,14,12,11,3,0,8,2
51,52,56,62,60,86,108,160,265,346,230,124,73,46,29,12,13,18,9,9,13,10,3,10
11,13,42,54,55,61,92,113,144,157,145,114,76,51,14,12,2,12,12,13,12,8,2,3
0,0,10,37,68,75,88,126,130,144,123,100,62,11,0,0,3,0,1,5,11,10,6,1
1,11,12,54,58,64,85,114,152,150,133,86,70,35,0,1,0,0,0,9,7,9,3,2
5,12,19,51,57,70,109,136,168,166,129,94,76,58,2,3,0,0,0,4,7,5,8,12
6,7,30,50,61,75,103,148,170,156,120,80,68,52,11,0,9,0,0,0,1,7,11,10
9,10,50,56,66,66,83,133,159,148,115,78,62,55,7,5,6,8,1,7,0,0,0,0
12,10,45,73,84,78,78,113,131,133,119,85,81,51,10,5,0,2,6,0,5,3,7,7
9,15,62,72,66,86,104,129,126,123,110,93,40,27,11,9,11,10,10,7,9,5,0,0
9,14,66,64,58,82,110,144,140,84,77,60,37,35,13,6,4,5,9,5,0,2,12,5
8,11,10,66,105,121,115,166,148,101,63,39,40,14,5,2,0,1,2,0,0,1,5,0
13,16,14,31,107,149,160,187,134,123,89,39,12,10,13,13,9,6,6,11,10,6,8,6
13,31,37,50,125,212,200,221,220,154,115,50,35,14,14,16,12,11,10,12,12,13,7,7
7,13,54,106,172,194,231,209,163,154,143,111,56,13,8,2,5,3,4,8,10,6,8,7
13,22,66,115,141,184,188,195,185,156,132,111,83,50,38,13,6,0,0,4,10,10,3,0
24,37,49,82,128,169,189,151,138,124,127,102,37,13,13,14,12,12,0,0,0,1,5,6
32,65,111,117,121,149,145,132,126,109,70,46,16,13,11,8,13,9,8,3,3,6,0,0
45,75,77,100,113,110,113,109,72,70,28,24,12,6,7,12,12,10,2,0,0,0,0,4
43,80,70,84,101,102,104,100,38,14,12,15,7,9,0,2,5,1,0,2,6,7,0,0
48,75,63,100,101,98,85,62,33,11,14,37,11,1,0,0,0,2,3,8,2,0,4,7
53,47,52,71,84,80,34,41,23,9,14,28,13,0,0,0,0,10,4,4,3,8,10,6
46,55,76,75,58,19,10,13,12,9,18,12,13,9,0,9,8,0,0,8,5,4,6,4
37,53,51,37,13,11,12,34,27,20,16,9,36,14,0,0,0,0,0,8,0,4,7,7
50,17,42,14,19,15,12,26,12,0,11,24,20,11,0,0,4,0,0,6,6,3,6,8
56,52,51,21,14,11,11,19,13,13,31,28,24,22,0,14,10,0,11,12,6,10,3,7
53,49,51,50,38,33,35,32,38,43,38,33,34,17,6,7,14,0,14,13,11,7,0,0
86,65,58,54,50,29,23,14,14,18,30,39,27,11,12,12,11,12,13,14,10,0,6,4
54,69,55,54,53,48,17,17,24,23,38,42,52,51,13,12,15,14,12,11,8,0,0,5
20,59,50,52,48,31,20,13,12,30,35,43,91,112,54,50,20,14,11,8,0,4,9,4
0,12,50,48,44,32,12,10,9,13,15,36,96,92,51,26,25,12,12,7,7,4,10,11
0,7,42,50,50,23,9,11,3,9,14,14,42,37,32,34,13,12,11,7,3,0,6,5
4,5,14,38,51,25,10,10,6,9,11,13,14,15,19,18,14,21,8,4,0,6,0,0
2,0,3,33,53,27,9,6,5,8,12,12,14,20,17,15,13,12,11,11,7,0,5,0
4,4,17,63,78,54,12,9,6,6,4,10,16,13,12,13,12,9,7,9,2,8,11,7
0,2,47,53,79,92,69,25,5,12,12,11,9,5,8,9,10,9,10,8,8,2,7,3
0,8,30,54,58,83,56,25,13,12,9,7,9,9,6,11,6,0,6,9,7,0,4,0
0,1,9,52,59,50,15,43,12,10,9,11,3,0,5,6,0,6,12,7,0,0,0,5
0,0,8,52,50,14,0,0,4,13,11,5,0,4,10,8,0,8,10,4,10,6,8,0
0,0,7,13,13,6,5,12,1,0,3,0,0,0,0,0,0,2,0,8,10,1,5,6

2

3,0,0,8,10,13,12,34,41,52,51,59,53,47,40,28,12,13,9,6,9,8,11,3
13,0,2,9,26,28,69,94,101,66,60,63,58,51,14,25,31,20,9,12,12,6,1,6
13,13,24,51,76,116,129,147,146,140,113,68,13,10,12,10,13,12,0,0,0,0,5,3
50,45,53,61,96,121,163,203,267,236,189,118,76,14,9,10,4,0,4,1,1,2,6,7
53,54,61,73,104,117,151,184,295,308,253,132,97,52,19,14,10,14,12,11,3,0,8,3
50,51,54,61,60,84,107,157,264,351,235,129,77,47,28,12,13,17,9,9,13,10,3,10
11,13,41,54,54,60,90,111,143,157,147,118,80,52,13,12,1,12,11,13,12,9,2,2
0,0,10,33,65,72,86,126,129,142,123,102,63,12,0,0,1,0,1,5,11,11,6,1
1,11,12,53,56,62,83,113,148,148,135,90,73,43,0,0,0,0,0,7,7,9,3,2
8,11,14,50,55,67,107,135,166,166,130,97,79,62,0,0,2,0,0,2,6,5,9,12
7,7,27,50,59,74,101,148,168,154,120,82,70,54,13,0,12,0,0,0,1,6,11,10
10,9,42,55,65,65,82,133,159,148,116,80,63,59,7,8,9,1,0,6,0,0,0,0
13,9,43,72,84,78,78,114,132,134,121,90,88,55,5,5,0,0,2,0,6,2,7,8
10,15,58,71,66,87,105,130,128,125,111,98,54,31,9,9,12,10,12,7,8,6,0,0
10,14,65,64,58,83,111,147,146,87,80,62,50,38,13,6,4,7,6,5,0,4,12,5
8,12,10,60,104,122,117,173,154,106,66,33,31,14,4,1,0,2,2,0,0,1,5,0
14,15,14,34,106,149,162,194,139,131,98,51,12,11,14,13,9,6,6,11,10,6,8,6
14,32,38,56,129,219,217,238,240,171,126,57,36,14,19,20,12,11,9,12,11,12,7,7
8,13,54,109,175,204,256,228,178,167,150,116,57,14,8,2,5,3,4,8,10,6,8,7
13,25,68,118,142,188,199,210,200,169,140,116,88,53,47,13,7,0,0,4,10,9,3,0
25,37,49,87,127,163,192,165,146,132,134,107,46,13,13,13,13,13,0,0,0,1,5,6
36,66,111,117,122,151,150,139,133,115,84,48,22,14,12,8,13,11,10,5,0,2,0,0
47,75,78,100,114,115,119,116,89,79,27,16,6,2,5,14,13,13,3,0,0,0,0,4
47,78,69,85,102,104,106,102,58,14,11,13,0,8,0,0,2,1,0,3,7,5,0,0
48,72,63,100,102,100,100,57,36,13,12,29,9,0,0,0,0,0,3,4,2,0,3,6
53,44,52,75,91,96,17,14,28,10,12,14,11,0,1,0,0,8,6,10,3,0,14,6
46,55,78,78,65,20,11,9,13,9,14,9,13,0,3,14,10,1,12,11,10,6,4,5
40,54,54,45,14,12,11,27,29,18,11,10,14,12,0,5,17,0,9,5,5,12,7,6
52,26,52,17,35,16,19,25,11,4,9,7,9,8,0,0,1,7,13,7,9,10,11,7
59,53,53,22,31,13,11,14,8,10,14,8,9,19,1,0,0,0,4,8,9,13,7,9
55,51,51,51,47,35,35,29,32,39,28,14,20,13,3,8,8,5,10,10,9,9,0,0
95,69,60,56,51,30,14,13,11,9,8,12,5,2,8,9,6,11,13,12,1,0,0,5
57,73,56,55,54,38,12,11,11,11,13,12,9,10,4,8,10,10,11,11,4,0,0,3
34,61,51,52,50,29,14,9,11,11,12,17,29,13,13,14,11,10,6,8,0,7,8,0
0,15,50,50,47,23,5,9,11,13,12,11,19,17,13,19,11,10,10,6,8,3,8,10
0,10,50,51,50,17,6,6,0,10,3,7,4,13,14,16,8,9,9,0,2,5,8,6
5,6,23,43,52,22,8,3,3,8,12,11,10,12,8,13,12,8,5,1,3,10,4,0
3,1,5,42,54,31,10,7,5,6,12,10,11,12,13,12,10,10,4,8,9,0,5,0
5,8,31,67,81,56,21,9,9,10,6,13,12,11,10,10,8,9,3,5,3,8,10,6
0,3,50,53,80,97,70,36,10,13,13,7,6,6,9,3,8,9,9,1,5,0,6,2
0,8,33,55,58,79,54,27,14,13,8,6,6,7,2,5,2,0,5,8,5,0,1,0
0,1,10,52,57,44,14,44,13,10,11,12,5,0,3,5,0,5,12,6,0,0,0,5
0,0,10,52,50,14,1,0,4,13,12,10,0,3,9,8,0,9,9,3,9,6,8,0
0,0,7,13,13,7,6,12,2,0,4,0,5,1,0,0,0,2,0,7,10,1,5,6

2

2,0,0,8,10,13,12,36,41,52,51,59,53,46,40,28,12,13,9,6,9,8,11,3
12,0,1,9,24,27,68,94,101,66,60,63,58,51,14,25,31,22,9,12,12,7,1,6
13,14,24,51,76,117,129,148,146,140,112,65,13,10,11,10,13,12,0,0,0,0,5,3
51,46,53,61,97,122,166,207,270,235,185,116,73,14,9,10,4,0,4,1,2,2,6,7
54,55,62,74,105,118,154,188,300,307,249,130,94,51,19,14,10,14,12,11,3,0,8,3
50,51,55,62,60,85,109,163,267,352,234,124,73,46,29,12,13,18,9,10,13,10,3,10
11,13,42,54,55,61,92,113,144,155,143,112,76,51,13,12,2,12,12,13,12,9,3,3
0,0,10,32,67,74,88,127,130,140,120,98,62,10,0,0,2,0,1,5,11,11,7,1
1,11,12,53,58,63,84,114,149,145,128,85,70,26,0,0,0,0,0,7,8,9,4,3
6,12,17,51,57,69,109,136,164,160,124,91,74,56,0,0,2,0,0,3,7,5,8,12
6,8,30,51,62,76,104,150,167,150,115,78,66,50,11,0,11,0,0,0,2,7,11,10
10,10,48,56,67,67,84,135,160,146,113,77,61,53,6,7,9,0,0,4,0,0,0,0
13,10,48,75,88,81,79,115,132,133,119,85,80,44,8,5,0,0,0,0,6,3,7,8
9,17,62,74,67,88,105,130,127,123,110,91,41,23,10,9,12,10,11,7,8,6,1,0
9,14,67,64,58,84,111,145,142,85,78,58,39,32,13,6,4,7,7,5,0,3,12,6
8,12,11,69,105,121,115,168,149,101,63,36,30,13,4,1,0,2,2,0,0,1,5,0
13,15,14,33,107,148,159,190,136,126,91,37,11,10,13,13,9,6,6,11,10,6,8,6
14,31,37,55,128,217,210,229,227,157,118,51,34,14,16,19,12,11,9,12,12,12,7,7
8,14,56,109,177,206,251,218,166,155,144,111,54,12,7,1,4,3,3,8,10,6,8,7
13,27,69,118,143,192,205,202,187,156,135,113,84,51,45,13,6,0,0,4,11,9,3,0
28,39,51,90,130,173,200,160,141,127,132,105,43,13,13,13,13,13,0,0,0,1,5,6
42,72,113,120,126,159,155,137,131,115,86,49,23,14,12,8,13,10,9,6,2,4,0,0
54,82,82,102,117,120,120,115,90,82,22,11,0,2,5,13,13,13,3,0,0,0,0,4
52,88,75,92,102,105,106,102,60,14,11,11,0,5,0,0,2,1,1,3,7,5,0,0
57,82,67,100,102,100,100,60,38,13,11,17,8,0,0,0,0,0,2,5,3,0,4,6
61,52,55,78,93,96,23,14,28,10,12,13,9,0,2,0,1,9,8,11,5,0,15,6
51,57,80,80,65,20,11,9,12,9,13,5,12,0,7,14,11,5,13,11,10,7,5,6
50,55,55,48,17,12,11,25,22,18,10,9,13,9,0,10,19,3,10,9,6,12,8,6
54,31,54,22,35,17,18,20,11,3,6,4,7,5,0,0,6,12,12,13,11,11,12,7
62,54,53,22,34,13,11,14,8,10,10,6,7,14,0,5,3,6,6,6,11,13,7,9
60,52,52,51,48,37,35,30,28,36,16,9,14,12,2,9,11,12,11,11,10,9,1,0
103,73,61,56,51,33,14,13,9,6,5,6,0,0,4,7,4,10,13,14,2,0,0,5
64,77,57,55,54,46,12,8,8,4,8,6,0,6,0,7,8,10,11,11,5,0,0,3
49,64,52,53,50,30,11,3,11,9,5,13,17,7,13,13,7,8,5,7,0,7,8,0
0,29,51,50,49,20,1,6,8,10,9,6,12,12,13,14,11,10,9,5,6,1,8,10
0,11,50,51,50,19,10,14,7,4,0,4,1,11,13,12,7,8,8,0,0,4,7,6
6,7,27,44,52,20,12,66,55,12,10,10,10,11,6,12,9,5,4,1,3,10,4,0
4,2,6,46,55,32,11,13,12,9,10,10,10,10,11,10,9,8,0,6,9,0,5,0
6,10,41,69,83,57,27,11,9,9,0,10,13,8,5,9,7,9,3,4,3,9,10,6
0,4,51,53,83,102,71,35,9,10,12,5,7,7,6,6,8,9,9,1,4,0,5,1
0,10,44,58,59,81,54,29,14,14,7,5,6,6,2,4,1,0,4,7,4,0,1,0
0,5,12,53,59,49,16,46,13,11,11,11,5,0,3,4,0,4,11,5,0,0,0,5
0,0,12,54,50,19,2,0,4,13,12,10,1,4,9,8,1,9,10,2,8,5,8,0
0,0,9,13,13,8,6,12,2,0,4,0,7,4,0,0,0,2,0,7,9,0,4,6

2

8,0,0,9,10,13,12,40,45,52,52,60,53,46,40,28,12,13,9,6,9,8,11,3
14,2,0,9,22,20,69,96,101,65,60,63,58,51,14,25,31,22,9,11,12,7,1,6
14,14,27,51,76,118,136,165,158,141,111,60,13,10,11,9,13,12,0,0,0,0,5,3
53,45,54,63,104,129,183,233,308,245,180,113,71,14,10,10,3,0,5,1,2,3,6,8
55,56,65,81,110,124,175,208,334,316,245,126,90,51,23,16,10,13,11,11,3,0,9,3
53,54,58,65,62,86,117,188,289,360,248,123,66,46,31,14,14,18,8,9,13,11,4,11
12,14,46,55,55,58,86,114,151,160,142,101,68,51,31,13,4,12,12,13,12,10,4,3
0,0,9,14,63,71,75,116,123,136,112,85,56,0,0,0,5,0,3,5,11,11,7,2
2,11,12,52,56,61,74,101,138,133,108,75,61,0,0,0,0,0,0,8,8,9,5,4
6,12,17,50,54,66,100,119,138,127,103,78,68,13,0,0,0,0,0,3,7,6,9,13
8,10,25,45,57,69,93,131,135,119,96,73,61,12,10,0,12,0,0,0,3,8,11,11
10,11,37,53,63,63,77,127,142,133,109,73,59,33,6,7,11,0,0,4,0,0,0,0
14,11,39,65,77,75,75,114,130,134,118,80,69,37,4,7,8,0,0,0,8,4,7,8
11,21,53,67,63,82,105,132,131,126,109,84,31,17,11,11,13,11,11,7,8,7,2,0
11,14,60,59,56,79,112,150,153,90,79,58,40,39,13,7,5,7,7,5,0,4,12,6
8,12,10,50,98,119,114,173,158,109,68,37,31,14,5,2,0,2,3,0,0,1,5,0
14,15,14,31,101,141,158,195,143,136,103,58,13,11,14,13,9,7,6,11,10,6,8,6
14,31,37,47,107,182,196,237,250,175,132,65,37,14,18,19,12,11,9,12,12,12,7,7
8,13,50,100,136,166,221,215,175,168,159,129,67,21,9,3,6,4,4,8,10,6,8,7
13,22,63,108,124,153,177,195,191,168,146,134,101,56,52,13,7,0,0,4,11,10,3,0
25,35,46,73,115,146,184,158,144,134,142,120,71,12,13,14,13,13,0,0,0,1,5,6
35,63,110,116,122,151,150,137,136,121,108,79,32,12,12,8,13,10,10,6,1,3,0,0
51,77,76,100,115,118,119,116,97,100,37,30,2,3,5,14,13,13,2,0,0,0,0,4
50,81,71,86,102,104,106,102,69,33,12,14,0,7,0,0,2,0,0,3,7,5,0,0
53,78,64,100,102,100,95,65,47,26,11,29,9,0,0,0,0,0,2,5,2,0,3,6
59,50,53,74,87,92,40,45,50,12,11,13,10,0,0,0,0,9,8,11,6,0,15,6
51,57,78,77,61,19,13,13,14,10,13,0,11,0,5,12,12,6,13,11,10,8,6,6
50,54,54,43,14,12,14,44,42,32,7,6,12,5,0,8,13,3,10,10,8,12,9,7
53,26,51,14,26,14,36,46,32,10,3,6,0,0,0,0,5,9,11,14,12,11,12,7
61,53,52,24,22,13,17,43,14,11,10,8,0,8,0,11,13,6,5,6,11,14,7,8
59,51,51,51,39,34,39,38,40,38,13,9,11,8,0,9,13,11,11,12,9,8,0,0
100,71,59,55,50,18,32,29,16,12,0,0,0,0,3,8,5,10,13,15,3,0,0,5
61,74,56,54,53,48,33,50,41,22,0,0,0,0,0,5,5,9,11,11,6,0,0,3
40,61,51,52,49,24,31,50,39,13,0,4,8,1,12,12,5,5,4,6,0,7,8,0
0,14,48,47,43,37,20,43,45,10,11,9,9,9,11,13,12,10,9,4,4,0,7,11
0,10,44,46,46,33,41,51,56,13,11,2,0,10,10,0,3,9,8,0,0,1,7,6
6,6,19,33,45,42,51,153,320,63,49,12,8,8,6,10,12,5,5,4,1,9,4,0
5,3,5,34,50,50,56,78,135,60,42,14,7,10,13,11,10,5,0,7,9,0,5,0
6,10,35,65,74,54,13,21,41,24,8,13,12,11,11,3,0,7,0,1,1,9,10,6
0,4,51,53,79,89,64,29,8,12,15,12,1,5,10,10,9,9,7,0,2,0,4,2
0,9,41,57,58,80,53,17,14,11,10,3,10,11,5,8,8,0,5,6,2,0,0,0
0,3,11,53,59,47,14,22,10,11,11,9,1,0,9,10,3,9,12,5,0,2,0,5
0,0,11,53,50,13,0,0,0,12,10,8,0,0,2,3,2,11,9,0,8,6,8,0
0,0,8,13,13,5,5,12,5,0,6,1,2,4,1,1,0,3,0,7,10,1,4,6

2

6,0,0,7,9,12,11,30,40,52,52,61,55,51,43,34,13,13,9,6,9,8,11,3
14,1,2,8,14,13,56,84,98,64,61,66,60,53,19,28,32,25,10,12,12,6,1,5
14,14,19,42,67,112,125,140,141,138,115,87,46,12,13,11,14,12,0,0,0,0,5,3
51,41,51,60,98,122,165,198,257,234,192,126,103,52,11,10,4,0,5,2,2,2,5,7
55,55,64,78,106,118,158,191,307,317,279,146,109,56,25,14,10,12,10,11,3,0,8,3
56,55,59,65,61,78,104,175,295,392,300,161,97,56,36,13,13,16,8,10,13,10,3,10
13,14,44,54,52,54,76,104,151,180,166,129,90,63,52,13,0,9,10,13,12,9,2,2
5,2,12,16,58,57,67,108,121,146,130,105,69,52,4,0,0,0,0,2,10,10,6,0
4,13,14,52,52,53,62,87,136,144,136,99,85,55,14,17,10,0,0,1,2,7,3,2
9,13,23,42,51,52,76,100,130,138,130,112,86,79,62,24,11,7,0,0,3,2,10,12
11,13,27,36,50,57,69,103,125,134,128,93,73,70,60,54,50,6,0,0,0,0,10,8
11,12,29,45,56,55,62,105,134,148,135,92,70,82,56,50,29,3,0,0,0,0,0,0
14,14,36,57,64,64,66,102,128,146,135,104,100,98,53,14,10,0,0,0,0,0,5,7
14,30,50,61,57,67,100,129,132,138,120,104,78,80,46,19,6,0,6,5,7,4,0,0
13,25,59,56,51,59,105,148,158,100,100,86,66,61,31,10,7,8,2,3,0,2,11,5
9,12,10,13,58,104,105,165,163,125,92,60,19,51,4,6,0,2,3,0,0,1,4,0
14,16,14,26,63,110,145,190,151,157,136,85,90,53,16,10,8,4,4,10,9,3,7,5
14,32,37,43,65,115,160,228,270,213,182,124,58,35,33,29,13,8,7,11,11,12,5,6
9,12,33,39,101,126,191,211,189,197,208,185,133,56,50,13,12,9,5,10,8,4,7,7
13,25,53,69,84,117,144,194,206,194,185,184,139,77,73,50,10,1,0,4,9,8,3,0
22,25,33,37,76,114,157,160,155,149,164,145,128,58,56,17,13,20,5,0,0,0,3,6
24,14,84,101,108,137,143,139,145,135,127,116,64,14,13,8,11,12,12,8,0,0,0,0
23,20,42,71,108,112,116,118,105,109,58,50,14,9,6,21,12,11,2,1,0,0,0,3
13,28,45,65,100,103,106,104,94,93,50,61,4,10,0,0,0,0,0,2,7,2,0,0
11,32,17,80,100,100,100,84,52,26,11,52,8,0,0,0,0,0,3,5,2,0,1,5
19,13,27,61,81,96,63,53,45,14,10,16,22,0,0,0,0,8,8,11,10,0,14,6
18,42,61,59,59,29,14,29,43,14,15,9,11,0,3,6,10,5,12,12,11,8,6,6
16,25,35,31,22,13,24,47,53,51,8,13,14,9,0,3,5,3,8,10,9,12,9,7
11,11,23,18,39,35,43,49,50,20,12,13,8,5,0,0,0,1,9,13,12,12,11,7
8,19,48,21,36,15,20,42,31,14,29,18,14,8,0,10,12,1,3,6,12,14,7,8
26,23,48,50,50,38,38,38,36,45,33,18,8,0,2,8,13,10,10,12,9,8,0,0
56,51,54,54,52,34,27,30,14,14,9,0,0,2,4,7,6,10,13,16,3,0,0,4
12,52,52,54,54,51,26,45,50,44,5,0,5,3,0,3,3,7,10,11,6,0,0,5
5,35,32,51,50,33,26,47,47,18,0,10,1,0,11,9,3,2,1,5,0,6,10,2
0,9,25,40,45,32,15,39,50,13,10,9,11,12,11,8,8,9,10,4,2,0,7,10
0,0,15,41,50,30,30,49,57,46,14,7,4,9,5,0,0,10,6,0,0,1,7,6
6,4,13,29,49,40,47,110,364,84,50,14,12,11,9,10,10,9,6,0,0,9,4,0
3,0,3,38,51,49,52,65,143,91,50,21,12,14,13,12,12,0,0,7,9,0,5,0
7,12,30,73,69,57,41,50,42,36,10,14,14,14,13,8,9,6,0,0,1,8,10,7
0,1,52,59,100,153,91,51,29,12,14,13,4,6,11,11,8,10,7,0,2,0,5,2
0,10,50,69,76,117,65,31,20,13,7,7,13,13,8,11,10,2,5,7,3,0,0,0
0,6,12,56,79,52,28,42,14,13,12,9,3,0,9,11,6,10,13,5,0,2,0,5
0,0,11,57,56,31,7,0,1,12,11,7,0,0,2,5,4,11,9,0,8,6,9,0
0,0,7,14,13,9,7,12,8,0,6,1,5,3,1,0,2,4,0,8,10,2,4,6

2

10,3,0,3,6,11,7,14,28,51,51,61,55,53,47,42,15,14,10,7,9,8,11,3
13,6,5,6,13,12,11,62,71,60,60,66,61,53,41,33,37,36,12,13,12,7,0,6
13,13,14,13,47,100,105,110,118,124,114,102,68,14,27,13,15,12,0,0,0,0,4,2
44,36,45,56,85,113,143,152,185,191,190,146,117,68,45,24,2,0,3,0,0,0,0,5
54,54,63,78,106,114,142,162,232,277,279,184,141,71,90,77,62,33,15,8,1,0,2,0
65,61,69,73,62,73,90,146,251,385,322,201,141,86,96,81,61,41,13,0,7,3,2,9
54,51,53,54,52,52,64,87,138,183,178,147,117,91,89,84,52,13,8,14,9,2,0,0
11,9,14,25,55,51,57,84,106,140,132,112,83,74,82,72,50,8,1,2,13,8,1,0
7,14,19,52,51,53,55,66,114,134,140,120,106,86,91,79,58,14,0,9,0,5,0,0
11,14,30,41,50,50,61,73,96,122,139,142,109,109,105,90,70,50,0,0,0,0,7,8
13,18,30,36,50,54,60,75,89,116,139,111,91,107,95,92,56,11,0,0,0,0,0,1
12,13,33,45,55,52,55,79,109,138,143,111,99,112,90,97,50,3,0,0,0,0,0,0
20,20,39,57,61,58,58,82,112,142,139,117,107,109,108,100,48,3,0,0,0,0,0,4
15,32,50,60,55,59,79,114,122,133,123,110,103,109,107,101,31,1,0,2,0,0,0,0
14,36,60,58,51,52,75,127,132,95,106,98,100,106,105,60,11,15,8,0,0,0,9,3
9,12,10,13,52,64,74,129,140,115,95,76,73,104,65,31,6,8,3,0,0,0,2,0
14,18,14,24,40,82,113,144,137,149,142,100,112,72,59,57,18,7,1,4,0,0,3,4
14,31,37,41,48,55,78,156,248,227,211,157,72,78,55,61,40,12,9,11,8,8,4,3
9,12,23,31,63,94,111,165,191,231,266,249,167,73,90,111,71,30,11,13,10,6,7,5
12,23,50,54,53,64,81,149,207,224,241,257,187,107,121,120,108,14,7,5,3,9,0,0
19,25,30,27,43,51,113,138,157,167,194,193,159,106,122,111,99,50,28,6,0,2,3,5
18,12,36,53,45,101,118,131,144,143,145,134,92,71,61,75,50,13,11,13,2,0,0,1
15,10,14,36,44,90,108,115,110,110,76,67,22,35,37,63,45,14,0,4,6,0,0,1
12,14,16,15,56,101,104,104,100,95,36,79,4,14,1,0,2,1,0,0,4,4,0,0
10,22,12,14,63,88,100,93,38,30,6,43,8,6,0,0,0,0,0,1,2,0,0,0
14,13,12,14,63,93,87,48,57,15,15,24,33,1,3,0,6,0,5,5,8,2,12,3
13,14,15,43,59,52,32,14,34,14,29,14,13,1,3,7,0,0,5,7,12,6,6,6
12,12,18,42,40,21,22,24,43,46,28,33,31,10,0,0,10,0,0,9,7,12,8,6
11,12,35,35,43,46,45,22,37,13,23,21,14,1,0,0,0,9,8,13,12,12,12,6
12,24,52,50,50,29,22,23,13,14,32,25,23,0,0,16,10,1,0,5,11,13,8,7
13,21,51,52,52,46,37,35,36,43,31,30,17,0,9,14,14,5,9,12,11,9,2,0
14,50,57,56,54,54,23,20,13,13,5,8,0,7,7,9,2,8,10,18,9,0,2,5
12,52,54,56,56,56,19,13,14,24,7,0,9,6,0,8,2,7,9,10,2,0,0,2
6,50,50,53,51,50,19,14,13,7,3,10,1,0,9,9,6,0,4,8,0,6,10,4
0,9,42,50,50,40,13,12,8,9,10,8,13,10,6,9,2,4,4,2,1,0,6,9
0,2,33,50,51,28,12,12,9,11,10,9,7,7,8,7,1,5,6,0,2,0,4,5
7,5,15,40,52,26,12,14,50,24,34,21,15,10,0,10,10,0,0,0,1,8,3,0
5,1,7,51,53,44,20,22,42,55,75,60,47,13,4,7,10,0,0,6,6,0,5,0
8,16,51,83,71,56,22,18,15,30,51,54,38,12,7,7,9,7,0,4,6,8,10,7
0,6,54,61,99,133,72,52,42,25,20,51,52,8,8,4,9,10,11,1,4,0,6,2
0,11,52,74,72,88,54,30,13,14,12,16,33,7,5,6,4,0,4,7,5,0,1,0
0,6,13,57,68,44,26,37,11,8,9,10,8,0,3,6,0,4,11,6,0,1,0,6
0,0,12,54,50,26,7,2,3,12,8,3,0,6,10,9,5,10,10,2,9,5,8,0
0,0,8,13,13,10,8,12,8,1,4,0,8,7,0,0,2,3,0,7,10,1,4,6

2

12,11,9,5,5,11,5,13,14,41,50,59,54,54,53,54,31,18,12,8,9,7,10,0
14,12,10,14,13,10,7,47,31,51,54,63,59,55,53,38,47,53,14,13,11,4,0,3
14,14,14,17,33,64,71,61,57,79,94,66,39,42,50,44,16,13,0,0,0,0,0,0
41,36,37,47,59,86,112,114,124,134,139,125,110,82,70,69,58,25,12,0,0,0,0,0
50,51,57,67,100,107,117,121,153,172,186,157,139,93,118,100,102,90,53,52,48,6,6,0
62,61,69,75,63,72,79,111,165,239,226,179,149,122,152,119,106,89,60,51,37,29,8,4
60,62,61,58,53,53,62,76,120,160,160,145,134,121,129,122,79,80,62,52,53,37,42,13
14,13,18,33,56,44,50,66,86,124,126,117,97,94,108,103,85,73,36,7,39,31,32,38
13,28,29,53,54,54,54,58,81,114,129,119,129,124,136,117,92,71,50,12,6,8,22,32
13,24,41,44,51,53,55,57,70,98,122,138,135,148,158,135,104,79,40,2,10,7,13,13
15,24,34,40,51,54,56,63,66,86,119,110,114,146,139,130,76,73,51,5,0,0,0,4
13,19,45,50,54,41,52,67,82,105,119,107,113,141,126,121,94,57,27,0,0,0,0,0
23,33,45,57,60,54,53,62,80,114,123,113,114,128,126,119,93,50,11,0,0,0,0,0
20,36,52,62,55,56,67,101,98,106,114,109,109,122,120,113,103,55,7,7,0,0,0,0
14,43,61,58,51,52,57,93,67,69,90,91,107,120,118,109,92,42,13,0,0,0,0,0
10,12,10,13,22,59,54,89,84,69,72,75,94,119,102,104,81,60,12,4,0,0,0,0
14,14,13,14,20,60,78,84,71,91,113,102,120,90,74,81,70,63,19,2,0,0,0,1
14,31,36,40,46,47,50,72,117,149,170,146,80,117,114,117,92,56,35,14,13,8,1,0
9,12,14,26,52,62,80,107,139,196,248,250,159,129,145,158,140,103,60,35,11,0,7,6
12,21,45,51,42,52,60,119,178,210,250,278,191,162,184,175,157,127,106,14,7,5,0,0
15,22,27,24,29,24,80,121,143,169,215,221,169,153,180,164,142,123,84,31,4,4,4,6
14,11,25,48,14,28,72,117,138,147,154,156,116,132,129,145,136,107,60,28,13,2,0,0
14,8,11,31,32,40,81,107,110,114,99,95,55,90,109,119,115,103,70,14,7,0,0,0
11,14,14,13,13,69,102,103,101,100,74,77,11,31,87,102,105,102,82,12,4,6,2,0
9,23,12,8,19,73,96,100,60,36,13,29,5,8,38,102,94,98,74,12,0,0,0,0
14,13,11,13,56,81,86,82,23,13,13,23,44,10,10,40,85,74,89,14,0,0,0,0
11,13,12,20,51,50,21,11,12,13,12,13,28,14,8,11,14,34,11,8,4,0,0,2
13,11,12,27,18,14,11,17,21,31,39,40,40,13,0,0,6,0,0,0,0,0,0,4
12,10,13,18,19,25,36,14,24,11,22,19,24,0,0,1,0,1,0,0,0,0,0,0
27,13,33,34,40,17,13,14,12,12,28,32,30,0,0,7,3,0,0,2,0,4,0,0
14,14,43,51,51,45,34,31,36,38,20,29,21,0,13,14,7,9,13,7,8,0,0,0
9,16,51,55,53,54,14,14,14,8,0,7,0,11,11,8,10,11,14,18,5,0,0,2
9,18,50,54,55,56,14,12,11,11,5,0,7,9,9,32,51,13,7,9,4,0,0,3
6,25,30,51,51,50,15,8,8,5,8,3,0,5,33,53,21,9,0,0,0,2,9,5
0,7,17,40,50,39,10,10,9,13,11,5,6,9,36,29,14,4,0,0,2,0,7,6
0,0,12,39,50,25,10,10,0,5,12,13,21,25,36,35,14,1,0,0,0,6,7,4
8,3,12,25,50,25,12,10,0,15,40,46,39,54,33,14,8,0,0,0,0,10,5,0
4,0,1,24,51,35,14,13,24,50,69,71,53,88,37,10,8,0,0,5,8,0,4,0
5,9,14,67,66,53,14,14,14,42,59,85,54,54,13,13,8,2,0,0,0,6,10,6
0,2,50,54,87,119,69,52,50,39,32,87,84,51,14,11,12,10,11,0,0,0,4,0
0,8,39,62,68,87,55,36,22,14,33,84,101,14,20,12,9,1,5,8,5,0,0,0
0,4,9,55,64,42,24,29,12,8,13,56,96,15,6,11,1,7,11,6,0,2,0,5
0,0,10,52,50,17,6,1,4,12,12,7,11,8,7,12,7,11,10,3,9,6,8,0
0,0,8,13,13,8,7,12,7,0,8,0,7,2,0,0,3,5,0,8,10,2,5,6

2

11,10,9,4,4,11,4,13,14,40,50,59,54,54,53,53,31,25,12,8,9,7,11,0
14,11,9,13,13,8,5,43,35,50,54,63,59,54,53,37,46,57,14,13,11,6,0,7
13,13,14,14,30,58,61,53,51,73,85,64,50,54,51,50,14,13,0,0,0,0,0,1
37,36,38,47,58,84,108,112,122,131,135,123,111,92,73,70,59,24,12,0,0,0,0,2
53,53,58,67,98,104,111,119,154,168,175,149,141,99,124,104,103,89,51,51,48,5,6,0
61,59,67,73,62,70,74,108,164,215,199,174,153,132,168,128,108,88,59,52,37,29,8,4
55,56,57,56,52,51,61,77,119,146,153,148,139,127,134,126,79,77,62,53,54,38,46,12
13,11,13,14,50,25,48,69,88,120,127,120,101,96,109,102,83,72,38,7,51,48,36,41
9,14,14,50,52,52,53,59,84,115,137,129,135,123,134,114,88,68,45,12,9,11,27,44
11,15,28,32,41,51,54,57,72,106,133,147,139,144,150,128,98,75,21,2,10,12,22,14
13,18,28,33,39,52,54,60,68,99,130,119,116,141,132,123,72,68,43,4,2,0,1,6
11,13,35,40,52,23,51,63,85,116,129,113,113,136,121,115,87,55,22,0,0,0,0,0
14,19,36,42,51,52,51,59,82,121,129,116,113,124,121,114,84,44,9,0,0,0,0,0
13,29,42,56,52,53,62,101,100,109,116,110,107,117,116,110,101,26,3,4,0,0,0,0
12,27,56,52,39,50,54,80,69,71,92,91,105,115,114,104,79,23,9,0,0,0,0,0
8,11,9,11,13,54,51,75,82,72,76,75,91,115,93,95,70,35,11,3,0,0,0,0
13,12,11,12,13,34,55,84,85,101,120,104,120,88,71,75,64,57,10,1,0,0,0,2
13,28,33,37,43,45,47,77,144,169,182,158,86,115,105,102,79,46,25,13,12,8,1,0
7,9,12,15,41,55,73,118,158,215,267,262,174,131,138,147,129,88,49,27,11,0,7,6
10,14,36,35,22,44,60,130,198,232,267,286,206,161,178,164,146,119,96,12,6,5,0,0
13,16,24,23,26,29,98,131,155,183,225,226,173,152,178,156,135,114,56,21,1,4,5,6
7,2,11,36,39,58,100,124,144,157,161,157,115,128,128,142,128,91,41,14,12,1,0,1
9,7,10,26,41,60,101,111,114,118,101,95,52,80,110,119,113,92,49,8,2,0,0,0
8,12,15,41,45,90,103,104,102,101,82,80,12,26,96,102,105,95,15,6,4,7,4,0
4,14,13,13,54,80,98,100,67,44,15,37,10,11,101,104,100,91,13,2,0,0,0,4
13,13,11,32,68,86,86,75,24,14,39,50,56,13,101,101,100,71,14,2,0,0,0,4
7,13,14,44,58,54,20,11,12,12,14,15,27,7,76,101,84,55,6,4,0,2,1,4
12,12,14,41,33,14,11,15,22,32,44,38,48,10,13,13,55,10,0,0,1,4,0,5
12,12,27,30,20,23,31,13,20,11,26,17,26,0,9,10,2,9,0,0,2,6,0,0
20,18,50,43,41,16,12,14,11,13,30,33,30,1,6,14,6,0,0,0,0,5,0,0
13,17,50,51,51,43,33,30,33,37,24,32,24,0,14,4,2,0,6,2,8,6,0,0
11,48,54,55,53,54,13,13,12,9,0,7,1,9,10,10,8,4,5,17,1,0,0,2
9,38,52,54,55,55,13,10,9,5,4,0,4,14,51,52,18,11,6,8,5,0,0,3
5,30,35,52,51,50,14,7,2,0,7,4,0,35,55,57,26,10,0,1,0,3,9,4
0,8,22,40,49,35,8,9,9,11,5,7,3,29,53,38,27,8,2,0,3,0,6,6
0,0,12,40,50,21,9,10,0,5,5,4,9,30,51,51,18,1,0,0,0,6,6,4
8,3,12,23,50,21,12,9,0,5,11,10,13,48,43,30,11,0,0,0,0,9,4,0
4,0,0,21,50,29,11,10,12,12,14,14,22,46,50,45,5,1,0,0,6,0,4,0
4,6,12,64,65,52,14,9,9,13,28,39,36,52,55,13,7,6,0,0,0,7,10,5
0,1,43,53,80,106,64,50,46,28,33,61,57,60,60,14,13,10,13,0,0,0,4,0
0,6,25,58,63,79,53,38,27,49,60,175,89,69,58,8,6,0,1,6,3,0,0,0
0,4,7,53,58,41,27,32,13,15,45,92,103,53,18,14,3,6,8,0,0,4,1,6
0,0,9,51,40,14,6,6,4,14,14,40,91,48,9,12,8,10,10,4,5,4,8,0
0,0,8,12,13,6,6,12,9,0,7,5,29,22,7,0,6,5,0,8,9,1,4,5

2

11,10,8,3,3,11,4,13,14,39,50,59,54,54,53,52,29,24,12,8,9,8,11,0
14,11,8,13,12,7,4,42,35,50,54,63,59,54,54,37,46,56,14,13,11,8,1,9
13,13,13,14,25,55,60,53,51,72,83,64,48,54,51,47,14,13,0,0,0,0,0,5
36,35,37,46,57,84,108,112,121,130,134,123,111,91,72,69,59,23,11,0,0,0,0,5
53,53,58,66,95,103,109,118,153,168,173,147,140,99,122,103,102,87,50,50,45,6,5,0
60,59,66,72,61,69,73,108,164,216,200,175,154,131,166,127,108,87,59,52,37,28,7,2
54,55,56,55,51,50,60,77,120,147,155,151,141,127,133,125,79,77,62,53,55,38,40,7
12,9,12,13,42,19,49,71,89,121,129,121,102,95,107,101,83,73,47,7,52,53,38,33
6,13,12,44,50,51,53,60,87,115,139,133,137,119,130,112,88,68,51,12,11,14,34,54
9,14,16,26,30,50,55,58,73,108,135,152,140,140,145,125,97,75,20,2,11,14,33,28
11,14,24,28,24,50,53,60,70,103,135,125,117,138,128,119,71,68,41,4,3,0,3,8
8,11,26,32,50,17,51,63,89,121,134,117,113,134,118,113,85,54,21,4,0,0,0,0
13,13,28,23,44,51,51,58,86,124,132,120,113,122,119,112,81,42,9,0,0,0,0,0
12,20,28,50,50,51,61,101,101,112,118,112,107,116,114,109,101,14,1,4,0,0,0,0
10,15,51,40,29,48,54,84,73,74,95,94,105,114,112,103,75,17,8,0,0,0,0,0
7,10,8,9,11,51,51,78,84,75,78,77,90,113,90,90,67,23,10,1,0,0,0,0
12,11,10,12,13,38,59,102,91,106,126,108,121,89,70,72,62,54,9,0,0,0,0,2
12,25,31,36,42,45,48,91,147,164,182,161,91,116,101,96,74,42,23,13,12,8,1,0
6,7,11,14,37,56,101,131,150,194,244,244,174,132,135,143,124,82,43,23,11,0,7,6
8,13,27,33,19,51,77,143,192,210,245,268,201,163,176,159,142,115,78,11,5,5,0,0
11,13,21,22,28,47,110,139,155,176,218,219,172,150,174,151,131,110,51,19,1,4,5,6
6,4,12,38,53,79,108,128,145,159,162,156,116,126,125,139,125,83,35,13,11,2,0,2
9,7,11,31,46,73,104,114,115,120,103,100,55,77,109,118,112,82,32,7,1,0,0,0
6,12,27,53,52,99,103,105,103,101,90,80,13,20,100,102,104,79,12,3,4,7,5,0
2,14,23,29,60,81,98,100,79,50,28,36,11,15,101,104,100,64,11,0,0,0,0,4
13,13,12,40,69,86,85,78,27,15,47,51,62,62,102,101,100,52,12,2,0,0,0,3
5,14,16,47,58,56,21,11,12,12,17,23,33,11,100,101,81,27,4,5,1,3,3,4
12,13,14,42,35,14,10,15,23,34,46,44,50,12,22,16,57,9,0,0,5,6,0,5
12,13,34,33,19,19,27,13,21,12,29,21,28,2,12,13,2,10,0,0,4,8,0,0
14,24,50,46,41,14,12,13,11,13,32,35,31,4,17,14,11,0,0,2,0,6,0,0
13,19,50,51,51,42,32,30,33,38,25,34,25,0,19,3,1,0,5,2,8,6,0,0
11,50,54,55,53,54,13,13,12,9,1,7,3,9,11,11,8,4,4,16,1,0,0,2
10,40,52,54,55,55,13,9,9,5,5,0,3,23,52,52,16,11,5,8,5,0,0,2
4,28,35,51,51,50,13,5,0,0,8,6,0,48,55,57,26,9,0,1,0,2,9,3
0,8,22,39,50,34,6,7,7,11,5,8,5,35,53,38,30,8,3,0,2,0,4,6
0,0,12,39,50,18,8,8,0,2,6,4,10,35,51,51,20,0,0,0,0,5,5,4
8,3,12,23,48,19,11,7,0,3,9,8,13,50,44,31,11,0,0,0,0,9,4,0
3,0,0,18,50,23,12,10,11,11,14,14,25,48,51,50,6,0,0,0,5,0,5,0
3,5,12,63,65,51,14,9,9,12,27,38,37,52,56,14,7,6,0,0,0,7,10,6
0,0,40,52,78,102,63,50,46,28,32,59,57,60,62,23,13,10,13,0,0,0,5,1
0,5,21,57,62,77,53,38,27,48,60,174,88,69,60,10,8,0,2,7,3,0,0,0
0,3,7,53,57,42,26,31,13,17,46,92,102,54,25,16,4,7,9,0,0,4,0,6
0,0,9,51,40,13,6,6,3,14,14,50,89,50,10,13,9,11,10,4,5,4,8,0
0,0,8,12,12,5,5,12,9,0,6,6,29,27,9,0,8,6,0,8,10,1,4,5

2

