8,9,0,0,0,11,51,28,13,11,2,0,0,3,2,0,3,6,8,13,21,17,10,7
10,2,1,4,3,16,55,43,54,13,10,0,0,5,7,0,5,6,11,51,61,89,12,8
5,7,13,11,12,88,116,113,65,57,13,2,7,14,5,1,21,11,14,57,88,93,14,13
10,8,14,13,18,67,107,106,61,57,44,6,8,6,6,0,14,29,44,43,81,113,59,12
3,5,25,44,56,106,113,70,61,53,9,8,17,9,15,6,14,13,34,39,58,96,105,13
18,14,41,52,80,133,114,59,56,52,55,58,71,61,62,58,60,44,49,48,37,82,114,82
11,14,50,60,128,145,96,62,57,51,63,88,94,89,70,71,69,72,52,28,52,55,114,93
12,12,49,78,142,121,81,7,9,58,54,80,91,93,69,82,79,70,57,51,13,36,81,120
12,46,58,139,152,114,72,67,75,80,79,78,89,97,108,121,115,92,67,76,53,68,66,129
13,35,53,127,115,77,57,41,13,16,51,98,120,133,119,114,135,111,74,68,70,59,65,82
6,6,15,29,14,34,1,6,0,11,64,103,160,181,160,168,158,142,101,58,53,26,50,28
0,0,7,14,9,13,4,7,0,52,85,128,186,237,191,206,225,181,122,67,33,10,0,9
3,0,0,6,2,7,0,0,6,57,104,149,194,186,170,178,190,153,116,60,31,0,0,0
0,0,0,6,0,0,0,0,3,59,109,125,134,149,160,152,137,129,119,100,14,4,0,0
0,0,0,0,0,0,0,0,0,39,70,106,123,138,143,134,133,124,111,73,34,0,4,6
0,0,0,0,0,0,0,0,0,43,55,76,111,128,136,118,119,122,96,55,18,7,9,0
3,2,7,0,2,0,0,0,6,26,57,64,93,87,79,85,82,86,93,56,14,7,10,0
1,9,12,9,12,13,13,13,21,42,65,70,68,88,90,96,94,76,65,69,36,12,13,11
0,0,9,0,4,7,9,18,12,67,102,106,82,77,82,115,116,96,88,108,50,13,11,9
0,0,9,0,4,0,9,12,48,78,103,110,108,122,149,144,135,120,130,117,75,30,9,10
0,0,4,0,2,0,3,19,58,75,123,130,112,140,154,165,140,143,133,107,75,22,5,11
0,0,7,0,8,7,6,36,63,113,131,129,110,104,94,116,140,143,120,107,54,24,21,18
0,6,9,0,3,13,12,34,60,110,139,132,116,101,72,113,145,149,114,106,58,15,9,10
0,0,0,2,12,7,0,61,101,110,126,134,118,107,100,116,142,147,126,109,73,12,9,6
0,0,1,1,7,7,4,0,100,106,114,122,128,105,103,122,137,129,118,100,14,9,4,12
7,10,8,8,8,2,5,7,102,103,110,116,114,107,101,118,127,122,108,66,32,14,23,7
1,6,0,7,9,7,12,9,43,104,111,114,110,87,102,114,117,106,100,54,30,14,12,13
1,12,7,0,7,6,21,45,61,102,118,125,82,64,94,113,119,107,82,14,11,8,10,11
8,9,0,8,3,7,36,66,68,104,243,140,67,67,85,124,150,110,50,33,14,12,1,9
11,3,0,10,0,12,47,52,61,104,169,109,61,58,64,112,187,73,49,26,14,4,12,12
12,9,9,7,12,13,29,38,46,57,66,56,41,38,44,54,63,51,15,12,12,11,1,1
1,0,2,5,3,9,10,13,13,64,90,53,30,12,21,40,60,58,40,30,19,14,2,6
7,1,1,0,3,1,11,23,50,57,58,53,46,23,8,14,64,58,32,14,11,0,0,0
2,1,0,0,4,2,12,24,49,51,54,53,50,17,19,45,51,53,23,12,13,9,4,3
0,3,0,0,3,0,9,11,14,41,42,33,29,12,14,32,59,57,40,13,8,10,12,13
0,0,0,0,0,0,6,9,12,12,13,14,14,10,12,20,40,39,13,12,3,0,10,3
0,0,0,6,0,0,4,6,5,10,22,14,11,12,5,10,43,39,8,10,9,3,6,2
0,1,4,1,0,2,5,5,12,13,17,13,8,10,12,12,14,10,9,10,13,0,4,8
0,0,0,0,0,0,0,4,12,14,13,15,13,8,13,14,14,6,4,9,2,1,7,3
0,0,0,0,0,0,6,7,10,22,19,28,13,5,14,24,32,18,12,2,6,8,1,1
0,5,2,0,0,0,8,13,25,25,42,48,13,11,13,50,38,22,9,10,5,0,6,2
6,6,0,0,5,8,13,14,21,36,51,50,14,13,13,38,55,26,11,7,0,4,6,9
6,7,0,6,7,5,6,12,28,52,60,52,31,23,26,54,55,52,10,11,4,12,8,4
5,0,5,9,8,1,7,12,13,29,17,9,12,12,16,26,53,50,24,13,12,3,9,5

8,9,0,0,0,11,11,12,11,10,1,0,0,3,1,0,2,5,8,13,29,30,10,6
10,2,2,4,4,21,52,35,41,13,9,0,0,5,6,0,5,6,11,47,61,93,12,7
5,7,13,11,12,88,117,113,63,56,13,1,7,12,3,1,18,11,21,55,80,98,14,12
10,8,14,13,20,67,106,106,61,57,43,6,8,7,5,0,12,28,43,38,73,112,65,11
2,5,24,41,56,105,112,70,61,52,11,11,37,14,42,14,22,12,34,38,55,91,106,14
15,14,40,52,82,128,109,58,55,52,58,66,77,63,66,63,67,58,52,47,36,77,112,84
11,13,49,60,125,133,88,61,56,52,68,94,100,93,72,75,74,81,63,38,52,52,111,92
12,11,46,82,137,113,75,6,9,58,55,89,97,96,72,85,86,81,64,53,13,36,78,118
12,47,58,144,145,111,73,67,75,81,80,83,95,100,111,124,120,100,72,78,53,69,66,125
13,35,54,132,108,75,57,44,14,29,54,103,126,135,121,117,140,116,77,69,70,59,65,80
5,5,14,27,13,34,1,6,0,12,66,111,166,181,154,166,164,148,109,58,53,25,49,22
0,0,7,13,9,12,4,8,0,54,92,138,202,233,180,194,228,198,131,72,36,9,1,10
2,0,0,6,0,7,0,2,24,62,106,163,196,174,161,168,179,157,126,68,40,0,0,0
0,0,0,5,0,0,0,3,10,66,111,129,134,147,156,150,135,128,121,102,28,6,0,0
0,0,0,0,0,0,0,0,0,50,73,108,124,137,142,134,132,123,111,75,44,0,4,6
0,0,0,0,0,0,0,0,0,45,56,77,112,127,136,117,118,121,94,54,18,7,9,0
3,2,7,0,2,0,0,0,6,22,58,64,94,87,79,85,81,85,90,53,13,7,10,0
1,9,13,9,12,13,12,14,20,42,63,68,68,88,89,95,92,73,61,65,34,11,12,11
0,0,9,0,3,7,8,17,11,66,102,105,81,77,82,114,114,92,84,107,48,12,11,8
0,0,9,0,4,0,9,12,45,77,102,109,107,121,148,142,133,118,128,115,73,24,9,10
0,0,4,0,2,0,3,14,57,74,122,129,111,138,152,162,138,141,131,105,71,19,5,11
0,0,7,0,8,7,6,36,64,113,131,128,109,103,93,115,138,141,118,106,51,24,21,18
0,6,9,0,3,13,12,34,60,110,139,132,115,101,69,112,144,149,113,106,53,14,9,10
0,0,0,2,12,6,0,62,101,110,126,134,118,106,101,116,142,147,126,109,70,12,9,5
0,0,1,1,6,7,3,0,100,106,114,122,128,105,102,122,136,129,117,100,14,8,4,11
7,10,8,8,8,2,5,8,102,103,110,116,114,107,101,118,127,121,108,63,32,14,22,7
1,5,0,7,10,7,12,9,43,104,111,114,110,86,102,114,117,106,100,54,29,14,12,13
1,12,7,0,7,6,24,46,62,102,118,125,82,63,94,113,119,107,82,14,11,8,10,11
8,9,0,8,3,7,37,66,69,104,245,140,67,67,86,124,151,110,50,33,14,11,1,9
11,3,0,10,0,12,46,52,61,104,169,108,61,58,64,112,190,73,49,27,14,4,12,12
12,9,9,7,12,13,29,38,46,57,66,56,41,38,44,54,63,51,15,12,12,11,1,1
1,0,2,5,3,9,10,13,13,64,91,53,29,13,23,41,60,59,40,30,20,14,2,6
7,1,1,0,3,2,11,23,50,57,58,53,45,25,8,14,64,59,32,14,11,0,0,0
2,1,0,0,4,2,12,25,50,51,54,53,50,18,18,46,51,53,25,13,13,9,4,3
0,3,0,0,3,0,9,11,14,41,42,31,29,12,14,32,59,57,41,13,9,10,12,13
0,0,0,0,0,0,6,9,12,12,13,14,14,10,12,21,39,40,13,12,4,0,10,3
0,0,0,6,0,0,4,7,5,10,22,14,11,12,5,10,45,38,8,10,9,3,6,2
0,1,4,1,0,2,5,5,12,13,17,13,8,10,12,12,14,10,9,10,13,0,4,8
0,0,0,0,0,0,0,4,12,14,13,15,13,8,13,14,14,7,4,9,2,2,7,3
0,0,0,0,0,0,6,7,10,22,19,28,14,5,14,27,33,18,12,2,6,8,2,1
0,5,2,0,0,0,8,13,25,25,43,47,13,11,13,50,39,24,9,10,5,0,6,2
6,6,0,0,5,8,13,14,21,37,52,50,14,13,13,38,55,29,11,7,0,5,6,9
7,7,0,6,7,5,6,12,27,52,59,52,32,23,27,54,55,52,10,11,4,12,8,4
5,0,5,9,9,1,7,12,13,29,18,10,12,12,16,27,53,50,24,13,12,3,9,5

8,9,0,0,0,11,11,13,12,10,0,0,0,3,1,0,2,5,8,13,31,36,10,6
10,2,2,4,4,24,52,33,27,12,9,0,0,5,5,0,4,6,12,45,61,95,12,7
5,7,13,11,12,93,119,114,63,56,13,1,7,12,3,0,17,11,24,55,79,100,14,13
10,8,14,13,22,69,106,105,61,58,44,6,8,8,6,0,12,29,43,38,70,112,66,11
2,5,25,45,58,106,111,68,61,53,12,12,51,28,53,35,30,13,34,38,54,90,107,14
15,14,41,52,85,130,106,58,55,53,59,69,80,65,69,64,69,61,53,47,36,77,112,84
11,13,50,61,128,134,86,61,56,53,71,95,102,95,74,76,75,83,66,46,52,52,111,92
12,11,46,83,137,113,75,7,9,59,57,92,99,97,74,87,88,84,66,54,13,37,78,119
12,46,58,145,143,111,74,68,76,82,81,85,97,102,112,125,122,102,75,80,54,70,67,125
13,36,54,132,105,75,57,44,14,41,56,105,128,137,122,118,142,118,78,70,70,59,65,80
5,5,15,27,13,34,1,6,0,12,67,113,169,182,154,166,166,149,109,58,53,25,50,23
0,0,7,13,9,12,4,8,0,55,93,139,199,230,178,191,228,199,131,71,36,9,2,10
2,0,0,6,0,7,0,3,26,62,107,163,195,171,156,164,177,156,125,68,39,0,0,0
0,0,0,5,0,0,0,3,10,65,112,128,134,145,153,148,133,127,121,101,25,6,0,0
0,0,0,0,0,0,0,0,0,50,72,107,123,136,141,132,130,122,110,74,39,0,4,6
0,0,0,0,0,0,0,0,0,43,56,77,111,126,134,115,116,120,92,53,14,7,9,0
3,1,7,0,2,0,0,0,6,21,57,64,93,86,78,83,79,82,87,53,13,7,10,0
1,9,13,9,12,13,12,14,21,42,63,66,67,86,86,93,89,71,60,64,33,11,12,11
0,0,9,0,3,7,8,16,11,66,102,105,80,76,81,113,112,90,83,107,47,12,11,8
0,0,9,0,4,0,9,12,47,77,102,109,107,120,147,141,132,118,128,115,72,22,8,9
0,0,4,0,2,0,3,15,58,75,122,128,111,138,151,161,138,140,130,105,69,18,5,11
0,0,7,0,8,7,6,36,64,113,131,128,109,103,93,114,137,141,117,105,51,23,20,18
0,6,9,0,3,13,12,34,60,110,138,131,115,101,70,112,144,148,113,106,52,14,9,10
0,0,0,2,12,6,0,62,101,110,126,134,119,106,101,116,142,147,125,109,70,12,9,5
0,0,1,1,6,7,3,0,100,106,114,122,128,105,102,122,136,129,117,98,14,8,3,11
7,10,9,8,8,2,5,8,102,103,110,117,115,107,101,118,127,121,108,63,32,14,22,7
1,5,0,7,10,7,12,9,43,104,111,114,110,87,102,114,117,106,100,54,28,14,12,13
1,12,7,0,7,6,24,46,62,102,118,125,82,63,94,113,119,107,81,14,11,8,10,11
8,9,0,8,3,7,39,66,68,104,247,140,67,67,85,125,152,110,50,33,14,11,1,9
11,3,0,10,0,12,47,52,61,104,170,109,61,58,64,113,191,73,49,27,14,4,12,12
12,9,9,7,12,13,29,38,46,57,66,56,42,39,44,54,64,51,15,12,12,11,1,1
1,0,2,5,3,9,10,13,13,65,91,53,31,13,22,42,60,58,40,30,20,14,2,6
7,1,1,0,3,2,11,23,50,57,58,53,49,23,9,14,64,58,33,14,11,0,0,0
2,1,0,0,4,2,12,26,50,51,54,53,50,17,20,47,51,53,25,13,13,9,4,4
0,3,0,0,3,0,9,11,15,41,43,33,29,12,14,33,59,57,42,13,9,10,12,13
0,0,0,0,0,0,6,9,13,12,13,14,14,10,12,21,40,40,13,12,4,0,10,4
0,0,0,6,0,0,4,7,5,11,24,14,11,12,5,10,44,39,9,10,9,3,6,2
0,1,4,1,0,2,5,5,12,13,18,13,8,11,12,12,14,11,10,10,13,0,4,8
0,0,0,0,0,0,0,4,12,14,14,16,13,8,13,14,17,7,4,9,2,1,7,3
0,0,0,0,0,0,6,7,10,22,20,29,14,5,14,28,34,19,12,2,7,8,2,1
0,5,2,0,0,0,8,13,25,25,44,48,13,11,13,50,39,27,9,10,5,0,6,2
6,6,0,0,5,8,13,14,24,39,52,50,14,13,14,38,55,28,11,7,0,5,6,9
7,7,0,6,7,5,7,12,28,52,60,53,33,24,27,54,55,52,9,11,5,12,8,4
5,0,5,9,9,1,7,12,14,30,19,10,12,12,16,29,54,50,24,13,12,3,9,5

8,9,0,0,0,11,13,14,12,10,1,0,0,3,1,0,2,5,8,13,35,39,10,7
10,2,2,4,4,24,52,33,42,13,9,0,0,5,5,0,4,6,12,47,62,95,12,7
5,7,13,11,12,95,121,114,63,57,13,1,7,12,2,0,17,11,25,55,79,100,14,13
10,8,14,13,22,70,106,105,61,58,45,6,8,8,6,0,12,29,43,39,70,112,66,11
2,5,26,46,58,107,110,67,60,53,13,13,55,39,55,49,34,13,34,39,54,90,107,14
15,14,41,52,85,130,105,58,56,54,60,72,81,65,70,65,70,63,54,48,36,76,113,85
11,13,50,61,129,137,87,61,57,54,73,98,104,96,74,77,77,86,69,50,52,52,111,93
12,11,47,83,138,114,75,7,10,59,58,95,101,98,74,87,91,87,68,54,13,38,78,119
12,45,58,144,142,112,74,68,76,83,82,88,99,102,113,126,123,104,76,81,54,70,67,125
12,35,54,130,103,74,57,43,14,43,57,106,130,137,122,118,142,119,79,70,70,59,65,80
5,4,15,26,13,33,1,6,0,12,68,116,171,182,153,166,167,151,112,59,53,27,50,22
0,0,6,12,9,12,3,8,0,56,96,142,201,227,176,189,226,203,134,72,36,9,2,11
2,0,0,6,0,7,0,4,28,64,107,166,193,169,156,163,173,154,128,70,40,0,0,0
0,0,0,5,0,0,0,4,11,66,112,128,134,145,154,148,133,126,121,102,27,6,0,0
0,0,0,0,0,0,0,0,0,50,72,108,124,136,141,132,130,122,110,74,41,0,4,6
0,0,0,0,0,0,0,0,0,43,56,77,111,126,134,115,116,119,92,53,14,7,9,0
3,2,7,0,1,0,0,0,6,21,57,64,93,86,78,83,79,82,87,52,12,7,10,0
1,9,13,9,12,13,12,14,21,41,62,65,67,86,86,93,88,70,58,63,32,10,12,11
0,0,9,0,3,7,8,16,11,66,101,104,79,76,81,112,111,88,81,106,47,12,11,8
0,0,9,0,4,0,9,12,45,77,102,108,106,120,146,141,131,117,127,115,71,20,8,9
0,0,4,0,2,0,3,14,57,74,122,128,111,137,150,159,137,139,129,104,66,17,4,11
0,0,7,0,8,7,6,35,64,113,131,128,109,103,92,113,136,140,116,104,49,23,19,18
0,6,9,0,3,13,12,34,60,110,138,131,115,101,69,112,143,148,112,105,51,14,9,10
0,0,0,2,12,6,0,62,101,110,126,134,118,106,101,116,141,146,125,109,68,12,9,5
0,0,1,1,6,7,3,0,100,106,114,122,128,105,103,122,136,129,117,98,14,8,3,11
7,10,8,8,8,2,5,8,102,104,110,117,115,107,101,118,127,121,108,61,32,14,21,7
1,6,0,7,10,7,12,9,44,104,111,114,110,87,102,114,117,106,100,54,29,14,12,13
1,12,7,0,7,6,22,46,62,102,118,125,82,63,94,113,119,107,81,14,11,8,10,11
8,9,0,8,3,7,37,67,68,104,248,140,66,67,86,125,152,110,50,33,14,11,0,9
11,3,0,10,0,12,47,52,61,104,170,108,61,58,64,113,191,73,49,27,14,4,12,12
12,9,9,7,12,13,29,38,47,57,66,56,42,38,44,54,63,51,15,12,12,11,1,1
1,0,2,5,4,9,10,13,13,65,91,53,29,13,25,42,60,58,40,30,20,14,2,6
7,1,1,0,3,2,11,24,50,57,58,53,48,24,9,14,64,59,32,14,11,0,0,0
2,1,0,0,4,2,12,26,50,51,54,53,50,17,21,47,51,53,25,13,13,9,4,3
0,3,0,0,3,0,9,11,15,43,43,33,30,12,14,33,59,57,41,14,9,10,12,13
0,0,0,0,0,0,6,10,12,12,13,14,14,10,12,22,40,42,13,12,4,0,10,4
0,0,0,6,0,0,4,7,5,10,23,14,11,12,5,10,45,40,9,10,9,3,6,2
0,1,4,1,0,2,5,5,12,13,17,13,8,11,12,12,14,11,10,10,13,0,4,8
0,0,0,0,0,0,0,4,12,14,14,16,13,8,13,14,16,7,4,9,2,2,7,3
0,0,0,0,0,0,6,7,10,23,20,29,14,5,14,28,34,20,12,2,6,8,2,1
0,5,2,0,0,0,8,13,25,26,44,50,13,11,14,51,39,28,9,10,5,0,6,2
6,6,0,0,5,8,13,14,21,39,52,50,14,13,14,38,55,28,10,7,0,5,6,9
7,7,0,6,7,5,6,12,29,52,60,53,32,24,28,54,55,53,9,12,5,12,8,4
5,0,5,9,9,1,7,12,13,30,18,10,12,12,17,28,54,50,24,13,12,3,9,5

8,9,0,0,0,11,13,14,12,10,1,0,0,3,1,0,2,5,9,14,35,39,10,7
10,2,2,4,4,25,52,34,42,13,10,0,0,5,6,0,4,6,12,47,62,95,12,7
5,7,13,11,12,95,121,114,63,57,13,1,8,12,2,0,18,11,28,56,79,100,14,13
10,8,14,13,23,70,106,105,61,58,46,6,8,8,6,0,12,29,43,40,70,112,66,11
3,5,26,46,58,107,110,67,60,53,13,13,54,36,55,45,32,13,34,39,54,90,107,14
15,14,41,52,85,129,105,58,56,54,60,70,80,65,69,64,69,61,53,47,36,76,113,84
11,13,50,61,128,135,87,61,57,54,72,95,102,95,74,77,75,83,68,50,52,52,111,93
12,11,47,84,138,114,75,7,10,59,58,92,99,97,75,88,90,85,68,55,13,39,79,119
12,46,58,145,142,112,74,68,77,83,83,87,99,103,114,127,124,104,77,82,55,70,67,125
12,35,54,132,104,75,57,45,14,50,57,107,133,141,124,120,145,121,80,71,71,59,66,81
5,4,15,27,13,35,1,7,0,13,69,117,174,188,158,170,170,152,112,59,53,26,50,23
0,0,7,12,9,12,4,8,0,56,95,140,198,233,180,192,229,201,133,72,36,9,2,11
2,0,0,6,0,7,0,5,30,63,107,162,197,173,156,162,176,156,126,69,40,0,0,0
0,0,0,5,0,0,0,5,11,67,112,129,134,144,153,147,133,126,120,101,25,6,0,0
0,0,0,0,0,0,0,0,0,50,73,108,124,136,141,132,130,121,110,74,40,0,4,6
0,0,0,0,0,0,0,0,0,45,56,77,111,126,134,115,115,119,92,52,14,7,9,0
3,1,6,0,1,0,0,0,6,22,58,64,93,86,78,83,79,81,86,52,12,7,10,0
1,9,13,9,11,13,12,14,21,42,62,66,67,86,86,92,88,69,59,63,32,10,12,11
0,0,9,0,3,7,8,17,12,67,102,105,79,76,81,112,111,89,82,107,46,12,11,8
0,0,9,0,4,0,9,12,48,78,102,109,107,120,146,141,132,117,127,114,70,21,8,9
0,0,4,0,2,0,3,15,58,75,122,128,111,137,150,159,137,139,129,104,65,17,4,11
0,0,7,0,8,7,6,35,64,114,131,128,109,103,92,113,136,140,115,104,48,23,19,18
0,6,9,0,3,13,12,34,60,110,138,131,115,101,70,112,143,148,111,105,50,14,9,10
0,0,0,2,12,6,0,62,101,110,126,134,118,106,101,116,141,146,125,108,67,12,9,5
0,0,1,1,6,7,4,0,100,106,114,122,128,105,103,122,136,128,117,96,14,8,3,11
7,10,8,8,8,2,5,8,102,104,110,117,115,107,101,118,126,121,108,59,31,14,21,7
1,5,0,7,10,7,12,9,46,104,111,114,110,86,102,114,117,106,100,53,28,14,12,13
1,12,7,0,7,6,22,46,62,102,118,125,82,63,94,113,119,107,81,14,11,8,10,11
8,9,0,8,3,7,37,67,69,105,249,141,67,67,86,125,153,110,50,32,14,11,0,9
11,3,0,10,0,12,47,52,61,104,168,107,61,58,64,113,188,73,49,27,14,4,12,12
12,9,9,7,12,13,29,38,47,57,66,56,42,38,44,54,63,51,15,12,12,11,1,1
1,0,2,5,3,9,10,13,13,66,91,53,29,13,23,41,60,59,40,30,20,14,2,6
7,1,1,0,3,2,11,23,50,57,58,53,48,25,9,14,64,59,32,14,11,0,0,0
2,1,0,0,4,2,12,26,50,51,54,53,50,17,21,46,51,53,25,13,13,9,4,3
0,3,0,0,4,0,9,11,15,42,43,33,29,12,15,32,59,57,43,14,9,10,12,13
0,0,0,0,0,0,6,10,13,12,13,14,14,10,12,21,39,40,13,12,4,0,10,4
0,0,0,6,0,0,4,7,5,11,22,14,11,12,6,10,44,39,9,10,9,3,6,2
0,1,4,1,0,2,5,5,12,13,17,13,8,11,12,12,14,11,10,10,13,0,4,8
0,0,0,0,0,0,0,4,12,14,14,16,13,8,13,14,17,7,4,9,2,2,7,3
0,0,0,0,0,0,6,7,10,23,20,28,14,5,14,30,36,19,12,2,7,8,2,1
0,5,2,0,0,0,8,13,25,27,45,50,13,11,14,51,39,28,9,10,5,0,6,2
6,6,0,0,5,8,13,14,22,39,52,50,14,13,14,38,55,30,10,7,0,5,6,9
7,7,0,6,7,5,7,12,29,52,60,53,33,23,27,54,55,53,9,12,5,12,8,4
5,0,5,9,9,1,7,12,13,28,19,10,12,12,17,28,54,50,25,13,12,3,9,5

8,9,0,0,0,11,13,14,12,10,1,0,0,3,2,0,3,6,9,14,36,38,10,7
10,3,2,4,4,25,52,34,42,13,10,0,0,5,6,0,5,6,12,48,62,95,12,8
5,7,13,11,12,95,121,114,63,57,13,1,8,12,2,0,18,11,29,56,79,100,14,13
10,8,14,13,24,71,106,105,61,59,48,7,8,8,7,0,12,30,44,40,70,112,67,11
3,5,27,46,59,107,110,67,60,53,13,13,56,45,57,51,38,14,35,39,54,90,107,14
16,14,41,52,86,130,105,58,56,54,59,70,80,66,70,65,69,61,53,48,36,76,113,85
11,13,50,61,129,136,87,61,57,54,72,95,102,96,74,77,75,82,68,50,52,52,111,93
12,12,48,84,138,115,76,8,10,59,58,92,98,98,75,88,91,85,68,55,14,39,80,120
12,47,59,146,143,112,74,69,77,84,83,86,99,104,115,127,124,103,77,82,55,70,67,125
13,35,54,133,104,75,58,46,14,50,57,107,133,142,125,121,145,121,80,72,71,59,66,81
5,4,15,27,13,36,1,7,0,13,69,116,175,190,161,171,170,152,111,59,53,28,50,22
0,0,7,13,9,12,4,8,0,55,94,137,195,236,182,193,229,198,131,72,35,9,2,11
2,0,0,6,0,8,0,5,29,63,106,158,197,175,155,161,176,156,125,68,39,0,0,0
0,0,0,5,0,0,0,5,11,66,111,128,134,143,151,147,132,126,120,101,23,6,0,0
0,0,0,0,0,0,0,0,0,50,72,107,123,135,140,131,129,121,110,73,38,0,4,6
0,0,0,0,0,0,0,0,0,43,56,77,111,126,133,114,114,118,91,52,14,7,9,0
3,1,6,0,1,0,0,0,6,22,57,64,92,85,77,82,78,81,86,52,12,7,10,0
1,9,13,9,12,13,12,14,21,42,62,66,67,86,85,91,87,69,60,64,33,11,12,11
0,0,9,0,3,7,8,17,12,67,102,105,79,75,81,112,111,89,82,107,46,12,11,8
0,0,9,0,4,0,9,12,50,79,102,109,107,120,146,141,132,117,127,115,70,21,8,9
0,0,4,0,2,0,3,17,58,75,122,128,111,137,150,160,137,139,130,104,65,18,4,11
0,0,7,0,8,7,6,36,65,114,131,128,109,103,92,113,136,140,115,104,49,23,19,18
0,6,9,0,3,13,12,34,60,110,139,131,115,101,70,112,144,148,111,105,50,14,9,10
0,0,0,2,12,6,0,62,101,110,126,134,118,106,101,116,141,146,125,108,68,12,9,5
0,0,1,1,6,7,4,0,100,106,114,122,128,105,103,122,136,128,117,96,14,8,3,11
7,10,8,8,8,2,5,8,102,104,110,117,115,107,101,118,126,121,108,60,32,14,21,7
0,6,0,7,10,6,12,10,47,104,111,114,110,87,102,114,117,106,100,55,29,14,12,13
1,12,7,0,7,6,24,46,62,102,118,125,82,63,94,113,119,107,81,14,11,8,10,11
8,9,0,8,3,7,37,67,69,105,249,140,66,67,86,125,153,110,50,32,14,11,0,9
11,3,0,10,0,12,47,52,61,104,168,107,61,58,64,113,188,73,49,27,14,4,12,12
12,9,9,7,12,13,29,38,47,57,66,56,41,38,44,54,63,51,15,12,12,11,1,1
1,0,2,5,4,9,10,13,13,66,91,53,31,13,25,42,60,59,40,30,20,14,2,6
7,1,1,0,4,2,11,24,50,57,58,53,49,25,9,14,64,59,33,14,11,0,0,0
2,1,0,0,4,2,12,26,50,51,54,53,50,17,20,47,51,53,25,13,13,9,4,3
0,3,0,0,4,0,9,11,15,42,43,33,30,12,15,33,59,57,42,13,9,10,12,13
0,0,0,0,0,0,6,10,13,12,13,14,14,10,12,21,40,40,13,12,4,0,10,4
0,0,0,6,0,0,4,7,5,10,23,14,11,12,5,10,44,38,9,10,9,3,6,2
0,1,4,1,0,2,6,5,12,13,17,13,8,11,12,12,14,10,10,10,13,0,4,8
0,0,0,0,0,0,0,4,12,14,14,17,13,8,13,14,17,7,4,9,2,2,7,3
0,0,0,0,0,0,6,7,10,23,20,29,14,5,14,31,36,20,12,2,7,8,2,1
0,5,2,0,0,0,8,13,25,27,45,50,13,11,13,51,40,28,9,10,5,0,6,2
6,6,0,0,5,8,13,14,24,38,52,50,14,13,14,38,55,28,10,7,0,5,6,9
6,7,0,6,7,5,7,12,29,52,60,53,35,23,27,54,55,52,9,12,5,12,8,4
5,0,5,9,8,1,7,12,13,29,20,10,12,12,17,30,54,50,24,13,12,3,9,5

8,9,0,0,0,11,13,14,12,10,1,0,0,3,1,0,3,5,9,14,36,39,10,7
10,3,3,4,4,25,52,35,45,13,10,0,0,5,6,0,5,7,12,47,62,96,12,8
5,7,13,12,12,95,121,114,63,57,13,1,8,12,2,0,17,11,31,56,79,100,14,13
10,9,14,13,25,71,106,105,61,59,50,7,8,8,8,0,12,30,44,42,69,113,67,11
3,5,27,47,58,107,109,66,61,54,13,13,57,48,58,52,40,14,35,39,54,90,107,14
17,14,42,52,86,130,105,58,56,55,60,71,81,66,71,65,70,62,54,48,37,76,113,85
11,13,50,61,129,136,87,62,58,55,73,97,103,96,75,77,76,84,69,50,52,52,111,93
12,11,48,84,138,114,75,8,10,60,59,93,100,99,75,88,91,86,68,55,14,39,79,120
12,48,59,146,142,112,74,69,77,84,83,87,100,104,115,127,124,104,77,82,55,71,67,125
13,35,54,133,104,75,58,46,14,50,58,107,133,141,124,120,144,121,80,72,71,59,66,81
5,4,15,27,13,35,1,7,0,14,69,117,174,187,159,170,169,153,112,59,53,27,50,22
0,0,7,13,9,12,4,8,0,56,95,141,199,233,181,192,228,202,134,73,36,9,2,11
2,0,0,6,0,7,0,5,31,64,107,164,197,174,157,163,175,155,127,69,40,0,0,0
0,0,0,5,0,0,0,5,12,67,112,129,134,145,153,148,133,126,121,102,27,7,0,0
0,0,0,0,0,0,0,0,0,50,73,108,124,136,141,131,129,121,110,74,42,0,4,6
0,0,0,0,0,0,0,0,0,46,56,77,111,126,134,114,115,119,92,53,14,7,9,0
3,1,6,0,1,0,0,0,6,22,58,64,93,86,77,82,79,81,86,51,12,7,10,0
1,9,13,9,11,13,12,15,21,41,62,66,67,86,86,92,87,68,58,63,32,10,11,11
0,0,9,0,2,7,8,16,12,66,101,104,79,76,81,112,110,87,80,106,45,12,11,8
0,0,9,0,4,0,9,12,47,77,102,109,106,119,146,140,131,116,126,114,69,18,8,9
0,0,3,0,2,0,3,14,58,75,122,128,111,136,149,157,136,138,128,103,63,16,4,11
0,0,7,0,8,7,6,35,64,114,131,127,109,102,91,112,135,139,114,103,48,23,19,18
0,6,9,0,3,13,12,34,60,110,138,131,115,101,68,111,143,147,110,104,49,14,9,10
0,0,0,2,12,6,0,62,101,110,126,134,118,106,101,116,141,146,124,108,65,12,9,5
0,0,1,1,6,7,4,1,100,106,114,122,128,105,103,122,136,128,116,95,14,8,3,11
7,10,8,8,8,2,5,8,102,104,110,117,115,107,101,118,126,121,108,60,31,14,22,7
0,6,0,7,10,6,12,10,47,104,111,114,110,86,102,114,117,106,100,53,28,14,12,13
1,12,7,0,7,6,24,47,62,102,118,125,82,63,94,113,119,107,80,14,11,8,10,11
8,9,0,8,3,7,37,67,69,104,250,141,66,67,86,125,154,110,50,32,14,11,0,9
11,3,0,10,0,12,47,52,61,104,168,107,61,58,64,114,189,73,49,27,14,4,12,12
12,9,9,7,12,13,29,38,47,57,66,56,42,39,44,54,63,51,15,12,12,11,1,1
1,0,2,5,4,10,10,13,13,66,91,53,30,13,25,43,60,58,40,30,20,15,2,6
7,1,1,0,3,2,11,24,50,57,58,53,48,24,9,14,64,58,32,14,11,0,0,0
2,1,0,0,4,2,12,26,50,51,54,53,50,18,21,47,51,53,25,13,13,9,4,4
0,3,0,0,4,0,9,11,15,43,43,33,29,12,15,32,59,57,42,14,9,10,12,13
0,0,0,0,0,0,6,9,13,12,13,15,14,10,12,21,39,39,13,12,4,0,10,4
0,0,0,6,0,0,4,7,5,11,23,14,11,12,6,10,44,39,8,10,9,3,6,2
0,1,4,1,0,2,6,5,12,13,18,13,8,11,12,12,14,10,9,10,13,0,4,8
0,0,0,0,0,0,0,4,12,14,14,16,13,8,13,14,17,7,4,9,2,2,7,3
0,0,0,0,0,0,6,7,10,23,20,29,14,5,14,29,34,19,12,2,7,8,2,1
0,5,2,0,0,0,8,13,25,27,46,48,13,11,14,51,39,28,9,10,5,0,6,2
6,6,0,0,5,8,13,14,24,38,52,50,14,13,14,38,55,28,10,7,0,5,6,9
7,7,0,6,7,5,7,12,29,52,60,53,32,24,27,54,55,52,9,12,5,12,8,4
5,0,5,9,9,1,7,12,14,29,20,10,12,12,18,31,54,50,25,13,12,3,9,5

8,9,0,0,0,11,13,14,12,10,1,0,0,3,2,0,3,6,9,13,34,36,10,7
10,4,3,4,4,23,52,33,42,13,10,0,0,5,6,0,5,7,12,47,62,95,12,8
6,7,13,11,12,94,120,114,63,57,13,2,8,12,3,0,18,11,31,56,79,100,14,13
10,9,14,13,24,70,105,105,61,58,47,7,8,8,7,0,12,30,44,40,69,112,67,11
3,6,25,45,58,106,109,66,61,53,13,13,55,36,55,48,34,13,35,39,53,89,107,14
17,14,41,52,85,128,104,58,56,54,60,70,80,65,69,64,70,62,54,48,37,76,112,85
11,13,50,61,127,134,85,61,57,55,73,96,102,95,74,77,76,84,69,50,52,51,111,93
12,11,49,84,137,114,75,8,10,60,59,93,100,98,75,88,90,86,68,55,14,39,79,119
12,47,59,146,142,112,74,69,77,84,83,87,100,103,114,126,124,104,77,82,55,70,67,124
13,35,54,133,104,75,58,47,14,50,57,107,132,140,123,120,144,121,80,72,71,59,66,81
6,4,15,27,13,35,1,7,0,14,69,118,175,188,159,170,170,154,114,59,53,27,50,22
0,0,7,12,9,12,4,8,0,57,96,143,206,235,182,193,229,207,137,74,36,9,2,10
2,0,0,6,0,6,0,7,33,65,108,168,199,176,161,165,175,157,129,71,42,0,0,0
0,0,0,5,0,0,0,5,12,69,113,130,135,147,156,149,134,128,122,102,32,7,0,0
0,0,0,0,0,0,0,0,0,51,75,110,125,138,142,133,131,123,111,76,47,1,5,6
0,0,0,0,0,0,0,0,0,48,57,79,113,128,136,117,117,120,94,55,18,7,9,0
3,1,6,0,0,0,0,1,7,26,58,65,95,88,79,84,80,82,87,51,12,7,10,0
1,9,13,9,11,12,11,16,22,42,63,67,69,88,88,93,89,69,58,62,31,10,11,11
0,0,9,0,2,7,8,17,12,66,102,105,80,76,82,112,111,88,80,106,45,12,11,8
0,0,9,0,4,0,8,12,50,77,102,109,106,120,146,140,131,116,126,113,69,16,8,9
0,0,3,0,2,0,3,14,58,75,122,128,111,136,149,157,135,137,127,102,62,15,4,10
0,0,7,0,8,7,6,35,65,114,131,128,109,102,91,112,135,138,114,103,47,22,19,18
0,6,9,0,3,13,12,34,61,110,138,131,115,101,69,111,143,147,110,104,49,13,9,10
0,0,0,2,12,6,0,62,101,110,126,134,118,106,101,116,141,145,124,108,65,12,9,5
0,0,1,1,6,7,4,0,100,106,114,122,128,105,102,122,135,128,116,95,14,8,3,11
7,10,8,8,8,2,5,8,102,104,110,116,114,107,101,117,126,121,107,59,31,14,20,7
1,5,0,7,10,6,12,10,47,104,111,114,110,86,102,114,117,106,100,53,28,14,12,13
1,12,7,0,7,6,24,46,62,102,118,125,82,63,94,113,119,107,80,14,11,8,10,11
8,9,0,8,3,7,37,67,69,104,250,141,66,67,86,125,153,110,50,32,14,11,0,9
11,3,0,10,0,12,46,52,61,104,168,107,61,58,64,114,189,73,48,27,14,4,12,12
12,9,9,7,12,13,30,39,46,57,66,56,42,39,44,54,63,51,15,12,12,11,1,1
1,0,2,5,4,9,10,13,13,66,91,53,31,13,25,43,60,58,39,30,20,14,2,6
7,1,1,0,3,2,11,24,50,57,58,53,48,25,9,14,64,58,32,14,11,0,0,0
2,1,0,0,4,2,12,26,50,51,54,53,50,17,20,47,50,53,24,12,13,9,4,3
0,3,0,0,4,0,9,11,15,41,44,33,29,12,14,32,59,57,40,13,8,10,12,13
0,0,0,0,0,0,6,10,13,12,13,14,14,10,12,20,39,38,13,12,4,0,10,3
0,0,0,6,0,0,4,7,5,11,24,14,11,12,5,10,43,38,8,10,9,3,6,2
0,1,4,1,0,2,6,5,12,13,18,13,8,11,12,12,14,11,9,10,13,0,4,8
0,0,0,0,0,0,0,4,12,14,14,16,13,8,13,14,15,7,4,9,2,2,7,3
0,0,0,0,0,0,6,7,10,22,20,29,14,5,14,28,34,19,12,2,6,8,2,1
0,5,2,0,0,0,8,13,25,27,44,48,13,11,13,51,39,26,9,10,5,0,6,2
6,6,0,0,5,8,13,14,22,39,52,50,14,13,14,38,55,28,10,7,0,5,6,9
7,7,0,6,7,5,7,12,29,52,60,53,35,23,28,54,55,52,9,12,5,12,8,4
5,0,5,9,9,1,7,12,13,29,18,10,12,12,17,31,54,50,24,13,12,3,9,5

9,9,0,0,0,11,13,14,12,10,1,0,0,3,2,0,3,6,8,13,34,36,10,7
10,4,3,4,4,24,52,34,42,13,10,0,0,6,6,0,5,6,12,47,62,95,12,7
6,7,13,11,12,93,120,113,63,57,13,1,8,12,3,0,18,11,31,56,79,101,14,13
10,9,14,13,24,70,105,105,61,57,47,7,8,8,7,0,12,29,44,40,69,112,67,11
3,6,26,46,58,106,109,66,60,53,13,13,55,38,55,50,36,14,34,39,53,89,107,14
15,14,42,52,85,128,104,58,56,54,60,70,80,65,69,65,70,63,54,48,36,76,112,85
11,13,50,61,127,134,85,61,58,55,73,96,102,96,74,77,76,85,70,51,52,52,111,93
12,11,50,84,137,114,75,8,10,60,59,93,100,99,75,88,91,87,69,55,14,40,79,119
12,48,59,147,142,112,75,69,78,84,83,87,100,105,115,127,125,105,78,83,55,70,67,124
13,35,54,134,104,75,58,48,14,50,58,107,134,142,125,121,145,122,81,72,72,59,66,81
6,4,15,27,13,37,1,7,0,14,69,119,178,191,161,172,172,154,113,59,53,27,50,22
0,0,7,12,9,12,4,8,0,57,95,141,205,238,182,193,231,205,135,73,36,9,2,10
2,0,0,6,0,6,0,7,31,64,107,165,201,176,158,163,176,159,128,70,41,0,0,0
0,0,0,5,0,0,0,5,12,68,112,130,135,145,154,148,133,127,121,102,28,7,0,0
0,0,0,0,0,0,0,0,0,50,74,109,125,137,141,132,130,122,110,75,45,0,5,6
0,0,0,0,0,0,0,0,0,47,56,78,112,127,135,115,116,119,93,54,17,7,9,0
3,1,6,0,0,0,0,1,7,26,58,65,95,87,78,83,79,81,87,51,12,7,10,0
1,8,13,9,11,12,11,16,22,43,63,67,68,87,86,93,88,69,59,64,32,10,12,11
0,0,9,0,2,7,8,19,13,67,102,105,81,76,81,112,111,88,81,106,46,12,11,8
0,0,9,0,3,0,8,12,51,78,102,109,106,120,146,140,131,116,126,114,69,19,8,9
0,0,3,0,2,0,3,17,58,75,123,129,111,136,149,158,136,138,128,103,63,16,4,11
0,0,7,0,8,7,6,36,65,114,131,128,109,103,92,112,135,139,114,103,47,23,19,17
0,6,9,0,3,13,12,34,61,110,139,132,116,101,69,112,143,147,110,104,50,14,9,10
0,0,0,2,12,6,0,62,101,110,126,134,118,106,101,116,141,145,124,108,67,12,9,5
0,0,1,0,6,7,4,1,100,106,114,122,128,105,102,122,135,128,116,95,14,8,3,11
7,10,8,8,8,2,5,8,102,104,110,117,114,107,101,117,126,121,107,60,31,14,21,7
0,6,0,7,10,6,12,10,48,104,111,114,110,86,102,114,117,106,100,53,28,14,12,13
1,12,7,0,7,6,22,47,62,102,118,125,82,63,94,113,119,107,80,14,11,8,10,11
8,9,0,8,3,7,39,66,69,104,250,140,66,68,85,125,153,110,50,32,14,11,0,9
11,3,0,9,0,12,47,52,61,104,168,107,61,58,64,113,188,72,48,26,14,4,12,12
12,9,9,7,12,13,29,38,47,57,66,56,41,38,44,54,63,51,15,12,12,11,1,1
1,0,2,5,4,9,10,13,13,66,91,53,29,13,25,41,60,58,39,30,20,14,2,6
7,1,1,0,3,1,11,24,50,57,58,53,48,23,9,14,64,58,32,14,11,0,0,0
2,1,0,0,4,2,12,26,50,51,54,53,50,17,19,46,50,53,23,12,13,9,4,3
0,3,0,0,4,0,9,11,15,42,44,33,29,12,14,32,58,57,40,13,8,10,12,13
0,0,0,0,0,0,6,9,13,12,13,14,14,10,12,20,39,38,13,12,4,0,10,3
0,0,0,6,0,0,4,7,5,10,22,14,11,12,5,10,43,37,8,10,9,3,6,2
0,1,4,1,0,2,6,5,12,13,17,13,8,10,12,12,14,10,9,10,13,0,4,8
0,0,0,0,0,0,0,4,12,14,13,16,13,8,13,14,15,7,4,9,2,2,7,3
0,0,0,0,0,0,6,7,10,22,20,27,14,5,14,28,34,19,12,2,6,8,2,1
0,5,2,0,0,0,8,13,25,27,44,47,13,11,13,51,39,26,9,10,5,0,6,2
6,6,0,0,5,8,13,14,22,39,52,50,14,13,14,38,55,27,10,7,0,5,6,9
7,7,0,6,7,5,7,12,29,52,60,53,32,24,27,54,55,52,9,12,5,12,8,4
5,0,5,9,9,1,7,12,13,29,18,10,12,12,17,29,53,50,24,13,12,3,9,5

9,9,0,0,0,11,12,14,12,10,1,0,0,3,2,0,3,6,9,13,35,37,10,7
10,4,3,4,4,23,51,34,42,13,9,0,0,6,6,0,5,7,12,48,62,95,12,8
6,7,13,12,12,94,120,114,63,57,13,2,8,12,3,0,18,11,33,56,79,101,14,13
10,9,14,13,24,69,105,105,61,58,48,7,8,8,7,0,12,30,44,41,69,112,67,11
3,6,27,46,58,106,109,66,60,53,13,13,56,42,56,50,38,14,35,39,53,89,107,14
17,14,41,52,84,128,104,58,56,54,60,70,81,66,70,65,70,63,54,48,36,76,112,85
11,14,50,61,127,134,85,61,58,55,73,96,103,96,75,78,76,85,70,51,53,52,111,93
12,11,49,84,137,114,75,8,10,60,59,93,100,99,76,89,92,87,69,56,14,40,79,119
12,50,59,147,142,113,75,69,78,85,83,88,101,106,116,127,125,105,78,83,55,71,67,124
13,36,54,134,105,75,58,49,14,51,58,107,136,144,125,121,145,122,81,72,72,59,66,81
6,4,15,27,13,37,1,7,0,14,69,119,178,192,162,173,172,154,113,59,53,27,50,22
0,0,7,12,9,12,4,8,0,56,95,141,204,239,182,194,232,204,134,73,36,9,2,11
2,0,0,6,0,6,0,7,31,64,107,164,201,176,157,163,178,160,127,69,40,0,0,0
0,0,0,5,0,0,0,5,12,68,112,129,135,145,153,147,133,127,121,102,27,7,0,0
0,0,0,0,0,0,0,0,0,50,73,108,124,136,141,131,129,122,110,74,42,0,4,6
0,0,0,0,0,0,0,0,0,47,56,78,111,127,134,114,115,119,92,53,16,7,9,0
3,1,6,0,0,0,0,1,7,26,58,64,93,86,78,82,79,81,86,51,12,7,10,0
1,8,12,9,11,12,12,16,23,43,63,67,68,86,86,92,87,69,59,64,33,11,12,11
0,0,9,0,2,7,8,20,13,68,102,105,80,76,81,112,110,88,82,106,46,12,11,8
0,0,9,0,3,0,9,12,52,79,103,109,107,120,146,141,131,116,127,114,70,19,8,9
0,0,3,0,2,0,3,18,58,75,123,129,111,136,150,158,136,138,128,103,63,17,4,11
0,0,7,0,8,7,6,36,65,114,132,129,110,103,92,113,135,139,114,104,48,23,19,18
0,6,9,0,3,13,12,34,62,111,139,132,116,101,70,112,143,147,110,104,50,14,9,10
0,0,0,2,12,6,0,64,101,110,126,134,119,106,101,116,141,145,124,108,65,12,9,5
0,0,1,0,6,7,4,1,100,106,114,122,128,105,103,122,135,128,116,95,14,8,3,11
7,10,8,8,8,2,5,8,102,104,110,117,115,106,101,117,126,121,107,60,31,14,22,7
0,5,0,7,10,6,12,10,48,104,111,114,110,86,102,114,117,106,100,53,28,13,12,13
1,12,7,0,7,6,24,47,62,102,118,125,82,63,94,113,119,107,80,14,11,8,10,11
8,9,0,8,3,7,39,66,69,104,250,141,66,67,85,125,153,110,50,32,14,11,0,9
11,3,0,10,0,12,47,52,61,104,168,107,61,58,64,113,187,72,48,26,14,4,12,12
12,9,9,7,12,13,29,38,47,57,66,56,41,38,44,54,63,51,15,12,12,11,1,1
1,0,2,5,4,9,10,13,13,66,91,53,30,13,23,42,60,58,39,30,20,14,2,6
7,1,1,0,3,2,11,23,50,57,58,53,48,25,8,14,64,58,32,14,11,0,0,0
2,1,0,0,4,2,12,26,50,51,54,53,50,18,18,47,50,53,23,12,13,9,4,3
0,3,0,0,4,0,9,11,15,42,43,32,29,12,14,32,58,57,40,13,8,10,12,13
0,0,0,0,0,0,6,10,13,12,13,14,14,10,12,20,39,38,13,12,4,0,10,3
0,0,0,6,0,0,4,7,5,10,23,14,11,12,5,10,42,36,8,10,9,3,6,2
0,1,4,1,0,2,6,5,12,13,17,13,8,10,12,12,14,10,9,10,13,0,4,8
0,0,0,0,0,0,0,4,12,14,14,16,13,8,13,14,14,7,4,9,2,2,7,3
0,0,0,0,0,0,6,7,10,23,20,27,14,5,14,28,34,19,12,2,6,8,2,1
0,5,2,0,0,0,8,13,25,27,44,50,13,11,13,51,39,26,9,10,5,0,6,2
6,6,0,0,5,8,13,14,24,39,52,50,14,13,14,38,55,28,11,7,0,5,6,9
7,7,0,6,7,5,6,12,30,52,60,53,35,24,27,54,55,52,9,12,5,12,8,4
5,0,5,9,8,1,7,12,13,29,20,10,12,12,18,28,53,50,24,13,12,3,9,5

8,9,0,0,0,11,13,14,12,10,1,0,0,3,2,0,3,6,9,13,35,37,10,7
10,4,3,4,4,23,52,34,43,13,10,0,0,5,6,0,4,7,12,48,62,95,12,8
6,7,13,12,12,92,120,114,63,57,12,2,8,12,3,0,18,11,32,56,79,101,14,13
10,9,14,13,24,70,105,105,61,58,50,7,8,8,7,0,12,30,44,42,69,112,67,11
3,6,27,47,58,106,109,66,60,54,13,13,56,43,57,51,39,14,35,39,53,89,107,14
17,14,42,52,85,128,104,58,56,55,60,70,81,66,70,65,70,63,54,48,37,76,112,85
11,13,50,61,127,134,85,61,58,55,73,96,102,96,74,78,76,84,70,51,52,52,111,93
13,12,49,84,137,114,75,8,11,60,59,93,100,99,76,89,92,87,69,56,14,40,79,119
12,50,59,147,142,112,75,69,78,85,84,87,100,106,116,127,125,105,78,83,55,71,67,124
13,37,54,134,105,75,58,50,14,51,58,107,136,144,126,122,145,122,81,73,72,59,66,81
6,4,15,27,13,36,1,7,0,14,69,119,179,193,163,174,172,153,113,59,53,27,50,22
0,0,7,12,9,12,4,8,0,56,95,141,203,240,183,195,233,203,133,73,36,9,2,11
2,0,0,6,0,6,0,7,31,63,107,163,202,176,156,163,178,161,126,68,40,0,0,0
0,0,0,5,0,0,0,5,12,68,112,129,134,145,153,147,133,127,121,101,26,7,0,0
0,0,0,0,0,0,0,0,0,50,73,108,124,136,140,131,129,121,110,74,42,0,4,6
0,0,0,0,0,0,0,0,0,47,56,77,111,126,134,114,115,119,92,53,16,7,9,0
3,1,6,0,0,0,0,1,7,27,58,64,93,86,77,82,78,81,86,51,12,7,10,0
1,8,13,9,11,12,12,17,23,43,63,67,68,86,85,91,87,69,59,65,33,11,12,11
0,0,9,0,2,7,8,20,13,68,102,105,80,76,81,112,110,88,82,106,46,12,11,8
0,0,9,0,3,0,9,12,52,79,103,109,107,120,146,141,131,116,127,114,70,21,8,9
0,0,3,0,2,0,3,18,58,76,123,129,111,137,150,158,136,138,128,103,64,17,4,11
0,0,7,0,8,7,6,36,65,115,132,129,109,103,92,112,136,139,114,104,48,23,19,18
0,6,9,0,3,13,12,35,62,111,139,132,116,101,69,112,143,147,110,104,50,14,9,10
0,0,0,2,12,6,0,63,101,110,127,134,118,106,101,116,141,145,124,108,67,12,9,5
0,0,1,0,6,7,4,1,100,106,114,122,128,105,103,122,135,128,116,95,14,8,3,11
7,10,8,8,8,2,6,8,102,104,110,117,114,107,101,117,126,120,108,61,32,14,21,7
0,5,0,7,10,6,12,10,50,104,111,114,110,86,102,114,116,106,100,53,27,14,12,13
1,12,7,0,7,6,24,47,63,102,118,125,82,63,94,113,119,107,80,14,11,8,10,11
8,9,0,8,3,7,39,66,69,104,250,141,66,67,86,125,153,110,50,32,14,11,0,9
11,3,0,10,0,12,47,52,61,104,168,107,61,58,64,113,187,72,49,26,14,4,12,12
12,9,9,7,12,13,28,38,47,57,66,56,41,38,44,54,63,51,14,12,12,11,1,1
1,0,2,5,3,9,10,13,13,66,91,53,30,13,22,42,60,58,40,30,20,14,2,6
7,1,1,0,3,2,11,23,50,57,58,53,49,25,9,14,64,58,32,14,11,0,0,0
2,1,0,0,4,2,12,26,50,52,54,53,50,18,19,47,51,53,23,12,13,9,4,3
0,3,0,0,4,0,9,11,15,41,43,33,29,12,14,32,58,56,40,13,8,10,12,13
0,0,0,0,0,0,6,10,13,12,13,14,14,10,12,20,39,39,13,12,4,0,10,4
0,0,0,6,0,0,4,7,5,10,23,14,11,12,5,10,44,36,8,10,9,3,6,2
0,1,4,1,0,2,6,5,12,13,17,13,8,10,12,12,14,10,9,10,13,0,4,8
0,0,0,0,0,0,0,4,12,14,13,16,13,8,13,14,14,7,4,9,2,2,7,3
0,0,0,0,0,0,6,7,10,22,20,27,14,5,14,29,34,19,12,2,6,8,2,1
0,5,2,0,0,0,8,13,25,27,44,48,13,11,13,50,39,26,9,10,5,0,6,2
6,6,0,0,5,8,13,14,24,38,52,50,14,13,14,38,55,28,12,7,0,5,6,9
7,7,0,6,7,5,6,12,29,52,60,53,33,23,28,54,55,52,11,11,4,12,8,4
5,0,5,9,8,1,7,12,14,29,18,10,12,12,17,30,54,49,24,13,12,3,9,5

9,9,0,0,0,11,12,14,12,10,1,0,0,3,2,0,3,6,9,13,34,37,10,7
10,4,3,5,4,23,51,34,43,13,10,0,0,5,6,0,5,7,12,50,62,95,12,8
6,7,13,12,12,92,120,114,63,57,13,2,8,12,3,0,18,11,32,56,79,101,14,13
10,9,14,13,24,69,105,105,61,58,50,7,8,8,8,0,12,30,44,42,69,112,67,11
3,6,28,47,58,106,109,66,60,54,13,13,57,44,57,51,39,14,35,39,53,89,107,14
17,14,42,52,84,128,104,58,56,55,60,71,80,66,70,65,70,63,54,48,36,76,112,85
11,14,50,61,127,134,85,61,58,55,73,96,102,96,74,78,76,84,70,51,52,52,111,93
13,11,50,84,137,114,75,8,11,60,59,93,100,99,76,89,91,87,69,56,14,40,79,120
12,48,59,147,142,113,75,69,78,85,83,87,100,105,115,127,124,104,78,83,55,71,67,124
13,35,55,134,105,75,58,50,14,51,58,107,134,143,125,121,145,121,81,72,72,59,66,81
6,4,15,28,13,36,1,7,0,15,69,118,177,192,164,175,172,154,113,59,53,27,50,22
0,0,7,12,9,12,4,8,0,57,95,141,204,241,185,198,233,204,134,73,36,9,2,11
2,0,0,6,0,6,0,7,32,64,107,165,202,178,160,165,178,160,127,69,40,0,0,0
0,0,0,5,0,0,0,6,12,69,112,130,135,146,155,148,134,128,121,102,28,7,0,0
0,0,0,0,0,0,0,0,0,51,74,109,125,137,141,132,130,122,110,75,45,1,5,6
0,0,0,0,0,0,0,0,0,50,56,78,112,127,135,115,116,119,93,54,17,7,9,0
3,1,6,0,0,0,0,1,7,26,58,65,95,87,78,83,79,81,87,51,12,7,10,0
1,8,13,9,11,12,12,17,23,43,63,68,68,87,86,93,88,69,59,64,32,11,12,11
0,0,9,0,2,7,8,20,13,67,102,105,81,76,81,112,110,88,81,106,45,12,11,8
0,0,9,0,3,0,9,12,52,79,102,109,107,120,146,140,131,116,126,114,69,19,8,9
0,0,3,0,2,0,3,17,58,75,123,129,111,136,149,157,136,137,127,102,62,16,4,11
0,0,7,0,8,7,6,36,65,115,132,128,110,103,91,112,135,138,113,103,47,23,19,18
0,6,9,0,3,13,12,34,61,111,139,132,116,101,70,111,143,147,110,104,49,13,9,10
0,0,0,2,12,6,0,64,101,110,127,134,118,106,101,116,141,145,124,108,65,12,9,5
0,0,1,0,6,7,4,1,100,106,114,122,128,105,102,122,135,127,116,95,14,8,3,11
7,10,8,8,8,2,6,8,102,104,110,117,115,106,101,117,126,120,107,60,31,14,21,7
0,5,0,7,10,6,12,10,48,104,111,114,110,86,102,114,116,106,100,53,27,13,12,13
1,12,7,0,7,6,24,47,62,102,118,125,82,63,94,113,119,107,80,14,11,8,10,11
8,9,0,8,3,7,39,66,69,104,251,141,67,67,85,125,153,110,50,32,14,11,0,9
11,3,0,9,0,12,47,52,61,104,167,107,62,58,64,114,188,72,49,26,14,4,12,12
12,9,9,7,12,13,29,38,47,57,66,55,41,38,44,54,63,51,14,12,12,11,1,1
1,0,2,5,4,9,10,13,13,66,91,53,29,13,25,43,60,58,40,30,20,14,2,6
7,1,1,0,3,2,11,24,50,57,58,53,48,24,9,14,64,58,32,14,11,0,0,0
2,1,0,0,4,2,12,26,50,51,54,54,50,18,19,47,51,53,24,12,13,9,4,3
0,3,0,0,4,0,9,11,15,43,43,33,29,12,14,32,58,56,40,13,8,10,12,13
0,0,0,0,0,0,6,10,13,12,13,14,14,10,12,20,39,38,13,12,3,0,10,3
0,0,0,6,0,0,4,7,5,11,22,14,11,12,5,10,43,37,8,10,9,3,6,2
0,1,4,1,0,2,5,5,12,13,18,13,8,11,12,12,14,10,9,10,13,0,4,8
0,0,0,0,0,0,0,4,12,14,13,16,13,8,13,14,15,6,4,9,2,2,7,3
0,0,0,0,0,0,6,7,10,22,20,28,14,5,14,28,34,18,11,2,6,8,2,1
0,5,2,0,0,0,8,13,25,27,46,47,13,11,13,51,39,26,9,10,5,0,6,2
6,6,0,0,5,8,13,14,25,38,52,50,14,13,14,38,55,27,12,6,0,5,6,9
7,7,0,6,7,5,6,12,30,52,60,53,33,24,28,54,55,52,12,10,4,12,8,4
5,0,5,9,8,1,7,12,14,29,17,10,12,12,18,30,53,50,24,13,12,3,9,5

9,9,0,0,0,11,12,14,12,10,1,0,0,3,2,0,3,6,9,13,35,37,10,7
10,4,3,4,4,23,52,33,43,13,10,0,0,6,6,0,5,7,12,48,62,95,12,8
6,7,13,12,12,92,119,113,63,57,13,2,8,12,3,0,18,11,33,56,79,101,14,13
10,9,14,13,24,69,105,105,61,58,50,7,8,8,7,0,12,30,44,40,69,112,67,11
3,6,27,47,58,106,109,66,61,54,13,13,56,41,56,51,38,14,35,39,53,89,107,14
17,14,42,52,84,128,103,58,56,55,60,70,80,65,69,64,70,63,54,48,37,76,112,85
11,13,50,61,127,134,85,61,58,55,73,96,102,96,74,77,76,84,70,51,52,52,111,93
12,12,50,84,137,114,75,8,11,60,59,92,100,99,76,88,91,86,69,56,14,40,79,119
12,48,59,147,142,112,75,70,78,85,83,87,100,105,115,127,124,104,77,83,55,70,67,124
13,36,54,134,104,75,58,49,14,51,57,106,133,142,125,120,144,121,81,72,72,59,66,81
6,4,15,27,13,35,1,7,0,17,69,118,176,191,163,175,172,154,114,59,53,27,50,22
0,0,7,12,9,12,4,8,0,57,96,142,207,241,185,197,233,207,136,74,36,9,2,10
2,0,0,5,1,5,0,8,33,64,107,168,202,179,163,167,178,160,129,71,41,0,0,0
0,0,0,5,0,0,0,6,13,70,113,131,136,147,157,150,135,129,122,102,33,7,0,0
0,0,0,0,0,0,0,0,0,51,75,111,126,138,143,134,132,123,111,76,50,2,5,6
0,0,0,0,0,0,0,0,0,50,56,79,114,128,136,117,117,120,94,56,20,7,9,0
3,1,6,0,0,0,0,1,7,26,58,65,96,88,79,84,80,82,88,51,12,7,10,0
1,8,13,9,11,12,11,17,22,42,63,68,69,88,88,94,89,69,58,63,32,10,11,11
0,0,9,0,2,7,7,18,14,67,102,105,81,77,82,112,111,88,79,106,45,12,11,8
0,0,9,0,3,0,8,12,51,78,102,109,106,120,146,140,131,115,125,113,68,17,8,9
0,0,3,0,2,0,3,15,58,75,122,128,111,136,149,156,135,136,126,102,61,15,4,10
0,0,7,0,8,7,6,36,65,114,131,128,109,102,91,112,134,137,113,103,47,23,19,17
0,6,9,0,3,13,12,34,61,110,139,131,116,101,69,111,142,146,109,104,49,13,9,10
0,0,0,2,12,6,0,64,101,110,126,134,118,106,101,116,140,145,123,108,65,11,8,5
0,0,1,0,6,7,4,1,100,106,114,122,128,105,102,122,135,127,116,95,14,8,3,11
7,10,8,8,8,2,5,8,102,104,110,116,115,106,101,117,126,120,107,59,30,14,20,7
1,5,0,7,10,6,12,10,48,104,111,114,110,86,102,114,116,106,100,53,27,14,12,13
1,12,7,0,7,6,24,46,63,102,118,125,82,63,94,113,118,107,80,14,11,8,10,11
8,9,0,8,3,7,39,67,69,104,252,141,66,67,86,125,154,110,49,32,14,11,0,9
11,3,0,9,0,12,46,52,61,103,167,106,61,58,64,114,188,72,48,26,14,4,12,12
12,9,9,7,12,13,29,38,47,57,66,55,41,38,44,54,63,51,14,12,12,11,1,1
1,0,2,5,4,10,10,13,13,66,91,53,31,13,26,46,60,58,40,30,20,14,2,6
7,1,1,0,3,2,11,23,50,57,58,53,47,25,9,14,64,58,32,14,11,0,0,0
2,1,0,0,4,2,12,26,50,51,54,53,50,17,20,47,51,53,24,12,13,9,4,4
0,3,0,0,4,0,9,11,15,42,43,33,29,12,14,32,58,56,40,13,8,10,12,13
0,0,0,0,0,0,6,10,13,12,13,14,14,10,12,19,39,38,13,12,3,0,10,3
0,0,0,6,0,0,4,7,5,11,23,14,11,12,5,10,43,36,8,10,9,3,6,2
0,1,4,1,0,2,5,5,12,13,17,13,8,10,12,12,14,10,9,10,13,0,4,8
0,0,0,0,0,0,0,4,12,14,13,16,13,8,13,14,15,6,4,9,2,2,7,3
0,0,0,0,0,0,6,7,10,23,20,28,14,5,14,28,34,18,11,2,6,8,2,1
0,5,2,0,0,0,8,13,25,27,45,50,13,11,13,51,39,25,9,10,5,0,6,2
6,6,0,0,5,8,13,14,24,39,52,50,14,13,14,38,55,25,12,7,0,5,6,9
7,7,0,6,7,5,7,12,30,52,60,53,32,24,28,54,55,52,12,10,4,12,8,4
5,0,5,9,8,1,7,12,14,30,18,10,12,12,18,31,54,50,24,13,12,3,9,5

9,9,0,0,0,11,12,14,12,10,1,0,0,3,2,0,3,6,9,13,35,38,10,7
10,4,3,5,4,24,51,34,43,13,10,0,0,6,6,0,5,7,12,48,62,95,12,8
6,7,13,12,12,92,119,113,63,57,13,2,8,12,3,0,18,11,32,56,79,101,14,13
10,9,14,13,24,69,105,105,61,58,50,7,8,8,7,0,12,30,44,41,69,112,67,11
3,6,26,46,58,105,108,66,61,53,13,13,55,38,56,50,38,14,35,39,53,89,107,14
17,14,42,52,84,128,103,58,56,55,60,70,80,65,69,64,70,63,54,48,37,76,112,85
11,14,50,61,127,134,85,61,58,55,73,96,102,95,74,77,76,85,70,51,53,52,111,93
12,11,49,84,137,114,74,8,11,60,59,92,99,98,76,88,91,87,69,56,14,40,79,119
12,50,59,147,142,112,75,70,78,84,83,87,100,104,115,127,124,104,77,83,55,70,67,124
13,35,55,134,104,75,58,50,14,50,57,106,133,142,124,120,144,121,81,72,72,59,66,81
6,4,15,27,13,36,1,7,0,17,69,118,177,191,161,173,172,155,114,59,53,27,50,22
0,0,7,12,9,12,4,8,0,57,96,142,207,240,184,196,233,208,137,74,36,9,2,10
2,0,0,6,0,5,0,8,33,64,107,168,202,179,162,167,178,161,130,71,42,0,0,0
0,0,0,5,0,0,0,6,13,69,113,131,136,148,157,150,135,129,122,102,36,8,0,0
0,0,0,0,0,0,0,0,0,51,76,111,126,139,143,134,132,123,111,77,50,2,5,7
0,0,0,0,0,0,0,0,0,50,56,79,114,128,136,117,117,120,94,56,21,7,10,0
3,1,6,0,0,0,0,1,7,26,58,65,96,88,79,84,81,82,88,52,12,7,10,0
1,8,13,9,11,12,11,17,22,42,63,68,69,88,88,94,89,69,58,63,32,10,11,11
0,0,9,0,2,7,8,19,16,67,102,105,81,77,82,112,111,88,80,106,45,12,11,8
0,0,9,0,3,0,9,12,52,78,102,109,106,120,146,140,131,116,126,113,69,18,8,9
0,0,4,0,2,0,3,16,58,75,122,128,111,136,149,156,135,137,126,102,62,16,4,10
0,0,7,0,8,7,6,36,65,114,131,128,109,102,91,112,134,137,113,103,47,23,19,18
0,6,9,0,3,13,13,34,61,110,139,132,116,101,69,111,142,146,109,104,50,13,8,10
0,0,0,2,12,6,0,63,101,110,126,134,118,106,101,116,140,145,123,108,65,11,8,5
0,0,1,0,6,7,4,1,100,106,114,122,128,105,102,122,135,127,116,95,14,8,3,11
7,10,8,8,8,2,6,8,102,104,110,116,115,107,101,117,126,120,107,60,31,14,20,7
0,5,0,7,10,6,12,10,50,104,111,114,110,85,102,114,116,106,100,53,27,14,12,13
1,12,7,0,7,6,24,47,62,102,118,125,82,63,93,113,118,107,80,14,11,8,10,11
8,9,0,7,3,7,39,66,69,104,251,141,66,67,86,125,153,110,50,32,14,11,0,9
11,3,0,10,0,12,46,52,61,104,167,106,61,58,64,114,188,72,48,26,14,4,12,12
12,9,9,7,12,13,29,38,47,57,66,56,41,38,44,54,63,51,15,12,12,11,1,1
1,0,2,5,4,9,10,13,13,66,91,53,29,13,23,42,60,58,39,30,20,14,2,6
7,1,1,0,3,2,11,24,50,57,58,53,48,25,9,14,64,58,32,14,11,0,0,0
2,1,0,0,4,3,12,26,50,51,54,54,50,17,19,48,50,53,25,12,13,9,4,3
0,3,0,0,4,0,9,11,15,42,44,32,28,12,14,32,58,56,41,13,8,10,12,13
0,0,0,0,0,0,6,10,13,12,13,14,14,10,12,20,39,37,13,12,3,0,10,3
0,0,0,6,0,0,4,7,5,11,22,14,11,12,5,10,43,36,8,10,9,3,6,2
0,1,4,1,0,2,6,5,12,13,18,13,8,11,12,12,14,10,9,10,13,0,4,8
0,0,0,0,0,0,0,4,12,14,14,16,13,8,13,14,15,6,4,9,2,2,7,3
0,0,0,0,0,0,6,7,10,23,20,28,14,5,14,29,34,18,11,2,6,8,2,1
0,5,2,0,0,0,8,13,25,27,46,50,13,11,14,51,39,26,9,10,5,0,6,2
6,6,0,0,5,8,13,14,24,39,52,50,14,13,14,38,55,27,12,6,0,5,6,9
7,7,0,6,7,5,7,12,30,52,60,53,35,24,28,54,55,52,12,10,4,12,8,4
5,0,5,9,9,1,7,12,14,28,18,10,12,12,18,30,53,50,24,13,12,3,9,5

9,9,0,0,0,11,12,14,12,10,1,0,0,3,2,0,3,6,9,13,35,38,10,7
10,4,3,5,4,24,51,35,43,13,10,0,0,6,6,0,5,7,12,50,62,95,12,8
6,7,13,12,12,93,120,114,63,57,13,2,8,12,3,0,18,11,33,56,79,101,14,13
10,9,14,14,24,69,105,105,61,58,50,7,8,8,7,0,13,30,44,42,68,112,67,11
3,6,27,46,58,106,109,66,61,54,13,13,56,41,57,50,39,14,35,39,53,89,107,14
17,14,42,52,84,128,103,58,56,55,60,71,80,66,70,65,70,63,54,48,37,76,112,85
11,14,50,61,127,134,85,61,58,55,73,96,102,96,74,78,76,84,71,51,52,52,111,93
13,11,50,84,137,114,74,8,11,60,59,93,100,99,76,89,92,87,70,56,14,40,79,120
12,48,59,146,141,112,75,70,78,85,83,87,100,106,115,127,125,105,78,83,55,71,67,124
13,36,55,134,104,75,58,50,14,51,58,107,135,143,125,122,145,122,81,73,72,59,66,81
6,4,15,27,13,37,1,7,0,17,69,118,179,193,163,174,172,155,114,59,53,27,50,22
0,0,7,12,9,12,4,8,0,57,95,141,207,242,183,195,234,206,135,73,36,9,2,11
2,0,0,5,0,5,0,8,32,64,107,165,204,178,159,165,179,161,128,70,41,0,0,0
0,0,0,5,0,0,0,6,13,68,112,130,136,146,155,148,134,128,122,102,31,7,0,0
0,0,0,0,0,0,0,0,0,51,74,109,125,137,142,133,130,122,110,76,46,1,5,6
0,0,0,0,0,0,0,0,0,47,56,78,113,127,135,116,116,120,93,55,19,7,9,0
3,1,6,0,0,0,0,1,7,27,58,65,95,87,78,83,79,82,87,52,12,7,10,0
1,8,13,9,11,12,12,18,23,43,63,68,69,87,87,93,88,69,58,64,33,11,12,11
0,0,9,0,2,7,8,20,18,67,102,105,81,76,81,112,110,88,81,106,46,12,11,8
0,0,9,0,3,0,9,12,53,79,103,109,107,120,147,140,131,116,126,114,69,19,8,9
0,0,4,0,2,0,3,17,58,75,123,129,111,136,149,157,136,137,127,102,63,17,4,11
0,0,7,0,8,8,7,36,66,115,132,129,110,103,92,112,135,138,113,103,48,23,19,18
0,6,9,0,3,13,13,34,62,111,139,132,116,101,69,112,143,146,109,104,50,14,9,10
0,0,0,2,12,6,0,63,101,110,127,134,118,106,101,116,140,145,123,108,67,11,9,5
0,0,1,0,6,7,4,1,100,106,114,122,128,105,102,122,135,127,116,95,14,8,3,11
7,10,8,8,8,2,6,8,102,104,110,117,115,107,101,117,126,120,107,60,31,14,22,7
0,5,0,7,10,6,12,10,48,104,111,114,110,85,102,114,116,106,100,53,27,14,12,13
1,12,7,0,7,6,22,47,62,102,118,125,82,62,94,113,118,107,80,14,11,8,10,11
8,9,0,8,3,7,39,68,69,104,251,141,66,67,87,125,153,110,49,32,14,11,0,9
11,3,0,9,0,12,47,52,61,103,167,106,61,58,64,114,187,72,48,26,14,4,12,12
12,9,9,7,12,13,29,38,47,57,66,56,41,38,44,54,63,51,14,12,12,11,1,1
1,0,1,5,4,9,10,13,13,66,91,53,29,13,25,43,60,58,39,30,19,14,2,6
7,1,1,0,3,2,11,23,50,57,58,53,47,23,9,14,64,58,32,14,11,0,0,0
2,1,0,0,4,3,12,26,50,51,54,53,50,18,19,47,51,53,23,12,13,9,4,4
0,3,0,0,4,0,9,11,15,42,43,32,29,12,14,32,58,56,40,13,8,10,12,13
0,0,0,0,0,0,6,10,13,12,13,14,14,10,12,19,39,37,13,12,3,0,10,3
0,0,0,6,0,0,4,7,5,10,22,14,11,12,5,10,42,36,8,10,9,3,6,2
0,1,4,1,0,2,6,5,12,13,17,13,8,11,12,12,14,10,9,10,13,0,4,8
0,0,0,0,0,0,0,4,12,14,13,16,13,8,13,14,14,7,4,9,2,2,7,3
0,0,0,0,0,0,6,7,10,23,20,27,14,5,14,29,33,18,11,1,6,8,2,1
0,5,2,0,0,0,8,13,25,27,46,47,13,11,13,51,39,25,9,10,5,0,6,2
6,6,0,0,5,8,13,14,25,39,52,50,14,13,14,38,55,26,12,7,0,5,6,9
6,7,0,6,7,5,7,12,29,52,60,53,35,23,28,54,55,52,12,10,4,12,8,4
5,0,5,9,8,1,7,12,13,28,18,10,12,12,17,30,53,50,24,13,12,3,9,5

9,9,0,0,0,11,13,14,12,10,1,0,0,3,2,0,3,6,9,13,34,36,10,7
10,4,3,5,4,24,52,34,43,13,10,0,0,6,6,0,5,7,12,48,62,95,12,8
6,8,13,12,13,92,120,114,63,57,13,2,8,12,3,0,18,11,32,56,79,101,14,13
10,9,14,14,25,69,105,105,61,58,50,7,8,8,8,0,12,30,44,41,68,112,67,11
3,6,27,47,58,106,109,66,61,54,13,13,57,43,57,51,40,14,35,39,53,88,107,14
17,14,42,52,84,129,104,58,56,55,60,70,81,66,70,65,70,63,54,48,37,76,112,85
11,14,50,61,127,134,85,61,58,55,73,96,102,96,75,78,76,84,71,51,52,52,111,93
13,12,50,84,137,114,75,8,10,60,59,93,100,100,77,89,92,87,70,56,14,41,79,120
12,47,59,147,142,113,75,70,79,85,84,88,101,106,116,128,125,105,78,83,55,71,67,124
13,37,54,134,105,75,58,50,14,51,58,107,136,145,126,122,146,122,82,73,72,60,66,81
6,4,15,28,13,36,1,7,0,15,69,118,179,195,165,176,174,155,114,59,53,27,50,23
0,0,7,12,9,12,4,8,0,57,95,141,207,243,184,197,235,205,134,73,36,9,2,11
2,0,0,5,1,5,0,8,31,63,107,164,205,178,158,165,180,162,127,69,40,0,0,0
0,0,0,5,0,0,0,6,13,68,112,130,135,146,154,148,134,128,122,102,28,7,0,0
0,0,0,0,0,0,0,0,0,50,73,108,125,137,141,132,130,122,110,75,44,1,5,6
0,0,0,0,0,0,0,0,0,47,56,78,112,127,135,115,115,119,92,54,18,7,9,0
3,1,6,0,0,0,0,2,7,27,58,64,94,86,78,82,79,81,87,52,12,7,10,0
1,8,13,9,11,12,12,18,23,43,63,67,68,87,86,92,88,69,59,65,33,11,12,11
0,0,9,0,2,7,8,21,19,68,102,105,81,76,81,112,111,88,81,106,47,12,11,8
0,0,9,0,3,0,9,12,53,79,103,109,107,120,147,140,131,116,127,114,70,20,8,9
0,0,4,0,2,0,3,18,58,75,123,129,111,136,149,158,136,137,127,102,63,17,4,11
0,0,7,0,8,8,7,36,66,115,132,129,110,103,92,112,135,138,113,104,48,23,19,18
0,6,9,0,3,13,13,34,62,111,139,132,116,101,70,112,143,147,109,104,50,14,9,10
0,0,0,2,12,6,0,64,101,110,127,134,119,106,101,116,140,145,123,108,67,12,8,5
0,0,1,0,6,7,5,1,100,106,114,122,128,105,103,122,135,127,116,96,14,8,3,11
7,10,8,8,8,2,6,8,102,104,110,117,115,107,101,117,126,120,107,63,32,14,22,7
0,5,0,7,9,6,12,10,50,104,111,114,110,86,102,114,116,106,100,54,28,14,12,13
1,12,7,0,7,6,24,47,64,102,118,125,82,63,94,113,118,107,80,14,11,8,10,11
8,9,0,8,3,7,39,67,69,104,251,141,66,67,86,125,153,110,50,32,14,11,0,9
11,3,0,10,0,12,47,52,61,103,166,106,61,58,64,113,187,72,48,26,14,4,12,12
12,9,9,7,12,13,28,38,47,57,66,55,41,38,44,54,63,51,14,12,12,11,1,1
1,0,1,5,4,10,10,13,13,66,91,53,29,13,25,44,60,58,39,30,19,14,2,6
7,1,1,0,3,2,11,24,50,58,58,53,49,24,9,14,64,58,32,14,11,0,0,0
2,1,0,0,4,3,12,26,50,51,54,53,50,17,19,47,50,53,23,12,13,9,4,3
0,3,0,0,4,0,9,11,15,43,42,32,29,12,14,32,58,56,40,13,8,10,12,13
0,0,0,0,0,0,6,10,13,13,13,14,14,10,12,20,39,37,13,12,3,0,10,3
0,0,0,6,0,0,4,7,5,10,23,14,11,12,5,10,43,36,8,10,9,3,6,2
0,1,4,1,0,2,6,5,12,13,17,13,8,10,12,12,14,10,9,10,13,0,4,8
0,0,0,0,0,0,0,4,12,14,14,16,13,8,13,14,14,6,4,9,2,2,7,3
0,0,0,0,0,0,6,7,10,23,20,27,14,5,14,30,34,18,11,1,6,8,2,1
0,5,2,0,0,0,8,13,25,27,46,48,13,11,14,51,39,26,9,10,5,0,6,2
6,6,0,0,5,8,13,14,24,38,52,50,14,13,14,38,55,26,12,6,0,5,6,9
7,7,0,6,7,5,6,12,29,52,60,52,32,24,28,54,55,52,12,10,4,12,8,4
5,0,5,9,8,1,7,12,13,28,17,10,12,12,18,29,53,50,24,13,12,3,9,5

9,9,0,0,0,11,13,14,12,10,1,0,0,3,2,0,3,6,9,13,34,37,10,7
10,4,3,5,4,25,51,34,43,13,10,0,0,6,6,0,5,7,12,50,62,95,12,8
6,7,13,12,13,92,120,114,63,57,13,2,8,12,3,0,18,11,32,56,79,101,14,13
10,9,14,14,25,69,105,105,61,58,50,7,8,8,8,0,13,30,44,42,68,112,67,11
3,6,28,48,58,106,109,66,61,54,13,13,56,43,57,51,41,14,35,39,53,88,107,14
17,14,43,52,84,129,104,58,56,55,60,70,80,66,70,65,70,63,54,48,37,76,112,85
11,14,50,61,127,134,85,61,58,55,73,96,102,97,75,78,76,84,71,51,52,51,111,93
13,12,50,84,137,114,75,8,10,60,59,93,100,101,77,90,92,87,70,56,14,41,79,120
12,48,59,147,142,113,75,70,79,85,84,88,101,107,117,129,126,106,79,84,55,71,67,124
13,36,54,135,105,75,58,50,14,51,58,107,137,146,128,123,148,123,82,74,72,59,66,81
6,4,15,28,13,37,1,8,0,15,69,118,180,197,169,180,175,155,113,59,53,27,50,22
0,0,7,12,9,12,4,9,0,56,94,139,204,247,187,202,237,203,133,72,35,10,2,11
2,0,0,6,1,5,0,8,31,63,106,159,204,183,161,168,182,161,124,67,40,0,0,0
0,0,0,5,0,0,0,6,12,65,111,127,134,146,154,148,134,127,120,101,23,7,0,0
0,0,0,0,0,0,0,0,0,50,71,107,124,136,141,131,129,121,110,73,39,0,5,6
0,0,0,0,0,0,0,0,0,45,56,77,112,127,134,114,115,119,91,53,17,7,9,0
3,1,6,0,0,0,0,2,7,27,57,64,93,87,78,82,79,81,87,51,12,7,10,0
1,9,13,9,11,12,12,17,24,43,63,68,68,87,86,92,88,69,59,65,33,11,12,11
0,0,9,0,2,7,8,20,20,68,102,105,81,76,81,112,110,88,82,106,47,12,11,8
0,0,9,0,3,0,9,12,54,80,103,110,107,120,147,141,132,116,127,114,70,21,8,9
0,0,4,0,2,0,4,19,58,76,123,129,111,137,149,158,136,138,128,102,64,18,4,11
0,0,7,0,8,8,7,36,66,115,132,129,110,103,92,113,135,138,114,104,48,23,19,18
0,6,9,0,3,13,13,34,62,111,139,132,116,101,70,112,143,146,110,104,51,14,9,10
0,0,0,2,12,6,0,64,101,111,127,134,119,106,101,116,141,145,123,108,67,12,9,5
0,0,1,0,6,7,5,1,100,106,114,122,128,105,103,122,135,127,116,96,14,8,3,11
7,10,8,8,8,2,6,8,102,104,110,117,114,106,101,117,126,120,108,61,31,14,22,7
0,5,0,7,10,6,12,10,48,104,111,114,110,86,102,114,116,106,100,54,28,14,12,13
1,12,7,0,7,6,22,47,63,102,118,125,82,63,94,113,118,107,80,14,11,8,10,11
8,9,0,8,3,7,39,66,69,104,251,141,66,67,86,125,153,110,50,32,14,11,0,9
11,3,0,9,0,12,46,52,61,103,165,106,61,58,64,113,186,72,48,26,14,4,12,12
12,9,9,7,12,13,28,38,47,57,66,55,41,38,44,54,63,51,14,12,12,11,1,1
1,0,2,5,3,9,10,13,13,66,91,53,30,13,23,43,60,58,39,30,19,14,2,6
7,1,1,0,3,1,11,23,50,57,58,53,49,25,9,14,64,58,32,14,11,0,0,0
2,1,0,0,4,3,12,26,50,51,54,53,50,17,20,46,51,53,23,12,13,9,4,3
0,3,0,0,4,0,9,11,15,44,43,33,29,12,14,32,58,56,41,13,8,10,12,13
0,0,0,0,0,0,6,10,13,12,12,14,14,9,11,20,39,37,13,12,3,0,10,3
0,0,0,6,0,0,4,7,6,10,22,14,11,12,5,10,43,36,8,10,9,3,6,2
0,1,4,1,0,2,6,5,12,13,17,13,8,10,12,12,14,10,9,10,13,0,4,8
0,0,0,0,0,0,0,4,12,14,13,16,13,8,13,14,14,6,4,9,2,2,7,3
0,0,0,0,0,0,6,7,10,23,20,27,14,5,14,29,33,19,11,1,6,8,2,1
0,5,2,0,0,0,8,13,25,28,48,48,13,11,14,51,39,27,9,10,5,0,6,2
6,6,0,0,5,8,13,14,24,38,52,50,14,13,14,38,55,27,12,6,0,4,6,9
7,7,0,6,7,5,6,12,30,52,60,53,33,24,27,54,55,52,12,10,4,12,8,4
5,0,5,9,8,1,7,12,13,27,17,10,12,12,17,30,53,50,24,13,12,3,9,5

9,9,0,0,0,11,13,14,12,10,1,0,0,3,2,0,3,6,8,13,35,37,10,7
10,4,3,5,4,25,51,35,45,13,10,0,0,6,6,0,5,7,12,48,62,95,12,8
6,8,13,12,13,93,120,113,63,57,13,2,8,12,3,0,18,11,33,56,79,101,14,13
10,9,14,14,25,69,105,105,61,58,51,7,8,8,8,0,13,30,44,41,68,112,67,11
3,6,28,48,58,106,109,66,61,54,13,13,56,42,57,51,42,14,35,39,53,88,107,14
17,14,43,52,84,129,103,58,56,55,60,70,80,66,70,65,70,63,54,48,37,76,112,85
11,14,50,61,127,135,85,61,58,55,73,96,102,96,74,78,76,84,71,51,53,52,111,93
12,12,50,84,137,114,74,8,10,60,59,92,100,100,77,89,92,87,70,56,14,41,79,120
12,50,59,147,142,113,75,70,79,85,84,87,101,107,117,128,125,105,79,84,55,71,67,124
13,35,55,135,105,75,58,50,14,51,58,107,137,145,127,123,146,123,82,73,72,59,66,81
6,4,15,27,13,37,1,8,0,16,69,118,180,196,167,179,175,156,114,59,53,27,50,22
0,0,7,12,9,12,4,8,0,56,94,140,207,245,186,201,237,206,134,73,35,9,2,11
2,0,0,6,1,5,0,8,33,64,107,163,204,182,161,168,182,161,126,69,40,0,0,0
0,0,0,5,0,0,0,6,13,67,111,129,135,146,155,148,134,128,121,101,26,7,0,0
0,0,0,0,0,0,0,0,0,50,73,109,125,137,142,132,130,122,110,74,44,1,5,6
0,0,0,0,0,0,0,0,0,47,56,78,113,127,135,115,116,119,93,55,19,7,9,0
3,1,6,0,0,0,0,2,7,28,58,65,95,87,78,83,79,81,87,52,13,7,10,0
1,9,13,9,11,12,12,17,23,43,63,68,69,87,87,93,88,69,59,64,33,11,12,11
0,0,9,0,2,7,8,20,19,68,102,105,81,76,81,112,110,88,81,106,46,12,11,8
0,0,9,0,3,0,9,12,52,79,102,109,107,120,146,140,131,116,126,113,69,19,8,9
0,0,4,0,2,0,4,18,58,75,123,129,111,136,149,156,135,137,127,102,62,16,4,11
0,0,7,0,8,8,6,36,66,115,132,128,109,102,92,112,134,138,113,103,47,23,19,18
0,6,9,0,3,13,13,35,62,111,139,132,116,101,70,111,142,146,109,104,50,14,9,10
0,0,0,2,12,6,0,64,101,110,126,134,119,106,101,116,140,145,123,108,67,12,8,5
0,0,1,0,6,7,5,1,100,106,114,122,128,105,103,122,135,127,116,96,14,8,3,11
7,10,8,8,8,3,6,8,102,104,110,116,115,107,101,117,126,120,107,60,31,14,21,7
0,5,0,7,10,6,12,11,50,104,111,114,110,86,102,114,116,106,100,54,28,14,12,13
1,12,7,0,7,6,24,47,63,102,118,125,82,63,94,113,118,107,80,14,11,8,10,11
8,9,0,8,3,7,40,67,69,104,252,142,66,67,86,125,154,110,50,32,14,11,0,9
11,3,0,9,0,12,46,52,61,103,166,106,61,58,64,114,187,72,48,26,14,4,12,12
12,9,9,7,12,13,29,38,47,57,66,55,42,38,44,54,63,51,15,12,12,11,1,1
1,0,1,5,4,9,10,13,13,66,91,53,29,13,25,43,60,58,39,30,20,14,2,6
7,1,1,0,3,2,11,23,50,58,58,53,50,25,9,14,64,58,32,14,11,0,0,0
2,1,0,0,4,3,12,26,50,52,54,53,50,18,18,47,51,53,23,12,13,9,4,3
0,3,0,0,4,0,9,11,15,42,43,32,29,12,14,32,58,56,41,13,8,10,12,13
0,0,0,0,0,0,6,10,13,12,13,15,14,10,12,20,39,38,13,12,3,0,10,3
0,0,0,6,0,0,4,7,5,11,22,14,11,12,5,10,43,36,8,10,9,3,6,2
0,1,4,1,0,2,6,5,12,13,17,13,8,10,12,12,14,10,9,10,13,0,4,8
0,0,0,0,0,0,0,4,12,14,14,16,13,8,13,14,15,6,4,9,2,2,7,3
0,0,0,0,0,0,6,7,10,23,20,28,14,5,14,29,33,18,11,1,6,8,2,1
0,5,2,0,0,0,8,13,25,27,47,50,13,11,14,51,39,26,9,10,5,0,6,2
6,6,0,0,5,8,13,14,24,39,52,50,14,13,14,38,55,27,12,7,0,4,6,9
7,7,0,6,7,5,6,12,30,52,60,53,35,24,28,54,55,52,12,10,4,12,8,4
5,0,5,9,8,1,7,12,14,29,19,10,12,12,18,31,53,50,24,13,12,3,9,5

9,9,0,0,0,11,13,14,12,10,2,0,0,3,2,0,3,6,9,13,35,38,10,7
10,4,3,5,5,25,51,33,43,13,10,0,0,6,6,0,5,7,12,48,62,95,12,8
6,8,13,12,13,92,120,113,63,57,13,2,8,12,3,0,18,11,33,56,79,101,14,13
10,9,14,14,25,69,105,105,61,58,50,7,8,8,8,0,13,30,44,42,68,112,68,11
3,6,28,48,58,106,109,66,61,54,14,13,57,44,57,51,43,14,35,39,53,88,107,14
17,14,42,52,84,129,103,58,56,55,60,71,81,66,70,65,70,63,55,48,37,76,112,85
11,14,50,61,127,134,85,61,58,55,73,96,102,96,74,78,77,84,71,52,53,52,111,93
12,11,50,84,137,114,74,8,10,60,59,93,100,99,77,89,91,88,70,56,14,41,79,120
12,50,59,147,142,112,75,70,79,85,84,87,101,105,116,127,124,105,78,84,55,71,67,124
13,35,54,134,104,75,58,50,14,51,58,107,135,143,125,122,145,122,82,73,72,60,66,81
6,4,15,28,13,37,1,8,0,17,69,118,179,193,164,177,175,156,114,60,53,27,50,22
0,0,7,12,9,12,4,8,0,57,95,141,209,245,187,201,237,207,136,74,36,9,2,10
2,0,0,6,1,5,0,8,33,64,107,165,203,183,164,170,181,160,127,70,41,0,0,0
0,0,0,5,0,0,0,6,13,68,112,130,136,148,158,150,135,128,122,102,28,7,0,0
0,0,0,0,0,0,0,0,0,51,75,110,126,139,143,133,132,123,111,76,48,2,5,7
0,0,0,0,0,0,0,0,0,50,56,79,114,129,136,117,117,120,94,56,21,7,10,0
3,1,7,0,0,0,0,2,7,27,58,65,96,88,79,84,81,82,88,51,12,7,10,0
1,9,13,9,11,12,12,17,23,42,63,68,69,89,88,94,90,69,58,63,32,11,11,11
0,0,9,0,2,7,8,18,17,67,102,105,81,77,82,113,111,87,79,106,45,12,11,8
0,0,9,0,3,0,9,12,51,78,102,109,106,120,146,140,131,115,125,113,68,16,8,9
0,0,4,0,2,0,3,16,58,75,122,128,111,135,148,155,135,136,126,102,61,15,4,10
0,0,7,0,8,8,6,36,65,114,131,128,109,102,91,111,134,137,112,103,47,22,18,17
0,6,9,0,3,13,13,35,61,110,139,132,116,101,69,111,142,146,109,104,50,13,8,10
0,0,0,2,12,6,0,63,101,110,126,134,118,106,101,116,140,144,123,108,65,11,8,5
0,0,1,0,6,7,5,1,100,106,114,122,128,105,103,122,135,127,115,94,14,8,3,11
7,10,8,8,8,2,6,8,102,104,110,117,114,106,101,117,126,120,107,60,30,14,20,7
0,5,0,7,10,6,12,11,51,104,111,114,110,86,102,114,116,106,100,53,28,13,12,13
1,12,7,0,7,6,24,47,63,102,118,125,82,62,94,113,118,107,80,14,11,7,10,11
8,9,0,8,3,7,39,68,69,104,253,142,66,67,86,125,154,110,49,32,14,11,0,9
11,3,0,9,0,12,46,52,61,103,166,106,61,58,64,114,187,72,48,26,14,4,12,12
12,9,9,7,12,13,28,39,47,57,66,55,41,38,44,54,63,51,15,12,12,11,1,1
1,0,2,5,4,9,10,13,13,66,91,53,30,13,27,44,61,58,39,30,20,14,2,6
7,1,1,0,3,2,11,24,50,57,58,53,50,25,9,14,64,58,32,14,11,0,0,0
2,1,0,0,4,3,12,26,50,52,54,53,50,17,21,47,51,53,23,12,13,9,4,4
0,3,0,0,4,0,9,11,15,42,44,33,29,12,14,32,58,56,41,13,8,10,12,13
0,0,0,0,0,0,6,10,13,13,13,14,14,10,12,20,39,38,13,12,3,0,10,3
0,0,0,6,0,0,4,7,6,11,23,14,11,12,5,10,43,37,8,10,9,3,6,2
0,1,4,1,0,2,6,5,12,13,17,13,8,11,12,12,14,10,9,10,13,0,4,8
0,0,0,0,0,0,0,5,12,14,14,17,13,8,13,14,15,7,4,9,2,2,7,3
0,0,0,0,0,0,6,7,10,23,20,29,14,5,14,29,34,19,12,2,6,8,2,1
0,5,2,0,0,0,8,13,25,28,48,50,13,11,14,51,39,26,9,10,5,0,6,2
6,6,0,0,5,8,13,14,25,39,52,50,14,13,14,38,55,28,12,7,0,5,6,9
7,7,0,6,7,5,7,12,30,52,60,53,35,24,28,54,55,52,12,10,4,12,8,4
5,0,5,9,8,1,7,12,13,28,18,10,12,12,18,30,54,50,24,13,12,3,9,5

9,9,0,0,0,11,13,14,12,10,1,0,0,3,2,0,3,6,9,13,34,40,10,7
10,5,4,5,5,25,52,34,45,13,10,0,0,6,6,0,5,7,12,48,62,95,12,8
6,8,13,12,13,92,119,113,63,57,13,2,8,12,3,0,18,11,33,56,79,101,14,13
10,9,14,14,24,69,105,105,61,58,51,7,8,8,8,0,13,30,44,41,68,112,67,11
3,6,27,48,58,105,108,66,61,54,14,13,57,46,58,51,43,14,35,39,53,88,107,14
18,14,43,52,84,129,103,58,56,55,60,71,81,66,70,65,70,63,55,48,37,76,112,86
11,14,50,61,127,134,85,61,58,55,73,97,103,96,75,78,77,85,71,52,53,51,111,93
13,12,49,84,137,114,74,8,11,60,59,93,100,100,77,89,92,88,70,56,14,41,79,120
12,48,59,147,141,112,75,70,79,85,84,88,101,106,116,128,125,105,79,84,55,71,67,123
13,35,55,134,104,75,58,50,14,51,58,107,136,144,126,122,146,122,82,73,72,60,66,81
6,4,16,27,13,36,1,8,0,17,69,119,180,194,165,177,175,156,114,59,53,26,50,22
0,0,7,12,9,12,4,8,0,57,95,142,208,244,186,199,236,206,135,73,36,10,2,11
2,0,0,6,1,5,0,8,33,64,107,165,203,181,163,169,181,161,127,69,41,0,0,0
0,0,0,5,0,0,0,6,13,68,112,130,136,147,157,149,135,128,122,102,30,8,0,0
0,0,0,0,0,0,0,0,0,50,74,110,126,138,143,133,131,123,111,76,47,2,5,6
0,0,0,0,0,0,0,0,0,50,56,79,114,128,136,116,117,120,94,56,21,7,10,0
3,1,6,0,0,0,0,2,7,26,58,65,96,88,79,84,80,82,88,51,12,7,10,0
1,9,13,9,11,12,12,18,23,42,62,68,69,88,88,93,89,69,58,64,32,11,12,11
0,0,9,0,2,7,8,20,18,67,102,105,81,77,82,112,111,88,80,106,46,12,11,8
0,0,9,0,3,0,9,12,52,79,102,109,106,120,146,140,131,115,126,113,69,18,8,9
0,0,4,0,2,0,3,16,58,75,123,128,111,136,149,156,135,136,126,102,62,16,4,10
0,0,7,0,8,8,6,36,66,115,132,129,109,102,91,111,134,137,113,103,47,23,19,17
0,6,9,0,3,13,13,35,62,111,139,132,116,101,69,111,142,146,109,104,50,13,8,10
0,0,0,2,12,6,0,64,101,110,127,134,119,106,101,116,140,145,123,108,67,11,8,5
0,0,1,0,6,7,5,1,100,106,114,122,128,105,102,122,135,127,116,95,14,8,3,11
7,10,8,8,8,2,6,8,102,104,110,116,114,106,101,117,126,120,107,61,32,14,21,7
0,5,0,7,10,6,12,11,50,104,111,114,110,86,102,114,116,106,100,53,27,13,12,13
1,12,7,0,7,6,24,47,63,102,118,125,82,62,94,113,118,107,80,14,11,7,10,11
8,9,0,8,3,7,39,67,69,104,252,141,66,67,85,125,153,110,49,31,14,11,0,9
11,3,0,9,0,12,47,52,61,103,166,106,61,58,64,114,187,72,48,26,14,4,12,12
12,9,9,7,12,13,29,39,47,57,66,55,41,38,44,54,63,51,15,12,12,11,1,1
1,0,2,5,4,10,10,13,13,66,91,53,30,13,25,44,60,58,39,30,19,14,2,6
7,1,1,0,3,2,11,24,50,57,58,53,48,24,9,14,64,58,32,14,11,0,0,0
2,1,0,0,4,3,12,26,50,51,54,53,50,18,20,47,51,53,24,12,13,9,4,3
0,3,0,0,4,0,9,11,15,42,43,33,30,12,14,32,58,56,40,13,8,10,12,13
0,0,0,0,0,0,6,10,13,13,13,14,14,10,12,20,39,38,13,12,3,0,10,3
0,0,0,6,0,0,4,7,6,11,22,14,11,12,5,10,42,36,8,10,9,3,6,2
0,1,4,1,0,2,6,6,12,13,17,13,8,11,12,12,14,10,9,10,13,0,4,8
0,0,0,0,0,0,0,5,12,14,14,17,13,8,13,14,15,6,4,9,2,2,7,3
0,0,0,0,0,0,6,7,10,23,20,29,14,5,14,31,34,18,12,1,6,8,2,1
0,5,2,0,0,0,8,13,25,28,46,50,13,11,14,51,39,27,9,10,5,0,6,2
6,6,0,0,5,8,13,14,24,39,52,50,14,13,14,38,55,28,12,7,0,5,6,9
7,7,0,6,7,5,6,12,30,52,60,53,33,25,28,54,55,52,12,10,4,12,8,4
5,0,5,9,8,1,7,12,13,28,18,10,12,12,18,30,54,50,24,13,12,3,9,5

9,9,0,0,0,11,13,14,12,10,1,0,0,3,2,0,3,6,9,13,34,38,10,7
10,5,4,5,5,25,51,34,45,13,10,0,0,6,6,0,5,7,12,48,62,95,12,8
6,8,13,12,13,92,119,113,63,57,13,2,8,12,3,0,18,11,33,56,79,101,14,13
10,9,14,14,25,69,105,105,61,59,52,7,9,8,8,0,13,30,44,41,68,112,68,11
3,6,28,47,58,105,109,66,61,54,14,13,58,47,58,52,44,14,35,39,53,88,107,14
18,14,42,52,84,129,103,58,56,55,60,71,81,66,70,65,71,63,55,48,37,76,112,86
11,14,50,61,127,134,85,62,58,55,73,97,103,97,75,78,77,85,72,52,53,52,111,93
12,12,50,84,137,114,74,8,11,60,59,93,101,100,77,90,92,88,70,56,14,41,80,120
12,48,59,147,141,113,75,70,79,85,84,88,101,107,117,128,125,105,79,84,55,71,67,124
13,35,55,135,104,75,58,50,15,51,58,108,138,146,127,122,146,123,82,74,72,60,66,81
6,4,15,28,13,37,1,8,0,17,69,119,181,196,166,177,175,155,114,59,53,27,50,22
0,0,7,12,9,12,4,9,0,57,94,141,206,244,185,199,236,205,134,73,35,10,2,11
2,0,0,6,1,5,0,8,32,64,107,163,204,180,160,167,181,161,126,68,40,0,0,0
0,0,0,5,0,0,0,6,13,68,112,129,135,146,154,148,134,128,121,101,27,7,0,0
0,0,0,0,0,0,0,0,0,50,74,109,125,137,141,132,130,122,110,75,45,1,5,6
0,0,0,0,0,0,0,0,0,48,56,79,113,128,135,115,116,119,93,55,19,7,10,0
3,1,6,0,0,0,0,2,7,27,58,65,95,87,78,83,79,81,87,52,12,7,10,0
1,9,13,9,11,13,12,18,23,43,63,68,69,87,87,93,88,69,59,65,33,11,12,11
0,0,9,0,2,7,8,20,20,68,102,105,81,76,81,112,110,88,81,106,46,12,11,8
0,0,9,0,3,0,9,12,54,79,103,109,107,120,146,140,131,116,126,114,70,20,8,9
0,0,4,0,2,0,4,18,58,75,123,129,111,136,149,157,135,137,127,102,63,17,4,11
0,0,7,0,8,8,7,36,66,115,132,129,110,102,92,112,135,138,113,104,48,23,19,18
0,6,9,0,3,13,13,34,62,111,139,132,116,101,70,112,143,146,109,104,50,13,9,10
0,0,0,2,12,6,0,64,101,110,127,134,119,106,101,116,140,145,123,108,67,12,8,5
0,0,1,0,6,7,5,1,100,106,114,122,128,105,103,122,135,127,116,95,14,8,3,11
8,10,8,8,8,2,6,8,102,104,110,117,114,107,101,117,126,120,107,61,31,14,21,7
0,5,0,7,10,6,12,11,50,104,111,114,110,86,102,114,116,106,100,53,27,14,12,13
1,12,7,0,7,6,24,48,63,102,118,125,82,63,94,113,118,107,80,14,11,8,10,11
8,9,0,7,3,7,39,67,69,104,252,141,66,67,86,125,153,110,50,32,14,11,0,9
11,3,0,9,0,12,46,52,61,103,166,105,61,58,64,114,186,72,48,26,14,4,12,12
12,9,9,7,12,13,29,39,47,57,65,55,41,38,44,54,63,51,14,12,12,11,1,1
1,0,1,5,4,9,10,13,13,66,91,53,29,13,25,44,60,58,39,30,20,14,2,6
7,1,1,0,3,2,11,23,50,57,58,53,50,24,9,14,64,58,32,14,11,0,0,0
2,1,0,0,4,3,12,27,50,52,54,53,50,18,20,47,51,53,24,12,13,9,4,3
0,3,0,0,4,0,9,11,16,43,43,32,29,12,14,32,58,56,40,13,8,10,12,13
0,0,0,0,0,0,6,10,13,13,13,14,14,10,12,20,39,38,13,12,3,0,10,3
0,0,0,6,0,0,4,7,5,11,22,14,11,12,5,10,43,36,8,10,9,3,6,2
0,1,4,1,0,2,6,6,12,13,17,13,8,10,12,12,14,10,9,10,13,0,4,8
0,0,0,0,0,0,0,5,12,14,14,16,13,8,13,14,14,6,4,9,2,2,7,3
0,0,0,0,0,0,6,7,10,23,20,29,14,5,14,30,34,19,11,1,6,8,2,1
0,5,2,0,0,0,8,13,25,29,46,50,13,11,13,51,39,26,9,10,5,0,6,2
6,6,0,0,5,8,13,14,25,39,52,50,14,13,14,38,55,28,12,7,0,4,6,9
7,7,0,6,7,5,6,12,30,52,60,53,35,24,28,54,55,52,12,10,4,12,8,4
5,0,5,9,9,1,7,12,13,28,19,10,12,12,18,29,53,50,24,13,12,3,9,5

9,9,0,0,0,11,13,14,12,10,2,0,0,3,2,0,3,6,9,13,36,38,10,7
10,5,4,5,5,25,51,35,45,13,10,0,0,6,6,0,5,7,12,50,62,95,12,8
6,8,13,12,13,92,120,114,63,57,13,2,8,12,3,0,18,11,33,56,79,101,14,13
10,9,14,14,25,69,105,105,61,58,51,7,9,8,9,0,13,30,44,42,68,112,68,11
3,6,29,47,58,105,109,66,61,54,14,13,59,50,59,53,46,14,35,39,53,88,107,14
17,14,43,52,84,129,103,58,56,56,60,71,81,66,70,66,71,63,55,48,37,76,112,86
11,14,50,61,127,135,85,62,58,56,74,97,103,97,75,79,77,85,72,52,53,52,111,93
12,12,50,84,137,114,74,9,11,60,60,94,101,101,77,90,93,89,71,57,14,42,80,120
12,47,59,147,141,113,75,70,79,86,84,88,102,107,117,128,125,105,79,84,55,71,67,124
13,35,55,135,104,75,58,50,15,51,58,108,138,146,126,122,146,123,82,74,72,59,66,81
6,4,15,28,13,38,1,8,0,17,69,120,182,196,166,177,175,156,114,59,53,27,50,22
0,0,7,12,9,12,4,9,0,57,95,141,206,244,185,199,236,204,134,73,35,10,2,11
2,0,0,6,1,5,0,8,32,63,107,163,204,180,159,166,181,162,126,68,40,0,0,0
0,0,0,5,0,0,0,6,13,67,112,129,135,145,153,148,133,128,121,101,27,7,0,0
0,0,0,0,0,0,0,0,0,50,73,108,125,137,141,131,130,122,110,74,44,1,5,6
0,0,0,0,0,0,0,0,0,48,56,78,112,127,134,114,115,119,92,54,18,7,10,0
3,1,7,0,0,0,0,2,7,28,58,65,95,86,78,82,79,81,87,51,13,7,10,0
1,9,13,9,11,13,12,18,24,43,63,68,68,87,86,92,87,68,59,65,33,11,12,11
0,0,9,0,2,7,8,21,20,68,102,105,81,76,81,112,110,88,81,106,46,12,11,8
0,0,9,0,3,0,9,12,54,79,103,109,107,120,146,140,131,116,126,114,69,20,8,9
0,0,4,0,2,0,4,18,59,76,123,129,111,136,149,157,135,137,127,102,63,17,4,11
0,0,7,0,8,8,7,36,66,115,132,129,110,103,92,112,135,137,113,104,48,23,19,18
0,6,9,0,3,13,13,35,62,111,139,132,116,101,70,112,143,146,109,104,51,14,9,10
0,0,0,2,12,6,0,65,101,110,127,134,119,106,101,116,140,145,123,108,68,11,8,5
0,0,1,0,6,8,5,1,100,106,114,122,128,105,103,122,135,127,116,96,14,8,3,11
7,10,9,8,8,2,6,8,102,104,110,117,115,107,101,117,126,120,107,61,32,14,21,7
0,5,0,7,10,6,12,11,51,104,111,114,110,86,102,114,116,106,100,53,27,14,12,13
1,12,7,0,7,6,24,47,63,102,118,125,82,62,94,113,118,107,80,14,11,8,10,11
8,9,0,8,3,7,39,67,69,104,252,141,66,67,85,125,154,110,50,32,14,11,0,9
11,3,0,9,0,12,46,52,61,103,165,105,61,58,64,114,186,72,48,26,14,4,12,12
12,9,9,7,12,13,29,38,47,57,66,55,41,38,44,54,63,51,15,12,12,11,1,1
1,0,2,5,4,9,10,13,13,66,91,53,29,13,26,44,60,58,40,30,19,15,2,6
7,1,1,0,3,2,11,23,50,57,58,53,50,25,9,14,64,58,32,14,11,0,0,0
2,1,0,0,4,3,12,26,50,51,54,53,50,18,18,47,51,53,24,12,13,9,4,3
0,3,0,0,4,0,9,11,15,42,44,32,29,12,14,32,58,56,40,13,8,10,12,13
0,0,0,0,0,0,6,10,13,12,13,14,14,9,12,20,39,38,13,12,3,0,10,3
0,0,0,6,0,0,4,7,5,10,22,14,11,12,5,10,43,36,8,10,9,3,6,2
0,1,4,1,0,2,6,5,12,13,17,13,8,11,12,12,14,10,9,10,13,0,4,8
0,0,0,0,0,0,0,5,12,14,14,17,13,8,13,14,16,7,4,9,2,2,7,3
0,0,0,0,0,0,6,7,10,23,20,29,14,5,14,30,34,19,11,1,6,8,2,1
0,5,2,0,0,0,8,13,25,29,46,50,13,11,13,51,39,26,9,10,5,0,6,2
6,6,0,0,5,8,13,14,24,39,52,50,14,13,14,38,55,26,12,6,0,5,6,9
7,7,0,6,7,5,7,12,30,52,60,53,33,25,28,54,55,52,12,10,4,12,8,4
5,0,5,9,8,1,7,12,13,28,19,10,12,12,18,30,53,50,24,13,12,3,9,5

9,9,0,0,0,11,13,14,12,10,1,0,0,3,2,0,3,6,9,13,35,37,10,7
10,5,4,5,5,25,51,35,43,13,10,0,0,6,6,0,5,7,12,50,62,95,12,8
6,8,13,12,13,92,119,113,63,57,13,2,8,12,3,0,18,11,35,56,80,101,14,13
10,9,14,14,25,69,105,105,61,59,51,7,9,8,9,0,13,30,44,41,68,112,67,11
3,6,27,50,58,105,108,65,61,54,14,13,58,50,59,53,46,14,35,39,53,88,107,14
18,14,42,52,84,128,103,58,56,55,60,71,81,66,70,65,71,63,55,48,37,76,112,85
11,14,50,61,127,134,85,62,59,56,74,96,103,97,75,79,77,85,72,52,53,52,111,93
13,12,50,84,137,114,74,9,11,60,60,93,101,102,78,90,93,88,71,57,14,42,80,120
12,50,59,147,141,113,75,70,79,86,84,88,102,108,118,129,126,106,79,84,56,71,67,124
13,35,54,135,104,75,58,50,15,52,58,108,139,148,128,123,147,123,83,74,72,59,66,81
6,4,16,27,13,37,1,8,0,19,70,121,184,199,169,180,176,157,114,60,53,27,50,22
0,0,7,12,9,12,4,9,0,57,95,142,208,247,187,201,237,205,134,73,35,10,2,11
2,0,0,6,1,5,0,8,33,64,107,163,206,182,160,167,182,162,126,68,41,0,0,0
0,0,0,5,0,0,0,6,13,67,112,129,135,146,154,148,134,128,121,101,23,7,0,0
0,0,0,0,0,0,0,0,0,50,72,107,124,136,141,131,129,121,110,73,41,1,5,6
0,0,0,0,0,0,0,0,0,48,56,77,111,127,134,114,115,118,91,53,17,7,9,0
3,1,6,0,0,0,0,2,7,27,58,64,94,86,78,82,79,81,86,51,12,7,10,0
1,9,13,9,11,13,12,18,24,43,63,68,68,87,86,92,87,68,59,65,33,11,12,11
0,0,9,0,2,7,8,21,21,69,102,105,81,76,81,112,110,88,81,106,46,12,11,8
0,0,9,0,3,0,9,12,54,80,103,109,107,120,146,140,131,116,126,114,69,21,8,9
0,0,4,0,2,0,4,20,59,76,123,129,111,136,149,157,135,137,127,102,63,17,4,11
0,0,7,0,8,8,7,36,66,115,132,129,110,103,92,112,135,138,113,104,48,23,19,17
0,6,9,0,3,13,13,35,62,111,139,132,116,101,70,112,143,146,109,104,50,14,9,10
0,0,0,2,12,6,0,65,101,111,127,134,119,106,101,116,140,144,123,108,67,11,8,5
0,0,1,0,6,8,5,1,100,106,114,122,128,105,102,122,135,127,116,95,14,8,3,11
7,10,8,8,8,2,6,8,102,104,110,117,115,106,101,117,126,120,107,61,31,14,22,7
0,6,0,7,10,6,12,11,51,104,111,114,110,85,102,113,116,106,100,53,28,14,12,13
1,12,7,0,7,6,22,48,64,102,118,125,82,63,94,113,118,107,80,14,11,8,10,11
8,9,0,8,3,7,40,67,69,104,252,141,66,67,86,125,153,110,50,32,14,11,0,9
11,3,0,9,0,12,46,52,61,103,166,106,61,58,64,113,186,72,48,26,14,4,12,12
12,9,9,7,12,13,29,38,47,57,66,55,41,38,44,54,63,51,15,12,12,11,1,1
1,0,1,5,4,9,10,13,13,66,91,53,28,13,26,42,60,58,39,30,19,14,2,6
7,1,1,0,3,2,11,23,51,58,58,53,49,25,9,14,64,58,32,14,11,0,0,0
2,1,0,0,4,3,12,26,50,52,54,53,50,17,19,46,51,52,23,12,13,9,4,3
0,3,0,0,4,0,9,11,15,42,44,33,29,12,14,32,58,56,40,13,8,10,12,13
0,0,0,0,0,0,6,10,13,12,13,14,14,9,12,20,39,38,13,12,3,0,10,3
0,0,0,6,0,0,4,7,6,10,23,14,11,12,5,10,44,36,8,10,9,3,6,2
0,1,4,1,0,2,6,5,12,13,17,13,8,10,12,12,14,10,9,10,13,0,4,8
0,0,0,0,0,0,0,5,12,14,14,16,13,8,13,14,15,6,4,9,2,2,7,3
0,0,0,0,0,0,6,7,10,23,20,28,14,5,14,29,34,19,11,2,6,8,2,1
0,5,2,0,0,0,8,13,25,29,48,50,13,11,13,51,39,25,9,10,5,0,6,2
6,6,0,0,5,8,13,14,26,39,52,50,14,13,14,38,55,28,12,7,0,5,6,9
7,7,0,6,7,5,7,12,30,52,60,53,33,24,28,54,55,52,12,10,4,12,8,4
5,0,5,9,8,1,7,12,14,29,19,10,12,12,18,31,54,49,24,13,12,3,9,5

9,9,0,0,0,11,12,14,12,10,1,0,0,3,2,0,3,6,9,13,35,38,10,7
10,5,4,5,5,24,51,33,43,13,10,0,0,6,6,0,5,7,12,50,62,95,12,8
6,8,13,12,13,93,119,113,63,57,13,2,8,12,3,0,18,11,36,56,80,101,14,13
10,9,14,14,25,69,105,105,61,58,51,7,8,8,9,0,13,30,44,41,68,112,68,11
3,6,29,48,58,105,108,65,61,54,14,14,59,50,59,54,47,15,35,39,53,88,107,14
18,14,42,52,84,128,103,58,56,56,61,72,81,66,71,65,71,64,55,48,37,76,112,86
11,14,50,60,127,133,84,62,58,56,74,97,104,98,75,78,77,86,72,52,52,51,111,93
13,12,50,84,136,113,74,9,11,60,60,94,102,102,78,89,93,89,71,57,14,42,80,120
12,50,59,147,141,113,75,70,80,86,84,89,102,108,118,128,125,106,80,85,56,71,67,123
13,36,55,135,105,75,58,50,15,51,59,108,139,147,127,122,147,124,83,74,72,60,66,81
6,5,16,28,13,37,1,8,0,19,70,122,185,198,167,178,176,158,116,60,53,27,50,21
0,0,7,12,9,12,4,9,0,57,96,145,214,247,188,200,236,209,137,74,36,9,2,11
2,0,0,6,1,5,0,8,35,65,107,169,205,182,163,169,181,162,128,70,42,0,0,0
0,0,0,5,0,0,0,6,13,68,112,129,135,147,157,149,135,128,121,101,25,7,0,0
0,0,0,0,0,0,0,0,0,50,72,107,124,137,142,132,130,122,110,73,41,1,5,6
0,0,0,0,0,0,0,0,1,50,56,77,112,127,135,115,116,119,91,53,18,7,9,0
3,1,7,0,0,0,0,3,8,27,57,64,94,87,78,83,79,81,86,51,12,7,10,0
1,9,13,9,11,12,12,18,24,43,63,67,68,87,87,93,88,69,58,64,32,11,12,11
0,0,9,0,2,7,8,20,19,67,102,105,81,76,81,112,110,87,80,106,46,12,11,8
0,0,9,0,3,0,9,12,52,78,102,109,107,120,146,140,131,115,126,113,69,18,8,9
0,0,4,0,2,0,4,16,58,75,123,128,111,135,148,156,135,136,126,102,62,16,4,10
0,0,7,0,8,8,7,36,66,115,132,129,110,102,91,111,134,137,112,103,47,23,19,18
0,6,9,0,3,13,13,34,62,111,139,132,116,101,69,111,142,146,109,104,50,13,8,10
0,0,0,2,12,6,0,65,101,110,127,134,119,106,101,116,140,144,123,108,65,11,8,5
0,0,1,0,6,7,5,1,100,106,114,122,128,105,102,122,135,127,115,95,14,8,3,11
7,10,8,8,8,2,6,8,102,104,110,117,115,106,101,117,126,120,107,61,31,14,21,7
0,5,0,7,10,6,12,11,51,104,111,114,110,85,102,114,116,106,100,53,28,14,12,13
1,12,7,0,6,6,22,48,64,102,118,125,82,62,94,113,118,107,80,14,11,7,10,11
8,9,0,8,3,7,40,68,69,104,252,141,66,67,85,125,153,110,50,32,14,11,0,9
11,3,0,9,0,12,47,52,61,103,167,106,61,58,64,114,188,72,48,26,14,4,12,12
12,9,9,7,12,13,28,39,47,57,66,55,41,38,44,54,63,51,15,12,12,11,1,1
1,0,2,5,4,9,10,13,13,66,91,53,29,13,27,44,61,58,39,30,20,14,2,6
7,1,1,0,3,2,11,23,51,58,58,53,48,24,9,14,64,58,32,14,11,0,0,0
2,1,0,0,4,3,12,26,50,51,54,54,50,17,20,48,50,53,24,12,13,9,4,3
0,3,0,0,3,0,9,11,16,42,44,33,29,12,14,32,58,56,41,13,8,10,12,13
0,0,0,0,0,0,6,9,13,13,13,14,14,10,12,21,39,37,13,12,3,0,10,3
0,0,0,6,0,0,4,7,5,11,23,14,11,12,5,10,43,36,8,10,9,3,6,2
0,1,4,1,0,2,6,5,12,13,18,13,8,11,12,12,14,10,9,10,13,0,4,8
0,0,0,0,0,0,0,5,12,14,14,17,13,8,13,14,14,6,4,9,2,2,7,3
0,0,0,0,0,0,6,7,10,23,20,29,14,5,14,29,33,19,11,2,6,8,2,1
0,5,2,0,0,0,8,13,25,29,47,50,13,11,14,51,39,26,9,10,5,0,6,2
6,6,0,0,5,8,13,14,25,40,52,50,15,13,14,39,55,28,13,7,0,5,6,9
7,7,0,6,7,5,7,12,30,52,60,53,35,25,28,54,55,52,12,10,4,12,8,4
5,0,5,9,9,1,7,12,14,29,20,10,12,12,18,30,54,50,24,13,12,3,9,5

9,9,0,0,0,11,12,14,12,10,1,0,0,3,2,0,3,6,9,13,35,38,10,7
11,5,4,5,5,25,51,34,43,13,10,0,0,6,6,0,5,7,12,50,62,96,12,8
6,8,13,12,12,91,119,113,63,57,12,2,8,12,3,0,18,11,36,56,79,101,14,13
10,9,14,14,24,68,105,104,61,58,50,7,9,8,9,0,13,30,44,42,68,112,68,11
3,6,27,50,58,105,108,65,61,54,14,14,59,50,59,53,49,14,35,39,53,88,107,14
18,14,42,52,84,127,103,58,56,55,61,72,81,66,70,65,71,64,55,48,37,76,112,86
11,14,50,61,126,133,84,61,58,55,74,97,104,97,75,79,77,86,72,52,52,51,111,93
13,12,50,84,136,113,74,9,11,60,60,94,102,101,78,89,92,89,71,56,14,41,80,120
12,50,59,147,141,113,75,70,80,86,84,88,102,107,117,128,125,106,79,84,56,71,67,123
13,36,55,135,104,75,58,50,14,51,58,108,137,145,126,122,146,124,83,74,73,60,66,81
6,5,16,27,13,36,2,9,5,26,71,123,183,196,166,176,176,159,118,60,53,27,50,21
0,0,7,12,9,12,4,8,0,58,98,148,219,246,189,201,236,212,139,75,36,9,2,10
2,0,0,6,0,4,0,9,36,65,108,173,204,183,167,172,181,161,130,72,43,0,0,0
0,0,0,5,0,0,0,7,14,68,112,129,135,149,160,151,136,128,121,102,26,7,0,0
0,0,0,0,0,0,0,0,0,50,73,108,125,139,143,134,132,122,110,74,44,2,5,6
0,0,0,0,0,0,0,0,2,50,56,78,113,129,137,117,118,120,92,54,18,7,9,0
3,1,7,0,0,0,0,2,8,26,58,65,95,88,80,84,81,82,87,51,12,7,10,0
1,9,13,9,11,12,11,18,24,42,62,67,69,89,89,95,90,69,57,63,32,10,11,11
0,0,9,0,2,7,7,19,17,67,102,105,81,77,82,113,111,88,79,105,45,12,11,8
0,0,9,0,3,0,8,12,51,78,102,109,106,120,146,140,131,115,125,113,68,16,8,9
0,0,4,0,2,0,4,14,58,75,122,128,111,135,148,155,134,136,125,101,61,15,4,10
0,0,7,0,8,8,6,36,66,114,131,128,109,102,91,111,133,137,112,103,47,22,18,17
0,6,9,0,3,13,13,34,62,110,138,132,116,101,69,111,142,146,108,103,50,13,8,10
0,0,0,2,12,6,0,66,101,110,127,134,119,106,101,116,140,144,123,108,67,11,8,5
0,0,1,0,6,7,5,1,100,106,114,122,128,105,103,122,134,127,115,95,14,8,3,11
7,10,8,8,8,3,6,8,102,104,110,117,114,106,101,117,126,120,107,60,31,14,20,7
0,5,0,7,10,6,12,11,50,104,111,114,110,85,102,114,116,106,100,53,27,13,12,13
1,12,7,0,7,6,24,48,64,102,118,125,82,62,94,113,118,107,80,14,11,7,10,11
8,9,0,7,3,7,39,66,69,104,252,141,66,67,85,125,153,110,50,31,13,11,0,9
11,3,0,9,0,12,46,52,61,103,167,107,61,58,64,114,187,72,49,26,14,4,12,12
12,9,9,7,12,13,29,39,47,57,66,55,41,38,44,55,63,51,14,12,12,11,1,1
1,0,2,5,4,9,10,13,13,66,91,53,30,13,26,45,60,58,39,30,20,14,2,6
7,1,1,0,3,1,11,24,50,57,58,53,49,25,9,14,64,58,32,14,11,0,0,0
2,1,0,0,4,2,12,27,50,52,54,53,50,18,21,47,51,53,23,12,13,9,4,4
0,3,0,0,3,0,9,11,15,42,43,32,29,12,14,32,58,56,40,13,8,10,12,13
0,0,0,0,0,0,6,10,13,13,13,14,14,10,12,20,39,37,13,12,3,0,10,3
0,0,0,6,0,0,4,7,5,11,23,14,11,12,6,10,43,37,8,10,9,3,5,2
0,1,4,1,0,2,5,5,12,13,17,13,8,11,12,12,14,10,9,10,13,0,4,8
0,0,0,0,0,0,0,4,12,14,14,17,13,8,13,14,15,6,4,9,2,2,7,3
0,0,0,0,0,0,6,7,10,23,20,29,14,5,14,29,34,18,12,2,6,8,2,1
0,5,2,0,0,0,8,13,25,28,46,48,13,11,14,51,39,25,9,10,5,0,6,2
6,6,0,0,5,8,13,14,26,39,52,50,14,13,14,38,55,26,12,7,0,5,6,9
7,7,0,6,7,5,6,12,31,52,60,53,36,24,28,55,55,52,12,10,4,12,8,4
5,0,5,9,9,1,7,12,14,29,19,10,12,12,19,31,54,50,24,13,12,3,9,5

9,9,0,0,0,11,12,14,12,10,1,0,0,3,2,0,3,6,9,13,34,38,10,7
10,5,4,5,5,23,51,33,42,13,10,0,0,6,6,0,5,7,11,48,62,95,12,8
6,8,13,12,13,91,118,113,62,56,12,2,8,12,3,0,18,11,35,56,79,101,14,13
10,9,14,13,24,68,105,104,61,57,50,7,9,8,9,0,13,30,44,42,68,112,68,11
3,6,27,47,58,105,108,65,61,54,14,13,58,47,58,53,45,14,35,39,53,88,107,14
17,14,43,52,83,127,102,58,56,55,60,72,81,66,70,65,71,64,55,48,37,76,112,85
11,14,50,61,126,132,84,61,58,55,74,97,104,97,75,79,77,85,72,52,53,51,111,93
13,12,50,84,136,113,74,8,11,60,60,94,102,102,78,90,93,89,71,56,14,41,79,120
12,50,59,147,141,112,75,70,80,86,84,88,102,108,118,128,126,107,79,85,55,71,67,123
13,36,55,136,105,75,58,50,15,52,59,108,139,147,128,123,147,124,83,74,73,60,67,81
6,4,15,27,13,37,2,9,5,27,71,123,186,199,167,178,177,159,118,60,53,27,50,22
0,0,7,12,9,12,4,9,0,58,98,147,219,247,188,200,237,212,139,75,36,9,2,10
2,0,0,6,1,5,0,9,35,65,108,172,206,182,165,170,181,163,130,72,43,0,0,0
0,0,0,5,0,0,0,7,14,68,113,130,135,148,159,150,136,128,122,102,27,7,0,0
0,0,0,0,0,0,0,0,0,50,72,108,125,139,143,134,132,122,110,74,43,1,5,6
0,0,0,0,0,0,0,0,3,50,56,78,113,129,136,116,117,120,92,54,18,7,9,0
3,1,6,0,0,0,0,3,8,28,58,64,95,88,79,84,80,82,87,51,12,7,10,0
1,9,13,9,11,12,12,19,25,43,63,67,69,88,88,94,90,69,58,64,32,11,12,11
0,0,9,0,1,7,8,20,19,68,102,105,81,77,82,112,111,88,80,106,46,12,11,8
0,0,9,0,3,0,9,12,52,79,103,109,107,120,147,140,131,115,126,113,69,18,8,9
0,0,4,0,2,0,4,16,58,75,123,129,111,136,149,156,135,137,126,101,62,16,4,10
0,0,7,0,8,8,7,36,66,115,132,129,109,102,92,111,134,137,112,103,47,23,18,17
0,6,9,0,3,13,13,35,62,111,139,132,116,101,68,111,142,146,108,103,50,13,8,10
0,0,0,2,12,6,0,65,101,110,127,134,119,106,101,116,140,144,123,108,67,11,8,5
0,0,1,0,6,7,5,1,100,106,114,122,128,105,102,122,134,127,115,95,14,8,3,11
7,10,8,8,8,2,6,8,102,104,110,117,115,106,101,117,125,120,107,61,32,14,22,7
1,5,0,7,10,6,12,11,51,104,111,114,110,85,102,113,116,106,100,54,28,13,12,13
1,12,7,0,6,6,24,48,64,102,118,125,82,63,93,113,118,106,80,14,11,7,10,11
8,9,0,8,3,7,40,67,69,104,252,141,66,67,85,125,153,110,49,31,14,11,0,9
11,3,0,9,0,12,46,52,61,103,166,106,61,58,64,114,186,72,48,25,14,4,12,12
12,9,9,7,12,13,28,38,47,57,66,55,41,38,44,54,63,51,15,12,12,11,1,1
1,0,1,5,4,10,10,13,13,66,91,53,30,13,27,44,60,58,39,30,20,14,2,6
7,1,1,0,3,2,11,23,50,57,58,53,50,25,9,14,64,58,32,14,11,0,0,0
2,1,0,0,4,3,12,26,50,51,54,54,50,17,19,47,50,53,23,12,13,9,4,3
0,3,0,0,4,0,9,11,16,44,43,33,29,12,14,32,58,56,40,13,8,10,12,13
0,0,0,0,0,0,6,10,13,12,13,14,14,10,12,20,39,37,13,12,3,0,10,3
0,0,0,6,0,0,4,7,5,11,23,14,11,12,5,10,42,36,7,10,9,3,6,2
0,1,4,1,0,2,6,5,12,13,18,13,8,11,12,12,14,10,9,10,13,0,4,8
0,0,0,0,0,0,0,5,12,14,14,17,13,8,13,14,15,6,4,9,2,2,7,3
0,0,0,0,0,0,6,7,10,22,20,29,14,5,14,28,33,18,11,1,6,8,2,1
0,5,2,0,0,0,8,13,25,28,46,48,13,11,13,51,39,25,9,10,5,0,6,2
6,6,0,0,5,8,13,14,24,39,52,50,14,13,14,38,55,25,12,6,0,5,6,9
7,7,0,6,7,5,7,12,30,52,60,53,35,24,28,54,55,52,12,10,4,12,8,4
5,0,5,9,8,1,7,12,13,28,19,10,12,12,18,31,53,50,24,13,12,3,9,5

9,9,0,0,0,11,12,14,12,10,2,0,0,3,2,0,3,6,8,13,36,37,10,7
10,5,4,5,4,23,51,34,42,13,10,0,0,6,6,0,5,7,12,48,62,95,12,8
6,8,13,12,13,91,118,113,63,56,13,2,8,12,3,0,18,11,33,56,79,101,14,13
10,9,14,13,24,68,105,104,61,57,50,7,9,8,9,0,13,30,44,42,68,112,68,11
3,6,27,47,58,105,108,65,61,54,14,13,59,50,58,53,46,14,35,39,53,88,107,14
17,14,43,52,83,127,102,58,56,55,60,72,81,66,70,66,71,64,55,48,37,76,112,86
11,14,50,61,126,133,84,61,58,56,74,97,104,97,75,79,77,86,73,52,52,52,111,93
13,12,50,84,136,113,74,8,11,61,60,94,102,102,78,90,93,90,71,57,14,42,80,120
12,50,59,148,141,113,75,70,80,86,84,89,103,108,117,129,126,107,80,85,56,71,67,123
13,36,55,136,105,75,58,50,15,52,59,109,140,148,128,123,148,125,84,74,73,60,67,81
7,5,16,28,13,37,2,9,6,27,71,123,187,200,168,179,177,158,117,60,53,27,50,22
0,0,7,12,9,13,5,9,0,58,97,146,217,249,187,199,238,210,138,74,36,9,2,10
3,0,0,6,1,5,0,9,35,65,108,169,208,181,162,168,182,164,129,71,42,0,0,0
0,0,0,5,0,0,0,6,14,68,112,129,135,147,156,149,135,128,121,101,25,7,0,0
0,0,0,0,0,0,0,0,0,50,72,108,124,137,142,132,130,122,110,74,42,1,5,6
0,0,0,0,0,0,0,0,2,50,56,77,112,128,135,115,116,119,92,53,18,7,10,0
3,1,7,0,0,0,0,3,8,29,58,64,95,87,78,83,79,81,87,51,12,7,10,0
1,9,13,9,11,12,12,19,25,43,63,68,69,88,87,93,89,69,59,65,33,11,12,11
0,0,9,0,1,7,8,21,22,69,102,105,81,77,81,112,111,88,82,106,47,12,11,8
0,0,9,0,3,0,9,12,54,80,103,110,107,120,147,141,131,116,127,114,69,20,8,9
0,0,4,0,2,0,4,19,59,76,123,129,111,136,149,157,135,137,127,102,63,17,4,11
0,0,7,0,8,8,7,36,66,115,132,129,110,103,92,112,135,138,113,104,48,23,19,18
0,6,9,0,3,13,13,35,63,111,139,132,116,101,69,112,143,146,109,104,51,14,9,10
0,0,0,2,12,6,0,66,101,111,127,134,119,106,101,116,140,144,123,108,68,11,8,5
0,0,1,0,6,8,5,2,100,106,114,122,128,105,102,122,135,127,115,96,14,8,3,11
7,10,8,8,8,2,6,8,102,104,110,117,115,106,101,117,126,120,107,61,32,14,22,7
1,5,0,7,10,6,12,11,51,104,111,114,110,86,102,113,116,106,100,54,27,14,12,13
1,12,7,0,7,6,24,48,64,102,118,125,82,62,95,112,118,107,80,14,11,7,10,11
8,9,0,8,3,7,40,68,69,104,252,141,66,67,85,124,152,110,50,31,14,11,0,9
11,3,0,9,0,12,44,52,61,103,166,106,61,58,64,113,185,72,48,25,14,4,12,12
12,9,9,7,12,13,29,38,47,57,66,55,41,39,44,54,63,50,14,12,12,11,1,1
1,0,1,5,4,10,10,13,13,66,91,53,29,13,23,43,60,58,39,30,19,14,2,6
7,1,1,0,3,2,11,23,50,57,58,53,50,24,9,14,64,58,31,14,11,0,0,0
2,1,0,0,4,3,12,26,50,51,54,53,50,17,20,46,50,52,23,12,13,9,4,3
0,3,0,0,4,0,9,11,15,43,43,33,29,12,14,32,58,56,40,13,8,10,12,13
0,0,0,0,0,0,6,10,13,12,13,14,14,10,12,19,39,37,13,12,3,0,10,3
0,0,0,6,0,0,4,7,5,10,23,14,11,12,5,10,42,35,7,10,9,3,5,2
0,1,4,1,0,2,6,5,12,13,16,13,8,10,12,12,14,10,9,10,13,0,4,8
0,0,0,0,0,0,0,4,12,14,14,16,13,8,13,14,14,6,4,9,2,2,7,3
0,0,0,0,0,0,6,7,10,23,20,28,14,5,14,28,32,18,11,2,6,8,2,1
0,5,2,0,0,0,8,13,25,27,46,50,13,11,14,51,39,26,9,10,5,0,6,2
6,6,0,0,5,8,13,14,24,39,52,50,14,13,14,38,55,25,12,7,0,5,6,9
7,7,0,6,7,5,7,12,30,52,60,53,36,24,28,55,55,52,12,10,4,12,8,4
5,0,5,9,9,1,7,12,13,28,18,10,12,12,17,31,53,49,24,13,12,3,9,5

9,9,0,0,0,11,12,14,12,10,1,0,0,3,2,0,3,6,9,13,35,38,10,7
10,5,3,5,4,23,51,33,41,13,10,0,0,6,6,0,5,7,11,48,62,95,12,8
6,8,13,12,12,91,118,113,63,56,12,2,8,12,3,0,18,11,35,56,79,101,14,13
10,9,14,13,24,68,105,104,61,57,50,7,9,8,9,0,13,30,44,41,68,112,68,11
3,6,28,47,58,105,108,65,60,54,14,13,58,50,58,53,47,14,35,39,53,88,107,14
17,14,42,52,83,127,102,58,56,55,60,71,81,66,70,65,71,64,55,48,37,76,112,86
11,14,50,61,126,132,84,62,58,55,74,97,103,97,75,79,77,85,72,52,53,52,111,93
13,12,50,84,136,113,74,8,11,60,60,94,102,102,78,90,93,89,71,57,14,41,80,120
12,50,59,148,142,113,76,71,80,86,84,89,103,109,118,129,126,107,80,85,56,71,67,123
13,36,55,136,105,75,58,50,15,52,59,108,141,149,129,124,148,125,84,74,73,60,66,81
7,5,16,28,13,38,2,9,6,28,71,123,188,202,170,180,178,159,117,60,53,27,50,23
0,0,7,12,9,13,5,9,0,58,97,146,218,250,188,200,238,210,137,74,36,9,2,10
2,0,0,6,1,5,0,9,35,65,108,169,210,182,161,168,182,165,129,70,42,0,0,0
0,0,0,5,0,0,0,7,14,68,112,130,135,147,155,149,134,128,122,101,25,7,0,0
0,0,0,0,0,0,0,0,0,50,72,108,124,137,141,132,130,121,110,73,42,1,5,6
0,0,0,0,0,0,0,0,3,50,56,77,112,127,135,115,116,119,92,53,17,7,9,0
3,1,7,0,0,0,0,3,8,30,58,64,94,87,78,83,79,81,87,52,13,7,10,0
1,9,13,9,10,12,12,19,25,44,63,68,69,87,86,93,88,69,60,66,33,11,12,11
0,0,9,0,1,7,8,22,23,69,102,105,81,76,81,112,111,89,82,107,47,12,11,8
0,0,9,0,3,0,9,12,54,80,103,110,107,121,147,141,131,116,127,114,70,21,8,9
0,0,4,0,2,0,4,20,59,76,123,130,111,136,149,158,135,137,127,102,63,18,4,11
0,0,7,0,8,8,7,36,67,115,132,129,110,102,92,112,135,138,113,104,48,23,19,17
0,6,9,0,3,13,13,35,63,111,139,132,116,101,69,112,143,146,109,104,51,14,9,10
0,0,0,2,12,6,0,65,101,111,127,134,119,106,101,116,140,144,123,108,68,11,8,5
0,0,1,0,6,8,5,2,100,106,114,122,128,105,102,122,135,127,115,96,14,8,3,11
7,10,8,8,8,2,6,8,102,104,110,117,115,106,101,117,126,120,107,60,32,14,22,7
0,5,0,7,10,6,12,11,52,104,111,114,110,85,102,113,116,106,100,54,27,14,12,13
1,11,7,0,6,6,22,48,64,102,118,125,82,63,94,112,118,107,80,14,11,8,10,11
8,9,0,7,3,7,41,68,69,104,252,141,66,67,85,124,152,110,49,31,14,11,0,9
11,3,0,9,0,12,46,52,61,103,166,106,61,58,64,113,185,72,48,26,14,4,12,12
12,9,9,7,12,13,29,39,47,57,66,55,41,38,44,54,62,51,14,11,12,11,1,1
1,0,1,5,4,9,10,13,13,66,91,53,28,13,25,43,60,58,39,30,19,14,2,6
7,1,1,0,3,2,11,24,50,57,58,53,48,23,9,14,64,58,32,14,11,0,0,0
2,1,0,0,4,3,12,26,50,51,54,53,50,17,19,46,50,52,22,12,13,9,4,3
0,3,0,0,4,0,9,11,15,41,43,32,29,12,14,32,58,56,39,13,8,10,12,13
0,0,0,0,0,0,6,9,13,12,13,14,14,10,11,19,39,36,13,12,3,0,10,3
0,0,0,6,0,0,4,7,5,10,24,14,11,12,5,10,43,36,7,10,9,3,5,2
0,1,4,1,0,2,6,5,12,13,18,13,8,10,12,12,14,10,9,10,13,0,4,8
0,0,0,0,0,0,0,5,12,14,13,16,13,8,13,14,14,6,4,9,2,2,7,3
0,0,0,0,0,0,6,7,10,22,20,28,14,5,14,27,33,18,11,1,6,8,2,1
0,5,2,0,0,0,8,13,25,27,47,50,13,11,14,51,39,25,9,10,5,0,6,2
6,6,0,0,5,8,13,14,24,38,52,50,14,13,14,38,55,25,12,6,0,4,6,9
6,7,0,6,7,5,7,12,31,52,60,53,35,24,28,55,55,52,12,10,4,12,8,4
5,0,5,9,8,1,7,12,13,28,18,10,12,12,18,30,53,50,24,13,12,3,9,5

9,9,0,0,0,11,12,14,12,10,1,0,0,3,2,0,3,6,9,13,35,38,10,7
10,5,4,5,4,23,51,33,42,13,10,0,0,6,6,0,5,7,12,48,62,95,12,8
6,8,13,12,12,91,118,113,62,56,12,2,8,12,3,0,18,11,36,56,79,101,14,13
10,9,14,13,24,68,105,104,61,57,50,7,9,8,9,0,13,30,44,41,68,112,68,11
3,6,27,46,58,105,107,65,61,54,14,13,58,48,58,53,46,14,35,39,53,88,107,14
17,14,42,52,83,127,102,58,56,55,60,71,81,66,70,65,71,64,55,48,37,75,112,86
11,14,50,61,126,132,84,61,58,55,74,97,103,97,75,78,77,85,72,53,53,52,111,93
13,12,50,84,136,113,74,9,11,60,60,93,101,102,78,90,93,89,71,57,14,41,80,120
12,50,59,148,142,113,75,70,80,86,84,88,103,108,118,129,126,107,80,85,56,71,67,123
13,36,55,136,105,75,58,50,15,52,59,108,141,149,129,124,148,125,84,74,73,60,67,81
7,5,16,28,13,38,2,9,6,29,71,124,188,203,170,180,178,159,117,60,53,27,50,22
0,0,7,12,9,13,5,9,0,58,97,146,220,252,189,201,238,212,138,74,36,9,2,10
2,1,0,6,1,5,0,9,35,65,108,170,210,182,163,168,182,165,130,71,43,0,0,0
0,0,0,5,0,0,0,7,14,68,112,130,135,147,156,149,135,128,122,101,26,7,0,0
0,0,0,0,0,0,0,0,0,50,72,108,124,137,142,132,131,122,110,74,42,1,5,6
0,0,0,0,0,0,0,0,3,50,56,77,112,128,135,115,116,119,91,53,18,7,10,0
3,1,7,0,0,0,0,3,8,30,58,64,95,87,78,83,79,81,87,52,13,7,10,0
1,9,13,9,10,12,12,20,25,44,64,68,69,88,87,93,89,69,60,66,33,11,12,11
0,0,9,0,1,8,8,21,22,69,102,105,81,76,81,112,111,89,82,106,46,12,12,8
0,0,9,0,3,0,9,12,54,80,103,110,107,121,147,141,131,116,127,114,70,20,8,9
0,0,4,0,2,0,4,19,59,76,123,129,111,136,149,157,135,137,127,102,63,17,4,11
0,0,7,0,8,8,7,36,67,115,132,129,110,103,92,112,135,137,113,104,48,23,19,17
0,6,9,0,3,13,13,35,63,111,139,132,116,101,70,112,142,146,109,104,51,14,9,10
0,0,0,2,12,6,0,66,101,111,127,134,119,106,101,116,140,144,123,108,68,11,8,5
0,0,1,0,6,8,5,2,100,106,114,122,128,105,103,122,134,127,115,96,14,8,3,11
7,10,8,8,8,3,6,8,102,104,110,117,115,106,101,117,125,120,108,61,32,14,22,7
0,5,0,7,10,6,12,11,52,104,111,114,110,86,102,113,116,105,100,53,27,14,12,13
1,12,7,0,7,6,22,47,64,102,118,125,82,63,94,112,118,106,80,14,11,8,10,11
8,9,0,7,3,7,41,67,69,104,252,141,66,67,85,125,152,110,50,31,13,11,0,9
11,3,0,9,0,12,46,52,61,103,166,106,61,58,64,113,185,72,48,25,14,4,12,12
12,9,9,7,12,13,28,38,47,57,66,55,41,39,44,54,63,50,15,12,12,11,1,1
1,0,1,5,4,9,10,13,13,66,91,53,29,13,25,43,60,58,39,30,19,14,2,6
7,1,1,0,3,2,11,25,50,57,58,53,48,25,9,14,64,58,32,13,11,0,0,0
2,1,0,0,4,3,12,26,50,52,54,53,50,17,18,47,50,52,22,12,13,9,4,3
0,3,0,0,3,0,9,11,15,42,43,33,29,12,14,32,58,56,40,13,8,10,12,13
0,0,0,0,0,0,6,10,13,12,13,14,14,10,12,18,39,37,13,12,3,0,10,3
0,0,0,6,0,0,4,7,5,10,22,14,11,12,5,10,41,35,7,10,9,3,6,2
0,1,4,1,0,2,5,5,12,13,17,13,8,10,12,12,14,10,9,10,13,0,4,8
0,0,0,0,0,0,0,4,12,14,14,16,13,8,13,14,14,6,4,9,2,2,7,3
0,0,0,0,0,0,6,7,10,23,20,29,14,5,14,28,33,18,11,2,6,8,2,1
0,5,2,0,0,0,8,13,25,27,47,48,13,11,14,51,39,24,9,10,5,0,6,2
6,6,0,0,5,8,13,14,24,39,52,50,14,13,14,38,55,27,12,7,0,5,6,9
6,7,0,6,7,5,7,12,30,52,60,53,35,24,28,54,55,52,12,10,4,12,8,4
5,0,5,9,8,1,7,12,13,29,19,10,12,12,18,31,53,50,24,13,12,3,9,5

9,9,0,0,0,11,12,14,12,10,1,0,0,3,2,0,3,6,9,13,34,38,10,7
11,5,4,5,5,24,51,33,42,13,10,0,0,6,6,0,5,7,12,48,62,95,12,8
6,8,13,12,12,90,118,113,63,56,12,2,8,12,3,0,18,11,35,56,79,101,14,13
10,9,14,13,24,68,105,104,61,58,50,7,9,8,9,0,13,30,44,42,68,112,68,11
3,6,27,47,58,105,107,65,61,54,14,13,58,48,58,53,46,14,35,39,53,88,107,14
18,14,43,52,83,126,102,58,56,55,60,71,81,66,70,65,71,64,55,48,37,75,112,86
11,14,50,60,126,132,84,61,59,55,74,96,103,97,75,78,77,85,72,52,52,52,111,93
13,12,50,84,136,113,74,9,11,60,60,93,101,101,78,90,92,88,71,56,14,41,80,120
12,50,59,147,142,113,75,71,80,86,84,88,102,108,117,128,125,106,79,85,56,71,67,123
13,37,55,136,105,75,58,50,15,52,58,107,138,147,128,123,147,124,83,74,73,60,67,81
7,5,16,27,13,37,2,9,6,32,71,123,186,200,169,180,178,159,118,60,53,26,50,22
0,0,7,12,9,13,4,9,0,58,97,147,222,253,191,203,239,214,140,75,36,9,2,10
2,0,0,6,1,4,0,9,36,65,108,173,209,185,167,171,182,164,131,72,43,0,0,0
0,0,0,5,0,0,0,7,14,69,113,130,136,149,160,151,136,129,122,102,28,7,0,0
0,0,0,0,0,0,0,0,1,51,73,109,126,139,144,134,132,123,110,75,45,2,5,7
0,0,0,0,0,0,0,0,4,50,56,78,113,129,137,117,118,120,93,55,20,7,10,0
3,1,7,0,0,0,0,3,8,30,58,65,96,88,79,84,81,82,88,51,12,7,10,0
1,9,13,9,10,13,12,20,25,43,63,68,70,89,89,94,90,70,59,64,32,11,12,11
0,0,9,0,1,7,8,20,20,68,102,105,82,77,82,113,111,88,80,106,45,12,11,8
0,0,9,0,3,0,9,12,53,79,103,109,107,120,147,140,131,115,126,113,68,18,8,9
0,0,4,0,2,0,4,16,59,76,123,129,111,136,149,156,135,136,126,101,62,16,4,10
0,0,7,0,8,8,7,36,66,115,132,129,110,102,92,111,134,137,112,103,47,23,19,17
0,6,9,0,3,13,13,35,62,111,139,132,116,101,70,111,142,146,108,103,50,13,8,10
0,0,0,2,12,6,0,66,101,111,127,134,119,106,101,116,140,144,123,108,67,11,8,5
0,0,1,0,6,8,5,1,100,106,114,122,128,105,103,121,134,127,115,95,14,8,3,11
7,10,8,8,8,3,6,8,102,104,110,117,115,106,101,117,125,120,107,60,31,14,22,7
0,5,0,7,9,6,12,11,51,104,111,114,110,85,102,113,116,105,100,53,28,14,12,13
1,12,7,0,7,6,24,48,64,102,118,125,81,62,94,112,118,106,79,14,11,7,10,11
8,9,0,7,3,7,39,68,69,104,252,141,66,67,86,125,152,110,49,31,13,11,0,9
11,3,0,9,0,12,46,52,61,103,166,106,61,58,64,113,186,72,48,25,14,4,12,12
12,9,9,7,12,13,28,39,47,57,66,55,41,38,44,54,63,50,14,12,12,11,1,1
1,0,1,5,4,9,10,13,13,66,91,53,30,13,25,44,60,58,39,30,19,14,2,6
7,1,1,0,3,2,11,24,50,57,58,53,48,26,9,14,64,57,32,13,11,0,0,0
2,1,0,0,4,2,12,26,50,51,54,53,50,17,18,47,50,52,22,12,13,9,4,3
0,3,0,0,3,0,9,11,15,43,43,32,29,12,14,32,58,56,40,13,8,10,12,13
0,0,0,0,0,0,6,10,13,12,13,14,14,10,11,19,39,37,13,12,3,0,10,3
0,0,0,6,0,0,4,7,5,11,22,14,11,12,5,10,42,35,7,10,9,3,5,2
0,1,4,1,0,2,6,5,12,13,18,13,8,11,12,12,14,10,9,10,13,0,4,8
0,0,0,0,0,0,0,4,12,14,13,17,13,8,13,14,14,6,4,9,2,2,7,3
0,0,0,0,0,0,6,7,10,23,20,29,14,5,14,29,34,18,11,2,6,8,2,1
0,5,2,0,0,0,8,13,25,28,46,48,13,11,14,51,39,25,9,10,5,0,6,2
6,6,0,0,5,8,13,14,25,39,52,50,14,13,14,38,55,26,12,7,0,5,6,9
7,7,0,6,7,5,7,12,30,52,60,53,35,24,28,54,55,52,12,10,4,12,8,4
5,0,5,9,8,1,7,12,13,29,19,10,12,12,18,31,53,50,24,13,12,3,9,5
7,10,17,21,13,8,6,3,0,2,3,0,0,2,11,13,28,51,11,0,0,0,9,8
8,12,89,61,51,11,6,5,0,7,5,0,0,10,13,54,43,55,16,3,4,1,2,10
13,14,93,88,57,14,11,21,1,5,14,7,2,13,57,65,113,116,88,12,11,13,7,5
12,59,113,81,43,44,29,14,0,6,6,8,6,44,57,61,106,107,67,18,13,14,8,10
13,105,96,58,39,34,13,14,6,15,9,17,8,9,53,61,70,113,106,56,44,25,5,3
82,114,82,37,48,49,44,60,58,62,61,71,58,55,52,56,59,114,133,80,52,41,14,18
93,114,55,52,28,52,72,69,71,70,89,94,88,63,51,57,62,96,145,128,60,50,14,11
120,81,36,13,51,57,70,79,82,69,93,91,80,54,58,9,7,81,121,142,78,49,12,12
129,66,68,53,76,67,92,115,121,108,97,89,78,79,80,75,67,72,114,152,139,58,46,12
82,65,59,70,68,74,111,135,114,119,133,120,98,51,16,13,41,57,77,115,127,53,35,13
28,50,26,53,58,101,142,158,168,160,181,160,103,64,11,0,6,1,34,14,29,15,6,6
9,0,10,33,67,122,181,225,206,191,237,186,128,85,52,0,7,4,13,9,14,7,0,0
0,0,0,31,60,116,153,190,178,170,186,194,149,104,57,6,0,0,7,2,6,0,0,3
0,0,4,14,100,119,129,137,152,160,149,134,125,109,59,3,0,0,0,0,6,0,0,0
6,4,0,34,73,111,124,133,134,143,138,123,106,70,39,0,0,0,0,0,0,0,0,0
0,9,7,18,55,96,122,119,118,136,128,111,76,55,43,0,0,0,0,0,0,0,0,0
0,10,7,14,56,93,86,82,85,79,87,93,64,57,26,6,0,0,0,2,0,7,2,3
11,13,12,36,69,65,76,94,96,90,88,68,70,65,42,21,13,13,13,12,9,12,9,1
9,11,13,50,108,88,96,116,115,82,77,82,106,102,67,12,18,9,7,4,0,9,0,0
10,9,30,75,117,130,120,135,144,149,122,108,110,103,78,48,12,9,0,4,0,9,0,0
11,5,22,75,107,133,143,140,165,154,140,112,130,123,75,58,19,3,0,2,0,4,0,0
18,21,24,54,107,120,143,140,116,94,104,110,129,131,113,63,36,6,7,8,0,7,0,0
10,9,15,58,106,114,149,145,113,72,101,116,132,139,110,60,34,12,13,3,0,9,6,0
6,9,12,73,109,126,147,142,116,100,107,118,134,126,110,101,61,0,7,12,2,0,0,0
12,4,9,14,100,118,129,137,122,103,105,128,122,114,106,100,0,4,7,7,1,1,0,0
7,23,14,32,66,108,122,127,118,101,107,114,116,110,103,102,7,5,2,8,8,8,10,7
13,12,14,30,54,100,106,117,114,102,87,110,114,111,104,43,9,12,7,9,7,0,6,1
11,10,8,11,14,82,107,119,113,94,64,82,125,118,102,61,45,21,6,7,0,7,12,1
9,1,12,14,33,50,110,150,124,85,67,67,140,243,104,68,66,36,7,3,8,0,9,8
12,12,4,14,26,49,73,187,112,64,58,61,109,169,104,61,52,47,12,0,10,0,3,11
1,1,11,12,12,15,51,63,54,44,38,41,56,66,57,46,38,29,13,12,7,9,9,12
6,2,14,19,30,40,58,60,40,21,12,30,53,90,64,13,13,10,9,3,5,2,0,1
0,0,0,11,14,32,58,64,14,8,23,46,53,58,57,50,23,11,1,3,0,1,1,7
3,4,9,13,12,23,53,51,45,19,17,50,53,54,51,49,24,12,2,4,0,0,1,2
13,12,10,8,13,40,57,59,32,14,12,29,33,42,41,14,11,9,0,3,0,0,3,0
3,10,0,3,12,13,39,40,20,12,10,14,14,13,12,12,9,6,0,0,0,0,0,0
2,6,3,9,10,8,39,43,10,5,12,11,14,22,10,5,6,4,0,0,6,0,0,0
8,4,0,13,10,9,10,14,12,12,10,8,13,17,13,12,5,5,2,0,1,4,1,0
3,7,1,2,9,4,6,14,14,13,8,13,15,13,14,12,4,0,0,0,0,0,0,0
1,1,8,6,2,12,18,32,24,14,5,13,28,19,22,10,7,6,0,0,0,0,0,0
2,6,0,5,10,9,22,38,50,13,11,13,48,42,25,25,13,8,0,0,0,2,5,0
9,6,4,0,7,11,26,55,38,13,13,14,50,51,36,21,14,13,8,5,0,0,6,6
4,8,12,4,11,10,52,55,54,26,23,31,52,60,52,28,12,6,5,7,6,0,7,6
5,9,3,12,13,24,50,53,26,16,12,12,9,17,29,13,12,7,1,8,9,5,0,5

6,10,30,29,13,8,5,2,0,1,3,0,0,1,10,11,12,11,11,0,0,0,9,8
7,12,93,61,47,11,6,5,0,6,5,0,0,9,13,41,35,52,21,4,4,2,2,10
12,14,98,80,55,21,11,18,1,3,12,7,1,13,56,63,113,117,88,12,11,13,7,5
11,65,112,73,38,43,28,12,0,5,7,8,6,43,57,61,106,106,67,20,13,14,8,10
14,106,91,55,38,34,12,22,14,42,14,37,11,11,52,61,70,112,105,56,41,24,5,2
84,112,77,36,47,52,58,67,63,66,63,77,66,58,52,55,58,109,128,82,52,40,14,15
92,111,52,52,38,63,81,74,75,72,93,100,94,68,52,56,61,88,133,125,60,49,13,11
118,78,36,13,53,64,81,86,85,72,96,97,89,55,58,9,6,75,113,137,82,46,11,12
125,66,69,53,78,72,100,120,124,111,100,95,83,80,81,75,67,73,111,145,144,58,47,12
80,65,59,70,69,77,116,140,117,121,135,126,103,54,29,14,44,57,75,108,132,54,35,13
22,49,25,53,58,109,148,164,166,154,181,166,111,66,12,0,6,1,34,13,27,14,5,5
10,1,9,36,72,131,198,228,194,180,233,202,138,92,54,0,8,4,12,9,13,7,0,0
0,0,0,40,68,126,157,179,168,161,174,196,163,106,62,24,2,0,7,0,6,0,0,2
0,0,6,28,102,121,128,135,150,156,147,134,129,111,66,10,3,0,0,0,5,0,0,0
6,4,0,44,75,111,123,132,134,142,137,124,108,73,50,0,0,0,0,0,0,0,0,0
0,9,7,18,54,94,121,118,117,136,127,112,77,56,45,0,0,0,0,0,0,0,0,0
0,10,7,13,53,90,85,81,85,79,87,94,64,58,22,6,0,0,0,2,0,7,2,3
11,12,11,34,65,61,73,92,95,89,88,68,68,63,42,20,14,12,13,12,9,13,9,1
8,11,12,48,107,84,92,114,114,82,77,81,105,102,66,11,17,8,7,3,0,9,0,0
10,9,24,73,115,128,118,133,142,148,121,107,109,102,77,45,12,9,0,4,0,9,0,0
11,5,19,71,105,131,141,138,162,152,138,111,129,122,74,57,14,3,0,2,0,4,0,0
18,21,24,51,106,118,141,138,115,93,103,109,128,131,113,64,36,6,7,8,0,7,0,0
10,9,14,53,106,113,149,144,112,69,101,115,132,139,110,60,34,12,13,3,0,9,6,0
5,9,12,70,109,126,147,142,116,101,106,118,134,126,110,101,62,0,6,12,2,0,0,0
11,4,8,14,100,117,129,136,122,102,105,128,122,114,106,100,0,3,7,6,1,1,0,0
7,22,14,32,63,108,121,127,118,101,107,114,116,110,103,102,8,5,2,8,8,8,10,7
13,12,14,29,54,100,106,117,114,102,86,110,114,111,104,43,9,12,7,10,7,0,5,1
11,10,8,11,14,82,107,119,113,94,63,82,125,118,102,62,46,24,6,7,0,7,12,1
9,1,11,14,33,50,110,151,124,86,67,67,140,245,104,69,66,37,7,3,8,0,9,8
12,12,4,14,27,49,73,190,112,64,58,61,108,169,104,61,52,46,12,0,10,0,3,11
1,1,11,12,12,15,51,63,54,44,38,41,56,66,57,46,38,29,13,12,7,9,9,12
6,2,14,20,30,40,59,60,41,23,13,29,53,91,64,13,13,10,9,3,5,2,0,1
0,0,0,11,14,32,59,64,14,8,25,45,53,58,57,50,23,11,2,3,0,1,1,7
3,4,9,13,13,25,53,51,46,18,18,50,53,54,51,50,25,12,2,4,0,0,1,2
13,12,10,9,13,41,57,59,32,14,12,29,31,42,41,14,11,9,0,3,0,0,3,0
3,10,0,4,12,13,40,39,21,12,10,14,14,13,12,12,9,6,0,0,0,0,0,0
2,6,3,9,10,8,38,45,10,5,12,11,14,22,10,5,7,4,0,0,6,0,0,0
8,4,0,13,10,9,10,14,12,12,10,8,13,17,13,12,5,5,2,0,1,4,1,0
3,7,2,2,9,4,7,14,14,13,8,13,15,13,14,12,4,0,0,0,0,0,0,0
1,2,8,6,2,12,18,33,27,14,5,14,28,19,22,10,7,6,0,0,0,0,0,0
2,6,0,5,10,9,24,39,50,13,11,13,47,43,25,25,13,8,0,0,0,2,5,0
9,6,5,0,7,11,29,55,38,13,13,14,50,52,37,21,14,13,8,5,0,0,6,6
4,8,12,4,11,10,52,55,54,27,23,32,52,59,52,27,12,6,5,7,6,0,7,7
5,9,3,12,13,24,50,53,27,16,12,12,10,18,29,13,12,7,1,9,9,5,0,5

6,10,36,31,13,8,5,2,0,1,3,0,0,0,10,12,13,11,11,0,0,0,9,8
7,12,95,61,45,12,6,4,0,5,5,0,0,9,12,27,33,52,24,4,4,2,2,10
13,14,100,79,55,24,11,17,0,3,12,7,1,13,56,63,114,119,93,12,11,13,7,5
11,66,112,70,38,43,29,12,0,6,8,8,6,44,58,61,105,106,69,22,13,14,8,10
14,107,90,54,38,34,13,30,35,53,28,51,12,12,53,61,68,111,106,58,45,25,5,2
84,112,77,36,47,53,61,69,64,69,65,80,69,59,53,55,58,106,130,85,52,41,14,15
92,111,52,52,46,66,83,75,76,74,95,102,95,71,53,56,61,86,134,128,61,50,13,11
119,78,37,13,54,66,84,88,87,74,97,99,92,57,59,9,7,75,113,137,83,46,11,12
125,67,70,54,80,75,102,122,125,112,102,97,85,81,82,76,68,74,111,143,145,58,46,12
80,65,59,70,70,78,118,142,118,122,137,128,105,56,41,14,44,57,75,105,132,54,36,13
23,50,25,53,58,109,149,166,166,154,182,169,113,67,12,0,6,1,34,13,27,15,5,5
10,2,9,36,71,131,199,228,191,178,230,199,139,93,55,0,8,4,12,9,13,7,0,0
0,0,0,39,68,125,156,177,164,156,171,195,163,107,62,26,3,0,7,0,6,0,0,2
0,0,6,25,101,121,127,133,148,153,145,134,128,112,65,10,3,0,0,0,5,0,0,0
6,4,0,39,74,110,122,130,132,141,136,123,107,72,50,0,0,0,0,0,0,0,0,0
0,9,7,14,53,92,120,116,115,134,126,111,77,56,43,0,0,0,0,0,0,0,0,0
0,10,7,13,53,87,82,79,83,78,86,93,64,57,21,6,0,0,0,2,0,7,1,3
11,12,11,33,64,60,71,89,93,86,86,67,66,63,42,21,14,12,13,12,9,13,9,1
8,11,12,47,107,83,90,112,113,81,76,80,105,102,66,11,16,8,7,3,0,9,0,0
9,8,22,72,115,128,118,132,141,147,120,107,109,102,77,47,12,9,0,4,0,9,0,0
11,5,18,69,105,130,140,138,161,151,138,111,128,122,75,58,15,3,0,2,0,4,0,0
18,20,23,51,105,117,141,137,114,93,103,109,128,131,113,64,36,6,7,8,0,7,0,0
10,9,14,52,106,113,148,144,112,70,101,115,131,138,110,60,34,12,13,3,0,9,6,0
5,9,12,70,109,125,147,142,116,101,106,119,134,126,110,101,62,0,6,12,2,0,0,0
11,3,8,14,98,117,129,136,122,102,105,128,122,114,106,100,0,3,7,6,1,1,0,0
7,22,14,32,63,108,121,127,118,101,107,115,117,110,103,102,8,5,2,8,8,9,10,7
13,12,14,28,54,100,106,117,114,102,87,110,114,111,104,43,9,12,7,10,7,0,5,1
11,10,8,11,14,81,107,119,113,94,63,82,125,118,102,62,46,24,6,7,0,7,12,1
9,1,11,14,33,50,110,152,125,85,67,67,140,247,104,68,66,39,7,3,8,0,9,8
12,12,4,14,27,49,73,191,113,64,58,61,109,170,104,61,52,47,12,0,10,0,3,11
1,1,11,12,12,15,51,64,54,44,39,42,56,66,57,46,38,29,13,12,7,9,9,12
6,2,14,20,30,40,58,60,42,22,13,31,53,91,65,13,13,10,9,3,5,2,0,1
0,0,0,11,14,33,58,64,14,9,23,49,53,58,57,50,23,11,2,3,0,1,1,7
4,4,9,13,13,25,53,51,47,20,17,50,53,54,51,50,26,12,2,4,0,0,1,2
13,12,10,9,13,42,57,59,33,14,12,29,33,43,41,15,11,9,0,3,0,0,3,0
4,10,0,4,12,13,40,40,21,12,10,14,14,13,12,13,9,6,0,0,0,0,0,0
2,6,3,9,10,9,39,44,10,5,12,11,14,24,11,5,7,4,0,0,6,0,0,0
8,4,0,13,10,10,11,14,12,12,11,8,13,18,13,12,5,5,2,0,1,4,1,0
3,7,1,2,9,4,7,17,14,13,8,13,16,14,14,12,4,0,0,0,0,0,0,0
1,2,8,7,2,12,19,34,28,14,5,14,29,20,22,10,7,6,0,0,0,0,0,0
2,6,0,5,10,9,27,39,50,13,11,13,48,44,25,25,13,8,0,0,0,2,5,0
9,6,5,0,7,11,28,55,38,14,13,14,50,52,39,24,14,13,8,5,0,0,6,6
4,8,12,5,11,9,52,55,54,27,24,33,53,60,52,28,12,7,5,7,6,0,7,7
5,9,3,12,13,24,50,54,29,16,12,12,10,19,30,14,12,7,1,9,9,5,0,5

7,10,39,35,13,8,5,2,0,1,3,0,0,1,10,12,14,13,11,0,0,0,9,8
7,12,95,62,47,12,6,4,0,5,5,0,0,9,13,42,33,52,24,4,4,2,2,10
13,14,100,79,55,25,11,17,0,2,12,7,1,13,57,63,114,121,95,12,11,13,7,5
11,66,112,70,39,43,29,12,0,6,8,8,6,45,58,61,105,106,70,22,13,14,8,10
14,107,90,54,39,34,13,34,49,55,39,55,13,13,53,60,67,110,107,58,46,26,5,2
85,113,76,36,48,54,63,70,65,70,65,81,72,60,54,56,58,105,130,85,52,41,14,15
93,111,52,52,50,69,86,77,77,74,96,104,98,73,54,57,61,87,137,129,61,50,13,11
119,78,38,13,54,68,87,91,87,74,98,101,95,58,59,10,7,75,114,138,83,47,11,12
125,67,70,54,81,76,104,123,126,113,102,99,88,82,83,76,68,74,112,142,144,58,45,12
80,65,59,70,70,79,119,142,118,122,137,130,106,57,43,14,43,57,74,103,130,54,35,12
22,50,27,53,59,112,151,167,166,153,182,171,116,68,12,0,6,1,33,13,26,15,4,5
11,2,9,36,72,134,203,226,189,176,227,201,142,96,56,0,8,3,12,9,12,6,0,0
0,0,0,40,70,128,154,173,163,156,169,193,166,107,64,28,4,0,7,0,6,0,0,2
0,0,6,27,102,121,126,133,148,154,145,134,128,112,66,11,4,0,0,0,5,0,0,0
6,4,0,41,74,110,122,130,132,141,136,124,108,72,50,0,0,0,0,0,0,0,0,0
0,9,7,14,53,92,119,116,115,134,126,111,77,56,43,0,0,0,0,0,0,0,0,0
0,10,7,12,52,87,82,79,83,78,86,93,64,57,21,6,0,0,0,1,0,7,2,3
11,12,10,32,63,58,70,88,93,86,86,67,65,62,41,21,14,12,13,12,9,13,9,1
8,11,12,47,106,81,88,111,112,81,76,79,104,101,66,11,16,8,7,3,0,9,0,0
9,8,20,71,115,127,117,131,141,146,120,106,108,102,77,45,12,9,0,4,0,9,0,0
11,4,17,66,104,129,139,137,159,150,137,111,128,122,74,57,14,3,0,2,0,4,0,0
18,19,23,49,104,116,140,136,113,92,103,109,128,131,113,64,35,6,7,8,0,7,0,0
10,9,14,51,105,112,148,143,112,69,101,115,131,138,110,60,34,12,13,3,0,9,6,0
5,9,12,68,109,125,146,141,116,101,106,118,134,126,110,101,62,0,6,12,2,0,0,0
11,3,8,14,98,117,129,136,122,103,105,128,122,114,106,100,0,3,7,6,1,1,0,0
7,21,14,32,61,108,121,127,118,101,107,115,117,110,104,102,8,5,2,8,8,8,10,7
13,12,14,29,54,100,106,117,114,102,87,110,114,111,104,44,9,12,7,10,7,0,6,1
11,10,8,11,14,81,107,119,113,94,63,82,125,118,102,62,46,22,6,7,0,7,12,1
9,0,11,14,33,50,110,152,125,86,67,66,140,248,104,68,67,37,7,3,8,0,9,8
12,12,4,14,27,49,73,191,113,64,58,61,108,170,104,61,52,47,12,0,10,0,3,11
1,1,11,12,12,15,51,63,54,44,38,42,56,66,57,47,38,29,13,12,7,9,9,12
6,2,14,20,30,40,58,60,42,25,13,29,53,91,65,13,13,10,9,4,5,2,0,1
0,0,0,11,14,32,59,64,14,9,24,48,53,58,57,50,24,11,2,3,0,1,1,7
3,4,9,13,13,25,53,51,47,21,17,50,53,54,51,50,26,12,2,4,0,0,1,2
13,12,10,9,14,41,57,59,33,14,12,30,33,43,43,15,11,9,0,3,0,0,3,0
4,10,0,4,12,13,42,40,22,12,10,14,14,13,12,12,10,6,0,0,0,0,0,0
2,6,3,9,10,9,40,45,10,5,12,11,14,23,10,5,7,4,0,0,6,0,0,0
8,4,0,13,10,10,11,14,12,12,11,8,13,17,13,12,5,5,2,0,1,4,1,0
3,7,2,2,9,4,7,16,14,13,8,13,16,14,14,12,4,0,0,0,0,0,0,0
1,2,8,6,2,12,20,34,28,14,5,14,29,20,23,10,7,6,0,0,0,0,0,0
2,6,0,5,10,9,28,39,51,14,11,13,50,44,26,25,13,8,0,0,0,2,5,0
9,6,5,0,7,10,28,55,38,14,13,14,50,52,39,21,14,13,8,5,0,0,6,6
4,8,12,5,12,9,53,55,54,28,24,32,53,60,52,29,12,6,5,7,6,0,7,7
5,9,3,12,13,24,50,54,28,17,12,12,10,18,30,13,12,7,1,9,9,5,0,5

7,10,39,35,14,9,5,2,0,1,3,0,0,1,10,12,14,13,11,0,0,0,9,8
7,12,95,62,47,12,6,4,0,6,5,0,0,10,13,42,34,52,25,4,4,2,2,10
13,14,100,79,56,28,11,18,0,2,12,8,1,13,57,63,114,121,95,12,11,13,7,5
11,66,112,70,40,43,29,12,0,6,8,8,6,46,58,61,105,106,70,23,13,14,8,10
14,107,90,54,39,34,13,32,45,55,36,54,13,13,53,60,67,110,107,58,46,26,5,3
84,113,76,36,47,53,61,69,64,69,65,80,70,60,54,56,58,105,129,85,52,41,14,15
93,111,52,52,50,68,83,75,77,74,95,102,95,72,54,57,61,87,135,128,61,50,13,11
119,79,39,13,55,68,85,90,88,75,97,99,92,58,59,10,7,75,114,138,84,47,11,12
125,67,70,55,82,77,104,124,127,114,103,99,87,83,83,77,68,74,112,142,145,58,46,12
81,66,59,71,71,80,121,145,120,124,141,133,107,57,50,14,45,57,75,104,132,54,35,12
23,50,26,53,59,112,152,170,170,158,188,174,117,69,13,0,7,1,35,13,27,15,4,5
11,2,9,36,72,133,201,229,192,180,233,198,140,95,56,0,8,4,12,9,12,7,0,0
0,0,0,40,69,126,156,176,162,156,173,197,162,107,63,30,5,0,7,0,6,0,0,2
0,0,6,25,101,120,126,133,147,153,144,134,129,112,67,11,5,0,0,0,5,0,0,0
6,4,0,40,74,110,121,130,132,141,136,124,108,73,50,0,0,0,0,0,0,0,0,0
0,9,7,14,52,92,119,115,115,134,126,111,77,56,45,0,0,0,0,0,0,0,0,0
0,10,7,12,52,86,81,79,83,78,86,93,64,58,22,6,0,0,0,1,0,6,1,3
11,12,10,32,63,59,69,88,92,86,86,67,66,62,42,21,14,12,13,11,9,13,9,1
8,11,12,46,107,82,89,111,112,81,76,79,105,102,67,12,17,8,7,3,0,9,0,0
9,8,21,70,114,127,117,132,141,146,120,107,109,102,78,48,12,9,0,4,0,9,0,0
11,4,17,65,104,129,139,137,159,150,137,111,128,122,75,58,15,3,0,2,0,4,0,0
18,19,23,48,104,115,140,136,113,92,103,109,128,131,114,64,35,6,7,8,0,7,0,0
10,9,14,50,105,111,148,143,112,70,101,115,131,138,110,60,34,12,13,3,0,9,6,0
5,9,12,67,108,125,146,141,116,101,106,118,134,126,110,101,62,0,6,12,2,0,0,0
11,3,8,14,96,117,128,136,122,103,105,128,122,114,106,100,0,4,7,6,1,1,0,0
7,21,14,31,59,108,121,126,118,101,107,115,117,110,104,102,8,5,2,8,8,8,10,7
13,12,14,28,53,100,106,117,114,102,86,110,114,111,104,46,9,12,7,10,7,0,5,1
11,10,8,11,14,81,107,119,113,94,63,82,125,118,102,62,46,22,6,7,0,7,12,1
9,0,11,14,32,50,110,153,125,86,67,67,141,249,105,69,67,37,7,3,8,0,9,8
12,12,4,14,27,49,73,188,113,64,58,61,107,168,104,61,52,47,12,0,10,0,3,11
1,1,11,12,12,15,51,63,54,44,38,42,56,66,57,47,38,29,13,12,7,9,9,12
6,2,14,20,30,40,59,60,41,23,13,29,53,91,66,13,13,10,9,3,5,2,0,1
0,0,0,11,14,32,59,64,14,9,25,48,53,58,57,50,23,11,2,3,0,1,1,7
3,4,9,13,13,25,53,51,46,21,17,50,53,54,51,50,26,12,2,4,0,0,1,2
13,12,10,9,14,43,57,59,32,15,12,29,33,43,42,15,11,9,0,4,0,0,3,0
4,10,0,4,12,13,40,39,21,12,10,14,14,13,12,13,10,6,0,0,0,0,0,0
2,6,3,9,10,9,39,44,10,6,12,11,14,22,11,5,7,4,0,0,6,0,0,0
8,4,0,13,10,10,11,14,12,12,11,8,13,17,13,12,5,5,2,0,1,4,1,0
3,7,2,2,9,4,7,17,14,13,8,13,16,14,14,12,4,0,0,0,0,0,0,0
1,2,8,7,2,12,19,36,30,14,5,14,28,20,23,10,7,6,0,0,0,0,0,0
2,6,0,5,10,9,28,39,51,14,11,13,50,45,27,25,13,8,0,0,0,2,5,0
9,6,5,0,7,10,30,55,38,14,13,14,50,52,39,22,14,13,8,5,0,0,6,6
4,8,12,5,12,9,53,55,54,27,23,33,53,60,52,29,12,7,5,7,6,0,7,7
5,9,3,12,13,25,50,54,28,17,12,12,10,19,28,13,12,7,1,9,9,5,0,5

7,10,38,36,14,9,6,3,0,2,3,0,0,1,10,12,14,13,11,0,0,0,9,8
8,12,95,62,48,12,6,5,0,6,5,0,0,10,13,42,34,52,25,4,4,2,3,10
13,14,100,79,56,29,11,18,0,2,12,8,1,13,57,63,114,121,95,12,11,13,7,5
11,67,112,70,40,44,30,12,0,7,8,8,7,48,59,61,105,106,71,24,13,14,8,10
14,107,90,54,39,35,14,38,51,57,45,56,13,13,53,60,67,110,107,59,46,27,5,3
85,113,76,36,48,53,61,69,65,70,66,80,70,59,54,56,58,105,130,86,52,41,14,16
93,111,52,52,50,68,82,75,77,74,96,102,95,72,54,57,61,87,136,129,61,50,13,11
120,80,39,14,55,68,85,91,88,75,98,98,92,58,59,10,8,76,115,138,84,48,12,12
125,67,70,55,82,77,103,124,127,115,104,99,86,83,84,77,69,74,112,143,146,59,47,12
81,66,59,71,72,80,121,145,121,125,142,133,107,57,50,14,46,58,75,104,133,54,35,13
22,50,28,53,59,111,152,170,171,161,190,175,116,69,13,0,7,1,36,13,27,15,4,5
11,2,9,35,72,131,198,229,193,182,236,195,137,94,55,0,8,4,12,9,13,7,0,0
0,0,0,39,68,125,156,176,161,155,175,197,158,106,63,29,5,0,8,0,6,0,0,2
0,0,6,23,101,120,126,132,147,151,143,134,128,111,66,11,5,0,0,0,5,0,0,0
6,4,0,38,73,110,121,129,131,140,135,123,107,72,50,0,0,0,0,0,0,0,0,0
0,9,7,14,52,91,118,114,114,133,126,111,77,56,43,0,0,0,0,0,0,0,0,0
0,10,7,12,52,86,81,78,82,77,85,92,64,57,22,6,0,0,0,1,0,6,1,3
11,12,11,33,64,60,69,87,91,85,86,67,66,62,42,21,14,12,13,12,9,13,9,1
8,11,12,46,107,82,89,111,112,81,75,79,105,102,67,12,17,8,7,3,0,9,0,0
9,8,21,70,115,127,117,132,141,146,120,107,109,102,79,50,12,9,0,4,0,9,0,0
11,4,18,65,104,130,139,137,160,150,137,111,128,122,75,58,17,3,0,2,0,4,0,0
18,19,23,49,104,115,140,136,113,92,103,109,128,131,114,65,36,6,7,8,0,7,0,0
10,9,14,50,105,111,148,144,112,70,101,115,131,139,110,60,34,12,13,3,0,9,6,0
5,9,12,68,108,125,146,141,116,101,106,118,134,126,110,101,62,0,6,12,2,0,0,0
11,3,8,14,96,117,128,136,122,103,105,128,122,114,106,100,0,4,7,6,1,1,0,0
7,21,14,32,60,108,121,126,118,101,107,115,117,110,104,102,8,5,2,8,8,8,10,7
13,12,14,29,55,100,106,117,114,102,87,110,114,111,104,47,10,12,6,10,7,0,6,0
11,10,8,11,14,81,107,119,113,94,63,82,125,118,102,62,46,24,6,7,0,7,12,1
9,0,11,14,32,50,110,153,125,86,67,66,140,249,105,69,67,37,7,3,8,0,9,8
12,12,4,14,27,49,73,188,113,64,58,61,107,168,104,61,52,47,12,0,10,0,3,11
1,1,11,12,12,15,51,63,54,44,38,41,56,66,57,47,38,29,13,12,7,9,9,12
6,2,14,20,30,40,59,60,42,25,13,31,53,91,66,13,13,10,9,4,5,2,0,1
0,0,0,11,14,33,59,64,14,9,25,49,53,58,57,50,24,11,2,4,0,1,1,7
3,4,9,13,13,25,53,51,47,20,17,50,53,54,51,50,26,12,2,4,0,0,1,2
13,12,10,9,13,42,57,59,33,15,12,30,33,43,42,15,11,9,0,4,0,0,3,0
4,10,0,4,12,13,40,40,21,12,10,14,14,13,12,13,10,6,0,0,0,0,0,0
2,6,3,9,10,9,38,44,10,5,12,11,14,23,10,5,7,4,0,0,6,0,0,0
8,4,0,13,10,10,10,14,12,12,11,8,13,17,13,12,5,6,2,0,1,4,1,0
3,7,2,2,9,4,7,17,14,13,8,13,17,14,14,12,4,0,0,0,0,0,0,0
1,2,8,7,2,12,20,36,31,14,5,14,29,20,23,10,7,6,0,0,0,0,0,0
2,6,0,5,10,9,28,40,51,13,11,13,50,45,27,25,13,8,0,0,0,2,5,0
9,6,5,0,7,10,28,55,38,14,13,14,50,52,38,24,14,13,8,5,0,0,6,6
4,8,12,5,12,9,52,55,54,27,23,35,53,60,52,29,12,7,5,7,6,0,7,6
5,9,3,12,13,24,50,54,30,17,12,12,10,20,29,13,12,7,1,8,9,5,0,5

7,10,39,36,14,9,5,3,0,1,3,0,0,1,10,12,14,13,11,0,0,0,9,8
8,12,96,62,47,12,7,5,0,6,5,0,0,10,13,45,35,52,25,4,4,3,3,10
13,14,100,79,56,31,11,17,0,2,12,8,1,13,57,63,114,121,95,12,12,13,7,5
11,67,113,69,42,44,30,12,0,8,8,8,7,50,59,61,105,106,71,25,13,14,9,10
14,107,90,54,39,35,14,40,52,58,48,57,13,13,54,61,66,109,107,58,47,27,5,3
85,113,76,37,48,54,62,70,65,71,66,81,71,60,55,56,58,105,130,86,52,42,14,17
93,111,52,52,50,69,84,76,77,75,96,103,97,73,55,58,62,87,136,129,61,50,13,11
120,79,39,14,55,68,86,91,88,75,99,100,93,59,60,10,8,75,114,138,84,48,11,12
125,67,71,55,82,77,104,124,127,115,104,100,87,83,84,77,69,74,112,142,146,59,48,12
81,66,59,71,72,80,121,144,120,124,141,133,107,58,50,14,46,58,75,104,133,54,35,13
22,50,27,53,59,112,153,169,170,159,187,174,117,69,14,0,7,1,35,13,27,15,4,5
11,2,9,36,73,134,202,228,192,181,233,199,141,95,56,0,8,4,12,9,13,7,0,0
0,0,0,40,69,127,155,175,163,157,174,197,164,107,64,31,5,0,7,0,6,0,0,2
0,0,7,27,102,121,126,133,148,153,145,134,129,112,67,12,5,0,0,0,5,0,0,0
6,4,0,42,74,110,121,129,131,141,136,124,108,73,50,0,0,0,0,0,0,0,0,0
0,9,7,14,53,92,119,115,114,134,126,111,77,56,46,0,0,0,0,0,0,0,0,0
0,10,7,12,51,86,81,79,82,77,86,93,64,58,22,6,0,0,0,1,0,6,1,3
11,11,10,32,63,58,68,87,92,86,86,67,66,62,41,21,15,12,13,11,9,13,9,1
8,11,12,45,106,80,87,110,112,81,76,79,104,101,66,12,16,8,7,2,0,9,0,0
9,8,18,69,114,126,116,131,140,146,119,106,109,102,77,47,12,9,0,4,0,9,0,0
11,4,16,63,103,128,138,136,157,149,136,111,128,122,75,58,14,3,0,2,0,3,0,0
18,19,23,48,103,114,139,135,112,91,102,109,127,131,114,64,35,6,7,8,0,7,0,0
10,9,14,49,104,110,147,143,111,68,101,115,131,138,110,60,34,12,13,3,0,9,6,0
5,9,12,65,108,124,146,141,116,101,106,118,134,126,110,101,62,0,6,12,2,0,0,0
11,3,8,14,95,116,128,136,122,103,105,128,122,114,106,100,1,4,7,6,1,1,0,0
7,22,14,31,60,108,121,126,118,101,107,115,117,110,104,102,8,5,2,8,8,8,10,7
13,12,14,28,53,100,106,117,114,102,86,110,114,111,104,47,10,12,6,10,7,0,6,0
11,10,8,11,14,80,107,119,113,94,63,82,125,118,102,62,47,24,6,7,0,7,12,1
9,0,11,14,32,50,110,154,125,86,67,66,141,250,104,69,67,37,7,3,8,0,9,8
12,12,4,14,27,49,73,189,114,64,58,61,107,168,104,61,52,47,12,0,10,0,3,11
1,1,11,12,12,15,51,63,54,44,39,42,56,66,57,47,38,29,13,12,7,9,9,12
6,2,15,20,30,40,58,60,43,25,13,30,53,91,66,13,13,10,10,4,5,2,0,1
0,0,0,11,14,32,58,64,14,9,24,48,53,58,57,50,24,11,2,3,0,1,1,7
4,4,9,13,13,25,53,51,47,21,18,50,53,54,51,50,26,12,2,4,0,0,1,2
13,12,10,9,14,42,57,59,32,15,12,29,33,43,43,15,11,9,0,4,0,0,3,0
4,10,0,4,12,13,39,39,21,12,10,14,15,13,12,13,9,6,0,0,0,0,0,0
2,6,3,9,10,8,39,44,10,6,12,11,14,23,11,5,7,4,0,0,6,0,0,0
8,4,0,13,10,9,10,14,12,12,11,8,13,18,13,12,5,6,2,0,1,4,1,0
3,7,2,2,9,4,7,17,14,13,8,13,16,14,14,12,4,0,0,0,0,0,0,0
1,2,8,7,2,12,19,34,29,14,5,14,29,20,23,10,7,6,0,0,0,0,0,0
2,6,0,5,10,9,28,39,51,14,11,13,48,46,27,25,13,8,0,0,0,2,5,0
9,6,5,0,7,10,28,55,38,14,13,14,50,52,38,24,14,13,8,5,0,0,6,6
4,8,12,5,12,9,52,55,54,27,24,32,53,60,52,29,12,7,5,7,6,0,7,7
5,9,3,12,13,25,50,54,31,18,12,12,10,20,29,14,12,7,1,9,9,5,0,5

7,10,36,34,13,9,6,3,0,2,3,0,0,1,10,12,14,13,11,0,0,0,9,8
8,12,95,62,47,12,7,5,0,6,5,0,0,10,13,42,33,52,23,4,4,3,4,10
13,14,100,79,56,31,11,18,0,3,12,8,2,13,57,63,114,120,94,12,11,13,7,6
11,67,112,69,40,44,30,12,0,7,8,8,7,47,58,61,105,105,70,24,13,14,9,10
14,107,89,53,39,35,13,34,48,55,36,55,13,13,53,61,66,109,106,58,45,25,6,3
85,112,76,37,48,54,62,70,64,69,65,80,70,60,54,56,58,104,128,85,52,41,14,17
93,111,51,52,50,69,84,76,77,74,95,102,96,73,55,57,61,85,134,127,61,50,13,11
119,79,39,14,55,68,86,90,88,75,98,100,93,59,60,10,8,75,114,137,84,49,11,12
124,67,70,55,82,77,104,124,126,114,103,100,87,83,84,77,69,74,112,142,146,59,47,12
81,66,59,71,72,80,121,144,120,123,140,132,107,57,50,14,47,58,75,104,133,54,35,13
22,50,27,53,59,114,154,170,170,159,188,175,118,69,14,0,7,1,35,13,27,15,4,6
10,2,9,36,74,137,207,229,193,182,235,206,143,96,57,0,8,4,12,9,12,7,0,0
0,0,0,42,71,129,157,175,165,161,176,199,168,108,65,33,7,0,6,0,6,0,0,2
0,0,7,32,102,122,128,134,149,156,147,135,130,113,69,12,5,0,0,0,5,0,0,0
6,5,1,47,76,111,123,131,133,142,138,125,110,75,51,0,0,0,0,0,0,0,0,0
0,9,7,18,55,94,120,117,117,136,128,113,79,57,48,0,0,0,0,0,0,0,0,0
0,10,7,12,51,87,82,80,84,79,88,95,65,58,26,7,1,0,0,0,0,6,1,3
11,11,10,31,62,58,69,89,93,88,88,69,67,63,42,22,16,11,12,11,9,13,9,1
8,11,12,45,106,80,88,111,112,82,76,80,105,102,66,12,17,8,7,2,0,9,0,0
9,8,16,69,113,126,116,131,140,146,120,106,109,102,77,50,12,8,0,4,0,9,0,0
10,4,15,62,102,127,137,135,157,149,136,111,128,122,75,58,14,3,0,2,0,3,0,0
18,19,22,47,103,114,138,135,112,91,102,109,128,131,114,65,35,6,7,8,0,7,0,0
10,9,13,49,104,110,147,143,111,69,101,115,131,138,110,61,34,12,13,3,0,9,6,0
5,9,12,65,108,124,145,141,116,101,106,118,134,126,110,101,62,0,6,12,2,0,0,0
11,3,8,14,95,116,128,135,122,102,105,128,122,114,106,100,0,4,7,6,1,1,0,0
7,20,14,31,59,107,121,126,117,101,107,114,116,110,104,102,8,5,2,8,8,8,10,7
13,12,14,28,53,100,106,117,114,102,86,110,114,111,104,47,10,12,6,10,7,0,5,1
11,10,8,11,14,80,107,119,113,94,63,82,125,118,102,62,46,24,6,7,0,7,12,1
9,0,11,14,32,50,110,153,125,86,67,66,141,250,104,69,67,37,7,3,8,0,9,8
12,12,4,14,27,48,73,189,114,64,58,61,107,168,104,61,52,46,12,0,10,0,3,11
1,1,11,12,12,15,51,63,54,44,39,42,56,66,57,46,39,30,13,12,7,9,9,12
6,2,14,20,30,39,58,60,43,25,13,31,53,91,66,13,13,10,9,4,5,2,0,1
0,0,0,11,14,32,58,64,14,9,25,48,53,58,57,50,24,11,2,3,0,1,1,7
3,4,9,13,12,24,53,50,47,20,17,50,53,54,51,50,26,12,2,4,0,0,1,2
13,12,10,8,13,40,57,59,32,14,12,29,33,44,41,15,11,9,0,4,0,0,3,0
3,10,0,4,12,13,38,39,20,12,10,14,14,13,12,13,10,6,0,0,0,0,0,0
2,6,3,9,10,8,38,43,10,5,12,11,14,24,11,5,7,4,0,0,6,0,0,0
8,4,0,13,10,9,11,14,12,12,11,8,13,18,13,12,5,6,2,0,1,4,1,0
3,7,2,2,9,4,7,15,14,13,8,13,16,14,14,12,4,0,0,0,0,0,0,0
1,2,8,6,2,12,19,34,28,14,5,14,29,20,22,10,7,6,0,0,0,0,0,0
2,6,0,5,10,9,26,39,51,13,11,13,48,44,27,25,13,8,0,0,0,2,5,0
9,6,5,0,7,10,28,55,38,14,13,14,50,52,39,22,14,13,8,5,0,0,6,6
4,8,12,5,12,9,52,55,54,28,23,35,53,60,52,29,12,7,5,7,6,0,7,7
5,9,3,12,13,24,50,54,31,17,12,12,10,18,29,13,12,7,1,9,9,5,0,5

7,10,36,34,13,8,6,3,0,2,3,0,0,1,10,12,14,13,11,0,0,0,9,9
7,12,95,62,47,12,6,5,0,6,6,0,0,10,13,42,34,52,24,4,4,3,4,10
13,14,101,79,56,31,11,18,0,3,12,8,1,13,57,63,113,120,93,12,11,13,7,6
11,67,112,69,40,44,29,12,0,7,8,8,7,47,57,61,105,105,70,24,13,14,9,10
14,107,89,53,39,34,14,36,50,55,38,55,13,13,53,60,66,109,106,58,46,26,6,3
85,112,76,36,48,54,63,70,65,69,65,80,70,60,54,56,58,104,128,85,52,42,14,15
93,111,52,52,51,70,85,76,77,74,96,102,96,73,55,58,61,85,134,127,61,50,13,11
119,79,40,14,55,69,87,91,88,75,99,100,93,59,60,10,8,75,114,137,84,50,11,12
124,67,70,55,83,78,105,125,127,115,105,100,87,83,84,78,69,75,112,142,147,59,48,12
81,66,59,72,72,81,122,145,121,125,142,134,107,58,50,14,48,58,75,104,134,54,35,13
22,50,27,53,59,113,154,172,172,161,191,178,119,69,14,0,7,1,37,13,27,15,4,6
10,2,9,36,73,135,205,231,193,182,238,205,141,95,57,0,8,4,12,9,12,7,0,0
0,0,0,41,70,128,159,176,163,158,176,201,165,107,64,31,7,0,6,0,6,0,0,2
0,0,7,28,102,121,127,133,148,154,145,135,130,112,68,12,5,0,0,0,5,0,0,0
6,5,0,45,75,110,122,130,132,141,137,125,109,74,50,0,0,0,0,0,0,0,0,0
0,9,7,17,54,93,119,116,115,135,127,112,78,56,47,0,0,0,0,0,0,0,0,0
0,10,7,12,51,87,81,79,83,78,87,95,65,58,26,7,1,0,0,0,0,6,1,3
11,12,10,32,64,59,69,88,93,86,87,68,67,63,43,22,16,11,12,11,9,13,8,1
8,11,12,46,106,81,88,111,112,81,76,81,105,102,67,13,19,8,7,2,0,9,0,0
9,8,19,69,114,126,116,131,140,146,120,106,109,102,78,51,12,8,0,3,0,9,0,0
11,4,16,63,103,128,138,136,158,149,136,111,129,123,75,58,17,3,0,2,0,3,0,0
17,19,23,47,103,114,139,135,112,92,103,109,128,131,114,65,36,6,7,8,0,7,0,0
10,9,14,50,104,110,147,143,112,69,101,116,132,139,110,61,34,12,13,3,0,9,6,0
5,9,12,67,108,124,145,141,116,101,106,118,134,126,110,101,62,0,6,12,2,0,0,0
11,3,8,14,95,116,128,135,122,102,105,128,122,114,106,100,1,4,7,6,0,1,0,0
7,21,14,31,60,107,121,126,117,101,107,114,117,110,104,102,8,5,2,8,8,8,10,7
13,12,14,28,53,100,106,117,114,102,86,110,114,111,104,48,10,12,6,10,7,0,6,0
11,10,8,11,14,80,107,119,113,94,63,82,125,118,102,62,47,22,6,7,0,7,12,1
9,0,11,14,32,50,110,153,125,85,68,66,140,250,104,69,66,39,7,3,8,0,9,8
12,12,4,14,26,48,72,188,113,64,58,61,107,168,104,61,52,47,12,0,9,0,3,11
1,1,11,12,12,15,51,63,54,44,38,41,56,66,57,47,38,29,13,12,7,9,9,12
6,2,14,20,30,39,58,60,41,25,13,29,53,91,66,13,13,10,9,4,5,2,0,1
0,0,0,11,14,32,58,64,14,9,23,48,53,58,57,50,24,11,1,3,0,1,1,7
3,4,9,13,12,23,53,50,46,19,17,50,53,54,51,50,26,12,2,4,0,0,1,2
13,12,10,8,13,40,57,58,32,14,12,29,33,44,42,15,11,9,0,4,0,0,3,0
3,10,0,4,12,13,38,39,20,12,10,14,14,13,12,13,9,6,0,0,0,0,0,0
2,6,3,9,10,8,37,43,10,5,12,11,14,22,10,5,7,4,0,0,6,0,0,0
8,4,0,13,10,9,10,14,12,12,10,8,13,17,13,12,5,6,2,0,1,4,1,0
3,7,2,2,9,4,7,15,14,13,8,13,16,13,14,12,4,0,0,0,0,0,0,0
1,2,8,6,2,12,19,34,28,14,5,14,27,20,22,10,7,6,0,0,0,0,0,0
2,6,0,5,10,9,26,39,51,13,11,13,47,44,27,25,13,8,0,0,0,2,5,0
9,6,5,0,7,10,27,55,38,14,13,14,50,52,39,22,14,13,8,5,0,0,6,6
4,8,12,5,12,9,52,55,54,27,24,32,53,60,52,29,12,7,5,7,6,0,7,7
5,9,3,12,13,24,50,53,29,17,12,12,10,18,29,13,12,7,1,9,9,5,0,5

7,10,37,35,13,9,6,3,0,2,3,0,0,1,10,12,14,12,11,0,0,0,9,9
8,12,95,62,48,12,7,5,0,6,6,0,0,9,13,42,34,51,23,4,4,3,4,10
13,14,101,79,56,33,11,18,0,3,12,8,2,13,57,63,114,120,94,12,12,13,7,6
11,67,112,69,41,44,30,12,0,7,8,8,7,48,58,61,105,105,69,24,13,14,9,10
14,107,89,53,39,35,14,38,50,56,42,56,13,13,53,60,66,109,106,58,46,27,6,3
85,112,76,36,48,54,63,70,65,70,66,81,70,60,54,56,58,104,128,84,52,41,14,17
93,111,52,53,51,70,85,76,78,75,96,103,96,73,55,58,61,85,134,127,61,50,14,11
119,79,40,14,56,69,87,92,89,76,99,100,93,59,60,10,8,75,114,137,84,49,11,12
124,67,71,55,83,78,105,125,127,116,106,101,88,83,85,78,69,75,113,142,147,59,50,12
81,66,59,72,72,81,122,145,121,125,144,136,107,58,51,14,49,58,75,105,134,54,36,13
22,50,27,53,59,113,154,172,173,162,192,178,119,69,14,0,7,1,37,13,27,15,4,6
11,2,9,36,73,134,204,232,194,182,239,204,141,95,56,0,8,4,12,9,12,7,0,0
0,0,0,40,69,127,160,178,163,157,176,201,164,107,64,31,7,0,6,0,6,0,0,2
0,0,7,27,102,121,127,133,147,153,145,135,129,112,68,12,5,0,0,0,5,0,0,0
6,4,0,42,74,110,122,129,131,141,136,124,108,73,50,0,0,0,0,0,0,0,0,0
0,9,7,16,53,92,119,115,114,134,127,111,78,56,47,0,0,0,0,0,0,0,0,0
0,10,7,12,51,86,81,79,82,78,86,93,64,58,26,7,1,0,0,0,0,6,1,3
11,12,11,33,64,59,69,87,92,86,86,68,67,63,43,23,16,12,12,11,9,12,8,1
8,11,12,46,106,82,88,110,112,81,76,80,105,102,68,13,20,8,7,2,0,9,0,0
9,8,19,70,114,127,116,131,141,146,120,107,109,103,79,52,12,9,0,3,0,9,0,0
11,4,17,63,103,128,138,136,158,150,136,111,129,123,75,58,18,3,0,2,0,3,0,0
18,19,23,48,104,114,139,135,113,92,103,110,129,132,114,65,36,6,7,8,0,7,0,0
10,9,14,50,104,110,147,143,112,70,101,116,132,139,111,62,34,12,13,3,0,9,6,0
5,9,12,65,108,124,145,141,116,101,106,119,134,126,110,101,64,0,6,12,2,0,0,0
11,3,8,14,95,116,128,135,122,103,105,128,122,114,106,100,1,4,7,6,0,1,0,0
7,22,14,31,60,107,121,126,117,101,106,115,117,110,104,102,8,5,2,8,8,8,10,7
13,12,13,28,53,100,106,117,114,102,86,110,114,111,104,48,10,12,6,10,7,0,5,0
11,10,8,11,14,80,107,119,113,94,63,82,125,118,102,62,47,24,6,7,0,7,12,1
9,0,11,14,32,50,110,153,125,85,67,66,141,250,104,69,66,39,7,3,8,0,9,8
12,12,4,14,26,48,72,187,113,64,58,61,107,168,104,61,52,47,12,0,10,0,3,11
1,1,11,12,12,15,51,63,54,44,38,41,56,66,57,47,38,29,13,12,7,9,9,12
6,2,14,20,30,39,58,60,42,23,13,30,53,91,66,13,13,10,9,4,5,2,0,1
0,0,0,11,14,32,58,64,14,8,25,48,53,58,57,50,23,11,2,3,0,1,1,7
3,4,9,13,12,23,53,50,47,18,18,50,53,54,51,50,26,12,2,4,0,0,1,2
13,12,10,8,13,40,57,58,32,14,12,29,32,43,42,15,11,9,0,4,0,0,3,0
3,10,0,4,12,13,38,39,20,12,10,14,14,13,12,13,10,6,0,0,0,0,0,0
2,6,3,9,10,8,36,42,10,5,12,11,14,23,10,5,7,4,0,0,6,0,0,0
8,4,0,13,10,9,10,14,12,12,10,8,13,17,13,12,5,6,2,0,1,4,1,0
3,7,2,2,9,4,7,14,14,13,8,13,16,14,14,12,4,0,0,0,0,0,0,0
1,2,8,6,2,12,19,34,28,14,5,14,27,20,23,10,7,6,0,0,0,0,0,0
2,6,0,5,10,9,26,39,51,13,11,13,50,44,27,25,13,8,0,0,0,2,5,0
9,6,5,0,7,11,28,55,38,14,13,14,50,52,39,24,14,13,8,5,0,0,6,6
4,8,12,5,12,9,52,55,54,27,24,35,53,60,52,30,12,6,5,7,6,0,7,7
5,9,3,12,13,24,50,53,28,18,12,12,10,20,29,13,12,7,1,8,9,5,0,5

7,10,37,35,13,9,6,3,0,2,3,0,0,1,10,12,14,13,11,0,0,0,9,8
8,12,95,62,48,12,7,4,0,6,5,0,0,10,13,43,34,52,23,4,4,3,4,10
13,14,101,79,56,32,11,18,0,3,12,8,2,12,57,63,114,120,92,12,12,13,7,6
11,67,112,69,42,44,30,12,0,7,8,8,7,50,58,61,105,105,70,24,13,14,9,10
14,107,89,53,39,35,14,39,51,57,43,56,13,13,54,60,66,109,106,58,47,27,6,3
85,112,76,37,48,54,63,70,65,70,66,81,70,60,55,56,58,104,128,85,52,42,14,17
93,111,52,52,51,70,84,76,78,74,96,102,96,73,55,58,61,85,134,127,61,50,13,11
119,79,40,14,56,69,87,92,89,76,99,100,93,59,60,11,8,75,114,137,84,49,12,13
124,67,71,55,83,78,105,125,127,116,106,100,87,84,85,78,69,75,112,142,147,59,50,12
81,66,59,72,73,81,122,145,122,126,144,136,107,58,51,14,50,58,75,105,134,54,37,13
22,50,27,53,59,113,153,172,174,163,193,179,119,69,14,0,7,1,36,13,27,15,4,6
11,2,9,36,73,133,203,233,195,183,240,203,141,95,56,0,8,4,12,9,12,7,0,0
0,0,0,40,68,126,161,178,163,156,176,202,163,107,63,31,7,0,6,0,6,0,0,2
0,0,7,26,101,121,127,133,147,153,145,134,129,112,68,12,5,0,0,0,5,0,0,0
6,4,0,42,74,110,121,129,131,140,136,124,108,73,50,0,0,0,0,0,0,0,0,0
0,9,7,16,53,92,119,115,114,134,126,111,77,56,47,0,0,0,0,0,0,0,0,0
0,10,7,12,51,86,81,78,82,77,86,93,64,58,27,7,1,0,0,0,0,6,1,3
11,12,11,33,65,59,69,87,91,85,86,68,67,63,43,23,17,12,12,11,9,13,8,1
8,11,12,46,106,82,88,110,112,81,76,80,105,102,68,13,20,8,7,2,0,9,0,0
9,8,21,70,114,127,116,131,141,146,120,107,109,103,79,52,12,9,0,3,0,9,0,0
11,4,17,64,103,128,138,136,158,150,137,111,129,123,76,58,18,3,0,2,0,3,0,0
18,19,23,48,104,114,139,136,112,92,103,109,129,132,115,65,36,6,7,8,0,7,0,0
10,9,14,50,104,110,147,143,112,69,101,116,132,139,111,62,35,12,13,3,0,9,6,0
5,9,12,67,108,124,145,141,116,101,106,118,134,127,110,101,63,0,6,12,2,0,0,0
11,3,8,14,95,116,128,135,122,103,105,128,122,114,106,100,1,4,7,6,0,1,0,0
7,21,14,32,61,108,120,126,117,101,107,114,117,110,104,102,8,6,2,8,8,8,10,7
13,12,14,27,53,100,106,116,114,102,86,110,114,111,104,50,10,12,6,10,7,0,5,0
11,10,8,11,14,80,107,119,113,94,63,82,125,118,102,63,47,24,6,7,0,7,12,1
9,0,11,14,32,50,110,153,125,86,67,66,141,250,104,69,66,39,7,3,8,0,9,8
12,12,4,14,26,49,72,187,113,64,58,61,107,168,104,61,52,47,12,0,10,0,3,11
1,1,11,12,12,14,51,63,54,44,38,41,56,66,57,47,38,28,13,12,7,9,9,12
6,2,14,20,30,40,58,60,42,22,13,30,53,91,66,13,13,10,9,3,5,2,0,1
0,0,0,11,14,32,58,64,14,9,25,49,53,58,57,50,23,11,2,3,0,1,1,7
3,4,9,13,12,23,53,51,47,19,18,50,53,54,52,50,26,12,2,4,0,0,1,2
13,12,10,8,13,40,56,58,32,14,12,29,33,43,41,15,11,9,0,4,0,0,3,0
4,10,0,4,12,13,39,39,20,12,10,14,14,13,12,13,10,6,0,0,0,0,0,0
2,6,3,9,10,8,36,44,10,5,12,11,14,23,10,5,7,4,0,0,6,0,0,0
8,4,0,13,10,9,10,14,12,12,10,8,13,17,13,12,5,6,2,0,1,4,1,0
3,7,2,2,9,4,7,14,14,13,8,13,16,13,14,12,4,0,0,0,0,0,0,0
1,2,8,6,2,12,19,34,29,14,5,14,27,20,22,10,7,6,0,0,0,0,0,0
2,6,0,5,10,9,26,39,50,13,11,13,48,44,27,25,13,8,0,0,0,2,5,0
9,6,5,0,7,12,28,55,38,14,13,14,50,52,38,24,14,13,8,5,0,0,6,6
4,8,12,4,11,11,52,55,54,28,23,33,53,60,52,29,12,6,5,7,6,0,7,7
5,9,3,12,13,24,49,54,30,17,12,12,10,18,29,14,12,7,1,8,9,5,0,5

7,10,37,34,13,9,6,3,0,2,3,0,0,1,10,12,14,12,11,0,0,0,9,9
8,12,95,62,50,12,7,5,0,6,5,0,0,10,13,43,34,51,23,4,5,3,4,10
13,14,101,79,56,32,11,18,0,3,12,8,2,13,57,63,114,120,92,12,12,13,7,6
11,67,112,69,42,44,30,12,0,8,8,8,7,50,58,61,105,105,69,24,13,14,9,10
14,107,89,53,39,35,14,39,51,57,44,57,13,13,54,60,66,109,106,58,47,28,6,3
85,112,76,36,48,54,63,70,65,70,66,80,71,60,55,56,58,104,128,84,52,42,14,17
93,111,52,52,51,70,84,76,78,74,96,102,96,73,55,58,61,85,134,127,61,50,14,11
120,79,40,14,56,69,87,91,89,76,99,100,93,59,60,11,8,75,114,137,84,50,11,13
124,67,71,55,83,78,104,124,127,115,105,100,87,83,85,78,69,75,113,142,147,59,48,12
81,66,59,72,72,81,121,145,121,125,143,134,107,58,51,14,50,58,75,105,134,55,35,13
22,50,27,53,59,113,154,172,175,164,192,177,118,69,15,0,7,1,36,13,28,15,4,6
11,2,9,36,73,134,204,233,198,185,241,204,141,95,57,0,8,4,12,9,12,7,0,0
0,0,0,40,69,127,160,178,165,160,178,202,165,107,64,32,7,0,6,0,6,0,0,2
0,0,7,28,102,121,128,134,148,155,146,135,130,112,69,12,6,0,0,0,5,0,0,0
6,5,1,45,75,110,122,130,132,141,137,125,109,74,51,0,0,0,0,0,0,0,0,0
0,9,7,17,54,93,119,116,115,135,127,112,78,56,50,0,0,0,0,0,0,0,0,0
0,10,7,12,51,87,81,79,83,78,87,95,65,58,26,7,1,0,0,0,0,6,1,3
11,12,11,32,64,59,69,88,93,86,87,68,68,63,43,23,17,12,12,11,9,13,8,1
8,11,12,45,106,81,88,110,112,81,76,81,105,102,67,13,20,8,7,2,0,9,0,0
9,8,19,69,114,126,116,131,140,146,120,107,109,102,79,52,12,9,0,3,0,9,0,0
11,4,16,62,102,127,137,136,157,149,136,111,129,123,75,58,17,3,0,2,0,3,0,0
18,19,23,47,103,113,138,135,112,91,103,110,128,132,115,65,36,6,7,8,0,7,0,0
10,9,13,49,104,110,147,143,111,70,101,116,132,139,111,61,34,12,13,3,0,9,6,0
5,9,12,65,108,124,145,141,116,101,106,118,134,127,110,101,64,0,6,12,2,0,0,0
11,3,8,14,95,116,127,135,122,102,105,128,122,114,106,100,1,4,7,6,0,1,0,0
7,21,14,31,60,107,120,126,117,101,106,115,117,110,104,102,8,6,2,8,8,8,10,7
13,12,13,27,53,100,106,116,114,102,86,110,114,111,104,48,10,12,6,10,7,0,5,0
11,10,8,11,14,80,107,119,113,94,63,82,125,118,102,62,47,24,6,7,0,7,12,1
9,0,11,14,32,50,110,153,125,85,67,67,141,251,104,69,66,39,7,3,8,0,9,8
12,12,4,14,26,49,72,188,114,64,58,62,107,167,104,61,52,47,12,0,9,0,3,11
1,1,11,12,12,14,51,63,54,44,38,41,55,66,57,47,38,29,13,12,7,9,9,12
6,2,14,20,30,40,58,60,43,25,13,29,53,91,66,13,13,10,9,4,5,2,0,1
0,0,0,11,14,32,58,64,14,9,24,48,53,58,57,50,24,11,2,3,0,1,1,7
3,4,9,13,12,24,53,51,47,19,18,50,54,54,51,50,26,12,2,4,0,0,1,2
13,12,10,8,13,40,56,58,32,14,12,29,33,43,43,15,11,9,0,4,0,0,3,0
3,10,0,3,12,13,38,39,20,12,10,14,14,13,12,13,10,6,0,0,0,0,0,0
2,6,3,9,10,8,37,43,10,5,12,11,14,22,11,5,7,4,0,0,6,0,0,0
8,4,0,13,10,9,10,14,12,12,11,8,13,18,13,12,5,5,2,0,1,4,1,0
3,7,2,2,9,4,6,15,14,13,8,13,16,13,14,12,4,0,0,0,0,0,0,0
1,2,8,6,2,11,18,34,28,14,5,14,28,20,22,10,7,6,0,0,0,0,0,0
2,6,0,5,10,9,26,39,51,13,11,13,47,46,27,25,13,8,0,0,0,2,5,0
9,6,5,0,6,12,27,55,38,14,13,14,50,52,38,25,14,13,8,5,0,0,6,6
4,8,12,4,10,12,52,55,54,28,24,33,53,60,52,30,12,6,5,7,6,0,7,7
5,9,3,12,13,24,50,53,30,18,12,12,10,17,29,14,12,7,1,8,9,5,0,5

7,10,37,35,13,9,6,3,0,2,3,0,0,1,10,12,14,12,11,0,0,0,9,9
8,12,95,62,48,12,7,5,0,6,6,0,0,10,13,43,33,52,23,4,4,3,4,10
13,14,101,79,56,33,11,18,0,3,12,8,2,13,57,63,113,119,92,12,12,13,7,6
11,67,112,69,40,44,30,12,0,7,8,8,7,50,58,61,105,105,69,24,13,14,9,10
14,107,89,53,39,35,14,38,51,56,41,56,13,13,54,61,66,109,106,58,47,27,6,3
85,112,76,37,48,54,63,70,64,69,65,80,70,60,55,56,58,103,128,84,52,42,14,17
93,111,52,52,51,70,84,76,77,74,96,102,96,73,55,58,61,85,134,127,61,50,13,11
119,79,40,14,56,69,86,91,88,76,99,100,92,59,60,11,8,75,114,137,84,50,12,12
124,67,70,55,83,77,104,124,127,115,105,100,87,83,85,78,70,75,112,142,147,59,48,12
81,66,59,72,72,81,121,144,120,125,142,133,106,57,51,14,49,58,75,104,134,54,36,13
22,50,27,53,59,114,154,172,175,163,191,176,118,69,17,0,7,1,35,13,27,15,4,6
10,2,9,36,74,136,207,233,197,185,241,207,142,96,57,0,8,4,12,9,12,7,0,0
0,0,0,41,71,129,160,178,167,163,179,202,168,107,64,33,8,0,5,1,5,0,0,2
0,0,7,33,102,122,129,135,150,157,147,136,131,113,70,13,6,0,0,0,5,0,0,0
6,5,2,50,76,111,123,132,134,143,138,126,111,75,51,0,0,0,0,0,0,0,0,0
0,9,7,20,56,94,120,117,117,136,128,114,79,56,50,0,0,0,0,0,0,0,0,0
0,10,7,12,51,88,82,80,84,79,88,96,65,58,26,7,1,0,0,0,0,6,1,3
11,11,10,32,63,58,69,89,94,88,88,69,68,63,42,22,17,11,12,11,9,13,8,1
8,11,12,45,106,79,88,111,112,82,77,81,105,102,67,14,18,7,7,2,0,9,0,0
9,8,17,68,113,125,115,131,140,146,120,106,109,102,78,51,12,8,0,3,0,9,0,0
10,4,15,61,102,126,136,135,156,149,136,111,128,122,75,58,15,3,0,2,0,3,0,0
17,19,23,47,103,113,137,134,112,91,102,109,128,131,114,65,36,6,7,8,0,7,0,0
10,9,13,49,104,109,146,142,111,69,101,116,131,139,110,61,34,12,13,3,0,9,6,0
5,8,11,65,108,123,145,140,116,101,106,118,134,126,110,101,64,0,6,12,2,0,0,0
11,3,8,14,95,116,127,135,122,102,105,128,122,114,106,100,1,4,7,6,0,1,0,0
7,20,14,30,59,107,120,126,117,101,106,115,116,110,104,102,8,5,2,8,8,8,10,7
13,12,14,27,53,100,106,116,114,102,86,110,114,111,104,48,10,12,6,10,7,0,5,1
11,10,8,11,14,80,107,118,113,94,63,82,125,118,102,63,46,24,6,7,0,7,12,1
9,0,11,14,32,49,110,154,125,86,67,66,141,252,104,69,67,39,7,3,8,0,9,8
12,12,4,14,26,48,72,188,114,64,58,61,106,167,103,61,52,46,12,0,9,0,3,11
1,1,11,12,12,14,51,63,54,44,38,41,55,66,57,47,38,29,13,12,7,9,9,12
6,2,14,20,30,40,58,60,46,26,13,31,53,91,66,13,13,10,10,4,5,2,0,1
0,0,0,11,14,32,58,64,14,9,25,47,53,58,57,50,23,11,2,3,0,1,1,7
4,4,9,13,12,24,53,51,47,20,17,50,53,54,51,50,26,12,2,4,0,0,1,2
13,12,10,8,13,40,56,58,32,14,12,29,33,43,42,15,11,9,0,4,0,0,3,0
3,10,0,3,12,13,38,39,19,12,10,14,14,13,12,13,10,6,0,0,0,0,0,0
2,6,3,9,10,8,36,43,10,5,12,11,14,23,11,5,7,4,0,0,6,0,0,0
8,4,0,13,10,9,10,14,12,12,10,8,13,17,13,12,5,5,2,0,1,4,1,0
3,7,2,2,9,4,6,15,14,13,8,13,16,13,14,12,4,0,0,0,0,0,0,0
1,2,8,6,2,11,18,34,28,14,5,14,28,20,23,10,7,6,0,0,0,0,0,0
2,6,0,5,10,9,25,39,51,13,11,13,50,45,27,25,13,8,0,0,0,2,5,0
9,6,5,0,7,12,25,55,38,14,13,14,50,52,39,24,14,13,8,5,0,0,6,6
4,8,12,4,10,12,52,55,54,28,24,32,53,60,52,30,12,7,5,7,6,0,7,7
5,9,3,12,13,24,50,54,31,18,12,12,10,18,30,14,12,7,1,8,9,5,0,5

7,10,38,35,13,9,6,3,0,2,3,0,0,1,10,12,14,12,11,0,0,0,9,9
8,12,95,62,48,12,7,5,0,6,6,0,0,10,13,43,34,51,24,4,5,3,4,10
13,14,101,79,56,32,11,18,0,3,12,8,2,13,57,63,113,119,92,12,12,13,7,6
11,67,112,69,41,44,30,12,0,7,8,8,7,50,58,61,105,105,69,24,13,14,9,10
14,107,89,53,39,35,14,38,50,56,38,55,13,13,53,61,66,108,105,58,46,26,6,3
85,112,76,37,48,54,63,70,64,69,65,80,70,60,55,56,58,103,128,84,52,42,14,17
93,111,52,53,51,70,85,76,77,74,95,102,96,73,55,58,61,85,134,127,61,50,14,11
119,79,40,14,56,69,87,91,88,76,98,99,92,59,60,11,8,74,114,137,84,49,11,12
124,67,70,55,83,77,104,124,127,115,104,100,87,83,84,78,70,75,112,142,147,59,50,12
81,66,59,72,72,81,121,144,120,124,142,133,106,57,50,14,50,58,75,104,134,55,35,13
22,50,27,53,59,114,155,172,173,161,191,177,118,69,17,0,7,1,36,13,27,15,4,6
10,2,9,36,74,137,208,233,196,184,240,207,142,96,57,0,8,4,12,9,12,7,0,0
0,0,0,42,71,130,161,178,167,162,179,202,168,107,64,33,8,0,5,0,6,0,0,2
0,0,8,36,102,122,129,135,150,157,148,136,131,113,69,13,6,0,0,0,5,0,0,0
7,5,2,50,77,111,123,132,134,143,139,126,111,76,51,0,0,0,0,0,0,0,0,0
0,10,7,21,56,94,120,117,117,136,128,114,79,56,50,0,0,0,0,0,0,0,0,0
0,10,7,12,52,88,82,81,84,79,88,96,65,58,26,7,1,0,0,0,0,6,1,3
11,11,10,32,63,58,69,89,94,88,88,69,68,63,42,22,17,11,12,11,9,13,8,1
8,11,12,45,106,80,88,111,112,82,77,81,105,102,67,16,19,8,7,2,0,9,0,0
9,8,18,69,113,126,116,131,140,146,120,106,109,102,78,52,12,9,0,3,0,9,0,0
10,4,16,62,102,126,137,135,156,149,136,111,128,122,75,58,16,3,0,2,0,4,0,0
18,19,23,47,103,113,137,134,112,91,102,109,128,131,114,65,36,6,7,8,0,7,0,0
10,8,13,50,104,109,146,142,111,69,101,116,132,139,110,61,34,13,13,3,0,9,6,0
5,8,11,65,108,123,145,140,116,101,106,118,134,126,110,101,63,0,6,12,2,0,0,0
11,3,8,14,95,116,127,135,122,102,105,128,122,114,106,100,1,4,7,6,0,1,0,0
7,20,14,31,60,107,120,126,117,101,107,115,116,110,104,102,8,6,2,8,8,8,10,7
13,12,14,27,53,100,106,116,114,102,85,110,114,111,104,50,10,12,6,10,7,0,5,0
11,10,8,11,14,80,107,118,113,93,63,82,125,118,102,62,47,24,6,7,0,7,12,1
9,0,11,14,32,50,110,153,125,86,67,66,141,251,104,69,66,39,7,3,7,0,9,8
12,12,4,14,26,48,72,188,114,64,58,61,106,167,104,61,52,46,12,0,10,0,3,11
1,1,11,12,12,15,51,63,54,44,38,41,56,66,57,47,38,29,13,12,7,9,9,12
6,2,14,20,30,39,58,60,42,23,13,29,53,91,66,13,13,10,9,4,5,2,0,1
0,0,0,11,14,32,58,64,14,9,25,48,53,58,57,50,24,11,2,3,0,1,1,7
3,4,9,13,12,25,53,50,48,19,17,50,54,54,51,50,26,12,3,4,0,0,1,2
13,12,10,8,13,41,56,58,32,14,12,28,32,44,42,15,11,9,0,4,0,0,3,0
3,10,0,3,12,13,37,39,20,12,10,14,14,13,12,13,10,6,0,0,0,0,0,0
2,6,3,9,10,8,36,43,10,5,12,11,14,22,11,5,7,4,0,0,6,0,0,0
8,4,0,13,10,9,10,14,12,12,11,8,13,18,13,12,5,6,2,0,1,4,1,0
3,7,2,2,9,4,6,15,14,13,8,13,16,14,14,12,4,0,0,0,0,0,0,0
1,2,8,6,2,11,18,34,29,14,5,14,28,20,23,10,7,6,0,0,0,0,0,0
2,6,0,5,10,9,26,39,51,14,11,13,50,46,27,25,13,8,0,0,0,2,5,0
9,6,5,0,6,12,27,55,38,14,13,14,50,52,39,24,14,13,8,5,0,0,6,6
4,8,12,4,10,12,52,55,54,28,24,35,53,60,52,30,12,7,5,7,6,0,7,7
5,9,3,12,13,24,50,53,30,18,12,12,10,18,28,14,12,7,1,9,9,5,0,5

7,10,38,35,13,9,6,3,0,2,3,0,0,1,10,12,14,12,11,0,0,0,9,9
8,12,95,62,50,12,7,5,0,6,6,0,0,10,13,43,35,51,24,4,5,3,4,10
13,14,101,79,56,33,11,18,0,3,12,8,2,13,57,63,114,120,93,12,12,13,7,6
11,67,112,68,42,44,30,13,0,7,8,8,7,50,58,61,105,105,69,24,14,14,9,10
14,107,89,53,39,35,14,39,50,57,41,56,13,13,54,61,66,109,106,58,46,27,6,3
85,112,76,37,48,54,63,70,65,70,66,80,71,60,55,56,58,103,128,84,52,42,14,17
93,111,52,52,51,71,84,76,78,74,96,102,96,73,55,58,61,85,134,127,61,50,14,11
120,79,40,14,56,70,87,92,89,76,99,100,93,59,60,11,8,74,114,137,84,50,11,13
124,67,71,55,83,78,105,125,127,115,106,100,87,83,85,78,70,75,112,141,146,59,48,12
81,66,59,72,73,81,122,145,122,125,143,135,107,58,51,14,50,58,75,104,134,55,36,13
22,50,27,53,59,114,155,172,174,163,193,179,118,69,17,0,7,1,37,13,27,15,4,6
11,2,9,36,73,135,206,234,195,183,242,207,141,95,57,0,8,4,12,9,12,7,0,0
0,0,0,41,70,128,161,179,165,159,178,204,165,107,64,32,8,0,5,0,5,0,0,2
0,0,7,31,102,122,128,134,148,155,146,136,130,112,68,13,6,0,0,0,5,0,0,0
6,5,1,46,76,110,122,130,133,142,137,125,109,74,51,0,0,0,0,0,0,0,0,0
0,9,7,19,55,93,120,116,116,135,127,113,78,56,47,0,0,0,0,0,0,0,0,0
0,10,7,12,52,87,82,79,83,78,87,95,65,58,27,7,1,0,0,0,0,6,1,3
11,12,11,33,64,58,69,88,93,87,87,69,68,63,43,23,18,12,12,11,9,13,8,1
8,11,12,46,106,81,88,110,112,81,76,81,105,102,67,18,20,8,7,2,0,9,0,0
9,8,19,69,114,126,116,131,140,147,120,107,109,103,79,53,12,9,0,3,0,9,0,0
11,4,17,63,102,127,137,136,157,149,136,111,129,123,75,58,17,3,0,2,0,4,0,0
18,19,23,48,103,113,138,135,112,92,103,110,129,132,115,66,36,7,8,8,0,7,0,0
10,9,14,50,104,109,146,143,112,69,101,116,132,139,111,62,34,13,13,3,0,9,6,0
5,9,11,67,108,123,145,140,116,101,106,118,134,127,110,101,63,0,6,12,2,0,0,0
11,3,8,14,95,116,127,135,122,102,105,128,122,114,106,100,1,4,7,6,0,1,0,0
7,22,14,31,60,107,120,126,117,101,107,115,117,110,104,102,8,6,2,8,8,8,10,7
13,12,14,27,53,100,106,116,114,102,85,110,114,111,104,48,10,12,6,10,7,0,5,0
11,10,8,11,14,80,107,118,113,94,62,82,125,118,102,62,47,22,6,7,0,7,12,1
9,0,11,14,32,49,110,153,125,87,67,66,141,251,104,69,68,39,7,3,8,0,9,8
12,12,4,14,26,48,72,187,114,64,58,61,106,167,103,61,52,47,12,0,9,0,3,11
1,1,11,12,12,14,51,63,54,44,38,41,56,66,57,47,38,29,13,12,7,9,9,12
6,2,14,19,30,39,58,60,43,25,13,29,53,91,66,13,13,10,9,4,5,1,0,1
0,0,0,11,14,32,58,64,14,9,23,47,53,58,57,50,23,11,2,3,0,1,1,7
4,4,9,13,12,23,53,51,47,19,18,50,53,54,51,50,26,12,3,4,0,0,1,2
13,12,10,8,13,40,56,58,32,14,12,29,32,43,42,15,11,9,0,4,0,0,3,0
3,10,0,3,12,13,37,39,19,12,10,14,14,13,12,13,10,6,0,0,0,0,0,0
2,6,3,9,10,8,36,42,10,5,12,11,14,22,10,5,7,4,0,0,6,0,0,0
8,4,0,13,10,9,10,14,12,12,11,8,13,17,13,12,5,6,2,0,1,4,1,0
3,7,2,2,9,4,7,14,14,13,8,13,16,13,14,12,4,0,0,0,0,0,0,0
1,2,8,6,1,11,18,33,29,14,5,14,27,20,23,10,7,6,0,0,0,0,0,0
2,6,0,5,10,9,25,39,51,13,11,13,47,46,27,25,13,8,0,0,0,2,5,0
9,6,5,0,7,12,26,55,38,14,13,14,50,52,39,25,14,13,8,5,0,0,6,6
4,8,12,4,10,12,52,55,54,28,23,35,53,60,52,29,12,7,5,7,6,0,7,6
5,9,3,12,13,24,50,53,30,17,12,12,10,18,28,13,12,7,1,8,9,5,0,5

7,10,36,34,13,9,6,3,0,2,3,0,0,1,10,12,14,13,11,0,0,0,9,9
8,12,95,62,48,12,7,5,0,6,6,0,0,10,13,43,34,52,24,4,5,3,4,10
13,14,101,79,56,32,11,18,0,3,12,8,2,13,57,63,114,120,92,13,12,13,8,6
11,67,112,68,41,44,30,12,0,8,8,8,7,50,58,61,105,105,69,25,14,14,9,10
14,107,88,53,39,35,14,40,51,57,43,57,13,13,54,61,66,109,106,58,47,27,6,3
85,112,76,37,48,54,63,70,65,70,66,81,70,60,55,56,58,104,129,84,52,42,14,17
93,111,52,52,51,71,84,76,78,75,96,102,96,73,55,58,61,85,134,127,61,50,14,11
120,79,41,14,56,70,87,92,89,77,100,100,93,59,60,10,8,75,114,137,84,50,12,13
124,67,71,55,83,78,105,125,128,116,106,101,88,84,85,79,70,75,113,142,147,59,47,12
81,66,60,72,73,82,122,146,122,126,145,136,107,58,51,14,50,58,75,105,134,54,37,13
23,50,27,53,59,114,155,174,176,165,195,179,118,69,15,0,7,1,36,13,28,15,4,6
11,2,9,36,73,134,205,235,197,184,243,207,141,95,57,0,8,4,12,9,12,7,0,0
0,0,0,40,69,127,162,180,165,158,178,205,164,107,63,31,8,0,5,1,5,0,0,2
0,0,7,28,102,122,128,134,148,154,146,135,130,112,68,13,6,0,0,0,5,0,0,0
6,5,1,44,75,110,122,130,132,141,137,125,108,73,50,0,0,0,0,0,0,0,0,0
0,9,7,18,54,92,119,115,115,135,127,112,78,56,47,0,0,0,0,0,0,0,0,0
0,10,7,12,52,87,81,79,82,78,86,94,64,58,27,7,2,0,0,0,0,6,1,3
11,12,11,33,65,59,69,88,92,86,87,68,67,63,43,23,18,12,12,11,9,13,8,1
8,11,12,47,106,81,88,111,112,81,76,81,105,102,68,19,21,8,7,2,0,9,0,0
9,8,20,70,114,127,116,131,140,147,120,107,109,103,79,53,12,9,0,3,0,9,0,0
11,4,17,63,102,127,137,136,158,149,136,111,129,123,75,58,18,3,0,2,0,4,0,0
18,19,23,48,104,113,138,135,112,92,103,110,129,132,115,66,36,7,8,8,0,7,0,0
10,9,14,50,104,109,147,143,112,70,101,116,132,139,111,62,34,13,13,3,0,9,6,0
5,8,12,67,108,123,145,140,116,101,106,119,134,127,110,101,64,0,6,12,2,0,0,0
11,3,8,14,96,116,127,135,122,103,105,128,122,114,106,100,1,5,7,6,0,1,0,0
7,22,14,32,63,107,120,126,117,101,107,115,117,110,104,102,8,6,2,8,8,8,10,7
13,12,14,28,54,100,106,116,114,102,86,110,114,111,104,50,10,12,6,9,7,0,5,0
11,10,8,11,14,80,107,118,113,94,63,82,125,118,102,64,47,24,6,7,0,7,12,1
9,0,11,14,32,50,110,153,125,86,67,66,141,251,104,69,67,39,7,3,8,0,9,8
12,12,4,14,26,48,72,187,113,64,58,61,106,166,103,61,52,47,12,0,10,0,3,11
1,1,11,12,12,14,51,63,54,44,38,41,55,66,57,47,38,28,13,12,7,9,9,12
6,2,14,19,30,39,58,60,44,25,13,29,53,91,66,13,13,10,10,4,5,1,0,1
0,0,0,11,14,32,58,64,14,9,24,49,53,58,58,50,24,11,2,3,0,1,1,7
3,4,9,13,12,23,53,50,47,19,17,50,53,54,51,50,26,12,3,4,0,0,1,2
13,12,10,8,13,40,56,58,32,14,12,29,32,42,43,15,11,9,0,4,0,0,3,0
3,10,0,3,12,13,37,39,20,12,10,14,14,13,13,13,10,6,0,0,0,0,0,0
2,6,3,9,10,8,36,43,10,5,12,11,14,23,10,5,7,4,0,0,6,0,0,0
8,4,0,13,10,9,10,14,12,12,10,8,13,17,13,12,5,6,2,0,1,4,1,0
3,7,2,2,9,4,6,14,14,13,8,13,16,14,14,12,4,0,0,0,0,0,0,0
1,2,8,6,1,11,18,34,30,14,5,14,27,20,23,10,7,6,0,0,0,0,0,0
2,6,0,5,10,9,26,39,51,14,11,13,48,46,27,25,13,8,0,0,0,2,5,0
9,6,5,0,6,12,26,55,38,14,13,14,50,52,38,24,14,13,8,5,0,0,6,6
4,8,12,4,10,12,52,55,54,28,24,32,52,60,52,29,12,6,5,7,6,0,7,7
5,9,3,12,13,24,50,53,29,18,12,12,10,17,28,13,12,7,1,8,9,5,0,5

7,10,37,34,13,9,6,3,0,2,3,0,0,1,10,12,14,13,11,0,0,0,9,9
8,12,95,62,50,12,7,5,0,6,6,0,0,10,13,43,34,51,25,4,5,3,4,10
13,14,101,79,56,32,11,18,0,3,12,8,2,13,57,63,114,120,92,13,12,13,7,6
11,67,112,68,42,44,30,13,0,8,8,8,7,50,58,61,105,105,69,25,14,14,9,10
14,107,88,53,39,35,14,41,51,57,43,56,13,13,54,61,66,109,106,58,48,28,6,3
85,112,76,37,48,54,63,70,65,70,66,80,70,60,55,56,58,104,129,84,52,43,14,17
93,111,51,52,51,71,84,76,78,75,97,102,96,73,55,58,61,85,134,127,61,50,14,11
120,79,41,14,56,70,87,92,90,77,101,100,93,59,60,10,8,75,114,137,84,50,12,13
124,67,71,55,84,79,106,126,129,117,107,101,88,84,85,79,70,75,113,142,147,59,48,12
81,66,59,72,74,82,123,148,123,128,146,137,107,58,51,14,50,58,75,105,135,54,36,13
22,50,27,53,59,113,155,175,180,169,197,180,118,69,15,0,8,1,37,13,28,15,4,6
11,2,10,35,72,133,203,237,202,187,247,204,139,94,56,0,9,4,12,9,12,7,0,0
0,0,0,40,67,124,161,182,168,161,183,204,159,106,63,31,8,0,5,1,6,0,0,2
0,0,7,23,101,120,127,134,148,154,146,134,127,111,65,12,6,0,0,0,5,0,0,0
6,5,0,39,73,110,121,129,131,141,136,124,107,71,50,0,0,0,0,0,0,0,0,0
0,9,7,17,53,91,119,115,114,134,127,112,77,56,45,0,0,0,0,0,0,0,0,0
0,10,7,12,51,87,81,79,82,78,87,93,64,57,27,7,2,0,0,0,0,6,1,3
11,12,11,33,65,59,69,88,92,86,87,68,68,63,43,24,17,12,12,11,9,13,9,1
8,11,12,47,106,82,88,110,112,81,76,81,105,102,68,20,20,8,7,2,0,9,0,0
9,8,21,70,114,127,116,132,141,147,120,107,110,103,80,54,12,9,0,3,0,9,0,0
11,4,18,64,102,128,138,136,158,149,137,111,129,123,76,58,19,4,0,2,0,4,0,0
18,19,23,48,104,114,138,135,113,92,103,110,129,132,115,66,36,7,8,8,0,7,0,0
10,9,14,51,104,110,146,143,112,70,101,116,132,139,111,62,34,13,13,3,0,9,6,0
5,9,12,67,108,123,145,141,116,101,106,119,134,127,111,101,64,0,6,12,2,0,0,0
11,3,8,14,96,116,127,135,122,103,105,128,122,114,106,100,1,5,7,6,0,1,0,0
7,22,14,31,61,108,120,126,117,101,106,114,117,110,104,102,8,6,2,8,8,8,10,7
13,12,14,28,54,100,106,116,114,102,86,110,114,111,104,48,10,12,6,10,7,0,5,0
11,10,8,11,14,80,107,118,113,94,63,82,125,118,102,63,47,22,6,7,0,7,12,1
9,0,11,14,32,50,110,153,125,86,67,66,141,251,104,69,66,39,7,3,8,0,9,8
12,12,4,14,26,48,72,186,113,64,58,61,106,165,103,61,52,46,12,0,9,0,3,11
1,1,11,12,12,14,51,63,54,44,38,41,55,66,57,47,38,28,13,12,7,9,9,12
6,2,14,19,30,39,58,60,43,23,13,30,53,91,66,13,13,10,9,3,5,2,0,1
0,0,0,11,14,32,58,64,14,9,25,49,53,58,57,50,23,11,1,3,0,1,1,7
3,4,9,13,12,23,53,51,46,20,17,50,53,54,51,50,26,12,3,4,0,0,1,2
13,12,10,8,13,41,56,58,32,14,12,29,33,43,44,15,11,9,0,4,0,0,3,0
3,10,0,3,12,13,37,39,20,11,9,14,14,12,12,13,10,6,0,0,0,0,0,0
2,6,3,9,10,8,36,43,10,5,12,11,14,22,10,6,7,4,0,0,6,0,0,0
8,4,0,13,10,9,10,14,12,12,10,8,13,17,13,12,5,6,2,0,1,4,1,0
3,7,2,2,9,4,6,14,14,13,8,13,16,13,14,12,4,0,0,0,0,0,0,0
1,2,8,6,1,11,19,33,29,14,5,14,27,20,23,10,7,6,0,0,0,0,0,0
2,6,0,5,10,9,27,39,51,14,11,13,48,48,28,25,13,8,0,0,0,2,5,0
9,6,4,0,6,12,27,55,38,14,13,14,50,52,38,24,14,13,8,5,0,0,6,6
4,8,12,4,10,12,52,55,54,27,24,33,53,60,52,30,12,6,5,7,6,0,7,7
5,9,3,12,13,24,50,53,30,17,12,12,10,17,27,13,12,7,1,8,9,5,0,5

7,10,37,35,13,8,6,3,0,2,3,0,0,1,10,12,14,13,11,0,0,0,9,9
8,12,95,62,48,12,7,5,0,6,6,0,0,10,13,45,35,51,25,4,5,3,4,10
13,14,101,79,56,33,11,18,0,3,12,8,2,13,57,63,113,120,93,13,12,13,8,6
11,67,112,68,41,44,30,13,0,8,8,8,7,51,58,61,105,105,69,25,14,14,9,10
14,107,88,53,39,35,14,42,51,57,42,56,13,13,54,61,66,109,106,58,48,28,6,3
85,112,76,37,48,54,63,70,65,70,66,80,70,60,55,56,58,103,129,84,52,43,14,17
93,111,52,53,51,71,84,76,78,74,96,102,96,73,55,58,61,85,135,127,61,50,14,11
120,79,41,14,56,70,87,92,89,77,100,100,92,59,60,10,8,74,114,137,84,50,12,12
124,67,71,55,84,79,105,125,128,117,107,101,87,84,85,79,70,75,113,142,147,59,50,12
81,66,59,72,73,82,123,146,123,127,145,137,107,58,51,14,50,58,75,105,135,55,35,13
22,50,27,53,59,114,156,175,179,167,196,180,118,69,16,0,8,1,37,13,27,15,4,6
11,2,9,35,73,134,206,237,201,186,245,207,140,94,56,0,8,4,12,9,12,7,0,0
0,0,0,40,69,126,161,182,168,161,182,204,163,107,64,33,8,0,5,1,6,0,0,2
0,0,7,26,101,121,128,134,148,155,146,135,129,111,67,13,6,0,0,0,5,0,0,0
6,5,1,44,74,110,122,130,132,142,137,125,109,73,50,0,0,0,0,0,0,0,0,0
0,9,7,19,55,93,119,116,115,135,127,113,78,56,47,0,0,0,0,0,0,0,0,0
0,10,7,13,52,87,81,79,83,78,87,95,65,58,28,7,2,0,0,0,0,6,1,3
11,12,11,33,64,59,69,88,93,87,87,69,68,63,43,23,17,12,12,11,9,13,9,1
8,11,12,46,106,81,88,110,112,81,76,81,105,102,68,19,20,8,7,2,0,9,0,0
9,8,19,69,113,126,116,131,140,146,120,107,109,102,79,52,12,9,0,3,0,9,0,0
11,4,16,62,102,127,137,135,156,149,136,111,129,123,75,58,18,4,0,2,0,4,0,0
18,19,23,47,103,113,138,134,112,92,102,109,128,132,115,66,36,6,8,8,0,7,0,0
10,9,14,50,104,109,146,142,111,70,101,116,132,139,111,62,35,13,13,3,0,9,6,0
5,8,12,67,108,123,145,140,116,101,106,119,134,126,110,101,64,0,6,12,2,0,0,0
11,3,8,14,96,116,127,135,122,103,105,128,122,114,106,100,1,5,7,6,0,1,0,0
7,21,14,31,60,107,120,126,117,101,107,115,116,110,104,102,8,6,3,8,8,8,10,7
13,12,14,28,54,100,106,116,114,102,86,110,114,111,104,50,11,12,6,10,7,0,5,0
11,10,8,11,14,80,107,118,113,94,63,82,125,118,102,63,47,24,6,7,0,7,12,1
9,0,11,14,32,50,110,154,125,86,67,66,142,252,104,69,67,40,7,3,8,0,9,8
12,12,4,14,26,48,72,187,114,64,58,61,106,166,103,61,52,46,12,0,9,0,3,11
1,1,11,12,12,15,51,63,54,44,38,42,55,66,57,47,38,29,13,12,7,9,9,12
6,2,14,20,30,39,58,60,43,25,13,29,53,91,66,13,13,10,9,4,5,1,0,1
0,0,0,11,14,32,58,64,14,9,25,50,53,58,58,50,23,11,2,3,0,1,1,7
3,4,9,13,12,23,53,51,47,18,18,50,53,54,52,50,26,12,3,4,0,0,1,2
13,12,10,8,13,41,56,58,32,14,12,29,32,43,42,15,11,9,0,4,0,0,3,0
3,10,0,3,12,13,38,39,20,12,10,14,15,13,12,13,10,6,0,0,0,0,0,0
2,6,3,9,10,8,36,43,10,5,12,11,14,22,11,5,7,4,0,0,6,0,0,0
8,4,0,13,10,9,10,14,12,12,10,8,13,17,13,12,5,6,2,0,1,4,1,0
3,7,2,2,9,4,6,15,14,13,8,13,16,14,14,12,4,0,0,0,0,0,0,0
1,2,8,6,1,11,18,33,29,14,5,14,28,20,23,10,7,6,0,0,0,0,0,0
2,6,0,5,10,9,26,39,51,14,11,13,50,47,27,25,13,8,0,0,0,2,5,0
9,6,4,0,7,12,27,55,38,14,13,14,50,52,39,24,14,13,8,5,0,0,6,6
4,8,12,4,10,12,52,55,54,28,24,35,53,60,52,30,12,6,5,7,6,0,7,7
5,9,3,12,13,24,50,53,31,18,12,12,10,19,29,14,12,7,1,8,9,5,0,5

7,10,38,35,13,9,6,3,0,2,3,0,0,2,10,12,14,13,11,0,0,0,9,9
8,12,95,62,48,12,7,5,0,6,6,0,0,10,13,43,33,51,25,5,5,3,4,10
13,14,101,79,56,33,11,18,0,3,12,8,2,13,57,63,113,120,92,13,12,13,8,6
11,68,112,68,42,44,30,13,0,8,8,8,7,50,58,61,105,105,69,25,14,14,9,10
14,107,88,53,39,35,14,43,51,57,44,57,13,14,54,61,66,109,106,58,48,28,6,3
85,112,76,37,48,55,63,70,65,70,66,81,71,60,55,56,58,103,129,84,52,42,14,17
93,111,52,53,52,71,84,77,78,74,96,102,96,73,55,58,61,85,134,127,61,50,14,11
120,79,41,14,56,70,88,91,89,77,99,100,93,59,60,10,8,74,114,137,84,50,11,12
124,67,71,55,84,78,105,124,127,116,105,101,87,84,85,79,70,75,112,142,147,59,50,12
81,66,60,72,73,82,122,145,122,125,143,135,107,58,51,14,50,58,75,104,134,54,35,13
22,50,27,53,60,114,156,175,177,164,193,179,118,69,17,0,8,1,37,13,28,15,4,6
10,2,9,36,74,136,207,237,201,187,245,209,141,95,57,0,8,4,12,9,12,7,0,0
0,0,0,41,70,127,160,181,170,164,183,203,165,107,64,33,8,0,5,1,6,0,0,2
0,0,7,28,102,122,128,135,150,158,148,136,130,112,68,13,6,0,0,0,5,0,0,0
7,5,2,48,76,111,123,132,133,143,139,126,110,75,51,0,0,0,0,0,0,0,0,0
0,10,7,21,56,94,120,117,117,136,129,114,79,56,50,0,0,0,0,0,0,0,0,0
0,10,7,12,51,88,82,81,84,79,88,96,65,58,27,7,2,0,0,0,0,7,1,3
11,11,11,32,63,58,69,90,94,88,89,69,68,63,42,23,17,12,12,11,9,13,9,1
8,11,12,45,106,79,87,111,113,82,77,81,105,102,67,17,18,8,7,2,0,9,0,0
9,8,16,68,113,125,115,131,140,146,120,106,109,102,78,51,12,9,0,3,0,9,0,0
10,4,15,61,102,126,136,135,155,148,135,111,128,122,75,58,16,3,0,2,0,4,0,0
17,18,22,47,103,112,137,134,111,91,102,109,128,131,114,65,36,6,8,8,0,7,0,0
10,8,13,50,104,109,146,142,111,69,101,116,132,139,110,61,35,13,13,3,0,9,6,0
5,8,11,65,108,123,144,140,116,101,106,118,134,126,110,101,63,0,6,12,2,0,0,0
11,3,8,14,94,115,127,135,122,103,105,128,122,114,106,100,1,5,7,6,0,1,0,0
7,20,14,30,60,107,120,126,117,101,106,114,117,110,104,102,8,6,2,8,8,8,10,7
13,12,13,28,53,100,106,116,114,102,86,110,114,111,104,51,11,12,6,10,7,0,5,0
11,10,7,11,14,80,107,118,113,94,62,82,125,118,102,63,47,24,6,7,0,7,12,1
9,0,11,14,32,49,110,154,125,86,67,66,142,253,104,69,68,39,7,3,8,0,9,8
12,12,4,14,26,48,72,187,114,64,58,61,106,166,103,61,52,46,12,0,9,0,3,11
1,1,11,12,12,15,51,63,54,44,38,41,55,66,57,47,39,28,13,12,7,9,9,12
6,2,14,20,30,39,58,61,44,27,13,30,53,91,66,13,13,10,9,4,5,2,0,1
0,0,0,11,14,32,58,64,14,9,25,50,53,58,57,50,24,11,2,3,0,1,1,7
4,4,9,13,12,23,53,51,47,21,17,50,53,54,52,50,26,12,3,4,0,0,1,2
13,12,10,8,13,41,56,58,32,14,12,29,33,44,42,15,11,9,0,4,0,0,3,0
3,10,0,3,12,13,38,39,20,12,10,14,14,13,13,13,10,6,0,0,0,0,0,0
2,6,3,9,10,8,37,43,10,5,12,11,14,23,11,6,7,4,0,0,6,0,0,0
8,4,0,13,10,9,10,14,12,12,11,8,13,17,13,12,5,6,2,0,1,4,1,0
3,7,2,2,9,4,7,15,14,13,8,13,17,14,14,12,5,0,0,0,0,0,0,0
1,2,8,6,2,12,19,34,29,14,5,14,29,20,23,10,7,6,0,0,0,0,0,0
2,6,0,5,10,9,26,39,51,14,11,13,50,48,28,25,13,8,0,0,0,2,5,0
9,6,5,0,7,12,28,55,38,14,13,14,50,52,39,25,14,13,8,5,0,0,6,6
4,8,12,4,10,12,52,55,54,28,24,35,53,60,52,30,12,7,5,7,6,0,7,7
5,9,3,12,13,24,50,54,30,18,12,12,10,18,28,13,12,7,1,8,9,5,0,5

7,10,40,34,13,9,6,3,0,2,3,0,0,1,10,12,14,13,11,0,0,0,9,9
8,12,95,62,48,12,7,5,0,6,6,0,0,10,13,45,34,52,25,5,5,4,5,10
13,14,101,79,56,33,11,18,0,3,12,8,2,13,57,63,113,119,92,13,12,13,8,6
11,67,112,68,41,44,30,13,0,8,8,8,7,51,58,61,105,105,69,24,14,14,9,10
14,107,88,53,39,35,14,43,51,58,46,57,13,14,54,61,66,108,105,58,48,27,6,3
86,112,76,37,48,55,63,70,65,70,66,81,71,60,55,56,58,103,129,84,52,43,14,18
93,111,51,53,52,71,85,77,78,75,96,103,97,73,55,58,61,85,134,127,61,50,14,11
120,79,41,14,56,70,88,92,89,77,100,100,93,59,60,11,8,74,114,137,84,49,12,13
123,67,71,55,84,79,105,125,128,116,106,101,88,84,85,79,70,75,112,141,147,59,48,12
81,66,60,72,73,82,122,146,122,126,144,136,107,58,51,14,50,58,75,104,134,55,35,13
22,50,26,53,59,114,156,175,177,165,194,180,119,69,17,0,8,1,36,13,27,16,4,6
11,2,10,36,73,135,206,236,199,186,244,208,142,95,57,0,8,4,12,9,12,7,0,0
0,0,0,41,69,127,161,181,169,163,181,203,165,107,64,33,8,0,5,1,6,0,0,2
0,0,8,30,102,122,128,135,149,157,147,136,130,112,68,13,6,0,0,0,5,0,0,0
6,5,2,47,76,111,123,131,133,143,138,126,110,74,50,0,0,0,0,0,0,0,0,0
0,10,7,21,56,94,120,117,116,136,128,114,79,56,50,0,0,0,0,0,0,0,0,0
0,10,7,12,51,88,82,80,84,79,88,96,65,58,26,7,2,0,0,0,0,6,1,3
11,12,11,32,64,58,69,89,93,88,88,69,68,62,42,23,18,12,12,11,9,13,9,1
8,11,12,46,106,80,88,111,112,82,77,81,105,102,67,18,20,8,7,2,0,9,0,0
9,8,18,69,113,126,115,131,140,146,120,106,109,102,79,52,12,9,0,3,0,9,0,0
10,4,16,62,102,126,136,135,156,149,136,111,128,123,75,58,16,3,0,2,0,4,0,0
17,19,23,47,103,113,137,134,111,91,102,109,129,132,115,66,36,6,8,8,0,7,0,0
10,8,13,50,104,109,146,142,111,69,101,116,132,139,111,62,35,13,13,3,0,9,6,0
5,8,11,67,108,123,145,140,116,101,106,119,134,127,110,101,64,0,6,12,2,0,0,0
11,3,8,14,95,116,127,135,122,102,105,128,122,114,106,100,1,5,7,6,0,1,0,0
7,21,14,32,61,107,120,126,117,101,106,114,116,110,104,102,8,6,2,8,8,8,10,7
13,12,13,27,53,100,106,116,114,102,86,110,114,111,104,50,11,12,6,10,7,0,5,0
11,10,7,11,14,80,107,118,113,94,62,82,125,118,102,63,47,24,6,7,0,7,12,1
9,0,11,14,31,49,110,153,125,85,67,66,141,252,104,69,67,39,7,3,8,0,9,8
12,12,4,14,26,48,72,187,114,64,58,61,106,166,103,61,52,47,12,0,9,0,3,11
1,1,11,12,12,15,51,63,54,44,38,41,55,66,57,47,39,29,13,12,7,9,9,12
6,2,14,19,30,39,58,60,44,25,13,30,53,91,66,13,13,10,10,4,5,2,0,1
0,0,0,11,14,32,58,64,14,9,24,48,53,58,57,50,24,11,2,3,0,1,1,7
3,4,9,13,12,24,53,51,47,20,18,50,53,54,51,50,26,12,3,4,0,0,1,2
13,12,10,8,13,40,56,58,32,14,12,30,33,43,42,15,11,9,0,4,0,0,3,0
3,10,0,3,12,13,38,39,20,12,10,14,14,13,13,13,10,6,0,0,0,0,0,0
2,6,3,9,10,8,36,42,10,5,12,11,14,22,11,6,7,4,0,0,6,0,0,0
8,4,0,13,10,9,10,14,12,12,11,8,13,17,13,12,6,6,2,0,1,4,1,0
3,7,2,2,9,4,6,15,14,13,8,13,17,14,14,12,5,0,0,0,0,0,0,0
1,2,8,6,1,12,18,34,31,14,5,14,29,20,23,10,7,6,0,0,0,0,0,0
2,6,0,5,10,9,27,39,51,14,11,13,50,46,28,25,13,8,0,0,0,2,5,0
9,6,5,0,7,12,28,55,38,14,13,14,50,52,39,24,14,13,8,5,0,0,6,6
4,8,12,4,10,12,52,55,54,28,25,33,53,60,52,30,12,6,5,7,6,0,7,7
5,9,3,12,13,24,50,54,30,18,12,12,10,18,28,13,12,7,1,8,9,5,0,5

7,10,38,34,13,9,6,3,0,2,3,0,0,1,10,12,14,13,11,0,0,0,9,9
8,12,95,62,48,12,7,5,0,6,6,0,0,10,13,45,34,51,25,5,5,4,5,10
13,14,101,79,56,33,11,18,0,3,12,8,2,13,57,63,113,119,92,13,12,13,8,6
11,68,112,68,41,44,30,13,0,8,8,9,7,52,59,61,105,105,69,25,14,14,9,10
14,107,88,53,39,35,14,44,52,58,47,58,13,14,54,61,66,109,105,58,47,28,6,3
86,112,76,37,48,55,63,71,65,70,66,81,71,60,55,56,58,103,129,84,52,42,14,18
93,111,52,53,52,72,85,77,78,75,97,103,97,73,55,58,62,85,134,127,61,50,14,11
120,80,41,14,56,70,88,92,90,77,100,101,93,59,60,11,8,74,114,137,84,50,12,12
124,67,71,55,84,79,105,125,128,117,107,101,88,84,85,79,70,75,113,141,147,59,48,12
81,66,60,72,74,82,123,146,122,127,146,138,108,58,51,15,50,58,75,104,135,55,35,13
22,50,27,53,59,114,155,175,177,166,196,181,119,69,17,0,8,1,37,13,28,15,4,6
11,2,10,35,73,134,205,236,199,185,244,206,141,94,57,0,9,4,12,9,12,7,0,0
0,0,0,40,68,126,161,181,167,160,180,204,163,107,64,32,8,0,5,1,6,0,0,2
0,0,7,27,101,121,128,134,148,154,146,135,129,112,68,13,6,0,0,0,5,0,0,0
6,5,1,45,75,110,122,130,132,141,137,125,109,74,50,0,0,0,0,0,0,0,0,0
0,10,7,19,55,93,119,116,115,135,128,113,79,56,48,0,0,0,0,0,0,0,0,0
0,10,7,12,52,87,81,79,83,78,87,95,65,58,27,7,2,0,0,0,0,6,1,3
11,12,11,33,65,59,69,88,93,87,87,69,68,63,43,23,18,12,13,11,9,13,9,1
8,11,12,46,106,81,88,110,112,81,76,81,105,102,68,20,20,8,7,2,0,9,0,0
9,8,20,70,114,126,116,131,140,146,120,107,109,103,79,54,12,9,0,3,0,9,0,0
11,4,17,63,102,127,137,135,157,149,136,111,129,123,75,58,18,4,0,2,0,4,0,0
18,19,23,48,104,113,138,135,112,92,102,110,129,132,115,66,36,7,8,8,0,7,0,0
10,9,13,50,104,109,146,143,112,70,101,116,132,139,111,62,34,13,13,3,0,9,6,0
5,8,12,67,108,123,145,140,116,101,106,119,134,127,110,101,64,0,6,12,2,0,0,0
11,3,8,14,95,116,127,135,122,103,105,128,122,114,106,100,1,5,7,6,0,1,0,0
7,21,14,31,61,107,120,126,117,101,107,114,117,110,104,102,8,6,2,8,8,8,10,8
13,12,14,27,53,100,106,116,114,102,86,110,114,111,104,50,11,12,6,10,7,0,5,0
11,10,8,11,14,80,107,118,113,94,63,82,125,118,102,63,48,24,6,7,0,7,12,1
9,0,11,14,32,50,110,153,125,86,67,66,141,252,104,69,67,39,7,3,7,0,9,8
12,12,4,14,26,48,72,186,114,64,58,61,105,166,103,61,52,46,12,0,9,0,3,11
1,1,11,12,12,14,51,63,54,44,38,41,55,65,57,47,39,29,13,12,7,9,9,12
6,2,14,20,30,39,58,60,44,25,13,29,53,91,66,13,13,10,9,4,5,1,0,1
0,0,0,11,14,32,58,64,14,9,24,50,53,58,57,50,23,11,2,3,0,1,1,7
3,4,9,13,12,24,53,51,47,20,18,50,53,54,52,50,27,12,3,4,0,0,1,2
13,12,10,8,13,40,56,58,32,14,12,29,32,43,43,16,11,9,0,4,0,0,3,0
3,10,0,3,12,13,38,39,20,12,10,14,14,13,13,13,10,6,0,0,0,0,0,0
2,6,3,9,10,8,36,43,10,5,12,11,14,22,11,5,7,4,0,0,6,0,0,0
8,4,0,13,10,9,10,14,12,12,10,8,13,17,13,12,6,6,2,0,1,4,1,0
3,7,2,2,9,4,6,14,14,13,8,13,16,14,14,12,5,0,0,0,0,0,0,0
1,2,8,6,1,11,19,34,30,14,5,14,29,20,23,10,7,6,0,0,0,0,0,0
2,6,0,5,10,9,26,39,51,13,11,13,50,46,29,25,13,8,0,0,0,2,5,0
9,6,4,0,7,12,28,55,38,14,13,14,50,52,39,25,14,13,8,5,0,0,6,6
4,8,12,4,10,12,52,55,54,28,24,35,53,60,52,30,12,6,5,7,6,0,7,7
5,9,3,12,13,24,50,53,29,18,12,12,10,19,28,13,12,7,1,9,9,5,0,5

7,10,38,36,13,9,6,3,0,2,3,0,0,2,10,12,14,13,11,0,0,0,9,9
8,12,95,62,50,12,7,5,0,6,6,0,0,10,13,45,35,51,25,5,5,4,5,10
13,14,101,79,56,33,11,18,0,3,12,8,2,13,57,63,114,120,92,13,12,13,8,6
11,68,112,68,42,44,30,13,0,9,8,9,7,51,58,61,105,105,69,25,14,14,9,10
14,107,88,53,39,35,14,46,53,59,50,59,13,14,54,61,66,109,105,58,47,29,6,3
86,112,76,37,48,55,63,71,66,70,66,81,71,60,56,56,58,103,129,84,52,43,14,17
93,111,52,53,52,72,85,77,79,75,97,103,97,74,56,58,62,85,135,127,61,50,14,11
120,80,42,14,57,71,89,93,90,77,101,101,94,60,60,11,9,74,114,137,84,50,12,12
124,67,71,55,84,79,105,125,128,117,107,102,88,84,86,79,70,75,113,141,147,59,47,12
81,66,59,72,74,82,123,146,122,126,146,138,108,58,51,15,50,58,75,104,135,55,35,13
22,50,27,53,59,114,156,175,177,166,196,182,120,69,17,0,8,1,38,13,28,15,4,6
11,2,10,35,73,134,204,236,199,185,244,206,141,95,57,0,9,4,12,9,12,7,0,0
0,0,0,40,68,126,162,181,166,159,180,204,163,107,63,32,8,0,5,1,6,0,0,2
0,0,7,27,101,121,128,133,148,153,145,135,129,112,67,13,6,0,0,0,5,0,0,0
6,5,1,44,74,110,122,130,131,141,137,125,108,73,50,0,0,0,0,0,0,0,0,0
0,10,7,18,54,92,119,115,114,134,127,112,78,56,48,0,0,0,0,0,0,0,0,0
0,10,7,13,51,87,81,79,82,78,86,95,65,58,28,7,2,0,0,0,0,7,1,3
11,12,11,33,65,59,68,87,92,86,87,68,68,63,43,24,18,12,13,11,9,13,9,1
8,11,12,46,106,81,88,110,112,81,76,81,105,102,68,20,21,8,7,2,0,9,0,0
9,8,20,69,114,126,116,131,140,146,120,107,109,103,79,54,12,9,0,3,0,9,0,0
11,4,17,63,102,127,137,135,157,149,136,111,129,123,76,59,18,4,0,2,0,4,0,0
18,19,23,48,104,113,137,135,112,92,103,110,129,132,115,66,36,7,8,8,0,7,0,0
10,9,14,51,104,109,146,143,112,70,101,116,132,139,111,62,35,13,13,3,0,9,6,0
5,8,11,68,108,123,145,140,116,101,106,119,134,127,110,101,65,0,6,12,2,0,0,0
11,3,8,14,96,116,127,135,122,103,105,128,122,114,106,100,1,5,8,6,0,1,0,0
7,21,14,32,61,107,120,126,117,101,107,115,117,110,104,102,8,6,2,8,8,9,10,7
13,12,14,27,53,100,106,116,114,102,86,110,114,111,104,51,11,12,6,10,7,0,5,0
11,10,8,11,14,80,107,118,113,94,62,82,125,118,102,63,47,24,6,7,0,7,12,1
9,0,11,14,32,50,110,154,125,85,67,66,141,252,104,69,67,39,7,3,8,0,9,8
12,12,4,14,26,48,72,186,114,64,58,61,105,165,103,61,52,46,12,0,9,0,3,11
1,1,11,12,12,15,51,63,54,44,38,41,55,66,57,47,38,29,13,12,7,9,9,12
6,2,15,19,30,40,58,60,44,26,13,29,53,91,66,13,13,10,9,4,5,2,0,1
0,0,0,11,14,32,58,64,14,9,25,50,53,58,57,50,23,11,2,3,0,1,1,7
3,4,9,13,12,24,53,51,47,18,18,50,53,54,51,50,26,12,3,4,0,0,1,2
13,12,10,8,13,40,56,58,32,14,12,29,32,44,42,15,11,9,0,4,0,0,3,0
3,10,0,3,12,13,38,39,20,12,9,14,14,13,12,13,10,6,0,0,0,0,0,0
2,6,3,9,10,8,36,43,10,5,12,11,14,22,10,5,7,4,0,0,6,0,0,0
8,4,0,13,10,9,10,14,12,12,11,8,13,17,13,12,5,6,2,0,1,4,1,0
3,7,2,2,9,4,7,16,14,13,8,13,17,14,14,12,5,0,0,0,0,0,0,0
1,2,8,6,1,11,19,34,30,14,5,14,29,20,23,10,7,6,0,0,0,0,0,0
2,6,0,5,10,9,26,39,51,13,11,13,50,46,29,25,13,8,0,0,0,2,5,0
9,6,5,0,6,12,26,55,38,14,13,14,50,52,39,24,14,13,8,5,0,0,6,6
4,8,12,4,10,12,52,55,54,28,25,33,53,60,52,30,12,7,5,7,6,0,7,7
5,9,3,12,13,24,50,53,30,18,12,12,10,19,28,13,12,7,1,8,9,5,0,5

7,10,37,35,13,9,6,3,0,2,3,0,0,1,10,12,14,13,11,0,0,0,9,9
8,12,95,62,50,12,7,5,0,6,6,0,0,10,13,43,35,51,25,5,5,4,5,10
13,14,101,80,56,35,11,18,0,3,12,8,2,13,57,63,113,119,92,13,12,13,8,6
11,67,112,68,41,44,30,13,0,9,8,9,7,51,59,61,105,105,69,25,14,14,9,10
14,107,88,53,39,35,14,46,53,59,50,58,13,14,54,61,65,108,105,58,50,27,6,3
85,112,76,37,48,55,63,71,65,70,66,81,71,60,55,56,58,103,128,84,52,42,14,18
93,111,52,53,52,72,85,77,79,75,97,103,96,74,56,59,62,85,134,127,61,50,14,11
120,80,42,14,57,71,88,93,90,78,102,101,93,60,60,11,9,74,114,137,84,50,12,13
124,67,71,56,84,79,106,126,129,118,108,102,88,84,86,79,70,75,113,141,147,59,50,12
81,66,59,72,74,83,123,147,123,128,148,139,108,58,52,15,50,58,75,104,135,54,35,13
22,50,27,53,60,114,157,176,180,169,199,184,121,70,19,0,8,1,37,13,27,16,4,6
11,2,10,35,73,134,205,237,201,187,247,208,142,95,57,0,9,4,12,9,12,7,0,0
0,0,0,41,68,126,162,182,167,160,182,206,163,107,64,33,8,0,5,1,6,0,0,2
0,0,7,23,101,121,128,134,148,154,146,135,129,112,67,13,6,0,0,0,5,0,0,0
6,5,1,41,73,110,121,129,131,141,136,124,107,72,50,0,0,0,0,0,0,0,0,0
0,9,7,17,53,91,118,115,114,134,127,111,77,56,48,0,0,0,0,0,0,0,0,0
0,10,7,12,51,86,81,79,82,78,86,94,64,58,27,7,2,0,0,0,0,6,1,3
11,12,11,33,65,59,68,87,92,86,87,68,68,63,43,24,18,12,13,11,9,13,9,1
8,11,12,46,106,81,88,110,112,81,76,81,105,102,69,21,21,8,7,2,0,9,0,0
9,8,21,69,114,126,116,131,140,146,120,107,109,103,80,54,12,9,0,3,0,9,0,0
11,4,17,63,102,127,137,135,157,149,136,111,129,123,76,59,20,4,0,2,0,4,0,0
17,19,23,48,104,113,138,135,112,92,103,110,129,132,115,66,36,7,8,8,0,7,0,0
10,9,14,50,104,109,146,143,112,70,101,116,132,139,111,62,35,13,13,3,0,9,6,0
5,8,11,67,108,123,144,140,116,101,106,119,134,127,111,101,65,0,6,12,2,0,0,0
11,3,8,14,95,116,127,135,122,102,105,128,122,114,106,100,1,5,8,6,0,1,0,0
7,22,14,31,61,107,120,126,117,101,106,115,117,110,104,102,8,6,2,8,8,8,10,7
13,12,14,28,53,100,106,116,113,102,85,110,114,111,104,51,11,12,6,10,7,0,6,0
11,10,8,11,14,80,107,118,113,94,63,82,125,118,102,64,48,22,6,7,0,7,12,1
9,0,11,14,32,50,110,153,125,86,67,66,141,252,104,69,67,40,7,3,8,0,9,8
12,12,4,14,26,48,72,186,113,64,58,61,106,166,103,61,52,46,12,0,9,0,3,11
1,1,11,12,12,15,51,63,54,44,38,41,55,66,57,47,38,29,13,12,7,9,9,12
6,2,14,19,30,39,58,60,42,26,13,28,53,91,66,13,13,10,9,4,5,1,0,1
0,0,0,11,14,32,58,64,14,9,25,49,53,58,58,51,23,11,2,3,0,1,1,7
3,4,9,13,12,23,52,51,46,19,17,50,53,54,52,50,26,12,3,4,0,0,1,2
13,12,10,8,13,40,56,58,32,14,12,29,33,44,42,15,11,9,0,4,0,0,3,0
3,10,0,3,12,13,38,39,20,12,9,14,14,13,12,13,10,6,0,0,0,0,0,0
2,6,3,9,10,8,36,44,10,5,12,11,14,23,10,6,7,4,0,0,6,0,0,0
8,4,0,13,10,9,10,14,12,12,10,8,13,17,13,12,5,6,2,0,1,4,1,0
3,7,2,2,9,4,6,15,14,13,8,13,16,14,14,12,5,0,0,0,0,0,0,0
1,2,8,6,2,11,19,34,29,14,5,14,28,20,23,10,7,6,0,0,0,0,0,0
2,6,0,5,10,9,25,39,51,13,11,13,50,48,29,25,13,8,0,0,0,2,5,0
9,6,5,0,7,12,28,55,38,14,13,14,50,52,39,26,14,13,8,5,0,0,6,6
4,8,12,4,10,12,52,55,54,28,24,33,53,60,52,30,12,7,5,7,6,0,7,7
5,9,3,12,13,24,49,54,31,18,12,12,10,19,29,14,12,7,1,8,9,5,0,5

7,10,38,35,13,9,6,3,0,2,3,0,0,1,10,12,14,12,11,0,0,0,9,9
8,12,95,62,50,12,7,5,0,6,6,0,0,10,13,43,33,51,24,5,5,4,5,10
13,14,101,80,56,36,11,18,0,3,12,8,2,13,57,63,113,119,93,13,12,13,8,6
11,68,112,68,41,44,30,13,0,9,8,8,7,51,58,61,105,105,69,25,14,14,9,10
14,107,88,53,39,35,15,47,54,59,50,59,14,14,54,61,65,108,105,58,48,29,6,3
86,112,76,37,48,55,64,71,65,71,66,81,72,61,56,56,58,103,128,84,52,42,14,18
93,111,51,52,52,72,86,77,78,75,98,104,97,74,56,58,62,84,133,127,60,50,14,11
120,80,42,14,57,71,89,93,89,78,102,102,94,60,60,11,9,74,113,136,84,50,12,13
123,67,71,56,85,80,106,125,128,118,108,102,89,84,86,80,70,75,113,141,147,59,50,12
81,66,60,72,74,83,124,147,122,127,147,139,108,59,51,15,50,58,75,105,135,55,36,13
21,50,27,53,60,116,158,176,178,167,198,185,122,70,19,0,8,1,37,13,28,16,5,6
11,2,9,36,74,137,209,236,200,188,247,214,145,96,57,0,9,4,12,9,12,7,0,0
0,0,0,42,70,128,162,181,169,163,182,205,169,107,65,35,8,0,5,1,6,0,0,2
0,0,7,25,101,121,128,135,149,157,147,135,129,112,68,13,6,0,0,0,5,0,0,0
6,5,1,41,73,110,122,130,132,142,137,124,107,72,50,0,0,0,0,0,0,0,0,0
0,9,7,18,53,91,119,116,115,135,127,112,77,56,50,1,0,0,0,0,0,0,0,0
0,10,7,12,51,86,81,79,83,78,87,94,64,57,27,8,3,0,0,0,0,7,1,3
11,12,11,32,64,58,69,88,93,87,87,68,67,63,43,24,18,12,12,11,9,13,9,1
8,11,12,46,106,80,87,110,112,81,76,81,105,102,67,19,20,8,7,2,0,9,0,0
9,8,18,69,113,126,115,131,140,146,120,107,109,102,78,52,12,9,0,3,0,9,0,0
10,4,16,62,102,126,136,135,156,148,135,111,128,123,75,58,16,4,0,2,0,4,0,0
18,19,23,47,103,112,137,134,111,91,102,110,129,132,115,66,36,7,8,8,0,7,0,0
10,8,13,50,104,109,146,142,111,69,101,116,132,139,111,62,34,13,13,3,0,9,6,0
5,8,11,65,108,123,144,140,116,101,106,119,134,127,110,101,65,0,6,12,2,0,0,0
11,3,8,14,95,115,127,135,122,102,105,128,122,114,106,100,1,5,7,6,0,1,0,0
7,21,14,31,61,107,120,126,117,101,106,115,117,110,104,102,8,6,2,8,8,8,10,7
13,12,14,28,53,100,106,116,114,102,85,110,114,111,104,51,11,12,6,10,7,0,5,0
11,10,7,11,14,80,107,118,113,94,62,82,125,118,102,64,48,22,6,6,0,7,12,1
9,0,11,14,32,50,110,153,125,85,67,66,141,252,104,69,68,40,7,3,8,0,9,8
12,12,4,14,26,48,72,188,114,64,58,61,106,167,103,61,52,47,12,0,9,0,3,11
1,1,11,12,12,15,51,63,54,44,38,41,55,66,57,47,39,28,13,12,7,9,9,12
6,2,14,20,30,39,58,61,44,27,13,29,53,91,66,13,13,10,9,4,5,2,0,1
0,0,0,11,14,32,58,64,14,9,24,48,53,58,58,51,23,11,2,3,0,1,1,7
3,4,9,13,12,24,53,50,48,20,17,50,54,54,51,50,26,12,3,4,0,0,1,2
13,12,10,8,13,41,56,58,32,14,12,29,33,44,42,16,11,9,0,3,0,0,3,0
3,10,0,3,12,13,37,39,21,12,10,14,14,13,13,13,9,6,0,0,0,0,0,0
2,6,3,9,10,8,36,43,10,5,12,11,14,23,11,5,7,4,0,0,6,0,0,0
8,4,0,13,10,9,10,14,12,12,11,8,13,18,13,12,5,6,2,0,1,4,1,0
3,7,2,2,9,4,6,14,14,13,8,13,17,14,14,12,5,0,0,0,0,0,0,0
1,2,8,6,2,11,19,33,29,14,5,14,29,20,23,10,7,6,0,0,0,0,0,0
2,6,0,5,10,9,26,39,51,14,11,13,50,47,29,25,13,8,0,0,0,2,5,0
9,6,5,0,7,13,28,55,39,14,13,15,50,52,40,25,14,13,8,5,0,0,6,6
4,8,12,4,10,12,52,55,54,28,25,35,53,60,52,30,12,7,5,7,6,0,7,7
5,9,3,12,13,24,50,54,30,18,12,12,10,20,29,14,12,7,1,9,9,5,0,5

7,10,38,35,13,9,6,3,0,2,3,0,0,1,10,12,14,12,11,0,0,0,9,9
8,12,96,62,50,12,7,5,0,6,6,0,0,10,13,43,34,51,25,5,5,4,5,11
13,14,101,79,56,36,11,18,0,3,12,8,2,12,57,63,113,119,91,12,12,13,8,6
11,68,112,68,42,44,30,13,0,9,8,9,7,50,58,61,104,105,68,24,14,14,9,10
14,107,88,53,39,35,14,49,53,59,50,59,14,14,54,61,65,108,105,58,50,27,6,3
86,112,76,37,48,55,64,71,65,70,66,81,72,61,55,56,58,103,127,84,52,42,14,18
93,111,51,52,52,72,86,77,79,75,97,104,97,74,55,58,61,84,133,126,61,50,14,11
120,80,41,14,56,71,89,92,89,78,101,102,94,60,60,11,9,74,113,136,84,50,12,13
123,67,71,56,84,79,106,125,128,117,107,102,88,84,86,80,70,75,113,141,147,59,50,12
81,66,60,73,74,83,124,146,122,126,145,137,108,58,51,14,50,58,75,104,135,55,36,13
21,50,27,53,60,118,159,176,176,166,196,183,123,71,26,5,9,2,36,13,27,16,5,6
10,2,9,36,75,139,212,236,201,189,246,219,148,98,58,0,8,4,12,9,12,7,0,0
0,0,0,43,72,130,161,181,172,167,183,204,173,108,65,36,9,0,4,0,6,0,0,2
0,0,7,26,102,121,128,136,151,160,149,135,129,112,68,14,7,0,0,0,5,0,0,0
6,5,2,44,74,110,122,132,134,143,139,125,108,73,50,0,0,0,0,0,0,0,0,0
0,9,7,18,54,92,120,118,117,137,129,113,78,56,50,2,0,0,0,0,0,0,0,0
0,10,7,12,51,87,82,81,84,80,88,95,65,58,26,8,2,0,0,0,0,7,1,3
11,11,10,32,63,57,69,90,95,89,89,69,67,62,42,24,18,11,12,11,9,13,9,1
8,11,12,45,105,79,88,111,113,82,77,81,105,102,67,17,19,7,7,2,0,9,0,0
9,8,16,68,113,125,115,131,140,146,120,106,109,102,78,51,12,8,0,3,0,9,0,0
10,4,15,61,101,125,136,134,155,148,135,111,128,122,75,58,14,4,0,2,0,4,0,0
17,18,22,47,103,112,137,133,111,91,102,109,128,131,114,66,36,6,8,8,0,7,0,0
10,8,13,50,103,108,146,142,111,69,101,116,132,138,110,62,34,13,13,3,0,9,6,0
5,8,11,67,108,123,144,140,116,101,106,119,134,127,110,101,66,0,6,12,2,0,0,0
11,3,8,14,95,115,127,134,122,103,105,128,122,114,106,100,1,5,7,6,0,1,0,0
7,20,14,31,60,107,120,126,117,101,106,114,117,110,104,102,8,6,3,8,8,8,10,7
13,12,13,27,53,100,106,116,114,102,85,110,114,111,104,50,11,12,6,10,7,0,5,0
11,10,7,11,14,80,107,118,113,94,62,82,125,118,102,64,48,24,6,7,0,7,12,1
9,0,11,13,31,50,110,153,125,85,67,66,141,252,104,69,66,39,7,3,7,0,9,8
12,12,4,14,26,49,72,187,114,64,58,61,107,167,103,61,52,46,12,0,9,0,3,11
1,1,11,12,12,14,51,63,55,44,38,41,55,66,57,47,39,29,13,12,7,9,9,12
6,2,14,20,30,39,58,60,45,26,13,30,53,91,66,13,13,10,9,4,5,2,0,1
0,0,0,11,14,32,58,64,14,9,25,49,53,58,57,50,24,11,1,3,0,1,1,7
4,4,9,13,12,23,53,51,47,21,18,50,53,54,52,50,27,12,2,4,0,0,1,2
13,12,10,8,13,40,56,58,32,14,12,29,32,43,42,15,11,9,0,3,0,0,3,0
3,10,0,3,12,13,37,39,20,12,10,14,14,13,13,13,10,6,0,0,0,0,0,0
2,5,3,9,10,8,37,43,10,6,12,11,14,23,11,5,7,4,0,0,6,0,0,0
8,4,0,13,10,9,10,14,12,12,11,8,13,17,13,12,5,5,2,0,1,4,1,0
3,7,2,2,9,4,6,15,14,13,8,13,17,14,14,12,4,0,0,0,0,0,0,0
1,2,8,6,2,12,18,34,29,14,5,14,29,20,23,10,7,6,0,0,0,0,0,0
2,6,0,5,10,9,25,39,51,14,11,13,48,46,28,25,13,8,0,0,0,2,5,0
9,6,5,0,7,12,26,55,38,14,13,14,50,52,39,26,14,13,8,5,0,0,6,6
4,8,12,4,10,12,52,55,55,28,24,36,53,60,52,31,12,6,5,7,6,0,7,7
5,9,3,12,13,24,50,54,31,19,12,12,10,19,29,14,12,7,1,9,9,5,0,5

7,10,38,34,13,9,6,3,0,2,3,0,0,1,10,12,14,12,11,0,0,0,9,9
8,12,95,62,48,11,7,5,0,6,6,0,0,10,13,42,33,51,23,5,5,4,5,10
13,14,101,79,56,35,11,18,0,3,12,8,2,12,56,62,113,118,91,13,12,13,8,6
11,68,112,68,42,44,30,13,0,9,8,9,7,50,57,61,104,105,68,24,13,14,9,10
14,107,88,53,39,35,14,45,53,58,47,58,13,14,54,61,65,108,105,58,47,27,6,3
85,112,76,37,48,55,64,71,65,70,66,81,72,60,55,56,58,102,127,83,52,43,14,17
93,111,51,53,52,72,85,77,79,75,97,104,97,74,55,58,61,84,132,126,61,50,14,11
120,79,41,14,56,71,89,93,90,78,102,102,94,60,60,11,8,74,113,136,84,50,12,13
123,67,71,55,85,79,107,126,128,118,108,102,88,84,86,80,70,75,112,141,147,59,50,12
81,67,60,73,74,83,124,147,123,128,147,139,108,59,52,15,50,58,75,105,136,55,36,13
22,50,27,53,60,118,159,177,178,167,199,186,123,71,27,5,9,2,37,13,27,15,4,6
10,2,9,36,75,139,212,237,200,188,247,219,147,98,58,0,9,4,12,9,12,7,0,0
0,0,0,43,72,130,163,181,170,165,182,206,172,108,65,35,9,0,5,1,6,0,0,2
0,0,7,27,102,122,128,136,150,159,148,135,130,113,68,14,7,0,0,0,5,0,0,0
6,5,1,43,74,110,122,132,134,143,139,125,108,72,50,0,0,0,0,0,0,0,0,0
0,9,7,18,54,92,120,117,116,136,129,113,78,56,50,3,0,0,0,0,0,0,0,0
0,10,7,12,51,87,82,80,84,79,88,95,64,58,28,8,3,0,0,0,0,6,1,3
11,12,11,32,64,58,69,90,94,88,88,69,67,63,43,25,19,12,12,11,9,13,9,1
8,11,12,46,106,80,88,111,112,82,77,81,105,102,68,19,20,8,7,1,0,9,0,0
9,8,18,69,113,126,115,131,140,147,120,107,109,103,79,52,12,9,0,3,0,9,0,0
10,4,16,62,101,126,137,135,156,149,136,111,129,123,75,58,16,4,0,2,0,4,0,0
17,18,23,47,103,112,137,134,111,92,102,109,129,132,115,66,36,7,8,8,0,7,0,0
10,8,13,50,103,108,146,142,111,68,101,116,132,139,111,62,35,13,13,3,0,9,6,0
5,8,11,67,108,123,144,140,116,101,106,119,134,127,110,101,65,0,6,12,2,0,0,0
11,3,8,14,95,115,127,134,122,102,105,128,122,114,106,100,1,5,7,6,0,1,0,0
7,22,14,32,61,107,120,125,117,101,106,115,117,110,104,102,8,6,2,8,8,8,10,7
13,12,13,28,54,100,106,116,113,102,85,110,114,111,104,51,11,12,6,10,7,0,5,1
11,10,7,11,14,80,106,118,113,93,63,82,125,118,102,64,48,24,6,6,0,7,12,1
9,0,11,14,31,49,110,153,125,85,67,66,141,252,104,69,67,40,7,3,8,0,9,8
12,12,4,14,25,48,72,186,114,64,58,61,106,166,103,61,52,46,12,0,9,0,3,11
1,1,11,12,12,15,51,63,54,44,38,41,55,66,57,47,38,28,13,12,7,9,9,12
6,2,14,20,30,39,58,60,44,27,13,30,53,91,66,13,13,10,10,4,5,1,0,1
0,0,0,11,14,32,58,64,14,9,25,50,53,58,57,50,23,11,2,3,0,1,1,7
3,4,9,13,12,23,53,50,47,19,17,50,54,54,51,50,26,12,3,4,0,0,1,2
13,12,10,8,13,40,56,58,32,14,12,29,33,43,44,16,11,9,0,4,0,0,3,0
3,10,0,3,12,13,37,39,20,12,10,14,14,13,12,13,10,6,0,0,0,0,0,0
2,6,3,9,10,7,36,42,10,5,12,11,14,23,11,5,7,4,0,0,6,0,0,0
8,4,0,13,10,9,10,14,12,12,11,8,13,18,13,12,5,6,2,0,1,4,1,0
3,7,2,2,9,4,6,15,14,13,8,13,17,14,14,12,5,0,0,0,0,0,0,0
1,2,8,6,1,11,18,33,28,14,5,14,29,20,22,10,7,6,0,0,0,0,0,0
2,6,0,5,10,9,25,39,51,13,11,13,48,46,28,25,13,8,0,0,0,2,5,0
9,6,5,0,6,12,25,55,38,14,13,14,50,52,39,24,14,13,8,5,0,0,6,6
4,8,12,4,10,12,52,55,54,28,24,35,53,60,52,30,12,7,5,7,6,0,7,7
5,9,3,12,13,24,50,53,31,18,12,12,10,19,28,13,12,7,1,8,9,5,0,5

7,10,37,36,13,8,6,3,0,2,3,0,0,2,10,12,14,12,11,0,0,0,9,9
8,12,95,62,48,12,7,5,0,6,6,0,0,10,13,42,34,51,23,4,5,4,5,10
13,14,101,79,56,33,11,18,0,3,12,8,2,13,56,63,113,118,91,13,12,13,8,6
11,68,112,68,42,44,30,13,0,9,8,9,7,50,57,61,104,105,68,24,13,14,9,10
14,107,88,53,39,35,14,46,53,58,50,59,13,14,54,61,65,108,105,58,47,27,6,3
86,112,76,37,48,55,64,71,66,70,66,81,72,60,55,56,58,102,127,83,52,43,14,17
93,111,52,52,52,73,86,77,79,75,97,104,97,74,56,58,61,84,133,126,61,50,14,11
120,80,42,14,57,71,90,93,90,78,102,102,94,60,61,11,8,74,113,136,84,50,12,13
123,67,71,56,85,80,107,126,129,117,108,103,89,84,86,80,70,75,113,141,148,59,50,12
81,67,60,73,74,84,125,148,123,128,148,140,109,59,52,15,50,58,75,105,136,55,36,13
22,50,27,53,60,117,158,177,179,168,200,187,123,71,27,6,9,2,37,13,28,16,5,7
10,2,9,36,74,138,210,238,199,187,249,217,146,97,58,0,9,5,13,9,12,7,0,0
0,0,0,42,71,129,164,182,168,162,181,208,169,108,65,35,9,0,5,1,6,0,0,3
0,0,7,25,101,121,128,135,149,156,147,135,129,112,68,14,6,0,0,0,5,0,0,0
6,5,1,42,74,110,122,130,132,142,137,124,108,72,50,0,0,0,0,0,0,0,0,0
0,10,7,18,53,92,119,116,115,135,128,112,77,56,50,2,0,0,0,0,0,0,0,0
0,10,7,12,51,87,81,79,83,78,87,95,64,58,29,8,3,0,0,0,0,7,1,3
11,12,11,33,65,59,69,89,93,87,88,69,68,63,43,25,19,12,12,11,9,13,9,1
8,11,12,47,106,82,88,111,112,81,77,81,105,102,69,22,21,8,7,1,0,9,0,0
9,8,20,69,114,127,116,131,141,147,120,107,110,103,80,54,12,9,0,3,0,9,0,0
11,4,17,63,102,127,137,135,157,149,136,111,129,123,76,59,19,4,0,2,0,4,0,0
18,19,23,48,104,113,138,135,112,92,103,110,129,132,115,66,36,7,8,8,0,7,0,0
10,9,14,51,104,109,146,143,112,69,101,116,132,139,111,63,35,13,13,3,0,9,6,0
5,8,11,68,108,123,144,140,116,101,106,119,134,127,111,101,66,0,6,12,2,0,0,0
11,3,8,14,96,115,127,135,122,102,105,128,122,114,106,100,2,5,8,6,0,1,0,0
7,22,14,32,61,107,120,126,117,101,106,115,117,110,104,102,8,6,2,8,8,8,10,7
13,12,14,27,54,100,106,116,113,102,86,110,114,111,104,51,11,12,6,10,7,0,5,1
11,10,7,11,14,80,107,118,112,95,62,82,125,118,102,64,48,24,6,7,0,7,12,1
9,0,11,14,31,50,110,152,124,85,67,66,141,252,104,69,68,40,7,3,8,0,9,8
12,12,4,14,25,48,72,185,113,64,58,61,106,166,103,61,52,44,12,0,9,0,3,11
1,1,11,12,12,14,50,63,54,44,39,41,55,66,57,47,38,29,13,12,7,9,9,12
6,2,14,19,30,39,58,60,43,23,13,29,53,91,66,13,13,10,10,4,5,1,0,1
0,0,0,11,14,31,58,64,14,9,24,50,53,58,57,50,23,11,2,3,0,1,1,7
3,4,9,13,12,23,52,50,46,20,17,50,53,54,51,50,26,12,3,4,0,0,1,2
13,12,10,8,13,40,56,58,32,14,12,29,33,43,43,15,11,9,0,4,0,0,3,0
3,10,0,3,12,13,37,39,19,12,10,14,14,13,12,13,10,6,0,0,0,0,0,0
2,5,3,9,10,7,35,42,10,5,12,11,14,23,10,5,7,4,0,0,6,0,0,0
8,4,0,13,10,9,10,14,12,12,10,8,13,16,13,12,5,6,2,0,1,4,1,0
3,7,2,2,9,4,6,14,14,13,8,13,16,14,14,12,4,0,0,0,0,0,0,0
1,2,8,6,2,11,18,32,28,14,5,14,28,20,23,10,7,6,0,0,0,0,0,0
2,6,0,5,10,9,26,39,51,14,11,13,50,46,27,25,13,8,0,0,0,2,5,0
9,6,5,0,7,12,25,55,38,14,13,14,50,52,39,24,14,13,8,5,0,0,6,6
4,8,12,4,10,12,52,55,55,28,24,36,53,60,52,30,12,7,5,7,6,0,7,7
5,9,3,12,13,24,49,53,31,17,12,12,10,18,28,13,12,7,1,9,9,5,0,5

7,10,38,35,13,9,6,3,0,2,3,0,0,1,10,12,14,12,11,0,0,0,9,9
8,12,95,62,48,11,7,5,0,6,6,0,0,10,13,41,33,51,23,4,5,3,5,10
13,14,101,79,56,35,11,18,0,3,12,8,2,12,56,63,113,118,91,12,12,13,8,6
11,68,112,68,41,44,30,13,0,9,8,9,7,50,57,61,104,105,68,24,13,14,9,10
14,107,88,53,39,35,14,47,53,58,50,58,13,14,54,60,65,108,105,58,47,28,6,3
86,112,76,37,48,55,64,71,65,70,66,81,71,60,55,56,58,102,127,83,52,42,14,17
93,111,52,53,52,72,85,77,79,75,97,103,97,74,55,58,62,84,132,126,61,50,14,11
120,80,41,14,57,71,89,93,90,78,102,102,94,60,60,11,8,74,113,136,84,50,12,13
123,67,71,56,85,80,107,126,129,118,109,103,89,84,86,80,71,76,113,142,148,59,50,12
81,66,60,73,74,84,125,148,124,129,149,141,108,59,52,15,50,58,75,105,136,55,36,13
23,50,27,53,60,117,159,178,180,170,202,188,123,71,28,6,9,2,38,13,28,16,5,7
10,2,9,36,74,137,210,238,200,188,250,218,146,97,58,0,9,5,13,9,12,7,0,0
0,0,0,42,70,129,165,182,168,161,182,210,169,108,65,35,9,0,5,1,6,0,0,2
0,0,7,25,101,122,128,134,149,155,147,135,130,112,68,14,7,0,0,0,5,0,0,0
6,5,1,42,73,110,121,130,132,141,137,124,108,72,50,0,0,0,0,0,0,0,0,0
0,9,7,17,53,92,119,116,115,135,127,112,77,56,50,3,0,0,0,0,0,0,0,0
0,10,7,13,52,87,81,79,83,78,87,94,64,58,30,8,3,0,0,0,0,7,1,3
11,12,11,33,66,60,69,88,93,86,87,69,68,63,44,25,19,12,12,10,9,13,9,1
8,11,12,47,107,82,89,111,112,81,76,81,105,102,69,23,22,8,7,1,0,9,0,0
9,8,21,70,114,127,116,131,141,147,121,107,110,103,80,54,12,9,0,3,0,9,0,0
11,4,18,63,102,127,137,135,158,149,136,111,130,123,76,59,20,4,0,2,0,4,0,0
17,19,23,48,104,113,138,135,112,92,102,110,129,132,115,67,36,7,8,8,0,7,0,0
10,9,14,51,104,109,146,143,112,69,101,116,132,139,111,63,35,13,13,3,0,9,6,0
5,8,11,68,108,123,144,140,116,101,106,119,134,127,111,101,65,0,6,12,2,0,0,0
11,3,8,14,96,115,127,135,122,102,105,128,122,114,106,100,2,5,8,6,0,1,0,0
7,22,14,32,60,107,120,126,117,101,106,115,117,110,104,102,8,6,2,8,8,8,10,7
13,12,14,27,54,100,106,116,113,102,85,110,114,111,104,52,11,12,6,10,7,0,5,0
11,10,8,11,14,80,107,118,112,94,63,82,125,118,102,64,48,22,6,6,0,7,11,1
9,0,11,14,31,49,110,152,124,85,67,66,141,252,104,69,68,41,7,3,7,0,9,8
12,12,4,14,26,48,72,185,113,64,58,61,106,166,103,61,52,46,12,0,9,0,3,11
1,1,11,12,11,14,51,62,54,44,38,41,55,66,57,47,39,29,13,12,7,9,9,12
6,2,14,19,30,39,58,60,43,25,13,28,53,91,66,13,13,10,9,4,5,1,0,1
0,0,0,11,14,32,58,64,14,9,23,48,53,58,57,50,24,11,2,3,0,1,1,7
3,4,9,13,12,22,52,50,46,19,17,50,53,54,51,50,26,12,3,4,0,0,1,2
13,12,10,8,13,39,56,58,32,14,12,29,32,43,41,15,11,9,0,4,0,0,3,0
3,10,0,3,12,13,36,39,19,11,10,14,14,13,12,13,9,6,0,0,0,0,0,0
2,5,3,9,10,7,36,43,10,5,12,11,14,24,10,5,7,4,0,0,6,0,0,0
8,4,0,13,10,9,10,14,12,12,10,8,13,18,13,12,5,6,2,0,1,4,1,0
3,7,2,2,9,4,6,14,14,13,8,13,16,13,14,12,5,0,0,0,0,0,0,0
1,2,8,6,1,11,18,33,27,14,5,14,28,20,22,10,7,6,0,0,0,0,0,0
2,6,0,5,10,9,25,39,51,14,11,13,50,47,27,25,13,8,0,0,0,2,5,0
9,6,4,0,6,12,25,55,38,14,13,14,50,52,38,24,14,13,8,5,0,0,6,6
4,8,12,4,10,12,52,55,55,28,24,35,53,60,52,31,12,7,5,7,6,0,7,6
5,9,3,12,13,24,50,53,30,18,12,12,10,18,28,13,12,7,1,8,9,5,0,5

7,10,38,35,13,9,6,3,0,2,3,0,0,1,10,12,14,12,11,0,0,0,9,9
8,12,95,62,48,12,7,5,0,6,6,0,0,10,13,42,33,51,23,4,5,4,5,10
13,14,101,79,56,36,11,18,0,3,12,8,2,12,56,62,113,118,91,12,12,13,8,6
11,68,112,68,41,44,30,13,0,9,8,9,7,50,57,61,104,105,68,24,13,14,9,10
14,107,88,53,39,35,14,46,53,58,48,58,13,14,54,61,65,107,105,58,46,27,6,3
86,112,75,37,48,55,64,71,65,70,66,81,71,60,55,56,58,102,127,83,52,42,14,17
93,111,52,53,53,72,85,77,78,75,97,103,97,74,55,58,61,84,132,126,61,50,14,11
120,80,41,14,57,71,89,93,90,78,102,101,93,60,60,11,9,74,113,136,84,50,12,13
123,67,71,56,85,80,107,126,129,118,108,103,88,84,86,80,70,75,113,142,148,59,50,12
81,67,60,73,74,84,125,148,124,129,149,141,108,59,52,15,50,58,75,105,136,55,36,13
22,50,27,53,60,117,159,178,180,170,203,188,124,71,29,6,9,2,38,13,28,16,5,7
10,2,9,36,74,138,212,238,201,189,252,220,146,97,58,0,9,5,13,9,12,7,0,0
0,0,0,43,71,130,165,182,168,163,182,210,170,108,65,35,9,0,5,1,6,0,1,2
0,0,7,26,101,122,128,135,149,156,147,135,130,112,68,14,7,0,0,0,5,0,0,0
6,5,1,42,74,110,122,131,132,142,137,124,108,72,50,0,0,0,0,0,0,0,0,0
0,10,7,18,53,91,119,116,115,135,128,112,77,56,50,3,0,0,0,0,0,0,0,0
0,10,7,13,52,87,81,79,83,78,87,95,64,58,30,8,3,0,0,0,0,7,1,3
11,12,11,33,66,60,69,89,93,87,88,69,68,64,44,25,20,12,12,10,9,13,9,1
8,12,12,46,106,82,89,111,112,81,76,81,105,102,69,22,21,8,8,1,0,9,0,0
9,8,20,70,114,127,116,131,141,147,121,107,110,103,80,54,12,9,0,3,0,9,0,0
11,4,17,63,102,127,137,135,157,149,136,111,129,123,76,59,19,4,0,2,0,4,0,0
17,19,23,48,104,113,137,135,112,92,103,110,129,132,115,67,36,7,8,8,0,7,0,0
10,9,14,51,104,109,146,142,112,70,101,116,132,139,111,63,35,13,13,3,0,9,6,0
5,8,11,68,108,123,144,140,116,101,106,119,134,127,111,101,66,0,6,12,2,0,0,0
11,3,8,14,96,115,127,134,122,103,105,128,122,114,106,100,2,5,8,6,0,1,0,0
7,22,14,32,61,108,120,125,117,101,106,115,117,110,104,102,8,6,3,8,8,8,10,7
13,12,14,27,53,100,105,116,113,102,86,110,114,111,104,52,11,12,6,10,7,0,5,0
11,10,8,11,14,80,106,118,112,94,63,82,125,118,102,64,47,22,6,7,0,7,12,1
9,0,11,13,31,50,110,152,125,85,67,66,141,252,104,69,67,41,7,3,7,0,9,8
12,12,4,14,25,48,72,185,113,64,58,61,106,166,103,61,52,46,12,0,9,0,3,11
1,1,11,12,12,15,50,63,54,44,39,41,55,66,57,47,38,28,13,12,7,9,9,12
6,2,14,19,30,39,58,60,43,25,13,29,53,91,66,13,13,10,9,4,5,1,0,1
0,0,0,11,13,32,58,64,14,9,25,48,53,58,57,50,25,11,2,3,0,1,1,7
3,4,9,13,12,22,52,50,47,18,17,50,53,54,52,50,26,12,3,4,0,0,1,2
13,12,10,8,13,40,56,58,32,14,12,29,33,43,42,15,11,9,0,3,0,0,3,0
3,10,0,3,12,13,37,39,18,12,10,14,14,13,12,13,10,6,0,0,0,0,0,0
2,6,3,9,10,7,35,41,10,5,12,11,14,22,10,5,7,4,0,0,6,0,0,0
8,4,0,13,10,9,10,14,12,12,10,8,13,17,13,12,5,5,2,0,1,4,1,0
3,7,2,2,9,4,6,14,14,13,8,13,16,14,14,12,4,0,0,0,0,0,0,0
1,2,8,6,2,11,18,33,28,14,5,14,29,20,23,10,7,6,0,0,0,0,0,0
2,6,0,5,10,9,24,39,51,14,11,13,48,47,27,25,13,8,0,0,0,2,5,0
9,6,5,0,7,12,27,55,38,14,13,14,50,52,39,24,14,13,8,5,0,0,6,6
4,8,12,4,10,12,52,55,54,28,24,35,53,60,52,30,12,7,5,7,6,0,7,6
5,9,3,12,13,24,50,53,31,18,12,12,10,19,29,13,12,7,1,8,9,5,0,5

7,10,38,34,13,9,6,3,0,2,3,0,0,1,10,12,14,12,11,0,0,0,9,9
8,12,95,62,48,12,7,5,0,6,6,0,0,10,13,42,33,51,24,5,5,4,5,11
13,14,101,79,56,35,11,18,0,3,12,8,2,12,56,63,113,118,90,12,12,13,8,6
11,68,112,68,42,44,30,13,0,9,8,9,7,50,58,61,104,105,68,24,13,14,9,10
14,107,88,53,39,35,14,46,53,58,48,58,13,14,54,61,65,107,105,58,47,27,6,3
86,112,75,37,48,55,64,71,65,70,66,81,71,60,55,56,58,102,126,83,52,43,14,18
93,111,52,52,52,72,85,77,78,75,97,103,96,74,55,59,61,84,132,126,60,50,14,11
120,80,41,14,56,71,88,92,90,78,101,101,93,60,60,11,9,74,113,136,84,50,12,13
123,67,71,56,85,79,106,125,128,117,108,102,88,84,86,80,71,75,113,142,147,59,50,12
81,67,60,73,74,83,124,147,123,128,147,138,107,58,52,15,50,58,75,105,136,55,37,13
22,50,26,53,60,118,159,178,180,169,200,186,123,71,32,6,9,2,37,13,27,16,5,7
10,2,9,36,75,140,214,239,203,191,253,222,147,97,58,0,9,4,13,9,12,7,0,0
0,0,0,43,72,131,164,182,171,167,185,209,173,108,65,36,9,0,4,1,6,0,0,2
0,0,7,28,102,122,129,136,151,160,149,136,130,113,69,14,7,0,0,0,5,0,0,0
7,5,2,45,75,110,123,132,134,144,139,126,109,73,51,1,0,0,0,0,0,0,0,0
0,10,7,20,55,93,120,118,117,137,129,113,78,56,50,4,0,0,0,0,0,0,0,0
0,10,7,12,51,88,82,81,84,79,88,96,65,58,30,8,3,0,0,0,0,7,1,3
11,12,11,32,64,59,70,90,94,89,89,70,68,63,43,25,20,12,13,10,9,13,9,1
8,11,12,45,106,80,88,111,113,82,77,82,105,102,68,20,20,8,7,1,0,9,0,0
9,8,18,68,113,126,115,131,140,147,120,107,109,103,79,53,12,9,0,3,0,9,0,0
10,4,16,62,101,126,136,135,156,149,136,111,129,123,76,59,16,4,0,2,0,4,0,0
17,19,23,47,103,112,137,134,111,92,102,110,129,132,115,66,36,7,8,8,0,7,0,0
10,8,13,50,103,108,146,142,111,70,101,116,132,139,111,62,35,13,13,3,0,9,6,0
5,8,11,67,108,123,144,140,116,101,106,119,134,127,111,101,66,0,6,12,2,0,0,0
11,3,8,14,95,115,127,134,121,103,105,128,122,114,106,100,1,5,8,6,0,1,0,0
7,22,14,31,60,107,120,125,117,101,106,115,117,110,104,102,8,6,3,8,8,8,10,7
13,12,14,28,53,100,105,116,113,102,85,110,114,111,104,51,11,12,6,9,7,0,5,0
11,10,7,11,14,79,106,118,112,94,62,81,125,118,102,64,48,24,6,7,0,7,12,1
9,0,11,13,31,49,110,152,125,86,67,66,141,252,104,69,68,39,7,3,7,0,9,8
12,12,4,14,25,48,72,186,113,64,58,61,106,166,103,61,52,46,12,0,9,0,3,11
1,1,11,12,12,14,50,63,54,44,38,41,55,66,57,47,39,28,13,12,7,9,9,12
6,2,14,19,30,39,58,60,44,25,13,30,53,91,66,13,13,10,9,4,5,1,0,1
0,0,0,11,13,32,57,64,14,9,26,48,53,58,57,50,24,11,2,3,0,1,1,7
3,4,9,13,12,22,52,50,47,18,17,50,53,54,51,50,26,12,2,4,0,0,1,2
13,12,10,8,13,40,56,58,32,14,12,29,32,43,43,15,11,9,0,3,0,0,3,0
3,10,0,3,12,13,37,39,19,11,10,14,14,13,12,13,10,6,0,0,0,0,0,0
2,5,3,9,10,7,35,42,10,5,12,11,14,22,11,5,7,4,0,0,6,0,0,0
8,4,0,13,10,9,10,14,12,12,11,8,13,18,13,12,5,6,2,0,1,4,1,0
3,7,2,2,9,4,6,14,14,13,8,13,17,13,14,12,4,0,0,0,0,0,0,0
1,2,8,6,2,11,18,34,29,14,5,14,29,20,23,10,7,6,0,0,0,0,0,0
2,6,0,5,10,9,25,39,51,14,11,13,48,46,28,25,13,8,0,0,0,2,5,0
9,6,5,0,7,12,26,55,38,14,13,14,50,52,39,25,14,13,8,5,0,0,6,6
4,8,12,4,10,12,52,55,54,28,24,35,53,60,52,30,12,7,5,7,6,0,7,7
5,9,3,12,13,24,50,53,31,18,12,12,10,19,29,13,12,7,1,8,9,5,0,5
