12,50,75,50,13,13,4,9,2,0,3,10,0,13,35,43,13,11,3,9,8,9,5,0
50,83,137,76,78,98,100,71,101,59,40,87,65,61,71,58,77,104,107,158,111,9,8,0
53,56,58,56,91,100,95,80,98,90,91,115,111,104,62,56,43,76,96,133,102,50,31,11
19,47,43,38,14,24,26,58,21,52,72,105,108,80,56,22,56,43,56,58,59,31,6,9
0,12,26,47,8,52,18,23,57,39,13,50,73,51,13,23,54,66,46,58,30,11,13,8
0,4,12,14,9,52,17,11,47,47,11,54,54,40,37,46,57,66,54,45,10,19,2,8
0,0,14,9,1,53,29,12,12,7,57,53,59,12,51,13,55,52,52,14,3,7,5,1
0,0,3,4,9,15,22,53,14,3,52,31,2,28,63,61,57,56,11,14,0,8,7,6
1,0,3,4,4,0,13,54,63,13,60,57,59,55,53,68,57,6,7,10,0,1,4,4
0,0,8,13,15,14,14,62,64,68,80,88,85,89,71,61,59,2,0,0,0,5,0,2
2,4,3,4,5,50,57,99,95,79,94,105,122,125,87,66,8,1,5,2,4,0,7,2
0,0,0,0,11,51,66,116,129,109,116,116,147,180,118,94,10,4,0,0,0,6,0,0
0,0,8,9,10,76,102,128,133,133,142,164,176,163,120,99,40,13,5,0,2,0,0,4
7,5,7,7,55,80,120,151,157,142,163,205,197,171,137,104,64,11,0,9,0,0,0,0
0,7,7,14,43,57,136,239,136,103,131,171,218,174,133,104,56,7,0,0,3,0,2,5
1,7,11,31,55,89,113,130,108,102,96,122,158,181,121,75,55,25,2,0,0,4,5,5
10,13,13,44,56,72,105,106,78,82,107,112,129,91,79,61,12,4,7,4,7,9,4,0
7,12,14,20,36,47,53,71,94,109,123,120,100,101,74,71,48,14,6,6,10,5,8,3
0,9,9,6,14,64,91,102,91,124,138,136,142,103,102,123,107,25,6,4,11,5,2,5
0,11,0,6,9,61,65,106,107,104,148,140,136,126,132,149,122,83,14,9,10,4,0,4
4,8,10,11,14,53,111,102,76,74,154,133,122,121,120,151,121,101,36,37,17,8,8,4
0,0,5,7,28,53,90,105,86,105,156,141,153,188,74,124,119,88,45,34,11,13,9,13
0,7,9,9,27,46,70,104,79,75,137,159,176,123,100,121,136,115,55,36,6,0,3,5
0,0,3,6,32,81,105,119,112,106,116,132,139,118,105,124,145,129,106,73,12,9,3,3
1,5,6,0,35,92,103,116,114,110,106,106,106,103,108,132,134,129,114,98,19,2,0,11
3,6,9,12,44,102,110,121,123,110,105,100,69,102,115,124,126,134,115,106,30,5,3,2
0,3,0,11,33,100,105,108,112,112,104,59,53,76,109,121,117,125,109,102,66,9,9,7
0,5,2,0,56,100,105,94,109,104,103,61,56,69,99,108,119,131,110,67,54,14,10,9
0,1,1,7,38,102,105,112,111,86,75,52,53,58,78,104,115,116,106,80,54,13,17,4
0,4,8,2,35,59,81,94,101,104,70,50,38,46,47,55,86,83,71,56,48,10,13,4
8,8,6,12,14,52,62,70,76,67,56,37,30,30,41,53,65,76,110,74,20,11,14,13
0,0,0,9,24,57,56,95,111,89,74,12,10,28,52,52,60,89,135,81,32,15,12,7
0,0,0,5,25,52,62,134,131,61,46,4,5,15,17,12,45,53,81,79,51,10,13,10
0,0,6,10,13,47,60,87,60,45,18,12,12,11,8,12,23,28,50,58,51,14,7,2
0,0,9,0,10,21,42,54,46,14,5,10,5,12,7,11,23,33,46,54,61,33,14,8
0,0,0,0,11,33,53,52,32,4,0,0,1,9,10,7,14,14,42,54,62,27,15,12
0,1,6,0,10,12,51,41,21,3,0,1,9,13,7,7,13,18,11,36,29,50,16,7
0,0,0,9,7,8,19,14,12,9,11,10,9,12,8,6,12,13,12,19,14,26,11,0
0,0,0,0,0,6,9,12,9,10,5,0,13,14,4,3,14,12,10,11,8,14,11,6
0,0,0,0,0,8,5,13,11,17,13,13,10,13,13,4,12,18,10,12,11,12,6,6
0,0,0,0,8,9,7,14,11,14,10,6,4,12,8,6,14,13,9,10,8,13,11,0
5,4,0,7,6,13,12,12,4,11,11,14,8,0,12,11,13,8,11,6,10,13,14,7
1,6,5,9,9,12,10,8,11,6,12,9,10,3,9,7,1,8,10,12,13,21,13,4
4,2,8,10,10,9,13,14,13,9,7,1,8,12,6,2,5,8,9,12,12,9,13,8

12,50,75,50,14,13,5,9,2,0,3,10,0,13,36,43,13,11,4,9,8,9,6,0
50,84,138,76,78,98,100,71,101,59,44,88,65,61,71,58,77,104,107,158,111,9,8,0
53,56,58,56,91,100,96,80,98,90,91,115,112,104,62,56,43,76,97,133,102,50,35,11
19,47,43,37,15,25,26,59,21,52,73,105,108,80,57,22,56,43,56,58,59,31,6,9
0,13,28,47,8,52,21,25,57,40,13,51,73,51,13,24,54,65,46,57,30,11,13,8
0,4,12,14,10,52,18,11,47,47,12,54,55,40,36,46,57,66,54,45,10,19,2,8
0,1,14,10,1,53,32,12,12,7,58,53,60,13,51,13,55,52,53,14,3,7,5,1
0,0,4,4,9,17,22,53,17,3,52,34,2,31,63,61,57,56,11,13,0,8,7,6
1,0,4,4,4,0,13,54,63,13,60,57,59,55,53,68,57,6,7,10,0,1,4,4
0,0,8,13,15,14,15,63,64,68,80,88,85,89,71,61,59,2,0,0,0,5,0,2
2,4,3,4,6,50,58,100,95,80,94,105,121,125,87,65,8,1,5,2,4,0,7,2
0,0,0,0,11,51,66,116,130,110,116,116,147,179,118,94,10,4,0,0,0,6,0,0
0,0,8,9,10,76,102,128,134,134,143,165,176,163,120,99,40,13,5,0,2,0,0,4
7,5,7,7,55,80,120,151,158,142,164,206,197,171,136,104,64,10,0,8,0,0,0,0
0,7,7,14,43,57,136,239,136,103,131,171,218,173,133,105,56,7,0,0,3,0,2,5
1,7,11,31,55,89,113,130,108,102,96,122,158,181,121,75,55,25,1,0,0,4,5,5
10,13,13,43,56,72,105,106,78,82,107,112,130,91,79,61,12,4,7,4,7,9,4,0
7,12,14,20,36,47,53,71,94,109,123,120,100,102,74,70,48,14,6,6,10,5,8,2
0,9,9,6,14,64,91,102,90,124,138,135,142,102,102,123,107,25,7,4,10,5,2,5
0,12,0,6,9,61,65,106,107,104,148,140,136,126,132,149,122,83,15,9,10,4,0,4
4,8,10,11,14,53,111,102,76,74,153,133,122,121,120,151,121,102,36,37,17,8,8,4
0,0,5,7,28,53,90,105,85,105,156,141,152,188,74,124,119,88,45,34,11,13,9,13
0,7,9,9,27,46,70,103,79,75,136,159,175,123,100,121,136,115,55,36,6,0,3,4
0,0,3,6,31,81,105,119,112,106,116,131,139,118,105,124,145,129,106,75,12,9,3,3
1,5,6,0,35,93,103,116,114,110,106,106,106,103,108,132,134,129,114,97,19,2,0,11
3,6,9,12,43,103,110,121,123,110,105,100,71,102,115,124,126,134,115,106,30,5,3,2
0,3,0,11,33,100,105,108,112,112,104,59,52,77,109,121,117,125,109,102,67,9,9,7
0,5,2,0,56,101,105,94,109,104,103,62,57,68,99,108,119,131,110,67,54,14,10,9
0,1,1,7,37,102,105,112,111,87,76,52,52,59,78,104,115,115,106,80,54,13,17,4
0,4,8,2,35,59,81,94,101,104,70,50,38,45,47,55,86,83,71,56,49,10,13,4
8,8,6,12,14,53,62,70,76,67,56,37,30,30,41,53,64,77,110,74,20,11,14,12
0,0,0,9,24,56,56,95,111,89,74,12,10,29,53,52,60,89,136,81,32,15,12,7
0,0,0,4,27,52,62,134,131,61,45,4,6,14,19,12,46,53,81,80,51,10,13,10
0,0,6,10,13,47,60,87,60,45,17,12,12,11,8,12,23,28,50,58,51,14,7,2
0,0,7,0,10,21,42,54,47,14,5,10,5,12,7,11,24,34,46,54,61,33,14,8
0,0,0,0,11,32,53,52,32,4,0,0,1,9,10,7,14,14,41,54,62,27,15,12
0,1,6,0,10,12,51,42,22,3,0,1,9,13,7,8,13,19,12,36,29,50,16,7
0,0,0,9,7,8,20,14,12,9,11,10,9,12,9,6,12,13,12,19,14,26,11,0
0,0,0,0,0,6,9,12,9,10,6,0,14,14,4,3,14,12,10,12,8,14,11,6
0,0,0,0,0,8,5,13,11,18,13,13,10,13,13,4,12,18,10,12,11,12,6,6
0,0,0,0,8,9,7,14,12,14,10,7,4,12,8,6,14,13,9,10,8,12,12,0
5,4,0,7,6,13,12,12,4,11,11,14,8,0,12,11,12,8,11,6,10,13,14,7
1,6,4,9,9,12,10,8,11,6,12,9,10,3,9,7,1,8,10,12,13,21,13,4
4,2,8,10,10,9,13,14,13,9,7,1,8,12,6,2,5,8,9,12,12,9,13,8

13,50,75,50,14,13,5,9,2,0,4,11,1,14,36,43,13,11,4,9,8,10,6,0
50,84,138,76,78,98,101,72,101,59,50,89,65,61,72,58,78,104,107,159,111,9,8,0
53,56,58,56,92,100,96,82,98,91,94,116,112,104,62,56,43,76,97,133,102,50,33,11
20,46,44,37,15,26,27,60,23,54,74,106,109,81,56,24,56,43,56,58,59,31,6,10
0,13,29,48,8,52,22,26,57,41,13,51,74,52,13,25,54,66,46,57,30,11,13,8
0,4,12,14,10,52,19,11,47,48,12,55,55,41,37,46,57,66,54,45,10,20,2,8
0,1,14,10,1,53,32,12,12,7,58,53,60,13,50,13,55,52,53,14,3,7,5,1
0,0,4,4,9,16,22,53,19,4,53,36,2,32,63,61,57,57,11,14,0,8,7,6
1,0,4,4,4,0,13,54,63,13,60,58,59,55,53,68,57,6,7,10,0,1,4,4
0,0,8,13,15,14,14,63,64,68,80,88,85,88,71,61,59,2,0,0,0,5,0,2
3,4,3,4,5,50,57,99,95,79,94,104,120,124,87,65,8,1,5,2,4,0,7,2
0,0,0,0,11,51,65,115,129,109,116,115,146,178,117,94,10,3,0,0,0,6,0,0
0,0,8,9,10,76,102,127,132,132,141,163,176,162,120,99,40,13,5,0,2,0,0,4
7,5,7,7,55,80,120,150,156,142,162,204,196,170,136,104,64,11,0,8,0,0,0,0
0,7,7,14,45,57,135,240,137,103,130,171,218,174,134,104,57,7,0,0,2,0,2,5
1,7,11,31,55,89,114,132,108,102,96,121,158,182,121,75,55,26,1,0,0,4,5,5
10,13,13,44,57,72,106,106,78,81,106,111,129,91,80,61,12,4,7,4,6,9,4,0
7,12,14,20,36,47,53,70,93,109,122,119,99,102,74,71,48,14,6,6,10,5,8,2
0,9,9,6,14,64,91,102,90,123,138,135,141,102,102,124,107,26,6,4,10,5,2,5
0,11,0,6,10,62,66,106,107,104,148,139,135,126,132,151,123,84,18,9,10,3,0,4
4,8,10,11,15,53,112,103,76,74,153,133,122,121,120,152,121,102,36,37,17,9,8,4
0,0,5,8,30,54,91,106,86,105,156,141,152,189,74,125,119,89,45,34,11,13,9,13
0,7,9,10,28,47,71,104,79,75,136,159,176,123,100,121,136,115,55,36,5,0,3,4
0,0,3,6,31,81,105,119,112,106,116,132,139,118,105,124,145,129,106,75,12,9,3,3
1,5,5,0,35,93,103,116,114,110,106,106,106,103,108,132,134,129,114,97,19,2,0,11
3,6,9,12,43,103,110,121,123,110,105,100,70,102,115,124,126,134,115,106,31,5,3,1
0,2,0,11,32,100,105,108,112,112,104,59,52,77,109,121,117,125,109,102,66,9,9,7
0,5,2,0,56,100,105,94,109,104,103,63,57,68,100,108,119,131,110,67,54,14,10,9
0,1,1,7,37,102,105,112,111,87,76,52,52,59,78,104,115,115,106,80,54,13,17,4
0,4,8,2,34,59,81,95,101,104,71,50,38,45,47,55,86,83,71,56,49,10,13,4
8,8,6,11,14,53,62,70,76,67,56,37,30,30,41,53,64,77,110,74,20,11,14,13
0,0,0,9,24,57,56,96,111,89,74,12,10,28,53,52,60,90,136,81,32,15,12,7
0,0,0,4,26,52,62,134,131,61,45,4,6,15,19,12,46,53,80,79,51,10,13,10
0,0,6,10,13,47,60,86,60,45,18,12,12,11,8,12,23,28,50,58,51,14,7,2
0,0,8,0,10,21,42,54,47,14,6,10,5,12,7,11,23,34,46,54,61,33,15,8
0,0,0,0,11,33,53,52,32,4,0,0,2,9,10,7,14,14,42,54,62,27,15,12
0,2,6,0,10,12,51,44,22,4,0,1,9,13,7,8,13,19,12,37,29,50,16,7
0,0,0,9,7,8,20,14,12,9,11,10,9,12,9,6,12,13,12,19,14,26,11,0
0,0,0,0,0,6,9,12,9,10,6,0,14,14,4,3,14,12,10,12,8,14,11,6
0,0,0,0,0,8,5,13,12,17,13,13,10,13,13,4,12,18,10,11,11,12,6,6
0,0,0,0,8,9,7,14,12,14,10,7,4,12,8,6,14,13,9,10,8,13,12,0
5,4,0,7,6,13,12,12,4,11,11,14,8,0,12,11,12,8,11,6,10,13,14,7
1,6,4,9,9,12,10,8,12,6,12,9,10,3,9,7,1,8,10,12,13,21,13,4
4,2,8,10,10,9,13,14,13,9,7,1,8,12,6,2,5,8,9,12,12,9,13,8

13,50,75,50,14,13,6,10,2,0,5,11,1,14,36,44,13,11,3,9,8,10,6,0
50,84,138,77,79,99,101,73,102,60,51,92,66,62,73,59,78,104,107,157,111,9,8,0
53,56,58,56,92,100,98,83,100,94,97,118,113,104,63,57,43,76,97,132,102,50,35,11
20,47,43,38,15,26,29,62,26,55,76,107,110,81,56,26,56,43,56,58,59,30,6,9
0,13,30,48,9,52,23,28,57,44,14,52,75,52,14,26,54,65,46,57,30,11,13,8
0,4,12,14,10,52,20,11,48,49,12,55,55,42,37,46,56,66,54,45,10,19,2,8
0,1,14,10,2,53,33,13,13,7,58,53,60,13,50,13,55,52,53,14,3,7,5,1
0,0,4,4,9,15,22,53,20,4,52,36,2,32,63,61,57,57,11,14,0,8,7,6
1,0,4,4,4,0,13,54,63,13,59,56,58,55,53,68,57,6,7,10,0,1,4,4
0,0,8,13,14,14,14,62,63,68,79,86,83,86,71,61,59,2,0,0,0,5,0,2
3,4,3,4,5,50,56,99,94,79,94,103,118,122,87,65,8,1,5,2,4,0,7,2
0,0,0,0,11,50,65,115,131,110,117,116,145,175,117,93,10,3,0,0,0,6,0,0
0,0,8,9,10,75,101,127,133,134,142,165,177,161,119,98,39,13,5,0,2,0,0,4
7,5,7,7,55,79,119,148,156,142,165,205,195,167,135,103,64,10,0,8,0,0,0,0
0,7,7,14,43,56,131,241,140,103,131,173,217,169,132,104,56,6,0,0,3,0,2,5
1,7,11,29,54,86,114,135,107,100,95,121,163,184,118,74,54,24,1,0,0,4,5,5
10,13,13,43,55,70,106,105,77,81,105,109,128,91,80,61,12,4,7,4,7,9,4,0
7,12,14,20,36,47,53,70,92,107,121,117,98,100,74,71,48,15,6,5,10,5,8,2
0,9,9,6,14,65,92,102,89,123,137,134,140,101,103,125,109,31,6,4,10,5,2,5
0,11,0,6,10,63,66,106,106,103,147,139,134,125,132,160,125,86,24,10,10,4,0,4
4,8,10,12,16,54,115,105,75,73,153,133,121,120,120,158,122,102,37,37,19,9,8,4
0,0,5,8,33,54,94,107,87,104,155,141,152,188,75,126,120,89,46,35,11,13,9,13
0,7,10,11,28,47,71,104,80,75,137,160,176,124,100,122,137,115,55,37,6,0,3,4
0,0,4,7,32,81,105,119,113,106,116,132,139,118,105,124,145,129,106,76,12,9,3,3
0,5,5,0,36,94,103,116,114,110,106,106,106,103,108,132,134,129,114,98,19,2,0,11
3,6,9,12,44,103,110,121,123,110,105,100,69,102,115,124,126,134,115,106,31,5,3,1
0,2,0,11,35,100,105,108,112,112,104,59,53,76,109,121,117,125,109,102,67,9,9,7
0,5,2,0,56,100,105,94,109,104,103,62,57,69,99,108,119,131,110,67,54,14,10,9
0,0,1,7,37,102,105,112,111,87,76,52,53,59,78,104,115,116,106,80,54,13,17,4
0,4,8,2,35,59,81,95,101,104,71,50,38,46,47,55,85,83,71,56,49,10,13,4
8,8,6,11,14,53,62,70,77,67,56,37,30,30,41,53,64,77,110,74,20,11,14,13
0,0,0,9,24,56,56,96,112,89,74,12,10,28,53,52,60,90,136,81,32,15,12,7
0,0,0,4,25,53,62,133,132,61,46,5,6,14,17,12,45,53,80,79,51,10,13,10
0,0,6,10,13,45,60,86,60,45,18,13,12,11,8,12,23,28,50,58,51,14,7,2
0,0,8,0,10,22,42,54,46,14,6,10,6,12,7,11,22,33,46,54,61,33,14,8
0,0,0,0,11,33,54,52,32,4,0,0,2,9,10,7,14,14,42,54,62,27,15,12
0,2,6,0,10,12,51,44,23,4,0,1,9,13,7,8,13,19,12,37,29,50,16,7
0,0,0,9,7,8,20,14,12,9,11,10,9,12,9,6,12,13,12,19,14,25,11,0
0,0,0,0,0,6,9,12,9,10,6,0,13,14,4,3,14,12,10,12,8,14,11,5
0,0,0,0,0,8,5,13,12,17,13,13,10,13,13,4,12,18,10,11,11,12,6,6
0,0,0,0,8,9,7,14,12,14,10,7,4,12,7,6,14,13,9,10,8,13,12,0
5,5,0,7,5,13,12,12,4,11,11,14,8,0,12,11,12,8,11,6,10,13,14,8
1,6,4,8,9,11,10,9,11,6,12,9,10,3,10,7,1,8,10,12,13,21,13,4
4,2,8,10,10,9,13,14,13,9,7,1,8,12,6,2,5,8,9,12,13,9,13,8

12,50,74,50,14,14,7,10,3,1,7,12,3,14,38,45,13,11,3,8,8,9,6,0
50,84,137,77,79,100,102,75,103,62,54,99,69,63,74,61,79,104,107,152,111,9,8,0
53,56,58,56,93,100,100,85,101,100,102,122,115,105,64,57,45,77,96,131,103,50,31,11
20,47,43,38,15,27,31,65,32,58,81,109,113,83,57,29,56,42,56,57,58,30,5,9
0,13,28,48,9,52,24,29,58,50,20,55,77,52,19,27,54,65,46,57,29,11,13,8
0,4,12,14,10,52,21,11,48,50,13,56,57,44,37,46,56,66,54,45,10,19,2,8
0,1,14,10,2,53,32,13,13,7,58,54,61,13,50,13,55,52,53,14,3,7,5,1
0,0,4,4,9,14,18,53,19,4,52,40,2,32,63,61,57,57,11,14,0,8,7,6
1,0,3,4,4,0,12,53,62,13,58,55,57,55,53,68,58,6,7,10,0,1,4,4
0,0,8,13,14,13,14,61,63,67,78,84,81,84,70,61,59,2,0,0,0,4,0,2
3,4,2,3,5,50,56,97,94,79,93,100,115,119,86,66,8,1,5,2,4,0,7,2
0,0,0,0,10,50,64,114,131,110,117,116,143,172,117,94,10,3,0,0,0,6,0,0
0,0,8,9,10,74,101,126,132,134,142,166,179,159,119,98,39,13,5,0,2,0,0,4
7,5,6,6,55,78,118,147,154,142,166,206,194,164,135,103,63,10,0,8,0,0,0,0
0,6,7,14,42,56,128,240,143,103,131,175,214,165,131,104,54,6,0,0,3,0,2,5
1,7,11,29,54,84,113,137,107,100,94,121,168,184,117,72,54,24,1,0,1,4,5,5
10,13,13,44,56,70,106,105,77,80,105,108,127,92,80,61,12,4,7,4,7,9,4,0
7,12,14,20,36,46,53,70,92,107,120,116,97,100,74,71,48,16,6,5,10,5,8,2
0,9,9,6,16,65,92,102,89,122,137,134,139,101,103,126,110,34,5,3,10,4,1,5
0,11,0,6,11,64,67,106,106,103,147,138,134,124,132,166,126,88,30,10,10,3,0,4
4,8,10,12,17,54,116,106,75,73,152,132,121,120,120,160,123,102,38,38,19,9,8,4
0,0,5,9,33,54,95,108,87,104,155,141,152,188,75,127,120,90,46,35,11,13,9,13
0,7,10,12,28,47,72,104,80,76,137,160,176,124,100,122,137,115,56,37,6,0,3,4
0,0,5,7,32,82,105,119,113,106,116,132,139,118,105,124,145,129,106,77,12,9,3,3
0,5,5,0,36,93,103,116,114,110,106,106,106,103,108,132,134,129,114,98,20,2,0,11
3,6,9,12,44,103,110,121,123,110,105,100,70,102,115,124,126,134,115,106,32,5,3,2
0,2,0,11,33,100,105,108,112,112,104,59,52,77,109,121,117,125,109,102,67,9,9,7
0,5,2,0,56,100,105,94,109,104,103,62,57,68,100,108,119,131,110,67,55,14,10,9
0,0,1,7,37,102,105,112,111,87,76,52,53,59,78,104,115,116,106,80,54,13,17,4
0,4,8,2,34,59,80,94,101,104,71,50,38,46,47,55,86,83,71,56,48,10,13,4
8,8,6,11,14,52,62,70,77,67,56,37,30,31,41,53,65,77,110,74,20,11,14,13
0,0,0,9,25,57,57,97,113,89,75,13,10,29,54,52,60,90,136,81,32,15,12,7
0,0,0,4,25,52,62,133,132,61,46,5,6,14,17,12,45,53,80,79,51,10,13,10
0,0,6,10,13,46,60,86,60,44,18,13,12,11,8,12,23,28,50,58,51,14,7,2
0,0,8,0,10,21,41,54,47,14,6,10,6,12,7,11,23,34,46,54,61,33,15,8
0,0,0,1,11,33,54,52,32,4,0,0,1,9,10,6,14,14,41,54,62,27,16,12
0,2,6,0,10,12,51,45,23,4,0,1,9,13,7,7,13,19,12,36,29,50,15,7
0,0,0,9,7,9,20,14,12,9,11,10,9,12,9,6,12,13,12,19,14,27,11,0
0,0,0,0,0,6,9,12,9,10,6,0,14,14,4,3,14,12,10,12,8,14,11,5
0,0,0,0,0,8,5,13,12,17,13,13,10,13,13,4,12,18,10,11,11,12,6,6
0,0,0,0,8,9,7,14,12,14,10,7,4,12,7,6,14,13,9,10,8,13,12,0
5,5,0,7,5,13,12,12,4,11,11,14,8,0,12,11,13,8,11,6,10,13,14,8
1,6,4,8,9,11,10,9,11,6,12,9,10,3,9,7,1,8,10,12,13,21,13,4
4,2,8,10,10,9,13,14,13,9,7,1,8,12,6,2,6,8,9,12,13,9,13,8

12,51,74,50,15,14,9,12,3,2,7,13,5,29,40,47,14,11,3,7,8,9,5,0
50,85,135,76,79,100,103,80,105,66,61,106,73,66,77,63,82,105,107,147,112,9,8,0
52,56,58,56,94,100,100,89,103,104,111,131,120,106,66,58,46,77,95,128,104,46,30,10
19,46,43,38,15,27,34,77,51,60,88,112,117,85,57,38,56,42,56,57,58,27,5,9
0,13,27,48,9,52,27,33,58,52,36,57,79,53,30,30,54,64,45,57,27,11,13,8
0,5,12,14,10,52,22,11,49,51,19,58,59,48,38,46,56,65,53,44,10,18,2,8
0,2,14,10,2,52,33,13,13,8,59,54,61,14,41,13,54,52,52,14,2,7,5,1
0,0,4,4,9,14,15,52,22,4,53,43,3,32,63,60,56,57,11,13,0,8,7,6
0,0,3,3,3,0,11,52,61,13,57,54,57,55,52,67,58,6,7,10,0,1,4,4
0,0,8,12,14,13,13,60,63,66,77,82,78,81,69,61,58,2,0,0,0,5,0,2
3,3,2,2,4,50,55,95,92,78,92,95,110,115,85,65,8,1,5,2,4,0,7,2
0,0,0,0,9,45,63,112,131,110,117,113,139,164,115,92,10,3,0,0,0,7,0,0
0,0,8,8,9,73,99,123,131,134,141,163,174,152,116,95,34,13,5,0,4,0,0,3
6,5,6,6,54,77,116,145,153,143,168,203,190,159,133,103,63,10,0,8,0,0,0,0
0,6,7,14,41,56,128,237,143,105,135,178,212,162,130,103,55,6,0,0,4,0,2,6
1,7,11,28,54,85,113,136,108,103,97,124,170,183,117,74,54,26,1,0,1,4,5,5
10,13,13,43,55,71,106,106,78,82,108,113,130,92,80,61,12,4,8,4,7,9,4,0
7,12,14,20,36,47,53,71,94,109,123,120,100,101,74,71,48,15,6,5,10,5,8,2
0,9,9,6,14,65,91,103,91,124,138,135,142,103,104,125,110,34,5,3,10,4,1,5
0,11,0,6,10,62,66,106,107,104,149,140,136,126,133,159,125,87,29,10,10,3,0,4
5,8,10,12,16,53,113,104,76,74,154,133,122,121,121,156,122,102,38,38,19,9,8,4
0,0,5,8,31,53,91,107,87,105,156,141,153,189,74,125,119,89,46,35,11,13,9,13
0,7,10,11,28,46,70,104,79,75,136,159,175,123,100,121,137,115,56,38,6,0,3,4
0,0,5,7,31,81,105,119,113,106,116,131,138,118,105,124,145,129,106,76,12,9,3,3
1,5,5,0,35,92,103,116,114,110,106,106,106,103,108,132,134,129,114,98,20,2,0,11
3,6,9,12,44,103,110,121,123,110,105,100,69,102,115,124,126,134,115,106,31,5,3,2
0,3,0,11,33,100,105,108,112,112,105,59,52,77,109,121,117,125,109,102,67,9,9,7
0,5,2,0,56,100,105,94,109,104,103,62,57,68,100,108,119,131,110,67,55,14,10,9
0,0,1,7,37,102,105,112,111,87,76,52,52,59,78,104,115,115,106,80,54,13,17,4
0,4,8,2,34,59,80,94,101,104,71,50,37,46,47,55,86,83,71,56,49,10,13,4
8,8,6,11,14,52,62,70,77,67,56,37,30,30,41,53,64,77,110,74,20,11,14,13
0,0,0,9,25,57,57,97,113,89,75,13,10,29,53,52,60,90,136,82,32,15,13,7
0,0,0,4,26,53,62,134,132,61,46,5,7,15,17,12,46,53,81,80,51,10,13,10
0,0,6,10,13,46,60,86,60,45,19,13,12,12,8,12,23,28,50,58,51,14,7,2
0,0,7,0,10,21,42,54,47,14,6,10,6,12,7,11,23,33,46,54,61,34,14,8
0,0,0,0,11,34,54,52,33,4,0,0,2,9,10,7,14,14,42,54,62,27,16,12
0,3,6,0,10,12,51,46,23,4,0,1,9,13,7,8,13,19,12,36,29,50,16,7
0,0,0,9,7,9,21,14,12,9,11,10,9,12,9,6,12,13,12,19,14,26,11,0
0,0,0,0,0,6,10,12,10,10,6,0,14,14,4,3,14,12,10,12,8,14,11,5
0,0,0,0,0,8,5,14,12,18,13,13,11,13,13,4,12,18,10,11,11,12,6,6
0,0,0,0,7,9,7,14,12,14,10,7,4,12,8,6,14,13,9,10,8,13,12,0
5,5,0,7,5,13,12,12,4,11,11,14,8,0,12,11,12,8,11,6,10,13,14,8
1,6,5,8,9,11,10,9,11,6,12,9,10,3,9,7,1,8,10,12,13,21,13,4
4,2,8,10,10,9,13,14,13,9,7,1,8,12,6,2,6,8,9,12,12,9,13,8

12,51,75,51,17,16,10,12,3,2,8,14,5,36,41,48,14,11,3,7,8,9,6,0
50,86,136,76,79,100,103,81,106,68,63,108,74,66,78,64,83,105,107,147,112,10,8,0
53,57,58,56,94,100,100,89,103,105,112,134,121,107,66,58,47,78,95,128,104,46,30,10
19,47,43,38,16,28,35,74,51,61,91,113,117,85,57,40,56,42,56,57,58,28,5,9
0,13,28,48,9,52,29,36,59,53,41,58,79,53,33,31,54,64,45,57,27,11,13,8
0,5,13,14,10,52,23,12,49,52,21,58,60,48,38,46,56,65,53,45,10,19,2,8
0,2,14,10,2,52,32,13,13,8,59,55,62,14,41,14,54,52,52,14,2,7,5,1
0,0,4,4,9,14,16,52,24,5,53,46,3,35,63,60,56,57,10,13,0,8,7,6
0,0,3,3,3,0,12,52,62,13,58,55,57,55,52,67,57,5,7,10,0,1,4,4
0,0,8,12,14,13,14,61,63,67,78,83,79,83,69,61,58,2,0,0,0,5,0,2
2,3,2,2,4,50,55,96,92,78,92,96,110,115,84,65,8,1,5,1,3,0,7,2
0,0,0,0,9,46,63,112,129,109,116,112,139,164,114,92,9,2,0,0,0,7,0,0
0,0,7,8,10,73,99,122,129,132,140,160,171,151,116,94,33,13,5,0,3,0,0,3
6,4,6,6,54,77,116,144,151,142,166,200,188,158,133,103,63,9,0,8,0,0,0,0
0,6,7,14,41,56,130,233,141,105,135,176,211,162,130,104,55,5,0,0,4,0,2,6
1,7,10,28,54,87,114,134,109,104,98,124,167,182,119,75,54,26,1,0,1,4,5,5
10,13,13,44,56,72,106,106,79,83,109,115,131,92,80,61,12,4,7,4,7,9,4,0
7,12,14,19,36,47,54,71,95,110,125,122,102,102,75,71,48,15,6,5,10,5,8,2
0,9,9,7,14,64,91,103,92,124,139,137,144,103,104,125,109,33,5,3,9,4,1,5
0,11,0,6,10,61,65,106,107,105,150,140,137,127,133,153,124,87,26,10,10,3,0,4
5,8,10,12,16,53,111,103,77,75,154,134,123,122,121,153,122,102,38,37,19,9,8,4
0,0,5,8,29,52,89,106,87,105,157,142,154,191,75,125,119,89,46,35,11,13,9,13
0,7,10,11,28,46,70,103,79,75,136,159,175,123,100,121,136,115,55,37,6,0,3,4
0,0,5,6,31,81,105,119,112,106,116,131,138,118,105,124,145,129,106,76,12,9,3,3
1,5,5,0,35,93,103,116,114,110,106,106,106,103,108,132,134,129,114,98,20,2,0,11
3,6,9,12,44,103,110,121,123,110,105,100,71,102,115,124,126,134,115,106,31,5,3,2
0,3,0,11,35,100,105,108,112,112,105,59,54,76,109,121,117,125,109,102,67,9,9,7
0,5,2,0,56,100,105,93,109,104,103,63,57,68,100,108,119,131,110,67,54,14,10,9
0,1,1,7,36,102,105,112,111,87,77,52,53,59,78,104,115,116,106,80,54,13,17,4
0,4,8,2,34,59,80,94,101,104,71,50,38,46,47,55,86,83,71,56,49,10,13,4
8,8,6,11,14,53,62,70,77,67,56,37,30,31,41,53,64,76,110,74,20,11,14,13
0,0,0,9,25,57,57,97,113,89,74,13,10,28,53,52,60,90,136,82,32,15,13,7
0,0,0,4,25,53,62,134,132,61,46,5,7,15,18,12,46,53,81,80,51,10,13,10
0,0,6,10,13,47,60,86,60,44,18,13,12,11,8,12,23,28,50,58,51,14,7,2
0,0,7,0,10,21,42,54,47,15,6,10,6,12,7,11,24,33,46,54,61,33,14,8
0,0,0,0,11,34,54,52,33,4,0,0,2,9,10,7,14,14,42,54,62,28,16,12
0,3,6,0,10,12,51,46,24,4,0,1,9,13,7,8,13,19,12,37,29,50,16,7
0,0,0,9,7,9,22,14,12,9,11,10,9,12,9,6,12,13,12,19,14,26,11,0
0,0,0,0,0,6,10,12,10,10,6,0,14,14,4,3,14,12,10,12,8,14,12,6
0,0,0,0,0,8,5,13,12,18,13,13,10,13,13,4,12,18,10,11,11,12,6,6
0,0,0,0,8,9,7,14,12,14,10,7,4,12,8,6,14,13,9,10,8,13,12,0
5,5,0,7,5,13,12,12,4,11,11,14,8,0,12,11,13,8,11,6,10,13,14,8
1,6,5,8,9,11,10,9,11,6,12,9,10,3,9,7,1,8,10,12,13,21,13,4
4,2,8,10,10,9,13,14,13,9,7,1,8,12,6,2,6,8,9,12,12,9,13,8

13,51,76,51,19,17,10,12,4,3,8,14,6,37,42,48,14,11,3,7,8,9,6,0
50,86,135,76,79,100,103,82,106,69,64,109,75,67,78,64,84,105,107,146,112,10,8,0
53,56,58,56,95,100,100,90,104,106,114,136,122,107,67,58,48,79,96,127,104,44,30,10
20,47,43,38,16,28,32,48,37,62,92,113,118,86,57,44,56,42,56,57,58,27,5,9
0,13,28,48,9,52,29,35,59,53,45,58,80,54,35,32,54,64,44,57,26,11,13,8
0,5,13,14,10,52,25,12,50,52,22,59,60,49,38,46,55,65,53,44,10,18,2,8
0,2,14,10,2,52,34,13,14,8,60,55,63,15,42,14,54,52,52,14,2,7,5,1
0,0,4,4,9,14,16,52,28,5,54,49,3,38,63,60,56,57,10,13,0,8,7,6
0,0,3,4,4,0,12,52,62,14,58,55,57,55,52,67,57,6,7,10,0,1,4,4
0,0,8,12,14,13,14,62,63,67,78,83,79,82,69,61,58,2,0,0,0,5,0,2
2,3,2,2,4,50,56,97,93,79,93,96,110,115,84,65,8,1,4,1,3,0,7,2
0,0,0,0,9,46,63,113,132,111,117,114,139,163,114,91,9,2,0,0,0,7,0,0
0,0,7,8,9,73,100,124,132,134,141,162,173,151,116,93,34,12,5,0,3,0,0,3
6,4,6,6,54,77,116,145,153,143,168,202,188,155,132,103,62,9,0,8,0,0,0,0
0,6,7,14,42,56,127,235,144,105,135,177,209,159,129,103,54,5,0,0,4,0,2,6
1,7,10,26,54,84,113,137,108,102,97,124,171,182,117,73,54,25,1,0,1,4,5,5
10,13,13,43,55,71,106,106,78,82,107,113,130,92,80,61,12,4,7,4,7,9,4,0
7,12,14,19,36,47,54,71,94,109,123,120,100,102,74,71,48,15,5,5,10,5,8,2
0,9,9,7,14,64,91,103,91,124,138,135,142,103,104,125,110,35,5,3,9,4,1,5
0,11,0,6,10,62,66,106,107,104,149,140,136,126,133,159,125,89,31,10,10,3,0,4
5,8,10,12,16,53,112,104,76,74,154,133,122,121,121,157,123,102,38,38,19,9,8,4
0,0,5,8,30,53,90,106,87,105,156,141,153,190,75,126,120,90,46,35,11,13,9,13
0,7,10,11,28,46,70,104,79,75,136,159,175,123,100,122,137,115,56,38,6,0,3,4
0,0,5,7,31,81,105,119,113,106,116,131,138,118,105,124,145,129,106,76,12,9,3,3
1,5,5,0,35,92,103,116,114,110,106,106,106,103,108,132,134,129,114,98,20,2,0,11
3,6,9,12,44,102,110,121,123,110,105,100,69,102,115,124,126,134,115,106,32,5,3,2
0,3,0,11,35,100,105,108,112,112,105,59,54,76,109,121,117,125,109,102,67,9,9,7
0,5,2,0,56,100,105,94,109,104,103,63,57,68,100,108,119,131,110,67,55,14,10,9
0,0,1,7,37,102,105,112,111,87,76,52,53,58,78,104,115,116,106,80,54,13,17,4
0,4,8,2,33,59,80,94,101,104,71,50,38,46,47,55,86,83,72,56,49,10,13,4
8,8,6,11,14,52,62,70,77,67,56,37,30,31,41,53,65,76,110,74,20,11,14,13
0,0,0,9,24,57,57,97,113,89,75,13,10,29,53,52,60,90,136,82,32,16,13,7
0,0,0,4,25,53,62,133,132,61,47,6,8,15,17,12,45,53,80,79,51,10,13,10
0,0,6,10,13,46,60,86,60,45,18,13,12,11,8,12,23,28,50,59,51,14,7,2
0,0,8,0,10,21,43,54,47,14,6,11,6,12,7,11,23,34,46,54,61,34,15,8
0,0,0,1,11,34,54,52,34,4,0,0,2,9,10,7,15,14,42,54,62,27,16,12
0,3,6,0,10,12,51,47,24,4,0,1,9,13,7,8,13,20,12,37,29,50,16,7
0,0,0,9,7,8,22,14,12,9,11,10,9,12,9,6,12,13,12,19,14,26,11,0
0,0,0,0,0,6,10,12,10,10,6,0,14,14,4,3,14,12,10,12,8,14,11,5
0,0,0,0,0,8,5,13,12,18,13,13,11,13,13,4,12,18,10,11,11,12,6,6
0,0,0,0,8,9,7,14,12,14,10,7,4,12,8,6,14,13,9,10,8,13,12,0
5,5,0,7,5,13,12,12,4,11,11,14,8,0,12,11,13,8,11,6,10,13,14,8
1,6,5,8,9,11,10,9,12,6,12,9,11,3,9,8,1,8,10,12,13,22,13,4
4,2,8,10,10,9,13,14,13,9,7,1,8,12,6,2,6,8,9,12,13,9,13,8

13,51,75,51,18,17,10,12,4,3,8,14,6,40,41,48,14,11,3,7,8,9,6,0
50,86,135,76,80,100,104,83,106,69,65,110,75,67,78,64,83,105,107,145,112,9,8,0
52,56,58,56,95,100,101,90,104,107,114,137,123,107,67,58,47,78,95,127,104,44,30,10
19,47,43,39,16,28,32,50,38,63,94,114,118,86,57,44,56,42,56,57,58,27,5,9
0,13,28,50,9,52,29,36,59,53,50,58,80,53,36,33,54,64,45,56,26,10,13,8
0,5,13,14,10,52,26,12,50,53,24,59,60,50,39,46,56,65,53,44,10,18,2,8
0,2,14,10,3,52,37,13,14,8,60,56,63,17,45,14,54,52,52,14,2,6,5,1
0,0,4,4,9,14,16,52,30,5,54,50,4,38,63,60,56,57,11,13,0,8,7,6
1,0,3,4,4,0,12,52,62,14,58,55,58,55,53,67,58,6,7,10,0,1,4,4
0,0,8,13,14,13,14,62,64,67,79,84,80,82,69,61,58,2,0,0,0,5,0,2
3,3,2,2,4,50,55,96,94,80,94,98,112,116,85,65,8,1,4,1,3,0,7,2
0,0,0,0,10,47,63,113,134,112,118,116,141,164,114,92,9,2,0,0,0,7,0,0
0,0,8,8,9,73,100,125,133,135,141,164,176,151,116,92,33,12,5,0,3,0,0,3
6,4,5,6,54,77,115,144,153,144,169,202,188,153,132,102,62,9,0,7,0,0,0,0
0,6,7,14,39,55,121,232,150,105,135,180,205,155,128,103,53,4,0,0,4,0,2,6
1,7,10,26,53,80,110,143,108,100,96,123,179,179,113,70,53,24,0,0,1,4,5,5
10,13,13,43,54,69,106,106,77,81,105,110,128,93,80,60,12,4,7,4,7,9,4,0
7,12,14,20,35,46,53,70,92,107,121,117,98,100,74,71,48,16,5,5,10,5,8,2
0,8,9,7,14,64,92,102,89,123,137,134,140,102,103,127,111,37,5,3,9,4,1,5
0,11,0,6,11,63,67,106,107,104,148,139,134,125,132,167,127,90,35,10,10,3,0,4
5,8,10,12,17,54,115,105,76,74,153,133,121,120,121,161,124,103,39,38,20,9,9,4
0,0,5,9,33,53,93,108,87,105,155,141,152,189,75,127,120,90,47,35,11,13,9,13
0,7,10,12,28,47,71,104,80,75,136,160,176,124,100,122,137,115,56,39,6,0,3,4
0,0,5,7,32,81,105,119,113,106,116,131,139,118,105,124,145,129,106,77,12,9,3,3
1,5,5,0,36,93,103,116,114,110,106,106,106,103,108,132,134,129,114,98,20,2,0,11
3,6,9,12,44,103,110,121,123,110,105,100,69,102,115,124,126,134,115,106,32,5,3,2
0,2,0,11,33,100,105,108,112,112,104,59,54,76,109,121,117,125,109,102,67,9,9,7
0,5,2,0,56,100,105,94,109,104,103,63,57,69,100,108,119,131,110,67,55,14,10,9
0,0,1,7,37,102,105,112,111,87,76,52,53,59,78,104,115,116,106,80,54,13,17,4
0,4,8,2,34,59,80,94,101,104,71,50,38,46,46,55,86,83,71,56,49,10,13,4
8,8,6,11,14,52,62,70,77,67,56,37,30,30,42,53,64,77,110,74,20,11,14,13
0,0,0,9,24,57,57,98,113,89,75,13,10,29,53,52,60,90,136,82,32,15,13,7
0,0,0,4,25,53,62,133,132,61,47,6,8,15,17,13,46,53,80,79,51,10,13,10
0,0,6,10,13,46,60,86,60,45,18,13,12,11,8,12,23,28,50,58,51,14,7,2
0,0,8,0,10,21,41,54,47,14,7,10,6,12,7,11,24,34,46,54,61,34,15,8
0,0,0,1,11,35,54,52,33,5,0,0,2,9,10,7,14,14,42,54,62,28,16,12
0,3,6,1,10,12,51,47,24,4,0,1,9,13,7,8,13,20,12,37,29,50,16,7
0,0,0,9,7,9,22,14,12,9,11,10,9,12,9,6,12,13,12,19,14,26,11,0
0,0,0,0,0,6,10,12,10,10,6,0,14,14,4,3,14,12,10,12,8,14,11,5
0,0,0,0,0,8,5,13,12,18,13,13,10,13,13,4,12,17,10,11,11,12,6,6
0,0,0,0,7,9,7,14,12,14,10,7,4,12,8,6,14,13,9,10,8,13,12,0
5,5,0,7,5,13,12,12,4,11,11,14,8,0,12,11,12,8,11,6,10,13,14,8
1,6,5,8,9,11,10,9,11,6,12,9,11,3,9,7,1,8,10,12,13,22,13,4
4,2,8,10,10,9,13,14,13,9,7,1,8,12,6,2,6,8,9,12,13,9,13,8

13,51,74,51,18,18,10,13,4,3,8,14,6,42,42,48,14,11,3,7,8,9,5,0
50,86,135,76,80,100,104,83,106,69,65,110,76,67,78,64,83,105,107,144,112,10,8,0
53,56,58,56,94,101,101,91,104,107,115,137,124,107,66,58,47,78,95,127,104,43,30,10
20,47,43,38,17,30,33,53,39,64,93,114,118,86,57,45,56,42,56,57,58,27,5,9
0,13,30,50,9,52,30,37,59,54,50,59,81,54,36,33,54,64,45,56,26,10,13,8
0,5,13,15,11,52,26,12,50,53,25,59,61,50,39,46,56,65,53,44,10,18,2,8
0,2,14,10,3,52,38,13,14,8,60,56,63,19,45,15,54,52,52,14,2,6,5,1
0,0,4,5,10,14,18,53,34,6,55,50,4,42,63,61,57,57,11,13,0,8,7,6
1,0,4,4,4,0,11,52,62,14,58,55,57,55,53,67,58,6,7,10,0,1,4,4
0,0,8,13,14,13,14,62,63,67,79,84,80,82,69,61,58,2,0,0,0,4,0,2
3,4,2,2,4,50,54,95,93,80,94,97,111,115,84,65,8,1,4,1,3,0,7,2
0,0,0,0,9,45,62,112,134,113,119,116,140,162,114,91,9,2,0,0,0,7,0,0
0,0,8,8,9,72,98,125,133,136,142,165,176,151,116,92,33,12,5,0,3,0,0,3
6,4,5,5,54,76,115,143,153,145,170,202,187,153,132,102,62,9,0,7,0,0,0,0
0,6,6,13,37,55,119,231,154,106,136,181,205,154,128,103,53,4,0,0,4,0,2,6
1,7,11,25,53,79,109,145,108,101,96,124,180,180,113,70,53,24,0,0,1,4,5,5
10,13,13,43,54,69,107,106,77,81,106,110,128,93,80,60,12,4,7,4,7,9,5,0
7,12,14,20,36,46,53,70,92,107,121,118,98,101,74,71,48,16,5,5,10,5,8,2
0,8,9,7,15,64,91,102,89,122,137,134,140,101,103,126,111,37,5,3,9,4,1,5
0,11,0,6,11,63,66,106,106,103,148,138,134,125,132,167,127,90,35,10,10,3,0,4
4,8,10,12,17,54,115,105,76,73,152,133,121,120,121,160,123,103,39,38,20,9,9,4
0,0,5,9,33,53,93,108,87,105,155,140,152,188,75,126,120,90,47,35,11,13,9,13
0,8,10,12,29,46,71,104,80,75,137,160,176,124,100,122,137,115,56,38,6,0,3,4
0,0,5,7,32,81,105,119,113,106,116,131,138,118,105,124,145,129,106,78,12,9,3,3
1,5,5,0,36,92,103,116,114,110,106,106,106,103,108,132,134,129,114,98,20,2,0,11
3,6,9,12,44,103,110,121,123,110,105,100,71,102,115,124,126,134,115,106,32,5,3,2
0,3,0,11,33,100,105,108,112,112,105,60,54,76,109,121,117,125,109,102,68,9,9,7
0,5,2,0,56,100,105,94,109,104,103,63,57,68,100,108,119,131,110,67,55,14,10,9
0,0,1,7,37,102,105,112,111,87,76,52,53,58,78,104,115,116,106,80,54,13,17,3
0,4,8,2,34,59,81,95,101,104,71,50,38,46,47,55,86,84,71,56,49,10,13,4
8,8,6,11,14,52,62,70,77,67,56,37,30,31,41,53,65,77,110,74,20,11,14,13
0,0,0,9,25,57,57,98,113,89,75,13,10,29,53,52,60,90,137,82,32,16,13,7
0,0,0,4,25,53,62,134,132,61,46,6,8,15,16,13,46,53,81,79,51,10,13,10
0,0,6,10,13,47,60,86,60,45,20,13,12,11,8,12,23,28,50,59,51,14,7,2
0,0,8,0,10,22,42,54,46,14,7,11,6,12,7,11,24,34,46,54,61,34,15,8
0,0,0,1,11,35,54,52,34,5,0,0,2,9,10,7,15,14,42,54,62,28,16,12
0,3,6,0,10,12,51,47,24,4,0,1,9,13,7,8,13,19,12,37,29,50,16,7
0,0,0,9,7,9,23,14,12,9,11,10,9,12,9,6,12,13,12,19,14,26,11,0
0,0,0,0,0,6,10,12,10,10,6,0,14,14,4,3,14,12,10,12,8,14,11,5
0,0,0,0,0,8,5,14,12,18,13,14,10,13,13,4,12,18,10,11,11,12,6,6
0,0,0,0,8,9,7,14,12,14,10,7,4,12,8,6,14,13,9,10,8,13,12,0
5,5,0,7,5,13,12,12,4,12,11,14,8,0,12,11,12,8,11,6,10,13,14,8
1,6,5,8,9,11,10,9,11,6,12,9,11,3,10,7,1,8,10,12,13,21,13,4
4,2,8,10,10,9,13,14,13,9,7,2,8,12,6,2,6,8,9,12,13,9,13,8

13,52,76,51,21,22,11,13,4,3,8,16,7,45,42,49,14,11,3,7,8,9,6,0
50,87,135,76,80,100,104,84,107,70,66,111,76,68,79,64,84,105,107,144,112,10,8,0
53,56,58,56,95,101,101,91,105,107,116,139,124,108,67,58,48,78,95,127,104,44,30,10
20,48,44,39,17,29,34,55,41,64,95,114,119,86,57,46,56,42,56,57,58,27,5,9
0,14,29,50,9,52,31,37,59,54,50,59,81,54,39,35,54,64,45,56,26,10,13,8
0,5,13,15,11,52,27,12,50,53,26,59,61,50,39,46,56,65,53,44,10,18,2,8
0,3,14,10,3,52,37,13,14,8,60,56,63,19,42,15,54,52,52,14,2,7,5,1
0,0,5,5,9,14,16,53,32,6,55,50,4,41,63,60,56,57,10,13,0,8,7,6
0,0,3,4,4,0,12,52,62,14,58,55,58,56,52,67,58,6,7,10,0,1,4,4
0,0,8,13,14,13,14,62,63,67,79,83,80,83,69,61,58,2,0,0,0,5,0,2
3,3,2,2,4,50,55,95,92,79,93,96,110,114,84,65,8,1,4,1,3,0,7,1
0,0,0,0,9,45,63,112,132,111,117,114,139,162,114,91,9,2,0,0,0,7,0,0
0,0,7,8,9,72,98,123,131,133,140,161,172,150,115,92,32,12,5,0,3,0,0,3
6,4,5,5,54,77,115,143,151,144,167,199,186,154,132,103,62,9,0,7,0,0,0,0
0,6,7,14,39,56,123,232,147,106,135,178,206,158,129,103,54,5,0,0,4,0,2,6
1,7,11,25,54,82,112,139,109,103,97,125,173,182,116,73,54,26,0,0,1,4,5,5
10,13,13,44,54,72,106,106,79,82,108,113,130,93,80,61,12,4,7,5,7,9,4,0
7,12,14,20,35,47,53,71,94,109,124,121,100,102,74,71,48,15,5,5,10,5,8,2
0,8,9,7,14,64,91,103,91,124,138,135,142,103,104,126,110,35,5,3,9,4,1,5
0,11,0,6,10,62,66,106,107,104,149,140,136,127,133,159,125,89,32,10,10,3,0,4
5,8,10,12,16,53,112,104,76,74,154,134,122,121,121,157,122,102,38,38,19,9,8,4
0,0,5,8,31,52,90,106,87,105,156,141,153,190,75,126,119,89,46,35,11,13,9,13
0,7,10,12,28,46,70,104,79,75,136,159,175,124,100,121,137,115,56,38,6,0,3,4
0,0,5,7,32,81,105,119,112,106,116,131,138,118,105,124,145,129,106,78,12,9,3,3
1,5,5,0,35,92,103,116,114,110,106,106,106,103,108,132,134,129,114,98,20,2,0,11
3,6,9,12,43,102,109,121,123,110,105,100,69,102,115,124,126,134,115,106,32,5,3,2
0,3,0,11,33,100,105,107,112,112,105,60,53,76,108,121,117,125,109,102,67,9,9,7
0,5,2,0,56,100,105,93,109,104,103,63,57,68,99,108,119,131,110,67,55,14,10,9
0,0,1,7,37,102,105,112,111,87,77,52,53,58,78,104,115,116,106,80,54,13,17,4
0,4,8,2,33,59,80,94,101,104,71,50,38,46,47,55,86,84,71,56,49,10,13,4
8,8,6,11,14,52,62,70,77,67,56,37,30,31,41,53,64,77,110,74,20,11,14,13
0,0,0,9,25,57,57,98,113,89,75,13,10,30,53,52,61,90,137,82,32,16,13,7
0,0,0,4,26,53,62,134,132,61,46,6,8,15,17,13,46,53,81,80,51,10,13,10
0,0,6,10,13,46,60,86,60,45,20,13,12,11,8,12,23,28,50,58,51,14,7,2
0,0,7,0,10,20,42,54,47,15,7,11,6,12,7,11,23,33,46,54,61,34,15,8
0,0,0,1,11,35,54,52,34,5,0,0,2,9,10,7,15,14,42,54,62,28,16,12
0,3,6,0,10,12,51,46,25,4,0,1,9,13,7,8,13,18,12,36,29,50,16,7
0,0,0,9,7,9,22,14,12,9,11,10,9,12,9,6,12,13,12,19,14,27,11,0
0,0,0,0,0,6,10,13,10,10,6,0,14,14,4,3,14,12,10,12,8,14,12,6
0,0,0,0,0,8,5,14,12,19,13,13,11,13,13,4,12,18,10,11,11,12,6,6
0,0,0,0,8,9,7,14,12,14,10,7,4,12,8,6,14,13,9,10,8,13,12,0
5,5,0,7,5,13,12,12,4,11,11,14,8,0,12,11,13,8,11,6,10,13,14,8
1,6,5,8,9,11,10,9,12,6,12,9,11,3,9,7,1,8,10,12,13,21,13,4
4,2,8,10,10,9,13,14,13,9,7,2,8,12,6,3,6,8,9,12,13,9,13,8

13,52,77,51,22,26,11,13,4,4,8,17,7,48,43,49,14,11,3,7,8,9,6,0
50,87,136,76,80,101,104,86,107,70,68,113,77,68,79,65,85,105,107,145,112,10,8,0
53,56,58,56,95,101,101,92,105,108,117,140,126,108,67,59,48,78,95,127,104,43,30,10
21,48,44,39,17,30,35,57,45,64,95,115,120,87,57,48,57,42,56,57,58,28,5,9
0,13,30,50,9,52,33,39,59,54,50,59,82,54,39,36,54,64,44,56,26,10,13,8
0,6,13,15,11,52,27,12,51,53,27,60,61,50,39,46,56,65,53,44,10,18,2,8
0,3,14,10,3,52,35,13,14,8,60,56,63,22,43,16,54,52,52,14,2,7,5,1
0,0,5,5,9,14,15,52,32,6,55,50,4,40,63,60,56,57,10,13,0,8,7,6
0,0,4,4,4,0,12,52,62,14,58,55,58,55,52,66,57,5,7,10,0,1,4,4
0,0,8,12,14,13,14,62,63,67,79,83,79,82,69,60,58,2,0,0,0,5,0,2
3,3,2,2,4,50,55,96,93,79,93,96,109,114,83,65,8,1,4,1,3,0,7,1
0,0,0,0,9,45,63,112,132,111,118,113,138,160,113,91,9,2,0,0,0,7,0,0
0,0,7,8,9,72,98,123,131,135,141,161,171,149,115,90,32,12,5,0,3,0,0,3
6,4,5,5,54,76,115,143,152,144,168,200,186,153,132,103,63,9,0,7,0,0,0,0
0,6,6,14,40,56,124,232,146,106,135,178,207,157,129,103,54,5,0,0,4,0,2,6
1,7,10,25,53,82,112,138,109,103,98,125,171,181,117,74,54,25,0,0,1,4,5,5
10,13,13,43,54,72,106,106,79,82,108,114,130,93,80,61,12,4,7,4,7,9,4,0
7,12,14,19,35,47,54,71,95,109,124,121,101,102,74,71,48,15,5,5,10,5,8,2
0,9,9,7,14,65,91,103,91,124,138,136,143,103,104,126,110,36,5,3,9,4,1,5
0,11,0,6,10,62,66,106,107,105,149,140,136,127,133,159,125,89,32,10,10,3,0,4
5,8,10,12,16,53,112,104,76,75,154,134,122,121,121,157,122,102,39,38,19,9,9,4
0,0,5,8,30,53,90,106,87,105,157,142,153,190,75,126,119,89,47,35,11,13,9,13
0,7,10,11,28,46,70,103,79,75,136,160,175,124,100,122,137,115,56,39,6,0,3,4
0,0,5,7,31,81,105,119,112,106,116,131,139,118,105,124,145,129,106,78,12,9,3,3
1,5,5,0,35,93,103,116,114,110,106,106,106,103,108,132,134,129,114,99,21,2,0,11
3,6,9,12,43,103,110,121,123,110,105,100,70,102,115,124,126,134,115,106,32,5,3,2
0,3,0,11,33,100,105,107,112,112,105,59,55,76,109,121,117,125,109,102,68,9,9,7
0,5,2,0,56,100,105,94,109,104,103,64,57,68,99,108,119,131,110,67,55,14,10,9
0,0,1,7,37,102,105,112,111,87,76,52,53,59,78,104,115,116,106,80,54,13,17,3
0,4,8,2,34,59,80,95,101,104,71,50,38,46,47,54,86,84,71,56,49,10,13,4
8,8,6,11,14,52,62,70,77,67,56,37,31,31,41,53,64,77,110,74,20,11,14,13
0,0,0,9,25,57,57,98,113,89,75,13,10,29,53,52,60,90,137,82,32,16,13,7
0,0,0,4,26,53,62,134,132,61,46,6,8,15,17,13,46,53,80,80,51,10,13,10
0,0,6,10,13,47,60,86,60,45,20,13,12,11,8,12,23,28,50,59,51,14,7,2
0,0,8,0,10,21,43,54,47,14,7,11,6,12,7,11,24,34,46,54,61,34,15,8
0,0,0,1,11,35,54,52,35,5,0,0,2,10,10,7,15,14,42,54,62,28,16,12
0,3,6,1,10,12,51,48,25,4,0,1,9,13,7,8,13,20,12,37,29,50,16,7
0,0,0,9,7,9,22,14,12,9,11,10,9,12,9,6,12,13,12,19,14,26,11,0
0,0,0,0,0,6,10,12,10,10,6,0,14,14,4,3,14,12,10,12,8,14,12,5
0,0,0,0,0,8,5,14,12,18,13,14,10,13,13,4,12,18,10,11,11,12,6,6
0,0,0,0,8,9,7,14,12,14,10,7,4,12,8,6,14,13,9,10,8,13,12,0
5,5,0,7,5,13,12,12,4,11,11,14,8,0,12,11,12,8,11,6,10,13,14,8
1,6,5,8,9,11,10,9,12,7,12,9,11,3,9,7,1,8,10,12,13,21,13,4
4,2,8,10,10,9,13,14,13,9,7,2,8,12,6,2,6,8,9,12,13,9,13,8

13,52,76,51,21,25,11,13,4,4,8,17,7,48,43,49,14,11,3,7,8,9,6,0
50,87,135,76,80,100,104,86,107,71,68,113,77,68,79,65,84,105,107,144,112,10,8,0
53,56,58,56,95,101,101,92,105,108,117,141,126,108,67,59,48,78,95,127,104,42,30,10
20,48,43,38,17,30,34,57,47,65,96,115,120,86,57,50,56,42,56,56,58,27,5,9
0,14,30,50,9,53,34,39,59,54,51,59,82,54,39,36,54,64,44,56,26,10,13,8
0,6,13,15,11,52,28,12,51,53,28,60,62,50,39,46,56,65,53,44,10,18,2,8
0,3,14,10,3,52,38,13,14,9,61,56,64,24,45,20,54,53,52,14,2,6,5,1
0,0,5,5,10,14,15,52,35,6,55,50,4,42,63,60,56,57,11,13,0,8,7,6
1,0,3,4,4,0,12,52,62,14,58,55,57,56,53,67,58,6,7,10,0,1,4,4
0,0,8,13,14,13,14,62,64,67,78,83,79,82,69,61,58,2,0,0,0,5,0,2
3,4,2,2,4,50,55,96,93,80,94,96,110,114,84,65,8,1,4,1,3,0,7,1
0,0,0,0,9,45,63,112,134,112,119,115,139,161,113,91,9,2,0,0,0,7,0,0
0,0,7,8,9,72,98,124,132,135,141,163,173,149,115,91,33,12,5,0,3,0,0,3
6,4,5,5,54,76,115,143,152,144,169,201,186,152,131,103,63,9,0,7,0,0,0,0
0,6,6,13,39,56,121,231,150,106,136,179,204,154,128,103,53,4,0,0,4,0,2,6
1,7,11,23,53,80,110,142,109,102,96,124,177,180,114,72,54,26,0,0,1,4,5,5
10,13,13,42,54,71,106,106,78,81,107,111,129,93,80,60,12,4,7,5,7,9,4,0
7,12,14,19,35,47,53,71,93,108,122,119,99,101,74,71,48,16,5,5,10,5,8,2
0,9,9,7,15,64,91,102,90,123,137,135,141,102,104,126,111,38,5,3,9,4,1,5
0,11,0,6,11,63,66,106,107,104,148,139,135,126,133,165,127,90,36,10,10,3,0,4
5,8,10,12,17,54,114,105,76,74,153,133,122,121,121,160,123,103,39,39,20,9,9,4
0,0,5,9,33,53,92,107,87,105,156,141,153,190,75,127,120,90,47,35,11,13,9,13
0,8,10,12,29,46,71,104,80,75,136,160,176,124,100,122,137,115,56,39,6,0,3,4
0,0,5,7,32,81,105,119,113,106,116,131,139,118,105,124,145,129,106,78,12,9,3,3
1,5,5,0,36,93,103,116,114,110,106,106,106,103,108,132,134,129,114,100,21,2,0,11
3,6,9,12,44,103,110,121,123,110,105,100,71,102,115,124,126,134,115,106,32,5,3,2
0,3,0,11,33,100,105,107,112,112,105,59,54,76,109,121,117,125,109,102,68,9,9,7
0,5,2,0,56,100,105,94,109,105,103,64,57,70,100,108,119,131,110,67,54,14,11,9
0,0,1,7,38,102,105,112,111,87,77,52,53,59,78,104,115,116,106,80,54,13,17,4
0,4,8,2,34,59,80,95,101,104,71,50,38,45,47,55,86,84,71,56,49,10,13,4
8,8,6,11,14,52,62,70,77,67,57,37,30,30,41,53,64,77,110,74,20,11,14,13
0,0,0,9,25,57,57,98,114,89,76,13,10,30,53,52,60,90,137,82,32,16,13,7
0,0,0,4,25,53,62,133,132,61,47,7,8,15,16,13,46,53,80,80,51,10,13,10
0,0,6,10,13,46,60,85,60,45,20,13,12,12,8,12,23,28,50,58,51,14,7,2
0,0,8,0,10,21,42,54,48,15,7,11,7,12,7,11,24,34,46,54,61,34,15,8
0,0,0,1,11,36,54,52,33,5,0,0,2,9,10,7,15,14,42,54,62,28,16,12
0,3,6,1,11,12,51,47,25,4,0,1,9,13,7,8,13,19,12,37,29,50,16,7
0,0,0,9,7,9,22,14,12,9,11,10,9,12,9,6,12,13,12,19,14,27,11,0
0,0,0,0,0,6,10,12,10,10,6,0,14,14,4,3,14,12,10,12,8,14,12,5
0,0,0,0,0,8,5,14,12,18,13,13,10,13,13,4,12,18,10,11,11,12,6,6
0,0,0,0,8,9,7,14,12,14,10,7,4,12,8,6,14,13,9,10,8,13,12,0
5,5,0,7,5,13,12,12,4,11,11,14,8,0,12,11,12,8,11,6,10,13,14,8
1,6,5,8,9,11,10,9,12,7,12,9,11,3,10,7,1,8,10,13,13,21,13,4
4,2,8,10,10,9,13,14,13,9,7,1,8,12,6,2,6,8,9,12,13,9,13,8

13,52,75,51,21,24,11,13,4,4,8,19,8,50,43,50,14,11,3,7,8,9,6,0
50,87,135,76,80,100,104,86,107,71,69,114,78,69,79,65,85,105,107,143,112,10,8,0
53,56,58,56,95,101,101,92,105,109,118,143,127,108,68,59,48,78,95,126,104,42,28,10
20,47,44,38,18,30,36,59,50,66,97,115,120,87,57,50,57,42,56,56,58,27,5,9
0,14,31,50,9,53,35,40,59,54,51,59,82,54,41,37,54,64,44,56,26,10,13,8
0,6,13,16,11,52,28,12,51,54,29,60,62,51,39,46,55,65,53,44,10,18,2,8
0,3,14,10,3,52,38,13,14,9,61,57,64,24,44,22,54,53,52,14,2,6,5,0
0,0,5,5,10,14,16,52,38,6,55,50,4,43,63,61,56,57,11,13,0,8,7,6
1,0,4,4,4,0,12,52,62,14,58,55,57,56,52,66,58,6,7,10,0,1,4,4
0,0,8,13,14,13,14,62,64,67,78,83,79,81,68,61,58,2,0,0,0,5,0,2
3,4,2,2,4,50,55,96,94,80,93,96,109,114,84,65,8,1,4,1,3,0,7,1
0,0,0,0,9,45,63,112,135,113,119,115,139,161,113,91,9,2,0,0,0,7,0,0
0,0,8,8,9,73,98,125,133,135,141,163,174,150,115,92,33,12,5,0,3,0,0,3
6,4,5,5,54,76,115,143,152,144,168,200,185,151,131,102,62,9,0,7,0,0,0,0
0,6,6,13,37,55,119,230,154,106,135,180,202,153,127,103,53,4,0,0,4,0,2,6
1,7,10,22,53,79,110,144,108,100,96,124,179,179,113,71,53,24,0,0,2,4,5,5
10,13,13,43,54,70,106,106,77,81,105,110,128,93,80,60,12,4,7,5,7,9,4,0
7,12,14,20,35,46,53,70,92,107,121,117,98,100,74,71,48,17,5,5,10,5,8,2
0,8,9,7,16,64,91,102,89,122,137,134,139,101,104,127,111,39,4,3,9,4,1,5
0,11,0,6,11,63,67,106,107,103,148,138,134,125,133,172,128,91,38,10,10,3,0,4
5,8,10,12,18,54,116,106,76,73,153,132,121,120,121,163,124,103,39,38,20,9,9,4
0,0,6,9,34,53,93,108,88,105,155,141,153,190,76,127,120,91,47,36,11,13,9,13
0,8,11,13,29,46,71,104,80,76,137,161,176,124,100,122,137,115,56,39,6,0,3,4
0,0,6,7,32,82,105,119,113,106,116,132,139,118,105,124,145,129,106,79,12,9,3,3
1,5,5,0,35,93,103,116,114,110,106,106,106,103,108,132,134,129,114,100,21,2,0,11
3,6,9,12,44,103,110,121,123,110,105,100,70,102,115,124,126,134,115,106,33,5,3,2
0,3,0,11,35,100,105,108,112,112,105,60,54,77,109,121,117,125,109,102,68,9,9,7
0,5,2,0,56,100,105,94,109,104,103,64,57,69,100,108,119,131,110,67,55,14,10,9
0,0,1,7,37,102,105,112,111,87,77,52,53,59,79,104,115,116,106,80,54,13,17,4
0,4,8,2,34,59,80,94,101,104,72,50,38,46,47,55,86,84,71,56,49,10,13,4
8,8,6,11,14,53,62,70,77,67,56,37,31,31,42,53,65,77,110,74,20,11,14,13
0,0,0,9,25,57,57,98,114,90,76,13,10,29,53,52,60,90,137,82,32,15,13,7
0,0,0,4,26,53,62,133,132,61,46,7,8,15,17,13,45,53,80,80,51,10,13,10
0,0,6,10,13,45,60,85,60,45,19,13,12,12,8,12,23,28,50,58,51,14,7,2
0,0,8,0,10,22,42,54,47,15,7,11,6,12,7,11,24,33,46,54,61,34,15,8
0,0,0,1,11,34,54,52,34,5,0,0,2,9,10,7,15,14,42,54,62,27,16,12
0,4,6,1,10,12,51,48,26,4,0,1,9,13,7,8,13,19,12,37,29,50,16,7
0,0,0,9,7,9,22,14,12,9,11,10,9,12,9,6,12,13,12,19,14,26,11,0
0,0,0,0,0,6,10,12,10,10,6,0,14,14,4,3,14,12,10,12,8,14,12,6
0,0,0,0,0,8,5,13,12,18,13,14,10,13,13,4,12,17,10,11,11,12,6,6
0,0,0,1,8,9,7,14,12,14,10,7,4,12,8,6,14,13,9,10,8,13,12,0
5,5,0,7,5,13,12,12,4,11,11,14,8,0,12,11,12,8,11,6,10,13,14,8
1,6,5,8,9,11,10,9,12,6,12,9,11,3,10,7,1,8,10,13,13,21,13,4
4,2,8,10,10,9,13,14,13,9,7,1,8,12,6,2,6,8,9,12,13,9,13,8

13,52,75,51,22,25,12,14,5,4,9,19,8,50,43,50,14,11,3,7,8,9,6,0
50,87,135,76,80,100,105,86,108,71,69,114,78,69,79,65,85,105,107,143,112,10,8,0
53,56,58,56,95,101,101,93,105,109,118,143,127,108,68,59,48,78,95,126,104,42,28,10
20,48,43,39,18,30,36,57,50,66,97,116,120,87,57,50,57,42,56,56,57,26,5,9
0,14,31,50,9,53,34,40,60,55,52,60,82,54,41,38,54,64,44,56,26,10,13,8
0,6,13,17,11,52,29,12,51,54,29,60,62,51,39,46,55,65,53,44,10,18,2,8
0,3,14,10,3,52,38,13,14,9,61,57,64,25,46,23,54,53,52,14,2,6,5,0
0,0,5,5,10,14,17,53,39,7,55,51,4,44,63,61,57,57,11,13,0,8,7,6
1,0,4,4,4,0,12,52,62,15,58,55,57,56,53,67,58,6,7,10,0,1,4,4
0,0,8,13,14,13,14,62,64,67,78,83,78,81,69,61,58,2,0,0,0,5,0,2
3,4,2,2,4,50,55,96,94,80,94,96,110,113,84,65,8,1,4,1,3,0,7,1
0,0,0,0,9,45,62,112,135,113,119,115,139,161,113,91,9,2,0,0,0,7,0,0
0,0,8,8,9,72,98,125,134,136,141,163,174,150,115,92,32,12,5,0,3,0,0,3
6,4,5,5,54,76,115,143,152,145,169,200,185,151,131,102,62,8,0,7,0,0,0,0
0,6,6,14,37,55,118,229,156,106,135,180,201,152,127,103,53,4,0,0,4,0,2,6
1,7,10,23,53,79,109,146,108,100,95,124,181,179,113,70,53,24,0,0,2,4,5,5
10,13,13,43,54,70,106,105,77,80,105,109,127,93,80,60,12,4,7,5,7,9,4,0
7,12,14,20,35,47,53,70,92,107,120,116,97,100,74,71,48,17,5,5,10,5,8,2
0,8,9,7,17,65,91,102,88,122,137,133,139,101,104,127,112,40,4,2,9,3,1,4
0,11,0,6,11,64,67,106,106,103,147,138,134,124,133,175,129,92,39,10,10,3,0,5
5,8,10,12,18,54,117,106,76,73,152,132,121,120,121,164,124,103,40,38,21,9,9,3
0,0,6,10,35,53,94,109,87,104,155,141,152,189,75,128,121,91,47,36,11,13,9,13
0,8,11,13,29,47,72,104,80,76,137,161,176,124,100,122,137,115,56,39,6,0,3,4
0,0,6,8,32,81,105,119,113,106,116,132,139,118,105,124,145,129,106,79,12,9,3,3
1,5,5,0,36,93,103,116,114,110,106,106,106,103,108,132,134,129,114,99,21,2,0,11
3,6,9,12,44,103,110,121,123,110,105,100,71,102,115,124,126,134,115,106,33,5,3,1
0,3,0,11,35,100,105,108,112,112,105,60,54,76,109,121,117,125,109,102,68,9,9,7
0,5,2,0,56,100,105,94,109,104,103,63,57,68,100,108,119,131,110,67,55,14,11,9
0,0,1,7,37,102,105,112,111,87,77,52,53,58,78,104,115,116,106,80,54,13,17,4
0,4,8,2,34,59,80,95,101,104,72,50,39,45,47,55,86,84,71,56,49,10,13,4
8,8,6,11,14,52,62,70,77,67,56,37,31,31,41,53,64,77,110,75,20,11,15,13
0,0,0,9,25,57,57,99,114,90,76,13,10,30,53,52,60,90,137,82,32,16,13,7
0,0,0,4,25,53,62,133,132,61,47,7,8,15,15,13,45,53,80,79,51,10,13,10
0,0,6,10,13,47,60,85,60,45,20,13,12,11,8,12,23,28,50,58,51,14,7,2
0,0,8,0,10,22,42,54,47,15,7,11,6,12,7,11,24,34,46,54,61,34,15,8
0,0,0,1,11,35,54,52,35,5,0,0,2,9,10,7,14,14,42,54,62,27,16,12
0,4,6,1,10,12,51,48,26,4,0,1,9,14,7,8,13,20,12,37,29,50,17,7
0,0,0,9,7,9,23,14,12,10,11,10,9,12,9,6,12,13,12,19,14,27,11,0
0,0,0,0,0,6,10,13,10,10,6,0,14,14,4,3,14,12,10,12,8,14,12,5
0,0,0,0,0,8,6,14,12,19,13,14,10,13,13,4,12,17,10,11,11,12,6,6
0,0,0,0,8,9,7,14,12,14,10,7,4,12,8,6,14,13,9,10,8,13,12,0
5,5,0,7,5,13,12,12,4,11,11,14,8,0,12,11,13,8,11,6,10,13,14,8
1,6,5,8,9,11,10,9,12,6,12,9,11,3,10,7,1,8,10,12,13,21,13,4
4,2,8,10,10,9,13,14,13,9,7,1,8,12,6,3,6,8,9,12,13,9,13,8

13,52,76,51,23,28,12,14,5,5,8,19,8,50,43,50,14,11,3,7,8,9,6,0
50,87,135,76,80,101,105,87,108,71,69,114,78,69,79,65,85,105,107,143,112,10,8,0
53,56,58,56,96,101,101,93,105,109,118,143,128,108,68,59,48,79,95,126,104,42,30,11
21,48,44,39,18,31,36,58,50,66,98,116,120,86,57,50,57,42,56,56,58,27,5,9
0,14,33,50,9,53,35,41,59,55,52,59,82,54,42,37,54,64,44,56,26,10,13,8
0,6,13,17,11,52,29,13,51,54,30,60,62,51,39,46,55,65,53,44,10,18,2,8
0,3,14,10,3,52,38,14,14,9,61,57,64,25,45,25,54,53,52,14,2,6,5,0
0,0,5,5,10,14,16,52,38,7,55,51,4,43,62,61,56,57,11,13,0,8,7,6
1,0,4,4,4,0,12,52,62,16,58,56,58,56,53,66,58,6,7,10,0,1,4,4
0,0,8,13,14,13,14,63,64,67,79,83,79,82,68,61,58,2,0,0,0,5,0,2
3,4,2,2,4,50,55,95,93,80,93,95,109,114,84,65,8,1,4,1,3,0,7,1
0,0,0,0,9,45,62,112,134,112,118,114,139,161,113,91,9,2,0,0,0,7,0,0
0,0,8,8,9,73,98,124,132,134,140,161,172,150,116,92,34,12,5,0,3,0,0,3
6,4,5,5,54,77,115,143,150,144,167,199,185,153,132,103,63,9,0,7,0,0,0,0
0,6,6,14,39,56,121,231,151,106,135,178,203,155,128,103,53,4,0,0,4,0,2,6
1,7,11,25,53,81,112,142,109,102,96,124,174,181,115,72,54,25,0,0,2,4,5,5
10,13,13,43,55,71,106,106,78,81,107,112,129,93,80,61,12,4,7,5,7,9,4,0
7,12,14,20,35,47,53,71,93,108,122,119,99,101,74,71,48,16,5,5,10,5,8,2
0,9,9,7,16,64,91,103,90,123,138,135,141,102,104,126,111,38,4,2,9,3,1,4
0,11,0,6,11,63,66,106,107,104,148,139,135,126,133,165,127,91,36,10,10,3,0,5
5,8,10,12,17,53,114,105,76,74,153,133,121,121,121,159,123,103,39,38,20,9,9,3
0,0,5,9,33,53,91,107,87,105,156,141,153,191,75,126,120,90,47,35,11,13,9,13
0,8,11,12,29,46,71,104,80,75,137,160,176,124,100,122,137,115,56,39,6,0,3,4
0,0,5,7,32,82,105,119,113,106,116,131,139,118,105,124,145,129,106,79,12,9,3,3
1,5,5,0,36,92,103,116,114,110,106,106,106,103,108,132,134,129,114,99,20,2,0,11
3,6,9,12,44,102,110,121,123,110,105,100,73,102,115,124,126,134,115,106,32,5,3,2
0,3,0,11,35,100,105,108,112,112,105,59,54,77,109,121,117,125,109,102,67,9,9,7
0,6,2,0,56,100,105,93,109,104,103,64,57,69,100,108,119,131,110,67,55,14,10,9
0,1,1,7,37,102,105,112,111,87,77,52,53,58,78,104,115,116,106,80,54,13,17,3
0,4,8,2,34,59,81,95,101,104,72,50,38,46,47,55,86,84,71,56,49,10,13,4
8,8,6,11,14,53,62,70,77,67,57,38,30,31,42,53,65,77,110,74,21,11,14,13
0,0,0,9,26,58,57,99,114,89,75,13,10,29,54,52,60,90,137,82,32,16,13,7
0,0,0,4,26,53,62,134,132,61,47,7,8,16,16,14,46,53,81,80,51,10,13,10
0,0,6,10,13,47,60,86,60,45,21,13,13,11,8,12,23,28,50,59,51,14,7,2
0,0,7,0,10,21,42,54,48,15,7,11,6,12,7,11,24,34,46,54,61,34,15,8
0,0,0,1,11,36,54,52,34,5,0,0,2,10,10,7,15,14,42,54,62,28,16,12
0,4,6,1,11,12,51,48,25,4,0,1,9,14,7,8,13,20,12,37,29,50,16,7
0,0,0,9,7,9,24,14,12,10,11,10,9,12,9,6,12,13,12,19,14,27,11,0
0,0,0,0,0,6,10,13,10,10,6,0,14,14,4,3,14,12,10,12,8,14,12,6
0,0,0,0,0,8,6,14,12,18,13,14,10,13,13,4,12,18,10,11,11,12,6,6
0,0,0,0,8,9,7,14,12,14,10,7,4,12,8,6,14,13,9,10,8,13,12,0
5,5,0,7,5,13,12,12,4,12,11,14,8,0,12,11,13,8,11,6,10,13,14,8
1,6,5,8,9,11,10,9,11,6,12,9,11,3,10,7,1,8,10,13,13,21,13,4
4,2,8,10,10,9,13,14,13,9,7,2,8,12,6,3,6,8,9,12,13,9,13,8

13,52,77,51,26,29,12,14,5,5,9,20,8,51,44,50,14,11,3,7,8,9,6,0
50,87,135,76,80,101,105,87,108,72,70,115,79,69,80,65,86,105,107,144,112,10,8,0
53,56,58,56,95,101,101,93,105,109,118,144,128,108,68,59,48,78,95,127,104,44,31,11
21,48,43,39,18,30,36,58,50,66,98,116,120,87,57,50,57,42,56,56,58,28,5,9
0,14,31,50,9,52,35,40,59,55,52,60,82,54,43,37,54,64,44,56,26,10,13,8
0,6,13,18,11,52,29,13,51,54,30,60,62,51,39,46,56,65,53,44,10,18,2,8
0,3,14,10,3,52,39,14,14,9,61,57,64,26,46,25,54,53,52,14,2,6,5,1
0,0,5,5,10,14,17,53,40,7,56,51,5,45,62,61,56,57,10,13,0,8,7,6
1,0,4,4,4,0,12,53,62,18,59,56,58,56,53,66,58,6,7,10,0,1,4,4
0,0,8,13,14,13,15,64,64,68,80,84,80,82,69,61,58,2,0,0,0,5,0,2
3,3,2,2,4,50,56,97,93,80,94,96,110,114,83,65,8,1,4,1,3,0,7,1
0,0,0,0,9,46,63,111,132,112,118,113,138,161,113,91,9,2,0,0,0,7,0,0
0,0,8,8,10,73,98,123,131,133,140,159,170,149,115,92,32,12,5,0,3,0,0,3
6,4,5,6,54,77,115,143,150,143,166,198,184,153,132,103,63,9,0,7,0,0,0,0
0,6,6,14,40,56,124,230,146,106,135,176,204,158,129,104,54,5,0,0,4,0,2,6
1,7,11,25,54,83,113,139,109,103,98,124,168,182,117,75,54,26,0,0,2,4,5,5
10,13,13,44,55,73,106,106,79,82,108,114,130,93,80,61,12,4,7,5,7,9,4,0
7,12,14,19,36,47,54,71,95,109,124,121,101,102,74,71,48,16,5,5,10,5,8,2
0,8,9,7,14,64,91,103,91,124,138,136,142,103,104,125,110,36,4,2,9,4,1,5
0,11,0,6,10,62,66,106,107,105,149,140,136,127,133,158,125,89,32,10,10,3,0,5
5,8,10,12,17,53,112,104,76,74,154,134,122,121,121,156,122,103,38,38,19,9,9,3
0,0,5,9,30,53,89,106,87,105,156,141,154,190,74,125,119,89,46,35,11,13,9,13
0,8,10,12,28,46,70,103,79,75,136,160,176,124,100,121,136,115,56,38,6,0,3,4
0,0,5,7,32,81,105,119,113,106,116,131,138,118,105,124,145,129,106,78,12,9,3,3
1,5,5,0,35,92,103,116,114,110,106,106,106,103,108,132,134,129,114,98,20,2,0,11
3,6,9,12,44,102,109,121,123,110,105,100,71,102,115,124,125,134,115,106,32,5,3,2
0,3,0,11,33,100,105,108,112,112,105,59,55,76,109,121,117,125,109,102,67,9,9,7
0,6,2,0,56,100,105,94,109,104,103,64,57,69,100,108,119,131,110,67,55,14,10,9
0,1,1,7,37,102,105,112,111,87,77,52,53,59,78,104,115,116,106,80,54,13,17,3
0,4,8,2,34,60,80,95,101,104,72,50,38,45,47,55,86,84,71,56,49,10,13,4
8,8,6,11,14,53,62,70,77,67,57,38,31,31,41,53,64,77,110,75,22,11,15,13
0,0,0,9,25,57,57,99,114,90,76,13,10,30,53,52,60,90,137,83,32,16,13,7
0,0,0,4,26,53,62,134,133,61,48,7,9,17,17,13,46,53,81,80,51,10,13,10
0,0,6,10,13,47,60,86,60,45,22,13,12,12,8,12,23,28,50,58,51,14,7,2
0,0,7,0,10,21,42,54,48,15,7,11,7,12,7,11,24,34,46,54,61,34,15,8
0,0,0,1,11,35,54,52,35,5,0,0,2,10,10,7,15,14,43,54,62,28,16,12
0,4,6,1,10,12,51,48,26,5,0,1,9,14,7,8,13,19,12,37,30,50,17,7
0,0,0,9,7,9,24,14,12,10,11,10,9,12,9,6,12,13,12,19,15,28,11,0
0,0,0,0,0,6,10,13,10,11,6,0,14,14,5,3,14,12,10,12,8,14,12,6
0,0,0,0,0,8,6,14,12,18,13,14,11,13,13,5,12,18,10,11,11,12,6,6
0,0,0,0,8,9,7,14,12,14,10,7,4,12,8,6,14,13,9,10,8,13,12,0
5,5,0,7,6,13,12,12,4,12,11,14,8,0,12,11,13,8,11,6,10,13,14,8
1,6,5,9,9,12,10,9,11,6,12,9,11,3,10,7,1,8,10,13,13,21,13,4
4,2,8,10,10,9,13,14,13,9,7,2,8,12,6,2,6,8,9,12,12,9,13,8

13,52,77,52,26,31,12,14,5,5,8,21,8,51,44,50,14,11,3,7,8,9,6,0
50,87,135,76,80,101,105,87,108,72,70,115,79,69,80,65,86,105,107,144,112,10,8,0
53,56,58,56,95,101,101,93,105,109,119,144,128,108,68,59,48,79,95,127,104,44,31,11
22,48,44,39,18,31,36,58,50,66,98,116,120,87,57,50,57,42,56,56,58,27,5,9
0,14,31,50,10,53,36,41,60,55,52,60,82,54,42,38,54,64,44,56,27,10,13,8
0,6,13,17,11,52,29,13,51,54,30,60,62,51,39,46,55,65,53,44,10,18,2,8
0,3,14,10,3,52,40,14,14,9,61,57,64,26,45,26,54,53,52,14,3,6,5,1
0,0,5,5,10,14,19,53,41,7,56,51,5,44,63,61,57,57,10,13,0,8,7,6
1,0,4,4,4,0,12,53,63,19,59,56,58,56,53,67,58,6,7,10,0,1,4,4
0,0,8,13,14,13,16,64,64,68,80,84,80,83,69,61,58,2,0,0,0,5,0,2
3,4,2,2,4,50,57,98,94,80,94,96,110,114,83,65,8,1,4,1,3,0,7,1
0,0,0,0,9,47,63,112,133,112,118,114,138,160,112,91,9,2,0,0,0,7,0,0
0,0,8,8,9,73,99,124,131,133,140,160,170,149,115,91,32,12,5,0,3,0,0,3
6,4,5,6,54,77,115,143,150,143,166,199,184,151,131,103,62,8,0,6,0,0,0,0
0,6,6,14,39,56,122,230,148,105,135,177,203,155,128,103,53,4,0,0,5,0,2,6
1,7,10,23,53,82,112,140,109,102,97,124,171,181,116,73,54,25,0,0,2,4,5,5
10,13,13,43,56,72,106,106,78,82,107,112,130,93,80,61,12,4,7,4,7,9,4,0
7,12,14,20,36,47,53,71,94,109,123,120,100,102,74,71,48,16,5,5,10,5,8,2
0,9,9,7,15,64,91,103,90,123,138,135,141,103,104,126,110,38,4,2,9,4,1,4
0,11,0,6,11,63,66,106,107,104,149,139,136,126,133,162,127,91,36,10,10,3,0,5
5,8,10,12,17,53,113,105,76,74,153,133,122,121,121,158,123,103,39,38,20,9,9,3
0,0,5,9,32,53,91,107,87,105,156,141,153,191,75,126,120,90,47,35,11,13,9,13
0,8,11,12,29,46,71,104,80,76,137,161,176,124,100,122,137,115,56,39,6,0,3,4
0,0,5,7,32,82,105,119,113,106,116,131,139,118,105,124,145,129,106,78,12,9,3,3
1,5,5,0,36,93,103,116,114,110,106,106,106,103,108,132,134,129,114,99,21,2,0,11
3,6,9,12,44,103,110,121,123,110,105,100,71,102,115,124,126,134,115,106,32,5,3,1
0,3,0,11,33,100,105,108,112,112,105,60,54,77,109,121,117,125,109,102,68,9,9,7
0,6,2,0,56,100,105,94,109,104,103,64,57,69,100,108,119,131,110,67,55,14,10,9
0,0,1,7,38,102,105,112,111,88,77,52,53,59,78,104,115,116,106,80,54,13,17,3
0,4,8,2,34,59,80,95,101,104,72,50,38,46,47,55,86,83,71,56,49,10,13,5
8,8,6,11,14,53,62,70,77,67,56,38,31,31,41,53,64,77,110,75,20,11,15,13
0,0,0,9,24,58,57,99,114,90,76,13,10,29,53,52,61,90,137,82,32,16,13,7
0,0,0,4,26,53,62,134,132,61,48,7,9,17,17,14,46,53,80,80,51,10,13,10
0,0,6,10,13,46,60,85,60,45,21,13,12,12,8,12,23,28,50,58,51,14,8,2
0,0,7,0,11,22,43,54,49,15,7,11,7,12,7,11,24,34,46,54,61,34,15,8
0,0,0,1,11,35,54,52,35,5,0,0,2,10,10,7,15,14,42,54,62,28,16,12
0,4,6,1,11,12,51,48,27,5,0,1,9,13,7,8,13,19,12,37,29,50,17,7
0,0,0,9,8,9,24,14,12,10,11,10,9,12,9,6,12,13,12,19,15,27,11,0
0,0,0,0,0,7,10,13,10,11,6,0,14,14,4,3,14,12,10,12,8,14,12,6
0,0,0,0,0,8,6,14,12,18,13,14,10,13,13,4,12,18,10,11,11,12,6,6
0,0,0,1,8,9,7,14,12,14,10,7,4,12,8,6,14,13,9,10,8,13,12,0
5,5,0,7,5,13,12,12,5,12,11,14,8,0,12,11,13,8,11,6,10,13,14,8
1,6,5,9,9,11,10,9,12,7,12,9,11,4,10,7,1,8,10,12,13,21,13,4
4,2,8,10,10,9,13,14,13,9,7,1,8,12,6,3,6,8,9,12,13,9,13,8

13,52,76,51,27,30,12,14,5,5,8,21,8,51,44,50,15,11,3,7,8,9,6,0
50,87,135,75,80,100,105,87,108,72,70,115,79,69,79,65,85,105,107,143,112,10,8,0
53,57,58,56,95,101,101,93,105,109,119,145,128,108,68,59,48,79,95,126,104,42,30,11
21,48,44,39,18,30,37,58,50,66,98,116,120,86,57,50,57,42,56,56,58,27,5,9
0,14,33,50,10,53,37,42,60,55,52,60,82,54,41,38,54,64,44,56,26,10,13,8
0,6,13,18,11,52,29,13,52,54,31,60,62,51,39,46,56,65,53,44,10,18,2,8
0,4,14,10,4,52,41,14,14,9,61,57,65,28,47,28,54,53,52,14,2,6,5,0
0,0,6,5,10,14,18,53,43,7,56,51,5,45,63,61,57,58,11,13,0,8,7,6
1,0,4,4,4,0,12,53,62,19,58,56,58,56,53,67,58,6,7,10,0,1,4,4
0,0,8,13,14,13,15,64,64,68,79,83,79,82,68,61,58,2,0,0,0,5,0,2
3,4,2,3,5,50,56,97,95,81,94,96,110,114,84,65,8,1,4,1,3,0,7,1
0,0,0,0,10,45,63,112,135,114,120,115,139,160,113,91,9,2,0,0,0,7,0,0
0,0,8,8,10,73,99,125,133,135,141,162,173,149,115,91,32,12,5,0,3,0,0,3
6,4,5,5,54,76,115,143,151,144,168,199,185,151,131,102,62,8,0,6,0,0,0,0
0,6,6,13,37,55,119,228,153,106,135,179,201,153,127,103,53,4,0,0,5,0,2,6
1,7,11,23,53,80,111,144,109,101,96,124,178,180,114,72,53,24,0,0,2,4,5,5
10,13,13,43,55,71,106,106,77,81,106,110,129,93,80,61,12,4,7,5,7,9,4,0
7,12,14,20,35,47,53,70,92,107,121,118,98,101,74,71,48,16,5,5,10,5,8,2
0,8,9,7,17,65,91,103,89,123,137,134,140,102,104,127,111,39,4,2,9,4,1,4
0,11,0,6,11,63,66,106,107,104,148,138,134,125,133,167,128,91,37,10,10,3,0,5
5,8,10,12,18,54,115,106,76,73,152,133,121,120,121,161,124,103,39,38,20,9,9,3
0,0,5,9,33,53,93,108,87,105,155,141,152,189,75,126,120,90,47,36,11,13,9,13
0,8,11,12,29,47,71,104,80,76,137,160,176,124,100,122,137,115,56,39,6,0,3,4
0,0,5,7,32,82,105,119,113,106,116,131,139,118,105,124,145,129,106,79,12,9,3,3
1,5,5,0,36,93,103,116,114,110,106,106,106,103,108,132,134,129,114,99,21,2,0,11
3,6,9,12,43,102,110,121,123,110,105,100,71,103,115,124,125,134,115,106,33,5,3,2
0,3,0,11,35,100,105,108,112,112,105,60,54,76,109,121,117,125,109,102,69,9,9,7
0,6,2,0,56,100,105,94,109,104,103,64,57,70,100,108,119,131,110,67,55,14,10,9
0,0,1,7,37,102,105,112,111,87,77,52,53,59,78,104,115,116,106,80,54,13,17,3
0,4,8,2,34,59,81,95,101,104,72,50,39,45,47,55,86,84,72,56,49,10,13,4
8,8,6,11,14,53,62,70,77,67,57,38,30,31,41,53,65,76,110,75,20,11,15,13
0,0,0,9,25,58,57,99,114,90,76,13,10,31,53,52,60,90,137,82,32,16,13,7
0,0,0,4,27,53,62,134,132,61,47,7,9,16,16,14,46,53,80,80,51,10,13,10
0,0,6,10,13,46,60,85,60,45,20,13,13,12,8,12,23,28,50,59,51,14,7,2
0,0,8,0,10,22,43,54,47,15,7,11,7,12,7,11,25,34,46,54,61,35,15,8
0,0,0,1,12,37,54,52,36,5,0,0,3,10,10,7,15,14,43,54,62,28,16,12
0,4,6,1,11,12,51,48,27,5,0,1,9,14,7,8,13,20,12,37,29,50,16,7
0,0,0,9,8,9,24,14,12,10,11,10,9,12,9,6,12,13,12,19,14,27,11,0
0,0,0,0,0,6,10,13,10,11,6,0,14,14,4,3,14,12,10,12,8,14,12,5
0,0,0,0,0,8,6,14,12,19,13,14,10,13,13,4,12,18,10,11,11,12,6,6
0,0,0,1,8,9,7,14,12,14,10,7,4,12,8,6,14,13,9,10,8,13,12,0
5,5,0,7,5,13,12,12,4,12,11,14,8,0,12,11,13,8,11,6,10,13,14,8
2,6,5,8,9,11,10,9,12,7,12,9,11,4,10,7,1,8,10,13,13,22,13,4
4,2,8,10,10,9,13,14,13,9,7,2,8,12,6,2,6,8,9,12,13,9,13,8

13,52,76,51,25,30,12,14,5,5,8,21,8,51,44,50,15,11,3,7,8,9,6,0
50,87,134,75,80,100,105,87,108,72,70,115,79,69,79,65,85,105,107,143,112,10,8,0
53,57,58,56,95,101,101,93,105,109,119,145,128,108,68,59,48,79,95,127,104,42,30,11
21,48,44,39,18,32,36,59,51,66,98,116,120,87,57,50,57,42,56,56,58,28,5,9
0,14,31,50,10,53,36,42,60,55,52,60,82,54,43,38,54,64,44,56,26,10,13,8
0,6,13,19,11,52,30,13,52,54,31,61,62,51,40,46,56,65,53,44,10,18,2,8
0,4,14,10,4,52,42,14,15,9,61,57,65,27,48,29,54,53,52,14,2,7,5,0
0,0,6,5,10,14,19,53,44,7,56,51,5,46,63,61,57,58,11,14,0,8,7,6
1,0,4,4,4,0,12,52,62,19,58,56,58,56,53,67,58,6,7,10,0,1,4,4
0,0,9,13,14,14,16,64,64,67,79,84,80,82,69,61,58,2,0,0,0,4,0,2
3,4,3,3,5,50,56,97,95,81,95,96,110,114,84,65,8,1,4,1,3,0,7,1
0,0,0,0,10,47,63,112,136,114,120,117,140,161,113,91,9,2,0,0,0,7,0,0
0,0,8,8,10,73,99,126,134,135,141,164,175,150,115,92,33,12,5,0,3,0,0,3
6,4,5,6,54,76,115,143,151,145,169,199,185,150,131,102,62,8,0,6,0,0,0,0
0,6,6,13,36,55,118,226,158,106,135,180,200,152,127,103,52,4,0,0,5,0,2,6
1,7,10,23,53,78,110,148,109,100,96,124,180,179,112,70,53,23,0,0,2,4,5,5
10,13,13,43,54,71,107,106,77,80,105,109,128,93,80,60,12,4,7,4,7,9,4,0
7,12,14,20,36,46,53,70,92,107,120,116,97,100,74,71,48,17,5,5,10,5,8,2
0,8,9,7,20,65,91,103,89,122,137,133,139,101,104,127,112,40,4,2,9,3,1,4
0,11,0,6,11,64,67,106,106,103,147,138,134,125,132,171,128,92,38,10,10,3,0,5
5,8,10,12,18,54,116,106,76,73,152,132,121,120,121,162,124,103,40,38,20,9,9,3
0,0,6,10,34,53,93,109,88,104,155,141,152,189,75,127,120,90,47,36,11,13,9,13
0,8,11,13,29,47,72,104,80,75,137,160,176,124,100,122,137,115,56,39,6,0,3,4
0,0,6,8,33,82,105,119,113,106,116,132,139,118,105,124,145,129,106,79,12,9,3,3
1,5,5,0,36,92,103,116,114,110,106,106,106,103,108,132,134,129,114,99,21,2,0,11
3,6,9,12,44,103,110,121,123,110,105,100,71,102,115,124,125,134,115,106,32,5,3,2
0,3,0,11,36,100,105,108,112,112,105,60,54,76,108,121,117,125,109,102,68,9,9,7
0,6,2,0,57,100,105,94,109,105,103,64,57,69,100,108,119,131,110,67,55,14,10,9
0,0,1,7,38,102,105,112,111,87,77,52,53,58,79,104,115,116,106,80,54,13,17,3
0,4,8,2,34,59,80,95,101,104,72,50,38,46,47,55,86,84,71,56,49,10,13,4
8,8,6,11,14,53,62,70,77,67,56,38,30,31,41,53,64,77,110,74,20,11,15,13
0,0,0,9,26,57,57,99,114,90,77,13,10,30,53,52,60,90,137,82,33,16,13,7
0,0,0,4,25,53,62,133,132,61,48,7,9,16,16,14,46,53,80,80,51,10,13,10
0,0,6,10,13,46,60,85,60,45,21,13,12,12,8,12,23,28,50,58,51,14,7,2
0,0,8,0,10,22,42,54,48,15,7,11,7,12,7,11,24,34,47,54,61,34,15,8
0,0,0,1,11,36,54,52,35,5,0,0,3,10,10,7,15,15,42,54,62,28,16,12
0,4,6,1,11,12,51,48,26,5,0,1,9,13,7,8,13,20,12,37,29,50,16,7
0,0,0,9,8,9,24,14,12,10,11,10,9,12,9,6,12,13,12,19,15,27,11,0
0,0,0,0,0,6,10,12,10,11,6,0,14,14,4,3,14,12,10,12,8,14,12,5
0,0,0,0,0,8,6,14,12,18,13,14,10,13,13,4,12,18,10,11,11,12,6,6
0,0,0,1,8,9,7,14,12,14,10,7,4,12,8,6,14,13,9,10,8,13,12,0
5,5,0,7,5,13,12,12,4,12,11,14,8,0,12,11,13,8,11,6,10,13,14,8
1,6,5,8,9,11,10,9,12,7,12,9,11,4,10,7,1,8,10,12,13,22,13,4
4,2,8,10,10,9,13,14,13,9,7,2,8,12,6,3,6,8,9,12,13,9,13,8

13,52,76,51,25,29,12,14,5,5,8,20,8,51,43,50,15,11,3,7,8,9,6,0
50,87,134,75,80,100,105,87,108,72,70,115,79,69,80,65,85,105,107,143,112,10,9,0
53,57,58,56,95,101,101,92,105,109,119,145,128,108,68,59,48,79,95,127,104,43,30,11
22,48,44,39,18,31,36,59,51,66,99,116,120,86,57,50,57,42,56,56,58,27,5,9
0,14,33,50,10,53,36,42,60,55,52,60,82,54,42,38,54,64,45,56,26,10,13,8
0,6,13,20,11,52,31,13,52,54,31,61,62,51,39,46,56,65,53,44,10,18,2,8
0,4,14,11,4,52,42,14,16,9,61,57,65,29,47,29,54,54,52,14,2,6,5,0
0,0,6,6,10,14,18,53,44,7,56,51,5,47,63,61,57,58,11,14,0,8,7,6
1,0,4,5,4,0,12,52,62,20,58,56,58,56,53,67,58,6,7,10,0,1,4,4
0,0,8,13,14,14,16,64,64,67,79,84,79,82,69,61,58,2,0,0,0,5,0,2
3,4,3,3,5,50,56,97,95,81,95,96,110,114,84,65,8,1,4,1,3,0,7,1
0,0,0,0,10,45,63,112,136,115,120,116,139,161,113,91,9,2,0,0,0,7,0,0
0,0,8,8,10,73,98,125,134,136,141,164,175,150,115,91,33,12,5,0,3,0,0,3
6,4,5,5,54,77,115,143,151,145,170,200,185,150,131,102,62,9,0,6,0,0,0,0
0,6,6,14,36,55,118,226,158,107,136,181,201,152,127,103,52,4,0,0,5,0,2,6
1,7,10,22,53,79,110,148,109,101,96,124,181,180,113,71,53,24,0,0,2,4,5,5
10,13,13,42,54,70,107,106,77,80,105,110,128,93,80,60,12,4,7,4,7,9,4,0
7,12,14,20,36,46,53,70,92,107,121,117,98,100,74,71,48,17,5,5,10,5,8,2
0,8,9,7,17,65,91,103,89,122,137,134,139,101,104,127,111,40,4,2,9,4,1,4
0,11,0,6,11,63,67,106,106,103,147,138,134,124,132,170,128,91,38,10,10,3,0,5
5,8,10,12,18,54,116,106,76,73,152,132,121,120,121,162,124,103,40,38,20,9,9,3
0,0,6,10,34,53,93,108,88,104,155,140,152,189,75,127,120,90,47,36,11,13,9,13
0,8,11,13,29,47,71,104,80,76,137,160,175,124,100,122,137,115,56,39,6,0,3,4
0,0,6,8,33,82,105,119,113,106,116,132,139,118,105,124,145,129,106,80,12,9,3,3
1,5,5,0,36,93,103,116,114,110,106,106,106,103,108,132,134,129,114,100,21,2,0,11
3,6,9,12,46,102,110,121,123,110,105,100,70,102,115,124,126,134,115,106,33,5,3,2
0,3,0,11,35,100,105,108,112,112,105,60,55,76,109,121,117,125,109,102,67,9,9,7
0,6,2,0,56,100,105,95,109,104,103,65,57,69,100,108,119,131,110,67,55,14,10,9
0,1,1,7,38,102,105,112,111,88,77,52,53,59,79,104,115,116,106,80,54,13,17,3
0,4,8,2,34,59,81,95,101,104,72,50,38,45,47,55,86,84,71,56,50,10,13,4
8,8,6,11,14,53,62,70,77,67,57,38,31,31,41,53,65,77,110,75,21,11,15,13
0,0,0,9,25,58,57,99,114,90,76,13,10,29,53,52,60,90,137,83,32,16,13,7
0,0,0,4,25,53,62,134,133,61,48,7,9,15,15,14,46,53,81,80,51,10,13,10
0,0,6,10,13,46,60,86,60,45,21,13,12,12,8,12,23,28,50,59,51,14,7,2
0,0,7,0,10,21,42,54,48,15,7,11,7,12,7,11,23,34,46,54,61,35,15,8
0,0,0,1,11,35,54,52,35,5,0,0,2,10,10,7,15,14,42,54,62,28,16,12
0,4,6,1,11,12,51,50,27,5,0,1,9,14,7,8,13,19,12,37,29,50,17,7
0,0,0,9,8,9,25,14,12,10,11,10,9,12,9,6,12,13,12,19,15,27,11,0
0,0,0,0,0,6,10,13,10,11,6,0,14,14,4,3,14,12,10,12,8,14,12,6
0,0,0,0,0,8,6,14,12,19,13,14,11,13,13,4,12,18,10,11,11,12,6,6
0,0,0,1,8,9,7,14,12,14,10,7,4,12,8,6,14,13,9,10,8,13,12,0
5,5,0,7,5,13,12,12,4,12,11,14,8,0,12,11,12,8,11,6,10,13,14,8
1,6,5,8,9,12,10,9,11,7,12,9,11,4,10,7,1,8,10,13,13,21,13,4
4,2,8,10,10,9,13,14,13,9,7,2,8,12,6,3,6,8,9,12,13,9,13,8

13,52,77,51,25,30,13,14,5,5,8,22,8,51,43,50,14,11,3,7,8,9,6,0
50,87,134,75,80,100,105,87,108,72,71,116,79,69,79,65,85,105,107,144,112,10,9,0
53,56,58,56,95,101,101,92,105,109,119,145,128,108,68,59,48,79,95,127,104,43,32,11
22,49,44,39,19,32,37,59,51,67,98,116,120,86,57,50,57,42,56,57,58,28,5,9
0,14,34,50,10,53,36,43,60,55,52,60,82,54,43,38,54,65,45,56,27,10,13,8
0,6,13,20,11,52,30,13,52,54,31,60,62,52,40,46,56,65,53,44,10,18,2,8
0,4,14,10,4,52,42,14,15,9,61,57,65,29,49,29,54,53,52,14,2,7,5,0
0,0,6,6,10,16,19,53,45,8,56,51,5,48,63,61,57,58,11,14,0,8,7,6
1,0,4,4,4,0,13,53,62,22,59,57,58,56,53,67,58,6,7,10,0,1,4,4
0,0,9,13,14,14,19,65,65,68,80,84,80,83,69,61,58,2,0,0,0,5,0,2
3,4,2,3,5,50,57,98,94,81,95,96,110,114,84,65,8,1,4,1,3,0,7,1
0,0,0,0,10,47,63,112,134,113,119,115,139,161,113,91,9,2,0,0,0,7,0,0
0,0,8,8,10,73,99,124,132,134,140,161,172,149,115,91,33,12,5,0,3,0,0,3
6,4,5,6,54,77,115,142,149,144,168,198,184,152,132,103,63,9,0,6,0,0,0,0
0,6,6,13,39,56,120,229,153,107,136,179,202,154,128,103,53,4,0,0,5,0,2,6
1,7,11,25,54,81,112,144,109,102,97,125,175,182,115,72,54,24,0,0,2,4,5,5
10,13,13,43,56,71,107,106,78,81,107,112,129,93,80,61,12,4,7,4,7,9,4,0
7,12,14,20,36,47,54,71,94,108,123,119,99,101,74,71,48,16,5,5,10,5,8,2
0,8,9,7,15,64,91,103,90,123,138,135,141,102,103,126,110,37,4,2,9,4,1,5
0,11,0,6,11,63,66,106,107,104,148,139,135,126,133,160,126,90,34,10,10,3,0,5
5,8,10,12,17,53,114,105,76,74,153,133,121,120,121,157,123,103,39,38,20,9,9,3
0,0,5,9,32,53,91,107,87,105,156,141,153,190,75,126,119,90,47,35,11,13,9,13
0,8,10,12,29,46,71,104,80,75,137,160,175,124,100,121,136,115,56,39,6,0,3,4
0,0,5,7,32,80,105,119,113,106,116,131,139,118,105,124,145,129,106,78,12,9,3,3
1,5,5,0,35,93,103,116,114,110,106,106,106,103,108,132,134,129,114,98,21,2,0,11
3,6,9,12,44,103,110,121,123,110,105,100,70,102,115,124,125,134,115,106,32,5,3,2
0,3,0,11,33,100,105,108,112,112,105,60,54,77,109,121,117,125,109,102,68,9,9,7
0,6,2,0,57,100,105,94,110,104,103,64,57,69,100,108,119,131,110,67,55,14,10,9
0,1,1,7,38,102,105,112,111,87,77,53,53,59,79,104,115,116,106,80,54,13,17,3
0,4,8,2,35,59,80,95,101,104,72,50,38,46,47,55,86,84,71,56,49,10,13,4
8,8,6,11,14,53,62,70,77,67,57,38,30,31,41,53,64,76,110,75,20,11,15,13
0,0,0,9,26,58,57,99,114,90,76,13,10,29,53,52,60,90,137,83,32,16,13,7
0,0,0,4,26,53,62,134,133,61,48,7,9,18,16,14,47,53,81,80,51,10,13,10
0,0,6,10,13,46,60,86,60,45,22,13,13,12,8,12,23,28,50,58,51,14,8,2
0,0,7,0,10,22,43,54,49,16,7,11,7,12,7,11,24,34,46,54,61,34,15,8
0,0,0,1,11,34,54,52,36,6,0,0,2,10,10,7,15,14,43,54,62,27,16,12
0,4,6,1,11,12,51,50,27,5,0,1,9,14,7,8,13,21,12,37,29,50,16,7
0,0,0,9,8,9,25,14,12,10,11,10,9,12,9,6,12,13,12,19,15,27,11,0
0,0,0,0,0,6,10,13,10,11,6,0,14,14,5,3,14,12,10,12,8,14,12,6
0,0,0,0,0,9,6,14,12,18,13,14,11,13,13,4,12,18,10,12,11,12,6,6
0,0,0,1,8,9,7,14,12,14,10,7,4,12,8,6,14,13,9,10,8,13,12,0
5,5,0,7,6,13,12,12,5,12,11,14,8,0,12,11,12,8,11,6,10,13,14,8
1,6,5,9,9,11,10,9,12,7,12,9,11,4,10,7,1,8,10,13,13,21,13,4
4,2,8,10,10,9,13,14,13,9,7,2,8,12,6,3,6,8,9,12,13,9,13,8

13,52,78,52,27,35,13,14,5,5,8,21,8,51,43,50,15,11,3,7,8,9,6,0
50,87,135,75,80,100,105,87,108,72,71,116,79,69,80,65,86,105,107,144,113,10,9,0
53,56,58,56,95,101,101,92,105,109,119,145,128,108,68,59,48,79,95,127,104,44,30,11
21,48,44,39,18,32,37,60,51,66,98,116,120,86,57,50,57,42,56,56,58,28,5,9
0,14,33,50,10,53,36,42,60,55,52,60,82,54,43,37,54,64,44,56,27,11,13,8
0,6,13,19,11,52,31,13,52,54,31,61,62,51,39,46,56,65,53,44,10,18,2,8
0,4,14,10,4,52,43,14,15,9,61,57,65,28,47,29,54,53,52,14,3,7,5,1
0,0,6,6,10,15,20,54,45,8,56,51,5,46,62,61,57,58,11,13,0,8,7,6
1,0,4,5,4,0,13,53,62,24,59,57,58,56,53,67,58,6,7,10,0,1,4,4
0,0,9,13,14,14,21,65,65,68,80,85,80,83,69,61,58,2,0,0,0,5,0,2
3,4,2,3,5,51,58,99,94,81,95,96,110,114,83,65,8,1,4,1,3,0,7,1
0,0,0,0,10,47,63,112,133,113,119,114,138,160,112,91,9,2,0,0,0,7,0,0
0,0,8,8,10,74,99,123,131,134,140,160,170,149,115,91,34,12,5,0,3,0,0,3
6,4,5,6,54,77,115,142,149,144,167,197,183,152,132,103,63,9,0,6,0,0,0,0
0,6,6,14,40,56,123,229,148,107,136,177,202,156,129,103,54,4,0,0,5,0,2,6
1,7,11,25,53,82,113,141,110,104,98,125,170,182,117,74,54,25,0,0,2,4,5,5
10,13,13,44,56,73,106,107,79,82,109,114,131,93,80,61,12,4,7,4,7,9,4,0
7,12,14,20,36,47,54,72,95,110,124,121,101,102,74,71,48,16,5,5,10,5,8,2
0,8,9,7,14,64,91,103,91,124,138,136,142,103,104,125,109,36,4,2,9,4,1,5
0,11,0,6,10,61,65,106,107,105,149,140,136,127,133,155,125,89,32,10,10,3,0,5
5,8,10,12,16,53,112,104,77,75,154,134,122,121,121,154,122,102,38,37,19,9,9,3
0,0,5,9,30,52,88,106,87,105,156,141,153,190,74,125,119,89,47,35,11,13,9,13
0,8,10,12,28,46,70,104,79,75,136,159,175,124,100,121,136,115,56,39,6,0,3,4
0,0,5,7,31,81,105,119,113,106,116,131,138,118,105,124,145,129,106,77,12,9,3,3
1,5,5,0,35,92,103,116,114,110,106,106,106,103,108,132,134,129,114,98,20,2,0,11
3,6,9,12,44,102,110,121,123,110,105,100,70,102,115,124,125,134,115,106,32,5,3,2
0,3,0,11,35,100,105,108,112,112,105,60,55,77,109,121,117,125,109,102,68,10,9,7
0,6,2,0,56,100,105,93,109,104,103,65,57,69,100,108,119,131,110,67,55,14,10,9
0,1,1,7,38,102,105,112,111,87,77,52,53,59,78,104,115,116,106,80,54,13,17,3
0,4,8,2,35,59,81,95,101,104,72,50,39,46,47,55,86,84,71,56,50,10,13,4
8,8,6,11,14,53,62,70,77,67,57,38,31,31,41,53,64,76,110,75,20,11,15,13
0,0,0,9,26,58,57,99,114,89,76,13,10,31,53,52,61,90,138,83,33,16,13,7
0,0,0,4,26,53,62,135,133,61,48,7,9,17,16,14,46,53,81,80,51,10,13,10
0,0,6,10,13,46,60,86,60,45,22,13,13,12,8,12,23,28,50,58,51,14,8,2
0,0,7,0,11,22,43,54,49,16,7,11,7,12,7,11,24,35,46,54,61,34,15,8
0,0,0,1,11,34,54,52,36,5,0,0,3,10,10,7,15,15,42,54,62,28,16,12
0,4,6,1,11,12,51,48,27,5,0,1,9,14,7,8,13,20,12,37,30,50,17,7
0,0,0,9,8,9,24,14,12,10,11,10,9,12,9,6,12,13,12,19,15,27,11,0
0,0,0,0,0,6,10,13,10,11,6,0,14,14,5,3,14,12,10,12,8,14,12,6
0,0,0,0,0,8,6,14,12,19,13,14,11,13,13,4,12,18,10,12,11,12,6,6
0,0,0,1,8,9,7,14,12,14,10,7,4,13,8,6,15,13,9,10,8,13,12,0
5,5,0,7,6,13,12,12,5,12,11,14,8,0,12,11,13,8,11,6,10,13,14,8
1,6,5,9,9,11,10,9,12,7,12,9,11,4,10,7,1,8,10,13,13,22,13,4
4,2,8,10,10,9,13,14,13,9,7,2,8,12,6,3,6,8,9,12,13,9,13,8

13,52,78,52,27,34,13,14,5,5,8,22,8,51,43,50,16,11,3,7,8,9,6,0
50,87,134,75,80,100,105,87,108,72,71,116,79,69,79,65,86,105,107,144,113,10,9,0
53,56,58,56,95,101,101,92,105,109,119,145,128,108,68,59,49,79,95,127,104,44,31,11
22,49,44,39,19,32,38,59,51,67,99,116,120,86,57,50,57,42,56,56,58,28,5,9
0,14,34,50,10,53,39,43,60,55,53,60,82,54,41,38,54,64,44,56,27,10,13,8
0,6,13,20,11,52,31,13,52,54,31,61,62,51,40,46,56,65,53,44,10,18,2,8
0,4,14,10,4,52,43,14,15,9,62,58,65,30,49,29,54,53,52,14,3,7,5,1
0,0,6,6,10,15,21,54,46,8,56,51,5,48,63,61,57,58,11,14,0,8,7,6
1,0,4,5,4,0,13,53,62,24,59,57,59,56,53,67,58,6,7,10,0,1,4,4
0,0,8,13,14,14,23,65,65,68,80,85,80,83,69,61,58,2,0,0,0,5,0,2
3,4,3,3,5,51,58,99,95,81,95,97,111,114,83,65,8,1,4,1,3,0,7,1
0,0,0,0,10,48,63,112,134,114,120,115,139,161,112,91,9,2,0,0,0,7,0,0
0,0,8,8,10,73,99,124,132,134,140,161,172,149,115,91,33,12,5,0,3,0,0,3
6,4,5,6,54,76,115,142,149,144,167,199,184,150,131,103,63,9,0,6,0,0,0,0
0,6,7,13,39,56,121,228,150,106,135,179,202,153,128,103,53,4,0,0,5,0,2,6
1,7,11,23,53,80,112,143,109,102,97,125,174,181,115,73,54,24,0,0,2,4,5,5
10,13,13,43,56,72,107,106,78,82,107,112,129,93,80,61,12,4,7,4,7,9,4,0
7,12,14,20,36,47,53,71,94,109,123,119,100,101,74,71,48,16,5,5,10,5,8,2
0,8,9,7,16,64,91,103,90,123,138,135,141,102,104,126,110,38,4,2,9,4,1,5
0,11,0,6,11,63,66,106,107,104,149,139,135,126,133,160,126,91,35,10,10,3,0,5
5,8,10,12,17,53,113,105,76,74,153,133,121,121,121,157,123,103,39,38,20,9,9,3
0,0,6,9,31,53,90,107,87,105,156,141,153,190,75,126,119,90,47,35,11,13,9,13
0,8,10,12,29,46,71,104,80,75,136,160,176,124,100,121,137,115,56,39,6,0,3,4
0,0,5,7,32,82,105,119,113,106,116,131,139,118,105,124,145,129,106,79,12,9,3,3
1,5,5,0,36,93,103,116,114,110,106,105,106,103,108,132,134,129,114,99,22,2,0,11
3,6,9,12,44,103,110,121,123,110,105,100,71,102,115,124,125,134,115,106,32,5,3,2
0,3,0,11,36,100,105,108,112,112,105,60,54,77,109,121,117,125,109,102,68,9,9,7
0,6,2,0,56,100,105,94,109,104,103,64,57,68,99,108,119,131,110,67,55,14,10,9
0,1,1,7,38,102,105,112,111,88,77,52,53,59,78,104,115,116,106,80,54,13,17,3
0,4,8,2,34,59,80,95,101,104,72,50,39,46,47,55,86,84,71,56,49,10,13,4
8,8,6,11,14,53,62,70,77,67,57,38,31,31,42,53,64,77,110,75,20,11,15,13
0,0,0,9,27,58,57,99,114,90,77,13,10,33,53,52,61,90,137,83,32,16,13,7
0,0,0,4,28,53,62,134,133,61,48,7,9,16,16,14,46,53,81,80,51,11,13,10
0,0,6,10,13,46,60,85,60,45,20,13,13,12,8,12,23,29,50,58,51,14,8,2
0,0,8,0,10,22,42,54,48,16,8,11,7,12,7,11,24,34,46,54,61,34,15,8
0,0,0,1,11,36,54,52,35,6,0,0,3,10,10,7,15,15,42,54,62,28,16,12
0,4,6,1,11,12,51,50,28,5,0,1,9,14,7,8,13,20,12,37,29,50,17,7
0,0,0,10,8,9,24,14,12,10,11,10,9,12,9,6,12,13,12,19,15,27,11,0
0,0,0,0,0,6,10,13,10,11,6,0,14,14,5,3,14,12,10,12,8,14,12,6
0,0,0,0,0,9,6,14,12,19,13,14,11,13,13,4,12,18,10,12,11,12,6,6
0,0,0,1,8,9,7,14,12,14,10,7,4,12,8,6,14,13,9,10,8,13,12,0
5,5,0,7,5,13,12,12,5,11,11,14,9,0,12,11,13,8,11,6,10,13,14,8
1,6,5,8,9,11,10,9,12,7,12,9,11,4,10,7,1,8,10,13,13,22,13,4
4,2,8,10,10,9,13,14,13,9,7,2,8,12,6,3,6,9,9,12,13,9,13,8

13,52,77,52,27,33,13,14,5,5,9,23,9,51,44,50,15,11,3,7,8,9,6,0
50,87,135,75,80,100,105,88,108,72,71,116,80,69,80,65,86,105,107,143,112,10,9,0
53,57,58,56,95,101,101,92,105,109,119,146,129,108,68,59,48,79,95,127,104,43,31,11
21,48,44,39,18,33,38,59,51,67,100,116,120,86,57,50,57,42,56,56,58,28,5,9
0,14,33,50,10,53,39,44,60,55,53,60,82,54,44,38,54,64,44,56,27,10,13,8
0,6,13,21,11,52,31,13,52,54,32,61,62,51,39,46,56,65,53,44,10,18,2,8
0,4,14,11,4,52,44,14,19,9,62,57,65,29,50,32,55,54,52,14,3,7,5,0
0,0,6,6,11,16,21,54,48,8,57,51,5,47,63,62,57,58,11,14,0,8,7,6
1,0,4,5,4,0,13,53,62,23,59,57,58,56,53,67,59,6,7,10,0,1,4,4
0,0,8,13,14,14,20,65,65,68,80,84,80,82,69,62,58,2,0,0,0,5,0,2
3,4,3,3,5,51,57,98,95,81,95,97,110,114,84,65,8,1,4,1,3,0,7,1
0,0,0,0,10,46,63,112,136,115,121,117,139,161,113,91,9,2,0,0,0,7,0,0
0,0,8,8,10,73,99,125,134,135,141,163,174,149,115,92,33,12,5,0,3,0,0,3
6,4,5,6,54,76,115,142,151,145,169,199,185,150,131,103,63,9,0,6,0,0,0,0
0,6,6,14,37,55,118,226,156,106,136,180,200,152,127,103,53,4,0,0,5,0,2,6
1,7,10,23,53,79,110,146,109,101,96,124,178,180,114,71,54,24,0,0,2,4,5,5
10,13,13,42,54,71,107,106,77,81,106,110,128,93,80,60,12,4,7,5,7,9,4,0
7,12,14,20,36,47,53,70,92,107,121,118,98,100,74,71,48,16,5,5,10,5,8,2
0,8,9,7,17,64,91,103,89,122,137,134,140,101,104,127,111,40,4,2,9,4,1,4
0,11,0,6,11,63,67,106,107,104,148,138,134,125,132,167,128,91,37,10,10,3,0,5
5,8,10,12,17,54,115,106,76,73,152,132,121,120,121,160,124,103,40,38,20,9,9,3
0,0,6,9,34,53,93,108,88,104,155,140,152,189,75,126,120,90,47,36,11,13,9,13
0,8,11,13,29,47,72,104,80,75,137,161,176,124,100,122,137,115,56,40,6,0,3,4
0,0,6,8,33,81,105,119,113,106,116,132,139,118,105,124,145,129,106,79,12,9,3,3
1,5,5,0,36,92,103,116,114,110,106,106,106,103,108,132,134,129,114,98,21,2,0,11
3,6,9,12,44,102,110,121,123,110,105,100,70,102,115,124,125,134,115,106,32,5,3,2
0,3,0,11,36,100,105,108,112,112,105,60,55,76,109,121,117,125,109,102,69,9,9,7
0,6,2,0,56,100,105,94,110,104,103,66,57,69,99,108,119,131,110,67,55,15,10,9
0,1,1,7,37,102,105,112,111,87,77,52,53,59,78,104,115,116,106,80,54,13,17,3
0,4,8,2,34,59,81,95,101,104,72,50,38,46,47,54,86,84,71,56,49,10,13,4
8,8,6,11,14,53,62,70,77,67,57,38,31,31,42,53,65,77,110,75,20,11,15,13
0,0,0,9,25,58,57,99,114,90,77,13,10,29,53,52,60,90,137,83,32,16,13,7
0,0,0,4,26,53,62,134,132,61,48,7,9,18,17,14,47,53,80,80,51,10,13,10
0,0,6,10,13,46,60,85,60,45,22,13,13,12,8,12,23,29,50,59,51,14,8,2
0,0,8,0,11,22,42,54,48,16,8,11,7,12,7,11,24,34,46,54,61,34,15,8
0,0,1,1,11,35,54,52,36,6,0,0,3,10,10,7,15,15,43,54,62,28,16,12
0,4,6,1,11,12,51,50,27,5,0,1,9,14,7,8,13,20,12,37,29,50,17,7
0,0,0,10,8,9,25,14,12,10,11,10,9,12,9,6,12,13,12,19,15,28,11,0
0,0,0,0,0,7,10,13,10,11,6,0,14,14,5,3,14,12,10,12,8,14,12,6
0,0,0,0,0,9,6,14,12,19,13,14,11,13,13,4,12,18,10,12,11,12,6,6
0,0,0,1,8,9,7,14,12,14,10,7,4,12,8,6,14,13,9,10,8,13,12,0
5,5,0,7,5,13,12,12,5,12,11,14,9,0,12,11,13,8,11,6,10,13,14,8
1,6,5,9,9,12,10,9,11,7,12,9,11,4,10,7,1,8,10,12,13,22,13,4
5,2,8,10,10,9,13,14,13,9,7,2,8,12,6,3,6,9,9,12,13,9,13,8

13,52,76,51,26,33,13,14,5,5,9,22,9,51,44,50,16,11,3,7,8,9,6,0
50,87,134,75,80,100,105,88,108,72,71,116,79,69,79,65,86,105,107,143,112,10,9,0
53,56,58,56,95,101,101,92,105,109,119,146,129,108,67,59,48,79,95,127,104,43,30,11
22,48,44,39,20,32,37,60,51,67,99,116,120,86,57,50,57,42,56,56,58,28,5,9
0,14,34,50,10,53,39,44,60,55,53,60,82,54,43,38,54,64,45,56,27,10,13,8
0,6,13,21,11,52,32,13,52,55,32,61,62,52,39,46,56,65,53,44,10,18,2,8
0,4,14,11,4,52,44,14,19,9,62,58,65,30,49,31,55,54,52,14,2,7,5,0
0,0,6,6,10,15,20,54,49,8,57,52,5,49,63,62,57,58,11,14,0,8,7,6
1,0,4,5,4,0,13,53,62,25,59,57,58,56,53,67,59,6,7,10,0,1,4,4
0,0,8,13,14,14,22,65,65,68,80,84,80,83,69,62,59,2,0,0,0,5,0,2
3,4,3,3,5,51,57,98,95,81,95,97,110,114,84,65,8,1,4,1,3,0,7,1
0,0,0,0,10,46,63,113,136,115,121,117,140,161,113,91,9,2,0,0,0,7,0,0
0,0,8,8,10,73,98,126,134,135,141,164,175,150,115,92,34,12,5,0,3,0,0,3
6,4,5,6,54,76,115,142,150,145,170,199,184,150,131,102,62,8,0,6,0,0,0,0
0,6,6,14,37,55,117,224,159,107,136,180,199,151,127,103,52,4,0,0,5,0,2,6
1,7,10,22,53,78,109,149,109,101,96,124,181,179,112,70,53,24,0,0,2,4,5,5
10,13,13,42,55,70,107,106,77,81,105,109,128,93,80,60,12,4,7,5,7,9,4,0
7,12,14,20,36,46,53,70,92,107,120,116,97,100,73,71,48,17,5,5,10,5,8,2
0,8,9,7,17,64,91,103,89,122,137,133,139,101,103,127,111,39,4,2,9,4,1,4
0,11,0,6,11,63,67,106,106,103,147,138,134,125,132,169,128,92,38,10,10,3,0,5
5,8,10,12,18,54,116,106,76,73,152,132,120,120,121,162,124,103,40,38,20,9,9,3
0,0,6,10,35,53,94,109,87,104,155,140,152,189,75,127,120,90,47,36,11,13,9,13
0,8,11,13,29,47,72,104,80,75,137,161,176,124,100,122,137,115,56,39,6,0,3,4
0,0,6,8,33,82,105,119,113,106,116,132,139,118,105,124,145,129,106,79,12,9,3,3
1,5,5,0,35,93,103,116,114,110,106,106,106,103,108,132,134,129,114,100,21,2,0,11
3,6,9,13,44,103,110,121,123,110,105,100,73,102,115,124,125,134,115,106,33,5,3,1
0,3,0,11,35,100,105,108,112,112,105,61,55,77,109,121,117,125,109,102,68,9,9,7
0,6,2,0,57,100,105,94,110,104,103,65,57,69,100,108,119,131,110,67,55,14,10,9
0,1,1,7,37,102,105,112,111,88,77,53,53,59,78,104,115,116,106,80,54,13,17,3
0,4,8,2,34,59,81,95,101,105,72,50,38,46,47,55,86,84,71,56,49,10,13,4
8,8,6,11,14,53,62,70,77,67,57,38,31,31,42,53,64,77,110,75,20,11,15,13
0,0,0,9,26,57,57,99,114,90,77,13,10,31,53,52,61,90,137,83,32,16,13,7
0,0,0,4,26,53,62,134,133,61,48,7,9,16,16,14,46,54,81,80,51,10,13,10
0,0,6,10,13,46,60,85,60,45,22,13,13,12,8,12,23,29,50,58,51,14,8,2
0,0,8,0,11,22,42,54,48,15,8,11,7,12,7,11,24,34,46,54,61,34,15,8
0,0,1,1,12,37,54,52,37,6,0,0,3,10,10,7,15,14,42,54,62,28,16,12
0,4,6,1,11,12,51,50,28,5,0,1,9,14,7,8,13,20,12,37,29,50,17,7
0,0,0,10,8,9,27,14,12,10,11,10,9,12,9,6,12,13,12,19,15,28,11,0
0,0,0,0,0,7,10,13,10,11,6,0,14,14,5,3,14,12,10,12,8,14,12,6
0,0,0,0,0,9,6,14,12,18,13,14,10,13,13,4,12,18,10,11,11,12,6,6
0,0,0,1,8,9,7,14,12,14,10,7,4,12,8,6,14,13,9,10,8,13,12,0
5,5,0,7,5,13,12,12,5,12,11,14,9,0,12,11,13,8,11,6,10,13,14,8
1,6,5,8,9,11,10,9,11,7,12,9,11,4,10,7,1,8,10,13,13,22,13,4
4,2,8,10,10,9,13,14,13,9,7,2,8,12,6,3,6,9,9,12,13,9,13,8

13,52,76,51,26,33,13,14,5,5,8,23,9,51,44,50,14,11,3,7,8,9,6,0
50,87,134,75,80,100,105,87,108,72,71,117,80,69,79,65,86,105,107,143,112,10,9,0
53,56,58,56,95,101,101,92,105,109,119,146,129,108,68,59,48,79,95,127,104,42,31,11
22,48,44,39,19,32,38,60,52,67,100,116,120,86,57,50,57,42,56,56,57,27,5,9
0,14,35,50,10,53,39,44,60,55,53,60,83,54,44,38,54,65,45,56,27,10,13,8
0,6,13,22,11,52,32,14,52,55,32,61,62,52,39,46,56,65,53,44,10,18,2,8
0,4,15,11,4,52,44,14,20,9,62,58,65,32,49,34,55,54,53,14,3,7,5,0
0,0,6,6,10,17,21,54,48,8,57,52,5,49,63,62,57,58,11,14,0,8,7,6
1,0,4,5,4,0,13,53,62,25,59,57,58,57,53,67,59,6,7,10,0,1,4,4
0,0,9,13,14,14,20,65,65,68,80,84,80,82,69,62,59,2,0,0,0,5,0,2
3,4,3,3,5,50,56,97,95,82,96,97,110,114,84,65,8,1,4,1,3,0,7,1
0,0,0,0,10,45,63,112,137,116,121,117,139,161,112,91,9,2,0,0,0,7,0,0
0,0,8,8,10,73,98,126,135,136,142,165,175,150,115,91,34,12,5,0,3,0,0,3
6,4,5,6,54,76,115,143,151,146,170,200,185,150,131,102,63,8,0,6,0,0,0,0
0,6,6,13,37,55,117,224,160,107,136,181,199,151,127,103,52,4,0,0,5,0,2,6
1,7,11,23,53,78,109,149,109,101,96,124,181,180,113,70,53,24,0,0,2,4,5,5
10,13,13,42,55,70,107,106,77,81,105,109,128,93,80,60,12,4,7,4,7,9,4,0
7,12,14,20,36,46,53,70,92,107,120,117,98,100,74,71,48,17,5,5,10,5,8,2
0,8,9,7,17,64,91,103,89,122,137,133,139,101,104,127,111,40,4,2,9,4,1,4
0,11,0,6,11,64,67,106,106,103,147,138,134,125,132,169,128,92,38,10,10,3,1,5
5,8,10,12,18,54,116,106,75,73,152,132,120,120,121,161,124,103,40,38,21,9,9,3
0,0,6,10,35,53,93,109,87,104,155,140,152,188,75,127,120,90,47,35,11,13,9,13
0,8,11,13,29,47,72,104,80,75,137,161,176,124,100,122,137,115,56,40,6,0,3,4
0,0,6,8,33,81,105,119,113,106,116,132,139,118,105,124,145,129,106,79,12,9,3,3
1,5,5,0,36,92,103,116,114,110,106,105,106,103,108,132,134,129,114,98,21,2,0,11
3,6,9,12,44,103,110,121,123,110,105,100,70,102,115,124,125,134,115,106,32,5,3,2
0,3,0,11,35,100,105,108,112,112,105,60,55,76,108,121,117,125,109,102,68,9,9,7
0,6,2,0,56,100,105,94,110,104,103,65,57,69,100,108,119,131,110,67,55,14,10,9
0,1,1,7,37,102,105,112,111,87,77,52,53,59,78,104,115,116,106,80,54,13,17,3
0,4,8,2,34,59,80,95,101,105,72,50,38,46,47,55,86,84,71,56,49,10,13,4
8,8,6,11,14,53,62,70,77,67,57,38,31,31,41,53,64,76,110,75,20,11,15,13
0,0,0,9,26,57,57,99,114,90,77,13,10,30,54,52,61,90,137,83,32,16,13,7
0,0,0,4,26,53,62,134,133,61,48,7,9,17,17,14,47,54,81,80,51,10,13,10
0,0,6,10,13,46,60,85,60,45,22,13,13,12,8,12,23,28,50,58,51,14,8,2
0,0,7,0,10,22,42,54,49,15,8,11,7,12,7,11,24,34,46,54,61,34,15,8
0,0,1,1,11,35,54,52,37,6,0,0,3,10,10,7,15,15,42,54,62,28,16,12
0,4,6,1,11,12,51,50,28,5,0,1,9,14,7,8,13,21,12,37,29,50,17,7
0,0,0,10,8,9,24,14,12,10,11,10,9,12,9,6,12,13,12,19,15,29,11,0
0,0,0,0,0,6,10,13,10,11,6,0,14,14,5,3,14,12,10,12,8,14,12,5
0,0,0,0,0,9,6,14,12,19,13,14,11,13,13,5,12,18,10,12,11,12,6,6
0,0,0,1,8,9,7,14,12,14,10,7,4,12,8,6,14,13,9,10,8,13,12,0
5,5,0,7,5,13,12,12,5,12,11,14,9,0,12,12,12,8,11,6,10,13,14,8
1,6,5,9,9,12,10,9,12,7,12,9,11,4,10,7,1,8,10,13,13,22,13,4
4,2,8,10,10,9,13,14,13,9,7,2,8,12,6,3,6,9,9,12,13,9,13,8

13,52,77,52,27,33,13,14,5,5,9,23,9,51,44,50,14,11,3,7,8,9,6,0
50,87,134,75,80,100,105,88,108,72,72,117,80,69,80,65,86,105,107,143,112,10,9,0
53,57,58,56,95,101,101,93,105,109,120,146,129,109,68,59,49,79,95,127,104,44,32,11
22,49,44,38,20,32,37,59,52,67,100,116,120,86,57,50,57,42,56,56,57,30,5,9
0,14,35,50,10,53,39,44,60,56,53,60,83,54,44,39,54,64,44,56,27,10,13,8
0,6,13,21,11,52,32,14,52,55,32,61,62,52,40,46,56,65,53,44,10,19,2,8
0,4,15,11,4,52,44,14,19,9,62,58,65,30,50,33,54,54,52,14,3,7,5,0
0,0,7,6,11,15,21,54,49,8,57,52,5,49,63,62,57,58,11,14,0,8,7,6
1,0,4,5,4,0,13,53,62,26,59,57,58,57,53,67,59,6,7,10,0,1,4,4
0,0,9,13,14,14,22,65,65,68,80,85,80,83,69,62,58,2,0,0,0,5,0,2
3,4,3,3,5,51,57,98,95,81,95,96,110,114,83,65,8,1,4,1,3,0,7,1
0,0,0,0,10,47,63,112,135,115,120,116,139,160,113,91,9,2,0,0,0,7,0,0
0,0,8,8,10,73,98,125,133,134,140,162,173,149,115,91,35,12,5,0,3,0,0,3
6,4,5,6,54,77,115,142,149,145,168,198,184,151,131,103,63,9,0,6,0,0,0,0
0,6,6,13,40,56,119,226,156,107,136,179,200,153,128,103,53,4,0,0,5,0,2,6
1,7,11,23,53,80,111,146,110,102,97,125,176,182,115,72,54,24,0,0,2,4,5,5
10,13,13,44,56,72,107,106,78,82,107,112,129,93,80,61,12,4,7,5,7,9,4,0
7,12,14,20,36,47,54,71,94,108,122,119,99,101,74,71,48,16,5,5,10,5,8,2
0,8,9,7,16,65,91,103,90,123,137,134,141,102,103,126,110,38,4,2,9,4,1,4
0,11,0,6,11,63,66,106,107,104,148,139,135,126,133,161,127,91,35,10,10,3,1,5
5,8,10,12,17,53,114,105,76,74,153,133,121,120,121,157,123,103,39,38,20,9,9,3
0,0,6,9,33,53,91,107,87,105,156,141,153,190,75,126,119,90,47,35,11,13,9,13
0,8,11,12,29,46,71,104,80,75,137,161,176,124,100,121,136,115,56,39,6,0,3,4
0,0,6,8,32,81,105,119,113,106,116,132,139,118,105,124,145,129,106,79,12,9,3,3
1,5,6,0,36,93,103,116,114,110,106,105,106,103,108,132,134,129,114,98,21,2,0,11
3,6,9,12,43,103,109,121,123,110,105,100,71,102,115,124,125,134,115,106,32,5,3,2
0,3,0,11,35,100,105,108,112,112,105,60,55,76,109,121,117,125,109,102,68,9,9,7
0,6,2,0,56,100,105,94,109,104,103,65,57,69,100,108,119,131,110,67,55,14,10,9
0,1,1,7,38,102,105,112,111,88,77,53,53,59,78,104,115,116,106,80,54,13,17,3
0,4,8,2,35,59,81,95,101,104,72,50,39,45,47,55,85,84,71,56,49,10,13,4
8,8,6,11,14,53,62,70,77,67,57,38,31,31,42,53,64,77,110,75,20,11,15,13
0,0,0,9,26,58,57,99,114,90,77,13,10,31,53,52,61,90,138,83,32,16,13,7
0,0,0,4,27,53,62,135,133,61,48,8,9,18,16,14,46,54,81,80,51,11,13,10
0,0,6,10,13,46,60,85,60,45,22,13,13,12,8,12,23,28,50,58,51,14,8,2
0,0,7,0,11,21,43,54,50,16,8,11,7,12,7,11,25,34,46,54,61,34,15,8
0,0,1,1,11,36,54,52,36,6,0,0,3,10,10,7,16,15,42,54,62,28,16,12
0,4,6,1,11,12,51,50,29,5,0,1,9,14,7,8,13,22,12,37,30,50,17,7
0,0,0,10,8,9,24,14,12,10,11,10,9,12,9,6,12,13,12,19,15,28,11,0
0,0,0,0,0,7,10,13,10,11,6,0,14,14,5,3,14,12,10,12,8,14,12,6
0,0,0,0,0,9,6,14,12,19,13,14,11,13,13,5,12,18,10,12,11,12,6,6
0,0,0,1,8,9,7,14,12,14,10,7,4,12,8,6,14,13,9,10,8,13,12,0
5,5,0,7,6,13,12,12,5,12,11,14,9,0,12,11,12,8,11,6,10,13,14,8
1,6,5,9,9,11,10,9,12,7,12,9,11,4,10,7,1,8,10,12,13,21,13,4
4,2,8,10,10,9,13,14,13,9,7,2,8,12,6,3,6,9,9,12,13,9,13,8

13,52,78,52,29,35,13,14,5,5,8,22,9,51,44,51,16,11,3,7,8,9,6,0
50,87,134,75,80,100,105,88,108,72,72,117,80,69,79,65,86,105,107,144,113,10,9,0
53,56,58,56,95,101,101,93,105,109,120,147,129,109,68,59,48,79,95,127,104,44,31,11
22,49,44,39,19,32,38,60,52,67,100,116,120,86,57,50,57,42,56,56,58,28,5,9
0,15,35,50,10,53,40,44,60,55,53,60,82,54,43,39,54,64,45,56,27,10,13,8
0,7,13,22,11,52,33,14,52,55,32,61,63,52,40,46,56,65,53,45,10,18,2,8
0,4,14,11,4,52,44,14,19,9,62,58,65,29,49,31,54,53,52,14,3,7,5,1
0,0,6,6,10,16,21,54,49,8,57,52,5,49,62,61,57,58,11,14,0,8,7,6
1,0,4,5,5,0,13,53,62,27,59,57,59,57,53,67,58,6,7,10,0,1,4,4
0,0,9,13,14,14,25,66,65,68,81,85,80,83,69,61,58,2,0,0,0,5,0,2
3,4,3,3,5,51,58,99,95,82,95,96,110,114,83,65,8,1,4,1,3,0,7,1
0,0,0,0,10,49,63,112,135,115,120,115,138,160,112,91,9,2,0,0,0,7,0,0
0,0,8,8,10,74,99,124,132,134,140,160,171,149,115,92,35,12,5,0,3,0,0,3
6,4,6,6,54,77,115,142,149,144,167,197,183,152,132,103,64,9,0,6,0,0,0,0
0,6,6,14,41,56,122,227,149,107,136,177,201,157,129,104,54,4,0,0,5,0,2,6
1,8,11,25,54,82,113,141,110,103,98,125,169,182,117,75,54,26,0,0,2,4,5,5
10,13,13,44,56,73,107,107,79,82,108,114,130,93,80,61,12,4,7,4,7,9,4,0
7,12,14,20,36,47,54,71,95,109,124,120,100,102,74,71,48,16,5,5,10,5,8,2
0,9,9,7,15,64,91,103,91,124,138,136,142,103,104,125,109,37,4,2,9,4,1,5
0,11,0,6,10,62,66,106,107,104,149,140,136,127,133,156,125,90,33,10,10,3,1,5
5,8,10,12,17,53,112,104,76,74,153,133,122,121,121,154,122,103,39,37,19,9,9,3
0,0,6,9,31,53,89,106,87,105,156,141,153,190,74,125,119,89,47,35,11,13,9,13
0,8,10,12,29,46,70,104,79,75,136,160,176,124,100,121,136,115,56,39,6,0,3,4
0,0,5,7,32,81,105,119,113,106,116,131,139,118,105,124,145,129,106,78,12,9,3,3
1,5,6,0,36,92,103,116,114,110,106,106,106,103,108,132,134,129,114,99,20,2,0,11
3,6,9,12,44,102,110,121,123,110,105,100,71,102,115,124,125,134,115,106,32,5,3,2
0,3,0,11,36,100,105,108,112,112,105,60,54,76,109,121,117,125,109,102,68,9,9,7
0,6,2,0,56,100,105,94,109,104,103,64,57,69,100,108,119,131,110,67,54,14,10,9
0,1,1,7,38,102,105,112,111,88,77,53,53,59,78,104,115,116,106,80,54,13,17,3
0,4,8,2,35,59,81,95,101,105,72,50,39,46,47,55,86,84,71,56,49,10,13,4
8,8,6,11,14,53,62,70,77,67,57,38,31,31,41,53,65,76,110,75,20,11,15,13
0,0,0,9,26,58,57,99,114,89,77,13,10,31,53,52,61,90,138,83,32,16,13,7
0,0,0,4,27,53,62,135,133,61,48,8,9,17,16,14,46,54,81,80,51,11,13,10
0,0,6,10,13,46,60,86,60,45,23,13,13,12,8,12,23,28,50,58,51,14,8,2
0,0,7,0,10,21,44,54,49,16,8,11,7,12,7,11,24,34,47,54,61,34,15,8
0,0,1,1,11,35,54,52,36,6,0,1,3,10,10,7,15,15,42,54,62,28,16,12
0,4,6,1,11,12,51,50,28,5,0,1,9,14,7,8,13,20,12,38,30,50,17,7
0,0,0,10,8,9,25,14,12,10,11,10,9,12,9,6,12,13,12,19,15,28,11,0
0,0,0,0,0,7,10,13,10,11,6,0,14,14,5,4,14,12,10,12,8,14,12,6
0,0,0,0,0,9,6,14,12,19,13,14,11,13,13,5,13,18,10,12,11,12,6,6
0,0,0,1,8,9,7,14,12,14,10,7,4,12,8,6,15,13,9,10,8,13,12,0
5,5,0,7,6,13,12,12,5,12,11,14,9,0,12,12,13,8,11,6,10,13,14,8
1,6,5,9,9,12,10,9,12,7,12,9,11,4,10,8,1,8,10,13,13,22,13,4
4,2,8,10,10,9,13,14,13,9,7,2,8,12,6,3,6,8,9,12,13,9,13,8

13,52,78,52,29,37,14,15,5,5,8,23,9,52,44,50,17,11,4,7,8,10,6,0
50,87,134,75,80,100,105,88,108,72,72,117,80,69,80,65,87,105,107,144,113,10,9,0
53,57,58,56,95,101,101,92,105,109,120,147,130,109,68,59,49,79,95,126,104,43,32,11
23,49,44,39,20,32,38,60,52,67,100,116,120,86,57,50,57,42,56,56,57,28,5,9
0,15,35,50,10,53,40,44,60,55,53,60,83,54,44,40,54,64,44,56,27,11,13,8
0,7,13,21,11,52,32,14,52,54,33,61,63,52,40,46,56,65,53,44,10,18,2,8
0,4,15,11,4,52,44,14,19,9,62,58,65,32,50,33,54,54,52,14,3,7,5,1
0,0,6,6,10,15,21,54,49,8,57,52,5,48,62,62,57,58,10,14,0,8,7,6
1,0,5,5,5,0,13,53,62,27,59,57,59,57,54,67,58,6,7,10,0,1,4,4
0,0,9,13,14,14,27,66,65,68,81,85,80,83,69,62,58,2,0,0,0,5,0,2
3,4,3,3,5,51,58,99,95,81,95,97,110,114,84,65,8,1,4,1,3,0,7,1
0,0,0,0,10,49,63,112,134,114,119,115,139,161,113,91,10,2,0,0,0,7,0,0
0,0,8,8,10,74,100,124,132,132,139,160,171,150,116,92,35,12,5,0,3,0,0,3
6,4,6,6,55,78,115,142,149,144,166,197,184,153,132,103,63,9,0,6,0,0,0,0
0,6,6,14,40,56,123,227,148,106,135,176,201,157,129,104,54,4,0,0,5,0,2,6
1,7,11,25,54,83,113,141,110,103,97,124,168,182,117,75,54,26,0,0,2,4,5,5
10,13,13,43,56,74,106,107,79,82,108,113,130,93,80,61,12,4,7,4,7,9,4,0
7,12,14,20,36,47,54,72,95,109,124,121,100,102,74,71,48,16,5,5,10,5,8,2
0,9,9,7,16,65,91,103,91,124,138,135,142,103,104,125,109,37,4,2,9,4,1,5
0,11,0,6,10,62,66,106,107,105,149,140,136,127,133,156,125,90,33,10,10,3,1,5
5,8,10,12,17,53,112,104,77,74,154,134,122,121,121,154,122,103,39,37,19,9,9,3
0,0,5,9,31,53,89,106,87,105,156,141,153,190,74,125,119,89,47,35,11,13,9,13
0,8,10,12,28,47,71,104,80,75,137,160,176,124,100,121,136,115,56,39,6,0,2,4
0,0,5,7,32,81,105,119,113,106,116,131,139,118,105,124,145,129,106,79,12,9,3,3
1,5,6,0,36,92,103,116,114,110,106,106,106,103,108,132,134,129,114,98,21,2,0,11
3,6,9,12,44,102,110,121,123,110,105,100,70,102,115,124,125,134,115,106,32,5,3,2
0,3,0,11,35,100,105,108,112,112,105,61,55,77,109,121,117,125,109,102,67,9,9,7
0,6,2,0,56,100,105,94,110,105,103,64,57,70,99,108,119,131,110,67,55,14,10,9
0,1,1,7,37,102,105,112,111,88,77,52,53,59,78,104,115,116,106,80,54,13,17,3
0,4,8,2,34,59,80,95,101,105,72,50,38,46,47,55,86,84,71,56,49,10,13,4
8,8,6,11,14,53,62,70,77,67,57,39,31,31,41,53,64,76,110,75,21,11,15,13
0,0,0,9,26,57,57,99,114,90,77,13,10,30,53,52,61,90,138,83,32,16,13,7
0,0,0,4,26,53,62,134,133,61,49,8,9,18,17,14,46,54,81,80,51,11,13,10
0,0,6,10,13,46,60,85,60,45,22,13,13,12,8,12,23,28,50,58,51,14,8,2
0,0,7,0,11,22,43,54,50,17,8,11,7,12,7,11,24,34,47,54,61,34,15,8
0,0,1,1,11,36,54,52,37,6,0,0,3,10,10,7,15,15,42,54,62,28,16,12
0,4,6,1,11,12,51,50,29,5,0,1,10,14,7,8,13,20,12,37,29,50,17,7
0,0,0,10,8,9,25,14,12,10,11,10,9,12,9,6,12,13,12,19,15,29,11,0
0,0,0,0,0,7,10,13,10,11,6,0,14,14,5,4,14,12,10,12,8,14,12,6
0,0,0,0,0,9,6,14,12,19,13,14,11,13,13,5,12,18,10,12,11,12,6,6
0,0,0,1,8,9,7,14,12,14,10,7,4,12,8,6,14,13,9,10,8,13,12,0
5,5,0,7,6,13,12,12,5,12,11,14,9,0,12,12,13,8,11,6,10,13,14,8
2,6,5,9,9,12,10,9,12,7,12,9,11,4,10,7,1,8,10,13,13,22,13,4
4,2,8,10,10,9,13,14,13,9,7,2,8,12,6,3,6,9,9,12,13,9,13,8
0,5,9,8,9,3,11,13,43,35,13,0,10,3,0,2,9,4,13,13,50,75,50,12
0,8,9,111,158,107,104,77,58,71,61,65,87,40,59,101,71,100,98,78,76,137,83,50
11,31,50,102,133,96,76,43,56,62,104,111,115,91,90,98,80,95,100,91,56,58,56,53
9,6,31,59,58,56,43,56,22,56,80,108,105,72,52,21,58,26,24,14,38,43,47,19
8,13,11,30,58,46,66,54,23,13,51,73,50,13,39,57,23,18,52,8,47,26,12,0
8,2,19,10,45,54,66,57,46,37,40,54,54,11,47,47,11,17,52,9,14,12,4,0
1,5,7,3,14,52,52,55,13,51,12,59,53,57,7,12,12,29,53,1,9,14,0,0
6,7,8,0,14,11,56,57,61,63,28,2,31,52,3,14,53,22,15,9,4,3,0,0
4,4,1,0,10,7,6,57,68,53,55,59,57,60,13,63,54,13,0,4,4,3,0,1
2,0,5,0,0,0,2,59,61,71,89,85,88,80,68,64,62,14,14,15,13,8,0,0
2,7,0,4,2,5,1,8,66,87,125,122,105,94,79,95,99,57,50,5,4,3,4,2
0,0,6,0,0,0,4,10,94,118,180,147,116,116,109,129,116,66,51,11,0,0,0,0
4,0,0,2,0,5,13,40,99,120,163,176,164,142,133,133,128,102,76,10,9,8,0,0
0,0,0,0,9,0,11,64,104,137,171,197,205,163,142,157,151,120,80,55,7,7,5,7
5,2,0,3,0,0,7,56,104,133,174,218,171,131,103,136,239,136,57,43,14,7,7,0
5,5,4,0,0,2,25,55,75,121,181,158,122,96,102,108,130,113,89,55,31,11,7,1
0,4,9,7,4,7,4,12,61,79,91,129,112,107,82,78,106,105,72,56,44,13,13,10
3,8,5,10,6,6,14,48,71,74,101,100,120,123,109,94,71,53,47,36,20,14,12,7
5,2,5,11,4,6,25,107,123,102,103,142,136,138,124,91,102,91,64,14,6,9,9,0
4,0,4,10,9,14,83,122,149,132,126,136,140,148,104,107,106,65,61,9,6,0,11,0
4,8,8,17,37,36,101,121,151,120,121,122,133,154,74,76,102,111,53,14,11,10,8,4
13,9,13,11,34,45,88,119,124,74,188,153,141,156,105,86,105,90,53,28,7,5,0,0
5,3,0,6,36,55,115,136,121,100,123,176,159,137,75,79,104,70,46,27,9,9,7,0
3,3,9,12,73,106,129,145,124,105,118,139,132,116,106,112,119,105,81,32,6,3,0,0
11,0,2,19,98,114,129,134,132,108,103,106,106,106,110,114,116,103,92,35,0,6,5,1
2,3,5,30,106,115,134,126,124,115,102,69,100,105,110,123,121,110,102,44,12,9,6,3
7,9,9,66,102,109,125,117,121,109,76,53,59,104,112,112,108,105,100,33,11,0,3,0
9,10,14,54,67,110,131,119,108,99,69,56,61,103,104,109,94,105,100,56,0,2,5,0
4,17,13,54,80,106,116,115,104,78,58,53,52,75,86,111,112,105,102,38,7,1,1,0
4,13,10,48,56,71,83,86,55,47,46,38,50,70,104,101,94,81,59,35,2,8,4,0
13,14,11,20,74,110,76,65,53,41,30,30,37,56,67,76,70,62,52,14,12,6,8,8
7,12,15,32,81,135,89,60,52,52,28,10,12,74,89,111,95,56,57,24,9,0,0,0
10,13,10,51,79,81,53,45,12,17,15,5,4,46,61,131,134,62,52,25,5,0,0,0
2,7,14,51,58,50,28,23,12,8,11,12,12,18,45,60,87,60,47,13,10,6,0,0
8,14,33,61,54,46,33,23,11,7,12,5,10,5,14,46,54,42,21,10,0,9,0,0
12,15,27,62,54,42,14,14,7,10,9,1,0,0,4,32,52,53,33,11,0,0,0,0
7,16,50,29,36,11,18,13,7,7,13,9,1,0,3,21,41,51,12,10,0,6,1,0
0,11,26,14,19,12,13,12,6,8,12,9,10,11,9,12,14,19,8,7,9,0,0,0
6,11,14,8,11,10,12,14,3,4,14,13,0,5,10,9,12,9,6,0,0,0,0,0
6,6,12,11,12,10,18,12,4,13,13,10,13,13,17,11,13,5,8,0,0,0,0,0
0,11,13,8,10,9,13,14,6,8,12,4,6,10,14,11,14,7,9,8,0,0,0,0
7,14,13,10,6,11,8,13,11,12,0,8,14,11,11,4,12,12,13,6,7,0,4,5
4,13,21,13,12,10,8,1,7,9,3,10,9,12,6,11,8,10,12,9,9,5,6,1
8,13,9,12,12,9,8,5,2,6,12,8,1,7,9,13,14,13,9,10,10,8,2,4

0,6,9,8,9,4,11,13,43,36,13,0,10,3,0,2,9,5,13,14,50,75,50,12
0,8,9,111,158,107,104,77,58,71,61,65,88,44,59,101,71,100,98,78,76,138,84,50
11,35,50,102,133,97,76,43,56,62,104,112,115,91,90,98,80,96,100,91,56,58,56,53
9,6,31,59,58,56,43,56,22,57,80,108,105,73,52,21,59,26,25,15,37,43,47,19
8,13,11,30,57,46,65,54,24,13,51,73,51,13,40,57,25,21,52,8,47,28,13,0
8,2,19,10,45,54,66,57,46,36,40,55,54,12,47,47,11,18,52,10,14,12,4,0
1,5,7,3,14,53,52,55,13,51,13,60,53,58,7,12,12,32,53,1,10,14,1,0
6,7,8,0,13,11,56,57,61,63,31,2,34,52,3,17,53,22,17,9,4,4,0,0
4,4,1,0,10,7,6,57,68,53,55,59,57,60,13,63,54,13,0,4,4,4,0,1
2,0,5,0,0,0,2,59,61,71,89,85,88,80,68,64,63,15,14,15,13,8,0,0
2,7,0,4,2,5,1,8,65,87,125,121,105,94,80,95,100,58,50,6,4,3,4,2
0,0,6,0,0,0,4,10,94,118,179,147,116,116,110,130,116,66,51,11,0,0,0,0
4,0,0,2,0,5,13,40,99,120,163,176,165,143,134,134,128,102,76,10,9,8,0,0
0,0,0,0,8,0,10,64,104,136,171,197,206,164,142,158,151,120,80,55,7,7,5,7
5,2,0,3,0,0,7,56,105,133,173,218,171,131,103,136,239,136,57,43,14,7,7,0
5,5,4,0,0,1,25,55,75,121,181,158,122,96,102,108,130,113,89,55,31,11,7,1
0,4,9,7,4,7,4,12,61,79,91,130,112,107,82,78,106,105,72,56,43,13,13,10
2,8,5,10,6,6,14,48,70,74,102,100,120,123,109,94,71,53,47,36,20,14,12,7
5,2,5,10,4,7,25,107,123,102,102,142,135,138,124,90,102,91,64,14,6,9,9,0
4,0,4,10,9,15,83,122,149,132,126,136,140,148,104,107,106,65,61,9,6,0,12,0
4,8,8,17,37,36,102,121,151,120,121,122,133,153,74,76,102,111,53,14,11,10,8,4
13,9,13,11,34,45,88,119,124,74,188,152,141,156,105,85,105,90,53,28,7,5,0,0
4,3,0,6,36,55,115,136,121,100,123,175,159,136,75,79,103,70,46,27,9,9,7,0
3,3,9,12,75,106,129,145,124,105,118,139,131,116,106,112,119,105,81,31,6,3,0,0
11,0,2,19,97,114,129,134,132,108,103,106,106,106,110,114,116,103,93,35,0,6,5,1
2,3,5,30,106,115,134,126,124,115,102,71,100,105,110,123,121,110,103,43,12,9,6,3
7,9,9,67,102,109,125,117,121,109,77,52,59,104,112,112,108,105,100,33,11,0,3,0
9,10,14,54,67,110,131,119,108,99,68,57,62,103,104,109,94,105,101,56,0,2,5,0
4,17,13,54,80,106,115,115,104,78,59,52,52,76,87,111,112,105,102,37,7,1,1,0
4,13,10,49,56,71,83,86,55,47,45,38,50,70,104,101,94,81,59,35,2,8,4,0
12,14,11,20,74,110,77,64,53,41,30,30,37,56,67,76,70,62,53,14,12,6,8,8
7,12,15,32,81,136,89,60,52,53,29,10,12,74,89,111,95,56,56,24,9,0,0,0
10,13,10,51,80,81,53,46,12,19,14,6,4,45,61,131,134,62,52,27,4,0,0,0
2,7,14,51,58,50,28,23,12,8,11,12,12,17,45,60,87,60,47,13,10,6,0,0
8,14,33,61,54,46,34,24,11,7,12,5,10,5,14,47,54,42,21,10,0,7,0,0
12,15,27,62,54,41,14,14,7,10,9,1,0,0,4,32,52,53,32,11,0,0,0,0
7,16,50,29,36,12,19,13,8,7,13,9,1,0,3,22,42,51,12,10,0,6,1,0
0,11,26,14,19,12,13,12,6,9,12,9,10,11,9,12,14,20,8,7,9,0,0,0
6,11,14,8,12,10,12,14,3,4,14,14,0,6,10,9,12,9,6,0,0,0,0,0
6,6,12,11,12,10,18,12,4,13,13,10,13,13,18,11,13,5,8,0,0,0,0,0
0,12,12,8,10,9,13,14,6,8,12,4,7,10,14,12,14,7,9,8,0,0,0,0
7,14,13,10,6,11,8,12,11,12,0,8,14,11,11,4,12,12,13,6,7,0,4,5
4,13,21,13,12,10,8,1,7,9,3,10,9,12,6,11,8,10,12,9,9,4,6,1
8,13,9,12,12,9,8,5,2,6,12,8,1,7,9,13,14,13,9,10,10,8,2,4

0,6,10,8,9,4,11,13,43,36,14,1,11,4,0,2,9,5,13,14,50,75,50,13
0,8,9,111,159,107,104,78,58,72,61,65,89,50,59,101,72,101,98,78,76,138,84,50
11,33,50,102,133,97,76,43,56,62,104,112,116,94,91,98,82,96,100,92,56,58,56,53
10,6,31,59,58,56,43,56,24,56,81,109,106,74,54,23,60,27,26,15,37,44,46,20
8,13,11,30,57,46,66,54,25,13,52,74,51,13,41,57,26,22,52,8,48,29,13,0
8,2,20,10,45,54,66,57,46,37,41,55,55,12,48,47,11,19,52,10,14,12,4,0
1,5,7,3,14,53,52,55,13,50,13,60,53,58,7,12,12,32,53,1,10,14,1,0
6,7,8,0,14,11,57,57,61,63,32,2,36,53,4,19,53,22,16,9,4,4,0,0
4,4,1,0,10,7,6,57,68,53,55,59,58,60,13,63,54,13,0,4,4,4,0,1
2,0,5,0,0,0,2,59,61,71,88,85,88,80,68,64,63,14,14,15,13,8,0,0
2,7,0,4,2,5,1,8,65,87,124,120,104,94,79,95,99,57,50,5,4,3,4,3
0,0,6,0,0,0,3,10,94,117,178,146,115,116,109,129,115,65,51,11,0,0,0,0
4,0,0,2,0,5,13,40,99,120,162,176,163,141,132,132,127,102,76,10,9,8,0,0
0,0,0,0,8,0,11,64,104,136,170,196,204,162,142,156,150,120,80,55,7,7,5,7
5,2,0,2,0,0,7,57,104,134,174,218,171,130,103,137,240,135,57,45,14,7,7,0
5,5,4,0,0,1,26,55,75,121,182,158,121,96,102,108,132,114,89,55,31,11,7,1
0,4,9,6,4,7,4,12,61,80,91,129,111,106,81,78,106,106,72,57,44,13,13,10
2,8,5,10,6,6,14,48,71,74,102,99,119,122,109,93,70,53,47,36,20,14,12,7
5,2,5,10,4,6,26,107,124,102,102,141,135,138,123,90,102,91,64,14,6,9,9,0
4,0,3,10,9,18,84,123,151,132,126,135,139,148,104,107,106,66,62,10,6,0,11,0
4,8,9,17,37,36,102,121,152,120,121,122,133,153,74,76,103,112,53,15,11,10,8,4
13,9,13,11,34,45,89,119,125,74,189,152,141,156,105,86,106,91,54,30,8,5,0,0
4,3,0,5,36,55,115,136,121,100,123,176,159,136,75,79,104,71,47,28,10,9,7,0
3,3,9,12,75,106,129,145,124,105,118,139,132,116,106,112,119,105,81,31,6,3,0,0
11,0,2,19,97,114,129,134,132,108,103,106,106,106,110,114,116,103,93,35,0,5,5,1
1,3,5,31,106,115,134,126,124,115,102,70,100,105,110,123,121,110,103,43,12,9,6,3
7,9,9,66,102,109,125,117,121,109,77,52,59,104,112,112,108,105,100,32,11,0,2,0
9,10,14,54,67,110,131,119,108,100,68,57,63,103,104,109,94,105,100,56,0,2,5,0
4,17,13,54,80,106,115,115,104,78,59,52,52,76,87,111,112,105,102,37,7,1,1,0
4,13,10,49,56,71,83,86,55,47,45,38,50,71,104,101,95,81,59,34,2,8,4,0
13,14,11,20,74,110,77,64,53,41,30,30,37,56,67,76,70,62,53,14,11,6,8,8
7,12,15,32,81,136,90,60,52,53,28,10,12,74,89,111,96,56,57,24,9,0,0,0
10,13,10,51,79,80,53,46,12,19,15,6,4,45,61,131,134,62,52,26,4,0,0,0
2,7,14,51,58,50,28,23,12,8,11,12,12,18,45,60,86,60,47,13,10,6,0,0
8,15,33,61,54,46,34,23,11,7,12,5,10,6,14,47,54,42,21,10,0,8,0,0
12,15,27,62,54,42,14,14,7,10,9,2,0,0,4,32,52,53,33,11,0,0,0,0
7,16,50,29,37,12,19,13,8,7,13,9,1,0,4,22,44,51,12,10,0,6,2,0
0,11,26,14,19,12,13,12,6,9,12,9,10,11,9,12,14,20,8,7,9,0,0,0
6,11,14,8,12,10,12,14,3,4,14,14,0,6,10,9,12,9,6,0,0,0,0,0
6,6,12,11,11,10,18,12,4,13,13,10,13,13,17,12,13,5,8,0,0,0,0,0
0,12,13,8,10,9,13,14,6,8,12,4,7,10,14,12,14,7,9,8,0,0,0,0
7,14,13,10,6,11,8,12,11,12,0,8,14,11,11,4,12,12,13,6,7,0,4,5
4,13,21,13,12,10,8,1,7,9,3,10,9,12,6,12,8,10,12,9,9,4,6,1
8,13,9,12,12,9,8,5,2,6,12,8,1,7,9,13,14,13,9,10,10,8,2,4

0,6,10,8,9,3,11,13,44,36,14,1,11,5,0,2,10,6,13,14,50,75,50,13
0,8,9,111,157,107,104,78,59,73,62,66,92,51,60,102,73,101,99,79,77,138,84,50
11,35,50,102,132,97,76,43,57,63,104,113,118,97,94,100,83,98,100,92,56,58,56,53
9,6,30,59,58,56,43,56,26,56,81,110,107,76,55,26,62,29,26,15,38,43,47,20
8,13,11,30,57,46,65,54,26,14,52,75,52,14,44,57,28,23,52,9,48,30,13,0
8,2,19,10,45,54,66,56,46,37,42,55,55,12,49,48,11,20,52,10,14,12,4,0
1,5,7,3,14,53,52,55,13,50,13,60,53,58,7,13,13,33,53,2,10,14,1,0
6,7,8,0,14,11,57,57,61,63,32,2,36,52,4,20,53,22,15,9,4,4,0,0
4,4,1,0,10,7,6,57,68,53,55,58,56,59,13,63,54,13,0,4,4,4,0,1
2,0,5,0,0,0,2,59,61,71,86,83,86,79,68,63,62,14,14,14,13,8,0,0
2,7,0,4,2,5,1,8,65,87,122,118,103,94,79,94,99,56,50,5,4,3,4,3
0,0,6,0,0,0,3,10,93,117,175,145,116,117,110,131,115,65,50,11,0,0,0,0
4,0,0,2,0,5,13,39,98,119,161,177,165,142,134,133,127,101,75,10,9,8,0,0
0,0,0,0,8,0,10,64,103,135,167,195,205,165,142,156,148,119,79,55,7,7,5,7
5,2,0,3,0,0,6,56,104,132,169,217,173,131,103,140,241,131,56,43,14,7,7,0
5,5,4,0,0,1,24,54,74,118,184,163,121,95,100,107,135,114,86,54,29,11,7,1
0,4,9,7,4,7,4,12,61,80,91,128,109,105,81,77,105,106,70,55,43,13,13,10
2,8,5,10,5,6,15,48,71,74,100,98,117,121,107,92,70,53,47,36,20,14,12,7
5,2,5,10,4,6,31,109,125,103,101,140,134,137,123,89,102,92,65,14,6,9,9,0
4,0,4,10,10,24,86,125,160,132,125,134,139,147,103,106,106,66,63,10,6,0,11,0
4,8,9,19,37,37,102,122,158,120,120,121,133,153,73,75,105,115,54,16,12,10,8,4
13,9,13,11,35,46,89,120,126,75,188,152,141,155,104,87,107,94,54,33,8,5,0,0
4,3,0,6,37,55,115,137,122,100,124,176,160,137,75,80,104,71,47,28,11,10,7,0
3,3,9,12,76,106,129,145,124,105,118,139,132,116,106,113,119,105,81,32,7,4,0,0
11,0,2,19,98,114,129,134,132,108,103,106,106,106,110,114,116,103,94,36,0,5,5,0
1,3,5,31,106,115,134,126,124,115,102,69,100,105,110,123,121,110,103,44,12,9,6,3
7,9,9,67,102,109,125,117,121,109,76,53,59,104,112,112,108,105,100,35,11,0,2,0
9,10,14,54,67,110,131,119,108,99,69,57,62,103,104,109,94,105,100,56,0,2,5,0
4,17,13,54,80,106,116,115,104,78,59,53,52,76,87,111,112,105,102,37,7,1,0,0
4,13,10,49,56,71,83,85,55,47,46,38,50,71,104,101,95,81,59,35,2,8,4,0
13,14,11,20,74,110,77,64,53,41,30,30,37,56,67,77,70,62,53,14,11,6,8,8
7,12,15,32,81,136,90,60,52,53,28,10,12,74,89,112,96,56,56,24,9,0,0,0
10,13,10,51,79,80,53,45,12,17,14,6,5,46,61,132,133,62,53,25,4,0,0,0
2,7,14,51,58,50,28,23,12,8,11,12,13,18,45,60,86,60,45,13,10,6,0,0
8,14,33,61,54,46,33,22,11,7,12,6,10,6,14,46,54,42,22,10,0,8,0,0
12,15,27,62,54,42,14,14,7,10,9,2,0,0,4,32,52,54,33,11,0,0,0,0
7,16,50,29,37,12,19,13,8,7,13,9,1,0,4,23,44,51,12,10,0,6,2,0
0,11,25,14,19,12,13,12,6,9,12,9,10,11,9,12,14,20,8,7,9,0,0,0
5,11,14,8,12,10,12,14,3,4,14,13,0,6,10,9,12,9,6,0,0,0,0,0
6,6,12,11,11,10,18,12,4,13,13,10,13,13,17,12,13,5,8,0,0,0,0,0
0,12,13,8,10,9,13,14,6,7,12,4,7,10,14,12,14,7,9,8,0,0,0,0
8,14,13,10,6,11,8,12,11,12,0,8,14,11,11,4,12,12,13,5,7,0,5,5
4,13,21,13,12,10,8,1,7,10,3,10,9,12,6,11,9,10,11,9,8,4,6,1
8,13,9,13,12,9,8,5,2,6,12,8,1,7,9,13,14,13,9,10,10,8,2,4

0,6,9,8,8,3,11,13,45,38,14,3,12,7,1,3,10,7,14,14,50,74,50,12
0,8,9,111,152,107,104,79,61,74,63,69,99,54,62,103,75,102,100,79,77,137,84,50
11,31,50,103,131,96,77,45,57,64,105,115,122,102,100,101,85,100,100,93,56,58,56,53
9,5,30,58,57,56,42,56,29,57,83,113,109,81,58,32,65,31,27,15,38,43,47,20
8,13,11,29,57,46,65,54,27,19,52,77,55,20,50,58,29,24,52,9,48,28,13,0
8,2,19,10,45,54,66,56,46,37,44,57,56,13,50,48,11,21,52,10,14,12,4,0
1,5,7,3,14,53,52,55,13,50,13,61,54,58,7,13,13,32,53,2,10,14,1,0
6,7,8,0,14,11,57,57,61,63,32,2,40,52,4,19,53,18,14,9,4,4,0,0
4,4,1,0,10,7,6,58,68,53,55,57,55,58,13,62,53,12,0,4,4,3,0,1
2,0,4,0,0,0,2,59,61,70,84,81,84,78,67,63,61,14,13,14,13,8,0,0
2,7,0,4,2,5,1,8,66,86,119,115,100,93,79,94,97,56,50,5,3,2,4,3
0,0,6,0,0,0,3,10,94,117,172,143,116,117,110,131,114,64,50,10,0,0,0,0
4,0,0,2,0,5,13,39,98,119,159,179,166,142,134,132,126,101,74,10,9,8,0,0
0,0,0,0,8,0,10,63,103,135,164,194,206,166,142,154,147,118,78,55,6,6,5,7
5,2,0,3,0,0,6,54,104,131,165,214,175,131,103,143,240,128,56,42,14,7,6,0
5,5,4,1,0,1,24,54,72,117,184,168,121,94,100,107,137,113,84,54,29,11,7,1
0,4,9,7,4,7,4,12,61,80,92,127,108,105,80,77,105,106,70,56,44,13,13,10
2,8,5,10,5,6,16,48,71,74,100,97,116,120,107,92,70,53,46,36,20,14,12,7
5,1,4,10,3,5,34,110,126,103,101,139,134,137,122,89,102,92,65,16,6,9,9,0
4,0,3,10,10,30,88,126,166,132,124,134,138,147,103,106,106,67,64,11,6,0,11,0
4,8,9,19,38,38,102,123,160,120,120,121,132,152,73,75,106,116,54,17,12,10,8,4
13,9,13,11,35,46,90,120,127,75,188,152,141,155,104,87,108,95,54,33,9,5,0,0
4,3,0,6,37,56,115,137,122,100,124,176,160,137,76,80,104,72,47,28,12,10,7,0
3,3,9,12,77,106,129,145,124,105,118,139,132,116,106,113,119,105,82,32,7,5,0,0
11,0,2,20,98,114,129,134,132,108,103,106,106,106,110,114,116,103,93,36,0,5,5,0
2,3,5,32,106,115,134,126,124,115,102,70,100,105,110,123,121,110,103,44,12,9,6,3
7,9,9,67,102,109,125,117,121,109,77,52,59,104,112,112,108,105,100,33,11,0,2,0
9,10,14,55,67,110,131,119,108,100,68,57,62,103,104,109,94,105,100,56,0,2,5,0
4,17,13,54,80,106,116,115,104,78,59,53,52,76,87,111,112,105,102,37,7,1,0,0
4,13,10,48,56,71,83,86,55,47,46,38,50,71,104,101,94,80,59,34,2,8,4,0
13,14,11,20,74,110,77,65,53,41,31,30,37,56,67,77,70,62,52,14,11,6,8,8
7,12,15,32,81,136,90,60,52,54,29,10,13,75,89,113,97,57,57,25,9,0,0,0
10,13,10,51,79,80,53,45,12,17,14,6,5,46,61,132,133,62,52,25,4,0,0,0
2,7,14,51,58,50,28,23,12,8,11,12,13,18,44,60,86,60,46,13,10,6,0,0
8,15,33,61,54,46,34,23,11,7,12,6,10,6,14,47,54,41,21,10,0,8,0,0
12,16,27,62,54,41,14,14,6,10,9,1,0,0,4,32,52,54,33,11,1,0,0,0
7,15,50,29,36,12,19,13,7,7,13,9,1,0,4,23,45,51,12,10,0,6,2,0
0,11,27,14,19,12,13,12,6,9,12,9,10,11,9,12,14,20,9,7,9,0,0,0
5,11,14,8,12,10,12,14,3,4,14,14,0,6,10,9,12,9,6,0,0,0,0,0
6,6,12,11,11,10,18,12,4,13,13,10,13,13,17,12,13,5,8,0,0,0,0,0
0,12,13,8,10,9,13,14,6,7,12,4,7,10,14,12,14,7,9,8,0,0,0,0
8,14,13,10,6,11,8,13,11,12,0,8,14,11,11,4,12,12,13,5,7,0,5,5
4,13,21,13,12,10,8,1,7,9,3,10,9,12,6,11,9,10,11,9,8,4,6,1
8,13,9,13,12,9,8,6,2,6,12,8,1,7,9,13,14,13,9,10,10,8,2,4

0,5,9,8,7,3,11,14,47,40,29,5,13,7,2,3,12,9,14,15,50,74,51,12
0,8,9,112,147,107,105,82,63,77,66,73,106,61,66,105,80,103,100,79,76,135,85,50
10,30,46,104,128,95,77,46,58,66,106,120,131,111,104,103,89,100,100,94,56,58,56,52
9,5,27,58,57,56,42,56,38,57,85,117,112,88,60,51,77,34,27,15,38,43,46,19
8,13,11,27,57,45,64,54,30,30,53,79,57,36,52,58,33,27,52,9,48,27,13,0
8,2,18,10,44,53,65,56,46,38,48,59,58,19,51,49,11,22,52,10,14,12,5,0
1,5,7,2,14,52,52,54,13,41,14,61,54,59,8,13,13,33,52,2,10,14,2,0
6,7,8,0,13,11,57,56,60,63,32,3,43,53,4,22,52,15,14,9,4,4,0,0
4,4,1,0,10,7,6,58,67,52,55,57,54,57,13,61,52,11,0,3,3,3,0,0
2,0,5,0,0,0,2,58,61,69,81,78,82,77,66,63,60,13,13,14,12,8,0,0
2,7,0,4,2,5,1,8,65,85,115,110,95,92,78,92,95,55,50,4,2,2,3,3
0,0,7,0,0,0,3,10,92,115,164,139,113,117,110,131,112,63,45,9,0,0,0,0
3,0,0,4,0,5,13,34,95,116,152,174,163,141,134,131,123,99,73,9,8,8,0,0
0,0,0,0,8,0,10,63,103,133,159,190,203,168,143,153,145,116,77,54,6,6,5,6
6,2,0,4,0,0,6,55,103,130,162,212,178,135,105,143,237,128,56,41,14,7,6,0
5,5,4,1,0,1,26,54,74,117,183,170,124,97,103,108,136,113,85,54,28,11,7,1
0,4,9,7,4,8,4,12,61,80,92,130,113,108,82,78,106,106,71,55,43,13,13,10
2,8,5,10,5,6,15,48,71,74,101,100,120,123,109,94,71,53,47,36,20,14,12,7
5,1,4,10,3,5,34,110,125,104,103,142,135,138,124,91,103,91,65,14,6,9,9,0
4,0,3,10,10,29,87,125,159,133,126,136,140,149,104,107,106,66,62,10,6,0,11,0
4,8,9,19,38,38,102,122,156,121,121,122,133,154,74,76,104,113,53,16,12,10,8,5
13,9,13,11,35,46,89,119,125,74,189,153,141,156,105,87,107,91,53,31,8,5,0,0
4,3,0,6,38,56,115,137,121,100,123,175,159,136,75,79,104,70,46,28,11,10,7,0
3,3,9,12,76,106,129,145,124,105,118,138,131,116,106,113,119,105,81,31,7,5,0,0
11,0,2,20,98,114,129,134,132,108,103,106,106,106,110,114,116,103,92,35,0,5,5,1
2,3,5,31,106,115,134,126,124,115,102,69,100,105,110,123,121,110,103,44,12,9,6,3
7,9,9,67,102,109,125,117,121,109,77,52,59,105,112,112,108,105,100,33,11,0,3,0
9,10,14,55,67,110,131,119,108,100,68,57,62,103,104,109,94,105,100,56,0,2,5,0
4,17,13,54,80,106,115,115,104,78,59,52,52,76,87,111,112,105,102,37,7,1,0,0
4,13,10,49,56,71,83,86,55,47,46,37,50,71,104,101,94,80,59,34,2,8,4,0
13,14,11,20,74,110,77,64,53,41,30,30,37,56,67,77,70,62,52,14,11,6,8,8
7,13,15,32,82,136,90,60,52,53,29,10,13,75,89,113,97,57,57,25,9,0,0,0
10,13,10,51,80,81,53,46,12,17,15,7,5,46,61,132,134,62,53,26,4,0,0,0
2,7,14,51,58,50,28,23,12,8,12,12,13,19,45,60,86,60,46,13,10,6,0,0
8,14,34,61,54,46,33,23,11,7,12,6,10,6,14,47,54,42,21,10,0,7,0,0
12,16,27,62,54,42,14,14,7,10,9,2,0,0,4,33,52,54,34,11,0,0,0,0
7,16,50,29,36,12,19,13,8,7,13,9,1,0,4,23,46,51,12,10,0,6,3,0
0,11,26,14,19,12,13,12,6,9,12,9,10,11,9,12,14,21,9,7,9,0,0,0
5,11,14,8,12,10,12,14,3,4,14,14,0,6,10,10,12,10,6,0,0,0,0,0
6,6,12,11,11,10,18,12,4,13,13,11,13,13,18,12,14,5,8,0,0,0,0,0
0,12,13,8,10,9,13,14,6,8,12,4,7,10,14,12,14,7,9,7,0,0,0,0
8,14,13,10,6,11,8,12,11,12,0,8,14,11,11,4,12,12,13,5,7,0,5,5
4,13,21,13,12,10,8,1,7,9,3,10,9,12,6,11,9,10,11,9,8,5,6,1
8,13,9,12,12,9,8,6,2,6,12,8,1,7,9,13,14,13,9,10,10,8,2,4

0,6,9,8,7,3,11,14,48,41,36,5,14,8,2,3,12,10,16,17,51,75,51,12
0,8,10,112,147,107,105,83,64,78,66,74,108,63,68,106,81,103,100,79,76,136,86,50
10,30,46,104,128,95,78,47,58,66,107,121,134,112,105,103,89,100,100,94,56,58,57,53
9,5,28,58,57,56,42,56,40,57,85,117,113,91,61,51,74,35,28,16,38,43,47,19
8,13,11,27,57,45,64,54,31,33,53,79,58,41,53,59,36,29,52,9,48,28,13,0
8,2,19,10,45,53,65,56,46,38,48,60,58,21,52,49,12,23,52,10,14,13,5,0
1,5,7,2,14,52,52,54,14,41,14,62,55,59,8,13,13,32,52,2,10,14,2,0
6,7,8,0,13,10,57,56,60,63,35,3,46,53,5,24,52,16,14,9,4,4,0,0
4,4,1,0,10,7,5,57,67,52,55,57,55,58,13,62,52,12,0,3,3,3,0,0
2,0,5,0,0,0,2,58,61,69,83,79,83,78,67,63,61,14,13,14,12,8,0,0
2,7,0,3,1,5,1,8,65,84,115,110,96,92,78,92,96,55,50,4,2,2,3,2
0,0,7,0,0,0,2,9,92,114,164,139,112,116,109,129,112,63,46,9,0,0,0,0
3,0,0,3,0,5,13,33,94,116,151,171,160,140,132,129,122,99,73,10,8,7,0,0
0,0,0,0,8,0,9,63,103,133,158,188,200,166,142,151,144,116,77,54,6,6,4,6
6,2,0,4,0,0,5,55,104,130,162,211,176,135,105,141,233,130,56,41,14,7,6,0
5,5,4,1,0,1,26,54,75,119,182,167,124,98,104,109,134,114,87,54,28,10,7,1
0,4,9,7,4,7,4,12,61,80,92,131,115,109,83,79,106,106,72,56,44,13,13,10
2,8,5,10,5,6,15,48,71,75,102,102,122,125,110,95,71,54,47,36,19,14,12,7
5,1,4,9,3,5,33,109,125,104,103,144,137,139,124,92,103,91,64,14,7,9,9,0
4,0,3,10,10,26,87,124,153,133,127,137,140,150,105,107,106,65,61,10,6,0,11,0
4,8,9,19,37,38,102,122,153,121,122,123,134,154,75,77,103,111,53,16,12,10,8,5
13,9,13,11,35,46,89,119,125,75,191,154,142,157,105,87,106,89,52,29,8,5,0,0
4,3,0,6,37,55,115,136,121,100,123,175,159,136,75,79,103,70,46,28,11,10,7,0
3,3,9,12,76,106,129,145,124,105,118,138,131,116,106,112,119,105,81,31,6,5,0,0
11,0,2,20,98,114,129,134,132,108,103,106,106,106,110,114,116,103,93,35,0,5,5,1
2,3,5,31,106,115,134,126,124,115,102,71,100,105,110,123,121,110,103,44,12,9,6,3
7,9,9,67,102,109,125,117,121,109,76,54,59,105,112,112,108,105,100,35,11,0,3,0
9,10,14,54,67,110,131,119,108,100,68,57,63,103,104,109,93,105,100,56,0,2,5,0
4,17,13,54,80,106,116,115,104,78,59,53,52,77,87,111,112,105,102,36,7,1,1,0
4,13,10,49,56,71,83,86,55,47,46,38,50,71,104,101,94,80,59,34,2,8,4,0
13,14,11,20,74,110,76,64,53,41,31,30,37,56,67,77,70,62,53,14,11,6,8,8
7,13,15,32,82,136,90,60,52,53,28,10,13,74,89,113,97,57,57,25,9,0,0,0
10,13,10,51,80,81,53,46,12,18,15,7,5,46,61,132,134,62,53,25,4,0,0,0
2,7,14,51,58,50,28,23,12,8,11,12,13,18,44,60,86,60,47,13,10,6,0,0
8,14,33,61,54,46,33,24,11,7,12,6,10,6,15,47,54,42,21,10,0,7,0,0
12,16,28,62,54,42,14,14,7,10,9,2,0,0,4,33,52,54,34,11,0,0,0,0
7,16,50,29,37,12,19,13,8,7,13,9,1,0,4,24,46,51,12,10,0,6,3,0
0,11,26,14,19,12,13,12,6,9,12,9,10,11,9,12,14,22,9,7,9,0,0,0
6,12,14,8,12,10,12,14,3,4,14,14,0,6,10,10,12,10,6,0,0,0,0,0
6,6,12,11,11,10,18,12,4,13,13,10,13,13,18,12,13,5,8,0,0,0,0,0
0,12,13,8,10,9,13,14,6,8,12,4,7,10,14,12,14,7,9,8,0,0,0,0
8,14,13,10,6,11,8,13,11,12,0,8,14,11,11,4,12,12,13,5,7,0,5,5
4,13,21,13,12,10,8,1,7,9,3,10,9,12,6,11,9,10,11,9,8,5,6,1
8,13,9,12,12,9,8,6,2,6,12,8,1,7,9,13,14,13,9,10,10,8,2,4

0,6,9,8,7,3,11,14,48,42,37,6,14,8,3,4,12,10,17,19,51,76,51,13
0,8,10,112,146,107,105,84,64,78,67,75,109,64,69,106,82,103,100,79,76,135,86,50
10,30,44,104,127,96,79,48,58,67,107,122,136,114,106,104,90,100,100,95,56,58,56,53
9,5,27,58,57,56,42,56,44,57,86,118,113,92,62,37,48,32,28,16,38,43,47,20
8,13,11,26,57,44,64,54,32,35,54,80,58,45,53,59,35,29,52,9,48,28,13,0
8,2,18,10,44,53,65,55,46,38,49,60,59,22,52,50,12,25,52,10,14,13,5,0
1,5,7,2,14,52,52,54,14,42,15,63,55,60,8,14,13,34,52,2,10,14,2,0
6,7,8,0,13,10,57,56,60,63,38,3,49,54,5,28,52,16,14,9,4,4,0,0
4,4,1,0,10,7,6,57,67,52,55,57,55,58,14,62,52,12,0,4,4,3,0,0
2,0,5,0,0,0,2,58,61,69,82,79,83,78,67,63,62,14,13,14,12,8,0,0
2,7,0,3,1,4,1,8,65,84,115,110,96,93,79,93,97,56,50,4,2,2,3,2
0,0,7,0,0,0,2,9,91,114,163,139,114,117,111,132,113,63,46,9,0,0,0,0
3,0,0,3,0,5,12,34,93,116,151,173,162,141,134,132,124,100,73,9,8,7,0,0
0,0,0,0,8,0,9,62,103,132,155,188,202,168,143,153,145,116,77,54,6,6,4,6
6,2,0,4,0,0,5,54,103,129,159,209,177,135,105,144,235,127,56,42,14,7,6,0
5,5,4,1,0,1,25,54,73,117,182,171,124,97,102,108,137,113,84,54,26,10,7,1
0,4,9,7,4,7,4,12,61,80,92,130,113,107,82,78,106,106,71,55,43,13,13,10
2,8,5,10,5,5,15,48,71,74,102,100,120,123,109,94,71,54,47,36,19,14,12,7
5,1,4,9,3,5,35,110,125,104,103,142,135,138,124,91,103,91,64,14,7,9,9,0
4,0,3,10,10,31,89,125,159,133,126,136,140,149,104,107,106,66,62,10,6,0,11,0
4,8,9,19,38,38,102,123,157,121,121,122,133,154,74,76,104,112,53,16,12,10,8,5
13,9,13,11,35,46,90,120,126,75,190,153,141,156,105,87,106,90,53,30,8,5,0,0
4,3,0,6,38,56,115,137,122,100,123,175,159,136,75,79,104,70,46,28,11,10,7,0
3,3,9,12,76,106,129,145,124,105,118,138,131,116,106,113,119,105,81,31,7,5,0,0
11,0,2,20,98,114,129,134,132,108,103,106,106,106,110,114,116,103,92,35,0,5,5,1
2,3,5,32,106,115,134,126,124,115,102,69,100,105,110,123,121,110,102,44,12,9,6,3
7,9,9,67,102,109,125,117,121,109,76,54,59,105,112,112,108,105,100,35,11,0,3,0
9,10,14,55,67,110,131,119,108,100,68,57,63,103,104,109,94,105,100,56,0,2,5,0
4,17,13,54,80,106,116,115,104,78,58,53,52,76,87,111,112,105,102,37,7,1,0,0
4,13,10,49,56,72,83,86,55,47,46,38,50,71,104,101,94,80,59,33,2,8,4,0
13,14,11,20,74,110,76,65,53,41,31,30,37,56,67,77,70,62,52,14,11,6,8,8
7,13,16,32,82,136,90,60,52,53,29,10,13,75,89,113,97,57,57,24,9,0,0,0
10,13,10,51,79,80,53,45,12,17,15,8,6,47,61,132,133,62,53,25,4,0,0,0
2,7,14,51,59,50,28,23,12,8,11,12,13,18,45,60,86,60,46,13,10,6,0,0
8,15,34,61,54,46,34,23,11,7,12,6,11,6,14,47,54,43,21,10,0,8,0,0
12,16,27,62,54,42,14,15,7,10,9,2,0,0,4,34,52,54,34,11,1,0,0,0
7,16,50,29,37,12,20,13,8,7,13,9,1,0,4,24,47,51,12,10,0,6,3,0
0,11,26,14,19,12,13,12,6,9,12,9,10,11,9,12,14,22,8,7,9,0,0,0
5,11,14,8,12,10,12,14,3,4,14,14,0,6,10,10,12,10,6,0,0,0,0,0
6,6,12,11,11,10,18,12,4,13,13,11,13,13,18,12,13,5,8,0,0,0,0,0
0,12,13,8,10,9,13,14,6,8,12,4,7,10,14,12,14,7,9,8,0,0,0,0
8,14,13,10,6,11,8,13,11,12,0,8,14,11,11,4,12,12,13,5,7,0,5,5
4,13,22,13,12,10,8,1,8,9,3,11,9,12,6,12,9,10,11,9,8,5,6,1
8,13,9,13,12,9,8,6,2,6,12,8,1,7,9,13,14,13,9,10,10,8,2,4

0,6,9,8,7,3,11,14,48,41,40,6,14,8,3,4,12,10,17,18,51,75,51,13
0,8,9,112,145,107,105,83,64,78,67,75,110,65,69,106,83,104,100,80,76,135,86,50
10,30,44,104,127,95,78,47,58,67,107,123,137,114,107,104,90,101,100,95,56,58,56,52
9,5,27,58,57,56,42,56,44,57,86,118,114,94,63,38,50,32,28,16,39,43,47,19
8,13,10,26,56,45,64,54,33,36,53,80,58,50,53,59,36,29,52,9,50,28,13,0
8,2,18,10,44,53,65,56,46,39,50,60,59,24,53,50,12,26,52,10,14,13,5,0
1,5,6,2,14,52,52,54,14,45,17,63,56,60,8,14,13,37,52,3,10,14,2,0
6,7,8,0,13,11,57,56,60,63,38,4,50,54,5,30,52,16,14,9,4,4,0,0
4,4,1,0,10,7,6,58,67,53,55,58,55,58,14,62,52,12,0,4,4,3,0,1
2,0,5,0,0,0,2,58,61,69,82,80,84,79,67,64,62,14,13,14,13,8,0,0
2,7,0,3,1,4,1,8,65,85,116,112,98,94,80,94,96,55,50,4,2,2,3,3
0,0,7,0,0,0,2,9,92,114,164,141,116,118,112,134,113,63,47,10,0,0,0,0
3,0,0,3,0,5,12,33,92,116,151,176,164,141,135,133,125,100,73,9,8,8,0,0
0,0,0,0,7,0,9,62,102,132,153,188,202,169,144,153,144,115,77,54,6,5,4,6
6,2,0,4,0,0,4,53,103,128,155,205,180,135,105,150,232,121,55,39,14,7,6,0
5,5,4,1,0,0,24,53,70,113,179,179,123,96,100,108,143,110,80,53,26,10,7,1
0,4,9,7,4,7,4,12,60,80,93,128,110,105,81,77,106,106,69,54,43,13,13,10
2,8,5,10,5,5,16,48,71,74,100,98,117,121,107,92,70,53,46,35,20,14,12,7
5,1,4,9,3,5,37,111,127,103,102,140,134,137,123,89,102,92,64,14,7,9,8,0
4,0,3,10,10,35,90,127,167,132,125,134,139,148,104,107,106,67,63,11,6,0,11,0
4,9,9,20,38,39,103,124,161,121,120,121,133,153,74,76,105,115,54,17,12,10,8,5
13,9,13,11,35,47,90,120,127,75,189,152,141,155,105,87,108,93,53,33,9,5,0,0
4,3,0,6,39,56,115,137,122,100,124,176,160,136,75,80,104,71,47,28,12,10,7,0
3,3,9,12,77,106,129,145,124,105,118,139,131,116,106,113,119,105,81,32,7,5,0,0
11,0,2,20,98,114,129,134,132,108,103,106,106,106,110,114,116,103,93,36,0,5,5,1
2,3,5,32,106,115,134,126,124,115,102,69,100,105,110,123,121,110,103,44,12,9,6,3
7,9,9,67,102,109,125,117,121,109,76,54,59,104,112,112,108,105,100,33,11,0,2,0
9,10,14,55,67,110,131,119,108,100,69,57,63,103,104,109,94,105,100,56,0,2,5,0
4,17,13,54,80,106,116,115,104,78,59,53,52,76,87,111,112,105,102,37,7,1,0,0
4,13,10,49,56,71,83,86,55,46,46,38,50,71,104,101,94,80,59,34,2,8,4,0
13,14,11,20,74,110,77,64,53,42,30,30,37,56,67,77,70,62,52,14,11,6,8,8
7,13,15,32,82,136,90,60,52,53,29,10,13,75,89,113,98,57,57,24,9,0,0,0
10,13,10,51,79,80,53,46,13,17,15,8,6,47,61,132,133,62,53,25,4,0,0,0
2,7,14,51,58,50,28,23,12,8,11,12,13,18,45,60,86,60,46,13,10,6,0,0
8,15,34,61,54,46,34,24,11,7,12,6,10,7,14,47,54,41,21,10,0,8,0,0
12,16,28,62,54,42,14,14,7,10,9,2,0,0,5,33,52,54,35,11,1,0,0,0
7,16,50,29,37,12,20,13,8,7,13,9,1,0,4,24,47,51,12,10,1,6,3,0
0,11,26,14,19,12,13,12,6,9,12,9,10,11,9,12,14,22,9,7,9,0,0,0
5,11,14,8,12,10,12,14,3,4,14,14,0,6,10,10,12,10,6,0,0,0,0,0
6,6,12,11,11,10,17,12,4,13,13,10,13,13,18,12,13,5,8,0,0,0,0,0
0,12,13,8,10,9,13,14,6,8,12,4,7,10,14,12,14,7,9,7,0,0,0,0
8,14,13,10,6,11,8,12,11,12,0,8,14,11,11,4,12,12,13,5,7,0,5,5
4,13,22,13,12,10,8,1,7,9,3,11,9,12,6,11,9,10,11,9,8,5,6,1
8,13,9,13,12,9,8,6,2,6,12,8,1,7,9,13,14,13,9,10,10,8,2,4

0,5,9,8,7,3,11,14,48,42,42,6,14,8,3,4,13,10,18,18,51,74,51,13
0,8,10,112,144,107,105,83,64,78,67,76,110,65,69,106,83,104,100,80,76,135,86,50
10,30,43,104,127,95,78,47,58,66,107,124,137,115,107,104,91,101,101,94,56,58,56,53
9,5,27,58,57,56,42,56,45,57,86,118,114,93,64,39,53,33,30,17,38,43,47,20
8,13,10,26,56,45,64,54,33,36,54,81,59,50,54,59,37,30,52,9,50,30,13,0
8,2,18,10,44,53,65,56,46,39,50,61,59,25,53,50,12,26,52,11,15,13,5,0
1,5,6,2,14,52,52,54,15,45,19,63,56,60,8,14,13,38,52,3,10,14,2,0
6,7,8,0,13,11,57,57,61,63,42,4,50,55,6,34,53,18,14,10,5,4,0,0
4,4,1,0,10,7,6,58,67,53,55,57,55,58,14,62,52,11,0,4,4,4,0,1
2,0,4,0,0,0,2,58,61,69,82,80,84,79,67,63,62,14,13,14,13,8,0,0
2,7,0,3,1,4,1,8,65,84,115,111,97,94,80,93,95,54,50,4,2,2,4,3
0,0,7,0,0,0,2,9,91,114,162,140,116,119,113,134,112,62,45,9,0,0,0,0
3,0,0,3,0,5,12,33,92,116,151,176,165,142,136,133,125,98,72,9,8,8,0,0
0,0,0,0,7,0,9,62,102,132,153,187,202,170,145,153,143,115,76,54,5,5,4,6
6,2,0,4,0,0,4,53,103,128,154,205,181,136,106,154,231,119,55,37,13,6,6,0
5,5,4,1,0,0,24,53,70,113,180,180,124,96,101,108,145,109,79,53,25,11,7,1
0,5,9,7,4,7,4,12,60,80,93,128,110,106,81,77,106,107,69,54,43,13,13,10
2,8,5,10,5,5,16,48,71,74,101,98,118,121,107,92,70,53,46,36,20,14,12,7
5,1,4,9,3,5,37,111,126,103,101,140,134,137,122,89,102,91,64,15,7,9,8,0
4,0,3,10,10,35,90,127,167,132,125,134,138,148,103,106,106,66,63,11,6,0,11,0
4,9,9,20,38,39,103,123,160,121,120,121,133,152,73,76,105,115,54,17,12,10,8,4
13,9,13,11,35,47,90,120,126,75,188,152,140,155,105,87,108,93,53,33,9,5,0,0
4,3,0,6,38,56,115,137,122,100,124,176,160,137,75,80,104,71,46,29,12,10,8,0
3,3,9,12,78,106,129,145,124,105,118,138,131,116,106,113,119,105,81,32,7,5,0,0
11,0,2,20,98,114,129,134,132,108,103,106,106,106,110,114,116,103,92,36,0,5,5,1
2,3,5,32,106,115,134,126,124,115,102,71,100,105,110,123,121,110,103,44,12,9,6,3
7,9,9,68,102,109,125,117,121,109,76,54,60,105,112,112,108,105,100,33,11,0,3,0
9,10,14,55,67,110,131,119,108,100,68,57,63,103,104,109,94,105,100,56,0,2,5,0
3,17,13,54,80,106,116,115,104,78,58,53,52,76,87,111,112,105,102,37,7,1,0,0
4,13,10,49,56,71,84,86,55,47,46,38,50,71,104,101,95,81,59,34,2,8,4,0
13,14,11,20,74,110,77,65,53,41,31,30,37,56,67,77,70,62,52,14,11,6,8,8
7,13,16,32,82,137,90,60,52,53,29,10,13,75,89,113,98,57,57,25,9,0,0,0
10,13,10,51,79,81,53,46,13,16,15,8,6,46,61,132,134,62,53,25,4,0,0,0
2,7,14,51,59,50,28,23,12,8,11,12,13,20,45,60,86,60,47,13,10,6,0,0
8,15,34,61,54,46,34,24,11,7,12,6,11,7,14,46,54,42,22,10,0,8,0,0
12,16,28,62,54,42,14,15,7,10,9,2,0,0,5,34,52,54,35,11,1,0,0,0
7,16,50,29,37,12,19,13,8,7,13,9,1,0,4,24,47,51,12,10,0,6,3,0
0,11,26,14,19,12,13,12,6,9,12,9,10,11,9,12,14,23,9,7,9,0,0,0
5,11,14,8,12,10,12,14,3,4,14,14,0,6,10,10,12,10,6,0,0,0,0,0
6,6,12,11,11,10,18,12,4,13,13,10,14,13,18,12,14,5,8,0,0,0,0,0
0,12,13,8,10,9,13,14,6,8,12,4,7,10,14,12,14,7,9,8,0,0,0,0
8,14,13,10,6,11,8,12,11,12,0,8,14,11,12,4,12,12,13,5,7,0,5,5
4,13,21,13,12,10,8,1,7,10,3,11,9,12,6,11,9,10,11,9,8,5,6,1
8,13,9,13,12,9,8,6,2,6,12,8,2,7,9,13,14,13,9,10,10,8,2,4

0,6,9,8,7,3,11,14,49,42,45,7,16,8,3,4,13,11,22,21,51,76,52,13
0,8,10,112,144,107,105,84,64,79,68,76,111,66,70,107,84,104,100,80,76,135,87,50
10,30,44,104,127,95,78,48,58,67,108,124,139,116,107,105,91,101,101,95,56,58,56,53
9,5,27,58,57,56,42,56,46,57,86,119,114,95,64,41,55,34,29,17,39,44,48,20
8,13,10,26,56,45,64,54,35,39,54,81,59,50,54,59,37,31,52,9,50,29,14,0
8,2,18,10,44,53,65,56,46,39,50,61,59,26,53,50,12,27,52,11,15,13,5,0
1,5,7,2,14,52,52,54,15,42,19,63,56,60,8,14,13,37,52,3,10,14,3,0
6,7,8,0,13,10,57,56,60,63,41,4,50,55,6,32,53,16,14,9,5,5,0,0
4,4,1,0,10,7,6,58,67,52,56,58,55,58,14,62,52,12,0,4,4,3,0,0
2,0,5,0,0,0,2,58,61,69,83,80,83,79,67,63,62,14,13,14,13,8,0,0
1,7,0,3,1,4,1,8,65,84,114,110,96,93,79,92,95,55,50,4,2,2,3,3
0,0,7,0,0,0,2,9,91,114,162,139,114,117,111,132,112,63,45,9,0,0,0,0
3,0,0,3,0,5,12,32,92,115,150,172,161,140,133,131,123,98,72,9,8,7,0,0
0,0,0,0,7,0,9,62,103,132,154,186,199,167,144,151,143,115,77,54,5,5,4,6
6,2,0,4,0,0,5,54,103,129,158,206,178,135,106,147,232,123,56,39,14,7,6,0
5,5,4,1,0,0,26,54,73,116,182,173,125,97,103,109,139,112,82,54,25,11,7,1
0,4,9,7,5,7,4,12,61,80,93,130,113,108,82,79,106,106,72,54,44,13,13,10
2,8,5,10,5,5,15,48,71,74,102,100,121,124,109,94,71,53,47,35,20,14,12,7
5,1,4,9,3,5,35,110,126,104,103,142,135,138,124,91,103,91,64,14,7,9,8,0
4,0,3,10,10,32,89,125,159,133,127,136,140,149,104,107,106,66,62,10,6,0,11,0
4,8,9,19,38,38,102,122,157,121,121,122,134,154,74,76,104,112,53,16,12,10,8,5
13,9,13,11,35,46,89,119,126,75,190,153,141,156,105,87,106,90,52,31,8,5,0,0
4,3,0,6,38,56,115,137,121,100,124,175,159,136,75,79,104,70,46,28,12,10,7,0
3,3,9,12,78,106,129,145,124,105,118,138,131,116,106,112,119,105,81,32,7,5,0,0
11,0,2,20,98,114,129,134,132,108,103,106,106,106,110,114,116,103,92,35,0,5,5,1
2,3,5,32,106,115,134,126,124,115,102,69,100,105,110,123,121,109,102,43,12,9,6,3
7,9,9,67,102,109,125,117,121,108,76,53,60,105,112,112,107,105,100,33,11,0,3,0
9,10,14,55,67,110,131,119,108,99,68,57,63,103,104,109,93,105,100,56,0,2,5,0
4,17,13,54,80,106,116,115,104,78,58,53,52,77,87,111,112,105,102,37,7,1,0,0
4,13,10,49,56,71,84,86,55,47,46,38,50,71,104,101,94,80,59,33,2,8,4,0
13,14,11,20,74,110,77,64,53,41,31,30,37,56,67,77,70,62,52,14,11,6,8,8
7,13,16,32,82,137,90,61,52,53,30,10,13,75,89,113,98,57,57,25,9,0,0,0
10,13,10,51,80,81,53,46,13,17,15,8,6,46,61,132,134,62,53,26,4,0,0,0
2,7,14,51,58,50,28,23,12,8,11,12,13,20,45,60,86,60,46,13,10,6,0,0
8,15,34,61,54,46,33,23,11,7,12,6,11,7,15,47,54,42,20,10,0,7,0,0
12,16,28,62,54,42,14,15,7,10,9,2,0,0,5,34,52,54,35,11,1,0,0,0
7,16,50,29,36,12,18,13,8,7,13,9,1,0,4,25,46,51,12,10,0,6,3,0
0,11,27,14,19,12,13,12,6,9,12,9,10,11,9,12,14,22,9,7,9,0,0,0
6,12,14,8,12,10,12,14,3,4,14,14,0,6,10,10,13,10,6,0,0,0,0,0
6,6,12,11,11,10,18,12,4,13,13,11,13,13,19,12,14,5,8,0,0,0,0,0
0,12,13,8,10,9,13,14,6,8,12,4,7,10,14,12,14,7,9,8,0,0,0,0
8,14,13,10,6,11,8,13,11,12,0,8,14,11,11,4,12,12,13,5,7,0,5,5
4,13,21,13,12,10,8,1,7,9,3,11,9,12,6,12,9,10,11,9,8,5,6,1
8,13,9,13,12,9,8,6,3,6,12,8,2,7,9,13,14,13,9,10,10,8,2,4

0,6,9,8,7,3,11,14,49,43,48,7,17,8,4,4,13,11,26,22,51,77,52,13
0,8,10,112,145,107,105,85,65,79,68,77,113,68,70,107,86,104,101,80,76,136,87,50
10,30,43,104,127,95,78,48,59,67,108,126,140,117,108,105,92,101,101,95,56,58,56,53
9,5,28,58,57,56,42,57,48,57,87,120,115,95,64,45,57,35,30,17,39,44,48,21
8,13,10,26,56,44,64,54,36,39,54,82,59,50,54,59,39,33,52,9,50,30,13,0
8,2,18,10,44,53,65,56,46,39,50,61,60,27,53,51,12,27,52,11,15,13,6,0
1,5,7,2,14,52,52,54,16,43,22,63,56,60,8,14,13,35,52,3,10,14,3,0
6,7,8,0,13,10,57,56,60,63,40,4,50,55,6,32,52,15,14,9,5,5,0,0
4,4,1,0,10,7,5,57,66,52,55,58,55,58,14,62,52,12,0,4,4,4,0,0
2,0,5,0,0,0,2,58,60,69,82,79,83,79,67,63,62,14,13,14,12,8,0,0
1,7,0,3,1,4,1,8,65,83,114,109,96,93,79,93,96,55,50,4,2,2,3,3
0,0,7,0,0,0,2,9,91,113,160,138,113,118,111,132,112,63,45,9,0,0,0,0
3,0,0,3,0,5,12,32,90,115,149,171,161,141,135,131,123,98,72,9,8,7,0,0
0,0,0,0,7,0,9,63,103,132,153,186,200,168,144,152,143,115,76,54,5,5,4,6
6,2,0,4,0,0,5,54,103,129,157,207,178,135,106,146,232,124,56,40,14,6,6,0
5,5,4,1,0,0,25,54,74,117,181,171,125,98,103,109,138,112,82,53,25,10,7,1
0,4,9,7,4,7,4,12,61,80,93,130,114,108,82,79,106,106,72,54,43,13,13,10
2,8,5,10,5,5,15,48,71,74,102,101,121,124,109,95,71,54,47,35,19,14,12,7
5,1,4,9,3,5,36,110,126,104,103,143,136,138,124,91,103,91,65,14,7,9,9,0
4,0,3,10,10,32,89,125,159,133,127,136,140,149,105,107,106,66,62,10,6,0,11,0
4,9,9,19,38,39,102,122,157,121,121,122,134,154,75,76,104,112,53,16,12,10,8,5
13,9,13,11,35,47,89,119,126,75,190,153,142,157,105,87,106,90,53,30,8,5,0,0
4,3,0,6,39,56,115,137,122,100,124,175,160,136,75,79,103,70,46,28,11,10,7,0
3,3,9,12,78,106,129,145,124,105,118,139,131,116,106,112,119,105,81,31,7,5,0,0
11,0,2,21,99,114,129,134,132,108,103,106,106,106,110,114,116,103,93,35,0,5,5,1
2,3,5,32,106,115,134,126,124,115,102,70,100,105,110,123,121,110,103,43,12,9,6,3
7,9,9,68,102,109,125,117,121,109,76,55,59,105,112,112,107,105,100,33,11,0,3,0
9,10,14,55,67,110,131,119,108,99,68,57,64,103,104,109,94,105,100,56,0,2,5,0
3,17,13,54,80,106,116,115,104,78,59,53,52,76,87,111,112,105,102,37,7,1,0,0
4,13,10,49,56,71,84,86,54,47,46,38,50,71,104,101,95,80,59,34,2,8,4,0
13,14,11,20,74,110,77,64,53,41,31,31,37,56,67,77,70,62,52,14,11,6,8,8
7,13,16,32,82,137,90,60,52,53,29,10,13,75,89,113,98,57,57,25,9,0,0,0
10,13,10,51,80,80,53,46,13,17,15,8,6,46,61,132,134,62,53,26,4,0,0,0
2,7,14,51,59,50,28,23,12,8,11,12,13,20,45,60,86,60,47,13,10,6,0,0
8,15,34,61,54,46,34,24,11,7,12,6,11,7,14,47,54,43,21,10,0,8,0,0
12,16,28,62,54,42,14,15,7,10,10,2,0,0,5,35,52,54,35,11,1,0,0,0
7,16,50,29,37,12,20,13,8,7,13,9,1,0,4,25,48,51,12,10,1,6,3,0
0,11,26,14,19,12,13,12,6,9,12,9,10,11,9,12,14,22,9,7,9,0,0,0
5,12,14,8,12,10,12,14,3,4,14,14,0,6,10,10,12,10,6,0,0,0,0,0
6,6,12,11,11,10,18,12,4,13,13,10,14,13,18,12,14,5,8,0,0,0,0,0
0,12,13,8,10,9,13,14,6,8,12,4,7,10,14,12,14,7,9,8,0,0,0,0
8,14,13,10,6,11,8,12,11,12,0,8,14,11,11,4,12,12,13,5,7,0,5,5
4,13,21,13,12,10,8,1,7,9,3,11,9,12,7,12,9,10,11,9,8,5,6,1
8,13,9,13,12,9,8,6,2,6,12,8,2,7,9,13,14,13,9,10,10,8,2,4

0,6,9,8,7,3,11,14,49,43,48,7,17,8,4,4,13,11,25,21,51,76,52,13
0,8,10,112,144,107,105,84,65,79,68,77,113,68,71,107,86,104,100,80,76,135,87,50
10,30,42,104,127,95,78,48,59,67,108,126,141,117,108,105,92,101,101,95,56,58,56,53
9,5,27,58,56,56,42,56,50,57,86,120,115,96,65,47,57,34,30,17,38,43,48,20
8,13,10,26,56,44,64,54,36,39,54,82,59,51,54,59,39,34,53,9,50,30,14,0
8,2,18,10,44,53,65,56,46,39,50,62,60,28,53,51,12,28,52,11,15,13,6,0
1,5,6,2,14,52,53,54,20,45,24,64,56,61,9,14,13,38,52,3,10,14,3,0
6,7,8,0,13,11,57,56,60,63,42,4,50,55,6,35,52,15,14,10,5,5,0,0
4,4,1,0,10,7,6,58,67,53,56,57,55,58,14,62,52,12,0,4,4,3,0,1
2,0,5,0,0,0,2,58,61,69,82,79,83,78,67,64,62,14,13,14,13,8,0,0
1,7,0,3,1,4,1,8,65,84,114,110,96,94,80,93,96,55,50,4,2,2,4,3
0,0,7,0,0,0,2,9,91,113,161,139,115,119,112,134,112,63,45,9,0,0,0,0
3,0,0,3,0,5,12,33,91,115,149,173,163,141,135,132,124,98,72,9,8,7,0,0
0,0,0,0,7,0,9,63,103,131,152,186,201,169,144,152,143,115,76,54,5,5,4,6
6,2,0,4,0,0,4,53,103,128,154,204,179,136,106,150,231,121,56,39,13,6,6,0
5,5,4,1,0,0,26,54,72,114,180,177,124,96,102,109,142,110,80,53,23,11,7,1
0,4,9,7,5,7,4,12,60,80,93,129,111,107,81,78,106,106,71,54,42,13,13,10
2,8,5,10,5,5,16,48,71,74,101,99,119,122,108,93,71,53,47,35,19,14,12,7
5,1,4,9,3,5,38,111,126,104,102,141,135,137,123,90,102,91,64,15,7,9,9,0
4,0,3,10,10,36,90,127,165,133,126,135,139,148,104,107,106,66,63,11,6,0,11,0
4,9,9,20,39,39,103,123,160,121,121,122,133,153,74,76,105,114,54,17,12,10,8,5
13,9,13,11,35,47,90,120,127,75,190,153,141,156,105,87,107,92,53,33,9,5,0,0
4,3,0,6,39,56,115,137,122,100,124,176,160,136,75,80,104,71,46,29,12,10,8,0
3,3,9,12,78,106,129,145,124,105,118,139,131,116,106,113,119,105,81,32,7,5,0,0
11,0,2,21,100,114,129,134,132,108,103,106,106,106,110,114,116,103,93,36,0,5,5,1
2,3,5,32,106,115,134,126,124,115,102,71,100,105,110,123,121,110,103,44,12,9,6,3
7,9,9,68,102,109,125,117,121,109,76,54,59,105,112,112,107,105,100,33,11,0,3,0
9,11,14,54,67,110,131,119,108,100,70,57,64,103,105,109,94,105,100,56,0,2,5,0
4,17,13,54,80,106,116,115,104,78,59,53,52,77,87,111,112,105,102,38,7,1,0,0
4,13,10,49,56,71,84,86,55,47,45,38,50,71,104,101,95,80,59,34,2,8,4,0
13,14,11,20,74,110,77,64,53,41,30,30,37,57,67,77,70,62,52,14,11,6,8,8
7,13,16,32,82,137,90,60,52,53,30,10,13,76,89,114,98,57,57,25,9,0,0,0
10,13,10,51,80,80,53,46,13,16,15,8,7,47,61,132,133,62,53,25,4,0,0,0
2,7,14,51,58,50,28,23,12,8,12,12,13,20,45,60,85,60,46,13,10,6,0,0
8,15,34,61,54,46,34,24,11,7,12,7,11,7,15,48,54,42,21,10,0,8,0,0
12,16,28,62,54,42,14,15,7,10,9,2,0,0,5,33,52,54,36,11,1,0,0,0
7,16,50,29,37,12,19,13,8,7,13,9,1,0,4,25,47,51,12,11,1,6,3,0
0,11,27,14,19,12,13,12,6,9,12,9,10,11,9,12,14,22,9,7,9,0,0,0
5,12,14,8,12,10,12,14,3,4,14,14,0,6,10,10,12,10,6,0,0,0,0,0
6,6,12,11,11,10,18,12,4,13,13,10,13,13,18,12,14,5,8,0,0,0,0,0
0,12,13,8,10,9,13,14,6,8,12,4,7,10,14,12,14,7,9,8,0,0,0,0
8,14,13,10,6,11,8,12,11,12,0,8,14,11,11,4,12,12,13,5,7,0,5,5
4,13,21,13,13,10,8,1,7,10,3,11,9,12,7,12,9,10,11,9,8,5,6,1
8,13,9,13,12,9,8,6,2,6,12,8,1,7,9,13,14,13,9,10,10,8,2,4

0,6,9,8,7,3,11,14,50,43,50,8,19,8,4,4,13,11,24,21,51,75,52,13
0,8,10,112,143,107,105,85,65,79,69,78,114,69,71,107,86,104,100,80,76,135,87,50
10,28,42,104,126,95,78,48,59,68,108,127,143,118,109,105,92,101,101,95,56,58,56,53
9,5,27,58,56,56,42,57,50,57,87,120,115,97,66,50,59,36,30,18,38,44,47,20
8,13,10,26,56,44,64,54,37,41,54,82,59,51,54,59,40,35,53,9,50,31,14,0
8,2,18,10,44,53,65,55,46,39,51,62,60,29,54,51,12,28,52,11,16,13,6,0
0,5,6,2,14,52,53,54,22,44,24,64,57,61,9,14,13,38,52,3,10,14,3,0
6,7,8,0,13,11,57,56,61,63,43,4,50,55,6,38,52,16,14,10,5,5,0,0
4,4,1,0,10,7,6,58,66,52,56,57,55,58,14,62,52,12,0,4,4,4,0,1
2,0,5,0,0,0,2,58,61,68,81,79,83,78,67,64,62,14,13,14,13,8,0,0
1,7,0,3,1,4,1,8,65,84,114,109,96,93,80,94,96,55,50,4,2,2,4,3
0,0,7,0,0,0,2,9,91,113,161,139,115,119,113,135,112,63,45,9,0,0,0,0
3,0,0,3,0,5,12,33,92,115,150,174,163,141,135,133,125,98,73,9,8,8,0,0
0,0,0,0,7,0,9,62,102,131,151,185,200,168,144,152,143,115,76,54,5,5,4,6
6,2,0,4,0,0,4,53,103,127,153,202,180,135,106,154,230,119,55,37,13,6,6,0
5,5,4,2,0,0,24,53,71,113,179,179,124,96,100,108,144,110,79,53,22,10,7,1
0,4,9,7,5,7,4,12,60,80,93,128,110,105,81,77,106,106,70,54,43,13,13,10
2,8,5,10,5,5,17,48,71,74,100,98,117,121,107,92,70,53,46,35,20,14,12,7
5,1,4,9,3,4,39,111,127,104,101,139,134,137,122,89,102,91,64,16,7,9,8,0
4,0,3,10,10,38,91,128,172,133,125,134,138,148,103,107,106,67,63,11,6,0,11,0
4,9,9,20,38,39,103,124,163,121,120,121,132,153,73,76,106,116,54,18,12,10,8,5
13,9,13,11,36,47,91,120,127,76,190,153,141,155,105,88,108,93,53,34,9,6,0,0
4,3,0,6,39,56,115,137,122,100,124,176,161,137,76,80,104,71,46,29,13,11,8,0
3,3,9,12,79,106,129,145,124,105,118,139,132,116,106,113,119,105,82,32,7,6,0,0
11,0,2,21,100,114,129,134,132,108,103,106,106,106,110,114,116,103,93,35,0,5,5,1
2,3,5,33,106,115,134,126,124,115,102,70,100,105,110,123,121,110,103,44,12,9,6,3
7,9,9,68,102,109,125,117,121,109,77,54,60,105,112,112,108,105,100,35,11,0,3,0
9,10,14,55,67,110,131,119,108,100,69,57,64,103,104,109,94,105,100,56,0,2,5,0
4,17,13,54,80,106,116,115,104,79,59,53,52,77,87,111,112,105,102,37,7,1,0,0
4,13,10,49,56,71,84,86,55,47,46,38,50,72,104,101,94,80,59,34,2,8,4,0
13,14,11,20,74,110,77,65,53,42,31,31,37,56,67,77,70,62,53,14,11,6,8,8
7,13,15,32,82,137,90,60,52,53,29,10,13,76,90,114,98,57,57,25,9,0,0,0
10,13,10,51,80,80,53,45,13,17,15,8,7,46,61,132,133,62,53,26,4,0,0,0
2,7,14,51,58,50,28,23,12,8,12,12,13,19,45,60,85,60,45,13,10,6,0,0
8,15,34,61,54,46,33,24,11,7,12,6,11,7,15,47,54,42,22,10,0,8,0,0
12,16,27,62,54,42,14,15,7,10,9,2,0,0,5,34,52,54,34,11,1,0,0,0
7,16,50,29,37,12,19,13,8,7,13,9,1,0,4,26,48,51,12,10,1,6,4,0
0,11,26,14,19,12,13,12,6,9,12,9,10,11,9,12,14,22,9,7,9,0,0,0
6,12,14,8,12,10,12,14,3,4,14,14,0,6,10,10,12,10,6,0,0,0,0,0
6,6,12,11,11,10,17,12,4,13,13,10,14,13,18,12,13,5,8,0,0,0,0,0
0,12,13,8,10,9,13,14,6,8,12,4,7,10,14,12,14,7,9,8,1,0,0,0
8,14,13,10,6,11,8,12,11,12,0,8,14,11,11,4,12,12,13,5,7,0,5,5
4,13,21,13,13,10,8,1,7,10,3,11,9,12,6,12,9,10,11,9,8,5,6,1
8,13,9,13,12,9,8,6,2,6,12,8,1,7,9,13,14,13,9,10,10,8,2,4

0,6,9,8,7,3,11,14,50,43,50,8,19,9,4,5,14,12,25,22,51,75,52,13
0,8,10,112,143,107,105,85,65,79,69,78,114,69,71,108,86,105,100,80,76,135,87,50
10,28,42,104,126,95,78,48,59,68,108,127,143,118,109,105,93,101,101,95,56,58,56,53
9,5,26,57,56,56,42,57,50,57,87,120,116,97,66,50,57,36,30,18,39,43,48,20
8,13,10,26,56,44,64,54,38,41,54,82,60,52,55,60,40,34,53,9,50,31,14,0
8,2,18,10,44,53,65,55,46,39,51,62,60,29,54,51,12,29,52,11,17,13,6,0
0,5,6,2,14,52,53,54,23,46,25,64,57,61,9,14,13,38,52,3,10,14,3,0
6,7,8,0,13,11,57,57,61,63,44,4,51,55,7,39,53,17,14,10,5,5,0,0
4,4,1,0,10,7,6,58,67,53,56,57,55,58,15,62,52,12,0,4,4,4,0,1
2,0,5,0,0,0,2,58,61,69,81,78,83,78,67,64,62,14,13,14,13,8,0,0
1,7,0,3,1,4,1,8,65,84,113,110,96,94,80,94,96,55,50,4,2,2,4,3
0,0,7,0,0,0,2,9,91,113,161,139,115,119,113,135,112,62,45,9,0,0,0,0
3,0,0,3,0,5,12,32,92,115,150,174,163,141,136,134,125,98,72,9,8,8,0,0
0,0,0,0,7,0,8,62,102,131,151,185,200,169,145,152,143,115,76,54,5,5,4,6
6,2,0,4,0,0,4,53,103,127,152,201,180,135,106,156,229,118,55,37,14,6,6,0
5,5,4,2,0,0,24,53,70,113,179,181,124,95,100,108,146,109,79,53,23,10,7,1
0,4,9,7,5,7,4,12,60,80,93,127,109,105,80,77,105,106,70,54,43,13,13,10
2,8,5,10,5,5,17,48,71,74,100,97,116,120,107,92,70,53,47,35,20,14,12,7
4,1,3,9,2,4,40,112,127,104,101,139,133,137,122,88,102,91,65,17,7,9,8,0
5,0,3,10,10,39,92,129,175,133,124,134,138,147,103,106,106,67,64,11,6,0,11,0
3,9,9,21,38,40,103,124,164,121,120,121,132,152,73,76,106,117,54,18,12,10,8,5
13,9,13,11,36,47,91,121,128,75,189,152,141,155,104,87,109,94,53,35,10,6,0,0
4,3,0,6,39,56,115,137,122,100,124,176,161,137,76,80,104,72,47,29,13,11,8,0
3,3,9,12,79,106,129,145,124,105,118,139,132,116,106,113,119,105,81,32,8,6,0,0
11,0,2,21,99,114,129,134,132,108,103,106,106,106,110,114,116,103,93,36,0,5,5,1
1,3,5,33,106,115,134,126,124,115,102,71,100,105,110,123,121,110,103,44,12,9,6,3
7,9,9,68,102,109,125,117,121,109,76,54,60,105,112,112,108,105,100,35,11,0,3,0
9,11,14,55,67,110,131,119,108,100,68,57,63,103,104,109,94,105,100,56,0,2,5,0
4,17,13,54,80,106,116,115,104,78,58,53,52,77,87,111,112,105,102,37,7,1,0,0
4,13,10,49,56,71,84,86,55,47,45,39,50,72,104,101,95,80,59,34,2,8,4,0
13,15,11,20,75,110,77,64,53,41,31,31,37,56,67,77,70,62,52,14,11,6,8,8
7,13,16,32,82,137,90,60,52,53,30,10,13,76,90,114,99,57,57,25,9,0,0,0
10,13,10,51,79,80,53,45,13,15,15,8,7,47,61,132,133,62,53,25,4,0,0,0
2,7,14,51,58,50,28,23,12,8,11,12,13,20,45,60,85,60,47,13,10,6,0,0
8,15,34,61,54,46,34,24,11,7,12,6,11,7,15,47,54,42,22,10,0,8,0,0
12,16,27,62,54,42,14,14,7,10,9,2,0,0,5,35,52,54,35,11,1,0,0,0
7,17,50,29,37,12,20,13,8,7,14,9,1,0,4,26,48,51,12,10,1,6,4,0
0,11,27,14,19,12,13,12,6,9,12,9,10,11,10,12,14,23,9,7,9,0,0,0
5,12,14,8,12,10,12,14,3,4,14,14,0,6,10,10,13,10,6,0,0,0,0,0
6,6,12,11,11,10,17,12,4,13,13,10,14,13,19,12,14,6,8,0,0,0,0,0
0,12,13,8,10,9,13,14,6,8,12,4,7,10,14,12,14,7,9,8,0,0,0,0
8,14,13,10,6,11,8,13,11,12,0,8,14,11,11,4,12,12,13,5,7,0,5,5
4,13,21,13,12,10,8,1,7,10,3,11,9,12,6,12,9,10,11,9,8,5,6,1
8,13,9,13,12,9,8,6,3,6,12,8,1,7,9,13,14,13,9,10,10,8,2,4

0,6,9,8,7,3,11,14,50,43,50,8,19,8,5,5,14,12,28,23,51,76,52,13
0,8,10,112,143,107,105,85,65,79,69,78,114,69,71,108,87,105,101,80,76,135,87,50
11,30,42,104,126,95,79,48,59,68,108,128,143,118,109,105,93,101,101,96,56,58,56,53
9,5,27,58,56,56,42,57,50,57,86,120,116,98,66,50,58,36,31,18,39,44,48,21
8,13,10,26,56,44,64,54,37,42,54,82,59,52,55,59,41,35,53,9,50,33,14,0
8,2,18,10,44,53,65,55,46,39,51,62,60,30,54,51,13,29,52,11,17,13,6,0
0,5,6,2,14,52,53,54,25,45,25,64,57,61,9,14,14,38,52,3,10,14,3,0
6,7,8,0,13,11,57,56,61,62,43,4,51,55,7,38,52,16,14,10,5,5,0,0
4,4,1,0,10,7,6,58,66,53,56,58,56,58,16,62,52,12,0,4,4,4,0,1
2,0,5,0,0,0,2,58,61,68,82,79,83,79,67,64,63,14,13,14,13,8,0,0
1,7,0,3,1,4,1,8,65,84,114,109,95,93,80,93,95,55,50,4,2,2,4,3
0,0,7,0,0,0,2,9,91,113,161,139,114,118,112,134,112,62,45,9,0,0,0,0
3,0,0,3,0,5,12,34,92,116,150,172,161,140,134,132,124,98,73,9,8,8,0,0
0,0,0,0,7,0,9,63,103,132,153,185,199,167,144,150,143,115,77,54,5,5,4,6
6,2,0,4,0,0,4,53,103,128,155,203,178,135,106,151,231,121,56,39,14,6,6,0
5,5,4,2,0,0,25,54,72,115,181,174,124,96,102,109,142,112,81,53,25,11,7,1
0,4,9,7,5,7,4,12,61,80,93,129,112,107,81,78,106,106,71,55,43,13,13,10
2,8,5,10,5,5,16,48,71,74,101,99,119,122,108,93,71,53,47,35,20,14,12,7
4,1,3,9,2,4,38,111,126,104,102,141,135,138,123,90,103,91,64,16,7,9,9,0
5,0,3,10,10,36,91,127,165,133,126,135,139,148,104,107,106,66,63,11,6,0,11,0
3,9,9,20,38,39,103,123,159,121,121,121,133,153,74,76,105,114,53,17,12,10,8,5
13,9,13,11,35,47,90,120,126,75,191,153,141,156,105,87,107,91,53,33,9,5,0,0
4,3,0,6,39,56,115,137,122,100,124,176,160,137,75,80,104,71,46,29,12,11,8,0
3,3,9,12,79,106,129,145,124,105,118,139,131,116,106,113,119,105,82,32,7,5,0,0
11,0,2,20,99,114,129,134,132,108,103,106,106,106,110,114,116,103,92,36,0,5,5,1
2,3,5,32,106,115,134,126,124,115,102,73,100,105,110,123,121,110,102,44,12,9,6,3
7,9,9,67,102,109,125,117,121,109,77,54,59,105,112,112,108,105,100,35,11,0,3,0
9,10,14,55,67,110,131,119,108,100,69,57,64,103,104,109,93,105,100,56,0,2,6,0
3,17,13,54,80,106,116,115,104,78,58,53,52,77,87,111,112,105,102,37,7,1,1,0
4,13,10,49,56,71,84,86,55,47,46,38,50,72,104,101,95,81,59,34,2,8,4,0
13,14,11,21,74,110,77,65,53,42,31,30,38,57,67,77,70,62,53,14,11,6,8,8
7,13,16,32,82,137,90,60,52,54,29,10,13,75,89,114,99,57,58,26,9,0,0,0
10,13,10,51,80,81,53,46,14,16,16,8,7,47,61,132,134,62,53,26,4,0,0,0
2,7,14,51,59,50,28,23,12,8,11,13,13,21,45,60,86,60,47,13,10,6,0,0
8,15,34,61,54,46,34,24,11,7,12,6,11,7,15,48,54,42,21,10,0,7,0,0
12,16,28,62,54,42,14,15,7,10,10,2,0,0,5,34,52,54,36,11,1,0,0,0
7,16,50,29,37,12,20,13,8,7,14,9,1,0,4,25,48,51,12,11,1,6,4,0
0,11,27,14,19,12,13,12,6,9,12,9,10,11,10,12,14,24,9,7,9,0,0,0
6,12,14,8,12,10,12,14,3,4,14,14,0,6,10,10,13,10,6,0,0,0,0,0
6,6,12,11,11,10,18,12,4,13,13,10,14,13,18,12,14,6,8,0,0,0,0,0
0,12,13,8,10,9,13,14,6,8,12,4,7,10,14,12,14,7,9,8,0,0,0,0
8,14,13,10,6,11,8,13,11,12,0,8,14,11,12,4,12,12,13,5,7,0,5,5
4,13,21,13,13,10,8,1,7,10,3,11,9,12,6,11,9,10,11,9,8,5,6,1
8,13,9,13,12,9,8,6,3,6,12,8,2,7,9,13,14,13,9,10,10,8,2,4

0,6,9,8,7,3,11,14,50,44,51,8,20,9,5,5,14,12,29,26,51,77,52,13
0,8,10,112,144,107,105,86,65,80,69,79,115,70,72,108,87,105,101,80,76,135,87,50
11,31,44,104,127,95,78,48,59,68,108,128,144,118,109,105,93,101,101,95,56,58,56,53
9,5,28,58,56,56,42,57,50,57,87,120,116,98,66,50,58,36,30,18,39,43,48,21
8,13,10,26,56,44,64,54,37,43,54,82,60,52,55,59,40,35,52,9,50,31,14,0
8,2,18,10,44,53,65,56,46,39,51,62,60,30,54,51,13,29,52,11,18,13,6,0
1,5,6,2,14,52,53,54,25,46,26,64,57,61,9,14,14,39,52,3,10,14,3,0
6,7,8,0,13,10,57,56,61,62,45,5,51,56,7,40,53,17,14,10,5,5,0,0
4,4,1,0,10,7,6,58,66,53,56,58,56,59,18,62,53,12,0,4,4,4,0,1
2,0,5,0,0,0,2,58,61,69,82,80,84,80,68,64,64,15,13,14,13,8,0,0
1,7,0,3,1,4,1,8,65,83,114,110,96,94,80,93,97,56,50,4,2,2,3,3
0,0,7,0,0,0,2,9,91,113,161,138,113,118,112,132,111,63,46,9,0,0,0,0
3,0,0,3,0,5,12,32,92,115,149,170,159,140,133,131,123,98,73,10,8,8,0,0
0,0,0,0,7,0,9,63,103,132,153,184,198,166,143,150,143,115,77,54,6,5,4,6
6,2,0,4,0,0,5,54,104,129,158,204,176,135,106,146,230,124,56,40,14,6,6,0
5,5,4,2,0,0,26,54,75,117,182,168,124,98,103,109,139,113,83,54,25,11,7,1
0,4,9,7,5,7,4,12,61,80,93,130,114,108,82,79,106,106,73,55,44,13,13,10
2,8,5,10,5,5,16,48,71,74,102,101,121,124,109,95,71,54,47,36,19,14,12,7
5,1,4,9,2,4,36,110,125,104,103,142,136,138,124,91,103,91,64,14,7,9,8,0
5,0,3,10,10,32,89,125,158,133,127,136,140,149,105,107,106,66,62,10,6,0,11,0
3,9,9,19,38,38,103,122,156,121,121,122,134,154,74,76,104,112,53,17,12,10,8,5
13,9,13,11,35,46,89,119,125,74,190,154,141,156,105,87,106,89,53,30,9,5,0,0
4,3,0,6,38,56,115,136,121,100,124,176,160,136,75,79,103,70,46,28,12,10,8,0
3,3,9,12,78,106,129,145,124,105,118,138,131,116,106,113,119,105,81,32,7,5,0,0
11,0,2,20,98,114,129,134,132,108,103,106,106,106,110,114,116,103,92,35,0,5,5,1
2,3,5,32,106,115,134,125,124,115,102,71,100,105,110,123,121,109,102,44,12,9,6,3
7,9,9,67,102,109,125,117,121,109,76,55,59,105,112,112,108,105,100,33,11,0,3,0
9,10,14,55,67,110,131,119,108,100,69,57,64,103,104,109,94,105,100,56,0,2,6,0
3,17,13,54,80,106,116,115,104,78,59,53,52,77,87,111,112,105,102,37,7,1,1,0
4,13,10,49,56,71,84,86,55,47,45,38,50,72,104,101,95,80,60,34,2,8,4,0
13,15,11,22,75,110,77,64,53,41,31,31,38,57,67,77,70,62,53,14,11,6,8,8
7,13,16,32,83,137,90,60,52,53,30,10,13,76,90,114,99,57,57,25,9,0,0,0
10,13,10,51,80,81,53,46,13,17,17,9,7,48,61,133,134,62,53,26,4,0,0,0
2,7,14,51,58,50,28,23,12,8,12,12,13,22,45,60,86,60,47,13,10,6,0,0
8,15,34,61,54,46,34,24,11,7,12,7,11,7,15,48,54,42,21,10,0,7,0,0
12,16,28,62,54,43,14,15,7,10,10,2,0,0,5,35,52,54,35,11,1,0,0,0
7,17,50,30,37,12,19,13,8,7,14,9,1,0,5,26,48,51,12,10,1,6,4,0
0,11,28,15,19,12,13,12,6,9,12,9,10,11,10,12,14,24,9,7,9,0,0,0
6,12,14,8,12,10,12,14,3,5,14,14,0,6,11,10,13,10,6,0,0,0,0,0
6,6,12,11,11,10,18,12,5,13,13,11,14,13,18,12,14,6,8,0,0,0,0,0
0,12,13,8,10,9,13,14,6,8,12,4,7,10,14,12,14,7,9,8,0,0,0,0
8,14,13,10,6,11,8,13,11,12,0,8,14,11,12,4,12,12,13,6,7,0,5,5
4,13,21,13,13,10,8,1,7,10,3,11,9,12,6,11,9,10,12,9,9,5,6,1
8,13,9,12,12,9,8,6,2,6,12,8,2,7,9,13,14,13,9,10,10,8,2,4

0,6,9,8,7,3,11,14,50,44,51,8,21,8,5,5,14,12,31,26,52,77,52,13
0,8,10,112,144,107,105,86,65,80,69,79,115,70,72,108,87,105,101,80,76,135,87,50
11,31,44,104,127,95,79,48,59,68,108,128,144,119,109,105,93,101,101,95,56,58,56,53
9,5,27,58,56,56,42,57,50,57,87,120,116,98,66,50,58,36,31,18,39,44,48,22
8,13,10,27,56,44,64,54,38,42,54,82,60,52,55,60,41,36,53,10,50,31,14,0
8,2,18,10,44,53,65,55,46,39,51,62,60,30,54,51,13,29,52,11,17,13,6,0
1,5,6,3,14,52,53,54,26,45,26,64,57,61,9,14,14,40,52,3,10,14,3,0
6,7,8,0,13,10,57,57,61,63,44,5,51,56,7,41,53,19,14,10,5,5,0,0
4,4,1,0,10,7,6,58,67,53,56,58,56,59,19,63,53,12,0,4,4,4,0,1
2,0,5,0,0,0,2,58,61,69,83,80,84,80,68,64,64,16,13,14,13,8,0,0
1,7,0,3,1,4,1,8,65,83,114,110,96,94,80,94,98,57,50,4,2,2,4,3
0,0,7,0,0,0,2,9,91,112,160,138,114,118,112,133,112,63,47,9,0,0,0,0
3,0,0,3,0,5,12,32,91,115,149,170,160,140,133,131,124,99,73,9,8,8,0,0
0,0,0,0,6,0,8,62,103,131,151,184,199,166,143,150,143,115,77,54,6,5,4,6
6,2,0,5,0,0,4,53,103,128,155,203,177,135,105,148,230,122,56,39,14,6,6,0
5,5,4,2,0,0,25,54,73,116,181,171,124,97,102,109,140,112,82,53,23,10,7,1
0,4,9,7,4,7,4,12,61,80,93,130,112,107,82,78,106,106,72,56,43,13,13,10
2,8,5,10,5,5,16,48,71,74,102,100,120,123,109,94,71,53,47,36,20,14,12,7
4,1,4,9,2,4,38,110,126,104,103,141,135,138,123,90,103,91,64,15,7,9,9,0
5,0,3,10,10,36,91,127,162,133,126,136,139,149,104,107,106,66,63,11,6,0,11,0
3,9,9,20,38,39,103,123,158,121,121,122,133,153,74,76,105,113,53,17,12,10,8,5
13,9,13,11,35,47,90,120,126,75,191,153,141,156,105,87,107,91,53,32,9,5,0,0
4,3,0,6,39,56,115,137,122,100,124,176,161,137,76,80,104,71,46,29,12,11,8,0
3,3,9,12,78,106,129,145,124,105,118,139,131,116,106,113,119,105,82,32,7,5,0,0
11,0,2,21,99,114,129,134,132,108,103,106,106,106,110,114,116,103,93,36,0,5,5,1
1,3,5,32,106,115,134,126,124,115,102,71,100,105,110,123,121,110,103,44,12,9,6,3
7,9,9,68,102,109,125,117,121,109,77,54,60,105,112,112,108,105,100,33,11,0,3,0
9,10,14,55,67,110,131,119,108,100,69,57,64,103,104,109,94,105,100,56,0,2,6,0
3,17,13,54,80,106,116,115,104,78,59,53,52,77,88,111,112,105,102,38,7,1,0,0
5,13,10,49,56,71,83,86,55,47,46,38,50,72,104,101,95,80,59,34,2,8,4,0
13,15,11,20,75,110,77,64,53,41,31,31,38,56,67,77,70,62,53,14,11,6,8,8
7,13,16,32,82,137,90,61,52,53,29,10,13,76,90,114,99,57,58,24,9,0,0,0
10,13,10,51,80,80,53,46,14,17,17,9,7,48,61,132,134,62,53,26,4,0,0,0
2,8,14,51,58,50,28,23,12,8,12,12,13,21,45,60,85,60,46,13,10,6,0,0
8,15,34,61,54,46,34,24,11,7,12,7,11,7,15,49,54,43,22,11,0,7,0,0
12,16,28,62,54,42,14,15,7,10,10,2,0,0,5,35,52,54,35,11,1,0,0,0
7,17,50,29,37,12,19,13,8,7,13,9,1,0,5,27,48,51,12,11,1,6,4,0
0,11,27,15,19,12,13,12,6,9,12,9,10,11,10,12,14,24,9,8,9,0,0,0
6,12,14,8,12,10,12,14,3,4,14,14,0,6,11,10,13,10,7,0,0,0,0,0
6,6,12,11,11,10,18,12,4,13,13,10,14,13,18,12,14,6,8,0,0,0,0,0
0,12,13,8,10,9,13,14,6,8,12,4,7,10,14,12,14,7,9,8,1,0,0,0
8,14,13,10,6,11,8,13,11,12,0,8,14,11,12,5,12,12,13,5,7,0,5,5
4,13,21,13,12,10,8,1,7,10,4,11,9,12,7,12,9,10,11,9,9,5,6,1
8,13,9,13,12,9,8,6,3,6,12,8,1,7,9,13,14,13,9,10,10,8,2,4

0,6,9,8,7,3,11,15,50,44,51,8,21,8,5,5,14,12,30,27,51,76,52,13
0,8,10,112,143,107,105,85,65,79,69,79,115,70,72,108,87,105,100,80,75,135,87,50
11,30,42,104,126,95,79,48,59,68,108,128,145,119,109,105,93,101,101,95,56,58,57,53
9,5,27,58,56,56,42,57,50,57,86,120,116,98,66,50,58,37,30,18,39,44,48,21
8,13,10,26,56,44,64,54,38,41,54,82,60,52,55,60,42,37,53,10,50,33,14,0
8,2,18,10,44,53,65,56,46,39,51,62,60,31,54,52,13,29,52,11,18,13,6,0
0,5,6,2,14,52,53,54,28,47,28,65,57,61,9,14,14,41,52,4,10,14,4,0
6,7,8,0,13,11,58,57,61,63,45,5,51,56,7,43,53,18,14,10,5,6,0,0
4,4,1,0,10,7,6,58,67,53,56,58,56,58,19,62,53,12,0,4,4,4,0,1
2,0,5,0,0,0,2,58,61,68,82,79,83,79,68,64,64,15,13,14,13,8,0,0
1,7,0,3,1,4,1,8,65,84,114,110,96,94,81,95,97,56,50,5,3,2,4,3
0,0,7,0,0,0,2,9,91,113,160,139,115,120,114,135,112,63,45,10,0,0,0,0
3,0,0,3,0,5,12,32,91,115,149,173,162,141,135,133,125,99,73,10,8,8,0,0
0,0,0,0,6,0,8,62,102,131,151,185,199,168,144,151,143,115,76,54,5,5,4,6
6,2,0,5,0,0,4,53,103,127,153,201,179,135,106,153,228,119,55,37,13,6,6,0
5,5,4,2,0,0,24,53,72,114,180,178,124,96,101,109,144,111,80,53,23,11,7,1
0,4,9,7,5,7,4,12,61,80,93,129,110,106,81,77,106,106,71,55,43,13,13,10
2,8,5,10,5,5,16,48,71,74,101,98,118,121,107,92,70,53,47,35,20,14,12,7
4,1,4,9,2,4,39,111,127,104,102,140,134,137,123,89,103,91,65,17,7,9,8,0
5,0,3,10,10,37,91,128,167,133,125,134,138,148,104,107,106,66,63,11,6,0,11,0
3,9,9,20,38,39,103,124,161,121,120,121,133,152,73,76,106,115,54,18,12,10,8,5
13,9,13,11,36,47,90,120,126,75,189,152,141,155,105,87,108,93,53,33,9,5,0,0
4,3,0,6,39,56,115,137,122,100,124,176,160,137,76,80,104,71,47,29,12,11,8,0
3,3,9,12,79,106,129,145,124,105,118,139,131,116,106,113,119,105,82,32,7,5,0,0
11,0,2,21,99,114,129,134,132,108,103,106,106,106,110,114,116,103,93,36,0,5,5,1
2,3,5,33,106,115,134,125,124,115,103,71,100,105,110,123,121,110,102,43,12,9,6,3
7,9,9,69,102,109,125,117,121,109,76,54,60,105,112,112,108,105,100,35,11,0,3,0
9,10,14,55,67,110,131,119,108,100,70,57,64,103,104,109,94,105,100,56,0,2,6,0
3,17,13,54,80,106,116,115,104,78,59,53,52,77,87,111,112,105,102,37,7,1,0,0
4,13,10,49,56,72,84,86,55,47,45,39,50,72,104,101,95,81,59,34,2,8,4,0
13,15,11,20,75,110,76,65,53,41,31,30,38,57,67,77,70,62,53,14,11,6,8,8
7,13,16,32,82,137,90,60,52,53,31,10,13,76,90,114,99,57,58,25,9,0,0,0
10,13,10,51,80,80,53,46,14,16,16,9,7,47,61,132,134,62,53,27,4,0,0,0
2,7,14,51,59,50,28,23,12,8,12,13,13,20,45,60,85,60,46,13,10,6,0,0
8,15,35,61,54,46,34,25,11,7,12,7,11,7,15,47,54,43,22,10,0,8,0,0
12,16,28,62,54,43,14,15,7,10,10,3,0,0,5,36,52,54,37,12,1,0,0,0
7,16,50,29,37,12,20,13,8,7,14,9,1,0,5,27,48,51,12,11,1,6,4,0
0,11,27,14,19,12,13,12,6,9,12,9,10,11,10,12,14,24,9,8,9,0,0,0
5,12,14,8,12,10,12,14,3,4,14,14,0,6,11,10,13,10,6,0,0,0,0,0
6,6,12,11,11,10,18,12,4,13,13,10,14,13,19,12,14,6,8,0,0,0,0,0
0,12,13,8,10,9,13,14,6,8,12,4,7,10,14,12,14,7,9,8,1,0,0,0
8,14,13,10,6,11,8,13,11,12,0,8,14,11,12,4,12,12,13,5,7,0,5,5
4,13,22,13,13,10,8,1,7,10,4,11,9,12,7,12,9,10,11,9,8,5,6,2
8,13,9,13,12,9,8,6,2,6,12,8,2,7,9,13,14,13,9,10,10,8,2,4

0,6,9,8,7,3,11,15,50,44,51,8,21,8,5,5,14,12,30,25,51,76,52,13
0,8,10,112,143,107,105,85,65,79,69,79,115,70,72,108,87,105,100,80,75,134,87,50
11,30,42,104,127,95,79,48,59,68,108,128,145,119,109,105,93,101,101,95,56,58,57,53
9,5,28,58,56,56,42,57,50,57,87,120,116,98,66,51,59,36,32,18,39,44,48,21
8,13,10,26,56,44,64,54,38,43,54,82,60,52,55,60,42,36,53,10,50,31,14,0
8,2,18,10,44,53,65,56,46,40,51,62,61,31,54,52,13,30,52,11,19,13,6,0
0,5,7,2,14,52,53,54,29,48,27,65,57,61,9,15,14,42,52,4,10,14,4,0
6,7,8,0,14,11,58,57,61,63,46,5,51,56,7,44,53,19,14,10,5,6,0,0
4,4,1,0,10,7,6,58,67,53,56,58,56,58,19,62,52,12,0,4,4,4,0,1
2,0,4,0,0,0,2,58,61,69,82,80,84,79,67,64,64,16,14,14,13,9,0,0
1,7,0,3,1,4,1,8,65,84,114,110,96,95,81,95,97,56,50,5,3,3,4,3
0,0,7,0,0,0,2,9,91,113,161,140,117,120,114,136,112,63,47,10,0,0,0,0
3,0,0,3,0,5,12,33,92,115,150,175,164,141,135,134,126,99,73,10,8,8,0,0
0,0,0,0,6,0,8,62,102,131,150,185,199,169,145,151,143,115,76,54,6,5,4,6
6,2,0,5,0,0,4,52,103,127,152,200,180,135,106,158,226,118,55,36,13,6,6,0
5,5,4,2,0,0,23,53,70,112,179,180,124,96,100,109,148,110,78,53,23,10,7,1
0,4,9,7,4,7,4,12,60,80,93,128,109,105,80,77,106,107,71,54,43,13,13,10
2,8,5,10,5,5,17,48,71,74,100,97,116,120,107,92,70,53,46,36,20,14,12,7
4,1,3,9,2,4,40,112,127,104,101,139,133,137,122,89,103,91,65,20,7,9,8,0
5,0,3,10,10,38,92,128,171,132,125,134,138,147,103,106,106,67,64,11,6,0,11,0
3,9,9,20,38,40,103,124,162,121,120,121,132,152,73,76,106,116,54,18,12,10,8,5
13,9,13,11,36,47,90,120,127,75,189,152,141,155,104,88,109,93,53,34,10,6,0,0
4,3,0,6,39,56,115,137,122,100,124,176,160,137,75,80,104,72,47,29,13,11,8,0
3,3,9,12,79,106,129,145,124,105,118,139,132,116,106,113,119,105,82,33,8,6,0,0
11,0,2,21,99,114,129,134,132,108,103,106,106,106,110,114,116,103,92,36,0,5,5,1
2,3,5,32,106,115,134,125,124,115,102,71,100,105,110,123,121,110,103,44,12,9,6,3
7,9,9,68,102,109,125,117,121,108,76,54,60,105,112,112,108,105,100,36,11,0,3,0
9,10,14,55,67,110,131,119,108,100,69,57,64,103,105,109,94,105,100,57,0,2,6,0
3,17,13,54,80,106,116,115,104,79,58,53,52,77,87,111,112,105,102,38,7,1,0,0
4,13,10,49,56,71,84,86,55,47,46,38,50,72,104,101,95,80,59,34,2,8,4,0
13,15,11,20,74,110,77,64,53,41,31,30,38,56,67,77,70,62,53,14,11,6,8,8
7,13,16,33,82,137,90,60,52,53,30,10,13,77,90,114,99,57,57,26,9,0,0,0
10,13,10,51,80,80,53,46,14,16,16,9,7,48,61,132,133,62,53,25,4,0,0,0
2,7,14,51,58,50,28,23,12,8,12,12,13,21,45,60,85,60,46,13,10,6,0,0
8,15,34,61,54,47,34,24,11,7,12,7,11,7,15,48,54,42,22,10,0,8,0,0
12,16,28,62,54,42,15,15,7,10,10,3,0,0,5,35,52,54,36,11,1,0,0,0
7,16,50,29,37,12,20,13,8,7,13,9,1,0,5,26,48,51,12,11,1,6,4,0
0,11,27,15,19,12,13,12,6,9,12,9,10,11,10,12,14,24,9,8,9,0,0,0
5,12,14,8,12,10,12,14,3,4,14,14,0,6,11,10,12,10,6,0,0,0,0,0
6,6,12,11,11,10,18,12,4,13,13,10,14,13,18,12,14,6,8,0,0,0,0,0
0,12,13,8,10,9,13,14,6,8,12,4,7,10,14,12,14,7,9,8,1,0,0,0
8,14,13,10,6,11,8,13,11,12,0,8,14,11,12,4,12,12,13,5,7,0,5,5
4,13,22,13,12,10,8,1,7,10,4,11,9,12,7,12,9,10,11,9,8,5,6,1
8,13,9,13,12,9,8,6,3,6,12,8,2,7,9,13,14,13,9,10,10,8,2,4

0,6,9,8,7,3,11,15,50,43,51,8,20,8,5,5,14,12,29,25,51,76,52,13
0,9,10,112,143,107,105,85,65,80,69,79,115,70,72,108,87,105,100,80,75,134,87,50
11,30,43,104,127,95,79,48,59,68,108,128,145,119,109,105,92,101,101,95,56,58,57,53
9,5,27,58,56,56,42,57,50,57,86,120,116,99,66,51,59,36,31,18,39,44,48,22
8,13,10,26,56,45,64,54,38,42,54,82,60,52,55,60,42,36,53,10,50,33,14,0
8,2,18,10,44,53,65,56,46,39,51,62,61,31,54,52,13,31,52,11,20,13,6,0
0,5,6,2,14,52,54,54,29,47,29,65,57,61,9,16,14,42,52,4,11,14,4,0
6,7,8,0,14,11,58,57,61,63,47,5,51,56,7,44,53,18,14,10,6,6,0,0
4,4,1,0,10,7,6,58,67,53,56,58,56,58,20,62,52,12,0,4,5,4,0,1
2,0,5,0,0,0,2,58,61,69,82,79,84,79,67,64,64,16,14,14,13,8,0,0
1,7,0,3,1,4,1,8,65,84,114,110,96,95,81,95,97,56,50,5,3,3,4,3
0,0,7,0,0,0,2,9,91,113,161,139,116,120,115,136,112,63,45,10,0,0,0,0
3,0,0,3,0,5,12,33,91,115,150,175,164,141,136,134,125,98,73,10,8,8,0,0
0,0,0,0,6,0,9,62,102,131,150,185,200,170,145,151,143,115,77,54,5,5,4,6
6,2,0,5,0,0,4,52,103,127,152,201,181,136,107,158,226,118,55,36,14,6,6,0
5,5,4,2,0,0,24,53,71,113,180,181,124,96,101,109,148,110,79,53,22,10,7,1
0,4,9,7,4,7,4,12,60,80,93,128,110,105,80,77,106,107,70,54,42,13,13,10
2,8,5,10,5,5,17,48,71,74,100,98,117,121,107,92,70,53,46,36,20,14,12,7
4,1,4,9,2,4,40,111,127,104,101,139,134,137,122,89,103,91,65,17,7,9,8,0
5,0,3,10,10,38,91,128,170,132,124,134,138,147,103,106,106,67,63,11,6,0,11,0
3,9,9,20,38,40,103,124,162,121,120,121,132,152,73,76,106,116,54,18,12,10,8,5
13,9,13,11,36,47,90,120,127,75,189,152,140,155,104,88,108,93,53,34,10,6,0,0
4,3,0,6,39,56,115,137,122,100,124,175,160,137,76,80,104,71,47,29,13,11,8,0
3,3,9,12,80,106,129,145,124,105,118,139,132,116,106,113,119,105,82,33,8,6,0,0
11,0,2,21,100,114,129,134,132,108,103,106,106,106,110,114,116,103,93,36,0,5,5,1
2,3,5,33,106,115,134,126,124,115,102,70,100,105,110,123,121,110,102,46,12,9,6,3
7,9,9,67,102,109,125,117,121,109,76,55,60,105,112,112,108,105,100,35,11,0,3,0
9,10,14,55,67,110,131,119,108,100,69,57,65,103,104,109,95,105,100,56,0,2,6,0
3,17,13,54,80,106,116,115,104,79,59,53,52,77,88,111,112,105,102,38,7,1,1,0
4,13,10,50,56,71,84,86,55,47,45,38,50,72,104,101,95,81,59,34,2,8,4,0
13,15,11,21,75,110,77,65,53,41,31,31,38,57,67,77,70,62,53,14,11,6,8,8
7,13,16,32,83,137,90,60,52,53,29,10,13,76,90,114,99,57,58,25,9,0,0,0
10,13,10,51,80,81,53,46,14,15,15,9,7,48,61,133,134,62,53,25,4,0,0,0
2,7,14,51,59,50,28,23,12,8,12,12,13,21,45,60,86,60,46,13,10,6,0,0
8,15,35,61,54,46,34,23,11,7,12,7,11,7,15,48,54,42,21,10,0,7,0,0
12,16,28,62,54,42,14,15,7,10,10,2,0,0,5,35,52,54,35,11,1,0,0,0
7,17,50,29,37,12,19,13,8,7,14,9,1,0,5,27,50,51,12,11,1,6,4,0
0,11,27,15,19,12,13,12,6,9,12,9,10,11,10,12,14,25,9,8,9,0,0,0
6,12,14,8,12,10,12,14,3,4,14,14,0,6,11,10,13,10,6,0,0,0,0,0
6,6,12,11,11,10,18,12,4,13,13,11,14,13,19,12,14,6,8,0,0,0,0,0
0,12,13,8,10,9,13,14,6,8,12,4,7,10,14,12,14,7,9,8,1,0,0,0
8,14,13,10,6,11,8,12,11,12,0,8,14,11,12,4,12,12,13,5,7,0,5,5
4,13,21,13,13,10,8,1,7,10,4,11,9,12,7,11,9,10,12,9,8,5,6,1
8,13,9,13,12,9,8,6,3,6,12,8,2,7,9,13,14,13,9,10,10,8,2,4

0,6,9,8,7,3,11,14,50,43,51,8,22,8,5,5,14,13,30,25,51,77,52,13
0,9,10,112,144,107,105,85,65,79,69,79,116,71,72,108,87,105,100,80,75,134,87,50
11,32,43,104,127,95,79,48,59,68,108,128,145,119,109,105,92,101,101,95,56,58,56,53
9,5,28,58,57,56,42,57,50,57,86,120,116,98,67,51,59,37,32,19,39,44,49,22
8,13,10,27,56,45,65,54,38,43,54,82,60,52,55,60,43,36,53,10,50,34,14,0
8,2,18,10,44,53,65,56,46,40,52,62,60,31,54,52,13,30,52,11,20,13,6,0
0,5,7,2,14,52,53,54,29,49,29,65,57,61,9,15,14,42,52,4,10,14,4,0
6,7,8,0,14,11,58,57,61,63,48,5,51,56,8,45,53,19,16,10,6,6,0,0
4,4,1,0,10,7,6,58,67,53,56,58,57,59,22,62,53,13,0,4,4,4,0,1
2,0,5,0,0,0,2,58,61,69,83,80,84,80,68,65,65,19,14,14,13,9,0,0
1,7,0,3,1,4,1,8,65,84,114,110,96,95,81,94,98,57,50,5,3,2,4,3
0,0,7,0,0,0,2,9,91,113,161,139,115,119,113,134,112,63,47,10,0,0,0,0
3,0,0,3,0,5,12,33,91,115,149,172,161,140,134,132,124,99,73,10,8,8,0,0
0,0,0,0,6,0,9,63,103,132,152,184,198,168,144,149,142,115,77,54,6,5,4,6
6,2,0,5,0,0,4,53,103,128,154,202,179,136,107,153,229,120,56,39,13,6,6,0
5,5,4,2,0,0,24,54,72,115,182,175,125,97,102,109,144,112,81,54,25,11,7,1
0,4,9,7,4,7,4,12,61,80,93,129,112,107,81,78,106,107,71,56,43,13,13,10
2,8,5,10,5,5,16,48,71,74,101,99,119,123,108,94,71,54,47,36,20,14,12,7
5,1,4,9,2,4,37,110,126,103,102,141,135,138,123,90,103,91,64,15,7,9,8,0
5,0,3,10,10,34,90,126,160,133,126,135,139,148,104,107,106,66,63,11,6,0,11,0
3,9,9,20,38,39,103,123,157,121,120,121,133,153,74,76,105,114,53,17,12,10,8,5
13,9,13,11,35,47,90,119,126,75,190,153,141,156,105,87,107,91,53,32,9,5,0,0
4,3,0,6,39,56,115,136,121,100,124,175,160,137,75,80,104,71,46,29,12,10,8,0
3,3,9,12,78,106,129,145,124,105,118,139,131,116,106,113,119,105,80,32,7,5,0,0
11,0,2,21,98,114,129,134,132,108,103,106,106,106,110,114,116,103,93,35,0,5,5,1
2,3,5,32,106,115,134,125,124,115,102,70,100,105,110,123,121,110,103,44,12,9,6,3
7,9,9,68,102,109,125,117,121,109,77,54,60,105,112,112,108,105,100,33,11,0,3,0
9,10,14,55,67,110,131,119,108,100,69,57,64,103,104,110,94,105,100,57,0,2,6,0
3,17,13,54,80,106,116,115,104,79,59,53,53,77,87,111,112,105,102,38,7,1,1,0
4,13,10,49,56,71,84,86,55,47,46,38,50,72,104,101,95,80,59,35,2,8,4,0
13,15,11,20,75,110,76,64,53,41,31,30,38,57,67,77,70,62,53,14,11,6,8,8
7,13,16,32,83,137,90,60,52,53,29,10,13,76,90,114,99,57,58,26,9,0,0,0
10,13,10,51,80,81,53,47,14,16,18,9,7,48,61,133,134,62,53,26,4,0,0,0
2,8,14,51,58,50,28,23,12,8,12,13,13,22,45,60,86,60,46,13,10,6,0,0
8,15,34,61,54,46,34,24,11,7,12,7,11,7,16,49,54,43,22,10,0,7,0,0
12,16,27,62,54,43,14,15,7,10,10,2,0,0,6,36,52,54,34,11,1,0,0,0
7,16,50,29,37,12,21,13,8,7,14,9,1,0,5,27,50,51,12,11,1,6,4,0
0,11,27,15,19,12,13,12,6,9,12,9,10,11,10,12,14,25,9,8,9,0,0,0
6,12,14,8,12,10,12,14,3,5,14,14,0,6,11,10,13,10,6,0,0,0,0,0
6,6,12,11,12,10,18,12,4,13,13,11,14,13,18,12,14,6,9,0,0,0,0,0
0,12,13,8,10,9,13,14,6,8,12,4,7,10,14,12,14,7,9,8,1,0,0,0
8,14,13,10,6,11,8,12,11,12,0,8,14,11,12,5,12,12,13,6,7,0,5,5
4,13,21,13,13,10,8,1,7,10,4,11,9,12,7,12,9,10,11,9,9,5,6,1
8,13,9,13,12,9,8,6,3,6,12,8,2,7,9,13,14,13,9,10,10,8,2,4

0,6,9,8,7,3,11,15,50,43,51,8,21,8,5,5,14,13,35,27,52,78,52,13
0,9,10,113,144,107,105,86,65,80,69,79,116,71,72,108,87,105,100,80,75,135,87,50
11,30,44,104,127,95,79,48,59,68,108,128,145,119,109,105,92,101,101,95,56,58,56,53
9,5,28,58,56,56,42,57,50,57,86,120,116,98,66,51,60,37,32,18,39,44,48,21
8,13,11,27,56,44,64,54,37,43,54,82,60,52,55,60,42,36,53,10,50,33,14,0
8,2,18,10,44,53,65,56,46,39,51,62,61,31,54,52,13,31,52,11,19,13,6,0
1,5,7,3,14,52,53,54,29,47,28,65,57,61,9,15,14,43,52,4,10,14,4,0
6,7,8,0,13,11,58,57,61,62,46,5,51,56,8,45,54,20,15,10,6,6,0,0
4,4,1,0,10,7,6,58,67,53,56,58,57,59,24,62,53,13,0,4,5,4,0,1
2,0,5,0,0,0,2,58,61,69,83,80,85,80,68,65,65,21,14,14,13,9,0,0
1,7,0,3,1,4,1,8,65,83,114,110,96,95,81,94,99,58,51,5,3,2,4,3
0,0,7,0,0,0,2,9,91,112,160,138,114,119,113,133,112,63,47,10,0,0,0,0
3,0,0,3,0,5,12,34,91,115,149,170,160,140,134,131,123,99,74,10,8,8,0,0
0,0,0,0,6,0,9,63,103,132,152,183,197,167,144,149,142,115,77,54,6,5,4,6
6,2,0,5,0,0,4,54,103,129,156,202,177,136,107,148,229,123,56,40,14,6,6,0
5,5,4,2,0,0,25,54,74,117,182,170,125,98,104,110,141,113,82,53,25,11,7,1
0,4,9,7,4,7,4,12,61,80,93,131,114,109,82,79,107,106,73,56,44,13,13,10
2,8,5,10,5,5,16,48,71,74,102,101,121,124,110,95,72,54,47,36,20,14,12,7
5,1,4,9,2,4,36,109,125,104,103,142,136,138,124,91,103,91,64,14,7,9,8,0
5,0,3,10,10,32,89,125,155,133,127,136,140,149,105,107,106,65,61,10,6,0,11,0
3,9,9,19,37,38,102,122,154,121,121,122,134,154,75,77,104,112,53,16,12,10,8,5
13,9,13,11,35,47,89,119,125,74,190,153,141,156,105,87,106,88,52,30,9,5,0,0
4,3,0,6,39,56,115,136,121,100,124,175,159,136,75,79,104,70,46,28,12,10,8,0
3,3,9,12,77,106,129,145,124,105,118,138,131,116,106,113,119,105,81,31,7,5,0,0
11,0,2,20,98,114,129,134,132,108,103,106,106,106,110,114,116,103,92,35,0,5,5,1
2,3,5,32,106,115,134,125,124,115,102,70,100,105,110,123,121,110,102,44,12,9,6,3
7,9,10,68,102,109,125,117,121,109,77,55,60,105,112,112,108,105,100,35,11,0,3,0
9,10,14,55,67,110,131,119,108,100,69,57,65,103,104,109,93,105,100,56,0,2,6,0
3,17,13,54,80,106,116,115,104,78,59,53,52,77,87,111,112,105,102,38,7,1,1,0
4,13,10,50,56,71,84,86,55,47,46,39,50,72,104,101,95,81,59,35,2,8,4,0
13,15,11,20,75,110,76,64,53,41,31,31,38,57,67,77,70,62,53,14,11,6,8,8
7,13,16,33,83,138,90,61,52,53,31,10,13,76,89,114,99,57,58,26,9,0,0,0
10,13,10,51,80,81,53,46,14,16,17,9,7,48,61,133,135,62,53,26,4,0,0,0
2,8,14,51,58,50,28,23,12,8,12,13,13,22,45,60,86,60,46,13,10,6,0,0
8,15,34,61,54,46,35,24,11,7,12,7,11,7,16,49,54,43,22,11,0,7,0,0
12,16,28,62,54,42,15,15,7,10,10,3,0,0,5,36,52,54,34,11,1,0,0,0
7,17,50,30,37,12,20,13,8,7,14,9,1,0,5,27,48,51,12,11,1,6,4,0
0,11,27,15,19,12,13,12,6,9,12,9,10,11,10,12,14,24,9,8,9,0,0,0
6,12,14,8,12,10,12,14,3,5,14,14,0,6,11,10,13,10,6,0,0,0,0,0
6,6,12,11,12,10,18,12,4,13,13,11,14,13,19,12,14,6,8,0,0,0,0,0
0,12,13,8,10,9,13,15,6,8,13,4,7,10,14,12,14,7,9,8,1,0,0,0
8,14,13,10,6,11,8,13,11,12,0,8,14,11,12,5,12,12,13,6,7,0,5,5
4,13,22,13,13,10,8,1,7,10,4,11,9,12,7,12,9,10,11,9,9,5,6,1
8,13,9,13,12,9,8,6,3,6,12,8,2,7,9,13,14,13,9,10,10,8,2,4

0,6,9,8,7,3,11,16,50,43,51,8,22,8,5,5,14,13,34,27,52,78,52,13
0,9,10,113,144,107,105,86,65,79,69,79,116,71,72,108,87,105,100,80,75,134,87,50
11,31,44,104,127,95,79,49,59,68,108,128,145,119,109,105,92,101,101,95,56,58,56,53
9,5,28,58,56,56,42,57,50,57,86,120,116,99,67,51,59,38,32,19,39,44,49,22
8,13,10,27,56,44,64,54,38,41,54,82,60,53,55,60,43,39,53,10,50,34,14,0
8,2,18,10,44,53,65,56,46,40,51,62,61,31,54,52,13,31,52,11,20,13,6,0
1,5,7,3,14,52,53,54,29,49,30,65,58,62,9,15,14,43,52,4,10,14,4,0
6,7,8,0,14,11,58,57,61,63,48,5,51,56,8,46,54,21,15,10,6,6,0,0
4,4,1,0,10,7,6,58,67,53,56,59,57,59,24,62,53,13,0,4,5,4,0,1
2,0,5,0,0,0,2,58,61,69,83,80,85,80,68,65,65,23,14,14,13,8,0,0
1,7,0,3,1,4,1,8,65,83,114,111,97,95,81,95,99,58,51,5,3,3,4,3
0,0,7,0,0,0,2,9,91,112,161,139,115,120,114,134,112,63,48,10,0,0,0,0
3,0,0,3,0,5,12,33,91,115,149,172,161,140,134,132,124,99,73,10,8,8,0,0
0,0,0,0,6,0,9,63,103,131,150,184,199,167,144,149,142,115,76,54,6,5,4,6
6,2,0,5,0,0,4,53,103,128,153,202,179,135,106,150,228,121,56,39,13,7,6,0
5,5,4,2,0,0,24,54,73,115,181,174,125,97,102,109,143,112,80,53,23,11,7,1
0,4,9,7,4,7,4,12,61,80,93,129,112,107,82,78,106,107,72,56,43,13,13,10
2,8,5,10,5,5,16,48,71,74,101,100,119,123,109,94,71,53,47,36,20,14,12,7
5,1,4,9,2,4,38,110,126,104,102,141,135,138,123,90,103,91,64,16,7,9,8,0
5,0,3,10,10,35,91,126,160,133,126,135,139,149,104,107,106,66,63,11,6,0,11,0
3,9,9,20,38,39,103,123,157,121,121,121,133,153,74,76,105,113,53,17,12,10,8,5
13,9,13,11,35,47,90,119,126,75,190,153,141,156,105,87,107,90,53,31,9,6,0,0
4,3,0,6,39,56,115,137,121,100,124,176,160,136,75,80,104,71,46,29,12,10,8,0
3,3,9,12,79,106,129,145,124,105,118,139,131,116,106,113,119,105,82,32,7,5,0,0
11,0,2,22,99,114,129,134,132,108,103,106,105,106,110,114,116,103,93,36,0,5,5,1
2,3,5,32,106,115,134,125,124,115,102,71,100,105,110,123,121,110,103,44,12,9,6,3
7,9,9,68,102,109,125,117,121,109,77,54,60,105,112,112,108,105,100,36,11,0,3,0
9,10,14,55,67,110,131,119,108,99,68,57,64,103,104,109,94,105,100,56,0,2,6,0
3,17,13,54,80,106,116,115,104,78,59,53,52,77,88,111,112,105,102,38,7,1,1,0
4,13,10,49,56,71,84,86,55,47,46,39,50,72,104,101,95,80,59,34,2,8,4,0
13,15,11,20,75,110,77,64,53,42,31,31,38,57,67,77,70,62,53,14,11,6,8,8
7,13,16,32,83,137,90,61,52,53,33,10,13,77,90,114,99,57,58,27,9,0,0,0
10,13,11,51,80,81,53,46,14,16,16,9,7,48,61,133,134,62,53,28,4,0,0,0
2,8,14,51,58,50,29,23,12,8,12,13,13,20,45,60,85,60,46,13,10,6,0,0
8,15,34,61,54,46,34,24,11,7,12,7,11,8,16,48,54,42,22,10,0,8,0,0
12,16,28,62,54,42,15,15,7,10,10,3,0,0,6,35,52,54,36,11,1,0,0,0
7,17,50,29,37,12,20,13,8,7,14,9,1,0,5,28,50,51,12,11,1,6,4,0
0,11,27,15,19,12,13,12,6,9,12,9,10,11,10,12,14,24,9,8,10,0,0,0
6,12,14,8,12,10,12,14,3,5,14,14,0,6,11,10,13,10,6,0,0,0,0,0
6,6,12,11,12,10,18,12,4,13,13,11,14,13,19,12,14,6,9,0,0,0,0,0
0,12,13,8,10,9,13,14,6,8,12,4,7,10,14,12,14,7,9,8,1,0,0,0
8,14,13,10,6,11,8,13,11,12,0,9,14,11,11,5,12,12,13,5,7,0,5,5
4,13,22,13,13,10,8,1,7,10,4,11,9,12,7,12,9,10,11,9,8,5,6,1
8,13,9,13,12,9,9,6,3,6,12,8,2,7,9,13,14,13,9,10,10,8,2,4

0,6,9,8,7,3,11,15,50,44,51,9,23,9,5,5,14,13,33,27,52,77,52,13
0,9,10,112,143,107,105,86,65,80,69,80,116,71,72,108,88,105,100,80,75,135,87,50
11,31,43,104,127,95,79,48,59,68,108,129,146,119,109,105,92,101,101,95,56,58,57,53
9,5,28,58,56,56,42,57,50,57,86,120,116,100,67,51,59,38,33,18,39,44,48,21
8,13,10,27,56,44,64,54,38,44,54,82,60,53,55,60,44,39,53,10,50,33,14,0
8,2,18,10,44,53,65,56,46,39,51,62,61,32,54,52,13,31,52,11,21,13,6,0
0,5,7,3,14,52,54,55,32,50,29,65,57,62,9,19,14,44,52,4,11,14,4,0
6,7,8,0,14,11,58,57,62,63,47,5,51,57,8,48,54,21,16,11,6,6,0,0
4,4,1,0,10,7,6,59,67,53,56,58,57,59,23,62,53,13,0,4,5,4,0,1
2,0,5,0,0,0,2,58,62,69,82,80,84,80,68,65,65,20,14,14,13,8,0,0
1,7,0,3,1,4,1,8,65,84,114,110,97,95,81,95,98,57,51,5,3,3,4,3
0,0,7,0,0,0,2,9,91,113,161,139,117,121,115,136,112,63,46,10,0,0,0,0
3,0,0,3,0,5,12,33,92,115,149,174,163,141,135,134,125,99,73,10,8,8,0,0
0,0,0,0,6,0,9,63,103,131,150,185,199,169,145,151,142,115,76,54,6,5,4,6
6,2,0,5,0,0,4,53,103,127,152,200,180,136,106,156,226,118,55,37,14,6,6,0
5,5,4,2,0,0,24,54,71,114,180,178,124,96,101,109,146,110,79,53,23,10,7,1
0,4,9,7,5,7,4,12,60,80,93,128,110,106,81,77,106,107,71,54,42,13,13,10
2,8,5,10,5,5,16,48,71,74,100,98,118,121,107,92,70,53,47,36,20,14,12,7
4,1,4,9,2,4,40,111,127,104,101,140,134,137,122,89,103,91,64,17,7,9,8,0
5,0,3,10,10,37,91,128,167,132,125,134,138,148,104,107,106,67,63,11,6,0,11,0
3,9,9,20,38,40,103,124,160,121,120,121,132,152,73,76,106,115,54,17,12,10,8,5
13,9,13,11,36,47,90,120,126,75,189,152,140,155,104,88,108,93,53,34,9,6,0,0
4,3,0,6,40,56,115,137,122,100,124,176,161,137,75,80,104,72,47,29,13,11,8,0
3,3,9,12,79,106,129,145,124,105,118,139,132,116,106,113,119,105,81,33,8,6,0,0
11,0,2,21,98,114,129,134,132,108,103,106,106,106,110,114,116,103,92,36,0,5,5,1
2,3,5,32,106,115,134,125,124,115,102,70,100,105,110,123,121,110,102,44,12,9,6,3
7,9,9,69,102,109,125,117,121,109,76,55,60,105,112,112,108,105,100,36,11,0,3,0
9,10,15,55,67,110,131,119,108,99,69,57,66,103,104,110,94,105,100,56,0,2,6,0
3,17,13,54,80,106,116,115,104,78,59,53,52,77,87,111,112,105,102,37,7,1,1,0
4,13,10,49,56,71,84,86,54,47,46,38,50,72,104,101,95,81,59,34,2,8,4,0
13,15,11,20,75,110,77,65,53,42,31,31,38,57,67,77,70,62,53,14,11,6,8,8
7,13,16,32,83,137,90,60,52,53,29,10,13,77,90,114,99,57,58,25,9,0,0,0
10,13,10,51,80,80,53,47,14,17,18,9,7,48,61,132,134,62,53,26,4,0,0,0
2,8,14,51,59,50,29,23,12,8,12,13,13,22,45,60,85,60,46,13,10,6,0,0
8,15,34,61,54,46,34,24,11,7,12,7,11,8,16,48,54,42,22,11,0,8,0,0
12,16,28,62,54,43,15,15,7,10,10,3,0,0,6,36,52,54,35,11,1,1,0,0
7,17,50,29,37,12,20,13,8,7,14,9,1,0,5,27,50,51,12,11,1,6,4,0
0,11,28,15,19,12,13,12,6,9,12,9,10,11,10,12,14,25,9,8,10,0,0,0
6,12,14,8,12,10,12,14,3,5,14,14,0,6,11,10,13,10,7,0,0,0,0,0
6,6,12,11,12,10,18,12,4,13,13,11,14,13,19,12,14,6,9,0,0,0,0,0
0,12,13,8,10,9,13,14,6,8,12,4,7,10,14,12,14,7,9,8,1,0,0,0
8,14,13,10,6,11,8,13,11,12,0,9,14,11,12,5,12,12,13,5,7,0,5,5
4,13,22,13,12,10,8,1,7,10,4,11,9,12,7,11,9,10,12,9,9,5,6,1
8,13,9,13,12,9,9,6,3,6,12,8,2,7,9,13,14,13,9,10,10,8,2,5

0,6,9,8,7,3,11,16,50,44,51,9,22,9,5,5,14,13,33,26,51,76,52,13
0,9,10,112,143,107,105,86,65,79,69,79,116,71,72,108,88,105,100,80,75,134,87,50
11,30,43,104,127,95,79,48,59,67,108,129,146,119,109,105,92,101,101,95,56,58,56,53
9,5,28,58,56,56,42,57,50,57,86,120,116,99,67,51,60,37,32,20,39,44,48,22
8,13,10,27,56,45,64,54,38,43,54,82,60,53,55,60,44,39,53,10,50,34,14,0
8,2,18,10,44,53,65,56,46,39,52,62,61,32,55,52,13,32,52,11,21,13,6,0
0,5,7,2,14,52,54,55,31,49,30,65,58,62,9,19,14,44,52,4,11,14,4,0
6,7,8,0,14,11,58,57,62,63,49,5,52,57,8,49,54,20,15,10,6,6,0,0
4,4,1,0,10,7,6,59,67,53,56,58,57,59,25,62,53,13,0,4,5,4,0,1
2,0,5,0,0,0,2,59,62,69,83,80,84,80,68,65,65,22,14,14,13,8,0,0
1,7,0,3,1,4,1,8,65,84,114,110,97,95,81,95,98,57,51,5,3,3,4,3
0,0,7,0,0,0,2,9,91,113,161,140,117,121,115,136,113,63,46,10,0,0,0,0
3,0,0,3,0,5,12,34,92,115,150,175,164,141,135,134,126,98,73,10,8,8,0,0
0,0,0,0,6,0,8,62,102,131,150,184,199,170,145,150,142,115,76,54,6,5,4,6
6,2,0,5,0,0,4,52,103,127,151,199,180,136,107,159,224,117,55,37,14,6,6,0
5,5,4,2,0,0,24,53,70,112,179,181,124,96,101,109,149,109,78,53,22,10,7,1
0,4,9,7,5,7,4,12,60,80,93,128,109,105,81,77,106,107,70,55,42,13,13,10
2,8,5,10,5,5,17,48,71,73,100,97,116,120,107,92,70,53,46,36,20,14,12,7
4,1,4,9,2,4,39,111,127,103,101,139,133,137,122,89,103,91,64,17,7,9,8,0
5,0,3,10,10,38,92,128,169,132,125,134,138,147,103,106,106,67,63,11,6,0,11,0
3,9,9,20,38,40,103,124,162,121,120,120,132,152,73,76,106,116,54,18,12,10,8,5
13,9,13,11,36,47,90,120,127,75,189,152,140,155,104,87,109,94,53,35,10,6,0,0
4,3,0,6,39,56,115,137,122,100,124,176,161,137,75,80,104,72,47,29,13,11,8,0
3,3,9,12,79,106,129,145,124,105,118,139,132,116,106,113,119,105,82,33,8,6,0,0
11,0,2,21,100,114,129,134,132,108,103,106,106,106,110,114,116,103,93,35,0,5,5,1
1,3,5,33,106,115,134,125,124,115,102,73,100,105,110,123,121,110,103,44,13,9,6,3
7,9,9,68,102,109,125,117,121,109,77,55,61,105,112,112,108,105,100,35,11,0,3,0
9,10,14,55,67,110,131,119,108,100,69,57,65,103,104,110,94,105,100,57,0,2,6,0
3,17,13,54,80,106,116,115,104,78,59,53,53,77,88,111,112,105,102,37,7,1,1,0
4,13,10,49,56,71,84,86,55,47,46,38,50,72,105,101,95,81,59,34,2,8,4,0
13,15,11,20,75,110,77,64,53,42,31,31,38,57,67,77,70,62,53,14,11,6,8,8
7,13,16,32,83,137,90,61,52,53,31,10,13,77,90,114,99,57,57,26,9,0,0,0
10,13,10,51,80,81,54,46,14,16,16,9,7,48,61,133,134,62,53,26,4,0,0,0
2,8,14,51,58,50,29,23,12,8,12,13,13,22,45,60,85,60,46,13,10,6,0,0
8,15,34,61,54,46,34,24,11,7,12,7,11,8,15,48,54,42,22,11,0,8,0,0
12,16,28,62,54,42,14,15,7,10,10,3,0,0,6,37,52,54,37,12,1,1,0,0
7,17,50,29,37,12,20,13,8,7,14,9,1,0,5,28,50,51,12,11,1,6,4,0
0,11,28,15,19,12,13,12,6,9,12,9,10,11,10,12,14,27,9,8,10,0,0,0
6,12,14,8,12,10,12,14,3,5,14,14,0,6,11,10,13,10,7,0,0,0,0,0
6,6,12,11,11,10,18,12,4,13,13,10,14,13,18,12,14,6,9,0,0,0,0,0
0,12,13,8,10,9,13,14,6,8,12,4,7,10,14,12,14,7,9,8,1,0,0,0
8,14,13,10,6,11,8,13,11,12,0,9,14,11,12,5,12,12,13,5,7,0,5,5
4,13,22,13,13,10,8,1,7,10,4,11,9,12,7,11,9,10,11,9,8,5,6,1
8,13,9,13,12,9,9,6,3,6,12,8,2,7,9,13,14,13,9,10,10,8,2,4

0,6,9,8,7,3,11,14,50,44,51,9,23,8,5,5,14,13,33,26,51,76,52,13
0,9,10,112,143,107,105,86,65,79,69,80,117,71,72,108,87,105,100,80,75,134,87,50
11,31,42,104,127,95,79,48,59,68,108,129,146,119,109,105,92,101,101,95,56,58,56,53
9,5,27,57,56,56,42,57,50,57,86,120,116,100,67,52,60,38,32,19,39,44,48,22
8,13,10,27,56,45,65,54,38,44,54,83,60,53,55,60,44,39,53,10,50,35,14,0
8,2,18,10,44,53,65,56,46,39,52,62,61,32,55,52,14,32,52,11,22,13,6,0
0,5,7,3,14,53,54,55,34,49,32,65,58,62,9,20,14,44,52,4,11,15,4,0
6,7,8,0,14,11,58,57,62,63,49,5,52,57,8,48,54,21,17,10,6,6,0,0
4,4,1,0,10,7,6,59,67,53,57,58,57,59,25,62,53,13,0,4,5,4,0,1
2,0,5,0,0,0,2,59,62,69,82,80,84,80,68,65,65,20,14,14,13,9,0,0
1,7,0,3,1,4,1,8,65,84,114,110,97,96,82,95,97,56,50,5,3,3,4,3
0,0,7,0,0,0,2,9,91,112,161,139,117,121,116,137,112,63,45,10,0,0,0,0
3,0,0,3,0,5,12,34,91,115,150,175,165,142,136,135,126,98,73,10,8,8,0,0
0,0,0,0,6,0,8,63,102,131,150,185,200,170,146,151,143,115,76,54,6,5,4,6
6,2,0,5,0,0,4,52,103,127,151,199,181,136,107,160,224,117,55,37,13,6,6,0
5,5,4,2,0,0,24,53,70,113,180,181,124,96,101,109,149,109,78,53,23,11,7,1
0,4,9,7,4,7,4,12,60,80,93,128,109,105,81,77,106,107,70,55,42,13,13,10
2,8,5,10,5,5,17,48,71,74,100,98,117,120,107,92,70,53,46,36,20,14,12,7
4,1,4,9,2,4,40,111,127,104,101,139,133,137,122,89,103,91,64,17,7,9,8,0
5,1,3,10,10,38,92,128,169,132,125,134,138,147,103,106,106,67,64,11,6,0,11,0
3,9,9,21,38,40,103,124,161,121,120,120,132,152,73,75,106,116,54,18,12,10,8,5
13,9,13,11,35,47,90,120,127,75,188,152,140,155,104,87,109,93,53,35,10,6,0,0
4,3,0,6,40,56,115,137,122,100,124,176,161,137,75,80,104,72,47,29,13,11,8,0
3,3,9,12,79,106,129,145,124,105,118,139,132,116,106,113,119,105,81,33,8,6,0,0
11,0,2,21,98,114,129,134,132,108,103,106,105,106,110,114,116,103,92,36,0,5,5,1
2,3,5,32,106,115,134,125,124,115,102,70,100,105,110,123,121,110,103,44,12,9,6,3
7,9,9,68,102,109,125,117,121,108,76,55,60,105,112,112,108,105,100,35,11,0,3,0
9,10,14,55,67,110,131,119,108,100,69,57,65,103,104,110,94,105,100,56,0,2,6,0
3,17,13,54,80,106,116,115,104,78,59,53,52,77,87,111,112,105,102,37,7,1,1,0
4,13,10,49,56,71,84,86,55,47,46,38,50,72,105,101,95,80,59,34,2,8,4,0
13,15,11,20,75,110,76,64,53,41,31,31,38,57,67,77,70,62,53,14,11,6,8,8
7,13,16,32,83,137,90,61,52,54,30,10,13,77,90,114,99,57,57,26,9,0,0,0
10,13,10,51,80,81,54,47,14,17,17,9,7,48,61,133,134,62,53,26,4,0,0,0
2,8,14,51,58,50,28,23,12,8,12,13,13,22,45,60,85,60,46,13,10,6,0,0
8,15,34,61,54,46,34,24,11,7,12,7,11,8,15,49,54,42,22,10,0,7,0,0
12,16,28,62,54,42,15,15,7,10,10,3,0,0,6,37,52,54,35,11,1,1,0,0
7,17,50,29,37,12,21,13,8,7,14,9,1,0,5,28,50,51,12,11,1,6,4,0
0,11,29,15,19,12,13,12,6,9,12,9,10,11,10,12,14,24,9,8,10,0,0,0
5,12,14,8,12,10,12,14,3,5,14,14,0,6,11,10,13,10,6,0,0,0,0,0
6,6,12,11,12,10,18,12,5,13,13,11,14,13,19,12,14,6,9,0,0,0,0,0
0,12,13,8,10,9,13,14,6,8,12,4,7,10,14,12,14,7,9,8,1,0,0,0
8,14,13,10,6,11,8,12,12,12,0,9,14,11,12,5,12,12,13,5,7,0,5,5
4,13,22,13,13,10,8,1,7,10,4,11,9,12,7,12,9,10,12,9,9,5,6,1
8,13,9,13,12,9,9,6,3,6,12,8,2,7,9,13,14,13,9,10,10,8,2,4

0,6,9,8,7,3,11,14,50,44,51,9,23,9,5,5,14,13,33,27,52,77,52,13
0,9,10,112,143,107,105,86,65,80,69,80,117,72,72,108,88,105,100,80,75,134,87,50
11,32,44,104,127,95,79,49,59,68,109,129,146,120,109,105,93,101,101,95,56,58,57,53
9,5,30,57,56,56,42,57,50,57,86,120,116,100,67,52,59,37,32,20,38,44,49,22
8,13,10,27,56,44,64,54,39,44,54,83,60,53,56,60,44,39,53,10,50,35,14,0
8,2,19,10,44,53,65,56,46,40,52,62,61,32,55,52,14,32,52,11,21,13,6,0
0,5,7,3,14,52,54,54,33,50,30,65,58,62,9,19,14,44,52,4,11,15,4,0
6,7,8,0,14,11,58,57,62,63,49,5,52,57,8,49,54,21,15,11,6,7,0,0
4,4,1,0,10,7,6,59,67,53,57,58,57,59,26,62,53,13,0,4,5,4,0,1
2,0,5,0,0,0,2,58,62,69,83,80,85,80,68,65,65,22,14,14,13,9,0,0
1,7,0,3,1,4,1,8,65,83,114,110,96,95,81,95,98,57,51,5,3,3,4,3
0,0,7,0,0,0,2,9,91,113,160,139,116,120,115,135,112,63,47,10,0,0,0,0
3,0,0,3,0,5,12,35,91,115,149,173,162,140,134,133,125,98,73,10,8,8,0,0
0,0,0,0,6,0,9,63,103,131,151,184,198,168,145,149,142,115,77,54,6,5,4,6
6,2,0,5,0,0,4,53,103,128,153,200,179,136,107,156,226,119,56,40,13,6,6,0
5,5,4,2,0,0,24,54,72,115,182,176,125,97,102,110,146,111,80,53,23,11,7,1
0,4,9,7,5,7,4,12,61,80,93,129,112,107,82,78,106,107,72,56,44,13,13,10
2,8,5,10,5,5,16,48,71,74,101,99,119,122,108,94,71,54,47,36,20,14,12,7
4,1,4,9,2,4,38,110,126,103,102,141,134,137,123,90,103,91,65,16,7,9,8,0
5,1,3,10,10,35,91,127,161,133,126,135,139,148,104,107,106,66,63,11,6,0,11,0
3,9,9,20,38,39,103,123,157,121,120,121,133,153,74,76,105,114,53,17,12,10,8,5
13,9,13,11,35,47,90,119,126,75,190,153,141,156,105,87,107,91,53,33,9,6,0,0
4,3,0,6,39,56,115,136,121,100,124,176,161,137,75,80,104,71,46,29,12,11,8,0
3,3,9,12,79,106,129,145,124,105,118,139,132,116,106,113,119,105,81,32,8,6,0,0
11,0,2,21,98,114,129,134,132,108,103,106,105,106,110,114,116,103,93,36,0,6,5,1
2,3,5,32,106,115,134,125,124,115,102,71,100,105,110,123,121,109,103,43,12,9,6,3
7,9,9,68,102,109,125,117,121,109,76,55,60,105,112,112,108,105,100,35,11,0,3,0
9,10,14,55,67,110,131,119,108,100,69,57,65,103,104,109,94,105,100,56,0,2,6,0
3,17,13,54,80,106,116,115,104,78,59,53,53,77,88,111,112,105,102,38,7,1,1,0
4,13,10,49,56,71,84,85,55,47,45,39,50,72,104,101,95,81,59,35,2,8,4,0
13,15,11,20,75,110,77,64,53,42,31,31,38,57,67,77,70,62,53,14,11,6,8,8
7,13,16,32,83,138,90,61,52,53,31,10,13,77,90,114,99,57,58,26,9,0,0,0
10,13,11,51,80,81,54,46,14,16,18,9,8,48,61,133,135,62,53,27,4,0,0,0
2,8,14,51,58,50,28,23,12,8,12,13,13,22,45,60,85,60,46,13,10,6,0,0
8,15,34,61,54,46,34,25,11,7,12,7,11,8,16,50,54,43,21,11,0,7,0,0
12,16,28,62,54,42,15,16,7,10,10,3,0,0,6,36,52,54,36,11,1,1,0,0
7,17,50,30,37,12,22,13,8,7,14,9,1,0,5,29,50,51,12,11,1,6,4,0
0,11,28,15,19,12,13,12,6,9,12,9,10,11,10,12,14,24,9,8,10,0,0,0
6,12,14,8,12,10,12,14,3,5,14,14,0,6,11,10,13,10,7,0,0,0,0,0
6,6,12,11,12,10,18,12,5,13,13,11,14,13,19,12,14,6,9,0,0,0,0,0
0,12,13,8,10,9,13,14,6,8,12,4,7,10,14,12,14,7,9,8,1,0,0,0
8,14,13,10,6,11,8,12,11,12,0,9,14,11,12,5,12,12,13,6,7,0,5,5
4,13,21,13,12,10,8,1,7,10,4,11,9,12,7,12,9,10,11,9,9,5,6,1
8,13,9,13,12,9,9,6,3,6,12,8,2,7,9,13,14,13,9,10,10,8,2,4

0,6,9,8,7,3,11,16,51,44,51,9,22,8,5,5,14,13,35,29,52,78,52,13
0,9,10,113,144,107,105,86,65,79,69,80,117,72,72,108,88,105,100,80,75,134,87,50
11,31,44,104,127,95,79,48,59,68,109,129,147,120,109,105,93,101,101,95,56,58,56,53
9,5,28,58,56,56,42,57,50,57,86,120,116,100,67,52,60,38,32,19,39,44,49,22
8,13,10,27,56,45,64,54,39,43,54,82,60,53,55,60,44,40,53,10,50,35,15,0
8,2,18,10,45,53,65,56,46,40,52,63,61,32,55,52,14,33,52,11,22,13,7,0
1,5,7,3,14,52,53,54,31,49,29,65,58,62,9,19,14,44,52,4,11,14,4,0
6,7,8,0,14,11,58,57,61,62,49,5,52,57,8,49,54,21,16,10,6,6,0,0
4,4,1,0,10,7,6,58,67,53,57,59,57,59,27,62,53,13,0,5,5,4,0,1
2,0,5,0,0,0,2,58,61,69,83,80,85,81,68,65,66,25,14,14,13,9,0,0
1,7,0,3,1,4,1,8,65,83,114,110,96,95,82,95,99,58,51,5,3,3,4,3
0,0,7,0,0,0,2,9,91,112,160,138,115,120,115,135,112,63,49,10,0,0,0,0
3,0,0,3,0,5,12,35,92,115,149,171,160,140,134,132,124,99,74,10,8,8,0,0
0,0,0,0,6,0,9,64,103,132,152,183,197,167,144,149,142,115,77,54,6,6,4,6
6,2,0,5,0,0,4,54,104,129,157,201,177,136,107,149,227,122,56,41,14,6,6,0
5,5,4,2,0,0,26,54,75,117,182,169,125,98,103,110,141,113,82,54,25,11,8,1
0,4,9,7,4,7,4,12,61,80,93,130,114,108,82,79,107,107,73,56,44,13,13,10
2,8,5,10,5,5,16,48,71,74,102,100,120,124,109,95,71,54,47,36,20,14,12,7
5,1,4,9,2,4,37,109,125,104,103,142,136,138,124,91,103,91,64,15,7,9,9,0
5,1,3,10,10,33,90,125,156,133,127,136,140,149,104,107,106,66,62,10,6,0,11,0
3,9,9,19,37,39,103,122,154,121,121,122,133,153,74,76,104,112,53,17,12,10,8,5
13,9,13,11,35,47,89,119,125,74,190,153,141,156,105,87,106,89,53,31,9,6,0,0
4,3,0,6,39,56,115,136,121,100,124,176,160,136,75,79,104,70,46,29,12,10,8,0
3,3,9,12,78,106,129,145,124,105,118,139,131,116,106,113,119,105,81,32,7,5,0,0
11,0,2,20,99,114,129,134,132,108,103,106,106,106,110,114,116,103,92,36,0,6,5,1
2,3,5,32,106,115,134,125,124,115,102,71,100,105,110,123,121,110,102,44,12,9,6,3
7,9,9,68,102,109,125,117,121,109,76,54,60,105,112,112,108,105,100,36,11,0,3,0
9,10,14,54,67,110,131,119,108,100,69,57,64,103,104,109,94,105,100,56,0,2,6,0
3,17,13,54,80,106,116,115,104,78,59,53,53,77,88,111,112,105,102,38,7,1,1,0
4,13,10,49,56,71,84,86,55,47,46,39,50,72,105,101,95,81,59,35,2,8,4,0
13,15,11,20,75,110,76,65,53,41,31,31,38,57,67,77,70,62,53,14,11,6,8,8
7,13,16,32,83,138,90,61,52,53,31,10,13,77,89,114,99,57,58,26,9,0,0,0
10,13,11,51,80,81,54,46,14,16,17,9,8,48,61,133,135,62,53,27,4,0,0,0
2,8,14,51,58,50,28,23,12,8,12,13,13,23,45,60,86,60,46,13,10,6,0,0
8,15,34,61,54,47,34,24,11,7,12,7,11,8,16,49,54,44,21,10,0,7,0,0
12,16,28,62,54,42,15,15,7,10,10,3,1,0,6,36,52,54,35,11,1,1,0,0
7,17,50,30,38,12,20,13,8,7,14,9,1,0,5,28,50,51,12,11,1,6,4,0
0,11,28,15,19,12,13,12,6,9,12,9,10,11,10,12,14,25,9,8,10,0,0,0
6,12,14,8,12,10,12,14,4,5,14,14,0,6,11,10,13,10,7,0,0,0,0,0
6,6,12,11,12,10,18,13,5,13,13,11,14,13,19,12,14,6,9,0,0,0,0,0
0,12,13,8,10,9,13,15,6,8,12,4,7,10,14,12,14,7,9,8,1,0,0,0
8,14,13,10,6,11,8,13,12,12,0,9,14,11,12,5,12,12,13,6,7,0,5,5
4,13,22,13,13,10,8,1,8,10,4,11,9,12,7,12,9,10,12,9,9,5,6,1
8,13,9,13,12,9,8,6,3,6,12,8,2,7,9,13,14,13,9,10,10,8,2,4

0,6,10,8,7,4,11,17,50,44,52,9,23,8,5,5,15,14,37,29,52,78,52,13
0,9,10,113,144,107,105,87,65,80,69,80,117,72,72,108,88,105,100,80,75,134,87,50
11,32,43,104,126,95,79,49,59,68,109,130,147,120,109,105,92,101,101,95,56,58,57,53
9,5,28,57,56,56,42,57,50,57,86,120,116,100,67,52,60,38,32,20,39,44,49,23
8,13,11,27,56,44,64,54,40,44,54,83,60,53,55,60,44,40,53,10,50,35,15,0
8,2,18,10,44,53,65,56,46,40,52,63,61,33,54,52,14,32,52,11,21,13,7,0
1,5,7,3,14,52,54,54,33,50,32,65,58,62,9,19,14,44,52,4,11,15,4,0
6,7,8,0,14,10,58,57,62,62,48,5,52,57,8,49,54,21,15,10,6,6,0,0
4,4,1,0,10,7,6,58,67,54,57,59,57,59,27,62,53,13,0,5,5,5,0,1
2,0,5,0,0,0,2,58,62,69,83,80,85,81,68,65,66,27,14,14,13,9,0,0
1,7,0,3,1,4,1,8,65,84,114,110,97,95,81,95,99,58,51,5,3,3,4,3
0,0,7,0,0,0,2,10,91,113,161,139,115,119,114,134,112,63,49,10,0,0,0,0
3,0,0,3,0,5,12,35,92,116,150,171,160,139,132,132,124,100,74,10,8,8,0,0
0,0,0,0,6,0,9,63,103,132,153,184,197,166,144,149,142,115,78,55,6,6,4,6
6,2,0,5,0,0,4,54,104,129,157,201,176,135,106,148,227,123,56,40,14,6,6,0
5,5,4,2,0,0,26,54,75,117,182,168,124,97,103,110,141,113,83,54,25,11,7,1
0,4,9,7,4,7,4,12,61,80,93,130,113,108,82,79,107,106,74,56,43,13,13,10
2,8,5,10,5,5,16,48,71,74,102,100,121,124,109,95,72,54,47,36,20,14,12,7
5,1,4,9,2,4,37,109,125,104,103,142,135,138,124,91,103,91,65,16,7,9,9,0
5,1,3,10,10,33,90,125,156,133,127,136,140,149,105,107,106,66,62,10,6,0,11,0
3,9,9,19,37,39,103,122,154,121,121,122,134,154,74,77,104,112,53,17,12,10,8,5
13,9,13,11,35,47,89,119,125,74,190,153,141,156,105,87,106,89,53,31,9,5,0,0
4,2,0,6,39,56,115,136,121,100,124,176,160,137,75,80,104,71,47,28,12,10,8,0
3,3,9,12,79,106,129,145,124,105,118,139,131,116,106,113,119,105,81,32,7,5,0,0
11,0,2,21,98,114,129,134,132,108,103,106,106,106,110,114,116,103,92,36,0,6,5,1
2,3,5,32,106,115,134,125,124,115,102,70,100,105,110,123,121,110,102,44,12,9,6,3
7,9,9,67,102,109,125,117,121,109,77,55,61,105,112,112,108,105,100,35,11,0,3,0
9,10,14,55,67,110,131,119,108,99,70,57,64,103,105,110,94,105,100,56,0,2,6,0
3,17,13,54,80,106,116,115,104,78,59,53,52,77,88,111,112,105,102,37,7,1,1,0
4,13,10,49,56,71,84,86,55,47,46,38,50,72,105,101,95,80,59,34,2,8,4,0
13,15,11,21,75,110,76,64,53,41,31,31,39,57,67,77,70,62,53,14,11,6,8,8
7,13,16,32,83,138,90,61,52,53,30,10,13,77,90,114,99,57,57,26,9,0,0,0
10,13,11,51,80,81,54,46,14,17,18,9,8,49,61,133,134,62,53,26,4,0,0,0
2,8,14,51,58,50,28,23,12,8,12,13,13,22,45,60,85,60,46,13,10,6,0,0
8,15,34,61,54,47,34,24,11,7,12,7,11,8,17,50,54,43,22,11,0,7,0,0
12,16,28,62,54,42,15,15,7,10,10,3,0,0,6,37,52,54,36,11,1,1,0,0
7,17,50,29,37,12,20,13,8,7,14,10,1,0,5,29,50,51,12,11,1,6,4,0
0,11,29,15,19,12,13,12,6,9,12,9,10,11,10,12,14,25,9,8,10,0,0,0
6,12,14,8,12,10,12,14,4,5,14,14,0,6,11,10,13,10,7,0,0,0,0,0
6,6,12,11,12,10,18,12,5,13,13,11,14,13,19,12,14,6,9,0,0,0,0,0
0,12,13,8,10,9,13,14,6,8,12,4,7,10,14,12,14,7,9,8,1,0,0,0
8,14,13,10,6,11,8,13,12,12,0,9,14,11,12,5,12,12,13,6,7,0,5,5
4,13,22,13,13,10,8,1,7,10,4,11,9,12,7,12,9,10,12,9,9,5,6,2
8,13,9,13,12,9,9,6,3,6,12,8,2,7,9,13,14,13,9,10,10,8,2,4
