8,8,10,20,42,40,46,53,73,81,76,68,25,13,0,11,14,11,0,0,9,12,12,0
13,12,13,37,55,47,48,9,14,50,57,71,79,9,9,0,14,0,0,0,0,12,21,0
11,5,6,8,13,47,14,14,52,17,14,10,69,110,96,66,57,106,52,11,0,0,5,0
6,10,0,10,3,13,28,10,5,2,10,51,10,54,82,62,68,119,54,14,0,0,0,0
0,0,1,0,0,13,55,13,63,54,65,43,72,62,64,57,58,69,17,12,0,0,0,0
5,10,9,24,12,52,56,82,81,83,65,92,92,86,81,57,34,10,10,0,0,1,0,0
4,7,11,38,10,51,85,103,125,107,102,110,142,134,104,71,11,14,9,0,9,7,2,0
0,9,1,14,13,77,101,135,138,146,137,146,163,150,130,84,54,54,2,44,10,1,9,2
4,7,11,7,52,73,93,145,169,151,125,148,189,176,141,105,56,8,13,1,0,0,0,0
0,0,14,12,55,70,116,174,208,165,152,188,243,288,191,108,81,14,30,0,0,0,6,0
1,8,13,15,59,73,134,250,227,183,170,177,228,290,203,140,85,58,12,3,7,0,0,0
1,0,4,10,61,68,100,156,180,175,183,167,164,198,174,126,101,57,12,7,8,4,0,11
7,1,2,33,80,85,102,134,149,165,171,179,171,158,140,123,103,50,13,13,5,0,0,0
0,0,12,14,60,79,106,131,136,148,159,163,150,151,140,123,104,56,8,2,0,0,0,6
0,3,9,14,52,55,77,124,127,110,140,162,160,149,138,118,93,28,0,0,0,0,7,1
0,0,6,10,39,77,68,118,131,131,135,161,179,156,131,99,71,17,0,7,7,11,3,0
6,1,10,10,18,76,102,115,108,125,140,140,160,119,91,73,59,18,1,8,7,0,2,0
1,12,14,29,40,50,58,102,114,137,145,150,128,119,103,73,55,33,21,14,10,4,11,3
0,0,9,14,73,95,109,126,130,182,149,167,147,110,112,110,87,58,27,13,6,10,6,4
3,8,26,72,72,93,93,141,160,191,189,212,192,145,155,128,122,102,43,11,6,0,0,4
11,21,39,45,81,89,128,141,142,195,195,227,191,149,156,143,126,110,53,27,0,0,1,8
9,12,53,73,117,128,138,153,162,191,227,195,176,192,154,161,129,97,56,23,14,3,5,9
16,31,54,81,123,136,130,149,138,174,238,162,166,173,172,173,141,109,69,28,13,10,6,6
14,70,72,101,116,131,137,133,130,122,131,134,151,158,168,158,138,117,102,30,12,10,0,0
35,86,103,112,121,129,128,123,120,104,102,117,139,147,159,148,149,119,102,42,13,8,3,9
34,54,68,101,118,127,126,120,109,102,85,107,123,143,153,142,153,122,108,55,32,10,7,0
31,55,64,96,109,111,109,104,102,74,77,81,107,118,134,140,119,110,82,14,13,5,11,6
35,55,70,103,112,115,109,73,88,96,75,100,81,111,129,132,123,119,89,8,10,11,11,6
38,58,84,110,116,118,108,101,73,59,73,58,63,104,130,129,120,114,46,18,8,14,12,1
12,64,87,101,108,88,75,62,62,55,57,53,55,76,89,105,95,81,46,10,10,6,8,5
14,54,87,71,98,88,66,51,41,19,29,47,50,76,106,114,78,56,21,11,10,9,0,3
32,96,127,85,73,101,61,50,11,12,9,52,53,65,113,116,126,77,32,18,9,5,6,0
13,50,64,64,69,79,52,23,14,10,10,33,51,58,67,92,132,85,18,11,4,3,0,2
3,11,18,63,61,51,13,2,3,2,12,11,37,51,60,85,67,56,13,2,7,0,0,0
0,1,9,42,50,38,0,6,0,3,3,10,14,25,53,55,58,51,9,10,9,6,6,1
0,0,0,29,50,13,3,6,7,4,0,6,11,13,46,54,50,41,8,9,4,3,9,6
0,0,10,32,48,14,11,5,10,9,6,12,12,20,37,34,52,51,14,10,7,5,0,4
0,5,3,14,14,10,4,11,12,9,12,11,11,22,35,53,55,52,24,8,4,0,0,0
2,1,0,13,8,4,0,11,8,9,3,13,14,17,45,53,57,51,24,4,0,0,3,0
0,0,2,9,9,3,9,13,10,12,13,14,14,15,14,51,55,42,42,11,10,0,0,7
1,2,6,0,13,6,3,12,13,10,9,10,8,10,12,32,37,53,19,9,5,0,0,0
7,10,9,7,12,12,11,12,0,0,0,3,2,1,11,14,11,14,12,4,4,0,0,6
13,36,21,7,11,9,0,3,0,4,8,5,0,0,14,3,9,12,11,6,9,10,3,0
15,48,28,13,12,7,6,10,10,8,0,3,7,10,8,5,8,14,17,7,7,0,6,6

8,8,10,21,42,39,45,53,73,81,77,68,25,13,0,11,14,11,0,0,9,12,12,0
13,11,13,36,55,47,48,9,14,50,57,71,80,10,10,0,14,0,0,0,0,12,19,0
11,5,7,8,13,45,14,14,52,17,14,10,69,110,97,66,57,106,52,11,0,0,5,0
7,11,0,10,3,13,28,10,5,2,10,51,10,53,82,62,68,119,54,14,0,0,0,0
0,0,1,0,0,13,56,13,63,54,65,45,72,62,65,57,58,69,17,12,0,0,0,0
6,10,8,26,12,52,56,83,82,83,66,93,93,87,82,57,34,10,10,0,0,0,0,0
5,7,11,38,10,51,85,102,124,106,102,110,142,134,104,71,11,13,9,0,9,7,1,0
0,9,1,14,13,77,101,134,136,144,135,144,160,148,129,84,54,54,1,43,10,1,9,2
4,7,10,6,52,72,91,142,166,149,124,146,187,173,140,105,56,8,13,1,0,0,0,0
0,0,14,12,54,69,114,171,204,164,152,186,238,284,190,108,81,14,29,0,0,0,5,0
1,8,13,14,58,72,132,244,227,186,175,181,226,284,202,140,85,58,12,3,7,0,0,0
1,0,4,10,61,67,100,157,183,179,188,170,166,199,175,127,101,57,12,7,8,4,0,11
7,1,2,34,82,85,103,135,151,168,175,182,174,160,141,124,104,50,13,13,5,0,0,0
0,0,11,14,60,80,107,132,138,151,163,165,153,154,141,124,104,61,9,2,0,0,0,6
0,2,9,15,53,55,79,125,128,112,143,164,162,151,139,119,95,33,1,0,0,0,7,1
0,0,6,11,47,79,68,119,132,133,138,164,181,158,132,100,72,20,0,7,7,11,3,0
6,2,10,10,20,77,102,116,110,127,142,143,163,121,92,73,60,17,1,9,7,0,2,0
1,12,13,28,40,50,58,103,116,139,147,152,130,121,104,73,55,32,21,14,10,4,11,3
0,0,9,14,72,94,109,126,131,183,149,168,148,110,112,110,86,58,25,13,6,10,6,4
3,8,21,71,71,91,91,141,160,191,189,213,193,146,156,128,122,102,40,11,6,0,0,4
11,20,38,45,80,88,127,140,141,194,194,226,191,149,156,142,126,110,52,27,0,0,0,8
9,12,52,73,116,128,137,152,160,190,225,193,175,191,153,160,128,96,55,23,14,3,5,9
16,30,53,80,122,135,130,149,137,172,237,160,165,173,171,173,140,109,69,27,13,10,5,6
14,69,72,101,116,131,136,133,130,122,130,134,150,157,168,158,138,117,102,30,12,10,0,0
35,87,103,112,121,128,128,123,120,104,102,116,139,147,159,147,148,119,102,42,14,8,3,9
34,54,68,101,118,126,126,120,109,102,85,107,123,142,153,142,153,122,108,55,32,10,7,0
30,55,63,96,109,110,109,104,102,74,77,81,107,118,135,140,119,110,81,14,13,5,11,6
34,56,69,103,112,115,109,72,88,95,74,100,80,111,130,132,123,119,90,8,10,11,11,6
38,58,84,110,116,118,107,101,73,59,72,58,63,104,130,128,120,114,46,18,8,14,12,1
12,64,87,100,108,88,75,62,62,55,57,53,56,76,89,105,95,81,46,10,10,6,8,5
14,55,87,71,98,88,66,51,41,19,29,47,50,76,106,113,78,56,21,11,10,9,0,3
32,95,127,85,73,101,61,50,11,12,9,52,53,65,112,116,126,77,32,18,9,6,6,0
13,50,63,64,69,79,52,24,14,10,10,33,51,58,67,92,132,86,18,11,4,3,0,2
3,12,15,63,61,51,13,2,3,1,13,11,35,51,60,85,68,56,13,2,7,0,0,0
0,1,9,42,50,38,0,6,0,3,3,10,14,25,53,55,58,51,9,10,9,6,6,1
0,0,0,29,50,13,3,6,8,5,0,6,11,13,46,54,50,41,8,9,4,3,9,6
0,0,10,32,48,14,11,5,10,9,6,12,12,23,37,34,52,51,14,10,7,5,0,4
0,5,3,14,14,10,4,11,12,9,12,11,11,22,35,53,55,52,24,8,4,0,0,0
2,1,0,13,8,4,0,11,8,9,4,13,14,17,45,53,57,51,24,4,0,0,3,0
0,0,2,9,9,4,9,13,11,12,13,14,14,15,14,51,55,41,42,11,10,0,0,7
1,1,6,0,12,6,2,12,13,10,8,10,8,10,12,32,36,53,18,9,5,0,0,0
7,11,9,6,12,11,11,12,0,0,0,4,2,1,11,14,11,14,12,4,4,0,0,6
13,35,22,7,12,9,0,3,0,4,8,5,0,0,14,3,10,12,11,6,9,10,3,0
15,46,29,13,12,7,6,10,10,8,0,3,7,10,8,5,8,15,17,7,7,0,6,6

8,8,10,19,41,39,46,53,73,81,77,68,26,13,0,11,14,11,0,0,9,11,12,0
13,12,13,36,55,47,48,9,14,50,57,71,80,10,10,0,14,0,0,0,0,12,19,0
11,5,7,8,13,47,14,14,52,20,14,10,69,110,97,67,58,106,53,11,0,0,5,0
8,11,1,11,3,13,28,10,5,2,10,52,10,54,82,62,68,119,54,14,0,0,0,0
0,0,1,0,0,13,55,13,62,54,65,47,73,62,64,57,58,69,17,12,0,0,0,0
6,10,8,25,12,51,56,82,81,83,66,93,93,86,81,57,33,11,10,0,0,0,0,0
5,8,11,36,10,50,83,101,123,106,101,111,142,133,103,71,11,12,8,0,9,7,1,0
0,9,1,13,13,76,99,133,135,144,136,146,162,147,127,83,54,54,1,43,10,1,8,2
4,7,10,6,52,72,91,142,167,151,125,148,190,174,138,104,56,8,13,0,0,0,0,0
0,0,14,12,54,69,114,169,207,167,150,185,242,284,190,108,81,14,29,0,0,0,5,0
1,8,13,15,58,72,130,249,240,186,173,179,231,293,200,138,85,57,12,3,7,0,0,0
1,0,4,10,61,67,101,160,183,177,187,168,164,202,177,127,101,57,12,7,8,5,0,11
7,1,2,35,82,85,103,135,150,167,173,180,172,160,141,124,104,51,13,14,5,0,0,0
0,0,12,14,61,80,107,132,137,149,161,164,152,153,141,124,104,63,9,2,0,0,0,6
0,2,9,15,53,55,78,125,127,111,142,163,161,150,138,119,95,34,1,0,0,0,7,1
0,0,6,11,45,79,68,119,131,132,137,162,180,156,132,100,72,20,1,7,6,11,3,0
6,2,10,10,21,77,102,116,109,126,141,142,162,120,91,74,60,19,1,9,7,0,2,0
1,12,14,29,40,50,58,103,115,138,146,151,129,120,104,73,55,33,21,14,10,4,11,3
0,0,9,14,72,94,109,126,130,182,149,167,148,110,112,111,87,58,27,13,6,10,6,3
3,8,25,71,72,92,92,141,160,191,189,212,193,146,156,128,122,102,43,11,6,0,0,4
11,21,39,45,81,88,127,140,141,194,194,227,191,149,156,142,126,110,52,27,0,0,0,8
9,12,53,73,117,128,138,152,161,190,226,194,176,192,154,161,129,97,56,23,14,3,5,8
16,29,54,80,123,135,130,149,137,173,237,161,166,173,171,173,141,109,70,28,13,10,5,6
14,70,71,101,116,131,137,133,130,122,130,134,150,157,169,158,138,117,102,31,12,10,0,0
36,88,103,112,121,128,128,123,120,104,102,116,139,147,159,147,149,119,102,42,14,8,3,9
34,54,68,101,118,126,125,120,109,102,85,107,123,143,153,142,153,122,108,55,32,10,7,0
31,55,64,96,109,110,109,104,102,74,77,81,107,118,134,140,119,110,81,14,13,5,11,6
35,56,69,103,112,115,108,72,88,96,75,100,80,111,130,132,123,119,90,8,10,11,11,6
38,57,84,110,115,118,107,101,72,59,72,58,63,104,130,128,120,114,46,18,8,14,12,1
12,64,87,101,108,88,75,62,62,55,57,53,55,76,89,105,96,81,46,10,10,7,8,5
14,55,88,71,98,88,66,51,41,19,30,47,50,76,106,113,78,56,21,11,10,9,0,3
31,95,126,85,73,101,61,50,11,12,9,52,53,65,113,116,126,77,32,18,9,6,6,0
13,50,63,64,69,79,52,23,14,10,11,32,51,58,67,92,132,85,18,11,4,3,0,2
3,11,16,63,61,51,13,2,3,2,12,11,35,51,60,84,67,56,13,2,7,0,0,0
0,1,9,41,50,38,0,7,0,3,3,10,14,26,53,55,58,51,9,10,9,6,6,1
0,0,0,28,50,14,3,6,8,5,0,6,11,13,45,54,50,41,8,9,3,3,9,6
1,0,10,32,48,14,11,5,10,9,6,12,12,20,38,34,52,51,14,10,7,5,0,4
0,5,3,13,14,10,4,11,12,9,12,11,11,22,35,53,55,52,25,8,4,0,0,0
2,1,0,13,8,3,0,11,8,9,4,13,14,17,45,53,57,51,24,4,0,0,3,0
0,0,3,9,9,4,9,13,11,12,13,14,14,15,14,51,55,42,42,11,10,0,0,7
1,2,6,0,12,6,2,12,13,10,9,10,8,10,12,32,36,53,19,9,5,0,0,0
7,10,9,6,12,11,11,12,1,0,0,4,2,1,11,14,11,14,12,4,4,0,0,6
13,36,19,7,11,9,0,3,0,4,9,5,0,0,15,3,9,12,11,6,9,10,3,0
14,48,28,13,12,7,6,10,10,8,0,3,7,10,8,5,8,15,17,7,7,0,6,6

8,8,11,20,41,39,47,53,73,81,77,68,27,13,0,11,14,12,0,0,9,11,12,0
13,12,13,37,55,48,48,9,14,50,57,71,80,10,10,0,14,0,0,0,0,12,18,0
11,6,7,8,13,45,14,14,52,20,14,10,69,110,98,67,58,106,53,11,0,0,5,0
8,11,1,11,3,13,29,10,5,3,10,52,10,54,82,63,68,120,54,14,0,0,0,0
0,0,1,0,0,13,55,13,62,54,65,47,73,62,64,58,59,69,18,12,0,0,0,0
6,10,8,24,12,52,56,81,80,83,66,93,93,86,81,57,33,11,10,0,0,0,0,0
5,8,11,37,10,50,83,101,123,106,102,112,142,133,103,71,11,12,8,0,9,7,1,0
0,9,1,13,13,75,99,133,136,145,137,148,163,147,127,82,54,54,1,42,10,1,8,1
4,7,10,6,52,72,91,143,169,153,127,150,191,174,138,103,55,8,13,0,0,0,0,0
0,0,14,12,54,69,113,168,208,169,150,186,246,285,189,107,80,14,29,0,0,0,5,0
1,8,13,14,58,72,127,250,251,186,170,176,238,301,199,137,84,57,12,3,7,0,0,0
1,0,4,10,61,67,101,161,182,175,184,165,163,204,177,126,101,57,12,7,8,4,0,11
7,1,2,33,80,84,103,134,149,165,171,177,170,158,141,124,103,50,13,14,5,0,0,0
0,0,12,14,60,80,107,131,137,148,159,162,150,151,140,124,104,61,8,2,0,0,0,6
0,3,9,14,53,55,78,124,126,110,140,161,159,149,138,118,95,33,0,0,0,0,7,1
0,0,6,11,44,78,68,118,130,130,135,160,179,155,131,100,72,20,1,7,6,11,3,0
6,1,10,10,19,77,102,116,108,125,140,140,160,119,91,73,60,20,1,9,7,0,2,0
1,12,14,29,40,50,58,102,114,137,145,149,127,119,104,73,56,33,21,14,10,4,11,3
0,0,9,14,74,96,109,126,130,181,148,166,147,110,112,111,88,59,29,13,6,10,6,4
3,9,28,72,73,93,93,141,160,191,189,212,192,146,157,129,123,103,47,12,6,0,0,4
11,21,39,46,81,89,128,141,142,196,195,227,191,150,157,143,127,111,53,28,0,0,1,8
9,12,53,74,117,128,138,153,162,191,227,195,177,193,155,162,129,97,56,23,14,3,5,8
16,30,54,81,123,135,130,149,138,175,239,163,167,174,172,174,141,109,70,29,13,10,5,6
14,70,73,101,116,131,137,133,130,122,131,134,151,158,169,158,139,117,102,32,12,10,0,0
36,87,103,112,121,128,128,123,120,104,102,117,139,147,159,148,149,119,102,43,14,8,3,9
33,54,68,101,118,126,126,120,110,102,85,107,124,143,153,142,153,122,108,57,32,10,7,0
33,55,63,96,109,110,109,104,102,74,77,81,107,118,134,140,119,110,82,14,14,5,11,6
33,55,70,103,112,115,108,72,88,95,73,100,80,111,130,132,123,119,90,8,10,11,11,6
38,57,84,110,116,118,107,101,73,60,72,58,63,104,130,128,120,114,46,19,8,14,12,1
12,64,87,101,108,87,75,62,62,54,56,53,56,76,89,105,96,81,46,10,10,7,8,5
14,55,87,71,98,88,66,51,41,19,30,46,50,76,106,114,79,56,21,11,10,9,0,3
29,95,126,85,73,101,61,50,11,12,9,52,53,65,113,116,126,77,32,18,9,6,6,0
13,50,63,64,69,79,52,23,14,10,11,33,51,58,67,92,131,85,18,11,4,3,0,2
3,11,15,63,61,51,13,2,3,1,13,11,35,51,59,84,67,56,13,2,7,0,0,0
0,1,9,42,50,37,0,7,0,3,3,10,14,27,53,55,58,51,8,10,9,6,6,1
0,0,0,28,50,13,3,6,8,5,0,6,11,13,45,54,50,40,8,9,3,3,9,6
1,0,10,32,48,14,11,5,10,9,6,12,12,19,38,34,52,51,14,10,7,5,0,4
0,5,3,13,14,10,4,10,12,9,12,11,11,22,35,53,55,52,24,8,3,0,0,0
2,1,0,13,8,4,0,11,8,9,4,13,14,17,46,53,57,51,24,4,0,0,3,0
0,0,2,9,9,3,9,13,11,12,13,14,14,15,14,51,56,41,41,11,10,0,0,7
1,2,6,0,12,6,2,12,13,10,9,10,8,10,12,32,37,53,18,9,5,0,0,0
7,10,9,6,12,11,11,12,1,0,0,4,2,1,11,14,11,14,12,4,4,0,0,6
13,35,20,7,11,9,0,3,0,4,9,6,0,0,15,3,10,12,11,6,9,10,3,0
14,46,28,13,12,7,6,10,10,8,0,3,7,10,8,5,8,15,17,7,7,0,6,6

8,8,11,22,41,39,47,53,73,82,77,69,28,13,0,11,14,12,0,0,8,11,12,0
13,12,13,37,56,48,50,9,14,50,57,71,81,10,10,0,14,0,0,0,0,12,16,0
11,6,7,8,13,47,14,14,52,20,14,10,71,111,98,67,58,106,53,11,0,0,4,0
8,11,1,11,3,13,30,10,5,3,10,53,10,54,82,63,69,120,54,14,0,0,0,0
0,0,2,0,0,13,55,13,63,54,66,50,74,62,65,58,59,69,18,12,0,0,0,0
6,10,9,26,12,52,56,82,81,83,66,93,92,85,81,57,33,11,10,0,0,0,0,0
5,8,11,38,10,51,84,102,125,108,102,112,142,132,103,71,11,12,8,0,9,7,1,0
0,10,1,14,13,76,100,134,138,148,139,150,164,147,127,83,54,54,1,44,10,1,8,1
4,7,11,7,52,73,92,146,173,156,129,152,193,176,139,104,56,8,13,1,0,0,0,0
0,0,14,12,54,69,114,169,210,172,150,188,250,290,191,108,81,14,29,0,0,0,5,0
2,8,13,14,58,72,126,249,260,189,168,176,247,308,197,136,84,57,12,3,7,0,0,0
1,0,4,9,60,67,100,161,181,173,181,163,164,208,177,126,101,56,12,7,8,4,0,11
7,1,2,32,78,84,102,133,147,162,168,175,168,156,140,123,103,50,13,15,5,0,0,0
0,0,11,13,59,78,106,130,135,147,156,160,149,149,138,122,104,57,7,1,0,0,0,6
0,3,9,14,52,55,76,123,125,108,138,159,158,148,137,117,93,29,0,0,0,0,7,1
0,0,6,10,38,77,67,117,129,129,133,158,177,154,130,99,71,19,0,6,7,11,3,0
6,1,10,9,16,76,102,115,107,124,138,139,159,119,90,73,60,22,1,9,7,0,2,0
1,12,14,29,40,50,58,101,113,136,144,148,126,118,104,74,56,33,21,14,10,4,11,3
0,0,10,16,75,97,110,126,129,180,148,166,146,110,113,112,90,60,29,14,6,10,6,4
3,9,30,73,74,94,94,141,160,191,188,212,192,146,158,130,124,103,49,12,6,0,0,4
11,21,39,46,81,89,129,141,142,196,196,228,192,150,158,144,128,111,54,28,0,0,1,8
9,12,54,74,117,128,138,153,163,192,228,196,178,194,155,164,130,98,56,24,14,3,5,8
17,30,54,81,123,136,130,150,138,176,240,163,167,174,173,174,141,109,70,29,14,10,5,6
14,70,72,101,116,131,137,133,131,123,131,135,152,159,169,159,139,117,102,32,12,10,0,0
35,89,103,112,121,128,128,124,121,104,102,117,140,147,159,148,149,119,102,43,14,8,3,9
33,54,68,101,118,126,126,121,110,102,83,107,124,143,153,142,153,122,108,57,32,10,7,0
33,55,64,96,109,110,109,104,102,72,77,81,107,118,135,140,119,110,83,14,14,5,11,6
34,55,69,103,112,115,109,72,88,96,73,100,80,111,129,132,123,119,90,8,10,11,11,6
38,58,84,110,116,118,107,101,73,60,72,58,63,104,130,129,120,114,46,19,8,14,12,1
12,64,87,101,108,88,75,62,62,55,57,53,56,76,89,105,96,81,46,10,10,7,8,5
14,54,87,71,98,88,66,51,41,20,30,46,50,76,106,114,78,56,21,11,10,9,0,3
31,94,126,85,73,101,61,50,11,12,9,52,53,65,113,116,126,77,32,18,9,6,6,0
13,50,63,64,69,79,52,23,14,10,11,34,51,58,67,92,131,86,18,11,4,3,0,2
3,11,15,63,61,51,13,2,3,1,12,11,35,51,59,84,67,56,13,2,7,0,0,0
0,1,9,41,50,38,0,7,0,3,3,10,14,25,53,55,57,51,8,10,9,6,6,1
0,0,0,27,50,13,3,6,8,5,0,6,11,13,46,54,50,40,8,9,3,3,9,6
1,0,10,32,49,14,11,5,10,9,6,12,12,21,38,34,52,51,14,10,6,5,0,4
0,5,3,14,14,10,4,10,12,9,12,11,11,21,36,53,55,52,23,8,3,0,0,0
2,1,0,13,8,4,0,11,8,9,4,13,14,17,44,53,57,50,24,4,0,0,3,0
0,0,3,9,9,3,9,13,10,12,13,14,14,14,14,51,55,41,41,10,10,0,0,7
1,1,6,0,12,6,2,12,13,10,9,10,8,10,12,32,36,53,19,9,5,0,0,0
7,10,8,6,12,11,11,12,1,0,0,4,2,1,11,14,11,14,12,4,4,0,0,6
13,36,19,7,11,9,0,3,0,4,9,6,0,0,15,3,10,12,11,6,9,10,3,0
14,46,28,13,12,7,6,10,10,8,0,3,7,10,8,5,8,15,16,7,7,0,6,6

8,8,11,21,40,41,47,53,74,82,78,69,28,13,0,11,14,12,0,0,8,11,12,0
13,12,13,37,55,50,50,9,14,50,58,71,82,11,10,0,14,0,0,0,0,12,18,0
11,6,7,8,13,48,14,14,52,22,14,10,73,111,98,67,58,106,53,11,0,0,4,0
8,11,1,11,3,13,30,10,5,3,10,53,10,54,83,63,69,120,54,14,0,0,0,0
0,0,2,0,0,13,56,13,64,55,66,50,75,62,65,58,59,70,18,12,0,0,0,0
7,10,9,27,13,52,57,83,83,84,66,94,93,86,81,57,34,11,10,0,0,0,0,0
5,8,11,38,10,52,85,103,126,109,103,113,143,133,104,71,11,12,9,0,9,7,1,0
0,10,1,14,13,76,101,135,140,150,140,149,164,149,128,83,55,54,1,44,10,0,8,1
4,7,11,7,52,73,93,147,173,155,129,152,193,177,140,105,56,8,13,1,0,0,0,0
0,0,14,12,54,69,115,172,211,170,150,189,250,290,193,109,81,14,30,0,0,0,5,0
2,9,13,14,58,72,129,253,251,186,166,176,246,307,199,138,85,57,12,3,7,0,0,0
1,0,4,10,60,67,100,158,179,172,179,162,163,206,177,126,101,57,12,7,8,4,0,11
8,2,2,32,78,84,101,132,147,161,166,174,168,156,139,123,103,50,12,16,5,0,0,0
0,0,12,13,59,78,106,130,135,146,155,159,148,149,138,122,104,59,6,1,0,0,0,6
0,3,8,13,52,55,76,123,124,107,137,158,157,147,137,117,92,29,0,0,0,0,6,1
0,0,6,9,39,77,67,117,129,128,132,157,176,153,130,99,71,21,0,5,7,11,2,0
6,1,10,9,16,75,102,114,106,123,137,138,158,118,90,73,60,22,1,8,7,0,2,0
1,12,14,29,40,50,58,101,112,135,143,147,126,118,104,74,57,33,21,14,10,4,11,3
0,0,10,16,75,97,109,126,129,180,148,165,146,109,112,112,90,60,29,14,6,10,6,4
3,9,30,73,74,94,94,141,160,191,188,212,192,146,157,130,124,103,49,12,6,1,0,4
11,21,39,45,81,89,128,141,142,196,195,228,192,150,158,144,128,111,54,28,0,0,1,8
10,12,53,74,117,128,138,153,162,192,228,196,178,194,156,163,130,98,56,24,14,3,5,9
16,30,54,81,123,135,130,149,138,176,240,163,167,174,172,175,141,109,70,29,14,10,5,6
14,70,73,101,116,131,137,133,131,122,131,135,152,158,170,159,139,117,102,32,12,10,0,0
35,88,103,112,121,128,128,123,120,105,102,117,140,147,159,148,149,119,102,43,14,8,3,9
33,54,67,101,118,126,126,121,110,102,85,107,124,143,153,142,153,122,108,57,32,11,7,0
33,55,63,96,109,110,109,104,102,74,77,81,107,118,135,140,119,110,83,14,14,5,11,6
34,55,70,103,112,115,109,72,88,97,74,100,80,111,130,132,123,119,90,8,10,11,12,6
38,58,84,110,115,118,107,101,73,60,72,58,63,104,130,128,120,114,46,19,8,14,12,1
12,64,87,101,108,88,75,62,61,55,57,53,55,76,89,105,96,81,46,10,10,7,8,5
14,54,87,71,98,88,66,51,41,20,29,47,51,76,106,114,79,56,21,11,10,9,0,4
32,95,126,85,73,101,61,50,11,12,9,52,53,65,113,116,126,77,32,18,9,6,6,0
13,50,63,64,69,80,52,23,14,10,11,33,51,58,67,92,132,86,18,11,4,3,0,2
3,11,15,63,61,51,13,2,3,1,13,11,35,51,60,84,67,56,13,2,7,0,0,0
0,1,9,42,50,40,0,7,0,3,3,10,14,25,53,55,57,51,9,10,9,6,6,1
0,0,0,28,50,13,3,6,8,5,0,6,11,13,46,54,50,41,8,9,3,3,9,6
0,0,10,32,50,14,11,5,10,9,6,12,12,20,38,34,52,51,14,10,7,5,0,4
0,5,3,14,14,10,4,10,12,9,12,11,11,22,36,53,55,52,24,8,4,0,0,0
2,1,0,13,8,4,0,11,8,9,4,13,14,16,45,53,57,50,24,4,0,0,3,0
0,0,3,9,9,4,9,13,10,12,13,14,14,15,14,51,56,41,41,11,10,0,0,7
1,2,6,0,12,6,2,12,13,10,9,10,8,10,12,32,37,53,19,9,5,0,0,0
7,11,9,7,12,11,11,12,1,0,0,4,2,1,11,14,11,14,12,4,4,0,0,6
13,36,23,7,12,9,0,3,0,4,9,6,0,0,15,3,10,12,11,6,9,10,3,0
14,48,29,13,12,7,6,10,10,8,0,4,7,10,8,5,8,15,17,7,7,0,6,6

8,9,11,22,40,38,48,53,74,83,78,70,28,13,0,11,14,12,0,0,8,11,12,0
13,12,13,39,55,50,48,9,14,51,58,72,82,11,10,0,14,0,0,0,0,13,16,0
11,6,7,8,13,48,14,14,52,22,14,10,73,111,99,67,58,106,53,11,0,0,4,0
9,11,1,11,3,13,30,10,5,3,10,53,11,54,82,63,69,120,54,14,0,0,0,0
0,0,2,1,0,14,56,13,64,54,66,50,75,62,65,58,59,69,18,12,0,0,0,0
7,10,9,26,13,52,57,82,82,84,66,94,93,86,82,58,34,11,10,0,0,0,0,0
6,8,11,39,10,52,85,102,124,107,102,111,142,133,104,71,11,12,8,0,9,7,1,0
0,10,1,14,13,76,100,133,136,145,137,146,160,147,127,83,54,54,1,43,10,0,8,1
4,7,10,7,52,72,91,142,167,151,125,148,189,174,139,105,56,8,13,1,0,0,0,0
0,0,14,12,54,69,114,170,207,166,150,187,245,287,191,108,81,14,30,0,0,0,5,0
1,8,13,14,58,72,130,249,238,185,171,178,237,300,201,138,85,57,12,3,7,0,0,0
1,0,4,10,61,67,101,158,181,175,184,167,165,203,178,127,101,57,12,7,8,4,0,11
7,1,3,34,80,85,102,134,149,165,170,178,171,159,140,124,104,51,13,16,4,0,0,0
0,0,12,14,60,80,107,131,136,148,159,162,150,151,140,124,104,62,7,1,0,0,0,6
0,2,9,14,53,55,78,124,126,109,140,161,159,149,138,118,95,34,0,0,0,0,6,1
0,0,6,10,45,79,68,118,130,130,135,160,179,154,131,100,72,23,1,6,6,11,2,0
6,1,10,10,18,77,102,115,108,125,139,140,160,119,91,73,60,22,1,8,7,0,2,0
1,12,14,29,40,50,58,102,114,137,145,149,127,119,104,73,56,33,21,14,10,4,11,3
0,0,10,14,73,96,109,126,129,181,148,166,147,110,112,112,89,59,28,13,6,10,6,4
3,9,25,73,73,92,93,141,160,191,188,212,192,146,157,129,123,103,45,12,6,0,0,4
11,20,39,45,80,88,127,140,141,195,195,227,191,149,157,143,127,110,53,27,0,0,1,8
9,12,53,73,116,128,137,152,161,190,226,194,176,193,154,162,129,97,56,23,14,3,5,9
16,30,54,80,122,135,130,149,137,173,237,161,166,173,171,174,141,109,70,29,13,10,5,6
14,70,71,101,116,131,136,133,130,122,130,134,150,158,168,158,138,117,102,32,12,10,0,0
35,87,103,112,121,128,128,123,120,104,102,117,139,147,159,148,149,119,102,42,14,8,3,9
36,54,68,101,118,126,125,120,109,102,86,107,124,143,153,142,153,122,108,57,32,10,7,0
33,55,63,96,109,110,109,104,102,74,78,81,107,118,135,140,119,110,83,14,13,5,11,6
34,55,70,103,112,115,108,72,89,96,74,100,80,112,129,132,123,119,90,8,10,11,12,6
38,57,84,109,115,118,107,101,73,60,72,58,63,104,130,128,120,114,46,18,8,14,12,1
12,64,87,100,108,87,75,62,62,55,57,53,56,76,89,105,96,81,46,10,10,7,8,5
14,55,87,71,98,88,66,51,41,19,30,46,50,76,106,114,79,56,21,11,10,9,0,4
33,96,126,85,73,101,61,50,12,12,10,52,53,65,113,116,126,78,32,18,9,6,6,0
13,50,63,64,69,79,52,24,14,11,11,34,51,58,68,92,132,86,18,11,4,3,0,2
3,12,15,63,61,51,13,2,3,2,13,11,35,51,60,84,68,56,13,2,7,0,0,0
0,1,9,42,50,38,0,7,0,3,3,10,14,26,53,55,58,51,9,10,9,6,6,1
0,0,0,29,50,14,3,6,8,5,0,6,11,13,46,54,50,41,8,9,3,3,9,6
0,0,10,32,49,14,11,5,10,9,6,12,12,21,38,34,52,51,14,10,7,5,0,4
0,5,3,14,14,10,4,11,12,9,12,11,11,23,36,53,55,52,24,8,4,0,0,0
2,1,0,13,8,4,0,11,8,9,4,13,14,17,46,53,57,51,24,4,0,0,3,0
0,0,3,9,9,3,9,13,11,12,13,14,14,14,14,51,56,41,42,11,10,0,0,7
1,2,7,0,13,6,2,12,13,10,9,10,8,10,12,32,37,53,19,9,5,0,0,0
7,11,9,7,12,12,11,12,1,0,0,4,3,1,11,14,11,14,12,4,4,0,0,6
13,38,22,7,12,9,0,3,0,4,9,5,0,0,15,3,10,12,11,6,9,10,3,0
15,48,30,13,12,7,6,10,10,8,0,3,7,10,8,5,8,17,17,7,7,0,6,6

8,9,11,21,40,40,47,53,75,83,79,70,30,13,0,11,14,12,0,0,8,11,12,0
13,12,14,37,55,47,48,9,14,51,58,73,83,11,10,0,14,0,0,0,0,13,16,0
12,6,7,8,13,47,14,14,52,22,14,11,75,111,100,67,58,106,53,11,0,0,4,0
9,11,2,11,3,13,30,10,5,3,10,53,11,54,82,63,69,119,54,14,0,0,0,0
0,0,2,1,0,14,56,13,63,54,65,50,75,62,65,58,59,69,18,12,0,0,0,0
8,10,8,25,13,52,56,82,81,83,66,93,92,86,82,57,33,11,11,0,0,0,0,0
7,8,10,35,9,51,83,101,122,105,101,109,139,131,102,71,11,10,8,0,9,6,1,0
0,9,0,13,12,75,98,131,133,141,134,143,156,143,124,82,54,53,1,39,9,0,8,1
4,7,10,6,51,72,89,137,162,147,123,145,185,171,137,104,56,8,13,0,0,0,0,0
0,0,14,12,54,68,113,167,202,163,150,184,238,282,189,108,81,14,28,0,0,0,5,0
1,8,13,14,58,72,129,241,231,187,176,182,231,291,201,138,85,57,12,3,7,0,0,0
1,0,3,10,61,67,100,159,184,180,189,171,167,203,178,128,101,57,12,7,7,5,0,10
7,1,2,35,82,85,103,136,152,169,176,182,175,161,142,125,104,51,13,16,4,0,0,0
0,0,11,16,61,81,107,132,138,151,163,166,153,154,141,125,105,65,8,2,0,0,0,6
0,2,9,20,53,56,79,125,129,113,143,164,162,151,139,119,98,37,1,0,0,0,7,1
0,0,7,12,50,79,68,119,132,133,138,164,181,157,132,100,73,24,1,7,6,11,3,0
6,2,11,10,22,78,103,116,110,127,142,143,163,121,92,74,60,20,1,9,7,0,2,0
1,12,14,28,40,50,58,103,115,139,146,152,130,120,105,74,56,33,21,14,11,4,11,3
0,0,9,14,71,93,109,126,131,183,149,168,148,110,112,111,87,58,25,13,6,10,6,3
3,8,20,71,71,91,91,141,160,191,189,213,193,146,156,128,122,102,41,11,6,0,0,4
11,20,38,44,80,87,126,139,141,194,194,226,191,149,156,142,126,110,52,27,0,0,0,8
9,12,53,72,116,127,137,151,159,189,225,192,175,191,153,161,128,96,56,23,14,3,5,9
16,29,53,79,122,135,130,148,136,171,235,160,164,172,170,173,140,108,70,28,13,10,5,6
14,70,72,101,116,131,136,133,130,122,130,133,150,157,168,158,138,117,102,30,12,10,0,0
35,86,103,112,120,128,128,123,120,104,102,116,139,147,158,147,149,119,102,42,13,8,3,9
33,54,68,101,118,126,125,120,110,102,85,107,123,142,153,142,153,122,108,55,32,10,7,0
31,55,63,96,109,110,109,104,102,74,77,81,107,118,134,140,119,110,82,14,13,5,11,6
33,55,69,103,112,115,108,73,88,96,74,100,80,111,129,132,123,119,90,8,10,11,11,6
38,57,84,109,115,117,107,101,73,59,72,58,63,104,130,128,120,114,46,18,8,14,12,1
12,64,87,100,108,88,75,62,61,55,57,53,55,76,89,105,96,81,46,10,10,7,8,5
14,55,87,71,98,88,66,51,42,19,30,46,50,77,106,114,79,56,21,11,10,9,1,4
33,96,127,85,73,101,61,50,12,12,10,52,53,65,113,116,127,78,32,18,9,6,6,0
13,50,63,64,69,79,52,23,14,11,11,34,51,58,67,92,133,86,19,11,4,3,0,2
3,12,16,63,61,51,13,2,3,2,13,11,37,51,60,85,68,56,13,2,7,0,0,0
0,1,9,42,50,39,0,7,0,3,3,10,14,26,53,55,58,51,9,10,9,6,6,1
0,0,0,29,50,14,3,6,8,5,0,6,11,13,46,54,50,41,8,10,4,3,9,6
1,0,10,32,49,14,11,5,10,9,6,12,12,23,38,34,52,51,14,10,7,5,0,4
0,5,3,14,14,10,4,11,12,9,12,11,11,23,36,53,55,52,24,8,4,0,0,0
2,1,0,13,8,4,0,11,8,9,4,13,14,17,45,53,57,51,24,4,0,0,3,0
0,0,3,9,9,4,9,14,11,12,13,14,14,14,14,51,56,41,42,11,10,0,0,7
1,2,7,0,13,6,3,12,13,10,9,10,8,10,12,32,37,53,19,9,5,0,0,0
7,11,9,7,12,12,11,12,1,0,0,4,2,1,11,14,11,14,12,4,4,0,0,6
13,37,22,7,12,9,0,3,0,4,9,5,0,0,14,3,10,12,11,6,10,10,3,0
15,46,30,13,12,7,6,10,10,8,0,3,7,10,8,5,8,18,17,7,7,0,6,6

8,9,11,21,40,38,48,53,74,83,79,70,31,13,0,11,14,12,0,0,8,11,12,0
13,12,14,36,55,50,50,9,14,51,58,72,83,11,10,0,14,0,0,0,0,13,15,0
12,6,7,8,13,45,14,14,52,22,14,10,75,111,99,67,58,106,53,11,0,0,4,0
9,11,2,11,3,13,31,10,5,3,10,53,11,54,82,63,69,120,54,14,0,0,0,0
0,0,2,1,0,13,55,13,62,54,66,50,75,63,64,58,59,69,18,12,0,0,0,0
8,10,8,24,12,52,56,81,80,83,66,93,93,86,82,58,33,11,11,0,0,0,0,0
7,8,10,35,9,50,82,100,122,105,101,110,141,131,103,71,11,10,7,0,8,6,1,0
0,9,0,13,12,75,97,130,133,141,135,145,158,144,125,82,54,53,1,37,9,0,8,1
4,7,10,6,51,71,89,137,163,148,124,147,187,172,137,103,56,8,13,0,0,0,0,0
0,0,14,12,54,68,113,167,204,165,149,184,241,283,189,107,81,14,29,0,0,0,5,0
1,8,13,14,58,72,127,244,239,186,174,180,235,295,200,138,84,57,12,3,7,0,0,0
1,0,3,10,61,67,100,160,184,178,188,169,165,204,179,128,101,57,12,7,7,5,0,10
7,1,2,35,81,85,103,136,151,168,175,181,174,161,142,125,104,51,13,16,4,0,0,0
0,0,11,16,61,81,107,132,138,150,163,165,152,154,141,125,105,65,8,2,0,0,0,6
0,2,9,21,53,56,79,125,128,112,143,163,161,150,139,119,98,38,1,0,0,0,7,1
0,0,7,12,50,80,68,119,131,132,137,163,181,157,132,100,73,26,1,7,6,11,3,0
6,2,11,10,23,79,103,116,109,127,142,142,163,121,92,74,60,22,2,9,7,0,2,0
1,12,14,29,40,50,58,103,115,138,146,152,129,120,105,74,56,33,21,14,11,4,11,3
0,0,9,14,72,94,109,126,130,182,149,168,148,110,113,111,88,58,27,13,6,10,6,4
3,8,24,71,72,92,92,141,160,191,189,213,193,146,157,129,122,102,43,11,6,0,0,4
11,20,38,45,80,88,127,140,141,194,194,226,191,149,157,143,126,110,53,27,0,0,1,8
9,12,53,73,116,127,137,151,160,190,225,193,175,192,154,161,129,97,56,23,14,3,5,8
16,30,53,80,122,135,130,148,137,172,235,160,165,172,171,173,141,109,70,28,13,10,5,6
14,71,72,101,116,131,136,133,130,122,130,133,150,158,169,158,138,117,102,30,12,10,0,0
36,87,103,112,121,128,128,123,120,104,102,116,139,147,159,147,149,119,102,43,13,8,3,9
33,54,67,101,118,126,125,120,109,102,85,107,123,142,153,142,153,122,108,57,31,10,7,0
31,55,63,96,109,110,109,104,102,72,78,81,107,118,134,140,119,110,82,14,14,5,11,6
33,56,69,103,112,115,109,72,88,96,75,100,80,111,130,132,123,119,90,8,10,11,11,6
38,58,84,109,115,117,107,101,73,59,72,58,63,104,130,128,120,114,46,18,8,14,12,1
12,64,87,100,108,87,74,62,62,55,57,53,56,76,89,105,96,82,46,10,10,7,8,5
14,55,88,71,98,88,66,51,41,20,30,47,50,77,106,114,79,56,21,11,10,10,1,4
31,96,127,85,73,101,61,50,12,12,10,52,53,65,113,116,127,78,32,18,9,6,6,0
13,50,63,64,69,79,52,24,14,11,11,34,51,58,68,92,132,86,18,11,4,3,0,2
3,11,16,63,61,51,13,2,3,2,13,11,36,51,60,85,67,56,13,2,7,0,0,0
0,1,9,42,50,38,0,7,0,3,3,10,14,25,53,55,57,51,9,10,9,6,6,1
0,0,0,29,50,14,3,6,8,5,0,6,11,13,46,54,50,41,8,9,3,3,9,6
1,0,10,32,50,14,11,5,10,9,6,12,12,22,38,34,52,51,14,10,7,5,0,4
0,5,3,13,14,10,4,11,12,9,12,11,11,22,36,53,55,52,25,8,4,0,0,0
3,1,0,13,8,4,0,11,8,9,4,13,14,17,45,53,57,50,24,4,0,0,3,0
0,0,3,9,10,4,9,14,11,12,13,14,14,15,14,51,56,41,42,11,10,0,0,7
1,2,7,0,13,6,3,12,13,10,9,10,8,10,12,33,37,53,19,9,5,0,0,0
7,11,9,7,12,11,11,12,1,0,0,4,3,1,12,14,11,14,12,4,4,0,0,6
13,36,23,7,12,9,0,3,0,4,9,6,0,0,15,3,10,12,11,6,9,10,3,0
15,48,29,13,12,7,6,10,10,8,0,3,7,10,8,5,8,16,17,7,7,0,6,6

8,9,11,24,46,43,50,53,73,81,76,68,28,13,0,11,17,12,0,0,9,11,12,0
13,12,14,41,56,50,50,9,14,50,57,70,79,9,9,0,14,0,0,0,0,13,14,0
11,6,7,9,14,51,14,14,53,18,14,10,63,109,95,67,59,108,54,11,0,0,4,0
9,11,2,11,3,14,32,10,5,3,10,54,10,53,79,62,69,123,55,14,0,0,0,0
0,0,2,1,0,13,55,13,62,54,65,50,74,62,64,58,59,70,19,12,0,0,0,0
7,10,9,26,13,52,56,82,81,83,65,93,92,86,82,57,32,11,11,0,0,0,0,0
7,8,10,38,10,51,84,102,125,108,103,113,144,134,104,70,11,11,9,0,9,6,1,0
0,9,0,14,13,76,100,135,138,148,139,150,168,151,129,82,54,54,1,44,10,0,8,1
4,7,10,7,52,72,91,144,168,150,126,151,192,178,140,102,54,7,13,0,0,0,0,0
0,0,14,12,53,68,113,170,213,166,147,184,253,290,186,104,78,13,27,0,0,0,5,0
2,9,13,14,57,70,123,240,245,185,168,176,243,300,196,133,82,56,11,4,7,0,0,0
1,0,3,9,59,65,97,158,184,177,184,167,166,203,174,124,99,55,12,7,7,4,0,11
8,1,2,29,76,82,102,133,149,166,173,180,173,159,140,123,102,50,12,15,4,0,0,0
0,0,11,14,59,78,106,131,137,149,160,163,150,152,140,123,104,58,7,1,0,0,0,6
0,3,9,14,52,55,78,124,127,111,141,162,160,149,138,118,94,31,1,0,0,0,7,1
0,0,6,11,44,78,68,118,131,131,135,161,179,155,132,100,72,22,0,7,6,11,3,0
6,2,11,10,19,77,102,115,108,125,139,140,160,119,90,73,60,22,1,9,7,0,2,0
1,12,14,29,40,50,58,101,113,137,145,148,127,118,105,74,57,33,21,14,11,4,11,3
0,0,9,14,73,94,109,126,129,181,148,167,147,110,113,112,91,60,30,14,6,10,6,4
3,9,25,71,72,92,92,141,160,191,189,213,193,146,159,131,125,104,51,12,5,0,0,4
11,21,39,45,80,88,127,140,142,196,195,229,193,151,159,145,129,112,55,28,0,0,1,8
9,12,53,72,116,128,137,152,161,192,228,196,179,195,157,165,131,99,57,24,14,3,5,8
16,30,54,80,122,135,130,149,137,174,239,163,168,175,173,176,142,109,71,30,14,10,5,6
14,70,72,101,116,131,136,133,130,122,131,135,151,158,170,159,139,118,102,35,12,10,0,0
37,87,103,112,120,128,128,123,120,104,102,117,140,148,160,148,150,119,102,43,14,8,3,9
31,54,67,101,118,126,125,121,110,102,85,107,124,143,154,142,154,122,109,58,32,10,7,0
33,55,63,95,109,110,109,104,102,72,78,81,107,118,135,141,119,110,84,14,14,5,11,6
33,55,69,103,112,115,109,72,88,96,75,100,80,112,130,132,123,120,91,8,11,11,11,6
38,58,84,109,115,117,108,101,73,59,73,58,63,104,130,129,121,114,46,19,8,14,12,1
12,64,87,100,108,87,74,62,62,55,57,53,55,76,89,105,96,82,46,10,10,7,8,5
14,55,87,71,98,88,66,51,41,19,30,47,51,77,106,114,79,56,22,11,10,9,0,3
31,95,126,85,73,101,61,50,11,12,9,52,53,65,113,116,126,77,32,18,9,6,6,0
13,50,63,64,70,80,52,24,14,10,11,35,51,58,67,92,133,87,19,11,4,3,0,2
3,11,16,63,61,51,13,2,3,1,13,11,37,51,60,85,68,56,13,2,7,0,0,0
0,1,9,41,50,38,0,7,0,3,3,10,14,25,54,55,58,51,9,10,9,6,6,1
0,0,0,28,50,14,3,6,8,5,0,6,11,13,46,54,50,40,8,10,4,3,9,6
1,0,10,32,49,14,11,5,10,9,6,12,12,21,38,34,52,51,14,10,7,5,0,4
0,5,3,14,14,10,4,11,12,9,12,11,11,22,36,53,55,52,24,8,4,0,0,0
2,1,0,13,8,4,0,11,9,9,4,14,14,17,46,53,57,51,24,4,0,0,3,0
0,0,3,9,10,4,9,14,11,12,13,14,14,15,14,51,56,42,42,11,10,0,0,7
1,2,7,0,13,6,3,13,13,10,9,10,8,10,12,33,37,53,18,9,5,0,0,0
7,11,9,7,12,12,11,12,1,0,0,4,2,1,12,14,11,14,12,4,4,0,0,7
13,38,22,7,12,9,0,3,0,5,9,6,0,0,15,3,9,12,11,6,9,10,3,0
15,46,28,13,12,7,6,10,10,8,0,4,7,10,8,5,8,15,16,7,7,0,6,6

8,9,11,19,41,39,50,52,68,78,75,67,21,13,0,11,14,12,0,0,9,11,12,0
13,12,14,36,55,48,51,9,13,50,56,69,79,8,8,0,14,0,0,0,0,13,14,0
12,7,7,8,14,50,20,14,53,22,14,10,61,109,95,66,58,107,53,10,0,0,4,0
10,11,3,11,3,14,34,11,6,3,10,53,10,53,79,62,69,121,54,13,0,0,0,0
0,3,3,1,0,14,55,13,61,52,65,50,72,61,63,57,59,69,18,12,0,0,0,0
9,10,8,22,12,51,55,81,79,81,64,91,89,82,80,56,28,11,11,0,0,0,0,0
8,9,10,36,9,47,81,100,121,104,100,108,135,125,99,68,10,9,7,0,9,6,1,0
0,9,0,13,12,73,96,130,133,143,135,145,155,142,122,79,53,53,0,36,9,0,8,1
4,7,10,6,51,71,88,141,166,151,126,150,188,174,137,102,54,7,12,0,0,0,0,0
0,0,14,11,53,67,112,165,207,173,151,188,250,285,187,106,79,13,27,0,0,0,5,0
2,8,13,14,57,70,122,244,275,193,170,178,251,310,197,135,83,56,11,3,7,0,0,0
1,0,3,9,59,65,99,165,186,176,183,166,166,210,176,125,100,56,12,7,8,4,0,11
8,1,2,30,76,82,102,133,149,165,170,177,170,158,140,123,103,50,12,16,5,0,0,0
0,0,11,13,59,78,106,130,136,148,158,161,149,151,140,123,104,61,7,1,0,0,0,6
0,3,9,14,52,55,77,124,126,109,139,160,159,149,138,118,96,34,1,0,0,0,7,1
0,0,7,10,44,78,68,118,130,130,134,160,178,155,131,100,72,24,1,6,6,11,2,0
6,2,10,10,18,78,102,115,108,125,139,140,160,119,91,74,60,24,2,9,7,0,2,0
1,12,14,29,40,50,58,102,113,137,145,149,127,119,105,74,57,34,22,14,11,4,11,3
0,0,9,14,74,96,109,126,129,181,148,166,147,110,114,113,91,60,29,14,6,10,6,4
3,9,26,72,73,93,93,141,160,191,189,212,193,146,159,131,124,103,50,12,6,1,0,4
11,21,39,45,81,88,128,141,142,195,195,228,193,151,159,145,128,111,54,28,0,0,1,8
9,12,53,73,116,128,137,152,162,192,228,196,178,194,156,165,131,99,56,24,14,3,5,8
16,30,54,80,122,135,130,149,138,174,239,163,167,174,173,175,142,109,70,30,14,10,5,6
14,70,72,101,116,131,136,133,130,122,131,135,151,159,169,159,139,117,102,32,12,10,0,0
37,87,103,112,121,128,128,123,121,105,102,117,140,148,159,148,149,119,102,43,14,8,3,9
33,54,67,101,118,126,125,120,109,102,83,107,124,143,153,142,154,122,108,57,32,10,7,0
31,55,63,95,109,110,109,104,102,74,78,81,107,118,135,140,119,110,83,14,14,5,11,6
34,55,69,103,112,115,108,72,90,97,74,100,81,112,130,132,123,119,90,8,11,11,12,6
39,58,84,109,115,117,107,101,73,60,73,58,63,104,130,129,120,114,46,19,8,14,12,1
12,64,87,100,108,87,74,62,61,55,57,53,55,76,89,105,96,81,46,10,10,7,8,5
14,55,87,71,98,88,66,51,41,20,30,47,50,77,106,114,79,56,21,11,10,10,0,4
32,96,126,85,73,101,61,50,12,12,10,52,53,65,113,117,126,77,32,18,10,6,6,0
13,50,63,64,69,80,52,23,14,10,11,35,51,58,67,92,132,86,18,11,4,3,0,2
3,11,16,63,61,51,13,2,3,2,13,11,35,51,60,85,67,56,13,2,7,0,0,0
0,1,9,42,50,39,0,7,0,3,3,10,14,27,53,55,57,51,9,10,9,6,6,1
0,0,0,29,50,14,3,6,8,5,0,6,11,13,46,54,50,40,8,9,3,3,9,6
1,0,10,32,49,14,11,5,10,9,6,12,12,21,38,34,52,51,14,10,6,4,0,4
0,5,3,14,14,10,4,11,12,9,12,11,11,22,36,53,55,52,24,8,3,0,0,0
2,1,0,13,8,4,0,11,9,9,4,14,14,17,45,53,57,50,24,4,0,0,3,0
0,0,3,9,9,4,9,14,11,12,13,14,14,14,14,51,56,41,42,11,10,0,0,7
1,2,7,0,13,6,3,12,13,10,9,10,8,10,12,32,36,53,18,9,5,0,0,0
7,11,9,7,12,12,11,12,1,0,0,4,3,1,11,14,11,14,12,4,4,0,0,6
13,38,22,7,12,9,0,3,0,5,9,6,0,0,15,3,10,12,11,6,9,10,3,0
15,48,29,13,12,7,6,10,10,8,0,3,7,10,8,5,8,15,17,7,7,0,6,6

8,9,11,23,46,44,50,53,70,81,78,70,34,13,0,11,14,12,0,0,9,10,12,0
13,13,14,40,56,50,51,10,14,51,57,71,83,11,10,0,14,0,0,0,0,13,14,0
12,7,8,9,14,51,23,15,54,25,14,11,68,111,99,68,59,107,53,11,0,0,4,0
10,11,4,11,3,14,38,11,6,3,11,56,10,54,81,62,69,121,55,13,0,0,0,0
0,4,3,1,0,14,56,14,62,53,66,51,75,62,64,58,60,69,18,12,0,0,0,0
9,10,8,24,13,52,56,81,81,83,65,91,89,83,80,57,30,11,11,0,0,0,0,0
8,9,10,36,9,50,82,101,123,106,100,108,134,125,98,68,10,8,7,0,9,6,1,0
0,9,0,13,12,73,96,131,135,145,136,144,152,139,120,78,53,52,0,36,9,0,8,1
4,7,10,6,51,71,87,140,168,152,127,150,187,170,134,101,54,8,12,0,0,0,0,0
0,0,14,11,53,66,110,163,206,174,151,188,247,277,186,105,79,13,27,0,0,0,5,0
2,9,13,14,57,69,120,240,279,195,171,180,270,314,195,134,83,57,11,3,7,0,0,0
1,0,2,9,59,65,99,165,186,176,183,165,168,221,178,126,100,56,12,7,7,5,0,10
8,1,2,29,75,82,102,133,148,164,169,176,169,159,141,124,103,50,12,15,4,0,0,0
0,0,11,13,59,78,106,130,136,147,157,161,149,150,140,124,104,63,7,1,0,0,0,6
0,3,9,14,52,55,77,124,125,109,139,160,158,148,138,118,96,36,2,0,0,0,7,1
0,0,6,11,42,78,67,118,130,129,133,159,178,154,131,100,73,26,1,6,6,11,3,0
6,2,10,10,18,77,102,115,107,124,139,139,159,119,91,74,61,25,2,9,7,0,2,0
1,12,14,29,40,50,58,102,113,136,144,148,127,119,105,75,58,34,22,14,11,4,11,3
0,0,10,14,75,96,109,126,129,180,148,166,147,110,114,113,92,60,29,14,7,10,6,4
3,9,27,73,73,93,93,141,160,191,188,212,192,146,159,131,125,103,50,12,6,1,0,4
11,21,39,45,81,88,128,140,142,195,195,228,192,150,159,145,128,111,54,28,0,0,1,8
9,12,53,73,116,128,137,152,162,192,228,196,178,194,156,165,131,99,56,24,14,3,5,9
16,30,54,80,122,135,130,149,138,174,239,163,167,174,173,175,142,109,70,29,14,10,6,6
14,70,74,101,116,131,136,133,130,122,131,135,151,158,170,159,139,117,102,33,12,10,0,0
35,88,103,112,120,128,128,123,120,104,102,117,140,147,159,148,149,119,102,43,14,8,3,9
34,54,68,101,118,126,125,120,110,102,86,107,124,143,153,142,154,122,108,57,32,10,7,0
31,55,64,94,109,110,109,104,102,74,77,81,107,118,134,140,119,110,84,14,14,5,11,6
35,55,69,103,112,115,108,72,88,96,75,100,80,112,130,132,123,120,91,8,11,11,11,6
38,58,84,109,115,117,107,101,73,59,73,58,63,104,130,129,120,114,46,19,8,14,12,1
12,64,87,100,108,87,75,62,62,55,57,53,56,76,89,105,96,82,46,10,10,7,8,5
14,55,88,71,98,88,66,51,41,20,30,47,51,77,106,114,79,56,21,11,10,10,0,4
31,95,126,85,73,101,61,50,12,12,10,52,53,65,113,116,126,78,32,18,10,6,6,0
13,50,63,64,69,79,52,23,14,11,11,34,51,58,67,92,132,87,18,11,4,3,0,2
3,11,15,63,61,51,13,2,3,2,13,11,35,51,60,84,67,56,13,2,7,0,0,0
0,1,9,41,50,38,0,7,0,3,3,10,14,25,53,55,57,51,9,10,9,6,6,1
1,0,0,29,50,14,3,6,8,5,0,6,11,13,46,54,50,41,8,9,3,3,9,6
1,0,10,34,50,14,11,5,10,9,6,12,12,20,39,34,52,51,14,10,7,4,0,4
0,5,3,14,14,10,4,11,12,9,12,11,11,22,36,53,55,52,24,8,3,0,0,0
2,1,0,13,8,4,0,11,9,9,4,14,14,16,45,53,57,51,24,4,0,0,3,0
0,0,3,9,9,4,9,13,11,12,13,14,14,15,14,51,56,41,41,11,10,0,0,7
1,2,6,0,13,6,3,12,13,10,9,10,8,10,12,32,37,53,18,9,5,0,0,0
7,11,9,7,12,12,11,12,1,0,0,4,3,1,11,14,11,14,12,4,4,0,0,6
13,38,23,7,12,9,0,4,0,5,9,6,0,0,15,3,9,12,11,6,9,10,3,0
15,48,28,13,12,7,6,10,10,8,0,3,7,10,8,5,8,15,16,7,7,0,6,6

8,9,11,23,46,44,50,52,70,81,78,70,34,13,0,11,14,12,0,1,9,10,11,0
13,13,14,40,56,50,51,10,14,50,57,71,83,11,10,0,14,0,0,0,0,13,14,0
12,7,7,8,14,51,24,15,54,25,14,11,66,110,99,68,60,108,54,11,0,0,4,0
10,11,3,11,3,14,38,11,6,3,11,56,11,54,81,62,70,123,55,13,0,0,0,0
0,3,3,1,0,14,56,14,64,54,67,51,76,63,65,58,60,70,19,12,0,0,0,0
9,10,8,26,13,52,57,83,82,84,66,93,92,84,81,58,31,11,12,0,0,0,0,0
8,9,10,38,9,51,84,102,125,108,101,110,138,128,101,70,11,8,6,0,8,6,0,0
0,9,0,13,13,75,98,133,137,147,137,145,155,141,122,81,54,53,0,36,9,0,8,1
4,7,10,6,52,72,90,143,169,153,127,150,187,170,135,103,56,8,13,0,0,0,0,0
0,0,14,12,54,68,113,169,207,169,149,188,246,279,189,108,81,14,29,0,0,0,5,0
1,9,13,14,58,71,127,253,249,186,171,180,261,316,199,137,84,57,11,3,7,0,0,0
1,0,3,9,60,66,101,162,182,174,183,165,167,219,180,127,101,57,12,7,7,4,0,10
7,1,2,31,78,84,102,134,148,163,169,176,170,159,141,124,103,51,12,16,4,0,0,0
0,0,11,14,59,78,106,130,136,147,157,161,149,150,139,123,104,62,7,1,0,0,0,5
0,2,9,14,52,55,77,123,125,108,138,160,158,148,137,118,95,35,1,0,0,0,6,1
0,0,6,10,41,77,67,117,129,129,133,158,177,154,131,100,73,26,1,6,6,11,2,0
6,2,10,9,16,76,102,115,107,124,138,139,159,119,91,74,61,25,2,9,7,0,2,0
1,12,14,28,40,50,58,101,112,136,144,148,127,118,105,75,58,34,22,14,10,4,11,3
0,0,10,14,73,95,109,125,129,180,148,166,147,110,113,113,92,60,30,14,6,10,6,4
3,9,27,72,73,92,92,140,159,190,188,212,192,146,159,131,125,104,51,12,6,1,0,4
11,21,39,45,80,88,127,140,141,195,195,228,192,150,159,145,128,111,55,28,0,0,1,8
9,12,53,73,116,127,137,151,161,191,227,196,177,194,156,165,131,99,57,24,14,3,5,9
16,30,54,79,122,135,130,149,137,174,238,162,167,174,173,175,142,109,71,30,14,10,6,6
14,71,71,101,116,131,136,133,130,122,131,134,151,158,170,159,139,118,102,35,12,10,0,0
35,86,103,112,120,128,128,123,120,104,102,117,140,147,159,148,149,119,102,43,14,8,3,9
33,54,68,101,118,126,125,120,110,102,85,107,124,143,153,142,154,122,109,58,32,10,7,0
31,55,63,94,108,110,109,104,102,74,78,81,107,118,135,140,119,110,84,14,14,5,11,6
34,55,69,103,112,115,108,72,88,96,75,100,80,111,130,132,123,120,91,8,11,11,12,6
38,58,84,109,115,117,107,101,73,60,72,58,63,104,130,129,120,114,47,19,8,14,12,1
12,64,87,100,108,87,75,62,62,55,57,53,56,76,89,105,96,82,46,10,10,7,8,5
14,54,88,71,98,88,66,51,41,20,29,47,51,77,106,114,79,56,21,11,10,10,1,4
32,95,126,85,73,101,61,50,12,12,10,52,53,65,113,117,126,78,32,18,10,6,6,0
13,50,63,64,70,80,52,23,14,11,11,34,51,58,67,92,133,87,19,11,4,3,0,2
3,11,16,63,61,51,14,2,3,2,13,11,35,51,60,85,68,56,13,2,7,0,0,0
0,1,9,42,50,39,0,7,0,3,3,10,14,26,53,55,58,51,9,10,9,6,6,1
0,0,0,29,50,14,3,6,8,5,0,6,11,13,46,54,50,41,8,9,4,3,9,6
1,0,10,32,50,14,11,5,10,9,6,12,12,22,38,34,52,51,14,10,6,5,0,4
0,5,3,14,14,10,4,11,12,9,12,11,11,22,36,53,55,52,24,8,4,0,0,0
3,1,0,13,8,4,0,11,9,9,4,14,14,17,45,53,57,50,24,4,0,0,3,0
0,0,3,9,10,4,9,14,11,12,13,14,14,14,14,51,56,42,42,11,10,0,0,7
1,2,7,0,13,6,3,13,13,10,9,10,8,10,12,32,37,53,18,9,5,0,0,0
7,11,9,7,12,12,11,12,1,0,0,4,3,1,11,14,11,14,12,4,4,0,0,7
13,37,23,7,12,9,0,3,0,5,9,6,0,0,15,3,10,12,11,6,9,10,3,0
15,49,29,13,12,7,6,10,10,8,0,4,7,10,8,5,8,15,17,7,7,0,6,6

8,9,11,23,46,43,50,52,69,81,78,70,35,13,0,11,14,12,0,1,9,10,11,0
13,13,14,39,56,50,51,10,14,50,57,70,82,11,10,0,14,0,0,0,0,13,14,0
12,7,7,9,14,51,24,14,54,25,14,11,66,110,98,68,60,108,54,11,0,0,4,0
10,11,4,11,3,14,38,11,6,3,11,56,10,54,81,62,70,122,55,13,0,0,0,0
0,4,3,1,0,15,57,14,64,54,66,51,76,63,65,58,60,70,19,12,0,0,0,0
9,10,8,25,13,52,57,82,82,83,66,93,92,85,81,58,31,11,12,0,0,0,0,0
9,9,10,38,9,51,83,101,123,106,101,109,137,128,101,70,12,7,6,0,8,5,0,0
0,9,0,13,12,75,97,131,134,143,134,142,153,140,122,81,54,52,0,36,9,0,8,1
4,7,10,6,51,72,89,138,164,150,125,147,185,169,135,103,56,8,12,0,0,0,0,0
0,0,14,12,54,68,113,168,205,167,149,185,242,277,188,107,81,14,29,0,0,0,5,0
1,8,13,14,58,71,128,249,241,186,174,181,246,309,200,137,84,57,11,3,6,0,0,0
1,0,3,9,60,66,101,161,183,176,186,168,166,212,180,128,101,57,13,7,7,5,0,10
7,1,2,32,80,84,103,135,149,166,172,178,172,160,142,126,104,51,12,16,4,0,0,0
0,0,11,14,60,80,107,131,137,148,160,163,150,152,141,125,105,66,7,1,0,0,0,5
0,2,9,16,53,55,78,124,126,110,141,161,159,149,138,119,99,39,2,0,0,0,6,1
0,0,7,11,45,78,68,118,130,130,135,161,179,155,132,100,73,29,2,6,6,11,2,0
6,2,10,10,18,77,102,115,108,125,140,141,161,120,91,74,61,27,2,9,7,0,2,0
1,12,14,28,40,50,58,102,114,137,145,150,128,120,105,75,58,34,22,14,11,4,11,3
0,0,9,14,71,93,109,125,129,181,148,167,147,110,114,113,91,60,29,14,6,10,6,4
3,8,23,70,72,91,91,140,159,190,188,212,193,146,158,131,124,103,50,12,6,0,0,4
11,20,39,44,80,87,126,139,140,194,194,227,191,150,158,144,128,111,54,28,0,0,1,8
9,12,53,72,116,127,137,150,160,190,226,194,176,193,155,164,130,98,57,24,14,3,5,9
16,30,53,79,121,134,129,148,137,172,236,161,166,173,172,175,142,109,71,29,14,10,6,6
14,70,72,101,116,130,136,133,130,122,130,134,150,158,170,159,139,117,102,33,12,10,0,0
35,87,103,112,120,128,128,123,120,104,102,117,139,147,159,148,149,119,102,43,14,8,3,9
33,54,68,101,118,126,125,120,109,102,85,107,124,143,153,142,154,122,109,58,32,10,7,0
30,55,63,94,108,110,109,104,102,74,77,81,107,118,134,140,119,110,84,14,14,5,11,6
33,56,69,103,112,115,108,73,88,95,76,100,80,111,130,132,123,120,92,8,11,11,11,6
38,57,84,109,115,117,107,101,73,60,73,58,63,104,130,129,120,114,47,19,8,14,12,1
12,64,87,100,108,87,74,62,62,55,57,53,56,76,89,105,96,82,47,10,10,7,8,5
14,55,88,71,97,88,66,51,41,20,29,47,51,77,106,114,79,56,21,11,10,10,1,4
31,96,126,85,73,101,61,50,12,12,10,52,53,65,113,117,127,78,32,18,10,6,6,0
13,50,63,65,70,79,52,25,14,11,11,35,51,58,68,92,133,87,19,11,4,3,0,2
3,12,18,63,61,51,13,2,4,2,13,12,37,51,60,85,68,56,14,2,7,0,0,0
0,1,9,42,50,39,0,7,0,3,3,10,14,27,54,55,58,51,9,10,9,6,6,1
0,0,0,29,50,14,3,6,8,5,0,6,11,13,46,54,50,41,8,10,4,3,9,6
1,0,10,33,50,14,11,5,10,9,6,12,12,22,38,34,52,51,14,10,7,5,0,4
0,5,3,14,14,11,4,11,12,9,12,11,11,23,36,53,55,52,24,8,3,0,0,0
3,1,0,13,8,4,0,11,9,9,4,13,14,17,46,53,57,51,24,4,0,0,3,0
0,0,3,9,10,4,9,14,11,12,13,14,14,16,14,52,56,42,44,11,10,0,0,7
1,2,7,0,13,6,3,13,13,10,9,10,8,10,12,32,37,53,19,9,5,0,0,0
7,11,9,7,12,12,11,12,1,0,0,4,3,1,12,14,11,14,12,4,4,0,0,7
13,38,22,8,12,9,0,4,0,5,9,6,0,0,15,3,10,12,11,6,9,10,3,0
15,46,31,13,12,7,6,10,10,8,0,4,7,10,8,5,8,15,17,7,7,0,6,6

8,9,11,23,46,43,50,52,69,81,78,71,38,13,0,11,14,12,0,1,9,10,11,0
13,13,14,37,56,50,51,10,14,50,56,71,83,11,10,0,14,0,0,0,0,13,14,0
12,7,7,9,14,51,23,16,54,26,14,11,65,110,99,69,60,108,54,11,0,0,4,0
10,11,4,11,3,14,38,11,6,3,11,56,11,54,81,62,70,122,55,13,0,0,0,0
0,4,3,1,0,17,57,14,64,54,67,52,77,63,66,58,60,70,19,12,0,0,0,0
9,10,8,24,13,53,57,83,83,84,66,94,93,86,82,58,31,11,12,0,0,0,0,0
9,9,10,37,9,52,84,102,124,107,101,110,139,130,102,71,12,7,5,0,8,5,0,0
0,9,0,13,13,75,98,131,134,142,135,143,154,141,124,82,54,52,0,35,9,0,8,1
4,7,10,6,51,72,89,138,163,149,124,146,184,169,136,104,56,8,12,0,0,0,0,0
0,0,14,12,54,68,112,167,202,165,149,184,240,278,188,108,81,14,28,0,0,0,5,0
1,8,13,14,58,71,129,245,234,186,175,181,238,301,201,138,85,58,11,3,6,0,0,0
1,0,3,9,60,66,100,160,183,178,188,169,166,208,179,128,101,57,12,7,7,5,0,10
8,1,2,32,81,84,103,135,150,167,174,180,173,161,142,126,104,51,12,16,4,0,0,0
0,0,11,14,60,80,107,131,137,149,161,164,152,153,141,125,105,66,8,2,0,0,0,5
0,2,10,17,53,55,78,125,127,111,142,163,161,150,139,119,98,40,3,0,0,0,6,1
0,0,7,11,48,79,68,118,131,131,136,162,180,156,132,101,73,29,2,6,6,11,2,0
6,2,11,10,19,78,102,116,109,126,141,142,162,120,91,74,61,25,2,9,7,0,2,0
1,12,14,28,40,50,58,102,114,138,146,151,129,120,105,74,57,34,22,14,11,4,11,3
0,0,9,14,71,93,108,126,130,182,149,167,148,110,114,113,90,59,28,13,6,10,6,4
3,8,20,69,71,90,90,140,159,191,188,212,193,146,158,130,124,103,48,12,6,0,0,4
11,20,38,44,80,87,126,139,140,193,194,226,191,149,158,144,128,111,54,28,0,0,1,8
9,12,52,72,115,127,137,150,159,189,226,194,176,192,155,164,130,98,56,24,14,3,5,9
16,29,53,79,121,134,129,148,136,171,236,161,166,173,172,175,141,109,71,29,14,10,5,6
14,70,71,101,115,130,136,133,130,122,130,134,150,158,169,159,139,117,102,33,12,10,0,0
36,86,103,112,120,128,128,123,120,104,102,116,139,147,159,148,149,119,102,43,14,8,3,9
33,54,68,101,118,126,125,120,109,102,85,107,124,143,153,142,154,122,109,58,32,10,7,0
31,55,63,94,108,110,109,104,102,72,78,81,107,118,135,140,119,110,84,14,14,5,11,6
33,55,69,103,112,114,108,72,88,96,75,100,81,112,130,132,123,120,91,8,11,11,11,6
39,57,83,109,115,117,107,101,73,60,72,58,63,104,130,129,120,114,46,19,8,14,12,1
12,64,87,100,108,87,74,62,61,55,57,53,56,76,89,105,96,82,46,10,10,7,8,5
14,55,88,71,97,88,66,51,41,20,30,47,50,77,106,114,79,56,21,11,10,10,1,4
31,96,126,85,73,101,61,50,12,12,10,52,53,65,113,117,127,78,32,18,10,6,6,0
13,50,63,64,70,80,52,24,14,11,11,34,51,58,68,92,133,87,19,11,4,3,0,2
3,11,16,63,61,51,13,2,3,2,13,11,37,51,60,85,68,57,13,2,7,0,0,0
0,1,9,42,50,39,0,7,0,3,3,10,14,27,54,55,58,51,9,10,9,6,6,1
0,0,0,28,50,14,3,6,8,5,0,6,11,13,47,54,50,41,8,10,4,3,9,6
1,0,10,34,49,14,11,5,10,9,6,12,12,23,39,34,52,51,14,10,7,5,0,4
0,5,3,14,14,10,4,11,12,9,12,11,11,23,36,53,55,52,24,8,4,0,0,0
2,1,0,13,8,4,0,11,9,9,4,14,14,18,48,53,57,51,25,4,0,0,3,0
0,0,3,9,10,4,9,13,11,12,13,14,14,15,14,51,56,42,42,11,10,0,0,7
1,2,7,0,13,6,3,13,13,10,9,10,8,10,12,33,37,53,20,9,5,0,0,0
7,11,9,7,12,12,11,12,1,0,0,4,3,1,11,14,11,14,12,4,4,0,0,7
13,38,24,8,12,9,0,3,0,5,9,6,0,0,15,3,10,12,11,6,9,10,3,0
15,48,30,13,12,7,6,10,10,8,0,4,7,10,8,5,8,16,17,7,7,0,6,6

8,9,11,23,45,44,50,52,69,81,78,71,37,13,0,11,14,13,0,1,9,10,11,0
13,13,14,36,56,50,51,10,14,50,56,70,83,11,10,0,14,0,0,0,0,13,14,0
12,7,8,9,14,51,24,15,54,27,14,11,65,110,99,69,60,108,55,11,0,0,4,0
10,11,4,11,3,14,38,11,6,3,11,57,11,54,80,62,70,123,55,13,0,0,0,0
0,5,3,1,0,16,57,14,64,54,67,51,76,63,65,58,61,70,20,12,0,0,0,0
10,10,8,24,13,52,56,82,82,83,66,93,91,84,81,58,31,12,12,0,0,0,0,0
9,10,9,36,9,51,82,101,123,106,100,109,136,127,100,70,12,6,5,0,8,5,0,0
0,9,0,13,12,74,96,130,133,142,134,143,152,138,121,80,53,52,0,33,9,0,8,1
4,7,10,6,51,71,88,137,164,150,125,148,185,168,134,103,56,8,12,0,0,0,0,0
0,0,14,11,53,67,111,164,203,168,149,186,242,276,188,107,81,14,27,0,0,0,5,0
1,8,13,14,58,71,125,245,246,189,175,182,250,309,197,135,84,57,11,3,6,0,0,0
1,0,3,9,60,66,100,162,184,178,188,169,168,216,180,128,101,57,12,7,7,5,0,10
8,1,2,32,79,84,103,135,150,167,174,180,173,161,142,125,104,51,12,16,4,0,0,0
0,0,11,14,60,79,107,131,137,149,161,164,151,153,141,125,105,65,8,2,0,0,0,5
0,3,10,16,53,55,78,125,127,111,141,162,161,149,139,119,98,39,3,0,0,0,6,1
0,0,7,11,47,79,68,118,131,131,136,162,180,156,132,101,73,29,2,7,6,11,2,0
7,2,11,10,20,79,102,116,109,126,141,142,162,120,92,74,61,26,2,9,7,0,2,0
1,12,14,28,40,50,58,102,114,138,146,151,129,120,106,75,58,34,22,14,11,4,11,3
0,0,9,14,71,94,109,126,130,182,149,167,148,110,114,113,90,60,29,14,6,10,6,4
3,8,23,70,71,91,91,140,160,191,188,212,193,146,159,131,124,103,49,12,6,0,0,4
11,21,39,44,80,87,126,139,141,194,194,227,192,150,159,144,128,111,54,28,0,0,1,8
9,12,53,72,115,127,137,150,160,190,226,194,176,193,155,164,130,98,57,24,14,3,5,8
16,30,53,79,121,134,129,148,137,172,236,161,166,173,172,175,142,109,71,29,14,10,5,6
14,70,71,101,115,130,136,133,130,122,130,134,150,158,169,159,139,117,102,35,12,10,0,0
36,88,103,112,120,128,128,123,120,104,102,117,139,147,159,148,149,119,102,43,14,8,3,9
33,54,67,101,118,126,125,120,109,102,85,107,123,143,153,142,154,122,109,58,32,10,7,0
31,55,63,94,108,110,109,104,102,72,77,81,107,118,135,140,119,110,84,14,14,5,11,6
34,55,69,103,111,114,108,72,88,96,75,100,80,112,130,132,123,120,92,8,11,11,11,6
38,57,84,109,115,117,107,101,73,60,72,58,63,104,130,129,120,114,47,19,8,14,12,1
12,64,87,100,108,87,75,62,62,55,57,53,55,76,89,105,96,82,46,10,10,7,8,5
14,55,88,71,98,88,66,51,41,20,29,47,50,77,106,114,79,56,21,12,10,10,1,4
31,96,126,85,73,101,61,50,12,12,10,52,53,65,113,116,127,78,32,18,10,6,6,0
13,50,63,64,70,80,52,24,14,11,11,35,51,58,68,92,133,87,19,11,4,3,0,2
3,11,16,63,61,51,13,2,3,2,13,11,37,51,59,85,68,56,13,2,7,0,0,0
0,1,9,42,50,39,0,7,0,3,3,10,14,27,53,55,58,51,9,10,9,6,6,1
0,0,0,29,50,14,3,6,8,5,0,6,11,13,46,54,50,41,8,10,4,3,9,6
1,0,10,32,50,14,11,5,10,9,6,12,12,22,38,34,52,51,14,10,7,5,0,4
0,5,3,14,14,10,4,11,12,9,12,11,11,22,36,53,55,52,24,8,4,0,0,0
3,1,0,13,8,4,0,11,9,9,4,14,14,17,46,53,57,51,24,4,0,0,3,0
0,0,3,9,10,4,9,14,11,12,13,14,14,14,14,51,56,42,42,11,10,0,0,7
1,2,7,0,13,6,3,13,13,10,9,10,8,10,12,33,37,53,19,9,5,0,0,0
7,11,9,7,12,12,11,12,1,0,0,4,3,1,11,14,11,14,12,4,4,0,0,7
13,38,23,7,12,9,0,4,0,5,9,6,0,0,15,3,10,12,11,6,9,10,3,0
15,48,29,13,12,7,6,10,10,8,0,4,7,10,8,5,8,16,17,7,7,0,6,6

9,9,11,23,47,44,50,52,69,81,78,71,37,13,0,11,14,13,0,1,9,10,11,0
13,13,14,37,56,50,51,10,14,50,56,70,83,11,10,0,14,0,0,0,0,13,14,0
12,7,8,9,14,51,26,15,54,27,14,11,65,110,99,69,60,108,55,11,0,0,4,0
10,11,4,11,3,14,38,11,6,3,11,57,11,54,80,62,70,124,55,13,0,0,0,0
0,5,3,1,0,17,56,14,62,53,67,51,76,62,66,58,61,70,20,12,0,0,0,0
10,10,8,22,13,52,56,82,81,83,66,93,90,83,81,57,30,12,12,0,0,0,0,0
9,10,9,36,9,50,82,100,122,106,100,108,134,125,99,69,12,6,5,0,8,5,0,0
0,9,0,13,12,74,95,129,133,143,135,143,151,137,119,80,54,52,0,33,9,0,8,1
4,7,9,6,51,71,87,137,165,152,127,149,187,169,134,103,56,8,12,0,0,0,0,0
0,0,14,11,53,67,111,164,204,171,150,187,245,278,190,108,81,14,28,0,0,0,5,0
1,9,13,14,58,71,124,246,260,192,175,182,262,314,196,135,84,58,11,3,6,0,0,0
1,0,2,9,60,66,100,164,185,178,187,167,169,222,181,128,101,57,12,7,7,5,0,10
8,1,2,30,78,83,102,134,149,166,172,178,171,160,142,125,103,51,12,16,4,0,0,0
0,0,11,14,59,78,106,130,137,148,160,163,150,151,140,124,104,63,7,1,0,0,0,5
0,3,9,14,52,55,77,124,126,110,140,161,160,149,138,118,97,36,2,0,0,0,6,1
0,0,7,11,42,78,68,118,130,130,135,160,179,155,131,100,73,27,1,7,6,11,3,0
7,2,11,10,19,77,102,115,108,125,140,141,161,120,91,74,61,25,2,9,7,0,2,0
1,12,14,29,40,50,58,102,113,137,145,150,128,119,105,75,58,34,22,14,10,4,11,3
0,0,9,14,72,94,109,126,129,181,148,167,147,110,114,113,91,60,30,14,6,10,6,4
3,9,25,71,72,91,92,140,159,191,188,212,193,146,159,131,125,103,51,12,6,0,0,4
11,21,39,45,80,87,127,140,141,194,194,227,192,150,159,145,128,111,55,28,0,0,1,8
9,12,53,72,116,127,137,151,160,190,226,195,177,193,156,165,131,99,57,24,14,3,5,8
16,30,54,79,122,134,129,148,137,172,237,162,167,174,172,175,142,109,71,30,14,10,6,6
14,71,71,101,115,130,136,133,130,122,130,134,151,158,170,159,139,118,102,36,12,10,0,0
36,86,103,112,120,128,128,123,120,104,102,117,140,147,159,148,149,119,102,43,14,8,3,9
34,54,67,101,118,126,125,120,110,102,86,107,124,143,153,142,154,122,109,58,32,10,7,0
31,55,63,94,108,110,109,104,102,74,78,81,107,118,135,140,119,110,85,15,14,5,11,6
34,55,69,103,112,115,108,72,88,96,75,100,80,112,130,132,123,120,92,8,11,11,11,6
38,58,84,109,115,117,107,101,73,60,73,58,63,104,130,129,120,114,47,19,8,14,12,1
12,64,87,100,108,87,74,62,61,55,57,53,56,76,89,105,96,82,46,10,10,7,8,5
14,55,88,71,97,88,66,51,42,20,30,47,50,77,106,114,79,56,22,12,10,10,1,4
32,96,126,85,73,101,61,50,12,12,10,52,53,65,113,117,127,78,32,18,10,6,6,0
13,50,63,64,70,80,52,26,14,11,11,35,51,58,68,92,133,87,19,11,4,3,0,2
3,12,16,63,61,51,13,2,3,2,13,11,36,51,60,85,68,56,13,2,7,0,0,0
0,1,9,43,50,39,0,7,0,3,3,10,14,26,53,55,58,51,9,10,9,6,6,1
0,0,0,29,50,14,3,6,8,5,0,6,11,13,46,54,50,41,8,10,3,3,9,6
1,0,10,32,50,14,11,5,10,9,6,12,12,21,38,34,52,51,14,10,7,5,0,4
0,5,3,14,14,10,5,11,12,9,12,11,11,22,36,53,55,52,24,8,4,0,0,0
3,1,0,13,8,4,0,11,9,9,4,14,14,16,46,53,57,51,24,4,0,0,3,0
0,0,3,9,10,4,9,14,11,12,13,14,14,14,14,51,56,42,42,11,10,0,0,7
1,2,7,0,13,6,3,13,13,10,9,10,8,10,12,32,37,53,20,9,5,0,0,0
7,11,9,7,12,12,11,12,1,0,0,4,3,1,12,14,11,14,12,4,4,0,0,7
13,38,22,7,12,9,0,4,0,5,9,6,0,0,15,3,10,12,11,6,9,10,3,0
16,46,30,13,12,7,6,10,10,8,0,4,7,10,8,5,8,16,17,7,7,0,6,6

8,9,11,22,46,43,50,52,68,80,78,71,35,13,0,11,14,13,0,1,9,10,11,0
13,13,14,37,56,50,51,10,14,50,56,70,83,11,10,0,14,0,0,0,0,13,14,0
12,7,8,9,14,52,27,14,54,27,14,11,64,110,99,69,60,109,55,11,0,0,4,0
10,11,4,11,3,14,38,12,6,4,12,57,11,54,81,62,70,124,55,14,0,0,0,0
0,5,3,1,0,16,56,14,63,54,67,52,77,62,66,59,61,71,21,12,0,0,0,0
10,10,8,22,13,52,56,82,82,84,66,94,92,84,81,58,31,12,12,0,0,0,0,0
9,10,9,36,9,51,82,100,123,107,101,110,137,126,100,70,12,6,5,0,8,5,0,0
0,9,0,13,12,74,95,129,134,145,137,147,154,139,121,80,54,52,0,34,9,0,8,1
4,7,9,6,51,71,87,138,167,153,129,152,188,169,134,103,56,8,12,0,0,0,0,0
0,0,14,11,53,67,111,163,204,173,152,195,247,277,189,107,81,14,29,0,0,0,5,0
2,8,13,13,57,70,121,241,268,196,173,188,280,316,194,134,83,57,11,3,6,0,0,0
1,0,2,9,59,65,98,162,185,178,184,168,175,228,178,125,100,56,12,7,7,5,0,10
8,1,2,25,73,81,101,132,148,165,169,177,172,159,140,122,102,50,11,15,4,0,0,0
0,0,11,13,58,76,105,129,136,148,158,162,150,150,138,122,104,56,6,1,0,0,0,5
0,3,9,14,52,55,76,123,125,110,139,161,160,148,137,118,95,33,2,0,0,0,6,1
0,0,7,11,41,77,67,118,130,130,134,160,179,155,131,100,73,26,1,6,6,11,3,0
7,2,11,10,17,77,102,115,108,125,140,140,160,120,91,74,61,25,2,9,7,0,2,0
1,12,14,29,40,50,58,101,113,137,145,149,128,119,106,75,57,34,22,14,10,4,11,3
0,0,9,14,72,94,109,126,129,181,148,167,147,110,114,113,91,60,30,14,6,10,6,4
3,9,25,71,72,92,92,141,160,191,189,213,193,146,160,131,125,104,51,12,6,1,0,4
11,21,39,44,80,87,127,140,141,195,195,228,192,150,159,145,129,111,55,29,0,0,1,8
9,12,53,73,116,127,137,152,161,191,227,195,177,194,157,165,131,99,57,24,14,3,5,8
16,30,54,79,122,135,130,149,137,173,238,162,167,174,173,175,142,109,71,30,14,10,5,6
14,71,72,101,116,130,136,133,130,122,131,134,151,158,170,159,139,118,102,35,12,10,0,0
35,86,103,112,120,128,128,123,120,104,102,117,140,147,159,148,149,119,102,43,14,8,3,9
34,55,67,101,118,126,125,120,110,102,86,107,124,143,153,142,154,122,109,58,32,10,7,0
31,55,63,94,108,110,109,104,102,74,77,81,107,118,135,140,119,110,85,15,14,5,11,6
35,56,69,103,112,115,109,72,88,97,75,100,80,112,130,132,124,120,92,8,11,11,11,6
38,58,83,109,115,117,107,101,73,60,73,58,63,104,130,129,120,114,47,19,8,14,12,1
12,64,87,100,108,87,75,62,62,55,57,53,56,76,89,105,96,82,47,10,10,7,8,5
14,55,88,71,98,88,66,51,42,20,30,47,51,77,106,114,79,56,21,12,10,10,1,4
32,95,126,85,73,101,61,50,12,12,10,52,53,65,113,117,127,78,32,18,10,6,6,0
13,50,63,64,70,80,52,25,14,11,11,35,51,58,67,92,133,87,19,11,4,3,0,2
3,11,17,63,61,51,14,3,4,2,13,11,38,51,59,85,68,56,14,2,7,1,0,0
0,1,9,41,50,39,0,7,0,3,3,10,14,26,53,55,57,51,9,10,9,6,6,1
1,0,0,29,50,14,3,6,8,5,0,6,11,13,47,54,50,41,8,10,4,3,9,6
1,0,10,32,50,14,11,5,10,9,6,12,12,20,39,34,52,51,14,10,7,5,0,4
0,5,3,14,14,10,4,11,12,9,12,11,11,22,36,53,55,52,25,8,4,0,0,0
3,1,0,13,8,4,0,11,9,9,4,14,14,17,45,53,57,50,25,4,0,0,3,0
0,0,3,9,10,4,9,13,11,12,13,14,14,16,14,51,56,42,42,11,10,0,0,7
1,2,7,0,13,6,3,13,13,10,9,10,8,10,12,32,37,53,19,9,5,0,0,0
7,11,9,7,12,12,11,12,1,0,0,4,3,1,11,14,11,14,12,4,4,0,0,7
13,38,23,7,12,9,0,3,0,5,9,6,0,0,15,3,10,12,11,6,9,10,3,0
15,49,30,13,12,7,6,10,10,8,0,4,7,10,8,5,8,16,17,7,7,0,6,6

9,9,11,22,46,43,50,52,69,80,78,71,36,13,0,11,14,13,0,1,9,10,11,0
13,13,14,37,56,50,51,10,14,50,56,70,83,11,10,0,14,0,0,0,0,13,14,0
12,7,8,9,14,52,26,14,54,29,14,11,65,110,99,69,60,109,55,11,0,0,4,0
10,11,5,11,3,14,38,12,6,4,12,57,11,54,81,62,71,125,55,13,0,0,0,0
0,5,4,1,0,17,56,14,63,54,67,52,77,63,66,59,61,71,21,12,0,0,0,0
10,10,8,22,13,52,56,82,81,83,66,94,92,85,82,58,31,12,12,0,0,0,0,0
9,10,9,35,9,51,82,100,122,106,100,109,137,128,101,70,13,6,5,0,8,5,0,0
0,9,0,13,12,74,95,129,132,141,134,144,153,140,122,81,54,52,0,33,9,0,8,1
4,7,9,6,51,71,87,136,163,150,126,149,186,169,134,103,57,8,12,0,0,0,0,0
0,0,14,11,53,67,111,165,202,168,149,189,244,275,188,108,81,14,28,0,0,0,5,0
1,8,13,14,57,71,125,246,247,188,173,184,262,315,197,135,84,57,11,3,6,0,0,0
1,0,2,9,60,66,101,162,183,176,185,168,170,222,181,128,101,57,12,7,7,5,0,10
7,1,2,31,78,84,102,134,149,165,171,178,171,160,142,125,103,51,12,16,4,0,0,0
0,0,11,14,60,79,106,131,136,148,159,162,150,152,140,124,105,65,7,1,0,0,0,5
0,2,9,14,53,55,77,124,126,109,140,161,159,149,138,119,98,39,2,0,0,0,6,1
0,0,7,11,45,78,68,118,130,130,134,160,178,155,131,100,73,30,2,6,6,11,2,0
6,2,11,10,19,78,102,115,108,125,140,140,161,120,91,74,61,26,2,9,7,0,2,0
1,12,14,29,40,50,58,102,113,137,145,149,128,119,105,75,57,34,22,14,11,4,11,3
0,0,9,14,72,94,109,125,129,181,148,166,147,110,114,113,91,60,29,14,6,10,6,4
3,9,25,71,72,91,92,140,159,190,188,212,192,146,159,131,125,103,50,12,6,1,0,4
11,21,39,44,80,87,127,139,141,194,194,227,192,150,159,145,128,111,55,28,0,0,1,8
9,12,53,72,116,127,137,151,160,190,227,195,177,193,156,165,131,99,57,24,14,3,5,9
16,30,53,79,121,134,129,148,137,173,237,161,166,173,173,175,142,109,71,29,14,10,5,6
14,70,72,101,116,130,136,133,130,122,130,134,151,158,170,159,139,118,102,35,12,10,0,0
35,86,103,112,120,128,128,123,120,104,102,117,140,147,159,148,149,119,102,43,14,8,3,9
36,54,68,101,118,126,125,120,110,102,86,107,124,143,153,142,154,122,109,58,32,10,7,0
30,55,63,93,108,110,109,104,102,74,78,81,107,118,135,140,119,110,85,14,14,5,11,6
35,55,69,103,112,115,108,72,88,97,75,100,80,112,130,132,123,120,92,8,11,11,12,6
38,57,84,109,115,117,107,101,73,60,73,58,63,104,130,129,120,114,47,19,8,14,12,1
12,64,87,100,108,87,75,62,62,55,57,53,56,76,89,105,96,82,47,10,10,7,8,5
14,55,88,71,98,88,66,51,41,20,30,47,50,77,106,114,79,56,22,12,10,10,1,4
32,96,126,85,73,101,61,50,12,12,10,52,53,65,113,117,127,78,32,18,10,6,6,0
13,50,63,64,70,80,52,24,14,11,11,34,51,58,67,92,133,87,19,11,4,3,0,2
3,11,17,63,61,51,13,3,3,2,13,11,37,51,60,85,68,56,13,2,7,0,0,0
0,1,9,42,50,38,0,7,0,3,3,10,14,28,53,55,58,51,9,10,9,6,6,1
0,0,0,29,50,14,3,6,8,5,0,6,11,13,46,54,50,41,8,10,4,3,9,6
1,0,10,33,50,14,11,5,10,9,6,12,12,24,38,34,52,51,14,10,7,5,0,4
0,5,3,14,14,11,5,11,12,9,12,11,11,22,36,53,55,52,25,8,4,0,0,0
2,1,0,13,8,4,0,11,9,9,4,14,14,17,46,53,57,51,25,4,0,0,3,0
0,0,3,9,10,4,9,13,11,12,13,14,14,15,14,51,56,42,43,11,10,0,0,7
1,2,7,0,13,6,3,13,13,10,9,10,8,10,12,33,37,53,19,9,5,0,0,0
7,11,9,7,12,12,11,12,1,0,0,4,3,1,12,14,11,14,12,4,5,0,0,7
13,38,22,8,12,9,0,4,0,5,9,6,0,0,15,3,10,12,11,6,9,10,3,0
15,49,31,13,12,7,6,10,10,8,0,4,7,10,8,5,8,16,17,7,7,0,6,6

8,9,11,23,44,43,50,52,68,80,78,70,35,13,0,11,14,13,0,1,9,10,11,0
13,13,14,36,56,50,51,10,14,50,56,70,83,11,10,0,14,0,0,0,0,13,14,0
12,7,8,9,14,52,27,14,54,29,14,11,63,110,99,69,60,109,55,11,0,0,4,0
10,11,4,11,3,14,38,12,6,4,12,57,11,54,80,62,71,124,55,13,0,0,0,0
0,5,4,1,0,19,57,14,64,54,67,52,78,63,66,59,61,71,21,12,0,0,0,0
10,10,8,23,13,52,57,82,82,84,66,94,93,86,82,59,33,12,12,0,0,0,0,0
9,10,9,36,9,51,83,100,123,106,101,109,138,129,102,71,13,6,5,0,8,5,0,0
0,9,0,13,12,74,96,129,132,141,134,143,153,141,123,82,54,52,0,34,9,0,8,1
4,7,9,6,51,71,88,136,163,150,125,147,185,170,136,104,58,8,12,0,0,0,0,0
0,0,14,12,54,68,112,166,202,167,149,186,241,278,190,110,82,14,29,0,0,0,5,0
1,8,13,14,58,71,128,247,239,188,176,183,248,308,201,138,85,58,12,3,6,0,0,0
1,0,3,9,60,66,101,161,183,178,187,169,168,215,181,129,102,57,13,7,7,5,0,10
8,1,2,32,80,84,103,135,150,167,173,179,172,161,142,126,104,52,12,16,4,0,0,0
0,0,11,14,60,80,107,131,137,149,161,164,151,153,141,125,105,66,8,2,0,0,0,5
0,2,9,16,53,55,78,124,127,110,141,162,160,149,139,119,99,41,3,0,0,0,6,1
0,0,7,11,47,79,68,118,131,131,135,162,179,156,132,100,74,31,2,6,6,11,2,0
7,2,11,10,19,77,102,115,108,126,140,141,161,120,91,74,61,26,2,9,7,0,2,0
1,12,14,28,40,50,58,102,114,137,145,151,129,120,106,75,57,34,22,14,10,4,11,3
0,0,9,14,71,92,108,125,129,181,148,167,147,110,114,113,90,59,29,14,6,10,6,3
3,8,22,70,71,90,91,140,159,190,188,212,193,146,158,130,124,103,49,12,6,0,0,4
11,20,38,44,80,87,126,139,140,194,194,227,191,150,158,144,128,111,54,28,0,0,1,8
9,12,53,72,115,127,136,150,159,190,225,194,176,193,155,164,130,98,56,24,14,3,5,8
16,30,53,79,121,134,129,148,136,171,236,161,166,173,172,174,142,109,71,29,14,10,5,6
14,71,72,101,115,130,136,133,129,122,130,134,150,158,169,159,139,117,102,32,12,10,0,0
36,86,103,112,120,128,128,123,120,104,102,117,139,147,159,148,149,119,103,43,14,8,3,9
33,54,66,101,117,126,125,120,109,102,86,107,123,143,153,142,154,122,109,57,31,10,7,0
31,55,63,94,108,110,109,104,102,75,78,81,107,118,135,140,119,110,84,15,14,5,11,6
34,55,69,103,112,114,108,72,89,95,75,100,81,112,130,132,123,120,92,8,10,11,11,6
38,58,83,109,115,117,107,101,73,59,72,58,63,104,130,129,120,114,47,19,8,14,12,1
12,64,87,100,108,87,74,62,61,55,57,53,55,76,89,105,96,82,46,10,10,7,8,5
14,55,88,71,97,88,66,51,42,20,30,47,51,77,106,114,79,56,21,12,10,10,1,4
32,97,127,85,73,101,61,50,12,12,10,52,53,65,113,117,127,78,32,19,10,6,6,0
13,50,63,65,70,80,52,24,14,11,11,35,51,58,68,93,133,87,19,11,4,3,0,2
3,12,17,63,61,51,14,2,3,2,13,11,37,51,59,85,68,57,13,2,7,0,0,0
0,1,9,42,50,39,0,7,0,3,3,10,14,27,54,55,58,51,9,10,9,6,6,1
0,0,0,29,50,14,3,6,8,5,0,6,11,13,47,54,50,41,8,10,4,3,9,6
1,0,10,33,50,14,11,5,10,9,6,12,12,24,38,34,52,51,14,10,7,5,0,4
0,5,3,14,14,11,4,11,12,9,12,11,11,23,36,53,55,52,25,8,4,0,0,0
3,1,0,13,8,4,0,11,9,9,4,14,14,17,46,53,57,51,25,4,0,0,3,0
0,0,3,9,10,4,9,14,11,12,13,14,14,15,14,51,56,42,43,11,10,0,0,7
1,2,7,0,13,6,3,13,13,10,9,10,8,10,12,33,37,53,20,9,5,0,0,0
7,11,9,7,12,12,11,12,1,0,0,4,3,1,12,14,11,14,12,4,4,0,0,7
13,38,24,8,12,9,0,3,0,5,9,6,0,0,15,3,10,12,11,6,9,10,3,0
15,48,30,13,12,7,6,10,10,8,0,4,7,10,8,5,8,16,17,7,7,0,6,6

8,9,12,22,48,43,50,52,68,80,78,71,37,13,0,11,14,13,1,1,9,10,11,0
13,13,14,36,56,50,51,10,14,50,56,69,83,11,10,0,14,0,0,0,0,13,14,0
12,7,8,9,14,52,27,15,53,29,14,11,63,110,99,69,60,109,55,11,0,0,4,0
10,11,4,11,3,14,39,12,6,4,11,57,11,54,80,62,71,125,55,14,0,0,0,0
0,4,3,1,0,19,57,14,64,55,67,52,78,63,66,59,61,71,21,12,0,0,0,0
10,10,8,24,13,53,57,82,83,84,67,96,94,86,83,59,33,12,12,0,0,0,0,0
9,10,9,37,9,52,83,101,123,107,101,110,140,130,102,72,13,6,4,0,8,5,0,0
0,9,0,13,12,74,96,129,133,142,135,144,156,142,125,83,54,52,0,33,9,0,8,1
4,7,9,6,51,72,88,137,163,150,126,148,186,171,136,105,58,9,12,0,0,0,0,0
0,0,14,11,54,67,112,166,202,167,149,185,241,279,190,109,82,14,29,0,0,0,5,0
1,9,13,14,58,71,127,246,239,186,174,181,247,309,200,138,85,58,11,3,6,0,0,0
1,0,2,9,60,66,101,161,182,176,186,168,167,214,181,129,101,57,13,7,7,5,0,10
8,1,2,32,80,84,103,135,149,166,172,178,172,160,142,126,104,51,12,17,4,0,0,0
0,0,11,14,60,79,107,131,137,148,160,163,150,152,141,125,105,66,7,1,0,0,0,5
0,3,9,15,53,55,77,124,126,110,141,162,160,149,139,119,99,41,3,0,0,0,6,1
0,0,7,11,45,78,68,118,130,130,135,161,179,155,132,100,74,31,2,6,6,11,2,0
7,2,11,10,20,78,102,115,108,125,140,141,161,120,91,74,61,25,2,9,7,0,2,0
1,12,14,29,40,50,58,101,113,137,145,150,128,119,105,74,57,34,22,14,10,4,11,3
0,0,9,14,72,94,109,125,129,181,148,167,147,110,114,113,91,59,29,14,6,10,6,4
3,8,23,71,72,91,91,140,159,190,188,212,193,146,159,131,124,103,48,12,6,0,0,4
11,21,38,45,80,87,127,139,141,194,194,227,191,150,159,144,128,111,54,28,0,0,1,8
9,12,53,72,115,127,137,150,160,190,226,194,177,193,155,164,131,98,57,24,14,3,5,9
16,30,53,79,121,134,129,148,137,172,237,161,166,173,173,175,142,109,71,30,14,10,5,6
14,70,72,101,115,130,136,133,130,122,130,134,150,158,169,159,139,117,102,33,12,10,0,0
35,87,103,112,120,127,128,123,120,104,102,117,139,147,159,148,149,119,102,43,14,8,3,9
34,54,67,101,118,126,125,120,109,102,85,107,124,143,153,142,154,122,109,58,32,10,7,0
33,55,63,94,108,110,109,104,102,75,77,81,107,118,135,140,119,110,84,15,14,5,11,6
34,56,69,103,112,115,108,73,88,97,75,100,80,112,130,132,123,120,92,8,11,11,11,6
39,57,84,109,115,117,107,101,73,60,72,58,63,104,130,129,121,114,46,19,8,14,12,1
12,64,87,100,108,87,74,62,62,55,57,53,56,76,89,106,97,82,46,10,10,7,8,5
14,55,88,71,98,88,66,51,41,20,30,47,51,77,106,114,79,56,22,12,10,10,1,4
31,96,126,85,73,101,61,50,12,12,10,52,53,65,113,117,127,78,32,18,10,6,6,0
13,50,63,65,70,80,52,25,14,11,11,35,51,58,67,93,134,87,19,11,4,3,0,2
3,11,17,63,61,51,14,2,4,2,13,11,37,51,59,85,68,56,14,2,7,0,0,0
0,1,9,42,50,38,0,7,0,3,3,10,14,27,53,55,57,51,9,10,9,6,6,1
0,0,0,30,50,14,3,6,8,5,0,6,11,13,46,54,50,41,8,10,4,3,9,6
1,0,10,33,50,14,11,5,10,9,6,12,12,22,39,34,52,51,14,10,7,5,0,4
0,5,3,14,14,10,4,11,12,9,12,11,11,23,36,53,55,52,25,8,4,0,0,0
3,2,0,13,8,4,0,11,9,9,4,14,14,17,48,53,57,51,25,4,0,0,3,0
0,0,3,9,10,4,9,14,11,12,14,14,14,15,14,51,56,42,43,11,10,0,0,7
2,2,7,0,13,6,3,13,13,10,9,11,8,10,12,33,37,53,19,9,5,0,0,0
7,11,9,7,12,12,11,12,1,0,0,4,3,2,12,14,11,14,12,4,5,0,0,7
13,38,25,8,12,9,0,4,0,5,9,7,0,0,15,3,10,12,11,6,9,10,3,0
15,48,30,13,12,7,6,10,10,8,0,4,7,9,8,5,8,16,17,7,7,0,6,6

8,9,11,22,45,42,50,52,68,80,77,70,35,13,0,11,14,13,1,1,9,10,11,0
13,13,14,36,56,50,51,10,14,50,56,70,82,11,10,0,14,0,0,0,0,13,13,0
12,7,8,9,14,52,27,15,54,30,14,10,63,110,99,69,60,109,55,11,0,0,4,0
10,10,4,11,3,14,38,12,6,4,12,57,11,54,80,62,71,125,56,13,0,0,0,0
0,4,3,1,0,19,57,14,64,55,68,53,79,63,67,59,61,71,22,12,0,0,0,0
10,10,8,24,13,53,57,83,83,85,67,97,95,87,83,59,34,12,12,0,0,0,0,0
9,10,9,38,9,52,84,102,125,109,102,112,143,132,104,72,14,6,5,0,8,5,0,0
0,9,0,14,13,75,98,131,135,145,137,147,160,145,127,84,55,53,0,36,9,0,8,1
4,7,10,6,52,72,90,141,168,153,128,151,189,173,138,105,58,9,13,0,0,0,0,0
0,0,14,12,54,68,113,168,204,168,149,185,243,282,192,110,83,16,30,0,0,0,5,0
1,8,13,14,58,72,128,250,241,185,171,179,250,312,201,139,85,58,12,3,6,0,0,0
1,0,3,9,60,66,101,161,180,174,183,165,165,215,182,129,102,57,13,7,7,4,0,10
8,1,2,30,79,84,102,134,148,163,169,176,169,159,142,125,104,52,12,16,4,0,0,0
0,0,11,13,59,78,106,130,136,147,158,161,149,151,140,124,105,65,7,1,0,0,0,5
0,3,9,14,52,55,77,124,125,108,139,160,158,148,138,118,98,38,2,0,0,0,6,1
0,0,6,11,39,77,67,117,129,129,133,159,177,154,131,100,73,29,1,6,6,11,2,0
6,2,10,10,17,76,102,115,107,124,139,139,159,119,90,74,61,25,2,9,7,0,2,0
1,12,14,29,40,50,58,101,112,136,144,148,127,118,105,74,58,34,22,14,10,4,11,3
0,0,10,14,73,94,109,125,129,180,148,166,147,110,113,113,91,60,30,14,6,10,6,4
3,9,25,71,72,92,91,140,159,190,188,212,192,146,159,131,125,103,51,12,6,0,0,4
11,21,39,45,80,87,127,140,141,194,195,228,192,150,159,145,128,111,55,28,0,0,1,8
9,12,54,72,116,127,137,151,161,191,227,196,178,194,156,165,131,99,57,24,14,3,5,8
16,30,54,79,121,135,130,149,137,174,238,162,167,174,173,176,142,109,71,31,14,10,5,6
14,70,72,101,115,130,136,133,130,122,131,134,151,158,170,159,139,118,102,35,12,10,0,0
35,86,103,112,120,128,128,123,120,104,102,117,140,148,159,148,150,119,103,43,14,8,3,9
34,54,67,101,118,126,125,120,110,102,83,107,124,143,153,142,154,122,109,59,32,10,7,0
33,55,63,94,108,110,109,104,102,74,78,81,107,118,135,140,119,110,85,15,14,5,11,6
35,55,69,103,112,114,108,72,88,95,75,100,81,112,130,132,124,120,92,8,11,11,11,6
38,58,84,109,115,117,107,101,74,60,72,58,64,104,130,129,121,114,47,19,8,14,12,1
12,64,87,100,108,87,74,62,61,55,57,53,56,76,89,106,97,82,46,10,10,7,8,5
14,55,88,71,98,88,66,51,42,20,30,47,50,77,107,114,79,56,22,12,10,10,1,4
31,96,126,85,73,101,61,50,12,12,10,52,53,65,113,117,127,78,32,18,10,6,6,0
13,50,63,65,70,80,52,24,14,11,11,34,51,58,68,93,133,87,19,11,4,3,0,2
3,12,16,63,61,51,14,3,3,2,13,11,37,51,60,85,68,56,13,2,7,0,0,0
0,1,9,42,50,39,0,7,0,3,3,10,14,27,53,55,58,51,9,10,9,6,6,1
0,0,0,29,50,14,3,6,8,5,0,6,11,13,47,55,50,41,8,10,4,3,9,6
1,0,10,33,50,14,11,5,10,9,6,12,12,21,38,34,52,51,14,10,7,5,0,4
0,5,3,14,14,10,4,11,12,9,12,11,11,22,36,53,55,52,24,8,4,0,0,0
3,2,0,13,8,4,0,11,9,9,4,14,14,17,46,53,57,51,24,4,0,0,3,0
0,0,3,9,10,4,9,14,11,12,14,14,14,15,14,51,56,42,42,11,10,0,0,7
1,2,7,0,13,6,3,13,13,10,9,11,8,10,12,34,37,53,19,9,5,0,0,0
7,11,9,7,12,12,11,12,1,1,0,5,3,1,12,15,11,14,12,4,5,0,0,7
13,39,23,7,12,9,0,4,0,5,10,6,0,0,16,3,10,12,11,6,9,10,3,0
15,48,30,13,12,7,6,10,10,8,0,4,7,9,8,5,8,16,17,7,7,0,6,6

8,9,11,22,45,43,50,52,68,80,77,70,37,13,0,11,14,13,1,1,9,10,11,0
13,13,14,37,56,50,51,10,14,50,56,69,83,11,10,0,14,0,0,0,0,13,14,0
12,7,8,8,14,52,29,14,54,30,14,10,63,110,99,69,60,109,56,11,0,0,4,0
10,10,4,11,3,15,39,12,7,4,12,57,11,55,80,62,71,125,55,13,0,0,0,0
0,4,3,1,0,19,58,14,64,55,68,53,79,63,67,59,61,71,22,12,0,0,0,0
10,10,8,25,13,53,57,83,84,85,67,97,95,87,84,59,34,12,12,0,0,0,0,0
9,10,9,38,9,53,84,102,125,109,103,112,143,133,104,72,14,6,5,0,8,5,0,0
0,9,0,14,13,76,99,132,136,147,137,148,161,146,127,85,55,53,0,36,9,0,8,1
4,7,10,6,52,73,90,143,171,155,129,153,191,175,139,106,59,9,13,0,0,0,0,0
0,0,14,12,54,68,113,168,206,169,149,186,245,284,194,111,83,18,32,0,0,0,5,0
2,9,13,14,58,72,128,251,245,185,169,178,253,314,201,139,86,59,11,3,6,0,0,0
1,0,3,9,60,66,101,161,179,172,182,163,164,217,182,129,102,58,13,7,8,4,0,10
8,1,2,29,77,83,102,133,147,161,167,174,167,158,141,125,104,51,12,16,4,0,0,0
0,0,11,13,59,78,106,130,135,146,156,159,148,149,139,124,105,64,6,1,0,0,0,5
0,3,9,13,52,55,76,123,124,107,137,158,157,147,137,118,96,36,1,0,0,0,6,1
0,0,6,10,36,76,67,117,129,128,132,157,176,153,130,100,73,28,1,5,6,11,2,0
6,2,10,9,15,75,102,114,106,123,137,138,158,118,90,73,60,26,2,9,7,0,2,0
1,12,14,29,40,50,58,100,112,135,143,147,125,118,105,74,58,34,22,14,10,4,11,3
0,0,10,14,74,96,109,125,128,179,148,165,146,109,114,113,92,60,30,14,6,10,6,4
3,9,27,72,73,93,92,140,159,190,188,211,192,146,160,132,125,104,51,12,6,1,0,4
11,21,39,45,80,88,127,140,141,195,195,228,192,150,160,145,129,112,55,28,0,0,1,8
9,12,53,73,116,127,137,152,161,192,229,196,178,194,157,166,132,100,57,24,14,3,5,9
16,30,54,79,122,135,130,149,138,175,239,163,168,174,173,176,142,110,71,30,14,10,5,6
14,71,73,101,116,130,136,133,130,122,131,135,152,159,170,159,139,118,102,35,12,10,0,0
35,87,103,112,120,128,128,123,120,104,102,117,140,148,159,148,150,120,103,43,14,8,3,9
34,54,68,101,118,126,125,120,110,102,85,107,124,143,153,142,154,122,109,59,32,10,7,0
31,56,63,94,108,110,109,104,102,74,78,81,107,118,135,140,119,110,85,15,14,5,11,6
35,56,69,103,112,114,108,72,88,96,75,100,80,111,130,132,124,120,92,8,11,11,11,6
38,57,83,109,115,117,107,101,73,60,72,58,63,104,130,129,121,114,47,19,8,14,12,1
12,64,87,100,108,87,74,62,62,55,57,53,56,76,89,106,97,82,46,10,10,7,8,5
14,55,88,71,98,88,66,51,42,20,30,47,51,77,107,114,79,56,21,12,10,10,1,4
32,96,126,86,73,101,61,50,12,12,10,52,53,65,113,117,127,77,32,18,10,6,6,0
13,50,63,65,70,80,52,25,14,11,11,35,51,58,67,93,133,87,19,11,4,3,0,2
3,12,16,63,61,51,14,3,3,2,13,11,37,51,59,85,68,56,13,2,7,0,0,0
0,1,9,42,50,38,0,7,0,3,3,10,14,27,53,55,58,51,9,10,9,6,6,1
1,0,0,29,50,14,3,6,8,5,0,6,11,13,46,54,50,41,8,10,4,3,9,6
1,0,10,32,50,14,11,5,10,9,6,12,12,22,38,34,52,51,14,10,7,5,0,4
0,5,3,14,14,10,5,11,12,9,12,11,11,22,36,53,55,52,24,8,4,0,0,0
3,1,0,13,8,4,0,11,9,9,4,14,14,17,46,53,57,51,25,4,0,0,3,0
0,0,3,9,10,4,9,14,11,12,14,14,14,14,14,51,56,41,42,11,10,0,0,7
1,2,7,0,13,6,3,13,13,10,9,11,8,10,12,32,37,53,19,9,5,0,0,0
7,11,9,7,12,12,11,12,1,1,0,4,3,1,12,14,11,14,12,4,4,0,0,7
13,38,23,7,12,9,0,4,0,5,10,6,0,0,16,3,9,12,11,6,9,10,3,0
16,48,31,13,12,7,6,10,10,8,0,4,7,8,7,5,8,15,17,7,7,0,6,6

8,9,12,21,45,44,50,52,68,80,77,70,36,13,0,11,14,13,1,1,9,10,11,0
13,13,14,37,56,50,51,10,14,50,56,69,83,11,10,0,14,0,0,0,0,13,14,0
12,7,8,8,14,52,27,15,54,30,14,11,63,110,99,69,61,109,56,11,0,0,5,0
10,11,4,11,4,15,40,12,7,4,12,58,11,54,80,62,71,126,56,14,0,0,0,0
0,5,4,1,0,20,58,14,64,55,68,53,79,63,67,59,62,71,22,12,0,0,0,0
10,10,8,24,13,53,58,83,84,85,67,97,95,87,83,59,35,12,12,0,0,0,0,0
9,10,9,38,10,53,84,102,126,109,103,113,144,133,104,72,14,6,5,0,8,4,0,0
0,9,0,14,13,76,99,132,137,147,138,148,162,146,128,85,55,53,0,36,9,0,8,1
4,7,10,6,52,72,90,143,171,155,129,153,192,175,139,106,59,9,13,0,0,0,0,0
0,0,14,11,54,68,113,168,206,170,149,187,245,284,194,111,83,19,32,0,0,0,5,0
2,9,13,14,58,71,127,251,246,185,168,177,256,316,200,139,86,59,11,3,6,0,0,0
1,0,3,9,60,66,100,160,178,171,180,161,164,218,181,129,102,57,13,7,7,4,0,10
8,1,2,27,76,82,102,132,146,160,166,172,166,157,141,125,104,51,12,16,4,0,0,0
0,0,11,13,58,77,106,129,134,145,154,158,147,149,139,123,105,63,6,1,0,0,0,5
0,3,9,13,52,55,75,122,123,106,136,157,156,147,137,117,95,35,0,0,0,0,6,1
0,0,6,9,35,76,66,117,128,127,131,156,175,152,130,100,73,27,1,5,6,10,2,0
6,1,10,9,14,74,102,114,105,122,136,137,156,117,90,73,60,28,2,8,7,0,2,0
1,12,14,29,40,50,58,100,111,134,142,146,125,117,104,75,58,34,22,14,10,4,11,3
0,0,10,14,74,96,109,125,128,178,147,164,146,109,114,114,93,61,31,14,7,10,6,4
3,9,30,73,73,94,93,141,159,190,188,212,192,146,160,132,126,104,53,12,6,1,0,4
11,21,39,46,80,88,128,140,142,196,195,229,193,151,161,146,130,112,56,29,0,0,1,8
10,12,54,73,116,128,137,152,162,192,229,197,179,195,158,167,132,100,57,25,14,3,5,9
16,30,54,80,122,135,130,149,138,175,240,164,168,175,174,176,142,110,71,31,14,10,5,6
14,71,73,101,116,130,136,133,130,122,131,135,152,159,170,159,140,118,103,35,12,10,0,0
35,87,103,112,120,128,128,123,120,104,102,117,140,148,159,148,150,120,103,43,14,8,3,9
33,55,68,101,118,126,125,120,110,102,88,107,124,143,154,142,155,123,109,60,32,11,7,0
33,55,63,95,108,110,109,104,102,77,78,81,107,118,135,141,120,110,85,16,14,5,11,6
35,56,69,103,112,114,108,72,88,96,75,100,80,111,130,132,124,120,92,8,11,11,11,6
38,57,83,109,115,117,107,101,73,60,72,58,63,104,130,129,121,114,47,19,8,14,12,1
12,64,87,100,108,87,75,62,62,55,57,53,55,76,90,106,97,82,46,10,10,7,8,5
14,55,88,71,98,88,66,51,41,20,30,46,50,77,107,114,79,56,21,12,10,10,1,4
31,96,126,86,73,101,61,50,12,12,10,52,53,65,113,117,127,78,32,18,10,6,6,0
13,50,63,65,70,80,52,23,14,11,11,35,51,58,67,93,133,87,19,11,4,3,0,2
3,11,17,63,61,51,14,3,3,2,13,11,37,51,60,85,68,56,13,2,7,0,0,0
0,1,9,42,50,39,0,7,0,4,3,10,14,28,53,55,57,51,9,10,9,6,6,1
0,0,0,30,50,14,3,6,8,5,0,6,11,13,46,54,50,41,8,10,4,3,9,6
1,0,10,32,50,14,11,5,10,9,6,12,12,22,38,34,52,51,14,10,7,5,0,4
0,5,3,14,14,10,5,11,12,9,12,11,11,22,36,53,55,52,24,8,4,0,0,0
3,1,0,13,8,4,0,11,9,9,4,14,14,17,45,53,57,51,24,4,0,0,3,0
0,0,3,9,10,4,9,14,11,12,14,14,14,15,14,52,56,41,44,11,10,0,0,7
1,2,7,0,13,6,3,13,13,10,9,10,8,10,12,33,37,53,19,9,5,0,0,0
7,11,9,7,12,12,11,12,1,1,0,5,3,1,12,14,11,14,12,4,5,0,0,7
13,37,22,7,12,9,0,4,0,5,10,6,0,0,15,3,10,12,11,6,9,10,3,0
16,46,31,13,12,7,6,10,10,8,0,4,7,8,7,5,8,15,17,7,7,0,6,6

8,9,11,22,45,43,50,52,68,80,77,70,35,13,0,11,14,13,1,1,9,10,11,0
13,13,14,36,56,50,51,10,14,50,56,69,83,11,10,0,14,0,0,0,0,13,14,0
12,7,8,9,14,52,31,16,54,31,14,11,63,110,99,69,61,109,56,11,0,0,5,0
10,11,5,11,4,15,40,12,6,4,12,58,11,54,80,62,71,126,56,14,0,0,0,0
0,5,4,1,0,19,58,14,64,55,68,53,79,63,67,59,62,71,22,12,0,0,0,0
10,10,8,24,13,53,58,83,84,85,67,97,95,88,84,59,35,12,12,0,0,0,0,0
9,10,9,38,10,53,84,102,125,109,102,112,143,133,104,73,14,6,5,0,9,4,0,0
0,9,0,14,13,76,98,131,135,144,136,147,160,146,127,85,55,53,0,36,9,0,8,1
4,7,10,6,52,72,89,141,168,153,128,152,191,175,138,106,59,9,13,0,0,0,0,0
0,0,14,12,54,68,113,169,205,168,149,187,245,284,194,111,84,18,32,0,0,0,5,0
2,9,13,14,58,72,130,252,237,183,170,178,250,314,202,140,86,59,12,3,6,0,0,0
1,0,3,10,60,67,101,160,179,172,182,163,164,215,182,130,102,58,13,7,7,4,0,10
8,1,2,29,78,84,102,133,147,161,167,174,167,158,141,126,104,52,12,16,4,0,0,0
0,0,11,13,59,78,106,130,135,146,156,159,148,150,139,124,105,65,6,1,0,0,0,5
0,3,9,14,52,55,76,123,124,107,137,158,156,147,137,118,96,37,1,0,0,0,6,1
0,0,6,10,39,77,67,117,128,127,132,157,176,153,130,100,73,29,1,5,6,11,2,0
6,1,10,9,15,75,102,114,106,123,137,137,157,118,90,73,61,27,2,8,7,0,2,0
1,12,14,29,40,50,58,100,112,134,143,146,125,117,104,74,58,34,22,14,10,4,11,3
0,0,10,14,73,95,109,125,128,179,147,165,146,109,114,114,92,60,31,14,7,10,6,4
3,9,26,71,73,92,92,140,159,190,187,211,191,146,160,132,125,104,52,12,6,1,0,4
11,21,39,45,80,87,127,140,141,195,195,228,192,150,160,145,129,112,55,28,0,0,1,8
9,12,53,72,116,127,137,151,161,191,228,196,178,194,157,166,132,100,57,24,14,3,5,9
16,31,53,80,122,135,130,148,137,174,239,163,167,174,174,176,142,110,71,31,14,10,5,6
14,70,72,101,115,130,136,133,130,122,131,135,152,159,170,160,140,118,102,35,12,10,0,0
36,86,103,112,120,128,128,123,120,104,102,117,140,148,160,148,150,120,103,43,14,8,3,9
34,54,68,101,117,126,125,120,110,102,86,107,124,143,154,142,155,122,109,59,32,11,7,0
33,55,63,94,108,110,109,104,102,75,77,81,107,118,135,141,119,110,86,16,14,5,11,6
35,55,69,103,111,114,108,72,88,96,75,100,81,112,130,132,124,120,92,8,11,11,11,6
38,58,83,109,115,117,107,101,73,60,73,58,63,104,130,129,121,114,47,19,8,14,12,1
12,64,87,100,108,87,74,62,62,55,57,53,56,76,89,106,97,82,46,10,10,7,8,5
14,55,88,71,98,88,66,51,41,20,30,47,51,77,107,114,79,56,21,12,10,10,1,4
33,96,126,86,73,101,61,50,12,12,10,52,53,65,113,117,127,78,32,19,10,6,6,0
13,50,63,65,70,80,52,25,14,11,11,35,51,58,68,93,134,87,19,11,4,3,0,2
3,11,17,63,61,51,14,3,3,2,13,11,37,51,60,85,68,56,13,2,7,0,0,0
0,1,9,42,50,39,0,7,0,4,3,10,14,27,53,55,58,51,9,10,9,6,6,1
0,0,0,29,50,14,3,6,8,5,0,6,11,13,46,54,50,41,8,10,4,3,9,6
1,0,10,33,50,14,11,5,10,9,6,12,12,22,38,34,52,51,14,10,7,5,0,4
0,5,3,14,14,11,5,11,12,9,12,11,11,22,36,53,55,52,25,8,4,0,0,0
3,1,0,13,8,4,0,11,9,9,4,14,14,17,46,53,57,51,25,4,0,0,3,0
0,0,3,10,10,4,9,14,11,12,14,14,14,15,14,51,56,41,43,11,10,0,0,7
1,2,7,0,13,6,3,13,13,10,9,10,8,10,12,33,37,53,19,9,5,0,0,0
7,11,9,7,12,12,11,12,1,0,0,4,3,1,11,15,11,14,12,4,5,0,0,7
13,38,23,8,12,9,1,4,0,5,9,6,0,0,15,3,10,12,11,6,9,10,3,0
15,48,31,13,12,7,6,10,10,8,0,4,7,8,7,5,8,15,17,7,7,0,6,6

9,9,12,22,45,43,50,52,68,80,77,70,36,13,0,11,14,13,1,1,9,10,11,0
13,13,14,36,56,50,51,10,14,50,56,69,82,11,10,0,14,0,0,0,0,13,13,0
12,7,8,8,14,52,30,15,54,31,14,11,62,110,99,69,60,109,56,11,0,0,5,0
10,11,4,11,4,15,41,12,7,4,12,58,11,54,80,62,71,125,55,13,0,0,0,0
0,5,4,1,0,22,58,14,64,54,67,52,79,63,67,59,62,71,22,12,0,0,0,0
10,10,8,25,13,53,58,83,83,84,66,95,93,88,84,59,36,12,12,0,0,0,0,0
9,10,9,38,10,53,84,102,124,106,101,108,139,132,105,73,18,7,6,0,9,4,0,0
0,9,0,14,13,76,99,131,134,142,133,142,156,145,130,87,55,54,0,40,9,0,8,1
4,7,10,7,53,73,91,143,168,152,127,150,189,177,142,110,61,9,13,0,0,0,0,0
0,0,14,12,56,69,115,175,205,167,157,190,248,295,200,115,85,25,35,0,0,0,5,0
2,9,13,14,59,74,139,254,219,181,172,178,237,315,215,145,89,61,12,4,7,0,0,0
1,0,3,10,62,68,100,156,177,172,183,164,162,206,183,132,103,59,13,7,8,4,0,10
8,1,2,32,79,84,102,133,147,162,168,175,168,158,142,126,104,52,12,17,4,0,0,0
0,0,11,13,59,78,106,130,135,146,156,160,148,150,140,124,105,64,5,0,0,0,0,5
0,3,9,14,52,55,76,123,124,107,138,158,157,148,137,117,96,34,0,0,0,0,6,1
0,0,6,10,36,76,67,117,129,128,132,157,176,153,130,99,72,27,1,5,6,10,2,0
6,1,10,9,14,74,102,114,106,123,137,137,158,118,89,73,60,25,1,8,7,0,2,0
1,12,14,28,40,50,57,100,111,134,143,146,125,117,104,74,57,34,21,14,10,4,11,3
0,0,9,14,73,94,108,124,128,179,147,165,146,109,113,113,92,60,30,14,6,10,6,4
3,9,25,71,72,91,91,140,159,190,188,212,192,146,159,131,125,104,51,12,6,1,0,4
11,21,38,45,80,87,127,140,141,195,195,228,192,151,160,145,129,112,55,28,0,0,1,8
9,12,54,72,116,127,137,151,161,191,228,196,178,194,157,166,132,99,57,24,14,3,5,9
16,30,54,79,121,134,129,148,137,174,238,163,168,174,173,176,142,110,71,30,14,10,5,6
14,70,71,101,115,130,136,133,130,122,131,135,151,158,170,159,139,118,102,35,12,10,0,0
36,86,103,112,120,128,128,123,120,104,102,117,140,148,159,148,150,120,102,43,14,8,3,9
33,54,68,101,117,126,125,120,110,102,85,107,124,143,153,142,155,123,109,58,32,10,7,0
33,55,63,94,108,110,109,104,102,75,77,81,107,118,135,141,120,110,86,15,14,5,11,6
33,56,69,103,111,115,108,72,88,95,75,100,80,112,130,132,124,120,92,8,11,11,11,6
39,58,83,109,115,117,107,101,73,60,72,58,63,104,131,129,121,114,47,19,8,14,12,1
12,64,87,100,108,87,74,62,62,55,57,53,56,76,90,106,97,82,46,10,10,7,8,5
14,55,88,71,98,88,66,51,41,20,30,47,51,77,107,115,80,56,22,12,10,10,1,4
31,97,127,86,73,101,61,50,12,12,10,52,53,65,114,117,127,78,32,19,10,6,6,0
13,50,63,65,70,80,52,25,14,11,11,35,51,58,68,93,134,87,19,11,4,3,0,2
3,11,17,63,61,51,14,3,4,2,13,11,37,51,60,86,69,56,13,2,7,0,0,0
0,1,9,43,50,40,0,7,0,4,3,10,14,28,54,55,58,51,9,10,9,6,6,1
0,0,0,29,50,14,3,6,8,5,0,6,11,13,47,54,50,41,8,10,4,3,9,6
1,0,10,33,50,14,11,5,10,9,6,12,12,25,38,34,52,51,14,10,7,5,0,4
0,5,4,14,14,11,5,11,12,9,12,11,11,23,36,53,55,52,25,8,4,0,0,0
3,2,0,13,9,4,0,11,9,9,4,14,14,18,47,53,57,51,25,4,0,0,3,0
0,0,3,10,10,4,9,14,11,12,14,14,14,15,14,51,56,42,43,11,10,0,0,7
1,2,7,0,13,6,3,13,13,10,9,11,8,10,12,33,37,53,19,9,5,0,0,0
7,11,9,8,12,12,11,12,1,0,0,4,3,1,12,15,11,14,12,4,4,0,0,7
13,38,24,8,12,9,0,4,0,5,9,6,0,0,15,3,9,12,11,6,9,10,3,0
15,46,30,13,12,7,6,10,10,8,0,4,7,8,7,5,8,15,16,7,7,0,6,6

9,9,11,21,45,42,50,52,68,80,77,70,36,13,0,11,14,13,1,1,9,10,11,0
13,13,14,36,56,50,51,10,14,50,56,69,82,11,10,0,14,0,0,0,0,13,14,0
12,7,8,9,14,52,29,15,54,30,14,11,62,110,99,69,60,109,56,11,0,0,5,0
10,10,4,11,4,15,41,12,6,4,12,58,11,54,80,62,71,125,56,13,0,0,0,0
0,5,4,1,0,24,58,14,64,55,67,53,80,64,68,60,62,71,22,12,0,0,0,0
10,9,8,25,14,54,58,84,84,85,67,97,97,90,85,60,38,12,12,0,0,0,0,0
9,10,9,39,10,55,86,103,125,108,102,111,145,137,108,76,30,7,6,0,9,4,0,0
0,9,0,15,14,78,101,133,137,145,135,146,162,151,134,91,56,54,0,40,9,0,8,1
4,7,10,7,54,75,93,144,169,152,127,151,190,179,145,111,62,10,13,0,0,0,0,0
0,0,14,12,56,70,116,175,203,165,156,187,244,295,199,115,86,26,34,0,0,0,5,0
1,9,13,14,59,74,139,247,214,180,171,176,230,306,214,145,89,61,12,4,7,0,0,0
1,0,3,10,61,68,98,154,177,173,183,164,161,202,182,132,104,59,13,7,8,4,0,10
8,1,2,27,76,81,101,132,147,163,169,176,169,158,141,125,104,52,11,17,4,0,0,0
0,0,11,13,57,75,105,129,135,147,157,160,149,149,138,122,104,58,4,0,0,0,0,5
0,3,9,13,51,54,74,122,124,108,137,159,158,147,136,116,91,26,0,0,0,0,6,1
0,0,6,9,29,75,66,117,129,129,132,158,178,153,129,98,71,23,0,5,7,10,2,0
6,1,10,9,14,72,101,114,106,123,137,138,158,118,89,72,60,25,1,8,6,0,2,0
1,12,14,27,40,50,57,100,112,135,143,147,125,117,103,73,57,33,21,14,10,4,11,3
0,0,9,14,72,93,108,124,128,179,148,165,146,109,113,113,91,60,30,14,6,10,6,3
3,9,25,71,72,90,91,140,159,190,188,212,193,146,158,131,124,103,50,12,6,0,0,4
11,21,38,44,80,87,126,139,141,195,195,229,193,151,160,145,129,112,55,28,0,0,1,8
9,12,53,72,115,127,137,151,161,191,228,196,179,195,157,166,131,99,57,24,14,3,5,9
16,30,53,78,121,134,129,148,137,174,239,163,168,174,174,176,142,110,71,30,14,10,5,6
14,70,71,101,115,130,136,133,130,122,131,135,152,159,170,159,139,118,102,33,12,10,0,0
35,86,103,112,120,128,128,123,120,104,102,117,140,148,160,148,150,120,102,43,14,9,3,9
33,54,67,101,117,126,125,120,110,102,85,107,124,143,154,143,155,122,109,58,32,10,7,0
33,55,63,94,108,110,109,104,102,75,78,81,107,118,135,141,120,110,85,15,14,5,11,6
33,56,69,103,111,114,108,72,88,96,75,100,80,112,130,132,124,120,92,8,11,11,12,6
39,57,84,109,115,117,107,101,74,60,73,58,63,104,131,129,121,114,47,19,8,14,12,1
12,64,87,100,108,87,74,62,62,55,57,53,56,76,89,106,97,82,46,10,10,7,8,5
14,55,88,71,98,88,66,51,42,20,30,47,51,77,107,115,80,56,22,12,10,10,1,4
32,97,127,86,73,101,61,50,12,12,10,52,53,65,113,117,127,78,32,19,10,6,6,0
13,50,64,65,70,80,52,25,14,11,11,35,51,59,68,93,134,87,19,11,4,3,0,2
3,12,17,63,61,51,14,3,3,2,13,11,37,51,60,85,68,57,14,2,7,0,0,0
0,1,9,42,51,39,0,7,0,4,3,10,14,28,54,55,58,51,9,10,9,6,6,1
0,0,0,31,50,14,3,6,8,5,0,6,11,13,47,54,50,41,8,10,4,3,9,6
1,0,10,33,50,14,11,5,10,9,6,12,12,23,39,34,52,51,14,10,7,5,0,4
0,5,3,14,14,11,5,11,12,9,12,11,11,23,36,53,55,52,24,8,4,0,0,0
2,2,0,13,9,4,0,11,9,9,4,14,14,17,48,53,57,51,25,4,0,0,3,0
0,0,3,10,10,4,9,14,11,12,14,14,14,17,14,51,56,42,43,11,10,0,0,7
1,3,7,0,13,6,3,13,13,10,9,11,8,10,12,32,37,53,19,9,5,0,0,0
7,11,9,8,12,12,11,12,1,1,0,4,3,2,12,15,11,14,12,4,5,0,0,7
13,39,23,7,12,9,0,4,0,5,10,6,0,0,15,3,9,12,11,6,9,10,3,0
15,48,30,13,12,7,6,10,10,8,0,4,7,8,7,5,8,15,16,7,7,0,6,6

8,9,11,21,45,43,50,52,67,80,77,70,35,13,0,11,14,13,1,1,9,10,11,0
13,13,14,36,56,50,51,10,14,50,56,69,82,11,10,0,14,0,0,0,0,13,14,0
12,7,8,8,14,52,30,15,54,31,14,11,63,110,98,69,60,109,56,11,0,0,5,0
10,10,4,11,4,15,42,12,7,4,12,59,11,55,80,62,71,125,56,13,0,0,0,0
0,5,4,1,0,24,58,14,64,55,68,53,81,64,68,60,62,72,22,12,0,0,0,0
10,9,8,26,14,54,58,84,84,85,67,98,98,91,86,60,38,11,12,0,0,0,0,0
9,10,10,38,10,55,86,103,125,109,103,112,147,138,109,76,33,8,7,0,9,4,0,0
0,10,0,19,14,78,101,133,137,146,136,148,165,153,136,92,56,55,0,43,9,0,8,1
4,7,10,7,54,75,93,146,172,154,129,153,194,183,146,112,63,10,13,0,0,0,0,0
0,0,14,12,57,70,117,177,206,167,157,188,247,300,202,116,87,28,35,0,0,0,5,0
2,9,13,15,60,75,141,254,216,180,171,175,230,309,217,147,90,61,12,4,7,0,0,0
1,0,4,10,62,68,100,154,176,172,182,162,160,202,183,132,104,59,13,7,8,4,0,10
9,0,3,29,77,82,101,132,146,162,168,175,167,157,141,125,104,52,11,17,4,0,0,0
0,0,12,13,56,75,105,129,135,146,155,159,148,149,138,122,104,61,4,0,0,0,0,5
0,3,8,13,51,54,73,122,123,107,136,157,157,147,136,116,91,28,0,0,0,0,5,1
0,0,6,8,29,73,66,116,128,128,131,156,176,152,129,97,71,25,1,4,7,10,2,0
6,1,10,9,14,71,101,113,105,123,136,137,157,117,88,72,60,24,1,8,6,0,2,0
1,12,14,28,40,49,57,99,111,134,142,146,125,116,103,73,57,33,21,14,10,4,11,3
0,0,9,14,72,93,108,124,128,178,147,165,146,109,113,113,91,60,30,14,6,10,6,4
3,9,25,71,72,91,91,140,158,190,188,212,192,146,158,131,125,103,51,12,6,1,0,4
11,21,39,45,80,87,127,140,141,195,195,229,193,151,159,145,129,111,55,28,0,0,1,8
9,12,53,72,115,127,137,151,161,192,229,197,179,194,158,166,131,99,57,24,14,3,5,9
16,30,54,79,121,134,129,148,137,174,239,163,168,174,173,176,142,110,71,30,14,10,5,6
14,70,71,101,115,130,136,133,130,122,131,135,152,159,170,159,139,118,102,33,12,10,0,0
35,87,103,112,120,128,128,123,120,104,102,117,140,148,160,148,150,120,103,43,14,8,3,9
34,54,67,101,117,126,125,120,110,102,85,107,124,143,154,142,155,123,109,58,32,10,7,0
33,55,63,94,108,110,109,104,102,74,77,81,107,118,135,141,120,110,85,15,14,5,11,6
34,56,69,103,112,114,108,72,88,95,75,100,80,112,130,132,124,120,92,8,11,11,11,6
38,57,84,109,115,117,107,101,73,60,73,58,63,104,130,129,121,114,47,19,8,14,12,1
12,64,87,100,108,87,74,62,62,55,57,53,56,76,89,106,97,82,46,10,10,7,8,5
14,55,87,71,98,88,66,51,42,20,30,47,51,77,107,114,80,56,22,12,10,10,1,4
32,97,127,86,73,101,61,50,12,12,10,52,53,66,113,117,127,78,32,19,10,6,6,0
13,50,64,65,70,80,52,25,14,11,11,35,51,58,68,93,134,87,19,11,4,3,0,2
3,12,17,63,61,51,14,3,4,2,13,11,37,51,60,86,68,56,13,2,7,0,0,0
0,1,9,42,50,39,0,7,0,4,4,10,14,28,54,55,58,51,9,10,9,6,6,1
0,0,0,30,50,14,3,6,8,5,0,6,11,13,47,54,50,41,8,10,4,3,9,6
1,0,10,33,50,14,11,5,10,9,6,12,12,25,39,34,52,51,14,10,7,5,0,4
0,5,3,14,14,11,5,11,12,9,12,11,11,23,36,53,55,52,24,8,4,0,0,0
2,2,0,13,9,4,0,11,9,9,4,14,14,17,47,53,57,51,24,4,0,0,3,0
0,0,3,10,10,4,9,14,11,12,14,14,14,15,14,52,56,42,42,11,10,0,0,7
2,2,7,0,13,6,3,13,13,11,9,11,8,11,12,33,38,53,19,9,5,0,0,0
7,11,10,8,12,12,11,12,1,1,0,4,3,2,12,15,11,14,12,4,5,0,0,7
13,38,24,7,12,9,0,4,0,5,10,6,0,0,16,3,9,12,11,6,9,10,3,0
15,48,30,13,12,7,6,10,10,8,0,4,7,8,7,5,8,15,16,7,7,0,6,6

8,9,11,21,44,41,50,52,67,80,77,70,35,13,0,11,14,13,1,1,9,10,11,0
13,13,14,36,55,50,51,10,14,50,56,69,82,11,10,0,14,0,0,0,0,13,14,0
12,7,8,9,14,52,29,15,54,31,14,11,62,110,99,70,61,109,57,11,0,0,5,0
10,11,5,11,4,15,40,12,7,4,12,59,11,55,80,62,71,126,56,14,0,0,0,0
0,5,4,1,0,22,58,14,64,55,68,54,82,64,68,60,62,72,22,12,0,0,0,0
10,10,8,24,14,53,58,83,84,85,68,99,98,91,85,60,36,12,12,0,0,0,0,0
9,10,10,36,10,53,84,102,124,108,103,114,147,137,108,75,26,7,6,0,9,4,0,0
0,10,0,15,13,76,98,131,135,145,137,150,166,150,132,89,55,54,0,39,9,0,8,1
4,7,10,6,53,73,90,142,169,153,129,153,194,179,143,109,61,10,12,0,0,0,0,0
0,0,14,12,55,69,114,170,205,168,152,186,247,294,197,113,85,21,32,0,0,0,5,0
2,9,13,14,59,73,132,256,232,183,172,178,241,315,209,142,87,60,11,4,7,0,0,0
1,0,4,10,61,67,101,158,178,173,183,164,163,209,184,131,103,58,13,7,8,4,0,10
8,0,3,31,78,82,102,133,147,162,169,175,168,158,142,126,104,52,11,16,4,0,0,0
0,0,11,13,58,77,106,130,135,146,157,160,149,150,140,124,105,65,5,0,0,0,0,5
0,3,9,14,52,55,75,123,124,108,138,158,157,147,137,117,95,35,0,0,0,0,6,1
0,0,6,9,39,76,67,117,129,129,132,158,177,153,130,99,73,31,1,4,6,10,2,0
6,1,10,9,15,74,102,114,106,123,137,138,158,118,89,73,60,25,1,8,7,0,2,0
1,12,14,28,40,50,58,100,112,135,143,147,126,117,103,74,57,33,21,14,10,4,11,3
0,0,9,14,73,94,108,125,128,179,148,165,146,109,113,113,91,60,30,14,6,10,6,4
3,9,25,71,72,91,91,140,159,190,188,212,192,146,158,131,125,103,51,12,6,1,0,4
11,20,39,45,80,87,127,140,141,195,195,228,192,150,159,145,129,111,55,28,0,0,1,8
9,12,53,72,116,127,137,151,160,191,228,196,178,194,157,165,131,99,57,24,14,3,5,9
16,30,54,79,121,134,129,148,137,174,238,163,167,174,173,176,142,110,71,30,14,10,5,6
14,71,71,101,115,130,136,133,130,122,131,135,151,159,170,159,139,118,102,35,12,10,0,0
35,86,103,112,120,127,128,123,120,104,102,117,140,148,159,148,150,120,103,43,14,8,3,9
33,54,68,101,117,126,125,120,109,102,88,107,124,143,153,143,155,123,109,58,32,10,7,0
33,55,63,94,108,110,109,104,102,75,77,81,107,118,135,141,120,110,86,16,14,5,11,6
35,56,69,103,111,114,108,72,88,96,75,100,81,112,130,132,124,120,92,8,11,11,11,6
38,58,83,109,115,117,107,101,73,59,72,58,63,104,130,129,121,114,47,19,8,14,12,1
12,64,87,100,108,87,74,62,62,55,57,53,56,76,89,106,97,82,47,10,10,7,8,5
14,55,88,71,98,88,66,51,41,20,30,47,50,77,107,114,80,56,21,12,10,10,1,4
31,97,127,86,73,101,61,50,12,12,10,52,53,65,113,117,127,78,32,19,10,6,6,0
13,50,63,65,70,80,52,25,14,11,11,35,51,58,68,93,133,87,19,11,4,3,0,2
3,12,17,63,61,51,14,3,4,2,13,11,37,51,60,85,68,57,14,2,7,0,0,0
0,1,9,42,50,38,0,7,0,4,3,10,15,28,53,55,58,51,9,10,9,6,6,1
1,0,0,30,50,14,3,6,8,5,0,7,11,13,46,54,50,41,8,10,4,3,9,6
1,0,10,34,50,14,11,5,10,9,6,12,12,22,39,34,52,51,14,10,7,5,0,4
0,5,3,14,14,11,5,11,12,9,12,11,11,23,36,53,55,52,25,8,4,0,0,0
3,2,0,13,9,4,0,11,9,9,4,14,14,17,46,53,57,51,25,4,0,0,3,0
0,0,3,10,10,4,9,14,11,12,14,14,14,16,14,52,56,42,43,11,10,0,0,7
1,2,7,0,13,6,3,13,13,10,9,11,8,10,12,32,37,53,20,9,5,0,0,0
7,11,10,8,12,12,11,12,1,1,0,4,3,1,12,15,11,14,12,4,5,0,0,7
13,37,23,7,12,9,0,4,0,5,10,6,0,0,16,4,10,12,11,6,9,10,3,0
15,49,32,13,12,7,6,10,10,8,0,4,7,8,7,5,8,16,17,7,7,0,6,6

9,9,11,21,44,42,50,52,67,80,77,71,36,13,0,11,14,13,1,2,9,10,11,0
13,13,14,35,56,50,51,10,14,50,56,69,82,11,10,0,14,0,0,0,0,13,14,0
12,7,8,9,14,52,30,15,54,31,14,11,63,110,99,70,61,110,57,11,0,0,5,0
11,11,5,11,4,15,40,12,7,4,12,59,11,55,80,62,71,127,56,14,0,0,0,0
1,6,4,1,0,20,57,14,64,55,68,53,80,64,67,59,62,72,23,12,0,0,0,0
10,10,8,22,14,53,57,82,83,85,67,97,95,88,84,60,34,12,12,0,0,0,0,0
10,10,9,35,9,53,83,101,124,108,102,112,141,131,104,73,19,6,5,0,9,4,0,0
1,10,0,14,13,75,96,130,133,144,136,147,159,144,126,85,55,53,0,35,8,0,8,1
4,7,10,6,52,72,88,140,168,153,129,152,191,175,138,106,60,9,12,0,0,0,0,0
0,0,14,11,54,68,112,166,205,171,150,188,247,287,195,111,84,17,29,0,0,0,5,0
2,9,13,14,58,71,125,249,249,187,173,181,259,322,202,138,86,59,11,4,7,0,0,0
1,0,3,9,60,66,100,162,181,174,184,165,167,222,184,130,102,57,13,7,8,4,0,10
9,0,3,31,78,82,102,134,148,163,170,176,170,160,142,126,104,52,11,16,4,0,0,0
0,0,11,14,59,78,106,130,136,147,158,161,149,151,140,125,105,67,6,0,0,0,0,5
0,2,9,14,52,55,76,123,125,108,138,159,158,148,138,118,98,40,2,0,0,0,6,1
0,0,6,10,44,77,67,117,129,129,133,158,177,153,130,100,73,34,2,4,6,10,2,0
6,1,10,9,17,76,102,114,107,124,138,139,159,118,90,73,61,28,2,8,7,0,2,0
1,12,14,29,40,50,58,101,112,135,143,147,126,117,105,74,58,34,22,14,10,4,11,3
0,0,9,14,73,94,108,125,128,179,148,165,146,109,114,113,91,60,30,14,6,10,6,4
3,9,25,71,72,92,91,140,159,190,188,211,192,146,159,131,125,103,51,12,6,1,0,4
11,21,39,44,80,87,127,139,141,194,194,228,192,150,159,145,129,111,55,28,0,0,1,8
9,12,53,72,115,127,137,151,160,191,227,196,178,194,157,165,131,99,57,24,14,3,5,9
16,30,53,79,121,134,129,148,137,173,238,162,167,174,173,175,142,110,71,30,14,10,5,6
14,71,72,101,115,130,136,133,130,122,131,134,151,159,170,159,140,118,102,35,12,10,0,0
36,86,103,112,120,127,128,123,120,104,102,117,140,148,159,148,150,120,103,43,14,8,3,9
33,54,68,101,117,126,125,120,110,102,86,107,124,143,153,142,155,123,109,59,32,10,7,0
33,55,63,94,108,110,109,104,102,75,78,81,107,118,135,141,119,110,86,15,14,5,11,6
35,55,69,103,111,114,108,72,88,96,75,100,81,112,130,132,124,120,92,8,11,11,11,6
38,58,83,109,115,117,107,101,73,60,72,58,63,104,130,129,121,114,47,19,8,14,12,1
12,64,87,100,108,87,74,62,62,54,57,53,56,76,89,106,97,82,47,10,10,7,8,5
14,55,88,71,98,88,66,51,42,20,30,47,51,77,107,115,79,56,23,12,10,10,1,4
29,96,127,86,73,101,61,50,12,12,10,52,53,65,113,117,127,78,32,19,10,6,6,0
13,50,63,65,70,80,52,25,14,11,11,35,51,58,68,93,133,87,19,11,4,3,0,2
3,12,16,63,61,51,14,3,4,2,13,11,37,51,60,85,68,56,13,2,7,0,0,0
0,1,9,42,50,39,0,7,0,4,3,10,14,28,53,55,58,51,9,10,9,6,6,1
0,0,0,29,50,14,4,6,8,5,0,7,11,13,46,54,50,41,8,10,4,3,9,6
1,0,10,34,50,14,11,5,10,9,6,12,12,22,38,34,52,51,14,10,7,5,0,4
0,5,3,14,14,11,5,11,12,9,12,11,11,23,36,53,55,52,25,8,4,0,0,0
3,2,0,13,8,4,0,11,9,9,4,14,14,17,45,53,57,51,24,4,0,0,3,0
0,0,3,10,10,4,9,14,11,12,14,14,14,14,14,52,56,42,43,11,10,0,0,7
1,2,7,0,13,6,3,13,13,10,9,11,8,10,12,33,37,53,19,9,5,0,0,0
7,11,9,7,12,12,11,12,1,0,0,4,3,1,12,15,11,14,12,4,5,0,0,7
13,37,24,7,12,9,0,4,0,5,10,6,0,0,15,3,10,12,11,6,9,10,3,0
15,48,30,13,12,7,6,10,10,8,0,4,7,8,7,5,8,16,17,7,7,0,6,6
0,12,12,9,0,0,11,14,11,0,13,25,68,76,81,73,53,46,40,42,20,10,8,8
0,21,12,0,0,0,0,14,0,9,9,79,71,57,50,14,9,48,47,55,37,13,12,13
0,5,0,0,11,52,106,57,66,96,110,69,10,14,17,52,14,14,47,13,8,6,5,11
0,0,0,0,14,54,119,68,62,82,54,10,51,10,2,5,10,28,13,3,10,0,10,6
0,0,0,0,12,17,69,58,57,64,62,72,43,65,54,63,13,55,13,0,0,1,0,0
0,0,1,0,0,10,10,34,57,81,86,92,92,65,83,81,82,56,52,12,24,9,10,5
0,2,7,9,0,9,14,11,71,104,134,142,110,102,107,125,103,85,51,10,38,11,7,4
2,9,1,10,44,2,54,54,84,130,150,163,146,137,146,138,135,101,77,13,14,1,9,0
0,0,0,0,1,13,8,56,105,141,176,189,148,125,151,169,145,93,73,52,7,11,7,4
0,6,0,0,0,30,14,81,108,191,288,243,188,152,165,208,174,116,70,55,12,14,0,0
0,0,0,7,3,12,58,85,140,203,290,228,177,170,183,227,250,134,73,59,15,13,8,1
11,0,4,8,7,12,57,101,126,174,198,164,167,183,175,180,156,100,68,61,10,4,0,1
0,0,0,5,13,13,50,103,123,140,158,171,179,171,165,149,134,102,85,80,33,2,1,7
6,0,0,0,2,8,56,104,123,140,151,150,163,159,148,136,131,106,79,60,14,12,0,0
1,7,0,0,0,0,28,93,118,138,149,160,162,140,110,127,124,77,55,52,14,9,3,0
0,3,11,7,7,0,17,71,99,131,156,179,161,135,131,131,118,68,77,39,10,6,0,0
0,2,0,7,8,1,18,59,73,91,119,160,140,140,125,108,115,102,76,18,10,10,1,6
3,11,4,10,14,21,33,55,73,103,119,128,150,145,137,114,102,58,50,40,29,14,12,1
4,6,10,6,13,27,58,87,110,112,110,147,167,149,182,130,126,109,95,73,14,9,0,0
4,0,0,6,11,43,102,122,128,155,145,192,212,189,191,160,141,93,93,72,72,26,8,3
8,1,0,0,27,53,110,126,143,156,149,191,227,195,195,142,141,128,89,81,45,39,21,11
9,5,3,14,23,56,97,129,161,154,192,176,195,227,191,162,153,138,128,117,73,53,12,9
6,6,10,13,28,69,109,141,173,172,173,166,162,238,174,138,149,130,136,123,81,54,31,16
0,0,10,12,30,102,117,138,158,168,158,151,134,131,122,130,133,137,131,116,101,72,70,14
9,3,8,13,42,102,119,149,148,159,147,139,117,102,104,120,123,128,129,121,112,103,86,35
0,7,10,32,55,108,122,153,142,153,143,123,107,85,102,109,120,126,127,118,101,68,54,34
6,11,5,13,14,82,110,119,140,134,118,107,81,77,74,102,104,109,111,109,96,64,55,31
6,11,11,10,8,89,119,123,132,129,111,81,100,75,96,88,73,109,115,112,103,70,55,35
1,12,14,8,18,46,114,120,129,130,104,63,58,73,59,73,101,108,118,116,110,84,58,38
5,8,6,10,10,46,81,95,105,89,76,55,53,57,55,62,62,75,88,108,101,87,64,12
3,0,9,10,11,21,56,78,114,106,76,50,47,29,19,41,51,66,88,98,71,87,54,14
0,6,5,9,18,32,77,126,116,113,65,53,52,9,12,11,50,61,101,73,85,127,96,32
2,0,3,4,11,18,85,132,92,67,58,51,33,10,10,14,23,52,79,69,64,64,50,13
0,0,0,7,2,13,56,67,85,60,51,37,11,12,2,3,2,13,51,61,63,18,11,3
1,6,6,9,10,9,51,58,55,53,25,14,10,3,3,0,6,0,38,50,42,9,1,0
6,9,3,4,9,8,41,50,54,46,13,11,6,0,4,7,6,3,13,50,29,0,0,0
4,0,5,7,10,14,51,52,34,37,20,12,12,6,9,10,5,11,14,48,32,10,0,0
0,0,0,4,8,24,52,55,53,35,22,11,11,12,9,12,11,4,10,14,14,3,5,0
0,3,0,0,4,24,51,57,53,45,17,14,13,3,9,8,11,0,4,8,13,0,1,2
7,0,0,10,11,42,42,55,51,14,15,14,14,13,12,10,13,9,3,9,9,2,0,0
0,0,0,5,9,19,53,37,32,12,10,8,10,9,10,13,12,3,6,13,0,6,2,1
6,0,0,4,4,12,14,11,14,11,1,2,3,0,0,0,12,11,12,12,7,9,10,7
0,3,10,9,6,11,12,9,3,14,0,0,5,8,4,0,3,0,9,11,7,21,36,13
6,6,0,7,7,17,14,8,5,8,10,7,3,0,8,10,10,6,7,12,13,28,48,15

0,12,12,9,0,0,11,14,11,0,13,25,68,77,81,73,53,45,39,42,21,10,8,8
0,19,12,0,0,0,0,14,0,10,10,80,71,57,50,14,9,48,47,55,36,13,11,13
0,5,0,0,11,52,106,57,66,97,110,69,10,14,17,52,14,14,45,13,8,7,5,11
0,0,0,0,14,54,119,68,62,82,53,10,51,10,2,5,10,28,13,3,10,0,11,7
0,0,0,0,12,17,69,58,57,65,62,72,45,65,54,63,13,56,13,0,0,1,0,0
0,0,0,0,0,10,10,34,57,82,87,93,93,66,83,82,83,56,52,12,26,8,10,6
0,1,7,9,0,9,13,11,71,104,134,142,110,102,106,124,102,85,51,10,38,11,7,5
2,9,1,10,43,1,54,54,84,129,148,160,144,135,144,136,134,101,77,13,14,1,9,0
0,0,0,0,1,13,8,56,105,140,173,187,146,124,149,166,142,91,72,52,6,10,7,4
0,5,0,0,0,29,14,81,108,190,284,238,186,152,164,204,171,114,69,54,12,14,0,0
0,0,0,7,3,12,58,85,140,202,284,226,181,175,186,227,244,132,72,58,14,13,8,1
11,0,4,8,7,12,57,101,127,175,199,166,170,188,179,183,157,100,67,61,10,4,0,1
0,0,0,5,13,13,50,104,124,141,160,174,182,175,168,151,135,103,85,82,34,2,1,7
6,0,0,0,2,9,61,104,124,141,154,153,165,163,151,138,132,107,80,60,14,11,0,0
1,7,0,0,0,1,33,95,119,139,151,162,164,143,112,128,125,79,55,53,15,9,2,0
0,3,11,7,7,0,20,72,100,132,158,181,164,138,133,132,119,68,79,47,11,6,0,0
0,2,0,7,9,1,17,60,73,92,121,163,143,142,127,110,116,102,77,20,10,10,2,6
3,11,4,10,14,21,32,55,73,104,121,130,152,147,139,116,103,58,50,40,28,13,12,1
4,6,10,6,13,25,58,86,110,112,110,148,168,149,183,131,126,109,94,72,14,9,0,0
4,0,0,6,11,40,102,122,128,156,146,193,213,189,191,160,141,91,91,71,71,21,8,3
8,0,0,0,27,52,110,126,142,156,149,191,226,194,194,141,140,127,88,80,45,38,20,11
9,5,3,14,23,55,96,128,160,153,191,175,193,225,190,160,152,137,128,116,73,52,12,9
6,5,10,13,27,69,109,140,173,171,173,165,160,237,172,137,149,130,135,122,80,53,30,16
0,0,10,12,30,102,117,138,158,168,157,150,134,130,122,130,133,136,131,116,101,72,69,14
9,3,8,14,42,102,119,148,147,159,147,139,116,102,104,120,123,128,128,121,112,103,87,35
0,7,10,32,55,108,122,153,142,153,142,123,107,85,102,109,120,126,126,118,101,68,54,34
6,11,5,13,14,81,110,119,140,135,118,107,81,77,74,102,104,109,110,109,96,63,55,30
6,11,11,10,8,90,119,123,132,130,111,80,100,74,95,88,72,109,115,112,103,69,56,34
1,12,14,8,18,46,114,120,128,130,104,63,58,72,59,73,101,107,118,116,110,84,58,38
5,8,6,10,10,46,81,95,105,89,76,56,53,57,55,62,62,75,88,108,100,87,64,12
3,0,9,10,11,21,56,78,113,106,76,50,47,29,19,41,51,66,88,98,71,87,55,14
0,6,6,9,18,32,77,126,116,112,65,53,52,9,12,11,50,61,101,73,85,127,95,32
2,0,3,4,11,18,86,132,92,67,58,51,33,10,10,14,24,52,79,69,64,63,50,13
0,0,0,7,2,13,56,68,85,60,51,35,11,13,1,3,2,13,51,61,63,15,12,3
1,6,6,9,10,9,51,58,55,53,25,14,10,3,3,0,6,0,38,50,42,9,1,0
6,9,3,4,9,8,41,50,54,46,13,11,6,0,5,8,6,3,13,50,29,0,0,0
4,0,5,7,10,14,51,52,34,37,23,12,12,6,9,10,5,11,14,48,32,10,0,0
0,0,0,4,8,24,52,55,53,35,22,11,11,12,9,12,11,4,10,14,14,3,5,0
0,3,0,0,4,24,51,57,53,45,17,14,13,4,9,8,11,0,4,8,13,0,1,2
7,0,0,10,11,42,41,55,51,14,15,14,14,13,12,11,13,9,4,9,9,2,0,0
0,0,0,5,9,18,53,36,32,12,10,8,10,8,10,13,12,2,6,12,0,6,1,1
6,0,0,4,4,12,14,11,14,11,1,2,4,0,0,0,12,11,11,12,6,9,11,7
0,3,10,9,6,11,12,10,3,14,0,0,5,8,4,0,3,0,9,12,7,22,35,13
6,6,0,7,7,17,15,8,5,8,10,7,3,0,8,10,10,6,7,12,13,29,46,15

0,12,11,9,0,0,11,14,11,0,13,26,68,77,81,73,53,46,39,41,19,10,8,8
0,19,12,0,0,0,0,14,0,10,10,80,71,57,50,14,9,48,47,55,36,13,12,13
0,5,0,0,11,53,106,58,67,97,110,69,10,14,20,52,14,14,47,13,8,7,5,11
0,0,0,0,14,54,119,68,62,82,54,10,52,10,2,5,10,28,13,3,11,1,11,8
0,0,0,0,12,17,69,58,57,64,62,73,47,65,54,62,13,55,13,0,0,1,0,0
0,0,0,0,0,10,11,33,57,81,86,93,93,66,83,81,82,56,51,12,25,8,10,6
0,1,7,9,0,8,12,11,71,103,133,142,111,101,106,123,101,83,50,10,36,11,8,5
2,8,1,10,43,1,54,54,83,127,147,162,146,136,144,135,133,99,76,13,13,1,9,0
0,0,0,0,0,13,8,56,104,138,174,190,148,125,151,167,142,91,72,52,6,10,7,4
0,5,0,0,0,29,14,81,108,190,284,242,185,150,167,207,169,114,69,54,12,14,0,0
0,0,0,7,3,12,57,85,138,200,293,231,179,173,186,240,249,130,72,58,15,13,8,1
11,0,5,8,7,12,57,101,127,177,202,164,168,187,177,183,160,101,67,61,10,4,0,1
0,0,0,5,14,13,51,104,124,141,160,172,180,173,167,150,135,103,85,82,35,2,1,7
6,0,0,0,2,9,63,104,124,141,153,152,164,161,149,137,132,107,80,61,14,12,0,0
1,7,0,0,0,1,34,95,119,138,150,161,163,142,111,127,125,78,55,53,15,9,2,0
0,3,11,6,7,1,20,72,100,132,156,180,162,137,132,131,119,68,79,45,11,6,0,0
0,2,0,7,9,1,19,60,74,91,120,162,142,141,126,109,116,102,77,21,10,10,2,6
3,11,4,10,14,21,33,55,73,104,120,129,151,146,138,115,103,58,50,40,29,14,12,1
3,6,10,6,13,27,58,87,111,112,110,148,167,149,182,130,126,109,94,72,14,9,0,0
4,0,0,6,11,43,102,122,128,156,146,193,212,189,191,160,141,92,92,72,71,25,8,3
8,0,0,0,27,52,110,126,142,156,149,191,227,194,194,141,140,127,88,81,45,39,21,11
8,5,3,14,23,56,97,129,161,154,192,176,194,226,190,161,152,138,128,117,73,53,12,9
6,5,10,13,28,70,109,141,173,171,173,166,161,237,173,137,149,130,135,123,80,54,29,16
0,0,10,12,31,102,117,138,158,169,157,150,134,130,122,130,133,137,131,116,101,71,70,14
9,3,8,14,42,102,119,149,147,159,147,139,116,102,104,120,123,128,128,121,112,103,88,36
0,7,10,32,55,108,122,153,142,153,143,123,107,85,102,109,120,125,126,118,101,68,54,34
6,11,5,13,14,81,110,119,140,134,118,107,81,77,74,102,104,109,110,109,96,64,55,31
6,11,11,10,8,90,119,123,132,130,111,80,100,75,96,88,72,108,115,112,103,69,56,35
1,12,14,8,18,46,114,120,128,130,104,63,58,72,59,72,101,107,118,115,110,84,57,38
5,8,7,10,10,46,81,96,105,89,76,55,53,57,55,62,62,75,88,108,101,87,64,12
3,0,9,10,11,21,56,78,113,106,76,50,47,30,19,41,51,66,88,98,71,88,55,14
0,6,6,9,18,32,77,126,116,113,65,53,52,9,12,11,50,61,101,73,85,126,95,31
2,0,3,4,11,18,85,132,92,67,58,51,32,11,10,14,23,52,79,69,64,63,50,13
0,0,0,7,2,13,56,67,84,60,51,35,11,12,2,3,2,13,51,61,63,16,11,3
1,6,6,9,10,9,51,58,55,53,26,14,10,3,3,0,7,0,38,50,41,9,1,0
6,9,3,3,9,8,41,50,54,45,13,11,6,0,5,8,6,3,14,50,28,0,0,0
4,0,5,7,10,14,51,52,34,38,20,12,12,6,9,10,5,11,14,48,32,10,0,1
0,0,0,4,8,25,52,55,53,35,22,11,11,12,9,12,11,4,10,14,13,3,5,0
0,3,0,0,4,24,51,57,53,45,17,14,13,4,9,8,11,0,3,8,13,0,1,2
7,0,0,10,11,42,42,55,51,14,15,14,14,13,12,11,13,9,4,9,9,3,0,0
0,0,0,5,9,19,53,36,32,12,10,8,10,9,10,13,12,2,6,12,0,6,2,1
6,0,0,4,4,12,14,11,14,11,1,2,4,0,0,1,12,11,11,12,6,9,10,7
0,3,10,9,6,11,12,9,3,15,0,0,5,9,4,0,3,0,9,11,7,19,36,13
6,6,0,7,7,17,15,8,5,8,10,7,3,0,8,10,10,6,7,12,13,28,48,14

0,12,11,9,0,0,12,14,11,0,13,27,68,77,81,73,53,47,39,41,20,11,8,8
0,18,12,0,0,0,0,14,0,10,10,80,71,57,50,14,9,48,48,55,37,13,12,13
0,5,0,0,11,53,106,58,67,98,110,69,10,14,20,52,14,14,45,13,8,7,6,11
0,0,0,0,14,54,120,68,63,82,54,10,52,10,3,5,10,29,13,3,11,1,11,8
0,0,0,0,12,18,69,59,58,64,62,73,47,65,54,62,13,55,13,0,0,1,0,0
0,0,0,0,0,10,11,33,57,81,86,93,93,66,83,80,81,56,52,12,24,8,10,6
0,1,7,9,0,8,12,11,71,103,133,142,112,102,106,123,101,83,50,10,37,11,8,5
1,8,1,10,42,1,54,54,82,127,147,163,148,137,145,136,133,99,75,13,13,1,9,0
0,0,0,0,0,13,8,55,103,138,174,191,150,127,153,169,143,91,72,52,6,10,7,4
0,5,0,0,0,29,14,80,107,189,285,246,186,150,169,208,168,113,69,54,12,14,0,0
0,0,0,7,3,12,57,84,137,199,301,238,176,170,186,251,250,127,72,58,14,13,8,1
11,0,4,8,7,12,57,101,126,177,204,163,165,184,175,182,161,101,67,61,10,4,0,1
0,0,0,5,14,13,50,103,124,141,158,170,177,171,165,149,134,103,84,80,33,2,1,7
6,0,0,0,2,8,61,104,124,140,151,150,162,159,148,137,131,107,80,60,14,12,0,0
1,7,0,0,0,0,33,95,118,138,149,159,161,140,110,126,124,78,55,53,14,9,3,0
0,3,11,6,7,1,20,72,100,131,155,179,160,135,130,130,118,68,78,44,11,6,0,0
0,2,0,7,9,1,20,60,73,91,119,160,140,140,125,108,116,102,77,19,10,10,1,6
3,11,4,10,14,21,33,56,73,104,119,127,149,145,137,114,102,58,50,40,29,14,12,1
4,6,10,6,13,29,59,88,111,112,110,147,166,148,181,130,126,109,96,74,14,9,0,0
4,0,0,6,12,47,103,123,129,157,146,192,212,189,191,160,141,93,93,73,72,28,9,3
8,1,0,0,28,53,111,127,143,157,150,191,227,195,196,142,141,128,89,81,46,39,21,11
8,5,3,14,23,56,97,129,162,155,193,177,195,227,191,162,153,138,128,117,74,53,12,9
6,5,10,13,29,70,109,141,174,172,174,167,163,239,175,138,149,130,135,123,81,54,30,16
0,0,10,12,32,102,117,139,158,169,158,151,134,131,122,130,133,137,131,116,101,73,70,14
9,3,8,14,43,102,119,149,148,159,147,139,117,102,104,120,123,128,128,121,112,103,87,36
0,7,10,32,57,108,122,153,142,153,143,124,107,85,102,110,120,126,126,118,101,68,54,33
6,11,5,14,14,82,110,119,140,134,118,107,81,77,74,102,104,109,110,109,96,63,55,33
6,11,11,10,8,90,119,123,132,130,111,80,100,73,95,88,72,108,115,112,103,70,55,33
1,12,14,8,19,46,114,120,128,130,104,63,58,72,60,73,101,107,118,116,110,84,57,38
5,8,7,10,10,46,81,96,105,89,76,56,53,56,54,62,62,75,87,108,101,87,64,12
3,0,9,10,11,21,56,79,114,106,76,50,46,30,19,41,51,66,88,98,71,87,55,14
0,6,6,9,18,32,77,126,116,113,65,53,52,9,12,11,50,61,101,73,85,126,95,29
2,0,3,4,11,18,85,131,92,67,58,51,33,11,10,14,23,52,79,69,64,63,50,13
0,0,0,7,2,13,56,67,84,59,51,35,11,13,1,3,2,13,51,61,63,15,11,3
1,6,6,9,10,8,51,58,55,53,27,14,10,3,3,0,7,0,37,50,42,9,1,0
6,9,3,3,9,8,40,50,54,45,13,11,6,0,5,8,6,3,13,50,28,0,0,0
4,0,5,7,10,14,51,52,34,38,19,12,12,6,9,10,5,11,14,48,32,10,0,1
0,0,0,3,8,24,52,55,53,35,22,11,11,12,9,12,10,4,10,14,13,3,5,0
0,3,0,0,4,24,51,57,53,46,17,14,13,4,9,8,11,0,4,8,13,0,1,2
7,0,0,10,11,41,41,56,51,14,15,14,14,13,12,11,13,9,3,9,9,2,0,0
0,0,0,5,9,18,53,37,32,12,10,8,10,9,10,13,12,2,6,12,0,6,2,1
6,0,0,4,4,12,14,11,14,11,1,2,4,0,0,1,12,11,11,12,6,9,10,7
0,3,10,9,6,11,12,10,3,15,0,0,6,9,4,0,3,0,9,11,7,20,35,13
6,6,0,7,7,17,15,8,5,8,10,7,3,0,8,10,10,6,7,12,13,28,46,14

0,12,11,8,0,0,12,14,11,0,13,28,69,77,82,73,53,47,39,41,22,11,8,8
0,16,12,0,0,0,0,14,0,10,10,81,71,57,50,14,9,50,48,56,37,13,12,13
0,4,0,0,11,53,106,58,67,98,111,71,10,14,20,52,14,14,47,13,8,7,6,11
0,0,0,0,14,54,120,69,63,82,54,10,53,10,3,5,10,30,13,3,11,1,11,8
0,0,0,0,12,18,69,59,58,65,62,74,50,66,54,63,13,55,13,0,0,2,0,0
0,0,0,0,0,10,11,33,57,81,85,92,93,66,83,81,82,56,52,12,26,9,10,6
0,1,7,9,0,8,12,11,71,103,132,142,112,102,108,125,102,84,51,10,38,11,8,5
1,8,1,10,44,1,54,54,83,127,147,164,150,139,148,138,134,100,76,13,14,1,10,0
0,0,0,0,1,13,8,56,104,139,176,193,152,129,156,173,146,92,73,52,7,11,7,4
0,5,0,0,0,29,14,81,108,191,290,250,188,150,172,210,169,114,69,54,12,14,0,0
0,0,0,7,3,12,57,84,136,197,308,247,176,168,189,260,249,126,72,58,14,13,8,2
11,0,4,8,7,12,56,101,126,177,208,164,163,181,173,181,161,100,67,60,9,4,0,1
0,0,0,5,15,13,50,103,123,140,156,168,175,168,162,147,133,102,84,78,32,2,1,7
6,0,0,0,1,7,57,104,122,138,149,149,160,156,147,135,130,106,78,59,13,11,0,0
1,7,0,0,0,0,29,93,117,137,148,158,159,138,108,125,123,76,55,52,14,9,3,0
0,3,11,7,6,0,19,71,99,130,154,177,158,133,129,129,117,67,77,38,10,6,0,0
0,2,0,7,9,1,22,60,73,90,119,159,139,138,124,107,115,102,76,16,9,10,1,6
3,11,4,10,14,21,33,56,74,104,118,126,148,144,136,113,101,58,50,40,29,14,12,1
4,6,10,6,14,29,60,90,112,113,110,146,166,148,180,129,126,110,97,75,16,10,0,0
4,0,0,6,12,49,103,124,130,158,146,192,212,188,191,160,141,94,94,74,73,30,9,3
8,1,0,0,28,54,111,128,144,158,150,192,228,196,196,142,141,129,89,81,46,39,21,11
8,5,3,14,24,56,98,130,164,155,194,178,196,228,192,163,153,138,128,117,74,54,12,9
6,5,10,14,29,70,109,141,174,173,174,167,163,240,176,138,150,130,136,123,81,54,30,17
0,0,10,12,32,102,117,139,159,169,159,152,135,131,123,131,133,137,131,116,101,72,70,14
9,3,8,14,43,102,119,149,148,159,147,140,117,102,104,121,124,128,128,121,112,103,89,35
0,7,10,32,57,108,122,153,142,153,143,124,107,83,102,110,121,126,126,118,101,68,54,33
6,11,5,14,14,83,110,119,140,135,118,107,81,77,72,102,104,109,110,109,96,64,55,33
6,11,11,10,8,90,119,123,132,129,111,80,100,73,96,88,72,109,115,112,103,69,55,34
1,12,14,8,19,46,114,120,129,130,104,63,58,72,60,73,101,107,118,116,110,84,58,38
5,8,7,10,10,46,81,96,105,89,76,56,53,57,55,62,62,75,88,108,101,87,64,12
3,0,9,10,11,21,56,78,114,106,76,50,46,30,20,41,51,66,88,98,71,87,54,14
0,6,6,9,18,32,77,126,116,113,65,53,52,9,12,11,50,61,101,73,85,126,94,31
2,0,3,4,11,18,86,131,92,67,58,51,34,11,10,14,23,52,79,69,64,63,50,13
0,0,0,7,2,13,56,67,84,59,51,35,11,12,1,3,2,13,51,61,63,15,11,3
1,6,6,9,10,8,51,57,55,53,25,14,10,3,3,0,7,0,38,50,41,9,1,0
6,9,3,3,9,8,40,50,54,46,13,11,6,0,5,8,6,3,13,50,27,0,0,0
4,0,5,6,10,14,51,52,34,38,21,12,12,6,9,10,5,11,14,49,32,10,0,1
0,0,0,3,8,23,52,55,53,36,21,11,11,12,9,12,10,4,10,14,14,3,5,0
0,3,0,0,4,24,50,57,53,44,17,14,13,4,9,8,11,0,4,8,13,0,1,2
7,0,0,10,10,41,41,55,51,14,14,14,14,13,12,10,13,9,3,9,9,3,0,0
0,0,0,5,9,19,53,36,32,12,10,8,10,9,10,13,12,2,6,12,0,6,1,1
6,0,0,4,4,12,14,11,14,11,1,2,4,0,0,1,12,11,11,12,6,8,10,7
0,3,10,9,6,11,12,10,3,15,0,0,6,9,4,0,3,0,9,11,7,19,36,13
6,6,0,7,7,16,15,8,5,8,10,7,3,0,8,10,10,6,7,12,13,28,46,14

0,12,11,8,0,0,12,14,11,0,13,28,69,78,82,74,53,47,41,40,21,11,8,8
0,18,12,0,0,0,0,14,0,10,11,82,71,58,50,14,9,50,50,55,37,13,12,13
0,4,0,0,11,53,106,58,67,98,111,73,10,14,22,52,14,14,48,13,8,7,6,11
0,0,0,0,14,54,120,69,63,83,54,10,53,10,3,5,10,30,13,3,11,1,11,8
0,0,0,0,12,18,70,59,58,65,62,75,50,66,55,64,13,56,13,0,0,2,0,0
0,0,0,0,0,10,11,34,57,81,86,93,94,66,84,83,83,57,52,13,27,9,10,7
0,1,7,9,0,9,12,11,71,104,133,143,113,103,109,126,103,85,52,10,38,11,8,5
1,8,0,10,44,1,54,55,83,128,149,164,149,140,150,140,135,101,76,13,14,1,10,0
0,0,0,0,1,13,8,56,105,140,177,193,152,129,155,173,147,93,73,52,7,11,7,4
0,5,0,0,0,30,14,81,109,193,290,250,189,150,170,211,172,115,69,54,12,14,0,0
0,0,0,7,3,12,57,85,138,199,307,246,176,166,186,251,253,129,72,58,14,13,9,2
11,0,4,8,7,12,57,101,126,177,206,163,162,179,172,179,158,100,67,60,10,4,0,1
0,0,0,5,16,12,50,103,123,139,156,168,174,166,161,147,132,101,84,78,32,2,2,8
6,0,0,0,1,6,59,104,122,138,149,148,159,155,146,135,130,106,78,59,13,12,0,0
1,6,0,0,0,0,29,92,117,137,147,157,158,137,107,124,123,76,55,52,13,8,3,0
0,2,11,7,5,0,21,71,99,130,153,176,157,132,128,129,117,67,77,39,9,6,0,0
0,2,0,7,8,1,22,60,73,90,118,158,138,137,123,106,114,102,75,16,9,10,1,6
3,11,4,10,14,21,33,57,74,104,118,126,147,143,135,112,101,58,50,40,29,14,12,1
4,6,10,6,14,29,60,90,112,112,109,146,165,148,180,129,126,109,97,75,16,10,0,0
4,0,1,6,12,49,103,124,130,157,146,192,212,188,191,160,141,94,94,74,73,30,9,3
8,1,0,0,28,54,111,128,144,158,150,192,228,195,196,142,141,128,89,81,45,39,21,11
9,5,3,14,24,56,98,130,163,156,194,178,196,228,192,162,153,138,128,117,74,53,12,10
6,5,10,14,29,70,109,141,175,172,174,167,163,240,176,138,149,130,135,123,81,54,30,16
0,0,10,12,32,102,117,139,159,170,158,152,135,131,122,131,133,137,131,116,101,73,70,14
9,3,8,14,43,102,119,149,148,159,147,140,117,102,105,120,123,128,128,121,112,103,88,35
0,7,11,32,57,108,122,153,142,153,143,124,107,85,102,110,121,126,126,118,101,67,54,33
6,11,5,14,14,83,110,119,140,135,118,107,81,77,74,102,104,109,110,109,96,63,55,33
6,12,11,10,8,90,119,123,132,130,111,80,100,74,97,88,72,109,115,112,103,70,55,34
1,12,14,8,19,46,114,120,128,130,104,63,58,72,60,73,101,107,118,115,110,84,58,38
5,8,7,10,10,46,81,96,105,89,76,55,53,57,55,61,62,75,88,108,101,87,64,12
4,0,9,10,11,21,56,79,114,106,76,51,47,29,20,41,51,66,88,98,71,87,54,14
0,6,6,9,18,32,77,126,116,113,65,53,52,9,12,11,50,61,101,73,85,126,95,32
2,0,3,4,11,18,86,132,92,67,58,51,33,11,10,14,23,52,80,69,64,63,50,13
0,0,0,7,2,13,56,67,84,60,51,35,11,13,1,3,2,13,51,61,63,15,11,3
1,6,6,9,10,9,51,57,55,53,25,14,10,3,3,0,7,0,40,50,42,9,1,0
6,9,3,3,9,8,41,50,54,46,13,11,6,0,5,8,6,3,13,50,28,0,0,0
4,0,5,7,10,14,51,52,34,38,20,12,12,6,9,10,5,11,14,50,32,10,0,0
0,0,0,4,8,24,52,55,53,36,22,11,11,12,9,12,10,4,10,14,14,3,5,0
0,3,0,0,4,24,50,57,53,45,16,14,13,4,9,8,11,0,4,8,13,0,1,2
7,0,0,10,11,41,41,56,51,14,15,14,14,13,12,10,13,9,4,9,9,3,0,0
0,0,0,5,9,19,53,37,32,12,10,8,10,9,10,13,12,2,6,12,0,6,2,1
6,0,0,4,4,12,14,11,14,11,1,2,4,0,0,1,12,11,11,12,7,9,11,7
0,3,10,9,6,11,12,10,3,15,0,0,6,9,4,0,3,0,9,12,7,23,36,13
6,6,0,7,7,17,15,8,5,8,10,7,4,0,8,10,10,6,7,12,13,29,48,14

0,12,11,8,0,0,12,14,11,0,13,28,70,78,83,74,53,48,38,40,22,11,9,8
0,16,13,0,0,0,0,14,0,10,11,82,72,58,51,14,9,48,50,55,39,13,12,13
0,4,0,0,11,53,106,58,67,99,111,73,10,14,22,52,14,14,48,13,8,7,6,11
0,0,0,0,14,54,120,69,63,82,54,11,53,10,3,5,10,30,13,3,11,1,11,9
0,0,0,0,12,18,69,59,58,65,62,75,50,66,54,64,13,56,14,0,1,2,0,0
0,0,0,0,0,10,11,34,58,82,86,93,94,66,84,82,82,57,52,13,26,9,10,7
0,1,7,9,0,8,12,11,71,104,133,142,111,102,107,124,102,85,52,10,39,11,8,6
1,8,0,10,43,1,54,54,83,127,147,160,146,137,145,136,133,100,76,13,14,1,10,0
0,0,0,0,1,13,8,56,105,139,174,189,148,125,151,167,142,91,72,52,7,10,7,4
0,5,0,0,0,30,14,81,108,191,287,245,187,150,166,207,170,114,69,54,12,14,0,0
0,0,0,7,3,12,57,85,138,201,300,237,178,171,185,238,249,130,72,58,14,13,8,1
11,0,4,8,7,12,57,101,127,178,203,165,167,184,175,181,158,101,67,61,10,4,0,1
0,0,0,4,16,13,51,104,124,140,159,171,178,170,165,149,134,102,85,80,34,3,1,7
6,0,0,0,1,7,62,104,124,140,151,150,162,159,148,136,131,107,80,60,14,12,0,0
1,6,0,0,0,0,34,95,118,138,149,159,161,140,109,126,124,78,55,53,14,9,2,0
0,2,11,6,6,1,23,72,100,131,154,179,160,135,130,130,118,68,79,45,10,6,0,0
0,2,0,7,8,1,22,60,73,91,119,160,140,139,125,108,115,102,77,18,10,10,1,6
3,11,4,10,14,21,33,56,73,104,119,127,149,145,137,114,102,58,50,40,29,14,12,1
4,6,10,6,13,28,59,89,112,112,110,147,166,148,181,129,126,109,96,73,14,10,0,0
4,0,0,6,12,45,103,123,129,157,146,192,212,188,191,160,141,93,92,73,73,25,9,3
8,1,0,0,27,53,110,127,143,157,149,191,227,195,195,141,140,127,88,80,45,39,20,11
9,5,3,14,23,56,97,129,162,154,193,176,194,226,190,161,152,137,128,116,73,53,12,9
6,5,10,13,29,70,109,141,174,171,173,166,161,237,173,137,149,130,135,122,80,54,30,16
0,0,10,12,32,102,117,138,158,168,158,150,134,130,122,130,133,136,131,116,101,71,70,14
9,3,8,14,42,102,119,149,148,159,147,139,117,102,104,120,123,128,128,121,112,103,87,35
0,7,10,32,57,108,122,153,142,153,143,124,107,86,102,109,120,125,126,118,101,68,54,36
6,11,5,13,14,83,110,119,140,135,118,107,81,78,74,102,104,109,110,109,96,63,55,33
6,12,11,10,8,90,119,123,132,129,112,80,100,74,96,89,72,108,115,112,103,70,55,34
1,12,14,8,18,46,114,120,128,130,104,63,58,72,60,73,101,107,118,115,109,84,57,38
5,8,7,10,10,46,81,96,105,89,76,56,53,57,55,62,62,75,87,108,100,87,64,12
4,0,9,10,11,21,56,79,114,106,76,50,46,30,19,41,51,66,88,98,71,87,55,14
0,6,6,9,18,32,78,126,116,113,65,53,52,10,12,12,50,61,101,73,85,126,96,33
2,0,3,4,11,18,86,132,92,68,58,51,34,11,11,14,24,52,79,69,64,63,50,13
0,0,0,7,2,13,56,68,84,60,51,35,11,13,2,3,2,13,51,61,63,15,12,3
1,6,6,9,10,9,51,58,55,53,26,14,10,3,3,0,7,0,38,50,42,9,1,0
6,9,3,3,9,8,41,50,54,46,13,11,6,0,5,8,6,3,14,50,29,0,0,0
4,0,5,7,10,14,51,52,34,38,21,12,12,6,9,10,5,11,14,49,32,10,0,0
0,0,0,4,8,24,52,55,53,36,23,11,11,12,9,12,11,4,10,14,14,3,5,0
0,3,0,0,4,24,51,57,53,46,17,14,13,4,9,8,11,0,4,8,13,0,1,2
7,0,0,10,11,42,41,56,51,14,14,14,14,13,12,11,13,9,3,9,9,3,0,0
0,0,0,5,9,19,53,37,32,12,10,8,10,9,10,13,12,2,6,13,0,7,2,1
6,0,0,4,4,12,14,11,14,11,1,3,4,0,0,1,12,11,12,12,7,9,11,7
0,3,10,9,6,11,12,10,3,15,0,0,5,9,4,0,3,0,9,12,7,22,38,13
6,6,0,7,7,17,17,8,5,8,10,7,3,0,8,10,10,6,7,12,13,30,48,15

0,12,11,8,0,0,12,14,11,0,13,30,70,79,83,75,53,47,40,40,21,11,9,8
0,16,13,0,0,0,0,14,0,10,11,83,73,58,51,14,9,48,47,55,37,14,12,13
0,4,0,0,11,53,106,58,67,100,111,75,11,14,22,52,14,14,47,13,8,7,6,12
0,0,0,0,14,54,119,69,63,82,54,11,53,10,3,5,10,30,13,3,11,2,11,9
0,0,0,0,12,18,69,59,58,65,62,75,50,65,54,63,13,56,14,0,1,2,0,0
0,0,0,0,0,11,11,33,57,82,86,92,93,66,83,81,82,56,52,13,25,8,10,8
0,1,6,9,0,8,10,11,71,102,131,139,109,101,105,122,101,83,51,9,35,10,8,7
1,8,0,9,39,1,53,54,82,124,143,156,143,134,141,133,131,98,75,12,13,0,9,0
0,0,0,0,0,13,8,56,104,137,171,185,145,123,147,162,137,89,72,51,6,10,7,4
0,5,0,0,0,28,14,81,108,189,282,238,184,150,163,202,167,113,68,54,12,14,0,0
0,0,0,7,3,12,57,85,138,201,291,231,182,176,187,231,241,129,72,58,14,13,8,1
10,0,5,7,7,12,57,101,128,178,203,167,171,189,180,184,159,100,67,61,10,3,0,1
0,0,0,4,16,13,51,104,125,142,161,175,182,176,169,152,136,103,85,82,35,2,1,7
6,0,0,0,2,8,65,105,125,141,154,153,166,163,151,138,132,107,81,61,16,11,0,0
1,7,0,0,0,1,37,98,119,139,151,162,164,143,113,129,125,79,56,53,20,9,2,0
0,3,11,6,7,1,24,73,100,132,157,181,164,138,133,132,119,68,79,50,12,7,0,0
0,2,0,7,9,1,20,60,74,92,121,163,143,142,127,110,116,103,78,22,10,11,2,6
3,11,4,11,14,21,33,56,74,105,120,130,152,146,139,115,103,58,50,40,28,14,12,1
3,6,10,6,13,25,58,87,111,112,110,148,168,149,183,131,126,109,93,71,14,9,0,0
4,0,0,6,11,41,102,122,128,156,146,193,213,189,191,160,141,91,91,71,71,20,8,3
8,0,0,0,27,52,110,126,142,156,149,191,226,194,194,141,139,126,87,80,44,38,20,11
9,5,3,14,23,56,96,128,161,153,191,175,192,225,189,159,151,137,127,116,72,53,12,9
6,5,10,13,28,70,108,140,173,170,172,164,160,235,171,136,148,130,135,122,79,53,29,16
0,0,10,12,30,102,117,138,158,168,157,150,133,130,122,130,133,136,131,116,101,72,70,14
9,3,8,13,42,102,119,149,147,158,147,139,116,102,104,120,123,128,128,120,112,103,86,35
0,7,10,32,55,108,122,153,142,153,142,123,107,85,102,110,120,125,126,118,101,68,54,33
6,11,5,13,14,82,110,119,140,134,118,107,81,77,74,102,104,109,110,109,96,63,55,31
6,11,11,10,8,90,119,123,132,129,111,80,100,74,96,88,73,108,115,112,103,69,55,33
1,12,14,8,18,46,114,120,128,130,104,63,58,72,59,73,101,107,117,115,109,84,57,38
5,8,7,10,10,46,81,96,105,89,76,55,53,57,55,61,62,75,88,108,100,87,64,12
4,1,9,10,11,21,56,79,114,106,77,50,46,30,19,42,51,66,88,98,71,87,55,14
0,6,6,9,18,32,78,127,116,113,65,53,52,10,12,12,50,61,101,73,85,127,96,33
2,0,3,4,11,19,86,133,92,67,58,51,34,11,11,14,23,52,79,69,64,63,50,13
0,0,0,7,2,13,56,68,85,60,51,37,11,13,2,3,2,13,51,61,63,16,12,3
1,6,6,9,10,9,51,58,55,53,26,14,10,3,3,0,7,0,39,50,42,9,1,0
6,9,3,4,10,8,41,50,54,46,13,11,6,0,5,8,6,3,14,50,29,0,0,0
4,0,5,7,10,14,51,52,34,38,23,12,12,6,9,10,5,11,14,49,32,10,0,1
0,0,0,4,8,24,52,55,53,36,23,11,11,12,9,12,11,4,10,14,14,3,5,0
0,3,0,0,4,24,51,57,53,45,17,14,13,4,9,8,11,0,4,8,13,0,1,2
7,0,0,10,11,42,41,56,51,14,14,14,14,13,12,11,14,9,4,9,9,3,0,0
0,0,0,5,9,19,53,37,32,12,10,8,10,9,10,13,12,3,6,13,0,7,2,1
6,0,0,4,4,12,14,11,14,11,1,2,4,0,0,1,12,11,12,12,7,9,11,7
0,3,10,10,6,11,12,10,3,14,0,0,5,9,4,0,3,0,9,12,7,22,37,13
6,6,0,7,7,17,18,8,5,8,10,7,3,0,8,10,10,6,7,12,13,30,46,15

0,12,11,8,0,0,12,14,11,0,13,31,70,79,83,74,53,48,38,40,21,11,9,8
0,15,13,0,0,0,0,14,0,10,11,83,72,58,51,14,9,50,50,55,36,14,12,13
0,4,0,0,11,53,106,58,67,99,111,75,10,14,22,52,14,14,45,13,8,7,6,12
0,0,0,0,14,54,120,69,63,82,54,11,53,10,3,5,10,31,13,3,11,2,11,9
0,0,0,0,12,18,69,59,58,64,63,75,50,66,54,62,13,55,13,0,1,2,0,0
0,0,0,0,0,11,11,33,58,82,86,93,93,66,83,80,81,56,52,12,24,8,10,8
0,1,6,8,0,7,10,11,71,103,131,141,110,101,105,122,100,82,50,9,35,10,8,7
1,8,0,9,37,1,53,54,82,125,144,158,145,135,141,133,130,97,75,12,13,0,9,0
0,0,0,0,0,13,8,56,103,137,172,187,147,124,148,163,137,89,71,51,6,10,7,4
0,5,0,0,0,29,14,81,107,189,283,241,184,149,165,204,167,113,68,54,12,14,0,0
0,0,0,7,3,12,57,84,138,200,295,235,180,174,186,239,244,127,72,58,14,13,8,1
10,0,5,7,7,12,57,101,128,179,204,165,169,188,178,184,160,100,67,61,10,3,0,1
0,0,0,4,16,13,51,104,125,142,161,174,181,175,168,151,136,103,85,81,35,2,1,7
6,0,0,0,2,8,65,105,125,141,154,152,165,163,150,138,132,107,81,61,16,11,0,0
1,7,0,0,0,1,38,98,119,139,150,161,163,143,112,128,125,79,56,53,21,9,2,0
0,3,11,6,7,1,26,73,100,132,157,181,163,137,132,131,119,68,80,50,12,7,0,0
0,2,0,7,9,2,22,60,74,92,121,163,142,142,127,109,116,103,79,23,10,11,2,6
3,11,4,11,14,21,33,56,74,105,120,129,152,146,138,115,103,58,50,40,29,14,12,1
4,6,10,6,13,27,58,88,111,113,110,148,168,149,182,130,126,109,94,72,14,9,0,0
4,0,0,6,11,43,102,122,129,157,146,193,213,189,191,160,141,92,92,72,71,24,8,3
8,1,0,0,27,53,110,126,143,157,149,191,226,194,194,141,140,127,88,80,45,38,20,11
8,5,3,14,23,56,97,129,161,154,192,175,193,225,190,160,151,137,127,116,73,53,12,9
6,5,10,13,28,70,109,141,173,171,172,165,160,235,172,137,148,130,135,122,80,53,30,16
0,0,10,12,30,102,117,138,158,169,158,150,133,130,122,130,133,136,131,116,101,72,71,14
9,3,8,13,43,102,119,149,147,159,147,139,116,102,104,120,123,128,128,121,112,103,87,36
0,7,10,31,57,108,122,153,142,153,142,123,107,85,102,109,120,125,126,118,101,67,54,33
6,11,5,14,14,82,110,119,140,134,118,107,81,78,72,102,104,109,110,109,96,63,55,31
6,11,11,10,8,90,119,123,132,130,111,80,100,75,96,88,72,109,115,112,103,69,56,33
1,12,14,8,18,46,114,120,128,130,104,63,58,72,59,73,101,107,117,115,109,84,58,38
5,8,7,10,10,46,82,96,105,89,76,56,53,57,55,62,62,74,87,108,100,87,64,12
4,1,10,10,11,21,56,79,114,106,77,50,47,30,20,41,51,66,88,98,71,88,55,14
0,6,6,9,18,32,78,127,116,113,65,53,52,10,12,12,50,61,101,73,85,127,96,31
2,0,3,4,11,18,86,132,92,68,58,51,34,11,11,14,24,52,79,69,64,63,50,13
0,0,0,7,2,13,56,67,85,60,51,36,11,13,2,3,2,13,51,61,63,16,11,3
1,6,6,9,10,9,51,57,55,53,25,14,10,3,3,0,7,0,38,50,42,9,1,0
6,9,3,3,9,8,41,50,54,46,13,11,6,0,5,8,6,3,14,50,29,0,0,0
4,0,5,7,10,14,51,52,34,38,22,12,12,6,9,10,5,11,14,50,32,10,0,1
0,0,0,4,8,25,52,55,53,36,22,11,11,12,9,12,11,4,10,14,13,3,5,0
0,3,0,0,4,24,50,57,53,45,17,14,13,4,9,8,11,0,4,8,13,0,1,3
7,0,0,10,11,42,41,56,51,14,15,14,14,13,12,11,14,9,4,10,9,3,0,0
0,0,0,5,9,19,53,37,33,12,10,8,10,9,10,13,12,3,6,13,0,7,2,1
6,0,0,4,4,12,14,11,14,12,1,3,4,0,0,1,12,11,11,12,7,9,11,7
0,3,10,9,6,11,12,10,3,15,0,0,6,9,4,0,3,0,9,12,7,23,36,13
6,6,0,7,7,17,16,8,5,8,10,7,3,0,8,10,10,6,7,12,13,29,48,15

0,12,11,9,0,0,12,17,11,0,13,28,68,76,81,73,53,50,43,46,24,11,9,8
0,14,13,0,0,0,0,14,0,9,9,79,70,57,50,14,9,50,50,56,41,14,12,13
0,4,0,0,11,54,108,59,67,95,109,63,10,14,18,53,14,14,51,14,9,7,6,11
0,0,0,0,14,55,123,69,62,79,53,10,54,10,3,5,10,32,14,3,11,2,11,9
0,0,0,0,12,19,70,59,58,64,62,74,50,65,54,62,13,55,13,0,1,2,0,0
0,0,0,0,0,11,11,32,57,82,86,92,93,65,83,81,82,56,52,13,26,9,10,7
0,1,6,9,0,9,11,11,70,104,134,144,113,103,108,125,102,84,51,10,38,10,8,7
1,8,0,10,44,1,54,54,82,129,151,168,150,139,148,138,135,100,76,13,14,0,9,0
0,0,0,0,0,13,7,54,102,140,178,192,151,126,150,168,144,91,72,52,7,10,7,4
0,5,0,0,0,27,13,78,104,186,290,253,184,147,166,213,170,113,68,53,12,14,0,0
0,0,0,7,4,11,56,82,133,196,300,243,176,168,185,245,240,123,70,57,14,13,9,2
11,0,4,7,7,12,55,99,124,174,203,166,167,184,177,184,158,97,65,59,9,3,0,1
0,0,0,4,15,12,50,102,123,140,159,173,180,173,166,149,133,102,82,76,29,2,1,8
6,0,0,0,1,7,58,104,123,140,152,150,163,160,149,137,131,106,78,59,14,11,0,0
1,7,0,0,0,1,31,94,118,138,149,160,162,141,111,127,124,78,55,52,14,9,3,0
0,3,11,6,7,0,22,72,100,132,155,179,161,135,131,131,118,68,78,44,11,6,0,0
0,2,0,7,9,1,22,60,73,90,119,160,140,139,125,108,115,102,77,19,10,11,2,6
3,11,4,11,14,21,33,57,74,105,118,127,148,145,137,113,101,58,50,40,29,14,12,1
4,6,10,6,14,30,60,91,112,113,110,147,167,148,181,129,126,109,94,73,14,9,0,0
4,0,0,5,12,51,104,125,131,159,146,193,213,189,191,160,141,92,92,72,71,25,9,3
8,1,0,0,28,55,112,129,145,159,151,193,229,195,196,142,140,127,88,80,45,39,21,11
8,5,3,14,24,57,99,131,165,157,195,179,196,228,192,161,152,137,128,116,72,53,12,9
6,5,10,14,30,71,109,142,176,173,175,168,163,239,174,137,149,130,135,122,80,54,30,16
0,0,10,12,35,102,118,139,159,170,158,151,135,131,122,130,133,136,131,116,101,72,70,14
9,3,8,14,43,102,119,150,148,160,148,140,117,102,104,120,123,128,128,120,112,103,87,37
0,7,10,32,58,109,122,154,142,154,143,124,107,85,102,110,121,125,126,118,101,67,54,31
6,11,5,14,14,84,110,119,141,135,118,107,81,78,72,102,104,109,110,109,95,63,55,33
6,11,11,11,8,91,120,123,132,130,112,80,100,75,96,88,72,109,115,112,103,69,55,33
1,12,14,8,19,46,114,121,129,130,104,63,58,73,59,73,101,108,117,115,109,84,58,38
5,8,7,10,10,46,82,96,105,89,76,55,53,57,55,62,62,74,87,108,100,87,64,12
3,0,9,10,11,22,56,79,114,106,77,51,47,30,19,41,51,66,88,98,71,87,55,14
0,6,6,9,18,32,77,126,116,113,65,53,52,9,12,11,50,61,101,73,85,126,95,31
2,0,3,4,11,19,87,133,92,67,58,51,35,11,10,14,24,52,80,70,64,63,50,13
0,0,0,7,2,13,56,68,85,60,51,37,11,13,1,3,2,13,51,61,63,16,11,3
1,6,6,9,10,9,51,58,55,54,25,14,10,3,3,0,7,0,38,50,41,9,1,0
6,9,3,4,10,8,40,50,54,46,13,11,6,0,5,8,6,3,14,50,28,0,0,0
4,0,5,7,10,14,51,52,34,38,21,12,12,6,9,10,5,11,14,49,32,10,0,1
0,0,0,4,8,24,52,55,53,36,22,11,11,12,9,12,11,4,10,14,14,3,5,0
0,3,0,0,4,24,51,57,53,46,17,14,14,4,9,9,11,0,4,8,13,0,1,2
7,0,0,10,11,42,42,56,51,14,15,14,14,13,12,11,14,9,4,10,9,3,0,0
0,0,0,5,9,18,53,37,33,12,10,8,10,9,10,13,13,3,6,13,0,7,2,1
7,0,0,4,4,12,14,11,14,12,1,2,4,0,0,1,12,11,12,12,7,9,11,7
0,3,10,9,6,11,12,9,3,15,0,0,6,9,5,0,3,0,9,12,7,22,38,13
6,6,0,7,7,16,15,8,5,8,10,7,4,0,8,10,10,6,7,12,13,28,46,15

0,12,11,9,0,0,12,14,11,0,13,21,67,75,78,68,52,50,39,41,19,11,9,8
0,14,13,0,0,0,0,14,0,8,8,79,69,56,50,13,9,51,48,55,36,14,12,13
0,4,0,0,10,53,107,58,66,95,109,61,10,14,22,53,14,20,50,14,8,7,7,12
0,0,0,0,13,54,121,69,62,79,53,10,53,10,3,6,11,34,14,3,11,3,11,10
0,0,0,0,12,18,69,59,57,63,61,72,50,65,52,61,13,55,14,0,1,3,3,0
0,0,0,0,0,11,11,28,56,80,82,89,91,64,81,79,81,55,51,12,22,8,10,9
0,1,6,9,0,7,9,10,68,99,125,135,108,100,104,121,100,81,47,9,36,10,9,8
1,8,0,9,36,0,53,53,79,122,142,155,145,135,143,133,130,96,73,12,13,0,9,0
0,0,0,0,0,12,7,54,102,137,174,188,150,126,151,166,141,88,71,51,6,10,7,4
0,5,0,0,0,27,13,79,106,187,285,250,188,151,173,207,165,112,67,53,11,14,0,0
0,0,0,7,3,11,56,83,135,197,310,251,178,170,193,275,244,122,70,57,14,13,8,2
11,0,4,8,7,12,56,100,125,176,210,166,166,183,176,186,165,99,65,59,9,3,0,1
0,0,0,5,16,12,50,103,123,140,158,170,177,170,165,149,133,102,82,76,30,2,1,8
6,0,0,0,1,7,61,104,123,140,151,149,161,158,148,136,130,106,78,59,13,11,0,0
1,7,0,0,0,1,34,96,118,138,149,159,160,139,109,126,124,77,55,52,14,9,3,0
0,2,11,6,6,1,24,72,100,131,155,178,160,134,130,130,118,68,78,44,10,7,0,0
0,2,0,7,9,2,24,60,74,91,119,160,140,139,125,108,115,102,78,18,10,10,2,6
3,11,4,11,14,22,34,57,74,105,119,127,149,145,137,113,102,58,50,40,29,14,12,1
4,6,10,6,14,29,60,91,113,114,110,147,166,148,181,129,126,109,96,74,14,9,0,0
4,0,1,6,12,50,103,124,131,159,146,193,212,189,191,160,141,93,93,73,72,26,9,3
8,1,0,0,28,54,111,128,145,159,151,193,228,195,195,142,141,128,88,81,45,39,21,11
8,5,3,14,24,56,99,131,165,156,194,178,196,228,192,162,152,137,128,116,73,53,12,9
6,5,10,14,30,70,109,142,175,173,174,167,163,239,174,138,149,130,135,122,80,54,30,16
0,0,10,12,32,102,117,139,159,169,159,151,135,131,122,130,133,136,131,116,101,72,70,14
9,3,8,14,43,102,119,149,148,159,148,140,117,102,105,121,123,128,128,121,112,103,87,37
0,7,10,32,57,108,122,154,142,153,143,124,107,83,102,109,120,125,126,118,101,67,54,33
6,11,5,14,14,83,110,119,140,135,118,107,81,78,74,102,104,109,110,109,95,63,55,31
6,12,11,11,8,90,119,123,132,130,112,81,100,74,97,90,72,108,115,112,103,69,55,34
1,12,14,8,19,46,114,120,129,130,104,63,58,73,60,73,101,107,117,115,109,84,58,39
5,8,7,10,10,46,81,96,105,89,76,55,53,57,55,61,62,74,87,108,100,87,64,12
4,0,10,10,11,21,56,79,114,106,77,50,47,30,20,41,51,66,88,98,71,87,55,14
0,6,6,10,18,32,77,126,117,113,65,53,52,10,12,12,50,61,101,73,85,126,96,32
2,0,3,4,11,18,86,132,92,67,58,51,35,11,10,14,23,52,80,69,64,63,50,13
0,0,0,7,2,13,56,67,85,60,51,35,11,13,2,3,2,13,51,61,63,16,11,3
1,6,6,9,10,9,51,57,55,53,27,14,10,3,3,0,7,0,39,50,42,9,1,0
6,9,3,3,9,8,40,50,54,46,13,11,6,0,5,8,6,3,14,50,29,0,0,0
4,0,4,6,10,14,51,52,34,38,21,12,12,6,9,10,5,11,14,49,32,10,0,1
0,0,0,3,8,24,52,55,53,36,22,11,11,12,9,12,11,4,10,14,14,3,5,0
0,3,0,0,4,24,50,57,53,45,17,14,14,4,9,9,11,0,4,8,13,0,1,2
7,0,0,10,11,42,41,56,51,14,14,14,14,13,12,11,14,9,4,9,9,3,0,0
0,0,0,5,9,18,53,36,32,12,10,8,10,9,10,13,12,3,6,13,0,7,2,1
6,0,0,4,4,12,14,11,14,11,1,3,4,0,0,1,12,11,12,12,7,9,11,7
0,3,10,9,6,11,12,10,3,15,0,0,6,9,5,0,3,0,9,12,7,22,38,13
6,6,0,7,7,17,15,8,5,8,10,7,3,0,8,10,10,6,7,12,13,29,48,15

0,12,10,9,0,0,12,14,11,0,13,34,70,78,81,70,53,50,44,46,23,11,9,8
0,14,13,0,0,0,0,14,0,10,11,83,71,57,51,14,10,51,50,56,40,14,13,13
0,4,0,0,11,53,107,59,68,99,111,68,11,14,25,54,15,23,51,14,9,8,7,12
0,0,0,0,13,55,121,69,62,81,54,10,56,11,3,6,11,38,14,3,11,4,11,10
0,0,0,0,12,18,69,60,58,64,62,75,51,66,53,62,14,56,14,0,1,3,4,0
0,0,0,0,0,11,11,30,57,80,83,89,91,65,83,81,81,56,52,13,24,8,10,9
0,1,6,9,0,7,8,10,68,98,125,134,108,100,106,123,101,82,50,9,36,10,9,8
1,8,0,9,36,0,52,53,78,120,139,152,144,136,145,135,131,96,73,12,13,0,9,0
0,0,0,0,0,12,8,54,101,134,170,187,150,127,152,168,140,87,71,51,6,10,7,4
0,5,0,0,0,27,13,79,105,186,277,247,188,151,174,206,163,110,66,53,11,14,0,0
0,0,0,7,3,11,57,83,134,195,314,270,180,171,195,279,240,120,69,57,14,13,9,2
10,0,5,7,7,12,56,100,126,178,221,168,165,183,176,186,165,99,65,59,9,2,0,1
0,0,0,4,15,12,50,103,124,141,159,169,176,169,164,148,133,102,82,75,29,2,1,8
6,0,0,0,1,7,63,104,124,140,150,149,161,157,147,136,130,106,78,59,13,11,0,0
1,7,0,0,0,2,36,96,118,138,148,158,160,139,109,125,124,77,55,52,14,9,3,0
0,3,11,6,6,1,26,73,100,131,154,178,159,133,129,130,118,67,78,42,11,6,0,0
0,2,0,7,9,2,25,61,74,91,119,159,139,139,124,107,115,102,77,18,10,10,2,6
3,11,4,11,14,22,34,58,75,105,119,127,148,144,136,113,102,58,50,40,29,14,12,1
4,6,10,7,14,29,60,92,113,114,110,147,166,148,180,129,126,109,96,75,14,10,0,0
4,0,1,6,12,50,103,125,131,159,146,192,212,188,191,160,141,93,93,73,73,27,9,3
8,1,0,0,28,54,111,128,145,159,150,192,228,195,195,142,140,128,88,81,45,39,21,11
9,5,3,14,24,56,99,131,165,156,194,178,196,228,192,162,152,137,128,116,73,53,12,9
6,6,10,14,29,70,109,142,175,173,174,167,163,239,174,138,149,130,135,122,80,54,30,16
0,0,10,12,33,102,117,139,159,170,158,151,135,131,122,130,133,136,131,116,101,74,70,14
9,3,8,14,43,102,119,149,148,159,147,140,117,102,104,120,123,128,128,120,112,103,88,35
0,7,10,32,57,108,122,154,142,153,143,124,107,86,102,110,120,125,126,118,101,68,54,34
6,11,5,14,14,84,110,119,140,134,118,107,81,77,74,102,104,109,110,109,94,64,55,31
6,11,11,11,8,91,120,123,132,130,112,80,100,75,96,88,72,108,115,112,103,69,55,35
1,12,14,8,19,46,114,120,129,130,104,63,58,73,59,73,101,107,117,115,109,84,58,38
5,8,7,10,10,46,82,96,105,89,76,56,53,57,55,62,62,75,87,108,100,87,64,12
4,0,10,10,11,21,56,79,114,106,77,51,47,30,20,41,51,66,88,98,71,88,55,14
0,6,6,10,18,32,78,126,116,113,65,53,52,10,12,12,50,61,101,73,85,126,95,31
2,0,3,4,11,18,87,132,92,67,58,51,34,11,11,14,23,52,79,69,64,63,50,13
0,0,0,7,2,13,56,67,84,60,51,35,11,13,2,3,2,13,51,61,63,15,11,3
1,6,6,9,10,9,51,57,55,53,25,14,10,3,3,0,7,0,38,50,41,9,1,0
6,9,3,3,9,8,41,50,54,46,13,11,6,0,5,8,6,3,14,50,29,0,0,1
4,0,4,7,10,14,51,52,34,39,20,12,12,6,9,10,5,11,14,50,34,10,0,1
0,0,0,3,8,24,52,55,53,36,22,11,11,12,9,12,11,4,10,14,14,3,5,0
0,3,0,0,4,24,51,57,53,45,16,14,14,4,9,9,11,0,4,8,13,0,1,2
7,0,0,10,11,41,41,56,51,14,15,14,14,13,12,11,13,9,4,9,9,3,0,0
0,0,0,5,9,18,53,37,32,12,10,8,10,9,10,13,12,3,6,13,0,6,2,1
6,0,0,4,4,12,14,11,14,11,1,3,4,0,0,1,12,11,12,12,7,9,11,7
0,3,10,9,6,11,12,9,3,15,0,0,6,9,5,0,4,0,9,12,7,23,38,13
6,6,0,7,7,16,15,8,5,8,10,7,3,0,8,10,10,6,7,12,13,28,48,15

0,11,10,9,1,0,12,14,11,0,13,34,70,78,81,70,52,50,44,46,23,11,9,8
0,14,13,0,0,0,0,14,0,10,11,83,71,57,50,14,10,51,50,56,40,14,13,13
0,4,0,0,11,54,108,60,68,99,110,66,11,14,25,54,15,24,51,14,8,7,7,12
0,0,0,0,13,55,123,70,62,81,54,11,56,11,3,6,11,38,14,3,11,3,11,10
0,0,0,0,12,19,70,60,58,65,63,76,51,67,54,64,14,56,14,0,1,3,3,0
0,0,0,0,0,12,11,31,58,81,84,92,93,66,84,82,83,57,52,13,26,8,10,9
0,0,6,8,0,6,8,11,70,101,128,138,110,101,108,125,102,84,51,9,38,10,9,8
1,8,0,9,36,0,53,54,81,122,141,155,145,137,147,137,133,98,75,13,13,0,9,0
0,0,0,0,0,13,8,56,103,135,170,187,150,127,153,169,143,90,72,52,6,10,7,4
0,5,0,0,0,29,14,81,108,189,279,246,188,149,169,207,169,113,68,54,12,14,0,0
0,0,0,7,3,11,57,84,137,199,316,261,180,171,186,249,253,127,71,58,14,13,9,1
10,0,4,7,7,12,57,101,127,180,219,167,165,183,174,182,162,101,66,60,9,3,0,1
0,0,0,4,16,12,51,103,124,141,159,170,176,169,163,148,134,102,84,78,31,2,1,7
5,0,0,0,1,7,62,104,123,139,150,149,161,157,147,136,130,106,78,59,14,11,0,0
1,6,0,0,0,1,35,95,118,137,148,158,160,138,108,125,123,77,55,52,14,9,2,0
0,2,11,6,6,1,26,73,100,131,154,177,158,133,129,129,117,67,77,41,10,6,0,0
0,2,0,7,9,2,25,61,74,91,119,159,139,138,124,107,115,102,76,16,9,10,2,6
3,11,4,10,14,22,34,58,75,105,118,127,148,144,136,112,101,58,50,40,28,14,12,1
4,6,10,6,14,30,60,92,113,113,110,147,166,148,180,129,125,109,95,73,14,10,0,0
4,0,1,6,12,51,104,125,131,159,146,192,212,188,190,159,140,92,92,73,72,27,9,3
8,1,0,0,28,55,111,128,145,159,150,192,228,195,195,141,140,127,88,80,45,39,21,11
9,5,3,14,24,57,99,131,165,156,194,177,196,227,191,161,151,137,127,116,73,53,12,9
6,6,10,14,30,71,109,142,175,173,174,167,162,238,174,137,149,130,135,122,79,54,30,16
0,0,10,12,35,102,118,139,159,170,158,151,134,131,122,130,133,136,131,116,101,71,71,14
9,3,8,14,43,102,119,149,148,159,147,140,117,102,104,120,123,128,128,120,112,103,86,35
0,7,10,32,58,109,122,154,142,153,143,124,107,85,102,110,120,125,126,118,101,68,54,33
6,11,5,14,14,84,110,119,140,135,118,107,81,78,74,102,104,109,110,108,94,63,55,31
6,12,11,11,8,91,120,123,132,130,111,80,100,75,96,88,72,108,115,112,103,69,55,34
1,12,14,8,19,47,114,120,129,130,104,63,58,72,60,73,101,107,117,115,109,84,58,38
5,8,7,10,10,46,82,96,105,89,76,56,53,57,55,62,62,75,87,108,100,87,64,12
4,1,10,10,11,21,56,79,114,106,77,51,47,29,20,41,51,66,88,98,71,88,54,14
0,6,6,10,18,32,78,126,117,113,65,53,52,10,12,12,50,61,101,73,85,126,95,32
2,0,3,4,11,19,87,133,92,67,58,51,34,11,11,14,23,52,80,70,64,63,50,13
0,0,0,7,2,13,56,68,85,60,51,35,11,13,2,3,2,14,51,61,63,16,11,3
1,6,6,9,10,9,51,58,55,53,26,14,10,3,3,0,7,0,39,50,42,9,1,0
6,9,3,4,9,8,41,50,54,46,13,11,6,0,5,8,6,3,14,50,29,0,0,0
4,0,5,6,10,14,51,52,34,38,22,12,12,6,9,10,5,11,14,50,32,10,0,1
0,0,0,4,8,24,52,55,53,36,22,11,11,12,9,12,11,4,10,14,14,3,5,0
0,3,0,0,4,24,50,57,53,45,17,14,14,4,9,9,11,0,4,8,13,0,1,3
7,0,0,10,11,42,42,56,51,14,14,14,14,13,12,11,14,9,4,10,9,3,0,0
0,0,0,5,9,18,53,37,32,12,10,8,10,9,10,13,13,3,6,13,0,7,2,1
7,0,0,4,4,12,14,11,14,11,1,3,4,0,0,1,12,11,12,12,7,9,11,7
0,3,10,9,6,11,12,10,3,15,0,0,6,9,5,0,3,0,9,12,7,23,37,13
6,6,0,7,7,17,15,8,5,8,10,7,4,0,8,10,10,6,7,12,13,29,49,15

0,11,10,9,1,0,12,14,11,0,13,35,70,78,81,69,52,50,43,46,23,11,9,8
0,14,13,0,0,0,0,14,0,10,11,82,70,57,50,14,10,51,50,56,39,14,13,13
0,4,0,0,11,54,108,60,68,98,110,66,11,14,25,54,14,24,51,14,9,7,7,12
0,0,0,0,13,55,122,70,62,81,54,10,56,11,3,6,11,38,14,3,11,4,11,10
0,0,0,0,12,19,70,60,58,65,63,76,51,66,54,64,14,57,15,0,1,3,4,0
0,0,0,0,0,12,11,31,58,81,85,92,93,66,83,82,82,57,52,13,25,8,10,9
0,0,5,8,0,6,7,12,70,101,128,137,109,101,106,123,101,83,51,9,38,10,9,9
1,8,0,9,36,0,52,54,81,122,140,153,142,134,143,134,131,97,75,12,13,0,9,0
0,0,0,0,0,12,8,56,103,135,169,185,147,125,150,164,138,89,72,51,6,10,7,4
0,5,0,0,0,29,14,81,107,188,277,242,185,149,167,205,168,113,68,54,12,14,0,0
0,0,0,6,3,11,57,84,137,200,309,246,181,174,186,241,249,128,71,58,14,13,8,1
10,0,5,7,7,13,57,101,128,180,212,166,168,186,176,183,161,101,66,60,9,3,0,1
0,0,0,4,16,12,51,104,126,142,160,172,178,172,166,149,135,103,84,80,32,2,1,7
5,0,0,0,1,7,66,105,125,141,152,150,163,160,148,137,131,107,80,60,14,11,0,0
1,6,0,0,0,2,39,99,119,138,149,159,161,141,110,126,124,78,55,53,16,9,2,0
0,2,11,6,6,2,29,73,100,132,155,179,161,135,130,130,118,68,78,45,11,7,0,0
0,2,0,7,9,2,27,61,74,91,120,161,141,140,125,108,115,102,77,18,10,10,2,6
3,11,4,11,14,22,34,58,75,105,120,128,150,145,137,114,102,58,50,40,28,14,12,1
4,6,10,6,14,29,60,91,113,114,110,147,167,148,181,129,125,109,93,71,14,9,0,0
4,0,0,6,12,50,103,124,131,158,146,193,212,188,190,159,140,91,91,72,70,23,8,3
8,1,0,0,28,54,111,128,144,158,150,191,227,194,194,140,139,126,87,80,44,39,20,11
9,5,3,14,24,57,98,130,164,155,193,176,194,226,190,160,150,137,127,116,72,53,12,9
6,6,10,14,29,71,109,142,175,172,173,166,161,236,172,137,148,129,134,121,79,53,30,16
0,0,10,12,33,102,117,139,159,170,158,150,134,130,122,130,133,136,130,116,101,72,70,14
9,3,8,14,43,102,119,149,148,159,147,139,117,102,104,120,123,128,128,120,112,103,87,35
0,7,10,32,58,109,122,154,142,153,143,124,107,85,102,109,120,125,126,118,101,68,54,33
6,11,5,14,14,84,110,119,140,134,118,107,81,77,74,102,104,109,110,108,94,63,55,30
6,11,11,11,8,92,120,123,132,130,111,80,100,76,95,88,73,108,115,112,103,69,56,33
1,12,14,8,19,47,114,120,129,130,104,63,58,73,60,73,101,107,117,115,109,84,57,38
5,8,7,10,10,47,82,96,105,89,76,56,53,57,55,62,62,74,87,108,100,87,64,12
4,1,10,10,11,21,56,79,114,106,77,51,47,29,20,41,51,66,88,97,71,88,55,14
0,6,6,10,18,32,78,127,117,113,65,53,52,10,12,12,50,61,101,73,85,126,96,31
2,0,3,4,11,19,87,133,92,68,58,51,35,11,11,14,25,52,79,70,65,63,50,13
0,0,0,7,2,14,56,68,85,60,51,37,12,13,2,4,2,13,51,61,63,18,12,3
1,6,6,9,10,9,51,58,55,54,27,14,10,3,3,0,7,0,39,50,42,9,1,0
6,9,3,4,10,8,41,50,54,46,13,11,6,0,5,8,6,3,14,50,29,0,0,0
4,0,5,7,10,14,51,52,34,38,22,12,12,6,9,10,5,11,14,50,33,10,0,1
0,0,0,3,8,24,52,55,53,36,23,11,11,12,9,12,11,4,11,14,14,3,5,0
0,3,0,0,4,24,51,57,53,46,17,14,13,4,9,9,11,0,4,8,13,0,1,3
7,0,0,10,11,44,42,56,52,14,16,14,14,13,12,11,14,9,4,10,9,3,0,0
0,0,0,5,9,19,53,37,32,12,10,8,10,9,10,13,13,3,6,13,0,7,2,1
7,0,0,4,4,12,14,11,14,12,1,3,4,0,0,1,12,11,12,12,7,9,11,7
0,3,10,9,6,11,12,10,3,15,0,0,6,9,5,0,4,0,9,12,8,22,38,13
6,6,0,7,7,17,15,8,5,8,10,7,4,0,8,10,10,6,7,12,13,31,46,15

0,11,10,9,1,0,12,14,11,0,13,38,71,78,81,69,52,50,43,46,23,11,9,8
0,14,13,0,0,0,0,14,0,10,11,83,71,56,50,14,10,51,50,56,37,14,13,13
0,4,0,0,11,54,108,60,69,99,110,65,11,14,26,54,16,23,51,14,9,7,7,12
0,0,0,0,13,55,122,70,62,81,54,11,56,11,3,6,11,38,14,3,11,4,11,10
0,0,0,0,12,19,70,60,58,66,63,77,52,67,54,64,14,57,17,0,1,3,4,0
0,0,0,0,0,12,11,31,58,82,86,93,94,66,84,83,83,57,53,13,24,8,10,9
0,0,5,8,0,5,7,12,71,102,130,139,110,101,107,124,102,84,52,9,37,10,9,9
1,8,0,9,35,0,52,54,82,124,141,154,143,135,142,134,131,98,75,13,13,0,9,0
0,0,0,0,0,12,8,56,104,136,169,184,146,124,149,163,138,89,72,51,6,10,7,4
0,5,0,0,0,28,14,81,108,188,278,240,184,149,165,202,167,112,68,54,12,14,0,0
0,0,0,6,3,11,58,85,138,201,301,238,181,175,186,234,245,129,71,58,14,13,8,1
10,0,5,7,7,12,57,101,128,179,208,166,169,188,178,183,160,100,66,60,9,3,0,1
0,0,0,4,16,12,51,104,126,142,161,173,180,174,167,150,135,103,84,81,32,2,1,8
5,0,0,0,2,8,66,105,125,141,153,152,164,161,149,137,131,107,80,60,14,11,0,0
1,6,0,0,0,3,40,98,119,139,150,161,163,142,111,127,125,78,55,53,17,10,2,0
0,2,11,6,6,2,29,73,101,132,156,180,162,136,131,131,118,68,79,48,11,7,0,0
0,2,0,7,9,2,25,61,74,91,120,162,142,141,126,109,116,102,78,19,10,11,2,6
3,11,4,11,14,22,34,57,74,105,120,129,151,146,138,114,102,58,50,40,28,14,12,1
4,6,10,6,13,28,59,90,113,114,110,148,167,149,182,130,126,108,93,71,14,9,0,0
4,0,0,6,12,48,103,124,130,158,146,193,212,188,191,159,140,90,90,71,69,20,8,3
8,1,0,0,28,54,111,128,144,158,149,191,226,194,193,140,139,126,87,80,44,38,20,11
9,5,3,14,24,56,98,130,164,155,192,176,194,226,189,159,150,137,127,115,72,52,12,9
6,5,10,14,29,71,109,141,175,172,173,166,161,236,171,136,148,129,134,121,79,53,29,16
0,0,10,12,33,102,117,139,159,169,158,150,134,130,122,130,133,136,130,115,101,71,70,14
9,3,8,14,43,102,119,149,148,159,147,139,116,102,104,120,123,128,128,120,112,103,86,36
0,7,10,32,58,109,122,154,142,153,143,124,107,85,102,109,120,125,126,118,101,68,54,33
6,11,5,14,14,84,110,119,140,135,118,107,81,78,72,102,104,109,110,108,94,63,55,31
6,11,11,11,8,91,120,123,132,130,112,81,100,75,96,88,72,108,114,112,103,69,55,33
1,12,14,8,19,46,114,120,129,130,104,63,58,72,60,73,101,107,117,115,109,83,57,39
5,8,7,10,10,46,82,96,105,89,76,56,53,57,55,61,62,74,87,108,100,87,64,12
4,1,10,10,11,21,56,79,114,106,77,50,47,30,20,41,51,66,88,97,71,88,55,14
0,6,6,10,18,32,78,127,117,113,65,53,52,10,12,12,50,61,101,73,85,126,96,31
2,0,3,4,11,19,87,133,92,68,58,51,34,11,11,14,24,52,80,70,64,63,50,13
0,0,0,7,2,13,57,68,85,60,51,37,11,13,2,3,2,13,51,61,63,16,11,3
1,6,6,9,10,9,51,58,55,54,27,14,10,3,3,0,7,0,39,50,42,9,1,0
6,9,3,4,10,8,41,50,54,47,13,11,6,0,5,8,6,3,14,50,28,0,0,0
4,0,5,7,10,14,51,52,34,39,23,12,12,6,9,10,5,11,14,49,34,10,0,1
0,0,0,4,8,24,52,55,53,36,23,11,11,12,9,12,11,4,10,14,14,3,5,0
0,3,0,0,4,25,51,57,53,48,18,14,14,4,9,9,11,0,4,8,13,0,1,2
7,0,0,10,11,42,42,56,51,14,15,14,14,13,12,11,13,9,4,10,9,3,0,0
0,0,0,5,9,20,53,37,33,12,10,8,10,9,10,13,13,3,6,13,0,7,2,1
7,0,0,4,4,12,14,11,14,11,1,3,4,0,0,1,12,11,12,12,7,9,11,7
0,3,10,9,6,11,12,10,3,15,0,0,6,9,5,0,3,0,9,12,8,24,38,13
6,6,0,7,7,17,16,8,5,8,10,7,4,0,8,10,10,6,7,12,13,30,48,15

0,11,10,9,1,0,13,14,11,0,13,37,71,78,81,69,52,50,44,45,23,11,9,8
0,14,13,0,0,0,0,14,0,10,11,83,70,56,50,14,10,51,50,56,36,14,13,13
0,4,0,0,11,55,108,60,69,99,110,65,11,14,27,54,15,24,51,14,9,8,7,12
0,0,0,0,13,55,123,70,62,80,54,11,57,11,3,6,11,38,14,3,11,4,11,10
0,0,0,0,12,20,70,61,58,65,63,76,51,67,54,64,14,57,16,0,1,3,5,0
0,0,0,0,0,12,12,31,58,81,84,91,93,66,83,82,82,56,52,13,24,8,10,10
0,0,5,8,0,5,6,12,70,100,127,136,109,100,106,123,101,82,51,9,36,9,10,9
1,8,0,9,33,0,52,53,80,121,138,152,143,134,142,133,130,96,74,12,13,0,9,0
0,0,0,0,0,12,8,56,103,134,168,185,148,125,150,164,137,88,71,51,6,10,7,4
0,5,0,0,0,27,14,81,107,188,276,242,186,149,168,203,164,111,67,53,11,14,0,0
0,0,0,6,3,11,57,84,135,197,309,250,182,175,189,246,245,125,71,58,14,13,8,1
10,0,5,7,7,12,57,101,128,180,216,168,169,188,178,184,162,100,66,60,9,3,0,1
0,0,0,4,16,12,51,104,125,142,161,173,180,174,167,150,135,103,84,79,32,2,1,8
5,0,0,0,2,8,65,105,125,141,153,151,164,161,149,137,131,107,79,60,14,11,0,0
1,6,0,0,0,3,39,98,119,139,149,161,162,141,111,127,125,78,55,53,16,10,3,0
0,2,11,6,7,2,29,73,101,132,156,180,162,136,131,131,118,68,79,47,11,7,0,0
0,2,0,7,9,2,26,61,74,92,120,162,142,141,126,109,116,102,79,20,10,11,2,7
3,11,4,11,14,22,34,58,75,106,120,129,151,146,138,114,102,58,50,40,28,14,12,1
4,6,10,6,14,29,60,90,113,114,110,148,167,149,182,130,126,109,94,71,14,9,0,0
4,0,0,6,12,49,103,124,131,159,146,193,212,188,191,160,140,91,91,71,70,23,8,3
8,1,0,0,28,54,111,128,144,159,150,192,227,194,194,141,139,126,87,80,44,39,21,11
8,5,3,14,24,57,98,130,164,155,193,176,194,226,190,160,150,137,127,115,72,53,12,9
6,5,10,14,29,71,109,142,175,172,173,166,161,236,172,137,148,129,134,121,79,53,30,16
0,0,10,12,35,102,117,139,159,169,158,150,134,130,122,130,133,136,130,115,101,71,70,14
9,3,8,14,43,102,119,149,148,159,147,139,117,102,104,120,123,128,128,120,112,103,88,36
0,7,10,32,58,109,122,154,142,153,143,123,107,85,102,109,120,125,126,118,101,67,54,33
6,11,5,14,14,84,110,119,140,135,118,107,81,77,72,102,104,109,110,108,94,63,55,31
6,11,11,11,8,92,120,123,132,130,112,80,100,75,96,88,72,108,114,111,103,69,55,34
1,12,14,8,19,47,114,120,129,130,104,63,58,72,60,73,101,107,117,115,109,84,57,38
5,8,7,10,10,46,82,96,105,89,76,55,53,57,55,62,62,75,87,108,100,87,64,12
4,1,10,10,12,21,56,79,114,106,77,50,47,29,20,41,51,66,88,98,71,88,55,14
0,6,6,10,18,32,78,127,116,113,65,53,52,10,12,12,50,61,101,73,85,126,96,31
2,0,3,4,11,19,87,133,92,68,58,51,35,11,11,14,24,52,80,70,64,63,50,13
0,0,0,7,2,13,56,68,85,59,51,37,11,13,2,3,2,13,51,61,63,16,11,3
1,6,6,9,10,9,51,58,55,53,27,14,10,3,3,0,7,0,39,50,42,9,1,0
6,9,3,4,10,8,41,50,54,46,13,11,6,0,5,8,6,3,14,50,29,0,0,0
4,0,5,7,10,14,51,52,34,38,22,12,12,6,9,10,5,11,14,50,32,10,0,1
0,0,0,4,8,24,52,55,53,36,22,11,11,12,9,12,11,4,10,14,14,3,5,0
0,3,0,0,4,24,51,57,53,46,17,14,14,4,9,9,11,0,4,8,13,0,1,3
7,0,0,10,11,42,42,56,51,14,14,14,14,13,12,11,14,9,4,10,9,3,0,0
0,0,0,5,9,19,53,37,33,12,10,8,10,9,10,13,13,3,6,13,0,7,2,1
7,0,0,4,4,12,14,11,14,11,1,3,4,0,0,1,12,11,12,12,7,9,11,7
0,3,10,9,6,11,12,10,3,15,0,0,6,9,5,0,4,0,9,12,7,23,38,13
6,6,0,7,7,17,16,8,5,8,10,7,4,0,8,10,10,6,7,12,13,29,48,15

0,11,10,9,1,0,13,14,11,0,13,37,71,78,81,69,52,50,44,47,23,11,9,9
0,14,13,0,0,0,0,14,0,10,11,83,70,56,50,14,10,51,50,56,37,14,13,13
0,4,0,0,11,55,108,60,69,99,110,65,11,14,27,54,15,26,51,14,9,8,7,12
0,0,0,0,13,55,124,70,62,80,54,11,57,11,3,6,11,38,14,3,11,4,11,10
0,0,0,0,12,20,70,61,58,66,62,76,51,67,53,62,14,56,17,0,1,3,5,0
0,0,0,0,0,12,12,30,57,81,83,90,93,66,83,81,82,56,52,13,22,8,10,10
0,0,5,8,0,5,6,12,69,99,125,134,108,100,106,122,100,82,50,9,36,9,10,9
1,8,0,9,33,0,52,54,80,119,137,151,143,135,143,133,129,95,74,12,13,0,9,0
0,0,0,0,0,12,8,56,103,134,169,187,149,127,152,165,137,87,71,51,6,9,7,4
0,5,0,0,0,28,14,81,108,190,278,245,187,150,171,204,164,111,67,53,11,14,0,0
0,0,0,6,3,11,58,84,135,196,314,262,182,175,192,260,246,124,71,58,14,13,9,1
10,0,5,7,7,12,57,101,128,181,222,169,167,187,178,185,164,100,66,60,9,2,0,1
0,0,0,4,16,12,51,103,125,142,160,171,178,172,166,149,134,102,83,78,30,2,1,8
5,0,0,0,1,7,63,104,124,140,151,150,163,160,148,137,130,106,78,59,14,11,0,0
1,6,0,0,0,2,36,97,118,138,149,160,161,140,110,126,124,77,55,52,14,9,3,0
0,3,11,6,7,1,27,73,100,131,155,179,160,135,130,130,118,68,78,42,11,7,0,0
0,2,0,7,9,2,25,61,74,91,120,161,141,140,125,108,115,102,77,19,10,11,2,7
3,11,4,10,14,22,34,58,75,105,119,128,150,145,137,113,102,58,50,40,29,14,12,1
4,6,10,6,14,30,60,91,113,114,110,147,167,148,181,129,126,109,94,72,14,9,0,0
4,0,0,6,12,51,103,125,131,159,146,193,212,188,191,159,140,92,91,72,71,25,9,3
8,1,0,0,28,55,111,128,145,159,150,192,227,194,194,141,140,127,87,80,45,39,21,11
8,5,3,14,24,57,99,131,165,156,193,177,195,226,190,160,151,137,127,116,72,53,12,9
6,6,10,14,30,71,109,142,175,172,174,167,162,237,172,137,148,129,134,122,79,54,30,16
0,0,10,12,36,102,118,139,159,170,158,151,134,130,122,130,133,136,130,115,101,71,71,14
9,3,8,14,43,102,119,149,148,159,147,140,117,102,104,120,123,128,128,120,112,103,86,36
0,7,10,32,58,109,122,154,142,153,143,124,107,86,102,110,120,125,126,118,101,67,54,34
6,11,5,14,15,85,110,119,140,135,118,107,81,78,74,102,104,109,110,108,94,63,55,31
6,11,11,11,8,92,120,123,132,130,112,80,100,75,96,88,72,108,115,112,103,69,55,34
1,12,14,8,19,47,114,120,129,130,104,63,58,73,60,73,101,107,117,115,109,84,58,38
5,8,7,10,10,46,82,96,105,89,76,56,53,57,55,61,62,74,87,108,100,87,64,12
4,1,10,10,12,22,56,79,114,106,77,50,47,30,20,42,51,66,88,97,71,88,55,14
0,6,6,10,18,32,78,127,117,113,65,53,52,10,12,12,50,61,101,73,85,126,96,32
2,0,3,4,11,19,87,133,92,68,58,51,35,11,11,14,26,52,80,70,64,63,50,13
0,0,0,7,2,13,56,68,85,60,51,36,11,13,2,3,2,13,51,61,63,16,12,3
1,6,6,9,10,9,51,58,55,53,26,14,10,3,3,0,7,0,39,50,43,9,1,0
6,9,3,3,10,8,41,50,54,46,13,11,6,0,5,8,6,3,14,50,29,0,0,0
4,0,5,7,10,14,51,52,34,38,21,12,12,6,9,10,5,11,14,50,32,10,0,1
0,0,0,4,8,24,52,55,53,36,22,11,11,12,9,12,11,5,10,14,14,3,5,0
0,3,0,0,4,24,51,57,53,46,16,14,14,4,9,9,11,0,4,8,13,0,1,3
7,0,0,10,11,42,42,56,51,14,14,14,14,13,12,11,14,9,4,10,9,3,0,0
0,0,0,5,9,20,53,37,32,12,10,8,10,9,10,13,13,3,6,13,0,7,2,1
7,0,0,4,4,12,14,11,14,12,1,3,4,0,0,1,12,11,12,12,7,9,11,7
0,3,10,9,6,11,12,10,3,15,0,0,6,9,5,0,4,0,9,12,7,22,38,13
6,6,0,7,7,17,16,8,5,8,10,7,4,0,8,10,10,6,7,12,13,30,46,16

0,11,10,9,1,0,13,14,11,0,13,35,71,78,80,68,52,50,43,46,22,11,9,8
0,14,13,0,0,0,0,14,0,10,11,83,70,56,50,14,10,51,50,56,37,14,13,13
0,4,0,0,11,55,109,60,69,99,110,64,11,14,27,54,14,27,52,14,9,8,7,12
0,0,0,0,14,55,124,70,62,81,54,11,57,12,4,6,12,38,14,3,11,4,11,10
0,0,0,0,12,21,71,61,59,66,62,77,52,67,54,63,14,56,16,0,1,3,5,0
0,0,0,0,0,12,12,31,58,81,84,92,94,66,84,82,82,56,52,13,22,8,10,10
0,0,5,8,0,5,6,12,70,100,126,137,110,101,107,123,100,82,51,9,36,9,10,9
1,8,0,9,34,0,52,54,80,121,139,154,147,137,145,134,129,95,74,12,13,0,9,0
0,0,0,0,0,12,8,56,103,134,169,188,152,129,153,167,138,87,71,51,6,9,7,4
0,5,0,0,0,29,14,81,107,189,277,247,195,152,173,204,163,111,67,53,11,14,0,0
0,0,0,6,3,11,57,83,134,194,316,280,188,173,196,268,241,121,70,57,13,13,8,2
10,0,5,7,7,12,56,100,125,178,228,175,168,184,178,185,162,98,65,59,9,2,0,1
0,0,0,4,15,11,50,102,122,140,159,172,177,169,165,148,132,101,81,73,25,2,1,8
5,0,0,0,1,6,56,104,122,138,150,150,162,158,148,136,129,105,76,58,13,11,0,0
1,6,0,0,0,2,33,95,118,137,148,160,161,139,110,125,123,76,55,52,14,9,3,0
0,3,11,6,6,1,26,73,100,131,155,179,160,134,130,130,118,67,77,41,11,7,0,0
0,2,0,7,9,2,25,61,74,91,120,160,140,140,125,108,115,102,77,17,10,11,2,7
3,11,4,10,14,22,34,57,75,106,119,128,149,145,137,113,101,58,50,40,29,14,12,1
4,6,10,6,14,30,60,91,113,114,110,147,167,148,181,129,126,109,94,72,14,9,0,0
4,0,1,6,12,51,104,125,131,160,146,193,213,189,191,160,141,92,92,72,71,25,9,3
8,1,0,0,29,55,111,129,145,159,150,192,228,195,195,141,140,127,87,80,44,39,21,11
8,5,3,14,24,57,99,131,165,157,194,177,195,227,191,161,152,137,127,116,73,53,12,9
6,5,10,14,30,71,109,142,175,173,174,167,162,238,173,137,149,130,135,122,79,54,30,16
0,0,10,12,35,102,118,139,159,170,158,151,134,131,122,130,133,136,130,116,101,72,71,14
9,3,8,14,43,102,119,149,148,159,147,140,117,102,104,120,123,128,128,120,112,103,86,35
0,7,10,32,58,109,122,154,142,153,143,124,107,86,102,110,120,125,126,118,101,67,55,34
6,11,5,14,15,85,110,119,140,135,118,107,81,77,74,102,104,109,110,108,94,63,55,31
6,11,11,11,8,92,120,124,132,130,112,80,100,75,97,88,72,109,115,112,103,69,56,35
1,12,14,8,19,47,114,120,129,130,104,63,58,73,60,73,101,107,117,115,109,83,58,38
5,8,7,10,10,47,82,96,105,89,76,56,53,57,55,62,62,75,87,108,100,87,64,12
4,1,10,10,12,21,56,79,114,106,77,51,47,30,20,42,51,66,88,98,71,88,55,14
0,6,6,10,18,32,78,127,117,113,65,53,52,10,12,12,50,61,101,73,85,126,95,32
2,0,3,4,11,19,87,133,92,67,58,51,35,11,11,14,25,52,80,70,64,63,50,13
0,0,1,7,2,14,56,68,85,59,51,38,11,13,2,4,3,14,51,61,63,17,11,3
1,6,6,9,10,9,51,57,55,53,26,14,10,3,3,0,7,0,39,50,41,9,1,0
6,9,3,4,10,8,41,50,54,47,13,11,6,0,5,8,6,3,14,50,29,0,0,1
4,0,5,7,10,14,51,52,34,39,20,12,12,6,9,10,5,11,14,50,32,10,0,1
0,0,0,4,8,25,52,55,53,36,22,11,11,12,9,12,11,4,10,14,14,3,5,0
0,3,0,0,4,25,50,57,53,45,17,14,14,4,9,9,11,0,4,8,13,0,1,3
7,0,0,10,11,42,42,56,51,14,16,14,14,13,12,11,13,9,4,10,9,3,0,0
0,0,0,5,9,19,53,37,32,12,10,8,10,9,10,13,13,3,6,13,0,7,2,1
7,0,0,4,4,12,14,11,14,11,1,3,4,0,0,1,12,11,12,12,7,9,11,7
0,3,10,9,6,11,12,10,3,15,0,0,6,9,5,0,3,0,9,12,7,23,38,13
6,6,0,7,7,17,16,8,5,8,10,7,4,0,8,10,10,6,7,12,13,30,49,15

0,11,10,9,1,0,13,14,11,0,13,36,71,78,80,69,52,50,43,46,22,11,9,9
0,14,13,0,0,0,0,14,0,10,11,83,70,56,50,14,10,51,50,56,37,14,13,13
0,4,0,0,11,55,109,60,69,99,110,65,11,14,29,54,14,26,52,14,9,8,7,12
0,0,0,0,13,55,125,71,62,81,54,11,57,12,4,6,12,38,14,3,11,5,11,10
0,0,0,0,12,21,71,61,59,66,63,77,52,67,54,63,14,56,17,0,1,4,5,0
0,0,0,0,0,12,12,31,58,82,85,92,94,66,83,81,82,56,52,13,22,8,10,10
0,0,5,8,0,5,6,13,70,101,128,137,109,100,106,122,100,82,51,9,35,9,10,9
1,8,0,9,33,0,52,54,81,122,140,153,144,134,141,132,129,95,74,12,13,0,9,0
0,0,0,0,0,12,8,57,103,134,169,186,149,126,150,163,136,87,71,51,6,9,7,4
0,5,0,0,0,28,14,81,108,188,275,244,189,149,168,202,165,111,67,53,11,14,0,0
0,0,0,6,3,11,57,84,135,197,315,262,184,173,188,247,246,125,71,57,14,13,8,1
10,0,5,7,7,12,57,101,128,181,222,170,168,185,176,183,162,101,66,60,9,2,0,1
0,0,0,4,16,12,51,103,125,142,160,171,178,171,165,149,134,102,84,78,31,2,1,7
5,0,0,0,1,7,65,105,124,140,152,150,162,159,148,136,131,106,79,60,14,11,0,0
1,6,0,0,0,2,39,98,119,138,149,159,161,140,109,126,124,77,55,53,14,9,2,0
0,2,11,6,6,2,30,73,100,131,155,178,160,134,130,130,118,68,78,45,11,7,0,0
0,2,0,7,9,2,26,61,74,91,120,161,140,140,125,108,115,102,78,19,10,11,2,6
3,11,4,11,14,22,34,57,75,105,119,128,149,145,137,113,102,58,50,40,29,14,12,1
4,6,10,6,14,29,60,91,113,114,110,147,166,148,181,129,125,109,94,72,14,9,0,0
4,0,1,6,12,50,103,125,131,159,146,192,212,188,190,159,140,92,91,72,71,25,9,3
8,1,0,0,28,55,111,128,145,159,150,192,227,194,194,141,139,127,87,80,44,39,21,11
9,5,3,14,24,57,99,131,165,156,193,177,195,227,190,160,151,137,127,116,72,53,12,9
6,5,10,14,29,71,109,142,175,173,173,166,161,237,173,137,148,129,134,121,79,53,30,16
0,0,10,12,35,102,118,139,159,170,158,151,134,130,122,130,133,136,130,116,101,72,70,14
9,3,8,14,43,102,119,149,148,159,147,140,117,102,104,120,123,128,128,120,112,103,86,35
0,7,10,32,58,109,122,154,142,153,143,124,107,86,102,110,120,125,126,118,101,68,54,36
6,11,5,14,14,85,110,119,140,135,118,107,81,78,74,102,104,109,110,108,93,63,55,30
6,12,11,11,8,92,120,123,132,130,112,80,100,75,97,88,72,108,115,112,103,69,55,35
1,12,14,8,19,47,114,120,129,130,104,63,58,73,60,73,101,107,117,115,109,84,57,38
5,8,7,10,10,47,82,96,105,89,76,56,53,57,55,62,62,75,87,108,100,87,64,12
4,1,10,10,12,22,56,79,114,106,77,50,47,30,20,41,51,66,88,98,71,88,55,14
0,6,6,10,18,32,78,127,117,113,65,53,52,10,12,12,50,61,101,73,85,126,96,32
2,0,3,4,11,19,87,133,92,67,58,51,34,11,11,14,24,52,80,70,64,63,50,13
0,0,0,7,2,13,56,68,85,60,51,37,11,13,2,3,3,13,51,61,63,17,11,3
1,6,6,9,10,9,51,58,55,53,28,14,10,3,3,0,7,0,38,50,42,9,1,0
6,9,3,4,10,8,41,50,54,46,13,11,6,0,5,8,6,3,14,50,29,0,0,0
4,0,5,7,10,14,51,52,34,38,24,12,12,6,9,10,5,11,14,50,33,10,0,1
0,0,0,4,8,25,52,55,53,36,22,11,11,12,9,12,11,5,11,14,14,3,5,0
0,3,0,0,4,25,51,57,53,46,17,14,14,4,9,9,11,0,4,8,13,0,1,2
7,0,0,10,11,43,42,56,51,14,15,14,14,13,12,11,13,9,4,10,9,3,0,0
0,0,0,5,9,19,53,37,33,12,10,8,10,9,10,13,13,3,6,13,0,7,2,1
7,0,0,5,4,12,14,11,14,12,1,3,4,0,0,1,12,11,12,12,7,9,11,7
0,3,10,9,6,11,12,10,3,15,0,0,6,9,5,0,4,0,9,12,8,22,38,13
6,6,0,7,7,17,16,8,5,8,10,7,4,0,8,10,10,6,7,12,13,31,49,15

0,11,10,9,1,0,13,14,11,0,13,35,70,78,80,68,52,50,43,44,23,11,9,8
0,14,13,0,0,0,0,14,0,10,11,83,70,56,50,14,10,51,50,56,36,14,13,13
0,4,0,0,11,55,109,60,69,99,110,63,11,14,29,54,14,27,52,14,9,8,7,12
0,0,0,0,13,55,124,71,62,80,54,11,57,12,4,6,12,38,14,3,11,4,11,10
0,0,0,0,12,21,71,61,59,66,63,78,52,67,54,64,14,57,19,0,1,4,5,0
0,0,0,0,0,12,12,33,59,82,86,93,94,66,84,82,82,57,52,13,23,8,10,10
0,0,5,8,0,5,6,13,71,102,129,138,109,101,106,123,100,83,51,9,36,9,10,9
1,8,0,9,34,0,52,54,82,123,141,153,143,134,141,132,129,96,74,12,13,0,9,0
0,0,0,0,0,12,8,58,104,136,170,185,147,125,150,163,136,88,71,51,6,9,7,4
0,5,0,0,0,29,14,82,110,190,278,241,186,149,167,202,166,112,68,54,12,14,0,0
0,0,0,6,3,12,58,85,138,201,308,248,183,176,188,239,247,128,71,58,14,13,8,1
10,0,5,7,7,13,57,102,129,181,215,168,169,187,178,183,161,101,66,60,9,3,0,1
0,0,0,4,16,12,52,104,126,142,161,172,179,173,167,150,135,103,84,80,32,2,1,8
5,0,0,0,2,8,66,105,125,141,153,151,164,161,149,137,131,107,80,60,14,11,0,0
1,6,0,0,0,3,41,99,119,139,149,160,162,141,110,127,124,78,55,53,16,9,2,0
0,2,11,6,6,2,31,74,100,132,156,179,162,135,131,131,118,68,79,47,11,7,0,0
0,2,0,7,9,2,26,61,74,91,120,161,141,140,126,108,115,102,77,19,10,11,2,7
3,11,4,10,14,22,34,57,75,106,120,129,151,145,137,114,102,58,50,40,28,14,12,1
3,6,10,6,14,29,59,90,113,114,110,147,167,148,181,129,125,108,92,71,14,9,0,0
4,0,0,6,12,49,103,124,130,158,146,193,212,188,190,159,140,91,90,71,70,22,8,3
8,1,0,0,28,54,111,128,144,158,150,191,227,194,194,140,139,126,87,80,44,38,20,11
8,5,3,14,24,56,98,130,164,155,193,176,194,225,190,159,150,136,127,115,72,53,12,9
6,5,10,14,29,71,109,142,174,172,173,166,161,236,171,136,148,129,134,121,79,53,30,16
0,0,10,12,32,102,117,139,159,169,158,150,134,130,122,129,133,136,130,115,101,72,71,14
9,3,8,14,43,103,119,149,148,159,147,139,117,102,104,120,123,128,128,120,112,103,86,36
0,7,10,31,57,109,122,154,142,153,143,123,107,86,102,109,120,125,126,117,101,66,54,33
6,11,5,14,15,84,110,119,140,135,118,107,81,78,75,102,104,109,110,108,94,63,55,31
6,11,11,10,8,92,120,123,132,130,112,81,100,75,95,89,72,108,114,112,103,69,55,34
1,12,14,8,19,47,114,120,129,130,104,63,58,72,59,73,101,107,117,115,109,83,58,38
5,8,7,10,10,46,82,96,105,89,76,55,53,57,55,61,62,74,87,108,100,87,64,12
4,1,10,10,12,21,56,79,114,106,77,51,47,30,20,42,51,66,88,97,71,88,55,14
0,6,6,10,19,32,78,127,117,113,65,53,52,10,12,12,50,61,101,73,85,127,97,32
2,0,3,4,11,19,87,133,93,68,58,51,35,11,11,14,24,52,80,70,65,63,50,13
0,0,0,7,2,13,57,68,85,59,51,37,11,13,2,3,2,14,51,61,63,17,12,3
1,6,6,9,10,9,51,58,55,54,27,14,10,3,3,0,7,0,39,50,42,9,1,0
6,9,3,4,10,8,41,50,54,47,13,11,6,0,5,8,6,3,14,50,29,0,0,0
4,0,5,7,10,14,51,52,34,38,24,12,12,6,9,10,5,11,14,50,33,10,0,1
0,0,0,4,8,25,52,55,53,36,23,11,11,12,9,12,11,4,11,14,14,3,5,0
0,3,0,0,4,25,51,57,53,46,17,14,14,4,9,9,11,0,4,8,13,0,1,3
7,0,0,10,11,43,42,56,51,14,15,14,14,13,12,11,14,9,4,10,9,3,0,0
0,0,0,5,9,20,53,37,33,12,10,8,10,9,10,13,13,3,6,13,0,7,2,1
7,0,0,4,4,12,14,11,14,12,1,3,4,0,0,1,12,11,12,12,7,9,11,7
0,3,10,9,6,11,12,10,3,15,0,0,6,9,5,0,3,0,9,12,8,24,38,13
6,6,0,7,7,17,16,8,5,8,10,7,4,0,8,10,10,6,7,12,13,30,48,15

0,11,10,9,1,1,13,14,11,0,13,37,71,78,80,68,52,50,43,48,22,12,9,8
0,14,13,0,0,0,0,14,0,10,11,83,69,56,50,14,10,51,50,56,36,14,13,13
0,4,0,0,11,55,109,60,69,99,110,63,11,14,29,53,15,27,52,14,9,8,7,12
0,0,0,0,14,55,125,71,62,80,54,11,57,11,4,6,12,39,14,3,11,4,11,10
0,0,0,0,12,21,71,61,59,66,63,78,52,67,55,64,14,57,19,0,1,3,4,0
0,0,0,0,0,12,12,33,59,83,86,94,96,67,84,83,82,57,53,13,24,8,10,10
0,0,5,8,0,4,6,13,72,102,130,140,110,101,107,123,101,83,52,9,37,9,10,9
1,8,0,9,33,0,52,54,83,125,142,156,144,135,142,133,129,96,74,12,13,0,9,0
0,0,0,0,0,12,9,58,105,136,171,186,148,126,150,163,137,88,72,51,6,9,7,4
0,5,0,0,0,29,14,82,109,190,279,241,185,149,167,202,166,112,67,54,11,14,0,0
0,0,0,6,3,11,58,85,138,200,309,247,181,174,186,239,246,127,71,58,14,13,9,1
10,0,5,7,7,13,57,101,129,181,214,167,168,186,176,182,161,101,66,60,9,2,0,1
0,0,0,4,17,12,51,104,126,142,160,172,178,172,166,149,135,103,84,80,32,2,1,8
5,0,0,0,1,7,66,105,125,141,152,150,163,160,148,137,131,107,79,60,14,11,0,0
1,6,0,0,0,3,41,99,119,139,149,160,162,141,110,126,124,77,55,53,15,9,3,0
0,2,11,6,6,2,31,74,100,132,155,179,161,135,130,130,118,68,78,45,11,7,0,0
0,2,0,7,9,2,25,61,74,91,120,161,141,140,125,108,115,102,78,20,10,11,2,7
3,11,4,10,14,22,34,57,74,105,119,128,150,145,137,113,101,58,50,40,29,14,12,1
4,6,10,6,14,29,59,91,113,114,110,147,167,148,181,129,125,109,94,72,14,9,0,0
4,0,0,6,12,48,103,124,131,159,146,193,212,188,190,159,140,91,91,72,71,23,8,3
8,1,0,0,28,54,111,128,144,159,150,191,227,194,194,141,139,127,87,80,45,38,21,11
9,5,3,14,24,57,98,131,164,155,193,177,194,226,190,160,150,137,127,115,72,53,12,9
6,5,10,14,30,71,109,142,175,173,173,166,161,237,172,137,148,129,134,121,79,53,30,16
0,0,10,12,33,102,117,139,159,169,158,150,134,130,122,130,133,136,130,115,101,72,70,14
9,3,8,14,43,102,119,149,148,159,147,139,117,102,104,120,123,128,127,120,112,103,87,35
0,7,10,32,58,109,122,154,142,153,143,124,107,85,102,109,120,125,126,118,101,67,54,34
6,11,5,14,15,84,110,119,140,135,118,107,81,77,75,102,104,109,110,108,94,63,55,33
6,11,11,11,8,92,120,123,132,130,112,80,100,75,97,88,73,108,115,112,103,69,56,34
1,12,14,8,19,46,114,121,129,130,104,63,58,72,60,73,101,107,117,115,109,84,57,39
5,8,7,10,10,46,82,97,106,89,76,56,53,57,55,62,62,74,87,108,100,87,64,12
4,1,10,10,12,22,56,79,114,106,77,51,47,30,20,41,51,66,88,98,71,88,55,14
0,6,6,10,18,32,78,127,117,113,65,53,52,10,12,12,50,61,101,73,85,126,96,31
2,0,3,4,11,19,87,134,93,67,58,51,35,11,11,14,25,52,80,70,65,63,50,13
0,0,0,7,2,14,56,68,85,59,51,37,11,13,2,4,2,14,51,61,63,17,11,3
1,6,6,9,10,9,51,57,55,53,27,14,10,3,3,0,7,0,38,50,42,9,1,0
6,9,3,4,10,8,41,50,54,46,13,11,6,0,5,8,6,3,14,50,30,0,0,0
4,0,5,7,10,14,51,52,34,39,22,12,12,6,9,10,5,11,14,50,33,10,0,1
0,0,0,4,8,25,52,55,53,36,23,11,11,12,9,12,11,4,10,14,14,3,5,0
0,3,0,0,4,25,51,57,53,48,17,14,14,4,9,9,11,0,4,8,13,0,2,3
7,0,0,10,11,43,42,56,51,14,15,14,14,14,12,11,14,9,4,10,9,3,0,0
0,0,0,5,9,19,53,37,33,12,10,8,11,9,10,13,13,3,6,13,0,7,2,2
7,0,0,5,4,12,14,11,14,12,2,3,4,0,0,1,12,11,12,12,7,9,11,7
0,3,10,9,6,11,12,10,3,15,0,0,7,9,5,0,4,0,9,12,8,25,38,13
6,6,0,7,7,17,16,8,5,8,9,7,4,0,8,10,10,6,7,12,13,30,48,15

0,11,10,9,1,1,13,14,11,0,13,35,70,77,80,68,52,50,42,45,22,11,9,8
0,13,13,0,0,0,0,14,0,10,11,82,70,56,50,14,10,51,50,56,36,14,13,13
0,4,0,0,11,55,109,60,69,99,110,63,10,14,30,54,15,27,52,14,9,8,7,12
0,0,0,0,13,56,125,71,62,80,54,11,57,12,4,6,12,38,14,3,11,4,10,10
0,0,0,0,12,22,71,61,59,67,63,79,53,68,55,64,14,57,19,0,1,3,4,0
0,0,0,0,0,12,12,34,59,83,87,95,97,67,85,83,83,57,53,13,24,8,10,10
0,0,5,8,0,5,6,14,72,104,132,143,112,102,109,125,102,84,52,9,38,9,10,9
1,8,0,9,36,0,53,55,84,127,145,160,147,137,145,135,131,98,75,13,14,0,9,0
0,0,0,0,0,13,9,58,105,138,173,189,151,128,153,168,141,90,72,52,6,10,7,4
0,5,0,0,0,30,16,83,110,192,282,243,185,149,168,204,168,113,68,54,12,14,0,0
0,0,0,6,3,12,58,85,139,201,312,250,179,171,185,241,250,128,72,58,14,13,8,1
10,0,4,7,7,13,57,102,129,182,215,165,165,183,174,180,161,101,66,60,9,3,0,1
0,0,0,4,16,12,52,104,125,142,159,169,176,169,163,148,134,102,84,79,30,2,1,8
5,0,0,0,1,7,65,105,124,140,151,149,161,158,147,136,130,106,78,59,13,11,0,0
1,6,0,0,0,2,38,98,118,138,148,158,160,139,108,125,124,77,55,52,14,9,3,0
0,2,11,6,6,1,29,73,100,131,154,177,159,133,129,129,117,67,77,39,11,6,0,0
0,2,0,7,9,2,25,61,74,90,119,159,139,139,124,107,115,102,76,17,10,10,2,6
3,11,4,10,14,22,34,58,74,105,118,127,148,144,136,112,101,58,50,40,29,14,12,1
4,6,10,6,14,30,60,91,113,113,110,147,166,148,180,129,125,109,94,73,14,10,0,0
4,0,0,6,12,51,103,125,131,159,146,192,212,188,190,159,140,91,92,72,71,25,9,3
8,1,0,0,28,55,111,128,145,159,150,192,228,195,194,141,140,127,87,80,45,39,21,11
8,5,3,14,24,57,99,131,165,156,194,178,196,227,191,161,151,137,127,116,72,54,12,9
6,5,10,14,31,71,109,142,176,173,174,167,162,238,174,137,149,130,135,121,79,54,30,16
0,0,10,12,35,102,118,139,159,170,158,151,134,131,122,130,133,136,130,115,101,72,70,14
9,3,8,14,43,103,119,150,148,159,148,140,117,102,104,120,123,128,128,120,112,103,86,35
0,7,10,32,59,109,122,154,142,153,143,124,107,83,102,110,120,125,126,118,101,67,54,34
6,11,5,14,15,85,110,119,140,135,118,107,81,78,74,102,104,109,110,108,94,63,55,33
6,11,11,11,8,92,120,124,132,130,112,81,100,75,95,88,72,108,114,112,103,69,55,35
1,12,14,8,19,47,114,121,129,130,104,64,58,72,60,74,101,107,117,115,109,84,58,38
5,8,7,10,10,46,82,97,106,89,76,56,53,57,55,61,62,74,87,108,100,87,64,12
4,1,10,10,12,22,56,79,114,107,77,50,47,30,20,42,51,66,88,98,71,88,55,14
0,6,6,10,18,32,78,127,117,113,65,53,52,10,12,12,50,61,101,73,85,126,96,31
2,0,3,4,11,19,87,133,93,68,58,51,34,11,11,14,24,52,80,70,65,63,50,13
0,0,0,7,2,13,56,68,85,60,51,37,11,13,2,3,3,14,51,61,63,16,12,3
1,6,6,9,10,9,51,58,55,53,27,14,10,3,3,0,7,0,39,50,42,9,1,0
6,9,3,4,10,8,41,50,55,47,13,11,6,0,5,8,6,3,14,50,29,0,0,0
4,0,5,7,10,14,51,52,34,38,21,12,12,6,9,10,5,11,14,50,33,10,0,1
0,0,0,4,8,24,52,55,53,36,22,11,11,12,9,12,11,4,10,14,14,3,5,0
0,3,0,0,4,24,51,57,53,46,17,14,14,4,9,9,11,0,4,8,13,0,2,3
7,0,0,10,11,42,42,56,51,14,15,14,14,14,12,11,14,9,4,10,9,3,0,0
0,0,0,5,9,19,53,37,34,12,10,8,11,9,10,13,13,3,6,13,0,7,2,1
7,0,0,5,4,12,14,11,15,12,1,3,5,0,1,1,12,11,12,12,7,9,11,7
0,3,10,9,6,11,12,10,3,16,0,0,6,10,5,0,4,0,9,12,7,23,39,13
6,6,0,7,7,17,16,8,5,8,9,7,4,0,8,10,10,6,7,12,13,30,48,15

0,11,10,9,1,1,13,14,11,0,13,37,70,77,80,68,52,50,43,45,22,11,9,8
0,14,13,0,0,0,0,14,0,10,11,83,69,56,50,14,10,51,50,56,37,14,13,13
0,4,0,0,11,56,109,60,69,99,110,63,10,14,30,54,14,29,52,14,8,8,7,12
0,0,0,0,13,55,125,71,62,80,55,11,57,12,4,7,12,39,15,3,11,4,10,10
0,0,0,0,12,22,71,61,59,67,63,79,53,68,55,64,14,58,19,0,1,3,4,0
0,0,0,0,0,12,12,34,59,84,87,95,97,67,85,84,83,57,53,13,25,8,10,10
0,0,5,8,0,5,6,14,72,104,133,143,112,103,109,125,102,84,53,9,38,9,10,9
1,8,0,9,36,0,53,55,85,127,146,161,148,137,147,136,132,99,76,13,14,0,9,0
0,0,0,0,0,13,9,59,106,139,175,191,153,129,155,171,143,90,73,52,6,10,7,4
0,5,0,0,0,32,18,83,111,194,284,245,186,149,169,206,168,113,68,54,12,14,0,0
0,0,0,6,3,11,59,86,139,201,314,253,178,169,185,245,251,128,72,58,14,13,9,2
10,0,4,8,7,13,58,102,129,182,217,164,163,182,172,179,161,101,66,60,9,3,0,1
0,0,0,4,16,12,51,104,125,141,158,167,174,167,161,147,133,102,83,77,29,2,1,8
5,0,0,0,1,6,64,105,124,139,149,148,159,156,146,135,130,106,78,59,13,11,0,0
1,6,0,0,0,1,36,96,118,137,147,157,158,137,107,124,123,76,55,52,13,9,3,0
0,2,11,6,5,1,28,73,100,130,153,176,157,132,128,129,117,67,76,36,10,6,0,0
0,2,0,7,9,2,26,60,73,90,118,158,138,137,123,106,114,102,75,15,9,10,2,6
3,11,4,10,14,22,34,58,74,105,118,125,147,143,135,112,100,58,50,40,29,14,12,1
4,6,10,6,14,30,60,92,113,114,109,146,165,148,179,128,125,109,96,74,14,10,0,0
4,0,1,6,12,51,104,125,132,160,146,192,211,188,190,159,140,92,93,73,72,27,9,3
8,1,0,0,28,55,112,129,145,160,150,192,228,195,195,141,140,127,88,80,45,39,21,11
9,5,3,14,24,57,100,132,166,157,194,178,196,229,192,161,152,137,127,116,73,53,12,9
6,5,10,14,30,71,110,142,176,173,174,168,163,239,175,138,149,130,135,122,79,54,30,16
0,0,10,12,35,102,118,139,159,170,159,152,135,131,122,130,133,136,130,116,101,73,71,14
9,3,8,14,43,103,120,150,148,159,148,140,117,102,104,120,123,128,128,120,112,103,87,35
0,7,10,32,59,109,122,154,142,153,143,124,107,85,102,110,120,125,126,118,101,68,54,34
6,11,5,14,15,85,110,119,140,135,118,107,81,78,74,102,104,109,110,108,94,63,56,31
6,11,11,11,8,92,120,124,132,130,111,80,100,75,96,88,72,108,114,112,103,69,56,35
1,12,14,8,19,47,114,121,129,130,104,63,58,72,60,73,101,107,117,115,109,83,57,38
5,8,7,10,10,46,82,97,106,89,76,56,53,57,55,62,62,74,87,108,100,87,64,12
4,1,10,10,12,21,56,79,114,107,77,51,47,30,20,42,51,66,88,98,71,88,55,14
0,6,6,10,18,32,77,127,117,113,65,53,52,10,12,12,50,61,101,73,86,126,96,32
2,0,3,4,11,19,87,133,93,67,58,51,35,11,11,14,25,52,80,70,65,63,50,13
0,0,0,7,2,13,56,68,85,59,51,37,11,13,2,3,3,14,51,61,63,16,12,3
1,6,6,9,10,9,51,58,55,53,27,14,10,3,3,0,7,0,38,50,42,9,1,0
6,9,3,4,10,8,41,50,54,46,13,11,6,0,5,8,6,3,14,50,29,0,0,1
4,0,5,7,10,14,51,52,34,38,22,12,12,6,9,10,5,11,14,50,32,10,0,1
0,0,0,4,8,24,52,55,53,36,22,11,11,12,9,12,11,5,10,14,14,3,5,0
0,3,0,0,4,25,51,57,53,46,17,14,14,4,9,9,11,0,4,8,13,0,1,3
7,0,0,10,11,42,41,56,51,14,14,14,14,14,12,11,14,9,4,10,9,3,0,0
0,0,0,5,9,19,53,37,32,12,10,8,11,9,10,13,13,3,6,13,0,7,2,1
7,0,0,4,4,12,14,11,14,12,1,3,4,0,1,1,12,11,12,12,7,9,11,7
0,3,10,9,6,11,12,9,3,16,0,0,6,10,5,0,4,0,9,12,7,23,38,13
6,6,0,7,7,17,15,8,5,7,8,7,4,0,8,10,10,6,7,12,13,31,48,16

0,11,10,9,1,1,13,14,11,0,13,36,70,77,80,68,52,50,44,45,21,12,9,8
0,14,13,0,0,0,0,14,0,10,11,83,69,56,50,14,10,51,50,56,37,14,13,13
0,5,0,0,11,56,109,61,69,99,110,63,11,14,30,54,15,27,52,14,8,8,7,12
0,0,0,0,14,56,126,71,62,80,54,11,58,12,4,7,12,40,15,4,11,4,11,10
0,0,0,0,12,22,71,62,59,67,63,79,53,68,55,64,14,58,20,0,1,4,5,0
0,0,0,0,0,12,12,35,59,83,87,95,97,67,85,84,83,58,53,13,24,8,10,10
0,0,4,8,0,5,6,14,72,104,133,144,113,103,109,126,102,84,53,10,38,9,10,9
1,8,0,9,36,0,53,55,85,128,146,162,148,138,147,137,132,99,76,13,14,0,9,0
0,0,0,0,0,13,9,59,106,139,175,192,153,129,155,171,143,90,72,52,6,10,7,4
0,5,0,0,0,32,19,83,111,194,284,245,187,149,170,206,168,113,68,54,11,14,0,0
0,0,0,6,3,11,59,86,139,200,316,256,177,168,185,246,251,127,71,58,14,13,9,2
10,0,4,7,7,13,57,102,129,181,218,164,161,180,171,178,160,100,66,60,9,3,0,1
0,0,0,4,16,12,51,104,125,141,157,166,172,166,160,146,132,102,82,76,27,2,1,8
5,0,0,0,1,6,63,105,123,139,149,147,158,154,145,134,129,106,77,58,13,11,0,0
1,6,0,0,0,0,35,95,117,137,147,156,157,136,106,123,122,75,55,52,13,9,3,0
0,2,10,6,5,1,27,73,100,130,152,175,156,131,127,128,117,66,76,35,9,6,0,0
0,2,0,7,8,2,28,60,73,90,117,156,137,136,122,105,114,102,74,14,9,10,1,6
3,11,4,10,14,22,34,58,75,104,117,125,146,142,134,111,100,58,50,40,29,14,12,1
4,6,10,7,14,31,61,93,114,114,109,146,164,147,178,128,125,109,96,74,14,10,0,0
4,0,1,6,12,53,104,126,132,160,146,192,212,188,190,159,141,93,94,73,73,30,9,3
8,1,0,0,29,56,112,130,146,161,151,193,229,195,196,142,140,128,88,80,46,39,21,11
9,5,3,14,25,57,100,132,167,158,195,179,197,229,192,162,152,137,128,116,73,54,12,10
6,5,10,14,31,71,110,142,176,174,175,168,164,240,175,138,149,130,135,122,80,54,30,16
0,0,10,12,35,103,118,140,159,170,159,152,135,131,122,130,133,136,130,116,101,73,71,14
9,3,8,14,43,103,120,150,148,159,148,140,117,102,104,120,123,128,128,120,112,103,87,35
0,7,11,32,60,109,123,155,142,154,143,124,107,88,102,110,120,125,126,118,101,68,55,33
6,11,5,14,16,85,110,120,141,135,118,107,81,78,77,102,104,109,110,108,95,63,55,33
6,11,11,11,8,92,120,124,132,130,111,80,100,75,96,88,72,108,114,112,103,69,56,35
1,12,14,8,19,47,114,121,129,130,104,63,58,72,60,73,101,107,117,115,109,83,57,38
5,8,7,10,10,46,82,97,106,90,76,55,53,57,55,62,62,75,87,108,100,87,64,12
4,1,10,10,12,21,56,79,114,107,77,50,46,30,20,41,51,66,88,98,71,88,55,14
0,6,6,10,18,32,78,127,117,113,65,53,52,10,12,12,50,61,101,73,86,126,96,31
2,0,3,4,11,19,87,133,93,67,58,51,35,11,11,14,23,52,80,70,65,63,50,13
0,0,0,7,2,13,56,68,85,60,51,37,11,13,2,3,3,14,51,61,63,17,11,3
1,6,6,9,10,9,51,57,55,53,28,14,10,3,4,0,7,0,39,50,42,9,1,0
6,9,3,4,10,8,41,50,54,46,13,11,6,0,5,8,6,3,14,50,30,0,0,0
4,0,5,7,10,14,51,52,34,38,22,12,12,6,9,10,5,11,14,50,32,10,0,1
0,0,0,4,8,24,52,55,53,36,22,11,11,12,9,12,11,5,10,14,14,3,5,0
0,3,0,0,4,24,51,57,53,45,17,14,14,4,9,9,11,0,4,8,13,0,1,3
7,0,0,10,11,44,41,56,52,14,15,14,14,14,12,11,14,9,4,10,9,3,0,0
0,0,0,5,9,19,53,37,33,12,10,8,10,9,10,13,13,3,6,13,0,7,2,1
7,0,0,5,4,12,14,11,14,12,1,3,5,0,1,1,12,11,12,12,7,9,11,7
0,3,10,9,6,11,12,10,3,15,0,0,6,10,5,0,4,0,9,12,7,22,37,13
6,6,0,7,7,17,15,8,5,7,8,7,4,0,8,10,10,6,7,12,13,31,46,16

0,11,10,9,1,1,13,14,11,0,13,35,70,77,80,68,52,50,43,45,22,11,9,8
0,14,13,0,0,0,0,14,0,10,11,83,69,56,50,14,10,51,50,56,36,14,13,13
0,5,0,0,11,56,109,61,69,99,110,63,11,14,31,54,16,31,52,14,9,8,7,12
0,0,0,0,14,56,126,71,62,80,54,11,58,12,4,6,12,40,15,4,11,5,11,10
0,0,0,0,12,22,71,62,59,67,63,79,53,68,55,64,14,58,19,0,1,4,5,0
0,0,0,0,0,12,12,35,59,84,88,95,97,67,85,84,83,58,53,13,24,8,10,10
0,0,4,9,0,5,6,14,73,104,133,143,112,102,109,125,102,84,53,10,38,9,10,9
1,8,0,9,36,0,53,55,85,127,146,160,147,136,144,135,131,98,76,13,14,0,9,0
0,0,0,0,0,13,9,59,106,138,175,191,152,128,153,168,141,89,72,52,6,10,7,4
0,5,0,0,0,32,18,84,111,194,284,245,187,149,168,205,169,113,68,54,12,14,0,0
0,0,0,6,3,12,59,86,140,202,314,250,178,170,183,237,252,130,72,58,14,13,9,2
10,0,4,7,7,13,58,102,130,182,215,164,163,182,172,179,160,101,67,60,10,3,0,1
0,0,0,4,16,12,52,104,126,141,158,167,174,167,161,147,133,102,84,78,29,2,1,8
5,0,0,0,1,6,65,105,124,139,150,148,159,156,146,135,130,106,78,59,13,11,0,0
1,6,0,0,0,1,37,96,118,137,147,156,158,137,107,124,123,76,55,52,14,9,3,0
0,2,11,6,5,1,29,73,100,130,153,176,157,132,127,128,117,67,77,39,10,6,0,0
0,2,0,7,8,2,27,61,73,90,118,157,137,137,123,106,114,102,75,15,9,10,1,6
3,11,4,10,14,22,34,58,74,104,117,125,146,143,134,112,100,58,50,40,29,14,12,1
4,6,10,7,14,31,60,92,114,114,109,146,165,147,179,128,125,109,95,73,14,10,0,0
4,0,1,6,12,52,104,125,132,160,146,191,211,187,190,159,140,92,92,73,71,26,9,3
8,1,0,0,28,55,112,129,145,160,150,192,228,195,195,141,140,127,87,80,45,39,21,11
9,5,3,14,24,57,100,132,166,157,194,178,196,228,191,161,151,137,127,116,72,53,12,9
6,5,10,14,31,71,110,142,176,174,174,167,163,239,174,137,148,130,135,122,80,53,31,16
0,0,10,12,35,102,118,140,160,170,159,152,135,131,122,130,133,136,130,115,101,72,70,14
9,3,8,14,43,103,120,150,148,160,148,140,117,102,104,120,123,128,128,120,112,103,86,36
0,7,11,32,59,109,122,155,142,154,143,124,107,86,102,110,120,125,126,117,101,68,54,34
6,11,5,14,16,86,110,119,141,135,118,107,81,77,75,102,104,109,110,108,94,63,55,33
6,11,11,11,8,92,120,124,132,130,112,81,100,75,96,88,72,108,114,111,103,69,55,35
1,12,14,8,19,47,114,121,129,130,104,63,58,73,60,73,101,107,117,115,109,83,58,38
5,8,7,10,10,46,82,97,106,89,76,56,53,57,55,62,62,74,87,108,100,87,64,12
4,1,10,10,12,21,56,79,114,107,77,51,47,30,20,41,51,66,88,98,71,88,55,14
0,6,6,10,19,32,78,127,117,113,65,53,52,10,12,12,50,61,101,73,86,126,96,33
2,0,3,4,11,19,87,134,93,68,58,51,35,11,11,14,25,52,80,70,65,63,50,13
0,0,0,7,2,13,56,68,85,60,51,37,11,13,2,3,3,14,51,61,63,17,11,3
1,6,6,9,10,9,51,58,55,53,27,14,10,3,4,0,7,0,39,50,42,9,1,0
6,9,3,4,10,8,41,50,54,46,13,11,6,0,5,8,6,3,14,50,29,0,0,0
4,0,5,7,10,14,51,52,34,38,22,12,12,6,9,10,5,11,14,50,33,10,0,1
0,0,0,4,8,25,52,55,53,36,22,11,11,12,9,12,11,5,11,14,14,3,5,0
0,3,0,0,4,25,51,57,53,46,17,14,14,4,9,9,11,0,4,8,13,0,1,3
7,0,0,10,11,43,41,56,51,14,15,14,14,14,12,11,14,9,4,10,10,3,0,0
0,0,0,5,9,19,53,37,33,12,10,8,10,9,10,13,13,3,6,13,0,7,2,1
7,0,0,5,4,12,14,11,15,11,1,3,4,0,0,1,12,11,12,12,7,9,11,7
0,3,10,9,6,11,12,10,3,15,0,0,6,9,5,0,4,1,9,12,8,23,38,13
6,6,0,7,7,17,15,8,5,7,8,7,4,0,8,10,10,6,7,12,13,31,48,15

0,11,10,9,1,1,13,14,11,0,13,36,70,77,80,68,52,50,43,45,22,12,9,9
0,13,13,0,0,0,0,14,0,10,11,82,69,56,50,14,10,51,50,56,36,14,13,13
0,5,0,0,11,56,109,60,69,99,110,62,11,14,31,54,15,30,52,14,8,8,7,12
0,0,0,0,13,55,125,71,62,80,54,11,58,12,4,7,12,41,15,4,11,4,11,10
0,0,0,0,12,22,71,62,59,67,63,79,52,67,54,64,14,58,22,0,1,4,5,0
0,0,0,0,0,12,12,36,59,84,88,93,95,66,84,83,83,58,53,13,25,8,10,10
0,0,4,9,0,6,7,18,73,105,132,139,108,101,106,124,102,84,53,10,38,9,10,9
1,8,0,9,40,0,54,55,87,130,145,156,142,133,142,134,131,99,76,13,14,0,9,0
0,0,0,0,0,13,9,61,110,142,177,189,150,127,152,168,143,91,73,53,7,10,7,4
0,5,0,0,0,35,25,85,115,200,295,248,190,157,167,205,175,115,69,56,12,14,0,0
0,0,0,7,4,12,61,89,145,215,315,237,178,172,181,219,254,139,74,59,14,13,9,2
10,0,4,8,7,13,59,103,132,183,206,162,164,183,172,177,156,100,68,62,10,3,0,1
0,0,0,4,17,12,52,104,126,142,158,168,175,168,162,147,133,102,84,79,32,2,1,8
5,0,0,0,0,5,64,105,124,140,150,148,160,156,146,135,130,106,78,59,13,11,0,0
1,6,0,0,0,0,34,96,117,137,148,157,158,138,107,124,123,76,55,52,14,9,3,0
0,2,10,6,5,1,27,72,99,130,153,176,157,132,128,129,117,67,76,36,10,6,0,0
0,2,0,7,8,1,25,60,73,89,118,158,137,137,123,106,114,102,74,14,9,10,1,6
3,11,4,10,14,21,34,57,74,104,117,125,146,143,134,111,100,57,50,40,28,14,12,1
4,6,10,6,14,30,60,92,113,113,109,146,165,147,179,128,124,108,94,73,14,9,0,0
4,0,1,6,12,51,104,125,131,159,146,192,212,188,190,159,140,91,91,72,71,25,9,3
8,1,0,0,28,55,112,129,145,160,151,192,228,195,195,141,140,127,87,80,45,38,21,11
9,5,3,14,24,57,99,132,166,157,194,178,196,228,191,161,151,137,127,116,72,54,12,9
6,5,10,14,30,71,110,142,176,173,174,168,163,238,174,137,148,129,134,121,79,54,30,16
0,0,10,12,35,102,118,139,159,170,158,151,135,131,122,130,133,136,130,115,101,71,70,14
9,3,8,14,43,102,120,150,148,159,148,140,117,102,104,120,123,128,128,120,112,103,86,36
0,7,10,32,58,109,123,155,142,153,143,124,107,85,102,110,120,125,126,117,101,68,54,33
6,11,5,14,15,86,110,120,141,135,118,107,81,77,75,102,104,109,110,108,94,63,55,33
6,11,11,11,8,92,120,124,132,130,112,80,100,75,95,88,72,108,115,111,103,69,56,33
1,12,14,8,19,47,114,121,129,131,104,63,58,72,60,73,101,107,117,115,109,83,58,39
5,8,7,10,10,46,82,97,106,90,76,56,53,57,55,62,62,74,87,108,100,87,64,12
4,1,10,10,12,22,56,80,115,107,77,51,47,30,20,41,51,66,88,98,71,88,55,14
0,6,6,10,19,32,78,127,117,114,65,53,52,10,12,12,50,61,101,73,86,127,97,31
2,0,3,4,11,19,87,134,93,68,58,51,35,11,11,14,25,52,80,70,65,63,50,13
0,0,0,7,2,13,56,69,86,60,51,37,11,13,2,4,3,14,51,61,63,17,11,3
1,6,6,9,10,9,51,58,55,54,28,14,10,3,4,0,7,0,40,50,43,9,1,0
6,9,3,4,10,8,41,50,54,47,13,11,6,0,5,8,6,3,14,50,29,0,0,0
4,0,5,7,10,14,51,52,34,38,25,12,12,6,9,10,5,11,14,50,33,10,0,1
0,0,0,4,8,25,52,55,53,36,23,11,11,12,9,12,11,5,11,14,14,4,5,0
0,3,0,0,4,25,51,57,53,47,18,14,14,4,9,9,11,0,4,9,13,0,2,3
7,0,0,10,11,43,42,56,51,14,15,14,14,14,12,11,14,9,4,10,10,3,0,0
0,0,0,5,9,19,53,37,33,12,10,8,11,9,10,13,13,3,6,13,0,7,2,1
7,0,0,4,4,12,14,11,15,12,1,3,4,0,0,1,12,11,12,12,8,9,11,7
0,3,10,9,6,11,12,9,3,15,0,0,6,9,5,0,4,0,9,12,8,24,38,13
6,6,0,7,7,16,15,8,5,7,8,7,4,0,8,10,10,6,7,12,13,30,46,15

0,11,10,9,1,1,13,14,11,0,13,36,70,77,80,68,52,50,42,45,21,11,9,9
0,14,13,0,0,0,0,14,0,10,11,82,69,56,50,14,10,51,50,56,36,14,13,13
0,5,0,0,11,56,109,60,69,99,110,62,11,14,30,54,15,29,52,14,9,8,7,12
0,0,0,0,13,56,125,71,62,80,54,11,58,12,4,6,12,41,15,4,11,4,10,10
0,0,0,0,12,22,71,62,60,68,64,80,53,67,55,64,14,58,24,0,1,4,5,0
0,0,0,0,0,12,12,38,60,85,90,97,97,67,85,84,84,58,54,14,25,8,9,10
0,0,4,9,0,6,7,30,76,108,137,145,111,102,108,125,103,86,55,10,39,9,10,9
1,8,0,9,40,0,54,56,91,134,151,162,146,135,145,137,133,101,78,14,15,0,9,0
0,0,0,0,0,13,10,62,111,145,179,190,151,127,152,169,144,93,75,54,7,10,7,4
0,5,0,0,0,34,26,86,115,199,295,244,187,156,165,203,175,116,70,56,12,14,0,0
0,0,0,7,4,12,61,89,145,214,306,230,176,171,180,214,247,139,74,59,14,13,9,1
10,0,4,8,7,13,59,104,132,182,202,161,164,183,173,177,154,98,68,61,10,3,0,1
0,0,0,4,17,11,52,104,125,141,158,169,176,169,163,147,132,101,81,76,27,2,1,8
5,0,0,0,0,4,58,104,122,138,149,149,160,157,147,135,129,105,75,57,13,11,0,0
1,6,0,0,0,0,26,91,116,136,147,158,159,137,108,124,122,74,54,51,13,9,3,0
0,2,10,7,5,0,23,71,98,129,153,178,158,132,129,129,117,66,75,29,9,6,0,0
0,2,0,6,8,1,25,60,72,89,118,158,138,137,123,106,114,101,72,14,9,10,1,6
3,11,4,10,14,21,33,57,73,103,117,125,147,143,135,112,100,57,50,40,27,14,12,1
3,6,10,6,14,30,60,91,113,113,109,146,165,148,179,128,124,108,93,72,14,9,0,0
4,0,0,6,12,50,103,124,131,158,146,193,212,188,190,159,140,91,90,72,71,25,9,3
8,1,0,0,28,55,112,129,145,160,151,193,229,195,195,141,139,126,87,80,44,38,21,11
9,5,3,14,24,57,99,131,166,157,195,179,196,228,191,161,151,137,127,115,72,53,12,9
6,5,10,14,30,71,110,142,176,174,174,168,163,239,174,137,148,129,134,121,78,53,30,16
0,0,10,12,33,102,118,139,159,170,159,152,135,131,122,130,133,136,130,115,101,71,70,14
9,3,9,14,43,102,120,150,148,160,148,140,117,102,104,120,123,128,128,120,112,103,86,35
0,7,10,32,58,109,122,155,143,154,143,124,107,85,102,110,120,125,126,117,101,67,54,33
6,11,5,14,15,85,110,120,141,135,118,107,81,78,75,102,104,109,110,108,94,63,55,33
6,12,11,11,8,92,120,124,132,130,112,80,100,75,96,88,72,108,114,111,103,69,56,33
1,12,14,8,19,47,114,121,129,131,104,63,58,73,60,74,101,107,117,115,109,84,57,39
5,8,7,10,10,46,82,97,106,89,76,56,53,57,55,62,62,74,87,108,100,87,64,12
4,1,10,10,12,22,56,80,115,107,77,51,47,30,20,42,51,66,88,98,71,88,55,14
0,6,6,10,19,32,78,127,117,113,65,53,52,10,12,12,50,61,101,73,86,127,97,32
2,0,3,4,11,19,87,134,93,68,59,51,35,11,11,14,25,52,80,70,65,64,50,13
0,0,0,7,2,14,57,68,85,60,51,37,11,13,2,3,3,14,51,61,63,17,12,3
1,6,6,9,10,9,51,58,55,54,28,14,10,3,4,0,7,0,39,51,42,9,1,0
6,9,3,4,10,8,41,50,54,47,13,11,6,0,5,8,6,3,14,50,31,0,0,0
4,0,5,7,10,14,51,52,34,39,23,12,12,6,9,10,5,11,14,50,33,10,0,1
0,0,0,4,8,24,52,55,53,36,23,11,11,12,9,12,11,5,11,14,14,3,5,0
0,3,0,0,4,25,51,57,53,48,17,14,14,4,9,9,11,0,4,9,13,0,2,2
7,0,0,10,11,43,42,56,51,14,17,14,14,14,12,11,14,9,4,10,10,3,0,0
0,0,0,5,9,19,53,37,32,12,10,8,11,9,10,13,13,3,6,13,0,7,3,1
7,0,0,5,4,12,14,11,15,12,2,3,4,0,1,1,12,11,12,12,8,9,11,7
0,3,10,9,6,11,12,9,3,15,0,0,6,10,5,0,4,0,9,12,7,23,39,13
6,6,0,7,7,16,15,8,5,7,8,7,4,0,8,10,10,6,7,12,13,30,48,15

0,11,10,9,1,1,13,14,11,0,13,35,70,77,80,67,52,50,43,45,21,11,9,8
0,14,13,0,0,0,0,14,0,10,11,82,69,56,50,14,10,51,50,56,36,14,13,13
0,5,0,0,11,56,109,60,69,98,110,63,11,14,31,54,15,30,52,14,8,8,7,12
0,0,0,0,13,56,125,71,62,80,55,11,59,12,4,7,12,42,15,4,11,4,10,10
0,0,0,0,12,22,72,62,60,68,64,81,53,68,55,64,14,58,24,0,1,4,5,0
0,0,0,0,0,12,11,38,60,86,91,98,98,67,85,84,84,58,54,14,26,8,9,10
0,0,4,9,0,7,8,33,76,109,138,147,112,103,109,125,103,86,55,10,38,10,10,9
1,8,0,9,43,0,55,56,92,136,153,165,148,136,146,137,133,101,78,14,19,0,10,0
0,0,0,0,0,13,10,63,112,146,183,194,153,129,154,172,146,93,75,54,7,10,7,4
0,5,0,0,0,35,28,87,116,202,300,247,188,157,167,206,177,117,70,57,12,14,0,0
0,0,0,7,4,12,61,90,147,217,309,230,175,171,180,216,254,141,75,60,15,13,9,2
10,0,4,8,7,13,59,104,132,183,202,160,162,182,172,176,154,100,68,62,10,4,0,1
0,0,0,4,17,11,52,104,125,141,157,167,175,168,162,146,132,101,82,77,29,3,0,9
5,0,0,0,0,4,61,104,122,138,149,148,159,155,146,135,129,105,75,56,13,12,0,0
1,5,0,0,0,0,28,91,116,136,147,157,157,136,107,123,122,73,54,51,13,8,3,0
0,2,10,7,4,1,25,71,97,129,152,176,156,131,128,128,116,66,73,29,8,6,0,0
0,2,0,6,8,1,24,60,72,88,117,157,137,136,123,105,113,101,71,14,9,10,1,6
3,11,4,10,14,21,33,57,73,103,116,125,146,142,134,111,99,57,49,40,28,14,12,1
4,6,10,6,14,30,60,91,113,113,109,146,165,147,178,128,124,108,93,72,14,9,0,0
4,0,1,6,12,51,103,125,131,158,146,192,212,188,190,158,140,91,91,72,71,25,9,3
8,1,0,0,28,55,111,129,145,159,151,193,229,195,195,141,140,127,87,80,45,39,21,11
9,5,3,14,24,57,99,131,166,158,194,179,197,229,192,161,151,137,127,115,72,53,12,9
6,5,10,14,30,71,110,142,176,173,174,168,163,239,174,137,148,129,134,121,79,54,30,16
0,0,10,12,33,102,118,139,159,170,159,152,135,131,122,130,133,136,130,115,101,71,70,14
9,3,8,14,43,103,120,150,148,160,148,140,117,102,104,120,123,128,128,120,112,103,87,35
0,7,10,32,58,109,123,155,142,154,143,124,107,85,102,110,120,125,126,117,101,67,54,34
6,11,5,14,15,85,110,120,141,135,118,107,81,77,74,102,104,109,110,108,94,63,55,33
6,11,11,11,8,92,120,124,132,130,112,80,100,75,95,88,72,108,114,112,103,69,56,34
1,12,14,8,19,47,114,121,129,130,104,63,58,73,60,73,101,107,117,115,109,84,57,38
5,8,7,10,10,46,82,97,106,89,76,56,53,57,55,62,62,74,87,108,100,87,64,12
4,1,10,10,12,22,56,80,114,107,77,51,47,30,20,42,51,66,88,98,71,87,55,14
0,6,6,10,19,32,78,127,117,113,66,53,52,10,12,12,50,61,101,73,86,127,97,32
2,0,3,4,11,19,87,134,93,68,58,51,35,11,11,14,25,52,80,70,65,64,50,13
0,0,0,7,2,13,56,68,86,60,51,37,11,13,2,4,3,14,51,61,63,17,12,3
1,6,6,9,10,9,51,58,55,54,28,14,10,4,4,0,7,0,39,50,42,9,1,0
6,9,3,4,10,8,41,50,54,47,13,11,6,0,5,8,6,3,14,50,30,0,0,0
4,0,5,7,10,14,51,52,34,39,25,12,12,6,9,10,5,11,14,50,33,10,0,1
0,0,0,4,8,24,52,55,53,36,23,11,11,12,9,12,11,5,11,14,14,3,5,0
0,3,0,0,4,24,51,57,53,47,17,14,14,4,9,9,11,0,4,9,13,0,2,2
7,0,0,10,11,42,42,56,52,14,15,14,14,14,12,11,14,9,4,10,10,3,0,0
0,0,0,5,9,19,53,38,33,12,11,8,11,9,11,13,13,3,6,13,0,7,2,2
7,0,0,5,4,12,14,11,15,12,2,3,4,0,1,1,12,11,12,12,8,10,11,7
0,3,10,9,6,11,12,9,3,16,0,0,6,10,5,0,4,0,9,12,7,24,38,13
6,6,0,7,7,16,15,8,5,7,8,7,4,0,8,10,10,6,7,12,13,30,48,15

0,11,10,9,1,1,13,14,11,0,13,35,70,77,80,67,52,50,41,44,21,11,9,8
0,14,13,0,0,0,0,14,0,10,11,82,69,56,50,14,10,51,50,55,36,14,13,13
0,5,0,0,11,57,109,61,70,99,110,62,11,14,31,54,15,29,52,14,9,8,7,12
0,0,0,0,14,56,126,71,62,80,55,11,59,12,4,7,12,40,15,4,11,5,11,10
0,0,0,0,12,22,72,62,60,68,64,82,54,68,55,64,14,58,22,0,1,4,5,0
0,0,0,0,0,12,12,36,60,85,91,98,99,68,85,84,83,58,53,14,24,8,10,10
0,0,4,9,0,6,7,26,75,108,137,147,114,103,108,124,102,84,53,10,36,10,10,9
1,8,0,9,39,0,54,55,89,132,150,166,150,137,145,135,131,98,76,13,15,0,10,0
0,0,0,0,0,12,10,61,109,143,179,194,153,129,153,169,142,90,73,53,6,10,7,4
0,5,0,0,0,32,21,85,113,197,294,247,186,152,168,205,170,114,69,55,12,14,0,0
0,0,0,7,4,11,60,87,142,209,315,241,178,172,183,232,256,132,73,59,14,13,9,2
10,0,4,8,7,13,58,103,131,184,209,163,164,183,173,178,158,101,67,61,10,4,0,1
0,0,0,4,16,11,52,104,126,142,158,168,175,169,162,147,133,102,82,78,31,3,0,8
5,0,0,0,0,5,65,105,124,140,150,149,160,157,146,135,130,106,77,58,13,11,0,0
1,6,0,0,0,0,35,95,117,137,147,157,158,138,108,124,123,75,55,52,14,9,3,0
0,2,10,6,4,1,31,73,99,130,153,177,158,132,129,129,117,67,76,39,9,6,0,0
0,2,0,7,8,1,25,60,73,89,118,158,138,137,123,106,114,102,74,15,9,10,1,6
3,11,4,10,14,21,33,57,74,103,117,126,147,143,135,112,100,58,50,40,28,14,12,1
4,6,10,6,14,30,60,91,113,113,109,146,165,148,179,128,125,108,94,73,14,9,0,0
4,0,1,6,12,51,103,125,131,158,146,192,212,188,190,159,140,91,91,72,71,25,9,3
8,1,0,0,28,55,111,129,145,159,150,192,228,195,195,141,140,127,87,80,45,39,20,11
9,5,3,14,24,57,99,131,165,157,194,178,196,228,191,160,151,137,127,116,72,53,12,9
6,5,10,14,30,71,110,142,176,173,174,167,163,238,174,137,148,129,134,121,79,54,30,16
0,0,10,12,35,102,118,139,159,170,159,151,135,131,122,130,133,136,130,115,101,71,71,14
9,3,8,14,43,103,120,150,148,159,148,140,117,102,104,120,123,128,127,120,112,103,86,35
0,7,10,32,58,109,123,155,143,153,143,124,107,88,102,109,120,125,126,117,101,68,54,33
6,11,5,14,16,86,110,120,141,135,118,107,81,77,75,102,104,109,110,108,94,63,55,33
6,11,11,11,8,92,120,124,132,130,112,81,100,75,96,88,72,108,114,111,103,69,56,35
1,12,14,8,19,47,114,121,129,130,104,63,58,72,59,73,101,107,117,115,109,83,58,38
5,8,7,10,10,47,82,97,106,89,76,56,53,57,55,62,62,74,87,108,100,87,64,12
4,1,10,10,12,21,56,80,114,107,77,50,47,30,20,41,51,66,88,98,71,88,55,14
0,6,6,10,19,32,78,127,117,113,65,53,52,10,12,12,50,61,101,73,86,127,97,31
2,0,3,4,11,19,87,133,93,68,58,51,35,11,11,14,25,52,80,70,65,63,50,13
0,0,0,7,2,14,57,68,85,60,51,37,11,13,2,4,3,14,51,61,63,17,12,3
1,6,6,9,10,9,51,58,55,53,28,15,10,3,4,0,7,0,38,50,42,9,1,0
6,9,3,4,10,8,41,50,54,46,13,11,7,0,5,8,6,3,14,50,30,0,0,1
4,0,5,7,10,14,51,52,34,39,22,12,12,6,9,10,5,11,14,50,34,10,0,1
0,0,0,4,8,25,52,55,53,36,23,11,11,12,9,12,11,5,11,14,14,3,5,0
0,3,0,0,4,25,51,57,53,46,17,14,14,4,9,9,11,0,4,9,13,0,2,3
7,0,0,10,11,43,42,56,52,14,16,14,14,14,12,11,14,9,4,10,10,3,0,0
0,0,0,5,9,20,53,37,32,12,10,8,11,9,10,13,13,3,6,13,0,7,2,1
7,0,0,5,4,12,14,11,15,12,1,3,4,0,1,1,12,11,12,12,8,10,11,7
0,3,10,9,6,11,12,10,4,16,0,0,6,10,5,0,4,0,9,12,7,23,37,13
6,6,0,7,7,17,16,8,5,7,8,7,4,0,8,10,10,6,7,12,13,32,49,15

0,11,10,9,2,1,13,14,11,0,13,36,71,77,80,67,52,50,42,44,21,11,9,9
0,14,13,0,0,0,0,14,0,10,11,82,69,56,50,14,10,51,50,56,35,14,13,13
0,5,0,0,11,57,110,61,70,99,110,63,11,14,31,54,15,30,52,14,9,8,7,12
0,0,0,0,14,56,127,71,62,80,55,11,59,12,4,7,12,40,15,4,11,5,11,11
0,0,0,0,12,23,72,62,59,67,64,80,53,68,55,64,14,57,20,0,1,4,6,1
0,0,0,0,0,12,12,34,60,84,88,95,97,67,85,83,82,57,53,14,22,8,10,10
0,0,4,9,0,5,6,19,73,104,131,141,112,102,108,124,101,83,53,9,35,9,10,10
1,8,0,8,35,0,53,55,85,126,144,159,147,136,144,133,130,96,75,13,14,0,10,1
0,0,0,0,0,12,9,60,106,138,175,191,152,129,153,168,140,88,72,52,6,10,7,4
0,5,0,0,0,29,17,84,111,195,287,247,188,150,171,205,166,112,68,54,11,14,0,0
0,0,0,7,4,11,59,86,138,202,322,259,181,173,187,249,249,125,71,58,14,13,9,2
10,0,4,8,7,13,57,102,130,184,222,167,165,184,174,181,162,100,66,60,9,3,0,1
0,0,0,4,16,11,52,104,126,142,160,170,176,170,163,148,134,102,82,78,31,3,0,9
5,0,0,0,0,6,67,105,125,140,151,149,161,158,147,136,130,106,78,59,14,11,0,0
1,6,0,0,0,2,40,98,118,138,148,158,159,138,108,125,123,76,55,52,14,9,2,0
0,2,10,6,4,2,34,73,100,130,153,177,158,133,129,129,117,67,77,44,10,6,0,0
0,2,0,7,8,2,28,61,73,90,118,159,139,138,124,107,114,102,76,17,9,10,1,6
3,11,4,10,14,22,34,58,74,105,117,126,147,143,135,112,101,58,50,40,29,14,12,1
4,6,10,6,14,30,60,91,113,114,109,146,165,148,179,128,125,108,94,73,14,9,0,0
4,0,1,6,12,51,103,125,131,159,146,192,211,188,190,159,140,91,92,72,71,25,9,3
8,1,0,0,28,55,111,129,145,159,150,192,228,194,194,141,139,127,87,80,44,39,21,11
9,5,3,14,24,57,99,131,165,157,194,178,196,227,191,160,151,137,127,115,72,53,12,9
6,5,10,14,30,71,110,142,175,173,174,167,162,238,173,137,148,129,134,121,79,53,30,16
0,0,10,12,35,102,118,140,159,170,159,151,134,131,122,130,133,136,130,115,101,72,71,14
9,3,8,14,43,103,120,150,148,159,148,140,117,102,104,120,123,128,127,120,112,103,86,36
0,7,10,32,59,109,123,155,142,153,143,124,107,86,102,110,120,125,126,117,101,68,54,33
6,11,5,14,15,86,110,119,141,135,118,107,81,78,75,102,104,109,110,108,94,63,55,33
6,11,11,11,8,92,120,124,132,130,112,81,100,75,96,88,72,108,114,111,103,69,55,35
1,12,14,8,19,47,114,121,129,130,104,63,58,72,60,73,101,107,117,115,109,83,58,38
5,8,7,10,10,47,82,97,106,89,76,56,53,57,54,62,62,74,87,108,100,87,64,12
4,1,10,10,12,23,56,79,115,107,77,51,47,30,20,42,51,66,88,98,71,88,55,14
0,6,6,10,19,32,78,127,117,113,65,53,52,10,12,12,50,61,101,73,86,127,96,29
2,0,3,4,11,19,87,133,93,68,58,51,35,11,11,14,25,52,80,70,65,63,50,13
0,0,0,7,2,13,56,68,85,60,51,37,11,13,2,4,3,14,51,61,63,16,12,3
1,6,6,9,10,9,51,58,55,53,28,14,10,3,4,0,7,0,39,50,42,9,1,0
6,9,3,4,10,8,41,50,54,46,13,11,7,0,5,8,6,4,14,50,29,0,0,0
4,0,5,7,10,14,51,52,34,38,22,12,12,6,9,10,5,11,14,50,34,10,0,1
0,0,0,4,8,25,52,55,53,36,23,11,11,12,9,12,11,5,11,14,14,3,5,0
0,3,0,0,4,24,51,57,53,45,17,14,14,4,9,9,11,0,4,8,13,0,2,3
7,0,0,10,11,43,42,56,52,14,14,14,14,14,12,11,14,9,4,10,10,3,0,0
0,0,0,5,9,19,53,37,33,12,10,8,11,9,10,13,13,3,6,13,0,7,2,1
7,0,0,5,4,12,14,11,15,12,1,3,4,0,0,1,12,11,12,12,7,9,11,7
0,3,10,9,6,11,12,10,3,15,0,0,6,10,5,0,4,0,9,12,7,24,37,13
6,6,0,7,7,17,16,8,5,7,8,7,4,0,8,10,10,6,7,12,13,30,48,15
