5,0,0,0,0,0,0,8,65,58,9,1,0,0,0,0,0,0,7,17,53,55,57,73
10,0,0,0,0,0,0,0,4,0,0,0,0,0,0,0,0,0,0,10,33,79,126,137
55,10,0,0,0,0,2,3,9,0,9,0,0,0,0,0,0,8,6,17,30,62,90,95
50,35,22,11,28,31,10,11,11,58,27,13,8,6,2,10,3,11,14,50,52,53,58,15
18,13,23,58,68,79,73,64,100,105,90,82,103,64,57,55,45,41,34,31,8,31,28,1
9,20,49,57,66,81,98,126,136,102,121,145,141,99,82,54,50,29,42,34,10,10,8,0
8,13,42,58,63,85,135,149,151,117,123,175,176,145,96,63,53,57,46,7,10,14,0,0
7,1,18,57,67,113,149,170,162,140,125,176,167,143,112,62,56,56,9,54,13,0,1,0
4,10,36,29,61,92,127,175,182,160,123,169,186,149,106,67,10,14,9,0,0,0,0,0
0,4,8,28,59,82,130,180,218,180,146,193,235,233,146,72,60,11,6,8,0,3,7,0
0,2,2,12,62,83,128,226,270,199,167,175,217,233,161,101,62,12,11,1,8,0,0,0
0,0,0,11,62,71,109,197,203,176,175,156,157,198,154,107,60,13,0,0,8,6,0,10
0,0,0,8,67,89,105,132,144,155,161,162,156,147,129,109,75,3,4,9,5,0,0,0
0,0,3,9,59,80,107,127,130,141,150,150,143,143,130,114,94,11,3,6,0,0,0,5
0,0,0,2,52,57,76,120,118,99,129,147,148,140,130,111,57,13,3,9,0,5,3,2
0,0,0,0,41,78,67,115,124,120,123,146,163,144,123,88,61,14,9,2,0,12,1,0
0,0,0,3,12,82,101,112,101,116,128,129,146,109,84,67,51,13,7,10,6,0,4,0
0,4,13,29,42,51,58,95,104,123,134,136,110,105,97,61,42,16,18,15,8,7,12,2
0,2,9,40,74,91,108,122,123,167,142,156,135,99,104,102,67,49,29,13,5,9,6,5
0,6,39,77,79,94,91,136,150,175,171,195,177,134,141,119,114,96,53,12,5,2,0,6
8,19,39,43,79,92,131,140,132,184,179,214,179,140,147,134,119,101,44,27,0,0,0,7
10,14,48,70,118,135,138,165,168,178,229,178,171,191,150,153,115,74,42,17,12,5,6,8
14,25,45,69,126,145,135,163,148,172,250,147,179,181,178,171,132,94,51,22,11,9,6,6
10,50,65,92,121,138,145,136,147,126,124,147,166,169,184,157,131,106,59,10,11,11,0,0
24,63,101,110,123,134,141,135,126,110,105,133,164,161,160,166,122,103,43,25,12,7,0,8
12,44,60,83,120,132,137,134,114,105,101,123,146,159,155,167,125,101,50,25,26,11,1,0
3,44,50,77,109,115,116,111,105,12,84,104,121,127,153,125,107,70,15,14,12,2,9,4
10,34,55,102,113,122,115,93,100,84,37,107,110,136,130,123,106,58,12,12,10,8,12,5
12,39,58,101,113,125,121,107,78,61,81,82,101,128,129,118,101,13,12,13,14,14,12,3
10,14,37,66,102,101,101,75,61,52,68,75,81,91,83,84,34,20,10,10,10,10,10,7
13,13,45,58,93,102,86,59,48,24,51,79,83,103,110,70,20,20,22,11,12,10,4,4
9,14,59,103,121,107,68,55,52,55,88,76,87,110,118,74,11,12,22,10,3,9,6,0
10,12,45,68,90,103,57,52,46,26,50,54,65,129,137,56,13,14,11,7,1,3,2,3
3,7,6,46,74,63,52,13,13,11,15,51,64,93,86,50,12,5,9,3,4,4,0,0
0,0,4,10,19,46,32,12,4,0,13,12,51,56,58,15,11,0,12,5,9,8,3,0
1,0,0,3,11,14,15,11,0,9,6,12,49,54,58,30,13,6,4,7,11,4,6,0
0,0,5,3,11,14,14,5,14,11,11,14,50,58,51,25,13,1,0,5,5,5,0,0
0,0,0,8,10,8,3,12,11,11,12,18,44,50,48,41,9,0,7,0,0,0,0,0
0,0,0,0,0,0,0,12,8,5,2,20,33,52,54,14,30,6,0,2,0,0,4,0
0,0,0,0,0,0,3,12,10,5,9,31,52,53,51,12,5,8,11,12,9,0,0,8
0,0,0,0,6,0,0,8,8,2,0,14,14,46,28,13,9,10,9,11,9,0,0,0
3,3,0,0,8,5,10,13,0,0,7,12,44,40,23,24,9,11,8,7,8,5,2,7
1,8,0,0,8,9,0,5,0,5,11,13,41,37,27,7,6,2,7,0,8,10,6,0
0,0,4,5,12,13,11,8,10,6,2,6,28,23,12,5,5,6,0,0,4,0,5,7

5,0,0,0,0,0,0,9,70,60,11,5,0,0,0,0,0,0,7,18,53,55,57,73
10,0,0,0,0,0,0,0,5,1,1,1,0,0,0,0,0,0,0,10,33,78,126,137
54,9,2,0,0,0,3,4,10,0,9,0,0,0,0,0,0,8,7,22,31,61,89,94
50,34,19,11,35,36,11,12,11,58,31,14,9,7,4,10,4,12,14,50,52,54,58,14
19,14,26,58,69,79,74,65,100,105,90,83,103,65,58,55,47,43,34,32,8,31,29,1
9,20,50,57,66,82,100,128,138,104,123,148,144,101,83,55,51,32,44,35,10,11,8,0
8,13,42,58,63,85,137,152,153,117,125,176,178,147,97,63,53,58,48,7,10,14,0,0
7,1,20,57,67,114,151,171,162,139,125,174,165,143,113,62,56,56,10,54,13,0,1,0
4,10,37,30,61,94,128,173,181,158,123,169,185,149,107,68,10,14,9,0,0,0,0,0
0,4,8,30,59,83,131,180,217,179,145,195,237,234,147,73,61,11,6,8,0,2,7,0
0,2,2,12,63,84,130,229,264,194,166,178,217,234,162,103,63,12,11,1,7,0,0,0
0,0,0,11,62,72,112,197,198,175,176,158,158,197,155,108,61,14,0,0,7,6,0,10
0,0,0,9,68,91,105,132,144,155,161,163,157,148,130,109,76,4,4,8,5,0,0,0
0,0,4,10,59,80,107,127,130,141,150,151,143,143,130,115,95,11,3,6,0,0,0,5
0,0,0,3,52,57,76,120,118,99,129,147,147,140,130,110,58,13,3,9,0,5,2,2
0,0,0,0,35,78,67,115,124,120,122,145,163,144,123,87,61,14,8,2,0,12,1,0
0,0,0,4,12,81,101,112,101,115,128,128,146,109,84,67,51,13,7,10,6,0,3,0
0,4,13,29,42,50,57,94,104,123,134,136,110,104,96,61,42,15,17,14,8,6,12,2
0,1,8,38,74,89,107,121,123,167,142,156,135,99,103,102,67,48,28,13,5,9,6,5
0,5,38,77,78,93,91,136,149,175,170,194,176,133,140,118,113,94,52,12,5,2,0,6
7,19,39,43,79,92,131,140,131,182,177,212,178,139,147,134,119,101,43,27,0,0,0,7
10,14,46,69,117,135,138,164,167,177,228,177,170,190,149,152,115,74,41,17,12,5,6,8
14,25,45,68,126,144,135,162,147,171,249,147,178,180,177,170,131,93,51,25,10,9,6,6
10,48,64,91,121,138,145,136,147,126,124,146,166,168,183,156,131,106,59,11,11,11,0,0
25,63,100,110,123,134,141,134,126,110,105,133,164,161,160,166,122,103,42,25,12,7,0,8
12,44,59,82,120,132,137,134,114,105,101,123,146,158,155,167,125,101,50,25,26,11,1,0
3,45,50,77,109,115,116,111,105,12,85,104,121,127,153,125,107,70,15,14,12,2,9,4
10,34,55,102,113,122,115,93,100,84,38,107,110,136,130,123,106,60,13,12,10,8,12,5
12,40,59,101,113,125,121,107,78,61,81,82,100,128,129,118,101,13,12,13,14,14,12,3
10,14,37,66,102,101,101,75,61,52,69,75,80,91,83,84,34,20,10,10,10,10,9,7
13,13,45,58,93,102,86,59,48,24,51,79,82,103,110,70,20,21,22,11,12,10,4,4
9,14,59,103,122,107,68,54,52,55,87,76,87,110,118,75,11,12,22,10,3,9,6,0
10,12,46,69,91,103,57,52,49,27,51,54,65,129,138,57,13,14,11,7,1,2,2,3
3,7,6,47,75,63,52,14,14,12,15,51,64,93,86,50,12,5,9,3,4,4,0,0
0,0,4,10,20,47,35,12,5,0,13,13,51,57,58,15,12,0,12,5,9,8,3,0
1,0,0,3,11,15,16,12,0,9,7,12,49,54,58,32,13,6,4,7,11,4,6,0
0,0,5,3,11,14,14,6,16,11,11,14,50,58,51,25,13,1,0,5,5,5,0,0
0,0,0,8,11,8,3,12,11,11,12,18,43,50,49,41,9,0,7,0,0,0,0,0
0,0,0,0,0,0,0,13,9,6,2,21,34,52,55,15,30,6,0,2,0,0,4,0
0,0,0,0,0,0,3,12,10,6,9,32,52,53,51,12,5,8,11,12,9,0,0,8
0,0,0,0,6,0,0,9,8,2,0,14,14,50,28,13,9,10,9,11,9,0,0,0
3,4,0,0,8,5,10,13,0,0,7,12,45,40,25,23,8,11,8,7,8,5,2,6
1,8,0,0,8,9,0,5,0,5,11,13,43,38,27,7,6,2,7,0,8,10,6,0
0,0,4,6,12,13,11,8,10,6,2,6,28,24,12,5,5,6,0,0,4,0,5,7

5,0,0,0,0,0,0,9,68,60,11,6,0,0,0,0,0,0,7,19,53,55,57,73
10,0,0,0,0,0,0,0,5,1,1,1,0,0,0,0,0,0,0,10,33,78,126,138
55,9,3,0,0,0,3,4,10,0,9,0,0,0,0,0,0,8,7,22,34,62,89,95
50,35,20,12,37,38,11,12,11,56,29,14,9,8,5,11,4,12,14,51,52,53,58,14
19,14,29,59,70,81,74,66,100,105,90,84,105,67,60,56,48,45,34,32,8,31,30,1
9,23,50,58,67,85,102,131,141,105,123,150,147,105,86,56,52,35,45,35,10,11,9,0
8,13,45,59,65,88,142,157,156,117,124,179,184,152,101,64,54,58,50,7,10,14,0,0
7,1,24,57,68,116,156,175,164,139,124,175,170,148,118,63,56,56,10,54,13,0,1,0
4,10,38,31,62,96,131,177,183,157,122,166,185,152,110,70,10,16,9,0,0,0,0,0
0,4,8,32,60,84,133,182,215,176,143,192,234,240,153,74,62,12,6,7,0,2,6,0
0,3,4,13,63,86,133,237,266,191,166,173,210,238,170,106,65,12,12,1,6,0,0,0
0,0,0,12,63,72,113,194,196,175,176,159,156,194,158,109,62,14,0,0,7,6,0,9
0,0,0,9,69,91,106,133,145,157,163,165,158,149,131,110,78,5,4,9,5,0,0,0
0,0,4,10,59,80,107,128,131,141,151,152,144,144,130,115,96,11,3,5,0,0,0,4
0,0,0,4,53,57,76,120,119,100,130,148,148,141,131,111,57,13,3,8,0,3,2,2
0,0,0,0,41,77,67,115,124,120,123,146,164,144,123,87,60,14,8,2,0,12,1,0
0,0,0,5,11,80,101,111,101,116,128,129,146,109,84,67,51,13,7,9,6,0,3,0
0,4,13,30,42,50,57,94,104,123,134,136,110,104,96,60,42,14,16,14,8,6,12,2
0,0,8,32,73,88,107,121,122,167,142,155,135,98,102,101,65,46,25,12,5,9,5,5
0,4,35,76,77,91,90,135,148,174,169,193,175,132,139,117,112,91,50,11,5,1,0,5
7,18,38,43,79,91,130,139,130,181,176,210,177,139,146,132,118,100,42,26,0,0,0,7
10,14,46,69,117,134,137,163,165,176,227,175,169,189,148,149,114,72,41,16,12,4,5,8
14,25,45,68,125,144,135,161,146,169,247,146,177,180,176,168,130,92,50,22,10,9,6,6
10,50,64,91,121,137,145,136,146,125,123,146,165,168,182,156,130,106,58,11,11,11,0,0
24,61,100,110,123,134,140,134,126,110,105,133,163,160,159,165,121,103,42,24,12,7,0,8
12,46,58,82,120,132,137,134,114,105,101,123,146,158,155,166,125,101,49,24,26,11,1,0
3,45,50,76,109,115,116,111,105,12,85,104,122,127,153,125,107,73,15,14,12,2,9,4
10,34,55,102,113,122,115,93,99,83,38,107,110,136,130,123,106,58,12,12,10,8,12,5
12,40,59,101,113,125,121,107,78,61,81,82,101,128,129,118,101,13,12,13,14,14,12,3
10,14,38,67,102,101,101,75,61,52,69,75,80,91,83,85,34,21,10,10,10,10,9,6
13,13,46,58,94,103,86,59,48,24,51,79,83,103,110,70,20,21,22,11,12,10,4,4
10,14,59,104,122,107,68,54,51,54,86,76,87,110,118,75,11,12,22,10,3,9,5,0
10,13,48,70,93,103,57,52,46,25,50,54,65,129,139,57,13,14,11,7,1,3,2,2
3,7,6,50,76,64,52,14,14,12,16,51,64,94,88,51,12,5,9,3,4,4,0,0
0,0,5,11,23,48,34,12,4,0,13,13,51,57,58,16,12,0,12,5,9,8,2,0
1,0,0,3,11,16,18,11,0,9,7,12,49,54,58,32,13,6,5,7,11,4,6,0
0,0,5,3,12,15,14,6,16,11,11,15,50,58,52,25,13,0,0,5,5,5,0,0
0,0,0,8,11,9,4,13,12,11,12,20,45,51,49,44,9,0,8,0,0,0,0,0
0,0,0,0,0,0,0,13,9,6,2,21,34,52,55,17,30,6,0,2,0,0,4,0
0,0,0,0,0,0,4,13,10,6,9,32,52,54,51,12,5,8,11,12,9,0,0,8
0,0,0,0,7,0,0,9,9,2,0,14,14,50,31,13,9,10,9,11,9,0,0,0
3,4,0,0,9,6,11,13,0,0,7,12,44,42,26,23,7,10,8,7,7,5,2,6
1,8,0,0,8,9,0,6,0,5,11,13,41,37,27,6,4,2,7,0,8,10,6,0
0,0,4,6,12,13,11,8,10,6,2,6,28,24,12,5,5,6,0,0,4,0,5,7

6,0,0,0,0,0,0,0,0,7,0,0,0,0,0,0,0,0,9,36,56,57,60,80
11,0,0,0,0,2,0,0,0,0,0,0,0,0,0,0,1,0,0,12,47,86,129,145
59,11,9,0,0,5,7,0,0,0,0,0,0,0,0,0,0,11,10,22,35,63,97,105
53,42,28,14,39,38,12,12,8,11,7,11,7,5,6,11,4,13,14,50,52,55,61,50
29,22,33,60,72,81,75,63,90,100,76,69,93,60,54,55,48,47,35,32,10,32,34,3
10,26,50,58,68,86,100,123,130,92,100,128,130,94,81,54,53,43,46,35,11,12,10,0
8,14,48,59,64,89,140,153,152,116,114,159,171,143,96,64,54,60,50,8,11,15,0,0
8,3,35,58,67,114,156,178,173,155,126,173,171,143,111,62,57,58,11,54,13,0,0,0
5,11,42,35,62,95,132,185,189,165,121,157,185,152,108,68,10,17,9,0,0,0,0,0
0,5,10,36,60,85,137,187,220,181,148,187,225,239,149,71,61,11,7,7,0,1,6,0
0,6,6,14,63,86,136,245,288,194,163,164,197,232,169,103,63,12,12,1,6,0,0,0
1,0,1,12,62,72,111,190,199,175,176,157,153,189,153,108,61,14,0,0,7,6,0,9
0,1,0,10,70,92,106,134,146,159,164,166,159,149,130,109,77,5,4,9,5,0,0,0
0,0,5,11,60,81,107,128,132,142,152,153,144,144,130,114,95,11,4,6,0,0,0,5
0,0,0,5,53,57,76,121,119,100,130,148,148,141,130,111,57,13,4,9,0,5,2,2
0,0,0,1,50,78,68,115,124,120,123,146,164,144,122,87,61,14,9,3,0,12,1,0
0,0,0,6,12,82,101,111,101,115,128,128,146,109,84,67,51,13,7,9,6,0,3,0
0,4,13,32,42,50,57,94,104,123,134,136,110,104,95,60,41,14,16,14,8,6,12,2
0,0,8,33,73,89,107,121,122,166,141,155,135,98,102,100,64,45,24,12,5,9,5,5
0,3,37,78,77,91,90,135,148,174,169,192,174,132,139,117,111,89,47,11,5,1,0,5
7,18,39,43,79,92,130,139,130,180,176,209,176,139,145,132,117,100,41,25,0,0,0,7
10,14,46,69,117,134,137,163,165,176,227,174,168,188,147,148,113,71,40,15,12,4,5,8
13,25,45,68,125,144,135,160,146,168,246,146,176,179,175,167,129,90,50,21,9,9,6,6
10,50,65,92,121,137,145,136,146,125,123,146,165,167,181,155,129,106,58,11,11,11,0,0
23,61,101,110,123,134,140,134,126,110,105,133,163,160,159,164,121,103,42,24,12,7,0,8
12,44,60,83,120,132,137,134,114,105,101,123,146,158,155,166,124,101,49,24,25,11,1,0
3,45,50,77,109,115,116,111,105,12,86,104,121,127,153,125,107,70,14,14,12,2,9,4
10,35,55,103,113,122,115,93,99,82,40,107,109,136,130,123,106,57,12,12,10,8,12,5
12,40,60,101,113,125,121,107,77,61,81,82,101,128,129,118,101,13,12,13,14,13,12,3
10,15,41,67,103,102,101,75,61,52,69,75,80,91,83,84,34,20,10,10,10,10,9,6
13,13,48,58,94,103,87,60,48,23,51,79,83,104,110,70,20,21,22,10,12,10,4,4
10,14,59,105,123,108,68,54,51,55,88,76,87,110,118,75,11,12,22,10,3,8,5,0
10,13,49,70,94,103,57,52,46,26,51,54,65,129,139,57,14,14,11,7,1,3,1,2
3,8,6,50,76,64,52,14,14,12,18,51,64,94,87,51,12,5,9,3,4,4,0,0
0,0,5,11,23,49,35,12,5,0,13,13,51,56,58,16,12,0,12,5,9,8,2,0
1,0,0,4,11,17,18,12,1,9,7,12,50,54,58,32,13,6,4,7,11,4,6,0
0,0,5,3,12,15,14,6,18,11,12,17,50,58,52,25,13,1,0,5,5,5,0,0
0,0,0,8,11,9,4,13,12,11,12,21,46,51,48,43,9,0,7,0,0,0,0,0
0,0,0,0,0,0,0,13,9,6,2,22,34,52,55,16,30,6,0,2,0,0,4,0
0,0,0,0,0,0,5,13,10,6,10,33,52,53,52,12,5,8,11,12,9,0,0,8
0,0,0,0,7,0,0,9,9,2,0,14,14,50,28,13,9,10,9,11,9,0,0,0
3,4,0,0,9,6,11,13,0,0,8,12,47,45,25,23,8,10,8,7,7,5,2,6
1,8,0,0,8,9,0,6,0,5,11,13,43,37,27,6,4,2,7,0,8,10,6,0
0,0,4,6,12,13,11,8,10,6,2,6,29,25,12,5,5,6,0,0,4,0,5,7

6,0,0,0,0,0,0,0,0,7,0,0,0,0,0,0,0,0,9,36,55,57,60,80
11,0,0,0,0,0,0,0,0,0,0,0,0,0,0,0,0,0,0,12,45,87,131,147
61,11,11,0,0,8,9,0,2,0,4,0,0,0,0,0,0,11,10,30,44,64,98,107
55,49,32,21,47,50,14,14,12,35,13,13,9,8,13,12,5,15,17,52,54,56,61,50
32,29,43,62,74,84,77,69,101,106,88,80,102,65,60,56,50,50,35,34,10,33,35,3
10,31,51,59,69,88,104,132,143,104,120,145,142,102,87,57,54,42,46,36,10,13,11,0
8,14,50,59,65,91,145,161,160,121,122,177,180,150,102,66,54,60,50,8,12,14,0,0
9,3,39,58,69,117,159,179,172,147,125,181,173,148,119,63,56,58,11,54,13,0,0,0
5,11,43,36,62,96,133,184,189,166,124,166,188,154,110,69,10,18,9,0,0,0,0,0
0,5,10,38,60,86,136,186,223,184,148,192,233,237,151,73,61,11,7,6,0,1,6,0
0,9,9,14,64,86,134,238,286,203,169,172,205,235,169,105,64,12,12,1,6,0,0,0
2,0,1,12,63,72,112,199,208,177,177,158,154,192,156,109,62,14,1,0,8,6,0,9
0,1,0,10,69,91,106,133,145,157,162,164,157,148,130,109,77,5,5,9,5,0,0,0
0,0,5,11,60,80,107,128,131,141,151,151,143,144,130,114,95,11,3,5,0,0,0,5
0,0,0,5,53,57,76,120,118,100,130,147,148,141,130,110,58,13,3,9,0,4,2,2
0,0,0,1,50,78,67,115,124,120,123,146,163,144,122,87,61,14,9,2,0,12,1,0
0,0,0,6,12,81,101,111,101,115,128,129,146,108,84,67,51,13,6,9,6,0,3,0
0,4,13,32,42,50,57,94,104,123,133,136,110,104,95,60,42,14,16,14,8,6,12,2
0,0,8,34,73,87,107,120,122,165,142,155,135,98,102,101,65,46,24,12,5,9,5,5
0,4,36,78,77,91,89,135,148,173,169,192,174,132,139,117,112,90,48,11,5,1,0,5
7,18,39,43,79,91,129,139,129,180,175,209,176,139,145,132,117,100,41,26,0,0,0,7
10,14,46,69,116,134,137,162,165,175,226,174,168,188,147,148,113,72,41,16,12,4,5,8
13,25,45,68,125,143,135,160,146,168,247,146,176,179,175,167,129,90,50,21,9,9,6,6
10,50,65,91,120,137,145,135,146,125,123,146,165,168,181,155,129,106,58,11,11,11,0,0
21,62,100,110,123,134,140,134,126,110,105,133,163,160,159,164,121,103,42,24,12,7,0,7
12,44,58,83,120,132,137,134,114,105,101,123,146,158,155,166,124,101,48,24,25,11,1,0
3,45,50,76,109,115,116,111,105,12,87,104,121,127,153,125,107,72,14,14,12,2,8,4
10,35,55,102,113,122,114,93,100,83,42,107,110,136,130,123,106,58,12,12,10,8,11,5
12,40,60,101,113,125,120,107,77,61,81,82,101,128,129,118,101,13,12,13,14,13,12,3
10,15,41,67,103,101,101,75,61,52,69,75,80,91,83,84,34,20,10,10,10,10,9,6
13,13,47,58,95,103,87,59,48,24,52,79,83,104,110,70,20,21,21,10,12,10,4,4
10,15,59,105,123,108,68,55,51,55,89,76,87,111,119,75,11,12,22,10,3,8,5,0
10,13,49,70,94,103,57,52,49,27,51,54,65,130,139,57,14,14,11,7,1,2,1,2
3,8,7,50,76,63,52,14,14,12,18,51,64,94,87,51,12,5,9,3,4,4,0,0
0,0,5,11,23,49,36,12,5,0,14,13,51,57,58,16,12,0,12,5,9,8,2,0
1,0,0,4,12,18,20,12,1,9,7,13,50,54,58,32,13,6,4,7,11,4,6,0
0,0,6,3,12,16,14,6,18,11,12,20,50,58,51,25,13,1,0,5,5,5,0,0
0,0,0,8,11,9,4,13,12,11,13,21,47,51,48,43,9,0,7,0,0,0,0,0
1,0,0,0,0,0,0,13,10,7,3,22,34,52,55,15,30,6,0,2,0,0,4,0
0,0,0,0,0,0,5,13,10,6,10,34,52,53,52,12,5,8,11,12,9,0,0,8
0,0,0,0,7,0,0,9,9,2,0,15,14,51,30,13,9,10,9,11,9,0,0,0
3,4,0,0,9,6,11,13,0,0,8,12,50,45,24,23,8,10,8,7,8,5,2,6
1,8,0,0,8,9,0,6,0,5,11,13,43,37,27,6,4,2,7,0,8,10,6,0
0,0,4,6,12,13,11,8,10,6,2,7,28,24,13,5,5,6,0,0,4,0,5,7

6,0,0,0,0,0,0,0,0,10,0,0,0,0,0,0,0,0,9,35,55,57,59,79
11,0,0,0,0,0,0,0,0,0,0,0,0,0,0,0,0,0,0,12,45,86,130,145
61,11,9,0,0,9,10,5,8,3,7,0,0,0,0,0,0,10,10,33,43,63,96,105
54,49,33,23,48,51,16,18,14,55,33,14,10,10,24,13,5,15,19,52,53,56,60,46
32,28,44,61,73,84,78,71,102,107,93,84,104,67,61,57,51,49,35,34,10,31,34,3
11,32,52,59,68,88,105,135,147,109,125,151,147,106,88,58,55,42,46,36,10,13,10,0
8,14,50,59,65,91,147,165,164,124,126,183,185,155,105,67,54,59,49,8,11,14,0,0
9,3,42,59,69,118,161,181,173,147,127,183,176,153,122,64,56,58,11,54,13,0,0,0
6,11,43,38,63,97,134,184,190,166,125,169,190,154,111,70,10,18,9,0,0,0,0,0
0,6,11,38,60,85,136,187,225,186,149,194,236,239,151,74,62,11,8,6,0,1,6,0
0,11,11,14,63,86,133,236,284,203,168,173,208,236,168,106,65,12,12,1,6,0,0,0
2,0,1,12,62,72,111,200,207,176,176,157,155,193,156,109,62,14,1,0,8,6,0,9
0,1,0,9,68,90,106,133,144,155,160,163,156,147,129,109,77,5,4,9,5,0,0,0
0,0,5,10,60,80,107,127,130,140,149,150,143,143,130,114,95,11,3,5,0,0,0,5
0,0,0,4,52,57,75,120,117,99,129,146,147,140,130,110,57,12,2,8,0,3,2,2
0,0,0,1,48,77,67,114,123,119,122,145,162,143,122,87,60,13,8,2,0,12,0,0
0,0,0,6,11,80,101,111,100,115,128,128,145,108,83,67,51,13,6,9,6,0,3,0
0,4,13,32,41,50,57,93,103,122,133,135,109,103,95,60,42,15,17,14,7,6,12,2
0,0,8,34,72,88,107,120,121,165,141,154,134,98,101,101,66,47,25,12,5,9,5,4
0,4,37,77,77,91,89,135,148,173,168,192,174,132,139,117,112,92,50,11,5,1,0,5
7,18,39,42,79,91,129,138,129,180,175,210,176,139,145,132,118,100,42,26,0,0,0,7
10,14,46,69,116,134,137,162,165,175,227,174,168,189,147,149,114,72,41,16,12,4,5,7
14,25,45,68,125,143,135,160,146,169,247,146,176,179,176,167,130,92,51,22,10,9,6,6
10,50,65,91,120,137,144,136,146,125,123,146,165,168,182,155,130,106,59,11,11,11,0,0
24,61,100,110,123,134,140,134,126,110,105,133,163,161,159,165,121,103,43,24,12,7,0,7
12,44,59,82,120,131,137,134,114,105,101,123,146,158,155,166,124,101,50,25,25,11,1,0
3,45,50,76,108,115,116,110,105,12,88,104,121,127,152,125,107,72,15,14,12,2,8,4
10,35,55,102,113,122,114,93,99,84,42,107,110,136,130,123,106,58,12,12,10,8,11,5
12,40,59,101,113,125,120,107,77,61,81,82,100,127,129,118,101,13,12,13,14,13,12,3
10,15,41,67,103,101,101,75,61,52,69,75,80,91,83,85,35,21,10,10,10,10,9,6
13,14,48,58,95,103,87,59,48,24,51,79,82,103,110,70,20,22,22,10,12,10,4,4
10,14,60,105,124,108,68,55,52,55,90,76,87,111,118,75,11,12,22,10,3,8,5,0
10,13,49,70,94,103,57,52,49,29,51,54,65,130,139,57,14,14,11,7,0,2,1,2
4,8,7,50,76,63,52,14,14,13,18,52,64,94,87,51,12,5,9,3,4,4,0,0
0,0,5,11,22,49,36,12,5,0,14,13,51,56,58,16,11,0,12,5,9,8,2,0
2,0,0,4,12,18,23,12,1,10,7,13,50,54,58,32,13,6,4,7,11,4,6,0
0,0,6,4,12,16,15,6,19,11,12,20,50,58,51,25,13,1,0,5,5,5,0,0
0,0,0,8,11,9,4,13,12,11,13,24,47,51,48,43,9,0,7,0,0,0,0,0
1,0,0,0,0,0,0,13,10,7,3,23,34,52,55,16,29,6,0,2,0,0,4,0
0,0,0,0,0,0,5,13,10,6,10,34,52,54,52,12,5,8,11,12,9,0,0,8
0,0,0,0,7,0,0,9,9,2,0,14,14,50,30,13,9,10,8,11,9,0,0,0
3,4,0,0,9,6,11,13,0,0,8,12,50,43,26,24,8,10,8,7,8,5,2,6
2,8,0,0,8,9,0,6,0,6,11,13,43,37,27,7,4,2,7,0,8,10,6,0
0,0,4,6,12,13,11,8,10,6,2,7,30,25,12,5,5,6,0,0,4,0,5,7

6,0,0,0,0,0,0,0,0,11,0,0,0,0,0,0,0,0,9,35,55,57,59,78
11,0,0,0,0,0,0,0,0,0,0,0,0,0,0,0,0,0,0,12,45,85,130,145
61,11,9,0,0,9,11,7,11,5,8,0,0,0,1,0,0,10,10,33,44,62,95,104
54,49,34,25,50,52,21,24,26,64,51,15,12,11,40,14,5,16,20,52,54,55,60,40
32,31,47,62,74,84,78,73,103,109,97,87,106,68,63,58,51,50,36,34,11,31,34,3
11,34,52,59,68,88,106,138,150,112,128,156,150,108,90,58,55,44,47,36,10,13,10,0
9,14,50,59,65,92,148,169,167,126,128,187,189,158,107,68,54,60,48,7,12,14,0,0
9,3,47,59,69,119,162,183,175,148,128,186,178,156,124,65,56,58,11,54,13,0,0,0
6,11,43,38,63,97,134,185,190,167,126,170,191,155,112,71,10,20,9,0,0,0,0,0
0,6,12,39,60,85,136,188,227,187,150,196,238,240,153,75,62,10,12,6,0,1,6,0
0,11,12,14,63,85,132,235,283,204,169,175,212,238,168,106,65,12,12,1,6,0,0,0
3,0,2,12,62,72,111,200,208,176,175,157,155,194,157,109,63,14,1,0,7,6,0,9
0,2,0,9,67,89,106,133,144,154,159,162,156,148,129,109,78,6,4,9,5,0,0,0
0,0,5,10,59,79,107,127,130,140,149,149,142,143,130,114,94,10,3,5,0,0,0,4
0,0,0,4,52,57,75,120,117,98,128,146,147,140,130,110,57,12,2,8,0,2,2,2
0,0,0,1,47,77,67,114,123,119,121,144,162,143,122,87,60,13,8,1,0,12,0,0
0,0,0,6,11,80,101,111,99,114,127,127,145,108,83,67,51,13,6,9,6,0,3,0
0,5,13,32,42,50,57,93,103,122,132,134,109,103,95,60,42,15,17,14,7,6,12,2
0,0,8,36,74,89,107,120,121,164,141,154,134,98,102,101,66,48,26,12,5,9,5,4
0,4,37,77,77,92,89,134,148,172,168,192,174,132,139,117,113,93,51,12,5,1,0,5
7,18,39,43,79,91,129,139,129,180,175,210,176,139,145,133,118,101,42,27,0,0,0,7
10,14,46,69,117,134,137,162,165,176,227,174,168,188,148,149,114,73,41,16,12,4,5,7
14,25,45,68,125,143,135,160,146,169,247,146,177,180,175,168,130,92,51,22,10,9,6,6
10,50,66,90,120,137,144,136,146,125,123,146,165,168,182,155,130,106,59,11,11,11,0,0
24,62,100,110,123,134,140,134,126,110,105,133,163,160,159,165,121,103,42,25,12,7,0,7
12,46,58,83,119,131,136,134,114,105,101,123,146,158,155,166,124,101,51,24,25,10,1,0
4,45,50,77,108,114,116,110,105,13,88,105,122,127,153,125,107,73,15,14,12,2,8,4
10,35,55,102,113,122,114,93,100,84,44,107,109,136,130,123,106,60,12,12,10,8,12,5
12,42,59,101,112,125,120,107,77,61,81,82,100,127,129,118,101,13,12,13,14,13,12,3
10,15,43,67,103,101,101,75,61,52,69,75,80,91,83,85,35,21,10,10,10,10,9,6
13,14,48,58,95,103,87,60,49,24,52,79,82,104,110,70,21,22,22,10,12,10,4,4
10,16,60,106,124,108,68,55,52,55,91,76,87,111,119,76,11,12,22,10,3,8,5,0
10,13,49,70,93,103,57,52,49,28,51,54,65,130,139,57,14,14,11,7,0,2,1,2
4,8,7,50,76,63,52,14,14,13,19,52,64,93,87,51,12,5,9,3,4,4,0,0
0,0,5,11,23,49,37,12,5,0,14,13,51,56,58,16,11,0,12,5,9,8,2,0
2,0,0,4,12,18,20,12,2,10,7,13,50,54,58,32,13,6,4,6,11,4,6,0
0,0,6,4,12,16,15,6,21,11,12,21,50,58,51,25,13,1,0,5,5,5,0,0
0,0,0,9,11,9,5,13,12,11,13,24,47,50,49,43,9,0,7,0,0,0,0,0
1,0,0,0,0,0,0,13,10,7,3,23,34,52,55,16,30,6,0,2,0,0,4,0
0,0,0,0,1,0,5,13,10,6,10,34,52,53,52,12,5,8,11,12,9,0,0,8
0,0,0,0,7,0,0,10,9,2,0,14,14,51,30,13,9,10,9,11,9,0,0,0
3,4,0,0,9,6,11,13,0,0,8,12,45,45,26,23,8,10,8,7,7,5,2,6
2,8,0,0,8,10,0,6,0,6,11,13,44,37,27,7,4,2,7,0,8,10,6,0
0,0,4,6,12,13,11,8,10,6,2,7,30,25,12,5,5,6,0,0,4,0,5,7

6,0,0,0,0,0,0,0,1,12,0,0,0,0,0,0,0,0,9,36,55,57,59,78
11,0,0,0,0,0,0,0,0,2,0,0,0,0,0,0,0,0,0,12,44,85,130,145
62,11,8,0,0,9,11,8,11,7,8,0,0,0,0,0,0,10,10,36,46,62,95,104
54,50,34,25,50,52,22,25,25,63,52,17,12,12,45,14,6,16,21,52,53,56,60,37
33,30,46,62,74,84,79,74,104,109,100,89,107,69,63,58,51,50,36,34,11,31,34,3
11,32,52,59,68,89,107,139,152,113,129,158,153,109,90,59,55,44,47,36,10,13,10,0
9,14,50,60,66,92,149,170,168,126,129,188,189,158,107,67,54,59,49,7,12,14,0,0
9,3,46,59,69,119,162,183,174,146,128,185,177,154,123,64,56,58,11,54,13,0,0,0
6,11,43,39,63,97,134,183,189,166,125,170,190,154,111,71,10,21,9,0,0,0,0,0
0,6,12,40,60,85,136,187,225,186,149,196,238,240,153,75,62,10,13,6,0,1,6,0
0,11,12,14,64,85,132,235,281,205,170,178,213,237,169,107,66,13,12,1,6,0,0,0
3,0,1,12,62,71,111,199,207,177,176,158,156,194,157,109,63,14,1,0,7,6,0,9
0,2,0,10,68,90,106,133,144,154,160,163,157,148,130,109,78,7,5,9,5,0,0,0
0,0,6,10,60,80,107,127,130,140,149,150,143,143,130,114,96,4,4,5,0,0,0,4
0,0,0,5,53,57,75,120,117,99,128,146,147,140,130,110,60,11,2,8,0,2,2,2
0,0,0,1,48,77,67,114,123,119,122,145,162,143,122,87,61,14,8,1,0,12,0,0
0,0,0,6,11,80,101,111,100,114,127,127,146,108,83,67,51,13,6,9,6,0,3,0
0,5,13,32,41,50,57,93,103,122,132,135,109,103,95,60,42,15,17,14,7,6,12,2
0,0,9,36,72,89,107,120,121,164,141,154,134,97,102,101,66,48,26,12,5,9,5,4
0,4,37,77,77,91,89,134,148,172,168,192,174,132,139,117,113,93,51,11,4,1,0,5
7,18,39,42,79,91,129,138,129,179,175,209,176,138,145,132,118,101,42,27,0,0,0,7
10,14,47,69,116,134,137,162,165,175,226,174,168,188,147,149,114,73,41,16,12,4,5,7
14,25,45,67,125,143,134,160,146,168,246,146,176,179,175,167,130,92,51,22,10,9,6,6
10,50,65,90,120,137,144,135,146,125,122,146,165,168,182,155,130,106,59,11,11,11,0,0
24,62,100,110,123,133,140,134,126,110,105,133,163,160,159,165,121,103,43,24,12,7,0,7
12,44,59,82,119,131,136,134,114,105,101,123,146,158,155,166,124,101,51,25,25,10,1,0
4,46,50,76,108,114,116,110,105,13,89,105,122,127,153,125,107,73,16,14,12,2,8,4
10,34,55,102,113,122,114,93,99,84,44,107,110,136,130,123,106,60,12,12,10,8,11,5
12,42,60,101,112,124,120,107,78,61,81,82,101,128,129,118,101,13,12,13,14,13,12,3
10,15,42,67,103,101,101,75,61,53,69,75,80,91,83,85,35,21,10,10,10,10,9,6
13,14,49,58,95,103,87,60,49,25,52,79,83,104,110,70,21,22,23,10,12,10,4,4
10,15,60,106,124,108,69,55,52,55,91,76,87,111,119,76,11,12,22,10,3,8,5,0
10,13,49,70,94,103,57,52,50,29,51,54,65,130,139,57,14,14,11,7,0,2,1,2
4,8,7,50,76,63,52,15,15,13,22,52,64,94,87,51,12,5,9,3,4,4,0,0
0,0,5,11,24,49,37,13,6,0,14,13,51,57,58,16,11,1,12,5,9,8,2,0
2,0,0,5,12,19,22,12,2,10,7,13,50,54,58,32,13,6,4,6,11,4,6,0
0,0,6,4,12,18,15,6,21,11,12,21,50,58,51,25,13,1,0,4,5,5,0,0
0,0,0,9,11,9,5,13,12,11,13,23,48,51,49,44,9,0,7,0,0,0,0,0
1,0,0,0,0,0,0,13,10,7,3,23,35,52,55,17,30,6,0,2,0,0,4,0
0,0,0,0,1,0,6,13,10,6,10,34,52,54,52,12,5,8,11,12,9,0,0,8
0,0,0,0,7,0,0,10,9,3,0,16,14,51,32,13,9,10,9,11,9,0,0,0
3,4,0,0,9,6,11,13,0,0,8,12,50,47,27,24,8,10,8,7,7,5,2,6
2,9,0,0,8,10,0,6,0,6,11,13,43,38,27,7,5,2,7,0,8,10,6,0
0,0,4,6,12,13,11,9,10,6,3,7,30,25,13,5,5,6,0,0,4,0,5,7

7,0,0,0,0,0,0,0,2,13,2,0,0,0,0,0,0,0,9,36,55,57,59,78
11,0,0,0,0,0,0,0,0,4,0,0,0,0,0,0,0,0,0,12,44,85,130,144
61,11,8,0,0,9,10,7,11,8,8,0,0,0,0,0,0,10,10,36,44,62,94,104
53,49,34,24,50,52,22,23,18,61,51,17,12,12,45,14,6,16,21,52,53,55,59,35
32,30,47,62,73,85,79,74,104,109,99,89,107,69,64,58,51,50,36,34,11,31,34,3
11,32,52,59,69,90,108,140,151,113,129,160,155,111,91,59,55,44,47,36,10,13,10,0
9,14,50,60,66,93,150,170,167,125,128,187,190,159,108,68,54,60,49,7,12,14,0,0
9,3,47,59,70,119,162,181,172,145,127,183,176,154,124,64,56,58,11,54,13,0,0,0
6,11,43,38,63,97,133,181,187,163,124,169,189,154,112,71,11,23,9,0,0,0,0,0
0,6,12,41,60,85,136,185,221,183,148,195,236,239,155,76,63,10,14,6,0,1,6,0
0,12,12,14,64,86,134,237,276,200,172,180,211,237,171,108,66,13,12,1,5,0,0,0
3,0,2,12,63,72,113,198,203,178,179,161,157,194,158,110,64,17,1,0,7,5,0,9
0,2,0,10,69,91,106,133,145,157,163,166,159,149,131,110,80,8,5,9,5,0,0,0
0,0,6,11,60,80,107,128,131,142,152,152,144,144,131,115,97,2,4,5,0,0,0,4
0,0,0,6,53,57,76,120,119,100,130,148,148,141,131,111,61,12,3,8,0,2,2,2
0,0,0,2,50,78,67,115,124,121,124,146,164,144,123,88,61,14,9,1,0,12,0,0
0,0,0,6,12,81,101,112,101,116,129,129,147,109,84,67,51,13,6,9,6,0,3,0
0,5,13,31,42,50,57,93,104,123,134,136,111,104,95,61,42,15,16,14,7,6,11,2
0,0,8,32,72,87,106,120,122,166,142,155,135,98,102,101,66,47,24,11,4,9,5,4
0,4,35,77,76,90,88,134,148,172,169,192,175,132,139,117,112,91,48,11,4,0,0,5
7,18,38,42,78,90,129,138,129,178,174,208,175,138,145,132,118,100,41,26,0,0,0,7
10,14,46,69,116,133,136,161,164,174,224,172,166,188,147,148,113,72,41,16,12,4,5,7
14,25,45,67,124,143,134,159,145,167,244,145,176,178,174,166,129,91,51,22,10,9,6,6
10,50,64,90,120,137,144,135,145,125,121,145,164,167,181,154,129,106,58,11,11,11,0,0
24,62,100,110,122,133,140,133,126,110,105,133,163,160,159,164,121,103,42,24,12,7,0,7
12,44,58,82,119,131,136,134,114,105,101,123,146,158,154,166,124,101,50,24,25,10,1,0
3,46,50,76,108,114,116,110,105,13,89,104,121,127,153,125,107,72,14,14,12,2,8,4
10,35,55,102,113,121,114,93,100,84,44,107,109,136,130,123,106,60,12,12,10,8,11,5
12,42,59,101,112,124,120,107,78,62,81,82,100,127,129,118,101,13,12,13,14,13,12,3
10,16,41,67,103,101,101,75,61,53,69,75,80,91,84,84,35,21,10,10,10,10,9,6
13,14,48,58,96,103,87,60,49,25,52,79,82,104,111,70,22,22,22,10,12,10,4,4
10,16,60,107,125,108,68,55,52,55,92,76,87,111,119,76,11,12,22,10,3,8,5,0
10,13,49,70,94,103,57,52,50,30,51,54,66,130,140,57,14,14,11,7,0,2,1,2
4,8,7,50,76,63,52,14,15,13,21,52,64,94,87,51,12,5,9,3,4,4,0,0
0,0,5,11,25,49,38,13,6,0,14,13,51,57,58,17,12,1,12,5,9,8,2,0
2,0,0,5,12,21,22,12,2,10,7,13,50,54,58,33,13,6,4,6,11,4,6,0
0,0,6,4,12,20,15,7,22,11,12,23,50,58,51,25,13,1,0,4,5,5,0,0
0,0,0,9,11,9,5,13,13,12,13,24,47,51,48,44,9,0,7,0,0,0,0,0
1,0,0,0,0,0,0,13,10,7,3,23,35,52,55,18,30,6,0,2,0,0,4,0
0,0,0,0,1,0,6,13,10,7,10,34,52,54,52,13,5,8,11,12,9,0,0,8
0,0,0,0,7,0,0,10,9,2,0,18,16,51,28,13,9,10,9,11,9,0,0,0
3,5,0,0,9,7,12,13,0,0,9,12,47,47,28,23,8,10,8,7,7,5,2,6
2,9,0,0,8,10,0,6,0,6,12,13,44,38,27,7,5,2,7,0,8,10,6,0
0,0,4,6,12,13,11,9,11,6,3,7,30,25,13,5,5,6,0,0,4,0,5,8

7,0,0,0,0,0,0,0,4,14,7,0,0,0,0,0,0,0,9,36,55,57,59,78
11,0,0,0,0,0,0,0,0,5,0,0,0,0,0,0,0,0,0,12,44,85,130,144
62,11,8,0,0,9,10,7,11,9,7,0,0,0,0,0,0,10,10,36,44,62,94,103
53,50,34,25,50,52,22,20,15,60,51,16,12,12,44,14,6,16,21,52,53,55,59,36
31,30,47,62,73,85,79,73,103,109,99,89,108,69,64,58,51,50,35,34,11,31,34,3
11,33,52,59,68,90,108,140,150,112,129,159,155,111,91,59,55,44,47,36,10,13,10,0
9,14,50,60,66,93,150,169,166,125,128,187,190,159,108,68,54,60,50,7,12,14,0,0
9,3,46,59,70,119,162,181,171,144,127,183,175,154,124,64,56,59,11,54,13,0,0,0
6,11,43,38,63,97,132,180,186,162,124,169,189,154,112,71,11,23,9,0,0,0,0,0
0,6,12,40,60,85,135,184,221,183,148,196,236,238,155,76,63,10,14,6,0,1,6,0
0,11,12,14,64,86,133,237,273,199,173,181,210,236,171,108,67,13,12,1,5,0,0,0
3,0,2,12,63,72,113,198,202,179,181,163,158,194,158,110,65,17,1,0,7,5,0,9
0,2,0,11,70,91,106,134,146,158,165,167,160,149,131,110,80,8,6,9,5,0,0,0
0,0,7,12,61,80,107,128,132,142,153,153,145,145,132,115,98,1,5,5,0,0,0,4
0,0,0,7,53,57,76,121,119,101,131,149,149,142,131,111,63,13,4,8,0,3,2,2
0,0,0,2,51,78,67,115,124,121,125,147,165,144,123,88,62,15,9,2,0,12,0,0
0,0,0,6,13,82,101,112,101,116,130,130,148,109,85,67,52,13,6,8,6,0,3,0
0,5,13,32,42,50,57,94,104,124,134,137,111,104,96,61,42,15,16,14,7,6,11,1
0,0,8,32,72,87,106,120,122,166,142,156,136,98,102,101,66,46,22,11,4,9,5,4
0,4,36,77,77,90,88,134,148,173,169,193,175,132,139,117,112,91,49,11,4,0,0,5
7,18,38,42,78,90,129,138,129,178,174,208,175,138,145,132,118,100,41,26,0,0,0,7
10,14,46,68,116,133,136,161,164,174,224,172,166,188,146,148,113,72,41,16,12,4,5,7
14,25,45,67,124,143,134,159,145,166,243,145,175,178,174,166,129,91,51,21,10,9,6,6
10,50,65,89,120,137,144,135,145,124,121,145,164,167,181,154,129,106,59,11,11,11,0,0
24,62,100,110,122,133,140,133,126,110,105,133,163,160,159,164,121,103,42,24,12,6,0,7
12,46,58,82,119,131,136,133,114,105,101,123,146,158,154,166,124,101,50,24,25,10,1,0
3,46,50,76,108,114,116,110,105,13,89,104,121,127,153,125,107,72,14,14,12,2,8,4
10,35,55,102,113,121,114,92,100,84,45,107,110,136,130,123,106,58,12,12,10,8,11,5
12,42,60,101,112,124,120,107,78,62,81,82,100,127,129,118,101,13,12,13,14,13,12,2
10,16,43,67,103,101,101,75,61,53,69,75,80,91,83,85,35,22,10,10,10,10,9,6
13,14,49,59,96,103,87,60,49,25,51,79,82,104,111,70,22,23,22,10,12,10,4,4
10,19,60,107,125,108,69,55,52,55,93,76,87,112,119,76,11,12,22,10,3,8,5,0
10,13,49,70,94,103,57,52,50,29,51,54,65,130,140,57,14,14,11,7,0,2,1,2
4,8,7,50,76,63,52,14,15,13,20,52,64,93,87,51,12,5,9,3,4,4,0,0
0,0,5,11,24,49,37,13,6,0,14,13,51,56,58,17,11,1,12,4,9,8,2,0
2,0,0,5,12,21,23,12,2,10,7,13,50,54,58,33,13,6,4,6,11,4,6,0
0,0,6,4,12,18,18,7,23,11,12,24,50,58,51,25,13,1,0,4,5,4,0,0
0,0,0,9,11,9,5,13,13,12,13,25,49,51,48,44,9,0,7,0,0,0,0,0
1,0,0,0,0,0,0,13,10,8,3,24,35,52,55,16,29,6,0,2,0,0,3,0
0,0,0,0,1,0,6,13,10,7,10,34,52,54,52,12,5,8,11,12,9,0,0,8
0,0,0,0,7,0,0,10,9,3,0,17,14,51,27,13,9,10,9,11,9,0,0,0
4,5,0,0,9,7,12,13,0,0,9,12,47,47,27,23,8,10,8,7,7,5,2,6
2,9,0,0,8,10,0,6,0,6,12,13,44,36,27,7,5,2,7,0,8,10,6,0
0,0,4,6,12,13,12,9,11,6,3,7,31,25,13,5,5,6,0,0,4,0,5,8

7,0,0,0,0,0,0,0,4,14,9,0,0,0,0,0,0,0,9,36,55,57,59,78
11,0,0,0,0,0,0,0,0,6,0,0,0,0,0,0,0,0,0,12,44,85,130,144
62,11,8,0,0,9,10,7,12,9,8,0,0,0,0,0,0,10,10,36,44,62,93,103
54,50,34,26,50,52,22,24,26,65,56,19,12,12,45,15,6,16,22,52,53,56,59,34
31,31,46,62,73,84,79,73,103,110,100,89,108,69,65,58,51,50,36,34,11,31,34,3
11,34,52,59,68,89,107,140,151,114,132,161,155,111,92,59,55,45,47,36,10,13,10,0
9,14,50,59,66,93,150,170,167,126,130,190,191,160,108,68,54,60,50,7,12,14,0,0
9,3,48,59,70,119,162,182,172,144,128,186,178,157,125,65,56,59,11,54,12,0,0,0
6,11,43,38,63,97,133,181,187,163,125,171,191,155,113,72,11,25,9,0,0,0,0,0
0,6,12,41,60,85,135,186,224,185,149,197,239,240,155,76,63,10,14,6,0,0,6,0
0,11,12,14,64,85,133,235,276,199,171,180,213,238,170,107,66,13,12,1,5,0,0,0
3,0,2,12,62,71,112,199,203,177,178,160,157,195,158,110,65,16,1,0,7,5,0,9
0,2,0,10,69,89,106,133,145,156,162,164,158,149,131,110,81,8,6,9,5,0,0,0
0,0,7,11,60,80,107,127,131,141,151,151,143,144,131,115,98,2,4,5,0,0,0,4
0,0,0,6,53,57,76,120,118,99,130,147,148,141,131,111,62,12,3,8,0,2,2,2
0,0,0,2,50,77,67,115,123,120,123,146,164,144,122,88,62,14,9,1,0,12,0,0
0,0,0,6,12,81,101,111,101,115,129,129,146,109,84,67,52,14,6,8,5,0,2,0
0,5,14,32,42,50,57,93,104,123,133,136,110,104,96,61,43,15,17,14,7,6,11,2
0,0,8,36,73,88,107,120,122,165,142,155,135,98,102,101,67,48,25,12,4,9,5,4
0,5,37,77,77,91,89,134,148,172,169,192,175,132,139,118,113,93,51,11,4,0,0,5
7,18,39,43,78,91,129,138,129,179,174,208,175,138,145,133,118,101,42,27,0,0,0,7
10,14,47,69,116,134,137,162,165,175,225,173,167,188,147,149,114,73,41,16,12,4,5,7
14,25,45,67,125,143,134,159,146,168,245,146,176,179,175,167,130,92,51,22,10,8,6,6
10,50,66,90,120,137,144,135,145,125,121,146,165,167,181,155,130,106,59,11,11,11,0,0
24,62,100,110,122,133,140,133,126,110,105,133,163,160,159,164,121,103,43,24,12,6,0,7
12,46,59,83,119,131,136,134,114,105,101,123,146,158,155,166,124,102,52,26,25,10,1,0
4,45,50,77,108,114,116,110,105,13,89,105,121,127,152,125,107,72,15,14,12,2,8,3
10,36,55,102,113,121,114,92,100,84,46,107,109,136,130,123,106,60,12,12,10,9,11,5
12,42,60,101,112,124,120,107,78,61,82,82,100,127,129,118,101,13,12,13,14,13,12,2
10,16,43,67,103,101,101,75,61,53,69,75,80,91,83,85,35,22,10,10,10,10,9,6
13,14,49,59,96,103,87,60,49,25,52,79,82,104,111,70,21,23,22,10,12,10,3,4
10,16,60,107,125,108,69,55,52,55,93,76,87,112,119,76,11,12,22,10,3,8,5,0
10,13,49,70,94,103,58,52,50,31,51,54,65,130,140,57,14,14,11,7,0,2,1,2
4,8,7,50,76,63,52,15,15,13,21,52,64,94,87,51,12,5,9,3,4,4,0,0
0,0,5,11,23,49,38,13,6,0,14,13,51,56,58,17,12,1,12,4,9,8,2,0
3,0,0,5,12,20,23,12,2,10,7,13,50,54,58,33,13,6,4,6,11,4,6,0
0,0,6,4,12,19,16,7,21,11,12,23,50,58,51,25,13,1,0,4,5,4,0,0
0,0,0,9,11,9,5,13,13,12,13,24,49,51,48,45,9,0,7,0,0,0,0,0
2,0,0,0,0,0,0,13,11,8,3,24,35,52,55,16,30,6,0,2,0,0,4,0
0,0,0,0,1,0,6,13,10,7,10,34,52,54,52,13,5,8,11,12,9,0,0,8
0,0,0,0,7,0,0,10,9,3,0,18,15,51,28,13,9,10,9,11,9,0,0,0
4,5,0,0,9,7,12,13,0,0,9,12,50,47,27,23,8,10,8,7,7,5,2,6
2,9,0,0,8,10,0,6,0,6,12,13,41,36,27,7,5,2,7,0,8,10,6,0
0,0,4,6,12,13,12,9,11,6,3,7,30,25,13,5,5,6,0,0,4,0,5,8

7,0,0,0,0,0,0,0,5,14,10,2,0,0,0,0,0,0,9,37,55,57,59,78
11,0,0,0,0,0,0,0,0,6,0,0,0,0,0,0,0,0,0,12,45,85,130,144
62,11,7,0,0,9,10,8,13,11,8,0,0,0,1,0,0,10,10,37,44,62,94,103
54,50,35,26,50,53,25,26,33,70,63,23,12,13,48,16,6,17,23,52,53,56,59,34
33,31,48,62,73,84,79,74,104,110,101,90,108,70,65,59,51,50,36,34,11,31,34,3
11,35,53,59,68,89,107,140,152,116,133,162,156,111,92,59,55,45,47,36,10,13,10,0
9,14,50,60,66,93,150,171,169,128,132,193,193,161,109,68,55,60,49,7,12,14,0,0
9,3,50,59,70,119,163,183,174,145,129,189,180,159,126,65,56,59,12,54,12,0,0,0
6,11,44,38,63,97,133,182,188,164,126,173,193,156,112,72,11,24,9,0,0,0,0,0
0,6,12,41,60,85,135,187,226,187,150,198,241,241,154,76,63,10,14,6,0,0,6,0
0,12,13,14,63,85,131,233,279,203,170,180,216,238,168,107,66,13,12,1,5,0,0,0
3,0,2,11,62,71,111,200,207,177,175,157,157,196,158,109,64,15,1,0,7,5,0,9
0,2,0,10,67,89,106,132,144,153,159,162,156,148,130,110,80,8,5,9,5,0,0,0
0,0,6,11,60,79,107,127,130,140,149,149,142,143,130,115,97,2,4,5,0,0,0,4
0,0,0,6,53,57,75,120,117,98,128,146,147,140,130,111,61,12,3,8,0,2,2,2
0,0,0,2,50,77,67,114,123,119,122,145,162,143,122,87,61,14,9,1,0,12,0,0
0,0,0,6,12,81,101,111,99,114,127,127,145,108,84,67,51,14,6,8,5,0,2,0
0,5,14,32,42,50,57,93,103,122,132,134,109,103,95,61,43,16,18,14,7,6,11,1
0,1,9,38,74,89,107,120,121,164,141,154,134,98,102,102,68,50,27,12,4,9,5,4
0,5,38,78,78,92,90,135,148,172,169,192,174,132,140,118,114,95,52,12,4,1,0,5
7,19,39,43,79,91,130,139,129,180,174,209,176,139,146,133,119,101,43,27,0,0,0,7
10,14,48,69,117,134,137,163,165,175,227,174,168,189,148,150,115,74,42,17,12,4,5,7
14,25,45,68,125,143,134,160,146,169,246,147,177,180,176,168,131,94,51,23,10,8,6,6
10,51,65,91,120,137,144,135,146,125,121,146,165,168,182,156,130,106,60,11,11,11,0,0
24,62,101,110,122,133,140,134,126,110,106,134,164,160,159,165,122,103,44,25,12,7,0,7
12,47,59,82,119,131,136,134,114,105,101,123,146,158,155,166,124,102,54,25,25,10,1,0
4,46,50,76,108,114,116,110,105,13,90,105,121,127,153,125,107,74,16,14,12,2,8,3
10,36,55,102,113,121,114,92,100,84,46,107,109,136,130,123,106,63,12,12,10,9,11,5
12,42,60,101,112,124,120,107,78,62,81,82,100,127,129,118,101,13,12,14,14,14,12,2
10,16,43,67,103,101,101,75,61,52,69,75,80,91,83,84,35,22,10,10,10,10,9,6
13,14,49,59,96,103,87,60,49,25,51,78,82,104,111,70,21,22,22,10,12,10,3,4
10,17,60,107,125,108,69,55,52,56,94,76,87,112,119,76,11,12,22,10,3,8,5,0
10,13,48,69,94,103,57,52,50,30,51,54,65,130,139,57,14,14,11,7,0,2,1,2
4,8,7,50,76,63,52,14,15,14,20,52,64,93,86,51,12,5,9,3,4,3,0,0
0,0,6,11,23,49,40,13,6,0,14,14,51,57,58,17,12,1,12,5,9,8,3,0
3,0,0,5,12,21,23,13,2,10,7,13,50,54,58,33,13,6,4,6,11,4,6,0
0,0,7,4,12,18,16,7,22,11,12,23,50,58,51,25,13,1,0,4,5,4,0,0
0,0,0,9,11,9,5,13,13,12,13,25,48,50,49,43,9,0,7,0,0,0,0,0
2,0,0,0,0,0,0,13,11,8,3,24,35,52,55,16,30,6,0,2,0,0,3,0
0,0,0,0,1,0,6,13,10,7,10,34,52,54,52,12,5,8,11,12,9,0,0,8
0,0,0,0,7,0,0,10,9,3,0,18,17,51,31,13,9,10,9,11,9,0,0,0
4,5,0,0,9,7,12,13,0,0,9,12,45,44,27,23,8,10,8,7,7,5,2,6
2,9,0,0,8,10,0,6,0,6,12,13,43,37,27,7,5,2,7,0,8,10,6,0
0,0,4,6,12,13,11,9,11,6,3,7,30,25,13,5,5,6,0,0,4,0,5,8

7,0,0,0,0,0,0,0,6,20,25,8,0,1,0,0,0,0,9,36,55,57,59,77
11,0,0,0,0,0,0,0,0,5,0,0,0,0,0,0,0,0,0,12,42,84,129,144
62,11,4,0,0,9,10,8,15,11,9,0,0,0,1,0,0,10,10,37,46,62,93,103
54,50,35,27,50,53,27,29,42,74,69,26,12,13,46,17,6,17,23,52,53,55,59,33
35,33,50,62,73,84,79,74,104,111,101,91,108,70,65,59,51,50,36,35,11,31,34,3
11,34,53,59,68,89,107,140,154,117,134,163,155,111,92,59,55,45,47,36,10,13,10,0
9,15,50,60,65,92,149,172,171,129,133,194,193,161,109,68,55,60,49,7,12,14,0,0
9,3,49,59,70,119,163,183,175,147,130,190,181,159,125,65,56,59,11,54,12,0,0,0
6,11,43,38,63,97,133,182,189,165,126,173,193,156,112,71,11,24,9,0,0,0,0,0
0,7,12,41,60,84,134,187,227,188,151,198,242,240,152,76,63,10,14,5,0,0,6,0
0,12,13,14,63,84,130,229,281,208,170,181,219,238,166,106,66,13,12,1,5,0,0,0
3,0,2,11,62,71,110,201,211,177,174,156,158,198,157,109,64,15,1,0,7,5,0,9
0,2,0,10,67,88,106,132,143,152,157,160,154,147,130,109,79,8,5,9,5,0,0,0
0,0,6,10,59,79,106,127,129,139,148,148,142,142,130,115,96,2,4,5,0,0,0,4
0,0,0,5,52,57,75,119,116,98,127,145,146,139,130,110,61,11,2,8,0,2,2,2
0,0,0,2,50,76,66,114,122,118,121,144,161,142,121,87,61,14,9,1,0,11,0,0
0,0,0,7,12,80,101,111,99,113,127,126,145,108,83,67,51,14,7,9,5,0,3,0
0,5,14,33,42,50,57,92,102,121,132,133,108,102,96,61,43,17,18,14,7,6,11,2
0,1,9,39,74,89,107,120,121,163,141,153,134,98,102,102,69,50,28,12,4,9,5,4
0,6,40,78,78,93,90,135,148,172,168,192,174,132,140,118,114,97,53,12,4,1,0,5
8,19,39,43,79,92,130,139,130,180,175,210,176,139,146,134,119,102,44,27,0,0,0,7
10,14,48,69,117,134,137,163,166,176,227,175,169,190,148,152,115,75,42,17,13,4,5,7
14,26,46,68,125,143,134,160,147,170,247,147,178,180,176,169,131,95,52,24,10,9,6,6
10,50,65,91,120,137,144,135,146,125,122,147,165,169,182,156,131,106,60,11,11,11,0,0
27,63,101,110,122,133,140,134,126,110,106,134,164,161,160,166,122,103,44,26,12,7,0,7
12,44,58,83,119,131,136,134,114,106,101,124,146,158,155,167,125,102,54,26,25,10,1,0
4,48,50,76,108,114,116,110,105,13,91,105,122,127,153,125,107,74,16,14,12,2,8,3
10,36,55,102,113,121,114,92,100,85,46,107,109,136,130,123,106,65,12,13,10,9,11,5
12,42,60,101,112,124,120,107,78,62,82,82,100,127,129,118,101,13,12,14,14,14,12,2
10,18,43,67,103,101,101,75,61,53,70,75,80,91,84,85,35,22,10,10,10,10,9,6
13,14,49,59,96,103,87,60,49,25,52,79,82,104,110,70,21,22,22,10,12,10,3,4
10,17,59,107,125,108,69,55,52,55,94,76,87,112,119,76,11,12,22,10,3,8,5,0
10,13,49,69,94,103,58,52,50,30,51,54,66,130,139,57,14,14,11,7,0,2,1,2
4,8,7,50,76,63,52,15,15,13,21,52,64,93,86,51,12,5,9,3,4,3,0,0
0,0,6,11,23,49,39,13,6,0,14,14,51,56,58,17,11,1,12,5,9,8,3,0
3,0,0,5,12,21,23,13,2,10,7,13,50,54,58,32,13,6,4,6,11,4,6,0
0,0,7,4,12,19,17,7,23,11,12,24,50,58,51,25,13,1,0,4,5,4,0,0
0,0,0,9,11,10,5,13,13,12,13,24,47,51,48,43,9,0,7,0,0,0,0,0
2,0,0,0,0,0,0,13,11,8,3,24,35,52,55,15,29,6,0,2,0,0,3,0
0,0,0,0,1,0,6,13,10,7,10,35,52,54,52,12,5,8,11,12,9,0,0,8
0,0,0,0,8,0,0,10,9,3,0,18,15,51,28,13,9,10,9,11,9,0,0,0
4,5,0,0,9,7,12,13,0,0,9,12,50,47,26,23,7,10,8,7,7,5,1,6
2,9,0,0,9,10,0,6,0,6,12,13,41,36,28,7,5,2,7,0,8,10,6,0
0,0,4,6,12,13,11,9,11,6,3,7,30,24,13,5,5,6,0,0,4,0,5,8

7,0,0,0,0,0,0,0,7,17,20,7,1,2,0,0,0,0,9,37,55,57,59,77
11,0,0,0,0,0,0,0,0,5,0,0,0,0,0,0,0,0,0,12,44,84,129,144
63,10,1,0,0,9,10,8,15,11,9,0,0,0,0,0,0,10,10,37,44,62,93,103
53,50,34,26,50,53,26,28,38,71,67,31,13,13,43,16,6,17,23,52,53,55,59,30
34,33,50,61,73,84,79,74,104,110,101,91,108,70,65,59,51,50,36,35,11,31,34,3
11,34,52,59,68,89,108,141,155,117,134,164,157,111,92,59,55,44,47,36,9,13,10,0
9,15,50,60,66,93,151,172,171,129,132,192,192,160,108,68,55,60,49,7,12,14,0,0
9,3,48,59,69,119,162,183,174,145,128,186,177,155,123,64,56,59,11,54,12,0,0,0
6,11,43,37,63,97,132,180,186,163,125,171,191,154,111,71,11,26,9,0,0,0,0,0
0,6,13,41,60,85,135,186,224,185,149,198,240,240,154,76,63,10,14,5,0,0,6,0
0,12,13,14,64,85,132,234,276,201,170,182,218,239,168,107,66,13,12,0,5,0,0,0
3,0,2,12,62,71,112,200,205,177,175,159,158,197,158,110,65,17,1,0,6,5,0,9
0,3,0,10,69,90,106,133,144,153,159,162,157,148,130,110,80,9,5,9,5,0,0,0
0,0,6,11,60,80,107,127,130,139,149,149,142,143,130,115,98,1,4,5,0,0,0,4
0,0,0,6,53,57,75,120,117,98,128,146,147,140,130,111,62,12,3,8,0,2,2,2
0,0,0,2,50,77,66,114,122,118,122,145,162,143,122,87,61,14,9,1,0,11,0,0
0,0,0,7,12,80,101,111,99,114,127,127,145,108,84,67,51,14,6,8,5,0,2,0
0,5,14,33,42,50,57,92,103,122,132,134,109,103,96,61,43,17,18,14,7,6,11,2
0,1,9,38,74,89,107,120,121,164,141,154,135,98,102,102,68,50,27,12,4,9,5,4
0,5,38,78,78,92,90,135,148,172,169,192,174,132,139,118,114,95,51,11,4,1,0,5
7,19,39,43,79,91,130,139,129,179,174,209,176,139,146,133,119,101,43,27,0,0,0,7
10,14,47,69,116,134,137,162,165,175,226,174,168,188,148,150,114,74,42,17,12,4,5,7
14,25,46,68,125,143,134,160,146,169,245,146,177,180,175,168,131,94,51,23,10,9,6,6
10,50,65,91,120,137,144,135,146,125,121,146,165,168,182,155,130,106,60,11,11,11,0,0
25,63,101,110,122,133,140,134,126,110,106,134,164,160,159,165,122,103,44,25,12,7,0,7
12,47,58,82,119,131,136,134,114,106,101,123,146,158,155,166,124,102,52,25,25,10,1,0
4,47,50,77,108,114,116,110,105,13,92,105,121,127,152,125,107,73,16,14,12,2,8,3
10,36,55,102,113,121,114,92,100,85,48,107,109,136,130,123,106,61,12,12,10,9,11,5
12,43,60,101,112,124,120,107,78,61,82,82,100,127,129,118,101,13,12,14,14,14,12,2
10,17,43,67,103,101,101,75,61,53,70,75,80,91,83,85,35,22,10,10,10,10,9,6
13,14,50,59,96,103,87,60,49,25,52,79,83,104,111,70,22,23,22,10,12,10,3,4
10,17,60,107,125,108,68,55,52,56,94,76,87,112,120,76,11,12,22,10,3,8,5,0
10,13,49,70,94,103,58,52,50,32,51,54,65,131,140,57,14,14,11,7,0,2,1,2
4,9,7,50,76,63,52,14,16,14,22,52,64,93,87,51,12,6,9,3,4,3,0,0
0,0,6,11,24,50,39,13,6,0,14,14,51,56,58,17,11,1,12,5,9,8,3,0
3,0,0,5,12,21,24,13,2,10,7,13,50,54,58,33,13,6,4,6,11,4,6,0
0,0,7,5,12,20,16,7,24,11,12,25,50,58,51,25,13,1,0,4,5,4,0,0
0,0,0,9,11,10,5,13,13,12,13,26,50,51,48,43,9,0,7,0,0,0,0,0
2,0,0,0,0,0,0,14,11,8,4,24,36,52,55,19,30,6,0,2,0,0,3,0
0,0,0,0,2,0,7,14,10,7,10,35,52,54,52,12,5,8,11,12,9,0,0,8
0,0,0,0,8,0,1,10,9,3,0,18,16,51,30,13,9,10,9,11,9,0,0,0
4,5,0,0,9,7,12,13,0,0,9,12,48,47,27,23,7,10,8,7,7,5,2,6
2,9,0,0,9,10,1,6,0,6,12,13,44,37,27,7,5,2,7,0,8,10,6,0
0,0,4,6,12,13,12,9,11,6,3,8,31,25,13,5,5,6,0,0,4,0,5,8

7,0,0,0,0,0,0,0,8,43,54,44,3,4,0,0,0,0,9,37,55,56,59,77
11,0,0,0,0,0,0,0,0,6,0,0,0,0,0,0,0,0,0,12,42,84,129,144
62,9,0,0,0,8,9,7,14,10,8,0,0,0,0,0,0,9,10,36,46,62,92,102
53,50,34,26,50,53,26,26,26,66,63,30,13,13,28,14,6,16,22,52,53,55,59,28
32,33,48,61,73,85,79,74,104,110,100,91,109,70,66,59,51,50,36,34,11,31,33,3
11,34,52,59,68,90,108,142,153,116,133,163,158,112,92,59,55,44,46,36,9,13,10,0
9,14,50,60,65,93,151,172,170,128,131,190,192,161,109,68,54,60,49,7,12,14,0,0
9,3,49,59,70,119,163,182,173,145,127,184,175,155,123,64,56,59,11,54,12,0,0,0
6,11,43,39,63,97,132,179,186,163,125,170,189,153,112,72,11,27,9,0,0,0,0,0
0,6,13,41,60,85,134,185,222,184,149,196,238,239,155,77,64,10,14,5,0,0,6,0
0,11,13,14,64,86,133,236,272,199,172,181,213,237,170,108,67,13,12,0,5,0,0,0
3,0,2,12,63,72,113,197,201,178,179,161,158,195,159,110,65,19,2,0,6,5,0,9
0,3,0,10,71,90,107,133,145,156,162,165,159,149,131,110,81,9,6,9,4,0,0,0
0,0,7,12,61,80,107,127,131,141,151,152,144,144,131,115,98,1,5,5,0,0,0,4
0,0,0,7,53,57,76,120,119,100,130,147,148,141,131,111,63,13,4,8,0,2,2,2
0,0,0,3,51,77,67,114,123,120,123,146,164,144,123,88,62,15,9,1,0,12,0,0
0,0,0,7,12,81,101,112,101,115,129,129,147,109,84,67,52,14,6,8,5,0,2,0
0,5,14,32,42,50,57,93,104,123,133,136,110,104,96,61,43,16,17,14,7,6,11,1
0,1,9,36,72,88,107,120,122,166,142,155,135,98,102,102,67,48,25,12,4,9,5,4
0,5,39,77,77,92,89,135,148,173,169,193,175,132,139,118,113,92,50,11,4,0,0,5
7,19,39,42,78,91,129,138,129,179,174,209,176,138,145,132,118,101,42,26,0,0,0,7
10,14,48,69,116,134,137,162,164,174,225,173,167,188,147,149,114,73,41,16,12,4,5,7
14,25,45,67,124,143,134,159,146,167,243,146,176,178,175,167,130,92,51,22,10,8,5,6
10,51,64,90,120,137,144,135,145,125,121,146,164,167,181,155,130,106,59,11,11,10,0,0
24,64,101,110,122,133,140,133,126,110,106,133,163,160,159,164,121,103,43,24,12,6,0,7
12,47,58,82,119,131,136,133,114,105,101,123,146,157,155,166,124,102,51,25,25,10,1,0
4,46,50,77,108,114,116,110,105,13,92,105,121,127,153,125,107,73,15,14,12,2,8,3
10,36,55,102,113,121,114,92,100,85,48,107,109,135,130,123,106,61,12,12,10,9,11,5
12,42,60,101,112,124,120,107,78,62,82,82,100,127,129,118,101,13,12,14,14,13,12,2
10,17,44,67,103,101,101,75,61,53,70,75,80,91,83,85,35,22,10,10,10,10,9,6
13,14,50,59,96,103,87,60,50,25,52,79,82,104,111,70,22,23,23,10,12,10,3,4
10,17,60,108,125,108,69,55,52,55,94,76,87,112,120,76,11,12,22,10,3,8,5,0
10,13,49,70,94,103,58,52,50,32,51,54,66,130,140,57,14,14,11,7,0,2,1,2
5,9,7,50,76,63,52,15,17,14,23,52,64,93,87,51,12,6,9,3,4,3,0,0
0,0,6,11,24,50,38,13,6,0,14,14,51,56,58,17,11,1,12,5,9,8,2,0
3,0,0,6,12,22,25,13,3,10,7,13,50,54,58,33,13,6,4,6,11,4,6,0
0,0,7,5,12,19,17,7,24,11,12,25,50,58,51,25,13,1,0,4,5,4,0,0
0,0,0,9,11,10,5,13,13,12,13,25,49,51,48,43,9,0,7,0,0,0,0,0
2,0,0,0,0,0,0,13,11,8,4,25,36,52,55,18,30,6,0,2,0,0,3,0
0,0,0,0,2,0,7,13,10,7,10,35,52,54,52,12,5,8,11,12,9,0,0,8
0,0,0,0,8,0,1,10,10,3,0,19,17,51,27,13,9,10,9,11,9,0,0,0
4,5,0,0,9,7,12,13,0,0,9,12,50,47,26,23,7,10,8,7,7,5,2,6
2,9,0,0,9,10,1,6,1,6,12,13,44,37,27,7,5,2,7,0,8,10,6,0
0,0,4,6,12,13,12,9,11,6,3,8,32,26,13,5,5,6,0,0,4,0,5,8

7,0,0,0,0,0,0,0,9,47,54,50,3,4,0,0,0,0,9,37,55,56,59,77
11,0,0,0,0,0,0,0,0,7,0,0,0,0,0,0,0,0,0,11,42,84,129,144
62,9,0,0,0,8,9,8,22,11,9,0,0,0,0,0,0,9,10,37,44,61,92,102
53,50,33,25,50,53,24,24,28,68,66,30,12,12,21,14,6,16,22,52,53,55,59,29
31,31,48,61,73,84,78,73,103,109,100,90,108,70,65,58,51,50,36,34,11,31,34,3
11,34,52,59,68,88,107,139,151,116,133,162,154,110,92,59,55,44,47,36,9,13,10,0
9,14,50,59,65,92,149,169,169,128,131,190,190,159,108,68,54,60,50,7,12,14,0,0
9,3,48,59,69,118,162,182,173,145,128,185,176,155,124,65,56,59,11,54,12,0,0,0
6,11,43,40,64,97,132,179,186,164,125,172,192,154,112,72,11,28,9,0,0,0,0,0
0,6,13,42,60,85,134,185,224,186,151,199,241,241,156,77,64,10,14,5,0,0,6,0
0,12,13,14,64,85,132,234,275,201,173,182,215,238,170,108,67,13,12,0,5,0,0,0
3,0,2,12,63,71,113,199,203,178,178,161,158,196,159,110,65,19,2,0,6,5,0,9
0,3,0,11,71,90,107,133,145,156,162,164,158,149,131,110,82,9,6,9,4,0,0,0
0,0,7,12,61,80,107,127,131,141,151,151,143,144,131,115,99,1,5,5,0,0,0,4
0,0,0,8,53,57,76,120,119,99,130,147,148,141,131,111,64,13,4,8,0,2,2,1
0,0,0,3,51,78,67,115,123,120,124,146,164,144,123,88,62,17,9,1,0,12,0,0
0,0,0,7,13,82,101,112,101,115,129,129,147,109,84,67,52,14,7,8,5,0,2,0
0,5,14,32,42,51,57,94,104,123,133,136,110,104,96,61,43,16,18,14,7,6,11,1
0,1,9,38,73,89,107,120,122,166,142,155,135,98,102,102,68,49,26,12,4,9,5,4
0,5,39,78,78,92,90,135,148,173,169,193,175,132,139,118,113,94,50,11,4,0,0,5
7,19,39,43,78,91,130,139,129,179,174,209,176,139,146,133,119,101,42,27,0,0,0,7
10,14,47,69,116,134,137,162,165,175,225,173,167,188,148,149,114,74,42,17,12,4,5,7
14,25,46,67,125,143,134,159,146,168,243,146,176,179,175,168,130,94,51,22,10,8,5,5
10,50,66,91,120,137,144,135,145,125,121,146,165,168,181,155,130,106,60,11,11,10,0,0
25,62,101,110,122,133,140,133,126,110,106,133,163,160,159,165,121,103,44,25,12,6,0,7
12,47,58,82,119,131,136,134,114,106,101,123,146,157,155,166,124,102,52,26,24,10,1,0
4,47,50,76,108,114,115,110,105,13,91,105,121,126,152,125,107,74,16,14,12,2,8,3
10,37,55,102,113,121,114,93,100,86,50,107,110,136,130,123,106,63,13,12,10,9,11,5
12,43,60,101,112,124,120,107,78,61,82,82,100,127,129,118,101,13,12,14,14,13,12,2
10,17,43,68,103,101,101,75,61,53,70,75,80,91,84,85,35,22,10,10,10,10,9,6
13,14,50,59,96,103,87,60,49,26,52,79,82,104,111,70,22,23,22,10,12,10,3,4
10,17,60,108,125,108,69,55,52,56,94,76,87,112,120,76,11,12,22,10,3,8,5,0
10,13,49,69,94,103,57,52,50,31,51,54,65,130,139,57,14,14,11,7,0,2,1,2
5,9,7,50,76,63,52,15,17,14,22,52,64,93,86,51,11,6,9,3,4,3,0,0
0,0,6,11,23,49,39,13,7,0,14,14,51,56,58,17,11,1,12,5,9,8,3,0
3,0,0,5,12,21,24,13,3,10,7,13,50,54,58,32,13,6,4,6,11,4,6,0
0,0,7,5,12,19,17,7,24,11,12,26,51,58,51,25,13,1,0,4,5,4,0,0
0,0,0,9,11,10,5,13,13,12,13,25,49,51,48,43,9,0,7,0,0,0,0,0
2,0,0,0,0,0,0,13,11,8,4,24,35,52,55,16,29,6,0,2,0,0,3,0
0,0,0,0,2,0,7,13,10,7,10,35,52,54,52,12,5,8,11,12,9,0,0,8
0,0,0,0,8,0,1,10,10,3,0,19,15,51,27,13,9,10,9,11,9,0,0,0
4,5,0,0,9,7,12,13,0,0,9,12,50,47,26,23,7,10,8,7,7,5,2,6
2,9,0,0,9,10,1,7,1,6,12,13,44,36,27,7,5,2,7,0,8,10,6,0
0,0,4,6,12,13,12,9,11,6,3,8,33,25,13,5,5,6,0,0,4,0,5,8

7,0,0,0,0,0,0,0,9,46,53,50,2,4,0,0,0,0,9,36,54,56,59,77
12,0,0,0,0,0,0,0,0,7,0,0,0,0,0,0,0,0,0,11,42,84,129,143
63,9,1,0,0,9,9,9,40,12,9,0,0,0,0,0,0,10,10,38,44,61,92,102
53,50,34,26,50,53,26,27,39,72,73,36,13,13,24,14,6,17,23,52,53,55,59,27
32,31,50,61,73,84,78,74,104,110,102,91,108,70,65,59,51,50,36,34,11,31,33,3
11,34,53,59,68,88,106,139,152,118,135,163,155,110,92,59,55,45,47,36,9,13,10,0
9,14,50,59,65,91,149,170,170,130,133,194,192,160,108,68,54,60,50,7,12,14,0,0
9,3,49,59,70,118,162,182,174,145,129,188,178,156,124,64,56,59,11,54,12,0,0,0
6,11,43,39,63,96,132,180,187,165,126,174,193,155,111,72,11,27,9,0,0,0,0,0
0,7,13,42,60,85,134,186,227,188,152,200,242,239,153,76,63,10,14,5,0,0,6,0
0,11,13,14,63,84,130,231,278,205,172,183,219,239,166,106,66,13,11,0,5,0,0,0
3,0,2,12,62,71,111,201,208,177,175,158,158,198,158,109,65,16,2,0,6,5,0,9
0,3,0,10,69,88,106,132,144,153,158,161,155,147,130,110,80,9,6,9,4,0,0,0
0,0,7,11,60,80,107,127,130,140,149,149,142,143,131,115,98,1,5,5,0,0,0,4
0,0,0,7,53,57,75,120,117,98,128,146,147,140,130,111,63,12,3,8,0,2,2,2
0,0,0,3,51,77,67,114,123,119,122,145,162,143,122,88,62,15,9,1,0,11,0,0
0,0,0,7,13,81,101,111,100,114,128,128,146,108,84,67,52,14,7,9,5,0,2,0
0,5,14,33,42,51,57,93,103,122,132,135,109,103,96,62,44,17,18,14,7,6,11,1
0,2,9,40,75,90,107,120,121,164,141,154,135,98,102,102,70,50,28,12,4,9,5,4
0,6,40,79,78,93,90,135,148,173,169,193,175,133,140,119,114,96,52,11,4,1,0,5
8,19,39,43,79,92,130,139,130,180,175,210,176,139,146,134,119,101,43,27,0,0,0,7
10,14,48,69,117,134,137,163,166,176,226,175,169,189,148,151,115,75,42,17,13,4,5,7
14,25,45,68,125,143,134,160,146,170,245,147,177,180,176,169,131,95,51,23,10,8,6,5
10,51,66,92,120,137,144,135,146,125,122,146,165,168,182,156,131,106,60,11,11,10,0,0
25,63,101,110,123,133,140,134,126,110,106,134,164,160,160,165,122,103,44,25,12,7,0,7
12,47,58,83,119,131,136,134,114,106,101,124,146,158,155,166,125,102,55,26,25,10,1,0
4,46,50,77,108,114,115,110,105,13,92,105,121,127,152,125,107,73,17,14,12,2,8,3
10,37,55,102,113,121,114,92,100,86,50,107,109,135,130,123,106,63,12,13,10,9,11,5
12,43,60,101,112,124,120,107,78,61,82,83,100,127,129,118,101,13,12,14,14,14,12,2
10,16,44,67,103,101,101,75,61,53,70,75,80,91,83,85,35,22,10,10,10,10,9,6
13,14,49,59,96,103,87,60,50,25,52,79,82,104,111,70,21,23,23,10,12,10,3,4
10,17,60,107,125,108,68,55,52,56,94,76,87,112,120,76,11,12,22,10,3,8,5,0
10,13,49,69,94,103,58,52,50,32,51,54,66,130,139,57,14,14,11,7,0,2,1,2
5,9,7,50,75,63,52,15,16,14,23,52,64,93,86,51,11,6,9,3,4,3,0,0
0,0,6,11,22,49,38,13,7,0,14,14,51,56,58,17,11,1,12,4,9,8,3,0
3,0,0,5,12,21,24,13,3,10,7,13,50,54,58,32,13,6,4,6,11,3,6,0
0,0,7,5,12,19,17,7,24,11,12,25,50,58,51,25,13,1,0,4,5,4,0,0
0,1,0,9,11,10,5,13,13,12,13,25,48,50,48,43,9,0,7,0,0,0,0,0
2,0,0,0,0,0,0,13,11,8,4,24,36,52,55,16,29,6,0,2,0,0,3,0
0,0,0,0,2,0,7,13,10,7,10,35,52,54,52,12,5,8,11,12,9,0,0,8
0,0,0,0,8,0,1,10,10,3,0,18,15,51,30,13,9,10,9,11,9,0,0,0
4,5,0,0,9,7,12,13,0,0,9,12,50,44,27,23,7,10,8,7,7,5,2,6
2,9,0,0,9,10,1,7,1,6,12,13,40,36,28,7,5,2,7,0,8,10,6,0
0,0,4,6,12,13,12,9,11,6,3,8,32,25,13,5,5,6,0,0,4,0,5,8

7,0,0,0,0,0,0,0,9,46,53,50,2,4,0,0,0,0,9,37,55,56,59,77
12,0,0,0,0,0,0,0,0,8,0,0,0,0,0,0,0,0,0,12,42,84,129,143
63,10,1,0,0,9,9,10,48,13,10,0,0,0,0,0,0,10,10,38,46,62,92,102
54,50,35,27,50,54,27,31,50,76,78,39,13,13,25,15,6,17,24,52,53,55,59,28
34,33,50,62,73,84,78,75,105,111,102,92,108,71,65,59,52,50,36,35,11,31,34,3
11,35,53,59,68,88,106,140,154,120,137,165,157,111,92,59,55,44,47,36,9,13,10,0
9,14,50,59,65,91,148,171,172,132,135,196,193,160,108,68,54,60,50,7,12,14,0,0
9,3,49,59,69,118,161,182,175,146,130,190,178,156,123,64,56,59,11,54,12,0,0,0
6,11,43,38,63,95,131,180,187,165,127,174,193,154,111,71,11,28,9,0,0,0,0,0
0,6,13,41,60,84,133,186,228,189,153,199,242,239,151,76,64,10,14,5,0,0,6,0
0,12,13,14,63,83,129,228,279,207,172,184,221,237,164,105,66,13,11,0,5,0,0,0
3,0,2,11,62,70,110,202,212,178,174,157,159,199,157,109,65,15,2,0,6,5,0,9
0,3,0,10,68,88,106,132,143,152,157,160,154,147,130,110,80,9,5,9,4,0,0,0
0,0,7,11,60,79,106,127,129,139,148,148,142,143,130,115,98,1,5,5,0,0,0,4
0,0,0,7,53,57,75,120,117,98,127,145,146,140,130,111,63,12,3,8,0,2,2,2
0,0,0,3,50,77,67,114,122,118,121,144,161,142,122,87,62,15,9,1,0,11,0,0
0,0,0,7,12,80,101,111,99,114,127,127,145,107,84,67,52,14,7,9,5,0,2,0
0,5,14,33,42,51,57,93,102,122,132,134,108,103,96,62,44,17,19,14,7,5,11,2
0,2,9,43,75,91,107,120,121,164,141,153,134,98,102,102,70,50,29,13,4,9,5,4
0,6,40,79,79,94,91,135,148,173,169,193,174,132,140,119,115,98,53,12,4,1,0,5
8,20,39,43,79,92,131,139,130,181,175,210,177,139,147,134,120,102,44,27,0,0,0,7
10,14,49,70,117,134,137,163,166,176,227,176,170,190,149,152,116,76,43,18,13,4,5,7
14,26,46,68,125,144,134,160,147,170,245,147,178,180,176,169,132,96,52,24,11,9,6,5
10,50,66,91,120,137,144,135,146,125,122,147,165,169,182,156,131,107,61,11,11,10,0,0
27,63,101,110,122,134,140,134,126,110,106,134,164,161,159,166,122,103,45,26,12,7,0,7
12,47,60,83,119,131,136,134,114,106,101,124,146,158,155,167,125,102,55,26,25,10,1,0
4,48,51,77,108,114,115,110,105,13,92,105,122,126,153,125,107,75,17,14,12,2,8,3
10,37,55,102,113,121,114,92,100,84,50,107,109,135,130,123,106,66,12,13,10,9,11,5
12,43,60,101,112,124,120,107,78,62,82,82,100,127,129,118,101,14,12,14,14,14,12,2
10,16,44,67,103,101,101,75,61,53,70,75,80,91,84,85,35,22,10,10,10,10,9,6
14,14,50,59,96,103,87,60,50,25,52,79,83,104,111,70,21,22,22,10,12,10,3,4
10,17,60,107,125,108,69,55,52,56,94,76,87,112,120,76,11,12,22,10,3,8,5,0
10,13,49,69,94,103,58,52,50,32,51,54,66,130,139,57,14,14,11,7,0,2,0,2
5,9,7,50,75,63,52,15,16,14,22,52,64,93,86,51,11,6,9,3,4,3,0,0
0,0,6,11,23,50,39,13,7,0,14,14,51,56,58,17,11,1,12,5,9,8,3,0
3,0,0,5,12,21,24,13,3,10,7,13,50,54,57,32,13,6,4,6,11,3,6,0
1,0,7,5,12,20,17,7,24,11,12,25,50,58,51,25,13,1,0,4,4,4,0,0
0,1,0,9,11,10,5,13,13,12,13,26,49,50,48,43,9,0,7,0,0,0,0,0
3,0,0,0,0,0,0,13,11,8,4,25,36,52,55,17,29,6,0,2,0,0,3,0
0,0,0,0,2,0,7,14,10,7,10,35,52,54,52,12,5,8,11,12,9,0,0,8
0,0,0,0,8,0,1,10,10,3,0,20,16,51,27,13,9,10,9,11,9,0,0,0
4,5,0,0,9,7,12,13,0,0,9,12,50,45,27,23,7,10,8,7,7,5,1,6
2,9,0,0,9,10,1,7,1,6,12,13,41,36,27,7,5,2,7,0,8,10,6,0
0,0,4,6,12,13,12,9,11,6,3,8,31,25,13,5,5,6,0,0,4,0,5,8

8,0,0,0,0,0,0,1,10,50,54,51,3,4,0,0,0,0,9,37,55,56,59,77
11,0,0,0,0,0,0,0,0,8,1,0,0,0,0,0,0,0,0,11,42,84,129,143
63,10,1,0,0,9,9,10,47,13,10,0,0,0,0,0,0,10,10,40,46,61,92,102
53,50,35,27,50,53,27,31,44,73,75,38,13,13,27,15,6,17,24,52,53,55,59,27
35,33,50,61,73,84,79,75,105,111,102,92,109,71,66,59,51,50,36,35,11,31,34,3
11,36,52,59,68,88,107,141,155,120,137,166,158,112,93,59,55,45,47,36,9,13,10,0
9,15,50,60,65,92,150,172,172,131,134,195,193,160,108,68,55,60,50,7,12,14,0,0
9,3,49,59,69,118,162,183,175,146,129,188,176,155,122,64,56,59,11,54,12,0,0,0
6,11,43,41,63,96,131,179,187,165,127,173,192,154,111,71,11,29,9,0,0,0,0,0
0,6,13,41,60,84,133,185,226,188,152,200,242,239,152,76,64,10,14,4,0,0,6,0
0,12,13,14,63,84,130,230,276,205,172,185,220,238,166,106,66,13,11,0,5,0,0,0
3,0,2,12,62,71,111,201,209,179,176,159,160,198,158,110,65,17,2,0,6,5,0,9
0,3,0,10,69,89,106,133,144,154,159,162,156,148,130,110,81,9,6,9,4,0,0,0
0,0,7,11,60,80,107,127,130,140,149,149,142,143,131,115,98,1,5,5,0,0,0,4
0,0,0,7,53,57,76,120,117,99,128,146,147,140,130,111,64,13,4,8,0,2,2,2
0,0,0,3,51,77,67,114,123,119,122,145,163,143,122,88,62,15,9,1,0,11,0,0
0,0,0,7,13,81,101,111,100,114,128,128,146,108,84,67,52,14,7,8,5,0,2,0
0,5,14,33,42,51,57,93,103,122,133,135,109,103,96,61,44,17,18,14,7,6,11,1
0,2,9,39,74,90,107,120,121,165,141,154,135,98,102,102,70,50,27,12,4,9,5,4
0,6,39,79,78,92,90,135,148,172,169,193,174,132,140,119,114,96,52,12,4,1,0,5
8,20,39,43,79,91,130,139,129,180,175,209,176,139,146,133,119,101,43,27,0,0,0,7
10,14,48,69,116,134,137,162,165,175,226,174,168,189,148,150,115,75,42,17,13,4,5,7
14,26,46,68,125,143,134,159,146,169,243,146,177,179,175,168,131,95,51,23,11,9,6,6
10,51,66,91,120,137,144,135,145,125,122,146,165,168,182,156,131,106,60,11,11,10,0,0
25,63,101,110,122,133,140,134,126,110,106,134,164,160,159,165,122,103,44,25,12,7,0,7
12,47,58,83,119,131,136,134,114,106,102,124,146,158,155,166,124,102,54,26,25,10,1,0
4,47,50,76,108,114,115,110,105,13,92,105,121,127,152,125,107,74,17,14,12,2,8,3
10,36,55,102,113,121,114,92,100,86,50,107,109,136,130,123,106,63,12,13,10,9,11,5
12,44,60,101,112,124,120,107,78,62,82,82,100,127,128,118,101,13,12,14,14,14,12,2
10,18,45,67,103,101,101,75,61,53,70,75,80,91,84,84,36,22,10,10,10,10,9,6
14,14,50,59,96,103,87,60,50,26,52,78,82,104,111,70,22,23,22,10,12,10,3,4
10,17,60,108,126,108,69,55,52,56,94,76,87,112,120,76,11,12,22,10,3,8,5,0
10,13,50,69,94,103,58,52,50,32,51,54,66,130,140,57,14,14,11,7,0,2,1,2
5,9,7,50,76,63,52,15,18,14,22,52,64,93,86,51,11,6,9,3,4,3,0,0
0,1,6,11,24,50,40,13,7,0,14,14,51,56,58,18,11,1,13,5,9,8,3,0
3,0,0,6,12,23,26,13,3,10,7,13,50,54,57,33,13,6,4,6,11,3,6,0
1,0,7,5,12,20,18,7,26,11,13,26,51,58,51,25,13,1,0,4,5,4,0,0
0,1,0,9,11,10,6,13,13,12,13,26,49,51,48,43,9,0,7,0,0,0,0,0
2,0,0,0,0,0,0,13,11,8,4,25,36,52,55,18,29,6,0,2,0,0,3,0
0,0,0,0,3,0,7,13,11,7,10,36,52,54,52,13,5,8,11,12,9,0,0,8
0,0,0,0,8,0,1,10,10,3,0,19,17,51,28,13,9,10,9,11,9,0,0,0
4,5,0,0,10,7,12,13,0,0,9,12,50,46,28,23,7,10,8,7,7,5,2,6
2,9,0,0,9,10,1,7,1,6,12,13,41,36,27,7,5,2,7,0,8,10,6,0
0,0,4,6,12,13,12,9,11,6,3,8,32,25,13,5,5,6,0,0,4,0,5,8

8,0,0,0,0,0,0,2,10,51,56,54,3,5,0,0,0,0,9,40,55,56,59,77
11,0,0,0,0,0,0,0,0,9,3,0,0,0,0,0,0,0,0,11,42,84,129,143
63,9,1,0,0,8,8,9,43,13,10,0,0,0,0,0,0,10,10,40,46,61,92,102
53,50,34,26,50,54,26,27,37,70,73,36,13,13,25,16,6,17,24,52,53,55,59,24
33,34,50,62,73,84,79,74,104,110,102,92,109,71,66,59,51,50,36,35,11,31,34,3
11,34,53,59,68,89,108,142,154,118,135,165,159,112,93,59,55,44,47,36,9,13,10,0
9,15,50,59,65,92,150,172,170,130,133,192,192,161,108,68,54,60,50,7,12,14,0,0
9,3,49,59,70,118,162,181,172,144,128,185,175,154,122,64,56,59,11,54,12,0,0,0
6,11,43,40,63,96,131,177,184,162,125,171,190,153,111,72,11,28,9,0,0,0,0,0
0,6,13,43,60,85,134,184,223,185,150,198,240,240,154,76,64,10,14,4,0,0,6,0
0,12,13,15,64,85,132,233,274,204,174,185,215,237,169,107,67,13,12,0,4,0,0,0
3,0,2,12,63,71,113,199,205,180,179,162,160,196,159,110,66,20,2,0,6,5,0,9
0,3,0,11,72,89,107,133,145,156,162,165,159,149,131,110,82,10,6,9,4,0,0,0
0,0,7,12,61,80,107,128,131,142,152,152,144,144,131,116,99,0,5,6,0,0,0,4
0,0,0,8,53,57,76,121,119,100,130,148,148,141,131,111,65,13,4,8,0,2,2,2
0,0,0,4,51,78,67,115,124,121,124,147,164,144,123,88,63,17,9,1,0,12,0,0
0,0,0,7,13,82,101,112,101,116,130,130,147,109,85,68,53,14,7,8,5,0,2,0
0,5,14,32,42,50,57,94,104,124,134,136,111,104,96,62,44,16,18,14,7,6,11,1
0,1,9,37,74,89,107,121,122,166,142,155,135,98,102,102,69,48,26,12,4,9,5,4
0,6,38,79,77,91,90,135,148,173,169,193,175,132,139,118,113,93,49,11,4,0,0,5
7,19,39,43,78,91,129,138,129,179,174,209,176,139,145,133,118,101,42,26,0,0,0,7
10,14,48,69,116,134,137,162,164,174,224,173,167,188,147,149,114,74,42,17,13,4,5,7
14,25,46,68,124,143,134,159,146,167,241,145,176,179,174,167,130,93,51,22,10,8,5,5
10,51,65,91,120,137,144,135,145,124,121,146,164,167,181,155,130,106,59,11,11,10,0,0
24,63,101,110,122,133,139,133,126,110,106,133,163,160,159,164,121,103,44,25,12,6,0,7
12,46,58,83,119,131,136,133,114,106,101,124,146,158,154,166,124,101,52,26,24,10,1,0
4,48,51,76,108,114,115,110,105,13,92,105,121,126,152,125,107,74,16,14,12,2,8,3
10,36,55,102,113,121,114,92,100,86,50,107,109,135,130,123,106,63,12,12,10,9,11,5
12,43,60,101,112,124,119,107,78,62,82,82,100,127,128,118,101,13,12,14,14,14,12,2
10,17,44,67,103,101,101,75,61,53,70,75,80,91,83,85,36,22,10,10,10,10,9,6
14,14,50,59,97,103,87,60,50,25,52,78,82,104,111,70,22,23,23,10,12,10,3,4
10,17,60,108,126,108,69,55,52,56,95,76,86,113,120,76,11,12,22,10,3,8,5,0
10,13,50,69,94,103,58,52,50,32,51,54,66,130,140,57,14,14,11,7,0,3,1,2
5,9,7,50,76,63,52,15,18,14,23,52,64,93,86,51,11,6,9,3,4,3,0,0
0,1,6,11,25,50,40,13,7,0,14,14,51,56,58,17,11,1,13,4,9,8,3,0
3,0,0,6,12,23,25,13,3,10,7,13,50,54,58,32,13,6,4,6,11,3,6,0
1,0,7,5,12,21,17,7,26,11,13,27,51,58,51,25,13,1,0,4,4,4,0,0
0,1,0,9,11,10,6,13,13,12,13,27,50,51,48,43,9,0,7,0,0,0,0,0
2,0,0,0,0,0,0,13,11,8,4,25,36,52,55,18,29,6,0,2,0,0,3,0
0,0,0,0,3,0,7,14,10,7,10,36,52,54,52,13,5,8,11,12,9,0,0,8
0,0,0,0,8,0,2,10,10,4,0,21,19,52,26,13,9,10,9,11,9,0,0,0
4,5,0,0,10,7,12,13,0,0,9,12,50,48,28,23,7,10,8,7,7,5,2,6
2,9,0,0,9,10,1,7,1,6,12,14,44,37,27,7,5,2,7,0,8,10,6,0
0,0,4,6,12,13,12,9,11,6,3,8,32,26,13,5,5,6,0,0,4,0,5,8

8,0,0,0,0,0,0,1,11,50,53,35,0,4,0,0,0,0,9,39,55,56,59,77
12,0,0,0,0,0,0,0,0,10,3,0,0,0,0,0,0,0,0,12,44,84,129,144
63,10,1,0,0,9,9,10,51,25,11,0,0,0,0,0,0,10,11,40,47,61,92,102
53,50,35,27,50,54,26,28,39,71,74,36,13,13,31,19,6,17,25,52,53,55,59,27
33,34,50,61,73,84,79,74,104,110,102,92,109,71,67,59,52,50,36,35,11,31,34,3
11,36,53,59,68,89,108,142,154,119,136,166,158,112,93,60,56,46,47,36,10,13,10,0
9,15,51,60,65,92,151,172,172,131,134,194,193,161,109,68,55,60,50,7,12,14,0,0
9,3,50,59,70,118,163,182,174,145,128,186,177,156,124,64,56,60,12,54,12,0,0,0
6,11,44,40,64,97,131,178,185,163,126,172,192,154,112,72,11,29,9,0,0,0,0,0
0,7,13,44,60,85,134,185,224,186,151,199,241,240,155,77,64,10,14,4,0,0,6,0
0,12,13,15,64,85,132,232,274,204,175,186,217,238,168,107,67,14,12,1,5,0,0,0
3,0,2,12,63,71,113,199,206,180,178,162,160,196,158,110,66,20,2,0,6,5,0,9
0,3,0,11,72,89,107,133,145,156,161,164,158,148,131,110,82,9,6,9,4,0,0,0
0,0,7,12,61,80,107,127,131,141,151,151,143,144,131,115,99,1,5,6,0,0,0,4
0,0,0,9,53,57,76,121,119,100,130,148,148,141,131,111,65,13,4,8,0,2,2,2
0,0,0,4,52,78,67,115,124,121,124,147,164,144,123,88,63,18,9,1,0,12,0,0
0,0,0,7,13,82,101,112,101,116,129,130,147,109,84,67,52,14,7,8,5,0,2,0
0,5,14,33,42,50,57,94,104,124,134,136,110,104,96,62,44,16,18,14,7,6,11,2
0,1,9,39,73,89,107,121,122,166,142,155,135,98,102,102,69,49,26,12,4,9,5,4
0,6,38,79,78,92,90,135,148,173,170,193,175,132,140,118,113,93,50,11,4,0,0,5
8,19,39,43,78,91,130,138,129,179,174,209,176,138,146,133,118,101,42,26,0,0,0,7
10,14,48,69,116,134,137,162,165,174,224,173,167,188,147,149,114,74,42,17,13,4,5,7
14,25,46,67,125,143,134,159,146,167,242,146,176,179,174,167,130,93,51,22,10,9,5,5
10,50,66,91,120,137,144,135,145,125,121,146,164,168,181,155,130,106,59,11,11,10,0,0
24,62,101,110,122,133,139,133,126,110,106,133,163,160,159,164,121,103,44,25,12,6,0,7
12,48,58,83,119,131,136,133,114,106,101,124,146,157,154,166,124,102,54,26,24,10,1,0
4,50,50,77,108,114,115,110,105,13,94,105,121,126,152,125,107,74,16,14,12,2,8,3
10,37,55,102,113,121,114,92,100,86,51,107,109,136,130,123,106,62,12,12,10,9,11,5
12,42,60,101,112,124,119,107,78,61,82,82,100,127,128,118,101,13,12,14,14,14,12,2
10,17,44,68,102,101,101,75,61,53,70,75,80,91,84,85,36,22,10,10,10,10,9,6
13,14,50,59,97,103,87,60,50,26,52,78,82,104,111,70,22,23,23,10,12,10,3,4
11,19,60,108,126,108,69,55,52,56,95,76,86,113,120,76,11,12,22,10,3,8,5,0
10,13,49,69,94,103,58,52,50,32,52,54,66,130,140,57,14,14,11,7,0,2,0,2
5,9,7,50,75,63,52,17,18,14,22,52,64,93,86,51,12,6,9,3,4,3,0,0
0,0,6,11,24,49,39,13,7,0,14,14,51,56,58,17,11,1,12,4,9,8,3,0
3,0,0,6,12,22,25,13,3,10,7,13,50,54,57,32,13,6,4,6,11,3,6,0
1,0,7,5,12,20,18,7,26,11,13,28,51,58,51,25,13,1,0,4,4,4,0,0
0,1,0,9,11,10,6,13,13,12,13,27,49,51,49,43,9,0,7,0,0,0,0,0
3,0,0,0,0,0,0,13,11,9,4,25,36,52,55,16,29,6,0,2,0,0,3,0
0,0,0,0,3,0,7,14,11,7,10,37,52,54,52,13,5,8,12,12,9,0,0,8
0,0,0,0,8,0,1,10,10,4,0,20,17,51,28,13,9,10,8,11,9,0,0,0
4,5,0,0,10,7,12,13,0,0,9,12,50,48,27,23,7,10,8,7,7,5,1,6
2,9,0,0,9,10,1,7,1,6,12,13,43,37,27,7,5,2,7,0,8,10,6,0
0,0,5,6,12,13,12,9,11,6,3,8,34,26,13,5,5,6,0,0,4,0,5,8

8,0,0,0,0,0,0,2,11,51,53,32,0,4,0,0,0,0,9,39,55,56,59,77
12,0,0,0,0,0,0,0,0,11,4,0,0,0,0,0,0,0,0,12,44,84,129,144
63,10,1,0,0,9,9,11,53,35,11,0,0,0,0,0,0,10,11,41,47,62,92,102
53,50,35,27,50,54,28,31,45,73,76,36,13,13,33,19,6,17,26,52,54,55,59,27
33,34,50,61,73,84,78,74,105,111,102,92,108,71,66,59,52,50,36,35,11,31,34,3
11,36,53,59,68,88,107,141,155,120,137,165,156,111,93,59,56,46,47,36,10,13,10,0
9,15,50,59,65,92,150,172,173,133,135,195,191,160,109,68,54,60,50,7,12,14,0,0
9,3,50,59,70,118,162,183,175,146,130,189,178,156,123,64,57,60,12,54,12,0,0,0
6,11,43,40,64,96,131,179,187,165,127,174,193,154,112,72,11,30,9,0,0,0,0,0
0,7,13,43,60,84,134,186,227,189,153,200,243,240,153,77,64,11,14,4,0,0,6,0
0,12,13,14,64,84,130,230,278,208,174,185,219,238,166,106,66,13,12,1,5,0,0,0
3,0,2,12,62,71,111,201,210,180,176,160,159,197,157,110,65,18,2,0,6,5,0,9
0,3,0,11,69,88,106,132,144,154,159,162,156,148,130,110,82,9,6,9,4,0,0,0
0,0,7,12,61,80,107,127,130,140,149,150,143,143,131,115,99,1,5,6,0,0,0,4
0,0,0,8,53,57,76,120,118,99,129,147,148,140,130,111,64,13,4,8,0,2,2,2
0,0,0,4,51,77,67,114,123,120,123,146,163,143,122,88,63,17,9,1,0,12,0,0
0,0,0,7,13,81,101,112,100,115,129,129,146,109,84,67,52,14,7,8,5,0,2,0
0,5,14,33,42,51,57,94,103,123,133,135,110,104,96,62,44,17,18,14,7,6,11,2
0,2,9,39,75,91,107,121,121,165,142,155,135,98,102,102,70,50,27,12,4,9,5,4
0,6,40,79,78,93,91,135,148,173,170,193,175,133,140,119,114,95,51,11,4,1,0,5
8,20,39,43,79,91,130,139,130,180,175,210,176,139,146,133,119,101,43,27,0,0,0,7
10,14,49,69,117,134,137,163,166,175,226,174,169,189,148,150,115,75,42,17,13,4,5,7
14,26,46,68,125,143,134,159,146,169,243,146,176,180,175,168,131,95,51,24,10,9,6,5
11,51,66,91,120,137,144,135,146,125,122,146,165,168,181,155,130,106,60,11,11,10,0,0
25,63,101,110,122,133,140,133,126,110,106,134,164,160,159,165,122,103,44,25,12,7,0,7
13,47,59,83,119,131,136,134,114,106,101,124,146,158,154,166,124,102,55,26,24,10,1,0
4,46,51,76,108,114,115,110,105,13,92,105,122,127,152,125,107,74,17,14,12,2,8,3
10,37,55,102,113,121,114,92,100,86,51,107,109,136,130,123,106,63,12,13,10,9,11,5
12,43,60,101,112,124,119,107,78,62,82,82,100,127,128,118,101,13,12,14,14,14,12,2
10,18,45,67,102,101,101,75,61,53,70,75,80,91,83,85,36,23,10,10,10,10,9,6
14,14,50,59,97,103,87,60,50,26,52,79,82,104,111,70,22,23,23,10,12,10,3,4
11,17,60,108,125,108,69,55,52,56,94,76,86,113,120,76,11,12,22,10,3,8,5,0
10,13,49,69,94,103,58,52,50,32,51,54,66,130,139,57,14,14,11,7,0,2,0,2
5,9,7,50,75,63,52,15,18,14,23,52,64,93,86,51,11,6,10,3,4,3,0,0
0,1,6,11,24,49,39,13,7,0,14,14,51,56,58,17,11,1,13,4,9,8,3,0
3,0,0,6,12,23,25,13,3,10,7,14,50,54,57,32,13,6,4,6,11,3,6,0
1,0,7,5,12,21,17,7,25,11,13,27,50,58,51,25,13,1,0,4,4,4,0,0
0,1,0,9,11,10,6,13,13,12,13,26,50,50,48,44,9,0,7,0,0,0,0,0
3,0,0,0,0,0,0,13,11,8,4,25,35,52,55,16,29,6,0,2,0,0,3,0
0,0,0,0,3,0,7,13,11,7,10,35,52,54,52,12,5,8,11,12,9,0,0,8
0,0,0,0,8,0,2,10,10,4,0,21,18,51,25,13,9,10,8,11,9,0,0,0
4,5,0,0,10,7,12,14,0,0,9,12,50,48,27,23,7,10,8,7,7,5,1,6
2,9,0,0,9,10,1,7,1,6,12,13,43,36,27,7,5,2,7,0,8,10,6,0
0,0,5,6,12,13,12,9,11,6,3,8,34,25,13,5,5,6,0,0,4,0,5,8

8,0,0,0,0,0,0,3,11,51,53,50,1,4,0,0,0,0,9,40,54,56,59,77
12,0,0,0,0,0,0,0,0,11,5,0,0,0,0,0,0,0,0,12,42,83,129,143
63,10,1,0,0,9,9,11,54,50,11,0,0,0,0,0,0,10,11,42,47,61,91,102
53,50,35,27,50,54,27,31,50,75,80,39,13,13,27,20,6,17,26,52,53,55,59,25
34,34,50,61,73,84,78,75,105,111,102,92,108,70,66,59,52,50,36,35,11,31,34,3
11,35,53,59,68,88,107,141,155,121,137,164,153,109,92,59,55,46,47,37,9,13,10,0
9,15,50,59,65,91,149,171,173,133,136,195,190,158,108,68,55,60,50,7,12,14,0,0
9,3,50,59,69,118,162,183,176,147,130,190,179,157,123,64,56,60,12,54,12,0,0,0
6,11,44,40,64,96,130,179,187,166,128,175,194,154,111,72,11,30,9,0,0,0,0,0
0,7,13,43,60,84,133,186,230,191,155,201,244,240,153,76,64,10,14,4,0,0,5,0
0,12,13,14,63,84,129,228,280,211,175,186,221,238,165,106,66,13,12,1,5,0,0,0
3,0,2,12,62,70,110,203,215,180,176,159,160,198,157,109,65,17,2,0,6,5,0,9
0,3,0,10,69,88,106,132,144,153,158,161,155,147,129,109,80,9,6,9,4,0,0,0
0,0,7,12,61,79,106,127,130,140,149,149,142,143,130,115,98,1,5,5,0,0,0,5
0,0,0,8,53,57,75,120,118,99,128,146,147,140,130,111,64,13,4,8,0,2,2,2
0,0,0,3,51,77,67,114,123,119,122,145,162,143,122,88,63,17,9,1,0,11,0,0
0,0,0,7,13,81,101,112,100,114,128,128,146,108,84,68,52,14,7,9,5,0,2,0
0,5,14,33,42,51,57,93,103,122,132,135,109,103,96,62,45,17,19,14,7,6,11,2
0,2,9,43,75,91,107,121,121,165,141,154,135,98,102,102,70,50,28,13,4,9,5,4
0,7,40,80,79,93,91,135,148,173,169,193,175,133,140,119,115,96,52,12,4,1,0,5
8,20,39,44,79,92,131,139,130,180,175,210,177,139,146,134,119,102,43,27,0,0,0,7
10,14,49,69,117,134,137,163,166,176,226,175,169,189,148,151,115,75,42,17,13,4,5,7
14,26,46,68,125,144,134,160,146,170,244,146,177,180,176,168,131,95,52,23,11,9,6,5
11,52,66,91,120,137,144,135,146,125,122,147,165,168,182,156,131,107,60,11,11,10,0,0
28,63,101,110,122,133,140,134,126,110,106,134,164,161,159,165,122,103,44,26,12,7,0,7
12,47,59,84,119,131,136,134,114,106,101,124,146,158,154,166,124,102,55,26,24,10,1,0
4,48,51,78,108,114,115,110,105,13,92,105,122,126,152,125,107,74,19,14,12,2,8,3
10,36,55,102,113,121,114,92,100,86,51,107,109,136,130,123,106,63,12,13,10,9,11,5
12,43,60,101,112,124,119,107,78,62,82,82,100,127,128,118,101,14,12,14,14,14,12,2
10,17,45,68,102,101,101,75,61,53,70,75,80,91,84,85,35,23,10,10,10,10,9,6
14,14,50,59,97,103,87,60,50,26,52,79,82,104,111,70,22,23,23,10,12,10,3,4
10,17,60,108,125,108,68,55,52,56,94,76,86,112,120,76,11,12,22,10,3,8,5,0
10,13,49,69,94,103,58,52,50,32,51,54,66,130,139,57,14,14,11,7,0,2,0,2
5,9,7,50,75,63,52,15,18,14,23,52,64,93,86,51,11,6,10,3,4,3,0,0
0,1,6,11,24,50,41,13,7,1,14,14,51,56,57,17,11,1,12,4,9,8,3,0
3,0,0,6,12,22,25,13,3,10,7,13,50,54,57,32,13,6,4,6,11,3,6,0
1,0,7,5,12,20,18,7,25,11,13,28,51,58,51,25,13,1,0,4,4,4,0,0
0,1,0,9,11,10,6,13,13,12,13,27,50,51,48,42,9,0,7,0,0,0,0,0
3,0,0,0,0,0,0,14,11,9,4,25,36,52,54,17,29,6,0,2,0,0,3,0
0,0,0,0,3,0,7,13,11,7,10,37,52,54,52,12,5,8,11,12,9,0,0,8
0,0,0,0,8,0,2,10,10,4,0,21,18,52,23,13,9,10,9,11,9,0,0,0
4,6,0,0,10,7,12,13,0,0,9,12,48,46,27,23,7,10,8,7,7,5,1,6
2,9,0,0,9,10,1,7,1,6,12,14,43,36,27,7,5,2,7,0,8,10,6,0
0,0,5,6,12,13,12,9,11,6,3,8,31,25,13,5,5,6,0,0,4,0,5,8

8,0,0,0,0,0,0,5,11,53,55,53,3,4,0,0,0,0,9,39,54,56,59,77
12,0,0,0,0,0,0,0,0,12,7,0,0,0,0,0,0,0,0,11,42,83,129,143
63,9,1,0,0,8,8,11,55,52,11,0,0,0,0,0,0,10,10,40,46,61,91,101
53,50,33,26,50,54,27,31,46,74,78,37,13,12,19,15,6,17,25,52,53,55,58,24
33,31,50,61,73,84,78,75,105,111,102,91,108,71,66,59,51,49,36,35,11,31,34,3
11,34,52,59,67,88,107,141,155,120,136,163,155,110,92,59,55,44,46,36,9,13,10,0
9,14,50,59,65,90,148,171,172,132,134,193,190,159,108,68,54,60,50,7,12,13,0,0
9,3,50,59,69,117,161,182,174,146,129,187,176,155,122,64,56,60,11,54,12,0,0,0
6,11,44,40,64,96,130,177,185,165,127,173,192,153,111,72,11,30,9,0,0,0,0,0
0,7,13,44,60,84,133,185,227,189,153,199,242,240,154,76,64,10,14,4,0,0,5,0
0,12,13,15,64,84,130,230,278,208,174,185,219,239,167,107,67,13,12,1,5,0,0,0
3,0,2,12,62,71,111,200,211,181,177,160,160,196,158,110,65,19,2,0,6,5,0,9
0,3,0,11,71,89,107,133,144,154,159,163,157,147,130,110,82,10,6,9,4,0,0,0
0,0,7,12,61,80,107,127,130,141,150,150,143,144,131,115,99,1,5,6,0,0,0,4
0,0,0,9,53,57,76,120,118,99,129,147,148,140,131,111,65,13,4,8,0,2,2,2
0,0,0,4,52,78,67,114,123,120,123,146,163,143,123,88,63,18,9,1,0,12,0,0
0,0,0,8,13,82,101,112,101,115,129,129,147,109,84,67,52,14,7,8,5,0,3,0
0,5,14,33,42,51,57,94,104,123,133,135,110,103,96,62,44,17,18,14,7,6,11,2
0,2,9,41,75,91,107,121,122,166,142,155,135,98,103,102,70,50,27,12,4,9,5,4
0,7,40,80,78,93,91,135,148,173,170,193,175,132,140,118,114,95,51,11,4,1,0,5
8,20,40,44,79,92,130,139,130,180,175,210,176,139,146,133,119,101,43,27,0,0,0,7
10,14,50,69,117,134,137,162,165,175,225,174,168,188,147,150,114,74,42,17,13,4,5,7
14,26,46,68,125,143,134,159,146,168,242,146,176,179,175,167,131,94,51,23,11,9,6,5
10,52,65,91,120,137,144,135,145,125,122,146,164,167,182,155,130,106,60,11,11,10,0,0
27,63,101,110,122,133,140,133,126,110,106,134,164,160,159,165,121,103,44,26,12,6,0,7
13,47,58,83,119,131,136,134,114,106,102,124,146,157,154,166,124,102,54,26,24,10,1,0
4,50,51,77,108,114,115,110,105,13,93,105,121,126,152,125,107,74,16,14,12,2,8,3
10,37,55,102,113,121,114,92,100,86,51,107,109,135,130,123,106,63,12,13,10,9,11,5
12,43,60,101,112,124,119,107,78,62,82,82,100,127,128,118,101,13,12,14,14,14,12,2
10,17,45,68,103,101,101,75,61,53,70,75,80,91,84,85,36,23,10,10,10,10,9,6
14,14,50,59,97,103,87,60,50,26,52,78,82,104,111,70,22,23,23,10,12,10,3,4
11,19,60,108,126,108,69,55,52,56,96,76,86,113,120,76,11,12,22,10,3,8,5,0
10,13,49,69,94,103,58,52,50,33,52,54,66,130,140,57,14,14,11,7,0,2,0,2
5,9,7,50,76,63,52,16,18,14,23,52,64,93,86,51,11,6,10,3,4,3,0,0
0,1,6,11,25,50,39,13,7,1,14,14,51,56,58,17,11,2,13,4,9,8,3,0
3,0,0,6,12,22,26,13,3,10,7,14,50,54,57,32,13,6,4,6,11,3,6,0
1,0,7,5,12,21,18,7,26,11,13,28,51,58,51,25,13,1,0,4,4,4,0,0
0,1,0,9,11,10,6,13,13,12,13,27,50,51,48,43,9,0,7,0,0,0,0,0
3,0,0,0,0,0,0,13,11,9,4,25,36,52,55,17,29,6,0,2,0,0,3,0
0,0,0,0,3,0,7,14,10,7,10,37,52,54,52,12,5,8,11,12,9,0,0,8
0,0,0,0,8,0,2,10,10,4,0,22,19,52,27,13,9,10,9,11,9,0,0,0
4,5,0,0,10,7,12,13,0,0,9,12,50,50,27,23,7,10,8,7,7,5,1,6
2,9,0,0,9,10,1,7,1,6,12,14,44,37,27,7,5,2,7,0,8,10,6,0
0,0,5,6,12,13,12,9,11,6,3,8,34,26,13,5,5,6,0,0,4,0,5,8

8,0,0,0,0,0,0,6,11,53,57,55,3,5,0,0,0,0,9,39,54,56,59,77
12,0,0,0,0,0,0,0,3,13,7,0,0,0,0,0,0,0,0,12,42,83,129,143
63,9,1,0,0,7,8,11,55,51,11,0,0,0,0,0,0,10,10,40,46,61,91,101
53,50,32,25,50,54,26,29,38,71,77,36,13,13,16,15,6,17,25,52,53,55,59,22
32,34,48,61,73,84,79,75,105,110,101,92,109,71,67,59,51,50,36,35,11,31,34,3
11,35,52,59,67,88,108,142,155,119,135,164,156,111,93,59,55,45,46,36,9,13,10,0
9,14,50,59,65,91,150,172,172,131,133,191,191,160,108,68,55,60,50,7,12,13,0,0
9,3,50,59,70,118,161,182,173,145,128,185,175,154,123,64,56,60,12,54,12,0,0,0
6,11,43,41,64,96,130,176,184,163,125,171,190,153,112,72,11,30,9,0,0,0,0,0
0,7,13,44,60,84,133,184,224,186,151,198,240,240,155,77,64,10,14,4,0,0,5,0
0,12,13,15,64,85,131,231,275,207,175,186,217,238,169,107,67,14,12,1,5,0,0,0
3,0,2,12,63,71,112,199,209,182,179,163,161,195,158,110,65,20,2,0,6,5,0,9
0,3,0,12,73,89,107,133,145,156,161,165,159,148,130,110,82,10,6,9,4,0,0,0
0,0,8,13,62,80,107,128,132,142,152,152,144,144,131,116,100,0,5,6,0,0,0,4
0,0,0,9,53,57,77,121,120,101,131,148,149,141,131,112,65,14,5,8,0,2,2,2
0,0,0,4,52,79,67,115,124,121,125,148,165,144,123,89,63,20,10,1,0,12,0,0
0,0,0,8,14,83,101,112,102,116,130,131,148,110,85,68,53,14,7,8,5,0,2,0
0,5,14,33,42,50,57,94,105,124,134,137,111,104,97,62,44,16,18,14,7,6,11,2
0,2,9,40,74,90,107,121,122,167,142,156,135,98,103,102,69,49,25,12,4,9,5,4
0,6,39,80,77,92,90,135,148,174,170,193,175,133,139,118,113,92,48,11,4,0,0,5
8,20,39,43,78,91,130,139,130,179,175,209,176,138,146,133,118,101,42,26,0,0,0,7
10,14,48,69,116,134,137,162,165,174,224,173,167,188,147,149,114,74,41,17,13,4,5,7
14,26,46,68,125,143,134,159,146,167,241,145,175,178,174,166,130,93,51,22,10,9,5,5
10,51,66,91,120,137,144,135,145,124,121,146,164,167,181,155,130,106,59,11,11,10,0,0
27,63,101,110,122,133,139,133,126,110,106,133,163,160,159,164,121,103,44,25,12,6,0,7
13,47,59,83,119,131,136,133,114,106,102,124,146,157,154,165,124,101,52,26,24,10,1,0
4,48,51,77,108,114,115,110,105,13,93,105,121,126,152,125,107,74,16,14,12,2,8,3
10,37,55,102,113,121,114,92,100,86,52,107,110,136,130,123,106,61,12,13,10,9,11,5
12,43,61,101,112,124,119,107,79,62,82,83,101,127,128,118,101,13,12,14,14,14,12,2
10,18,45,68,103,101,101,75,61,53,70,75,80,91,83,85,36,22,10,10,10,10,9,6
14,14,50,59,97,103,87,60,50,26,52,78,82,104,111,70,22,23,23,10,12,10,3,4
11,19,60,108,126,108,68,55,52,56,96,76,86,113,120,77,11,12,22,10,3,8,5,0
10,13,49,69,94,103,58,52,50,32,52,54,66,130,140,57,14,14,11,7,0,3,1,2
5,9,7,50,76,63,52,17,19,14,23,52,64,93,86,51,11,6,10,3,4,3,0,0
0,1,6,11,25,50,40,13,7,1,14,14,51,56,58,18,12,2,13,5,9,8,3,0
3,0,0,6,13,23,27,13,4,10,8,13,50,54,58,32,13,6,4,6,11,3,6,0
1,0,7,5,12,21,18,7,27,11,13,30,51,58,51,25,13,1,0,4,4,4,0,0
0,1,0,9,11,10,6,13,13,12,13,27,50,51,48,44,9,0,7,0,0,0,0,0
3,0,0,0,0,0,0,14,11,9,4,25,36,52,55,17,29,6,0,2,0,0,3,0
0,0,0,0,3,0,7,14,10,7,10,37,52,54,52,12,5,8,11,12,9,0,0,8
0,0,0,0,8,0,2,10,10,4,0,22,18,52,28,13,9,10,9,11,9,0,0,0
4,6,0,0,10,7,12,14,0,0,10,12,50,48,28,23,7,10,8,7,7,5,2,6
2,9,0,0,9,10,1,7,1,6,12,14,44,36,28,7,5,2,7,0,8,10,6,0
0,0,4,6,12,13,12,9,11,7,3,8,32,26,13,5,5,6,0,0,4,0,5,8

8,0,0,0,0,0,0,6,12,54,57,56,4,5,0,0,0,0,9,39,54,56,59,77
12,0,0,0,0,0,0,0,4,12,7,0,0,0,0,0,0,0,0,11,44,83,129,143
63,9,1,0,0,7,8,11,55,50,11,0,0,0,0,0,0,10,10,40,44,61,90,101
53,50,33,25,50,53,27,29,38,72,78,38,13,13,14,15,6,17,25,52,53,55,58,22
33,31,50,61,73,84,78,74,104,110,101,91,109,71,67,59,51,49,36,35,11,31,34,3
11,33,52,59,67,88,107,141,154,119,135,163,156,111,93,59,56,45,47,36,9,13,10,0
9,14,50,59,65,91,149,171,171,131,133,191,191,160,108,68,54,60,50,7,12,13,0,0
9,3,50,59,69,117,161,181,173,145,128,185,175,155,122,64,56,60,11,54,12,0,0,0
6,11,43,41,64,96,130,175,184,163,125,171,190,153,112,72,11,30,9,0,0,0,0,0
0,6,13,45,60,85,134,184,224,187,151,198,241,240,154,77,64,10,14,4,0,0,5,0
0,12,14,15,64,85,132,232,275,206,175,186,217,238,169,107,67,14,12,1,5,0,0,0
3,0,2,12,63,71,112,199,209,182,179,162,160,195,158,110,66,20,2,0,6,5,0,9
0,3,0,12,73,89,107,133,145,157,161,165,159,148,131,110,82,10,6,9,4,0,0,0
0,0,8,13,61,81,107,128,132,142,152,152,144,145,131,116,100,0,6,6,0,0,0,4
0,0,0,10,54,57,77,121,120,101,131,148,149,141,131,112,66,14,5,8,0,2,2,2
0,0,0,5,53,79,67,115,124,121,125,148,165,145,123,89,63,20,10,2,0,12,0,0
0,0,0,8,14,83,101,112,102,116,130,131,148,110,85,68,53,14,7,8,5,0,2,0
0,5,14,33,42,51,57,95,105,125,135,137,111,104,97,62,44,17,18,14,7,6,11,2
0,2,9,41,74,91,107,121,122,167,142,156,136,98,103,102,69,49,25,12,4,9,5,4
0,6,39,79,78,92,90,135,149,174,170,193,176,133,140,118,113,93,49,11,3,0,0,5
8,20,39,43,79,91,130,139,130,180,175,209,176,139,146,133,119,101,42,26,0,0,0,7
10,14,48,69,117,134,137,162,165,175,224,173,167,188,147,149,114,74,41,17,13,4,5,7
14,26,46,68,125,143,134,159,146,167,241,146,176,178,174,167,130,93,51,22,10,8,5,5
10,51,66,91,120,137,144,135,145,124,122,146,164,167,181,154,130,106,59,11,11,10,0,0
25,63,101,110,122,133,139,133,126,110,106,134,163,160,159,164,121,103,44,25,12,6,0,7
13,47,59,83,119,131,136,133,114,106,101,124,146,158,154,165,124,101,54,26,24,10,1,0
4,48,50,77,108,114,115,110,105,13,94,105,121,126,152,125,107,73,16,14,12,2,8,3
10,37,55,102,113,121,114,92,100,86,52,107,109,136,130,123,106,62,12,13,10,9,11,5
12,42,60,101,112,124,119,107,78,62,82,82,100,127,128,118,101,13,12,14,14,13,12,2
10,19,45,68,103,101,101,75,61,53,70,75,80,91,83,85,36,23,10,10,10,10,9,6
13,14,50,59,97,103,87,60,50,26,52,79,82,104,111,71,22,23,23,10,12,10,3,4
11,19,60,108,126,108,69,55,52,56,95,75,86,113,120,77,11,12,22,10,3,8,5,0
10,13,50,69,94,103,58,52,50,33,52,54,66,130,140,57,14,14,11,7,0,2,0,2
5,9,7,50,76,63,52,16,18,14,23,52,64,93,86,51,11,6,10,3,4,3,0,0
0,1,6,11,25,49,39,13,7,1,14,14,51,56,58,17,11,2,13,5,9,8,3,0
3,0,0,6,12,23,26,13,4,11,8,14,50,54,57,32,13,6,4,6,11,3,6,0
1,0,7,5,12,21,18,7,26,11,13,29,51,58,51,25,13,1,0,4,4,4,0,0
0,1,0,9,11,10,6,13,13,12,13,27,50,51,49,45,9,0,7,0,0,0,0,0
3,0,0,0,0,0,0,14,11,9,4,25,36,52,55,18,29,5,0,2,0,0,3,0
0,0,0,0,3,0,7,14,11,7,10,37,52,54,52,12,5,8,11,12,9,0,0,8
0,0,0,0,8,0,2,10,10,4,0,22,19,52,26,13,9,10,9,11,9,0,0,0
4,6,0,0,10,7,12,14,0,0,9,12,50,50,28,23,7,10,8,7,7,5,1,6
2,9,0,0,9,10,1,7,1,7,12,14,43,37,27,7,5,2,7,0,8,10,6,0
0,0,5,6,12,13,12,9,11,7,3,8,33,26,13,5,5,6,0,0,4,0,5,8

8,0,0,0,0,0,0,7,12,54,58,58,4,6,0,0,0,0,9,39,54,56,59,77
12,0,0,0,0,0,0,0,5,12,7,0,0,0,0,0,0,0,0,11,42,84,129,143
63,9,1,0,0,7,8,11,55,51,11,0,0,0,0,0,0,10,10,40,44,61,90,101
53,50,32,25,50,54,26,28,38,71,78,39,13,13,14,15,6,17,25,52,53,55,58,22
31,30,48,61,73,84,78,74,104,110,101,92,109,71,66,59,51,49,36,35,11,31,33,3
11,33,52,58,67,88,107,141,154,120,135,163,155,111,92,60,55,45,47,36,9,13,10,0
9,14,50,59,65,91,148,171,171,132,134,192,191,160,108,68,55,60,50,7,12,13,0,0
9,3,50,59,70,117,160,181,174,145,129,186,176,155,122,64,56,60,12,54,12,0,0,0
6,11,43,42,64,96,130,176,185,164,126,172,191,154,112,72,11,30,9,0,0,0,0,0
0,7,13,45,60,85,134,185,226,188,152,199,241,240,154,77,64,10,15,4,0,0,5,0
0,12,14,15,64,85,131,231,277,207,174,184,216,238,168,107,67,14,12,1,5,0,0,0
3,0,3,12,63,71,112,201,210,181,177,161,160,196,158,110,66,19,2,0,6,5,0,9
0,4,0,11,74,89,107,133,145,155,160,164,158,148,131,110,82,10,6,9,4,0,0,0
0,0,8,12,61,80,107,127,131,141,150,151,144,144,131,115,100,0,5,6,0,0,0,4
0,0,0,9,53,57,76,121,119,100,130,148,148,141,131,111,66,13,5,8,0,2,2,2
0,0,0,4,52,78,67,115,124,121,124,147,164,144,123,89,63,19,9,1,0,12,0,0
0,0,0,8,14,82,101,112,101,116,130,130,147,109,85,68,53,14,7,8,5,0,2,0
0,6,14,34,42,51,57,94,104,124,134,136,110,104,96,62,44,17,18,14,7,6,11,2
0,2,9,41,75,91,107,121,122,166,142,155,135,98,103,102,69,50,26,12,4,9,5,4
0,7,40,80,79,93,91,136,149,174,170,194,176,133,140,119,114,95,51,11,4,0,0,5
8,20,40,43,79,92,130,139,130,180,175,210,176,139,146,133,119,101,42,27,0,0,0,7
10,14,49,69,117,134,137,163,165,175,225,174,168,188,147,150,114,74,42,17,13,4,5,7
14,26,46,68,125,143,134,159,146,168,242,146,176,179,175,167,130,94,51,23,10,8,5,5
11,52,65,92,120,137,144,135,145,125,122,146,164,168,181,155,130,106,60,11,11,10,0,0
27,63,101,110,122,133,140,133,126,110,106,134,163,160,159,164,121,103,44,25,12,6,0,7
13,47,59,84,119,131,136,134,114,106,102,124,146,158,154,166,124,102,55,26,23,10,1,0
4,47,51,78,108,114,115,110,105,13,93,105,121,127,152,125,107,74,17,14,12,2,8,3
10,38,55,102,113,121,114,92,100,87,52,107,109,136,130,123,106,62,12,13,10,9,11,5
12,43,60,101,112,124,119,107,78,61,82,82,100,127,128,118,101,13,12,14,14,13,12,2
10,19,45,68,103,101,101,75,61,53,70,75,80,91,84,85,36,23,10,10,10,10,9,6
13,14,50,59,97,103,87,60,50,26,52,78,82,104,111,70,22,23,23,10,12,10,3,4
10,19,60,108,126,108,69,55,52,56,96,76,86,113,120,76,11,12,22,10,3,8,5,0
10,13,49,69,94,103,58,52,50,33,51,54,66,130,139,57,14,14,11,7,0,2,0,2
5,9,7,50,75,63,52,17,18,14,23,52,64,93,86,51,11,6,10,3,4,3,0,0
0,1,6,11,25,50,41,13,7,1,14,14,51,56,58,17,11,2,13,5,9,8,3,0
4,0,0,6,12,23,26,13,4,11,7,14,50,54,57,33,13,6,4,6,11,3,6,0
1,0,7,5,12,21,18,7,26,11,13,29,51,58,51,25,13,1,0,4,4,4,0,0
0,1,0,9,11,10,6,13,13,12,13,27,50,50,48,44,9,0,7,0,0,0,0,0
3,0,0,0,0,0,0,13,11,9,4,26,36,52,55,18,29,6,0,2,0,0,3,0
0,0,0,0,3,0,7,14,11,7,10,37,52,54,52,13,5,8,12,12,9,0,0,8
0,0,0,0,8,0,2,10,10,4,0,22,18,52,27,12,9,10,9,11,9,0,0,0
4,6,0,0,10,7,12,13,0,0,10,12,48,47,29,23,7,10,8,7,7,5,1,6
2,9,0,0,9,10,1,7,1,7,12,13,41,37,27,7,5,2,7,0,8,10,6,0
0,0,5,6,12,13,12,9,11,6,3,8,34,25,13,5,5,6,0,0,4,0,5,8

8,0,0,0,0,0,0,7,12,54,58,57,4,6,0,0,0,0,9,40,54,56,59,77
12,0,0,0,0,0,0,0,6,12,7,0,0,0,0,0,0,0,0,12,42,84,129,143
63,9,1,0,0,7,8,12,55,51,12,0,0,0,0,0,0,10,10,41,46,61,90,101
53,50,33,26,50,54,27,30,42,73,81,41,13,13,14,15,6,17,26,52,53,55,58,21
33,33,50,61,72,84,78,75,105,111,102,92,109,71,67,59,52,50,36,35,11,31,34,3
11,34,53,59,67,88,107,142,156,121,137,165,156,111,93,60,56,45,47,36,9,13,10,0
9,15,50,59,65,91,149,172,173,133,135,194,192,160,108,68,55,60,50,7,12,13,0,0
9,3,50,59,70,117,162,183,175,146,129,187,177,156,123,64,56,60,12,54,12,0,0,0
6,11,45,41,64,96,130,178,186,165,127,174,192,154,112,72,11,32,9,0,0,0,0,0
0,7,13,45,60,85,134,185,227,189,153,199,242,240,154,77,64,10,15,4,0,0,5,0
0,12,14,15,64,85,131,230,277,207,174,184,217,238,167,107,67,14,12,1,5,0,0,0
3,0,2,12,63,71,111,201,210,180,176,160,159,196,158,110,66,18,2,0,6,5,0,9
0,4,0,11,73,89,107,133,144,154,159,163,157,147,130,110,82,10,6,9,4,0,0,0
0,0,8,12,61,80,107,127,131,141,150,150,143,144,131,115,99,1,5,6,0,0,0,4
0,1,0,9,53,57,76,120,118,99,129,147,148,141,131,111,65,13,4,8,0,2,2,2
0,0,0,4,52,78,67,115,123,120,124,146,163,143,123,88,63,19,9,1,0,11,0,0
0,0,0,8,14,82,101,112,101,115,129,129,147,109,84,68,53,14,7,8,5,0,2,0
0,6,14,34,42,51,57,94,104,123,133,136,110,104,96,62,44,17,18,14,7,6,11,2
0,2,9,41,75,91,107,121,122,166,142,155,135,98,102,102,70,50,27,12,4,9,5,4
0,7,40,80,78,93,91,135,149,173,170,193,175,133,140,119,114,95,51,11,4,0,0,5
8,20,39,43,79,92,130,139,130,180,176,210,176,139,146,133,119,101,43,27,0,0,0,7
11,14,50,69,117,134,137,162,165,175,225,174,168,188,148,150,115,75,42,17,13,4,5,7
14,26,46,68,125,143,134,159,146,168,242,146,176,179,175,167,131,95,52,23,11,8,5,5
10,53,66,92,120,137,144,135,145,125,122,146,164,168,182,155,130,106,60,11,11,10,0,0
27,63,101,110,122,133,140,133,126,110,106,134,164,160,159,165,122,103,44,26,12,6,0,7
13,48,59,83,119,131,136,134,114,106,102,124,146,158,154,166,124,102,55,26,24,10,1,0
4,47,51,77,108,114,115,110,105,13,93,105,122,127,152,125,107,74,17,14,12,2,8,3
10,37,55,102,113,121,114,93,100,87,52,107,109,136,130,123,106,65,13,13,10,9,11,5
12,43,60,101,112,124,119,107,78,62,82,82,100,127,128,118,101,14,12,14,14,13,12,2
10,18,45,68,103,101,101,75,61,54,70,75,80,91,84,85,36,23,10,10,10,10,9,6
14,14,50,59,97,103,87,60,50,26,52,78,82,104,111,70,22,23,23,10,12,10,3,4
11,17,60,108,126,108,69,55,52,56,96,76,86,113,120,76,11,12,22,10,3,8,5,0
10,13,49,69,94,103,58,52,50,32,52,54,66,131,139,57,14,14,11,7,0,2,0,2
5,9,7,50,76,63,52,17,19,14,23,52,64,93,86,51,11,6,10,3,4,3,0,0
0,1,6,11,25,50,40,13,7,1,14,14,51,56,58,17,12,2,13,5,9,8,3,0
4,0,0,6,12,24,28,13,4,11,8,14,50,54,57,32,13,6,4,6,11,3,6,0
1,0,8,5,12,21,18,7,27,11,13,29,51,58,51,25,13,1,0,4,4,4,0,0
0,1,0,9,11,10,6,13,13,12,13,28,50,50,49,44,9,0,7,0,0,0,0,0
3,0,0,0,0,0,0,14,11,9,4,25,36,52,55,18,30,6,0,2,0,0,3,0
0,0,0,0,3,0,8,14,11,7,10,37,52,54,52,12,5,8,11,12,9,0,0,8
0,0,0,0,8,0,2,11,10,4,0,22,19,52,26,13,9,10,9,11,9,0,0,0
4,6,0,0,10,7,12,13,0,0,10,12,50,47,27,23,7,10,8,7,7,5,1,6
2,9,0,0,9,10,1,7,2,7,12,14,43,37,27,7,5,2,7,0,8,10,6,0
0,0,5,6,12,13,12,9,11,6,3,8,34,26,13,5,5,6,0,0,4,0,5,8

8,0,0,0,0,0,0,7,12,54,58,58,4,6,0,0,0,0,9,41,55,57,59,77
12,0,0,0,0,0,0,0,5,13,8,0,0,0,0,0,0,0,0,12,42,84,129,143
63,9,2,0,0,7,8,11,55,52,12,0,0,0,0,0,0,10,11,41,44,61,90,101
53,50,33,25,50,54,27,29,39,72,79,40,13,13,14,15,6,17,26,52,53,55,58,21
33,31,50,61,73,84,79,75,104,110,102,93,109,72,67,59,52,50,36,35,11,31,34,3
11,34,53,59,67,88,108,142,155,120,136,165,157,112,93,60,56,45,47,36,9,13,10,0
9,15,50,59,65,91,150,172,172,132,134,192,192,160,109,68,54,60,50,7,12,13,0,0
9,3,50,59,70,118,162,182,173,145,128,185,175,155,123,64,56,60,12,54,11,0,0,0
6,11,45,43,64,96,130,175,184,163,125,171,190,153,112,72,12,31,9,0,0,0,0,0
0,7,14,45,61,85,134,184,225,187,151,198,239,240,155,77,64,10,15,4,0,0,5,0
0,12,14,16,64,85,132,232,276,206,175,185,216,237,169,108,67,14,12,1,5,0,0,0
3,0,3,12,63,71,113,200,209,181,179,162,160,195,158,110,66,20,2,0,6,5,0,9
0,4,0,12,74,89,107,133,145,156,161,165,159,148,131,110,83,10,6,9,4,0,0,0
0,0,8,13,62,81,107,128,131,142,151,152,144,144,131,116,100,0,6,6,0,0,0,4
0,1,0,10,53,57,76,121,119,100,131,148,148,141,131,112,66,14,5,8,0,2,2,2
0,0,0,5,53,79,67,115,124,121,125,148,165,144,123,89,63,19,10,2,0,12,0,0
0,0,0,8,14,83,101,112,101,116,130,130,148,110,85,68,53,14,7,8,5,0,2,0
0,6,14,33,42,51,57,95,105,124,134,137,111,104,97,62,44,17,18,14,7,6,11,2
0,2,9,39,74,90,107,121,122,167,142,156,136,98,102,102,69,49,25,12,4,9,5,4
0,6,40,79,78,92,90,135,149,173,170,193,175,133,139,118,114,93,50,11,4,0,0,5
8,20,39,43,79,91,130,139,129,179,175,209,176,138,146,133,119,101,42,26,0,0,0,7
11,14,48,69,116,134,137,162,164,174,224,173,167,188,147,149,114,74,42,17,13,4,5,7
14,26,46,68,125,143,134,159,145,167,240,145,175,178,174,167,130,94,51,23,10,8,5,5
10,50,66,92,120,137,144,135,145,124,122,146,164,168,181,155,130,106,60,11,11,10,0,0
27,63,101,110,122,133,139,133,126,110,106,133,163,160,159,164,121,103,44,25,12,6,0,7
12,48,58,83,119,131,136,133,114,106,102,124,145,157,154,165,124,102,54,26,23,10,1,0
4,48,50,77,108,114,115,110,105,13,94,105,121,126,152,125,107,74,16,14,12,2,8,3
10,37,55,102,113,121,114,92,100,86,52,107,109,135,130,123,106,62,13,13,10,9,11,5
13,44,60,101,112,124,119,107,78,62,82,82,100,127,128,118,101,13,12,14,14,13,12,2
10,19,46,68,103,101,101,75,61,54,70,75,80,91,83,85,36,23,10,10,10,10,9,6
14,14,50,59,97,103,87,60,50,26,52,78,82,104,111,70,22,23,23,10,12,10,3,4
10,19,60,109,126,108,69,55,52,56,96,76,86,113,120,76,11,12,22,10,3,8,5,0
10,13,49,69,94,103,58,52,50,33,52,54,66,130,140,57,14,14,11,7,0,3,0,2
5,9,7,50,76,63,52,17,18,14,23,52,64,93,86,51,11,6,10,3,4,3,0,0
0,1,6,11,25,50,40,13,7,1,14,14,51,56,58,17,12,2,13,5,9,8,3,0
3,0,0,6,13,24,26,13,4,10,7,14,50,54,58,33,13,6,4,6,11,3,6,0
1,0,8,5,12,22,19,7,27,11,13,30,51,58,51,25,14,1,0,4,4,4,0,0
0,1,0,9,11,10,6,13,13,12,13,28,50,51,48,43,9,0,7,0,0,0,0,0
3,0,0,0,0,0,0,14,12,9,4,26,36,52,55,19,29,6,0,2,0,0,3,0
0,0,0,0,3,0,8,14,11,7,10,37,52,54,52,13,5,8,11,12,9,0,0,8
0,0,0,0,8,0,2,11,10,4,0,22,18,52,28,13,8,10,9,11,9,0,0,0
4,6,0,0,10,7,12,14,0,0,10,12,50,47,30,24,7,10,8,7,7,5,1,6
2,9,0,0,9,10,1,7,1,6,12,14,43,37,28,7,5,2,7,0,8,10,6,0
0,0,5,6,12,13,12,9,11,7,3,8,33,26,13,5,5,6,0,0,4,0,5,8

8,0,0,0,0,0,0,7,12,54,58,59,5,6,0,0,0,0,9,41,54,56,59,77
12,0,0,0,0,0,0,0,6,13,8,0,0,0,0,0,0,0,0,12,42,83,129,143
63,9,2,0,0,7,8,11,55,51,12,0,0,0,0,0,0,10,11,41,46,61,90,101
53,50,32,25,50,54,27,29,36,71,78,39,13,13,14,15,6,17,25,52,53,55,58,22
34,34,50,61,73,84,79,75,104,110,102,92,109,72,67,59,52,50,36,35,11,31,34,3
11,34,53,58,67,88,108,142,154,119,134,164,157,112,93,60,56,45,47,36,9,13,10,0
9,15,50,59,65,91,150,171,170,131,133,191,191,160,109,68,55,60,50,7,12,13,0,0
9,3,50,60,70,118,161,181,172,144,127,183,173,154,123,64,56,60,12,54,11,0,0,0
6,11,44,42,64,96,130,174,182,162,124,170,188,152,112,72,12,32,9,0,0,0,0,0
0,7,13,45,61,85,134,183,223,185,149,196,237,238,155,77,64,10,15,4,0,0,5,0
0,12,14,16,64,86,133,233,273,204,176,186,214,236,170,108,67,14,12,1,5,0,0,0
3,0,3,12,64,71,114,200,207,182,181,165,161,195,159,111,66,22,3,0,6,5,0,9
0,4,0,12,76,90,107,134,147,159,164,168,161,149,131,111,83,10,7,9,4,0,0,0
0,0,8,13,62,81,107,128,132,143,154,154,145,145,132,116,100,0,6,6,0,0,0,4
0,1,0,10,54,57,77,121,121,102,132,149,149,142,132,112,67,14,5,8,0,3,2,2
0,0,0,5,53,79,68,115,125,123,126,149,166,145,124,89,63,22,10,2,0,12,0,0
0,0,0,8,14,83,101,113,103,118,132,132,149,110,85,68,53,14,7,8,5,0,2,0
0,6,14,33,42,50,57,95,105,126,135,138,113,105,97,62,44,16,17,14,7,6,11,2
0,2,9,39,74,89,107,121,123,168,143,156,136,99,103,102,69,48,24,12,4,9,5,4
0,6,38,79,77,91,90,135,149,174,171,194,176,132,140,118,113,92,47,11,4,0,0,5
8,19,39,43,78,91,130,139,129,179,175,209,176,138,145,132,118,101,41,26,0,0,0,7
10,14,47,69,116,134,137,161,164,174,223,172,166,187,147,148,113,74,41,17,13,4,5,7
14,26,46,68,124,143,134,158,145,165,239,145,174,178,173,166,130,93,51,22,10,9,5,5
11,50,66,90,120,137,144,135,145,124,121,145,164,167,180,154,130,106,60,11,11,10,0,0
27,63,101,110,122,133,139,133,125,110,106,133,163,160,158,164,121,103,44,25,12,6,0,7
13,47,59,82,119,131,136,133,114,106,101,124,146,157,154,165,124,102,54,25,23,10,1,0
4,48,51,78,108,114,115,110,105,13,94,105,121,126,152,125,107,74,16,14,12,2,8,3
10,38,55,102,113,121,114,93,100,86,54,107,109,135,130,123,106,62,12,12,10,9,11,5
12,44,60,101,112,124,119,107,78,62,82,82,100,127,128,118,101,13,12,14,14,13,12,2
10,18,45,68,102,101,101,75,61,53,70,75,80,91,83,85,36,23,10,10,10,10,9,6
14,14,50,59,97,103,87,60,50,26,52,78,82,104,111,70,22,23,23,10,12,10,3,4
11,19,60,109,126,108,69,55,52,56,97,76,86,113,120,76,11,12,22,10,3,8,5,0
10,13,50,69,94,103,58,52,50,33,52,54,66,130,140,57,14,15,11,7,0,3,0,2
5,9,7,50,76,63,52,17,21,14,25,52,64,93,86,52,11,6,10,3,4,3,0,0
0,1,6,11,25,50,41,13,7,1,14,14,51,56,58,18,12,2,13,5,9,8,3,0
4,0,0,6,12,23,26,13,4,11,8,14,50,54,58,32,13,6,4,6,11,3,6,0
1,0,8,5,12,22,18,7,27,11,13,29,51,58,51,25,14,1,0,4,4,4,0,0
0,1,0,10,11,10,6,13,13,12,13,27,50,51,48,44,9,0,7,0,0,0,0,0
3,0,0,0,0,0,0,14,12,9,4,25,36,52,55,19,30,6,0,2,0,0,3,0
0,0,0,0,4,0,8,14,11,7,10,37,52,54,52,13,5,8,12,12,9,0,0,8
0,0,0,0,8,0,2,11,10,4,0,24,19,52,30,13,9,10,9,11,9,0,0,0
4,6,0,0,10,7,12,14,0,0,10,12,50,50,28,23,7,10,8,7,7,5,1,6
2,9,0,0,9,10,1,7,2,7,12,14,44,37,28,7,5,2,7,0,8,10,6,0
0,0,5,6,12,13,12,9,11,7,3,8,34,26,13,5,5,6,0,0,4,0,5,8
73,57,55,53,17,7,0,0,0,0,0,0,1,9,58,65,8,0,0,0,0,0,0,5
137,126,79,33,10,0,0,0,0,0,0,0,0,0,0,4,0,0,0,0,0,0,0,10
95,90,62,30,17,6,8,0,0,0,0,0,0,9,0,9,3,2,0,0,0,0,10,55
15,58,53,52,50,14,11,3,10,2,6,8,13,27,58,11,11,10,31,28,11,22,35,50
1,28,31,8,31,34,41,45,55,57,64,103,82,90,105,100,64,73,79,68,58,23,13,18
0,8,10,10,34,42,29,50,54,82,99,141,145,121,102,136,126,98,81,66,57,49,20,9
0,0,14,10,7,46,57,53,63,96,145,176,175,123,117,151,149,135,85,63,58,42,13,8
0,1,0,13,54,9,56,56,62,112,143,167,176,125,140,162,170,149,113,67,57,18,1,7
0,0,0,0,0,9,14,10,67,106,149,186,169,123,160,182,175,127,92,61,29,36,10,4
0,7,3,0,8,6,11,60,72,146,233,235,193,146,180,218,180,130,82,59,28,8,4,0
0,0,0,8,1,11,12,62,101,161,233,217,175,167,199,270,226,128,83,62,12,2,2,0
10,0,6,8,0,0,13,60,107,154,198,157,156,175,176,203,197,109,71,62,11,0,0,0
0,0,0,5,9,4,3,75,109,129,147,156,162,161,155,144,132,105,89,67,8,0,0,0
5,0,0,0,6,3,11,94,114,130,143,143,150,150,141,130,127,107,80,59,9,3,0,0
2,3,5,0,9,3,13,57,111,130,140,148,147,129,99,118,120,76,57,52,2,0,0,0
0,1,12,0,2,9,14,61,88,123,144,163,146,123,120,124,115,67,78,41,0,0,0,0
0,4,0,6,10,7,13,51,67,84,109,146,129,128,116,101,112,101,82,12,3,0,0,0
2,12,7,8,15,18,16,42,61,97,105,110,136,134,123,104,95,58,51,42,29,13,4,0
5,6,9,5,13,29,49,67,102,104,99,135,156,142,167,123,122,108,91,74,40,9,2,0
6,0,2,5,12,53,96,114,119,141,134,177,195,171,175,150,136,91,94,79,77,39,6,0
7,0,0,0,27,44,101,119,134,147,140,179,214,179,184,132,140,131,92,79,43,39,19,8
8,6,5,12,17,42,74,115,153,150,191,171,178,229,178,168,165,138,135,118,70,48,14,10
6,6,9,11,22,51,94,132,171,178,181,179,147,250,172,148,163,135,145,126,69,45,25,14
0,0,11,11,10,59,106,131,157,184,169,166,147,124,126,147,136,145,138,121,92,65,50,10
8,0,7,12,25,43,103,122,166,160,161,164,133,105,110,126,135,141,134,123,110,101,63,24
0,1,11,26,25,50,101,125,167,155,159,146,123,101,105,114,134,137,132,120,83,60,44,12
4,9,2,12,14,15,70,107,125,153,127,121,104,84,12,105,111,116,115,109,77,50,44,3
5,12,8,10,12,12,58,106,123,130,136,110,107,37,84,100,93,115,122,113,102,55,34,10
3,12,14,14,13,12,13,101,118,129,128,101,82,81,61,78,107,121,125,113,101,58,39,12
7,10,10,10,10,10,20,34,84,83,91,81,75,68,52,61,75,101,101,102,66,37,14,10
4,4,10,12,11,22,20,20,70,110,103,83,79,51,24,48,59,86,102,93,58,45,13,13
0,6,9,3,10,22,12,11,74,118,110,87,76,88,55,52,55,68,107,121,103,59,14,9
3,2,3,1,7,11,14,13,56,137,129,65,54,50,26,46,52,57,103,90,68,45,12,10
0,0,4,4,3,9,5,12,50,86,93,64,51,15,11,13,13,52,63,74,46,6,7,3
0,3,8,9,5,12,0,11,15,58,56,51,12,13,0,4,12,32,46,19,10,4,0,0
0,6,4,11,7,4,6,13,30,58,54,49,12,6,9,0,11,15,14,11,3,0,0,1
0,0,5,5,5,0,1,13,25,51,58,50,14,11,11,14,5,14,14,11,3,5,0,0
0,0,0,0,0,7,0,9,41,48,50,44,18,12,11,11,12,3,8,10,8,0,0,0
0,4,0,0,2,0,6,30,14,54,52,33,20,2,5,8,12,0,0,0,0,0,0,0
8,0,0,9,12,11,8,5,12,51,53,52,31,9,5,10,12,3,0,0,0,0,0,0
0,0,0,9,11,9,10,9,13,28,46,14,14,0,2,8,8,0,0,6,0,0,0,0
7,2,5,8,7,8,11,9,24,23,40,44,12,7,0,0,13,10,5,8,0,0,3,3
0,6,10,8,0,7,2,6,7,27,37,41,13,11,5,0,5,0,9,8,0,0,8,1
7,5,0,4,0,0,6,5,5,12,23,28,6,2,6,10,8,11,13,12,5,4,0,0

73,57,55,53,18,7,0,0,0,0,0,0,5,11,60,70,9,0,0,0,0,0,0,5
137,126,78,33,10,0,0,0,0,0,0,0,1,1,1,5,0,0,0,0,0,0,0,10
94,89,61,31,22,7,8,0,0,0,0,0,0,9,0,10,4,3,0,0,0,2,9,54
14,58,54,52,50,14,12,4,10,4,7,9,14,31,58,11,12,11,36,35,11,19,34,50
1,29,31,8,32,34,43,47,55,58,65,103,83,90,105,100,65,74,79,69,58,26,14,19
0,8,11,10,35,44,32,51,55,83,101,144,148,123,104,138,128,100,82,66,57,50,20,9
0,0,14,10,7,48,58,53,63,97,147,178,176,125,117,153,152,137,85,63,58,42,13,8
0,1,0,13,54,10,56,56,62,113,143,165,174,125,139,162,171,151,114,67,57,20,1,7
0,0,0,0,0,9,14,10,68,107,149,185,169,123,158,181,173,128,94,61,30,37,10,4
0,7,2,0,8,6,11,61,73,147,234,237,195,145,179,217,180,131,83,59,30,8,4,0
0,0,0,7,1,11,12,63,103,162,234,217,178,166,194,264,229,130,84,63,12,2,2,0
10,0,6,7,0,0,14,61,108,155,197,158,158,176,175,198,197,112,72,62,11,0,0,0
0,0,0,5,8,4,4,76,109,130,148,157,163,161,155,144,132,105,91,68,9,0,0,0
5,0,0,0,6,3,11,95,115,130,143,143,151,150,141,130,127,107,80,59,10,4,0,0
2,2,5,0,9,3,13,58,110,130,140,147,147,129,99,118,120,76,57,52,3,0,0,0
0,1,12,0,2,8,14,61,87,123,144,163,145,122,120,124,115,67,78,35,0,0,0,0
0,3,0,6,10,7,13,51,67,84,109,146,128,128,115,101,112,101,81,12,4,0,0,0
2,12,6,8,14,17,15,42,61,96,104,110,136,134,123,104,94,57,50,42,29,13,4,0
5,6,9,5,13,28,48,67,102,103,99,135,156,142,167,123,121,107,89,74,38,8,1,0
6,0,2,5,12,52,94,113,118,140,133,176,194,170,175,149,136,91,93,78,77,38,5,0
7,0,0,0,27,43,101,119,134,147,139,178,212,177,182,131,140,131,92,79,43,39,19,7
8,6,5,12,17,41,74,115,152,149,190,170,177,228,177,167,164,138,135,117,69,46,14,10
6,6,9,10,25,51,93,131,170,177,180,178,147,249,171,147,162,135,144,126,68,45,25,14
0,0,11,11,11,59,106,131,156,183,168,166,146,124,126,147,136,145,138,121,91,64,48,10
8,0,7,12,25,42,103,122,166,160,161,164,133,105,110,126,134,141,134,123,110,100,63,25
0,1,11,26,25,50,101,125,167,155,158,146,123,101,105,114,134,137,132,120,82,59,44,12
4,9,2,12,14,15,70,107,125,153,127,121,104,85,12,105,111,116,115,109,77,50,45,3
5,12,8,10,12,13,60,106,123,130,136,110,107,38,84,100,93,115,122,113,102,55,34,10
3,12,14,14,13,12,13,101,118,129,128,100,82,81,61,78,107,121,125,113,101,59,40,12
7,9,10,10,10,10,20,34,84,83,91,80,75,69,52,61,75,101,101,102,66,37,14,10
4,4,10,12,11,22,21,20,70,110,103,82,79,51,24,48,59,86,102,93,58,45,13,13
0,6,9,3,10,22,12,11,75,118,110,87,76,87,55,52,54,68,107,122,103,59,14,9
3,2,2,1,7,11,14,13,57,138,129,65,54,51,27,49,52,57,103,91,69,46,12,10
0,0,4,4,3,9,5,12,50,86,93,64,51,15,12,14,14,52,63,75,47,6,7,3
0,3,8,9,5,12,0,12,15,58,57,51,13,13,0,5,12,35,47,20,10,4,0,0
0,6,4,11,7,4,6,13,32,58,54,49,12,7,9,0,12,16,15,11,3,0,0,1
0,0,5,5,5,0,1,13,25,51,58,50,14,11,11,16,6,14,14,11,3,5,0,0
0,0,0,0,0,7,0,9,41,49,50,43,18,12,11,11,12,3,8,11,8,0,0,0
0,4,0,0,2,0,6,30,15,55,52,34,21,2,6,9,13,0,0,0,0,0,0,0
8,0,0,9,12,11,8,5,12,51,53,52,32,9,6,10,12,3,0,0,0,0,0,0
0,0,0,9,11,9,10,9,13,28,50,14,14,0,2,8,9,0,0,6,0,0,0,0
6,2,5,8,7,8,11,8,23,25,40,45,12,7,0,0,13,10,5,8,0,0,4,3
0,6,10,8,0,7,2,6,7,27,38,43,13,11,5,0,5,0,9,8,0,0,8,1
7,5,0,4,0,0,6,5,5,12,24,28,6,2,6,10,8,11,13,12,6,4,0,0

73,57,55,53,19,7,0,0,0,0,0,0,6,11,60,68,9,0,0,0,0,0,0,5
138,126,78,33,10,0,0,0,0,0,0,0,1,1,1,5,0,0,0,0,0,0,0,10
95,89,62,34,22,7,8,0,0,0,0,0,0,9,0,10,4,3,0,0,0,3,9,55
14,58,53,52,51,14,12,4,11,5,8,9,14,29,56,11,12,11,38,37,12,20,35,50
1,30,31,8,32,34,45,48,56,60,67,105,84,90,105,100,66,74,81,70,59,29,14,19
0,9,11,10,35,45,35,52,56,86,105,147,150,123,105,141,131,102,85,67,58,50,23,9
0,0,14,10,7,50,58,54,64,101,152,184,179,124,117,156,157,142,88,65,59,45,13,8
0,1,0,13,54,10,56,56,63,118,148,170,175,124,139,164,175,156,116,68,57,24,1,7
0,0,0,0,0,9,16,10,70,110,152,185,166,122,157,183,177,131,96,62,31,38,10,4
0,6,2,0,7,6,12,62,74,153,240,234,192,143,176,215,182,133,84,60,32,8,4,0
0,0,0,6,1,12,12,65,106,170,238,210,173,166,191,266,237,133,86,63,13,4,3,0
9,0,6,7,0,0,14,62,109,158,194,156,159,176,175,196,194,113,72,63,12,0,0,0
0,0,0,5,9,4,5,78,110,131,149,158,165,163,157,145,133,106,91,69,9,0,0,0
4,0,0,0,5,3,11,96,115,130,144,144,152,151,141,131,128,107,80,59,10,4,0,0
2,2,3,0,8,3,13,57,111,131,141,148,148,130,100,119,120,76,57,53,4,0,0,0
0,1,12,0,2,8,14,60,87,123,144,164,146,123,120,124,115,67,77,41,0,0,0,0
0,3,0,6,9,7,13,51,67,84,109,146,129,128,116,101,111,101,80,11,5,0,0,0
2,12,6,8,14,16,14,42,60,96,104,110,136,134,123,104,94,57,50,42,30,13,4,0
5,5,9,5,12,25,46,65,101,102,98,135,155,142,167,122,121,107,88,73,32,8,0,0
5,0,1,5,11,50,91,112,117,139,132,175,193,169,174,148,135,90,91,77,76,35,4,0
7,0,0,0,26,42,100,118,132,146,139,177,210,176,181,130,139,130,91,79,43,38,18,7
8,5,4,12,16,41,72,114,149,148,189,169,175,227,176,165,163,137,134,117,69,46,14,10
6,6,9,10,22,50,92,130,168,176,180,177,146,247,169,146,161,135,144,125,68,45,25,14
0,0,11,11,11,58,106,130,156,182,168,165,146,123,125,146,136,145,137,121,91,64,50,10
8,0,7,12,24,42,103,121,165,159,160,163,133,105,110,126,134,140,134,123,110,100,61,24
0,1,11,26,24,49,101,125,166,155,158,146,123,101,105,114,134,137,132,120,82,58,46,12
4,9,2,12,14,15,73,107,125,153,127,122,104,85,12,105,111,116,115,109,76,50,45,3
5,12,8,10,12,12,58,106,123,130,136,110,107,38,83,99,93,115,122,113,102,55,34,10
3,12,14,14,13,12,13,101,118,129,128,101,82,81,61,78,107,121,125,113,101,59,40,12
6,9,10,10,10,10,21,34,85,83,91,80,75,69,52,61,75,101,101,102,67,38,14,10
4,4,10,12,11,22,21,20,70,110,103,83,79,51,24,48,59,86,103,94,58,46,13,13
0,5,9,3,10,22,12,11,75,118,110,87,76,86,54,51,54,68,107,122,104,59,14,10
2,2,3,1,7,11,14,13,57,139,129,65,54,50,25,46,52,57,103,93,70,48,13,10
0,0,4,4,3,9,5,12,51,88,94,64,51,16,12,14,14,52,64,76,50,6,7,3
0,2,8,9,5,12,0,12,16,58,57,51,13,13,0,4,12,34,48,23,11,5,0,0
0,6,4,11,7,5,6,13,32,58,54,49,12,7,9,0,11,18,16,11,3,0,0,1
0,0,5,5,5,0,0,13,25,52,58,50,15,11,11,16,6,14,15,12,3,5,0,0
0,0,0,0,0,8,0,9,44,49,51,45,20,12,11,12,13,4,9,11,8,0,0,0
0,4,0,0,2,0,6,30,17,55,52,34,21,2,6,9,13,0,0,0,0,0,0,0
8,0,0,9,12,11,8,5,12,51,54,52,32,9,6,10,13,4,0,0,0,0,0,0
0,0,0,9,11,9,10,9,13,31,50,14,14,0,2,9,9,0,0,7,0,0,0,0
6,2,5,7,7,8,10,7,23,26,42,44,12,7,0,0,13,11,6,9,0,0,4,3
0,6,10,8,0,7,2,4,6,27,37,41,13,11,5,0,6,0,9,8,0,0,8,1
7,5,0,4,0,0,6,5,5,12,24,28,6,2,6,10,8,11,13,12,6,4,0,0

80,60,57,56,36,9,0,0,0,0,0,0,0,0,7,0,0,0,0,0,0,0,0,6
145,129,86,47,12,0,0,1,0,0,0,0,0,0,0,0,0,0,2,0,0,0,0,11
105,97,63,35,22,10,11,0,0,0,0,0,0,0,0,0,0,7,5,0,0,9,11,59
50,61,55,52,50,14,13,4,11,6,5,7,11,7,11,8,12,12,38,39,14,28,42,53
3,34,32,10,32,35,47,48,55,54,60,93,69,76,100,90,63,75,81,72,60,33,22,29
0,10,12,11,35,46,43,53,54,81,94,130,128,100,92,130,123,100,86,68,58,50,26,10
0,0,15,11,8,50,60,54,64,96,143,171,159,114,116,152,153,140,89,64,59,48,14,8
0,0,0,13,54,11,58,57,62,111,143,171,173,126,155,173,178,156,114,67,58,35,3,8
0,0,0,0,0,9,17,10,68,108,152,185,157,121,165,189,185,132,95,62,35,42,11,5
0,6,1,0,7,7,11,61,71,149,239,225,187,148,181,220,187,137,85,60,36,10,5,0
0,0,0,6,1,12,12,63,103,169,232,197,164,163,194,288,245,136,86,63,14,6,6,0
9,0,6,7,0,0,14,61,108,153,189,153,157,176,175,199,190,111,72,62,12,1,0,1
0,0,0,5,9,4,5,77,109,130,149,159,166,164,159,146,134,106,92,70,10,0,1,0
5,0,0,0,6,4,11,95,114,130,144,144,153,152,142,132,128,107,81,60,11,5,0,0
2,2,5,0,9,4,13,57,111,130,141,148,148,130,100,119,121,76,57,53,5,0,0,0
0,1,12,0,3,9,14,61,87,122,144,164,146,123,120,124,115,68,78,50,1,0,0,0
0,3,0,6,9,7,13,51,67,84,109,146,128,128,115,101,111,101,82,12,6,0,0,0
2,12,6,8,14,16,14,41,60,95,104,110,136,134,123,104,94,57,50,42,32,13,4,0
5,5,9,5,12,24,45,64,100,102,98,135,155,141,166,122,121,107,89,73,33,8,0,0
5,0,1,5,11,47,89,111,117,139,132,174,192,169,174,148,135,90,91,77,78,37,3,0
7,0,0,0,25,41,100,117,132,145,139,176,209,176,180,130,139,130,92,79,43,39,18,7
8,5,4,12,15,40,71,113,148,147,188,168,174,227,176,165,163,137,134,117,69,46,14,10
6,6,9,9,21,50,90,129,167,175,179,176,146,246,168,146,160,135,144,125,68,45,25,13
0,0,11,11,11,58,106,129,155,181,167,165,146,123,125,146,136,145,137,121,92,65,50,10
8,0,7,12,24,42,103,121,164,159,160,163,133,105,110,126,134,140,134,123,110,101,61,23
0,1,11,25,24,49,101,124,166,155,158,146,123,101,105,114,134,137,132,120,83,60,44,12
4,9,2,12,14,14,70,107,125,153,127,121,104,86,12,105,111,116,115,109,77,50,45,3
5,12,8,10,12,12,57,106,123,130,136,109,107,40,82,99,93,115,122,113,103,55,35,10
3,12,13,14,13,12,13,101,118,129,128,101,82,81,61,77,107,121,125,113,101,60,40,12
6,9,10,10,10,10,20,34,84,83,91,80,75,69,52,61,75,101,102,103,67,41,15,10
4,4,10,12,10,22,21,20,70,110,104,83,79,51,23,48,60,87,103,94,58,48,13,13
0,5,8,3,10,22,12,11,75,118,110,87,76,88,55,51,54,68,108,123,105,59,14,10
2,1,3,1,7,11,14,14,57,139,129,65,54,51,26,46,52,57,103,94,70,49,13,10
0,0,4,4,3,9,5,12,51,87,94,64,51,18,12,14,14,52,64,76,50,6,8,3
0,2,8,9,5,12,0,12,16,58,56,51,13,13,0,5,12,35,49,23,11,5,0,0
0,6,4,11,7,4,6,13,32,58,54,50,12,7,9,1,12,18,17,11,4,0,0,1
0,0,5,5,5,0,1,13,25,52,58,50,17,12,11,18,6,14,15,12,3,5,0,0
0,0,0,0,0,7,0,9,43,48,51,46,21,12,11,12,13,4,9,11,8,0,0,0
0,4,0,0,2,0,6,30,16,55,52,34,22,2,6,9,13,0,0,0,0,0,0,0
8,0,0,9,12,11,8,5,12,52,53,52,33,10,6,10,13,5,0,0,0,0,0,0
0,0,0,9,11,9,10,9,13,28,50,14,14,0,2,9,9,0,0,7,0,0,0,0
6,2,5,7,7,8,10,8,23,25,45,47,12,8,0,0,13,11,6,9,0,0,4,3
0,6,10,8,0,7,2,4,6,27,37,43,13,11,5,0,6,0,9,8,0,0,8,1
7,5,0,4,0,0,6,5,5,12,25,29,6,2,6,10,8,11,13,12,6,4,0,0

80,60,57,55,36,9,0,0,0,0,0,0,0,0,7,0,0,0,0,0,0,0,0,6
147,131,87,45,12,0,0,0,0,0,0,0,0,0,0,0,0,0,0,0,0,0,0,11
107,98,64,44,30,10,11,0,0,0,0,0,0,4,0,2,0,9,8,0,0,11,11,61
50,61,56,54,52,17,15,5,12,13,8,9,13,13,35,12,14,14,50,47,21,32,49,55
3,35,33,10,34,35,50,50,56,60,65,102,80,88,106,101,69,77,84,74,62,43,29,32
0,11,13,10,36,46,42,54,57,87,102,142,145,120,104,143,132,104,88,69,59,51,31,10
0,0,14,12,8,50,60,54,66,102,150,180,177,122,121,160,161,145,91,65,59,50,14,8
0,0,0,13,54,11,58,56,63,119,148,173,181,125,147,172,179,159,117,69,58,39,3,9
0,0,0,0,0,9,18,10,69,110,154,188,166,124,166,189,184,133,96,62,36,43,11,5
0,6,1,0,6,7,11,61,73,151,237,233,192,148,184,223,186,136,86,60,38,10,5,0
0,0,0,6,1,12,12,64,105,169,235,205,172,169,203,286,238,134,86,64,14,9,9,0
9,0,6,8,0,1,14,62,109,156,192,154,158,177,177,208,199,112,72,63,12,1,0,2
0,0,0,5,9,5,5,77,109,130,148,157,164,162,157,145,133,106,91,69,10,0,1,0
5,0,0,0,5,3,11,95,114,130,144,143,151,151,141,131,128,107,80,60,11,5,0,0
2,2,4,0,9,3,13,58,110,130,141,148,147,130,100,118,120,76,57,53,5,0,0,0
0,1,12,0,2,9,14,61,87,122,144,163,146,123,120,124,115,67,78,50,1,0,0,0
0,3,0,6,9,6,13,51,67,84,108,146,129,128,115,101,111,101,81,12,6,0,0,0
2,12,6,8,14,16,14,42,60,95,104,110,136,133,123,104,94,57,50,42,32,13,4,0
5,5,9,5,12,24,46,65,101,102,98,135,155,142,165,122,120,107,87,73,34,8,0,0
5,0,1,5,11,48,90,112,117,139,132,174,192,169,173,148,135,89,91,77,78,36,4,0
7,0,0,0,26,41,100,117,132,145,139,176,209,175,180,129,139,129,91,79,43,39,18,7
8,5,4,12,16,41,72,113,148,147,188,168,174,226,175,165,162,137,134,116,69,46,14,10
6,6,9,9,21,50,90,129,167,175,179,176,146,247,168,146,160,135,143,125,68,45,25,13
0,0,11,11,11,58,106,129,155,181,168,165,146,123,125,146,135,145,137,120,91,65,50,10
7,0,7,12,24,42,103,121,164,159,160,163,133,105,110,126,134,140,134,123,110,100,62,21
0,1,11,25,24,48,101,124,166,155,158,146,123,101,105,114,134,137,132,120,83,58,44,12
4,8,2,12,14,14,72,107,125,153,127,121,104,87,12,105,111,116,115,109,76,50,45,3
5,11,8,10,12,12,58,106,123,130,136,110,107,42,83,100,93,114,122,113,102,55,35,10
3,12,13,14,13,12,13,101,118,129,128,101,82,81,61,77,107,120,125,113,101,60,40,12
6,9,10,10,10,10,20,34,84,83,91,80,75,69,52,61,75,101,101,103,67,41,15,10
4,4,10,12,10,21,21,20,70,110,104,83,79,52,24,48,59,87,103,95,58,47,13,13
0,5,8,3,10,22,12,11,75,119,111,87,76,89,55,51,55,68,108,123,105,59,15,10
2,1,2,1,7,11,14,14,57,139,130,65,54,51,27,49,52,57,103,94,70,49,13,10
0,0,4,4,3,9,5,12,51,87,94,64,51,18,12,14,14,52,63,76,50,7,8,3
0,2,8,9,5,12,0,12,16,58,57,51,13,14,0,5,12,36,49,23,11,5,0,0
0,6,4,11,7,4,6,13,32,58,54,50,13,7,9,1,12,20,18,12,4,0,0,1
0,0,5,5,5,0,1,13,25,51,58,50,20,12,11,18,6,14,16,12,3,6,0,0
0,0,0,0,0,7,0,9,43,48,51,47,21,13,11,12,13,4,9,11,8,0,0,0
0,4,0,0,2,0,6,30,15,55,52,34,22,3,7,10,13,0,0,0,0,0,0,1
8,0,0,9,12,11,8,5,12,52,53,52,34,10,6,10,13,5,0,0,0,0,0,0
0,0,0,9,11,9,10,9,13,30,51,14,15,0,2,9,9,0,0,7,0,0,0,0
6,2,5,8,7,8,10,8,23,24,45,50,12,8,0,0,13,11,6,9,0,0,4,3
0,6,10,8,0,7,2,4,6,27,37,43,13,11,5,0,6,0,9,8,0,0,8,1
7,5,0,4,0,0,6,5,5,13,24,28,7,2,6,10,8,11,13,12,6,4,0,0

79,59,57,55,35,9,0,0,0,0,0,0,0,0,10,0,0,0,0,0,0,0,0,6
145,130,86,45,12,0,0,0,0,0,0,0,0,0,0,0,0,0,0,0,0,0,0,11
105,96,63,43,33,10,10,0,0,0,0,0,0,7,3,8,5,10,9,0,0,9,11,61
46,60,56,53,52,19,15,5,13,24,10,10,14,33,55,14,18,16,51,48,23,33,49,54
3,34,31,10,34,35,49,51,57,61,67,104,84,93,107,102,71,78,84,73,61,44,28,32
0,10,13,10,36,46,42,55,58,88,106,147,151,125,109,147,135,105,88,68,59,52,32,11
0,0,14,11,8,49,59,54,67,105,155,185,183,126,124,164,165,147,91,65,59,50,14,8
0,0,0,13,54,11,58,56,64,122,153,176,183,127,147,173,181,161,118,69,59,42,3,9
0,0,0,0,0,9,18,10,70,111,154,190,169,125,166,190,184,134,97,63,38,43,11,6
0,6,1,0,6,8,11,62,74,151,239,236,194,149,186,225,187,136,85,60,38,11,6,0
0,0,0,6,1,12,12,65,106,168,236,208,173,168,203,284,236,133,86,63,14,11,11,0
9,0,6,8,0,1,14,62,109,156,193,155,157,176,176,207,200,111,72,62,12,1,0,2
0,0,0,5,9,4,5,77,109,129,147,156,163,160,155,144,133,106,90,68,9,0,1,0
5,0,0,0,5,3,11,95,114,130,143,143,150,149,140,130,127,107,80,60,10,5,0,0
2,2,3,0,8,2,12,57,110,130,140,147,146,129,99,117,120,75,57,52,4,0,0,0
0,0,12,0,2,8,13,60,87,122,143,162,145,122,119,123,114,67,77,48,1,0,0,0
0,3,0,6,9,6,13,51,67,83,108,145,128,128,115,100,111,101,80,11,6,0,0,0
2,12,6,7,14,17,15,42,60,95,103,109,135,133,122,103,93,57,50,41,32,13,4,0
4,5,9,5,12,25,47,66,101,101,98,134,154,141,165,121,120,107,88,72,34,8,0,0
5,0,1,5,11,50,92,112,117,139,132,174,192,168,173,148,135,89,91,77,77,37,4,0
7,0,0,0,26,42,100,118,132,145,139,176,210,175,180,129,138,129,91,79,42,39,18,7
7,5,4,12,16,41,72,114,149,147,189,168,174,227,175,165,162,137,134,116,69,46,14,10
6,6,9,10,22,51,92,130,167,176,179,176,146,247,169,146,160,135,143,125,68,45,25,14
0,0,11,11,11,59,106,130,155,182,168,165,146,123,125,146,136,144,137,120,91,65,50,10
7,0,7,12,24,43,103,121,165,159,161,163,133,105,110,126,134,140,134,123,110,100,61,24
0,1,11,25,25,50,101,124,166,155,158,146,123,101,105,114,134,137,131,120,82,59,44,12
4,8,2,12,14,15,72,107,125,152,127,121,104,88,12,105,110,116,115,108,76,50,45,3
5,11,8,10,12,12,58,106,123,130,136,110,107,42,84,99,93,114,122,113,102,55,35,10
3,12,13,14,13,12,13,101,118,129,127,100,82,81,61,77,107,120,125,113,101,59,40,12
6,9,10,10,10,10,21,35,85,83,91,80,75,69,52,61,75,101,101,103,67,41,15,10
4,4,10,12,10,22,22,20,70,110,103,82,79,51,24,48,59,87,103,95,58,48,14,13
0,5,8,3,10,22,12,11,75,118,111,87,76,90,55,52,55,68,108,124,105,60,14,10
2,1,2,0,7,11,14,14,57,139,130,65,54,51,29,49,52,57,103,94,70,49,13,10
0,0,4,4,3,9,5,12,51,87,94,64,52,18,13,14,14,52,63,76,50,7,8,4
0,2,8,9,5,12,0,11,16,58,56,51,13,14,0,5,12,36,49,22,11,5,0,0
0,6,4,11,7,4,6,13,32,58,54,50,13,7,10,1,12,23,18,12,4,0,0,2
0,0,5,5,5,0,1,13,25,51,58,50,20,12,11,19,6,15,16,12,4,6,0,0
0,0,0,0,0,7,0,9,43,48,51,47,24,13,11,12,13,4,9,11,8,0,0,0
0,4,0,0,2,0,6,29,16,55,52,34,23,3,7,10,13,0,0,0,0,0,0,1
8,0,0,9,12,11,8,5,12,52,54,52,34,10,6,10,13,5,0,0,0,0,0,0
0,0,0,9,11,8,10,9,13,30,50,14,14,0,2,9,9,0,0,7,0,0,0,0
6,2,5,8,7,8,10,8,24,26,43,50,12,8,0,0,13,11,6,9,0,0,4,3
0,6,10,8,0,7,2,4,7,27,37,43,13,11,6,0,6,0,9,8,0,0,8,2
7,5,0,4,0,0,6,5,5,12,25,30,7,2,6,10,8,11,13,12,6,4,0,0

78,59,57,55,35,9,0,0,0,0,0,0,0,0,11,0,0,0,0,0,0,0,0,6
145,130,85,45,12,0,0,0,0,0,0,0,0,0,0,0,0,0,0,0,0,0,0,11
104,95,62,44,33,10,10,0,0,1,0,0,0,8,5,11,7,11,9,0,0,9,11,61
40,60,55,54,52,20,16,5,14,40,11,12,15,51,64,26,24,21,52,50,25,34,49,54
3,34,31,11,34,36,50,51,58,63,68,106,87,97,109,103,73,78,84,74,62,47,31,32
0,10,13,10,36,47,44,55,58,90,108,150,156,128,112,150,138,106,88,68,59,52,34,11
0,0,14,12,7,48,60,54,68,107,158,189,187,128,126,167,169,148,92,65,59,50,14,9
0,0,0,13,54,11,58,56,65,124,156,178,186,128,148,175,183,162,119,69,59,47,3,9
0,0,0,0,0,9,20,10,71,112,155,191,170,126,167,190,185,134,97,63,38,43,11,6
0,6,1,0,6,12,10,62,75,153,240,238,196,150,187,227,188,136,85,60,39,12,6,0
0,0,0,6,1,12,12,65,106,168,238,212,175,169,204,283,235,132,85,63,14,12,11,0
9,0,6,7,0,1,14,63,109,157,194,155,157,175,176,208,200,111,72,62,12,2,0,3
0,0,0,5,9,4,6,78,109,129,148,156,162,159,154,144,133,106,89,67,9,0,2,0
4,0,0,0,5,3,10,94,114,130,143,142,149,149,140,130,127,107,79,59,10,5,0,0
2,2,2,0,8,2,12,57,110,130,140,147,146,128,98,117,120,75,57,52,4,0,0,0
0,0,12,0,1,8,13,60,87,122,143,162,144,121,119,123,114,67,77,47,1,0,0,0
0,3,0,6,9,6,13,51,67,83,108,145,127,127,114,99,111,101,80,11,6,0,0,0
2,12,6,7,14,17,15,42,60,95,103,109,134,132,122,103,93,57,50,42,32,13,5,0
4,5,9,5,12,26,48,66,101,102,98,134,154,141,164,121,120,107,89,74,36,8,0,0
5,0,1,5,12,51,93,113,117,139,132,174,192,168,172,148,134,89,92,77,77,37,4,0
7,0,0,0,27,42,101,118,133,145,139,176,210,175,180,129,139,129,91,79,43,39,18,7
7,5,4,12,16,41,73,114,149,148,188,168,174,227,176,165,162,137,134,117,69,46,14,10
6,6,9,10,22,51,92,130,168,175,180,177,146,247,169,146,160,135,143,125,68,45,25,14
0,0,11,11,11,59,106,130,155,182,168,165,146,123,125,146,136,144,137,120,90,66,50,10
7,0,7,12,25,42,103,121,165,159,160,163,133,105,110,126,134,140,134,123,110,100,62,24
0,1,10,25,24,51,101,124,166,155,158,146,123,101,105,114,134,136,131,119,83,58,46,12
4,8,2,12,14,15,73,107,125,153,127,122,105,88,13,105,110,116,114,108,77,50,45,4
5,12,8,10,12,12,60,106,123,130,136,109,107,44,84,100,93,114,122,113,102,55,35,10
3,12,13,14,13,12,13,101,118,129,127,100,82,81,61,77,107,120,125,112,101,59,42,12
6,9,10,10,10,10,21,35,85,83,91,80,75,69,52,61,75,101,101,103,67,43,15,10
4,4,10,12,10,22,22,21,70,110,104,82,79,52,24,49,60,87,103,95,58,48,14,13
0,5,8,3,10,22,12,11,76,119,111,87,76,91,55,52,55,68,108,124,106,60,16,10
2,1,2,0,7,11,14,14,57,139,130,65,54,51,28,49,52,57,103,93,70,49,13,10
0,0,4,4,3,9,5,12,51,87,93,64,52,19,13,14,14,52,63,76,50,7,8,4
0,2,8,9,5,12,0,11,16,58,56,51,13,14,0,5,12,37,49,23,11,5,0,0
0,6,4,11,6,4,6,13,32,58,54,50,13,7,10,2,12,20,18,12,4,0,0,2
0,0,5,5,5,0,1,13,25,51,58,50,21,12,11,21,6,15,16,12,4,6,0,0
0,0,0,0,0,7,0,9,43,49,50,47,24,13,11,12,13,5,9,11,9,0,0,0
0,4,0,0,2,0,6,30,16,55,52,34,23,3,7,10,13,0,0,0,0,0,0,1
8,0,0,9,12,11,8,5,12,52,53,52,34,10,6,10,13,5,0,1,0,0,0,0
0,0,0,9,11,9,10,9,13,30,51,14,14,0,2,9,10,0,0,7,0,0,0,0
6,2,5,7,7,8,10,8,23,26,45,45,12,8,0,0,13,11,6,9,0,0,4,3
0,6,10,8,0,7,2,4,7,27,37,44,13,11,6,0,6,0,10,8,0,0,8,2
7,5,0,4,0,0,6,5,5,12,25,30,7,2,6,10,8,11,13,12,6,4,0,0

78,59,57,55,36,9,0,0,0,0,0,0,0,0,12,1,0,0,0,0,0,0,0,6
145,130,85,44,12,0,0,0,0,0,0,0,0,0,2,0,0,0,0,0,0,0,0,11
104,95,62,46,36,10,10,0,0,0,0,0,0,8,7,11,8,11,9,0,0,8,11,62
37,60,56,53,52,21,16,6,14,45,12,12,17,52,63,25,25,22,52,50,25,34,50,54
3,34,31,11,34,36,50,51,58,63,69,107,89,100,109,104,74,79,84,74,62,46,30,33
0,10,13,10,36,47,44,55,59,90,109,153,158,129,113,152,139,107,89,68,59,52,32,11
0,0,14,12,7,49,59,54,67,107,158,189,188,129,126,168,170,149,92,66,60,50,14,9
0,0,0,13,54,11,58,56,64,123,154,177,185,128,146,174,183,162,119,69,59,46,3,9
0,0,0,0,0,9,21,10,71,111,154,190,170,125,166,189,183,134,97,63,39,43,11,6
0,6,1,0,6,13,10,62,75,153,240,238,196,149,186,225,187,136,85,60,40,12,6,0
0,0,0,6,1,12,13,66,107,169,237,213,178,170,205,281,235,132,85,64,14,12,11,0
9,0,6,7,0,1,14,63,109,157,194,156,158,176,177,207,199,111,71,62,12,1,0,3
0,0,0,5,9,5,7,78,109,130,148,157,163,160,154,144,133,106,90,68,10,0,2,0
4,0,0,0,5,4,4,96,114,130,143,143,150,149,140,130,127,107,80,60,10,6,0,0
2,2,2,0,8,2,11,60,110,130,140,147,146,128,99,117,120,75,57,53,5,0,0,0
0,0,12,0,1,8,14,61,87,122,143,162,145,122,119,123,114,67,77,48,1,0,0,0
0,3,0,6,9,6,13,51,67,83,108,146,127,127,114,100,111,101,80,11,6,0,0,0
2,12,6,7,14,17,15,42,60,95,103,109,135,132,122,103,93,57,50,41,32,13,5,0
4,5,9,5,12,26,48,66,101,102,97,134,154,141,164,121,120,107,89,72,36,9,0,0
5,0,1,4,11,51,93,113,117,139,132,174,192,168,172,148,134,89,91,77,77,37,4,0
7,0,0,0,27,42,101,118,132,145,138,176,209,175,179,129,138,129,91,79,42,39,18,7
7,5,4,12,16,41,73,114,149,147,188,168,174,226,175,165,162,137,134,116,69,47,14,10
6,6,9,10,22,51,92,130,167,175,179,176,146,246,168,146,160,134,143,125,67,45,25,14
0,0,11,11,11,59,106,130,155,182,168,165,146,122,125,146,135,144,137,120,90,65,50,10
7,0,7,12,24,43,103,121,165,159,160,163,133,105,110,126,134,140,133,123,110,100,62,24
0,1,10,25,25,51,101,124,166,155,158,146,123,101,105,114,134,136,131,119,82,59,44,12
4,8,2,12,14,16,73,107,125,153,127,122,105,89,13,105,110,116,114,108,76,50,46,4
5,11,8,10,12,12,60,106,123,130,136,110,107,44,84,99,93,114,122,113,102,55,34,10
3,12,13,14,13,12,13,101,118,129,128,101,82,81,61,78,107,120,124,112,101,60,42,12
6,9,10,10,10,10,21,35,85,83,91,80,75,69,53,61,75,101,101,103,67,42,15,10
4,4,10,12,10,23,22,21,70,110,104,83,79,52,25,49,60,87,103,95,58,49,14,13
0,5,8,3,10,22,12,11,76,119,111,87,76,91,55,52,55,69,108,124,106,60,15,10
2,1,2,0,7,11,14,14,57,139,130,65,54,51,29,50,52,57,103,94,70,49,13,10
0,0,4,4,3,9,5,12,51,87,94,64,52,22,13,15,15,52,63,76,50,7,8,4
0,2,8,9,5,12,1,11,16,58,57,51,13,14,0,6,13,37,49,24,11,5,0,0
0,6,4,11,6,4,6,13,32,58,54,50,13,7,10,2,12,22,19,12,5,0,0,2
0,0,5,5,4,0,1,13,25,51,58,50,21,12,11,21,6,15,18,12,4,6,0,0
0,0,0,0,0,7,0,9,44,49,51,48,23,13,11,12,13,5,9,11,9,0,0,0
0,4,0,0,2,0,6,30,17,55,52,35,23,3,7,10,13,0,0,0,0,0,0,1
8,0,0,9,12,11,8,5,12,52,54,52,34,10,6,10,13,6,0,1,0,0,0,0
0,0,0,9,11,9,10,9,13,32,51,14,16,0,3,9,10,0,0,7,0,0,0,0
6,2,5,7,7,8,10,8,24,27,47,50,12,8,0,0,13,11,6,9,0,0,4,3
0,6,10,8,0,7,2,5,7,27,38,43,13,11,6,0,6,0,10,8,0,0,9,2
7,5,0,4,0,0,6,5,5,13,25,30,7,3,6,10,9,11,13,12,6,4,0,0

78,59,57,55,36,9,0,0,0,0,0,0,0,2,13,2,0,0,0,0,0,0,0,7
144,130,85,44,12,0,0,0,0,0,0,0,0,0,4,0,0,0,0,0,0,0,0,11
104,94,62,44,36,10,10,0,0,0,0,0,0,8,8,11,7,10,9,0,0,8,11,61
35,59,55,53,52,21,16,6,14,45,12,12,17,51,61,18,23,22,52,50,24,34,49,53
3,34,31,11,34,36,50,51,58,64,69,107,89,99,109,104,74,79,85,73,62,47,30,32
0,10,13,10,36,47,44,55,59,91,111,155,160,129,113,151,140,108,90,69,59,52,32,11
0,0,14,12,7,49,60,54,68,108,159,190,187,128,125,167,170,150,93,66,60,50,14,9
0,0,0,13,54,11,58,56,64,124,154,176,183,127,145,172,181,162,119,70,59,47,3,9
0,0,0,0,0,9,23,11,71,112,154,189,169,124,163,187,181,133,97,63,38,43,11,6
0,6,1,0,6,14,10,63,76,155,239,236,195,148,183,221,185,136,85,60,41,12,6,0
0,0,0,5,1,12,13,66,108,171,237,211,180,172,200,276,237,134,86,64,14,12,12,0
9,0,5,7,0,1,17,64,110,158,194,157,161,179,178,203,198,113,72,63,12,2,0,3
0,0,0,5,9,5,8,80,110,131,149,159,166,163,157,145,133,106,91,69,10,0,2,0
4,0,0,0,5,4,2,97,115,131,144,144,152,152,142,131,128,107,80,60,11,6,0,0
2,2,2,0,8,3,12,61,111,131,141,148,148,130,100,119,120,76,57,53,6,0,0,0
0,0,12,0,1,9,14,61,88,123,144,164,146,124,121,124,115,67,78,50,2,0,0,0
0,3,0,6,9,6,13,51,67,84,109,147,129,129,116,101,112,101,81,12,6,0,0,0
2,11,6,7,14,16,15,42,61,95,104,111,136,134,123,104,93,57,50,42,31,13,5,0
4,5,9,4,11,24,47,66,101,102,98,135,155,142,166,122,120,106,87,72,32,8,0,0
5,0,0,4,11,48,91,112,117,139,132,175,192,169,172,148,134,88,90,76,77,35,4,0
7,0,0,0,26,41,100,118,132,145,138,175,208,174,178,129,138,129,90,78,42,38,18,7
7,5,4,12,16,41,72,113,148,147,188,166,172,224,174,164,161,136,133,116,69,46,14,10
6,6,9,10,22,51,91,129,166,174,178,176,145,244,167,145,159,134,143,124,67,45,25,14
0,0,11,11,11,58,106,129,154,181,167,164,145,121,125,145,135,144,137,120,90,64,50,10
7,0,7,12,24,42,103,121,164,159,160,163,133,105,110,126,133,140,133,122,110,100,62,24
0,1,10,25,24,50,101,124,166,154,158,146,123,101,105,114,134,136,131,119,82,58,44,12
4,8,2,12,14,14,72,107,125,153,127,121,104,89,13,105,110,116,114,108,76,50,46,3
5,11,8,10,12,12,60,106,123,130,136,109,107,44,84,100,93,114,121,113,102,55,35,10
3,12,13,14,13,12,13,101,118,129,127,100,82,81,62,78,107,120,124,112,101,59,42,12
6,9,10,10,10,10,21,35,84,84,91,80,75,69,53,61,75,101,101,103,67,41,16,10
4,4,10,12,10,22,22,22,70,111,104,82,79,52,25,49,60,87,103,96,58,48,14,13
0,5,8,3,10,22,12,11,76,119,111,87,76,92,55,52,55,68,108,125,107,60,16,10
2,1,2,0,7,11,14,14,57,140,130,66,54,51,30,50,52,57,103,94,70,49,13,10
0,0,4,4,3,9,5,12,51,87,94,64,52,21,13,15,14,52,63,76,50,7,8,4
0,2,8,9,5,12,1,12,17,58,57,51,13,14,0,6,13,38,49,25,11,5,0,0
0,6,4,11,6,4,6,13,33,58,54,50,13,7,10,2,12,22,21,12,5,0,0,2
0,0,5,5,4,0,1,13,25,51,58,50,23,12,11,22,7,15,20,12,4,6,0,0
0,0,0,0,0,7,0,9,44,48,51,47,24,13,12,13,13,5,9,11,9,0,0,0
0,4,0,0,2,0,6,30,18,55,52,35,23,3,7,10,13,0,0,0,0,0,0,1
8,0,0,9,12,11,8,5,13,52,54,52,34,10,7,10,13,6,0,1,0,0,0,0
0,0,0,9,11,9,10,9,13,28,51,16,18,0,2,9,10,0,0,7,0,0,0,0
6,2,5,7,7,8,10,8,23,28,47,47,12,9,0,0,13,12,7,9,0,0,5,3
0,6,10,8,0,7,2,5,7,27,38,44,13,12,6,0,6,0,10,8,0,0,9,2
8,5,0,4,0,0,6,5,5,13,25,30,7,3,6,11,9,11,13,12,6,4,0,0

78,59,57,55,36,9,0,0,0,0,0,0,0,7,14,4,0,0,0,0,0,0,0,7
144,130,85,44,12,0,0,0,0,0,0,0,0,0,5,0,0,0,0,0,0,0,0,11
103,94,62,44,36,10,10,0,0,0,0,0,0,7,9,11,7,10,9,0,0,8,11,62
36,59,55,53,52,21,16,6,14,44,12,12,16,51,60,15,20,22,52,50,25,34,50,53
3,34,31,11,34,35,50,51,58,64,69,108,89,99,109,103,73,79,85,73,62,47,30,31
0,10,13,10,36,47,44,55,59,91,111,155,159,129,112,150,140,108,90,68,59,52,33,11
0,0,14,12,7,50,60,54,68,108,159,190,187,128,125,166,169,150,93,66,60,50,14,9
0,0,0,13,54,11,59,56,64,124,154,175,183,127,144,171,181,162,119,70,59,46,3,9
0,0,0,0,0,9,23,11,71,112,154,189,169,124,162,186,180,132,97,63,38,43,11,6
0,6,1,0,6,14,10,63,76,155,238,236,196,148,183,221,184,135,85,60,40,12,6,0
0,0,0,5,1,12,13,67,108,171,236,210,181,173,199,273,237,133,86,64,14,12,11,0
9,0,5,7,0,1,17,65,110,158,194,158,163,181,179,202,198,113,72,63,12,2,0,3
0,0,0,5,9,6,8,80,110,131,149,160,167,165,158,146,134,106,91,70,11,0,2,0
4,0,0,0,5,5,1,98,115,132,145,145,153,153,142,132,128,107,80,61,12,7,0,0
2,2,3,0,8,4,13,63,111,131,142,149,149,131,101,119,121,76,57,53,7,0,0,0
0,0,12,0,2,9,15,62,88,123,144,165,147,125,121,124,115,67,78,51,2,0,0,0
0,3,0,6,8,6,13,52,67,85,109,148,130,130,116,101,112,101,82,13,6,0,0,0
1,11,6,7,14,16,15,42,61,96,104,111,137,134,124,104,94,57,50,42,32,13,5,0
4,5,9,4,11,22,46,66,101,102,98,136,156,142,166,122,120,106,87,72,32,8,0,0
5,0,0,4,11,49,91,112,117,139,132,175,193,169,173,148,134,88,90,77,77,36,4,0
7,0,0,0,26,41,100,118,132,145,138,175,208,174,178,129,138,129,90,78,42,38,18,7
7,5,4,12,16,41,72,113,148,146,188,166,172,224,174,164,161,136,133,116,68,46,14,10
6,6,9,10,21,51,91,129,166,174,178,175,145,243,166,145,159,134,143,124,67,45,25,14
0,0,11,11,11,59,106,129,154,181,167,164,145,121,124,145,135,144,137,120,89,65,50,10
7,0,6,12,24,42,103,121,164,159,160,163,133,105,110,126,133,140,133,122,110,100,62,24
0,1,10,25,24,50,101,124,166,154,158,146,123,101,105,114,133,136,131,119,82,58,46,12
4,8,2,12,14,14,72,107,125,153,127,121,104,89,13,105,110,116,114,108,76,50,46,3
5,11,8,10,12,12,58,106,123,130,136,110,107,45,84,100,92,114,121,113,102,55,35,10
2,12,13,14,13,12,13,101,118,129,127,100,82,81,62,78,107,120,124,112,101,60,42,12
6,9,10,10,10,10,22,35,85,83,91,80,75,69,53,61,75,101,101,103,67,43,16,10
4,4,10,12,10,22,23,22,70,111,104,82,79,51,25,49,60,87,103,96,59,49,14,13
0,5,8,3,10,22,12,11,76,119,112,87,76,93,55,52,55,69,108,125,107,60,19,10
2,1,2,0,7,11,14,14,57,140,130,65,54,51,29,50,52,57,103,94,70,49,13,10
0,0,4,4,3,9,5,12,51,87,93,64,52,20,13,15,14,52,63,76,50,7,8,4
0,2,8,9,4,12,1,11,17,58,56,51,13,14,0,6,13,37,49,24,11,5,0,0
0,6,4,11,6,4,6,13,33,58,54,50,13,7,10,2,12,23,21,12,5,0,0,2
0,0,4,5,4,0,1,13,25,51,58,50,24,12,11,23,7,18,18,12,4,6,0,0
0,0,0,0,0,7,0,9,44,48,51,49,25,13,12,13,13,5,9,11,9,0,0,0
0,3,0,0,2,0,6,29,16,55,52,35,24,3,8,10,13,0,0,0,0,0,0,1
8,0,0,9,12,11,8,5,12,52,54,52,34,10,7,10,13,6,0,1,0,0,0,0
0,0,0,9,11,9,10,9,13,27,51,14,17,0,3,9,10,0,0,7,0,0,0,0
6,2,5,7,7,8,10,8,23,27,47,47,12,9,0,0,13,12,7,9,0,0,5,4
0,6,10,8,0,7,2,5,7,27,36,44,13,12,6,0,6,0,10,8,0,0,9,2
8,5,0,4,0,0,6,5,5,13,25,31,7,3,6,11,9,12,13,12,6,4,0,0

78,59,57,55,36,9,0,0,0,0,0,0,0,9,14,4,0,0,0,0,0,0,0,7
144,130,85,44,12,0,0,0,0,0,0,0,0,0,6,0,0,0,0,0,0,0,0,11
103,93,62,44,36,10,10,0,0,0,0,0,0,8,9,12,7,10,9,0,0,8,11,62
34,59,56,53,52,22,16,6,15,45,12,12,19,56,65,26,24,22,52,50,26,34,50,54
3,34,31,11,34,36,50,51,58,65,69,108,89,100,110,103,73,79,84,73,62,46,31,31
0,10,13,10,36,47,45,55,59,92,111,155,161,132,114,151,140,107,89,68,59,52,34,11
0,0,14,12,7,50,60,54,68,108,160,191,190,130,126,167,170,150,93,66,59,50,14,9
0,0,0,12,54,11,59,56,65,125,157,178,186,128,144,172,182,162,119,70,59,48,3,9
0,0,0,0,0,9,25,11,72,113,155,191,171,125,163,187,181,133,97,63,38,43,11,6
0,6,0,0,6,14,10,63,76,155,240,239,197,149,185,224,186,135,85,60,41,12,6,0
0,0,0,5,1,12,13,66,107,170,238,213,180,171,199,276,235,133,85,64,14,12,11,0
9,0,5,7,0,1,16,65,110,158,195,157,160,178,177,203,199,112,71,62,12,2,0,3
0,0,0,5,9,6,8,81,110,131,149,158,164,162,156,145,133,106,89,69,10,0,2,0
4,0,0,0,5,4,2,98,115,131,144,143,151,151,141,131,127,107,80,60,11,7,0,0
2,2,2,0,8,3,12,62,111,131,141,148,147,130,99,118,120,76,57,53,6,0,0,0
0,0,12,0,1,9,14,62,88,122,144,164,146,123,120,123,115,67,77,50,2,0,0,0
0,2,0,5,8,6,14,52,67,84,109,146,129,129,115,101,111,101,81,12,6,0,0,0
2,11,6,7,14,17,15,43,61,96,104,110,136,133,123,104,93,57,50,42,32,14,5,0
4,5,9,4,12,25,48,67,101,102,98,135,155,142,165,122,120,107,88,73,36,8,0,0
5,0,0,4,11,51,93,113,118,139,132,175,192,169,172,148,134,89,91,77,77,37,5,0
7,0,0,0,27,42,101,118,133,145,138,175,208,174,179,129,138,129,91,78,43,39,18,7
7,5,4,12,16,41,73,114,149,147,188,167,173,225,175,165,162,137,134,116,69,47,14,10
6,6,8,10,22,51,92,130,167,175,179,176,146,245,168,146,159,134,143,125,67,45,25,14
0,0,11,11,11,59,106,130,155,181,167,165,146,121,125,145,135,144,137,120,90,66,50,10
7,0,6,12,24,43,103,121,164,159,160,163,133,105,110,126,133,140,133,122,110,100,62,24
0,1,10,25,26,52,102,124,166,155,158,146,123,101,105,114,134,136,131,119,83,59,46,12
3,8,2,12,14,15,72,107,125,152,127,121,105,89,13,105,110,116,114,108,77,50,45,4
5,11,9,10,12,12,60,106,123,130,136,109,107,46,84,100,92,114,121,113,102,55,36,10
2,12,13,14,13,12,13,101,118,129,127,100,82,82,61,78,107,120,124,112,101,60,42,12
6,9,10,10,10,10,22,35,85,83,91,80,75,69,53,61,75,101,101,103,67,43,16,10
4,3,10,12,10,22,23,21,70,111,104,82,79,52,25,49,60,87,103,96,59,49,14,13
0,5,8,3,10,22,12,11,76,119,112,87,76,93,55,52,55,69,108,125,107,60,16,10
2,1,2,0,7,11,14,14,57,140,130,65,54,51,31,50,52,58,103,94,70,49,13,10
0,0,4,4,3,9,5,12,51,87,94,64,52,21,13,15,15,52,63,76,50,7,8,4
0,2,8,9,4,12,1,12,17,58,56,51,13,14,0,6,13,38,49,23,11,5,0,0
0,6,4,11,6,4,6,13,33,58,54,50,13,7,10,2,12,23,20,12,5,0,0,3
0,0,4,5,4,0,1,13,25,51,58,50,23,12,11,21,7,16,19,12,4,6,0,0
0,0,0,0,0,7,0,9,45,48,51,49,24,13,12,13,13,5,9,11,9,0,0,0
0,4,0,0,2,0,6,30,16,55,52,35,24,3,8,11,13,0,0,0,0,0,0,2
8,0,0,9,12,11,8,5,13,52,54,52,34,10,7,10,13,6,0,1,0,0,0,0
0,0,0,9,11,9,10,9,13,28,51,15,18,0,3,9,10,0,0,7,0,0,0,0
6,2,5,7,7,8,10,8,23,27,47,50,12,9,0,0,13,12,7,9,0,0,5,4
0,6,10,8,0,7,2,5,7,27,36,41,13,12,6,0,6,0,10,8,0,0,9,2
8,5,0,4,0,0,6,5,5,13,25,30,7,3,6,11,9,12,13,12,6,4,0,0

78,59,57,55,37,9,0,0,0,0,0,0,2,10,14,5,0,0,0,0,0,0,0,7
144,130,85,45,12,0,0,0,0,0,0,0,0,0,6,0,0,0,0,0,0,0,0,11
103,94,62,44,37,10,10,0,0,1,0,0,0,8,11,13,8,10,9,0,0,7,11,62
34,59,56,53,52,23,17,6,16,48,13,12,23,63,70,33,26,25,53,50,26,35,50,54
3,34,31,11,34,36,50,51,59,65,70,108,90,101,110,104,74,79,84,73,62,48,31,33
0,10,13,10,36,47,45,55,59,92,111,156,162,133,116,152,140,107,89,68,59,53,35,11
0,0,14,12,7,49,60,55,68,109,161,193,193,132,128,169,171,150,93,66,60,50,14,9
0,0,0,12,54,12,59,56,65,126,159,180,189,129,145,174,183,163,119,70,59,50,3,9
0,0,0,0,0,9,24,11,72,112,156,193,173,126,164,188,182,133,97,63,38,44,11,6
0,6,0,0,6,14,10,63,76,154,241,241,198,150,187,226,187,135,85,60,41,12,6,0
0,0,0,5,1,12,13,66,107,168,238,216,180,170,203,279,233,131,85,63,14,13,12,0
9,0,5,7,0,1,15,64,109,158,196,157,157,175,177,207,200,111,71,62,11,2,0,3
0,0,0,5,9,5,8,80,110,130,148,156,162,159,153,144,132,106,89,67,10,0,2,0
4,0,0,0,5,4,2,97,115,130,143,142,149,149,140,130,127,107,79,60,11,6,0,0
2,2,2,0,8,3,12,61,111,130,140,147,146,128,98,117,120,75,57,53,6,0,0,0
0,0,12,0,1,9,14,61,87,122,143,162,145,122,119,123,114,67,77,50,2,0,0,0
0,2,0,5,8,6,14,51,67,84,108,145,127,127,114,99,111,101,81,12,6,0,0,0
1,11,6,7,14,18,16,43,61,95,103,109,134,132,122,103,93,57,50,42,32,14,5,0
4,5,9,4,12,27,50,68,102,102,98,134,154,141,164,121,120,107,89,74,38,9,1,0
5,0,1,4,12,52,95,114,118,140,132,174,192,169,172,148,135,90,92,78,78,38,5,0
7,0,0,0,27,43,101,119,133,146,139,176,209,174,180,129,139,130,91,79,43,39,19,7
7,5,4,12,17,42,74,115,150,148,189,168,174,227,175,165,163,137,134,117,69,48,14,10
6,6,8,10,23,51,94,131,168,176,180,177,147,246,169,146,160,134,143,125,68,45,25,14
0,0,11,11,11,60,106,130,156,182,168,165,146,121,125,146,135,144,137,120,91,65,51,10
7,0,7,12,25,44,103,122,165,159,160,164,134,106,110,126,134,140,133,122,110,101,62,24
0,1,10,25,25,54,102,124,166,155,158,146,123,101,105,114,134,136,131,119,82,59,47,12
3,8,2,12,14,16,74,107,125,153,127,121,105,90,13,105,110,116,114,108,76,50,46,4
5,11,9,10,12,12,63,106,123,130,136,109,107,46,84,100,92,114,121,113,102,55,36,10
2,12,14,14,14,12,13,101,118,129,127,100,82,81,62,78,107,120,124,112,101,60,42,12
6,9,10,10,10,10,22,35,84,83,91,80,75,69,52,61,75,101,101,103,67,43,16,10
4,3,10,12,10,22,22,21,70,111,104,82,78,51,25,49,60,87,103,96,59,49,14,13
0,5,8,3,10,22,12,11,76,119,112,87,76,94,56,52,55,69,108,125,107,60,17,10
2,1,2,0,7,11,14,14,57,139,130,65,54,51,30,50,52,57,103,94,69,48,13,10
0,0,3,4,3,9,5,12,51,86,93,64,52,20,14,15,14,52,63,76,50,7,8,4
0,3,8,9,5,12,1,12,17,58,57,51,14,14,0,6,13,40,49,23,11,6,0,0
0,6,4,11,6,4,6,13,33,58,54,50,13,7,10,2,13,23,21,12,5,0,0,3
0,0,4,5,4,0,1,13,25,51,58,50,23,12,11,22,7,16,18,12,4,7,0,0
0,0,0,0,0,7,0,9,43,49,50,48,25,13,12,13,13,5,9,11,9,0,0,0
0,3,0,0,2,0,6,30,16,55,52,35,24,3,8,11,13,0,0,0,0,0,0,2
8,0,0,9,12,11,8,5,12,52,54,52,34,10,7,10,13,6,0,1,0,0,0,0
0,0,0,9,11,9,10,9,13,31,51,17,18,0,3,9,10,0,0,7,0,0,0,0
6,2,5,7,7,8,10,8,23,27,44,45,12,9,0,0,13,12,7,9,0,0,5,4
0,6,10,8,0,7,2,5,7,27,37,43,13,12,6,0,6,0,10,8,0,0,9,2
8,5,0,4,0,0,6,5,5,13,25,30,7,3,6,11,9,11,13,12,6,4,0,0

77,59,57,55,36,9,0,0,0,0,1,0,8,25,20,6,0,0,0,0,0,0,0,7
144,129,84,42,12,0,0,0,0,0,0,0,0,0,5,0,0,0,0,0,0,0,0,11
103,93,62,46,37,10,10,0,0,1,0,0,0,9,11,15,8,10,9,0,0,4,11,62
33,59,55,53,52,23,17,6,17,46,13,12,26,69,74,42,29,27,53,50,27,35,50,54
3,34,31,11,35,36,50,51,59,65,70,108,91,101,111,104,74,79,84,73,62,50,33,35
0,10,13,10,36,47,45,55,59,92,111,155,163,134,117,154,140,107,89,68,59,53,34,11
0,0,14,12,7,49,60,55,68,109,161,193,194,133,129,171,172,149,92,65,60,50,15,9
0,0,0,12,54,11,59,56,65,125,159,181,190,130,147,175,183,163,119,70,59,49,3,9
0,0,0,0,0,9,24,11,71,112,156,193,173,126,165,189,182,133,97,63,38,43,11,6
0,6,0,0,5,14,10,63,76,152,240,242,198,151,188,227,187,134,84,60,41,12,7,0
0,0,0,5,1,12,13,66,106,166,238,219,181,170,208,281,229,130,84,63,14,13,12,0
9,0,5,7,0,1,15,64,109,157,198,158,156,174,177,211,201,110,71,62,11,2,0,3
0,0,0,5,9,5,8,79,109,130,147,154,160,157,152,143,132,106,88,67,10,0,2,0
4,0,0,0,5,4,2,96,115,130,142,142,148,148,139,129,127,106,79,59,10,6,0,0
2,2,2,0,8,2,11,61,110,130,139,146,145,127,98,116,119,75,57,52,5,0,0,0
0,0,11,0,1,9,14,61,87,121,142,161,144,121,118,122,114,66,76,50,2,0,0,0
0,3,0,5,9,7,14,51,67,83,108,145,126,127,113,99,111,101,80,12,7,0,0,0
2,11,6,7,14,18,17,43,61,96,102,108,133,132,121,102,92,57,50,42,33,14,5,0
4,5,9,4,12,28,50,69,102,102,98,134,153,141,163,121,120,107,89,74,39,9,1,0
5,0,1,4,12,53,97,114,118,140,132,174,192,168,172,148,135,90,93,78,78,40,6,0
7,0,0,0,27,44,102,119,134,146,139,176,210,175,180,130,139,130,92,79,43,39,19,8
7,5,4,13,17,42,75,115,152,148,190,169,175,227,176,166,163,137,134,117,69,48,14,10
6,6,9,10,24,52,95,131,169,176,180,178,147,247,170,147,160,134,143,125,68,46,26,14
0,0,11,11,11,60,106,131,156,182,169,165,147,122,125,146,135,144,137,120,91,65,50,10
7,0,7,12,26,44,103,122,166,160,161,164,134,106,110,126,134,140,133,122,110,101,63,27
0,1,10,25,26,54,102,125,167,155,158,146,124,101,106,114,134,136,131,119,83,58,44,12
3,8,2,12,14,16,74,107,125,153,127,122,105,91,13,105,110,116,114,108,76,50,48,4
5,11,9,10,13,12,65,106,123,130,136,109,107,46,85,100,92,114,121,113,102,55,36,10
2,12,14,14,14,12,13,101,118,129,127,100,82,82,62,78,107,120,124,112,101,60,42,12
6,9,10,10,10,10,22,35,85,84,91,80,75,70,53,61,75,101,101,103,67,43,18,10
4,3,10,12,10,22,22,21,70,110,104,82,79,52,25,49,60,87,103,96,59,49,14,13
0,5,8,3,10,22,12,11,76,119,112,87,76,94,55,52,55,69,108,125,107,59,17,10
2,1,2,0,7,11,14,14,57,139,130,66,54,51,30,50,52,58,103,94,69,49,13,10
0,0,3,4,3,9,5,12,51,86,93,64,52,21,13,15,15,52,63,76,50,7,8,4
0,3,8,9,5,12,1,11,17,58,56,51,14,14,0,6,13,39,49,23,11,6,0,0
0,6,4,11,6,4,6,13,32,58,54,50,13,7,10,2,13,23,21,12,5,0,0,3
0,0,4,5,4,0,1,13,25,51,58,50,24,12,11,23,7,17,19,12,4,7,0,0
0,0,0,0,0,7,0,9,43,48,51,47,24,13,12,13,13,5,10,11,9,0,0,0
0,3,0,0,2,0,6,29,15,55,52,35,24,3,8,11,13,0,0,0,0,0,0,2
8,0,0,9,12,11,8,5,12,52,54,52,35,10,7,10,13,6,0,1,0,0,0,0
0,0,0,9,11,9,10,9,13,28,51,15,18,0,3,9,10,0,0,8,0,0,0,0
6,1,5,7,7,8,10,7,23,26,47,50,12,9,0,0,13,12,7,9,0,0,5,4
0,6,10,8,0,7,2,5,7,28,36,41,13,12,6,0,6,0,10,9,0,0,9,2
8,5,0,4,0,0,6,5,5,13,24,30,7,3,6,11,9,11,13,12,6,4,0,0

77,59,57,55,37,9,0,0,0,0,2,1,7,20,17,7,0,0,0,0,0,0,0,7
144,129,84,44,12,0,0,0,0,0,0,0,0,0,5,0,0,0,0,0,0,0,0,11
103,93,62,44,37,10,10,0,0,0,0,0,0,9,11,15,8,10,9,0,0,1,10,63
30,59,55,53,52,23,17,6,16,43,13,13,31,67,71,38,28,26,53,50,26,34,50,53
3,34,31,11,35,36,50,51,59,65,70,108,91,101,110,104,74,79,84,73,61,50,33,34
0,10,13,9,36,47,44,55,59,92,111,157,164,134,117,155,141,108,89,68,59,52,34,11
0,0,14,12,7,49,60,55,68,108,160,192,192,132,129,171,172,151,93,66,60,50,15,9
0,0,0,12,54,11,59,56,64,123,155,177,186,128,145,174,183,162,119,69,59,48,3,9
0,0,0,0,0,9,26,11,71,111,154,191,171,125,163,186,180,132,97,63,37,43,11,6
0,6,0,0,5,14,10,63,76,154,240,240,198,149,185,224,186,135,85,60,41,13,6,0
0,0,0,5,0,12,13,66,107,168,239,218,182,170,201,276,234,132,85,64,14,13,12,0
9,0,5,6,0,1,17,65,110,158,197,158,159,175,177,205,200,112,71,62,12,2,0,3
0,0,0,5,9,5,9,80,110,130,148,157,162,159,153,144,133,106,90,69,10,0,3,0
4,0,0,0,5,4,1,98,115,130,143,142,149,149,139,130,127,107,80,60,11,6,0,0
2,2,2,0,8,3,12,62,111,130,140,147,146,128,98,117,120,75,57,53,6,0,0,0
0,0,11,0,1,9,14,61,87,122,143,162,145,122,118,122,114,66,77,50,2,0,0,0
0,2,0,5,8,6,14,51,67,84,108,145,127,127,114,99,111,101,80,12,7,0,0,0
2,11,6,7,14,18,17,43,61,96,103,109,134,132,122,103,92,57,50,42,33,14,5,0
4,5,9,4,12,27,50,68,102,102,98,135,154,141,164,121,120,107,89,74,38,9,1,0
5,0,1,4,11,51,95,114,118,139,132,174,192,169,172,148,135,90,92,78,78,38,5,0
7,0,0,0,27,43,101,119,133,146,139,176,209,174,179,129,139,130,91,79,43,39,19,7
7,5,4,12,17,42,74,114,150,148,188,168,174,226,175,165,162,137,134,116,69,47,14,10
6,6,9,10,23,51,94,131,168,175,180,177,146,245,169,146,160,134,143,125,68,46,25,14
0,0,11,11,11,60,106,130,155,182,168,165,146,121,125,146,135,144,137,120,91,65,50,10
7,0,7,12,25,44,103,122,165,159,160,164,134,106,110,126,134,140,133,122,110,101,63,25
0,1,10,25,25,52,102,124,166,155,158,146,123,101,106,114,134,136,131,119,82,58,47,12
3,8,2,12,14,16,73,107,125,152,127,121,105,92,13,105,110,116,114,108,77,50,47,4
5,11,9,10,12,12,61,106,123,130,136,109,107,48,85,100,92,114,121,113,102,55,36,10
2,12,14,14,14,12,13,101,118,129,127,100,82,82,61,78,107,120,124,112,101,60,43,12
6,9,10,10,10,10,22,35,85,83,91,80,75,70,53,61,75,101,101,103,67,43,17,10
4,3,10,12,10,22,23,22,70,111,104,83,79,52,25,49,60,87,103,96,59,50,14,13
0,5,8,3,10,22,12,11,76,120,112,87,76,94,56,52,55,68,108,125,107,60,17,10
2,1,2,0,7,11,14,14,57,140,131,65,54,51,32,50,52,58,103,94,70,49,13,10
0,0,3,4,3,9,6,12,51,87,93,64,52,22,14,16,14,52,63,76,50,7,9,4
0,3,8,9,5,12,1,11,17,58,56,51,14,14,0,6,13,39,50,24,11,6,0,0
0,6,4,11,6,4,6,13,33,58,54,50,13,7,10,2,13,24,21,12,5,0,0,3
0,0,4,5,4,0,1,13,25,51,58,50,25,12,11,24,7,16,20,12,5,7,0,0
0,0,0,0,0,7,0,9,43,48,51,50,26,13,12,13,13,5,10,11,9,0,0,0
0,3,0,0,2,0,6,30,19,55,52,36,24,4,8,11,14,0,0,0,0,0,0,2
8,0,0,9,12,11,8,5,12,52,54,52,35,10,7,10,14,7,0,2,0,0,0,0
0,0,0,9,11,9,10,9,13,30,51,16,18,0,3,9,10,1,0,8,0,0,0,0
6,2,5,7,7,8,10,7,23,27,47,48,12,9,0,0,13,12,7,9,0,0,5,4
0,6,10,8,0,7,2,5,7,27,37,44,13,12,6,0,6,1,10,9,0,0,9,2
8,5,0,4,0,0,6,5,5,13,25,31,8,3,6,11,9,12,13,12,6,4,0,0

77,59,56,55,37,9,0,0,0,0,4,3,44,54,43,8,0,0,0,0,0,0,0,7
144,129,84,42,12,0,0,0,0,0,0,0,0,0,6,0,0,0,0,0,0,0,0,11
102,92,62,46,36,10,9,0,0,0,0,0,0,8,10,14,7,9,8,0,0,0,9,62
28,59,55,53,52,22,16,6,14,28,13,13,30,63,66,26,26,26,53,50,26,34,50,53
3,33,31,11,34,36,50,51,59,66,70,109,91,100,110,104,74,79,85,73,61,48,33,32
0,10,13,9,36,46,44,55,59,92,112,158,163,133,116,153,142,108,90,68,59,52,34,11
0,0,14,12,7,49,60,54,68,109,161,192,190,131,128,170,172,151,93,65,60,50,14,9
0,0,0,12,54,11,59,56,64,123,155,175,184,127,145,173,182,163,119,70,59,49,3,9
0,0,0,0,0,9,27,11,72,112,153,189,170,125,163,186,179,132,97,63,39,43,11,6
0,6,0,0,5,14,10,64,77,155,239,238,196,149,184,222,185,134,85,60,41,13,6,0
0,0,0,5,0,12,13,67,108,170,237,213,181,172,199,272,236,133,86,64,14,13,11,0
9,0,5,6,0,2,19,65,110,159,195,158,161,179,178,201,197,113,72,63,12,2,0,3
0,0,0,4,9,6,9,81,110,131,149,159,165,162,156,145,133,107,90,71,10,0,3,0
4,0,0,0,5,5,1,98,115,131,144,144,152,151,141,131,127,107,80,61,12,7,0,0
2,2,2,0,8,4,13,63,111,131,141,148,147,130,100,119,120,76,57,53,7,0,0,0
0,0,12,0,1,9,15,62,88,123,144,164,146,123,120,123,114,67,77,51,3,0,0,0
0,2,0,5,8,6,14,52,67,84,109,147,129,129,115,101,112,101,81,12,7,0,0,0
1,11,6,7,14,17,16,43,61,96,104,110,136,133,123,104,93,57,50,42,32,14,5,0
4,5,9,4,12,25,48,67,102,102,98,135,155,142,166,122,120,107,88,72,36,9,1,0
5,0,0,4,11,50,92,113,118,139,132,175,193,169,173,148,135,89,92,77,77,39,5,0
7,0,0,0,26,42,101,118,132,145,138,176,209,174,179,129,138,129,91,78,42,39,19,7
7,5,4,12,16,41,73,114,149,147,188,167,173,225,174,164,162,137,134,116,69,48,14,10
6,5,8,10,22,51,92,130,167,175,178,176,146,243,167,146,159,134,143,124,67,45,25,14
0,0,10,11,11,59,106,130,155,181,167,164,146,121,125,145,135,144,137,120,90,64,51,10
7,0,6,12,24,43,103,121,164,159,160,163,133,106,110,126,133,140,133,122,110,101,64,24
0,1,10,25,25,51,102,124,166,155,157,146,123,101,105,114,133,136,131,119,82,58,47,12
3,8,2,12,14,15,73,107,125,153,127,121,105,92,13,105,110,116,114,108,77,50,46,4
5,11,9,10,12,12,61,106,123,130,135,109,107,48,85,100,92,114,121,113,102,55,36,10
2,12,13,14,14,12,13,101,118,129,127,100,82,82,62,78,107,120,124,112,101,60,42,12
6,9,10,10,10,10,22,35,85,83,91,80,75,70,53,61,75,101,101,103,67,44,17,10
4,3,10,12,10,23,23,22,70,111,104,82,79,52,25,50,60,87,103,96,59,50,14,13
0,5,8,3,10,22,12,11,76,120,112,87,76,94,55,52,55,69,108,125,108,60,17,10
2,1,2,0,7,11,14,14,57,140,130,66,54,51,32,50,52,58,103,94,70,49,13,10
0,0,3,4,3,9,6,12,51,87,93,64,52,23,14,17,15,52,63,76,50,7,9,5
0,2,8,9,5,12,1,11,17,58,56,51,14,14,0,6,13,38,50,24,11,6,0,0
0,6,4,11,6,4,6,13,33,58,54,50,13,7,10,3,13,25,22,12,6,0,0,3
0,0,4,5,4,0,1,13,25,51,58,50,25,12,11,24,7,17,19,12,5,7,0,0
0,0,0,0,0,7,0,9,43,48,51,49,25,13,12,13,13,5,10,11,9,0,0,0
0,3,0,0,2,0,6,30,18,55,52,36,25,4,8,11,13,0,0,0,0,0,0,2
8,0,0,9,12,11,8,5,12,52,54,52,35,10,7,10,13,7,0,2,0,0,0,0
0,0,0,9,11,9,10,9,13,27,51,17,19,0,3,10,10,1,0,8,0,0,0,0
6,2,5,7,7,8,10,7,23,26,47,50,12,9,0,0,13,12,7,9,0,0,5,4
0,6,10,8,0,7,2,5,7,27,37,44,13,12,6,1,6,1,10,9,0,0,9,2
8,5,0,4,0,0,6,5,5,13,26,32,8,3,6,11,9,12,13,12,6,4,0,0

77,59,56,55,37,9,0,0,0,0,4,3,50,54,47,9,0,0,0,0,0,0,0,7
144,129,84,42,11,0,0,0,0,0,0,0,0,0,7,0,0,0,0,0,0,0,0,11
102,92,61,44,37,10,9,0,0,0,0,0,0,9,11,22,8,9,8,0,0,0,9,62
29,59,55,53,52,22,16,6,14,21,12,12,30,66,68,28,24,24,53,50,25,33,50,53
3,34,31,11,34,36,50,51,58,65,70,108,90,100,109,103,73,78,84,73,61,48,31,31
0,10,13,9,36,47,44,55,59,92,110,154,162,133,116,151,139,107,88,68,59,52,34,11
0,0,14,12,7,50,60,54,68,108,159,190,190,131,128,169,169,149,92,65,59,50,14,9
0,0,0,12,54,11,59,56,65,124,155,176,185,128,145,173,182,162,118,69,59,48,3,9
0,0,0,0,0,9,28,11,72,112,154,192,172,125,164,186,179,132,97,64,40,43,11,6
0,6,0,0,5,14,10,64,77,156,241,241,199,151,186,224,185,134,85,60,42,13,6,0
0,0,0,5,0,12,13,67,108,170,238,215,182,173,201,275,234,132,85,64,14,13,12,0
9,0,5,6,0,2,19,65,110,159,196,158,161,178,178,203,199,113,71,63,12,2,0,3
0,0,0,4,9,6,9,82,110,131,149,158,164,162,156,145,133,107,90,71,11,0,3,0
4,0,0,0,5,5,1,99,115,131,144,143,151,151,141,131,127,107,80,61,12,7,0,0
1,2,2,0,8,4,13,64,111,131,141,148,147,130,99,119,120,76,57,53,8,0,0,0
0,0,12,0,1,9,17,62,88,123,144,164,146,124,120,123,115,67,78,51,3,0,0,0
0,2,0,5,8,7,14,52,67,84,109,147,129,129,115,101,112,101,82,13,7,0,0,0
1,11,6,7,14,18,16,43,61,96,104,110,136,133,123,104,94,57,51,42,32,14,5,0
4,5,9,4,12,26,49,68,102,102,98,135,155,142,166,122,120,107,89,73,38,9,1,0
5,0,0,4,11,50,94,113,118,139,132,175,193,169,173,148,135,90,92,78,78,39,5,0
7,0,0,0,27,42,101,119,133,146,139,176,209,174,179,129,139,130,91,78,43,39,19,7
7,5,4,12,17,42,74,114,149,148,188,167,173,225,175,165,162,137,134,116,69,47,14,10
5,5,8,10,22,51,94,130,168,175,179,176,146,243,168,146,159,134,143,125,67,46,25,14
0,0,10,11,11,60,106,130,155,181,168,165,146,121,125,145,135,144,137,120,91,66,50,10
7,0,6,12,25,44,103,121,165,159,160,163,133,106,110,126,133,140,133,122,110,101,62,25
0,1,10,24,26,52,102,124,166,155,157,146,123,101,106,114,134,136,131,119,82,58,47,12
3,8,2,12,14,16,74,107,125,152,126,121,105,91,13,105,110,115,114,108,76,50,47,4
5,11,9,10,12,13,63,106,123,130,136,110,107,50,86,100,93,114,121,113,102,55,37,10
2,12,13,14,14,12,13,101,118,129,127,100,82,82,61,78,107,120,124,112,101,60,43,12
6,9,10,10,10,10,22,35,85,84,91,80,75,70,53,61,75,101,101,103,68,43,17,10
4,3,10,12,10,22,23,22,70,111,104,82,79,52,26,49,60,87,103,96,59,50,14,13
0,5,8,3,10,22,12,11,76,120,112,87,76,94,56,52,55,69,108,125,108,60,17,10
2,1,2,0,7,11,14,14,57,139,130,65,54,51,31,50,52,57,103,94,69,49,13,10
0,0,3,4,3,9,6,11,51,86,93,64,52,22,14,17,15,52,63,76,50,7,9,5
0,3,8,9,5,12,1,11,17,58,56,51,14,14,0,7,13,39,49,23,11,6,0,0
0,6,4,11,6,4,6,13,32,58,54,50,13,7,10,3,13,24,21,12,5,0,0,3
0,0,4,5,4,0,1,13,25,51,58,51,26,12,11,24,7,17,19,12,5,7,0,0
0,0,0,0,0,7,0,9,43,48,51,49,25,13,12,13,13,5,10,11,9,0,0,0
0,3,0,0,2,0,6,29,16,55,52,35,24,4,8,11,13,0,0,0,0,0,0,2
8,0,0,9,12,11,8,5,12,52,54,52,35,10,7,10,13,7,0,2,0,0,0,0
0,0,0,9,11,9,10,9,13,27,51,15,19,0,3,10,10,1,0,8,0,0,0,0
6,2,5,7,7,8,10,7,23,26,47,50,12,9,0,0,13,12,7,9,0,0,5,4
0,6,10,8,0,7,2,5,7,27,36,44,13,12,6,1,7,1,10,9,0,0,9,2
8,5,0,4,0,0,6,5,5,13,25,33,8,3,6,11,9,12,13,12,6,4,0,0

77,59,56,54,36,9,0,0,0,0,4,2,50,53,46,9,0,0,0,0,0,0,0,7
143,129,84,42,11,0,0,0,0,0,0,0,0,0,7,0,0,0,0,0,0,0,0,12
102,92,61,44,38,10,10,0,0,0,0,0,0,9,12,40,9,9,9,0,0,1,9,63
27,59,55,53,52,23,17,6,14,24,13,13,36,73,72,39,27,26,53,50,26,34,50,53
3,33,31,11,34,36,50,51,59,65,70,108,91,102,110,104,74,78,84,73,61,50,31,32
0,10,13,9,36,47,45,55,59,92,110,155,163,135,118,152,139,106,88,68,59,53,34,11
0,0,14,12,7,50,60,54,68,108,160,192,194,133,130,170,170,149,91,65,59,50,14,9
0,0,0,12,54,11,59,56,64,124,156,178,188,129,145,174,182,162,118,70,59,49,3,9
0,0,0,0,0,9,27,11,72,111,155,193,174,126,165,187,180,132,96,63,39,43,11,6
0,6,0,0,5,14,10,63,76,153,239,242,200,152,188,227,186,134,85,60,42,13,7,0
0,0,0,5,0,11,13,66,106,166,239,219,183,172,205,278,231,130,84,63,14,13,11,0
9,0,5,6,0,2,16,65,109,158,198,158,158,175,177,208,201,111,71,62,12,2,0,3
0,0,0,4,9,6,9,80,110,130,147,155,161,158,153,144,132,106,88,69,10,0,3,0
4,0,0,0,5,5,1,98,115,131,143,142,149,149,140,130,127,107,80,60,11,7,0,0
2,2,2,0,8,3,12,63,111,130,140,147,146,128,98,117,120,75,57,53,7,0,0,0
0,0,11,0,1,9,15,62,88,122,143,162,145,122,119,123,114,67,77,51,3,0,0,0
0,2,0,5,9,7,14,52,67,84,108,146,128,128,114,100,111,101,81,13,7,0,0,0
1,11,6,7,14,18,17,44,62,96,103,109,135,132,122,103,93,57,51,42,33,14,5,0
4,5,9,4,12,28,50,70,102,102,98,135,154,141,164,121,120,107,90,75,40,9,2,0
5,0,1,4,11,52,96,114,119,140,133,175,193,169,173,148,135,90,93,78,79,40,6,0
7,0,0,0,27,43,101,119,134,146,139,176,210,175,180,130,139,130,92,79,43,39,19,8
7,5,4,13,17,42,75,115,151,148,189,169,175,226,176,166,163,137,134,117,69,48,14,10
5,6,8,10,23,51,95,131,169,176,180,177,147,245,170,146,160,134,143,125,68,45,25,14
0,0,10,11,11,60,106,131,156,182,168,165,146,122,125,146,135,144,137,120,92,66,51,10
7,0,7,12,25,44,103,122,165,160,160,164,134,106,110,126,134,140,133,123,110,101,63,25
0,1,10,25,26,55,102,125,166,155,158,146,124,101,106,114,134,136,131,119,83,58,47,12
3,8,2,12,14,17,73,107,125,152,127,121,105,92,13,105,110,115,114,108,77,50,46,4
5,11,9,10,13,12,63,106,123,130,135,109,107,50,86,100,92,114,121,113,102,55,37,10
2,12,14,14,14,12,13,101,118,129,127,100,83,82,61,78,107,120,124,112,101,60,43,12
6,9,10,10,10,10,22,35,85,83,91,80,75,70,53,61,75,101,101,103,67,44,16,10
4,3,10,12,10,23,23,21,70,111,104,82,79,52,25,50,60,87,103,96,59,49,14,13
0,5,8,3,10,22,12,11,76,120,112,87,76,94,56,52,55,68,108,125,107,60,17,10
2,1,2,0,7,11,14,14,57,139,130,66,54,51,32,50,52,58,103,94,69,49,13,10
0,0,3,4,3,9,6,11,51,86,93,64,52,23,14,16,15,52,63,75,50,7,9,5
0,3,8,9,4,12,1,11,17,58,56,51,14,14,0,7,13,38,49,22,11,6,0,0
0,6,3,11,6,4,6,13,32,58,54,50,13,7,10,3,13,24,21,12,5,0,0,3
0,0,4,5,4,0,1,13,25,51,58,50,25,12,11,24,7,17,19,12,5,7,0,0
0,0,0,0,0,7,0,9,43,48,50,48,25,13,12,13,13,5,10,11,9,0,1,0
0,3,0,0,2,0,6,29,16,55,52,36,24,4,8,11,13,0,0,0,0,0,0,2
8,0,0,9,12,11,8,5,12,52,54,52,35,10,7,10,13,7,0,2,0,0,0,0
0,0,0,9,11,9,10,9,13,30,51,15,18,0,3,10,10,1,0,8,0,0,0,0
6,2,5,7,7,8,10,7,23,27,44,50,12,9,0,0,13,12,7,9,0,0,5,4
0,6,10,8,0,7,2,5,7,28,36,40,13,12,6,1,7,1,10,9,0,0,9,2
8,5,0,4,0,0,6,5,5,13,25,32,8,3,6,11,9,12,13,12,6,4,0,0

77,59,56,55,37,9,0,0,0,0,4,2,50,53,46,9,0,0,0,0,0,0,0,7
143,129,84,42,12,0,0,0,0,0,0,0,0,0,8,0,0,0,0,0,0,0,0,12
102,92,62,46,38,10,10,0,0,0,0,0,0,10,13,48,10,9,9,0,0,1,10,63
28,59,55,53,52,24,17,6,15,25,13,13,39,78,76,50,31,27,54,50,27,35,50,54
3,34,31,11,35,36,50,52,59,65,71,108,92,102,111,105,75,78,84,73,62,50,33,34
0,10,13,9,36,47,44,55,59,92,111,157,165,137,120,154,140,106,88,68,59,53,35,11
0,0,14,12,7,50,60,54,68,108,160,193,196,135,132,172,171,148,91,65,59,50,14,9
0,0,0,12,54,11,59,56,64,123,156,178,190,130,146,175,182,161,118,69,59,49,3,9
0,0,0,0,0,9,28,11,71,111,154,193,174,127,165,187,180,131,95,63,38,43,11,6
0,6,0,0,5,14,10,64,76,151,239,242,199,153,189,228,186,133,84,60,41,13,6,0
0,0,0,5,0,11,13,66,105,164,237,221,184,172,207,279,228,129,83,63,14,13,12,0
9,0,5,6,0,2,15,65,109,157,199,159,157,174,178,212,202,110,70,62,11,2,0,3
0,0,0,4,9,5,9,80,110,130,147,154,160,157,152,143,132,106,88,68,10,0,3,0
4,0,0,0,5,5,1,98,115,130,143,142,148,148,139,129,127,106,79,60,11,7,0,0
2,2,2,0,8,3,12,63,111,130,140,146,145,127,98,117,120,75,57,53,7,0,0,0
0,0,11,0,1,9,15,62,87,122,142,161,144,121,118,122,114,67,77,50,3,0,0,0
0,2,0,5,9,7,14,52,67,84,107,145,127,127,114,99,111,101,80,12,7,0,0,0
2,11,5,7,14,19,17,44,62,96,103,108,134,132,122,102,93,57,51,42,33,14,5,0
4,5,9,4,13,29,50,70,102,102,98,134,153,141,164,121,120,107,91,75,43,9,2,0
5,0,1,4,12,53,98,115,119,140,132,174,193,169,173,148,135,91,94,79,79,40,6,0
7,0,0,0,27,44,102,120,134,147,139,177,210,175,181,130,139,131,92,79,43,39,20,8
7,5,4,13,18,43,76,116,152,149,190,170,176,227,176,166,163,137,134,117,70,49,14,10
5,6,9,11,24,52,96,132,169,176,180,178,147,245,170,147,160,134,144,125,68,46,26,14
0,0,10,11,11,61,107,131,156,182,169,165,147,122,125,146,135,144,137,120,91,66,50,10
7,0,7,12,26,45,103,122,166,159,161,164,134,106,110,126,134,140,134,122,110,101,63,27
0,1,10,25,26,55,102,125,167,155,158,146,124,101,106,114,134,136,131,119,83,60,47,12
3,8,2,12,14,17,75,107,125,153,126,122,105,92,13,105,110,115,114,108,77,51,48,4
5,11,9,10,13,12,66,106,123,130,135,109,107,50,84,100,92,114,121,113,102,55,37,10
2,12,14,14,14,12,14,101,118,129,127,100,82,82,62,78,107,120,124,112,101,60,43,12
6,9,10,10,10,10,22,35,85,84,91,80,75,70,53,61,75,101,101,103,67,44,16,10
4,3,10,12,10,22,22,21,70,111,104,83,79,52,25,50,60,87,103,96,59,50,14,14
0,5,8,3,10,22,12,11,76,120,112,87,76,94,56,52,55,69,108,125,107,60,17,10
2,0,2,0,7,11,14,14,57,139,130,66,54,51,32,50,52,58,103,94,69,49,13,10
0,0,3,4,3,9,6,11,51,86,93,64,52,22,14,16,15,52,63,75,50,7,9,5
0,3,8,9,5,12,1,11,17,58,56,51,14,14,0,7,13,39,50,23,11,6,0,0
0,6,3,11,6,4,6,13,32,57,54,50,13,7,10,3,13,24,21,12,5,0,0,3
0,0,4,4,4,0,1,13,25,51,58,50,25,12,11,24,7,17,20,12,5,7,0,1
0,0,0,0,0,7,0,9,43,48,50,49,26,13,12,13,13,5,10,11,9,0,1,0
0,3,0,0,2,0,6,29,17,55,52,36,25,4,8,11,13,0,0,0,0,0,0,3
8,0,0,9,12,11,8,5,12,52,54,52,35,10,7,10,14,7,0,2,0,0,0,0
0,0,0,9,11,9,10,9,13,27,51,16,20,0,3,10,10,1,0,8,0,0,0,0
6,1,5,7,7,8,10,7,23,27,45,50,12,9,0,0,13,12,7,9,0,0,5,4
0,6,10,8,0,7,2,5,7,27,36,41,13,12,6,1,7,1,10,9,0,0,9,2
8,5,0,4,0,0,6,5,5,13,25,31,8,3,6,11,9,12,13,12,6,4,0,0

77,59,56,55,37,9,0,0,0,0,4,3,51,54,50,10,1,0,0,0,0,0,0,8
143,129,84,42,11,0,0,0,0,0,0,0,0,1,8,0,0,0,0,0,0,0,0,11
102,92,61,46,40,10,10,0,0,0,0,0,0,10,13,47,10,9,9,0,0,1,10,63
27,59,55,53,52,24,17,6,15,27,13,13,38,75,73,44,31,27,53,50,27,35,50,53
3,34,31,11,35,36,50,51,59,66,71,109,92,102,111,105,75,79,84,73,61,50,33,35
0,10,13,9,36,47,45,55,59,93,112,158,166,137,120,155,141,107,88,68,59,52,36,11
0,0,14,12,7,50,60,55,68,108,160,193,195,134,131,172,172,150,92,65,60,50,15,9
0,0,0,12,54,11,59,56,64,122,155,176,188,129,146,175,183,162,118,69,59,49,3,9
0,0,0,0,0,9,29,11,71,111,154,192,173,127,165,187,179,131,96,63,41,43,11,6
0,6,0,0,4,14,10,64,76,152,239,242,200,152,188,226,185,133,84,60,41,13,6,0
0,0,0,5,0,11,13,66,106,166,238,220,185,172,205,276,230,130,84,63,14,13,12,0
9,0,5,6,0,2,17,65,110,158,198,160,159,176,179,209,201,111,71,62,12,2,0,3
0,0,0,4,9,6,9,81,110,130,148,156,162,159,154,144,133,106,89,69,10,0,3,0
4,0,0,0,5,5,1,98,115,131,143,142,149,149,140,130,127,107,80,60,11,7,0,0
2,2,2,0,8,4,13,64,111,130,140,147,146,128,99,117,120,76,57,53,7,0,0,0
0,0,11,0,1,9,15,62,88,122,143,163,145,122,119,123,114,67,77,51,3,0,0,0
0,2,0,5,8,7,14,52,67,84,108,146,128,128,114,100,111,101,81,13,7,0,0,0
1,11,6,7,14,18,17,44,61,96,103,109,135,133,122,103,93,57,51,42,33,14,5,0
4,5,9,4,12,27,50,70,102,102,98,135,154,141,165,121,120,107,90,74,39,9,2,0
5,0,1,4,12,52,96,114,119,140,132,174,193,169,172,148,135,90,92,78,79,39,6,0
7,0,0,0,27,43,101,119,133,146,139,176,209,175,180,129,139,130,91,79,43,39,20,8
7,5,4,13,17,42,75,115,150,148,189,168,174,226,175,165,162,137,134,116,69,48,14,10
6,6,9,11,23,51,95,131,168,175,179,177,146,243,169,146,159,134,143,125,68,46,26,14
0,0,10,11,11,60,106,131,156,182,168,165,146,122,125,145,135,144,137,120,91,66,51,10
7,0,7,12,25,44,103,122,165,159,160,164,134,106,110,126,134,140,133,122,110,101,63,25
0,1,10,25,26,54,102,124,166,155,158,146,124,102,106,114,134,136,131,119,83,58,47,12
3,8,2,12,14,17,74,107,125,152,127,121,105,92,13,105,110,115,114,108,76,50,47,4
5,11,9,10,13,12,63,106,123,130,136,109,107,50,86,100,92,114,121,113,102,55,36,10
2,12,14,14,14,12,13,101,118,128,127,100,82,82,62,78,107,120,124,112,101,60,44,12
6,9,10,10,10,10,22,36,84,84,91,80,75,70,53,61,75,101,101,103,67,45,18,10
4,3,10,12,10,22,23,22,70,111,104,82,78,52,26,50,60,87,103,96,59,50,14,14
0,5,8,3,10,22,12,11,76,120,112,87,76,94,56,52,55,69,108,126,108,60,17,10
2,1,2,0,7,11,14,14,57,140,130,66,54,51,32,50,52,58,103,94,69,50,13,10
0,0,3,4,3,9,6,11,51,86,93,64,52,22,14,18,15,52,63,76,50,7,9,5
0,3,8,9,5,13,1,11,18,58,56,51,14,14,0,7,13,40,50,24,11,6,1,0
0,6,3,11,6,4,6,13,33,57,54,50,13,7,10,3,13,26,23,12,6,0,0,3
0,0,4,5,4,0,1,13,25,51,58,51,26,13,11,26,7,18,20,12,5,7,0,1
0,0,0,0,0,7,0,9,43,48,51,49,26,13,12,13,13,6,10,11,9,0,1,0
0,3,0,0,2,0,6,29,18,55,52,36,25,4,8,11,13,0,0,0,0,0,0,2
8,0,0,9,12,11,8,5,13,52,54,52,36,10,7,11,13,7,0,3,0,0,0,0
0,0,0,9,11,9,10,9,13,28,51,17,19,0,3,10,10,1,0,8,0,0,0,0
6,2,5,7,7,8,10,7,23,28,46,50,12,9,0,0,13,12,7,10,0,0,5,4
0,6,10,8,0,7,2,5,7,27,36,41,13,12,6,1,7,1,10,9,0,0,9,2
8,5,0,4,0,0,6,5,5,13,25,32,8,3,6,11,9,12,13,12,6,4,0,0

77,59,56,55,40,9,0,0,0,0,5,3,54,56,51,10,2,0,0,0,0,0,0,8
143,129,84,42,11,0,0,0,0,0,0,0,0,3,9,0,0,0,0,0,0,0,0,11
102,92,61,46,40,10,10,0,0,0,0,0,0,10,13,43,9,8,8,0,0,1,9,63
24,59,55,53,52,24,17,6,16,25,13,13,36,73,70,37,27,26,54,50,26,34,50,53
3,34,31,11,35,36,50,51,59,66,71,109,92,102,110,104,74,79,84,73,62,50,34,33
0,10,13,9,36,47,44,55,59,93,112,159,165,135,118,154,142,108,89,68,59,53,34,11
0,0,14,12,7,50,60,54,68,108,161,192,192,133,130,170,172,150,92,65,59,50,15,9
0,0,0,12,54,11,59,56,64,122,154,175,185,128,144,172,181,162,118,70,59,49,3,9
0,0,0,0,0,9,28,11,72,111,153,190,171,125,162,184,177,131,96,63,40,43,11,6
0,6,0,0,4,14,10,64,76,154,240,240,198,150,185,223,184,134,85,60,43,13,6,0
0,0,0,4,0,12,13,67,107,169,237,215,185,174,204,274,233,132,85,64,15,13,12,0
9,0,5,6,0,2,20,66,110,159,196,160,162,179,180,205,199,113,71,63,12,2,0,3
0,0,0,4,9,6,10,82,110,131,149,159,165,162,156,145,133,107,89,72,11,0,3,0
4,0,0,0,6,5,0,99,116,131,144,144,152,152,142,131,128,107,80,61,12,7,0,0
2,2,2,0,8,4,13,65,111,131,141,148,148,130,100,119,121,76,57,53,8,0,0,0
0,0,12,0,1,9,17,63,88,123,144,164,147,124,121,124,115,67,78,51,4,0,0,0
0,2,0,5,8,7,14,53,68,85,109,147,130,130,116,101,112,101,82,13,7,0,0,0
1,11,6,7,14,18,16,44,62,96,104,111,136,134,124,104,94,57,50,42,32,14,5,0
4,5,9,4,12,26,48,69,102,102,98,135,155,142,166,122,121,107,89,74,37,9,1,0
5,0,0,4,11,49,93,113,118,139,132,175,193,169,173,148,135,90,91,77,79,38,6,0
7,0,0,0,26,42,101,118,133,145,139,176,209,174,179,129,138,129,91,78,43,39,19,7
7,5,4,13,17,42,74,114,149,147,188,167,173,224,174,164,162,137,134,116,69,48,14,10
5,5,8,10,22,51,93,130,167,174,179,176,145,241,167,146,159,134,143,124,68,46,25,14
0,0,10,11,11,59,106,130,155,181,167,164,146,121,124,145,135,144,137,120,91,65,51,10
7,0,6,12,25,44,103,121,164,159,160,163,133,106,110,126,133,139,133,122,110,101,63,24
0,1,10,24,26,52,101,124,166,154,158,146,124,101,106,114,133,136,131,119,83,58,46,12
3,8,2,12,14,16,74,107,125,152,126,121,105,92,13,105,110,115,114,108,76,51,48,4
5,11,9,10,12,12,63,106,123,130,135,109,107,50,86,100,92,114,121,113,102,55,36,10
2,12,14,14,14,12,13,101,118,128,127,100,82,82,62,78,107,119,124,112,101,60,43,12
6,9,10,10,10,10,22,36,85,83,91,80,75,70,53,61,75,101,101,103,67,44,17,10
4,3,10,12,10,23,23,22,70,111,104,82,78,52,25,50,60,87,103,97,59,50,14,14
0,5,8,3,10,22,12,11,76,120,113,86,76,95,56,52,55,69,108,126,108,60,17,10
2,1,3,0,7,11,14,14,57,140,130,66,54,51,32,50,52,58,103,94,69,50,13,10
0,0,3,4,3,9,6,11,51,86,93,64,52,23,14,18,15,52,63,76,50,7,9,5
0,3,8,9,4,13,1,11,17,58,56,51,14,14,0,7,13,40,50,25,11,6,1,0
0,6,3,11,6,4,6,13,32,58,54,50,13,7,10,3,13,25,23,12,6,0,0,3
0,0,4,4,4,0,1,13,25,51,58,51,27,13,11,26,7,17,21,12,5,7,0,1
0,0,0,0,0,7,0,9,43,48,51,50,27,13,12,13,13,6,10,11,9,0,1,0
0,3,0,0,2,0,6,29,18,55,52,36,25,4,8,11,13,0,0,0,0,0,0,2
8,0,0,9,12,11,8,5,13,52,54,52,36,10,7,10,14,7,0,3,0,0,0,0
0,0,0,9,11,9,10,9,13,26,52,19,21,0,4,10,10,2,0,8,0,0,0,0
6,2,5,7,7,8,10,7,23,28,48,50,12,9,0,0,13,12,7,10,0,0,5,4
0,6,10,8,0,7,2,5,7,27,37,44,14,12,6,1,7,1,10,9,0,0,9,2
8,5,0,4,0,0,6,5,5,13,26,32,8,3,6,11,9,12,13,12,6,4,0,0

77,59,56,55,39,9,0,0,0,0,4,0,35,53,50,11,1,0,0,0,0,0,0,8
144,129,84,44,12,0,0,0,0,0,0,0,0,3,10,0,0,0,0,0,0,0,0,12
102,92,61,47,40,11,10,0,0,0,0,0,0,11,25,51,10,9,9,0,0,1,10,63
27,59,55,53,52,25,17,6,19,31,13,13,36,74,71,39,28,26,54,50,27,35,50,53
3,34,31,11,35,36,50,52,59,67,71,109,92,102,110,104,74,79,84,73,61,50,34,33
0,10,13,10,36,47,46,56,60,93,112,158,166,136,119,154,142,108,89,68,59,53,36,11
0,0,14,12,7,50,60,55,68,109,161,193,194,134,131,172,172,151,92,65,60,51,15,9
0,0,0,12,54,12,60,56,64,124,156,177,186,128,145,174,182,163,118,70,59,50,3,9
0,0,0,0,0,9,29,11,72,112,154,192,172,126,163,185,178,131,97,64,40,44,11,6
0,6,0,0,4,14,10,64,77,155,240,241,199,151,186,224,185,134,85,60,44,13,7,0
0,0,0,5,1,12,14,67,107,168,238,217,186,175,204,274,232,132,85,64,15,13,12,0
9,0,5,6,0,2,20,66,110,158,196,160,162,178,180,206,199,113,71,63,12,2,0,3
0,0,0,4,9,6,9,82,110,131,148,158,164,161,156,145,133,107,89,72,11,0,3,0
4,0,0,0,6,5,1,99,115,131,144,143,151,151,141,131,127,107,80,61,12,7,0,0
2,2,2,0,8,4,13,65,111,131,141,148,148,130,100,119,121,76,57,53,9,0,0,0
0,0,12,0,1,9,18,63,88,123,144,164,147,124,121,124,115,67,78,52,4,0,0,0
0,2,0,5,8,7,14,52,67,84,109,147,130,129,116,101,112,101,82,13,7,0,0,0
2,11,6,7,14,18,16,44,62,96,104,110,136,134,124,104,94,57,50,42,33,14,5,0
4,5,9,4,12,26,49,69,102,102,98,135,155,142,166,122,121,107,89,73,39,9,1,0
5,0,0,4,11,50,93,113,118,140,132,175,193,170,173,148,135,90,92,78,79,38,6,0
7,0,0,0,26,42,101,118,133,146,138,176,209,174,179,129,138,130,91,78,43,39,19,8
7,5,4,13,17,42,74,114,149,147,188,167,173,224,174,165,162,137,134,116,69,48,14,10
5,5,9,10,22,51,93,130,167,174,179,176,146,242,167,146,159,134,143,125,67,46,25,14
0,0,10,11,11,59,106,130,155,181,168,164,146,121,125,145,135,144,137,120,91,66,50,10
7,0,6,12,25,44,103,121,164,159,160,163,133,106,110,126,133,139,133,122,110,101,62,24
0,1,10,24,26,54,102,124,166,154,157,146,124,101,106,114,133,136,131,119,83,58,48,12
3,8,2,12,14,16,74,107,125,152,126,121,105,94,13,105,110,115,114,108,77,50,50,4
5,11,9,10,12,12,62,106,123,130,136,109,107,51,86,100,92,114,121,113,102,55,37,10
2,12,14,14,14,12,13,101,118,128,127,100,82,82,61,78,107,119,124,112,101,60,42,12
6,9,10,10,10,10,22,36,85,84,91,80,75,70,53,61,75,101,101,102,68,44,17,10
4,3,10,12,10,23,23,22,70,111,104,82,78,52,26,50,60,87,103,97,59,50,14,13
0,5,8,3,10,22,12,11,76,120,113,86,76,95,56,52,55,69,108,126,108,60,19,11
2,0,2,0,7,11,14,14,57,140,130,66,54,52,32,50,52,58,103,94,69,49,13,10
0,0,3,4,3,9,6,12,51,86,93,64,52,22,14,18,17,52,63,75,50,7,9,5
0,3,8,9,4,12,1,11,17,58,56,51,14,14,0,7,13,39,49,24,11,6,0,0
0,6,3,11,6,4,6,13,32,57,54,50,13,7,10,3,13,25,22,12,6,0,0,3
0,0,4,4,4,0,1,13,25,51,58,51,28,13,11,26,7,18,20,12,5,7,0,1
0,0,0,0,0,7,0,9,43,49,51,49,27,13,12,13,13,6,10,11,9,0,1,0
0,3,0,0,2,0,6,29,16,55,52,36,25,4,9,11,13,0,0,0,0,0,0,3
8,0,0,9,12,12,8,5,13,52,54,52,37,10,7,11,14,7,0,3,0,0,0,0
0,0,0,9,11,8,10,9,13,28,51,17,20,0,4,10,10,1,0,8,0,0,0,0
6,1,5,7,7,8,10,7,23,27,48,50,12,9,0,0,13,12,7,10,0,0,5,4
0,6,10,8,0,7,2,5,7,27,37,43,13,12,6,1,7,1,10,9,0,0,9,2
8,5,0,4,0,0,6,5,5,13,26,34,8,3,6,11,9,12,13,12,6,5,0,0

77,59,56,55,39,9,0,0,0,0,4,0,32,53,51,11,2,0,0,0,0,0,0,8
144,129,84,44,12,0,0,0,0,0,0,0,0,4,11,0,0,0,0,0,0,0,0,12
102,92,62,47,41,11,10,0,0,0,0,0,0,11,35,53,11,9,9,0,0,1,10,63
27,59,55,54,52,26,17,6,19,33,13,13,36,76,73,45,31,28,54,50,27,35,50,53
3,34,31,11,35,36,50,52,59,66,71,108,92,102,111,105,74,78,84,73,61,50,34,33
0,10,13,10,36,47,46,56,59,93,111,156,165,137,120,155,141,107,88,68,59,53,36,11
0,0,14,12,7,50,60,54,68,109,160,191,195,135,133,173,172,150,92,65,59,50,15,9
0,0,0,12,54,12,60,57,64,123,156,178,189,130,146,175,183,162,118,70,59,50,3,9
0,0,0,0,0,9,30,11,72,112,154,193,174,127,165,187,179,131,96,64,40,43,11,6
0,6,0,0,4,14,11,64,77,153,240,243,200,153,189,227,186,134,84,60,43,13,7,0
0,0,0,5,1,12,13,66,106,166,238,219,185,174,208,278,230,130,84,64,14,13,12,0
9,0,5,6,0,2,18,65,110,157,197,159,160,176,180,210,201,111,71,62,12,2,0,3
0,0,0,4,9,6,9,82,110,130,148,156,162,159,154,144,132,106,88,69,11,0,3,0
4,0,0,0,6,5,1,99,115,131,143,143,150,149,140,130,127,107,80,61,12,7,0,0
2,2,2,0,8,4,13,64,111,130,140,148,147,129,99,118,120,76,57,53,8,0,0,0
0,0,12,0,1,9,17,63,88,122,143,163,146,123,120,123,114,67,77,51,4,0,0,0
0,2,0,5,8,7,14,52,67,84,109,146,129,129,115,100,112,101,81,13,7,0,0,0
2,11,6,7,14,18,17,44,62,96,104,110,135,133,123,103,94,57,51,42,33,14,5,0
4,5,9,4,12,27,50,70,102,102,98,135,155,142,165,121,121,107,91,75,39,9,2,0
5,0,1,4,11,51,95,114,119,140,133,175,193,170,173,148,135,91,93,78,79,40,6,0
7,0,0,0,27,43,101,119,133,146,139,176,210,175,180,130,139,130,91,79,43,39,20,8
7,5,4,13,17,42,75,115,150,148,189,169,174,226,175,166,163,137,134,117,69,49,14,10
5,6,9,10,24,51,95,131,168,175,180,176,146,243,169,146,159,134,143,125,68,46,26,14
0,0,10,11,11,60,106,130,155,181,168,165,146,122,125,146,135,144,137,120,91,66,51,11
7,0,7,12,25,44,103,122,165,159,160,164,134,106,110,126,133,140,133,122,110,101,63,25
0,1,10,24,26,55,102,124,166,154,158,146,124,101,106,114,134,136,131,119,83,59,47,13
3,8,2,12,14,17,74,107,125,152,127,122,105,92,13,105,110,115,114,108,76,51,46,4
5,11,9,10,13,12,63,106,123,130,136,109,107,51,86,100,92,114,121,113,102,55,37,10
2,12,14,14,14,12,13,101,118,128,127,100,82,82,62,78,107,119,124,112,101,60,43,12
6,9,10,10,10,10,23,36,85,83,91,80,75,70,53,61,75,101,101,102,67,45,18,10
4,3,10,12,10,23,23,22,70,111,104,82,79,52,26,50,60,87,103,97,59,50,14,14
0,5,8,3,10,22,12,11,76,120,113,86,76,94,56,52,55,69,108,125,108,60,17,11
2,0,2,0,7,11,14,14,57,139,130,66,54,51,32,50,52,58,103,94,69,49,13,10
0,0,3,4,3,10,6,11,51,86,93,64,52,23,14,18,15,52,63,75,50,7,9,5
0,3,8,9,4,13,1,11,17,58,56,51,14,14,0,7,13,39,49,24,11,6,1,0
0,6,3,11,6,4,6,13,32,57,54,50,14,7,10,3,13,25,23,12,6,0,0,3
0,0,4,4,4,0,1,13,25,51,58,50,27,13,11,25,7,17,21,12,5,7,0,1
0,0,0,0,0,7,0,9,44,48,50,50,26,13,12,13,13,6,10,11,9,0,1,0
0,3,0,0,2,0,6,29,16,55,52,35,25,4,8,11,13,0,0,0,0,0,0,3
8,0,0,9,12,11,8,5,12,52,54,52,35,10,7,11,13,7,0,3,0,0,0,0
0,0,0,9,11,8,10,9,13,25,51,18,21,0,4,10,10,2,0,8,0,0,0,0
6,1,5,7,7,8,10,7,23,27,48,50,12,9,0,0,14,12,7,10,0,0,5,4
0,6,10,8,0,7,2,5,7,27,36,43,13,12,6,1,7,1,10,9,0,0,9,2
8,5,0,4,0,0,6,5,5,13,25,34,8,3,6,11,9,12,13,12,6,5,0,0

77,59,56,54,40,9,0,0,0,0,4,1,50,53,51,11,3,0,0,0,0,0,0,8
143,129,83,42,12,0,0,0,0,0,0,0,0,5,11,0,0,0,0,0,0,0,0,12
102,91,61,47,42,11,10,0,0,0,0,0,0,11,50,54,11,9,9,0,0,1,10,63
25,59,55,53,52,26,17,6,20,27,13,13,39,80,75,50,31,27,54,50,27,35,50,53
3,34,31,11,35,36,50,52,59,66,70,108,92,102,111,105,75,78,84,73,61,50,34,34
0,10,13,9,37,47,46,55,59,92,109,153,164,137,121,155,141,107,88,68,59,53,35,11
0,0,14,12,7,50,60,55,68,108,158,190,195,136,133,173,171,149,91,65,59,50,15,9
0,0,0,12,54,12,60,56,64,123,157,179,190,130,147,176,183,162,118,69,59,50,3,9
0,0,0,0,0,9,30,11,72,111,154,194,175,128,166,187,179,130,96,64,40,44,11,6
0,5,0,0,4,14,10,64,76,153,240,244,201,155,191,230,186,133,84,60,43,13,7,0
0,0,0,5,1,12,13,66,106,165,238,221,186,175,211,280,228,129,84,63,14,13,12,0
9,0,5,6,0,2,17,65,109,157,198,160,159,176,180,215,203,110,70,62,12,2,0,3
0,0,0,4,9,6,9,80,109,129,147,155,161,158,153,144,132,106,88,69,10,0,3,0
5,0,0,0,5,5,1,98,115,130,143,142,149,149,140,130,127,106,79,61,12,7,0,0
2,2,2,0,8,4,13,64,111,130,140,147,146,128,99,118,120,75,57,53,8,0,0,0
0,0,11,0,1,9,17,63,88,122,143,162,145,122,119,123,114,67,77,51,3,0,0,0
0,2,0,5,9,7,14,52,68,84,108,146,128,128,114,100,112,101,81,13,7,0,0,0
2,11,6,7,14,19,17,45,62,96,103,109,135,132,122,103,93,57,51,42,33,14,5,0
4,5,9,4,13,28,50,70,102,102,98,135,154,141,165,121,121,107,91,75,43,9,2,0
5,0,1,4,12,52,96,115,119,140,133,175,193,169,173,148,135,91,93,79,80,40,7,0
7,0,0,0,27,43,102,119,134,146,139,177,210,175,180,130,139,131,92,79,44,39,20,8
7,5,4,13,17,42,75,115,151,148,189,169,175,226,176,166,163,137,134,117,69,49,14,10
5,6,9,11,23,52,95,131,168,176,180,177,146,244,170,146,160,134,144,125,68,46,26,14
0,0,10,11,11,60,107,131,156,182,168,165,147,122,125,146,135,144,137,120,91,66,52,11
7,0,7,12,26,44,103,122,165,159,161,164,134,106,110,126,134,140,133,122,110,101,63,28
0,1,10,24,26,55,102,124,166,154,158,146,124,101,106,114,134,136,131,119,84,59,47,12
3,8,2,12,14,19,74,107,125,152,126,122,105,92,13,105,110,115,114,108,78,51,48,4
5,11,9,10,13,12,63,106,123,130,136,109,107,51,86,100,92,114,121,113,102,55,36,10
2,12,14,14,14,12,14,101,118,128,127,100,82,82,62,78,107,119,124,112,101,60,43,12
6,9,10,10,10,10,23,35,85,84,91,80,75,70,53,61,75,101,101,102,68,45,17,10
4,3,10,12,10,23,23,22,70,111,104,82,79,52,26,50,60,87,103,97,59,50,14,14
0,5,8,3,10,22,12,11,76,120,112,86,76,94,56,52,55,68,108,125,108,60,17,10
2,0,2,0,7,11,14,14,57,139,130,66,54,51,32,50,52,58,103,94,69,49,13,10
0,0,3,4,3,10,6,11,51,86,93,64,52,23,14,18,15,52,63,75,50,7,9,5
0,3,8,9,4,12,1,11,17,57,56,51,14,14,1,7,13,41,50,24,11,6,1,0
0,6,3,11,6,4,6,13,32,57,54,50,13,7,10,3,13,25,22,12,6,0,0,3
0,0,4,4,4,0,1,13,25,51,58,51,28,13,11,25,7,18,20,12,5,7,0,1
0,0,0,0,0,7,0,9,42,48,51,50,27,13,12,13,13,6,10,11,9,0,1,0
0,3,0,0,2,0,6,29,17,54,52,36,25,4,9,11,14,0,0,0,0,0,0,3
8,0,0,9,12,11,8,5,12,52,54,52,37,10,7,11,13,7,0,3,0,0,0,0
0,0,0,9,11,9,10,9,13,23,52,18,21,0,4,10,10,2,0,8,0,0,0,0
6,1,5,7,7,8,10,7,23,27,46,48,12,9,0,0,13,12,7,10,0,0,6,4
0,6,10,8,0,7,2,5,7,27,36,43,14,12,6,1,7,1,10,9,0,0,9,2
8,5,0,4,0,0,6,5,5,13,25,31,8,3,6,11,9,12,13,12,6,5,0,0

77,59,56,54,39,9,0,0,0,0,4,3,53,55,53,11,5,0,0,0,0,0,0,8
143,129,83,42,11,0,0,0,0,0,0,0,0,7,12,0,0,0,0,0,0,0,0,12
101,91,61,46,40,10,10,0,0,0,0,0,0,11,52,55,11,8,8,0,0,1,9,63
24,58,55,53,52,25,17,6,15,19,12,13,37,78,74,46,31,27,54,50,26,33,50,53
3,34,31,11,35,36,49,51,59,66,71,108,91,102,111,105,75,78,84,73,61,50,31,33
0,10,13,9,36,46,44,55,59,92,110,155,163,136,120,155,141,107,88,67,59,52,34,11
0,0,13,12,7,50,60,54,68,108,159,190,193,134,132,172,171,148,90,65,59,50,14,9
0,0,0,12,54,11,60,56,64,122,155,176,187,129,146,174,182,161,117,69,59,50,3,9
0,0,0,0,0,9,30,11,72,111,153,192,173,127,165,185,177,130,96,64,40,44,11,6
0,5,0,0,4,14,10,64,76,154,240,242,199,153,189,227,185,133,84,60,44,13,7,0
0,0,0,5,1,12,13,67,107,167,239,219,185,174,208,278,230,130,84,64,15,13,12,0
9,0,5,6,0,2,19,65,110,158,196,160,160,177,181,211,200,111,71,62,12,2,0,3
0,0,0,4,9,6,10,82,110,130,147,157,163,159,154,144,133,107,89,71,11,0,3,0
4,0,0,0,6,5,1,99,115,131,144,143,150,150,141,130,127,107,80,61,12,7,0,0
2,2,2,0,8,4,13,65,111,131,140,148,147,129,99,118,120,76,57,53,9,0,0,0
0,0,12,0,1,9,18,63,88,123,143,163,146,123,120,123,114,67,78,52,4,0,0,0
0,3,0,5,8,7,14,52,67,84,109,147,129,129,115,101,112,101,82,13,8,0,0,0
2,11,6,7,14,18,17,44,62,96,103,110,135,133,123,104,94,57,51,42,33,14,5,0
4,5,9,4,12,27,50,70,102,103,98,135,155,142,166,122,121,107,91,75,41,9,2,0
5,0,1,4,11,51,95,114,118,140,132,175,193,170,173,148,135,91,93,78,80,40,7,0
7,0,0,0,27,43,101,119,133,146,139,176,210,175,180,130,139,130,92,79,44,40,20,8
7,5,4,13,17,42,74,114,150,147,188,168,174,225,175,165,162,137,134,117,69,50,14,10
5,6,9,11,23,51,94,131,167,175,179,176,146,242,168,146,159,134,143,125,68,46,26,14
0,0,10,11,11,60,106,130,155,182,167,164,146,122,125,145,135,144,137,120,91,65,52,10
7,0,6,12,26,44,103,121,165,159,160,164,134,106,110,126,133,140,133,122,110,101,63,27
0,1,10,24,26,54,102,124,166,154,157,146,124,102,106,114,134,136,131,119,83,58,47,13
3,8,2,12,14,16,74,107,125,152,126,121,105,93,13,105,110,115,114,108,77,51,50,4
5,11,9,10,13,12,63,106,123,130,135,109,107,51,86,100,92,114,121,113,102,55,37,10
2,12,14,14,14,12,13,101,118,128,127,100,82,82,62,78,107,119,124,112,101,60,43,12
6,9,10,10,10,10,23,36,85,84,91,80,75,70,53,61,75,101,101,103,68,45,17,10
4,3,10,12,10,23,23,22,70,111,104,82,78,52,26,50,60,87,103,97,59,50,14,14
0,5,8,3,10,22,12,11,76,120,113,86,76,96,56,52,55,69,108,126,108,60,19,11
2,0,2,0,7,11,14,14,57,140,130,66,54,52,33,50,52,58,103,94,69,49,13,10
0,0,3,4,3,10,6,11,51,86,93,64,52,23,14,18,16,52,63,76,50,7,9,5
0,3,8,9,4,13,2,11,17,58,56,51,14,14,1,7,13,39,50,25,11,6,1,0
0,6,3,11,6,4,6,13,32,57,54,50,14,7,10,3,13,26,22,12,6,0,0,3
0,0,4,4,4,0,1,13,25,51,58,51,28,13,11,26,7,18,21,12,5,7,0,1
0,0,0,0,0,7,0,9,43,48,51,50,27,13,12,13,13,6,10,11,9,0,1,0
0,3,0,0,2,0,6,29,17,55,52,36,25,4,9,11,13,0,0,0,0,0,0,3
8,0,0,9,12,11,8,5,12,52,54,52,37,10,7,10,14,7,0,3,0,0,0,0
0,0,0,9,11,9,10,9,13,27,52,19,22,0,4,10,10,2,0,8,0,0,0,0
6,1,5,7,7,8,10,7,23,27,50,50,12,9,0,0,13,12,7,10,0,0,5,4
0,6,10,8,0,7,2,5,7,27,37,44,14,12,6,1,7,1,10,9,0,0,9,2
8,5,0,4,0,0,6,5,5,13,26,34,8,3,6,11,9,12,13,12,6,5,0,0

77,59,56,54,39,9,0,0,0,0,5,3,55,57,53,11,6,0,0,0,0,0,0,8
143,129,83,42,12,0,0,0,0,0,0,0,0,7,13,3,0,0,0,0,0,0,0,12
101,91,61,46,40,10,10,0,0,0,0,0,0,11,51,55,11,8,7,0,0,1,9,63
22,59,55,53,52,25,17,6,15,16,13,13,36,77,71,38,29,26,54,50,25,32,50,53
3,34,31,11,35,36,50,51,59,67,71,109,92,101,110,105,75,79,84,73,61,48,34,32
0,10,13,9,36,46,45,55,59,93,111,156,164,135,119,155,142,108,88,67,59,52,35,11
0,0,13,12,7,50,60,55,68,108,160,191,191,133,131,172,172,150,91,65,59,50,14,9
0,0,0,12,54,12,60,56,64,123,154,175,185,128,145,173,182,161,118,70,59,50,3,9
0,0,0,0,0,9,30,11,72,112,153,190,171,125,163,184,176,130,96,64,41,43,11,6
0,5,0,0,4,14,10,64,77,155,240,240,198,151,186,224,184,133,84,60,44,13,7,0
0,0,0,5,1,12,14,67,107,169,238,217,186,175,207,275,231,131,85,64,15,13,12,0
9,0,5,6,0,2,20,65,110,158,195,161,163,179,182,209,199,112,71,63,12,2,0,3
0,0,0,4,9,6,10,82,110,130,148,159,165,161,156,145,133,107,89,73,12,0,3,0
4,0,0,0,6,5,0,100,116,131,144,144,152,152,142,132,128,107,80,62,13,8,0,0
2,2,2,0,8,5,14,65,112,131,141,149,148,131,101,120,121,77,57,53,9,0,0,0
0,0,12,0,1,10,20,63,89,123,144,165,148,125,121,124,115,67,79,52,4,0,0,0
0,2,0,5,8,7,14,53,68,85,110,148,131,130,116,102,112,101,83,14,8,0,0,0
2,11,6,7,14,18,16,44,62,97,104,111,137,134,124,105,94,57,50,42,33,14,5,0
4,5,9,4,12,25,49,69,102,103,98,135,156,142,167,122,121,107,90,74,40,9,2,0
5,0,0,4,11,48,92,113,118,139,133,175,193,170,174,148,135,90,92,77,80,39,6,0
7,0,0,0,26,42,101,118,133,146,138,176,209,175,179,130,139,130,91,78,43,39,20,8
7,5,4,13,17,41,74,114,149,147,188,167,173,224,174,165,162,137,134,116,69,48,14,10
5,5,9,10,22,51,93,130,166,174,178,175,145,241,167,146,159,134,143,125,68,46,26,14
0,0,10,11,11,59,106,130,155,181,167,164,146,121,124,145,135,144,137,120,91,66,51,10
7,0,6,12,25,44,103,121,164,159,160,163,133,106,110,126,133,139,133,122,110,101,63,27
0,1,10,24,26,52,101,124,165,154,157,146,124,102,106,114,133,136,131,119,83,59,47,13
3,8,2,12,14,16,74,107,125,152,126,121,105,93,13,105,110,115,114,108,77,51,48,4
5,11,9,10,13,12,61,106,123,130,136,110,107,52,86,100,92,114,121,113,102,55,37,10
2,12,14,14,14,12,13,101,118,128,127,101,83,82,62,79,107,119,124,112,101,61,43,12
6,9,10,10,10,10,22,36,85,83,91,80,75,70,53,61,75,101,101,103,68,45,18,10
4,3,10,12,10,23,23,22,70,111,104,82,78,52,26,50,60,87,103,97,59,50,14,14
0,5,8,3,10,22,12,11,77,120,113,86,76,96,56,52,55,68,108,126,108,60,19,11
2,1,3,0,7,11,14,14,57,140,130,66,54,52,32,50,52,58,103,94,69,49,13,10
0,0,3,4,3,10,6,11,51,86,93,64,52,23,14,19,17,52,63,76,50,7,9,5
0,3,8,9,5,13,2,12,18,58,56,51,14,14,1,7,13,40,50,25,11,6,1,0
0,6,3,11,6,4,6,13,32,58,54,50,13,8,10,4,13,27,23,13,6,0,0,3
0,0,4,4,4,0,1,13,25,51,58,51,30,13,11,27,7,18,21,12,5,7,0,1
0,0,0,0,0,7,0,9,44,48,51,50,27,13,12,13,13,6,10,11,9,0,1,0
0,3,0,0,2,0,6,29,17,55,52,36,25,4,9,11,14,0,0,0,0,0,0,3
8,0,0,9,12,11,8,5,12,52,54,52,37,10,7,10,14,7,0,3,0,0,0,0
0,0,0,9,11,9,10,9,13,28,52,18,22,0,4,10,10,2,0,8,0,0,0,0
6,2,5,7,7,8,10,7,23,28,48,50,12,10,0,0,14,12,7,10,0,0,6,4
0,6,10,8,0,7,2,5,7,28,36,44,14,12,6,1,7,1,10,9,0,0,9,2
8,5,0,4,0,0,6,5,5,13,26,32,8,3,7,11,9,12,13,12,6,4,0,0

77,59,56,54,39,9,0,0,0,0,5,4,56,57,54,12,6,0,0,0,0,0,0,8
143,129,83,44,11,0,0,0,0,0,0,0,0,7,12,4,0,0,0,0,0,0,0,12
101,90,61,44,40,10,10,0,0,0,0,0,0,11,50,55,11,8,7,0,0,1,9,63
22,58,55,53,52,25,17,6,15,14,13,13,38,78,72,38,29,27,53,50,25,33,50,53
3,34,31,11,35,36,49,51,59,67,71,109,91,101,110,104,74,78,84,73,61,50,31,33
0,10,13,9,36,47,45,56,59,93,111,156,163,135,119,154,141,107,88,67,59,52,33,11
0,0,13,12,7,50,60,54,68,108,160,191,191,133,131,171,171,149,91,65,59,50,14,9
0,0,0,12,54,11,60,56,64,122,155,175,185,128,145,173,181,161,117,69,59,50,3,9
0,0,0,0,0,9,30,11,72,112,153,190,171,125,163,184,175,130,96,64,41,43,11,6
0,5,0,0,4,14,10,64,77,154,240,241,198,151,187,224,184,134,85,60,45,13,6,0
0,0,0,5,1,12,14,67,107,169,238,217,186,175,206,275,232,132,85,64,15,14,12,0
9,0,5,6,0,2,20,66,110,158,195,160,162,179,182,209,199,112,71,63,12,2,0,3
0,0,0,4,9,6,10,82,110,131,148,159,165,161,157,145,133,107,89,73,12,0,3,0
4,0,0,0,6,6,0,100,116,131,145,144,152,152,142,132,128,107,81,61,13,8,0,0
2,2,2,0,8,5,14,66,112,131,141,149,148,131,101,120,121,77,57,54,10,0,0,0
0,0,12,0,2,10,20,63,89,123,145,165,148,125,121,124,115,67,79,53,5,0,0,0
0,2,0,5,8,7,14,53,68,85,110,148,131,130,116,102,112,101,83,14,8,0,0,0
2,11,6,7,14,18,17,44,62,97,104,111,137,135,125,105,95,57,51,42,33,14,5,0
4,5,9,4,12,25,49,69,102,103,98,136,156,142,167,122,121,107,91,74,41,9,2,0
5,0,0,3,11,49,93,113,118,140,133,176,193,170,174,149,135,90,92,78,79,39,6,0
7,0,0,0,26,42,101,119,133,146,139,176,209,175,180,130,139,130,91,79,43,39,20,8
7,5,4,13,17,41,74,114,149,147,188,167,173,224,175,165,162,137,134,117,69,48,14,10
5,5,8,10,22,51,93,130,167,174,178,176,146,241,167,146,159,134,143,125,68,46,26,14
0,0,10,11,11,59,106,130,154,181,167,164,146,122,124,145,135,144,137,120,91,66,51,10
7,0,6,12,25,44,103,121,164,159,160,163,134,106,110,126,133,139,133,122,110,101,63,25
0,1,10,24,26,54,101,124,165,154,158,146,124,101,106,114,133,136,131,119,83,59,47,13
3,8,2,12,14,16,73,107,125,152,126,121,105,94,13,105,110,115,114,108,77,50,48,4
5,11,9,10,13,12,62,106,123,130,136,109,107,52,86,100,92,114,121,113,102,55,37,10
2,12,13,14,14,12,13,101,118,128,127,100,82,82,62,78,107,119,124,112,101,60,42,12
6,9,10,10,10,10,23,36,85,83,91,80,75,70,53,61,75,101,101,103,68,45,19,10
4,3,10,12,10,23,23,22,71,111,104,82,79,52,26,50,60,87,103,97,59,50,14,13
0,5,8,3,10,22,12,11,77,120,113,86,75,95,56,52,55,69,108,126,108,60,19,11
2,0,2,0,7,11,14,14,57,140,130,66,54,52,33,50,52,58,103,94,69,50,13,10
0,0,3,4,3,10,6,11,51,86,93,64,52,23,14,18,16,52,63,76,50,7,9,5
0,3,8,9,5,13,2,11,17,58,56,51,14,14,1,7,13,39,49,25,11,6,1,0
0,6,3,11,6,4,6,13,32,57,54,50,14,8,11,4,13,26,23,12,6,0,0,3
0,0,4,4,4,0,1,13,25,51,58,51,29,13,11,26,7,18,21,12,5,7,0,1
0,0,0,0,0,7,0,9,45,49,51,50,27,13,12,13,13,6,10,11,9,0,1,0
0,3,0,0,2,0,5,29,18,55,52,36,25,4,9,11,14,0,0,0,0,0,0,3
8,0,0,9,12,11,8,5,12,52,54,52,37,10,7,11,14,7,0,3,0,0,0,0
0,0,0,9,11,9,10,9,13,26,52,19,22,0,4,10,10,2,0,8,0,0,0,0
6,1,5,7,7,8,10,7,23,28,50,50,12,9,0,0,14,12,7,10,0,0,6,4
0,6,10,8,0,7,2,5,7,27,37,43,14,12,7,1,7,1,10,9,0,0,9,2
8,5,0,4,0,0,6,5,5,13,26,33,8,3,7,11,9,12,13,12,6,5,0,0

77,59,56,54,39,9,0,0,0,0,6,4,58,58,54,12,7,0,0,0,0,0,0,8
143,129,84,42,11,0,0,0,0,0,0,0,0,7,12,5,0,0,0,0,0,0,0,12
101,90,61,44,40,10,10,0,0,0,0,0,0,11,51,55,11,8,7,0,0,1,9,63
22,58,55,53,52,25,17,6,15,14,13,13,39,78,71,38,28,26,54,50,25,32,50,53
3,33,31,11,35,36,49,51,59,66,71,109,92,101,110,104,74,78,84,73,61,48,30,31
0,10,13,9,36,47,45,55,60,92,111,155,163,135,120,154,141,107,88,67,58,52,33,11
0,0,13,12,7,50,60,55,68,108,160,191,192,134,132,171,171,148,91,65,59,50,14,9
0,0,0,12,54,12,60,56,64,122,155,176,186,129,145,174,181,160,117,70,59,50,3,9
0,0,0,0,0,9,30,11,72,112,154,191,172,126,164,185,176,130,96,64,42,43,11,6
0,5,0,0,4,15,10,64,77,154,240,241,199,152,188,226,185,134,85,60,45,13,7,0
0,0,0,5,1,12,14,67,107,168,238,216,184,174,207,277,231,131,85,64,15,14,12,0
9,0,5,6,0,2,19,66,110,158,196,160,161,177,181,210,201,112,71,63,12,3,0,3
0,0,0,4,9,6,10,82,110,131,148,158,164,160,155,145,133,107,89,74,11,0,4,0
4,0,0,0,6,5,0,100,115,131,144,144,151,150,141,131,127,107,80,61,12,8,0,0
2,2,2,0,8,5,13,66,111,131,141,148,148,130,100,119,121,76,57,53,9,0,0,0
0,0,12,0,1,9,19,63,89,123,144,164,147,124,121,124,115,67,78,52,4,0,0,0
0,2,0,5,8,7,14,53,68,85,109,147,130,130,116,101,112,101,82,14,8,0,0,0
2,11,6,7,14,18,17,44,62,96,104,110,136,134,124,104,94,57,51,42,34,14,6,0
4,5,9,4,12,26,50,69,102,103,98,135,155,142,166,122,121,107,91,75,41,9,2,0
5,0,0,4,11,51,95,114,119,140,133,176,194,170,174,149,136,91,93,79,80,40,7,0
7,0,0,0,27,42,101,119,133,146,139,176,210,175,180,130,139,130,92,79,43,40,20,8
7,5,4,13,17,42,74,114,150,147,188,168,174,225,175,165,163,137,134,117,69,49,14,10
5,5,8,10,23,51,94,130,167,175,179,176,146,242,168,146,159,134,143,125,68,46,26,14
0,0,10,11,11,60,106,130,155,181,168,164,146,122,125,145,135,144,137,120,92,65,52,11
7,0,6,12,25,44,103,121,164,159,160,163,134,106,110,126,133,140,133,122,110,101,63,27
0,1,10,23,26,55,102,124,166,154,158,146,124,102,106,114,134,136,131,119,84,59,47,13
3,8,2,12,14,17,74,107,125,152,127,121,105,93,13,105,110,115,114,108,78,51,47,4
5,11,9,10,13,12,62,106,123,130,136,109,107,52,87,100,92,114,121,113,102,55,38,10
2,12,13,14,14,12,13,101,118,128,127,100,82,82,61,78,107,119,124,112,101,60,43,12
6,9,10,10,10,10,23,36,85,84,91,80,75,70,53,61,75,101,101,103,68,45,19,10
4,3,10,12,10,23,23,22,70,111,104,82,78,52,26,50,60,87,103,97,59,50,14,13
0,5,8,3,10,22,12,11,76,120,113,86,76,96,56,52,55,69,108,126,108,60,19,10
2,0,2,0,7,11,14,14,57,139,130,66,54,51,33,50,52,58,103,94,69,49,13,10
0,0,3,4,3,10,6,11,51,86,93,64,52,23,14,18,17,52,63,75,50,7,9,5
0,3,8,9,5,13,2,11,17,58,56,51,14,14,1,7,13,41,50,25,11,6,1,0
0,6,3,11,6,4,6,13,33,57,54,50,14,7,11,4,13,26,23,12,6,0,0,4
0,0,4,4,4,0,1,13,25,51,58,51,29,13,11,26,7,18,21,12,5,7,0,1
0,0,0,0,0,7,0,9,44,48,50,50,27,13,12,13,13,6,10,11,9,0,1,0
0,3,0,0,2,0,6,29,18,55,52,36,26,4,9,11,13,0,0,0,0,0,0,3
8,0,0,9,12,12,8,5,13,52,54,52,37,10,7,11,14,7,0,3,0,0,0,0
0,0,0,9,11,9,10,9,12,27,52,18,22,0,4,10,10,2,0,8,0,0,0,0
6,1,5,7,7,8,10,7,23,29,47,48,12,10,0,0,13,12,7,10,0,0,6,4
0,6,10,8,0,7,2,5,7,27,37,41,13,12,7,1,7,1,10,9,0,0,9,2
8,5,0,4,0,0,6,5,5,13,25,34,8,3,6,11,9,12,13,12,6,5,0,0

77,59,56,54,40,9,0,0,0,0,6,4,57,58,54,12,7,0,0,0,0,0,0,8
143,129,84,42,12,0,0,0,0,0,0,0,0,7,12,6,0,0,0,0,0,0,0,12
101,90,61,46,41,10,10,0,0,0,0,0,0,12,51,55,12,8,7,0,0,1,9,63
21,58,55,53,52,26,17,6,15,14,13,13,41,81,73,42,30,27,54,50,26,33,50,53
3,34,31,11,35,36,50,52,59,67,71,109,92,102,111,105,75,78,84,72,61,50,33,33
0,10,13,9,36,47,45,56,60,93,111,156,165,137,121,156,142,107,88,67,59,53,34,11
0,0,13,12,7,50,60,55,68,108,160,192,194,135,133,173,172,149,91,65,59,50,15,9
0,0,0,12,54,12,60,56,64,123,156,177,187,129,146,175,183,162,117,70,59,50,3,9
0,0,0,0,0,9,32,11,72,112,154,192,174,127,165,186,178,130,96,64,41,45,11,6
0,5,0,0,4,15,10,64,77,154,240,242,199,153,189,227,185,134,85,60,45,13,7,0
0,0,0,5,1,12,14,67,107,167,238,217,184,174,207,277,230,131,85,64,15,14,12,0
9,0,5,6,0,2,18,66,110,158,196,159,160,176,180,210,201,111,71,63,12,2,0,3
0,0,0,4,9,6,10,82,110,130,147,157,163,159,154,144,133,107,89,73,11,0,4,0
4,0,0,0,6,5,1,99,115,131,144,143,150,150,141,131,127,107,80,61,12,8,0,0
2,2,2,0,8,4,13,65,111,131,141,148,147,129,99,118,120,76,57,53,9,0,1,0
0,0,11,0,1,9,19,63,88,123,143,163,146,124,120,123,115,67,78,52,4,0,0,0
0,2,0,5,8,7,14,53,68,84,109,147,129,129,115,101,112,101,82,14,8,0,0,0
2,11,6,7,14,18,17,44,62,96,104,110,136,133,123,104,94,57,51,42,34,14,6,0
4,5,9,4,12,27,50,70,102,102,98,135,155,142,166,122,121,107,91,75,41,9,2,0
5,0,0,4,11,51,95,114,119,140,133,175,193,170,173,149,135,91,93,78,80,40,7,0
7,0,0,0,27,43,101,119,133,146,139,176,210,176,180,130,139,130,92,79,43,39,20,8
7,5,4,13,17,42,75,115,150,148,188,168,174,225,175,165,162,137,134,117,69,50,14,11
5,5,8,11,23,52,95,131,167,175,179,176,146,242,168,146,159,134,143,125,68,46,26,14
0,0,10,11,11,60,106,130,155,182,168,164,146,122,125,145,135,144,137,120,92,66,53,10
7,0,6,12,26,44,103,122,165,159,160,164,134,106,110,126,133,140,133,122,110,101,63,27
0,1,10,24,26,55,102,124,166,154,158,146,124,102,106,114,134,136,131,119,83,59,48,13
3,8,2,12,14,17,74,107,125,152,127,122,105,93,13,105,110,115,114,108,77,51,47,4
5,11,9,10,13,13,65,106,123,130,136,109,107,52,87,100,93,114,121,113,102,55,37,10
2,12,13,14,14,12,14,101,118,128,127,100,82,82,62,78,107,119,124,112,101,60,43,12
6,9,10,10,10,10,23,36,85,84,91,80,75,70,54,61,75,101,101,103,68,45,18,10
4,3,10,12,10,23,23,22,70,111,104,82,78,52,26,50,60,87,103,97,59,50,14,14
0,5,8,3,10,22,12,11,76,120,113,86,76,96,56,52,55,69,108,126,108,60,17,11
2,0,2,0,7,11,14,14,57,139,131,66,54,52,32,50,52,58,103,94,69,49,13,10
0,0,3,4,3,10,6,11,51,86,93,64,52,23,14,19,17,52,63,76,50,7,9,5
0,3,8,9,5,13,2,12,17,58,56,51,14,14,1,7,13,40,50,25,11,6,1,0
0,6,3,11,6,4,6,13,32,57,54,50,14,8,11,4,13,28,24,12,6,0,0,4
0,0,4,4,4,0,1,13,25,51,58,51,29,13,11,27,7,18,21,12,5,8,0,1
0,0,0,0,0,7,0,9,44,49,50,50,28,13,12,13,13,6,10,11,9,0,1,0
0,3,0,0,2,0,6,30,18,55,52,36,25,4,9,11,14,0,0,0,0,0,0,3
8,0,0,9,12,11,8,5,12,52,54,52,37,10,7,11,14,8,0,3,0,0,0,0
0,0,0,9,11,9,10,9,13,26,52,19,22,0,4,10,11,2,0,8,0,0,0,0
6,1,5,7,7,8,10,7,23,27,47,50,12,10,0,0,13,12,7,10,0,0,6,4
0,6,10,8,0,7,2,5,7,27,37,43,14,12,7,2,7,1,10,9,0,0,9,2
8,5,0,4,0,0,6,5,5,13,26,34,8,3,6,11,9,12,13,12,6,5,0,0

77,59,57,55,41,9,0,0,0,0,6,4,58,58,54,12,7,0,0,0,0,0,0,8
143,129,84,42,12,0,0,0,0,0,0,0,0,8,13,5,0,0,0,0,0,0,0,12
101,90,61,44,41,11,10,0,0,0,0,0,0,12,52,55,11,8,7,0,0,2,9,63
21,58,55,53,52,26,17,6,15,14,13,13,40,79,72,39,29,27,54,50,25,33,50,53
3,34,31,11,35,36,50,52,59,67,72,109,93,102,110,104,75,79,84,73,61,50,31,33
0,10,13,9,36,47,45,56,60,93,112,157,165,136,120,155,142,108,88,67,59,53,34,11
0,0,13,12,7,50,60,54,68,109,160,192,192,134,132,172,172,150,91,65,59,50,15,9
0,0,0,11,54,12,60,56,64,123,155,175,185,128,145,173,182,162,118,70,59,50,3,9
0,0,0,0,0,9,31,12,72,112,153,190,171,125,163,184,175,130,96,64,43,45,11,6
0,5,0,0,4,15,10,64,77,155,240,239,198,151,187,225,184,134,85,61,45,14,7,0
0,0,0,5,1,12,14,67,108,169,237,216,185,175,206,276,232,132,85,64,16,14,12,0
9,0,5,6,0,2,20,66,110,158,195,160,162,179,181,209,200,113,71,63,12,3,0,3
0,0,0,4,9,6,10,83,110,131,148,159,165,161,156,145,133,107,89,74,12,0,4,0
4,0,0,0,6,6,0,100,116,131,144,144,152,151,142,131,128,107,81,62,13,8,0,0
2,2,2,0,8,5,14,66,112,131,141,148,148,131,100,119,121,76,57,53,10,0,1,0
0,0,12,0,2,10,19,63,89,123,144,165,148,125,121,124,115,67,79,53,5,0,0,0
0,2,0,5,8,7,14,53,68,85,110,148,130,130,116,101,112,101,83,14,8,0,0,0
2,11,6,7,14,18,17,44,62,97,104,111,137,134,124,105,95,57,51,42,33,14,6,0
4,5,9,4,12,25,49,69,102,102,98,136,156,142,167,122,121,107,90,74,39,9,2,0
5,0,0,4,11,50,93,114,118,139,133,175,193,170,173,149,135,90,92,78,79,40,6,0
7,0,0,0,26,42,101,119,133,146,138,176,209,175,179,129,139,130,91,79,43,39,20,8
7,5,4,13,17,42,74,114,149,147,188,167,173,224,174,164,162,137,134,116,69,48,14,11
5,5,8,10,23,51,94,130,167,174,178,175,145,240,167,145,159,134,143,125,68,46,26,14
0,0,10,11,11,60,106,130,155,181,168,164,146,122,124,145,135,144,137,120,92,66,50,10
7,0,6,12,25,44,103,121,164,159,160,163,133,106,110,126,133,139,133,122,110,101,63,27
0,1,10,23,26,54,102,124,165,154,157,145,124,102,106,114,133,136,131,119,83,58,48,12
3,8,2,12,14,16,74,107,125,152,126,121,105,94,13,105,110,115,114,108,77,50,48,4
5,11,9,10,13,13,62,106,123,130,135,109,107,52,86,100,92,114,121,113,102,55,37,10
2,12,13,14,14,12,13,101,118,128,127,100,82,82,62,78,107,119,124,112,101,60,44,13
6,9,10,10,10,10,23,36,85,83,91,80,75,70,54,61,75,101,101,103,68,46,19,10
4,3,10,12,10,23,23,22,70,111,104,82,78,52,26,50,60,87,103,97,59,50,14,14
0,5,8,3,10,22,12,11,76,120,113,86,76,96,56,52,55,69,108,126,109,60,19,10
2,0,3,0,7,11,14,14,57,140,130,66,54,52,33,50,52,58,103,94,69,49,13,10
0,0,3,4,3,10,6,11,51,86,93,64,52,23,14,18,17,52,63,76,50,7,9,5
0,3,8,9,5,13,2,12,17,58,56,51,14,14,1,7,13,40,50,25,11,6,1,0
0,6,3,11,6,4,6,13,33,58,54,50,14,7,10,4,13,26,24,13,6,0,0,3
0,0,4,4,4,0,1,14,25,51,58,51,30,13,11,27,7,19,22,12,5,8,0,1
0,0,0,0,0,7,0,9,43,48,51,50,28,13,12,13,13,6,10,11,9,0,1,0
0,3,0,0,2,0,6,29,19,55,52,36,26,4,9,12,14,0,0,0,0,0,0,3
8,0,0,9,12,11,8,5,13,52,54,52,37,10,7,11,14,8,0,3,0,0,0,0
0,0,0,9,11,9,10,8,13,28,52,18,22,0,4,10,11,2,0,8,0,0,0,0
6,1,5,7,7,8,10,7,24,30,47,50,12,10,0,0,14,12,7,10,0,0,6,4
0,6,10,8,0,7,2,5,7,28,37,43,14,12,6,1,7,1,10,9,0,0,9,2
8,5,0,4,0,0,6,5,5,13,26,33,8,3,7,11,9,12,13,12,6,5,0,0

77,59,56,54,41,9,0,0,0,0,6,5,59,58,54,12,7,0,0,0,0,0,0,8
143,129,83,42,12,0,0,0,0,0,0,0,0,8,13,6,0,0,0,0,0,0,0,12
101,90,61,46,41,11,10,0,0,0,0,0,0,12,51,55,11,8,7,0,0,2,9,63
22,58,55,53,52,25,17,6,15,14,13,13,39,78,71,36,29,27,54,50,25,32,50,53
3,34,31,11,35,36,50,52,59,67,72,109,92,102,110,104,75,79,84,73,61,50,34,34
0,10,13,9,36,47,45,56,60,93,112,157,164,134,119,154,142,108,88,67,58,53,34,11
0,0,13,12,7,50,60,55,68,109,160,191,191,133,131,170,171,150,91,65,59,50,15,9
0,0,0,11,54,12,60,56,64,123,154,173,183,127,144,172,181,161,118,70,60,50,3,9
0,0,0,0,0,9,32,12,72,112,152,188,170,124,162,182,174,130,96,64,42,44,11,6
0,5,0,0,4,15,10,64,77,155,238,237,196,149,185,223,183,134,85,61,45,13,7,0
0,0,0,5,1,12,14,67,108,170,236,214,186,176,204,273,233,133,86,64,16,14,12,0
9,0,5,6,0,3,22,66,111,159,195,161,165,181,182,207,200,114,71,64,12,3,0,3
0,0,0,4,9,7,10,83,111,131,149,161,168,164,159,147,134,107,90,76,12,0,4,0
4,0,0,0,6,6,0,100,116,132,145,145,154,154,143,132,128,107,81,62,13,8,0,0
2,2,3,0,8,5,14,67,112,132,142,149,149,132,102,121,121,77,57,54,10,0,1,0
0,0,12,0,2,10,22,63,89,124,145,166,149,126,123,125,115,68,79,53,5,0,0,0
0,2,0,5,8,7,14,53,68,85,110,149,132,132,118,103,113,101,83,14,8,0,0,0
2,11,6,7,14,17,16,44,62,97,105,113,138,135,126,105,95,57,50,42,33,14,6,0
4,5,9,4,12,24,48,69,102,103,99,136,156,143,168,123,121,107,89,74,39,9,2,0
5,0,0,4,11,47,92,113,118,140,132,176,194,171,174,149,135,90,91,77,79,38,6,0
7,0,0,0,26,41,101,118,132,145,138,176,209,175,179,129,139,130,91,78,43,39,19,8
7,5,4,13,17,41,74,113,148,147,187,166,172,223,174,164,161,137,134,116,69,47,14,10
5,5,9,10,22,51,93,130,166,173,178,174,145,239,165,145,158,134,143,124,68,46,26,14
0,0,10,11,11,60,106,130,154,180,167,164,145,121,124,145,135,144,137,120,90,66,50,11
7,0,6,12,25,44,103,121,164,158,160,163,133,106,110,125,133,139,133,122,110,101,63,27
0,1,10,23,25,54,102,124,165,154,157,146,124,101,106,114,133,136,131,119,82,59,47,13
3,8,2,12,14,16,74,107,125,152,126,121,105,94,13,105,110,115,114,108,78,51,48,4
5,11,9,10,12,12,62,106,123,130,135,109,107,54,86,100,93,114,121,113,102,55,38,10
2,12,13,14,14,12,13,101,118,128,127,100,82,82,62,78,107,119,124,112,101,60,44,12
6,9,10,10,10,10,23,36,85,83,91,80,75,70,53,61,75,101,101,102,68,45,18,10
4,3,10,12,10,23,23,22,70,111,104,82,78,52,26,50,60,87,103,97,59,50,14,14
0,5,8,3,10,22,12,11,76,120,113,86,76,97,56,52,55,69,108,126,109,60,19,11
2,0,3,0,7,11,15,14,57,140,130,66,54,52,33,50,52,58,103,94,69,50,13,10
0,0,3,4,3,10,6,11,52,86,93,64,52,25,14,21,17,52,63,76,50,7,9,5
0,3,8,9,5,13,2,12,18,58,56,51,14,14,1,7,13,41,50,25,11,6,1,0
0,6,3,11,6,4,6,13,32,58,54,50,14,8,11,4,13,26,23,12,6,0,0,4
0,0,4,4,4,0,1,14,25,51,58,51,29,13,11,27,7,18,22,12,5,8,0,1
0,0,0,0,0,7,0,9,44,48,51,50,27,13,12,13,13,6,10,11,10,0,1,0
0,3,0,0,2,0,6,30,19,55,52,36,25,4,9,12,14,0,0,0,0,0,0,3
8,0,0,9,12,12,8,5,13,52,54,52,37,10,7,11,14,8,0,4,0,0,0,0
0,0,0,9,11,9,10,9,13,30,52,19,24,0,4,10,11,2,0,8,0,0,0,0
6,1,5,7,7,8,10,7,23,28,50,50,12,10,0,0,14,12,7,10,0,0,6,4
0,6,10,8,0,7,2,5,7,28,37,44,14,12,7,2,7,1,10,9,0,0,9,2
8,5,0,4,0,0,6,5,5,13,26,34,8,3,7,11,9,12,13,12,6,5,0,0
