0,5,8,1,6,10,7,6,7,14,41,52,42,58,94,104,89,113,121,142,422,61,39,12
17,25,40,71,140,133,115,101,98,51,10,0,0,0,0,26,67,117,113,134,197,106,65,14
53,62,67,84,476,208,144,131,129,119,109,101,90,56,56,51,32,44,67,67,63,14,61,10
30,32,42,54,96,119,115,119,113,114,112,101,95,96,62,13,5,7,14,22,10,15,0,11
4,14,8,52,65,62,47,8,10,0,0,0,0,11,27,36,9,36,20,12,9,0,0,2
9,8,19,43,51,33,54,49,42,11,9,7,8,13,34,26,32,3,3,27,0,0,0,4
9,9,14,43,13,12,10,57,60,58,59,51,54,25,59,13,52,0,0,0,3,9,1,0
0,1,12,52,0,0,0,6,64,68,71,77,65,71,81,86,65,8,51,0,2,8,4,8
1,2,0,0,0,0,5,0,33,66,57,60,54,66,76,74,53,0,0,0,0,0,0,0
0,0,0,0,0,0,0,6,55,84,101,109,104,113,119,106,83,22,8,0,0,0,0,8
0,0,0,0,0,0,0,51,70,90,124,124,133,153,146,144,101,65,10,10,9,0,0,0
0,0,0,0,0,5,11,63,104,131,173,149,145,183,183,161,131,80,40,0,3,0,0,0
0,0,0,0,7,0,14,57,104,131,149,185,184,177,170,154,132,78,50,0,0,0,0,0
0,0,0,0,7,0,12,90,101,118,142,161,174,177,168,143,126,105,98,1,0,0,0,0
0,3,0,0,1,0,10,59,70,77,119,148,144,159,154,137,113,102,81,0,2,0,0,0
0,0,0,0,5,3,9,43,70,70,94,127,137,152,142,122,100,104,51,9,0,0,0,0
4,5,1,10,2,10,9,17,61,73,118,116,141,128,102,91,93,77,66,11,0,0,3,0
8,12,13,13,7,12,24,41,58,86,122,124,124,130,117,128,108,75,52,27,14,9,6,9
0,0,4,5,2,5,10,72,73,117,128,143,143,117,126,133,126,104,83,103,27,6,0,7
0,1,8,4,1,11,50,105,125,113,121,140,190,178,137,126,140,131,132,116,62,10,9,8
5,7,9,8,2,9,57,84,132,110,140,122,168,187,135,127,135,137,124,109,65,15,7,9
0,6,7,8,11,8,49,111,127,140,149,134,121,150,96,120,132,136,134,120,80,35,13,13
1,0,3,10,6,12,45,103,126,144,170,128,100,70,76,114,140,164,129,122,105,33,11,9
0,0,0,0,2,9,100,118,131,142,151,130,105,40,92,113,143,155,137,123,110,37,10,0
0,5,6,3,3,10,75,109,117,137,141,124,104,21,17,109,131,137,137,129,100,27,6,8
6,1,6,6,1,10,64,109,118,130,127,114,101,10,12,103,119,129,127,120,100,55,24,6
0,3,0,3,8,10,40,101,105,116,116,103,61,8,11,79,108,110,108,101,101,7,6,5
1,3,9,3,7,9,50,59,106,112,118,107,52,14,9,14,103,115,109,64,59,12,10,11
0,2,5,5,3,12,55,82,128,133,107,61,53,50,12,36,100,116,153,142,48,13,13,2
10,5,11,7,12,14,43,60,121,163,116,50,44,40,35,38,42,64,140,127,59,13,8,9
7,7,9,13,13,33,42,49,77,73,53,40,28,23,12,16,37,45,63,67,51,26,14,11
0,3,2,2,6,10,11,53,83,68,67,38,14,13,10,13,39,35,44,41,36,16,11,5
11,0,3,1,6,18,13,58,67,56,50,12,18,12,10,11,13,32,30,57,54,39,14,7
5,0,0,0,3,13,22,54,56,50,36,11,19,2,11,21,13,31,42,52,57,52,13,13
0,0,5,0,3,3,12,23,49,24,14,13,14,0,11,16,8,18,18,45,54,44,14,10
2,4,0,0,1,4,4,12,11,9,11,10,11,5,11,25,2,9,10,14,39,23,13,0
0,0,0,2,0,5,1,5,7,8,13,14,12,9,5,11,2,8,4,12,18,17,12,0
0,0,0,4,9,5,0,5,8,9,13,13,12,7,5,9,6,11,4,14,14,11,4,0
0,0,0,0,0,0,0,5,8,13,9,22,12,10,0,12,11,21,13,13,13,12,6,2
0,0,0,0,1,10,12,8,14,14,15,27,8,10,7,12,14,14,43,20,34,14,5,0
0,3,0,0,0,3,10,26,29,23,37,13,8,4,0,19,16,34,14,37,34,32,14,0
4,6,3,0,0,7,14,24,51,50,45,31,11,0,12,19,43,12,29,50,67,22,13,10
1,5,2,2,6,3,10,19,54,60,52,31,10,14,18,11,14,31,17,50,25,25,10,6
0,0,5,9,3,9,11,14,55,58,39,12,13,16,4,2,5,7,15,21,32,10,12,9

0,5,8,2,6,10,7,6,7,14,41,52,48,58,94,105,90,114,123,144,445,62,41,12
18,26,40,71,141,134,116,102,99,51,10,0,0,0,0,26,67,117,113,135,198,107,65,14
53,62,67,85,482,210,145,131,129,119,109,101,95,60,57,51,32,44,67,67,63,14,63,10
29,32,43,54,95,119,115,119,113,114,112,101,96,96,62,13,5,8,14,21,11,22,0,12
5,14,8,52,65,62,46,8,10,0,0,0,0,11,32,35,9,34,21,12,9,0,0,2
9,8,20,43,51,33,53,49,42,11,10,7,10,14,36,27,31,3,3,28,0,0,0,4
9,9,14,43,13,12,10,57,60,58,59,51,54,43,60,13,52,0,0,0,3,7,1,0
0,2,12,52,0,0,0,6,63,67,70,76,64,70,79,85,64,7,50,0,2,8,4,8
1,2,0,0,0,0,5,0,27,65,55,57,52,64,73,72,52,0,0,0,0,0,0,0
0,0,0,0,0,0,0,5,52,81,95,103,102,110,113,101,81,14,7,0,0,0,0,8
0,0,0,0,0,0,0,50,66,82,112,120,135,153,140,132,94,63,8,10,8,0,0,0
0,0,0,0,0,4,10,59,99,119,166,151,147,185,183,156,124,76,33,0,3,0,0,0
0,0,0,0,7,0,13,56,101,130,150,189,188,180,172,154,128,76,50,0,0,0,0,0
0,0,0,0,7,0,12,93,101,119,144,164,178,180,171,145,126,105,100,1,0,0,0,0
0,3,0,0,2,0,10,62,70,77,121,151,146,163,157,138,114,103,80,0,1,0,0,0
0,0,0,0,5,3,9,41,71,71,95,130,139,155,144,124,101,104,50,8,0,0,0,0
4,5,1,10,2,10,9,15,61,74,120,118,143,130,103,92,93,76,63,10,0,0,3,0
8,12,13,13,7,12,23,40,57,85,123,126,127,131,120,130,106,71,51,26,14,9,6,9
0,0,4,5,2,5,10,71,71,115,127,143,144,118,126,133,123,100,81,102,25,6,0,7
0,1,8,3,1,11,50,104,124,112,120,139,189,177,137,125,138,130,131,116,62,10,9,8
4,7,9,8,2,8,57,84,131,109,139,121,166,186,135,127,135,137,123,109,64,14,6,8
0,6,7,8,11,8,49,110,126,139,148,133,120,149,94,119,132,136,133,119,79,35,13,13
1,0,3,10,6,12,45,103,125,144,169,128,99,69,75,114,140,164,129,122,105,33,11,9
0,0,0,0,2,8,100,118,131,142,150,130,106,40,91,113,143,155,136,123,110,36,11,0
0,5,6,3,3,10,75,109,117,137,141,124,104,21,19,109,131,137,136,129,100,26,6,8
6,1,6,6,1,10,66,109,118,130,127,114,101,10,12,103,119,130,127,120,100,55,24,6
0,3,0,3,8,9,41,101,105,116,116,103,61,8,11,79,108,110,108,101,101,7,6,5
1,3,9,3,7,9,50,59,106,112,118,107,52,14,9,14,103,115,109,64,59,12,10,11
0,2,5,5,3,12,56,82,128,133,107,62,52,50,12,36,100,116,154,142,48,13,13,2
10,5,11,7,12,14,44,60,121,164,116,50,44,40,35,38,42,64,141,128,59,13,8,9
7,7,9,13,12,33,42,49,77,73,54,41,29,24,12,17,37,44,63,67,51,26,14,11
0,2,2,2,6,10,11,53,84,69,68,40,18,13,10,13,40,36,44,41,36,16,11,5
11,0,3,1,6,19,13,58,67,56,50,13,18,12,10,11,13,32,30,57,54,39,14,7
5,0,0,0,3,14,22,54,56,50,36,11,20,2,11,23,13,31,42,51,57,52,13,13
0,0,5,0,3,4,12,24,48,24,14,13,14,1,11,16,8,19,18,44,54,44,14,10
2,4,0,0,1,5,5,12,11,10,11,10,11,6,12,25,3,9,10,14,40,23,13,0
0,0,0,2,0,6,1,6,7,9,13,14,12,9,5,11,3,9,5,12,18,16,12,0
0,0,0,4,9,5,0,5,8,9,13,13,12,8,6,9,6,11,4,14,14,11,4,0
0,0,0,0,0,0,0,5,8,13,9,23,12,11,0,12,11,22,13,13,13,12,6,2
0,0,0,0,1,10,13,9,14,14,15,27,8,10,7,12,14,15,43,20,34,14,5,0
0,3,0,0,0,3,10,27,30,23,37,13,9,4,0,19,16,35,14,37,33,30,14,0
4,6,3,0,0,7,14,24,51,51,45,33,12,0,12,20,44,12,29,50,67,22,13,10
1,5,2,2,6,3,10,19,54,60,52,33,10,14,18,11,15,32,20,50,25,25,10,6
0,0,5,9,3,9,11,14,55,58,40,12,13,16,4,2,5,8,15,21,32,10,12,9

0,5,8,2,7,10,7,6,7,13,36,52,50,58,94,105,91,114,122,142,449,63,40,12
19,25,40,71,141,133,116,101,98,51,10,0,0,0,1,27,68,118,114,134,196,107,64,14
53,62,67,85,484,210,145,131,129,119,109,101,97,60,57,51,32,42,65,66,63,14,64,11
29,32,42,54,95,119,115,119,113,114,112,101,96,95,61,13,5,7,14,19,10,20,0,11
5,14,8,51,65,62,48,8,10,0,0,0,0,10,32,36,9,34,21,12,9,0,0,2
9,8,19,43,50,32,53,50,43,12,13,4,15,20,40,28,35,3,4,28,0,0,0,4
9,9,14,42,13,11,10,57,61,59,63,57,57,57,63,25,53,0,0,0,3,7,1,0
0,1,12,52,0,0,0,6,64,69,73,83,68,75,85,90,66,10,53,0,1,9,4,7
1,2,0,0,0,0,5,0,34,67,58,64,57,71,85,79,58,1,0,0,0,0,0,0
0,0,0,0,0,0,0,6,56,85,106,117,109,120,133,114,89,49,9,0,0,0,0,8
0,0,0,0,0,1,0,54,71,94,132,126,131,153,157,162,107,67,11,10,8,0,0,0
0,0,0,0,0,5,11,63,104,135,171,145,140,177,179,164,137,81,44,0,1,0,0,0
0,0,0,0,7,0,14,57,104,131,147,179,178,173,166,151,134,80,51,0,0,0,0,0
0,0,0,0,7,0,12,93,101,118,142,159,171,174,165,142,125,106,100,1,0,0,0,0
0,2,0,0,1,0,9,61,70,77,119,147,143,158,153,136,113,103,81,0,1,0,0,0
0,0,0,0,4,2,9,44,71,71,94,126,137,151,141,122,100,104,52,8,0,0,0,0
4,4,1,10,2,10,10,21,62,74,118,115,140,127,100,90,92,77,66,11,0,0,3,0
8,12,13,13,7,12,24,42,59,86,122,123,123,128,116,128,107,74,52,27,15,9,6,8
0,0,4,5,2,5,10,73,72,116,127,142,142,116,125,133,125,103,82,103,28,6,0,6
0,1,8,3,1,11,50,104,125,112,120,139,189,176,137,125,138,130,131,116,62,10,8,7
4,7,9,8,2,8,57,84,131,109,139,121,166,185,135,126,134,137,123,109,65,14,6,8
0,6,7,8,11,9,49,111,127,139,148,134,120,149,94,119,131,135,133,119,79,35,13,13
1,0,2,10,6,12,46,103,125,144,169,128,98,68,75,114,140,163,128,121,105,33,11,9
0,0,0,0,2,9,100,118,130,142,150,130,106,42,92,113,143,154,136,123,110,38,11,0
0,5,6,3,2,10,73,109,117,137,140,124,105,22,20,109,131,137,136,128,100,26,6,8
6,1,6,6,1,10,63,109,118,130,126,114,101,10,12,103,119,129,127,120,100,55,24,6
0,3,0,3,8,9,40,101,105,116,116,103,62,8,11,81,108,110,108,101,101,7,6,5
1,3,9,3,7,9,50,59,106,111,118,108,52,14,9,14,103,115,109,64,59,12,10,11
0,2,5,5,3,12,55,82,128,135,107,62,53,50,12,37,101,116,156,142,48,13,13,2
10,5,11,7,12,14,43,60,121,167,114,50,44,40,36,38,42,63,141,128,59,14,9,9
7,7,9,13,12,33,41,48,76,73,54,41,29,25,13,17,37,45,63,67,50,26,14,12
0,3,2,2,6,10,10,53,82,69,69,43,20,13,10,13,40,36,44,41,36,16,11,5
11,0,3,1,6,16,13,58,67,56,50,13,19,12,10,11,13,32,30,57,54,38,14,7
5,0,0,0,3,13,21,54,56,50,38,12,20,2,11,20,13,31,42,52,57,52,13,13
0,0,6,0,3,4,12,22,47,25,15,13,14,1,11,15,8,19,20,44,54,43,14,10
3,4,0,0,1,5,4,12,11,10,12,11,11,6,12,25,3,10,10,14,40,23,13,0
0,0,0,2,0,6,1,6,7,9,13,14,13,9,5,11,3,9,6,12,18,16,12,0
0,0,0,4,9,6,0,5,8,9,13,13,12,8,7,9,6,11,5,14,13,11,4,0
0,0,0,0,0,0,0,5,8,13,9,23,12,11,0,12,11,22,13,13,13,12,6,3
0,0,0,0,1,10,12,9,14,14,15,28,9,10,7,12,14,14,44,20,34,14,5,0
0,4,0,0,0,3,10,27,30,25,38,13,9,5,0,20,16,35,14,37,34,32,14,0
4,6,3,0,0,7,14,23,51,51,46,34,12,1,12,20,45,12,32,50,67,22,13,10
1,5,2,2,6,3,9,19,54,61,52,34,11,14,18,12,16,32,20,50,25,25,10,6
0,0,5,8,4,9,11,14,55,58,42,12,13,16,4,2,5,8,15,21,32,10,12,9

0,6,8,3,8,10,8,8,10,12,31,53,45,56,90,104,87,113,122,141,503,73,45,12
18,25,40,72,142,133,115,101,96,50,9,0,0,0,2,26,65,115,112,129,188,115,63,14
53,61,67,86,490,209,144,130,128,118,108,100,100,65,57,51,32,43,64,64,62,15,68,12
29,32,42,54,97,119,115,119,112,113,111,100,94,93,61,13,5,8,14,25,10,23,0,11
5,14,8,51,64,62,48,8,10,0,0,0,0,10,33,32,9,36,22,12,10,0,0,2
9,8,18,43,50,31,54,50,44,13,17,4,23,28,42,29,38,4,4,30,0,0,0,4
9,9,14,42,13,12,10,57,61,60,66,61,59,62,65,42,54,0,0,1,3,7,1,0
0,1,12,52,0,0,0,7,64,69,75,87,69,77,87,91,67,12,54,0,1,9,4,7
1,2,0,0,0,0,5,0,38,68,59,68,60,74,88,81,61,3,0,0,0,0,0,0
0,0,0,0,0,0,0,7,57,87,107,123,112,126,141,115,92,51,11,0,0,0,0,8
0,0,0,0,0,2,0,55,72,100,149,136,131,156,173,183,111,69,13,10,8,0,0,0
0,0,0,0,0,6,11,65,105,148,183,145,137,175,180,173,142,82,46,0,1,0,0,0
0,0,0,0,6,0,14,56,105,134,147,176,173,170,164,151,138,81,52,0,0,0,0,0
0,0,0,0,7,0,12,91,101,119,141,156,168,171,162,141,126,106,100,2,0,0,0,0
0,2,0,0,1,0,9,59,70,77,118,146,142,155,150,135,113,103,81,0,1,0,0,0
0,0,0,0,4,2,8,48,71,71,93,125,136,149,139,121,100,104,52,9,0,0,0,0
4,4,0,10,1,10,10,24,62,74,117,113,139,125,99,89,92,77,68,11,0,0,3,0
7,12,13,13,7,12,24,43,60,87,121,122,121,127,114,127,107,76,53,28,16,9,6,8
0,0,4,5,2,5,11,73,73,117,127,142,141,115,124,132,126,105,83,103,29,6,0,6
0,1,8,3,1,11,50,104,125,112,120,139,188,175,137,125,139,130,131,116,62,10,8,7
4,7,9,8,2,8,56,84,132,109,139,121,166,186,135,127,134,136,123,109,65,14,6,8
0,6,7,8,11,8,49,111,127,139,148,133,120,148,94,119,131,135,133,119,79,35,13,13
1,0,2,10,6,12,46,103,125,144,169,128,98,68,75,114,139,163,128,121,105,33,11,9
0,0,0,0,2,9,100,118,130,142,150,130,106,40,92,113,143,154,136,123,110,38,11,0
0,5,6,3,2,9,75,109,117,137,140,124,105,25,20,109,131,137,136,128,100,26,6,8
6,1,6,6,1,10,63,109,118,130,126,114,101,10,12,103,119,129,127,119,100,55,23,6
0,3,0,3,8,9,40,101,105,116,116,103,63,8,11,81,108,110,108,101,101,7,6,5
1,3,9,3,7,9,50,59,106,111,118,108,52,14,10,14,103,115,109,64,59,12,10,11
0,2,5,5,3,12,55,83,128,136,107,63,53,51,12,36,101,116,156,142,48,13,13,2
10,5,11,7,12,14,44,60,122,168,113,50,45,40,36,38,42,63,142,128,59,14,9,9
7,7,9,13,13,33,41,48,76,73,54,41,29,25,13,18,37,45,63,66,50,26,14,12
0,3,2,2,6,10,10,53,81,69,71,44,19,14,10,13,42,36,44,41,36,16,11,5
11,0,3,1,6,15,13,58,66,56,51,14,19,12,9,11,13,32,30,57,54,37,14,7
5,0,0,0,3,13,20,54,56,50,39,13,20,3,11,19,13,31,43,51,56,51,13,13
0,0,5,0,3,4,12,22,47,26,15,13,14,1,11,15,8,19,19,44,54,43,14,10
2,4,0,0,1,5,4,12,11,10,12,11,11,6,12,24,3,10,10,14,40,23,13,0
0,0,0,3,0,6,1,5,7,9,13,14,13,9,5,11,3,9,6,12,17,16,12,0
0,0,0,4,9,5,0,5,8,9,13,13,13,8,7,9,6,11,5,14,13,11,4,0
0,0,0,0,0,0,0,5,8,13,9,23,13,11,0,12,12,22,13,13,13,12,6,3
0,0,0,0,1,10,13,9,14,14,15,27,9,10,7,12,14,15,43,21,34,14,5,0
0,4,0,0,0,3,10,27,30,25,38,13,9,5,0,20,16,36,14,38,34,30,14,0
4,6,3,0,0,7,14,23,51,51,46,36,12,1,12,20,44,12,31,51,67,22,13,10
1,5,2,2,6,3,9,18,54,61,53,35,11,14,18,12,17,33,20,50,25,25,10,7
0,0,5,9,4,9,11,14,54,58,41,12,13,17,4,2,5,8,15,21,32,10,12,9

0,5,8,3,7,10,8,9,10,13,34,54,48,57,89,103,86,112,121,141,510,75,45,12
19,26,40,72,142,133,115,100,95,50,9,0,0,0,1,24,64,114,111,129,187,115,62,14
53,61,67,86,494,208,144,130,127,117,108,100,100,66,56,51,32,43,64,65,62,15,68,13
29,32,42,54,97,119,115,118,112,112,110,100,93,91,60,13,5,8,14,26,10,23,0,11
5,14,8,51,64,62,48,8,10,0,0,0,0,10,35,30,9,37,23,12,11,0,0,2
9,8,18,42,50,31,54,50,45,13,20,6,27,31,43,30,39,5,5,31,0,0,0,4
9,9,14,42,13,12,10,58,62,61,68,63,60,64,66,50,54,0,0,1,3,7,1,0
0,1,12,52,0,0,0,7,65,70,76,90,71,79,88,92,67,12,55,0,0,9,4,7
1,1,0,0,0,0,5,0,40,69,60,70,62,76,89,81,60,3,0,0,0,0,0,0
0,0,0,0,0,0,0,7,58,88,108,127,116,132,145,116,93,52,12,0,0,0,0,8
0,0,0,0,0,2,0,56,73,102,163,144,131,159,190,196,114,70,13,10,9,0,0,0
0,0,0,0,0,6,12,65,105,158,194,144,135,174,181,183,144,81,47,0,0,0,0,0
0,0,0,0,7,0,15,56,105,136,147,173,170,168,162,151,141,81,52,0,0,0,0,0
0,0,0,0,7,0,13,87,100,119,140,154,165,168,160,140,126,106,100,2,0,0,0,0
0,1,0,0,1,0,8,58,70,77,117,144,141,153,149,134,113,103,82,0,1,0,0,0
0,0,0,0,4,2,8,48,71,71,93,124,135,148,138,120,100,105,53,9,0,0,0,0
4,4,0,10,1,10,10,27,62,74,116,112,138,124,98,89,92,77,69,12,0,0,3,0
7,12,12,13,7,12,24,43,61,88,120,120,119,125,113,125,108,78,54,28,16,9,6,8
0,0,3,5,2,5,11,75,74,118,127,141,140,114,123,132,126,106,83,103,30,6,0,6
0,1,8,3,1,11,50,105,125,113,121,139,187,174,136,125,139,131,132,116,63,10,8,7
4,7,9,8,2,8,57,85,132,109,139,121,166,185,135,127,134,136,123,109,65,14,6,8
0,6,6,8,11,8,49,111,127,139,148,133,120,148,94,119,131,135,133,119,79,35,13,13
0,0,2,10,6,12,47,103,125,144,169,128,98,67,75,114,139,162,128,121,105,33,11,9
0,0,0,0,2,8,100,118,130,142,150,130,106,40,93,113,143,154,136,123,110,37,11,0
0,5,6,2,2,10,73,109,117,137,140,124,105,24,22,109,131,137,136,128,100,26,6,8
5,1,5,6,1,10,63,109,117,129,126,114,101,10,12,103,119,129,127,119,100,55,23,6
0,3,0,3,8,9,39,101,105,116,116,103,64,8,11,82,108,110,108,101,101,7,6,5
1,3,9,3,7,9,50,59,106,111,118,108,53,14,10,14,103,115,109,64,59,12,10,11
0,2,5,5,3,12,55,83,128,137,107,63,53,51,12,34,101,116,157,142,48,13,13,2
10,5,11,7,12,14,43,60,121,168,113,50,45,40,36,39,42,63,142,128,59,14,9,9
7,7,9,13,13,33,41,48,76,73,54,41,30,25,13,18,37,45,63,66,50,26,14,12
0,3,2,2,6,10,10,52,81,70,70,44,21,13,10,13,40,36,44,41,36,16,11,5
11,0,3,1,6,14,13,58,66,56,51,14,19,12,10,11,13,32,31,57,54,37,14,7
5,0,0,0,3,13,20,54,56,50,39,13,20,3,11,19,13,31,43,51,57,51,13,13
0,0,6,0,3,4,12,22,46,26,16,13,14,1,11,15,8,19,20,45,54,43,14,10
3,4,0,0,1,5,4,12,11,10,12,11,11,6,12,24,3,10,11,14,40,23,13,0
0,0,0,3,0,6,1,6,7,9,13,14,13,9,5,11,3,10,6,12,18,16,12,0
0,0,0,4,9,6,0,5,8,9,13,13,13,8,8,9,6,11,5,14,13,11,4,0
0,0,0,0,0,0,0,5,8,13,9,23,13,11,0,12,11,21,13,13,13,12,6,3
0,0,0,0,1,10,12,9,14,14,15,28,9,10,7,12,14,14,44,20,35,14,5,0
1,4,0,0,0,3,10,27,30,25,38,13,9,5,0,20,16,36,14,38,34,32,14,0
4,6,3,0,0,7,14,23,51,51,47,36,12,2,12,21,45,12,31,50,67,22,13,10
1,5,2,2,6,3,9,18,54,61,53,35,11,14,19,12,16,33,21,50,25,25,10,7
0,0,5,8,4,9,11,14,54,58,42,12,13,17,4,2,5,8,15,21,32,10,12,9

0,5,8,3,7,10,8,9,10,13,33,54,46,56,89,103,85,112,121,141,512,75,45,12
18,25,39,72,142,132,115,100,95,50,9,0,0,0,1,25,63,114,111,129,188,116,62,14
53,61,67,86,495,208,144,130,127,117,108,100,100,66,57,51,32,44,64,65,62,15,69,13
29,32,42,54,98,119,115,118,111,112,110,100,93,91,60,13,6,8,14,28,10,23,0,11
5,14,8,51,64,61,47,8,10,0,0,0,0,11,38,30,10,38,23,12,11,0,0,2
9,8,18,42,50,30,55,50,46,13,24,7,30,34,45,31,40,5,5,32,0,0,0,4
9,9,14,42,13,12,10,58,62,61,69,64,61,65,67,50,55,0,0,1,3,8,1,0
0,1,12,52,0,0,0,7,65,70,78,91,72,80,89,93,68,13,55,0,0,9,4,7
1,1,0,0,0,0,5,0,44,69,60,72,64,77,90,82,61,4,0,0,0,0,0,0
0,0,0,0,0,0,0,8,58,89,109,131,118,135,148,116,95,54,13,0,0,0,0,8
0,0,0,0,0,3,0,57,73,104,172,151,131,160,204,205,115,71,14,11,9,0,0,0
0,0,0,0,0,7,12,65,105,164,204,144,133,172,182,190,145,81,48,0,0,0,0,0
0,0,0,0,7,0,17,56,105,139,147,169,166,166,160,152,145,81,52,0,0,0,0,0
0,0,0,0,7,0,13,84,100,119,140,152,162,165,158,139,126,106,100,2,0,0,0,0
0,1,0,0,1,0,8,57,69,76,116,143,140,151,147,133,113,102,82,0,1,0,0,0
0,0,0,0,4,1,8,50,71,70,92,122,134,146,137,119,99,105,54,10,0,0,0,0
4,4,0,10,1,10,10,28,62,74,115,110,137,123,97,88,92,77,70,12,0,0,3,0
7,12,12,13,6,12,24,44,61,89,119,118,117,123,111,124,108,79,55,28,17,9,6,8
0,0,3,5,2,5,11,76,75,119,127,140,139,113,122,132,127,108,84,103,30,6,0,6
0,0,7,3,1,11,51,105,125,113,121,140,187,174,136,125,140,131,132,116,63,10,9,7
4,7,9,8,2,8,57,85,132,109,139,122,166,185,135,127,134,137,123,109,65,14,6,8
0,6,6,7,11,8,49,111,127,139,148,133,120,148,94,119,131,135,133,119,79,35,13,13
0,0,2,10,6,12,47,103,125,144,169,128,97,67,76,114,139,162,128,121,105,33,11,9
0,0,0,0,2,9,100,118,130,142,150,130,106,40,93,113,143,153,136,123,110,38,11,0
0,5,6,2,2,10,75,109,117,137,140,124,105,24,23,109,131,137,136,128,100,27,6,8
5,1,5,6,1,9,64,109,118,129,126,114,101,10,12,103,119,129,127,119,100,56,23,6
0,3,0,3,7,9,39,101,105,116,116,103,64,8,11,84,108,110,108,101,101,7,6,5
1,3,9,3,7,9,50,59,106,111,118,108,53,14,10,14,103,115,109,64,59,12,10,11
0,2,5,5,3,12,55,84,128,137,107,63,53,51,13,36,101,116,157,142,48,13,13,2
10,5,11,7,12,14,44,60,121,168,112,50,45,40,36,39,42,63,142,128,59,14,9,9
7,7,9,13,13,34,41,48,76,73,54,41,29,25,13,18,37,45,63,67,50,25,14,12
0,3,2,2,6,10,10,52,81,69,71,45,21,13,10,13,40,37,44,41,36,16,11,5
11,0,3,1,6,14,13,58,66,56,51,14,20,12,10,11,13,32,31,57,54,37,14,7
5,0,0,0,3,13,21,54,56,50,39,13,22,2,11,20,13,31,42,51,57,51,13,13
0,0,6,0,3,4,12,22,47,27,16,13,14,1,11,15,8,19,20,45,54,43,14,10
3,4,0,0,1,5,4,12,11,10,12,11,11,6,12,24,3,10,11,15,40,23,13,0
0,0,0,3,0,6,1,6,7,9,13,14,13,9,5,11,3,10,6,12,17,16,12,0
0,0,0,5,9,6,0,5,8,9,13,13,12,8,8,9,6,11,5,14,13,11,4,0
0,0,0,0,0,0,0,5,8,13,9,23,13,11,0,12,11,22,13,13,13,12,6,3
0,0,0,0,1,10,13,9,14,14,15,27,9,10,7,12,14,14,43,21,35,14,5,0
0,4,0,1,0,3,11,28,30,25,38,14,9,6,0,19,16,36,14,37,34,32,14,0
4,6,3,0,0,7,14,23,51,51,47,38,12,2,12,21,45,12,33,50,67,23,13,10
1,5,2,2,6,3,9,19,54,61,52,34,11,14,19,12,16,33,21,50,25,25,10,7
0,0,5,8,4,9,11,14,54,58,42,12,13,17,4,2,5,8,15,21,32,10,12,9

0,6,8,3,7,10,8,9,11,13,34,54,47,56,89,103,85,112,121,141,512,75,44,12
19,26,37,72,142,132,114,100,94,50,9,0,0,0,1,24,64,114,112,130,188,116,62,14
53,61,67,87,496,207,144,130,127,117,108,100,100,66,57,51,32,44,64,65,62,15,68,13
30,32,42,54,98,120,115,118,111,112,110,100,92,91,61,13,6,9,14,28,10,25,0,11
5,14,8,51,64,61,48,8,10,0,0,0,0,11,41,31,10,40,24,12,11,0,0,2
9,8,17,42,50,30,54,50,46,13,26,8,32,36,45,32,41,5,5,33,0,0,0,4
9,9,14,42,13,12,10,58,62,61,70,65,62,66,67,51,55,0,0,1,3,8,1,0
0,1,12,52,0,0,0,7,65,70,79,93,73,81,90,94,68,14,56,0,0,9,4,7
1,1,0,0,0,0,5,0,44,69,61,72,64,78,90,83,61,4,0,0,0,0,0,0
0,0,0,0,0,0,0,8,58,90,109,132,119,136,149,117,96,54,13,0,0,0,0,8
0,0,0,0,0,3,0,57,74,105,177,157,130,161,215,211,116,72,14,11,9,0,0,0
0,0,0,0,0,7,12,65,105,168,212,143,132,171,183,195,145,81,48,0,0,0,0,0
0,0,0,0,7,0,17,55,105,140,147,167,163,164,158,153,147,81,52,0,0,0,0,0
0,0,0,0,7,0,13,80,100,119,139,150,159,163,156,139,126,106,100,2,0,0,0,0
0,1,0,0,1,0,7,57,69,76,116,141,139,149,146,132,112,102,82,0,1,0,0,0
0,0,0,0,3,1,8,50,71,70,91,121,133,145,136,118,99,105,54,10,0,0,0,0
4,4,0,9,1,10,10,30,62,74,114,109,136,122,96,88,91,78,70,12,0,0,3,0
7,12,12,13,6,12,24,44,62,89,118,117,115,122,110,123,109,81,55,28,18,9,6,8
0,0,3,5,2,5,11,76,76,120,127,139,138,112,122,132,128,110,84,103,30,7,0,6
0,0,7,3,1,11,51,105,126,113,121,140,187,173,136,125,140,132,132,116,63,10,9,7
4,7,9,8,2,9,58,85,132,109,139,121,166,185,135,127,134,137,123,109,65,14,6,8
0,6,6,8,11,8,49,111,127,139,148,133,120,148,94,119,131,135,133,119,79,35,13,13
0,0,2,10,6,12,48,103,125,144,169,128,98,67,75,114,139,162,128,121,105,33,11,9
0,0,0,0,2,9,100,118,130,142,150,130,106,40,94,113,143,153,136,123,110,39,11,0
0,5,6,2,2,9,75,109,117,137,140,124,105,25,22,109,130,137,136,128,100,26,7,8
5,1,5,5,1,10,64,109,118,129,126,114,101,10,12,103,119,129,127,119,100,55,23,6
0,3,0,3,8,9,39,101,105,116,116,103,64,8,11,84,108,110,108,101,101,7,6,5
1,3,9,3,7,9,50,59,106,111,117,108,53,14,10,14,103,116,109,64,59,12,10,11
0,2,5,5,3,12,55,83,128,137,107,63,53,51,12,36,101,116,157,142,48,13,13,2
10,5,11,7,12,14,43,60,121,168,113,50,45,40,36,39,42,64,142,128,59,14,9,9
7,7,9,13,13,33,41,48,75,73,54,41,30,25,13,18,37,45,63,67,50,26,14,12
0,3,2,2,6,10,10,53,81,69,72,47,25,13,10,14,40,38,44,41,36,16,11,5
11,0,3,1,6,15,13,58,66,56,51,14,20,12,10,11,13,32,31,57,54,38,14,7
5,0,0,0,3,13,21,54,56,51,39,13,20,3,11,21,13,32,43,52,57,51,13,13
0,0,5,0,3,4,12,22,48,27,17,13,14,1,11,15,8,19,20,44,54,43,14,10
3,4,0,0,1,5,4,12,11,10,12,11,11,6,12,24,3,10,11,14,41,23,13,0
0,0,0,3,0,6,2,6,7,9,13,14,13,9,5,11,3,10,6,12,18,16,12,0
0,0,0,5,9,6,0,5,8,9,13,13,13,8,8,9,6,11,6,14,13,11,4,0
0,0,0,0,0,0,0,5,8,13,9,23,13,11,0,12,11,21,13,13,13,12,6,3
0,0,0,0,1,10,13,9,14,14,15,27,9,10,7,12,14,14,43,20,34,14,5,0
1,4,0,1,0,4,10,28,30,25,38,13,9,6,0,20,16,36,14,38,33,32,14,0
4,6,3,0,0,7,14,23,51,51,47,36,12,2,12,21,45,12,32,50,68,22,13,10
1,5,2,2,6,3,9,19,54,61,53,35,11,15,19,12,17,35,21,50,25,25,10,7
0,0,5,8,4,9,11,14,54,58,42,12,13,17,4,2,5,8,15,21,32,10,12,9

0,5,8,3,7,10,8,9,11,13,34,54,50,56,88,103,84,112,121,141,513,76,45,12
20,26,39,72,142,132,114,100,94,50,9,0,0,0,2,24,64,114,112,130,189,116,62,14
53,61,67,87,498,208,144,130,127,117,108,100,100,68,57,51,32,44,64,65,62,14,69,13
30,32,42,54,99,120,115,118,111,112,110,100,93,91,61,13,6,9,14,29,10,26,0,11
5,14,8,51,64,61,48,8,10,0,0,0,0,12,45,32,10,40,23,12,11,0,0,2
9,8,16,42,50,30,55,50,47,14,28,9,34,37,46,32,42,5,5,33,0,0,0,4
9,9,14,42,13,12,10,58,62,62,71,66,62,67,68,52,55,0,0,1,4,8,1,0
0,1,12,52,0,0,0,7,65,70,79,94,73,81,91,94,68,14,56,0,0,9,4,7
2,1,0,0,0,0,5,0,44,70,61,73,65,78,91,83,62,4,0,0,0,0,0,0
0,0,0,0,0,0,0,8,58,90,109,133,119,137,150,118,97,55,14,0,0,0,0,8
0,0,0,0,0,3,0,57,74,106,180,162,130,162,223,214,117,73,15,11,9,0,0,0
0,0,0,0,0,8,12,66,105,170,218,143,132,171,184,199,145,81,49,0,0,0,0,0
0,0,0,0,7,0,17,55,105,142,148,165,161,162,157,154,148,81,52,0,0,0,0,0
0,0,0,0,7,0,13,79,100,119,139,149,157,161,154,138,126,106,100,3,0,0,0,0
0,1,0,0,1,0,7,56,69,76,115,140,138,148,146,132,112,102,82,0,1,0,0,0
0,0,0,0,3,1,8,50,71,70,91,120,132,144,135,118,98,105,54,10,0,0,0,0
4,4,0,9,1,9,10,30,62,74,113,108,135,121,96,87,92,78,71,12,0,0,3,0
7,12,12,13,6,12,24,45,62,90,117,116,114,121,108,122,109,82,55,29,18,9,6,8
0,0,3,5,2,5,11,77,77,120,127,139,137,111,121,132,129,111,85,103,30,7,0,6
0,0,7,3,1,11,51,105,126,113,121,140,186,172,136,125,141,132,132,116,63,10,9,7
4,7,9,8,2,9,58,86,133,109,139,121,166,185,135,127,135,137,123,109,65,14,6,8
0,6,6,8,11,8,49,111,127,139,148,133,120,149,94,119,131,135,133,119,80,35,13,13
0,0,2,10,6,12,48,103,125,144,169,128,97,66,75,114,139,162,128,121,105,33,11,9
0,0,0,0,2,9,100,118,130,142,150,130,106,40,93,114,142,153,136,123,110,39,11,0
0,5,6,2,2,10,75,109,117,137,140,124,105,22,23,109,130,137,136,128,100,27,7,8
5,1,5,5,1,9,64,109,118,129,126,114,101,10,13,104,119,129,127,119,100,55,24,6
0,3,0,3,7,9,40,101,105,116,116,103,65,8,11,84,108,110,108,101,101,7,6,5
1,3,9,3,7,9,50,60,106,111,118,108,52,14,10,14,103,115,109,64,59,12,10,11
0,2,5,5,3,12,55,83,128,137,107,63,53,51,12,37,101,116,157,143,48,13,13,3
10,5,11,7,12,14,44,60,121,167,113,50,45,40,36,39,42,64,142,128,59,14,9,9
7,7,9,13,13,33,41,48,76,73,54,41,29,25,13,18,37,45,63,67,50,25,14,12
0,3,2,2,6,10,10,53,82,69,71,45,22,13,10,13,40,37,44,41,36,16,11,5
11,0,3,1,6,15,13,58,67,57,51,14,19,12,10,11,14,33,31,58,54,38,14,7
5,0,0,0,4,13,20,54,56,50,39,13,22,3,11,21,13,32,43,51,57,51,13,13
0,0,5,0,3,4,12,23,49,26,17,13,14,1,11,16,8,19,19,45,54,43,14,10
3,4,0,0,1,5,4,12,11,10,12,11,11,6,12,25,3,10,11,15,41,23,13,0
0,0,0,3,0,6,2,6,7,9,13,14,13,9,5,11,3,10,6,12,18,16,12,0
0,0,0,5,9,6,0,5,8,9,13,13,12,8,8,9,7,11,5,14,13,11,4,0
0,0,0,1,0,0,0,5,8,13,9,23,13,11,0,12,11,22,13,13,13,12,6,3
0,0,0,0,1,10,13,9,14,14,15,27,9,11,8,12,14,15,43,22,35,14,5,0
1,4,0,1,0,4,11,28,30,25,38,13,9,6,0,19,16,37,14,37,33,32,14,0
4,6,3,0,0,7,14,23,51,51,46,36,12,2,12,21,44,12,31,50,67,22,13,10
1,5,2,3,6,3,9,18,54,61,53,35,11,14,19,12,17,33,21,50,25,25,10,7
0,0,5,9,4,9,11,14,54,58,42,12,13,17,4,2,5,8,15,21,32,10,12,9

0,5,8,3,7,10,8,9,11,13,35,55,50,56,88,103,84,112,121,141,512,76,45,12
18,27,39,72,142,132,114,100,94,50,9,0,0,0,1,24,63,114,112,130,189,116,62,15
53,61,67,87,499,208,144,130,127,117,108,100,100,67,57,51,32,44,64,65,62,14,68,13
30,32,42,54,99,120,115,118,112,112,110,100,93,91,61,13,6,9,14,29,10,25,0,11
5,14,8,51,64,61,48,8,10,0,0,0,0,12,46,33,10,40,24,12,11,0,0,2
9,8,17,41,50,30,55,50,47,14,30,10,35,38,47,33,43,5,5,34,0,0,0,4
9,9,14,41,13,12,10,58,62,62,71,67,63,68,68,52,55,0,0,1,3,8,1,0
0,1,12,52,0,0,0,7,65,70,80,94,74,82,92,95,69,14,57,0,0,9,4,7
2,1,0,0,0,0,5,0,46,70,61,73,66,79,91,84,63,5,0,0,0,0,0,0
0,0,0,0,0,0,0,9,59,91,110,134,120,139,151,118,98,56,14,0,0,0,0,8
0,0,0,0,0,3,0,57,74,107,183,165,130,165,232,216,118,73,19,11,9,0,0,0
0,0,0,0,0,8,12,66,106,173,223,144,131,171,185,205,146,81,49,0,0,0,0,0
0,0,0,0,7,0,18,56,105,143,148,164,160,161,157,155,150,81,52,0,0,0,0,0
0,0,0,0,7,0,13,77,100,119,138,148,156,160,153,138,126,106,100,3,0,0,0,0
0,1,0,0,0,0,6,57,69,76,114,139,137,148,145,131,112,102,82,0,1,0,0,0
0,0,0,0,3,1,8,50,70,70,90,119,131,143,134,117,98,105,55,10,0,0,0,0
4,4,0,9,0,9,10,30,62,74,113,107,135,120,95,87,91,78,71,12,0,0,3,0
7,12,12,13,6,12,24,45,63,90,117,115,113,119,107,122,109,83,55,28,18,9,6,8
0,0,3,5,2,6,11,78,77,121,127,138,136,110,121,131,129,112,86,103,30,7,0,6
0,0,7,3,1,11,51,105,126,114,121,140,186,172,136,126,141,132,133,116,63,10,9,7
4,7,8,8,2,9,58,86,133,109,139,121,166,185,135,127,135,137,123,109,65,14,6,8
0,6,6,8,11,8,49,111,127,139,148,133,120,148,94,120,131,135,133,119,80,35,13,13
0,0,2,10,6,12,48,103,125,144,168,128,97,66,76,114,139,162,128,121,105,33,11,9
0,0,0,0,2,9,100,118,130,142,150,130,106,42,93,113,143,153,136,123,110,39,11,0
0,5,6,2,2,10,75,109,117,137,140,124,105,22,24,109,130,137,136,128,100,27,7,8
5,1,5,5,1,10,64,109,118,129,126,114,101,10,13,104,119,129,127,119,100,56,24,6
0,3,0,3,7,9,40,101,105,116,116,103,64,8,11,84,108,110,108,101,101,7,6,5
1,3,9,3,7,9,50,59,106,111,118,108,53,14,10,14,103,115,109,64,59,12,10,11
0,2,5,5,3,12,56,84,128,137,107,63,53,51,13,38,101,116,157,143,48,13,13,3
10,5,11,7,12,14,44,60,121,167,113,50,45,40,36,39,42,64,142,128,59,14,9,9
7,7,9,13,13,34,41,48,76,73,54,41,30,25,13,18,37,45,63,67,50,25,15,12
0,3,2,2,6,10,10,52,82,70,70,45,21,14,10,13,40,36,44,41,36,16,11,5
11,0,3,1,6,16,13,58,67,57,51,14,18,12,10,11,13,32,31,57,54,38,14,8
5,0,0,0,4,13,21,54,56,51,39,13,21,3,11,21,13,32,43,52,57,51,13,13
0,0,6,0,3,4,12,23,48,26,16,13,14,1,11,16,8,19,20,45,54,43,14,10
3,4,0,0,2,5,4,12,11,10,12,11,11,6,12,25,3,10,11,15,41,23,13,0
0,0,0,3,0,6,2,6,7,9,13,14,13,9,5,11,3,10,6,12,18,16,12,0
0,0,0,5,9,6,0,5,8,9,13,13,13,8,9,9,7,11,5,14,14,11,4,0
0,0,0,1,0,0,0,5,8,13,9,23,13,11,0,12,12,21,13,13,13,12,6,3
0,0,0,0,1,10,12,9,14,14,14,27,9,10,7,12,14,14,43,20,34,14,5,0
1,4,0,1,0,3,11,28,30,25,38,13,9,6,0,20,16,35,14,37,34,30,14,0
4,6,3,0,0,7,14,23,51,51,46,37,12,2,12,21,44,12,32,50,67,22,13,10
1,5,2,2,6,3,9,19,54,61,53,35,11,14,18,12,15,32,22,50,25,25,10,7
0,0,5,9,4,9,11,14,54,58,42,12,13,17,4,2,5,8,15,21,32,10,12,9

0,6,8,3,7,10,8,9,11,13,35,55,48,56,88,102,84,112,121,141,511,76,44,12
19,25,37,72,141,132,114,100,93,50,9,0,0,0,1,23,63,114,112,130,190,116,62,15
53,61,67,87,499,208,144,130,127,117,108,100,100,68,57,51,32,44,64,65,62,14,68,13
30,32,41,54,98,120,115,118,112,112,110,100,93,91,61,13,6,9,14,30,10,25,0,11
5,14,8,51,64,62,48,8,11,0,0,0,0,12,47,35,10,39,25,12,11,0,0,2
9,8,16,41,50,30,55,50,48,14,31,11,37,39,47,34,43,5,5,34,0,0,0,4
9,9,14,40,13,12,10,58,62,62,71,68,63,69,69,53,56,0,0,1,4,8,1,0
0,1,12,52,0,0,0,7,65,70,80,95,74,82,92,96,69,18,57,0,0,9,4,7
2,1,0,0,0,0,5,0,48,70,61,74,66,79,92,85,64,5,0,0,0,0,0,0
0,0,0,0,0,0,0,9,59,91,110,134,121,140,152,119,99,58,14,0,0,0,0,8
0,0,0,0,0,4,0,58,75,109,184,165,132,167,231,220,120,75,24,11,9,0,0,0
0,0,0,0,0,8,12,67,107,176,223,145,133,173,187,207,148,82,50,0,0,0,0,0
0,0,0,0,7,0,19,56,106,143,148,167,162,163,158,156,152,83,53,0,0,0,0,0
0,0,0,0,7,0,13,77,100,119,139,149,157,161,154,138,127,106,100,3,0,0,0,0
0,1,0,0,0,0,6,57,69,76,115,140,138,148,145,132,112,102,83,0,2,0,0,0
0,0,0,0,3,1,7,48,70,70,90,119,131,143,134,118,98,105,55,10,0,0,0,0
4,4,0,9,0,9,9,27,62,74,113,107,135,120,95,87,91,78,70,12,0,0,3,0
7,12,12,13,6,12,23,44,62,89,116,115,113,120,107,121,108,82,55,29,17,9,6,8
0,0,3,5,1,5,11,77,76,119,127,138,136,110,120,131,128,111,85,103,30,6,0,6
0,0,7,3,1,11,51,105,126,113,120,139,185,171,136,125,140,132,132,116,62,10,9,7
4,7,8,8,2,9,57,85,132,109,139,121,165,184,134,127,134,136,123,109,65,14,6,8
0,6,6,7,11,8,49,111,127,139,148,132,120,147,93,119,131,134,132,119,79,35,13,13
0,0,2,10,6,12,48,103,125,143,168,128,96,66,75,113,139,162,128,121,105,33,11,9
0,0,0,0,1,9,100,118,130,142,150,130,106,40,93,113,142,153,136,123,110,39,11,0
0,5,6,2,2,10,76,109,117,137,140,124,105,24,24,109,130,137,136,128,100,26,7,8
5,1,5,5,1,9,64,109,118,129,126,114,101,10,13,103,119,129,127,119,100,56,24,6
0,3,0,3,7,9,39,101,105,116,116,103,65,8,11,85,108,110,108,101,101,7,6,5
1,3,9,3,7,9,50,59,106,112,118,108,52,14,10,14,103,115,109,64,59,12,10,11
0,2,5,5,3,12,55,83,129,137,107,63,53,51,13,36,101,116,157,143,48,13,13,2
10,5,11,7,12,14,46,60,121,168,113,50,44,40,36,39,42,64,143,128,59,14,9,9
7,7,9,13,13,34,41,48,76,73,54,41,30,26,13,18,37,45,63,67,51,26,15,12
0,3,2,2,6,10,10,53,82,70,71,45,20,14,10,13,41,36,44,41,36,16,12,5
11,0,3,1,6,16,13,58,67,57,51,14,20,12,10,11,13,32,31,57,54,38,14,8
5,0,0,0,4,13,21,54,56,51,39,13,22,3,11,22,13,32,43,52,57,52,13,13
0,0,5,0,3,4,12,23,49,27,17,13,14,2,11,16,8,19,21,45,54,43,14,10
3,4,0,0,2,5,4,12,11,10,12,11,11,6,12,25,3,10,11,15,41,23,13,0
0,0,0,3,0,6,2,6,7,9,13,14,13,9,5,12,3,10,6,12,18,17,12,0
0,0,0,5,9,6,0,5,8,9,13,13,12,8,8,9,7,11,5,14,14,11,4,0
0,0,0,1,0,0,0,6,8,13,9,23,13,11,0,13,12,22,13,13,13,12,6,3
0,0,0,0,1,10,13,9,14,14,15,27,9,10,7,12,14,15,43,21,35,14,5,0
1,4,0,1,0,4,11,28,30,25,38,14,9,6,0,20,16,37,14,37,35,32,14,0
4,6,3,0,0,7,14,23,51,51,47,34,12,2,12,21,44,12,31,50,67,22,13,10
1,5,2,3,6,4,9,19,54,61,53,35,11,14,19,12,16,35,21,50,25,25,10,7
0,0,5,9,4,9,11,14,54,58,42,12,13,16,4,2,5,8,15,21,32,10,12,9

0,6,8,3,7,10,8,9,11,13,37,55,48,56,88,102,84,112,121,141,513,77,45,12
19,25,37,72,142,132,114,99,93,50,9,0,0,0,1,23,63,114,112,129,188,116,61,15
53,61,67,87,500,207,144,130,127,117,108,100,100,70,57,51,32,44,64,65,62,14,68,13
30,32,42,54,98,120,115,118,111,112,110,100,92,91,61,13,6,9,14,29,10,25,0,11
5,14,8,51,64,61,48,8,11,0,0,0,0,13,50,33,10,41,24,12,11,0,0,2
9,8,16,41,50,29,55,50,49,14,32,11,38,40,48,34,44,6,5,35,0,0,0,4
9,9,14,39,13,12,10,58,63,62,72,68,64,70,69,55,56,0,0,1,4,8,1,0
0,1,12,52,0,0,0,7,65,71,80,95,75,83,93,97,69,23,58,0,0,9,4,7
2,1,0,0,0,0,5,0,50,70,62,74,66,80,92,86,65,6,0,0,0,0,0,0
0,0,0,0,0,0,0,9,60,91,111,135,121,140,153,119,100,59,17,0,0,0,0,8
0,0,0,0,0,4,0,58,76,111,185,163,133,169,230,222,122,75,30,11,9,0,0,0
0,0,0,0,0,8,12,68,108,178,221,146,134,175,188,206,150,83,51,0,0,0,0,0
0,0,0,0,8,0,20,57,107,144,149,169,164,165,160,157,152,84,54,0,0,0,0,0
0,0,0,0,7,0,14,80,100,119,140,151,159,163,156,139,127,106,100,3,0,0,0,0
0,1,0,0,0,0,6,57,69,76,116,141,139,149,146,132,112,102,83,0,2,0,0,0
0,0,0,0,3,0,7,47,70,70,91,120,132,144,135,118,98,105,54,9,0,0,0,0
4,4,0,9,0,9,9,24,62,74,113,108,135,121,95,87,91,77,70,12,0,0,3,0
7,12,12,13,6,12,22,43,61,88,116,115,113,120,108,121,107,80,54,28,14,9,6,8
0,0,3,5,1,5,11,76,75,118,126,138,136,110,120,130,127,109,85,103,26,6,0,6
0,0,7,3,1,10,51,105,125,113,120,138,184,171,135,125,140,132,132,116,62,10,9,7
4,7,8,8,2,8,58,85,132,109,138,121,165,183,134,126,134,136,123,109,64,14,6,8
0,6,6,7,10,8,49,111,127,139,147,132,119,147,93,118,130,134,132,118,79,35,13,13
0,0,2,10,6,12,47,103,125,143,167,128,95,65,73,113,139,162,128,121,105,33,11,9
0,0,0,0,1,9,100,118,131,142,150,130,106,40,93,113,143,153,136,123,110,39,11,0
0,5,6,2,2,10,76,109,117,137,140,124,105,24,24,109,130,137,136,128,100,27,7,8
5,1,5,5,1,9,66,109,118,129,126,114,101,10,12,103,118,129,127,120,100,55,24,6
0,3,0,3,7,9,39,101,105,116,116,103,64,8,11,84,108,110,108,101,101,7,6,5
1,3,9,3,7,9,50,59,106,112,117,108,52,14,10,14,103,115,109,64,59,12,10,11
0,2,5,5,3,12,55,84,129,137,107,63,53,51,13,37,101,116,154,141,47,13,13,3
10,5,11,7,12,14,44,60,122,166,112,50,44,40,36,39,42,63,142,127,58,14,9,10
7,7,10,13,13,33,41,48,75,73,54,41,30,26,14,19,37,45,63,66,50,25,14,12
0,3,2,2,7,10,10,52,81,68,69,44,22,14,10,14,41,37,44,41,36,16,11,5
11,0,4,1,6,15,13,57,66,56,51,13,21,13,10,11,13,32,30,56,53,37,14,7
5,0,0,0,4,13,23,54,55,50,37,12,22,3,11,23,13,31,41,51,56,51,13,13
0,0,6,0,4,3,12,21,44,24,17,13,14,2,11,16,8,21,18,42,53,41,14,10
3,4,0,0,2,5,4,11,10,10,12,11,12,7,12,25,3,11,11,14,36,22,13,0
0,0,0,4,0,6,1,6,6,9,13,14,13,9,5,12,4,11,7,12,17,14,12,0
0,0,0,5,9,6,0,5,8,9,13,13,13,8,9,10,7,12,6,14,13,11,4,0
0,0,0,1,0,0,0,5,8,13,9,23,13,11,0,13,12,22,13,13,13,11,5,3
0,0,0,0,1,10,12,8,13,14,14,25,9,10,7,13,14,15,42,19,29,14,5,0
1,4,0,2,0,3,10,25,29,23,34,13,10,7,0,20,17,36,14,34,28,26,14,0
4,6,3,0,0,7,14,19,50,50,44,32,12,5,12,21,43,12,25,46,63,21,13,10
1,6,2,3,6,3,9,14,53,59,52,31,10,14,19,12,15,30,15,47,24,24,10,6
0,0,5,9,4,8,11,14,53,57,38,12,13,16,4,2,5,7,15,21,29,9,12,9

0,5,7,2,0,8,8,10,10,13,47,63,50,54,79,94,75,106,112,115,213,75,33,11
13,13,14,66,123,110,102,72,68,23,10,1,0,0,0,19,56,109,106,110,124,108,40,12
31,51,58,77,170,137,128,122,120,113,107,98,101,83,54,50,27,36,54,56,52,9,20,12
16,27,36,47,66,111,109,114,106,108,108,102,97,100,63,12,5,6,13,16,4,5,0,6
4,12,11,32,57,47,23,5,10,0,0,0,0,47,57,46,13,38,23,11,9,0,0,2
10,8,12,28,30,17,50,46,46,12,35,26,44,45,55,44,50,6,6,36,2,0,0,4
8,10,12,22,10,12,11,56,62,62,72,68,66,83,82,70,60,4,1,3,3,11,2,1
0,0,8,40,0,0,0,9,64,72,87,104,85,102,111,109,75,54,64,0,0,11,4,2
2,0,0,0,0,0,6,2,52,73,67,83,79,102,111,102,82,11,0,0,0,0,0,0
0,0,0,0,0,0,0,14,71,99,123,156,150,192,183,139,119,76,51,2,0,0,0,8
6,5,0,0,0,4,11,63,85,130,209,211,166,253,333,265,146,87,53,12,6,0,0,0
0,0,0,0,0,11,14,73,113,193,249,187,156,229,245,253,169,99,56,0,0,0,0,0
0,0,0,0,6,0,20,61,110,150,168,200,189,197,192,177,161,91,59,0,0,0,0,0
3,0,0,0,0,0,26,78,100,120,146,171,179,190,180,147,131,107,102,6,0,0,0,0
0,0,0,0,0,0,7,61,68,76,121,158,146,171,164,138,114,103,85,0,0,0,0,0
0,0,0,0,1,2,6,48,71,71,98,136,142,165,152,127,103,106,57,10,0,0,0,0
3,3,0,10,1,10,9,29,62,76,125,127,150,138,114,97,97,82,74,12,0,0,1,0
7,11,12,13,7,13,24,44,62,94,135,140,145,146,135,145,127,93,57,27,15,9,6,8
0,0,2,3,1,7,11,78,78,124,137,155,154,127,136,143,143,125,96,104,19,8,0,7
0,1,9,3,0,11,51,106,129,116,126,148,201,190,145,135,152,141,141,119,63,10,9,8
4,6,9,8,2,9,57,85,135,112,143,124,177,195,139,132,140,142,130,112,64,15,7,9
0,4,6,7,11,8,49,111,128,142,152,135,123,154,98,123,137,142,141,123,82,35,13,12
1,0,3,10,4,12,44,103,126,146,171,127,96,67,71,114,142,171,134,125,105,34,11,9
0,0,0,0,1,9,100,119,132,143,152,130,105,35,84,112,144,160,139,125,110,43,11,0
0,4,6,2,2,9,70,109,117,137,140,122,103,20,14,106,129,138,137,130,100,28,7,8
5,1,4,7,3,10,58,108,118,129,126,112,100,10,11,100,116,128,127,119,100,55,27,9
0,3,0,3,7,8,24,100,105,115,115,102,58,9,10,50,106,109,107,101,100,8,6,6
2,3,9,2,6,8,25,57,104,110,116,107,52,14,10,12,101,113,107,62,56,13,11,10
0,3,5,4,4,12,50,78,121,127,103,60,52,42,12,22,100,114,136,120,41,14,14,3
10,6,11,7,12,13,16,57,115,143,103,48,41,36,31,34,39,61,118,110,53,11,6,10
7,8,10,14,12,29,34,44,69,68,52,38,26,21,13,19,34,41,60,63,45,19,12,10
0,3,2,3,7,9,9,50,71,65,66,33,14,13,10,13,28,28,41,41,35,14,10,3
11,0,4,1,6,13,11,54,61,55,49,13,14,11,9,9,13,29,28,56,53,38,14,7
5,0,0,1,4,11,14,51,53,48,34,11,16,2,11,15,12,29,36,51,57,52,13,13
0,0,6,0,3,3,11,13,34,19,14,13,13,2,11,15,7,14,16,40,54,44,14,10
3,5,0,0,2,5,2,9,8,8,11,10,10,7,13,21,3,10,10,14,38,23,13,0
0,0,0,5,0,7,1,5,5,9,12,13,12,9,6,11,3,9,7,12,18,17,12,0
0,0,0,6,9,6,0,4,7,7,12,13,12,8,11,10,6,9,6,14,13,11,4,0
0,0,0,2,0,0,0,4,8,13,8,19,12,11,1,12,11,17,13,13,13,12,6,2
0,0,0,0,2,10,12,9,14,14,14,24,10,11,7,12,12,14,40,17,30,14,5,0
1,5,0,2,0,3,10,27,29,23,36,13,9,7,0,14,14,30,14,33,34,30,14,0
4,6,2,0,0,7,14,20,51,51,45,33,12,3,12,20,41,12,25,50,69,23,13,10
1,5,2,2,6,3,8,15,53,62,52,34,11,14,19,11,14,31,17,50,24,25,10,6
0,0,5,8,3,9,11,14,53,58,43,12,13,17,4,2,5,7,14,20,29,10,12,9

2,12,16,71,99,57,50,13,11,12,18,57,20,20,43,40,50,57,82,72,67,11,14,9
14,26,50,119,113,104,105,92,99,50,12,0,0,0,0,5,13,9,1,14,61,14,2,10
14,24,51,55,101,106,107,110,109,110,105,95,101,103,38,11,24,33,9,8,10,4,8,1
11,16,29,24,44,72,55,89,59,75,100,95,93,97,54,7,4,17,9,11,0,0,0,5
0,9,4,25,47,13,13,0,11,0,0,11,30,69,61,67,7,14,18,10,3,0,0,0
4,3,9,14,12,9,47,47,51,25,60,62,68,82,79,65,60,7,4,34,2,0,0,4
7,8,8,15,10,6,10,56,63,76,105,119,106,131,120,123,74,12,5,3,4,12,1,0
0,0,1,36,0,3,4,14,67,89,111,126,102,120,126,127,90,65,72,1,0,10,3,4
0,0,0,0,0,0,14,8,57,76,71,94,93,120,131,111,91,53,0,0,0,0,0,0
0,0,0,0,0,0,0,24,78,97,120,153,146,172,169,138,125,90,54,3,0,0,0,9
2,0,0,0,0,5,8,62,81,117,183,201,170,252,294,216,139,93,50,13,11,0,0,0
0,0,0,0,0,10,18,70,109,180,245,175,146,199,247,257,155,91,55,0,0,0,0,0
0,0,0,0,11,0,14,62,109,144,156,180,174,176,172,169,150,87,58,0,0,0,0,0
1,0,0,0,7,0,15,84,100,120,142,157,164,170,163,142,129,108,102,7,0,0,0,0
0,2,0,0,0,0,7,60,69,77,118,146,141,153,149,134,113,103,86,1,0,0,0,0
0,0,0,0,4,1,7,45,71,70,94,126,136,148,139,120,100,105,55,8,0,0,0,0
4,4,0,10,1,9,9,21,62,74,115,112,138,124,99,89,92,77,69,12,0,0,2,0
7,12,12,13,6,12,21,42,60,86,119,121,121,126,114,125,107,76,53,28,16,9,6,8
0,0,4,5,1,6,11,75,73,116,126,140,138,112,122,131,124,106,83,103,27,8,0,6
0,1,8,3,1,10,50,104,123,111,118,137,181,168,134,123,137,130,131,115,61,10,9,7
4,7,9,8,2,8,55,84,129,107,137,119,160,180,132,126,132,135,121,108,63,14,6,8
0,6,6,8,10,8,48,110,126,139,147,131,116,143,91,118,130,133,130,117,77,35,13,13
0,0,2,9,5,12,46,103,125,143,167,127,94,63,71,112,138,160,127,120,104,33,11,9
0,0,0,0,1,8,100,118,130,141,149,130,105,31,93,113,142,152,135,122,109,39,11,0
0,5,6,2,1,9,72,109,116,136,139,123,105,17,30,109,130,136,135,127,98,27,7,8
6,1,6,5,0,9,59,109,117,129,126,114,101,10,12,103,118,128,126,119,100,55,24,7
0,3,0,3,7,9,33,101,105,116,116,103,64,8,12,84,107,110,107,101,101,7,7,6
1,4,10,3,8,10,43,58,105,111,117,108,53,14,10,16,103,115,109,63,57,11,10,11
0,2,5,5,4,12,56,85,131,141,107,64,54,52,13,37,101,117,161,143,45,12,12,2
10,5,11,7,12,14,44,60,120,162,109,50,44,40,36,39,42,64,138,123,57,14,9,9
7,7,9,13,12,33,40,47,74,72,54,41,29,24,12,16,37,44,62,66,50,25,15,12
0,3,2,2,6,10,9,52,79,69,71,45,21,13,9,13,36,35,44,42,36,15,11,4
11,0,3,1,6,14,12,57,66,57,52,21,19,12,8,10,13,31,31,58,54,37,14,8
5,0,0,0,4,13,19,53,55,51,42,13,20,3,10,16,13,31,42,52,57,51,13,13
0,0,6,0,3,4,12,19,45,29,17,13,14,1,11,15,8,18,19,45,54,42,14,10
3,5,0,0,2,5,4,11,10,10,12,11,11,6,12,23,2,9,10,15,42,23,13,0
0,0,0,4,0,6,1,5,6,9,13,14,12,9,5,11,2,9,6,12,18,16,12,0
0,0,0,6,9,6,0,5,8,9,13,13,12,8,9,9,6,10,5,14,13,11,4,0
0,0,0,1,0,0,0,5,8,13,9,22,13,11,0,12,11,20,13,13,13,12,6,2
0,0,0,0,1,10,12,9,14,14,15,25,9,10,7,12,13,14,42,19,34,14,5,0
1,4,0,2,0,4,11,28,30,25,36,13,9,6,0,15,15,34,14,34,35,30,14,0
4,6,3,0,0,7,14,23,51,51,46,34,12,2,12,20,42,12,29,50,70,23,13,10
1,5,2,2,6,3,8,17,53,62,52,35,11,14,19,12,15,32,20,50,25,25,10,7
0,0,5,8,4,9,11,14,54,58,42,13,13,17,4,2,5,7,15,20,31,10,12,9

5,13,29,114,117,56,50,14,12,13,22,59,26,14,42,39,50,58,89,79,76,13,14,9
14,35,53,133,112,107,106,94,100,51,11,0,0,0,0,2,14,10,1,23,64,39,3,12
14,37,50,57,105,107,107,108,106,107,102,88,101,103,29,11,26,33,11,10,11,6,9,3
12,21,29,31,37,69,56,89,57,71,96,88,92,94,51,10,6,19,9,12,1,0,0,6
0,9,4,37,51,14,29,3,13,0,5,14,55,71,63,64,7,13,20,12,6,0,0,0
3,3,10,25,14,13,51,50,53,34,64,63,71,82,77,65,60,7,4,35,2,0,0,4
6,7,9,27,12,11,11,58,64,77,105,121,112,136,128,126,74,13,5,3,4,11,1,0
0,0,4,41,0,5,5,14,68,90,111,124,101,121,126,126,90,65,72,1,0,10,3,4
0,0,0,0,0,0,14,8,57,77,74,96,97,130,129,114,89,51,0,0,0,0,0,0
0,0,0,0,0,0,0,23,75,93,116,145,149,172,167,133,119,89,54,3,0,0,0,9
0,0,0,0,0,5,6,62,79,108,166,191,176,269,281,200,131,88,43,13,11,0,0,0
0,0,0,0,0,9,15,70,108,174,242,173,145,202,262,261,151,88,54,0,0,0,0,0
0,0,0,0,10,0,14,61,109,145,155,175,171,172,169,170,146,82,55,0,0,0,0,0
0,0,0,0,6,0,14,85,101,120,141,154,161,166,159,141,129,107,101,7,0,0,0,0
0,1,0,0,0,0,7,61,69,77,117,144,140,150,147,133,113,103,84,1,0,0,0,0
0,0,0,0,4,1,7,50,71,70,93,124,135,147,137,119,99,105,55,9,0,0,0,0
4,4,0,10,0,9,9,28,62,74,114,110,137,122,97,88,91,77,70,12,0,0,2,0
7,12,12,13,6,12,21,43,61,87,118,119,117,123,111,122,106,77,54,28,17,9,5,8
0,0,3,5,1,5,11,76,74,116,125,139,136,110,120,130,124,106,83,103,29,8,0,6
0,0,8,3,1,10,50,104,123,111,118,137,179,166,133,123,137,129,130,115,61,10,8,7
4,7,8,7,2,8,56,84,129,107,137,118,159,179,132,125,132,135,121,108,64,14,6,8
0,6,6,8,10,8,48,110,126,138,146,130,116,142,91,117,129,133,130,117,77,35,13,13
0,0,2,9,5,12,47,103,125,143,167,127,93,62,70,112,138,160,126,120,104,34,11,9
0,0,0,0,0,8,100,118,130,141,149,130,106,31,91,113,142,151,135,122,109,38,11,0
0,5,6,2,1,9,73,109,116,136,139,123,105,18,31,109,130,136,135,127,98,27,7,8
5,1,6,4,0,9,60,109,117,129,126,114,101,10,12,103,118,128,126,119,100,55,24,7
0,3,0,3,7,9,35,101,105,115,116,103,67,8,12,89,107,110,108,101,101,7,7,6
1,4,10,3,8,10,44,59,105,111,117,108,53,14,11,17,103,115,109,63,57,11,10,11
0,2,5,5,4,12,57,85,131,142,107,64,54,52,13,37,101,117,164,144,46,12,12,2
10,5,11,7,12,14,46,60,120,163,109,50,44,40,36,39,42,64,138,123,57,14,9,9
7,7,9,13,13,34,40,47,74,72,54,41,29,25,13,17,37,44,62,66,50,25,16,12
0,3,2,2,6,10,9,52,79,70,72,47,24,14,10,13,36,36,44,42,36,15,11,5
11,0,3,1,6,14,12,57,66,57,52,23,20,12,9,10,13,32,31,58,54,37,14,8
5,0,0,0,4,13,21,53,55,51,42,14,22,3,11,17,13,31,43,52,57,51,13,13
0,0,5,0,4,4,12,20,46,29,18,13,14,2,11,15,8,19,21,45,55,42,14,10
3,5,0,0,2,5,3,11,11,10,12,11,11,6,12,23,2,10,10,15,42,23,13,0
0,0,0,5,0,6,2,6,7,9,13,14,13,9,5,11,2,9,6,12,18,15,12,0
0,0,0,5,9,6,0,5,8,9,13,13,12,8,9,9,6,11,5,14,13,11,4,0
0,0,0,1,0,0,0,6,8,13,9,22,13,11,0,12,11,20,13,13,13,12,6,3
0,0,0,0,1,10,13,9,15,14,15,27,10,10,7,12,13,14,44,18,34,14,5,0
1,4,0,2,0,4,11,29,30,26,37,13,9,6,0,15,15,35,14,36,35,32,14,0
4,6,3,0,0,7,14,23,51,51,47,36,12,3,12,20,43,12,29,50,70,23,13,10
1,5,2,2,6,3,8,18,53,63,53,35,11,15,19,12,16,32,22,50,25,25,10,7
0,0,5,8,4,9,11,14,54,58,44,13,13,17,4,2,5,7,15,21,31,10,12,9

7,13,29,115,117,56,50,15,13,14,25,60,36,14,43,41,50,55,86,79,78,14,14,9
15,36,53,134,112,107,107,95,101,51,11,1,0,0,0,2,14,10,1,24,65,48,4,12
14,40,50,57,106,108,107,108,106,107,102,88,101,103,30,12,27,34,13,11,12,7,10,3
12,21,30,32,38,68,57,89,59,71,95,89,93,94,52,11,7,20,9,13,2,1,0,6
0,9,4,38,52,14,34,5,14,0,7,23,56,71,64,64,8,13,21,12,8,0,0,1
4,3,10,26,16,13,51,51,54,36,65,63,72,81,77,65,61,8,5,36,2,0,0,4
6,7,9,28,12,11,11,58,64,77,105,121,112,136,130,126,75,14,5,3,4,11,1,0
0,0,4,45,0,6,6,16,68,91,112,124,101,122,127,127,90,65,73,1,0,10,3,4
0,0,0,0,0,0,14,8,57,78,75,97,98,133,130,116,90,52,0,0,0,0,0,0
0,0,0,0,0,0,0,23,74,93,117,147,150,174,170,133,119,90,54,3,0,0,0,9
0,0,0,0,0,5,5,61,79,106,165,193,179,276,282,198,130,87,40,13,11,0,0,0
0,0,0,0,0,9,15,69,107,172,243,173,145,204,271,262,149,86,53,0,0,0,0,0
0,0,0,0,10,0,13,61,109,146,156,172,168,170,167,172,145,80,55,0,0,0,0,0
0,0,0,0,6,0,14,84,101,120,140,151,158,163,157,140,130,107,101,7,0,0,0,0
0,0,0,0,0,0,7,61,69,76,116,142,139,148,145,132,113,103,84,1,0,0,0,0
0,0,0,0,3,1,7,50,71,70,92,122,134,145,136,118,98,105,55,10,0,0,0,0
3,4,0,10,0,9,9,31,62,74,113,108,135,121,96,87,91,77,70,12,0,0,2,0
7,12,12,13,6,12,21,44,62,87,116,117,115,121,108,121,107,79,54,28,18,9,5,8
0,0,3,5,1,5,11,76,74,117,125,138,135,109,119,129,125,107,83,103,30,8,0,6
0,0,7,3,1,10,50,104,123,111,118,136,179,164,133,123,137,130,131,115,61,10,8,7
4,7,8,7,2,8,56,84,129,107,137,118,159,179,132,125,132,135,121,108,64,14,6,8
0,6,6,7,10,8,48,110,126,138,146,130,115,141,91,118,129,133,130,117,78,35,13,13
0,0,1,9,5,12,47,103,124,143,167,127,92,62,70,112,138,159,126,120,104,34,11,9
0,0,0,0,0,8,100,118,130,141,149,130,106,31,93,113,142,151,135,122,109,39,11,0
0,5,5,2,1,9,73,109,116,136,139,123,105,18,30,109,130,136,135,127,98,27,7,8
5,1,6,4,0,9,62,109,117,129,126,114,101,10,12,103,118,128,126,119,100,56,24,7
0,3,0,3,7,9,36,101,105,115,116,103,65,8,12,85,108,110,107,101,101,7,7,6
1,4,10,3,8,10,47,59,105,111,117,108,53,14,11,18,103,115,109,63,57,10,10,11
0,2,5,6,4,12,57,85,131,141,108,64,54,53,13,39,101,117,165,144,46,12,12,2
10,5,11,7,12,14,47,60,119,163,111,50,45,41,36,39,42,64,137,123,57,14,9,9
7,7,9,13,12,34,40,48,75,72,54,41,29,26,13,18,37,44,62,66,50,25,16,12
0,3,2,2,6,10,10,52,81,70,70,46,21,14,10,13,39,36,44,42,36,15,11,5
11,0,3,1,6,14,13,58,67,57,52,18,20,12,9,11,13,32,32,58,54,37,14,8
5,0,0,0,4,13,20,54,56,51,41,13,22,3,11,19,13,31,43,52,57,51,13,13
0,0,6,0,4,5,12,22,47,29,17,13,14,2,11,15,8,19,20,45,55,42,14,10
3,5,0,0,2,5,4,11,11,10,12,11,11,7,12,24,2,10,10,15,42,23,13,0
0,0,0,5,0,6,2,6,7,9,13,14,13,9,5,11,2,9,6,12,18,16,12,0
0,0,0,5,9,6,0,5,8,9,13,13,12,8,9,9,7,11,6,14,13,11,4,0
0,0,0,1,0,0,0,6,8,13,9,22,13,11,0,12,11,20,13,13,13,12,6,3
0,0,0,0,1,10,13,9,14,14,14,26,9,10,7,12,13,14,42,19,34,14,5,0
1,4,0,2,0,4,11,29,30,25,36,13,9,6,0,15,15,35,14,36,35,32,14,0
4,6,3,0,0,7,14,23,51,51,46,34,12,3,12,20,43,12,31,50,70,23,13,10
1,5,2,2,6,3,8,18,53,62,53,35,11,14,19,12,17,32,22,50,25,25,10,7
0,0,5,8,4,9,11,14,54,58,42,12,13,17,4,2,5,7,15,21,31,10,12,9

8,13,30,116,118,55,50,15,13,14,37,66,50,17,48,45,51,58,89,80,79,15,14,9
15,36,53,135,112,107,107,95,100,51,12,4,0,0,0,3,14,11,2,29,66,50,4,12
14,40,51,57,106,108,107,108,106,107,102,88,101,103,26,12,26,34,13,12,12,7,10,3
12,22,30,33,40,67,57,88,59,70,95,89,93,93,52,11,7,21,9,13,2,1,0,6
0,9,4,39,52,14,34,5,14,0,7,27,57,71,63,64,8,13,21,13,8,0,0,1
4,3,10,27,18,13,52,51,54,37,65,63,71,79,76,64,61,8,5,36,3,0,0,4
6,7,10,29,12,11,11,58,64,77,104,120,110,134,128,124,75,14,6,3,4,11,1,0
0,0,4,45,0,6,6,16,68,91,112,123,100,120,126,126,90,66,73,1,0,10,3,4
0,0,0,0,0,0,14,8,57,78,75,96,97,132,129,116,90,52,0,0,0,0,0,0
0,0,0,0,0,0,0,22,74,92,117,146,149,172,168,132,118,90,54,3,0,0,0,9
0,0,0,0,0,5,5,62,79,107,165,190,177,271,279,198,131,88,43,13,11,0,0,0
0,0,0,0,0,9,15,70,108,175,242,172,145,203,270,265,152,88,54,0,0,0,0,0
0,0,0,0,10,0,13,62,110,146,155,173,169,171,168,172,146,81,55,0,0,0,0,0
0,0,0,0,6,0,14,87,101,120,141,153,159,164,158,141,130,107,101,7,0,0,0,0
0,0,0,0,0,0,7,61,69,76,116,143,139,149,146,132,113,103,85,1,0,0,0,0
0,0,0,0,3,0,7,50,71,70,92,122,134,145,135,118,98,104,55,10,0,0,0,0
3,4,0,9,0,9,9,28,62,74,113,108,135,121,96,87,91,77,70,12,0,0,2,0
7,12,12,13,6,12,21,43,61,87,116,117,115,121,108,120,106,78,54,28,17,9,5,8
0,0,3,5,1,5,11,76,74,116,125,137,135,108,118,129,124,106,83,103,30,8,0,6
0,0,7,3,1,10,50,104,123,111,117,136,177,164,132,122,136,129,130,115,61,10,8,7
4,7,8,7,2,8,56,84,129,107,136,118,158,178,131,125,131,134,120,108,64,14,6,8
0,6,6,7,10,8,48,110,126,138,146,130,115,141,90,117,129,132,129,117,77,35,13,13
0,0,1,9,5,12,47,103,124,142,166,127,91,61,71,112,137,159,126,120,104,33,11,9
0,0,0,0,0,8,100,118,130,141,149,130,106,31,93,113,141,151,135,122,109,39,11,0
0,5,5,2,1,8,73,109,116,136,139,123,105,18,33,109,130,136,135,127,98,26,7,8
5,1,6,4,0,9,62,109,117,129,126,114,101,10,12,103,118,128,126,119,100,56,24,7
0,3,0,3,7,9,36,101,105,115,116,103,65,8,12,87,108,110,107,101,101,7,7,6
1,4,10,3,8,10,47,59,105,111,117,108,53,14,11,19,103,115,109,63,57,10,10,11
0,2,5,5,4,13,57,85,131,142,108,64,54,52,13,39,101,117,165,145,46,12,12,2
10,5,11,7,12,14,50,60,120,166,111,50,45,41,37,39,42,64,140,125,57,14,9,9
7,7,10,13,13,34,41,48,75,73,54,41,30,26,13,19,37,45,63,66,50,26,16,12
0,3,2,2,6,10,10,52,80,70,71,47,22,14,10,13,39,36,44,42,36,16,11,5
11,0,3,1,6,14,13,57,66,57,52,20,19,12,9,11,13,33,32,58,54,37,14,8
5,0,0,0,4,13,20,54,56,51,42,13,22,3,11,18,13,32,44,52,57,51,13,13
0,0,6,0,3,4,12,21,48,28,18,13,14,2,11,15,8,19,21,46,55,42,14,10
3,4,0,0,2,5,4,12,11,10,12,11,11,7,12,24,2,10,11,16,43,23,13,0
0,0,0,4,0,6,2,6,7,9,14,14,13,9,5,11,3,9,6,13,18,16,12,0
0,0,0,5,9,6,0,5,8,9,13,13,13,8,9,9,7,11,6,14,14,11,4,0
0,0,0,1,0,0,0,6,8,13,9,23,13,11,0,12,12,21,13,13,13,12,6,3
0,0,0,0,1,10,13,9,14,15,15,27,9,10,7,12,14,14,42,20,34,14,5,0
1,4,0,1,0,4,11,29,30,26,38,13,9,6,0,16,15,36,14,37,35,30,14,0
4,6,3,0,0,7,14,23,51,51,48,36,12,2,12,20,43,12,31,50,70,23,13,10
1,5,2,2,6,4,9,20,53,62,53,35,11,15,19,12,16,35,22,50,25,25,10,7
0,0,5,9,4,9,11,14,55,59,44,13,13,17,4,2,5,8,15,21,32,10,12,9

9,14,31,118,121,56,50,17,14,14,40,68,51,24,49,47,51,58,91,81,79,18,14,9
17,37,53,135,113,108,107,96,101,51,13,5,0,0,0,4,14,11,2,32,66,51,4,12
14,40,51,58,106,108,107,108,106,107,102,89,101,103,26,12,26,34,13,12,12,8,11,4
13,22,31,34,40,67,57,86,59,69,94,88,93,93,52,11,7,21,9,13,2,2,0,6
0,10,5,39,53,14,35,5,14,0,7,18,55,71,64,65,9,13,21,13,8,0,0,1
4,4,11,29,21,13,51,50,54,37,65,62,71,79,78,66,62,9,5,36,3,0,0,5
6,7,10,30,13,12,11,58,64,78,104,119,110,134,128,126,76,14,6,3,4,11,1,0
0,0,6,45,0,6,5,14,68,90,110,121,99,119,126,127,91,66,73,1,0,9,3,4
0,0,0,0,0,0,14,8,57,76,72,93,96,128,128,115,91,53,0,0,0,0,0,0
0,0,0,0,0,0,0,20,74,92,114,144,146,168,165,132,119,90,54,3,0,0,0,9
0,0,0,0,0,4,5,61,79,107,163,182,169,250,271,197,130,90,47,12,11,0,0,0
0,0,0,0,0,9,16,71,109,176,234,170,146,200,251,262,155,89,54,0,0,0,0,0
0,0,0,0,10,0,14,62,110,144,155,178,174,174,170,169,146,83,56,0,0,0,0,0
0,0,0,0,6,0,14,87,101,120,142,157,164,168,161,142,129,107,102,7,0,0,0,0
0,0,0,0,0,0,7,61,70,77,118,145,141,151,148,134,113,103,85,1,0,0,0,0
0,0,0,0,3,1,7,50,71,71,93,125,136,147,137,120,99,104,54,9,0,0,0,0
3,4,0,10,0,9,9,23,62,74,115,111,137,122,97,87,91,77,68,11,0,0,2,0
7,12,12,13,6,12,20,42,60,85,117,119,117,123,110,121,104,75,53,27,16,9,5,8
0,0,3,5,1,5,11,74,72,114,124,138,136,109,119,129,122,103,81,102,29,7,0,6
0,0,7,2,1,9,50,104,122,110,117,135,177,164,132,122,135,128,130,115,61,9,8,7
4,7,8,7,2,7,55,83,128,106,135,117,157,177,131,124,131,134,120,107,62,14,6,8
0,6,6,7,10,7,48,110,126,137,145,129,114,140,89,117,128,132,129,116,76,35,13,13
0,0,1,9,6,12,47,103,124,142,166,126,91,61,70,112,137,159,125,119,104,33,11,9
0,0,0,0,0,8,100,118,130,141,149,130,106,31,93,113,141,151,135,122,109,36,11,0
0,5,5,2,1,8,72,109,116,136,139,123,105,20,33,109,130,136,135,126,98,26,7,8
6,1,6,4,0,9,62,109,117,129,126,114,101,10,12,103,118,128,126,119,100,55,24,6
0,3,0,3,7,9,36,101,105,115,116,103,65,8,12,89,108,110,107,101,101,7,7,6
1,4,10,3,8,10,47,59,105,111,118,108,53,14,11,22,103,115,109,63,58,10,10,11
0,2,6,5,4,13,57,85,131,142,108,64,54,53,13,39,101,117,164,145,47,12,12,2
10,5,11,7,12,14,47,60,121,166,111,50,46,41,36,39,43,64,141,125,57,14,9,9
7,7,9,13,13,34,41,47,75,73,54,41,29,26,13,19,37,44,63,66,50,26,17,12
0,3,2,2,6,10,10,52,81,70,72,47,22,14,10,14,39,36,44,42,36,16,11,5
11,0,3,1,6,14,13,57,67,58,52,20,21,12,9,11,14,32,32,58,54,37,14,8
5,0,0,0,4,13,20,54,56,51,43,13,22,3,11,19,13,32,44,52,57,51,13,13
0,0,6,0,4,4,12,22,48,30,18,13,14,2,11,15,8,19,21,47,55,42,14,10
3,4,0,0,2,5,4,12,11,10,12,11,11,7,12,24,3,10,11,16,43,23,13,0
0,0,0,4,0,6,2,6,7,9,13,14,13,9,5,11,3,10,7,13,18,16,12,0
0,0,0,5,9,6,0,6,8,9,13,13,12,8,9,9,7,11,6,14,14,11,4,0
0,0,0,1,0,0,0,6,9,13,9,23,13,11,0,12,11,21,13,13,13,12,6,3
0,0,0,0,1,10,13,9,14,15,15,27,9,10,7,12,14,14,43,20,34,14,5,0
1,5,0,2,0,4,11,30,30,26,37,13,9,6,0,15,15,36,14,37,36,32,14,0
4,6,3,0,0,7,14,23,51,51,47,34,12,3,12,20,42,12,31,50,70,23,13,10
1,5,2,3,6,4,8,19,53,62,53,35,11,14,19,12,15,35,22,50,25,25,10,7
0,0,5,9,4,9,11,14,54,58,43,12,13,17,4,2,5,8,15,21,32,10,12,9

9,14,31,117,120,55,50,18,14,15,47,71,53,35,51,50,52,60,92,82,79,20,14,9
15,37,53,135,113,108,107,95,101,51,14,7,0,0,0,5,14,12,3,36,66,52,4,12
14,41,51,58,106,108,107,108,106,106,102,89,101,103,26,12,26,35,13,12,12,8,11,4
13,23,30,34,40,66,58,85,60,68,94,87,92,92,52,11,7,22,9,13,2,2,0,6
0,10,5,39,53,14,36,5,14,0,8,28,56,71,63,64,8,13,22,13,8,0,0,1
4,3,11,27,19,13,52,51,55,37,65,62,70,77,75,65,62,8,5,36,3,0,0,5
6,7,10,30,13,12,11,58,64,77,104,119,109,132,126,123,75,14,6,3,4,12,1,0
0,0,6,45,0,6,5,14,68,90,111,122,99,119,124,125,90,66,73,1,0,9,4,4
0,0,0,0,0,0,14,8,57,77,73,95,96,130,129,115,90,53,0,0,0,0,0,0
0,0,0,0,0,0,0,22,74,92,116,146,149,172,168,133,119,90,54,3,0,0,0,9
0,0,0,0,0,5,5,62,79,107,165,188,175,262,276,198,130,89,47,13,11,0,0,0
0,0,0,0,0,9,17,70,108,176,239,171,145,200,262,265,153,88,54,0,0,0,0,0
0,0,0,0,10,0,14,62,110,145,155,175,172,172,169,171,145,81,56,0,0,0,0,0
0,0,0,0,6,0,14,86,101,120,141,154,162,167,160,141,130,107,102,7,0,0,0,0
0,0,0,0,0,0,7,61,70,77,117,144,140,150,147,133,113,103,85,1,0,0,0,0
0,0,0,0,3,1,7,50,71,70,93,124,135,146,137,119,99,104,54,9,0,0,0,0
3,4,0,9,0,9,9,26,62,74,114,110,136,121,97,87,91,77,69,11,0,0,2,0
7,12,12,12,6,12,20,43,60,86,117,118,116,122,109,121,105,76,53,28,17,9,5,8
0,0,3,5,1,5,11,75,73,115,124,138,135,109,119,129,122,104,82,102,29,7,0,6
0,0,7,2,1,9,50,104,122,110,117,135,177,163,132,122,135,128,130,115,60,10,8,7
4,7,8,7,2,7,55,84,128,106,136,117,157,177,131,124,131,134,120,107,63,14,6,8
0,6,6,7,10,7,48,110,126,137,145,129,114,140,89,117,128,132,129,116,76,35,13,13
0,0,1,9,6,11,47,103,124,142,166,126,90,60,71,112,137,159,125,119,104,33,11,9
0,0,0,0,0,8,100,118,130,141,149,130,106,29,93,113,141,151,134,122,109,37,11,0
0,5,5,2,1,8,73,109,116,136,139,123,105,20,31,109,130,136,135,126,98,26,7,8
5,1,6,4,0,9,62,109,117,129,126,114,101,10,12,104,118,128,126,119,100,55,24,6
0,3,0,3,7,9,35,101,105,116,116,103,66,8,12,89,108,110,107,101,101,7,7,6
1,4,10,3,8,10,47,59,105,111,117,108,53,14,11,21,103,115,109,63,57,10,10,11
0,2,5,5,4,12,57,85,131,142,108,64,54,53,13,39,101,117,165,145,47,12,12,2
10,5,11,7,12,14,48,60,120,165,111,50,45,41,37,39,42,64,139,125,57,14,9,9
7,7,9,13,13,34,41,48,75,72,54,41,30,27,13,19,37,45,63,66,50,26,17,12
0,3,2,2,6,10,10,52,81,70,71,47,21,14,10,14,39,37,44,43,36,16,11,5
11,0,3,1,6,15,13,57,67,58,52,20,20,12,9,11,14,33,32,58,54,37,14,8
5,0,0,0,4,13,21,54,56,51,43,14,22,3,11,21,13,32,44,52,57,51,13,13
0,0,6,0,4,5,12,22,49,30,19,13,14,2,11,15,8,20,21,47,55,42,14,10
3,5,0,0,2,5,4,12,11,10,12,11,11,7,12,24,3,10,11,16,43,23,13,0
0,0,0,5,1,6,2,6,7,10,14,14,13,9,5,11,3,10,7,13,18,16,12,0
0,0,0,6,9,6,0,6,8,9,13,13,13,9,9,9,7,11,6,14,14,11,4,0
0,0,0,1,0,0,0,6,9,13,9,23,13,11,0,12,12,21,13,13,13,12,6,3
0,0,0,0,1,10,13,10,14,15,15,27,9,10,7,12,13,14,42,20,34,14,5,0
1,5,0,2,0,4,11,30,31,26,37,14,10,6,0,17,15,35,14,37,35,32,14,0
4,6,3,0,0,7,14,23,51,51,48,34,12,3,12,21,43,12,31,50,70,23,13,10
1,5,2,2,6,3,8,19,54,63,53,35,11,14,19,12,16,35,22,51,25,25,10,7
0,0,5,8,4,9,11,14,54,58,43,13,13,17,4,2,5,8,15,21,31,10,12,9

10,14,29,117,119,55,50,18,14,15,49,72,53,38,52,50,52,61,92,83,80,22,16,9
17,37,53,136,113,108,107,95,101,51,14,8,0,0,0,5,14,12,3,39,66,52,4,12
14,41,51,58,107,109,107,108,106,107,102,89,101,103,27,12,26,36,14,12,13,8,11,3
13,23,31,34,41,66,58,88,60,68,95,88,93,93,52,11,8,23,9,13,3,2,0,6
0,10,5,40,53,14,37,6,14,0,9,34,57,71,63,64,9,14,22,13,9,0,0,1
4,3,11,28,19,13,52,51,55,38,65,62,71,77,75,65,62,9,5,36,3,0,0,5
6,7,10,29,13,12,11,58,64,77,104,119,110,133,127,123,75,15,6,3,4,12,1,0
0,0,6,45,0,7,6,16,68,91,111,123,100,120,125,126,90,66,73,1,0,9,4,4
0,0,0,0,0,0,14,9,57,78,75,96,97,132,129,116,90,53,0,0,0,0,0,0
0,0,0,0,0,0,0,23,74,92,117,147,150,173,171,134,119,91,54,3,0,0,0,9
0,0,0,0,0,5,5,62,79,106,165,191,178,268,280,199,130,89,45,13,11,0,0,0
0,0,0,0,0,9,17,70,108,174,243,172,145,200,269,267,152,87,53,0,0,0,0,0
0,0,0,0,10,0,13,62,110,146,155,172,169,171,167,172,145,80,55,0,0,0,0,0
0,0,0,0,6,0,14,85,101,120,140,152,159,164,158,140,130,107,101,7,0,0,0,0
0,0,0,0,0,0,7,60,69,76,116,143,139,148,146,132,113,103,85,1,0,0,0,0
0,0,0,0,3,0,7,50,71,70,92,122,134,145,136,118,98,104,55,9,0,0,0,0
3,4,0,9,0,9,9,28,62,74,113,108,135,120,96,86,91,77,70,12,0,0,2,0
7,12,12,12,6,12,21,43,61,86,116,116,114,121,108,120,105,77,53,28,17,9,5,8
0,0,3,5,1,5,11,76,73,116,124,137,134,108,118,129,123,105,82,103,29,8,0,6
0,0,7,2,1,9,50,104,123,110,117,135,177,163,132,122,136,129,130,115,61,10,8,7
3,7,8,7,2,7,56,84,128,106,136,117,157,178,131,125,131,134,120,107,63,14,6,8
0,6,6,7,10,7,48,110,126,138,145,130,115,140,89,117,129,132,129,116,76,35,13,13
0,0,1,9,6,11,48,103,124,142,166,126,90,61,71,112,137,159,125,119,104,33,11,9
0,0,0,0,0,8,100,118,130,141,149,130,106,33,93,113,141,151,134,122,109,37,11,0
0,5,5,2,1,8,73,109,116,136,139,123,105,18,33,109,130,136,135,126,98,26,7,8
5,1,6,4,0,9,62,109,117,129,126,114,101,10,12,104,118,128,126,119,100,55,24,6
0,3,0,3,7,9,37,101,105,115,116,103,65,8,12,90,108,110,107,101,101,7,7,6
1,4,10,3,8,10,46,59,105,111,117,108,53,14,11,21,103,115,109,63,57,10,10,11
0,2,5,5,4,13,57,85,131,142,108,64,54,53,13,38,101,117,166,145,46,12,12,2
10,5,11,7,12,14,50,60,120,165,111,50,45,41,37,39,42,64,139,124,57,14,9,9
7,7,9,13,13,34,41,48,75,72,54,41,30,27,13,19,37,44,62,66,50,26,17,12
0,3,2,2,6,10,10,52,81,70,72,47,23,14,10,13,39,37,44,43,36,16,11,5
11,0,3,1,6,15,13,58,67,58,52,22,20,12,9,11,14,33,32,58,54,37,14,8
5,0,0,0,4,13,21,54,56,51,43,14,22,3,11,20,13,32,44,52,57,51,13,13
0,0,6,0,4,5,12,22,49,30,17,13,14,2,11,15,8,20,21,47,55,42,14,10
3,5,0,0,2,5,4,12,11,10,12,11,11,7,13,24,3,10,11,16,43,23,13,0
0,0,0,5,1,7,2,6,7,10,14,14,13,9,5,11,3,10,7,13,18,16,12,0
0,0,0,6,9,6,0,6,8,9,13,13,12,8,9,9,7,11,6,14,14,11,4,0
0,0,0,1,0,0,0,6,9,13,9,23,13,11,0,12,12,20,13,13,13,12,6,3
0,0,0,0,1,10,13,10,15,15,15,26,9,10,7,12,13,14,42,20,34,14,5,0
1,5,0,2,0,4,11,30,30,27,38,13,9,6,0,15,15,35,14,37,36,32,14,0
4,6,3,0,0,7,14,23,51,51,48,34,12,3,12,21,43,12,31,51,70,23,13,10
1,5,2,2,6,3,8,18,53,63,53,37,11,15,19,12,16,32,24,50,25,25,10,7
0,0,5,8,4,9,11,14,54,58,42,13,13,17,4,2,5,7,15,21,32,10,12,9

10,14,30,117,120,55,50,16,14,14,46,71,52,34,52,50,52,61,94,84,80,25,17,9
17,37,53,137,113,108,107,95,101,51,14,7,0,0,0,5,14,12,3,41,67,53,4,12
14,43,51,58,107,109,107,108,106,107,102,89,101,103,27,12,26,36,14,12,13,8,11,4
13,23,30,34,40,66,58,87,61,68,95,89,93,92,52,11,8,22,9,13,3,2,0,6
0,9,4,39,52,14,37,6,14,1,9,37,58,71,64,64,9,14,22,13,9,0,0,1
4,3,11,27,20,13,52,51,55,38,65,63,71,78,75,65,62,9,5,36,4,0,0,5
6,7,10,29,13,12,12,58,64,78,105,120,110,134,128,124,75,19,6,3,4,12,1,0
0,0,6,46,0,7,6,20,69,92,113,124,100,121,126,126,90,66,74,1,0,9,4,4
0,0,0,0,0,0,14,9,58,79,76,97,98,133,130,116,91,53,0,0,0,0,0,0
0,0,0,0,0,0,0,24,74,93,119,150,152,175,172,135,120,91,54,4,0,0,0,9
0,0,0,0,0,5,5,62,79,106,166,194,180,272,282,199,131,89,46,13,11,0,0,0
0,0,0,0,0,9,16,70,107,175,245,173,144,200,273,268,151,87,53,0,0,0,0,0
0,0,0,0,10,0,13,61,110,146,155,171,167,169,167,173,145,80,55,0,0,0,0,0
0,0,0,0,6,0,14,85,101,120,140,150,157,162,156,140,130,107,101,7,0,0,0,0
0,0,0,0,0,0,6,60,69,76,116,142,138,148,145,132,113,103,85,1,0,0,0,0
0,0,0,0,3,0,7,50,71,70,92,121,133,144,134,118,98,104,55,9,0,0,0,0
3,4,0,9,0,9,9,29,62,74,112,107,134,119,95,86,90,77,70,12,0,0,2,0
7,12,12,12,6,12,21,43,61,86,115,115,113,119,107,119,105,77,54,28,17,9,5,8
0,0,3,5,1,5,11,76,74,116,124,136,134,107,117,128,123,106,82,102,30,8,0,6
0,0,7,2,1,9,50,104,123,111,117,135,176,162,132,122,136,129,130,115,61,10,8,7
3,7,8,7,2,8,56,84,129,106,136,117,158,178,131,125,131,134,120,107,63,14,6,8
0,6,6,7,10,8,48,110,126,138,146,130,115,140,90,117,129,132,129,116,77,35,13,13
0,0,1,9,6,11,48,103,124,142,166,126,91,61,71,112,137,159,125,119,104,33,11,9
0,0,0,0,0,8,100,118,130,141,149,130,106,30,94,113,141,150,134,122,109,37,11,0
0,5,6,2,1,9,73,109,116,136,139,123,105,20,33,109,130,136,135,126,98,27,7,8
5,1,6,4,0,9,62,109,117,129,126,114,101,10,12,104,118,128,126,119,100,55,24,6
0,3,0,3,7,9,36,101,105,115,116,103,66,8,12,89,108,110,107,101,101,7,7,6
1,4,10,3,8,10,48,59,105,111,117,108,53,14,11,21,103,115,109,63,57,10,10,11
0,1,5,5,4,13,57,85,131,143,108,64,54,53,13,38,101,118,167,146,46,12,12,2
10,5,11,7,12,14,50,60,120,165,111,50,45,41,37,39,42,64,139,124,57,14,9,9
7,7,9,13,13,34,41,48,75,72,54,41,30,26,13,19,37,45,62,66,50,26,18,12
0,3,2,2,6,10,10,52,81,70,72,47,23,14,10,14,39,36,45,43,36,15,11,5
11,0,3,1,6,14,13,57,67,58,52,21,20,12,9,11,14,33,32,58,54,37,14,8
5,0,0,0,4,13,21,54,56,51,43,14,22,3,11,19,13,32,45,52,57,51,13,13
0,0,6,0,4,5,12,22,49,30,17,13,14,2,11,15,8,20,21,47,55,42,14,10
3,5,0,0,2,5,4,12,11,10,12,11,11,7,12,24,3,10,11,17,43,23,13,0
0,0,0,5,1,7,2,6,7,10,13,14,13,9,5,11,3,10,7,13,18,16,12,0
0,0,0,6,9,6,0,6,8,9,13,13,13,8,9,9,7,11,6,14,14,11,4,0
0,0,0,1,0,0,0,6,9,13,9,23,13,11,0,12,12,20,13,13,13,12,6,3
0,0,0,0,1,10,13,10,14,15,15,26,9,10,7,12,13,14,41,20,34,14,5,0
1,5,0,2,0,4,11,30,30,26,36,13,9,6,0,15,15,35,14,36,36,32,14,0
4,6,3,0,0,7,14,23,51,51,48,36,12,3,12,21,42,12,32,51,71,23,13,10
1,5,2,3,6,3,8,18,53,62,53,37,11,14,19,12,15,33,24,50,25,25,10,7
0,0,5,8,4,9,11,14,54,58,44,13,13,17,4,2,5,7,15,21,31,10,12,9

10,14,29,117,119,55,50,18,14,16,50,72,53,39,53,51,52,62,94,84,80,26,18,9
17,37,53,137,113,108,108,95,101,52,14,8,0,0,0,6,14,12,3,41,67,52,5,12
14,43,51,58,107,109,107,108,106,107,101,89,101,103,30,12,26,36,14,13,13,8,11,3
13,23,30,34,40,66,59,87,61,68,95,89,93,92,52,11,8,23,9,14,3,2,0,6
0,10,4,39,52,14,39,6,14,1,10,39,58,71,63,64,9,14,22,13,9,0,0,1
4,3,11,27,20,13,52,51,55,39,65,63,71,77,75,64,62,9,5,37,4,0,0,5
6,7,10,30,13,12,12,58,64,78,105,120,110,133,127,123,75,19,6,3,4,12,1,0
0,0,6,48,0,7,7,20,69,92,113,124,100,121,126,126,90,66,74,1,0,9,4,5
0,0,0,0,0,0,14,9,58,79,76,98,98,133,130,116,91,53,0,0,0,0,0,0
0,0,0,0,0,0,0,25,74,93,119,150,152,175,173,135,120,91,54,4,0,0,0,9
0,0,0,0,0,5,6,62,79,107,166,195,182,274,283,199,131,89,45,13,11,0,0,0
0,0,0,0,0,9,17,70,107,175,246,173,144,201,275,270,152,87,53,0,0,0,0,0
0,0,0,0,10,0,13,61,110,146,155,170,166,168,167,174,145,80,55,0,0,0,0,0
0,0,0,0,6,0,14,85,101,120,140,150,156,161,156,140,130,107,101,7,0,0,0,0
0,0,0,0,0,0,6,60,69,76,115,141,138,147,145,132,113,103,85,1,0,0,0,0
0,0,0,0,3,0,7,50,71,70,92,121,133,143,134,118,98,104,55,10,0,0,0,0
3,4,0,9,0,8,9,31,62,74,112,107,134,119,95,86,91,77,70,12,0,0,2,0
7,12,12,12,5,12,21,44,62,87,115,115,112,119,106,119,105,78,54,28,18,9,5,8
0,0,3,5,1,5,11,77,74,116,124,136,133,107,117,128,123,106,83,102,30,8,0,6
0,0,7,3,1,9,50,104,123,111,117,135,176,162,132,122,136,129,130,115,61,10,8,7
3,7,8,7,2,8,57,84,129,106,136,117,157,178,131,125,131,134,120,107,63,14,6,8
0,6,6,7,10,8,48,110,126,138,145,130,115,141,90,117,129,132,129,116,77,35,13,13
0,0,1,9,6,11,48,103,124,142,166,126,91,62,70,112,137,159,125,119,104,33,11,9
0,0,0,0,0,8,100,118,130,141,149,130,106,30,94,113,141,150,134,122,109,37,11,0
0,5,5,2,0,9,73,109,116,136,139,123,105,21,31,109,130,136,134,126,98,27,7,8
5,1,6,3,0,9,62,109,117,129,126,114,101,10,13,104,118,128,126,119,100,56,24,6
0,3,0,3,7,9,37,101,105,115,116,103,66,9,12,90,108,110,107,101,101,7,7,6
1,4,10,3,8,10,48,59,105,111,117,108,53,14,11,23,103,115,109,63,57,10,10,11
0,1,5,5,4,13,57,85,131,143,108,64,54,54,13,39,101,117,167,146,46,12,12,2
10,5,11,7,12,14,50,60,120,165,111,50,45,41,37,39,42,64,139,124,57,14,9,9
7,7,9,13,13,34,41,48,75,72,54,41,30,27,14,19,37,45,62,66,50,26,18,12
0,3,2,2,6,10,10,52,81,70,72,50,24,14,10,14,39,37,44,43,36,16,11,5
11,0,3,1,6,14,13,57,67,58,52,22,20,12,9,11,14,33,32,58,54,37,14,8
5,0,0,0,4,13,21,54,56,51,43,14,22,4,11,21,13,32,45,52,57,51,13,13
0,0,6,0,4,5,12,22,48,31,18,13,14,3,11,15,9,20,21,48,55,42,14,10
3,5,0,0,2,5,4,12,11,11,12,11,11,7,13,24,3,10,11,17,44,23,13,0
0,0,0,5,1,7,2,6,7,10,14,14,13,9,5,11,3,10,7,13,18,15,12,0
0,0,0,6,9,6,0,6,8,9,13,13,13,8,9,9,7,11,6,14,14,11,4,0
0,0,0,1,0,0,0,6,8,13,9,23,13,11,0,12,12,20,13,13,13,12,6,3
0,0,0,0,1,10,13,10,14,15,15,26,9,10,7,12,13,14,42,20,34,14,5,0
1,5,0,2,0,4,11,30,30,26,38,13,9,6,0,14,15,36,14,37,36,32,14,0
4,6,3,0,0,7,14,23,51,51,48,36,12,3,12,21,43,12,32,51,71,22,13,10
1,5,2,2,6,4,8,19,53,63,53,37,11,15,19,12,16,33,22,51,25,25,10,7
0,0,5,9,4,9,11,14,54,58,43,12,13,17,4,2,5,8,15,21,31,10,12,9

10,14,29,117,120,55,50,18,14,18,50,74,54,46,54,53,52,63,95,85,80,26,19,9
17,38,53,137,113,108,108,95,101,52,15,9,0,0,0,6,14,12,3,44,67,53,5,12
14,44,51,58,107,109,107,108,106,106,102,89,101,103,29,12,26,36,14,13,13,8,11,4
13,23,30,35,41,66,59,88,61,68,96,89,93,92,53,11,8,23,9,14,3,2,0,7
0,10,5,39,52,14,40,7,14,1,10,39,58,71,63,64,9,14,23,13,9,0,0,1
4,3,11,28,21,14,52,51,55,39,65,62,70,77,74,64,62,9,5,36,4,0,0,5
6,7,10,31,13,12,12,58,64,77,104,119,109,132,126,123,75,19,6,3,4,12,1,0
0,0,6,47,0,7,6,19,69,91,112,122,99,119,124,126,90,66,74,1,0,9,4,5
0,0,0,0,0,0,14,9,58,78,75,96,97,131,129,115,91,53,0,0,0,0,0,0
0,0,0,0,0,0,0,24,74,92,117,147,149,172,170,133,119,91,54,4,0,0,0,9
0,0,0,0,0,5,6,62,79,107,166,192,178,270,280,199,132,89,48,13,11,0,0,0
0,0,0,0,0,9,18,70,108,177,244,173,146,203,272,271,154,88,54,0,0,0,0,0
0,0,0,0,10,0,13,62,110,146,156,174,170,171,169,174,146,81,55,0,0,0,0,0
0,0,0,0,6,0,14,88,101,120,141,153,160,165,158,141,131,107,102,7,0,0,0,0
0,0,0,0,0,0,7,60,69,77,117,143,139,148,146,132,113,103,84,1,0,0,0,0
0,0,0,0,3,0,7,50,71,70,92,123,134,145,135,118,98,104,54,9,0,0,0,0
3,4,0,9,0,8,9,27,62,74,113,108,135,120,96,86,91,77,70,12,0,0,2,0
7,12,12,12,5,12,20,43,61,86,115,116,114,120,107,119,104,76,53,28,17,9,5,8
0,0,3,5,0,5,11,75,73,115,124,136,134,107,117,128,122,105,82,102,29,7,0,6
0,0,7,2,1,9,50,104,122,110,116,135,175,162,131,121,135,128,130,115,60,9,8,7
3,7,8,7,2,7,56,83,128,106,135,117,156,177,130,124,131,134,120,107,62,14,6,8
0,6,6,7,10,7,48,110,126,137,145,129,114,140,89,116,128,131,128,116,76,35,13,13
0,0,1,9,6,11,47,103,124,142,166,126,91,61,70,112,137,158,125,119,104,33,11,9
0,0,0,0,0,8,100,118,130,141,149,130,106,33,93,113,141,150,134,121,109,37,11,0
0,5,5,2,0,8,73,109,116,136,139,123,105,21,33,109,130,136,134,126,98,26,7,8
5,1,6,3,0,9,62,109,117,129,126,114,101,10,13,104,118,128,126,119,100,55,24,6
0,3,0,3,7,9,36,101,105,115,116,103,65,8,13,90,108,110,107,101,101,7,7,6
1,4,10,3,8,10,47,59,105,111,117,108,53,14,11,23,103,115,109,63,57,10,10,11
0,2,5,5,4,13,58,85,131,143,108,64,54,53,13,39,101,117,167,146,47,12,12,2
10,5,11,7,12,14,50,60,120,166,111,50,45,42,37,39,43,64,140,125,57,14,9,9
7,7,9,13,13,34,41,48,75,73,54,41,30,27,14,19,37,45,63,66,50,26,18,12
0,3,2,2,6,10,10,52,81,70,72,47,23,14,10,14,40,37,44,42,36,16,11,5
11,0,3,1,6,15,13,58,67,57,52,22,20,12,9,11,14,33,32,58,54,37,14,8
5,0,0,0,4,14,22,54,56,51,43,14,22,3,11,20,13,32,45,52,57,51,13,13
0,0,6,0,4,5,12,22,49,30,19,13,14,2,11,15,8,20,22,47,55,42,14,10
3,5,0,0,2,5,4,12,11,11,13,11,11,7,13,24,3,10,11,17,45,24,13,0
0,0,0,5,1,6,2,6,8,10,14,14,13,9,5,11,3,10,7,13,18,16,12,0
0,0,0,6,9,6,0,6,8,10,13,13,13,9,9,9,7,11,6,14,14,11,4,0
0,0,0,1,0,0,0,6,9,13,9,23,13,11,0,12,12,21,13,13,13,12,6,3
0,0,0,0,1,10,13,10,15,15,15,27,10,10,7,12,14,14,43,20,35,14,5,0
1,5,0,2,0,4,11,30,30,26,38,14,9,6,0,15,15,36,14,37,36,32,14,0
4,6,3,0,0,8,14,24,51,51,50,36,12,3,12,21,43,12,32,51,70,23,13,10
1,5,2,3,6,4,8,23,54,63,53,37,11,15,19,12,16,36,24,51,25,25,10,7
0,0,5,9,4,9,11,14,54,58,44,13,13,17,4,2,5,8,15,21,32,10,12,9

10,14,29,118,121,55,50,18,14,19,50,74,54,48,54,54,52,62,95,85,80,27,20,9
17,40,53,137,114,108,108,95,101,51,16,9,0,0,0,7,15,13,4,45,67,53,5,12
14,43,52,58,107,109,107,108,106,107,102,90,102,103,29,12,26,36,14,13,13,8,11,4
13,23,30,35,41,65,58,86,61,68,94,88,93,92,52,11,8,23,9,14,3,2,0,7
0,10,5,40,53,14,40,7,15,1,10,36,57,71,63,64,9,14,22,13,9,0,0,1
4,4,11,29,23,14,52,51,55,39,65,62,70,76,75,65,62,9,5,36,4,0,0,5
6,7,10,31,13,12,11,58,64,77,104,118,109,131,126,123,75,17,6,3,4,12,1,0
0,0,6,47,1,7,6,15,68,90,110,120,99,117,123,125,90,66,74,1,0,9,3,5
0,0,0,0,0,0,14,9,57,77,73,94,96,129,127,114,90,53,0,0,0,0,0,0
0,0,0,0,0,0,0,22,73,91,115,145,147,169,166,131,118,91,54,4,0,0,0,9
0,0,0,0,0,5,6,62,79,107,164,188,175,262,275,197,130,90,49,13,11,0,0,0
0,0,0,0,0,9,18,70,109,177,239,174,148,204,264,268,155,89,54,0,0,0,0,0
0,0,0,0,10,0,14,62,111,145,157,180,176,175,172,173,146,82,56,0,0,0,0,0
0,0,0,0,6,0,14,89,101,121,143,157,165,169,162,142,130,108,102,7,0,0,0,0
0,0,0,0,0,0,7,62,70,77,119,146,142,151,148,134,114,103,86,2,0,0,0,0
0,0,0,0,3,1,7,50,71,71,93,125,136,147,137,120,99,104,54,8,0,0,0,0
3,4,0,9,0,9,9,24,62,74,115,111,137,122,97,87,91,76,68,11,0,0,2,0
7,12,12,12,6,12,19,42,60,85,117,118,117,123,110,121,103,74,52,27,16,9,5,8
0,0,3,5,0,4,11,73,71,114,123,137,135,109,118,128,121,102,80,102,28,7,0,6
0,0,7,2,0,9,48,103,121,109,116,134,175,161,131,121,134,127,129,115,60,9,8,7
3,7,8,7,1,7,55,83,127,105,134,116,155,175,130,123,130,133,119,107,62,14,6,8
0,6,6,7,10,7,48,110,125,137,144,128,113,138,87,116,128,131,128,115,75,34,13,13
0,0,1,9,6,11,47,102,124,142,165,126,89,60,70,111,137,158,125,119,104,33,11,9
0,0,0,0,0,8,100,118,130,140,149,130,105,27,94,113,141,150,134,121,109,34,11,0
0,5,5,2,0,8,72,109,116,136,139,123,105,20,33,109,130,136,134,126,98,26,7,8
5,1,6,3,0,9,63,109,117,129,126,114,101,10,12,104,118,128,126,119,100,55,24,6
0,3,0,3,7,9,37,101,105,116,116,103,66,8,13,90,108,110,107,101,101,7,7,6
1,4,10,3,8,10,48,59,105,111,117,108,53,14,11,23,103,115,109,63,57,10,10,11
0,2,5,5,4,13,58,85,131,143,108,64,54,54,13,39,101,117,167,146,47,12,12,2
10,5,11,7,12,14,50,60,121,167,111,50,45,41,37,39,43,64,141,126,57,14,9,9
7,7,9,13,13,34,41,48,75,73,54,41,30,27,14,19,37,45,63,66,50,27,18,12
0,3,2,2,6,10,10,52,81,70,72,50,25,14,10,14,41,37,45,42,36,16,12,5
11,0,3,1,6,15,13,58,67,57,52,22,19,12,10,11,14,33,32,58,54,37,14,8
5,0,0,0,4,13,21,54,56,51,43,14,22,3,11,21,13,33,45,52,57,51,13,13
0,0,6,0,4,5,12,22,50,30,18,13,14,2,11,15,8,20,22,47,55,42,14,10
3,5,0,0,2,5,4,12,12,11,13,11,12,7,13,25,3,11,11,17,45,24,13,0
0,0,0,5,1,7,2,6,8,10,14,14,13,9,5,11,4,10,7,13,18,16,12,0
0,0,0,6,9,6,0,6,8,9,13,13,12,9,9,9,7,11,6,14,14,11,4,0
0,0,0,1,0,0,0,6,9,13,10,23,13,11,0,12,12,21,13,13,13,12,6,3
0,0,0,0,1,10,13,10,14,15,15,27,9,10,7,12,14,14,43,21,35,14,5,0
1,5,0,2,0,4,11,30,30,27,37,14,9,7,0,14,15,37,14,36,36,32,14,0
4,6,3,0,0,8,14,24,51,51,47,36,12,3,12,21,43,12,32,51,70,23,13,10
1,5,2,3,6,4,8,20,53,63,53,37,11,14,19,12,16,36,24,51,25,25,11,7
0,0,5,9,4,9,11,14,54,58,43,13,13,17,4,2,5,8,15,21,32,10,12,9

10,14,30,118,121,55,50,19,14,19,50,75,54,50,55,54,52,64,96,85,80,31,21,9
18,37,53,137,114,109,108,95,101,52,16,9,0,0,0,7,15,13,4,45,67,53,5,12
14,43,51,58,107,109,107,108,106,107,102,89,101,103,31,12,26,37,14,13,13,8,11,4
13,23,31,35,41,65,59,85,61,68,94,89,93,92,52,12,8,23,9,14,3,3,0,7
0,10,5,39,53,14,40,7,14,1,10,38,57,70,64,64,9,14,23,13,9,0,0,1
4,4,11,29,22,14,52,51,55,39,65,62,70,76,75,64,62,9,5,36,4,0,0,5
6,7,10,31,13,12,11,58,64,77,104,119,109,131,126,122,75,21,6,3,4,12,1,0
0,0,6,47,1,7,6,17,69,91,111,122,99,118,124,125,90,66,74,1,0,9,4,5
0,0,0,0,0,0,14,9,57,78,74,96,97,131,129,115,90,53,0,0,0,0,0,0
0,0,0,0,0,0,0,23,74,92,117,149,150,172,169,133,119,91,54,4,0,0,0,9
0,0,0,0,0,5,6,62,79,107,166,191,178,266,278,199,131,90,50,13,11,0,0,0
0,0,0,0,0,9,17,70,108,176,241,173,146,201,267,269,154,88,54,0,0,0,0,0
0,0,0,0,10,0,14,62,110,145,156,176,172,173,170,173,146,81,56,0,0,0,0,0
0,0,0,0,6,0,14,87,101,120,142,155,162,166,160,142,130,107,102,7,0,0,0,0
0,0,0,0,0,0,7,62,70,77,118,144,141,150,147,133,113,103,85,1,0,0,0,0
0,0,0,0,3,0,7,50,71,70,93,124,135,146,137,119,99,104,54,9,0,0,0,0
3,4,0,9,0,9,9,26,62,74,114,110,136,121,96,87,91,77,69,11,0,0,2,0
7,12,12,12,5,12,20,43,60,85,116,117,116,122,109,120,104,75,53,28,16,9,5,8
0,0,3,5,0,5,11,75,72,114,123,137,134,108,118,128,121,103,81,102,29,7,0,6
0,0,7,2,1,9,50,104,122,110,116,134,175,162,131,121,135,128,129,115,60,9,8,7
3,7,8,7,2,7,56,83,127,105,135,117,156,176,130,124,131,134,119,107,63,14,6,8
0,6,6,7,10,7,48,110,126,137,145,128,113,139,88,116,128,131,128,116,76,35,13,13
0,0,1,9,6,11,47,103,124,142,166,126,89,61,70,112,137,158,125,119,104,33,11,9
0,0,0,0,0,8,100,118,130,141,149,130,105,31,93,113,141,150,134,121,109,36,11,0
0,5,5,2,0,9,73,109,116,136,139,123,105,20,34,109,130,136,134,126,98,27,7,8
5,1,6,3,0,9,62,109,117,129,126,114,101,10,12,104,118,128,126,119,100,55,24,6
0,3,0,3,7,9,37,101,105,115,116,103,66,8,12,90,108,110,107,101,101,7,7,6
1,4,10,3,8,10,47,59,105,111,117,108,53,14,11,23,103,115,109,63,57,10,10,11
0,2,6,5,4,13,57,85,131,143,108,64,54,53,13,39,101,117,167,146,47,12,12,2
10,5,11,7,12,14,50,60,120,166,111,50,45,41,37,39,42,64,140,125,57,14,9,10
7,7,9,13,13,34,41,48,75,72,54,41,30,27,14,19,37,45,63,66,50,26,18,12
0,3,2,2,6,10,10,52,81,70,72,48,24,14,10,14,40,37,45,43,36,16,12,5
11,0,3,1,6,15,13,58,67,58,52,22,19,12,9,11,14,33,32,58,54,37,14,8
5,0,0,0,4,14,22,54,56,51,43,14,22,4,11,20,13,32,45,52,57,51,13,13
0,0,6,0,4,5,12,23,49,30,19,13,14,2,11,15,8,20,22,47,55,42,14,10
3,5,0,0,2,5,4,12,12,11,13,11,12,7,13,25,3,11,11,18,45,23,13,0
0,0,0,5,1,7,2,6,8,10,14,14,13,9,5,11,4,10,7,13,18,16,12,0
0,0,0,6,9,6,0,6,8,10,13,13,13,9,9,9,7,11,6,14,14,11,4,0
0,0,0,1,0,0,0,6,9,13,10,23,13,11,0,12,12,21,13,13,13,12,6,3
0,0,0,0,1,10,13,10,15,16,15,26,9,11,8,12,14,14,42,20,35,14,5,0
1,5,0,2,0,4,11,30,31,27,38,13,9,7,0,14,15,36,14,37,36,33,14,0
4,6,3,0,0,8,14,23,51,51,48,37,12,3,12,21,44,12,33,51,71,22,13,10
1,5,2,3,6,4,8,19,54,63,53,38,11,14,19,12,17,33,25,51,25,25,11,7
0,0,5,9,4,9,11,14,54,58,44,13,13,17,4,2,5,8,15,21,32,10,12,9

10,14,30,117,121,55,50,18,14,19,50,74,54,50,54,54,52,64,96,86,81,31,22,9
18,38,53,138,114,109,108,95,101,52,17,10,0,0,0,7,15,13,4,48,67,54,5,12
14,41,52,58,107,109,107,108,106,107,101,90,102,103,30,12,26,37,14,13,13,8,11,4
13,23,30,35,41,65,59,87,61,68,95,89,93,92,52,12,8,23,9,14,3,3,0,7
0,10,5,39,53,14,40,7,15,1,10,41,58,71,63,64,9,14,23,13,9,0,0,1
4,3,11,29,22,14,52,51,55,40,66,63,70,77,74,65,62,9,5,36,4,0,0,5
6,7,10,31,13,12,12,58,64,78,105,120,110,132,127,123,75,24,6,3,4,12,1,0
0,0,6,47,1,7,7,20,69,92,113,123,100,119,125,126,90,67,74,1,0,9,4,5
0,0,0,0,0,0,14,9,58,78,75,97,97,132,129,116,91,54,0,0,0,0,0,0
0,0,0,0,0,0,0,26,74,93,118,150,152,174,172,135,120,92,54,4,0,0,0,9
0,0,0,0,0,5,6,62,79,107,167,193,179,269,280,199,131,89,49,13,11,0,0,0
0,0,0,0,0,9,18,70,108,176,244,172,145,200,271,270,153,88,54,0,0,0,0,0
0,0,0,0,10,0,13,62,110,146,155,173,169,170,168,173,146,81,56,0,0,0,0,0
0,0,0,0,6,0,14,86,101,120,140,152,159,164,158,141,130,107,102,7,0,0,0,0
0,0,0,0,0,0,7,61,70,76,116,143,139,148,146,132,113,103,86,1,0,0,0,0
0,0,0,0,3,0,7,50,71,70,92,122,134,145,135,118,98,104,54,9,0,0,0,0
3,4,0,9,0,9,9,28,62,74,113,108,135,120,96,86,91,77,70,12,0,0,2,0
7,12,12,12,5,12,20,43,61,85,115,116,114,120,107,119,104,76,53,28,17,9,5,8
0,0,3,5,0,5,11,76,73,115,123,136,134,107,117,128,122,104,82,102,29,8,0,6
0,0,7,2,1,9,50,104,122,110,116,135,175,162,131,121,135,128,129,115,61,9,8,7
3,7,8,7,2,7,56,84,128,106,135,117,156,177,130,124,131,134,119,107,63,14,6,8
0,6,6,7,10,7,48,110,126,137,145,129,113,139,89,116,128,131,128,116,76,35,13,13
0,0,0,9,6,11,48,103,124,142,166,126,90,62,71,112,137,158,125,119,104,33,11,9
0,0,0,0,0,8,100,118,130,141,149,130,106,29,94,113,141,150,134,121,109,37,11,0
0,5,5,2,0,9,73,109,116,136,139,123,105,18,34,109,130,136,134,126,98,26,7,8
5,1,6,3,0,9,62,109,117,129,126,114,101,10,12,104,118,128,126,119,100,55,24,6
0,3,0,3,7,9,37,101,105,115,116,103,66,8,13,90,108,110,107,101,101,7,7,6
1,4,10,3,8,10,47,59,105,111,117,108,53,14,11,22,103,115,109,63,57,10,10,11
0,1,5,5,4,13,58,85,131,143,108,64,54,53,13,40,101,117,167,146,47,12,12,2
10,5,11,7,12,14,50,60,120,166,111,50,45,41,37,39,43,64,140,125,57,14,9,10
7,7,9,13,13,34,41,47,75,72,54,41,30,27,14,19,37,45,63,66,50,26,18,12
0,3,2,2,6,10,10,52,81,71,72,48,23,14,10,14,40,37,45,43,36,15,11,5
11,0,3,1,6,15,13,58,67,58,52,23,21,13,9,11,14,33,32,58,54,37,14,8
5,0,0,0,4,13,21,54,56,51,43,14,23,4,11,21,13,32,45,52,57,51,13,13
0,0,6,0,4,5,12,22,49,31,18,13,14,3,11,15,9,20,22,47,55,42,14,10
3,5,0,0,2,5,4,12,12,11,13,12,12,7,13,25,3,11,11,17,45,24,13,0
0,0,0,5,1,7,2,6,8,10,14,14,13,9,5,11,4,10,7,13,18,16,12,0
0,0,0,6,9,6,0,6,8,10,13,13,13,9,9,9,7,11,6,14,14,11,4,0
0,0,0,1,0,0,0,6,9,13,9,23,13,11,0,12,12,21,13,13,13,12,6,3
0,0,0,0,1,10,13,10,14,15,15,27,9,10,7,12,14,14,42,20,34,14,5,0
1,5,0,2,0,4,11,30,30,26,37,13,10,7,0,14,15,37,14,36,36,32,14,0
4,6,3,0,0,7,14,23,51,51,48,36,12,3,12,21,42,12,32,51,71,22,13,10
1,5,2,3,6,4,8,19,53,63,53,35,11,15,19,12,17,35,24,51,25,25,10,7
0,0,5,9,4,9,11,14,54,58,44,13,13,17,4,2,5,8,15,21,32,10,12,9

10,14,28,117,120,55,50,18,14,19,50,74,54,50,55,54,52,64,96,86,81,31,23,9
18,38,53,138,114,109,108,95,101,51,17,10,0,0,0,7,16,13,4,47,67,53,5,12
14,43,51,58,107,109,107,108,106,107,101,90,102,103,30,12,26,37,14,13,13,8,11,4
13,23,30,35,40,65,59,88,61,69,95,89,93,92,53,12,8,24,9,14,3,3,0,7
0,10,5,40,53,14,39,7,18,1,10,45,59,71,63,64,9,14,23,13,9,0,0,1
4,4,11,29,22,14,52,51,56,40,66,63,70,77,75,65,62,9,5,36,4,0,0,5
6,7,10,30,13,12,12,58,64,78,105,120,110,133,127,123,76,27,6,3,4,12,1,0
0,0,6,48,1,8,7,24,69,93,113,124,100,120,126,127,91,67,74,1,0,9,4,5
0,0,0,0,0,0,14,10,58,79,76,97,98,132,130,117,91,54,0,0,0,0,0,0
0,0,0,0,0,0,0,26,75,93,119,150,151,174,173,136,120,92,55,4,0,0,0,9
0,0,0,0,0,6,6,62,79,107,167,195,181,272,282,200,132,89,48,13,11,0,0,0
0,0,0,0,0,9,18,70,108,176,246,173,144,200,274,272,153,87,54,0,0,0,0,0
0,0,0,0,10,0,13,62,110,146,155,170,167,169,167,175,145,80,55,0,0,0,0,0
0,0,0,0,6,0,14,86,101,120,140,150,157,161,156,140,131,107,101,7,0,0,0,0
0,0,0,0,0,0,6,60,69,76,116,141,138,147,145,132,113,103,85,1,0,0,0,0
0,0,0,0,3,0,7,50,71,70,92,121,133,144,134,118,98,104,55,10,0,0,0,0
3,4,0,9,0,8,9,31,62,74,112,107,134,119,95,86,90,77,70,12,0,0,2,0
7,12,12,12,5,12,21,44,62,86,115,115,112,119,106,118,105,77,54,28,17,9,5,8
0,0,3,5,1,5,11,77,74,116,123,136,133,107,117,128,123,105,82,102,29,8,0,6
0,0,7,2,1,9,50,104,123,110,117,135,175,161,131,122,136,129,130,115,61,10,8,7
3,7,8,7,2,8,56,84,128,106,135,117,156,177,131,124,131,134,120,107,62,14,6,8
0,6,6,7,10,7,48,110,126,137,145,129,114,140,89,116,128,131,128,116,76,35,13,13
0,0,0,9,6,11,48,103,124,142,166,126,90,61,70,112,137,158,125,119,104,33,11,9
0,0,0,0,0,8,100,118,130,141,149,130,106,29,93,113,141,150,134,121,109,37,11,0
0,5,5,2,0,9,73,109,116,136,139,123,105,20,34,109,130,136,134,126,98,26,7,8
5,1,6,3,0,9,62,109,117,129,126,114,101,10,12,104,118,128,126,119,100,55,24,6
0,3,0,3,7,9,40,101,105,115,116,103,67,8,12,90,108,110,107,101,101,7,7,6
1,4,10,3,8,10,48,59,105,111,117,108,53,14,11,22,103,115,109,63,57,10,10,11
0,1,5,6,4,13,57,85,131,143,108,64,54,54,13,40,101,117,168,146,47,12,12,2
10,5,11,7,12,14,50,60,120,166,110,50,45,41,37,39,42,64,139,124,57,14,9,10
7,7,9,13,13,34,42,48,75,73,54,41,30,27,14,19,38,45,62,66,50,26,18,12
0,3,2,2,6,10,10,52,81,70,72,47,25,14,10,14,40,37,44,43,36,15,11,5
11,0,3,1,6,14,13,58,67,57,52,23,19,13,9,11,14,33,32,58,54,37,14,8
5,0,0,0,4,13,21,54,56,51,44,14,22,3,11,20,13,32,45,52,57,51,13,13
0,0,6,0,4,5,12,22,49,31,18,13,14,2,11,15,8,19,22,47,55,42,14,10
3,5,0,0,2,5,4,12,11,11,13,11,11,7,13,24,3,11,11,18,44,23,13,0
0,0,0,5,1,7,2,6,8,10,14,14,13,9,5,12,4,10,7,13,18,16,12,0
0,0,0,6,9,6,0,6,8,10,13,13,13,8,9,9,7,11,6,14,14,11,4,0
0,0,0,1,0,0,0,6,9,13,9,23,13,11,0,12,12,21,13,13,13,12,6,3
0,0,0,0,1,10,13,10,15,15,15,26,10,10,7,12,13,14,42,20,35,14,5,0
1,5,0,2,0,4,11,30,31,27,37,14,9,7,0,14,15,37,14,36,36,32,14,0
4,6,3,0,0,8,14,23,51,51,48,37,12,3,12,21,43,12,32,51,71,23,13,10
1,5,2,3,6,4,8,19,54,63,53,37,11,15,19,12,17,33,24,51,25,25,11,7
0,0,5,9,4,9,11,14,54,58,44,13,13,17,4,2,5,8,15,21,31,10,12,9

10,14,29,117,120,55,50,17,14,20,50,75,55,50,56,54,52,64,97,86,81,32,24,9
17,38,53,139,114,109,108,95,100,51,20,10,0,0,0,7,15,13,4,48,67,54,5,12
14,43,52,58,107,109,107,108,106,107,101,90,102,103,31,12,27,37,14,13,13,8,11,4
13,24,30,35,40,65,59,87,61,68,95,89,93,92,52,12,8,24,9,14,3,3,0,7
0,10,4,39,53,14,40,7,16,2,11,45,58,71,64,64,9,14,23,13,9,0,0,1
4,3,11,28,22,14,52,51,56,40,66,63,70,77,74,65,62,9,5,36,4,0,0,5
6,7,10,31,13,12,12,58,65,78,105,120,110,132,127,123,76,29,6,3,4,12,1,0
0,0,6,48,1,8,7,24,70,93,114,124,100,120,126,127,91,67,75,1,0,9,4,5
0,0,0,0,0,0,15,10,58,79,76,98,98,133,130,117,92,54,0,0,0,0,0,0
0,0,0,0,0,0,0,26,75,93,120,151,152,175,174,136,121,92,55,4,0,0,0,9
0,0,0,0,0,6,6,62,79,107,167,196,182,273,283,200,131,89,47,13,11,0,0,0
0,0,0,0,0,9,18,70,107,176,247,173,144,201,277,273,153,87,54,0,0,0,0,0
0,0,0,0,10,0,13,62,110,147,155,169,166,168,167,175,145,80,55,0,0,0,0,0
0,0,0,0,6,0,14,85,101,120,139,149,155,161,155,140,131,107,101,7,0,0,0,0
0,0,0,0,0,0,6,60,69,76,115,141,138,147,144,131,113,103,85,1,0,0,0,0
0,0,0,0,3,0,7,50,71,70,91,120,132,143,134,117,98,105,55,10,0,0,0,0
3,4,0,9,0,8,9,31,62,73,112,106,134,119,95,86,90,77,70,12,0,0,2,0
7,12,12,12,5,12,21,44,62,86,114,114,112,118,105,118,105,77,54,28,17,9,5,8
0,0,3,5,0,5,11,77,74,116,124,136,133,106,116,128,123,106,82,102,30,8,0,6
0,0,7,3,1,9,50,104,123,111,117,135,176,161,131,122,136,129,130,115,61,10,8,7
3,7,8,7,2,8,56,85,129,106,135,117,157,177,131,124,131,134,120,107,63,14,6,8
0,6,6,7,10,7,49,110,126,138,145,129,114,140,89,117,128,131,128,116,76,35,13,13
0,0,0,9,6,11,48,103,124,142,166,126,90,60,71,112,137,158,125,119,104,33,11,9
0,0,0,0,0,8,100,118,130,141,149,130,106,29,95,113,141,150,134,121,109,36,11,0
0,5,5,2,0,9,73,109,116,136,139,123,105,18,34,109,130,136,134,126,98,26,7,8
5,1,6,3,0,9,62,109,117,129,126,114,101,10,12,104,118,128,126,118,100,56,24,6
0,3,0,3,7,9,37,101,105,116,116,103,66,8,12,92,108,110,107,101,101,7,7,6
1,4,10,3,8,10,47,59,105,111,117,108,53,14,11,23,103,115,109,63,57,10,10,11
0,2,5,6,4,12,57,85,131,144,108,64,54,53,13,39,101,118,168,146,47,12,12,2
10,5,11,7,12,14,50,60,120,166,110,50,45,41,37,39,43,64,139,124,57,14,9,10
7,7,9,13,13,34,41,48,75,72,54,41,30,26,14,19,37,45,62,66,50,26,18,12
0,3,2,2,6,10,10,52,81,70,72,50,24,14,10,14,40,37,45,43,36,15,12,5
11,0,3,1,6,15,13,58,67,58,52,25,21,12,9,11,14,33,33,58,54,37,14,8
5,0,0,0,5,14,21,54,56,51,44,14,23,3,11,21,13,33,45,52,57,51,13,13
0,0,6,0,4,5,12,22,50,30,18,13,14,3,11,15,9,19,22,47,55,42,14,10
3,5,0,0,2,5,4,12,11,11,13,11,12,7,13,24,3,11,11,18,45,23,13,0
0,0,0,5,1,7,2,6,8,10,14,14,13,9,5,11,3,10,7,13,18,16,12,0
0,0,0,6,9,6,0,6,8,10,13,13,13,8,9,9,7,11,6,14,14,11,4,0
0,0,0,1,0,0,0,6,9,13,9,23,13,11,0,12,12,21,13,13,13,12,6,3
0,0,0,0,1,10,13,10,14,15,15,26,9,10,7,12,14,14,42,20,34,14,5,0
1,5,0,2,0,4,11,30,30,27,38,13,9,7,0,14,15,36,14,37,36,32,14,0
4,6,3,0,0,7,14,23,51,51,50,37,12,3,12,21,43,12,32,51,71,23,13,10
1,5,2,3,6,3,8,20,54,63,53,37,11,15,19,12,16,33,25,51,25,25,11,7
0,0,5,8,4,9,11,14,54,58,43,13,13,17,4,2,5,8,15,21,32,10,12,9

10,14,28,117,120,55,50,18,14,20,50,76,54,51,56,55,52,65,98,86,81,32,23,9
17,38,53,139,114,109,108,95,100,51,21,10,0,0,0,8,15,13,4,48,67,54,5,12
14,43,51,58,108,109,107,108,106,106,101,90,102,103,33,12,27,38,14,13,13,8,11,4
13,23,30,35,41,64,59,86,61,69,95,90,93,92,52,12,8,24,10,14,3,3,0,7
0,10,5,40,53,14,41,7,17,2,11,46,59,71,63,64,9,14,23,13,9,0,0,1
4,4,11,29,22,14,52,51,56,40,66,63,70,76,74,64,63,10,5,36,4,0,0,5
6,7,10,31,13,12,12,58,64,78,105,120,110,132,127,122,76,28,6,3,4,12,1,0
0,0,7,48,1,8,7,22,69,92,113,124,100,120,126,127,90,67,75,1,0,9,4,5
0,0,0,0,0,0,14,10,58,79,76,98,98,133,130,116,91,53,0,0,0,0,0,0
0,0,0,0,0,0,0,26,74,93,119,151,153,175,173,135,120,92,55,4,0,0,0,9
0,0,0,0,0,6,6,62,80,108,168,196,182,274,284,200,132,90,49,13,11,0,0,0
0,0,0,0,0,9,18,70,108,177,246,173,145,202,276,273,154,88,54,0,0,0,0,0
0,0,0,0,10,0,14,62,110,147,156,172,168,169,168,175,146,80,55,0,0,0,0,0
0,0,0,0,6,0,14,87,101,120,140,151,157,162,157,141,131,107,101,7,0,0,0,0
0,0,0,0,0,0,6,60,70,76,116,142,139,147,145,132,113,103,86,1,0,0,0,0
0,0,0,0,3,0,7,50,71,70,92,121,133,144,135,118,98,105,55,9,0,0,0,0
3,4,0,9,0,8,9,29,62,73,112,107,134,119,95,86,90,77,70,12,0,0,2,0
7,12,12,12,5,12,20,43,61,86,114,114,112,119,106,118,104,77,53,28,17,9,5,8
0,0,3,5,0,5,11,76,73,115,123,136,133,106,117,127,122,105,82,102,29,7,0,6
0,0,7,2,1,9,50,104,122,110,116,134,175,160,131,121,135,128,129,115,61,9,8,7
3,7,8,7,2,7,56,84,128,106,135,117,156,176,130,124,131,134,119,107,63,14,6,8
0,6,6,7,10,7,48,110,126,137,145,129,113,139,88,116,128,131,128,116,76,35,13,13
0,0,0,9,6,11,48,103,124,142,166,126,90,61,71,112,137,158,125,119,104,33,11,9
0,0,0,0,0,8,100,118,130,141,149,130,106,29,93,113,141,150,134,121,109,36,11,0
0,5,5,2,0,9,75,109,116,136,139,123,105,21,34,109,130,135,134,126,98,27,7,8
5,1,6,3,0,9,62,109,117,129,126,114,101,10,12,104,118,128,126,118,100,55,24,6
0,3,0,3,7,9,36,101,105,115,116,103,66,9,13,90,108,110,107,101,101,7,7,6
1,4,10,3,8,10,47,59,105,111,117,108,53,14,11,24,103,115,109,63,57,10,10,11
0,2,5,5,4,13,58,85,132,144,108,64,54,53,13,39,101,118,169,147,47,12,12,2
10,5,11,7,12,14,50,60,120,166,110,50,45,41,37,40,43,64,140,125,57,14,9,10
7,7,9,13,13,34,42,47,75,72,54,41,30,27,14,19,37,45,62,66,50,26,18,12
0,3,2,2,6,10,10,52,81,70,72,48,23,14,10,14,40,38,44,43,36,16,11,5
11,0,3,1,6,15,13,58,67,58,52,23,21,13,9,11,14,33,32,58,54,37,14,8
5,0,0,0,4,14,21,54,56,51,44,14,24,3,11,21,13,33,45,52,57,51,13,13
0,0,6,0,4,5,12,22,49,30,18,13,14,2,11,15,8,21,23,47,55,42,14,10
3,5,0,0,2,5,4,12,11,11,13,11,11,7,13,24,3,11,11,17,45,24,13,0
0,0,0,5,1,7,2,6,8,10,14,14,13,9,5,11,4,10,7,13,18,16,12,0
0,0,0,6,9,6,0,6,8,10,13,13,12,9,9,9,7,11,6,14,14,11,4,0
0,0,0,1,0,0,0,6,9,13,10,23,13,11,0,12,12,20,13,13,13,12,6,3
0,0,0,0,1,10,13,10,15,15,15,27,10,10,7,12,14,14,42,20,35,14,5,0
1,5,0,2,0,4,11,30,30,27,38,13,9,7,0,14,15,36,14,37,39,32,14,0
4,6,3,0,0,8,14,23,51,51,50,36,12,3,12,21,42,12,32,51,71,23,13,10
1,5,2,3,6,4,8,19,53,63,53,39,11,15,19,12,17,33,25,51,25,25,11,7
0,0,5,9,4,9,11,14,54,58,44,13,13,17,4,2,5,8,15,21,32,10,12,9

10,14,30,117,121,55,50,17,14,20,50,76,55,50,56,55,52,65,98,86,81,33,25,9
17,38,53,139,114,109,108,95,100,51,20,10,0,0,0,8,15,13,4,50,67,54,5,12
14,43,52,58,108,109,107,108,106,106,101,90,102,103,32,12,26,37,14,13,13,8,11,4
13,23,31,35,41,65,59,87,61,69,95,90,93,92,52,12,8,24,10,14,3,3,0,7
0,10,5,39,53,14,41,7,18,2,11,45,58,70,63,64,9,14,23,14,9,0,0,1
4,4,11,29,23,14,52,51,55,40,66,62,70,76,74,64,62,9,5,36,4,0,0,5
6,7,10,31,13,12,12,58,64,77,104,119,109,131,126,122,75,26,6,3,4,12,2,0
0,0,7,50,1,7,7,20,69,91,111,122,99,118,124,125,90,67,75,1,0,9,4,5
0,0,0,0,0,0,14,9,58,78,74,96,97,131,129,115,90,53,0,0,0,0,0,0
0,0,0,0,0,0,0,25,74,92,117,148,149,172,169,133,119,92,54,4,0,0,0,9
0,0,0,0,0,6,6,62,79,107,166,192,179,270,280,199,132,90,50,13,11,0,0,0
0,0,0,0,0,9,18,71,108,178,243,174,147,204,272,273,155,89,54,0,0,0,0,0
0,0,0,0,10,0,14,62,111,146,157,176,172,173,170,174,146,81,56,0,0,0,0,0
0,0,0,0,6,0,14,89,101,121,142,155,162,166,160,142,131,108,102,7,0,0,0,0
0,0,0,0,0,0,7,61,70,77,117,144,140,149,146,133,113,103,85,1,0,0,0,0
0,0,0,0,3,0,7,50,71,70,93,123,134,146,136,119,99,104,54,9,0,0,0,0
3,4,0,9,0,8,9,27,62,73,113,109,135,121,96,86,91,77,69,11,0,0,2,0
7,12,12,12,5,12,20,43,60,85,115,116,115,121,108,120,103,75,53,28,16,9,5,8
0,0,3,5,0,4,11,75,72,114,123,136,134,107,117,128,121,103,81,102,28,7,0,6
0,0,7,2,0,9,50,104,121,109,116,134,174,160,130,121,134,127,129,115,60,9,8,7
3,7,8,7,2,7,56,83,127,105,134,116,155,175,130,123,130,133,119,107,62,14,6,8
0,6,6,7,10,7,48,110,125,137,144,128,113,138,87,116,128,131,128,115,76,34,13,13
0,0,0,9,6,11,48,102,124,142,165,126,89,60,71,111,137,158,125,119,104,33,11,9
0,0,0,0,0,8,100,118,130,141,149,130,105,30,96,113,141,150,134,121,109,34,11,0
0,5,5,2,0,8,73,109,116,136,139,123,105,20,34,109,130,135,134,126,98,27,7,8
5,1,6,3,0,9,62,109,117,129,126,114,101,10,12,104,118,128,126,119,100,55,24,6
0,3,0,3,7,9,37,101,105,115,116,103,66,9,13,92,108,110,107,101,101,7,7,6
1,4,10,3,8,10,48,59,105,111,117,108,53,14,11,24,103,115,109,63,57,10,10,11
0,2,5,5,4,13,57,85,132,144,108,64,54,54,13,40,101,117,168,147,47,12,12,2
10,5,11,7,12,14,50,60,121,167,111,50,45,41,37,40,43,64,141,125,57,14,9,10
7,7,9,13,13,34,41,48,75,73,54,41,30,27,14,19,37,45,63,66,50,26,18,12
0,3,2,2,6,10,10,52,81,71,72,50,23,14,10,14,40,37,45,43,36,16,12,5
11,0,3,1,6,15,13,58,67,58,52,23,19,13,10,11,14,33,32,58,54,37,14,8
5,0,0,0,4,13,22,54,56,51,44,14,22,4,11,21,13,32,45,52,57,51,13,13
0,0,6,0,4,5,12,23,49,30,18,13,14,3,11,16,9,20,22,47,55,42,14,10
3,5,0,0,2,5,4,12,12,11,13,11,12,7,13,25,3,11,11,17,45,23,13,0
0,0,0,5,1,7,2,6,8,10,14,14,13,9,5,12,4,10,7,13,18,16,12,0
0,0,0,6,9,6,0,6,8,10,13,13,13,9,9,9,7,11,6,14,14,11,4,0
0,0,0,1,0,0,0,6,9,13,10,23,13,11,0,12,12,21,13,13,13,12,6,3
0,0,0,0,1,10,13,10,14,15,15,27,10,10,7,12,14,14,42,20,36,14,5,0
1,5,0,2,0,4,11,30,31,26,38,13,9,7,0,14,15,37,14,37,36,33,14,0
4,6,3,0,0,8,14,24,51,51,48,36,12,3,12,21,44,12,32,51,71,23,13,10
1,5,2,3,6,4,8,19,54,63,53,37,11,15,19,12,17,35,24,51,25,25,11,7
0,0,5,9,4,9,11,14,54,58,45,13,13,17,4,2,5,8,15,21,32,10,12,9

11,14,29,117,121,55,50,18,14,21,50,76,55,51,56,56,53,65,98,87,81,33,25,9
18,38,53,138,114,109,108,95,100,51,22,11,0,0,0,8,16,13,4,50,67,54,5,12
14,43,52,58,108,110,107,108,106,106,101,89,101,103,34,12,26,38,14,13,13,8,11,4
13,24,30,35,41,64,59,85,61,69,95,90,93,92,52,12,8,24,10,14,3,3,0,7
0,10,5,39,53,14,41,7,16,2,11,47,58,71,63,64,9,14,23,14,9,0,0,1
4,4,11,29,23,14,52,51,56,40,66,63,70,76,74,64,62,10,5,36,4,0,0,5
7,7,10,32,13,12,12,58,64,78,104,119,109,131,126,122,76,27,6,3,4,12,2,0
0,0,7,50,1,8,7,21,69,92,112,123,99,119,125,126,90,67,75,1,0,9,4,5
0,0,0,0,0,0,14,10,58,78,75,96,97,131,129,116,91,54,0,0,0,0,0,0
0,0,0,0,0,0,0,26,74,93,118,149,151,173,171,135,120,92,54,4,0,0,0,9
0,0,0,0,0,6,6,62,79,108,166,193,180,270,281,200,131,90,50,13,11,0,0,0
0,0,0,0,0,9,18,70,108,177,244,173,146,201,272,274,154,88,54,0,0,0,0,0
0,0,0,0,10,0,14,62,110,146,155,173,170,171,169,175,146,81,56,0,0,0,0,0
0,0,0,0,6,0,14,89,101,120,141,152,159,164,158,141,131,107,102,7,0,0,0,0
0,0,0,0,0,0,7,61,70,77,116,143,139,148,146,132,113,103,86,1,0,0,0,0
0,0,0,0,3,0,7,50,71,70,92,122,134,145,135,118,98,104,54,9,0,0,0,0
3,4,0,9,0,8,9,28,62,74,113,108,135,120,95,86,91,77,70,12,0,0,2,0
7,12,12,12,5,12,20,43,61,85,115,115,114,120,107,119,104,76,53,28,16,9,5,8
0,0,3,5,0,5,11,76,73,115,123,136,133,107,117,128,122,104,81,102,29,7,0,6
0,0,7,2,1,9,50,104,122,110,116,134,175,161,131,121,135,128,129,115,61,9,8,7
3,7,8,7,2,7,56,84,128,106,135,116,155,176,130,124,131,133,119,107,62,14,6,8
0,6,6,7,10,7,48,110,126,137,145,128,113,139,88,116,128,131,128,115,76,35,13,13
0,0,0,9,6,11,48,103,124,142,166,126,89,59,71,112,137,158,125,119,104,33,11,9
0,0,0,0,0,8,100,118,130,140,149,130,106,29,94,113,141,150,134,121,109,37,11,0
0,5,5,2,0,9,73,109,116,136,139,123,105,21,34,109,130,136,134,126,98,26,7,8
5,1,6,3,0,9,62,109,117,129,125,114,102,10,12,104,118,128,126,118,100,56,25,6
0,3,0,3,7,9,37,101,105,115,116,103,66,8,13,89,108,110,107,101,101,7,7,6
1,4,10,3,8,10,47,59,105,111,117,108,53,14,11,23,103,115,109,63,57,10,10,11
0,1,5,5,4,13,58,85,132,143,108,64,54,53,13,40,101,118,169,147,47,12,12,2
10,5,11,7,12,14,50,60,120,166,111,50,45,41,37,39,43,64,140,125,57,14,9,10
7,7,9,13,13,34,41,48,75,72,54,41,30,27,14,19,37,45,62,66,50,26,18,12
0,3,2,2,6,10,10,52,81,70,72,48,23,14,10,14,40,37,44,43,36,16,12,5
11,0,3,1,6,16,13,58,67,58,52,25,23,13,9,11,14,33,32,58,54,37,14,8
5,0,0,0,5,14,21,54,56,51,44,14,22,4,11,21,13,33,45,52,57,51,13,13
0,0,6,0,4,5,12,22,49,31,19,13,14,2,11,15,8,21,23,47,55,42,14,10
3,5,0,0,3,5,4,12,12,11,13,11,12,7,13,25,3,11,11,17,44,23,13,0
0,0,0,5,1,7,2,6,8,10,14,14,13,9,6,11,4,10,7,13,18,16,12,0
0,0,0,6,9,6,0,6,8,10,13,13,13,9,9,9,7,11,6,14,14,11,4,0
0,0,0,1,0,0,0,6,9,13,9,23,13,11,0,12,12,20,13,13,13,12,6,3
0,0,0,0,1,10,13,10,14,15,15,27,10,11,7,12,14,14,42,20,35,14,5,0
1,5,0,2,0,4,11,30,30,27,38,13,9,7,1,13,15,36,14,37,36,32,14,0
4,6,3,0,0,8,14,23,51,51,48,37,12,4,12,21,44,12,33,51,71,23,13,10
1,5,2,3,6,4,8,19,53,63,53,37,11,15,19,12,17,33,25,51,25,25,11,7
0,0,5,9,4,9,11,14,54,58,43,13,13,17,4,2,5,8,15,21,32,10,12,9
12,39,61,422,142,121,113,89,104,94,58,42,52,41,14,7,6,7,10,6,1,8,5,0
14,65,106,197,134,113,117,67,26,0,0,0,0,10,51,98,101,115,133,140,71,40,25,17
10,61,14,63,67,67,44,32,51,56,56,90,101,109,119,129,131,144,208,476,84,67,62,53
11,0,15,10,22,14,7,5,13,62,96,95,101,112,114,113,119,115,119,96,54,42,32,30
2,0,0,9,12,20,36,9,36,27,11,0,0,0,0,10,8,47,62,65,52,8,14,4
4,0,0,0,27,3,3,32,26,34,13,8,7,9,11,42,49,54,33,51,43,19,8,9
0,1,9,3,0,0,0,52,13,59,25,54,51,59,58,60,57,10,12,13,43,14,9,9
8,4,8,2,0,51,8,65,86,81,71,65,77,71,68,64,6,0,0,0,52,12,1,0
0,0,0,0,0,0,0,53,74,76,66,54,60,57,66,33,0,5,0,0,0,0,2,1
8,0,0,0,0,8,22,83,106,119,113,104,109,101,84,55,6,0,0,0,0,0,0,0
0,0,0,9,10,10,65,101,144,146,153,133,124,124,90,70,51,0,0,0,0,0,0,0
0,0,0,3,0,40,80,131,161,183,183,145,149,173,131,104,63,11,5,0,0,0,0,0
0,0,0,0,0,50,78,132,154,170,177,184,185,149,131,104,57,14,0,7,0,0,0,0
0,0,0,0,1,98,105,126,143,168,177,174,161,142,118,101,90,12,0,7,0,0,0,0
0,0,0,2,0,81,102,113,137,154,159,144,148,119,77,70,59,10,0,1,0,0,3,0
0,0,0,0,9,51,104,100,122,142,152,137,127,94,70,70,43,9,3,5,0,0,0,0
0,3,0,0,11,66,77,93,91,102,128,141,116,118,73,61,17,9,10,2,10,1,5,4
9,6,9,14,27,52,75,108,128,117,130,124,124,122,86,58,41,24,12,7,13,13,12,8
7,0,6,27,103,83,104,126,133,126,117,143,143,128,117,73,72,10,5,2,5,4,0,0
8,9,10,62,116,132,131,140,126,137,178,190,140,121,113,125,105,50,11,1,4,8,1,0
9,7,15,65,109,124,137,135,127,135,187,168,122,140,110,132,84,57,9,2,8,9,7,5
13,13,35,80,120,134,136,132,120,96,150,121,134,149,140,127,111,49,8,11,8,7,6,0
9,11,33,105,122,129,164,140,114,76,70,100,128,170,144,126,103,45,12,6,10,3,0,1
0,10,37,110,123,137,155,143,113,92,40,105,130,151,142,131,118,100,9,2,0,0,0,0
8,6,27,100,129,137,137,131,109,17,21,104,124,141,137,117,109,75,10,3,3,6,5,0
6,24,55,100,120,127,129,119,103,12,10,101,114,127,130,118,109,64,10,1,6,6,1,6
5,6,7,101,101,108,110,108,79,11,8,61,103,116,116,105,101,40,10,8,3,0,3,0
11,10,12,59,64,109,115,103,14,9,14,52,107,118,112,106,59,50,9,7,3,9,3,1
2,13,13,48,142,153,116,100,36,12,50,53,61,107,133,128,82,55,12,3,5,5,2,0
9,8,13,59,127,140,64,42,38,35,40,44,50,116,163,121,60,43,14,12,7,11,5,10
11,14,26,51,67,63,45,37,16,12,23,28,40,53,73,77,49,42,33,13,13,9,7,7
5,11,16,36,41,44,35,39,13,10,13,14,38,67,68,83,53,11,10,6,2,2,3,0
7,14,39,54,57,30,32,13,11,10,12,18,12,50,56,67,58,13,18,6,1,3,0,11
13,13,52,57,52,42,31,13,21,11,2,19,11,36,50,56,54,22,13,3,0,0,0,5
10,14,44,54,45,18,18,8,16,11,0,14,13,14,24,49,23,12,3,3,0,5,0,0
0,13,23,39,14,10,9,2,25,11,5,11,10,11,9,11,12,4,4,1,0,0,4,2
0,12,17,18,12,4,8,2,11,5,9,12,14,13,8,7,5,1,5,0,2,0,0,0
0,4,11,14,14,4,11,6,9,5,7,12,13,13,9,8,5,0,5,9,4,0,0,0
2,6,12,13,13,13,21,11,12,0,10,12,22,9,13,8,5,0,0,0,0,0,0,0
0,5,14,34,20,43,14,14,12,7,10,8,27,15,14,14,8,12,10,1,0,0,0,0
0,14,32,34,37,14,34,16,19,0,4,8,13,37,23,29,26,10,3,0,0,0,3,0
10,13,22,67,50,29,12,43,19,12,0,11,31,45,50,51,24,14,7,0,0,3,6,4
6,10,25,25,50,17,31,14,11,18,14,10,31,52,60,54,19,10,3,6,2,2,5,1
9,12,10,32,21,15,7,5,2,4,16,13,12,39,58,55,14,11,9,3,9,5,0,0

12,41,62,445,144,123,114,90,105,94,58,48,52,41,14,7,6,7,10,6,2,8,5,0
14,65,107,198,135,113,117,67,26,0,0,0,0,10,51,99,102,116,134,141,71,40,26,18
10,63,14,63,67,67,44,32,51,57,60,95,101,109,119,129,131,145,210,482,85,67,62,53
12,0,22,11,21,14,8,5,13,62,96,96,101,112,114,113,119,115,119,95,54,43,32,29
2,0,0,9,12,21,34,9,35,32,11,0,0,0,0,10,8,46,62,65,52,8,14,5
4,0,0,0,28,3,3,31,27,36,14,10,7,10,11,42,49,53,33,51,43,20,8,9
0,1,7,3,0,0,0,52,13,60,43,54,51,59,58,60,57,10,12,13,43,14,9,9
8,4,8,2,0,50,7,64,85,79,70,64,76,70,67,63,6,0,0,0,52,12,2,0
0,0,0,0,0,0,0,52,72,73,64,52,57,55,65,27,0,5,0,0,0,0,2,1
8,0,0,0,0,7,14,81,101,113,110,102,103,95,81,52,5,0,0,0,0,0,0,0
0,0,0,8,10,8,63,94,132,140,153,135,120,112,82,66,50,0,0,0,0,0,0,0
0,0,0,3,0,33,76,124,156,183,185,147,151,166,119,99,59,10,4,0,0,0,0,0
0,0,0,0,0,50,76,128,154,172,180,188,189,150,130,101,56,13,0,7,0,0,0,0
0,0,0,0,1,100,105,126,145,171,180,178,164,144,119,101,93,12,0,7,0,0,0,0
0,0,0,1,0,80,103,114,138,157,163,146,151,121,77,70,62,10,0,2,0,0,3,0
0,0,0,0,8,50,104,101,124,144,155,139,130,95,71,71,41,9,3,5,0,0,0,0
0,3,0,0,10,63,76,93,92,103,130,143,118,120,74,61,15,9,10,2,10,1,5,4
9,6,9,14,26,51,71,106,130,120,131,127,126,123,85,57,40,23,12,7,13,13,12,8
7,0,6,25,102,81,100,123,133,126,118,144,143,127,115,71,71,10,5,2,5,4,0,0
8,9,10,62,116,131,130,138,125,137,177,189,139,120,112,124,104,50,11,1,3,8,1,0
8,6,14,64,109,123,137,135,127,135,186,166,121,139,109,131,84,57,8,2,8,9,7,4
13,13,35,79,119,133,136,132,119,94,149,120,133,148,139,126,110,49,8,11,8,7,6,0
9,11,33,105,122,129,164,140,114,75,69,99,128,169,144,125,103,45,12,6,10,3,0,1
0,11,36,110,123,136,155,143,113,91,40,106,130,150,142,131,118,100,8,2,0,0,0,0
8,6,26,100,129,136,137,131,109,19,21,104,124,141,137,117,109,75,10,3,3,6,5,0
6,24,55,100,120,127,130,119,103,12,10,101,114,127,130,118,109,66,10,1,6,6,1,6
5,6,7,101,101,108,110,108,79,11,8,61,103,116,116,105,101,41,9,8,3,0,3,0
11,10,12,59,64,109,115,103,14,9,14,52,107,118,112,106,59,50,9,7,3,9,3,1
2,13,13,48,142,154,116,100,36,12,50,52,62,107,133,128,82,56,12,3,5,5,2,0
9,8,13,59,128,141,64,42,38,35,40,44,50,116,164,121,60,44,14,12,7,11,5,10
11,14,26,51,67,63,44,37,17,12,24,29,41,54,73,77,49,42,33,12,13,9,7,7
5,11,16,36,41,44,36,40,13,10,13,18,40,68,69,84,53,11,10,6,2,2,2,0
7,14,39,54,57,30,32,13,11,10,12,18,13,50,56,67,58,13,19,6,1,3,0,11
13,13,52,57,51,42,31,13,23,11,2,20,11,36,50,56,54,22,14,3,0,0,0,5
10,14,44,54,44,18,19,8,16,11,1,14,13,14,24,48,24,12,4,3,0,5,0,0
0,13,23,40,14,10,9,3,25,12,6,11,10,11,10,11,12,5,5,1,0,0,4,2
0,12,16,18,12,5,9,3,11,5,9,12,14,13,9,7,6,1,6,0,2,0,0,0
0,4,11,14,14,4,11,6,9,6,8,12,13,13,9,8,5,0,5,9,4,0,0,0
2,6,12,13,13,13,22,11,12,0,11,12,23,9,13,8,5,0,0,0,0,0,0,0
0,5,14,34,20,43,15,14,12,7,10,8,27,15,14,14,9,13,10,1,0,0,0,0
0,14,30,33,37,14,35,16,19,0,4,9,13,37,23,30,27,10,3,0,0,0,3,0
10,13,22,67,50,29,12,44,20,12,0,12,33,45,51,51,24,14,7,0,0,3,6,4
6,10,25,25,50,20,32,15,11,18,14,10,33,52,60,54,19,10,3,6,2,2,5,1
9,12,10,32,21,15,8,5,2,4,16,13,12,40,58,55,14,11,9,3,9,5,0,0

12,40,63,449,142,122,114,91,105,94,58,50,52,36,13,7,6,7,10,7,2,8,5,0
14,64,107,196,134,114,118,68,27,1,0,0,0,10,51,98,101,116,133,141,71,40,25,19
11,64,14,63,66,65,42,32,51,57,60,97,101,109,119,129,131,145,210,484,85,67,62,53
11,0,20,10,19,14,7,5,13,61,95,96,101,112,114,113,119,115,119,95,54,42,32,29
2,0,0,9,12,21,34,9,36,32,10,0,0,0,0,10,8,48,62,65,51,8,14,5
4,0,0,0,28,4,3,35,28,40,20,15,4,13,12,43,50,53,32,50,43,19,8,9
0,1,7,3,0,0,0,53,25,63,57,57,57,63,59,61,57,10,11,13,42,14,9,9
7,4,9,1,0,53,10,66,90,85,75,68,83,73,69,64,6,0,0,0,52,12,1,0
0,0,0,0,0,0,1,58,79,85,71,57,64,58,67,34,0,5,0,0,0,0,2,1
8,0,0,0,0,9,49,89,114,133,120,109,117,106,85,56,6,0,0,0,0,0,0,0
0,0,0,8,10,11,67,107,162,157,153,131,126,132,94,71,54,0,1,0,0,0,0,0
0,0,0,1,0,44,81,137,164,179,177,140,145,171,135,104,63,11,5,0,0,0,0,0
0,0,0,0,0,51,80,134,151,166,173,178,179,147,131,104,57,14,0,7,0,0,0,0
0,0,0,0,1,100,106,125,142,165,174,171,159,142,118,101,93,12,0,7,0,0,0,0
0,0,0,1,0,81,103,113,136,153,158,143,147,119,77,70,61,9,0,1,0,0,2,0
0,0,0,0,8,52,104,100,122,141,151,137,126,94,71,71,44,9,2,4,0,0,0,0
0,3,0,0,11,66,77,92,90,100,127,140,115,118,74,62,21,10,10,2,10,1,4,4
8,6,9,15,27,52,74,107,128,116,128,123,123,122,86,59,42,24,12,7,13,13,12,8
6,0,6,28,103,82,103,125,133,125,116,142,142,127,116,72,73,10,5,2,5,4,0,0
7,8,10,62,116,131,130,138,125,137,176,189,139,120,112,125,104,50,11,1,3,8,1,0
8,6,14,65,109,123,137,134,126,135,185,166,121,139,109,131,84,57,8,2,8,9,7,4
13,13,35,79,119,133,135,131,119,94,149,120,134,148,139,127,111,49,9,11,8,7,6,0
9,11,33,105,121,128,163,140,114,75,68,98,128,169,144,125,103,46,12,6,10,2,0,1
0,11,38,110,123,136,154,143,113,92,42,106,130,150,142,130,118,100,9,2,0,0,0,0
8,6,26,100,128,136,137,131,109,20,22,105,124,140,137,117,109,73,10,2,3,6,5,0
6,24,55,100,120,127,129,119,103,12,10,101,114,126,130,118,109,63,10,1,6,6,1,6
5,6,7,101,101,108,110,108,81,11,8,62,103,116,116,105,101,40,9,8,3,0,3,0
11,10,12,59,64,109,115,103,14,9,14,52,108,118,111,106,59,50,9,7,3,9,3,1
2,13,13,48,142,156,116,101,37,12,50,53,62,107,135,128,82,55,12,3,5,5,2,0
9,9,14,59,128,141,63,42,38,36,40,44,50,114,167,121,60,43,14,12,7,11,5,10
12,14,26,50,67,63,45,37,17,13,25,29,41,54,73,76,48,41,33,12,13,9,7,7
5,11,16,36,41,44,36,40,13,10,13,20,43,69,69,82,53,10,10,6,2,2,3,0
7,14,38,54,57,30,32,13,11,10,12,19,13,50,56,67,58,13,16,6,1,3,0,11
13,13,52,57,52,42,31,13,20,11,2,20,12,38,50,56,54,21,13,3,0,0,0,5
10,14,43,54,44,20,19,8,15,11,1,14,13,15,25,47,22,12,4,3,0,6,0,0
0,13,23,40,14,10,10,3,25,12,6,11,11,12,10,11,12,4,5,1,0,0,4,3
0,12,16,18,12,6,9,3,11,5,9,13,14,13,9,7,6,1,6,0,2,0,0,0
0,4,11,13,14,5,11,6,9,7,8,12,13,13,9,8,5,0,6,9,4,0,0,0
3,6,12,13,13,13,22,11,12,0,11,12,23,9,13,8,5,0,0,0,0,0,0,0
0,5,14,34,20,44,14,14,12,7,10,9,28,15,14,14,9,12,10,1,0,0,0,0
0,14,32,34,37,14,35,16,20,0,5,9,13,38,25,30,27,10,3,0,0,0,4,0
10,13,22,67,50,32,12,45,20,12,1,12,34,46,51,51,23,14,7,0,0,3,6,4
6,10,25,25,50,20,32,16,12,18,14,11,34,52,61,54,19,9,3,6,2,2,5,1
9,12,10,32,21,15,8,5,2,4,16,13,12,42,58,55,14,11,9,4,8,5,0,0

12,45,73,503,141,122,113,87,104,90,56,45,53,31,12,10,8,8,10,8,3,8,6,0
14,63,115,188,129,112,115,65,26,2,0,0,0,9,50,96,101,115,133,142,72,40,25,18
12,68,15,62,64,64,43,32,51,57,65,100,100,108,118,128,130,144,209,490,86,67,61,53
11,0,23,10,25,14,8,5,13,61,93,94,100,111,113,112,119,115,119,97,54,42,32,29
2,0,0,10,12,22,36,9,32,33,10,0,0,0,0,10,8,48,62,64,51,8,14,5
4,0,0,0,30,4,4,38,29,42,28,23,4,17,13,44,50,54,31,50,43,18,8,9
0,1,7,3,1,0,0,54,42,65,62,59,61,66,60,61,57,10,12,13,42,14,9,9
7,4,9,1,0,54,12,67,91,87,77,69,87,75,69,64,7,0,0,0,52,12,1,0
0,0,0,0,0,0,3,61,81,88,74,60,68,59,68,38,0,5,0,0,0,0,2,1
8,0,0,0,0,11,51,92,115,141,126,112,123,107,87,57,7,0,0,0,0,0,0,0
0,0,0,8,10,13,69,111,183,173,156,131,136,149,100,72,55,0,2,0,0,0,0,0
0,0,0,1,0,46,82,142,173,180,175,137,145,183,148,105,65,11,6,0,0,0,0,0
0,0,0,0,0,52,81,138,151,164,170,173,176,147,134,105,56,14,0,6,0,0,0,0
0,0,0,0,2,100,106,126,141,162,171,168,156,141,119,101,91,12,0,7,0,0,0,0
0,0,0,1,0,81,103,113,135,150,155,142,146,118,77,70,59,9,0,1,0,0,2,0
0,0,0,0,9,52,104,100,121,139,149,136,125,93,71,71,48,8,2,4,0,0,0,0
0,3,0,0,11,68,77,92,89,99,125,139,113,117,74,62,24,10,10,1,10,0,4,4
8,6,9,16,28,53,76,107,127,114,127,121,122,121,87,60,43,24,12,7,13,13,12,7
6,0,6,29,103,83,105,126,132,124,115,141,142,127,117,73,73,11,5,2,5,4,0,0
7,8,10,62,116,131,130,139,125,137,175,188,139,120,112,125,104,50,11,1,3,8,1,0
8,6,14,65,109,123,136,134,127,135,186,166,121,139,109,132,84,56,8,2,8,9,7,4
13,13,35,79,119,133,135,131,119,94,148,120,133,148,139,127,111,49,8,11,8,7,6,0
9,11,33,105,121,128,163,139,114,75,68,98,128,169,144,125,103,46,12,6,10,2,0,1
0,11,38,110,123,136,154,143,113,92,40,106,130,150,142,130,118,100,9,2,0,0,0,0
8,6,26,100,128,136,137,131,109,20,25,105,124,140,137,117,109,75,9,2,3,6,5,0
6,23,55,100,119,127,129,119,103,12,10,101,114,126,130,118,109,63,10,1,6,6,1,6
5,6,7,101,101,108,110,108,81,11,8,63,103,116,116,105,101,40,9,8,3,0,3,0
11,10,12,59,64,109,115,103,14,10,14,52,108,118,111,106,59,50,9,7,3,9,3,1
2,13,13,48,142,156,116,101,36,12,51,53,63,107,136,128,83,55,12,3,5,5,2,0
9,9,14,59,128,142,63,42,38,36,40,45,50,113,168,122,60,44,14,12,7,11,5,10
12,14,26,50,66,63,45,37,18,13,25,29,41,54,73,76,48,41,33,13,13,9,7,7
5,11,16,36,41,44,36,42,13,10,14,19,44,71,69,81,53,10,10,6,2,2,3,0
7,14,37,54,57,30,32,13,11,9,12,19,14,51,56,66,58,13,15,6,1,3,0,11
13,13,51,56,51,43,31,13,19,11,3,20,13,39,50,56,54,20,13,3,0,0,0,5
10,14,43,54,44,19,19,8,15,11,1,14,13,15,26,47,22,12,4,3,0,5,0,0
0,13,23,40,14,10,10,3,24,12,6,11,11,12,10,11,12,4,5,1,0,0,4,2
0,12,16,17,12,6,9,3,11,5,9,13,14,13,9,7,5,1,6,0,3,0,0,0
0,4,11,13,14,5,11,6,9,7,8,13,13,13,9,8,5,0,5,9,4,0,0,0
3,6,12,13,13,13,22,12,12,0,11,13,23,9,13,8,5,0,0,0,0,0,0,0
0,5,14,34,21,43,15,14,12,7,10,9,27,15,14,14,9,13,10,1,0,0,0,0
0,14,30,34,38,14,36,16,20,0,5,9,13,38,25,30,27,10,3,0,0,0,4,0
10,13,22,67,51,31,12,44,20,12,1,12,36,46,51,51,23,14,7,0,0,3,6,4
7,10,25,25,50,20,33,17,12,18,14,11,35,53,61,54,18,9,3,6,2,2,5,1
9,12,10,32,21,15,8,5,2,4,17,13,12,41,58,54,14,11,9,4,9,5,0,0

12,45,75,510,141,121,112,86,103,89,57,48,54,34,13,10,9,8,10,7,3,8,5,0
14,62,115,187,129,111,114,64,24,1,0,0,0,9,50,95,100,115,133,142,72,40,26,19
13,68,15,62,65,64,43,32,51,56,66,100,100,108,117,127,130,144,208,494,86,67,61,53
11,0,23,10,26,14,8,5,13,60,91,93,100,110,112,112,118,115,119,97,54,42,32,29
2,0,0,11,12,23,37,9,30,35,10,0,0,0,0,10,8,48,62,64,51,8,14,5
4,0,0,0,31,5,5,39,30,43,31,27,6,20,13,45,50,54,31,50,42,18,8,9
0,1,7,3,1,0,0,54,50,66,64,60,63,68,61,62,58,10,12,13,42,14,9,9
7,4,9,0,0,55,12,67,92,88,79,71,90,76,70,65,7,0,0,0,52,12,1,0
0,0,0,0,0,0,3,60,81,89,76,62,70,60,69,40,0,5,0,0,0,0,1,1
8,0,0,0,0,12,52,93,116,145,132,116,127,108,88,58,7,0,0,0,0,0,0,0
0,0,0,9,10,13,70,114,196,190,159,131,144,163,102,73,56,0,2,0,0,0,0,0
0,0,0,0,0,47,81,144,183,181,174,135,144,194,158,105,65,12,6,0,0,0,0,0
0,0,0,0,0,52,81,141,151,162,168,170,173,147,136,105,56,15,0,7,0,0,0,0
0,0,0,0,2,100,106,126,140,160,168,165,154,140,119,100,87,13,0,7,0,0,0,0
0,0,0,1,0,82,103,113,134,149,153,141,144,117,77,70,58,8,0,1,0,0,1,0
0,0,0,0,9,53,105,100,120,138,148,135,124,93,71,71,48,8,2,4,0,0,0,0
0,3,0,0,12,69,77,92,89,98,124,138,112,116,74,62,27,10,10,1,10,0,4,4
8,6,9,16,28,54,78,108,125,113,125,119,120,120,88,61,43,24,12,7,13,12,12,7
6,0,6,30,103,83,106,126,132,123,114,140,141,127,118,74,75,11,5,2,5,3,0,0
7,8,10,63,116,132,131,139,125,136,174,187,139,121,113,125,105,50,11,1,3,8,1,0
8,6,14,65,109,123,136,134,127,135,185,166,121,139,109,132,85,57,8,2,8,9,7,4
13,13,35,79,119,133,135,131,119,94,148,120,133,148,139,127,111,49,8,11,8,6,6,0
9,11,33,105,121,128,162,139,114,75,67,98,128,169,144,125,103,47,12,6,10,2,0,0
0,11,37,110,123,136,154,143,113,93,40,106,130,150,142,130,118,100,8,2,0,0,0,0
8,6,26,100,128,136,137,131,109,22,24,105,124,140,137,117,109,73,10,2,2,6,5,0
6,23,55,100,119,127,129,119,103,12,10,101,114,126,129,117,109,63,10,1,6,5,1,5
5,6,7,101,101,108,110,108,82,11,8,64,103,116,116,105,101,39,9,8,3,0,3,0
11,10,12,59,64,109,115,103,14,10,14,53,108,118,111,106,59,50,9,7,3,9,3,1
2,13,13,48,142,157,116,101,34,12,51,53,63,107,137,128,83,55,12,3,5,5,2,0
9,9,14,59,128,142,63,42,39,36,40,45,50,113,168,121,60,43,14,12,7,11,5,10
12,14,26,50,66,63,45,37,18,13,25,30,41,54,73,76,48,41,33,13,13,9,7,7
5,11,16,36,41,44,36,40,13,10,13,21,44,70,70,81,52,10,10,6,2,2,3,0
7,14,37,54,57,31,32,13,11,10,12,19,14,51,56,66,58,13,14,6,1,3,0,11
13,13,51,57,51,43,31,13,19,11,3,20,13,39,50,56,54,20,13,3,0,0,0,5
10,14,43,54,45,20,19,8,15,11,1,14,13,16,26,46,22,12,4,3,0,6,0,0
0,13,23,40,14,11,10,3,24,12,6,11,11,12,10,11,12,4,5,1,0,0,4,3
0,12,16,18,12,6,10,3,11,5,9,13,14,13,9,7,6,1,6,0,3,0,0,0
0,4,11,13,14,5,11,6,9,8,8,13,13,13,9,8,5,0,6,9,4,0,0,0
3,6,12,13,13,13,21,11,12,0,11,13,23,9,13,8,5,0,0,0,0,0,0,0
0,5,14,35,20,44,14,14,12,7,10,9,28,15,14,14,9,12,10,1,0,0,0,0
0,14,32,34,38,14,36,16,20,0,5,9,13,38,25,30,27,10,3,0,0,0,4,1
10,13,22,67,50,31,12,45,21,12,2,12,36,47,51,51,23,14,7,0,0,3,6,4
7,10,25,25,50,21,33,16,12,19,14,11,35,53,61,54,18,9,3,6,2,2,5,1
9,12,10,32,21,15,8,5,2,4,17,13,12,42,58,54,14,11,9,4,8,5,0,0

12,45,75,512,141,121,112,85,103,89,56,46,54,33,13,10,9,8,10,7,3,8,5,0
14,62,116,188,129,111,114,63,25,1,0,0,0,9,50,95,100,115,132,142,72,39,25,18
13,69,15,62,65,64,44,32,51,57,66,100,100,108,117,127,130,144,208,495,86,67,61,53
11,0,23,10,28,14,8,6,13,60,91,93,100,110,112,111,118,115,119,98,54,42,32,29
2,0,0,11,12,23,38,10,30,38,11,0,0,0,0,10,8,47,61,64,51,8,14,5
4,0,0,0,32,5,5,40,31,45,34,30,7,24,13,46,50,55,30,50,42,18,8,9
0,1,8,3,1,0,0,55,50,67,65,61,64,69,61,62,58,10,12,13,42,14,9,9
7,4,9,0,0,55,13,68,93,89,80,72,91,78,70,65,7,0,0,0,52,12,1,0
0,0,0,0,0,0,4,61,82,90,77,64,72,60,69,44,0,5,0,0,0,0,1,1
8,0,0,0,0,13,54,95,116,148,135,118,131,109,89,58,8,0,0,0,0,0,0,0
0,0,0,9,11,14,71,115,205,204,160,131,151,172,104,73,57,0,3,0,0,0,0,0
0,0,0,0,0,48,81,145,190,182,172,133,144,204,164,105,65,12,7,0,0,0,0,0
0,0,0,0,0,52,81,145,152,160,166,166,169,147,139,105,56,17,0,7,0,0,0,0
0,0,0,0,2,100,106,126,139,158,165,162,152,140,119,100,84,13,0,7,0,0,0,0
0,0,0,1,0,82,102,113,133,147,151,140,143,116,76,69,57,8,0,1,0,0,1,0
0,0,0,0,10,54,105,99,119,137,146,134,122,92,70,71,50,8,1,4,0,0,0,0
0,3,0,0,12,70,77,92,88,97,123,137,110,115,74,62,28,10,10,1,10,0,4,4
8,6,9,17,28,55,79,108,124,111,123,117,118,119,89,61,44,24,12,6,13,12,12,7
6,0,6,30,103,84,108,127,132,122,113,139,140,127,119,75,76,11,5,2,5,3,0,0
7,9,10,63,116,132,131,140,125,136,174,187,140,121,113,125,105,51,11,1,3,7,0,0
8,6,14,65,109,123,137,134,127,135,185,166,122,139,109,132,85,57,8,2,8,9,7,4
13,13,35,79,119,133,135,131,119,94,148,120,133,148,139,127,111,49,8,11,7,6,6,0
9,11,33,105,121,128,162,139,114,76,67,97,128,169,144,125,103,47,12,6,10,2,0,0
0,11,38,110,123,136,153,143,113,93,40,106,130,150,142,130,118,100,9,2,0,0,0,0
8,6,27,100,128,136,137,131,109,23,24,105,124,140,137,117,109,75,10,2,2,6,5,0
6,23,56,100,119,127,129,119,103,12,10,101,114,126,129,118,109,64,9,1,6,5,1,5
5,6,7,101,101,108,110,108,84,11,8,64,103,116,116,105,101,39,9,7,3,0,3,0
11,10,12,59,64,109,115,103,14,10,14,53,108,118,111,106,59,50,9,7,3,9,3,1
2,13,13,48,142,157,116,101,36,13,51,53,63,107,137,128,84,55,12,3,5,5,2,0
9,9,14,59,128,142,63,42,39,36,40,45,50,112,168,121,60,44,14,12,7,11,5,10
12,14,25,50,67,63,45,37,18,13,25,29,41,54,73,76,48,41,34,13,13,9,7,7
5,11,16,36,41,44,37,40,13,10,13,21,45,71,69,81,52,10,10,6,2,2,3,0
7,14,37,54,57,31,32,13,11,10,12,20,14,51,56,66,58,13,14,6,1,3,0,11
13,13,51,57,51,42,31,13,20,11,2,22,13,39,50,56,54,21,13,3,0,0,0,5
10,14,43,54,45,20,19,8,15,11,1,14,13,16,27,47,22,12,4,3,0,6,0,0
0,13,23,40,15,11,10,3,24,12,6,11,11,12,10,11,12,4,5,1,0,0,4,3
0,12,16,17,12,6,10,3,11,5,9,13,14,13,9,7,6,1,6,0,3,0,0,0
0,4,11,13,14,5,11,6,9,8,8,12,13,13,9,8,5,0,6,9,5,0,0,0
3,6,12,13,13,13,22,11,12,0,11,13,23,9,13,8,5,0,0,0,0,0,0,0
0,5,14,35,21,43,14,14,12,7,10,9,27,15,14,14,9,13,10,1,0,0,0,0
0,14,32,34,37,14,36,16,19,0,6,9,14,38,25,30,28,11,3,0,1,0,4,0
10,13,23,67,50,33,12,45,21,12,2,12,38,47,51,51,23,14,7,0,0,3,6,4
7,10,25,25,50,21,33,16,12,19,14,11,34,52,61,54,19,9,3,6,2,2,5,1
9,12,10,32,21,15,8,5,2,4,17,13,12,42,58,54,14,11,9,4,8,5,0,0

12,44,75,512,141,121,112,85,103,89,56,47,54,34,13,11,9,8,10,7,3,8,6,0
14,62,116,188,130,112,114,64,24,1,0,0,0,9,50,94,100,114,132,142,72,37,26,19
13,68,15,62,65,64,44,32,51,57,66,100,100,108,117,127,130,144,207,496,87,67,61,53
11,0,25,10,28,14,9,6,13,61,91,92,100,110,112,111,118,115,120,98,54,42,32,30
2,0,0,11,12,24,40,10,31,41,11,0,0,0,0,10,8,48,61,64,51,8,14,5
4,0,0,0,33,5,5,41,32,45,36,32,8,26,13,46,50,54,30,50,42,17,8,9
0,1,8,3,1,0,0,55,51,67,66,62,65,70,61,62,58,10,12,13,42,14,9,9
7,4,9,0,0,56,14,68,94,90,81,73,93,79,70,65,7,0,0,0,52,12,1,0
0,0,0,0,0,0,4,61,83,90,78,64,72,61,69,44,0,5,0,0,0,0,1,1
8,0,0,0,0,13,54,96,117,149,136,119,132,109,90,58,8,0,0,0,0,0,0,0
0,0,0,9,11,14,72,116,211,215,161,130,157,177,105,74,57,0,3,0,0,0,0,0
0,0,0,0,0,48,81,145,195,183,171,132,143,212,168,105,65,12,7,0,0,0,0,0
0,0,0,0,0,52,81,147,153,158,164,163,167,147,140,105,55,17,0,7,0,0,0,0
0,0,0,0,2,100,106,126,139,156,163,159,150,139,119,100,80,13,0,7,0,0,0,0
0,0,0,1,0,82,102,112,132,146,149,139,141,116,76,69,57,7,0,1,0,0,1,0
0,0,0,0,10,54,105,99,118,136,145,133,121,91,70,71,50,8,1,3,0,0,0,0
0,3,0,0,12,70,78,91,88,96,122,136,109,114,74,62,30,10,10,1,9,0,4,4
8,6,9,18,28,55,81,109,123,110,122,115,117,118,89,62,44,24,12,6,13,12,12,7
6,0,7,30,103,84,110,128,132,122,112,138,139,127,120,76,76,11,5,2,5,3,0,0
7,9,10,63,116,132,132,140,125,136,173,187,140,121,113,126,105,51,11,1,3,7,0,0
8,6,14,65,109,123,137,134,127,135,185,166,121,139,109,132,85,58,9,2,8,9,7,4
13,13,35,79,119,133,135,131,119,94,148,120,133,148,139,127,111,49,8,11,8,6,6,0
9,11,33,105,121,128,162,139,114,75,67,98,128,169,144,125,103,48,12,6,10,2,0,0
0,11,39,110,123,136,153,143,113,94,40,106,130,150,142,130,118,100,9,2,0,0,0,0
8,7,26,100,128,136,137,130,109,22,25,105,124,140,137,117,109,75,9,2,2,6,5,0
6,23,55,100,119,127,129,119,103,12,10,101,114,126,129,118,109,64,10,1,5,5,1,5
5,6,7,101,101,108,110,108,84,11,8,64,103,116,116,105,101,39,9,8,3,0,3,0
11,10,12,59,64,109,116,103,14,10,14,53,108,117,111,106,59,50,9,7,3,9,3,1
2,13,13,48,142,157,116,101,36,12,51,53,63,107,137,128,83,55,12,3,5,5,2,0
9,9,14,59,128,142,64,42,39,36,40,45,50,113,168,121,60,43,14,12,7,11,5,10
12,14,26,50,67,63,45,37,18,13,25,30,41,54,73,75,48,41,33,13,13,9,7,7
5,11,16,36,41,44,38,40,14,10,13,25,47,72,69,81,53,10,10,6,2,2,3,0
7,14,38,54,57,31,32,13,11,10,12,20,14,51,56,66,58,13,15,6,1,3,0,11
13,13,51,57,52,43,32,13,21,11,3,20,13,39,51,56,54,21,13,3,0,0,0,5
10,14,43,54,44,20,19,8,15,11,1,14,13,17,27,48,22,12,4,3,0,5,0,0
0,13,23,41,14,11,10,3,24,12,6,11,11,12,10,11,12,4,5,1,0,0,4,3
0,12,16,18,12,6,10,3,11,5,9,13,14,13,9,7,6,2,6,0,3,0,0,0
0,4,11,13,14,6,11,6,9,8,8,13,13,13,9,8,5,0,6,9,5,0,0,0
3,6,12,13,13,13,21,11,12,0,11,13,23,9,13,8,5,0,0,0,0,0,0,0
0,5,14,34,20,43,14,14,12,7,10,9,27,15,14,14,9,13,10,1,0,0,0,0
0,14,32,33,38,14,36,16,20,0,6,9,13,38,25,30,28,10,4,0,1,0,4,1
10,13,22,68,50,32,12,45,21,12,2,12,36,47,51,51,23,14,7,0,0,3,6,4
7,10,25,25,50,21,35,17,12,19,15,11,35,53,61,54,19,9,3,6,2,2,5,1
9,12,10,32,21,15,8,5,2,4,17,13,12,42,58,54,14,11,9,4,8,5,0,0

12,45,76,513,141,121,112,84,103,88,56,50,54,34,13,11,9,8,10,7,3,8,5,0
14,62,116,189,130,112,114,64,24,2,0,0,0,9,50,94,100,114,132,142,72,39,26,20
13,69,14,62,65,64,44,32,51,57,68,100,100,108,117,127,130,144,208,498,87,67,61,53
11,0,26,10,29,14,9,6,13,61,91,93,100,110,112,111,118,115,120,99,54,42,32,30
2,0,0,11,12,23,40,10,32,45,12,0,0,0,0,10,8,48,61,64,51,8,14,5
4,0,0,0,33,5,5,42,32,46,37,34,9,28,14,47,50,55,30,50,42,16,8,9
0,1,8,4,1,0,0,55,52,68,67,62,66,71,62,62,58,10,12,13,42,14,9,9
7,4,9,0,0,56,14,68,94,91,81,73,94,79,70,65,7,0,0,0,52,12,1,0
0,0,0,0,0,0,4,62,83,91,78,65,73,61,70,44,0,5,0,0,0,0,1,2
8,0,0,0,0,14,55,97,118,150,137,119,133,109,90,58,8,0,0,0,0,0,0,0
0,0,0,9,11,15,73,117,214,223,162,130,162,180,106,74,57,0,3,0,0,0,0,0
0,0,0,0,0,49,81,145,199,184,171,132,143,218,170,105,66,12,8,0,0,0,0,0
0,0,0,0,0,52,81,148,154,157,162,161,165,148,142,105,55,17,0,7,0,0,0,0
0,0,0,0,3,100,106,126,138,154,161,157,149,139,119,100,79,13,0,7,0,0,0,0
0,0,0,1,0,82,102,112,132,146,148,138,140,115,76,69,56,7,0,1,0,0,1,0
0,0,0,0,10,54,105,98,118,135,144,132,120,91,70,71,50,8,1,3,0,0,0,0
0,3,0,0,12,71,78,92,87,96,121,135,108,113,74,62,30,10,9,1,9,0,4,4
8,6,9,18,29,55,82,109,122,108,121,114,116,117,90,62,45,24,12,6,13,12,12,7
6,0,7,30,103,85,111,129,132,121,111,137,139,127,120,77,77,11,5,2,5,3,0,0
7,9,10,63,116,132,132,141,125,136,172,186,140,121,113,126,105,51,11,1,3,7,0,0
8,6,14,65,109,123,137,135,127,135,185,166,121,139,109,133,86,58,9,2,8,9,7,4
13,13,35,80,119,133,135,131,119,94,149,120,133,148,139,127,111,49,8,11,8,6,6,0
9,11,33,105,121,128,162,139,114,75,66,97,128,169,144,125,103,48,12,6,10,2,0,0
0,11,39,110,123,136,153,142,114,93,40,106,130,150,142,130,118,100,9,2,0,0,0,0
8,7,27,100,128,136,137,130,109,23,22,105,124,140,137,117,109,75,10,2,2,6,5,0
6,24,55,100,119,127,129,119,104,13,10,101,114,126,129,118,109,64,9,1,5,5,1,5
5,6,7,101,101,108,110,108,84,11,8,65,103,116,116,105,101,40,9,7,3,0,3,0
11,10,12,59,64,109,115,103,14,10,14,52,108,118,111,106,60,50,9,7,3,9,3,1
3,13,13,48,143,157,116,101,37,12,51,53,63,107,137,128,83,55,12,3,5,5,2,0
9,9,14,59,128,142,64,42,39,36,40,45,50,113,167,121,60,44,14,12,7,11,5,10
12,14,25,50,67,63,45,37,18,13,25,29,41,54,73,76,48,41,33,13,13,9,7,7
5,11,16,36,41,44,37,40,13,10,13,22,45,71,69,82,53,10,10,6,2,2,3,0
7,14,38,54,58,31,33,14,11,10,12,19,14,51,57,67,58,13,15,6,1,3,0,11
13,13,51,57,51,43,32,13,21,11,3,22,13,39,50,56,54,20,13,4,0,0,0,5
10,14,43,54,45,19,19,8,16,11,1,14,13,17,26,49,23,12,4,3,0,5,0,0
0,13,23,41,15,11,10,3,25,12,6,11,11,12,10,11,12,4,5,1,0,0,4,3
0,12,16,18,12,6,10,3,11,5,9,13,14,13,9,7,6,2,6,0,3,0,0,0
0,4,11,13,14,5,11,7,9,8,8,12,13,13,9,8,5,0,6,9,5,0,0,0
3,6,12,13,13,13,22,11,12,0,11,13,23,9,13,8,5,0,0,0,1,0,0,0
0,5,14,35,22,43,15,14,12,8,11,9,27,15,14,14,9,13,10,1,0,0,0,0
0,14,32,33,37,14,37,16,19,0,6,9,13,38,25,30,28,11,4,0,1,0,4,1
10,13,22,67,50,31,12,44,21,12,2,12,36,46,51,51,23,14,7,0,0,3,6,4
7,10,25,25,50,21,33,17,12,19,14,11,35,53,61,54,18,9,3,6,3,2,5,1
9,12,10,32,21,15,8,5,2,4,17,13,12,42,58,54,14,11,9,4,9,5,0,0

12,45,76,512,141,121,112,84,103,88,56,50,55,35,13,11,9,8,10,7,3,8,5,0
15,62,116,189,130,112,114,63,24,1,0,0,0,9,50,94,100,114,132,142,72,39,27,18
13,68,14,62,65,64,44,32,51,57,67,100,100,108,117,127,130,144,208,499,87,67,61,53
11,0,25,10,29,14,9,6,13,61,91,93,100,110,112,112,118,115,120,99,54,42,32,30
2,0,0,11,12,24,40,10,33,46,12,0,0,0,0,10,8,48,61,64,51,8,14,5
4,0,0,0,34,5,5,43,33,47,38,35,10,30,14,47,50,55,30,50,41,17,8,9
0,1,8,3,1,0,0,55,52,68,68,63,67,71,62,62,58,10,12,13,41,14,9,9
7,4,9,0,0,57,14,69,95,92,82,74,94,80,70,65,7,0,0,0,52,12,1,0
0,0,0,0,0,0,5,63,84,91,79,66,73,61,70,46,0,5,0,0,0,0,1,2
8,0,0,0,0,14,56,98,118,151,139,120,134,110,91,59,9,0,0,0,0,0,0,0
0,0,0,9,11,19,73,118,216,232,165,130,165,183,107,74,57,0,3,0,0,0,0,0
0,0,0,0,0,49,81,146,205,185,171,131,144,223,173,106,66,12,8,0,0,0,0,0
0,0,0,0,0,52,81,150,155,157,161,160,164,148,143,105,56,18,0,7,0,0,0,0
0,0,0,0,3,100,106,126,138,153,160,156,148,138,119,100,77,13,0,7,0,0,0,0
0,0,0,1,0,82,102,112,131,145,148,137,139,114,76,69,57,6,0,0,0,0,1,0
0,0,0,0,10,55,105,98,117,134,143,131,119,90,70,70,50,8,1,3,0,0,0,0
0,3,0,0,12,71,78,91,87,95,120,135,107,113,74,62,30,10,9,0,9,0,4,4
8,6,9,18,28,55,83,109,122,107,119,113,115,117,90,63,45,24,12,6,13,12,12,7
6,0,7,30,103,86,112,129,131,121,110,136,138,127,121,77,78,11,6,2,5,3,0,0
7,9,10,63,116,133,132,141,126,136,172,186,140,121,114,126,105,51,11,1,3,7,0,0
8,6,14,65,109,123,137,135,127,135,185,166,121,139,109,133,86,58,9,2,8,8,7,4
13,13,35,80,119,133,135,131,120,94,148,120,133,148,139,127,111,49,8,11,8,6,6,0
9,11,33,105,121,128,162,139,114,76,66,97,128,168,144,125,103,48,12,6,10,2,0,0
0,11,39,110,123,136,153,143,113,93,42,106,130,150,142,130,118,100,9,2,0,0,0,0
8,7,27,100,128,136,137,130,109,24,22,105,124,140,137,117,109,75,10,2,2,6,5,0
6,24,56,100,119,127,129,119,104,13,10,101,114,126,129,118,109,64,10,1,5,5,1,5
5,6,7,101,101,108,110,108,84,11,8,64,103,116,116,105,101,40,9,7,3,0,3,0
11,10,12,59,64,109,115,103,14,10,14,53,108,118,111,106,59,50,9,7,3,9,3,1
3,13,13,48,143,157,116,101,38,13,51,53,63,107,137,128,84,56,12,3,5,5,2,0
9,9,14,59,128,142,64,42,39,36,40,45,50,113,167,121,60,44,14,12,7,11,5,10
12,15,25,50,67,63,45,37,18,13,25,30,41,54,73,76,48,41,34,13,13,9,7,7
5,11,16,36,41,44,36,40,13,10,14,21,45,70,70,82,52,10,10,6,2,2,3,0
8,14,38,54,57,31,32,13,11,10,12,18,14,51,57,67,58,13,16,6,1,3,0,11
13,13,51,57,52,43,32,13,21,11,3,21,13,39,51,56,54,21,13,4,0,0,0,5
10,14,43,54,45,20,19,8,16,11,1,14,13,16,26,48,23,12,4,3,0,6,0,0
0,13,23,41,15,11,10,3,25,12,6,11,11,12,10,11,12,4,5,2,0,0,4,3
0,12,16,18,12,6,10,3,11,5,9,13,14,13,9,7,6,2,6,0,3,0,0,0
0,4,11,14,14,5,11,7,9,9,8,13,13,13,9,8,5,0,6,9,5,0,0,0
3,6,12,13,13,13,21,12,12,0,11,13,23,9,13,8,5,0,0,0,1,0,0,0
0,5,14,34,20,43,14,14,12,7,10,9,27,14,14,14,9,12,10,1,0,0,0,0
0,14,30,34,37,14,35,16,20,0,6,9,13,38,25,30,28,11,3,0,1,0,4,1
10,13,22,67,50,32,12,44,21,12,2,12,37,46,51,51,23,14,7,0,0,3,6,4
7,10,25,25,50,22,32,15,12,18,14,11,35,53,61,54,19,9,3,6,2,2,5,1
9,12,10,32,21,15,8,5,2,4,17,13,12,42,58,54,14,11,9,4,9,5,0,0

12,44,76,511,141,121,112,84,102,88,56,48,55,35,13,11,9,8,10,7,3,8,6,0
15,62,116,190,130,112,114,63,23,1,0,0,0,9,50,93,100,114,132,141,72,37,25,19
13,68,14,62,65,64,44,32,51,57,68,100,100,108,117,127,130,144,208,499,87,67,61,53
11,0,25,10,30,14,9,6,13,61,91,93,100,110,112,112,118,115,120,98,54,41,32,30
2,0,0,11,12,25,39,10,35,47,12,0,0,0,0,11,8,48,62,64,51,8,14,5
4,0,0,0,34,5,5,43,34,47,39,37,11,31,14,48,50,55,30,50,41,16,8,9
0,1,8,4,1,0,0,56,53,69,69,63,68,71,62,62,58,10,12,13,40,14,9,9
7,4,9,0,0,57,18,69,96,92,82,74,95,80,70,65,7,0,0,0,52,12,1,0
0,0,0,0,0,0,5,64,85,92,79,66,74,61,70,48,0,5,0,0,0,0,1,2
8,0,0,0,0,14,58,99,119,152,140,121,134,110,91,59,9,0,0,0,0,0,0,0
0,0,0,9,11,24,75,120,220,231,167,132,165,184,109,75,58,0,4,0,0,0,0,0
0,0,0,0,0,50,82,148,207,187,173,133,145,223,176,107,67,12,8,0,0,0,0,0
0,0,0,0,0,53,83,152,156,158,163,162,167,148,143,106,56,19,0,7,0,0,0,0
0,0,0,0,3,100,106,127,138,154,161,157,149,139,119,100,77,13,0,7,0,0,0,0
0,0,0,2,0,83,102,112,132,145,148,138,140,115,76,69,57,6,0,0,0,0,1,0
0,0,0,0,10,55,105,98,118,134,143,131,119,90,70,70,48,7,1,3,0,0,0,0
0,3,0,0,12,70,78,91,87,95,120,135,107,113,74,62,27,9,9,0,9,0,4,4
8,6,9,17,29,55,82,108,121,107,120,113,115,116,89,62,44,23,12,6,13,12,12,7
6,0,6,30,103,85,111,128,131,120,110,136,138,127,119,76,77,11,5,1,5,3,0,0
7,9,10,62,116,132,132,140,125,136,171,185,139,120,113,126,105,51,11,1,3,7,0,0
8,6,14,65,109,123,136,134,127,134,184,165,121,139,109,132,85,57,9,2,8,8,7,4
13,13,35,79,119,132,134,131,119,93,147,120,132,148,139,127,111,49,8,11,7,6,6,0
9,11,33,105,121,128,162,139,113,75,66,96,128,168,143,125,103,48,12,6,10,2,0,0
0,11,39,110,123,136,153,142,113,93,40,106,130,150,142,130,118,100,9,1,0,0,0,0
8,7,26,100,128,136,137,130,109,24,24,105,124,140,137,117,109,76,10,2,2,6,5,0
6,24,56,100,119,127,129,119,103,13,10,101,114,126,129,118,109,64,9,1,5,5,1,5
5,6,7,101,101,108,110,108,85,11,8,65,103,116,116,105,101,39,9,7,3,0,3,0
11,10,12,59,64,109,115,103,14,10,14,52,108,118,112,106,59,50,9,7,3,9,3,1
2,13,13,48,143,157,116,101,36,13,51,53,63,107,137,129,83,55,12,3,5,5,2,0
9,9,14,59,128,143,64,42,39,36,40,44,50,113,168,121,60,46,14,12,7,11,5,10
12,15,26,51,67,63,45,37,18,13,26,30,41,54,73,76,48,41,34,13,13,9,7,7
5,12,16,36,41,44,36,41,13,10,14,20,45,71,70,82,53,10,10,6,2,2,3,0
8,14,38,54,57,31,32,13,11,10,12,20,14,51,57,67,58,13,16,6,1,3,0,11
13,13,52,57,52,43,32,13,22,11,3,22,13,39,51,56,54,21,13,4,0,0,0,5
10,14,43,54,45,21,19,8,16,11,2,14,13,17,27,49,23,12,4,3,0,5,0,0
0,13,23,41,15,11,10,3,25,12,6,11,11,12,10,11,12,4,5,2,0,0,4,3
0,12,17,18,12,6,10,3,12,5,9,13,14,13,9,7,6,2,6,0,3,0,0,0
0,4,11,14,14,5,11,7,9,8,8,12,13,13,9,8,5,0,6,9,5,0,0,0
3,6,12,13,13,13,22,12,13,0,11,13,23,9,13,8,6,0,0,0,1,0,0,0
0,5,14,35,21,43,15,14,12,7,10,9,27,15,14,14,9,13,10,1,0,0,0,0
0,14,32,35,37,14,37,16,20,0,6,9,14,38,25,30,28,11,4,0,1,0,4,1
10,13,22,67,50,31,12,44,21,12,2,12,34,47,51,51,23,14,7,0,0,3,6,4
7,10,25,25,50,21,35,16,12,19,14,11,35,53,61,54,19,9,4,6,3,2,5,1
9,12,10,32,21,15,8,5,2,4,16,13,12,42,58,54,14,11,9,4,9,5,0,0

12,45,77,513,141,121,112,84,102,88,56,48,55,37,13,11,9,8,10,7,3,8,6,0
15,61,116,188,129,112,114,63,23,1,0,0,0,9,50,93,99,114,132,142,72,37,25,19
13,68,14,62,65,64,44,32,51,57,70,100,100,108,117,127,130,144,207,500,87,67,61,53
11,0,25,10,29,14,9,6,13,61,91,92,100,110,112,111,118,115,120,98,54,42,32,30
2,0,0,11,12,24,41,10,33,50,13,0,0,0,0,11,8,48,61,64,51,8,14,5
4,0,0,0,35,5,6,44,34,48,40,38,11,32,14,49,50,55,29,50,41,16,8,9
0,1,8,4,1,0,0,56,55,69,70,64,68,72,62,63,58,10,12,13,39,14,9,9
7,4,9,0,0,58,23,69,97,93,83,75,95,80,71,65,7,0,0,0,52,12,1,0
0,0,0,0,0,0,6,65,86,92,80,66,74,62,70,50,0,5,0,0,0,0,1,2
8,0,0,0,0,17,59,100,119,153,140,121,135,111,91,60,9,0,0,0,0,0,0,0
0,0,0,9,11,30,75,122,222,230,169,133,163,185,111,76,58,0,4,0,0,0,0,0
0,0,0,0,0,51,83,150,206,188,175,134,146,221,178,108,68,12,8,0,0,0,0,0
0,0,0,0,0,54,84,152,157,160,165,164,169,149,144,107,57,20,0,8,0,0,0,0
0,0,0,0,3,100,106,127,139,156,163,159,151,140,119,100,80,14,0,7,0,0,0,0
0,0,0,2,0,83,102,112,132,146,149,139,141,116,76,69,57,6,0,0,0,0,1,0
0,0,0,0,9,54,105,98,118,135,144,132,120,91,70,70,47,7,0,3,0,0,0,0
0,3,0,0,12,70,77,91,87,95,121,135,108,113,74,62,24,9,9,0,9,0,4,4
8,6,9,14,28,54,80,107,121,108,120,113,115,116,88,61,43,22,12,6,13,12,12,7
6,0,6,26,103,85,109,127,130,120,110,136,138,126,118,75,76,11,5,1,5,3,0,0
7,9,10,62,116,132,132,140,125,135,171,184,138,120,113,125,105,51,10,1,3,7,0,0
8,6,14,64,109,123,136,134,126,134,183,165,121,138,109,132,85,58,8,2,8,8,7,4
13,13,35,79,118,132,134,130,118,93,147,119,132,147,139,127,111,49,8,10,7,6,6,0
9,11,33,105,121,128,162,139,113,73,65,95,128,167,143,125,103,47,12,6,10,2,0,0
0,11,39,110,123,136,153,143,113,93,40,106,130,150,142,131,118,100,9,1,0,0,0,0
8,7,27,100,128,136,137,130,109,24,24,105,124,140,137,117,109,76,10,2,2,6,5,0
6,24,55,100,120,127,129,118,103,12,10,101,114,126,129,118,109,66,9,1,5,5,1,5
5,6,7,101,101,108,110,108,84,11,8,64,103,116,116,105,101,39,9,7,3,0,3,0
11,10,12,59,64,109,115,103,14,10,14,52,108,117,112,106,59,50,9,7,3,9,3,1
3,13,13,47,141,154,116,101,37,13,51,53,63,107,137,129,84,55,12,3,5,5,2,0
10,9,14,58,127,142,63,42,39,36,40,44,50,112,166,122,60,44,14,12,7,11,5,10
12,14,25,50,66,63,45,37,19,14,26,30,41,54,73,75,48,41,33,13,13,10,7,7
5,11,16,36,41,44,37,41,14,10,14,22,44,69,68,81,52,10,10,7,2,2,3,0
7,14,37,53,56,30,32,13,11,10,13,21,13,51,56,66,57,13,15,6,1,4,0,11
13,13,51,56,51,41,31,13,23,11,3,22,12,37,50,55,54,23,13,4,0,0,0,5
10,14,41,53,42,18,21,8,16,11,2,14,13,17,24,44,21,12,3,4,0,6,0,0
0,13,22,36,14,11,11,3,25,12,7,12,11,12,10,10,11,4,5,2,0,0,4,3
0,12,14,17,12,7,11,4,12,5,9,13,14,13,9,6,6,1,6,0,4,0,0,0
0,4,11,13,14,6,12,7,10,9,8,13,13,13,9,8,5,0,6,9,5,0,0,0
3,5,11,13,13,13,22,12,13,0,11,13,23,9,13,8,5,0,0,0,1,0,0,0
0,5,14,29,19,42,15,14,13,7,10,9,25,14,14,13,8,12,10,1,0,0,0,0
0,14,26,28,34,14,36,17,20,0,7,10,13,34,23,29,25,10,3,0,2,0,4,1
10,13,21,63,46,25,12,43,21,12,5,12,32,44,50,50,19,14,7,0,0,3,6,4
6,10,24,24,47,15,30,15,12,19,14,10,31,52,59,53,14,9,3,6,3,2,6,1
9,12,9,29,21,15,7,5,2,4,16,13,12,38,57,53,14,11,8,4,9,5,0,0

11,33,75,213,115,112,106,75,94,79,54,50,63,47,13,10,10,8,8,0,2,7,5,0
12,40,108,124,110,106,109,56,19,0,0,0,1,10,23,68,72,102,110,123,66,14,13,13
12,20,9,52,56,54,36,27,50,54,83,101,98,107,113,120,122,128,137,170,77,58,51,31
6,0,5,4,16,13,6,5,12,63,100,97,102,108,108,106,114,109,111,66,47,36,27,16
2,0,0,9,11,23,38,13,46,57,47,0,0,0,0,10,5,23,47,57,32,11,12,4
4,0,0,2,36,6,6,50,44,55,45,44,26,35,12,46,46,50,17,30,28,12,8,10
1,2,11,3,3,1,4,60,70,82,83,66,68,72,62,62,56,11,12,10,22,12,10,8
2,4,11,0,0,64,54,75,109,111,102,85,104,87,72,64,9,0,0,0,40,8,0,0
0,0,0,0,0,0,11,82,102,111,102,79,83,67,73,52,2,6,0,0,0,0,0,2
8,0,0,0,2,51,76,119,139,183,192,150,156,123,99,71,14,0,0,0,0,0,0,0
0,0,0,6,12,53,87,146,265,333,253,166,211,209,130,85,63,11,4,0,0,0,5,6
0,0,0,0,0,56,99,169,253,245,229,156,187,249,193,113,73,14,11,0,0,0,0,0
0,0,0,0,0,59,91,161,177,192,197,189,200,168,150,110,61,20,0,6,0,0,0,0
0,0,0,0,6,102,107,131,147,180,190,179,171,146,120,100,78,26,0,0,0,0,0,3
0,0,0,0,0,85,103,114,138,164,171,146,158,121,76,68,61,7,0,0,0,0,0,0
0,0,0,0,10,57,106,103,127,152,165,142,136,98,71,71,48,6,2,1,0,0,0,0
0,1,0,0,12,74,82,97,97,114,138,150,127,125,76,62,29,9,10,1,10,0,3,3
8,6,9,15,27,57,93,127,145,135,146,145,140,135,94,62,44,24,13,7,13,12,11,7
7,0,8,19,104,96,125,143,143,136,127,154,155,137,124,78,78,11,7,1,3,2,0,0
8,9,10,63,119,141,141,152,135,145,190,201,148,126,116,129,106,51,11,0,3,9,1,0
9,7,15,64,112,130,142,140,132,139,195,177,124,143,112,135,85,57,9,2,8,9,6,4
12,13,35,82,123,141,142,137,123,98,154,123,135,152,142,128,111,49,8,11,7,6,4,0
9,11,34,105,125,134,171,142,114,71,67,96,127,171,146,126,103,44,12,4,10,3,0,1
0,11,43,110,125,139,160,144,112,84,35,105,130,152,143,132,119,100,9,1,0,0,0,0
8,7,28,100,130,137,138,129,106,14,20,103,122,140,137,117,109,70,9,2,2,6,4,0
9,27,55,100,119,127,128,116,100,11,10,100,112,126,129,118,108,58,10,3,7,4,1,5
6,6,8,100,101,107,109,106,50,10,9,58,102,115,115,105,100,24,8,7,3,0,3,0
10,11,13,56,62,107,113,101,12,10,14,52,107,116,110,104,57,25,8,6,2,9,3,2
3,14,14,41,120,136,114,100,22,12,42,52,60,103,127,121,78,50,12,4,4,5,3,0
10,6,11,53,110,118,61,39,34,31,36,41,48,103,143,115,57,16,13,12,7,11,6,10
10,12,19,45,63,60,41,34,19,13,21,26,38,52,68,69,44,34,29,12,14,10,8,7
3,10,14,35,41,41,28,28,13,10,13,14,33,66,65,71,50,9,9,7,3,2,3,0
7,14,38,53,56,28,29,13,9,9,11,14,13,49,55,61,54,11,13,6,1,4,0,11
13,13,52,57,51,36,29,12,15,11,2,16,11,34,48,53,51,14,11,4,1,0,0,5
10,14,44,54,40,16,14,7,15,11,2,13,13,14,19,34,13,11,3,3,0,6,0,0
0,13,23,38,14,10,10,3,21,13,7,10,10,11,8,8,9,2,5,2,0,0,5,3
0,12,17,18,12,7,9,3,11,6,9,12,13,12,9,5,5,1,7,0,5,0,0,0
0,4,11,13,14,6,9,6,10,11,8,12,13,12,7,7,4,0,6,9,6,0,0,0
2,6,12,13,13,13,17,11,12,1,11,12,19,8,13,8,4,0,0,0,2,0,0,0
0,5,14,30,17,40,14,12,12,7,11,10,24,14,14,14,9,12,10,2,0,0,0,0
0,14,30,34,33,14,30,14,14,0,7,9,13,36,23,29,27,10,3,0,2,0,5,1
10,13,23,69,50,25,12,41,20,12,3,12,33,45,51,51,20,14,7,0,0,2,6,4
6,10,25,24,50,17,31,14,11,19,14,11,34,52,62,53,15,8,3,6,2,2,5,1
9,12,10,29,20,14,7,5,2,4,17,13,12,43,58,53,14,11,9,3,8,5,0,0

9,14,11,67,72,82,57,50,40,43,20,20,57,18,12,11,13,50,57,99,71,16,12,2
10,2,14,61,14,1,9,13,5,0,0,0,0,12,50,99,92,105,104,113,119,50,26,14
1,8,4,10,8,9,33,24,11,38,103,101,95,105,110,109,110,107,106,101,55,51,24,14
5,0,0,0,11,9,17,4,7,54,97,93,95,100,75,59,89,55,72,44,24,29,16,11
0,0,0,3,10,18,14,7,67,61,69,30,11,0,0,11,0,13,13,47,25,4,9,0
4,0,0,2,34,4,7,60,65,79,82,68,62,60,25,51,47,47,9,12,14,9,3,4
0,1,12,4,3,5,12,74,123,120,131,106,119,105,76,63,56,10,6,10,15,8,8,7
4,3,10,0,1,72,65,90,127,126,120,102,126,111,89,67,14,4,3,0,36,1,0,0
0,0,0,0,0,0,53,91,111,131,120,93,94,71,76,57,8,14,0,0,0,0,0,0
9,0,0,0,3,54,90,125,138,169,172,146,153,120,97,78,24,0,0,0,0,0,0,0
0,0,0,11,13,50,93,139,216,294,252,170,201,183,117,81,62,8,5,0,0,0,0,2
0,0,0,0,0,55,91,155,257,247,199,146,175,245,180,109,70,18,10,0,0,0,0,0
0,0,0,0,0,58,87,150,169,172,176,174,180,156,144,109,62,14,0,11,0,0,0,0
0,0,0,0,7,102,108,129,142,163,170,164,157,142,120,100,84,15,0,7,0,0,0,1
0,0,0,0,1,86,103,113,134,149,153,141,146,118,77,69,60,7,0,0,0,0,2,0
0,0,0,0,8,55,105,100,120,139,148,136,126,94,70,71,45,7,1,4,0,0,0,0
0,2,0,0,12,69,77,92,89,99,124,138,112,115,74,62,21,9,9,1,10,0,4,4
8,6,9,16,28,53,76,107,125,114,126,121,121,119,86,60,42,21,12,6,13,12,12,7
6,0,8,27,103,83,106,124,131,122,112,138,140,126,116,73,75,11,6,1,5,4,0,0
7,9,10,61,115,131,130,137,123,134,168,181,137,118,111,123,104,50,10,1,3,8,1,0
8,6,14,63,108,121,135,132,126,132,180,160,119,137,107,129,84,55,8,2,8,9,7,4
13,13,35,77,117,130,133,130,118,91,143,116,131,147,139,126,110,48,8,10,8,6,6,0
9,11,33,104,120,127,160,138,112,71,63,94,127,167,143,125,103,46,12,5,9,2,0,0
0,11,39,109,122,135,152,142,113,93,31,105,130,149,141,130,118,100,8,1,0,0,0,0
8,7,27,98,127,135,136,130,109,30,17,105,123,139,136,116,109,72,9,1,2,6,5,0
7,24,55,100,119,126,128,118,103,12,10,101,114,126,129,117,109,59,9,0,5,6,1,6
6,7,7,101,101,107,110,107,84,12,8,64,103,116,116,105,101,33,9,7,3,0,3,0
11,10,11,57,63,109,115,103,16,10,14,53,108,117,111,105,58,43,10,8,3,10,4,1
2,12,12,45,143,161,117,101,37,13,52,54,64,107,141,131,85,56,12,4,5,5,2,0
9,9,14,57,123,138,64,42,39,36,40,44,50,109,162,120,60,44,14,12,7,11,5,10
12,15,25,50,66,62,44,37,16,12,24,29,41,54,72,74,47,40,33,12,13,9,7,7
4,11,15,36,42,44,35,36,13,9,13,21,45,71,69,79,52,9,10,6,2,2,3,0
8,14,37,54,58,31,31,13,10,8,12,19,21,52,57,66,57,12,14,6,1,3,0,11
13,13,51,57,52,42,31,13,16,10,3,20,13,42,51,55,53,19,13,4,0,0,0,5
10,14,42,54,45,19,18,8,15,11,1,14,13,17,29,45,19,12,4,3,0,6,0,0
0,13,23,42,15,10,9,2,23,12,6,11,11,12,10,10,11,4,5,2,0,0,5,3
0,12,16,18,12,6,9,2,11,5,9,12,14,13,9,6,5,1,6,0,4,0,0,0
0,4,11,13,14,5,10,6,9,9,8,12,13,13,9,8,5,0,6,9,6,0,0,0
2,6,12,13,13,13,20,11,12,0,11,13,22,9,13,8,5,0,0,0,1,0,0,0
0,5,14,34,19,42,14,13,12,7,10,9,25,15,14,14,9,12,10,1,0,0,0,0
0,14,30,35,34,14,34,15,15,0,6,9,13,36,25,30,28,11,4,0,2,0,4,1
10,13,23,70,50,29,12,42,20,12,2,12,34,46,51,51,23,14,7,0,0,3,6,4
7,10,25,25,50,20,32,15,12,19,14,11,35,52,62,53,17,8,3,6,2,2,5,1
9,12,10,31,20,15,7,5,2,4,17,13,13,42,58,54,14,11,9,4,8,5,0,0

9,14,13,76,79,89,58,50,39,42,14,26,59,22,13,12,14,50,56,117,114,29,13,5
12,3,39,64,23,1,10,14,2,0,0,0,0,11,51,100,94,106,107,112,133,53,35,14
3,9,6,11,10,11,33,26,11,29,103,101,88,102,107,106,108,107,107,105,57,50,37,14
6,0,0,1,12,9,19,6,10,51,94,92,88,96,71,57,89,56,69,37,31,29,21,12
0,0,0,6,12,20,13,7,64,63,71,55,14,5,0,13,3,29,14,51,37,4,9,0
4,0,0,2,35,4,7,60,65,77,82,71,63,64,34,53,50,51,13,14,25,10,3,3
0,1,11,4,3,5,13,74,126,128,136,112,121,105,77,64,58,11,11,12,27,9,7,6
4,3,10,0,1,72,65,90,126,126,121,101,124,111,90,68,14,5,5,0,41,4,0,0
0,0,0,0,0,0,51,89,114,129,130,97,96,74,77,57,8,14,0,0,0,0,0,0
9,0,0,0,3,54,89,119,133,167,172,149,145,116,93,75,23,0,0,0,0,0,0,0
0,0,0,11,13,43,88,131,200,281,269,176,191,166,108,79,62,6,5,0,0,0,0,0
0,0,0,0,0,54,88,151,261,262,202,145,173,242,174,108,70,15,9,0,0,0,0,0
0,0,0,0,0,55,82,146,170,169,172,171,175,155,145,109,61,14,0,10,0,0,0,0
0,0,0,0,7,101,107,129,141,159,166,161,154,141,120,101,85,14,0,6,0,0,0,0
0,0,0,0,1,84,103,113,133,147,150,140,144,117,77,69,61,7,0,0,0,0,1,0
0,0,0,0,9,55,105,99,119,137,147,135,124,93,70,71,50,7,1,4,0,0,0,0
0,2,0,0,12,70,77,91,88,97,122,137,110,114,74,62,28,9,9,0,10,0,4,4
8,5,9,17,28,54,77,106,122,111,123,117,119,118,87,61,43,21,12,6,13,12,12,7
6,0,8,29,103,83,106,124,130,120,110,136,139,125,116,74,76,11,5,1,5,3,0,0
7,8,10,61,115,130,129,137,123,133,166,179,137,118,111,123,104,50,10,1,3,8,0,0
8,6,14,64,108,121,135,132,125,132,179,159,118,137,107,129,84,56,8,2,7,8,7,4
13,13,35,77,117,130,133,129,117,91,142,116,130,146,138,126,110,48,8,10,8,6,6,0
9,11,34,104,120,126,160,138,112,70,62,93,127,167,143,125,103,47,12,5,9,2,0,0
0,11,38,109,122,135,151,142,113,91,31,106,130,149,141,130,118,100,8,0,0,0,0,0
8,7,27,98,127,135,136,130,109,31,18,105,123,139,136,116,109,73,9,1,2,6,5,0
7,24,55,100,119,126,128,118,103,12,10,101,114,126,129,117,109,60,9,0,4,6,1,5
6,7,7,101,101,108,110,107,89,12,8,67,103,116,115,105,101,35,9,7,3,0,3,0
11,10,11,57,63,109,115,103,17,11,14,53,108,117,111,105,59,44,10,8,3,10,4,1
2,12,12,46,144,164,117,101,37,13,52,54,64,107,142,131,85,57,12,4,5,5,2,0
9,9,14,57,123,138,64,42,39,36,40,44,50,109,163,120,60,46,14,12,7,11,5,10
12,16,25,50,66,62,44,37,17,13,25,29,41,54,72,74,47,40,34,13,13,9,7,7
5,11,15,36,42,44,36,36,13,10,14,24,47,72,70,79,52,9,10,6,2,2,3,0
8,14,37,54,58,31,32,13,10,9,12,20,23,52,57,66,57,12,14,6,1,3,0,11
13,13,51,57,52,43,31,13,17,11,3,22,14,42,51,55,53,21,13,4,0,0,0,5
10,14,42,55,45,21,19,8,15,11,2,14,13,18,29,46,20,12,4,4,0,5,0,0
0,13,23,42,15,10,10,2,23,12,6,11,11,12,10,11,11,3,5,2,0,0,5,3
0,12,15,18,12,6,9,2,11,5,9,13,14,13,9,7,6,2,6,0,5,0,0,0
0,4,11,13,14,5,11,6,9,9,8,12,13,13,9,8,5,0,6,9,5,0,0,0
3,6,12,13,13,13,20,11,12,0,11,13,22,9,13,8,6,0,0,0,1,0,0,0
0,5,14,34,18,44,14,13,12,7,10,10,27,15,14,15,9,13,10,1,0,0,0,0
0,14,32,35,36,14,35,15,15,0,6,9,13,37,26,30,29,11,4,0,2,0,4,1
10,13,23,70,50,29,12,43,20,12,3,12,36,47,51,51,23,14,7,0,0,3,6,4
7,10,25,25,50,22,32,16,12,19,15,11,35,53,63,53,18,8,3,6,2,2,5,1
9,12,10,31,21,15,7,5,2,4,17,13,13,44,58,54,14,11,9,4,8,5,0,0

9,14,14,78,79,86,55,50,41,43,14,36,60,25,14,13,15,50,56,117,115,29,13,7
12,4,48,65,24,1,10,14,2,0,0,0,1,11,51,101,95,107,107,112,134,53,36,15
3,10,7,12,11,13,34,27,12,30,103,101,88,102,107,106,108,107,108,106,57,50,40,14
6,0,1,2,13,9,20,7,11,52,94,93,89,95,71,59,89,57,68,38,32,30,21,12
1,0,0,8,12,21,13,8,64,64,71,56,23,7,0,14,5,34,14,52,38,4,9,0
4,0,0,2,36,5,8,61,65,77,81,72,63,65,36,54,51,51,13,16,26,10,3,4
0,1,11,4,3,5,14,75,126,130,136,112,121,105,77,64,58,11,11,12,28,9,7,6
4,3,10,0,1,73,65,90,127,127,122,101,124,112,91,68,16,6,6,0,45,4,0,0
0,0,0,0,0,0,52,90,116,130,133,98,97,75,78,57,8,14,0,0,0,0,0,0
9,0,0,0,3,54,90,119,133,170,174,150,147,117,93,74,23,0,0,0,0,0,0,0
0,0,0,11,13,40,87,130,198,282,276,179,193,165,106,79,61,5,5,0,0,0,0,0
0,0,0,0,0,53,86,149,262,271,204,145,173,243,172,107,69,15,9,0,0,0,0,0
0,0,0,0,0,55,80,145,172,167,170,168,172,156,146,109,61,13,0,10,0,0,0,0
0,0,0,0,7,101,107,130,140,157,163,158,151,140,120,101,84,14,0,6,0,0,0,0
0,0,0,0,1,84,103,113,132,145,148,139,142,116,76,69,61,7,0,0,0,0,0,0
0,0,0,0,10,55,105,98,118,136,145,134,122,92,70,71,50,7,1,3,0,0,0,0
0,2,0,0,12,70,77,91,87,96,121,135,108,113,74,62,31,9,9,0,10,0,4,3
8,5,9,18,28,54,79,107,121,108,121,115,117,116,87,62,44,21,12,6,13,12,12,7
6,0,8,30,103,83,107,125,129,119,109,135,138,125,117,74,76,11,5,1,5,3,0,0
7,8,10,61,115,131,130,137,123,133,164,179,136,118,111,123,104,50,10,1,3,7,0,0
8,6,14,64,108,121,135,132,125,132,179,159,118,137,107,129,84,56,8,2,7,8,7,4
13,13,35,78,117,130,133,129,118,91,141,115,130,146,138,126,110,48,8,10,7,6,6,0
9,11,34,104,120,126,159,138,112,70,62,92,127,167,143,124,103,47,12,5,9,1,0,0
0,11,39,109,122,135,151,142,113,93,31,106,130,149,141,130,118,100,8,0,0,0,0,0
8,7,27,98,127,135,136,130,109,30,18,105,123,139,136,116,109,73,9,1,2,5,5,0
7,24,56,100,119,126,128,118,103,12,10,101,114,126,129,117,109,62,9,0,4,6,1,5
6,7,7,101,101,107,110,108,85,12,8,65,103,116,115,105,101,36,9,7,3,0,3,0
11,10,10,57,63,109,115,103,18,11,14,53,108,117,111,105,59,47,10,8,3,10,4,1
2,12,12,46,144,165,117,101,39,13,53,54,64,108,141,131,85,57,12,4,6,5,2,0
9,9,14,57,123,137,64,42,39,36,41,45,50,111,163,119,60,47,14,12,7,11,5,10
12,16,25,50,66,62,44,37,18,13,26,29,41,54,72,75,48,40,34,12,13,9,7,7
5,11,15,36,42,44,36,39,13,10,14,21,46,70,70,81,52,10,10,6,2,2,3,0
8,14,37,54,58,32,32,13,11,9,12,20,18,52,57,67,58,13,14,6,1,3,0,11
13,13,51,57,52,43,31,13,19,11,3,22,13,41,51,56,54,20,13,4,0,0,0,5
10,14,42,55,45,20,19,8,15,11,2,14,13,17,29,47,22,12,5,4,0,6,0,0
0,13,23,42,15,10,10,2,24,12,7,11,11,12,10,11,11,4,5,2,0,0,5,3
0,12,16,18,12,6,9,2,11,5,9,13,14,13,9,7,6,2,6,0,5,0,0,0
0,4,11,13,14,6,11,7,9,9,8,12,13,13,9,8,5,0,6,9,5,0,0,0
3,6,12,13,13,13,20,11,12,0,11,13,22,9,13,8,6,0,0,0,1,0,0,0
0,5,14,34,19,42,14,13,12,7,10,9,26,14,14,14,9,13,10,1,0,0,0,0
0,14,32,35,36,14,35,15,15,0,6,9,13,36,25,30,29,11,4,0,2,0,4,1
10,13,23,70,50,31,12,43,20,12,3,12,34,46,51,51,23,14,7,0,0,3,6,4
7,10,25,25,50,22,32,17,12,19,14,11,35,53,62,53,18,8,3,6,2,2,5,1
9,12,10,31,21,15,7,5,2,4,17,13,12,42,58,54,14,11,9,4,8,5,0,0

9,14,15,79,80,89,58,51,45,48,17,50,66,37,14,13,15,50,55,118,116,30,13,8
12,4,50,66,29,2,11,14,3,0,0,0,4,12,51,100,95,107,107,112,135,53,36,15
3,10,7,12,12,13,34,26,12,26,103,101,88,102,107,106,108,107,108,106,57,51,40,14
6,0,1,2,13,9,21,7,11,52,93,93,89,95,70,59,88,57,67,40,33,30,22,12
1,0,0,8,13,21,13,8,64,63,71,57,27,7,0,14,5,34,14,52,39,4,9,0
4,0,0,3,36,5,8,61,64,76,79,71,63,65,37,54,51,52,13,18,27,10,3,4
0,1,11,4,3,6,14,75,124,128,134,110,120,104,77,64,58,11,11,12,29,10,7,6
4,3,10,0,1,73,66,90,126,126,120,100,123,112,91,68,16,6,6,0,45,4,0,0
0,0,0,0,0,0,52,90,116,129,132,97,96,75,78,57,8,14,0,0,0,0,0,0
9,0,0,0,3,54,90,118,132,168,172,149,146,117,92,74,22,0,0,0,0,0,0,0
0,0,0,11,13,43,88,131,198,279,271,177,190,165,107,79,62,5,5,0,0,0,0,0
0,0,0,0,0,54,88,152,265,270,203,145,172,242,175,108,70,15,9,0,0,0,0,0
0,0,0,0,0,55,81,146,172,168,171,169,173,155,146,110,62,13,0,10,0,0,0,0
0,0,0,0,7,101,107,130,141,158,164,159,153,141,120,101,87,14,0,6,0,0,0,0
0,0,0,0,1,85,103,113,132,146,149,139,143,116,76,69,61,7,0,0,0,0,0,0
0,0,0,0,10,55,104,98,118,135,145,134,122,92,70,71,50,7,0,3,0,0,0,0
0,2,0,0,12,70,77,91,87,96,121,135,108,113,74,62,28,9,9,0,9,0,4,3
8,5,9,17,28,54,78,106,120,108,121,115,117,116,87,61,43,21,12,6,13,12,12,7
6,0,8,30,103,83,106,124,129,118,108,135,137,125,116,74,76,11,5,1,5,3,0,0
7,8,10,61,115,130,129,136,122,132,164,177,136,117,111,123,104,50,10,1,3,7,0,0
8,6,14,64,108,120,134,131,125,131,178,158,118,136,107,129,84,56,8,2,7,8,7,4
13,13,35,77,117,129,132,129,117,90,141,115,130,146,138,126,110,48,8,10,7,6,6,0
9,11,33,104,120,126,159,137,112,71,61,91,127,166,142,124,103,47,12,5,9,1,0,0
0,11,39,109,122,135,151,141,113,93,31,106,130,149,141,130,118,100,8,0,0,0,0,0
8,7,26,98,127,135,136,130,109,33,18,105,123,139,136,116,109,73,8,1,2,5,5,0
7,24,56,100,119,126,128,118,103,12,10,101,114,126,129,117,109,62,9,0,4,6,1,5
6,7,7,101,101,107,110,108,87,12,8,65,103,116,115,105,101,36,9,7,3,0,3,0
11,10,10,57,63,109,115,103,19,11,14,53,108,117,111,105,59,47,10,8,3,10,4,1
2,12,12,46,145,165,117,101,39,13,52,54,64,108,142,131,85,57,13,4,5,5,2,0
9,9,14,57,125,140,64,42,39,37,41,45,50,111,166,120,60,50,14,12,7,11,5,10
12,16,26,50,66,63,45,37,19,13,26,30,41,54,73,75,48,41,34,13,13,10,7,7
5,11,16,36,42,44,36,39,13,10,14,22,47,71,70,80,52,10,10,6,2,2,3,0
8,14,37,54,58,32,33,13,11,9,12,19,20,52,57,66,57,13,14,6,1,3,0,11
13,13,51,57,52,44,32,13,18,11,3,22,13,42,51,56,54,20,13,4,0,0,0,5
10,14,42,55,46,21,19,8,15,11,2,14,13,18,28,48,21,12,4,3,0,6,0,0
0,13,23,43,16,11,10,2,24,12,7,11,11,12,10,11,12,4,5,2,0,0,4,3
0,12,16,18,13,6,9,3,11,5,9,13,14,14,9,7,6,2,6,0,4,0,0,0
0,4,11,14,14,6,11,7,9,9,8,13,13,13,9,8,5,0,6,9,5,0,0,0
3,6,12,13,13,13,21,12,12,0,11,13,23,9,13,8,6,0,0,0,1,0,0,0
0,5,14,34,20,42,14,14,12,7,10,9,27,15,15,14,9,13,10,1,0,0,0,0
0,14,30,35,37,14,36,15,16,0,6,9,13,38,26,30,29,11,4,0,1,0,4,1
10,13,23,70,50,31,12,43,20,12,2,12,36,48,51,51,23,14,7,0,0,3,6,4
7,10,25,25,50,22,35,16,12,19,15,11,35,53,62,53,20,9,4,6,2,2,5,1
9,12,10,32,21,15,8,5,2,4,17,13,13,44,59,55,14,11,9,4,9,5,0,0

9,14,18,79,81,91,58,51,47,49,24,51,68,40,14,14,17,50,56,121,118,31,14,9
12,4,51,66,32,2,11,14,4,0,0,0,5,13,51,101,96,107,108,113,135,53,37,17
4,11,8,12,12,13,34,26,12,26,103,101,89,102,107,106,108,107,108,106,58,51,40,14
6,0,2,2,13,9,21,7,11,52,93,93,88,94,69,59,86,57,67,40,34,31,22,13
1,0,0,8,13,21,13,9,65,64,71,55,18,7,0,14,5,35,14,53,39,5,10,0
5,0,0,3,36,5,9,62,66,78,79,71,62,65,37,54,50,51,13,21,29,11,4,4
0,1,11,4,3,6,14,76,126,128,134,110,119,104,78,64,58,11,12,13,30,10,7,6
4,3,9,0,1,73,66,91,127,126,119,99,121,110,90,68,14,5,6,0,45,6,0,0
0,0,0,0,0,0,53,91,115,128,128,96,93,72,76,57,8,14,0,0,0,0,0,0
9,0,0,0,3,54,90,119,132,165,168,146,144,114,92,74,20,0,0,0,0,0,0,0
0,0,0,11,12,47,90,130,197,271,250,169,182,163,107,79,61,5,4,0,0,0,0,0
0,0,0,0,0,54,89,155,262,251,200,146,170,234,176,109,71,16,9,0,0,0,0,0
0,0,0,0,0,56,83,146,169,170,174,174,178,155,144,110,62,14,0,10,0,0,0,0
0,0,0,0,7,102,107,129,142,161,168,164,157,142,120,101,87,14,0,6,0,0,0,0
0,0,0,0,1,85,103,113,134,148,151,141,145,118,77,70,61,7,0,0,0,0,0,0
0,0,0,0,9,54,104,99,120,137,147,136,125,93,71,71,50,7,1,3,0,0,0,0
0,2,0,0,11,68,77,91,87,97,122,137,111,115,74,62,23,9,9,0,10,0,4,3
8,5,9,16,27,53,75,104,121,110,123,117,119,117,85,60,42,20,12,6,13,12,12,7
6,0,7,29,102,81,103,122,129,119,109,136,138,124,114,72,74,11,5,1,5,3,0,0
7,8,9,61,115,130,128,135,122,132,164,177,135,117,110,122,104,50,9,1,2,7,0,0
8,6,14,62,107,120,134,131,124,131,177,157,117,135,106,128,83,55,7,2,7,8,7,4
13,13,35,76,116,129,132,128,117,89,140,114,129,145,137,126,110,48,7,10,7,6,6,0
9,11,33,104,119,125,159,137,112,70,61,91,126,166,142,124,103,47,12,6,9,1,0,0
0,11,36,109,122,135,151,141,113,93,31,106,130,149,141,130,118,100,8,0,0,0,0,0
8,7,26,98,126,135,136,130,109,33,20,105,123,139,136,116,109,72,8,1,2,5,5,0
6,24,55,100,119,126,128,118,103,12,10,101,114,126,129,117,109,62,9,0,4,6,1,6
6,7,7,101,101,107,110,108,89,12,8,65,103,116,115,105,101,36,9,7,3,0,3,0
11,10,10,58,63,109,115,103,22,11,14,53,108,118,111,105,59,47,10,8,3,10,4,1
2,12,12,47,145,164,117,101,39,13,53,54,64,108,142,131,85,57,13,4,5,6,2,0
9,9,14,57,125,141,64,43,39,36,41,46,50,111,166,121,60,47,14,12,7,11,5,10
12,17,26,50,66,63,44,37,19,13,26,29,41,54,73,75,47,41,34,13,13,9,7,7
5,11,16,36,42,44,36,39,14,10,14,22,47,72,70,81,52,10,10,6,2,2,3,0
8,14,37,54,58,32,32,14,11,9,12,21,20,52,58,67,57,13,14,6,1,3,0,11
13,13,51,57,52,44,32,13,19,11,3,22,13,43,51,56,54,20,13,4,0,0,0,5
10,14,42,55,47,21,19,8,15,11,2,14,13,18,30,48,22,12,4,4,0,6,0,0
0,13,23,43,16,11,10,3,24,12,7,11,11,12,10,11,12,4,5,2,0,0,4,3
0,12,16,18,13,7,10,3,11,5,9,13,14,13,9,7,6,2,6,0,4,0,0,0
0,4,11,14,14,6,11,7,9,9,8,12,13,13,9,8,6,0,6,9,5,0,0,0
3,6,12,13,13,13,21,11,12,0,11,13,23,9,13,9,6,0,0,0,1,0,0,0
0,5,14,34,20,43,14,14,12,7,10,9,27,15,15,14,9,13,10,1,0,0,0,0
0,14,32,36,37,14,36,15,15,0,6,9,13,37,26,30,30,11,4,0,2,0,5,1
10,13,23,70,50,31,12,42,20,12,3,12,34,47,51,51,23,14,7,0,0,3,6,4
7,10,25,25,50,22,35,15,12,19,14,11,35,53,62,53,19,8,4,6,3,2,5,1
9,12,10,32,21,15,8,5,2,4,17,13,12,43,58,54,14,11,9,4,9,5,0,0

9,14,20,79,82,92,60,52,50,51,35,53,71,47,15,14,18,50,55,120,117,31,14,9
12,4,52,66,36,3,12,14,5,0,0,0,7,14,51,101,95,107,108,113,135,53,37,15
4,11,8,12,12,13,35,26,12,26,103,101,89,102,106,106,108,107,108,106,58,51,41,14
6,0,2,2,13,9,22,7,11,52,92,92,87,94,68,60,85,58,66,40,34,30,23,13
1,0,0,8,13,22,13,8,64,63,71,56,28,8,0,14,5,36,14,53,39,5,10,0
5,0,0,3,36,5,8,62,65,75,77,70,62,65,37,55,51,52,13,19,27,11,3,4
0,1,12,4,3,6,14,75,123,126,132,109,119,104,77,64,58,11,12,13,30,10,7,6
4,4,9,0,1,73,66,90,125,124,119,99,122,111,90,68,14,5,6,0,45,6,0,0
0,0,0,0,0,0,53,90,115,129,130,96,95,73,77,57,8,14,0,0,0,0,0,0
9,0,0,0,3,54,90,119,133,168,172,149,146,116,92,74,22,0,0,0,0,0,0,0
0,0,0,11,13,47,89,130,198,276,262,175,188,165,107,79,62,5,5,0,0,0,0,0
0,0,0,0,0,54,88,153,265,262,200,145,171,239,176,108,70,17,9,0,0,0,0,0
0,0,0,0,0,56,81,145,171,169,172,172,175,155,145,110,62,14,0,10,0,0,0,0
0,0,0,0,7,102,107,130,141,160,167,162,154,141,120,101,86,14,0,6,0,0,0,0
0,0,0,0,1,85,103,113,133,147,150,140,144,117,77,70,61,7,0,0,0,0,0,0
0,0,0,0,9,54,104,99,119,137,146,135,124,93,70,71,50,7,1,3,0,0,0,0
0,2,0,0,11,69,77,91,87,97,121,136,110,114,74,62,26,9,9,0,9,0,4,3
8,5,9,17,28,53,76,105,121,109,122,116,118,117,86,60,43,20,12,6,12,12,12,7
6,0,7,29,102,82,104,122,129,119,109,135,138,124,115,73,75,11,5,1,5,3,0,0
7,8,10,60,115,130,128,135,122,132,163,177,135,117,110,122,104,50,9,1,2,7,0,0
8,6,14,63,107,120,134,131,124,131,177,157,117,136,106,128,84,55,7,2,7,8,7,4
13,13,35,76,116,129,132,128,117,89,140,114,129,145,137,126,110,48,7,10,7,6,6,0
9,11,33,104,119,125,159,137,112,71,60,90,126,166,142,124,103,47,11,6,9,1,0,0
0,11,37,109,122,134,151,141,113,93,29,106,130,149,141,130,118,100,8,0,0,0,0,0
8,7,26,98,126,135,136,130,109,31,20,105,123,139,136,116,109,73,8,1,2,5,5,0
6,24,55,100,119,126,128,118,104,12,10,101,114,126,129,117,109,62,9,0,4,6,1,5
6,7,7,101,101,107,110,108,89,12,8,66,103,116,116,105,101,35,9,7,3,0,3,0
11,10,10,57,63,109,115,103,21,11,14,53,108,117,111,105,59,47,10,8,3,10,4,1
2,12,12,47,145,165,117,101,39,13,53,54,64,108,142,131,85,57,12,4,5,5,2,0
9,9,14,57,125,139,64,42,39,37,41,45,50,111,165,120,60,48,14,12,7,11,5,10
12,17,26,50,66,63,45,37,19,13,27,30,41,54,72,75,48,41,34,13,13,9,7,7
5,11,16,36,43,44,37,39,14,10,14,21,47,71,70,81,52,10,10,6,2,2,3,0
8,14,37,54,58,32,33,14,11,9,12,20,20,52,58,67,57,13,15,6,1,3,0,11
13,13,51,57,52,44,32,13,21,11,3,22,14,43,51,56,54,21,13,4,0,0,0,5
10,14,42,55,47,21,20,8,15,11,2,14,13,19,30,49,22,12,5,4,0,6,0,0
0,13,23,43,16,11,10,3,24,12,7,11,11,12,10,11,12,4,5,2,0,0,5,3
0,12,16,18,13,7,10,3,11,5,9,13,14,14,10,7,6,2,6,1,5,0,0,0
0,4,11,14,14,6,11,7,9,9,9,13,13,13,9,8,6,0,6,9,6,0,0,0
3,6,12,13,13,13,21,12,12,0,11,13,23,9,13,9,6,0,0,0,1,0,0,0
0,5,14,34,20,42,14,13,12,7,10,9,27,15,15,14,10,13,10,1,0,0,0,0
0,14,32,35,37,14,35,15,17,0,6,10,14,37,26,31,30,11,4,0,2,0,5,1
10,13,23,70,50,31,12,43,21,12,3,12,34,48,51,51,23,14,7,0,0,3,6,4
7,10,25,25,51,22,35,16,12,19,14,11,35,53,63,54,19,8,3,6,2,2,5,1
9,12,10,31,21,15,8,5,2,4,17,13,13,43,58,54,14,11,9,4,8,5,0,0

9,16,22,80,83,92,61,52,50,52,38,53,72,49,15,14,18,50,55,119,117,29,14,10
12,4,52,66,39,3,12,14,5,0,0,0,8,14,51,101,95,107,108,113,136,53,37,17
3,11,8,13,12,14,36,26,12,27,103,101,89,102,107,106,108,107,109,107,58,51,41,14
6,0,2,3,13,9,23,8,11,52,93,93,88,95,68,60,88,58,66,41,34,31,23,13
1,0,0,9,13,22,14,9,64,63,71,57,34,9,0,14,6,37,14,53,40,5,10,0
5,0,0,3,36,5,9,62,65,75,77,71,62,65,38,55,51,52,13,19,28,11,3,4
0,1,12,4,3,6,15,75,123,127,133,110,119,104,77,64,58,11,12,13,29,10,7,6
4,4,9,0,1,73,66,90,126,125,120,100,123,111,91,68,16,6,7,0,45,6,0,0
0,0,0,0,0,0,53,90,116,129,132,97,96,75,78,57,9,14,0,0,0,0,0,0
9,0,0,0,3,54,91,119,134,171,173,150,147,117,92,74,23,0,0,0,0,0,0,0
0,0,0,11,13,45,89,130,199,280,268,178,191,165,106,79,62,5,5,0,0,0,0,0
0,0,0,0,0,53,87,152,267,269,200,145,172,243,174,108,70,17,9,0,0,0,0,0
0,0,0,0,0,55,80,145,172,167,171,169,172,155,146,110,62,13,0,10,0,0,0,0
0,0,0,0,7,101,107,130,140,158,164,159,152,140,120,101,85,14,0,6,0,0,0,0
0,0,0,0,1,85,103,113,132,146,148,139,143,116,76,69,60,7,0,0,0,0,0,0
0,0,0,0,9,55,104,98,118,136,145,134,122,92,70,71,50,7,0,3,0,0,0,0
0,2,0,0,12,70,77,91,86,96,120,135,108,113,74,62,28,9,9,0,9,0,4,3
8,5,9,17,28,53,77,105,120,108,121,114,116,116,86,61,43,21,12,6,12,12,12,7
6,0,8,29,103,82,105,123,129,118,108,134,137,124,116,73,76,11,5,1,5,3,0,0
7,8,10,61,115,130,129,136,122,132,163,177,135,117,110,123,104,50,9,1,2,7,0,0
8,6,14,63,107,120,134,131,125,131,178,157,117,136,106,128,84,56,7,2,7,8,7,3
13,13,35,76,116,129,132,129,117,89,140,115,130,145,138,126,110,48,7,10,7,6,6,0
9,11,33,104,119,125,159,137,112,71,61,90,126,166,142,124,103,48,11,6,9,1,0,0
0,11,37,109,122,134,151,141,113,93,33,106,130,149,141,130,118,100,8,0,0,0,0,0
8,7,26,98,126,135,136,130,109,33,18,105,123,139,136,116,109,73,8,1,2,5,5,0
6,24,55,100,119,126,128,118,104,12,10,101,114,126,129,117,109,62,9,0,4,6,1,5
6,7,7,101,101,107,110,108,90,12,8,65,103,116,115,105,101,37,9,7,3,0,3,0
11,10,10,57,63,109,115,103,21,11,14,53,108,117,111,105,59,46,10,8,3,10,4,1
2,12,12,46,145,166,117,101,38,13,53,54,64,108,142,131,85,57,13,4,5,5,2,0
9,9,14,57,124,139,64,42,39,37,41,45,50,111,165,120,60,50,14,12,7,11,5,10
12,17,26,50,66,62,44,37,19,13,27,30,41,54,72,75,48,41,34,13,13,9,7,7
5,11,16,36,43,44,37,39,13,10,14,23,47,72,70,81,52,10,10,6,2,2,3,0
8,14,37,54,58,32,33,14,11,9,12,20,22,52,58,67,58,13,15,6,1,3,0,11
13,13,51,57,52,44,32,13,20,11,3,22,14,43,51,56,54,21,13,4,0,0,0,5
10,14,42,55,47,21,20,8,15,11,2,14,13,17,30,49,22,12,5,4,0,6,0,0
0,13,23,43,16,11,10,3,24,13,7,11,11,12,10,11,12,4,5,2,0,0,5,3
0,12,16,18,13,7,10,3,11,5,9,13,14,14,10,7,6,2,7,1,5,0,0,0
0,4,11,14,14,6,11,7,9,9,8,12,13,13,9,8,6,0,6,9,6,0,0,0
3,6,12,13,13,13,20,12,12,0,11,13,23,9,13,9,6,0,0,0,1,0,0,0
0,5,14,34,20,42,14,13,12,7,10,9,26,15,15,15,10,13,10,1,0,0,0,0
0,14,32,36,37,14,35,15,15,0,6,9,13,38,27,30,30,11,4,0,2,0,5,1
10,13,23,70,51,31,12,43,21,12,3,12,34,48,51,51,23,14,7,0,0,3,6,4
7,10,25,25,50,24,32,16,12,19,15,11,37,53,63,53,18,8,3,6,2,2,5,1
9,12,10,32,21,15,7,5,2,4,17,13,13,42,58,54,14,11,9,4,8,5,0,0

9,17,25,80,84,94,61,52,50,52,34,52,71,46,14,14,16,50,55,120,117,30,14,10
12,4,53,67,41,3,12,14,5,0,0,0,7,14,51,101,95,107,108,113,137,53,37,17
4,11,8,13,12,14,36,26,12,27,103,101,89,102,107,106,108,107,109,107,58,51,43,14
6,0,2,3,13,9,22,8,11,52,92,93,89,95,68,61,87,58,66,40,34,30,23,13
1,0,0,9,13,22,14,9,64,64,71,58,37,9,1,14,6,37,14,52,39,4,9,0
5,0,0,4,36,5,9,62,65,75,78,71,63,65,38,55,51,52,13,20,27,11,3,4
0,1,12,4,3,6,19,75,124,128,134,110,120,105,78,64,58,12,12,13,29,10,7,6
4,4,9,0,1,74,66,90,126,126,121,100,124,113,92,69,20,6,7,0,46,6,0,0
0,0,0,0,0,0,53,91,116,130,133,98,97,76,79,58,9,14,0,0,0,0,0,0
9,0,0,0,4,54,91,120,135,172,175,152,150,119,93,74,24,0,0,0,0,0,0,0
0,0,0,11,13,46,89,131,199,282,272,180,194,166,106,79,62,5,5,0,0,0,0,0
0,0,0,0,0,53,87,151,268,273,200,144,173,245,175,107,70,16,9,0,0,0,0,0
0,0,0,0,0,55,80,145,173,167,169,167,171,155,146,110,61,13,0,10,0,0,0,0
0,0,0,0,7,101,107,130,140,156,162,157,150,140,120,101,85,14,0,6,0,0,0,0
0,0,0,0,1,85,103,113,132,145,148,138,142,116,76,69,60,6,0,0,0,0,0,0
0,0,0,0,9,55,104,98,118,134,144,133,121,92,70,71,50,7,0,3,0,0,0,0
0,2,0,0,12,70,77,90,86,95,119,134,107,112,74,62,29,9,9,0,9,0,4,3
8,5,9,17,28,54,77,105,119,107,119,113,115,115,86,61,43,21,12,6,12,12,12,7
6,0,8,30,102,82,106,123,128,117,107,134,136,124,116,74,76,11,5,1,5,3,0,0
7,8,10,61,115,130,129,136,122,132,162,176,135,117,111,123,104,50,9,1,2,7,0,0
8,6,14,63,107,120,134,131,125,131,178,158,117,136,106,129,84,56,8,2,7,8,7,3
13,13,35,77,116,129,132,129,117,90,140,115,130,146,138,126,110,48,8,10,7,6,6,0
9,11,33,104,119,125,159,137,112,71,61,91,126,166,142,124,103,48,11,6,9,1,0,0
0,11,37,109,122,134,150,141,113,94,30,106,130,149,141,130,118,100,8,0,0,0,0,0
8,7,27,98,126,135,136,130,109,33,20,105,123,139,136,116,109,73,9,1,2,6,5,0
6,24,55,100,119,126,128,118,104,12,10,101,114,126,129,117,109,62,9,0,4,6,1,5
6,7,7,101,101,107,110,108,89,12,8,66,103,116,115,105,101,36,9,7,3,0,3,0
11,10,10,57,63,109,115,103,21,11,14,53,108,117,111,105,59,48,10,8,3,10,4,1
2,12,12,46,146,167,118,101,38,13,53,54,64,108,143,131,85,57,13,4,5,5,1,0
9,9,14,57,124,139,64,42,39,37,41,45,50,111,165,120,60,50,14,12,7,11,5,10
12,18,26,50,66,62,45,37,19,13,26,30,41,54,72,75,48,41,34,13,13,9,7,7
5,11,15,36,43,45,36,39,14,10,14,23,47,72,70,81,52,10,10,6,2,2,3,0
8,14,37,54,58,32,33,14,11,9,12,20,21,52,58,67,57,13,14,6,1,3,0,11
13,13,51,57,52,45,32,13,19,11,3,22,14,43,51,56,54,21,13,4,0,0,0,5
10,14,42,55,47,21,20,8,15,11,2,14,13,17,30,49,22,12,5,4,0,6,0,0
0,13,23,43,17,11,10,3,24,12,7,11,11,12,10,11,12,4,5,2,0,0,5,3
0,12,16,18,13,7,10,3,11,5,9,13,14,13,10,7,6,2,7,1,5,0,0,0
0,4,11,14,14,6,11,7,9,9,8,13,13,13,9,8,6,0,6,9,6,0,0,0
3,6,12,13,13,13,20,12,12,0,11,13,23,9,13,9,6,0,0,0,1,0,0,0
0,5,14,34,20,41,14,13,12,7,10,9,26,15,15,14,10,13,10,1,0,0,0,0
0,14,32,36,36,14,35,15,15,0,6,9,13,36,26,30,30,11,4,0,2,0,5,1
10,13,23,71,51,32,12,42,21,12,3,12,36,48,51,51,23,14,7,0,0,3,6,4
7,10,25,25,50,24,33,15,12,19,14,11,37,53,62,53,18,8,3,6,3,2,5,1
9,12,10,31,21,15,7,5,2,4,17,13,13,44,58,54,14,11,9,4,8,5,0,0

9,18,26,80,84,94,62,52,51,53,39,53,72,50,16,14,18,50,55,119,117,29,14,10
12,5,52,67,41,3,12,14,6,0,0,0,8,14,52,101,95,108,108,113,137,53,37,17
3,11,8,13,13,14,36,26,12,30,103,101,89,101,107,106,108,107,109,107,58,51,43,14
6,0,2,3,14,9,23,8,11,52,92,93,89,95,68,61,87,59,66,40,34,30,23,13
1,0,0,9,13,22,14,9,64,63,71,58,39,10,1,14,6,39,14,52,39,4,10,0
5,0,0,4,37,5,9,62,64,75,77,71,63,65,39,55,51,52,13,20,27,11,3,4
0,1,12,4,3,6,19,75,123,127,133,110,120,105,78,64,58,12,12,13,30,10,7,6
5,4,9,0,1,74,66,90,126,126,121,100,124,113,92,69,20,7,7,0,48,6,0,0
0,0,0,0,0,0,53,91,116,130,133,98,98,76,79,58,9,14,0,0,0,0,0,0
9,0,0,0,4,54,91,120,135,173,175,152,150,119,93,74,25,0,0,0,0,0,0,0
0,0,0,11,13,45,89,131,199,283,274,182,195,166,107,79,62,6,5,0,0,0,0,0
0,0,0,0,0,53,87,152,270,275,201,144,173,246,175,107,70,17,9,0,0,0,0,0
0,0,0,0,0,55,80,145,174,167,168,166,170,155,146,110,61,13,0,10,0,0,0,0
0,0,0,0,7,101,107,130,140,156,161,156,150,140,120,101,85,14,0,6,0,0,0,0
0,0,0,0,1,85,103,113,132,145,147,138,141,115,76,69,60,6,0,0,0,0,0,0
0,0,0,0,10,55,104,98,118,134,143,133,121,92,70,71,50,7,0,3,0,0,0,0
0,2,0,0,12,70,77,91,86,95,119,134,107,112,74,62,31,9,8,0,9,0,4,3
8,5,9,18,28,54,78,105,119,106,119,112,115,115,87,62,44,21,12,5,12,12,12,7
6,0,8,30,102,83,106,123,128,117,107,133,136,124,116,74,77,11,5,1,5,3,0,0
7,8,10,61,115,130,129,136,122,132,162,176,135,117,111,123,104,50,9,1,3,7,0,0
8,6,14,63,107,120,134,131,125,131,178,157,117,136,106,129,84,57,8,2,7,8,7,3
13,13,35,77,116,129,132,129,117,90,141,115,130,145,138,126,110,48,8,10,7,6,6,0
9,11,33,104,119,125,159,137,112,70,62,91,126,166,142,124,103,48,11,6,9,1,0,0
0,11,37,109,122,134,150,141,113,94,30,106,130,149,141,130,118,100,8,0,0,0,0,0
8,7,27,98,126,134,136,130,109,31,21,105,123,139,136,116,109,73,9,0,2,5,5,0
6,24,56,100,119,126,128,118,104,13,10,101,114,126,129,117,109,62,9,0,3,6,1,5
6,7,7,101,101,107,110,108,90,12,9,66,103,116,115,105,101,37,9,7,3,0,3,0
11,10,10,57,63,109,115,103,23,11,14,53,108,117,111,105,59,48,10,8,3,10,4,1
2,12,12,46,146,167,117,101,39,13,54,54,64,108,143,131,85,57,13,4,5,5,1,0
9,9,14,57,124,139,64,42,39,37,41,45,50,111,165,120,60,50,14,12,7,11,5,10
12,18,26,50,66,62,45,37,19,14,27,30,41,54,72,75,48,41,34,13,13,9,7,7
5,11,16,36,43,44,37,39,14,10,14,24,50,72,70,81,52,10,10,6,2,2,3,0
8,14,37,54,58,32,33,14,11,9,12,20,22,52,58,67,57,13,14,6,1,3,0,11
13,13,51,57,52,45,32,13,21,11,4,22,14,43,51,56,54,21,13,4,0,0,0,5
10,14,42,55,48,21,20,9,15,11,3,14,13,18,31,48,22,12,5,4,0,6,0,0
0,13,23,44,17,11,10,3,24,13,7,11,11,12,11,11,12,4,5,2,0,0,5,3
0,12,15,18,13,7,10,3,11,5,9,13,14,14,10,7,6,2,7,1,5,0,0,0
0,4,11,14,14,6,11,7,9,9,8,13,13,13,9,8,6,0,6,9,6,0,0,0
3,6,12,13,13,13,20,12,12,0,11,13,23,9,13,8,6,0,0,0,1,0,0,0
0,5,14,34,20,42,14,13,12,7,10,9,26,15,15,14,10,13,10,1,0,0,0,0
0,14,32,36,37,14,36,15,14,0,6,9,13,38,26,30,30,11,4,0,2,0,5,1
10,13,22,71,51,32,12,43,21,12,3,12,36,48,51,51,23,14,7,0,0,3,6,4
7,10,25,25,51,22,33,16,12,19,15,11,37,53,63,53,19,8,4,6,2,2,5,1
9,12,10,31,21,15,8,5,2,4,17,13,12,43,58,54,14,11,9,4,9,5,0,0

9,19,26,80,85,95,63,52,53,54,46,54,74,50,18,14,18,50,55,120,117,29,14,10
12,5,53,67,44,3,12,14,6,0,0,0,9,15,52,101,95,108,108,113,137,53,38,17
4,11,8,13,13,14,36,26,12,29,103,101,89,102,106,106,108,107,109,107,58,51,44,14
7,0,2,3,14,9,23,8,11,53,92,93,89,96,68,61,88,59,66,41,35,30,23,13
1,0,0,9,13,23,14,9,64,63,71,58,39,10,1,14,7,40,14,52,39,5,10,0
5,0,0,4,36,5,9,62,64,74,77,70,62,65,39,55,51,52,14,21,28,11,3,4
0,1,12,4,3,6,19,75,123,126,132,109,119,104,77,64,58,12,12,13,31,10,7,6
5,4,9,0,1,74,66,90,126,124,119,99,122,112,91,69,19,6,7,0,47,6,0,0
0,0,0,0,0,0,53,91,115,129,131,97,96,75,78,58,9,14,0,0,0,0,0,0
9,0,0,0,4,54,91,119,133,170,172,149,147,117,92,74,24,0,0,0,0,0,0,0
0,0,0,11,13,48,89,132,199,280,270,178,192,166,107,79,62,6,5,0,0,0,0,0
0,0,0,0,0,54,88,154,271,272,203,146,173,244,177,108,70,18,9,0,0,0,0,0
0,0,0,0,0,55,81,146,174,169,171,170,174,156,146,110,62,13,0,10,0,0,0,0
0,0,0,0,7,102,107,131,141,158,165,160,153,141,120,101,88,14,0,6,0,0,0,0
0,0,0,0,1,84,103,113,132,146,148,139,143,117,77,69,60,7,0,0,0,0,0,0
0,0,0,0,9,54,104,98,118,135,145,134,123,92,70,71,50,7,0,3,0,0,0,0
0,2,0,0,12,70,77,91,86,96,120,135,108,113,74,62,27,9,8,0,9,0,4,3
8,5,9,17,28,53,76,104,119,107,120,114,116,115,86,61,43,20,12,5,12,12,12,7
6,0,7,29,102,82,105,122,128,117,107,134,136,124,115,73,75,11,5,0,5,3,0,0
7,8,9,60,115,130,128,135,121,131,162,175,135,116,110,122,104,50,9,1,2,7,0,0
8,6,14,62,107,120,134,131,124,130,177,156,117,135,106,128,83,56,7,2,7,8,7,3
13,13,35,76,116,128,131,128,116,89,140,114,129,145,137,126,110,48,7,10,7,6,6,0
9,11,33,104,119,125,158,137,112,70,61,91,126,166,142,124,103,47,11,6,9,1,0,0
0,11,37,109,121,134,150,141,113,93,33,106,130,149,141,130,118,100,8,0,0,0,0,0
8,7,26,98,126,134,136,130,109,33,21,105,123,139,136,116,109,73,8,0,2,5,5,0
6,24,55,100,119,126,128,118,104,13,10,101,114,126,129,117,109,62,9,0,3,6,1,5
6,7,7,101,101,107,110,108,90,13,8,65,103,116,115,105,101,36,9,7,3,0,3,0
11,10,10,57,63,109,115,103,23,11,14,53,108,117,111,105,59,47,10,8,3,10,4,1
2,12,12,47,146,167,117,101,39,13,53,54,64,108,143,131,85,58,13,4,5,5,2,0
9,9,14,57,125,140,64,43,39,37,42,45,50,111,166,120,60,50,14,12,7,11,5,10
12,18,26,50,66,63,45,37,19,14,27,30,41,54,73,75,48,41,34,13,13,9,7,7
5,11,16,36,42,44,37,40,14,10,14,23,47,72,70,81,52,10,10,6,2,2,3,0
8,14,37,54,58,32,33,14,11,9,12,20,22,52,57,67,58,13,15,6,1,3,0,11
13,13,51,57,52,45,32,13,20,11,3,22,14,43,51,56,54,22,14,4,0,0,0,5
10,14,42,55,47,22,20,8,15,11,2,14,13,19,30,49,22,12,5,4,0,6,0,0
0,13,24,45,17,11,10,3,24,13,7,11,11,13,11,11,12,4,5,2,0,0,5,3
0,12,16,18,13,7,10,3,11,5,9,13,14,14,10,8,6,2,6,1,5,0,0,0
0,4,11,14,14,6,11,7,9,9,9,13,13,13,10,8,6,0,6,9,6,0,0,0
3,6,12,13,13,13,21,12,12,0,11,13,23,9,13,9,6,0,0,0,1,0,0,0
0,5,14,35,20,43,14,14,12,7,10,10,27,15,15,15,10,13,10,1,0,0,0,0
0,14,32,36,37,14,36,15,15,0,6,9,14,38,26,30,30,11,4,0,2,0,5,1
10,13,23,70,51,32,12,43,21,12,3,12,36,50,51,51,24,14,8,0,0,3,6,4
7,10,25,25,51,24,36,16,12,19,15,11,37,53,63,54,23,8,4,6,3,2,5,1
9,12,10,32,21,15,8,5,2,4,17,13,13,44,58,54,14,11,9,4,9,5,0,0

9,20,27,80,85,95,62,52,54,54,48,54,74,50,19,14,18,50,55,121,118,29,14,10
12,5,53,67,45,4,13,15,7,0,0,0,9,16,51,101,95,108,108,114,137,53,40,17
4,11,8,13,13,14,36,26,12,29,103,102,90,102,107,106,108,107,109,107,58,52,43,14
7,0,2,3,14,9,23,8,11,52,92,93,88,94,68,61,86,58,65,41,35,30,23,13
1,0,0,9,13,22,14,9,64,63,71,57,36,10,1,15,7,40,14,53,40,5,10,0
5,0,0,4,36,5,9,62,65,75,76,70,62,65,39,55,51,52,14,23,29,11,4,4
0,1,12,4,3,6,17,75,123,126,131,109,118,104,77,64,58,11,12,13,31,10,7,6
5,3,9,0,1,74,66,90,125,123,117,99,120,110,90,68,15,6,7,1,47,6,0,0
0,0,0,0,0,0,53,90,114,127,129,96,94,73,77,57,9,14,0,0,0,0,0,0
9,0,0,0,4,54,91,118,131,166,169,147,145,115,91,73,22,0,0,0,0,0,0,0
0,0,0,11,13,49,90,130,197,275,262,175,188,164,107,79,62,6,5,0,0,0,0,0
0,0,0,0,0,54,89,155,268,264,204,148,174,239,177,109,70,18,9,0,0,0,0,0
0,0,0,0,0,56,82,146,173,172,175,176,180,157,145,111,62,14,0,10,0,0,0,0
0,0,0,0,7,102,108,130,142,162,169,165,157,143,121,101,89,14,0,6,0,0,0,0
0,0,0,0,2,86,103,114,134,148,151,142,146,119,77,70,62,7,0,0,0,0,0,0
0,0,0,0,8,54,104,99,120,137,147,136,125,93,71,71,50,7,1,3,0,0,0,0
0,2,0,0,11,68,76,91,87,97,122,137,111,115,74,62,24,9,9,0,9,0,4,3
8,5,9,16,27,52,74,103,121,110,123,117,118,117,85,60,42,19,12,6,12,12,12,7
6,0,7,28,102,80,102,121,128,118,109,135,137,123,114,71,73,11,4,0,5,3,0,0
7,8,9,60,115,129,127,134,121,131,161,175,134,116,109,121,103,48,9,0,2,7,0,0
8,6,14,62,107,119,133,130,123,130,175,155,116,134,105,127,83,55,7,1,7,8,7,3
13,13,34,75,115,128,131,128,116,87,138,113,128,144,137,125,110,48,7,10,7,6,6,0
9,11,33,104,119,125,158,137,111,70,60,89,126,165,142,124,102,47,11,6,9,1,0,0
0,11,34,109,121,134,150,141,113,94,27,105,130,149,140,130,118,100,8,0,0,0,0,0
8,7,26,98,126,134,136,130,109,33,20,105,123,139,136,116,109,72,8,0,2,5,5,0
6,24,55,100,119,126,128,118,104,12,10,101,114,126,129,117,109,63,9,0,3,6,1,5
6,7,7,101,101,107,110,108,90,13,8,66,103,116,116,105,101,37,9,7,3,0,3,0
11,10,10,57,63,109,115,103,23,11,14,53,108,117,111,105,59,48,10,8,3,10,4,1
2,12,12,47,146,167,117,101,39,13,54,54,64,108,143,131,85,58,13,4,5,5,2,0
9,9,14,57,126,141,64,43,39,37,41,45,50,111,167,121,60,50,14,12,7,11,5,10
12,18,27,50,66,63,45,37,19,14,27,30,41,54,73,75,48,41,34,13,13,9,7,7
5,12,16,36,42,45,37,41,14,10,14,25,50,72,70,81,52,10,10,6,2,2,3,0
8,14,37,54,58,32,33,14,11,10,12,19,22,52,57,67,58,13,15,6,1,3,0,11
13,13,51,57,52,45,33,13,21,11,3,22,14,43,51,56,54,21,13,4,0,0,0,5
10,14,42,55,47,22,20,8,15,11,2,14,13,18,30,50,22,12,5,4,0,6,0,0
0,13,24,45,17,11,11,3,25,13,7,12,11,13,11,12,12,4,5,2,0,0,5,3
0,12,16,18,13,7,10,4,11,5,9,13,14,14,10,8,6,2,7,1,5,0,0,0
0,4,11,14,14,6,11,7,9,9,9,12,13,13,9,8,6,0,6,9,6,0,0,0
3,6,12,13,13,13,21,12,12,0,11,13,23,10,13,9,6,0,0,0,1,0,0,0
0,5,14,35,21,43,14,14,12,7,10,9,27,15,15,14,10,13,10,1,0,0,0,0
0,14,32,36,36,14,37,15,14,0,7,9,14,37,27,30,30,11,4,0,2,0,5,1
10,13,23,70,51,32,12,43,21,12,3,12,36,47,51,51,24,14,8,0,0,3,6,4
7,11,25,25,51,24,36,16,12,19,14,11,37,53,63,53,20,8,4,6,3,2,5,1
9,12,10,32,21,15,8,5,2,4,17,13,13,43,58,54,14,11,9,4,9,5,0,0

9,21,31,80,85,96,64,52,54,55,50,54,75,50,19,14,19,50,55,121,118,30,14,10
12,5,53,67,45,4,13,15,7,0,0,0,9,16,52,101,95,108,109,114,137,53,37,18
4,11,8,13,13,14,37,26,12,31,103,101,89,102,107,106,108,107,109,107,58,51,43,14
7,0,3,3,14,9,23,8,12,52,92,93,89,94,68,61,85,59,65,41,35,31,23,13
1,0,0,9,13,23,14,9,64,64,70,57,38,10,1,14,7,40,14,53,39,5,10,0
5,0,0,4,36,5,9,62,64,75,76,70,62,65,39,55,51,52,14,22,29,11,4,4
0,1,12,4,3,6,21,75,122,126,131,109,119,104,77,64,58,11,12,13,31,10,7,6
5,4,9,0,1,74,66,90,125,124,118,99,122,111,91,69,17,6,7,1,47,6,0,0
0,0,0,0,0,0,53,90,115,129,131,97,96,74,78,57,9,14,0,0,0,0,0,0
9,0,0,0,4,54,91,119,133,169,172,150,149,117,92,74,23,0,0,0,0,0,0,0
0,0,0,11,13,50,90,131,199,278,266,178,191,166,107,79,62,6,5,0,0,0,0,0
0,0,0,0,0,54,88,154,269,267,201,146,173,241,176,108,70,17,9,0,0,0,0,0
0,0,0,0,0,56,81,146,173,170,173,172,176,156,145,110,62,14,0,10,0,0,0,0
0,0,0,0,7,102,107,130,142,160,166,162,155,142,120,101,87,14,0,6,0,0,0,0
0,0,0,0,1,85,103,113,133,147,150,141,144,118,77,70,62,7,0,0,0,0,0,0
0,0,0,0,9,54,104,99,119,137,146,135,124,93,70,71,50,7,0,3,0,0,0,0
0,2,0,0,11,69,77,91,87,96,121,136,110,114,74,62,26,9,9,0,9,0,4,3
8,5,9,16,28,53,75,104,120,109,122,116,117,116,85,60,43,20,12,5,12,12,12,7
6,0,7,29,102,81,103,121,128,118,108,134,137,123,114,72,75,11,5,0,5,3,0,0
7,8,9,60,115,129,128,135,121,131,162,175,134,116,110,122,104,50,9,1,2,7,0,0
8,6,14,63,107,119,134,131,124,130,176,156,117,135,105,127,83,56,7,2,7,8,7,3
13,13,35,76,116,128,131,128,116,88,139,113,128,145,137,126,110,48,7,10,7,6,6,0
9,11,33,104,119,125,158,137,112,70,61,89,126,166,142,124,103,47,11,6,9,1,0,0
0,11,36,109,121,134,150,141,113,93,31,105,130,149,141,130,118,100,8,0,0,0,0,0
8,7,27,98,126,134,136,130,109,34,20,105,123,139,136,116,109,73,9,0,2,5,5,0
6,24,55,100,119,126,128,118,104,12,10,101,114,126,129,117,109,62,9,0,3,6,1,5
6,7,7,101,101,107,110,108,90,12,8,66,103,116,115,105,101,37,9,7,3,0,3,0
11,10,10,57,63,109,115,103,23,11,14,53,108,117,111,105,59,47,10,8,3,10,4,1
2,12,12,47,146,167,117,101,39,13,53,54,64,108,143,131,85,57,13,4,5,6,2,0
10,9,14,57,125,140,64,42,39,37,41,45,50,111,166,120,60,50,14,12,7,11,5,10
12,18,26,50,66,63,45,37,19,14,27,30,41,54,72,75,48,41,34,13,13,9,7,7
5,12,16,36,43,45,37,40,14,10,14,24,48,72,70,81,52,10,10,6,2,2,3,0
8,14,37,54,58,32,33,14,11,9,12,19,22,52,58,67,58,13,15,6,1,3,0,11
13,13,51,57,52,45,32,13,20,11,4,22,14,43,51,56,54,22,14,4,0,0,0,5
10,14,42,55,47,22,20,8,15,11,2,14,13,19,30,49,23,12,5,4,0,6,0,0
0,13,23,45,18,11,11,3,25,13,7,12,11,13,11,12,12,4,5,2,0,0,5,3
0,12,16,18,13,7,10,4,11,5,9,13,14,14,10,8,6,2,7,1,5,0,0,0
0,4,11,14,14,6,11,7,9,9,9,13,13,13,10,8,6,0,6,9,6,0,0,0
3,6,12,13,13,13,21,12,12,0,11,13,23,10,13,9,6,0,0,0,1,0,0,0
0,5,14,35,20,42,14,14,12,8,11,9,26,15,16,15,10,13,10,1,0,0,0,0
0,14,33,36,37,14,36,15,14,0,7,9,13,38,27,31,30,11,4,0,2,0,5,1
10,13,22,71,51,33,12,44,21,12,3,12,37,48,51,51,23,14,8,0,0,3,6,4
7,11,25,25,51,25,33,17,12,19,14,11,38,53,63,54,19,8,4,6,3,2,5,1
9,12,10,32,21,15,8,5,2,4,17,13,13,44,58,54,14,11,9,4,9,5,0,0

9,22,31,81,86,96,64,52,54,54,50,54,74,50,19,14,18,50,55,121,117,30,14,10
12,5,54,67,48,4,13,15,7,0,0,0,10,17,52,101,95,108,109,114,138,53,38,18
4,11,8,13,13,14,37,26,12,30,103,102,90,101,107,106,108,107,109,107,58,52,41,14
7,0,3,3,14,9,23,8,12,52,92,93,89,95,68,61,87,59,65,41,35,30,23,13
1,0,0,9,13,23,14,9,64,63,71,58,41,10,1,15,7,40,14,53,39,5,10,0
5,0,0,4,36,5,9,62,65,74,77,70,63,66,40,55,51,52,14,22,29,11,3,4
0,1,12,4,3,6,24,75,123,127,132,110,120,105,78,64,58,12,12,13,31,10,7,6
5,4,9,0,1,74,67,90,126,125,119,100,123,113,92,69,20,7,7,1,47,6,0,0
0,0,0,0,0,0,54,91,116,129,132,97,97,75,78,58,9,14,0,0,0,0,0,0
9,0,0,0,4,54,92,120,135,172,174,152,150,118,93,74,26,0,0,0,0,0,0,0
0,0,0,11,13,49,89,131,199,280,269,179,193,167,107,79,62,6,5,0,0,0,0,0
0,0,0,0,0,54,88,153,270,271,200,145,172,244,176,108,70,18,9,0,0,0,0,0
0,0,0,0,0,56,81,146,173,168,170,169,173,155,146,110,62,13,0,10,0,0,0,0
0,0,0,0,7,102,107,130,141,158,164,159,152,140,120,101,86,14,0,6,0,0,0,0
0,0,0,0,1,86,103,113,132,146,148,139,143,116,76,70,61,7,0,0,0,0,0,0
0,0,0,0,9,54,104,98,118,135,145,134,122,92,70,71,50,7,0,3,0,0,0,0
0,2,0,0,12,70,77,91,86,96,120,135,108,113,74,62,28,9,9,0,9,0,4,3
8,5,9,17,28,53,76,104,119,107,120,114,116,115,85,61,43,20,12,5,12,12,12,7
6,0,8,29,102,82,104,122,128,117,107,134,136,123,115,73,76,11,5,0,5,3,0,0
7,8,9,61,115,129,128,135,121,131,162,175,135,116,110,122,104,50,9,1,2,7,0,0
8,6,14,63,107,119,134,131,124,130,177,156,117,135,106,128,84,56,7,2,7,8,7,3
13,13,35,76,116,128,131,128,116,89,139,113,129,145,137,126,110,48,7,10,7,6,6,0
9,11,33,104,119,125,158,137,112,71,62,90,126,166,142,124,103,48,11,6,9,0,0,0
0,11,37,109,121,134,150,141,113,94,29,106,130,149,141,130,118,100,8,0,0,0,0,0
8,7,26,98,126,134,136,130,109,34,18,105,123,139,136,116,109,73,9,0,2,5,5,0
6,24,55,100,119,126,128,118,104,12,10,101,114,126,129,117,109,62,9,0,3,6,1,5
6,7,7,101,101,107,110,108,90,13,8,66,103,116,115,105,101,37,9,7,3,0,3,0
11,10,10,57,63,109,115,103,22,11,14,53,108,117,111,105,59,47,10,8,3,10,4,1
2,12,12,47,146,167,117,101,40,13,53,54,64,108,143,131,85,58,13,4,5,5,1,0
10,9,14,57,125,140,64,43,39,37,41,45,50,111,166,120,60,50,14,12,7,11,5,10
12,18,26,50,66,63,45,37,19,14,27,30,41,54,72,75,47,41,34,13,13,9,7,7
5,11,15,36,43,45,37,40,14,10,14,23,48,72,71,81,52,10,10,6,2,2,3,0
8,14,37,54,58,32,33,14,11,9,13,21,23,52,58,67,58,13,15,6,1,3,0,11
13,13,51,57,52,45,32,13,21,11,4,23,14,43,51,56,54,21,13,4,0,0,0,5
10,14,42,55,47,22,20,9,15,11,3,14,13,18,31,49,22,12,5,4,0,6,0,0
0,13,24,45,17,11,11,3,25,13,7,12,12,13,11,12,12,4,5,2,0,0,5,3
0,12,16,18,13,7,10,4,11,5,9,13,14,14,10,8,6,2,7,1,5,0,0,0
0,4,11,14,14,6,11,7,9,9,9,13,13,13,10,8,6,0,6,9,6,0,0,0
3,6,12,13,13,13,21,12,12,0,11,13,23,9,13,9,6,0,0,0,1,0,0,0
0,5,14,34,20,42,14,14,12,7,10,9,27,15,15,14,10,13,10,1,0,0,0,0
0,14,32,36,36,14,37,15,14,0,7,10,13,37,26,30,30,11,4,0,2,0,5,1
10,13,22,71,51,32,12,42,21,12,3,12,36,48,51,51,23,14,7,0,0,3,6,4
7,10,25,25,51,24,35,17,12,19,15,11,35,53,63,53,19,8,4,6,3,2,5,1
9,12,10,32,21,15,8,5,2,4,17,13,13,44,58,54,14,11,9,4,9,5,0,0

9,23,31,81,86,96,64,52,54,55,50,54,74,50,19,14,18,50,55,120,117,28,14,10
12,5,53,67,47,4,13,16,7,0,0,0,10,17,51,101,95,108,109,114,138,53,38,18
4,11,8,13,13,14,37,26,12,30,103,102,90,101,107,106,108,107,109,107,58,51,43,14
7,0,3,3,14,9,24,8,12,53,92,93,89,95,69,61,88,59,65,40,35,30,23,13
1,0,0,9,13,23,14,9,64,63,71,59,45,10,1,18,7,39,14,53,40,5,10,0
5,0,0,4,36,5,9,62,65,75,77,70,63,66,40,56,51,52,14,22,29,11,4,4
0,1,12,4,3,6,27,76,123,127,133,110,120,105,78,64,58,12,12,13,30,10,7,6
5,4,9,0,1,74,67,91,127,126,120,100,124,113,93,69,24,7,8,1,48,6,0,0
0,0,0,0,0,0,54,91,117,130,132,98,97,76,79,58,10,14,0,0,0,0,0,0
9,0,0,0,4,55,92,120,136,173,174,151,150,119,93,75,26,0,0,0,0,0,0,0
0,0,0,11,13,48,89,132,200,282,272,181,195,167,107,79,62,6,6,0,0,0,0,0
0,0,0,0,0,54,87,153,272,274,200,144,173,246,176,108,70,18,9,0,0,0,0,0
0,0,0,0,0,55,80,145,175,167,169,167,170,155,146,110,62,13,0,10,0,0,0,0
0,0,0,0,7,101,107,131,140,156,161,157,150,140,120,101,86,14,0,6,0,0,0,0
0,0,0,0,1,85,103,113,132,145,147,138,141,116,76,69,60,6,0,0,0,0,0,0
0,0,0,0,10,55,104,98,118,134,144,133,121,92,70,71,50,7,0,3,0,0,0,0
0,2,0,0,12,70,77,90,86,95,119,134,107,112,74,62,31,9,8,0,9,0,4,3
8,5,9,17,28,54,77,105,118,106,119,112,115,115,86,62,44,21,12,5,12,12,12,7
6,0,8,29,102,82,105,123,128,117,107,133,136,123,116,74,77,11,5,1,5,3,0,0
7,8,10,61,115,130,129,136,122,131,161,175,135,117,110,123,104,50,9,1,2,7,0,0
8,6,14,62,107,120,134,131,124,131,177,156,117,135,106,128,84,56,8,2,7,8,7,3
13,13,35,76,116,128,131,128,116,89,140,114,129,145,137,126,110,48,7,10,7,6,6,0
9,11,33,104,119,125,158,137,112,70,61,90,126,166,142,124,103,48,11,6,9,0,0,0
0,11,37,109,121,134,150,141,113,93,29,106,130,149,141,130,118,100,8,0,0,0,0,0
8,7,26,98,126,134,136,130,109,34,20,105,123,139,136,116,109,73,9,0,2,5,5,0
6,24,55,100,119,126,128,118,104,12,10,101,114,126,129,117,109,62,9,0,3,6,1,5
6,7,7,101,101,107,110,108,90,12,8,67,103,116,115,105,101,40,9,7,3,0,3,0
11,10,10,57,63,109,115,103,22,11,14,53,108,117,111,105,59,48,10,8,3,10,4,1
2,12,12,47,146,168,117,101,40,13,54,54,64,108,143,131,85,57,13,4,6,5,1,0
10,9,14,57,124,139,64,42,39,37,41,45,50,110,166,120,60,50,14,12,7,11,5,10
12,18,26,50,66,62,45,38,19,14,27,30,41,54,73,75,48,42,34,13,13,9,7,7
5,11,15,36,43,44,37,40,14,10,14,25,47,72,70,81,52,10,10,6,2,2,3,0
8,14,37,54,58,32,33,14,11,9,13,19,23,52,57,67,58,13,14,6,1,3,0,11
13,13,51,57,52,45,32,13,20,11,3,22,14,44,51,56,54,21,13,4,0,0,0,5
10,14,42,55,47,22,19,8,15,11,2,14,13,18,31,49,22,12,5,4,0,6,0,0
0,13,23,44,18,11,11,3,24,13,7,11,11,13,11,11,12,4,5,2,0,0,5,3
0,12,16,18,13,7,10,4,12,5,9,13,14,14,10,8,6,2,7,1,5,0,0,0
0,4,11,14,14,6,11,7,9,9,8,13,13,13,10,8,6,0,6,9,6,0,0,0
3,6,12,13,13,13,21,12,12,0,11,13,23,9,13,9,6,0,0,0,1,0,0,0
0,5,14,35,20,42,14,13,12,7,10,10,26,15,15,15,10,13,10,1,0,0,0,0
0,14,32,36,36,14,37,15,14,0,7,9,14,37,27,31,30,11,4,0,2,0,5,1
10,13,23,71,51,32,12,43,21,12,3,12,37,48,51,51,23,14,8,0,0,3,6,4
7,11,25,25,51,24,33,17,12,19,15,11,37,53,63,54,19,8,4,6,3,2,5,1
9,12,10,31,21,15,8,5,2,4,17,13,13,44,58,54,14,11,9,4,9,5,0,0

9,24,32,81,86,97,64,52,54,56,50,55,75,50,20,14,17,50,55,120,117,29,14,10
12,5,54,67,48,4,13,15,7,0,0,0,10,20,51,100,95,108,109,114,139,53,38,17
4,11,8,13,13,14,37,27,12,31,103,102,90,101,107,106,108,107,109,107,58,52,43,14
7,0,3,3,14,9,24,8,12,52,92,93,89,95,68,61,87,59,65,40,35,30,24,13
1,0,0,9,13,23,14,9,64,64,71,58,45,11,2,16,7,40,14,53,39,4,10,0
5,0,0,4,36,5,9,62,65,74,77,70,63,66,40,56,51,52,14,22,28,11,3,4
0,1,12,4,3,6,29,76,123,127,132,110,120,105,78,65,58,12,12,13,31,10,7,6
5,4,9,0,1,75,67,91,127,126,120,100,124,114,93,70,24,7,8,1,48,6,0,0
0,0,0,0,0,0,54,92,117,130,133,98,98,76,79,58,10,15,0,0,0,0,0,0
9,0,0,0,4,55,92,121,136,174,175,152,151,120,93,75,26,0,0,0,0,0,0,0
0,0,0,11,13,47,89,131,200,283,273,182,196,167,107,79,62,6,6,0,0,0,0,0
0,0,0,0,0,54,87,153,273,277,201,144,173,247,176,107,70,18,9,0,0,0,0,0
0,0,0,0,0,55,80,145,175,167,168,166,169,155,147,110,62,13,0,10,0,0,0,0
0,0,0,0,7,101,107,131,140,155,161,155,149,139,120,101,85,14,0,6,0,0,0,0
0,0,0,0,1,85,103,113,131,144,147,138,141,115,76,69,60,6,0,0,0,0,0,0
0,0,0,0,10,55,105,98,117,134,143,132,120,91,70,71,50,7,0,3,0,0,0,0
0,2,0,0,12,70,77,90,86,95,119,134,106,112,73,62,31,9,8,0,9,0,4,3
8,5,9,17,28,54,77,105,118,105,118,112,114,114,86,62,44,21,12,5,12,12,12,7
6,0,8,30,102,82,106,123,128,116,106,133,136,124,116,74,77,11,5,0,5,3,0,0
7,8,10,61,115,130,129,136,122,131,161,176,135,117,111,123,104,50,9,1,3,7,0,0
8,6,14,63,107,120,134,131,124,131,177,157,117,135,106,129,85,56,8,2,7,8,7,3
13,13,35,76,116,128,131,128,117,89,140,114,129,145,138,126,110,49,7,10,7,6,6,0
9,11,33,104,119,125,158,137,112,71,60,90,126,166,142,124,103,48,11,6,9,0,0,0
0,11,36,109,121,134,150,141,113,95,29,106,130,149,141,130,118,100,8,0,0,0,0,0
8,7,26,98,126,134,136,130,109,34,18,105,123,139,136,116,109,73,9,0,2,5,5,0
6,24,56,100,118,126,128,118,104,12,10,101,114,126,129,117,109,62,9,0,3,6,1,5
6,7,7,101,101,107,110,108,92,12,8,66,103,116,116,105,101,37,9,7,3,0,3,0
11,10,10,57,63,109,115,103,23,11,14,53,108,117,111,105,59,47,10,8,3,10,4,1
2,12,12,47,146,168,118,101,39,13,53,54,64,108,144,131,85,57,12,4,6,5,2,0
10,9,14,57,124,139,64,43,39,37,41,45,50,110,166,120,60,50,14,12,7,11,5,10
12,18,26,50,66,62,45,37,19,14,26,30,41,54,72,75,48,41,34,13,13,9,7,7
5,12,15,36,43,45,37,40,14,10,14,24,50,72,70,81,52,10,10,6,2,2,3,0
8,14,37,54,58,33,33,14,11,9,12,21,25,52,58,67,58,13,15,6,1,3,0,11
13,13,51,57,52,45,33,13,21,11,3,23,14,44,51,56,54,21,14,5,0,0,0,5
10,14,42,55,47,22,19,9,15,11,3,14,13,18,30,50,22,12,5,4,0,6,0,0
0,13,23,45,18,11,11,3,24,13,7,12,11,13,11,11,12,4,5,2,0,0,5,3
0,12,16,18,13,7,10,3,11,5,9,13,14,14,10,8,6,2,7,1,5,0,0,0
0,4,11,14,14,6,11,7,9,9,8,13,13,13,10,8,6,0,6,9,6,0,0,0
3,6,12,13,13,13,21,12,12,0,11,13,23,9,13,9,6,0,0,0,1,0,0,0
0,5,14,34,20,42,14,14,12,7,10,9,26,15,15,14,10,13,10,1,0,0,0,0
0,14,32,36,37,14,36,15,14,0,7,9,13,38,27,30,30,11,4,0,2,0,5,1
10,13,23,71,51,32,12,43,21,12,3,12,37,50,51,51,23,14,7,0,0,3,6,4
7,11,25,25,51,25,33,16,12,19,15,11,37,53,63,54,20,8,3,6,3,2,5,1
9,12,10,32,21,15,8,5,2,4,17,13,13,43,58,54,14,11,9,4,8,5,0,0

9,23,32,81,86,98,65,52,55,56,51,54,76,50,20,14,18,50,55,120,117,28,14,10
12,5,54,67,48,4,13,15,8,0,0,0,10,21,51,100,95,108,109,114,139,53,38,17
4,11,8,13,13,14,38,27,12,33,103,102,90,101,106,106,108,107,109,108,58,51,43,14
7,0,3,3,14,10,24,8,12,52,92,93,90,95,69,61,86,59,64,41,35,30,23,13
1,0,0,9,13,23,14,9,64,63,71,59,46,11,2,17,7,41,14,53,40,5,10,0
5,0,0,4,36,5,10,63,64,74,76,70,63,66,40,56,51,52,14,22,29,11,4,4
0,1,12,4,3,6,28,76,122,127,132,110,120,105,78,64,58,12,12,13,31,10,7,6
5,4,9,0,1,75,67,90,127,126,120,100,124,113,92,69,22,7,8,1,48,7,0,0
0,0,0,0,0,0,53,91,116,130,133,98,98,76,79,58,10,14,0,0,0,0,0,0
9,0,0,0,4,55,92,120,135,173,175,153,151,119,93,74,26,0,0,0,0,0,0,0
0,0,0,11,13,49,90,132,200,284,274,182,196,168,108,80,62,6,6,0,0,0,0,0
0,0,0,0,0,54,88,154,273,276,202,145,173,246,177,108,70,18,9,0,0,0,0,0
0,0,0,0,0,55,80,146,175,168,169,168,172,156,147,110,62,14,0,10,0,0,0,0
0,0,0,0,7,101,107,131,141,157,162,157,151,140,120,101,87,14,0,6,0,0,0,0
0,0,0,0,1,86,103,113,132,145,147,139,142,116,76,70,60,6,0,0,0,0,0,0
0,0,0,0,9,55,105,98,118,135,144,133,121,92,70,71,50,7,0,3,0,0,0,0
0,2,0,0,12,70,77,90,86,95,119,134,107,112,73,62,29,9,8,0,9,0,4,3
8,5,9,17,28,53,77,104,118,106,119,112,114,114,86,61,43,20,12,5,12,12,12,7
6,0,7,29,102,82,105,122,127,117,106,133,136,123,115,73,76,11,5,0,5,3,0,0
7,8,9,61,115,129,128,135,121,131,160,175,134,116,110,122,104,50,9,1,2,7,0,0
8,6,14,63,107,119,134,131,124,130,176,156,117,135,106,128,84,56,7,2,7,8,7,3
13,13,35,76,116,128,131,128,116,88,139,113,129,145,137,126,110,48,7,10,7,6,6,0
9,11,33,104,119,125,158,137,112,71,61,90,126,166,142,124,103,48,11,6,9,0,0,0
0,11,36,109,121,134,150,141,113,93,29,106,130,149,141,130,118,100,8,0,0,0,0,0
8,7,27,98,126,134,135,130,109,34,21,105,123,139,136,116,109,75,9,0,2,5,5,0
6,24,55,100,118,126,128,118,104,12,10,101,114,126,129,117,109,62,9,0,3,6,1,5
6,7,7,101,101,107,110,108,90,13,9,66,103,116,115,105,101,36,9,7,3,0,3,0
11,10,10,57,63,109,115,103,24,11,14,53,108,117,111,105,59,47,10,8,3,10,4,1
2,12,12,47,147,169,118,101,39,13,53,54,64,108,144,132,85,58,13,4,5,5,2,0
10,9,14,57,125,140,64,43,40,37,41,45,50,110,166,120,60,50,14,12,7,11,5,10
12,18,26,50,66,62,45,37,19,14,27,30,41,54,72,75,47,42,34,13,13,9,7,7
5,11,16,36,43,44,38,40,14,10,14,23,48,72,70,81,52,10,10,6,2,2,3,0
8,14,37,54,58,32,33,14,11,9,13,21,23,52,58,67,58,13,15,6,1,3,0,11
13,13,51,57,52,45,33,13,21,11,3,24,14,44,51,56,54,21,14,4,0,0,0,5
10,14,42,55,47,23,21,8,15,11,2,14,13,18,30,49,22,12,5,4,0,6,0,0
0,13,24,45,17,11,11,3,24,13,7,11,11,13,11,11,12,4,5,2,0,0,5,3
0,12,16,18,13,7,10,4,11,5,9,13,14,14,10,8,6,2,7,1,5,0,0,0
0,4,11,14,14,6,11,7,9,9,9,12,13,13,10,8,6,0,6,9,6,0,0,0
3,6,12,13,13,13,20,12,12,0,11,13,23,10,13,9,6,0,0,0,1,0,0,0
0,5,14,35,20,42,14,14,12,7,10,10,27,15,15,15,10,13,10,1,0,0,0,0
0,14,32,39,37,14,36,15,14,0,7,9,13,38,27,30,30,11,4,0,2,0,5,1
10,13,23,71,51,32,12,42,21,12,3,12,36,50,51,51,23,14,8,0,0,3,6,4
7,11,25,25,51,25,33,17,12,19,15,11,39,53,63,53,19,8,4,6,3,2,5,1
9,12,10,32,21,15,8,5,2,4,17,13,13,44,58,54,14,11,9,4,9,5,0,0

9,25,33,81,86,98,65,52,55,56,50,55,76,50,20,14,17,50,55,121,117,30,14,10
12,5,54,67,50,4,13,15,8,0,0,0,10,20,51,100,95,108,109,114,139,53,38,17
4,11,8,13,13,14,37,26,12,32,103,102,90,101,106,106,108,107,109,108,58,52,43,14
7,0,3,3,14,10,24,8,12,52,92,93,90,95,69,61,87,59,65,41,35,31,23,13
1,0,0,9,14,23,14,9,64,63,70,58,45,11,2,18,7,41,14,53,39,5,10,0
5,0,0,4,36,5,9,62,64,74,76,70,62,66,40,55,51,52,14,23,29,11,4,4
0,2,12,4,3,6,26,75,122,126,131,109,119,104,77,64,58,12,12,13,31,10,7,6
5,4,9,0,1,75,67,90,125,124,118,99,122,111,91,69,20,7,7,1,50,7,0,0
0,0,0,0,0,0,53,90,115,129,131,97,96,74,78,58,9,14,0,0,0,0,0,0
9,0,0,0,4,54,92,119,133,169,172,149,148,117,92,74,25,0,0,0,0,0,0,0
0,0,0,11,13,50,90,132,199,280,270,179,192,166,107,79,62,6,6,0,0,0,0,0
0,0,0,0,0,54,89,155,273,272,204,147,174,243,178,108,71,18,9,0,0,0,0,0
0,0,0,0,0,56,81,146,174,170,173,172,176,157,146,111,62,14,0,10,0,0,0,0
0,0,0,0,7,102,108,131,142,160,166,162,155,142,121,101,89,14,0,6,0,0,0,0
0,0,0,0,1,85,103,113,133,146,149,140,144,117,77,70,61,7,0,0,0,0,0,0
0,0,0,0,9,54,104,99,119,136,146,134,123,93,70,71,50,7,0,3,0,0,0,0
0,2,0,0,11,69,77,91,86,96,121,135,109,113,73,62,27,9,8,0,9,0,4,3
8,5,9,16,28,53,75,103,120,108,121,115,116,115,85,60,43,20,12,5,12,12,12,7
6,0,7,28,102,81,103,121,128,117,107,134,136,123,114,72,75,11,4,0,5,3,0,0
7,8,9,60,115,129,127,134,121,130,160,174,134,116,109,121,104,50,9,0,2,7,0,0
8,6,14,62,107,119,133,130,123,130,175,155,116,134,105,127,83,56,7,2,7,8,7,3
13,13,34,76,115,128,131,128,116,87,138,113,128,144,137,125,110,48,7,10,7,6,6,0
9,11,33,104,119,125,158,137,111,71,60,89,126,165,142,124,102,48,11,6,9,0,0,0
0,11,34,109,121,134,150,141,113,96,30,105,130,149,141,130,118,100,8,0,0,0,0,0
8,7,27,98,126,134,135,130,109,34,20,105,123,139,136,116,109,73,8,0,2,5,5,0
6,24,55,100,119,126,128,118,104,12,10,101,114,126,129,117,109,62,9,0,3,6,1,5
6,7,7,101,101,107,110,108,92,13,9,66,103,116,115,105,101,37,9,7,3,0,3,0
11,10,10,57,63,109,115,103,24,11,14,53,108,117,111,105,59,48,10,8,3,10,4,1
2,12,12,47,147,168,117,101,40,13,54,54,64,108,144,132,85,57,13,4,5,5,2,0
10,9,14,57,125,141,64,43,40,37,41,45,50,111,167,121,60,50,14,12,7,11,5,10
12,18,26,50,66,63,45,37,19,14,27,30,41,54,73,75,48,41,34,13,13,9,7,7
5,12,16,36,43,45,37,40,14,10,14,23,50,72,71,81,52,10,10,6,2,2,3,0
8,14,37,54,58,32,33,14,11,10,13,19,23,52,58,67,58,13,15,6,1,3,0,11
13,13,51,57,52,45,32,13,21,11,4,22,14,44,51,56,54,22,13,4,0,0,0,5
10,14,42,55,47,22,20,9,16,11,3,14,13,18,30,49,23,12,5,4,0,6,0,0
0,13,23,45,17,11,11,3,25,13,7,12,11,13,11,12,12,4,5,2,0,0,5,3
0,12,16,18,13,7,10,4,12,5,9,13,14,14,10,8,6,2,7,1,5,0,0,0
0,4,11,14,14,6,11,7,9,9,9,13,13,13,10,8,6,0,6,9,6,0,0,0
3,6,12,13,13,13,21,12,12,0,11,13,23,10,13,9,6,0,0,0,1,0,0,0
0,5,14,36,20,42,14,14,12,7,10,10,27,15,15,14,10,13,10,1,0,0,0,0
0,14,33,36,37,14,37,15,14,0,7,9,13,38,26,31,30,11,4,0,2,0,5,1
10,13,23,71,51,32,12,44,21,12,3,12,36,48,51,51,24,14,8,0,0,3,6,4
7,11,25,25,51,24,35,17,12,19,15,11,37,53,63,54,19,8,4,6,3,2,5,1
9,12,10,32,21,15,8,5,2,4,17,13,13,45,58,54,14,11,9,4,9,5,0,0

9,25,33,81,87,98,65,53,56,56,51,55,76,50,21,14,18,50,55,121,117,29,14,11
12,5,54,67,50,4,13,16,8,0,0,0,11,22,51,100,95,108,109,114,138,53,38,18
4,11,8,13,13,14,38,26,12,34,103,101,89,101,106,106,108,107,110,108,58,52,43,14
7,0,3,3,14,10,24,8,12,52,92,93,90,95,69,61,85,59,64,41,35,30,24,13
1,0,0,9,14,23,14,9,64,63,71,58,47,11,2,16,7,41,14,53,39,5,10,0
5,0,0,4,36,5,10,62,64,74,76,70,63,66,40,56,51,52,14,23,29,11,4,4
0,2,12,4,3,6,27,76,122,126,131,109,119,104,78,64,58,12,12,13,32,10,7,7
5,4,9,0,1,75,67,90,126,125,119,99,123,112,92,69,21,7,8,1,50,7,0,0
0,0,0,0,0,0,54,91,116,129,131,97,96,75,78,58,10,14,0,0,0,0,0,0
9,0,0,0,4,54,92,120,135,171,173,151,149,118,93,74,26,0,0,0,0,0,0,0
0,0,0,11,13,50,90,131,200,281,270,180,193,166,108,79,62,6,6,0,0,0,0,0
0,0,0,0,0,54,88,154,274,272,201,146,173,244,177,108,70,18,9,0,0,0,0,0
0,0,0,0,0,56,81,146,175,169,171,170,173,155,146,110,62,14,0,10,0,0,0,0
0,0,0,0,7,102,107,131,141,158,164,159,152,141,120,101,89,14,0,6,0,0,0,0
0,0,0,0,1,86,103,113,132,146,148,139,143,116,77,70,61,7,0,0,0,0,0,0
0,0,0,0,9,54,104,98,118,135,145,134,122,92,70,71,50,7,0,3,0,0,0,0
0,2,0,0,12,70,77,91,86,95,120,135,108,113,74,62,28,9,8,0,9,0,4,3
8,5,9,16,28,53,76,104,119,107,120,114,115,115,85,61,43,20,12,5,12,12,12,7
6,0,7,29,102,81,104,122,128,117,107,133,136,123,115,73,76,11,5,0,5,3,0,0
7,8,9,61,115,129,128,135,121,131,161,175,134,116,110,122,104,50,9,1,2,7,0,0
8,6,14,62,107,119,133,131,124,130,176,155,116,135,106,128,84,56,7,2,7,8,7,3
13,13,35,76,115,128,131,128,116,88,139,113,128,145,137,126,110,48,7,10,7,6,6,0
9,11,33,104,119,125,158,137,112,71,59,89,126,166,142,124,103,48,11,6,9,0,0,0
0,11,37,109,121,134,150,141,113,94,29,106,130,149,140,130,118,100,8,0,0,0,0,0
8,7,26,98,126,134,136,130,109,34,21,105,123,139,136,116,109,73,9,0,2,5,5,0
6,25,56,100,118,126,128,118,104,12,10,102,114,125,129,117,109,62,9,0,3,6,1,5
6,7,7,101,101,107,110,108,89,13,8,66,103,116,115,105,101,37,9,7,3,0,3,0
11,10,10,57,63,109,115,103,23,11,14,53,108,117,111,105,59,47,10,8,3,10,4,1
2,12,12,47,147,169,118,101,40,13,53,54,64,108,143,132,85,58,13,4,5,5,1,0
10,9,14,57,125,140,64,43,39,37,41,45,50,111,166,120,60,50,14,12,7,11,5,10
12,18,26,50,66,62,45,37,19,14,27,30,41,54,72,75,48,41,34,13,13,9,7,7
5,12,16,36,43,44,37,40,14,10,14,23,48,72,70,81,52,10,10,6,2,2,3,0
8,14,37,54,58,32,33,14,11,9,13,23,25,52,58,67,58,13,16,6,1,3,0,11
13,13,51,57,52,45,33,13,21,11,4,22,14,44,51,56,54,21,14,5,0,0,0,5
10,14,42,55,47,23,21,8,15,11,2,14,13,19,31,49,22,12,5,4,0,6,0,0
0,13,23,44,17,11,11,3,25,13,7,12,11,13,11,12,12,4,5,3,0,0,5,3
0,12,16,18,13,7,10,4,11,6,9,13,14,14,10,8,6,2,7,1,5,0,0,0
0,4,11,14,14,6,11,7,9,9,9,13,13,13,10,8,6,0,6,9,6,0,0,0
3,6,12,13,13,13,20,12,12,0,11,13,23,9,13,9,6,0,0,0,1,0,0,0
0,5,14,35,20,42,14,14,12,7,11,10,27,15,15,14,10,13,10,1,0,0,0,0
0,14,32,36,37,14,36,15,13,1,7,9,13,38,27,30,30,11,4,0,2,0,5,1
10,13,23,71,51,33,12,44,21,12,4,12,37,48,51,51,23,14,8,0,0,3,6,4
7,11,25,25,51,25,33,17,12,19,15,11,37,53,63,53,19,8,4,6,3,2,5,1
9,12,10,32,21,15,8,5,2,4,17,13,13,43,58,54,14,11,9,4,9,5,0,0
