0,0,0,0,0,0,0,0,6,6,6,14,79,100,61,14,0,4,0,0,0,0,0,0
0,0,0,0,0,0,0,0,0,4,12,29,50,48,7,0,7,0,0,0,1,4,0,5
3,0,0,2,7,12,11,6,8,15,40,14,48,12,10,6,0,7,0,6,11,10,12,5
6,3,6,7,11,11,53,102,68,61,98,78,72,54,8,48,63,76,65,57,68,72,27,6
0,0,12,29,59,80,72,93,110,108,106,93,109,76,100,113,126,126,107,103,76,73,63,14
0,7,21,58,66,87,102,106,125,154,143,152,149,142,181,219,223,215,179,148,97,60,61,57
7,8,56,73,72,63,90,116,160,164,196,215,224,199,232,217,181,224,192,141,105,51,70,55
4,12,55,66,68,70,90,122,159,192,187,179,162,172,208,239,229,202,175,144,88,53,37,56
6,10,53,53,50,53,69,95,128,148,160,169,175,175,176,225,220,187,163,110,73,53,23,51
0,9,56,52,12,14,65,82,110,132,173,213,230,223,241,244,241,216,153,104,63,15,4,24
0,21,50,42,10,16,53,80,99,133,184,210,246,269,237,246,226,197,137,76,36,6,10,10
0,11,51,16,6,0,7,73,112,143,208,215,197,229,209,226,207,178,122,72,12,10,0,7
0,50,95,9,0,0,5,64,112,147,189,203,196,189,186,149,139,118,114,100,49,0,8,7
12,63,92,13,0,2,0,74,105,123,147,156,147,147,138,150,154,140,137,111,69,0,0,0
9,76,68,0,0,1,9,61,69,75,114,137,148,150,157,162,159,149,132,106,68,7,0,7
13,54,24,0,0,0,3,22,76,73,94,119,144,146,152,157,142,148,122,102,56,12,0,7
10,54,14,2,5,0,13,14,58,75,102,103,143,116,115,115,115,119,122,87,55,28,9,0
14,38,32,14,8,10,33,38,54,74,111,122,129,163,177,235,225,179,117,77,55,43,16,13
14,65,56,12,8,3,14,57,62,110,122,136,151,148,144,185,152,125,95,121,84,64,45,14
14,52,50,4,6,6,11,81,99,89,115,138,155,138,144,159,147,130,129,116,106,61,51,16
13,30,31,10,0,8,53,79,77,76,120,133,152,155,166,196,169,137,126,111,112,80,52,13
12,50,35,0,0,8,36,64,104,120,132,134,145,162,186,171,145,127,130,134,118,83,56,35
13,20,15,0,0,0,43,76,106,125,145,151,139,130,157,145,141,137,118,127,140,113,65,39
0,5,0,0,7,4,100,105,122,137,144,148,140,144,122,132,128,134,135,139,140,142,91,79
0,0,0,0,7,4,63,109,120,137,145,156,141,131,110,108,113,122,143,137,142,124,87,45
1,1,0,1,1,14,78,112,125,128,134,140,133,134,111,103,104,121,124,132,132,127,109,89
0,0,0,0,8,12,66,102,108,124,125,127,126,117,108,101,100,104,110,117,125,117,103,64
0,2,0,0,2,0,47,68,111,117,129,138,108,112,97,83,101,104,111,97,107,117,114,65
0,2,1,0,0,8,30,100,111,109,121,112,102,105,80,74,93,100,102,98,90,109,84,58
1,6,8,9,8,10,44,67,109,127,126,93,87,67,51,45,46,55,72,79,97,70,62,37
8,9,8,11,13,13,36,60,122,143,121,103,75,66,53,20,42,51,72,77,70,88,83,30
0,0,4,2,0,15,25,71,152,170,144,92,69,61,55,14,53,61,66,58,88,167,91,43
10,4,6,0,6,8,12,59,105,117,120,85,68,58,53,23,36,45,46,77,74,99,54,27
0,0,0,3,10,12,12,51,62,73,74,72,60,51,43,39,27,47,54,66,71,71,56,30
0,0,0,0,6,12,11,13,57,70,70,56,54,51,40,29,51,51,54,58,75,58,49,28
0,0,0,0,0,9,5,10,39,58,57,62,56,50,34,41,32,44,58,58,62,43,32,27
3,1,3,5,0,3,5,11,23,52,55,55,57,53,35,17,41,51,52,54,40,64,54,12
0,0,0,4,3,0,3,9,13,50,52,52,55,42,25,25,32,26,38,32,54,54,51,11
0,0,0,0,0,0,0,11,14,50,52,49,40,37,39,13,13,31,24,50,54,57,53,22
0,0,0,0,0,0,4,9,36,42,31,54,52,51,42,13,25,26,50,52,54,55,50,14
1,0,1,0,3,1,2,14,29,46,52,53,52,50,13,9,16,44,19,37,53,51,24,17
6,3,0,0,0,7,11,14,14,36,50,53,43,11,31,11,13,14,8,11,38,44,24,13
7,5,0,2,4,7,4,4,5,12,52,52,32,11,23,10,0,10,11,13,16,24,14,7
5,0,1,0,7,8,9,11,12,28,65,68,22,10,12,9,3,8,0,12,14,16,14,11

0,0,0,0,0,0,0,0,6,6,6,15,79,101,62,14,0,4,0,0,0,0,0,0
0,0,0,0,0,0,0,0,0,4,12,33,50,50,7,1,7,0,0,0,1,4,0,5
3,0,0,2,7,12,11,6,8,14,40,14,42,13,10,5,0,7,0,6,11,10,12,5
6,3,6,8,11,11,53,102,68,61,97,76,71,53,8,47,64,76,65,57,68,72,30,6
0,0,12,29,59,80,72,93,110,108,105,92,108,76,99,112,126,127,108,103,76,73,64,14
0,7,23,58,67,87,102,106,125,154,142,151,147,140,180,217,223,216,181,149,98,60,61,58
8,8,56,73,72,63,90,116,161,164,195,213,222,197,230,217,180,224,192,141,105,51,70,55
5,12,56,66,68,70,90,122,159,191,186,178,162,171,207,238,229,202,175,144,89,53,37,56
6,11,53,53,50,53,69,95,128,147,159,169,174,174,175,225,220,187,163,111,74,53,23,51
0,10,56,52,12,14,65,82,110,132,172,211,228,221,239,243,240,217,154,105,63,17,4,25
0,23,50,42,10,18,53,80,100,134,184,208,245,267,237,246,227,199,139,77,38,6,10,10
0,12,51,19,6,0,8,74,113,144,209,214,196,231,211,228,208,181,124,74,13,11,1,7
0,51,96,9,0,0,5,65,113,149,189,203,198,191,188,151,140,119,114,100,50,0,8,7
13,63,92,13,0,3,0,76,105,124,147,157,148,148,139,151,156,141,138,111,69,0,0,0
10,77,69,0,0,3,10,62,69,75,115,138,149,152,158,164,160,151,133,106,68,8,0,7
14,54,27,0,0,0,3,23,76,73,94,121,146,147,154,158,143,149,123,102,56,12,0,7
10,54,14,2,5,0,13,14,58,75,103,104,144,117,116,116,116,120,122,87,54,26,8,0
14,38,32,14,9,11,32,38,54,74,111,123,130,164,179,236,226,181,117,77,54,42,14,13
14,65,56,12,9,3,14,56,62,110,122,136,151,148,145,186,153,126,95,120,82,63,44,14
14,52,50,5,6,6,11,80,98,88,115,138,155,138,144,160,147,130,128,115,105,61,50,16
13,31,32,11,0,8,53,78,76,75,120,132,151,155,166,195,168,136,125,111,112,79,51,12
12,48,35,0,0,8,35,64,104,119,131,133,144,162,185,170,144,126,128,133,118,82,56,35
13,20,15,0,0,0,42,76,106,125,144,150,138,130,156,144,140,136,117,127,140,113,65,39
0,5,0,0,7,4,100,105,122,136,143,147,139,143,122,131,127,134,134,139,139,141,91,78
0,0,0,0,7,4,61,109,119,137,145,156,141,131,110,108,112,122,143,137,142,124,88,45
1,1,0,1,1,14,78,111,124,128,134,140,132,134,111,103,104,121,124,132,132,127,109,88
0,0,0,0,8,12,66,102,108,124,125,127,126,117,108,101,100,104,110,117,125,117,103,64
0,2,0,0,2,0,47,68,111,117,129,138,108,112,98,83,101,104,111,97,107,117,114,65
0,2,1,0,0,8,31,100,111,109,121,112,102,105,80,74,94,100,102,98,90,109,84,58
1,6,9,9,8,10,44,67,109,127,125,93,87,67,51,45,46,55,72,79,97,70,62,37
8,9,8,11,13,13,36,60,122,144,121,103,75,66,53,20,42,51,72,77,70,88,84,30
0,0,4,2,0,15,25,71,152,170,145,91,69,61,56,14,53,61,66,58,88,168,92,43
10,4,6,0,6,8,12,58,105,117,120,85,68,58,53,23,36,45,46,77,74,99,54,27
0,0,0,3,9,12,12,51,62,73,74,72,60,51,43,39,27,47,54,66,71,71,56,30
0,0,0,0,6,12,11,13,57,70,70,56,54,50,41,29,51,52,54,58,75,58,50,28
0,0,0,0,0,9,5,11,39,58,57,62,55,50,34,41,32,45,58,58,62,43,32,28
3,1,3,5,0,3,5,11,24,52,55,55,57,53,36,17,40,51,53,54,40,64,54,12
0,0,0,4,3,0,3,9,13,50,53,52,55,42,26,25,30,27,39,32,54,54,52,11
0,0,0,0,0,0,0,11,14,50,52,49,40,37,38,13,13,31,24,50,54,57,53,22
0,0,0,0,0,0,4,9,37,43,32,54,52,51,43,13,25,26,51,52,54,55,51,14
1,0,1,0,3,1,2,14,30,48,53,54,53,50,13,10,15,45,21,38,54,52,24,17
6,3,0,0,0,7,11,14,14,37,50,53,44,11,31,11,13,14,8,11,39,45,24,13
7,5,0,2,4,7,4,4,5,12,52,52,31,11,23,10,0,10,11,13,16,24,14,7
5,0,1,0,7,8,9,11,12,28,65,68,22,10,12,9,3,8,0,12,14,16,14,11

0,0,0,0,0,0,0,0,6,6,6,17,81,101,62,14,0,4,0,0,0,0,0,0
0,0,0,0,0,0,0,0,0,4,12,31,50,50,7,1,7,0,0,0,1,4,0,5
3,0,0,2,7,11,11,6,8,14,38,14,45,12,10,5,0,7,0,6,11,10,13,5
6,3,6,8,11,11,54,102,68,61,97,76,71,53,8,47,64,77,65,57,68,72,33,6
0,0,12,30,59,80,72,93,110,108,105,92,108,75,100,113,126,128,109,104,76,73,64,14
1,7,23,58,67,88,102,106,125,154,142,150,147,140,180,218,224,216,181,150,98,60,62,58
8,8,56,73,72,63,90,116,160,164,195,212,220,195,230,216,180,224,192,141,105,51,70,55
5,13,56,66,68,70,90,122,159,191,186,177,160,169,206,237,228,202,175,144,89,53,38,56
7,11,53,53,50,53,69,95,127,147,159,168,173,173,175,224,219,187,163,111,74,53,24,51
0,11,56,52,13,14,65,82,110,132,171,209,225,220,239,242,240,216,154,105,63,18,4,26
0,25,50,43,10,19,53,80,100,134,184,206,243,266,237,246,227,199,139,77,39,6,10,11
0,12,51,19,7,0,8,74,113,145,209,213,196,232,212,229,209,182,124,75,13,11,1,7
0,51,96,9,0,0,6,66,113,149,189,204,199,192,190,152,140,119,115,101,50,0,9,8
13,63,92,14,0,3,0,79,106,124,147,158,149,149,140,153,158,141,138,111,69,0,0,0
11,76,69,1,0,3,10,63,70,76,115,139,151,155,160,166,162,152,134,106,68,9,0,7
14,55,30,0,0,0,3,27,77,74,95,122,147,148,156,160,145,150,123,102,57,12,0,7
10,54,14,3,6,0,13,14,59,76,104,106,146,119,118,117,117,121,122,88,54,25,8,0
14,38,32,14,9,11,32,37,53,74,112,124,131,166,181,238,228,182,117,77,53,41,14,13
14,65,56,12,9,4,14,55,62,110,122,137,153,150,145,187,154,126,95,120,82,62,43,14
14,52,50,5,6,6,11,79,97,88,114,138,155,138,144,160,148,131,128,115,104,60,50,16
13,30,32,11,0,8,52,78,75,75,119,132,151,155,165,195,168,136,124,110,111,79,51,12
12,48,35,0,0,8,35,63,104,119,130,133,143,161,184,170,144,125,127,133,117,82,56,35
13,21,16,0,0,0,42,76,106,125,144,149,138,129,157,144,139,136,117,127,140,113,65,39
0,5,0,0,7,4,100,105,122,136,143,147,139,143,122,131,127,133,134,139,139,141,91,77
0,0,0,0,8,4,61,109,119,137,145,155,140,130,110,108,112,121,143,137,142,124,88,44
1,1,0,1,1,14,77,111,124,128,134,140,132,134,110,103,104,121,124,132,132,127,109,88
0,1,0,0,8,12,67,102,108,124,125,127,126,117,108,101,100,104,110,117,125,117,103,64
0,2,0,0,2,0,46,68,111,117,129,138,108,112,98,83,101,104,111,97,107,117,114,65
0,2,1,0,0,8,29,100,111,109,121,112,102,105,80,74,93,100,102,98,91,109,84,58
1,6,9,9,8,10,44,67,109,127,126,93,87,67,51,45,46,55,72,79,97,70,62,38
8,9,8,11,13,13,36,60,122,144,121,103,75,66,53,20,43,51,72,77,70,88,83,30
0,0,3,2,0,15,25,71,152,170,145,91,69,61,56,14,53,61,66,58,88,169,92,43
10,4,6,0,6,8,12,58,105,117,120,84,68,58,53,23,36,45,46,77,74,100,54,27
0,0,0,3,10,12,12,51,62,73,74,72,60,51,43,39,27,47,54,66,71,71,56,30
0,0,0,0,6,12,11,13,57,70,70,56,54,50,41,29,51,52,54,58,75,59,50,28
0,0,0,0,0,9,6,11,40,58,57,62,55,50,34,41,31,45,58,58,62,43,32,28
3,1,3,5,0,3,6,11,24,52,55,55,57,53,35,17,42,51,53,54,40,64,54,12
0,0,0,4,3,0,3,9,13,51,52,52,55,42,25,25,30,27,39,32,54,54,52,12
0,0,0,0,0,0,0,11,15,50,53,49,40,37,40,13,13,31,24,50,54,57,53,22
0,0,0,0,0,0,4,10,36,43,31,54,52,51,42,14,26,26,51,52,54,55,51,14
1,0,1,0,3,1,2,13,29,48,52,53,53,50,13,10,16,44,19,38,54,52,24,17
6,3,0,0,0,7,11,14,14,36,50,53,40,11,32,11,14,14,8,11,38,44,24,13
7,5,0,3,4,7,4,4,5,12,52,52,29,11,23,10,0,10,11,13,16,24,14,7
5,0,1,0,7,8,9,11,12,29,65,68,22,10,12,9,3,8,0,12,14,16,14,11

0,0,0,0,0,0,0,0,6,5,7,20,81,102,63,14,1,4,0,0,0,0,0,0
0,0,0,0,0,0,0,0,0,4,12,31,50,50,7,0,7,0,0,0,1,4,0,4
3,0,0,2,7,11,11,6,8,14,40,14,45,12,10,6,0,7,0,6,12,10,13,5
6,3,6,7,11,11,54,102,68,61,96,76,72,54,8,48,64,77,65,57,68,73,36,6
0,0,12,32,59,80,72,93,110,108,105,92,108,76,100,113,127,128,109,104,76,73,64,15
1,7,25,58,67,88,102,106,125,154,142,151,147,141,181,219,224,217,181,151,98,61,62,59
8,8,56,73,72,63,90,116,161,164,195,212,219,196,230,215,180,224,192,141,106,51,71,55
5,13,56,66,68,70,90,122,159,191,186,177,160,171,207,238,228,201,175,144,89,53,38,56
7,11,53,53,50,53,69,95,127,147,159,168,174,174,176,224,219,187,162,110,73,54,24,51
0,11,56,53,13,14,65,82,110,132,171,210,226,220,238,242,239,216,153,104,63,18,4,26
0,26,50,44,10,20,53,80,99,133,183,206,242,266,236,245,227,198,138,77,38,6,10,11
0,13,52,21,7,0,8,74,113,144,208,212,195,230,211,228,208,180,124,74,13,10,1,7
0,52,98,10,0,0,6,65,113,149,188,203,198,192,189,151,140,119,115,100,50,0,9,8
13,64,93,14,0,3,0,78,106,124,147,158,149,149,140,152,157,141,138,111,70,0,0,0
11,77,70,1,0,4,10,64,70,76,115,139,151,154,159,166,162,152,134,106,69,9,0,8
14,55,33,0,0,0,4,30,77,74,95,122,147,148,155,160,145,150,123,102,57,12,0,7
10,55,14,4,6,0,13,14,59,76,104,106,145,118,118,117,117,121,122,88,54,26,8,0
15,38,32,15,9,11,32,38,53,74,112,124,131,166,181,238,228,181,117,77,54,41,14,13
14,65,57,12,9,4,14,56,62,110,122,137,152,149,145,186,154,126,95,120,82,63,44,14
14,52,50,5,6,7,11,80,98,88,115,138,155,139,144,160,148,131,128,115,105,61,50,16
13,31,32,11,0,9,53,78,76,75,120,132,151,155,166,195,168,136,125,111,111,79,51,12
12,49,35,0,0,8,36,64,104,119,131,133,143,161,185,170,144,126,128,133,118,82,56,35
13,21,17,0,0,0,43,76,106,125,144,150,138,129,156,144,139,136,117,127,140,113,65,39
0,6,0,0,8,4,100,105,122,136,143,147,139,143,122,131,127,134,134,139,139,141,91,78
0,0,0,0,8,4,63,109,120,137,145,156,141,130,110,108,112,122,143,137,142,124,87,45
1,1,0,1,1,14,78,111,124,128,134,140,132,134,110,103,104,121,124,132,132,127,109,88
0,1,0,0,8,12,67,102,108,124,125,127,126,117,108,101,100,104,110,117,125,117,103,64
0,2,0,0,2,0,47,68,111,117,129,138,108,112,98,82,101,104,111,97,107,117,114,65
0,2,1,0,0,8,30,100,111,109,121,112,102,105,80,74,93,100,102,98,90,109,84,58
1,6,9,9,8,10,44,66,109,127,125,92,87,67,51,45,46,55,72,79,97,70,62,37
8,9,8,11,13,13,36,60,122,144,121,103,75,66,53,20,43,51,72,77,70,88,83,30
0,0,3,2,0,15,25,71,152,170,145,91,69,61,56,14,53,61,66,58,88,168,91,43
10,4,6,0,6,8,12,58,105,117,120,84,68,58,53,23,37,45,46,77,74,100,54,27
0,0,0,3,10,12,12,51,62,73,74,72,60,51,43,38,28,47,54,66,71,71,56,30
0,0,0,0,6,12,11,13,57,70,70,56,54,51,41,29,51,52,54,58,75,58,50,29
0,0,0,0,0,9,5,11,40,58,57,62,55,50,34,41,32,45,58,58,62,43,32,27
3,1,3,5,0,3,6,11,23,52,55,55,57,53,36,17,41,51,53,54,39,63,54,12
0,0,0,3,3,0,3,9,13,51,52,52,55,42,26,26,30,28,38,32,54,54,51,11
0,0,0,0,0,0,0,11,15,50,52,50,41,38,38,13,14,31,25,50,54,57,53,22
0,0,0,0,0,0,4,9,35,43,31,54,52,51,43,13,25,26,51,52,54,55,51,14
1,0,1,0,3,1,2,14,29,46,52,53,53,50,13,10,16,45,18,37,54,51,24,17
6,3,0,0,0,7,11,14,14,36,50,53,38,11,33,11,13,14,8,11,38,44,24,14
7,5,0,3,4,7,4,4,5,12,52,52,31,11,23,10,0,10,11,13,16,24,14,7
5,0,1,0,7,8,9,11,12,28,64,68,22,10,12,9,3,8,0,12,14,16,14,11

0,0,0,0,0,0,0,0,6,5,7,20,82,102,63,14,1,4,0,0,0,0,0,0
0,0,0,0,0,0,0,0,0,4,13,31,50,50,8,0,7,0,0,0,1,4,0,4
3,0,0,2,7,11,11,6,8,15,40,14,45,12,10,6,0,7,0,6,12,11,13,5
6,3,6,8,11,11,55,102,68,61,97,77,73,55,9,50,64,77,65,57,68,73,40,6
0,0,13,32,59,81,72,94,110,109,106,92,109,76,100,114,127,128,110,105,77,73,64,16
1,7,25,58,67,88,102,107,126,155,143,152,148,142,183,220,225,217,182,152,98,61,62,59
8,8,57,73,72,63,90,116,161,165,196,214,222,199,231,217,180,224,192,141,106,51,71,55
6,13,56,66,68,70,90,122,160,192,187,178,162,172,209,238,229,202,174,144,89,54,38,57
7,11,53,53,51,53,69,95,128,148,160,169,175,174,176,225,219,186,162,110,74,54,24,51
0,12,56,53,13,14,65,82,110,132,172,211,228,221,239,243,239,215,153,104,63,20,4,27
0,27,50,44,10,20,53,80,99,133,183,207,243,266,236,245,225,197,137,77,38,7,10,11
0,13,52,23,8,0,9,73,112,143,207,212,195,229,210,226,207,179,122,73,13,10,1,7
0,52,98,10,0,0,6,65,112,148,187,202,196,190,187,150,140,118,114,100,50,0,9,8
14,65,93,14,0,4,0,78,105,123,147,157,148,148,139,152,156,141,137,111,70,0,0,0
11,77,70,2,0,4,10,63,69,76,115,139,150,153,158,165,161,151,133,106,69,9,0,8
14,55,34,0,0,0,4,29,77,74,95,121,146,147,154,159,144,149,123,102,57,12,0,7
10,55,14,4,6,0,13,14,59,76,104,105,145,118,117,116,116,120,122,88,55,28,9,0
15,38,32,15,9,11,33,38,54,74,112,123,131,165,180,236,227,181,117,77,54,42,15,13
15,65,56,12,9,4,14,56,62,110,122,137,152,149,145,186,153,126,95,120,83,63,45,14
14,52,50,5,6,7,12,80,99,89,115,138,155,138,144,160,148,131,128,115,105,61,50,17
13,31,32,11,0,9,54,79,76,76,120,133,151,155,166,196,169,137,125,111,112,79,52,13
12,49,35,0,0,8,36,64,104,119,131,133,144,161,186,171,145,126,129,134,118,83,56,35
13,21,16,0,0,0,43,76,107,125,145,151,139,129,157,145,140,136,117,127,140,113,65,39
1,6,0,0,8,4,100,105,122,137,144,147,139,143,122,131,127,134,135,139,139,141,91,78
0,0,0,0,8,4,64,109,120,137,145,156,141,131,110,108,113,122,143,137,142,124,87,45
1,1,0,2,1,14,78,111,125,128,134,140,132,134,110,103,104,121,124,132,132,127,109,88
0,1,0,0,8,12,67,102,108,124,125,127,126,117,108,101,100,104,110,117,125,117,103,64
0,2,0,0,2,0,47,69,111,117,129,138,108,112,98,82,101,104,111,97,107,117,114,65
0,2,1,0,0,8,31,100,111,109,121,112,102,105,80,74,94,100,102,98,91,109,84,58
1,7,8,9,8,10,44,66,109,127,125,92,86,67,51,45,46,55,72,79,97,70,62,37
8,9,8,11,13,13,37,59,121,143,121,103,75,66,53,20,43,51,72,77,70,88,83,30
0,0,4,2,0,14,25,71,152,170,145,91,68,61,56,14,53,61,66,58,88,168,91,43
10,4,6,0,6,8,12,58,105,117,120,84,68,58,53,24,37,45,46,77,74,99,54,27
0,0,0,3,10,12,12,51,62,73,74,72,60,51,43,39,27,47,55,66,71,71,56,30
0,0,0,0,6,12,11,13,57,70,70,56,54,50,41,29,51,52,54,58,75,59,50,28
0,0,0,0,0,9,5,11,40,58,57,62,55,50,34,41,32,45,58,58,62,43,32,28
3,1,3,5,0,3,5,11,24,52,55,55,57,53,36,17,40,51,53,54,39,63,54,12
0,0,0,3,3,0,3,9,13,50,53,52,55,41,26,26,30,27,39,32,54,54,52,11
0,0,0,0,0,0,0,11,14,50,52,49,40,37,40,13,13,31,24,50,54,57,53,22
0,0,0,0,0,0,3,9,36,43,31,54,52,51,41,14,26,26,51,52,54,55,51,14
1,0,1,0,3,1,2,14,29,47,52,54,53,50,13,10,16,46,19,37,54,51,24,17
6,3,0,0,0,7,11,14,14,35,50,53,40,11,31,11,14,14,8,11,39,44,24,13
7,5,0,3,4,7,4,4,5,12,52,52,32,11,23,10,0,10,11,13,16,24,14,7
5,0,1,0,7,8,9,11,12,28,64,68,22,10,12,9,3,8,0,12,14,16,14,11

0,0,0,0,0,0,0,0,6,5,7,20,82,102,63,14,0,4,0,0,0,0,0,0
0,0,0,0,0,0,0,0,0,4,12,31,50,50,7,0,7,0,0,0,1,4,0,4
3,0,0,2,7,12,11,6,9,15,41,14,45,12,10,6,0,7,0,6,12,11,13,4
6,3,6,8,12,11,55,102,68,61,98,78,72,55,9,48,64,78,66,58,68,73,42,6
0,0,13,32,59,81,73,94,110,109,106,93,109,77,101,114,127,129,110,105,77,73,65,17
2,8,26,58,67,88,102,107,126,155,143,153,150,143,184,222,226,219,182,153,99,61,63,59
8,8,57,73,72,63,91,116,162,165,197,215,224,200,234,219,181,225,193,142,106,52,71,55
6,13,56,66,68,70,90,122,160,193,187,179,162,173,210,240,230,203,175,144,89,54,38,57
7,12,53,53,51,54,69,95,128,149,161,171,176,176,177,226,219,187,162,110,74,54,24,52
0,12,56,53,13,14,65,82,110,132,173,214,230,223,240,243,240,215,152,104,63,22,4,28
0,27,50,45,11,23,53,80,98,132,183,208,244,267,236,245,225,195,136,76,38,7,10,11
0,14,52,25,8,0,9,73,112,143,207,212,194,227,209,225,206,178,121,73,13,10,1,7
0,52,99,11,0,0,6,65,112,147,187,201,195,189,186,149,139,118,114,100,50,0,9,8
14,65,94,18,1,4,0,77,105,123,146,156,147,147,138,151,154,140,137,111,69,0,0,0
12,77,71,2,0,5,10,63,69,76,115,138,149,151,158,163,159,150,133,106,69,8,0,8
14,55,37,0,0,0,4,30,77,74,94,121,145,146,153,157,143,149,122,102,57,12,0,7
11,55,15,4,7,0,13,14,59,76,103,104,144,117,116,116,116,120,122,88,55,29,9,0
15,38,33,15,9,12,33,38,54,74,112,123,130,164,179,236,226,180,117,78,55,43,16,13
17,65,57,12,9,4,14,57,62,110,122,137,152,148,144,186,152,125,95,121,84,64,45,15
14,52,50,5,7,7,12,81,100,90,115,138,155,138,144,160,147,131,129,116,105,61,51,17
13,31,32,11,0,9,55,79,77,76,120,133,152,155,166,195,169,137,126,111,112,80,52,13
12,50,36,0,0,9,38,65,104,120,132,134,145,162,186,172,146,127,130,134,118,83,56,36
13,21,17,0,0,0,44,77,107,126,145,151,139,129,157,145,141,137,118,128,140,113,65,39
1,6,0,0,8,4,100,106,122,137,144,148,140,144,122,132,127,134,135,139,139,142,91,79
0,0,0,0,8,4,66,109,120,137,145,156,141,131,110,108,113,122,143,137,142,124,87,45
1,1,0,1,1,14,79,112,125,128,134,140,132,134,111,103,104,121,124,132,132,127,109,89
0,1,0,0,8,12,68,102,108,124,125,127,126,117,108,101,100,104,110,117,125,117,103,64
0,2,0,0,2,0,47,69,111,117,129,138,108,112,97,84,101,104,111,97,107,117,114,65
0,2,1,0,0,8,31,100,111,109,121,112,102,105,80,74,94,100,102,98,90,109,84,58
1,7,9,9,8,10,44,66,109,127,126,93,86,67,51,45,46,55,72,79,97,70,62,37
9,9,8,11,13,13,36,59,121,143,121,103,75,66,53,20,42,51,72,78,70,88,83,30
0,0,3,2,0,14,25,71,152,170,145,91,69,61,56,14,54,61,66,58,88,168,91,43
10,4,6,0,6,8,12,58,105,117,120,85,68,58,53,23,38,45,46,77,74,99,54,26
0,0,0,3,10,12,12,51,62,73,74,72,60,51,43,39,27,47,54,66,71,71,56,30
0,0,0,0,6,12,11,13,57,70,70,56,54,51,40,29,51,52,54,58,75,59,49,28
0,0,0,0,0,9,5,11,39,58,57,62,55,50,34,40,32,45,58,58,62,43,32,28
3,1,3,5,0,3,5,11,23,52,55,55,57,53,35,17,41,51,53,54,40,63,54,12
0,0,0,3,3,0,3,9,13,50,52,52,55,42,25,25,32,26,39,32,54,54,51,11
0,0,0,0,0,0,0,11,14,50,52,49,41,36,40,13,13,31,24,50,54,57,52,22
0,0,0,0,0,0,3,9,35,43,31,54,52,51,43,13,25,26,51,52,54,55,51,14
1,0,0,0,3,0,2,13,29,46,52,53,52,50,14,10,16,45,18,37,53,51,24,17
6,3,0,0,0,7,11,14,14,36,50,53,38,12,32,11,13,13,8,10,38,44,24,13
7,5,0,2,4,7,4,4,5,12,52,52,32,11,23,10,0,10,11,13,16,24,14,7
5,0,1,0,7,8,9,11,12,29,65,68,22,10,12,9,3,8,0,12,14,16,14,11

0,0,0,0,0,0,0,0,6,5,7,20,82,102,63,14,0,4,0,0,0,0,0,0
0,0,0,0,0,0,0,0,0,4,12,29,50,50,7,0,7,0,0,0,1,4,0,3
3,0,0,3,7,12,12,6,9,16,41,14,45,12,10,6,0,7,0,6,12,11,13,4
6,3,6,8,12,11,55,102,68,62,98,78,73,55,9,50,65,78,66,58,69,73,45,6
0,0,13,32,60,81,73,94,110,109,106,93,109,77,101,114,128,129,111,106,77,73,65,17
2,8,27,58,67,88,103,107,126,155,143,153,150,143,184,222,226,219,183,154,100,61,63,59
8,8,57,73,72,63,91,117,162,165,196,216,224,200,235,219,182,226,193,142,106,52,71,55
6,13,56,67,69,70,90,123,160,193,187,179,162,173,210,240,230,203,175,144,89,54,38,57
7,12,53,53,51,54,70,95,128,149,161,170,176,175,177,225,219,187,161,110,74,54,25,52
0,12,56,53,13,16,65,82,110,132,173,215,231,223,241,243,240,215,152,104,63,24,4,28
0,27,50,46,11,24,54,80,98,132,183,208,245,267,237,245,225,195,135,76,37,7,10,11
0,14,53,26,8,0,9,73,112,142,206,213,195,227,207,225,206,177,120,72,13,10,1,7
0,53,99,11,0,0,6,64,112,147,187,201,194,188,185,149,139,118,113,100,50,0,9,8
14,65,94,19,1,4,0,77,105,123,146,155,147,147,138,150,153,140,137,111,69,0,0,0
12,77,70,2,0,5,10,62,69,75,114,138,148,150,157,162,159,149,132,106,69,8,0,8
14,55,38,0,0,0,4,29,76,74,94,120,145,146,152,157,142,148,122,102,57,13,0,7
11,56,16,4,7,0,14,15,59,76,103,104,143,117,116,115,115,119,122,88,55,30,9,0
16,38,33,15,9,12,33,39,54,75,112,123,130,163,178,235,225,179,118,78,55,44,17,13
18,65,57,12,9,5,14,57,63,111,122,137,151,148,144,185,152,125,95,121,84,64,46,15
14,52,51,5,7,7,12,82,100,90,116,138,155,138,144,159,147,131,129,116,106,61,51,17
13,31,32,11,0,10,55,80,77,77,120,133,152,155,167,195,169,137,126,112,112,80,52,13
12,49,36,0,0,9,37,65,105,120,132,134,145,162,186,172,145,127,130,134,118,83,56,36
13,22,18,0,1,0,45,77,107,126,145,152,139,130,158,145,141,137,118,128,140,113,65,40
1,6,1,0,8,5,100,106,122,137,144,148,140,144,122,132,128,134,135,139,140,142,91,79
0,0,0,0,8,4,66,109,120,137,145,156,141,131,110,108,113,122,143,137,142,124,87,45
2,1,0,2,1,14,81,112,125,128,134,140,133,134,110,103,104,121,124,132,132,127,109,88
0,1,0,0,8,12,68,102,108,124,125,127,126,117,108,101,100,104,110,117,125,117,103,65
0,2,0,0,2,0,50,69,111,117,129,138,108,112,98,83,101,104,111,97,107,117,114,65
0,2,1,0,0,8,31,100,111,109,121,112,102,105,80,74,93,100,102,98,90,109,84,58
1,7,9,9,8,10,46,66,109,127,126,93,86,67,51,45,46,55,72,79,97,70,62,37
9,9,8,11,13,13,36,60,121,143,121,103,75,66,53,21,43,51,72,78,70,88,83,30
0,0,4,2,0,15,25,71,152,169,144,91,69,61,56,14,53,61,66,58,88,167,91,43
10,4,6,0,6,8,12,58,104,117,120,84,68,58,53,23,38,45,46,77,74,99,54,26
0,0,0,3,10,12,12,51,61,73,74,72,60,51,43,39,27,47,55,66,71,71,56,30
0,0,0,0,6,12,11,13,57,69,70,56,54,50,40,29,51,52,54,58,75,58,49,28
0,0,0,0,0,9,5,10,38,58,57,62,55,50,34,40,32,44,58,58,62,43,32,28
3,1,3,5,0,3,5,11,22,52,55,55,57,53,36,17,42,51,53,54,40,63,54,12
0,0,0,3,3,0,3,9,13,50,53,52,55,41,26,25,30,28,39,32,54,54,51,11
0,0,0,0,0,0,0,11,14,50,52,49,40,36,39,13,14,31,24,50,54,57,52,22
0,0,0,0,0,0,3,9,36,43,31,54,52,51,42,13,25,26,51,52,54,55,50,14
1,0,0,0,3,0,2,13,29,47,52,53,53,50,13,9,16,45,18,37,53,51,24,17
6,3,0,0,0,7,11,14,14,35,50,53,41,11,31,11,13,13,8,11,38,44,24,13
7,5,0,2,4,7,4,3,5,12,52,52,32,11,23,10,0,10,11,13,16,24,14,7
5,0,1,0,7,8,9,11,12,28,64,68,23,10,12,9,3,8,0,12,14,16,14,11

0,0,0,0,0,0,0,0,6,5,7,22,83,103,64,14,1,4,0,0,0,0,0,0
0,0,0,0,0,0,0,0,0,4,12,32,51,50,8,0,7,0,0,0,1,4,0,3
3,0,0,3,7,12,12,6,9,16,41,14,46,13,10,6,0,7,0,6,12,11,13,4
6,3,6,8,12,12,56,102,69,61,98,78,73,56,9,50,65,78,66,58,68,74,47,6
0,0,13,34,60,81,73,95,110,109,106,93,109,77,101,114,128,129,111,107,77,74,65,18
2,8,28,58,67,89,103,107,126,156,143,153,150,143,184,222,226,219,183,154,100,61,63,60
9,9,57,73,73,63,91,117,162,165,196,216,225,201,235,219,181,226,193,142,106,52,72,56
6,14,56,66,69,70,90,123,160,193,187,179,162,173,210,240,230,203,175,144,89,54,39,57
8,12,54,54,52,54,70,95,128,148,160,170,175,175,176,225,219,187,162,110,74,54,25,52
0,13,56,53,13,16,65,82,110,132,173,213,230,223,241,243,240,215,152,104,63,24,5,29
0,28,51,46,11,25,54,80,98,133,184,209,244,266,237,245,225,195,136,76,38,7,10,11
0,14,53,28,8,0,9,73,112,143,208,214,195,227,208,226,206,177,121,72,13,10,1,7
1,53,100,11,0,0,6,64,112,147,188,201,194,188,185,149,139,118,113,100,50,0,10,8
14,65,94,22,2,4,0,77,105,123,146,155,147,147,138,150,153,140,137,111,70,0,0,0
12,78,71,2,0,5,10,63,69,75,114,138,148,150,157,162,159,149,132,106,69,8,0,8
14,55,40,0,0,0,4,30,76,73,94,120,145,146,152,157,142,148,122,102,57,13,0,8
11,56,17,5,7,0,14,15,59,76,103,104,143,116,116,115,115,119,122,88,55,30,10,0
16,38,33,16,10,12,33,39,55,75,112,123,130,163,178,235,225,180,118,78,55,44,18,14
16,65,57,12,10,5,15,57,63,111,122,137,151,148,144,185,152,125,95,121,84,64,46,16
14,52,51,5,7,8,12,82,100,90,116,138,156,138,144,159,147,131,129,116,106,61,51,18
13,31,32,11,0,10,56,80,77,77,120,133,152,155,167,195,169,137,126,112,112,80,52,13
12,50,36,0,0,9,38,65,105,120,132,134,145,162,186,172,145,127,130,134,118,83,56,36
13,22,18,0,1,0,45,77,107,126,145,152,139,130,157,145,141,137,118,128,140,113,65,39
1,6,1,0,9,5,100,106,122,137,144,148,140,144,122,132,128,134,135,139,140,142,91,78
0,0,0,0,8,4,66,109,120,137,145,156,141,131,110,108,113,122,143,137,142,124,87,45
2,1,0,2,1,14,81,112,125,128,134,140,132,134,111,103,104,121,124,132,132,127,109,88
0,1,0,0,8,12,68,102,108,124,125,127,126,117,108,101,100,104,110,117,125,117,103,64
0,3,0,0,2,0,48,68,111,117,129,138,108,112,97,83,101,104,111,97,107,117,114,65
0,3,1,0,0,8,33,100,111,109,121,112,102,105,80,74,94,100,102,98,90,109,84,58
1,7,9,9,8,10,46,67,109,127,125,93,87,67,51,45,46,55,72,79,97,70,62,37
9,9,9,11,13,13,37,60,122,144,121,103,75,66,53,20,44,51,72,78,70,89,84,30
0,0,4,2,0,15,25,71,151,170,144,91,69,61,56,14,53,61,66,58,88,167,91,43
10,4,6,0,6,8,12,58,104,117,120,85,68,58,53,23,38,45,46,77,74,99,54,26
0,0,0,3,10,12,12,51,62,73,74,72,60,51,43,39,28,47,54,66,71,71,56,30
0,0,0,0,6,12,11,13,57,70,70,56,54,51,40,29,51,51,54,58,75,58,49,28
0,0,0,0,0,9,5,10,39,58,57,62,55,50,34,41,32,45,58,58,62,43,32,27
3,1,3,5,0,3,5,11,23,52,55,55,57,53,35,17,41,51,53,54,39,63,54,12
0,0,0,3,3,0,3,9,13,50,52,52,55,42,26,25,32,27,39,32,54,54,51,11
0,0,0,0,0,0,0,11,14,50,52,49,41,37,38,13,13,31,24,50,54,57,53,22
0,0,0,0,0,0,3,9,35,43,31,54,52,51,43,13,26,26,51,52,54,55,50,14
1,0,0,0,3,0,2,13,29,46,52,53,52,47,14,9,15,45,18,38,54,51,24,17
6,3,0,0,0,7,11,14,14,36,50,53,43,11,31,11,13,14,8,11,39,45,24,13
7,5,0,2,4,6,4,3,5,12,52,52,31,11,23,10,0,10,11,13,16,24,14,7
5,0,1,0,7,8,9,11,12,29,65,68,24,10,12,9,3,8,0,12,14,16,14,11

0,0,0,0,0,0,0,0,6,6,7,26,85,103,66,14,1,4,0,0,0,0,0,0
0,0,0,0,0,0,0,0,0,4,13,36,51,50,8,0,8,0,0,0,1,4,0,3
3,0,0,3,7,11,12,6,9,15,41,14,45,13,10,6,0,7,0,6,12,11,13,4
6,3,6,8,12,11,55,102,68,61,97,77,72,54,9,46,64,77,65,57,68,73,47,6
0,0,13,34,60,81,73,94,110,109,106,92,109,76,100,114,127,128,109,105,77,73,65,18
2,8,29,58,67,88,103,107,126,156,142,151,148,141,182,220,225,219,183,152,99,61,63,60
9,9,57,73,72,63,91,117,162,165,195,213,221,197,232,217,181,226,194,143,106,52,71,56
6,14,56,67,69,70,90,123,160,192,186,177,160,170,208,239,231,204,176,146,90,54,38,57
8,12,53,54,52,54,70,95,128,148,159,168,173,174,175,225,220,187,164,111,74,54,25,52
0,13,56,53,14,15,65,82,110,132,172,210,226,220,239,242,240,218,154,104,63,22,5,29
0,30,51,47,11,25,54,80,99,134,184,207,243,266,237,246,227,198,138,77,40,7,10,11
0,18,53,28,8,1,9,74,112,144,210,213,195,229,211,228,208,180,123,74,14,10,1,7
2,53,99,11,0,0,7,65,113,149,188,202,197,191,188,151,140,119,114,100,51,0,10,8
15,66,94,20,2,4,0,80,105,124,147,157,148,148,139,152,156,140,137,111,70,0,0,0
12,78,71,2,0,5,10,64,70,76,115,139,150,153,159,165,161,151,133,106,69,9,0,8
15,55,40,0,0,0,4,33,77,74,95,122,146,147,154,159,144,149,123,102,58,13,0,8
11,56,17,5,7,0,13,17,59,76,104,105,145,118,117,117,116,120,122,88,55,29,9,0
16,38,33,16,10,12,33,38,54,74,112,124,131,165,180,236,227,181,118,78,55,43,16,14
19,65,56,12,10,5,17,57,62,110,122,137,152,149,145,186,153,125,95,120,83,63,45,15
14,52,51,6,7,8,12,81,99,89,115,138,155,138,144,160,147,131,128,115,105,61,51,17
13,31,32,12,0,10,54,79,76,76,120,133,152,155,166,195,168,136,125,111,112,79,52,13
12,49,37,1,0,9,37,64,104,119,131,134,144,162,185,170,144,126,129,133,118,82,56,36
13,22,18,0,1,0,44,77,107,126,145,150,138,129,156,144,140,136,117,127,140,113,65,39
1,6,1,0,9,5,100,106,122,137,143,147,139,143,122,131,127,134,134,139,139,141,91,78
0,0,0,0,8,4,64,109,120,137,145,156,140,130,110,108,113,122,143,137,142,124,87,45
2,1,0,2,1,14,79,111,124,128,134,140,132,134,110,103,104,121,124,132,132,127,109,88
0,2,0,0,8,12,68,102,108,124,125,127,126,117,108,101,100,104,110,117,125,117,103,64
0,3,0,0,3,0,47,68,111,117,129,138,108,112,97,83,101,104,111,97,107,117,114,65
0,3,1,0,0,8,31,100,111,109,121,112,102,104,80,75,93,100,102,98,91,109,84,58
1,7,9,9,8,10,44,67,109,127,125,92,86,67,51,45,46,55,72,79,97,70,62,37
9,9,9,11,13,13,37,60,122,144,121,103,75,66,53,21,43,51,72,77,70,89,84,30
0,0,4,2,0,15,25,71,151,170,145,91,68,61,57,14,54,61,66,58,88,168,91,43
10,4,6,0,6,8,12,58,104,116,120,84,68,58,53,23,38,46,46,77,74,99,54,27
0,0,0,3,9,12,12,51,62,73,74,72,60,51,43,39,28,47,54,66,71,71,56,30
0,0,0,0,6,12,11,13,57,70,70,56,54,51,39,29,51,51,54,58,75,58,50,28
0,0,0,0,0,9,5,11,39,58,57,62,55,50,34,41,32,44,58,58,62,43,32,28
3,1,3,5,0,3,5,11,24,52,55,55,57,53,36,17,42,51,53,54,40,63,54,12
0,0,0,3,3,0,3,9,13,51,52,52,55,42,26,25,30,28,39,32,54,54,51,12
0,0,0,0,0,0,0,11,14,50,53,48,40,37,40,13,14,31,24,50,54,57,53,22
0,0,0,0,0,0,3,9,36,43,31,54,52,51,42,13,26,26,51,52,54,55,51,14
1,0,0,0,3,0,2,13,30,47,52,54,53,50,13,10,16,45,20,38,54,52,24,17
6,3,0,0,0,7,11,14,14,36,50,53,41,11,31,11,13,13,8,11,39,45,24,14
7,5,0,2,4,6,4,3,5,13,52,52,32,11,23,10,0,10,11,13,16,24,14,7
5,0,1,0,7,8,9,11,12,29,65,68,24,10,12,9,3,8,0,12,14,17,14,11

0,0,0,0,0,0,0,0,5,5,8,29,87,104,67,15,1,4,0,0,0,0,0,0
0,0,0,0,0,0,0,0,0,4,13,37,51,50,9,0,8,0,0,0,1,4,0,3
3,0,0,3,7,11,12,5,9,15,43,14,46,13,10,6,0,7,0,7,12,11,13,4
6,3,6,8,12,11,56,102,68,61,96,76,71,54,8,44,64,76,65,58,68,74,50,6
0,0,13,34,60,81,73,94,110,109,105,91,108,75,100,113,127,128,108,104,77,73,65,19
2,8,29,58,67,89,103,107,126,155,142,149,146,138,179,217,224,219,183,151,98,61,64,60
9,9,57,73,72,63,91,117,161,164,194,212,217,193,229,216,180,226,195,143,106,52,72,56
6,14,56,66,68,70,90,122,159,191,185,176,159,167,204,238,230,204,176,146,90,54,38,57
8,12,54,54,52,54,70,95,127,147,158,166,171,171,174,224,220,188,165,112,74,54,25,52
0,14,56,53,14,16,65,82,110,131,170,206,223,218,238,242,240,219,155,104,63,22,5,30
0,30,51,47,11,23,53,80,99,134,183,205,242,267,237,246,228,199,139,77,40,7,10,11
0,18,53,27,9,2,9,74,113,145,210,212,197,233,213,231,209,182,125,75,14,10,1,8
3,53,100,11,0,0,8,67,113,150,188,205,201,194,192,153,141,119,115,101,51,0,10,8
18,67,94,20,2,5,0,82,106,124,148,160,150,150,140,154,159,142,138,111,70,0,0,0
13,78,70,2,0,6,10,65,70,76,116,140,153,157,162,168,164,153,134,106,69,10,0,8
15,55,40,0,0,0,5,34,78,74,96,124,149,149,157,162,146,151,124,102,59,13,0,8
11,56,17,5,7,0,13,18,59,77,105,107,147,120,120,119,118,122,123,88,54,26,8,0
16,38,33,16,10,12,32,38,53,74,112,125,133,168,183,239,230,183,118,77,54,41,14,14
17,65,58,12,10,6,16,55,62,110,122,137,154,150,146,188,155,126,95,120,81,62,43,14
14,52,50,6,7,8,12,80,97,88,115,138,156,139,144,161,148,131,128,115,104,60,50,17
13,31,32,12,0,9,53,78,76,75,120,132,151,155,165,195,167,135,124,110,111,78,51,12
13,49,36,1,0,9,36,64,104,119,131,132,142,161,184,169,143,125,127,132,117,82,56,35
13,23,19,0,1,0,43,75,106,125,144,149,138,129,156,144,138,135,116,127,140,112,65,38
2,7,1,0,9,4,100,105,122,136,143,147,139,142,121,130,126,133,134,138,139,141,91,78
0,0,0,0,8,4,63,109,120,137,145,155,140,130,110,107,112,122,143,137,142,124,87,45
2,2,0,2,1,14,78,111,124,128,134,139,132,134,110,103,104,121,124,132,132,127,109,88
0,2,0,0,8,12,67,102,108,124,125,127,125,117,108,101,100,104,110,117,125,117,103,64
0,3,0,0,3,0,47,68,111,117,129,138,107,112,98,82,101,104,111,97,107,117,114,65
0,3,1,0,0,8,31,100,111,109,121,111,102,105,79,75,94,100,102,98,91,109,84,58
2,7,9,9,9,10,46,67,109,127,125,92,86,67,51,45,47,55,72,79,97,70,62,37
9,9,9,11,13,13,37,60,123,144,121,102,75,66,53,20,42,51,72,77,70,89,84,30
0,0,4,2,0,16,25,71,152,170,145,91,68,61,56,14,54,61,66,58,88,169,92,43
10,4,6,0,6,8,12,58,105,116,119,84,68,58,53,24,38,45,46,77,74,99,54,27
0,0,0,3,10,12,12,51,62,73,74,72,60,51,43,39,28,47,54,66,71,71,56,30
0,0,0,0,6,12,11,13,57,70,70,55,53,50,41,30,51,52,54,58,75,59,50,29
0,0,0,0,0,9,6,11,41,58,57,62,55,50,34,41,32,45,58,58,62,43,32,28
3,1,3,5,0,3,5,11,25,52,55,55,57,53,36,17,41,51,53,54,39,63,54,13
0,0,0,3,3,0,3,9,13,51,52,52,55,42,25,25,32,27,39,32,54,54,51,12
0,0,0,0,0,0,0,11,15,50,52,49,41,37,38,13,14,31,24,50,54,57,53,22
0,0,0,0,0,0,3,9,36,42,32,54,52,51,43,13,27,26,51,52,54,55,51,14
1,0,0,0,3,1,2,13,29,48,52,53,53,50,13,10,16,44,18,39,54,51,24,18
6,3,0,0,0,7,11,14,14,36,50,53,41,11,32,11,13,14,8,11,39,45,24,14
7,5,0,2,4,6,4,3,5,13,52,52,32,11,23,10,0,10,11,13,16,24,14,7
5,0,1,0,7,8,9,11,12,29,65,68,22,10,12,9,3,8,0,12,14,17,14,11

0,0,0,0,0,0,0,0,5,5,8,32,87,105,68,16,2,4,0,0,0,0,0,0
0,0,0,0,0,0,0,0,0,4,13,39,51,51,9,0,8,0,0,0,1,4,0,3
3,0,0,3,8,11,11,5,9,15,43,14,48,13,10,6,0,7,0,7,12,11,13,4
6,3,6,8,12,11,55,102,68,61,97,77,72,54,9,44,64,77,65,58,68,74,50,6
0,0,13,34,60,82,73,94,110,109,105,92,108,76,100,113,127,128,110,106,77,74,65,19
3,8,30,58,67,88,102,107,125,154,141,150,146,139,179,217,222,218,182,152,99,61,64,60
9,9,57,73,72,63,91,116,160,163,193,210,217,194,229,215,179,224,193,142,106,52,72,56
6,14,56,67,69,70,90,122,158,190,185,176,159,169,204,236,228,201,175,144,89,54,38,57
8,12,54,54,52,54,69,94,127,146,157,166,172,173,174,224,218,186,162,110,74,54,25,52
1,14,56,54,14,16,65,82,110,131,169,206,223,219,237,242,239,216,153,104,63,22,4,30
0,30,51,47,11,24,53,80,99,133,182,204,241,267,237,246,227,198,138,77,39,6,10,11
0,19,53,28,9,2,10,74,113,145,209,212,196,233,213,231,209,181,124,75,14,10,2,8
4,54,100,11,0,0,8,67,113,149,188,204,201,194,192,153,141,119,115,101,50,0,10,8
20,68,94,22,3,5,0,84,106,124,148,160,150,151,141,154,160,142,138,111,70,0,0,0
13,79,70,3,0,6,10,66,70,77,117,141,153,157,162,168,164,154,134,106,69,11,0,8
16,55,38,0,0,0,5,37,78,75,96,124,149,150,158,162,147,152,124,103,59,13,0,8
11,56,18,5,7,0,13,20,59,77,105,108,148,121,120,119,119,122,123,89,55,27,9,0
16,38,33,16,10,12,32,38,53,74,113,126,134,169,184,240,230,183,118,77,54,41,14,14
18,65,56,13,10,6,16,56,62,110,122,137,154,152,147,188,155,126,95,120,82,63,43,14
14,52,51,6,7,8,12,80,97,88,115,138,156,139,144,161,149,131,128,115,104,60,50,17
13,31,32,12,0,9,53,78,76,75,120,132,151,155,166,195,167,136,124,110,111,78,51,12
12,49,36,0,0,9,36,64,104,119,131,133,143,160,185,169,143,125,127,132,117,82,56,35
14,24,19,0,2,0,43,76,106,125,144,149,138,129,155,144,138,135,116,127,140,112,65,39
2,7,1,0,9,4,100,105,122,136,143,147,139,142,121,130,126,133,134,139,139,141,91,78
0,0,0,0,8,4,64,109,120,137,145,155,140,130,110,107,112,122,143,137,142,124,87,45
3,2,0,2,1,14,78,111,124,128,134,139,132,133,110,103,104,121,124,132,132,127,108,88
0,2,0,0,8,12,67,102,108,124,125,127,125,117,108,101,100,104,110,117,125,117,102,64
0,3,0,0,3,0,47,68,111,116,129,138,107,112,98,83,101,104,111,97,107,117,114,65
0,3,1,0,0,8,30,100,111,109,121,111,102,104,80,74,93,100,102,98,90,109,84,58
2,7,9,9,9,10,46,67,109,126,125,92,86,67,51,45,46,55,72,79,97,70,62,37
9,10,9,11,13,13,37,60,122,144,121,102,75,66,53,21,42,51,72,77,70,89,84,30
0,0,4,2,0,16,26,71,152,170,144,91,68,61,56,14,54,61,66,58,88,169,92,43
10,4,6,0,6,8,12,58,104,117,119,84,68,58,53,24,38,45,46,77,74,99,54,27
0,0,0,3,10,12,12,51,62,73,74,72,60,51,43,39,28,47,54,66,71,71,56,30
0,0,0,0,6,12,11,13,57,70,70,55,53,51,41,30,51,51,54,58,75,58,50,29
0,0,0,0,0,9,6,11,41,58,57,62,55,50,34,41,32,44,58,58,62,43,32,28
3,1,3,5,0,3,5,11,25,52,55,55,57,53,35,17,41,51,53,54,40,63,54,13
0,0,0,3,3,0,3,9,13,51,52,52,55,41,25,24,30,28,39,32,54,54,52,12
0,0,0,0,0,0,0,11,14,50,52,49,41,37,38,13,14,31,24,50,54,57,53,22
0,0,0,0,0,0,3,9,35,42,32,54,52,51,43,14,26,26,51,52,54,55,51,14
1,0,0,0,3,0,2,13,29,46,52,53,52,48,14,10,16,44,19,38,54,52,24,18
6,3,0,0,0,7,11,14,14,36,50,53,41,11,32,11,13,14,8,11,39,45,24,14
7,5,0,2,4,6,4,3,5,13,52,52,32,11,23,10,0,10,11,13,16,24,14,7
5,0,1,0,7,8,9,11,12,30,65,68,25,10,12,9,3,8,0,12,14,18,14,11

0,0,0,0,0,0,0,0,5,5,8,31,87,105,68,16,2,4,0,0,0,0,0,0
0,0,0,0,0,0,0,0,0,3,13,40,51,51,9,0,8,0,0,0,1,4,0,3
3,0,0,3,8,11,12,6,9,15,43,14,48,13,10,6,0,7,0,7,12,11,13,4
6,3,6,8,12,11,56,102,68,61,97,77,72,54,9,45,64,77,65,58,69,74,50,6
0,0,13,34,60,81,73,94,110,109,105,92,108,76,100,113,127,128,109,105,77,74,65,19
3,8,30,58,67,88,103,107,126,155,142,150,147,140,181,218,223,218,183,151,98,61,64,60
9,9,57,73,73,63,91,117,161,164,194,212,219,196,230,215,179,225,194,142,106,52,72,56
6,14,56,67,69,70,90,122,159,191,186,177,161,171,206,237,228,202,175,145,90,54,39,57
8,13,54,54,52,54,70,95,127,147,158,168,173,174,174,224,219,186,163,111,74,54,25,52
1,14,56,54,14,17,65,82,110,131,170,208,225,219,238,242,239,216,153,104,63,23,5,31
1,31,51,48,11,26,53,80,98,132,182,205,242,266,236,245,226,197,137,76,38,7,10,11
0,22,54,29,9,2,10,73,112,144,208,211,195,231,211,229,208,179,122,74,13,10,1,8
4,54,100,12,0,0,7,66,112,148,187,203,198,192,190,152,140,119,114,100,50,0,10,8
20,68,95,24,3,5,0,84,106,124,147,159,149,149,140,154,158,141,138,111,70,0,0,0
13,80,71,3,0,6,10,65,70,76,116,140,152,155,161,167,162,153,134,106,70,10,0,8
16,55,40,0,0,0,5,36,78,75,96,124,148,149,157,161,146,151,124,103,59,13,0,8
11,56,19,5,7,0,13,19,59,77,105,107,147,120,119,119,118,121,123,89,55,29,9,0
16,39,33,16,10,13,32,38,54,75,113,125,133,167,183,239,229,182,118,78,54,42,15,14
17,65,56,13,10,6,16,56,62,110,123,137,153,150,146,187,154,126,95,120,82,63,45,15
14,52,50,6,7,8,12,80,98,89,115,138,156,139,144,161,148,131,128,115,105,61,50,17
13,31,32,12,0,10,55,79,76,76,120,132,151,155,167,196,168,136,125,111,112,79,52,13
12,49,36,1,0,9,37,64,104,119,131,133,143,161,185,170,144,125,128,133,118,83,56,36
13,24,19,0,2,0,44,77,107,125,144,150,138,129,156,144,139,136,117,127,140,113,65,39
2,7,1,0,9,5,100,105,122,137,143,147,139,143,121,131,126,134,134,139,139,141,91,78
0,0,0,0,8,4,64,109,120,137,145,155,140,130,110,107,112,122,143,137,142,124,87,45
2,2,0,2,1,14,79,112,125,128,134,139,132,134,110,103,104,121,124,132,132,127,108,90
0,2,0,0,8,12,69,102,108,124,125,127,126,117,108,101,100,104,110,117,125,117,103,64
0,3,0,0,3,0,47,69,111,117,129,138,107,112,97,83,101,104,111,97,107,117,114,65
0,3,1,0,0,8,31,100,110,109,121,111,102,104,80,74,93,100,102,98,91,109,84,58
2,7,9,9,9,10,44,66,109,127,125,92,86,67,51,45,46,55,72,79,97,70,62,37
9,10,9,11,13,13,36,60,122,144,121,102,75,66,53,20,42,51,72,77,70,89,84,30
0,0,4,2,0,16,25,71,151,170,144,91,68,61,56,14,54,61,66,58,88,168,91,43
10,4,6,0,6,8,12,58,104,116,120,84,68,58,53,24,38,45,46,77,74,99,54,27
0,0,0,3,10,12,12,51,62,73,74,72,60,51,43,39,28,47,54,66,71,71,56,30
0,0,0,0,6,12,11,13,57,70,70,55,54,51,41,30,51,52,54,58,75,59,50,28
0,0,0,0,0,9,5,11,40,58,57,62,55,50,35,41,32,45,58,58,62,43,32,28
3,1,3,5,0,3,5,11,23,52,55,55,57,53,36,17,42,51,53,54,39,63,54,12
0,0,0,3,3,0,3,9,13,51,52,52,55,42,25,26,30,28,40,32,54,54,51,12
0,0,0,0,0,0,0,11,14,50,52,49,40,37,38,13,14,31,24,50,54,57,53,22
0,0,0,0,0,0,3,9,36,42,32,54,52,51,44,14,26,26,51,52,54,55,50,14
1,0,0,0,3,0,2,13,29,48,52,53,53,48,13,10,16,44,18,38,54,51,24,17
6,3,0,0,0,7,11,14,14,36,50,53,40,11,31,11,13,14,8,11,39,44,24,14
7,5,0,2,4,6,4,3,5,13,52,52,32,11,23,10,0,10,11,13,16,24,14,7
5,0,1,0,7,8,9,11,12,29,65,67,23,10,11,9,3,8,0,12,14,17,14,11

0,0,0,0,0,0,0,0,5,5,8,31,87,105,69,17,2,4,0,0,0,0,0,0
0,0,0,0,0,0,0,0,0,4,13,43,52,51,9,0,8,0,0,0,1,5,0,2
3,0,0,3,8,11,12,5,9,16,43,14,46,13,10,6,0,7,0,7,12,11,13,4
6,3,6,8,12,11,56,102,68,61,96,78,73,55,9,45,64,77,65,58,69,74,50,7
0,0,13,37,60,81,73,94,110,109,105,92,109,77,100,113,127,129,111,107,78,74,65,20
3,8,30,58,67,89,103,107,126,155,142,151,148,141,182,218,223,218,183,153,100,62,64,60
9,9,57,73,73,63,91,117,161,164,195,213,222,198,231,216,180,223,193,142,106,52,72,56
6,14,56,67,69,70,90,122,159,191,186,177,160,171,208,237,228,201,174,144,89,54,39,58
8,13,54,54,53,54,70,95,127,147,159,169,174,174,175,224,218,185,161,110,74,54,26,52
1,14,56,54,14,16,65,82,110,131,171,211,229,223,240,242,239,214,151,104,63,23,5,31
1,31,51,48,11,26,54,80,98,132,182,207,243,268,237,246,225,195,135,76,39,7,10,12
0,23,54,30,9,2,10,73,112,143,207,212,195,229,210,227,207,178,121,73,13,10,1,8
5,54,100,12,0,0,7,65,112,148,187,202,196,190,188,151,140,118,114,100,50,0,10,8
22,68,94,25,3,5,0,81,105,124,147,157,148,148,139,152,156,141,137,111,70,0,0,0
13,80,71,3,0,6,10,65,70,76,116,139,151,154,159,165,161,151,133,106,70,10,0,8
17,55,43,0,0,0,5,37,78,74,95,123,147,148,155,160,145,150,123,102,59,13,0,8
11,56,19,5,7,0,13,19,59,76,105,106,146,119,118,117,117,121,122,88,56,31,10,0
17,38,33,17,10,13,32,38,54,75,113,125,132,166,181,237,228,181,119,78,55,44,17,14
19,65,56,13,10,6,16,57,62,111,123,137,153,150,145,186,154,126,96,121,84,64,45,16
14,52,50,6,7,8,13,82,100,90,116,138,156,139,144,160,148,131,129,116,105,61,51,18
13,31,33,12,0,10,56,80,77,76,120,133,153,156,166,196,169,137,126,111,112,80,52,13
13,49,36,1,0,9,37,65,105,120,132,134,145,161,186,171,144,126,129,134,118,83,56,36
13,24,21,0,2,0,45,77,107,126,145,151,139,129,157,145,140,136,118,127,140,113,65,40
2,7,2,0,9,5,100,106,122,137,144,147,139,143,122,131,127,134,135,139,140,142,91,78
0,0,0,0,8,4,66,109,120,137,145,156,141,130,110,108,113,122,143,137,142,124,87,45
3,2,0,2,1,14,81,112,124,128,134,139,132,134,110,103,104,121,124,132,132,127,109,90
0,2,0,0,8,12,69,102,108,124,125,127,125,117,108,101,100,104,110,117,125,117,103,64
0,3,0,0,3,0,50,69,111,117,128,138,107,112,98,83,101,104,111,98,107,117,114,65
0,3,2,0,0,8,31,100,110,109,121,111,102,105,80,75,94,100,102,98,91,109,84,58
2,7,9,9,9,10,46,66,109,126,125,92,86,67,51,45,46,55,72,79,97,70,62,37
9,10,9,11,13,13,36,60,122,144,121,103,75,66,53,20,42,51,72,77,70,89,84,30
0,0,4,2,0,15,25,71,151,170,145,91,68,61,56,14,53,61,66,58,88,168,91,43
10,4,6,0,6,8,12,58,104,116,120,84,68,58,53,24,39,45,46,77,74,99,54,26
0,0,0,3,10,12,12,51,62,73,74,72,60,51,43,40,28,47,54,66,71,71,56,30
0,0,0,0,6,12,11,13,57,70,70,56,53,51,42,29,51,52,54,58,75,58,50,28
0,0,0,0,0,9,5,11,38,58,57,62,55,50,35,41,32,45,58,58,62,43,32,28
3,1,3,5,0,3,5,11,23,52,55,55,57,53,36,17,41,51,53,54,39,63,54,13
0,0,0,3,3,0,3,9,13,50,52,52,55,42,25,25,30,28,39,32,54,54,51,11
0,0,0,0,0,0,0,11,14,50,52,49,40,36,38,13,14,31,24,50,54,57,52,22
0,0,0,0,0,0,3,9,35,42,32,54,52,51,43,13,25,26,51,52,54,55,51,14
1,0,0,0,3,0,2,13,30,47,52,54,53,50,13,10,16,44,19,37,54,52,24,17
6,3,0,0,0,7,11,14,14,34,50,53,40,11,32,11,13,13,8,10,40,44,24,14
7,5,0,2,4,6,4,3,5,13,52,52,32,11,23,10,0,10,11,13,16,24,14,7
5,0,1,0,7,8,9,11,12,29,65,67,22,10,12,9,3,8,0,12,14,16,14,11

0,0,0,0,0,0,0,0,5,5,8,33,88,105,70,18,2,4,0,0,0,0,0,0
0,0,0,0,0,0,0,0,0,4,13,41,51,51,9,0,8,0,0,0,1,4,0,2
3,0,0,3,8,11,12,5,9,16,44,14,50,13,10,6,0,7,0,7,12,11,13,4
6,3,6,8,12,11,57,102,68,61,98,78,73,55,9,45,64,77,65,58,69,74,50,7
0,0,13,37,61,82,74,95,110,109,105,92,109,77,100,114,127,129,111,107,78,74,65,21
3,8,31,58,67,89,103,107,126,154,142,151,148,141,181,218,223,217,183,154,100,62,64,60
9,9,57,73,73,63,91,117,161,163,194,214,223,198,231,215,179,223,192,142,106,52,72,56
7,14,56,67,69,70,90,122,159,191,186,178,162,171,207,237,228,201,174,144,89,54,39,58
8,13,54,54,53,54,70,95,128,148,159,170,175,174,174,223,218,185,161,110,74,54,26,52
1,14,57,54,14,18,65,82,110,131,173,214,232,223,240,243,239,214,150,103,63,25,5,32
2,31,51,48,11,26,54,80,98,132,183,208,244,268,238,246,224,194,134,75,38,7,10,12
1,28,54,31,9,2,10,73,112,143,208,213,194,228,210,227,206,176,120,72,13,10,1,8
5,55,100,12,0,0,7,65,112,148,188,201,195,189,187,150,139,118,113,100,50,0,10,9
23,68,94,26,3,5,0,80,105,123,147,156,148,148,139,151,155,140,137,111,70,0,0,0
13,80,71,3,0,6,10,64,70,76,115,139,150,152,159,164,160,151,133,106,71,10,0,8
17,55,43,0,0,0,5,34,77,74,95,122,147,147,154,159,144,149,123,102,59,13,0,8
11,56,19,6,7,0,14,19,59,76,105,106,145,118,118,117,116,120,123,89,56,32,10,0
17,38,33,17,10,13,32,39,55,75,113,125,132,165,180,236,227,181,119,79,56,45,19,14
19,65,57,13,10,6,17,57,63,111,123,137,152,149,145,186,153,125,96,121,84,65,46,16
14,51,51,6,7,8,13,82,100,90,116,139,156,139,144,160,147,131,129,116,106,62,51,18
13,31,32,12,0,10,57,80,77,77,120,133,153,156,167,196,169,137,126,111,113,81,53,13
13,49,36,1,0,9,38,65,105,120,132,134,145,162,186,171,145,127,130,134,118,84,56,36
13,24,20,0,3,0,46,78,107,126,145,152,139,129,157,145,140,137,118,128,141,113,65,41
2,7,2,0,9,5,100,106,122,137,144,148,140,143,122,132,127,134,135,139,140,142,91,79
0,0,0,0,8,5,67,109,120,137,145,156,141,131,110,108,113,122,143,137,142,124,87,45
3,2,0,2,1,14,82,112,125,128,134,139,132,134,110,103,104,121,124,132,132,127,109,90
0,2,0,0,8,12,69,102,108,124,125,127,126,117,108,101,100,104,110,117,125,117,102,65
0,3,0,0,3,0,50,68,111,117,128,138,107,112,98,83,101,104,111,97,107,117,114,65
0,3,2,0,0,8,33,100,110,109,121,111,102,105,80,75,94,100,102,98,90,109,84,58
2,7,9,9,9,10,46,67,109,127,125,92,86,67,51,45,46,55,72,79,97,70,62,37
9,10,9,11,13,13,37,60,122,144,121,103,75,66,53,20,43,51,72,78,70,89,84,30
0,0,4,2,0,15,25,71,151,169,144,91,68,61,56,14,54,61,66,58,88,167,91,43
10,4,6,0,6,8,12,58,104,116,119,84,68,58,53,23,38,46,46,77,74,98,54,26
0,0,0,3,10,12,12,51,61,73,74,72,60,51,43,39,28,47,55,66,71,71,56,29
0,0,0,0,6,12,11,13,57,69,70,55,54,51,41,29,51,52,54,58,75,58,49,28
0,0,0,0,0,9,5,10,39,58,57,62,55,50,34,41,32,44,58,58,62,43,32,27
3,1,3,5,0,3,5,11,24,52,55,55,57,53,36,17,41,51,53,54,39,63,54,12
0,0,0,3,3,0,3,9,13,50,52,52,55,41,25,24,30,27,39,32,54,54,51,11
0,0,0,0,0,0,0,11,14,50,52,49,40,37,38,13,14,31,24,50,54,57,52,22
0,0,0,0,0,0,3,9,34,43,32,54,52,51,43,13,25,26,51,52,54,55,50,14
1,0,0,0,3,0,2,13,28,46,52,53,52,48,14,10,16,44,18,37,53,51,24,17
6,3,0,0,0,7,11,14,14,36,50,53,40,11,34,11,13,14,8,10,40,44,24,13
7,5,0,2,4,6,4,3,4,12,52,52,32,11,23,10,0,10,11,13,16,24,14,7
5,0,1,0,7,8,9,11,12,29,65,67,22,10,12,9,3,8,0,12,14,16,14,11

0,0,0,0,0,0,0,0,5,5,8,36,90,106,71,20,3,4,0,0,0,0,0,0
0,0,0,0,0,0,0,0,0,4,13,44,52,51,9,0,8,0,0,0,1,4,0,2
3,0,0,3,8,11,12,5,9,18,45,14,51,13,10,6,0,7,1,7,12,11,13,4
6,3,6,8,12,11,57,102,69,61,98,79,74,56,9,44,64,77,65,58,69,74,50,7
0,0,13,38,61,82,74,95,110,109,106,93,110,77,101,114,127,129,111,108,78,74,65,21
3,9,31,58,67,89,103,107,126,155,142,152,148,142,182,217,222,217,183,154,100,62,65,61
9,9,57,73,73,63,91,117,161,163,194,214,224,200,232,215,179,223,192,142,106,52,72,56
7,14,56,67,69,70,90,122,159,191,186,177,162,172,206,236,226,200,173,143,89,54,39,57
8,13,54,54,53,54,70,95,128,147,159,168,174,175,174,223,217,185,160,110,74,54,26,52
1,15,56,54,14,18,65,82,110,131,172,213,230,223,241,243,238,212,150,103,63,24,5,32
2,31,51,49,11,27,54,80,98,132,183,208,245,269,238,246,224,194,134,75,38,7,10,12
1,27,54,32,9,2,10,73,112,142,207,214,195,228,209,227,207,175,119,72,13,10,1,8
6,54,100,12,0,0,7,65,112,147,188,202,195,189,186,150,139,118,113,100,50,0,10,9
23,68,94,29,4,5,0,80,105,123,147,156,147,147,139,151,154,140,137,111,70,0,0,0
13,79,72,3,0,6,10,65,70,76,115,139,149,152,159,164,160,150,133,106,71,11,0,8
18,56,44,0,0,0,5,36,77,74,95,122,146,147,154,158,143,149,123,102,60,13,0,8
11,56,20,6,7,0,14,20,59,76,104,106,145,118,117,117,116,120,123,89,56,34,10,0
17,38,33,17,10,13,32,39,55,76,113,125,132,165,180,236,227,181,120,79,56,45,20,14
19,65,58,13,10,6,18,57,63,111,123,137,153,149,144,186,153,125,96,121,85,65,47,17
14,52,51,6,8,8,13,82,100,91,116,139,156,139,144,160,147,131,129,116,106,62,51,18
13,31,32,12,0,10,57,80,77,77,121,134,153,156,167,196,169,137,126,112,113,81,53,13
13,48,36,1,0,9,38,65,105,121,133,134,145,162,186,171,145,127,130,135,119,84,57,36
13,23,20,0,3,0,47,78,107,126,145,152,139,129,157,145,141,137,118,128,140,113,65,40
1,7,1,0,9,5,100,106,122,137,144,148,140,143,122,132,127,134,135,139,140,142,91,79
0,0,0,0,8,5,70,109,120,137,145,156,141,131,110,108,113,122,143,137,142,124,88,45
3,2,0,2,1,14,82,112,125,128,134,139,132,134,110,103,104,121,124,132,132,127,109,91
0,2,0,0,8,12,70,102,108,124,125,127,126,117,108,101,100,104,110,117,125,117,103,65
0,3,0,0,3,0,50,69,111,116,129,138,107,112,98,83,101,104,111,97,107,117,114,65
0,4,2,0,0,8,33,100,110,109,121,111,102,105,80,75,93,100,102,98,90,109,84,58
2,7,9,9,9,10,46,67,109,127,125,92,86,67,51,45,46,55,72,79,96,70,62,37
9,10,9,11,13,13,36,60,122,144,121,103,75,66,53,21,43,51,72,78,70,89,84,30
0,0,4,2,0,14,25,71,151,169,145,91,68,61,56,14,54,61,66,58,88,167,91,43
10,4,6,0,6,8,12,58,104,116,119,84,68,58,53,25,39,45,46,77,74,98,54,26
0,0,0,3,10,12,12,51,61,73,74,72,60,51,42,39,28,47,55,66,71,71,56,29
0,0,0,0,6,12,11,13,57,69,70,55,54,51,40,29,51,51,54,58,75,58,49,28
0,0,0,0,0,9,5,11,39,58,57,62,56,50,34,41,32,45,58,58,62,43,32,28
3,1,3,5,0,3,5,11,22,52,55,55,57,53,35,17,40,51,53,54,39,63,54,12
0,0,0,4,3,0,3,9,13,51,52,52,55,42,26,24,32,28,39,32,54,54,51,12
0,0,0,0,0,0,0,11,14,50,52,49,40,37,38,13,13,31,24,50,54,57,52,22
0,0,0,0,0,0,3,9,34,43,31,54,52,51,41,13,27,26,51,52,54,55,50,14
1,0,0,0,3,0,2,13,29,46,52,53,53,47,13,10,15,44,18,37,54,51,24,17
6,3,0,0,0,7,11,14,14,35,50,53,41,11,31,11,13,13,8,10,40,44,24,14
7,5,0,2,4,6,4,3,4,12,52,52,32,11,23,10,0,10,11,13,16,24,14,7
5,0,1,0,7,8,9,11,12,30,65,68,25,10,12,9,3,8,0,12,14,17,14,11

0,0,0,0,0,0,0,0,5,5,8,37,90,107,72,21,3,4,0,0,0,0,0,0
0,0,0,0,0,0,0,0,0,4,13,44,52,51,10,0,8,0,0,0,1,4,0,2
3,0,0,3,8,11,12,5,9,17,45,14,48,13,10,6,0,7,1,7,12,11,13,4
6,3,6,8,12,12,57,102,69,61,97,78,73,55,9,44,64,78,66,58,68,74,51,7
0,0,13,38,61,82,74,95,110,109,106,92,109,76,101,114,128,130,112,108,78,74,65,21
3,9,32,58,67,89,103,107,126,155,142,151,148,141,181,217,222,217,183,155,100,62,65,61
9,9,58,73,73,63,92,117,161,163,194,213,223,198,230,215,179,223,192,142,107,52,72,56
7,15,56,67,69,70,90,122,159,191,186,178,162,171,205,235,226,200,174,144,90,54,39,58
8,13,54,54,53,54,70,95,127,147,158,168,174,174,174,222,217,185,161,110,74,54,26,52
2,15,57,54,14,18,65,82,110,131,171,210,228,222,240,242,238,213,151,104,63,25,5,32
2,31,51,48,11,27,54,80,98,133,183,207,244,270,238,247,225,195,135,76,40,7,10,12
1,29,54,31,9,2,10,73,112,144,210,213,195,230,211,229,208,178,121,73,14,10,1,8
6,54,100,12,0,0,8,66,113,149,188,202,196,190,188,151,140,118,114,100,50,0,10,9
25,69,94,29,4,5,0,83,105,124,147,157,148,148,139,152,156,141,137,111,71,0,0,0
13,80,71,3,0,6,10,65,70,76,116,139,150,153,160,165,161,151,133,106,71,11,0,8
19,56,44,0,0,0,5,36,77,74,95,123,147,148,155,159,144,150,123,102,59,13,0,8
11,56,20,6,8,0,13,20,59,76,105,106,146,118,118,117,117,121,123,89,56,32,10,0
17,38,33,17,10,13,32,39,54,75,113,125,132,166,180,237,228,181,119,78,56,44,19,14
19,65,57,13,10,6,17,57,63,111,123,137,153,149,145,186,153,126,96,121,84,64,46,16
14,52,51,6,8,9,13,82,100,90,116,139,156,139,144,160,148,131,129,116,106,61,51,18
13,31,32,12,0,10,57,80,77,76,120,133,152,156,167,195,169,137,126,111,112,80,52,13
12,49,37,1,0,9,38,65,105,120,132,134,144,161,186,171,144,126,129,134,118,83,56,36
13,22,19,0,3,0,46,77,107,126,145,150,138,129,156,145,140,136,118,127,140,113,65,40
1,7,1,0,9,5,100,106,122,137,144,147,139,143,122,131,127,134,135,139,139,141,91,79
0,0,0,0,8,5,66,109,120,137,145,156,140,130,110,108,113,122,143,137,142,124,87,45
3,2,0,2,1,14,81,112,125,128,134,139,132,134,110,103,104,121,124,132,132,127,109,90
0,3,0,0,8,12,68,102,108,124,125,127,125,117,108,101,100,104,110,117,125,117,102,65
0,4,0,0,3,0,50,69,111,116,128,138,107,112,98,83,101,104,111,97,107,117,114,65
0,4,2,0,0,8,33,100,110,109,120,111,102,104,80,75,93,100,102,98,90,109,84,58
2,8,9,9,9,10,46,67,109,126,125,92,86,66,51,45,46,55,72,79,97,70,62,37
9,10,9,11,13,13,37,60,122,144,121,102,75,66,53,21,42,51,72,77,70,89,84,30
0,0,4,2,0,16,25,71,151,170,145,91,68,61,56,14,54,61,66,58,88,168,92,43
10,4,6,0,6,8,12,58,104,116,119,84,68,58,53,25,39,45,46,77,74,98,54,27
0,0,0,3,10,12,12,50,62,73,74,72,60,51,43,39,28,47,55,66,71,71,56,30
0,0,0,0,6,12,11,13,57,70,70,55,54,51,41,30,51,52,54,58,75,58,50,29
0,0,0,0,0,9,5,11,39,58,57,62,55,50,34,41,32,45,58,58,62,43,32,28
3,1,3,5,0,3,5,11,24,52,55,55,57,53,35,17,42,51,53,54,39,63,54,13
0,0,0,3,3,0,3,9,13,50,52,52,55,41,26,25,30,28,39,32,54,54,51,12
0,0,0,0,0,0,0,11,14,50,52,49,41,36,39,13,13,31,24,50,54,57,53,22
0,0,0,0,0,0,3,9,34,43,32,54,52,51,42,14,25,26,51,52,54,55,51,14
1,0,0,0,3,0,2,13,29,46,52,53,53,47,13,10,15,45,18,37,54,52,24,17
6,3,0,0,0,7,11,14,14,35,50,53,40,11,32,11,13,14,8,11,40,45,24,14
7,5,0,2,4,6,4,3,5,12,52,52,33,11,23,10,0,10,11,13,16,25,14,7
5,0,1,0,7,8,9,11,12,30,65,67,22,10,12,9,3,8,0,12,14,16,14,11

0,0,0,0,0,0,0,0,5,5,8,40,92,108,74,22,3,4,0,0,0,0,0,0
0,0,0,0,0,0,0,0,0,4,14,45,52,51,10,0,8,0,0,0,1,4,0,2
3,0,0,3,8,11,12,5,9,17,44,14,50,13,10,6,0,7,1,7,12,11,13,4
6,3,6,8,12,11,57,102,68,61,97,78,73,54,9,46,65,79,66,58,69,74,51,7
0,0,13,37,61,82,74,95,110,109,105,92,109,76,101,114,128,130,112,108,78,74,65,21
3,9,32,58,67,89,103,107,125,154,141,151,148,141,181,219,224,218,183,155,101,62,65,61
9,9,57,73,73,63,91,117,160,163,193,212,221,196,230,215,179,223,192,142,107,52,72,56
7,16,56,67,69,70,90,122,159,190,185,176,160,169,204,235,226,200,173,143,90,54,39,58
8,13,54,54,53,54,70,95,127,147,157,166,172,172,173,222,217,185,161,110,74,54,26,52
1,16,56,54,14,18,65,82,110,131,170,207,224,220,238,241,238,214,151,104,64,26,5,32
2,31,51,48,11,26,54,80,99,134,183,205,241,267,238,246,225,197,137,76,40,7,10,12
1,28,54,32,10,3,10,74,113,145,210,212,195,231,211,230,209,180,123,75,14,10,1,8
6,55,100,12,0,0,8,67,113,150,188,203,198,192,190,152,140,119,114,101,51,0,10,9
23,68,94,30,4,5,0,87,106,124,148,159,149,149,140,153,158,141,138,111,70,0,0,0
13,78,72,3,0,6,10,66,71,77,116,141,152,156,161,167,163,153,134,106,70,11,0,8
19,55,44,0,0,0,5,37,78,75,96,124,148,149,156,161,146,151,124,103,60,13,0,8
12,56,21,6,8,0,13,20,59,77,105,107,147,120,119,118,118,121,123,89,55,30,9,0
18,38,33,17,10,13,32,38,54,75,113,126,134,168,182,239,229,182,119,78,55,43,16,14
23,65,58,13,10,7,18,56,62,110,123,138,154,150,146,187,154,126,95,120,83,63,44,15
14,52,51,6,8,9,13,81,99,89,115,138,156,139,144,160,148,131,129,115,105,61,51,18
13,32,32,12,0,10,55,79,76,76,120,133,152,155,166,195,168,136,125,111,112,79,52,13
13,50,37,1,0,9,37,65,104,119,131,133,143,161,185,170,144,126,128,133,118,83,56,36
13,23,19,0,3,0,45,76,107,126,144,150,138,129,156,144,139,136,117,127,140,113,65,39
1,7,1,0,10,5,100,106,122,137,143,147,139,143,121,131,126,134,134,139,139,141,91,78
0,0,0,0,9,4,66,109,120,137,145,155,140,130,110,107,112,122,143,137,142,124,87,45
3,2,0,2,1,14,81,111,125,128,134,139,132,134,110,103,104,121,124,132,132,127,109,89
0,3,0,0,8,12,69,102,108,124,125,127,125,117,108,101,100,104,110,117,125,117,102,64
0,4,0,0,3,0,48,69,111,116,128,138,107,112,98,84,101,104,111,97,107,117,114,65
0,4,2,0,0,8,33,100,111,109,121,111,102,104,80,75,94,100,102,98,90,109,84,58
2,8,9,9,9,10,46,66,109,126,125,92,86,67,51,45,47,55,72,79,97,70,62,37
9,10,9,11,13,13,37,60,122,144,121,102,75,66,53,21,42,51,72,77,70,89,84,30
0,0,4,2,0,16,26,71,152,170,144,91,68,61,57,14,54,61,66,58,88,169,92,43
10,4,6,0,6,8,12,58,104,117,120,84,68,58,53,25,39,45,46,77,74,99,54,27
0,0,0,3,10,12,12,51,62,73,74,72,60,51,43,41,28,47,55,66,71,71,56,30
0,0,0,0,6,12,11,13,57,70,70,55,53,51,42,30,51,52,54,58,75,58,50,29
0,0,0,0,0,9,6,11,41,58,57,62,55,50,36,42,32,45,58,58,62,43,32,28
3,1,3,5,0,3,5,11,25,52,55,55,57,53,35,17,42,51,53,54,39,63,54,13
0,0,0,3,3,0,3,9,13,51,52,52,55,42,25,25,30,28,39,32,54,54,51,12
0,0,0,0,0,0,0,11,14,50,52,49,40,37,39,13,14,31,24,50,54,57,53,22
0,0,0,0,0,0,3,9,36,43,31,54,52,51,42,14,27,26,51,53,54,55,51,14
1,0,0,0,3,0,2,13,29,48,53,53,53,50,13,10,16,45,19,38,54,51,24,18
6,3,0,0,0,7,11,14,14,35,50,53,41,11,32,11,13,14,8,11,40,45,24,14
7,5,0,3,4,6,4,3,5,13,52,52,31,11,23,10,0,10,11,13,16,24,14,7
5,0,1,0,7,8,9,11,12,29,65,68,24,10,12,9,3,8,0,12,14,17,14,11

0,0,0,0,0,0,0,0,5,5,8,41,94,108,75,23,3,4,0,0,0,0,0,0
0,0,0,0,0,0,0,0,0,4,14,45,52,51,10,0,8,0,0,0,1,4,0,2
3,0,0,3,8,11,12,6,9,17,44,14,50,14,9,6,0,7,1,7,12,11,13,4
7,3,6,8,12,12,57,102,69,61,97,78,73,55,10,48,65,80,66,58,69,74,51,7
0,0,13,39,61,82,74,95,110,109,106,93,109,77,101,115,129,131,112,108,78,74,66,21
3,9,32,58,67,89,103,107,126,154,142,151,148,142,184,221,225,219,183,155,101,62,65,61
9,9,57,73,73,63,91,117,160,163,193,211,219,196,230,215,179,223,192,142,107,52,72,56
7,14,56,67,69,70,90,122,158,190,185,175,158,169,204,235,226,199,173,143,89,54,39,58
8,13,54,54,53,54,70,95,127,146,157,165,171,172,173,221,216,184,160,110,74,54,26,52
1,15,57,54,14,17,65,82,110,131,169,205,222,217,236,240,237,213,151,104,63,25,5,31
3,30,51,48,11,27,54,80,99,133,182,203,240,265,236,245,226,197,137,76,40,7,10,12
1,22,54,31,9,3,10,74,113,145,209,211,194,231,212,230,209,181,124,75,14,10,1,8
5,54,100,12,0,0,8,67,113,150,188,203,199,193,191,153,141,119,115,101,51,0,11,9
20,67,94,31,4,5,0,86,106,124,148,160,150,150,141,154,159,142,138,111,70,0,0,0
12,77,73,3,0,7,10,66,71,77,117,141,153,157,162,168,164,154,134,106,70,11,0,8
16,55,45,0,0,0,5,38,78,75,96,125,149,150,158,162,146,152,124,103,59,13,0,8
12,56,21,6,8,0,13,21,59,77,106,108,148,121,120,119,118,122,123,89,55,29,9,0
17,38,33,18,10,13,32,38,54,75,113,126,134,169,183,240,231,183,119,78,54,42,15,14
23,65,58,13,10,7,18,56,62,110,123,138,154,152,147,188,155,126,95,120,82,63,44,15
15,52,50,6,8,9,13,81,98,89,115,138,156,139,145,161,148,131,128,115,105,61,50,17
13,32,32,12,0,10,55,79,76,75,120,132,152,155,166,196,168,136,125,110,111,79,51,13
13,49,37,1,0,9,37,64,104,119,131,133,143,161,185,170,143,125,128,133,118,82,56,36
14,24,19,0,3,0,45,76,107,125,144,149,138,129,156,144,138,135,117,127,140,113,65,39
3,8,1,0,10,5,100,106,122,137,143,147,139,142,121,131,126,134,134,139,139,141,91,78
0,0,0,0,9,4,66,109,120,137,145,155,140,130,110,107,112,122,143,137,142,124,87,45
3,2,0,2,1,14,81,112,125,128,134,139,132,134,110,103,104,121,124,132,132,127,108,89
0,3,0,0,8,12,68,102,108,124,125,127,125,117,108,101,100,104,110,117,125,117,102,64
0,4,0,0,3,0,48,69,111,116,128,138,107,112,97,83,101,104,110,97,107,117,114,65
0,4,2,0,0,8,33,100,110,109,121,111,102,104,80,75,95,100,102,98,90,109,84,58
2,8,9,9,9,10,46,66,109,126,125,92,86,67,51,45,46,55,72,79,97,70,62,37
9,10,9,11,13,13,36,60,122,144,121,102,75,66,53,21,43,51,72,77,70,89,84,30
0,0,4,2,0,16,26,71,151,170,145,91,68,61,56,14,54,61,66,58,88,169,92,43
10,4,6,0,6,8,12,58,104,116,119,84,68,58,53,25,40,46,46,77,74,99,54,27
0,0,0,3,10,12,12,51,62,73,74,72,60,51,43,40,28,47,54,66,71,71,56,30
0,0,0,0,6,12,11,13,57,70,70,55,53,51,41,30,51,52,54,58,75,59,50,28
0,0,0,0,0,9,6,11,41,58,57,62,55,50,34,41,32,45,58,58,62,43,32,28
3,1,3,5,0,3,6,11,24,52,55,55,57,53,35,17,42,51,53,54,39,63,54,13
0,0,0,3,3,0,3,9,13,51,52,52,55,41,25,25,30,28,39,32,54,54,51,12
0,0,0,0,0,0,0,11,14,50,52,49,41,37,38,13,14,31,24,50,54,57,53,22
0,0,0,0,0,0,3,9,36,43,31,54,52,51,41,14,27,26,51,52,54,55,51,14
1,0,0,0,3,0,2,13,29,48,53,53,53,50,14,10,16,44,19,39,54,51,24,18
6,3,0,0,0,7,11,14,14,35,50,53,41,11,33,11,13,14,8,11,40,45,24,14
7,5,0,2,4,6,4,3,5,13,52,52,33,11,23,10,0,10,11,13,16,24,14,7
5,0,1,0,7,8,9,11,12,30,65,67,22,10,12,9,3,8,0,12,14,17,14,11

0,0,0,0,0,0,0,0,5,6,8,44,95,109,76,25,3,4,0,0,0,0,0,0
0,0,0,0,0,0,0,0,0,4,14,45,52,51,10,0,8,0,0,0,1,4,0,2
3,0,0,3,8,11,12,6,9,17,45,14,50,13,10,7,0,7,1,7,12,11,13,4
6,3,6,8,12,12,57,102,68,61,97,79,74,56,10,47,65,80,66,58,69,75,52,7
0,0,13,38,61,82,74,95,110,109,106,93,109,78,102,115,129,131,113,108,78,74,66,22
3,9,32,58,67,89,103,107,126,155,142,152,149,143,185,222,225,219,184,155,101,62,65,61
9,9,57,73,73,63,91,117,161,163,194,212,221,198,231,215,179,223,192,142,107,52,72,56
7,15,56,67,69,70,90,122,159,190,185,177,160,171,206,236,226,200,173,143,89,54,39,58
8,13,54,54,53,54,70,95,127,147,158,166,173,174,174,222,216,185,160,110,74,54,26,52
2,16,56,54,14,18,65,82,110,131,170,206,223,219,237,241,237,213,150,104,63,25,5,32
3,31,51,48,11,27,54,80,99,133,182,204,240,264,235,245,225,196,136,76,40,7,10,12
1,24,54,32,9,2,10,73,113,144,209,211,193,229,210,228,208,179,123,74,14,10,1,8
6,54,100,12,0,0,8,67,113,149,187,202,197,191,189,151,140,119,114,100,51,0,10,9
22,68,94,31,4,5,0,86,106,124,148,158,149,149,140,153,157,141,138,111,70,0,0,0
13,78,72,3,0,7,10,66,71,77,116,141,152,155,161,167,162,153,134,106,71,11,0,8
17,55,45,0,0,0,5,38,78,75,96,124,148,149,156,161,146,151,124,102,60,13,0,8
12,56,23,6,8,0,13,22,59,77,105,107,147,120,119,118,118,121,123,89,56,31,10,0
18,38,33,17,10,13,32,38,54,75,113,126,133,168,182,239,230,182,119,78,55,43,17,14
22,65,58,13,10,7,18,57,62,111,123,138,154,150,146,187,155,126,95,121,83,64,45,16
14,52,51,6,8,9,13,82,99,89,116,139,157,139,144,161,148,131,129,115,105,61,51,18
13,32,32,12,0,10,56,79,76,76,120,133,152,156,167,196,168,137,125,111,112,80,52,13
13,49,36,1,0,9,38,65,104,120,132,133,144,161,186,171,144,126,129,134,118,83,56,36
14,23,19,0,3,0,46,77,107,126,145,150,138,129,156,145,139,136,118,127,140,113,65,39
2,7,1,0,10,5,100,106,122,137,143,147,139,143,121,131,127,134,135,139,140,141,91,78
0,0,0,0,9,4,67,109,120,137,145,156,140,130,110,107,113,122,143,137,142,124,87,45
3,2,0,2,1,14,81,111,125,128,134,139,132,134,110,103,104,121,124,132,132,127,109,89
0,3,0,0,8,12,68,102,108,124,124,127,125,117,108,101,100,104,110,117,125,117,102,65
0,4,0,0,3,0,50,68,111,116,128,138,107,111,98,83,101,104,111,97,107,117,114,65
0,4,2,0,0,8,33,100,110,109,120,111,102,104,80,75,94,100,102,98,90,109,84,58
2,8,9,9,9,10,44,66,109,126,125,92,86,66,51,45,46,55,72,79,96,70,62,37
9,10,9,11,13,13,37,60,122,143,121,103,75,66,53,21,43,51,72,77,70,89,84,30
0,0,4,2,0,15,26,71,151,170,144,91,68,61,56,14,54,61,66,58,88,168,91,43
10,5,6,0,6,8,12,58,104,116,119,84,68,58,53,24,39,45,46,77,74,99,54,26
0,0,0,3,10,12,12,51,62,73,74,72,60,51,43,39,28,47,55,66,72,71,56,30
0,0,0,0,6,12,11,13,57,70,70,55,54,51,41,30,51,51,54,58,75,58,50,29
0,0,0,0,0,9,6,11,40,58,57,62,55,50,35,41,32,46,58,58,62,43,32,28
3,1,3,5,0,3,5,11,24,52,55,55,57,53,35,17,42,51,53,54,39,63,54,13
0,0,0,3,3,0,3,9,13,51,52,52,55,42,26,25,30,28,40,32,54,53,51,12
0,0,0,0,0,0,0,11,14,50,52,49,41,37,37,13,14,31,24,50,54,57,52,22
0,0,0,0,0,0,3,9,36,43,31,54,52,51,43,14,26,26,51,52,54,55,51,14
1,0,0,0,3,0,2,13,29,47,53,53,53,47,14,10,16,44,19,38,54,51,24,18
6,3,0,0,0,7,11,14,14,36,50,53,43,11,32,11,13,14,8,11,39,44,24,14
7,5,0,3,4,6,4,3,5,12,52,52,32,11,23,10,0,10,11,13,16,24,14,7
5,0,1,0,7,8,9,11,12,30,65,67,23,10,12,9,3,8,0,12,14,17,14,11

0,0,0,0,0,0,0,0,5,6,8,42,94,109,77,25,3,4,0,0,0,0,0,0
0,0,0,0,0,0,0,0,0,4,14,47,52,51,10,1,8,0,0,0,1,4,0,2
3,0,0,4,8,11,12,6,9,16,44,15,52,14,10,7,0,7,2,7,12,12,13,4
7,3,6,8,12,12,57,102,69,61,97,79,74,56,10,46,65,80,66,58,69,75,51,7
0,0,13,38,61,82,74,95,110,109,106,93,109,77,101,115,129,131,113,108,78,74,65,22
4,9,33,58,67,89,103,107,126,155,142,152,149,143,185,221,225,218,184,155,101,62,65,61
9,9,57,73,73,63,91,117,161,163,193,212,222,199,232,215,180,223,192,142,106,53,72,56
7,16,56,67,69,71,90,122,159,191,186,177,161,172,208,237,227,200,173,143,89,54,39,58
8,13,54,54,53,54,70,95,127,147,158,168,174,174,175,223,217,185,159,110,73,54,26,52
2,17,57,54,14,18,65,82,110,131,170,209,226,221,238,241,237,212,150,103,63,26,5,32
3,31,51,49,11,28,54,80,98,133,183,205,241,265,235,245,224,195,135,76,40,7,10,12
1,25,54,32,10,2,10,73,112,144,208,211,193,227,209,227,207,178,122,74,14,10,1,8
6,54,100,13,0,0,8,66,113,149,187,201,196,190,187,151,140,118,114,100,50,0,10,9
22,68,94,33,4,5,0,85,106,124,147,157,148,148,139,152,156,141,137,111,71,0,0,0
13,78,72,3,0,6,10,66,70,77,116,140,151,154,160,165,161,152,133,106,71,11,0,8
18,56,47,0,0,0,5,38,78,75,96,123,147,148,156,160,145,150,123,102,59,13,0,8
12,56,23,6,8,0,14,21,59,77,105,107,147,119,118,118,117,121,123,89,56,32,10,0
18,38,33,18,10,13,32,39,54,75,113,125,133,167,181,238,228,181,119,78,55,44,18,14
22,65,58,13,10,7,18,57,62,111,123,138,153,149,146,187,154,126,96,121,84,64,45,16
15,52,51,7,8,9,13,82,100,90,116,139,156,139,144,160,148,131,129,116,106,61,51,18
13,32,32,12,0,10,57,80,77,76,120,133,153,156,167,196,169,137,126,111,112,80,52,13
13,50,37,2,0,9,38,65,105,120,132,134,144,162,186,171,145,127,130,134,118,83,56,36
14,24,19,0,3,0,47,78,107,126,145,151,138,129,157,145,140,136,118,128,140,113,65,40
2,7,1,0,10,5,100,106,122,137,144,147,139,143,122,131,127,134,135,139,140,141,91,79
0,0,0,0,9,5,67,109,120,137,145,156,140,131,110,108,113,122,143,137,142,124,87,45
3,2,0,2,1,14,81,112,125,128,134,139,132,134,110,103,104,121,124,132,132,127,109,90
0,3,0,0,8,12,69,102,108,124,124,127,125,117,108,101,100,104,110,117,125,116,102,65
0,4,0,0,3,0,50,69,111,116,128,138,107,112,98,83,101,104,111,97,107,117,114,65
0,4,2,0,0,8,34,100,110,109,120,111,102,104,80,75,93,100,102,98,90,109,84,58
3,8,9,9,9,10,46,66,109,126,125,92,86,66,51,45,46,55,72,79,96,70,62,38
9,10,9,11,13,13,37,60,121,143,121,102,75,66,53,21,43,51,72,77,70,89,84,30
0,0,4,2,0,15,26,71,151,170,144,91,68,61,56,14,54,61,66,59,88,168,91,43
10,4,6,0,6,8,12,58,104,116,119,84,68,58,53,25,40,45,46,77,74,99,54,26
0,0,0,3,10,12,12,50,62,73,74,72,60,51,43,40,28,47,55,66,71,71,56,30
0,0,0,0,6,12,11,13,57,70,70,56,54,51,41,30,51,52,54,58,75,58,50,28
0,0,0,0,0,9,5,11,40,58,57,62,55,50,35,41,32,45,58,58,62,43,32,27
3,1,3,5,0,3,5,11,24,52,55,55,57,53,36,17,41,51,53,54,39,63,54,13
0,0,0,3,3,0,3,9,13,51,52,52,55,41,26,25,30,29,39,32,54,54,51,12
0,0,0,0,0,0,0,11,14,50,52,49,40,36,40,13,14,31,24,50,54,57,52,22
0,0,0,0,0,0,3,9,35,42,32,54,52,51,43,14,25,26,51,52,54,55,50,14
1,0,0,0,3,0,2,13,29,46,52,53,53,48,13,10,16,44,18,38,54,51,24,17
6,3,0,0,0,7,11,14,14,36,50,53,40,11,33,11,14,14,8,11,40,44,24,14
7,5,0,2,4,6,4,3,5,12,52,52,32,11,23,10,0,10,11,13,16,24,14,7
5,0,1,0,7,8,9,11,12,30,65,67,22,10,12,9,3,8,0,12,14,17,14,11

0,0,0,0,0,0,0,0,4,6,9,44,95,109,78,26,4,4,0,0,0,0,0,0
0,0,0,0,0,0,0,0,0,5,14,47,52,52,10,2,8,0,0,0,1,4,0,2
3,0,0,4,8,11,12,6,9,16,47,14,50,13,10,7,0,7,2,7,12,11,13,4
7,3,6,8,12,12,57,102,69,61,98,79,74,56,10,47,66,80,66,58,69,75,51,7
0,0,13,39,61,82,74,95,110,109,106,93,110,78,102,115,129,131,113,108,78,74,66,22
4,9,33,58,67,89,103,107,126,155,142,152,149,143,185,221,225,219,184,155,101,62,65,61
9,9,57,73,73,63,91,117,161,163,194,213,223,199,233,216,180,224,192,142,106,52,73,56
7,16,56,67,69,70,90,122,159,191,186,177,161,172,207,237,227,200,173,143,89,54,39,58
8,13,54,54,53,54,70,95,127,147,159,168,174,174,175,223,217,185,159,109,73,54,26,52
2,17,57,54,14,20,65,82,110,131,171,210,228,222,239,241,238,212,149,103,63,26,5,33
3,31,51,48,11,27,54,80,98,132,182,206,242,265,235,245,224,194,134,75,38,7,10,12
1,27,54,33,10,2,10,73,112,143,207,212,193,226,209,226,207,177,121,73,13,10,1,8
6,54,100,13,0,0,7,66,112,148,187,201,194,189,186,150,140,118,114,100,50,0,10,9
23,68,96,32,4,5,0,84,105,123,147,157,148,148,139,151,155,140,137,111,70,0,0,0
13,78,72,3,0,6,10,65,70,76,116,139,150,152,159,164,160,151,133,106,71,11,0,8
18,56,48,0,0,0,5,37,77,74,95,123,147,147,154,159,144,149,123,102,60,13,0,8
12,57,23,6,8,0,14,20,59,76,105,106,146,118,118,117,116,120,123,89,56,33,10,0
18,38,33,18,10,13,32,39,55,75,113,125,132,165,181,237,227,181,119,79,56,45,19,14
23,65,58,13,10,6,18,57,63,111,123,138,153,149,145,186,153,125,96,121,84,65,46,17
15,52,51,7,8,9,13,83,100,91,116,139,157,139,144,160,147,131,129,116,106,62,51,18
14,32,33,12,0,11,58,80,77,77,121,134,153,156,167,196,169,137,126,112,113,81,53,13
13,50,37,2,0,9,38,65,105,121,133,134,145,162,187,171,145,127,130,135,119,83,57,36
14,23,20,0,4,0,47,78,107,126,145,151,139,129,157,145,140,137,118,128,141,113,65,40
2,7,2,0,10,6,101,106,122,137,144,148,139,143,122,132,127,134,135,139,140,141,91,79
0,0,0,0,9,5,70,109,120,137,145,156,140,131,110,108,113,122,143,137,142,124,87,45
3,2,0,2,1,14,82,112,125,128,134,139,132,134,110,103,104,121,124,132,132,127,109,91
0,3,0,0,8,12,69,102,108,124,124,127,125,117,108,101,100,104,110,117,125,116,102,65
0,4,0,0,3,0,50,69,111,116,128,138,107,112,98,83,101,104,110,97,107,117,114,65
0,4,2,0,0,8,34,100,110,109,121,111,102,104,80,75,94,100,102,98,90,109,84,58
3,8,9,9,9,10,46,67,109,126,125,92,86,66,51,45,46,55,72,79,96,70,62,37
9,10,9,11,13,13,37,59,121,143,121,102,75,66,53,21,43,51,72,78,70,89,84,30
0,0,4,2,0,16,25,71,151,169,144,91,68,61,56,14,54,61,66,59,88,168,91,43
10,5,6,0,6,8,12,58,104,116,119,84,68,58,53,25,40,45,46,77,74,98,53,26
0,0,0,3,10,12,12,51,62,73,74,72,60,51,43,40,28,47,55,66,72,71,56,30
0,0,0,0,6,12,11,13,57,69,70,55,53,51,41,29,51,52,54,58,75,58,50,28
0,0,0,0,0,9,5,11,39,58,57,62,55,50,35,41,32,45,58,58,62,43,32,28
3,1,3,5,0,3,5,11,23,52,55,55,57,53,36,17,43,51,53,54,40,63,54,13
0,0,0,4,3,0,3,9,13,50,52,52,55,42,26,24,30,28,39,32,54,53,51,12
0,0,0,0,0,0,0,11,14,50,52,49,40,37,39,13,14,31,24,50,54,57,52,22
0,0,0,0,0,0,3,9,34,43,31,54,52,51,43,14,26,26,51,52,54,55,51,14
1,0,0,0,3,0,2,13,29,46,52,53,53,48,14,10,16,44,18,38,54,51,24,17
6,3,0,0,0,7,11,14,14,35,50,53,41,11,31,11,13,14,8,10,40,44,24,13
7,5,0,2,4,6,4,3,5,12,52,52,32,11,23,10,0,10,11,13,16,24,14,7
5,0,1,0,7,8,9,11,12,29,65,67,23,10,12,9,3,8,0,12,14,17,14,11

0,0,0,0,0,0,0,0,4,6,9,45,96,109,77,26,4,4,0,0,0,0,0,0
0,0,0,0,0,0,0,0,0,5,14,47,52,52,10,2,8,0,0,0,1,4,0,2
3,0,0,4,8,11,12,6,9,16,47,14,52,14,10,7,0,7,2,7,12,11,13,4
7,3,6,8,12,12,58,102,69,61,97,80,74,56,10,45,65,79,66,58,69,75,51,7
0,0,13,39,61,82,74,96,110,109,106,93,110,77,101,115,129,131,113,108,78,74,66,22
4,9,32,59,67,89,103,107,126,155,142,152,149,143,185,221,225,219,184,156,101,62,65,61
9,9,58,73,73,64,92,117,161,163,194,214,224,200,233,216,180,224,192,142,107,53,73,56
7,16,56,67,69,71,90,122,159,191,186,178,161,172,208,237,227,200,173,143,89,54,39,58
9,13,54,54,53,54,70,95,128,148,159,168,174,174,174,223,217,184,159,109,74,54,26,53
2,17,56,54,14,19,65,82,110,131,172,211,228,222,240,241,237,212,149,103,63,26,5,32
3,31,51,50,11,28,54,80,98,132,183,207,243,266,236,245,223,193,134,75,40,7,10,12
1,25,54,33,9,2,10,73,112,143,207,212,193,226,208,226,207,177,120,73,13,10,1,8
6,54,100,13,0,0,7,65,112,148,188,201,194,188,185,149,140,118,114,100,50,0,10,9
23,68,95,33,4,5,0,82,105,123,147,156,147,147,138,151,154,140,137,111,70,0,0,0
13,78,72,4,0,6,10,65,70,76,116,139,150,152,158,164,160,150,133,106,71,10,0,8
18,56,48,0,0,0,5,37,77,74,95,122,146,147,154,158,144,149,123,102,59,13,0,8
12,57,23,6,8,0,14,22,59,76,105,106,145,118,117,117,116,120,122,89,56,33,10,0
18,38,33,18,10,13,32,39,55,76,113,125,132,166,180,236,226,181,120,79,56,45,20,14
23,65,58,13,10,6,18,58,63,111,123,138,152,149,145,186,153,125,96,122,85,65,46,17
15,52,51,7,8,9,13,83,100,92,116,139,157,139,144,160,147,131,129,116,106,62,51,18
14,31,33,12,0,11,58,81,77,77,121,134,154,156,167,196,169,137,126,112,113,81,53,13
13,50,37,2,0,9,38,65,105,121,133,135,145,162,187,172,145,127,130,135,119,83,57,36
14,24,20,0,4,0,48,78,108,126,146,152,139,129,158,145,141,137,118,128,141,113,65,40
2,7,2,0,10,6,100,106,123,137,144,148,140,143,122,132,127,135,135,139,140,142,91,79
0,0,0,0,8,5,69,109,120,137,145,156,141,131,110,108,113,122,143,137,142,124,87,45
3,2,0,2,1,14,83,112,125,128,134,139,132,134,110,103,104,121,124,132,132,127,109,91
0,3,0,0,8,12,70,102,108,124,124,127,126,117,108,101,100,104,110,117,125,117,102,65
0,4,0,0,3,0,50,69,111,116,128,138,107,112,98,83,101,104,111,97,107,117,114,65
0,4,2,0,0,8,34,100,110,109,120,111,102,104,80,75,94,100,102,98,90,109,84,58
3,8,9,9,9,10,46,67,109,126,125,92,86,66,51,45,47,55,72,79,96,70,62,37
9,10,9,11,13,13,37,60,121,143,121,103,75,66,53,21,43,51,72,78,70,89,84,30
0,0,4,2,0,15,25,71,151,169,144,91,68,61,56,14,54,61,66,59,88,167,91,43
10,5,6,0,6,8,12,58,104,116,119,84,68,58,53,28,40,45,47,77,74,98,54,26
0,0,0,3,10,12,12,50,62,73,74,72,60,51,43,40,28,47,55,66,72,71,56,29
0,0,0,0,6,12,11,13,57,69,70,55,54,50,42,30,51,52,54,58,75,58,49,28
0,0,0,0,0,9,5,11,39,58,57,62,55,50,34,41,32,45,58,58,62,42,32,28
3,1,3,5,0,3,5,11,23,52,55,55,57,53,36,17,41,51,53,54,39,63,54,13
0,0,0,4,3,0,3,9,13,50,52,52,55,42,26,25,30,28,39,32,54,53,51,12
0,0,0,0,0,0,0,11,14,50,52,50,40,37,39,13,14,31,24,50,54,57,53,22
0,0,0,0,0,0,3,9,34,42,32,54,52,51,43,14,25,26,51,52,54,55,50,14
1,0,0,0,3,1,2,13,28,46,52,53,53,50,13,10,16,43,18,38,54,51,24,17
6,3,0,0,0,7,11,14,14,35,50,53,38,11,33,11,13,14,8,10,40,44,24,14
7,5,0,2,4,6,4,3,5,12,52,52,33,11,23,10,0,10,11,13,16,24,14,7
5,0,1,0,7,8,9,11,12,30,65,67,23,10,12,9,3,8,0,12,14,17,14,11

0,0,0,0,0,0,0,0,4,6,9,45,96,110,78,27,4,4,0,0,0,0,0,0
0,0,0,0,0,0,0,0,0,5,14,50,52,52,10,3,8,0,0,0,1,4,0,2
3,0,0,4,8,11,12,6,10,20,47,14,52,14,10,7,0,7,2,7,12,12,13,4
7,3,6,8,12,12,58,102,69,61,97,79,73,56,10,44,65,79,66,58,69,75,52,7
0,0,13,39,61,82,74,96,110,109,106,93,109,77,101,115,129,131,113,108,78,74,66,23
4,9,33,58,67,90,103,107,126,155,142,152,149,143,184,221,223,218,183,155,101,62,65,61
9,9,58,73,73,63,92,117,161,163,194,213,223,200,233,216,179,223,192,142,107,52,73,56
7,16,56,67,69,71,90,122,159,191,186,177,162,172,206,236,227,200,173,143,89,54,39,58
9,13,54,54,54,54,70,95,128,147,158,168,174,174,174,222,217,184,160,110,74,54,26,53
2,17,57,55,14,20,65,82,110,131,171,210,227,222,240,242,238,213,150,104,63,26,5,33
3,32,51,50,11,29,54,80,98,133,183,207,243,266,237,246,224,194,135,76,40,7,10,12
1,27,54,33,10,2,10,74,112,144,209,212,193,227,209,227,207,178,121,73,14,10,1,8
6,55,100,13,0,0,7,66,112,149,188,201,195,189,186,150,140,118,114,100,51,0,10,9
23,68,95,34,4,5,0,83,105,124,147,157,148,148,139,151,155,140,137,111,70,0,0,0
13,79,72,4,0,6,10,66,70,76,116,139,150,152,159,164,160,150,133,106,71,11,0,8
18,56,47,0,0,0,5,34,77,74,95,123,146,147,154,158,144,149,123,102,59,13,0,8
12,57,23,6,8,0,14,20,59,76,105,106,146,118,117,117,116,120,122,89,56,33,10,0
18,38,33,18,10,13,32,39,55,75,113,125,132,166,180,236,227,181,120,79,56,45,20,14
23,65,58,13,10,7,18,58,63,111,123,138,153,149,145,186,153,125,96,121,85,65,46,17
15,52,50,7,8,9,13,83,100,91,116,139,156,139,144,160,147,131,129,116,106,62,51,18
14,32,33,12,0,11,58,80,77,77,121,133,153,156,167,196,169,137,126,112,112,81,53,13
13,50,37,2,0,9,38,65,105,121,133,134,145,162,186,171,145,127,130,134,118,83,57,36
14,24,20,0,4,0,47,78,107,126,145,151,139,129,157,145,140,137,118,128,140,113,65,40
2,7,2,0,10,6,101,106,122,137,144,147,139,143,122,131,127,134,135,139,140,141,91,79
0,0,0,0,9,5,69,109,120,137,145,156,140,131,110,108,113,122,143,137,142,124,87,45
4,2,0,2,1,14,82,112,125,128,134,139,132,134,110,103,104,121,124,132,132,127,108,91
0,3,0,0,8,12,70,102,108,124,124,127,125,117,108,101,100,104,110,117,125,116,102,65
0,4,0,0,3,0,51,69,111,117,128,138,107,112,97,83,101,104,110,97,107,117,114,65
0,4,2,0,0,8,35,100,110,109,120,111,102,105,80,75,95,100,102,98,90,109,84,58
3,8,9,9,9,10,46,67,109,126,125,92,86,66,51,45,46,55,72,79,96,70,62,38
9,10,9,11,13,13,37,60,122,143,121,102,75,66,53,21,43,51,72,77,70,89,84,30
0,0,4,2,0,16,26,71,151,169,144,91,68,61,56,14,54,61,66,58,88,168,91,43
10,5,6,0,6,8,12,58,104,116,119,84,68,58,53,25,41,45,46,77,74,98,54,26
0,0,0,3,10,12,12,51,62,73,74,72,60,51,44,42,28,48,55,66,72,71,56,30
0,0,0,0,6,12,11,13,57,69,70,55,53,50,42,30,51,52,54,58,75,58,50,28
0,0,0,0,0,9,5,11,40,58,57,62,55,50,34,42,32,44,58,58,62,43,32,28
3,1,3,5,0,3,5,11,25,52,55,55,57,53,35,17,41,51,53,54,39,63,54,13
0,0,0,4,3,0,3,9,13,51,52,52,55,42,26,24,30,29,40,32,54,53,51,12
0,0,0,0,0,0,0,11,14,50,52,49,40,36,40,13,14,31,24,50,54,57,52,22
0,0,0,0,0,0,3,9,35,43,31,54,52,51,42,14,26,26,51,52,54,55,50,14
1,0,0,0,3,0,2,13,28,47,53,53,53,50,13,10,16,43,18,38,54,51,24,18
6,3,0,0,0,7,11,14,14,36,50,53,43,11,33,11,13,14,8,11,40,45,24,14
7,5,0,2,4,6,4,3,5,13,52,52,33,11,23,10,0,10,11,13,16,25,14,7
5,0,1,0,7,8,9,11,12,30,65,67,23,10,12,9,3,8,0,12,14,17,14,11

0,0,0,0,0,0,0,0,4,6,9,45,96,109,78,27,4,4,0,0,0,0,0,0
0,0,0,0,0,0,0,0,0,5,14,48,52,51,10,3,8,0,0,0,2,4,0,2
3,0,0,4,8,11,12,6,10,17,48,14,52,14,10,7,0,7,2,7,12,12,13,4
7,3,6,8,12,12,58,102,69,61,97,78,73,55,10,43,65,78,66,58,69,75,52,7
0,0,14,39,61,82,74,96,110,109,106,93,109,77,101,114,128,131,113,108,78,74,66,23
4,9,33,58,67,90,103,107,126,155,142,152,149,142,182,219,223,218,183,155,101,62,65,61
9,9,58,73,73,64,92,117,161,164,194,213,222,198,231,216,179,223,192,142,107,53,73,56
7,17,56,67,69,71,90,122,159,191,185,177,160,170,205,236,226,200,173,143,89,54,39,58
8,13,54,54,53,54,70,95,127,147,158,166,173,174,174,223,217,184,160,110,74,54,26,53
2,18,57,55,14,19,65,82,110,131,170,207,225,220,239,241,238,213,151,104,64,26,5,33
3,31,51,49,11,29,54,80,99,134,183,205,241,268,236,246,225,196,137,76,42,7,10,12
1,25,54,32,10,2,10,74,113,145,210,211,193,229,211,229,208,180,123,75,14,10,1,8
6,54,100,13,0,0,8,67,113,150,188,201,197,191,188,151,140,119,114,100,51,0,11,9
23,68,95,33,4,5,0,86,106,124,147,158,149,149,139,152,157,141,137,111,70,0,0,0
13,78,73,4,0,7,10,66,71,77,116,140,152,155,160,166,162,152,133,106,71,11,0,8
20,56,48,0,0,0,5,37,78,75,96,124,148,149,156,160,145,150,123,102,60,13,0,8
12,57,23,6,8,0,13,21,59,77,105,107,147,119,119,118,117,121,123,89,56,31,10,0
18,38,33,18,10,13,32,39,54,75,113,126,133,167,182,238,229,182,119,78,55,44,18,14
23,66,58,13,10,7,18,57,62,111,123,138,153,150,146,187,154,126,96,121,83,64,45,16
15,52,51,7,8,9,13,82,100,90,116,139,156,139,144,160,148,131,129,116,106,61,51,18
14,32,33,12,0,11,57,80,76,77,120,133,153,156,166,196,168,137,125,111,112,80,52,13
13,50,37,2,0,9,38,65,105,120,132,134,144,162,185,171,144,126,129,134,118,83,56,36
14,24,20,0,4,0,47,77,107,126,145,150,138,129,157,145,139,136,118,127,140,113,65,40
2,7,2,0,10,6,100,106,122,137,143,147,139,143,121,131,127,134,135,139,139,141,91,79
0,0,0,0,9,5,67,109,120,137,145,155,140,130,110,108,113,122,143,137,142,124,87,45
4,2,0,2,1,14,82,112,125,128,134,139,132,134,110,103,104,121,124,132,132,127,108,90
0,3,0,0,8,12,69,102,108,124,124,127,125,116,108,101,100,104,110,117,125,116,102,65
0,4,0,0,3,0,50,69,111,116,128,138,107,112,98,83,101,104,111,97,107,117,114,65
0,4,2,0,0,8,34,100,110,109,120,111,101,104,80,75,94,100,102,98,90,108,84,58
3,8,9,9,9,10,46,67,109,126,125,92,86,66,51,45,46,55,72,79,96,70,62,37
9,10,9,11,13,13,37,60,122,144,121,102,75,66,53,21,43,51,72,77,70,89,84,30
0,0,4,2,0,17,26,71,152,170,144,91,68,61,56,14,54,61,66,59,88,169,92,43
10,5,6,0,6,8,12,58,104,116,119,84,68,58,53,25,40,46,47,77,74,99,54,26
0,0,0,3,10,12,12,50,62,73,74,72,60,51,43,41,28,47,55,66,72,72,56,30
0,0,0,0,6,12,11,13,57,70,70,55,53,51,42,30,51,52,54,58,75,58,50,29
0,0,0,0,0,9,6,11,41,59,57,62,55,50,36,42,32,45,58,59,62,43,32,28
3,1,3,5,0,3,6,11,25,52,55,55,57,53,36,17,41,51,53,54,40,63,54,13
0,0,0,4,3,0,3,9,13,51,52,52,55,42,26,24,30,30,40,32,54,54,51,12
0,0,0,0,0,0,0,11,14,50,52,49,40,37,39,13,14,32,24,50,54,57,53,22
0,0,0,0,0,0,4,9,35,42,32,54,52,51,44,14,28,26,51,52,54,55,51,14
1,0,0,0,3,1,2,13,29,47,52,53,53,50,13,10,16,44,19,39,54,52,24,18
6,3,0,0,0,7,11,15,14,36,50,53,43,12,33,11,13,14,8,11,42,45,24,14
7,5,0,2,4,6,4,3,5,13,52,52,33,11,23,10,0,10,11,13,16,24,14,7
5,0,1,0,7,8,9,11,12,30,65,67,22,10,12,9,3,8,0,12,14,17,14,11

0,0,0,0,0,0,0,0,4,6,9,48,97,110,79,28,4,4,0,0,0,0,0,0
0,0,0,0,0,0,0,0,0,5,14,48,52,52,10,4,8,0,0,0,2,4,0,2
3,0,0,4,8,11,12,6,10,17,47,14,52,14,10,7,0,7,3,7,12,12,13,4
6,3,6,8,12,12,57,102,68,61,97,79,73,55,10,43,65,79,66,59,69,75,52,7
0,0,13,39,61,82,74,95,110,110,106,93,109,77,101,114,128,131,113,108,78,74,66,23
4,9,33,58,67,89,103,107,126,155,142,152,148,141,182,218,222,217,183,155,101,62,65,62
9,9,58,73,73,63,91,117,161,163,194,213,220,196,229,214,178,222,191,142,107,52,73,56
7,16,56,67,69,71,90,122,159,190,185,176,160,169,204,234,225,199,173,143,89,54,39,58
9,13,54,54,53,54,70,95,128,147,157,165,171,172,173,221,216,184,160,110,74,54,26,53
2,18,57,54,14,20,65,82,110,131,169,205,222,217,236,240,236,213,151,104,64,27,5,33
3,31,51,49,11,27,54,80,100,134,183,203,239,265,236,245,226,196,137,76,41,7,10,12
1,27,54,32,10,3,10,74,114,146,210,210,193,230,213,230,209,181,124,76,15,10,2,8
6,54,100,13,0,0,8,68,113,151,188,203,199,193,191,153,141,119,115,101,51,0,11,9
23,68,94,34,5,6,0,88,106,124,148,159,150,150,140,154,159,142,138,111,70,0,0,0
13,78,73,4,0,7,10,66,71,77,117,141,153,157,162,168,164,153,134,106,71,11,0,9
19,56,50,0,0,0,5,38,78,75,96,125,149,150,158,162,147,152,124,103,60,13,0,8
12,57,23,6,8,0,13,22,60,77,106,108,148,121,120,119,119,122,123,89,55,29,9,0
18,38,34,18,10,13,32,38,54,75,113,127,135,170,183,240,231,183,119,78,55,43,16,14
24,65,58,13,10,7,18,56,62,110,123,138,154,151,147,188,155,126,95,120,82,63,44,16
15,52,51,7,8,9,13,81,98,89,115,138,156,139,145,161,148,131,129,115,105,61,50,17
14,32,33,12,0,11,55,79,76,76,120,132,152,155,166,196,168,136,125,110,111,79,52,13
13,49,37,2,0,10,38,65,104,119,131,133,143,161,185,170,143,125,128,133,118,83,56,36
14,23,20,0,4,0,45,77,107,126,144,149,138,128,156,144,138,135,117,127,140,113,65,39
3,8,2,0,10,5,100,106,122,137,143,147,138,142,121,130,126,134,134,139,139,141,91,79
0,1,0,0,9,5,67,109,120,137,145,155,140,130,110,107,113,122,143,137,142,124,87,45
4,3,0,2,1,14,81,112,125,128,134,139,132,134,110,103,104,121,124,132,132,127,108,90
0,4,0,0,8,12,69,102,108,124,125,127,125,116,108,101,100,104,110,117,125,116,102,65
0,4,0,0,3,0,50,69,111,116,128,137,107,112,98,83,101,104,111,97,107,117,114,65
0,4,2,0,0,8,34,100,111,109,120,111,102,104,80,75,95,100,102,98,90,109,83,58
3,8,9,9,9,10,46,67,109,126,125,92,86,66,51,45,46,55,72,79,96,70,62,38
9,10,9,11,13,13,37,60,122,144,121,102,75,66,53,21,43,51,72,77,70,89,84,30
0,0,4,2,0,16,26,71,152,170,145,91,68,61,57,14,54,61,66,58,89,169,92,43
10,5,6,0,6,8,12,58,104,116,119,84,67,58,53,25,40,46,46,77,74,99,54,26
0,0,0,3,10,12,12,51,62,73,74,72,60,51,43,42,28,47,55,66,72,72,56,30
0,0,0,0,6,12,11,13,57,70,70,55,53,51,41,30,51,52,54,58,75,59,50,29
0,0,0,0,0,9,6,11,41,59,57,62,55,50,34,41,32,45,58,58,62,43,32,28
3,1,3,5,0,3,6,11,24,52,55,55,57,53,35,17,43,51,53,54,39,63,54,13
0,0,0,4,3,0,3,9,14,51,53,52,55,41,26,27,30,30,40,32,54,54,51,12
0,0,0,0,0,0,0,11,14,50,53,49,41,37,39,13,14,31,24,50,54,57,53,22
0,0,0,0,0,0,4,9,35,43,32,54,53,51,42,14,28,26,51,52,54,55,51,14
1,0,0,0,3,1,2,13,29,48,52,53,53,50,13,10,17,44,19,38,54,52,24,18
6,3,0,0,0,7,11,14,14,37,50,53,43,12,33,11,13,14,8,11,41,45,24,14
7,5,0,2,4,7,4,4,5,13,52,52,32,11,23,10,0,10,11,13,16,25,14,7
5,0,1,0,7,8,9,11,12,30,65,67,24,10,12,9,3,8,0,12,14,17,14,11

0,0,0,0,0,0,0,0,4,6,9,50,98,110,79,28,4,4,0,0,0,0,0,0
0,0,0,0,0,0,0,0,0,5,14,50,52,52,10,4,8,0,0,0,2,4,0,2
3,0,0,4,8,11,12,6,10,17,47,14,52,14,9,7,0,7,3,7,12,11,13,4
7,3,6,8,12,12,58,102,69,61,97,79,74,56,10,45,65,78,66,59,69,75,53,7
0,0,14,39,61,82,74,96,110,110,106,93,109,77,101,115,128,130,112,108,78,74,66,24
4,9,33,58,67,90,103,107,126,155,142,152,149,142,183,219,223,217,183,154,100,62,66,62
9,9,58,73,73,63,91,117,161,163,194,212,221,199,231,215,178,223,191,142,107,52,73,56
7,17,56,67,69,71,90,122,159,190,185,176,161,171,206,236,226,199,173,143,90,54,39,58
8,13,54,54,53,54,70,95,127,147,157,166,172,173,174,221,216,184,160,110,73,54,26,53
2,17,57,55,14,20,65,82,110,131,169,205,222,219,237,240,236,213,151,104,63,27,5,33
3,31,51,49,11,28,54,80,99,134,183,204,240,264,235,244,224,196,136,76,41,7,10,12
1,27,54,33,10,3,10,74,113,145,209,210,193,229,211,229,208,180,123,75,14,10,2,8
6,54,100,13,0,0,8,67,113,150,187,202,197,192,190,152,141,119,115,100,51,0,11,9
23,68,94,36,5,5,0,87,106,124,148,159,149,149,140,153,158,142,138,111,71,0,0,0
13,78,73,4,0,7,10,67,71,77,117,141,153,156,161,168,163,153,134,106,71,11,0,9
19,56,48,0,0,0,5,40,78,75,96,125,149,149,157,161,146,151,124,103,60,13,0,8
12,57,23,6,8,0,13,24,60,77,106,108,148,120,120,119,118,122,123,89,56,30,10,0
18,38,34,18,10,13,32,38,54,75,113,126,134,169,184,240,230,183,119,78,55,43,17,14
23,65,58,13,10,7,19,57,62,111,123,138,154,151,147,187,155,126,96,121,83,64,45,16
15,52,51,7,8,9,13,82,99,90,116,139,157,139,145,161,148,132,129,116,105,61,51,18
14,32,33,12,0,10,56,80,76,76,120,133,152,156,167,196,168,137,125,111,112,80,52,13
13,50,37,2,0,10,38,65,104,120,132,133,144,161,186,171,144,126,129,134,118,83,56,36
14,24,20,0,4,0,46,77,107,126,145,150,138,129,157,144,139,136,117,127,140,113,65,39
2,8,2,0,10,5,100,106,122,137,143,147,139,143,121,131,126,134,135,139,140,141,91,78
0,1,0,0,9,5,67,109,120,137,145,155,140,130,110,108,113,122,143,137,142,124,87,45
4,3,0,2,1,14,82,112,125,128,134,139,132,134,110,103,104,121,124,132,132,127,108,90
0,4,0,0,8,12,69,102,108,124,124,127,125,116,108,101,100,104,110,117,125,116,102,65
0,4,0,0,3,0,51,69,111,116,128,138,107,112,97,83,101,104,111,97,107,117,114,65
0,5,2,0,0,8,34,100,110,109,120,111,102,104,80,75,93,100,102,98,90,109,84,58
3,8,9,9,9,10,46,66,109,126,125,92,86,66,51,45,46,55,72,79,96,70,62,37
9,10,9,11,13,13,37,60,122,143,121,102,75,66,53,21,43,51,72,77,70,89,84,30
0,0,4,2,0,17,26,71,151,170,144,91,68,61,56,14,54,61,66,58,88,169,91,43
10,5,6,0,6,8,12,58,104,116,119,84,67,58,53,25,40,46,46,77,74,99,54,26
0,0,0,3,10,12,12,51,62,73,74,72,60,51,44,41,28,47,55,66,72,71,56,30
0,0,0,0,6,12,11,13,57,70,70,55,54,51,41,30,51,52,54,58,75,58,50,29
0,0,0,0,0,9,6,11,41,58,57,62,55,50,35,41,32,45,58,58,62,43,32,28
3,1,3,5,0,3,6,11,25,52,55,55,57,53,36,17,41,51,53,54,39,63,54,13
0,0,0,4,3,0,3,9,13,51,52,52,55,42,26,25,30,30,40,32,54,53,51,12
0,0,0,0,0,0,0,11,14,50,52,49,41,37,38,13,14,32,24,50,54,57,53,22
0,0,0,0,0,0,3,9,36,43,32,54,52,51,44,14,27,26,51,53,54,55,51,14
1,0,1,0,3,1,2,13,29,48,53,53,53,50,14,10,17,44,18,40,54,51,24,18
6,3,0,0,0,7,11,14,14,36,50,53,40,11,33,11,13,14,8,11,40,45,24,14
7,5,0,3,4,7,4,4,5,13,52,52,35,11,23,10,0,10,11,13,16,25,14,7
5,0,1,0,7,8,9,11,12,30,65,67,22,10,12,9,3,8,0,12,14,17,14,11

0,0,0,0,0,0,0,0,4,6,9,50,100,111,81,29,4,4,0,0,0,0,0,0
0,0,0,0,0,0,0,0,0,6,14,50,52,52,11,5,8,0,0,0,2,4,0,1
3,0,0,4,8,11,12,6,10,17,45,15,52,14,10,7,0,7,3,7,12,12,13,4
7,3,6,8,12,12,58,102,69,61,98,80,74,56,10,45,65,78,66,59,69,75,52,7
0,0,14,39,61,82,74,96,110,110,106,94,110,77,102,115,128,130,112,108,78,74,66,24
4,9,33,58,67,90,103,107,126,155,143,153,149,143,184,220,222,216,182,154,100,62,66,62
9,9,58,73,73,63,91,117,161,163,194,212,222,199,231,215,178,222,191,142,106,52,73,56
7,17,56,67,69,71,90,122,159,190,185,176,160,171,206,235,226,199,173,143,89,54,39,58
9,13,54,54,53,54,70,95,127,147,158,167,174,174,175,223,216,184,160,110,74,54,26,53
2,19,57,54,14,19,65,82,110,131,170,208,226,221,238,241,237,212,150,104,63,26,5,33
3,31,51,50,11,28,54,80,99,133,183,205,241,265,235,245,225,195,136,76,40,7,10,12
1,27,54,34,10,2,10,74,113,144,209,210,192,227,210,228,208,179,122,74,14,10,1,8
6,54,100,13,0,0,8,67,113,149,187,201,196,190,188,151,140,119,114,100,51,0,11,9
23,68,94,36,5,6,0,86,106,124,147,158,149,149,140,152,156,141,138,111,71,0,0,0
13,78,73,4,0,7,10,66,71,77,116,140,152,154,161,166,162,152,133,106,71,11,0,9
19,56,50,0,0,0,5,38,78,75,96,124,148,149,156,160,145,150,123,102,60,13,0,8
12,57,24,6,8,0,14,23,59,77,106,107,147,120,119,118,117,121,123,89,56,31,10,0
19,38,34,18,10,13,32,39,54,75,113,126,134,168,182,239,229,182,119,78,55,44,18,14
25,65,58,13,10,7,19,57,62,111,123,138,154,150,146,187,154,126,96,121,84,64,45,16
15,52,51,7,8,9,13,82,100,90,116,139,157,139,144,161,148,131,129,116,106,61,51,18
14,32,33,12,0,11,57,80,77,77,120,133,153,156,167,196,169,137,126,111,112,80,53,13
13,50,37,2,0,10,38,65,105,120,132,134,145,162,186,171,145,126,129,134,118,83,56,36
14,24,20,0,4,0,47,78,107,126,145,151,138,129,157,145,140,136,118,128,140,113,65,40
2,8,2,0,10,6,101,106,122,137,144,147,139,143,121,131,127,134,135,139,140,141,91,79
0,1,0,0,9,5,69,109,120,137,145,156,140,130,110,108,113,122,143,137,142,124,87,45
4,3,0,2,1,14,82,112,125,128,134,139,132,134,110,103,104,121,124,132,132,127,109,90
0,4,0,0,8,12,70,102,108,124,124,127,125,117,108,101,100,104,110,117,125,116,102,64
0,4,0,0,3,0,50,68,111,116,128,137,107,111,98,84,101,104,111,97,107,117,114,65
0,5,2,0,0,8,36,100,110,109,120,111,101,104,80,75,95,100,102,98,90,109,84,58
3,8,9,9,9,10,46,67,109,126,125,92,86,66,51,45,46,55,72,79,97,70,62,38
9,10,9,11,13,13,37,60,121,143,121,102,75,66,53,21,43,51,72,78,70,89,84,30
0,0,4,2,0,16,26,71,151,169,144,91,68,61,56,14,54,61,66,59,88,168,91,43
10,5,6,0,6,8,12,58,104,116,119,84,68,58,53,25,41,46,46,77,74,99,54,26
0,0,0,3,10,12,12,51,62,73,74,72,60,51,43,41,28,47,55,66,72,72,56,30
0,0,0,0,6,12,11,13,57,70,70,55,53,51,42,30,51,52,54,58,75,58,49,29
0,0,0,0,0,9,6,11,40,58,57,62,55,50,35,41,32,45,58,58,62,42,32,28
4,1,3,5,0,3,6,11,25,52,55,55,57,53,36,17,41,51,53,54,40,63,54,13
0,0,0,4,3,0,3,9,13,51,52,52,55,41,26,25,30,28,40,32,54,53,51,12
0,0,0,0,0,0,0,11,14,50,52,49,41,37,38,13,14,31,24,50,54,57,53,22
0,0,0,0,0,0,4,9,34,43,31,54,52,51,41,14,28,26,51,52,54,55,50,14
1,0,1,0,3,1,2,13,29,48,53,53,53,50,13,10,16,44,18,39,54,51,24,18
6,3,0,0,0,7,11,14,14,36,50,53,41,12,32,11,13,14,8,11,41,45,24,14
7,5,0,3,4,7,4,3,5,13,52,52,32,11,23,10,0,10,11,13,16,24,14,7
5,0,1,0,7,8,9,11,12,29,65,67,23,10,12,9,4,8,0,12,14,17,14,11

0,0,0,0,0,0,0,0,5,6,9,50,99,111,81,29,4,4,0,0,0,0,0,0
0,0,0,0,0,0,0,0,0,6,14,50,52,52,11,5,8,0,0,0,2,4,0,1
3,0,0,4,8,11,12,6,10,18,48,14,51,14,10,7,0,7,3,7,12,12,13,4
7,3,6,8,12,12,58,102,69,61,98,80,74,56,10,44,65,79,66,59,69,75,53,7
0,0,13,39,61,82,74,96,110,110,106,94,110,78,102,115,128,131,112,108,78,74,66,24
4,9,33,58,67,90,103,107,126,156,142,153,150,143,184,221,223,217,183,155,101,62,66,62
9,9,58,73,73,63,91,117,161,163,194,214,223,200,232,216,179,222,191,142,107,53,73,56
7,18,56,67,69,71,90,122,159,191,185,177,160,171,207,237,226,199,173,143,89,54,39,58
9,13,54,54,54,54,70,95,127,147,158,168,174,175,175,223,217,184,159,109,74,54,26,53
2,18,57,55,14,19,65,82,110,131,171,209,227,221,239,241,237,212,149,103,63,27,5,34
3,31,51,50,11,28,54,80,98,133,183,206,241,265,235,245,224,194,135,75,40,7,10,12
1,27,55,34,10,2,10,74,112,144,208,211,192,226,209,227,207,178,121,74,14,10,1,8
6,55,100,13,0,0,8,67,113,149,187,200,194,189,187,150,140,119,114,100,51,0,11,9
23,68,94,37,5,6,0,86,106,124,147,157,148,148,139,152,155,140,137,111,71,0,0,0
13,79,73,4,0,7,10,66,71,77,116,140,151,153,160,165,161,151,133,106,71,11,0,8
19,56,48,0,0,0,5,38,78,75,96,123,147,148,155,159,144,150,123,102,60,13,0,8
12,57,25,6,8,0,14,23,59,77,105,107,146,119,118,117,117,121,123,89,56,33,10,0
19,38,34,18,10,13,32,39,55,75,113,126,133,167,181,237,228,181,120,79,56,45,19,14
24,65,58,13,10,7,19,57,63,111,123,138,153,149,146,186,154,126,96,121,84,65,46,17
15,52,51,7,8,9,13,83,100,91,116,139,157,139,144,160,148,131,129,116,106,61,51,18
14,32,33,12,0,11,58,80,77,77,121,134,154,156,167,196,169,137,126,111,113,81,53,13
13,50,37,2,0,10,39,65,105,121,133,134,145,162,187,172,145,127,130,135,119,83,57,36
14,24,20,0,4,0,48,78,108,126,145,151,139,129,157,145,140,137,118,128,141,113,65,40
3,7,2,0,10,6,100,106,123,137,144,147,139,143,121,131,127,134,135,139,140,142,91,79
0,0,0,0,9,5,69,109,120,137,145,156,140,131,110,108,113,122,144,137,142,124,87,45
4,3,0,2,1,14,83,112,125,128,134,139,132,134,110,103,104,121,124,132,132,127,109,90
0,4,0,0,8,12,70,102,108,124,124,127,125,116,108,101,100,104,110,117,125,116,102,65
0,5,0,0,3,0,51,69,111,116,128,138,107,111,98,83,101,104,111,97,107,117,114,65
0,5,2,0,0,8,34,100,110,108,120,111,101,104,80,75,94,100,102,98,90,109,83,58
3,8,9,9,9,10,46,67,109,126,125,92,86,66,51,45,46,55,72,79,96,70,62,38
9,10,9,11,13,13,37,60,121,143,121,102,75,66,53,21,43,51,72,78,70,88,84,30
0,0,4,2,1,16,26,71,151,169,145,91,68,61,56,14,54,62,66,59,88,168,91,43
10,5,6,0,6,8,12,58,104,116,119,84,68,58,53,25,41,46,46,77,74,98,54,26
0,0,0,3,10,12,12,50,62,73,74,72,60,51,43,41,28,47,55,66,72,71,56,29
0,0,0,0,6,12,11,13,57,70,70,55,54,51,41,30,51,52,54,58,75,58,49,29
0,0,0,0,0,9,6,11,39,58,57,62,55,50,35,41,32,45,58,58,62,42,32,28
3,1,3,5,0,3,5,11,24,52,55,55,57,53,35,17,42,51,53,54,39,63,54,13
0,0,0,4,3,0,3,9,13,51,52,52,55,42,25,25,30,28,40,32,54,53,51,12
0,0,0,0,0,0,0,11,14,50,52,49,41,37,38,13,14,31,24,50,54,57,52,22
0,0,0,0,0,0,3,9,34,43,31,54,52,51,42,14,27,26,51,52,54,55,50,14
1,0,1,0,3,0,2,13,29,47,52,53,53,48,13,10,16,44,19,39,54,51,24,18
6,3,0,0,0,7,11,14,14,35,50,53,40,11,33,11,13,14,8,11,40,44,24,14
7,5,0,3,4,7,4,3,5,13,52,52,33,11,23,10,0,10,11,13,16,24,14,7
5,0,1,0,7,8,9,11,12,29,65,67,22,10,12,9,3,8,0,12,14,17,14,11

0,0,0,0,0,0,0,0,5,6,9,50,100,111,81,29,5,4,0,0,0,0,0,0
0,0,0,0,0,0,0,0,0,6,14,50,52,52,11,6,8,0,0,0,2,4,0,1
3,0,0,4,8,11,12,6,10,20,47,14,53,14,9,7,0,7,3,8,12,12,13,4
7,3,6,8,12,12,59,102,69,62,98,80,75,57,10,46,66,79,66,59,69,75,53,7
0,0,14,40,61,82,74,96,110,110,106,94,110,78,102,115,129,131,113,108,78,74,66,24
4,9,34,58,67,90,103,107,126,155,143,154,150,144,185,221,223,217,183,155,101,62,66,62
9,9,58,73,73,64,92,117,161,163,194,215,225,201,233,216,179,222,191,142,107,53,73,56
7,17,56,67,69,71,90,122,159,191,186,177,161,172,208,236,226,199,173,143,89,54,39,58
9,13,54,54,54,54,70,95,128,147,158,168,173,174,175,223,216,184,159,109,74,54,27,53
2,19,57,55,14,20,65,82,110,131,171,210,227,221,239,241,237,212,149,103,63,29,5,33
3,32,51,50,12,29,54,80,98,132,183,207,242,264,236,245,224,194,134,75,40,7,10,12
1,28,55,34,10,2,10,73,112,143,208,211,192,225,207,226,207,177,120,73,14,10,1,8
6,54,100,13,0,0,7,66,112,149,187,200,194,188,185,150,140,118,114,100,51,0,11,9
23,68,96,38,5,6,0,85,106,124,147,156,148,148,139,151,154,140,137,111,71,0,0,0
13,78,73,4,0,7,10,66,71,77,116,139,150,152,159,164,160,150,133,106,71,11,0,8
19,56,50,0,0,0,5,38,78,75,96,123,147,148,154,159,144,149,123,102,60,13,0,8
12,57,26,6,8,0,14,24,59,76,105,107,146,118,118,117,116,120,122,89,57,33,11,0
19,38,34,18,10,13,32,39,55,76,113,126,132,166,180,237,227,181,120,79,56,45,20,14
24,65,59,13,10,7,18,58,63,111,124,138,153,149,145,186,153,125,96,121,85,65,46,17
15,52,51,7,8,9,13,83,100,92,117,139,157,139,144,160,147,131,130,116,106,62,51,18
14,32,33,12,0,11,59,81,78,77,121,134,154,156,168,196,169,138,127,112,113,81,53,13
13,50,38,2,0,10,39,66,105,121,133,135,146,163,187,172,146,127,131,135,119,84,57,36
14,24,20,0,4,0,48,79,108,127,146,152,139,129,157,146,141,137,118,128,141,113,65,40
3,7,2,0,10,6,101,106,123,137,144,148,139,143,122,131,127,135,135,139,140,142,91,79
0,1,0,0,9,5,70,109,120,137,145,156,140,131,110,108,113,122,143,137,142,124,87,45
4,3,0,2,1,14,83,112,125,128,134,139,132,134,110,103,104,121,124,132,132,127,108,91
0,4,0,0,8,12,70,102,108,124,124,127,125,117,108,101,100,104,110,117,125,116,102,65
0,5,0,0,3,0,51,69,111,116,128,137,107,112,98,83,101,104,111,97,107,117,114,65
0,5,3,0,0,8,36,100,110,109,120,111,102,104,80,75,94,100,102,98,90,109,84,58
3,8,9,9,9,10,46,67,109,126,125,92,86,66,51,45,46,55,72,79,96,70,62,37
9,10,9,11,13,13,37,60,121,143,121,103,75,66,53,21,43,51,72,77,70,89,84,30
0,0,4,2,1,16,26,71,151,169,144,91,68,61,56,14,54,61,66,59,88,168,91,42
10,5,6,0,6,8,12,58,104,116,119,84,67,58,53,24,42,46,47,77,74,98,54,26
0,0,0,3,10,12,12,51,62,73,74,72,60,51,43,41,28,47,55,66,72,71,56,29
0,0,0,0,6,12,11,13,57,69,70,55,53,51,42,29,51,52,54,58,75,58,49,28
0,0,0,0,0,9,5,11,39,58,57,62,55,50,35,41,32,45,58,58,62,43,32,28
3,1,3,5,0,3,6,11,24,52,55,55,57,53,36,17,41,51,53,54,39,63,54,13
0,0,0,4,3,0,3,9,13,51,52,52,55,42,26,24,30,29,40,32,54,53,51,12
0,0,0,0,0,0,0,11,14,50,53,49,41,36,41,13,14,33,25,50,54,57,52,22
0,0,0,0,0,0,4,9,34,43,31,54,52,51,41,14,27,26,51,52,54,55,50,14
1,0,1,0,3,1,2,13,29,48,53,54,53,50,13,10,16,44,20,39,54,51,24,18
6,3,0,0,0,7,11,14,14,35,50,53,40,11,33,11,13,14,8,11,40,45,24,14
7,5,0,2,4,7,4,3,5,13,52,52,33,11,23,10,0,10,11,13,16,24,14,7
5,0,1,0,7,8,9,11,12,30,65,67,22,10,12,9,3,8,0,12,14,17,14,11

0,0,0,0,0,0,0,0,5,6,9,50,100,111,81,30,5,4,0,0,0,0,0,0
0,0,0,0,0,0,0,0,0,6,14,50,52,52,11,6,9,0,0,0,2,4,0,2
3,0,0,4,8,11,12,6,10,18,47,14,53,14,10,7,0,7,3,8,12,12,13,4
7,3,6,8,12,12,59,102,69,62,98,80,75,57,10,44,65,79,66,59,69,75,53,7
0,0,14,41,61,82,74,96,110,110,106,94,110,78,102,115,129,131,112,108,78,74,66,24
4,9,34,58,67,90,103,107,126,155,142,153,150,144,185,221,223,217,183,155,101,62,66,62
9,9,58,73,73,63,92,117,161,163,194,214,225,201,233,216,179,222,191,142,107,53,73,56
7,18,56,67,69,71,90,122,159,191,186,177,161,172,208,237,226,199,173,143,89,54,39,58
9,13,54,54,54,54,70,95,128,147,158,168,175,175,175,223,216,184,159,109,74,54,26,53
2,20,57,55,14,21,65,82,110,131,171,211,228,222,240,242,237,212,149,103,63,28,5,34
3,31,51,50,11,28,54,80,98,132,183,207,243,266,236,246,224,193,134,75,40,7,10,12
1,27,55,35,10,2,10,73,112,143,208,212,193,225,208,227,207,177,120,73,14,10,1,8
6,54,100,13,0,0,7,66,112,148,188,201,194,188,185,150,140,118,114,100,51,0,11,9
23,68,95,37,5,6,0,85,106,124,147,156,147,147,139,151,154,140,137,111,71,0,0,0
13,78,73,4,0,7,10,66,71,77,116,139,150,152,159,164,160,150,133,106,71,11,0,8
19,56,50,0,0,0,5,37,77,74,95,123,146,147,154,158,144,149,123,102,60,13,0,8
12,57,26,6,8,0,14,23,59,76,105,106,146,118,117,116,116,120,122,89,57,34,11,0
19,38,34,19,10,13,32,39,55,76,114,126,133,166,180,236,227,181,120,79,57,46,21,14
24,65,58,13,11,7,19,58,63,111,124,138,153,149,145,186,153,125,97,122,85,65,47,17
16,52,51,7,8,9,13,84,100,92,117,139,157,139,144,160,147,131,130,117,107,62,51,18
14,32,33,12,0,11,59,81,78,78,121,134,154,156,167,196,169,138,127,112,113,81,53,13
13,50,37,2,0,10,39,66,105,121,133,135,145,162,187,172,146,127,131,135,119,84,57,37
14,24,20,0,5,0,48,79,108,127,146,152,139,129,157,146,141,137,119,128,141,114,65,41
3,8,2,0,10,6,101,106,123,137,144,148,140,143,122,132,127,135,135,139,140,142,91,79
0,1,0,0,9,5,71,109,120,137,145,156,140,131,110,108,113,122,143,137,142,124,87,45
4,3,0,2,1,14,85,112,125,128,134,139,132,134,110,103,104,121,124,132,132,127,108,91
0,4,0,0,8,12,70,102,108,124,124,127,125,116,108,101,100,104,110,117,125,116,102,65
0,5,0,0,3,0,51,69,111,116,128,137,107,111,97,84,101,104,111,97,107,117,114,65
0,5,2,0,0,8,35,100,110,108,120,111,102,104,80,75,94,100,102,98,90,108,83,58
3,8,9,9,9,10,47,67,109,126,125,92,86,67,51,45,47,55,72,79,96,70,62,37
9,10,9,11,13,13,37,60,121,143,121,102,75,66,53,21,43,51,72,78,70,89,84,30
0,0,4,2,0,16,26,71,151,169,144,91,68,61,57,14,54,61,66,59,89,168,91,43
10,5,6,0,6,8,12,58,104,116,119,84,68,58,53,25,41,46,47,77,74,98,54,26
0,0,0,3,10,12,12,51,62,73,74,72,60,51,44,40,29,48,55,66,72,71,56,30
0,0,0,0,6,12,11,13,57,70,70,55,53,51,42,29,51,52,54,58,75,58,49,29
0,0,0,0,0,9,6,11,41,58,57,62,55,50,34,41,32,45,58,58,62,43,32,28
3,1,3,5,0,3,5,11,23,52,55,55,57,53,36,17,41,51,53,54,39,63,54,13
0,0,0,4,3,0,3,9,13,51,52,52,55,42,25,24,30,28,40,32,54,53,51,12
0,0,0,0,0,0,0,11,14,50,53,49,40,37,40,13,14,31,24,50,54,57,52,22
0,0,0,0,0,0,4,9,34,42,32,54,53,51,41,14,27,26,51,52,54,55,50,14
1,0,1,0,3,0,2,13,29,46,52,53,53,50,13,10,16,43,18,38,54,51,24,18
6,4,0,0,0,7,11,14,14,35,50,53,41,11,33,11,13,14,8,11,41,44,24,14
7,5,0,3,4,7,4,3,5,13,52,52,33,11,23,10,0,10,11,13,16,25,14,7
5,0,1,0,7,8,9,11,12,29,65,67,22,10,12,9,3,8,0,12,14,17,14,11
0,0,0,0,0,0,4,0,14,61,100,79,14,6,6,6,0,0,0,0,0,0,0,0
5,0,4,1,0,0,0,7,0,7,48,50,29,12,4,0,0,0,0,0,0,0,0,0
5,12,10,11,6,0,7,0,6,10,12,48,14,40,15,8,6,11,12,7,2,0,0,3
6,27,72,68,57,65,76,63,48,8,54,72,78,98,61,68,102,53,11,11,7,6,3,6
14,63,73,76,103,107,126,126,113,100,76,109,93,106,108,110,93,72,80,59,29,12,0,0
57,61,60,97,148,179,215,223,219,181,142,149,152,143,154,125,106,102,87,66,58,21,7,0
55,70,51,105,141,192,224,181,217,232,199,224,215,196,164,160,116,90,63,72,73,56,8,7
56,37,53,88,144,175,202,229,239,208,172,162,179,187,192,159,122,90,70,68,66,55,12,4
51,23,53,73,110,163,187,220,225,176,175,175,169,160,148,128,95,69,53,50,53,53,10,6
24,4,15,63,104,153,216,241,244,241,223,230,213,173,132,110,82,65,14,12,52,56,9,0
10,10,6,36,76,137,197,226,246,237,269,246,210,184,133,99,80,53,16,10,42,50,21,0
7,0,10,12,72,122,178,207,226,209,229,197,215,208,143,112,73,7,0,6,16,51,11,0
7,8,0,49,100,114,118,139,149,186,189,196,203,189,147,112,64,5,0,0,9,95,50,0
0,0,0,69,111,137,140,154,150,138,147,147,156,147,123,105,74,0,2,0,13,92,63,12
7,0,7,68,106,132,149,159,162,157,150,148,137,114,75,69,61,9,1,0,0,68,76,9
7,0,12,56,102,122,148,142,157,152,146,144,119,94,73,76,22,3,0,0,0,24,54,13
0,9,28,55,87,122,119,115,115,115,116,143,103,102,75,58,14,13,0,5,2,14,54,10
13,16,43,55,77,117,179,225,235,177,163,129,122,111,74,54,38,33,10,8,14,32,38,14
14,45,64,84,121,95,125,152,185,144,148,151,136,122,110,62,57,14,3,8,12,56,65,14
16,51,61,106,116,129,130,147,159,144,138,155,138,115,89,99,81,11,6,6,4,50,52,14
13,52,80,112,111,126,137,169,196,166,155,152,133,120,76,77,79,53,8,0,10,31,30,13
35,56,83,118,134,130,127,145,171,186,162,145,134,132,120,104,64,36,8,0,0,35,50,12
39,65,113,140,127,118,137,141,145,157,130,139,151,145,125,106,76,43,0,0,0,15,20,13
79,91,142,140,139,135,134,128,132,122,144,140,148,144,137,122,105,100,4,7,0,0,5,0
45,87,124,142,137,143,122,113,108,110,131,141,156,145,137,120,109,63,4,7,0,0,0,0
89,109,127,132,132,124,121,104,103,111,134,133,140,134,128,125,112,78,14,1,1,0,1,1
64,103,117,125,117,110,104,100,101,108,117,126,127,125,124,108,102,66,12,8,0,0,0,0
65,114,117,107,97,111,104,101,83,97,112,108,138,129,117,111,68,47,0,2,0,0,2,0
58,84,109,90,98,102,100,93,74,80,105,102,112,121,109,111,100,30,8,0,0,1,2,0
37,62,70,97,79,72,55,46,45,51,67,87,93,126,127,109,67,44,10,8,9,8,6,1
30,83,88,70,77,72,51,42,20,53,66,75,103,121,143,122,60,36,13,13,11,8,9,8
43,91,167,88,58,66,61,53,14,55,61,69,92,144,170,152,71,25,15,0,2,4,0,0
27,54,99,74,77,46,45,36,23,53,58,68,85,120,117,105,59,12,8,6,0,6,4,10
30,56,71,71,66,54,47,27,39,43,51,60,72,74,73,62,51,12,12,10,3,0,0,0
28,49,58,75,58,54,51,51,29,40,51,54,56,70,70,57,13,11,12,6,0,0,0,0
27,32,43,62,58,58,44,32,41,34,50,56,62,57,58,39,10,5,9,0,0,0,0,0
12,54,64,40,54,52,51,41,17,35,53,57,55,55,52,23,11,5,3,0,5,3,1,3
11,51,54,54,32,38,26,32,25,25,42,55,52,52,50,13,9,3,0,3,4,0,0,0
22,53,57,54,50,24,31,13,13,39,37,40,49,52,50,14,11,0,0,0,0,0,0,0
14,50,55,54,52,50,26,25,13,42,51,52,54,31,42,36,9,4,0,0,0,0,0,0
17,24,51,53,37,19,44,16,9,13,50,52,53,52,46,29,14,2,1,3,0,1,0,1
13,24,44,38,11,8,14,13,11,31,11,43,53,50,36,14,14,11,7,0,0,0,3,6
7,14,24,16,13,11,10,0,10,23,11,32,52,52,12,5,4,4,7,4,2,0,5,7
11,14,16,14,12,0,8,3,9,12,10,22,68,65,28,12,11,9,8,7,0,1,0,5

0,0,0,0,0,0,4,0,14,62,101,79,15,6,6,6,0,0,0,0,0,0,0,0
5,0,4,1,0,0,0,7,1,7,50,50,33,12,4,0,0,0,0,0,0,0,0,0
5,12,10,11,6,0,7,0,5,10,13,42,14,40,14,8,6,11,12,7,2,0,0,3
6,30,72,68,57,65,76,64,47,8,53,71,76,97,61,68,102,53,11,11,8,6,3,6
14,64,73,76,103,108,127,126,112,99,76,108,92,105,108,110,93,72,80,59,29,12,0,0
58,61,60,98,149,181,216,223,217,180,140,147,151,142,154,125,106,102,87,67,58,23,7,0
55,70,51,105,141,192,224,180,217,230,197,222,213,195,164,161,116,90,63,72,73,56,8,8
56,37,53,89,144,175,202,229,238,207,171,162,178,186,191,159,122,90,70,68,66,56,12,5
51,23,53,74,111,163,187,220,225,175,174,174,169,159,147,128,95,69,53,50,53,53,11,6
25,4,17,63,105,154,217,240,243,239,221,228,211,172,132,110,82,65,14,12,52,56,10,0
10,10,6,38,77,139,199,227,246,237,267,245,208,184,134,100,80,53,18,10,42,50,23,0
7,1,11,13,74,124,181,208,228,211,231,196,214,209,144,113,74,8,0,6,19,51,12,0
7,8,0,50,100,114,119,140,151,188,191,198,203,189,149,113,65,5,0,0,9,96,51,0
0,0,0,69,111,138,141,156,151,139,148,148,157,147,124,105,76,0,3,0,13,92,63,13
7,0,8,68,106,133,151,160,164,158,152,149,138,115,75,69,62,10,3,0,0,69,77,10
7,0,12,56,102,123,149,143,158,154,147,146,121,94,73,76,23,3,0,0,0,27,54,14
0,8,26,54,87,122,120,116,116,116,117,144,104,103,75,58,14,13,0,5,2,14,54,10
13,14,42,54,77,117,181,226,236,179,164,130,123,111,74,54,38,32,11,9,14,32,38,14
14,44,63,82,120,95,126,153,186,145,148,151,136,122,110,62,56,14,3,9,12,56,65,14
16,50,61,105,115,128,130,147,160,144,138,155,138,115,88,98,80,11,6,6,5,50,52,14
12,51,79,112,111,125,136,168,195,166,155,151,132,120,75,76,78,53,8,0,11,32,31,13
35,56,82,118,133,128,126,144,170,185,162,144,133,131,119,104,64,35,8,0,0,35,48,12
39,65,113,140,127,117,136,140,144,156,130,138,150,144,125,106,76,42,0,0,0,15,20,13
78,91,141,139,139,134,134,127,131,122,143,139,147,143,136,122,105,100,4,7,0,0,5,0
45,88,124,142,137,143,122,112,108,110,131,141,156,145,137,119,109,61,4,7,0,0,0,0
88,109,127,132,132,124,121,104,103,111,134,132,140,134,128,124,111,78,14,1,1,0,1,1
64,103,117,125,117,110,104,100,101,108,117,126,127,125,124,108,102,66,12,8,0,0,0,0
65,114,117,107,97,111,104,101,83,98,112,108,138,129,117,111,68,47,0,2,0,0,2,0
58,84,109,90,98,102,100,94,74,80,105,102,112,121,109,111,100,31,8,0,0,1,2,0
37,62,70,97,79,72,55,46,45,51,67,87,93,125,127,109,67,44,10,8,9,9,6,1
30,84,88,70,77,72,51,42,20,53,66,75,103,121,144,122,60,36,13,13,11,8,9,8
43,92,168,88,58,66,61,53,14,56,61,69,91,145,170,152,71,25,15,0,2,4,0,0
27,54,99,74,77,46,45,36,23,53,58,68,85,120,117,105,58,12,8,6,0,6,4,10
30,56,71,71,66,54,47,27,39,43,51,60,72,74,73,62,51,12,12,9,3,0,0,0
28,50,58,75,58,54,52,51,29,41,50,54,56,70,70,57,13,11,12,6,0,0,0,0
28,32,43,62,58,58,45,32,41,34,50,55,62,57,58,39,11,5,9,0,0,0,0,0
12,54,64,40,54,53,51,40,17,36,53,57,55,55,52,24,11,5,3,0,5,3,1,3
11,52,54,54,32,39,27,30,25,26,42,55,52,53,50,13,9,3,0,3,4,0,0,0
22,53,57,54,50,24,31,13,13,38,37,40,49,52,50,14,11,0,0,0,0,0,0,0
14,51,55,54,52,51,26,25,13,43,51,52,54,32,43,37,9,4,0,0,0,0,0,0
17,24,52,54,38,21,45,15,10,13,50,53,54,53,48,30,14,2,1,3,0,1,0,1
13,24,45,39,11,8,14,13,11,31,11,44,53,50,37,14,14,11,7,0,0,0,3,6
7,14,24,16,13,11,10,0,10,23,11,31,52,52,12,5,4,4,7,4,2,0,5,7
11,14,16,14,12,0,8,3,9,12,10,22,68,65,28,12,11,9,8,7,0,1,0,5

0,0,0,0,0,0,4,0,14,62,101,81,17,6,6,6,0,0,0,0,0,0,0,0
5,0,4,1,0,0,0,7,1,7,50,50,31,12,4,0,0,0,0,0,0,0,0,0
5,13,10,11,6,0,7,0,5,10,12,45,14,38,14,8,6,11,11,7,2,0,0,3
6,33,72,68,57,65,77,64,47,8,53,71,76,97,61,68,102,54,11,11,8,6,3,6
14,64,73,76,104,109,128,126,113,100,75,108,92,105,108,110,93,72,80,59,30,12,0,0
58,62,60,98,150,181,216,224,218,180,140,147,150,142,154,125,106,102,88,67,58,23,7,1
55,70,51,105,141,192,224,180,216,230,195,220,212,195,164,160,116,90,63,72,73,56,8,8
56,38,53,89,144,175,202,228,237,206,169,160,177,186,191,159,122,90,70,68,66,56,13,5
51,24,53,74,111,163,187,219,224,175,173,173,168,159,147,127,95,69,53,50,53,53,11,7
26,4,18,63,105,154,216,240,242,239,220,225,209,171,132,110,82,65,14,13,52,56,11,0
11,10,6,39,77,139,199,227,246,237,266,243,206,184,134,100,80,53,19,10,43,50,25,0
7,1,11,13,75,124,182,209,229,212,232,196,213,209,145,113,74,8,0,7,19,51,12,0
8,9,0,50,101,115,119,140,152,190,192,199,204,189,149,113,66,6,0,0,9,96,51,0
0,0,0,69,111,138,141,158,153,140,149,149,158,147,124,106,79,0,3,0,14,92,63,13
7,0,9,68,106,134,152,162,166,160,155,151,139,115,76,70,63,10,3,0,1,69,76,11
7,0,12,57,102,123,150,145,160,156,148,147,122,95,74,77,27,3,0,0,0,30,55,14
0,8,25,54,88,122,121,117,117,118,119,146,106,104,76,59,14,13,0,6,3,14,54,10
13,14,41,53,77,117,182,228,238,181,166,131,124,112,74,53,37,32,11,9,14,32,38,14
14,43,62,82,120,95,126,154,187,145,150,153,137,122,110,62,55,14,4,9,12,56,65,14
16,50,60,104,115,128,131,148,160,144,138,155,138,114,88,97,79,11,6,6,5,50,52,14
12,51,79,111,110,124,136,168,195,165,155,151,132,119,75,75,78,52,8,0,11,32,30,13
35,56,82,117,133,127,125,144,170,184,161,143,133,130,119,104,63,35,8,0,0,35,48,12
39,65,113,140,127,117,136,139,144,157,129,138,149,144,125,106,76,42,0,0,0,16,21,13
77,91,141,139,139,134,133,127,131,122,143,139,147,143,136,122,105,100,4,7,0,0,5,0
44,88,124,142,137,143,121,112,108,110,130,140,155,145,137,119,109,61,4,8,0,0,0,0
88,109,127,132,132,124,121,104,103,110,134,132,140,134,128,124,111,77,14,1,1,0,1,1
64,103,117,125,117,110,104,100,101,108,117,126,127,125,124,108,102,67,12,8,0,0,1,0
65,114,117,107,97,111,104,101,83,98,112,108,138,129,117,111,68,46,0,2,0,0,2,0
58,84,109,91,98,102,100,93,74,80,105,102,112,121,109,111,100,29,8,0,0,1,2,0
38,62,70,97,79,72,55,46,45,51,67,87,93,126,127,109,67,44,10,8,9,9,6,1
30,83,88,70,77,72,51,43,20,53,66,75,103,121,144,122,60,36,13,13,11,8,9,8
43,92,169,88,58,66,61,53,14,56,61,69,91,145,170,152,71,25,15,0,2,3,0,0
27,54,100,74,77,46,45,36,23,53,58,68,84,120,117,105,58,12,8,6,0,6,4,10
30,56,71,71,66,54,47,27,39,43,51,60,72,74,73,62,51,12,12,10,3,0,0,0
28,50,59,75,58,54,52,51,29,41,50,54,56,70,70,57,13,11,12,6,0,0,0,0
28,32,43,62,58,58,45,31,41,34,50,55,62,57,58,40,11,6,9,0,0,0,0,0
12,54,64,40,54,53,51,42,17,35,53,57,55,55,52,24,11,6,3,0,5,3,1,3
12,52,54,54,32,39,27,30,25,25,42,55,52,52,51,13,9,3,0,3,4,0,0,0
22,53,57,54,50,24,31,13,13,40,37,40,49,53,50,15,11,0,0,0,0,0,0,0
14,51,55,54,52,51,26,26,14,42,51,52,54,31,43,36,10,4,0,0,0,0,0,0
17,24,52,54,38,19,44,16,10,13,50,53,53,52,48,29,13,2,1,3,0,1,0,1
13,24,44,38,11,8,14,14,11,32,11,40,53,50,36,14,14,11,7,0,0,0,3,6
7,14,24,16,13,11,10,0,10,23,11,29,52,52,12,5,4,4,7,4,3,0,5,7
11,14,16,14,12,0,8,3,9,12,10,22,68,65,29,12,11,9,8,7,0,1,0,5

0,0,0,0,0,0,4,1,14,63,102,81,20,7,5,6,0,0,0,0,0,0,0,0
4,0,4,1,0,0,0,7,0,7,50,50,31,12,4,0,0,0,0,0,0,0,0,0
5,13,10,12,6,0,7,0,6,10,12,45,14,40,14,8,6,11,11,7,2,0,0,3
6,36,73,68,57,65,77,64,48,8,54,72,76,96,61,68,102,54,11,11,7,6,3,6
15,64,73,76,104,109,128,127,113,100,76,108,92,105,108,110,93,72,80,59,32,12,0,0
59,62,61,98,151,181,217,224,219,181,141,147,151,142,154,125,106,102,88,67,58,25,7,1
55,71,51,106,141,192,224,180,215,230,196,219,212,195,164,161,116,90,63,72,73,56,8,8
56,38,53,89,144,175,201,228,238,207,171,160,177,186,191,159,122,90,70,68,66,56,13,5
51,24,54,73,110,162,187,219,224,176,174,174,168,159,147,127,95,69,53,50,53,53,11,7
26,4,18,63,104,153,216,239,242,238,220,226,210,171,132,110,82,65,14,13,53,56,11,0
11,10,6,38,77,138,198,227,245,236,266,242,206,183,133,99,80,53,20,10,44,50,26,0
7,1,10,13,74,124,180,208,228,211,230,195,212,208,144,113,74,8,0,7,21,52,13,0
8,9,0,50,100,115,119,140,151,189,192,198,203,188,149,113,65,6,0,0,10,98,52,0
0,0,0,70,111,138,141,157,152,140,149,149,158,147,124,106,78,0,3,0,14,93,64,13
8,0,9,69,106,134,152,162,166,159,154,151,139,115,76,70,64,10,4,0,1,70,77,11
7,0,12,57,102,123,150,145,160,155,148,147,122,95,74,77,30,4,0,0,0,33,55,14
0,8,26,54,88,122,121,117,117,118,118,145,106,104,76,59,14,13,0,6,4,14,55,10
13,14,41,54,77,117,181,228,238,181,166,131,124,112,74,53,38,32,11,9,15,32,38,15
14,44,63,82,120,95,126,154,186,145,149,152,137,122,110,62,56,14,4,9,12,57,65,14
16,50,61,105,115,128,131,148,160,144,139,155,138,115,88,98,80,11,7,6,5,50,52,14
12,51,79,111,111,125,136,168,195,166,155,151,132,120,75,76,78,53,9,0,11,32,31,13
35,56,82,118,133,128,126,144,170,185,161,143,133,131,119,104,64,36,8,0,0,35,49,12
39,65,113,140,127,117,136,139,144,156,129,138,150,144,125,106,76,43,0,0,0,17,21,13
78,91,141,139,139,134,134,127,131,122,143,139,147,143,136,122,105,100,4,8,0,0,6,0
45,87,124,142,137,143,122,112,108,110,130,141,156,145,137,120,109,63,4,8,0,0,0,0
88,109,127,132,132,124,121,104,103,110,134,132,140,134,128,124,111,78,14,1,1,0,1,1
64,103,117,125,117,110,104,100,101,108,117,126,127,125,124,108,102,67,12,8,0,0,1,0
65,114,117,107,97,111,104,101,82,98,112,108,138,129,117,111,68,47,0,2,0,0,2,0
58,84,109,90,98,102,100,93,74,80,105,102,112,121,109,111,100,30,8,0,0,1,2,0
37,62,70,97,79,72,55,46,45,51,67,87,92,125,127,109,66,44,10,8,9,9,6,1
30,83,88,70,77,72,51,43,20,53,66,75,103,121,144,122,60,36,13,13,11,8,9,8
43,91,168,88,58,66,61,53,14,56,61,69,91,145,170,152,71,25,15,0,2,3,0,0
27,54,100,74,77,46,45,37,23,53,58,68,84,120,117,105,58,12,8,6,0,6,4,10
30,56,71,71,66,54,47,28,38,43,51,60,72,74,73,62,51,12,12,10,3,0,0,0
29,50,58,75,58,54,52,51,29,41,51,54,56,70,70,57,13,11,12,6,0,0,0,0
27,32,43,62,58,58,45,32,41,34,50,55,62,57,58,40,11,5,9,0,0,0,0,0
12,54,63,39,54,53,51,41,17,36,53,57,55,55,52,23,11,6,3,0,5,3,1,3
11,51,54,54,32,38,28,30,26,26,42,55,52,52,51,13,9,3,0,3,3,0,0,0
22,53,57,54,50,25,31,14,13,38,38,41,50,52,50,15,11,0,0,0,0,0,0,0
14,51,55,54,52,51,26,25,13,43,51,52,54,31,43,35,9,4,0,0,0,0,0,0
17,24,51,54,37,18,45,16,10,13,50,53,53,52,46,29,14,2,1,3,0,1,0,1
14,24,44,38,11,8,14,13,11,33,11,38,53,50,36,14,14,11,7,0,0,0,3,6
7,14,24,16,13,11,10,0,10,23,11,31,52,52,12,5,4,4,7,4,3,0,5,7
11,14,16,14,12,0,8,3,9,12,10,22,68,64,28,12,11,9,8,7,0,1,0,5

0,0,0,0,0,0,4,1,14,63,102,82,20,7,5,6,0,0,0,0,0,0,0,0
4,0,4,1,0,0,0,7,0,8,50,50,31,13,4,0,0,0,0,0,0,0,0,0
5,13,11,12,6,0,7,0,6,10,12,45,14,40,15,8,6,11,11,7,2,0,0,3
6,40,73,68,57,65,77,64,50,9,55,73,77,97,61,68,102,55,11,11,8,6,3,6
16,64,73,77,105,110,128,127,114,100,76,109,92,106,109,110,94,72,81,59,32,13,0,0
59,62,61,98,152,182,217,225,220,183,142,148,152,143,155,126,107,102,88,67,58,25,7,1
55,71,51,106,141,192,224,180,217,231,199,222,214,196,165,161,116,90,63,72,73,57,8,8
57,38,54,89,144,174,202,229,238,209,172,162,178,187,192,160,122,90,70,68,66,56,13,6
51,24,54,74,110,162,186,219,225,176,174,175,169,160,148,128,95,69,53,51,53,53,11,7
27,4,20,63,104,153,215,239,243,239,221,228,211,172,132,110,82,65,14,13,53,56,12,0
11,10,7,38,77,137,197,225,245,236,266,243,207,183,133,99,80,53,20,10,44,50,27,0
7,1,10,13,73,122,179,207,226,210,229,195,212,207,143,112,73,9,0,8,23,52,13,0
8,9,0,50,100,114,118,140,150,187,190,196,202,187,148,112,65,6,0,0,10,98,52,0
0,0,0,70,111,137,141,156,152,139,148,148,157,147,123,105,78,0,4,0,14,93,65,14
8,0,9,69,106,133,151,161,165,158,153,150,139,115,76,69,63,10,4,0,2,70,77,11
7,0,12,57,102,123,149,144,159,154,147,146,121,95,74,77,29,4,0,0,0,34,55,14
0,9,28,55,88,122,120,116,116,117,118,145,105,104,76,59,14,13,0,6,4,14,55,10
13,15,42,54,77,117,181,227,236,180,165,131,123,112,74,54,38,33,11,9,15,32,38,15
14,45,63,83,120,95,126,153,186,145,149,152,137,122,110,62,56,14,4,9,12,56,65,15
17,50,61,105,115,128,131,148,160,144,138,155,138,115,89,99,80,12,7,6,5,50,52,14
13,52,79,112,111,125,137,169,196,166,155,151,133,120,76,76,79,54,9,0,11,32,31,13
35,56,83,118,134,129,126,145,171,186,161,144,133,131,119,104,64,36,8,0,0,35,49,12
39,65,113,140,127,117,136,140,145,157,129,139,151,145,125,107,76,43,0,0,0,16,21,13
78,91,141,139,139,135,134,127,131,122,143,139,147,144,137,122,105,100,4,8,0,0,6,1
45,87,124,142,137,143,122,113,108,110,131,141,156,145,137,120,109,64,4,8,0,0,0,0
88,109,127,132,132,124,121,104,103,110,134,132,140,134,128,125,111,78,14,1,2,0,1,1
64,103,117,125,117,110,104,100,101,108,117,126,127,125,124,108,102,67,12,8,0,0,1,0
65,114,117,107,97,111,104,101,82,98,112,108,138,129,117,111,69,47,0,2,0,0,2,0
58,84,109,91,98,102,100,94,74,80,105,102,112,121,109,111,100,31,8,0,0,1,2,0
37,62,70,97,79,72,55,46,45,51,67,86,92,125,127,109,66,44,10,8,9,8,7,1
30,83,88,70,77,72,51,43,20,53,66,75,103,121,143,121,59,37,13,13,11,8,9,8
43,91,168,88,58,66,61,53,14,56,61,68,91,145,170,152,71,25,14,0,2,4,0,0
27,54,99,74,77,46,45,37,24,53,58,68,84,120,117,105,58,12,8,6,0,6,4,10
30,56,71,71,66,55,47,27,39,43,51,60,72,74,73,62,51,12,12,10,3,0,0,0
28,50,59,75,58,54,52,51,29,41,50,54,56,70,70,57,13,11,12,6,0,0,0,0
28,32,43,62,58,58,45,32,41,34,50,55,62,57,58,40,11,5,9,0,0,0,0,0
12,54,63,39,54,53,51,40,17,36,53,57,55,55,52,24,11,5,3,0,5,3,1,3
11,52,54,54,32,39,27,30,26,26,41,55,52,53,50,13,9,3,0,3,3,0,0,0
22,53,57,54,50,24,31,13,13,40,37,40,49,52,50,14,11,0,0,0,0,0,0,0
14,51,55,54,52,51,26,26,14,41,51,52,54,31,43,36,9,3,0,0,0,0,0,0
17,24,51,54,37,19,46,16,10,13,50,53,54,52,47,29,14,2,1,3,0,1,0,1
13,24,44,39,11,8,14,14,11,31,11,40,53,50,35,14,14,11,7,0,0,0,3,6
7,14,24,16,13,11,10,0,10,23,11,32,52,52,12,5,4,4,7,4,3,0,5,7
11,14,16,14,12,0,8,3,9,12,10,22,68,64,28,12,11,9,8,7,0,1,0,5

0,0,0,0,0,0,4,0,14,63,102,82,20,7,5,6,0,0,0,0,0,0,0,0
4,0,4,1,0,0,0,7,0,7,50,50,31,12,4,0,0,0,0,0,0,0,0,0
4,13,11,12,6,0,7,0,6,10,12,45,14,41,15,9,6,11,12,7,2,0,0,3
6,42,73,68,58,66,78,64,48,9,55,72,78,98,61,68,102,55,11,12,8,6,3,6
17,65,73,77,105,110,129,127,114,101,77,109,93,106,109,110,94,73,81,59,32,13,0,0
59,63,61,99,153,182,219,226,222,184,143,150,153,143,155,126,107,102,88,67,58,26,8,2
55,71,52,106,142,193,225,181,219,234,200,224,215,197,165,162,116,91,63,72,73,57,8,8
57,38,54,89,144,175,203,230,240,210,173,162,179,187,193,160,122,90,70,68,66,56,13,6
52,24,54,74,110,162,187,219,226,177,176,176,171,161,149,128,95,69,54,51,53,53,12,7
28,4,22,63,104,152,215,240,243,240,223,230,214,173,132,110,82,65,14,13,53,56,12,0
11,10,7,38,76,136,195,225,245,236,267,244,208,183,132,98,80,53,23,11,45,50,27,0
7,1,10,13,73,121,178,206,225,209,227,194,212,207,143,112,73,9,0,8,25,52,14,0
8,9,0,50,100,114,118,139,149,186,189,195,201,187,147,112,65,6,0,0,11,99,52,0
0,0,0,69,111,137,140,154,151,138,147,147,156,146,123,105,77,0,4,1,18,94,65,14
8,0,8,69,106,133,150,159,163,158,151,149,138,115,76,69,63,10,5,0,2,71,77,12
7,0,12,57,102,122,149,143,157,153,146,145,121,94,74,77,30,4,0,0,0,37,55,14
0,9,29,55,88,122,120,116,116,116,117,144,104,103,76,59,14,13,0,7,4,15,55,11
13,16,43,55,78,117,180,226,236,179,164,130,123,112,74,54,38,33,12,9,15,33,38,15
15,45,64,84,121,95,125,152,186,144,148,152,137,122,110,62,57,14,4,9,12,57,65,17
17,51,61,105,116,129,131,147,160,144,138,155,138,115,90,100,81,12,7,7,5,50,52,14
13,52,80,112,111,126,137,169,195,166,155,152,133,120,76,77,79,55,9,0,11,32,31,13
36,56,83,118,134,130,127,146,172,186,162,145,134,132,120,104,65,38,9,0,0,36,50,12
39,65,113,140,128,118,137,141,145,157,129,139,151,145,126,107,77,44,0,0,0,17,21,13
79,91,142,139,139,135,134,127,132,122,144,140,148,144,137,122,106,100,4,8,0,0,6,1
45,87,124,142,137,143,122,113,108,110,131,141,156,145,137,120,109,66,4,8,0,0,0,0
89,109,127,132,132,124,121,104,103,111,134,132,140,134,128,125,112,79,14,1,1,0,1,1
64,103,117,125,117,110,104,100,101,108,117,126,127,125,124,108,102,68,12,8,0,0,1,0
65,114,117,107,97,111,104,101,84,97,112,108,138,129,117,111,69,47,0,2,0,0,2,0
58,84,109,90,98,102,100,94,74,80,105,102,112,121,109,111,100,31,8,0,0,1,2,0
37,62,70,97,79,72,55,46,45,51,67,86,93,126,127,109,66,44,10,8,9,9,7,1
30,83,88,70,78,72,51,42,20,53,66,75,103,121,143,121,59,36,13,13,11,8,9,9
43,91,168,88,58,66,61,54,14,56,61,69,91,145,170,152,71,25,14,0,2,3,0,0
26,54,99,74,77,46,45,38,23,53,58,68,85,120,117,105,58,12,8,6,0,6,4,10
30,56,71,71,66,54,47,27,39,43,51,60,72,74,73,62,51,12,12,10,3,0,0,0
28,49,59,75,58,54,52,51,29,40,51,54,56,70,70,57,13,11,12,6,0,0,0,0
28,32,43,62,58,58,45,32,40,34,50,55,62,57,58,39,11,5,9,0,0,0,0,0
12,54,63,40,54,53,51,41,17,35,53,57,55,55,52,23,11,5,3,0,5,3,1,3
11,51,54,54,32,39,26,32,25,25,42,55,52,52,50,13,9,3,0,3,3,0,0,0
22,52,57,54,50,24,31,13,13,40,36,41,49,52,50,14,11,0,0,0,0,0,0,0
14,51,55,54,52,51,26,25,13,43,51,52,54,31,43,35,9,3,0,0,0,0,0,0
17,24,51,53,37,18,45,16,10,14,50,52,53,52,46,29,13,2,0,3,0,0,0,1
13,24,44,38,10,8,13,13,11,32,12,38,53,50,36,14,14,11,7,0,0,0,3,6
7,14,24,16,13,11,10,0,10,23,11,32,52,52,12,5,4,4,7,4,2,0,5,7
11,14,16,14,12,0,8,3,9,12,10,22,68,65,29,12,11,9,8,7,0,1,0,5

0,0,0,0,0,0,4,0,14,63,102,82,20,7,5,6,0,0,0,0,0,0,0,0
3,0,4,1,0,0,0,7,0,7,50,50,29,12,4,0,0,0,0,0,0,0,0,0
4,13,11,12,6,0,7,0,6,10,12,45,14,41,16,9,6,12,12,7,3,0,0,3
6,45,73,69,58,66,78,65,50,9,55,73,78,98,62,68,102,55,11,12,8,6,3,6
17,65,73,77,106,111,129,128,114,101,77,109,93,106,109,110,94,73,81,60,32,13,0,0
59,63,61,100,154,183,219,226,222,184,143,150,153,143,155,126,107,103,88,67,58,27,8,2
55,71,52,106,142,193,226,182,219,235,200,224,216,196,165,162,117,91,63,72,73,57,8,8
57,38,54,89,144,175,203,230,240,210,173,162,179,187,193,160,123,90,70,69,67,56,13,6
52,25,54,74,110,161,187,219,225,177,175,176,170,161,149,128,95,70,54,51,53,53,12,7
28,4,24,63,104,152,215,240,243,241,223,231,215,173,132,110,82,65,16,13,53,56,12,0
11,10,7,37,76,135,195,225,245,237,267,245,208,183,132,98,80,54,24,11,46,50,27,0
7,1,10,13,72,120,177,206,225,207,227,195,213,206,142,112,73,9,0,8,26,53,14,0
8,9,0,50,100,113,118,139,149,185,188,194,201,187,147,112,64,6,0,0,11,99,53,0
0,0,0,69,111,137,140,153,150,138,147,147,155,146,123,105,77,0,4,1,19,94,65,14
8,0,8,69,106,132,149,159,162,157,150,148,138,114,75,69,62,10,5,0,2,70,77,12
7,0,13,57,102,122,148,142,157,152,146,145,120,94,74,76,29,4,0,0,0,38,55,14
0,9,30,55,88,122,119,115,115,116,117,143,104,103,76,59,15,14,0,7,4,16,56,11
13,17,44,55,78,118,179,225,235,178,163,130,123,112,75,54,39,33,12,9,15,33,38,16
15,46,64,84,121,95,125,152,185,144,148,151,137,122,111,63,57,14,5,9,12,57,65,18
17,51,61,106,116,129,131,147,159,144,138,155,138,116,90,100,82,12,7,7,5,51,52,14
13,52,80,112,112,126,137,169,195,167,155,152,133,120,77,77,80,55,10,0,11,32,31,13
36,56,83,118,134,130,127,145,172,186,162,145,134,132,120,105,65,37,9,0,0,36,49,12
40,65,113,140,128,118,137,141,145,158,130,139,152,145,126,107,77,45,0,1,0,18,22,13
79,91,142,140,139,135,134,128,132,122,144,140,148,144,137,122,106,100,5,8,0,1,6,1
45,87,124,142,137,143,122,113,108,110,131,141,156,145,137,120,109,66,4,8,0,0,0,0
88,109,127,132,132,124,121,104,103,110,134,133,140,134,128,125,112,81,14,1,2,0,1,2
65,103,117,125,117,110,104,100,101,108,117,126,127,125,124,108,102,68,12,8,0,0,1,0
65,114,117,107,97,111,104,101,83,98,112,108,138,129,117,111,69,50,0,2,0,0,2,0
58,84,109,90,98,102,100,93,74,80,105,102,112,121,109,111,100,31,8,0,0,1,2,0
37,62,70,97,79,72,55,46,45,51,67,86,93,126,127,109,66,46,10,8,9,9,7,1
30,83,88,70,78,72,51,43,21,53,66,75,103,121,143,121,60,36,13,13,11,8,9,9
43,91,167,88,58,66,61,53,14,56,61,69,91,144,169,152,71,25,15,0,2,4,0,0
26,54,99,74,77,46,45,38,23,53,58,68,84,120,117,104,58,12,8,6,0,6,4,10
30,56,71,71,66,55,47,27,39,43,51,60,72,74,73,61,51,12,12,10,3,0,0,0
28,49,58,75,58,54,52,51,29,40,50,54,56,70,69,57,13,11,12,6,0,0,0,0
28,32,43,62,58,58,44,32,40,34,50,55,62,57,58,38,10,5,9,0,0,0,0,0
12,54,63,40,54,53,51,42,17,36,53,57,55,55,52,22,11,5,3,0,5,3,1,3
11,51,54,54,32,39,28,30,25,26,41,55,52,53,50,13,9,3,0,3,3,0,0,0
22,52,57,54,50,24,31,14,13,39,36,40,49,52,50,14,11,0,0,0,0,0,0,0
14,50,55,54,52,51,26,25,13,42,51,52,54,31,43,36,9,3,0,0,0,0,0,0
17,24,51,53,37,18,45,16,9,13,50,53,53,52,47,29,13,2,0,3,0,0,0,1
13,24,44,38,11,8,13,13,11,31,11,41,53,50,35,14,14,11,7,0,0,0,3,6
7,14,24,16,13,11,10,0,10,23,11,32,52,52,12,5,3,4,7,4,2,0,5,7
11,14,16,14,12,0,8,3,9,12,10,23,68,64,28,12,11,9,8,7,0,1,0,5

0,0,0,0,0,0,4,1,14,64,103,83,22,7,5,6,0,0,0,0,0,0,0,0
3,0,4,1,0,0,0,7,0,8,50,51,32,12,4,0,0,0,0,0,0,0,0,0
4,13,11,12,6,0,7,0,6,10,13,46,14,41,16,9,6,12,12,7,3,0,0,3
6,47,74,68,58,66,78,65,50,9,56,73,78,98,61,69,102,56,12,12,8,6,3,6
18,65,74,77,107,111,129,128,114,101,77,109,93,106,109,110,95,73,81,60,34,13,0,0
60,63,61,100,154,183,219,226,222,184,143,150,153,143,156,126,107,103,89,67,58,28,8,2
56,72,52,106,142,193,226,181,219,235,201,225,216,196,165,162,117,91,63,73,73,57,9,9
57,39,54,89,144,175,203,230,240,210,173,162,179,187,193,160,123,90,70,69,66,56,14,6
52,25,54,74,110,162,187,219,225,176,175,175,170,160,148,128,95,70,54,52,54,54,12,8
29,5,24,63,104,152,215,240,243,241,223,230,213,173,132,110,82,65,16,13,53,56,13,0
11,10,7,38,76,136,195,225,245,237,266,244,209,184,133,98,80,54,25,11,46,51,28,0
7,1,10,13,72,121,177,206,226,208,227,195,214,208,143,112,73,9,0,8,28,53,14,0
8,10,0,50,100,113,118,139,149,185,188,194,201,188,147,112,64,6,0,0,11,100,53,1
0,0,0,70,111,137,140,153,150,138,147,147,155,146,123,105,77,0,4,2,22,94,65,14
8,0,8,69,106,132,149,159,162,157,150,148,138,114,75,69,63,10,5,0,2,71,78,12
8,0,13,57,102,122,148,142,157,152,146,145,120,94,73,76,30,4,0,0,0,40,55,14
0,10,30,55,88,122,119,115,115,116,116,143,104,103,76,59,15,14,0,7,5,17,56,11
14,18,44,55,78,118,180,225,235,178,163,130,123,112,75,55,39,33,12,10,16,33,38,16
16,46,64,84,121,95,125,152,185,144,148,151,137,122,111,63,57,15,5,10,12,57,65,16
18,51,61,106,116,129,131,147,159,144,138,156,138,116,90,100,82,12,8,7,5,51,52,14
13,52,80,112,112,126,137,169,195,167,155,152,133,120,77,77,80,56,10,0,11,32,31,13
36,56,83,118,134,130,127,145,172,186,162,145,134,132,120,105,65,38,9,0,0,36,50,12
39,65,113,140,128,118,137,141,145,157,130,139,152,145,126,107,77,45,0,1,0,18,22,13
78,91,142,140,139,135,134,128,132,122,144,140,148,144,137,122,106,100,5,9,0,1,6,1
45,87,124,142,137,143,122,113,108,110,131,141,156,145,137,120,109,66,4,8,0,0,0,0
88,109,127,132,132,124,121,104,103,111,134,132,140,134,128,125,112,81,14,1,2,0,1,2
64,103,117,125,117,110,104,100,101,108,117,126,127,125,124,108,102,68,12,8,0,0,1,0
65,114,117,107,97,111,104,101,83,97,112,108,138,129,117,111,68,48,0,2,0,0,3,0
58,84,109,90,98,102,100,94,74,80,105,102,112,121,109,111,100,33,8,0,0,1,3,0
37,62,70,97,79,72,55,46,45,51,67,87,93,125,127,109,67,46,10,8,9,9,7,1
30,84,89,70,78,72,51,44,20,53,66,75,103,121,144,122,60,37,13,13,11,9,9,9
43,91,167,88,58,66,61,53,14,56,61,69,91,144,170,151,71,25,15,0,2,4,0,0
26,54,99,74,77,46,45,38,23,53,58,68,85,120,117,104,58,12,8,6,0,6,4,10
30,56,71,71,66,54,47,28,39,43,51,60,72,74,73,62,51,12,12,10,3,0,0,0
28,49,58,75,58,54,51,51,29,40,51,54,56,70,70,57,13,11,12,6,0,0,0,0
27,32,43,62,58,58,45,32,41,34,50,55,62,57,58,39,10,5,9,0,0,0,0,0
12,54,63,39,54,53,51,41,17,35,53,57,55,55,52,23,11,5,3,0,5,3,1,3
11,51,54,54,32,39,27,32,25,26,42,55,52,52,50,13,9,3,0,3,3,0,0,0
22,53,57,54,50,24,31,13,13,38,37,41,49,52,50,14,11,0,0,0,0,0,0,0
14,50,55,54,52,51,26,26,13,43,51,52,54,31,43,35,9,3,0,0,0,0,0,0
17,24,51,54,38,18,45,15,9,14,47,52,53,52,46,29,13,2,0,3,0,0,0,1
13,24,45,39,11,8,14,13,11,31,11,43,53,50,36,14,14,11,7,0,0,0,3,6
7,14,24,16,13,11,10,0,10,23,11,31,52,52,12,5,3,4,6,4,2,0,5,7
11,14,16,14,12,0,8,3,9,12,10,24,68,65,29,12,11,9,8,7,0,1,0,5

0,0,0,0,0,0,4,1,14,66,103,85,26,7,6,6,0,0,0,0,0,0,0,0
3,0,4,1,0,0,0,8,0,8,50,51,36,13,4,0,0,0,0,0,0,0,0,0
4,13,11,12,6,0,7,0,6,10,13,45,14,41,15,9,6,12,11,7,3,0,0,3
6,47,73,68,57,65,77,64,46,9,54,72,77,97,61,68,102,55,11,12,8,6,3,6
18,65,73,77,105,109,128,127,114,100,76,109,92,106,109,110,94,73,81,60,34,13,0,0
60,63,61,99,152,183,219,225,220,182,141,148,151,142,156,126,107,103,88,67,58,29,8,2
56,71,52,106,143,194,226,181,217,232,197,221,213,195,165,162,117,91,63,72,73,57,9,9
57,38,54,90,146,176,204,231,239,208,170,160,177,186,192,160,123,90,70,69,67,56,14,6
52,25,54,74,111,164,187,220,225,175,174,173,168,159,148,128,95,70,54,52,54,53,12,8
29,5,22,63,104,154,218,240,242,239,220,226,210,172,132,110,82,65,15,14,53,56,13,0
11,10,7,40,77,138,198,227,246,237,266,243,207,184,134,99,80,54,25,11,47,51,30,0
7,1,10,14,74,123,180,208,228,211,229,195,213,210,144,112,74,9,1,8,28,53,18,0
8,10,0,51,100,114,119,140,151,188,191,197,202,188,149,113,65,7,0,0,11,99,53,2
0,0,0,70,111,137,140,156,152,139,148,148,157,147,124,105,80,0,4,2,20,94,66,15
8,0,9,69,106,133,151,161,165,159,153,150,139,115,76,70,64,10,5,0,2,71,78,12
8,0,13,58,102,123,149,144,159,154,147,146,122,95,74,77,33,4,0,0,0,40,55,15
0,9,29,55,88,122,120,116,117,117,118,145,105,104,76,59,17,13,0,7,5,17,56,11
14,16,43,55,78,118,181,227,236,180,165,131,124,112,74,54,38,33,12,10,16,33,38,16
15,45,63,83,120,95,125,153,186,145,149,152,137,122,110,62,57,17,5,10,12,56,65,19
17,51,61,105,115,128,131,147,160,144,138,155,138,115,89,99,81,12,8,7,6,51,52,14
13,52,79,112,111,125,136,168,195,166,155,152,133,120,76,76,79,54,10,0,12,32,31,13
36,56,82,118,133,129,126,144,170,185,162,144,134,131,119,104,64,37,9,0,1,37,49,12
39,65,113,140,127,117,136,140,144,156,129,138,150,145,126,107,77,44,0,1,0,18,22,13
78,91,141,139,139,134,134,127,131,122,143,139,147,143,137,122,106,100,5,9,0,1,6,1
45,87,124,142,137,143,122,113,108,110,130,140,156,145,137,120,109,64,4,8,0,0,0,0
88,109,127,132,132,124,121,104,103,110,134,132,140,134,128,124,111,79,14,1,2,0,1,2
64,103,117,125,117,110,104,100,101,108,117,126,127,125,124,108,102,68,12,8,0,0,2,0
65,114,117,107,97,111,104,101,83,97,112,108,138,129,117,111,68,47,0,3,0,0,3,0
58,84,109,91,98,102,100,93,75,80,104,102,112,121,109,111,100,31,8,0,0,1,3,0
37,62,70,97,79,72,55,46,45,51,67,86,92,125,127,109,67,44,10,8,9,9,7,1
30,84,89,70,77,72,51,43,21,53,66,75,103,121,144,122,60,37,13,13,11,9,9,9
43,91,168,88,58,66,61,54,14,57,61,68,91,145,170,151,71,25,15,0,2,4,0,0
27,54,99,74,77,46,46,38,23,53,58,68,84,120,116,104,58,12,8,6,0,6,4,10
30,56,71,71,66,54,47,28,39,43,51,60,72,74,73,62,51,12,12,9,3,0,0,0
28,50,58,75,58,54,51,51,29,39,51,54,56,70,70,57,13,11,12,6,0,0,0,0
28,32,43,62,58,58,44,32,41,34,50,55,62,57,58,39,11,5,9,0,0,0,0,0
12,54,63,40,54,53,51,42,17,36,53,57,55,55,52,24,11,5,3,0,5,3,1,3
12,51,54,54,32,39,28,30,25,26,42,55,52,52,51,13,9,3,0,3,3,0,0,0
22,53,57,54,50,24,31,14,13,40,37,40,48,53,50,14,11,0,0,0,0,0,0,0
14,51,55,54,52,51,26,26,13,42,51,52,54,31,43,36,9,3,0,0,0,0,0,0
17,24,52,54,38,20,45,16,10,13,50,53,54,52,47,30,13,2,0,3,0,0,0,1
14,24,45,39,11,8,13,13,11,31,11,41,53,50,36,14,14,11,7,0,0,0,3,6
7,14,24,16,13,11,10,0,10,23,11,32,52,52,13,5,3,4,6,4,2,0,5,7
11,14,17,14,12,0,8,3,9,12,10,24,68,65,29,12,11,9,8,7,0,1,0,5

0,0,0,0,0,0,4,1,15,67,104,87,29,8,5,5,0,0,0,0,0,0,0,0
3,0,4,1,0,0,0,8,0,9,50,51,37,13,4,0,0,0,0,0,0,0,0,0
4,13,11,12,7,0,7,0,6,10,13,46,14,43,15,9,5,12,11,7,3,0,0,3
6,50,74,68,58,65,76,64,44,8,54,71,76,96,61,68,102,56,11,12,8,6,3,6
19,65,73,77,104,108,128,127,113,100,75,108,91,105,109,110,94,73,81,60,34,13,0,0
60,64,61,98,151,183,219,224,217,179,138,146,149,142,155,126,107,103,89,67,58,29,8,2
56,72,52,106,143,195,226,180,216,229,193,217,212,194,164,161,117,91,63,72,73,57,9,9
57,38,54,90,146,176,204,230,238,204,167,159,176,185,191,159,122,90,70,68,66,56,14,6
52,25,54,74,112,165,188,220,224,174,171,171,166,158,147,127,95,70,54,52,54,54,12,8
30,5,22,63,104,155,219,240,242,238,218,223,206,170,131,110,82,65,16,14,53,56,14,0
11,10,7,40,77,139,199,228,246,237,267,242,205,183,134,99,80,53,23,11,47,51,30,0
8,1,10,14,75,125,182,209,231,213,233,197,212,210,145,113,74,9,2,9,27,53,18,0
8,10,0,51,101,115,119,141,153,192,194,201,205,188,150,113,67,8,0,0,11,100,53,3
0,0,0,70,111,138,142,159,154,140,150,150,160,148,124,106,82,0,5,2,20,94,67,18
8,0,10,69,106,134,153,164,168,162,157,153,140,116,76,70,65,10,6,0,2,70,78,13
8,0,13,59,102,124,151,146,162,157,149,149,124,96,74,78,34,5,0,0,0,40,55,15
0,8,26,54,88,123,122,118,119,120,120,147,107,105,77,59,18,13,0,7,5,17,56,11
14,14,41,54,77,118,183,230,239,183,168,133,125,112,74,53,38,32,12,10,16,33,38,16
14,43,62,81,120,95,126,155,188,146,150,154,137,122,110,62,55,16,6,10,12,58,65,17
17,50,60,104,115,128,131,148,161,144,139,156,138,115,88,97,80,12,8,7,6,50,52,14
12,51,78,111,110,124,135,167,195,165,155,151,132,120,75,76,78,53,9,0,12,32,31,13
35,56,82,117,132,127,125,143,169,184,161,142,132,131,119,104,64,36,9,0,1,36,49,13
38,65,112,140,127,116,135,138,144,156,129,138,149,144,125,106,75,43,0,1,0,19,23,13
78,91,141,139,138,134,133,126,130,121,142,139,147,143,136,122,105,100,4,9,0,1,7,2
45,87,124,142,137,143,122,112,107,110,130,140,155,145,137,120,109,63,4,8,0,0,0,0
88,109,127,132,132,124,121,104,103,110,134,132,139,134,128,124,111,78,14,1,2,0,2,2
64,103,117,125,117,110,104,100,101,108,117,125,127,125,124,108,102,67,12,8,0,0,2,0
65,114,117,107,97,111,104,101,82,98,112,107,138,129,117,111,68,47,0,3,0,0,3,0
58,84,109,91,98,102,100,94,75,79,105,102,111,121,109,111,100,31,8,0,0,1,3,0
37,62,70,97,79,72,55,47,45,51,67,86,92,125,127,109,67,46,10,9,9,9,7,2
30,84,89,70,77,72,51,42,20,53,66,75,102,121,144,123,60,37,13,13,11,9,9,9
43,92,169,88,58,66,61,54,14,56,61,68,91,145,170,152,71,25,16,0,2,4,0,0
27,54,99,74,77,46,45,38,24,53,58,68,84,119,116,105,58,12,8,6,0,6,4,10
30,56,71,71,66,54,47,28,39,43,51,60,72,74,73,62,51,12,12,10,3,0,0,0
29,50,59,75,58,54,52,51,30,41,50,53,55,70,70,57,13,11,12,6,0,0,0,0
28,32,43,62,58,58,45,32,41,34,50,55,62,57,58,41,11,6,9,0,0,0,0,0
13,54,63,39,54,53,51,41,17,36,53,57,55,55,52,25,11,5,3,0,5,3,1,3
12,51,54,54,32,39,27,32,25,25,42,55,52,52,51,13,9,3,0,3,3,0,0,0
22,53,57,54,50,24,31,14,13,38,37,41,49,52,50,15,11,0,0,0,0,0,0,0
14,51,55,54,52,51,26,27,13,43,51,52,54,32,42,36,9,3,0,0,0,0,0,0
18,24,51,54,39,18,44,16,10,13,50,53,53,52,48,29,13,2,1,3,0,0,0,1
14,24,45,39,11,8,14,13,11,32,11,41,53,50,36,14,14,11,7,0,0,0,3,6
7,14,24,16,13,11,10,0,10,23,11,32,52,52,13,5,3,4,6,4,2,0,5,7
11,14,17,14,12,0,8,3,9,12,10,22,68,65,29,12,11,9,8,7,0,1,0,5

0,0,0,0,0,0,4,2,16,68,105,87,32,8,5,5,0,0,0,0,0,0,0,0
3,0,4,1,0,0,0,8,0,9,51,51,39,13,4,0,0,0,0,0,0,0,0,0
4,13,11,12,7,0,7,0,6,10,13,48,14,43,15,9,5,11,11,8,3,0,0,3
6,50,74,68,58,65,77,64,44,9,54,72,77,97,61,68,102,55,11,12,8,6,3,6
19,65,74,77,106,110,128,127,113,100,76,108,92,105,109,110,94,73,82,60,34,13,0,0
60,64,61,99,152,182,218,222,217,179,139,146,150,141,154,125,107,102,88,67,58,30,8,3
56,72,52,106,142,193,224,179,215,229,194,217,210,193,163,160,116,91,63,72,73,57,9,9
57,38,54,89,144,175,201,228,236,204,169,159,176,185,190,158,122,90,70,69,67,56,14,6
52,25,54,74,110,162,186,218,224,174,173,172,166,157,146,127,94,69,54,52,54,54,12,8
30,4,22,63,104,153,216,239,242,237,219,223,206,169,131,110,82,65,16,14,54,56,14,1
11,10,6,39,77,138,198,227,246,237,267,241,204,182,133,99,80,53,24,11,47,51,30,0
8,2,10,14,75,124,181,209,231,213,233,196,212,209,145,113,74,10,2,9,28,53,19,0
8,10,0,50,101,115,119,141,153,192,194,201,204,188,149,113,67,8,0,0,11,100,54,4
0,0,0,70,111,138,142,160,154,141,151,150,160,148,124,106,84,0,5,3,22,94,68,20
8,0,11,69,106,134,154,164,168,162,157,153,141,117,77,70,66,10,6,0,3,70,79,13
8,0,13,59,103,124,152,147,162,158,150,149,124,96,75,78,37,5,0,0,0,38,55,16
0,9,27,55,89,123,122,119,119,120,121,148,108,105,77,59,20,13,0,7,5,18,56,11
14,14,41,54,77,118,183,230,240,184,169,134,126,113,74,53,38,32,12,10,16,33,38,16
14,43,63,82,120,95,126,155,188,147,152,154,137,122,110,62,56,16,6,10,13,56,65,18
17,50,60,104,115,128,131,149,161,144,139,156,138,115,88,97,80,12,8,7,6,51,52,14
12,51,78,111,110,124,136,167,195,166,155,151,132,120,75,76,78,53,9,0,12,32,31,13
35,56,82,117,132,127,125,143,169,185,160,143,133,131,119,104,64,36,9,0,0,36,49,12
39,65,112,140,127,116,135,138,144,155,129,138,149,144,125,106,76,43,0,2,0,19,24,14
78,91,141,139,139,134,133,126,130,121,142,139,147,143,136,122,105,100,4,9,0,1,7,2
45,87,124,142,137,143,122,112,107,110,130,140,155,145,137,120,109,64,4,8,0,0,0,0
88,108,127,132,132,124,121,104,103,110,133,132,139,134,128,124,111,78,14,1,2,0,2,3
64,102,117,125,117,110,104,100,101,108,117,125,127,125,124,108,102,67,12,8,0,0,2,0
65,114,117,107,97,111,104,101,83,98,112,107,138,129,116,111,68,47,0,3,0,0,3,0
58,84,109,90,98,102,100,93,74,80,104,102,111,121,109,111,100,30,8,0,0,1,3,0
37,62,70,97,79,72,55,46,45,51,67,86,92,125,126,109,67,46,10,9,9,9,7,2
30,84,89,70,77,72,51,42,21,53,66,75,102,121,144,122,60,37,13,13,11,9,10,9
43,92,169,88,58,66,61,54,14,56,61,68,91,144,170,152,71,26,16,0,2,4,0,0
27,54,99,74,77,46,45,38,24,53,58,68,84,119,117,104,58,12,8,6,0,6,4,10
30,56,71,71,66,54,47,28,39,43,51,60,72,74,73,62,51,12,12,10,3,0,0,0
29,50,58,75,58,54,51,51,30,41,51,53,55,70,70,57,13,11,12,6,0,0,0,0
28,32,43,62,58,58,44,32,41,34,50,55,62,57,58,41,11,6,9,0,0,0,0,0
13,54,63,40,54,53,51,41,17,35,53,57,55,55,52,25,11,5,3,0,5,3,1,3
12,52,54,54,32,39,28,30,24,25,41,55,52,52,51,13,9,3,0,3,3,0,0,0
22,53,57,54,50,24,31,14,13,38,37,41,49,52,50,14,11,0,0,0,0,0,0,0
14,51,55,54,52,51,26,26,14,43,51,52,54,32,42,35,9,3,0,0,0,0,0,0
18,24,52,54,38,19,44,16,10,14,48,52,53,52,46,29,13,2,0,3,0,0,0,1
14,24,45,39,11,8,14,13,11,32,11,41,53,50,36,14,14,11,7,0,0,0,3,6
7,14,24,16,13,11,10,0,10,23,11,32,52,52,13,5,3,4,6,4,2,0,5,7
11,14,18,14,12,0,8,3,9,12,10,25,68,65,30,12,11,9,8,7,0,1,0,5

0,0,0,0,0,0,4,2,16,68,105,87,31,8,5,5,0,0,0,0,0,0,0,0
3,0,4,1,0,0,0,8,0,9,51,51,40,13,3,0,0,0,0,0,0,0,0,0
4,13,11,12,7,0,7,0,6,10,13,48,14,43,15,9,6,12,11,8,3,0,0,3
6,50,74,69,58,65,77,64,45,9,54,72,77,97,61,68,102,56,11,12,8,6,3,6
19,65,74,77,105,109,128,127,113,100,76,108,92,105,109,110,94,73,81,60,34,13,0,0
60,64,61,98,151,183,218,223,218,181,140,147,150,142,155,126,107,103,88,67,58,30,8,3
56,72,52,106,142,194,225,179,215,230,196,219,212,194,164,161,117,91,63,73,73,57,9,9
57,39,54,90,145,175,202,228,237,206,171,161,177,186,191,159,122,90,70,69,67,56,14,6
52,25,54,74,111,163,186,219,224,174,174,173,168,158,147,127,95,70,54,52,54,54,13,8
31,5,23,63,104,153,216,239,242,238,219,225,208,170,131,110,82,65,17,14,54,56,14,1
11,10,7,38,76,137,197,226,245,236,266,242,205,182,132,98,80,53,26,11,48,51,31,1
8,1,10,13,74,122,179,208,229,211,231,195,211,208,144,112,73,10,2,9,29,54,22,0
8,10,0,50,100,114,119,140,152,190,192,198,203,187,148,112,66,7,0,0,12,100,54,4
0,0,0,70,111,138,141,158,154,140,149,149,159,147,124,106,84,0,5,3,24,95,68,20
8,0,10,70,106,134,153,162,167,161,155,152,140,116,76,70,65,10,6,0,3,71,80,13
8,0,13,59,103,124,151,146,161,157,149,148,124,96,75,78,36,5,0,0,0,40,55,16
0,9,29,55,89,123,121,118,119,119,120,147,107,105,77,59,19,13,0,7,5,19,56,11
14,15,42,54,78,118,182,229,239,183,167,133,125,113,75,54,38,32,13,10,16,33,39,16
15,45,63,82,120,95,126,154,187,146,150,153,137,123,110,62,56,16,6,10,13,56,65,17
17,50,61,105,115,128,131,148,161,144,139,156,138,115,89,98,80,12,8,7,6,50,52,14
13,52,79,112,111,125,136,168,196,167,155,151,132,120,76,76,79,55,10,0,12,32,31,13
36,56,83,118,133,128,125,144,170,185,161,143,133,131,119,104,64,37,9,0,1,36,49,12
39,65,113,140,127,117,136,139,144,156,129,138,150,144,125,107,77,44,0,2,0,19,24,13
78,91,141,139,139,134,134,126,131,121,143,139,147,143,137,122,105,100,5,9,0,1,7,2
45,87,124,142,137,143,122,112,107,110,130,140,155,145,137,120,109,64,4,8,0,0,0,0
90,108,127,132,132,124,121,104,103,110,134,132,139,134,128,125,112,79,14,1,2,0,2,2
64,103,117,125,117,110,104,100,101,108,117,126,127,125,124,108,102,69,12,8,0,0,2,0
65,114,117,107,97,111,104,101,83,97,112,107,138,129,117,111,69,47,0,3,0,0,3,0
58,84,109,91,98,102,100,93,74,80,104,102,111,121,109,110,100,31,8,0,0,1,3,0
37,62,70,97,79,72,55,46,45,51,67,86,92,125,127,109,66,44,10,9,9,9,7,2
30,84,89,70,77,72,51,42,20,53,66,75,102,121,144,122,60,36,13,13,11,9,10,9
43,91,168,88,58,66,61,54,14,56,61,68,91,144,170,151,71,25,16,0,2,4,0,0
27,54,99,74,77,46,45,38,24,53,58,68,84,120,116,104,58,12,8,6,0,6,4,10
30,56,71,71,66,54,47,28,39,43,51,60,72,74,73,62,51,12,12,10,3,0,0,0
28,50,59,75,58,54,52,51,30,41,51,54,55,70,70,57,13,11,12,6,0,0,0,0
28,32,43,62,58,58,45,32,41,35,50,55,62,57,58,40,11,5,9,0,0,0,0,0
12,54,63,39,54,53,51,42,17,36,53,57,55,55,52,23,11,5,3,0,5,3,1,3
12,51,54,54,32,40,28,30,26,25,42,55,52,52,51,13,9,3,0,3,3,0,0,0
22,53,57,54,50,24,31,14,13,38,37,40,49,52,50,14,11,0,0,0,0,0,0,0
14,50,55,54,52,51,26,26,14,44,51,52,54,32,42,36,9,3,0,0,0,0,0,0
17,24,51,54,38,18,44,16,10,13,48,53,53,52,48,29,13,2,0,3,0,0,0,1
14,24,44,39,11,8,14,13,11,31,11,40,53,50,36,14,14,11,7,0,0,0,3,6
7,14,24,16,13,11,10,0,10,23,11,32,52,52,13,5,3,4,6,4,2,0,5,7
11,14,17,14,12,0,8,3,9,11,10,23,67,65,29,12,11,9,8,7,0,1,0,5

0,0,0,0,0,0,4,2,17,69,105,87,31,8,5,5,0,0,0,0,0,0,0,0
2,0,5,1,0,0,0,8,0,9,51,52,43,13,4,0,0,0,0,0,0,0,0,0
4,13,11,12,7,0,7,0,6,10,13,46,14,43,16,9,5,12,11,8,3,0,0,3
7,50,74,69,58,65,77,64,45,9,55,73,78,96,61,68,102,56,11,12,8,6,3,6
20,65,74,78,107,111,129,127,113,100,77,109,92,105,109,110,94,73,81,60,37,13,0,0
60,64,62,100,153,183,218,223,218,182,141,148,151,142,155,126,107,103,89,67,58,30,8,3
56,72,52,106,142,193,223,180,216,231,198,222,213,195,164,161,117,91,63,73,73,57,9,9
58,39,54,89,144,174,201,228,237,208,171,160,177,186,191,159,122,90,70,69,67,56,14,6
52,26,54,74,110,161,185,218,224,175,174,174,169,159,147,127,95,70,54,53,54,54,13,8
31,5,23,63,104,151,214,239,242,240,223,229,211,171,131,110,82,65,16,14,54,56,14,1
12,10,7,39,76,135,195,225,246,237,268,243,207,182,132,98,80,54,26,11,48,51,31,1
8,1,10,13,73,121,178,207,227,210,229,195,212,207,143,112,73,10,2,9,30,54,23,0
8,10,0,50,100,114,118,140,151,188,190,196,202,187,148,112,65,7,0,0,12,100,54,5
0,0,0,70,111,137,141,156,152,139,148,148,157,147,124,105,81,0,5,3,25,94,68,22
8,0,10,70,106,133,151,161,165,159,154,151,139,116,76,70,65,10,6,0,3,71,80,13
8,0,13,59,102,123,150,145,160,155,148,147,123,95,74,78,37,5,0,0,0,43,55,17
0,10,31,56,88,122,121,117,117,118,119,146,106,105,76,59,19,13,0,7,5,19,56,11
14,17,44,55,78,119,181,228,237,181,166,132,125,113,75,54,38,32,13,10,17,33,38,17
16,45,64,84,121,96,126,154,186,145,150,153,137,123,111,62,57,16,6,10,13,56,65,19
18,51,61,105,116,129,131,148,160,144,139,156,138,116,90,100,82,13,8,7,6,50,52,14
13,52,80,112,111,126,137,169,196,166,156,153,133,120,76,77,80,56,10,0,12,33,31,13
36,56,83,118,134,129,126,144,171,186,161,145,134,132,120,105,65,37,9,0,1,36,49,13
40,65,113,140,127,118,136,140,145,157,129,139,151,145,126,107,77,45,0,2,0,21,24,13
78,91,142,140,139,135,134,127,131,122,143,139,147,144,137,122,106,100,5,9,0,2,7,2
45,87,124,142,137,143,122,113,108,110,130,141,156,145,137,120,109,66,4,8,0,0,0,0
90,109,127,132,132,124,121,104,103,110,134,132,139,134,128,124,112,81,14,1,2,0,2,3
64,103,117,125,117,110,104,100,101,108,117,125,127,125,124,108,102,69,12,8,0,0,2,0
65,114,117,107,98,111,104,101,83,98,112,107,138,128,117,111,69,50,0,3,0,0,3,0
58,84,109,91,98,102,100,94,75,80,105,102,111,121,109,110,100,31,8,0,0,2,3,0
37,62,70,97,79,72,55,46,45,51,67,86,92,125,126,109,66,46,10,9,9,9,7,2
30,84,89,70,77,72,51,42,20,53,66,75,103,121,144,122,60,36,13,13,11,9,10,9
43,91,168,88,58,66,61,53,14,56,61,68,91,145,170,151,71,25,15,0,2,4,0,0
26,54,99,74,77,46,45,39,24,53,58,68,84,120,116,104,58,12,8,6,0,6,4,10
30,56,71,71,66,54,47,28,40,43,51,60,72,74,73,62,51,12,12,10,3,0,0,0
28,50,58,75,58,54,52,51,29,42,51,53,56,70,70,57,13,11,12,6,0,0,0,0
28,32,43,62,58,58,45,32,41,35,50,55,62,57,58,38,11,5,9,0,0,0,0,0
13,54,63,39,54,53,51,41,17,36,53,57,55,55,52,23,11,5,3,0,5,3,1,3
11,51,54,54,32,39,28,30,25,25,42,55,52,52,50,13,9,3,0,3,3,0,0,0
22,52,57,54,50,24,31,14,13,38,36,40,49,52,50,14,11,0,0,0,0,0,0,0
14,51,55,54,52,51,26,25,13,43,51,52,54,32,42,35,9,3,0,0,0,0,0,0
17,24,52,54,37,19,44,16,10,13,50,53,54,52,47,30,13,2,0,3,0,0,0,1
14,24,44,40,10,8,13,13,11,32,11,40,53,50,34,14,14,11,7,0,0,0,3,6
7,14,24,16,13,11,10,0,10,23,11,32,52,52,13,5,3,4,6,4,2,0,5,7
11,14,16,14,12,0,8,3,9,12,10,22,67,65,29,12,11,9,8,7,0,1,0,5

0,0,0,0,0,0,4,2,18,70,105,88,33,8,5,5,0,0,0,0,0,0,0,0
2,0,4,1,0,0,0,8,0,9,51,51,41,13,4,0,0,0,0,0,0,0,0,0
4,13,11,12,7,0,7,0,6,10,13,50,14,44,16,9,5,12,11,8,3,0,0,3
7,50,74,69,58,65,77,64,45,9,55,73,78,98,61,68,102,57,11,12,8,6,3,6
21,65,74,78,107,111,129,127,114,100,77,109,92,105,109,110,95,74,82,61,37,13,0,0
60,64,62,100,154,183,217,223,218,181,141,148,151,142,154,126,107,103,89,67,58,31,8,3
56,72,52,106,142,192,223,179,215,231,198,223,214,194,163,161,117,91,63,73,73,57,9,9
58,39,54,89,144,174,201,228,237,207,171,162,178,186,191,159,122,90,70,69,67,56,14,7
52,26,54,74,110,161,185,218,223,174,174,175,170,159,148,128,95,70,54,53,54,54,13,8
32,5,25,63,103,150,214,239,243,240,223,232,214,173,131,110,82,65,18,14,54,57,14,1
12,10,7,38,75,134,194,224,246,238,268,244,208,183,132,98,80,54,26,11,48,51,31,2
8,1,10,13,72,120,176,206,227,210,228,194,213,208,143,112,73,10,2,9,31,54,28,1
9,10,0,50,100,113,118,139,150,187,189,195,201,188,148,112,65,7,0,0,12,100,55,5
0,0,0,70,111,137,140,155,151,139,148,148,156,147,123,105,80,0,5,3,26,94,68,23
8,0,10,71,106,133,151,160,164,159,152,150,139,115,76,70,64,10,6,0,3,71,80,13
8,0,13,59,102,123,149,144,159,154,147,147,122,95,74,77,34,5,0,0,0,43,55,17
0,10,32,56,89,123,120,116,117,118,118,145,106,105,76,59,19,14,0,7,6,19,56,11
14,19,45,56,79,119,181,227,236,180,165,132,125,113,75,55,39,32,13,10,17,33,38,17
16,46,65,84,121,96,125,153,186,145,149,152,137,123,111,63,57,17,6,10,13,57,65,19
18,51,62,106,116,129,131,147,160,144,139,156,139,116,90,100,82,13,8,7,6,51,51,14
13,53,81,113,111,126,137,169,196,167,156,153,133,120,77,77,80,57,10,0,12,32,31,13
36,56,84,118,134,130,127,145,171,186,162,145,134,132,120,105,65,38,9,0,1,36,49,13
41,65,113,141,128,118,137,140,145,157,129,139,152,145,126,107,78,46,0,3,0,20,24,13
79,91,142,140,139,135,134,127,132,122,143,140,148,144,137,122,106,100,5,9,0,2,7,2
45,87,124,142,137,143,122,113,108,110,131,141,156,145,137,120,109,67,5,8,0,0,0,0
90,109,127,132,132,124,121,104,103,110,134,132,139,134,128,125,112,82,14,1,2,0,2,3
65,102,117,125,117,110,104,100,101,108,117,126,127,125,124,108,102,69,12,8,0,0,2,0
65,114,117,107,97,111,104,101,83,98,112,107,138,128,117,111,68,50,0,3,0,0,3,0
58,84,109,90,98,102,100,94,75,80,105,102,111,121,109,110,100,33,8,0,0,2,3,0
37,62,70,97,79,72,55,46,45,51,67,86,92,125,127,109,67,46,10,9,9,9,7,2
30,84,89,70,78,72,51,43,20,53,66,75,103,121,144,122,60,37,13,13,11,9,10,9
43,91,167,88,58,66,61,54,14,56,61,68,91,144,169,151,71,25,15,0,2,4,0,0
26,54,98,74,77,46,46,38,23,53,58,68,84,119,116,104,58,12,8,6,0,6,4,10
29,56,71,71,66,55,47,28,39,43,51,60,72,74,73,61,51,12,12,10,3,0,0,0
28,49,58,75,58,54,52,51,29,41,51,54,55,70,69,57,13,11,12,6,0,0,0,0
27,32,43,62,58,58,44,32,41,34,50,55,62,57,58,39,10,5,9,0,0,0,0,0
12,54,63,39,54,53,51,41,17,36,53,57,55,55,52,24,11,5,3,0,5,3,1,3
11,51,54,54,32,39,27,30,24,25,41,55,52,52,50,13,9,3,0,3,3,0,0,0
22,52,57,54,50,24,31,14,13,38,37,40,49,52,50,14,11,0,0,0,0,0,0,0
14,50,55,54,52,51,26,25,13,43,51,52,54,32,43,34,9,3,0,0,0,0,0,0
17,24,51,53,37,18,44,16,10,14,48,52,53,52,46,28,13,2,0,3,0,0,0,1
13,24,44,40,10,8,14,13,11,34,11,40,53,50,36,14,14,11,7,0,0,0,3,6
7,14,24,16,13,11,10,0,10,23,11,32,52,52,12,4,3,4,6,4,2,0,5,7
11,14,16,14,12,0,8,3,9,12,10,22,67,65,29,12,11,9,8,7,0,1,0,5

0,0,0,0,0,0,4,3,20,71,106,90,36,8,5,5,0,0,0,0,0,0,0,0
2,0,4,1,0,0,0,8,0,9,51,52,44,13,4,0,0,0,0,0,0,0,0,0
4,13,11,12,7,1,7,0,6,10,13,51,14,45,18,9,5,12,11,8,3,0,0,3
7,50,74,69,58,65,77,64,44,9,56,74,79,98,61,69,102,57,11,12,8,6,3,6
21,65,74,78,108,111,129,127,114,101,77,110,93,106,109,110,95,74,82,61,38,13,0,0
61,65,62,100,154,183,217,222,217,182,142,148,152,142,155,126,107,103,89,67,58,31,9,3
56,72,52,106,142,192,223,179,215,232,200,224,214,194,163,161,117,91,63,73,73,57,9,9
57,39,54,89,143,173,200,226,236,206,172,162,177,186,191,159,122,90,70,69,67,56,14,7
52,26,54,74,110,160,185,217,223,174,175,174,168,159,147,128,95,70,54,53,54,54,13,8
32,5,24,63,103,150,212,238,243,241,223,230,213,172,131,110,82,65,18,14,54,56,15,1
12,10,7,38,75,134,194,224,246,238,269,245,208,183,132,98,80,54,27,11,49,51,31,2
8,1,10,13,72,119,175,207,227,209,228,195,214,207,142,112,73,10,2,9,32,54,27,1
9,10,0,50,100,113,118,139,150,186,189,195,202,188,147,112,65,7,0,0,12,100,54,6
0,0,0,70,111,137,140,154,151,139,147,147,156,147,123,105,80,0,5,4,29,94,68,23
8,0,11,71,106,133,150,160,164,159,152,149,139,115,76,70,65,10,6,0,3,72,79,13
8,0,13,60,102,123,149,143,158,154,147,146,122,95,74,77,36,5,0,0,0,44,56,18
0,10,34,56,89,123,120,116,117,117,118,145,106,104,76,59,20,14,0,7,6,20,56,11
14,20,45,56,79,120,181,227,236,180,165,132,125,113,76,55,39,32,13,10,17,33,38,17
17,47,65,85,121,96,125,153,186,144,149,153,137,123,111,63,57,18,6,10,13,58,65,19
18,51,62,106,116,129,131,147,160,144,139,156,139,116,91,100,82,13,8,8,6,51,52,14
13,53,81,113,112,126,137,169,196,167,156,153,134,121,77,77,80,57,10,0,12,32,31,13
36,57,84,119,135,130,127,145,171,186,162,145,134,133,121,105,65,38,9,0,1,36,48,13
40,65,113,140,128,118,137,141,145,157,129,139,152,145,126,107,78,47,0,3,0,20,23,13
79,91,142,140,139,135,134,127,132,122,143,140,148,144,137,122,106,100,5,9,0,1,7,1
45,88,124,142,137,143,122,113,108,110,131,141,156,145,137,120,109,70,5,8,0,0,0,0
91,109,127,132,132,124,121,104,103,110,134,132,139,134,128,125,112,82,14,1,2,0,2,3
65,103,117,125,117,110,104,100,101,108,117,126,127,125,124,108,102,70,12,8,0,0,2,0
65,114,117,107,97,111,104,101,83,98,112,107,138,129,116,111,69,50,0,3,0,0,3,0
58,84,109,90,98,102,100,93,75,80,105,102,111,121,109,110,100,33,8,0,0,2,4,0
37,62,70,96,79,72,55,46,45,51,67,86,92,125,127,109,67,46,10,9,9,9,7,2
30,84,89,70,78,72,51,43,21,53,66,75,103,121,144,122,60,36,13,13,11,9,10,9
43,91,167,88,58,66,61,54,14,56,61,68,91,145,169,151,71,25,14,0,2,4,0,0
26,54,98,74,77,46,45,39,25,53,58,68,84,119,116,104,58,12,8,6,0,6,4,10
29,56,71,71,66,55,47,28,39,42,51,60,72,74,73,61,51,12,12,10,3,0,0,0
28,49,58,75,58,54,51,51,29,40,51,54,55,70,69,57,13,11,12,6,0,0,0,0
28,32,43,62,58,58,45,32,41,34,50,56,62,57,58,39,11,5,9,0,0,0,0,0
12,54,63,39,54,53,51,40,17,35,53,57,55,55,52,22,11,5,3,0,5,3,1,3
12,51,54,54,32,39,28,32,24,26,42,55,52,52,51,13,9,3,0,3,4,0,0,0
22,52,57,54,50,24,31,13,13,38,37,40,49,52,50,14,11,0,0,0,0,0,0,0
14,50,55,54,52,51,26,27,13,41,51,52,54,31,43,34,9,3,0,0,0,0,0,0
17,24,51,54,37,18,44,15,10,13,47,53,53,52,46,29,13,2,0,3,0,0,0,1
14,24,44,40,10,8,13,13,11,31,11,41,53,50,35,14,14,11,7,0,0,0,3,6
7,14,24,16,13,11,10,0,10,23,11,32,52,52,12,4,3,4,6,4,2,0,5,7
11,14,17,14,12,0,8,3,9,12,10,25,68,65,30,12,11,9,8,7,0,1,0,5

0,0,0,0,0,0,4,3,21,72,107,90,37,8,5,5,0,0,0,0,0,0,0,0
2,0,4,1,0,0,0,8,0,10,51,52,44,13,4,0,0,0,0,0,0,0,0,0
4,13,11,12,7,1,7,0,6,10,13,48,14,45,17,9,5,12,11,8,3,0,0,3
7,51,74,68,58,66,78,64,44,9,55,73,78,97,61,69,102,57,12,12,8,6,3,6
21,65,74,78,108,112,130,128,114,101,76,109,92,106,109,110,95,74,82,61,38,13,0,0
61,65,62,100,155,183,217,222,217,181,141,148,151,142,155,126,107,103,89,67,58,32,9,3
56,72,52,107,142,192,223,179,215,230,198,223,213,194,163,161,117,92,63,73,73,58,9,9
58,39,54,90,144,174,200,226,235,205,171,162,178,186,191,159,122,90,70,69,67,56,15,7
52,26,54,74,110,161,185,217,222,174,174,174,168,158,147,127,95,70,54,53,54,54,13,8
32,5,25,63,104,151,213,238,242,240,222,228,210,171,131,110,82,65,18,14,54,57,15,2
12,10,7,40,76,135,195,225,247,238,270,244,207,183,133,98,80,54,27,11,48,51,31,2
8,1,10,14,73,121,178,208,229,211,230,195,213,210,144,112,73,10,2,9,31,54,29,1
9,10,0,50,100,114,118,140,151,188,190,196,202,188,149,113,66,8,0,0,12,100,54,6
0,0,0,71,111,137,141,156,152,139,148,148,157,147,124,105,83,0,5,4,29,94,69,25
8,0,11,71,106,133,151,161,165,160,153,150,139,116,76,70,65,10,6,0,3,71,80,13
8,0,13,59,102,123,150,144,159,155,148,147,123,95,74,77,36,5,0,0,0,44,56,19
0,10,32,56,89,123,121,117,117,118,118,146,106,105,76,59,20,13,0,8,6,20,56,11
14,19,44,56,78,119,181,228,237,180,166,132,125,113,75,54,39,32,13,10,17,33,38,17
16,46,64,84,121,96,126,153,186,145,149,153,137,123,111,63,57,17,6,10,13,57,65,19
18,51,61,106,116,129,131,148,160,144,139,156,139,116,90,100,82,13,9,8,6,51,52,14
13,52,80,112,111,126,137,169,195,167,156,152,133,120,76,77,80,57,10,0,12,32,31,13
36,56,83,118,134,129,126,144,171,186,161,144,134,132,120,105,65,38,9,0,1,37,49,12
40,65,113,140,127,118,136,140,145,156,129,138,150,145,126,107,77,46,0,3,0,19,22,13
79,91,141,139,139,135,134,127,131,122,143,139,147,144,137,122,106,100,5,9,0,1,7,1
45,87,124,142,137,143,122,113,108,110,130,140,156,145,137,120,109,66,5,8,0,0,0,0
90,109,127,132,132,124,121,104,103,110,134,132,139,134,128,125,112,81,14,1,2,0,2,3
65,102,117,125,117,110,104,100,101,108,117,125,127,125,124,108,102,68,12,8,0,0,3,0
65,114,117,107,97,111,104,101,83,98,112,107,138,128,116,111,69,50,0,3,0,0,4,0
58,84,109,90,98,102,100,93,75,80,104,102,111,120,109,110,100,33,8,0,0,2,4,0
37,62,70,97,79,72,55,46,45,51,66,86,92,125,126,109,67,46,10,9,9,9,8,2
30,84,89,70,77,72,51,42,21,53,66,75,102,121,144,122,60,37,13,13,11,9,10,9
43,92,168,88,58,66,61,54,14,56,61,68,91,145,170,151,71,25,16,0,2,4,0,0
27,54,98,74,77,46,45,39,25,53,58,68,84,119,116,104,58,12,8,6,0,6,4,10
30,56,71,71,66,55,47,28,39,43,51,60,72,74,73,62,50,12,12,10,3,0,0,0
29,50,58,75,58,54,52,51,30,41,51,54,55,70,70,57,13,11,12,6,0,0,0,0
28,32,43,62,58,58,45,32,41,34,50,55,62,57,58,39,11,5,9,0,0,0,0,0
13,54,63,39,54,53,51,42,17,35,53,57,55,55,52,24,11,5,3,0,5,3,1,3
12,51,54,54,32,39,28,30,25,26,41,55,52,52,50,13,9,3,0,3,3,0,0,0
22,53,57,54,50,24,31,13,13,39,36,41,49,52,50,14,11,0,0,0,0,0,0,0
14,51,55,54,52,51,26,25,14,42,51,52,54,32,43,34,9,3,0,0,0,0,0,0
17,24,52,54,37,18,45,15,10,13,47,53,53,52,46,29,13,2,0,3,0,0,0,1
14,24,45,40,11,8,14,13,11,32,11,40,53,50,35,14,14,11,7,0,0,0,3,6
7,14,25,16,13,11,10,0,10,23,11,33,52,52,12,5,3,4,6,4,2,0,5,7
11,14,16,14,12,0,8,3,9,12,10,22,67,65,30,12,11,9,8,7,0,1,0,5

0,0,0,0,0,0,4,3,22,74,108,92,40,8,5,5,0,0,0,0,0,0,0,0
2,0,4,1,0,0,0,8,0,10,51,52,45,14,4,0,0,0,0,0,0,0,0,0
4,13,11,12,7,1,7,0,6,10,13,50,14,44,17,9,5,12,11,8,3,0,0,3
7,51,74,69,58,66,79,65,46,9,54,73,78,97,61,68,102,57,11,12,8,6,3,6
21,65,74,78,108,112,130,128,114,101,76,109,92,105,109,110,95,74,82,61,37,13,0,0
61,65,62,101,155,183,218,224,219,181,141,148,151,141,154,125,107,103,89,67,58,32,9,3
56,72,52,107,142,192,223,179,215,230,196,221,212,193,163,160,117,91,63,73,73,57,9,9
58,39,54,90,143,173,200,226,235,204,169,160,176,185,190,159,122,90,70,69,67,56,16,7
52,26,54,74,110,161,185,217,222,173,172,172,166,157,147,127,95,70,54,53,54,54,13,8
32,5,26,64,104,151,214,238,241,238,220,224,207,170,131,110,82,65,18,14,54,56,16,1
12,10,7,40,76,137,197,225,246,238,267,241,205,183,134,99,80,54,26,11,48,51,31,2
8,1,10,14,75,123,180,209,230,211,231,195,212,210,145,113,74,10,3,10,32,54,28,1
9,10,0,51,101,114,119,140,152,190,192,198,203,188,150,113,67,8,0,0,12,100,55,6
0,0,0,70,111,138,141,158,153,140,149,149,159,148,124,106,87,0,5,4,30,94,68,23
8,0,11,70,106,134,153,163,167,161,156,152,141,116,77,71,66,10,6,0,3,72,78,13
8,0,13,60,103,124,151,146,161,156,149,148,124,96,75,78,37,5,0,0,0,44,55,19
0,9,30,55,89,123,121,118,118,119,120,147,107,105,77,59,20,13,0,8,6,21,56,12
14,16,43,55,78,119,182,229,239,182,168,134,126,113,75,54,38,32,13,10,17,33,38,18
15,44,63,83,120,95,126,154,187,146,150,154,138,123,110,62,56,18,7,10,13,58,65,23
18,51,61,105,115,129,131,148,160,144,139,156,138,115,89,99,81,13,9,8,6,51,52,14
13,52,79,112,111,125,136,168,195,166,155,152,133,120,76,76,79,55,10,0,12,32,32,13
36,56,83,118,133,128,126,144,170,185,161,143,133,131,119,104,65,37,9,0,1,37,50,13
39,65,113,140,127,117,136,139,144,156,129,138,150,144,126,107,76,45,0,3,0,19,23,13
78,91,141,139,139,134,134,126,131,121,143,139,147,143,137,122,106,100,5,10,0,1,7,1
45,87,124,142,137,143,122,112,107,110,130,140,155,145,137,120,109,66,4,9,0,0,0,0
89,109,127,132,132,124,121,104,103,110,134,132,139,134,128,125,111,81,14,1,2,0,2,3
64,102,117,125,117,110,104,100,101,108,117,125,127,125,124,108,102,69,12,8,0,0,3,0
65,114,117,107,97,111,104,101,84,98,112,107,138,128,116,111,69,48,0,3,0,0,4,0
58,84,109,90,98,102,100,94,75,80,104,102,111,121,109,111,100,33,8,0,0,2,4,0
37,62,70,97,79,72,55,47,45,51,67,86,92,125,126,109,66,46,10,9,9,9,8,2
30,84,89,70,77,72,51,42,21,53,66,75,102,121,144,122,60,37,13,13,11,9,10,9
43,92,169,88,58,66,61,54,14,57,61,68,91,144,170,152,71,26,16,0,2,4,0,0
27,54,99,74,77,46,45,39,25,53,58,68,84,120,117,104,58,12,8,6,0,6,4,10
30,56,71,71,66,55,47,28,41,43,51,60,72,74,73,62,51,12,12,10,3,0,0,0
29,50,58,75,58,54,52,51,30,42,51,53,55,70,70,57,13,11,12,6,0,0,0,0
28,32,43,62,58,58,45,32,42,36,50,55,62,57,58,41,11,6,9,0,0,0,0,0
13,54,63,39,54,53,51,42,17,35,53,57,55,55,52,25,11,5,3,0,5,3,1,3
12,51,54,54,32,39,28,30,25,25,42,55,52,52,51,13,9,3,0,3,3,0,0,0
22,53,57,54,50,24,31,14,13,39,37,40,49,52,50,14,11,0,0,0,0,0,0,0
14,51,55,54,53,51,26,27,14,42,51,52,54,31,43,36,9,3,0,0,0,0,0,0
18,24,51,54,38,19,45,16,10,13,50,53,53,53,48,29,13,2,0,3,0,0,0,1
14,24,45,40,11,8,14,13,11,32,11,41,53,50,35,14,14,11,7,0,0,0,3,6
7,14,24,16,13,11,10,0,10,23,11,31,52,52,13,5,3,4,6,4,3,0,5,7
11,14,17,14,12,0,8,3,9,12,10,24,68,65,29,12,11,9,8,7,0,1,0,5

0,0,0,0,0,0,4,3,23,75,108,94,41,8,5,5,0,0,0,0,0,0,0,0
2,0,4,1,0,0,0,8,0,10,51,52,45,14,4,0,0,0,0,0,0,0,0,0
4,13,11,12,7,1,7,0,6,9,14,50,14,44,17,9,6,12,11,8,3,0,0,3
7,51,74,69,58,66,80,65,48,10,55,73,78,97,61,69,102,57,12,12,8,6,3,7
21,66,74,78,108,112,131,129,115,101,77,109,93,106,109,110,95,74,82,61,39,13,0,0
61,65,62,101,155,183,219,225,221,184,142,148,151,142,154,126,107,103,89,67,58,32,9,3
56,72,52,107,142,192,223,179,215,230,196,219,211,193,163,160,117,91,63,73,73,57,9,9
58,39,54,89,143,173,199,226,235,204,169,158,175,185,190,158,122,90,70,69,67,56,14,7
52,26,54,74,110,160,184,216,221,173,172,171,165,157,146,127,95,70,54,53,54,54,13,8
31,5,25,63,104,151,213,237,240,236,217,222,205,169,131,110,82,65,17,14,54,57,15,1
12,10,7,40,76,137,197,226,245,236,265,240,203,182,133,99,80,54,27,11,48,51,30,3
8,1,10,14,75,124,181,209,230,212,231,194,211,209,145,113,74,10,3,9,31,54,22,1
9,11,0,51,101,115,119,141,153,191,193,199,203,188,150,113,67,8,0,0,12,100,54,5
0,0,0,70,111,138,142,159,154,141,150,150,160,148,124,106,86,0,5,4,31,94,67,20
8,0,11,70,106,134,154,164,168,162,157,153,141,117,77,71,66,10,7,0,3,73,77,12
8,0,13,59,103,124,152,146,162,158,150,149,125,96,75,78,38,5,0,0,0,45,55,16
0,9,29,55,89,123,122,118,119,120,121,148,108,106,77,59,21,13,0,8,6,21,56,12
14,15,42,54,78,119,183,231,240,183,169,134,126,113,75,54,38,32,13,10,18,33,38,17
15,44,63,82,120,95,126,155,188,147,152,154,138,123,110,62,56,18,7,10,13,58,65,23
17,50,61,105,115,128,131,148,161,145,139,156,138,115,89,98,81,13,9,8,6,50,52,15
13,51,79,111,110,125,136,168,196,166,155,152,132,120,75,76,79,55,10,0,12,32,32,13
36,56,82,118,133,128,125,143,170,185,161,143,133,131,119,104,64,37,9,0,1,37,49,13
39,65,113,140,127,117,135,138,144,156,129,138,149,144,125,107,76,45,0,3,0,19,24,14
78,91,141,139,139,134,134,126,131,121,142,139,147,143,137,122,106,100,5,10,0,1,8,3
45,87,124,142,137,143,122,112,107,110,130,140,155,145,137,120,109,66,4,9,0,0,0,0
89,108,127,132,132,124,121,104,103,110,134,132,139,134,128,125,112,81,14,1,2,0,2,3
64,102,117,125,117,110,104,100,101,108,117,125,127,125,124,108,102,68,12,8,0,0,3,0
65,114,117,107,97,110,104,101,83,97,112,107,138,128,116,111,69,48,0,3,0,0,4,0
58,84,109,90,98,102,100,95,75,80,104,102,111,121,109,110,100,33,8,0,0,2,4,0
37,62,70,97,79,72,55,46,45,51,67,86,92,125,126,109,66,46,10,9,9,9,8,2
30,84,89,70,77,72,51,43,21,53,66,75,102,121,144,122,60,36,13,13,11,9,10,9
43,92,169,88,58,66,61,54,14,56,61,68,91,145,170,151,71,26,16,0,2,4,0,0
27,54,99,74,77,46,46,40,25,53,58,68,84,119,116,104,58,12,8,6,0,6,4,10
30,56,71,71,66,54,47,28,40,43,51,60,72,74,73,62,51,12,12,10,3,0,0,0
28,50,59,75,58,54,52,51,30,41,51,53,55,70,70,57,13,11,12,6,0,0,0,0
28,32,43,62,58,58,45,32,41,34,50,55,62,57,58,41,11,6,9,0,0,0,0,0
13,54,63,39,54,53,51,42,17,35,53,57,55,55,52,24,11,6,3,0,5,3,1,3
12,51,54,54,32,39,28,30,25,25,41,55,52,52,51,13,9,3,0,3,3,0,0,0
22,53,57,54,50,24,31,14,13,38,37,41,49,52,50,14,11,0,0,0,0,0,0,0
14,51,55,54,52,51,26,27,14,41,51,52,54,31,43,36,9,3,0,0,0,0,0,0
18,24,51,54,39,19,44,16,10,14,50,53,53,53,48,29,13,2,0,3,0,0,0,1
14,24,45,40,11,8,14,13,11,33,11,41,53,50,35,14,14,11,7,0,0,0,3,6
7,14,24,16,13,11,10,0,10,23,11,33,52,52,13,5,3,4,6,4,2,0,5,7
11,14,17,14,12,0,8,3,9,12,10,22,67,65,30,12,11,9,8,7,0,1,0,5

0,0,0,0,0,0,4,3,25,76,109,95,44,8,6,5,0,0,0,0,0,0,0,0
2,0,4,1,0,0,0,8,0,10,51,52,45,14,4,0,0,0,0,0,0,0,0,0
4,13,11,12,7,1,7,0,7,10,13,50,14,45,17,9,6,12,11,8,3,0,0,3
7,52,75,69,58,66,80,65,47,10,56,74,79,97,61,68,102,57,12,12,8,6,3,6
22,66,74,78,108,113,131,129,115,102,78,109,93,106,109,110,95,74,82,61,38,13,0,0
61,65,62,101,155,184,219,225,222,185,143,149,152,142,155,126,107,103,89,67,58,32,9,3
56,72,52,107,142,192,223,179,215,231,198,221,212,194,163,161,117,91,63,73,73,57,9,9
58,39,54,89,143,173,200,226,236,206,171,160,177,185,190,159,122,90,70,69,67,56,15,7
52,26,54,74,110,160,185,216,222,174,174,173,166,158,147,127,95,70,54,53,54,54,13,8
32,5,25,63,104,150,213,237,241,237,219,223,206,170,131,110,82,65,18,14,54,56,16,2
12,10,7,40,76,136,196,225,245,235,264,240,204,182,133,99,80,54,27,11,48,51,31,3
8,1,10,14,74,123,179,208,228,210,229,193,211,209,144,113,73,10,2,9,32,54,24,1
9,10,0,51,100,114,119,140,151,189,191,197,202,187,149,113,67,8,0,0,12,100,54,6
0,0,0,70,111,138,141,157,153,140,149,149,158,148,124,106,86,0,5,4,31,94,68,22
8,0,11,71,106,134,153,162,167,161,155,152,141,116,77,71,66,10,7,0,3,72,78,13
8,0,13,60,102,124,151,146,161,156,149,148,124,96,75,78,38,5,0,0,0,45,55,17
0,10,31,56,89,123,121,118,118,119,120,147,107,105,77,59,22,13,0,8,6,23,56,12
14,17,43,55,78,119,182,230,239,182,168,133,126,113,75,54,38,32,13,10,17,33,38,18
16,45,64,83,121,95,126,155,187,146,150,154,138,123,111,62,57,18,7,10,13,58,65,22
18,51,61,105,115,129,131,148,161,144,139,157,139,116,89,99,82,13,9,8,6,51,52,14
13,52,80,112,111,125,137,168,196,167,156,152,133,120,76,76,79,56,10,0,12,32,32,13
36,56,83,118,134,129,126,144,171,186,161,144,133,132,120,104,65,38,9,0,1,36,49,13
39,65,113,140,127,118,136,139,145,156,129,138,150,145,126,107,77,46,0,3,0,19,23,14
78,91,141,140,139,135,134,127,131,121,143,139,147,143,137,122,106,100,5,10,0,1,7,2
45,87,124,142,137,143,122,113,107,110,130,140,156,145,137,120,109,67,4,9,0,0,0,0
89,109,127,132,132,124,121,104,103,110,134,132,139,134,128,125,111,81,14,1,2,0,2,3
65,102,117,125,117,110,104,100,101,108,117,125,127,124,124,108,102,68,12,8,0,0,3,0
65,114,117,107,97,111,104,101,83,98,111,107,138,128,116,111,68,50,0,3,0,0,4,0
58,84,109,90,98,102,100,94,75,80,104,102,111,120,109,110,100,33,8,0,0,2,4,0
37,62,70,96,79,72,55,46,45,51,66,86,92,125,126,109,66,44,10,9,9,9,8,2
30,84,89,70,77,72,51,43,21,53,66,75,103,121,143,122,60,37,13,13,11,9,10,9
43,91,168,88,58,66,61,54,14,56,61,68,91,144,170,151,71,26,15,0,2,4,0,0
26,54,99,74,77,46,45,39,24,53,58,68,84,119,116,104,58,12,8,6,0,6,5,10
30,56,71,72,66,55,47,28,39,43,51,60,72,74,73,62,51,12,12,10,3,0,0,0
29,50,58,75,58,54,51,51,30,41,51,54,55,70,70,57,13,11,12,6,0,0,0,0
28,32,43,62,58,58,46,32,41,35,50,55,62,57,58,40,11,6,9,0,0,0,0,0
13,54,63,39,54,53,51,42,17,35,53,57,55,55,52,24,11,5,3,0,5,3,1,3
12,51,53,54,32,40,28,30,25,26,42,55,52,52,51,13,9,3,0,3,3,0,0,0
22,52,57,54,50,24,31,14,13,37,37,41,49,52,50,14,11,0,0,0,0,0,0,0
14,51,55,54,52,51,26,26,14,43,51,52,54,31,43,36,9,3,0,0,0,0,0,0
18,24,51,54,38,19,44,16,10,14,47,53,53,53,47,29,13,2,0,3,0,0,0,1
14,24,44,39,11,8,14,13,11,32,11,43,53,50,36,14,14,11,7,0,0,0,3,6
7,14,24,16,13,11,10,0,10,23,11,32,52,52,12,5,3,4,6,4,3,0,5,7
11,14,17,14,12,0,8,3,9,12,10,23,67,65,30,12,11,9,8,7,0,1,0,5

0,0,0,0,0,0,4,3,25,77,109,94,42,8,6,5,0,0,0,0,0,0,0,0
2,0,4,1,0,0,0,8,1,10,51,52,47,14,4,0,0,0,0,0,0,0,0,0
4,13,12,12,7,2,7,0,7,10,14,52,15,44,16,9,6,12,11,8,4,0,0,3
7,51,75,69,58,66,80,65,46,10,56,74,79,97,61,69,102,57,12,12,8,6,3,7
22,65,74,78,108,113,131,129,115,101,77,109,93,106,109,110,95,74,82,61,38,13,0,0
61,65,62,101,155,184,218,225,221,185,143,149,152,142,155,126,107,103,89,67,58,33,9,4
56,72,53,106,142,192,223,180,215,232,199,222,212,193,163,161,117,91,63,73,73,57,9,9
58,39,54,89,143,173,200,227,237,208,172,161,177,186,191,159,122,90,71,69,67,56,16,7
52,26,54,73,110,159,185,217,223,175,174,174,168,158,147,127,95,70,54,53,54,54,13,8
32,5,26,63,103,150,212,237,241,238,221,226,209,170,131,110,82,65,18,14,54,57,17,2
12,10,7,40,76,135,195,224,245,235,265,241,205,183,133,98,80,54,28,11,49,51,31,3
8,1,10,14,74,122,178,207,227,209,227,193,211,208,144,112,73,10,2,10,32,54,25,1
9,10,0,50,100,114,118,140,151,187,190,196,201,187,149,113,66,8,0,0,13,100,54,6
0,0,0,71,111,137,141,156,152,139,148,148,157,147,124,106,85,0,5,4,33,94,68,22
8,0,11,71,106,133,152,161,165,160,154,151,140,116,77,70,66,10,6,0,3,72,78,13
8,0,13,59,102,123,150,145,160,156,148,147,123,96,75,78,38,5,0,0,0,47,56,18
0,10,32,56,89,123,121,117,118,118,119,147,107,105,77,59,21,14,0,8,6,23,56,12
14,18,44,55,78,119,181,228,238,181,167,133,125,113,75,54,39,32,13,10,18,33,38,18
16,45,64,84,121,96,126,154,187,146,149,153,138,123,111,62,57,18,7,10,13,58,65,22
18,51,61,106,116,129,131,148,160,144,139,156,139,116,90,100,82,13,9,8,7,51,52,15
13,52,80,112,111,126,137,169,196,167,156,153,133,120,76,77,80,57,10,0,12,32,32,13
36,56,83,118,134,130,127,145,171,186,162,144,134,132,120,105,65,38,9,0,2,37,50,13
40,65,113,140,128,118,136,140,145,157,129,138,151,145,126,107,78,47,0,3,0,19,24,14
79,91,141,140,139,135,134,127,131,122,143,139,147,144,137,122,106,100,5,10,0,1,7,2
45,87,124,142,137,143,122,113,108,110,131,140,156,145,137,120,109,67,5,9,0,0,0,0
90,109,127,132,132,124,121,104,103,110,134,132,139,134,128,125,112,81,14,1,2,0,2,3
65,102,116,125,117,110,104,100,101,108,117,125,127,124,124,108,102,69,12,8,0,0,3,0
65,114,117,107,97,111,104,101,83,98,112,107,138,128,116,111,69,50,0,3,0,0,4,0
58,84,109,90,98,102,100,93,75,80,104,102,111,120,109,110,100,34,8,0,0,2,4,0
38,62,70,96,79,72,55,46,45,51,66,86,92,125,126,109,66,46,10,9,9,9,8,3
30,84,89,70,77,72,51,43,21,53,66,75,102,121,143,121,60,37,13,13,11,9,10,9
43,91,168,88,59,66,61,54,14,56,61,68,91,144,170,151,71,26,15,0,2,4,0,0
26,54,99,74,77,46,45,40,25,53,58,68,84,119,116,104,58,12,8,6,0,6,4,10
30,56,71,71,66,55,47,28,40,43,51,60,72,74,73,62,50,12,12,10,3,0,0,0
28,50,58,75,58,54,52,51,30,41,51,54,56,70,70,57,13,11,12,6,0,0,0,0
27,32,43,62,58,58,45,32,41,35,50,55,62,57,58,40,11,5,9,0,0,0,0,0
13,54,63,39,54,53,51,41,17,36,53,57,55,55,52,24,11,5,3,0,5,3,1,3
12,51,54,54,32,39,29,30,25,26,41,55,52,52,51,13,9,3,0,3,3,0,0,0
22,52,57,54,50,24,31,14,13,40,36,40,49,52,50,14,11,0,0,0,0,0,0,0
14,50,55,54,52,51,26,25,14,43,51,52,54,32,42,35,9,3,0,0,0,0,0,0
17,24,51,54,38,18,44,16,10,13,48,53,53,52,46,29,13,2,0,3,0,0,0,1
14,24,44,40,11,8,14,14,11,33,11,40,53,50,36,14,14,11,7,0,0,0,3,6
7,14,24,16,13,11,10,0,10,23,11,32,52,52,12,5,3,4,6,4,2,0,5,7
11,14,17,14,12,0,8,3,9,12,10,22,67,65,30,12,11,9,8,7,0,1,0,5

0,0,0,0,0,0,4,4,26,78,109,95,44,9,6,4,0,0,0,0,0,0,0,0
2,0,4,1,0,0,0,8,2,10,52,52,47,14,5,0,0,0,0,0,0,0,0,0
4,13,11,12,7,2,7,0,7,10,13,50,14,47,16,9,6,12,11,8,4,0,0,3
7,51,75,69,58,66,80,66,47,10,56,74,79,98,61,69,102,57,12,12,8,6,3,7
22,66,74,78,108,113,131,129,115,102,78,110,93,106,109,110,95,74,82,61,39,13,0,0
61,65,62,101,155,184,219,225,221,185,143,149,152,142,155,126,107,103,89,67,58,33,9,4
56,73,52,106,142,192,224,180,216,233,199,223,213,194,163,161,117,91,63,73,73,57,9,9
58,39,54,89,143,173,200,227,237,207,172,161,177,186,191,159,122,90,70,69,67,56,16,7
52,26,54,73,109,159,185,217,223,175,174,174,168,159,147,127,95,70,54,53,54,54,13,8
33,5,26,63,103,149,212,238,241,239,222,228,210,171,131,110,82,65,20,14,54,57,17,2
12,10,7,38,75,134,194,224,245,235,265,242,206,182,132,98,80,54,27,11,48,51,31,3
8,1,10,13,73,121,177,207,226,209,226,193,212,207,143,112,73,10,2,10,33,54,27,1
9,10,0,50,100,114,118,140,150,186,189,194,201,187,148,112,66,7,0,0,13,100,54,6
0,0,0,70,111,137,140,155,151,139,148,148,157,147,123,105,84,0,5,4,32,96,68,23
8,0,11,71,106,133,151,160,164,159,152,150,139,116,76,70,65,10,6,0,3,72,78,13
8,0,13,60,102,123,149,144,159,154,147,147,123,95,74,77,37,5,0,0,0,48,56,18
0,10,33,56,89,123,120,116,117,118,118,146,106,105,76,59,20,14,0,8,6,23,57,12
14,19,45,56,79,119,181,227,237,181,165,132,125,113,75,55,39,32,13,10,18,33,38,18
17,46,65,84,121,96,125,153,186,145,149,153,138,123,111,63,57,18,6,10,13,58,65,23
18,51,62,106,116,129,131,147,160,144,139,157,139,116,91,100,83,13,9,8,7,51,52,15
13,53,81,113,112,126,137,169,196,167,156,153,134,121,77,77,80,58,11,0,12,33,32,14
36,57,83,119,135,130,127,145,171,187,162,145,134,133,121,105,65,38,9,0,2,37,50,13
40,65,113,141,128,118,137,140,145,157,129,139,151,145,126,107,78,47,0,4,0,20,23,14
79,91,141,140,139,135,134,127,132,122,143,139,148,144,137,122,106,101,6,10,0,2,7,2
45,87,124,142,137,143,122,113,108,110,131,140,156,145,137,120,109,70,5,9,0,0,0,0
91,109,127,132,132,124,121,104,103,110,134,132,139,134,128,125,112,82,14,1,2,0,2,3
65,102,116,125,117,110,104,100,101,108,117,125,127,124,124,108,102,69,12,8,0,0,3,0
65,114,117,107,97,110,104,101,83,98,112,107,138,128,116,111,69,50,0,3,0,0,4,0
58,84,109,90,98,102,100,94,75,80,104,102,111,121,109,110,100,34,8,0,0,2,4,0
37,62,70,96,79,72,55,46,45,51,66,86,92,125,126,109,67,46,10,9,9,9,8,3
30,84,89,70,78,72,51,43,21,53,66,75,102,121,143,121,59,37,13,13,11,9,10,9
43,91,168,88,59,66,61,54,14,56,61,68,91,144,169,151,71,25,16,0,2,4,0,0
26,53,98,74,77,46,45,40,25,53,58,68,84,119,116,104,58,12,8,6,0,6,5,10
30,56,71,72,66,55,47,28,40,43,51,60,72,74,73,62,51,12,12,10,3,0,0,0
28,50,58,75,58,54,52,51,29,41,51,53,55,70,69,57,13,11,12,6,0,0,0,0
28,32,43,62,58,58,45,32,41,35,50,55,62,57,58,39,11,5,9,0,0,0,0,0
13,54,63,40,54,53,51,43,17,36,53,57,55,55,52,23,11,5,3,0,5,3,1,3
12,51,53,54,32,39,28,30,24,26,42,55,52,52,50,13,9,3,0,3,4,0,0,0
22,52,57,54,50,24,31,14,13,39,37,40,49,52,50,14,11,0,0,0,0,0,0,0
14,51,55,54,52,51,26,26,14,43,51,52,54,31,43,34,9,3,0,0,0,0,0,0
17,24,51,54,38,18,44,16,10,14,48,53,53,52,46,29,13,2,0,3,0,0,0,1
13,24,44,40,10,8,14,13,11,31,11,41,53,50,35,14,14,11,7,0,0,0,3,6
7,14,24,16,13,11,10,0,10,23,11,32,52,52,12,5,3,4,6,4,2,0,5,7
11,14,17,14,12,0,8,3,9,12,10,23,67,65,29,12,11,9,8,7,0,1,0,5

0,0,0,0,0,0,4,4,26,77,109,96,45,9,6,4,0,0,0,0,0,0,0,0
2,0,4,1,0,0,0,8,2,10,52,52,47,14,5,0,0,0,0,0,0,0,0,0
4,13,11,12,7,2,7,0,7,10,14,52,14,47,16,9,6,12,11,8,4,0,0,3
7,51,75,69,58,66,79,65,45,10,56,74,80,97,61,69,102,58,12,12,8,6,3,7
22,66,74,78,108,113,131,129,115,101,77,110,93,106,109,110,96,74,82,61,39,13,0,0
61,65,62,101,156,184,219,225,221,185,143,149,152,142,155,126,107,103,89,67,59,32,9,4
56,73,53,107,142,192,224,180,216,233,200,224,214,194,163,161,117,92,64,73,73,58,9,9
58,39,54,89,143,173,200,227,237,208,172,161,178,186,191,159,122,90,71,69,67,56,16,7
53,26,54,74,109,159,184,217,223,174,174,174,168,159,148,128,95,70,54,53,54,54,13,9
32,5,26,63,103,149,212,237,241,240,222,228,211,172,131,110,82,65,19,14,54,56,17,2
12,10,7,40,75,134,193,223,245,236,266,243,207,183,132,98,80,54,28,11,50,51,31,3
8,1,10,13,73,120,177,207,226,208,226,193,212,207,143,112,73,10,2,9,33,54,25,1
9,10,0,50,100,114,118,140,149,185,188,194,201,188,148,112,65,7,0,0,13,100,54,6
0,0,0,70,111,137,140,154,151,138,147,147,156,147,123,105,82,0,5,4,33,95,68,23
8,0,10,71,106,133,150,160,164,158,152,150,139,116,76,70,65,10,6,0,4,72,78,13
8,0,13,59,102,123,149,144,158,154,147,146,122,95,74,77,37,5,0,0,0,48,56,18
0,10,33,56,89,122,120,116,117,117,118,145,106,105,76,59,22,14,0,8,6,23,57,12
14,20,45,56,79,120,181,226,236,180,166,132,125,113,76,55,39,32,13,10,18,33,38,18
17,46,65,85,122,96,125,153,186,145,149,152,138,123,111,63,58,18,6,10,13,58,65,23
18,51,62,106,116,129,131,147,160,144,139,157,139,116,92,100,83,13,9,8,7,51,52,15
13,53,81,113,112,126,137,169,196,167,156,154,134,121,77,77,81,58,11,0,12,33,31,14
36,57,83,119,135,130,127,145,172,187,162,145,135,133,121,105,65,38,9,0,2,37,50,13
40,65,113,141,128,118,137,141,145,158,129,139,152,146,126,108,78,48,0,4,0,20,24,14
79,91,142,140,139,135,135,127,132,122,143,140,148,144,137,123,106,100,6,10,0,2,7,2
45,87,124,142,137,143,122,113,108,110,131,141,156,145,137,120,109,69,5,8,0,0,0,0
91,109,127,132,132,124,121,104,103,110,134,132,139,134,128,125,112,83,14,1,2,0,2,3
65,102,117,125,117,110,104,100,101,108,117,126,127,124,124,108,102,70,12,8,0,0,3,0
65,114,117,107,97,111,104,101,83,98,112,107,138,128,116,111,69,50,0,3,0,0,4,0
58,84,109,90,98,102,100,94,75,80,104,102,111,120,109,110,100,34,8,0,0,2,4,0
37,62,70,96,79,72,55,47,45,51,66,86,92,125,126,109,67,46,10,9,9,9,8,3
30,84,89,70,78,72,51,43,21,53,66,75,103,121,143,121,60,37,13,13,11,9,10,9
43,91,167,88,59,66,61,54,14,56,61,68,91,144,169,151,71,25,15,0,2,4,0,0
26,54,98,74,77,47,45,40,28,53,58,68,84,119,116,104,58,12,8,6,0,6,5,10
29,56,71,72,66,55,47,28,40,43,51,60,72,74,73,62,50,12,12,10,3,0,0,0
28,49,58,75,58,54,52,51,30,42,50,54,55,70,69,57,13,11,12,6,0,0,0,0
28,32,42,62,58,58,45,32,41,34,50,55,62,57,58,39,11,5,9,0,0,0,0,0
13,54,63,39,54,53,51,41,17,36,53,57,55,55,52,23,11,5,3,0,5,3,1,3
12,51,53,54,32,39,28,30,25,26,42,55,52,52,50,13,9,3,0,3,4,0,0,0
22,53,57,54,50,24,31,14,13,39,37,40,50,52,50,14,11,0,0,0,0,0,0,0
14,50,55,54,52,51,26,25,14,43,51,52,54,32,42,34,9,3,0,0,0,0,0,0
17,24,51,54,38,18,43,16,10,13,50,53,53,52,46,28,13,2,1,3,0,0,0,1
14,24,44,40,10,8,14,13,11,33,11,38,53,50,35,14,14,11,7,0,0,0,3,6
7,14,24,16,13,11,10,0,10,23,11,33,52,52,12,5,3,4,6,4,2,0,5,7
11,14,17,14,12,0,8,3,9,12,10,23,67,65,30,12,11,9,8,7,0,1,0,5

0,0,0,0,0,0,4,4,27,78,110,96,45,9,6,4,0,0,0,0,0,0,0,0
2,0,4,1,0,0,0,8,3,10,52,52,50,14,5,0,0,0,0,0,0,0,0,0
4,13,12,12,7,2,7,0,7,10,14,52,14,47,20,10,6,12,11,8,4,0,0,3
7,52,75,69,58,66,79,65,44,10,56,73,79,97,61,69,102,58,12,12,8,6,3,7
23,66,74,78,108,113,131,129,115,101,77,109,93,106,109,110,96,74,82,61,39,13,0,0
61,65,62,101,155,183,218,223,221,184,143,149,152,142,155,126,107,103,90,67,58,33,9,4
56,73,52,107,142,192,223,179,216,233,200,223,213,194,163,161,117,92,63,73,73,58,9,9
58,39,54,89,143,173,200,227,236,206,172,162,177,186,191,159,122,90,71,69,67,56,16,7
53,26,54,74,110,160,184,217,222,174,174,174,168,158,147,128,95,70,54,54,54,54,13,9
33,5,26,63,104,150,213,238,242,240,222,227,210,171,131,110,82,65,20,14,55,57,17,2
12,10,7,40,76,135,194,224,246,237,266,243,207,183,133,98,80,54,29,11,50,51,32,3
8,1,10,14,73,121,178,207,227,209,227,193,212,209,144,112,74,10,2,10,33,54,27,1
9,10,0,51,100,114,118,140,150,186,189,195,201,188,149,112,66,7,0,0,13,100,55,6
0,0,0,70,111,137,140,155,151,139,148,148,157,147,124,105,83,0,5,4,34,95,68,23
8,0,11,71,106,133,150,160,164,159,152,150,139,116,76,70,66,10,6,0,4,72,79,13
8,0,13,59,102,123,149,144,158,154,147,146,123,95,74,77,34,5,0,0,0,47,56,18
0,10,33,56,89,122,120,116,117,117,118,146,106,105,76,59,20,14,0,8,6,23,57,12
14,20,45,56,79,120,181,227,236,180,166,132,125,113,75,55,39,32,13,10,18,33,38,18
17,46,65,85,121,96,125,153,186,145,149,153,138,123,111,63,58,18,7,10,13,58,65,23
18,51,62,106,116,129,131,147,160,144,139,156,139,116,91,100,83,13,9,8,7,50,52,15
13,53,81,112,112,126,137,169,196,167,156,153,133,121,77,77,80,58,11,0,12,33,32,14
36,57,83,118,134,130,127,145,171,186,162,145,134,133,121,105,65,38,9,0,2,37,50,13
40,65,113,140,128,118,137,140,145,157,129,139,151,145,126,107,78,47,0,4,0,20,24,14
79,91,141,140,139,135,134,127,131,122,143,139,147,144,137,122,106,101,6,10,0,2,7,2
45,87,124,142,137,143,122,113,108,110,131,140,156,145,137,120,109,69,5,9,0,0,0,0
91,108,127,132,132,124,121,104,103,110,134,132,139,134,128,125,112,82,14,1,2,0,2,4
65,102,116,125,117,110,104,100,101,108,117,125,127,124,124,108,102,70,12,8,0,0,3,0
65,114,117,107,97,110,104,101,83,97,112,107,138,128,117,111,69,51,0,3,0,0,4,0
58,84,109,90,98,102,100,95,75,80,105,102,111,120,109,110,100,35,8,0,0,2,4,0
38,62,70,96,79,72,55,46,45,51,66,86,92,125,126,109,67,46,10,9,9,9,8,3
30,84,89,70,77,72,51,43,21,53,66,75,102,121,143,122,60,37,13,13,11,9,10,9
43,91,168,88,58,66,61,54,14,56,61,68,91,144,169,151,71,26,16,0,2,4,0,0
26,54,98,74,77,46,45,41,25,53,58,68,84,119,116,104,58,12,8,6,0,6,5,10
30,56,71,72,66,55,48,28,42,44,51,60,72,74,73,62,51,12,12,10,3,0,0,0
28,50,58,75,58,54,52,51,30,42,50,53,55,70,69,57,13,11,12,6,0,0,0,0
28,32,43,62,58,58,44,32,42,34,50,55,62,57,58,40,11,5,9,0,0,0,0,0
13,54,63,39,54,53,51,41,17,35,53,57,55,55,52,25,11,5,3,0,5,3,1,3
12,51,53,54,32,40,29,30,24,26,42,55,52,52,51,13,9,3,0,3,4,0,0,0
22,52,57,54,50,24,31,14,13,40,36,40,49,52,50,14,11,0,0,0,0,0,0,0
14,50,55,54,52,51,26,26,14,42,51,52,54,31,43,35,9,3,0,0,0,0,0,0
18,24,51,54,38,18,43,16,10,13,50,53,53,53,47,28,13,2,0,3,0,0,0,1
14,24,45,40,11,8,14,13,11,33,11,43,53,50,36,14,14,11,7,0,0,0,3,6
7,14,25,16,13,11,10,0,10,23,11,33,52,52,13,5,3,4,6,4,2,0,5,7
11,14,17,14,12,0,8,3,9,12,10,23,67,65,30,12,11,9,8,7,0,1,0,5

0,0,0,0,0,0,4,4,27,78,109,96,45,9,6,4,0,0,0,0,0,0,0,0
2,0,4,2,0,0,0,8,3,10,51,52,48,14,5,0,0,0,0,0,0,0,0,0
4,13,12,12,7,2,7,0,7,10,14,52,14,48,17,10,6,12,11,8,4,0,0,3
7,52,75,69,58,66,78,65,43,10,55,73,78,97,61,69,102,58,12,12,8,6,3,7
23,66,74,78,108,113,131,128,114,101,77,109,93,106,109,110,96,74,82,61,39,14,0,0
61,65,62,101,155,183,218,223,219,182,142,149,152,142,155,126,107,103,90,67,58,33,9,4
56,73,53,107,142,192,223,179,216,231,198,222,213,194,164,161,117,92,64,73,73,58,9,9
58,39,54,89,143,173,200,226,236,205,170,160,177,185,191,159,122,90,71,69,67,56,17,7
53,26,54,74,110,160,184,217,223,174,174,173,166,158,147,127,95,70,54,53,54,54,13,8
33,5,26,64,104,151,213,238,241,239,220,225,207,170,131,110,82,65,19,14,55,57,18,2
12,10,7,42,76,137,196,225,246,236,268,241,205,183,134,99,80,54,29,11,49,51,31,3
8,1,10,14,75,123,180,208,229,211,229,193,211,210,145,113,74,10,2,10,32,54,25,1
9,11,0,51,100,114,119,140,151,188,191,197,201,188,150,113,67,8,0,0,13,100,54,6
0,0,0,70,111,137,141,157,152,139,149,149,158,147,124,106,86,0,5,4,33,95,68,23
8,0,11,71,106,133,152,162,166,160,155,152,140,116,77,71,66,10,7,0,4,73,78,13
8,0,13,60,102,123,150,145,160,156,149,148,124,96,75,78,37,5,0,0,0,48,56,20
0,10,31,56,89,123,121,117,118,119,119,147,107,105,77,59,21,13,0,8,6,23,57,12
14,18,44,55,78,119,182,229,238,182,167,133,126,113,75,54,39,32,13,10,18,33,38,18
16,45,64,83,121,96,126,154,187,146,150,153,138,123,111,62,57,18,7,10,13,58,66,23
18,51,61,106,116,129,131,148,160,144,139,156,139,116,90,100,82,13,9,8,7,51,52,15
13,52,80,112,111,125,137,168,196,166,156,153,133,120,77,76,80,57,11,0,12,33,32,14
36,56,83,118,134,129,126,144,171,185,162,144,134,132,120,105,65,38,9,0,2,37,50,13
40,65,113,140,127,118,136,139,145,157,129,138,150,145,126,107,77,47,0,4,0,20,24,14
79,91,141,139,139,135,134,127,131,121,143,139,147,143,137,122,106,100,6,10,0,2,7,2
45,87,124,142,137,143,122,113,108,110,130,140,155,145,137,120,109,67,5,9,0,0,0,0
90,108,127,132,132,124,121,104,103,110,134,132,139,134,128,125,112,82,14,1,2,0,2,4
65,102,116,125,117,110,104,100,101,108,116,125,127,124,124,108,102,69,12,8,0,0,3,0
65,114,117,107,97,111,104,101,83,98,112,107,138,128,116,111,69,50,0,3,0,0,4,0
58,84,108,90,98,102,100,94,75,80,104,101,111,120,109,110,100,34,8,0,0,2,4,0
37,62,70,96,79,72,55,46,45,51,66,86,92,125,126,109,67,46,10,9,9,9,8,3
30,84,89,70,77,72,51,43,21,53,66,75,102,121,144,122,60,37,13,13,11,9,10,9
43,92,169,88,59,66,61,54,14,56,61,68,91,144,170,152,71,26,17,0,2,4,0,0
26,54,99,74,77,47,46,40,25,53,58,68,84,119,116,104,58,12,8,6,0,6,5,10
30,56,72,72,66,55,47,28,41,43,51,60,72,74,73,62,50,12,12,10,3,0,0,0
29,50,58,75,58,54,52,51,30,42,51,53,55,70,70,57,13,11,12,6,0,0,0,0
28,32,43,62,59,58,45,32,42,36,50,55,62,57,59,41,11,6,9,0,0,0,0,0
13,54,63,40,54,53,51,41,17,36,53,57,55,55,52,25,11,6,3,0,5,3,1,3
12,51,54,54,32,40,30,30,24,26,42,55,52,52,51,13,9,3,0,3,4,0,0,0
22,53,57,54,50,24,32,14,13,39,37,40,49,52,50,14,11,0,0,0,0,0,0,0
14,51,55,54,52,51,26,28,14,44,51,52,54,32,42,35,9,4,0,0,0,0,0,0
18,24,52,54,39,19,44,16,10,13,50,53,53,52,47,29,13,2,1,3,0,0,0,1
14,24,45,42,11,8,14,13,11,33,12,43,53,50,36,14,15,11,7,0,0,0,3,6
7,14,24,16,13,11,10,0,10,23,11,33,52,52,13,5,3,4,6,4,2,0,5,7
11,14,17,14,12,0,8,3,9,12,10,22,67,65,30,12,11,9,8,7,0,1,0,5

0,0,0,0,0,0,4,4,28,79,110,97,48,9,6,4,0,0,0,0,0,0,0,0
2,0,4,2,0,0,0,8,4,10,52,52,48,14,5,0,0,0,0,0,0,0,0,0
4,13,12,12,7,3,7,0,7,10,14,52,14,47,17,10,6,12,11,8,4,0,0,3
7,52,75,69,59,66,79,65,43,10,55,73,79,97,61,68,102,57,12,12,8,6,3,6
23,66,74,78,108,113,131,128,114,101,77,109,93,106,110,110,95,74,82,61,39,13,0,0
62,65,62,101,155,183,217,222,218,182,141,148,152,142,155,126,107,103,89,67,58,33,9,4
56,73,52,107,142,191,222,178,214,229,196,220,213,194,163,161,117,91,63,73,73,58,9,9
58,39,54,89,143,173,199,225,234,204,169,160,176,185,190,159,122,90,71,69,67,56,16,7
53,26,54,74,110,160,184,216,221,173,172,171,165,157,147,128,95,70,54,53,54,54,13,9
33,5,27,64,104,151,213,236,240,236,217,222,205,169,131,110,82,65,20,14,54,57,18,2
12,10,7,41,76,137,196,226,245,236,265,239,203,183,134,100,80,54,27,11,49,51,31,3
8,2,10,15,76,124,181,209,230,213,230,193,210,210,146,114,74,10,3,10,32,54,27,1
9,11,0,51,101,115,119,141,153,191,193,199,203,188,151,113,68,8,0,0,13,100,54,6
0,0,0,70,111,138,142,159,154,140,150,150,159,148,124,106,88,0,6,5,34,94,68,23
9,0,11,71,106,134,153,164,168,162,157,153,141,117,77,71,66,10,7,0,4,73,78,13
8,0,13,60,103,124,152,147,162,158,150,149,125,96,75,78,38,5,0,0,0,50,56,19
0,9,29,55,89,123,122,119,119,120,121,148,108,106,77,60,22,13,0,8,6,23,57,12
14,16,43,55,78,119,183,231,240,183,170,135,127,113,75,54,38,32,13,10,18,34,38,18
16,44,63,82,120,95,126,155,188,147,151,154,138,123,110,62,56,18,7,10,13,58,65,24
17,50,61,105,115,129,131,148,161,145,139,156,138,115,89,98,81,13,9,8,7,51,52,15
13,52,79,111,110,125,136,168,196,166,155,152,132,120,76,76,79,55,11,0,12,33,32,14
36,56,83,118,133,128,125,143,170,185,161,143,133,131,119,104,65,38,10,0,2,37,49,13
39,65,113,140,127,117,135,138,144,156,128,138,149,144,126,107,77,45,0,4,0,20,23,14
79,91,141,139,139,134,134,126,130,121,142,138,147,143,137,122,106,100,5,10,0,2,8,3
45,87,124,142,137,143,122,113,107,110,130,140,155,145,137,120,109,67,5,9,0,0,1,0
90,108,127,132,132,124,121,104,103,110,134,132,139,134,128,125,112,81,14,1,2,0,3,4
65,102,116,125,117,110,104,100,101,108,116,125,127,125,124,108,102,69,12,8,0,0,4,0
65,114,117,107,97,111,104,101,83,98,112,107,137,128,116,111,69,50,0,3,0,0,4,0
58,83,109,90,98,102,100,95,75,80,104,102,111,120,109,111,100,34,8,0,0,2,4,0
38,62,70,96,79,72,55,46,45,51,66,86,92,125,126,109,67,46,10,9,9,9,8,3
30,84,89,70,77,72,51,43,21,53,66,75,102,121,144,122,60,37,13,13,11,9,10,9
43,92,169,89,58,66,61,54,14,57,61,68,91,145,170,152,71,26,16,0,2,4,0,0
26,54,99,74,77,46,46,40,25,53,58,67,84,119,116,104,58,12,8,6,0,6,5,10
30,56,72,72,66,55,47,28,42,43,51,60,72,74,73,62,51,12,12,10,3,0,0,0
29,50,59,75,58,54,52,51,30,41,51,53,55,70,70,57,13,11,12,6,0,0,0,0
28,32,43,62,58,58,45,32,41,34,50,55,62,57,59,41,11,6,9,0,0,0,0,0
13,54,63,39,54,53,51,43,17,35,53,57,55,55,52,24,11,6,3,0,5,3,1,3
12,51,54,54,32,40,30,30,27,26,41,55,52,53,51,14,9,3,0,3,4,0,0,0
22,53,57,54,50,24,31,14,13,39,37,41,49,53,50,14,11,0,0,0,0,0,0,0
14,51,55,54,52,51,26,28,14,42,51,53,54,32,43,35,9,4,0,0,0,0,0,0
18,24,52,54,38,19,44,17,10,13,50,53,53,52,48,29,13,2,1,3,0,0,0,1
14,24,45,41,11,8,14,13,11,33,12,43,53,50,37,14,14,11,7,0,0,0,3,6
7,14,25,16,13,11,10,0,10,23,11,32,52,52,13,5,4,4,7,4,2,0,5,7
11,14,17,14,12,0,8,3,9,12,10,24,67,65,30,12,11,9,8,7,0,1,0,5

0,0,0,0,0,0,4,4,28,79,110,98,50,9,6,4,0,0,0,0,0,0,0,0
2,0,4,2,0,0,0,8,4,10,52,52,50,14,5,0,0,0,0,0,0,0,0,0
4,13,11,12,7,3,7,0,7,9,14,52,14,47,17,10,6,12,11,8,4,0,0,3
7,53,75,69,59,66,78,65,45,10,56,74,79,97,61,69,102,58,12,12,8,6,3,7
24,66,74,78,108,112,130,128,115,101,77,109,93,106,110,110,96,74,82,61,39,14,0,0
62,66,62,100,154,183,217,223,219,183,142,149,152,142,155,126,107,103,90,67,58,33,9,4
56,73,52,107,142,191,223,178,215,231,199,221,212,194,163,161,117,91,63,73,73,58,9,9
58,39,54,90,143,173,199,226,236,206,171,161,176,185,190,159,122,90,71,69,67,56,17,7
53,26,54,73,110,160,184,216,221,174,173,172,166,157,147,127,95,70,54,53,54,54,13,8
33,5,27,63,104,151,213,236,240,237,219,222,205,169,131,110,82,65,20,14,55,57,17,2
12,10,7,41,76,136,196,224,244,235,264,240,204,183,134,99,80,54,28,11,49,51,31,3
8,2,10,14,75,123,180,208,229,211,229,193,210,209,145,113,74,10,3,10,33,54,27,1
9,11,0,51,100,115,119,141,152,190,192,197,202,187,150,113,67,8,0,0,13,100,54,6
0,0,0,71,111,138,142,158,153,140,149,149,159,148,124,106,87,0,5,5,36,94,68,23
9,0,11,71,106,134,153,163,168,161,156,153,141,117,77,71,67,10,7,0,4,73,78,13
8,0,13,60,103,124,151,146,161,157,149,149,125,96,75,78,40,5,0,0,0,48,56,19
0,10,30,56,89,123,122,118,119,120,120,148,108,106,77,60,24,13,0,8,6,23,57,12
14,17,43,55,78,119,183,230,240,184,169,134,126,113,75,54,38,32,13,10,18,34,38,18
16,45,64,83,121,96,126,155,187,147,151,154,138,123,111,62,57,19,7,10,13,58,65,23
18,51,61,105,116,129,132,148,161,145,139,157,139,116,90,99,82,13,9,8,7,51,52,15
13,52,80,112,111,125,137,168,196,167,156,152,133,120,76,76,80,56,10,0,12,33,32,14
36,56,83,118,134,129,126,144,171,186,161,144,133,132,120,104,65,38,10,0,2,37,50,13
39,65,113,140,127,117,136,139,144,157,129,138,150,145,126,107,77,46,0,4,0,20,24,14
78,91,141,140,139,135,134,126,131,121,143,139,147,143,137,122,106,100,5,10,0,2,8,2
45,87,124,142,137,143,122,113,108,110,130,140,155,145,137,120,109,67,5,9,0,0,1,0
90,108,127,132,132,124,121,104,103,110,134,132,139,134,128,125,112,82,14,1,2,0,3,4
65,102,116,125,117,110,104,100,101,108,116,125,127,124,124,108,102,69,12,8,0,0,4,0
65,114,117,107,97,111,104,101,83,97,112,107,138,128,116,111,69,51,0,3,0,0,4,0
58,84,109,90,98,102,100,93,75,80,104,102,111,120,109,110,100,34,8,0,0,2,5,0
37,62,70,96,79,72,55,46,45,51,66,86,92,125,126,109,66,46,10,9,9,9,8,3
30,84,89,70,77,72,51,43,21,53,66,75,102,121,143,122,60,37,13,13,11,9,10,9
43,91,169,88,58,66,61,54,14,56,61,68,91,144,170,151,71,26,17,0,2,4,0,0
26,54,99,74,77,46,46,40,25,53,58,67,84,119,116,104,58,12,8,6,0,6,5,10
30,56,71,72,66,55,47,28,41,44,51,60,72,74,73,62,51,12,12,10,3,0,0,0
29,50,58,75,58,54,52,51,30,41,51,54,55,70,70,57,13,11,12,6,0,0,0,0
28,32,43,62,58,58,45,32,41,35,50,55,62,57,58,41,11,6,9,0,0,0,0,0
13,54,63,39,54,53,51,41,17,36,53,57,55,55,52,25,11,6,3,0,5,3,1,3
12,51,53,54,32,40,30,30,25,26,42,55,52,52,51,13,9,3,0,3,4,0,0,0
22,53,57,54,50,24,32,14,13,38,37,41,49,52,50,14,11,0,0,0,0,0,0,0
14,51,55,54,53,51,26,27,14,44,51,52,54,32,43,36,9,3,0,0,0,0,0,0
18,24,51,54,40,18,44,17,10,14,50,53,53,53,48,29,13,2,1,3,0,1,0,1
14,24,45,40,11,8,14,13,11,33,11,40,53,50,36,14,14,11,7,0,0,0,3,6
7,14,25,16,13,11,10,0,10,23,11,35,52,52,13,5,4,4,7,4,3,0,5,7
11,14,17,14,12,0,8,3,9,12,10,22,67,65,30,12,11,9,8,7,0,1,0,5

0,0,0,0,0,0,4,4,29,81,111,100,50,9,6,4,0,0,0,0,0,0,0,0
1,0,4,2,0,0,0,8,5,11,52,52,50,14,6,0,0,0,0,0,0,0,0,0
4,13,12,12,7,3,7,0,7,10,14,52,15,45,17,10,6,12,11,8,4,0,0,3
7,52,75,69,59,66,78,65,45,10,56,74,80,98,61,69,102,58,12,12,8,6,3,7
24,66,74,78,108,112,130,128,115,102,77,110,94,106,110,110,96,74,82,61,39,14,0,0
62,66,62,100,154,182,216,222,220,184,143,149,153,143,155,126,107,103,90,67,58,33,9,4
56,73,52,106,142,191,222,178,215,231,199,222,212,194,163,161,117,91,63,73,73,58,9,9
58,39,54,89,143,173,199,226,235,206,171,160,176,185,190,159,122,90,71,69,67,56,17,7
53,26,54,74,110,160,184,216,223,175,174,174,167,158,147,127,95,70,54,53,54,54,13,9
33,5,26,63,104,150,212,237,241,238,221,226,208,170,131,110,82,65,19,14,54,57,19,2
12,10,7,40,76,136,195,225,245,235,265,241,205,183,133,99,80,54,28,11,50,51,31,3
8,1,10,14,74,122,179,208,228,210,227,192,210,209,144,113,74,10,2,10,34,54,27,1
9,11,0,51,100,114,119,140,151,188,190,196,201,187,149,113,67,8,0,0,13,100,54,6
0,0,0,71,111,138,141,156,152,140,149,149,158,147,124,106,86,0,6,5,36,94,68,23
9,0,11,71,106,133,152,162,166,161,154,152,140,116,77,71,66,10,7,0,4,73,78,13
8,0,13,60,102,123,150,145,160,156,149,148,124,96,75,78,38,5,0,0,0,50,56,19
0,10,31,56,89,123,121,117,118,119,120,147,107,106,77,59,23,14,0,8,6,24,57,12
14,18,44,55,78,119,182,229,239,182,168,134,126,113,75,54,39,32,13,10,18,34,38,19
16,45,64,84,121,96,126,154,187,146,150,154,138,123,111,62,57,19,7,10,13,58,65,25
18,51,61,106,116,129,131,148,161,144,139,157,139,116,90,100,82,13,9,8,7,51,52,15
13,53,80,112,111,126,137,169,196,167,156,153,133,120,77,77,80,57,11,0,12,33,32,14
36,56,83,118,134,129,126,145,171,186,162,145,134,132,120,105,65,38,10,0,2,37,50,13
40,65,113,140,128,118,136,140,145,157,129,138,151,145,126,107,78,47,0,4,0,20,24,14
79,91,141,140,139,135,134,127,131,121,143,139,147,144,137,122,106,101,6,10,0,2,8,2
45,87,124,142,137,143,122,113,108,110,130,140,156,145,137,120,109,69,5,9,0,0,1,0
90,109,127,132,132,124,121,104,103,110,134,132,139,134,128,125,112,82,14,1,2,0,3,4
64,102,116,125,117,110,104,100,101,108,117,125,127,124,124,108,102,70,12,8,0,0,4,0
65,114,117,107,97,111,104,101,84,98,111,107,137,128,116,111,68,50,0,3,0,0,4,0
58,84,109,90,98,102,100,95,75,80,104,101,111,120,109,110,100,36,8,0,0,2,5,0
38,62,70,97,79,72,55,46,45,51,66,86,92,125,126,109,67,46,10,9,9,9,8,3
30,84,89,70,78,72,51,43,21,53,66,75,102,121,143,121,60,37,13,13,11,9,10,9
43,91,168,88,59,66,61,54,14,56,61,68,91,144,169,151,71,26,16,0,2,4,0,0
26,54,99,74,77,46,46,41,25,53,58,68,84,119,116,104,58,12,8,6,0,6,5,10
30,56,72,72,66,55,47,28,41,43,51,60,72,74,73,62,51,12,12,10,3,0,0,0
29,49,58,75,58,54,52,51,30,42,51,53,55,70,70,57,13,11,12,6,0,0,0,0
28,32,42,62,58,58,45,32,41,35,50,55,62,57,58,40,11,6,9,0,0,0,0,0
13,54,63,40,54,53,51,41,17,36,53,57,55,55,52,25,11,6,3,0,5,3,1,4
12,51,53,54,32,40,28,30,25,26,41,55,52,52,51,13,9,3,0,3,4,0,0,0
22,53,57,54,50,24,31,14,13,38,37,41,49,52,50,14,11,0,0,0,0,0,0,0
14,50,55,54,52,51,26,28,14,41,51,52,54,31,43,34,9,4,0,0,0,0,0,0
18,24,51,54,39,18,44,16,10,13,50,53,53,53,48,29,13,2,1,3,0,1,0,1
14,24,45,41,11,8,14,13,11,32,12,41,53,50,36,14,14,11,7,0,0,0,3,6
7,14,24,16,13,11,10,0,10,23,11,32,52,52,13,5,3,4,7,4,3,0,5,7
11,14,17,14,12,0,8,4,9,12,10,23,67,65,29,12,11,9,8,7,0,1,0,5

0,0,0,0,0,0,4,4,29,81,111,99,50,9,6,5,0,0,0,0,0,0,0,0
1,0,4,2,0,0,0,8,5,11,52,52,50,14,6,0,0,0,0,0,0,0,0,0
4,13,12,12,7,3,7,0,7,10,14,51,14,48,18,10,6,12,11,8,4,0,0,3
7,53,75,69,59,66,79,65,44,10,56,74,80,98,61,69,102,58,12,12,8,6,3,7
24,66,74,78,108,112,131,128,115,102,78,110,94,106,110,110,96,74,82,61,39,13,0,0
62,66,62,101,155,183,217,223,221,184,143,150,153,142,156,126,107,103,90,67,58,33,9,4
56,73,53,107,142,191,222,179,216,232,200,223,214,194,163,161,117,91,63,73,73,58,9,9
58,39,54,89,143,173,199,226,237,207,171,160,177,185,191,159,122,90,71,69,67,56,18,7
53,26,54,74,109,159,184,217,223,175,175,174,168,158,147,127,95,70,54,54,54,54,13,9
34,5,27,63,103,149,212,237,241,239,221,227,209,171,131,110,82,65,19,14,55,57,18,2
12,10,7,40,75,135,194,224,245,235,265,241,206,183,133,98,80,54,28,11,50,51,31,3
8,1,10,14,74,121,178,207,227,209,226,192,211,208,144,112,74,10,2,10,34,55,27,1
9,11,0,51,100,114,119,140,150,187,189,194,200,187,149,113,67,8,0,0,13,100,55,6
0,0,0,71,111,137,140,155,152,139,148,148,157,147,124,106,86,0,6,5,37,94,68,23
8,0,11,71,106,133,151,161,165,160,153,151,140,116,77,71,66,10,7,0,4,73,79,13
8,0,13,60,102,123,150,144,159,155,148,147,123,96,75,78,38,5,0,0,0,48,56,19
0,10,33,56,89,123,121,117,117,118,119,146,107,105,77,59,23,14,0,8,6,25,57,12
14,19,45,56,79,120,181,228,237,181,167,133,126,113,75,55,39,32,13,10,18,34,38,19
17,46,65,84,121,96,126,154,186,146,149,153,138,123,111,63,57,19,7,10,13,58,65,24
18,51,61,106,116,129,131,148,160,144,139,157,139,116,91,100,83,13,9,8,7,51,52,15
13,53,81,113,111,126,137,169,196,167,156,154,134,121,77,77,80,58,11,0,12,33,32,14
36,57,83,119,135,130,127,145,172,187,162,145,134,133,121,105,65,39,10,0,2,37,50,13
40,65,113,141,128,118,137,140,145,157,129,139,151,145,126,108,78,48,0,4,0,20,24,14
79,91,142,140,139,135,134,127,131,121,143,139,147,144,137,123,106,100,6,10,0,2,7,3
45,87,124,142,137,144,122,113,108,110,131,140,156,145,137,120,109,69,5,9,0,0,0,0
90,109,127,132,132,124,121,104,103,110,134,132,139,134,128,125,112,83,14,1,2,0,3,4
65,102,116,125,117,110,104,100,101,108,116,125,127,124,124,108,102,70,12,8,0,0,4,0
65,114,117,107,97,111,104,101,83,98,111,107,138,128,116,111,69,51,0,3,0,0,5,0
58,83,109,90,98,102,100,94,75,80,104,101,111,120,108,110,100,34,8,0,0,2,5,0
38,62,70,96,79,72,55,46,45,51,66,86,92,125,126,109,67,46,10,9,9,9,8,3
30,84,88,70,78,72,51,43,21,53,66,75,102,121,143,121,60,37,13,13,11,9,10,9
43,91,168,88,59,66,62,54,14,56,61,68,91,145,169,151,71,26,16,1,2,4,0,0
26,54,98,74,77,46,46,41,25,53,58,68,84,119,116,104,58,12,8,6,0,6,5,10
29,56,71,72,66,55,47,28,41,43,51,60,72,74,73,62,50,12,12,10,3,0,0,0
29,49,58,75,58,54,52,51,30,41,51,54,55,70,70,57,13,11,12,6,0,0,0,0
28,32,42,62,58,58,45,32,41,35,50,55,62,57,58,39,11,6,9,0,0,0,0,0
13,54,63,39,54,53,51,42,17,35,53,57,55,55,52,24,11,5,3,0,5,3,1,3
12,51,53,54,32,40,28,30,25,25,42,55,52,52,51,13,9,3,0,3,4,0,0,0
22,52,57,54,50,24,31,14,13,38,37,41,49,52,50,14,11,0,0,0,0,0,0,0
14,50,55,54,52,51,26,27,14,42,51,52,54,31,43,34,9,3,0,0,0,0,0,0
18,24,51,54,39,19,44,16,10,13,48,53,53,52,47,29,13,2,0,3,0,1,0,1
14,24,44,40,11,8,14,13,11,33,11,40,53,50,35,14,14,11,7,0,0,0,3,6
7,14,24,16,13,11,10,0,10,23,11,33,52,52,13,5,3,4,7,4,3,0,5,7
11,14,17,14,12,0,8,3,9,12,10,22,67,65,29,12,11,9,8,7,0,1,0,5

0,0,0,0,0,0,4,5,29,81,111,100,50,9,6,5,0,0,0,0,0,0,0,0
1,0,4,2,0,0,0,8,6,11,52,52,50,14,6,0,0,0,0,0,0,0,0,0
4,13,12,12,8,3,7,0,7,9,14,53,14,47,20,10,6,12,11,8,4,0,0,3
7,53,75,69,59,66,79,66,46,10,57,75,80,98,62,69,102,59,12,12,8,6,3,7
24,66,74,78,108,113,131,129,115,102,78,110,94,106,110,110,96,74,82,61,40,14,0,0
62,66,62,101,155,183,217,223,221,185,144,150,154,143,155,126,107,103,90,67,58,34,9,4
56,73,53,107,142,191,222,179,216,233,201,225,215,194,163,161,117,92,64,73,73,58,9,9
58,39,54,89,143,173,199,226,236,208,172,161,177,186,191,159,122,90,71,69,67,56,17,7
53,27,54,74,109,159,184,216,223,175,174,173,168,158,147,128,95,70,54,54,54,54,13,9
33,5,29,63,103,149,212,237,241,239,221,227,210,171,131,110,82,65,20,14,55,57,19,2
12,10,7,40,75,134,194,224,245,236,264,242,207,183,132,98,80,54,29,12,50,51,32,3
8,1,10,14,73,120,177,207,226,207,225,192,211,208,143,112,73,10,2,10,34,55,28,1
9,11,0,51,100,114,118,140,150,185,188,194,200,187,149,112,66,7,0,0,13,100,54,6
0,0,0,71,111,137,140,154,151,139,148,148,156,147,124,106,85,0,6,5,38,96,68,23
8,0,11,71,106,133,150,160,164,159,152,150,139,116,77,71,66,10,7,0,4,73,78,13
8,0,13,60,102,123,149,144,159,154,148,147,123,96,75,78,38,5,0,0,0,50,56,19
0,11,33,57,89,122,120,116,117,118,118,146,107,105,76,59,24,14,0,8,6,26,57,12
14,20,45,56,79,120,181,227,237,180,166,132,126,113,76,55,39,32,13,10,18,34,38,19
17,46,65,85,121,96,125,153,186,145,149,153,138,124,111,63,58,18,7,10,13,59,65,24
18,51,62,106,116,130,131,147,160,144,139,157,139,117,92,100,83,13,9,8,7,51,52,15
13,53,81,113,112,127,138,169,196,168,156,154,134,121,77,78,81,59,11,0,12,33,32,14
36,57,84,119,135,131,127,146,172,187,163,146,135,133,121,105,66,39,10,0,2,38,50,13
40,65,113,141,128,118,137,141,146,157,129,139,152,146,127,108,79,48,0,4,0,20,24,14
79,91,142,140,139,135,135,127,131,122,143,139,148,144,137,123,106,101,6,10,0,2,7,3
45,87,124,142,137,143,122,113,108,110,131,140,156,145,137,120,109,70,5,9,0,0,1,0
91,108,127,132,132,124,121,104,103,110,134,132,139,134,128,125,112,83,14,1,2,0,3,4
65,102,116,125,117,110,104,100,101,108,117,125,127,124,124,108,102,70,12,8,0,0,4,0
65,114,117,107,97,111,104,101,83,98,112,107,137,128,116,111,69,51,0,3,0,0,5,0
58,84,109,90,98,102,100,94,75,80,104,102,111,120,109,110,100,36,8,0,0,3,5,0
37,62,70,96,79,72,55,46,45,51,66,86,92,125,126,109,67,46,10,9,9,9,8,3
30,84,89,70,77,72,51,43,21,53,66,75,103,121,143,121,60,37,13,13,11,9,10,9
42,91,168,88,59,66,61,54,14,56,61,68,91,144,169,151,71,26,16,1,2,4,0,0
26,54,98,74,77,47,46,42,24,53,58,67,84,119,116,104,58,12,8,6,0,6,5,10
29,56,71,72,66,55,47,28,41,43,51,60,72,74,73,62,51,12,12,10,3,0,0,0
28,49,58,75,58,54,52,51,29,42,51,53,55,70,69,57,13,11,12,6,0,0,0,0
28,32,43,62,58,58,45,32,41,35,50,55,62,57,58,39,11,5,9,0,0,0,0,0
13,54,63,39,54,53,51,41,17,36,53,57,55,55,52,24,11,6,3,0,5,3,1,3
12,51,53,54,32,40,29,30,24,26,42,55,52,52,51,13,9,3,0,3,4,0,0,0
22,52,57,54,50,25,33,14,13,41,36,41,49,53,50,14,11,0,0,0,0,0,0,0
14,50,55,54,52,51,26,27,14,41,51,52,54,31,43,34,9,4,0,0,0,0,0,0
18,24,51,54,39,20,44,16,10,13,50,53,54,53,48,29,13,2,1,3,0,1,0,1
14,24,45,40,11,8,14,13,11,33,11,40,53,50,35,14,14,11,7,0,0,0,3,6
7,14,24,16,13,11,10,0,10,23,11,33,52,52,13,5,3,4,7,4,2,0,5,7
11,14,17,14,12,0,8,3,9,12,10,22,67,65,30,12,11,9,8,7,0,1,0,5

0,0,0,0,0,0,4,5,30,81,111,100,50,9,6,5,0,0,0,0,0,0,0,0
2,0,4,2,0,0,0,9,6,11,52,52,50,14,6,0,0,0,0,0,0,0,0,0
4,13,12,12,8,3,7,0,7,10,14,53,14,47,18,10,6,12,11,8,4,0,0,3
7,53,75,69,59,66,79,65,44,10,57,75,80,98,62,69,102,59,12,12,8,6,3,7
24,66,74,78,108,112,131,129,115,102,78,110,94,106,110,110,96,74,82,61,41,14,0,0
62,66,62,101,155,183,217,223,221,185,144,150,153,142,155,126,107,103,90,67,58,34,9,4
56,73,53,107,142,191,222,179,216,233,201,225,214,194,163,161,117,92,63,73,73,58,9,9
58,39,54,89,143,173,199,226,237,208,172,161,177,186,191,159,122,90,71,69,67,56,18,7
53,26,54,74,109,159,184,216,223,175,175,175,168,158,147,128,95,70,54,54,54,54,13,9
34,5,28,63,103,149,212,237,242,240,222,228,211,171,131,110,82,65,21,14,55,57,20,2
12,10,7,40,75,134,193,224,246,236,266,243,207,183,132,98,80,54,28,11,50,51,31,3
8,1,10,14,73,120,177,207,227,208,225,193,212,208,143,112,73,10,2,10,35,55,27,1
9,11,0,51,100,114,118,140,150,185,188,194,201,188,148,112,66,7,0,0,13,100,54,6
0,0,0,71,111,137,140,154,151,139,147,147,156,147,124,106,85,0,6,5,37,95,68,23
8,0,11,71,106,133,150,160,164,159,152,150,139,116,77,71,66,10,7,0,4,73,78,13
8,0,13,60,102,123,149,144,158,154,147,146,123,95,74,77,37,5,0,0,0,50,56,19
0,11,34,57,89,122,120,116,116,117,118,146,106,105,76,59,23,14,0,8,6,26,57,12
14,21,46,57,79,120,181,227,236,180,166,133,126,114,76,55,39,32,13,10,19,34,38,19
17,47,65,85,122,97,125,153,186,145,149,153,138,124,111,63,58,19,7,11,13,58,65,24
18,51,62,107,117,130,131,147,160,144,139,157,139,117,92,100,84,13,9,8,7,51,52,16
13,53,81,113,112,127,138,169,196,167,156,154,134,121,78,78,81,59,11,0,12,33,32,14
37,57,84,119,135,131,127,146,172,187,162,145,135,133,121,105,66,39,10,0,2,37,50,13
41,65,114,141,128,119,137,141,146,157,129,139,152,146,127,108,79,48,0,5,0,20,24,14
79,91,142,140,139,135,135,127,132,122,143,140,148,144,137,123,106,101,6,10,0,2,8,3
45,87,124,142,137,143,122,113,108,110,131,140,156,145,137,120,109,71,5,9,0,0,1,0
91,108,127,132,132,124,121,104,103,110,134,132,139,134,128,125,112,85,14,1,2,0,3,4
65,102,116,125,117,110,104,100,101,108,116,125,127,124,124,108,102,70,12,8,0,0,4,0
65,114,117,107,97,111,104,101,84,97,111,107,137,128,116,111,69,51,0,3,0,0,5,0
58,83,108,90,98,102,100,94,75,80,104,102,111,120,108,110,100,35,8,0,0,2,5,0
37,62,70,96,79,72,55,47,45,51,67,86,92,125,126,109,67,47,10,9,9,9,8,3
30,84,89,70,78,72,51,43,21,53,66,75,102,121,143,121,60,37,13,13,11,9,10,9
43,91,168,89,59,66,61,54,14,57,61,68,91,144,169,151,71,26,16,0,2,4,0,0
26,54,98,74,77,47,46,41,25,53,58,68,84,119,116,104,58,12,8,6,0,6,5,10
30,56,71,72,66,55,48,29,40,44,51,60,72,74,73,62,51,12,12,10,3,0,0,0
29,49,58,75,58,54,52,51,29,42,51,53,55,70,70,57,13,11,12,6,0,0,0,0
28,32,43,62,58,58,45,32,41,34,50,55,62,57,58,41,11,6,9,0,0,0,0,0
13,54,63,39,54,53,51,41,17,36,53,57,55,55,52,23,11,5,3,0,5,3,1,3
12,51,53,54,32,40,28,30,24,25,42,55,52,52,51,13,9,3,0,3,4,0,0,0
22,52,57,54,50,24,31,14,13,40,37,40,49,53,50,14,11,0,0,0,0,0,0,0
14,50,55,54,52,51,26,27,14,41,51,53,54,32,42,34,9,4,0,0,0,0,0,0
18,24,51,54,38,18,43,16,10,13,50,53,53,52,46,29,13,2,0,3,0,1,0,1
14,24,44,41,11,8,14,13,11,33,11,41,53,50,35,14,14,11,7,0,0,0,4,6
7,14,25,16,13,11,10,0,10,23,11,33,52,52,13,5,3,4,7,4,3,0,5,7
11,14,17,14,12,0,8,3,9,12,10,22,67,65,29,12,11,9,8,7,0,1,0,5
