4,3,2,3,6,10,0,0,4,0,0,0,0,5,0,8,3,6,2,5,10,10,14,0
0,0,6,7,9,9,0,0,0,0,10,12,14,13,24,19,14,4,0,9,14,13,10,10
10,7,11,14,13,8,10,7,13,10,59,64,93,77,56,54,34,51,14,47,47,14,14,9
5,6,16,28,35,45,52,81,75,86,102,93,78,65,56,54,54,38,41,12,10,9,11,0
0,0,7,14,50,55,58,59,72,75,72,72,76,52,48,30,21,29,22,15,8,2,0,0
11,14,23,16,14,51,56,52,63,70,70,61,54,45,44,23,29,35,35,14,12,9,8,7
6,6,14,51,54,50,63,84,87,80,75,59,61,60,61,54,52,77,82,58,46,31,0,0
11,33,53,60,64,73,134,460,226,118,83,74,68,64,70,72,67,112,179,108,60,43,14,53
52,55,58,63,66,90,193,756,479,133,101,92,92,84,83,88,110,161,594,275,70,51,29,15
14,27,46,18,34,57,90,142,97,84,82,84,88,98,104,106,134,227,793,354,95,51,43,19
12,6,11,35,50,14,48,72,61,57,72,75,71,87,83,74,64,90,131,90,52,10,12,8
0,2,3,9,11,25,50,62,66,64,78,73,75,94,86,89,69,74,69,14,52,48,10,4
0,5,20,12,20,45,50,56,70,103,118,113,123,122,120,101,59,53,53,16,2,23,11,14
0,8,14,13,4,19,51,92,85,109,130,133,135,134,129,114,87,94,56,14,0,0,0,0
0,6,14,5,8,10,11,67,65,69,105,126,136,138,126,110,91,72,50,5,0,0,0,2
0,3,0,0,2,8,14,68,77,77,97,121,133,135,119,106,80,97,53,13,0,9,0,0
7,7,0,5,8,47,64,88,72,86,127,129,151,124,107,95,85,64,61,11,8,8,4,0
11,7,5,22,24,46,46,54,76,106,142,161,162,160,147,150,119,64,38,21,12,10,8,9
3,5,0,12,13,70,80,107,107,141,161,192,188,131,129,140,134,102,58,42,14,8,3,9
3,4,6,12,31,70,74,121,145,149,158,176,174,169,157,155,156,123,108,101,13,9,1,9
9,3,1,12,28,51,110,121,135,140,180,188,196,194,178,162,136,123,110,59,28,6,2,5
2,2,9,11,43,65,121,132,155,173,182,206,220,214,191,171,135,95,77,66,29,11,7,8
6,3,11,20,34,60,112,150,160,171,194,159,149,146,142,138,137,126,87,82,37,1,3,2
0,0,8,31,55,101,123,143,154,164,160,142,123,114,130,138,137,133,111,104,57,8,5,1
3,4,5,23,72,102,119,141,148,147,137,126,111,115,126,129,133,129,115,112,62,12,10,15
7,3,9,28,86,106,122,138,141,131,116,111,104,107,121,122,130,129,119,106,64,13,14,10
1,7,6,40,69,102,112,118,118,126,106,81,83,100,112,116,124,116,113,90,73,16,15,13
3,13,12,46,87,104,114,102,113,113,103,100,60,80,106,115,125,114,103,84,61,10,13,8
2,11,9,54,100,111,113,113,106,82,69,54,55,67,87,103,112,116,110,75,46,13,10,4
11,12,20,56,97,99,105,102,96,83,61,50,50,51,53,60,84,94,91,64,51,13,12,10
8,14,12,51,68,115,116,82,67,51,48,40,36,51,56,66,94,108,109,61,33,11,12,9
3,10,11,51,60,127,128,82,59,46,40,8,13,53,65,66,93,129,127,42,29,16,6,1
8,9,11,52,71,103,69,57,52,38,12,14,2,37,53,63,102,141,125,64,35,12,8,9
6,12,12,51,53,57,50,26,27,17,11,7,9,10,46,54,46,68,73,56,32,13,12,10
0,11,15,50,47,29,13,14,4,10,3,2,7,5,19,26,52,56,57,53,39,10,12,14
7,10,13,29,13,9,8,6,0,0,2,0,0,1,14,24,38,50,62,54,41,9,6,0
1,0,9,14,7,9,8,9,3,0,0,0,6,7,12,12,35,54,53,56,25,14,2,0
1,0,0,11,10,11,12,10,7,4,5,0,4,4,9,13,16,41,45,26,38,12,3,0
0,1,6,6,3,5,1,9,8,9,7,0,11,6,4,14,10,24,28,42,30,12,4,5
0,1,2,7,5,8,10,7,7,8,9,11,12,10,9,6,13,13,14,43,21,10,0,0
0,7,7,4,7,8,7,12,14,12,8,10,9,12,2,9,14,11,12,29,18,4,0,0
6,9,8,3,9,10,11,12,9,3,0,2,10,10,8,11,6,7,10,25,21,8,6,0
12,17,2,8,7,1,0,3,1,7,4,0,5,7,10,4,6,14,7,0,14,11,0,0
13,14,9,10,9,0,4,7,4,0,0,0,2,9,3,6,8,10,2,16,21,3,5,2

4,4,2,3,6,10,0,0,5,0,0,0,0,5,0,8,3,6,2,5,10,10,14,0
1,0,6,7,9,9,0,0,0,0,10,12,14,13,24,19,14,4,0,9,14,13,10,10
11,8,11,14,13,8,10,7,13,10,60,64,93,78,56,54,35,50,14,46,46,14,16,9
5,6,17,28,35,45,52,81,74,86,102,94,78,65,56,54,55,38,41,12,10,9,11,0
0,0,8,14,50,55,58,59,72,75,72,72,77,52,50,31,22,31,23,16,9,2,0,0
12,14,23,18,14,51,56,52,63,70,70,61,55,46,45,24,30,39,36,14,12,9,9,8
6,6,14,51,54,51,63,84,86,80,75,59,61,60,60,55,52,82,83,56,46,31,0,0
11,34,53,60,65,74,134,458,223,117,83,74,68,64,71,72,67,115,183,106,60,42,15,53
53,55,59,64,66,90,196,756,473,133,102,93,93,84,84,89,110,160,587,277,71,51,30,17
14,28,46,19,35,57,92,146,99,85,83,84,88,98,105,107,135,234,793,368,96,52,45,20
12,6,11,36,50,15,50,72,61,57,72,75,71,87,83,74,65,91,134,92,53,11,13,8
0,2,3,9,11,27,51,62,65,63,75,70,72,90,83,87,69,75,70,15,52,50,10,4
0,5,20,12,20,46,50,57,68,101,115,110,120,120,118,100,59,54,53,17,3,24,12,14
0,8,14,13,4,20,50,88,81,106,128,131,133,132,127,113,84,93,58,14,0,0,0,0
0,6,14,5,9,10,11,65,64,68,103,124,133,135,124,109,87,72,49,5,0,0,0,2
0,3,0,0,3,8,14,67,75,75,95,118,131,133,117,104,79,95,53,13,0,8,0,0
7,7,0,5,9,49,64,87,71,85,125,127,149,122,105,94,84,63,59,11,8,7,4,0
11,7,6,21,28,46,46,54,75,104,140,158,159,158,146,148,117,62,37,19,12,10,8,9
2,5,0,12,14,73,81,107,106,140,159,191,186,130,128,140,133,101,57,39,14,8,3,9
3,4,6,12,37,73,75,121,144,148,156,175,173,168,156,154,155,122,108,101,13,9,1,9
8,3,1,13,31,51,111,120,133,139,179,188,196,195,178,162,136,123,110,59,27,6,2,5
1,0,8,13,52,70,122,132,155,172,183,207,222,215,191,171,136,95,77,66,29,11,7,8
6,0,10,27,38,64,112,150,160,172,194,162,151,147,142,139,137,127,87,82,36,1,3,2
0,0,9,44,57,101,123,143,154,165,161,143,124,115,130,139,138,134,111,104,56,8,6,1
2,4,6,38,75,102,119,141,148,147,137,126,110,116,126,129,133,129,115,112,61,12,10,16
7,4,10,36,87,106,122,138,141,130,116,111,104,107,122,122,130,129,120,106,64,13,14,10
1,8,7,42,70,103,111,118,117,125,106,81,82,100,112,116,124,116,113,90,74,16,16,13
3,12,12,47,88,104,114,102,113,113,103,100,60,80,106,115,125,114,103,84,61,10,13,8
2,11,9,54,100,111,113,113,106,82,68,54,55,67,87,103,112,117,110,75,46,13,10,4
11,13,18,56,97,100,105,102,96,83,61,50,50,51,53,60,84,94,91,64,51,13,12,11
9,14,12,51,68,116,119,84,68,51,49,40,36,51,57,66,95,109,108,61,32,11,12,9
4,10,11,51,60,126,132,85,59,47,43,8,13,53,65,66,93,129,127,42,28,16,6,1
8,9,11,52,70,103,70,57,52,38,12,14,1,36,53,63,102,141,124,64,35,12,8,9
6,12,12,51,53,57,50,29,27,18,12,7,9,10,46,54,46,68,72,56,31,13,12,10
0,11,15,50,47,29,13,14,4,10,3,2,7,5,18,26,52,56,57,53,40,10,12,14
7,9,13,29,13,10,8,6,0,0,1,0,0,0,14,23,38,50,62,55,41,9,6,0
2,0,9,14,7,9,8,9,3,0,0,0,6,7,12,12,35,54,53,56,26,14,1,0
1,0,0,11,10,11,12,10,7,4,5,0,4,4,9,12,16,40,44,26,38,12,4,0
0,1,6,6,3,5,1,9,8,9,7,0,10,7,5,14,10,24,28,42,30,12,4,5
0,0,2,7,5,8,10,7,7,8,9,11,12,10,9,5,13,13,14,44,21,10,0,0
0,7,7,4,7,8,7,12,14,13,8,10,10,12,3,9,14,11,12,29,18,4,0,0
5,8,7,3,9,10,11,12,10,3,0,2,10,10,8,11,6,7,10,25,21,8,6,0
12,15,2,7,7,1,0,4,1,8,4,0,5,7,10,4,6,14,7,0,14,11,0,0
13,14,9,10,9,0,4,7,4,0,0,0,3,9,3,6,8,9,2,16,21,3,5,1

5,4,2,3,6,10,0,0,5,0,0,0,0,5,0,8,3,6,2,4,10,10,14,0
1,0,6,7,9,9,0,0,0,0,10,12,14,14,23,19,14,3,0,9,14,13,11,10
11,8,11,14,13,8,10,7,13,10,60,65,94,78,56,54,34,50,14,45,47,14,18,9
6,7,17,28,35,45,52,81,74,87,102,94,78,66,56,54,55,38,41,12,10,9,12,0
0,0,8,14,50,55,57,59,72,75,72,72,77,52,50,32,22,31,23,16,9,3,0,0
12,14,23,19,14,51,56,52,63,70,70,61,55,46,45,24,30,39,36,14,12,9,9,7
6,6,14,51,54,51,64,84,87,81,76,59,61,61,61,55,52,83,83,56,47,31,0,0
11,34,53,60,64,74,135,457,220,118,83,75,68,65,71,72,67,115,184,107,60,42,15,54
52,55,59,64,66,90,197,756,459,132,101,93,93,84,83,88,109,160,583,276,71,51,30,17
14,28,46,19,35,57,92,146,98,85,83,84,88,98,104,107,136,235,793,373,96,52,45,20
12,6,11,36,50,14,50,72,60,56,71,75,71,87,82,73,65,91,134,93,53,11,13,8
0,2,3,9,11,26,50,61,64,63,76,71,73,91,83,86,68,74,70,15,52,49,10,4
0,5,19,12,19,46,50,56,68,103,118,112,122,122,120,101,59,54,53,17,3,24,12,14
0,8,14,13,4,19,48,89,84,109,131,133,135,134,129,114,86,92,59,14,0,0,0,0
0,6,14,5,9,10,11,66,65,69,106,126,135,137,126,110,91,73,51,5,0,0,0,2
0,3,0,0,3,8,14,68,76,76,96,119,132,134,118,105,80,98,53,13,0,8,0,0
7,7,0,5,9,49,64,88,72,85,125,126,149,123,105,94,84,64,60,11,8,7,4,0
11,7,6,22,28,47,47,54,75,104,140,158,159,158,146,148,118,63,38,20,12,10,7,8
2,5,0,12,14,73,81,107,106,140,159,190,186,129,128,140,134,102,58,41,14,8,3,9
1,3,5,12,38,73,75,120,143,147,155,174,173,168,156,154,155,123,108,101,12,9,1,9
8,3,1,12,32,51,111,120,132,139,178,187,196,193,177,162,136,123,109,58,26,6,2,5
0,0,7,13,52,69,122,131,154,171,182,206,221,214,190,171,136,95,76,65,28,10,7,8
6,0,10,27,37,65,112,150,159,171,193,161,150,146,142,138,137,127,87,82,36,1,3,2
0,0,9,43,57,101,123,142,154,164,160,142,123,114,130,138,137,134,111,104,57,8,5,1
2,4,6,38,76,102,119,141,148,147,137,126,110,115,126,129,133,129,115,112,61,12,10,16
7,4,11,37,87,106,122,138,141,130,116,111,104,107,121,122,130,128,119,106,64,13,14,10
1,8,7,42,70,103,112,118,117,125,106,80,82,100,112,116,124,116,113,90,73,16,15,13
3,13,12,48,88,104,114,102,113,113,103,100,60,80,106,115,125,115,103,84,61,10,13,8
2,11,9,54,100,111,113,113,106,82,69,54,55,67,87,103,112,116,110,75,46,13,10,4
12,13,20,56,97,100,106,102,96,83,61,50,50,51,53,60,84,94,91,64,51,13,12,11
9,14,12,51,68,116,120,84,68,51,49,40,36,51,57,66,95,109,108,61,32,11,12,9
4,10,11,50,60,127,133,86,59,47,44,8,12,53,65,66,94,129,126,42,28,16,6,1
8,9,11,52,70,103,70,58,52,39,12,14,1,36,53,63,102,142,124,64,35,12,8,9
6,12,12,51,53,57,50,29,29,18,12,7,9,10,46,54,46,68,72,56,32,13,12,10
0,11,15,50,48,30,13,14,4,10,3,3,8,5,18,27,52,56,57,53,40,10,12,14
7,9,12,29,13,10,8,6,0,0,1,0,0,0,14,23,39,50,62,55,41,9,6,0
2,0,9,14,7,9,8,9,3,0,0,0,6,7,12,12,36,54,53,56,26,14,2,0
2,0,0,11,10,11,12,10,7,4,5,0,4,5,9,12,15,41,45,27,38,12,4,0
0,1,6,6,3,5,1,9,8,10,7,0,10,7,5,14,10,23,28,42,30,12,4,6
0,1,2,7,5,8,10,7,7,8,9,11,12,10,9,5,13,13,14,44,22,10,0,0
0,7,7,4,7,8,7,12,14,12,8,10,10,12,3,9,14,11,12,28,19,4,0,0
5,8,7,3,9,10,11,12,10,3,0,2,11,10,8,11,6,7,10,26,22,8,6,1
12,14,2,7,7,1,0,4,1,8,4,0,5,7,10,4,6,14,7,0,14,11,0,0
13,14,9,10,9,0,4,8,4,0,0,0,3,9,3,6,8,10,2,16,21,3,5,1

5,4,2,3,6,10,0,0,5,0,0,0,0,5,0,8,3,6,2,4,10,10,14,0
1,0,6,7,9,9,0,0,0,0,10,12,15,14,23,19,14,4,0,9,14,13,11,10
11,8,11,14,13,8,10,7,13,10,60,65,94,79,56,54,35,50,14,46,47,14,17,9
6,7,18,29,35,45,53,81,75,87,103,94,78,66,57,54,55,38,42,13,10,9,12,0
0,0,8,14,51,56,58,59,73,75,72,72,77,53,50,33,24,32,23,17,9,3,0,0
12,14,24,19,14,51,56,52,63,71,71,61,55,47,45,24,31,40,37,14,12,9,9,7
6,6,14,51,54,51,64,85,88,82,76,59,61,60,61,55,52,84,85,57,46,31,0,0
11,33,53,60,65,74,137,461,219,118,83,75,69,65,71,72,67,116,187,108,61,42,16,53
52,55,59,63,66,90,199,756,446,132,101,92,93,84,83,89,109,158,579,277,71,51,30,17
14,28,46,18,34,57,93,146,96,84,83,84,88,98,104,107,136,236,793,376,96,52,46,20
12,6,11,36,50,14,50,71,60,56,71,75,71,87,82,73,65,91,134,93,53,11,13,8
0,2,3,9,11,25,51,61,64,64,78,72,74,92,84,86,68,74,69,15,53,49,10,4
0,5,20,12,20,46,50,56,69,104,119,114,124,124,121,101,59,54,53,17,3,23,11,14
0,8,14,13,4,19,47,89,85,109,132,134,136,136,131,115,87,92,59,14,0,0,0,0
0,6,14,5,9,10,11,67,65,70,106,127,136,139,127,111,93,73,51,5,0,0,0,2
0,3,0,0,2,8,14,69,76,77,96,120,132,135,119,106,81,99,54,13,0,8,0,0
7,7,0,5,8,49,64,88,72,85,125,127,150,123,106,94,85,64,61,11,8,7,4,0
11,7,5,22,28,47,47,54,75,104,141,158,159,158,146,149,118,63,38,20,12,10,7,8
2,5,0,12,14,73,81,107,106,140,159,190,186,130,129,140,134,101,57,40,13,8,2,9
1,3,4,12,37,73,75,120,142,147,156,174,173,168,156,154,155,122,107,100,12,9,1,9
8,2,0,12,32,51,110,119,131,138,177,187,195,193,177,161,135,122,109,57,25,6,2,5
0,0,7,13,52,70,121,131,152,170,181,205,219,213,190,170,135,95,76,65,28,10,7,7
6,0,10,27,38,65,112,149,158,170,192,160,149,145,141,138,137,126,87,81,35,1,3,2
0,0,9,47,58,101,123,142,153,164,159,141,123,114,130,138,137,134,111,104,55,8,5,1
2,4,6,38,75,102,119,140,148,147,136,125,110,115,125,128,132,128,114,112,61,12,10,15
7,4,11,39,87,106,122,138,141,130,116,111,104,107,121,122,130,129,119,106,64,13,14,10
1,8,7,42,69,103,111,117,117,125,106,81,81,100,112,116,124,116,113,90,73,16,15,13
3,12,12,48,88,104,114,102,113,113,103,100,59,80,106,115,125,114,103,84,61,10,13,8
2,11,9,54,100,111,113,113,106,82,68,54,55,67,87,103,112,116,110,75,46,13,10,4
12,13,20,56,97,100,106,102,97,84,61,50,50,51,53,60,84,94,91,64,51,13,12,11
9,14,12,51,68,116,119,84,68,51,49,40,36,51,57,66,95,109,108,61,32,11,12,10
4,10,11,51,60,127,133,86,59,48,47,8,13,53,65,66,94,130,126,42,28,16,6,1
8,10,11,52,70,103,70,58,52,39,12,14,1,37,53,63,102,142,125,64,35,12,8,9
6,12,12,51,53,57,51,30,29,20,12,7,9,10,46,54,46,68,73,56,32,13,12,10
0,11,15,50,49,31,13,14,5,10,3,3,8,5,17,27,52,56,57,53,40,10,12,14
8,10,13,29,13,10,8,6,0,0,1,0,0,0,14,23,38,50,62,55,42,10,6,0
2,0,9,14,7,9,8,9,3,0,0,0,6,7,12,12,36,54,53,56,26,14,2,0
1,0,0,11,10,11,12,10,7,4,5,0,4,5,9,12,14,41,44,27,38,12,4,0
0,1,6,6,3,5,1,9,8,9,7,0,11,7,5,14,10,24,28,42,32,12,5,6
0,1,2,7,5,8,10,7,7,8,9,11,11,10,9,5,13,13,14,45,24,11,0,0
0,7,7,4,7,8,7,12,14,13,8,10,10,12,3,9,14,11,12,29,19,5,0,0
5,8,7,3,9,10,11,12,10,3,0,2,11,10,8,11,6,7,10,26,22,8,6,0
12,14,2,7,7,1,0,4,1,8,4,0,5,7,10,4,6,14,7,0,14,11,0,0
13,14,9,10,9,0,4,8,4,0,0,0,3,9,3,6,8,10,2,16,22,3,5,1

5,4,2,3,6,10,0,0,5,0,0,0,0,5,0,8,3,6,2,4,10,10,14,0
2,0,6,7,9,9,0,0,0,0,10,12,14,14,27,19,14,4,0,9,14,13,11,10
11,8,11,14,13,8,10,7,13,10,60,65,94,79,56,54,34,50,14,46,47,14,18,9
6,7,18,29,36,45,53,82,75,87,103,94,78,66,56,54,55,38,43,13,10,9,12,0
0,0,8,15,50,55,58,59,72,75,73,72,77,53,50,35,24,32,23,17,9,3,0,0
12,14,23,21,14,51,56,52,63,71,71,62,55,47,45,24,31,43,39,14,12,9,9,8
6,6,14,51,54,51,64,85,88,82,76,59,61,61,61,55,53,86,86,57,46,31,0,0
11,33,53,60,64,74,137,462,218,118,83,75,69,65,71,72,67,116,189,108,60,42,16,53
52,55,58,63,66,90,200,756,441,131,101,92,92,84,83,88,108,157,577,275,70,51,30,17
14,28,46,18,35,57,93,146,95,84,83,84,88,98,104,107,137,237,793,380,96,53,45,20
12,6,11,36,50,14,50,71,60,56,71,75,71,87,82,72,64,90,133,93,53,11,13,8
0,2,3,9,11,25,50,61,64,64,77,72,75,93,83,86,68,74,69,15,52,50,10,4
0,5,19,12,19,45,50,56,69,104,119,115,126,125,122,101,59,53,53,16,3,23,12,14
0,8,14,13,4,19,50,90,86,110,133,135,138,137,132,116,90,92,60,14,0,0,0,0
0,6,14,5,9,10,11,67,65,71,108,129,138,141,129,112,94,73,51,5,0,0,0,2
0,3,0,0,2,8,14,69,77,77,98,121,134,136,120,107,82,100,54,13,0,8,0,0
7,7,0,5,8,47,63,89,72,86,126,128,151,124,107,95,85,64,61,11,8,7,4,0
11,7,5,22,27,46,46,54,75,105,142,160,161,159,147,150,119,63,38,20,12,10,7,8
2,5,0,12,14,73,81,107,106,140,160,192,188,131,129,140,134,101,57,39,13,8,2,9
0,3,3,12,36,72,74,119,142,147,156,175,174,169,157,154,155,122,107,100,12,9,1,9
8,2,0,12,31,51,110,118,130,137,177,187,196,193,177,161,135,122,108,57,24,6,1,5
0,0,7,13,52,70,121,130,151,169,180,203,218,212,188,169,135,93,75,64,27,10,7,7
6,0,9,27,38,65,112,149,157,169,191,158,148,144,141,137,136,126,86,81,34,0,3,2
0,0,9,44,57,101,123,142,153,163,158,141,123,114,129,137,137,133,111,104,54,8,5,0
2,4,6,39,75,102,119,140,147,146,136,125,110,115,125,128,132,128,114,112,61,12,10,15
7,4,11,39,89,106,122,137,141,130,116,111,104,107,121,122,130,128,119,106,64,13,14,10
1,8,7,43,72,103,111,117,117,125,106,81,82,100,112,116,124,117,113,90,73,15,15,13
3,12,12,47,88,104,114,102,113,113,103,100,59,80,106,115,125,114,103,83,61,10,13,8
2,11,9,54,100,111,113,113,106,82,69,54,55,67,87,103,112,116,110,75,46,13,10,4
11,13,19,56,97,100,106,102,96,83,61,50,50,51,53,60,85,94,90,64,51,13,12,11
9,14,12,51,68,116,120,84,68,51,49,40,36,51,57,66,95,109,108,61,32,11,12,10
4,10,11,51,60,127,134,87,59,48,48,8,13,53,65,66,94,130,126,41,28,16,6,1
8,10,11,52,70,103,71,58,52,39,12,14,1,38,53,63,102,143,125,63,34,12,8,9
6,12,12,51,53,57,51,30,29,20,12,7,9,10,46,54,46,68,73,56,31,13,12,10
0,11,15,50,48,31,13,14,4,10,4,3,8,5,17,26,52,56,57,53,40,10,12,14
8,10,13,29,13,10,8,6,0,0,2,0,0,1,14,23,39,50,62,55,42,10,6,0
2,0,9,14,7,9,8,9,3,0,0,0,6,7,12,12,36,54,53,57,26,14,2,0
1,0,0,11,10,11,12,10,7,4,5,0,4,5,10,13,16,42,45,27,39,12,4,0
0,2,6,6,3,5,1,8,8,10,7,0,11,7,5,14,10,24,28,43,33,12,5,6
0,1,2,7,5,8,10,7,7,8,9,11,12,10,9,6,13,13,14,45,25,11,0,0
0,7,7,4,7,8,7,12,14,13,8,10,10,12,3,9,14,11,12,29,19,5,0,0
5,8,8,3,9,10,11,12,9,3,0,2,11,10,8,11,6,7,10,26,22,8,6,0
12,14,2,7,8,1,0,4,1,8,4,0,5,7,10,4,6,14,7,0,14,11,0,0
13,14,9,10,9,0,4,8,4,0,0,0,3,9,3,6,8,10,2,16,21,3,5,2

5,5,3,3,6,10,0,0,5,0,0,0,0,5,0,8,3,6,2,4,10,10,14,0
2,0,6,7,10,9,0,0,0,0,10,13,15,14,26,19,14,4,0,9,14,13,11,10
11,8,11,14,13,8,10,7,14,10,60,65,94,80,56,54,35,51,14,47,47,14,20,9
6,7,18,29,36,45,53,82,75,87,103,95,78,66,57,54,55,39,43,13,10,9,12,0
0,0,8,16,51,56,58,59,73,75,73,72,77,53,50,35,25,32,23,17,9,3,0,0
12,14,24,20,14,51,56,52,63,71,71,62,55,47,45,24,30,43,40,14,12,9,9,8
6,6,14,51,54,51,64,85,88,82,76,59,61,61,61,55,53,87,86,57,46,31,0,0
11,34,53,60,64,74,138,462,217,118,83,75,69,65,72,72,67,117,189,108,60,41,17,53
52,55,59,63,66,90,201,756,435,131,100,92,92,84,83,88,108,156,575,273,70,51,30,18
14,29,48,18,35,57,93,146,95,84,82,84,88,98,105,107,137,238,793,383,96,53,45,20
12,6,11,36,50,14,50,71,59,56,71,74,71,87,82,72,64,90,134,94,53,11,13,8
0,2,3,9,11,25,50,61,64,64,77,72,75,93,84,86,68,74,69,15,53,50,10,4
0,5,19,12,19,44,50,56,69,104,119,115,126,126,123,102,58,53,53,16,3,23,11,14
0,8,14,13,4,19,47,89,86,110,133,136,138,138,133,116,91,92,61,14,0,0,0,0
0,6,14,5,8,10,11,67,65,71,108,129,138,141,129,113,94,73,51,4,0,0,0,2
0,3,0,0,2,8,14,69,77,77,98,121,134,137,121,108,82,100,54,13,0,8,0,0
7,7,0,5,8,47,63,89,72,86,127,129,152,124,107,95,85,64,61,11,8,7,4,0
11,7,6,22,27,46,46,54,75,105,142,160,162,159,147,151,119,64,38,20,12,10,7,8
2,5,0,12,14,71,80,106,106,140,160,192,188,131,129,140,134,101,57,39,13,8,2,9
0,2,3,12,36,72,74,119,141,147,156,175,174,169,157,155,155,122,107,100,12,9,1,9
8,2,0,12,32,51,110,118,129,137,177,187,196,194,177,161,135,122,108,57,23,6,1,5
0,0,7,13,52,70,121,130,150,168,179,203,218,212,188,169,134,94,75,64,27,10,6,7
6,0,9,27,38,64,112,149,157,168,190,158,147,144,140,137,136,125,86,81,34,0,3,1
0,0,9,45,57,101,123,142,152,163,158,140,122,114,129,137,137,133,111,103,54,8,5,0
2,4,6,42,75,102,119,140,147,146,136,125,110,115,125,128,132,128,114,112,61,12,10,15
7,4,11,39,88,106,122,137,141,130,116,110,104,107,121,122,130,128,119,106,64,13,14,10
1,8,7,42,69,103,111,117,117,125,106,81,81,100,112,116,124,116,113,89,72,16,15,13
3,12,12,48,88,104,114,102,113,113,103,100,59,81,106,115,125,115,103,84,61,10,13,8
2,11,10,54,100,111,113,113,106,82,68,54,55,67,87,103,112,117,110,75,46,13,10,4
11,13,18,56,98,100,106,102,97,83,61,50,50,51,53,60,84,94,91,64,51,13,12,11
9,14,12,51,68,117,120,85,68,51,49,40,36,51,57,66,95,109,108,61,32,11,12,10
4,10,11,51,60,127,134,87,59,48,47,8,13,53,65,66,94,130,126,41,28,16,6,1
8,10,11,52,70,103,71,58,52,40,12,14,1,37,53,64,102,143,125,64,35,12,8,9
6,12,12,51,53,58,51,30,29,19,12,7,10,10,46,54,46,69,73,56,32,13,12,10
0,11,15,50,49,31,13,14,5,10,4,3,8,5,17,27,52,56,57,53,41,10,12,14
7,9,13,29,13,10,8,6,0,0,1,0,0,0,14,23,38,50,62,54,43,10,6,0
2,0,9,14,7,9,8,9,3,0,0,0,6,7,12,12,37,54,53,57,26,14,2,0
1,0,0,11,10,11,12,10,8,4,5,0,4,5,10,13,16,42,45,27,38,12,4,0
0,1,6,6,3,5,1,9,8,10,7,0,11,7,5,14,10,24,28,43,32,12,5,6
0,1,2,7,5,8,10,7,7,8,9,11,12,10,9,6,13,13,14,44,25,11,0,0
0,6,7,4,7,8,7,12,14,13,8,10,10,12,3,9,14,11,12,29,21,5,0,0
5,8,7,3,9,10,11,12,10,3,0,2,11,10,8,12,6,7,10,26,22,8,6,1
12,14,2,7,8,1,0,4,1,8,4,0,5,7,10,4,6,14,7,0,14,11,0,0
13,14,9,10,9,0,4,8,4,0,0,0,3,9,3,6,8,10,2,16,21,3,5,1

5,5,3,3,6,10,0,0,5,0,0,0,0,5,0,8,3,6,2,4,10,10,14,0
2,0,6,7,10,9,0,0,0,0,10,13,16,14,26,19,14,4,0,9,14,13,11,10
11,8,11,14,13,8,10,7,13,10,60,65,95,80,56,54,35,51,14,47,48,14,20,9
6,8,19,29,36,45,53,81,74,87,103,95,79,66,57,54,55,39,43,13,10,9,12,0
0,0,9,16,51,56,58,59,72,75,72,72,77,53,50,35,25,32,23,17,9,3,0,0
12,14,25,21,14,51,56,52,63,71,71,62,55,47,45,25,31,44,40,14,12,9,9,8
6,6,14,51,54,51,64,85,88,82,76,59,61,60,61,55,53,87,86,56,46,31,0,0
11,35,53,60,64,74,138,460,217,118,83,75,69,65,72,72,67,117,189,108,60,42,17,53
53,55,59,63,66,90,202,756,438,131,101,92,93,84,83,88,108,157,574,272,70,51,30,17
14,28,46,19,35,57,94,147,96,84,83,84,88,99,105,108,138,239,793,386,96,53,47,20
12,6,11,36,50,14,50,72,60,56,71,75,71,87,82,72,65,91,134,94,53,11,13,8
0,2,3,9,11,25,50,61,64,64,77,72,74,93,84,86,68,74,69,15,53,50,10,4
0,6,19,12,19,45,50,56,69,104,118,114,125,125,122,101,59,53,53,17,3,23,11,14
0,8,14,13,4,19,47,88,85,109,132,135,137,137,132,116,89,91,61,14,0,0,0,0
0,6,14,5,8,10,11,67,65,70,107,128,137,140,128,112,93,73,51,4,0,0,0,2
0,3,0,0,2,8,14,69,77,77,97,121,134,136,120,107,81,100,54,13,0,8,0,0
7,7,0,5,8,46,63,89,72,85,126,128,151,124,107,95,85,64,60,10,8,7,3,0
11,7,5,21,27,46,46,54,75,105,141,160,160,159,147,150,118,63,38,19,12,10,7,8
2,5,0,12,14,73,81,106,106,140,160,191,187,130,129,140,134,101,57,39,13,8,2,9
0,2,3,12,36,73,74,119,141,147,156,175,174,169,157,154,155,122,107,100,12,9,1,9
7,1,0,12,32,51,110,118,130,137,177,187,196,194,177,162,135,122,108,57,24,6,1,5
0,0,6,14,53,70,121,130,151,169,180,204,219,213,189,170,135,94,75,64,27,10,6,7
5,0,9,28,38,65,112,149,158,169,191,159,148,144,141,137,136,126,86,81,35,0,3,2
0,0,9,45,57,101,123,142,153,163,158,141,123,114,129,138,137,133,111,103,54,8,5,0
2,3,6,41,76,102,119,140,147,146,136,125,110,115,125,128,132,128,114,112,61,12,10,15
7,4,11,39,90,106,122,138,141,130,116,110,104,107,121,122,130,129,119,106,64,13,14,10
1,8,7,43,69,103,112,117,117,125,106,80,82,100,112,116,124,116,113,90,73,16,15,13
3,12,12,48,88,104,114,102,113,113,103,100,59,80,106,115,125,115,103,84,61,10,13,8
2,11,10,54,100,111,113,113,106,82,68,54,55,67,87,103,112,116,110,75,46,13,10,4
12,13,18,56,97,100,106,102,97,83,61,50,50,51,53,60,84,94,91,64,51,13,12,10
9,14,12,51,68,117,121,85,68,51,49,40,36,51,57,66,95,109,108,61,32,11,12,10
4,10,11,51,60,127,134,87,59,47,48,8,13,53,65,66,94,130,126,41,28,16,6,1
8,10,11,52,70,103,71,58,52,40,12,14,1,37,53,64,102,143,125,64,34,12,8,9
6,12,12,51,53,57,51,30,29,20,12,7,9,10,46,54,46,68,73,56,31,13,12,10
0,11,14,50,48,31,13,14,5,10,4,3,7,5,17,26,52,56,57,53,41,10,12,14
7,9,13,29,13,10,8,6,0,0,1,0,0,0,14,24,38,50,62,54,42,10,6,0
2,0,9,14,7,9,8,9,4,0,0,0,6,7,12,12,36,54,53,56,26,14,2,0
2,0,0,11,10,11,12,10,8,4,5,0,4,5,10,12,16,41,44,27,38,12,4,0
0,2,6,6,3,6,1,9,8,10,7,0,11,7,5,14,10,23,28,42,34,12,5,6
0,0,2,7,5,8,10,7,7,8,9,11,11,10,9,5,13,13,14,44,25,11,0,0
0,6,7,4,7,8,7,12,14,13,8,10,10,12,3,9,14,11,12,29,21,5,0,0
5,8,7,3,9,10,11,12,10,3,0,2,11,10,8,11,6,7,10,27,22,8,6,0
12,14,1,7,7,2,0,4,1,8,4,0,6,7,10,4,6,14,7,0,14,11,0,0
13,14,9,10,9,0,4,8,4,0,0,0,3,9,3,6,8,10,2,16,22,3,5,2

5,5,3,3,6,10,0,1,5,0,0,0,0,5,0,8,3,6,2,5,10,10,14,0
2,0,6,7,10,9,0,0,0,0,10,13,15,14,26,19,14,4,0,9,14,13,11,10
11,8,11,14,13,8,10,7,14,10,60,65,94,78,56,54,34,50,14,46,48,15,21,9
6,8,19,29,37,45,53,81,75,87,103,95,79,66,57,54,55,38,43,13,10,9,12,0
0,0,9,17,51,56,58,59,72,75,72,73,78,53,51,35,25,33,23,17,9,3,0,0
12,14,25,21,14,51,56,52,63,71,71,62,55,47,45,25,31,44,39,14,12,9,9,8
7,6,14,51,54,51,64,85,87,82,76,59,61,61,61,55,53,87,86,56,46,31,0,0
11,35,54,60,65,74,138,460,217,118,83,75,70,65,72,72,67,118,189,108,60,42,17,54
53,55,59,64,66,90,203,756,441,131,101,93,93,85,84,89,108,157,575,272,70,51,31,18
14,29,46,18,34,57,94,148,97,85,83,85,88,98,105,108,138,240,793,389,97,53,47,20
13,7,11,36,50,15,50,72,60,56,71,75,71,87,82,73,65,91,135,95,53,12,13,8
0,2,3,10,11,25,50,61,64,63,77,71,74,92,84,86,68,74,69,15,53,50,10,4
0,6,21,12,21,47,50,56,69,103,117,113,124,124,121,101,59,54,53,17,3,23,11,14
0,8,14,13,4,20,48,88,84,108,130,133,136,136,131,115,88,92,62,14,0,0,0,0
0,6,14,5,9,10,11,66,65,70,106,127,136,139,127,111,92,73,51,5,0,0,0,2
0,3,0,0,2,8,14,68,76,77,97,120,133,135,119,106,81,98,53,13,0,8,0,0
7,7,0,5,8,47,63,88,72,85,126,127,150,123,106,94,85,63,60,10,8,7,3,0
11,7,5,22,27,46,46,54,75,104,141,159,160,158,147,149,118,63,38,19,12,10,7,8
2,5,0,12,14,73,81,107,106,140,160,191,187,130,129,140,133,101,57,39,13,8,2,9
0,2,3,12,37,73,74,119,142,147,156,174,174,169,157,154,155,122,107,100,12,9,1,9
7,1,0,12,32,51,110,119,130,138,178,187,196,194,177,162,135,122,109,57,24,6,1,5
0,0,7,14,53,71,121,131,152,170,181,205,220,214,190,170,135,94,76,65,27,10,7,7
6,0,9,28,38,66,112,149,158,170,192,160,149,145,141,138,137,126,87,81,35,1,3,2
0,0,9,45,57,101,123,142,153,164,159,141,123,114,130,138,137,134,111,104,55,8,5,0
2,3,6,42,75,102,119,141,147,147,136,125,110,115,125,128,132,128,114,112,61,12,10,15
7,4,11,40,89,106,122,138,141,130,116,111,104,107,121,122,130,129,119,106,64,13,14,10
1,8,7,44,71,103,112,118,117,125,106,81,82,100,112,116,124,116,113,90,73,16,15,13
3,12,12,47,87,104,114,102,113,113,103,100,59,80,106,115,125,114,103,84,61,10,13,8
2,12,10,55,100,111,114,113,106,82,68,54,55,67,87,103,113,117,110,75,46,13,10,4
12,13,19,56,98,100,106,102,97,83,61,50,50,51,53,60,85,94,91,64,51,13,12,11
9,14,12,51,68,117,121,85,68,51,49,41,36,51,57,66,95,109,109,61,32,11,12,10
4,10,11,51,60,127,135,88,59,50,48,8,13,53,65,66,94,130,127,42,28,16,6,1
8,10,11,52,69,103,70,58,52,39,12,14,1,38,53,64,102,143,125,63,35,12,8,9
7,12,12,51,53,57,50,31,29,20,12,7,9,10,46,54,46,68,72,56,31,13,12,10
0,11,15,50,49,31,13,14,5,10,4,3,8,5,19,27,52,56,57,53,41,10,12,14
8,9,12,27,13,10,8,6,0,0,2,0,0,0,14,23,38,50,62,54,42,10,6,0
2,0,9,14,7,9,8,9,4,0,0,0,6,7,12,12,36,54,53,57,26,14,2,0
2,0,0,11,10,11,12,10,8,4,5,0,4,5,10,13,15,41,45,27,39,12,4,0
0,2,6,6,3,5,1,9,8,10,7,0,11,7,5,14,10,23,28,43,33,12,5,6
0,0,2,7,5,8,10,7,7,8,9,11,11,10,9,5,13,13,14,45,25,11,0,0
0,6,7,3,7,8,7,12,14,13,8,10,10,12,3,9,14,11,12,30,21,5,0,0
5,8,7,3,9,10,11,12,9,3,0,2,10,10,8,11,6,7,10,26,23,8,6,0
12,14,1,7,7,1,0,4,1,8,4,0,5,7,10,4,6,14,7,0,14,11,0,0
13,14,9,9,9,0,4,8,4,0,0,0,3,9,3,6,8,10,2,17,23,3,5,1

5,5,3,3,6,10,0,1,5,0,0,0,0,5,0,8,3,6,2,5,10,10,14,0
2,0,6,7,10,10,0,0,0,0,10,13,15,14,26,19,14,3,0,9,14,13,11,10
11,9,11,14,13,8,10,7,14,10,60,65,94,79,56,54,34,50,14,47,48,15,21,9
7,8,19,29,37,45,52,81,74,87,103,94,78,66,57,54,55,39,43,13,10,10,12,0
0,0,9,17,51,55,58,59,72,75,72,73,77,53,51,35,25,31,23,17,9,3,0,0
12,14,25,22,14,51,56,52,63,71,71,62,55,47,46,25,31,43,39,14,12,9,9,8
7,6,14,51,54,51,64,85,87,82,76,59,61,61,61,55,53,87,86,56,47,31,0,0
11,36,53,60,65,74,137,458,217,118,83,75,69,65,72,72,67,117,188,107,60,41,18,53
53,55,59,64,66,90,204,756,445,132,101,93,93,85,84,89,108,157,576,273,71,51,31,18
14,29,46,19,35,57,94,150,98,85,83,85,88,98,105,108,138,242,793,393,97,53,47,20
12,7,11,36,50,14,50,72,60,56,71,75,71,87,82,73,65,91,136,96,54,12,13,8
0,2,3,10,11,25,50,61,64,63,75,70,72,90,82,84,68,74,70,16,53,50,10,4
0,6,20,12,21,47,50,56,68,102,115,110,121,121,119,100,58,54,53,18,3,24,11,14
0,8,14,13,4,20,47,88,83,107,129,132,134,134,129,114,86,91,61,14,0,0,0,0
0,6,14,5,9,10,11,65,64,69,105,126,135,137,126,111,90,72,50,5,0,0,0,2
0,3,0,0,2,8,14,68,76,76,96,119,132,134,119,105,80,98,53,13,0,8,0,0
7,7,0,4,8,48,63,87,71,85,125,127,150,123,105,94,84,63,60,10,8,7,3,0
11,7,5,21,27,46,46,53,74,104,140,158,159,157,146,148,117,62,37,19,12,10,7,8
2,5,0,12,14,73,81,107,106,140,159,190,186,130,128,140,133,101,57,39,13,8,2,9
0,2,3,12,37,73,75,120,142,147,155,174,173,168,156,154,154,122,107,100,12,9,0,9
7,1,0,12,32,51,111,119,131,138,178,188,196,194,177,161,135,122,109,57,25,6,1,5
0,0,6,14,53,70,122,131,153,171,182,207,221,215,190,170,135,94,76,65,28,10,6,7
5,0,9,29,38,66,112,150,159,171,193,161,150,146,142,138,137,126,87,81,35,1,3,2
0,0,9,45,57,101,123,142,153,164,160,142,123,114,130,138,137,134,111,104,54,8,5,0
2,3,6,41,76,102,119,141,148,147,136,125,110,115,125,129,132,129,115,112,61,12,10,15
7,4,11,39,90,106,122,138,141,130,116,111,104,107,121,122,130,129,120,106,64,13,14,10
1,8,7,46,70,103,112,118,117,125,106,81,84,100,112,116,124,116,113,90,73,16,16,13
3,13,12,48,90,104,114,102,113,113,103,100,59,81,106,115,125,115,103,84,61,10,13,8
2,11,10,54,100,111,113,113,106,82,68,54,55,68,87,103,113,117,110,75,46,13,10,4
12,13,18,56,97,100,106,102,97,83,60,50,50,51,53,60,85,94,91,64,51,14,12,10
9,14,12,51,68,117,121,85,68,51,49,40,37,51,57,66,95,109,109,61,32,11,12,10
4,10,11,51,59,127,135,88,59,48,48,8,13,53,65,66,94,130,127,42,28,16,7,1
8,10,11,52,69,103,70,58,52,40,12,14,1,36,53,64,102,142,124,63,34,12,8,9
7,12,12,51,53,57,51,30,29,20,12,8,9,10,47,54,46,68,72,56,32,13,13,10
0,11,14,50,48,30,13,14,5,10,4,3,7,5,17,26,52,56,57,53,41,10,12,14
8,9,12,28,13,10,8,6,0,0,2,0,0,0,14,23,39,50,62,55,43,10,6,0
2,0,9,14,7,9,8,9,4,0,0,0,6,7,12,12,35,54,53,56,26,14,2,0
2,0,0,11,10,11,12,10,8,4,5,0,4,5,9,13,16,41,44,27,38,12,4,0
0,1,6,6,3,5,1,9,8,10,7,0,11,7,4,14,10,22,28,43,33,12,5,6
0,0,2,7,5,8,10,7,7,8,10,11,11,10,9,5,13,13,14,45,24,11,0,0
0,6,7,3,7,8,7,12,14,13,8,10,10,12,3,9,14,11,12,30,21,5,0,0
5,8,7,3,9,10,11,12,9,3,0,2,10,10,8,11,6,7,10,26,23,8,6,0
12,14,1,7,7,1,0,4,1,8,4,0,5,7,10,3,6,14,7,0,14,11,0,0
13,14,9,9,9,0,4,8,4,0,0,0,3,9,3,6,8,10,2,17,23,3,5,2

5,5,3,3,6,10,0,0,5,0,0,0,0,5,0,8,3,6,2,4,10,10,14,0
2,0,6,7,10,10,0,0,0,0,10,12,16,14,26,19,14,4,0,9,14,14,11,10
11,8,11,14,13,8,10,7,14,10,60,65,96,78,56,54,34,50,14,46,47,16,20,10
7,8,19,30,37,45,53,82,73,87,103,95,78,66,57,54,55,38,43,13,10,9,12,0
0,0,9,18,51,55,58,59,72,75,72,73,77,53,51,35,26,31,23,17,9,3,0,0
12,14,26,22,14,51,56,52,63,71,71,62,55,47,45,25,30,42,39,15,12,10,9,8
7,6,14,51,54,51,64,84,87,82,76,59,61,61,61,55,53,86,86,56,46,31,0,0
11,35,53,60,64,74,138,459,217,118,83,75,69,65,71,71,67,117,187,107,60,42,19,54
53,55,59,64,66,91,206,756,449,132,101,93,94,85,84,89,108,157,579,273,71,51,31,19
14,30,49,19,37,58,95,152,100,86,84,85,89,99,105,108,139,245,793,396,97,54,47,20
12,7,11,37,51,15,50,72,60,56,70,74,71,87,82,73,65,92,138,96,54,12,13,8
0,3,3,10,11,27,51,61,64,63,73,68,70,87,81,84,68,74,70,17,53,50,10,4
0,5,21,12,21,47,51,57,68,101,113,106,118,119,117,100,58,54,53,19,3,24,11,14
0,8,15,13,4,23,50,86,82,107,127,129,132,131,127,113,85,92,63,14,0,0,0,0
0,6,14,5,9,10,11,64,64,68,103,123,133,135,124,109,88,72,49,5,0,0,0,2
0,3,0,0,3,8,14,68,75,76,95,117,130,132,117,104,80,97,52,13,0,8,0,0
7,6,0,5,8,48,63,87,71,84,124,126,149,122,104,93,84,63,59,10,8,7,3,0
10,6,5,21,27,46,46,53,74,103,140,157,158,156,145,147,116,62,37,18,12,10,7,8
2,5,0,12,14,73,81,107,105,139,158,190,185,129,127,139,133,100,57,38,13,8,2,9
0,2,2,12,38,73,75,120,142,147,155,174,172,166,154,152,154,122,107,100,12,9,0,9
7,1,0,12,32,52,111,119,131,138,178,188,196,193,176,160,135,122,109,57,24,6,1,5
0,0,7,14,53,71,122,132,154,171,183,208,223,216,190,170,135,94,76,65,28,10,7,7
5,0,9,29,38,66,113,151,159,172,194,162,151,146,142,138,137,126,87,82,36,1,3,2
0,0,9,45,57,101,123,143,154,165,160,142,123,114,130,138,137,134,111,104,55,8,6,0
2,3,6,41,76,102,119,141,148,147,137,125,110,115,126,129,133,129,115,112,61,12,10,15
7,4,11,40,89,106,122,138,141,130,116,111,104,107,122,122,130,129,120,106,64,13,14,10
1,8,7,43,69,103,112,118,117,125,106,80,82,100,112,116,124,116,113,89,73,16,15,13
3,13,13,48,88,104,114,102,113,114,103,100,59,80,106,115,125,115,103,84,61,10,13,8
2,11,10,54,100,111,114,113,106,82,68,54,55,67,87,103,112,117,110,75,46,13,10,4
12,13,18,56,97,100,106,103,97,84,61,50,50,51,53,60,85,94,91,64,51,13,12,11
9,14,12,51,68,118,123,86,68,51,49,41,36,51,57,66,96,110,109,61,32,11,12,10
4,10,11,51,60,127,135,89,59,48,50,8,13,53,65,66,94,131,127,41,28,16,7,2
8,10,11,52,69,102,70,58,52,40,12,14,1,37,53,63,102,142,124,63,35,12,8,9
7,12,12,51,53,57,50,30,30,20,12,7,9,10,47,54,45,68,72,56,32,13,12,10
0,11,15,50,47,30,13,14,5,10,4,3,7,5,17,26,52,56,57,53,40,10,12,14
7,10,12,29,13,10,8,6,0,0,2,0,0,0,14,23,38,50,62,55,43,10,6,0
2,0,9,14,7,9,8,9,4,0,0,0,6,7,12,12,35,54,53,56,26,14,2,0
2,0,0,11,10,11,12,10,8,4,5,0,4,5,9,12,15,42,44,27,39,12,4,0
0,1,6,6,3,5,1,9,8,10,7,0,11,7,4,14,10,21,28,42,32,12,5,6
0,1,2,7,5,8,10,7,7,8,10,11,11,10,9,5,13,13,14,44,25,11,0,0
0,6,7,3,7,8,7,12,14,12,8,10,10,12,3,9,14,11,12,29,21,5,0,0
5,8,7,3,9,10,11,12,10,3,0,2,10,10,8,11,6,7,10,28,24,8,6,0
12,14,1,6,7,1,0,4,1,8,4,0,5,7,10,3,6,14,7,0,14,11,0,0
13,14,9,9,9,0,4,8,4,0,0,0,3,9,3,6,8,10,2,17,22,4,5,2

5,5,3,3,6,10,0,1,5,0,0,0,0,5,0,8,3,6,2,5,10,10,14,0
3,0,6,7,10,10,0,0,0,0,10,13,16,14,24,19,14,3,0,9,14,13,11,10
11,9,11,14,13,8,10,7,14,10,60,65,94,80,56,54,35,50,15,46,47,16,20,10
7,8,19,29,37,46,52,81,75,87,103,94,78,66,57,55,55,39,44,13,10,10,12,0
0,0,9,18,51,56,57,58,71,75,72,72,77,53,51,36,25,32,23,17,9,3,0,0
12,15,26,23,14,51,56,52,63,70,70,62,55,47,46,25,30,42,39,15,12,10,10,8
7,6,14,51,54,51,64,84,87,82,76,59,61,60,61,55,53,86,85,56,46,31,0,0
11,37,54,60,64,74,137,458,217,118,83,75,69,65,71,71,67,117,187,107,60,42,20,54
53,56,59,64,66,91,207,756,451,132,102,94,94,86,85,90,109,158,581,273,71,51,31,19
14,30,48,19,37,58,96,155,101,86,84,85,88,99,105,109,140,247,793,402,97,54,48,20
13,7,11,37,51,15,50,72,61,56,70,74,71,86,82,73,66,92,139,97,54,12,13,8
0,3,4,10,11,27,51,61,64,62,72,67,68,85,80,83,68,75,70,18,53,50,10,4
0,6,20,12,21,50,51,57,67,100,112,104,116,117,116,98,59,54,53,20,3,24,12,14
0,8,15,13,4,21,48,86,82,106,126,128,130,129,126,112,82,92,63,14,0,0,0,0
0,6,14,5,9,10,11,63,64,68,102,122,131,133,123,108,86,73,49,5,0,0,0,2
0,3,0,0,3,8,14,67,75,75,94,116,129,131,116,103,79,95,52,13,0,7,0,0
7,6,0,4,8,47,64,87,71,84,124,125,148,121,103,93,83,63,59,10,8,7,3,0
10,6,5,21,28,46,46,53,74,103,139,156,157,155,144,146,116,62,37,18,12,10,7,8
2,5,0,12,14,73,81,107,105,139,158,189,184,128,127,138,132,100,57,38,13,8,2,9
0,1,2,12,39,73,75,120,143,147,155,173,172,166,154,152,153,122,107,100,12,9,0,9
7,1,0,13,33,52,111,120,131,138,178,188,196,194,176,160,135,122,109,58,25,6,1,5
0,0,7,14,53,71,122,132,154,172,183,209,224,216,190,170,135,94,76,65,28,10,7,7
5,0,10,29,39,67,113,151,160,172,194,163,152,147,142,138,137,127,87,82,36,1,3,2
0,0,9,47,58,101,123,143,154,165,161,143,124,115,130,138,138,134,111,104,57,8,6,0
2,3,6,41,75,102,119,141,148,147,137,125,110,116,126,129,133,129,114,112,61,12,10,15
7,4,11,39,88,106,122,138,141,130,116,110,104,107,121,122,130,129,120,106,64,14,14,10
2,8,7,43,69,103,112,118,117,125,106,80,82,100,112,116,124,116,113,90,73,16,16,13
3,13,13,48,89,104,114,102,113,113,103,100,60,81,106,115,126,115,103,84,61,10,13,8
2,11,10,55,100,111,114,113,106,82,69,54,55,67,87,103,112,117,110,75,46,13,10,4
12,13,19,56,98,100,106,103,97,83,61,50,50,51,53,60,85,95,91,64,52,14,12,11
9,14,12,51,68,118,123,86,68,51,49,40,35,51,57,66,96,110,109,61,32,11,12,10
4,10,11,51,59,127,135,89,59,48,48,8,13,53,65,66,94,131,127,41,28,17,7,1
8,10,11,52,69,102,70,58,52,40,12,14,1,37,53,63,102,142,124,63,35,12,8,9
7,12,12,51,53,57,50,30,29,19,12,7,10,10,46,54,45,68,72,56,32,13,12,10
0,11,15,50,47,30,13,14,5,10,4,3,7,5,17,26,52,56,57,53,42,10,12,14
7,9,12,27,13,10,8,6,0,0,1,0,0,0,14,23,38,50,62,55,43,10,6,0
2,0,9,14,7,9,8,9,4,0,0,0,6,7,12,12,35,54,52,56,26,14,2,0
2,0,0,11,10,11,12,10,8,4,5,0,4,5,9,12,16,41,44,27,39,12,4,0
0,1,6,6,3,5,1,8,8,10,7,0,11,7,4,14,10,22,28,42,32,12,5,6
0,0,2,7,5,9,9,7,7,8,9,11,11,10,9,5,13,13,14,45,24,11,0,0
0,6,7,3,7,8,7,12,14,13,8,10,10,12,3,9,14,11,12,28,20,5,0,0
5,8,7,3,9,10,11,12,10,3,0,2,10,10,8,11,6,7,10,26,24,8,6,0
12,14,1,6,8,1,0,4,2,8,4,0,6,7,10,4,6,14,7,0,14,11,0,0
13,14,9,9,9,0,4,8,4,0,0,0,3,9,3,6,8,10,2,17,22,4,5,1

5,5,3,3,6,10,0,0,5,0,0,0,0,5,0,8,3,6,2,5,10,10,14,0
3,0,6,7,10,10,0,0,0,0,10,12,14,14,24,19,14,3,0,9,14,14,11,10
11,9,11,14,13,8,10,7,13,10,60,65,94,79,56,54,34,50,14,47,48,16,22,10
7,8,20,29,36,45,53,81,73,87,102,94,78,66,57,55,55,38,43,13,10,10,12,0
0,0,9,19,51,56,58,59,72,75,72,72,77,53,51,36,25,31,23,17,9,3,0,0
12,15,26,23,14,51,56,52,63,70,70,62,55,47,45,25,30,42,39,15,12,10,10,8
7,7,14,52,55,51,64,84,87,82,76,59,61,61,61,55,53,86,85,56,46,31,0,0
11,38,54,60,65,74,137,457,217,118,82,75,69,65,71,72,67,117,188,107,60,42,20,54
53,55,59,64,66,91,207,756,449,132,101,93,94,85,84,89,108,158,580,273,71,51,31,19
14,30,48,19,36,58,96,154,100,86,84,85,89,99,106,109,140,247,793,401,97,54,48,20
13,7,11,37,51,15,50,72,60,56,70,75,71,87,82,73,66,92,138,97,54,12,13,8
0,2,4,10,11,26,51,61,64,62,73,68,69,86,80,83,68,75,70,18,53,50,10,4
0,5,19,12,21,48,51,56,67,101,114,107,118,118,117,100,59,54,53,20,3,24,11,14
0,8,15,13,4,21,47,86,82,107,128,129,131,131,127,113,83,92,62,14,0,0,0,0
0,6,14,5,9,10,11,63,64,68,103,123,132,134,123,109,88,72,49,5,0,0,0,2
0,3,0,0,3,8,14,68,75,75,94,116,129,131,116,103,80,96,52,13,0,7,0,0
7,6,0,4,9,47,64,87,71,84,123,125,147,120,103,93,83,63,59,10,8,6,2,0
10,6,5,21,28,46,46,53,74,103,139,155,155,154,143,146,116,62,37,18,12,10,7,8
2,5,0,12,14,73,81,107,105,139,157,188,183,128,126,138,132,100,57,39,13,8,2,9
0,1,2,12,38,73,75,120,142,147,154,173,171,166,154,152,153,122,107,100,12,9,0,9
7,1,0,13,33,52,111,120,131,138,178,187,196,193,175,160,135,122,109,58,25,6,1,5
0,0,7,14,53,71,122,132,154,171,183,209,223,216,190,170,135,94,76,65,28,10,7,7
5,0,10,29,38,66,113,151,160,172,194,163,152,147,142,138,137,126,87,82,37,1,3,2
0,0,9,45,57,101,124,143,154,165,161,142,123,114,130,138,137,134,111,104,57,8,6,0
2,4,6,44,75,102,119,141,148,147,137,125,110,116,125,128,133,128,115,112,61,12,10,15
7,5,11,40,89,106,122,138,141,130,116,111,104,107,121,122,130,129,120,106,64,13,14,10
2,8,7,44,70,103,112,118,117,125,106,80,82,100,112,116,124,116,113,90,73,17,16,13
3,13,13,48,89,104,114,102,113,113,103,100,60,81,106,115,125,115,103,84,61,10,13,8
2,11,10,54,100,111,114,113,106,82,68,54,55,67,87,103,112,117,110,75,46,13,10,4
12,13,19,56,98,100,106,103,97,84,60,50,50,51,53,60,85,94,91,64,52,14,12,11
9,14,12,51,68,118,122,86,68,51,49,40,36,50,57,66,96,110,109,61,32,11,12,10
4,10,11,51,59,127,135,89,59,48,50,8,13,53,65,66,95,131,127,41,28,16,7,1
8,10,11,52,69,102,70,58,52,41,12,14,1,37,53,63,102,142,124,63,35,12,8,9
7,12,12,51,53,57,50,30,29,20,12,7,9,10,46,54,45,68,72,56,31,13,12,10
0,11,15,50,47,30,13,14,5,10,4,3,7,5,17,26,52,56,57,53,41,10,12,14
7,10,12,27,13,10,8,6,0,0,2,0,0,0,14,24,38,50,62,54,43,10,6,0
2,0,9,14,7,9,8,9,4,0,0,0,6,7,12,12,37,54,53,57,26,14,2,0
2,0,0,11,10,11,12,10,8,4,5,0,4,5,9,13,14,41,45,27,39,12,4,0
0,1,6,6,3,5,1,8,8,10,7,0,11,7,4,14,10,22,28,43,33,12,5,6
0,0,2,7,5,8,9,7,7,8,9,11,11,10,9,5,13,13,14,44,25,11,0,0
0,6,7,3,7,8,7,12,14,12,8,10,10,12,3,9,14,11,12,28,21,5,0,0
5,8,7,2,9,10,11,12,10,3,0,2,10,10,8,11,6,7,10,26,23,8,6,1
12,14,1,6,8,1,0,4,2,8,4,0,6,7,10,4,6,14,7,0,14,11,0,0
13,14,9,9,9,0,4,8,4,0,0,0,3,9,4,6,8,10,2,16,22,4,5,1

6,6,3,3,7,10,0,1,5,0,0,0,0,5,0,8,3,6,2,5,10,10,14,0
3,0,6,7,10,10,0,0,0,0,10,13,15,14,26,19,14,4,0,9,14,14,11,10
11,9,11,14,13,9,10,7,14,10,60,65,95,80,56,54,35,50,14,47,48,16,21,10
7,9,20,29,37,45,53,81,73,87,103,94,79,66,57,54,55,39,43,13,10,10,12,0
0,0,9,19,51,56,58,59,72,75,72,73,77,53,51,35,26,31,23,17,9,3,0,0
12,14,26,24,14,51,56,52,63,70,70,62,55,47,46,25,31,43,39,15,12,10,10,8
7,7,14,52,55,51,64,84,87,82,76,59,61,61,61,55,53,87,86,56,47,31,0,0
11,36,53,60,64,74,138,458,217,118,82,75,70,65,72,72,67,118,188,107,60,42,20,54
53,55,59,64,66,91,207,756,444,132,101,93,94,85,84,89,108,158,577,273,71,51,31,19
14,30,49,19,36,58,95,153,99,86,84,85,89,99,106,109,140,246,793,401,97,54,48,20
13,7,11,37,50,15,50,72,60,56,70,74,71,87,82,73,66,92,138,97,54,12,13,8
0,2,3,10,11,26,50,61,63,62,73,68,70,87,80,83,68,74,70,17,53,50,10,4
0,5,20,12,21,47,50,56,67,102,115,109,120,120,118,100,59,54,53,20,3,24,11,14
0,8,14,13,4,19,46,87,83,108,129,131,133,133,128,113,84,91,63,14,0,0,0,0
0,6,14,5,9,10,11,64,64,69,105,125,134,136,125,110,89,72,48,5,0,0,0,2
0,3,0,0,3,7,14,68,76,76,95,118,131,133,117,104,80,97,53,13,0,7,0,0
7,6,0,4,9,45,64,88,71,85,124,126,148,121,104,93,84,63,60,10,8,6,2,0
10,6,5,21,28,46,46,53,74,103,140,157,157,155,144,147,116,62,37,18,12,10,7,8
2,5,0,12,14,73,81,107,105,139,158,189,185,128,127,139,132,100,57,39,13,8,2,9
0,1,2,12,38,73,75,120,142,147,155,173,172,166,154,152,154,122,107,100,12,9,0,9
7,1,0,13,33,52,111,119,130,138,177,187,196,193,176,160,135,122,109,57,24,6,1,5
0,0,7,14,53,71,122,131,153,170,182,207,222,215,189,169,135,94,75,64,27,10,6,7
5,0,9,29,39,66,113,150,159,171,193,161,150,146,142,138,137,126,86,81,35,1,3,2
0,0,9,45,57,101,123,142,154,164,160,142,123,114,130,138,137,133,111,104,55,8,5,0
2,3,6,42,76,102,119,141,148,147,136,125,110,115,125,128,132,128,115,112,61,12,10,15
7,5,11,40,88,106,122,138,141,130,116,110,104,107,121,122,130,129,119,106,64,13,14,10
2,8,7,44,70,103,112,118,117,125,106,80,83,100,112,116,124,116,113,90,73,17,15,13
3,13,13,50,88,104,114,102,113,113,103,100,60,80,106,115,125,115,103,84,61,10,13,8
3,12,10,54,100,111,114,113,106,82,69,54,55,67,88,103,113,117,110,75,46,13,10,4
12,13,19,56,98,100,106,102,97,83,61,50,50,51,53,60,85,94,91,64,51,13,12,11
9,14,12,51,68,118,122,86,68,51,49,41,36,51,57,66,96,109,109,61,32,11,12,10
4,10,11,51,60,127,136,89,59,48,48,9,13,53,65,66,95,131,127,41,28,16,7,2
8,10,12,52,69,102,70,58,52,40,12,14,1,39,53,63,102,143,124,63,35,12,8,9
7,12,12,51,53,57,51,30,29,20,12,7,9,10,46,54,46,68,72,56,32,13,12,10
0,11,15,50,48,31,14,14,5,10,4,3,7,5,17,26,52,56,57,53,42,10,12,14
8,9,12,28,13,10,8,6,0,0,2,0,0,0,14,23,38,50,62,54,43,10,6,0
2,0,9,14,7,9,8,9,4,0,0,0,6,7,12,12,36,54,53,57,26,14,2,0
2,0,0,11,10,11,12,10,8,4,5,0,4,5,10,12,16,41,44,27,39,12,4,0
0,2,6,6,3,5,1,8,8,10,7,0,11,7,4,14,10,22,28,43,35,12,5,6
0,0,2,7,5,8,9,7,7,8,10,11,11,10,9,5,13,13,14,45,26,11,0,0
0,6,7,3,7,8,7,12,14,12,8,10,10,12,3,9,14,11,12,29,22,5,0,0
5,8,7,2,9,10,11,12,10,3,0,2,10,10,8,11,6,7,10,26,24,8,6,0
12,14,1,6,8,1,0,4,1,8,4,0,5,7,10,4,6,14,7,0,14,11,0,0
13,14,9,9,9,0,4,7,4,0,0,0,3,9,3,6,8,9,2,16,22,4,5,1

5,5,3,3,6,10,0,1,5,0,0,0,0,5,0,8,3,6,2,5,10,10,14,0
3,0,7,7,10,10,0,0,0,0,10,13,17,14,27,19,14,4,0,9,14,14,11,10
11,9,11,15,13,9,10,7,14,10,60,65,94,80,56,54,35,51,15,47,50,17,21,10
7,9,20,29,37,45,53,81,74,87,103,94,79,66,57,54,55,39,44,13,10,10,12,0
0,0,9,19,51,56,58,59,72,75,72,72,77,53,51,35,27,32,23,17,9,3,0,0
12,15,25,25,14,51,56,52,63,70,71,62,55,48,45,25,30,43,39,15,12,10,10,8
7,7,14,51,54,51,64,84,87,82,76,59,61,61,61,55,53,87,87,56,46,31,0,0
11,37,53,60,64,74,138,460,216,118,82,75,70,65,72,72,67,119,189,108,60,42,20,54
53,55,59,64,66,91,207,756,442,131,101,93,93,85,84,89,108,158,576,273,71,51,31,18
14,29,48,19,35,57,95,153,99,86,84,85,89,99,106,109,140,246,793,401,97,54,48,20
12,7,11,36,50,14,50,72,60,56,70,74,71,86,82,73,65,92,138,97,54,12,13,8
0,2,3,10,11,25,50,61,63,63,74,69,71,88,80,83,68,74,70,17,53,50,10,4
0,5,20,12,21,46,50,56,68,103,117,111,122,122,120,101,59,54,53,19,3,23,11,14
0,8,14,13,4,19,44,86,84,108,131,133,135,135,130,114,86,91,62,14,0,0,0,0
0,6,14,5,9,10,11,66,65,70,106,127,136,138,127,111,91,73,49,5,0,0,0,2
0,3,0,0,2,7,14,68,76,76,96,119,132,134,119,105,81,99,53,13,0,7,0,0
7,6,0,4,8,47,63,88,71,85,125,127,149,123,105,94,84,63,60,10,8,7,2,0
10,6,5,21,27,46,46,53,75,104,140,158,158,157,145,148,117,62,37,18,12,10,7,8
2,5,0,12,14,73,81,106,105,140,159,190,186,129,128,140,133,101,57,38,13,8,2,9
0,1,2,12,37,72,75,119,141,147,155,174,172,167,155,153,154,122,107,100,12,9,0,9
7,1,0,12,32,52,110,118,130,137,177,187,196,193,176,160,134,122,108,57,23,5,1,5
0,0,6,14,53,71,122,131,152,170,181,206,220,213,188,169,134,93,75,64,27,10,6,7
5,0,9,29,38,66,112,149,158,170,192,160,149,145,141,137,136,126,86,81,35,0,3,2
0,0,9,45,57,101,123,142,153,164,159,141,123,114,129,137,137,133,111,103,54,8,5,0
2,3,6,44,75,102,119,141,147,147,136,125,110,115,125,128,132,128,114,112,61,12,10,15
7,5,11,40,89,106,122,138,141,130,115,110,104,107,121,122,130,129,119,106,64,13,14,10
2,8,7,46,69,103,112,118,117,125,106,80,82,100,112,116,124,116,113,90,72,16,15,13
3,13,13,48,88,104,114,102,113,113,103,100,60,81,106,115,125,114,103,84,61,10,13,8
2,12,10,55,100,111,114,113,106,82,68,54,55,67,88,103,113,117,110,75,46,13,10,4
12,13,19,56,98,100,106,102,97,83,61,50,50,51,53,60,85,94,91,64,51,14,12,11
9,14,12,51,68,118,122,86,68,51,49,41,36,51,57,66,96,110,109,61,32,11,12,10
4,10,11,51,60,127,136,90,59,48,50,9,13,53,65,66,95,131,127,41,28,16,7,2
8,10,12,52,69,103,70,58,52,41,12,14,1,37,53,64,102,143,125,64,35,12,8,9
7,12,12,51,53,57,51,30,29,20,12,7,9,10,46,54,46,68,72,56,32,13,12,10
0,11,15,50,49,31,13,14,5,10,4,3,7,5,19,26,52,56,57,53,42,10,12,14
8,10,13,29,13,10,8,6,0,0,2,0,0,0,14,24,39,50,62,55,43,10,6,0
2,0,9,14,7,9,8,9,4,0,0,0,6,7,12,12,36,54,53,57,26,14,2,0
2,0,0,11,10,11,12,10,8,5,5,0,4,5,10,12,17,41,44,27,40,12,4,0
0,1,6,6,3,5,1,9,8,10,7,0,11,7,5,14,10,23,28,43,34,12,5,6
0,1,2,7,5,8,10,6,7,8,10,11,12,10,9,6,13,13,14,45,25,11,0,0
0,6,7,3,7,8,7,12,14,13,8,10,10,12,3,9,14,11,12,29,22,5,0,0
5,8,7,3,9,10,11,12,10,3,0,2,11,10,8,11,6,7,10,26,25,8,6,0
12,14,1,7,8,1,0,4,1,8,4,0,6,7,10,4,6,14,7,0,14,11,0,0
13,14,9,9,9,0,4,8,4,0,0,0,3,9,4,6,8,10,2,16,22,3,5,2

5,5,3,3,6,10,0,0,5,0,0,0,0,5,0,8,3,6,2,5,10,10,14,0
3,0,6,7,10,10,0,0,0,0,10,13,17,14,29,20,14,4,0,9,14,14,11,10
11,9,11,14,13,9,10,7,14,10,60,65,96,80,57,54,35,51,16,47,48,18,22,10
7,9,20,29,37,45,53,81,74,87,103,94,79,66,57,54,55,39,44,13,10,10,12,0
0,0,9,23,51,56,58,59,72,75,72,73,78,53,51,36,29,34,23,18,9,3,0,0
12,15,26,24,14,51,56,52,63,71,71,62,55,47,46,25,31,44,40,15,12,10,10,8
7,7,14,51,54,51,64,85,87,82,76,59,61,61,61,55,53,88,87,56,46,31,0,0
11,36,53,60,64,74,138,460,216,118,82,75,70,65,72,72,67,119,190,108,60,41,20,54
53,55,59,64,66,90,207,756,437,131,101,93,93,85,84,89,108,157,573,272,71,51,31,18
14,29,46,19,35,57,95,152,98,86,84,85,88,99,106,109,140,246,793,401,96,54,48,20
12,7,11,36,50,14,50,72,60,56,70,74,71,86,82,72,65,91,138,97,54,12,13,8
0,2,3,10,11,25,50,60,63,63,74,69,72,89,81,84,67,74,70,16,53,50,10,4
0,5,19,12,19,46,50,56,68,103,117,112,124,123,121,101,59,54,53,19,3,23,11,14
0,8,14,13,4,17,44,88,84,109,131,134,136,136,131,115,87,91,62,14,0,0,0,0
0,6,14,5,8,10,11,66,65,70,107,128,137,139,128,112,91,73,50,5,0,0,0,2
0,3,0,0,2,7,14,68,76,77,97,120,133,135,119,106,81,98,53,13,0,7,0,0
7,6,0,4,8,45,63,88,71,85,126,128,150,123,106,94,85,63,60,10,8,7,3,0
10,6,5,21,27,47,46,54,75,105,141,159,160,158,146,149,118,63,38,18,12,10,7,8
2,5,0,12,14,73,81,106,105,140,160,191,187,130,128,140,133,101,57,38,12,8,2,9
0,1,2,12,37,73,74,119,141,147,156,174,173,168,156,154,154,122,107,100,11,9,0,8
7,1,0,12,32,51,110,118,129,137,177,187,195,193,176,160,134,121,108,56,23,5,1,5
0,0,6,14,53,71,122,130,151,169,180,205,220,213,189,169,134,93,75,64,27,10,6,7
5,0,9,29,38,66,112,149,158,169,191,159,148,144,141,137,136,125,86,81,34,0,3,1
0,0,9,45,57,101,123,142,153,164,158,141,122,114,129,137,137,133,111,103,53,8,5,0
2,3,6,42,76,102,119,141,147,147,136,124,110,115,125,128,132,128,114,111,61,12,10,15
7,5,11,40,89,106,122,138,141,130,115,110,104,107,121,122,130,129,120,106,64,13,14,10
2,8,7,44,70,103,112,118,117,125,106,80,82,100,112,116,124,116,113,90,73,16,15,13
3,13,13,48,88,104,114,102,113,113,103,100,59,80,106,115,125,114,103,84,61,10,13,8
2,11,10,54,100,111,114,113,106,82,68,54,55,67,87,103,112,116,110,75,46,13,10,4
12,13,18,56,98,100,106,103,97,84,61,50,50,51,53,60,85,94,91,64,52,13,12,11
9,14,12,51,68,118,123,86,68,51,49,40,36,51,57,66,96,110,109,61,32,11,12,10
4,10,11,51,60,127,136,90,59,48,50,9,13,53,65,66,95,131,127,41,28,16,7,2
8,10,11,52,69,103,70,58,52,41,12,14,1,36,53,63,102,143,125,64,35,12,8,9
7,12,12,51,53,57,51,31,29,20,12,7,9,10,46,54,46,68,73,56,32,13,12,10
0,11,15,50,48,31,13,14,5,10,4,3,8,5,18,27,52,56,57,54,42,10,12,14
8,10,13,28,13,10,9,6,0,0,2,0,0,0,14,23,38,50,62,55,43,10,6,0
2,0,9,14,7,9,8,9,4,0,0,0,6,7,12,12,36,54,53,57,26,14,2,0
2,0,0,11,10,11,12,10,8,5,5,0,4,5,10,13,16,41,45,27,40,12,4,0
0,1,6,6,2,5,1,9,8,10,7,0,11,7,5,14,10,24,28,44,34,12,5,6
0,1,2,7,5,8,10,7,7,8,10,11,11,10,9,5,13,13,14,46,27,11,0,0
0,6,7,3,7,8,7,12,14,12,8,10,10,12,3,9,14,11,12,29,23,5,0,0
5,8,7,2,9,10,11,12,10,3,0,2,11,10,8,11,6,7,10,27,24,8,6,0
12,14,1,6,8,1,0,4,1,8,4,0,5,7,10,4,6,14,7,0,14,11,0,0
13,14,9,9,9,0,4,8,4,0,0,0,3,9,3,6,8,10,2,16,22,4,5,1

5,5,3,3,6,10,0,1,5,0,0,0,0,5,0,8,3,6,2,5,10,10,14,0
3,0,6,7,10,10,0,0,0,0,10,13,15,14,26,19,14,4,0,9,14,14,11,10
11,9,11,14,13,9,10,7,14,10,60,65,95,80,57,54,35,51,16,48,48,18,21,10
7,9,21,29,37,45,53,82,74,88,103,95,79,66,57,55,55,39,44,13,10,10,12,0
0,0,10,20,51,56,58,59,72,75,72,73,78,53,51,36,27,33,23,17,9,3,0,0
12,14,26,24,14,51,56,52,63,71,71,62,55,47,46,26,31,44,40,15,12,10,10,8
7,7,14,51,54,51,64,84,87,82,76,59,61,61,61,55,53,88,87,56,46,31,0,0
11,37,54,61,64,74,139,461,216,118,82,75,70,65,72,72,67,120,191,108,60,41,21,54
53,55,59,64,66,90,208,756,438,131,101,93,93,85,84,89,108,158,574,272,71,51,31,19
14,31,48,19,35,57,96,152,98,86,84,85,89,99,106,109,140,247,793,403,97,54,48,20
13,7,11,36,50,14,50,72,60,56,70,74,71,87,82,73,65,92,138,97,54,12,13,8
0,3,3,10,11,25,50,61,63,63,75,69,72,89,81,84,68,74,70,17,53,50,10,4
0,5,19,12,19,46,50,56,68,103,117,112,123,123,120,101,59,54,53,19,3,24,11,14
0,8,14,14,4,17,46,87,84,109,131,133,136,135,131,115,87,91,63,14,0,0,0,0
0,6,14,5,9,10,11,65,65,70,106,127,136,139,127,111,92,72,49,5,0,0,0,2
0,3,0,0,2,7,14,69,76,77,96,119,132,135,119,106,81,98,53,13,0,7,0,0
7,6,0,4,8,46,63,88,71,85,125,127,149,123,105,94,84,63,60,10,8,7,3,0
10,6,5,21,28,46,46,54,75,104,141,158,159,157,146,148,117,63,37,18,12,10,7,8
2,5,0,12,14,73,81,106,105,140,159,190,186,129,128,140,133,101,57,38,13,8,2,9
0,1,2,12,37,73,75,119,141,147,155,174,173,167,155,153,154,122,107,100,12,9,0,8
7,0,0,12,32,51,110,118,130,137,177,187,195,193,176,160,134,121,108,57,23,5,1,5
0,0,6,14,53,71,122,131,152,170,181,206,221,214,189,169,134,93,75,65,27,10,6,7
5,0,9,29,38,66,112,150,158,170,192,160,149,145,141,137,136,126,86,81,35,0,3,1
0,0,9,47,58,101,123,142,153,164,159,141,123,114,129,138,137,133,111,104,55,8,5,0
2,3,6,42,75,102,119,141,147,147,136,125,110,115,125,128,132,128,114,112,61,12,10,15
7,5,11,41,89,106,122,138,141,130,116,110,104,107,121,122,130,129,120,106,64,13,14,10
2,8,7,43,69,103,112,118,117,125,106,80,82,100,112,116,124,116,113,90,72,16,15,13
3,13,13,48,88,104,114,102,113,113,103,100,59,80,106,115,125,114,103,84,61,10,13,8
3,12,10,55,100,111,114,113,106,82,68,54,55,68,87,103,113,117,110,75,46,13,10,4
12,13,19,56,98,100,106,103,97,84,61,50,50,51,53,60,85,95,91,64,51,13,12,11
9,14,12,51,68,117,122,86,68,51,49,41,36,51,57,66,96,110,108,61,32,11,12,10
4,10,11,51,60,127,136,90,59,48,50,9,13,53,65,66,95,131,127,41,28,16,7,2
8,10,12,52,69,102,70,58,52,39,12,14,1,37,53,64,102,143,125,63,35,12,8,9
7,12,12,51,53,57,50,30,29,20,12,7,9,10,46,54,45,68,73,56,32,13,13,10
0,11,15,50,49,31,13,14,5,10,4,3,8,5,17,27,52,56,57,53,43,10,12,14
8,10,13,28,13,10,8,6,0,0,2,0,0,0,14,23,38,50,63,55,43,10,6,0
2,0,9,14,7,9,8,9,4,0,0,0,6,7,12,12,37,54,53,57,26,14,2,0
2,0,0,11,10,11,12,10,8,4,5,0,4,5,10,13,16,42,45,27,41,12,4,0
0,2,6,6,2,5,1,8,8,10,7,0,11,7,5,14,10,23,28,43,35,12,5,6
0,0,2,7,5,8,10,7,7,8,10,11,11,10,9,6,13,13,14,46,26,11,0,0
0,6,7,3,7,8,7,12,14,13,8,10,10,12,3,9,14,11,12,28,22,5,0,0
5,8,7,2,9,10,11,12,10,3,0,2,11,10,8,11,6,7,10,26,26,8,6,0
12,14,1,6,8,2,0,4,1,8,4,0,5,7,10,4,6,14,7,0,14,11,0,0
13,14,9,9,9,0,4,8,4,0,0,0,3,9,3,6,8,10,2,17,22,4,5,2

5,5,3,3,6,10,0,1,5,0,0,0,0,5,0,8,3,6,2,5,10,10,14,0
3,0,7,7,10,10,0,0,0,0,10,13,17,14,27,19,14,4,0,9,14,14,11,10
11,9,11,14,13,8,10,7,14,10,60,65,94,79,56,54,35,51,15,48,48,17,21,10
7,9,21,30,37,46,53,81,74,87,103,95,79,66,57,55,55,39,44,13,10,10,12,0
0,0,9,20,51,56,57,59,72,75,72,73,78,53,51,36,28,33,23,17,9,3,0,0
12,15,26,24,14,51,56,52,63,71,71,62,55,48,46,26,31,44,39,15,12,10,10,8
7,7,14,51,54,51,64,84,87,82,76,59,61,61,61,55,53,88,88,56,46,31,0,0
11,36,53,60,64,74,138,460,216,118,82,75,70,65,73,72,67,119,191,108,60,41,21,53
53,55,59,64,66,90,208,756,440,131,101,93,93,85,84,89,108,157,574,272,71,51,31,19
14,29,49,18,35,57,95,153,99,86,84,85,89,99,106,110,140,247,793,404,97,54,47,20
13,7,11,37,50,14,50,72,60,56,70,74,71,87,82,73,66,92,139,97,54,12,13,8
0,2,3,10,11,26,50,61,63,63,75,69,72,89,81,84,68,74,70,17,53,50,10,4
0,6,19,12,20,47,51,56,68,103,117,111,122,122,120,101,59,54,53,19,3,24,11,14
0,8,14,14,4,20,46,87,84,108,130,132,134,134,130,114,87,91,63,14,0,0,0,0
0,6,14,5,9,10,11,65,65,70,105,126,135,137,126,111,91,72,49,5,0,0,0,2
0,3,0,0,3,7,14,68,76,76,95,118,131,134,118,105,81,98,53,13,0,7,0,0
7,6,0,4,9,46,64,88,71,85,125,125,148,122,104,93,84,63,60,10,8,7,2,0
10,6,4,21,28,46,46,53,74,103,140,156,157,156,144,147,116,62,37,18,12,10,7,8
2,5,0,12,14,74,81,107,105,139,158,189,184,128,127,139,132,100,57,39,13,8,1,9
0,1,2,12,37,73,75,120,142,146,154,173,171,166,154,152,153,122,107,100,12,9,0,8
7,1,0,13,33,52,111,119,130,137,177,187,195,193,176,160,134,122,108,57,24,5,1,5
0,0,7,14,53,71,122,131,153,170,182,207,222,214,189,169,134,94,76,65,28,10,6,7
5,0,9,30,38,66,113,150,159,171,193,161,150,146,142,138,136,126,86,81,35,1,3,2
0,0,9,47,57,101,123,142,154,165,160,142,123,114,130,138,137,133,111,104,56,8,5,0
2,3,6,42,76,102,119,141,148,147,136,125,110,115,125,128,132,128,114,112,61,12,10,15
7,4,11,41,90,106,122,138,141,130,116,110,104,107,121,122,130,129,120,106,64,13,14,10
2,8,7,44,70,103,112,118,117,125,106,80,82,100,112,116,124,116,113,90,72,16,16,13
3,13,13,48,89,104,114,102,113,113,103,100,60,80,106,115,125,115,103,84,61,10,13,8
2,12,10,54,100,111,114,113,106,82,68,54,55,67,87,103,112,117,110,75,46,13,10,4
12,13,18,57,99,100,106,103,97,84,61,50,50,51,54,60,85,95,91,64,52,14,12,11
9,14,12,51,68,118,122,86,68,51,49,40,36,50,57,66,96,109,108,61,32,11,12,10
4,10,11,51,59,127,136,90,59,48,48,9,13,53,65,66,95,131,127,41,28,16,7,1
8,10,12,52,69,102,70,58,52,40,12,14,1,36,53,63,102,143,124,63,35,12,8,9
7,12,12,51,53,57,50,30,30,20,12,8,9,10,46,54,46,68,72,56,32,13,12,10
0,11,15,50,48,30,13,14,5,10,4,3,7,5,17,26,52,55,57,53,41,10,12,14
8,10,13,27,13,10,8,6,0,0,2,0,0,0,14,23,38,50,62,55,43,10,6,0
2,0,9,14,7,9,8,9,4,0,0,0,6,7,12,12,36,54,53,57,26,14,2,0
1,0,0,11,10,11,12,10,8,4,5,0,4,5,10,13,15,41,44,27,40,12,4,0
0,2,6,6,2,5,1,8,8,10,7,0,11,7,4,14,10,22,28,43,35,12,5,6
0,0,2,7,5,8,9,6,7,8,10,11,11,10,9,5,13,13,14,45,26,11,0,0
0,6,7,3,7,8,7,12,14,13,8,10,10,12,3,9,14,11,12,28,22,5,0,0
5,8,7,2,9,10,11,12,10,3,0,2,11,10,8,11,6,7,10,26,24,8,6,0
12,14,0,6,8,1,0,4,2,8,4,0,5,7,10,3,6,14,7,0,14,11,0,0
13,13,9,9,9,0,4,8,4,0,0,0,3,9,3,6,8,10,2,17,22,4,5,2

6,6,3,3,6,10,0,1,5,0,0,0,0,5,0,8,3,6,2,5,10,10,14,0
3,0,6,7,10,10,0,0,0,0,10,13,16,14,26,19,14,4,0,9,14,14,11,10
11,9,11,15,13,9,10,7,14,10,60,65,94,80,56,54,35,50,15,47,47,16,21,10
7,9,20,30,37,45,53,81,74,87,103,94,79,66,57,54,55,39,44,13,10,10,12,0
0,0,10,22,51,56,58,59,71,75,72,72,78,53,51,36,27,32,23,17,9,3,0,0
12,15,27,25,14,51,56,52,63,71,71,62,55,48,46,26,31,44,40,15,12,10,10,8
7,7,14,52,54,51,64,84,87,82,76,59,61,61,61,55,53,88,88,56,46,31,0,0
11,38,53,60,64,74,138,459,216,118,82,75,70,65,73,72,67,120,190,108,60,41,21,53
53,55,59,64,66,90,208,756,444,132,101,93,93,85,84,89,108,157,574,271,71,51,31,19
14,30,49,19,35,57,96,154,100,86,85,86,90,100,106,110,141,247,793,405,97,54,48,20
13,7,11,36,50,14,50,72,60,56,71,75,71,87,82,73,65,92,139,97,54,12,13,8
0,2,3,10,11,26,50,61,64,63,74,69,72,89,81,85,67,74,70,17,53,50,10,5
0,6,20,12,20,47,50,56,67,103,116,110,122,122,120,100,59,54,53,20,3,24,11,14
0,8,14,13,4,20,47,88,84,108,130,131,133,133,129,114,86,91,64,14,0,0,0,0
0,6,14,5,9,10,11,65,65,69,105,125,134,136,126,110,90,73,49,5,0,0,0,2
0,3,0,0,3,8,14,68,76,76,95,117,130,133,117,104,80,97,53,13,0,7,0,0
7,6,0,4,9,46,64,88,71,84,124,125,147,121,103,93,84,63,60,10,8,6,2,0
10,6,4,21,28,46,46,53,74,103,139,155,155,154,143,146,116,62,37,19,12,10,7,8
2,5,0,12,14,75,81,107,105,139,157,188,184,128,127,138,132,100,57,39,13,8,1,9
0,1,2,12,37,73,75,120,142,146,154,173,171,165,153,152,153,121,107,100,12,9,0,8
7,1,0,13,33,52,111,120,131,138,177,187,195,193,175,160,134,122,109,57,24,6,1,5
0,0,6,14,53,71,123,132,154,171,182,208,222,215,189,169,134,94,76,65,28,10,6,7
5,0,9,30,39,67,113,151,160,172,194,162,151,147,142,138,137,126,87,81,36,1,3,2
0,0,9,45,57,101,124,143,154,165,160,142,123,114,130,138,137,133,111,104,56,8,5,0
2,3,6,44,76,102,119,141,148,147,136,125,110,115,125,128,132,129,114,112,62,12,10,15
7,5,11,41,91,106,122,138,141,130,116,110,104,107,121,122,130,129,120,106,65,13,14,10
2,8,7,44,70,103,112,118,117,125,106,80,82,100,112,116,124,116,113,90,73,16,15,13
3,13,13,50,89,104,114,102,113,113,103,100,60,80,106,115,125,115,103,84,61,10,13,8
2,12,10,54,100,112,114,113,106,82,69,54,55,67,87,103,112,116,110,75,46,13,10,4
12,13,19,56,98,100,106,103,97,83,61,50,50,51,53,60,85,94,91,64,52,14,12,11
9,14,12,51,68,118,123,86,68,51,49,41,36,51,56,66,96,109,108,61,32,12,12,10
4,10,11,51,60,127,136,90,59,48,50,9,13,53,65,66,95,131,127,41,28,16,7,2
8,10,11,52,69,102,70,58,52,41,12,14,1,38,53,63,102,143,124,63,35,12,8,9
7,12,12,51,53,57,50,30,29,20,12,8,9,10,46,54,46,68,72,56,31,13,12,10
0,11,15,50,48,30,14,14,5,10,4,3,8,5,17,26,52,56,57,53,42,10,12,14
8,10,12,27,13,10,8,6,0,0,2,0,0,0,14,23,38,50,62,55,43,10,6,0
2,0,9,14,7,9,8,9,4,0,0,0,6,7,12,12,36,54,53,57,26,14,2,0
2,0,0,11,10,11,12,10,8,4,5,0,4,5,10,12,16,40,44,27,40,12,4,0
0,2,6,6,2,5,1,8,8,10,7,0,11,7,5,14,10,22,28,43,34,12,5,6
0,0,2,7,5,8,9,7,7,8,10,11,12,10,9,5,13,13,14,45,26,11,0,0
0,6,7,3,7,8,7,12,14,13,8,10,10,12,3,9,14,11,12,28,23,5,0,0
5,8,7,2,9,10,11,12,10,3,0,2,10,10,8,11,6,7,10,26,25,8,6,0
12,14,0,6,8,1,0,4,2,8,4,0,5,7,10,3,6,14,7,0,14,11,0,0
13,14,9,9,9,0,4,8,4,0,0,0,3,9,3,6,8,10,2,17,22,4,5,2

6,6,3,3,6,10,0,1,5,0,0,0,0,5,0,8,3,6,2,5,10,10,14,0
3,0,6,7,10,10,0,0,0,0,10,13,14,14,26,19,14,4,0,9,14,14,11,10
11,9,11,15,13,9,10,8,14,10,60,65,94,80,56,54,34,51,15,47,48,17,21,10
7,9,21,29,37,45,53,81,73,87,103,94,79,66,57,55,55,39,43,13,10,10,12,0
0,0,10,22,51,55,58,59,71,75,72,73,77,53,51,36,29,33,23,17,9,3,0,0
13,15,26,25,14,51,56,52,63,70,70,62,55,48,46,26,31,43,39,15,12,10,10,8
7,7,14,51,55,51,64,84,87,82,76,59,61,61,61,55,53,88,87,56,46,31,0,0
11,37,53,60,64,74,138,458,216,118,82,75,70,65,73,72,67,119,190,107,60,41,21,53
53,55,59,64,66,91,209,756,446,132,101,93,94,85,85,90,108,158,574,271,71,51,31,19
14,29,49,19,35,57,96,154,100,87,85,86,90,100,106,110,141,247,793,405,97,54,48,20
13,7,11,36,50,14,50,72,60,56,71,75,71,87,83,73,65,92,139,98,54,12,13,8
0,3,4,10,11,27,51,61,63,63,74,70,72,89,81,84,67,74,70,17,53,50,10,4
0,5,19,12,20,48,51,56,68,102,116,110,121,121,119,100,59,54,53,20,3,24,11,14
0,8,14,13,4,20,48,88,84,108,129,131,133,133,129,114,86,91,63,14,0,0,0,0
0,6,14,5,9,10,11,65,65,69,104,124,133,136,125,110,90,72,49,5,0,0,0,2
0,3,0,0,3,8,14,68,76,76,94,117,130,132,117,104,80,98,53,13,0,7,0,0
7,6,0,5,9,48,64,88,71,84,123,124,147,120,103,93,83,63,60,10,8,6,2,0
10,6,4,21,28,47,46,53,74,103,138,155,155,153,142,145,115,62,37,19,12,10,7,8
2,5,0,12,14,74,82,107,105,139,157,188,183,127,126,138,132,100,57,39,13,8,1,9
0,1,2,12,38,73,75,120,142,146,153,172,170,165,153,151,153,122,107,100,12,9,0,8
7,1,0,13,33,52,111,120,132,138,177,187,196,192,175,160,134,122,109,58,25,6,1,5
0,0,7,14,53,72,123,132,154,172,182,208,223,215,189,169,134,94,76,65,28,10,6,7
5,0,9,30,39,67,113,151,160,172,194,162,152,147,142,138,137,126,87,81,37,1,3,2
0,0,9,47,57,101,124,143,154,165,160,142,123,114,130,138,137,134,111,104,56,8,6,0
2,3,6,44,75,102,119,141,148,147,136,125,110,115,125,128,132,128,115,112,62,12,10,15
7,5,11,41,89,106,122,138,141,130,116,110,104,107,121,122,130,129,120,106,64,13,14,10
2,8,7,44,70,103,112,118,117,125,106,80,82,100,112,116,124,116,113,90,73,16,16,13
3,13,13,50,90,104,114,102,113,113,103,100,59,81,106,115,125,115,103,84,62,10,13,8
2,12,10,55,100,112,114,113,106,82,68,54,55,67,87,103,113,117,110,75,46,13,10,4
12,13,18,56,98,100,106,103,97,83,61,50,50,51,53,60,85,94,91,64,52,14,12,11
9,14,12,51,68,118,123,86,68,51,49,41,36,50,57,66,96,109,109,61,32,12,12,10
4,10,11,51,59,127,136,90,59,48,50,9,13,53,65,66,95,131,126,41,28,16,7,2
8,10,12,52,69,102,70,58,52,40,12,14,1,37,53,63,102,143,124,63,35,12,8,9
7,12,12,51,53,57,50,30,29,20,12,8,9,10,46,54,46,68,72,56,32,13,12,10
0,11,15,50,48,29,13,14,5,10,4,3,8,5,17,26,52,56,57,53,41,10,12,14
8,10,12,27,13,10,8,6,0,0,2,0,0,0,14,23,38,50,62,54,43,10,6,0
2,0,9,14,7,9,8,9,4,0,0,0,6,7,12,12,36,54,53,57,26,14,2,0
2,0,0,10,10,11,12,10,8,4,5,0,4,5,10,12,15,41,44,27,39,12,4,0
0,2,6,6,2,5,1,8,8,10,7,0,11,7,4,14,10,22,28,43,35,12,5,6
0,0,2,7,5,8,9,7,7,8,10,11,11,10,9,6,13,13,14,45,26,11,0,0
0,6,7,3,7,8,7,12,14,13,8,10,10,12,3,9,14,11,12,30,23,5,0,0
5,8,7,2,9,10,11,12,10,3,0,2,11,10,8,11,6,7,10,26,25,8,6,0
12,14,0,6,8,1,0,4,2,8,4,0,5,7,10,4,6,14,7,0,14,11,0,0
13,14,9,9,9,0,4,8,4,0,0,0,3,9,4,6,8,10,2,16,22,4,5,2

6,6,3,3,6,10,0,1,5,0,0,0,0,5,0,8,3,6,2,5,10,10,14,0
3,0,7,7,10,10,0,0,0,0,10,13,14,14,24,19,14,4,0,9,14,14,11,10
11,9,11,17,13,9,11,7,14,10,60,65,94,80,56,54,35,51,16,50,50,16,23,10
7,9,20,29,37,45,52,81,74,87,103,94,78,66,57,54,55,39,44,13,10,10,12,0
0,0,9,22,51,56,57,59,72,75,72,72,77,53,51,36,29,32,23,17,9,3,0,0
13,15,27,25,14,51,56,52,63,70,70,62,55,48,46,26,31,43,39,15,12,10,10,8
7,7,14,51,54,51,64,84,87,82,76,59,61,61,61,55,53,87,87,56,46,31,0,0
11,37,53,60,64,74,138,458,217,118,82,75,70,65,73,72,67,119,189,107,60,41,21,53
53,55,59,64,66,91,209,756,448,132,101,93,94,85,85,90,108,157,575,270,71,51,31,19
14,31,49,19,36,57,96,155,100,87,85,86,90,100,107,110,141,248,793,406,97,54,48,20
13,7,11,36,50,14,50,72,60,56,71,75,71,87,82,74,65,92,140,98,54,12,13,8
0,3,4,10,11,27,50,61,63,63,75,69,71,89,81,85,68,74,70,17,53,51,10,5
0,5,19,12,19,47,51,56,68,102,116,110,121,121,119,100,58,54,53,20,3,24,11,14
0,8,14,14,4,20,48,87,84,108,129,131,133,132,128,114,85,91,64,14,0,0,0,0
0,6,14,5,9,10,11,65,65,69,104,124,133,135,125,110,89,73,49,5,0,0,0,2
0,3,0,0,3,8,14,68,76,76,94,116,129,132,117,104,80,97,53,13,0,7,0,0
7,6,0,4,9,48,64,88,71,84,123,124,146,120,102,92,83,63,60,10,8,6,2,0
10,6,4,21,28,46,46,53,74,102,138,154,154,153,143,145,115,62,37,19,12,10,7,8
2,5,0,12,14,74,82,107,105,139,157,188,183,127,126,138,132,100,57,40,13,8,1,9
0,1,2,12,38,73,76,120,143,146,153,172,170,164,153,151,153,122,107,100,12,9,0,8
7,1,0,13,33,52,111,120,132,138,177,187,195,192,175,159,134,122,109,58,25,6,1,5
0,0,6,14,53,71,123,132,155,172,183,208,223,215,190,169,135,94,76,65,28,10,7,7
5,0,10,30,38,67,113,152,160,172,194,163,152,147,142,138,137,126,87,82,37,2,3,2
0,0,9,47,57,101,124,143,154,165,161,142,123,114,130,138,137,134,111,104,57,8,6,0
2,3,6,42,75,102,119,141,148,147,137,125,110,115,125,128,132,128,114,112,61,12,10,15
7,5,11,40,89,106,122,138,141,130,116,110,104,107,121,122,130,129,120,106,64,13,14,10
2,8,7,46,69,103,112,118,117,125,106,80,82,100,112,116,124,116,113,90,73,17,16,13
4,13,13,50,89,104,114,102,113,114,103,100,59,81,106,115,125,115,103,84,61,10,13,8
2,12,10,55,100,112,114,113,106,82,68,54,55,67,87,103,113,117,110,75,46,13,10,4
12,13,17,56,98,100,106,103,97,84,61,50,50,51,53,60,85,94,91,64,52,14,12,11
9,14,12,51,68,117,123,86,68,51,49,41,36,51,57,66,96,109,108,61,32,12,12,10
4,10,11,51,59,127,136,90,59,48,50,9,13,53,65,66,95,131,126,41,28,16,7,2
8,10,12,52,69,102,70,58,52,40,12,14,1,37,53,63,102,143,124,63,35,12,8,9
7,12,12,51,53,57,50,31,30,20,12,8,10,10,47,54,46,68,72,56,32,13,12,10
0,11,15,50,48,30,13,14,5,10,4,3,8,5,18,27,52,56,57,53,42,10,12,14
8,10,12,27,13,10,8,6,0,0,2,0,0,0,14,23,38,50,62,55,43,10,6,0
2,0,9,14,7,9,8,9,4,0,0,0,6,7,12,12,37,54,53,56,26,14,2,0
2,0,0,11,10,11,12,10,8,4,5,0,4,5,10,12,16,41,44,27,40,12,4,0
0,2,6,6,2,5,1,8,8,10,7,0,11,7,4,14,10,22,28,43,35,12,5,6
0,0,2,7,5,8,9,7,7,8,10,11,12,10,9,6,13,13,14,46,26,11,0,0
0,6,7,3,7,8,7,12,14,12,8,10,10,12,3,9,14,11,12,29,22,5,0,0
5,8,7,2,9,10,11,12,10,3,0,2,10,10,8,11,6,7,10,27,25,8,6,0
12,14,0,6,8,1,0,4,2,8,4,0,6,7,10,4,6,14,7,0,14,11,0,0
13,14,9,9,9,0,4,8,4,0,0,0,3,9,3,6,8,10,2,17,22,4,5,1

6,6,3,3,7,10,0,1,5,0,0,0,0,5,0,8,3,6,2,5,10,10,14,0
3,0,7,7,10,10,0,0,0,0,10,13,14,14,26,19,14,4,0,9,14,14,11,10
11,9,11,15,13,9,10,8,14,10,60,65,94,78,56,54,34,50,15,47,48,18,21,10
7,9,21,30,37,45,53,82,75,87,103,95,79,66,57,55,55,39,44,13,10,10,12,0
0,0,10,23,51,56,57,59,71,75,72,73,77,53,51,35,26,32,23,17,9,3,0,0
13,15,26,26,14,51,56,52,63,70,70,62,55,48,46,26,30,43,39,15,12,10,10,8
7,7,14,51,54,51,64,84,87,82,76,59,61,61,61,55,53,87,86,56,46,31,0,0
12,38,53,60,64,73,138,458,217,118,82,75,70,65,73,71,67,119,189,107,60,41,21,53
53,55,59,64,66,91,210,756,449,132,101,93,94,85,85,90,108,158,575,270,71,51,31,19
14,31,49,19,36,57,96,155,100,87,85,86,90,100,107,110,141,249,793,407,97,54,48,20
13,7,11,37,51,14,50,72,60,56,71,75,71,87,83,74,65,92,140,98,54,12,13,8
0,3,4,10,11,26,51,61,63,63,74,70,71,88,81,84,67,74,70,17,53,51,10,5
0,5,20,12,20,48,51,56,67,102,116,109,121,121,119,100,59,54,53,20,3,24,11,14
0,8,14,14,4,21,48,87,84,108,129,131,133,132,128,113,86,91,64,14,0,0,0,0
0,6,14,5,9,10,11,65,65,69,104,124,133,135,124,110,89,72,48,5,0,0,0,2
0,3,0,0,3,8,14,68,75,76,94,116,129,132,116,104,80,97,53,14,0,7,0,0
7,6,0,5,9,48,65,88,71,84,123,124,147,120,102,93,84,63,60,11,8,6,2,0
10,6,4,21,29,46,47,53,74,102,138,154,154,153,142,145,115,62,38,19,12,10,6,8
2,5,0,12,14,74,82,107,105,139,156,187,183,127,126,138,132,100,57,40,13,8,1,9
0,1,2,13,39,73,76,120,143,146,153,172,170,165,153,151,153,122,107,101,12,9,0,8
7,1,0,13,33,52,111,120,132,138,177,187,195,192,175,159,134,122,109,58,26,6,1,5
0,0,7,14,53,72,123,132,155,172,183,209,223,215,189,169,135,94,76,65,28,10,7,8
5,0,10,30,38,67,113,151,160,172,195,163,152,147,142,138,137,126,87,81,37,2,3,2
0,0,9,48,57,101,124,143,154,165,161,143,124,114,130,138,137,134,111,104,57,8,6,0
2,3,6,42,75,102,120,141,148,147,137,125,110,115,125,128,132,128,114,112,62,12,10,15
7,5,11,41,89,106,122,138,141,130,116,110,104,107,121,122,130,129,120,106,64,14,14,10
2,8,7,44,70,103,112,118,117,125,106,80,82,100,112,116,124,116,113,90,73,17,16,13
3,13,13,50,89,104,114,102,113,113,103,100,59,80,106,115,125,115,103,84,62,10,13,8
2,12,10,54,100,112,114,113,106,82,68,54,55,67,87,103,112,116,110,75,46,13,10,4
12,13,19,56,99,100,106,103,97,84,61,50,50,51,53,60,85,94,91,64,52,14,12,11
9,14,12,51,68,118,123,86,68,51,49,41,36,51,57,66,96,109,108,61,32,12,12,10
4,10,11,51,59,127,136,90,59,48,50,9,13,53,65,66,95,131,127,41,28,17,7,2
8,10,11,52,69,102,70,58,52,41,12,14,1,37,53,63,102,143,124,63,34,12,8,9
7,12,12,51,53,57,50,31,29,20,12,8,10,10,46,54,45,68,72,56,31,13,12,10
0,11,14,50,47,29,13,14,5,10,4,3,7,5,16,26,52,55,57,53,41,10,12,14
8,10,13,27,13,9,9,6,0,0,2,0,0,0,14,23,38,50,62,55,44,10,6,0
2,0,9,14,7,9,8,9,4,0,0,0,6,7,12,12,36,54,53,57,26,14,2,0
2,0,0,11,10,11,12,10,8,4,5,0,4,5,10,12,15,41,45,27,41,12,5,0
0,2,6,6,2,5,1,8,8,10,7,0,11,7,4,14,10,22,28,43,34,12,5,6
0,0,2,7,5,8,10,7,7,8,10,11,11,10,9,5,13,13,14,45,27,11,0,0
0,6,7,3,7,8,7,11,14,13,8,10,10,12,3,9,14,11,12,28,23,5,0,0
5,8,7,2,9,10,11,12,10,3,0,2,11,10,8,11,6,7,10,26,25,8,6,0
12,14,0,6,8,1,0,4,2,8,4,0,6,7,10,4,6,14,7,0,14,11,0,0
13,14,9,9,9,0,4,8,4,0,0,0,3,9,4,6,8,10,2,17,23,4,5,2

6,6,3,3,7,10,0,1,5,0,0,0,0,5,0,8,3,6,2,5,10,10,14,0
4,0,7,7,10,10,0,0,0,0,10,13,15,14,24,19,14,4,0,9,14,14,11,10
11,9,11,16,13,9,10,7,14,10,60,65,94,80,57,54,35,51,14,47,50,17,21,10
7,9,21,30,37,45,52,80,73,87,103,95,79,66,57,54,55,39,44,13,10,10,12,0
0,0,10,22,51,55,58,59,71,75,72,72,78,53,51,36,27,33,23,17,9,3,0,0
13,16,26,26,14,51,56,52,63,70,70,62,55,48,46,26,31,43,39,15,12,10,10,8
7,7,14,52,54,51,64,84,86,82,76,59,61,61,61,55,53,87,87,56,46,31,0,0
11,38,54,60,65,73,138,457,217,118,82,75,70,65,73,72,67,119,189,107,60,42,21,53
53,55,59,64,66,91,210,756,449,132,101,93,94,85,85,90,108,158,575,271,71,51,31,19
14,30,49,19,35,57,96,156,101,87,85,86,90,100,107,110,141,248,793,407,97,54,48,20
13,7,11,37,50,14,50,72,60,56,71,75,71,87,83,74,65,92,140,98,54,12,13,8
0,3,4,10,11,27,51,61,63,62,74,70,71,89,81,85,68,74,70,17,53,51,10,5
0,5,19,12,20,47,51,56,67,102,116,109,120,121,119,100,59,54,53,20,3,24,11,14
0,8,15,14,4,20,48,87,84,108,129,131,133,132,128,113,85,91,64,14,0,0,0,0
0,6,14,5,9,10,11,64,65,69,104,124,133,134,124,110,89,72,49,5,0,0,0,2
0,3,0,0,3,8,14,68,76,76,94,116,129,131,116,104,80,97,53,14,0,7,0,0
7,6,0,4,9,47,65,88,71,84,123,123,146,119,102,92,83,63,60,10,8,6,2,0
10,6,4,21,29,46,47,53,74,102,138,154,153,153,142,144,115,62,37,19,12,10,6,8
2,5,0,12,14,74,82,107,105,139,156,187,182,127,126,138,131,100,57,40,13,8,1,9
0,1,2,13,39,73,76,120,143,146,153,172,170,164,153,151,153,122,107,101,12,9,0,8
7,1,0,13,33,52,111,120,132,138,177,186,195,192,175,159,134,122,109,58,25,6,1,5
0,0,7,14,54,72,123,133,155,172,183,209,223,215,190,170,135,94,76,65,28,10,7,7
5,0,10,30,39,67,113,152,161,173,195,163,152,147,142,138,137,126,87,82,37,2,3,2
0,0,9,47,58,101,124,143,154,165,161,143,124,114,130,138,137,134,111,104,58,8,6,0
2,4,6,44,76,102,120,141,148,147,137,125,110,115,125,128,133,129,114,112,62,12,10,15
7,5,11,40,89,106,122,138,141,130,116,110,104,107,121,122,130,128,120,106,64,13,14,10
2,8,7,46,70,103,112,118,117,125,106,80,81,100,112,116,124,116,113,91,73,17,16,13
3,13,13,48,89,104,114,102,113,113,103,100,59,80,106,115,125,115,103,84,61,10,13,8
3,12,10,55,100,112,114,113,106,82,68,54,55,67,87,103,112,117,110,75,46,13,10,4
12,13,18,56,98,100,106,103,97,83,61,50,50,51,53,60,84,94,91,64,52,14,12,11
9,14,12,51,68,117,123,87,68,51,49,41,36,51,57,66,96,110,108,61,32,11,12,10
4,10,11,51,59,127,136,90,59,48,50,9,13,53,65,66,95,131,127,41,28,17,7,1
8,10,12,52,69,102,70,58,52,41,12,14,1,37,53,63,102,143,124,63,35,12,8,9
7,12,12,51,53,57,50,30,30,20,12,8,10,10,47,54,46,68,72,56,32,13,12,10
0,11,15,50,47,30,13,14,5,10,4,3,7,5,16,26,52,55,57,53,42,10,12,14
7,10,12,27,13,10,8,6,0,0,2,0,0,0,14,23,38,50,62,54,43,10,6,0
2,0,9,14,7,9,8,9,4,0,0,0,6,7,12,12,36,54,53,57,26,14,2,0
2,0,0,10,10,11,12,10,8,4,5,0,4,5,10,12,15,41,44,27,40,12,5,0
0,2,6,6,2,5,1,8,8,10,7,0,11,7,4,14,10,22,28,43,34,12,5,6
0,0,2,7,5,8,9,7,7,8,10,11,12,10,9,6,13,13,14,45,26,11,0,0
0,6,7,3,7,8,7,11,14,12,8,10,10,12,3,9,14,11,12,29,22,5,0,0
5,8,7,2,9,10,11,12,9,3,0,2,11,10,8,11,6,7,10,27,24,8,6,0
12,14,0,6,8,1,0,4,2,8,4,0,5,7,10,3,6,14,7,0,14,11,0,0
13,14,9,9,9,0,4,8,4,0,0,0,3,9,3,6,8,10,2,16,23,4,5,2

6,6,3,3,7,10,0,1,5,0,0,0,0,5,0,8,3,6,2,5,10,10,14,0
4,0,7,7,10,10,0,0,0,0,10,12,14,14,26,19,14,4,0,9,14,14,11,10
11,9,11,15,13,9,10,7,14,10,60,65,94,80,56,54,34,50,15,47,48,18,21,10
7,9,21,30,37,44,53,80,73,87,103,94,78,66,57,54,55,39,43,13,10,10,12,0
0,0,10,22,51,55,57,59,72,75,72,72,77,53,51,36,28,32,23,17,9,3,0,0
13,15,26,26,14,51,56,52,63,70,70,62,55,48,46,25,31,43,39,15,12,10,10,8
7,7,14,51,54,51,64,84,86,82,76,59,61,61,61,55,53,87,86,56,46,31,0,0
11,37,54,60,64,73,138,458,217,118,82,75,70,65,73,72,67,119,188,107,60,41,21,53
53,55,59,64,66,91,210,756,450,132,101,93,94,85,85,90,108,158,576,271,71,51,31,19
14,30,50,19,36,57,96,156,101,87,85,86,90,100,107,110,141,249,793,407,97,54,48,20
13,7,11,37,51,14,50,72,60,56,71,75,71,87,83,74,65,92,140,98,54,12,13,8
0,3,4,10,11,28,51,61,63,62,74,70,71,88,81,84,67,74,70,17,53,51,10,4
0,6,20,12,21,48,51,56,67,102,116,110,121,121,119,100,59,54,53,20,3,24,11,14
0,8,14,13,4,20,48,87,84,108,129,131,133,132,128,113,85,91,64,14,0,0,0,0
0,6,14,5,9,10,11,65,65,69,104,124,133,135,124,110,88,73,48,5,0,0,0,2
0,3,0,0,3,8,14,68,76,75,94,116,129,132,116,103,80,97,53,13,0,7,0,0
7,6,0,5,9,48,65,88,71,84,123,124,147,120,102,92,83,63,60,10,8,6,2,0
10,6,4,21,28,46,47,53,74,103,138,154,153,153,142,145,115,62,37,19,12,10,6,8
2,5,0,12,14,74,82,107,105,139,156,187,182,127,126,138,132,100,57,40,13,8,1,9
0,1,2,13,38,73,76,120,143,146,153,172,170,164,153,150,153,122,107,101,12,9,0,8
7,1,0,13,33,52,111,120,132,138,177,187,195,192,175,159,134,122,109,58,25,6,1,5
0,0,7,14,53,72,123,132,154,172,183,209,223,215,189,169,134,94,76,65,28,10,7,8
5,0,10,30,38,67,113,152,160,172,194,163,152,147,142,138,137,126,87,81,37,2,3,2
0,0,9,47,58,101,124,143,154,165,161,142,124,114,130,138,137,134,111,104,57,8,6,0
2,4,6,44,76,102,120,141,148,147,137,125,110,115,125,128,132,128,114,112,62,12,10,15
7,5,11,40,89,106,122,138,141,130,116,110,104,107,121,122,130,129,119,106,64,13,14,10
2,8,7,46,70,103,112,118,117,125,106,80,82,100,112,116,124,116,113,91,73,17,16,13
4,13,13,50,89,104,114,102,113,114,103,100,60,81,106,115,125,115,103,84,61,10,13,8
3,12,10,55,100,112,114,113,106,82,68,54,55,67,87,103,112,117,110,75,46,13,10,4
12,13,18,56,98,100,106,103,97,83,61,50,50,51,53,60,85,94,91,64,52,14,12,11
9,14,12,51,68,118,123,87,68,51,49,41,36,50,57,66,96,110,108,61,32,11,12,10
4,10,11,51,59,127,136,91,59,50,50,9,13,53,65,66,95,131,127,41,28,16,7,2
8,10,12,52,69,102,70,58,52,41,12,14,1,37,53,63,102,144,125,63,35,12,8,9
7,12,12,51,53,57,50,31,29,20,12,8,10,10,46,54,46,68,72,56,32,13,12,10
0,11,14,50,47,29,13,14,5,10,4,3,7,5,17,26,52,55,57,53,42,10,12,14
7,10,13,27,13,10,8,6,0,0,2,0,0,0,14,23,39,50,62,54,43,10,6,0
2,0,9,14,7,9,8,9,4,0,0,0,6,7,12,12,37,54,53,57,26,14,2,0
1,0,0,10,10,11,12,10,8,4,5,0,4,5,10,12,15,40,45,27,40,12,5,0
0,2,6,6,2,5,1,8,8,10,7,0,11,7,5,14,10,22,28,44,34,12,5,6
0,0,2,7,5,8,9,6,7,8,10,11,11,10,9,5,13,13,14,45,26,11,0,0
0,6,7,3,7,8,7,12,14,13,8,10,10,12,3,10,14,11,12,30,23,5,0,0
5,8,7,2,9,10,11,12,10,3,0,2,11,10,8,11,6,7,10,26,25,8,6,0
12,14,0,6,8,1,0,4,2,8,4,0,5,7,10,4,6,14,7,0,14,11,0,0
13,14,9,9,9,0,4,8,4,0,0,0,3,9,4,6,8,10,2,17,22,4,5,1

6,6,3,3,7,10,0,1,5,0,0,0,0,5,0,8,3,6,2,5,10,10,14,0
4,0,7,7,10,10,0,0,0,0,10,13,15,14,24,19,14,4,0,9,14,14,11,10
11,9,11,16,14,9,11,8,14,10,60,65,94,80,57,54,35,51,17,47,50,20,22,10
7,9,20,30,37,44,53,81,74,87,103,94,78,66,57,55,55,39,44,13,10,10,12,0
0,0,10,23,51,56,58,59,71,75,72,72,78,53,51,36,28,32,23,18,9,3,0,0
13,15,26,26,14,51,56,52,63,70,70,62,55,48,47,26,31,43,39,15,12,10,10,8
7,7,14,51,54,51,64,84,87,82,76,59,61,61,61,55,53,87,86,56,46,31,0,0
11,38,53,60,64,73,138,459,216,118,82,75,70,65,73,72,67,119,188,107,60,41,21,53
53,55,58,64,66,91,210,756,447,132,101,93,94,85,85,90,108,157,576,271,71,51,31,19
14,30,49,20,36,57,96,155,100,87,85,86,90,100,107,110,141,249,793,408,97,55,48,20
13,7,11,36,50,15,50,72,60,56,71,75,71,87,82,74,65,92,140,98,54,12,13,8
0,3,4,10,11,26,50,60,63,63,75,70,72,88,81,84,67,74,70,17,53,50,10,5
0,6,20,12,21,47,51,56,68,103,117,111,122,122,119,100,59,54,53,20,3,24,11,14
0,8,14,14,4,19,47,87,84,108,130,132,134,134,129,114,86,91,64,14,0,0,0,0
0,6,14,5,9,10,11,65,65,70,105,125,134,136,126,110,89,73,49,5,0,0,0,2
0,3,0,0,3,7,14,68,76,76,95,117,130,133,117,104,80,97,53,13,0,7,0,0
7,6,0,4,9,47,64,88,71,84,124,125,148,121,103,93,84,63,60,10,8,6,2,0
10,6,4,21,28,46,46,53,74,103,139,155,155,154,143,146,116,62,37,19,12,10,6,8
2,5,0,12,14,73,82,107,105,139,157,188,184,127,126,138,132,100,57,39,13,8,1,9
0,1,2,12,38,73,75,120,142,147,154,172,171,165,153,151,153,121,107,100,12,9,0,8
7,1,0,13,33,52,111,119,131,138,177,187,195,192,175,159,134,122,109,58,25,6,1,5
0,0,7,14,54,72,123,132,153,171,182,207,222,214,189,169,134,94,76,65,28,10,6,7
5,0,9,30,39,67,113,151,160,172,193,161,150,146,141,137,136,126,86,81,37,1,3,2
0,0,9,47,57,101,123,143,154,165,160,142,123,114,129,138,137,133,111,104,57,8,5,0
2,4,6,44,76,102,119,141,147,147,136,125,110,115,125,128,132,128,114,112,62,12,10,15
7,5,11,41,89,106,122,138,141,130,116,110,104,107,121,122,130,129,119,106,64,13,14,10
2,8,7,44,70,103,112,118,117,125,106,80,82,100,112,116,124,116,113,90,74,17,16,13
3,13,13,48,89,104,114,102,113,113,103,100,59,80,106,115,125,115,103,84,61,10,13,8
3,12,10,55,100,112,114,113,106,82,68,54,55,67,87,103,113,116,110,75,46,13,10,4
12,13,18,56,99,100,106,103,97,83,61,50,50,51,53,60,85,94,91,64,52,14,12,11
9,14,12,51,68,118,123,87,68,51,49,41,36,51,57,66,96,110,109,61,32,12,12,10
4,10,11,51,59,127,137,91,59,50,50,9,13,53,65,66,95,131,127,41,28,16,7,2
8,10,12,52,69,102,70,58,52,41,12,14,1,39,53,64,102,144,125,64,35,12,8,9
7,12,12,51,53,57,50,30,29,20,12,7,9,10,46,54,46,68,73,56,32,13,12,10
0,11,15,50,48,30,13,14,5,10,4,3,8,5,17,26,52,56,57,54,42,10,12,14
8,10,13,29,13,10,8,6,0,0,2,0,0,0,14,23,39,50,62,55,43,10,6,0
2,0,9,14,7,9,8,9,4,0,0,0,6,7,12,12,38,54,53,56,26,14,2,0
2,0,0,11,10,11,12,10,8,4,5,0,4,5,10,12,17,41,45,27,40,12,5,0
0,2,6,6,2,5,1,8,8,10,7,0,11,7,5,14,10,23,28,44,35,12,5,6
0,0,2,7,5,8,10,6,7,8,10,11,12,10,9,6,13,13,14,45,27,11,0,0
0,6,7,3,7,8,7,12,14,12,8,10,10,12,3,9,14,11,12,29,23,5,0,0
5,8,7,2,9,10,11,12,10,3,0,2,11,10,8,11,6,7,10,28,25,8,6,0
12,14,1,6,8,1,0,4,2,8,4,0,5,7,10,4,6,14,7,0,14,11,0,0
13,14,9,9,9,0,4,8,4,0,0,0,3,9,3,6,8,10,2,17,23,4,5,1

6,6,3,3,7,10,0,1,5,0,0,0,0,5,0,8,3,6,2,5,10,10,14,0
4,0,7,7,10,10,0,0,0,0,10,13,15,14,26,19,14,4,0,9,14,14,11,10
11,9,11,16,13,9,10,8,14,10,60,65,95,79,56,54,34,51,16,48,50,18,22,10
7,9,20,30,37,45,53,82,74,88,103,94,79,66,57,55,55,39,44,13,10,10,12,0
0,0,10,23,51,56,58,59,72,75,72,73,78,53,51,37,28,32,23,18,9,3,0,0
13,15,27,26,14,51,56,52,63,70,71,62,56,48,46,26,31,43,39,15,12,10,10,8
7,7,14,51,54,51,64,84,87,82,76,59,61,61,61,55,53,87,87,56,46,31,0,0
11,37,53,60,64,73,139,461,216,118,82,75,70,65,73,71,67,119,190,107,60,41,21,53
53,55,59,64,66,91,210,756,443,131,101,93,94,85,85,90,108,157,574,271,71,51,31,19
14,30,49,19,35,57,96,154,100,87,85,86,90,100,107,110,141,249,793,407,97,54,48,19
13,7,11,37,50,14,50,72,60,56,71,75,71,87,82,74,65,92,140,98,54,12,13,8
0,3,4,10,11,25,51,60,63,63,75,70,72,89,81,84,68,74,70,17,53,50,10,4
0,6,20,12,21,47,50,56,67,103,117,112,123,123,120,101,59,54,53,20,3,24,11,14
0,8,14,13,4,19,47,88,84,109,131,133,135,135,130,114,86,91,64,14,0,0,0,0
0,6,14,5,9,10,11,65,65,70,106,127,136,138,127,111,90,73,49,5,0,0,0,1
0,3,0,0,3,7,14,68,76,76,96,119,131,134,118,105,81,98,53,13,0,7,0,0
7,6,0,5,9,48,63,88,71,85,125,126,148,122,104,94,84,63,60,10,8,7,2,0
10,6,4,21,28,46,46,53,74,104,140,157,157,155,144,147,116,62,37,18,12,10,6,8
2,5,0,12,14,74,81,107,105,139,158,189,185,128,127,139,132,100,57,39,13,8,1,9
0,1,2,12,38,73,75,119,142,147,154,173,172,166,154,152,153,121,107,100,12,9,0,8
7,1,0,13,33,52,111,119,130,137,177,187,195,192,175,160,134,121,108,57,24,6,1,5
0,0,7,14,53,71,122,131,152,170,181,206,221,213,188,168,134,93,75,65,27,10,6,7
5,0,9,30,38,67,113,150,159,171,192,160,149,145,141,137,136,126,86,81,35,1,3,2
0,0,9,48,57,101,124,142,153,164,159,141,123,114,129,137,137,133,111,104,55,8,5,0
2,3,6,45,76,102,119,141,147,147,136,125,110,115,125,128,132,128,114,112,62,12,10,15
8,5,11,40,89,106,122,138,141,130,115,110,104,107,121,122,130,128,119,106,64,13,14,10
2,8,7,44,70,103,112,118,117,125,106,80,82,100,112,116,124,116,113,90,73,17,15,13
3,13,13,50,89,104,114,102,113,113,103,100,59,81,106,115,125,115,103,84,61,10,13,8
3,12,10,54,100,111,114,113,106,82,68,54,55,67,87,103,112,116,110,75,46,13,10,4
12,13,19,56,98,100,106,103,97,83,61,50,50,51,53,60,85,94,91,64,52,14,12,11
9,14,12,51,68,118,123,87,68,52,49,41,37,51,57,66,96,110,108,61,32,11,12,10
5,10,11,51,59,127,137,91,59,50,50,9,13,53,65,66,95,131,127,41,28,16,7,2
8,10,12,52,69,102,70,58,52,40,12,14,1,39,53,64,102,144,125,64,35,12,8,9
7,12,12,51,53,57,50,31,30,20,12,7,9,10,46,54,46,68,73,56,33,13,12,10
0,11,15,50,48,30,14,14,5,10,4,3,8,5,17,27,52,56,57,53,42,10,13,14
8,10,12,28,13,10,8,6,0,0,2,0,0,0,14,23,38,50,62,55,43,10,6,0
2,0,9,14,7,9,8,9,4,0,0,0,6,7,12,12,38,54,53,57,26,14,2,0
2,0,0,11,10,11,12,10,8,5,5,0,4,5,10,12,17,41,45,27,40,12,5,0
0,2,6,6,3,5,1,8,8,10,7,0,11,7,5,14,10,22,28,43,35,12,5,6
0,0,2,7,5,8,9,6,7,8,10,11,12,10,9,6,13,13,14,46,27,11,0,0
0,6,7,3,7,8,7,11,14,13,8,10,10,12,3,9,14,11,12,30,23,5,0,0
5,8,7,2,9,10,11,12,9,3,0,2,11,10,8,11,6,7,10,27,25,8,6,0
12,14,1,6,8,1,0,4,2,8,4,0,6,7,10,4,6,14,7,0,14,11,0,0
13,14,9,9,9,0,4,8,4,0,0,0,3,9,3,6,8,10,2,17,23,4,5,2

6,6,3,3,7,10,0,1,5,0,0,0,0,5,0,8,3,6,2,5,10,10,14,0
4,0,7,8,10,10,0,0,0,0,10,13,17,14,27,19,14,4,0,9,14,14,11,10
11,9,11,16,13,9,10,8,14,10,60,65,94,80,57,54,35,51,16,48,50,18,22,10
7,9,21,30,37,44,53,82,74,87,103,95,79,66,57,54,55,39,44,13,10,10,12,0
0,0,10,23,51,56,57,59,71,75,72,73,78,53,51,37,28,32,23,17,9,3,0,0
13,16,26,27,14,51,56,52,63,71,71,62,56,48,47,26,31,44,39,15,12,10,10,8
7,7,14,51,54,51,64,84,87,82,76,59,61,61,61,55,53,87,86,56,46,31,0,0
11,37,53,60,64,73,139,460,216,118,82,75,70,65,73,72,67,119,189,108,60,41,22,53
53,55,58,64,66,90,210,756,442,131,101,93,94,85,85,90,108,157,574,270,71,51,31,19
14,31,48,19,36,57,96,154,100,87,85,86,90,100,107,110,142,249,793,407,97,55,48,20
13,7,11,37,50,14,50,72,60,56,71,75,71,87,83,74,65,92,140,98,54,12,13,8
0,3,4,10,11,26,50,61,63,63,75,70,72,89,81,85,67,74,69,17,53,50,10,4
0,6,19,12,19,46,50,56,68,103,118,112,123,123,120,101,59,54,53,20,3,24,11,14
0,8,14,14,4,19,47,87,84,109,131,133,135,135,130,114,87,90,64,14,0,0,0,0
0,6,14,5,9,10,11,65,65,70,106,127,136,138,127,111,91,72,48,5,0,0,0,1
0,3,0,0,3,7,14,68,76,76,96,119,131,134,118,105,81,98,53,13,0,7,0,0
7,6,0,4,8,46,63,88,71,85,125,126,148,122,104,93,84,63,60,10,8,7,2,0
10,6,4,21,28,46,46,54,74,104,140,157,156,155,144,147,116,62,38,18,12,10,6,8
2,5,0,12,14,74,81,107,105,139,158,189,185,128,127,139,132,100,57,39,13,8,1,9
0,1,2,12,38,73,75,120,142,147,154,173,171,165,154,152,153,121,107,100,12,9,0,8
7,0,0,12,33,52,111,119,130,137,177,187,195,192,175,159,134,121,109,57,24,6,1,5
0,0,7,14,54,71,123,131,153,170,182,207,221,214,189,168,134,93,75,65,28,10,6,7
5,0,9,30,38,67,113,150,159,171,192,161,149,146,141,137,136,126,86,81,36,1,3,2
0,0,9,47,57,101,123,142,153,164,159,141,123,114,129,137,137,133,111,104,56,8,5,0
2,3,6,45,75,102,120,141,147,147,136,125,110,115,125,128,132,128,114,112,61,12,10,15
7,5,11,41,89,106,122,138,141,130,115,110,104,107,121,122,130,129,119,106,64,13,14,10
2,8,7,44,70,103,112,118,117,125,106,80,81,100,112,116,124,116,113,90,73,16,15,13
3,13,13,50,89,104,114,102,113,113,103,100,60,80,106,115,125,115,103,84,61,10,13,8
3,12,10,55,100,111,114,113,106,82,69,54,55,67,87,103,113,117,110,75,46,13,10,4
12,13,17,56,98,100,106,103,97,83,61,50,50,51,53,60,85,94,91,64,52,14,12,11
9,14,12,51,68,118,123,87,68,51,49,41,36,51,57,66,96,110,109,61,32,12,12,10
5,10,11,51,59,127,137,91,59,48,50,9,13,53,65,66,95,131,127,41,28,17,7,2
8,10,12,52,69,102,70,58,52,41,12,14,1,38,53,63,102,144,125,63,35,12,8,9
7,13,12,51,53,57,50,30,29,20,12,8,9,10,47,54,46,68,73,56,32,13,13,10
0,11,15,50,47,29,13,14,5,10,4,3,8,5,17,26,52,56,57,53,42,10,12,14
8,10,13,28,13,10,8,6,0,0,2,0,0,0,14,23,38,50,62,55,43,10,6,0
2,0,9,14,7,9,8,9,4,0,0,0,6,7,12,12,37,54,53,57,26,14,2,0
2,1,0,11,10,11,12,10,8,5,5,0,4,5,10,13,15,41,45,27,42,12,5,0
0,2,6,6,2,5,1,8,8,10,7,0,11,7,5,14,10,24,28,44,35,12,5,6
0,1,2,7,5,8,9,6,7,8,10,11,11,10,9,6,13,13,14,46,27,11,0,0
0,6,7,3,7,8,7,12,14,13,8,10,10,12,3,9,14,11,12,29,23,5,0,0
5,8,7,2,9,10,11,12,10,3,0,2,11,10,8,12,6,7,10,27,26,8,6,0
12,14,1,6,8,1,0,4,1,8,4,0,5,7,10,4,6,14,7,0,14,11,0,0
13,14,9,9,9,0,4,8,4,0,0,0,3,9,4,6,8,10,2,17,23,4,5,1

6,6,3,3,6,10,0,1,5,0,0,0,0,5,0,8,3,6,2,5,10,10,14,0
4,0,7,7,10,10,0,0,0,0,10,13,14,14,29,19,14,4,0,9,14,14,11,10
11,9,11,15,13,9,10,8,14,10,60,65,94,79,57,54,35,51,16,48,48,18,21,10
7,9,21,30,37,44,53,81,74,87,103,95,79,66,57,54,56,39,44,13,10,10,12,0
0,0,10,23,51,56,57,59,72,75,72,72,77,53,51,36,28,32,23,17,9,3,0,0
13,15,26,26,14,51,56,52,63,70,71,62,55,48,46,26,31,43,39,15,12,10,10,8
7,7,14,52,54,51,64,84,87,82,76,59,61,61,61,55,53,87,86,56,46,31,1,0
11,37,54,60,64,73,139,460,216,118,82,76,71,66,73,72,67,119,189,107,60,41,22,54
53,55,59,64,66,90,210,756,444,131,101,93,94,85,85,90,108,157,574,270,71,51,31,20
14,31,48,19,35,57,96,155,100,87,86,86,90,100,107,111,142,249,793,409,97,55,48,20
13,7,11,37,50,14,50,72,60,56,71,75,71,87,83,74,65,92,140,98,54,12,13,8
0,3,4,10,11,27,50,61,63,63,75,70,72,89,81,85,67,74,70,17,53,51,10,5
0,6,20,12,20,48,51,56,67,103,117,111,123,122,120,101,59,54,53,20,3,24,11,14
0,8,14,14,4,20,47,88,84,109,130,132,134,134,129,114,87,91,64,14,0,0,0,0
0,6,14,5,9,10,11,65,65,70,105,125,135,137,126,111,90,72,49,5,0,0,0,2
0,3,0,0,3,7,14,68,76,76,95,118,131,133,118,105,80,98,53,13,0,7,0,0
7,6,0,4,9,46,64,88,71,84,124,125,148,121,103,93,84,63,60,10,8,6,2,0
10,6,4,21,28,47,46,53,74,103,139,156,155,154,143,146,116,62,38,19,12,10,6,8
2,5,0,12,14,74,81,107,105,139,157,188,184,128,126,138,132,100,57,39,13,8,1,9
0,1,2,12,38,73,76,120,142,146,154,173,171,165,153,151,153,121,107,100,12,9,0,8
7,0,0,13,33,52,111,119,131,138,177,187,195,192,175,159,134,122,109,58,25,6,1,5
0,0,7,14,53,72,123,132,153,171,182,207,222,214,189,169,134,94,76,65,28,10,6,7
5,0,9,30,39,67,113,151,160,172,193,161,151,146,142,138,136,126,86,81,37,1,3,2
0,0,9,47,57,101,124,143,154,165,160,142,123,114,130,138,137,133,111,104,57,8,5,0
2,3,6,44,75,102,119,141,148,147,136,125,110,115,125,128,132,128,114,112,62,12,10,15
7,5,11,41,89,106,122,138,141,130,116,110,104,107,121,122,130,129,120,106,64,13,14,10
2,8,7,46,69,103,112,118,117,125,106,79,82,100,112,116,124,116,113,90,74,17,16,13
3,13,13,48,89,104,114,102,113,113,103,100,59,80,106,115,125,115,103,84,61,10,13,8
2,12,10,54,100,112,114,113,106,82,68,54,55,67,87,103,112,117,110,75,46,13,10,4
12,13,18,56,99,100,106,103,97,84,61,50,50,51,53,60,85,94,91,64,52,14,12,11
9,14,12,51,68,118,123,87,68,51,49,41,36,51,57,66,96,110,108,61,32,12,12,10
4,10,11,51,59,127,137,91,60,50,51,9,13,53,65,66,95,131,127,41,28,16,7,2
9,10,12,52,69,102,70,58,52,41,12,14,1,39,53,63,102,144,125,64,35,12,8,9
7,13,13,51,53,57,50,30,30,20,12,8,10,10,46,54,46,68,72,56,33,13,12,10
0,11,15,50,48,30,14,14,5,10,4,3,8,5,17,26,52,56,57,53,42,10,13,14
8,10,13,28,13,10,9,6,0,0,2,0,0,0,14,23,38,50,62,55,43,10,6,0
2,0,9,14,7,9,8,9,4,0,0,0,6,7,12,12,37,54,53,57,26,14,2,0
2,1,0,11,10,11,12,10,8,4,5,0,4,5,10,12,16,42,45,27,40,12,5,0
0,2,6,6,3,5,1,8,8,10,7,0,11,7,5,14,10,23,28,44,35,12,5,6
0,1,2,7,5,8,9,7,7,8,10,11,12,10,9,6,13,13,14,47,27,11,0,0
0,6,7,3,7,8,7,12,14,13,8,10,10,12,3,9,14,11,12,29,22,5,0,0
5,8,7,2,9,10,11,12,10,3,0,2,11,10,8,11,6,7,10,28,25,8,6,0
12,14,1,6,8,1,0,4,2,8,4,0,5,7,10,4,6,14,7,0,14,11,0,0
13,14,9,9,9,0,4,8,4,0,0,0,2,9,3,6,8,10,2,17,22,4,5,1

6,6,3,3,7,10,0,1,5,0,0,0,0,5,0,8,3,6,2,5,10,10,14,0
4,0,7,7,10,10,0,0,0,0,10,13,15,14,27,19,14,4,0,9,14,14,11,10
11,9,12,17,13,9,11,8,14,10,60,65,95,80,57,54,35,51,16,48,48,18,21,10
8,9,21,30,37,45,53,81,74,87,103,94,79,66,57,55,55,39,44,13,10,10,12,0
0,0,10,23,51,56,57,59,71,75,72,72,78,53,51,36,29,33,23,18,9,3,0,0
13,15,26,26,14,51,56,52,63,70,70,62,55,48,47,26,30,43,39,15,12,10,10,8
7,7,14,52,54,51,64,84,87,82,76,59,61,60,61,55,53,87,86,56,46,31,0,0
12,37,53,60,64,73,139,460,217,118,82,75,70,65,73,71,67,118,188,107,60,41,22,54
53,55,59,64,66,91,212,756,448,132,101,93,94,86,85,90,108,157,574,269,71,51,31,20
14,31,50,19,35,57,97,156,101,87,85,86,90,100,107,111,142,251,793,410,97,55,48,19
13,7,11,37,50,14,50,72,60,56,71,75,71,87,83,74,66,92,141,98,54,12,13,8
1,3,4,10,11,27,51,61,63,62,74,69,71,88,81,84,68,74,70,18,53,51,10,5
0,6,21,12,21,50,51,56,67,102,115,109,121,120,119,100,58,54,53,20,3,24,11,14
0,8,14,13,4,20,48,86,84,108,129,131,133,133,128,113,85,90,66,14,0,0,0,0
0,6,14,5,9,10,11,65,65,69,105,124,134,135,125,110,89,73,48,5,0,0,0,2
0,3,0,0,3,8,14,68,76,76,95,117,130,132,117,104,80,97,53,13,0,7,0,0
7,6,0,4,9,46,64,88,71,84,124,125,147,120,103,93,83,63,60,10,8,6,2,0
10,6,4,21,28,46,46,53,74,103,139,155,155,154,143,145,115,62,37,18,12,10,6,8
2,5,0,12,14,73,81,107,105,139,157,188,184,127,126,138,132,100,57,39,13,8,1,9
0,1,2,12,38,73,75,120,142,147,154,172,171,165,153,151,153,121,107,100,12,9,0,8
7,1,0,13,33,52,111,120,131,138,178,187,195,192,175,159,134,122,109,58,25,6,1,5
0,0,6,14,53,72,123,132,154,171,182,208,222,215,189,169,134,94,76,65,28,10,6,7
5,0,9,30,38,67,113,151,160,172,193,162,151,147,142,137,136,126,86,81,37,1,3,2
0,0,9,47,58,102,124,143,154,165,160,142,123,114,130,138,137,133,111,104,58,8,6,0
2,3,6,44,75,102,119,141,148,147,136,125,110,115,125,128,132,128,114,112,62,12,10,15
7,5,11,40,88,106,122,138,141,130,116,110,104,107,121,122,130,128,120,106,64,13,14,10
2,8,7,46,70,103,112,118,117,125,106,80,82,100,112,116,124,116,113,90,74,17,16,13
4,13,13,50,88,104,114,102,113,113,103,100,60,80,106,115,125,115,104,84,61,10,13,8
3,12,10,55,100,112,114,113,106,82,68,54,55,67,88,103,113,117,110,75,46,13,10,4
12,13,18,56,98,100,106,103,97,84,61,50,50,51,53,60,85,95,91,64,52,14,12,11
9,14,12,51,68,118,124,87,68,51,49,41,36,51,57,66,96,110,109,61,33,12,12,10
4,10,11,51,59,127,137,91,59,48,51,9,13,53,65,66,95,131,127,41,28,17,7,2
9,10,12,52,69,102,70,58,52,41,12,14,1,39,53,63,102,144,125,63,35,12,8,9
7,12,13,51,53,56,50,31,30,20,12,8,9,10,46,54,46,68,73,56,32,13,12,10
0,11,15,50,48,29,14,14,5,10,4,3,7,5,16,26,52,55,57,54,42,10,12,14
8,10,13,28,13,10,8,6,0,0,2,0,0,0,14,23,38,50,62,55,43,10,6,0
2,0,9,14,7,9,8,9,4,0,0,0,6,7,12,12,37,54,53,57,26,14,2,0
2,1,0,11,10,11,12,10,8,4,5,0,4,5,10,12,15,40,45,27,41,12,5,0
0,2,6,6,3,5,1,8,8,10,7,0,11,7,4,14,10,23,28,44,35,12,5,6
0,0,2,7,5,8,9,6,7,8,10,11,11,10,9,5,13,13,14,45,27,11,0,0
0,6,7,3,7,8,7,12,14,13,8,10,10,12,4,9,14,11,12,30,24,5,0,0
5,8,7,2,9,10,11,12,9,3,0,2,11,10,8,11,6,7,10,28,26,8,6,0
12,14,1,6,8,1,0,4,2,8,4,0,5,7,10,3,6,14,7,0,14,11,0,0
13,14,9,9,9,0,4,7,4,0,0,0,3,9,4,6,8,10,2,17,23,4,5,1

6,6,3,3,7,10,0,1,5,0,0,0,0,5,0,8,3,6,2,5,10,10,14,0
4,0,7,7,10,10,0,0,0,0,10,13,14,14,26,19,14,4,0,9,14,14,11,10
11,9,11,16,13,9,11,8,14,10,60,65,94,80,56,54,35,51,16,48,48,17,21,10
8,9,21,30,37,44,53,81,73,87,103,95,78,66,57,54,55,39,44,13,10,10,12,0
0,0,10,24,51,55,57,59,71,75,72,73,77,53,51,36,29,32,23,17,9,3,0,0
13,16,27,26,14,51,56,52,62,70,70,62,55,48,47,26,31,43,39,15,12,10,10,8
7,7,14,52,54,51,64,84,87,82,76,59,61,61,61,55,53,87,86,56,46,31,0,0
11,38,53,60,64,73,139,460,217,118,82,75,70,65,73,71,67,118,188,107,60,41,22,53
53,56,59,64,66,91,212,756,449,132,101,93,94,86,85,90,108,157,574,269,71,51,31,20
14,31,50,19,36,57,97,157,101,87,85,86,90,100,107,111,142,252,793,411,97,55,48,20
13,7,11,37,50,14,50,72,60,56,71,75,71,87,82,74,65,92,141,98,54,12,13,8
1,3,4,10,11,27,50,61,63,62,74,69,71,88,80,84,67,74,70,17,53,51,10,5
0,6,20,12,20,48,51,56,67,102,115,109,120,120,118,100,59,54,53,21,3,24,11,14
0,8,14,14,4,20,50,87,84,108,129,130,132,132,128,113,85,90,65,14,0,0,0,0
0,6,14,5,9,10,11,64,65,69,104,124,133,135,125,110,89,72,48,5,0,0,0,2
0,3,0,0,3,8,14,69,75,76,94,117,130,132,116,104,80,97,53,13,0,7,0,0
7,6,0,5,9,46,64,88,71,84,123,125,147,120,102,92,83,63,60,10,8,6,2,0
10,6,4,21,28,46,46,53,74,103,139,155,155,153,142,145,115,62,37,18,12,10,6,8
2,5,0,12,14,74,82,107,105,139,157,188,183,127,126,138,132,100,57,39,13,8,1,9
0,1,2,12,38,73,76,120,143,147,153,172,171,164,153,151,152,121,107,100,12,9,0,8
7,1,0,13,33,52,111,120,131,138,178,187,195,192,175,159,134,122,109,58,25,6,1,5
0,0,7,14,53,72,123,132,154,172,183,209,223,215,189,169,134,94,76,65,28,10,6,7
5,0,9,30,39,67,113,151,160,172,194,162,151,147,142,138,136,126,87,81,37,2,3,2
0,0,9,45,57,101,124,143,154,165,160,142,123,114,130,138,137,134,111,104,58,8,6,0
2,4,6,45,76,102,120,141,148,147,136,125,110,115,125,128,132,128,115,112,62,12,10,15
7,5,11,41,89,106,122,138,141,130,116,110,104,107,121,122,130,129,120,106,64,13,14,10
2,8,7,44,70,103,112,118,117,125,106,80,82,100,112,116,124,116,113,90,73,17,16,13
4,13,13,50,89,104,114,102,113,113,103,100,59,80,106,115,125,115,103,84,61,10,13,8
3,12,10,55,100,112,114,113,106,82,69,54,55,68,88,103,113,117,110,75,47,13,10,4
12,13,17,56,98,100,106,103,97,83,61,50,50,51,53,59,85,94,91,64,52,14,12,11
9,14,12,51,68,118,124,87,68,52,50,41,36,51,57,66,96,110,109,61,33,12,12,10
4,10,11,51,59,127,137,91,59,50,50,9,13,53,65,66,95,131,127,41,28,17,7,2
8,10,12,52,69,102,70,58,52,40,12,14,1,38,53,64,102,144,125,63,35,12,8,9
7,12,13,51,53,56,50,30,30,20,12,8,10,10,47,54,46,68,72,56,31,13,12,10
0,11,15,50,48,30,13,14,5,10,4,3,8,5,17,27,52,55,57,54,42,10,12,14
8,10,13,27,13,10,9,6,0,0,2,0,0,0,14,24,38,50,62,55,43,10,6,0
2,0,9,14,7,9,8,9,4,0,0,0,6,7,12,12,37,54,53,57,26,14,2,0
2,1,0,11,10,11,12,10,8,4,5,0,4,5,10,12,15,41,44,27,41,12,5,0
0,2,6,6,3,5,1,8,8,10,7,0,11,7,4,14,10,23,28,44,35,12,5,6
0,0,2,7,5,8,9,7,7,8,10,11,11,10,9,5,13,13,14,45,26,11,0,0
0,6,7,3,7,8,7,12,14,12,8,10,10,12,3,9,14,11,12,29,24,5,0,0
5,8,7,2,9,10,11,12,10,3,0,2,10,10,8,11,6,7,10,26,26,8,6,0
12,14,0,6,8,1,0,4,2,8,4,0,5,7,10,3,6,14,7,0,14,11,0,0
13,14,9,9,9,0,4,8,4,0,0,0,3,9,4,6,8,10,2,17,23,4,5,2

6,6,4,3,7,10,0,1,5,0,0,0,0,5,0,8,4,6,2,5,10,10,14,0
4,0,6,7,10,10,0,0,0,0,10,13,14,14,24,19,14,4,0,9,14,14,11,10
11,10,12,17,14,9,11,8,14,10,60,65,95,80,57,54,35,51,16,48,48,18,22,10
8,9,21,30,37,45,53,81,73,87,103,94,79,66,57,54,55,39,44,13,10,10,12,0
0,0,10,24,51,56,58,59,71,75,72,73,78,53,51,36,29,33,23,18,9,3,0,0
13,16,26,27,14,51,56,52,62,70,70,62,55,48,47,26,31,43,38,15,12,10,10,8
7,7,14,52,54,51,64,84,86,82,76,59,61,61,61,55,53,86,85,56,46,31,0,0
12,39,54,60,64,73,139,460,217,118,82,75,70,65,73,71,67,118,187,108,60,41,22,53
53,56,59,64,66,91,212,756,450,132,101,93,94,85,85,90,108,157,576,269,72,51,31,20
14,30,48,19,35,57,97,157,101,87,86,86,90,100,107,111,142,251,793,411,97,55,49,20
13,7,11,38,51,14,50,72,60,56,71,75,71,87,83,74,66,92,141,99,54,12,13,8
1,3,4,10,11,27,51,61,63,62,74,69,70,87,80,83,67,74,69,18,53,51,10,5
0,6,19,12,21,48,51,56,67,102,115,108,120,120,118,100,59,54,53,20,3,24,11,14
0,8,14,13,4,20,50,87,84,107,128,130,132,131,127,113,84,90,66,14,0,0,0,0
0,6,14,5,9,10,11,64,65,69,104,124,133,134,124,109,88,72,48,5,0,0,0,2
0,3,0,0,3,8,14,68,75,75,94,116,129,131,116,103,80,97,52,14,0,7,0,0
7,6,0,5,9,47,64,88,71,84,123,124,147,120,102,92,83,63,60,10,8,6,2,0
10,6,4,21,28,46,47,53,74,103,138,154,154,153,142,144,115,61,37,19,12,10,6,8
2,5,0,12,14,74,82,107,105,139,157,188,183,127,126,138,131,100,57,39,13,8,1,9
0,1,2,12,38,73,76,120,143,147,153,172,170,164,152,150,152,121,107,101,12,9,0,8
7,1,0,13,33,52,111,120,132,138,178,187,195,192,174,159,134,122,109,58,25,6,1,5
0,0,7,14,53,72,123,132,155,172,183,209,223,215,189,169,134,94,76,65,28,10,7,7
5,0,9,30,39,67,113,152,160,172,194,163,152,147,142,138,137,126,87,81,38,2,3,2
0,0,9,47,58,102,124,143,154,165,160,143,124,114,130,138,137,134,111,104,58,8,6,0
2,4,7,45,76,102,120,141,148,147,136,125,110,115,125,128,132,129,115,112,62,12,10,15
7,5,11,40,89,106,122,138,141,130,116,110,104,107,121,122,130,129,120,106,65,13,14,10
2,8,7,43,70,103,112,118,117,125,106,80,82,100,112,116,124,116,113,90,74,17,16,13
4,13,13,50,88,104,114,102,113,113,103,100,59,81,106,115,126,115,103,84,61,10,13,8
2,12,10,54,100,112,114,113,106,82,68,54,55,67,87,103,113,117,110,75,46,13,10,4
12,13,17,56,98,100,106,103,97,84,61,50,50,51,53,60,85,95,91,64,52,14,12,11
9,14,12,51,68,118,124,87,69,52,49,41,36,51,57,66,97,110,109,61,33,12,12,10
4,10,11,51,59,127,137,91,59,48,50,9,13,53,65,66,96,132,127,41,28,16,7,2
8,10,12,52,69,102,70,58,52,40,12,14,1,40,53,63,102,144,125,63,35,12,8,9
7,12,13,51,53,57,50,31,29,20,12,8,9,10,46,54,46,68,73,56,32,13,12,10
0,11,15,50,48,29,13,14,5,10,4,3,7,5,16,26,52,55,57,53,42,10,13,14
8,10,13,28,13,10,8,6,0,0,2,0,0,0,14,24,39,50,62,55,44,10,6,0
2,0,9,14,7,9,8,9,4,0,0,0,6,7,12,12,36,54,53,57,26,14,2,0
2,1,0,11,10,11,12,10,8,4,5,0,4,5,10,12,16,41,45,27,42,12,5,0
0,2,6,6,3,5,0,8,8,10,7,0,11,7,4,14,10,23,28,44,35,12,5,6
0,1,2,7,5,8,9,6,7,8,10,11,12,10,9,6,13,13,14,46,27,11,0,0
0,6,7,3,7,8,7,11,14,12,8,10,10,12,3,9,14,11,12,29,23,5,0,0
5,8,7,2,9,10,11,12,10,3,0,2,11,10,8,11,6,7,10,27,25,8,6,0
12,14,0,6,8,1,0,4,2,8,4,0,5,7,10,3,6,14,7,0,14,11,0,0
13,14,9,9,9,0,4,8,4,0,0,0,3,9,4,6,8,10,2,17,23,4,5,1
0,14,10,10,5,2,6,3,8,0,5,0,0,0,0,4,0,0,10,6,3,2,3,4
10,10,13,14,9,0,4,14,19,24,13,14,12,10,0,0,0,0,9,9,7,6,0,0
9,14,14,47,47,14,51,34,54,56,77,93,64,59,10,13,7,10,8,13,14,11,7,10
0,11,9,10,12,41,38,54,54,56,65,78,93,102,86,75,81,52,45,35,28,16,6,5
0,0,2,8,15,22,29,21,30,48,52,76,72,72,75,72,59,58,55,50,14,7,0,0
7,8,9,12,14,35,35,29,23,44,45,54,61,70,70,63,52,56,51,14,16,23,14,11
0,0,31,46,58,82,77,52,54,61,60,61,59,75,80,87,84,63,50,54,51,14,6,6
53,14,43,60,108,179,112,67,72,70,64,68,74,83,118,226,460,134,73,64,60,53,33,11
15,29,51,70,275,594,161,110,88,83,84,92,92,101,133,479,756,193,90,66,63,58,55,52
19,43,51,95,354,793,227,134,106,104,98,88,84,82,84,97,142,90,57,34,18,46,27,14
8,12,10,52,90,131,90,64,74,83,87,71,75,72,57,61,72,48,14,50,35,11,6,12
4,10,48,52,14,69,74,69,89,86,94,75,73,78,64,66,62,50,25,11,9,3,2,0
14,11,23,2,16,53,53,59,101,120,122,123,113,118,103,70,56,50,45,20,12,20,5,0
0,0,0,0,14,56,94,87,114,129,134,135,133,130,109,85,92,51,19,4,13,14,8,0
2,0,0,0,5,50,72,91,110,126,138,136,126,105,69,65,67,11,10,8,5,14,6,0
0,0,9,0,13,53,97,80,106,119,135,133,121,97,77,77,68,14,8,2,0,0,3,0
0,4,8,8,11,61,64,85,95,107,124,151,129,127,86,72,88,64,47,8,5,0,7,7
9,8,10,12,21,38,64,119,150,147,160,162,161,142,106,76,54,46,46,24,22,5,7,11
9,3,8,14,42,58,102,134,140,129,131,188,192,161,141,107,107,80,70,13,12,0,5,3
9,1,9,13,101,108,123,156,155,157,169,174,176,158,149,145,121,74,70,31,12,6,4,3
5,2,6,28,59,110,123,136,162,178,194,196,188,180,140,135,121,110,51,28,12,1,3,9
8,7,11,29,66,77,95,135,171,191,214,220,206,182,173,155,132,121,65,43,11,9,2,2
2,3,1,37,82,87,126,137,138,142,146,149,159,194,171,160,150,112,60,34,20,11,3,6
1,5,8,57,104,111,133,137,138,130,114,123,142,160,164,154,143,123,101,55,31,8,0,0
15,10,12,62,112,115,129,133,129,126,115,111,126,137,147,148,141,119,102,72,23,5,4,3
10,14,13,64,106,119,129,130,122,121,107,104,111,116,131,141,138,122,106,86,28,9,3,7
13,15,16,73,90,113,116,124,116,112,100,83,81,106,126,118,118,112,102,69,40,6,7,1
8,13,10,61,84,103,114,125,115,106,80,60,100,103,113,113,102,114,104,87,46,12,13,3
4,10,13,46,75,110,116,112,103,87,67,55,54,69,82,106,113,113,111,100,54,9,11,2
10,12,13,51,64,91,94,84,60,53,51,50,50,61,83,96,102,105,99,97,56,20,12,11
9,12,11,33,61,109,108,94,66,56,51,36,40,48,51,67,82,116,115,68,51,12,14,8
1,6,16,29,42,127,129,93,66,65,53,13,8,40,46,59,82,128,127,60,51,11,10,3
9,8,12,35,64,125,141,102,63,53,37,2,14,12,38,52,57,69,103,71,52,11,9,8
10,12,13,32,56,73,68,46,54,46,10,9,7,11,17,27,26,50,57,53,51,12,12,6
14,12,10,39,53,57,56,52,26,19,5,7,2,3,10,4,14,13,29,47,50,15,11,0
0,6,9,41,54,62,50,38,24,14,1,0,0,2,0,0,6,8,9,13,29,13,10,7
0,2,14,25,56,53,54,35,12,12,7,6,0,0,0,3,9,8,9,7,14,9,0,1
0,3,12,38,26,45,41,16,13,9,4,4,0,5,4,7,10,12,11,10,11,0,0,1
5,4,12,30,42,28,24,10,14,4,6,11,0,7,9,8,9,1,5,3,6,6,1,0
0,0,10,21,43,14,13,13,6,9,10,12,11,9,8,7,7,10,8,5,7,2,1,0
0,0,4,18,29,12,11,14,9,2,12,9,10,8,12,14,12,7,8,7,4,7,7,0
0,6,8,21,25,10,7,6,11,8,10,10,2,0,3,9,12,11,10,9,3,8,9,6
0,0,11,14,0,7,14,6,4,10,7,5,0,4,7,1,3,0,1,7,8,2,17,12
2,5,3,21,16,2,10,8,6,3,9,2,0,0,0,4,7,4,0,9,10,9,14,13

0,14,10,10,5,2,6,3,8,0,5,0,0,0,0,5,0,0,10,6,3,2,4,4
10,10,13,14,9,0,4,14,19,24,13,14,12,10,0,0,0,0,9,9,7,6,0,1
9,16,14,46,46,14,50,35,54,56,78,93,64,60,10,13,7,10,8,13,14,11,8,11
0,11,9,10,12,41,38,55,54,56,65,78,94,102,86,74,81,52,45,35,28,17,6,5
0,0,2,9,16,23,31,22,31,50,52,77,72,72,75,72,59,58,55,50,14,8,0,0
8,9,9,12,14,36,39,30,24,45,46,55,61,70,70,63,52,56,51,14,18,23,14,12
0,0,31,46,56,83,82,52,55,60,60,61,59,75,80,86,84,63,51,54,51,14,6,6
53,15,42,60,106,183,115,67,72,71,64,68,74,83,117,223,458,134,74,65,60,53,34,11
17,30,51,71,277,587,160,110,89,84,84,93,93,102,133,473,756,196,90,66,64,59,55,53
20,45,52,96,368,793,234,135,107,105,98,88,84,83,85,99,146,92,57,35,19,46,28,14
8,13,11,53,92,134,91,65,74,83,87,71,75,72,57,61,72,50,15,50,36,11,6,12
4,10,50,52,15,70,75,69,87,83,90,72,70,75,63,65,62,51,27,11,9,3,2,0
14,12,24,3,17,53,54,59,100,118,120,120,110,115,101,68,57,50,46,20,12,20,5,0
0,0,0,0,14,58,93,84,113,127,132,133,131,128,106,81,88,50,20,4,13,14,8,0
2,0,0,0,5,49,72,87,109,124,135,133,124,103,68,64,65,11,10,9,5,14,6,0
0,0,8,0,13,53,95,79,104,117,133,131,118,95,75,75,67,14,8,3,0,0,3,0
0,4,7,8,11,59,63,84,94,105,122,149,127,125,85,71,87,64,49,9,5,0,7,7
9,8,10,12,19,37,62,117,148,146,158,159,158,140,104,75,54,46,46,28,21,6,7,11
9,3,8,14,39,57,101,133,140,128,130,186,191,159,140,106,107,81,73,14,12,0,5,2
9,1,9,13,101,108,122,155,154,156,168,173,175,156,148,144,121,75,73,37,12,6,4,3
5,2,6,27,59,110,123,136,162,178,195,196,188,179,139,133,120,111,51,31,13,1,3,8
8,7,11,29,66,77,95,136,171,191,215,222,207,183,172,155,132,122,70,52,13,8,0,1
2,3,1,36,82,87,127,137,139,142,147,151,162,194,172,160,150,112,64,38,27,10,0,6
1,6,8,56,104,111,134,138,139,130,115,124,143,161,165,154,143,123,101,57,44,9,0,0
16,10,12,61,112,115,129,133,129,126,116,110,126,137,147,148,141,119,102,75,38,6,4,2
10,14,13,64,106,120,129,130,122,122,107,104,111,116,130,141,138,122,106,87,36,10,4,7
13,16,16,74,90,113,116,124,116,112,100,82,81,106,125,117,118,111,103,70,42,7,8,1
8,13,10,61,84,103,114,125,115,106,80,60,100,103,113,113,102,114,104,88,47,12,12,3
4,10,13,46,75,110,117,112,103,87,67,55,54,68,82,106,113,113,111,100,54,9,11,2
11,12,13,51,64,91,94,84,60,53,51,50,50,61,83,96,102,105,100,97,56,18,13,11
9,12,11,32,61,108,109,95,66,57,51,36,40,49,51,68,84,119,116,68,51,12,14,9
1,6,16,28,42,127,129,93,66,65,53,13,8,43,47,59,85,132,126,60,51,11,10,4
9,8,12,35,64,124,141,102,63,53,36,1,14,12,38,52,57,70,103,70,52,11,9,8
10,12,13,31,56,72,68,46,54,46,10,9,7,12,18,27,29,50,57,53,51,12,12,6
14,12,10,40,53,57,56,52,26,18,5,7,2,3,10,4,14,13,29,47,50,15,11,0
0,6,9,41,55,62,50,38,23,14,0,0,0,1,0,0,6,8,10,13,29,13,9,7
0,1,14,26,56,53,54,35,12,12,7,6,0,0,0,3,9,8,9,7,14,9,0,2
0,4,12,38,26,44,40,16,12,9,4,4,0,5,4,7,10,12,11,10,11,0,0,1
5,4,12,30,42,28,24,10,14,5,7,10,0,7,9,8,9,1,5,3,6,6,1,0
0,0,10,21,44,14,13,13,5,9,10,12,11,9,8,7,7,10,8,5,7,2,0,0
0,0,4,18,29,12,11,14,9,3,12,10,10,8,13,14,12,7,8,7,4,7,7,0
0,6,8,21,25,10,7,6,11,8,10,10,2,0,3,10,12,11,10,9,3,7,8,5
0,0,11,14,0,7,14,6,4,10,7,5,0,4,8,1,4,0,1,7,7,2,15,12
1,5,3,21,16,2,9,8,6,3,9,3,0,0,0,4,7,4,0,9,10,9,14,13

0,14,10,10,4,2,6,3,8,0,5,0,0,0,0,5,0,0,10,6,3,2,4,5
10,11,13,14,9,0,3,14,19,23,14,14,12,10,0,0,0,0,9,9,7,6,0,1
9,18,14,47,45,14,50,34,54,56,78,94,65,60,10,13,7,10,8,13,14,11,8,11
0,12,9,10,12,41,38,55,54,56,66,78,94,102,87,74,81,52,45,35,28,17,7,6
0,0,3,9,16,23,31,22,32,50,52,77,72,72,75,72,59,57,55,50,14,8,0,0
7,9,9,12,14,36,39,30,24,45,46,55,61,70,70,63,52,56,51,14,19,23,14,12
0,0,31,47,56,83,83,52,55,61,61,61,59,76,81,87,84,64,51,54,51,14,6,6
54,15,42,60,107,184,115,67,72,71,65,68,75,83,118,220,457,135,74,64,60,53,34,11
17,30,51,71,276,583,160,109,88,83,84,93,93,101,132,459,756,197,90,66,64,59,55,52
20,45,52,96,373,793,235,136,107,104,98,88,84,83,85,98,146,92,57,35,19,46,28,14
8,13,11,53,93,134,91,65,73,82,87,71,75,71,56,60,72,50,14,50,36,11,6,12
4,10,49,52,15,70,74,68,86,83,91,73,71,76,63,64,61,50,26,11,9,3,2,0
14,12,24,3,17,53,54,59,101,120,122,122,112,118,103,68,56,50,46,19,12,19,5,0
0,0,0,0,14,59,92,86,114,129,134,135,133,131,109,84,89,48,19,4,13,14,8,0
2,0,0,0,5,51,73,91,110,126,137,135,126,106,69,65,66,11,10,9,5,14,6,0
0,0,8,0,13,53,98,80,105,118,134,132,119,96,76,76,68,14,8,3,0,0,3,0
0,4,7,8,11,60,64,84,94,105,123,149,126,125,85,72,88,64,49,9,5,0,7,7
8,7,10,12,20,38,63,118,148,146,158,159,158,140,104,75,54,47,47,28,22,6,7,11
9,3,8,14,41,58,102,134,140,128,129,186,190,159,140,106,107,81,73,14,12,0,5,2
9,1,9,12,101,108,123,155,154,156,168,173,174,155,147,143,120,75,73,38,12,5,3,1
5,2,6,26,58,109,123,136,162,177,193,196,187,178,139,132,120,111,51,32,12,1,3,8
8,7,10,28,65,76,95,136,171,190,214,221,206,182,171,154,131,122,69,52,13,7,0,0
2,3,1,36,82,87,127,137,138,142,146,150,161,193,171,159,150,112,65,37,27,10,0,6
1,5,8,57,104,111,134,137,138,130,114,123,142,160,164,154,142,123,101,57,43,9,0,0
16,10,12,61,112,115,129,133,129,126,115,110,126,137,147,148,141,119,102,76,38,6,4,2
10,14,13,64,106,119,128,130,122,121,107,104,111,116,130,141,138,122,106,87,37,11,4,7
13,15,16,73,90,113,116,124,116,112,100,82,80,106,125,117,118,112,103,70,42,7,8,1
8,13,10,61,84,103,115,125,115,106,80,60,100,103,113,113,102,114,104,88,48,12,13,3
4,10,13,46,75,110,116,112,103,87,67,55,54,69,82,106,113,113,111,100,54,9,11,2
11,12,13,51,64,91,94,84,60,53,51,50,50,61,83,96,102,106,100,97,56,20,13,12
9,12,11,32,61,108,109,95,66,57,51,36,40,49,51,68,84,120,116,68,51,12,14,9
1,6,16,28,42,126,129,94,66,65,53,12,8,44,47,59,86,133,127,60,50,11,10,4
9,8,12,35,64,124,142,102,63,53,36,1,14,12,39,52,58,70,103,70,52,11,9,8
10,12,13,32,56,72,68,46,54,46,10,9,7,12,18,29,29,50,57,53,51,12,12,6
14,12,10,40,53,57,56,52,27,18,5,8,3,3,10,4,14,13,30,48,50,15,11,0
0,6,9,41,55,62,50,39,23,14,0,0,0,1,0,0,6,8,10,13,29,12,9,7
0,2,14,26,56,53,54,36,12,12,7,6,0,0,0,3,9,8,9,7,14,9,0,2
0,4,12,38,27,45,41,15,12,9,5,4,0,5,4,7,10,12,11,10,11,0,0,2
6,4,12,30,42,28,23,10,14,5,7,10,0,7,10,8,9,1,5,3,6,6,1,0
0,0,10,22,44,14,13,13,5,9,10,12,11,9,8,7,7,10,8,5,7,2,1,0
0,0,4,19,28,12,11,14,9,3,12,10,10,8,12,14,12,7,8,7,4,7,7,0
1,6,8,22,26,10,7,6,11,8,10,11,2,0,3,10,12,11,10,9,3,7,8,5
0,0,11,14,0,7,14,6,4,10,7,5,0,4,8,1,4,0,1,7,7,2,14,12
1,5,3,21,16,2,10,8,6,3,9,3,0,0,0,4,8,4,0,9,10,9,14,13

0,14,10,10,4,2,6,3,8,0,5,0,0,0,0,5,0,0,10,6,3,2,4,5
10,11,13,14,9,0,4,14,19,23,14,15,12,10,0,0,0,0,9,9,7,6,0,1
9,17,14,47,46,14,50,35,54,56,79,94,65,60,10,13,7,10,8,13,14,11,8,11
0,12,9,10,13,42,38,55,54,57,66,78,94,103,87,75,81,53,45,35,29,18,7,6
0,0,3,9,17,23,32,24,33,50,53,77,72,72,75,73,59,58,56,51,14,8,0,0
7,9,9,12,14,37,40,31,24,45,47,55,61,71,71,63,52,56,51,14,19,24,14,12
0,0,31,46,57,85,84,52,55,61,60,61,59,76,82,88,85,64,51,54,51,14,6,6
53,16,42,61,108,187,116,67,72,71,65,69,75,83,118,219,461,137,74,65,60,53,33,11
17,30,51,71,277,579,158,109,89,83,84,93,92,101,132,446,756,199,90,66,63,59,55,52
20,46,52,96,376,793,236,136,107,104,98,88,84,83,84,96,146,93,57,34,18,46,28,14
8,13,11,53,93,134,91,65,73,82,87,71,75,71,56,60,71,50,14,50,36,11,6,12
4,10,49,53,15,69,74,68,86,84,92,74,72,78,64,64,61,51,25,11,9,3,2,0
14,11,23,3,17,53,54,59,101,121,124,124,114,119,104,69,56,50,46,20,12,20,5,0
0,0,0,0,14,59,92,87,115,131,136,136,134,132,109,85,89,47,19,4,13,14,8,0
2,0,0,0,5,51,73,93,111,127,139,136,127,106,70,65,67,11,10,9,5,14,6,0
0,0,8,0,13,54,99,81,106,119,135,132,120,96,77,76,69,14,8,2,0,0,3,0
0,4,7,8,11,61,64,85,94,106,123,150,127,125,85,72,88,64,49,8,5,0,7,7
8,7,10,12,20,38,63,118,149,146,158,159,158,141,104,75,54,47,47,28,22,5,7,11
9,2,8,13,40,57,101,134,140,129,130,186,190,159,140,106,107,81,73,14,12,0,5,2
9,1,9,12,100,107,122,155,154,156,168,173,174,156,147,142,120,75,73,37,12,4,3,1
5,2,6,25,57,109,122,135,161,177,193,195,187,177,138,131,119,110,51,32,12,0,2,8
7,7,10,28,65,76,95,135,170,190,213,219,205,181,170,152,131,121,70,52,13,7,0,0
2,3,1,35,81,87,126,137,138,141,145,149,160,192,170,158,149,112,65,38,27,10,0,6
1,5,8,55,104,111,134,137,138,130,114,123,141,159,164,153,142,123,101,58,47,9,0,0
15,10,12,61,112,114,128,132,128,125,115,110,125,136,147,148,140,119,102,75,38,6,4,2
10,14,13,64,106,119,129,130,122,121,107,104,111,116,130,141,138,122,106,87,39,11,4,7
13,15,16,73,90,113,116,124,116,112,100,81,81,106,125,117,117,111,103,69,42,7,8,1
8,13,10,61,84,103,114,125,115,106,80,59,100,103,113,113,102,114,104,88,48,12,12,3
4,10,13,46,75,110,116,112,103,87,67,55,54,68,82,106,113,113,111,100,54,9,11,2
11,12,13,51,64,91,94,84,60,53,51,50,50,61,84,97,102,106,100,97,56,20,13,12
10,12,11,32,61,108,109,95,66,57,51,36,40,49,51,68,84,119,116,68,51,12,14,9
1,6,16,28,42,126,130,94,66,65,53,13,8,47,48,59,86,133,127,60,51,11,10,4
9,8,12,35,64,125,142,102,63,53,37,1,14,12,39,52,58,70,103,70,52,11,10,8
10,12,13,32,56,73,68,46,54,46,10,9,7,12,20,29,30,51,57,53,51,12,12,6
14,12,10,40,53,57,56,52,27,17,5,8,3,3,10,5,14,13,31,49,50,15,11,0
0,6,10,42,55,62,50,38,23,14,0,0,0,1,0,0,6,8,10,13,29,13,10,8
0,2,14,26,56,53,54,36,12,12,7,6,0,0,0,3,9,8,9,7,14,9,0,2
0,4,12,38,27,44,41,14,12,9,5,4,0,5,4,7,10,12,11,10,11,0,0,1
6,5,12,32,42,28,24,10,14,5,7,11,0,7,9,8,9,1,5,3,6,6,1,0
0,0,11,24,45,14,13,13,5,9,10,11,11,9,8,7,7,10,8,5,7,2,1,0
0,0,5,19,29,12,11,14,9,3,12,10,10,8,13,14,12,7,8,7,4,7,7,0
0,6,8,22,26,10,7,6,11,8,10,11,2,0,3,10,12,11,10,9,3,7,8,5
0,0,11,14,0,7,14,6,4,10,7,5,0,4,8,1,4,0,1,7,7,2,14,12
1,5,3,22,16,2,10,8,6,3,9,3,0,0,0,4,8,4,0,9,10,9,14,13

0,14,10,10,4,2,6,3,8,0,5,0,0,0,0,5,0,0,10,6,3,2,4,5
10,11,13,14,9,0,4,14,19,27,14,14,12,10,0,0,0,0,9,9,7,6,0,2
9,18,14,47,46,14,50,34,54,56,79,94,65,60,10,13,7,10,8,13,14,11,8,11
0,12,9,10,13,43,38,55,54,56,66,78,94,103,87,75,82,53,45,36,29,18,7,6
0,0,3,9,17,23,32,24,35,50,53,77,72,73,75,72,59,58,55,50,15,8,0,0
8,9,9,12,14,39,43,31,24,45,47,55,62,71,71,63,52,56,51,14,21,23,14,12
0,0,31,46,57,86,86,53,55,61,61,61,59,76,82,88,85,64,51,54,51,14,6,6
53,16,42,60,108,189,116,67,72,71,65,69,75,83,118,218,462,137,74,64,60,53,33,11
17,30,51,70,275,577,157,108,88,83,84,92,92,101,131,441,756,200,90,66,63,58,55,52
20,45,53,96,380,793,237,137,107,104,98,88,84,83,84,95,146,93,57,35,18,46,28,14
8,13,11,53,93,133,90,64,72,82,87,71,75,71,56,60,71,50,14,50,36,11,6,12
4,10,50,52,15,69,74,68,86,83,93,75,72,77,64,64,61,50,25,11,9,3,2,0
14,12,23,3,16,53,53,59,101,122,125,126,115,119,104,69,56,50,45,19,12,19,5,0
0,0,0,0,14,60,92,90,116,132,137,138,135,133,110,86,90,50,19,4,13,14,8,0
2,0,0,0,5,51,73,94,112,129,141,138,129,108,71,65,67,11,10,9,5,14,6,0
0,0,8,0,13,54,100,82,107,120,136,134,121,98,77,77,69,14,8,2,0,0,3,0
0,4,7,8,11,61,64,85,95,107,124,151,128,126,86,72,89,63,47,8,5,0,7,7
8,7,10,12,20,38,63,119,150,147,159,161,160,142,105,75,54,46,46,27,22,5,7,11
9,2,8,13,39,57,101,134,140,129,131,188,192,160,140,106,107,81,73,14,12,0,5,2
9,1,9,12,100,107,122,155,154,157,169,174,175,156,147,142,119,74,72,36,12,3,3,0
5,1,6,24,57,108,122,135,161,177,193,196,187,177,137,130,118,110,51,31,12,0,2,8
7,7,10,27,64,75,93,135,169,188,212,218,203,180,169,151,130,121,70,52,13,7,0,0
2,3,0,34,81,86,126,136,137,141,144,148,158,191,169,157,149,112,65,38,27,9,0,6
0,5,8,54,104,111,133,137,137,129,114,123,141,158,163,153,142,123,101,57,44,9,0,0
15,10,12,61,112,114,128,132,128,125,115,110,125,136,146,147,140,119,102,75,39,6,4,2
10,14,13,64,106,119,128,130,122,121,107,104,111,116,130,141,137,122,106,89,39,11,4,7
13,15,15,73,90,113,117,124,116,112,100,82,81,106,125,117,117,111,103,72,43,7,8,1
8,13,10,61,83,103,114,125,115,106,80,59,100,103,113,113,102,114,104,88,47,12,12,3
4,10,13,46,75,110,116,112,103,87,67,55,54,69,82,106,113,113,111,100,54,9,11,2
11,12,13,51,64,90,94,85,60,53,51,50,50,61,83,96,102,106,100,97,56,19,13,11
10,12,11,32,61,108,109,95,66,57,51,36,40,49,51,68,84,120,116,68,51,12,14,9
1,6,16,28,41,126,130,94,66,65,53,13,8,48,48,59,87,134,127,60,51,11,10,4
9,8,12,34,63,125,143,102,63,53,38,1,14,12,39,52,58,71,103,70,52,11,10,8
10,12,13,31,56,73,68,46,54,46,10,9,7,12,20,29,30,51,57,53,51,12,12,6
14,12,10,40,53,57,56,52,26,17,5,8,3,4,10,4,14,13,31,48,50,15,11,0
0,6,10,42,55,62,50,39,23,14,1,0,0,2,0,0,6,8,10,13,29,13,10,8
0,2,14,26,57,53,54,36,12,12,7,6,0,0,0,3,9,8,9,7,14,9,0,2
0,4,12,39,27,45,42,16,13,10,5,4,0,5,4,7,10,12,11,10,11,0,0,1
6,5,12,33,43,28,24,10,14,5,7,11,0,7,10,8,8,1,5,3,6,6,2,0
0,0,11,25,45,14,13,13,6,9,10,12,11,9,8,7,7,10,8,5,7,2,1,0
0,0,5,19,29,12,11,14,9,3,12,10,10,8,13,14,12,7,8,7,4,7,7,0
0,6,8,22,26,10,7,6,11,8,10,11,2,0,3,9,12,11,10,9,3,8,8,5
0,0,11,14,0,7,14,6,4,10,7,5,0,4,8,1,4,0,1,8,7,2,14,12
2,5,3,21,16,2,10,8,6,3,9,3,0,0,0,4,8,4,0,9,10,9,14,13

0,14,10,10,4,2,6,3,8,0,5,0,0,0,0,5,0,0,10,6,3,3,5,5
10,11,13,14,9,0,4,14,19,26,14,15,13,10,0,0,0,0,9,10,7,6,0,2
9,20,14,47,47,14,51,35,54,56,80,94,65,60,10,14,7,10,8,13,14,11,8,11
0,12,9,10,13,43,39,55,54,57,66,78,95,103,87,75,82,53,45,36,29,18,7,6
0,0,3,9,17,23,32,25,35,50,53,77,72,73,75,73,59,58,56,51,16,8,0,0
8,9,9,12,14,40,43,30,24,45,47,55,62,71,71,63,52,56,51,14,20,24,14,12
0,0,31,46,57,86,87,53,55,61,61,61,59,76,82,88,85,64,51,54,51,14,6,6
53,17,41,60,108,189,117,67,72,72,65,69,75,83,118,217,462,138,74,64,60,53,34,11
18,30,51,70,273,575,156,108,88,83,84,92,92,100,131,435,756,201,90,66,63,59,55,52
20,45,53,96,383,793,238,137,107,105,98,88,84,82,84,95,146,93,57,35,18,48,29,14
8,13,11,53,94,134,90,64,72,82,87,71,74,71,56,59,71,50,14,50,36,11,6,12
4,10,50,53,15,69,74,68,86,84,93,75,72,77,64,64,61,50,25,11,9,3,2,0
14,11,23,3,16,53,53,58,102,123,126,126,115,119,104,69,56,50,44,19,12,19,5,0
0,0,0,0,14,61,92,91,116,133,138,138,136,133,110,86,89,47,19,4,13,14,8,0
2,0,0,0,4,51,73,94,113,129,141,138,129,108,71,65,67,11,10,8,5,14,6,0
0,0,8,0,13,54,100,82,108,121,137,134,121,98,77,77,69,14,8,2,0,0,3,0
0,4,7,8,11,61,64,85,95,107,124,152,129,127,86,72,89,63,47,8,5,0,7,7
8,7,10,12,20,38,64,119,151,147,159,162,160,142,105,75,54,46,46,27,22,6,7,11
9,2,8,13,39,57,101,134,140,129,131,188,192,160,140,106,106,80,71,14,12,0,5,2
9,1,9,12,100,107,122,155,155,157,169,174,175,156,147,141,119,74,72,36,12,3,2,0
5,1,6,23,57,108,122,135,161,177,194,196,187,177,137,129,118,110,51,32,12,0,2,8
7,6,10,27,64,75,94,134,169,188,212,218,203,179,168,150,130,121,70,52,13,7,0,0
1,3,0,34,81,86,125,136,137,140,144,147,158,190,168,157,149,112,64,38,27,9,0,6
0,5,8,54,103,111,133,137,137,129,114,122,140,158,163,152,142,123,101,57,45,9,0,0
15,10,12,61,112,114,128,132,128,125,115,110,125,136,146,147,140,119,102,75,42,6,4,2
10,14,13,64,106,119,128,130,122,121,107,104,110,116,130,141,137,122,106,88,39,11,4,7
13,15,16,72,89,113,116,124,116,112,100,81,81,106,125,117,117,111,103,69,42,7,8,1
8,13,10,61,84,103,115,125,115,106,81,59,100,103,113,113,102,114,104,88,48,12,12,3
4,10,13,46,75,110,117,112,103,87,67,55,54,68,82,106,113,113,111,100,54,10,11,2
11,12,13,51,64,91,94,84,60,53,51,50,50,61,83,97,102,106,100,98,56,18,13,11
10,12,11,32,61,108,109,95,66,57,51,36,40,49,51,68,85,120,117,68,51,12,14,9
1,6,16,28,41,126,130,94,66,65,53,13,8,47,48,59,87,134,127,60,51,11,10,4
9,8,12,35,64,125,143,102,64,53,37,1,14,12,40,52,58,71,103,70,52,11,10,8
10,12,13,32,56,73,69,46,54,46,10,10,7,12,19,29,30,51,58,53,51,12,12,6
14,12,10,41,53,57,56,52,27,17,5,8,3,4,10,5,14,13,31,49,50,15,11,0
0,6,10,43,54,62,50,38,23,14,0,0,0,1,0,0,6,8,10,13,29,13,9,7
0,2,14,26,57,53,54,37,12,12,7,6,0,0,0,3,9,8,9,7,14,9,0,2
0,4,12,38,27,45,42,16,13,10,5,4,0,5,4,8,10,12,11,10,11,0,0,1
6,5,12,32,43,28,24,10,14,5,7,11,0,7,10,8,9,1,5,3,6,6,1,0
0,0,11,25,44,14,13,13,6,9,10,12,11,9,8,7,7,10,8,5,7,2,1,0
0,0,5,21,29,12,11,14,9,3,12,10,10,8,13,14,12,7,8,7,4,7,6,0
1,6,8,22,26,10,7,6,12,8,10,11,2,0,3,10,12,11,10,9,3,7,8,5
0,0,11,14,0,7,14,6,4,10,7,5,0,4,8,1,4,0,1,8,7,2,14,12
1,5,3,21,16,2,10,8,6,3,9,3,0,0,0,4,8,4,0,9,10,9,14,13

0,14,10,10,4,2,6,3,8,0,5,0,0,0,0,5,0,0,10,6,3,3,5,5
10,11,13,14,9,0,4,14,19,26,14,16,13,10,0,0,0,0,9,10,7,6,0,2
9,20,14,48,47,14,51,35,54,56,80,95,65,60,10,13,7,10,8,13,14,11,8,11
0,12,9,10,13,43,39,55,54,57,66,79,95,103,87,74,81,53,45,36,29,19,8,6
0,0,3,9,17,23,32,25,35,50,53,77,72,72,75,72,59,58,56,51,16,9,0,0
8,9,9,12,14,40,44,31,25,45,47,55,62,71,71,63,52,56,51,14,21,25,14,12
0,0,31,46,56,86,87,53,55,61,60,61,59,76,82,88,85,64,51,54,51,14,6,6
53,17,42,60,108,189,117,67,72,72,65,69,75,83,118,217,460,138,74,64,60,53,35,11
17,30,51,70,272,574,157,108,88,83,84,93,92,101,131,438,756,202,90,66,63,59,55,53
20,47,53,96,386,793,239,138,108,105,99,88,84,83,84,96,147,94,57,35,19,46,28,14
8,13,11,53,94,134,91,65,72,82,87,71,75,71,56,60,72,50,14,50,36,11,6,12
4,10,50,53,15,69,74,68,86,84,93,74,72,77,64,64,61,50,25,11,9,3,2,0
14,11,23,3,17,53,53,59,101,122,125,125,114,118,104,69,56,50,45,19,12,19,6,0
0,0,0,0,14,61,91,89,116,132,137,137,135,132,109,85,88,47,19,4,13,14,8,0
2,0,0,0,4,51,73,93,112,128,140,137,128,107,70,65,67,11,10,8,5,14,6,0
0,0,8,0,13,54,100,81,107,120,136,134,121,97,77,77,69,14,8,2,0,0,3,0
0,3,7,8,10,60,64,85,95,107,124,151,128,126,85,72,89,63,46,8,5,0,7,7
8,7,10,12,19,38,63,118,150,147,159,160,160,141,105,75,54,46,46,27,21,5,7,11
9,2,8,13,39,57,101,134,140,129,130,187,191,160,140,106,106,81,73,14,12,0,5,2
9,1,9,12,100,107,122,155,154,157,169,174,175,156,147,141,119,74,73,36,12,3,2,0
5,1,6,24,57,108,122,135,162,177,194,196,187,177,137,130,118,110,51,32,12,0,1,7
7,6,10,27,64,75,94,135,170,189,213,219,204,180,169,151,130,121,70,53,14,6,0,0
2,3,0,35,81,86,126,136,137,141,144,148,159,191,169,158,149,112,65,38,28,9,0,5
0,5,8,54,103,111,133,137,138,129,114,123,141,158,163,153,142,123,101,57,45,9,0,0
15,10,12,61,112,114,128,132,128,125,115,110,125,136,146,147,140,119,102,76,41,6,3,2
10,14,13,64,106,119,129,130,122,121,107,104,110,116,130,141,138,122,106,90,39,11,4,7
13,15,16,73,90,113,116,124,116,112,100,82,80,106,125,117,117,112,103,69,43,7,8,1
8,13,10,61,84,103,115,125,115,106,80,59,100,103,113,113,102,114,104,88,48,12,12,3
4,10,13,46,75,110,116,112,103,87,67,55,54,68,82,106,113,113,111,100,54,10,11,2
10,12,13,51,64,91,94,84,60,53,51,50,50,61,83,97,102,106,100,97,56,18,13,12
10,12,11,32,61,108,109,95,66,57,51,36,40,49,51,68,85,121,117,68,51,12,14,9
1,6,16,28,41,126,130,94,66,65,53,13,8,48,47,59,87,134,127,60,51,11,10,4
9,8,12,34,64,125,143,102,64,53,37,1,14,12,40,52,58,71,103,70,52,11,10,8
10,12,13,31,56,73,68,46,54,46,10,9,7,12,20,29,30,51,57,53,51,12,12,6
14,12,10,41,53,57,56,52,26,17,5,7,3,4,10,5,14,13,31,48,50,14,11,0
0,6,10,42,54,62,50,38,24,14,0,0,0,1,0,0,6,8,10,13,29,13,9,7
0,2,14,26,56,53,54,36,12,12,7,6,0,0,0,4,9,8,9,7,14,9,0,2
0,4,12,38,27,44,41,16,12,10,5,4,0,5,4,8,10,12,11,10,11,0,0,2
6,5,12,34,42,28,23,10,14,5,7,11,0,7,10,8,9,1,6,3,6,6,2,0
0,0,11,25,44,14,13,13,5,9,10,11,11,9,8,7,7,10,8,5,7,2,0,0
0,0,5,21,29,12,11,14,9,3,12,10,10,8,13,14,12,7,8,7,4,7,6,0
0,6,8,22,27,10,7,6,11,8,10,11,2,0,3,10,12,11,10,9,3,7,8,5
0,0,11,14,0,7,14,6,4,10,7,6,0,4,8,1,4,0,2,7,7,1,14,12
2,5,3,22,16,2,10,8,6,3,9,3,0,0,0,4,8,4,0,9,10,9,14,13

0,14,10,10,5,2,6,3,8,0,5,0,0,0,0,5,1,0,10,6,3,3,5,5
10,11,13,14,9,0,4,14,19,26,14,15,13,10,0,0,0,0,9,10,7,6,0,2
9,21,15,48,46,14,50,34,54,56,78,94,65,60,10,14,7,10,8,13,14,11,8,11
0,12,9,10,13,43,38,55,54,57,66,79,95,103,87,75,81,53,45,37,29,19,8,6
0,0,3,9,17,23,33,25,35,51,53,78,73,72,75,72,59,58,56,51,17,9,0,0
8,9,9,12,14,39,44,31,25,45,47,55,62,71,71,63,52,56,51,14,21,25,14,12
0,0,31,46,56,86,87,53,55,61,61,61,59,76,82,87,85,64,51,54,51,14,6,7
54,17,42,60,108,189,118,67,72,72,65,70,75,83,118,217,460,138,74,65,60,54,35,11
18,31,51,70,272,575,157,108,89,84,85,93,93,101,131,441,756,203,90,66,64,59,55,53
20,47,53,97,389,793,240,138,108,105,98,88,85,83,85,97,148,94,57,34,18,46,29,14
8,13,12,53,95,135,91,65,73,82,87,71,75,71,56,60,72,50,15,50,36,11,7,13
4,10,50,53,15,69,74,68,86,84,92,74,71,77,63,64,61,50,25,11,10,3,2,0
14,11,23,3,17,53,54,59,101,121,124,124,113,117,103,69,56,50,47,21,12,21,6,0
0,0,0,0,14,62,92,88,115,131,136,136,133,130,108,84,88,48,20,4,13,14,8,0
2,0,0,0,5,51,73,92,111,127,139,136,127,106,70,65,66,11,10,9,5,14,6,0
0,0,8,0,13,53,98,81,106,119,135,133,120,97,77,76,68,14,8,2,0,0,3,0
0,3,7,8,10,60,63,85,94,106,123,150,127,126,85,72,88,63,47,8,5,0,7,7
8,7,10,12,19,38,63,118,149,147,158,160,159,141,104,75,54,46,46,27,22,5,7,11
9,2,8,13,39,57,101,133,140,129,130,187,191,160,140,106,107,81,73,14,12,0,5,2
9,1,9,12,100,107,122,155,154,157,169,174,174,156,147,142,119,74,73,37,12,3,2,0
5,1,6,24,57,109,122,135,162,177,194,196,187,178,138,130,119,110,51,32,12,0,1,7
7,7,10,27,65,76,94,135,170,190,214,220,205,181,170,152,131,121,71,53,14,7,0,0
2,3,1,35,81,87,126,137,138,141,145,149,160,192,170,158,149,112,66,38,28,9,0,6
0,5,8,55,104,111,134,137,138,130,114,123,141,159,164,153,142,123,101,57,45,9,0,0
15,10,12,61,112,114,128,132,128,125,115,110,125,136,147,147,141,119,102,75,42,6,3,2
10,14,13,64,106,119,129,130,122,121,107,104,111,116,130,141,138,122,106,89,40,11,4,7
13,15,16,73,90,113,116,124,116,112,100,82,81,106,125,117,118,112,103,71,44,7,8,1
8,13,10,61,84,103,114,125,115,106,80,59,100,103,113,113,102,114,104,87,47,12,12,3
4,10,13,46,75,110,117,113,103,87,67,55,54,68,82,106,113,114,111,100,55,10,12,2
11,12,13,51,64,91,94,85,60,53,51,50,50,61,83,97,102,106,100,98,56,19,13,12
10,12,11,32,61,109,109,95,66,57,51,36,41,49,51,68,85,121,117,68,51,12,14,9
1,6,16,28,42,127,130,94,66,65,53,13,8,48,50,59,88,135,127,60,51,11,10,4
9,8,12,35,63,125,143,102,64,53,38,1,14,12,39,52,58,70,103,69,52,11,10,8
10,12,13,31,56,72,68,46,54,46,10,9,7,12,20,29,31,50,57,53,51,12,12,7
14,12,10,41,53,57,56,52,27,19,5,8,3,4,10,5,14,13,31,49,50,15,11,0
0,6,10,42,54,62,50,38,23,14,0,0,0,2,0,0,6,8,10,13,27,12,9,8
0,2,14,26,57,53,54,36,12,12,7,6,0,0,0,4,9,8,9,7,14,9,0,2
0,4,12,39,27,45,41,15,13,10,5,4,0,5,4,8,10,12,11,10,11,0,0,2
6,5,12,33,43,28,23,10,14,5,7,11,0,7,10,8,9,1,5,3,6,6,2,0
0,0,11,25,45,14,13,13,5,9,10,11,11,9,8,7,7,10,8,5,7,2,0,0
0,0,5,21,30,12,11,14,9,3,12,10,10,8,13,14,12,7,8,7,3,7,6,0
0,6,8,23,26,10,7,6,11,8,10,10,2,0,3,9,12,11,10,9,3,7,8,5
0,0,11,14,0,7,14,6,4,10,7,5,0,4,8,1,4,0,1,7,7,1,14,12
1,5,3,23,17,2,10,8,6,3,9,3,0,0,0,4,8,4,0,9,9,9,14,13

0,14,10,10,5,2,6,3,8,0,5,0,0,0,0,5,1,0,10,6,3,3,5,5
10,11,13,14,9,0,3,14,19,26,14,15,13,10,0,0,0,0,10,10,7,6,0,2
9,21,15,48,47,14,50,34,54,56,79,94,65,60,10,14,7,10,8,13,14,11,9,11
0,12,10,10,13,43,39,55,54,57,66,78,94,103,87,74,81,52,45,37,29,19,8,7
0,0,3,9,17,23,31,25,35,51,53,77,73,72,75,72,59,58,55,51,17,9,0,0
8,9,9,12,14,39,43,31,25,46,47,55,62,71,71,63,52,56,51,14,22,25,14,12
0,0,31,47,56,86,87,53,55,61,61,61,59,76,82,87,85,64,51,54,51,14,6,7
53,18,41,60,107,188,117,67,72,72,65,69,75,83,118,217,458,137,74,65,60,53,36,11
18,31,51,71,273,576,157,108,89,84,85,93,93,101,132,445,756,204,90,66,64,59,55,53
20,47,53,97,393,793,242,138,108,105,98,88,85,83,85,98,150,94,57,35,19,46,29,14
8,13,12,54,96,136,91,65,73,82,87,71,75,71,56,60,72,50,14,50,36,11,7,12
4,10,50,53,16,70,74,68,84,82,90,72,70,75,63,64,61,50,25,11,10,3,2,0
14,11,24,3,18,53,54,58,100,119,121,121,110,115,102,68,56,50,47,21,12,20,6,0
0,0,0,0,14,61,91,86,114,129,134,134,132,129,107,83,88,47,20,4,13,14,8,0
2,0,0,0,5,50,72,90,111,126,137,135,126,105,69,64,65,11,10,9,5,14,6,0
0,0,8,0,13,53,98,80,105,119,134,132,119,96,76,76,68,14,8,2,0,0,3,0
0,3,7,8,10,60,63,84,94,105,123,150,127,125,85,71,87,63,48,8,4,0,7,7
8,7,10,12,19,37,62,117,148,146,157,159,158,140,104,74,53,46,46,27,21,5,7,11
9,2,8,13,39,57,101,133,140,128,130,186,190,159,140,106,107,81,73,14,12,0,5,2
9,0,9,12,100,107,122,154,154,156,168,173,174,155,147,142,120,75,73,37,12,3,2,0
5,1,6,25,57,109,122,135,161,177,194,196,188,178,138,131,119,111,51,32,12,0,1,7
7,6,10,28,65,76,94,135,170,190,215,221,207,182,171,153,131,122,70,53,14,6,0,0
2,3,1,35,81,87,126,137,138,142,146,150,161,193,171,159,150,112,66,38,29,9,0,5
0,5,8,54,104,111,134,137,138,130,114,123,142,160,164,153,142,123,101,57,45,9,0,0
15,10,12,61,112,115,129,132,129,125,115,110,125,136,147,148,141,119,102,76,41,6,3,2
10,14,13,64,106,120,129,130,122,121,107,104,111,116,130,141,138,122,106,90,39,11,4,7
13,16,16,73,90,113,116,124,116,112,100,84,81,106,125,117,118,112,103,70,46,7,8,1
8,13,10,61,84,103,115,125,115,106,81,59,100,103,113,113,102,114,104,90,48,12,13,3
4,10,13,46,75,110,117,113,103,87,68,55,54,68,82,106,113,113,111,100,54,10,11,2
10,12,14,51,64,91,94,85,60,53,51,50,50,60,83,97,102,106,100,97,56,18,13,12
10,12,11,32,61,109,109,95,66,57,51,37,40,49,51,68,85,121,117,68,51,12,14,9
1,7,16,28,42,127,130,94,66,65,53,13,8,48,48,59,88,135,127,59,51,11,10,4
9,8,12,34,63,124,142,102,64,53,36,1,14,12,40,52,58,70,103,69,52,11,10,8
10,13,13,32,56,72,68,46,54,47,10,9,8,12,20,29,30,51,57,53,51,12,12,7
14,12,10,41,53,57,56,52,26,17,5,7,3,4,10,5,14,13,30,48,50,14,11,0
0,6,10,43,55,62,50,39,23,14,0,0,0,2,0,0,6,8,10,13,28,12,9,8
0,2,14,26,56,53,54,35,12,12,7,6,0,0,0,4,9,8,9,7,14,9,0,2
0,4,12,38,27,44,41,16,13,9,5,4,0,5,4,8,10,12,11,10,11,0,0,2
6,5,12,33,43,28,22,10,14,4,7,11,0,7,10,8,9,1,5,3,6,6,1,0
0,0,11,24,45,14,13,13,5,9,10,11,11,10,8,7,7,10,8,5,7,2,0,0
0,0,5,21,30,12,11,14,9,3,12,10,10,8,13,14,12,7,8,7,3,7,6,0
0,6,8,23,26,10,7,6,11,8,10,10,2,0,3,9,12,11,10,9,3,7,8,5
0,0,11,14,0,7,14,6,3,10,7,5,0,4,8,1,4,0,1,7,7,1,14,12
2,5,3,23,17,2,10,8,6,3,9,3,0,0,0,4,8,4,0,9,9,9,14,13

0,14,10,10,4,2,6,3,8,0,5,0,0,0,0,5,0,0,10,6,3,3,5,5
10,11,14,14,9,0,4,14,19,26,14,16,12,10,0,0,0,0,10,10,7,6,0,2
10,20,16,47,46,14,50,34,54,56,78,96,65,60,10,14,7,10,8,13,14,11,8,11
0,12,9,10,13,43,38,55,54,57,66,78,95,103,87,73,82,53,45,37,30,19,8,7
0,0,3,9,17,23,31,26,35,51,53,77,73,72,75,72,59,58,55,51,18,9,0,0
8,9,10,12,15,39,42,30,25,45,47,55,62,71,71,63,52,56,51,14,22,26,14,12
0,0,31,46,56,86,86,53,55,61,61,61,59,76,82,87,84,64,51,54,51,14,6,7
54,19,42,60,107,187,117,67,71,71,65,69,75,83,118,217,459,138,74,64,60,53,35,11
19,31,51,71,273,579,157,108,89,84,85,94,93,101,132,449,756,206,91,66,64,59,55,53
20,47,54,97,396,793,245,139,108,105,99,89,85,84,86,100,152,95,58,37,19,49,30,14
8,13,12,54,96,138,92,65,73,82,87,71,74,70,56,60,72,50,15,51,37,11,7,12
4,10,50,53,17,70,74,68,84,81,87,70,68,73,63,64,61,51,27,11,10,3,3,0
14,11,24,3,19,53,54,58,100,117,119,118,106,113,101,68,57,51,47,21,12,21,5,0
0,0,0,0,14,63,92,85,113,127,131,132,129,127,107,82,86,50,23,4,13,15,8,0
2,0,0,0,5,49,72,88,109,124,135,133,123,103,68,64,64,11,10,9,5,14,6,0
0,0,8,0,13,52,97,80,104,117,132,130,117,95,76,75,68,14,8,3,0,0,3,0
0,3,7,8,10,59,63,84,93,104,122,149,126,124,84,71,87,63,48,8,5,0,6,7
8,7,10,12,18,37,62,116,147,145,156,158,157,140,103,74,53,46,46,27,21,5,6,10
9,2,8,13,38,57,100,133,139,127,129,185,190,158,139,105,107,81,73,14,12,0,5,2
9,0,9,12,100,107,122,154,152,154,166,172,174,155,147,142,120,75,73,38,12,2,2,0
5,1,6,24,57,109,122,135,160,176,193,196,188,178,138,131,119,111,52,32,12,0,1,7
7,7,10,28,65,76,94,135,170,190,216,223,208,183,171,154,132,122,71,53,14,7,0,0
2,3,1,36,82,87,126,137,138,142,146,151,162,194,172,159,151,113,66,38,29,9,0,5
0,6,8,55,104,111,134,137,138,130,114,123,142,160,165,154,143,123,101,57,45,9,0,0
15,10,12,61,112,115,129,133,129,126,115,110,125,137,147,148,141,119,102,76,41,6,3,2
10,14,13,64,106,120,129,130,122,122,107,104,111,116,130,141,138,122,106,89,40,11,4,7
13,15,16,73,89,113,116,124,116,112,100,82,80,106,125,117,118,112,103,69,43,7,8,1
8,13,10,61,84,103,115,125,115,106,80,59,100,103,114,113,102,114,104,88,48,13,13,3
4,10,13,46,75,110,117,112,103,87,67,55,54,68,82,106,113,114,111,100,54,10,11,2
11,12,13,51,64,91,94,85,60,53,51,50,50,61,84,97,103,106,100,97,56,18,13,12
10,12,11,32,61,109,110,96,66,57,51,36,41,49,51,68,86,123,118,68,51,12,14,9
2,7,16,28,41,127,131,94,66,65,53,13,8,50,48,59,89,135,127,60,51,11,10,4
9,8,12,35,63,124,142,102,63,53,37,1,14,12,40,52,58,70,102,69,52,11,10,8
10,12,13,32,56,72,68,45,54,47,10,9,7,12,20,30,30,50,57,53,51,12,12,7
14,12,10,40,53,57,56,52,26,17,5,7,3,4,10,5,14,13,30,47,50,15,11,0
0,6,10,43,55,62,50,38,23,14,0,0,0,2,0,0,6,8,10,13,29,12,10,7
0,2,14,26,56,53,54,35,12,12,7,6,0,0,0,4,9,8,9,7,14,9,0,2
0,4,12,39,27,44,42,15,12,9,5,4,0,5,4,8,10,12,11,10,11,0,0,2
6,5,12,32,42,28,21,10,14,4,7,11,0,7,10,8,9,1,5,3,6,6,1,0
0,0,11,25,44,14,13,13,5,9,10,11,11,10,8,7,7,10,8,5,7,2,1,0
0,0,5,21,29,12,11,14,9,3,12,10,10,8,12,14,12,7,8,7,3,7,6,0
0,6,8,24,28,10,7,6,11,8,10,10,2,0,3,10,12,11,10,9,3,7,8,5
0,0,11,14,0,7,14,6,3,10,7,5,0,4,8,1,4,0,1,7,6,1,14,12
2,5,4,22,17,2,10,8,6,3,9,3,0,0,0,4,8,4,0,9,9,9,14,13

0,14,10,10,5,2,6,3,8,0,5,0,0,0,0,5,1,0,10,6,3,3,5,5
10,11,13,14,9,0,3,14,19,24,14,16,13,10,0,0,0,0,10,10,7,6,0,3
10,20,16,47,46,15,50,35,54,56,80,94,65,60,10,14,7,10,8,13,14,11,9,11
0,12,10,10,13,44,39,55,55,57,66,78,94,103,87,75,81,52,46,37,29,19,8,7
0,0,3,9,17,23,32,25,36,51,53,77,72,72,75,71,58,57,56,51,18,9,0,0
8,10,10,12,15,39,42,30,25,46,47,55,62,70,70,63,52,56,51,14,23,26,15,12
0,0,31,46,56,85,86,53,55,61,60,61,59,76,82,87,84,64,51,54,51,14,6,7
54,20,42,60,107,187,117,67,71,71,65,69,75,83,118,217,458,137,74,64,60,54,37,11
19,31,51,71,273,581,158,109,90,85,86,94,94,102,132,451,756,207,91,66,64,59,56,53
20,48,54,97,402,793,247,140,109,105,99,88,85,84,86,101,155,96,58,37,19,48,30,14
8,13,12,54,97,139,92,66,73,82,86,71,74,70,56,61,72,50,15,51,37,11,7,13
4,10,50,53,18,70,75,68,83,80,85,68,67,72,62,64,61,51,27,11,10,4,3,0
14,12,24,3,20,53,54,59,98,116,117,116,104,112,100,67,57,51,50,21,12,20,6,0
0,0,0,0,14,63,92,82,112,126,129,130,128,126,106,82,86,48,21,4,13,15,8,0
2,0,0,0,5,49,73,86,108,123,133,131,122,102,68,64,63,11,10,9,5,14,6,0
0,0,7,0,13,52,95,79,103,116,131,129,116,94,75,75,67,14,8,3,0,0,3,0
0,3,7,8,10,59,63,83,93,103,121,148,125,124,84,71,87,64,47,8,4,0,6,7
8,7,10,12,18,37,62,116,146,144,155,157,156,139,103,74,53,46,46,28,21,5,6,10
9,2,8,13,38,57,100,132,138,127,128,184,189,158,139,105,107,81,73,14,12,0,5,2
9,0,9,12,100,107,122,153,152,154,166,172,173,155,147,143,120,75,73,39,12,2,1,0
5,1,6,25,58,109,122,135,160,176,194,196,188,178,138,131,120,111,52,33,13,0,1,7
7,7,10,28,65,76,94,135,170,190,216,224,209,183,172,154,132,122,71,53,14,7,0,0
2,3,1,36,82,87,127,137,138,142,147,152,163,194,172,160,151,113,67,39,29,10,0,5
0,6,8,57,104,111,134,138,138,130,115,124,143,161,165,154,143,123,101,58,47,9,0,0
15,10,12,61,112,114,129,133,129,126,116,110,125,137,147,148,141,119,102,75,41,6,3,2
10,14,14,64,106,120,129,130,122,121,107,104,110,116,130,141,138,122,106,88,39,11,4,7
13,16,16,73,90,113,116,124,116,112,100,82,80,106,125,117,118,112,103,69,43,7,8,2
8,13,10,61,84,103,115,126,115,106,81,60,100,103,113,113,102,114,104,89,48,13,13,3
4,10,13,46,75,110,117,112,103,87,67,55,54,69,82,106,113,114,111,100,55,10,11,2
11,12,14,52,64,91,95,85,60,53,51,50,50,61,83,97,103,106,100,98,56,19,13,12
10,12,11,32,61,109,110,96,66,57,51,35,40,49,51,68,86,123,118,68,51,12,14,9
1,7,17,28,41,127,131,94,66,65,53,13,8,48,48,59,89,135,127,59,51,11,10,4
9,8,12,35,63,124,142,102,63,53,37,1,14,12,40,52,58,70,102,69,52,11,10,8
10,12,13,32,56,72,68,45,54,46,10,10,7,12,19,29,30,50,57,53,51,12,12,7
14,12,10,42,53,57,56,52,26,17,5,7,3,4,10,5,14,13,30,47,50,15,11,0
0,6,10,43,55,62,50,38,23,14,0,0,0,1,0,0,6,8,10,13,27,12,9,7
0,2,14,26,56,52,54,35,12,12,7,6,0,0,0,4,9,8,9,7,14,9,0,2
0,4,12,39,27,44,41,16,12,9,5,4,0,5,4,8,10,12,11,10,11,0,0,2
6,5,12,32,42,28,22,10,14,4,7,11,0,7,10,8,8,1,5,3,6,6,1,0
0,0,11,24,45,14,13,13,5,9,10,11,11,9,8,7,7,9,9,5,7,2,0,0
0,0,5,20,28,12,11,14,9,3,12,10,10,8,13,14,12,7,8,7,3,7,6,0
0,6,8,24,26,10,7,6,11,8,10,10,2,0,3,10,12,11,10,9,3,7,8,5
0,0,11,14,0,7,14,6,4,10,7,6,0,4,8,2,4,0,1,8,6,1,14,12
1,5,4,22,17,2,10,8,6,3,9,3,0,0,0,4,8,4,0,9,9,9,14,13

0,14,10,10,5,2,6,3,8,0,5,0,0,0,0,5,0,0,10,6,3,3,5,5
10,11,14,14,9,0,3,14,19,24,14,14,12,10,0,0,0,0,10,10,7,6,0,3
10,22,16,48,47,14,50,34,54,56,79,94,65,60,10,13,7,10,8,13,14,11,9,11
0,12,10,10,13,43,38,55,55,57,66,78,94,102,87,73,81,53,45,36,29,20,8,7
0,0,3,9,17,23,31,25,36,51,53,77,72,72,75,72,59,58,56,51,19,9,0,0
8,10,10,12,15,39,42,30,25,45,47,55,62,70,70,63,52,56,51,14,23,26,15,12
0,0,31,46,56,85,86,53,55,61,61,61,59,76,82,87,84,64,51,55,52,14,7,7
54,20,42,60,107,188,117,67,72,71,65,69,75,82,118,217,457,137,74,65,60,54,38,11
19,31,51,71,273,580,158,108,89,84,85,94,93,101,132,449,756,207,91,66,64,59,55,53
20,48,54,97,401,793,247,140,109,106,99,89,85,84,86,100,154,96,58,36,19,48,30,14
8,13,12,54,97,138,92,66,73,82,87,71,75,70,56,60,72,50,15,51,37,11,7,13
4,10,50,53,18,70,75,68,83,80,86,69,68,73,62,64,61,51,26,11,10,4,2,0
14,11,24,3,20,53,54,59,100,117,118,118,107,114,101,67,56,51,48,21,12,19,5,0
0,0,0,0,14,62,92,83,113,127,131,131,129,128,107,82,86,47,21,4,13,15,8,0
2,0,0,0,5,49,72,88,109,123,134,132,123,103,68,64,63,11,10,9,5,14,6,0
0,0,7,0,13,52,96,80,103,116,131,129,116,94,75,75,68,14,8,3,0,0,3,0
0,2,6,8,10,59,63,83,93,103,120,147,125,123,84,71,87,64,47,9,4,0,6,7
8,7,10,12,18,37,62,116,146,143,154,155,155,139,103,74,53,46,46,28,21,5,6,10
9,2,8,13,39,57,100,132,138,126,128,183,188,157,139,105,107,81,73,14,12,0,5,2
9,0,9,12,100,107,122,153,152,154,166,171,173,154,147,142,120,75,73,38,12,2,1,0
5,1,6,25,58,109,122,135,160,175,193,196,187,178,138,131,120,111,52,33,13,0,1,7
7,7,10,28,65,76,94,135,170,190,216,223,209,183,171,154,132,122,71,53,14,7,0,0
2,3,1,37,82,87,126,137,138,142,147,152,163,194,172,160,151,113,66,38,29,10,0,5
0,6,8,57,104,111,134,137,138,130,114,123,142,161,165,154,143,124,101,57,45,9,0,0
15,10,12,61,112,115,128,133,128,125,116,110,125,137,147,148,141,119,102,75,44,6,4,2
10,14,13,64,106,120,129,130,122,121,107,104,111,116,130,141,138,122,106,89,40,11,5,7
13,16,17,73,90,113,116,124,116,112,100,82,80,106,125,117,118,112,103,70,44,7,8,2
8,13,10,61,84,103,115,125,115,106,81,60,100,103,113,113,102,114,104,89,48,13,13,3
4,10,13,46,75,110,117,112,103,87,67,55,54,68,82,106,113,114,111,100,54,10,11,2
11,12,14,52,64,91,94,85,60,53,51,50,50,60,84,97,103,106,100,98,56,19,13,12
10,12,11,32,61,109,110,96,66,57,50,36,40,49,51,68,86,122,118,68,51,12,14,9
1,7,16,28,41,127,131,95,66,65,53,13,8,50,48,59,89,135,127,59,51,11,10,4
9,8,12,35,63,124,142,102,63,53,37,1,14,12,41,52,58,70,102,69,52,11,10,8
10,12,13,31,56,72,68,45,54,46,10,9,7,12,20,29,30,50,57,53,51,12,12,7
14,12,10,41,53,57,56,52,26,17,5,7,3,4,10,5,14,13,30,47,50,15,11,0
0,6,10,43,54,62,50,38,24,14,0,0,0,2,0,0,6,8,10,13,27,12,10,7
0,2,14,26,57,53,54,37,12,12,7,6,0,0,0,4,9,8,9,7,14,9,0,2
0,4,12,39,27,45,41,14,13,9,5,4,0,5,4,8,10,12,11,10,11,0,0,2
6,5,12,33,43,28,22,10,14,4,7,11,0,7,10,8,8,1,5,3,6,6,1,0
0,0,11,25,44,14,13,13,5,9,10,11,11,9,8,7,7,9,8,5,7,2,0,0
0,0,5,21,28,12,11,14,9,3,12,10,10,8,12,14,12,7,8,7,3,7,6,0
1,6,8,23,26,10,7,6,11,8,10,10,2,0,3,10,12,11,10,9,2,7,8,5
0,0,11,14,0,7,14,6,4,10,7,6,0,4,8,2,4,0,1,8,6,1,14,12
1,5,4,22,16,2,10,8,6,4,9,3,0,0,0,4,8,4,0,9,9,9,14,13

0,14,10,10,5,2,6,3,8,0,5,0,0,0,0,5,1,0,10,7,3,3,6,6
10,11,14,14,9,0,4,14,19,26,14,15,13,10,0,0,0,0,10,10,7,6,0,3
10,21,16,48,47,14,50,35,54,56,80,95,65,60,10,14,7,10,9,13,14,11,9,11
0,12,10,10,13,43,39,55,54,57,66,79,94,103,87,73,81,53,45,37,29,20,9,7
0,0,3,9,17,23,31,26,35,51,53,77,73,72,75,72,59,58,56,51,19,9,0,0
8,10,10,12,15,39,43,31,25,46,47,55,62,70,70,63,52,56,51,14,24,26,14,12
0,0,31,47,56,86,87,53,55,61,61,61,59,76,82,87,84,64,51,55,52,14,7,7
54,20,42,60,107,188,118,67,72,72,65,70,75,82,118,217,458,138,74,64,60,53,36,11
19,31,51,71,273,577,158,108,89,84,85,94,93,101,132,444,756,207,91,66,64,59,55,53
20,48,54,97,401,793,246,140,109,106,99,89,85,84,86,99,153,95,58,36,19,49,30,14
8,13,12,54,97,138,92,66,73,82,87,71,74,70,56,60,72,50,15,50,37,11,7,13
4,10,50,53,17,70,74,68,83,80,87,70,68,73,62,63,61,50,26,11,10,3,2,0
14,11,24,3,20,53,54,59,100,118,120,120,109,115,102,67,56,50,47,21,12,20,5,0
0,0,0,0,14,63,91,84,113,128,133,133,131,129,108,83,87,46,19,4,13,14,8,0
2,0,0,0,5,48,72,89,110,125,136,134,125,105,69,64,64,11,10,9,5,14,6,0
0,0,7,0,13,53,97,80,104,117,133,131,118,95,76,76,68,14,7,3,0,0,3,0
0,2,6,8,10,60,63,84,93,104,121,148,126,124,85,71,88,64,45,9,4,0,6,7
8,7,10,12,18,37,62,116,147,144,155,157,157,140,103,74,53,46,46,28,21,5,6,10
9,2,8,13,39,57,100,132,139,127,128,185,189,158,139,105,107,81,73,14,12,0,5,2
9,0,9,12,100,107,122,154,152,154,166,172,173,155,147,142,120,75,73,38,12,2,1,0
5,1,6,24,57,109,122,135,160,176,193,196,187,177,138,130,119,111,52,33,13,0,1,7
7,6,10,27,64,75,94,135,169,189,215,222,207,182,170,153,131,122,71,53,14,7,0,0
2,3,1,35,81,86,126,137,138,142,146,150,161,193,171,159,150,113,66,39,29,9,0,5
0,5,8,55,104,111,133,137,138,130,114,123,142,160,164,154,142,123,101,57,45,9,0,0
15,10,12,61,112,115,128,132,128,125,115,110,125,136,147,148,141,119,102,76,42,6,3,2
10,14,13,64,106,119,129,130,122,121,107,104,110,116,130,141,138,122,106,88,40,11,5,7
13,15,17,73,90,113,116,124,116,112,100,83,80,106,125,117,118,112,103,70,44,7,8,2
8,13,10,61,84,103,115,125,115,106,80,60,100,103,113,113,102,114,104,88,50,13,13,3
4,10,13,46,75,110,117,113,103,88,67,55,54,69,82,106,113,114,111,100,54,10,12,3
11,12,13,51,64,91,94,85,60,53,51,50,50,61,83,97,102,106,100,98,56,19,13,12
10,12,11,32,61,109,109,96,66,57,51,36,41,49,51,68,86,122,118,68,51,12,14,9
2,7,16,28,41,127,131,95,66,65,53,13,9,48,48,59,89,136,127,60,51,11,10,4
9,8,12,35,63,124,143,102,63,53,39,1,14,12,40,52,58,70,102,69,52,12,10,8
10,12,13,32,56,72,68,46,54,46,10,9,7,12,20,29,30,51,57,53,51,12,12,7
14,12,10,42,53,57,56,52,26,17,5,7,3,4,10,5,14,14,31,48,50,15,11,0
0,6,10,43,54,62,50,38,23,14,0,0,0,2,0,0,6,8,10,13,28,12,9,8
0,2,14,26,57,53,54,36,12,12,7,6,0,0,0,4,9,8,9,7,14,9,0,2
0,4,12,39,27,44,41,16,12,10,5,4,0,5,4,8,10,12,11,10,11,0,0,2
6,5,12,35,43,28,22,10,14,4,7,11,0,7,10,8,8,1,5,3,6,6,2,0
0,0,11,26,45,14,13,13,5,9,10,11,11,10,8,7,7,9,8,5,7,2,0,0
0,0,5,22,29,12,11,14,9,3,12,10,10,8,12,14,12,7,8,7,3,7,6,0
0,6,8,24,26,10,7,6,11,8,10,10,2,0,3,10,12,11,10,9,2,7,8,5
0,0,11,14,0,7,14,6,4,10,7,5,0,4,8,1,4,0,1,8,6,1,14,12
1,5,4,22,16,2,9,8,6,3,9,3,0,0,0,4,7,4,0,9,9,9,14,13

0,14,10,10,5,2,6,3,8,0,5,0,0,0,0,5,1,0,10,6,3,3,5,5
10,11,14,14,9,0,4,14,19,27,14,17,13,10,0,0,0,0,10,10,7,7,0,3
10,21,17,50,47,15,51,35,54,56,80,94,65,60,10,14,7,10,9,13,15,11,9,11
0,12,10,10,13,44,39,55,54,57,66,79,94,103,87,74,81,53,45,37,29,20,9,7
0,0,3,9,17,23,32,27,35,51,53,77,72,72,75,72,59,58,56,51,19,9,0,0
8,10,10,12,15,39,43,30,25,45,48,55,62,71,70,63,52,56,51,14,25,25,15,12
0,0,31,46,56,87,87,53,55,61,61,61,59,76,82,87,84,64,51,54,51,14,7,7
54,20,42,60,108,189,119,67,72,72,65,70,75,82,118,216,460,138,74,64,60,53,37,11
18,31,51,71,273,576,158,108,89,84,85,93,93,101,131,442,756,207,91,66,64,59,55,53
20,48,54,97,401,793,246,140,109,106,99,89,85,84,86,99,153,95,57,35,19,48,29,14
8,13,12,54,97,138,92,65,73,82,86,71,74,70,56,60,72,50,14,50,36,11,7,12
4,10,50,53,17,70,74,68,83,80,88,71,69,74,63,63,61,50,25,11,10,3,2,0
14,11,23,3,19,53,54,59,101,120,122,122,111,117,103,68,56,50,46,21,12,20,5,0
0,0,0,0,14,62,91,86,114,130,135,135,133,131,108,84,86,44,19,4,13,14,8,0
2,0,0,0,5,49,73,91,111,127,138,136,127,106,70,65,66,11,10,9,5,14,6,0
0,0,7,0,13,53,99,81,105,119,134,132,119,96,76,76,68,14,7,2,0,0,3,0
0,2,7,8,10,60,63,84,94,105,123,149,127,125,85,71,88,63,47,8,4,0,6,7
8,7,10,12,18,37,62,117,148,145,157,158,158,140,104,75,53,46,46,27,21,5,6,10
9,2,8,13,38,57,101,133,140,128,129,186,190,159,140,105,106,81,73,14,12,0,5,2
9,0,9,12,100,107,122,154,153,155,167,172,174,155,147,141,119,75,72,37,12,2,1,0
5,1,5,23,57,108,122,134,160,176,193,196,187,177,137,130,118,110,52,32,12,0,1,7
7,6,10,27,64,75,93,134,169,188,213,220,206,181,170,152,131,122,71,53,14,6,0,0
2,3,0,35,81,86,126,136,137,141,145,149,160,192,170,158,149,112,66,38,29,9,0,5
0,5,8,54,103,111,133,137,137,129,114,123,141,159,164,153,142,123,101,57,45,9,0,0
15,10,12,61,112,114,128,132,128,125,115,110,125,136,147,147,141,119,102,75,44,6,3,2
10,14,13,64,106,119,129,130,122,121,107,104,110,115,130,141,138,122,106,89,40,11,5,7
13,15,16,72,90,113,116,124,116,112,100,82,80,106,125,117,118,112,103,69,46,7,8,2
8,13,10,61,84,103,114,125,115,106,81,60,100,103,113,113,102,114,104,88,48,13,13,3
4,10,13,46,75,110,117,113,103,88,67,55,54,68,82,106,113,114,111,100,55,10,12,2
11,12,14,51,64,91,94,85,60,53,51,50,50,61,83,97,102,106,100,98,56,19,13,12
10,12,11,32,61,109,110,96,66,57,51,36,41,49,51,68,86,122,118,68,51,12,14,9
2,7,16,28,41,127,131,95,66,65,53,13,9,50,48,59,90,136,127,60,51,11,10,4
9,8,12,35,64,125,143,102,64,53,37,1,14,12,41,52,58,70,103,69,52,12,10,8
10,12,13,32,56,72,68,46,54,46,10,9,7,12,20,29,30,51,57,53,51,12,12,7
14,12,10,42,53,57,56,52,26,19,5,7,3,4,10,5,14,13,31,49,50,15,11,0
0,6,10,43,55,62,50,39,24,14,0,0,0,2,0,0,6,8,10,13,29,13,10,8
0,2,14,26,57,53,54,36,12,12,7,6,0,0,0,4,9,8,9,7,14,9,0,2
0,4,12,40,27,44,41,17,12,10,5,4,0,5,5,8,10,12,11,10,11,0,0,2
6,5,12,34,43,28,23,10,14,5,7,11,0,7,10,8,9,1,5,3,6,6,1,0
0,0,11,25,45,14,13,13,6,9,10,12,11,10,8,7,6,10,8,5,7,2,1,0
0,0,5,22,29,12,11,14,9,3,12,10,10,8,13,14,12,7,8,7,3,7,6,0
0,6,8,25,26,10,7,6,11,8,10,11,2,0,3,10,12,11,10,9,3,7,8,5
0,0,11,14,0,7,14,6,4,10,7,6,0,4,8,1,4,0,1,8,7,1,14,12
2,5,3,22,16,2,10,8,6,4,9,3,0,0,0,4,8,4,0,9,9,9,14,13

0,14,10,10,5,2,6,3,8,0,5,0,0,0,0,5,0,0,10,6,3,3,5,5
10,11,14,14,9,0,4,14,20,29,14,17,13,10,0,0,0,0,10,10,7,6,0,3
10,22,18,48,47,16,51,35,54,57,80,96,65,60,10,14,7,10,9,13,14,11,9,11
0,12,10,10,13,44,39,55,54,57,66,79,94,103,87,74,81,53,45,37,29,20,9,7
0,0,3,9,18,23,34,29,36,51,53,78,73,72,75,72,59,58,56,51,23,9,0,0
8,10,10,12,15,40,44,31,25,46,47,55,62,71,71,63,52,56,51,14,24,26,15,12
0,0,31,46,56,87,88,53,55,61,61,61,59,76,82,87,85,64,51,54,51,14,7,7
54,20,41,60,108,190,119,67,72,72,65,70,75,82,118,216,460,138,74,64,60,53,36,11
18,31,51,71,272,573,157,108,89,84,85,93,93,101,131,437,756,207,90,66,64,59,55,53
20,48,54,96,401,793,246,140,109,106,99,88,85,84,86,98,152,95,57,35,19,46,29,14
8,13,12,54,97,138,91,65,72,82,86,71,74,70,56,60,72,50,14,50,36,11,7,12
4,10,50,53,16,70,74,67,84,81,89,72,69,74,63,63,60,50,25,11,10,3,2,0
14,11,23,3,19,53,54,59,101,121,123,124,112,117,103,68,56,50,46,19,12,19,5,0
0,0,0,0,14,62,91,87,115,131,136,136,134,131,109,84,88,44,17,4,13,14,8,0
2,0,0,0,5,50,73,91,112,128,139,137,128,107,70,65,66,11,10,8,5,14,6,0
0,0,7,0,13,53,98,81,106,119,135,133,120,97,77,76,68,14,7,2,0,0,3,0
0,3,7,8,10,60,63,85,94,106,123,150,128,126,85,71,88,63,45,8,4,0,6,7
8,7,10,12,18,38,63,118,149,146,158,160,159,141,105,75,54,46,47,27,21,5,6,10
9,2,8,12,38,57,101,133,140,128,130,187,191,160,140,105,106,81,73,14,12,0,5,2
8,0,9,11,100,107,122,154,154,156,168,173,174,156,147,141,119,74,73,37,12,2,1,0
5,1,5,23,56,108,121,134,160,176,193,195,187,177,137,129,118,110,51,32,12,0,1,7
7,6,10,27,64,75,93,134,169,189,213,220,205,180,169,151,130,122,71,53,14,6,0,0
1,3,0,34,81,86,125,136,137,141,144,148,159,191,169,158,149,112,66,38,29,9,0,5
0,5,8,53,103,111,133,137,137,129,114,122,141,158,164,153,142,123,101,57,45,9,0,0
15,10,12,61,111,114,128,132,128,125,115,110,124,136,147,147,141,119,102,76,42,6,3,2
10,14,13,64,106,120,129,130,122,121,107,104,110,115,130,141,138,122,106,89,40,11,5,7
13,15,16,73,90,113,116,124,116,112,100,82,80,106,125,117,118,112,103,70,44,7,8,2
8,13,10,61,84,103,114,125,115,106,80,59,100,103,113,113,102,114,104,88,48,13,13,3
4,10,13,46,75,110,116,112,103,87,67,55,54,68,82,106,113,114,111,100,54,10,11,2
11,12,13,52,64,91,94,85,60,53,51,50,50,61,84,97,103,106,100,98,56,18,13,12
10,12,11,32,61,109,110,96,66,57,51,36,40,49,51,68,86,123,118,68,51,12,14,9
2,7,16,28,41,127,131,95,66,65,53,13,9,50,48,59,90,136,127,60,51,11,10,4
9,8,12,35,64,125,143,102,63,53,36,1,14,12,41,52,58,70,103,69,52,11,10,8
10,12,13,32,56,73,68,46,54,46,10,9,7,12,20,29,31,51,57,53,51,12,12,7
14,12,10,42,54,57,56,52,27,18,5,8,3,4,10,5,14,13,31,48,50,15,11,0
0,6,10,43,55,62,50,38,23,14,0,0,0,2,0,0,6,9,10,13,28,13,10,8
0,2,14,26,57,53,54,36,12,12,7,6,0,0,0,4,9,8,9,7,14,9,0,2
0,4,12,40,27,45,41,16,13,10,5,4,0,5,5,8,10,12,11,10,11,0,0,2
6,5,12,34,44,28,24,10,14,5,7,11,0,7,10,8,9,1,5,2,6,6,1,0
0,0,11,27,46,14,13,13,5,9,10,11,11,10,8,7,7,10,8,5,7,2,1,0
0,0,5,23,29,12,11,14,9,3,12,10,10,8,12,14,12,7,8,7,3,7,6,0
0,6,8,24,27,10,7,6,11,8,10,11,2,0,3,10,12,11,10,9,2,7,8,5
0,0,11,14,0,7,14,6,4,10,7,5,0,4,8,1,4,0,1,8,6,1,14,12
1,5,4,22,16,2,10,8,6,3,9,3,0,0,0,4,8,4,0,9,9,9,14,13

0,14,10,10,5,2,6,3,8,0,5,0,0,0,0,5,1,0,10,6,3,3,5,5
10,11,14,14,9,0,4,14,19,26,14,15,13,10,0,0,0,0,10,10,7,6,0,3
10,21,18,48,48,16,51,35,54,57,80,95,65,60,10,14,7,10,9,13,14,11,9,11
0,12,10,10,13,44,39,55,55,57,66,79,95,103,88,74,82,53,45,37,29,21,9,7
0,0,3,9,17,23,33,27,36,51,53,78,73,72,75,72,59,58,56,51,20,10,0,0
8,10,10,12,15,40,44,31,26,46,47,55,62,71,71,63,52,56,51,14,24,26,14,12
0,0,31,46,56,87,88,53,55,61,61,61,59,76,82,87,84,64,51,54,51,14,7,7
54,21,41,60,108,191,120,67,72,72,65,70,75,82,118,216,461,139,74,64,61,54,37,11
19,31,51,71,272,574,158,108,89,84,85,93,93,101,131,438,756,208,90,66,64,59,55,53
20,48,54,97,403,793,247,140,109,106,99,89,85,84,86,98,152,96,57,35,19,48,31,14
8,13,12,54,97,138,92,65,73,82,87,71,74,70,56,60,72,50,14,50,36,11,7,13
4,10,50,53,17,70,74,68,84,81,89,72,69,75,63,63,61,50,25,11,10,3,3,0
14,11,24,3,19,53,54,59,101,120,123,123,112,117,103,68,56,50,46,19,12,19,5,0
0,0,0,0,14,63,91,87,115,131,135,136,133,131,109,84,87,46,17,4,14,14,8,0
2,0,0,0,5,49,72,92,111,127,139,136,127,106,70,65,65,11,10,9,5,14,6,0
0,0,7,0,13,53,98,81,106,119,135,132,119,96,77,76,69,14,7,2,0,0,3,0
0,3,7,8,10,60,63,84,94,105,123,149,127,125,85,71,88,63,46,8,4,0,6,7
8,7,10,12,18,37,63,117,148,146,157,159,158,141,104,75,54,46,46,28,21,5,6,10
9,2,8,13,38,57,101,133,140,128,129,186,190,159,140,105,106,81,73,14,12,0,5,2
8,0,9,12,100,107,122,154,153,155,167,173,174,155,147,141,119,75,73,37,12,2,1,0
5,1,5,23,57,108,121,134,160,176,193,195,187,177,137,130,118,110,51,32,12,0,0,7
7,6,10,27,65,75,93,134,169,189,214,221,206,181,170,152,131,122,71,53,14,6,0,0
1,3,0,35,81,86,126,136,137,141,145,149,160,192,170,158,150,112,66,38,29,9,0,5
0,5,8,55,104,111,133,137,138,129,114,123,141,159,164,153,142,123,101,58,47,9,0,0
15,10,12,61,112,114,128,132,128,125,115,110,125,136,147,147,141,119,102,75,42,6,3,2
10,14,13,64,106,120,129,130,122,121,107,104,110,116,130,141,138,122,106,89,41,11,5,7
13,15,16,72,90,113,116,124,116,112,100,82,80,106,125,117,118,112,103,69,43,7,8,2
8,13,10,61,84,103,114,125,115,106,80,59,100,103,113,113,102,114,104,88,48,13,13,3
4,10,13,46,75,110,117,113,103,87,68,55,54,68,82,106,113,114,111,100,55,10,12,3
11,12,13,51,64,91,95,85,60,53,51,50,50,61,84,97,103,106,100,98,56,19,13,12
10,12,11,32,61,108,110,96,66,57,51,36,41,49,51,68,86,122,117,68,51,12,14,9
2,7,16,28,41,127,131,95,66,65,53,13,9,50,48,59,90,136,127,60,51,11,10,4
9,8,12,35,63,125,143,102,64,53,37,1,14,12,39,52,58,70,102,69,52,12,10,8
10,13,13,32,56,73,68,45,54,46,10,9,7,12,20,29,30,50,57,53,51,12,12,7
14,12,10,43,53,57,56,52,27,17,5,8,3,4,10,5,14,13,31,49,50,15,11,0
0,6,10,43,55,63,50,38,23,14,0,0,0,2,0,0,6,8,10,13,28,13,10,8
0,2,14,26,57,53,54,37,12,12,7,6,0,0,0,4,9,8,9,7,14,9,0,2
0,4,12,41,27,45,42,16,13,10,5,4,0,5,4,8,10,12,11,10,11,0,0,2
6,5,12,35,43,28,23,10,14,5,7,11,0,7,10,8,8,1,5,2,6,6,2,0
0,0,11,26,46,14,13,13,6,9,10,11,11,10,8,7,7,10,8,5,7,2,0,0
0,0,5,22,28,12,11,14,9,3,12,10,10,8,13,14,12,7,8,7,3,7,6,0
0,6,8,26,26,10,7,6,11,8,10,11,2,0,3,10,12,11,10,9,2,7,8,5
0,0,11,14,0,7,14,6,4,10,7,5,0,4,8,1,4,0,2,8,6,1,14,12
2,5,4,22,17,2,10,8,6,3,9,3,0,0,0,4,8,4,0,9,9,9,14,13

0,14,10,10,5,2,6,3,8,0,5,0,0,0,0,5,1,0,10,6,3,3,5,5
10,11,14,14,9,0,4,14,19,27,14,17,13,10,0,0,0,0,10,10,7,7,0,3
10,21,17,48,48,15,51,35,54,56,79,94,65,60,10,14,7,10,8,13,14,11,9,11
0,12,10,10,13,44,39,55,55,57,66,79,95,103,87,74,81,53,46,37,30,21,9,7
0,0,3,9,17,23,33,28,36,51,53,78,73,72,75,72,59,57,56,51,20,9,0,0
8,10,10,12,15,39,44,31,26,46,48,55,62,71,71,63,52,56,51,14,24,26,15,12
0,0,31,46,56,88,88,53,55,61,61,61,59,76,82,87,84,64,51,54,51,14,7,7
53,21,41,60,108,191,119,67,72,73,65,70,75,82,118,216,460,138,74,64,60,53,36,11
19,31,51,71,272,574,157,108,89,84,85,93,93,101,131,440,756,208,90,66,64,59,55,53
20,47,54,97,404,793,247,140,110,106,99,89,85,84,86,99,153,95,57,35,18,49,29,14
8,13,12,54,97,139,92,66,73,82,87,71,74,70,56,60,72,50,14,50,37,11,7,13
4,10,50,53,17,70,74,68,84,81,89,72,69,75,63,63,61,50,26,11,10,3,2,0
14,11,24,3,19,53,54,59,101,120,122,122,111,117,103,68,56,51,47,20,12,19,6,0
0,0,0,0,14,63,91,87,114,130,134,134,132,130,108,84,87,46,20,4,14,14,8,0
2,0,0,0,5,49,72,91,111,126,137,135,126,105,70,65,65,11,10,9,5,14,6,0
0,0,7,0,13,53,98,81,105,118,134,131,118,95,76,76,68,14,7,3,0,0,3,0
0,2,7,8,10,60,63,84,93,104,122,148,125,125,85,71,88,64,46,9,4,0,6,7
8,7,10,12,18,37,62,116,147,144,156,157,156,140,103,74,53,46,46,28,21,4,6,10
9,1,8,13,39,57,100,132,139,127,128,184,189,158,139,105,107,81,74,14,12,0,5,2
8,0,9,12,100,107,122,153,152,154,166,171,173,154,146,142,120,75,73,37,12,2,1,0
5,1,5,24,57,108,122,134,160,176,193,195,187,177,137,130,119,111,52,33,13,0,1,7
7,6,10,28,65,76,94,134,169,189,214,222,207,182,170,153,131,122,71,53,14,7,0,0
2,3,1,35,81,86,126,136,138,142,146,150,161,193,171,159,150,113,66,38,30,9,0,5
0,5,8,56,104,111,133,137,138,130,114,123,142,160,165,154,142,123,101,57,47,9,0,0
15,10,12,61,112,114,128,132,128,125,115,110,125,136,147,148,141,119,102,76,42,6,3,2
10,14,13,64,106,120,129,130,122,121,107,104,110,116,130,141,138,122,106,90,41,11,4,7
13,16,16,72,90,113,116,124,116,112,100,82,80,106,125,117,118,112,103,70,44,7,8,2
8,13,10,61,84,103,115,125,115,106,80,60,100,103,113,113,102,114,104,89,48,13,13,3
4,10,13,46,75,110,117,112,103,87,67,55,54,68,82,106,113,114,111,100,54,10,12,2
11,12,14,52,64,91,95,85,60,54,51,50,50,61,84,97,103,106,100,99,57,18,13,12
10,12,11,32,61,108,109,96,66,57,50,36,40,49,51,68,86,122,118,68,51,12,14,9
1,7,16,28,41,127,131,95,66,65,53,13,9,48,48,59,90,136,127,59,51,11,10,4
9,8,12,35,63,124,143,102,63,53,36,1,14,12,40,52,58,70,102,69,52,12,10,8
10,12,13,32,56,72,68,46,54,46,10,9,8,12,20,30,30,50,57,53,51,12,12,7
14,12,10,41,53,57,55,52,26,17,5,7,3,4,10,5,14,13,30,48,50,15,11,0
0,6,10,43,55,62,50,38,23,14,0,0,0,2,0,0,6,8,10,13,27,13,10,8
0,2,14,26,57,53,54,36,12,12,7,6,0,0,0,4,9,8,9,7,14,9,0,2
0,4,12,40,27,44,41,15,13,10,5,4,0,5,4,8,10,12,11,10,11,0,0,1
6,5,12,35,43,28,22,10,14,4,7,11,0,7,10,8,8,1,5,2,6,6,2,0
0,0,11,26,45,14,13,13,5,9,10,11,11,10,8,7,6,9,8,5,7,2,0,0
0,0,5,22,28,12,11,14,9,3,12,10,10,8,13,14,12,7,8,7,3,7,6,0
0,6,8,24,26,10,7,6,11,8,10,11,2,0,3,10,12,11,10,9,2,7,8,5
0,0,11,14,0,7,14,6,3,10,7,5,0,4,8,2,4,0,1,8,6,0,14,12
2,5,4,22,17,2,10,8,6,3,9,3,0,0,0,4,8,4,0,9,9,9,13,13

0,14,10,10,5,2,6,3,8,0,5,0,0,0,0,5,1,0,10,6,3,3,6,6
10,11,14,14,9,0,4,14,19,26,14,16,13,10,0,0,0,0,10,10,7,6,0,3
10,21,16,47,47,15,50,35,54,56,80,94,65,60,10,14,7,10,9,13,15,11,9,11
0,12,10,10,13,44,39,55,54,57,66,79,94,103,87,74,81,53,45,37,30,20,9,7
0,0,3,9,17,23,32,27,36,51,53,78,72,72,75,71,59,58,56,51,22,10,0,0
8,10,10,12,15,40,44,31,26,46,48,55,62,71,71,63,52,56,51,14,25,27,15,12
0,0,31,46,56,88,88,53,55,61,61,61,59,76,82,87,84,64,51,54,52,14,7,7
53,21,41,60,108,190,120,67,72,73,65,70,75,82,118,216,459,138,74,64,60,53,38,11
19,31,51,71,271,574,157,108,89,84,85,93,93,101,132,444,756,208,90,66,64,59,55,53
20,48,54,97,405,793,247,141,110,106,100,90,86,85,86,100,154,96,57,35,19,49,30,14
8,13,12,54,97,139,92,65,73,82,87,71,75,71,56,60,72,50,14,50,36,11,7,13
5,10,50,53,17,70,74,67,85,81,89,72,69,74,63,64,61,50,26,11,10,3,2,0
14,11,24,3,20,53,54,59,100,120,122,122,110,116,103,67,56,50,47,20,12,20,6,0
0,0,0,0,14,64,91,86,114,129,133,133,131,130,108,84,88,47,20,4,13,14,8,0
2,0,0,0,5,49,73,90,110,126,136,134,125,105,69,65,65,11,10,9,5,14,6,0
0,0,7,0,13,53,97,80,104,117,133,130,117,95,76,76,68,14,8,3,0,0,3,0
0,2,6,8,10,60,63,84,93,103,121,147,125,124,84,71,88,64,46,9,4,0,6,7
8,7,10,12,19,37,62,116,146,143,154,155,155,139,103,74,53,46,46,28,21,4,6,10
9,1,8,13,39,57,100,132,138,127,128,184,188,157,139,105,107,81,75,14,12,0,5,2
8,0,9,12,100,107,121,153,152,153,165,171,173,154,146,142,120,75,73,37,12,2,1,0
5,1,6,24,57,109,122,134,160,175,193,195,187,177,138,131,120,111,52,33,13,0,1,7
7,6,10,28,65,76,94,134,169,189,215,222,208,182,171,154,132,123,71,53,14,6,0,0
2,3,1,36,81,87,126,137,138,142,147,151,162,194,172,160,151,113,67,39,30,9,0,5
0,5,8,56,104,111,133,137,138,130,114,123,142,160,165,154,143,124,101,57,45,9,0,0
15,10,12,62,112,114,129,132,128,125,115,110,125,136,147,148,141,119,102,76,44,6,3,2
10,14,13,65,106,120,129,130,122,121,107,104,110,116,130,141,138,122,106,91,41,11,5,7
13,15,16,73,90,113,116,124,116,112,100,82,80,106,125,117,118,112,103,70,44,7,8,2
8,13,10,61,84,103,115,125,115,106,80,60,100,103,113,113,102,114,104,89,50,13,13,3
4,10,13,46,75,110,116,112,103,87,67,55,54,69,82,106,113,114,112,100,54,10,12,2
11,12,14,52,64,91,94,85,60,53,51,50,50,61,83,97,103,106,100,98,56,19,13,12
10,12,12,32,61,108,109,96,66,56,51,36,41,49,51,68,86,123,118,68,51,12,14,9
2,7,16,28,41,127,131,95,66,65,53,13,9,50,48,59,90,136,127,60,51,11,10,4
9,8,12,35,63,124,143,102,63,53,38,1,14,12,41,52,58,70,102,69,52,11,10,8
10,12,13,31,56,72,68,46,54,46,10,9,8,12,20,29,30,50,57,53,51,12,12,7
14,12,10,42,53,57,56,52,26,17,5,8,3,4,10,5,14,14,30,48,50,15,11,0
0,6,10,43,55,62,50,38,23,14,0,0,0,2,0,0,6,8,10,13,27,12,10,8
0,2,14,26,57,53,54,36,12,12,7,6,0,0,0,4,9,8,9,7,14,9,0,2
0,4,12,40,27,44,40,16,12,10,5,4,0,5,4,8,10,12,11,10,11,0,0,2
6,5,12,34,43,28,22,10,14,5,7,11,0,7,10,8,8,1,5,2,6,6,2,0
0,0,11,26,45,14,13,13,5,9,10,12,11,10,8,7,7,9,8,5,7,2,0,0
0,0,5,23,28,12,11,14,9,3,12,10,10,8,13,14,12,7,8,7,3,7,6,0
0,6,8,25,26,10,7,6,11,8,10,10,2,0,3,10,12,11,10,9,2,7,8,5
0,0,11,14,0,7,14,6,3,10,7,5,0,4,8,2,4,0,1,8,6,0,14,12
2,5,4,22,17,2,10,8,6,3,9,3,0,0,0,4,8,4,0,9,9,9,14,13

0,14,10,10,5,2,6,3,8,0,5,0,0,0,0,5,1,0,10,6,3,3,6,6
10,11,14,14,9,0,4,14,19,26,14,14,13,10,0,0,0,0,10,10,7,6,0,3
10,21,17,48,47,15,51,34,54,56,80,94,65,60,10,14,8,10,9,13,15,11,9,11
0,12,10,10,13,43,39,55,55,57,66,79,94,103,87,73,81,53,45,37,29,21,9,7
0,0,3,9,17,23,33,29,36,51,53,77,73,72,75,71,59,58,55,51,22,10,0,0
8,10,10,12,15,39,43,31,26,46,48,55,62,70,70,63,52,56,51,14,25,26,15,13
0,0,31,46,56,87,88,53,55,61,61,61,59,76,82,87,84,64,51,55,51,14,7,7
53,21,41,60,107,190,119,67,72,73,65,70,75,82,118,216,458,138,74,64,60,53,37,11
19,31,51,71,271,574,158,108,90,85,85,94,93,101,132,446,756,209,91,66,64,59,55,53
20,48,54,97,405,793,247,141,110,106,100,90,86,85,87,100,154,96,57,35,19,49,29,14
8,13,12,54,98,139,92,65,73,83,87,71,75,71,56,60,72,50,14,50,36,11,7,13
4,10,50,53,17,70,74,67,84,81,89,72,70,74,63,63,61,51,27,11,10,4,3,0
14,11,24,3,20,53,54,59,100,119,121,121,110,116,102,68,56,51,48,20,12,19,5,0
0,0,0,0,14,63,91,86,114,129,133,133,131,129,108,84,88,48,20,4,13,14,8,0
2,0,0,0,5,49,72,90,110,125,136,133,124,104,69,65,65,11,10,9,5,14,6,0
0,0,7,0,13,53,98,80,104,117,132,130,117,94,76,76,68,14,8,3,0,0,3,0
0,2,6,8,10,60,63,83,93,103,120,147,124,123,84,71,88,64,48,9,5,0,6,7
8,7,10,12,19,37,62,115,145,142,153,155,155,138,103,74,53,46,47,28,21,4,6,10
9,1,8,13,39,57,100,132,138,126,127,183,188,157,139,105,107,82,74,14,12,0,5,2
8,0,9,12,100,107,122,153,151,153,165,170,172,153,146,142,120,75,73,38,12,2,1,0
5,1,6,25,58,109,122,134,160,175,192,196,187,177,138,132,120,111,52,33,13,0,1,7
7,6,10,28,65,76,94,134,169,189,215,223,208,182,172,154,132,123,72,53,14,7,0,0
2,3,1,37,81,87,126,137,138,142,147,152,162,194,172,160,151,113,67,39,30,9,0,5
0,6,8,56,104,111,134,137,138,130,114,123,142,160,165,154,143,124,101,57,47,9,0,0
15,10,12,62,112,115,128,132,128,125,115,110,125,136,147,148,141,119,102,75,44,6,3,2
10,14,13,64,106,120,129,130,122,121,107,104,110,116,130,141,138,122,106,89,41,11,5,7
13,16,16,73,90,113,116,124,116,112,100,82,80,106,125,117,118,112,103,70,44,7,8,2
8,13,10,62,84,103,115,125,115,106,81,59,100,103,113,113,102,114,104,90,50,13,13,3
4,10,13,46,75,110,117,113,103,87,67,55,54,68,82,106,113,114,112,100,55,10,12,2
11,12,14,52,64,91,94,85,60,53,51,50,50,61,83,97,103,106,100,98,56,18,13,12
10,12,12,32,61,109,109,96,66,57,50,36,41,49,51,68,86,123,118,68,51,12,14,9
2,7,16,28,41,126,131,95,66,65,53,13,9,50,48,59,90,136,127,59,51,11,10,4
9,8,12,35,63,124,143,102,63,53,37,1,14,12,40,52,58,70,102,69,52,12,10,8
10,12,13,32,56,72,68,46,54,46,10,9,8,12,20,29,30,50,57,53,51,12,12,7
14,12,10,41,53,57,56,52,26,17,5,8,3,4,10,5,14,13,29,48,50,15,11,0
0,6,10,43,54,62,50,38,23,14,0,0,0,2,0,0,6,8,10,13,27,12,10,8
0,2,14,26,57,53,54,36,12,12,7,6,0,0,0,4,9,8,9,7,14,9,0,2
0,4,12,39,27,44,41,15,12,10,5,4,0,5,4,8,10,12,11,10,10,0,0,2
6,5,12,35,43,28,22,10,14,4,7,11,0,7,10,8,8,1,5,2,6,6,2,0
0,0,11,26,45,14,13,13,6,9,10,11,11,10,8,7,7,9,8,5,7,2,0,0
0,0,5,23,30,12,11,14,9,3,12,10,10,8,13,14,12,7,8,7,3,7,6,0
0,6,8,25,26,10,7,6,11,8,10,11,2,0,3,10,12,11,10,9,2,7,8,5
0,0,11,14,0,7,14,6,4,10,7,5,0,4,8,2,4,0,1,8,6,0,14,12
2,5,4,22,16,2,10,8,6,4,9,3,0,0,0,4,8,4,0,9,9,9,14,13

0,14,10,10,5,2,6,3,8,0,5,0,0,0,0,5,1,0,10,6,3,3,6,6
10,11,14,14,9,0,4,14,19,24,14,14,13,10,0,0,0,0,10,10,7,7,0,3
10,23,16,50,50,16,51,35,54,56,80,94,65,60,10,14,7,11,9,13,17,11,9,11
0,12,10,10,13,44,39,55,54,57,66,78,94,103,87,74,81,52,45,37,29,20,9,7
0,0,3,9,17,23,32,29,36,51,53,77,72,72,75,72,59,57,56,51,22,9,0,0
8,10,10,12,15,39,43,31,26,46,48,55,62,70,70,63,52,56,51,14,25,27,15,13
0,0,31,46,56,87,87,53,55,61,61,61,59,76,82,87,84,64,51,54,51,14,7,7
53,21,41,60,107,189,119,67,72,73,65,70,75,82,118,217,458,138,74,64,60,53,37,11
19,31,51,71,270,575,157,108,90,85,85,94,93,101,132,448,756,209,91,66,64,59,55,53
20,48,54,97,406,793,248,141,110,107,100,90,86,85,87,100,155,96,57,36,19,49,31,14
8,13,12,54,98,140,92,65,74,82,87,71,75,71,56,60,72,50,14,50,36,11,7,13
5,10,51,53,17,70,74,68,85,81,89,71,69,75,63,63,61,50,27,11,10,4,3,0
14,11,24,3,20,53,54,58,100,119,121,121,110,116,102,68,56,51,47,19,12,19,5,0
0,0,0,0,14,64,91,85,114,128,132,133,131,129,108,84,87,48,20,4,14,14,8,0
2,0,0,0,5,49,73,89,110,125,135,133,124,104,69,65,65,11,10,9,5,14,6,0
0,0,7,0,13,53,97,80,104,117,132,129,116,94,76,76,68,14,8,3,0,0,3,0
0,2,6,8,10,60,63,83,92,102,120,146,124,123,84,71,88,64,48,9,4,0,6,7
8,7,10,12,19,37,62,115,145,143,153,154,154,138,102,74,53,46,46,28,21,4,6,10
9,1,8,13,40,57,100,132,138,126,127,183,188,157,139,105,107,82,74,14,12,0,5,2
8,0,9,12,100,107,122,153,151,153,164,170,172,153,146,143,120,76,73,38,12,2,1,0
5,1,6,25,58,109,122,134,159,175,192,195,187,177,138,132,120,111,52,33,13,0,1,7
7,7,10,28,65,76,94,135,169,190,215,223,208,183,172,155,132,123,71,53,14,6,0,0
2,3,2,37,82,87,126,137,138,142,147,152,163,194,172,160,152,113,67,38,30,10,0,5
0,6,8,57,104,111,134,137,138,130,114,123,142,161,165,154,143,124,101,57,47,9,0,0
15,10,12,61,112,114,128,132,128,125,115,110,125,137,147,148,141,119,102,75,42,6,3,2
10,14,13,64,106,120,129,130,122,121,107,104,110,116,130,141,138,122,106,89,40,11,5,7
13,16,17,73,90,113,116,124,116,112,100,82,80,106,125,117,118,112,103,69,46,7,8,2
8,13,10,61,84,103,115,125,115,106,81,59,100,103,114,113,102,114,104,89,50,13,13,4
4,10,13,46,75,110,117,113,103,87,67,55,54,68,82,106,113,114,112,100,55,10,12,2
11,12,14,52,64,91,94,85,60,53,51,50,50,61,84,97,103,106,100,98,56,17,13,12
10,12,12,32,61,108,109,96,66,57,51,36,41,49,51,68,86,123,117,68,51,12,14,9
2,7,16,28,41,126,131,95,66,65,53,13,9,50,48,59,90,136,127,59,51,11,10,4
9,8,12,35,63,124,143,102,63,53,37,1,14,12,40,52,58,70,102,69,52,12,10,8
10,12,13,32,56,72,68,46,54,47,10,10,8,12,20,30,31,50,57,53,51,12,12,7
14,12,10,42,53,57,56,52,27,18,5,8,3,4,10,5,14,13,30,48,50,15,11,0
0,6,10,43,55,62,50,38,23,14,0,0,0,2,0,0,6,8,10,13,27,12,10,8
0,2,14,26,56,53,54,37,12,12,7,6,0,0,0,4,9,8,9,7,14,9,0,2
0,4,12,40,27,44,41,16,12,10,5,4,0,5,4,8,10,12,11,10,11,0,0,2
6,5,12,35,43,28,22,10,14,4,7,11,0,7,10,8,8,1,5,2,6,6,2,0
0,0,11,26,46,14,13,13,6,9,10,12,11,10,8,7,7,9,8,5,7,2,0,0
0,0,5,22,29,12,11,14,9,3,12,10,10,8,12,14,12,7,8,7,3,7,6,0
0,6,8,25,27,10,7,6,11,8,10,10,2,0,3,10,12,11,10,9,2,7,8,5
0,0,11,14,0,7,14,6,4,10,7,6,0,4,8,2,4,0,1,8,6,0,14,12
1,5,4,22,17,2,10,8,6,3,9,3,0,0,0,4,8,4,0,9,9,9,14,13

0,14,10,10,5,2,6,3,8,0,5,0,0,0,0,5,1,0,10,7,3,3,6,6
10,11,14,14,9,0,4,14,19,26,14,14,13,10,0,0,0,0,10,10,7,7,0,3
10,21,18,48,47,15,50,34,54,56,78,94,65,60,10,14,8,10,9,13,15,11,9,11
0,12,10,10,13,44,39,55,55,57,66,79,95,103,87,75,82,53,45,37,30,21,9,7
0,0,3,9,17,23,32,26,35,51,53,77,73,72,75,71,59,57,56,51,23,10,0,0
8,10,10,12,15,39,43,30,26,46,48,55,62,70,70,63,52,56,51,14,26,26,15,13
0,0,31,46,56,86,87,53,55,61,61,61,59,76,82,87,84,64,51,54,51,14,7,7
53,21,41,60,107,189,119,67,71,73,65,70,75,82,118,217,458,138,73,64,60,53,38,12
19,31,51,71,270,575,158,108,90,85,85,94,93,101,132,449,756,210,91,66,64,59,55,53
20,48,54,97,407,793,249,141,110,107,100,90,86,85,87,100,155,96,57,36,19,49,31,14
8,13,12,54,98,140,92,65,74,83,87,71,75,71,56,60,72,50,14,51,37,11,7,13
5,10,51,53,17,70,74,67,84,81,88,71,70,74,63,63,61,51,26,11,10,4,3,0
14,11,24,3,20,53,54,59,100,119,121,121,109,116,102,67,56,51,48,20,12,20,5,0
0,0,0,0,14,64,91,86,113,128,132,133,131,129,108,84,87,48,21,4,14,14,8,0
2,0,0,0,5,48,72,89,110,124,135,133,124,104,69,65,65,11,10,9,5,14,6,0
0,0,7,0,14,53,97,80,104,116,132,129,116,94,76,75,68,14,8,3,0,0,3,0
0,2,6,8,11,60,63,84,93,102,120,147,124,123,84,71,88,65,48,9,5,0,6,7
8,6,10,12,19,38,62,115,145,142,153,154,154,138,102,74,53,47,46,29,21,4,6,10
9,1,8,13,40,57,100,132,138,126,127,183,187,156,139,105,107,82,74,14,12,0,5,2
8,0,9,12,101,107,122,153,151,153,165,170,172,153,146,143,120,76,73,39,13,2,1,0
5,1,6,26,58,109,122,134,159,175,192,195,187,177,138,132,120,111,52,33,13,0,1,7
8,7,10,28,65,76,94,135,169,189,215,223,209,183,172,155,132,123,72,53,14,7,0,0
2,3,2,37,81,87,126,137,138,142,147,152,163,195,172,160,151,113,67,38,30,10,0,5
0,6,8,57,104,111,134,137,138,130,114,124,143,161,165,154,143,124,101,57,48,9,0,0
15,10,12,62,112,114,128,132,128,125,115,110,125,137,147,148,141,120,102,75,42,6,3,2
10,14,14,64,106,120,129,130,122,121,107,104,110,116,130,141,138,122,106,89,41,11,5,7
13,16,17,73,90,113,116,124,116,112,100,82,80,106,125,117,118,112,103,70,44,7,8,2
8,13,10,62,84,103,115,125,115,106,80,59,100,103,113,113,102,114,104,89,50,13,13,3
4,10,13,46,75,110,116,112,103,87,67,55,54,68,82,106,113,114,112,100,54,10,12,2
11,12,14,52,64,91,94,85,60,53,51,50,50,61,84,97,103,106,100,99,56,19,13,12
10,12,12,32,61,108,109,96,66,57,51,36,41,49,51,68,86,123,118,68,51,12,14,9
2,7,17,28,41,127,131,95,66,65,53,13,9,50,48,59,90,136,127,59,51,11,10,4
9,8,12,34,63,124,143,102,63,53,37,1,14,12,41,52,58,70,102,69,52,11,10,8
10,12,13,31,56,72,68,45,54,46,10,10,8,12,20,29,31,50,57,53,51,12,12,7
14,12,10,41,53,57,55,52,26,16,5,7,3,4,10,5,14,13,29,47,50,14,11,0
0,6,10,44,55,62,50,38,23,14,0,0,0,2,0,0,6,9,9,13,27,13,10,8
0,2,14,26,57,53,54,36,12,12,7,6,0,0,0,4,9,8,9,7,14,9,0,2
0,5,12,41,27,45,41,15,12,10,5,4,0,5,4,8,10,12,11,10,11,0,0,2
6,5,12,34,43,28,22,10,14,4,7,11,0,7,10,8,8,1,5,2,6,6,2,0
0,0,11,27,45,14,13,13,5,9,10,11,11,10,8,7,7,10,8,5,7,2,0,0
0,0,5,23,28,12,11,14,9,3,12,10,10,8,13,14,11,7,8,7,3,7,6,0
0,6,8,25,26,10,7,6,11,8,10,11,2,0,3,10,12,11,10,9,2,7,8,5
0,0,11,14,0,7,14,6,4,10,7,6,0,4,8,2,4,0,1,8,6,0,14,12
2,5,4,23,17,2,10,8,6,4,9,3,0,0,0,4,8,4,0,9,9,9,14,13

0,14,10,10,5,2,6,3,8,0,5,0,0,0,0,5,1,0,10,7,3,3,6,6
10,11,14,14,9,0,4,14,19,24,14,15,13,10,0,0,0,0,10,10,7,7,0,4
10,21,17,50,47,14,51,35,54,57,80,94,65,60,10,14,7,10,9,13,16,11,9,11
0,12,10,10,13,44,39,55,54,57,66,79,95,103,87,73,80,52,45,37,30,21,9,7
0,0,3,9,17,23,33,27,36,51,53,78,72,72,75,71,59,58,55,51,22,10,0,0
8,10,10,12,15,39,43,31,26,46,48,55,62,70,70,63,52,56,51,14,26,26,16,13
0,0,31,46,56,87,87,53,55,61,61,61,59,76,82,86,84,64,51,54,52,14,7,7
53,21,42,60,107,189,119,67,72,73,65,70,75,82,118,217,457,138,73,65,60,54,38,11
19,31,51,71,271,575,158,108,90,85,85,94,93,101,132,449,756,210,91,66,64,59,55,53
20,48,54,97,407,793,248,141,110,107,100,90,86,85,87,101,156,96,57,35,19,49,30,14
8,13,12,54,98,140,92,65,74,83,87,71,75,71,56,60,72,50,14,50,37,11,7,13
5,10,51,53,17,70,74,68,85,81,89,71,70,74,62,63,61,51,27,11,10,4,3,0
14,11,24,3,20,53,54,59,100,119,121,120,109,116,102,67,56,51,47,20,12,19,5,0
0,0,0,0,14,64,91,85,113,128,132,133,131,129,108,84,87,48,20,4,14,15,8,0
2,0,0,0,5,49,72,89,110,124,134,133,124,104,69,65,64,11,10,9,5,14,6,0
0,0,7,0,14,53,97,80,104,116,131,129,116,94,76,76,68,14,8,3,0,0,3,0
0,2,6,8,10,60,63,83,92,102,119,146,123,123,84,71,88,65,47,9,4,0,6,7
8,6,10,12,19,37,62,115,144,142,153,153,154,138,102,74,53,47,46,29,21,4,6,10
9,1,8,13,40,57,100,131,138,126,127,182,187,156,139,105,107,82,74,14,12,0,5,2
8,0,9,12,101,107,122,153,151,153,164,170,172,153,146,143,120,76,73,39,13,2,1,0
5,1,6,25,58,109,122,134,159,175,192,195,186,177,138,132,120,111,52,33,13,0,1,7
7,7,10,28,65,76,94,135,170,190,215,223,209,183,172,155,133,123,72,54,14,7,0,0
2,3,2,37,82,87,126,137,138,142,147,152,163,195,173,161,152,113,67,39,30,10,0,5
0,6,8,58,104,111,134,137,138,130,114,124,143,161,165,154,143,124,101,58,47,9,0,0
15,10,12,62,112,114,129,133,128,125,115,110,125,137,147,148,141,120,102,76,44,6,4,2
10,14,13,64,106,120,128,130,122,121,107,104,110,116,130,141,138,122,106,89,40,11,5,7
13,16,17,73,91,113,116,124,116,112,100,81,80,106,125,117,118,112,103,70,46,7,8,2
8,13,10,61,84,103,115,125,115,106,80,59,100,103,113,113,102,114,104,89,48,13,13,3
4,10,13,46,75,110,117,112,103,87,67,55,54,68,82,106,113,114,112,100,55,10,12,3
11,12,14,52,64,91,94,84,60,53,51,50,50,61,83,97,103,106,100,98,56,18,13,12
10,12,11,32,61,108,110,96,66,57,51,36,41,49,51,68,87,123,117,68,51,12,14,9
1,7,17,28,41,127,131,95,66,65,53,13,9,50,48,59,90,136,127,59,51,11,10,4
9,8,12,35,63,124,143,102,63,53,37,1,14,12,41,52,58,70,102,69,52,12,10,8
10,12,13,32,56,72,68,46,54,47,10,10,8,12,20,30,30,50,57,53,51,12,12,7
14,12,10,42,53,57,55,52,26,16,5,7,3,4,10,5,14,13,30,47,50,15,11,0
0,6,10,43,54,62,50,38,23,14,0,0,0,2,0,0,6,8,10,13,27,12,10,7
0,2,14,26,57,53,54,36,12,12,7,6,0,0,0,4,9,8,9,7,14,9,0,2
0,5,12,40,27,44,41,15,12,10,5,4,0,5,4,8,10,12,11,10,10,0,0,2
6,5,12,34,43,28,22,10,14,4,7,11,0,7,10,8,8,1,5,2,6,6,2,0
0,0,11,26,45,14,13,13,6,9,10,12,11,10,8,7,7,9,8,5,7,2,0,0
0,0,5,22,29,12,11,14,9,3,12,10,10,8,12,14,11,7,8,7,3,7,6,0
0,6,8,24,27,10,7,6,11,8,10,11,2,0,3,9,12,11,10,9,2,7,8,5
0,0,11,14,0,7,14,6,3,10,7,5,0,4,8,2,4,0,1,8,6,0,14,12
2,5,4,23,16,2,10,8,6,3,9,3,0,0,0,4,8,4,0,9,9,9,14,13

0,14,10,10,5,2,6,3,8,0,5,0,0,0,0,5,1,0,10,7,3,3,6,6
10,11,14,14,9,0,4,14,19,26,14,14,12,10,0,0,0,0,10,10,7,7,0,4
10,21,18,48,47,15,50,34,54,56,80,94,65,60,10,14,7,10,9,13,15,11,9,11
0,12,10,10,13,43,39,55,54,57,66,78,94,103,87,73,80,53,44,37,30,21,9,7
0,0,3,9,17,23,32,28,36,51,53,77,72,72,75,72,59,57,55,51,22,10,0,0
8,10,10,12,15,39,43,31,25,46,48,55,62,70,70,63,52,56,51,14,26,26,15,13
0,0,31,46,56,86,87,53,55,61,61,61,59,76,82,86,84,64,51,54,51,14,7,7
53,21,41,60,107,188,119,67,72,73,65,70,75,82,118,217,458,138,73,64,60,54,37,11
19,31,51,71,271,576,158,108,90,85,85,94,93,101,132,450,756,210,91,66,64,59,55,53
20,48,54,97,407,793,249,141,110,107,100,90,86,85,87,101,156,96,57,36,19,50,30,14
8,13,12,54,98,140,92,65,74,83,87,71,75,71,56,60,72,50,14,51,37,11,7,13
4,10,51,53,17,70,74,67,84,81,88,71,70,74,62,63,61,51,28,11,10,4,3,0
14,11,24,3,20,53,54,59,100,119,121,121,110,116,102,67,56,51,48,21,12,20,6,0
0,0,0,0,14,64,91,85,113,128,132,133,131,129,108,84,87,48,20,4,13,14,8,0
2,0,0,0,5,48,73,88,110,124,135,133,124,104,69,65,65,11,10,9,5,14,6,0
0,0,7,0,13,53,97,80,103,116,132,129,116,94,75,76,68,14,8,3,0,0,3,0
0,2,6,8,10,60,63,83,92,102,120,147,124,123,84,71,88,65,48,9,5,0,6,7
8,6,10,12,19,37,62,115,145,142,153,153,154,138,103,74,53,47,46,28,21,4,6,10
9,1,8,13,40,57,100,132,138,126,127,182,187,156,139,105,107,82,74,14,12,0,5,2
8,0,9,12,101,107,122,153,150,153,164,170,172,153,146,143,120,76,73,38,13,2,1,0
5,1,6,25,58,109,122,134,159,175,192,195,187,177,138,132,120,111,52,33,13,0,1,7
8,7,10,28,65,76,94,134,169,189,215,223,209,183,172,154,132,123,72,53,14,7,0,0
2,3,2,37,81,87,126,137,138,142,147,152,163,194,172,160,152,113,67,38,30,10,0,5
0,6,8,57,104,111,134,137,138,130,114,124,142,161,165,154,143,124,101,58,47,9,0,0
15,10,12,62,112,114,128,132,128,125,115,110,125,137,147,148,141,120,102,76,44,6,4,2
10,14,13,64,106,119,129,130,122,121,107,104,110,116,130,141,138,122,106,89,40,11,5,7
13,16,17,73,91,113,116,124,116,112,100,82,80,106,125,117,118,112,103,70,46,7,8,2
8,13,10,61,84,103,115,125,115,106,81,60,100,103,114,113,102,114,104,89,50,13,13,4
4,10,13,46,75,110,117,112,103,87,67,55,54,68,82,106,113,114,112,100,55,10,12,3
11,12,14,52,64,91,94,85,60,53,51,50,50,61,83,97,103,106,100,98,56,18,13,12
10,12,11,32,61,108,110,96,66,57,50,36,41,49,51,68,87,123,118,68,51,12,14,9
2,7,16,28,41,127,131,95,66,65,53,13,9,50,50,59,91,136,127,59,51,11,10,4
9,8,12,35,63,125,144,102,63,53,37,1,14,12,41,52,58,70,102,69,52,12,10,8
10,12,13,32,56,72,68,46,54,46,10,10,8,12,20,29,31,50,57,53,51,12,12,7
14,12,10,42,53,57,55,52,26,17,5,7,3,4,10,5,14,13,29,47,50,14,11,0
0,6,10,43,54,62,50,39,23,14,0,0,0,2,0,0,6,8,10,13,27,13,10,7
0,2,14,26,57,53,54,37,12,12,7,6,0,0,0,4,9,8,9,7,14,9,0,2
0,5,12,40,27,45,40,15,12,10,5,4,0,5,4,8,10,12,11,10,10,0,0,1
6,5,12,34,44,28,22,10,14,5,7,11,0,7,10,8,8,1,5,2,6,6,2,0
0,0,11,26,45,14,13,13,5,9,10,11,11,10,8,7,6,9,8,5,7,2,0,0
0,0,5,23,30,12,11,14,10,3,12,10,10,8,13,14,12,7,8,7,3,7,6,0
0,6,8,25,26,10,7,6,11,8,10,11,2,0,3,10,12,11,10,9,2,7,8,5
0,0,11,14,0,7,14,6,4,10,7,5,0,4,8,2,4,0,1,8,6,0,14,12
1,5,4,22,17,2,10,8,6,4,9,3,0,0,0,4,8,4,0,9,9,9,14,13

0,14,10,10,5,2,6,3,8,0,5,0,0,0,0,5,1,0,10,7,3,3,6,6
10,11,14,14,9,0,4,14,19,24,14,15,13,10,0,0,0,0,10,10,7,7,0,4
10,22,20,50,47,17,51,35,54,57,80,94,65,60,10,14,8,11,9,14,16,11,9,11
0,12,10,10,13,44,39,55,55,57,66,78,94,103,87,74,81,53,44,37,30,20,9,7
0,0,3,9,18,23,32,28,36,51,53,78,72,72,75,71,59,58,56,51,23,10,0,0
8,10,10,12,15,39,43,31,26,47,48,55,62,70,70,63,52,56,51,14,26,26,15,13
0,0,31,46,56,86,87,53,55,61,61,61,59,76,82,87,84,64,51,54,51,14,7,7
53,21,41,60,107,188,119,67,72,73,65,70,75,82,118,216,459,138,73,64,60,53,38,11
19,31,51,71,271,576,157,108,90,85,85,94,93,101,132,447,756,210,91,66,64,58,55,53
20,48,55,97,408,793,249,141,110,107,100,90,86,85,87,100,155,96,57,36,20,49,30,14
8,13,12,54,98,140,92,65,74,82,87,71,75,71,56,60,72,50,15,50,36,11,7,13
5,10,50,53,17,70,74,67,84,81,88,72,70,75,63,63,60,50,26,11,10,4,3,0
14,11,24,3,20,53,54,59,100,119,122,122,111,117,103,68,56,51,47,21,12,20,6,0
0,0,0,0,14,64,91,86,114,129,134,134,132,130,108,84,87,47,19,4,14,14,8,0
2,0,0,0,5,49,73,89,110,126,136,134,125,105,70,65,65,11,10,9,5,14,6,0
0,0,7,0,13,53,97,80,104,117,133,130,117,95,76,76,68,14,7,3,0,0,3,0
0,2,6,8,10,60,63,84,93,103,121,148,125,124,84,71,88,64,47,9,4,0,6,7
8,6,10,12,19,37,62,116,146,143,154,155,155,139,103,74,53,46,46,28,21,4,6,10
9,1,8,13,39,57,100,132,138,126,127,184,188,157,139,105,107,82,73,14,12,0,5,2
8,0,9,12,100,107,121,153,151,153,165,171,172,154,147,142,120,75,73,38,12,2,1,0
5,1,6,25,58,109,122,134,159,175,192,195,187,177,138,131,119,111,52,33,13,0,1,7
7,6,10,28,65,76,94,134,169,189,214,222,207,182,171,153,132,123,72,54,14,7,0,0
2,3,1,37,81,86,126,136,137,141,146,150,161,193,172,160,151,113,67,39,30,9,0,5
0,5,8,57,104,111,133,137,138,129,114,123,142,160,165,154,143,123,101,57,47,9,0,0
15,10,12,62,112,114,128,132,128,125,115,110,125,136,147,147,141,119,102,76,44,6,4,2
10,14,13,64,106,119,129,130,122,121,107,104,110,116,130,141,138,122,106,89,41,11,5,7
13,16,17,74,90,113,116,124,116,112,100,82,80,106,125,117,118,112,103,70,44,7,8,2
8,13,10,61,84,103,115,125,115,106,80,59,100,103,113,113,102,114,104,89,48,13,13,3
4,10,13,46,75,110,116,113,103,87,67,55,54,68,82,106,113,114,112,100,55,10,12,3
11,12,14,52,64,91,94,85,60,53,51,50,50,61,83,97,103,106,100,99,56,18,13,12
10,12,12,32,61,109,110,96,66,57,51,36,41,49,51,68,87,123,118,68,51,12,14,9
2,7,16,28,41,127,131,95,66,65,53,13,9,50,50,59,91,137,127,59,51,11,10,4
9,8,12,35,64,125,144,102,64,53,39,1,14,12,41,52,58,70,102,69,52,12,10,8
10,12,13,32,56,73,68,46,54,46,10,9,7,12,20,29,30,50,57,53,51,12,12,7
14,12,10,42,54,57,56,52,26,17,5,8,3,4,10,5,14,13,30,48,50,15,11,0
0,6,10,43,55,62,50,39,23,14,0,0,0,2,0,0,6,8,10,13,29,13,10,8
0,2,14,26,56,53,54,38,12,12,7,6,0,0,0,4,9,8,9,7,14,9,0,2
0,5,12,40,27,45,41,17,12,10,5,4,0,5,4,8,10,12,11,10,11,0,0,2
6,5,12,35,44,28,23,10,14,5,7,11,0,7,10,8,8,1,5,2,6,6,2,0
0,0,11,27,45,14,13,13,6,9,10,12,11,10,8,7,6,10,8,5,7,2,0,0
0,0,5,23,29,12,11,14,9,3,12,10,10,8,12,14,12,7,8,7,3,7,6,0
0,6,8,25,28,10,7,6,11,8,10,11,2,0,3,10,12,11,10,9,2,7,8,5
0,0,11,14,0,7,14,6,4,10,7,5,0,4,8,2,4,0,1,8,6,1,14,12
1,5,4,23,17,2,10,8,6,3,9,3,0,0,0,4,8,4,0,9,9,9,14,13

0,14,10,10,5,2,6,3,8,0,5,0,0,0,0,5,1,0,10,7,3,3,6,6
10,11,14,14,9,0,4,14,19,26,14,15,13,10,0,0,0,0,10,10,7,7,0,4
10,22,18,50,48,16,51,34,54,56,79,95,65,60,10,14,8,10,9,13,16,11,9,11
0,12,10,10,13,44,39,55,55,57,66,79,94,103,88,74,82,53,45,37,30,20,9,7
0,0,3,9,18,23,32,28,37,51,53,78,73,72,75,72,59,58,56,51,23,10,0,0
8,10,10,12,15,39,43,31,26,46,48,56,62,71,70,63,52,56,51,14,26,27,15,13
0,0,31,46,56,87,87,53,55,61,61,61,59,76,82,87,84,64,51,54,51,14,7,7
53,21,41,60,107,190,119,67,71,73,65,70,75,82,118,216,461,139,73,64,60,53,37,11
19,31,51,71,271,574,157,108,90,85,85,94,93,101,131,443,756,210,91,66,64,59,55,53
19,48,54,97,407,793,249,141,110,107,100,90,86,85,87,100,154,96,57,35,19,49,30,14
8,13,12,54,98,140,92,65,74,82,87,71,75,71,56,60,72,50,14,50,37,11,7,13
4,10,50,53,17,70,74,68,84,81,89,72,70,75,63,63,60,51,25,11,10,4,3,0
14,11,24,3,20,53,54,59,101,120,123,123,112,117,103,67,56,50,47,21,12,20,6,0
0,0,0,0,14,64,91,86,114,130,135,135,133,131,109,84,88,47,19,4,13,14,8,0
1,0,0,0,5,49,73,90,111,127,138,136,127,106,70,65,65,11,10,9,5,14,6,0
0,0,7,0,13,53,98,81,105,118,134,131,119,96,76,76,68,14,7,3,0,0,3,0
0,2,7,8,10,60,63,84,94,104,122,148,126,125,85,71,88,63,48,9,5,0,6,7
8,6,10,12,18,37,62,116,147,144,155,157,157,140,104,74,53,46,46,28,21,4,6,10
9,1,8,13,39,57,100,132,139,127,128,185,189,158,139,105,107,81,74,14,12,0,5,2
8,0,9,12,100,107,121,153,152,154,166,172,173,154,147,142,119,75,73,38,12,2,1,0
5,1,6,24,57,108,121,134,160,175,192,195,187,177,137,130,119,111,52,33,13,0,1,7
7,6,10,27,65,75,93,134,168,188,213,221,206,181,170,152,131,122,71,53,14,7,0,0
2,3,1,35,81,86,126,136,137,141,145,149,160,192,171,159,150,113,67,38,30,9,0,5
0,5,8,55,104,111,133,137,137,129,114,123,141,159,164,153,142,124,101,57,48,9,0,0
15,10,12,62,112,114,128,132,128,125,115,110,125,136,147,147,141,119,102,76,45,6,3,2
10,14,13,64,106,119,128,130,122,121,107,104,110,115,130,141,138,122,106,89,40,11,5,8
13,15,17,73,90,113,116,124,116,112,100,82,80,106,125,117,118,112,103,70,44,7,8,2
8,13,10,61,84,103,115,125,115,106,81,59,100,103,113,113,102,114,104,89,50,13,13,3
4,10,13,46,75,110,116,112,103,87,67,55,54,68,82,106,113,114,111,100,54,10,12,3
11,12,14,52,64,91,94,85,60,53,51,50,50,61,83,97,103,106,100,98,56,19,13,12
10,12,11,32,61,108,110,96,66,57,51,37,41,49,52,68,87,123,118,68,51,12,14,9
2,7,16,28,41,127,131,95,66,65,53,13,9,50,50,59,91,137,127,59,51,11,10,5
9,8,12,35,64,125,144,102,64,53,39,1,14,12,40,52,58,70,102,69,52,12,10,8
10,12,13,33,56,73,68,46,54,46,10,9,7,12,20,30,31,50,57,53,51,12,12,7
14,13,10,42,53,57,56,52,27,17,5,8,3,4,10,5,14,14,30,48,50,15,11,0
0,6,10,43,55,62,50,38,23,14,0,0,0,2,0,0,6,8,10,13,28,12,10,8
0,2,14,26,57,53,54,38,12,12,7,6,0,0,0,4,9,8,9,7,14,9,0,2
0,5,12,40,27,45,41,17,12,10,5,4,0,5,5,8,10,12,11,10,11,0,0,2
6,5,12,35,43,28,22,10,14,5,7,11,0,7,10,8,8,1,5,3,6,6,2,0
0,0,11,27,46,14,13,13,6,9,10,12,11,10,8,7,6,9,8,5,7,2,0,0
0,0,5,23,30,12,11,14,9,3,12,10,10,8,13,14,11,7,8,7,3,7,6,0
0,6,8,25,27,10,7,6,11,8,10,11,2,0,3,9,12,11,10,9,2,7,8,5
0,0,11,14,0,7,14,6,4,10,7,6,0,4,8,2,4,0,1,8,6,1,14,12
2,5,4,23,17,2,10,8,6,3,9,3,0,0,0,4,8,4,0,9,9,9,14,13

0,14,10,10,5,2,6,3,8,0,5,0,0,0,0,5,1,0,10,7,3,3,6,6
10,11,14,14,9,0,4,14,19,27,14,17,13,10,0,0,0,0,10,10,8,7,0,4
10,22,18,50,48,16,51,35,54,57,80,94,65,60,10,14,8,10,9,13,16,11,9,11
0,12,10,10,13,44,39,55,54,57,66,79,95,103,87,74,82,53,44,37,30,21,9,7
0,0,3,9,17,23,32,28,37,51,53,78,73,72,75,71,59,57,56,51,23,10,0,0
8,10,10,12,15,39,44,31,26,47,48,56,62,71,71,63,52,56,51,14,27,26,16,13
0,0,31,46,56,86,87,53,55,61,61,61,59,76,82,87,84,64,51,54,51,14,7,7
53,22,41,60,108,189,119,67,72,73,65,70,75,82,118,216,460,139,73,64,60,53,37,11
19,31,51,71,270,574,157,108,90,85,85,94,93,101,131,442,756,210,90,66,64,58,55,53
20,48,55,97,407,793,249,142,110,107,100,90,86,85,87,100,154,96,57,36,19,48,31,14
8,13,12,54,98,140,92,65,74,83,87,71,75,71,56,60,72,50,14,50,37,11,7,13
4,10,50,53,17,69,74,67,85,81,89,72,70,75,63,63,61,50,26,11,10,4,3,0
14,11,24,3,20,53,54,59,101,120,123,123,112,118,103,68,56,50,46,19,12,19,6,0
0,0,0,0,14,64,90,87,114,130,135,135,133,131,109,84,87,47,19,4,14,14,8,0
1,0,0,0,5,48,72,91,111,127,138,136,127,106,70,65,65,11,10,9,5,14,6,0
0,0,7,0,13,53,98,81,105,118,134,131,119,96,76,76,68,14,7,3,0,0,3,0
0,2,7,8,10,60,63,84,93,104,122,148,126,125,85,71,88,63,46,8,4,0,6,7
8,6,10,12,18,38,62,116,147,144,155,156,157,140,104,74,54,46,46,28,21,4,6,10
9,1,8,13,39,57,100,132,139,127,128,185,189,158,139,105,107,81,74,14,12,0,5,2
8,0,9,12,100,107,121,153,152,154,165,171,173,154,147,142,120,75,73,38,12,2,1,0
5,1,6,24,57,109,121,134,159,175,192,195,187,177,137,130,119,111,52,33,12,0,0,7
7,6,10,28,65,75,93,134,168,189,214,221,207,182,170,153,131,123,71,54,14,7,0,0
2,3,1,36,81,86,126,136,137,141,146,149,161,192,171,159,150,113,67,38,30,9,0,5
0,5,8,56,104,111,133,137,137,129,114,123,141,159,164,153,142,123,101,57,47,9,0,0
15,10,12,61,112,114,128,132,128,125,115,110,125,136,147,147,141,120,102,75,45,6,3,2
10,14,13,64,106,119,129,130,122,121,107,104,110,115,130,141,138,122,106,89,41,11,5,7
13,15,16,73,90,113,116,124,116,112,100,81,80,106,125,117,118,112,103,70,44,7,8,2
8,13,10,61,84,103,115,125,115,106,80,60,100,103,113,113,102,114,104,89,50,13,13,3
4,10,13,46,75,110,117,113,103,87,67,55,54,69,82,106,113,114,111,100,55,10,12,3
11,12,14,52,64,91,94,85,60,53,51,50,50,61,83,97,103,106,100,98,56,17,13,12
10,12,12,32,61,109,110,96,66,57,51,36,41,49,51,68,87,123,118,68,51,12,14,9
2,7,17,28,41,127,131,95,66,65,53,13,9,50,48,59,91,137,127,59,51,11,10,5
9,8,12,35,63,125,144,102,63,53,38,1,14,12,41,52,58,70,102,69,52,12,10,8
10,13,13,32,56,73,68,46,54,47,10,9,8,12,20,29,30,50,57,53,51,12,13,7
14,12,10,42,53,57,56,52,26,17,5,8,3,4,10,5,14,13,29,47,50,15,11,0
0,6,10,43,55,62,50,38,23,14,0,0,0,2,0,0,6,8,10,13,28,13,10,8
0,2,14,26,57,53,54,37,12,12,7,6,0,0,0,4,9,8,9,7,14,9,0,2
0,5,12,42,27,45,41,15,13,10,5,4,0,5,5,8,10,12,11,10,11,0,1,2
6,5,12,35,44,28,24,10,14,5,7,11,0,7,10,8,8,1,5,2,6,6,2,0
0,0,11,27,46,14,13,13,6,9,10,11,11,10,8,7,6,9,8,5,7,2,1,0
0,0,5,23,29,12,11,14,9,3,12,10,10,8,13,14,12,7,8,7,3,7,6,0
0,6,8,26,27,10,7,6,12,8,10,11,2,0,3,10,12,11,10,9,2,7,8,5
0,0,11,14,0,7,14,6,4,10,7,5,0,4,8,1,4,0,1,8,6,1,14,12
1,5,4,23,17,2,10,8,6,4,9,3,0,0,0,4,8,4,0,9,9,9,14,13

0,14,10,10,5,2,6,3,8,0,5,0,0,0,0,5,1,0,10,6,3,3,6,6
10,11,14,14,9,0,4,14,19,29,14,14,13,10,0,0,0,0,10,10,7,7,0,4
10,21,18,48,48,16,51,35,54,57,79,94,65,60,10,14,8,10,9,13,15,11,9,11
0,12,10,10,13,44,39,56,54,57,66,79,95,103,87,74,81,53,44,37,30,21,9,7
0,0,3,9,17,23,32,28,36,51,53,77,72,72,75,72,59,57,56,51,23,10,0,0
8,10,10,12,15,39,43,31,26,46,48,55,62,71,70,63,52,56,51,14,26,26,15,13
0,1,31,46,56,86,87,53,55,61,61,61,59,76,82,87,84,64,51,54,52,14,7,7
54,22,41,60,107,189,119,67,72,73,66,71,76,82,118,216,460,139,73,64,60,54,37,11
20,31,51,71,270,574,157,108,90,85,85,94,93,101,131,444,756,210,90,66,64,59,55,53
20,48,55,97,409,793,249,142,111,107,100,90,86,86,87,100,155,96,57,35,19,48,31,14
8,13,12,54,98,140,92,65,74,83,87,71,75,71,56,60,72,50,14,50,37,11,7,13
5,10,51,53,17,70,74,67,85,81,89,72,70,75,63,63,61,50,27,11,10,4,3,0
14,11,24,3,20,53,54,59,101,120,122,123,111,117,103,67,56,51,48,20,12,20,6,0
0,0,0,0,14,64,91,87,114,129,134,134,132,130,109,84,88,47,20,4,14,14,8,0
2,0,0,0,5,49,72,90,111,126,137,135,125,105,70,65,65,11,10,9,5,14,6,0
0,0,7,0,13,53,98,80,105,118,133,131,118,95,76,76,68,14,7,3,0,0,3,0
0,2,6,8,10,60,63,84,93,103,121,148,125,124,84,71,88,64,46,9,4,0,6,7
8,6,10,12,19,38,62,116,146,143,154,155,156,139,103,74,53,46,47,28,21,4,6,10
9,1,8,13,39,57,100,132,138,126,128,184,188,157,139,105,107,81,74,14,12,0,5,2
8,0,9,12,100,107,121,153,151,153,165,171,173,154,146,142,120,76,73,38,12,2,1,0
5,1,6,25,58,109,122,134,159,175,192,195,187,177,138,131,119,111,52,33,13,0,0,7
7,6,10,28,65,76,94,134,169,189,214,222,207,182,171,153,132,123,72,53,14,7,0,0
2,3,1,37,81,86,126,136,138,142,146,151,161,193,172,160,151,113,67,39,30,9,0,5
0,5,8,57,104,111,133,137,138,130,114,123,142,160,165,154,143,124,101,57,47,9,0,0
15,10,12,62,112,114,128,132,128,125,115,110,125,136,147,148,141,119,102,75,44,6,3,2
10,14,13,64,106,120,129,130,122,121,107,104,110,116,130,141,138,122,106,89,41,11,5,7
13,16,17,74,90,113,116,124,116,112,100,82,79,106,125,117,118,112,103,69,46,7,8,2
8,13,10,61,84,103,115,125,115,106,80,59,100,103,113,113,102,114,104,89,48,13,13,3
4,10,13,46,75,110,117,112,103,87,67,55,54,68,82,106,113,114,112,100,54,10,12,2
11,12,14,52,64,91,94,85,60,53,51,50,50,61,84,97,103,106,100,99,56,18,13,12
10,12,12,32,61,108,110,96,66,57,51,36,41,49,51,68,87,123,118,68,51,12,14,9
2,7,16,28,41,127,131,95,66,65,53,13,9,51,50,60,91,137,127,59,51,11,10,4
9,8,12,35,64,125,144,102,63,53,39,1,14,12,41,52,58,70,102,69,52,12,10,9
10,12,13,33,56,72,68,46,54,46,10,10,8,12,20,30,30,50,57,53,51,13,13,7
14,13,10,42,53,57,56,52,26,17,5,8,3,4,10,5,14,14,30,48,50,15,11,0
0,6,10,43,55,62,50,38,23,14,0,0,0,2,0,0,6,9,10,13,28,13,10,8
0,2,14,26,57,53,54,37,12,12,7,6,0,0,0,4,9,8,9,7,14,9,0,2
0,5,12,40,27,45,42,16,12,10,5,4,0,5,4,8,10,12,11,10,11,0,1,2
6,5,12,35,44,28,23,10,14,5,7,11,0,7,10,8,8,1,5,3,6,6,2,0
0,0,11,27,47,14,13,13,6,9,10,12,11,10,8,7,7,9,8,5,7,2,1,0
0,0,5,22,29,12,11,14,9,3,12,10,10,8,13,14,12,7,8,7,3,7,6,0
0,6,8,25,28,10,7,6,11,8,10,11,2,0,3,10,12,11,10,9,2,7,8,5
0,0,11,14,0,7,14,6,4,10,7,5,0,4,8,2,4,0,1,8,6,1,14,12
1,5,4,22,17,2,10,8,6,3,9,2,0,0,0,4,8,4,0,9,9,9,14,13

0,14,10,10,5,2,6,3,8,0,5,0,0,0,0,5,1,0,10,7,3,3,6,6
10,11,14,14,9,0,4,14,19,27,14,15,13,10,0,0,0,0,10,10,7,7,0,4
10,21,18,48,48,16,51,35,54,57,80,95,65,60,10,14,8,11,9,13,17,12,9,11
0,12,10,10,13,44,39,55,55,57,66,79,94,103,87,74,81,53,45,37,30,21,9,8
0,0,3,9,18,23,33,29,36,51,53,78,72,72,75,71,59,57,56,51,23,10,0,0
8,10,10,12,15,39,43,30,26,47,48,55,62,70,70,63,52,56,51,14,26,26,15,13
0,0,31,46,56,86,87,53,55,61,60,61,59,76,82,87,84,64,51,54,52,14,7,7
54,22,41,60,107,188,118,67,71,73,65,70,75,82,118,217,460,139,73,64,60,53,37,12
20,31,51,71,269,574,157,108,90,85,86,94,93,101,132,448,756,212,91,66,64,59,55,53
19,48,55,97,410,793,251,142,111,107,100,90,86,85,87,101,156,97,57,35,19,50,31,14
8,13,12,54,98,141,92,66,74,83,87,71,75,71,56,60,72,50,14,50,37,11,7,13
5,10,51,53,18,70,74,68,84,81,88,71,69,74,62,63,61,51,27,11,10,4,3,1
14,11,24,3,20,53,54,58,100,119,120,121,109,115,102,67,56,51,50,21,12,21,6,0
0,0,0,0,14,66,90,85,113,128,133,133,131,129,108,84,86,48,20,4,13,14,8,0
2,0,0,0,5,48,73,89,110,125,135,134,124,105,69,65,65,11,10,9,5,14,6,0
0,0,7,0,13,53,97,80,104,117,132,130,117,95,76,76,68,14,8,3,0,0,3,0
0,2,6,8,10,60,63,83,93,103,120,147,125,124,84,71,88,64,46,9,4,0,6,7
8,6,10,12,18,37,62,115,145,143,154,155,155,139,103,74,53,46,46,28,21,4,6,10
9,1,8,13,39,57,100,132,138,126,127,184,188,157,139,105,107,81,73,14,12,0,5,2
8,0,9,12,100,107,121,153,151,153,165,171,172,154,147,142,120,75,73,38,12,2,1,0
5,1,6,25,58,109,122,134,159,175,192,195,187,178,138,131,120,111,52,33,13,0,1,7
7,6,10,28,65,76,94,134,169,189,215,222,208,182,171,154,132,123,72,53,14,6,0,0
2,3,1,37,81,86,126,136,137,142,147,151,162,193,172,160,151,113,67,38,30,9,0,5
0,6,8,58,104,111,133,137,138,130,114,123,142,160,165,154,143,124,102,58,47,9,0,0
15,10,12,62,112,114,128,132,128,125,115,110,125,136,147,148,141,119,102,75,44,6,3,2
10,14,13,64,106,120,128,130,122,121,107,104,110,116,130,141,138,122,106,88,40,11,5,7
13,16,17,74,90,113,116,124,116,112,100,82,80,106,125,117,118,112,103,70,46,7,8,2
8,13,10,61,84,104,115,125,115,106,80,60,100,103,113,113,102,114,104,88,50,13,13,4
4,10,13,46,75,110,117,113,103,88,67,55,54,68,82,106,113,114,112,100,55,10,12,3
11,12,14,52,64,91,95,85,60,53,51,50,50,61,84,97,103,106,100,98,56,18,13,12
10,12,12,33,61,109,110,96,66,57,51,36,41,49,51,68,87,124,118,68,51,12,14,9
2,7,17,28,41,127,131,95,66,65,53,13,9,51,48,59,91,137,127,59,51,11,10,4
9,8,12,35,63,125,144,102,63,53,39,1,14,12,41,52,58,70,102,69,52,12,10,9
10,12,13,32,56,73,68,46,54,46,10,9,8,12,20,30,31,50,56,53,51,13,12,7
14,12,10,42,54,57,55,52,26,16,5,7,3,4,10,5,14,14,29,48,50,15,11,0
0,6,10,43,55,62,50,38,23,14,0,0,0,2,0,0,6,8,10,13,28,13,10,8
0,2,14,26,57,53,54,37,12,12,7,6,0,0,0,4,9,8,9,7,14,9,0,2
0,5,12,41,27,45,40,15,12,10,5,4,0,5,4,8,10,12,11,10,11,0,1,2
6,5,12,35,44,28,23,10,14,4,7,11,0,7,10,8,8,1,5,3,6,6,2,0
0,0,11,27,45,14,13,13,5,9,10,11,11,10,8,7,6,9,8,5,7,2,0,0
0,0,5,24,30,12,11,14,9,4,12,10,10,8,13,14,12,7,8,7,3,7,6,0
0,6,8,26,28,10,7,6,11,8,10,11,2,0,3,9,12,11,10,9,2,7,8,5
0,0,11,14,0,7,14,6,3,10,7,5,0,4,8,2,4,0,1,8,6,1,14,12
1,5,4,23,17,2,10,8,6,4,9,3,0,0,0,4,7,4,0,9,9,9,14,13

0,14,10,10,5,2,6,3,8,0,5,0,0,0,0,5,1,0,10,7,3,3,6,6
10,11,14,14,9,0,4,14,19,26,14,14,13,10,0,0,0,0,10,10,7,7,0,4
10,21,17,48,48,16,51,35,54,56,80,94,65,60,10,14,8,11,9,13,16,11,9,11
0,12,10,10,13,44,39,55,54,57,66,78,95,103,87,73,81,53,44,37,30,21,9,8
0,0,3,9,17,23,32,29,36,51,53,77,73,72,75,71,59,57,55,51,24,10,0,0
8,10,10,12,15,39,43,31,26,47,48,55,62,70,70,62,52,56,51,14,26,27,16,13
0,0,31,46,56,86,87,53,55,61,61,61,59,76,82,87,84,64,51,54,52,14,7,7
53,22,41,60,107,188,118,67,71,73,65,70,75,82,118,217,460,139,73,64,60,53,38,11
20,31,51,71,269,574,157,108,90,85,86,94,93,101,132,449,756,212,91,66,64,59,56,53
20,48,55,97,411,793,252,142,111,107,100,90,86,85,87,101,157,97,57,36,19,50,31,14
8,13,12,54,98,141,92,65,74,82,87,71,75,71,56,60,72,50,14,50,37,11,7,13
5,10,51,53,17,70,74,67,84,80,88,71,69,74,62,63,61,50,27,11,10,4,3,1
14,11,24,3,21,53,54,59,100,118,120,120,109,115,102,67,56,51,48,20,12,20,6,0
0,0,0,0,14,65,90,85,113,128,132,132,130,129,108,84,87,50,20,4,14,14,8,0
2,0,0,0,5,48,72,89,110,125,135,133,124,104,69,65,64,11,10,9,5,14,6,0
0,0,7,0,13,53,97,80,104,116,132,130,117,94,76,75,69,14,8,3,0,0,3,0
0,2,6,8,10,60,63,83,92,102,120,147,125,123,84,71,88,64,46,9,5,0,6,7
8,6,10,12,18,37,62,115,145,142,153,155,155,139,103,74,53,46,46,28,21,4,6,10
9,1,8,13,39,57,100,132,138,126,127,183,188,157,139,105,107,82,74,14,12,0,5,2
8,0,9,12,100,107,121,152,151,153,164,171,172,153,147,143,120,76,73,38,12,2,1,0
5,1,6,25,58,109,122,134,159,175,192,195,187,178,138,131,120,111,52,33,13,0,1,7
7,6,10,28,65,76,94,134,169,189,215,223,209,183,172,154,132,123,72,53,14,7,0,0
2,3,2,37,81,87,126,136,138,142,147,151,162,194,172,160,151,113,67,39,30,9,0,5
0,6,8,58,104,111,134,137,138,130,114,123,142,160,165,154,143,124,101,57,45,9,0,0
15,10,12,62,112,115,128,132,128,125,115,110,125,136,147,148,141,120,102,76,45,6,4,2
10,14,13,64,106,120,129,130,122,121,107,104,110,116,130,141,138,122,106,89,41,11,5,7
13,16,17,73,90,113,116,124,116,112,100,82,80,106,125,117,118,112,103,70,44,7,8,2
8,13,10,61,84,103,115,125,115,106,80,59,100,103,113,113,102,114,104,89,50,13,13,4
4,10,13,47,75,110,117,113,103,88,68,55,54,69,82,106,113,114,112,100,55,10,12,3
11,12,14,52,64,91,94,85,59,53,51,50,50,61,83,97,103,106,100,98,56,17,13,12
10,12,12,33,61,109,110,96,66,57,51,36,41,50,52,68,87,124,118,68,51,12,14,9
2,7,17,28,41,127,131,95,66,65,53,13,9,50,50,59,91,137,127,59,51,11,10,4
9,8,12,35,63,125,144,102,64,53,38,1,14,12,40,52,58,70,102,69,52,12,10,8
10,12,13,31,56,72,68,46,54,47,10,10,8,12,20,30,30,50,56,53,51,13,12,7
14,12,10,42,54,57,55,52,27,17,5,8,3,4,10,5,14,13,30,48,50,15,11,0
0,6,10,43,55,62,50,38,24,14,0,0,0,2,0,0,6,9,10,13,27,13,10,8
0,2,14,26,57,53,54,37,12,12,7,6,0,0,0,4,9,8,9,7,14,9,0,2
0,5,12,41,27,44,41,15,12,10,5,4,0,5,4,8,10,12,11,10,11,0,1,2
6,5,12,35,44,28,23,10,14,4,7,11,0,7,10,8,8,1,5,3,6,6,2,0
0,0,11,26,45,14,13,13,5,9,10,11,11,10,8,7,7,9,8,5,7,2,0,0
0,0,5,24,29,12,11,14,9,3,12,10,10,8,12,14,12,7,8,7,3,7,6,0
0,6,8,26,26,10,7,6,11,8,10,10,2,0,3,10,12,11,10,9,2,7,8,5
0,0,11,14,0,7,14,6,3,10,7,5,0,4,8,2,4,0,1,8,6,0,14,12
2,5,4,23,17,2,10,8,6,4,9,3,0,0,0,4,8,4,0,9,9,9,14,13

0,14,10,10,5,2,6,4,8,0,5,0,0,0,0,5,1,0,10,7,3,4,6,6
10,11,14,14,9,0,4,14,19,24,14,14,13,10,0,0,0,0,10,10,7,6,0,4
10,22,18,48,48,16,51,35,54,57,80,95,65,60,10,14,8,11,9,14,17,12,10,11
0,12,10,10,13,44,39,55,54,57,66,79,94,103,87,73,81,53,45,37,30,21,9,8
0,0,3,9,18,23,33,29,36,51,53,78,73,72,75,71,59,58,56,51,24,10,0,0
8,10,10,12,15,38,43,31,26,47,48,55,62,70,70,62,52,56,51,14,27,26,16,13
0,0,31,46,56,85,86,53,55,61,61,61,59,76,82,86,84,64,51,54,52,14,7,7
53,22,41,60,108,187,118,67,71,73,65,70,75,82,118,217,460,139,73,64,60,54,39,12
20,31,51,72,269,576,157,108,90,85,85,94,93,101,132,450,756,212,91,66,64,59,56,53
20,49,55,97,411,793,251,142,111,107,100,90,86,86,87,101,157,97,57,35,19,48,30,14
8,13,12,54,99,141,92,66,74,83,87,71,75,71,56,60,72,50,14,51,38,11,7,13
5,10,51,53,18,69,74,67,83,80,87,70,69,74,62,63,61,51,27,11,10,4,3,1
14,11,24,3,20,53,54,59,100,118,120,120,108,115,102,67,56,51,48,21,12,19,6,0
0,0,0,0,14,66,90,84,113,127,131,132,130,128,107,84,87,50,20,4,13,14,8,0
2,0,0,0,5,48,72,88,109,124,134,133,124,104,69,65,64,11,10,9,5,14,6,0
0,0,7,0,14,52,97,80,103,116,131,129,116,94,75,75,68,14,8,3,0,0,3,0
0,2,6,8,10,60,63,83,92,102,120,147,124,123,84,71,88,64,47,9,5,0,6,7
8,6,10,12,19,37,61,115,144,142,153,154,154,138,103,74,53,47,46,28,21,4,6,10
9,1,8,13,39,57,100,131,138,126,127,183,188,157,139,105,107,82,74,14,12,0,5,2
8,0,9,12,101,107,121,152,150,152,164,170,172,153,147,143,120,76,73,38,12,2,1,0
5,1,6,25,58,109,122,134,159,174,192,195,187,178,138,132,120,111,52,33,13,0,1,7
7,7,10,28,65,76,94,134,169,189,215,223,209,183,172,155,132,123,72,53,14,7,0,0
2,3,2,38,81,87,126,137,138,142,147,152,163,194,172,160,152,113,67,39,30,9,0,5
0,6,8,58,104,111,134,137,138,130,114,124,143,160,165,154,143,124,102,58,47,9,0,0
15,10,12,62,112,115,129,132,128,125,115,110,125,136,147,148,141,120,102,76,45,7,4,2
10,14,13,65,106,120,129,130,122,121,107,104,110,116,130,141,138,122,106,89,40,11,5,7
13,16,17,74,90,113,116,124,116,112,100,82,80,106,125,117,118,112,103,70,43,7,8,2
8,13,10,61,84,103,115,126,115,106,81,59,100,103,113,113,102,114,104,88,50,13,13,4
4,10,13,46,75,110,117,113,103,87,67,55,54,68,82,106,113,114,112,100,54,10,12,2
11,12,14,52,64,91,95,85,60,53,51,50,50,61,84,97,103,106,100,98,56,17,13,12
10,12,12,33,61,109,110,97,66,57,51,36,41,49,52,69,87,124,118,68,51,12,14,9
2,7,16,28,41,127,132,96,66,65,53,13,9,50,48,59,91,137,127,59,51,11,10,4
9,8,12,35,63,125,144,102,63,53,40,1,14,12,40,52,58,70,102,69,52,12,10,8
10,12,13,32,56,73,68,46,54,46,10,9,8,12,20,29,31,50,57,53,51,13,12,7
14,13,10,42,53,57,55,52,26,16,5,7,3,4,10,5,14,13,29,48,50,15,11,0
0,6,10,44,55,62,50,39,24,14,0,0,0,2,0,0,6,8,10,13,28,13,10,8
0,2,14,26,57,53,54,36,12,12,7,6,0,0,0,4,9,8,9,7,14,9,0,2
0,5,12,42,27,45,41,16,12,10,5,4,0,5,4,8,10,12,11,10,11,0,1,2
6,5,12,35,44,28,23,10,14,4,7,11,0,7,10,8,8,0,5,3,6,6,2,0
0,0,11,27,46,14,13,13,6,9,10,12,11,10,8,7,6,9,8,5,7,2,1,0
0,0,5,23,29,12,11,14,9,3,12,10,10,8,12,14,11,7,8,7,3,7,6,0
0,6,8,25,27,10,7,6,11,8,10,11,2,0,3,10,12,11,10,9,2,7,8,5
0,0,11,14,0,7,14,6,3,10,7,5,0,4,8,2,4,0,1,8,6,0,14,12
1,5,4,23,17,2,10,8,6,4,9,3,0,0,0,4,8,4,0,9,9,9,14,13
