6,3,0,3,4,12,8,14,28,51,55,85,102,64,39,32,13,12,8,0,1,0,0,0
6,2,0,1,5,14,19,31,51,51,74,110,129,80,59,41,35,26,5,8,1,0,0,6
0,0,0,0,0,11,8,12,37,48,63,69,105,97,52,43,22,10,6,3,0,0,2,0
1,2,0,0,0,0,0,0,1,4,9,14,12,12,7,8,3,0,2,0,0,0,0,0
0,0,0,0,0,0,0,0,1,0,9,8,0,6,7,0,2,7,0,0,0,0,0,0
0,2,10,14,33,51,54,51,53,53,50,33,45,43,35,35,41,52,14,18,9,0,0,0
8,9,12,51,50,64,71,70,72,68,83,67,62,69,50,64,58,63,34,13,7,0,0,0
0,4,7,65,45,58,64,87,106,119,122,110,81,60,78,89,86,69,42,12,13,11,4,1
0,0,22,22,57,54,60,87,142,179,188,156,103,100,119,119,108,74,11,7,8,6,0,0
8,19,51,50,23,16,73,100,157,199,232,226,139,154,163,149,138,93,38,13,9,7,11,7
13,26,25,30,11,21,51,98,126,164,209,199,143,166,157,138,106,70,53,10,10,0,6,5
13,50,7,8,9,13,44,64,119,144,181,180,159,171,146,130,101,56,18,14,2,10,0,0
45,50,5,10,4,12,23,58,103,148,155,167,169,158,154,133,103,46,12,12,17,7,13,1
50,56,3,14,12,13,34,73,105,134,147,150,146,148,144,127,104,65,11,7,4,9,2,3
48,76,13,13,9,10,29,68,68,78,118,134,142,138,131,113,87,55,11,10,11,0,0,2
31,44,12,7,0,0,13,61,70,75,97,117,136,139,110,83,60,61,13,10,12,11,11,0
18,25,12,12,13,28,45,57,62,83,112,112,129,93,90,76,59,52,8,8,9,12,5,7
13,33,29,30,32,33,37,40,56,98,137,136,132,130,93,83,53,34,13,12,13,30,14,6
6,14,12,10,11,14,20,32,53,86,120,139,118,85,74,107,58,18,5,13,16,35,14,9
13,15,14,15,14,15,47,58,78,73,108,135,126,105,92,104,103,75,13,14,29,68,14,7
15,26,15,15,15,22,44,59,53,60,123,144,133,122,108,105,101,100,41,14,33,50,14,5
9,18,13,12,13,35,42,50,60,66,96,132,116,104,74,90,90,69,48,16,26,40,25,6
7,7,13,22,24,34,43,51,60,76,68,118,109,87,103,103,108,125,62,16,14,38,13,6
6,2,9,14,56,26,79,90,101,100,102,101,102,102,110,117,121,121,87,41,10,12,9,0
9,6,9,39,60,100,78,95,101,100,85,75,100,102,114,126,122,119,100,43,5,0,0,2
12,11,14,50,68,102,100,101,101,90,85,80,97,102,109,116,120,119,109,72,2,0,0,0
12,14,23,63,69,92,85,73,46,71,64,60,66,69,101,107,114,112,102,57,3,0,7,0
4,12,44,81,101,103,100,58,57,60,69,66,56,69,79,114,121,115,109,51,0,0,0,1
9,13,54,98,105,105,104,65,27,51,53,31,51,55,66,110,123,114,101,41,1,0,0,0
7,13,77,92,106,69,66,56,54,50,44,44,42,40,39,53,89,74,65,7,4,0,7,0
10,14,60,61,60,60,51,40,43,46,39,36,30,30,31,34,48,68,130,41,6,0,0,0
0,7,11,52,55,54,11,9,10,11,11,11,10,6,6,8,12,64,85,37,11,0,4,0
6,5,11,13,54,51,32,13,13,0,5,1,5,3,12,6,14,30,33,28,5,0,0,3
0,0,0,0,14,50,37,4,5,10,0,0,0,6,13,30,23,27,41,25,0,0,0,6
0,0,0,0,7,39,14,3,0,10,3,0,4,6,12,14,8,28,14,14,7,0,10,7
1,0,0,0,2,19,9,4,2,3,0,0,0,5,13,0,15,12,29,8,4,6,4,0
0,0,2,4,10,11,11,4,0,0,0,0,0,5,5,3,14,15,12,11,0,3,2,0
0,0,0,5,4,2,3,4,0,0,7,0,0,0,7,0,9,11,17,6,6,0,0,0
0,1,0,0,0,0,0,3,9,7,0,3,6,10,0,0,2,11,7,8,0,0,0,4
0,0,3,6,12,6,4,0,0,1,10,10,2,6,1,0,0,10,10,13,0,0,0,0
0,0,8,13,39,11,2,13,12,11,3,0,10,8,1,3,9,9,12,6,0,0,0,0
0,8,10,32,26,12,10,8,6,0,8,1,9,5,0,0,0,12,14,13,0,0,0,7
7,9,14,51,13,8,0,0,0,4,5,5,0,0,0,4,0,14,22,17,10,0,0,0
6,13,64,21,12,5,7,5,5,1,0,0,0,3,0,0,0,7,19,26,19,6,4,5

6,4,0,3,3,12,8,14,29,50,56,85,102,64,39,33,13,12,8,0,1,0,0,0
7,4,3,0,5,14,19,30,50,51,74,110,129,79,59,41,35,25,5,8,1,0,0,6
0,0,0,0,2,10,7,11,34,47,62,69,105,95,52,42,21,10,6,2,0,0,2,0
3,3,0,0,0,0,0,0,1,4,9,14,12,11,7,7,4,0,2,0,0,0,0,0
0,0,0,0,0,0,0,0,1,0,8,8,0,6,7,0,2,8,0,0,0,0,0,0
0,4,10,13,34,51,53,46,53,51,47,31,45,44,36,43,42,55,17,18,10,0,0,0
9,9,11,50,50,63,67,67,71,71,85,67,63,70,51,65,58,65,49,13,7,0,0,0
0,4,6,65,42,58,64,88,104,118,125,112,82,60,78,90,87,70,42,12,13,11,4,1
0,0,11,50,56,55,61,84,128,166,184,160,105,100,119,118,108,75,11,6,8,6,0,0
8,14,50,51,28,44,73,90,131,175,219,229,143,159,163,146,136,92,33,12,8,7,11,7
12,19,34,24,12,28,53,96,114,145,193,194,141,171,156,135,102,69,52,10,10,0,6,4
8,18,18,4,10,14,46,67,117,137,172,172,152,167,141,125,96,54,15,13,0,8,0,0
35,43,11,12,10,13,41,63,105,147,151,159,154,149,146,126,100,43,10,10,17,6,12,0
45,51,11,13,11,13,51,100,108,132,143,144,139,140,137,121,102,61,9,6,3,11,5,3
46,59,13,10,6,9,50,78,70,76,112,127,135,130,124,109,81,50,11,7,11,3,3,1
42,37,11,7,0,0,37,68,71,73,92,109,127,132,104,78,59,57,14,10,12,13,20,0
26,18,10,11,13,22,51,62,63,81,107,105,123,86,86,73,58,52,10,11,10,14,28,9
23,34,27,26,30,30,38,46,61,100,135,130,124,120,88,79,51,33,16,14,13,32,28,10
50,38,11,11,9,13,50,51,56,95,123,141,117,83,73,106,56,17,5,11,10,31,32,12
23,23,13,10,13,40,52,83,102,85,115,144,132,106,92,104,102,72,12,12,10,38,62,8
23,26,7,14,18,31,53,71,59,70,139,167,148,130,113,108,101,100,36,13,12,29,55,7
7,13,11,11,25,51,62,69,77,84,113,150,136,117,84,100,95,66,44,22,12,30,51,18
3,2,10,15,35,54,72,88,90,90,77,131,114,97,106,110,109,122,59,14,5,17,24,11
8,11,8,47,77,78,103,106,107,102,103,102,103,103,116,123,121,119,76,13,9,12,11,0
3,5,12,55,76,106,102,107,106,102,75,59,100,103,119,129,122,115,77,19,4,0,1,3
12,10,16,45,73,104,102,105,104,100,63,56,86,103,112,118,119,116,105,34,0,0,0,0
12,14,16,51,59,96,100,100,100,83,43,40,59,83,105,109,113,110,100,13,2,0,9,0
5,12,28,54,90,103,102,71,82,60,56,55,54,77,102,117,120,111,104,13,0,0,0,1
12,12,21,53,100,106,108,103,64,51,47,14,50,59,93,114,121,108,75,18,0,0,0,0
10,11,16,40,94,82,88,80,65,47,33,37,35,42,52,68,99,69,50,1,2,0,7,1
12,12,26,14,69,64,68,61,54,44,32,28,21,36,50,68,70,85,100,13,4,0,0,0
2,6,8,12,31,53,58,54,30,7,4,4,1,6,14,57,65,88,60,27,11,0,7,0
9,4,0,4,13,50,55,51,33,1,0,0,0,0,15,57,70,47,22,13,3,0,0,4
3,0,0,0,4,23,51,40,7,1,0,0,0,0,19,54,55,50,14,6,0,0,4,6
0,0,0,0,0,12,42,18,8,5,0,0,0,0,33,45,51,58,11,8,7,0,11,8
0,0,0,0,0,13,37,12,4,0,0,0,0,7,27,41,50,28,11,0,4,4,4,0
0,0,1,3,8,13,13,9,0,0,0,0,3,0,11,24,50,39,8,6,0,4,4,2
0,0,0,7,5,4,5,3,0,0,9,0,0,1,11,9,50,24,11,0,6,0,1,0
0,0,0,0,0,0,0,5,10,8,0,3,13,6,0,12,27,14,5,5,0,0,0,6
0,0,4,5,12,9,8,0,0,3,7,9,4,0,5,9,15,29,11,9,0,0,0,0
0,0,6,12,32,13,5,13,13,10,0,0,4,11,0,5,13,14,9,0,0,0,0,0
1,9,9,28,31,12,10,9,8,0,8,0,7,4,0,0,8,28,13,5,0,0,3,7
7,6,14,51,13,9,0,0,1,5,4,4,0,0,0,0,0,42,30,6,0,0,0,1
5,12,61,15,12,2,5,6,6,3,1,0,0,1,0,0,0,12,27,22,13,3,3,5

6,3,0,3,3,12,8,15,29,51,56,87,104,65,40,33,13,12,8,0,1,0,0,0
7,4,3,1,5,14,20,33,51,51,74,110,129,80,59,42,36,26,5,8,1,0,0,6
0,0,0,0,0,10,8,12,37,48,62,69,105,96,52,43,21,10,6,2,0,0,3,0
3,3,0,0,0,0,0,0,1,4,9,14,12,11,7,8,3,0,2,0,0,0,0,0
0,0,0,0,0,0,0,0,1,0,8,9,0,7,8,0,3,8,0,0,0,0,0,0
0,3,10,14,39,53,55,51,53,51,48,31,45,46,40,44,45,64,50,28,9,0,0,0
8,9,11,50,52,63,68,67,69,69,83,65,62,70,52,64,57,64,50,14,7,0,0,0
0,3,6,65,42,58,64,87,102,114,123,111,81,60,77,86,83,68,34,11,13,10,4,1
0,0,11,51,56,54,61,82,123,158,179,158,104,97,114,113,103,72,11,6,8,6,0,0
7,14,51,51,30,45,72,86,124,166,214,227,142,156,157,139,131,89,29,12,8,7,10,6
12,20,36,24,12,30,54,95,110,141,190,193,140,168,152,131,101,68,52,10,10,0,6,5
8,20,17,5,10,14,46,68,118,136,172,171,153,167,139,124,95,54,14,12,1,10,0,0
36,43,11,13,10,13,45,65,107,148,152,158,153,149,145,125,100,43,9,10,18,13,13,0
47,51,11,12,11,14,52,100,110,132,142,144,138,138,136,121,102,60,8,7,4,14,6,3
47,59,13,9,6,10,51,81,70,76,112,126,134,129,123,108,81,50,11,7,12,10,4,2
43,39,11,7,0,0,45,70,72,73,92,108,126,131,103,77,59,57,13,9,14,27,21,0
25,18,11,11,13,25,52,63,63,81,106,104,122,85,85,72,58,52,12,10,12,38,26,9
23,35,28,26,30,32,38,46,62,101,135,129,122,119,87,79,51,33,14,14,14,35,28,8
50,46,11,11,10,13,43,48,56,96,123,141,116,82,73,106,56,17,5,11,11,35,32,13
23,29,14,11,13,37,51,78,101,85,115,144,132,106,92,104,103,79,13,12,12,53,69,8
22,28,8,15,18,30,52,69,58,71,139,168,148,131,114,108,102,101,40,14,12,39,54,6
7,13,11,11,30,53,61,68,76,87,115,152,138,118,86,101,98,68,46,23,12,33,49,14
2,2,11,16,36,54,72,89,93,99,84,135,118,100,108,111,110,123,60,14,5,16,21,9
9,11,8,50,79,79,103,107,107,103,104,103,104,105,118,124,122,120,81,14,9,12,10,0
3,5,12,59,78,106,102,107,106,103,95,68,101,105,121,130,122,116,85,27,4,0,0,2
12,10,17,50,76,104,102,105,104,101,86,68,91,104,113,119,119,117,106,45,0,0,0,0
12,14,18,54,63,97,100,100,100,98,56,48,61,85,105,109,112,110,100,14,2,0,8,0
5,12,31,58,95,103,102,70,81,63,62,57,54,76,101,116,120,111,105,14,0,0,0,1
12,13,24,58,102,107,107,102,62,51,50,17,50,58,89,113,120,108,80,24,0,0,0,0
10,12,26,55,104,82,84,75,63,47,36,38,37,41,50,66,97,69,53,4,3,0,7,1
12,12,38,54,87,63,66,58,52,45,35,30,26,36,46,66,71,99,115,14,5,0,0,0
1,6,9,23,51,58,57,51,14,8,3,3,9,7,12,52,62,96,73,30,11,0,7,0
9,4,6,8,24,53,54,46,17,0,0,0,0,0,13,53,68,49,29,14,5,0,0,3
2,0,0,0,5,32,52,33,4,1,0,0,0,0,13,53,52,50,24,7,0,0,3,5
0,0,0,0,0,14,44,14,5,6,0,0,0,0,23,42,49,59,13,8,7,0,10,7
0,0,0,0,0,13,32,12,3,0,0,0,0,6,19,28,49,27,13,0,3,3,4,0
0,0,0,2,8,12,12,8,0,0,0,0,2,0,7,15,49,37,9,5,0,4,4,1
0,0,0,5,4,2,2,2,0,0,8,0,0,0,8,6,39,19,13,0,5,0,0,0
0,1,0,0,0,0,0,4,10,9,0,3,13,4,0,8,14,14,6,6,0,0,0,5
0,0,4,7,11,5,7,0,0,3,7,10,4,0,5,6,12,25,11,10,0,0,0,0
0,1,5,9,18,9,4,12,13,11,0,0,4,11,0,3,12,12,9,0,0,0,0,0
0,9,9,25,14,10,10,7,9,0,7,0,8,4,0,0,5,14,13,7,0,0,1,6
7,7,19,47,11,8,0,0,0,6,5,6,0,0,0,0,0,23,25,9,3,0,0,1
6,13,64,14,12,3,5,6,6,3,2,0,1,2,0,0,0,10,25,24,13,4,4,5

6,3,0,3,3,12,8,15,28,51,56,86,103,64,40,33,13,13,8,0,1,0,0,0
7,4,3,1,5,14,20,33,51,51,74,110,128,80,59,42,35,26,5,8,1,0,0,6
0,0,0,0,0,10,8,12,37,48,63,69,105,96,52,43,21,10,6,3,0,0,3,0
3,3,0,0,0,0,0,0,1,4,9,14,12,12,7,7,3,0,2,0,0,0,0,0
0,0,0,0,0,0,0,0,0,0,8,10,0,7,7,0,2,8,0,0,0,0,0,0
0,3,10,14,40,54,55,51,53,51,47,30,43,46,39,42,45,65,48,27,9,0,0,0
8,9,11,50,52,64,69,67,68,68,82,62,60,69,51,64,57,64,50,13,6,0,0,0
0,3,6,65,44,58,64,86,100,111,121,110,79,59,76,85,82,68,31,11,13,10,3,0
0,0,11,51,56,54,61,81,120,153,175,157,102,96,112,111,102,71,11,6,8,6,0,0
7,14,52,52,31,45,72,85,122,163,214,230,142,156,155,137,129,88,29,12,8,7,11,7
12,20,35,25,13,28,53,94,108,139,190,195,140,169,150,130,100,68,52,10,10,0,6,5
8,22,18,5,10,14,44,67,116,134,172,173,155,168,139,124,94,54,14,12,1,11,1,0
38,42,11,14,10,13,42,63,105,146,151,158,153,150,145,125,100,42,9,9,19,15,13,0
47,51,11,13,11,14,50,97,108,131,142,143,137,137,136,120,102,59,8,6,4,17,6,4
48,60,13,9,6,10,51,77,69,75,111,125,133,128,122,108,80,48,11,5,12,11,5,2
43,39,11,7,0,0,40,68,71,72,91,107,125,130,102,77,59,55,12,9,14,30,23,0
26,19,11,12,13,25,52,62,63,80,105,103,121,84,84,72,58,52,12,11,13,43,31,9
24,35,29,26,31,32,38,45,61,99,134,128,122,118,87,79,51,32,15,14,16,36,28,8
51,48,12,11,10,13,43,45,55,94,122,140,116,82,73,106,56,18,7,11,11,36,33,13
24,30,14,10,14,37,51,74,98,82,115,143,130,105,91,104,103,80,14,12,13,53,70,8
23,28,9,21,22,34,54,66,56,69,137,163,145,128,113,108,102,102,41,16,12,40,54,6
7,12,11,13,43,60,65,68,70,82,111,147,133,115,84,101,100,70,48,25,12,33,50,14
2,0,11,21,40,60,76,88,87,88,74,128,113,97,107,111,111,126,62,19,5,15,21,8
9,11,10,55,85,89,104,107,107,102,102,101,103,104,118,124,123,122,87,47,9,11,10,0
3,4,13,73,93,107,102,107,106,102,84,67,100,103,120,131,124,118,96,44,6,0,0,1
12,11,27,55,89,105,102,105,104,100,82,71,91,103,112,119,121,119,108,78,3,0,0,0
12,18,30,61,70,100,100,100,95,86,60,53,61,76,104,109,113,111,101,60,3,0,8,0
5,13,43,67,101,104,102,67,74,60,64,60,54,69,95,115,120,112,107,52,0,0,0,0
12,14,33,70,106,108,106,100,54,51,51,20,50,54,74,110,119,109,88,42,3,0,0,0
10,13,42,84,111,84,81,68,58,47,38,40,38,40,43,60,91,70,60,13,4,0,7,1
12,13,50,80,79,63,63,53,49,46,36,32,26,28,27,46,62,95,161,55,8,0,0,0
1,7,11,51,54,60,55,24,11,10,9,9,11,12,11,12,14,83,111,40,12,0,8,0
8,6,6,2,51,55,52,21,11,0,0,1,3,4,9,9,54,44,36,39,4,0,0,1
0,0,0,0,11,50,52,10,0,0,0,0,0,0,4,22,40,43,51,14,0,0,3,5
0,0,0,0,0,45,41,2,0,4,0,0,0,0,11,24,43,56,25,14,7,0,10,6
0,0,0,0,0,29,18,8,2,0,0,0,0,5,11,7,43,35,52,6,4,1,0,0
0,0,2,4,11,13,12,5,0,0,0,0,0,0,0,9,41,46,16,10,0,3,0,0
0,0,0,6,6,7,3,2,0,0,7,0,0,1,3,3,18,44,27,10,6,0,0,0
0,0,0,3,3,0,0,4,9,7,0,4,9,1,0,4,10,28,13,10,0,0,0,3
0,0,4,10,12,4,6,0,0,2,9,10,1,0,3,2,9,25,24,8,0,0,0,0
1,1,9,45,13,4,4,12,13,10,0,0,6,10,0,0,9,14,13,1,0,0,0,0
3,8,20,43,8,9,10,9,9,0,8,0,6,1,0,0,0,13,21,10,3,6,7,7
9,19,36,11,6,0,0,0,2,5,5,5,0,0,0,0,0,13,24,22,10,8,5,6
32,53,13,7,2,0,4,6,8,4,2,0,1,3,0,0,0,1,13,22,42,7,8,6

6,3,0,3,3,12,8,16,29,51,56,86,103,65,39,32,13,12,8,0,1,0,0,0
6,4,3,1,5,14,22,31,51,51,74,110,128,80,59,41,35,26,5,8,1,0,0,6
0,0,0,0,0,10,8,12,37,50,63,69,105,96,52,42,21,10,6,3,0,0,3,0
3,3,0,0,0,0,0,0,1,5,9,14,12,12,7,7,3,0,2,0,0,0,0,0
0,0,0,0,0,0,0,0,0,0,8,10,0,8,8,0,2,8,0,0,0,0,0,0
0,3,10,14,40,54,55,51,53,51,47,30,43,46,39,43,45,65,50,28,9,0,0,0
8,9,11,50,52,64,69,66,68,68,82,63,60,70,52,64,57,64,50,14,7,0,0,0
0,3,6,65,44,58,64,86,100,112,122,110,80,59,76,86,83,68,33,11,13,10,4,1
0,0,11,51,56,54,61,81,121,154,177,158,103,97,113,113,103,71,11,6,8,6,0,0
7,14,51,52,30,46,72,85,123,164,213,230,143,156,156,138,130,89,30,12,9,7,11,7
12,20,35,25,12,29,54,95,110,140,189,193,140,169,151,131,101,68,52,10,10,0,6,5
8,20,16,5,10,14,46,68,118,136,172,172,154,168,140,124,96,54,14,12,2,11,1,0
37,43,11,13,10,13,45,65,107,148,152,158,153,150,145,126,100,42,10,10,20,16,13,0
47,50,11,12,11,14,53,100,111,133,142,143,137,138,136,121,102,60,8,7,4,21,6,4
50,59,13,9,7,10,52,81,71,76,111,125,133,129,122,108,82,49,11,7,13,12,5,2
43,39,11,7,0,0,45,70,72,73,91,107,125,130,102,77,59,56,13,10,15,30,23,0
27,19,11,11,13,26,53,63,64,81,105,103,122,84,84,72,58,52,12,11,13,43,30,9
24,35,28,26,31,32,39,47,63,101,134,128,121,117,86,78,51,32,16,14,17,36,28,8
51,47,12,11,11,14,53,52,56,97,123,141,116,82,72,106,56,17,6,11,11,36,33,13
23,28,14,11,14,43,53,83,103,87,116,144,131,106,92,104,102,79,13,12,13,54,71,8
24,28,9,20,21,32,55,71,58,72,141,169,148,130,114,108,102,101,40,14,12,40,54,6
7,12,11,12,38,57,64,70,77,89,116,154,138,118,85,101,97,68,47,24,12,34,49,14
3,0,11,19,38,57,75,91,94,100,83,134,117,100,108,111,110,123,61,15,5,17,21,8
9,11,9,52,81,84,104,107,107,103,104,103,104,105,118,124,122,120,83,22,8,12,10,0
3,4,13,66,85,107,102,107,106,103,91,68,100,104,121,131,123,117,89,33,4,0,0,2
12,10,21,51,81,105,102,105,104,101,85,71,89,104,113,119,120,117,107,57,1,0,0,0
12,14,26,57,66,100,100,100,100,93,58,51,61,82,105,109,113,110,101,40,2,0,8,0
5,13,38,64,100,104,101,67,77,62,62,60,54,73,100,115,120,111,106,36,0,0,0,1
12,13,29,66,104,107,106,100,57,51,50,20,50,56,82,112,120,109,85,34,0,0,0,0
10,12,37,70,110,82,81,69,59,47,37,39,38,41,48,64,95,70,58,8,3,0,7,1
12,13,48,74,77,62,62,54,50,46,36,32,27,31,37,62,68,94,138,14,7,0,0,0
0,7,11,50,54,58,55,23,10,10,6,7,9,11,11,48,56,86,95,34,11,0,7,0
8,6,5,0,51,54,52,19,12,0,0,0,2,3,11,14,65,48,35,23,4,0,0,2
1,0,0,0,12,50,50,8,0,0,0,0,0,0,8,42,47,47,50,11,0,0,4,5
0,0,0,0,1,40,29,1,0,5,0,0,0,0,14,31,50,57,22,12,2,0,9,6
0,0,0,0,0,14,13,8,3,0,0,0,0,6,13,10,47,34,51,3,0,1,1,0
0,0,2,4,10,12,12,5,0,0,0,0,1,0,3,10,43,45,14,9,0,3,0,0
0,0,0,6,5,3,2,3,0,0,8,0,0,0,2,4,21,38,24,10,6,0,0,0
0,1,0,1,0,0,0,4,10,8,0,3,9,0,0,4,10,22,12,10,0,0,0,3
0,0,2,9,11,3,5,0,0,1,9,11,2,0,4,2,8,22,21,10,0,0,0,0
1,0,10,35,10,5,4,13,13,10,1,0,5,11,0,0,9,13,12,1,0,0,0,0
6,11,26,23,6,8,10,8,9,0,8,0,7,1,0,0,1,10,14,10,0,5,6,7
12,32,34,11,6,0,0,0,1,5,5,5,0,0,0,0,0,13,15,23,8,8,6,6
52,57,14,7,1,0,4,6,7,4,2,0,1,3,0,0,0,1,13,21,50,6,8,6

6,3,0,3,3,12,8,15,30,51,56,86,103,65,39,33,13,12,9,0,1,0,0,0
6,4,3,1,5,14,20,33,51,51,74,110,129,80,59,42,35,26,5,8,1,0,0,6
0,0,0,0,0,10,9,12,37,50,63,69,105,96,52,43,22,10,6,3,0,0,3,0
3,3,0,0,0,0,0,0,1,4,9,14,12,12,7,8,3,0,2,0,0,0,0,0
0,0,0,0,0,0,0,0,0,0,8,9,0,7,8,0,2,8,0,0,0,0,0,0
0,3,10,14,40,54,55,51,53,52,48,30,43,46,40,44,45,64,48,28,9,0,0,0
8,9,11,50,52,64,68,67,69,69,83,65,61,70,52,64,57,64,50,14,7,0,0,0
0,3,6,65,45,58,64,86,101,114,123,111,81,59,77,86,83,68,33,11,13,10,4,1
0,0,12,51,56,55,62,82,122,157,178,160,104,98,114,113,103,72,11,6,8,6,0,0
7,14,51,52,31,46,72,85,123,165,213,228,141,154,155,138,130,89,30,12,8,7,11,7
12,21,36,25,12,30,54,95,110,140,188,191,139,166,149,130,100,68,52,10,10,0,6,5
8,20,15,5,10,14,46,68,118,135,171,169,150,165,139,124,95,54,14,12,2,11,1,0
39,43,11,13,10,13,46,65,108,148,152,158,153,149,145,126,100,43,10,10,20,17,13,0
48,50,11,12,11,14,53,100,111,133,143,144,137,138,136,121,102,60,9,7,4,20,7,4
50,60,13,9,7,10,52,82,71,76,112,126,134,129,123,109,82,51,11,7,13,12,5,2
44,40,11,7,0,0,46,71,73,73,92,108,126,131,103,77,59,57,13,10,15,30,24,0
28,19,11,12,14,26,53,64,64,81,106,104,122,85,85,72,58,52,12,11,13,43,31,9
24,35,29,27,31,32,39,47,63,102,135,129,123,119,87,79,51,33,16,14,17,36,28,8
52,46,12,11,11,13,50,50,56,98,124,142,117,82,73,106,56,17,6,11,11,36,33,13
23,29,14,11,14,40,52,81,102,86,116,145,132,106,92,104,102,79,13,12,14,54,71,8
23,29,10,20,20,32,54,69,58,72,140,168,148,130,113,108,102,101,40,14,12,41,54,6
8,12,12,12,38,56,63,69,76,88,116,153,138,117,84,101,97,68,47,24,12,34,49,14
3,0,11,19,38,56,74,90,93,99,82,133,116,100,107,110,110,123,61,15,6,18,20,8
9,11,9,53,81,83,103,107,107,103,103,103,103,104,118,124,122,120,83,21,8,12,10,0
3,4,13,66,84,107,102,107,106,103,92,69,101,104,120,131,122,117,88,34,4,0,0,2
12,10,21,52,81,105,102,105,104,101,85,71,90,104,113,119,120,117,107,59,1,0,0,0
12,14,26,56,66,100,100,100,100,92,58,51,62,82,105,109,113,110,101,39,2,0,8,0
5,13,38,64,100,104,101,67,77,62,63,59,54,73,100,115,120,111,106,36,0,0,0,1
12,13,30,66,104,107,106,100,56,51,51,20,50,56,83,112,120,109,85,34,0,0,0,0
10,12,38,70,109,82,80,69,59,47,37,39,38,41,48,64,95,70,59,8,3,0,7,1
12,13,48,75,77,62,62,54,50,46,36,32,27,32,38,62,68,94,139,14,7,0,0,0
0,7,11,51,54,58,56,24,10,10,6,7,9,11,11,50,56,86,95,34,11,0,7,0
8,6,5,1,51,54,52,19,12,0,0,0,2,3,11,17,65,49,35,23,4,0,0,2
1,0,0,0,12,50,50,8,0,0,0,0,0,0,8,43,47,47,50,11,0,0,4,5
0,0,0,0,1,40,30,0,0,4,0,0,0,0,14,31,50,57,24,12,2,0,9,6
0,0,0,0,0,15,13,7,2,0,0,0,0,6,13,11,48,34,51,4,0,0,1,0
0,0,2,4,10,12,12,6,0,0,0,0,1,0,3,11,44,45,16,9,0,3,0,0
0,0,0,6,5,4,2,3,0,0,8,0,0,0,2,4,25,41,25,10,6,0,0,0
0,1,0,2,1,0,0,5,10,7,0,3,10,0,0,5,10,25,12,10,0,0,0,3
0,0,3,9,11,3,5,0,0,1,9,11,2,0,4,3,9,23,21,10,0,0,0,0
2,0,10,35,11,5,4,12,13,10,1,0,5,11,0,1,9,13,12,1,0,0,0,0
7,11,27,27,7,8,9,8,9,0,8,0,7,1,0,0,1,11,16,11,0,5,6,7
12,34,36,11,6,0,0,0,1,5,5,5,0,0,0,0,0,13,17,25,9,8,6,6
53,58,14,7,1,0,4,6,7,3,2,0,1,3,0,0,0,2,13,22,50,6,8,6

6,3,0,3,3,12,8,15,28,51,56,86,103,65,39,32,13,12,9,0,1,0,0,0
6,4,2,1,5,14,22,33,51,51,74,110,129,80,59,41,35,26,5,8,1,0,0,6
0,0,0,0,0,10,9,12,37,48,63,69,105,96,52,43,21,10,6,3,0,0,3,0
3,3,0,0,0,0,0,0,1,4,9,14,12,12,7,8,3,0,2,0,0,0,0,0
0,0,0,0,0,0,0,0,1,0,8,9,0,7,7,0,2,8,0,0,0,0,0,0
0,3,10,14,40,54,55,51,53,52,48,30,44,46,40,44,45,64,49,28,9,0,0,0
8,9,11,50,52,64,68,66,69,69,84,65,62,71,52,64,57,64,50,14,7,0,0,0
0,3,6,65,44,58,64,86,101,114,123,111,81,59,77,87,83,68,34,11,13,10,4,1
0,0,12,51,56,54,62,82,121,157,178,158,104,98,114,114,103,72,11,6,8,6,0,0
7,14,51,52,30,47,72,85,123,164,211,226,141,154,155,138,130,89,30,12,9,7,11,7
12,21,36,24,12,29,54,95,109,139,187,190,138,164,148,130,100,68,52,10,10,0,6,5
8,21,16,5,10,14,46,68,118,135,170,169,149,164,138,124,96,54,14,12,2,11,1,0
36,44,11,13,10,13,47,65,108,148,152,159,153,149,145,126,100,43,10,10,20,17,13,0
50,51,12,13,11,14,53,100,111,133,143,144,139,139,137,121,102,61,9,7,5,22,7,4
50,60,13,9,7,10,52,83,71,77,113,127,135,130,123,109,82,51,11,7,13,12,5,2
45,41,11,8,0,0,47,71,73,74,93,110,127,132,103,78,59,57,13,10,16,30,24,0
27,20,11,12,14,28,54,64,64,82,108,105,123,85,85,73,58,52,12,11,13,43,31,9
24,36,29,27,32,33,39,47,64,103,137,131,125,120,88,80,51,33,17,14,17,36,28,8
52,47,12,11,10,13,47,50,57,100,125,143,118,83,73,106,56,17,6,11,11,37,33,13
24,30,14,11,13,38,52,79,102,86,116,145,132,106,92,104,102,76,13,12,14,54,71,8
23,29,10,19,20,32,54,69,58,71,140,168,148,130,113,107,102,101,39,14,12,41,53,6
8,12,12,12,37,56,63,69,75,87,115,151,137,116,84,100,96,68,47,23,12,34,49,14
3,0,11,19,38,56,74,90,93,98,81,133,116,100,107,110,109,123,60,15,6,18,20,8
9,11,9,53,81,83,104,107,107,103,103,103,103,104,118,123,122,120,83,18,8,12,10,0
3,4,13,67,85,107,102,107,106,103,91,68,101,104,120,130,122,116,87,33,4,0,0,2
12,10,24,52,81,105,102,105,104,101,83,73,90,104,112,119,119,117,106,58,1,0,0,0
12,15,26,57,66,100,100,100,100,92,59,51,62,82,105,109,113,110,101,40,2,0,8,0
5,13,38,64,100,104,101,67,77,62,64,59,54,73,100,115,120,111,106,36,0,0,0,1
12,13,30,66,104,107,106,100,56,51,50,20,50,56,82,112,120,109,85,35,0,0,0,0
10,12,37,70,109,82,80,68,59,47,37,39,38,41,48,64,95,70,59,8,3,0,7,1
12,13,49,75,77,62,62,54,50,46,36,33,28,32,38,63,68,95,140,14,7,0,0,0
0,7,11,51,54,58,56,26,10,10,6,7,9,11,12,50,56,87,95,34,11,0,8,0
8,6,5,1,51,54,52,19,12,0,0,0,2,3,12,18,65,49,35,23,4,0,0,2
1,0,0,0,12,50,50,8,0,0,0,0,0,0,8,43,48,47,50,11,0,0,4,5
0,0,0,0,2,40,30,0,0,4,0,0,0,0,14,31,50,57,23,12,2,0,9,6
0,0,0,0,0,15,13,7,2,0,0,0,0,6,13,11,48,34,51,4,0,0,1,0
0,0,2,4,10,12,12,6,0,0,0,0,1,0,3,11,44,45,16,9,0,3,0,0
0,0,0,6,5,4,2,3,0,0,8,0,0,0,2,4,28,40,25,10,6,0,0,0
0,1,0,2,1,0,0,5,10,7,0,3,10,0,0,5,10,25,12,10,0,0,0,3
0,0,4,10,11,3,5,0,0,1,9,11,2,0,4,3,9,24,22,10,0,0,0,0
2,0,11,35,11,5,4,13,13,10,0,0,5,11,0,1,10,13,12,1,0,0,0,0
8,12,27,29,7,8,9,8,9,0,8,0,7,1,0,0,1,11,16,11,0,5,6,7
12,33,35,11,6,0,0,0,1,5,5,5,0,0,0,0,0,13,18,25,9,7,6,5
53,59,14,7,1,0,4,6,7,4,2,0,1,3,0,0,0,2,13,22,50,8,8,6

6,3,0,3,3,12,8,15,29,51,56,86,103,65,39,32,13,12,9,0,1,0,0,0
6,4,3,1,5,14,22,33,51,51,74,110,129,80,59,41,35,28,5,8,1,0,0,6
0,0,0,0,0,10,9,12,37,50,63,69,105,96,52,43,22,10,6,3,0,0,3,0
3,3,0,0,0,0,0,0,1,5,9,14,12,12,7,8,3,0,2,0,0,0,0,0
0,0,0,0,0,0,0,0,0,0,8,9,0,7,8,0,2,8,0,0,0,0,0,0
0,3,10,14,40,54,55,51,53,52,48,30,43,46,40,43,45,64,50,28,9,0,0,0
8,9,11,50,52,64,68,66,68,69,84,65,61,71,53,64,57,64,50,14,7,0,0,0
0,3,6,65,44,58,64,86,101,114,123,111,81,59,77,86,83,68,34,11,13,10,4,1
0,0,11,51,56,54,61,82,121,156,178,158,103,97,114,113,103,72,11,6,8,6,0,0
7,14,51,51,31,46,72,85,123,164,211,226,141,154,155,138,130,89,31,12,8,7,11,7
12,21,35,24,12,29,54,95,109,139,187,190,138,165,149,130,100,68,52,10,10,0,6,5
8,20,17,5,10,14,46,68,117,135,170,169,149,165,138,124,95,53,14,12,2,11,1,0
36,43,11,13,10,12,46,65,107,148,152,159,154,150,145,126,100,43,9,10,20,17,13,0
50,50,12,13,11,14,54,100,111,133,143,144,138,139,137,121,102,60,9,7,5,25,7,4
50,60,13,9,7,10,51,82,71,77,113,127,135,130,123,109,82,51,11,7,13,12,5,2
45,43,11,8,0,0,48,71,73,74,93,109,127,132,103,78,59,57,13,10,16,30,24,0
26,18,11,12,14,27,54,64,64,82,107,105,123,85,85,73,58,52,12,11,13,43,31,9
24,35,29,27,32,33,39,47,64,103,137,131,124,120,88,79,51,33,17,14,18,36,28,8
51,47,12,11,11,13,48,50,57,100,124,143,118,83,73,106,56,17,6,11,12,37,33,13
25,30,14,11,14,41,52,80,102,87,116,145,132,106,93,104,102,76,13,12,14,54,72,8
23,29,10,20,20,32,54,69,58,72,140,168,148,130,113,108,102,101,40,14,13,41,54,6
8,13,12,12,38,57,63,69,76,88,115,152,137,117,84,100,96,68,47,23,12,34,49,14
3,0,11,19,38,56,74,90,93,98,81,133,116,100,107,110,110,123,60,15,6,18,20,8
9,11,9,52,81,85,104,107,107,103,103,103,104,104,118,123,122,120,83,20,8,12,10,0
3,4,13,67,85,107,102,107,106,103,91,69,100,104,120,130,122,116,88,33,4,0,0,2
12,11,22,52,81,105,102,105,104,101,85,71,89,104,112,119,119,117,107,59,1,0,0,0
12,15,27,56,66,100,100,100,98,92,58,51,61,82,105,109,113,110,101,40,2,0,8,0
5,13,38,65,100,104,101,67,76,63,62,59,54,74,100,115,120,111,106,38,0,0,0,1
12,13,31,66,104,107,106,100,56,51,51,20,50,56,82,112,120,109,84,34,0,0,0,0
10,12,38,70,109,82,80,68,59,47,38,39,38,41,48,64,95,70,59,8,3,0,7,1
12,13,48,75,77,62,62,54,49,46,36,32,28,33,38,62,68,95,139,14,7,0,0,0
1,7,11,51,54,58,56,26,10,10,6,7,9,11,11,50,57,87,95,34,11,0,8,0
8,6,5,1,51,54,52,19,12,0,0,0,2,3,11,18,65,48,35,23,4,0,0,2
1,0,0,0,12,50,50,8,0,0,0,0,0,0,9,45,47,47,50,11,0,0,4,5
0,0,0,0,2,40,29,0,0,4,0,0,0,0,14,31,50,57,23,12,2,0,9,6
0,0,0,0,0,15,13,7,2,0,0,0,0,6,13,11,48,33,51,4,0,0,1,0
0,0,2,4,10,12,12,5,0,0,0,0,1,0,3,11,44,45,16,9,0,3,0,0
0,0,0,6,5,4,2,3,0,0,8,0,0,0,2,4,25,39,25,10,6,0,0,0
0,1,0,2,1,0,0,5,10,7,0,3,10,0,0,5,10,24,12,10,0,0,0,3
0,0,4,10,11,3,5,0,0,1,9,11,2,0,4,3,9,23,21,10,0,0,0,0
3,1,11,35,10,5,4,12,13,10,1,0,6,11,0,1,9,13,12,1,0,0,0,0
8,12,29,27,7,8,9,8,9,0,8,0,7,1,0,0,1,11,17,11,0,5,6,7
12,33,35,11,6,0,0,0,1,5,5,5,0,0,0,0,0,13,17,25,9,7,6,5
53,59,15,7,1,0,4,6,7,3,2,0,1,3,0,0,0,2,13,22,50,8,8,6

6,3,0,3,3,12,8,15,29,51,56,86,103,65,39,33,13,12,9,0,1,0,0,0
6,4,2,1,5,14,22,33,51,51,74,109,128,80,60,41,35,28,5,8,1,0,0,6
0,0,0,0,0,10,9,12,38,48,63,69,105,96,52,43,21,10,7,3,0,0,3,0
3,3,0,0,0,0,0,0,1,5,9,14,12,12,7,8,3,0,2,0,0,0,0,0
0,0,0,0,0,0,0,0,0,0,8,9,0,7,8,0,2,8,0,0,0,0,0,0
0,3,10,14,40,54,55,51,53,52,47,30,44,46,40,43,45,64,50,28,9,0,0,0
8,9,11,50,52,64,68,66,68,69,83,65,61,71,52,64,57,64,50,14,7,0,0,0
0,3,7,65,46,58,64,86,101,113,123,111,81,60,77,86,83,68,34,11,13,10,4,1
0,0,11,51,56,54,62,82,121,156,178,158,104,98,114,113,103,72,11,6,8,6,0,0
7,14,51,51,32,47,72,85,123,165,214,229,142,155,156,139,130,89,32,12,9,7,11,7
12,20,35,24,12,31,54,95,109,140,189,193,140,167,150,131,100,68,52,10,10,0,6,5
8,21,17,5,10,14,46,68,117,135,171,171,151,166,139,124,95,54,14,12,2,11,1,0
38,43,11,13,10,13,45,65,107,148,152,158,153,149,145,125,100,43,9,10,20,17,14,0
49,50,12,13,11,14,53,100,110,132,143,144,138,138,136,121,102,60,8,7,5,26,7,4
50,60,13,9,7,10,52,82,71,76,112,126,134,129,123,109,82,50,11,7,13,12,5,2
45,41,11,8,0,0,46,70,73,73,92,108,126,131,102,77,59,57,13,10,15,31,24,0
27,20,11,12,14,27,53,64,64,81,107,104,122,85,85,72,58,52,12,11,13,44,32,9
25,35,29,27,32,33,39,47,64,103,136,130,123,119,87,79,51,32,17,14,18,36,28,8
52,47,12,11,11,14,51,51,57,99,124,142,117,83,73,106,56,16,6,11,12,37,33,13
24,29,14,11,14,42,52,82,102,87,116,145,132,106,92,104,102,77,13,12,14,54,72,8
23,29,10,20,21,32,54,70,58,72,141,169,148,130,113,108,102,101,40,14,13,42,53,6
8,13,12,12,38,57,64,70,77,89,116,154,138,117,85,101,96,68,47,24,12,34,49,14
3,0,12,19,38,57,75,91,94,100,83,134,117,100,107,110,109,123,60,15,6,18,20,8
9,11,9,53,82,85,104,107,107,103,104,103,104,104,118,124,122,120,83,20,8,12,10,0
3,5,13,67,86,107,102,107,106,103,92,69,100,104,120,130,122,116,88,33,4,0,0,2
12,11,22,51,83,105,102,105,104,101,83,71,90,104,112,119,119,117,107,58,1,0,0,0
12,15,26,56,66,100,100,100,100,90,59,51,61,81,105,109,113,110,101,40,2,0,8,0
5,13,39,64,100,104,101,67,76,62,63,60,55,73,100,115,120,111,106,36,0,0,0,1
12,13,29,66,104,107,106,100,56,51,51,20,50,56,83,112,120,109,84,34,0,0,0,0
10,12,38,69,110,82,80,69,59,48,39,39,38,41,48,64,95,71,59,9,3,0,7,1
12,13,48,75,77,62,62,54,50,46,36,32,27,32,39,63,68,95,139,14,7,0,0,0
0,7,11,51,54,58,56,26,11,9,6,7,9,11,12,50,57,87,94,33,11,0,7,0
8,6,5,1,51,54,52,19,12,0,0,0,1,3,12,20,65,49,35,22,4,0,0,2
1,0,0,0,12,50,50,8,0,0,0,0,0,0,9,45,48,47,50,11,0,0,4,5
0,0,0,0,2,40,30,0,0,4,0,0,0,0,14,31,50,57,24,12,2,0,9,6
0,0,0,0,0,17,13,7,3,0,0,0,0,6,13,11,48,34,51,4,0,0,1,0
0,0,2,4,10,12,12,6,0,0,0,0,1,0,3,11,44,45,17,9,0,3,0,0
0,0,0,6,5,4,2,3,0,0,8,0,0,0,2,4,24,40,25,10,6,0,0,0
0,1,0,2,1,0,0,5,10,8,0,3,10,0,0,4,10,25,12,10,0,0,0,3
0,0,4,9,11,3,5,0,0,1,9,11,2,0,4,3,9,24,22,11,0,0,0,0
3,1,10,34,10,5,4,13,13,10,1,0,5,11,0,1,10,13,12,1,0,0,0,0
8,12,25,25,7,8,9,8,9,0,8,0,7,1,0,0,1,11,16,11,0,5,6,7
12,32,34,11,6,0,0,0,2,5,5,5,0,0,0,0,0,13,18,25,9,7,6,6
53,59,15,7,1,0,4,6,7,4,2,0,1,3,0,0,0,2,13,22,50,9,8,6

6,3,0,3,3,12,8,15,29,51,56,86,103,64,39,33,13,12,9,0,1,0,0,0
6,4,3,1,5,14,22,33,51,51,74,110,128,80,59,42,35,26,5,8,1,0,0,6
0,0,0,0,0,10,9,12,37,48,63,69,105,96,52,43,22,10,6,3,0,0,3,0
3,3,0,0,0,0,0,0,1,5,9,14,12,12,7,8,3,0,2,0,0,0,0,0
0,0,0,0,0,0,0,0,0,0,8,9,0,7,8,0,2,8,0,0,0,0,0,0
0,3,10,14,40,54,55,51,53,52,47,30,43,46,40,43,44,65,50,29,9,0,0,0
8,9,11,50,52,64,68,66,68,69,83,64,61,70,53,64,57,64,50,14,7,0,0,0
0,3,7,65,46,58,64,85,101,113,122,111,80,60,77,86,83,68,36,11,13,10,4,1
0,0,12,51,56,54,61,81,121,155,177,158,103,97,114,113,103,72,11,6,8,6,0,0
7,14,51,52,32,48,72,85,123,164,213,227,142,155,157,139,130,89,31,12,9,7,11,7
12,21,35,24,13,31,54,95,109,140,189,193,140,168,151,131,100,68,52,10,10,0,6,5
8,21,17,5,10,14,46,67,117,135,172,171,152,167,139,124,95,54,14,12,2,12,1,0
36,43,11,14,10,13,45,65,107,148,152,158,152,149,145,125,100,43,9,10,20,18,14,0
50,51,12,13,11,14,53,100,110,132,143,144,137,138,136,121,102,60,8,7,5,27,7,4
50,60,13,9,7,10,51,81,71,76,112,126,134,129,122,109,81,50,11,7,13,12,5,2
44,43,11,7,0,0,47,70,73,73,92,108,126,131,102,77,59,57,13,10,15,31,25,0
28,19,11,12,14,27,53,64,64,81,106,104,122,85,85,72,58,52,12,11,13,45,32,9
24,35,29,27,32,33,39,47,64,102,135,129,123,119,87,79,51,33,17,14,18,37,28,8
52,47,12,11,11,14,52,51,57,99,124,142,117,82,73,106,56,17,6,11,12,37,33,13
24,29,14,11,14,43,52,82,102,87,116,145,132,106,92,104,102,78,13,12,14,55,72,8
24,29,10,20,21,32,54,70,58,72,141,169,148,130,113,108,102,101,40,14,13,42,53,6
8,13,12,12,38,58,65,70,77,90,117,154,138,118,85,101,97,68,47,24,13,35,49,14
3,0,12,19,38,57,76,91,95,100,83,134,117,100,107,111,110,123,61,15,6,19,20,8
9,11,10,52,81,85,104,107,108,103,104,103,104,104,118,124,122,120,84,21,8,12,10,0
4,5,13,66,86,107,102,107,106,103,94,69,101,104,120,131,122,116,87,34,4,0,0,2
12,11,22,52,81,105,102,105,104,101,83,72,89,104,112,119,119,117,107,59,1,0,0,0
12,16,27,56,66,100,100,100,98,92,59,51,62,81,105,109,113,110,101,43,2,0,8,0
5,13,38,64,100,104,101,67,76,62,63,59,55,73,100,115,120,111,106,36,0,0,0,1
12,13,31,66,104,107,106,100,56,51,50,20,50,56,83,112,120,109,84,35,0,0,0,0
10,12,37,69,109,82,80,68,59,47,37,39,38,41,48,64,95,71,59,8,3,0,7,1
12,13,49,74,77,62,62,54,50,46,36,33,28,33,39,63,69,95,139,14,7,0,0,0
0,7,11,51,54,58,56,27,11,9,6,7,9,11,12,51,57,87,95,33,11,0,7,0
8,6,5,1,51,54,52,18,12,0,0,0,1,3,12,20,65,49,35,22,4,0,0,2
1,0,0,0,12,50,50,8,0,0,0,0,0,0,9,45,48,47,50,11,0,0,4,5
0,0,0,0,2,40,30,0,0,4,0,0,0,0,14,31,50,57,24,12,2,0,9,6
0,0,0,0,0,16,13,7,3,0,0,0,0,6,13,11,48,33,51,4,0,0,1,0
0,0,2,5,10,12,12,6,0,0,0,0,1,0,3,11,45,44,17,9,0,3,0,0
0,0,0,6,5,4,2,3,0,0,8,0,0,0,2,4,25,40,25,10,6,0,0,0
0,1,0,2,1,0,0,5,10,8,0,3,10,0,0,5,10,25,12,10,0,0,0,3
0,0,4,9,11,2,5,0,0,1,9,11,2,0,4,2,9,24,22,11,0,0,0,0
3,1,10,34,11,5,4,13,13,10,1,0,5,11,0,1,10,13,12,1,0,0,0,0
8,12,25,27,7,8,9,8,9,0,8,0,7,1,0,0,1,11,17,11,0,5,6,7
12,32,34,11,6,0,0,0,2,5,5,5,0,0,0,0,0,13,18,26,9,7,6,6
53,58,15,7,1,0,4,6,7,3,2,0,1,3,0,0,0,2,13,22,50,9,8,6

6,3,0,3,3,12,8,16,29,51,56,86,103,65,39,33,13,12,9,0,1,0,0,0
6,4,3,1,5,14,22,33,51,51,74,110,128,80,60,41,35,26,5,8,1,0,0,6
0,0,0,0,0,10,9,12,37,50,63,69,105,96,52,43,22,10,6,3,0,0,3,0
2,3,0,0,0,0,0,0,1,5,9,14,12,12,7,8,3,0,2,0,0,0,0,0
0,0,0,0,0,0,0,0,0,0,8,10,0,8,8,0,2,8,0,0,0,0,0,0
0,3,10,14,40,54,55,51,53,52,47,31,44,46,40,43,45,65,50,29,9,0,0,0
8,8,11,50,52,64,68,66,68,69,83,64,61,71,52,64,57,64,50,14,7,0,0,0
0,3,6,65,45,58,64,86,101,113,122,111,80,60,77,86,83,68,35,11,13,11,4,1
0,0,11,51,56,54,61,82,120,155,176,157,103,97,114,113,103,72,11,6,9,6,0,0
7,14,51,52,32,47,72,85,122,163,212,227,142,155,156,138,130,89,32,12,9,7,11,7
12,20,36,25,13,31,54,95,109,140,188,192,140,168,151,131,100,68,52,10,10,0,6,5
8,20,17,5,10,14,46,68,117,135,171,171,152,167,139,124,95,54,14,12,2,12,1,0
39,43,11,14,10,13,47,65,107,148,152,158,153,150,145,125,100,43,10,10,20,18,14,0
49,51,12,13,11,14,52,100,110,132,143,143,137,138,136,121,102,60,8,7,5,27,7,4
50,60,13,9,7,10,52,81,71,76,112,126,134,129,122,108,81,50,11,7,13,12,5,2
44,41,11,7,0,0,46,70,72,73,92,108,126,131,102,77,59,57,13,10,15,31,25,0
27,19,11,12,14,27,53,64,64,81,106,104,122,84,85,72,58,52,12,11,13,45,32,9
24,35,29,27,32,33,39,47,64,102,135,129,122,119,87,79,51,33,17,14,18,37,28,8
53,48,12,11,12,14,52,51,57,99,124,142,117,82,73,106,56,17,6,11,12,37,33,13
25,28,14,11,14,43,52,82,102,88,116,145,132,106,92,104,102,78,13,12,14,55,72,8
23,29,10,20,21,33,54,70,59,73,141,170,149,131,114,108,102,101,40,14,13,42,54,6
8,13,12,12,38,57,65,70,78,90,117,154,138,118,85,101,97,68,47,24,13,35,49,14
3,0,12,20,38,57,76,92,95,100,83,134,117,100,107,111,110,123,61,15,6,19,20,8
9,11,9,53,81,85,104,107,107,103,104,103,104,105,118,123,122,120,83,22,8,12,10,0
4,5,13,66,86,107,102,107,106,103,92,69,101,104,120,131,122,117,88,33,4,0,0,2
12,11,24,53,83,105,102,105,104,101,85,72,90,104,112,119,119,117,107,60,1,0,0,0
12,17,28,56,66,100,100,100,98,90,60,52,62,82,105,109,113,110,101,42,2,0,8,0
5,13,38,64,100,104,101,67,76,61,63,59,54,73,100,115,120,111,106,36,0,0,0,1
12,13,31,66,104,107,105,100,56,51,51,20,50,56,82,112,120,109,85,35,0,0,0,0
10,12,37,69,109,82,79,68,59,47,37,39,39,41,48,64,96,70,59,8,3,0,7,1
12,13,48,74,77,62,62,54,50,46,36,32,28,33,39,63,69,95,139,14,7,0,0,0
0,7,11,51,54,58,56,27,11,9,6,7,9,11,12,51,57,87,94,33,11,0,8,0
8,6,5,1,51,54,52,19,12,0,0,0,1,3,12,21,66,49,35,22,4,0,0,2
1,0,0,0,12,50,50,8,0,0,0,0,0,0,9,44,48,47,50,11,0,0,4,5
0,0,0,0,2,40,31,1,0,4,0,0,0,0,14,31,50,57,24,12,2,0,9,6
0,0,0,0,0,16,13,8,3,0,0,0,0,6,13,11,48,33,51,4,0,0,1,0
0,0,2,5,11,12,12,6,0,0,0,0,1,0,3,11,45,45,17,9,0,3,0,0
0,0,0,6,5,4,2,4,0,0,8,0,0,0,2,4,25,40,25,10,6,0,0,0
0,1,0,2,1,0,0,5,10,8,0,3,10,0,0,5,10,24,12,10,0,0,0,3
0,0,4,9,11,2,5,0,0,1,9,11,2,0,4,3,9,23,22,10,0,0,0,0
3,1,10,34,11,5,4,13,13,10,1,0,6,11,0,1,10,13,12,1,0,0,0,0
8,12,25,27,7,8,9,8,9,0,8,0,7,1,0,0,1,11,17,11,0,5,6,7
12,33,34,11,6,0,0,0,2,5,5,5,0,0,0,0,0,13,20,26,9,7,6,6
53,59,14,7,1,0,4,6,7,3,2,0,1,3,0,0,0,2,13,22,50,9,8,6

6,3,0,3,3,12,8,17,29,51,56,86,103,65,39,32,13,12,9,0,1,0,0,0
6,4,3,1,5,14,23,33,51,51,74,110,129,80,59,42,35,25,5,8,1,0,0,6
0,0,0,0,0,10,9,12,37,50,63,69,105,96,52,43,21,10,6,3,0,0,3,0
3,3,0,0,0,0,0,0,1,5,9,14,12,12,7,8,3,0,2,0,0,0,0,0
0,0,0,0,0,0,0,0,0,0,8,9,0,7,8,0,2,8,0,0,0,0,0,0
0,3,10,14,40,54,55,51,53,51,47,30,43,46,40,42,45,65,51,29,9,0,0,0
8,9,11,50,52,64,68,66,68,68,83,64,61,70,52,64,57,64,51,14,7,0,0,0
0,3,6,65,46,58,64,86,100,112,122,111,80,59,76,86,83,69,36,11,13,10,4,1
0,0,11,51,56,54,61,81,120,154,176,157,103,97,113,112,102,72,11,6,9,6,0,0
7,14,51,51,32,46,72,84,122,163,212,228,142,156,156,137,129,88,31,12,9,7,11,7
12,20,36,25,13,31,54,95,109,140,189,194,141,169,151,130,100,68,52,10,10,0,6,5
8,20,15,5,10,14,47,68,117,135,172,172,153,168,140,124,95,54,14,12,2,12,1,0
37,45,11,14,10,13,46,65,107,148,152,158,152,150,145,125,100,43,9,10,20,19,14,0
49,50,12,13,11,14,52,100,110,133,142,143,137,138,136,121,102,60,8,7,5,29,7,4
50,61,13,9,7,10,52,81,71,76,111,125,133,129,122,108,82,50,11,7,13,12,5,2
44,44,11,8,0,0,47,70,72,73,91,108,125,130,102,77,59,57,13,10,16,31,25,0
27,20,11,12,14,28,53,64,64,81,106,103,122,84,84,72,58,52,12,11,13,45,33,9
25,35,29,27,32,33,39,47,64,102,135,128,121,118,87,79,51,33,17,14,18,37,28,8
52,48,12,11,12,14,53,52,57,99,124,141,117,82,73,106,56,18,6,11,12,37,33,13
25,29,14,11,14,43,53,83,103,88,116,145,132,106,92,104,102,79,14,12,14,55,72,8
23,29,10,20,22,32,55,71,59,73,142,170,149,131,114,108,102,101,40,14,13,42,54,7
8,13,12,12,38,58,65,70,78,91,118,155,139,118,85,101,97,68,47,24,13,35,49,14
3,0,12,19,38,57,76,92,96,100,84,135,117,100,108,111,110,123,60,15,6,19,20,8
9,11,10,53,82,85,104,107,108,103,104,103,104,105,118,124,122,120,83,22,8,12,10,0
4,5,13,67,86,107,102,107,106,103,94,69,100,104,121,131,122,117,88,34,4,0,0,2
12,11,24,52,82,105,102,105,104,101,85,72,90,104,112,119,119,117,106,59,1,0,0,0
12,17,28,56,66,100,100,100,98,92,59,52,61,81,105,109,113,110,101,42,2,0,8,0
5,13,39,65,100,104,101,67,76,63,63,60,54,74,100,115,120,111,106,37,0,0,0,1
12,13,31,66,104,107,105,100,56,51,51,20,50,56,83,112,120,109,84,34,0,0,0,0
10,12,37,69,109,82,79,68,59,47,37,39,38,41,48,64,96,71,59,8,3,0,7,1
12,13,49,74,77,62,62,54,49,46,36,32,28,33,39,63,69,94,139,14,7,0,0,0
0,7,11,51,54,58,56,27,11,10,6,7,9,12,12,51,57,87,94,33,11,0,7,0
8,6,5,1,51,54,52,19,12,0,0,0,1,3,12,22,65,49,35,22,4,0,0,2
1,0,0,0,12,50,50,8,0,0,0,0,0,0,9,45,48,47,50,11,0,0,4,5
0,0,0,0,2,39,30,1,0,4,0,0,0,0,14,31,50,57,23,12,2,0,9,6
0,0,0,0,0,15,13,7,3,0,0,0,0,6,13,11,48,33,51,4,0,0,1,0
0,0,2,5,11,12,12,6,0,0,0,0,1,0,3,11,45,46,18,9,0,3,0,0
0,0,0,6,5,4,2,4,0,0,8,0,0,0,2,4,24,40,25,10,6,0,0,0
0,1,0,2,1,0,0,5,10,8,0,3,10,0,0,4,10,24,12,10,0,0,0,3
0,0,4,10,11,2,5,0,0,1,9,11,1,0,4,2,9,23,22,11,0,0,0,0
3,1,10,35,10,5,4,13,13,10,1,0,6,10,0,1,9,13,12,1,0,0,0,0
8,12,25,25,7,8,9,8,9,0,8,0,7,1,0,0,1,11,17,11,0,5,6,7
12,33,33,11,6,0,0,0,2,5,5,5,0,0,0,0,0,13,18,26,9,7,6,5
53,59,15,7,1,0,4,6,7,3,2,0,1,3,0,0,0,2,13,22,50,9,8,6

6,3,0,3,3,12,8,16,30,51,56,86,103,65,39,32,13,12,9,0,1,0,0,0
6,4,3,1,5,14,22,33,51,51,74,110,129,80,59,41,35,26,5,8,1,0,0,6
0,0,0,0,0,10,9,12,38,50,63,69,105,96,52,42,21,10,6,3,0,0,3,0
3,3,0,0,0,0,0,0,1,5,9,15,12,12,7,8,3,0,2,0,0,0,0,0
0,0,0,0,0,0,0,0,0,0,8,9,0,8,7,0,2,8,0,0,0,0,0,0
0,3,10,14,40,54,55,51,53,51,47,30,43,46,40,42,45,66,51,29,9,0,0,0
8,8,11,50,52,64,68,66,68,68,82,64,61,70,52,64,57,64,51,14,7,0,0,0
0,3,6,65,46,58,63,85,100,111,121,110,80,59,76,85,82,68,35,11,13,10,4,1
0,0,11,51,56,54,61,81,120,153,175,157,103,96,112,111,102,71,11,6,9,6,0,0
7,14,52,52,32,48,72,85,122,163,212,229,142,156,156,137,129,88,30,12,9,7,11,7
12,20,36,25,13,30,54,95,109,140,189,195,141,170,151,130,100,68,52,10,11,0,6,5
8,21,17,5,10,14,47,68,117,136,172,173,156,169,140,124,95,54,14,12,2,12,1,0
36,43,11,13,10,13,45,65,107,148,152,159,153,151,146,125,100,43,10,10,20,19,14,0
50,50,12,13,11,14,52,100,110,133,142,143,137,138,136,121,102,60,8,7,5,30,7,4
50,61,13,9,7,10,51,81,71,76,111,125,133,128,122,108,82,50,11,7,13,13,5,2
45,43,11,7,0,0,46,70,73,73,91,108,125,130,102,77,59,57,13,10,16,32,25,0
27,20,11,12,14,28,54,64,64,81,105,103,122,84,84,72,58,52,12,11,14,46,33,9
24,35,29,27,32,33,39,47,63,101,134,128,121,118,87,79,51,33,17,14,18,36,28,8
51,47,12,11,12,14,53,52,57,98,124,141,116,82,73,106,57,18,7,11,12,37,33,13
25,29,14,11,14,44,53,84,103,88,116,145,132,106,92,104,103,80,14,12,14,55,71,8
23,29,10,21,21,33,55,71,59,73,142,170,149,131,114,108,102,101,40,14,13,42,54,7
8,13,12,12,39,58,65,71,79,91,118,155,139,118,86,101,98,68,47,24,13,35,49,14
3,0,12,20,39,57,76,93,96,100,84,135,117,100,108,111,110,123,61,15,6,20,20,8
9,11,10,52,82,85,104,107,108,103,104,103,104,105,118,124,122,120,84,23,8,12,10,0
4,5,13,67,86,107,102,108,106,103,92,70,100,104,120,130,122,117,88,34,4,0,0,2
12,11,25,52,83,105,102,105,104,101,85,72,90,104,113,119,119,117,106,60,1,0,0,0
12,16,27,57,66,100,100,100,97,92,60,52,61,82,105,109,113,110,101,43,2,0,8,0
5,13,38,65,100,104,101,67,75,62,65,60,54,73,100,115,120,111,106,37,0,0,0,1
12,13,29,66,104,107,105,100,56,51,51,20,50,56,83,112,120,109,84,35,0,0,0,0
10,12,37,69,109,82,79,68,59,47,38,39,38,41,48,64,96,71,59,8,3,0,7,1
12,13,48,74,76,62,62,53,49,46,36,33,28,33,39,63,69,95,139,14,7,0,0,0
1,7,11,51,54,58,56,29,11,9,6,7,9,11,12,51,57,86,94,33,11,0,7,0
8,6,5,1,51,54,52,19,12,0,0,0,1,3,12,22,65,48,35,22,4,0,0,2
1,0,0,0,12,50,50,8,0,0,0,0,0,0,9,45,48,47,50,11,0,0,4,5
0,0,0,0,2,40,30,0,0,4,0,0,0,0,14,31,50,57,23,12,2,0,9,6
0,0,0,0,0,17,13,8,3,0,0,0,0,6,13,11,48,34,51,4,0,0,1,0
0,0,2,5,11,12,12,6,0,0,0,0,1,0,3,11,44,45,17,9,0,3,0,0
0,0,0,6,5,4,2,3,0,0,8,0,0,0,2,4,24,40,25,10,6,0,0,0
0,1,0,1,1,0,0,4,10,8,0,3,10,0,0,4,10,24,12,10,0,0,0,3
0,0,4,10,11,2,5,0,0,1,9,11,1,0,4,2,9,23,22,11,0,0,0,0
3,1,10,34,10,5,4,12,13,10,1,0,5,11,0,1,9,13,12,1,0,0,0,0
8,12,26,27,7,8,9,8,9,0,8,0,7,1,0,0,1,11,16,11,0,5,6,7
12,33,34,11,6,0,0,0,2,5,5,5,0,0,0,0,0,13,18,25,9,7,6,5
53,59,15,7,0,0,4,6,7,3,2,0,1,3,0,0,0,2,13,22,50,9,8,6

6,3,0,3,3,12,8,16,29,51,56,86,103,64,40,32,13,12,9,0,1,0,0,0
6,4,3,2,5,14,22,33,51,51,74,110,129,80,59,41,35,26,5,8,1,0,0,6
0,0,0,0,0,10,9,12,37,50,63,69,105,97,52,42,22,10,6,3,0,0,3,0
2,3,0,0,0,0,0,0,1,5,9,15,12,12,7,8,3,0,2,0,0,0,0,0
0,0,0,0,0,0,0,0,0,0,8,10,0,7,7,0,2,8,0,0,0,0,0,0
0,3,10,14,40,54,55,51,53,51,47,30,43,46,41,43,46,66,52,29,9,0,0,0
8,8,11,50,52,64,68,67,68,68,82,64,61,70,52,64,57,64,51,14,7,0,0,0
0,3,6,65,46,58,63,85,100,111,121,110,80,59,76,85,82,68,35,11,13,10,4,1
0,0,11,51,56,54,61,81,120,153,175,157,103,96,111,111,102,71,11,6,9,6,0,0
7,14,51,52,32,47,72,84,122,163,212,229,143,156,154,136,128,88,30,12,9,7,11,7
12,20,35,24,12,30,54,94,109,139,189,195,141,170,151,130,100,67,52,10,10,0,6,5
8,20,17,6,10,14,49,68,118,136,172,173,156,170,141,124,96,54,14,12,2,12,1,0
36,43,11,14,10,13,45,65,107,148,152,159,153,151,146,126,100,43,10,10,20,19,14,0
50,50,12,13,11,14,53,100,111,133,142,143,137,138,136,121,102,60,9,7,5,30,7,4
50,61,13,9,7,10,52,82,71,76,111,125,133,129,122,108,82,51,11,7,13,12,5,2
45,44,11,7,0,0,47,70,72,73,92,108,125,130,102,77,59,57,13,10,16,32,25,0
26,20,11,12,14,27,54,63,64,81,106,103,122,84,84,72,58,52,12,11,13,45,32,9
24,36,29,27,32,33,40,47,64,102,135,129,122,118,87,79,51,33,17,14,18,37,28,8
52,47,12,11,11,14,53,51,57,99,124,141,117,82,73,106,56,17,6,11,12,37,33,13
25,29,14,11,14,43,53,83,103,88,117,145,132,106,92,104,102,79,14,12,14,55,72,8
24,29,10,21,21,33,54,71,59,73,142,170,149,131,114,108,102,101,40,14,13,43,54,6
8,13,12,12,39,58,65,71,78,91,117,155,139,118,85,101,97,68,47,24,13,35,49,14
3,0,12,20,38,57,76,92,95,100,83,134,117,100,107,111,110,123,61,15,6,21,20,8
9,11,10,53,82,85,104,107,107,103,104,103,104,105,118,123,122,120,84,23,8,12,10,0
4,5,13,66,86,107,102,107,106,103,92,70,101,104,120,130,122,116,87,34,4,0,0,2
12,11,25,53,83,105,102,105,104,101,85,73,90,104,112,119,119,117,107,60,1,0,0,0
12,17,28,57,66,100,100,100,97,92,60,52,61,82,105,109,113,110,101,43,2,0,8,0
5,13,38,65,100,104,101,66,75,63,63,60,54,73,100,115,120,111,106,38,0,0,0,1
12,13,31,66,104,107,105,100,56,51,50,20,50,56,82,112,120,109,84,34,0,0,0,0
10,12,38,69,109,82,80,68,59,48,38,39,39,42,48,64,96,71,59,9,3,0,7,1
12,13,47,74,76,62,62,54,49,46,36,32,28,33,39,63,69,95,140,14,7,0,0,0
1,7,11,51,54,58,56,29,11,9,6,7,9,12,12,51,58,87,94,33,11,0,7,0
8,6,5,1,51,54,52,18,12,0,0,0,1,3,12,22,66,49,35,22,4,0,0,2
1,0,0,0,13,50,50,8,0,0,0,0,0,0,9,45,48,47,50,11,0,0,4,5
0,0,0,0,3,40,31,1,0,4,0,0,0,0,14,31,50,57,24,12,2,0,9,6
0,0,0,0,0,16,13,8,3,0,0,0,0,6,13,11,48,34,51,4,0,0,1,0
0,0,2,5,11,12,12,6,0,0,0,0,1,0,3,11,44,45,18,9,0,3,0,0
0,0,0,6,5,4,2,4,0,0,8,0,0,0,2,4,24,40,26,10,6,0,0,0
0,1,0,2,1,0,0,5,10,8,0,3,9,0,0,4,10,25,12,10,0,0,0,3
0,0,4,10,11,3,5,0,0,1,9,11,1,0,4,3,9,24,24,11,0,0,0,0
3,1,11,35,11,5,4,13,13,10,0,0,5,11,0,1,10,13,12,1,0,0,0,0
8,12,27,28,7,8,9,8,9,0,8,0,7,1,0,0,2,11,17,11,0,5,6,7
12,34,34,12,6,0,0,0,1,5,5,5,0,0,0,0,0,13,20,27,10,7,6,5
53,59,16,7,0,0,4,6,7,3,2,0,1,3,0,0,0,2,13,22,50,9,8,6

6,3,0,3,3,12,8,16,29,51,56,86,103,65,39,32,13,12,9,0,1,0,0,0
6,4,3,1,5,14,22,33,51,51,74,110,129,80,59,41,35,26,5,8,1,0,0,6
0,0,0,0,0,10,9,12,38,50,63,69,105,96,52,43,22,10,6,3,0,0,3,0
3,3,0,0,0,0,0,0,1,5,9,15,12,12,7,7,3,0,2,0,0,0,0,0
0,0,0,0,0,0,0,0,0,0,8,9,0,7,8,0,2,8,0,0,0,0,0,0
0,3,10,14,40,54,55,51,53,51,47,30,43,46,41,43,46,66,52,29,8,0,0,0
8,8,11,50,52,64,68,66,68,68,83,64,61,70,52,64,57,64,51,14,7,0,0,0
0,3,6,65,46,58,63,85,100,112,122,111,80,59,76,86,82,68,35,11,13,10,4,1
0,0,11,51,56,54,61,81,120,155,176,157,103,97,113,112,102,72,11,7,9,6,0,0
7,14,51,52,32,47,72,84,122,163,211,227,142,155,155,138,130,89,32,12,9,7,11,7
12,20,35,25,13,30,54,95,109,140,188,191,139,166,150,131,101,68,52,10,10,0,6,5
8,20,17,5,10,14,46,68,118,136,171,170,150,166,140,125,97,54,14,12,2,12,1,0
38,44,11,14,10,13,47,66,108,148,152,158,153,150,145,126,101,44,10,10,20,18,14,0
49,51,12,13,11,14,54,100,111,133,143,144,138,139,136,121,102,61,9,7,5,30,7,4
50,62,13,9,7,10,52,82,71,76,112,126,134,129,123,109,82,51,11,7,13,12,5,2
44,44,11,8,0,0,46,70,73,73,92,109,126,131,103,77,59,57,13,10,16,31,25,0
27,20,11,12,14,28,54,64,64,81,107,104,122,85,85,72,58,52,12,11,13,45,32,9
24,35,29,27,32,33,39,47,64,102,136,130,123,119,87,79,51,33,17,14,18,36,28,8
53,47,12,11,11,14,51,51,57,99,124,142,117,83,73,106,56,17,6,11,12,37,34,13
25,30,14,11,14,42,52,82,102,88,117,145,132,106,92,104,102,78,13,12,14,55,72,8
23,29,10,20,21,32,55,70,58,73,141,169,148,130,114,108,102,101,40,14,13,42,53,6
8,13,12,12,38,58,64,70,77,90,117,154,138,117,84,101,97,68,47,24,13,35,49,14
4,0,12,20,38,57,75,91,95,100,82,134,116,100,107,110,109,123,60,15,6,19,20,8
9,11,10,52,81,85,104,107,107,103,104,103,104,104,118,123,122,120,83,22,8,12,10,0
4,5,13,67,86,107,102,107,106,103,92,69,100,104,120,130,122,116,88,33,4,0,0,2
12,11,25,52,82,105,102,105,104,101,83,73,91,104,112,119,119,117,106,60,1,0,0,0
12,17,27,56,66,100,100,100,100,92,60,53,62,82,105,109,113,110,101,43,2,0,8,0
5,13,39,64,100,104,101,67,76,62,64,60,54,73,100,115,120,111,106,38,0,0,0,1
12,13,31,66,104,107,105,100,56,51,50,21,50,56,82,111,120,109,85,35,0,0,0,0
10,12,37,69,109,82,79,68,59,47,37,39,38,41,48,64,96,71,59,9,3,0,7,1
12,13,48,74,76,62,62,54,50,46,36,32,28,33,39,63,69,95,140,14,7,0,0,0
1,7,11,51,54,58,56,29,11,10,6,7,9,12,12,51,58,87,95,33,11,0,8,0
8,6,5,1,51,54,52,19,12,0,0,0,1,3,12,24,66,49,35,23,4,0,0,2
1,0,0,0,13,50,50,8,0,0,0,0,0,0,9,45,48,47,50,11,0,0,4,5
0,0,0,0,3,40,30,0,0,4,0,0,0,0,14,31,50,57,24,12,2,0,9,6
0,0,0,0,0,17,13,8,3,0,0,0,0,6,13,11,48,34,51,4,0,0,1,0
0,0,2,5,11,12,12,6,0,0,0,0,1,0,3,11,45,46,20,9,0,3,0,0
0,0,0,7,6,4,2,4,0,0,8,0,0,0,2,4,27,41,26,10,6,0,0,0
0,1,0,2,1,0,0,5,10,8,0,3,10,0,0,5,10,26,12,10,0,0,0,3
0,0,5,10,11,3,5,0,0,1,9,11,2,0,4,3,9,24,24,11,0,0,0,0
3,1,11,35,11,5,4,13,13,10,0,0,5,11,0,1,10,13,12,1,0,0,0,0
8,12,27,28,7,8,9,8,9,0,8,0,7,1,0,0,2,11,19,11,0,5,6,7
12,33,36,12,6,0,0,0,2,5,5,5,0,0,0,0,0,13,22,27,9,7,6,6
54,59,16,7,1,0,4,6,7,3,2,0,1,3,0,0,0,2,13,22,50,9,8,6

6,3,0,3,3,12,8,16,28,51,55,86,103,64,39,32,13,12,9,0,1,0,0,0
6,4,2,1,5,14,20,33,51,51,74,109,128,80,59,41,35,26,5,8,1,0,0,6
0,0,0,0,0,10,9,12,38,50,63,69,105,95,52,42,21,10,6,3,0,0,3,0
3,3,0,0,0,0,0,0,1,5,9,14,12,12,7,8,3,0,2,0,0,0,0,0
0,0,0,0,0,0,0,0,0,0,8,9,0,7,8,0,2,8,0,0,0,0,0,0
0,3,10,14,39,53,55,51,53,52,47,30,44,46,41,44,46,65,51,28,8,0,0,0
8,8,11,50,52,63,68,67,69,69,84,65,61,71,53,65,58,64,51,14,7,0,0,0
0,3,6,65,44,58,64,86,101,115,124,112,81,60,77,88,84,69,38,12,13,11,4,1
0,0,11,51,56,55,62,82,123,160,180,159,104,98,117,116,105,74,12,7,9,6,0,0
7,14,51,51,32,48,72,86,126,168,214,226,141,154,158,143,134,91,35,12,9,7,11,7
12,20,36,25,12,31,54,96,112,142,188,189,138,164,151,133,102,69,53,10,11,0,6,5
8,20,17,5,10,14,48,68,118,136,171,168,147,163,139,125,97,54,14,13,2,12,1,0
38,44,11,13,10,13,47,66,108,148,151,157,152,149,145,126,101,44,10,10,20,19,13,0
48,51,12,13,11,14,54,100,111,132,142,144,138,138,136,121,102,61,9,7,5,30,7,4
50,62,13,9,7,10,52,82,71,76,112,126,134,129,123,109,82,51,11,7,13,13,5,2
45,43,11,7,0,0,46,70,72,73,92,109,126,131,103,77,59,57,13,10,16,32,25,0
28,22,11,12,14,28,54,64,64,81,107,104,122,85,85,72,58,52,12,11,14,46,33,9
24,35,29,27,32,33,39,47,64,103,136,130,123,119,87,79,51,32,16,14,18,37,28,8
54,47,12,11,11,14,51,51,57,99,124,142,117,83,73,106,56,16,6,11,12,38,34,13
25,29,14,11,14,41,52,80,102,87,117,145,132,106,92,104,102,76,13,12,14,55,72,8
24,29,10,20,21,32,54,70,58,72,141,169,148,130,113,107,102,101,39,14,13,42,54,7
8,13,12,12,38,57,64,70,77,89,117,153,138,117,84,100,96,68,47,24,13,35,49,14
4,0,12,20,38,57,75,91,94,100,81,133,116,100,107,110,109,123,60,15,6,21,21,8
9,11,10,53,81,85,104,107,107,103,103,103,104,104,118,123,121,120,83,20,8,12,10,0
4,5,13,67,86,107,102,107,106,103,92,69,101,104,120,130,122,116,87,34,4,0,0,2
12,11,26,52,82,105,102,105,104,101,85,73,90,104,112,118,119,117,106,59,1,0,0,0
12,18,26,56,66,100,100,100,97,92,60,52,61,82,105,109,113,110,101,43,2,0,8,0
5,13,38,64,100,104,101,66,76,63,63,60,55,73,100,115,120,111,106,36,0,0,0,1
12,13,30,66,104,107,105,100,56,51,51,20,50,57,83,111,120,109,84,35,0,0,0,0
10,12,37,69,109,82,79,68,59,48,37,39,38,42,48,64,96,71,59,9,3,0,7,1
12,13,48,74,76,62,62,54,49,46,36,32,28,33,40,63,69,95,140,14,7,0,0,0
1,7,11,52,54,58,56,29,11,9,6,7,9,12,12,51,58,87,95,33,11,0,8,0
8,6,6,2,51,54,52,19,12,0,0,0,1,3,12,24,66,49,35,23,4,0,0,2
1,0,0,0,13,50,50,8,0,0,0,0,0,0,9,45,48,47,50,11,0,0,4,5
0,0,0,0,3,41,31,0,0,4,0,0,0,0,14,31,50,57,24,12,2,0,9,6
0,0,0,0,0,17,14,7,2,0,0,0,0,6,13,11,50,35,51,4,0,0,1,0
0,0,2,5,11,12,12,6,0,0,0,0,1,0,3,11,45,47,20,9,0,3,0,0
0,0,0,7,6,4,2,4,0,0,8,0,0,0,2,4,26,41,27,10,6,0,0,0
0,1,0,2,1,0,0,5,10,8,0,3,9,0,0,5,10,26,12,10,0,0,0,3
0,0,5,10,11,3,5,0,0,1,9,11,1,0,4,3,9,24,24,11,0,0,0,0
3,2,11,35,11,5,4,13,13,10,1,0,5,11,0,1,10,13,12,1,0,0,0,0
8,12,29,29,7,8,9,8,9,0,8,0,7,1,0,0,2,11,20,11,0,5,6,7
12,35,36,12,6,0,0,0,2,5,5,5,0,0,0,0,0,13,22,27,10,6,6,6
54,59,15,7,1,0,4,6,7,3,2,0,1,3,0,0,0,2,13,22,50,9,8,6

6,3,0,3,3,12,8,16,29,51,56,86,103,65,39,32,13,12,9,0,1,0,0,0
6,4,2,1,5,14,23,33,51,51,74,110,129,80,59,41,35,26,5,8,1,0,0,6
0,0,0,0,0,10,9,12,38,50,63,69,105,96,52,43,22,10,6,3,0,0,3,0
3,3,0,0,0,0,0,0,1,5,9,14,12,12,7,8,3,0,2,0,0,0,0,0
0,0,0,0,0,0,0,0,0,0,8,9,0,7,8,0,2,8,0,0,0,0,0,0
0,3,10,14,39,53,55,51,53,51,47,31,44,46,41,44,46,65,51,27,8,0,0,0
8,8,11,50,52,64,68,66,68,69,83,65,61,71,53,65,58,64,51,14,7,0,0,0
0,3,6,65,44,58,63,86,101,113,123,111,81,60,77,86,83,69,37,11,13,10,4,1
0,0,11,51,56,54,61,82,121,157,178,159,104,97,114,113,103,73,11,7,9,6,0,0
7,14,51,51,32,47,72,85,123,166,214,228,143,155,156,139,131,89,34,12,9,7,11,7
12,20,36,25,12,31,54,95,110,141,190,193,140,167,150,131,101,68,52,10,10,0,6,5
8,21,16,6,10,14,47,68,118,136,172,170,150,165,139,124,96,54,14,12,2,12,1,0
38,44,11,14,10,13,47,65,107,148,152,158,152,149,145,126,100,44,10,10,20,19,14,0
49,51,12,13,11,14,54,100,110,132,142,144,138,138,136,121,102,60,9,7,5,30,7,4
50,62,13,9,7,10,52,82,71,76,112,126,134,129,123,109,82,51,11,7,13,13,5,2
44,44,11,8,0,0,46,70,73,73,92,108,126,131,102,77,59,57,13,10,16,32,25,0
28,20,12,12,14,29,54,64,64,82,107,104,122,85,85,72,58,52,12,11,14,47,32,9
24,35,29,27,32,33,39,47,64,103,136,130,123,119,87,79,51,33,17,14,18,37,28,8
53,47,12,11,11,14,51,51,57,99,124,142,117,83,73,106,56,17,6,11,12,38,34,13
25,29,14,11,14,41,52,82,102,88,117,145,132,106,92,104,102,78,13,12,14,55,72,8
24,29,10,20,21,32,54,70,58,73,141,169,148,130,113,108,102,101,40,14,13,43,54,7
8,13,12,12,38,58,64,70,77,90,117,154,138,117,84,101,97,68,47,24,13,35,49,14
4,0,12,20,39,57,76,91,95,100,82,134,117,100,107,110,110,123,60,15,6,20,20,8
9,12,10,53,81,85,104,107,107,103,104,103,103,104,118,123,121,120,83,21,8,12,10,0
4,5,13,67,86,107,102,108,106,103,92,70,101,104,120,130,122,116,87,34,4,0,0,2
12,11,22,51,83,105,102,105,104,101,85,72,90,104,112,118,119,117,106,60,1,0,0,0
12,18,28,57,66,100,100,100,98,92,60,52,61,82,105,109,113,110,101,43,2,0,8,0
5,13,38,64,100,104,101,67,75,63,64,60,55,73,100,115,120,111,106,37,0,0,0,1
12,13,30,66,104,107,105,100,56,51,51,20,50,56,82,111,120,109,84,35,0,0,0,0
10,12,37,69,109,82,79,68,59,47,37,39,39,41,48,64,96,71,59,9,3,0,7,1
12,13,48,74,76,62,62,54,49,46,36,33,28,33,40,63,69,95,140,14,7,0,0,0
1,7,11,51,54,58,56,29,11,9,6,7,9,12,12,51,57,87,94,33,11,0,8,0
8,6,5,1,51,54,52,19,12,0,0,0,1,3,12,24,66,49,35,22,4,0,0,2
1,0,0,0,13,50,50,8,0,0,0,0,0,0,9,45,48,47,50,11,0,0,4,5
0,0,0,0,3,40,30,0,0,4,0,0,0,0,14,31,50,56,24,12,2,0,9,7
0,0,0,0,0,17,13,7,3,0,0,0,0,6,13,10,49,34,51,4,0,0,1,0
0,0,2,5,11,12,12,6,0,0,0,0,1,0,3,11,45,45,18,9,0,3,0,0
0,0,0,7,6,4,2,4,0,0,8,0,0,0,2,4,25,40,26,10,6,0,0,0
0,1,0,2,1,0,0,5,10,8,0,3,10,0,0,5,10,25,12,10,0,0,0,3
0,0,5,10,11,3,5,0,0,1,9,11,2,0,4,2,9,24,23,11,0,0,0,0
3,2,11,34,11,5,4,13,13,10,1,0,5,11,0,1,10,13,12,1,0,0,0,0
8,12,27,28,7,8,9,8,9,0,8,0,7,1,0,0,2,11,19,11,0,5,6,7
12,35,36,12,6,0,0,0,2,5,5,5,0,0,0,0,0,13,20,27,10,7,6,6
54,59,15,7,1,0,4,6,7,3,2,0,1,3,0,0,0,2,13,22,51,9,8,6

6,3,0,3,4,12,8,17,30,51,56,86,103,64,39,33,13,13,9,0,1,0,0,0
6,4,3,2,5,14,22,33,51,51,74,110,128,80,59,41,35,25,5,8,1,0,0,6
0,0,0,0,0,10,9,12,38,50,63,69,105,96,52,43,21,10,6,3,0,0,3,0
3,3,0,0,0,0,0,0,1,5,9,14,12,12,7,8,3,0,2,0,0,0,0,0
0,0,0,0,0,0,0,0,0,0,8,10,0,8,7,0,2,8,0,0,0,0,0,0
0,3,10,14,39,53,55,51,53,51,47,31,43,47,41,44,46,66,52,29,8,0,0,0
8,8,11,50,52,64,68,66,68,68,83,64,61,70,53,64,58,64,51,14,7,0,0,0
0,3,6,65,45,58,63,85,100,112,122,111,80,59,76,86,83,69,37,11,13,10,4,1
0,0,11,51,56,54,61,81,120,154,177,158,104,96,112,112,102,72,11,7,9,6,0,0
7,14,51,51,32,47,72,85,122,164,214,230,144,156,156,137,130,89,33,12,9,7,11,7
12,21,36,25,13,32,54,95,109,140,191,196,142,169,151,131,100,68,52,10,11,0,6,5
8,20,17,5,10,14,47,68,118,136,173,173,154,168,140,124,96,54,14,12,2,12,1,0
37,44,11,14,10,13,46,65,107,148,152,159,153,150,145,125,100,43,10,10,20,19,14,0
49,50,12,13,11,14,53,100,110,132,142,143,137,138,136,121,102,60,9,7,5,30,7,4
50,61,13,9,7,10,52,81,71,76,111,126,134,129,122,108,82,50,11,7,13,13,6,3
45,44,11,7,0,0,47,71,72,73,92,108,125,130,102,77,59,57,13,10,16,32,25,0
27,20,11,12,14,28,54,64,64,81,106,103,122,84,85,72,58,52,12,11,13,47,33,9
25,35,29,27,32,33,39,47,64,102,135,129,122,118,87,79,51,33,17,14,18,37,28,8
53,47,12,11,12,14,53,51,57,99,124,141,117,82,73,106,57,17,7,11,12,37,34,13
25,29,14,11,14,43,53,83,103,88,117,145,132,106,92,104,102,79,14,12,14,55,71,8
24,30,10,21,21,33,55,71,58,73,142,170,149,131,114,108,102,101,40,14,13,42,54,7
8,13,12,12,38,58,65,70,78,91,118,155,139,118,85,101,97,68,47,24,13,35,49,16
3,0,12,20,38,57,76,92,95,100,83,134,117,100,107,111,110,123,61,15,6,21,22,10
9,12,10,53,81,85,104,107,107,103,104,103,104,104,118,124,122,120,83,22,8,12,10,0
4,5,13,67,86,107,102,108,106,103,95,70,101,104,120,130,122,116,87,34,4,0,0,2
12,11,24,52,83,105,102,105,104,101,85,73,90,103,112,118,119,117,106,60,1,0,0,0
12,17,27,56,66,100,100,100,97,92,60,52,61,82,105,109,113,110,101,43,2,0,8,0
5,13,37,64,100,104,101,66,75,63,64,60,54,73,100,115,120,111,106,38,0,0,0,1
12,13,31,66,104,107,105,100,56,51,51,21,50,56,82,112,120,109,84,34,0,0,0,0
10,12,37,69,109,81,79,68,59,47,38,39,39,41,48,64,96,71,59,9,3,0,7,1
12,13,47,74,76,61,62,54,49,46,36,32,28,33,39,63,69,95,140,14,7,0,0,0
1,7,11,51,54,58,56,27,11,9,6,7,9,11,12,51,57,86,94,33,11,0,7,0
8,6,5,1,51,54,52,17,11,0,0,0,1,3,12,23,66,48,35,22,4,0,0,2
1,0,0,0,13,50,50,8,0,0,0,0,0,0,9,46,48,47,50,11,0,0,4,5
0,0,0,0,3,39,30,0,0,4,0,0,0,0,14,31,50,57,24,12,2,0,9,6
0,0,0,0,0,16,13,7,3,0,0,0,0,6,13,11,49,33,51,4,0,0,1,0
0,0,2,5,11,12,12,6,0,0,0,0,1,0,3,11,44,45,18,9,0,3,0,0
0,0,0,7,5,4,2,4,0,0,8,0,0,0,2,4,25,39,25,10,6,0,0,0
0,1,0,2,1,0,0,5,10,8,0,3,9,0,0,5,10,25,12,10,0,0,0,3
0,0,5,10,11,3,5,0,0,1,9,11,1,0,4,2,9,24,23,11,0,0,0,0
3,2,11,35,10,5,4,13,13,10,1,0,6,10,0,1,10,13,12,1,0,0,0,0
8,12,29,27,7,8,9,8,9,0,9,0,7,1,0,0,2,11,17,11,0,5,6,7
12,34,34,12,6,0,0,0,2,5,5,5,0,0,0,0,0,13,20,26,10,7,6,5
54,59,15,7,1,0,4,6,7,3,2,0,1,3,0,0,0,2,13,22,51,9,8,6

6,3,0,3,3,12,8,16,29,51,56,86,103,65,39,32,13,12,9,0,1,0,0,0
6,4,2,1,5,14,23,33,51,51,74,110,128,80,59,41,35,28,5,8,1,0,0,6
0,0,0,0,0,10,9,12,38,50,63,69,105,96,52,42,22,10,6,3,0,0,3,0
3,3,0,0,0,0,0,0,1,5,9,15,12,12,7,8,3,0,2,0,0,0,0,0
0,0,0,0,0,0,0,0,0,0,8,10,0,8,8,0,2,8,0,0,0,0,0,0
0,3,10,14,40,53,55,51,53,51,47,30,43,47,41,44,46,66,52,29,8,0,0,0
8,8,11,50,52,64,68,66,68,68,82,63,60,70,52,64,58,64,51,14,7,0,0,0
0,3,6,65,46,58,63,85,100,111,121,110,80,59,76,85,83,69,35,11,13,10,4,1
0,0,12,51,56,54,61,81,119,153,176,158,103,96,112,111,102,72,11,7,9,6,0,0
7,14,52,52,32,48,72,85,121,162,215,232,144,157,156,137,129,89,32,12,9,7,11,7
12,20,36,24,13,31,54,94,109,140,191,197,142,171,152,130,100,68,52,10,11,0,6,5
8,21,17,5,10,14,47,68,117,136,174,174,156,170,141,124,96,54,14,12,3,12,1,0
37,44,11,14,10,13,45,65,107,148,152,159,153,151,146,126,100,44,10,10,20,19,14,0
50,50,12,13,11,14,53,100,110,133,142,143,137,138,136,121,102,60,9,7,5,31,7,4
50,61,13,9,7,10,51,81,71,76,111,125,133,128,122,108,82,51,11,7,13,13,6,3
44,44,11,8,0,0,47,70,72,73,91,107,125,130,102,77,59,57,13,10,16,32,25,0
27,19,12,12,14,28,54,64,64,81,105,103,121,84,84,72,58,52,12,11,13,47,33,9
24,35,29,27,32,33,39,47,64,101,134,128,121,118,87,79,51,33,17,14,18,37,28,8
53,47,12,11,12,14,53,51,57,98,124,141,116,82,73,106,57,18,7,11,12,37,33,13
25,30,14,11,14,44,53,83,103,88,117,145,132,106,93,104,103,81,14,12,14,55,71,8
24,29,10,21,22,32,55,70,59,73,142,170,149,131,114,108,102,101,41,14,12,42,54,7
8,13,12,13,39,58,65,70,78,91,118,155,139,118,85,101,98,68,47,24,13,35,49,15
4,0,12,20,38,58,76,92,95,100,83,135,117,100,107,111,110,123,61,15,6,21,21,9
9,12,10,53,82,85,104,107,108,103,104,103,104,105,118,124,122,120,83,25,8,12,10,0
4,5,13,67,87,107,102,108,106,103,92,70,101,104,120,130,122,116,88,34,4,0,0,2
12,11,25,51,83,105,102,105,104,101,85,73,90,104,112,118,119,117,107,60,1,0,0,0
12,17,28,57,66,100,100,100,97,90,60,52,62,82,105,109,113,110,101,44,2,0,8,0
5,13,38,64,100,104,101,67,75,63,63,60,54,73,100,115,120,111,106,38,0,0,0,1
12,13,31,66,104,107,105,100,56,51,51,20,50,56,82,111,120,109,84,35,0,0,0,0
10,13,38,69,109,82,79,68,59,47,38,39,38,42,49,64,96,71,59,9,3,0,7,1
12,13,47,74,76,61,62,53,49,46,36,32,28,33,39,63,69,95,140,14,7,0,0,0
1,7,11,51,54,58,56,30,11,9,6,7,9,11,12,51,58,87,94,33,11,0,7,0
8,6,5,1,51,54,52,18,11,0,0,0,1,3,12,24,66,48,35,22,4,0,0,2
2,0,0,0,13,50,50,8,0,0,0,0,0,0,9,45,48,47,50,11,0,0,4,6
0,0,0,0,3,40,30,0,0,4,0,0,0,0,14,31,50,56,24,12,2,0,9,7
0,0,0,0,0,17,13,7,3,0,0,0,0,6,13,11,48,34,51,4,0,0,1,0
0,0,2,5,11,12,12,6,0,0,0,0,1,0,3,11,45,45,18,9,0,3,0,0
0,0,0,7,6,4,2,4,0,0,8,0,0,0,2,4,24,40,26,10,6,0,0,0
0,1,0,2,1,0,0,5,10,8,0,3,10,0,0,5,10,25,12,10,0,0,0,3
0,0,5,10,11,2,5,0,0,1,9,11,1,0,4,2,9,24,23,11,0,0,0,0
3,2,11,34,10,5,4,12,13,10,1,0,5,11,0,1,9,13,12,1,0,0,0,0
8,12,27,27,7,8,9,8,9,0,8,0,7,1,0,0,2,11,17,11,0,5,6,7
12,35,35,11,6,0,0,0,2,5,5,5,0,0,0,0,0,13,20,27,10,7,6,6
54,59,15,7,1,0,4,6,7,3,2,0,1,3,0,0,0,2,13,22,51,9,8,6

6,3,0,3,3,12,8,15,29,51,55,85,103,65,39,32,13,12,9,0,1,0,0,0
6,4,3,2,5,14,23,34,51,51,74,109,128,80,59,41,35,26,5,8,1,0,0,6
0,0,0,0,0,10,9,12,38,50,63,69,105,96,52,42,21,10,6,3,0,0,3,0
2,3,0,0,0,0,0,0,1,5,9,15,12,12,7,8,3,0,2,0,0,0,0,0
0,0,0,0,0,0,0,0,0,0,8,10,0,8,7,0,2,8,0,0,0,0,0,0
0,3,10,14,40,54,55,51,53,52,47,31,43,47,41,44,46,66,52,29,8,0,0,0
8,9,11,50,52,64,69,67,68,68,83,64,61,71,52,64,57,64,51,14,7,0,0,0
0,3,6,65,46,58,63,85,100,112,122,111,80,59,76,86,83,69,36,11,13,11,4,1
0,0,12,51,56,54,61,81,120,155,178,159,104,97,113,113,103,72,11,7,9,6,0,0
7,14,52,52,32,48,72,85,123,166,215,232,143,157,158,139,130,89,35,12,9,7,11,7
12,21,36,25,13,32,54,95,110,141,191,195,141,169,152,132,101,68,52,10,11,0,6,5
8,21,18,6,10,14,47,68,118,136,173,172,153,167,140,125,96,54,14,12,3,12,1,0
38,43,12,14,10,13,47,65,107,147,151,157,151,149,145,125,100,44,10,10,20,19,14,0
49,50,12,13,11,14,53,100,110,132,141,142,136,137,135,121,102,61,9,7,5,33,7,4
50,61,13,9,7,10,51,81,70,75,111,124,133,128,122,108,81,51,11,7,13,13,6,3
44,44,11,7,0,0,45,70,72,72,91,107,124,129,102,77,59,57,13,10,15,32,26,0
27,19,12,12,13,26,53,63,63,80,105,102,121,84,84,72,58,52,12,11,13,47,34,9
24,35,29,27,32,33,39,47,63,101,134,127,120,117,86,78,51,32,17,14,18,37,28,8
53,47,12,11,12,14,53,52,57,98,123,141,116,82,72,106,56,18,7,11,12,38,34,13
25,29,14,11,14,43,53,84,103,88,117,145,132,106,92,104,103,82,14,12,14,55,71,8
23,29,10,21,21,33,55,71,59,73,142,171,150,131,114,108,102,101,41,15,12,42,53,7
8,13,12,12,38,58,65,71,78,92,118,157,140,119,86,102,99,68,47,25,13,35,49,15
4,0,12,20,39,58,76,92,96,100,84,135,117,100,108,111,110,124,61,16,6,20,21,9
9,11,10,52,82,85,104,107,108,103,104,103,104,105,118,124,122,120,83,26,8,12,10,0
4,5,13,67,86,107,102,108,106,103,95,71,101,104,121,131,122,117,88,35,5,0,0,2
12,11,25,52,82,105,102,105,104,101,86,73,91,104,113,119,119,117,106,61,1,0,0,0
12,18,27,57,66,100,100,100,97,90,60,52,62,82,105,109,113,110,101,46,2,0,8,0
5,13,39,64,100,104,101,66,77,62,64,60,55,73,100,115,120,111,106,38,0,0,0,1
12,13,30,66,104,107,105,100,56,51,51,20,50,56,82,111,120,109,84,35,0,0,0,0
10,12,38,69,109,82,79,68,59,47,38,39,38,42,48,64,96,71,59,9,3,0,7,1
12,13,47,74,76,62,62,53,49,46,36,33,28,33,39,64,70,94,139,14,7,0,0,0
1,7,11,51,54,58,57,29,11,9,6,7,9,12,12,52,58,87,95,33,11,0,8,0
8,6,5,1,51,54,52,18,11,0,0,0,1,3,12,25,66,48,35,22,4,0,0,2
1,0,0,0,13,50,50,8,0,0,0,0,0,0,9,45,48,47,50,11,0,0,4,6
0,0,0,0,3,39,30,0,0,4,0,0,0,0,14,31,50,56,24,12,2,0,9,7
0,0,0,0,0,17,13,7,3,0,0,0,0,6,13,10,49,34,51,4,0,0,1,0
0,0,2,5,11,12,12,6,0,0,0,0,1,0,3,11,45,45,19,9,0,3,0,0
0,0,0,7,6,4,2,4,0,0,8,0,0,0,2,4,25,41,27,10,6,0,0,0
0,1,0,2,1,0,0,5,10,8,0,3,10,0,0,5,10,25,12,10,0,0,0,3
0,0,5,10,11,3,5,0,0,1,9,11,2,0,4,2,9,24,23,11,0,0,0,0
3,1,11,35,10,5,4,13,13,10,1,0,6,11,0,1,10,13,12,1,0,0,0,0
8,12,27,28,7,8,9,8,9,0,9,0,7,1,0,0,1,11,17,11,0,4,6,7
12,34,34,12,6,0,0,0,2,5,5,5,0,0,0,0,0,13,20,27,9,7,6,6
54,59,16,7,1,0,4,6,7,3,2,0,1,3,0,0,0,2,13,22,50,9,8,6

6,3,0,3,3,12,8,16,28,51,55,85,103,64,39,32,13,13,9,0,1,0,0,0
6,4,2,1,5,14,22,33,51,51,74,109,128,80,59,41,35,26,6,8,1,0,0,6
0,0,0,0,0,10,9,12,37,50,63,69,105,96,52,43,22,10,7,3,0,0,3,0
2,3,0,0,0,0,0,0,1,5,9,15,12,12,7,8,3,0,2,0,0,0,0,0
0,0,0,0,0,0,0,0,0,0,8,9,0,7,8,0,2,8,0,0,0,0,0,0
0,3,10,14,40,54,55,51,54,52,48,31,44,47,42,46,46,65,51,28,8,0,0,0
8,9,11,50,52,64,68,67,69,70,85,66,62,71,54,65,58,65,51,14,7,0,0,0
0,3,7,65,47,58,64,86,102,116,125,113,81,60,78,88,84,69,39,12,13,11,4,1
0,0,12,51,56,55,62,82,123,161,182,161,105,99,117,116,105,74,12,7,9,6,0,0
7,14,52,52,33,50,72,86,125,171,217,230,143,156,161,144,134,91,38,12,9,7,11,7
12,21,36,25,13,33,54,96,112,143,190,192,139,167,153,134,103,69,53,10,11,0,6,5
8,21,19,5,10,14,49,68,118,136,171,167,147,163,139,125,97,54,15,13,2,12,1,0
39,45,12,14,10,13,47,65,107,147,150,155,149,147,144,126,101,45,10,10,21,19,13,0
49,50,12,12,11,14,53,100,110,131,141,142,136,136,135,120,102,61,9,7,5,30,7,4
50,62,13,9,7,10,52,81,70,75,110,124,132,128,121,108,81,50,11,6,13,13,6,2
45,44,11,7,0,0,45,69,71,72,90,106,124,129,101,76,58,55,12,9,14,32,26,0
28,20,11,12,14,25,53,62,63,80,104,102,120,83,84,72,58,51,12,11,13,47,34,9
24,35,29,27,32,32,39,46,63,100,133,127,119,116,86,78,50,32,16,14,19,37,28,8
54,47,12,11,12,14,53,51,56,97,123,141,116,81,72,105,56,17,7,11,12,38,34,13
25,31,14,11,14,43,53,84,103,88,117,145,131,106,92,104,103,83,14,12,14,55,71,8
24,29,10,21,21,33,55,71,59,73,142,171,150,131,114,108,102,101,41,15,12,43,53,7
8,13,12,12,38,58,65,70,78,92,119,156,140,119,86,101,98,68,47,25,13,35,49,15
4,0,12,20,38,57,76,92,96,100,84,135,117,100,108,111,110,124,61,15,6,20,21,9
9,12,10,53,81,85,104,107,108,103,104,103,104,105,118,124,122,120,84,23,8,12,10,0
4,5,13,67,86,107,102,107,106,103,94,69,101,104,120,131,122,117,87,34,5,0,0,2
12,11,25,52,82,105,102,105,104,101,86,76,91,104,113,119,119,117,107,61,1,0,0,0
12,18,28,56,67,100,100,100,97,92,60,52,61,82,105,109,113,110,101,46,2,0,8,0
5,13,38,64,100,104,101,66,75,63,65,60,55,72,100,115,120,111,106,38,0,0,0,1
12,13,31,66,104,107,105,100,56,51,51,21,50,56,82,111,120,109,84,35,0,0,0,0
10,12,37,68,109,82,79,68,58,47,38,39,38,41,48,64,96,71,59,9,3,0,7,1
12,13,47,74,76,62,62,53,50,46,36,32,28,33,39,64,70,94,140,14,7,0,0,0
1,7,11,51,54,58,56,30,11,9,6,7,9,11,12,52,58,87,95,33,11,0,8,0
8,6,5,2,51,54,52,18,12,0,0,0,1,3,12,25,66,49,35,23,4,0,0,2
1,0,0,0,13,49,50,8,0,0,0,0,0,0,9,45,48,47,50,11,0,0,4,6
0,0,0,0,3,40,30,0,0,4,0,0,0,0,14,31,50,56,24,12,2,0,9,7
0,0,0,0,0,17,13,7,3,0,0,0,0,6,13,11,49,33,51,4,0,0,1,0
0,0,2,5,11,12,12,6,0,0,0,0,1,0,4,11,45,46,20,9,0,3,0,0
0,0,0,7,6,4,2,4,0,0,8,0,0,0,2,4,27,40,27,10,6,0,0,0
0,1,0,2,2,0,0,5,10,8,0,3,10,0,0,5,10,26,13,10,0,0,0,3
0,0,5,10,11,3,5,0,0,1,9,11,1,0,4,2,9,24,25,11,0,0,0,0
3,2,11,35,11,5,4,13,13,10,1,0,5,11,0,1,10,13,12,1,0,0,0,0
8,12,27,29,7,8,9,8,9,0,8,0,7,1,0,0,2,11,19,11,0,4,6,7
12,36,36,12,6,0,0,0,2,5,5,5,0,0,0,0,0,13,21,27,10,6,6,6
54,59,17,7,1,0,4,6,7,3,2,0,1,3,0,0,0,2,13,22,50,9,8,6

6,3,0,3,4,12,8,17,29,51,55,85,103,65,39,33,13,13,9,0,1,0,0,0
6,4,2,1,5,14,22,33,51,51,74,109,129,80,59,41,35,28,6,8,1,0,0,6
0,0,0,0,0,10,9,12,37,50,63,69,105,97,52,43,22,10,7,3,0,0,3,0
2,3,0,0,0,0,0,0,1,5,9,14,12,12,7,8,3,0,2,0,0,0,0,0
0,0,0,0,0,0,0,0,0,0,8,9,0,8,8,0,2,8,0,0,0,0,0,0
0,3,10,14,40,54,55,50,53,52,48,31,45,47,42,46,46,64,51,29,8,0,0,0
8,9,11,50,52,64,68,67,69,70,85,66,62,72,54,65,58,64,51,14,7,0,0,0
0,3,7,65,48,58,64,86,101,115,125,113,82,60,78,88,84,69,39,11,13,11,4,1
0,0,12,51,56,55,62,82,122,160,181,161,105,99,117,115,105,74,12,7,9,6,0,0
7,14,52,52,32,48,72,85,124,168,215,229,143,156,159,142,133,90,36,12,9,7,11,7
12,21,36,25,13,32,54,95,110,142,189,192,138,166,151,133,102,68,53,10,11,0,6,5
8,21,17,5,10,14,46,68,118,136,170,167,147,163,139,125,97,54,14,12,2,12,1,0
38,44,11,14,10,13,47,65,107,147,150,156,151,148,144,126,101,44,10,10,20,19,13,0
50,51,12,12,11,14,54,100,111,132,142,143,137,138,135,121,102,61,9,7,5,33,7,4
50,62,13,9,7,10,52,82,70,76,111,125,133,129,122,108,82,51,11,7,13,13,6,2
44,44,11,7,0,0,46,70,72,73,91,108,125,130,102,77,59,56,13,10,15,32,26,0
28,21,12,12,14,26,53,63,63,81,106,103,122,84,84,72,58,52,12,11,13,47,34,9
24,35,29,27,32,33,39,47,63,102,135,129,122,118,87,78,51,32,17,14,18,37,28,8
53,47,12,11,11,14,52,51,57,98,124,142,117,82,73,106,56,17,7,11,12,38,34,13
24,30,14,11,14,43,52,81,102,88,117,145,132,106,91,104,102,79,14,12,14,55,71,8
24,29,10,20,21,32,55,70,58,73,142,170,149,130,113,108,102,101,40,14,12,43,53,7
8,13,12,12,38,57,64,70,77,91,117,154,139,118,84,101,97,68,47,24,13,35,49,14
4,0,12,20,38,57,75,91,95,100,83,134,117,100,107,110,109,123,60,15,6,20,21,9
9,12,10,53,81,85,104,107,107,103,104,103,104,104,118,123,121,120,83,23,8,12,10,0
4,5,13,66,86,107,102,108,106,103,94,70,101,104,120,130,122,116,87,34,5,0,0,2
12,11,24,52,82,105,102,105,104,101,86,73,89,104,112,118,119,117,106,60,1,0,0,0
12,18,29,57,67,100,100,100,98,92,60,52,62,81,105,109,113,110,101,44,2,0,9,0
5,13,37,64,100,104,101,66,76,62,64,60,54,73,100,115,120,111,106,38,0,0,0,1
12,13,31,66,104,107,105,100,56,51,51,20,50,56,82,111,120,109,84,35,0,0,0,0
10,13,37,69,109,82,79,68,59,48,38,39,38,42,48,64,96,71,59,9,3,0,7,1
12,13,48,74,76,62,62,54,49,46,36,33,28,33,39,64,70,95,140,14,7,0,0,0
1,7,11,51,54,58,57,30,11,9,6,7,9,12,12,52,58,87,95,33,11,0,8,0
8,6,6,2,51,54,52,19,12,0,0,0,1,3,12,25,66,49,35,23,4,0,0,2
1,0,0,0,13,49,50,8,0,0,0,0,0,0,9,45,48,47,50,11,0,0,4,6
0,0,0,0,3,41,31,1,0,4,0,0,0,0,14,31,51,57,24,12,2,0,9,7
0,0,0,0,0,17,13,7,3,0,0,0,0,6,13,11,50,34,51,4,1,0,1,0
0,0,2,5,11,12,12,6,0,0,0,0,1,0,3,11,46,47,20,9,0,3,0,0
0,0,0,7,6,4,2,4,0,0,8,0,0,0,2,4,27,42,27,10,6,0,0,0
0,1,0,3,2,0,0,5,10,8,0,3,10,0,0,5,10,26,13,11,0,0,0,3
0,0,5,10,11,3,5,0,0,1,10,11,1,0,4,3,9,25,25,11,0,0,0,0
3,2,12,36,11,5,5,13,13,10,1,0,5,11,0,1,10,13,12,1,0,0,0,0
8,13,29,32,7,8,9,8,9,0,8,0,7,1,0,0,2,11,21,11,0,4,6,7
12,35,36,12,6,0,0,0,2,5,5,5,0,0,0,0,0,13,22,27,10,6,6,5
54,60,17,7,1,0,4,6,7,3,2,0,1,3,0,0,0,2,13,22,50,9,8,6

6,3,0,3,3,12,8,15,29,51,55,86,103,65,39,32,13,12,9,0,1,0,0,0
6,4,3,1,5,14,22,33,51,51,74,110,129,80,59,42,35,28,6,8,1,0,0,6
0,0,0,0,0,10,9,12,38,50,63,69,105,97,52,43,22,10,7,3,0,0,3,0
3,3,0,0,0,0,0,0,1,5,9,14,12,12,7,8,3,0,2,0,0,0,0,0
0,0,0,0,0,0,0,0,0,0,8,9,0,8,8,0,2,8,0,0,0,0,0,0
0,3,10,14,41,54,55,50,54,52,48,31,44,47,42,46,45,64,51,28,8,0,0,0
8,8,11,50,52,64,68,67,69,70,85,66,62,72,54,65,57,64,51,14,7,0,0,0
0,3,7,65,46,58,64,86,101,115,124,112,81,60,77,87,84,69,37,11,13,11,4,1
0,0,12,51,56,55,62,82,122,159,180,160,105,99,116,115,104,73,12,7,9,6,0,0
7,14,52,52,32,50,72,85,123,166,212,227,142,155,158,141,132,90,36,12,9,7,11,7
12,21,36,24,13,31,54,95,110,140,187,190,138,164,150,132,102,68,52,10,11,0,6,5
8,20,18,5,10,14,46,68,118,135,170,167,147,163,139,125,96,54,14,12,2,12,1,0
37,45,12,14,10,13,47,65,107,148,151,158,152,149,145,126,101,44,10,9,20,19,14,0
50,50,12,13,11,14,54,100,111,132,143,144,138,139,136,121,102,62,9,7,5,31,7,4
50,62,13,9,7,10,52,82,71,76,113,127,134,129,123,109,82,51,11,7,13,13,6,3
45,44,11,8,0,0,47,70,73,73,93,109,126,131,103,77,59,57,13,10,16,32,26,0
26,20,12,12,14,29,54,64,64,82,107,104,123,85,85,72,58,52,12,11,14,47,33,9
25,35,29,27,32,33,39,47,64,103,136,130,123,120,87,79,51,33,17,14,18,37,28,8
53,47,12,11,11,14,50,51,57,100,125,142,118,83,73,106,56,17,6,11,12,38,34,13
25,29,14,11,14,41,52,81,102,88,117,146,132,106,92,104,102,77,13,12,14,55,71,8
23,29,10,20,21,32,54,69,58,72,141,170,149,130,113,107,102,101,40,14,12,43,53,7
8,13,12,12,38,57,64,70,77,90,117,153,138,117,84,100,96,68,47,24,13,35,49,14
4,0,12,20,38,57,75,91,95,100,81,134,116,100,107,110,109,123,60,15,6,19,20,9
9,12,10,52,82,85,104,107,107,103,104,103,104,104,118,123,121,120,83,21,8,12,10,0
4,5,13,67,87,107,102,107,106,103,92,70,101,104,120,130,122,116,87,34,4,0,0,2
12,11,25,51,82,105,102,105,104,101,85,73,91,103,112,118,119,117,106,61,1,0,0,0
12,18,28,57,66,100,100,100,97,92,60,52,62,82,105,109,113,110,101,43,2,0,9,0
5,13,37,64,100,104,101,66,76,63,65,59,54,73,100,115,120,111,106,40,0,0,0,1
12,13,31,66,104,107,105,100,56,51,51,20,50,56,82,111,120,109,84,35,0,0,0,0
10,13,38,68,109,81,79,68,58,47,38,39,38,42,48,64,96,71,59,9,3,0,7,1
12,13,48,74,76,62,62,53,49,46,36,33,28,33,39,63,70,95,140,14,7,0,0,0
1,7,11,51,54,58,57,30,11,9,6,7,9,12,12,52,58,88,96,33,11,0,8,0
8,6,6,2,51,54,52,19,12,0,0,0,1,3,12,25,66,49,35,23,4,0,0,2
1,0,0,0,13,50,50,8,0,0,0,0,0,0,9,45,48,47,50,11,0,0,4,6
0,0,0,0,3,40,32,0,0,4,0,0,0,0,14,31,51,56,24,12,3,0,9,7
0,0,0,0,0,18,13,8,3,0,0,0,0,6,13,11,49,34,51,4,1,0,1,0
0,0,2,5,11,12,12,6,0,0,0,0,1,0,3,11,45,47,20,9,0,3,0,0
0,0,0,7,6,5,2,4,0,0,8,0,0,0,2,4,27,41,27,11,6,0,0,0
0,1,0,3,2,0,0,5,10,8,0,3,10,0,0,5,10,25,13,11,0,0,0,3
0,0,6,10,11,3,5,0,0,1,9,11,2,0,4,2,9,24,25,11,0,0,0,0
3,2,12,36,11,5,4,13,13,10,1,0,5,11,0,1,10,13,12,1,0,0,0,0
9,13,29,33,7,8,9,8,9,0,8,0,7,1,0,0,2,11,20,11,0,4,6,7
12,36,36,12,6,0,0,0,2,5,5,5,0,0,0,0,0,13,21,27,10,6,6,5
54,60,16,7,1,0,5,6,7,3,2,0,1,3,0,0,0,2,13,22,50,9,8,6

6,3,0,3,3,12,8,17,29,51,55,86,103,65,39,32,13,13,9,0,1,0,0,0
6,4,3,2,5,14,23,33,51,51,74,110,129,80,59,41,35,28,6,8,1,0,0,6
0,0,0,0,0,10,9,12,38,50,63,69,105,97,52,42,22,10,7,3,0,0,3,0
3,3,0,0,0,0,0,0,1,5,9,14,12,12,7,8,4,0,2,0,0,0,0,0
0,0,0,0,0,0,0,0,0,0,8,9,0,8,7,0,2,8,0,0,0,0,0,0
0,3,10,14,40,54,55,51,53,52,48,31,44,47,42,46,46,65,51,29,8,0,0,0
8,8,11,50,52,64,68,66,69,69,84,66,62,71,53,65,57,64,51,14,7,0,0,0
0,3,6,65,46,58,64,86,101,114,123,112,81,60,77,86,83,69,37,11,13,11,4,1
0,0,12,51,56,54,61,81,121,157,179,159,104,98,114,113,103,73,11,7,9,6,0,0
7,14,52,52,32,50,72,85,122,165,215,229,143,156,157,139,130,89,35,12,9,7,11,7
12,21,36,24,13,31,54,95,109,140,190,194,140,168,151,131,101,68,52,10,11,0,6,5
8,21,18,5,10,14,46,68,117,135,171,171,151,166,139,124,96,54,14,12,3,12,1,0
37,43,12,14,10,13,46,65,107,147,152,158,153,150,145,126,100,44,10,9,20,19,14,0
50,50,12,13,11,14,53,100,110,132,143,144,138,139,136,121,102,60,9,7,5,33,7,4
50,62,13,9,7,10,52,82,71,76,112,126,134,129,123,109,82,51,11,7,13,13,6,3
46,44,11,8,0,0,47,71,73,73,92,109,126,131,102,78,59,57,13,10,16,32,26,0
27,20,12,12,14,28,53,64,64,82,107,104,122,85,85,72,58,52,12,11,14,47,34,9
25,35,29,27,32,33,39,47,64,103,136,130,123,119,87,79,51,33,17,14,19,37,28,8
53,47,12,11,11,14,51,51,57,100,124,142,117,83,73,106,56,18,6,11,12,38,34,13
25,30,14,11,14,42,52,82,102,88,117,145,132,106,92,104,102,79,14,12,14,55,71,8
23,29,10,20,21,32,54,70,58,73,142,170,149,130,113,108,102,101,40,14,12,43,53,7
8,13,12,12,38,57,64,70,77,90,117,154,138,117,84,101,97,68,47,24,13,35,49,14
3,0,12,20,38,57,76,91,95,100,82,134,116,100,107,110,110,123,60,15,6,19,21,9
9,12,10,53,81,85,104,107,107,103,104,103,104,104,118,123,121,120,83,22,8,12,10,0
4,5,13,66,86,107,102,107,106,103,94,69,101,104,120,130,122,116,87,34,4,0,0,2
12,11,25,52,84,105,102,105,104,101,86,73,90,104,112,118,119,117,106,61,1,0,0,0
12,18,28,56,66,100,100,100,97,90,60,52,61,81,105,109,113,110,101,44,2,0,8,0
6,13,38,64,100,104,101,66,75,63,64,60,54,73,100,115,120,111,106,38,0,0,0,1
12,13,31,66,104,107,105,100,56,51,51,21,50,56,82,111,120,109,84,35,0,0,0,0
10,13,38,69,109,81,79,68,58,48,38,39,39,42,48,64,96,71,59,9,3,0,7,1
12,13,48,74,76,62,62,53,50,46,36,33,28,33,40,64,70,95,140,14,7,0,0,0
1,7,11,51,54,58,56,29,11,9,6,7,9,12,12,52,58,87,94,33,11,0,8,0
8,6,6,2,51,54,52,19,11,0,0,0,1,3,12,25,66,49,35,23,4,0,0,2
1,0,0,0,13,50,50,8,0,0,0,0,0,0,9,45,48,47,50,11,0,0,4,6
0,0,0,0,3,40,30,0,0,4,0,0,0,0,14,31,50,56,24,12,3,0,9,7
0,0,0,0,0,17,13,8,3,0,0,0,0,6,13,11,49,35,51,4,1,0,1,0
0,0,2,5,11,12,12,6,0,0,0,0,1,0,3,11,45,46,20,9,0,3,0,0
0,0,0,7,6,4,2,4,0,0,8,0,0,0,2,4,26,41,27,10,6,0,0,0
0,1,0,2,1,0,0,5,10,8,0,3,10,0,0,5,10,25,12,11,0,0,0,3
0,0,6,10,11,3,5,0,0,1,10,11,2,0,4,2,9,24,25,11,0,0,0,0
3,2,12,35,11,5,4,12,13,10,0,0,5,11,0,1,10,13,12,1,0,0,0,0
9,13,29,29,7,8,9,8,9,0,9,0,7,1,0,0,2,11,19,11,1,4,6,7
12,36,35,12,6,0,0,0,2,5,5,5,0,0,0,0,0,13,21,27,10,6,6,6
54,60,16,7,1,0,4,6,7,3,2,0,1,3,0,0,0,2,13,22,51,9,8,6

6,3,0,3,4,12,8,16,30,51,55,86,102,64,39,32,13,12,9,0,1,0,0,0
6,4,3,2,5,14,23,34,51,51,74,110,128,80,59,41,35,28,5,8,1,0,0,6
0,0,0,0,0,10,9,12,38,50,63,69,105,96,52,42,21,10,6,3,0,0,3,0
3,3,0,0,0,0,0,0,1,5,9,15,12,12,7,8,3,0,2,0,0,0,0,0
0,0,0,0,0,0,0,0,0,0,8,10,0,8,8,0,2,8,0,0,0,0,0,0
0,3,10,14,40,54,55,51,53,51,47,31,43,47,41,45,46,66,52,30,8,0,0,0
8,8,11,50,52,64,69,67,68,68,82,64,60,70,53,64,57,64,51,14,7,0,0,0
0,3,6,65,46,58,63,85,100,112,121,110,80,59,76,85,82,69,37,12,13,11,4,1
0,0,12,51,56,54,61,81,120,154,176,157,103,96,112,111,102,72,11,7,9,6,0,0
7,14,51,52,32,50,72,84,122,163,214,230,143,156,156,137,129,89,34,12,9,7,11,7
12,20,36,25,13,32,54,95,109,140,191,196,142,170,152,131,100,68,52,10,11,0,6,5
8,21,19,6,10,14,47,68,117,136,173,174,155,169,141,124,96,54,14,12,3,12,1,0
37,44,11,14,10,13,45,65,107,148,152,159,154,151,146,126,100,44,10,9,20,20,14,0
49,50,12,13,11,14,53,100,110,132,143,143,137,138,136,121,102,60,9,7,5,33,7,4
50,62,13,9,7,10,52,81,71,76,112,126,134,129,122,109,82,51,11,7,13,13,6,3
45,45,11,8,0,0,47,70,72,73,92,108,126,130,102,77,59,57,13,10,16,32,26,0
27,20,12,12,14,27,53,63,64,81,106,103,122,84,84,72,58,52,12,11,13,47,34,9
24,35,29,27,32,33,39,47,64,102,135,129,122,119,87,79,51,33,17,14,18,37,28,8
53,47,12,11,12,14,52,51,57,99,124,141,117,82,73,106,57,18,7,11,12,38,34,13
24,30,14,11,14,43,53,82,103,88,117,145,132,106,92,104,103,80,14,12,14,55,71,8
23,29,10,20,22,32,55,70,59,73,142,170,149,131,114,108,102,101,40,14,13,43,53,7
8,13,12,12,38,58,65,70,78,91,118,155,139,118,85,101,97,68,47,25,13,35,49,14
3,0,12,20,39,57,76,92,95,100,82,134,117,100,107,111,110,123,61,15,6,20,21,9
9,12,10,53,82,85,104,107,107,103,104,103,104,104,118,123,122,120,84,25,8,12,10,0
4,5,13,67,86,107,102,107,106,103,92,70,101,104,120,130,122,117,87,34,4,0,0,2
12,11,25,53,83,105,102,105,104,101,86,73,90,104,112,118,119,117,106,61,1,0,0,0
12,18,28,57,66,100,100,100,97,92,60,52,61,82,105,109,113,110,101,44,2,0,9,0
6,13,37,64,100,104,101,66,76,63,64,60,54,73,100,115,120,111,106,38,0,0,0,1
12,13,30,66,104,107,105,100,56,51,51,20,50,56,82,111,120,109,84,35,0,0,0,0
10,12,38,69,109,81,79,68,58,47,38,39,39,42,48,64,96,71,59,9,3,0,7,1
12,13,46,74,75,61,62,53,49,46,36,32,28,33,40,63,70,95,140,14,7,0,0,0
1,7,11,51,54,58,56,30,11,9,6,7,9,12,12,52,58,87,94,33,11,0,8,0
8,6,5,2,51,54,52,18,11,0,0,0,1,3,12,25,66,49,35,23,4,0,0,2
1,0,0,0,13,50,50,8,0,0,0,0,0,0,9,45,48,47,50,11,0,0,4,6
0,0,0,0,3,39,31,0,0,4,0,0,0,0,13,31,50,56,25,12,3,0,9,7
0,0,0,0,0,17,13,7,3,0,0,0,0,6,13,11,49,33,51,4,1,0,1,0
0,0,3,5,11,12,12,6,0,0,0,0,1,0,3,11,45,46,20,9,0,3,0,0
0,0,0,7,6,4,2,4,0,0,8,0,0,0,2,4,25,39,27,10,6,0,0,0
0,1,0,2,1,0,0,5,10,8,0,3,10,0,0,5,10,25,12,11,0,0,0,3
0,0,6,10,11,3,5,0,0,1,10,11,1,0,4,2,9,24,24,11,0,0,0,0
3,2,12,35,11,5,4,13,13,10,1,0,6,11,0,1,10,13,12,1,0,0,0,0
9,13,29,29,7,8,9,8,9,0,9,0,7,1,0,0,2,11,20,11,1,4,6,7
12,36,34,12,6,0,0,0,2,5,5,5,0,0,0,0,0,13,18,27,10,6,6,6
54,60,16,7,1,0,4,6,7,3,2,0,1,3,0,0,0,2,13,22,51,9,8,6

6,3,0,3,3,12,8,17,29,51,55,86,102,65,39,32,14,12,9,0,1,0,0,0
6,4,3,2,5,14,22,34,51,51,74,109,128,80,59,41,35,26,5,8,1,0,0,6
0,0,0,0,0,10,9,12,38,50,63,69,105,97,52,42,22,10,7,3,0,0,3,0
2,3,0,0,0,0,0,0,1,5,9,17,12,12,7,8,3,0,2,0,0,0,0,0
0,0,0,0,0,0,0,0,0,0,8,10,0,8,7,0,2,8,0,0,0,0,0,0
0,3,10,14,40,54,55,51,53,51,47,31,42,46,41,44,47,66,53,30,8,0,0,0
8,9,11,50,52,64,69,67,68,68,82,64,60,70,52,64,57,64,51,14,7,0,0,0
0,3,6,65,46,58,63,85,100,110,120,110,79,59,76,84,82,68,37,11,13,11,4,1
0,0,12,51,56,54,61,81,119,152,175,158,103,96,111,111,101,72,11,7,9,6,0,0
7,14,52,52,32,50,72,84,121,162,215,232,144,157,155,136,128,88,33,12,9,7,11,7
12,20,36,25,13,32,54,94,108,140,191,198,142,171,152,130,100,68,52,10,11,0,6,5
8,20,17,5,10,14,47,68,117,136,173,175,157,170,141,124,96,54,14,12,3,12,1,0
37,44,11,14,10,13,45,65,107,148,152,160,154,152,146,126,100,44,10,9,20,20,14,0
48,50,12,13,11,14,52,100,110,132,143,143,137,138,137,121,102,61,9,7,5,35,7,4
50,62,13,9,7,10,52,81,70,76,111,125,133,129,122,109,82,51,11,7,13,13,6,3
44,45,11,7,0,0,47,70,72,73,91,107,125,130,102,77,59,57,13,10,16,32,26,0
27,20,12,12,14,27,53,64,64,81,106,103,122,84,84,72,58,52,12,11,14,47,34,9
24,35,29,27,32,33,39,47,64,102,135,128,122,118,87,79,51,33,17,14,19,37,28,8
53,47,12,11,12,14,53,52,57,99,124,141,117,82,73,106,56,18,7,11,12,38,34,13
24,31,15,11,14,44,53,83,103,88,117,145,132,106,92,104,103,81,14,12,14,55,71,8
24,30,11,21,21,32,55,71,59,73,142,171,149,131,114,108,102,101,41,14,13,43,54,7
8,13,12,12,39,58,65,71,78,91,118,156,139,118,85,101,98,68,47,25,13,36,49,14
4,0,12,20,39,58,76,93,96,100,83,134,117,100,107,111,110,124,61,15,6,20,21,9
9,11,10,52,82,86,104,107,108,103,104,103,104,105,118,123,122,120,84,26,8,12,10,0
4,5,13,67,86,107,102,107,106,103,94,70,101,104,120,130,122,116,87,34,5,0,0,2
12,11,26,51,83,105,102,105,104,101,85,75,90,104,113,118,119,117,106,63,1,0,0,0
12,18,29,57,67,100,100,100,98,92,60,52,62,82,105,109,113,110,101,46,2,0,9,0
5,13,37,64,100,104,101,66,76,63,64,60,55,73,100,115,120,111,106,38,0,0,0,1
12,14,31,66,104,107,105,100,56,51,51,20,50,56,82,111,120,109,84,35,0,0,0,0
10,13,37,69,109,82,79,68,58,47,38,39,38,42,48,64,96,71,59,9,3,0,7,1
12,13,48,74,75,62,62,53,49,46,36,32,28,33,39,63,70,95,141,14,7,0,0,0
0,7,11,51,54,58,56,30,11,9,6,7,9,12,12,52,58,87,93,33,11,0,7,0
8,6,6,2,51,54,52,18,11,0,0,0,1,3,12,25,66,49,35,23,4,0,0,2
2,0,0,0,13,50,50,8,0,0,0,0,0,0,9,45,48,47,50,11,0,0,4,6
0,0,0,0,3,39,31,0,0,4,0,0,0,0,14,31,50,56,24,12,2,0,10,7
0,0,0,0,0,17,13,7,3,0,0,0,0,6,13,10,49,33,51,4,1,0,1,0
0,0,3,5,11,12,12,6,0,0,0,0,1,0,3,11,45,46,19,9,0,3,0,0
0,0,0,7,6,4,2,4,0,0,8,0,0,0,2,4,24,41,27,10,6,0,0,0
0,1,0,2,1,0,0,5,10,8,0,3,9,0,0,5,10,25,12,10,0,0,0,3
0,0,6,10,11,3,5,0,0,1,10,11,2,0,4,2,9,23,24,11,0,0,0,0
3,2,12,35,11,5,4,13,13,10,0,0,6,11,0,1,10,13,12,1,0,0,0,0
8,13,29,28,7,8,9,8,9,0,9,0,7,1,0,0,2,11,20,11,1,4,6,7
13,36,35,12,6,0,0,0,2,5,5,5,0,0,0,0,0,13,20,28,10,6,6,6
54,60,16,7,1,0,4,6,7,3,3,0,1,3,0,0,0,2,13,22,51,9,8,6

6,3,0,3,4,12,8,17,29,51,55,86,102,64,39,32,13,12,9,0,1,0,0,0
6,4,3,2,6,14,22,34,51,51,74,109,128,80,59,41,35,29,5,8,1,0,0,6
0,0,0,0,0,10,9,12,38,50,64,69,105,96,52,42,22,10,6,3,0,0,3,0
2,3,0,0,0,0,0,0,1,5,9,16,12,12,7,8,3,0,2,0,0,0,0,0
0,0,0,0,0,0,0,0,0,0,8,10,0,8,7,0,2,8,0,0,0,0,0,0
0,3,10,14,40,54,55,52,53,51,47,31,42,46,41,44,46,66,53,30,8,0,0,0
8,9,11,50,52,64,69,67,68,67,81,63,60,70,52,64,57,64,51,14,7,0,0,0
0,3,6,65,46,58,63,85,99,110,120,109,79,59,75,84,82,68,37,12,13,10,4,1
0,0,12,52,56,54,62,81,119,151,174,157,103,96,110,110,101,72,11,7,9,6,0,0
7,14,51,52,32,47,72,84,121,161,214,233,144,157,155,136,128,88,33,12,9,7,11,7
12,21,36,25,13,31,54,94,108,139,191,199,143,172,153,130,100,68,52,10,11,0,7,5
8,20,17,5,10,14,47,68,117,136,174,175,158,172,142,124,96,54,14,12,3,12,1,0
37,45,12,14,10,13,46,65,106,148,153,160,154,153,146,126,100,44,10,9,21,20,14,0
47,50,12,13,11,14,53,100,110,133,142,143,137,138,137,121,102,60,9,7,5,35,7,4
50,62,13,9,7,10,52,81,71,76,111,125,133,129,122,109,82,51,11,7,13,13,6,3
45,45,11,8,0,0,47,70,72,73,91,107,125,130,102,77,59,57,13,10,16,32,27,0
27,21,12,12,14,27,54,64,64,81,105,103,122,84,84,72,58,52,12,11,14,47,35,9
24,35,29,27,32,33,40,47,63,101,134,128,121,118,87,79,51,33,17,14,19,37,28,8
52,47,12,11,12,14,54,52,57,98,124,141,116,82,73,106,57,18,7,11,12,38,34,13
24,31,14,11,14,44,53,84,103,88,117,145,132,106,92,104,103,81,14,12,14,55,71,8
24,30,11,21,22,33,55,71,59,74,142,171,149,131,114,108,102,101,41,14,13,43,53,7
8,13,12,13,39,58,65,71,78,92,118,156,139,118,85,101,98,68,47,25,13,36,49,14
4,0,12,20,39,58,76,92,96,100,83,135,117,100,107,111,110,123,61,15,6,20,20,9
9,12,10,53,82,86,104,107,107,103,104,103,104,105,118,124,122,120,84,26,8,12,10,0
4,5,13,67,86,107,102,108,106,103,94,70,101,104,120,130,122,116,88,34,5,0,0,2
12,11,26,52,82,105,102,105,104,101,85,75,90,103,112,118,119,117,106,61,1,0,0,0
12,19,27,57,66,100,100,100,97,92,60,52,62,82,105,109,113,110,101,46,2,0,9,0
6,13,38,65,100,104,101,66,76,63,64,60,55,73,100,115,120,111,106,38,0,0,0,1
12,14,30,66,104,107,105,100,56,51,51,21,50,56,82,111,120,109,84,35,0,0,0,0
10,13,38,69,109,81,79,68,58,47,38,39,39,42,48,64,96,71,59,9,3,0,7,1
12,13,47,74,75,62,62,53,49,46,36,32,28,33,40,63,70,95,141,14,7,0,0,0
1,7,11,51,54,58,56,29,11,9,5,7,9,12,12,52,58,86,93,33,11,0,7,0
8,7,5,2,51,54,52,18,11,0,0,0,1,3,12,25,66,49,35,23,4,0,0,2
2,0,0,0,13,50,50,8,0,0,0,0,0,0,9,45,48,47,50,11,0,0,4,6
0,0,0,0,3,41,31,0,0,4,0,0,0,0,14,31,50,56,24,12,3,0,10,7
0,0,0,0,0,17,13,7,3,0,0,0,0,6,13,10,48,34,51,4,1,0,1,0
0,0,3,5,11,12,12,6,0,0,0,0,1,0,3,11,45,45,20,9,0,3,0,0
0,0,0,7,6,4,2,3,0,0,8,0,0,0,2,4,25,39,27,10,6,0,0,0
0,1,0,2,1,0,0,5,10,8,0,3,10,0,0,5,10,25,12,10,0,0,0,3
0,0,6,10,11,3,5,0,0,1,10,11,1,0,4,2,9,24,24,11,0,0,0,0
3,2,12,35,11,5,4,12,13,10,1,0,5,11,0,1,10,13,12,1,0,0,0,0
9,13,30,28,7,8,9,8,9,0,9,0,7,1,0,0,2,11,20,11,1,4,6,7
13,36,34,12,6,0,0,0,2,5,5,5,0,0,0,0,0,13,20,27,10,6,6,6
54,59,17,7,1,0,4,6,7,3,2,0,1,3,0,0,0,2,13,22,51,9,8,6

6,3,0,3,3,12,8,16,29,51,56,86,103,64,39,32,13,12,9,0,1,0,0,0
6,4,3,2,5,14,23,33,51,51,74,109,128,79,59,41,35,26,5,8,1,0,0,6
0,0,0,0,0,10,9,12,38,50,63,69,105,95,52,43,21,10,6,3,0,0,3,0
2,3,0,0,0,0,0,0,1,5,9,18,12,12,7,8,3,0,2,0,0,0,0,0
0,0,0,0,0,0,0,0,0,0,8,10,0,8,7,0,2,8,0,0,0,0,0,0
0,3,10,14,40,54,55,52,53,52,47,31,43,47,41,44,46,66,52,30,8,0,0,0
8,9,11,50,52,64,69,67,68,68,82,64,60,70,52,64,57,64,51,14,7,0,0,0
0,3,6,65,46,58,63,85,100,111,121,110,79,59,76,85,82,69,37,11,13,11,4,1
0,0,12,51,56,55,61,81,119,152,175,157,103,96,111,111,102,72,11,7,9,6,0,0
7,14,51,52,32,48,72,84,121,161,213,231,144,157,156,137,129,89,33,12,9,7,11,7
12,21,36,26,13,32,54,95,109,139,189,196,142,172,153,131,101,68,52,10,11,0,7,5
8,20,17,6,10,14,47,68,118,136,173,175,157,171,142,125,97,54,14,12,3,12,1,0
38,45,12,14,10,13,46,65,107,148,153,160,155,153,147,126,101,44,10,10,21,20,14,0
49,50,12,13,11,14,53,100,110,133,143,143,137,138,137,121,102,61,9,7,5,34,7,4
50,62,13,9,7,10,52,82,71,76,111,125,133,129,122,109,82,52,11,8,13,13,6,3
45,44,11,7,0,0,46,70,72,73,91,107,125,130,102,77,59,57,13,10,16,32,26,0
26,21,12,12,14,28,54,63,64,81,106,103,122,84,84,72,58,52,12,11,14,48,35,9
24,35,29,27,32,33,39,47,63,102,135,128,122,118,87,79,51,33,17,14,19,37,28,8
53,48,12,11,12,14,53,51,57,99,124,141,117,82,73,106,57,18,7,11,12,38,34,13
25,30,14,11,14,43,53,83,103,88,117,145,132,106,92,104,103,80,14,12,14,55,71,8
23,29,10,21,22,32,55,70,59,73,142,170,149,131,114,108,102,101,41,14,13,43,53,7
8,13,12,13,39,58,64,70,78,91,118,155,139,118,85,101,98,68,47,25,13,35,49,14
4,0,12,20,38,58,76,92,96,100,82,134,117,100,107,111,110,123,61,15,6,21,21,9
9,12,10,53,82,86,104,107,107,103,104,103,104,104,118,123,122,120,83,25,8,12,10,0
4,5,13,67,87,107,102,107,106,103,94,71,101,104,120,130,122,116,88,34,5,0,0,2
12,11,26,52,84,105,102,105,104,101,86,73,90,104,112,118,119,117,106,63,1,0,0,0
12,19,28,56,67,100,100,100,97,92,60,52,62,81,105,109,113,110,101,46,2,0,9,0
6,13,37,64,100,104,101,66,75,63,64,59,55,73,100,115,120,111,106,40,0,0,0,1
12,13,30,66,104,107,105,100,56,51,51,20,50,56,82,111,120,109,84,35,0,0,0,0
10,13,38,69,109,82,79,68,59,47,38,40,39,42,48,64,96,71,59,9,3,0,7,1
12,13,48,74,75,62,62,53,50,46,36,32,28,34,40,63,70,95,141,14,7,0,0,0
1,7,11,51,54,58,56,30,11,9,6,7,9,12,12,52,58,87,94,33,11,0,8,0
8,6,6,2,51,54,52,19,11,0,0,0,1,3,12,26,66,49,35,23,4,0,0,2
2,0,0,0,13,50,50,8,0,0,0,0,0,0,9,45,48,47,50,11,0,0,4,6
0,0,0,0,3,41,30,0,0,4,0,0,0,0,14,31,50,56,24,12,3,0,9,7
0,0,0,0,0,17,13,7,3,0,0,0,0,6,13,11,49,33,51,4,1,0,1,0
0,0,3,5,11,12,12,6,0,0,0,0,1,0,3,11,45,46,21,9,0,3,0,0
0,0,0,7,6,4,2,4,0,0,8,0,0,0,2,4,27,41,27,10,6,0,0,0
0,1,0,3,1,0,0,5,10,8,0,3,10,0,0,5,10,26,13,11,0,0,0,3
0,0,6,10,11,3,5,0,0,1,9,11,1,0,4,2,9,24,26,11,0,0,0,0
3,2,12,35,11,5,4,13,13,10,1,0,5,11,0,1,10,13,12,1,0,0,0,0
9,13,29,28,7,8,9,8,9,0,9,0,7,1,0,0,2,11,20,11,1,4,6,7
13,37,36,12,6,0,0,0,2,5,5,5,0,0,0,0,0,13,24,27,10,6,6,6
54,60,17,7,1,0,4,6,7,3,2,0,1,3,0,0,0,2,13,22,51,9,8,6

6,3,0,3,4,12,8,16,28,51,55,86,103,64,39,32,13,12,9,0,1,0,0,0
6,4,3,1,5,14,23,33,51,51,74,109,128,80,58,41,35,26,5,8,1,0,0,6
0,0,0,0,0,10,9,12,38,50,63,69,105,96,52,42,21,10,7,3,0,0,3,0
2,3,0,0,0,0,0,0,1,5,9,16,12,12,7,8,3,0,2,0,0,0,0,0
0,0,0,0,0,0,0,0,0,0,8,10,0,8,7,0,2,8,0,0,0,0,0,0
0,3,10,14,40,54,55,51,53,52,47,31,43,47,42,45,47,66,53,30,8,0,0,0
8,9,11,50,52,64,69,67,68,68,83,64,61,71,53,64,57,64,51,14,7,0,0,0
0,3,6,65,46,58,63,85,100,112,122,111,80,59,76,85,83,69,37,12,13,11,4,1
0,0,11,51,56,55,62,81,120,155,177,159,104,97,114,113,103,73,11,7,9,6,0,0
7,14,51,52,32,47,72,84,122,164,214,230,144,157,157,139,130,89,35,12,9,7,11,7
12,20,36,25,13,32,54,95,109,140,189,195,141,170,152,132,101,68,53,10,11,0,6,5
8,20,18,5,10,14,47,68,118,136,172,172,153,168,141,125,97,54,14,12,3,12,1,0
36,43,12,14,10,13,46,65,107,148,152,159,154,151,146,126,101,44,10,9,21,21,14,0
50,50,12,13,11,14,53,100,111,133,143,143,137,138,136,121,102,61,9,7,5,35,7,4
50,61,13,9,7,10,52,82,71,76,112,126,134,129,122,109,82,51,11,7,13,13,6,3
45,44,11,8,0,0,46,70,72,73,92,108,126,130,102,77,59,57,13,10,16,32,27,0
26,20,12,12,14,27,54,63,64,81,106,104,122,84,85,72,58,52,12,11,14,47,34,9
25,35,29,27,32,33,39,47,64,102,135,129,122,118,87,79,51,33,17,14,19,37,28,9
52,47,12,11,11,14,52,51,57,99,124,142,117,82,73,106,56,18,7,11,12,38,34,13
25,30,14,11,14,43,52,82,102,88,117,145,132,106,92,104,102,79,14,12,14,55,71,8
23,29,10,20,21,32,55,70,58,73,142,170,149,130,113,108,102,101,40,14,13,43,53,7
8,13,12,13,38,58,64,70,77,91,118,155,138,118,84,101,97,68,47,24,13,36,49,14
4,0,12,20,38,57,76,91,95,100,82,134,116,100,107,110,109,123,60,15,6,20,20,8
9,12,10,53,82,85,104,107,107,103,104,103,104,104,118,123,121,120,84,23,8,12,10,0
4,5,13,67,86,107,102,108,106,103,92,71,101,104,120,130,122,116,87,34,4,0,0,2
12,11,25,52,82,105,102,105,104,101,86,73,91,103,112,118,119,117,106,61,1,0,0,0
12,19,28,57,66,100,100,100,97,93,60,52,62,83,105,109,113,110,101,48,2,0,9,0
6,13,38,64,100,104,101,66,75,63,64,60,54,73,100,115,120,111,106,40,0,0,0,1
12,14,31,66,104,107,105,100,56,51,51,21,50,56,82,111,120,109,84,35,0,0,0,0
10,12,37,69,109,81,79,67,58,48,37,39,39,42,48,64,96,71,59,9,3,0,7,1
12,13,47,74,75,62,62,53,49,47,36,32,28,33,39,64,70,95,140,14,7,0,0,0
1,7,11,51,54,58,57,30,11,9,6,7,9,12,12,52,58,87,94,33,11,0,8,0
8,7,6,2,51,54,52,18,11,0,0,0,1,3,12,27,66,49,35,23,4,0,0,2
2,0,0,0,13,50,50,8,0,0,0,0,0,0,9,45,48,47,50,11,0,0,4,6
0,0,0,0,4,40,31,0,0,4,0,0,0,0,14,31,51,56,25,12,3,0,9,7
0,0,0,0,0,18,13,7,3,0,0,0,0,6,13,11,50,34,51,4,1,0,1,0
0,0,3,5,11,12,12,6,0,0,0,0,1,0,3,11,45,46,20,9,0,3,0,0
0,0,0,7,6,5,2,4,0,0,8,0,0,0,2,4,27,41,27,11,6,0,0,0
0,1,0,3,2,0,0,5,10,8,0,3,10,0,0,5,10,26,13,11,0,0,0,3
0,0,6,10,11,3,5,0,0,1,9,11,1,0,4,3,9,25,26,11,0,0,0,0
3,2,12,36,11,5,4,13,13,10,1,0,5,11,0,1,10,13,12,1,0,0,0,0
9,13,31,32,7,8,9,8,9,0,9,0,7,1,0,0,2,11,21,11,1,4,6,7
12,36,35,12,6,0,0,0,2,5,5,5,0,0,0,0,0,13,22,28,10,6,6,6
54,60,17,7,1,0,4,6,7,3,2,0,1,3,0,0,0,2,13,22,51,9,8,6

6,3,0,3,3,12,8,17,29,51,55,86,102,64,39,32,13,13,9,0,1,0,0,0
6,4,3,2,5,14,23,34,51,51,74,110,128,80,60,42,35,28,6,8,1,0,0,6
0,0,0,0,0,10,9,12,38,50,64,69,105,96,52,43,21,10,7,3,0,0,3,0
3,3,0,0,0,0,0,0,1,5,9,15,12,12,7,8,3,0,2,0,0,0,0,0
0,0,0,0,0,0,0,0,0,0,8,10,0,8,8,0,2,8,0,0,0,0,0,0
0,3,10,14,40,54,55,51,53,52,48,31,43,47,42,45,46,66,53,30,8,0,0,0
8,8,11,50,52,64,68,67,68,68,83,64,61,71,53,64,57,64,51,14,7,0,0,0
0,3,7,65,47,58,63,85,100,112,122,111,80,59,76,86,83,69,38,12,13,11,4,1
0,0,12,51,56,54,61,81,120,155,177,158,104,97,114,113,103,72,11,7,9,6,0,0
7,14,52,52,32,48,72,84,122,164,212,228,143,156,157,139,130,89,35,12,9,7,11,7
12,21,36,25,13,31,54,95,109,140,188,193,140,168,151,132,101,68,52,10,11,0,6,5
8,21,17,6,10,14,46,68,118,136,172,171,151,166,140,125,97,54,14,12,3,12,1,0
37,43,12,14,10,13,47,65,107,148,152,159,154,150,146,126,101,44,10,9,21,20,14,0
50,51,12,13,11,14,53,100,111,133,143,144,138,139,137,121,102,61,9,7,5,35,7,4
50,61,13,9,7,10,52,82,71,76,112,126,134,129,123,109,82,51,11,8,13,13,6,3
45,45,11,8,0,0,47,71,73,73,92,109,126,131,103,77,59,57,13,10,16,32,27,0
26,19,12,12,14,28,54,64,64,81,107,104,122,85,85,73,58,52,12,11,14,47,34,9
25,35,29,27,32,33,39,47,64,103,136,130,123,119,87,79,51,33,17,14,19,37,28,9
53,47,12,11,11,14,51,50,57,100,124,142,117,83,73,106,56,18,6,11,12,38,34,13
25,30,14,11,14,42,52,82,102,88,117,145,132,106,92,104,102,78,14,12,14,55,71,8
23,29,10,20,21,32,54,70,58,73,142,170,149,130,113,108,102,101,40,14,13,43,53,7
8,13,12,12,38,58,64,70,77,91,117,154,138,117,84,100,97,68,47,24,13,36,49,14
4,0,12,20,38,57,76,91,95,100,82,134,116,100,107,110,109,123,60,15,6,20,20,8
9,12,10,52,82,85,104,107,107,103,104,103,104,104,118,123,121,120,84,23,8,12,10,0
4,5,13,67,86,107,102,107,106,103,94,70,100,104,120,130,122,116,87,34,4,0,0,2
12,11,26,52,83,105,102,105,104,101,85,75,90,103,112,118,119,117,106,61,1,0,0,0
12,18,27,56,66,100,100,100,98,92,60,52,62,82,105,109,113,110,101,46,2,0,9,0
6,13,40,64,100,104,101,66,76,63,64,61,55,73,100,115,120,111,106,38,0,0,0,1
12,13,31,66,104,107,105,100,56,51,51,21,50,56,82,111,120,109,84,35,0,0,0,0
10,13,38,69,109,81,79,67,59,48,38,39,39,42,48,64,96,71,59,9,3,0,7,1
12,13,46,74,75,62,62,53,49,46,36,32,28,34,40,64,70,95,141,14,7,0,0,0
1,7,11,51,54,58,57,30,11,9,6,7,9,12,12,52,58,87,94,33,11,0,8,0
8,6,6,2,51,54,52,18,11,0,0,0,1,3,12,27,66,49,35,23,4,0,0,2
2,0,0,0,13,50,50,8,0,0,0,0,0,0,9,46,48,47,50,11,0,0,4,6
0,0,0,0,3,40,31,0,0,4,0,0,0,0,14,31,51,56,24,12,3,0,9,7
0,0,0,0,0,19,13,8,3,0,0,0,0,6,13,11,49,34,51,4,1,0,1,0
0,0,3,5,11,12,12,6,0,0,0,0,1,0,4,11,45,46,20,9,0,3,0,0
0,0,0,7,6,5,2,4,0,0,8,0,0,0,3,4,27,42,27,11,6,0,0,0
0,1,0,3,2,0,0,5,10,8,0,3,10,0,0,5,10,26,13,11,0,0,0,3
0,0,6,10,11,3,5,0,0,1,10,11,1,0,4,3,9,24,26,11,0,0,0,0
4,2,12,36,11,5,5,13,13,10,0,0,5,11,0,1,10,13,13,1,0,0,0,0
9,13,31,32,7,8,9,8,9,0,9,0,7,1,0,0,2,11,23,11,1,4,6,7
13,36,36,12,6,0,0,0,2,5,5,5,0,0,0,0,0,13,22,27,10,6,6,6
54,60,17,7,1,0,4,6,7,3,2,0,1,3,0,0,0,2,13,22,51,9,8,6
0,0,0,1,0,8,12,13,32,39,64,102,85,55,51,28,14,8,12,4,3,0,3,6
6,0,0,1,8,5,26,35,41,59,80,129,110,74,51,51,31,19,14,5,1,0,2,6
0,2,0,0,3,6,10,22,43,52,97,105,69,63,48,37,12,8,11,0,0,0,0,0
0,0,0,0,0,2,0,3,8,7,12,12,14,9,4,1,0,0,0,0,0,0,2,1
0,0,0,0,0,0,7,2,0,7,6,0,8,9,0,1,0,0,0,0,0,0,0,0
0,0,0,9,18,14,52,41,35,35,43,45,33,50,53,53,51,54,51,33,14,10,2,0
0,0,0,7,13,34,63,58,64,50,69,62,67,83,68,72,70,71,64,50,51,12,9,8
1,4,11,13,12,42,69,86,89,78,60,81,110,122,119,106,87,64,58,45,65,7,4,0
0,0,6,8,7,11,74,108,119,119,100,103,156,188,179,142,87,60,54,57,22,22,0,0
7,11,7,9,13,38,93,138,149,163,154,139,226,232,199,157,100,73,16,23,50,51,19,8
5,6,0,10,10,53,70,106,138,157,166,143,199,209,164,126,98,51,21,11,30,25,26,13
0,0,10,2,14,18,56,101,130,146,171,159,180,181,144,119,64,44,13,9,8,7,50,13
1,13,7,17,12,12,46,103,133,154,158,169,167,155,148,103,58,23,12,4,10,5,50,45
3,2,9,4,7,11,65,104,127,144,148,146,150,147,134,105,73,34,13,12,14,3,56,50
2,0,0,11,10,11,55,87,113,131,138,142,134,118,78,68,68,29,10,9,13,13,76,48
0,11,11,12,10,13,61,60,83,110,139,136,117,97,75,70,61,13,0,0,7,12,44,31
7,5,12,9,8,8,52,59,76,90,93,129,112,112,83,62,57,45,28,13,12,12,25,18
6,14,30,13,12,13,34,53,83,93,130,132,136,137,98,56,40,37,33,32,30,29,33,13
9,14,35,16,13,5,18,58,107,74,85,118,139,120,86,53,32,20,14,11,10,12,14,6
7,14,68,29,14,13,75,103,104,92,105,126,135,108,73,78,58,47,15,14,15,14,15,13
5,14,50,33,14,41,100,101,105,108,122,133,144,123,60,53,59,44,22,15,15,15,26,15
6,25,40,26,16,48,69,90,90,74,104,116,132,96,66,60,50,42,35,13,12,13,18,9
6,13,38,14,16,62,125,108,103,103,87,109,118,68,76,60,51,43,34,24,22,13,7,7
0,9,12,10,41,87,121,121,117,110,102,102,101,102,100,101,90,79,26,56,14,9,2,6
2,0,0,5,43,100,119,122,126,114,102,100,75,85,100,101,95,78,100,60,39,9,6,9
0,0,0,2,72,109,119,120,116,109,102,97,80,85,90,101,101,100,102,68,50,14,11,12
0,7,0,3,57,102,112,114,107,101,69,66,60,64,71,46,73,85,92,69,63,23,14,12
1,0,0,0,51,109,115,121,114,79,69,56,66,69,60,57,58,100,103,101,81,44,12,4
0,0,0,1,41,101,114,123,110,66,55,51,31,53,51,27,65,104,105,105,98,54,13,9
0,7,0,4,7,65,74,89,53,39,40,42,44,44,50,54,56,66,69,106,92,77,13,7
0,0,0,6,41,130,68,48,34,31,30,30,36,39,46,43,40,51,60,60,61,60,14,10
0,4,0,11,37,85,64,12,8,6,6,10,11,11,11,10,9,11,54,55,52,11,7,0
3,0,0,5,28,33,30,14,6,12,3,5,1,5,0,13,13,32,51,54,13,11,5,6
6,0,0,0,25,41,27,23,30,13,6,0,0,0,10,5,4,37,50,14,0,0,0,0
7,10,0,7,14,14,28,8,14,12,6,4,0,3,10,0,3,14,39,7,0,0,0,0
0,4,6,4,8,29,12,15,0,13,5,0,0,0,3,2,4,9,19,2,0,0,0,1
0,2,3,0,11,12,15,14,3,5,5,0,0,0,0,0,4,11,11,10,4,2,0,0
0,0,0,6,6,17,11,9,0,7,0,0,0,7,0,0,4,3,2,4,5,0,0,0
4,0,0,0,8,7,11,2,0,0,10,6,3,0,7,9,3,0,0,0,0,0,1,0
0,0,0,0,13,10,10,0,0,1,6,2,10,10,1,0,0,4,6,12,6,3,0,0
0,0,0,0,6,12,9,9,3,1,8,10,0,3,11,12,13,2,11,39,13,8,0,0
7,0,0,0,13,14,12,0,0,0,5,9,1,8,0,6,8,10,12,26,32,10,8,0
0,0,0,10,17,22,14,0,4,0,0,0,5,5,4,0,0,0,8,13,51,14,9,7
5,4,6,19,26,19,7,0,0,0,3,0,0,0,1,5,5,7,5,12,21,64,13,6

0,0,0,1,0,8,12,13,33,39,64,102,85,56,50,29,14,8,12,3,3,0,4,6
6,0,0,1,8,5,25,35,41,59,79,129,110,74,51,50,30,19,14,5,0,3,4,7
0,2,0,0,2,6,10,21,42,52,95,105,69,62,47,34,11,7,10,2,0,0,0,0
0,0,0,0,0,2,0,4,7,7,11,12,14,9,4,1,0,0,0,0,0,0,3,3
0,0,0,0,0,0,8,2,0,7,6,0,8,8,0,1,0,0,0,0,0,0,0,0
0,0,0,10,18,17,55,42,43,36,44,45,31,47,51,53,46,53,51,34,13,10,4,0
0,0,0,7,13,49,65,58,65,51,70,63,67,85,71,71,67,67,63,50,50,11,9,9
1,4,11,13,12,42,70,87,90,78,60,82,112,125,118,104,88,64,58,42,65,6,4,0
0,0,6,8,6,11,75,108,118,119,100,105,160,184,166,128,84,61,55,56,50,11,0,0
7,11,7,8,12,33,92,136,146,163,159,143,229,219,175,131,90,73,44,28,51,50,14,8
4,6,0,10,10,52,69,102,135,156,171,141,194,193,145,114,96,53,28,12,24,34,19,12
0,0,8,0,13,15,54,96,125,141,167,152,172,172,137,117,67,46,14,10,4,18,18,8
0,12,6,17,10,10,43,100,126,146,149,154,159,151,147,105,63,41,13,10,12,11,43,35
3,5,11,3,6,9,61,102,121,137,140,139,144,143,132,108,100,51,13,11,13,11,51,45
1,3,3,11,7,11,50,81,109,124,130,135,127,112,76,70,78,50,9,6,10,13,59,46
0,20,13,12,10,14,57,59,78,104,132,127,109,92,73,71,68,37,0,0,7,11,37,42
9,28,14,10,11,10,52,58,73,86,86,123,105,107,81,63,62,51,22,13,11,10,18,26
10,28,32,13,14,16,33,51,79,88,120,124,130,135,100,61,46,38,30,30,26,27,34,23
12,32,31,10,11,5,17,56,106,73,83,117,141,123,95,56,51,50,13,9,11,11,38,50
8,62,38,10,12,12,72,102,104,92,106,132,144,115,85,102,83,52,40,13,10,13,23,23
7,55,29,12,13,36,100,101,108,113,130,148,167,139,70,59,71,53,31,18,14,7,26,23
18,51,30,12,22,44,66,95,100,84,117,136,150,113,84,77,69,62,51,25,11,11,13,7
11,24,17,5,14,59,122,109,110,106,97,114,131,77,90,90,88,72,54,35,15,10,2,3
0,11,12,9,13,76,119,121,123,116,103,103,102,103,102,107,106,103,78,77,47,8,11,8
3,1,0,4,19,77,115,122,129,119,103,100,59,75,102,106,107,102,106,76,55,12,5,3
0,0,0,0,34,105,116,119,118,112,103,86,56,63,100,104,105,102,104,73,45,16,10,12
0,9,0,2,13,100,110,113,109,105,83,59,40,43,83,100,100,100,96,59,51,16,14,12
1,0,0,0,13,104,111,120,117,102,77,54,55,56,60,82,71,102,103,90,54,28,12,5
0,0,0,0,18,75,108,121,114,93,59,50,14,47,51,64,103,108,106,100,53,21,12,12
1,7,0,2,1,50,69,99,68,52,42,35,37,33,47,65,80,88,82,94,40,16,11,10
0,0,0,4,13,100,85,70,68,50,36,21,28,32,44,54,61,68,64,69,14,26,12,12
0,7,0,11,27,60,88,65,57,14,6,1,4,4,7,30,54,58,53,31,12,8,6,2
4,0,0,3,13,22,47,70,57,15,0,0,0,0,1,33,51,55,50,13,4,0,4,9
6,4,0,0,6,14,50,55,54,19,0,0,0,0,1,7,40,51,23,4,0,0,0,3
8,11,0,7,8,11,58,51,45,33,0,0,0,0,5,8,18,42,12,0,0,0,0,0
0,4,4,4,0,11,28,50,41,27,7,0,0,0,0,4,12,37,13,0,0,0,0,0
2,4,4,0,6,8,39,50,24,11,0,3,0,0,0,0,9,13,13,8,3,1,0,0
0,1,0,6,0,11,24,50,9,11,1,0,0,9,0,0,3,5,4,5,7,0,0,0
6,0,0,0,5,5,14,27,12,0,6,13,3,0,8,10,5,0,0,0,0,0,0,0
0,0,0,0,9,11,29,15,9,5,0,4,9,7,3,0,0,8,9,12,5,4,0,0
0,0,0,0,0,9,14,13,5,0,11,4,0,0,10,13,13,5,13,32,12,6,0,0
7,3,0,0,5,13,28,8,0,0,4,7,0,8,0,8,9,10,12,31,28,9,9,1
1,0,0,0,6,30,42,0,0,0,0,0,4,4,5,1,0,0,9,13,51,14,6,7
5,3,3,13,22,27,12,0,0,0,1,0,0,1,3,6,6,5,2,12,15,61,12,5

0,0,0,1,0,8,12,13,33,40,65,104,87,56,51,29,15,8,12,3,3,0,3,6
6,0,0,1,8,5,26,36,42,59,80,129,110,74,51,51,33,20,14,5,1,3,4,7
0,3,0,0,2,6,10,21,43,52,96,105,69,62,48,37,12,8,10,0,0,0,0,0
0,0,0,0,0,2,0,3,8,7,11,12,14,9,4,1,0,0,0,0,0,0,3,3
0,0,0,0,0,0,8,3,0,8,7,0,9,8,0,1,0,0,0,0,0,0,0,0
0,0,0,9,28,50,64,45,44,40,46,45,31,48,51,53,51,55,53,39,14,10,3,0
0,0,0,7,14,50,64,57,64,52,70,62,65,83,69,69,67,68,63,52,50,11,9,8
1,4,10,13,11,34,68,83,86,77,60,81,111,123,114,102,87,64,58,42,65,6,3,0
0,0,6,8,6,11,72,103,113,114,97,104,158,179,158,123,82,61,54,56,51,11,0,0
6,10,7,8,12,29,89,131,139,157,156,142,227,214,166,124,86,72,45,30,51,51,14,7
5,6,0,10,10,52,68,101,131,152,168,140,193,190,141,110,95,54,30,12,24,36,20,12
0,0,10,1,12,14,54,95,124,139,167,153,171,172,136,118,68,46,14,10,5,17,20,8
0,13,13,18,10,9,43,100,125,145,149,153,158,152,148,107,65,45,13,10,13,11,43,36
3,6,14,4,7,8,60,102,121,136,138,138,144,142,132,110,100,52,14,11,12,11,51,47
2,4,10,12,7,11,50,81,108,123,129,134,126,112,76,70,81,51,10,6,9,13,59,47
0,21,27,14,9,13,57,59,77,103,131,126,108,92,73,72,70,45,0,0,7,11,39,43
9,26,38,12,10,12,52,58,72,85,85,122,104,106,81,63,63,52,25,13,11,11,18,25
8,28,35,14,14,14,33,51,79,87,119,122,129,135,101,62,46,38,32,30,26,28,35,23
13,32,35,11,11,5,17,56,106,73,82,116,141,123,96,56,48,43,13,10,11,11,46,50
8,69,53,12,12,13,79,103,104,92,106,132,144,115,85,101,78,51,37,13,11,14,29,23
6,54,39,12,14,40,101,102,108,114,131,148,168,139,71,58,69,52,30,18,15,8,28,22
14,49,33,12,23,46,68,98,101,86,118,138,152,115,87,76,68,61,53,30,11,11,13,7
9,21,16,5,14,60,123,110,111,108,100,118,135,84,99,93,89,72,54,36,16,11,2,2
0,10,12,9,14,81,120,122,124,118,105,104,103,104,103,107,107,103,79,79,50,8,11,9
2,0,0,4,27,85,116,122,130,121,105,101,68,95,103,106,107,102,106,78,59,12,5,3
0,0,0,0,45,106,117,119,119,113,104,91,68,86,101,104,105,102,104,76,50,17,10,12
0,8,0,2,14,100,110,112,109,105,85,61,48,56,98,100,100,100,97,63,54,18,14,12
1,0,0,0,14,105,111,120,116,101,76,54,57,62,63,81,70,102,103,95,58,31,12,5
0,0,0,0,24,80,108,120,113,89,58,50,17,50,51,62,102,107,107,102,58,24,13,12
1,7,0,3,4,53,69,97,66,50,41,37,38,36,47,63,75,84,82,104,55,26,12,10
0,0,0,5,14,115,99,71,66,46,36,26,30,35,45,52,58,66,63,87,54,38,12,12
0,7,0,11,30,73,96,62,52,12,7,9,3,3,8,14,51,57,58,51,23,9,6,1
3,0,0,5,14,29,49,68,53,13,0,0,0,0,0,17,46,54,53,24,8,6,4,9
5,3,0,0,7,24,50,52,53,13,0,0,0,0,1,4,33,52,32,5,0,0,0,2
7,10,0,7,8,13,59,49,42,23,0,0,0,0,6,5,14,44,14,0,0,0,0,0
0,4,3,3,0,13,27,49,28,19,6,0,0,0,0,3,12,32,13,0,0,0,0,0
1,4,4,0,5,9,37,49,15,7,0,2,0,0,0,0,8,12,12,8,2,0,0,0
0,0,0,5,0,13,19,39,6,8,0,0,0,8,0,0,2,2,2,4,5,0,0,0
5,0,0,0,6,6,14,14,8,0,4,13,3,0,9,10,4,0,0,0,0,0,1,0
0,0,0,0,10,11,25,12,6,5,0,4,10,7,3,0,0,7,5,11,7,4,0,0
0,0,0,0,0,9,12,12,3,0,11,4,0,0,11,13,12,4,9,18,9,5,1,0
6,1,0,0,7,13,14,5,0,0,4,8,0,7,0,9,7,10,10,14,25,9,9,0
1,0,0,3,9,25,23,0,0,0,0,0,6,5,6,0,0,0,8,11,47,19,7,7
5,4,4,13,24,25,10,0,0,0,2,1,0,2,3,6,6,5,3,12,14,64,13,6

0,0,0,1,0,8,13,13,33,40,64,103,86,56,51,28,15,8,12,3,3,0,3,6
6,0,0,1,8,5,26,35,42,59,80,128,110,74,51,51,33,20,14,5,1,3,4,7
0,3,0,0,3,6,10,21,43,52,96,105,69,63,48,37,12,8,10,0,0,0,0,0
0,0,0,0,0,2,0,3,7,7,12,12,14,9,4,1,0,0,0,0,0,0,3,3
0,0,0,0,0,0,8,2,0,7,7,0,10,8,0,0,0,0,0,0,0,0,0,0
0,0,0,9,27,48,65,45,42,39,46,43,30,47,51,53,51,55,54,40,14,10,3,0
0,0,0,6,13,50,64,57,64,51,69,60,62,82,68,68,67,69,64,52,50,11,9,8
0,3,10,13,11,31,68,82,85,76,59,79,110,121,111,100,86,64,58,44,65,6,3,0
0,0,6,8,6,11,71,102,111,112,96,102,157,175,153,120,81,61,54,56,51,11,0,0
7,11,7,8,12,29,88,129,137,155,156,142,230,214,163,122,85,72,45,31,52,52,14,7
5,6,0,10,10,52,68,100,130,150,169,140,195,190,139,108,94,53,28,13,25,35,20,12
0,1,11,1,12,14,54,94,124,139,168,155,173,172,134,116,67,44,14,10,5,18,22,8
0,13,15,19,9,9,42,100,125,145,150,153,158,151,146,105,63,42,13,10,14,11,42,38
4,6,17,4,6,8,59,102,120,136,137,137,143,142,131,108,97,50,14,11,13,11,51,47
2,5,11,12,5,11,48,80,108,122,128,133,125,111,75,69,77,51,10,6,9,13,60,48
0,23,30,14,9,12,55,59,77,102,130,125,107,91,72,71,68,40,0,0,7,11,39,43
9,31,43,13,11,12,52,58,72,84,84,121,103,105,80,63,62,52,25,13,12,11,19,26
8,28,36,16,14,15,32,51,79,87,118,122,128,134,99,61,45,38,32,31,26,29,35,24
13,33,36,11,11,7,18,56,106,73,82,116,140,122,94,55,45,43,13,10,11,12,48,51
8,70,53,13,12,14,80,103,104,91,105,130,143,115,82,98,74,51,37,14,10,14,30,24
6,54,40,12,16,41,102,102,108,113,128,145,163,137,69,56,66,54,34,22,21,9,28,23
14,50,33,12,25,48,70,100,101,84,115,133,147,111,82,70,68,65,60,43,13,11,12,7
8,21,15,5,19,62,126,111,111,107,97,113,128,74,88,87,88,76,60,40,21,11,0,2
0,10,11,9,47,87,122,123,124,118,104,103,101,102,102,107,107,104,89,85,55,10,11,9
1,0,0,6,44,96,118,124,131,120,103,100,67,84,102,106,107,102,107,93,73,13,4,3
0,0,0,3,78,108,119,121,119,112,103,91,71,82,100,104,105,102,105,89,55,27,11,12
0,8,0,3,60,101,111,113,109,104,76,61,53,60,86,95,100,100,100,70,61,30,18,12
0,0,0,0,52,107,112,120,115,95,69,54,60,64,60,74,67,102,104,101,67,43,13,5
0,0,0,3,42,88,109,119,110,74,54,50,20,51,51,54,100,106,108,106,70,33,14,12
1,7,0,4,13,60,70,91,60,43,40,38,40,38,47,58,68,81,84,111,84,42,13,10
0,0,0,8,55,161,95,62,46,27,28,26,32,36,46,49,53,63,63,79,80,50,13,12
0,8,0,12,40,111,83,14,12,11,12,11,9,9,10,11,24,55,60,54,51,11,7,1
1,0,0,4,39,36,44,54,9,9,4,3,1,0,0,11,21,52,55,51,2,6,6,8
5,3,0,0,14,51,43,40,22,4,0,0,0,0,0,0,10,52,50,11,0,0,0,0
6,10,0,7,14,25,56,43,24,11,0,0,0,0,4,0,2,41,45,0,0,0,0,0
0,0,1,4,6,52,35,43,7,11,5,0,0,0,0,2,8,18,29,0,0,0,0,0
0,0,3,0,10,16,46,41,9,0,0,0,0,0,0,0,5,12,13,11,4,2,0,0
0,0,0,6,10,27,44,18,3,3,1,0,0,7,0,0,2,3,7,6,6,0,0,0
3,0,0,0,10,13,28,10,4,0,1,9,4,0,7,9,4,0,0,3,3,0,0,0
0,0,0,0,8,24,25,9,2,3,0,1,10,9,2,0,0,6,4,12,10,4,0,0
0,0,0,0,1,13,14,9,0,0,10,6,0,0,10,13,12,4,4,13,45,9,1,1
7,7,6,3,10,21,13,0,0,0,1,6,0,8,0,9,9,10,9,8,43,20,8,3
6,5,8,10,22,24,13,0,0,0,0,0,5,5,5,2,0,0,0,6,11,36,19,9
6,8,7,42,22,13,1,0,0,0,3,1,0,2,4,8,6,4,0,2,7,13,53,32

0,0,0,1,0,8,12,13,32,39,65,103,86,56,51,29,16,8,12,3,3,0,3,6
6,0,0,1,8,5,26,35,41,59,80,128,110,74,51,51,31,22,14,5,1,3,4,6
0,3,0,0,3,6,10,21,42,52,96,105,69,63,50,37,12,8,10,0,0,0,0,0
0,0,0,0,0,2,0,3,7,7,12,12,14,9,5,1,0,0,0,0,0,0,3,3
0,0,0,0,0,0,8,2,0,8,8,0,10,8,0,0,0,0,0,0,0,0,0,0
0,0,0,9,28,50,65,45,43,39,46,43,30,47,51,53,51,55,54,40,14,10,3,0
0,0,0,7,14,50,64,57,64,52,70,60,63,82,68,68,66,69,64,52,50,11,9,8
1,4,10,13,11,33,68,83,86,76,59,80,110,122,112,100,86,64,58,44,65,6,3,0
0,0,6,8,6,11,71,103,113,113,97,103,158,177,154,121,81,61,54,56,51,11,0,0
7,11,7,9,12,30,89,130,138,156,156,143,230,213,164,123,85,72,46,30,52,51,14,7
5,6,0,10,10,52,68,101,131,151,169,140,193,189,140,110,95,54,29,12,25,35,20,12
0,1,11,2,12,14,54,96,124,140,168,154,172,172,136,118,68,46,14,10,5,16,20,8
0,13,16,20,10,10,42,100,126,145,150,153,158,152,148,107,65,45,13,10,13,11,43,37
4,6,21,4,7,8,60,102,121,136,138,137,143,142,133,111,100,53,14,11,12,11,50,47
2,5,12,13,7,11,49,82,108,122,129,133,125,111,76,71,81,52,10,7,9,13,59,50
0,23,30,15,10,13,56,59,77,102,130,125,107,91,73,72,70,45,0,0,7,11,39,43
9,30,43,13,11,12,52,58,72,84,84,122,103,105,81,64,63,53,26,13,11,11,19,27
8,28,36,17,14,16,32,51,78,86,117,121,128,134,101,63,47,39,32,31,26,28,35,24
13,33,36,11,11,6,17,56,106,72,82,116,141,123,97,56,52,53,14,11,11,12,47,51
8,71,54,13,12,13,79,102,104,92,106,131,144,116,87,103,83,53,43,14,11,14,28,23
6,54,40,12,14,40,101,102,108,114,130,148,169,141,72,58,71,55,32,21,20,9,28,24
14,49,34,12,24,47,68,97,101,85,118,138,154,116,89,77,70,64,57,38,12,11,12,7
8,21,17,5,15,61,123,110,111,108,100,117,134,83,100,94,91,75,57,38,19,11,0,3
0,10,12,8,22,83,120,122,124,118,105,104,103,104,103,107,107,104,84,81,52,9,11,9
2,0,0,4,33,89,117,123,131,121,104,100,68,91,103,106,107,102,107,85,66,13,4,3
0,0,0,1,57,107,117,120,119,113,104,89,71,85,101,104,105,102,105,81,51,21,10,12
0,8,0,2,40,101,110,113,109,105,82,61,51,58,93,100,100,100,100,66,57,26,14,12
1,0,0,0,36,106,111,120,115,100,73,54,60,62,62,77,67,101,104,100,64,38,13,5
0,0,0,0,34,85,109,120,112,82,56,50,20,50,51,57,100,106,107,104,66,29,13,12
1,7,0,3,8,58,70,95,64,48,41,38,39,37,47,59,69,81,82,110,70,37,12,10
0,0,0,7,14,138,94,68,62,37,31,27,32,36,46,50,54,62,62,77,74,48,13,12
0,7,0,11,34,95,86,56,48,11,11,9,7,6,10,10,23,55,58,54,50,11,7,0
2,0,0,4,23,35,48,65,14,11,3,2,0,0,0,12,19,52,54,51,0,5,6,8
5,4,0,0,11,50,47,47,42,8,0,0,0,0,0,0,8,50,50,12,0,0,0,1
6,9,0,2,12,22,57,50,31,14,0,0,0,0,5,0,1,29,40,1,0,0,0,0
0,1,1,0,3,51,34,47,10,13,6,0,0,0,0,3,8,13,14,0,0,0,0,0
0,0,3,0,9,14,45,43,10,3,0,1,0,0,0,0,5,12,12,10,4,2,0,0
0,0,0,6,10,24,38,21,4,2,0,0,0,8,0,0,3,2,3,5,6,0,0,0
3,0,0,0,10,12,22,10,4,0,0,9,3,0,8,10,4,0,0,0,1,0,1,0
0,0,0,0,10,21,22,8,2,4,0,2,11,9,1,0,0,5,3,11,9,2,0,0
0,0,0,0,1,12,13,9,0,0,11,5,0,1,10,13,13,4,5,10,35,10,0,1
7,6,5,0,10,14,10,1,0,0,1,7,0,8,0,9,8,10,8,6,23,26,11,6
6,6,8,8,23,15,13,0,0,0,0,0,5,5,5,1,0,0,0,6,11,34,32,12
6,8,6,50,21,13,1,0,0,0,3,1,0,2,4,7,6,4,0,1,7,14,57,52

0,0,0,1,0,9,12,13,33,39,65,103,86,56,51,30,15,8,12,3,3,0,3,6
6,0,0,1,8,5,26,35,42,59,80,129,110,74,51,51,33,20,14,5,1,3,4,6
0,3,0,0,3,6,10,22,43,52,96,105,69,63,50,37,12,9,10,0,0,0,0,0
0,0,0,0,0,2,0,3,8,7,12,12,14,9,4,1,0,0,0,0,0,0,3,3
0,0,0,0,0,0,8,2,0,8,7,0,9,8,0,0,0,0,0,0,0,0,0,0
0,0,0,9,28,48,64,45,44,40,46,43,30,48,52,53,51,55,54,40,14,10,3,0
0,0,0,7,14,50,64,57,64,52,70,61,65,83,69,69,67,68,64,52,50,11,9,8
1,4,10,13,11,33,68,83,86,77,59,81,111,123,114,101,86,64,58,45,65,6,3,0
0,0,6,8,6,11,72,103,113,114,98,104,160,178,157,122,82,62,55,56,51,12,0,0
7,11,7,8,12,30,89,130,138,155,154,141,228,213,165,123,85,72,46,31,52,51,14,7
5,6,0,10,10,52,68,100,130,149,166,139,191,188,140,110,95,54,30,12,25,36,21,12
0,1,11,2,12,14,54,95,124,139,165,150,169,171,135,118,68,46,14,10,5,15,20,8
0,13,17,20,10,10,43,100,126,145,149,153,158,152,148,108,65,46,13,10,13,11,43,39
4,7,20,4,7,9,60,102,121,136,138,137,144,143,133,111,100,53,14,11,12,11,50,48
2,5,12,13,7,11,51,82,109,123,129,134,126,112,76,71,82,52,10,7,9,13,60,50
0,24,30,15,10,13,57,59,77,103,131,126,108,92,73,73,71,46,0,0,7,11,40,44
9,31,43,13,11,12,52,58,72,85,85,122,104,106,81,64,64,53,26,14,12,11,19,28
8,28,36,17,14,16,33,51,79,87,119,123,129,135,102,63,47,39,32,31,27,29,35,24
13,33,36,11,11,6,17,56,106,73,82,117,142,124,98,56,50,50,13,11,11,12,46,52
8,71,54,14,12,13,79,102,104,92,106,132,145,116,86,102,81,52,40,14,11,14,29,23
6,54,41,12,14,40,101,102,108,113,130,148,168,140,72,58,69,54,32,20,20,10,29,23
14,49,34,12,24,47,68,97,101,84,117,138,153,116,88,76,69,63,56,38,12,12,12,8
8,20,18,6,15,61,123,110,110,107,100,116,133,82,99,93,90,74,56,38,19,11,0,3
0,10,12,8,21,83,120,122,124,118,104,103,103,103,103,107,107,103,83,81,53,9,11,9
2,0,0,4,34,88,117,122,131,120,104,101,69,92,103,106,107,102,107,84,66,13,4,3
0,0,0,1,59,107,117,120,119,113,104,90,71,85,101,104,105,102,105,81,52,21,10,12
0,8,0,2,39,101,110,113,109,105,82,62,51,58,92,100,100,100,100,66,56,26,14,12
1,0,0,0,36,106,111,120,115,100,73,54,59,63,62,77,67,101,104,100,64,38,13,5
0,0,0,0,34,85,109,120,112,83,56,50,20,51,51,56,100,106,107,104,66,30,13,12
1,7,0,3,8,59,70,95,64,48,41,38,39,37,47,59,69,80,82,109,70,38,12,10
0,0,0,7,14,139,94,68,62,38,32,27,32,36,46,50,54,62,62,77,75,48,13,12
0,7,0,11,34,95,86,56,50,11,11,9,7,6,10,10,24,56,58,54,51,11,7,0
2,0,0,4,23,35,49,65,17,11,3,2,0,0,0,12,19,52,54,51,1,5,6,8
5,4,0,0,11,50,47,47,43,8,0,0,0,0,0,0,8,50,50,12,0,0,0,1
6,9,0,2,12,24,57,50,31,14,0,0,0,0,4,0,0,30,40,1,0,0,0,0
0,1,0,0,4,51,34,48,11,13,6,0,0,0,0,2,7,13,15,0,0,0,0,0
0,0,3,0,9,16,45,44,11,3,0,1,0,0,0,0,6,12,12,10,4,2,0,0
0,0,0,6,10,25,41,25,4,2,0,0,0,8,0,0,3,2,4,5,6,0,0,0
3,0,0,0,10,12,25,10,5,0,0,10,3,0,7,10,5,0,0,1,2,0,1,0
0,0,0,0,10,21,23,9,3,4,0,2,11,9,1,0,0,5,3,11,9,3,0,0
0,0,0,0,1,12,13,9,1,0,11,5,0,1,10,13,12,4,5,11,35,10,0,2
7,6,5,0,11,16,11,1,0,0,1,7,0,8,0,9,8,9,8,7,27,27,11,7
6,6,8,9,25,17,13,0,0,0,0,0,5,5,5,1,0,0,0,6,11,36,34,12
6,8,6,50,22,13,2,0,0,0,3,1,0,2,3,7,6,4,0,1,7,14,58,53

0,0,0,1,0,9,12,13,32,39,65,103,86,56,51,28,15,8,12,3,3,0,3,6
6,0,0,1,8,5,26,35,41,59,80,129,110,74,51,51,33,22,14,5,1,2,4,6
0,3,0,0,3,6,10,21,43,52,96,105,69,63,48,37,12,9,10,0,0,0,0,0
0,0,0,0,0,2,0,3,8,7,12,12,14,9,4,1,0,0,0,0,0,0,3,3
0,0,0,0,0,0,8,2,0,7,7,0,9,8,0,1,0,0,0,0,0,0,0,0
0,0,0,9,28,49,64,45,44,40,46,44,30,48,52,53,51,55,54,40,14,10,3,0
0,0,0,7,14,50,64,57,64,52,71,62,65,84,69,69,66,68,64,52,50,11,9,8
1,4,10,13,11,34,68,83,87,77,59,81,111,123,114,101,86,64,58,44,65,6,3,0
0,0,6,8,6,11,72,103,114,114,98,104,158,178,157,121,82,62,54,56,51,12,0,0
7,11,7,9,12,30,89,130,138,155,154,141,226,211,164,123,85,72,47,30,52,51,14,7
5,6,0,10,10,52,68,100,130,148,164,138,190,187,139,109,95,54,29,12,24,36,21,12
0,1,11,2,12,14,54,96,124,138,164,149,169,170,135,118,68,46,14,10,5,16,21,8
0,13,17,20,10,10,43,100,126,145,149,153,159,152,148,108,65,47,13,10,13,11,44,36
4,7,22,5,7,9,61,102,121,137,139,139,144,143,133,111,100,53,14,11,13,12,51,50
2,5,12,13,7,11,51,82,109,123,130,135,127,113,77,71,83,52,10,7,9,13,60,50
0,24,30,16,10,13,57,59,78,103,132,127,110,93,74,73,71,47,0,0,8,11,41,45
9,31,43,13,11,12,52,58,73,85,85,123,105,108,82,64,64,54,28,14,12,11,20,27
8,28,36,17,14,17,33,51,80,88,120,125,131,137,103,64,47,39,33,32,27,29,36,24
13,33,37,11,11,6,17,56,106,73,83,118,143,125,100,57,50,47,13,10,11,12,47,52
8,71,54,14,12,13,76,102,104,92,106,132,145,116,86,102,79,52,38,13,11,14,30,24
6,53,41,12,14,39,101,102,107,113,130,148,168,140,71,58,69,54,32,20,19,10,29,23
14,49,34,12,23,47,68,96,100,84,116,137,151,115,87,75,69,63,56,37,12,12,12,8
8,20,18,6,15,60,123,109,110,107,100,116,133,81,98,93,90,74,56,38,19,11,0,3
0,10,12,8,18,83,120,122,123,118,104,103,103,103,103,107,107,104,83,81,53,9,11,9
2,0,0,4,33,87,116,122,130,120,104,101,68,91,103,106,107,102,107,85,67,13,4,3
0,0,0,1,58,106,117,119,119,112,104,90,73,83,101,104,105,102,105,81,52,24,10,12
0,8,0,2,40,101,110,113,109,105,82,62,51,59,92,100,100,100,100,66,57,26,15,12
1,0,0,0,36,106,111,120,115,100,73,54,59,64,62,77,67,101,104,100,64,38,13,5
0,0,0,0,35,85,109,120,112,82,56,50,20,50,51,56,100,106,107,104,66,30,13,12
1,7,0,3,8,59,70,95,64,48,41,38,39,37,47,59,68,80,82,109,70,37,12,10
0,0,0,7,14,140,95,68,63,38,32,28,33,36,46,50,54,62,62,77,75,49,13,12
0,8,0,11,34,95,87,56,50,12,11,9,7,6,10,10,26,56,58,54,51,11,7,0
2,0,0,4,23,35,49,65,18,12,3,2,0,0,0,12,19,52,54,51,1,5,6,8
5,4,0,0,11,50,47,48,43,8,0,0,0,0,0,0,8,50,50,12,0,0,0,1
6,9,0,2,12,23,57,50,31,14,0,0,0,0,4,0,0,30,40,2,0,0,0,0
0,1,0,0,4,51,34,48,11,13,6,0,0,0,0,2,7,13,15,0,0,0,0,0
0,0,3,0,9,16,45,44,11,3,0,1,0,0,0,0,6,12,12,10,4,2,0,0
0,0,0,6,10,25,40,28,4,2,0,0,0,8,0,0,3,2,4,5,6,0,0,0
3,0,0,0,10,12,25,10,5,0,0,10,3,0,7,10,5,0,0,1,2,0,1,0
0,0,0,0,10,22,24,9,3,4,0,2,11,9,1,0,0,5,3,11,10,4,0,0
0,0,0,0,1,12,13,10,1,0,11,5,0,0,10,13,13,4,5,11,35,11,0,2
7,6,5,0,11,16,11,1,0,0,1,7,0,8,0,9,8,9,8,7,29,27,12,8
5,6,7,9,25,18,13,0,0,0,0,0,5,5,5,1,0,0,0,6,11,35,33,12
6,8,8,50,22,13,2,0,0,0,3,1,0,2,4,7,6,4,0,1,7,14,59,53

0,0,0,1,0,9,12,13,32,39,65,103,86,56,51,29,15,8,12,3,3,0,3,6
6,0,0,1,8,5,28,35,41,59,80,129,110,74,51,51,33,22,14,5,1,3,4,6
0,3,0,0,3,6,10,22,43,52,96,105,69,63,50,37,12,9,10,0,0,0,0,0
0,0,0,0,0,2,0,3,8,7,12,12,14,9,5,1,0,0,0,0,0,0,3,3
0,0,0,0,0,0,8,2,0,8,7,0,9,8,0,0,0,0,0,0,0,0,0,0
0,0,0,9,28,50,64,45,43,40,46,43,30,48,52,53,51,55,54,40,14,10,3,0
0,0,0,7,14,50,64,57,64,53,71,61,65,84,69,68,66,68,64,52,50,11,9,8
1,4,10,13,11,34,68,83,86,77,59,81,111,123,114,101,86,64,58,44,65,6,3,0
0,0,6,8,6,11,72,103,113,114,97,103,158,178,156,121,82,61,54,56,51,11,0,0
7,11,7,8,12,31,89,130,138,155,154,141,226,211,164,123,85,72,46,31,51,51,14,7
5,6,0,10,10,52,68,100,130,149,165,138,190,187,139,109,95,54,29,12,24,35,21,12
0,1,11,2,12,14,53,95,124,138,165,149,169,170,135,117,68,46,14,10,5,17,20,8
0,13,17,20,10,9,43,100,126,145,150,154,159,152,148,107,65,46,12,10,13,11,43,36
4,7,25,5,7,9,60,102,121,137,139,138,144,143,133,111,100,54,14,11,13,12,50,50
2,5,12,13,7,11,51,82,109,123,130,135,127,113,77,71,82,51,10,7,9,13,60,50
0,24,30,16,10,13,57,59,78,103,132,127,109,93,74,73,71,48,0,0,8,11,43,45
9,31,43,13,11,12,52,58,73,85,85,123,105,107,82,64,64,54,27,14,12,11,18,26
8,28,36,18,14,17,33,51,79,88,120,124,131,137,103,64,47,39,33,32,27,29,35,24
13,33,37,12,11,6,17,56,106,73,83,118,143,124,100,57,50,48,13,11,11,12,47,51
8,72,54,14,12,13,76,102,104,93,106,132,145,116,87,102,80,52,41,14,11,14,30,25
6,54,41,13,14,40,101,102,108,113,130,148,168,140,72,58,69,54,32,20,20,10,29,23
14,49,34,12,23,47,68,96,100,84,117,137,152,115,88,76,69,63,57,38,12,12,13,8
8,20,18,6,15,60,123,110,110,107,100,116,133,81,98,93,90,74,56,38,19,11,0,3
0,10,12,8,20,83,120,122,123,118,104,104,103,103,103,107,107,104,85,81,52,9,11,9
2,0,0,4,33,88,116,122,130,120,104,100,69,91,103,106,107,102,107,85,67,13,4,3
0,0,0,1,59,107,117,119,119,112,104,89,71,85,101,104,105,102,105,81,52,22,11,12
0,8,0,2,40,101,110,113,109,105,82,61,51,58,92,98,100,100,100,66,56,27,15,12
1,0,0,0,38,106,111,120,115,100,74,54,59,62,63,76,67,101,104,100,65,38,13,5
0,0,0,0,34,84,109,120,112,82,56,50,20,51,51,56,100,106,107,104,66,31,13,12
1,7,0,3,8,59,70,95,64,48,41,38,39,38,47,59,68,80,82,109,70,38,12,10
0,0,0,7,14,139,95,68,62,38,33,28,32,36,46,49,54,62,62,77,75,48,13,12
0,8,0,11,34,95,87,57,50,11,11,9,7,6,10,10,26,56,58,54,51,11,7,1
2,0,0,4,23,35,48,65,18,11,3,2,0,0,0,12,19,52,54,51,1,5,6,8
5,4,0,0,11,50,47,47,45,9,0,0,0,0,0,0,8,50,50,12,0,0,0,1
6,9,0,2,12,23,57,50,31,14,0,0,0,0,4,0,0,29,40,2,0,0,0,0
0,1,0,0,4,51,33,48,11,13,6,0,0,0,0,2,7,13,15,0,0,0,0,0
0,0,3,0,9,16,45,44,11,3,0,1,0,0,0,0,5,12,12,10,4,2,0,0
0,0,0,6,10,25,39,25,4,2,0,0,0,8,0,0,3,2,4,5,6,0,0,0
3,0,0,0,10,12,24,10,5,0,0,10,3,0,7,10,5,0,0,1,2,0,1,0
0,0,0,0,10,21,23,9,3,4,0,2,11,9,1,0,0,5,3,11,10,4,0,0
0,0,0,0,1,12,13,9,1,0,11,6,0,1,10,13,12,4,5,10,35,11,1,3
7,6,5,0,11,17,11,1,0,0,1,7,0,8,0,9,8,9,8,7,27,29,12,8
5,6,7,9,25,17,13,0,0,0,0,0,5,5,5,1,0,0,0,6,11,35,33,12
6,8,8,50,22,13,2,0,0,0,3,1,0,2,3,7,6,4,0,1,7,15,59,53

0,0,0,1,0,9,12,13,33,39,65,103,86,56,51,29,15,8,12,3,3,0,3,6
6,0,0,1,8,5,28,35,41,60,80,128,109,74,51,51,33,22,14,5,1,2,4,6
0,3,0,0,3,7,10,21,43,52,96,105,69,63,48,38,12,9,10,0,0,0,0,0
0,0,0,0,0,2,0,3,8,7,12,12,14,9,5,1,0,0,0,0,0,0,3,3
0,0,0,0,0,0,8,2,0,8,7,0,9,8,0,0,0,0,0,0,0,0,0,0
0,0,0,9,28,50,64,45,43,40,46,44,30,47,52,53,51,55,54,40,14,10,3,0
0,0,0,7,14,50,64,57,64,52,71,61,65,83,69,68,66,68,64,52,50,11,9,8
1,4,10,13,11,34,68,83,86,77,60,81,111,123,113,101,86,64,58,46,65,7,3,0
0,0,6,8,6,11,72,103,113,114,98,104,158,178,156,121,82,62,54,56,51,11,0,0
7,11,7,9,12,32,89,130,139,156,155,142,229,214,165,123,85,72,47,32,51,51,14,7
5,6,0,10,10,52,68,100,131,150,167,140,193,189,140,109,95,54,31,12,24,35,20,12
0,1,11,2,12,14,54,95,124,139,166,151,171,171,135,117,68,46,14,10,5,17,21,8
0,14,17,20,10,9,43,100,125,145,149,153,158,152,148,107,65,45,13,10,13,11,43,38
4,7,26,5,7,8,60,102,121,136,138,138,144,143,132,110,100,53,14,11,13,12,50,49
2,5,12,13,7,11,50,82,109,123,129,134,126,112,76,71,82,52,10,7,9,13,60,50
0,24,31,15,10,13,57,59,77,102,131,126,108,92,73,73,70,46,0,0,8,11,41,45
9,32,44,13,11,12,52,58,72,85,85,122,104,107,81,64,64,53,27,14,12,11,20,27
8,28,36,18,14,17,32,51,79,87,119,123,130,136,103,64,47,39,33,32,27,29,35,25
13,33,37,12,11,6,16,56,106,73,83,117,142,124,99,57,51,51,14,11,11,12,47,52
8,72,54,14,12,13,77,102,104,92,106,132,145,116,87,102,82,52,42,14,11,14,29,24
6,53,42,13,14,40,101,102,108,113,130,148,169,141,72,58,70,54,32,21,20,10,29,23
14,49,34,12,24,47,68,96,101,85,117,138,154,116,89,77,70,64,57,38,12,12,13,8
8,20,18,6,15,60,123,109,110,107,100,117,134,83,100,94,91,75,57,38,19,12,0,3
0,10,12,8,20,83,120,122,124,118,104,104,103,104,103,107,107,104,85,82,53,9,11,9
2,0,0,4,33,88,116,122,130,120,104,100,69,92,103,106,107,102,107,86,67,13,5,3
0,0,0,1,58,107,117,119,119,112,104,90,71,83,101,104,105,102,105,83,51,22,11,12
0,8,0,2,40,101,110,113,109,105,81,61,51,59,90,100,100,100,100,66,56,26,15,12
1,0,0,0,36,106,111,120,115,100,73,55,60,63,62,76,67,101,104,100,64,39,13,5
0,0,0,0,34,84,109,120,112,83,56,50,20,51,51,56,100,106,107,104,66,29,13,12
1,7,0,3,9,59,71,95,64,48,41,38,39,39,48,59,69,80,82,110,69,38,12,10
0,0,0,7,14,139,95,68,63,39,32,27,32,36,46,50,54,62,62,77,75,48,13,12
0,7,0,11,33,94,87,57,50,12,11,9,7,6,9,11,26,56,58,54,51,11,7,0
2,0,0,4,22,35,49,65,20,12,3,1,0,0,0,12,19,52,54,51,1,5,6,8
5,4,0,0,11,50,47,48,45,9,0,0,0,0,0,0,8,50,50,12,0,0,0,1
6,9,0,2,12,24,57,50,31,14,0,0,0,0,4,0,0,30,40,2,0,0,0,0
0,1,0,0,4,51,34,48,11,13,6,0,0,0,0,3,7,13,17,0,0,0,0,0
0,0,3,0,9,17,45,44,11,3,0,1,0,0,0,0,6,12,12,10,4,2,0,0
0,0,0,6,10,25,40,24,4,2,0,0,0,8,0,0,3,2,4,5,6,0,0,0
3,0,0,0,10,12,25,10,4,0,0,10,3,0,8,10,5,0,0,1,2,0,1,0
0,0,0,0,11,22,24,9,3,4,0,2,11,9,1,0,0,5,3,11,9,4,0,0
0,0,0,0,1,12,13,10,1,0,11,5,0,1,10,13,13,4,5,10,34,10,1,3
7,6,5,0,11,16,11,1,0,0,1,7,0,8,0,9,8,9,8,7,25,25,12,8
6,6,7,9,25,18,13,0,0,0,0,0,5,5,5,2,0,0,0,6,11,34,32,12
6,8,9,50,22,13,2,0,0,0,3,1,0,2,4,7,6,4,0,1,7,15,59,53

0,0,0,1,0,9,12,13,33,39,64,103,86,56,51,29,15,8,12,3,3,0,3,6
6,0,0,1,8,5,26,35,42,59,80,128,110,74,51,51,33,22,14,5,1,3,4,6
0,3,0,0,3,6,10,22,43,52,96,105,69,63,48,37,12,9,10,0,0,0,0,0
0,0,0,0,0,2,0,3,8,7,12,12,14,9,5,1,0,0,0,0,0,0,3,3
0,0,0,0,0,0,8,2,0,8,7,0,9,8,0,0,0,0,0,0,0,0,0,0
0,0,0,9,29,50,65,44,43,40,46,43,30,47,52,53,51,55,54,40,14,10,3,0
0,0,0,7,14,50,64,57,64,53,70,61,64,83,69,68,66,68,64,52,50,11,9,8
1,4,10,13,11,36,68,83,86,77,60,80,111,122,113,101,85,64,58,46,65,7,3,0
0,0,6,8,6,11,72,103,113,114,97,103,158,177,155,121,81,61,54,56,51,12,0,0
7,11,7,9,12,31,89,130,139,157,155,142,227,213,164,123,85,72,48,32,52,51,14,7
5,6,0,10,10,52,68,100,131,151,168,140,193,189,140,109,95,54,31,13,24,35,21,12
0,1,12,2,12,14,54,95,124,139,167,152,171,172,135,117,67,46,14,10,5,17,21,8
0,14,18,20,10,9,43,100,125,145,149,152,158,152,148,107,65,45,13,10,14,11,43,36
4,7,27,5,7,8,60,102,121,136,138,137,144,143,132,110,100,53,14,11,13,12,51,50
2,5,12,13,7,11,50,81,109,122,129,134,126,112,76,71,81,51,10,7,9,13,60,50
0,25,31,15,10,13,57,59,77,102,131,126,108,92,73,73,70,47,0,0,7,11,43,44
9,32,45,13,11,12,52,58,72,85,85,122,104,106,81,64,64,53,27,14,12,11,19,28
8,28,37,18,14,17,33,51,79,87,119,123,129,135,102,64,47,39,33,32,27,29,35,24
13,33,37,12,11,6,17,56,106,73,82,117,142,124,99,57,51,52,14,11,11,12,47,52
8,72,55,14,12,13,78,102,104,92,106,132,145,116,87,102,82,52,43,14,11,14,29,24
6,53,42,13,14,40,101,102,108,113,130,148,169,141,72,58,70,54,32,21,20,10,29,24
14,49,35,13,24,47,68,97,101,85,118,138,154,117,90,77,70,65,58,38,12,12,13,8
8,20,19,6,15,61,123,110,111,107,100,117,134,83,100,95,91,76,57,38,19,12,0,3
0,10,12,8,21,84,120,122,124,118,104,104,103,104,103,108,107,104,85,81,52,10,11,9
2,0,0,4,34,87,116,122,131,120,104,101,69,94,103,106,107,102,107,86,66,13,5,4
0,0,0,1,59,107,117,119,119,112,104,89,72,83,101,104,105,102,105,81,52,22,11,12
0,8,0,2,43,101,110,113,109,105,81,62,51,59,92,98,100,100,100,66,56,27,16,12
1,0,0,0,36,106,111,120,115,100,73,55,59,63,62,76,67,101,104,100,64,38,13,5
0,0,0,0,35,84,109,120,112,83,56,50,20,50,51,56,100,106,107,104,66,31,13,12
1,7,0,3,8,59,71,95,64,48,41,38,39,37,47,59,68,80,82,109,69,37,12,10
0,0,0,7,14,139,95,69,63,39,33,28,33,36,46,50,54,62,62,77,74,49,13,12
0,7,0,11,33,95,87,57,51,12,11,9,7,6,9,11,27,56,58,54,51,11,7,0
2,0,0,4,22,35,49,65,20,12,3,1,0,0,0,12,18,52,54,51,1,5,6,8
5,4,0,0,11,50,47,48,45,9,0,0,0,0,0,0,8,50,50,12,0,0,0,1
6,9,0,2,12,24,57,50,31,14,0,0,0,0,4,0,0,30,40,2,0,0,0,0
0,1,0,0,4,51,33,48,11,13,6,0,0,0,0,3,7,13,16,0,0,0,0,0
0,0,3,0,9,17,44,45,11,3,0,1,0,0,0,0,6,12,12,10,5,2,0,0
0,0,0,6,10,25,40,25,4,2,0,0,0,8,0,0,3,2,4,5,6,0,0,0
3,0,0,0,10,12,25,10,5,0,0,10,3,0,8,10,5,0,0,1,2,0,1,0
0,0,0,0,11,22,24,9,2,4,0,2,11,9,1,0,0,5,2,11,9,4,0,0
0,0,0,0,1,12,13,10,1,0,11,5,0,1,10,13,13,4,5,11,34,10,1,3
7,6,5,0,11,17,11,1,0,0,1,7,0,8,0,9,8,9,8,7,27,25,12,8
6,6,7,9,26,18,13,0,0,0,0,0,5,5,5,2,0,0,0,6,11,34,32,12
6,8,9,50,22,13,2,0,0,0,3,1,0,2,3,7,6,4,0,1,7,15,58,53

0,0,0,1,0,9,12,13,33,39,65,103,86,56,51,29,16,8,12,3,3,0,3,6
6,0,0,1,8,5,26,35,41,60,80,128,110,74,51,51,33,22,14,5,1,3,4,6
0,3,0,0,3,6,10,22,43,52,96,105,69,63,50,37,12,9,10,0,0,0,0,0
0,0,0,0,0,2,0,3,8,7,12,12,14,9,5,1,0,0,0,0,0,0,3,2
0,0,0,0,0,0,8,2,0,8,8,0,10,8,0,0,0,0,0,0,0,0,0,0
0,0,0,9,29,50,65,45,43,40,46,44,31,47,52,53,51,55,54,40,14,10,3,0
0,0,0,7,14,50,64,57,64,52,71,61,64,83,69,68,66,68,64,52,50,11,8,8
1,4,11,13,11,35,68,83,86,77,60,80,111,122,113,101,86,64,58,45,65,6,3,0
0,0,6,9,6,11,72,103,113,114,97,103,157,176,155,120,82,61,54,56,51,11,0,0
7,11,7,9,12,32,89,130,138,156,155,142,227,212,163,122,85,72,47,32,52,51,14,7
5,6,0,10,10,52,68,100,131,151,168,140,192,188,140,109,95,54,31,13,25,36,20,12
0,1,12,2,12,14,54,95,124,139,167,152,171,171,135,117,68,46,14,10,5,17,20,8
0,14,18,20,10,10,43,100,125,145,150,153,158,152,148,107,65,47,13,10,14,11,43,39
4,7,27,5,7,8,60,102,121,136,138,137,143,143,132,110,100,52,14,11,13,12,51,49
2,5,12,13,7,11,50,81,108,122,129,134,126,112,76,71,81,52,10,7,9,13,60,50
0,25,31,15,10,13,57,59,77,102,131,126,108,92,73,72,70,46,0,0,7,11,41,44
9,32,45,13,11,12,52,58,72,85,84,122,104,106,81,64,64,53,27,14,12,11,19,27
8,28,37,18,14,17,33,51,79,87,119,122,129,135,102,64,47,39,33,32,27,29,35,24
13,33,37,12,11,6,17,56,106,73,82,117,142,124,99,57,51,52,14,12,11,12,48,53
8,72,55,14,12,13,78,102,104,92,106,132,145,116,88,102,82,52,43,14,11,14,28,25
6,54,42,13,14,40,101,102,108,114,131,149,170,141,73,59,70,54,33,21,20,10,29,23
14,49,35,13,24,47,68,97,101,85,118,138,154,117,90,78,70,65,57,38,12,12,13,8
8,20,19,6,15,61,123,110,111,107,100,117,134,83,100,95,92,76,57,38,20,12,0,3
0,10,12,8,22,83,120,122,123,118,105,104,103,104,103,107,107,104,85,81,53,9,11,9
2,0,0,4,33,88,117,122,131,120,104,101,69,92,103,106,107,102,107,86,66,13,5,4
0,0,0,1,60,107,117,119,119,112,104,90,72,85,101,104,105,102,105,83,53,24,11,12
0,8,0,2,42,101,110,113,109,105,82,62,52,60,90,98,100,100,100,66,56,28,17,12
1,0,0,0,36,106,111,120,115,100,73,54,59,63,61,76,67,101,104,100,64,38,13,5
0,0,0,0,35,85,109,120,112,82,56,50,20,51,51,56,100,105,107,104,66,31,13,12
1,7,0,3,8,59,70,96,64,48,41,39,39,37,47,59,68,79,82,109,69,37,12,10
0,0,0,7,14,139,95,69,63,39,33,28,32,36,46,50,54,62,62,77,74,48,13,12
0,8,0,11,33,94,87,57,51,12,11,9,7,6,9,11,27,56,58,54,51,11,7,0
2,0,0,4,22,35,49,66,21,12,3,1,0,0,0,12,19,52,54,51,1,5,6,8
5,4,0,0,11,50,47,48,44,9,0,0,0,0,0,0,8,50,50,12,0,0,0,1
6,9,0,2,12,24,57,50,31,14,0,0,0,0,4,0,1,31,40,2,0,0,0,0
0,1,0,0,4,51,33,48,11,13,6,0,0,0,0,3,8,13,16,0,0,0,0,0
0,0,3,0,9,17,45,45,11,3,0,1,0,0,0,0,6,12,12,11,5,2,0,0
0,0,0,6,10,25,40,25,4,2,0,0,0,8,0,0,4,2,4,5,6,0,0,0
3,0,0,0,10,12,24,10,5,0,0,10,3,0,8,10,5,0,0,1,2,0,1,0
0,0,0,0,10,22,23,9,3,4,0,2,11,9,1,0,0,5,2,11,9,4,0,0
0,0,0,0,1,12,13,10,1,0,11,6,0,1,10,13,13,4,5,11,34,10,1,3
7,6,5,0,11,17,11,1,0,0,1,7,0,8,0,9,8,9,8,7,27,25,12,8
6,6,7,9,26,20,13,0,0,0,0,0,5,5,5,2,0,0,0,6,11,34,33,12
6,8,9,50,22,13,2,0,0,0,3,1,0,2,3,7,6,4,0,1,7,14,59,53

0,0,0,1,0,9,12,13,32,39,65,103,86,56,51,29,17,8,12,3,3,0,3,6
6,0,0,1,8,5,25,35,42,59,80,129,110,74,51,51,33,23,14,5,1,3,4,6
0,3,0,0,3,6,10,21,43,52,96,105,69,63,50,37,12,9,10,0,0,0,0,0
0,0,0,0,0,2,0,3,8,7,12,12,14,9,5,1,0,0,0,0,0,0,3,3
0,0,0,0,0,0,8,2,0,8,7,0,9,8,0,0,0,0,0,0,0,0,0,0
0,0,0,9,29,51,65,45,42,40,46,43,30,47,51,53,51,55,54,40,14,10,3,0
0,0,0,7,14,51,64,57,64,52,70,61,64,83,68,68,66,68,64,52,50,11,9,8
1,4,10,13,11,36,69,83,86,76,59,80,111,122,112,100,86,64,58,46,65,6,3,0
0,0,6,9,6,11,72,102,112,113,97,103,157,176,154,120,81,61,54,56,51,11,0,0
7,11,7,9,12,31,88,129,137,156,156,142,228,212,163,122,84,72,46,32,51,51,14,7
5,6,0,10,10,52,68,100,130,151,169,141,194,189,140,109,95,54,31,13,25,36,20,12
0,1,12,2,12,14,54,95,124,140,168,153,172,172,135,117,68,47,14,10,5,15,20,8
0,14,19,20,10,9,43,100,125,145,150,152,158,152,148,107,65,46,13,10,14,11,45,37
4,7,29,5,7,8,60,102,121,136,138,137,143,142,133,110,100,52,14,11,13,12,50,49
2,5,12,13,7,11,50,82,108,122,129,133,125,111,76,71,81,52,10,7,9,13,61,50
0,25,31,16,10,13,57,59,77,102,130,125,108,91,73,72,70,47,0,0,8,11,44,44
9,33,45,13,11,12,52,58,72,84,84,122,103,106,81,64,64,53,28,14,12,11,20,27
8,28,37,18,14,17,33,51,79,87,118,121,128,135,102,64,47,39,33,32,27,29,35,25
13,33,37,12,11,6,18,56,106,73,82,117,141,124,99,57,52,53,14,12,11,12,48,52
8,72,55,14,12,14,79,102,104,92,106,132,145,116,88,103,83,53,43,14,11,14,29,25
7,54,42,13,14,40,101,102,108,114,131,149,170,142,73,59,71,55,32,22,20,10,29,23
14,49,35,13,24,47,68,97,101,85,118,139,155,118,91,78,70,65,58,38,12,12,13,8
8,20,19,6,15,60,123,110,111,108,100,117,135,84,100,96,92,76,57,38,19,12,0,3
0,10,12,8,22,83,120,122,124,118,105,104,103,104,103,108,107,104,85,82,53,10,11,9
2,0,0,4,34,88,117,122,131,121,104,100,69,94,103,106,107,102,107,86,67,13,5,4
0,0,0,1,59,106,117,119,119,112,104,90,72,85,101,104,105,102,105,82,52,24,11,12
0,8,0,2,42,101,110,113,109,105,81,61,52,59,92,98,100,100,100,66,56,28,17,12
1,0,0,0,37,106,111,120,115,100,74,54,60,63,63,76,67,101,104,100,65,39,13,5
0,0,0,0,34,84,109,120,112,83,56,50,20,51,51,56,100,105,107,104,66,31,13,12
1,7,0,3,8,59,71,96,64,48,41,38,39,37,47,59,68,79,82,109,69,37,12,10
0,0,0,7,14,139,94,69,63,39,33,28,32,36,46,49,54,62,62,77,74,49,13,12
0,7,0,11,33,94,87,57,51,12,12,9,7,6,10,11,27,56,58,54,51,11,7,0
2,0,0,4,22,35,49,65,22,12,3,1,0,0,0,12,19,52,54,51,1,5,6,8
5,4,0,0,11,50,47,48,45,9,0,0,0,0,0,0,8,50,50,12,0,0,0,1
6,9,0,2,12,23,57,50,31,14,0,0,0,0,4,0,1,30,39,2,0,0,0,0
0,1,0,0,4,51,33,48,11,13,6,0,0,0,0,3,7,13,15,0,0,0,0,0
0,0,3,0,9,18,46,45,11,3,0,1,0,0,0,0,6,12,12,11,5,2,0,0
0,0,0,6,10,25,40,24,4,2,0,0,0,8,0,0,4,2,4,5,6,0,0,0
3,0,0,0,10,12,24,10,4,0,0,10,3,0,8,10,5,0,0,1,2,0,1,0
0,0,0,0,11,22,23,9,2,4,0,1,11,9,1,0,0,5,2,11,10,4,0,0
0,0,0,0,1,12,13,9,1,0,10,6,0,1,10,13,13,4,5,10,35,10,1,3
7,6,5,0,11,17,11,1,0,0,1,7,0,8,0,9,8,9,8,7,25,25,12,8
5,6,7,9,26,18,13,0,0,0,0,0,5,5,5,2,0,0,0,6,11,33,33,12
6,8,9,50,22,13,2,0,0,0,3,1,0,2,3,7,6,4,0,1,7,15,59,53

0,0,0,1,0,9,12,13,32,39,65,103,86,56,51,30,16,8,12,3,3,0,3,6
6,0,0,1,8,5,26,35,41,59,80,129,110,74,51,51,33,22,14,5,1,3,4,6
0,3,0,0,3,6,10,21,42,52,96,105,69,63,50,38,12,9,10,0,0,0,0,0
0,0,0,0,0,2,0,3,8,7,12,12,15,9,5,1,0,0,0,0,0,0,3,3
0,0,0,0,0,0,8,2,0,7,8,0,9,8,0,0,0,0,0,0,0,0,0,0
0,0,0,9,29,51,66,45,42,40,46,43,30,47,51,53,51,55,54,40,14,10,3,0
0,0,0,7,14,51,64,57,64,52,70,61,64,82,68,68,66,68,64,52,50,11,8,8
1,4,10,13,11,35,68,82,85,76,59,80,110,121,111,100,85,63,58,46,65,6,3,0
0,0,6,9,6,11,71,102,111,112,96,103,157,175,153,120,81,61,54,56,51,11,0,0
7,11,7,9,12,30,88,129,137,156,156,142,229,212,163,122,85,72,48,32,52,52,14,7
5,6,0,11,10,52,68,100,130,151,170,141,195,189,140,109,95,54,30,13,25,36,20,12
0,1,12,2,12,14,54,95,124,140,169,156,173,172,136,117,68,47,14,10,5,17,21,8
0,14,19,20,10,10,43,100,125,146,151,153,159,152,148,107,65,45,13,10,13,11,43,36
4,7,30,5,7,8,60,102,121,136,138,137,143,142,133,110,100,52,14,11,13,12,50,50
2,5,13,13,7,11,50,82,108,122,128,133,125,111,76,71,81,51,10,7,9,13,61,50
0,25,32,16,10,13,57,59,77,102,130,125,108,91,73,73,70,46,0,0,7,11,43,45
9,33,46,14,11,12,52,58,72,84,84,122,103,105,81,64,64,54,28,14,12,11,20,27
8,28,36,18,14,17,33,51,79,87,118,121,128,134,101,63,47,39,33,32,27,29,35,24
13,33,37,12,11,7,18,57,106,73,82,116,141,124,98,57,52,53,14,12,11,12,47,51
8,71,55,14,12,14,80,103,104,92,106,132,145,116,88,103,84,53,44,14,11,14,29,25
7,54,42,13,14,40,101,102,108,114,131,149,170,142,73,59,71,55,33,21,21,10,29,23
14,49,35,13,24,47,68,98,101,86,118,139,155,118,91,79,71,65,58,39,12,12,13,8
8,20,20,6,15,61,123,110,111,108,100,117,135,84,100,96,93,76,57,39,20,12,0,3
0,10,12,8,23,84,120,122,124,118,105,104,103,104,103,108,107,104,85,82,52,10,11,9
2,0,0,4,34,88,117,122,130,120,104,100,70,92,103,106,108,102,107,86,67,13,5,4
0,0,0,1,60,106,117,119,119,113,104,90,72,85,101,104,105,102,105,83,52,25,11,12
0,8,0,2,43,101,110,113,109,105,82,61,52,60,92,97,100,100,100,66,57,27,16,12
1,0,0,0,37,106,111,120,115,100,73,54,60,65,62,75,67,101,104,100,65,38,13,5
0,0,0,0,35,84,109,120,112,83,56,50,20,51,51,56,100,105,107,104,66,29,13,12
1,7,0,3,8,59,71,96,64,48,41,38,39,38,47,59,68,79,82,109,69,37,12,10
0,0,0,7,14,139,95,69,63,39,33,28,33,36,46,49,53,62,62,76,74,48,13,12
0,7,0,11,33,94,86,57,51,12,11,9,7,6,9,11,29,56,58,54,51,11,7,1
2,0,0,4,22,35,48,65,22,12,3,1,0,0,0,12,19,52,54,51,1,5,6,8
5,4,0,0,11,50,47,48,45,9,0,0,0,0,0,0,8,50,50,12,0,0,0,1
6,9,0,2,12,23,57,50,31,14,0,0,0,0,4,0,0,30,40,2,0,0,0,0
0,1,0,0,4,51,34,48,11,13,6,0,0,0,0,3,8,13,17,0,0,0,0,0
0,0,3,0,9,17,45,44,11,3,0,1,0,0,0,0,6,12,12,11,5,2,0,0
0,0,0,6,10,25,40,24,4,2,0,0,0,8,0,0,3,2,4,5,6,0,0,0
3,0,0,0,10,12,24,10,4,0,0,10,3,0,8,10,4,0,0,1,1,0,1,0
0,0,0,0,11,22,23,9,2,4,0,1,11,9,1,0,0,5,2,11,10,4,0,0
0,0,0,0,1,12,13,9,1,0,11,5,0,1,10,13,12,4,5,10,34,10,1,3
7,6,5,0,11,16,11,1,0,0,1,7,0,8,0,9,8,9,8,7,27,26,12,8
5,6,7,9,25,18,13,0,0,0,0,0,5,5,5,2,0,0,0,6,11,34,33,12
6,8,9,50,22,13,2,0,0,0,3,1,0,2,3,7,6,4,0,0,7,15,59,53

0,0,0,1,0,9,12,13,32,40,64,103,86,56,51,29,16,8,12,3,3,0,3,6
6,0,0,1,8,5,26,35,41,59,80,129,110,74,51,51,33,22,14,5,2,3,4,6
0,3,0,0,3,6,10,22,42,52,97,105,69,63,50,37,12,9,10,0,0,0,0,0
0,0,0,0,0,2,0,3,8,7,12,12,15,9,5,1,0,0,0,0,0,0,3,2
0,0,0,0,0,0,8,2,0,7,7,0,10,8,0,0,0,0,0,0,0,0,0,0
0,0,0,9,29,52,66,46,43,41,46,43,30,47,51,53,51,55,54,40,14,10,3,0
0,0,0,7,14,51,64,57,64,52,70,61,64,82,68,68,67,68,64,52,50,11,8,8
1,4,10,13,11,35,68,82,85,76,59,80,110,121,111,100,85,63,58,46,65,6,3,0
0,0,6,9,6,11,71,102,111,111,96,103,157,175,153,120,81,61,54,56,51,11,0,0
7,11,7,9,12,30,88,128,136,154,156,143,229,212,163,122,84,72,47,32,52,51,14,7
5,6,0,10,10,52,67,100,130,151,170,141,195,189,139,109,94,54,30,12,24,35,20,12
0,1,12,2,12,14,54,96,124,141,170,156,173,172,136,118,68,49,14,10,6,17,20,8
0,14,19,20,10,10,43,100,126,146,151,153,159,152,148,107,65,45,13,10,14,11,43,36
4,7,30,5,7,9,60,102,121,136,138,137,143,142,133,111,100,53,14,11,13,12,50,50
2,5,12,13,7,11,51,82,108,122,129,133,125,111,76,71,82,52,10,7,9,13,61,50
0,25,32,16,10,13,57,59,77,102,130,125,108,92,73,72,70,47,0,0,7,11,44,45
9,32,45,13,11,12,52,58,72,84,84,122,103,106,81,64,63,54,27,14,12,11,20,26
8,28,37,18,14,17,33,51,79,87,118,122,129,135,102,64,47,40,33,32,27,29,36,24
13,33,37,12,11,6,17,56,106,73,82,117,141,124,99,57,51,53,14,11,11,12,47,52
8,72,55,14,12,14,79,102,104,92,106,132,145,117,88,103,83,53,43,14,11,14,29,25
6,54,43,13,14,40,101,102,108,114,131,149,170,142,73,59,71,54,33,21,21,10,29,24
14,49,35,13,24,47,68,97,101,85,118,139,155,117,91,78,71,65,58,39,12,12,13,8
8,20,21,6,15,61,123,110,111,107,100,117,134,83,100,95,92,76,57,38,20,12,0,3
0,10,12,8,23,84,120,122,123,118,105,104,103,104,103,107,107,104,85,82,53,10,11,9
2,0,0,4,34,87,116,122,130,120,104,101,70,92,103,106,107,102,107,86,66,13,5,4
0,0,0,1,60,107,117,119,119,112,104,90,73,85,101,104,105,102,105,83,53,25,11,12
0,8,0,2,43,101,110,113,109,105,82,61,52,60,92,97,100,100,100,66,57,28,17,12
1,0,0,0,38,106,111,120,115,100,73,54,60,63,63,75,66,101,104,100,65,38,13,5
0,0,0,0,34,84,109,120,112,82,56,50,20,50,51,56,100,105,107,104,66,31,13,12
1,7,0,3,9,59,71,96,64,48,42,39,39,38,48,59,68,80,82,109,69,38,12,10
0,0,0,7,14,140,95,69,63,39,33,28,32,36,46,49,54,62,62,76,74,47,13,12
0,7,0,11,33,94,87,58,51,12,12,9,7,6,9,11,29,56,58,54,51,11,7,1
2,0,0,4,22,35,49,66,22,12,3,1,0,0,0,12,18,52,54,51,1,5,6,8
5,4,0,0,11,50,47,48,45,9,0,0,0,0,0,0,8,50,50,13,0,0,0,1
6,9,0,2,12,24,57,50,31,14,0,0,0,0,4,0,1,31,40,3,0,0,0,0
0,1,0,0,4,51,34,48,11,13,6,0,0,0,0,3,8,13,16,0,0,0,0,0
0,0,3,0,9,18,45,44,11,3,0,1,0,0,0,0,6,12,12,11,5,2,0,0
0,0,0,6,10,26,40,24,4,2,0,0,0,8,0,0,4,2,4,5,6,0,0,0
3,0,0,0,10,12,25,10,4,0,0,9,3,0,8,10,5,0,0,1,2,0,1,0
0,0,0,0,11,24,24,9,3,4,0,1,11,9,1,0,0,5,3,11,10,4,0,0
0,0,0,0,1,12,13,10,1,0,11,5,0,0,10,13,13,4,5,11,35,11,1,3
7,6,5,0,11,17,11,2,0,0,1,7,0,8,0,9,8,9,8,7,28,27,12,8
5,6,7,10,27,20,13,0,0,0,0,0,5,5,5,1,0,0,0,6,12,34,34,12
6,8,9,50,22,13,2,0,0,0,3,1,0,2,3,7,6,4,0,0,7,16,59,53

0,0,0,1,0,9,12,13,32,39,65,103,86,56,51,29,16,8,12,3,3,0,3,6
6,0,0,1,8,5,26,35,41,59,80,129,110,74,51,51,33,22,14,5,1,3,4,6
0,3,0,0,3,6,10,22,43,52,96,105,69,63,50,38,12,9,10,0,0,0,0,0
0,0,0,0,0,2,0,3,7,7,12,12,15,9,5,1,0,0,0,0,0,0,3,3
0,0,0,0,0,0,8,2,0,8,7,0,9,8,0,0,0,0,0,0,0,0,0,0
0,0,0,8,29,52,66,46,43,41,46,43,30,47,51,53,51,55,54,40,14,10,3,0
0,0,0,7,14,51,64,57,64,52,70,61,64,83,68,68,66,68,64,52,50,11,8,8
1,4,10,13,11,35,68,82,86,76,59,80,111,122,112,100,85,63,58,46,65,6,3,0
0,0,6,9,7,11,72,102,112,113,97,103,157,176,155,120,81,61,54,56,51,11,0,0
7,11,7,9,12,32,89,130,138,155,155,142,227,211,163,122,84,72,47,32,52,51,14,7
5,6,0,10,10,52,68,101,131,150,166,139,191,188,140,109,95,54,30,13,25,35,20,12
0,1,12,2,12,14,54,97,125,140,166,150,170,171,136,118,68,46,14,10,5,17,20,8
0,14,18,20,10,10,44,101,126,145,150,153,158,152,148,108,66,47,13,10,14,11,44,38
4,7,30,5,7,9,61,102,121,136,139,138,144,143,133,111,100,54,14,11,13,12,51,49
2,5,12,13,7,11,51,82,109,123,129,134,126,112,76,71,82,52,10,7,9,13,62,50
0,25,31,16,10,13,57,59,77,103,131,126,109,92,73,73,70,46,0,0,8,11,44,44
9,32,45,13,11,12,52,58,72,85,85,122,104,107,81,64,64,54,28,14,12,11,20,27
8,28,36,18,14,17,33,51,79,87,119,123,130,136,102,64,47,39,33,32,27,29,35,24
13,34,37,12,11,6,17,56,106,73,83,117,142,124,99,57,51,51,14,11,11,12,47,53
8,72,55,14,12,13,78,102,104,92,106,132,145,117,88,102,82,52,42,14,11,14,30,25
6,53,42,13,14,40,101,102,108,114,130,148,169,141,73,58,70,55,32,21,20,10,29,23
14,49,35,13,24,47,68,97,101,84,117,138,154,117,90,77,70,64,58,38,12,12,13,8
8,20,19,6,15,60,123,109,110,107,100,116,134,82,100,95,91,75,57,38,20,12,0,4
0,10,12,8,22,83,120,122,123,118,104,104,103,104,103,107,107,104,85,81,52,10,11,9
2,0,0,4,33,88,116,122,130,120,104,100,69,92,103,106,107,102,107,86,67,13,5,4
0,0,0,1,60,106,117,119,119,112,104,91,73,83,101,104,105,102,105,82,52,25,11,12
0,8,0,2,43,101,110,113,109,105,82,62,53,60,92,100,100,100,100,66,56,27,17,12
1,0,0,0,38,106,111,120,115,100,73,54,60,64,62,76,67,101,104,100,64,39,13,5
0,0,0,0,35,85,109,120,111,82,56,50,21,50,51,56,100,105,107,104,66,31,13,12
1,7,0,3,9,59,71,96,64,48,41,38,39,37,47,59,68,79,82,109,69,37,12,10
0,0,0,7,14,140,95,69,63,39,33,28,32,36,46,50,54,62,62,76,74,48,13,12
0,8,0,11,33,95,87,58,51,12,12,9,7,6,10,11,29,56,58,54,51,11,7,1
2,0,0,4,23,35,49,66,24,12,3,1,0,0,0,12,19,52,54,51,1,5,6,8
5,4,0,0,11,50,47,48,45,9,0,0,0,0,0,0,8,50,50,13,0,0,0,1
6,9,0,2,12,24,57,50,31,14,0,0,0,0,4,0,0,30,40,3,0,0,0,0
0,1,0,0,4,51,34,48,11,13,6,0,0,0,0,3,8,13,17,0,0,0,0,0
0,0,3,0,9,20,46,45,11,3,0,1,0,0,0,0,6,12,12,11,5,2,0,0
0,0,0,6,10,26,41,27,4,2,0,0,0,8,0,0,4,2,4,6,7,0,0,0
3,0,0,0,10,12,26,10,5,0,0,10,3,0,8,10,5,0,0,1,2,0,1,0
0,0,0,0,11,24,24,9,3,4,0,2,11,9,1,0,0,5,3,11,10,5,0,0
0,0,0,0,1,12,13,10,1,0,11,5,0,0,10,13,13,4,5,11,35,11,1,3
7,6,5,0,11,19,11,2,0,0,1,7,0,8,0,9,8,9,8,7,28,27,12,8
6,6,7,9,27,22,13,0,0,0,0,0,5,5,5,2,0,0,0,6,12,36,33,12
6,8,9,50,22,13,2,0,0,0,3,1,0,2,3,7,6,4,0,1,7,16,59,54

0,0,0,1,0,9,12,13,32,39,64,103,86,55,51,28,16,8,12,3,3,0,3,6
6,0,0,1,8,5,26,35,41,59,80,128,109,74,51,51,33,20,14,5,1,2,4,6
0,3,0,0,3,6,10,21,42,52,95,105,69,63,50,38,12,9,10,0,0,0,0,0
0,0,0,0,0,2,0,3,8,7,12,12,14,9,5,1,0,0,0,0,0,0,3,3
0,0,0,0,0,0,8,2,0,8,7,0,9,8,0,0,0,0,0,0,0,0,0,0
0,0,0,8,28,51,65,46,44,41,46,44,30,47,52,53,51,55,53,39,14,10,3,0
0,0,0,7,14,51,64,58,65,53,71,61,65,84,69,69,67,68,63,52,50,11,8,8
1,4,11,13,12,38,69,84,88,77,60,81,112,124,115,101,86,64,58,44,65,6,3,0
0,0,6,9,7,12,74,105,116,117,98,104,159,180,160,123,82,62,55,56,51,11,0,0
7,11,7,9,12,35,91,134,143,158,154,141,226,214,168,126,86,72,48,32,51,51,14,7
5,6,0,11,10,53,69,102,133,151,164,138,189,188,142,112,96,54,31,12,25,36,20,12
0,1,12,2,13,14,54,97,125,139,163,147,168,171,136,118,68,48,14,10,5,17,20,8
0,13,19,20,10,10,44,101,126,145,149,152,157,151,148,108,66,47,13,10,13,11,44,38
4,7,30,5,7,9,61,102,121,136,138,138,144,142,132,111,100,54,14,11,13,12,51,48
2,5,13,13,7,11,51,82,109,123,129,134,126,112,76,71,82,52,10,7,9,13,62,50
0,25,32,16,10,13,57,59,77,103,131,126,109,92,73,72,70,46,0,0,7,11,43,45
9,33,46,14,11,12,52,58,72,85,85,122,104,107,81,64,64,54,28,14,12,11,22,28
8,28,37,18,14,16,32,51,79,87,119,123,130,136,103,64,47,39,33,32,27,29,35,24
13,34,38,12,11,6,16,56,106,73,83,117,142,124,99,57,51,51,14,11,11,12,47,54
8,72,55,14,12,13,76,102,104,92,106,132,145,117,87,102,80,52,41,14,11,14,29,25
7,54,42,13,14,39,101,102,107,113,130,148,169,141,72,58,70,54,32,21,20,10,29,24
14,49,35,13,24,47,68,96,100,84,117,138,153,117,89,77,70,64,57,38,12,12,13,8
8,21,21,6,15,60,123,109,110,107,100,116,133,81,100,94,91,75,57,38,20,12,0,4
0,10,12,8,20,83,120,121,123,118,104,104,103,103,103,107,107,104,85,81,53,10,11,9
2,0,0,4,34,87,116,122,130,120,104,101,69,92,103,106,107,102,107,86,67,13,5,4
0,0,0,1,59,106,117,119,118,112,104,90,73,85,101,104,105,102,105,82,52,26,11,12
0,8,0,2,43,101,110,113,109,105,82,61,52,60,92,97,100,100,100,66,56,26,18,12
1,0,0,0,36,106,111,120,115,100,73,55,60,63,63,76,66,101,104,100,64,38,13,5
0,0,0,0,35,84,109,120,111,83,57,50,20,51,51,56,100,105,107,104,66,30,13,12
1,7,0,3,9,59,71,96,64,48,42,38,39,37,48,59,68,79,82,109,69,37,12,10
0,0,0,7,14,140,95,69,63,40,33,28,32,36,46,49,54,62,62,76,74,48,13,12
0,8,0,11,33,95,87,58,51,12,12,9,7,6,9,11,29,56,58,54,52,11,7,1
2,0,0,4,23,35,49,66,24,12,3,1,0,0,0,12,19,52,54,51,2,6,6,8
5,4,0,0,11,50,47,48,45,9,0,0,0,0,0,0,8,50,50,13,0,0,0,1
6,9,0,2,12,24,57,50,31,14,0,0,0,0,4,0,0,31,41,3,0,0,0,0
0,1,0,0,4,51,35,50,11,13,6,0,0,0,0,2,7,14,17,0,0,0,0,0
0,0,3,0,9,20,47,45,11,3,0,1,0,0,0,0,6,12,12,11,5,2,0,0
0,0,0,6,10,27,41,26,4,2,0,0,0,8,0,0,4,2,4,6,7,0,0,0
3,0,0,0,10,12,26,10,5,0,0,9,3,0,8,10,5,0,0,1,2,0,1,0
0,0,0,0,11,24,24,9,3,4,0,1,11,9,1,0,0,5,3,11,10,5,0,0
0,0,0,0,1,12,13,10,1,0,11,5,0,1,10,13,13,4,5,11,35,11,2,3
7,6,5,0,11,20,11,2,0,0,1,7,0,8,0,9,8,9,8,7,29,29,12,8
6,6,6,10,27,22,13,0,0,0,0,0,5,5,5,2,0,0,0,6,12,36,35,12
6,8,9,50,22,13,2,0,0,0,3,1,0,2,3,7,6,4,0,1,7,15,59,54

0,0,0,1,0,9,12,13,32,39,65,103,86,56,51,29,16,8,12,3,3,0,3,6
6,0,0,1,8,5,26,35,41,59,80,129,110,74,51,51,33,23,14,5,1,2,4,6
0,3,0,0,3,6,10,22,43,52,96,105,69,63,50,38,12,9,10,0,0,0,0,0
0,0,0,0,0,2,0,3,8,7,12,12,14,9,5,1,0,0,0,0,0,0,3,3
0,0,0,0,0,0,8,2,0,8,7,0,9,8,0,0,0,0,0,0,0,0,0,0
0,0,0,8,27,51,65,46,44,41,46,44,31,47,51,53,51,55,53,39,14,10,3,0
0,0,0,7,14,51,64,58,65,53,71,61,65,83,69,68,66,68,64,52,50,11,8,8
1,4,10,13,11,37,69,83,86,77,60,81,111,123,113,101,86,63,58,44,65,6,3,0
0,0,6,9,7,11,73,103,113,114,97,104,159,178,157,121,82,61,54,56,51,11,0,0
7,11,7,9,12,34,89,131,139,156,155,143,228,214,166,123,85,72,47,32,51,51,14,7
5,6,0,10,10,52,68,101,131,150,167,140,193,190,141,110,95,54,31,12,25,36,20,12
0,1,12,2,12,14,54,96,124,139,165,150,170,172,136,118,68,47,14,10,6,16,21,8
0,14,19,20,10,10,44,100,126,145,149,152,158,152,148,107,65,47,13,10,14,11,44,38
4,7,30,5,7,9,60,102,121,136,138,138,144,142,132,110,100,54,14,11,13,12,51,49
2,5,13,13,7,11,51,82,109,123,129,134,126,112,76,71,82,52,10,7,9,13,62,50
0,25,32,16,10,13,57,59,77,102,131,126,108,92,73,73,70,46,0,0,8,11,44,44
9,32,47,14,11,12,52,58,72,85,85,122,104,107,82,64,64,54,29,14,12,12,20,28
8,28,37,18,14,17,33,51,79,87,119,123,130,136,103,64,47,39,33,32,27,29,35,24
13,34,38,12,11,6,17,56,106,73,83,117,142,124,99,57,51,51,14,11,11,12,47,53
8,72,55,14,12,13,78,102,104,92,106,132,145,117,88,102,82,52,41,14,11,14,29,25
7,54,43,13,14,40,101,102,108,113,130,148,169,141,73,58,70,54,32,21,20,10,29,24
14,49,35,13,24,47,68,97,101,84,117,138,154,117,90,77,70,64,58,38,12,12,13,8
8,20,20,6,15,60,123,110,110,107,100,117,134,82,100,95,91,76,57,39,20,12,0,4
0,10,12,8,21,83,120,121,123,118,104,103,103,104,103,107,107,104,85,81,53,10,12,9
2,0,0,4,34,87,116,122,130,120,104,101,70,92,103,106,108,102,107,86,67,13,5,4
0,0,0,1,60,106,117,119,118,112,104,90,72,85,101,104,105,102,105,83,51,22,11,12
0,8,0,2,43,101,110,113,109,105,82,61,52,60,92,98,100,100,100,66,57,28,18,12
1,0,0,0,37,106,111,120,115,100,73,55,60,64,63,75,67,101,104,100,64,38,13,5
0,0,0,0,35,84,109,120,111,82,56,50,20,51,51,56,100,105,107,104,66,30,13,12
1,7,0,3,9,59,71,96,64,48,41,39,39,37,47,59,68,79,82,109,69,37,12,10
0,0,0,7,14,140,95,69,63,40,33,28,33,36,46,49,54,62,62,76,74,48,13,12
0,8,0,11,33,94,87,57,51,12,12,9,7,6,9,11,29,56,58,54,51,11,7,1
2,0,0,4,22,35,49,66,24,12,3,1,0,0,0,12,19,52,54,51,1,5,6,8
5,4,0,0,11,50,47,48,45,9,0,0,0,0,0,0,8,50,50,13,0,0,0,1
7,9,0,2,12,24,56,50,31,14,0,0,0,0,4,0,0,30,40,3,0,0,0,0
0,1,0,0,4,51,34,49,10,13,6,0,0,0,0,3,7,13,17,0,0,0,0,0
0,0,3,0,9,18,45,45,11,3,0,1,0,0,0,0,6,12,12,11,5,2,0,0
0,0,0,6,10,26,40,25,4,2,0,0,0,8,0,0,4,2,4,6,7,0,0,0
3,0,0,0,10,12,25,10,5,0,0,10,3,0,8,10,5,0,0,1,2,0,1,0
0,0,0,0,11,23,24,9,2,4,0,2,11,9,1,0,0,5,3,11,10,5,0,0
0,0,0,0,1,12,13,10,1,0,11,5,0,1,10,13,13,4,5,11,34,11,2,3
7,6,5,0,11,19,11,2,0,0,1,7,0,8,0,9,8,9,8,7,28,27,12,8
6,6,7,10,27,20,13,0,0,0,0,0,5,5,5,2,0,0,0,6,12,36,35,12
6,8,9,51,22,13,2,0,0,0,3,1,0,2,3,7,6,4,0,1,7,15,59,54

0,0,0,1,0,9,13,13,33,39,64,103,86,56,51,30,17,8,12,4,3,0,3,6
6,0,0,1,8,5,25,35,41,59,80,128,110,74,51,51,33,22,14,5,2,3,4,6
0,3,0,0,3,6,10,21,43,52,96,105,69,63,50,38,12,9,10,0,0,0,0,0
0,0,0,0,0,2,0,3,8,7,12,12,14,9,5,1,0,0,0,0,0,0,3,3
0,0,0,0,0,0,8,2,0,7,8,0,10,8,0,0,0,0,0,0,0,0,0,0
0,0,0,8,29,52,66,46,44,41,47,43,31,47,51,53,51,55,53,39,14,10,3,0
0,0,0,7,14,51,64,58,64,53,70,61,64,83,68,68,66,68,64,52,50,11,8,8
1,4,10,13,11,37,69,83,86,76,59,80,111,122,112,100,85,63,58,45,65,6,3,0
0,0,6,9,7,11,72,102,112,112,96,104,158,177,154,120,81,61,54,56,51,11,0,0
7,11,7,9,12,33,89,130,137,156,156,144,230,214,164,122,85,72,47,32,51,51,14,7
5,6,0,11,10,52,68,100,131,151,169,142,196,191,140,109,95,54,32,13,25,36,21,12
0,1,12,2,12,14,54,96,124,140,168,154,173,173,136,118,68,47,14,10,5,17,20,8
0,14,19,20,10,10,43,100,125,145,150,153,159,152,148,107,65,46,13,10,14,11,44,37
4,7,30,5,7,9,60,102,121,136,138,137,143,142,132,110,100,53,14,11,13,12,50,49
3,6,13,13,7,11,50,82,108,122,129,134,126,111,76,71,81,52,10,7,9,13,61,50
0,25,32,16,10,13,57,59,77,102,130,125,108,92,73,72,71,47,0,0,7,11,44,45
9,33,47,13,11,12,52,58,72,85,84,122,103,106,81,64,64,54,28,14,12,11,20,27
8,28,37,18,14,17,33,51,79,87,118,122,129,135,102,64,47,39,33,32,27,29,35,25
13,34,37,12,11,7,17,57,106,73,82,117,141,124,99,57,51,53,14,12,11,12,47,53
8,71,55,14,12,14,79,102,104,92,106,132,145,117,88,103,83,53,43,14,11,14,29,25
7,54,42,13,14,40,101,102,108,114,131,149,170,142,73,58,71,55,33,21,21,10,30,24
16,49,35,13,24,47,68,97,101,85,118,139,155,118,91,78,70,65,58,38,12,12,13,8
10,22,21,6,15,61,123,110,111,107,100,117,134,83,100,95,92,76,57,38,20,12,0,3
0,10,12,8,22,83,120,122,124,118,104,104,103,104,103,107,107,104,85,81,53,10,12,9
2,0,0,4,34,87,116,122,130,120,104,101,70,95,103,106,108,102,107,86,67,13,5,4
0,0,0,1,60,106,117,119,118,112,103,90,73,85,101,104,105,102,105,83,52,24,11,12
0,8,0,2,43,101,110,113,109,105,82,61,52,60,92,97,100,100,100,66,56,27,17,12
1,0,0,0,38,106,111,120,115,100,73,54,60,64,63,75,66,101,104,100,64,37,13,5
0,0,0,0,34,84,109,120,112,82,56,50,21,51,51,56,100,105,107,104,66,31,13,12
1,7,0,3,9,59,71,96,64,48,41,39,39,38,47,59,68,79,81,109,69,37,12,10
0,0,0,7,14,140,95,69,63,39,33,28,32,36,46,49,54,62,61,76,74,47,13,12
0,7,0,11,33,94,86,57,51,12,11,9,7,6,9,11,27,56,58,54,51,11,7,1
2,0,0,4,22,35,48,66,23,12,3,1,0,0,0,11,17,52,54,51,1,5,6,8
5,4,0,0,11,50,47,48,46,9,0,0,0,0,0,0,8,50,50,13,0,0,0,1
6,9,0,2,12,24,57,50,31,14,0,0,0,0,4,0,0,30,39,3,0,0,0,0
0,1,0,0,4,51,33,49,11,13,6,0,0,0,0,3,7,13,16,0,0,0,0,0
0,0,3,0,9,18,45,44,11,3,0,1,0,0,0,0,6,12,12,11,5,2,0,0
0,0,0,6,10,25,39,25,4,2,0,0,0,8,0,0,4,2,4,5,7,0,0,0
3,0,0,0,10,12,25,10,5,0,0,9,3,0,8,10,5,0,0,1,2,0,1,0
0,0,0,0,11,23,24,9,2,4,0,1,11,9,1,0,0,5,3,11,10,5,0,0
0,0,0,0,1,12,13,10,1,0,10,6,0,1,10,13,13,4,5,10,35,11,2,3
7,6,5,0,11,17,11,2,0,0,1,7,0,9,0,9,8,9,8,7,27,29,12,8
5,6,7,10,26,20,13,0,0,0,0,0,5,5,5,2,0,0,0,6,12,34,34,12
6,8,9,51,22,13,2,0,0,0,3,1,0,2,3,7,6,4,0,1,7,15,59,54

0,0,0,1,0,9,12,13,32,39,65,103,86,56,51,29,16,8,12,3,3,0,3,6
6,0,0,1,8,5,28,35,41,59,80,128,110,74,51,51,33,23,14,5,1,2,4,6
0,3,0,0,3,6,10,22,42,52,96,105,69,63,50,38,12,9,10,0,0,0,0,0
0,0,0,0,0,2,0,3,8,7,12,12,15,9,5,1,0,0,0,0,0,0,3,3
0,0,0,0,0,0,8,2,0,8,8,0,10,8,0,0,0,0,0,0,0,0,0,0
0,0,0,8,29,52,66,46,44,41,47,43,30,47,51,53,51,55,53,40,14,10,3,0
0,0,0,7,14,51,64,58,64,52,70,60,63,82,68,68,66,68,64,52,50,11,8,8
1,4,10,13,11,35,69,83,85,76,59,80,110,121,111,100,85,63,58,46,65,6,3,0
0,0,6,9,7,11,72,102,111,112,96,103,158,176,153,119,81,61,54,56,51,12,0,0
7,11,7,9,12,32,89,129,137,156,157,144,232,215,162,121,85,72,48,32,52,52,14,7
5,6,0,11,10,52,68,100,130,152,171,142,197,191,140,109,94,54,31,13,24,36,20,12
0,1,12,3,12,14,54,96,124,141,170,156,174,174,136,117,68,47,14,10,5,17,21,8
0,14,19,20,10,10,44,100,126,146,151,153,159,152,148,107,65,45,13,10,14,11,44,37
4,7,31,5,7,9,60,102,121,136,138,137,143,142,133,110,100,53,14,11,13,12,50,50
3,6,13,13,7,11,51,82,108,122,128,133,125,111,76,71,81,51,10,7,9,13,61,50
0,25,32,16,10,13,57,59,77,102,130,125,107,91,73,72,70,47,0,0,8,11,44,44
9,33,47,13,11,12,52,58,72,84,84,121,103,105,81,64,64,54,28,14,12,12,19,27
8,28,37,18,14,17,33,51,79,87,118,121,128,134,101,64,47,39,33,32,27,29,35,24
13,33,37,12,11,7,18,57,106,73,82,116,141,124,98,57,51,53,14,12,11,12,47,53
8,71,55,14,12,14,81,103,104,93,106,132,145,117,88,103,83,53,44,14,11,14,30,25
7,54,42,12,14,41,101,102,108,114,131,149,170,142,73,59,70,55,32,22,21,10,29,24
15,49,35,13,24,47,68,98,101,85,118,139,155,118,91,78,70,65,58,39,13,12,13,8
9,21,21,6,15,61,123,110,111,107,100,117,135,83,100,95,92,76,58,38,20,12,0,4
0,10,12,8,25,83,120,122,124,118,105,104,103,104,103,108,107,104,85,82,53,10,12,9
2,0,0,4,34,88,116,122,130,120,104,101,70,92,103,106,108,102,107,87,67,13,5,4
0,0,0,1,60,107,117,119,118,112,104,90,73,85,101,104,105,102,105,83,51,25,11,12
0,8,0,2,44,101,110,113,109,105,82,62,52,60,90,97,100,100,100,66,57,28,17,12
1,0,0,0,38,106,111,120,115,100,73,54,60,63,63,75,67,101,104,100,64,38,13,5
0,0,0,0,35,84,109,120,111,82,56,50,20,51,51,56,100,105,107,104,66,31,13,12
1,7,0,3,9,59,71,96,64,49,42,38,39,38,47,59,68,79,82,109,69,38,13,10
0,0,0,7,14,140,95,69,63,39,33,28,32,36,46,49,53,62,61,76,74,47,13,12
0,7,0,11,33,94,87,58,51,12,11,9,7,6,9,11,30,56,58,54,51,11,7,1
2,0,0,4,22,35,48,66,24,12,3,1,0,0,0,11,18,52,54,51,1,5,6,8
6,4,0,0,11,50,47,48,45,9,0,0,0,0,0,0,8,50,50,13,0,0,0,2
7,9,0,2,12,24,56,50,31,14,0,0,0,0,4,0,0,30,40,3,0,0,0,0
0,1,0,0,4,51,34,48,11,13,6,0,0,0,0,3,7,13,17,0,0,0,0,0
0,0,3,0,9,18,45,45,11,3,0,1,0,0,0,0,6,12,12,11,5,2,0,0
0,0,0,6,10,26,40,24,4,2,0,0,0,8,0,0,4,2,4,6,7,0,0,0
3,0,0,0,10,12,25,10,5,0,0,10,3,0,8,10,5,0,0,1,2,0,1,0
0,0,0,0,11,23,24,9,2,4,0,1,11,9,1,0,0,5,2,11,10,5,0,0
0,0,0,0,1,12,13,9,1,0,11,5,0,1,10,13,12,4,5,10,34,11,2,3
7,6,5,0,11,17,11,2,0,0,1,7,0,8,0,9,8,9,8,7,27,27,12,8
6,6,7,10,27,20,13,0,0,0,0,0,5,5,5,2,0,0,0,6,11,35,35,12
6,8,9,51,22,13,2,0,0,0,3,1,0,2,3,7,6,4,0,1,7,15,59,54

0,0,0,1,0,9,12,13,32,39,65,103,85,55,51,29,15,8,12,3,3,0,3,6
6,0,0,1,8,5,26,35,41,59,80,128,109,74,51,51,34,23,14,5,2,3,4,6
0,3,0,0,3,6,10,21,42,52,96,105,69,63,50,38,12,9,10,0,0,0,0,0
0,0,0,0,0,2,0,3,8,7,12,12,15,9,5,1,0,0,0,0,0,0,3,2
0,0,0,0,0,0,8,2,0,7,8,0,10,8,0,0,0,0,0,0,0,0,0,0
0,0,0,8,29,52,66,46,44,41,47,43,31,47,52,53,51,55,54,40,14,10,3,0
0,0,0,7,14,51,64,57,64,52,71,61,64,83,68,68,67,69,64,52,50,11,9,8
1,4,11,13,11,36,69,83,86,76,59,80,111,122,112,100,85,63,58,46,65,6,3,0
0,0,6,9,7,11,72,103,113,113,97,104,159,178,155,120,81,61,54,56,51,12,0,0
7,11,7,9,12,35,89,130,139,158,157,143,232,215,166,123,85,72,48,32,52,52,14,7
5,6,0,11,10,52,68,101,132,152,169,141,195,191,141,110,95,54,32,13,25,36,21,12
0,1,12,3,12,14,54,96,125,140,167,153,172,173,136,118,68,47,14,10,6,18,21,8
0,14,19,20,10,10,44,100,125,145,149,151,157,151,147,107,65,47,13,10,14,12,43,38
4,7,33,5,7,9,61,102,121,135,137,136,142,141,132,110,100,53,14,11,13,12,50,49
3,6,13,13,7,11,51,81,108,122,128,133,124,111,75,70,81,51,10,7,9,13,61,50
0,26,32,15,10,13,57,59,77,102,129,124,107,91,72,72,70,45,0,0,7,11,44,44
9,34,47,13,11,12,52,58,72,84,84,121,102,105,80,63,63,53,26,13,12,12,19,27
8,28,37,18,14,17,32,51,78,86,117,120,127,134,101,63,47,39,33,32,27,29,35,24
13,34,38,12,11,7,18,56,106,72,82,116,141,123,98,57,52,53,14,12,11,12,47,53
8,71,55,14,12,14,82,103,104,92,106,132,145,117,88,103,84,53,43,14,11,14,29,25
7,53,42,12,15,41,101,102,108,114,131,150,171,142,73,59,71,55,33,21,21,10,29,23
15,49,35,13,25,47,68,99,102,86,119,140,157,118,92,78,71,65,58,38,12,12,13,8
9,21,20,6,16,61,124,110,111,108,100,117,135,84,100,96,92,76,58,39,20,12,0,4
0,10,12,8,26,83,120,122,124,118,105,104,103,104,103,108,107,104,85,82,52,10,11,9
2,0,0,5,35,88,117,122,131,121,104,101,71,95,103,106,108,102,107,86,67,13,5,4
0,0,0,1,61,106,117,119,119,113,104,91,73,86,101,104,105,102,105,82,52,25,11,12
0,8,0,2,46,101,110,113,109,105,82,62,52,60,90,97,100,100,100,66,57,27,18,12
1,0,0,0,38,106,111,120,115,100,73,55,60,64,62,77,66,101,104,100,64,39,13,5
0,0,0,0,35,84,109,120,111,82,56,50,20,51,51,56,100,105,107,104,66,30,13,12
1,7,0,3,9,59,71,96,64,48,42,38,39,38,47,59,68,79,82,109,69,38,12,10
0,0,0,7,14,139,94,70,64,39,33,28,33,36,46,49,53,62,62,76,74,47,13,12
0,8,0,11,33,95,87,58,52,12,12,9,7,6,9,11,29,57,58,54,51,11,7,1
2,0,0,4,22,35,48,66,25,12,3,1,0,0,0,11,18,52,54,51,1,5,6,8
6,4,0,0,11,50,47,48,45,9,0,0,0,0,0,0,8,50,50,13,0,0,0,1
7,9,0,2,12,24,56,50,31,14,0,0,0,0,4,0,0,30,39,3,0,0,0,0
0,1,0,0,4,51,34,49,10,13,6,0,0,0,0,3,7,13,17,0,0,0,0,0
0,0,3,0,9,19,45,45,11,3,0,1,0,0,0,0,6,12,12,11,5,2,0,0
0,0,0,6,10,27,41,25,4,2,0,0,0,8,0,0,4,2,4,6,7,0,0,0
3,0,0,0,10,12,25,10,5,0,0,10,3,0,8,10,5,0,0,1,2,0,1,0
0,0,0,0,11,23,24,9,2,4,0,2,11,9,1,0,0,5,3,11,10,5,0,0
0,0,0,0,1,12,13,10,1,0,11,6,0,1,10,13,13,4,5,10,35,11,1,3
7,6,4,0,11,17,11,1,0,0,1,7,0,9,0,9,8,9,8,7,28,27,12,8
6,6,7,9,27,20,13,0,0,0,0,0,5,5,5,2,0,0,0,6,12,34,34,12
6,8,9,50,22,13,2,0,0,0,3,1,0,2,3,7,6,4,0,1,7,16,59,54

0,0,0,1,0,9,13,13,32,39,64,103,85,55,51,28,16,8,12,3,3,0,3,6
6,0,0,1,8,6,26,35,41,59,80,128,109,74,51,51,33,22,14,5,1,2,4,6
0,3,0,0,3,7,10,22,43,52,96,105,69,63,50,37,12,9,10,0,0,0,0,0
0,0,0,0,0,2,0,3,8,7,12,12,15,9,5,1,0,0,0,0,0,0,3,2
0,0,0,0,0,0,8,2,0,8,7,0,9,8,0,0,0,0,0,0,0,0,0,0
0,0,0,8,28,51,65,46,46,42,47,44,31,48,52,54,51,55,54,40,14,10,3,0
0,0,0,7,14,51,65,58,65,54,71,62,66,85,70,69,67,68,64,52,50,11,9,8
1,4,11,13,12,39,69,84,88,78,60,81,113,125,116,102,86,64,58,47,65,7,3,0
0,0,6,9,7,12,74,105,116,117,99,105,161,182,161,123,82,62,55,56,51,12,0,0
7,11,7,9,12,38,91,134,144,161,156,143,230,217,171,125,86,72,50,33,52,52,14,7
5,6,0,11,10,53,69,103,134,153,167,139,192,190,143,112,96,54,33,13,25,36,21,12
0,1,12,2,13,15,54,97,125,139,163,147,167,171,136,118,68,49,14,10,5,19,21,8
0,13,19,21,10,10,45,101,126,144,147,149,155,150,147,107,65,47,13,10,14,12,45,39
4,7,30,5,7,9,61,102,120,135,136,136,142,141,131,110,100,53,14,11,12,12,50,49
2,6,13,13,6,11,50,81,108,121,128,132,124,110,75,70,81,52,10,7,9,13,62,50
0,26,32,14,9,12,55,58,76,101,129,124,106,90,72,71,69,45,0,0,7,11,44,45
9,34,47,13,11,12,51,58,72,84,83,120,102,104,80,63,62,53,25,14,12,11,20,28
8,28,37,19,14,16,32,50,78,86,116,119,127,133,100,63,46,39,32,32,27,29,35,24
13,34,38,12,11,7,17,56,105,72,81,116,141,123,97,56,51,53,14,12,11,12,47,54
8,71,55,14,12,14,83,103,104,92,106,131,145,117,88,103,84,53,43,14,11,14,31,25
7,53,43,12,15,41,101,102,108,114,131,150,171,142,73,59,71,55,33,21,21,10,29,24
15,49,35,13,25,47,68,98,101,86,119,140,156,119,92,78,70,65,58,38,12,12,13,8
9,21,20,6,15,61,124,110,111,108,100,117,135,84,100,96,92,76,57,38,20,12,0,4
0,10,12,8,23,84,120,122,124,118,105,104,103,104,103,108,107,104,85,81,53,10,12,9
2,0,0,5,34,87,117,122,131,120,104,101,69,94,103,106,107,102,107,86,67,13,5,4
0,0,0,1,61,107,117,119,119,113,104,91,76,86,101,104,105,102,105,82,52,25,11,12
0,8,0,2,46,101,110,113,109,105,82,61,52,60,92,97,100,100,100,67,56,28,18,12
1,0,0,0,38,106,111,120,115,100,72,55,60,65,63,75,66,101,104,100,64,38,13,5
0,0,0,0,35,84,109,120,111,82,56,50,21,51,51,56,100,105,107,104,66,31,13,12
1,7,0,3,9,59,71,96,64,48,41,38,39,38,47,58,68,79,82,109,68,37,12,10
0,0,0,7,14,140,94,70,64,39,33,28,32,36,46,50,53,62,62,76,74,47,13,12
0,8,0,11,33,95,87,58,52,12,11,9,7,6,9,11,30,56,58,54,51,11,7,1
2,0,0,4,23,35,49,66,25,12,3,1,0,0,0,12,18,52,54,51,2,5,6,8
6,4,0,0,11,50,47,48,45,9,0,0,0,0,0,0,8,50,49,13,0,0,0,1
7,9,0,2,12,24,56,50,31,14,0,0,0,0,4,0,0,30,40,3,0,0,0,0
0,1,0,0,4,51,33,49,11,13,6,0,0,0,0,3,7,13,17,0,0,0,0,0
0,0,3,0,9,20,46,45,11,4,0,1,0,0,0,0,6,12,12,11,5,2,0,0
0,0,0,6,10,27,40,27,4,2,0,0,0,8,0,0,4,2,4,6,7,0,0,0
3,0,0,0,10,13,26,10,5,0,0,10,3,0,8,10,5,0,0,2,2,0,1,0
0,0,0,0,11,25,24,9,2,4,0,1,11,9,1,0,0,5,3,11,10,5,0,0
0,0,0,0,1,12,13,10,1,0,11,5,0,1,10,13,13,4,5,11,35,11,2,3
7,6,4,0,11,19,11,2,0,0,1,7,0,8,0,9,8,9,8,7,29,27,12,8
6,6,6,10,27,21,13,0,0,0,0,0,5,5,5,2,0,0,0,6,12,36,36,12
6,8,9,50,22,13,2,0,0,0,3,1,0,2,3,7,6,4,0,1,7,17,59,54

0,0,0,1,0,9,13,13,33,39,65,103,85,55,51,29,17,8,12,4,3,0,3,6
6,0,0,1,8,6,28,35,41,59,80,129,109,74,51,51,33,22,14,5,1,2,4,6
0,3,0,0,3,7,10,22,43,52,97,105,69,63,50,37,12,9,10,0,0,0,0,0
0,0,0,0,0,2,0,3,8,7,12,12,14,9,5,1,0,0,0,0,0,0,3,2
0,0,0,0,0,0,8,2,0,8,8,0,9,8,0,0,0,0,0,0,0,0,0,0
0,0,0,8,29,51,64,46,46,42,47,45,31,48,52,53,50,55,54,40,14,10,3,0
0,0,0,7,14,51,64,58,65,54,72,62,66,85,70,69,67,68,64,52,50,11,9,8
1,4,11,13,11,39,69,84,88,78,60,82,113,125,115,101,86,64,58,48,65,7,3,0
0,0,6,9,7,12,74,105,115,117,99,105,161,181,160,122,82,62,55,56,51,12,0,0
7,11,7,9,12,36,90,133,142,159,156,143,229,215,168,124,85,72,48,32,52,52,14,7
5,6,0,11,10,53,68,102,133,151,166,138,192,189,142,110,95,54,32,13,25,36,21,12
0,1,12,2,12,14,54,97,125,139,163,147,167,170,136,118,68,46,14,10,5,17,21,8
0,13,19,20,10,10,44,101,126,144,148,151,156,150,147,107,65,47,13,10,14,11,44,38
4,7,33,5,7,9,61,102,121,135,138,137,143,142,132,111,100,54,14,11,12,12,51,50
2,6,13,13,7,11,51,82,108,122,129,133,125,111,76,70,82,52,10,7,9,13,62,50
0,26,32,15,10,13,56,59,77,102,130,125,108,91,73,72,70,46,0,0,7,11,44,44
9,34,47,13,11,12,52,58,72,84,84,122,103,106,81,63,63,53,26,14,12,12,21,28
8,28,37,18,14,17,32,51,78,87,118,122,129,135,102,63,47,39,33,32,27,29,35,24
13,34,38,12,11,7,17,56,106,73,82,117,142,124,98,57,51,52,14,11,11,12,47,53
8,71,55,14,12,14,79,102,104,91,106,132,145,117,88,102,81,52,43,14,11,14,30,24
7,53,43,12,14,40,101,102,108,113,130,149,170,142,73,58,70,55,32,21,20,10,29,24
14,49,35,13,24,47,68,97,101,84,118,139,154,117,91,77,70,64,57,38,12,12,13,8
9,21,20,6,15,60,123,109,110,107,100,117,134,83,100,95,91,75,57,38,20,12,0,4
0,10,12,8,23,83,120,121,123,118,104,104,103,104,103,107,107,104,85,81,53,10,12,9
2,0,0,5,34,87,116,122,130,120,104,101,70,94,103,106,108,102,107,86,66,13,5,4
0,0,0,1,60,106,117,119,118,112,104,89,73,86,101,104,105,102,105,82,52,24,11,12
0,9,0,2,44,101,110,113,109,105,81,62,52,60,92,98,100,100,100,67,57,29,18,12
1,0,0,0,38,106,111,120,115,100,73,54,60,64,62,76,66,101,104,100,64,37,13,5
0,0,0,0,35,84,109,120,111,82,56,50,20,51,51,56,100,105,107,104,66,31,13,12
1,7,0,3,9,59,71,96,64,48,42,38,39,38,48,59,68,79,82,109,69,37,13,10
0,0,0,7,14,140,95,70,64,39,33,28,33,36,46,49,54,62,62,76,74,48,13,12
0,8,0,11,33,95,87,58,52,12,12,9,7,6,9,11,30,57,58,54,51,11,7,1
2,0,0,4,23,35,49,66,25,12,3,1,0,0,0,12,19,52,54,51,2,6,6,8
6,4,0,0,11,50,47,48,45,9,0,0,0,0,0,0,8,50,49,13,0,0,0,1
7,9,0,2,12,24,57,51,31,14,0,0,0,0,4,0,1,31,41,3,0,0,0,0
0,1,0,1,4,51,34,50,11,13,6,0,0,0,0,3,7,13,17,0,0,0,0,0
0,0,3,0,9,20,47,46,11,3,0,1,0,0,0,0,6,12,12,11,5,2,0,0
0,0,0,6,10,27,42,27,4,2,0,0,0,8,0,0,4,2,4,6,7,0,0,0
3,0,0,0,11,13,26,10,5,0,0,10,3,0,8,10,5,0,0,2,3,0,1,0
0,0,0,0,11,25,25,9,3,4,0,1,11,10,1,0,0,5,3,11,10,5,0,0
0,0,0,0,1,12,13,10,1,0,11,5,0,1,10,13,13,5,5,11,36,12,2,3
7,6,4,0,11,21,11,2,0,0,1,7,0,8,0,9,8,9,8,7,32,29,13,8
5,6,6,10,27,22,13,0,0,0,0,0,5,5,5,2,0,0,0,6,12,36,35,12
6,8,9,50,22,13,2,0,0,0,3,1,0,2,3,7,6,4,0,1,7,17,60,54

0,0,0,1,0,9,12,13,32,39,65,103,86,55,51,29,15,8,12,3,3,0,3,6
6,0,0,1,8,6,28,35,42,59,80,129,110,74,51,51,33,22,14,5,1,3,4,6
0,3,0,0,3,7,10,22,43,52,97,105,69,63,50,38,12,9,10,0,0,0,0,0
0,0,0,0,0,2,0,3,8,7,12,12,14,9,5,1,0,0,0,0,0,0,3,3
0,0,0,0,0,0,8,2,0,8,8,0,9,8,0,0,0,0,0,0,0,0,0,0
0,0,0,8,28,51,64,45,46,42,47,44,31,48,52,54,50,55,54,41,14,10,3,0
0,0,0,7,14,51,64,57,65,54,72,62,66,85,70,69,67,68,64,52,50,11,8,8
1,4,11,13,11,37,69,84,87,77,60,81,112,124,115,101,86,64,58,46,65,7,3,0
0,0,6,9,7,12,73,104,115,116,99,105,160,180,159,122,82,62,55,56,51,12,0,0
7,11,7,9,12,36,90,132,141,158,155,142,227,212,166,123,85,72,50,32,52,52,14,7
5,6,0,11,10,52,68,102,132,150,164,138,190,187,140,110,95,54,31,13,24,36,21,12
0,1,12,2,12,14,54,96,125,139,163,147,167,170,135,118,68,46,14,10,5,18,20,8
0,14,19,20,9,10,44,101,126,145,149,152,158,151,148,107,65,47,13,10,14,12,45,37
4,7,31,5,7,9,62,102,121,136,139,138,144,143,132,111,100,54,14,11,13,12,50,50
3,6,13,13,7,11,51,82,109,123,129,134,127,113,76,71,82,52,10,7,9,13,62,50
0,26,32,16,10,13,57,59,77,103,131,126,109,93,73,73,70,47,0,0,8,11,44,45
9,33,47,14,11,12,52,58,72,85,85,123,104,107,82,64,64,54,29,14,12,12,20,26
8,28,37,18,14,17,33,51,79,87,120,123,130,136,103,64,47,39,33,32,27,29,35,25
13,34,38,12,11,6,17,56,106,73,83,118,142,125,100,57,51,50,14,11,11,12,47,53
8,71,55,14,12,13,77,102,104,92,106,132,146,117,88,102,81,52,41,14,11,14,29,25
7,53,43,12,14,40,101,102,107,113,130,149,170,141,72,58,69,54,32,21,20,10,29,23
14,49,35,13,24,47,68,96,100,84,117,138,153,117,90,77,70,64,57,38,12,12,13,8
9,20,19,6,15,60,123,109,110,107,100,116,134,81,100,95,91,75,57,38,20,12,0,4
0,10,12,8,21,83,120,121,123,118,104,104,103,104,103,107,107,104,85,82,52,10,12,9
2,0,0,4,34,87,116,122,130,120,104,101,70,92,103,106,107,102,107,87,67,13,5,4
0,0,0,1,61,106,117,119,118,112,103,91,73,85,101,104,105,102,105,82,51,25,11,12
0,9,0,2,43,101,110,113,109,105,82,62,52,60,92,97,100,100,100,66,57,28,18,12
1,0,0,0,40,106,111,120,115,100,73,54,59,65,63,76,66,101,104,100,64,37,13,5
0,0,0,0,35,84,109,120,111,82,56,50,20,51,51,56,100,105,107,104,66,31,13,12
1,7,0,3,9,59,71,96,64,48,42,38,39,38,47,58,68,79,81,109,68,38,13,10
0,0,0,7,14,140,95,70,63,39,33,28,33,36,46,49,53,62,62,76,74,48,13,12
0,8,0,11,33,96,88,58,52,12,12,9,7,6,9,11,30,57,58,54,51,11,7,1
2,0,0,4,23,35,49,66,25,12,3,1,0,0,0,12,19,52,54,51,2,6,6,8
6,4,0,0,11,50,47,48,45,9,0,0,0,0,0,0,8,50,50,13,0,0,0,1
7,9,0,3,12,24,56,51,31,14,0,0,0,0,4,0,0,32,40,3,0,0,0,0
0,1,0,1,4,51,34,49,11,13,6,0,0,0,0,3,8,13,18,0,0,0,0,0
0,0,3,0,9,20,47,45,11,3,0,1,0,0,0,0,6,12,12,11,5,2,0,0
0,0,0,6,11,27,41,27,4,2,0,0,0,8,0,0,4,2,5,6,7,0,0,0
3,0,0,0,11,13,25,10,5,0,0,10,3,0,8,10,5,0,0,2,3,0,1,0
0,0,0,0,11,25,24,9,2,4,0,2,11,9,1,0,0,5,3,11,10,6,0,0
0,0,0,0,1,12,13,10,1,0,11,5,0,1,10,13,13,4,5,11,36,12,2,3
7,6,4,0,11,20,11,2,0,0,1,7,0,8,0,9,8,9,8,7,33,29,13,9
5,6,6,10,27,21,13,0,0,0,0,0,5,5,5,2,0,0,0,6,12,36,36,12
6,8,9,50,22,13,2,0,0,0,3,1,0,2,3,7,6,5,0,1,7,16,60,54

0,0,0,1,0,9,13,13,32,39,65,103,86,55,51,29,17,8,12,3,3,0,3,6
6,0,0,1,8,6,28,35,41,59,80,129,110,74,51,51,33,23,14,5,2,3,4,6
0,3,0,0,3,7,10,22,42,52,97,105,69,63,50,38,12,9,10,0,0,0,0,0
0,0,0,0,0,2,0,4,8,7,12,12,14,9,5,1,0,0,0,0,0,0,3,3
0,0,0,0,0,0,8,2,0,7,8,0,9,8,0,0,0,0,0,0,0,0,0,0
0,0,0,8,29,51,65,46,46,42,47,44,31,48,52,53,51,55,54,40,14,10,3,0
0,0,0,7,14,51,64,57,65,53,71,62,66,84,69,69,66,68,64,52,50,11,8,8
1,4,11,13,11,37,69,83,86,77,60,81,112,123,114,101,86,64,58,46,65,6,3,0
0,0,6,9,7,11,73,103,113,114,98,104,159,179,157,121,81,61,54,56,51,12,0,0
7,11,7,9,12,35,89,130,139,157,156,143,229,215,165,122,85,72,50,32,52,52,14,7
5,6,0,11,10,52,68,101,131,151,168,140,194,190,140,109,95,54,31,13,24,36,21,12
0,1,12,3,12,14,54,96,124,139,166,151,171,171,135,117,68,46,14,10,5,18,21,8
0,14,19,20,9,10,44,100,126,145,150,153,158,152,147,107,65,46,13,10,14,12,43,37
4,7,33,5,7,9,60,102,121,136,139,138,144,143,132,110,100,53,14,11,13,12,50,50
3,6,13,13,7,11,51,82,109,123,129,134,126,112,76,71,82,52,10,7,9,13,62,50
0,26,32,16,10,13,57,59,78,102,131,126,109,92,73,73,71,47,0,0,8,11,44,46
9,34,47,14,11,12,52,58,72,85,85,122,104,107,82,64,64,53,28,14,12,12,20,27
8,28,37,19,14,17,33,51,79,87,119,123,130,136,103,64,47,39,33,32,27,29,35,25
13,34,38,12,11,6,18,56,106,73,83,117,142,124,100,57,51,51,14,11,11,12,47,53
8,71,55,14,12,14,79,102,104,92,106,132,145,117,88,102,82,52,42,14,11,14,30,25
7,53,43,12,14,40,101,102,108,113,130,149,170,142,73,58,70,54,32,21,20,10,29,23
14,49,35,13,24,47,68,97,101,84,117,138,154,117,90,77,70,64,57,38,12,12,13,8
9,21,19,6,15,60,123,110,110,107,100,116,134,82,100,95,91,76,57,38,20,12,0,3
0,10,12,8,22,83,120,121,123,118,104,104,103,104,103,107,107,104,85,81,53,10,12,9
2,0,0,4,34,87,116,122,130,120,104,101,69,94,103,106,107,102,107,86,66,13,5,4
0,0,0,1,61,106,117,119,118,112,104,90,73,86,101,104,105,102,105,84,52,25,11,12
0,8,0,2,44,101,110,113,109,105,81,61,52,60,90,97,100,100,100,66,56,28,18,12
1,0,0,0,38,106,111,120,115,100,73,54,60,64,63,75,66,101,104,100,64,38,13,6
0,0,0,0,35,84,109,120,111,82,56,50,21,51,51,56,100,105,107,104,66,31,13,12
1,7,0,3,9,59,71,96,64,48,42,39,39,38,48,58,68,79,81,109,69,38,13,10
0,0,0,7,14,140,95,70,64,40,33,28,33,36,46,50,53,62,62,76,74,48,13,12
0,8,0,11,33,94,87,58,52,12,12,9,7,6,9,11,29,56,58,54,51,11,7,1
2,0,0,4,23,35,49,66,25,12,3,1,0,0,0,11,19,52,54,51,2,6,6,8
6,4,0,0,11,50,47,48,45,9,0,0,0,0,0,0,8,50,50,13,0,0,0,1
7,9,0,3,12,24,56,50,31,14,0,0,0,0,4,0,0,30,40,3,0,0,0,0
0,1,0,1,4,51,35,49,11,13,6,0,0,0,0,3,8,13,17,0,0,0,0,0
0,0,3,0,9,20,46,45,11,3,0,1,0,0,0,0,6,12,12,11,5,2,0,0
0,0,0,6,10,27,41,26,4,2,0,0,0,8,0,0,4,2,4,6,7,0,0,0
3,0,0,0,11,12,25,10,5,0,0,10,3,0,8,10,5,0,0,1,2,0,1,0
0,0,0,0,11,25,24,9,2,4,0,2,11,10,1,0,0,5,3,11,10,6,0,0
0,0,0,0,1,12,13,10,1,0,11,5,0,0,10,13,12,4,5,11,35,12,2,3
7,6,4,1,11,19,11,2,0,0,1,7,0,9,0,9,8,9,8,7,29,29,13,9
6,6,6,10,27,21,13,0,0,0,0,0,5,5,5,2,0,0,0,6,12,35,36,12
6,8,9,51,22,13,2,0,0,0,3,1,0,2,3,7,6,4,0,1,7,16,60,54

0,0,0,1,0,9,12,13,32,39,64,102,86,55,51,30,16,8,12,4,3,0,3,6
6,0,0,1,8,5,28,35,41,59,80,128,110,74,51,51,34,23,14,5,2,3,4,6
0,3,0,0,3,6,10,21,42,52,96,105,69,63,50,38,12,9,10,0,0,0,0,0
0,0,0,0,0,2,0,3,8,7,12,12,15,9,5,1,0,0,0,0,0,0,3,3
0,0,0,0,0,0,8,2,0,8,8,0,10,8,0,0,0,0,0,0,0,0,0,0
0,0,0,8,30,52,66,46,45,41,47,43,31,47,51,53,51,55,54,40,14,10,3,0
0,0,0,7,14,51,64,57,64,53,70,60,64,82,68,68,67,69,64,52,50,11,8,8
1,4,11,13,12,37,69,82,85,76,59,80,110,121,112,100,85,63,58,46,65,6,3,0
0,0,6,9,7,11,72,102,111,112,96,103,157,176,154,120,81,61,54,56,51,12,0,0
7,11,7,9,12,34,89,129,137,156,156,143,230,214,163,122,84,72,50,32,52,51,14,7
5,6,0,11,10,52,68,100,131,152,170,142,196,191,140,109,95,54,32,13,25,36,20,12
0,1,12,3,12,14,54,96,124,141,169,155,174,173,136,117,68,47,14,10,6,19,21,8
0,14,20,20,9,10,44,100,126,146,151,154,159,152,148,107,65,45,13,10,14,11,44,37
4,7,33,5,7,9,60,102,121,136,138,137,143,143,132,110,100,53,14,11,13,12,50,49
3,6,13,13,7,11,51,82,109,122,129,134,126,112,76,71,81,52,10,7,9,13,62,50
0,26,32,16,10,13,57,59,77,102,130,126,108,92,73,72,70,47,0,0,8,11,45,45
9,34,47,13,11,12,52,58,72,84,84,122,103,106,81,64,63,53,27,14,12,12,20,27
8,28,37,18,14,17,33,51,79,87,119,122,129,135,102,64,47,39,33,32,27,29,35,24
13,34,38,12,11,7,18,57,106,73,82,117,141,124,99,57,51,52,14,12,11,12,47,53
8,71,55,14,12,14,80,103,104,92,106,132,145,117,88,103,82,53,43,14,11,14,30,24
7,53,43,13,14,40,101,102,108,114,131,149,170,142,73,59,70,55,32,22,20,10,29,23
14,49,35,13,25,47,68,97,101,85,118,139,155,118,91,78,70,65,58,38,12,12,13,8
9,21,20,6,15,61,123,110,111,107,100,117,134,82,100,95,92,76,57,39,20,12,0,3
0,10,12,8,25,84,120,122,123,118,104,104,103,104,103,107,107,104,85,82,53,10,12,9
2,0,0,4,34,87,117,122,130,120,104,101,70,92,103,106,107,102,107,86,67,13,5,4
0,0,0,1,61,106,117,119,118,112,104,90,73,86,101,104,105,102,105,83,53,25,11,12
0,9,0,2,44,101,110,113,109,105,82,61,52,60,92,97,100,100,100,66,57,28,18,12
1,0,0,0,38,106,111,120,115,100,73,54,60,64,63,76,66,101,104,100,64,37,13,6
0,0,0,0,35,84,109,120,111,82,56,50,20,51,51,56,100,105,107,104,66,30,13,12
1,7,0,3,9,59,71,96,64,48,42,39,39,38,47,58,68,79,81,109,69,38,12,10
0,0,0,7,14,140,95,70,63,40,33,28,32,36,46,49,53,62,61,75,74,46,13,12
0,8,0,11,33,94,87,58,52,12,12,9,7,6,9,11,30,56,58,54,51,11,7,1
2,0,0,4,23,35,49,66,25,12,3,1,0,0,0,11,18,52,54,51,2,5,6,8
6,4,0,0,11,50,47,48,45,9,0,0,0,0,0,0,8,50,50,13,0,0,0,1
7,9,0,3,12,25,56,50,31,13,0,0,0,0,4,0,0,31,39,3,0,0,0,0
0,1,0,1,4,51,33,49,11,13,6,0,0,0,0,3,7,13,17,0,0,0,0,0
0,0,3,0,9,20,46,45,11,3,0,1,0,0,0,0,6,12,12,11,5,3,0,0
0,0,0,6,10,27,39,25,4,2,0,0,0,8,0,0,4,2,4,6,7,0,0,0
3,0,0,0,11,12,25,10,5,0,0,10,3,0,8,10,5,0,0,1,2,0,1,0
0,0,0,0,11,24,24,9,2,4,0,1,11,10,1,0,0,5,3,11,10,6,0,0
0,0,0,0,1,12,13,10,1,0,11,6,0,1,10,13,13,4,5,11,35,12,2,3
7,6,4,1,11,20,11,2,0,0,1,7,0,9,0,9,8,9,8,7,29,29,13,9
6,6,6,10,27,18,13,0,0,0,0,0,5,5,5,2,0,0,0,6,12,34,36,12
6,8,9,51,22,13,2,0,0,0,3,1,0,2,3,7,6,4,0,1,7,16,60,54

0,0,0,1,0,9,12,14,32,39,65,102,86,55,51,29,17,8,12,3,3,0,3,6
6,0,0,1,8,5,26,35,41,59,80,128,109,74,51,51,34,22,14,5,2,3,4,6
0,3,0,0,3,7,10,22,42,52,97,105,69,63,50,38,12,9,10,0,0,0,0,0
0,0,0,0,0,2,0,3,8,7,12,12,17,9,5,1,0,0,0,0,0,0,3,2
0,0,0,0,0,0,8,2,0,7,8,0,10,8,0,0,0,0,0,0,0,0,0,0
0,0,0,8,30,53,66,47,44,41,46,42,31,47,51,53,51,55,54,40,14,10,3,0
0,0,0,7,14,51,64,57,64,52,70,60,64,82,68,68,67,69,64,52,50,11,9,8
1,4,11,13,11,37,68,82,84,76,59,79,110,120,110,100,85,63,58,46,65,6,3,0
0,0,6,9,7,11,72,101,111,111,96,103,158,175,152,119,81,61,54,56,51,12,0,0
7,11,7,9,12,33,88,128,136,155,157,144,232,215,162,121,84,72,50,32,52,52,14,7
5,6,0,11,10,52,68,100,130,152,171,142,198,191,140,108,94,54,32,13,25,36,20,12
0,1,12,3,12,14,54,96,124,141,170,157,175,173,136,117,68,47,14,10,5,17,20,8
0,14,20,20,9,10,44,100,126,146,152,154,160,152,148,107,65,45,13,10,14,11,44,37
4,7,35,5,7,9,61,102,121,137,138,137,143,143,132,110,100,52,14,11,13,12,50,48
3,6,13,13,7,11,51,82,109,122,129,133,125,111,76,70,81,52,10,7,9,13,62,50
0,26,32,16,10,13,57,59,77,102,130,125,107,91,73,72,70,47,0,0,7,11,45,44
9,34,47,14,11,12,52,58,72,84,84,122,103,106,81,64,64,53,27,14,12,12,20,27
8,28,37,19,14,17,33,51,79,87,118,122,128,135,102,64,47,39,33,32,27,29,35,24
13,34,38,12,11,7,18,56,106,73,82,117,141,124,99,57,52,53,14,12,11,12,47,53
8,71,55,14,12,14,81,103,104,92,106,132,145,117,88,103,83,53,44,14,11,15,31,24
7,54,43,13,14,41,101,102,108,114,131,149,171,142,73,59,71,55,32,21,21,11,30,24
14,49,36,13,25,47,68,98,101,85,118,139,156,118,91,78,71,65,58,39,12,12,13,8
9,21,20,6,15,61,124,110,111,107,100,117,134,83,100,96,93,76,58,39,20,12,0,4
0,10,12,8,26,84,120,122,123,118,105,104,103,104,103,108,107,104,86,82,52,10,11,9
2,0,0,5,34,87,116,122,130,120,104,101,70,94,103,106,107,102,107,86,67,13,5,4
0,0,0,1,63,106,117,119,118,113,104,90,75,85,101,104,105,102,105,83,51,26,11,12
0,9,0,2,46,101,110,113,109,105,82,62,52,60,92,98,100,100,100,67,57,29,18,12
1,0,0,0,38,106,111,120,115,100,73,55,60,64,63,76,66,101,104,100,64,37,13,5
0,0,0,0,35,84,109,120,111,82,56,50,20,51,51,56,100,105,107,104,66,31,14,12
1,7,0,3,9,59,71,96,64,48,42,38,39,38,47,58,68,79,82,109,69,37,13,10
0,0,0,7,14,141,95,70,63,39,33,28,32,36,46,49,53,62,62,75,74,48,13,12
0,7,0,11,33,93,87,58,52,12,12,9,7,6,9,11,30,56,58,54,51,11,7,0
2,0,0,4,23,35,49,66,25,12,3,1,0,0,0,11,18,52,54,51,2,6,6,8
6,4,0,0,11,50,47,48,45,9,0,0,0,0,0,0,8,50,50,13,0,0,0,2
7,10,0,2,12,24,56,50,31,14,0,0,0,0,4,0,0,31,39,3,0,0,0,0
0,1,0,1,4,51,33,49,10,13,6,0,0,0,0,3,7,13,17,0,0,0,0,0
0,0,3,0,9,19,46,45,11,3,0,1,0,0,0,0,6,12,12,11,5,3,0,0
0,0,0,6,10,27,41,24,4,2,0,0,0,8,0,0,4,2,4,6,7,0,0,0
3,0,0,0,10,12,25,10,5,0,0,9,3,0,8,10,5,0,0,1,2,0,1,0
0,0,0,0,11,24,23,9,2,4,0,2,11,10,1,0,0,5,3,11,10,6,0,0
0,0,0,0,1,12,13,10,1,0,11,6,0,0,10,13,13,4,5,11,35,12,2,3
7,6,4,1,11,20,11,2,0,0,1,7,0,9,0,9,8,9,8,7,28,29,13,8
6,6,6,10,28,20,13,0,0,0,0,0,5,5,5,2,0,0,0,6,12,35,36,13
6,8,9,51,22,13,2,0,0,0,3,1,0,3,3,7,6,4,0,1,7,16,60,54

0,0,0,1,0,9,12,13,32,39,64,102,86,55,51,29,17,8,12,4,3,0,3,6
6,0,0,1,8,5,29,35,41,59,80,128,109,74,51,51,34,22,14,6,2,3,4,6
0,3,0,0,3,6,10,22,42,52,96,105,69,64,50,38,12,9,10,0,0,0,0,0
0,0,0,0,0,2,0,3,8,7,12,12,16,9,5,1,0,0,0,0,0,0,3,2
0,0,0,0,0,0,8,2,0,7,8,0,10,8,0,0,0,0,0,0,0,0,0,0
0,0,0,8,30,53,66,46,44,41,46,42,31,47,51,53,52,55,54,40,14,10,3,0
0,0,0,7,14,51,64,57,64,52,70,60,63,81,67,68,67,69,64,52,50,11,9,8
1,4,10,13,12,37,68,82,84,75,59,79,109,120,110,99,85,63,58,46,65,6,3,0
0,0,6,9,7,11,72,101,110,110,96,103,157,174,151,119,81,62,54,56,52,12,0,0
7,11,7,9,12,33,88,128,136,155,157,144,233,214,161,121,84,72,47,32,52,51,14,7
5,7,0,11,10,52,68,100,130,153,172,143,199,191,139,108,94,54,31,13,25,36,21,12
0,1,12,3,12,14,54,96,124,142,172,158,175,174,136,117,68,47,14,10,5,17,20,8
0,14,20,21,9,10,44,100,126,146,153,154,160,153,148,106,65,46,13,10,14,12,45,37
4,7,35,5,7,9,60,102,121,137,138,137,143,142,133,110,100,53,14,11,13,12,50,47
3,6,13,13,7,11,51,82,109,122,129,133,125,111,76,71,81,52,10,7,9,13,62,50
0,27,32,16,10,13,57,59,77,102,130,125,107,91,73,72,70,47,0,0,8,11,45,45
9,35,47,14,11,12,52,58,72,84,84,122,103,105,81,64,64,54,27,14,12,12,21,27
8,28,37,19,14,17,33,51,79,87,118,121,128,134,101,63,47,40,33,32,27,29,35,24
13,34,38,12,11,7,18,57,106,73,82,116,141,124,98,57,52,54,14,12,11,12,47,52
8,71,55,14,12,14,81,103,104,92,106,132,145,117,88,103,84,53,44,14,11,14,31,24
7,53,43,13,14,41,101,102,108,114,131,149,171,142,74,59,71,55,33,22,21,11,30,24
14,49,36,13,25,47,68,98,101,85,118,139,156,118,92,78,71,65,58,39,13,12,13,8
9,20,20,6,15,61,123,110,111,107,100,117,135,83,100,96,92,76,58,39,20,12,0,4
0,10,12,8,26,84,120,122,124,118,105,104,103,104,103,107,107,104,86,82,53,10,12,9
2,0,0,5,34,88,116,122,130,120,104,101,70,94,103,106,108,102,107,86,67,13,5,4
0,0,0,1,61,106,117,119,118,112,103,90,75,85,101,104,105,102,105,82,52,26,11,12
0,9,0,2,46,101,110,113,109,105,82,62,52,60,92,97,100,100,100,66,57,27,19,12
1,0,0,0,38,106,111,120,115,100,73,55,60,64,63,76,66,101,104,100,65,38,13,6
0,0,0,0,35,84,109,120,111,82,56,50,21,51,51,56,100,105,107,104,66,30,14,12
1,7,0,3,9,59,71,96,64,48,42,39,39,38,47,58,68,79,81,109,69,38,13,10
0,0,0,7,14,141,95,70,63,40,33,28,32,36,46,49,53,62,62,75,74,47,13,12
0,7,0,11,33,93,86,58,52,12,12,9,7,5,9,11,29,56,58,54,51,11,7,1
2,0,0,4,23,35,49,66,25,12,3,1,0,0,0,11,18,52,54,51,2,5,7,8
6,4,0,0,11,50,47,48,45,9,0,0,0,0,0,0,8,50,50,13,0,0,0,2
7,10,0,3,12,24,56,50,31,14,0,0,0,0,4,0,0,31,41,3,0,0,0,0
0,1,0,1,4,51,34,48,10,13,6,0,0,0,0,3,7,13,17,0,0,0,0,0
0,0,3,0,9,20,45,45,11,3,0,1,0,0,0,0,6,12,12,11,5,3,0,0
0,0,0,6,10,27,39,25,4,2,0,0,0,8,0,0,3,2,4,6,7,0,0,0
3,0,0,0,10,12,25,10,5,0,0,10,3,0,8,10,5,0,0,1,2,0,1,0
0,0,0,0,11,24,24,9,2,4,0,1,11,10,1,0,0,5,3,11,10,6,0,0
0,0,0,0,1,12,13,10,1,0,11,5,0,1,10,13,12,4,5,11,35,12,2,3
7,6,4,1,11,20,11,2,0,0,1,7,0,9,0,9,8,9,8,7,28,30,13,9
6,6,6,10,27,20,13,0,0,0,0,0,5,5,5,2,0,0,0,6,12,34,36,13
6,8,9,51,22,13,2,0,0,0,3,1,0,2,3,7,6,4,0,1,7,17,59,54

0,0,0,1,0,9,12,13,32,39,64,103,86,56,51,29,16,8,12,3,3,0,3,6
6,0,0,1,8,5,26,35,41,59,79,128,109,74,51,51,33,23,14,5,2,3,4,6
0,3,0,0,3,6,10,21,43,52,95,105,69,63,50,38,12,9,10,0,0,0,0,0
0,0,0,0,0,2,0,3,8,7,12,12,18,9,5,1,0,0,0,0,0,0,3,2
0,0,0,0,0,0,8,2,0,7,8,0,10,8,0,0,0,0,0,0,0,0,0,0
0,0,0,8,30,52,66,46,44,41,47,43,31,47,52,53,52,55,54,40,14,10,3,0
0,0,0,7,14,51,64,57,64,52,70,60,64,82,68,68,67,69,64,52,50,11,9,8
1,4,11,13,11,37,69,82,85,76,59,79,110,121,111,100,85,63,58,46,65,6,3,0
0,0,6,9,7,11,72,102,111,111,96,103,157,175,152,119,81,61,55,56,51,12,0,0
7,11,7,9,12,33,89,129,137,156,157,144,231,213,161,121,84,72,48,32,52,51,14,7
5,7,0,11,10,52,68,101,131,153,172,142,196,189,139,109,95,54,32,13,26,36,21,12
0,1,12,3,12,14,54,97,125,142,171,157,175,173,136,118,68,47,14,10,6,17,20,8
0,14,20,21,10,10,44,101,126,147,153,155,160,153,148,107,65,46,13,10,14,12,45,38
4,7,34,5,7,9,61,102,121,137,138,137,143,143,133,110,100,53,14,11,13,12,50,49
3,6,13,13,8,11,52,82,109,122,129,133,125,111,76,71,82,52,10,7,9,13,62,50
0,26,32,16,10,13,57,59,77,102,130,125,107,91,73,72,70,46,0,0,7,11,44,45
9,35,48,14,11,12,52,58,72,84,84,122,103,106,81,64,63,54,28,14,12,12,21,26
8,28,37,19,14,17,33,51,79,87,118,122,128,135,102,63,47,39,33,32,27,29,35,24
13,34,38,12,11,7,18,57,106,73,82,117,141,124,99,57,51,53,14,12,11,12,48,53
8,71,55,14,12,14,80,103,104,92,106,132,145,117,88,103,83,53,43,14,11,14,30,25
7,53,43,13,14,41,101,102,108,114,131,149,170,142,73,59,70,55,32,22,21,10,29,23
14,49,35,13,25,47,68,98,101,85,118,139,155,118,91,78,70,64,58,39,13,12,13,8
9,21,21,6,15,61,123,110,111,107,100,117,134,82,100,96,92,76,58,38,20,12,0,4
0,10,12,8,25,83,120,122,123,118,104,104,103,104,103,107,107,104,86,82,53,10,12,9
2,0,0,5,34,88,116,122,130,120,104,101,71,94,103,106,107,102,107,87,67,13,5,4
0,0,0,1,63,106,117,119,118,112,104,90,73,86,101,104,105,102,105,84,52,26,11,12
0,9,0,2,46,101,110,113,109,105,81,62,52,60,92,97,100,100,100,67,56,28,19,12
1,0,0,0,40,106,111,120,115,100,73,55,59,64,63,75,66,101,104,100,64,37,13,6
0,0,0,0,35,84,109,120,111,82,56,50,20,51,51,56,100,105,107,104,66,30,13,12
1,7,0,3,9,59,71,96,64,48,42,39,40,38,47,59,68,79,82,109,69,38,13,10
0,0,0,7,14,141,95,70,63,40,34,28,32,36,46,50,53,62,62,75,74,48,13,12
0,8,0,11,33,94,87,58,52,12,12,9,7,6,9,11,30,56,58,54,51,11,7,1
2,0,0,4,23,35,49,66,26,12,3,1,0,0,0,11,19,52,54,51,2,6,6,8
6,4,0,0,11,50,47,48,45,9,0,0,0,0,0,0,8,50,50,13,0,0,0,2
7,9,0,3,12,24,56,50,31,14,0,0,0,0,4,0,0,30,41,3,0,0,0,0
0,1,0,1,4,51,33,49,11,13,6,0,0,0,0,3,7,13,17,0,0,0,0,0
0,0,3,0,9,21,46,45,11,3,0,1,0,0,0,0,6,12,12,11,5,3,0,0
0,0,0,6,10,27,41,27,4,2,0,0,0,8,0,0,4,2,4,6,7,0,0,0
3,0,0,0,11,13,26,10,5,0,0,10,3,0,8,10,5,0,0,1,3,0,1,0
0,0,0,0,11,26,24,9,2,4,0,1,11,9,1,0,0,5,3,11,10,6,0,0
0,0,0,0,1,12,13,10,1,0,11,5,0,1,10,13,13,4,5,11,35,12,2,3
7,6,4,1,11,20,11,2,0,0,1,7,0,9,0,9,8,9,8,7,28,29,13,9
6,6,6,10,27,24,13,0,0,0,0,0,5,5,5,2,0,0,0,6,12,36,37,13
6,8,9,51,22,13,2,0,0,0,3,1,0,2,3,7,6,4,0,1,7,17,60,54

0,0,0,1,0,9,12,13,32,39,64,103,86,55,51,28,16,8,12,4,3,0,3,6
6,0,0,1,8,5,26,35,41,58,80,128,109,74,51,51,33,23,14,5,1,3,4,6
0,3,0,0,3,7,10,21,42,52,96,105,69,63,50,38,12,9,10,0,0,0,0,0
0,0,0,0,0,2,0,3,8,7,12,12,16,9,5,1,0,0,0,0,0,0,3,2
0,0,0,0,0,0,8,2,0,7,8,0,10,8,0,0,0,0,0,0,0,0,0,0
0,0,0,8,30,53,66,47,45,42,47,43,31,47,52,53,51,55,54,40,14,10,3,0
0,0,0,7,14,51,64,57,64,53,71,61,64,83,68,68,67,69,64,52,50,11,9,8
1,4,11,13,12,37,69,83,85,76,59,80,111,122,112,100,85,63,58,46,65,6,3,0
0,0,6,9,7,11,73,103,113,114,97,104,159,177,155,120,81,62,55,56,51,11,0,0
7,11,7,9,12,35,89,130,139,157,157,144,230,214,164,122,84,72,47,32,52,51,14,7
5,6,0,11,10,53,68,101,132,152,170,141,195,189,140,109,95,54,32,13,25,36,20,12
0,1,12,3,12,14,54,97,125,141,168,153,172,172,136,118,68,47,14,10,5,18,20,8
0,14,21,21,9,10,44,101,126,146,151,154,159,152,148,107,65,46,13,10,14,12,43,36
4,7,35,5,7,9,61,102,121,136,138,137,143,143,133,111,100,53,14,11,13,12,50,50
3,6,13,13,7,11,51,82,109,122,129,134,126,112,76,71,82,52,10,7,9,13,61,50
0,27,32,16,10,13,57,59,77,102,130,126,108,92,73,72,70,46,0,0,8,11,44,45
9,34,47,14,11,12,52,58,72,85,84,122,104,106,81,64,63,54,27,14,12,12,20,26
9,28,37,19,14,17,33,51,79,87,118,122,129,135,102,64,47,39,33,32,27,29,35,25
13,34,38,12,11,7,18,56,106,73,82,117,142,124,99,57,51,52,14,11,11,12,47,52
8,71,55,14,12,14,79,102,104,92,106,132,145,117,88,102,82,52,43,14,11,14,30,25
7,53,43,13,14,40,101,102,108,113,130,149,170,142,73,58,70,55,32,21,20,10,29,23
14,49,36,13,24,47,68,97,101,84,118,138,155,118,91,77,70,64,58,38,13,12,13,8
8,20,20,6,15,60,123,109,110,107,100,116,134,82,100,95,91,76,57,38,20,12,0,4
0,10,12,8,23,84,120,121,123,118,104,104,103,104,103,107,107,104,85,82,53,10,12,9
2,0,0,4,34,87,116,122,130,120,104,101,71,92,103,106,108,102,107,86,67,13,5,4
0,0,0,1,61,106,117,119,118,112,103,91,73,86,101,104,105,102,105,82,52,25,11,12
0,9,0,2,48,101,110,113,109,105,83,62,52,60,93,97,100,100,100,66,57,28,19,12
1,0,0,0,40,106,111,120,115,100,73,54,60,64,63,75,66,101,104,100,64,38,13,6
0,0,0,0,35,84,109,120,111,82,56,50,21,51,51,56,100,105,107,104,66,31,14,12
1,7,0,3,9,59,71,96,64,48,42,39,39,37,48,58,67,79,81,109,69,37,12,10
0,0,0,7,14,140,95,70,64,39,33,28,32,36,47,49,53,62,62,75,74,47,13,12
0,8,0,11,33,94,87,58,52,12,12,9,7,6,9,11,30,57,58,54,51,11,7,1
2,0,0,4,23,35,49,66,27,12,3,1,0,0,0,11,18,52,54,51,2,6,7,8
6,4,0,0,11,50,47,48,45,9,0,0,0,0,0,0,8,50,50,13,0,0,0,2
7,9,0,3,12,25,56,51,31,14,0,0,0,0,4,0,0,31,40,4,0,0,0,0
0,1,0,1,4,51,34,50,11,13,6,0,0,0,0,3,7,13,18,0,0,0,0,0
0,0,3,0,9,20,46,45,11,3,0,1,0,0,0,0,6,12,12,11,5,3,0,0
0,0,0,6,11,27,41,27,4,2,0,0,0,8,0,0,4,2,5,6,7,0,0,0
3,0,0,0,11,13,26,10,5,0,0,10,3,0,8,10,5,0,0,2,3,0,1,0
0,0,0,0,11,26,25,9,3,4,0,1,11,9,1,0,0,5,3,11,10,6,0,0
0,0,0,0,1,12,13,10,1,0,11,5,0,1,10,13,13,4,5,11,36,12,2,3
7,6,4,1,11,21,11,2,0,0,1,7,0,9,0,9,8,9,8,7,32,31,13,9
6,6,6,10,28,22,13,0,0,0,0,0,5,5,5,2,0,0,0,6,12,35,36,12
6,8,9,51,22,13,2,0,0,0,3,1,0,2,3,7,6,4,0,1,7,17,60,54

0,0,0,1,0,9,13,13,32,39,64,102,86,55,51,29,17,8,12,3,3,0,3,6
6,0,0,1,8,6,28,35,42,60,80,128,110,74,51,51,34,23,14,5,2,3,4,6
0,3,0,0,3,7,10,21,43,52,96,105,69,64,50,38,12,9,10,0,0,0,0,0
0,0,0,0,0,2,0,3,8,7,12,12,15,9,5,1,0,0,0,0,0,0,3,3
0,0,0,0,0,0,8,2,0,8,8,0,10,8,0,0,0,0,0,0,0,0,0,0
0,0,0,8,30,53,66,46,45,42,47,43,31,48,52,53,51,55,54,40,14,10,3,0
0,0,0,7,14,51,64,57,64,53,71,61,64,83,68,68,67,68,64,52,50,11,8,8
1,4,11,13,12,38,69,83,86,76,59,80,111,122,112,100,85,63,58,47,65,7,3,0
0,0,6,9,7,11,72,103,113,114,97,104,158,177,155,120,81,61,54,56,51,12,0,0
7,11,7,9,12,35,89,130,139,157,156,143,228,212,164,122,84,72,48,32,52,52,14,7
5,6,0,11,10,52,68,101,132,151,168,140,193,188,140,109,95,54,31,13,25,36,21,12
0,1,12,3,12,14,54,97,125,140,166,151,171,172,136,118,68,46,14,10,6,17,21,8
0,14,20,21,9,10,44,101,126,146,150,154,159,152,148,107,65,47,13,10,14,12,43,37
4,7,35,5,7,9,61,102,121,137,139,138,144,143,133,111,100,53,14,11,13,12,51,50
3,6,13,13,8,11,51,82,109,123,129,134,126,112,76,71,82,52,10,7,9,13,61,50
0,27,32,16,10,13,57,59,77,103,131,126,109,92,73,73,71,47,0,0,8,11,45,45
9,34,47,14,11,12,52,58,73,85,85,122,104,107,81,64,64,54,28,14,12,12,19,26
9,28,37,19,14,17,33,51,79,87,119,123,130,136,103,64,47,39,33,32,27,29,35,25
13,34,38,12,11,6,18,56,106,73,83,117,142,124,100,57,50,51,14,11,11,12,47,53
8,71,55,14,12,14,78,102,104,92,106,132,145,117,88,102,82,52,42,14,11,14,30,25
7,53,43,13,14,40,101,102,108,113,130,149,170,142,73,58,70,54,32,21,20,10,29,23
14,49,36,13,24,47,68,97,100,84,117,138,154,117,91,77,70,64,58,38,12,12,13,8
8,20,20,6,15,60,123,109,110,107,100,116,134,82,100,95,91,76,57,38,20,12,0,4
0,10,12,8,23,84,120,121,123,118,104,104,103,104,103,107,107,104,85,82,52,10,12,9
2,0,0,4,34,87,116,122,130,120,104,100,70,94,103,106,107,102,107,86,67,13,5,4
0,0,0,1,61,106,117,119,118,112,103,90,75,85,101,104,105,102,105,83,52,26,11,12
0,9,0,2,46,101,110,113,109,105,82,62,52,60,92,98,100,100,100,66,56,27,18,12
1,0,0,0,38,106,111,120,115,100,73,55,61,64,63,76,66,101,104,100,64,40,13,6
0,0,0,0,35,84,109,120,111,82,56,50,21,51,51,56,100,105,107,104,66,31,13,12
1,7,0,3,9,59,71,96,64,48,42,39,39,38,48,59,67,79,81,109,69,38,13,10
0,0,0,7,14,141,95,70,64,40,34,28,32,36,46,49,53,62,62,75,74,46,13,12
0,8,0,11,33,94,87,58,52,12,12,9,7,6,9,11,30,57,58,54,51,11,7,1
2,0,0,4,23,35,49,66,27,12,3,1,0,0,0,11,18,52,54,51,2,6,6,8
6,4,0,0,11,50,47,48,46,9,0,0,0,0,0,0,8,50,50,13,0,0,0,2
7,9,0,3,12,24,56,51,31,14,0,0,0,0,4,0,0,31,40,3,0,0,0,0
0,1,0,1,4,51,34,49,11,13,6,0,0,0,0,3,8,13,19,0,0,0,0,0
0,0,3,0,9,20,46,45,11,4,0,1,0,0,0,0,6,12,12,11,5,3,0,0
0,0,0,6,11,27,42,27,4,3,0,0,0,8,0,0,4,2,5,6,7,0,0,0
3,0,0,0,11,13,26,10,5,0,0,10,3,0,8,10,5,0,0,2,3,0,1,0
0,0,0,0,11,26,24,9,3,4,0,1,11,10,1,0,0,5,3,11,10,6,0,0
0,0,0,0,1,13,13,10,1,0,11,5,0,0,10,13,13,5,5,11,36,12,2,4
7,6,4,1,11,23,11,2,0,0,1,7,0,9,0,9,8,9,8,7,32,31,13,9
6,6,6,10,27,22,13,0,0,0,0,0,5,5,5,2,0,0,0,6,12,36,36,13
6,8,9,51,22,13,2,0,0,0,3,1,0,2,3,7,6,4,0,1,7,17,60,54
