4,0,5,4,0,5,0,0,7,8,6,7,3,10,3,3,2,6,1,1,4,3,10,0
10,5,9,13,14,13,11,31,50,51,55,57,52,48,13,1,12,1,0,10,11,4,2,0
9,7,12,18,40,47,71,101,78,91,87,70,101,77,48,27,21,14,29,31,17,0,10,2
2,4,11,13,26,57,89,103,107,111,113,105,98,79,63,13,4,6,9,6,1,0,0,6
0,0,0,6,9,12,71,76,107,106,100,73,86,60,60,51,21,11,3,7,0,0,0,5
0,0,0,8,5,8,36,48,62,61,61,50,49,41,41,34,41,36,6,0,0,0,0,2
2,4,7,4,13,4,10,28,53,56,63,33,14,37,43,51,46,25,12,4,0,0,0,0
0,0,0,5,8,4,6,13,14,51,56,58,17,8,44,58,70,65,51,14,12,7,8,2
0,0,0,13,15,55,4,8,10,0,9,13,55,55,61,84,119,149,87,44,2,10,0,0
0,0,11,50,62,51,50,51,50,48,62,65,77,87,104,85,114,101,71,56,12,14,5,4
1,0,13,47,52,55,65,82,75,63,78,71,85,117,116,109,89,76,72,58,30,8,3,4
1,5,28,56,63,59,71,112,115,104,94,95,105,143,153,131,104,42,60,68,50,14,3,0
9,13,44,57,59,79,86,114,136,152,143,153,148,143,135,119,97,20,16,54,45,14,0,5
10,25,65,54,43,52,89,111,127,168,190,214,177,159,142,116,100,31,4,47,45,9,0,0
1,14,47,12,43,50,68,112,121,130,171,208,196,180,166,128,54,6,1,6,13,0,1,7
14,59,51,20,38,59,69,120,131,127,135,188,211,200,155,116,72,2,0,12,9,11,16,12
31,53,54,56,49,26,102,140,126,118,138,150,207,182,133,83,67,15,9,6,10,29,9,6
11,34,34,22,28,50,69,122,131,139,169,176,150,181,168,110,59,38,30,27,26,18,8,3
12,94,52,14,29,58,100,119,125,155,172,180,169,133,120,119,86,45,21,20,43,38,13,8
27,52,48,34,26,57,63,127,148,154,161,188,193,165,139,122,110,77,14,28,54,56,6,7
36,42,33,18,13,28,72,110,128,132,168,173,176,153,143,127,93,37,18,37,59,36,6,5
32,54,41,9,14,36,63,103,133,145,159,155,150,138,112,109,53,42,34,50,87,49,17,7
41,50,36,17,14,34,57,102,117,131,144,131,126,123,119,106,101,60,14,43,106,34,13,10
35,52,21,9,13,69,102,106,122,134,153,141,140,124,112,109,105,101,61,72,106,38,3,0
14,52,13,4,50,98,106,111,110,116,130,129,129,108,109,113,108,102,75,55,82,19,4,5
12,13,12,11,79,105,115,118,115,106,110,119,106,106,122,126,132,122,105,46,53,11,12,0
3,4,8,51,83,107,107,111,106,109,100,74,98,91,109,116,119,113,103,64,14,8,13,10
6,11,12,50,100,104,106,97,104,88,76,67,54,74,104,110,121,118,109,69,13,9,2,4
6,9,7,62,102,105,105,108,93,63,57,46,53,65,84,105,118,123,110,73,36,12,14,10
11,9,6,64,100,73,89,87,74,68,51,46,47,50,51,64,88,95,93,68,55,11,9,8
12,7,12,53,71,77,66,59,56,54,47,42,39,46,47,54,70,75,96,77,39,12,3,2
9,4,14,56,66,104,87,62,56,57,55,50,43,53,57,59,70,78,87,60,43,10,5,0
11,11,32,54,103,115,71,60,54,52,50,29,45,44,50,53,63,69,93,165,98,26,11,9
6,9,14,56,174,139,59,53,50,37,22,16,17,27,38,43,29,48,66,124,94,51,12,11
0,10,12,48,55,52,25,10,7,8,3,2,2,5,13,21,33,34,50,52,59,55,18,11
5,0,0,14,24,33,11,12,8,2,1,0,0,3,7,13,10,12,19,38,57,33,27,7
0,0,5,11,13,12,12,3,0,7,5,4,4,7,7,8,8,0,13,37,25,47,50,13
0,0,0,9,11,11,8,8,8,6,10,6,2,5,11,6,8,0,0,7,36,45,52,13
0,0,0,0,0,0,0,1,0,4,1,4,8,7,1,6,7,12,7,2,11,50,37,30
0,0,0,0,6,1,0,10,11,7,6,3,6,11,12,11,11,13,8,8,13,14,19,22
0,0,4,5,10,8,6,11,14,12,11,0,8,12,12,14,10,4,5,9,10,0,20,15
7,9,1,0,9,12,13,13,11,0,4,9,9,12,12,12,1,4,13,7,0,7,11,12
1,8,12,11,7,5,5,9,0,6,9,3,6,5,17,4,1,12,10,0,4,13,9,0
6,6,13,11,9,0,6,10,10,4,0,4,3,9,4,0,5,11,0,4,10,2,8,6

4,0,5,4,0,5,0,0,7,8,6,7,2,10,3,3,2,6,1,1,4,3,10,0
10,5,9,13,14,13,11,30,50,51,55,57,52,48,13,1,12,1,0,10,11,4,2,0
9,7,12,18,42,47,70,101,78,91,87,70,101,78,48,27,21,14,28,30,18,0,11,2
2,5,11,13,28,57,89,103,107,112,113,105,98,79,63,13,4,7,9,6,1,0,0,6
0,0,0,6,10,12,71,76,107,106,100,73,86,60,59,51,21,11,3,7,0,0,0,5
0,0,0,8,5,8,37,48,62,61,61,50,49,41,41,33,42,36,6,0,0,0,0,2
2,4,7,4,13,4,10,30,53,56,63,33,14,39,43,51,47,25,13,4,0,0,0,0
0,0,0,6,8,4,6,13,14,51,55,58,16,8,43,58,70,65,51,14,12,7,8,2
0,0,0,12,14,55,4,9,10,0,9,13,55,55,61,84,119,149,87,44,2,10,0,0
0,0,11,50,62,51,50,51,50,49,63,65,77,87,104,85,114,101,71,56,12,14,5,4
1,0,13,47,52,55,66,83,75,63,78,71,85,117,116,109,90,76,72,58,30,8,3,4
1,5,29,56,63,59,71,112,115,104,94,95,105,143,154,131,104,42,60,67,50,14,3,0
9,13,46,57,58,79,86,114,135,150,143,153,148,143,135,119,97,20,17,54,45,14,0,5
10,24,65,54,43,51,89,111,126,165,189,212,176,159,142,115,100,29,4,47,43,9,0,0
1,14,47,13,43,50,67,112,120,129,171,207,195,180,165,128,54,6,1,6,13,0,1,7
14,59,51,20,39,59,69,120,131,128,136,188,212,200,155,116,72,2,0,12,9,11,16,12
29,53,54,56,47,26,102,140,126,118,140,151,207,182,133,83,67,15,9,6,10,29,9,6
11,33,34,21,28,50,69,122,132,140,171,178,151,180,168,111,59,38,30,27,26,18,8,3
12,94,51,14,31,59,100,119,126,156,174,181,170,133,120,119,86,46,22,20,42,38,13,8
28,52,50,33,25,58,64,127,148,156,162,189,195,166,139,123,110,77,14,29,54,56,6,7
36,42,34,18,14,28,72,110,128,133,169,174,178,154,144,127,93,37,18,37,59,36,6,5
34,54,40,10,14,35,63,103,134,145,160,156,151,139,113,108,53,41,33,51,87,49,17,7
42,50,36,17,14,33,56,101,117,131,144,131,126,123,119,105,101,60,14,43,106,34,13,10
34,52,23,8,13,69,102,106,122,133,152,141,140,123,112,109,105,101,62,72,105,37,3,0
14,51,13,4,48,96,106,110,110,116,129,129,129,108,109,113,108,102,73,55,82,19,4,5
12,14,12,11,79,105,115,117,115,105,110,118,106,106,122,126,132,122,105,47,53,11,12,0
3,3,8,52,83,107,107,111,106,109,100,74,97,91,109,115,119,113,103,64,14,8,13,10
5,11,12,50,100,104,106,97,104,88,76,67,53,73,103,109,121,117,109,68,13,9,2,4
6,9,7,62,102,105,105,107,93,62,57,45,53,65,84,105,118,123,110,73,36,12,14,10
11,9,7,64,100,73,88,87,74,69,51,46,47,50,51,64,88,95,93,68,55,11,8,8
12,8,13,53,71,77,66,60,56,54,47,42,38,46,48,54,70,75,96,77,40,12,3,2
10,6,14,56,66,105,87,62,56,58,55,50,44,53,57,59,70,78,87,60,43,10,6,1
11,12,33,54,103,116,71,60,54,52,50,30,43,44,50,53,63,69,93,166,99,27,11,9
6,9,15,56,174,139,59,54,50,38,22,16,18,26,38,45,29,48,66,124,94,51,12,11
0,10,12,50,55,52,25,11,7,8,3,2,2,5,13,21,35,35,51,52,59,55,19,11
5,0,0,14,25,33,11,12,8,2,1,0,0,3,7,13,10,13,20,38,57,33,27,7
0,0,5,11,13,12,12,3,0,7,5,3,4,7,6,8,8,0,13,38,25,47,50,13
0,0,0,9,11,11,8,8,8,6,10,6,2,5,10,5,8,0,0,7,37,45,52,14
0,0,0,0,0,0,0,1,0,4,1,4,8,6,0,5,7,12,7,2,11,50,37,30
0,0,0,0,6,2,0,10,11,7,6,3,6,11,12,11,11,13,8,8,13,15,19,22
0,0,4,5,10,8,6,11,14,12,11,0,8,12,11,14,10,4,5,9,10,0,20,15
7,9,1,0,9,12,13,13,11,0,4,9,8,11,12,12,1,4,13,7,0,7,11,12
1,8,12,11,7,5,5,9,0,6,9,3,5,5,17,4,1,12,10,0,4,13,9,0
6,6,13,11,9,0,6,10,10,4,0,4,3,9,4,0,5,11,0,4,10,3,8,7

4,0,5,4,0,5,0,0,7,8,6,7,3,10,4,3,2,6,1,1,4,3,10,0
10,5,9,13,14,12,11,31,50,51,55,57,52,50,13,1,12,1,0,10,11,4,2,0
9,7,12,18,40,47,70,101,77,91,87,69,101,77,47,28,21,14,28,31,18,0,11,2
2,4,11,13,27,57,89,103,107,112,113,105,98,79,63,13,4,7,9,6,1,0,0,6
0,0,0,6,10,12,70,76,107,106,100,73,87,60,60,52,21,11,3,7,0,0,0,5
0,0,0,8,5,8,36,48,62,61,61,50,50,41,40,33,41,35,6,0,0,0,0,2
2,5,7,4,13,4,10,30,53,56,64,37,14,40,45,51,47,25,12,4,0,0,0,0
0,0,0,5,8,4,6,13,14,51,56,59,17,8,42,58,69,65,51,14,12,7,8,2
0,0,0,12,14,55,4,8,10,0,10,13,56,55,61,84,118,148,86,43,2,10,0,0
0,0,11,50,62,51,50,51,51,50,63,66,78,87,104,85,113,101,71,56,12,14,5,4
1,0,13,47,52,55,66,83,76,63,78,71,85,118,116,110,89,76,72,58,29,8,3,4
1,5,28,56,63,59,71,113,116,105,95,96,106,144,154,131,104,41,60,68,50,14,3,0
9,13,44,58,59,80,87,114,136,152,144,155,149,144,136,119,97,20,16,54,45,15,0,5
10,25,66,55,44,52,89,111,128,168,190,215,178,160,142,115,100,30,4,47,43,9,0,0
1,14,48,13,45,50,67,112,121,130,171,208,196,180,165,127,54,6,1,7,13,0,1,7
14,59,51,20,39,59,69,120,131,127,135,188,211,198,153,115,71,2,0,12,9,11,16,12
30,53,54,55,48,25,102,139,126,118,138,150,208,180,130,82,67,15,9,6,10,29,9,6
11,34,34,22,28,50,68,121,131,138,168,175,150,182,167,108,58,38,30,27,26,18,8,3
12,95,52,14,31,58,100,118,125,154,172,180,169,132,120,118,85,46,21,20,43,38,13,8
28,52,50,35,26,57,63,127,148,154,161,188,193,165,139,122,110,77,14,30,55,56,7,8
36,42,33,18,14,27,72,110,128,132,168,172,176,153,143,127,93,38,18,37,60,37,6,5
34,54,42,10,14,37,63,103,133,144,159,154,150,138,112,109,54,42,34,51,87,50,17,7
42,50,36,18,14,34,57,101,117,131,144,130,126,123,119,106,102,61,14,43,107,34,13,10
35,54,23,9,13,71,102,106,122,133,152,141,140,124,112,109,105,102,62,75,106,38,3,0
14,53,13,5,51,97,106,111,110,116,129,129,129,108,109,113,108,102,75,55,82,20,4,5
12,14,12,11,80,105,115,117,115,105,110,118,106,106,122,126,132,122,106,48,54,11,12,0
3,4,8,52,83,107,107,111,106,109,100,75,97,92,109,116,119,113,103,65,14,8,13,9
6,11,12,50,100,104,106,97,104,89,76,67,54,74,104,110,121,118,109,68,14,9,2,4
6,9,7,62,102,105,105,108,92,63,57,46,53,65,84,104,118,123,110,73,36,12,14,10
11,9,7,64,100,73,88,87,74,68,52,46,47,50,51,64,88,95,93,68,55,11,8,8
12,9,13,52,71,77,66,59,56,54,47,42,38,46,48,54,70,75,96,77,39,12,3,2
10,6,14,56,66,105,87,62,56,57,55,50,43,53,58,59,70,79,87,60,43,10,6,1
11,12,35,54,103,116,72,60,55,52,50,30,45,44,50,53,63,69,94,166,98,26,11,9
6,9,16,56,174,140,59,54,50,38,22,16,18,26,38,45,29,48,66,124,93,51,12,11
0,11,13,49,55,52,25,11,7,8,3,2,2,5,13,21,36,36,51,52,59,55,19,11
5,0,0,14,25,33,12,12,9,2,1,0,0,3,7,13,10,12,20,39,57,33,27,7
0,0,5,11,13,12,12,3,0,7,4,3,3,7,6,8,8,0,12,38,25,47,50,13
0,0,0,9,11,11,8,8,8,6,10,6,2,5,10,5,8,0,0,7,37,45,52,14
0,0,0,0,0,0,0,1,0,4,1,4,8,6,0,5,7,12,7,2,11,50,36,30
0,0,0,0,6,2,0,10,11,7,6,3,5,10,12,11,11,13,8,8,13,16,19,22
0,0,4,6,10,8,6,11,14,12,11,0,8,12,12,14,10,4,5,9,10,0,21,15
7,9,1,0,9,12,14,13,11,0,4,9,8,12,12,12,1,4,13,7,0,7,11,12
1,8,12,11,7,5,5,9,0,6,9,3,5,5,16,4,1,11,10,0,4,13,9,0
6,6,13,11,9,0,6,10,10,3,0,4,3,9,4,0,5,11,0,4,10,2,8,7

4,0,5,4,0,5,0,0,7,8,5,6,3,10,4,3,2,7,1,1,4,3,10,0
10,5,9,13,14,13,11,30,50,51,55,57,52,47,13,1,12,1,0,10,11,4,2,0
9,7,12,18,42,44,70,101,78,91,87,70,101,77,48,26,21,14,28,32,21,0,11,2
2,4,11,13,27,57,89,103,107,112,113,105,98,79,63,13,4,7,9,6,1,0,0,6
0,0,0,6,10,12,71,76,107,106,100,73,86,59,59,51,21,11,4,7,0,0,0,5
0,0,0,8,5,8,37,48,63,61,61,50,50,41,41,34,42,36,6,0,0,0,0,2
2,5,7,4,13,4,10,30,53,56,64,41,15,39,45,51,46,27,13,4,0,0,0,0
0,0,0,6,8,4,6,13,15,51,57,60,22,8,43,58,70,65,51,14,12,7,8,2
0,0,0,12,14,56,4,9,10,0,11,14,56,56,61,84,119,150,87,45,2,10,0,0
0,0,11,50,62,51,50,51,51,50,63,67,79,88,104,86,114,101,71,56,12,14,5,4
2,0,13,48,52,55,66,83,76,63,78,71,86,118,117,110,90,76,72,58,30,8,3,4
1,5,29,56,63,59,71,113,116,105,95,96,106,144,154,131,104,42,61,68,51,14,3,0
10,13,46,58,59,80,87,115,137,152,143,155,149,144,136,119,97,20,17,54,46,14,0,5
10,26,66,55,47,52,90,111,128,168,190,217,179,160,142,115,100,31,4,48,45,9,0,0
2,14,50,13,43,50,67,113,121,130,172,210,197,180,164,127,53,6,0,7,13,0,1,7
14,59,51,20,39,58,68,119,131,127,134,188,210,197,152,114,70,2,0,12,9,11,16,12
28,53,54,55,47,24,102,138,126,117,137,149,210,179,128,81,66,14,9,6,10,29,9,6
11,34,34,22,27,50,68,121,131,136,166,173,149,185,166,106,58,38,29,26,26,18,8,3
12,94,52,14,29,57,100,118,124,152,170,178,167,132,119,118,85,46,22,20,42,38,13,8
27,52,50,35,25,57,63,126,147,152,158,186,192,163,138,122,110,77,14,30,54,56,7,7
36,42,34,18,13,28,71,110,127,131,166,171,175,151,143,127,94,38,18,37,60,37,6,5
34,54,41,9,15,38,64,103,133,144,157,152,149,137,112,110,55,43,35,51,87,50,18,7
42,50,36,18,15,35,58,102,116,130,143,130,125,123,120,107,103,62,14,43,107,35,13,10
35,54,25,9,14,71,102,106,122,133,152,141,140,124,112,109,106,102,63,75,106,39,3,0
14,51,13,5,51,98,106,111,110,116,130,129,129,109,109,113,108,102,75,55,83,20,4,5
12,14,12,11,80,105,115,117,115,105,110,119,106,106,122,126,132,122,105,48,54,11,12,0
3,4,9,52,83,107,107,111,106,109,100,75,97,93,109,116,120,113,103,65,14,8,13,9
6,12,13,51,100,104,106,97,104,89,76,69,54,74,104,110,121,118,110,69,14,9,2,4
6,9,7,63,102,105,105,108,92,63,57,47,53,65,84,104,118,123,110,73,36,12,14,10
11,9,8,64,100,73,89,87,74,69,52,46,47,50,51,64,88,95,94,68,55,11,8,8
12,9,13,53,71,78,66,59,56,54,47,42,39,47,49,54,70,76,96,77,39,12,3,2
10,7,14,56,66,105,88,62,56,57,55,50,43,53,58,59,70,79,87,60,43,10,6,1
12,12,35,54,103,116,72,60,54,52,50,30,46,46,50,53,63,70,94,166,98,26,11,8
6,9,16,56,173,140,59,54,50,38,22,16,17,26,36,45,29,48,66,124,93,51,12,11
0,11,13,49,55,53,27,11,7,8,3,2,2,5,13,21,36,36,51,52,59,55,18,11
5,0,1,14,25,35,12,12,9,2,0,0,0,3,7,13,10,12,22,38,57,33,27,7
0,0,6,11,13,12,12,3,0,7,5,3,3,7,6,8,8,0,12,38,25,47,50,13
0,0,0,9,11,11,8,8,8,6,10,6,2,5,10,5,8,0,0,7,37,46,52,14
0,0,0,0,0,0,0,1,0,4,1,4,8,6,0,5,7,12,7,2,11,50,38,31
0,0,0,0,7,2,0,10,11,7,6,3,6,11,12,11,11,13,8,8,13,16,19,22
0,0,4,6,10,8,6,11,14,12,11,0,8,12,12,14,10,3,5,9,10,0,21,15
7,9,1,0,9,12,14,13,11,0,4,9,8,11,12,12,1,4,13,7,0,7,11,13
1,8,12,11,7,5,5,9,0,6,9,3,5,5,17,4,1,11,10,0,4,13,9,0
6,6,13,11,9,0,6,10,10,4,0,4,3,9,4,0,5,11,0,4,10,2,8,7

4,0,5,4,0,5,0,0,7,8,5,6,2,10,3,3,2,6,1,1,4,3,10,0
10,5,9,13,14,13,11,31,50,51,54,57,52,47,13,1,12,1,0,9,11,4,2,0
10,7,12,18,40,45,70,101,77,92,87,70,101,78,50,26,21,14,27,32,18,0,11,2
2,4,11,13,27,57,89,103,107,112,113,105,98,79,63,13,4,7,9,6,1,0,0,6
0,0,0,6,10,12,71,76,107,107,101,73,87,60,60,52,21,11,4,7,0,0,0,5
0,0,0,8,5,8,37,48,62,61,61,50,50,42,41,34,43,36,6,0,0,0,0,2
2,5,7,4,13,4,11,32,53,56,64,43,14,38,43,51,46,26,13,4,0,0,0,0
0,0,0,6,8,4,6,13,14,51,57,60,23,8,45,58,70,65,51,14,12,7,8,2
0,0,0,12,15,56,4,9,10,0,11,14,56,56,61,84,119,150,87,44,2,10,0,0
0,0,12,50,62,52,50,51,50,50,64,67,78,87,104,86,114,102,71,56,12,14,5,4
2,0,13,48,52,55,66,83,76,63,79,71,85,118,117,110,90,76,72,58,31,8,3,4
1,5,31,56,63,59,71,113,116,105,95,96,106,144,154,131,104,42,61,68,50,14,3,0
10,13,46,59,59,80,87,115,137,153,143,155,149,144,135,119,97,20,17,54,46,15,0,5
10,26,66,56,46,52,90,111,129,168,190,216,178,160,142,115,100,31,4,48,47,9,0,0
2,14,50,13,45,50,68,113,121,130,173,210,196,180,164,127,53,6,0,7,13,0,1,7
14,59,51,20,38,58,68,119,131,127,135,188,211,198,152,115,70,2,0,12,9,11,16,12
31,53,54,55,48,24,102,139,126,117,137,149,210,180,128,81,66,15,9,6,10,29,9,6
11,34,34,22,27,50,68,121,130,136,166,173,149,185,167,106,58,37,29,26,26,18,8,3
12,96,52,14,31,58,100,118,124,152,170,178,168,132,119,118,85,46,22,20,43,38,13,8
28,52,50,34,25,57,63,126,147,152,158,186,192,163,138,122,110,77,14,29,54,56,7,7
36,42,33,18,13,28,71,110,127,131,166,171,174,151,143,127,93,37,18,38,60,38,6,5
33,54,41,9,14,38,64,103,133,143,157,152,149,137,112,110,56,43,35,51,87,50,18,7
42,50,36,18,15,35,58,102,116,130,143,130,125,122,120,107,103,63,14,43,107,35,13,10
37,53,25,9,14,71,102,106,122,133,152,141,140,124,112,109,105,102,62,75,106,39,3,0
14,53,13,5,51,97,106,111,110,116,130,129,129,109,109,113,108,102,74,55,83,21,4,5
12,14,13,11,79,105,115,117,115,105,110,119,106,106,122,126,132,122,106,48,54,11,12,0
3,4,9,52,83,107,107,111,106,109,100,75,97,93,109,116,119,113,103,65,14,8,13,10
6,12,13,50,100,104,106,96,104,89,77,68,54,74,104,110,121,118,109,69,14,9,2,4
6,9,7,63,102,105,105,107,93,63,58,46,53,65,84,104,118,123,110,73,37,12,14,10
11,9,8,64,100,73,88,87,75,69,51,46,47,50,51,63,88,95,93,68,55,11,9,8
12,9,13,53,71,78,66,59,56,54,47,42,38,47,49,54,70,75,96,77,40,12,3,2
10,7,14,56,66,105,88,62,57,57,56,50,42,53,58,59,70,79,87,59,43,10,6,1
12,12,36,54,103,116,72,60,54,52,50,29,44,46,50,53,63,70,94,166,98,26,11,9
6,9,16,56,174,140,59,54,50,38,22,15,17,26,36,46,29,49,66,124,93,51,12,11
0,11,13,47,55,52,26,11,7,9,3,2,2,5,13,21,36,36,51,52,59,55,19,11
6,0,1,14,25,34,12,12,9,2,0,0,0,3,7,13,10,12,22,39,57,33,27,7
0,0,6,11,13,12,12,3,0,7,4,3,3,7,6,8,8,0,12,39,25,47,50,13
0,0,0,9,11,11,8,8,8,6,10,6,2,5,10,5,8,0,0,8,38,46,52,14
0,0,0,0,0,0,0,1,1,4,2,4,8,6,0,5,6,12,7,2,11,50,38,31
0,0,0,0,7,2,0,10,11,7,6,3,5,10,12,11,11,13,8,8,13,17,19,22
0,0,4,6,10,8,7,11,14,12,11,0,8,12,11,14,10,3,5,9,10,0,21,16
7,9,1,0,9,12,14,13,11,0,4,9,9,12,12,12,1,4,13,7,0,7,11,13
1,8,12,11,7,5,5,9,0,6,9,3,5,6,17,4,1,12,10,0,4,13,9,0
6,6,13,11,9,0,6,10,10,3,0,4,3,9,4,0,5,11,0,4,10,3,8,7

4,0,5,4,0,5,0,0,7,8,5,6,3,10,4,3,2,7,1,1,4,3,10,0
10,5,9,14,14,13,11,30,50,51,55,57,52,48,13,1,12,1,0,10,11,4,2,0
10,7,12,20,40,45,70,101,77,91,87,70,101,78,50,26,22,14,27,32,20,0,11,2
2,5,11,13,27,57,89,103,107,112,113,105,98,79,63,13,4,7,9,6,1,0,0,6
0,0,0,6,10,12,71,76,107,107,101,73,87,60,60,52,22,11,4,7,0,0,0,5
0,0,0,8,5,8,37,48,62,61,61,50,50,42,41,34,42,36,6,0,0,0,0,2
2,5,7,4,14,4,11,32,53,56,64,39,14,38,44,51,46,25,13,4,0,0,0,0
0,0,0,6,9,4,6,13,15,51,56,60,21,8,45,58,70,65,51,14,12,7,8,2
0,0,0,13,18,56,5,9,10,0,10,14,56,55,61,84,119,150,87,45,2,10,0,0
0,0,12,50,62,51,50,51,51,50,63,66,78,87,104,85,114,101,71,56,12,14,5,4
2,0,13,48,52,55,66,84,76,64,78,71,85,117,116,109,89,76,72,58,30,8,3,4
1,5,31,56,63,59,71,113,116,105,95,95,105,143,153,131,104,42,61,68,50,14,3,0
10,13,47,58,59,80,87,115,136,152,143,153,148,143,135,119,97,20,17,54,45,15,0,5
10,26,65,55,46,52,90,111,127,168,190,214,176,159,142,115,100,30,4,47,45,9,0,0
2,14,50,13,45,50,67,113,121,130,172,208,195,179,165,127,54,6,1,7,13,0,1,7
14,59,51,22,41,59,69,120,131,127,136,188,211,199,154,116,71,2,0,12,9,11,16,12
29,53,54,55,49,26,102,140,126,118,139,151,208,181,132,83,67,15,9,6,10,30,9,6
11,34,35,22,28,50,69,121,131,139,169,176,150,182,168,110,59,38,30,27,26,18,8,3
12,94,51,14,32,58,100,118,125,155,172,180,169,132,120,118,86,46,22,21,42,38,13,8
27,52,48,34,25,58,63,127,148,154,160,188,193,164,139,122,110,76,14,30,54,56,7,8
36,42,34,18,14,28,71,110,128,132,168,172,176,152,143,127,93,38,18,37,60,37,6,5
33,54,40,10,14,36,63,102,133,144,159,154,150,138,112,109,54,42,34,51,87,50,18,7
42,50,36,18,14,34,57,101,116,131,144,130,125,123,119,106,102,62,14,43,107,34,13,10
34,52,22,8,13,69,102,106,122,133,152,141,140,123,112,109,105,102,62,72,106,39,3,0
14,53,13,5,50,97,106,110,110,116,129,129,129,108,109,113,108,102,74,55,83,20,4,5
13,14,12,11,79,105,114,117,115,105,109,118,106,106,122,126,132,122,105,49,54,11,12,0
3,4,9,52,83,107,107,111,106,109,100,74,97,93,109,116,119,113,103,65,14,8,13,10
6,12,13,51,100,104,106,96,104,89,78,67,54,73,104,110,121,117,109,68,13,9,2,4
6,9,8,62,102,105,105,107,93,63,58,47,54,64,83,104,118,123,110,72,37,12,14,10
11,10,8,64,100,73,88,87,75,68,52,46,47,50,51,63,88,95,93,68,55,11,8,8
12,9,13,53,71,78,66,59,56,54,47,41,38,46,48,54,70,75,95,77,40,12,3,2
10,7,14,56,66,105,87,62,56,57,56,50,43,53,58,59,70,79,87,59,43,10,6,1
12,12,37,54,103,116,72,60,54,52,50,30,45,47,50,53,63,70,94,167,99,27,11,9
6,9,16,56,175,140,59,54,50,38,23,16,17,26,36,46,30,48,66,124,94,51,12,11
0,11,13,48,55,53,27,11,7,9,3,2,2,5,13,21,37,36,51,52,59,55,19,11
6,0,1,15,25,34,12,12,9,2,0,0,0,3,7,13,10,13,20,39,57,33,27,7
0,0,6,11,13,12,12,3,0,7,5,3,3,7,6,8,8,0,12,38,25,47,50,13
0,0,0,9,11,11,8,8,8,6,10,6,2,5,10,5,9,0,0,8,38,45,52,14
0,0,0,0,0,0,0,1,1,4,2,4,8,6,0,4,6,12,8,2,12,50,38,31
0,0,0,0,7,2,0,10,11,7,6,3,5,10,12,11,11,13,8,8,13,17,20,22
0,0,4,6,10,8,7,11,14,12,11,0,8,12,12,14,10,3,5,9,10,0,21,16
7,9,1,0,9,12,14,13,11,0,4,9,8,12,12,12,1,4,13,7,0,7,11,13
1,8,12,12,7,5,5,9,0,6,8,3,5,6,16,4,1,11,10,0,4,13,9,0
7,7,13,11,9,0,6,10,10,4,0,4,3,9,4,0,5,11,0,4,10,3,8,7

4,0,5,4,0,5,0,0,7,8,6,7,3,10,4,3,2,7,1,1,4,3,10,0
10,5,9,13,14,13,12,30,50,51,55,57,52,48,13,1,12,1,0,10,11,4,2,0
10,7,12,18,39,45,70,101,77,91,87,70,101,78,47,26,21,14,28,32,18,0,11,2
2,5,11,13,28,57,89,103,107,112,113,105,98,79,63,13,4,7,9,6,1,0,0,6
0,0,0,6,10,12,71,76,108,107,101,73,87,59,60,52,21,11,4,7,0,0,0,5
0,0,0,8,5,8,37,49,62,61,61,50,50,42,41,34,43,36,6,0,0,0,0,3
2,5,7,4,14,4,11,32,53,56,64,42,14,37,45,51,46,26,13,4,0,0,0,0
0,0,0,6,9,4,6,13,16,51,56,60,20,8,45,58,70,65,51,14,12,7,8,2
0,0,0,13,17,56,4,9,10,0,10,14,55,56,61,84,119,149,87,45,2,10,0,0
0,0,12,50,62,51,51,51,51,50,63,66,78,87,104,85,114,101,71,56,12,14,5,4
2,0,13,48,52,55,66,84,76,64,78,71,85,118,117,110,90,76,72,58,30,8,3,4
1,5,31,56,63,59,72,113,116,105,95,95,105,143,153,131,104,42,61,68,51,14,3,0
10,13,47,59,60,80,87,114,135,151,143,152,148,143,135,119,97,20,17,54,46,15,0,5
10,26,66,56,46,52,89,111,126,166,189,213,175,158,141,115,100,33,4,47,45,9,0,0
2,14,50,13,45,50,67,112,120,129,171,207,195,179,164,127,54,6,1,7,13,0,1,7
14,59,51,22,41,59,69,120,131,127,136,189,212,199,154,116,72,2,0,12,9,11,16,12
29,54,54,56,48,27,102,140,125,118,140,152,209,182,133,83,67,16,10,6,10,29,9,6
11,34,34,22,28,50,69,121,132,140,171,178,152,181,168,110,59,38,30,27,26,18,8,3
12,94,52,14,33,58,100,119,126,157,174,181,171,133,120,119,86,46,22,21,43,38,13,8
28,52,49,34,26,58,64,127,148,156,162,189,195,166,139,123,110,77,14,29,54,56,7,8
36,42,34,18,14,27,72,110,128,133,169,174,178,154,144,127,93,37,18,37,60,37,6,5
34,54,42,10,14,35,62,102,133,145,160,156,151,139,113,109,53,42,34,51,88,50,18,7
42,50,37,18,14,33,56,101,116,131,144,131,126,123,119,105,101,61,14,43,107,34,13,10
37,54,22,9,13,68,102,106,121,133,152,141,140,123,112,109,105,102,62,73,106,38,3,0
14,52,13,5,50,96,106,110,110,115,129,128,128,108,109,113,108,102,75,55,83,20,4,5
13,14,12,11,79,105,114,117,115,105,109,118,106,106,122,126,131,122,105,47,54,11,12,0
3,4,9,52,83,107,107,111,106,109,100,74,96,92,109,116,119,113,103,65,14,8,13,9
6,12,13,51,100,104,106,96,104,89,77,69,54,74,104,110,121,117,109,68,14,9,2,4
6,9,8,62,102,105,105,107,92,63,57,45,53,65,83,104,118,123,109,72,37,12,14,10
11,10,8,64,100,73,88,86,74,69,51,46,48,50,51,63,88,95,93,68,55,11,8,8
12,9,13,53,71,78,66,59,56,54,47,42,38,47,49,54,70,75,95,77,39,12,3,2
10,7,14,56,66,105,88,62,57,58,56,50,44,53,58,60,70,79,87,59,43,10,6,1
12,12,37,54,103,116,72,60,55,52,50,31,45,45,50,53,63,70,93,167,99,26,11,9
6,9,18,56,175,140,59,54,50,38,22,16,19,27,38,47,29,49,66,124,94,51,13,11
0,11,13,48,55,53,27,11,7,9,3,2,2,5,13,21,36,35,51,52,59,55,19,11
6,1,1,14,25,35,12,12,9,2,1,0,0,3,7,13,10,13,21,40,57,33,27,7
0,0,6,11,13,12,12,3,0,7,4,3,3,7,6,8,8,0,12,38,25,47,50,13
0,0,0,9,11,11,8,8,8,6,10,6,2,5,10,5,9,0,0,8,38,47,52,14
0,0,0,0,0,0,0,1,1,4,2,4,8,6,0,4,6,12,8,2,11,50,38,31
0,0,0,0,7,2,0,10,11,7,6,3,6,10,12,11,11,13,8,8,13,18,19,22
0,0,4,6,10,8,7,11,14,12,11,0,8,12,12,14,10,3,5,9,10,0,21,16
7,9,1,0,9,12,14,13,11,0,4,9,8,11,12,12,1,4,13,7,0,7,11,13
2,8,12,12,7,5,5,9,0,6,9,3,5,5,17,4,1,12,10,0,4,13,9,0
6,7,13,11,9,0,6,10,10,4,0,4,3,9,4,0,5,11,0,4,10,3,8,7

4,0,5,4,0,5,0,0,7,8,6,7,3,10,4,3,2,7,1,1,4,3,10,0
10,5,9,13,14,13,11,30,50,51,55,57,52,48,13,1,12,1,0,10,11,4,2,0
10,7,12,20,40,44,70,101,78,91,87,70,101,78,46,26,21,14,28,31,18,0,11,2
2,5,11,13,27,57,89,103,107,112,113,105,98,79,63,13,4,7,9,6,1,0,0,6
0,0,0,6,10,12,71,76,108,107,101,73,86,59,59,51,21,11,4,7,0,0,0,5
0,0,0,8,5,8,37,49,62,61,61,50,50,41,41,34,42,37,6,0,0,0,0,3
2,5,7,4,14,4,11,33,53,56,64,37,14,39,43,51,47,25,12,4,0,0,0,0
0,0,0,6,9,4,7,13,15,51,56,59,18,8,43,58,70,65,51,14,12,7,8,2
0,0,0,13,19,56,5,9,10,0,10,13,56,55,61,84,119,150,87,45,2,10,0,0
0,0,12,50,62,52,51,51,51,50,64,66,78,87,104,85,113,101,71,56,12,14,5,4
2,0,13,48,52,55,66,84,76,64,79,71,85,117,116,109,89,76,72,58,30,8,3,4
1,6,32,56,63,59,72,114,116,105,95,96,105,143,153,131,104,43,61,68,50,14,3,0
10,13,47,59,59,79,87,115,136,152,144,154,148,143,135,119,96,20,17,54,46,15,0,5
10,26,66,56,46,52,90,111,127,168,190,214,176,158,141,115,99,31,4,47,43,9,0,0
2,14,50,13,45,50,67,112,120,129,171,208,195,179,164,127,53,6,0,7,13,0,1,7
14,59,51,22,39,59,69,120,131,127,136,188,211,199,154,115,71,2,0,12,9,11,16,12
29,53,54,55,48,25,102,140,125,118,139,151,209,181,131,82,67,15,9,6,10,29,9,6
11,34,34,22,28,50,69,121,131,140,170,177,152,182,168,109,58,38,30,26,26,18,8,3
12,95,52,14,32,58,100,119,126,156,173,181,170,133,120,119,86,46,22,21,43,38,13,8
28,52,49,34,26,58,63,127,148,156,161,189,194,166,139,123,110,78,14,30,54,56,7,8
36,42,33,18,14,28,72,110,128,133,169,174,177,153,144,127,93,38,18,37,60,37,6,5
34,54,41,10,14,35,63,102,133,145,160,155,150,139,112,109,54,42,34,51,87,50,18,7
41,50,37,18,14,33,57,101,116,131,144,130,126,123,119,106,102,61,14,43,107,34,13,10
38,52,26,9,13,70,102,106,121,133,152,141,140,123,112,109,105,102,62,75,106,39,3,0
14,52,13,5,50,96,106,110,110,115,129,128,129,108,109,113,108,102,75,55,82,20,4,5
13,14,12,11,78,105,114,117,115,105,109,118,106,106,122,126,132,122,105,50,54,11,12,0
3,4,9,52,83,107,107,111,106,109,100,74,95,92,109,115,119,113,103,66,14,8,13,9
6,12,13,51,100,104,106,96,104,89,77,70,54,73,104,110,121,117,109,68,14,9,2,4
6,9,8,63,102,105,105,107,92,63,58,45,53,65,84,104,118,123,109,72,37,12,14,10
11,10,9,64,100,73,88,86,74,69,52,46,48,50,51,63,87,95,93,68,55,11,8,8
12,9,13,53,71,78,66,59,56,54,47,42,38,47,49,54,70,76,95,77,41,12,3,2
10,7,14,56,65,105,88,62,57,58,56,50,43,53,58,60,70,79,87,59,43,10,6,1
12,12,36,54,104,116,72,60,55,52,50,30,43,46,50,53,63,70,94,167,99,27,11,9
6,9,18,56,175,140,59,54,50,39,22,16,18,25,39,47,29,49,66,124,93,51,12,11
0,11,13,47,55,53,27,11,8,9,3,2,2,5,13,21,36,37,51,52,59,55,19,11
6,1,2,14,26,36,12,12,9,2,0,0,0,3,7,13,10,13,21,38,57,33,27,7
0,0,6,11,13,12,12,3,0,7,4,3,3,7,6,8,8,0,12,39,25,46,50,13
0,0,0,9,11,11,8,8,8,6,10,6,2,5,10,5,9,0,0,8,38,46,52,14
0,0,0,0,0,0,0,1,1,4,2,4,8,6,0,4,6,12,8,2,12,50,37,31
0,0,0,0,7,2,0,10,11,7,6,3,5,11,12,11,11,13,8,8,13,18,20,22
0,1,5,6,10,8,7,11,14,12,11,0,8,12,12,14,10,3,5,9,10,0,21,16
7,9,1,0,9,12,14,13,11,0,4,9,8,11,12,12,1,4,13,7,0,7,11,13
2,8,12,12,7,5,6,9,0,6,8,3,5,5,17,4,1,11,10,0,4,13,9,0
6,7,14,11,9,0,6,10,10,4,0,4,3,9,4,0,5,11,0,4,10,3,8,7

4,0,5,4,0,5,0,0,7,8,6,7,2,10,4,3,2,7,1,1,4,3,10,0
10,5,9,13,14,12,11,31,51,51,55,57,52,48,13,1,12,1,0,10,11,4,2,0
10,7,12,18,42,45,70,101,77,91,87,70,101,77,50,27,21,14,28,31,20,0,11,2
2,5,11,13,27,57,89,103,107,111,113,105,98,80,63,13,4,7,9,6,1,0,0,6
0,0,0,7,10,12,71,76,107,107,101,73,87,60,59,52,22,11,4,7,0,0,0,6
0,0,0,8,5,9,37,49,63,62,61,50,50,42,41,34,42,36,6,0,0,0,0,3
2,5,7,4,14,4,11,34,54,56,65,41,14,38,44,51,46,25,13,4,0,0,0,0
0,0,0,6,9,4,7,13,16,51,56,60,21,8,45,58,70,65,51,14,12,7,8,2
0,0,0,13,19,56,5,9,10,0,11,14,56,55,61,84,119,150,87,45,2,10,0,0
0,0,12,50,62,52,51,52,51,50,64,66,78,87,104,85,114,102,71,56,12,14,5,4
2,0,13,48,52,55,66,84,77,64,79,71,85,118,117,110,89,76,72,58,31,8,3,4
1,5,32,56,63,59,72,114,117,105,96,96,106,144,154,131,104,41,61,68,51,14,3,0
10,13,48,59,59,80,88,115,137,152,144,154,149,143,135,119,97,19,17,54,46,15,0,5
10,26,67,56,47,53,90,111,127,167,190,215,178,159,142,115,99,31,4,47,46,9,0,0
2,14,50,13,45,50,67,113,121,129,172,209,196,178,163,127,53,6,0,7,13,0,1,7
14,59,51,22,39,59,69,120,131,127,135,188,210,197,152,114,70,2,0,12,9,11,16,12
30,53,54,56,49,25,102,139,125,117,138,150,210,180,129,82,66,15,9,6,10,30,9,6
11,34,34,22,28,50,68,121,131,138,168,175,150,184,167,107,58,38,29,26,26,18,8,3
12,95,53,14,31,58,100,118,125,154,172,180,169,132,120,118,85,46,22,21,42,38,13,8
27,52,48,34,25,58,63,126,148,154,160,188,193,165,139,122,110,77,14,30,54,56,7,8
36,42,33,18,14,28,71,110,128,132,168,172,176,152,143,127,92,37,18,37,60,38,6,5
33,54,41,10,14,36,63,102,133,144,158,154,150,138,112,109,54,43,34,51,87,50,18,7
42,50,37,18,14,34,57,101,116,130,144,130,125,123,120,106,102,62,14,43,107,34,13,10
34,54,25,8,13,69,102,106,122,133,152,141,140,124,112,109,105,102,62,73,106,39,3,0
14,52,13,5,50,96,106,111,110,116,129,129,129,108,109,113,108,102,75,56,83,20,4,5
13,14,12,11,79,105,114,117,115,105,109,118,106,106,122,126,132,122,105,49,54,11,12,0
4,4,9,53,83,107,107,111,106,109,100,74,95,93,109,116,119,113,103,67,14,8,13,10
6,12,13,50,100,104,106,96,104,89,78,69,54,74,104,110,121,117,109,68,14,9,2,4
7,9,8,63,102,105,105,107,92,63,58,45,53,65,83,104,118,123,109,73,37,12,14,10
11,10,9,64,100,73,88,86,74,69,51,46,47,50,51,63,88,95,93,68,55,11,8,8
12,10,13,53,71,78,66,59,56,54,47,41,38,47,49,54,70,76,96,77,40,12,3,2
10,8,14,56,65,105,88,62,57,58,56,50,43,53,58,60,70,79,87,59,43,10,6,1
12,13,37,54,104,116,72,60,55,52,50,31,43,47,51,53,63,71,94,167,99,27,11,9
6,9,18,56,175,140,59,54,50,38,22,16,18,26,38,47,30,50,66,124,93,51,13,11
0,11,13,48,55,53,28,11,8,9,3,2,2,5,13,21,37,36,51,52,59,55,19,11
6,1,2,15,25,36,12,12,9,2,0,0,0,3,7,13,10,13,22,39,57,33,27,7
0,0,6,11,13,12,12,3,0,7,4,3,3,7,6,8,8,0,12,39,25,46,50,13
0,0,0,10,11,11,8,8,8,6,10,6,2,5,10,5,9,0,0,8,38,46,52,14
0,0,0,0,0,0,0,1,1,4,2,4,8,6,0,4,7,12,8,2,12,50,38,31
0,0,0,0,7,2,0,10,10,7,6,3,6,10,12,11,10,13,8,8,13,18,19,22
0,1,4,6,10,8,7,11,14,12,11,0,8,12,12,14,10,3,5,9,10,0,21,16
7,9,1,0,9,12,14,13,11,0,4,9,9,12,12,12,1,4,13,7,0,7,11,13
2,9,12,12,7,5,6,9,0,6,9,3,5,6,17,4,1,12,10,0,5,13,9,0
6,7,14,11,9,0,6,10,10,4,0,4,3,9,4,0,5,11,0,4,10,3,8,7

4,0,5,4,0,5,0,0,7,8,5,7,2,10,4,3,2,7,1,1,4,3,10,0
10,5,10,13,14,13,11,30,50,51,55,57,52,47,13,1,12,1,0,9,11,4,2,0
10,7,12,21,42,45,71,101,77,92,87,70,101,78,48,27,22,14,29,33,18,0,11,2
2,5,11,13,28,57,89,103,107,111,113,105,98,80,63,13,4,7,9,6,1,0,0,6
0,0,0,7,10,12,71,76,108,107,101,73,87,60,60,52,22,11,4,7,0,0,0,5
0,0,0,8,5,9,37,50,63,61,61,50,50,42,41,34,42,36,6,0,0,0,0,2
2,5,8,4,14,5,11,35,54,56,65,43,14,40,45,51,46,27,13,4,0,0,0,0
0,0,0,6,9,4,7,13,16,51,56,60,23,8,44,58,69,65,51,14,12,7,8,2
0,0,0,13,22,57,5,9,10,0,11,14,56,56,61,84,119,151,88,47,2,11,0,0
0,0,12,50,63,52,51,52,51,50,64,67,78,87,104,86,115,102,71,56,12,14,6,4
2,0,13,48,52,55,67,85,77,64,79,71,86,118,117,110,90,76,72,58,31,8,3,4
1,5,32,57,63,59,72,115,117,106,96,96,106,144,154,131,104,41,61,68,51,14,3,0
10,13,47,59,59,80,89,116,138,153,144,155,149,144,135,119,96,20,17,54,46,15,0,5
10,25,66,56,47,53,91,111,128,169,191,216,178,160,142,115,99,30,4,50,46,9,0,0
2,15,51,13,45,50,67,113,121,130,172,209,196,178,163,126,51,6,0,7,13,0,1,7
14,59,51,22,38,58,68,119,131,127,134,188,209,197,151,114,70,2,0,12,9,11,16,12
30,53,54,55,48,25,102,139,125,117,137,149,210,179,127,81,66,14,9,6,10,29,9,6
11,34,35,22,27,50,68,120,130,137,166,173,150,186,166,105,57,37,29,26,26,18,8,3
12,95,52,14,31,57,100,118,124,152,170,178,168,132,119,117,84,45,22,21,43,38,13,8
27,52,49,33,25,57,63,126,147,153,159,186,192,163,138,122,109,76,14,30,54,56,7,8
36,42,34,18,13,27,71,110,127,131,166,171,175,151,143,127,93,38,19,37,60,38,6,5
32,54,42,10,14,37,63,102,132,143,157,152,149,137,112,110,55,44,35,51,87,50,18,7
41,50,36,18,15,35,58,101,116,130,143,130,125,122,120,107,103,64,14,42,107,34,13,10
34,53,26,9,14,71,102,106,122,133,152,141,140,124,112,109,105,102,63,73,106,39,3,0
14,53,13,5,51,98,106,111,110,116,129,129,129,109,109,113,109,102,75,56,83,20,4,5
12,14,13,11,79,105,114,117,115,105,109,118,106,106,122,126,132,122,106,48,55,11,12,0
3,5,9,52,83,107,107,111,106,109,100,75,97,92,109,116,119,113,103,66,14,8,13,10
6,12,13,51,100,104,106,96,104,89,78,69,54,75,104,110,121,118,109,69,14,9,2,4
7,9,8,63,102,105,105,107,93,63,58,47,54,66,84,104,118,123,110,73,37,12,14,10
11,10,9,64,100,73,89,86,74,68,52,46,47,50,51,63,87,95,93,68,55,11,8,8
12,10,13,53,71,78,66,59,56,54,47,42,38,47,49,54,70,76,96,77,41,12,3,2
10,8,14,56,66,105,88,62,57,58,56,50,41,53,58,59,70,79,87,59,43,10,6,1
12,12,37,54,104,116,72,60,55,52,50,30,43,47,50,54,64,71,94,167,99,27,11,9
6,9,16,56,175,141,59,54,50,38,22,16,17,27,37,47,30,50,66,124,93,51,12,11
0,11,13,48,55,53,28,11,8,9,3,2,2,5,13,21,37,36,51,52,59,55,19,11
6,1,2,15,26,34,12,12,9,3,0,0,0,3,7,13,10,13,22,40,57,32,27,7
0,0,6,11,13,12,12,3,0,7,4,3,3,7,6,8,9,0,12,38,25,47,50,13
0,0,0,10,11,11,8,8,8,6,10,6,2,5,10,5,9,0,0,8,38,46,52,14
0,0,0,0,0,0,0,1,1,4,2,4,8,6,0,4,6,11,8,2,12,50,38,31
0,0,0,0,7,2,0,10,11,7,6,3,6,10,12,11,11,13,8,8,13,18,20,22
0,1,5,6,10,8,7,11,14,12,11,0,8,12,12,14,10,3,5,9,10,0,21,16
7,9,1,0,9,12,14,13,11,0,4,9,8,11,12,12,1,4,13,7,0,7,11,13
2,9,12,12,7,5,6,9,0,6,9,3,5,6,17,4,1,12,10,0,5,13,9,0
7,7,14,11,9,0,6,10,10,4,0,4,3,9,4,0,5,11,0,4,10,3,8,7

4,0,5,4,0,5,0,0,7,8,5,6,2,10,4,3,2,7,1,1,4,3,10,0
10,5,9,14,14,13,11,30,50,51,54,56,52,47,13,1,12,1,0,10,11,4,2,0
10,7,12,18,42,48,71,101,78,92,87,70,101,77,50,27,21,14,29,32,18,0,11,2
2,5,11,13,27,57,89,103,107,112,113,105,98,80,63,13,4,7,9,6,1,0,0,6
0,0,0,7,10,12,71,76,108,107,101,73,86,60,60,52,22,11,4,7,0,0,0,6
0,0,0,8,5,9,37,50,63,62,61,50,50,42,41,34,42,37,6,0,0,0,0,3
2,5,8,4,14,5,11,36,54,57,65,46,16,39,46,51,46,26,13,4,0,0,0,0
0,0,0,6,9,4,7,13,16,51,57,61,25,8,45,58,69,65,51,14,12,7,8,2
0,0,0,13,22,57,5,9,10,0,11,14,56,56,61,84,119,152,88,47,2,11,0,0
0,0,12,51,63,52,51,52,51,51,64,67,78,87,104,85,115,102,71,57,12,14,6,4
2,0,13,48,52,55,67,85,77,64,79,72,85,118,117,110,90,76,72,58,31,8,3,4
2,6,32,57,63,59,73,115,118,106,96,96,106,144,154,131,104,42,61,68,51,14,3,0
10,13,49,59,60,81,89,116,138,153,144,155,149,144,136,119,97,20,17,54,46,15,0,5
10,26,66,57,47,53,92,111,128,168,190,216,179,160,142,115,99,29,4,50,47,9,0,0
2,15,52,13,46,50,68,113,121,130,172,210,196,178,163,127,52,6,0,7,13,0,1,7
14,59,52,22,38,59,68,119,131,127,134,188,210,196,151,114,69,2,0,12,9,11,16,12
29,53,54,55,49,24,102,139,125,116,137,149,210,179,127,81,66,14,9,6,10,31,9,6
11,34,35,22,27,50,68,121,130,136,165,173,150,187,167,105,58,37,29,26,26,19,8,3
12,95,52,14,31,58,100,118,124,152,169,178,167,131,119,117,84,46,22,21,42,39,13,8
28,52,48,34,25,57,63,126,147,152,158,186,191,163,138,122,110,77,14,30,55,56,7,8
36,42,34,18,13,28,70,109,127,131,165,170,174,150,143,127,93,38,19,37,60,39,6,5
32,54,40,10,14,37,64,102,132,143,156,152,148,137,111,110,56,44,35,51,88,50,18,7
42,50,36,18,15,35,58,101,116,130,143,130,125,122,120,107,103,65,14,43,107,35,13,10
34,52,26,9,14,70,102,106,122,133,152,141,140,124,112,109,105,102,63,75,106,39,3,0
14,53,13,5,51,97,106,111,110,116,130,129,129,109,109,113,109,102,76,56,84,21,4,5
13,14,13,11,78,105,114,117,115,105,109,118,106,106,122,126,132,122,105,50,55,11,12,0
4,5,9,52,83,107,107,111,106,109,100,75,96,93,109,116,120,113,103,67,14,8,13,10
6,12,13,51,100,104,106,96,104,89,78,69,54,74,104,110,121,117,109,69,14,9,2,4
6,9,8,63,102,105,105,107,92,63,58,46,54,65,83,104,118,123,109,73,38,12,14,10
11,10,9,64,100,74,88,86,74,69,52,46,47,50,51,63,87,95,94,68,55,11,8,8
12,10,13,53,71,78,66,59,56,54,47,42,38,47,49,54,70,76,96,77,40,12,3,2
10,8,14,56,65,105,88,62,56,58,57,50,43,53,58,60,70,79,87,59,43,10,6,2
12,13,38,54,104,117,72,60,55,52,50,31,44,45,50,54,63,71,94,168,99,27,11,9
7,9,17,56,175,141,60,54,50,38,22,16,17,27,36,47,30,50,66,124,93,51,12,11
0,11,13,47,55,53,29,11,8,9,3,2,2,5,13,21,37,36,51,52,59,55,19,11
6,1,2,15,25,35,12,12,9,3,0,0,0,3,7,13,10,13,22,39,57,33,27,7
0,0,6,11,13,12,12,3,0,7,4,3,3,7,6,8,9,0,12,39,25,46,50,13
0,0,0,10,11,12,8,8,8,6,10,6,2,5,10,5,9,0,0,8,40,47,52,14
0,0,0,0,0,0,0,1,1,4,2,4,8,6,0,4,6,11,8,2,12,50,38,31
0,0,0,0,7,2,0,10,11,7,6,3,5,11,12,11,11,13,8,8,13,19,20,22
0,1,4,6,10,8,7,11,14,12,11,0,8,12,12,14,10,3,5,9,10,0,21,16
7,9,1,0,9,12,14,13,11,0,4,9,8,11,12,12,1,4,13,7,0,7,11,13
2,9,12,12,7,5,5,9,0,6,9,3,5,5,17,4,1,11,10,0,4,13,9,0
7,7,14,11,9,0,6,10,10,4,0,4,3,9,4,0,5,11,0,4,10,3,8,7

4,0,5,4,0,5,0,0,7,8,6,6,2,10,4,3,2,7,1,1,4,3,10,0
10,5,10,13,14,13,11,30,50,51,55,57,52,47,13,1,12,1,0,10,11,4,2,0
10,7,12,20,42,47,70,101,77,91,87,70,101,78,50,27,22,14,29,32,20,0,11,2
2,5,11,13,27,57,89,103,107,112,113,105,99,79,63,13,4,7,9,6,1,0,0,6
0,0,0,7,10,12,71,76,108,107,101,73,86,60,60,52,22,11,4,7,0,0,0,5
0,0,0,8,5,9,37,50,63,61,61,50,50,42,41,34,43,37,6,0,0,0,0,3
2,5,8,4,14,5,11,36,54,56,65,42,15,40,44,51,47,26,13,4,0,0,0,0
0,0,0,6,10,5,7,13,16,51,56,60,20,8,43,58,69,65,51,14,12,7,8,2
0,0,0,13,25,57,5,9,10,0,11,14,56,55,61,84,119,152,88,47,2,11,0,0
0,0,12,51,63,52,52,52,51,51,64,66,78,86,104,85,115,102,71,57,12,14,5,4
2,0,13,48,52,55,67,85,77,64,79,71,84,117,116,109,89,76,72,58,32,8,3,4
2,6,32,57,63,59,73,115,118,106,96,96,105,143,153,130,104,42,61,68,51,14,3,0
10,13,48,59,59,80,89,116,137,153,144,153,148,143,135,119,96,19,17,54,46,15,0,5
10,26,66,56,50,53,92,111,128,169,191,215,175,158,141,115,100,31,4,50,47,9,0,0
2,14,51,13,46,50,67,113,121,130,172,209,195,178,163,127,53,6,0,6,13,0,1,7
14,59,51,20,41,59,69,120,131,127,135,189,211,198,153,115,71,2,0,12,9,11,16,12
28,53,54,55,48,27,102,140,125,117,139,151,210,180,130,82,66,15,9,6,10,30,9,6
11,34,35,22,28,50,69,121,131,139,169,176,151,184,168,108,58,38,30,27,26,19,8,3
11,94,52,14,32,58,100,118,126,155,172,180,169,132,119,118,85,46,22,21,43,38,13,8
27,52,48,35,25,57,63,127,148,155,161,188,193,164,139,122,110,77,14,31,54,56,7,8
36,41,33,18,13,27,71,110,128,132,168,173,176,152,143,127,93,37,18,37,60,37,6,5
32,54,43,10,14,36,63,102,133,144,158,154,150,138,112,109,54,43,34,50,87,50,18,7
41,50,37,18,14,34,56,101,116,130,144,130,125,123,120,106,102,63,14,42,107,34,13,10
35,54,25,9,13,69,102,106,121,133,151,141,140,123,112,109,105,102,63,73,106,39,3,0
14,52,13,5,50,96,106,110,110,115,129,128,129,108,109,113,108,102,75,55,83,20,4,5
13,14,13,11,79,105,114,117,115,105,109,118,106,106,122,126,132,122,106,50,55,11,12,0
4,5,9,53,83,107,107,111,106,109,100,74,96,93,109,116,119,113,103,67,14,8,13,10
6,12,13,51,100,104,106,96,104,88,79,69,54,75,104,109,121,117,109,68,14,9,2,4
7,9,8,63,102,105,105,107,92,63,58,46,53,65,83,104,118,123,109,72,38,12,14,11
11,10,9,64,100,73,88,86,74,69,52,46,47,50,51,63,87,95,93,67,55,11,8,8
12,10,13,53,71,78,66,59,56,54,47,42,38,47,49,54,70,76,96,77,41,12,3,2
10,8,14,56,65,105,88,62,57,58,57,50,43,53,58,60,70,79,87,59,43,10,6,2
12,13,37,54,104,117,72,60,55,53,50,31,43,45,51,54,63,71,94,168,99,27,11,9
6,10,18,56,176,141,59,54,50,38,22,17,17,27,39,48,30,50,67,124,93,51,12,11
0,11,13,48,55,53,28,12,8,9,3,2,2,5,13,21,38,37,51,52,59,55,19,11
6,1,2,15,26,35,12,12,9,3,0,0,0,3,7,13,10,13,21,39,57,32,27,7
0,0,7,11,13,12,12,3,0,7,4,3,3,7,6,8,9,0,12,39,25,46,50,13
0,0,0,10,11,12,8,8,8,6,10,6,2,5,10,5,9,0,0,8,38,46,52,14
0,0,0,0,0,0,0,1,1,4,2,4,8,6,0,4,6,12,8,2,12,50,38,31
0,0,0,0,7,2,0,10,11,7,6,3,6,11,12,11,11,13,8,8,13,18,20,22
0,1,5,6,10,8,7,11,14,12,11,0,8,12,12,14,10,3,5,9,10,0,21,16
7,9,2,0,9,12,14,13,11,0,4,9,8,11,12,12,1,4,13,7,0,7,11,13
2,9,12,12,8,5,5,9,0,6,9,3,5,5,16,4,1,11,10,0,5,13,9,0
7,7,14,11,9,0,6,10,10,4,0,4,3,9,4,0,5,11,0,4,10,3,8,7

4,0,5,4,0,5,0,0,7,8,5,7,2,10,4,3,2,7,1,1,4,3,10,0
10,5,10,14,14,13,11,31,50,51,55,57,52,50,13,1,12,1,0,10,11,4,2,0
10,8,12,21,42,45,70,101,78,91,87,70,101,78,50,28,21,14,28,32,20,0,11,2
3,5,11,13,28,57,89,103,107,112,113,105,99,80,63,14,4,7,9,6,1,0,0,7
0,0,0,7,10,12,71,76,107,107,101,73,87,60,60,52,22,11,4,7,0,0,0,6
0,0,0,8,5,9,38,50,63,62,61,50,50,42,41,34,43,37,6,0,0,0,0,3
3,5,8,4,14,5,11,37,54,56,65,41,14,40,45,51,46,27,13,4,0,0,0,0
0,0,0,6,9,5,7,13,16,51,56,60,20,8,43,58,69,65,51,14,12,7,8,2
0,0,0,13,24,57,5,10,10,0,11,14,55,55,61,83,119,152,88,47,2,11,0,0
0,0,12,50,63,52,51,52,51,51,64,66,78,86,104,85,114,102,71,56,12,14,5,4
2,0,13,48,52,55,67,85,77,64,79,71,85,117,116,109,89,76,72,58,31,8,3,4
1,6,32,56,63,59,73,115,117,105,95,95,105,143,153,130,104,42,60,68,51,14,3,0
10,13,48,60,60,80,89,116,136,151,143,153,147,143,135,119,97,19,18,54,46,15,0,5
10,26,66,56,47,53,91,111,127,166,189,213,174,157,141,115,99,30,4,47,47,9,0,0
2,15,51,13,45,50,68,112,120,128,171,208,195,178,163,127,54,6,1,6,13,1,1,7
14,59,51,22,42,59,69,120,131,127,136,189,211,199,153,115,72,2,0,12,9,11,16,12
30,53,54,56,48,26,103,141,125,118,140,152,208,181,132,83,67,16,9,6,10,29,9,6
11,34,34,22,28,50,69,121,132,141,172,178,152,182,168,110,59,38,30,27,26,19,8,3
11,94,52,14,32,59,100,119,126,157,174,182,171,133,120,119,86,46,22,21,42,39,13,8
27,52,48,35,26,58,64,127,149,156,162,189,195,166,139,123,110,77,14,31,54,56,7,8
36,42,34,18,14,27,72,110,128,133,170,174,178,154,144,127,93,39,19,37,60,38,6,5
33,54,41,10,14,35,62,102,133,145,160,156,151,139,113,109,53,42,34,51,88,50,18,7
42,50,36,18,14,33,56,101,116,131,144,131,126,123,120,106,102,62,14,43,107,34,13,10
33,52,25,8,13,69,102,106,121,133,151,141,140,123,112,109,105,102,62,73,105,38,3,0
14,52,13,5,48,96,106,110,109,115,128,128,128,108,109,113,108,102,75,55,82,20,4,5
13,14,13,11,78,105,114,117,115,105,109,117,106,106,122,126,131,122,106,49,54,11,12,0
4,5,9,52,83,107,107,111,106,109,100,74,95,91,109,115,119,113,103,67,14,8,13,10
6,12,13,51,100,104,106,96,104,89,80,69,54,75,104,109,121,118,109,68,14,9,2,4
7,9,8,63,102,105,105,107,92,62,58,46,53,65,83,104,118,123,109,72,38,12,14,10
11,10,9,64,100,73,88,86,74,68,52,46,47,50,51,63,87,95,93,67,55,11,8,8
12,10,13,53,71,78,66,59,56,54,47,41,38,46,49,54,70,75,95,77,41,12,3,2
10,8,14,56,65,105,88,62,57,58,56,50,42,53,58,60,70,79,87,59,43,10,6,2
12,13,38,54,104,116,72,60,55,53,50,30,44,46,50,54,63,70,94,168,99,27,11,9
6,10,19,56,176,141,59,54,50,38,22,16,18,26,39,48,30,50,66,123,93,51,12,11
0,11,13,49,56,53,28,12,8,9,3,2,2,5,13,21,37,37,51,52,59,55,19,11
6,1,2,15,26,36,12,12,9,3,0,0,0,3,7,13,10,13,21,39,57,33,27,7
0,0,7,11,13,12,12,3,0,7,4,3,3,7,6,8,9,0,12,38,25,46,50,13
0,0,0,10,11,11,8,8,8,6,10,6,2,5,10,5,9,0,0,8,38,46,52,14
0,0,0,0,0,0,0,1,1,4,2,4,8,6,0,4,6,12,8,2,12,50,38,31
0,0,0,0,7,2,0,10,10,7,6,3,6,11,12,11,11,13,8,8,13,19,21,22
0,1,5,6,10,8,7,11,14,12,11,0,8,12,11,14,10,3,5,9,10,0,21,16
7,9,2,0,9,12,14,13,11,0,4,9,8,12,12,12,1,4,13,7,0,7,11,13
2,9,12,12,8,5,6,9,0,6,9,3,5,6,17,4,1,11,10,0,4,13,9,0
7,7,14,11,9,0,6,10,10,4,0,4,3,9,4,0,5,11,0,4,10,3,8,7

4,0,5,4,0,5,0,0,7,8,5,7,2,10,4,3,2,7,1,1,4,3,10,0
10,5,10,13,14,13,11,30,50,51,54,57,52,47,13,1,12,1,0,10,11,4,2,0
10,7,12,18,39,45,70,101,77,91,87,70,101,78,47,27,21,14,28,32,20,0,11,2
3,5,11,13,28,57,89,103,107,112,113,105,99,80,63,13,4,7,9,6,1,0,0,7
0,0,0,7,10,12,71,76,108,107,101,73,87,60,60,52,22,11,4,7,0,0,0,6
0,0,0,9,5,9,38,50,63,62,61,50,50,42,41,34,42,36,6,0,0,0,0,3
3,6,8,4,14,5,11,36,54,56,65,41,14,39,45,51,46,26,13,4,0,0,0,0
0,0,0,6,9,5,7,13,15,51,56,60,20,8,43,58,69,65,51,14,12,7,8,2
0,0,0,13,24,57,5,10,10,0,11,14,55,55,61,83,118,150,87,46,2,10,0,0
0,0,12,50,63,52,51,52,51,51,64,66,78,87,104,85,114,102,71,56,12,14,5,4
2,0,13,48,52,55,67,85,77,64,79,71,85,117,116,109,89,76,72,58,31,8,4,4
1,6,32,57,63,59,73,115,118,106,96,96,105,143,153,130,104,42,60,68,51,14,4,0
10,13,48,59,60,80,89,116,137,153,144,154,148,143,135,119,96,20,17,54,46,15,0,5
10,25,66,56,47,53,91,111,127,168,190,214,175,157,141,115,99,30,4,47,47,9,0,0
2,15,51,13,43,50,67,112,120,129,171,208,195,178,163,127,53,6,0,7,13,1,1,7
14,59,51,22,41,59,69,120,131,126,136,188,211,198,153,115,71,2,0,12,9,11,16,12
30,54,54,55,48,28,103,140,125,118,140,152,209,181,132,82,67,16,9,6,10,31,9,6
11,34,35,22,28,50,69,121,131,140,171,178,152,182,167,109,58,38,30,27,26,19,8,3
11,94,52,14,32,58,100,119,126,156,174,181,171,133,120,118,85,46,22,21,43,39,13,8
27,52,48,35,27,58,63,127,149,156,162,189,195,166,139,123,110,77,14,31,54,56,7,8
36,41,33,18,14,28,72,110,128,133,169,174,177,154,144,127,93,37,18,37,60,38,6,5
32,54,42,10,14,36,63,102,133,145,160,155,151,139,113,109,54,43,34,50,88,50,18,7
42,50,37,18,14,34,56,101,116,130,144,131,126,123,120,106,102,63,14,42,107,34,13,10
37,54,25,9,13,69,102,106,121,133,151,141,140,124,112,109,105,102,63,76,106,38,3,0
14,53,13,5,50,97,106,110,110,115,129,128,128,108,109,113,108,102,75,55,83,21,4,5
13,14,13,11,80,105,114,117,115,105,109,117,106,107,122,126,132,122,106,49,55,11,12,0
4,5,9,51,83,107,107,111,106,109,100,74,95,91,109,116,119,113,103,66,14,8,13,9
6,12,13,50,100,104,106,95,104,88,79,69,54,74,104,109,121,117,109,68,14,9,2,4
7,9,8,63,102,105,105,107,92,62,57,45,54,66,84,104,118,123,109,72,38,12,14,10
11,10,9,64,100,73,88,86,74,68,52,46,47,50,51,63,87,95,93,67,55,11,8,8
12,10,13,53,71,78,66,59,56,54,47,42,38,47,49,54,70,76,95,77,41,11,3,2
10,8,14,56,65,105,88,62,57,58,57,50,41,53,58,60,70,78,87,59,43,10,6,2
12,13,39,54,104,117,72,60,55,53,50,30,44,46,50,54,63,70,94,168,99,27,11,9
6,10,18,56,176,141,59,54,50,37,22,16,17,26,36,49,30,50,67,123,93,51,12,11
0,11,13,47,55,53,28,12,8,9,3,2,2,5,13,21,38,36,52,52,59,55,19,11
6,1,3,15,26,36,12,12,9,3,0,0,0,3,7,13,10,13,22,39,57,33,27,7
0,0,7,11,13,12,12,3,0,7,4,3,3,7,6,8,9,0,12,39,25,46,50,13
0,0,0,10,11,11,8,8,8,6,10,6,2,5,10,5,9,0,0,8,38,47,52,14
0,0,0,0,0,0,0,1,1,4,2,4,8,6,0,4,7,12,8,2,12,50,38,31
0,0,0,0,7,2,0,10,11,7,6,3,5,10,12,11,11,13,8,8,13,19,19,22
0,1,5,6,10,8,7,11,14,12,11,0,8,12,12,15,10,3,5,9,10,0,21,16
7,9,2,0,9,12,14,13,11,0,4,9,8,12,12,12,1,4,13,7,0,7,11,13
2,9,12,12,8,5,5,9,0,6,9,3,5,6,17,4,1,12,10,0,5,13,9,0
7,7,14,11,9,0,6,10,10,4,0,4,3,9,4,0,5,11,0,4,10,3,8,7

4,0,5,4,0,5,0,0,7,8,6,7,2,10,4,3,2,7,1,1,4,3,10,0
10,5,10,13,14,13,11,30,51,51,54,57,52,48,13,1,12,1,0,10,11,4,2,0
10,7,12,20,42,47,70,101,78,92,88,70,101,78,47,27,21,14,29,32,21,0,11,2
3,5,11,13,28,57,89,103,107,112,113,105,98,80,63,14,4,7,9,6,1,0,0,7
0,0,0,7,10,12,71,76,108,107,101,73,87,60,60,52,23,11,4,7,0,0,0,6
0,0,0,9,5,9,38,50,63,62,61,50,50,42,41,34,41,36,6,0,0,0,0,3
3,6,8,4,14,5,11,36,54,57,65,44,15,38,45,51,45,25,13,4,0,0,0,0
0,0,0,6,9,5,7,13,16,51,57,60,21,8,42,58,69,65,51,14,12,7,8,2
0,0,0,13,26,57,5,10,10,0,11,14,56,56,61,83,118,150,87,47,2,11,0,0
0,0,12,51,63,52,51,52,51,51,64,66,78,87,104,85,114,102,71,56,12,14,5,4
2,0,13,49,52,55,67,85,77,64,79,71,85,117,116,109,89,76,72,58,32,8,3,4
2,6,33,57,63,59,73,115,118,106,95,96,105,143,153,131,104,42,61,68,51,14,4,0
10,13,48,61,60,80,89,116,137,152,143,154,148,143,135,119,96,20,17,54,46,15,0,5
10,26,66,56,48,53,92,111,127,167,190,215,176,158,141,115,99,29,4,48,48,9,0,0
2,14,51,14,46,50,68,113,120,129,171,209,195,178,163,127,53,6,0,7,13,1,1,7
14,59,51,22,39,59,69,119,131,126,135,188,210,198,152,115,71,2,0,12,9,11,16,12
31,53,54,55,48,27,102,140,125,117,138,150,209,180,130,82,66,15,9,6,10,31,9,6
11,34,34,22,28,50,69,121,130,139,169,176,151,183,167,107,58,38,30,27,26,19,8,3
12,94,53,14,33,58,100,118,125,154,172,180,169,132,119,118,85,46,23,22,43,39,14,9
27,52,49,34,26,58,63,126,148,155,161,188,193,165,139,122,110,77,14,32,55,56,7,8
36,41,34,18,14,28,72,110,128,132,168,173,177,152,143,127,93,38,19,37,60,39,6,5
32,53,42,10,14,36,63,102,133,144,158,154,150,138,112,109,54,43,34,51,88,50,18,7
42,50,36,18,14,34,57,101,116,130,144,130,125,123,120,106,102,64,14,43,107,34,13,10
35,52,25,9,13,70,102,106,121,133,151,141,140,124,112,109,105,102,63,75,106,39,3,0
14,52,13,5,50,96,106,110,110,115,129,128,129,108,109,113,108,102,75,56,83,21,4,5
13,14,13,11,79,105,114,117,114,105,109,117,106,107,122,126,132,122,106,50,55,11,12,0
4,5,9,52,83,107,107,111,106,109,100,75,95,92,109,116,119,113,103,67,14,8,13,10
6,12,13,51,100,104,106,96,104,89,79,69,54,74,104,109,121,117,109,69,14,9,2,4
7,9,8,63,102,105,105,107,92,63,58,46,53,65,83,104,118,123,109,72,38,12,14,11
11,10,9,64,100,73,88,86,74,68,52,46,47,50,51,63,87,95,93,67,55,11,8,8
12,10,13,53,71,78,66,59,56,54,47,42,38,46,49,55,70,75,96,77,41,12,4,2
10,8,14,56,65,105,88,62,57,58,57,50,42,53,58,60,70,78,87,59,43,10,6,2
12,13,38,54,104,117,72,60,55,52,50,30,44,47,51,54,64,71,94,168,99,27,11,9
6,10,18,56,176,141,60,54,50,37,22,16,18,26,38,49,30,50,67,123,93,51,13,11
0,11,13,47,55,53,29,12,8,9,3,2,2,5,13,21,38,37,52,52,59,55,19,11
6,1,2,15,26,35,12,12,9,3,0,0,0,3,7,13,10,13,21,40,57,33,27,7
0,0,7,11,13,12,12,3,0,7,4,3,4,7,6,8,9,0,12,39,25,46,50,13
0,0,0,10,11,11,8,8,8,6,10,6,2,5,10,5,9,0,0,8,40,47,52,14
0,0,0,0,0,0,0,1,1,4,2,4,8,6,0,5,6,11,8,2,12,50,38,31
0,0,0,0,7,2,0,10,10,7,6,3,6,10,12,11,11,13,8,8,13,19,21,22
0,1,5,6,10,8,7,11,14,12,11,0,8,12,12,14,10,3,5,9,10,0,21,16
7,9,2,0,9,12,14,13,11,0,4,9,8,11,12,12,1,4,13,7,0,7,11,13
2,9,12,12,8,5,6,9,0,6,9,3,5,5,16,4,1,11,10,0,4,13,9,0
7,7,14,11,9,0,6,10,10,4,0,4,3,9,4,0,5,11,0,4,10,3,8,7

4,0,5,4,0,5,0,0,7,8,5,7,2,10,4,3,2,7,1,1,4,3,10,0
10,5,10,13,14,13,11,30,50,51,54,57,52,48,13,1,12,1,0,10,11,4,2,0
10,8,12,21,42,45,70,101,78,92,87,70,101,78,50,27,22,14,29,32,20,0,11,2
3,5,11,13,28,57,89,103,107,112,113,105,98,80,63,13,4,7,9,6,1,0,0,7
0,0,0,7,11,13,71,76,108,107,101,74,87,60,60,52,22,11,4,7,0,0,0,6
0,0,0,9,6,9,38,50,63,62,62,50,50,42,41,34,42,36,6,0,0,0,0,3
3,6,8,4,14,5,11,38,54,57,66,48,17,41,45,51,46,25,13,4,0,0,0,0
0,0,0,6,10,5,7,13,17,51,57,61,22,8,43,58,69,65,51,14,12,7,8,2
0,0,0,13,27,57,5,10,10,0,12,14,56,56,61,84,119,151,88,48,2,11,0,0
0,0,12,51,63,53,52,52,51,51,65,67,78,87,104,85,115,102,72,57,12,14,5,4
3,0,13,48,53,55,67,85,77,64,79,71,85,117,115,109,90,77,72,58,33,8,3,4
2,6,33,57,63,60,73,115,118,106,96,96,105,143,152,131,104,44,61,68,51,14,4,0
10,13,48,60,60,81,89,116,138,154,144,155,148,143,135,119,97,20,18,54,46,15,0,5
10,27,68,57,50,53,92,111,128,169,191,217,178,159,141,115,99,34,4,50,50,9,0,0
2,15,51,13,46,50,68,113,121,130,172,210,196,178,163,127,53,6,0,7,13,1,1,7
14,59,51,22,39,59,68,119,130,126,134,188,209,196,151,114,70,2,0,12,9,11,16,12
29,53,53,55,48,26,102,139,124,116,137,149,208,179,128,81,66,14,9,6,10,31,9,6
11,34,34,22,28,50,68,120,130,137,166,174,149,183,166,105,58,37,29,26,26,19,8,3
12,96,52,14,31,58,100,118,124,152,170,179,168,132,119,117,84,46,22,22,43,39,14,9
27,52,48,34,25,57,63,126,147,153,159,186,192,163,138,122,109,76,14,31,55,57,7,8
36,42,33,18,13,27,71,109,127,131,166,171,175,151,143,127,93,38,19,37,61,40,6,5
33,54,41,10,14,37,63,102,132,143,157,152,149,137,112,110,56,44,35,51,88,50,18,7
41,50,37,18,15,35,58,101,116,130,143,130,125,122,120,107,103,64,14,42,107,34,13,10
35,53,26,9,14,71,102,106,121,133,151,141,140,124,112,109,105,102,63,76,106,39,3,1
14,52,13,5,52,97,106,111,110,115,129,129,129,109,109,113,108,102,76,56,83,21,4,5
13,14,13,12,80,105,114,117,115,105,109,118,106,107,122,126,132,122,106,50,55,11,12,0
4,5,9,53,83,107,107,111,106,109,100,75,95,92,109,116,119,113,103,67,14,8,13,10
7,12,13,52,100,104,106,96,104,89,78,70,54,75,104,110,121,117,109,69,14,9,2,4
7,9,8,63,102,105,105,107,92,63,58,45,54,65,83,104,118,123,109,72,38,12,14,11
11,10,10,64,100,74,88,86,74,68,52,46,47,50,51,63,87,95,93,67,55,11,8,8
12,10,13,53,71,78,66,59,56,54,47,42,38,46,49,54,70,76,95,77,41,11,3,2
10,9,14,56,66,105,88,62,57,58,57,50,44,53,59,60,70,79,87,59,43,10,6,2
12,13,39,54,104,117,73,60,55,52,50,30,44,47,51,54,64,71,94,168,99,27,11,9
6,10,19,55,176,142,60,54,50,38,22,16,17,25,37,49,30,50,67,124,93,51,13,11
0,11,13,46,55,53,29,12,8,9,3,2,2,5,13,21,37,36,52,52,59,55,19,11
6,1,3,15,26,37,12,12,9,3,0,0,0,3,7,13,10,13,22,40,57,32,27,7
0,0,7,11,13,12,12,3,0,7,4,3,4,7,6,8,9,0,12,39,25,46,50,13
0,0,0,10,11,12,8,8,8,6,10,6,2,5,10,5,9,0,0,8,39,48,52,14
0,0,0,0,0,0,0,1,1,4,2,4,8,6,0,5,6,11,8,1,12,50,38,31
0,0,0,0,7,2,0,10,10,7,6,3,5,10,12,11,11,12,8,8,13,19,20,22
0,1,5,6,10,8,7,12,14,12,11,0,8,12,11,14,10,3,5,9,10,0,21,16
7,9,2,0,9,12,14,13,11,0,4,9,8,11,12,12,1,4,13,7,0,7,11,13
2,9,12,12,8,5,5,9,0,6,8,3,5,5,17,4,1,11,10,0,4,13,9,0
7,7,14,11,9,0,6,10,10,4,0,4,3,9,4,0,5,11,0,4,10,3,8,7

4,0,5,4,0,5,0,0,7,8,5,7,2,10,4,3,2,7,1,1,4,3,10,0
10,5,10,14,14,13,11,31,50,51,54,57,52,50,13,1,12,1,0,10,11,4,2,0
10,7,12,21,42,45,70,101,78,92,88,70,101,78,48,27,21,14,29,32,20,0,11,2
3,5,11,13,29,57,90,103,107,112,113,105,99,80,63,14,4,7,9,6,1,0,0,7
0,0,0,7,11,12,71,76,108,107,101,74,87,60,60,52,22,11,4,7,0,0,0,6
0,0,0,9,6,9,39,50,63,62,62,50,50,43,41,34,43,36,6,0,0,0,0,3
3,6,8,4,14,5,11,40,54,57,66,50,16,38,45,51,46,26,13,4,0,0,0,0
0,0,0,7,10,5,7,13,18,51,57,61,24,8,44,58,69,65,51,14,12,7,8,2
0,0,0,13,28,58,5,10,10,0,12,14,56,56,61,84,119,151,88,47,2,11,0,0
0,0,12,51,63,53,52,52,51,51,65,67,79,87,104,85,115,103,71,57,12,14,5,4
3,0,14,50,53,55,67,85,77,64,79,72,85,117,115,109,90,77,72,58,32,8,3,4
2,6,33,57,63,59,73,115,118,106,96,96,105,143,152,131,104,43,61,68,51,14,4,0
10,13,50,60,60,81,90,116,137,153,143,155,149,143,135,119,97,20,18,54,46,15,0,5
10,27,67,57,50,53,92,112,128,169,190,217,179,159,141,115,100,34,4,50,50,9,0,0
2,15,51,14,46,50,68,113,121,130,173,210,196,178,163,126,53,6,0,7,13,1,1,7
14,59,52,22,41,59,68,119,130,126,134,187,209,196,151,114,70,2,0,12,9,11,16,12
29,53,54,55,47,26,102,139,125,116,136,149,209,179,127,81,66,15,9,6,10,31,9,6
11,34,34,22,28,50,68,120,130,136,166,173,149,185,166,104,57,37,29,26,26,20,8,3
12,94,52,14,31,58,100,118,124,152,169,178,167,131,118,117,83,45,22,22,43,39,14,9
27,52,48,34,25,57,63,126,147,152,158,186,191,162,138,122,109,76,14,31,55,57,7,8
36,41,33,18,13,27,71,109,126,131,165,170,175,150,142,127,93,37,18,38,60,40,6,5
34,54,43,10,16,38,65,102,132,143,156,152,148,137,112,110,57,44,35,51,89,50,18,7
41,50,36,18,15,35,59,101,116,130,143,130,125,122,120,107,103,65,14,43,107,34,13,10
37,52,27,9,14,71,102,106,122,133,151,141,140,124,112,110,106,102,64,76,106,40,3,0
14,54,14,5,51,97,106,111,110,116,129,129,129,109,109,113,109,102,76,56,83,21,4,5
13,14,13,12,79,105,114,117,115,105,109,118,106,107,122,126,132,122,106,51,55,11,12,0
4,5,9,52,83,107,107,111,106,109,100,75,95,93,109,116,119,113,103,67,14,8,13,10
7,12,13,51,100,104,106,96,104,89,78,70,54,75,104,110,121,118,109,69,14,9,2,4
7,9,8,63,102,105,105,107,92,63,57,47,53,65,84,104,118,123,109,72,38,12,14,11
11,10,10,64,100,74,89,86,74,69,52,46,47,50,51,63,87,95,93,68,55,11,9,8
12,10,13,53,71,78,66,59,56,54,47,41,39,47,49,54,70,76,95,77,41,11,4,2
10,9,15,56,65,105,88,62,57,58,57,50,44,53,59,60,70,79,87,59,43,10,6,2
12,13,39,54,104,117,73,61,55,52,50,30,44,47,51,54,64,71,95,169,99,27,11,9
6,10,17,56,176,142,60,54,50,38,22,16,17,27,38,49,30,50,67,124,93,51,13,11
0,11,13,47,55,53,29,12,8,9,3,2,1,5,13,21,39,37,52,52,59,55,19,11
6,2,3,15,26,37,12,12,9,3,0,0,0,3,7,13,10,13,22,39,57,32,27,7
0,0,7,11,13,12,12,3,0,7,4,3,4,7,7,8,9,0,12,39,25,46,50,13
0,0,0,10,11,12,8,8,8,6,10,6,2,5,10,5,9,0,0,8,39,48,52,14
0,0,0,0,0,0,0,1,1,4,2,4,8,6,0,4,7,11,8,1,12,50,38,31
0,0,0,0,7,2,0,10,10,7,6,3,6,10,12,11,11,12,8,8,13,20,20,22
0,1,5,6,10,8,7,12,14,12,11,0,8,12,12,14,10,3,5,9,10,0,21,16
7,9,2,0,10,12,14,13,11,0,4,9,9,12,12,12,1,4,13,7,0,7,11,13
2,9,12,12,8,5,5,9,0,6,8,3,5,6,17,4,1,12,10,0,4,13,9,0
7,7,14,11,9,0,6,10,10,3,0,4,3,9,4,0,5,11,0,3,10,3,8,7

4,0,5,4,0,5,0,0,7,8,5,7,3,10,4,3,2,7,1,1,4,3,10,0
10,5,10,13,14,13,11,31,50,51,54,57,52,47,13,1,12,1,0,10,11,4,2,0
10,7,12,20,40,45,71,101,77,92,88,70,101,78,48,26,21,14,28,33,21,0,11,2
3,5,11,13,29,57,89,103,107,112,113,105,99,80,63,14,4,7,9,6,1,0,0,7
0,0,0,7,11,12,71,76,108,107,101,74,87,60,60,52,23,12,4,7,0,0,0,6
0,0,0,9,6,9,38,50,63,62,62,50,50,42,41,34,42,36,6,0,0,0,0,3
3,6,8,4,14,5,11,39,54,57,66,50,18,39,45,51,46,25,13,4,0,0,0,0
0,0,0,6,10,5,7,13,18,51,57,61,24,9,46,58,69,65,51,14,12,7,8,2
0,0,0,13,28,58,5,10,10,0,12,14,56,56,61,84,119,151,88,47,2,11,0,0
0,0,12,51,63,53,52,52,51,52,65,67,79,87,104,85,115,102,71,57,12,14,6,4
3,0,14,50,53,55,67,85,77,64,79,72,85,117,115,109,90,77,72,58,32,8,3,4
2,6,35,57,64,60,73,115,118,106,97,97,105,143,153,131,105,46,61,68,51,14,3,0
10,14,50,61,60,81,90,116,138,155,144,155,149,143,135,119,98,21,18,54,47,16,0,5
10,26,66,57,50,53,92,112,129,170,191,218,178,159,141,115,99,33,4,50,50,9,0,0
2,14,50,14,46,50,68,113,121,131,173,211,196,178,162,126,53,6,0,7,13,1,1,7
14,59,51,22,39,59,68,119,131,126,134,188,209,196,150,114,70,2,0,12,9,11,15,12
29,53,54,55,47,26,102,138,125,116,136,149,210,178,127,81,66,14,9,6,10,31,9,6
11,34,34,22,28,50,68,120,130,136,165,173,149,185,166,104,57,37,29,26,26,19,8,3
12,95,52,14,31,58,100,118,124,151,169,178,167,131,118,117,83,45,22,22,43,39,14,9
27,52,48,33,24,57,63,125,146,152,157,186,191,162,137,121,109,76,14,30,55,57,7,8
36,41,33,18,13,27,71,109,126,131,165,170,174,150,142,127,93,37,18,38,61,40,6,5
32,54,41,10,15,38,64,102,132,143,155,151,148,137,111,110,56,44,35,51,89,50,18,7
41,50,36,18,15,35,58,101,116,130,143,129,125,122,120,107,103,65,14,42,107,35,13,10
35,53,26,9,14,71,102,106,122,133,151,141,140,124,112,110,106,102,64,76,106,39,3,0
14,53,14,5,52,97,106,111,110,115,129,129,129,109,109,113,109,102,77,56,84,21,4,5
13,14,13,12,80,105,114,117,115,105,109,118,106,107,122,126,132,122,106,50,55,11,12,0
4,5,9,53,83,107,107,111,106,109,100,75,96,94,109,116,119,113,103,67,14,8,13,10
7,12,13,52,100,104,106,96,104,89,78,70,54,75,104,110,121,117,109,69,14,9,2,4
7,9,9,63,102,106,105,107,92,63,58,46,54,65,84,104,118,123,109,72,38,12,14,10
11,10,10,64,100,74,88,86,74,68,52,46,47,50,51,63,87,95,93,67,55,11,8,8
12,10,13,53,71,78,67,59,56,54,47,41,38,46,49,54,70,75,95,77,41,11,4,2
10,9,14,56,65,105,88,62,57,58,58,50,41,53,58,60,70,79,87,59,43,10,7,2
12,13,39,54,104,117,73,61,55,53,50,31,42,47,51,54,64,71,95,169,99,27,11,9
6,10,19,55,176,142,60,54,50,37,22,16,18,26,38,50,30,50,67,123,93,51,12,11
0,12,13,46,55,53,28,12,8,9,3,2,1,5,13,21,38,37,52,52,59,55,19,11
6,1,3,14,26,35,12,12,9,3,0,0,0,3,7,13,10,13,22,39,57,32,27,7
0,0,7,11,13,12,12,3,0,7,4,3,3,7,7,7,10,1,12,39,25,47,50,13
0,0,0,10,11,12,8,8,8,6,10,6,2,5,10,4,10,0,0,8,40,48,52,14
0,0,0,0,0,0,0,1,1,4,2,4,8,6,0,4,6,11,8,1,12,50,39,31
0,0,0,0,7,2,0,10,11,7,6,3,6,10,12,11,11,12,8,8,13,20,20,22
0,1,5,6,10,8,7,12,14,12,11,0,8,12,11,14,10,3,5,9,10,0,21,16
7,9,2,0,9,12,14,13,11,0,4,9,9,11,12,12,1,3,13,7,0,7,11,13
2,9,12,12,8,5,6,8,0,6,9,3,5,6,16,4,1,11,10,0,4,13,9,0
7,7,14,11,9,0,6,10,10,3,0,4,3,9,4,0,5,11,0,4,10,3,8,7

4,0,5,4,0,5,0,0,7,8,5,7,2,10,4,3,2,7,1,1,4,3,10,0
10,5,10,13,14,13,12,31,50,51,55,57,52,47,13,1,12,1,0,10,11,4,2,0
10,8,12,20,42,47,70,101,77,92,88,70,101,78,50,28,21,14,29,31,21,0,11,2
3,5,11,13,29,57,89,103,107,112,113,105,98,80,63,13,4,7,9,6,1,0,0,7
0,0,1,7,11,12,71,76,108,107,101,74,87,60,60,52,22,11,4,7,0,0,0,6
0,0,0,9,6,9,39,50,63,62,61,50,50,42,41,34,43,37,6,0,0,0,0,3
3,6,9,4,14,5,11,40,54,57,66,50,16,41,46,51,47,27,13,4,0,0,0,0
0,0,0,6,10,5,7,13,18,51,57,61,23,9,45,58,70,65,51,14,12,7,8,2
0,0,0,14,31,58,5,10,10,0,12,15,56,56,61,84,119,151,88,48,2,11,0,0
0,0,12,51,63,53,52,52,51,52,65,67,79,87,104,85,115,102,71,56,12,14,6,4
3,0,14,50,53,55,67,86,78,64,79,72,86,117,116,110,90,77,72,58,32,8,3,4
2,6,36,57,63,60,73,115,118,106,96,97,106,143,153,131,105,44,61,68,51,14,3,0
10,14,50,60,60,81,90,117,138,154,144,155,149,143,135,119,97,21,18,54,46,15,0,5
10,27,68,57,50,54,92,111,129,170,191,217,179,159,142,115,100,33,4,50,50,9,0,0
2,14,51,14,47,50,68,113,121,131,173,211,196,178,163,127,54,6,0,7,13,1,1,7
14,59,52,22,39,59,68,119,131,126,134,188,209,196,151,114,70,2,0,12,9,11,15,12
29,53,53,55,46,25,102,138,125,116,137,149,208,179,127,81,66,14,9,6,10,31,9,6
11,34,34,22,28,50,68,120,130,136,166,173,150,185,167,105,57,37,29,26,26,19,8,3
11,94,53,14,31,58,100,118,124,152,169,178,167,131,118,117,83,45,22,21,43,39,14,9
25,52,48,33,24,57,63,125,146,152,158,186,191,162,138,121,109,76,14,29,54,57,7,8
36,41,34,18,13,27,71,109,126,131,165,170,175,150,142,127,92,38,18,38,60,39,7,5
32,54,42,10,15,38,64,102,132,143,156,151,148,137,111,110,56,44,35,51,89,50,18,7
42,50,37,18,15,35,58,101,116,130,143,129,125,122,120,107,103,65,14,43,107,35,13,10
34,52,27,9,14,71,102,106,121,133,151,141,140,124,112,110,105,102,63,77,106,40,3,1
14,54,13,5,52,98,106,111,110,115,129,129,129,109,109,113,109,102,77,56,84,22,4,5
13,14,13,12,78,105,114,117,115,105,109,118,106,107,122,126,132,122,106,51,55,11,12,0
4,5,9,52,83,107,107,111,106,109,100,75,95,92,109,116,119,113,103,67,14,8,13,10
7,12,13,51,100,104,106,95,104,89,79,70,55,75,104,110,121,117,109,68,14,9,2,4
7,10,9,63,102,105,105,107,92,63,58,46,54,66,84,104,118,123,109,72,39,12,14,11
11,10,10,64,100,74,88,86,74,68,52,46,47,50,51,63,87,95,93,67,55,11,8,8
12,10,13,53,71,78,66,59,56,54,47,42,38,47,50,55,70,76,96,77,41,11,4,2
10,9,15,56,65,105,88,62,57,58,57,50,43,53,58,60,70,79,87,59,43,10,7,2
12,13,38,54,104,117,73,61,55,53,50,30,42,47,50,54,64,71,95,169,99,27,11,9
6,10,19,56,177,142,60,54,50,38,22,16,18,26,39,50,30,50,67,124,93,51,13,11
0,12,14,47,55,53,30,12,8,9,3,2,2,5,13,21,39,37,52,52,59,55,19,11
6,1,3,15,26,35,12,12,9,3,0,0,0,3,7,13,10,13,22,40,56,32,27,7
0,0,7,11,13,12,12,3,0,7,4,3,3,7,6,7,11,2,12,39,25,46,50,13
0,0,0,10,11,12,8,8,8,6,10,6,2,6,11,4,10,0,0,8,40,47,52,14
0,0,0,0,0,0,0,1,1,4,2,4,8,6,0,4,6,11,8,1,12,51,38,31
0,0,0,0,7,2,0,10,10,7,6,3,6,10,12,11,11,13,8,8,13,20,21,22
0,1,5,6,10,8,7,12,14,12,11,0,8,12,12,14,10,3,5,9,10,0,21,16
7,9,2,0,9,12,14,13,11,0,4,9,8,12,12,12,1,4,13,7,0,7,12,13
2,9,12,12,8,5,6,9,0,6,8,3,5,6,16,4,1,11,10,0,4,13,9,0
7,7,14,11,9,0,6,10,10,4,0,4,4,9,4,0,5,10,0,4,10,3,8,7

4,0,5,4,0,5,0,0,7,8,5,7,2,10,4,3,2,7,1,1,4,3,10,0
10,5,9,14,14,12,11,34,50,51,55,57,52,48,13,1,12,1,0,10,11,4,2,0
10,8,12,20,42,45,71,101,78,92,87,70,101,78,48,26,22,14,29,33,21,0,11,2
3,5,11,13,27,57,90,103,107,112,113,105,99,80,63,13,4,7,9,6,1,0,0,7
0,0,0,7,11,12,71,76,108,107,101,73,87,59,60,52,21,11,4,7,0,0,0,6
0,0,0,9,6,9,38,50,63,62,61,50,50,42,41,34,42,36,6,0,0,0,0,3
3,6,9,4,14,6,11,38,54,57,66,46,15,40,47,52,47,28,13,4,0,0,0,0
0,0,0,7,10,5,7,13,20,51,57,61,22,8,43,58,70,65,51,14,12,7,8,2
0,0,0,14,32,58,5,10,11,0,12,14,56,56,61,84,119,151,88,47,2,11,0,0
0,0,12,51,64,53,52,52,52,52,66,67,79,87,104,85,114,102,71,56,12,14,5,4
3,0,14,50,53,55,68,86,79,65,80,72,85,117,115,109,90,77,72,58,31,8,3,4
2,6,35,57,63,60,73,116,119,107,97,96,105,143,152,130,104,43,61,68,51,14,3,0
10,14,49,60,61,81,90,116,138,155,145,154,148,143,135,119,97,20,18,54,46,16,0,5
10,26,67,57,50,53,92,111,128,171,191,216,175,157,141,115,100,31,4,50,50,9,0,0
2,16,53,14,48,50,67,113,121,130,172,209,195,178,164,127,54,6,1,7,13,1,1,7
14,59,51,20,41,58,69,119,131,127,135,188,210,197,153,115,71,2,0,12,9,11,16,12
30,53,54,55,47,27,102,139,125,117,139,151,208,180,131,82,67,16,10,6,10,31,9,6
11,34,34,22,28,50,68,120,131,139,169,176,150,183,168,108,58,38,30,27,26,19,8,3
12,94,52,14,32,58,100,118,125,155,172,180,169,132,119,118,85,46,22,22,43,39,14,9
27,52,49,34,25,57,63,126,148,154,160,188,193,164,139,122,109,76,14,31,54,56,7,8
35,42,34,18,14,27,70,109,127,132,167,172,176,152,143,127,92,38,19,37,60,39,6,5
33,54,42,10,14,36,62,102,132,144,158,154,150,138,112,109,54,43,34,51,89,50,18,7
41,50,37,18,14,34,56,101,116,130,143,130,125,122,119,106,102,64,14,42,107,34,13,10
37,52,27,9,13,71,102,106,121,132,151,141,140,123,112,109,105,102,63,75,106,39,3,0
14,54,14,5,50,97,106,110,109,115,129,128,129,108,109,113,108,102,76,55,83,21,4,5
13,14,13,11,78,105,114,117,114,105,109,117,106,106,122,126,131,122,105,49,55,11,12,0
4,5,9,52,83,107,107,111,106,109,100,74,96,92,109,115,119,113,103,67,14,8,13,10
7,12,13,51,100,104,106,95,104,89,78,70,54,75,104,109,121,117,109,68,14,9,2,4
7,9,8,63,102,105,105,107,92,63,58,46,53,65,83,104,118,123,109,72,38,12,14,11
11,10,10,64,100,73,88,86,74,69,52,46,47,50,51,63,87,95,93,67,55,11,8,8
12,10,13,53,71,78,66,59,56,54,47,41,38,47,50,55,70,76,95,77,41,11,3,2
11,9,15,56,65,105,88,62,57,58,58,50,43,53,59,60,70,79,87,59,43,10,7,2
12,13,41,54,104,117,72,60,55,52,50,31,44,48,51,54,64,71,95,170,100,27,11,9
6,10,20,56,178,142,60,54,50,38,22,17,18,26,39,50,30,50,67,124,93,51,13,11
0,12,13,47,55,53,30,12,8,9,3,2,1,5,13,21,38,37,52,52,59,55,19,11
6,2,3,15,26,35,12,12,9,3,0,0,0,3,7,13,10,13,21,40,56,32,27,7
0,0,7,11,13,12,12,3,0,8,4,3,3,7,6,7,11,2,12,39,25,46,50,14
0,0,0,10,11,12,8,8,8,6,10,6,2,7,11,4,10,0,0,8,41,48,52,14
0,0,0,0,0,0,0,1,1,4,2,4,8,6,0,4,6,11,8,1,12,50,38,31
0,0,0,0,8,2,0,10,11,7,6,3,6,10,12,11,11,13,8,8,14,20,20,22
0,1,5,6,10,8,7,12,14,12,11,0,8,12,12,14,10,3,5,9,10,0,21,17
7,9,2,0,9,12,14,13,11,0,4,9,8,11,12,12,0,3,13,7,0,7,12,13
2,9,13,12,8,5,5,8,0,6,8,3,5,5,17,4,1,11,10,0,4,13,9,0
7,7,14,11,9,0,6,10,10,4,0,4,3,9,4,0,5,11,0,4,10,3,8,7

4,0,5,4,0,5,0,0,7,8,5,7,2,10,4,3,2,7,1,1,4,3,10,0
10,5,10,13,14,13,12,30,50,51,55,57,52,47,13,1,12,1,0,10,11,4,2,0
10,8,12,21,42,48,70,101,78,92,87,70,101,78,48,28,21,14,31,32,18,0,11,2
3,5,11,13,28,57,90,103,107,112,113,105,98,79,63,13,4,7,9,6,1,0,0,7
0,0,1,7,11,12,71,76,108,107,101,73,87,60,60,52,21,11,4,7,0,0,0,6
0,0,0,9,6,9,39,50,63,62,61,50,50,42,41,34,42,36,6,0,0,0,0,3
3,6,9,4,14,6,11,38,54,57,66,44,14,39,45,51,47,25,13,4,0,0,0,0
0,0,0,7,11,5,7,13,18,51,57,60,19,9,45,58,70,65,51,14,12,7,8,2
0,0,0,14,33,59,5,10,11,0,13,14,56,56,61,84,118,150,88,47,2,11,0,0
0,0,12,51,64,53,52,52,52,53,66,67,79,87,104,85,114,102,71,56,12,14,6,4
3,0,14,50,53,55,68,87,79,65,80,72,86,118,116,110,90,77,72,58,32,8,3,4
2,6,36,57,64,60,74,116,119,106,96,96,105,143,153,131,104,44,61,68,51,14,3,0
10,14,50,61,61,81,90,117,137,153,144,154,148,143,135,119,98,21,19,54,46,15,0,5
10,27,68,57,50,53,92,111,127,168,190,214,175,157,141,115,100,33,4,50,50,9,0,0
2,16,53,14,45,50,67,112,120,129,171,208,194,177,163,127,54,6,1,7,13,1,1,7
14,59,52,22,38,59,69,119,130,127,136,188,210,198,153,115,71,2,0,12,9,11,16,12
30,53,54,55,47,27,102,139,124,118,140,152,208,179,131,83,67,16,10,6,10,31,9,6
11,34,35,22,28,50,69,120,131,140,171,178,152,181,167,109,58,38,30,27,26,20,8,3
12,95,52,14,33,58,100,118,126,156,173,181,170,133,120,118,85,46,23,22,43,39,14,9
28,52,47,35,25,57,63,127,148,156,161,189,194,165,139,122,109,76,14,31,55,57,7,8
36,42,33,18,14,27,71,110,128,133,169,174,177,153,143,126,92,37,18,38,60,39,6,5
33,54,42,10,14,35,61,101,133,144,159,155,151,138,112,108,52,42,34,51,88,50,18,7
41,49,37,18,14,33,55,100,116,130,144,130,125,122,119,105,101,62,14,42,107,34,13,10
35,53,26,9,13,68,102,106,121,132,150,140,139,123,111,109,105,102,63,75,106,39,3,0
14,52,13,5,50,96,105,110,109,115,128,128,128,108,108,113,108,102,75,56,83,21,4,5
13,14,13,12,79,105,114,117,114,105,109,117,106,106,122,125,131,122,105,51,55,11,12,0
4,5,9,51,83,107,107,111,106,109,100,74,95,91,109,115,119,113,103,67,14,8,13,10
7,12,13,51,100,104,106,95,104,89,79,70,54,74,104,109,121,117,109,68,14,9,2,4
7,10,9,63,102,105,105,107,91,63,58,46,54,66,84,104,118,123,109,72,38,12,14,10
11,11,10,64,100,73,88,86,74,69,52,45,47,50,51,63,87,95,93,67,55,11,8,8
12,10,13,53,71,78,66,59,56,54,47,42,38,46,49,54,69,75,95,77,41,11,3,2
11,9,15,56,65,105,88,62,57,58,58,50,41,53,58,60,70,78,87,59,43,10,7,2
12,13,40,54,104,117,72,60,55,52,50,31,44,46,51,54,63,71,94,170,100,27,11,9
6,10,20,56,179,142,60,54,50,38,22,16,18,26,38,50,30,50,67,124,93,51,13,11
0,12,13,47,55,53,30,12,8,9,3,2,1,5,13,21,39,38,52,52,59,55,19,11
6,2,3,15,27,36,13,12,9,3,1,0,0,3,7,13,10,13,22,40,57,32,27,7
0,0,7,11,13,12,12,3,0,7,4,3,3,7,6,7,11,2,12,39,25,46,50,13
0,0,0,10,11,12,8,8,8,6,10,6,2,8,11,4,10,0,0,8,42,49,52,14
0,0,0,0,0,0,0,1,1,4,2,4,8,6,0,4,6,11,8,1,12,50,40,31
0,0,0,0,8,2,0,10,10,7,6,3,6,10,12,11,11,13,8,8,14,20,21,22
0,1,5,6,10,8,7,12,14,12,11,0,8,12,12,14,10,3,5,9,10,0,21,17
7,9,2,0,10,12,14,13,11,0,4,9,9,12,12,12,1,4,13,7,0,7,12,13
2,9,13,12,8,5,6,8,0,6,8,3,5,6,17,4,1,12,10,0,4,13,9,1
7,7,14,11,9,0,6,10,10,4,0,4,4,9,4,0,5,11,0,4,10,3,8,7

4,0,5,4,0,5,0,0,7,8,5,6,2,10,4,3,2,7,1,1,4,3,10,0
10,5,10,14,14,13,11,31,51,51,54,57,52,47,13,1,12,1,0,10,11,4,2,0
10,8,12,20,43,47,70,101,78,92,87,70,101,78,48,26,21,14,28,31,20,0,11,2
3,5,11,13,27,58,90,103,107,112,113,105,99,80,63,13,4,7,9,6,1,0,0,7
0,0,1,7,11,12,71,76,107,107,101,73,87,60,59,51,22,11,4,7,0,0,0,6
0,0,0,9,6,9,39,50,63,62,61,50,50,42,41,34,42,36,6,0,0,0,0,3
3,6,9,4,14,6,11,38,54,57,66,46,15,38,45,51,46,25,13,4,0,0,0,0
0,0,0,7,11,6,7,13,18,51,57,61,21,8,44,58,69,65,51,14,12,7,8,2
0,0,0,14,33,59,5,10,11,0,13,14,56,56,61,84,118,150,87,47,2,11,0,0
0,0,13,51,64,53,53,52,52,53,66,67,79,87,104,85,114,102,72,56,12,14,6,4
3,0,14,50,53,55,68,87,79,65,80,72,86,118,116,110,90,77,72,58,32,8,3,4
2,7,39,58,64,60,74,117,119,107,97,97,106,143,153,131,105,43,61,68,51,14,3,0
10,14,51,61,60,81,90,117,138,155,145,154,148,143,135,119,97,21,18,54,46,15,0,5
10,29,68,57,50,54,92,111,128,169,191,214,175,157,141,115,100,33,4,48,50,9,0,0
2,17,52,14,43,50,67,112,120,129,171,207,194,177,163,127,54,6,1,7,13,1,1,7
14,59,51,22,38,59,69,119,130,126,135,188,209,197,152,115,71,2,0,12,9,11,16,12
29,53,54,56,48,26,102,139,124,117,139,152,207,179,131,82,67,15,10,6,10,31,9,6
11,34,35,22,28,50,68,120,131,140,171,178,152,181,166,108,58,38,30,26,26,20,8,3
12,95,52,14,32,58,100,118,126,156,173,181,170,133,119,118,85,46,22,22,43,39,14,9
27,52,49,34,25,57,63,126,148,156,162,189,194,165,139,122,109,76,14,31,54,56,7,8
36,42,33,18,14,27,70,109,128,133,169,174,177,153,143,126,91,37,19,37,60,39,6,6
33,54,40,10,14,34,61,101,133,144,159,155,150,139,112,108,52,42,34,51,89,50,18,7
42,49,36,18,14,33,55,100,115,130,144,130,125,123,119,105,101,62,14,42,107,34,13,10
33,54,25,8,13,69,102,105,121,132,150,140,139,123,111,109,105,102,63,75,106,39,3,0
14,53,13,5,50,96,105,110,109,115,128,128,128,108,108,112,108,102,76,57,83,21,4,5
13,14,13,12,79,105,114,117,114,105,109,117,106,107,122,125,131,122,105,50,55,11,12,0
4,5,9,52,83,107,107,111,106,109,100,74,95,92,109,115,119,113,103,67,14,8,13,10
6,12,13,51,100,104,106,95,104,89,79,70,54,74,104,109,121,117,109,68,14,9,2,4
7,9,8,63,102,105,105,107,92,63,58,45,53,65,83,104,118,123,109,72,38,12,14,10
11,11,10,64,100,73,88,86,74,69,52,46,47,50,51,63,87,95,93,67,55,11,8,8
12,10,13,53,71,78,66,59,56,54,47,41,38,46,50,55,69,76,95,77,41,11,3,2
11,9,15,56,65,105,88,62,57,58,57,50,41,53,58,60,70,78,87,59,43,10,7,2
12,13,39,54,105,117,73,60,55,52,50,31,43,48,51,54,64,71,94,170,100,27,11,9
6,10,19,56,179,142,60,54,50,37,22,17,17,26,36,50,30,50,67,124,93,51,13,11
0,12,14,46,55,53,31,12,8,9,3,2,2,5,13,21,38,37,52,52,59,55,19,11
6,2,3,15,28,37,12,12,9,3,1,0,0,3,7,13,10,13,22,41,57,32,27,7
0,0,7,11,13,12,12,3,0,8,4,3,4,7,7,7,11,2,12,39,25,46,50,14
0,0,0,10,11,12,8,8,8,6,10,6,2,7,11,4,10,0,0,8,40,48,52,14
0,0,0,0,0,0,0,1,1,4,2,4,8,6,0,4,6,11,8,1,12,50,39,31
0,0,0,0,8,2,0,10,11,7,6,3,6,10,12,11,11,13,8,8,14,21,21,23
0,1,5,6,10,8,7,12,14,12,11,0,8,12,12,14,10,3,5,9,10,0,21,16
7,9,2,0,10,12,14,13,11,0,4,9,9,11,12,12,1,4,13,7,0,7,12,13
2,9,13,12,8,5,5,8,0,6,9,3,5,6,17,4,1,11,10,0,4,13,9,1
7,7,14,11,9,0,6,10,10,4,0,4,4,9,4,0,5,11,0,4,10,3,8,7

4,0,5,4,0,5,0,0,7,8,6,7,2,10,4,3,2,7,1,1,4,3,10,0
10,5,10,14,14,13,12,31,50,51,55,57,52,50,13,1,12,1,0,10,11,4,2,0
10,8,12,21,40,47,71,101,77,92,87,70,101,78,48,27,21,14,28,31,20,0,11,2
3,6,11,13,29,58,90,103,107,112,113,105,98,80,63,13,4,7,9,6,1,0,0,7
0,0,1,8,11,13,71,76,108,107,101,73,87,60,60,52,22,11,4,7,0,0,0,6
0,0,0,9,6,9,39,50,63,62,62,50,50,41,41,34,42,36,6,0,0,0,0,3
3,6,9,4,14,6,11,39,54,57,66,46,15,38,45,51,46,26,13,4,0,0,0,0
0,0,0,7,11,6,7,13,18,51,57,61,22,8,44,58,69,65,51,14,12,7,8,2
0,0,0,14,35,59,5,10,11,0,13,15,56,56,61,83,118,151,88,49,2,11,0,0
0,0,12,51,64,53,53,52,52,53,66,68,79,87,104,85,114,102,71,57,12,14,6,4
3,0,14,50,53,55,68,87,79,65,80,72,86,118,116,110,90,77,72,58,33,8,3,4
2,7,36,58,64,60,74,117,120,107,97,97,106,144,154,131,105,44,61,68,51,14,4,0
10,14,51,62,61,81,91,118,139,154,145,155,149,143,135,119,98,21,18,54,47,16,0,5
10,27,68,57,50,54,93,112,128,168,190,215,177,158,141,115,100,33,4,50,50,9,0,0
2,16,53,14,45,50,68,113,121,129,171,207,194,178,163,127,54,6,0,7,13,1,1,7
14,59,52,23,38,59,68,119,130,126,134,187,209,196,151,115,71,2,0,12,9,11,16,12
30,54,54,55,47,26,102,138,124,117,138,150,207,178,129,82,66,15,9,6,10,32,9,6
11,34,35,22,28,50,68,119,130,138,169,176,151,182,165,106,58,37,29,26,26,20,8,3
12,96,52,14,32,58,100,118,125,154,172,180,169,132,119,117,84,46,22,22,43,39,14,9
27,52,47,34,25,57,63,126,147,154,160,187,193,164,138,121,109,76,14,31,55,57,7,8
36,42,34,18,14,27,70,109,127,132,167,172,176,152,143,126,91,38,19,38,61,40,7,6
32,54,42,10,14,35,62,101,132,144,158,154,150,138,111,109,53,43,34,51,89,50,18,7
41,49,37,18,14,34,56,100,116,130,143,130,125,122,119,106,102,64,14,42,107,34,13,10
33,53,26,9,13,70,102,105,121,132,150,141,140,123,112,109,105,102,64,76,106,39,3,0
14,53,13,5,50,97,106,110,109,115,128,128,129,108,109,113,108,102,76,56,83,21,4,5
13,14,13,12,78,105,114,117,114,105,109,117,106,106,122,126,131,122,106,50,55,11,12,0
4,5,9,52,84,107,107,111,106,109,100,75,94,92,109,115,119,113,103,67,14,8,13,10
7,12,13,51,100,104,106,95,104,89,79,70,54,75,104,110,121,117,109,68,14,9,2,4
7,10,9,63,102,105,105,107,92,63,58,47,54,65,84,104,118,123,109,72,38,12,14,10
11,11,10,64,100,73,88,86,74,69,52,46,47,50,51,63,87,95,93,67,55,11,8,8
13,11,13,53,71,78,66,59,56,54,47,41,38,47,50,55,69,76,96,77,41,11,3,2
10,9,15,56,65,105,88,62,57,58,57,50,42,53,59,60,70,79,87,58,43,10,7,2
12,13,39,54,105,117,73,61,55,53,50,31,43,48,51,54,64,72,95,170,100,27,11,9
6,10,18,56,178,142,60,54,50,37,23,16,17,27,38,50,30,50,67,124,93,51,13,11
0,12,14,46,55,53,30,12,8,9,3,2,1,5,13,21,39,38,52,52,59,55,19,11
6,2,3,15,27,36,12,12,9,3,1,0,0,3,7,13,10,13,22,40,57,32,27,7
0,0,7,12,13,12,12,3,0,8,4,3,3,7,7,7,11,3,12,40,25,46,50,14
0,0,0,10,11,12,8,8,8,6,10,6,2,8,11,4,10,0,0,8,40,48,52,14
0,0,0,0,0,0,0,2,1,4,2,4,8,6,0,4,6,11,8,1,12,51,40,31
0,0,0,0,8,2,0,10,10,7,6,3,6,10,12,11,11,13,8,8,14,22,21,22
0,1,5,6,10,8,7,12,14,12,11,0,8,12,12,15,10,3,5,9,10,0,21,17
7,9,2,0,10,12,14,13,11,0,4,9,9,12,12,12,1,4,13,7,0,7,12,13
2,9,13,12,8,5,5,9,0,6,8,3,5,6,17,4,1,12,10,0,4,13,9,1
7,7,14,11,9,0,6,10,10,4,0,4,3,9,4,0,5,11,0,4,10,3,8,7

4,0,5,4,0,5,1,0,7,8,5,6,2,10,4,3,2,7,1,1,4,3,10,0
10,5,10,14,14,13,11,33,51,51,54,57,52,48,13,1,12,1,0,10,11,4,2,0
10,8,12,21,40,47,71,101,77,92,88,70,101,78,46,25,22,14,27,33,20,0,11,2
3,6,11,13,29,58,90,103,107,112,113,105,99,79,63,13,4,7,9,6,1,0,0,7
0,0,1,8,11,13,72,76,108,107,101,73,87,60,60,52,22,11,4,7,0,0,0,6
0,0,0,9,6,9,39,50,63,62,62,50,50,42,41,34,42,35,6,0,0,0,0,3
3,6,9,4,14,6,11,39,54,57,66,50,17,39,45,51,46,26,13,4,0,0,0,0
0,0,0,7,11,6,7,14,19,51,57,61,23,9,43,58,69,65,51,14,12,7,8,2
0,0,0,14,36,59,6,11,11,0,14,18,56,57,61,84,118,151,88,48,2,11,0,0
0,0,13,51,64,53,53,52,52,53,66,68,79,88,104,85,115,102,72,57,12,14,6,4
3,0,14,50,53,55,68,88,79,65,80,72,87,119,117,110,90,77,72,58,33,8,3,4
2,7,39,58,64,60,74,117,120,107,98,98,106,144,154,131,105,44,61,68,51,14,4,0
10,14,51,62,61,82,92,118,139,155,145,157,149,144,136,119,98,22,19,54,47,16,0,5
10,28,68,57,50,54,93,112,129,170,191,216,178,159,142,115,100,33,4,50,50,9,0,0
2,20,53,14,48,50,68,113,121,130,172,209,195,177,163,127,54,6,0,7,13,1,1,7
14,60,52,22,38,58,68,119,130,125,133,187,208,196,150,114,70,2,0,12,9,11,15,12
31,53,54,55,48,26,102,138,124,116,136,149,208,177,126,81,66,15,9,6,10,32,9,6
11,34,35,22,28,50,67,119,129,136,166,173,149,184,164,104,57,37,29,26,26,20,8,3
12,96,53,14,31,57,100,117,124,152,169,178,167,131,118,117,84,46,22,22,43,39,14,9
27,52,48,34,24,56,63,125,147,152,158,186,191,162,137,121,109,76,14,31,55,57,7,8
36,42,34,18,14,27,70,109,126,131,165,170,175,150,142,126,92,37,19,38,60,40,7,6
32,54,43,10,14,37,63,101,132,143,155,152,148,137,111,110,55,44,35,51,89,51,18,7
42,49,36,18,15,35,57,101,115,129,143,129,125,122,119,107,103,65,14,42,107,35,13,10
33,52,26,9,13,70,102,106,121,132,151,141,140,123,112,109,105,102,64,76,106,40,3,0
14,53,13,5,52,98,106,110,110,115,129,128,129,109,109,113,108,102,77,55,83,22,4,5
13,14,13,12,79,105,114,117,114,105,109,118,106,107,122,126,132,122,106,51,55,11,12,0
4,5,9,53,84,107,107,111,106,109,100,75,95,94,109,116,119,113,103,68,14,8,13,9
7,12,13,51,100,104,106,95,104,89,79,70,55,75,104,110,121,117,109,68,14,9,2,4
7,10,9,64,102,106,105,107,92,63,58,47,54,65,84,104,118,123,109,73,39,12,14,11
11,11,10,64,100,74,89,86,74,69,52,46,47,50,51,63,87,95,93,67,55,11,8,8
13,11,13,53,71,79,66,59,56,54,47,41,38,47,50,55,69,76,96,77,42,11,3,2
11,9,14,56,65,105,88,62,57,58,58,50,41,53,58,60,70,79,87,59,43,10,7,2
12,13,41,54,105,117,73,61,55,53,50,32,44,47,51,54,64,72,95,170,99,28,11,9
6,10,19,56,177,142,60,54,50,37,22,15,17,26,38,50,30,50,67,124,93,51,13,11
0,12,14,46,55,53,30,12,8,9,3,2,2,5,13,21,37,37,52,52,59,55,19,11
6,2,3,15,26,36,12,12,9,3,0,0,0,3,7,13,10,13,22,41,57,32,27,7
0,0,7,11,13,12,12,3,0,8,4,3,4,7,7,7,11,2,12,40,25,46,50,14
0,0,0,10,11,12,8,8,8,6,10,6,2,8,11,4,10,0,0,8,41,48,52,14
0,0,0,0,0,0,0,2,1,4,3,4,8,6,1,4,6,11,8,1,12,50,40,31
0,0,0,0,8,2,0,10,10,7,6,3,5,10,12,11,11,12,8,8,14,22,20,22
0,1,5,6,10,8,7,12,14,12,11,0,8,12,12,14,10,3,5,9,10,0,21,17
7,9,2,0,9,12,14,13,11,0,4,9,9,11,12,12,1,4,13,7,0,7,12,13
2,9,13,12,8,5,6,9,0,6,8,3,5,5,17,4,1,11,10,0,4,13,9,1
7,7,14,11,9,0,6,10,10,4,0,4,3,9,4,0,5,11,0,4,10,3,8,7

4,0,5,5,0,5,0,0,7,8,5,7,2,10,4,3,2,7,1,1,4,3,10,0
10,5,10,13,14,13,12,31,51,51,55,56,52,48,13,1,12,1,0,10,11,4,2,0
10,8,12,21,43,47,70,101,78,92,87,70,101,78,50,27,22,14,29,32,21,0,11,2
3,6,11,13,29,58,90,103,107,112,113,105,98,80,63,14,4,7,9,6,1,0,0,7
0,0,1,8,11,13,72,76,108,107,101,73,87,60,60,52,22,12,4,7,0,0,0,6
0,0,0,9,6,9,39,50,63,62,62,50,50,42,41,34,42,36,6,0,0,0,0,3
3,6,9,4,14,6,11,39,54,57,67,50,19,40,47,52,46,27,13,4,0,0,0,0
0,0,0,7,11,6,7,14,19,51,57,62,24,9,45,58,69,65,51,14,12,7,8,2
0,0,0,14,38,60,6,11,11,0,14,20,57,57,61,84,119,152,88,49,2,11,0,0
0,0,13,51,65,53,53,52,52,53,67,68,79,88,104,85,115,103,72,57,12,14,6,4
3,0,14,50,53,55,68,87,79,65,80,72,86,118,116,110,90,77,72,59,33,8,3,4
2,7,37,58,64,60,74,117,120,107,97,97,106,144,154,131,105,44,61,68,51,14,3,0
10,14,52,62,61,82,92,118,140,156,145,156,149,143,135,119,97,21,19,54,47,16,0,5
10,29,68,58,50,54,93,112,130,170,191,217,178,159,141,115,100,34,4,50,50,9,1,0
2,21,53,14,46,50,68,113,121,130,172,209,195,177,162,126,53,6,0,7,13,1,1,7
14,60,52,22,38,58,68,119,130,125,133,187,208,195,150,113,69,2,0,12,9,11,15,12
29,53,54,55,48,26,102,138,123,115,136,149,209,176,125,80,66,15,9,6,10,32,9,6
11,34,35,22,27,50,67,119,129,135,165,172,149,186,164,103,57,37,29,26,26,20,8,3
12,96,53,14,31,57,100,117,123,151,168,177,166,131,118,117,83,45,22,22,43,39,14,9
28,52,49,34,24,57,62,125,146,151,157,185,190,162,137,121,109,76,14,32,55,57,7,8
36,42,33,18,13,27,70,109,126,130,164,170,173,150,142,126,93,38,19,38,61,40,7,6
33,54,42,10,14,37,63,102,131,142,155,151,148,136,111,110,56,44,35,51,89,51,18,7
41,49,36,18,15,35,57,101,115,129,143,129,125,122,119,107,103,65,14,42,107,35,13,10
35,52,25,9,14,70,102,106,121,132,151,141,140,124,112,110,106,102,64,77,106,40,3,1
14,54,14,5,52,100,106,110,110,115,129,129,129,109,109,113,109,102,77,56,84,22,4,5
13,14,13,12,80,105,114,117,114,105,109,118,106,107,122,126,132,122,105,51,56,12,12,0
4,5,9,53,83,107,107,111,106,109,100,75,96,93,109,116,119,113,103,67,14,8,13,10
7,12,13,52,100,104,106,95,104,89,79,70,54,75,104,110,121,117,109,69,14,9,2,4
7,10,9,63,102,106,105,107,92,63,58,46,54,65,84,104,118,123,109,72,39,12,14,11
11,11,10,64,100,74,88,86,74,69,52,46,47,50,51,63,87,95,93,67,55,11,8,8
12,11,13,53,71,79,67,59,56,54,47,41,38,46,49,54,69,76,96,77,41,11,3,2
11,9,15,56,65,105,88,62,57,58,58,50,43,53,59,60,70,79,87,58,43,10,7,2
12,13,40,54,104,117,73,61,55,52,50,31,44,47,51,54,64,72,95,170,99,27,11,9
6,10,20,56,177,142,60,54,50,38,21,16,17,26,39,50,30,50,67,124,93,51,13,11
0,12,14,46,55,53,30,12,8,9,3,2,1,5,13,21,39,37,52,52,59,55,19,11
6,2,3,15,26,36,12,12,9,3,0,0,0,3,7,13,10,13,22,40,56,32,27,7
0,0,7,11,13,12,12,3,0,8,4,3,4,7,7,8,11,3,12,39,25,46,50,14
0,0,0,10,11,12,8,8,8,6,10,6,2,8,11,4,10,0,0,8,40,48,52,14
0,0,0,0,0,0,0,2,1,4,3,4,8,6,0,4,6,11,8,1,12,50,40,31
0,0,0,0,8,2,0,10,10,7,6,3,5,10,12,11,11,13,8,8,14,22,21,22
0,1,5,6,10,8,7,12,14,12,11,0,8,12,12,14,10,3,5,9,10,0,21,16
7,9,2,0,9,12,14,13,11,0,4,9,8,11,12,12,1,4,13,7,0,7,12,13
2,9,13,12,8,5,5,8,0,6,8,3,5,6,17,4,1,12,10,0,4,13,9,1
7,7,14,11,9,0,6,10,10,3,0,4,4,9,4,0,5,11,0,4,10,3,8,7

4,0,5,4,0,5,0,0,7,8,5,6,2,10,4,3,2,7,1,1,4,3,10,0
10,5,10,14,14,13,12,31,51,51,55,57,52,50,13,1,12,1,0,10,11,4,2,0
10,8,12,21,42,47,71,101,78,91,87,70,101,78,48,26,21,14,29,31,21,0,11,2
3,6,12,13,29,57,90,103,107,112,113,105,99,79,63,13,4,7,9,6,1,0,0,7
0,0,1,8,11,13,72,76,108,107,101,73,87,60,60,52,22,11,4,7,0,0,0,6
0,0,0,9,6,9,40,50,63,62,62,50,50,42,41,34,43,36,6,0,0,0,0,3
3,6,9,4,14,6,11,40,54,57,66,50,17,40,45,51,46,26,13,4,0,0,0,0
0,0,0,7,11,6,7,14,20,51,57,62,23,9,45,58,70,65,51,14,12,7,8,2
0,0,0,14,38,60,6,11,11,0,14,18,56,57,61,84,119,151,88,48,2,11,0,0
0,0,13,52,65,54,53,52,52,53,67,68,79,88,105,86,115,103,72,57,12,14,6,4
3,0,14,50,53,56,68,87,79,65,80,72,86,118,116,110,90,77,72,58,33,8,3,4
2,7,41,58,64,60,75,117,120,107,97,97,106,144,154,131,105,45,61,68,51,14,3,0
10,14,52,62,63,82,92,119,140,155,145,155,149,143,136,119,98,22,19,54,47,15,0,5
10,29,69,57,50,54,94,112,129,170,191,216,177,158,141,115,100,31,4,50,50,9,1,0
2,19,54,14,46,50,68,113,121,130,172,209,195,178,163,126,53,6,0,7,13,1,1,7
14,60,52,23,41,59,69,119,130,125,133,187,208,196,151,114,70,2,0,12,9,11,15,12
28,53,54,55,46,27,102,138,123,115,136,149,209,177,126,81,66,15,9,6,10,32,9,6
11,34,35,22,28,50,68,119,129,136,165,172,149,184,164,104,57,37,29,26,26,20,8,3
12,96,54,14,29,58,100,117,123,151,169,178,167,131,118,117,84,45,22,22,43,39,14,9
27,52,50,34,24,57,62,125,146,152,157,185,191,161,137,121,109,76,14,31,54,57,7,8
36,42,34,18,13,27,70,109,126,130,165,170,174,149,142,126,92,37,19,38,60,40,7,5
33,54,42,10,14,36,63,101,131,143,155,151,148,136,111,109,55,44,35,51,89,50,18,7
41,49,36,18,15,34,56,101,115,129,142,129,124,122,119,107,103,65,14,42,107,35,13,10
37,54,25,9,14,69,102,106,121,132,151,141,140,124,112,109,106,102,63,76,106,40,3,0
14,52,13,5,50,97,106,110,109,115,129,128,129,109,109,113,108,102,76,56,83,22,4,5
13,14,13,12,79,105,114,117,114,105,109,118,106,107,122,126,132,122,106,51,55,11,12,0
4,5,9,53,83,107,107,111,106,109,100,75,95,91,109,116,119,113,103,67,14,8,13,10
7,12,13,52,100,104,106,95,104,89,79,70,54,75,104,109,121,117,109,69,14,9,2,4
7,10,9,63,102,106,105,107,92,63,58,47,54,66,84,104,118,123,109,72,39,12,14,11
11,11,11,64,100,74,88,86,74,69,52,46,47,50,51,63,86,95,93,67,55,11,8,8
13,11,13,53,71,79,66,59,56,54,47,42,38,47,50,54,70,76,96,77,42,11,3,2
11,9,16,56,65,105,89,62,57,58,58,50,42,53,59,60,70,79,87,59,43,10,7,2
12,13,39,54,105,117,73,61,55,52,50,31,43,49,51,54,64,72,95,170,100,28,11,9
6,10,20,56,178,142,60,54,50,37,22,16,18,27,36,50,30,50,67,124,93,51,13,11
0,12,14,45,55,53,30,12,8,9,3,2,2,5,13,21,37,37,52,52,59,55,19,11
6,2,3,16,27,36,12,12,9,3,1,0,0,3,7,13,10,13,22,40,57,32,27,7
0,0,7,11,13,12,12,3,0,8,4,3,3,7,7,7,11,3,12,39,25,46,50,13
0,0,0,10,12,12,8,8,8,6,10,6,2,8,11,4,10,0,0,8,42,50,52,14
0,0,0,0,0,0,0,1,1,4,3,4,8,6,1,4,6,11,8,1,12,51,40,31
0,0,0,0,8,2,0,10,10,7,6,3,6,11,12,11,11,13,8,8,14,23,21,23
0,1,5,6,10,8,7,12,14,12,11,0,8,12,12,14,10,3,5,9,10,0,21,17
7,9,2,0,9,12,14,13,11,0,4,9,8,12,12,12,1,4,13,7,0,7,12,13
3,9,13,12,8,5,6,9,0,5,8,3,5,6,17,4,1,12,10,0,4,13,9,1
7,7,14,11,9,0,6,10,10,4,0,4,4,9,4,0,5,11,0,4,10,3,8,7

5,0,5,5,0,5,1,0,7,8,6,7,2,10,4,3,2,7,1,1,4,3,10,0
10,5,10,14,14,13,12,30,51,51,55,57,52,47,13,1,12,1,0,10,11,4,2,0
10,8,12,22,42,47,70,101,78,92,88,70,101,78,50,27,21,14,29,32,21,0,11,2
3,6,11,13,30,58,90,103,107,112,113,105,98,80,63,14,4,7,9,6,1,0,0,7
0,0,1,8,11,13,72,76,108,107,101,73,87,60,60,52,22,11,4,7,0,0,0,6
0,0,0,9,6,9,40,50,63,62,62,50,50,42,41,34,42,37,6,0,0,0,0,3
3,6,9,4,14,6,11,39,54,58,66,50,17,40,47,51,47,26,13,4,0,0,0,0
0,0,0,7,11,6,7,14,19,51,57,61,23,9,47,58,70,65,51,14,12,7,8,2
0,0,0,14,35,59,5,11,11,0,14,17,56,57,61,84,119,151,88,49,2,11,0,0
0,0,13,51,64,53,53,52,52,53,67,67,79,88,105,86,115,102,72,57,12,14,6,4
3,0,14,50,53,55,68,88,79,65,80,72,86,118,116,110,90,77,72,58,33,8,3,4
2,7,37,58,64,60,75,118,120,107,97,97,106,144,154,131,105,44,61,68,51,14,3,0
10,14,51,62,61,82,93,119,139,154,145,155,148,143,135,119,97,21,19,54,46,16,0,5
10,28,68,58,50,54,94,112,129,169,191,214,175,157,141,115,100,31,4,50,50,9,1,0
2,19,53,14,46,50,68,113,121,129,171,208,194,177,163,127,54,6,0,7,13,1,1,7
14,60,52,22,41,59,69,119,130,125,134,188,209,197,152,115,70,2,0,12,9,11,15,12
31,54,54,56,48,28,102,139,123,116,138,151,208,179,130,82,66,16,10,6,10,32,9,6
11,34,35,22,28,50,69,120,130,138,169,176,150,182,165,106,58,37,29,26,26,20,8,3
12,96,53,14,33,58,100,118,125,154,171,179,169,132,119,118,84,46,22,22,43,39,14,9
27,52,48,35,26,58,63,126,148,154,160,187,193,164,138,122,109,76,14,31,55,57,7,8
36,41,34,18,14,26,70,109,127,132,167,172,175,151,142,126,91,37,18,37,60,39,7,6
32,54,42,10,14,35,61,101,132,143,157,153,149,137,111,108,53,43,34,51,89,50,18,7
41,49,36,18,14,33,56,100,115,129,143,130,125,122,119,105,102,64,14,42,107,34,13,10
37,54,27,9,13,69,102,105,121,132,150,140,139,123,112,109,105,102,63,76,106,40,3,0
14,53,13,5,50,96,105,110,109,115,128,128,128,108,108,113,108,102,77,56,84,22,4,5
13,14,13,12,78,105,114,117,114,105,109,117,106,106,122,125,131,122,106,50,55,11,12,0
4,5,9,53,83,107,107,111,106,109,100,75,95,92,109,115,119,113,103,67,14,8,13,9
7,12,13,51,100,104,106,95,104,89,79,70,55,75,104,110,121,117,109,68,14,9,2,4
7,10,9,63,102,105,105,107,92,63,58,46,54,65,83,104,118,123,109,72,39,12,14,11
11,11,11,64,100,74,88,86,74,69,52,46,47,50,51,63,87,95,93,67,55,11,8,8
13,11,13,53,71,78,66,59,56,54,47,41,38,46,49,54,69,76,95,77,41,11,3,2
11,9,16,56,65,105,88,62,57,58,58,50,41,53,59,60,70,79,87,58,43,10,7,3
12,13,41,54,105,117,73,61,55,53,50,32,43,48,51,54,64,72,95,171,100,27,11,9
6,10,20,56,180,143,60,54,50,37,22,16,17,26,37,50,30,50,67,125,94,51,13,11
0,12,14,47,55,53,31,12,8,9,3,2,2,5,13,21,39,37,52,52,59,55,19,11
6,2,4,16,28,37,13,12,9,3,1,0,0,3,7,13,10,13,23,41,57,32,27,7
0,0,7,12,13,12,12,3,0,8,4,3,3,7,7,7,11,3,12,40,25,46,50,14
0,0,0,10,12,12,8,8,8,6,10,6,2,8,11,4,10,0,0,8,42,48,52,14
0,0,0,0,0,0,0,1,1,4,3,4,8,6,0,4,6,11,8,1,12,51,40,32
0,0,0,0,8,2,0,10,10,7,6,3,6,10,12,11,11,13,8,8,14,24,21,22
0,1,5,6,10,8,7,12,14,12,11,0,8,12,12,14,10,3,5,9,10,0,21,17
7,9,2,0,10,12,14,13,11,0,4,9,8,12,12,12,1,4,13,7,0,7,12,13
2,9,13,12,8,5,6,8,0,5,8,3,5,5,17,4,1,12,10,0,4,13,9,1
7,7,14,11,9,0,6,10,10,4,0,4,3,9,4,0,5,11,0,4,10,3,8,7

5,0,5,5,0,5,1,0,7,8,6,7,3,10,4,3,2,7,1,1,4,3,10,0
10,5,10,14,14,13,12,31,51,51,55,57,52,48,13,2,12,1,0,10,11,4,2,0
10,8,12,21,42,48,71,101,78,92,88,70,101,78,47,26,22,14,29,31,20,0,11,2
3,6,12,13,29,58,90,103,107,112,113,105,98,80,63,14,4,7,9,6,1,0,0,7
0,0,2,8,11,13,72,76,108,107,101,74,87,60,60,52,22,11,4,7,0,0,0,6
0,0,0,9,6,9,39,50,63,62,62,50,50,42,41,34,43,36,6,0,0,0,0,3
3,6,9,4,14,6,11,41,54,58,67,50,17,40,47,51,47,26,13,4,0,0,0,0
0,0,0,7,11,6,7,14,20,52,57,61,22,9,46,58,70,65,51,14,12,7,8,2
0,0,0,14,36,59,5,11,11,0,14,17,56,57,61,84,118,150,87,48,2,11,0,0
0,0,13,51,64,53,53,53,52,53,67,68,79,88,105,86,114,102,72,57,12,14,6,4
3,0,14,50,53,56,68,88,79,65,80,72,87,119,117,110,90,77,72,58,33,8,3,4
2,7,39,58,64,60,75,118,120,107,97,97,106,144,154,131,105,44,61,68,51,14,3,0
10,14,51,62,61,82,92,118,138,153,145,154,148,143,135,119,97,21,19,54,46,15,0,5
10,27,69,57,50,54,93,111,127,167,190,213,174,157,141,115,100,33,4,50,50,9,0,0
2,20,53,14,46,50,68,112,120,128,170,206,193,177,163,127,54,6,0,7,13,1,1,7
14,59,52,23,41,59,69,119,130,125,135,188,209,197,152,115,71,2,0,12,9,11,15,12
31,53,54,56,48,27,102,139,123,117,139,151,206,179,131,82,67,16,9,6,10,32,9,6
11,34,35,22,28,50,69,119,130,140,170,178,151,180,165,108,58,38,30,26,26,20,8,3
12,96,53,14,32,59,100,118,126,156,173,181,170,132,119,118,85,46,22,22,43,39,14,9
27,52,48,35,25,57,63,126,148,155,161,189,194,165,139,122,109,76,14,31,54,57,7,8
36,42,34,18,14,27,70,109,128,132,168,173,177,153,143,126,90,38,19,37,61,39,6,6
32,54,40,10,14,34,61,101,132,144,159,154,150,138,111,107,52,42,34,51,89,50,18,7
41,49,37,18,14,33,55,100,115,130,144,130,125,122,119,105,101,62,14,42,107,35,13,10
34,52,25,9,13,68,102,105,121,132,150,140,139,123,111,108,105,102,63,75,106,39,3,0
14,53,13,5,50,97,105,110,109,115,128,127,128,108,109,113,108,102,76,56,83,21,4,5
13,14,13,12,78,105,114,117,114,104,109,117,106,106,122,125,131,122,105,50,55,11,12,0
4,5,9,53,84,107,107,111,106,109,100,75,97,92,109,115,119,113,103,67,14,8,13,9
7,12,13,51,100,104,106,95,104,89,80,70,55,74,104,109,121,117,109,68,14,9,2,4
7,10,9,63,102,105,105,107,92,63,58,46,54,65,83,104,117,123,109,72,38,12,14,11
11,11,11,64,100,73,88,86,74,69,52,46,46,50,51,63,86,95,93,67,55,11,8,8
13,11,13,53,71,78,66,59,56,54,47,42,38,47,49,55,69,76,95,77,42,11,3,2
11,9,17,56,65,105,88,62,57,58,58,50,43,53,59,60,70,79,87,58,43,10,7,3
12,13,41,54,105,117,73,61,55,53,50,32,44,48,51,54,64,72,95,171,100,28,11,9
6,10,20,56,179,143,60,54,50,38,22,17,19,26,38,50,30,50,67,125,93,51,13,11
0,12,14,47,55,53,31,12,8,9,3,2,2,5,13,21,38,38,52,52,59,55,19,11
6,2,3,16,27,36,13,12,9,3,1,0,0,3,7,13,10,13,22,41,56,32,27,7
0,0,7,11,13,12,12,3,0,8,4,3,4,7,7,7,11,3,12,40,25,46,50,14
0,0,0,10,12,12,8,8,8,6,10,6,2,8,11,4,11,0,0,8,41,48,52,14
0,0,0,0,0,0,0,2,1,4,3,4,8,6,0,4,6,11,8,1,12,51,40,31
0,0,0,0,8,2,0,10,10,7,6,3,6,11,12,11,11,13,8,8,14,23,21,23
0,2,5,6,11,8,7,12,14,12,11,0,8,12,12,15,10,3,5,9,11,0,21,17
7,9,2,0,10,12,14,13,11,0,4,9,8,12,12,12,1,4,13,7,0,7,12,13
3,9,13,12,8,5,6,9,0,6,8,3,5,6,17,4,1,12,10,0,5,13,9,1
7,7,14,11,9,0,6,10,10,4,0,4,4,9,4,0,5,11,0,4,10,3,8,7

5,0,5,5,0,5,1,0,7,8,6,7,3,10,4,3,2,7,1,1,4,3,10,0
10,5,10,14,14,13,12,31,51,51,55,57,52,47,13,1,12,1,0,10,11,4,2,0
10,8,12,23,42,47,71,101,78,92,88,70,101,78,47,26,22,14,29,32,18,0,11,2
3,6,12,13,30,58,90,103,108,112,113,105,99,80,63,14,4,7,9,6,1,0,0,7
0,0,2,8,11,13,72,76,108,107,101,74,88,60,60,52,21,11,4,7,0,0,0,6
0,0,0,9,6,9,40,50,63,62,62,50,50,42,41,34,42,36,6,0,0,0,0,3
3,6,9,4,14,6,11,40,54,57,66,50,18,41,48,52,47,27,13,4,0,0,0,0
0,0,0,7,11,6,7,14,19,51,57,61,23,9,47,58,70,65,51,14,12,7,8,2
0,0,0,14,37,59,5,11,11,0,14,17,56,57,61,84,118,150,88,48,2,11,0,0
0,0,13,51,65,53,53,52,53,53,67,68,80,88,105,86,115,102,72,57,12,14,5,4
4,0,14,50,53,55,68,88,79,65,80,72,87,119,117,110,90,77,72,58,33,8,3,4
2,7,39,58,64,60,75,118,120,107,97,97,106,144,154,131,105,44,61,68,51,14,4,0
10,14,51,62,62,82,92,118,139,155,145,155,149,143,136,119,97,21,19,54,46,16,0,5
10,28,68,58,50,54,93,112,129,169,191,214,175,158,141,115,100,33,4,50,50,9,0,0
2,20,54,14,45,50,68,113,120,129,171,207,194,177,162,127,54,6,0,7,13,1,1,7
14,60,52,23,39,59,68,119,130,125,134,187,208,197,152,114,70,2,0,12,9,11,15,12
30,54,54,55,48,28,102,139,123,116,138,150,207,178,129,81,66,15,10,6,10,32,9,6
11,34,35,23,28,50,68,119,130,138,169,176,150,181,164,106,58,37,29,26,26,20,8,3
12,95,53,14,31,58,100,118,125,154,172,179,169,132,118,117,84,45,22,22,43,39,14,9
27,52,48,33,25,57,63,126,148,154,160,187,193,163,138,121,109,76,14,31,55,57,7,8
35,42,34,18,14,27,70,109,127,132,167,172,176,151,143,126,90,37,19,37,60,40,7,5
32,54,42,10,14,35,61,101,132,143,157,153,149,138,111,108,53,43,34,51,89,50,18,7
41,49,37,18,14,34,56,100,115,130,143,130,125,122,119,105,102,63,14,42,107,34,13,10
37,52,25,9,13,69,102,106,121,132,150,141,139,123,111,109,105,102,63,77,106,40,3,0
14,52,13,5,50,96,105,110,109,115,128,128,128,108,109,113,108,102,76,56,83,21,4,5
13,14,13,12,79,105,114,117,114,105,109,117,106,106,122,126,131,122,105,51,55,11,12,0
4,5,9,52,84,107,107,111,106,109,100,74,95,92,109,115,119,113,103,67,14,8,13,9
7,12,13,51,100,104,106,95,104,89,80,70,54,75,104,109,121,117,109,68,14,9,2,4
7,10,9,63,102,105,105,107,92,63,58,47,54,65,83,104,118,123,109,72,38,12,14,11
11,11,11,64,100,74,88,86,74,69,52,46,47,50,51,63,86,95,93,67,55,11,8,8
13,11,13,53,71,78,67,59,56,54,47,41,38,47,49,54,69,76,95,77,41,11,3,2
11,9,15,56,65,105,89,62,57,58,58,50,41,53,58,60,70,79,87,59,43,10,7,3
12,13,41,54,105,117,73,61,55,53,50,31,45,49,51,54,64,72,95,170,100,27,11,9
6,10,19,56,179,143,60,54,50,38,22,16,17,26,36,50,30,50,67,125,93,51,13,11
0,12,14,45,55,53,31,12,8,9,3,2,2,5,13,21,38,37,52,52,59,55,19,11
6,2,3,17,27,37,13,12,9,3,1,0,0,3,7,13,10,13,22,41,56,32,27,7
0,0,7,12,13,13,12,3,0,8,4,3,4,7,7,8,11,3,12,40,25,46,50,14
0,0,0,10,12,12,8,7,8,6,10,6,2,8,11,4,10,0,0,8,42,49,52,14
0,0,0,0,0,0,0,2,1,4,3,4,8,6,0,4,6,11,8,1,12,51,41,31
0,0,0,0,8,2,0,10,10,7,6,3,6,10,12,11,11,13,8,8,14,23,21,23
0,1,5,6,10,8,7,12,14,12,11,0,8,12,12,15,10,3,5,9,10,0,21,17
7,9,2,0,10,12,14,13,11,0,4,9,9,12,12,12,1,4,13,7,0,8,12,13
2,9,13,12,8,5,6,8,0,5,8,3,5,6,17,4,1,12,10,0,4,13,9,1
7,7,14,11,9,0,6,10,10,4,0,4,3,9,4,0,5,11,0,4,10,3,8,7

4,0,5,4,0,5,1,0,7,8,6,7,3,10,4,3,2,7,1,1,4,3,10,0
10,5,10,14,14,13,12,31,51,51,55,57,52,48,13,1,12,1,0,10,11,4,2,0
10,8,12,21,43,48,71,101,78,92,88,70,101,77,48,28,21,14,29,32,18,0,11,2
3,6,12,13,29,58,90,103,107,112,113,105,99,80,63,14,4,7,9,6,1,0,0,7
0,0,2,8,11,13,72,76,108,107,101,74,87,60,60,52,22,12,4,7,0,0,0,6
0,0,0,9,6,9,40,50,63,62,62,50,50,42,42,34,42,37,6,0,0,0,0,3
4,6,9,4,14,6,11,41,54,58,67,50,19,41,49,52,48,27,13,4,0,0,0,0
0,0,0,7,11,6,7,14,20,51,57,61,26,9,49,58,70,65,51,14,12,7,8,2
0,0,0,14,37,59,5,11,11,0,14,20,57,57,61,84,119,151,88,50,2,11,0,0
0,0,13,51,64,53,53,53,53,53,67,68,80,89,105,86,115,103,72,57,12,14,6,4
3,0,14,50,53,55,68,88,80,65,80,72,87,120,117,110,90,77,73,58,34,8,3,4
2,7,39,58,64,60,75,118,120,107,97,97,106,145,155,131,105,44,61,68,51,14,4,0
10,14,52,61,61,82,92,118,140,155,145,156,150,144,136,120,98,21,19,54,46,16,0,5
11,29,69,58,50,54,94,112,129,169,190,215,178,159,142,115,100,34,4,51,50,9,1,0
2,21,54,14,45,50,68,113,121,129,171,208,194,177,163,126,52,6,0,7,13,1,1,7
14,60,52,23,38,58,68,119,130,125,133,187,207,195,150,113,70,2,0,12,9,11,15,12
28,54,54,55,47,26,102,138,123,115,136,149,207,176,126,80,66,15,9,6,10,33,9,6
11,34,35,22,28,50,68,118,129,136,166,172,149,182,163,104,57,37,29,26,26,20,8,3
12,96,54,14,29,58,100,117,124,152,170,178,167,131,118,117,83,45,22,22,43,39,14,9
28,52,50,34,25,57,62,125,146,152,158,185,191,162,138,121,109,76,14,31,55,57,7,8
35,42,33,18,14,27,70,109,126,131,165,170,174,150,142,126,90,38,18,37,61,40,7,5
32,54,43,10,14,36,63,101,132,143,155,151,148,136,110,109,54,43,35,51,89,50,18,7
40,49,36,18,15,34,57,101,115,129,143,129,124,122,119,106,103,65,14,41,107,34,13,10
34,52,26,9,14,71,102,106,121,132,151,141,140,123,112,109,105,102,64,76,106,40,3,0
14,53,13,5,51,96,105,110,109,115,129,128,129,109,109,113,108,102,76,56,84,22,4,5
13,14,13,12,79,105,114,117,114,105,109,118,106,107,122,126,132,122,106,51,56,11,12,0
4,5,9,53,83,107,107,111,106,109,100,75,97,91,109,116,119,113,103,67,14,8,13,9
7,12,13,52,100,104,106,95,104,89,80,70,54,76,104,109,121,117,109,69,14,9,2,4
7,10,9,64,102,105,105,107,92,63,58,47,54,65,84,104,118,123,109,72,39,12,14,11
11,11,11,64,100,74,88,86,74,69,52,46,47,50,51,63,86,95,93,67,55,11,8,8
13,11,13,53,71,79,67,59,56,54,47,41,38,47,50,54,70,76,96,77,42,11,3,2
11,9,15,56,65,106,89,62,57,58,58,50,42,53,59,60,70,79,87,58,43,10,7,3
12,13,41,54,104,117,73,61,55,53,50,32,44,48,51,54,64,72,95,171,100,28,11,9
6,10,18,56,178,143,60,54,50,37,22,16,17,27,37,50,30,50,67,124,93,51,13,11
0,12,14,46,55,53,31,12,8,9,3,2,2,5,13,21,39,37,52,52,59,55,19,11
6,2,4,15,28,37,13,12,9,3,1,0,0,3,7,13,10,13,23,40,57,32,27,8
0,0,7,12,13,12,12,3,0,8,4,3,3,7,6,7,11,3,12,40,25,46,50,14
0,0,0,10,12,12,8,7,8,6,10,6,2,8,11,4,11,0,0,8,42,48,52,14
0,0,0,0,0,0,0,2,1,4,3,4,8,6,1,4,6,11,8,1,12,50,40,31
0,0,0,0,8,2,0,10,10,7,6,3,6,10,12,11,11,12,8,8,14,22,21,23
0,1,5,6,10,8,7,12,14,12,11,0,8,12,12,14,10,3,5,9,10,0,21,17
7,9,2,0,10,12,14,13,11,0,4,9,9,12,12,12,1,4,13,7,0,7,12,13
2,9,13,12,8,5,6,9,0,5,8,3,5,6,17,4,1,12,10,0,4,13,9,1
7,7,14,11,10,0,6,10,10,4,0,4,4,9,4,0,5,11,0,4,10,3,8,7
0,10,3,4,1,1,6,2,3,3,10,3,7,6,8,7,0,0,5,0,4,5,0,4
0,2,4,11,10,0,1,12,1,13,48,52,57,55,51,50,31,11,13,14,13,9,5,10
2,10,0,17,31,29,14,21,27,48,77,101,70,87,91,78,101,71,47,40,18,12,7,9
6,0,0,1,6,9,6,4,13,63,79,98,105,113,111,107,103,89,57,26,13,11,4,2
5,0,0,0,7,3,11,21,51,60,60,86,73,100,106,107,76,71,12,9,6,0,0,0
2,0,0,0,0,6,36,41,34,41,41,49,50,61,61,62,48,36,8,5,8,0,0,0
0,0,0,0,4,12,25,46,51,43,37,14,33,63,56,53,28,10,4,13,4,7,4,2
2,8,7,12,14,51,65,70,58,44,8,17,58,56,51,14,13,6,4,8,5,0,0,0
0,0,10,2,44,87,149,119,84,61,55,55,13,9,0,10,8,4,55,15,13,0,0,0
4,5,14,12,56,71,101,114,85,104,87,77,65,62,48,50,51,50,51,62,50,11,0,0
4,3,8,30,58,72,76,89,109,116,117,85,71,78,63,75,82,65,55,52,47,13,0,1
0,3,14,50,68,60,42,104,131,153,143,105,95,94,104,115,112,71,59,63,56,28,5,1
5,0,14,45,54,16,20,97,119,135,143,148,153,143,152,136,114,86,79,59,57,44,13,9
0,0,9,45,47,4,31,100,116,142,159,177,214,190,168,127,111,89,52,43,54,65,25,10
7,1,0,13,6,1,6,54,128,166,180,196,208,171,130,121,112,68,50,43,12,47,14,1
12,16,11,9,12,0,2,72,116,155,200,211,188,135,127,131,120,69,59,38,20,51,59,14
6,9,29,10,6,9,15,67,83,133,182,207,150,138,118,126,140,102,26,49,56,54,53,31
3,8,18,26,27,30,38,59,110,168,181,150,176,169,139,131,122,69,50,28,22,34,34,11
8,13,38,43,20,21,45,86,119,120,133,169,180,172,155,125,119,100,58,29,14,52,94,12
7,6,56,54,28,14,77,110,122,139,165,193,188,161,154,148,127,63,57,26,34,48,52,27
5,6,36,59,37,18,37,93,127,143,153,176,173,168,132,128,110,72,28,13,18,33,42,36
7,17,49,87,50,34,42,53,109,112,138,150,155,159,145,133,103,63,36,14,9,41,54,32
10,13,34,106,43,14,60,101,106,119,123,126,131,144,131,117,102,57,34,14,17,36,50,41
0,3,38,106,72,61,101,105,109,112,124,140,141,153,134,122,106,102,69,13,9,21,52,35
5,4,19,82,55,75,102,108,113,109,108,129,129,130,116,110,111,106,98,50,4,13,52,14
0,12,11,53,46,105,122,132,126,122,106,106,119,110,106,115,118,115,105,79,11,12,13,12
10,13,8,14,64,103,113,119,116,109,91,98,74,100,109,106,111,107,107,83,51,8,4,3
4,2,9,13,69,109,118,121,110,104,74,54,67,76,88,104,97,106,104,100,50,12,11,6
10,14,12,36,73,110,123,118,105,84,65,53,46,57,63,93,108,105,105,102,62,7,9,6
8,9,11,55,68,93,95,88,64,51,50,47,46,51,68,74,87,89,73,100,64,6,9,11
2,3,12,39,77,96,75,70,54,47,46,39,42,47,54,56,59,66,77,71,53,12,7,12
0,5,10,43,60,87,78,70,59,57,53,43,50,55,57,56,62,87,104,66,56,14,4,9
9,11,26,98,165,93,69,63,53,50,44,45,29,50,52,54,60,71,115,103,54,32,11,11
11,12,51,94,124,66,48,29,43,38,27,17,16,22,37,50,53,59,139,174,56,14,9,6
11,18,55,59,52,50,34,33,21,13,5,2,2,3,8,7,10,25,52,55,48,12,10,0
7,27,33,57,38,19,12,10,13,7,3,0,0,1,2,8,12,11,33,24,14,0,0,5
13,50,47,25,37,13,0,8,8,7,7,4,4,5,7,0,3,12,12,13,11,5,0,0
13,52,45,36,7,0,0,8,6,11,5,2,6,10,6,8,8,8,11,11,9,0,0,0
30,37,50,11,2,7,12,7,6,1,7,8,4,1,4,0,1,0,0,0,0,0,0,0
22,19,14,13,8,8,13,11,11,12,11,6,3,6,7,11,10,0,1,6,0,0,0,0
15,20,0,10,9,5,4,10,14,12,12,8,0,11,12,14,11,6,8,10,5,4,0,0
12,11,7,0,7,13,4,1,12,12,12,9,9,4,0,11,13,13,12,9,0,1,9,7
0,9,13,4,0,10,12,1,4,17,5,6,3,9,6,0,9,5,5,7,11,12,8,1
6,8,2,10,4,0,11,5,0,4,9,3,4,0,4,10,10,6,0,9,11,13,6,6

0,10,3,4,1,1,6,2,3,3,10,2,7,6,8,7,0,0,5,0,4,5,0,4
0,2,4,11,10,0,1,12,1,13,48,52,57,55,51,50,30,11,13,14,13,9,5,10
2,11,0,18,30,28,14,21,27,48,78,101,70,87,91,78,101,70,47,42,18,12,7,9
6,0,0,1,6,9,7,4,13,63,79,98,105,113,112,107,103,89,57,28,13,11,5,2
5,0,0,0,7,3,11,21,51,59,60,86,73,100,106,107,76,71,12,10,6,0,0,0
2,0,0,0,0,6,36,42,33,41,41,49,50,61,61,62,48,37,8,5,8,0,0,0
0,0,0,0,4,13,25,47,51,43,39,14,33,63,56,53,30,10,4,13,4,7,4,2
2,8,7,12,14,51,65,70,58,43,8,16,58,55,51,14,13,6,4,8,6,0,0,0
0,0,10,2,44,87,149,119,84,61,55,55,13,9,0,10,9,4,55,14,12,0,0,0
4,5,14,12,56,71,101,114,85,104,87,77,65,63,49,50,51,50,51,62,50,11,0,0
4,3,8,30,58,72,76,90,109,116,117,85,71,78,63,75,83,66,55,52,47,13,0,1
0,3,14,50,67,60,42,104,131,154,143,105,95,94,104,115,112,71,59,63,56,29,5,1
5,0,14,45,54,17,20,97,119,135,143,148,153,143,150,135,114,86,79,58,57,46,13,9
0,0,9,43,47,4,29,100,115,142,159,176,212,189,165,126,111,89,51,43,54,65,24,10
7,1,0,13,6,1,6,54,128,165,180,195,207,171,129,120,112,67,50,43,13,47,14,1
12,16,11,9,12,0,2,72,116,155,200,212,188,136,128,131,120,69,59,39,20,51,59,14
6,9,29,10,6,9,15,67,83,133,182,207,151,140,118,126,140,102,26,47,56,54,53,29
3,8,18,26,27,30,38,59,111,168,180,151,178,171,140,132,122,69,50,28,21,34,33,11
8,13,38,42,20,22,46,86,119,120,133,170,181,174,156,126,119,100,59,31,14,51,94,12
7,6,56,54,29,14,77,110,123,139,166,195,189,162,156,148,127,64,58,25,33,50,52,28
5,6,36,59,37,18,37,93,127,144,154,178,174,169,133,128,110,72,28,14,18,34,42,36
7,17,49,87,51,33,41,53,108,113,139,151,156,160,145,134,103,63,35,14,10,40,54,34
10,13,34,106,43,14,60,101,105,119,123,126,131,144,131,117,101,56,33,14,17,36,50,42
0,3,37,105,72,62,101,105,109,112,123,140,141,152,133,122,106,102,69,13,8,23,52,34
5,4,19,82,55,73,102,108,113,109,108,129,129,129,116,110,110,106,96,48,4,13,51,14
0,12,11,53,47,105,122,132,126,122,106,106,118,110,105,115,117,115,105,79,11,12,14,12
10,13,8,14,64,103,113,119,115,109,91,97,74,100,109,106,111,107,107,83,52,8,3,3
4,2,9,13,68,109,117,121,109,103,73,53,67,76,88,104,97,106,104,100,50,12,11,5
10,14,12,36,73,110,123,118,105,84,65,53,45,57,62,93,107,105,105,102,62,7,9,6
8,8,11,55,68,93,95,88,64,51,50,47,46,51,69,74,87,88,73,100,64,7,9,11
2,3,12,40,77,96,75,70,54,48,46,38,42,47,54,56,60,66,77,71,53,13,8,12
1,6,10,43,60,87,78,70,59,57,53,44,50,55,58,56,62,87,105,66,56,14,6,10
9,11,27,99,166,93,69,63,53,50,44,43,30,50,52,54,60,71,116,103,54,33,12,11
11,12,51,94,124,66,48,29,45,38,26,18,16,22,38,50,54,59,139,174,56,15,9,6
11,19,55,59,52,51,35,35,21,13,5,2,2,3,8,7,11,25,52,55,50,12,10,0
7,27,33,57,38,20,13,10,13,7,3,0,0,1,2,8,12,11,33,25,14,0,0,5
13,50,47,25,38,13,0,8,8,6,7,4,3,5,7,0,3,12,12,13,11,5,0,0
14,52,45,37,7,0,0,8,5,10,5,2,6,10,6,8,8,8,11,11,9,0,0,0
30,37,50,11,2,7,12,7,5,0,6,8,4,1,4,0,1,0,0,0,0,0,0,0
22,19,15,13,8,8,13,11,11,12,11,6,3,6,7,11,10,0,2,6,0,0,0,0
15,20,0,10,9,5,4,10,14,11,12,8,0,11,12,14,11,6,8,10,5,4,0,0
12,11,7,0,7,13,4,1,12,12,11,8,9,4,0,11,13,13,12,9,0,1,9,7
0,9,13,4,0,10,12,1,4,17,5,5,3,9,6,0,9,5,5,7,11,12,8,1
7,8,3,10,4,0,11,5,0,4,9,3,4,0,4,10,10,6,0,9,11,13,6,6

0,10,3,4,1,1,6,2,3,4,10,3,7,6,8,7,0,0,5,0,4,5,0,4
0,2,4,11,10,0,1,12,1,13,50,52,57,55,51,50,31,11,12,14,13,9,5,10
2,11,0,18,31,28,14,21,28,47,77,101,69,87,91,77,101,70,47,40,18,12,7,9
6,0,0,1,6,9,7,4,13,63,79,98,105,113,112,107,103,89,57,27,13,11,4,2
5,0,0,0,7,3,11,21,52,60,60,87,73,100,106,107,76,70,12,10,6,0,0,0
2,0,0,0,0,6,35,41,33,40,41,50,50,61,61,62,48,36,8,5,8,0,0,0
0,0,0,0,4,12,25,47,51,45,40,14,37,64,56,53,30,10,4,13,4,7,5,2
2,8,7,12,14,51,65,69,58,42,8,17,59,56,51,14,13,6,4,8,5,0,0,0
0,0,10,2,43,86,148,118,84,61,55,56,13,10,0,10,8,4,55,14,12,0,0,0
4,5,14,12,56,71,101,113,85,104,87,78,66,63,50,51,51,50,51,62,50,11,0,0
4,3,8,29,58,72,76,89,110,116,118,85,71,78,63,76,83,66,55,52,47,13,0,1
0,3,14,50,68,60,41,104,131,154,144,106,96,95,105,116,113,71,59,63,56,28,5,1
5,0,15,45,54,16,20,97,119,136,144,149,155,144,152,136,114,87,80,59,58,44,13,9
0,0,9,43,47,4,30,100,115,142,160,178,215,190,168,128,111,89,52,44,55,66,25,10
7,1,0,13,7,1,6,54,127,165,180,196,208,171,130,121,112,67,50,45,13,48,14,1
12,16,11,9,12,0,2,71,115,153,198,211,188,135,127,131,120,69,59,39,20,51,59,14
6,9,29,10,6,9,15,67,82,130,180,208,150,138,118,126,139,102,25,48,55,54,53,30
3,8,18,26,27,30,38,58,108,167,182,150,175,168,138,131,121,68,50,28,22,34,34,11
8,13,38,43,20,21,46,85,118,120,132,169,180,172,154,125,118,100,58,31,14,52,95,12
8,7,56,55,30,14,77,110,122,139,165,193,188,161,154,148,127,63,57,26,35,50,52,28
5,6,37,60,37,18,38,93,127,143,153,176,172,168,132,128,110,72,27,14,18,33,42,36
7,17,50,87,51,34,42,54,109,112,138,150,154,159,144,133,103,63,37,14,10,42,54,34
10,13,34,107,43,14,61,102,106,119,123,126,130,144,131,117,101,57,34,14,18,36,50,42
0,3,38,106,75,62,102,105,109,112,124,140,141,152,133,122,106,102,71,13,9,23,54,35
5,4,20,82,55,75,102,108,113,109,108,129,129,129,116,110,111,106,97,51,5,13,53,14
0,12,11,54,48,106,122,132,126,122,106,106,118,110,105,115,117,115,105,80,11,12,14,12
9,13,8,14,65,103,113,119,116,109,92,97,75,100,109,106,111,107,107,83,52,8,4,3
4,2,9,14,68,109,118,121,110,104,74,54,67,76,89,104,97,106,104,100,50,12,11,6
10,14,12,36,73,110,123,118,104,84,65,53,46,57,63,92,108,105,105,102,62,7,9,6
8,8,11,55,68,93,95,88,64,51,50,47,46,52,68,74,87,88,73,100,64,7,9,11
2,3,12,39,77,96,75,70,54,48,46,38,42,47,54,56,59,66,77,71,52,13,9,12
1,6,10,43,60,87,79,70,59,58,53,43,50,55,57,56,62,87,105,66,56,14,6,10
9,11,26,98,166,94,69,63,53,50,44,45,30,50,52,55,60,72,116,103,54,35,12,11
11,12,51,93,124,66,48,29,45,38,26,18,16,22,38,50,54,59,140,174,56,16,9,6
11,19,55,59,52,51,36,36,21,13,5,2,2,3,8,7,11,25,52,55,49,13,11,0
7,27,33,57,39,20,12,10,13,7,3,0,0,1,2,9,12,12,33,25,14,0,0,5
13,50,47,25,38,12,0,8,8,6,7,3,3,4,7,0,3,12,12,13,11,5,0,0
14,52,45,37,7,0,0,8,5,10,5,2,6,10,6,8,8,8,11,11,9,0,0,0
30,36,50,11,2,7,12,7,5,0,6,8,4,1,4,0,1,0,0,0,0,0,0,0
22,19,16,13,8,8,13,11,11,12,10,5,3,6,7,11,10,0,2,6,0,0,0,0
15,21,0,10,9,5,4,10,14,12,12,8,0,11,12,14,11,6,8,10,6,4,0,0
12,11,7,0,7,13,4,1,12,12,12,8,9,4,0,11,13,14,12,9,0,1,9,7
0,9,13,4,0,10,11,1,4,16,5,5,3,9,6,0,9,5,5,7,11,12,8,1
7,8,2,10,4,0,11,5,0,4,9,3,4,0,3,10,10,6,0,9,11,13,6,6

0,10,3,4,1,1,7,2,3,4,10,3,6,5,8,7,0,0,5,0,4,5,0,4
0,2,4,11,10,0,1,12,1,13,47,52,57,55,51,50,30,11,13,14,13,9,5,10
2,11,0,21,32,28,14,21,26,48,77,101,70,87,91,78,101,70,44,42,18,12,7,9
6,0,0,1,6,9,7,4,13,63,79,98,105,113,112,107,103,89,57,27,13,11,4,2
5,0,0,0,7,4,11,21,51,59,59,86,73,100,106,107,76,71,12,10,6,0,0,0
2,0,0,0,0,6,36,42,34,41,41,50,50,61,61,63,48,37,8,5,8,0,0,0
0,0,0,0,4,13,27,46,51,45,39,15,41,64,56,53,30,10,4,13,4,7,5,2
2,8,7,12,14,51,65,70,58,43,8,22,60,57,51,15,13,6,4,8,6,0,0,0
0,0,10,2,45,87,150,119,84,61,56,56,14,11,0,10,9,4,56,14,12,0,0,0
4,5,14,12,56,71,101,114,86,104,88,79,67,63,50,51,51,50,51,62,50,11,0,0
4,3,8,30,58,72,76,90,110,117,118,86,71,78,63,76,83,66,55,52,48,13,0,2
0,3,14,51,68,61,42,104,131,154,144,106,96,95,105,116,113,71,59,63,56,29,5,1
5,0,14,46,54,17,20,97,119,136,144,149,155,143,152,137,115,87,80,59,58,46,13,10
0,0,9,45,48,4,31,100,115,142,160,179,217,190,168,128,111,90,52,47,55,66,26,10
7,1,0,13,7,0,6,53,127,164,180,197,210,172,130,121,113,67,50,43,13,50,14,2
12,16,11,9,12,0,2,70,114,152,197,210,188,134,127,131,119,68,58,39,20,51,59,14
6,9,29,10,6,9,14,66,81,128,179,210,149,137,117,126,138,102,24,47,55,54,53,28
3,8,18,26,26,29,38,58,106,166,185,149,173,166,136,131,121,68,50,27,22,34,34,11
8,13,38,42,20,22,46,85,118,119,132,167,178,170,152,124,118,100,57,29,14,52,94,12
7,7,56,54,30,14,77,110,122,138,163,192,186,158,152,147,126,63,57,25,35,50,52,27
5,6,37,60,37,18,38,94,127,143,151,175,171,166,131,127,110,71,28,13,18,34,42,36
7,18,50,87,51,35,43,55,110,112,137,149,152,157,144,133,103,64,38,15,9,41,54,34
10,13,35,107,43,14,62,103,107,120,123,125,130,143,130,116,102,58,35,15,18,36,50,42
0,3,39,106,75,63,102,106,109,112,124,140,141,152,133,122,106,102,71,14,9,25,54,35
5,4,20,83,55,75,102,108,113,109,109,129,129,130,116,110,111,106,98,51,5,13,51,14
0,12,11,54,48,105,122,132,126,122,106,106,119,110,105,115,117,115,105,80,11,12,14,12
9,13,8,14,65,103,113,120,116,109,93,97,75,100,109,106,111,107,107,83,52,9,4,3
4,2,9,14,69,110,118,121,110,104,74,54,69,76,89,104,97,106,104,100,51,13,12,6
10,14,12,36,73,110,123,118,104,84,65,53,47,57,63,92,108,105,105,102,63,7,9,6
8,8,11,55,68,94,95,88,64,51,50,47,46,52,69,74,87,89,73,100,64,8,9,11
2,3,12,39,77,96,76,70,54,49,47,39,42,47,54,56,59,66,78,71,53,13,9,12
1,6,10,43,60,87,79,70,59,58,53,43,50,55,57,56,62,88,105,66,56,14,7,10
8,11,26,98,166,94,70,63,53,50,46,46,30,50,52,54,60,72,116,103,54,35,12,12
11,12,51,93,124,66,48,29,45,36,26,17,16,22,38,50,54,59,140,173,56,16,9,6
11,18,55,59,52,51,36,36,21,13,5,2,2,3,8,7,11,27,53,55,49,13,11,0
7,27,33,57,38,22,12,10,13,7,3,0,0,0,2,9,12,12,35,25,14,1,0,5
13,50,47,25,38,12,0,8,8,6,7,3,3,5,7,0,3,12,12,13,11,6,0,0
14,52,46,37,7,0,0,8,5,10,5,2,6,10,6,8,8,8,11,11,9,0,0,0
31,38,50,11,2,7,12,7,5,0,6,8,4,1,4,0,1,0,0,0,0,0,0,0
22,19,16,13,8,8,13,11,11,12,11,6,3,6,7,11,10,0,2,7,0,0,0,0
15,21,0,10,9,5,3,10,14,12,12,8,0,11,12,14,11,6,8,10,6,4,0,0
13,11,7,0,7,13,4,1,12,12,11,8,9,4,0,11,13,14,12,9,0,1,9,7
0,9,13,4,0,10,11,1,4,17,5,5,3,9,6,0,9,5,5,7,11,12,8,1
7,8,2,10,4,0,11,5,0,4,9,3,4,0,4,10,10,6,0,9,11,13,6,6

0,10,3,4,1,1,6,2,3,3,10,2,6,5,8,7,0,0,5,0,4,5,0,4
0,2,4,11,9,0,1,12,1,13,47,52,57,54,51,50,31,11,13,14,13,9,5,10
2,11,0,18,32,27,14,21,26,50,78,101,70,87,92,77,101,70,45,40,18,12,7,10
6,0,0,1,6,9,7,4,13,63,79,98,105,113,112,107,103,89,57,27,13,11,4,2
5,0,0,0,7,4,11,21,52,60,60,87,73,101,107,107,76,71,12,10,6,0,0,0
2,0,0,0,0,6,36,43,34,41,42,50,50,61,61,62,48,37,8,5,8,0,0,0
0,0,0,0,4,13,26,46,51,43,38,14,43,64,56,53,32,11,4,13,4,7,5,2
2,8,7,12,14,51,65,70,58,45,8,23,60,57,51,14,13,6,4,8,6,0,0,0
0,0,10,2,44,87,150,119,84,61,56,56,14,11,0,10,9,4,56,15,12,0,0,0
4,5,14,12,56,71,102,114,86,104,87,78,67,64,50,50,51,50,52,62,50,12,0,0
4,3,8,31,58,72,76,90,110,117,118,85,71,79,63,76,83,66,55,52,48,13,0,2
0,3,14,50,68,61,42,104,131,154,144,106,96,95,105,116,113,71,59,63,56,31,5,1
5,0,15,46,54,17,20,97,119,135,144,149,155,143,153,137,115,87,80,59,59,46,13,10
0,0,9,47,48,4,31,100,115,142,160,178,216,190,168,129,111,90,52,46,56,66,26,10
7,1,0,13,7,0,6,53,127,164,180,196,210,173,130,121,113,68,50,45,13,50,14,2
12,16,11,9,12,0,2,70,115,152,198,211,188,135,127,131,119,68,58,38,20,51,59,14
6,9,29,10,6,9,15,66,81,128,180,210,149,137,117,126,139,102,24,48,55,54,53,31
3,8,18,26,26,29,37,58,106,167,185,149,173,166,136,130,121,68,50,27,22,34,34,11
8,13,38,43,20,22,46,85,118,119,132,168,178,170,152,124,118,100,58,31,14,52,96,12
7,7,56,54,29,14,77,110,122,138,163,192,186,158,152,147,126,63,57,25,34,50,52,28
5,6,38,60,38,18,37,93,127,143,151,174,171,166,131,127,110,71,28,13,18,33,42,36
7,18,50,87,51,35,43,56,110,112,137,149,152,157,143,133,103,64,38,14,9,41,54,33
10,13,35,107,43,14,63,103,107,120,122,125,130,143,130,116,102,58,35,15,18,36,50,42
0,3,39,106,75,62,102,105,109,112,124,140,141,152,133,122,106,102,71,14,9,25,53,37
5,4,21,83,55,74,102,108,113,109,109,129,129,130,116,110,111,106,97,51,5,13,53,14
0,12,11,54,48,106,122,132,126,122,106,106,119,110,105,115,117,115,105,79,11,13,14,12
10,13,8,14,65,103,113,119,116,109,93,97,75,100,109,106,111,107,107,83,52,9,4,3
4,2,9,14,69,109,118,121,110,104,74,54,68,77,89,104,96,106,104,100,50,13,12,6
10,14,12,37,73,110,123,118,104,84,65,53,46,58,63,93,107,105,105,102,63,7,9,6
8,9,11,55,68,93,95,88,63,51,50,47,46,51,69,75,87,88,73,100,64,8,9,11
2,3,12,40,77,96,75,70,54,49,47,38,42,47,54,56,59,66,78,71,53,13,9,12
1,6,10,43,59,87,79,70,59,58,53,42,50,56,57,57,62,88,105,66,56,14,7,10
9,11,26,98,166,94,70,63,53,50,46,44,29,50,52,54,60,72,116,103,54,36,12,12
11,12,51,93,124,66,49,29,46,36,26,17,15,22,38,50,54,59,140,174,56,16,9,6
11,19,55,59,52,51,36,36,21,13,5,2,2,3,9,7,11,26,52,55,47,13,11,0
7,27,33,57,39,22,12,10,13,7,3,0,0,0,2,9,12,12,34,25,14,1,0,6
13,50,47,25,39,12,0,8,8,6,7,3,3,4,7,0,3,12,12,13,11,6,0,0
14,52,46,38,8,0,0,8,5,10,5,2,6,10,6,8,8,8,11,11,9,0,0,0
31,38,50,11,2,7,12,6,5,0,6,8,4,2,4,1,1,0,0,0,0,0,0,0
22,19,17,13,8,8,13,11,11,12,10,5,3,6,7,11,10,0,2,7,0,0,0,0
16,21,0,10,9,5,3,10,14,11,12,8,0,11,12,14,11,7,8,10,6,4,0,0
13,11,7,0,7,13,4,1,12,12,12,9,9,4,0,11,13,14,12,9,0,1,9,7
0,9,13,4,0,10,12,1,4,17,6,5,3,9,6,0,9,5,5,7,11,12,8,1
7,8,3,10,4,0,11,5,0,4,9,3,4,0,3,10,10,6,0,9,11,13,6,6

0,10,3,4,1,1,7,2,3,4,10,3,6,5,8,7,0,0,5,0,4,5,0,4
0,2,4,11,10,0,1,12,1,13,48,52,57,55,51,50,30,11,13,14,14,9,5,10
2,11,0,20,32,27,14,22,26,50,78,101,70,87,91,77,101,70,45,40,20,12,7,10
6,0,0,1,6,9,7,4,13,63,79,98,105,113,112,107,103,89,57,27,13,11,5,2
5,0,0,0,7,4,11,22,52,60,60,87,73,101,107,107,76,71,12,10,6,0,0,0
2,0,0,0,0,6,36,42,34,41,42,50,50,61,61,62,48,37,8,5,8,0,0,0
0,0,0,0,4,13,25,46,51,44,38,14,39,64,56,53,32,11,4,14,4,7,5,2
2,8,7,12,14,51,65,70,58,45,8,21,60,56,51,15,13,6,4,9,6,0,0,0
0,0,10,2,45,87,150,119,84,61,55,56,14,10,0,10,9,5,56,18,13,0,0,0
4,5,14,12,56,71,101,114,85,104,87,78,66,63,50,51,51,50,51,62,50,12,0,0
4,3,8,30,58,72,76,89,109,116,117,85,71,78,64,76,84,66,55,52,48,13,0,2
0,3,14,50,68,61,42,104,131,153,143,105,95,95,105,116,113,71,59,63,56,31,5,1
5,0,15,45,54,17,20,97,119,135,143,148,153,143,152,136,115,87,80,59,58,47,13,10
0,0,9,45,47,4,30,100,115,142,159,176,214,190,168,127,111,90,52,46,55,65,26,10
7,1,0,13,7,1,6,54,127,165,179,195,208,172,130,121,113,67,50,45,13,50,14,2
12,16,11,9,12,0,2,71,116,154,199,211,188,136,127,131,120,69,59,41,22,51,59,14
6,9,30,10,6,9,15,67,83,132,181,208,151,139,118,126,140,102,26,49,55,54,53,29
3,8,18,26,27,30,38,59,110,168,182,150,176,169,139,131,121,69,50,28,22,35,34,11
8,13,38,42,21,22,46,86,118,120,132,169,180,172,155,125,118,100,58,32,14,51,94,12
8,7,56,54,30,14,76,110,122,139,164,193,188,160,154,148,127,63,58,25,34,48,52,27
5,6,37,60,37,18,38,93,127,143,152,176,172,168,132,128,110,71,28,14,18,34,42,36
7,18,50,87,51,34,42,54,109,112,138,150,154,159,144,133,102,63,36,14,10,40,54,33
10,13,34,107,43,14,62,102,106,119,123,125,130,144,131,116,101,57,34,14,18,36,50,42
0,3,39,106,72,62,102,105,109,112,123,140,141,152,133,122,106,102,69,13,8,22,52,34
5,4,20,83,55,74,102,108,113,109,108,129,129,129,116,110,110,106,97,50,5,13,53,14
0,12,11,54,49,105,122,132,126,122,106,106,118,109,105,115,117,114,105,79,11,12,14,13
10,13,8,14,65,103,113,119,116,109,93,97,74,100,109,106,111,107,107,83,52,9,4,3
4,2,9,13,68,109,117,121,110,104,73,54,67,78,89,104,96,106,104,100,51,13,12,6
10,14,12,37,72,110,123,118,104,83,64,54,47,58,63,93,107,105,105,102,62,8,9,6
8,8,11,55,68,93,95,88,63,51,50,47,46,52,68,75,87,88,73,100,64,8,10,11
2,3,12,40,77,95,75,70,54,48,46,38,41,47,54,56,59,66,78,71,53,13,9,12
1,6,10,43,59,87,79,70,59,58,53,43,50,56,57,56,62,87,105,66,56,14,7,10
9,11,27,99,167,94,70,63,53,50,47,45,30,50,52,54,60,72,116,103,54,37,12,12
11,12,51,94,124,66,48,30,46,36,26,17,16,23,38,50,54,59,140,175,56,16,9,6
11,19,55,59,52,51,36,37,21,13,5,2,2,3,9,7,11,27,53,55,48,13,11,0
7,27,33,57,39,20,13,10,13,7,3,0,0,0,2,9,12,12,34,25,15,1,0,6
13,50,47,25,38,12,0,8,8,6,7,3,3,5,7,0,3,12,12,13,11,6,0,0
14,52,45,38,8,0,0,9,5,10,5,2,6,10,6,8,8,8,11,11,9,0,0,0
31,38,50,12,2,8,12,6,4,0,6,8,4,2,4,1,1,0,0,0,0,0,0,0
22,20,17,13,8,8,13,11,11,12,10,5,3,6,7,11,10,0,2,7,0,0,0,0
16,21,0,10,9,5,3,10,14,12,12,8,0,11,12,14,11,7,8,10,6,4,0,0
13,11,7,0,7,13,4,1,12,12,12,8,9,4,0,11,13,14,12,9,0,1,9,7
0,9,13,4,0,10,11,1,4,16,6,5,3,8,6,0,9,5,5,7,12,12,8,1
7,8,3,10,4,0,11,5,0,4,9,3,4,0,4,10,10,6,0,9,11,13,7,7

0,10,3,4,1,1,7,2,3,4,10,3,7,6,8,7,0,0,5,0,4,5,0,4
0,2,4,11,10,0,1,12,1,13,48,52,57,55,51,50,30,12,13,14,13,9,5,10
2,11,0,18,32,28,14,21,26,47,78,101,70,87,91,77,101,70,45,39,18,12,7,10
6,0,0,1,6,9,7,4,13,63,79,98,105,113,112,107,103,89,57,28,13,11,5,2
5,0,0,0,7,4,11,21,52,60,59,87,73,101,107,108,76,71,12,10,6,0,0,0
3,0,0,0,0,6,36,43,34,41,42,50,50,61,61,62,49,37,8,5,8,0,0,0
0,0,0,0,4,13,26,46,51,45,37,14,42,64,56,53,32,11,4,14,4,7,5,2
2,8,7,12,14,51,65,70,58,45,8,20,60,56,51,16,13,6,4,9,6,0,0,0
0,0,10,2,45,87,149,119,84,61,56,55,14,10,0,10,9,4,56,17,13,0,0,0
4,5,14,12,56,71,101,114,85,104,87,78,66,63,50,51,51,51,51,62,50,12,0,0
4,3,8,30,58,72,76,90,110,117,118,85,71,78,64,76,84,66,55,52,48,13,0,2
0,3,14,51,68,61,42,104,131,153,143,105,95,95,105,116,113,72,59,63,56,31,5,1
5,0,15,46,54,17,20,97,119,135,143,148,152,143,151,135,114,87,80,60,59,47,13,10
0,0,9,45,47,4,33,100,115,141,158,175,213,189,166,126,111,89,52,46,56,66,26,10
7,1,0,13,7,1,6,54,127,164,179,195,207,171,129,120,112,67,50,45,13,50,14,2
12,16,11,9,12,0,2,72,116,154,199,212,189,136,127,131,120,69,59,41,22,51,59,14
6,9,29,10,6,10,16,67,83,133,182,209,152,140,118,125,140,102,27,48,56,54,54,29
3,8,18,26,27,30,38,59,110,168,181,152,178,171,140,132,121,69,50,28,22,34,34,11
8,13,38,43,21,22,46,86,119,120,133,171,181,174,157,126,119,100,58,33,14,52,94,12
8,7,56,54,29,14,77,110,123,139,166,195,189,162,156,148,127,64,58,26,34,49,52,28
5,6,37,60,37,18,37,93,127,144,154,178,174,169,133,128,110,72,27,14,18,34,42,36
7,18,50,88,51,34,42,53,109,113,139,151,156,160,145,133,102,62,35,14,10,42,54,34
10,13,34,107,43,14,61,101,105,119,123,126,131,144,131,116,101,56,33,14,18,37,50,42
0,3,38,106,73,62,102,105,109,112,123,140,141,152,133,121,106,102,68,13,9,22,54,37
5,4,20,83,55,75,102,108,113,109,108,128,128,129,115,110,110,106,96,50,5,13,52,14
0,12,11,54,47,105,122,131,126,122,106,106,118,109,105,115,117,114,105,79,11,12,14,13
9,13,8,14,65,103,113,119,116,109,92,96,74,100,109,106,111,107,107,83,52,9,4,3
4,2,9,14,68,109,117,121,110,104,74,54,69,77,89,104,96,106,104,100,51,13,12,6
10,14,12,37,72,109,123,118,104,83,65,53,45,57,63,92,107,105,105,102,62,8,9,6
8,8,11,55,68,93,95,88,63,51,50,48,46,51,69,74,86,88,73,100,64,8,10,11
2,3,12,39,77,95,75,70,54,49,47,38,42,47,54,56,59,66,78,71,53,13,9,12
1,6,10,43,59,87,79,70,60,58,53,44,50,56,58,57,62,88,105,66,56,14,7,10
9,11,26,99,167,93,70,63,53,50,45,45,31,50,52,55,60,72,116,103,54,37,12,12
11,13,51,94,124,66,49,29,47,38,27,19,16,22,38,50,54,59,140,175,56,18,9,6
11,19,55,59,52,51,35,36,21,13,5,2,2,3,9,7,11,27,53,55,48,13,11,0
7,27,33,57,40,21,13,10,13,7,3,0,0,1,2,9,12,12,35,25,14,1,1,6
13,50,47,25,38,12,0,8,8,6,7,3,3,4,7,0,3,12,12,13,11,6,0,0
14,52,47,38,8,0,0,9,5,10,5,2,6,10,6,8,8,8,11,11,9,0,0,0
31,38,50,11,2,8,12,6,4,0,6,8,4,2,4,1,1,0,0,0,0,0,0,0
22,19,18,13,8,8,13,11,11,12,10,6,3,6,7,11,10,0,2,7,0,0,0,0
16,21,0,10,9,5,3,10,14,12,12,8,0,11,12,14,11,7,8,10,6,4,0,0
13,11,7,0,7,13,4,1,12,12,11,8,9,4,0,11,13,14,12,9,0,1,9,7
0,9,13,4,0,10,12,1,4,17,5,5,3,9,6,0,9,5,5,7,12,12,8,2
7,8,3,10,4,0,11,5,0,4,9,3,4,0,4,10,10,6,0,9,11,13,7,6

0,10,3,4,1,1,7,2,3,4,10,3,7,6,8,7,0,0,5,0,4,5,0,4
0,2,4,11,10,0,1,12,1,13,48,52,57,55,51,50,30,11,13,14,13,9,5,10
2,11,0,18,31,28,14,21,26,46,78,101,70,87,91,78,101,70,44,40,20,12,7,10
6,0,0,1,6,9,7,4,13,63,79,98,105,113,112,107,103,89,57,27,13,11,5,2
5,0,0,0,7,4,11,21,51,59,59,86,73,101,107,108,76,71,12,10,6,0,0,0
3,0,0,0,0,6,37,42,34,41,41,50,50,61,61,62,49,37,8,5,8,0,0,0
0,0,0,0,4,12,25,47,51,43,39,14,37,64,56,53,33,11,4,14,4,7,5,2
2,8,7,12,14,51,65,70,58,43,8,18,59,56,51,15,13,7,4,9,6,0,0,0
0,0,10,2,45,87,150,119,84,61,55,56,13,10,0,10,9,5,56,19,13,0,0,0
4,5,14,12,56,71,101,113,85,104,87,78,66,64,50,51,51,51,52,62,50,12,0,0
4,3,8,30,58,72,76,89,109,116,117,85,71,79,64,76,84,66,55,52,48,13,0,2
0,3,14,50,68,61,43,104,131,153,143,105,96,95,105,116,114,72,59,63,56,32,6,1
5,0,15,46,54,17,20,96,119,135,143,148,154,144,152,136,115,87,79,59,59,47,13,10
0,0,9,43,47,4,31,99,115,141,158,176,214,190,168,127,111,90,52,46,56,66,26,10
7,1,0,13,7,0,6,53,127,164,179,195,208,171,129,120,112,67,50,45,13,50,14,2
12,16,11,9,12,0,2,71,115,154,199,211,188,136,127,131,120,69,59,39,22,51,59,14
6,9,29,10,6,9,15,67,82,131,181,209,151,139,118,125,140,102,25,48,55,54,53,29
3,8,18,26,26,30,38,58,109,168,182,152,177,170,140,131,121,69,50,28,22,34,34,11
8,13,38,43,21,22,46,86,119,120,133,170,181,173,156,126,119,100,58,32,14,52,95,12
8,7,56,54,30,14,78,110,123,139,166,194,189,161,156,148,127,63,58,26,34,49,52,28
5,6,37,60,37,18,38,93,127,144,153,177,174,169,133,128,110,72,28,14,18,33,42,36
7,18,50,87,51,34,42,54,109,112,139,150,155,160,145,133,102,63,35,14,10,41,54,34
10,13,34,107,43,14,61,102,106,119,123,126,130,144,131,116,101,57,33,14,18,37,50,41
0,3,39,106,75,62,102,105,109,112,123,140,141,152,133,121,106,102,70,13,9,26,52,38
5,4,20,82,55,75,102,108,113,109,108,129,128,129,115,110,110,106,96,50,5,13,52,14
0,12,11,54,50,105,122,132,126,122,106,106,118,109,105,115,117,114,105,78,11,12,14,13
9,13,8,14,66,103,113,119,115,109,92,95,74,100,109,106,111,107,107,83,52,9,4,3
4,2,9,14,68,109,117,121,110,104,73,54,70,77,89,104,96,106,104,100,51,13,12,6
10,14,12,37,72,109,123,118,104,84,65,53,45,58,63,92,107,105,105,102,63,8,9,6
8,8,11,55,68,93,95,87,63,51,50,48,46,52,69,74,86,88,73,100,64,9,10,11
2,3,12,41,77,95,76,70,54,49,47,38,42,47,54,56,59,66,78,71,53,13,9,12
1,6,10,43,59,87,79,70,60,58,53,43,50,56,58,57,62,88,105,65,56,14,7,10
9,11,27,99,167,94,70,63,53,50,46,43,30,50,52,55,60,72,116,104,54,36,12,12
11,12,51,93,124,66,49,29,47,39,25,18,16,22,39,50,54,59,140,175,56,18,9,6
11,19,55,59,52,51,37,36,21,13,5,2,2,3,9,8,11,27,53,55,47,13,11,0
7,27,33,57,38,21,13,10,13,7,3,0,0,0,2,9,12,12,36,26,14,2,1,6
13,50,46,25,39,12,0,8,8,6,7,3,3,4,7,0,3,12,12,13,11,6,0,0
14,52,46,38,8,0,0,9,5,10,5,2,6,10,6,8,8,8,11,11,9,0,0,0
31,37,50,12,2,8,12,6,4,0,6,8,4,2,4,1,1,0,0,0,0,0,0,0
22,20,18,13,8,8,13,11,11,12,11,5,3,6,7,11,10,0,2,7,0,0,0,0
16,21,0,10,9,5,3,10,14,12,12,8,0,11,12,14,11,7,8,10,6,5,1,0
13,11,7,0,7,13,4,1,12,12,11,8,9,4,0,11,13,14,12,9,0,1,9,7
0,9,13,4,0,10,11,1,4,17,5,5,3,8,6,0,9,6,5,7,12,12,8,2
7,8,3,10,4,0,11,5,0,4,9,3,4,0,4,10,10,6,0,9,11,14,7,6

0,10,3,4,1,1,7,2,3,4,10,2,7,6,8,7,0,0,5,0,4,5,0,4
0,2,4,11,10,0,1,12,1,13,48,52,57,55,51,51,31,11,12,14,13,9,5,10
2,11,0,20,31,28,14,21,27,50,77,101,70,87,91,77,101,70,45,42,18,12,7,10
6,0,0,1,6,9,7,4,13,63,80,98,105,113,111,107,103,89,57,27,13,11,5,2
6,0,0,0,7,4,11,22,52,59,60,87,73,101,107,107,76,71,12,10,7,0,0,0
3,0,0,0,0,6,36,42,34,41,42,50,50,61,62,63,49,37,9,5,8,0,0,0
0,0,0,0,4,13,25,46,51,44,38,14,41,65,56,54,34,11,4,14,4,7,5,2
2,8,7,12,14,51,65,70,58,45,8,21,60,56,51,16,13,7,4,9,6,0,0,0
0,0,10,2,45,87,150,119,84,61,55,56,14,11,0,10,9,5,56,19,13,0,0,0
4,5,14,12,56,71,102,114,85,104,87,78,66,64,50,51,52,51,52,62,50,12,0,0
4,3,8,31,58,72,76,89,110,117,118,85,71,79,64,77,84,66,55,52,48,13,0,2
0,3,14,51,68,61,41,104,131,154,144,106,96,96,105,117,114,72,59,63,56,32,5,1
5,0,15,46,54,17,19,97,119,135,143,149,154,144,152,137,115,88,80,59,59,48,13,10
0,0,9,46,47,4,31,99,115,142,159,178,215,190,167,127,111,90,53,47,56,67,26,10
7,1,0,13,7,0,6,53,127,163,178,196,209,172,129,121,113,67,50,45,13,50,14,2
12,16,11,9,12,0,2,70,114,152,197,210,188,135,127,131,120,69,59,39,22,51,59,14
6,9,30,10,6,9,15,66,82,129,180,210,150,138,117,125,139,102,25,49,56,54,53,30
3,8,18,26,26,29,38,58,107,167,184,150,175,168,138,131,121,68,50,28,22,34,34,11
8,13,38,42,21,22,46,85,118,120,132,169,180,172,154,125,118,100,58,31,14,53,95,12
8,7,56,54,30,14,77,110,122,139,165,193,188,160,154,148,126,63,58,25,34,48,52,27
5,6,38,60,37,18,37,92,127,143,152,176,172,168,132,128,110,71,28,14,18,33,42,36
7,18,50,87,51,34,43,54,109,112,138,150,154,158,144,133,102,63,36,14,10,41,54,33
10,13,34,107,43,14,62,102,106,120,123,125,130,144,130,116,101,57,34,14,18,37,50,42
0,3,39,106,73,62,102,105,109,112,124,140,141,152,133,122,106,102,69,13,8,25,54,34
5,4,20,83,56,75,102,108,113,109,108,129,129,129,116,110,111,106,96,50,5,13,52,14
0,12,11,54,49,105,122,132,126,122,106,106,118,109,105,115,117,114,105,79,11,12,14,13
10,13,8,14,67,103,113,119,116,109,93,95,74,100,109,106,111,107,107,83,53,9,4,4
4,2,9,14,68,109,117,121,110,104,74,54,69,78,89,104,96,106,104,100,50,13,12,6
10,14,12,37,73,109,123,118,104,83,65,53,45,58,63,92,107,105,105,102,63,8,9,7
8,8,11,55,68,93,95,88,63,51,50,47,46,51,69,74,86,88,73,100,64,9,10,11
2,3,12,40,77,96,76,70,54,49,47,38,41,47,54,56,59,66,78,71,53,13,10,12
1,6,10,43,59,87,79,70,60,58,53,43,50,56,58,57,62,88,105,65,56,14,8,10
9,11,27,99,167,94,71,63,53,51,47,43,31,50,52,55,60,72,116,104,54,37,13,12
11,13,51,93,124,66,50,30,47,38,26,18,16,22,38,50,54,59,140,175,56,18,9,6
11,19,55,59,52,51,36,37,21,13,5,2,2,3,9,8,11,28,53,55,48,13,11,0
7,27,33,57,39,22,13,10,13,7,3,0,0,0,2,9,12,12,36,25,15,2,1,6
13,50,46,25,39,12,0,8,8,6,7,3,3,4,7,0,3,12,12,13,11,6,0,0
14,52,46,38,8,0,0,9,5,10,5,2,6,10,6,8,8,8,11,11,10,0,0,0
31,38,50,12,2,8,12,7,4,0,6,8,4,2,4,1,1,0,0,0,0,0,0,0
22,19,18,13,8,8,13,10,11,12,10,6,3,6,7,10,10,0,2,7,0,0,0,0
16,21,0,10,9,5,3,10,14,12,12,8,0,11,12,14,11,7,8,10,6,4,1,0
13,11,7,0,7,13,4,1,12,12,12,9,9,4,0,11,13,14,12,9,0,1,9,7
0,9,13,5,0,10,12,1,4,17,6,5,3,9,6,0,9,6,5,7,12,12,9,2
7,8,3,10,4,0,11,5,0,4,9,3,4,0,4,10,10,6,0,9,11,14,7,6

0,10,3,4,1,1,7,2,3,4,10,2,7,5,8,7,0,0,5,0,4,5,0,4
0,2,4,11,9,0,1,12,1,13,47,52,57,55,51,50,30,11,13,14,13,10,5,10
2,11,0,18,33,29,14,22,27,48,78,101,70,87,92,77,101,71,45,42,21,12,7,10
6,0,0,1,6,9,7,4,13,63,80,98,105,113,111,107,103,89,57,28,13,11,5,2
5,0,0,0,7,4,11,22,52,60,60,87,73,101,107,108,76,71,12,10,7,0,0,0
2,0,0,0,0,6,36,42,34,41,42,50,50,61,61,63,50,37,9,5,8,0,0,0
0,0,0,0,4,13,27,46,51,45,40,14,43,65,56,54,35,11,5,14,4,8,5,2
2,8,7,12,14,51,65,69,58,44,8,23,60,56,51,16,13,7,4,9,6,0,0,0
0,0,11,2,47,88,151,119,84,61,56,56,14,11,0,10,9,5,57,22,13,0,0,0
4,6,14,12,56,71,102,115,86,104,87,78,67,64,50,51,52,51,52,63,50,12,0,0
4,3,8,31,58,72,76,90,110,117,118,86,71,79,64,77,85,67,55,52,48,13,0,2
0,3,14,51,68,61,41,104,131,154,144,106,96,96,106,117,115,72,59,63,57,32,5,1
5,0,15,46,54,17,20,96,119,135,144,149,155,144,153,138,116,89,80,59,59,47,13,10
0,0,9,46,50,4,30,99,115,142,160,178,216,191,169,128,111,91,53,47,56,66,25,10
7,1,0,13,7,0,6,51,126,163,178,196,209,172,130,121,113,67,50,45,13,51,15,2
12,16,11,9,12,0,2,70,114,151,197,209,188,134,127,131,119,68,58,38,22,51,59,14
6,9,29,10,6,9,14,66,81,127,179,210,149,137,117,125,139,102,25,48,55,54,53,30
3,8,18,26,26,29,37,57,105,166,186,150,173,166,137,130,120,68,50,27,22,35,34,11
8,13,38,43,21,22,45,84,117,119,132,168,178,170,152,124,118,100,57,31,14,52,95,12
8,7,56,54,30,14,76,109,122,138,163,192,186,159,153,147,126,63,57,25,33,49,52,27
5,6,38,60,37,19,38,93,127,143,151,175,171,166,131,127,110,71,27,13,18,34,42,36
7,18,50,87,51,35,44,55,110,112,137,149,152,157,143,132,102,63,37,14,10,42,54,32
10,13,34,107,42,14,64,103,107,120,122,125,130,143,130,116,101,58,35,15,18,36,50,41
0,3,39,106,73,63,102,105,109,112,124,140,141,152,133,122,106,102,71,14,9,26,53,34
5,4,20,83,56,75,102,109,113,109,109,129,129,129,116,110,111,106,98,51,5,13,53,14
0,12,11,55,48,106,122,132,126,122,106,106,118,109,105,115,117,114,105,79,11,13,14,12
10,13,8,14,66,103,113,119,116,109,92,97,75,100,109,106,111,107,107,83,52,9,5,3
4,2,9,14,69,109,118,121,110,104,75,54,69,78,89,104,96,106,104,100,51,13,12,6
10,14,12,37,73,110,123,118,104,84,66,54,47,58,63,93,107,105,105,102,63,8,9,7
8,8,11,55,68,93,95,87,63,51,50,47,46,52,68,74,86,89,73,100,64,9,10,11
2,3,12,41,77,96,76,70,54,49,47,38,42,47,54,56,59,66,78,71,53,13,10,12
1,6,10,43,59,87,79,70,59,58,53,41,50,56,58,57,62,88,105,66,56,14,8,10
9,11,27,99,167,94,71,64,54,50,47,43,30,50,52,55,60,72,116,104,54,37,12,12
11,12,51,93,124,66,50,30,47,37,27,17,16,22,38,50,54,59,141,175,56,16,9,6
11,19,55,59,52,51,36,37,21,13,5,2,2,3,9,8,11,28,53,55,48,13,11,0
7,27,32,57,40,22,13,10,13,7,3,0,0,0,3,9,12,12,34,26,15,2,1,6
13,50,47,25,38,12,0,9,8,6,7,3,3,4,7,0,3,12,12,13,11,6,0,0
14,52,46,38,8,0,0,9,5,10,5,2,6,10,6,8,8,8,11,11,10,0,0,0
31,38,50,12,2,8,11,6,4,0,6,8,4,2,4,1,1,0,0,0,0,0,0,0
22,20,18,13,8,8,13,11,11,12,10,6,3,6,7,11,10,0,2,7,0,0,0,0
16,21,0,10,9,5,3,10,14,12,12,8,0,11,12,14,11,7,8,10,6,5,1,0
13,11,7,0,7,13,4,1,12,12,11,8,9,4,0,11,13,14,12,9,0,1,9,7
0,9,13,5,0,10,12,1,4,17,6,5,3,9,6,0,9,6,5,7,12,12,9,2
7,8,3,10,4,0,11,5,0,4,9,3,4,0,4,10,10,6,0,9,11,14,7,7

0,10,3,4,1,1,7,2,3,4,10,2,6,5,8,7,0,0,5,0,4,5,0,4
0,2,4,11,10,0,1,12,1,13,47,52,56,54,51,50,30,11,13,14,14,9,5,10
2,11,0,18,32,29,14,21,27,50,77,101,70,87,92,78,101,71,48,42,18,12,7,10
6,0,0,1,6,9,7,4,13,63,80,98,105,113,112,107,103,89,57,27,13,11,5,2
6,0,0,0,7,4,11,22,52,60,60,86,73,101,107,108,76,71,12,10,7,0,0,0
3,0,0,0,0,6,37,42,34,41,42,50,50,61,62,63,50,37,9,5,8,0,0,0
0,0,0,0,4,13,26,46,51,46,39,16,46,65,57,54,36,11,5,14,4,8,5,2
2,8,7,12,14,51,65,69,58,45,8,25,61,57,51,16,13,7,4,9,6,0,0,0
0,0,11,2,47,88,152,119,84,61,56,56,14,11,0,10,9,5,57,22,13,0,0,0
4,6,14,12,57,71,102,115,85,104,87,78,67,64,51,51,52,51,52,63,51,12,0,0
4,3,8,31,58,72,76,90,110,117,118,85,72,79,64,77,85,67,55,52,48,13,0,2
0,3,14,51,68,61,42,104,131,154,144,106,96,96,106,118,115,73,59,63,57,32,6,2
5,0,15,46,54,17,20,97,119,136,144,149,155,144,153,138,116,89,81,60,59,49,13,10
0,0,9,47,50,4,29,99,115,142,160,179,216,190,168,128,111,92,53,47,57,66,26,10
7,1,0,13,7,0,6,52,127,163,178,196,210,172,130,121,113,68,50,46,13,52,15,2
12,16,11,9,12,0,2,69,114,151,196,210,188,134,127,131,119,68,59,38,22,52,59,14
6,9,31,10,6,9,14,66,81,127,179,210,149,137,116,125,139,102,24,49,55,54,53,29
3,8,19,26,26,29,37,58,105,167,187,150,173,165,136,130,121,68,50,27,22,35,34,11
8,13,39,42,21,22,46,84,117,119,131,167,178,169,152,124,118,100,58,31,14,52,95,12
8,7,56,55,30,14,77,110,122,138,163,191,186,158,152,147,126,63,57,25,34,48,52,28
5,6,39,60,37,19,38,93,127,143,150,174,170,165,131,127,109,70,28,13,18,34,42,36
7,18,50,88,51,35,44,56,110,111,137,148,152,156,143,132,102,64,37,14,10,40,54,32
10,13,35,107,43,14,65,103,107,120,122,125,130,143,130,116,101,58,35,15,18,36,50,42
0,3,39,106,75,63,102,105,109,112,124,140,141,152,133,122,106,102,70,14,9,26,52,34
5,4,21,84,56,76,102,109,113,109,109,129,129,130,116,110,111,106,97,51,5,13,53,14
0,12,11,55,50,105,122,132,126,122,106,106,118,109,105,115,117,114,105,78,11,13,14,13
10,13,8,14,67,103,113,120,116,109,93,96,75,100,109,106,111,107,107,83,52,9,5,4
4,2,9,14,69,109,117,121,110,104,74,54,69,78,89,104,96,106,104,100,51,13,12,6
10,14,12,38,73,109,123,118,104,83,65,54,46,58,63,92,107,105,105,102,63,8,9,6
8,8,11,55,68,94,95,87,63,51,50,47,46,52,69,74,86,88,74,100,64,9,10,11
2,3,12,40,77,96,76,70,54,49,47,38,42,47,54,56,59,66,78,71,53,13,10,12
2,6,10,43,59,87,79,70,60,58,53,43,50,57,58,56,62,88,105,65,56,14,8,10
9,11,27,99,168,94,71,63,54,50,45,44,31,50,52,55,60,72,117,104,54,38,13,12
11,12,51,93,124,66,50,30,47,36,27,17,16,22,38,50,54,60,141,175,56,17,9,7
11,19,55,59,52,51,36,37,21,13,5,2,2,3,9,8,11,29,53,55,47,13,11,0
7,27,33,57,39,22,13,10,13,7,3,0,0,0,3,9,12,12,35,25,15,2,1,6
13,50,46,25,39,12,0,9,8,6,7,3,3,4,7,0,3,12,12,13,11,6,0,0
14,52,47,40,8,0,0,9,5,10,5,2,6,10,6,8,8,8,12,11,10,0,0,0
31,38,50,12,2,8,11,6,4,0,6,8,4,2,4,1,1,0,0,0,0,0,0,0
22,20,19,13,8,8,13,11,11,12,11,5,3,6,7,11,10,0,2,7,0,0,0,0
16,21,0,10,9,5,3,10,14,12,12,8,0,11,12,14,11,7,8,10,6,4,1,0
13,11,7,0,7,13,4,1,12,12,11,8,9,4,0,11,13,14,12,9,0,1,9,7
0,9,13,4,0,10,11,1,4,17,5,5,3,9,6,0,9,5,5,7,12,12,9,2
7,8,3,10,4,0,11,5,0,4,9,3,4,0,4,10,10,6,0,9,11,14,7,7

0,10,3,4,1,1,7,2,3,4,10,2,6,6,8,7,0,0,5,0,4,5,0,4
0,2,4,11,10,0,1,12,1,13,47,52,57,55,51,50,30,11,13,14,13,10,5,10
2,11,0,20,32,29,14,22,27,50,78,101,70,87,91,77,101,70,47,42,20,12,7,10
6,0,0,1,6,9,7,4,13,63,79,99,105,113,112,107,103,89,57,27,13,11,5,2
5,0,0,0,7,4,11,22,52,60,60,86,73,101,107,108,76,71,12,10,7,0,0,0
3,0,0,0,0,6,37,43,34,41,42,50,50,61,61,63,50,37,9,5,8,0,0,0
0,0,0,0,4,13,26,47,51,44,40,15,42,65,56,54,36,11,5,14,4,8,5,2
2,8,7,12,14,51,65,69,58,43,8,20,60,56,51,16,13,7,5,10,6,0,0,0
0,0,11,2,47,88,152,119,84,61,55,56,14,11,0,10,9,5,57,25,13,0,0,0
4,5,14,12,57,71,102,115,85,104,86,78,66,64,51,51,52,52,52,63,51,12,0,0
4,3,8,32,58,72,76,89,109,116,117,84,71,79,64,77,85,67,55,52,48,13,0,2
0,3,14,51,68,61,42,104,130,153,143,105,96,96,106,118,115,73,59,63,57,32,6,2
5,0,15,46,54,17,19,96,119,135,143,148,153,144,153,137,116,89,80,59,59,48,13,10
0,0,9,47,50,4,31,100,115,141,158,175,215,191,169,128,111,92,53,50,56,66,26,10
7,1,0,13,6,0,6,53,127,163,178,195,209,172,130,121,113,67,50,46,13,51,14,2
12,16,11,9,12,0,2,71,115,153,198,211,189,135,127,131,120,69,59,41,20,51,59,14
6,9,30,10,6,9,15,66,82,130,180,210,151,139,117,125,140,102,27,48,55,54,53,28
3,8,19,26,27,30,38,58,108,168,184,151,176,169,139,131,121,69,50,28,22,35,34,11
8,13,38,43,21,22,46,85,118,119,132,169,180,172,155,126,118,100,58,32,14,52,94,11
8,7,56,54,31,14,77,110,122,139,164,193,188,161,155,148,127,63,57,25,35,48,52,27
5,6,37,60,37,18,37,93,127,143,152,176,173,168,132,128,110,71,27,13,18,33,41,36
7,18,50,87,50,34,43,54,109,112,138,150,154,158,144,133,102,63,36,14,10,43,54,32
10,13,34,107,42,14,63,102,106,120,123,125,130,144,130,116,101,56,34,14,18,37,50,41
0,3,39,106,73,63,102,105,109,112,123,140,141,151,133,121,106,102,69,13,9,25,54,35
5,4,20,83,55,75,102,108,113,109,108,129,128,129,115,110,110,106,96,50,5,13,52,14
0,12,11,55,50,106,122,132,126,122,106,106,118,109,105,115,117,114,105,79,11,13,14,13
10,13,8,14,67,103,113,119,116,109,93,96,74,100,109,106,111,107,107,83,53,9,5,4
4,2,9,14,68,109,117,121,109,104,75,54,69,79,88,104,96,106,104,100,51,13,12,6
11,14,12,38,72,109,123,118,104,83,65,53,46,58,63,92,107,105,105,102,63,8,9,7
8,8,11,55,67,93,95,87,63,51,50,47,46,52,69,74,86,88,73,100,64,9,10,11
2,3,12,41,77,96,76,70,54,49,47,38,42,47,54,56,59,66,78,71,53,13,10,12
2,6,10,43,59,87,79,70,60,58,53,43,50,57,58,57,62,88,105,65,56,14,8,10
9,11,27,99,168,94,71,63,54,51,45,43,31,50,53,55,60,72,117,104,54,37,13,12
11,12,51,93,124,67,50,30,48,39,27,17,17,22,38,50,54,59,141,176,56,18,10,6
11,19,55,59,52,51,37,38,21,13,5,2,2,3,9,8,12,28,53,55,48,13,11,0
7,27,32,57,39,21,13,10,13,7,3,0,0,0,3,9,12,12,35,26,15,2,1,6
13,50,46,25,39,12,0,9,8,6,7,3,3,4,7,0,3,12,12,13,11,7,0,0
14,52,46,38,8,0,0,9,5,10,5,2,6,10,6,8,8,8,12,11,10,0,0,0
31,38,50,12,2,8,12,6,4,0,6,8,4,2,4,1,1,0,0,0,0,0,0,0
22,20,18,13,8,8,13,11,11,12,11,6,3,6,7,11,10,0,2,7,0,0,0,0
16,21,0,10,9,5,3,10,14,12,12,8,0,11,12,14,11,7,8,10,6,5,1,0
13,11,7,0,7,13,4,1,12,12,11,8,9,4,0,11,13,14,12,9,0,2,9,7
0,9,13,5,0,10,11,1,4,16,5,5,3,9,6,0,9,5,5,8,12,12,9,2
7,8,3,10,4,0,11,5,0,4,9,3,4,0,4,10,10,6,0,9,11,14,7,7

0,10,3,4,1,1,7,2,3,4,10,2,7,5,8,7,0,0,5,0,4,5,0,4
0,2,4,11,10,0,1,12,1,13,50,52,57,55,51,50,31,11,13,14,14,10,5,10
2,11,0,20,32,28,14,21,28,50,78,101,70,87,91,78,101,70,45,42,21,12,8,10
7,0,0,1,6,9,7,4,14,63,80,99,105,113,112,107,103,89,57,28,13,11,5,3
6,0,0,0,7,4,11,22,52,60,60,87,73,101,107,107,76,71,12,10,7,0,0,0
3,0,0,0,0,6,37,43,34,41,42,50,50,61,62,63,50,38,9,5,8,0,0,0
0,0,0,0,4,13,27,46,51,45,40,14,41,65,56,54,37,11,5,14,4,8,5,3
2,8,7,12,14,51,65,69,58,43,8,20,60,56,51,16,13,7,5,9,6,0,0,0
0,0,11,2,47,88,152,119,83,61,55,55,14,11,0,10,10,5,57,24,13,0,0,0
4,5,14,12,56,71,102,114,85,104,86,78,66,64,51,51,52,51,52,63,50,12,0,0
4,3,8,31,58,72,76,89,109,116,117,85,71,79,64,77,85,67,55,52,48,13,0,2
0,3,14,51,68,60,42,104,130,153,143,105,95,95,105,117,115,73,59,63,56,32,6,1
5,0,15,46,54,18,19,97,119,135,143,147,153,143,151,136,116,89,80,60,60,48,13,10
0,0,9,47,47,4,30,99,115,141,157,174,213,189,166,127,111,91,53,47,56,66,26,10
7,1,1,13,6,1,6,54,127,163,178,195,208,171,128,120,112,68,50,45,13,51,15,2
12,16,11,9,12,0,2,72,115,153,199,211,189,136,127,131,120,69,59,42,22,51,59,14
6,9,29,10,6,9,16,67,83,132,181,208,152,140,118,125,141,103,26,48,56,54,53,30
3,8,19,26,27,30,38,59,110,168,182,152,178,172,141,132,121,69,50,28,22,34,34,11
8,13,39,42,21,22,46,86,119,120,133,171,182,174,157,126,119,100,59,32,14,52,94,11
8,7,56,54,31,14,77,110,123,139,166,195,189,162,156,149,127,64,58,26,35,48,52,27
5,6,38,60,37,19,39,93,127,144,154,178,174,170,133,128,110,72,27,14,18,34,42,36
7,18,50,88,51,34,42,53,109,113,139,151,156,160,145,133,102,62,35,14,10,41,54,33
10,13,34,107,43,14,62,102,106,120,123,126,131,144,131,116,101,56,33,14,18,36,50,42
0,3,38,105,73,62,102,105,109,112,123,140,141,151,133,121,106,102,69,13,8,25,52,33
5,4,20,82,55,75,102,108,113,109,108,128,128,128,115,109,110,106,96,48,5,13,52,14
0,12,11,54,49,106,122,131,126,122,106,106,117,109,105,115,117,114,105,78,11,13,14,13
10,13,8,14,67,103,113,119,115,109,91,95,74,100,109,106,111,107,107,83,52,9,5,4
4,2,9,14,68,109,118,121,109,104,75,54,69,80,89,104,96,106,104,100,51,13,12,6
10,14,12,38,72,109,123,118,104,83,65,53,46,58,62,92,107,105,105,102,63,8,9,7
8,8,11,55,67,93,95,87,63,51,50,47,46,52,68,74,86,88,73,100,64,9,10,11
2,3,12,41,77,95,75,70,54,49,46,38,41,47,54,56,59,66,78,71,53,13,10,12
2,6,10,43,59,87,79,70,60,58,53,42,50,56,58,57,62,88,105,65,56,14,8,10
9,11,27,99,168,94,70,63,54,50,46,44,30,50,53,55,60,72,116,104,54,38,13,12
11,12,51,93,123,66,50,30,48,39,26,18,16,22,38,50,54,59,141,176,56,19,10,6
11,19,55,59,52,51,37,37,21,13,5,2,2,3,9,8,12,28,53,56,49,13,11,0
7,27,33,57,39,21,13,10,13,7,3,0,0,0,3,9,12,12,36,26,15,2,1,6
13,50,46,25,38,12,0,9,8,6,7,3,3,4,7,0,3,12,12,13,11,7,0,0
14,52,46,38,8,0,0,9,5,10,5,2,6,10,6,8,8,8,11,11,10,0,0,0
31,38,50,12,2,8,12,6,4,0,6,8,4,2,4,1,1,0,0,0,0,0,0,0
22,21,19,13,8,8,13,11,11,12,11,6,3,6,7,10,10,0,2,7,0,0,0,0
16,21,0,10,9,5,3,10,14,11,12,8,0,11,12,14,11,7,8,10,6,5,1,0
13,11,7,0,7,13,4,1,12,12,12,8,9,4,0,11,13,14,12,9,0,2,9,7
0,9,13,4,0,10,11,1,4,17,6,5,3,9,6,0,9,6,5,8,12,12,9,2
7,8,3,10,4,0,11,5,0,4,9,3,4,0,4,10,10,6,0,9,11,14,7,7

0,10,3,4,1,1,7,2,3,4,10,2,7,5,8,7,0,0,5,0,4,5,0,4
0,2,4,11,10,0,1,12,1,13,47,52,57,54,51,50,30,11,13,14,13,10,5,10
2,11,0,20,32,28,14,21,27,47,78,101,70,87,91,77,101,70,45,39,18,12,7,10
7,0,0,1,6,9,7,4,13,63,80,99,105,113,112,107,103,89,57,28,13,11,5,3
6,0,0,0,7,4,11,22,52,60,60,87,73,101,107,108,76,71,12,10,7,0,0,0
3,0,0,0,0,6,36,42,34,41,42,50,50,61,62,63,50,38,9,5,9,0,0,0
0,0,0,0,4,13,26,46,51,45,39,14,41,65,56,54,36,11,5,14,4,8,6,3
2,8,7,12,14,51,65,69,58,43,8,20,60,56,51,15,13,7,5,9,6,0,0,0
0,0,10,2,46,87,150,118,83,61,55,55,14,11,0,10,10,5,57,24,13,0,0,0
4,5,14,12,56,71,102,114,85,104,87,78,66,64,51,51,52,51,52,63,50,12,0,0
4,4,8,31,58,72,76,89,109,116,117,85,71,79,64,77,85,67,55,52,48,13,0,2
0,4,14,51,68,60,42,104,130,153,143,105,96,96,106,118,115,73,59,63,57,32,6,1
5,0,15,46,54,17,20,96,119,135,143,148,154,144,153,137,116,89,80,60,59,48,13,10
0,0,9,47,47,4,30,99,115,141,157,175,214,190,168,127,111,91,53,47,56,66,25,10
7,1,1,13,7,0,6,53,127,163,178,195,208,171,129,120,112,67,50,43,13,51,15,2
12,16,11,9,12,0,2,71,115,153,198,211,188,136,126,131,120,69,59,41,22,51,59,14
6,9,31,10,6,9,16,67,82,132,181,209,152,140,118,125,140,103,28,48,55,54,54,30
3,8,19,26,27,30,38,58,109,167,182,152,178,171,140,131,121,69,50,28,22,35,34,11
8,13,39,43,21,22,46,85,118,120,133,171,181,174,156,126,119,100,58,32,14,52,94,11
8,7,56,54,31,14,77,110,123,139,166,195,189,162,156,149,127,63,58,27,35,48,52,27
5,6,38,60,37,18,37,93,127,144,154,177,174,169,133,128,110,72,28,14,18,33,41,36
7,18,50,88,50,34,43,54,109,113,139,151,155,160,145,133,102,63,36,14,10,42,54,32
10,13,34,107,42,14,63,102,106,120,123,126,131,144,130,116,101,56,34,14,18,37,50,42
0,3,38,106,76,63,102,105,109,112,124,140,141,151,133,121,106,102,69,13,9,25,54,37
5,4,21,83,55,75,102,108,113,109,108,128,128,129,115,110,110,106,97,50,5,13,53,14
0,12,11,55,49,106,122,132,126,122,107,106,117,109,105,115,117,114,105,80,11,13,14,13
9,13,8,14,66,103,113,119,116,109,91,95,74,100,109,106,111,107,107,83,51,9,5,4
4,2,9,14,68,109,117,121,109,104,74,54,69,79,88,104,95,106,104,100,50,13,12,6
10,14,12,38,72,109,123,118,104,84,66,54,45,57,62,92,107,105,105,102,63,8,9,7
8,8,11,55,67,93,95,87,63,51,50,47,46,52,68,74,86,88,73,100,64,9,10,11
2,3,11,41,77,95,76,70,54,49,47,38,42,47,54,56,59,66,78,71,53,13,10,12
2,6,10,43,59,87,78,70,60,58,53,41,50,57,58,57,62,88,105,65,56,14,8,10
9,11,27,99,168,94,70,63,54,50,46,44,30,50,53,55,60,72,117,104,54,39,13,12
11,12,51,93,123,67,50,30,49,36,26,17,16,22,37,50,54,59,141,176,56,18,10,6
11,19,55,59,52,52,36,38,21,13,5,2,2,3,9,8,12,28,53,55,47,13,11,0
7,27,33,57,39,22,13,10,13,7,3,0,0,0,3,9,12,12,36,26,15,3,1,6
13,50,46,25,39,12,0,9,8,6,7,3,3,4,7,0,3,12,12,13,11,7,0,0
14,52,47,38,8,0,0,9,5,10,5,2,6,10,6,8,8,8,11,11,10,0,0,0
31,38,50,12,2,8,12,7,4,0,6,8,4,2,4,1,1,0,0,0,0,0,0,0
22,19,19,13,8,8,13,11,11,12,10,5,3,6,7,11,10,0,2,7,0,0,0,0
16,21,0,10,9,5,3,10,15,12,12,8,0,11,12,14,11,7,8,10,6,5,1,0
13,11,7,0,7,13,4,1,12,12,12,8,9,4,0,11,13,14,12,9,0,2,9,7
0,9,13,5,0,10,12,1,4,17,6,5,3,9,6,0,9,5,5,8,12,12,9,2
7,8,3,10,4,0,11,5,0,4,9,3,4,0,4,10,10,6,0,9,11,14,7,7

0,10,3,4,1,1,7,2,3,4,10,2,7,6,8,7,0,0,5,0,4,5,0,4
0,2,4,11,10,0,1,12,1,13,48,52,57,54,51,51,30,11,13,14,13,10,5,10
2,11,0,21,32,29,14,21,27,47,78,101,70,88,92,78,101,70,47,42,20,12,7,10
7,0,0,1,6,9,7,4,14,63,80,98,105,113,112,107,103,89,57,28,13,11,5,3
6,0,0,0,7,4,11,23,52,60,60,87,73,101,107,108,76,71,12,10,7,0,0,0
3,0,0,0,0,6,36,41,34,41,42,50,50,61,62,63,50,38,9,5,9,0,0,0
0,0,0,0,4,13,25,45,51,45,38,15,44,65,57,54,36,11,5,14,4,8,6,3
2,8,7,12,14,51,65,69,58,42,8,21,60,57,51,16,13,7,5,9,6,0,0,0
0,0,11,2,47,87,150,118,83,61,56,56,14,11,0,10,10,5,57,26,13,0,0,0
4,5,14,12,56,71,102,114,85,104,87,78,66,64,51,51,52,51,52,63,51,12,0,0
4,3,8,32,58,72,76,89,109,116,117,85,71,79,64,77,85,67,55,52,49,13,0,2
0,4,14,51,68,61,42,104,131,153,143,105,96,95,106,118,115,73,59,63,57,33,6,2
5,0,15,46,54,17,20,96,119,135,143,148,154,143,152,137,116,89,80,60,61,48,13,10
0,0,9,48,48,4,29,99,115,141,158,176,215,190,167,127,111,92,53,48,56,66,26,10
7,1,1,13,7,0,6,53,127,163,178,195,209,171,129,120,113,68,50,46,14,51,14,2
12,16,11,9,12,0,2,71,115,152,198,210,188,135,126,131,119,69,59,39,22,51,59,14
6,9,31,10,6,9,15,66,82,130,180,209,150,138,117,125,140,102,27,48,55,54,53,31
3,8,19,26,27,30,38,58,107,167,183,151,176,169,139,130,121,69,50,28,22,34,34,11
9,14,39,43,22,23,46,85,118,119,132,169,180,172,154,125,118,100,58,33,14,53,94,12
8,7,56,55,32,14,77,110,122,139,165,193,188,161,155,148,126,63,58,26,34,49,52,27
5,6,39,60,37,19,38,93,127,143,152,177,173,168,132,128,110,72,28,14,18,34,41,36
7,18,50,88,51,34,43,54,109,112,138,150,154,158,144,133,102,63,36,14,10,42,53,32
10,13,34,107,43,14,64,102,106,120,123,125,130,144,130,116,101,57,34,14,18,36,50,42
0,3,39,106,75,63,102,105,109,112,124,140,141,151,133,121,106,102,70,13,9,25,52,35
5,4,21,83,56,75,102,108,113,109,108,129,128,129,115,110,110,106,96,50,5,13,52,14
0,12,11,55,50,106,122,132,126,122,107,106,117,109,105,114,117,114,105,79,11,13,14,13
10,13,8,14,67,103,113,119,116,109,92,95,75,100,109,106,111,107,107,83,52,9,5,4
4,2,9,14,69,109,117,121,109,104,74,54,69,79,89,104,96,106,104,100,51,13,12,6
11,14,12,38,72,109,123,118,104,83,65,53,46,58,63,92,107,105,105,102,63,8,9,7
8,8,11,55,67,93,95,87,63,51,50,47,46,52,68,74,86,88,73,100,64,9,10,11
2,4,12,41,77,96,75,70,55,49,46,38,42,47,54,56,59,66,78,71,53,13,10,12
2,6,10,43,59,87,78,70,60,58,53,42,50,57,58,57,62,88,105,65,56,14,8,10
9,11,27,99,168,94,71,64,54,51,47,44,30,50,52,55,60,72,117,104,54,38,13,12
11,13,51,93,123,67,50,30,49,38,26,18,16,22,37,50,54,60,141,176,56,18,10,6
11,19,55,59,52,52,37,38,21,13,5,2,2,3,9,8,12,29,53,55,47,13,11,0
7,27,33,57,40,21,13,10,13,7,3,0,0,0,3,9,12,12,35,26,15,2,1,6
13,50,46,25,39,12,0,9,8,6,7,4,3,4,7,0,3,12,12,13,11,7,0,0
14,52,47,40,8,0,0,9,5,10,5,2,6,10,6,8,8,8,11,11,10,0,0,0
31,38,50,12,2,8,11,6,5,0,6,8,4,2,4,1,1,0,0,0,0,0,0,0
22,21,19,13,8,8,13,11,11,12,10,6,3,6,7,10,10,0,2,7,0,0,0,0
16,21,0,10,9,5,3,10,14,12,12,8,0,11,12,14,11,7,8,10,6,5,1,0
13,11,7,0,7,13,4,1,12,12,11,8,9,4,0,11,13,14,12,9,0,2,9,7
0,9,13,4,0,10,11,1,4,16,5,5,3,9,6,0,9,6,5,8,12,12,9,2
7,8,3,10,4,0,11,5,0,4,9,3,4,0,4,10,10,6,0,9,11,14,7,7

0,10,3,4,1,1,7,2,3,4,10,2,7,5,8,7,0,0,5,0,4,5,0,4
0,2,4,11,10,0,1,12,1,13,48,52,57,54,51,50,30,11,13,14,13,10,5,10
2,11,0,20,32,29,14,22,27,50,78,101,70,87,92,78,101,70,45,42,21,12,8,10
7,0,0,1,6,9,7,4,13,63,80,98,105,113,112,107,103,89,57,28,13,11,5,3
6,0,0,0,7,4,11,22,52,60,60,87,74,101,107,108,76,71,13,11,7,0,0,0
3,0,0,0,0,6,36,42,34,41,42,50,50,62,62,63,50,38,9,6,9,0,0,0
0,0,0,0,4,13,25,46,51,45,41,17,48,66,57,54,38,11,5,14,4,8,6,3
2,8,7,12,14,51,65,69,58,43,8,22,61,57,51,17,13,7,5,10,6,0,0,0
0,0,11,2,48,88,151,119,84,61,56,56,14,12,0,10,10,5,57,27,13,0,0,0
4,5,14,12,57,72,102,115,85,104,87,78,67,65,51,51,52,52,53,63,51,12,0,0
4,3,8,33,58,72,77,90,109,115,117,85,71,79,64,77,85,67,55,53,48,13,0,3
0,4,14,51,68,61,44,104,131,152,143,105,96,96,106,118,115,73,60,63,57,33,6,2
5,0,15,46,54,18,20,97,119,135,143,148,155,144,154,138,116,89,81,60,60,48,13,10
0,0,9,50,50,4,34,99,115,141,159,178,217,191,169,128,111,92,53,50,57,68,27,10
7,1,1,13,7,0,6,53,127,163,178,196,210,172,130,121,113,68,50,46,13,51,15,2
12,16,11,9,12,0,2,70,114,151,196,209,188,134,126,130,119,68,59,39,22,51,59,14
6,9,31,10,6,9,14,66,81,128,179,208,149,137,116,124,139,102,26,48,55,53,53,29
3,8,19,26,26,29,37,58,105,166,183,149,174,166,137,130,120,68,50,28,22,34,34,11
9,14,39,43,22,22,46,84,117,119,132,168,179,170,152,124,118,100,58,31,14,52,96,12
8,7,57,55,31,14,76,109,122,138,163,192,186,159,153,147,126,63,57,25,34,48,52,27
5,6,40,61,37,19,38,93,127,143,151,175,171,166,131,127,109,71,27,13,18,33,42,36
7,18,50,88,51,35,44,56,110,112,137,149,152,157,143,132,102,63,37,14,10,41,54,33
10,13,34,107,42,14,64,103,107,120,122,125,130,143,130,116,101,58,35,15,18,37,50,41
1,3,39,106,76,63,102,105,109,112,124,140,141,151,133,121,106,102,71,14,9,26,53,35
5,4,21,83,56,76,102,108,113,109,109,129,129,129,115,110,111,106,97,52,5,13,52,14
0,12,11,55,50,106,122,132,126,122,107,106,118,109,105,115,117,114,105,80,12,13,14,13
10,13,8,14,67,103,113,119,116,109,92,95,75,100,109,106,111,107,107,83,53,9,5,4
4,2,9,14,69,109,117,121,110,104,75,54,70,78,89,104,96,106,104,100,52,13,12,7
11,14,12,38,72,109,123,118,104,83,65,54,45,58,63,92,107,105,105,102,63,8,9,7
8,8,11,55,67,93,95,87,63,51,50,47,46,52,68,74,86,88,74,100,64,10,10,11
2,3,11,41,77,95,76,70,54,49,46,38,42,47,54,56,59,66,78,71,53,13,10,12
2,6,10,43,59,87,79,70,60,59,53,44,50,57,58,57,62,88,105,66,56,14,9,10
9,11,27,99,168,94,71,64,54,51,47,44,30,50,52,55,60,73,117,104,54,39,13,12
11,13,51,93,124,67,50,30,49,37,25,17,16,22,38,50,54,60,142,176,55,19,10,6
11,19,55,59,52,52,36,37,21,13,5,2,2,3,9,8,12,29,53,55,46,13,11,0
7,27,32,57,40,22,13,10,13,7,3,0,0,0,3,9,12,12,37,26,15,3,1,6
13,50,46,25,39,12,0,9,8,6,7,4,3,4,7,0,3,12,12,13,11,7,0,0
14,52,48,39,8,0,0,9,5,10,5,2,6,10,6,8,8,8,12,11,10,0,0,0
31,38,50,12,1,8,11,6,5,0,6,8,4,2,4,1,1,0,0,0,0,0,0,0
22,20,19,13,8,8,12,11,11,12,10,5,3,6,7,10,10,0,2,7,0,0,0,0
16,21,0,10,9,5,3,10,14,11,12,8,0,11,12,14,12,7,8,10,6,5,1,0
13,11,7,0,7,13,4,1,12,12,11,8,9,4,0,11,13,14,12,9,0,2,9,7
0,9,13,4,0,10,11,1,4,17,5,5,3,8,6,0,9,5,5,8,12,12,9,2
7,8,3,10,4,0,11,5,0,4,9,3,4,0,4,10,10,6,0,9,11,14,7,7

0,10,3,4,1,1,7,2,3,4,10,2,7,5,8,7,0,0,5,0,4,5,0,4
0,2,4,11,10,0,1,12,1,13,50,52,57,54,51,50,31,11,13,14,14,10,5,10
2,11,0,20,32,29,14,21,27,48,78,101,70,88,92,78,101,70,45,42,21,12,7,10
7,0,0,1,6,9,7,4,14,63,80,99,105,113,112,107,103,90,57,29,13,11,5,3
6,0,0,0,7,4,11,22,52,60,60,87,74,101,107,108,76,71,12,11,7,0,0,0
3,0,0,0,0,6,36,43,34,41,43,50,50,62,62,63,50,39,9,6,9,0,0,0
0,0,0,0,4,13,26,46,51,45,38,16,50,66,57,54,40,11,5,14,4,8,6,3
2,8,7,12,14,51,65,69,58,44,8,24,61,57,51,18,13,7,5,10,7,0,0,0
0,0,11,2,47,88,151,119,84,61,56,56,14,12,0,10,10,5,58,28,13,0,0,0
4,5,14,12,57,71,103,115,85,104,87,79,67,65,51,51,52,52,53,63,51,12,0,0
4,3,8,32,58,72,77,90,109,115,117,85,72,79,64,77,85,67,55,53,50,14,0,3
0,4,14,51,68,61,43,104,131,152,143,105,96,96,106,118,115,73,59,63,57,33,6,2
5,0,15,46,54,18,20,97,119,135,143,149,155,143,153,137,116,90,81,60,60,50,13,10
0,0,9,50,50,4,34,100,115,141,159,179,217,190,169,128,112,92,53,50,57,67,27,10
7,1,1,13,7,0,6,53,126,163,178,196,210,173,130,121,113,68,50,46,14,51,15,2
12,16,11,9,12,0,2,70,114,151,196,209,187,134,126,130,119,68,59,41,22,52,59,14
6,9,31,10,6,9,15,66,81,127,179,209,149,136,116,125,139,102,26,47,55,54,53,29
3,8,20,26,26,29,37,57,104,166,185,149,173,166,136,130,120,68,50,28,22,34,34,11
9,14,39,43,22,22,45,83,117,118,131,167,178,169,152,124,118,100,58,31,14,52,94,12
8,7,57,55,31,14,76,109,122,138,162,191,186,158,152,147,126,63,57,25,34,48,52,27
5,6,40,60,38,18,37,93,127,142,150,175,170,165,131,126,109,71,27,13,18,33,41,36
7,18,50,89,51,35,44,57,110,112,137,148,152,156,143,132,102,65,38,16,10,43,54,34
10,13,34,107,43,14,65,103,107,120,122,125,130,143,130,116,101,59,35,15,18,36,50,41
0,3,40,106,76,64,102,106,110,112,124,140,141,151,133,122,106,102,71,14,9,27,52,37
5,4,21,83,56,76,102,109,113,109,109,129,129,129,116,110,111,106,97,51,5,14,54,14
0,12,11,55,51,106,122,132,126,122,107,106,118,109,105,115,117,114,105,79,12,13,14,13
10,13,8,14,67,103,113,119,116,109,93,95,75,100,109,106,111,107,107,83,52,9,5,4
4,2,9,14,69,109,118,121,110,104,75,54,70,78,89,104,96,106,104,100,51,13,12,7
11,14,12,38,72,109,123,118,104,84,65,53,47,57,63,92,107,105,105,102,63,8,9,7
8,9,11,55,68,93,95,87,63,51,50,47,46,52,69,74,86,89,74,100,64,10,10,11
2,4,11,41,77,95,76,70,54,49,47,39,41,47,54,56,59,66,78,71,53,13,10,12
2,6,10,43,59,87,79,70,60,59,53,44,50,57,58,57,62,88,105,65,56,15,9,10
9,11,27,99,169,95,71,64,54,51,47,44,30,50,52,55,61,73,117,104,54,39,13,12
11,13,51,93,124,67,50,30,49,38,27,17,16,22,38,50,54,60,142,176,56,17,10,6
11,19,55,59,52,52,37,39,21,13,5,1,2,3,9,8,12,29,53,55,47,13,11,0
7,27,32,57,39,22,13,10,13,7,3,0,0,0,3,9,12,12,37,26,15,3,2,6
13,50,46,25,39,12,0,9,8,7,7,4,3,4,7,0,3,12,12,13,11,7,0,0
14,52,48,39,8,0,0,9,5,10,5,2,6,10,6,8,8,8,12,11,10,0,0,0
31,38,50,12,1,8,11,7,4,0,6,8,4,2,4,1,1,0,0,0,0,0,0,0
22,20,20,13,8,8,12,11,11,12,10,6,3,6,7,10,10,0,2,7,0,0,0,0
16,21,0,10,9,5,3,10,14,12,12,8,0,11,12,14,12,7,8,10,6,5,1,0
13,11,7,0,7,13,4,1,12,12,12,9,9,4,0,11,13,14,12,10,0,2,9,7
0,9,13,4,0,10,12,1,4,17,6,5,3,8,6,0,9,5,5,8,12,12,9,2
7,8,3,10,3,0,11,5,0,4,9,3,4,0,3,10,10,6,0,9,11,14,7,7

0,10,3,4,1,1,7,2,3,4,10,3,7,5,8,7,0,0,5,0,4,5,0,4
0,2,4,11,10,0,1,12,1,13,47,52,57,54,51,50,31,11,13,14,13,10,5,10
2,11,0,21,33,28,14,21,26,48,78,101,70,88,92,77,101,71,45,40,20,12,7,10
7,0,0,1,6,9,7,4,14,63,80,99,105,113,112,107,103,89,57,29,13,11,5,3
6,0,0,0,7,4,12,23,52,60,60,87,74,101,107,108,76,71,12,11,7,0,0,0
3,0,0,0,0,6,36,42,34,41,42,50,50,62,62,63,50,38,9,6,9,0,0,0
0,0,0,0,4,13,25,46,51,45,39,18,50,66,57,54,39,11,5,14,4,8,6,3
2,8,7,12,14,51,65,69,58,46,9,24,61,57,51,18,13,7,5,10,6,0,0,0
0,0,11,2,47,88,151,119,84,61,56,56,14,12,0,10,10,5,58,28,13,0,0,0
4,6,14,12,57,71,102,115,85,104,87,79,67,65,52,51,52,52,53,63,51,12,0,0
4,3,8,32,58,72,77,90,109,115,117,85,72,79,64,77,85,67,55,53,50,14,0,3
0,3,14,51,68,61,46,105,131,153,143,105,97,97,106,118,115,73,60,64,57,35,6,2
5,0,16,47,54,18,21,98,119,135,143,149,155,144,155,138,116,90,81,60,61,50,14,10
0,0,9,50,50,4,33,99,115,141,159,178,218,191,170,129,112,92,53,50,57,66,26,10
7,1,1,13,7,0,6,53,126,162,178,196,211,173,131,121,113,68,50,46,14,50,14,2
12,15,11,9,12,0,2,70,114,150,196,209,188,134,126,131,119,68,59,39,22,51,59,14
6,9,31,10,6,9,14,66,81,127,178,210,149,136,116,125,138,102,26,47,55,54,53,29
3,8,19,26,26,29,37,57,104,166,185,149,173,165,136,130,120,68,50,28,22,34,34,11
9,14,39,43,22,22,45,83,117,118,131,167,178,169,151,124,118,100,58,31,14,52,95,12
8,7,57,55,30,14,76,109,121,137,162,191,186,157,152,146,125,63,57,24,33,48,52,27
5,6,40,61,38,18,37,93,127,142,150,174,170,165,131,126,109,71,27,13,18,33,41,36
7,18,50,89,51,35,44,56,110,111,137,148,151,155,143,132,102,64,38,15,10,41,54,32
10,13,35,107,42,14,65,103,107,120,122,125,129,143,130,116,101,58,35,15,18,36,50,41
0,3,39,106,76,64,102,106,110,112,124,140,141,151,133,122,106,102,71,14,9,26,53,35
5,4,21,84,56,77,102,109,113,109,109,129,129,129,115,110,111,106,97,52,5,14,53,14
0,12,11,55,50,106,122,132,126,122,107,106,118,109,105,115,117,114,105,80,12,13,14,13
10,13,8,14,67,103,113,119,116,109,94,96,75,100,109,106,111,107,107,83,53,9,5,4
4,2,9,14,69,109,117,121,110,104,75,54,70,78,89,104,96,106,104,100,52,13,12,7
10,14,12,38,72,109,123,118,104,84,65,54,46,58,63,92,107,105,106,102,63,9,9,7
8,8,11,55,67,93,95,87,63,51,50,47,46,52,68,74,86,88,74,100,64,10,10,11
2,4,11,41,77,95,75,70,54,49,46,38,41,47,54,56,59,67,78,71,53,13,10,12
2,7,10,43,59,87,79,70,60,58,53,41,50,58,58,57,62,88,105,65,56,14,9,10
9,11,27,99,169,95,71,64,54,51,47,42,31,50,53,55,61,73,117,104,54,39,13,12
11,12,51,93,123,67,50,30,50,38,26,18,16,22,37,50,54,60,142,176,55,19,10,6
11,19,55,59,52,52,37,38,21,13,5,1,2,3,9,8,12,28,53,55,46,13,12,0
7,27,32,57,39,22,13,10,13,7,3,0,0,0,3,9,12,12,35,26,14,3,1,6
13,50,47,25,39,12,1,10,7,7,7,3,3,4,7,0,3,12,12,13,11,7,0,0
14,52,48,40,8,0,0,10,4,10,5,2,6,10,6,8,8,8,12,11,10,0,0,0
31,39,50,12,1,8,11,6,4,0,6,8,4,2,4,1,1,0,0,0,0,0,0,0
22,20,20,13,8,8,12,11,11,12,10,6,3,6,7,11,10,0,2,7,0,0,0,0
16,21,0,10,9,5,3,10,14,11,12,8,0,11,12,14,12,7,8,10,6,5,1,0
13,11,7,0,7,13,3,1,12,12,11,9,9,4,0,11,13,14,12,9,0,2,9,7
0,9,13,4,0,10,11,1,4,16,6,5,3,9,6,0,8,6,5,8,12,12,9,2
7,8,3,10,4,0,11,5,0,4,9,3,4,0,3,10,10,6,0,9,11,14,7,7

0,10,3,4,1,1,7,2,3,4,10,2,7,5,8,7,0,0,5,0,4,5,0,4
0,2,4,11,10,0,1,12,1,13,47,52,57,55,51,50,31,12,13,14,13,10,5,10
2,11,0,21,31,29,14,21,28,50,78,101,70,88,92,77,101,70,47,42,20,12,8,10
7,0,0,1,6,9,7,4,13,63,80,98,105,113,112,107,103,89,57,29,13,11,5,3
6,0,0,0,7,4,11,22,52,60,60,87,74,101,107,108,76,71,12,11,7,1,0,0
3,0,0,0,0,6,37,43,34,41,42,50,50,61,62,63,50,39,9,6,9,0,0,0
0,0,0,0,4,13,27,47,51,46,41,16,50,66,57,54,40,11,5,14,4,9,6,3
2,8,7,12,14,51,65,70,58,45,9,23,61,57,51,18,13,7,5,10,6,0,0,0
0,0,11,2,48,88,151,119,84,61,56,56,15,12,0,10,10,5,58,31,14,0,0,0
4,6,14,12,56,71,102,115,85,104,87,79,67,65,52,51,52,52,53,63,51,12,0,0
4,3,8,32,58,72,77,90,110,116,117,86,72,79,64,78,86,67,55,53,50,14,0,3
0,3,14,51,68,61,44,105,131,153,143,106,97,96,106,118,115,73,60,63,57,36,6,2
5,0,15,46,54,18,21,97,119,135,143,149,155,144,154,138,117,90,81,60,60,50,14,10
0,0,9,50,50,4,33,100,115,142,159,179,217,191,170,129,111,92,54,50,57,68,27,10
7,1,1,13,7,0,6,54,127,163,178,196,211,173,131,121,113,68,50,47,14,51,14,2
12,15,11,9,12,0,2,70,114,151,196,209,188,134,126,131,119,68,59,39,22,52,59,14
6,9,31,10,6,9,14,66,81,127,179,208,149,137,116,125,138,102,25,46,55,53,53,29
3,8,19,26,26,29,37,57,105,167,185,150,173,166,136,130,120,68,50,28,22,34,34,11
9,14,39,43,21,22,45,83,117,118,131,167,178,169,152,124,118,100,58,31,14,53,94,11
8,7,57,54,29,14,76,109,121,138,162,191,186,158,152,146,125,63,57,24,33,48,52,25
5,7,39,60,38,18,38,92,127,142,150,175,170,165,131,126,109,71,27,13,18,34,41,36
7,18,50,89,51,35,44,56,110,111,137,148,151,156,143,132,102,64,38,15,10,42,54,32
10,13,35,107,43,14,65,103,107,120,122,125,129,143,130,116,101,58,35,15,18,37,50,42
1,3,40,106,77,63,102,105,110,112,124,140,141,151,133,121,106,102,71,14,9,27,52,34
5,4,22,84,56,77,102,109,113,109,109,129,129,129,115,110,111,106,98,52,5,13,54,14
0,12,11,55,51,106,122,132,126,122,107,106,118,109,105,115,117,114,105,78,12,13,14,13
10,13,8,14,67,103,113,119,116,109,92,95,75,100,109,106,111,107,107,83,52,9,5,4
4,2,9,14,68,109,117,121,110,104,75,55,70,79,89,104,95,106,104,100,51,13,12,7
11,14,12,39,72,109,123,118,104,84,66,54,46,58,63,92,107,105,105,102,63,9,10,7
8,8,11,55,67,93,95,87,63,51,50,47,46,52,68,74,86,88,74,100,64,10,10,11
2,4,11,41,77,96,76,70,55,50,47,38,42,47,54,56,59,66,78,71,53,13,10,12
2,7,10,43,59,87,79,70,60,58,53,43,50,57,58,57,62,88,105,65,56,15,9,10
9,11,27,99,169,95,71,64,54,50,47,42,30,50,53,55,61,73,117,104,54,38,13,12
11,13,51,93,124,67,50,30,50,39,26,18,16,22,38,50,54,60,142,177,56,19,10,6
11,19,55,59,52,52,37,39,21,13,5,2,2,3,9,8,12,30,53,55,47,14,12,0
7,27,32,56,40,22,13,10,13,7,3,0,0,0,3,9,12,12,35,26,15,3,1,6
13,50,46,25,39,12,2,11,7,6,7,3,3,4,7,0,3,12,12,13,11,7,0,0
14,52,47,40,8,0,0,10,4,11,6,2,6,10,6,8,8,8,12,11,10,0,0,0
31,38,51,12,1,8,11,6,4,0,6,8,4,2,4,1,1,0,0,0,0,0,0,0
22,21,20,13,8,8,13,11,11,12,10,6,3,6,7,10,10,0,2,7,0,0,0,0
16,21,0,10,9,5,3,10,14,12,12,8,0,11,12,14,12,7,8,10,6,5,1,0
13,12,7,0,7,13,4,1,12,12,12,8,9,4,0,11,13,14,12,9,0,2,9,7
0,9,13,4,0,10,11,1,4,16,6,5,3,8,6,0,9,6,5,8,12,12,9,2
7,8,3,10,4,0,10,5,0,4,9,4,4,0,4,10,10,6,0,9,11,14,7,7

0,10,3,4,1,1,7,2,3,4,10,2,7,5,8,7,0,0,5,0,4,5,0,4
0,2,4,11,10,0,1,12,1,13,48,52,57,55,51,50,34,11,12,14,14,9,5,10
2,11,0,21,33,29,14,22,26,48,78,101,70,87,92,78,101,71,45,42,20,12,8,10
7,0,0,1,6,9,7,4,13,63,80,99,105,113,112,107,103,90,57,27,13,11,5,3
6,0,0,0,7,4,11,21,52,60,59,87,73,101,107,108,76,71,12,11,7,0,0,0
3,0,0,0,0,6,36,42,34,41,42,50,50,61,62,63,50,38,9,6,9,0,0,0
0,0,0,0,4,13,28,47,52,47,40,15,46,66,57,54,38,11,6,14,4,9,6,3
2,8,7,12,14,51,65,70,58,43,8,22,61,57,51,20,13,7,5,10,7,0,0,0
0,0,11,2,47,88,151,119,84,61,56,56,14,12,0,11,10,5,58,32,14,0,0,0
4,5,14,12,56,71,102,114,85,104,87,79,67,66,52,52,52,52,53,64,51,12,0,0
4,3,8,31,58,72,77,90,109,115,117,85,72,80,65,79,86,68,55,53,50,14,0,3
0,3,14,51,68,61,43,104,130,152,143,105,96,97,107,119,116,73,60,63,57,35,6,2
5,0,16,46,54,18,20,97,119,135,143,148,154,145,155,138,116,90,81,61,60,49,14,10
0,0,9,50,50,4,31,100,115,141,157,175,216,191,171,128,111,92,53,50,57,67,26,10
7,1,1,13,7,1,6,54,127,164,178,195,209,172,130,121,113,67,50,48,14,53,16,2
12,16,11,9,12,0,2,71,115,153,197,210,188,135,127,131,119,69,58,41,20,51,59,14
6,9,31,10,6,10,16,67,82,131,180,208,151,139,117,125,139,102,27,47,55,54,53,30
3,8,19,26,27,30,38,58,108,168,183,150,176,169,139,131,120,68,50,28,22,34,34,11
9,14,39,43,22,22,46,85,118,119,132,169,180,172,155,125,118,100,58,32,14,52,94,12
8,7,56,54,31,14,76,109,122,139,164,193,188,160,154,148,126,63,57,25,34,49,52,27
5,6,39,60,37,19,38,92,127,143,152,176,172,167,132,127,109,70,27,14,18,34,42,35
7,18,50,89,51,34,43,54,109,112,138,150,154,158,144,132,102,62,36,14,10,42,54,33
10,13,34,107,42,14,64,102,106,119,122,125,130,143,130,116,101,56,34,14,18,37,50,41
0,3,39,106,75,63,102,105,109,112,123,140,141,151,132,121,106,102,71,13,9,27,52,37
5,4,21,83,55,76,102,108,113,109,108,129,128,129,115,109,110,106,97,50,5,14,54,14
0,12,11,55,49,105,122,131,126,122,106,106,117,109,105,114,117,114,105,78,11,13,14,13
10,13,8,14,67,103,113,119,115,109,92,96,74,100,109,106,111,107,107,83,52,9,5,4
4,2,9,14,68,109,117,121,109,104,75,54,70,78,89,104,95,106,104,100,51,13,12,7
11,14,12,38,72,109,123,118,104,83,65,53,46,58,63,92,107,105,105,102,63,8,9,7
8,8,11,55,67,93,95,87,63,51,50,47,46,52,69,74,86,88,73,100,64,10,10,11
2,3,11,41,77,95,76,70,55,50,47,38,41,47,54,56,59,66,78,71,53,13,10,12
2,7,10,43,59,87,79,70,60,59,53,43,50,58,58,57,62,88,105,65,56,15,9,11
9,11,27,100,170,95,71,64,54,51,48,44,31,50,52,55,60,72,117,104,54,41,13,12
11,13,51,93,124,67,50,30,50,39,26,18,17,22,38,50,54,60,142,178,56,20,10,6
11,19,55,59,52,52,37,38,21,13,5,1,2,3,9,8,12,30,53,55,47,13,12,0
7,27,32,56,40,21,13,10,13,7,3,0,0,0,3,9,12,12,35,26,15,3,2,6
14,50,46,25,39,12,2,11,7,6,7,3,3,4,8,0,3,12,12,13,11,7,0,0
14,52,48,41,8,0,0,10,4,11,7,2,6,10,6,8,8,8,12,11,10,0,0,0
31,38,50,12,1,8,11,6,4,0,6,8,4,2,4,1,1,0,0,0,0,0,0,0
22,20,20,14,8,8,13,11,11,12,10,6,3,6,7,11,10,0,2,8,0,0,0,0
17,21,0,10,9,5,3,10,14,12,12,8,0,11,12,14,12,7,8,10,6,5,1,0
13,12,7,0,7,13,3,0,12,12,11,8,9,4,0,11,13,14,12,9,0,2,9,7
0,9,13,4,0,10,11,1,4,17,5,5,3,8,6,0,8,5,5,8,12,13,9,2
7,8,3,10,4,0,11,5,0,4,9,3,4,0,4,10,10,6,0,9,11,14,7,7

0,10,3,4,1,1,7,2,3,4,10,2,7,5,8,7,0,0,5,0,4,5,0,4
0,2,4,11,10,0,1,12,1,13,47,52,57,55,51,50,30,12,13,14,13,10,5,10
2,11,0,18,32,31,14,21,28,48,78,101,70,87,92,78,101,70,48,42,21,12,8,10
7,0,0,1,6,9,7,4,13,63,79,98,105,113,112,107,103,90,57,28,13,11,5,3
6,0,0,0,7,4,11,21,52,60,60,87,73,101,107,108,76,71,12,11,7,1,0,0
3,0,0,0,0,6,36,42,34,41,42,50,50,61,62,63,50,39,9,6,9,0,0,0
0,0,0,0,4,13,25,47,51,45,39,14,44,66,57,54,38,11,6,14,4,9,6,3
2,8,7,12,14,51,65,70,58,45,9,19,60,57,51,18,13,7,5,11,7,0,0,0
0,0,11,2,47,88,150,118,84,61,56,56,14,13,0,11,10,5,59,33,14,0,0,0
4,6,14,12,56,71,102,114,85,104,87,79,67,66,53,52,52,52,53,64,51,12,0,0
4,3,8,32,58,72,77,90,110,116,118,86,72,80,65,79,87,68,55,53,50,14,0,3
0,3,14,51,68,61,44,104,131,153,143,105,96,96,106,119,116,74,60,64,57,36,6,2
5,0,15,46,54,19,21,98,119,135,143,148,154,144,153,137,117,90,81,61,61,50,14,10
0,0,9,50,50,4,33,100,115,141,157,175,214,190,168,127,111,92,53,50,57,68,27,10
7,1,1,13,7,1,6,54,127,163,177,194,208,171,129,120,112,67,50,45,14,53,16,2
12,16,11,9,12,0,2,71,115,153,198,210,188,136,127,130,119,69,59,38,22,52,59,14
6,9,31,10,6,10,16,67,83,131,179,208,152,140,118,124,139,102,27,47,55,54,53,30
3,8,20,26,27,30,38,58,109,167,181,152,178,171,140,131,120,69,50,28,22,35,34,11
9,14,39,43,22,23,46,85,118,120,133,170,181,173,156,126,118,100,58,33,14,52,95,12
8,7,57,55,31,14,76,109,122,139,165,194,189,161,156,148,127,63,57,25,35,47,52,28
5,6,39,60,38,18,37,92,126,143,153,177,174,169,133,128,110,71,27,14,18,33,42,36
7,18,50,88,51,34,42,52,108,112,138,151,155,159,144,133,101,61,35,14,10,42,54,33
10,13,34,107,42,14,62,101,105,119,122,125,130,144,130,116,100,55,33,14,18,37,49,41
0,3,39,106,75,63,102,105,109,111,123,139,140,150,132,121,106,102,68,13,9,26,53,35
5,4,21,83,56,75,102,108,113,108,108,128,128,128,115,109,110,105,96,50,5,13,52,14
0,12,11,55,51,105,122,131,125,122,106,106,117,109,105,114,117,114,105,79,12,13,14,13
10,13,8,14,67,103,113,119,115,109,91,95,74,100,109,106,111,107,107,83,51,9,5,4
4,2,9,14,68,109,117,121,109,104,74,54,70,79,89,104,95,106,104,100,51,13,12,7
10,14,12,38,72,109,123,118,104,84,66,54,46,58,63,91,107,105,105,102,63,9,10,7
8,8,11,55,67,93,95,87,63,51,50,47,45,52,69,74,86,88,73,100,64,10,11,11
2,3,11,41,77,95,75,69,54,49,46,38,42,47,54,56,59,66,78,71,53,13,10,12
2,7,10,43,59,87,78,70,60,58,53,41,50,58,58,57,62,88,105,65,56,15,9,11
9,11,27,100,170,94,71,63,54,51,46,44,31,50,52,55,60,72,117,104,54,40,13,12
11,13,51,93,124,67,50,30,50,38,26,18,16,22,38,50,54,60,142,179,56,20,10,6
11,19,55,59,52,52,38,39,21,13,5,1,2,3,9,8,12,30,53,55,47,13,12,0
7,27,32,57,40,22,13,10,13,7,3,0,0,1,3,9,12,13,36,27,15,3,2,6
13,50,46,25,39,12,2,11,7,6,7,3,3,4,7,0,3,12,12,13,11,7,0,0
14,52,49,42,8,0,0,10,4,11,8,2,6,10,6,8,8,8,12,11,10,0,0,0
31,40,50,12,1,8,11,6,4,0,6,8,4,2,4,1,1,0,0,0,0,0,0,0
22,21,20,14,8,8,13,11,11,12,10,6,3,6,7,10,10,0,2,8,0,0,0,0
17,21,0,10,9,5,3,10,14,12,12,8,0,11,12,14,12,7,8,10,6,5,1,0
13,12,7,0,7,13,4,1,12,12,12,9,9,4,0,11,13,14,12,10,0,2,9,7
1,9,13,4,0,10,12,1,4,17,6,5,3,8,6,0,8,6,5,8,12,13,9,2
7,8,3,10,4,0,11,5,0,4,9,4,4,0,4,10,10,6,0,9,11,14,7,7

0,10,3,4,1,1,7,2,3,4,10,2,6,5,8,7,0,0,5,0,4,5,0,4
0,2,4,11,10,0,1,12,1,13,47,52,57,54,51,51,31,11,13,14,14,10,5,10
2,11,0,20,31,28,14,21,26,48,78,101,70,87,92,78,101,70,47,43,20,12,8,10
7,0,0,1,6,9,7,4,13,63,80,99,105,113,112,107,103,90,58,27,13,11,5,3
6,0,0,0,7,4,11,22,51,59,60,87,73,101,107,107,76,71,12,11,7,1,0,0
3,0,0,0,0,6,36,42,34,41,42,50,50,61,62,63,50,39,9,6,9,0,0,0
0,0,0,0,4,13,25,46,51,45,38,15,46,66,57,54,38,11,6,14,4,9,6,3
2,8,7,12,14,51,65,69,58,44,8,21,61,57,51,18,13,7,6,11,7,0,0,0
0,0,11,2,47,87,150,118,84,61,56,56,14,13,0,11,10,5,59,33,14,0,0,0
4,6,14,12,56,72,102,114,85,104,87,79,67,66,53,52,52,53,53,64,51,13,0,0
4,3,8,32,58,72,77,90,110,116,118,86,72,80,65,79,87,68,55,53,50,14,0,3
0,3,14,51,68,61,43,105,131,153,143,106,97,97,107,119,117,74,60,64,58,39,7,2
5,0,15,46,54,18,21,97,119,135,143,148,154,145,155,138,117,90,81,60,61,51,14,10
0,0,9,50,48,4,33,100,115,141,157,175,214,191,169,128,111,92,54,50,57,68,29,10
7,1,1,13,7,1,6,54,127,163,177,194,207,171,129,120,112,67,50,43,14,52,17,2
12,16,11,9,12,0,2,71,115,152,197,209,188,135,126,130,119,69,59,38,22,51,59,14
6,9,31,10,6,10,15,67,82,131,179,207,152,139,117,124,139,102,26,48,56,54,53,29
3,8,20,26,26,30,38,58,108,166,181,152,178,171,140,131,120,68,50,28,22,35,34,11
9,14,39,43,22,22,46,85,118,119,133,170,181,173,156,126,118,100,58,32,14,52,95,12
8,7,56,54,31,14,76,109,122,139,165,194,189,162,156,148,126,63,57,25,34,49,52,27
6,6,39,60,37,19,37,91,126,143,153,177,174,169,133,128,109,70,27,14,18,33,42,36
7,18,50,89,51,34,42,52,108,112,139,150,155,159,144,133,101,61,34,14,10,40,54,33
10,13,34,107,42,14,62,101,105,119,123,125,130,144,130,115,100,55,33,14,18,36,49,42
0,3,39,106,75,63,102,105,109,111,123,139,140,150,132,121,105,102,69,13,8,25,54,33
5,4,21,83,57,76,102,108,112,108,108,128,128,128,115,109,110,105,96,50,5,13,53,14
0,12,11,55,50,105,122,131,125,122,107,106,117,109,105,114,117,114,105,79,12,13,14,13
10,13,8,14,67,103,113,119,115,109,92,95,74,100,109,106,111,107,107,83,52,9,5,4
4,2,9,14,68,109,117,121,109,104,74,54,70,79,89,104,95,106,104,100,51,13,12,6
10,14,12,38,72,109,123,118,104,83,65,53,45,58,63,92,107,105,105,102,63,8,9,7
8,8,11,55,67,93,95,87,63,51,50,47,46,52,69,74,86,88,73,100,64,10,11,11
2,3,11,41,77,95,76,69,55,50,46,38,41,47,54,56,59,66,78,71,53,13,10,12
2,7,10,43,59,87,78,70,60,58,53,41,50,57,58,57,62,88,105,65,56,15,9,11
9,11,27,100,170,94,71,64,54,51,48,43,31,50,52,55,60,73,117,105,54,39,13,12
11,13,51,93,124,67,50,30,50,36,26,17,17,22,37,50,54,60,142,179,56,19,10,6
11,19,55,59,52,52,37,38,21,13,5,2,2,3,9,8,12,31,53,55,46,14,12,0
7,27,32,57,41,22,13,10,13,7,3,0,0,1,3,9,12,12,37,28,15,3,2,6
14,50,46,25,39,12,2,11,7,7,7,4,3,4,8,0,3,12,12,13,11,7,0,0
14,52,48,40,8,0,0,10,4,11,7,2,6,10,6,8,8,8,12,11,10,0,0,0
31,39,50,12,1,8,11,6,4,0,6,8,4,2,4,1,1,0,0,0,0,0,0,0
23,21,21,14,8,8,13,11,11,12,10,6,3,6,7,11,10,0,2,8,0,0,0,0
16,21,0,10,9,5,3,10,14,12,12,8,0,11,12,14,12,7,8,10,6,5,1,0
13,12,7,0,7,13,4,1,12,12,11,9,9,4,0,11,13,14,12,10,0,2,9,7
1,9,13,4,0,10,11,1,4,17,6,5,3,9,6,0,8,5,5,8,12,13,9,2
7,8,3,10,4,0,11,5,0,4,9,4,4,0,4,10,10,6,0,9,11,14,7,7

0,10,3,4,1,1,7,2,3,4,10,2,7,6,8,7,0,0,5,0,4,5,0,4
0,2,4,11,10,0,1,12,1,13,50,52,57,55,51,50,31,12,13,14,14,10,5,10
2,11,0,20,31,28,14,21,27,48,78,101,70,87,92,77,101,71,47,40,21,12,8,10
7,0,0,1,6,9,7,4,13,63,80,98,105,113,112,107,103,90,58,29,13,11,6,3
6,0,0,0,7,4,11,22,52,60,60,87,73,101,107,108,76,71,13,11,8,1,0,0
3,0,0,0,0,6,36,42,34,41,41,50,50,62,62,63,50,39,9,6,9,0,0,0
0,0,0,0,4,13,26,46,51,45,38,15,46,66,57,54,39,11,6,14,4,9,6,3
2,8,7,12,14,51,65,69,58,44,8,22,61,57,51,18,13,7,6,11,7,0,0,0
0,0,11,2,49,88,151,118,83,61,56,56,15,13,0,11,10,5,59,35,14,0,0,0
4,6,14,12,57,71,102,114,85,104,87,79,68,66,53,52,52,53,53,64,51,12,0,0
4,3,8,33,58,72,77,90,110,116,118,86,72,80,65,79,87,68,55,53,50,14,0,3
0,4,14,51,68,61,44,105,131,154,144,106,97,97,107,120,117,74,60,64,58,36,7,2
5,0,16,47,54,18,21,98,119,135,143,149,155,145,154,139,118,91,81,61,62,51,14,10
0,0,9,50,50,4,33,100,115,141,158,177,215,190,168,128,112,93,54,50,57,68,27,10
7,1,1,13,7,0,6,54,127,163,178,194,207,171,129,121,113,68,50,45,14,53,16,2
12,16,11,9,12,0,2,71,115,151,196,209,187,134,126,130,119,68,59,38,23,52,59,14
6,9,32,10,6,9,15,66,82,129,178,207,150,138,117,124,138,102,26,47,55,54,54,30
3,8,20,26,26,29,37,58,106,165,182,151,176,169,138,130,119,68,50,28,22,35,34,11
9,14,39,43,22,22,46,84,117,119,132,169,180,172,154,125,118,100,58,32,14,52,96,12
8,7,57,55,31,14,76,109,121,138,164,193,187,160,154,147,126,63,57,25,34,47,52,27
6,7,40,61,38,19,38,91,126,143,152,176,172,167,132,127,109,70,27,14,18,34,42,36
7,18,50,89,51,34,43,53,109,111,138,150,154,158,144,132,101,62,35,14,10,42,54,32
10,13,34,107,42,14,64,102,106,119,122,125,130,143,130,116,100,56,34,14,18,37,49,41
0,3,39,106,76,64,102,105,109,112,123,140,141,150,132,121,105,102,70,13,9,26,53,33
5,4,21,83,56,76,102,108,113,109,108,129,128,128,115,109,110,106,97,50,5,13,53,14
0,12,11,55,50,106,122,131,126,122,106,106,117,109,105,114,117,114,105,78,12,13,14,13
10,13,8,14,67,103,113,119,115,109,92,94,75,100,109,106,111,107,107,84,52,9,5,4
4,2,9,14,68,109,117,121,110,104,75,54,70,79,89,104,95,106,104,100,51,13,12,7
10,14,12,38,72,109,123,118,104,84,65,54,47,58,63,92,107,105,105,102,63,9,10,7
8,8,11,55,67,93,95,87,63,51,50,47,46,52,69,74,86,88,73,100,64,10,11,11
2,3,11,41,77,96,76,69,55,50,47,38,41,47,54,56,59,66,78,71,53,13,11,13
2,7,10,43,58,87,79,70,60,59,53,42,50,57,58,57,62,88,105,65,56,15,9,10
9,11,27,100,170,95,72,64,54,51,48,43,31,50,53,55,61,73,117,105,54,39,13,12
11,13,51,93,124,67,50,30,50,38,27,17,16,23,37,50,54,60,142,178,56,18,10,6
11,19,55,59,52,52,38,39,21,13,5,1,2,3,9,8,12,30,53,55,46,14,12,0
7,27,32,57,40,22,13,10,13,7,3,0,0,1,3,9,12,12,36,27,15,3,2,6
14,50,46,25,40,12,3,11,7,7,7,3,3,4,8,0,3,12,12,13,12,7,0,0
14,52,48,40,8,0,0,10,4,11,8,2,6,10,6,8,8,8,12,11,10,0,0,0
31,40,51,12,1,8,11,6,4,0,6,8,4,2,4,1,2,0,0,0,0,0,0,0
22,21,22,14,8,8,13,11,11,12,10,6,3,6,7,10,10,0,2,8,0,0,0,0
17,21,0,10,9,5,3,10,15,12,12,8,0,11,12,14,12,7,8,10,6,5,1,0
13,12,7,0,7,13,4,1,12,12,12,9,9,4,0,11,13,14,12,10,0,2,9,7
1,9,13,4,0,10,12,1,4,17,6,5,3,8,6,0,9,5,5,8,12,13,9,2
7,8,3,10,4,0,11,5,0,4,9,3,4,0,4,10,10,6,0,9,11,14,7,7

0,10,3,4,1,1,7,2,3,4,10,2,6,5,8,7,0,1,5,0,4,5,0,4
0,2,4,11,10,0,1,12,1,13,48,52,57,54,51,51,33,11,13,14,14,10,5,10
2,11,0,20,33,27,14,22,25,46,78,101,70,88,92,77,101,71,47,40,21,12,8,10
7,0,0,1,6,9,7,4,13,63,79,99,105,113,112,107,103,90,58,29,13,11,6,3
6,0,0,0,7,4,11,22,52,60,60,87,73,101,107,108,76,72,13,11,8,1,0,0
3,0,0,0,0,6,35,42,34,41,42,50,50,62,62,63,50,39,9,6,9,0,0,0
0,0,0,0,4,13,26,46,51,45,39,17,50,66,57,54,39,11,6,14,4,9,6,3
2,8,7,12,14,51,65,69,58,43,9,23,61,57,51,19,14,7,6,11,7,0,0,0
0,0,11,2,48,88,151,118,84,61,57,56,18,14,0,11,11,6,59,36,14,0,0,0
4,6,14,12,57,72,102,115,85,104,88,79,68,66,53,52,52,53,53,64,51,13,0,0
4,3,8,33,58,72,77,90,110,117,119,87,72,80,65,79,88,68,55,53,50,14,0,3
0,4,14,51,68,61,44,105,131,154,144,106,98,98,107,120,117,74,60,64,58,39,7,2
5,0,16,47,54,19,22,98,119,136,144,149,157,145,155,139,118,92,82,61,62,51,14,10
0,0,9,50,50,4,33,100,115,142,159,178,216,191,170,129,112,93,54,50,57,68,28,10
7,1,1,13,7,0,6,54,127,163,177,195,209,172,130,121,113,68,50,48,14,53,20,2
12,15,11,9,12,0,2,70,114,150,196,208,187,133,125,130,119,68,58,38,22,52,60,14
6,9,32,10,6,9,15,66,81,126,177,208,149,136,116,124,138,102,26,48,55,54,53,31
3,8,20,26,26,29,37,57,104,164,184,149,173,166,136,129,119,67,50,28,22,35,34,11
9,14,39,43,22,22,46,84,117,118,131,167,178,169,152,124,117,100,57,31,14,53,96,12
8,7,57,55,31,14,76,109,121,137,162,191,186,158,152,147,125,63,56,24,34,48,52,27
6,7,40,60,38,19,37,92,126,142,150,175,170,165,131,126,109,70,27,14,18,34,42,36
7,18,51,89,51,35,44,55,110,111,137,148,152,155,143,132,101,63,37,14,10,43,54,32
10,13,35,107,42,14,65,103,107,119,122,125,129,143,129,115,101,57,35,15,18,36,49,42
0,3,40,106,76,64,102,105,109,112,123,140,141,151,132,121,106,102,70,13,9,26,52,33
5,4,22,83,55,77,102,108,113,109,109,129,128,129,115,110,110,106,98,52,5,13,53,14
0,12,11,55,51,106,122,132,126,122,107,106,118,109,105,114,117,114,105,79,12,13,14,13
9,13,8,14,68,103,113,119,116,109,94,95,75,100,109,106,111,107,107,84,53,9,5,4
4,2,9,14,68,109,117,121,110,104,75,55,70,79,89,104,95,106,104,100,51,13,12,7
11,14,12,39,73,109,123,118,104,84,65,54,47,58,63,92,107,105,106,102,64,9,10,7
8,8,11,55,67,93,95,87,63,51,50,47,46,52,69,74,86,89,74,100,64,10,11,11
2,3,11,42,77,96,76,69,55,50,47,38,41,47,54,56,59,66,79,71,53,13,11,13
2,7,10,43,59,87,79,70,60,58,53,41,50,58,58,57,62,88,105,65,56,14,9,11
9,11,28,99,170,95,72,64,54,51,47,44,32,50,53,55,61,73,117,105,54,41,13,12
11,13,51,93,124,67,50,30,50,38,26,17,15,22,37,50,54,60,142,177,56,19,10,6
11,19,55,59,52,52,37,37,21,13,5,2,2,3,9,8,12,30,53,55,46,14,12,0
7,27,32,57,41,22,13,10,13,7,3,0,0,0,3,9,12,12,36,26,15,3,2,6
14,50,46,25,40,12,2,11,7,7,7,4,3,4,8,0,3,12,12,13,11,7,0,0
14,52,48,41,8,0,0,10,4,11,8,2,6,10,6,8,8,8,12,11,10,0,0,0
31,40,50,12,1,8,11,6,4,1,6,8,4,3,4,1,2,0,0,0,0,0,0,0
22,20,22,14,8,8,12,11,11,12,10,5,3,6,7,10,10,0,2,8,0,0,0,0
17,21,0,10,9,5,3,10,14,12,12,8,0,11,12,14,12,7,8,10,6,5,1,0
13,12,7,0,7,13,4,1,12,12,11,9,9,4,0,11,13,14,12,9,0,2,9,7
1,9,13,4,0,10,11,1,4,17,5,5,3,8,6,0,9,6,5,8,12,13,9,2
7,8,3,10,4,0,11,5,0,4,9,3,4,0,4,10,10,6,0,9,11,14,7,7

0,10,3,4,1,1,7,2,3,4,10,2,7,5,8,7,0,0,5,0,5,5,0,4
0,2,4,11,10,0,1,12,1,13,48,52,56,55,51,51,31,12,13,14,13,10,5,10
2,11,0,21,32,29,14,22,27,50,78,101,70,87,92,78,101,70,47,43,21,12,8,10
7,0,0,1,6,9,7,4,14,63,80,98,105,113,112,107,103,90,58,29,13,11,6,3
6,0,0,0,7,4,12,22,52,60,60,87,73,101,107,108,76,72,13,11,8,1,0,0
3,0,0,0,0,6,36,42,34,41,42,50,50,62,62,63,50,39,9,6,9,0,0,0
0,0,0,0,4,13,27,46,52,47,40,19,50,67,57,54,39,11,6,14,4,9,6,3
2,8,7,12,14,51,65,69,58,45,9,24,62,57,51,19,14,7,6,11,7,0,0,0
0,0,11,2,49,88,152,119,84,61,57,57,20,14,0,11,11,6,60,38,14,0,0,0
4,6,14,12,57,72,103,115,85,104,88,79,68,67,53,52,52,53,53,65,51,13,0,0
4,3,8,33,59,72,77,90,110,116,118,86,72,80,65,79,87,68,55,53,50,14,0,3
0,3,14,51,68,61,44,105,131,154,144,106,97,97,107,120,117,74,60,64,58,37,7,2
5,0,16,47,54,19,21,97,119,135,143,149,156,145,156,140,118,92,82,61,62,52,14,10
0,1,9,50,50,4,34,100,115,141,159,178,217,191,170,130,112,93,54,50,58,68,29,10
7,1,1,13,7,0,6,53,126,162,177,195,209,172,130,121,113,68,50,46,14,53,21,2
12,15,11,9,12,0,2,69,113,150,195,208,187,133,125,130,119,68,58,38,22,52,60,14
6,9,32,10,6,9,15,66,80,125,176,209,149,136,115,123,138,102,26,48,55,54,53,29
3,8,20,26,26,29,37,57,103,164,186,149,172,165,135,129,119,67,50,27,22,35,34,11
9,14,39,43,22,22,45,83,117,118,131,166,177,168,151,123,117,100,57,31,14,53,96,12
8,7,57,55,32,14,76,109,121,137,162,190,185,157,151,146,125,62,57,24,34,49,52,28
6,7,40,61,38,19,38,93,126,142,150,173,170,164,130,126,109,70,27,13,18,33,42,36
7,18,51,89,51,35,44,56,110,111,136,148,151,155,142,131,102,63,37,14,10,42,54,33
10,13,35,107,42,14,65,103,107,119,122,125,129,143,129,115,101,57,35,15,18,36,49,41
1,3,40,106,77,64,102,106,110,112,124,140,141,151,132,121,106,102,70,14,9,25,52,35
5,4,22,84,56,77,102,109,113,109,109,129,129,129,115,110,110,106,100,52,5,14,54,14
0,12,12,56,51,105,122,132,126,122,107,106,118,109,105,114,117,114,105,80,12,13,14,13
10,13,8,14,67,103,113,119,116,109,93,96,75,100,109,106,111,107,107,83,53,9,5,4
4,2,9,14,69,109,117,121,110,104,75,54,70,79,89,104,95,106,104,100,52,13,12,7
11,14,12,39,72,109,123,118,104,84,65,54,46,58,63,92,107,105,106,102,63,9,10,7
8,8,11,55,67,93,95,87,63,51,50,47,46,52,69,74,86,88,74,100,64,10,11,11
2,3,11,41,77,96,76,69,54,49,46,38,41,47,54,56,59,67,79,71,53,13,11,12
2,7,10,43,58,87,79,70,60,59,53,43,50,58,58,57,62,88,105,65,56,15,9,11
9,11,27,99,170,95,72,64,54,51,47,44,31,50,52,55,61,73,117,104,54,40,13,12
11,13,51,93,124,67,50,30,50,39,26,17,16,21,38,50,54,60,142,177,56,20,10,6
11,19,55,59,52,52,37,39,21,13,5,1,2,3,9,8,12,30,53,55,46,14,12,0
7,27,32,56,40,22,13,10,13,7,3,0,0,0,3,9,12,12,36,26,15,3,2,6
14,50,46,25,39,12,3,11,8,7,7,4,3,4,8,0,3,12,12,13,11,7,0,0
14,52,48,40,8,0,0,10,4,11,8,2,6,10,6,8,8,8,12,11,10,0,0,0
31,40,50,12,1,8,11,6,4,0,6,8,4,3,4,1,2,0,0,0,0,0,0,0
22,21,22,14,8,8,13,11,11,12,10,5,3,6,7,10,10,0,2,8,0,0,0,0
16,21,0,10,9,5,3,10,14,12,12,8,0,11,12,14,12,7,8,10,6,5,1,0
13,12,7,0,7,13,4,1,12,12,11,8,9,4,0,11,13,14,12,9,0,2,9,7
1,9,13,4,0,10,12,1,4,17,6,5,3,8,6,0,8,5,5,8,12,13,9,2
7,8,3,10,4,0,11,5,0,4,9,4,4,0,3,10,10,6,0,9,11,14,7,7

0,10,3,4,1,1,7,2,3,4,10,2,6,5,8,7,0,0,5,0,4,5,0,4
0,2,4,11,10,0,1,12,1,13,50,52,57,55,51,51,31,12,13,14,14,10,5,10
2,11,0,21,31,29,14,21,26,48,78,101,70,87,91,78,101,71,47,42,21,12,8,10
7,0,0,1,6,9,7,4,13,63,79,99,105,113,112,107,103,90,57,29,13,12,6,3
6,0,0,0,7,4,11,22,52,60,60,87,73,101,107,108,76,72,13,11,8,1,0,0
3,0,0,0,0,6,36,43,34,41,42,50,50,62,62,63,50,40,9,6,9,0,0,0
0,0,0,0,4,13,26,46,51,45,40,17,50,66,57,54,40,11,6,14,4,9,6,3
2,8,7,12,14,51,65,70,58,45,9,23,62,57,51,20,14,7,6,11,7,0,0,0
0,0,11,2,48,88,151,119,84,61,57,56,18,14,0,11,11,6,60,38,14,0,0,0
4,6,14,12,57,72,103,115,86,105,88,79,68,67,53,52,52,53,54,65,52,13,0,0
4,3,8,33,58,72,77,90,110,116,118,86,72,80,65,79,87,68,56,53,50,14,0,3
0,3,14,51,68,61,45,105,131,154,144,106,97,97,107,120,117,75,60,64,58,41,7,2
5,0,15,47,54,19,22,98,119,136,143,149,155,145,155,140,119,92,82,63,62,52,14,10
0,1,9,50,50,4,31,100,115,141,158,177,216,191,170,129,112,94,54,50,57,69,29,10
7,1,1,13,7,0,6,53,126,163,178,195,209,172,130,121,113,68,50,46,14,54,19,2
12,15,11,9,12,0,2,70,114,151,196,208,187,133,125,130,119,69,59,41,23,52,60,14
6,9,32,10,6,9,15,66,81,126,177,209,149,136,115,123,138,102,27,46,55,54,53,28
3,8,20,26,26,29,37,57,104,164,184,149,172,165,136,129,119,68,50,28,22,35,34,11
9,14,39,43,22,22,45,84,117,118,131,167,178,169,151,123,117,100,58,29,14,54,96,12
8,7,57,54,31,14,76,109,121,137,161,191,185,157,152,146,125,62,57,24,34,50,52,27
5,7,40,60,38,19,37,92,126,142,149,174,170,165,130,126,109,70,27,13,18,34,42,36
7,18,50,89,51,35,44,55,109,111,136,148,151,155,143,131,101,63,36,14,10,42,54,33
10,13,35,107,42,14,65,103,107,119,122,124,129,142,129,115,101,56,34,15,18,36,49,41
0,3,40,106,76,63,102,106,109,112,124,140,141,151,132,121,106,102,69,14,9,25,54,37
5,4,22,83,56,76,102,108,113,109,109,129,128,129,115,109,110,106,97,50,5,13,52,14
0,12,11,55,51,106,122,132,126,122,107,106,118,109,105,114,117,114,105,79,12,13,14,13
10,13,8,14,67,103,113,119,116,109,91,95,75,100,109,106,111,107,107,83,53,9,5,4
4,2,9,14,69,109,117,121,109,104,75,54,70,79,89,104,95,106,104,100,52,13,12,7
11,14,12,39,72,109,123,118,104,84,66,54,47,58,63,92,107,105,106,102,63,9,10,7
8,8,11,55,67,93,95,86,63,51,50,47,46,52,69,74,86,88,74,100,64,11,11,11
2,3,11,42,77,96,76,70,54,50,47,38,42,47,54,56,59,66,79,71,53,13,11,13
2,7,10,43,59,87,79,70,60,59,53,42,50,58,58,57,62,89,105,65,56,16,9,11
9,11,28,100,170,95,72,64,54,51,49,43,31,50,52,55,61,73,117,105,54,39,13,12
11,13,51,93,124,67,50,30,50,36,27,18,16,22,37,50,54,60,142,178,56,20,10,6
11,19,55,59,52,52,37,37,21,13,5,2,2,3,9,8,12,30,53,55,45,14,12,0
7,27,32,57,40,22,13,10,13,7,3,0,0,1,3,9,12,12,36,27,16,3,2,6
13,50,46,25,39,12,3,11,7,7,7,3,3,4,8,0,3,12,12,13,11,7,0,0
14,52,50,42,8,0,0,10,4,11,8,2,6,10,6,8,8,8,12,12,10,0,0,0
31,40,51,12,1,8,11,6,4,1,6,8,4,3,4,1,1,0,0,0,0,0,0,0
23,21,23,14,8,8,13,11,11,12,11,6,3,6,7,10,10,0,2,8,0,0,0,0
17,21,0,10,9,5,3,10,14,12,12,8,0,11,12,14,12,7,8,10,6,5,1,0
13,12,7,0,7,13,4,1,12,12,12,8,9,4,0,11,13,14,12,9,0,2,9,7
1,9,13,4,0,10,12,1,4,17,6,5,3,8,5,0,9,6,5,8,12,13,9,3
7,8,3,10,4,0,11,5,0,4,9,4,4,0,4,10,10,6,0,9,11,14,7,7

0,10,3,4,1,1,7,2,3,4,10,2,7,6,8,7,0,1,5,0,5,5,0,5
0,2,4,11,10,0,1,12,1,13,47,52,57,55,51,51,30,12,13,14,14,10,5,10
2,11,0,21,32,29,14,21,27,50,78,101,70,88,92,78,101,70,47,42,22,12,8,10
7,0,0,1,6,9,7,4,14,63,80,98,105,113,112,107,103,90,58,30,13,11,6,3
6,0,0,0,7,4,11,22,52,60,60,87,73,101,107,108,76,72,13,11,8,1,0,0
3,0,0,0,0,6,37,42,34,41,42,50,50,62,62,63,50,40,9,6,9,0,0,0
0,0,0,0,4,13,26,47,51,47,40,17,50,66,58,54,39,11,6,14,4,9,6,3
2,8,7,12,14,51,65,70,58,47,9,23,61,57,51,19,14,7,6,11,7,0,0,0
0,0,11,2,49,88,151,119,84,61,57,56,17,14,0,11,11,5,59,35,14,0,0,0
4,6,14,12,57,72,102,115,86,105,88,79,67,67,53,52,52,53,53,64,51,13,0,0
4,3,8,33,58,72,77,90,110,116,118,86,72,80,65,79,88,68,55,53,50,14,0,3
0,3,14,51,68,61,44,105,131,154,144,106,97,97,107,120,118,75,60,64,58,37,7,2
5,0,16,46,54,19,21,97,119,135,143,148,155,145,154,139,119,93,82,61,62,51,14,10
0,1,9,50,50,4,31,100,115,141,157,175,214,191,169,129,112,94,54,50,58,68,28,10
7,1,1,13,7,0,6,54,127,163,177,194,208,171,129,121,113,68,50,46,14,53,19,2
12,15,11,9,12,0,2,70,115,152,197,209,188,134,125,130,119,69,59,41,22,52,60,14
6,9,32,10,6,10,16,66,82,130,179,208,151,138,116,123,139,102,28,48,56,54,54,31
3,8,20,26,26,29,37,58,106,165,182,150,176,169,138,130,120,69,50,28,22,35,34,11
9,14,39,43,22,22,46,84,118,119,132,169,179,171,154,125,118,100,58,33,14,53,96,12
8,7,57,55,31,14,76,109,122,138,164,193,187,160,154,148,126,63,58,26,35,48,52,27
6,7,39,60,37,18,37,91,126,142,151,175,172,167,132,127,109,70,26,14,18,34,41,36
7,18,50,89,51,34,43,53,108,111,137,149,153,157,143,132,101,61,35,14,10,42,54,32
10,13,34,107,42,14,64,102,105,119,122,125,130,143,129,115,100,56,33,14,18,36,49,41
0,3,40,106,76,63,102,105,109,112,123,139,140,150,132,121,105,102,69,13,9,27,54,37
5,4,22,84,56,77,102,108,113,108,108,128,128,128,115,109,110,105,96,50,5,13,53,14
0,12,11,55,50,106,122,131,125,122,106,106,117,109,105,114,117,114,105,78,12,13,14,13
9,13,8,14,67,103,113,119,115,109,92,95,75,100,109,106,111,107,107,83,53,9,5,4
4,2,9,14,68,109,117,121,110,104,75,55,70,79,89,104,95,106,104,100,51,13,12,7
11,14,12,39,72,109,123,118,104,83,65,54,46,58,63,92,107,105,105,102,63,9,10,7
8,8,11,55,67,93,95,87,63,51,50,47,46,52,69,74,86,88,74,100,64,11,11,11
2,3,11,41,77,95,76,69,54,49,46,38,41,47,54,56,59,66,78,71,53,13,11,13
3,7,10,43,58,87,79,70,60,59,53,41,50,58,58,57,62,88,105,65,56,16,9,11
9,11,27,100,171,95,72,64,54,51,48,43,32,50,53,55,61,73,117,105,54,41,13,12
11,13,51,94,125,67,50,30,50,37,26,17,16,22,37,50,54,60,143,180,56,20,10,6
11,19,55,59,52,52,37,39,21,13,5,2,2,3,9,8,12,31,53,55,47,14,12,0
7,27,32,57,41,23,13,10,13,7,3,0,0,1,3,9,12,13,37,28,16,4,2,6
14,50,46,25,40,12,3,11,7,7,7,3,3,4,8,0,3,12,12,13,12,7,0,0
14,52,48,42,8,0,0,10,4,11,8,2,6,10,6,8,8,8,12,12,10,0,0,0
32,40,51,12,1,8,11,6,4,0,6,8,4,3,4,1,1,0,0,0,0,0,0,0
22,21,24,14,8,8,13,11,11,12,10,6,3,6,7,10,10,0,2,8,0,0,0,0
17,21,0,10,9,5,3,10,14,12,12,8,0,11,12,14,12,7,8,10,6,5,1,0
13,12,7,0,7,13,4,1,12,12,12,8,9,4,0,11,13,14,12,10,0,2,9,7
1,9,13,4,0,10,12,1,4,17,5,5,3,8,5,0,8,6,5,8,12,13,9,2
7,8,3,10,4,0,11,5,0,4,9,3,4,0,4,10,10,6,0,9,11,14,7,7

0,10,3,4,1,1,7,2,3,4,10,3,7,6,8,7,0,1,5,0,5,5,0,5
0,2,4,11,10,0,1,12,2,13,48,52,57,55,51,51,31,12,13,14,14,10,5,10
2,11,0,20,31,29,14,22,26,47,78,101,70,88,92,78,101,71,48,42,21,12,8,10
7,0,0,1,6,9,7,4,14,63,80,98,105,113,112,107,103,90,58,29,13,12,6,3
6,0,0,0,7,4,11,22,52,60,60,87,74,101,107,108,76,72,13,11,8,2,0,0
3,0,0,0,0,6,36,43,34,41,42,50,50,62,62,63,50,39,9,6,9,0,0,0
0,0,0,0,4,13,26,47,51,47,40,17,50,67,58,54,41,11,6,14,4,9,6,3
2,8,7,12,14,51,65,70,58,46,9,22,61,57,52,20,14,7,6,11,7,0,0,0
0,0,11,2,48,87,150,118,84,61,57,56,17,14,0,11,11,5,59,36,14,0,0,0
4,6,14,12,57,72,102,114,86,105,88,79,68,67,53,52,53,53,53,64,51,13,0,0
4,3,8,33,58,72,77,90,110,117,119,87,72,80,65,79,88,68,56,53,50,14,0,3
0,3,14,51,68,61,44,105,131,154,144,106,97,97,107,120,118,75,60,64,58,39,7,2
5,0,15,46,54,19,21,97,119,135,143,148,154,145,153,138,118,92,82,61,62,51,14,10
0,0,9,50,50,4,33,100,115,141,157,174,213,190,167,127,111,93,54,50,57,69,27,10
7,1,1,13,7,0,6,54,127,163,177,193,206,170,128,120,112,68,50,46,14,53,20,2
12,15,11,9,12,0,2,71,115,152,197,209,188,135,125,130,119,69,59,41,23,52,59,14
6,9,32,10,6,9,16,67,82,131,179,206,151,139,117,123,139,102,27,48,56,54,53,31
3,8,20,26,26,30,38,58,108,165,180,151,178,170,140,130,119,69,50,28,22,35,34,11
9,14,39,43,22,22,46,85,118,119,132,170,181,173,156,126,118,100,59,32,14,53,96,12
8,7,57,54,31,14,76,109,122,139,165,194,189,161,155,148,126,63,57,25,35,48,52,27
6,6,39,61,37,19,38,90,126,143,153,177,173,168,132,128,109,70,27,14,18,34,42,36
7,18,50,89,51,34,42,52,107,111,138,150,154,159,144,132,101,61,34,14,10,40,54,32
10,13,35,107,42,14,62,101,105,119,122,125,130,144,130,115,100,55,33,14,18,37,49,41
0,3,39,106,75,63,102,105,108,111,123,139,140,150,132,121,105,102,68,13,9,25,52,34
5,4,21,83,56,76,102,108,113,109,108,128,127,128,115,109,110,105,97,50,5,13,53,14
0,12,11,55,50,105,122,131,125,122,106,106,117,109,104,114,117,114,105,78,12,13,14,13
9,13,8,14,67,103,113,119,115,109,92,97,75,100,109,106,111,107,107,84,53,9,5,4
4,2,9,14,68,109,117,121,109,104,74,55,70,80,89,104,95,106,104,100,51,13,12,7
11,14,12,38,72,109,123,117,104,83,65,54,46,58,63,92,107,105,105,102,63,9,10,7
8,8,11,55,67,93,95,86,63,51,50,46,46,52,69,74,86,88,73,100,64,11,11,11
2,3,11,42,77,95,76,69,55,49,47,38,42,47,54,56,59,66,78,71,53,13,11,13
3,7,10,43,58,87,79,70,60,59,53,43,50,58,58,57,62,88,105,65,56,17,9,11
9,11,28,100,171,95,72,64,54,51,48,44,32,50,53,55,61,73,117,105,54,41,13,12
11,13,51,93,125,67,50,30,50,38,26,19,17,22,38,50,54,60,143,179,56,20,10,6
11,19,55,59,52,52,38,38,21,13,5,2,2,3,9,8,12,31,53,55,47,14,12,0
7,27,32,56,41,22,13,10,13,7,3,0,0,1,3,9,12,13,36,27,16,3,2,6
14,50,46,25,40,12,3,11,7,7,7,4,3,4,8,0,3,12,12,13,11,7,0,0
14,52,48,41,8,0,0,11,4,11,8,2,6,10,6,8,8,8,12,12,10,0,0,0
31,40,51,12,1,8,11,6,4,0,6,8,4,3,4,1,2,0,0,0,0,0,0,0
23,21,23,14,8,8,13,11,11,12,11,6,3,6,7,10,10,0,2,8,0,0,0,0
17,21,0,11,9,5,3,10,15,12,12,8,0,11,12,14,12,7,8,11,6,5,2,0
13,12,7,0,7,13,4,1,12,12,12,8,9,4,0,11,13,14,12,10,0,2,9,7
1,9,13,5,0,10,12,1,4,17,6,5,3,8,6,0,9,6,5,8,12,13,9,3
7,8,3,10,4,0,11,5,0,4,9,4,4,0,4,10,10,6,0,9,11,14,7,7

0,10,3,4,1,1,7,2,3,4,10,3,7,6,8,7,0,1,5,0,5,5,0,5
0,2,4,11,10,0,1,12,1,13,47,52,57,55,51,51,31,12,13,14,14,10,5,10
2,11,0,18,32,29,14,22,26,47,78,101,70,88,92,78,101,71,47,42,23,12,8,10
7,0,0,1,6,9,7,4,14,63,80,99,105,113,112,108,103,90,58,30,13,12,6,3
6,0,0,0,7,4,11,21,52,60,60,88,74,101,107,108,76,72,13,11,8,2,0,0
3,0,0,0,0,6,36,42,34,41,42,50,50,62,62,63,50,40,9,6,9,0,0,0
0,0,0,0,4,13,27,47,52,48,41,18,50,66,57,54,40,11,6,14,4,9,6,3
2,8,7,12,14,51,65,70,58,47,9,23,61,57,51,19,14,7,6,11,7,0,0,0
0,0,11,2,48,88,150,118,84,61,57,56,17,14,0,11,11,5,59,37,14,0,0,0
4,5,14,12,57,72,102,115,86,105,88,80,68,67,53,53,52,53,53,65,51,13,0,0
4,3,8,33,58,72,77,90,110,117,119,87,72,80,65,79,88,68,55,53,50,14,0,4
0,4,14,51,68,61,44,105,131,154,144,106,97,97,107,120,118,75,60,64,58,39,7,2
5,0,16,46,54,19,21,97,119,136,143,149,155,145,155,139,118,92,82,62,62,51,14,10
0,0,9,50,50,4,33,100,115,141,158,175,214,191,169,129,112,93,54,50,58,68,28,10
7,1,1,13,7,0,6,54,127,162,177,194,207,171,129,120,113,68,50,45,14,54,20,2
12,15,11,9,12,0,2,70,114,152,197,208,187,134,125,130,119,68,59,39,23,52,60,14
6,9,32,10,6,10,15,66,81,129,178,207,150,138,116,123,139,102,28,48,55,54,54,30
3,8,20,26,26,29,37,58,106,164,181,150,176,169,138,130,119,68,50,28,23,35,34,11
9,14,39,43,22,22,45,84,117,118,132,169,179,172,154,125,118,100,58,31,14,53,95,12
8,7,57,55,31,14,76,109,121,138,163,193,187,160,154,148,126,63,57,25,33,48,52,27
5,7,40,60,37,19,37,90,126,143,151,176,172,167,132,127,109,70,27,14,18,34,42,35
7,18,50,89,51,34,43,53,108,111,138,149,153,157,143,132,101,61,35,14,10,42,54,32
10,13,34,107,42,14,63,102,105,119,122,125,130,143,130,115,100,56,34,14,18,37,49,41
0,3,40,106,77,63,102,105,109,111,123,139,141,150,132,121,106,102,69,13,9,25,52,37
5,4,21,83,56,76,102,108,113,109,108,128,128,128,115,109,110,105,96,50,5,13,52,14
0,12,11,55,51,105,122,131,126,122,106,106,117,109,105,114,117,114,105,79,12,13,14,13
9,13,8,14,67,103,113,119,115,109,92,95,74,100,109,106,111,107,107,84,52,9,5,4
4,2,9,14,68,109,117,121,109,104,75,54,70,80,89,104,95,106,104,100,51,13,12,7
11,14,12,38,72,109,123,118,104,83,65,54,47,58,63,92,107,105,105,102,63,9,10,7
8,8,11,55,67,93,95,86,63,51,50,47,46,52,69,74,86,88,74,100,64,11,11,11
2,3,11,41,77,95,76,69,54,49,47,38,41,47,54,56,59,67,78,71,53,13,11,13
3,7,10,43,59,87,79,70,60,58,53,41,50,58,58,57,62,89,105,65,56,15,9,11
9,11,27,100,170,95,72,64,54,51,49,45,31,50,53,55,61,73,117,105,54,41,13,12
11,13,51,93,125,67,50,30,50,36,26,17,16,22,38,50,54,60,143,179,56,19,10,6
11,19,55,59,52,52,37,38,21,13,5,2,2,3,9,8,12,31,53,55,45,14,12,0
7,27,32,56,41,22,13,10,13,7,3,0,0,1,3,9,12,13,37,27,17,3,2,6
14,50,46,25,40,12,3,11,8,7,7,4,3,4,8,0,3,12,13,13,12,7,0,0
14,52,49,42,8,0,0,10,4,11,8,2,6,10,6,8,7,8,12,12,10,0,0,0
31,41,51,12,1,8,11,6,4,0,6,8,4,3,4,1,2,0,0,0,0,0,0,0
23,21,23,14,8,8,13,11,11,12,10,6,3,6,7,10,10,0,2,8,0,0,0,0
17,21,0,10,9,5,3,10,15,12,12,8,0,11,12,14,12,7,8,10,6,5,1,0
13,12,8,0,7,13,4,1,12,12,12,9,9,4,0,11,13,14,12,10,0,2,9,7
1,9,13,4,0,10,12,1,4,17,6,5,3,8,5,0,8,6,5,8,12,13,9,2
7,8,3,10,4,0,11,5,0,4,9,3,4,0,4,10,10,6,0,9,11,14,7,7

0,10,3,4,1,1,7,2,3,4,10,3,7,6,8,7,0,1,5,0,4,5,0,4
0,2,4,11,10,0,1,12,1,13,48,52,57,55,51,51,31,12,13,14,14,10,5,10
2,11,0,18,32,29,14,21,28,48,77,101,70,88,92,78,101,71,48,43,21,12,8,10
7,0,0,1,6,9,7,4,14,63,80,99,105,113,112,107,103,90,58,29,13,12,6,3
6,0,0,0,7,4,12,22,52,60,60,87,74,101,107,108,76,72,13,11,8,2,0,0
3,0,0,0,0,6,37,42,34,42,42,50,50,62,62,63,50,40,9,6,9,0,0,0
0,0,0,0,4,13,27,48,52,49,41,19,50,67,58,54,41,11,6,14,4,9,6,4
2,8,7,12,14,51,65,70,58,49,9,26,61,57,51,20,14,7,6,11,7,0,0,0
0,0,11,2,50,88,151,119,84,61,57,57,20,14,0,11,11,5,59,37,14,0,0,0
4,6,14,12,57,72,103,115,86,105,89,80,68,67,53,53,53,53,53,64,51,13,0,0
4,3,8,34,58,73,77,90,110,117,120,87,72,80,65,80,88,68,55,53,50,14,0,3
0,4,14,51,68,61,44,105,131,155,145,106,97,97,107,120,118,75,60,64,58,39,7,2
5,0,16,46,54,19,21,98,120,136,144,150,156,145,155,140,118,92,82,61,61,52,14,10
0,1,9,50,51,4,34,100,115,142,159,178,215,190,169,129,112,94,54,50,58,69,29,11
7,1,1,13,7,0,6,52,126,163,177,194,208,171,129,121,113,68,50,45,14,54,21,2
12,15,11,9,12,0,2,70,113,150,195,207,187,133,125,130,119,68,58,38,23,52,60,14
6,9,33,10,6,9,15,66,80,126,176,207,149,136,115,123,138,102,26,47,55,54,54,28
3,8,20,26,26,29,37,57,104,163,182,149,172,166,136,129,118,68,50,28,22,35,34,11
9,14,39,43,22,22,45,83,117,118,131,167,178,170,152,124,117,100,58,29,14,54,96,12
8,7,57,55,31,14,76,109,121,138,162,191,185,158,152,146,125,62,57,25,34,50,52,28
5,7,40,61,37,18,38,90,126,142,150,174,170,165,131,126,109,70,27,14,18,33,42,35
7,18,50,89,51,35,43,54,109,110,136,148,151,155,143,132,101,63,36,14,10,43,54,32
10,13,34,107,41,14,65,103,106,119,122,124,129,143,129,115,101,57,34,15,18,36,49,40
0,3,40,106,76,64,102,105,109,112,123,140,141,151,132,121,106,102,71,14,9,26,52,34
5,4,22,84,56,76,102,108,113,109,109,129,128,129,115,109,110,105,96,51,5,13,53,14
0,12,11,56,51,106,122,132,126,122,107,106,118,109,105,114,117,114,105,79,12,13,14,13
9,13,8,14,67,103,113,119,116,109,91,97,75,100,109,106,111,107,107,83,53,9,5,4
4,2,9,14,69,109,117,121,109,104,76,54,70,80,89,104,95,106,104,100,52,13,12,7
11,14,12,39,72,109,123,118,104,84,65,54,47,58,63,92,107,105,105,102,64,9,10,7
8,8,11,55,67,93,95,86,63,51,50,47,46,52,69,74,86,88,74,100,64,11,11,11
2,3,11,42,77,96,76,70,54,50,47,38,41,47,54,56,59,67,79,71,53,13,11,13
3,7,10,43,58,87,79,70,60,59,53,42,50,58,58,57,62,89,106,65,56,15,9,11
9,11,28,100,171,95,72,64,54,51,48,44,32,50,53,55,61,73,117,104,54,41,13,12
11,13,51,93,124,67,50,30,50,37,27,17,16,22,37,50,54,60,143,178,56,18,10,6
11,19,55,59,52,52,37,39,21,13,5,2,2,3,9,8,12,31,53,55,46,14,12,0
8,27,32,57,40,23,13,10,13,7,3,0,0,1,3,9,12,13,37,28,15,4,2,6
14,50,46,25,40,12,3,11,7,6,7,3,3,4,8,0,3,12,12,13,12,7,0,0
14,52,48,42,8,0,0,11,4,11,8,2,6,10,6,8,7,8,12,12,10,0,0,0
31,40,50,12,1,8,11,6,4,1,6,8,4,3,4,1,2,0,0,0,0,0,0,0
23,21,22,14,8,8,12,11,11,12,10,6,3,6,7,10,10,0,2,8,0,0,0,0
17,21,0,10,9,5,3,10,14,12,12,8,0,11,12,14,12,7,8,10,6,5,1,0
13,12,7,0,7,13,4,1,12,12,12,9,9,4,0,11,13,14,12,10,0,2,9,7
1,9,13,4,0,10,12,1,4,17,6,5,3,8,5,0,9,6,5,8,12,13,9,2
7,8,3,10,4,0,11,5,0,4,9,4,4,0,4,10,10,6,0,10,11,14,7,7
