13,13,12,11,12,13,11,13,14,12,8,4,0,1,0,0,0,10,8,0,0,0,0,0
26,38,30,28,43,53,58,51,53,41,24,13,3,9,13,23,25,19,13,13,6,2,0,0
33,38,29,33,44,55,60,60,56,54,54,54,58,55,52,50,29,42,17,14,13,0,0,0
51,44,35,33,41,53,59,70,59,66,74,78,71,61,53,53,52,35,40,20,9,8,4,0
55,52,50,45,54,51,55,59,69,65,63,63,69,54,54,58,59,59,36,33,13,1,0,3
53,51,41,43,45,42,23,47,56,50,40,36,40,34,41,39,47,27,13,20,8,0,0,0
6,3,6,3,3,7,5,9,14,8,54,67,78,78,53,28,12,13,9,5,10,0,0,3
0,0,2,7,34,54,65,67,58,59,84,109,99,82,57,15,31,32,43,13,6,0,3,0
0,0,0,4,33,57,67,79,78,76,98,120,125,103,58,9,4,6,5,13,12,7,0,0
0,0,2,9,28,64,89,96,85,79,112,130,134,120,65,8,7,7,13,12,31,12,8,7
0,0,7,14,50,65,103,110,93,93,135,128,129,108,68,13,6,1,3,6,13,48,14,9
0,0,0,13,55,69,100,124,112,107,136,142,110,106,65,32,9,0,8,14,7,48,31,3
0,0,0,10,68,104,118,114,103,105,115,135,130,105,54,3,6,3,6,19,36,35,17,2
0,0,0,1,43,68,90,108,102,104,103,107,112,102,14,2,0,0,0,10,4,0,0,0
0,0,0,12,37,51,56,73,72,59,75,60,90,97,41,8,14,10,23,4,0,0,0,0
3,0,0,0,4,63,58,91,77,62,64,64,73,71,52,13,57,65,12,0,0,0,0,0
5,0,4,7,23,57,84,102,69,72,80,69,70,56,46,11,12,29,10,1,0,5,2,0
2,0,4,24,38,45,59,84,97,81,114,83,60,53,41,31,12,29,22,14,11,9,5,3
0,0,0,12,47,92,103,112,84,116,132,129,122,59,53,31,4,10,13,11,10,0,5,0
0,1,3,14,60,67,70,106,101,103,116,119,135,123,101,101,11,10,6,6,1,8,0,0
0,0,4,15,33,53,103,97,87,100,126,121,123,123,122,102,35,3,5,0,0,0,0,0
0,0,0,13,45,50,62,106,124,133,129,110,112,114,101,96,27,11,12,9,3,2,0,0
2,0,0,22,37,80,42,89,126,131,114,118,130,124,106,87,47,12,5,9,2,1,4,6
0,0,0,14,81,100,106,100,109,110,115,127,135,127,118,109,80,25,7,10,10,9,1,0
0,2,5,45,72,101,105,103,97,84,103,120,137,135,117,109,90,14,10,12,6,3,6,9
6,2,12,14,104,108,109,106,102,98,101,113,129,128,117,106,38,10,9,12,8,2,5,5
3,6,0,17,59,100,102,94,100,62,92,107,120,115,113,108,60,10,6,5,0,6,5,13
0,0,0,8,56,105,103,65,69,51,73,103,104,110,100,103,40,0,0,0,0,9,8,9
4,0,0,9,12,101,92,100,69,51,54,59,70,90,88,101,21,0,1,8,9,14,13,6
0,0,0,0,4,51,59,64,70,57,47,52,55,58,54,51,12,0,0,1,0,9,3,0
0,0,0,0,13,39,50,53,58,51,46,52,65,79,58,34,4,0,11,7,8,3,0,1
3,0,0,0,12,21,80,114,77,53,60,55,79,105,66,35,12,10,13,8,15,4,8,0
8,0,0,0,6,57,89,161,95,57,53,56,83,115,61,30,14,12,12,9,4,0,5,8
0,0,0,0,2,22,54,89,68,44,25,26,54,60,55,33,11,11,7,6,3,0,7,8
0,0,0,0,0,8,43,54,53,38,14,12,18,51,52,18,14,10,11,10,4,7,8,10
2,0,0,0,0,4,20,64,57,49,13,10,11,45,51,51,14,14,9,11,9,3,11,0
0,0,0,0,0,11,17,54,58,44,14,10,14,53,69,30,14,11,3,8,12,4,7,0
0,0,0,0,0,7,9,50,50,21,10,7,12,56,51,52,13,10,5,0,2,0,0,0
3,0,0,0,0,0,7,25,50,27,7,11,21,41,55,48,14,7,4,1,0,0,0,0
0,0,4,0,0,8,0,13,29,17,8,10,9,33,53,26,15,11,6,4,0,0,2,0
0,0,0,0,0,1,6,12,18,14,4,7,11,14,51,13,9,1,0,4,5,0,9,9
5,6,0,0,5,4,10,12,13,7,10,10,12,14,24,14,0,5,6,0,4,4,9,11
0,2,0,4,1,0,0,3,3,26,7,7,8,17,19,7,0,6,0,0,0,7,7,0
4,0,6,3,7,0,3,7,6,12,10,4,11,14,11,3,6,0,4,4,3,0,7,8

13,13,13,11,12,13,11,13,14,12,8,4,0,1,0,0,0,10,8,0,0,0,0,0
24,36,30,27,42,53,56,51,53,37,24,13,4,9,13,24,24,19,13,13,7,2,0,0
36,40,29,32,47,55,61,60,56,55,54,54,57,55,52,50,29,42,19,14,13,0,0,0
51,45,35,33,41,54,59,71,60,66,75,78,71,61,53,53,53,35,40,19,9,8,4,0
55,52,50,46,54,51,55,59,70,66,63,63,69,54,54,58,59,59,36,33,13,2,0,3
53,51,41,43,45,43,24,48,56,51,40,35,40,34,41,39,47,28,13,20,8,0,0,0
6,3,6,3,3,7,5,10,14,8,54,66,77,77,53,29,12,13,9,5,10,0,0,3
0,0,2,7,37,54,65,67,58,59,83,107,98,82,57,16,31,34,44,13,6,0,3,0
0,0,0,4,36,57,68,81,79,77,97,119,124,102,58,9,4,6,5,13,12,7,0,0
0,0,3,10,28,65,91,99,87,80,112,130,134,120,65,8,7,7,13,12,32,12,8,8
0,0,7,14,50,65,104,111,95,93,135,128,129,109,69,14,6,1,3,6,13,47,15,10
0,0,0,13,55,69,100,125,112,107,138,143,110,106,65,32,10,0,8,14,7,48,32,3
0,0,0,11,67,104,120,114,102,105,115,136,130,105,55,3,7,3,6,19,36,36,18,2
0,0,0,1,44,70,89,107,102,104,103,107,113,101,14,2,0,0,0,10,5,0,0,0
0,0,0,12,36,51,55,72,71,59,75,60,91,96,42,8,14,10,24,4,1,0,0,0
3,0,0,0,3,62,58,90,76,61,64,64,73,71,52,14,58,65,12,0,0,0,0,0
4,0,4,7,22,57,83,102,69,72,79,69,70,56,46,11,12,29,10,1,0,5,2,0
1,0,4,25,38,45,59,83,96,80,113,82,60,53,41,32,12,29,21,14,11,10,5,3
0,0,0,12,47,91,102,112,83,115,132,129,121,60,54,32,4,10,13,11,10,0,5,0
0,1,4,15,60,68,69,105,101,102,116,118,135,124,102,101,11,10,6,6,1,8,0,0
0,0,4,16,33,53,103,97,87,100,126,121,123,124,122,102,35,4,5,0,0,0,0,0
0,0,0,13,45,51,63,105,125,132,129,110,112,114,102,96,27,11,12,9,3,2,0,0
2,0,0,23,38,80,43,89,126,131,114,118,130,124,106,87,47,12,5,9,2,1,4,6
0,0,0,14,81,100,107,100,109,110,115,126,135,126,118,109,80,25,7,10,10,9,1,0
0,2,5,47,73,101,105,103,97,83,103,120,136,135,117,109,91,14,10,12,6,3,6,9
6,2,12,15,104,108,109,106,102,98,101,113,129,128,116,107,38,10,9,12,8,2,5,5
3,6,0,20,59,100,102,94,100,62,92,107,120,115,112,108,61,10,6,5,0,6,5,13
0,0,0,8,56,105,103,65,67,50,73,103,104,110,100,103,42,0,0,0,0,9,7,9
4,0,0,9,12,101,92,100,68,51,54,59,70,91,87,101,22,0,1,8,10,14,13,6
0,0,0,0,4,51,59,64,70,57,47,52,55,57,54,50,12,0,0,1,0,9,3,0
0,0,0,0,13,38,50,53,58,51,46,52,65,78,58,33,4,0,11,7,8,3,0,1
3,0,0,0,12,19,80,114,77,53,60,55,80,106,66,36,12,10,13,8,15,3,8,0
8,0,0,0,6,57,89,161,95,57,53,56,83,114,61,30,14,12,12,9,4,0,5,8
0,0,0,0,2,22,53,88,68,43,25,26,54,60,55,33,11,11,7,6,3,0,7,8
0,0,0,0,0,8,43,54,53,39,14,12,18,51,52,19,14,10,11,10,4,7,8,10
2,0,0,0,0,5,20,64,57,50,13,10,12,46,50,52,14,14,9,12,9,3,11,0
0,0,0,0,0,11,18,54,58,45,14,10,14,53,69,31,14,11,3,8,12,4,7,0
0,0,0,0,0,7,9,48,50,20,10,7,12,56,51,52,13,10,5,0,2,0,0,0
4,0,0,0,0,0,7,25,51,26,7,11,21,41,55,48,14,7,4,1,0,0,0,0
0,0,4,0,0,8,0,12,30,17,8,11,9,31,53,25,15,11,6,4,0,0,2,0
0,0,0,0,0,1,6,12,18,14,5,8,11,14,51,13,9,1,0,4,5,0,9,9
5,6,0,0,6,4,10,12,13,7,10,10,12,14,24,14,0,5,6,0,4,4,9,11
0,2,0,4,1,0,0,4,4,26,7,7,8,17,19,7,0,6,0,0,0,8,7,0
4,0,6,4,7,0,4,7,6,12,10,4,11,14,11,3,6,0,4,4,3,0,7,8

13,13,12,11,13,13,11,13,14,13,8,4,0,1,0,0,0,10,8,0,0,0,0,0
24,37,30,28,42,53,57,51,53,39,25,13,4,9,13,23,24,17,13,13,6,2,0,0
37,38,31,35,47,55,61,60,56,55,54,54,56,56,52,50,29,42,19,14,13,0,0,0
51,45,35,33,41,53,58,71,60,66,75,78,71,61,53,53,52,35,40,19,9,8,4,0
56,52,50,47,55,51,56,59,70,66,64,63,68,54,54,58,60,59,36,33,13,2,0,3
53,51,41,43,46,43,25,48,56,51,40,34,39,34,41,39,47,28,13,20,8,0,0,0
7,3,6,3,3,7,5,10,14,8,53,65,76,76,53,29,12,13,9,5,10,0,0,3
0,0,3,8,39,54,65,67,58,58,82,106,96,80,57,16,31,34,44,13,6,0,3,0
0,0,0,5,37,57,68,81,79,76,96,118,122,100,57,9,4,6,5,13,12,7,0,0
0,0,4,10,28,65,92,99,87,79,111,128,133,119,65,8,7,7,13,12,32,12,8,8
0,0,8,15,50,65,105,112,96,94,136,129,129,109,68,14,6,1,3,6,13,48,16,10
0,0,1,13,56,69,100,125,113,108,140,143,110,106,65,32,10,0,8,14,7,48,33,3
0,0,0,11,67,104,121,115,102,104,116,138,129,105,54,3,7,3,6,20,36,36,18,2
0,0,0,1,47,71,90,107,101,103,103,108,113,101,14,1,0,0,0,10,5,0,0,0
0,0,0,12,36,51,55,71,71,59,74,59,93,96,40,8,14,11,25,4,1,0,0,0
3,0,0,0,3,62,58,88,76,61,64,64,73,70,51,14,58,64,12,0,0,0,0,0
4,0,4,6,22,56,83,101,68,71,79,69,69,56,48,11,13,30,10,1,0,5,2,0
1,0,4,25,38,45,59,82,95,80,113,82,59,53,41,32,12,29,21,14,11,10,5,3
0,0,0,13,50,91,102,111,83,115,131,128,121,60,54,34,4,11,13,11,10,0,5,0
0,1,4,17,61,68,69,105,101,102,115,118,135,126,102,102,11,10,6,6,1,8,0,0
0,0,5,17,34,53,103,96,86,100,125,121,123,124,123,102,37,4,5,0,0,0,0,0
0,0,0,14,45,52,62,105,124,132,129,110,111,114,102,96,27,11,12,10,3,2,0,0
2,0,0,23,38,81,43,90,126,131,114,118,130,124,106,87,47,12,5,9,2,1,4,6
0,0,0,14,81,100,106,100,109,110,115,126,135,126,118,109,80,26,7,10,10,9,1,0
0,2,5,48,73,101,105,103,98,86,103,120,136,135,116,109,92,14,10,12,6,3,6,9
5,2,12,15,104,108,109,106,102,100,101,113,129,128,117,106,38,10,9,12,8,2,5,5
3,6,0,20,61,100,102,96,100,65,92,106,120,115,112,108,61,10,6,5,0,6,5,13
0,0,0,8,56,105,103,65,67,51,72,103,104,110,100,103,41,0,0,0,0,9,7,9
4,0,0,9,12,101,93,100,69,51,54,59,70,90,87,101,23,0,1,9,10,14,13,6
0,0,0,0,4,51,58,64,70,57,46,52,55,58,54,50,12,0,0,1,0,9,3,0
0,0,0,0,13,38,50,53,58,51,46,52,65,78,58,33,4,0,11,7,8,3,0,1
3,0,0,0,12,18,80,114,77,53,60,55,80,106,66,35,12,10,13,8,15,4,8,0
8,0,0,0,6,57,88,161,95,57,53,56,83,114,61,30,14,12,12,9,4,0,5,8
0,0,0,0,2,22,53,88,68,43,25,25,54,60,54,33,11,11,7,6,3,0,7,8
0,0,0,0,0,8,43,54,53,39,14,12,18,51,52,19,14,10,11,10,4,7,8,10
2,0,0,0,0,5,20,64,57,49,13,10,12,45,51,51,14,14,9,11,9,3,11,0
0,0,0,0,0,11,18,54,58,44,14,10,14,53,69,30,14,12,3,8,12,4,7,0
0,0,0,0,0,7,9,48,50,21,10,7,12,56,51,52,13,10,5,0,2,0,0,0
4,0,0,0,0,0,7,25,51,27,7,11,21,41,55,48,14,7,4,1,0,0,0,0
0,0,4,0,0,8,0,12,29,18,8,11,9,34,53,25,15,11,6,4,0,0,2,0
0,0,0,0,0,1,6,12,18,14,5,8,11,14,50,13,9,1,0,4,5,0,9,9
5,6,0,0,5,4,10,12,13,7,10,9,12,14,24,13,0,5,6,0,3,4,9,11
0,3,0,4,2,0,0,4,4,29,7,7,8,17,19,7,0,6,0,0,0,8,7,0
4,0,6,4,7,0,4,7,6,12,10,4,10,15,11,3,6,0,4,4,3,0,7,8

13,13,13,11,13,13,11,13,14,13,9,5,0,1,0,0,0,10,8,0,0,0,0,0
24,38,29,28,42,53,57,51,53,39,25,13,4,9,13,23,24,19,13,13,6,2,0,0
37,40,31,35,47,56,61,61,56,55,54,54,58,56,52,50,29,42,19,14,13,0,0,0
51,44,35,33,41,53,59,71,60,67,75,78,71,61,53,53,52,35,40,19,9,8,4,0
56,52,50,46,54,52,55,59,71,66,64,63,69,54,54,58,59,59,36,33,13,2,0,3
53,51,41,44,46,44,25,48,56,51,40,34,38,33,41,39,46,28,13,20,8,0,0,0
7,3,6,3,3,7,5,10,14,8,53,65,75,76,53,30,12,13,9,5,10,0,0,3
0,0,3,8,40,54,65,67,58,58,82,106,95,80,57,17,32,35,44,13,6,0,3,0
0,0,0,5,37,57,69,82,79,76,96,118,122,99,58,9,5,6,5,13,12,7,0,0
0,0,5,10,29,65,92,99,86,79,110,127,132,119,65,8,7,7,13,12,32,12,9,8
0,0,8,15,50,66,105,112,96,94,135,128,130,109,69,14,6,1,3,6,13,49,17,10
0,0,1,14,56,69,100,126,113,108,141,143,110,106,65,34,10,0,8,14,7,48,33,3
0,0,0,11,67,104,122,115,102,104,116,138,129,104,55,3,7,3,6,20,37,37,18,2
0,0,0,1,47,72,91,107,101,103,103,108,113,101,14,1,0,0,0,10,5,0,0,0
0,0,1,12,36,51,55,71,70,58,73,60,94,95,41,9,14,11,26,4,1,0,0,0
3,0,0,0,3,62,57,88,76,61,64,64,73,71,52,14,58,65,12,0,0,0,0,0
4,0,3,6,22,57,82,101,68,71,79,68,69,56,48,11,13,29,10,1,0,5,2,0
1,0,4,25,38,45,59,82,95,79,112,81,59,52,41,32,12,29,21,14,11,10,5,3
0,0,0,13,50,91,102,111,82,114,131,128,121,60,54,36,5,11,13,11,10,0,5,0
0,1,4,20,62,68,69,105,101,102,115,118,135,127,103,102,11,10,6,6,1,8,0,0
0,0,5,18,34,54,103,96,85,99,125,120,123,125,123,102,37,4,5,0,0,0,0,0
0,0,0,14,46,52,63,105,124,132,129,110,112,115,102,96,28,12,12,10,3,2,0,0
2,0,0,24,38,81,43,90,126,131,114,118,130,124,106,87,48,12,5,9,2,2,4,6
0,0,0,15,81,100,107,100,109,110,115,126,135,126,117,109,81,26,7,10,10,9,1,0
0,2,5,48,73,101,105,103,100,84,103,120,136,135,116,109,91,14,10,12,6,3,6,9
6,2,12,16,104,108,109,106,102,100,101,113,129,128,116,106,39,10,9,12,8,2,5,5
3,6,0,21,60,100,102,94,100,63,92,106,120,115,112,108,61,10,6,5,0,6,5,13
0,0,0,9,56,105,103,65,67,51,73,103,104,109,100,103,41,0,0,0,0,9,8,9
4,0,0,10,12,101,93,100,69,51,54,59,70,90,88,101,23,0,1,9,10,14,13,6
0,0,1,0,4,51,58,64,70,57,47,52,55,58,54,50,12,0,0,1,0,9,3,0
0,0,0,0,13,39,50,53,58,51,46,52,65,78,58,33,4,0,11,7,8,3,0,1
3,0,0,0,12,21,81,115,77,53,60,55,80,107,66,35,12,10,13,8,15,3,8,0
8,0,0,0,6,57,88,161,95,57,53,56,83,114,61,30,14,12,12,9,4,0,5,8
0,0,0,0,2,23,53,88,68,44,25,25,54,60,54,33,11,11,7,6,3,0,7,8
0,0,0,0,0,9,43,54,53,39,14,12,17,51,52,19,14,10,11,10,4,7,8,10
2,0,0,0,0,5,21,64,57,50,13,10,11,45,50,51,14,14,9,11,9,3,11,0
0,0,0,0,0,11,19,54,58,45,14,10,14,54,70,30,14,12,3,8,12,4,7,0
0,0,0,0,0,7,9,48,50,22,10,7,12,56,51,52,13,10,5,0,2,0,0,0
4,0,0,0,0,0,7,26,51,28,7,12,21,41,55,48,14,7,4,1,0,0,0,0
0,0,4,0,0,8,1,13,30,18,8,11,9,34,53,26,15,11,6,4,0,0,2,0
0,0,0,0,0,1,6,12,18,14,5,8,11,14,51,13,9,1,0,4,5,0,9,9
5,6,0,0,6,4,11,12,13,7,10,10,12,14,25,13,0,5,6,0,3,4,9,11
0,3,0,4,2,0,0,4,4,27,7,7,8,17,20,7,0,6,0,0,0,8,7,0
4,0,6,4,7,0,4,7,6,13,10,4,11,15,11,3,6,0,4,4,3,0,7,8

13,13,13,11,12,13,11,13,14,13,9,5,0,1,0,0,0,10,8,0,0,0,0,0
25,38,30,31,43,53,58,52,53,41,26,13,4,9,13,23,25,20,13,13,7,3,0,0
37,38,31,33,47,56,61,61,56,55,54,54,58,56,51,50,29,42,19,14,13,0,0,0
51,45,35,34,41,53,59,71,60,67,75,78,71,61,53,53,52,35,40,18,9,8,5,0
55,52,50,47,55,51,55,59,71,66,64,63,69,54,54,58,59,59,36,33,13,2,0,3
53,51,41,44,46,45,27,49,57,51,40,34,38,33,41,39,47,28,13,20,8,0,0,0
7,3,6,3,3,7,5,10,15,8,52,65,74,75,53,30,12,13,9,5,10,0,0,3
0,0,3,8,42,54,65,67,58,58,82,105,95,79,57,19,32,36,44,13,6,0,3,0
0,0,0,5,37,57,69,82,79,76,96,117,122,99,57,9,5,6,5,13,12,7,0,0
0,0,5,10,29,65,92,100,87,79,110,127,131,119,65,8,7,7,13,12,32,12,9,8
0,0,8,15,50,65,105,112,96,94,135,128,130,109,69,14,6,1,3,6,13,49,17,10
0,0,1,14,56,70,100,126,113,108,141,144,110,106,65,34,10,0,8,14,7,48,34,3
0,0,0,11,67,104,122,115,102,104,116,139,128,104,54,3,7,3,6,20,36,37,18,2
0,0,0,1,48,73,92,107,101,103,103,109,113,101,14,1,0,0,0,10,5,0,0,0
0,0,1,12,36,51,55,70,70,58,73,59,94,95,40,9,14,11,26,4,1,0,0,0
3,0,0,0,3,62,57,88,75,61,64,64,73,71,52,14,58,65,12,0,0,0,0,0
4,0,3,6,21,57,82,101,68,71,78,68,69,56,47,11,13,29,10,1,0,5,3,0
1,0,4,26,38,45,58,81,95,79,112,81,59,53,41,32,12,29,21,14,11,10,5,3
0,0,0,13,50,91,102,111,82,114,131,128,121,60,54,35,5,11,13,11,10,0,5,0
0,1,4,21,62,69,69,105,100,102,114,117,135,127,103,102,11,10,6,6,1,8,0,0
0,0,5,18,34,54,103,95,85,99,125,120,123,125,123,102,37,4,5,0,0,0,0,0
0,0,0,14,47,52,63,106,124,132,129,110,112,115,102,97,28,12,12,10,3,2,0,0
2,0,0,24,38,81,43,90,126,131,114,118,130,124,106,88,47,12,5,9,2,2,4,6
0,0,0,16,81,100,107,100,109,110,115,126,135,126,117,109,80,26,7,10,10,9,1,0
0,2,5,48,73,101,105,103,100,86,103,119,136,135,116,109,92,14,10,12,6,3,6,9
6,2,12,16,104,108,109,106,102,100,101,113,129,128,117,106,40,10,9,12,8,2,5,5
3,6,0,20,59,100,102,95,100,65,92,106,120,115,112,108,61,10,6,5,1,6,5,13
0,0,0,9,58,105,103,65,67,52,73,103,104,109,100,102,41,0,0,0,0,9,8,9
4,0,0,10,12,101,92,100,69,51,54,59,70,90,88,101,22,0,1,9,10,14,13,6
0,0,1,0,4,51,59,64,70,58,47,53,55,58,54,50,12,0,0,1,0,9,3,0
0,0,0,0,13,39,50,53,58,51,46,52,65,78,58,33,4,0,11,8,8,3,0,1
3,0,0,0,12,21,81,115,77,53,60,55,80,107,66,36,12,10,13,8,15,4,8,0
8,0,0,0,6,57,88,161,94,57,53,56,83,114,61,30,14,12,12,9,4,0,5,8
0,0,0,0,2,23,54,88,68,43,27,26,54,60,55,33,11,11,7,6,3,0,7,8
0,0,1,0,0,9,43,54,53,39,14,12,18,51,52,18,14,10,11,10,4,7,8,10
2,0,0,0,0,5,20,64,57,50,13,10,12,46,51,52,14,14,9,11,9,3,11,0
0,0,0,0,0,11,18,54,58,45,14,10,14,53,69,30,14,11,3,8,12,4,7,0
0,0,0,0,0,7,9,49,50,23,10,7,12,56,51,52,14,10,5,0,2,0,0,0
3,0,0,0,0,0,7,26,51,27,7,12,21,40,55,47,14,7,4,1,0,0,0,0
0,0,4,0,0,8,1,13,31,18,8,11,9,34,53,26,15,11,6,4,0,0,2,0
0,0,0,0,0,1,6,12,19,14,5,8,11,14,51,13,9,1,0,4,5,0,9,9
5,6,0,0,6,5,11,12,13,7,10,10,12,14,24,14,0,5,6,0,4,4,9,11
0,2,0,4,2,0,0,4,4,29,7,7,8,17,19,7,0,6,0,0,0,8,7,0
4,0,6,4,7,0,4,7,7,13,10,4,10,15,11,3,6,0,4,4,3,0,7,8

13,13,13,11,12,13,11,13,14,13,9,5,0,2,0,0,0,10,8,0,0,0,0,0
27,38,31,29,43,53,58,52,53,42,26,14,4,10,13,24,25,20,13,13,7,3,0,0
37,40,31,35,46,55,61,61,56,55,54,55,57,55,52,50,29,42,19,14,13,0,0,0
51,45,35,34,42,54,59,71,60,67,75,79,71,61,53,53,52,35,40,18,9,8,5,0
55,52,50,46,54,51,55,59,71,66,64,63,68,54,54,58,59,59,36,33,13,2,0,3
53,51,41,44,47,45,27,49,57,52,40,35,38,33,41,39,46,28,13,20,8,0,0,0
7,3,6,3,3,7,5,10,16,9,53,65,74,75,53,30,12,13,9,5,10,0,0,3
0,0,3,8,43,54,66,67,58,58,82,106,95,79,57,21,33,35,45,13,6,0,3,0
0,0,0,5,38,57,69,82,80,76,96,117,121,99,57,9,5,6,5,13,12,7,0,0
0,0,5,10,30,65,93,100,88,79,110,126,131,119,65,8,7,7,13,12,32,12,9,8
0,0,8,16,50,66,106,113,97,94,135,128,130,110,69,14,6,1,3,6,13,49,17,10
0,0,2,14,56,70,101,126,114,109,141,144,111,107,65,36,10,0,8,14,7,48,34,4
0,0,0,11,67,105,123,115,102,104,117,139,129,104,55,3,7,3,6,20,36,37,18,2
0,0,0,1,50,73,92,107,101,103,103,109,113,101,14,2,0,0,0,10,5,0,0,0
0,0,1,13,36,51,55,71,70,58,73,60,95,96,39,9,14,11,25,4,1,0,0,0
3,0,0,0,4,63,58,89,76,61,64,64,74,71,52,14,58,65,12,0,0,0,0,0
4,0,3,6,22,56,82,101,68,71,78,68,69,56,48,11,13,29,10,1,0,5,3,0
1,0,4,26,39,45,58,82,95,79,112,81,59,53,41,32,12,29,21,14,11,10,5,3
0,0,0,13,48,90,102,111,82,114,130,128,121,60,54,35,5,11,13,11,10,1,5,0
0,1,4,21,62,69,69,105,100,101,114,117,135,126,103,102,11,10,6,6,1,8,0,0
0,0,5,18,34,53,103,95,85,99,125,120,123,124,123,102,36,4,5,0,0,0,0,0
0,0,0,14,47,52,63,105,124,131,128,110,111,114,101,96,28,12,12,10,3,2,0,0
2,0,0,24,38,80,43,89,126,131,114,118,129,124,105,87,47,12,5,9,2,2,4,6
0,0,0,15,81,100,107,100,109,110,115,126,134,126,117,109,81,26,7,10,10,9,1,0
0,2,5,50,73,101,105,103,100,84,103,119,136,135,116,109,91,14,10,12,6,3,6,9
6,2,12,17,104,108,109,106,102,100,101,113,129,128,116,106,39,10,9,12,8,2,5,5
3,7,0,21,60,100,102,94,100,63,92,106,120,115,112,108,61,10,6,6,0,6,5,13
0,0,0,9,56,105,103,65,67,52,72,103,104,109,100,102,41,0,0,0,0,9,8,9
5,0,0,10,12,101,92,100,68,51,54,59,70,90,87,101,23,0,1,9,10,14,13,6
0,0,1,0,4,51,59,64,70,57,47,52,55,58,54,51,13,0,0,1,0,9,3,0
0,0,0,0,13,38,50,53,58,51,46,52,65,78,58,33,4,0,11,8,8,3,0,1
3,0,0,0,12,21,81,115,77,53,61,55,81,107,66,37,12,10,13,8,15,4,8,0
8,0,0,0,6,57,88,161,95,57,53,56,83,114,61,29,14,12,12,9,4,0,5,8
0,0,0,0,2,23,54,88,68,44,25,26,54,60,55,33,11,11,7,6,3,0,7,8
0,0,0,0,0,8,46,54,53,41,14,12,18,51,52,19,14,10,11,10,4,7,8,10
2,0,0,0,0,5,22,64,57,50,13,10,12,45,51,52,14,14,9,12,9,3,11,0
0,0,0,0,0,11,19,54,58,46,14,10,14,53,70,30,14,12,3,8,12,4,7,0
0,0,0,0,0,7,9,50,50,23,10,7,12,57,51,52,14,10,5,0,2,0,0,0
4,0,0,0,0,0,7,26,51,28,7,12,21,41,55,48,14,7,4,1,0,0,0,0
0,0,4,0,0,8,1,13,31,19,8,11,9,34,53,26,15,11,6,4,0,0,2,0
0,0,0,0,0,1,6,12,18,14,5,8,11,14,51,13,9,1,0,4,5,0,9,9
5,6,0,0,6,5,11,12,13,7,10,10,12,14,25,14,0,5,7,0,4,4,9,11
0,3,0,4,2,0,0,4,4,29,7,7,8,17,20,7,0,6,0,0,0,8,7,0
4,0,6,4,7,0,4,7,7,13,10,4,11,15,11,3,6,0,4,4,3,0,7,8

13,13,13,11,13,13,11,13,14,13,9,5,0,2,0,0,0,10,8,0,0,0,0,0
24,38,31,28,43,53,57,51,53,41,25,14,4,10,13,24,24,19,13,13,7,3,0,0
37,41,29,35,47,55,61,61,57,55,54,54,58,55,52,50,29,42,17,14,13,0,0,0
51,45,35,34,41,53,59,71,60,68,76,78,71,61,53,53,53,35,40,19,9,8,5,0
55,52,50,46,55,51,55,59,71,66,64,63,69,54,54,58,59,59,36,33,13,3,0,4
53,51,41,44,47,45,27,49,57,52,40,35,38,33,40,39,46,28,13,20,8,0,0,0
7,3,6,3,3,7,5,10,16,9,53,65,75,76,53,32,12,13,9,5,10,0,0,3
0,0,3,8,43,54,65,67,58,58,82,106,95,80,57,21,33,35,45,13,6,0,3,0
0,0,0,5,39,57,69,81,79,76,96,117,122,99,58,9,5,6,5,13,12,7,0,0
0,0,6,10,32,65,92,99,86,79,109,126,131,119,65,8,7,8,13,12,34,12,9,8
0,0,9,15,50,65,105,111,95,92,133,126,128,109,69,14,6,1,3,6,13,49,17,10
0,0,2,14,56,70,101,126,114,109,140,143,111,107,65,36,10,0,8,14,7,48,34,4
1,0,0,11,69,105,122,116,103,105,117,139,130,105,57,4,7,3,6,20,37,37,18,2
0,0,0,1,50,73,92,107,102,104,103,109,114,101,16,2,0,0,0,10,5,0,0,0
0,0,1,13,41,51,56,73,71,59,75,60,95,98,41,9,14,11,25,4,1,0,0,0
3,0,0,0,4,64,58,91,77,61,64,64,74,72,52,14,58,64,12,0,1,0,0,0
5,0,4,7,27,57,84,102,69,72,79,69,70,56,49,11,13,30,10,1,0,5,3,0
2,0,4,25,39,45,59,83,96,80,113,82,60,53,41,32,12,29,22,14,11,10,5,3
0,0,0,13,50,91,102,111,82,115,131,128,121,60,54,34,5,11,13,11,10,1,6,0
0,1,4,16,61,67,69,105,101,102,115,118,135,124,102,102,11,10,6,6,2,8,0,0
0,0,4,16,33,53,103,94,85,99,125,120,122,123,122,102,37,4,5,0,0,0,0,0
0,0,0,13,45,50,62,105,123,131,128,109,110,113,100,95,27,11,12,10,3,2,0,0
3,0,0,23,38,79,42,88,125,130,114,117,129,123,105,87,47,12,5,9,2,2,4,6
0,0,0,14,80,100,106,100,108,110,114,126,134,126,117,109,82,25,7,10,10,9,1,0
0,2,5,50,73,101,105,103,97,84,103,119,136,135,116,109,92,14,10,12,6,3,6,9
6,2,12,16,104,108,109,106,102,100,101,112,129,127,116,106,38,10,9,12,8,2,5,5
3,7,0,21,61,100,102,94,100,63,92,106,120,115,112,108,62,10,6,6,0,6,5,13
0,0,0,9,56,105,103,65,67,52,72,103,103,109,100,103,40,0,0,0,0,9,8,9
5,0,0,10,12,101,92,100,69,51,54,59,69,90,87,101,25,0,1,9,10,14,13,6
0,0,1,0,5,51,59,64,70,57,47,53,55,58,54,50,13,0,0,1,0,9,3,0
0,0,0,1,13,39,50,53,58,51,46,52,65,78,58,34,4,0,11,8,9,3,0,1
3,0,0,0,12,21,80,114,77,52,61,55,80,107,66,35,12,10,13,8,15,4,8,0
8,0,0,0,6,57,89,162,95,57,53,56,83,114,61,31,14,12,12,9,4,0,5,9
0,0,0,0,2,23,54,89,68,43,26,26,54,60,54,33,11,11,7,6,3,0,7,8
0,0,1,0,0,9,45,54,53,40,14,12,18,51,52,19,14,10,11,10,4,7,8,10
2,0,0,0,0,6,21,64,58,50,13,10,12,45,50,52,14,14,9,11,9,3,11,0
0,0,0,0,0,11,20,54,58,46,14,10,14,54,70,30,14,12,3,8,12,4,7,0
0,0,0,0,0,7,9,50,50,23,10,7,12,57,51,52,14,10,5,0,2,0,0,0
4,0,0,0,0,0,8,27,51,28,8,12,21,41,55,50,14,7,4,1,0,0,0,0
0,0,4,0,0,8,1,13,33,18,8,11,9,35,53,26,15,11,6,4,0,0,2,0
0,0,0,0,0,1,6,12,19,14,5,8,11,14,51,13,10,1,0,4,5,0,9,9
5,6,0,0,6,5,11,12,13,8,10,10,12,14,26,14,0,5,7,0,4,4,9,11
0,3,0,4,2,0,0,4,5,30,7,7,8,18,20,7,0,6,0,0,0,8,7,0
4,0,6,4,7,0,4,7,7,13,10,4,11,15,11,3,6,0,4,4,3,0,7,8

13,14,13,11,13,13,11,13,14,13,9,5,0,2,0,0,0,10,8,0,0,0,0,0
24,38,30,28,42,53,57,51,53,40,26,14,4,10,13,24,24,20,13,13,7,3,0,0
40,41,31,35,48,56,61,61,56,55,54,55,58,56,52,50,29,42,17,14,13,0,0,0
51,45,35,33,41,53,58,71,60,67,75,78,71,60,53,53,52,35,40,18,9,8,5,0
55,52,50,47,55,52,56,59,71,66,64,63,69,54,55,58,59,59,36,33,13,3,0,4
53,51,41,45,46,45,27,50,57,51,40,35,38,33,40,39,46,28,13,19,8,0,0,0
7,3,6,3,3,7,5,10,18,9,53,65,74,75,53,32,12,13,9,5,10,0,0,3
0,0,4,9,43,54,65,68,58,58,82,105,94,79,57,22,33,35,45,12,6,0,3,0
0,0,0,6,39,57,69,82,80,77,96,117,121,98,58,10,5,7,6,13,12,7,0,0
0,0,6,10,30,65,93,100,88,79,110,127,131,119,66,8,7,7,13,12,32,12,9,8
0,0,9,16,50,66,106,112,96,94,136,129,130,110,69,15,7,1,3,6,13,50,19,10
0,0,2,14,56,70,101,127,114,109,142,144,111,107,65,36,10,0,8,14,7,48,34,4
1,0,0,11,69,105,123,116,103,105,117,139,129,105,56,4,7,3,6,20,37,37,18,3
0,0,0,1,50,73,93,107,102,104,103,109,113,101,14,2,0,0,0,10,5,0,0,0
0,0,1,13,39,51,56,73,71,59,75,61,94,95,39,9,14,11,25,4,1,0,0,0
4,0,0,0,3,62,58,90,77,62,64,64,73,71,51,14,58,64,12,0,1,0,0,0
5,0,4,7,23,56,83,102,69,72,79,69,70,56,48,11,13,30,10,1,0,5,3,0
2,0,4,25,38,45,59,83,96,80,113,82,59,53,41,32,12,29,21,14,11,10,5,3
0,0,0,13,50,91,102,112,83,115,131,128,121,60,54,35,5,11,13,11,10,1,6,0
0,1,4,16,60,67,69,105,101,102,115,118,135,124,102,101,11,10,6,6,2,8,0,0
0,0,4,16,34,53,103,94,85,99,125,120,122,123,122,102,36,4,5,0,0,0,0,0
0,0,0,13,45,50,62,105,123,131,128,109,110,113,100,95,28,12,12,10,3,2,0,0
2,0,0,23,38,79,43,88,125,130,114,117,129,123,105,87,47,12,5,9,2,2,4,6
0,0,0,14,80,100,106,100,108,110,114,125,134,126,117,109,80,25,7,10,10,9,1,0
0,2,5,48,73,101,105,103,100,86,103,119,136,135,116,109,92,14,10,12,6,3,6,9
6,2,12,16,104,108,109,106,102,100,101,112,128,127,116,106,38,10,9,12,8,2,5,5
3,7,0,20,61,100,102,95,100,65,92,106,120,115,112,108,62,10,6,6,1,6,5,13
0,0,0,9,56,105,103,64,67,52,72,103,103,109,100,102,41,0,0,0,0,9,8,9
5,0,0,10,12,101,93,100,69,51,54,59,69,90,87,101,23,0,1,9,10,14,13,6
0,0,1,0,4,51,58,64,70,57,47,52,55,57,54,51,12,0,0,1,0,9,3,0
0,0,0,1,13,39,50,53,58,51,47,52,65,78,58,34,5,0,11,8,9,3,0,1
3,0,0,0,12,19,80,114,77,52,61,55,80,107,66,35,12,10,13,8,15,4,8,0
8,0,0,0,6,57,89,162,95,57,53,56,84,114,61,30,14,12,12,9,4,0,5,9
0,0,0,0,2,23,54,89,68,43,26,26,54,60,55,33,11,11,7,6,3,0,7,8
0,0,1,0,0,9,45,54,53,41,14,13,18,51,52,19,14,10,11,10,4,7,8,11
2,0,0,0,0,6,22,64,57,50,13,10,12,45,51,52,14,14,9,12,9,3,11,0
0,0,0,0,0,11,20,54,58,46,14,10,14,54,70,31,14,12,3,8,12,4,7,0
0,0,0,0,0,7,9,50,50,23,10,8,12,56,51,52,14,10,5,0,2,0,0,0
4,0,0,0,0,0,8,26,51,29,8,12,22,42,55,50,14,7,4,1,0,0,0,0
0,0,5,0,0,8,1,13,31,19,8,11,9,34,53,26,15,11,6,4,0,0,2,0
0,0,0,0,0,2,6,12,19,14,5,8,11,14,51,14,10,1,0,4,5,0,9,9
5,6,0,0,6,5,11,12,13,8,10,10,12,14,25,14,0,5,6,0,4,4,9,11
0,3,0,4,2,0,0,4,5,30,7,7,8,18,20,7,0,6,0,0,0,8,7,0
4,0,6,4,7,0,4,7,7,12,10,4,11,15,11,3,6,0,4,4,3,0,7,8

13,14,13,11,12,13,11,13,14,13,9,4,0,1,0,0,0,10,8,0,0,0,0,0
26,40,30,32,43,53,57,51,52,40,27,13,4,9,13,23,25,20,13,13,7,3,0,0
36,40,31,35,47,55,61,60,57,55,54,54,58,55,51,50,29,41,19,14,13,0,0,0
51,45,34,34,41,53,58,72,60,67,75,78,70,60,53,53,52,34,40,19,9,8,5,0
55,52,50,47,55,52,55,59,71,66,64,63,69,54,54,58,59,59,36,33,13,3,0,4
54,51,41,45,47,45,28,49,57,51,40,34,38,33,40,39,46,28,13,19,8,0,0,0
8,3,6,3,3,7,5,11,20,9,53,65,74,75,53,32,12,13,9,5,10,0,0,3
0,0,4,9,45,54,66,68,59,59,82,105,93,78,56,20,36,34,45,12,6,0,3,0
0,0,0,6,41,57,70,84,81,78,97,117,121,98,58,10,5,7,6,13,12,7,0,0
0,0,6,11,32,65,94,102,90,80,113,129,132,119,66,8,7,7,13,12,32,12,9,8
0,0,10,17,50,66,107,114,99,96,139,131,131,110,69,15,7,1,3,6,13,50,19,10
0,0,2,14,56,70,102,128,115,111,144,145,111,107,65,36,10,0,8,14,7,48,35,4
1,0,0,11,68,105,124,117,104,106,118,139,129,104,55,4,7,4,6,20,37,37,18,3
0,0,0,1,50,74,94,108,102,104,103,109,113,101,14,2,0,0,0,10,5,0,0,0
0,0,1,13,35,51,55,73,72,59,76,61,95,94,38,9,14,11,25,4,1,0,0,0
4,0,0,0,2,61,58,91,77,62,64,64,73,71,51,14,58,64,12,0,1,0,0,0
5,0,4,6,18,56,83,102,69,72,80,69,70,56,46,11,13,31,10,1,0,5,3,0
2,0,4,24,38,45,59,83,96,80,113,82,59,53,41,32,12,29,21,14,11,10,5,3
0,0,0,12,48,90,102,112,83,115,132,128,121,59,54,34,5,11,13,11,10,1,6,0
0,1,4,15,60,67,69,105,101,102,115,118,135,124,102,101,11,10,6,6,2,8,0,0
0,0,4,16,33,52,102,94,85,99,125,120,122,123,122,102,37,4,5,0,0,0,0,0
0,0,0,13,46,49,61,105,123,131,128,109,110,113,100,95,28,12,12,10,3,2,0,0
2,0,0,22,38,79,43,88,125,130,113,117,129,123,105,87,47,12,5,9,2,2,4,6
0,0,0,15,80,100,106,100,108,110,114,125,134,126,117,109,81,26,7,10,10,9,1,0
0,2,5,48,72,101,105,103,100,84,103,119,135,135,116,109,92,14,10,12,6,2,6,9
6,2,12,16,104,108,109,106,102,100,101,112,128,127,116,106,40,10,9,12,8,2,5,5
3,7,0,20,60,100,102,94,100,63,92,106,120,115,112,108,62,10,6,6,1,6,5,13
0,0,0,9,56,105,103,64,67,52,73,103,103,109,100,102,42,0,0,0,0,9,8,9
5,0,0,10,12,101,92,100,69,51,54,59,70,90,88,101,25,0,1,9,10,14,13,6
0,0,1,0,5,51,58,64,70,58,47,52,55,57,54,50,13,0,0,1,0,9,3,0
0,0,0,1,13,39,50,53,58,51,46,52,65,78,58,33,5,0,11,8,9,3,0,1
4,0,0,0,12,19,80,114,77,53,61,55,80,106,66,36,12,10,13,8,15,4,8,0
8,0,0,0,6,57,89,162,95,57,53,56,83,114,61,30,14,12,12,9,4,0,5,8
1,0,0,0,2,23,54,89,68,45,26,26,54,60,55,33,11,11,7,6,3,0,7,8
0,0,1,0,0,9,45,54,53,41,14,13,18,51,52,19,14,10,11,10,4,7,8,10
2,0,0,0,0,6,23,65,57,50,13,10,12,45,51,52,14,14,9,11,9,3,11,0
0,0,0,0,0,11,20,54,58,46,14,10,15,54,70,30,14,12,3,8,12,4,7,0
0,0,0,0,0,7,9,50,50,24,10,8,12,57,51,52,14,10,6,0,2,0,0,0
4,0,0,0,0,0,8,26,51,28,8,12,21,41,55,48,14,7,4,1,0,0,0,0
0,0,5,0,0,8,1,13,31,19,9,11,9,36,53,27,16,11,6,4,0,0,2,0
0,0,0,0,0,2,6,12,19,14,5,8,11,14,51,14,10,2,0,4,5,0,9,9
5,6,0,0,6,5,11,12,13,8,10,10,12,14,27,14,0,5,7,0,4,4,9,11
0,3,0,4,2,0,0,4,5,29,7,7,8,17,20,8,0,6,0,0,0,8,7,0
4,0,7,4,7,0,4,7,7,13,10,4,11,15,11,3,6,0,4,4,3,0,7,8

13,13,12,11,12,13,11,13,14,13,9,4,0,1,0,0,0,10,8,0,0,0,0,0
27,38,31,29,43,53,57,51,53,40,25,14,4,10,13,23,25,19,13,13,7,3,0,0
37,41,31,35,47,55,60,60,56,55,54,54,58,55,52,50,29,42,17,14,13,0,0,0
51,46,35,34,42,54,59,71,60,67,75,78,71,61,53,53,52,35,40,19,9,9,5,0
55,52,50,46,54,52,56,59,71,66,64,63,68,54,54,57,59,59,36,33,13,3,0,4
54,51,41,45,47,45,28,50,57,51,40,34,38,33,40,38,46,28,13,20,8,0,0,0
8,3,6,3,3,7,5,11,22,9,54,64,74,75,53,32,12,13,9,5,10,0,0,3
0,1,4,9,47,55,66,69,59,59,82,105,94,78,57,22,36,36,45,13,6,0,3,0
0,0,0,6,42,57,70,84,81,78,98,118,121,98,57,10,6,6,6,13,12,7,0,0
0,0,6,11,32,65,95,102,89,81,113,130,133,119,66,8,7,8,13,12,33,12,9,8
0,0,10,16,50,66,108,115,100,98,140,132,132,110,69,15,7,1,4,6,13,50,19,10
0,0,3,15,56,71,102,129,116,112,146,146,111,107,65,36,11,0,8,14,8,49,35,4
1,0,0,11,67,105,125,119,104,106,119,140,128,104,52,3,8,4,6,20,37,37,18,3
0,0,0,1,48,75,97,108,102,105,104,110,113,101,14,1,0,0,0,10,5,0,0,0
0,0,2,13,33,50,55,73,72,59,76,61,94,92,33,9,14,11,25,4,1,0,0,0
4,0,0,0,1,59,58,91,76,62,64,64,73,70,50,14,58,64,12,0,1,0,0,0
5,0,4,6,14,55,81,102,69,72,80,69,70,56,46,11,13,32,10,1,0,5,3,0
2,0,4,24,38,44,58,83,96,80,113,82,59,53,42,32,12,29,22,14,11,10,5,3
0,0,0,12,48,90,102,111,83,115,132,128,121,60,54,35,5,11,13,11,10,1,6,0
0,1,4,17,61,67,69,105,101,102,115,118,135,124,102,102,11,10,6,6,2,9,0,0
0,0,4,16,33,53,102,94,85,98,125,120,122,123,122,102,37,4,5,0,0,0,0,0
0,0,0,14,46,50,62,104,123,131,128,109,110,113,100,95,28,12,12,10,3,2,0,0
2,0,0,23,38,79,42,87,125,130,113,117,128,123,105,86,47,12,5,9,2,2,4,6
0,0,0,17,80,100,106,100,108,110,114,125,134,126,117,109,83,26,7,10,10,9,1,0
0,2,5,48,71,101,105,103,98,83,103,118,135,135,116,109,92,14,10,12,6,2,6,9
6,2,12,17,104,108,109,106,102,100,101,112,128,127,116,106,40,10,9,12,8,2,5,5
3,7,0,20,59,100,101,94,100,63,92,106,120,114,112,108,61,10,6,6,0,6,5,13
0,0,0,9,57,105,103,65,67,52,73,103,103,109,100,102,42,0,0,0,0,9,8,9
5,0,1,10,12,101,92,100,69,51,54,59,69,89,87,101,23,0,1,9,10,14,13,6
0,0,1,0,5,51,58,64,70,58,48,52,54,57,54,51,13,0,0,1,0,9,3,0
0,0,0,1,13,38,50,53,58,51,46,52,65,78,58,34,4,0,11,8,9,3,0,1
4,0,0,0,12,21,80,114,76,53,61,55,80,106,66,36,12,10,13,8,15,4,8,0
8,0,0,0,6,57,89,162,95,57,53,56,83,114,61,30,14,12,12,9,4,0,5,8
1,0,0,0,2,23,54,89,68,45,26,27,54,60,55,33,11,12,7,6,3,0,7,8
0,0,1,0,0,9,45,54,53,40,14,13,18,51,52,19,14,10,12,10,4,7,8,11
2,0,0,0,0,6,23,65,58,50,13,10,12,46,51,52,15,14,9,12,9,3,11,0
0,0,0,0,0,11,20,54,58,46,14,10,14,54,70,30,14,12,3,8,12,4,7,0
0,0,0,0,0,7,9,50,50,23,10,8,12,57,51,52,14,10,6,0,2,0,0,0
4,0,0,0,0,0,8,27,51,29,8,12,21,41,55,48,14,7,4,1,0,0,0,0
0,0,5,0,0,8,2,13,34,19,9,12,9,36,53,28,15,11,7,4,0,0,2,0
0,0,0,0,0,1,6,12,19,14,5,8,11,14,51,14,10,2,0,4,5,0,9,9
5,6,0,0,6,5,11,12,13,8,10,10,12,14,27,14,0,5,7,0,4,4,9,11
0,3,0,4,2,0,0,4,5,31,7,7,8,18,20,8,0,6,0,0,0,8,7,0
4,0,7,4,7,0,4,7,7,13,10,4,11,15,11,3,6,0,4,4,3,0,7,8

13,13,13,11,12,13,11,13,14,12,8,4,0,1,0,0,0,10,8,0,0,0,0,0
26,38,31,28,42,53,56,51,53,39,26,13,4,9,13,24,24,20,14,13,8,4,0,0
38,40,29,35,46,55,60,60,56,55,54,54,58,56,52,50,29,41,17,14,13,0,0,0
52,46,35,34,41,53,58,71,60,67,75,78,71,61,53,53,52,35,40,19,10,9,5,0
55,52,50,48,54,51,55,59,71,66,64,63,68,54,54,57,59,58,36,33,13,3,0,4
54,51,42,45,47,45,28,49,57,51,40,35,38,32,40,38,46,28,13,20,8,0,0,0
8,3,6,3,3,7,5,11,20,9,54,65,74,75,53,32,12,13,9,5,10,0,0,3
0,1,4,10,47,54,66,68,59,59,83,106,94,78,57,24,36,35,45,13,6,0,3,0
0,0,0,6,43,57,70,84,81,78,98,119,122,99,58,10,6,7,6,13,12,7,0,0
0,0,7,11,32,65,95,102,89,81,114,130,134,120,67,9,7,8,13,12,33,12,9,8
0,0,10,17,51,67,108,115,100,98,141,133,133,111,69,16,7,2,4,6,13,50,20,10
0,0,3,16,56,71,103,129,116,113,146,147,112,107,65,37,11,0,8,14,8,49,35,4
1,0,0,12,65,104,126,120,104,107,120,141,129,105,53,3,8,4,6,20,37,38,18,3
0,0,0,2,50,76,100,108,102,105,104,110,113,101,14,1,0,0,0,10,5,0,0,0
0,0,2,13,31,50,55,73,72,59,77,62,95,91,33,9,14,11,25,4,1,0,0,0
4,0,0,0,1,59,58,91,77,62,64,64,73,70,50,14,58,64,12,0,1,0,1,0
5,0,3,5,14,54,81,102,69,72,80,69,69,56,45,11,13,31,10,1,0,5,3,0
2,0,4,24,38,45,58,83,96,80,114,82,60,52,41,32,12,29,21,14,11,10,5,3
0,0,0,12,50,89,102,111,83,115,132,128,121,59,54,35,5,11,13,11,10,1,6,0
0,1,4,17,60,67,69,105,101,102,115,118,135,124,102,102,11,10,7,6,2,9,0,0
0,0,4,16,33,52,103,94,85,98,125,120,122,123,121,102,38,4,5,0,0,0,0,0
0,0,0,14,45,50,61,104,123,131,127,109,110,113,100,95,28,12,12,10,3,2,0,0
2,0,0,23,38,78,42,87,125,130,113,117,128,123,105,86,47,12,5,9,2,2,4,6
0,0,0,15,81,100,106,100,108,109,114,125,134,125,117,109,80,26,7,10,10,9,1,0
0,2,5,48,73,101,105,103,98,83,102,118,135,134,116,109,92,14,10,12,6,2,6,9
6,2,12,16,104,108,109,106,102,100,101,112,128,127,116,106,39,10,9,12,8,2,5,5
3,7,0,21,61,100,101,96,100,65,92,106,120,114,112,108,61,10,6,6,1,6,5,13
0,0,0,9,56,105,103,65,67,52,73,103,103,109,99,102,42,0,0,0,0,9,8,9
5,0,1,10,12,101,92,100,69,51,54,59,69,89,87,101,22,0,1,9,10,14,13,6
0,0,1,0,5,51,58,64,70,57,47,52,54,57,53,50,13,0,0,1,0,9,3,0
0,0,0,1,13,38,50,53,58,51,46,52,65,78,58,34,5,0,11,8,9,3,0,1
4,0,0,0,12,21,80,114,77,52,61,55,80,106,66,37,12,10,13,8,15,4,8,0
8,0,0,0,6,57,88,162,95,57,53,56,84,114,61,30,14,12,12,9,4,0,5,9
1,0,0,0,2,23,54,89,68,45,27,27,54,61,55,33,11,11,7,6,3,0,8,8
0,0,1,0,0,9,45,54,53,40,14,13,18,51,52,19,14,10,11,10,4,7,8,11
3,0,0,0,0,6,23,65,57,50,13,10,12,46,51,52,15,14,9,12,9,3,11,0
0,0,0,0,0,11,21,54,58,46,14,10,14,54,70,30,14,12,3,8,12,4,7,0
0,0,0,0,0,7,9,49,50,23,10,8,12,57,51,52,14,10,6,0,2,0,0,0
4,0,0,0,0,0,8,28,51,29,8,12,21,42,55,49,14,7,4,1,0,0,0,0
0,0,5,0,0,8,2,13,34,20,9,12,9,36,53,26,16,11,6,4,0,0,2,0
0,0,0,0,0,2,6,12,19,14,5,8,11,14,51,14,10,2,1,5,5,0,9,9
5,6,0,0,6,5,11,12,13,8,10,10,12,14,26,14,0,5,7,0,4,4,9,11
0,3,0,4,2,0,0,4,5,30,7,7,8,17,20,8,0,6,0,0,0,8,7,0
4,0,7,4,7,0,4,7,7,13,10,4,11,15,11,3,6,0,4,4,3,0,7,8

13,13,13,11,12,13,11,13,14,12,8,4,0,1,0,0,0,10,8,0,0,0,0,0
26,37,31,28,42,53,56,51,53,40,25,13,4,9,13,23,24,17,13,13,8,4,0,0
38,43,32,36,47,55,60,60,56,55,54,54,58,56,52,50,29,42,19,14,13,0,0,0
51,46,35,34,41,53,58,71,60,66,75,78,71,61,53,53,52,34,40,18,10,9,5,0
55,52,50,48,55,51,56,59,71,66,64,63,68,54,54,57,59,58,36,33,14,4,0,4
54,51,42,44,47,45,27,49,57,51,40,35,37,32,40,38,45,28,13,20,8,0,0,0
8,3,6,3,3,7,5,11,23,9,54,64,73,74,53,33,12,13,9,5,10,0,0,3
0,1,5,10,46,54,66,68,59,59,83,106,94,78,56,22,37,36,45,12,6,0,3,0
0,0,0,7,44,57,70,84,81,78,99,119,122,98,58,11,6,7,6,14,12,7,0,0
0,0,7,11,32,65,95,103,90,81,114,131,135,120,66,9,7,8,13,12,34,12,9,8
0,0,11,17,51,67,109,115,101,99,142,134,134,110,69,17,7,2,4,7,13,50,20,10
0,0,3,17,56,71,103,130,117,114,149,147,112,107,65,37,11,0,8,14,8,49,36,4
2,0,0,12,65,104,127,122,105,108,121,141,128,104,52,3,8,4,6,20,37,38,19,3
0,0,0,2,48,77,100,108,103,105,104,111,113,101,14,1,0,0,0,10,5,0,0,0
0,0,2,13,30,50,55,73,72,60,77,63,95,90,32,9,14,11,26,5,1,0,0,0
4,0,0,0,1,58,58,91,77,62,65,64,73,69,44,14,58,64,12,0,1,0,0,0
5,0,3,5,14,54,81,102,69,72,80,69,70,56,44,11,13,31,10,1,0,5,3,0
2,0,4,24,38,44,58,83,96,81,114,82,60,52,42,32,12,29,21,14,11,10,5,3
0,0,0,12,50,90,102,112,83,115,132,128,121,60,54,35,5,11,13,11,10,1,6,0
0,1,4,16,60,67,69,105,101,102,115,118,135,124,102,102,11,10,6,6,2,9,0,0
0,0,4,16,33,52,103,94,85,98,125,120,122,123,121,102,38,4,5,0,0,0,0,0
0,0,0,13,46,49,61,104,123,130,127,108,110,113,100,95,28,12,12,10,3,2,0,0
3,0,0,23,38,78,43,87,124,130,113,116,128,123,105,86,47,12,5,9,2,2,4,6
0,0,0,14,80,100,106,100,108,109,114,125,133,125,117,109,81,25,7,10,10,9,1,0
0,2,5,50,72,101,105,103,100,83,102,118,135,134,116,109,93,14,10,12,6,2,6,9
6,2,12,15,104,108,109,106,102,100,101,112,128,127,116,106,39,10,9,12,8,2,5,5
3,7,0,21,61,100,102,94,100,65,92,106,120,114,112,108,62,10,6,6,1,6,5,13
0,0,0,9,56,105,103,64,67,52,73,103,103,109,99,102,41,0,0,0,0,9,8,9
5,0,1,10,12,101,92,100,70,51,54,59,69,89,87,101,25,0,1,9,10,14,13,6
0,0,1,0,5,51,58,64,70,58,47,52,54,57,54,50,13,0,0,1,0,9,3,0
0,0,0,1,13,38,50,53,58,51,46,52,65,78,58,34,5,0,11,8,9,3,0,1
4,0,0,0,12,19,80,114,76,53,61,55,80,106,66,35,12,10,13,8,15,4,8,0
8,0,0,0,6,57,89,162,95,57,53,56,84,115,61,30,14,12,12,9,4,0,5,9
1,0,0,0,2,23,54,89,68,43,26,27,54,60,55,33,11,11,7,6,3,0,7,8
0,0,1,0,0,9,46,54,53,40,14,13,18,51,53,19,14,10,12,10,4,7,8,11
2,0,0,0,0,6,23,65,57,50,13,10,12,46,51,52,15,14,9,12,9,3,11,0
0,0,0,0,0,11,20,54,58,46,14,10,15,54,70,30,14,12,3,8,12,4,7,0
0,0,0,0,0,7,9,50,50,23,10,8,12,57,51,52,14,10,6,0,2,0,0,0
4,0,0,0,0,0,8,27,51,30,8,13,22,41,55,50,14,7,4,1,0,0,0,0
0,0,5,0,0,8,2,13,34,19,9,12,9,36,53,28,16,11,6,4,0,0,2,0
0,0,0,0,0,2,7,12,19,14,5,8,11,14,51,14,10,2,1,5,5,0,9,9
5,6,0,0,6,5,11,12,13,8,10,10,12,14,26,14,0,5,7,0,4,4,9,11
1,3,0,4,2,0,0,5,5,31,7,7,8,19,20,8,0,6,0,0,0,8,7,0
4,0,7,4,7,0,4,7,7,13,10,4,11,15,11,3,6,0,4,4,3,0,7,8

13,13,13,11,12,13,10,13,13,12,8,3,0,1,0,0,0,10,9,0,0,0,0,0
25,38,30,28,40,52,55,50,52,36,24,13,4,9,12,24,24,17,14,13,8,4,0,0
40,43,31,35,47,55,61,60,56,55,54,54,58,55,52,50,29,42,19,14,13,0,1,0
52,46,36,34,41,53,58,71,60,67,75,78,71,60,53,53,52,35,40,20,10,9,5,0
56,52,50,48,55,52,56,60,71,66,64,63,69,54,54,57,59,59,36,33,14,4,0,4
54,51,41,45,47,45,27,48,57,51,40,34,37,32,40,38,46,28,13,19,8,0,0,0
8,3,6,3,3,7,5,11,23,9,54,64,73,74,52,32,12,13,9,5,10,0,0,3
0,2,5,10,47,54,66,68,59,59,83,106,93,78,56,22,37,34,46,13,6,0,3,0
0,0,0,7,44,58,70,84,81,79,99,120,122,99,58,11,6,7,6,14,12,7,0,0
0,0,7,11,32,65,96,103,90,82,115,132,136,121,67,9,7,8,13,12,34,12,9,8
0,0,11,17,51,67,109,116,101,100,143,136,136,112,70,19,7,2,4,7,13,50,20,10
0,0,3,19,56,71,103,131,117,115,150,148,113,108,65,38,11,0,8,14,8,48,36,4
2,0,0,12,64,104,128,122,105,108,122,142,128,104,52,3,8,4,6,20,37,37,19,3
0,0,0,2,48,78,100,108,102,105,104,111,113,101,14,1,0,0,0,10,5,0,0,0
0,0,2,13,28,50,55,73,72,59,78,63,95,89,32,9,14,11,26,4,1,0,0,0
4,0,0,0,1,57,58,90,76,62,65,65,73,70,43,14,58,64,12,0,1,0,1,0
5,0,3,5,14,54,80,102,69,72,80,69,69,56,44,11,13,31,11,1,0,6,3,0
2,0,4,24,38,44,58,82,96,81,114,82,59,53,41,32,12,29,21,14,11,10,5,3
0,0,0,13,50,90,102,112,83,115,132,128,121,60,54,36,5,11,13,11,10,1,6,0
0,1,4,18,61,67,69,105,101,102,115,117,135,124,101,102,11,10,6,6,2,9,0,0
0,0,4,16,34,53,103,94,85,98,124,120,122,123,121,102,38,4,5,0,0,0,0,0
0,0,0,13,45,49,61,104,123,130,127,108,109,113,100,95,27,12,12,10,3,2,0,0
3,0,0,23,38,78,43,87,124,129,113,116,128,123,105,86,47,12,5,9,2,2,4,6
0,0,0,15,80,100,106,100,108,109,114,125,133,125,117,109,81,25,7,10,10,9,1,0
0,2,5,50,72,101,105,103,100,84,102,118,135,134,116,109,93,14,10,12,6,2,6,9
6,2,12,16,104,108,109,106,102,100,101,112,128,127,116,106,39,10,9,12,8,2,5,5
3,7,0,21,60,100,102,95,100,65,92,106,120,114,112,108,63,10,6,6,1,6,5,13
0,0,0,9,56,105,103,64,67,52,73,103,103,109,99,102,42,0,0,0,0,9,8,9
5,0,1,10,12,101,92,100,69,51,54,59,69,88,87,101,23,0,1,9,10,14,13,6
0,0,1,0,5,51,58,63,70,57,47,52,54,57,53,50,13,0,0,1,0,9,3,0
0,0,0,1,13,39,50,53,58,51,46,52,65,78,58,34,4,0,11,8,9,3,0,1
4,0,0,0,12,19,80,114,76,53,61,55,80,107,66,35,12,10,13,8,15,4,8,0
8,0,0,0,6,57,88,162,95,57,53,56,84,114,61,32,14,12,12,9,4,0,5,9
1,0,0,0,2,23,54,89,68,44,26,26,54,61,55,33,11,11,7,6,3,0,7,8
0,0,1,0,0,9,45,54,53,41,14,13,18,51,52,19,14,10,12,10,4,7,8,11
2,0,0,0,0,6,24,65,57,50,13,10,12,46,51,52,15,14,9,12,9,3,11,0
0,0,0,0,0,11,22,54,59,48,14,10,15,54,70,31,15,12,3,8,12,4,7,0
0,0,0,0,0,7,9,49,50,23,10,8,12,57,51,52,14,10,6,0,3,0,0,0
4,0,0,0,0,0,8,28,51,29,8,13,22,41,55,49,14,7,4,1,0,0,0,0
0,0,5,0,0,8,2,13,34,20,9,12,9,35,53,27,16,11,6,4,0,0,2,0
0,0,0,0,0,2,7,12,20,14,5,8,11,14,51,14,10,2,1,5,5,0,9,9
5,6,0,0,6,5,11,12,13,8,10,10,12,14,26,14,0,5,7,0,4,4,9,11
0,3,0,4,2,0,0,5,5,30,7,7,8,18,20,8,0,6,0,0,0,8,7,0
4,0,7,4,7,0,4,8,7,13,10,4,11,15,11,3,6,0,4,4,3,0,7,8

13,13,13,11,12,12,10,13,13,12,8,3,0,0,0,0,0,10,9,0,0,0,0,0
26,37,30,27,40,52,56,51,52,37,24,13,4,9,12,23,24,19,13,13,8,4,0,0
38,40,31,35,44,55,60,60,56,55,54,54,58,55,51,50,29,41,19,14,13,0,1,0
52,45,35,34,41,53,58,71,60,67,75,78,71,61,53,53,52,35,40,20,10,9,5,0
55,52,50,48,55,51,55,59,71,66,64,63,68,54,54,57,59,58,36,33,14,4,0,4
54,51,41,45,47,45,27,49,57,51,41,34,36,31,39,38,45,29,13,19,8,0,0,0
8,3,6,3,3,7,5,11,24,9,54,64,72,73,52,32,12,13,9,5,10,0,0,3
0,2,5,10,46,54,66,68,59,59,83,105,92,77,56,20,39,36,46,13,6,0,3,0
0,0,0,7,43,57,70,84,81,79,100,120,122,98,58,11,6,7,6,14,12,7,0,0
0,0,7,11,32,65,96,103,89,82,116,133,137,122,67,9,7,8,13,12,33,12,9,9
0,0,11,18,51,67,110,116,101,101,145,137,137,112,69,19,7,2,4,7,13,50,20,10
0,0,3,18,56,71,103,131,118,116,153,149,114,108,65,37,11,0,8,14,8,48,35,4
2,0,0,12,63,104,128,124,105,108,124,142,128,104,52,3,8,4,6,20,37,37,19,3
0,0,0,2,48,78,101,108,102,105,105,112,113,101,14,1,0,0,0,10,5,0,0,0
0,0,3,13,28,50,55,73,72,59,78,64,96,87,31,9,14,11,26,5,1,0,0,0
4,0,0,0,1,58,57,90,76,62,65,65,73,70,44,14,58,64,13,1,1,0,1,0
5,0,3,5,14,54,79,102,69,72,80,69,69,56,44,11,13,30,10,1,0,6,3,0
2,0,4,25,38,44,58,82,96,81,114,82,59,53,42,32,12,29,21,14,11,10,5,3
0,0,0,13,50,90,102,112,83,115,132,128,122,60,54,37,5,11,13,11,10,1,6,0
0,1,4,19,61,67,69,105,101,102,115,117,135,124,102,102,11,10,6,6,2,9,0,0
0,0,4,17,34,53,103,94,84,98,124,119,122,123,121,102,38,4,5,0,0,0,0,0
0,0,0,14,45,49,61,104,123,130,127,108,109,113,100,94,27,12,12,10,3,2,0,0
2,0,0,23,38,78,43,87,124,129,112,116,128,122,105,86,47,12,5,9,3,2,4,6
0,0,0,15,80,100,106,100,108,109,114,125,133,125,117,109,82,26,7,10,10,9,1,0
0,2,5,50,72,101,105,103,98,83,102,118,135,134,116,109,92,14,10,12,6,2,6,9
6,2,12,16,104,108,109,106,102,100,101,112,128,127,116,106,39,10,9,12,8,2,5,5
3,7,0,21,60,100,101,93,100,65,91,106,119,114,112,108,62,10,6,6,0,6,5,13
0,0,0,9,57,105,103,64,67,52,72,103,103,109,98,102,43,0,0,0,0,9,8,9
5,0,1,10,12,101,92,100,69,51,54,59,69,89,87,101,23,0,1,9,10,14,13,6
0,0,1,0,5,51,58,64,70,58,47,52,54,57,54,50,13,0,0,1,0,9,3,0
0,0,0,1,13,39,50,53,58,51,46,52,65,78,58,34,4,0,11,8,9,3,0,1
4,0,0,0,12,21,80,114,77,53,61,55,80,106,66,37,12,10,13,8,15,4,8,0
8,0,0,0,6,57,88,162,95,57,53,56,84,115,61,30,14,12,12,9,4,0,5,9
1,0,0,0,2,23,54,89,68,45,26,27,54,60,55,33,11,12,7,6,3,0,8,8
0,0,1,0,0,9,45,54,53,39,14,13,19,51,53,19,14,10,12,10,4,7,8,11
3,0,0,0,0,6,24,65,58,50,13,10,12,46,51,52,15,14,9,12,9,3,11,0
0,0,0,0,0,11,20,54,58,46,14,10,14,54,70,30,14,12,3,8,12,4,7,0
0,0,0,0,0,7,10,50,50,23,10,8,12,57,51,52,14,10,6,0,3,0,0,0
4,0,0,0,0,0,8,28,51,29,8,13,22,41,55,50,14,7,4,1,0,0,0,0
0,0,5,0,0,9,2,13,34,20,9,12,9,35,53,27,15,11,6,4,0,0,2,0
0,0,0,0,0,2,7,12,19,14,5,8,11,14,52,14,10,2,1,5,5,0,9,9
5,6,0,0,6,5,11,12,13,8,10,10,12,14,27,14,0,5,7,0,4,4,9,11
0,3,0,4,2,0,0,5,5,30,7,7,8,18,20,8,0,6,0,0,0,8,7,0
4,0,7,4,7,0,4,8,7,13,10,4,11,15,11,3,6,0,4,4,3,0,7,8

13,13,13,11,12,12,10,13,13,12,8,3,0,0,0,0,0,10,9,0,0,0,0,0
27,38,31,28,43,52,56,51,52,36,25,13,4,9,13,23,24,22,14,13,8,4,0,0
38,40,31,35,46,55,60,60,56,55,54,54,58,55,52,50,29,42,19,14,13,0,1,0
52,46,35,34,41,53,59,71,60,67,75,78,70,61,53,53,52,35,40,20,10,9,5,0
55,52,50,47,55,51,56,59,71,66,64,63,69,54,54,57,59,58,36,33,14,4,0,4
54,51,42,45,48,45,29,49,57,51,41,34,37,32,40,38,45,28,13,19,8,0,0,0
8,3,7,3,3,7,5,11,26,9,54,64,73,74,52,34,12,13,9,5,10,0,0,3
0,2,5,10,50,54,66,69,59,59,83,106,94,78,56,23,39,35,46,13,6,0,3,0
0,0,0,7,45,57,71,85,82,79,99,120,123,99,58,11,7,7,6,14,12,7,0,0
0,0,8,11,35,66,97,104,90,82,114,131,137,122,67,9,7,8,13,12,34,12,10,9
0,0,11,17,51,67,110,116,101,99,143,136,137,113,69,20,7,2,4,7,13,50,20,10
0,0,3,19,56,71,103,131,117,115,151,148,114,109,65,39,11,0,8,14,8,48,36,4
2,0,0,12,63,104,128,122,105,108,123,143,128,105,53,3,8,4,6,20,37,37,18,3
0,0,0,2,50,79,101,108,102,104,105,112,113,101,14,2,0,0,0,10,5,0,0,0
0,0,3,13,28,50,55,72,71,59,77,63,97,90,34,9,14,11,26,5,1,0,0,0
4,0,0,0,1,59,58,89,76,62,64,65,74,70,50,15,59,64,13,1,1,0,1,0
5,0,3,5,14,54,79,101,68,72,79,69,69,56,45,11,14,31,11,1,0,6,3,0
2,0,4,25,38,44,58,82,96,80,113,82,59,53,42,32,12,29,21,14,11,10,5,3
0,0,0,13,48,90,102,111,82,115,131,128,121,60,54,37,5,11,13,11,10,1,6,0
0,1,4,21,62,68,69,105,100,101,114,117,135,124,102,102,12,10,7,6,2,9,0,0
0,0,5,17,34,53,103,93,84,97,124,119,122,123,121,102,38,4,5,0,0,0,0,0
0,0,0,14,47,50,61,104,123,130,127,108,109,113,100,95,27,12,12,10,3,2,0,0
2,0,0,23,38,79,43,87,124,129,112,116,128,122,105,86,47,12,5,9,3,2,4,6
0,0,0,16,80,100,106,100,108,109,114,124,133,125,117,109,80,25,7,10,10,9,1,0
0,2,5,50,72,101,105,103,98,81,102,118,135,134,115,109,93,14,10,12,6,2,6,9
6,2,12,17,104,108,109,106,102,100,101,112,128,127,116,106,39,10,9,12,8,2,5,5
3,7,0,22,60,100,102,95,100,63,91,106,119,114,112,108,63,10,6,6,1,6,5,13
0,0,0,9,57,105,103,65,67,52,72,103,103,109,98,102,43,0,0,0,0,9,8,9
5,0,1,10,12,101,92,100,69,51,54,59,69,88,87,101,23,0,1,9,10,14,13,6
0,0,1,0,5,51,58,64,70,57,47,52,54,57,53,50,13,0,0,1,0,9,3,0
0,0,0,1,13,39,50,53,58,51,46,52,65,78,58,34,4,0,11,8,9,3,0,1
4,0,0,0,12,21,80,114,77,52,61,55,80,107,66,36,12,10,13,8,15,4,8,0
8,0,0,0,6,57,88,162,95,57,53,56,84,114,61,30,14,12,12,9,4,0,5,9
1,0,0,0,2,24,54,89,68,45,27,27,54,61,55,34,11,12,7,6,3,0,8,8
0,0,1,0,0,9,45,54,53,40,14,13,19,51,53,19,14,10,12,10,4,6,8,11
3,0,0,0,0,7,24,65,58,50,13,10,12,46,51,52,15,14,9,12,9,3,11,0
0,0,0,0,0,11,20,54,58,46,14,10,15,53,70,30,14,12,3,8,12,4,7,0
0,0,0,0,0,7,10,50,50,23,10,8,12,57,51,52,14,10,6,0,2,0,0,0
4,0,0,0,0,0,8,28,51,30,8,13,21,41,55,48,14,7,4,1,0,0,0,0
0,0,5,0,0,9,2,13,35,20,9,12,9,35,53,28,15,11,6,4,0,0,2,0
0,0,0,0,0,2,7,12,19,14,5,8,11,14,52,14,10,2,1,5,5,0,9,9
5,6,0,0,6,5,11,12,13,8,10,10,12,14,27,14,0,5,7,0,4,4,9,11
0,3,0,4,2,0,0,5,5,31,7,7,8,17,20,7,0,6,0,0,0,8,7,0
4,0,7,4,7,0,4,8,7,13,10,4,11,15,11,3,6,0,4,4,3,0,7,8

13,13,13,11,12,12,10,13,13,12,8,3,0,0,0,0,0,10,8,0,0,0,0,0
29,37,31,28,42,52,56,50,52,37,24,13,4,9,12,23,25,17,13,13,8,4,0,0
40,41,31,36,46,55,60,60,56,55,54,54,58,55,52,50,29,42,19,14,13,0,1,0
52,47,36,34,42,53,59,71,60,67,75,78,71,60,53,53,52,35,40,20,10,9,5,0
56,52,50,48,55,51,56,59,71,67,64,63,68,54,54,57,59,58,36,33,14,4,0,4
54,51,43,45,48,46,29,50,57,51,41,35,37,32,40,38,45,29,13,19,8,0,0,0
8,3,7,3,4,7,5,11,27,9,54,64,73,74,52,33,12,13,9,5,10,0,0,3
0,2,6,10,50,55,66,69,59,59,83,106,95,78,56,24,40,36,46,13,6,0,3,0
0,0,0,7,45,57,71,85,82,79,99,120,123,100,58,11,7,7,6,14,12,7,0,0
0,0,8,11,35,66,97,104,90,81,113,131,136,122,67,9,7,8,13,12,35,13,10,9
0,0,11,18,51,67,110,116,101,99,142,135,137,113,70,21,7,2,4,7,13,50,21,10
0,0,4,19,56,71,103,131,117,115,150,148,114,109,65,39,11,0,8,14,8,49,36,4
2,0,0,12,64,104,128,122,104,107,123,143,129,105,54,3,8,4,6,20,37,38,19,3
0,0,0,2,50,79,101,108,102,104,104,112,113,101,14,2,0,0,0,10,5,0,0,0
0,0,3,14,29,50,55,72,71,59,76,63,98,91,36,10,14,11,26,5,1,0,0,0
4,0,0,0,2,59,58,89,76,62,64,65,74,71,50,15,59,64,13,1,1,0,1,0
5,0,3,6,14,54,80,101,68,71,80,69,69,56,46,11,13,31,11,1,0,6,3,0
2,0,5,26,38,44,58,82,95,80,113,82,59,53,41,33,12,29,21,14,11,10,5,3
0,0,0,13,50,90,102,111,82,115,131,128,121,60,54,36,5,11,13,11,10,1,6,0
0,1,4,22,62,67,69,105,100,101,114,117,134,124,102,102,12,10,7,6,2,9,0,0
0,0,5,18,34,53,103,93,84,97,124,119,121,123,121,102,39,4,5,0,0,1,0,0
0,0,0,14,46,50,61,104,123,130,127,108,109,113,100,95,28,12,12,10,3,2,0,0
3,0,0,24,38,79,43,87,124,129,113,116,128,122,105,86,47,12,5,9,3,2,4,6
0,0,0,17,80,100,106,100,108,109,114,124,133,125,117,109,82,25,7,10,10,9,1,0
0,2,5,50,73,101,105,103,98,83,102,118,135,134,115,109,92,14,10,12,6,2,6,9
6,2,12,17,104,108,109,106,102,100,101,112,128,127,116,106,40,10,9,12,8,2,5,5
4,7,0,22,61,100,102,94,100,65,92,106,119,114,112,108,63,10,6,6,1,6,5,13
0,0,0,9,56,105,103,65,67,52,73,103,103,109,99,102,42,0,0,0,0,9,8,9
5,0,1,10,12,101,92,100,69,51,54,59,69,88,87,101,23,0,1,9,10,14,13,6
0,0,1,0,5,51,58,63,70,58,47,52,54,57,54,50,13,0,0,1,0,9,3,0
0,0,0,1,13,39,50,53,58,51,47,52,65,78,58,34,4,0,11,8,9,3,0,1
4,0,0,0,12,21,80,114,77,52,60,55,80,107,66,35,12,10,13,8,15,4,8,0
8,0,0,0,6,57,88,163,95,57,53,56,84,115,61,30,14,12,12,9,4,0,5,9
1,0,0,0,3,23,54,89,68,44,26,27,54,60,55,33,11,12,7,6,3,0,8,8
1,0,1,0,0,9,45,54,53,41,14,13,18,51,53,19,14,10,12,10,4,6,8,11
3,0,0,0,0,7,24,65,58,50,13,10,12,46,51,52,15,14,9,12,9,3,11,0
0,0,0,0,0,12,21,54,59,46,15,10,14,54,70,30,15,12,3,8,12,4,7,0
0,0,0,0,0,7,10,50,50,23,11,8,12,57,51,52,14,10,6,0,2,0,0,0
4,0,0,0,0,0,8,28,51,30,8,13,21,41,55,49,14,7,4,1,0,0,0,0
0,0,5,0,0,9,2,13,34,20,9,12,9,37,53,28,15,11,7,4,0,0,2,0
0,0,0,0,0,2,7,12,19,14,5,8,11,14,52,14,10,2,1,5,5,0,9,9
5,6,0,0,6,5,11,12,13,8,10,10,12,14,25,14,0,5,7,0,4,4,9,11
1,3,0,4,2,0,0,5,5,32,7,7,8,18,20,8,0,6,0,0,0,8,7,0
4,0,7,4,7,0,4,8,7,13,10,4,11,16,11,3,6,0,4,4,3,0,7,8

13,13,13,11,12,12,10,13,13,12,8,3,0,0,0,0,0,10,9,0,0,0,0,0
27,37,30,28,40,52,56,51,52,39,24,13,4,9,13,23,24,19,13,13,8,4,0,0
40,40,32,36,47,55,60,60,56,55,54,55,58,55,51,50,29,42,19,14,13,0,1,0
51,46,36,34,41,54,59,71,60,67,75,78,71,60,53,53,52,35,40,19,10,9,5,0
56,52,50,50,55,51,56,59,71,66,64,63,68,54,54,57,59,58,36,33,14,4,0,4
54,51,41,45,47,46,29,50,57,51,40,34,37,32,40,38,45,28,13,19,8,0,0,0
8,3,7,3,4,7,5,11,26,9,54,64,73,74,53,33,12,13,9,5,10,0,0,3
0,2,6,10,50,55,66,69,59,59,83,106,94,78,57,24,39,37,46,13,6,0,3,0
0,0,0,8,46,57,71,85,82,78,98,120,123,100,58,11,7,7,6,14,12,7,0,0
0,0,8,12,34,66,97,104,89,81,113,131,136,122,68,9,7,8,13,12,33,13,10,9
0,0,11,19,51,67,110,116,100,99,142,135,137,113,70,22,7,2,4,7,14,50,21,10
0,0,4,19,56,71,103,131,117,115,150,148,114,109,66,39,11,0,8,14,8,49,36,4
2,0,0,12,64,104,129,122,104,107,123,143,129,105,55,3,8,4,6,21,37,38,19,3
0,0,0,2,50,80,101,108,102,104,104,112,114,101,14,2,0,0,0,10,5,0,0,0
0,0,3,14,30,50,55,72,71,59,76,63,99,92,38,10,14,11,26,5,1,0,0,0
4,0,0,0,2,60,57,89,75,61,64,65,74,71,50,15,59,64,13,1,1,0,1,0
5,0,4,6,15,55,80,101,68,71,79,69,70,56,46,11,14,31,11,1,0,6,3,0
2,0,5,25,38,44,58,82,95,80,113,82,59,52,42,33,12,29,21,14,11,10,5,3
0,0,0,13,50,91,102,111,82,115,131,128,121,59,54,37,5,11,13,11,10,1,6,0
0,1,4,21,62,67,69,105,100,101,114,117,135,124,102,102,12,10,7,7,2,9,0,0
0,0,6,18,34,53,103,93,83,97,124,119,121,123,122,102,40,4,5,0,0,1,0,0
0,0,0,14,46,50,61,104,122,130,127,108,109,113,100,95,27,12,12,10,3,2,0,0
3,0,0,24,38,79,43,87,124,129,113,116,127,122,105,86,47,12,5,9,3,3,4,6
0,0,0,16,80,100,106,100,108,109,114,124,133,125,117,109,80,26,7,10,10,9,1,0
0,2,5,50,73,101,105,103,100,84,102,118,135,134,116,109,93,14,10,12,6,2,6,9
6,2,12,17,104,108,109,106,102,100,101,112,128,127,116,106,39,10,9,12,8,2,5,5
4,7,0,24,61,100,102,94,100,66,92,106,119,114,112,108,63,10,6,6,1,6,5,13
0,0,0,9,56,105,103,64,67,52,72,103,103,109,99,102,42,0,0,0,0,9,8,9
5,0,1,10,13,101,92,100,69,51,54,59,69,89,87,101,26,0,1,9,10,14,13,6
0,0,2,0,5,51,58,63,70,57,47,52,54,57,54,50,13,0,0,1,0,9,3,0
0,0,0,1,13,39,50,53,58,51,47,52,65,78,58,34,5,0,11,8,9,3,0,1
4,0,0,0,12,21,80,114,76,52,61,55,80,107,66,35,12,10,13,8,15,4,8,0
8,0,0,0,6,57,88,163,95,57,53,56,84,115,61,30,14,12,12,9,4,0,5,9
1,0,0,0,2,24,54,89,68,43,27,27,54,61,55,33,11,12,7,6,3,0,7,8
1,0,1,0,0,9,47,54,53,41,14,13,18,51,53,19,14,10,12,10,4,6,8,11
3,0,0,0,0,7,24,65,58,50,13,10,12,46,51,52,15,14,9,12,9,3,11,0
0,0,0,0,0,12,21,54,58,47,14,10,15,54,70,30,14,12,3,8,13,4,8,0
0,0,0,0,0,7,9,50,50,23,11,8,12,57,51,52,14,10,6,0,2,0,0,0
4,0,0,0,0,0,8,28,51,30,8,13,21,41,55,49,14,7,4,1,0,0,0,0
0,0,5,0,0,9,2,13,35,20,9,12,9,37,54,27,17,11,6,5,0,0,2,0
0,0,0,0,0,2,7,13,20,14,5,8,11,14,52,14,10,2,1,5,5,0,9,9
5,6,0,0,6,5,11,12,13,8,10,10,12,14,26,14,0,5,7,0,4,4,9,11
0,3,0,4,2,0,0,5,5,31,7,7,8,18,20,8,0,6,0,0,0,8,7,0
4,0,7,4,7,0,4,8,7,13,10,4,11,15,11,3,6,0,4,4,3,0,7,8

13,13,13,11,12,12,10,13,13,12,8,3,0,0,0,0,0,10,9,0,0,0,0,0
27,37,31,27,42,52,56,50,52,37,24,13,4,9,13,23,24,19,13,13,8,4,0,0
40,43,32,37,47,55,61,61,56,55,54,55,58,55,52,50,29,42,19,14,13,0,1,0
52,45,35,34,41,53,59,71,60,67,75,78,71,61,53,53,52,35,40,19,10,9,5,0
55,52,50,48,55,52,56,59,71,66,64,63,69,54,54,57,59,58,36,33,14,4,0,5
54,51,41,45,47,46,29,50,57,51,40,34,37,32,39,38,45,28,13,19,8,0,0,0
8,4,7,3,4,7,5,11,29,9,54,64,73,74,53,35,12,13,9,5,10,0,0,3
0,2,6,10,50,55,66,69,59,59,82,106,94,78,56,24,41,35,45,12,6,0,3,0
0,0,0,8,46,58,71,85,82,79,98,119,123,100,58,11,7,7,6,14,12,7,0,0
0,0,8,12,35,66,98,104,90,81,113,131,137,122,67,9,7,8,13,12,34,13,10,9
0,0,11,18,51,67,110,116,101,99,142,135,137,113,70,22,7,2,4,7,14,50,21,10
0,0,4,20,56,71,103,131,117,115,150,148,114,109,66,39,11,0,8,14,8,49,36,4
2,0,0,12,64,104,129,122,104,107,123,143,129,105,55,3,8,4,6,21,37,38,19,3
0,0,0,2,50,79,101,108,102,104,104,112,114,101,14,2,0,0,0,10,5,0,0,0
0,0,3,14,30,50,55,72,71,59,76,64,99,92,37,10,14,11,26,5,1,0,0,0
4,0,0,0,2,60,58,88,75,61,64,65,74,70,50,15,58,64,13,1,1,0,1,0
5,0,4,6,14,55,80,101,68,71,80,69,70,56,47,11,14,31,11,1,0,6,3,0
2,0,5,26,38,44,58,81,95,80,113,82,59,53,41,33,12,29,21,14,11,10,5,3
0,0,0,13,50,90,102,111,82,115,131,128,121,60,54,38,5,11,13,11,10,1,6,0
0,1,4,21,62,67,69,105,100,101,114,117,134,125,102,102,12,10,7,6,2,9,0,0
0,0,6,18,34,53,103,93,83,97,124,119,121,123,122,102,41,5,5,0,0,1,0,0
0,0,0,14,46,50,61,104,122,130,127,108,109,113,99,95,28,12,12,10,3,2,0,0
3,0,0,24,38,80,43,87,124,129,112,116,128,122,105,86,48,12,5,9,3,3,4,6
0,0,0,15,80,100,106,100,108,109,114,124,133,125,117,109,81,26,7,10,10,9,1,0
0,2,5,51,73,101,105,103,100,83,102,118,135,134,115,109,93,14,10,12,6,2,6,9
6,2,12,19,104,108,109,106,102,100,101,112,128,127,116,106,40,10,9,12,8,2,5,5
4,7,0,24,61,100,101,94,100,65,92,106,119,114,112,108,63,10,6,6,1,6,5,13
0,0,0,9,56,105,103,64,67,53,72,103,103,109,98,102,43,0,0,0,0,9,8,9
5,0,2,10,12,101,92,100,69,51,54,59,69,88,87,101,23,0,1,9,10,14,13,6
0,0,2,0,5,51,58,64,70,57,47,52,54,57,53,50,13,0,0,1,0,9,3,0
0,0,0,1,13,39,50,53,58,51,47,52,65,78,58,35,4,0,11,8,9,3,0,1
4,0,0,0,12,21,80,114,76,52,61,55,81,107,66,36,12,10,13,8,15,4,8,0
8,0,0,0,6,57,88,163,95,57,53,56,84,115,61,31,14,12,12,9,4,0,5,9
1,0,0,0,3,24,54,89,68,45,27,27,54,61,55,34,11,12,7,6,3,0,8,8
1,0,2,0,0,9,46,54,53,40,14,13,19,51,53,19,14,10,12,10,4,6,8,11
3,0,0,0,0,7,24,65,58,50,13,10,12,46,51,52,15,14,9,12,9,3,11,0
0,0,0,0,0,11,21,54,59,47,16,10,15,54,70,30,15,12,3,8,12,4,8,0
0,0,0,0,0,7,10,50,50,24,11,8,12,57,51,52,14,10,6,0,2,0,0,0
4,0,0,0,0,0,8,29,51,30,8,13,22,41,55,50,14,7,4,1,0,0,0,0
0,0,5,0,0,9,2,13,34,20,9,12,9,36,53,28,16,11,7,4,0,0,2,0
0,0,0,0,0,2,7,12,20,14,5,8,11,14,51,14,10,2,1,5,5,0,9,9
5,6,0,0,6,5,11,12,13,8,10,10,12,14,27,14,0,5,7,0,4,4,9,11
1,3,0,4,2,0,0,5,5,31,7,7,8,17,20,8,0,6,0,0,0,8,7,0
4,0,7,4,7,0,4,8,7,13,10,4,11,16,11,3,6,0,4,4,3,0,7,8

13,13,13,11,12,12,10,13,13,12,8,3,0,1,0,0,0,10,8,0,0,0,0,0
29,37,31,29,42,52,56,51,52,37,24,13,4,9,13,23,24,17,13,13,8,4,0,0
40,41,32,36,47,55,60,60,56,55,54,55,59,55,52,50,29,42,19,14,13,0,1,0
52,46,35,34,42,53,59,71,60,67,75,78,71,61,53,53,52,35,40,20,10,9,5,0
55,52,50,48,55,52,56,59,71,66,64,63,69,54,54,57,59,58,36,33,14,4,0,5
55,51,42,46,48,46,29,50,57,51,41,34,37,32,39,38,45,28,13,19,8,0,0,0
8,3,7,3,4,7,5,12,29,9,54,64,73,74,53,35,12,13,9,5,10,0,0,3
0,3,6,11,50,54,66,69,59,59,83,106,94,78,57,23,41,36,46,12,6,0,3,0
0,0,0,8,46,58,71,85,82,78,98,120,123,100,58,11,7,7,6,14,12,7,0,0
0,0,8,12,35,66,98,104,90,81,113,131,137,122,67,9,7,8,13,12,35,12,10,9
0,0,11,19,51,67,111,116,101,99,142,135,137,113,70,23,7,2,4,7,14,50,20,10
0,0,4,21,56,71,103,131,117,115,150,149,115,109,66,39,11,0,8,14,8,48,36,5
2,0,0,12,65,105,129,122,104,107,123,143,129,105,55,4,8,4,6,21,37,38,19,3
0,0,0,2,50,80,101,108,102,104,104,112,114,101,14,2,0,0,0,10,5,0,0,0
0,0,3,14,30,50,55,72,71,59,77,64,99,92,38,10,14,11,26,5,1,0,0,0
4,0,0,0,2,60,58,90,76,62,65,65,74,71,50,15,58,64,13,1,2,0,1,0
5,0,4,6,15,55,81,101,68,71,79,69,70,56,47,11,14,31,11,1,0,6,3,0
2,0,5,26,38,44,58,82,95,80,113,82,59,52,42,33,12,29,21,14,11,10,5,3
0,0,0,13,50,90,102,111,82,115,131,128,120,60,54,37,5,11,13,11,10,1,6,0
0,2,4,20,61,67,68,105,100,101,114,117,134,124,102,102,12,9,7,7,2,9,0,0
0,0,5,18,34,53,102,92,83,97,124,119,121,122,121,102,40,5,5,0,0,1,0,0
0,0,0,14,47,50,61,104,122,129,126,107,108,112,99,94,28,12,12,10,4,2,0,0
3,0,0,24,38,79,42,87,124,129,112,116,127,122,105,86,47,12,5,9,3,3,4,6
0,0,0,16,80,100,106,100,108,109,113,124,133,125,117,109,81,26,7,10,10,9,1,0
0,2,5,50,72,101,104,103,100,83,102,117,135,134,115,109,92,14,10,12,6,2,6,9
6,2,12,17,104,108,109,106,102,100,101,111,128,127,116,106,40,10,9,12,8,2,5,5
4,7,0,22,61,100,101,94,100,65,91,106,119,114,112,108,62,10,6,6,1,6,5,13
0,0,0,9,57,105,103,64,67,52,73,103,103,109,98,102,42,0,0,0,0,9,8,9
5,0,2,10,13,101,92,100,69,51,54,59,69,89,87,101,25,0,1,9,10,14,13,6
0,0,2,0,5,51,58,63,70,58,47,52,54,57,54,50,13,0,0,1,0,9,3,0
0,0,0,1,13,39,50,53,58,51,46,52,65,78,58,35,4,0,11,8,9,3,0,1
4,0,0,0,12,22,80,114,76,52,61,55,80,107,66,36,12,10,13,8,15,4,8,0
8,0,0,0,6,57,89,163,95,57,53,56,84,115,61,31,14,12,12,9,4,0,5,9
1,0,0,0,2,23,54,90,68,45,26,27,54,61,55,33,11,12,7,6,3,0,8,8
0,1,2,0,0,9,46,54,53,41,14,13,19,51,53,19,14,10,12,10,4,6,8,11
3,0,0,0,0,7,25,65,58,50,14,10,13,46,51,52,15,14,9,12,9,3,11,0
0,0,0,0,0,12,22,54,58,46,15,10,15,54,71,31,15,12,4,8,12,4,7,0
0,0,0,0,0,7,10,50,50,24,11,8,12,58,51,52,14,10,6,0,3,0,0,0
4,0,0,0,0,0,8,28,51,30,8,13,22,43,55,50,14,7,4,1,0,0,0,0
0,0,5,0,0,9,2,13,36,20,9,12,9,37,54,29,17,11,6,4,0,0,2,0
0,0,0,0,0,2,7,13,20,14,5,8,11,14,51,14,10,2,1,5,5,0,9,9
5,6,0,0,6,5,11,12,13,8,10,10,12,14,27,14,0,5,7,0,4,4,9,11
0,3,0,4,2,0,0,5,5,31,7,7,8,18,20,8,0,6,0,0,0,8,7,0
4,0,7,4,7,0,4,8,7,13,10,4,11,16,11,3,6,0,4,4,3,0,7,8

13,13,12,11,12,12,10,13,13,12,8,3,0,0,0,0,0,10,9,0,0,0,0,0
30,38,30,28,42,52,56,51,52,39,24,13,4,9,13,23,24,19,13,13,8,5,0,0
38,40,31,33,46,55,60,60,56,55,54,55,58,55,51,50,29,42,19,14,13,0,1,0
52,47,36,35,42,53,58,71,60,67,75,78,71,61,53,53,52,35,40,20,10,9,5,0
55,52,50,48,55,52,56,59,71,66,64,63,68,54,54,57,59,58,36,33,14,4,0,5
55,51,41,46,47,45,29,49,57,51,41,34,36,32,39,38,45,28,13,19,8,0,0,0
9,3,7,3,3,7,5,11,27,9,54,64,73,74,52,33,12,13,9,5,10,0,0,3
0,3,6,10,50,54,66,69,59,59,83,106,94,78,57,23,41,37,45,12,6,0,3,0
0,0,0,8,46,57,71,86,83,80,100,121,123,100,58,11,7,7,6,14,12,7,0,0
0,0,8,12,35,66,97,105,91,82,115,132,137,122,68,9,7,8,13,12,35,13,10,9
0,0,12,18,51,67,110,117,102,101,145,137,136,112,70,22,7,2,4,7,14,50,22,11
0,0,4,22,56,71,103,132,119,117,153,150,114,109,65,39,11,1,8,14,8,49,37,5
2,0,0,12,62,104,128,125,107,110,125,143,129,105,53,3,8,5,6,21,37,38,18,3
0,1,0,2,48,77,101,109,103,106,106,113,113,101,14,2,0,0,0,10,5,0,0,0
0,0,3,13,25,50,55,74,72,60,80,65,97,88,31,10,14,11,25,4,1,0,0,0
5,0,0,0,0,55,57,91,77,62,65,65,73,69,36,15,58,64,13,1,2,0,1,0
6,0,4,6,13,53,79,102,69,73,81,69,69,56,41,11,14,30,11,1,0,6,3,0
2,0,4,25,38,44,58,83,97,82,115,83,59,52,41,32,13,29,22,14,11,10,6,3
0,0,0,12,50,90,102,112,83,116,132,128,122,60,53,36,5,11,13,11,10,1,6,0
0,1,4,18,61,66,69,105,101,102,115,117,135,123,101,102,12,9,7,7,2,9,1,0
0,0,5,16,33,52,103,93,84,97,124,119,121,122,121,102,40,5,5,0,0,1,0,0
0,0,0,13,45,49,60,104,123,130,126,107,108,112,98,94,27,12,12,10,4,2,0,0
3,0,0,23,37,77,42,86,124,129,112,115,127,122,105,85,47,12,5,9,3,3,4,6
0,0,0,15,80,100,106,100,108,109,113,124,132,125,117,109,81,25,7,10,10,9,1,0
0,2,5,51,71,101,105,103,100,83,102,117,134,134,115,109,93,14,10,12,6,2,6,9
6,2,12,17,104,108,109,106,102,100,101,111,128,127,116,106,40,10,9,12,8,2,5,5
4,7,0,22,59,100,101,94,100,65,91,105,119,114,111,108,62,10,6,6,1,6,5,13
0,0,0,9,57,105,103,65,67,52,72,103,103,109,98,102,41,0,0,0,0,9,8,9
6,0,2,10,12,101,92,100,69,51,54,59,69,88,86,101,23,0,1,9,10,14,13,6
1,0,2,0,5,51,59,63,70,58,47,52,54,57,53,50,13,0,0,1,0,9,3,0
0,0,0,1,13,39,50,53,58,51,46,52,65,78,58,34,4,0,11,8,9,3,0,1
4,0,0,0,12,21,80,114,76,52,61,55,80,107,66,36,12,10,13,8,15,4,8,0
8,0,0,0,6,57,89,163,95,57,53,56,84,115,61,30,14,12,12,9,4,0,5,9
1,0,0,0,3,24,54,90,68,44,27,28,54,61,55,33,11,12,7,6,2,0,8,9
0,0,2,0,0,9,46,54,53,41,14,13,18,51,53,19,14,10,12,10,4,6,8,11
3,0,0,0,0,7,25,65,58,50,13,10,12,47,51,52,15,14,9,12,9,3,11,0
0,0,0,0,0,11,21,54,58,47,16,10,14,54,70,30,15,12,3,8,13,4,7,0
0,0,0,0,0,8,10,50,50,25,11,8,12,58,51,52,14,10,6,0,3,0,0,0
4,0,0,0,0,0,8,29,51,30,8,13,22,42,55,50,14,7,4,1,0,0,0,0
0,0,6,0,0,9,2,14,35,21,9,12,9,36,53,29,16,11,7,5,0,0,2,0
0,0,0,0,0,2,7,12,20,14,5,8,11,14,51,14,10,2,1,5,5,0,9,9
5,6,0,0,6,5,11,12,13,8,10,10,12,14,27,14,0,5,7,0,4,4,9,11
1,3,0,4,2,0,0,5,5,31,7,7,9,18,20,8,0,6,0,0,0,8,7,0
4,0,7,4,7,0,4,8,7,13,10,4,11,16,11,3,6,0,4,4,3,0,7,8

13,13,12,11,12,12,10,13,13,12,8,3,0,0,0,0,0,10,9,0,0,0,0,0
30,38,31,29,42,52,56,51,52,37,24,13,4,9,12,23,24,17,13,13,8,5,0,0
40,40,31,35,47,55,60,60,56,55,54,54,58,55,51,50,29,42,17,14,13,0,1,0
52,47,35,34,42,53,58,71,60,67,75,78,71,60,53,53,52,35,40,21,10,9,5,0
55,52,50,50,55,51,56,59,71,66,64,63,68,54,54,57,59,58,36,33,14,4,0,5
54,51,42,45,48,46,29,50,57,51,40,34,36,31,39,38,44,29,13,19,8,0,0,0
9,3,7,3,4,7,5,12,27,9,54,64,73,74,53,34,12,13,9,5,10,0,0,3
0,3,6,11,50,55,66,69,59,59,83,106,94,78,56,23,41,36,46,12,6,0,3,0
0,0,0,8,46,58,71,86,82,79,99,120,123,100,58,11,7,7,6,14,12,7,0,0
0,0,8,12,35,66,98,105,91,82,115,132,137,122,67,9,7,8,13,12,35,13,10,9
0,0,12,19,51,67,111,117,102,101,144,137,137,113,70,23,7,2,4,7,14,50,21,10
0,0,4,22,56,71,104,132,118,116,152,150,115,109,66,39,11,1,8,14,8,49,36,5
2,0,0,12,64,104,129,123,105,109,124,143,129,105,54,3,9,4,6,21,37,38,18,3
0,1,0,2,50,78,101,108,103,105,105,113,113,101,14,2,0,0,0,10,5,0,0,0
0,0,3,14,27,50,55,73,72,60,78,65,98,90,34,10,14,11,25,5,1,0,0,0
4,0,0,0,1,56,57,90,76,62,65,65,73,70,43,15,58,64,13,1,1,0,1,0
5,0,4,6,14,54,79,101,68,72,80,69,69,56,43,11,14,30,11,1,0,6,3,0
2,0,5,25,38,44,57,82,96,81,114,82,59,53,42,32,13,29,21,14,11,10,5,3
0,0,0,13,50,89,102,111,83,115,132,128,121,60,54,37,5,11,13,11,10,1,6,0
0,2,4,20,61,66,69,105,100,101,115,117,135,124,101,102,12,10,7,7,2,9,1,0
0,0,5,17,34,52,103,93,84,97,124,119,121,122,121,102,40,5,5,0,0,1,0,0
0,0,0,14,45,49,61,104,123,130,127,108,108,112,99,94,28,12,12,10,4,2,0,0
3,0,0,24,37,78,42,86,124,129,112,116,127,122,105,86,47,12,5,9,3,3,4,6
0,0,0,15,80,100,106,100,108,109,113,124,133,125,117,109,81,26,7,10,10,9,1,0
0,2,5,50,73,101,105,103,98,83,102,117,134,134,115,109,93,14,10,12,6,2,6,9
6,2,12,19,104,108,109,106,102,100,101,111,128,127,116,106,41,10,9,12,8,2,5,5
4,7,0,24,62,100,101,96,100,65,91,106,119,114,112,108,63,10,6,6,1,6,5,13
0,0,0,9,57,105,103,65,67,52,73,103,103,109,98,102,42,0,0,0,0,9,8,9
6,0,2,10,12,101,92,100,69,52,54,59,69,88,87,101,25,0,1,9,10,14,13,6
1,0,2,0,5,52,58,63,70,58,47,52,54,57,54,50,13,0,0,1,0,9,3,0
0,0,0,1,13,39,50,53,58,51,47,52,65,78,58,34,5,0,11,8,9,3,0,1
4,0,0,0,12,21,80,114,76,53,61,55,81,107,66,36,12,10,13,8,15,4,8,0
8,0,0,0,6,57,89,164,95,57,53,56,84,115,61,30,14,12,12,9,4,0,5,9
1,0,0,0,3,25,54,90,69,45,27,27,54,60,55,33,11,12,7,6,3,0,8,8
1,0,2,0,0,9,46,54,53,41,14,13,18,51,53,19,14,10,12,10,4,6,8,11
3,0,0,0,0,7,25,65,58,50,14,10,12,46,51,52,15,14,9,12,9,3,11,0
0,0,0,0,0,12,22,54,58,48,15,10,15,54,70,30,15,12,3,8,12,4,8,0
0,0,0,0,0,8,10,50,50,24,11,8,12,57,51,52,14,10,6,0,3,0,0,0
4,0,0,0,0,0,9,28,51,31,9,13,21,43,55,48,14,7,4,1,0,0,0,0
0,0,5,0,0,9,2,14,35,20,9,12,9,36,53,28,16,11,7,5,0,0,2,0
0,0,0,0,0,2,7,12,20,14,5,8,11,14,51,14,10,2,1,5,5,0,9,9
5,6,0,0,6,5,11,12,13,8,10,10,12,14,26,14,0,5,7,0,4,4,9,11
1,3,0,4,2,0,0,5,5,31,7,7,9,18,20,8,0,6,0,0,0,8,7,0
4,0,7,4,7,0,4,8,7,13,10,4,11,15,11,3,6,0,4,4,3,0,7,8

31,30,15,13,13,12,10,12,12,11,6,0,0,0,0,0,0,10,8,0,0,0,0,0
51,50,40,33,37,50,51,35,37,19,14,12,2,9,13,23,25,19,13,13,9,4,0,0
50,45,29,33,40,50,58,55,54,53,52,54,57,58,52,50,29,42,19,14,14,0,3,0
46,42,33,30,37,50,56,64,56,61,71,77,72,62,54,54,53,35,41,22,10,9,5,0
52,51,43,34,50,38,53,56,65,63,61,63,70,56,56,61,61,59,36,34,14,4,0,6
44,45,32,35,34,36,14,30,50,39,37,35,38,38,53,54,60,40,14,22,8,0,0,0
8,3,6,3,3,4,0,2,11,10,59,70,72,71,53,51,53,58,10,6,10,0,0,3
0,5,6,10,36,44,54,11,18,57,92,119,96,74,53,20,50,50,50,11,5,0,4,0
0,0,0,6,34,53,59,60,69,73,112,142,125,78,50,7,7,9,7,13,11,7,0,0
1,0,9,11,32,59,68,67,73,88,130,166,123,86,48,8,8,9,14,13,29,10,9,8
0,2,12,14,50,63,92,100,100,116,152,157,124,87,59,14,9,4,6,8,13,32,11,8
0,0,5,16,54,66,93,121,111,123,157,149,106,90,55,20,9,2,8,16,7,15,13,2
1,0,0,10,59,101,113,114,104,109,130,142,119,102,12,4,9,0,7,25,19,11,10,2
0,0,0,4,38,63,89,108,102,103,104,111,108,95,11,0,1,0,0,10,0,0,0,0
0,0,0,8,14,50,56,75,72,60,78,67,94,83,26,16,27,45,51,5,1,0,0,0
5,1,0,0,0,33,56,88,76,62,64,64,72,67,16,40,102,122,28,6,4,0,1,0
6,0,7,9,13,50,76,100,68,72,80,68,68,56,38,11,47,52,14,4,0,5,3,0
2,0,3,20,35,43,56,81,95,80,115,83,62,56,44,35,14,32,28,17,12,12,4,3
0,0,0,11,31,83,101,111,83,115,132,129,131,65,61,59,9,14,17,10,11,0,3,0
0,1,4,12,47,60,69,105,101,102,115,119,148,190,130,110,37,11,7,3,4,7,0,0
0,0,3,13,25,50,103,96,87,102,127,126,135,145,143,113,78,9,0,0,0,0,0,0
0,0,0,12,30,44,60,105,125,136,134,120,128,132,127,122,43,16,12,10,3,2,0,0
5,0,0,15,33,73,41,91,128,133,117,125,139,132,114,105,77,18,6,9,1,0,4,6
0,0,0,12,71,97,106,100,109,111,116,130,140,132,123,113,100,45,8,10,10,8,0,0
0,3,6,14,63,101,104,103,100,83,103,120,139,140,121,113,102,18,8,10,6,0,5,9
6,2,12,13,103,107,109,106,102,98,101,113,131,132,121,109,58,12,10,9,7,2,3,5
4,8,0,15,54,99,101,93,98,68,90,106,122,118,117,112,77,11,8,6,0,5,4,13
0,0,0,8,43,104,103,64,67,55,69,103,104,112,102,106,57,1,0,1,0,10,7,8
5,0,4,10,9,100,91,100,68,51,54,58,70,95,98,104,43,2,4,13,9,14,13,6
1,0,2,0,2,43,58,63,70,57,47,52,54,59,57,55,17,0,0,0,0,8,6,0
0,0,0,0,13,34,50,53,59,51,45,50,64,81,62,40,9,0,12,7,4,2,0,3
4,0,0,0,12,17,76,114,80,54,61,53,78,110,75,46,13,9,13,5,14,3,8,0
9,0,0,0,6,55,80,159,98,58,53,55,74,112,66,34,14,11,12,9,3,0,5,9
1,0,0,0,3,23,52,85,68,46,24,20,51,59,55,35,10,11,5,7,3,0,8,8
1,1,3,0,0,9,38,52,54,44,14,12,15,50,53,21,13,9,11,11,5,8,8,11
3,0,0,0,0,7,18,61,58,50,13,9,10,35,51,53,14,14,9,11,9,4,11,0
0,0,0,0,0,11,14,53,59,45,14,10,14,52,70,31,14,11,3,8,12,4,8,0
0,0,0,0,0,7,9,39,50,22,11,8,11,52,50,52,13,9,5,0,3,0,0,0
4,0,0,0,0,0,8,20,50,27,8,13,21,36,54,45,14,7,4,1,0,0,0,0
0,0,5,0,0,9,2,12,20,17,8,12,8,24,52,21,14,11,6,4,0,0,3,0
0,0,0,0,1,2,6,12,15,13,5,8,11,13,38,13,9,2,1,4,5,0,9,9
5,6,0,0,7,5,10,12,12,5,9,10,11,13,15,13,0,5,7,0,4,4,9,11
0,3,0,4,2,0,0,4,4,20,6,7,8,14,17,7,0,6,0,0,0,8,7,0
4,0,6,4,7,0,4,7,7,12,9,4,10,14,10,2,6,0,5,4,3,0,7,8

50,52,43,14,14,12,8,8,9,9,0,1,0,2,0,0,0,9,8,2,0,0,0,0
55,54,41,39,37,43,41,13,13,12,11,7,4,9,13,22,21,14,13,12,10,4,0,0
47,37,25,28,34,43,51,43,51,50,52,54,55,55,51,45,27,35,13,12,12,0,3,1
19,34,30,25,31,39,49,53,52,56,70,78,73,60,52,51,50,32,31,13,6,8,5,0
27,40,26,14,21,13,47,53,54,55,58,62,73,54,53,53,53,51,29,23,11,0,0,9
6,21,14,13,12,13,11,16,36,39,43,34,35,30,35,31,22,11,10,8,4,0,2,3
3,1,4,0,0,1,0,5,53,62,76,65,52,19,13,13,10,4,0,3,10,0,0,4
0,5,5,5,11,6,11,30,67,92,121,105,55,50,12,13,29,8,10,0,0,0,8,0
0,0,1,14,53,53,53,56,82,123,146,129,63,50,13,7,9,8,0,4,7,7,0,0
0,1,11,50,59,65,59,64,92,133,161,141,67,24,8,8,7,7,13,9,10,0,10,9
0,5,14,36,62,83,97,101,116,148,180,135,77,58,14,12,10,3,10,11,7,7,7,5
0,0,8,50,65,92,98,117,121,145,163,133,74,60,14,10,5,3,4,12,0,11,9,0
0,0,3,39,103,111,110,112,104,117,135,129,106,79,6,3,6,0,12,15,3,0,1,0
0,0,0,13,64,78,95,108,102,103,105,106,103,76,11,0,0,6,1,6,0,0,0,0
0,0,0,11,50,51,57,77,71,60,76,64,91,77,13,14,47,43,22,1,3,0,0,0
5,0,0,0,4,64,58,89,74,62,64,64,70,65,25,52,108,104,23,7,3,0,1,0
5,0,7,9,14,56,80,101,67,72,80,68,69,55,44,11,51,50,13,6,0,6,4,0
2,1,2,20,36,44,57,81,94,81,115,83,62,57,44,36,14,31,28,16,12,12,5,4
0,0,0,10,35,84,101,111,82,115,132,130,127,66,64,60,14,12,14,10,11,1,5,0
0,1,3,11,51,59,68,105,101,102,116,119,144,168,135,111,34,11,7,5,5,8,0,0
0,0,3,12,26,50,102,94,85,101,127,124,133,144,143,114,75,8,0,0,0,1,0,0
0,0,0,12,31,43,59,104,124,134,133,118,125,131,124,120,42,15,12,11,3,2,0,0
5,0,0,14,35,72,41,88,126,132,117,123,137,130,113,103,71,20,8,10,2,0,4,6
0,0,0,13,73,98,106,100,109,111,116,128,139,131,122,113,100,40,9,11,10,9,1,0
0,2,5,19,65,101,104,103,100,84,103,120,138,139,120,112,102,18,9,11,6,1,6,10
7,3,12,13,103,107,109,106,102,100,101,112,130,131,120,108,55,11,9,9,9,2,4,5
4,8,0,15,57,100,101,94,100,68,92,106,121,117,115,111,73,11,7,6,0,6,4,13
0,0,0,8,51,104,103,64,67,55,71,103,104,111,101,105,53,1,0,1,0,10,8,9
6,0,3,10,10,101,91,100,69,52,54,58,70,93,94,103,37,0,4,11,9,14,13,6
1,0,2,0,3,50,58,63,70,58,47,52,54,58,56,53,15,0,0,1,0,8,5,0
0,0,0,0,13,36,50,53,59,51,46,51,65,80,61,39,7,0,11,7,6,3,0,3
4,0,0,0,13,19,77,114,79,53,61,54,79,111,73,43,12,10,14,5,14,4,8,0
9,0,0,0,6,56,83,161,97,58,54,56,81,119,66,35,14,11,12,9,4,0,5,9
1,0,0,0,3,23,52,87,68,45,25,24,53,61,55,33,11,11,6,7,3,0,8,8
1,1,3,0,0,9,42,53,53,41,14,13,17,50,52,18,13,10,12,10,4,7,8,11
3,0,0,0,0,7,22,63,58,50,13,9,10,40,50,51,14,14,9,11,9,3,11,0
0,0,0,0,0,11,15,53,58,46,14,10,14,53,69,29,13,11,3,8,12,4,8,0
0,0,0,0,0,8,9,46,50,25,10,7,11,54,50,51,12,9,5,0,3,0,0,0
4,0,0,0,0,0,8,25,50,28,8,13,20,37,53,41,13,7,4,1,0,0,0,0
0,0,5,0,0,8,2,13,26,18,9,12,8,27,51,16,14,11,6,4,0,0,3,0
0,0,0,0,0,1,6,12,17,14,5,8,11,13,32,12,8,1,1,4,5,0,9,9
5,6,0,0,6,5,11,12,13,7,10,10,11,13,14,13,0,5,7,0,4,4,9,11
0,3,0,4,2,0,0,5,6,24,7,7,7,14,16,7,0,6,0,0,0,8,7,0
4,0,7,5,7,0,4,7,7,12,9,4,10,14,9,2,6,0,5,4,3,0,7,8

51,53,50,21,14,13,9,6,9,8,0,0,0,1,0,0,0,9,8,2,1,0,0,0
58,58,47,44,39,43,42,14,14,12,10,4,3,9,13,21,21,14,13,12,11,6,0,0
52,43,27,30,34,40,48,36,51,48,50,53,53,53,51,40,26,34,13,12,12,0,4,1
18,33,29,23,27,29,38,46,50,54,68,75,69,58,51,50,48,31,28,13,6,8,5,0
14,29,14,11,12,9,13,50,46,51,55,59,67,53,52,51,52,49,28,23,10,0,0,9
6,12,13,13,10,9,9,14,28,36,38,27,26,23,29,25,18,11,10,5,4,0,3,3
6,0,3,0,0,0,0,5,44,56,66,57,35,13,12,13,11,4,0,3,10,0,0,4
0,5,0,5,14,5,9,45,65,80,105,87,50,46,14,14,25,10,11,0,0,0,8,0
0,0,0,12,52,45,46,55,81,112,119,93,53,50,31,8,10,8,0,0,5,5,0,0
0,0,11,43,56,58,55,61,90,121,125,91,55,29,14,10,7,9,11,6,8,0,10,9
2,9,13,38,58,78,92,96,113,133,136,84,58,56,43,18,11,9,9,10,4,6,7,6
0,0,11,52,68,86,96,108,121,133,126,84,58,56,44,14,4,2,0,1,0,10,11,1
0,0,3,70,106,102,111,112,105,116,118,82,82,52,12,11,8,0,6,0,0,0,2,1
0,0,0,30,54,64,100,113,101,99,102,89,89,40,8,3,3,9,6,7,0,0,0,0
0,0,2,9,33,51,59,89,73,61,71,57,43,34,13,20,73,58,43,10,8,0,0,0
4,0,0,0,0,60,59,92,77,61,62,61,63,56,36,67,149,138,42,13,7,1,2,0
3,0,5,8,14,55,82,101,67,72,80,67,69,53,32,11,63,56,31,9,0,6,6,0
1,4,3,16,35,44,57,82,94,81,117,84,69,65,47,37,14,32,39,19,13,12,6,7
0,0,0,9,32,84,101,111,83,116,135,133,144,113,80,61,16,12,16,11,10,0,5,0
0,0,4,12,51,60,69,106,101,105,119,124,177,235,142,115,36,10,8,7,7,7,0,0
0,0,1,13,26,50,103,100,91,108,133,135,155,168,164,123,81,8,0,0,0,0,0,0
0,0,0,12,32,46,63,108,128,143,144,135,144,148,143,136,48,21,12,11,4,2,0,0
5,0,0,15,34,75,41,95,131,137,123,135,149,139,121,111,75,24,11,12,5,2,3,5
0,0,0,13,73,96,106,100,110,113,119,135,147,139,128,115,100,38,10,12,11,9,2,0
0,3,6,14,66,101,104,103,100,86,103,124,144,145,126,115,102,17,9,11,6,0,6,9
6,2,12,13,103,107,109,106,102,100,101,113,133,135,124,111,55,12,9,8,9,3,4,5
4,8,0,15,57,99,102,93,98,68,89,106,122,119,119,112,70,11,8,7,1,6,3,12
0,0,0,8,50,104,103,65,67,55,68,103,105,112,103,105,51,2,0,1,0,10,7,8
5,0,3,9,10,101,91,100,69,51,53,58,70,94,95,103,33,3,3,13,8,14,13,7
1,0,2,0,3,50,58,63,70,57,46,51,54,58,55,53,14,0,0,0,0,6,7,1
0,0,0,0,13,36,50,53,59,51,45,50,65,81,62,37,11,0,12,7,4,4,0,5
4,0,0,0,13,21,80,117,82,54,61,53,81,123,85,50,14,8,14,6,14,7,9,0
9,0,0,0,6,55,81,162,98,57,53,54,66,102,66,35,14,11,12,9,3,0,8,9
1,0,0,0,3,23,52,85,67,43,23,17,48,56,55,34,10,11,5,8,3,1,8,9
1,1,3,0,0,9,41,53,53,37,14,12,14,38,53,22,13,9,11,11,5,9,8,11
4,0,0,0,0,8,22,63,57,41,12,9,10,31,51,55,14,14,9,11,9,4,11,0
0,0,0,0,0,11,14,53,58,36,13,11,14,51,70,32,14,11,3,8,12,4,8,0
0,0,0,0,0,8,9,46,50,13,9,7,9,45,48,52,13,8,6,0,3,0,0,0
3,0,0,0,0,0,8,22,50,14,6,12,18,28,53,47,13,7,4,1,0,0,0,0
0,0,5,0,0,8,2,12,24,14,10,13,7,17,51,21,14,11,6,5,0,0,3,0
0,0,0,0,0,1,5,11,14,13,6,9,10,12,30,12,8,1,1,4,5,0,9,9
5,6,0,0,6,5,10,12,12,3,9,10,11,13,15,13,0,5,7,0,3,4,10,11
0,3,0,4,1,0,0,4,3,14,6,6,7,14,17,7,0,6,0,0,0,8,7,0
4,0,6,5,7,0,3,7,6,11,8,3,10,14,10,2,6,0,5,4,3,0,7,8

24,49,26,14,14,12,8,5,8,6,0,0,0,2,0,0,0,10,8,0,0,0,0,0
50,51,37,40,46,50,47,14,13,11,13,9,7,10,13,22,19,14,12,12,9,7,0,0
18,22,28,37,48,51,53,14,51,51,53,57,64,58,51,40,26,34,13,12,11,0,5,2
11,32,29,30,38,51,44,59,54,61,75,87,80,61,51,50,48,30,26,12,3,8,5,0
0,25,24,15,21,17,47,53,56,57,60,63,76,54,52,51,51,39,25,17,11,0,0,9
0,6,10,13,11,12,13,31,43,49,54,36,33,23,33,26,13,9,8,2,2,0,0,3
0,0,0,0,3,7,4,12,78,80,86,67,33,11,5,9,11,4,0,1,7,0,1,5
0,4,11,15,54,52,55,65,94,113,128,92,14,1,0,9,37,10,10,0,0,0,9,0
0,0,22,56,64,61,56,69,113,132,140,117,56,14,1,2,7,8,0,6,7,4,0,0
0,7,39,62,81,81,70,77,119,130,146,137,70,7,2,6,6,8,18,11,11,0,8,8
2,2,25,56,98,108,97,102,130,147,153,117,85,41,12,6,6,3,14,18,6,5,6,4
0,0,12,59,101,115,112,121,136,142,141,113,78,60,4,4,0,0,0,9,0,9,9,0
0,1,7,51,106,120,119,111,112,116,128,119,108,72,0,2,8,0,25,15,0,0,0,0
0,4,2,13,73,104,101,110,103,104,102,104,102,67,8,0,2,13,12,7,0,0,0,0
0,2,3,14,51,53,58,79,73,61,72,57,77,67,8,12,50,32,14,5,8,0,0,0
6,0,0,0,10,73,58,90,75,63,63,61,67,63,30,51,100,100,18,9,4,0,1,0
7,1,8,7,24,57,82,101,66,73,80,66,68,53,36,10,53,50,13,7,0,7,5,0
3,1,3,18,38,44,57,82,95,81,115,82,62,55,42,34,14,31,29,16,12,12,6,5
0,0,0,9,37,84,101,111,83,115,132,129,125,63,59,53,14,12,14,10,11,2,8,0
0,1,2,11,53,60,68,105,101,102,115,118,141,140,119,107,26,11,8,7,4,9,1,0
0,0,2,12,27,50,102,92,85,100,126,122,129,135,135,109,63,7,0,0,0,2,0,0
0,0,0,12,34,44,58,103,123,133,132,115,120,125,117,114,37,15,12,11,5,2,0,0
4,0,0,14,36,72,40,86,125,131,115,121,135,128,111,101,64,17,8,11,4,3,4,6
0,0,0,13,77,98,106,100,108,110,115,128,138,130,121,112,97,40,9,11,10,9,2,0
0,2,5,29,66,101,104,103,100,83,102,119,138,138,120,111,101,20,10,12,6,2,6,10
7,3,12,14,103,107,109,106,102,100,101,112,130,130,119,108,53,11,9,10,10,3,5,5
4,8,0,15,59,98,101,95,100,68,92,106,120,116,114,110,68,11,7,7,2,6,5,13
0,0,0,8,54,104,103,64,68,55,72,103,104,110,101,104,52,1,0,1,0,9,8,9
6,0,2,10,11,101,91,100,70,52,54,59,69,91,91,102,33,0,3,9,9,14,13,6
2,0,1,0,3,51,58,63,71,59,47,52,54,58,54,52,14,0,0,0,0,9,4,0
0,0,0,0,13,38,50,53,59,51,46,51,65,79,60,38,6,0,11,7,7,2,0,2
4,0,0,0,13,22,77,114,79,54,61,54,80,113,75,42,12,10,14,4,14,6,8,0
9,0,0,0,6,56,86,165,100,58,53,55,80,115,66,37,14,11,12,9,4,0,6,9
1,0,0,0,2,25,53,90,70,48,26,24,53,61,56,35,11,11,6,7,3,0,8,9
1,1,2,0,0,9,44,54,54,43,14,13,17,51,53,21,14,10,11,10,4,7,8,10
3,0,0,0,0,8,24,64,58,50,13,10,11,44,51,53,16,14,9,11,9,3,11,0
0,0,0,0,0,11,16,54,59,47,14,10,14,53,72,32,14,11,3,8,12,4,7,0
0,0,0,0,0,8,9,48,50,24,10,7,11,56,51,52,14,9,6,0,3,0,0,0
4,0,0,0,0,0,8,25,51,30,7,12,20,40,55,50,14,7,4,1,0,0,0,0
0,0,5,0,0,9,1,13,33,19,11,13,8,30,53,29,17,11,6,4,0,0,2,0
0,0,0,0,0,1,6,12,18,14,7,9,10,14,51,14,9,1,0,4,5,0,9,9
5,6,0,0,6,5,10,12,13,8,10,10,12,14,25,13,0,5,6,0,4,4,10,11
0,3,0,4,2,0,0,4,4,26,7,6,8,18,19,7,0,6,0,0,0,8,7,0
4,0,7,5,7,0,4,7,7,12,9,4,11,16,11,3,6,0,4,4,3,0,7,8

14,37,16,14,14,13,9,6,8,5,0,0,0,0,0,0,0,9,9,1,0,0,0,0
39,50,40,43,50,52,51,17,14,10,13,9,6,10,13,23,21,14,13,13,11,7,0,0
22,30,33,45,51,54,56,28,52,51,54,58,66,58,52,45,27,36,13,13,12,0,5,1
12,35,32,33,41,53,51,62,55,62,75,87,81,61,51,50,50,31,28,13,4,7,5,0
0,34,34,27,38,34,51,54,58,58,60,62,76,55,53,51,52,44,28,21,8,0,0,8
1,6,12,19,13,14,15,35,45,50,56,38,35,24,36,29,14,8,9,1,1,0,0,0
0,0,2,2,5,7,6,12,79,80,88,69,51,12,7,12,12,5,0,1,8,0,0,4
0,5,13,40,56,53,56,66,94,113,126,92,49,10,0,11,46,13,12,0,1,0,7,0
0,0,28,57,63,61,58,70,115,131,136,112,56,27,5,5,9,10,1,9,8,2,0,0
0,8,41,61,80,82,73,77,121,130,141,128,68,10,5,8,6,9,28,13,12,0,6,6
1,2,28,57,97,109,101,104,132,148,151,109,80,46,20,10,8,5,20,32,8,6,6,4
0,0,13,61,102,118,116,122,135,143,143,111,75,57,9,7,0,0,1,11,0,10,9,0
0,1,8,63,108,122,119,111,111,117,131,119,106,56,0,4,10,0,28,16,0,0,0,1
0,3,0,13,76,103,101,110,103,104,102,104,102,60,7,0,2,13,12,7,0,0,0,0
0,2,3,15,52,54,58,81,73,61,72,58,73,60,8,12,50,30,13,5,8,0,0,0
5,0,0,0,12,77,59,91,75,62,63,61,68,62,30,52,95,91,14,8,3,0,1,0
7,1,8,9,34,58,84,102,66,72,80,66,68,53,35,11,53,46,12,6,0,7,5,0
3,0,4,24,39,45,58,83,95,81,114,81,61,54,42,34,14,30,26,15,11,11,5,4
0,0,0,11,45,87,102,112,83,115,132,128,123,62,57,50,13,11,13,10,11,2,7,0
0,1,2,13,56,62,68,105,101,101,114,117,138,135,112,105,14,10,8,7,4,9,1,0
0,0,3,13,29,51,102,92,84,99,125,121,126,131,130,107,58,7,0,0,0,2,0,0
0,0,0,12,38,45,59,103,123,132,130,112,116,121,112,110,35,14,12,11,4,2,0,0
3,0,0,16,36,73,41,85,125,130,115,120,132,126,109,100,61,15,7,11,4,3,4,6
0,0,0,13,77,98,106,100,108,110,115,127,136,129,120,111,94,37,8,11,10,9,2,0
0,2,5,33,68,101,104,103,100,83,102,119,137,137,119,111,101,18,10,12,6,2,6,10
6,3,12,14,103,107,109,106,102,100,101,112,129,129,118,108,52,11,9,10,10,3,5,5
4,7,0,17,59,99,102,94,100,68,91,106,120,116,114,109,68,10,7,7,1,6,5,13
0,0,0,8,55,105,103,64,68,55,72,103,104,110,100,104,51,1,0,1,0,9,8,9
6,0,2,10,12,101,91,100,69,52,54,59,69,90,90,101,31,0,3,9,9,14,13,6
2,0,1,0,4,51,58,63,71,58,46,52,54,58,54,52,14,0,0,0,0,9,4,0
0,0,0,0,13,38,50,53,59,51,46,51,65,79,60,38,6,0,11,7,7,2,0,2
4,0,0,0,13,21,78,114,79,54,61,54,80,113,73,41,12,10,14,4,14,6,8,0
9,0,0,0,6,57,86,166,100,58,53,56,80,115,65,36,14,11,12,9,4,0,6,9
1,0,0,0,2,26,53,91,71,47,26,24,53,61,56,37,11,11,7,7,3,0,8,9
1,1,2,0,0,9,45,54,54,43,14,13,17,51,54,21,14,10,12,10,4,6,8,10
3,0,0,0,0,8,24,64,58,50,13,10,11,44,51,53,17,14,9,11,9,3,11,0
0,0,0,0,0,11,17,54,59,49,14,10,14,53,72,32,14,12,3,8,12,4,7,0
0,0,0,0,0,8,10,49,50,25,10,8,12,56,51,53,14,9,6,0,3,0,0,0
4,0,0,0,0,0,8,26,51,30,8,13,20,40,55,50,14,8,4,1,0,0,0,0
0,0,5,0,0,9,1,13,33,20,11,14,8,28,53,30,16,11,6,4,0,0,2,0
0,0,0,0,0,1,6,12,18,14,7,9,11,14,52,14,9,1,0,4,5,0,9,9
5,6,0,0,6,5,11,12,13,8,10,10,12,14,26,14,0,5,7,0,4,4,9,11
1,3,0,4,2,0,0,4,4,26,7,7,9,17,20,7,0,6,0,0,0,8,7,0
4,0,7,5,7,0,4,8,7,12,10,4,11,15,11,3,6,0,5,4,3,0,7,8

15,37,18,14,14,13,9,7,9,6,0,0,0,0,0,0,0,9,9,1,0,0,0,0
38,50,41,44,50,52,51,17,14,10,13,9,6,10,13,23,21,14,13,13,11,7,0,0
23,31,37,47,51,54,57,32,53,51,54,58,67,58,52,45,27,35,13,13,12,0,4,1
12,36,32,34,42,53,51,62,55,62,75,88,81,61,52,50,50,31,28,13,5,7,4,0
1,36,35,29,41,36,51,55,59,58,60,63,76,55,53,51,52,46,28,22,8,0,0,8
2,7,12,21,14,14,16,35,46,50,56,38,35,24,36,30,14,8,10,1,1,0,0,0
0,0,2,3,5,7,6,13,79,81,87,69,51,13,8,12,12,5,0,1,8,0,1,4
0,6,14,45,56,53,56,66,94,113,125,91,50,11,1,11,48,14,12,0,1,0,7,0
0,0,32,57,63,61,58,71,115,131,135,111,57,31,6,6,9,10,1,9,8,2,0,0
0,9,41,61,79,82,73,78,122,130,141,127,67,11,6,8,7,9,28,13,12,0,6,6
2,3,29,56,97,110,102,104,134,149,151,108,79,50,24,11,8,5,22,32,8,6,6,4
0,0,13,61,102,118,117,122,135,144,143,110,74,57,10,7,0,0,1,11,0,10,9,0
0,2,8,64,108,122,119,111,110,117,132,119,106,55,0,4,10,0,28,16,0,0,1,1
0,3,0,13,76,103,101,110,103,103,102,104,102,60,7,0,2,13,12,7,0,0,0,0
0,2,4,17,52,54,58,80,73,61,72,58,76,62,8,12,49,29,13,4,8,0,0,0
5,0,0,0,12,78,59,91,75,62,63,61,68,63,31,52,93,88,14,8,3,0,1,0
7,2,8,9,37,59,85,102,67,72,80,66,68,53,36,11,53,46,12,6,0,7,5,0
3,1,4,25,39,45,58,83,95,81,114,81,60,54,42,34,14,30,26,15,11,11,5,4
0,0,0,11,47,87,102,112,83,115,131,128,123,62,57,50,13,11,13,10,11,2,7,0
0,1,2,13,55,61,68,105,100,101,114,117,138,135,111,105,14,10,8,7,4,9,1,0
0,0,2,13,29,50,102,92,84,98,125,120,125,131,130,107,57,7,0,0,0,1,0,0
0,0,0,12,38,44,58,103,122,131,129,111,115,120,112,110,35,14,12,11,4,2,0,0
3,0,0,16,37,72,40,85,125,130,114,119,132,126,109,100,61,15,7,11,4,2,4,6
0,0,0,13,76,97,106,100,108,110,114,127,136,129,120,111,93,36,8,11,10,9,2,0
0,2,5,35,68,101,104,103,100,83,102,119,137,137,119,111,101,18,10,12,6,2,6,10
6,3,12,14,103,107,108,106,102,100,101,112,129,129,118,107,52,11,9,10,10,3,5,5
4,8,0,16,59,99,101,94,100,68,91,106,120,116,114,109,67,11,7,7,1,6,5,13
0,0,0,8,55,104,103,64,67,55,70,103,103,110,100,104,51,1,0,1,0,9,8,9
6,0,2,10,12,101,91,100,69,52,54,59,69,90,91,101,32,0,3,9,9,14,13,6
2,0,1,0,4,51,58,63,70,59,47,52,54,58,54,52,14,0,0,0,0,9,4,0
0,0,0,0,13,38,50,53,59,51,46,51,65,79,60,38,6,0,11,7,7,2,0,2
4,0,0,0,13,21,77,114,79,54,60,54,80,112,73,43,12,10,14,4,14,5,8,0
9,0,0,0,6,57,86,166,100,58,53,56,80,115,65,37,14,11,12,9,4,0,6,9
1,0,0,0,2,24,53,91,71,47,25,24,53,60,56,37,11,11,7,7,3,0,8,9
1,1,2,0,0,9,45,54,54,44,14,13,18,51,54,22,14,10,12,10,4,6,8,10
3,0,0,0,0,8,25,64,59,50,13,10,11,44,51,54,17,14,9,11,9,3,11,0
0,0,0,0,0,11,18,54,59,49,15,10,14,53,72,32,16,12,3,8,12,4,7,0
0,0,0,0,0,8,10,48,50,25,10,8,12,56,51,52,14,9,6,0,3,0,0,0
5,0,0,0,0,0,8,26,51,32,8,13,20,40,55,50,14,8,4,1,0,0,0,0
0,0,6,0,0,9,1,13,31,20,11,14,8,30,53,29,16,11,6,4,0,0,2,0
0,0,0,0,0,2,6,12,19,14,7,10,11,14,51,14,9,2,0,4,5,0,9,9
5,6,0,0,6,5,11,12,13,8,10,10,12,14,25,14,0,5,7,0,4,4,10,11
1,3,0,4,2,0,0,5,5,27,7,7,9,18,20,8,0,6,0,0,0,8,7,0
4,0,7,5,7,0,4,8,7,13,10,4,11,15,11,3,6,0,5,4,3,0,7,7

16,37,18,14,14,13,9,8,9,6,0,0,0,0,0,0,0,9,8,1,0,0,0,0
41,50,40,44,50,52,51,18,14,10,13,9,6,10,13,23,21,14,13,13,11,7,0,0
22,34,39,48,52,55,57,35,53,51,54,58,68,58,52,46,27,36,13,13,12,0,4,1
13,36,32,34,42,53,52,63,55,63,74,88,81,61,51,50,50,31,28,13,5,7,4,0
2,36,37,31,43,39,51,55,59,58,60,63,76,55,53,51,52,45,28,21,8,0,0,8
2,8,13,22,14,14,17,36,46,50,56,37,36,25,37,30,15,8,10,1,1,0,0,0
0,0,2,3,5,7,6,13,79,80,86,69,51,13,8,12,12,5,0,1,8,0,0,4
0,6,14,50,57,53,56,66,94,113,125,90,50,11,2,11,48,14,12,0,1,0,7,0
0,0,36,57,63,61,58,72,116,132,135,110,56,33,6,7,10,10,1,9,8,2,0,0
0,10,43,62,79,83,74,79,122,131,141,127,67,11,7,8,7,9,27,13,12,0,6,6
2,3,30,57,98,111,102,104,134,149,151,108,79,50,27,11,8,5,23,32,8,6,6,4
0,0,13,62,102,119,118,122,135,144,143,111,75,57,10,8,1,0,1,11,0,10,9,0
0,2,9,64,108,123,120,111,110,117,132,119,106,57,0,4,10,0,29,16,0,0,1,1
0,3,0,13,77,103,102,110,102,103,102,104,102,63,7,0,2,13,12,7,0,0,0,0
0,3,4,20,52,54,58,80,73,60,72,59,77,63,8,12,49,28,12,4,8,0,0,0
6,0,0,0,13,79,59,91,75,62,63,61,68,64,34,52,93,87,14,8,3,0,1,0
7,2,8,9,38,60,85,102,67,72,79,66,68,53,36,11,52,46,12,6,0,7,5,0
3,1,4,26,39,45,58,83,95,81,114,81,60,54,42,34,14,30,25,15,11,11,5,4
0,0,0,11,47,88,102,112,83,115,131,128,123,62,57,51,13,11,13,10,11,2,7,0
0,1,2,13,56,61,68,105,100,101,114,117,138,135,111,105,14,10,8,7,4,9,1,0
0,0,2,13,29,51,102,91,84,98,125,120,125,131,130,107,57,7,0,0,0,1,0,0
0,0,0,12,38,43,58,102,122,131,129,111,115,120,111,110,35,14,12,10,4,2,0,0
3,0,0,15,36,72,41,85,124,130,114,119,132,126,109,100,62,15,7,11,4,2,4,6
0,0,0,13,77,98,106,100,108,110,114,126,136,128,120,111,94,37,8,11,10,9,2,0
0,2,5,33,68,101,104,103,100,83,102,119,137,137,119,111,101,18,10,12,6,2,6,10
6,3,12,14,103,107,109,106,102,100,101,112,129,129,118,107,53,11,9,10,10,3,5,5
4,8,0,16,60,98,101,93,100,68,91,106,120,116,114,109,68,11,7,7,1,6,5,13
0,0,0,8,56,104,103,64,68,54,72,103,103,110,100,103,52,1,0,0,0,9,8,9
6,0,2,10,12,101,91,100,70,52,54,59,69,90,91,101,32,0,3,9,9,14,13,6
2,0,1,0,4,51,58,63,71,59,47,52,54,57,54,52,14,0,0,0,0,9,4,0
0,0,0,0,13,38,50,53,59,51,46,51,65,79,60,38,6,0,11,7,7,2,0,2
4,0,0,0,13,22,77,114,79,54,61,54,80,113,73,43,12,10,14,3,14,5,8,0
9,0,0,0,6,57,86,166,100,58,53,56,80,115,65,36,14,11,12,9,4,0,6,9
1,0,0,0,2,25,53,91,71,47,26,24,53,61,56,37,11,11,7,7,3,0,8,9
1,1,2,0,0,9,44,54,54,43,14,13,18,51,54,21,14,10,12,10,4,6,8,10
3,0,0,0,0,8,25,64,59,50,14,10,11,43,52,54,17,14,9,11,9,3,11,0
0,0,0,0,0,11,17,54,59,48,16,10,14,53,72,32,16,12,3,8,12,4,7,0
0,0,0,0,0,8,10,48,50,26,10,8,12,56,51,53,14,9,6,0,3,0,0,0
4,0,0,0,0,0,9,25,51,32,8,13,20,40,55,50,14,8,4,1,0,0,0,0
0,0,6,0,0,9,2,13,33,20,11,14,8,30,53,30,17,11,6,4,0,0,2,0
0,0,0,0,0,2,6,12,19,14,7,10,11,14,52,14,9,2,0,4,5,0,9,9
5,6,0,0,6,5,11,12,13,8,10,10,12,14,26,14,0,5,7,0,4,4,10,11
0,3,0,4,2,0,0,5,5,26,7,7,9,18,20,8,0,6,0,0,0,8,7,0
4,0,7,5,7,0,4,8,7,13,10,4,11,16,11,3,6,0,5,4,3,0,7,8

15,36,18,14,14,13,9,8,9,6,0,0,0,0,0,0,0,9,8,1,0,0,0,0
41,51,42,45,50,52,52,21,14,10,13,9,6,10,13,23,21,14,12,12,11,7,0,0
22,33,39,48,52,55,58,37,53,51,54,58,66,58,52,44,27,36,13,13,12,0,4,1
13,37,32,35,42,53,53,64,55,63,75,88,82,61,52,50,50,31,27,13,4,7,4,0
2,39,39,32,43,39,51,55,59,58,60,63,77,55,53,51,52,45,28,21,8,0,0,8
3,8,13,24,14,14,18,36,46,50,56,37,36,25,37,30,15,8,10,1,1,0,0,0
0,0,3,3,5,7,6,13,79,80,86,68,51,13,8,12,12,5,0,1,8,0,1,4
0,7,15,50,57,53,57,67,94,113,125,90,50,12,2,11,50,14,12,0,1,0,7,0
0,0,36,57,63,61,58,72,116,131,135,109,56,33,6,7,10,10,1,9,8,2,0,0
0,10,44,62,79,83,74,80,122,131,141,126,67,12,7,8,7,9,29,13,12,0,6,6
2,4,30,56,97,111,102,105,134,149,151,108,79,50,29,11,8,5,23,33,8,6,6,4
0,0,13,62,102,119,119,122,135,145,143,110,74,57,10,8,1,0,1,11,0,10,9,0
0,3,9,64,108,122,120,111,110,117,133,119,106,56,0,4,10,0,29,16,0,0,1,1
0,3,1,13,77,103,102,110,103,103,103,104,102,63,8,0,2,13,12,8,0,0,0,0
0,3,4,23,52,54,58,81,73,61,72,58,76,64,8,12,49,28,12,4,8,0,0,0
6,0,0,0,13,79,59,91,75,62,63,61,68,64,35,52,93,87,14,8,2,0,1,0
7,2,8,9,39,60,85,102,67,72,80,66,68,53,37,11,52,46,12,6,0,6,5,0
3,1,5,26,39,45,59,83,95,81,114,81,60,54,42,35,14,30,25,15,11,11,5,4
0,0,0,11,47,87,102,112,83,115,131,128,122,61,56,50,13,11,13,10,11,2,7,0
0,1,2,13,56,61,68,105,100,101,114,117,137,134,111,105,14,10,8,7,3,9,1,0
0,0,2,13,29,51,102,92,84,98,125,120,125,130,129,106,57,7,0,0,0,1,0,0
0,0,0,12,38,44,58,102,122,131,129,111,115,120,111,109,35,14,12,11,4,2,0,0
3,0,0,15,37,72,40,84,124,130,114,119,132,126,109,100,61,14,7,11,4,2,4,6
0,0,0,13,76,98,106,100,108,110,114,126,136,128,120,111,95,36,8,11,10,9,2,0
0,2,5,33,67,101,104,103,100,81,102,119,137,137,119,111,101,17,10,12,6,2,6,10
6,3,12,14,103,107,109,106,102,100,101,112,129,129,118,107,53,11,9,10,10,3,5,5
4,7,0,16,58,98,101,93,100,68,91,106,120,115,114,109,68,11,7,7,1,6,5,13
0,0,0,8,55,104,103,64,67,55,72,103,103,110,100,103,52,1,0,1,0,9,8,9
6,0,2,10,11,101,91,100,69,52,53,59,69,90,90,101,31,0,3,9,9,14,13,6
2,0,1,0,4,51,58,63,71,59,47,52,54,57,54,52,14,0,0,0,0,9,4,0
0,0,0,0,13,38,50,53,59,51,46,51,65,79,60,38,6,0,11,7,7,2,0,2
4,0,0,0,13,21,77,114,79,54,61,54,80,112,73,43,12,10,14,3,14,5,8,0
9,0,0,0,6,57,86,166,100,58,53,56,80,115,65,37,14,11,12,9,4,0,6,9
1,0,0,0,2,25,53,91,71,48,26,24,53,61,56,37,11,11,7,7,3,0,8,9
0,1,2,0,0,9,44,54,54,42,14,13,18,51,54,22,14,10,12,10,4,6,8,10
3,0,0,0,0,8,26,64,59,50,14,10,11,44,51,54,17,14,9,11,9,3,11,0
0,0,0,0,0,11,17,54,59,48,15,10,15,53,72,32,15,12,3,8,12,4,7,0
0,0,0,0,0,8,10,49,50,26,11,8,12,57,51,52,14,10,6,0,3,0,0,0
4,0,0,0,0,0,8,26,51,31,8,13,21,39,55,50,14,8,4,1,0,0,0,0
0,0,6,0,0,9,2,13,33,21,11,14,8,34,53,30,19,11,6,4,0,0,2,0
0,0,0,0,0,2,6,12,19,14,7,10,11,14,51,14,9,2,0,4,5,0,9,9
6,7,0,0,7,5,11,12,13,8,10,10,12,14,26,14,0,6,7,0,4,4,10,11
0,3,0,4,2,0,0,5,5,27,7,7,9,18,20,8,0,6,0,0,0,8,7,0
4,0,7,5,7,0,4,8,7,13,10,4,11,17,11,3,6,0,5,4,3,0,7,8

15,37,18,14,14,13,9,8,9,6,0,0,0,0,0,0,0,9,8,1,0,0,0,0
43,51,43,47,50,52,52,21,14,10,13,9,7,10,13,23,21,14,12,12,11,7,0,0
25,33,39,48,52,55,58,37,53,52,54,58,67,58,52,45,27,36,13,13,12,0,4,1
13,37,33,35,43,53,53,64,55,63,75,89,82,62,51,50,50,31,27,13,4,7,4,0
3,37,37,32,43,40,51,55,59,58,60,62,77,55,53,52,52,45,28,21,8,0,0,8
3,9,13,24,14,14,19,36,46,50,56,37,37,26,37,30,15,8,10,0,1,0,0,0
0,0,3,3,5,7,6,13,79,80,86,68,51,13,9,12,12,5,0,1,8,0,0,4
0,7,16,50,57,54,57,67,94,113,124,89,50,12,2,11,50,14,12,0,1,0,7,0
0,0,37,57,63,61,58,72,116,131,134,109,56,36,7,7,10,10,1,9,8,2,0,0
0,10,43,61,79,83,74,80,123,131,141,125,67,12,7,9,7,9,29,13,12,0,6,6
3,4,30,56,97,110,102,105,135,149,151,108,79,51,31,11,9,5,23,34,8,6,6,4
0,0,14,62,102,119,119,123,135,145,144,110,74,57,11,8,1,0,2,11,0,10,9,0
0,3,9,64,108,123,120,111,110,117,133,118,106,55,0,5,10,0,29,17,0,0,1,1
0,4,1,13,77,104,102,110,103,103,103,104,102,63,7,0,2,13,12,8,0,0,0,0
0,3,4,21,52,54,58,81,73,61,72,58,75,61,8,12,49,28,12,4,8,0,0,0
6,0,0,0,13,79,59,93,75,62,63,61,68,63,34,52,92,86,14,8,2,0,1,0
7,2,8,9,36,59,86,102,67,72,80,66,68,53,35,11,52,44,12,6,0,6,5,0
3,1,5,26,39,45,59,84,95,81,114,81,60,54,42,34,14,30,25,14,11,11,5,4
0,0,0,11,47,87,102,112,83,115,131,128,123,61,56,50,13,11,13,10,11,2,7,0
0,1,2,13,56,62,68,105,100,101,114,117,137,134,110,105,14,10,8,7,4,9,1,0
0,0,2,13,29,51,102,91,83,98,124,120,124,130,129,106,56,7,0,0,0,1,0,0
0,0,0,12,38,44,58,102,122,131,129,111,114,119,111,109,35,14,12,10,4,2,0,0
3,0,0,15,37,71,40,84,124,130,114,119,131,126,109,98,61,14,7,11,4,2,4,6
0,0,0,13,77,97,105,100,108,109,114,126,136,128,120,111,95,36,8,11,10,9,2,0
0,2,5,35,67,101,104,103,100,81,102,119,137,137,119,111,101,18,10,12,6,2,6,10
6,3,12,14,103,107,109,106,102,100,101,112,129,129,118,107,53,11,9,10,10,3,5,5
4,8,0,16,59,98,101,93,100,68,90,106,120,115,114,109,67,11,7,7,1,6,5,13
0,0,0,8,55,104,103,64,68,55,71,103,103,110,100,103,52,1,0,0,0,9,8,9
6,0,2,10,12,101,91,100,69,52,54,58,69,90,90,101,32,0,3,9,9,14,13,6
2,0,1,0,4,51,58,63,71,59,47,52,54,58,54,52,14,0,0,0,0,9,4,0
0,0,0,0,13,38,50,53,59,51,46,51,65,79,60,38,6,0,11,7,7,2,0,2
4,0,0,0,13,22,77,114,79,54,61,54,80,112,73,43,12,10,14,3,14,5,8,0
9,0,0,0,6,57,87,166,100,58,53,56,80,114,65,36,14,11,12,9,4,0,6,9
1,0,0,0,2,25,53,91,71,47,26,24,53,61,56,37,11,11,7,7,3,0,8,9
1,1,2,0,0,9,45,54,54,44,14,13,17,51,54,21,14,10,11,10,4,6,8,10
3,0,0,0,0,8,25,64,59,50,14,10,11,44,52,54,18,14,9,11,9,3,11,0
0,0,0,0,0,11,19,54,59,48,15,10,15,53,72,32,16,12,4,8,12,4,7,0
0,0,0,0,0,8,10,48,50,26,11,8,12,56,51,53,14,10,6,0,3,0,0,0
4,0,0,0,0,0,8,26,51,32,8,13,21,40,55,50,14,8,4,1,0,0,0,0
0,0,6,0,0,9,2,13,34,21,11,14,8,33,53,30,17,11,6,4,0,0,2,0
0,0,0,0,1,2,6,12,19,14,7,10,11,14,51,14,9,2,0,4,5,0,9,9
6,7,0,0,7,5,11,12,13,8,10,10,12,14,27,14,0,6,7,0,4,4,10,11
1,3,0,4,2,0,0,5,5,27,7,7,9,18,21,8,0,6,0,0,0,8,7,0
4,0,7,5,7,0,4,8,7,13,10,4,11,17,11,3,6,0,5,4,3,0,7,8
0,0,0,0,0,8,10,0,0,0,1,0,4,8,12,14,13,11,13,12,11,12,13,13
0,0,2,6,13,13,19,25,23,13,9,3,13,24,41,53,51,58,53,43,28,30,38,26
0,0,0,13,14,17,42,29,50,52,55,58,54,54,54,56,60,60,55,44,33,29,38,33
0,4,8,9,20,40,35,52,53,53,61,71,78,74,66,59,70,59,53,41,33,35,44,51
3,0,1,13,33,36,59,59,58,54,54,69,63,63,65,69,59,55,51,54,45,50,52,55
0,0,0,8,20,13,27,47,39,41,34,40,36,40,50,56,47,23,42,45,43,41,51,53
3,0,0,10,5,9,13,12,28,53,78,78,67,54,8,14,9,5,7,3,3,6,3,6
0,3,0,6,13,43,32,31,15,57,82,99,109,84,59,58,67,65,54,34,7,2,0,0
0,0,7,12,13,5,6,4,9,58,103,125,120,98,76,78,79,67,57,33,4,0,0,0
7,8,12,31,12,13,7,7,8,65,120,134,130,112,79,85,96,89,64,28,9,2,0,0
9,14,48,13,6,3,1,6,13,68,108,129,128,135,93,93,110,103,65,50,14,7,0,0
3,31,48,7,14,8,0,9,32,65,106,110,142,136,107,112,124,100,69,55,13,0,0,0
2,17,35,36,19,6,3,6,3,54,105,130,135,115,105,103,114,118,104,68,10,0,0,0
0,0,0,4,10,0,0,0,2,14,102,112,107,103,104,102,108,90,68,43,1,0,0,0
0,0,0,0,4,23,10,14,8,41,97,90,60,75,59,72,73,56,51,37,12,0,0,0
0,0,0,0,0,12,65,57,13,52,71,73,64,64,62,77,91,58,63,4,0,0,0,3
0,2,5,0,1,10,29,12,11,46,56,70,69,80,72,69,102,84,57,23,7,4,0,5
3,5,9,11,14,22,29,12,31,41,53,60,83,114,81,97,84,59,45,38,24,4,0,2
0,5,0,10,11,13,10,4,31,53,59,122,129,132,116,84,112,103,92,47,12,0,0,0
0,0,8,1,6,6,10,11,101,101,123,135,119,116,103,101,106,70,67,60,14,3,1,0
0,0,0,0,0,5,3,35,102,122,123,123,121,126,100,87,97,103,53,33,15,4,0,0
0,0,2,3,9,12,11,27,96,101,114,112,110,129,133,124,106,62,50,45,13,0,0,0
6,4,1,2,9,5,12,47,87,106,124,130,118,114,131,126,89,42,80,37,22,0,0,2
0,1,9,10,10,7,25,80,109,118,127,135,127,115,110,109,100,106,100,81,14,0,0,0
9,6,3,6,12,10,14,90,109,117,135,137,120,103,84,97,103,105,101,72,45,5,2,0
5,5,2,8,12,9,10,38,106,117,128,129,113,101,98,102,106,109,108,104,14,12,2,6
13,5,6,0,5,6,10,60,108,113,115,120,107,92,62,100,94,102,100,59,17,0,6,3
9,8,9,0,0,0,0,40,103,100,110,104,103,73,51,69,65,103,105,56,8,0,0,0
6,13,14,9,8,1,0,21,101,88,90,70,59,54,51,69,100,92,101,12,9,0,0,4
0,3,9,0,1,0,0,12,51,54,58,55,52,47,57,70,64,59,51,4,0,0,0,0
1,0,3,8,7,11,0,4,34,58,79,65,52,46,51,58,53,50,39,13,0,0,0,0
0,8,4,15,8,13,10,12,35,66,105,79,55,60,53,77,114,80,21,12,0,0,0,3
8,5,0,4,9,12,12,14,30,61,115,83,56,53,57,95,161,89,57,6,0,0,0,8
8,7,0,3,6,7,11,11,33,55,60,54,26,25,44,68,89,54,22,2,0,0,0,0
10,8,7,4,10,11,10,14,18,52,51,18,12,14,38,53,54,43,8,0,0,0,0,0
0,11,3,9,11,9,14,14,51,51,45,11,10,13,49,57,64,20,4,0,0,0,0,2
0,7,4,12,8,3,11,14,30,69,53,14,10,14,44,58,54,17,11,0,0,0,0,0
0,0,0,2,0,5,10,13,52,51,56,12,7,10,21,50,50,9,7,0,0,0,0,0
0,0,0,0,1,4,7,14,48,55,41,21,11,7,27,50,25,7,0,0,0,0,0,3
0,2,0,0,4,6,11,15,26,53,33,9,10,8,17,29,13,0,8,0,0,4,0,0
9,9,0,5,4,0,1,9,13,51,14,11,7,4,14,18,12,6,1,0,0,0,0,0
11,9,4,4,0,6,5,0,14,24,14,12,10,10,7,13,12,10,4,5,0,0,6,5
0,7,7,0,0,0,6,0,7,19,17,8,7,7,26,3,3,0,0,1,4,0,2,0
8,7,0,3,4,4,0,6,3,11,14,11,4,10,12,6,7,3,0,7,3,6,0,4

0,0,0,0,0,8,10,0,0,0,1,0,4,8,12,14,13,11,13,12,11,13,13,13
0,0,2,7,13,13,19,24,24,13,9,4,13,24,37,53,51,56,53,42,27,30,36,24
0,0,0,13,14,19,42,29,50,52,55,57,54,54,55,56,60,61,55,47,32,29,40,36
0,4,8,9,19,40,35,53,53,53,61,71,78,75,66,60,71,59,54,41,33,35,45,51
3,0,2,13,33,36,59,59,58,54,54,69,63,63,66,70,59,55,51,54,46,50,52,55
0,0,0,8,20,13,28,47,39,41,34,40,35,40,51,56,48,24,43,45,43,41,51,53
3,0,0,10,5,9,13,12,29,53,77,77,66,54,8,14,10,5,7,3,3,6,3,6
0,3,0,6,13,44,34,31,16,57,82,98,107,83,59,58,67,65,54,37,7,2,0,0
0,0,7,12,13,5,6,4,9,58,102,124,119,97,77,79,81,68,57,36,4,0,0,0
8,8,12,32,12,13,7,7,8,65,120,134,130,112,80,87,99,91,65,28,10,3,0,0
10,15,47,13,6,3,1,6,14,69,109,129,128,135,93,95,111,104,65,50,14,7,0,0
3,32,48,7,14,8,0,10,32,65,106,110,143,138,107,112,125,100,69,55,13,0,0,0
2,18,36,36,19,6,3,7,3,55,105,130,136,115,105,102,114,120,104,67,11,0,0,0
0,0,0,5,10,0,0,0,2,14,101,113,107,103,104,102,107,89,70,44,1,0,0,0
0,0,0,1,4,24,10,14,8,42,96,91,60,75,59,71,72,55,51,36,12,0,0,0
0,0,0,0,0,12,65,58,14,52,71,73,64,64,61,76,90,58,62,3,0,0,0,3
0,2,5,0,1,10,29,12,11,46,56,70,69,79,72,69,102,83,57,22,7,4,0,4
3,5,10,11,14,21,29,12,32,41,53,60,82,113,80,96,83,59,45,38,25,4,0,1
0,5,0,10,11,13,10,4,32,54,60,121,129,132,115,83,112,102,91,47,12,0,0,0
0,0,8,1,6,6,10,11,101,102,124,135,118,116,102,101,105,69,68,60,15,4,1,0
0,0,0,0,0,5,4,35,102,122,124,123,121,126,100,87,97,103,53,33,16,4,0,0
0,0,2,3,9,12,11,27,96,102,114,112,110,129,132,125,105,63,51,45,13,0,0,0
6,4,1,2,9,5,12,47,87,106,124,130,118,114,131,126,89,43,80,38,23,0,0,2
0,1,9,10,10,7,25,80,109,118,126,135,126,115,110,109,100,107,100,81,14,0,0,0
9,6,3,6,12,10,14,91,109,117,135,136,120,103,83,97,103,105,101,73,47,5,2,0
5,5,2,8,12,9,10,38,107,116,128,129,113,101,98,102,106,109,108,104,15,12,2,6
13,5,6,0,5,6,10,61,108,112,115,120,107,92,62,100,94,102,100,59,20,0,6,3
9,7,9,0,0,0,0,42,103,100,110,104,103,73,50,67,65,103,105,56,8,0,0,0
6,13,14,10,8,1,0,22,101,87,91,70,59,54,51,68,100,92,101,12,9,0,0,4
0,3,9,0,1,0,0,12,50,54,57,55,52,47,57,70,64,59,51,4,0,0,0,0
1,0,3,8,7,11,0,4,33,58,78,65,52,46,51,58,53,50,38,13,0,0,0,0
0,8,3,15,8,13,10,12,36,66,106,80,55,60,53,77,114,80,19,12,0,0,0,3
8,5,0,4,9,12,12,14,30,61,114,83,56,53,57,95,161,89,57,6,0,0,0,8
8,7,0,3,6,7,11,11,33,55,60,54,26,25,43,68,88,53,22,2,0,0,0,0
10,8,7,4,10,11,10,14,19,52,51,18,12,14,39,53,54,43,8,0,0,0,0,0
0,11,3,9,12,9,14,14,52,50,46,12,10,13,50,57,64,20,5,0,0,0,0,2
0,7,4,12,8,3,11,14,31,69,53,14,10,14,45,58,54,18,11,0,0,0,0,0
0,0,0,2,0,5,10,13,52,51,56,12,7,10,20,50,48,9,7,0,0,0,0,0
0,0,0,0,1,4,7,14,48,55,41,21,11,7,26,51,25,7,0,0,0,0,0,4
0,2,0,0,4,6,11,15,25,53,31,9,11,8,17,30,12,0,8,0,0,4,0,0
9,9,0,5,4,0,1,9,13,51,14,11,8,5,14,18,12,6,1,0,0,0,0,0
11,9,4,4,0,6,5,0,14,24,14,12,10,10,7,13,12,10,4,6,0,0,6,5
0,7,8,0,0,0,6,0,7,19,17,8,7,7,26,4,4,0,0,1,4,0,2,0
8,7,0,3,4,4,0,6,3,11,14,11,4,10,12,6,7,4,0,7,4,6,0,4

0,0,0,0,0,8,10,0,0,0,1,0,4,8,13,14,13,11,13,13,11,12,13,13
0,0,2,6,13,13,17,24,23,13,9,4,13,25,39,53,51,57,53,42,28,30,37,24
0,0,0,13,14,19,42,29,50,52,56,56,54,54,55,56,60,61,55,47,35,31,38,37
0,4,8,9,19,40,35,52,53,53,61,71,78,75,66,60,71,58,53,41,33,35,45,51
3,0,2,13,33,36,59,60,58,54,54,68,63,64,66,70,59,56,51,55,47,50,52,56
0,0,0,8,20,13,28,47,39,41,34,39,34,40,51,56,48,25,43,46,43,41,51,53
3,0,0,10,5,9,13,12,29,53,76,76,65,53,8,14,10,5,7,3,3,6,3,7
0,3,0,6,13,44,34,31,16,57,80,96,106,82,58,58,67,65,54,39,8,3,0,0
0,0,7,12,13,5,6,4,9,57,100,122,118,96,76,79,81,68,57,37,5,0,0,0
8,8,12,32,12,13,7,7,8,65,119,133,128,111,79,87,99,92,65,28,10,4,0,0
10,16,48,13,6,3,1,6,14,68,109,129,129,136,94,96,112,105,65,50,15,8,0,0
3,33,48,7,14,8,0,10,32,65,106,110,143,140,108,113,125,100,69,56,13,1,0,0
2,18,36,36,20,6,3,7,3,54,105,129,138,116,104,102,115,121,104,67,11,0,0,0
0,0,0,5,10,0,0,0,1,14,101,113,108,103,103,101,107,90,71,47,1,0,0,0
0,0,0,1,4,25,11,14,8,40,96,93,59,74,59,71,71,55,51,36,12,0,0,0
0,0,0,0,0,12,64,58,14,51,70,73,64,64,61,76,88,58,62,3,0,0,0,3
0,2,5,0,1,10,30,13,11,48,56,69,69,79,71,68,101,83,56,22,6,4,0,4
3,5,10,11,14,21,29,12,32,41,53,59,82,113,80,95,82,59,45,38,25,4,0,1
0,5,0,10,11,13,11,4,34,54,60,121,128,131,115,83,111,102,91,50,13,0,0,0
0,0,8,1,6,6,10,11,102,102,126,135,118,115,102,101,105,69,68,61,17,4,1,0
0,0,0,0,0,5,4,37,102,123,124,123,121,125,100,86,96,103,53,34,17,5,0,0
0,0,2,3,10,12,11,27,96,102,114,111,110,129,132,124,105,62,52,45,14,0,0,0
6,4,1,2,9,5,12,47,87,106,124,130,118,114,131,126,90,43,81,38,23,0,0,2
0,1,9,10,10,7,26,80,109,118,126,135,126,115,110,109,100,106,100,81,14,0,0,0
9,6,3,6,12,10,14,92,109,116,135,136,120,103,86,98,103,105,101,73,48,5,2,0
5,5,2,8,12,9,10,38,106,117,128,129,113,101,100,102,106,109,108,104,15,12,2,5
13,5,6,0,5,6,10,61,108,112,115,120,106,92,65,100,96,102,100,61,20,0,6,3
9,7,9,0,0,0,0,41,103,100,110,104,103,72,51,67,65,103,105,56,8,0,0,0
6,13,14,10,9,1,0,23,101,87,90,70,59,54,51,69,100,93,101,12,9,0,0,4
0,3,9,0,1,0,0,12,50,54,58,55,52,46,57,70,64,58,51,4,0,0,0,0
1,0,3,8,7,11,0,4,33,58,78,65,52,46,51,58,53,50,38,13,0,0,0,0
0,8,4,15,8,13,10,12,35,66,106,80,55,60,53,77,114,80,18,12,0,0,0,3
8,5,0,4,9,12,12,14,30,61,114,83,56,53,57,95,161,88,57,6,0,0,0,8
8,7,0,3,6,7,11,11,33,54,60,54,25,25,43,68,88,53,22,2,0,0,0,0
10,8,7,4,10,11,10,14,19,52,51,18,12,14,39,53,54,43,8,0,0,0,0,0
0,11,3,9,11,9,14,14,51,51,45,12,10,13,49,57,64,20,5,0,0,0,0,2
0,7,4,12,8,3,12,14,30,69,53,14,10,14,44,58,54,18,11,0,0,0,0,0
0,0,0,2,0,5,10,13,52,51,56,12,7,10,21,50,48,9,7,0,0,0,0,0
0,0,0,0,1,4,7,14,48,55,41,21,11,7,27,51,25,7,0,0,0,0,0,4
0,2,0,0,4,6,11,15,25,53,34,9,11,8,18,29,12,0,8,0,0,4,0,0
9,9,0,5,4,0,1,9,13,50,14,11,8,5,14,18,12,6,1,0,0,0,0,0
11,9,4,3,0,6,5,0,13,24,14,12,9,10,7,13,12,10,4,5,0,0,6,5
0,7,8,0,0,0,6,0,7,19,17,8,7,7,29,4,4,0,0,2,4,0,3,0
8,7,0,3,4,4,0,6,3,11,15,10,4,10,12,6,7,4,0,7,4,6,0,4

0,0,0,0,0,8,10,0,0,0,1,0,5,9,13,14,13,11,13,13,11,13,13,13
0,0,2,6,13,13,19,24,23,13,9,4,13,25,39,53,51,57,53,42,28,29,38,24
0,0,0,13,14,19,42,29,50,52,56,58,54,54,55,56,61,61,56,47,35,31,40,37
0,4,8,9,19,40,35,52,53,53,61,71,78,75,67,60,71,59,53,41,33,35,44,51
3,0,2,13,33,36,59,59,58,54,54,69,63,64,66,71,59,55,52,54,46,50,52,56
0,0,0,8,20,13,28,46,39,41,33,38,34,40,51,56,48,25,44,46,44,41,51,53
3,0,0,10,5,9,13,12,30,53,76,75,65,53,8,14,10,5,7,3,3,6,3,7
0,3,0,6,13,44,35,32,17,57,80,95,106,82,58,58,67,65,54,40,8,3,0,0
0,0,7,12,13,5,6,5,9,58,99,122,118,96,76,79,82,69,57,37,5,0,0,0
8,9,12,32,12,13,7,7,8,65,119,132,127,110,79,86,99,92,65,29,10,5,0,0
10,17,49,13,6,3,1,6,14,69,109,130,128,135,94,96,112,105,66,50,15,8,0,0
3,33,48,7,14,8,0,10,34,65,106,110,143,141,108,113,126,100,69,56,14,1,0,0
2,18,37,37,20,6,3,7,3,55,104,129,138,116,104,102,115,122,104,67,11,0,0,0
0,0,0,5,10,0,0,0,1,14,101,113,108,103,103,101,107,91,72,47,1,0,0,0
0,0,0,1,4,26,11,14,9,41,95,94,60,73,58,70,71,55,51,36,12,1,0,0
0,0,0,0,0,12,65,58,14,52,71,73,64,64,61,76,88,57,62,3,0,0,0,3
0,2,5,0,1,10,29,13,11,48,56,69,68,79,71,68,101,82,57,22,6,3,0,4
3,5,10,11,14,21,29,12,32,41,52,59,81,112,79,95,82,59,45,38,25,4,0,1
0,5,0,10,11,13,11,5,36,54,60,121,128,131,114,82,111,102,91,50,13,0,0,0
0,0,8,1,6,6,10,11,102,103,127,135,118,115,102,101,105,69,68,62,20,4,1,0
0,0,0,0,0,5,4,37,102,123,125,123,120,125,99,85,96,103,54,34,18,5,0,0
0,0,2,3,10,12,12,28,96,102,115,112,110,129,132,124,105,63,52,46,14,0,0,0
6,4,2,2,9,5,12,48,87,106,124,130,118,114,131,126,90,43,81,38,24,0,0,2
0,1,9,10,10,7,26,81,109,117,126,135,126,115,110,109,100,107,100,81,15,0,0,0
9,6,3,6,12,10,14,91,109,116,135,136,120,103,84,100,103,105,101,73,48,5,2,0
5,5,2,8,12,9,10,39,106,116,128,129,113,101,100,102,106,109,108,104,16,12,2,6
13,5,6,0,5,6,10,61,108,112,115,120,106,92,63,100,94,102,100,60,21,0,6,3
9,8,9,0,0,0,0,41,103,100,109,104,103,73,51,67,65,103,105,56,9,0,0,0
6,13,14,10,9,1,0,23,101,88,90,70,59,54,51,69,100,93,101,12,10,0,0,4
0,3,9,0,1,0,0,12,50,54,58,55,52,47,57,70,64,58,51,4,0,1,0,0
1,0,3,8,7,11,0,4,33,58,78,65,52,46,51,58,53,50,39,13,0,0,0,0
0,8,3,15,8,13,10,12,35,66,107,80,55,60,53,77,115,81,21,12,0,0,0,3
8,5,0,4,9,12,12,14,30,61,114,83,56,53,57,95,161,88,57,6,0,0,0,8
8,7,0,3,6,7,11,11,33,54,60,54,25,25,44,68,88,53,23,2,0,0,0,0
10,8,7,4,10,11,10,14,19,52,51,17,12,14,39,53,54,43,9,0,0,0,0,0
0,11,3,9,11,9,14,14,51,50,45,11,10,13,50,57,64,21,5,0,0,0,0,2
0,7,4,12,8,3,12,14,30,70,54,14,10,14,45,58,54,19,11,0,0,0,0,0
0,0,0,2,0,5,10,13,52,51,56,12,7,10,22,50,48,9,7,0,0,0,0,0
0,0,0,0,1,4,7,14,48,55,41,21,12,7,28,51,26,7,0,0,0,0,0,4
0,2,0,0,4,6,11,15,26,53,34,9,11,8,18,30,13,1,8,0,0,4,0,0
9,9,0,5,4,0,1,9,13,51,14,11,8,5,14,18,12,6,1,0,0,0,0,0
11,9,4,3,0,6,5,0,13,25,14,12,10,10,7,13,12,11,4,6,0,0,6,5
0,7,8,0,0,0,6,0,7,20,17,8,7,7,27,4,4,0,0,2,4,0,3,0
8,7,0,3,4,4,0,6,3,11,15,11,4,10,13,6,7,4,0,7,4,6,0,4

0,0,0,0,0,8,10,0,0,0,1,0,5,9,13,14,13,11,13,12,11,13,13,13
0,0,3,7,13,13,20,25,23,13,9,4,13,26,41,53,52,58,53,43,31,30,38,25
0,0,0,13,14,19,42,29,50,51,56,58,54,54,55,56,61,61,56,47,33,31,38,37
0,5,8,9,18,40,35,52,53,53,61,71,78,75,67,60,71,59,53,41,34,35,45,51
3,0,2,13,33,36,59,59,58,54,54,69,63,64,66,71,59,55,51,55,47,50,52,55
0,0,0,8,20,13,28,47,39,41,33,38,34,40,51,57,49,27,45,46,44,41,51,53
3,0,0,10,5,9,13,12,30,53,75,74,65,52,8,15,10,5,7,3,3,6,3,7
0,3,0,6,13,44,36,32,19,57,79,95,105,82,58,58,67,65,54,42,8,3,0,0
0,0,7,12,13,5,6,5,9,57,99,122,117,96,76,79,82,69,57,37,5,0,0,0
8,9,12,32,12,13,7,7,8,65,119,131,127,110,79,87,100,92,65,29,10,5,0,0
10,17,49,13,6,3,1,6,14,69,109,130,128,135,94,96,112,105,65,50,15,8,0,0
3,34,48,7,14,8,0,10,34,65,106,110,144,141,108,113,126,100,70,56,14,1,0,0
2,18,37,36,20,6,3,7,3,54,104,128,139,116,104,102,115,122,104,67,11,0,0,0
0,0,0,5,10,0,0,0,1,14,101,113,109,103,103,101,107,92,73,48,1,0,0,0
0,0,0,1,4,26,11,14,9,40,95,94,59,73,58,70,70,55,51,36,12,1,0,0
0,0,0,0,0,12,65,58,14,52,71,73,64,64,61,75,88,57,62,3,0,0,0,3
0,3,5,0,1,10,29,13,11,47,56,69,68,78,71,68,101,82,57,21,6,3,0,4
3,5,10,11,14,21,29,12,32,41,53,59,81,112,79,95,81,58,45,38,26,4,0,1
0,5,0,10,11,13,11,5,35,54,60,121,128,131,114,82,111,102,91,50,13,0,0,0
0,0,8,1,6,6,10,11,102,103,127,135,117,114,102,100,105,69,69,62,21,4,1,0
0,0,0,0,0,5,4,37,102,123,125,123,120,125,99,85,95,103,54,34,18,5,0,0
0,0,2,3,10,12,12,28,97,102,115,112,110,129,132,124,106,63,52,47,14,0,0,0
6,4,2,2,9,5,12,47,88,106,124,130,118,114,131,126,90,43,81,38,24,0,0,2
0,1,9,10,10,7,26,80,109,117,126,135,126,115,110,109,100,107,100,81,16,0,0,0
9,6,3,6,12,10,14,92,109,116,135,136,119,103,86,100,103,105,101,73,48,5,2,0
5,5,2,8,12,9,10,40,106,117,128,129,113,101,100,102,106,109,108,104,16,12,2,6
13,5,6,1,5,6,10,61,108,112,115,120,106,92,65,100,95,102,100,59,20,0,6,3
9,8,9,0,0,0,0,41,102,100,109,104,103,73,52,67,65,103,105,58,9,0,0,0
6,13,14,10,9,1,0,22,101,88,90,70,59,54,51,69,100,92,101,12,10,0,0,4
0,3,9,0,1,0,0,12,50,54,58,55,53,47,58,70,64,59,51,4,0,1,0,0
1,0,3,8,8,11,0,4,33,58,78,65,52,46,51,58,53,50,39,13,0,0,0,0
0,8,4,15,8,13,10,12,36,66,107,80,55,60,53,77,115,81,21,12,0,0,0,3
8,5,0,4,9,12,12,14,30,61,114,83,56,53,57,94,161,88,57,6,0,0,0,8
8,7,0,3,6,7,11,11,33,55,60,54,26,27,43,68,88,54,23,2,0,0,0,0
10,8,7,4,10,11,10,14,18,52,51,18,12,14,39,53,54,43,9,0,0,1,0,0
0,11,3,9,11,9,14,14,52,51,46,12,10,13,50,57,64,20,5,0,0,0,0,2
0,7,4,12,8,3,11,14,30,69,53,14,10,14,45,58,54,18,11,0,0,0,0,0
0,0,0,2,0,5,10,14,52,51,56,12,7,10,23,50,49,9,7,0,0,0,0,0
0,0,0,0,1,4,7,14,47,55,40,21,12,7,27,51,26,7,0,0,0,0,0,3
0,2,0,0,4,6,11,15,26,53,34,9,11,8,18,31,13,1,8,0,0,4,0,0
9,9,0,5,4,0,1,9,13,51,14,11,8,5,14,19,12,6,1,0,0,0,0,0
11,9,4,4,0,6,5,0,14,24,14,12,10,10,7,13,12,11,5,6,0,0,6,5
0,7,8,0,0,0,6,0,7,19,17,8,7,7,29,4,4,0,0,2,4,0,2,0
8,7,0,3,4,4,0,6,3,11,15,10,4,10,13,7,7,4,0,7,4,6,0,4

0,0,0,0,0,8,10,0,0,0,2,0,5,9,13,14,13,11,13,12,11,13,13,13
0,0,3,7,13,13,20,25,24,13,10,4,14,26,42,53,52,58,53,43,29,31,38,27
0,0,0,13,14,19,42,29,50,52,55,57,55,54,55,56,61,61,55,46,35,31,40,37
0,5,8,9,18,40,35,52,53,53,61,71,79,75,67,60,71,59,54,42,34,35,45,51
3,0,2,13,33,36,59,59,58,54,54,68,63,64,66,71,59,55,51,54,46,50,52,55
0,0,0,8,20,13,28,46,39,41,33,38,35,40,52,57,49,27,45,47,44,41,51,53
3,0,0,10,5,9,13,12,30,53,75,74,65,53,9,16,10,5,7,3,3,6,3,7
0,3,0,6,13,45,35,33,21,57,79,95,106,82,58,58,67,66,54,43,8,3,0,0
0,0,7,12,13,5,6,5,9,57,99,121,117,96,76,80,82,69,57,38,5,0,0,0
8,9,12,32,12,13,7,7,8,65,119,131,126,110,79,88,100,93,65,30,10,5,0,0
10,17,49,13,6,3,1,6,14,69,110,130,128,135,94,97,113,106,66,50,16,8,0,0
4,34,48,7,14,8,0,10,36,65,107,111,144,141,109,114,126,101,70,56,14,2,0,0
2,18,37,36,20,6,3,7,3,55,104,129,139,117,104,102,115,123,105,67,11,0,0,0
0,0,0,5,10,0,0,0,2,14,101,113,109,103,103,101,107,92,73,50,1,0,0,0
0,0,0,1,4,25,11,14,9,39,96,95,60,73,58,70,71,55,51,36,13,1,0,0
0,0,0,0,0,12,65,58,14,52,71,74,64,64,61,76,89,58,63,4,0,0,0,3
0,3,5,0,1,10,29,13,11,48,56,69,68,78,71,68,101,82,56,22,6,3,0,4
3,5,10,11,14,21,29,12,32,41,53,59,81,112,79,95,82,58,45,39,26,4,0,1
0,5,1,10,11,13,11,5,35,54,60,121,128,130,114,82,111,102,90,48,13,0,0,0
0,0,8,1,6,6,10,11,102,103,126,135,117,114,101,100,105,69,69,62,21,4,1,0
0,0,0,0,0,5,4,36,102,123,124,123,120,125,99,85,95,103,53,34,18,5,0,0
0,0,2,3,10,12,12,28,96,101,114,111,110,128,131,124,105,63,52,47,14,0,0,0
6,4,2,2,9,5,12,47,87,105,124,129,118,114,131,126,89,43,80,38,24,0,0,2
0,1,9,10,10,7,26,81,109,117,126,134,126,115,110,109,100,107,100,81,15,0,0,0
9,6,3,6,12,10,14,91,109,116,135,136,119,103,84,100,103,105,101,73,50,5,2,0
5,5,2,8,12,9,10,39,106,116,128,129,113,101,100,102,106,109,108,104,17,12,2,6
13,5,6,0,6,6,10,61,108,112,115,120,106,92,63,100,94,102,100,60,21,0,7,3
9,8,9,0,0,0,0,41,102,100,109,104,103,72,52,67,65,103,105,56,9,0,0,0
6,13,14,10,9,1,0,23,101,87,90,70,59,54,51,68,100,92,101,12,10,0,0,5
0,3,9,0,1,0,0,13,51,54,58,55,52,47,57,70,64,59,51,4,0,1,0,0
1,0,3,8,8,11,0,4,33,58,78,65,52,46,51,58,53,50,38,13,0,0,0,0
0,8,4,15,8,13,10,12,37,66,107,81,55,61,53,77,115,81,21,12,0,0,0,3
8,5,0,4,9,12,12,14,29,61,114,83,56,53,57,95,161,88,57,6,0,0,0,8
8,7,0,3,6,7,11,11,33,55,60,54,26,25,44,68,88,54,23,2,0,0,0,0
10,8,7,4,10,11,10,14,19,52,51,18,12,14,41,53,54,46,8,0,0,0,0,0
0,11,3,9,12,9,14,14,52,51,45,12,10,13,50,57,64,22,5,0,0,0,0,2
0,7,4,12,8,3,12,14,30,70,53,14,10,14,46,58,54,19,11,0,0,0,0,0
0,0,0,2,0,5,10,14,52,51,57,12,7,10,23,50,50,9,7,0,0,0,0,0
0,0,0,0,1,4,7,14,48,55,41,21,12,7,28,51,26,7,0,0,0,0,0,4
0,2,0,0,4,6,11,15,26,53,34,9,11,8,19,31,13,1,8,0,0,4,0,0
9,9,0,5,4,0,1,9,13,51,14,11,8,5,14,18,12,6,1,0,0,0,0,0
11,9,4,4,0,7,5,0,14,25,14,12,10,10,7,13,12,11,5,6,0,0,6,5
0,7,8,0,0,0,6,0,7,20,17,8,7,7,29,4,4,0,0,2,4,0,3,0
8,7,0,3,4,4,0,6,3,11,15,11,4,10,13,7,7,4,0,7,4,6,0,4

0,0,0,0,0,8,10,0,0,0,2,0,5,9,13,14,13,11,13,13,11,13,13,13
0,0,3,7,13,13,19,24,24,13,10,4,14,25,41,53,51,57,53,43,28,31,38,24
0,0,0,13,14,17,42,29,50,52,55,58,54,54,55,57,61,61,55,47,35,29,41,37
0,5,8,9,19,40,35,53,53,53,61,71,78,76,68,60,71,59,53,41,34,35,45,51
4,0,3,13,33,36,59,59,58,54,54,69,63,64,66,71,59,55,51,55,46,50,52,55
0,0,0,8,20,13,28,46,39,40,33,38,35,40,52,57,49,27,45,47,44,41,51,53
3,0,0,10,5,9,13,12,32,53,76,75,65,53,9,16,10,5,7,3,3,6,3,7
0,3,0,6,13,45,35,33,21,57,80,95,106,82,58,58,67,65,54,43,8,3,0,0
0,0,7,12,13,5,6,5,9,58,99,122,117,96,76,79,81,69,57,39,5,0,0,0
8,9,12,34,12,13,8,7,8,65,119,131,126,109,79,86,99,92,65,32,10,6,0,0
10,17,49,13,6,3,1,6,14,69,109,128,126,133,92,95,111,105,65,50,15,9,0,0
4,34,48,7,14,8,0,10,36,65,107,111,143,140,109,114,126,101,70,56,14,2,0,0
2,18,37,37,20,6,3,7,4,57,105,130,139,117,105,103,116,122,105,69,11,0,0,1
0,0,0,5,10,0,0,0,2,16,101,114,109,103,104,102,107,92,73,50,1,0,0,0
0,0,0,1,4,25,11,14,9,41,98,95,60,75,59,71,73,56,51,41,13,1,0,0
0,0,0,1,0,12,64,58,14,52,72,74,64,64,61,77,91,58,64,4,0,0,0,3
0,3,5,0,1,10,30,13,11,49,56,70,69,79,72,69,102,84,57,27,7,4,0,5
3,5,10,11,14,22,29,12,32,41,53,60,82,113,80,96,83,59,45,39,25,4,0,2
0,6,1,10,11,13,11,5,34,54,60,121,128,131,115,82,111,102,91,50,13,0,0,0
0,0,8,2,6,6,10,11,102,102,124,135,118,115,102,101,105,69,67,61,16,4,1,0
0,0,0,0,0,5,4,37,102,122,123,122,120,125,99,85,94,103,53,33,16,4,0,0
0,0,2,3,10,12,11,27,95,100,113,110,109,128,131,123,105,62,50,45,13,0,0,0
6,4,2,2,9,5,12,47,87,105,123,129,117,114,130,125,88,42,79,38,23,0,0,3
0,1,9,10,10,7,25,82,109,117,126,134,126,114,110,108,100,106,100,80,14,0,0,0
9,6,3,6,12,10,14,92,109,116,135,136,119,103,84,97,103,105,101,73,50,5,2,0
5,5,2,8,12,9,10,38,106,116,127,129,112,101,100,102,106,109,108,104,16,12,2,6
13,5,6,0,6,6,10,62,108,112,115,120,106,92,63,100,94,102,100,61,21,0,7,3
9,8,9,0,0,0,0,40,103,100,109,103,103,72,52,67,65,103,105,56,9,0,0,0
6,13,14,10,9,1,0,25,101,87,90,69,59,54,51,69,100,92,101,12,10,0,0,5
0,3,9,0,1,0,0,13,50,54,58,55,53,47,57,70,64,59,51,5,0,1,0,0
1,0,3,9,8,11,0,4,34,58,78,65,52,46,51,58,53,50,39,13,1,0,0,0
0,8,4,15,8,13,10,12,35,66,107,80,55,61,52,77,114,80,21,12,0,0,0,3
9,5,0,4,9,12,12,14,31,61,114,83,56,53,57,95,162,89,57,6,0,0,0,8
8,7,0,3,6,7,11,11,33,54,60,54,26,26,43,68,89,54,23,2,0,0,0,0
10,8,7,4,10,11,10,14,19,52,51,18,12,14,40,53,54,45,9,0,0,1,0,0
0,11,3,9,11,9,14,14,52,50,45,12,10,13,50,58,64,21,6,0,0,0,0,2
0,7,4,12,8,3,12,14,30,70,54,14,10,14,46,58,54,20,11,0,0,0,0,0
0,0,0,2,0,5,10,14,52,51,57,12,7,10,23,50,50,9,7,0,0,0,0,0
0,0,0,0,1,4,7,14,50,55,41,21,12,8,28,51,27,8,0,0,0,0,0,4
0,2,0,0,4,6,11,15,26,53,35,9,11,8,18,33,13,1,8,0,0,4,0,0
9,9,0,5,4,0,1,10,13,51,14,11,8,5,14,19,12,6,1,0,0,0,0,0
11,9,4,4,0,7,5,0,14,26,14,12,10,10,8,13,12,11,5,6,0,0,6,5
0,7,8,0,0,0,6,0,7,20,18,8,7,7,30,5,4,0,0,2,4,0,3,0
8,7,0,3,4,4,0,6,3,11,15,11,4,10,13,7,7,4,0,7,4,6,0,4

0,0,0,0,0,8,10,0,0,0,2,0,5,9,13,14,13,11,13,13,11,13,14,13
0,0,3,7,13,13,20,24,24,13,10,4,14,26,40,53,51,57,53,42,28,30,38,24
0,0,0,13,14,17,42,29,50,52,56,58,55,54,55,56,61,61,56,48,35,31,41,40
0,5,8,9,18,40,35,52,53,53,60,71,78,75,67,60,71,58,53,41,33,35,45,51
4,0,3,13,33,36,59,59,58,55,54,69,63,64,66,71,59,56,52,55,47,50,52,55
0,0,0,8,19,13,28,46,39,40,33,38,35,40,51,57,50,27,45,46,45,41,51,53
3,0,0,10,5,9,13,12,32,53,75,74,65,53,9,18,10,5,7,3,3,6,3,7
0,3,0,6,12,45,35,33,22,57,79,94,105,82,58,58,68,65,54,43,9,4,0,0
0,0,7,12,13,6,7,5,10,58,98,121,117,96,77,80,82,69,57,39,6,0,0,0
8,9,12,32,12,13,7,7,8,66,119,131,127,110,79,88,100,93,65,30,10,6,0,0
10,19,50,13,6,3,1,7,15,69,110,130,129,136,94,96,112,106,66,50,16,9,0,0
4,34,48,7,14,8,0,10,36,65,107,111,144,142,109,114,127,101,70,56,14,2,0,0
3,18,37,37,20,6,3,7,4,56,105,129,139,117,105,103,116,123,105,69,11,0,0,1
0,0,0,5,10,0,0,0,2,14,101,113,109,103,104,102,107,93,73,50,1,0,0,0
0,0,0,1,4,25,11,14,9,39,95,94,61,75,59,71,73,56,51,39,13,1,0,0
0,0,0,1,0,12,64,58,14,51,71,73,64,64,62,77,90,58,62,3,0,0,0,4
0,3,5,0,1,10,30,13,11,48,56,70,69,79,72,69,102,83,56,23,7,4,0,5
3,5,10,11,14,21,29,12,32,41,53,59,82,113,80,96,83,59,45,38,25,4,0,2
0,6,1,10,11,13,11,5,35,54,60,121,128,131,115,83,112,102,91,50,13,0,0,0
0,0,8,2,6,6,10,11,101,102,124,135,118,115,102,101,105,69,67,60,16,4,1,0
0,0,0,0,0,5,4,36,102,122,123,122,120,125,99,85,94,103,53,34,16,4,0,0
0,0,2,3,10,12,12,28,95,100,113,110,109,128,131,123,105,62,50,45,13,0,0,0
6,4,2,2,9,5,12,47,87,105,123,129,117,114,130,125,88,43,79,38,23,0,0,2
0,1,9,10,10,7,25,80,109,117,126,134,125,114,110,108,100,106,100,80,14,0,0,0
9,6,3,6,12,10,14,92,109,116,135,136,119,103,86,100,103,105,101,73,48,5,2,0
5,5,2,8,12,9,10,38,106,116,127,128,112,101,100,102,106,109,108,104,16,12,2,6
13,5,6,1,6,6,10,62,108,112,115,120,106,92,65,100,95,102,100,61,20,0,7,3
9,8,9,0,0,0,0,41,102,100,109,103,103,72,52,67,64,103,105,56,9,0,0,0
6,13,14,10,9,1,0,23,101,87,90,69,59,54,51,69,100,93,101,12,10,0,0,5
0,3,9,0,1,0,0,12,51,54,57,55,52,47,57,70,64,58,51,4,0,1,0,0
1,0,3,9,8,11,0,5,34,58,78,65,52,47,51,58,53,50,39,13,1,0,0,0
0,8,4,15,8,13,10,12,35,66,107,80,55,61,52,77,114,80,19,12,0,0,0,3
9,5,0,4,9,12,12,14,30,61,114,84,56,53,57,95,162,89,57,6,0,0,0,8
8,7,0,3,6,7,11,11,33,55,60,54,26,26,43,68,89,54,23,2,0,0,0,0
11,8,7,4,10,11,10,14,19,52,51,18,13,14,41,53,54,45,9,0,0,1,0,0
0,11,3,9,12,9,14,14,52,51,45,12,10,13,50,57,64,22,6,0,0,0,0,2
0,7,4,12,8,3,12,14,31,70,54,14,10,14,46,58,54,20,11,0,0,0,0,0
0,0,0,2,0,5,10,14,52,51,56,12,8,10,23,50,50,9,7,0,0,0,0,0
0,0,0,0,1,4,7,14,50,55,42,22,12,8,29,51,26,8,0,0,0,0,0,4
0,2,0,0,4,6,11,15,26,53,34,9,11,8,19,31,13,1,8,0,0,5,0,0
9,9,0,5,4,0,1,10,14,51,14,11,8,5,14,19,12,6,2,0,0,0,0,0
11,9,4,4,0,6,5,0,14,25,14,12,10,10,8,13,12,11,5,6,0,0,6,5
0,7,8,0,0,0,6,0,7,20,18,8,7,7,30,5,4,0,0,2,4,0,3,0
8,7,0,3,4,4,0,6,3,11,15,11,4,10,12,7,7,4,0,7,4,6,0,4

0,0,0,0,0,8,10,0,0,0,1,0,4,9,13,14,13,11,13,12,11,13,14,13
0,0,3,7,13,13,20,25,23,13,9,4,13,27,40,52,51,57,53,43,32,30,40,26
0,0,0,13,14,19,41,29,50,51,55,58,54,54,55,57,60,61,55,47,35,31,40,36
0,5,8,9,19,40,34,52,53,53,60,70,78,75,67,60,72,58,53,41,34,34,45,51
4,0,3,13,33,36,59,59,58,54,54,69,63,64,66,71,59,55,52,55,47,50,52,55
0,0,0,8,19,13,28,46,39,40,33,38,34,40,51,57,49,28,45,47,45,41,51,54
3,0,0,10,5,9,13,12,32,53,75,74,65,53,9,20,11,5,7,3,3,6,3,8
0,3,0,6,12,45,34,36,20,56,78,93,105,82,59,59,68,66,54,45,9,4,0,0
0,0,7,12,13,6,7,5,10,58,98,121,117,97,78,81,84,70,57,41,6,0,0,0
8,9,12,32,12,13,7,7,8,66,119,132,129,113,80,90,102,94,65,32,11,6,0,0
10,19,50,13,6,3,1,7,15,69,110,131,131,139,96,99,114,107,66,50,17,10,0,0
4,35,48,7,14,8,0,10,36,65,107,111,145,144,111,115,128,102,70,56,14,2,0,0
3,18,37,37,20,6,4,7,4,55,104,129,139,118,106,104,117,124,105,68,11,0,0,1
0,0,0,5,10,0,0,0,2,14,101,113,109,103,104,102,108,94,74,50,1,0,0,0
0,0,0,1,4,25,11,14,9,38,94,95,61,76,59,72,73,55,51,35,13,1,0,0
0,0,0,1,0,12,64,58,14,51,71,73,64,64,62,77,91,58,61,2,0,0,0,4
0,3,5,0,1,10,31,13,11,46,56,70,69,80,72,69,102,83,56,18,6,4,0,5
3,5,10,11,14,21,29,12,32,41,53,59,82,113,80,96,83,59,45,38,24,4,0,2
0,6,1,10,11,13,11,5,34,54,59,121,128,132,115,83,112,102,90,48,12,0,0,0
0,0,8,2,6,6,10,11,101,102,124,135,118,115,102,101,105,69,67,60,15,4,1,0
0,0,0,0,0,5,4,37,102,122,123,122,120,125,99,85,94,102,52,33,16,4,0,0
0,0,2,3,10,12,12,28,95,100,113,110,109,128,131,123,105,61,49,46,13,0,0,0
6,4,2,2,9,5,12,47,87,105,123,129,117,113,130,125,88,43,79,38,22,0,0,2
0,1,9,10,10,7,26,81,109,117,126,134,125,114,110,108,100,106,100,80,15,0,0,0
9,6,2,6,12,10,14,92,109,116,135,135,119,103,84,100,103,105,101,72,48,5,2,0
5,5,2,8,12,9,10,40,106,116,127,128,112,101,100,102,106,109,108,104,16,12,2,6
13,5,6,1,6,6,10,62,108,112,115,120,106,92,63,100,94,102,100,60,20,0,7,3
9,8,9,0,0,0,0,42,102,100,109,103,103,73,52,67,64,103,105,56,9,0,0,0
6,13,14,10,9,1,0,25,101,88,90,70,59,54,51,69,100,92,101,12,10,0,0,5
0,3,9,0,1,0,0,13,50,54,57,55,52,47,58,70,64,58,51,5,0,1,0,0
1,0,3,9,8,11,0,5,33,58,78,65,52,46,51,58,53,50,39,13,1,0,0,0
0,8,4,15,8,13,10,12,36,66,106,80,55,61,53,77,114,80,19,12,0,0,0,4
8,5,0,4,9,12,12,14,30,61,114,83,56,53,57,95,162,89,57,6,0,0,0,8
8,7,0,3,6,7,11,11,33,55,60,54,26,26,45,68,89,54,23,2,0,0,0,1
10,8,7,4,10,11,10,14,19,52,51,18,13,14,41,53,54,45,9,0,0,1,0,0
0,11,3,9,11,9,14,14,52,51,45,12,10,13,50,57,65,23,6,0,0,0,0,2
0,7,4,12,8,3,12,14,30,70,54,15,10,14,46,58,54,20,11,0,0,0,0,0
0,0,0,2,0,6,10,14,52,51,57,12,8,10,24,50,50,9,7,0,0,0,0,0
0,0,0,0,1,4,7,14,48,55,41,21,12,8,28,51,26,8,0,0,0,0,0,4
0,2,0,0,4,6,11,16,27,53,36,9,11,9,19,31,13,1,8,0,0,5,0,0
9,9,0,5,4,0,2,10,14,51,14,11,8,5,14,19,12,6,2,0,0,0,0,0
11,9,4,4,0,7,5,0,14,27,14,12,10,10,8,13,12,11,5,6,0,0,6,5
0,7,8,0,0,0,6,0,8,20,17,8,7,7,29,5,4,0,0,2,4,0,3,0
8,7,0,3,4,4,0,6,3,11,15,11,4,10,13,7,7,4,0,7,4,7,0,4

0,0,0,0,0,8,10,0,0,0,1,0,4,9,13,14,13,11,13,12,11,12,13,13
0,0,3,7,13,13,19,25,23,13,10,4,14,25,40,53,51,57,53,43,29,31,38,27
0,0,0,13,14,17,42,29,50,52,55,58,54,54,55,56,60,60,55,47,35,31,41,37
0,5,9,9,19,40,35,52,53,53,61,71,78,75,67,60,71,59,54,42,34,35,46,51
4,0,3,13,33,36,59,59,57,54,54,68,63,64,66,71,59,56,52,54,46,50,52,55
0,0,0,8,20,13,28,46,38,40,33,38,34,40,51,57,50,28,45,47,45,41,51,54
3,0,0,10,5,9,13,12,32,53,75,74,64,54,9,22,11,5,7,3,3,6,3,8
0,3,0,6,13,45,36,36,22,57,78,94,105,82,59,59,69,66,55,47,9,4,1,0
0,0,7,12,13,6,6,6,10,57,98,121,118,98,78,81,84,70,57,42,6,0,0,0
8,9,12,33,12,13,8,7,8,66,119,133,130,113,81,89,102,95,65,32,11,6,0,0
10,19,50,13,6,4,1,7,15,69,110,132,132,140,98,100,115,108,66,50,16,10,0,0
4,35,49,8,14,8,0,11,36,65,107,111,146,146,112,116,129,102,71,56,15,3,0,0
3,18,37,37,20,6,4,8,3,52,104,128,140,119,106,104,119,125,105,67,11,0,0,1
0,0,0,5,10,0,0,0,1,14,101,113,110,104,105,102,108,97,75,48,1,0,0,0
0,0,0,1,4,25,11,14,9,33,92,94,61,76,59,72,73,55,50,33,13,2,0,0
0,0,0,1,0,12,64,58,14,50,70,73,64,64,62,76,91,58,59,1,0,0,0,4
0,3,5,0,1,10,32,13,11,46,56,70,69,80,72,69,102,81,55,14,6,4,0,5
3,5,10,11,14,22,29,12,32,42,53,59,82,113,80,96,83,58,44,38,24,4,0,2
0,6,1,10,11,13,11,5,35,54,60,121,128,132,115,83,111,102,90,48,12,0,0,0
0,0,9,2,6,6,10,11,102,102,124,135,118,115,102,101,105,69,67,61,17,4,1,0
0,0,0,0,0,5,4,37,102,122,123,122,120,125,98,85,94,102,53,33,16,4,0,0
0,0,2,3,10,12,12,28,95,100,113,110,109,128,131,123,104,62,50,46,14,0,0,0
6,4,2,2,9,5,12,47,86,105,123,128,117,113,130,125,87,42,79,38,23,0,0,2
0,1,9,10,10,7,26,83,109,117,126,134,125,114,110,108,100,106,100,80,17,0,0,0
9,6,2,6,12,10,14,92,109,116,135,135,118,103,83,98,103,105,101,71,48,5,2,0
5,5,2,8,12,9,10,40,106,116,127,128,112,101,100,102,106,109,108,104,17,12,2,6
13,5,6,0,6,6,10,61,108,112,114,120,106,92,63,100,94,101,100,59,20,0,7,3
9,8,9,0,0,0,0,42,102,100,109,103,103,73,52,67,65,103,105,57,9,0,0,0
6,13,14,10,9,1,0,23,101,87,89,69,59,54,51,69,100,92,101,12,10,1,0,5
0,3,9,0,1,0,0,13,51,54,57,54,52,48,58,70,64,58,51,5,0,1,0,0
1,0,3,9,8,11,0,4,34,58,78,65,52,46,51,58,53,50,38,13,1,0,0,0
0,8,4,15,8,13,10,12,36,66,106,80,55,61,53,76,114,80,21,12,0,0,0,4
8,5,0,4,9,12,12,14,30,61,114,83,56,53,57,95,162,89,57,6,0,0,0,8
8,7,0,3,6,7,12,11,33,55,60,54,27,26,45,68,89,54,23,2,0,0,0,1
11,8,7,4,10,12,10,14,19,52,51,18,13,14,40,53,54,45,9,0,0,1,0,0
0,11,3,9,12,9,14,15,52,51,46,12,10,13,50,58,65,23,6,0,0,0,0,2
0,7,4,12,8,3,12,14,30,70,54,14,10,14,46,58,54,20,11,0,0,0,0,0
0,0,0,2,0,6,10,14,52,51,57,12,8,10,23,50,50,9,7,0,0,0,0,0
0,0,0,0,1,4,7,14,48,55,41,21,12,8,29,51,27,8,0,0,0,0,0,4
0,2,0,0,4,7,11,15,28,53,36,9,12,9,19,34,13,2,8,0,0,5,0,0
9,9,0,5,4,0,2,10,14,51,14,11,8,5,14,19,12,6,1,0,0,0,0,0
11,9,4,4,0,7,5,0,14,27,14,12,10,10,8,13,12,11,5,6,0,0,6,5
0,7,8,0,0,0,6,0,8,20,18,8,7,7,31,5,4,0,0,2,4,0,3,0
8,7,0,3,4,4,0,6,3,11,15,11,4,10,13,7,7,4,0,7,4,7,0,4

0,0,0,0,0,8,10,0,0,0,1,0,4,8,12,14,13,11,13,12,11,13,13,13
0,0,4,8,13,14,20,24,24,13,9,4,13,26,39,53,51,56,53,42,28,31,38,26
0,0,0,13,14,17,41,29,50,52,56,58,54,54,55,56,60,60,55,46,35,29,40,38
0,5,9,10,19,40,35,52,53,53,61,71,78,75,67,60,71,58,53,41,34,35,46,52
4,0,3,13,33,36,58,59,57,54,54,68,63,64,66,71,59,55,51,54,48,50,52,55
0,0,0,8,20,13,28,46,38,40,32,38,35,40,51,57,49,28,45,47,45,42,51,54
3,0,0,10,5,9,13,12,32,53,75,74,65,54,9,20,11,5,7,3,3,6,3,8
0,3,0,6,13,45,35,36,24,57,78,94,106,83,59,59,68,66,54,47,10,4,1,0
0,0,7,12,13,6,7,6,10,58,99,122,119,98,78,81,84,70,57,43,6,0,0,0
8,9,12,33,12,13,8,7,9,67,120,134,130,114,81,89,102,95,65,32,11,7,0,0
10,20,50,13,6,4,2,7,16,69,111,133,133,141,98,100,115,108,67,51,17,10,0,0
4,35,49,8,14,8,0,11,37,65,107,112,147,146,113,116,129,103,71,56,16,3,0,0
3,18,38,37,20,6,4,8,3,53,105,129,141,120,107,104,120,126,104,65,12,0,0,1
0,0,0,5,10,0,0,0,1,14,101,113,110,104,105,102,108,100,76,50,2,0,0,0
0,0,0,1,4,25,11,14,9,33,91,95,62,77,59,72,73,55,50,31,13,2,0,0
0,1,0,1,0,12,64,58,14,50,70,73,64,64,62,77,91,58,59,1,0,0,0,4
0,3,5,0,1,10,31,13,11,45,56,69,69,80,72,69,102,81,54,14,5,3,0,5
3,5,10,11,14,21,29,12,32,41,52,60,82,114,80,96,83,58,45,38,24,4,0,2
0,6,1,10,11,13,11,5,35,54,59,121,128,132,115,83,111,102,89,50,12,0,0,0
0,0,9,2,6,7,10,11,102,102,124,135,118,115,102,101,105,69,67,60,17,4,1,0
0,0,0,0,0,5,4,38,102,121,123,122,120,125,98,85,94,103,52,33,16,4,0,0
0,0,2,3,10,12,12,28,95,100,113,110,109,127,131,123,104,61,50,45,14,0,0,0
6,4,2,2,9,5,12,47,86,105,123,128,117,113,130,125,87,42,78,38,23,0,0,2
0,1,9,10,10,7,26,80,109,117,125,134,125,114,109,108,100,106,100,81,15,0,0,0
9,6,2,6,12,10,14,92,109,116,134,135,118,102,83,98,103,105,101,73,48,5,2,0
5,5,2,8,12,9,10,39,106,116,127,128,112,101,100,102,106,109,108,104,16,12,2,6
13,5,6,1,6,6,10,61,108,112,114,120,106,92,65,100,96,101,100,61,21,0,7,3
9,8,9,0,0,0,0,42,102,99,109,103,103,73,52,67,65,103,105,56,9,0,0,0
6,13,14,10,9,1,0,22,101,87,89,69,59,54,51,69,100,92,101,12,10,1,0,5
0,3,9,0,1,0,0,13,50,53,57,54,52,47,57,70,64,58,51,5,0,1,0,0
1,0,3,9,8,11,0,5,34,58,78,65,52,46,51,58,53,50,38,13,1,0,0,0
0,8,4,15,8,13,10,12,37,66,106,80,55,61,52,77,114,80,21,12,0,0,0,4
9,5,0,4,9,12,12,14,30,61,114,84,56,53,57,95,162,88,57,6,0,0,0,8
8,8,0,3,6,7,11,11,33,55,61,54,27,27,45,68,89,54,23,2,0,0,0,1
11,8,7,4,10,11,10,14,19,52,51,18,13,14,40,53,54,45,9,0,0,1,0,0
0,11,3,9,12,9,14,15,52,51,46,12,10,13,50,57,65,23,6,0,0,0,0,3
0,7,4,12,8,3,12,14,30,70,54,14,10,14,46,58,54,21,11,0,0,0,0,0
0,0,0,2,0,6,10,14,52,51,57,12,8,10,23,50,49,9,7,0,0,0,0,0
0,0,0,0,1,4,7,14,49,55,42,21,12,8,29,51,28,8,0,0,0,0,0,4
0,2,0,0,4,6,11,16,26,53,36,9,12,9,20,34,13,2,8,0,0,5,0,0
9,9,0,5,5,1,2,10,14,51,14,11,8,5,14,19,12,6,2,0,0,0,0,0
11,9,4,4,0,7,5,0,14,26,14,12,10,10,8,13,12,11,5,6,0,0,6,5
0,7,8,0,0,0,6,0,8,20,17,8,7,7,30,5,4,0,0,2,4,0,3,0
8,7,0,3,4,4,0,6,3,11,15,11,4,10,13,7,7,4,0,7,4,7,0,4

0,0,0,0,0,8,10,0,0,0,1,0,4,8,12,14,13,11,13,12,11,13,13,13
0,0,4,8,13,13,17,24,23,13,9,4,13,25,40,53,51,56,53,42,28,31,37,26
0,0,0,13,14,19,42,29,50,52,56,58,54,54,55,56,60,60,55,47,36,32,43,38
0,5,9,10,18,40,34,52,53,53,61,71,78,75,66,60,71,58,53,41,34,35,46,51
4,0,4,14,33,36,58,59,57,54,54,68,63,64,66,71,59,56,51,55,48,50,52,55
0,0,0,8,20,13,28,45,38,40,32,37,35,40,51,57,49,27,45,47,44,42,51,54
3,0,0,10,5,9,13,12,33,53,74,73,64,54,9,23,11,5,7,3,3,6,3,8
0,3,0,6,12,45,36,37,22,56,78,94,106,83,59,59,68,66,54,46,10,5,1,0
0,0,7,12,14,6,7,6,11,58,98,122,119,99,78,81,84,70,57,44,7,0,0,0
8,9,12,34,12,13,8,7,9,66,120,135,131,114,81,90,103,95,65,32,11,7,0,0
10,20,50,13,7,4,2,7,17,69,110,134,134,142,99,101,115,109,67,51,17,11,0,0
4,36,49,8,14,8,0,11,37,65,107,112,147,149,114,117,130,103,71,56,17,3,0,0
3,19,38,37,20,6,4,8,3,52,104,128,141,121,108,105,122,127,104,65,12,0,0,2
0,0,0,5,10,0,0,0,1,14,101,113,111,104,105,103,108,100,77,48,2,0,0,0
0,0,0,1,5,26,11,14,9,32,90,95,63,77,60,72,73,55,50,30,13,2,0,0
0,0,0,1,0,12,64,58,14,44,69,73,64,65,62,77,91,58,58,1,0,0,0,4
0,3,5,0,1,10,31,13,11,44,56,70,69,80,72,69,102,81,54,14,5,3,0,5
3,5,10,11,14,21,29,12,32,42,52,60,82,114,81,96,83,58,44,38,24,4,0,2
0,6,1,10,11,13,11,5,35,54,60,121,128,132,115,83,112,102,90,50,12,0,0,0
0,0,9,2,6,6,10,11,102,102,124,135,118,115,102,101,105,69,67,60,16,4,1,0
0,0,0,0,0,5,4,38,102,121,123,122,120,125,98,85,94,103,52,33,16,4,0,0
0,0,2,3,10,12,12,28,95,100,113,110,108,127,130,123,104,61,49,46,13,0,0,0
6,4,2,2,9,5,12,47,86,105,123,128,116,113,130,124,87,43,78,38,23,0,0,3
0,1,9,10,10,7,25,81,109,117,125,133,125,114,109,108,100,106,100,80,14,0,0,0
9,6,2,6,12,10,14,93,109,116,134,135,118,102,83,100,103,105,101,72,50,5,2,0
5,5,2,8,12,9,10,39,106,116,127,128,112,101,100,102,106,109,108,104,15,12,2,6
13,5,6,1,6,6,10,62,108,112,114,120,106,92,65,100,94,102,100,61,21,0,7,3
9,8,9,0,0,0,0,41,102,99,109,103,103,73,52,67,64,103,105,56,9,0,0,0
6,13,14,10,9,1,0,25,101,87,89,69,59,54,51,70,100,92,101,12,10,1,0,5
0,3,9,0,1,0,0,13,50,54,57,54,52,47,58,70,64,58,51,5,0,1,0,0
1,0,3,9,8,11,0,5,34,58,78,65,52,46,51,58,53,50,38,13,1,0,0,0
0,8,4,15,8,13,10,12,35,66,106,80,55,61,53,76,114,80,19,12,0,0,0,4
9,5,0,4,9,12,12,14,30,61,115,84,56,53,57,95,162,89,57,6,0,0,0,8
8,7,0,3,6,7,11,11,33,55,60,54,27,26,43,68,89,54,23,2,0,0,0,1
11,8,7,4,10,12,10,14,19,53,51,18,13,14,40,53,54,46,9,0,0,1,0,0
0,11,3,9,12,9,14,15,52,51,46,12,10,13,50,57,65,23,6,0,0,0,0,2
0,7,4,12,8,3,12,14,30,70,54,15,10,14,46,58,54,20,11,0,0,0,0,0
0,0,0,2,0,6,10,14,52,51,57,12,8,10,23,50,50,9,7,0,0,0,0,0
0,0,0,0,1,4,7,14,50,55,41,22,13,8,30,51,27,8,0,0,0,0,0,4
0,2,0,0,4,6,11,16,28,53,36,9,12,9,19,34,13,2,8,0,0,5,0,0
9,9,0,5,5,1,2,10,14,51,14,11,8,5,14,19,12,7,2,0,0,0,0,0
11,9,4,4,0,7,5,0,14,26,14,12,10,10,8,13,12,11,5,6,0,0,6,5
0,7,8,0,0,0,6,0,8,20,19,8,7,7,31,5,5,0,0,2,4,0,3,1
8,7,0,3,4,4,0,6,3,11,15,11,4,10,13,7,7,4,0,7,4,7,0,4

0,0,0,0,0,9,10,0,0,0,1,0,3,8,12,13,13,10,13,12,11,13,13,13
0,0,4,8,13,14,17,24,24,12,9,4,13,24,36,52,50,55,52,40,28,30,38,25
0,1,0,13,14,19,42,29,50,52,55,58,54,54,55,56,60,61,55,47,35,31,43,40
0,5,9,10,20,40,35,52,53,53,60,71,78,75,67,60,71,58,53,41,34,36,46,52
4,0,4,14,33,36,59,59,57,54,54,69,63,64,66,71,60,56,52,55,48,50,52,56
0,0,0,8,19,13,28,46,38,40,32,37,34,40,51,57,48,27,45,47,45,41,51,54
3,0,0,10,5,9,13,12,32,52,74,73,64,54,9,23,11,5,7,3,3,6,3,8
0,3,0,6,13,46,34,37,22,56,78,93,106,83,59,59,68,66,54,47,10,5,2,0
0,0,7,12,14,6,7,6,11,58,99,122,120,99,79,81,84,70,58,44,7,0,0,0
8,9,12,34,12,13,8,7,9,67,121,136,132,115,82,90,103,96,65,32,11,7,0,0
10,20,50,13,7,4,2,7,19,70,112,136,136,143,100,101,116,109,67,51,17,11,0,0
4,36,48,8,14,8,0,11,38,65,108,113,148,150,115,117,131,103,71,56,19,3,0,0
3,19,37,37,20,6,4,8,3,52,104,128,142,122,108,105,122,128,104,64,12,0,0,2
0,0,0,5,10,0,0,0,1,14,101,113,111,104,105,102,108,100,78,48,2,0,0,0
0,0,0,1,4,26,11,14,9,32,89,95,63,78,59,72,73,55,50,28,13,2,0,0
0,1,0,1,0,12,64,58,14,43,70,73,65,65,62,76,90,58,57,1,0,0,0,4
0,3,6,0,1,11,31,13,11,44,56,69,69,80,72,69,102,80,54,14,5,3,0,5
3,5,10,11,14,21,29,12,32,41,53,59,82,114,81,96,82,58,44,38,24,4,0,2
0,6,1,10,11,13,11,5,36,54,60,121,128,132,115,83,112,102,90,50,13,0,0,0
0,0,9,2,6,6,10,11,102,101,124,135,117,115,102,101,105,69,67,61,18,4,1,0
0,0,0,0,0,5,4,38,102,121,123,122,120,124,98,85,94,103,53,34,16,4,0,0
0,0,2,3,10,12,12,27,95,100,113,109,108,127,130,123,104,61,49,45,13,0,0,0
6,4,2,2,9,5,12,47,86,105,123,128,116,113,129,124,87,43,78,38,23,0,0,3
0,1,9,10,10,7,25,81,109,117,125,133,125,114,109,108,100,106,100,80,15,0,0,0
9,6,2,6,12,10,14,93,109,116,134,135,118,102,84,100,103,105,101,72,50,5,2,0
5,5,2,8,12,9,10,39,106,116,127,128,112,101,100,102,106,109,108,104,16,12,2,6
13,5,6,1,6,6,10,63,108,112,114,120,106,92,65,100,95,102,100,60,21,0,7,3
9,8,9,0,0,0,0,42,102,99,109,103,103,73,52,67,64,103,105,56,9,0,0,0
6,13,14,10,9,1,0,23,101,87,88,69,59,54,51,69,100,92,101,12,10,1,0,5
0,3,9,0,1,0,0,13,50,53,57,54,52,47,57,70,63,58,51,5,0,1,0,0
1,0,3,9,8,11,0,4,34,58,78,65,52,46,51,58,53,50,39,13,1,0,0,0
0,8,4,15,8,13,10,12,35,66,107,80,55,61,53,76,114,80,19,12,0,0,0,4
9,5,0,4,9,12,12,14,32,61,114,84,56,53,57,95,162,88,57,6,0,0,0,8
8,7,0,3,6,7,11,11,33,55,61,54,26,26,44,68,89,54,23,2,0,0,0,1
11,8,7,4,10,12,10,14,19,52,51,18,13,14,41,53,54,45,9,0,0,1,0,0
0,11,3,9,12,9,14,15,52,51,46,12,10,13,50,57,65,24,6,0,0,0,0,2
0,7,4,12,8,3,12,15,31,70,54,15,10,14,48,59,54,22,11,0,0,0,0,0
0,0,0,3,0,6,10,14,52,51,57,12,8,10,23,50,49,9,7,0,0,0,0,0
0,0,0,0,1,4,7,14,49,55,41,22,13,8,29,51,28,8,0,0,0,0,0,4
0,2,0,0,4,6,11,16,27,53,35,9,12,9,20,34,13,2,8,0,0,5,0,0
9,9,0,5,5,1,2,10,14,51,14,11,8,5,14,20,12,7,2,0,0,0,0,0
11,9,4,4,0,7,5,0,14,26,14,12,10,10,8,13,12,11,5,6,0,0,6,5
0,7,8,0,0,0,6,0,8,20,18,8,7,7,30,5,5,0,0,2,4,0,3,0
8,7,0,3,4,4,0,6,3,11,15,11,4,10,13,7,8,4,0,7,4,7,0,4

0,0,0,0,0,9,10,0,0,0,0,0,3,8,12,13,13,10,12,12,11,13,13,13
0,0,4,8,13,13,19,24,23,12,9,4,13,24,37,52,51,56,52,40,27,30,37,26
0,1,0,13,14,19,41,29,50,51,55,58,54,54,55,56,60,60,55,44,35,31,40,38
0,5,9,10,20,40,35,52,53,53,61,71,78,75,67,60,71,58,53,41,34,35,45,52
4,0,4,14,33,36,58,59,57,54,54,68,63,64,66,71,59,55,51,55,48,50,52,55
0,0,0,8,19,13,29,45,38,39,31,36,34,41,51,57,49,27,45,47,45,41,51,54
3,0,0,10,5,9,13,12,32,52,73,72,64,54,9,24,11,5,7,3,3,6,3,8
0,3,0,6,13,46,36,39,20,56,77,92,105,83,59,59,68,66,54,46,10,5,2,0
0,0,7,12,14,6,7,6,11,58,98,122,120,100,79,81,84,70,57,43,7,0,0,0
9,9,12,33,12,13,8,7,9,67,122,137,133,116,82,89,103,96,65,32,11,7,0,0
10,20,50,13,7,4,2,7,19,69,112,137,137,145,101,101,116,110,67,51,18,11,0,0
4,35,48,8,14,8,0,11,37,65,108,114,149,153,116,118,131,103,71,56,18,3,0,0
3,19,37,37,20,6,4,8,3,52,104,128,142,124,108,105,124,128,104,63,12,0,0,2
0,0,0,5,10,0,0,0,1,14,101,113,112,105,105,102,108,101,78,48,2,0,0,0
0,0,0,1,5,26,11,14,9,31,87,96,64,78,59,72,73,55,50,28,13,3,0,0
0,1,0,1,1,13,64,58,14,44,70,73,65,65,62,76,90,57,58,1,0,0,0,4
0,3,6,0,1,10,30,13,11,44,56,69,69,80,72,69,102,79,54,14,5,3,0,5
3,5,10,11,14,21,29,12,32,42,53,59,82,114,81,96,82,58,44,38,25,4,0,2
0,6,1,10,11,13,11,5,37,54,60,122,128,132,115,83,112,102,90,50,13,0,0,0
0,0,9,2,6,6,10,11,102,102,124,135,117,115,102,101,105,69,67,61,19,4,1,0
0,0,0,0,0,5,4,38,102,121,123,122,119,124,98,84,94,103,53,34,17,4,0,0
0,0,2,3,10,12,12,27,94,100,113,109,108,127,130,123,104,61,49,45,14,0,0,0
6,4,2,3,9,5,12,47,86,105,122,128,116,112,129,124,87,43,78,38,23,0,0,2
0,1,9,10,10,7,26,82,109,117,125,133,125,114,109,108,100,106,100,80,15,0,0,0
9,6,2,6,12,10,14,92,109,116,134,135,118,102,83,98,103,105,101,72,50,5,2,0
5,5,2,8,12,9,10,39,106,116,127,128,112,101,100,102,106,109,108,104,16,12,2,6
13,5,6,0,6,6,10,62,108,112,114,119,106,91,65,100,93,101,100,60,21,0,7,3
9,8,9,0,0,0,0,43,102,98,109,103,103,72,52,67,64,103,105,57,9,0,0,0
6,13,14,10,9,1,0,23,101,87,89,69,59,54,51,69,100,92,101,12,10,1,0,5
0,3,9,0,1,0,0,13,50,54,57,54,52,47,58,70,64,58,51,5,0,1,0,0
1,0,3,9,8,11,0,4,34,58,78,65,52,46,51,58,53,50,39,13,1,0,0,0
0,8,4,15,8,13,10,12,37,66,106,80,55,61,53,77,114,80,21,12,0,0,0,4
9,5,0,4,9,12,12,14,30,61,115,84,56,53,57,95,162,88,57,6,0,0,0,8
8,8,0,3,6,7,12,11,33,55,60,54,27,26,45,68,89,54,23,2,0,0,0,1
11,8,7,4,10,12,10,14,19,53,51,19,13,14,39,53,54,45,9,0,0,1,0,0
0,11,3,9,12,9,14,15,52,51,46,12,10,13,50,58,65,24,6,0,0,0,0,3
0,7,4,12,8,3,12,14,30,70,54,14,10,14,46,58,54,20,11,0,0,0,0,0
0,0,0,3,0,6,10,14,52,51,57,12,8,10,23,50,50,10,7,0,0,0,0,0
0,0,0,0,1,4,7,14,50,55,41,22,13,8,29,51,28,8,0,0,0,0,0,4
0,2,0,0,4,6,11,15,27,53,35,9,12,9,20,34,13,2,9,0,0,5,0,0
9,9,0,5,5,1,2,10,14,52,14,11,8,5,14,19,12,7,2,0,0,0,0,0
11,9,4,4,0,7,5,0,14,27,14,12,10,10,8,13,12,11,5,6,0,0,6,5
0,7,8,0,0,0,6,0,8,20,18,8,7,7,30,5,5,0,0,2,4,0,3,0
8,7,0,3,4,4,0,6,3,11,15,11,4,10,13,7,8,4,0,7,4,7,0,4

0,0,0,0,0,9,10,0,0,0,0,0,3,8,12,13,13,10,12,12,11,13,13,13
0,0,4,8,13,14,22,24,23,13,9,4,13,25,36,52,51,56,52,43,28,31,38,27
0,1,0,13,14,19,42,29,50,52,55,58,54,54,55,56,60,60,55,46,35,31,40,38
0,5,9,10,20,40,35,52,53,53,61,70,78,75,67,60,71,59,53,41,34,35,46,52
4,0,4,14,33,36,58,59,57,54,54,69,63,64,66,71,59,56,51,55,47,50,52,55
0,0,0,8,19,13,28,45,38,40,32,37,34,41,51,57,49,29,45,48,45,42,51,54
3,0,0,10,5,9,13,12,34,52,74,73,64,54,9,26,11,5,7,3,3,7,3,8
0,3,0,6,13,46,35,39,23,56,78,94,106,83,59,59,69,66,54,50,10,5,2,0
0,0,7,12,14,6,7,7,11,58,99,123,120,99,79,82,85,71,57,45,7,0,0,0
9,10,12,34,12,13,8,7,9,67,122,137,131,114,82,90,104,97,66,35,11,8,0,0
10,20,50,13,7,4,2,7,20,69,113,137,136,143,99,101,116,110,67,51,17,11,0,0
4,36,48,8,14,8,0,11,39,65,109,114,148,151,115,117,131,103,71,56,19,3,0,0
3,18,37,37,20,6,4,8,3,53,105,128,143,123,108,105,122,128,104,63,12,0,0,2
0,0,0,5,10,0,0,0,2,14,101,113,112,105,104,102,108,101,79,50,2,0,0,0
0,0,0,1,5,26,11,14,9,34,90,97,63,77,59,71,72,55,50,28,13,3,0,0
0,1,0,1,1,13,64,59,15,50,70,74,65,64,62,76,89,58,59,1,0,0,0,4
0,3,6,0,1,11,31,14,11,45,56,69,69,79,72,68,101,79,54,14,5,3,0,5
3,5,10,11,14,21,29,12,32,42,53,59,82,113,80,96,82,58,44,38,25,4,0,2
0,6,1,10,11,13,11,5,37,54,60,121,128,131,115,82,111,102,90,48,13,0,0,0
0,0,9,2,6,7,10,12,102,102,124,135,117,114,101,100,105,69,68,62,21,4,1,0
0,0,0,0,0,5,4,38,102,121,123,122,119,124,97,84,93,103,53,34,17,5,0,0
0,0,2,3,10,12,12,27,95,100,113,109,108,127,130,123,104,61,50,47,14,0,0,0
6,4,2,3,9,5,12,47,86,105,122,128,116,112,129,124,87,43,79,38,23,0,0,2
0,1,9,10,10,7,25,80,109,117,125,133,124,114,109,108,100,106,100,80,16,0,0,0
9,6,2,6,12,10,14,93,109,115,134,135,118,102,81,98,103,105,101,72,50,5,2,0
5,5,2,8,12,9,10,39,106,116,127,128,112,101,100,102,106,109,108,104,17,12,2,6
13,5,6,1,6,6,10,63,108,112,114,119,106,91,63,100,95,102,100,60,22,0,7,3
9,8,9,0,0,0,0,43,102,98,109,103,103,72,52,67,65,103,105,57,9,0,0,0
6,13,14,10,9,1,0,23,101,87,88,69,59,54,51,69,100,92,101,12,10,1,0,5
0,3,9,0,1,0,0,13,50,53,57,54,52,47,57,70,64,58,51,5,0,1,0,0
1,0,3,9,8,11,0,4,34,58,78,65,52,46,51,58,53,50,39,13,1,0,0,0
0,8,4,15,8,13,10,12,36,66,107,80,55,61,52,77,114,80,21,12,0,0,0,4
9,5,0,4,9,12,12,14,30,61,114,84,56,53,57,95,162,88,57,6,0,0,0,8
8,8,0,3,6,7,12,11,34,55,61,54,27,27,45,68,89,54,24,2,0,0,0,1
11,8,6,4,10,12,10,14,19,53,51,19,13,14,40,53,54,45,9,0,0,1,0,0
0,11,3,9,12,9,14,15,52,51,46,12,10,13,50,58,65,24,7,0,0,0,0,3
0,7,4,12,8,3,12,14,30,70,53,15,10,14,46,58,54,20,11,0,0,0,0,0
0,0,0,2,0,6,10,14,52,51,57,12,8,10,23,50,50,10,7,0,0,0,0,0
0,0,0,0,1,4,7,14,48,55,41,21,13,8,30,51,28,8,0,0,0,0,0,4
0,2,0,0,4,6,11,15,28,53,35,9,12,9,20,35,13,2,9,0,0,5,0,0
9,9,0,5,5,1,2,10,14,52,14,11,8,5,14,19,12,7,2,0,0,0,0,0
11,9,4,4,0,7,5,0,14,27,14,12,10,10,8,13,12,11,5,6,0,0,6,5
0,7,8,0,0,0,6,0,7,20,17,8,7,7,31,5,5,0,0,2,4,0,3,0
8,7,0,3,4,4,0,6,3,11,15,11,4,10,13,7,8,4,0,7,4,7,0,4

0,0,0,0,0,8,10,0,0,0,0,0,3,8,12,13,13,10,12,12,11,13,13,13
0,0,4,8,13,13,17,25,23,12,9,4,13,24,37,52,50,56,52,42,28,31,37,29
0,1,0,13,14,19,42,29,50,52,55,58,54,54,55,56,60,60,55,46,36,31,41,40
0,5,9,10,20,40,35,52,53,53,60,71,78,75,67,60,71,59,53,42,34,36,47,52
4,0,4,14,33,36,58,59,57,54,54,68,63,64,67,71,59,56,51,55,48,50,52,56
0,0,0,8,19,13,29,45,38,40,32,37,35,41,51,57,50,29,46,48,45,43,51,54
3,0,0,10,5,9,13,12,33,52,74,73,64,54,9,27,11,5,7,4,3,7,3,8
0,3,0,6,13,46,36,40,24,56,78,95,106,83,59,59,69,66,55,50,10,6,2,0
0,0,7,12,14,6,7,7,11,58,100,123,120,99,79,82,85,71,57,45,7,0,0,0
9,10,13,35,12,13,8,7,9,67,122,136,131,113,81,90,104,97,66,35,11,8,0,0
10,21,50,13,7,4,2,7,21,70,113,137,135,142,99,101,116,110,67,51,18,11,0,0
4,36,49,8,14,8,0,11,39,65,109,114,148,150,115,117,131,103,71,56,19,4,0,0
3,19,38,37,20,6,4,8,3,54,105,129,143,123,107,104,122,128,104,64,12,0,0,2
0,0,0,5,10,0,0,0,2,14,101,113,112,104,104,102,108,101,79,50,2,0,0,0
0,0,0,1,5,26,11,14,10,36,91,98,63,76,59,71,72,55,50,29,14,3,0,0
0,1,0,1,1,13,64,59,15,50,71,74,65,64,62,76,89,58,59,2,0,0,0,4
0,3,6,0,1,11,31,13,11,46,56,69,69,80,71,68,101,80,54,14,6,3,0,5
3,5,10,11,14,21,29,12,33,41,53,59,82,113,80,95,82,58,44,38,26,5,0,2
0,6,1,10,11,13,11,5,36,54,60,121,128,131,115,82,111,102,90,50,13,0,0,0
0,0,9,2,6,7,10,12,102,102,124,134,117,114,101,100,105,69,67,62,22,4,1,0
0,0,1,0,0,5,4,39,102,121,123,121,119,124,97,84,93,103,53,34,18,5,0,0
0,0,2,3,10,12,12,28,95,100,113,109,108,127,130,123,104,61,50,46,14,0,0,0
6,4,2,3,9,5,12,47,86,105,122,128,116,113,129,124,87,43,79,38,24,0,0,3
0,1,9,10,10,7,25,82,109,117,125,133,124,114,109,108,100,106,100,80,17,0,0,0
9,6,2,6,12,10,14,92,109,115,134,135,118,102,83,98,103,105,101,73,50,5,2,0
5,5,2,8,12,9,10,40,106,116,127,128,112,101,100,102,106,109,108,104,17,12,2,6
13,5,6,1,6,6,10,63,108,112,114,119,106,92,65,100,94,102,100,61,22,0,7,4
9,8,9,0,0,0,0,42,102,99,109,103,103,73,52,67,65,103,105,56,9,0,0,0
6,13,14,10,9,1,0,23,101,87,88,69,59,54,51,69,100,92,101,12,10,1,0,5
0,3,9,0,1,0,0,13,50,54,57,54,52,47,58,70,63,58,51,5,0,1,0,0
1,0,3,9,8,11,0,4,34,58,78,65,52,47,51,58,53,50,39,13,1,0,0,0
0,8,4,15,8,13,10,12,35,66,107,80,55,60,52,77,114,80,21,12,0,0,0,4
9,5,0,4,9,12,12,14,30,61,115,84,56,53,57,95,163,88,57,6,0,0,0,8
8,8,0,3,6,7,12,11,33,55,60,54,27,26,44,68,89,54,23,3,0,0,0,1
11,8,6,4,10,12,10,14,19,53,51,18,13,14,41,53,54,45,9,0,0,1,0,1
0,11,3,9,12,9,14,15,52,51,46,12,10,13,50,58,65,24,7,0,0,0,0,3
0,7,4,12,8,3,12,15,30,70,54,14,10,15,46,59,54,21,12,0,0,0,0,0
0,0,0,2,0,6,10,14,52,51,57,12,8,11,23,50,50,10,7,0,0,0,0,0
0,0,0,0,1,4,7,14,49,55,41,21,13,8,30,51,28,8,0,0,0,0,0,4
0,2,0,0,4,7,11,15,28,53,37,9,12,9,20,34,13,2,9,0,0,5,0,0
9,9,0,5,5,1,2,10,14,52,14,11,8,5,14,19,12,7,2,0,0,0,0,0
11,9,4,4,0,7,5,0,14,25,14,12,10,10,8,13,12,11,5,6,0,0,6,5
0,7,8,0,0,0,6,0,8,20,18,8,7,7,32,5,5,0,0,2,4,0,3,1
8,7,0,3,4,4,0,6,3,11,16,11,4,10,13,7,8,4,0,7,4,7,0,4

0,0,0,0,0,9,10,0,0,0,0,0,3,8,12,13,13,10,12,12,11,13,13,13
0,0,4,8,13,13,19,24,23,13,9,4,13,24,39,52,51,56,52,40,28,30,37,27
0,1,0,13,14,19,42,29,50,51,55,58,55,54,55,56,60,60,55,47,36,32,40,40
0,5,9,10,19,40,35,52,53,53,60,71,78,75,67,60,71,59,54,41,34,36,46,51
4,0,4,14,33,36,58,59,57,54,54,68,63,64,66,71,59,56,51,55,50,50,52,56
0,0,0,8,19,13,28,45,38,40,32,37,34,40,51,57,50,29,46,47,45,41,51,54
3,0,0,10,5,9,13,12,33,53,74,73,64,54,9,26,11,5,7,4,3,7,3,8
0,3,0,6,13,46,37,39,24,57,78,94,106,83,59,59,69,66,55,50,10,6,2,0
0,0,7,12,14,6,7,7,11,58,100,123,120,98,78,82,85,71,57,46,8,0,0,0
9,10,13,33,12,13,8,7,9,68,122,136,131,113,81,89,104,97,66,34,12,8,0,0
10,21,50,14,7,4,2,7,22,70,113,137,135,142,99,100,116,110,67,51,19,11,0,0
4,36,49,8,14,8,0,11,39,66,109,114,148,150,115,117,131,103,71,56,19,4,0,0
3,19,38,37,21,6,4,8,3,55,105,129,143,123,107,104,122,129,104,64,12,0,0,2
0,0,0,5,10,0,0,0,2,14,101,114,112,104,104,102,108,101,80,50,2,0,0,0
0,0,0,1,5,26,11,14,10,38,92,99,63,76,59,71,72,55,50,30,14,3,0,0
0,1,0,1,1,13,64,59,15,50,71,74,65,64,61,75,89,57,60,2,0,0,0,4
0,3,6,0,1,11,31,14,11,46,56,70,69,79,71,68,101,80,55,15,6,4,0,5
3,5,10,11,14,21,29,12,33,42,52,59,82,113,80,95,82,58,44,38,25,5,0,2
0,6,1,10,11,13,11,5,37,54,59,121,128,131,115,82,111,102,91,50,13,0,0,0
0,0,9,2,7,7,10,12,102,102,124,135,117,114,101,100,105,69,67,62,21,4,1,0
0,0,1,0,0,5,4,40,102,122,123,121,119,124,97,83,93,103,53,34,18,6,0,0
0,0,2,3,10,12,12,27,95,100,113,109,108,127,130,122,104,61,50,46,14,0,0,0
6,4,3,3,9,5,12,47,86,105,122,127,116,113,129,124,87,43,79,38,24,0,0,3
0,1,9,10,10,7,26,80,109,117,125,133,124,114,109,108,100,106,100,80,16,0,0,0
9,6,2,6,12,10,14,93,109,116,134,135,118,102,84,100,103,105,101,73,50,5,2,0
5,5,2,8,12,9,10,39,106,116,127,128,112,101,100,102,106,109,108,104,17,12,2,6
13,5,6,1,6,6,10,63,108,112,114,119,106,92,66,100,94,102,100,61,24,0,7,4
9,8,9,0,0,0,0,42,102,99,109,103,103,72,52,67,64,103,105,56,9,0,0,0
6,13,14,10,9,1,0,26,101,87,89,69,59,54,51,69,100,92,101,13,10,1,0,5
0,3,9,0,1,0,0,13,50,54,57,54,52,47,57,70,63,58,51,5,0,2,0,0
1,0,3,9,8,11,0,5,34,58,78,65,52,47,51,58,53,50,39,13,1,0,0,0
0,8,4,15,8,13,10,12,35,66,107,80,55,61,52,76,114,80,21,12,0,0,0,4
9,5,0,4,9,12,12,14,30,61,115,84,56,53,57,95,163,88,57,6,0,0,0,8
8,7,0,3,6,7,12,11,33,55,61,54,27,27,43,68,89,54,24,2,0,0,0,1
11,8,6,4,10,12,10,14,19,53,51,18,13,14,41,53,54,47,9,0,0,1,0,1
0,11,3,9,12,9,14,15,52,51,46,12,10,13,50,58,65,24,7,0,0,0,0,3
0,8,4,13,8,3,12,14,30,70,54,15,10,14,47,58,54,21,12,0,0,0,0,0
0,0,0,2,0,6,10,14,52,51,57,12,8,11,23,50,50,9,7,0,0,0,0,0
0,0,0,0,1,4,7,14,49,55,41,21,13,8,30,51,28,8,0,0,0,0,0,4
0,2,0,0,5,6,11,17,27,54,37,9,12,9,20,35,13,2,9,0,0,5,0,0
9,9,0,5,5,1,2,10,14,52,14,11,8,5,14,20,13,7,2,0,0,0,0,0
11,9,4,4,0,7,5,0,14,26,14,12,10,10,8,13,12,11,5,6,0,0,6,5
0,7,8,0,0,0,6,0,8,20,18,8,7,7,31,5,5,0,0,2,4,0,3,0
8,7,0,3,4,4,0,6,3,11,15,11,4,10,13,7,8,4,0,7,4,7,0,4

0,0,0,0,0,9,10,0,0,0,0,0,3,8,12,13,13,10,12,12,11,13,13,13
0,0,4,8,13,13,19,24,23,13,9,4,13,24,37,52,50,56,52,42,27,31,37,27
0,1,0,13,14,19,42,29,50,52,55,58,55,54,55,56,61,61,55,47,37,32,43,40
0,5,9,10,19,40,35,52,53,53,61,71,78,75,67,60,71,59,53,41,34,35,45,52
5,0,4,14,33,36,58,59,57,54,54,69,63,64,66,71,59,56,52,55,48,50,52,55
0,0,0,8,19,13,28,45,38,39,32,37,34,40,51,57,50,29,46,47,45,41,51,54
3,0,0,10,5,9,13,12,35,53,74,73,64,54,9,29,11,5,7,4,3,7,4,8
0,3,0,6,12,45,35,41,24,56,78,94,106,82,59,59,69,66,55,50,10,6,2,0
0,0,7,12,14,6,7,7,11,58,100,123,119,98,79,82,85,71,58,46,8,0,0,0
9,10,13,34,12,13,8,7,9,67,122,137,131,113,81,90,104,98,66,35,12,8,0,0
10,21,50,14,7,4,2,7,22,70,113,137,135,142,99,101,116,110,67,51,18,11,0,0
4,36,49,8,14,8,0,11,39,66,109,114,148,150,115,117,131,103,71,56,20,4,0,0
3,19,38,37,21,6,4,8,3,55,105,129,143,123,107,104,122,129,104,64,12,0,0,2
0,0,0,5,10,0,0,0,2,14,101,114,112,104,104,102,108,101,79,50,2,0,0,0
0,0,0,1,5,26,11,14,10,37,92,99,64,76,59,71,72,55,50,30,14,3,0,0
0,1,0,1,1,13,64,58,15,50,70,74,65,64,61,75,88,58,60,2,0,0,0,4
0,3,6,0,1,11,31,14,11,47,56,70,69,80,71,68,101,80,55,14,6,4,0,5
3,5,10,11,14,21,29,12,33,41,53,59,82,113,80,95,81,58,44,38,26,5,0,2
0,6,1,10,11,13,11,5,38,54,60,121,128,131,115,82,111,102,90,50,13,0,0,0
0,0,9,2,6,7,10,12,102,102,125,134,117,114,101,100,105,69,67,62,21,4,1,0
0,0,1,0,0,5,5,41,102,122,123,121,119,124,97,83,93,103,53,34,18,6,0,0
0,0,2,3,10,12,12,28,95,99,113,109,108,127,130,122,104,61,50,46,14,0,0,0
6,4,3,3,9,5,12,48,86,105,122,128,116,112,129,124,87,43,80,38,24,0,0,3
0,1,9,10,10,7,26,81,109,117,125,133,124,114,109,108,100,106,100,80,15,0,0,0
9,6,2,6,12,10,14,93,109,115,134,135,118,102,83,100,103,105,101,73,51,5,2,0
5,5,2,8,12,9,10,40,106,116,127,128,112,101,100,102,106,109,108,104,19,12,2,6
13,5,6,1,6,6,10,63,108,112,114,119,106,92,65,100,94,101,100,61,24,0,7,4
9,8,9,0,0,0,0,43,102,98,109,103,103,72,53,67,64,103,105,56,9,0,0,0
6,13,14,10,9,1,0,23,101,87,88,69,59,54,51,69,100,92,101,12,10,2,0,5
0,3,9,0,1,0,0,13,50,53,57,54,52,47,57,70,64,58,51,5,0,2,0,0
1,0,3,9,8,11,0,4,35,58,78,65,52,47,51,58,53,50,39,13,1,0,0,0
0,8,4,15,8,13,10,12,36,66,107,81,55,61,52,76,114,80,21,12,0,0,0,4
9,5,0,4,9,12,12,14,31,61,115,84,56,53,57,95,163,88,57,6,0,0,0,8
8,8,0,3,6,7,12,11,34,55,61,54,27,27,45,68,89,54,24,3,0,0,0,1
11,8,6,4,10,12,10,14,19,53,51,19,13,14,40,53,54,46,9,0,0,2,0,1
0,11,3,9,12,9,14,15,52,51,46,12,10,13,50,58,65,24,7,0,0,0,0,3
0,8,4,12,8,3,12,15,30,70,54,15,10,16,47,59,54,21,11,0,0,0,0,0
0,0,0,2,0,6,10,14,52,51,57,12,8,11,24,50,50,10,7,0,0,0,0,0
0,0,0,0,1,4,7,14,50,55,41,22,13,8,30,51,29,8,0,0,0,0,0,4
0,2,0,0,4,7,11,16,28,53,36,9,12,9,20,34,13,2,9,0,0,5,0,0
9,9,0,5,5,1,2,10,14,51,14,11,8,5,14,20,12,7,2,0,0,0,0,0
11,9,4,4,0,7,5,0,14,27,14,12,10,10,8,13,12,11,5,6,0,0,6,5
0,7,8,0,0,0,6,0,8,20,17,8,7,7,31,5,5,0,0,2,4,0,3,1
8,7,0,3,4,4,0,6,3,11,16,11,4,10,13,7,8,4,0,7,4,7,0,4

0,0,0,0,0,8,10,0,0,0,1,0,3,8,12,13,13,10,12,12,11,13,13,13
0,0,4,8,13,13,17,24,23,13,9,4,13,24,37,52,51,56,52,42,29,31,37,29
0,1,0,13,14,19,42,29,50,52,55,59,55,54,55,56,60,60,55,47,36,32,41,40
0,5,9,10,20,40,35,52,53,53,61,71,78,75,67,60,71,59,53,42,34,35,46,52
5,0,4,14,33,36,58,59,57,54,54,69,63,64,66,71,59,56,52,55,48,50,52,55
0,0,0,8,19,13,28,45,38,39,32,37,34,41,51,57,50,29,46,48,46,42,51,55
3,0,0,10,5,9,13,12,35,53,74,73,64,54,9,29,12,5,7,4,3,7,3,8
0,3,0,6,12,46,36,41,23,57,78,94,106,83,59,59,69,66,54,50,11,6,3,0
0,0,7,12,14,6,7,7,11,58,100,123,120,98,78,82,85,71,58,46,8,0,0,0
9,10,12,35,12,13,8,7,9,67,122,137,131,113,81,90,104,98,66,35,12,8,0,0
10,20,50,14,7,4,2,7,23,70,113,137,135,142,99,101,116,111,67,51,19,11,0,0
5,36,48,8,14,8,0,11,39,66,109,115,149,150,115,117,131,103,71,56,21,4,0,0
3,19,38,37,21,6,4,8,4,55,105,129,143,123,107,104,122,129,105,65,12,0,0,2
0,0,0,5,10,0,0,0,2,14,101,114,112,104,104,102,108,101,80,50,2,0,0,0
0,0,0,1,5,26,11,14,10,38,92,99,64,77,59,71,72,55,50,30,14,3,0,0
0,1,0,2,1,13,64,58,15,50,71,74,65,65,62,76,90,58,60,2,0,0,0,4
0,3,6,0,1,11,31,14,11,47,56,70,69,79,71,68,101,81,55,15,6,4,0,5
3,5,10,11,14,21,29,12,33,42,52,59,82,113,80,95,82,58,44,38,26,5,0,2
0,6,1,10,11,13,11,5,37,54,60,120,128,131,115,82,111,102,90,50,13,0,0,0
0,0,9,2,7,7,9,12,102,102,124,134,117,114,101,100,105,68,67,61,20,4,2,0
0,0,1,0,0,5,5,40,102,121,122,121,119,124,97,83,92,102,53,34,18,5,0,0
0,0,2,4,10,12,12,28,94,99,112,108,107,126,129,122,104,61,50,47,14,0,0,0
6,4,3,3,9,5,12,47,86,105,122,127,116,112,129,124,87,42,79,38,24,0,0,3
0,1,9,10,10,7,26,81,109,117,125,133,124,113,109,108,100,106,100,80,16,0,0,0
9,6,2,6,12,10,14,92,109,115,134,135,117,102,83,100,103,104,101,72,50,5,2,0
5,5,2,8,12,9,10,40,106,116,127,128,111,101,100,102,106,109,108,104,17,12,2,6
13,5,6,1,6,6,10,62,108,112,114,119,106,91,65,100,94,101,100,61,22,0,7,4
9,8,9,0,0,0,0,42,102,98,109,103,103,73,52,67,64,103,105,57,9,0,0,0
6,13,14,10,9,1,0,25,101,87,89,69,59,54,51,69,100,92,101,13,10,2,0,5
0,3,9,0,1,0,0,13,50,54,57,54,52,47,58,70,63,58,51,5,0,2,0,0
1,0,3,9,8,11,0,4,35,58,78,65,52,46,51,58,53,50,39,13,1,0,0,0
0,8,4,15,8,13,10,12,36,66,107,80,55,61,52,76,114,80,22,12,0,0,0,4
9,5,0,4,9,12,12,14,31,61,115,84,56,53,57,95,163,89,57,6,0,0,0,8
8,8,0,3,6,7,12,11,33,55,61,54,27,26,45,68,90,54,23,2,0,0,0,1
11,8,6,4,10,12,10,14,19,53,51,19,13,14,41,53,54,46,9,0,0,2,1,0
0,11,3,9,12,9,14,15,52,51,46,13,10,14,50,58,65,25,7,0,0,0,0,3
0,7,4,12,8,4,12,15,31,71,54,15,10,15,46,58,54,22,12,0,0,0,0,0
0,0,0,3,0,6,10,14,52,51,58,12,8,11,24,50,50,10,7,0,0,0,0,0
0,0,0,0,1,4,7,14,50,55,43,22,13,8,30,51,28,8,0,0,0,0,0,4
0,2,0,0,4,6,11,17,29,54,37,9,12,9,20,36,13,2,9,0,0,5,0,0
9,9,0,5,5,1,2,10,14,51,14,11,8,5,14,20,13,7,2,0,0,0,0,0
11,9,4,4,0,7,5,0,14,27,14,12,10,10,8,13,12,11,5,6,0,0,6,5
0,7,8,0,0,0,6,0,8,20,18,8,7,7,31,5,5,0,0,2,4,0,3,0
8,7,0,3,4,4,0,6,3,11,16,11,4,10,13,7,8,4,0,7,4,7,0,4

0,0,0,0,0,9,10,0,0,0,0,0,3,8,12,13,13,10,12,12,11,12,13,13
0,0,5,8,13,13,19,24,23,13,9,4,13,24,39,52,51,56,52,42,28,30,38,30
0,1,0,13,14,19,42,29,50,51,55,58,55,54,55,56,60,60,55,46,33,31,40,38
0,5,9,10,20,40,35,52,53,53,61,71,78,75,67,60,71,58,53,42,35,36,47,52
5,0,4,14,33,36,58,59,57,54,54,68,63,64,66,71,59,56,52,55,48,50,52,55
0,0,0,8,19,13,28,45,38,39,32,36,34,41,51,57,49,29,45,47,46,41,51,55
3,0,0,10,5,9,13,12,33,52,74,73,64,54,9,27,11,5,7,3,3,7,3,9
0,3,0,6,12,45,37,41,23,57,78,94,106,83,59,59,69,66,54,50,10,6,3,0
0,0,7,12,14,6,7,7,11,58,100,123,121,100,80,83,86,71,57,46,8,0,0,0
9,10,13,35,12,13,8,7,9,68,122,137,132,115,82,91,105,97,66,35,12,8,0,0
11,22,50,14,7,4,2,7,22,70,112,136,137,145,101,102,117,110,67,51,18,12,0,0
5,37,49,8,14,8,1,11,39,65,109,114,150,153,117,119,132,103,71,56,22,4,0,0
3,18,38,37,21,6,5,8,3,53,105,129,143,125,110,107,125,128,104,62,12,0,0,2
0,0,0,5,10,0,0,0,2,14,101,113,113,106,106,103,109,101,77,48,2,0,1,0
0,0,0,1,4,25,11,14,10,31,88,97,65,80,60,72,74,55,50,25,13,3,0,0
0,1,0,2,1,13,64,58,15,36,69,73,65,65,62,77,91,57,55,0,0,0,0,5
0,3,6,0,1,11,30,14,11,41,56,69,69,81,73,69,102,79,53,13,6,4,0,6
3,6,10,11,14,22,29,13,32,41,52,59,83,115,82,97,83,58,44,38,25,4,0,2
0,6,1,10,11,13,11,5,36,53,60,122,128,132,116,83,112,102,90,50,12,0,0,0
0,1,9,2,7,7,9,12,102,101,123,135,117,115,102,101,105,69,66,61,18,4,1,0
0,0,1,0,0,5,5,40,102,121,122,121,119,124,97,84,93,103,52,33,16,5,0,0
0,0,2,4,10,12,12,27,94,98,112,108,107,126,130,123,104,60,49,45,13,0,0,0
6,4,3,3,9,5,12,47,85,105,122,127,115,112,129,124,86,42,77,37,23,0,0,3
0,1,9,10,10,7,25,81,109,117,125,132,124,113,109,108,100,106,100,80,15,0,0,0
9,6,2,6,12,10,14,93,109,115,134,134,117,102,83,100,103,105,101,71,51,5,2,0
5,5,2,8,12,9,10,40,106,116,127,128,111,101,100,102,106,109,108,104,17,12,2,6
13,5,6,1,6,6,10,62,108,111,114,119,105,91,65,100,94,101,100,59,22,0,7,4
9,8,9,0,0,0,0,41,102,98,109,103,103,72,52,67,65,103,105,57,9,0,0,0
6,13,14,10,9,1,0,23,101,86,88,69,59,54,51,69,100,92,101,12,10,2,0,6
0,3,9,0,1,0,0,13,50,53,57,54,52,47,58,70,63,59,51,5,0,2,0,1
1,0,3,9,8,11,0,4,34,58,78,65,52,46,51,58,53,50,39,13,1,0,0,0
0,8,4,15,8,13,10,12,36,66,107,80,55,61,52,76,114,80,21,12,0,0,0,4
9,5,0,4,9,12,12,14,30,61,115,84,56,53,57,95,163,89,57,6,0,0,0,8
9,8,0,2,6,7,12,11,33,55,61,54,28,27,44,68,90,54,24,3,0,0,0,1
11,8,6,4,10,12,10,14,19,53,51,18,13,14,41,53,54,46,9,0,0,2,0,0
0,11,3,9,12,9,14,15,52,51,47,12,10,13,50,58,65,25,7,0,0,0,0,3
0,7,4,13,8,3,12,15,30,70,54,14,10,16,47,58,54,21,11,0,0,0,0,0
0,0,0,3,0,6,10,14,52,51,58,12,8,11,25,50,50,10,8,0,0,0,0,0
0,0,0,0,1,4,7,14,50,55,42,22,13,8,30,51,29,8,0,0,0,0,0,4
0,2,0,0,5,7,11,16,29,53,36,9,12,9,21,35,14,2,9,0,0,6,0,0
9,9,0,5,5,1,2,10,14,51,14,11,8,5,14,20,12,7,2,0,0,0,0,0
11,9,4,4,0,7,5,0,14,27,14,12,10,10,8,13,12,11,5,6,0,0,6,5
0,7,8,0,0,0,6,0,8,20,18,9,7,7,31,5,5,0,0,2,4,0,3,1
8,7,0,3,4,4,0,6,3,11,16,11,4,10,13,7,8,4,0,7,4,7,0,4

0,0,0,0,0,9,10,0,0,0,0,0,3,8,12,13,13,10,12,12,11,12,13,13
0,0,5,8,13,13,17,24,23,12,9,4,13,24,37,52,51,56,52,42,29,31,38,30
0,1,0,13,14,17,42,29,50,51,55,58,54,54,55,56,60,60,55,47,35,31,40,40
0,5,9,10,21,40,35,52,53,53,60,71,78,75,67,60,71,58,53,42,34,35,47,52
5,0,4,14,33,36,58,59,57,54,54,68,63,64,66,71,59,56,51,55,50,50,52,55
0,0,0,8,19,13,29,44,38,39,31,36,34,40,51,57,50,29,46,48,45,42,51,54
3,0,0,10,5,9,13,12,34,53,74,73,64,54,9,27,12,5,7,4,3,7,3,9
0,3,0,6,12,46,36,41,23,56,78,94,106,83,59,59,69,66,55,50,11,6,3,0
0,0,7,12,14,6,7,7,11,58,100,123,120,99,79,82,86,71,58,46,8,0,0,0
9,10,13,35,12,13,8,7,9,67,122,137,132,115,82,91,105,98,66,35,12,8,0,0
10,21,50,14,7,4,2,7,23,70,113,137,137,144,101,102,117,111,67,51,19,12,0,0
5,36,49,8,14,8,1,11,39,66,109,115,150,152,116,118,132,104,71,56,22,4,0,0
3,18,38,37,21,6,4,9,3,54,105,129,143,124,109,105,123,129,104,64,12,0,0,2
0,0,0,5,10,0,0,0,2,14,101,113,113,105,105,103,108,101,78,50,2,0,1,0
0,0,0,1,5,25,11,14,10,34,90,98,65,78,60,72,73,55,50,27,14,3,0,0
0,1,0,1,1,13,64,58,15,43,70,73,65,65,62,76,90,57,56,1,0,0,0,4
0,3,6,0,1,11,30,14,11,43,56,69,69,80,72,68,101,79,54,14,6,4,0,5
3,5,10,11,14,21,29,13,32,42,53,59,82,114,81,96,82,57,44,38,25,5,0,2
0,6,1,10,11,13,11,5,37,54,60,121,128,132,115,83,111,102,89,50,13,0,0,0
0,1,9,2,7,7,10,12,102,101,124,135,117,115,101,100,105,69,66,61,20,4,2,0
0,0,1,0,0,5,5,40,102,121,122,121,119,124,97,84,93,103,52,34,17,5,0,0
0,0,2,4,10,12,12,28,94,99,112,108,108,127,130,123,104,61,49,45,14,0,0,0
6,4,3,3,9,5,12,47,86,105,122,127,116,112,129,124,86,42,78,37,24,0,0,3
0,1,9,10,10,7,26,81,109,117,125,133,124,113,109,108,100,106,100,80,15,0,0,0
9,6,2,6,12,10,14,93,109,115,134,134,117,102,83,98,103,105,101,73,50,5,2,0
5,5,2,8,12,9,10,41,106,116,127,128,111,101,100,102,106,109,108,104,19,12,2,6
13,5,6,1,6,6,10,63,108,112,114,119,106,91,65,100,96,101,100,62,24,0,7,4
9,8,9,0,0,0,0,42,102,98,109,103,103,73,52,67,65,103,105,57,9,0,0,0
6,13,14,10,9,1,0,25,101,87,88,69,59,54,52,69,100,92,101,12,10,2,0,6
0,3,9,0,1,0,0,13,50,54,57,54,52,47,58,70,63,58,52,5,0,2,0,1
1,0,3,9,8,11,0,5,34,58,78,65,52,47,51,58,53,50,39,13,1,0,0,0
0,8,4,15,8,13,10,12,36,66,107,81,55,61,53,76,114,80,21,12,0,0,0,4
9,5,0,4,9,12,12,14,30,61,115,84,56,53,57,95,164,89,57,6,0,0,0,8
8,8,0,3,6,7,12,11,33,55,60,54,27,27,45,69,90,54,25,3,0,0,0,1
11,8,6,4,10,12,10,14,19,53,51,18,13,14,41,53,54,46,9,0,0,2,0,1
0,11,3,9,12,9,14,15,52,51,46,12,10,14,50,58,65,25,7,0,0,0,0,3
0,8,4,12,8,3,12,15,30,70,54,15,10,15,48,58,54,22,12,0,0,0,0,0
0,0,0,3,0,6,10,14,52,51,57,12,8,11,24,50,50,10,8,0,0,0,0,0
0,0,0,0,1,4,7,14,48,55,43,21,13,9,31,51,28,9,0,0,0,0,0,4
0,2,0,0,5,7,11,16,28,53,36,9,12,9,20,35,14,2,9,0,0,5,0,0
9,9,0,5,5,1,2,10,14,51,14,11,8,5,14,20,12,7,2,0,0,0,0,0
11,9,4,4,0,7,5,0,14,26,14,12,10,10,8,13,12,11,5,6,0,0,6,5
0,7,8,0,0,0,6,0,8,20,18,9,7,7,31,5,5,0,0,2,4,0,3,1
8,7,0,3,4,4,0,6,3,11,15,11,4,10,13,7,8,4,0,7,4,7,0,4

0,0,0,0,0,8,10,0,0,0,0,0,0,6,11,12,12,10,12,13,13,15,30,31
0,0,4,9,13,13,19,25,23,13,9,2,12,14,19,37,35,51,50,37,33,40,50,51
0,3,0,14,14,19,42,29,50,52,58,57,54,52,53,54,55,58,50,40,33,29,45,50
0,5,9,10,22,41,35,53,54,54,62,72,77,71,61,56,64,56,50,37,30,33,42,46
6,0,4,14,34,36,59,61,61,56,56,70,63,61,63,65,56,53,38,50,34,43,51,52
0,0,0,8,22,14,40,60,54,53,38,38,35,37,39,50,30,14,36,34,35,32,45,44
3,0,0,10,6,10,58,53,51,53,71,72,70,59,10,11,2,0,4,3,3,6,3,8
0,4,0,5,11,50,50,50,20,53,74,96,119,92,57,18,11,54,44,36,10,6,5,0
0,0,7,11,13,7,9,7,7,50,78,125,142,112,73,69,60,59,53,34,6,0,0,0
8,9,10,29,13,14,9,8,8,48,86,123,166,130,88,73,67,68,59,32,11,9,0,1
8,11,32,13,8,6,4,9,14,59,87,124,157,152,116,100,100,92,63,50,14,12,2,0
2,13,15,7,16,8,2,9,20,55,90,106,149,157,123,111,121,93,66,54,16,5,0,0
2,10,11,19,25,7,0,9,4,12,102,119,142,130,109,104,114,113,101,59,10,0,0,1
0,0,0,0,10,0,0,1,0,11,95,108,111,104,103,102,108,89,63,38,4,0,0,0
0,0,0,1,5,51,45,27,16,26,83,94,67,78,60,72,75,56,50,14,8,0,0,0
0,1,0,4,6,28,122,102,40,16,67,72,64,64,62,76,88,56,33,0,0,0,1,5
0,3,5,0,4,14,52,47,11,38,56,68,68,80,72,68,100,76,50,13,9,7,0,6
3,4,12,12,17,28,32,14,35,44,56,62,83,115,80,95,81,56,43,35,20,3,0,2
0,3,0,11,10,17,14,9,59,61,65,131,129,132,115,83,111,101,83,31,11,0,0,0
0,0,7,4,3,7,11,37,110,130,190,148,119,115,102,101,105,69,60,47,12,4,1,0
0,0,0,0,0,0,9,78,113,143,145,135,126,127,102,87,96,103,50,25,13,3,0,0
0,0,2,3,10,12,16,43,122,127,132,128,120,134,136,125,105,60,44,30,12,0,0,0
6,4,0,1,9,6,18,77,105,114,132,139,125,117,133,128,91,41,73,33,15,0,0,5
0,0,8,10,10,8,45,100,113,123,132,140,130,116,111,109,100,106,97,71,12,0,0,0
9,5,0,6,10,8,18,102,113,121,140,139,120,103,83,100,103,104,101,63,14,6,3,0
5,3,2,7,9,10,12,58,109,121,132,131,113,101,98,102,106,109,107,103,13,12,2,6
13,4,5,0,6,8,11,77,112,117,118,122,106,90,68,98,93,101,99,54,15,0,8,4
8,7,10,0,1,0,1,57,106,102,112,104,103,69,55,67,64,103,104,43,8,0,0,0
6,13,14,9,13,4,2,43,104,98,95,70,58,54,51,68,100,91,100,9,10,4,0,5
0,6,8,0,0,0,0,17,55,57,59,54,52,47,57,70,63,58,43,2,0,2,0,1
3,0,2,4,7,12,0,9,40,62,81,64,50,45,51,59,53,50,34,13,0,0,0,0
0,8,3,14,5,13,9,13,46,75,110,78,53,61,54,80,114,76,17,12,0,0,0,4
9,5,0,3,9,12,11,14,34,66,112,74,55,53,58,98,159,80,55,6,0,0,0,9
8,8,0,3,7,5,11,10,35,55,59,51,20,24,46,68,85,52,23,3,0,0,0,1
11,8,8,5,11,11,9,13,21,53,50,15,12,14,44,54,52,38,9,0,0,3,1,1
0,11,4,9,11,9,14,14,53,51,35,10,9,13,50,58,61,18,7,0,0,0,0,3
0,8,4,12,8,3,11,14,31,70,52,14,10,14,45,59,53,14,11,0,0,0,0,0
0,0,0,3,0,5,9,13,52,50,52,11,8,11,22,50,39,9,7,0,0,0,0,0
0,0,0,0,1,4,7,14,45,54,36,21,13,8,27,50,20,8,0,0,0,0,0,4
0,3,0,0,4,6,11,14,21,52,24,8,12,8,17,20,12,2,9,0,0,5,0,0
9,9,0,5,4,1,2,9,13,38,13,11,8,5,13,15,12,6,2,1,0,0,0,0
11,9,4,4,0,7,5,0,13,15,13,11,10,9,5,12,12,10,5,7,0,0,6,5
0,7,8,0,0,0,6,0,7,17,14,8,7,6,20,4,4,0,0,2,4,0,3,0
8,7,0,3,4,5,0,6,2,10,14,10,4,9,12,7,7,4,0,7,4,6,0,4

0,0,0,0,2,8,9,0,0,0,2,0,1,0,9,9,8,8,12,14,14,43,52,50
0,0,4,10,12,13,14,21,22,13,9,4,7,11,12,13,13,41,43,37,39,41,54,55
1,3,0,12,12,13,35,27,45,51,55,55,54,52,50,51,43,51,43,34,28,25,37,47
0,5,8,6,13,31,32,50,51,52,60,73,78,70,56,52,53,49,39,31,25,30,34,19
9,0,0,11,23,29,51,53,53,53,54,73,62,58,55,54,53,47,13,21,14,26,40,27
3,2,0,4,8,10,11,22,31,35,30,35,34,43,39,36,16,11,13,12,13,14,21,6
4,0,0,10,3,0,4,10,13,13,19,52,65,76,62,53,5,0,1,0,0,4,1,3
0,8,0,0,0,10,8,29,13,12,50,55,105,121,92,67,30,11,6,11,5,5,5,0
0,0,7,7,4,0,8,9,7,13,50,63,129,146,123,82,56,53,53,53,14,1,0,0
9,10,0,10,9,13,7,7,8,8,24,67,141,161,133,92,64,59,65,59,50,11,1,0
5,7,7,7,11,10,3,10,12,14,58,77,135,180,148,116,101,97,83,62,36,14,5,0
0,9,11,0,12,4,3,5,10,14,60,74,133,163,145,121,117,98,92,65,50,8,0,0
0,1,0,3,15,12,0,6,3,6,79,106,129,135,117,104,112,110,111,103,39,3,0,0
0,0,0,0,6,1,6,0,0,11,76,103,106,105,103,102,108,95,78,64,13,0,0,0
0,0,0,3,1,22,43,47,14,13,77,91,64,76,60,71,77,57,51,50,11,0,0,0
0,1,0,3,7,23,104,108,52,25,65,70,64,64,62,74,89,58,64,4,0,0,0,5
0,4,6,0,6,13,50,51,11,44,55,69,68,80,72,67,101,80,56,14,9,7,0,5
4,5,12,12,16,28,31,14,36,44,57,62,83,115,81,94,81,57,44,36,20,2,1,2
0,5,1,11,10,14,12,14,60,64,66,127,130,132,115,82,111,101,84,35,10,0,0,0
0,0,8,5,5,7,11,34,111,135,168,144,119,116,102,101,105,68,59,51,11,3,1,0
0,0,1,0,0,0,8,75,114,143,144,133,124,127,101,85,94,102,50,26,12,3,0,0
0,0,2,3,11,12,15,42,120,124,131,125,118,133,134,124,104,59,43,31,12,0,0,0
6,4,0,2,10,8,20,71,103,113,130,137,123,117,132,126,88,41,72,35,14,0,0,5
0,1,9,10,11,9,40,100,113,122,131,139,128,116,111,109,100,106,98,73,13,0,0,0
10,6,1,6,11,9,18,102,112,120,139,138,120,103,84,100,103,104,101,65,19,5,2,0
5,4,2,9,9,9,11,55,108,120,131,130,112,101,100,102,106,109,107,103,13,12,3,7
13,4,6,0,6,7,11,73,111,115,117,121,106,92,68,100,94,101,100,57,15,0,8,4
9,8,10,0,1,0,1,53,105,101,111,104,103,71,55,67,64,103,104,51,8,0,0,0
6,13,14,9,11,4,0,37,103,94,93,70,58,54,52,69,100,91,101,10,10,3,0,6
0,5,8,0,1,0,0,15,53,56,58,54,52,47,58,70,63,58,50,3,0,2,0,1
3,0,3,6,7,11,0,7,39,61,80,65,51,46,51,59,53,50,36,13,0,0,0,0
0,8,4,14,5,14,10,12,43,73,111,79,54,61,53,79,114,77,19,13,0,0,0,4
9,5,0,4,9,12,11,14,35,66,119,81,56,54,58,97,161,83,56,6,0,0,0,9
8,8,0,3,7,6,11,11,33,55,61,53,24,25,45,68,87,52,23,3,0,0,0,1
11,8,7,4,10,12,10,13,18,52,50,17,13,14,41,53,53,42,9,0,0,3,1,1
0,11,3,9,11,9,14,14,51,50,40,10,9,13,50,58,63,22,7,0,0,0,0,3
0,8,4,12,8,3,11,13,29,69,53,14,10,14,46,58,53,15,11,0,0,0,0,0
0,0,0,3,0,5,9,12,51,50,54,11,7,10,25,50,46,9,8,0,0,0,0,0
0,0,0,0,1,4,7,13,41,53,37,20,13,8,28,50,25,8,0,0,0,0,0,4
0,3,0,0,4,6,11,14,16,51,27,8,12,9,18,26,13,2,8,0,0,5,0,0
9,9,0,5,4,1,1,8,12,32,13,11,8,5,14,17,12,6,1,0,0,0,0,0
11,9,4,4,0,7,5,0,13,14,13,11,10,10,7,13,12,11,5,6,0,0,6,5
0,7,8,0,0,0,6,0,7,16,14,7,7,7,24,6,5,0,0,2,4,0,3,0
8,7,0,3,4,5,0,6,2,9,14,10,4,9,12,7,7,4,0,7,5,7,0,4

0,0,0,1,2,8,9,0,0,0,1,0,0,0,8,9,6,9,13,14,21,50,53,51
0,0,6,11,12,13,14,21,21,13,9,3,4,10,12,14,14,42,43,39,44,47,58,58
1,4,0,12,12,13,34,26,40,51,53,53,53,50,48,51,36,48,40,34,30,27,43,52
0,5,8,6,13,28,31,48,50,51,58,69,75,68,54,50,46,38,29,27,23,29,33,18
9,0,0,10,23,28,49,52,51,52,53,67,59,55,51,46,50,13,9,12,11,14,29,14
3,3,0,4,5,10,11,18,25,29,23,26,27,38,36,28,14,9,9,10,13,13,12,6
4,0,0,10,3,0,4,11,13,12,13,35,57,66,56,44,5,0,0,0,0,3,0,6
0,8,0,0,0,11,10,25,14,14,46,50,87,105,80,65,45,9,5,14,5,0,5,0
0,0,5,5,0,0,8,10,8,31,50,53,93,119,112,81,55,46,45,52,12,0,0,0
9,10,0,8,6,11,9,7,10,14,29,55,91,125,121,90,61,55,58,56,43,11,0,0
6,7,6,4,10,9,9,11,18,43,56,58,84,136,133,113,96,92,78,58,38,13,9,2
1,11,10,0,1,0,2,4,14,44,56,58,84,126,133,121,108,96,86,68,52,11,0,0
1,2,0,0,0,6,0,8,11,12,52,82,82,118,116,105,112,111,102,106,70,3,0,0
0,0,0,0,7,6,9,3,3,8,40,89,89,102,99,101,113,100,64,54,30,0,0,0
0,0,0,8,10,43,58,73,20,13,34,43,57,71,61,73,89,59,51,33,9,2,0,0
0,2,1,7,13,42,138,149,67,36,56,63,61,62,61,77,92,59,60,0,0,0,0,4
0,6,6,0,9,31,56,63,11,32,53,69,67,80,72,67,101,82,55,14,8,5,0,3
7,6,12,13,19,39,32,14,37,47,65,69,84,117,81,94,82,57,44,35,16,3,4,1
0,5,0,10,11,16,12,16,61,80,113,144,133,135,116,83,111,101,84,32,9,0,0,0
0,0,7,7,7,8,10,36,115,142,235,177,124,119,105,101,106,69,60,51,12,4,0,0
0,0,0,0,0,0,8,81,123,164,168,155,135,133,108,91,100,103,50,26,13,1,0,0
0,0,2,4,11,12,21,48,136,143,148,144,135,144,143,128,108,63,46,32,12,0,0,0
5,3,2,5,12,11,24,75,111,121,139,149,135,123,137,131,95,41,75,34,15,0,0,5
0,2,9,11,12,10,38,100,115,128,139,147,135,119,113,110,100,106,96,73,13,0,0,0
9,6,0,6,11,9,17,102,115,126,145,144,124,103,86,100,103,104,101,66,14,6,3,0
5,4,3,9,8,9,12,55,111,124,135,133,113,101,100,102,106,109,107,103,13,12,2,6
12,3,6,1,7,8,11,70,112,119,119,122,106,89,68,98,93,102,99,57,15,0,8,4
8,7,10,0,1,0,2,51,105,103,112,105,103,68,55,67,65,103,104,50,8,0,0,0
7,13,14,8,13,3,3,33,103,95,94,70,58,53,51,69,100,91,101,10,9,3,0,5
1,7,6,0,0,0,0,14,53,55,58,54,51,46,57,70,63,58,50,3,0,2,0,1
5,0,4,4,7,12,0,11,37,62,81,65,50,45,51,59,53,50,36,13,0,0,0,0
0,9,7,14,6,14,8,14,50,85,123,81,53,61,54,82,117,80,21,13,0,0,0,4
9,8,0,3,9,12,11,14,35,66,102,66,54,53,57,98,162,81,55,6,0,0,0,9
9,8,1,3,8,5,11,10,34,55,56,48,17,23,43,67,85,52,23,3,0,0,0,1
11,8,9,5,11,11,9,13,22,53,38,14,12,14,37,53,53,41,9,0,0,3,1,1
0,11,4,9,11,9,14,14,55,51,31,10,9,12,41,57,63,22,8,0,0,0,0,4
0,8,4,12,8,3,11,14,32,70,51,14,11,13,36,58,53,14,11,0,0,0,0,0
0,0,0,3,0,6,8,13,52,48,45,9,7,9,13,50,46,9,8,0,0,0,0,0
0,0,0,0,1,4,7,13,47,53,28,18,12,6,14,50,22,8,0,0,0,0,0,3
0,3,0,0,5,6,11,14,21,51,17,7,13,10,14,24,12,2,8,0,0,5,0,0
9,9,0,5,4,1,1,8,12,30,12,10,9,6,13,14,11,5,1,0,0,0,0,0
11,10,4,3,0,7,5,0,13,15,13,11,10,9,3,12,12,10,5,6,0,0,6,5
0,7,8,0,0,0,6,0,7,17,14,7,6,6,14,3,4,0,0,1,4,0,3,0
8,7,0,3,4,5,0,6,2,10,14,10,3,8,11,6,7,3,0,7,5,6,0,4

0,0,0,0,0,8,10,0,0,0,2,0,0,0,6,8,5,8,12,14,14,26,49,24
0,0,7,9,12,12,14,19,22,13,10,7,9,13,11,13,14,47,50,46,40,37,51,50
2,5,0,11,12,13,34,26,40,51,58,64,57,53,51,51,14,53,51,48,37,28,22,18
0,5,8,3,12,26,30,48,50,51,61,80,87,75,61,54,59,44,51,38,30,29,32,11
9,0,0,11,17,25,39,51,51,52,54,76,63,60,57,56,53,47,17,21,15,24,25,0
3,0,0,2,2,8,9,13,26,33,23,33,36,54,49,43,31,13,12,11,13,10,6,0
5,1,0,7,1,0,4,11,9,5,11,33,67,86,80,78,12,4,7,3,0,0,0,0
0,9,0,0,0,10,10,37,9,0,1,14,92,128,113,94,65,55,52,54,15,11,4,0
0,0,4,7,6,0,8,7,2,1,14,56,117,140,132,113,69,56,61,64,56,22,0,0
8,8,0,11,11,18,8,6,6,2,7,70,137,146,130,119,77,70,81,81,62,39,7,0
4,6,5,6,18,14,3,6,6,12,41,85,117,153,147,130,102,97,108,98,56,25,2,2
0,9,9,0,9,0,0,0,4,4,60,78,113,141,142,136,121,112,115,101,59,12,0,0
0,0,0,0,15,25,0,8,2,0,72,108,119,128,116,112,111,119,120,106,51,7,1,0
0,0,0,0,7,12,13,2,0,8,67,102,104,102,104,103,110,101,104,73,13,2,4,0
0,0,0,8,5,14,32,50,12,8,67,77,57,72,61,73,79,58,53,51,14,3,2,0
0,1,0,4,9,18,100,100,51,30,63,67,61,63,63,75,90,58,73,10,0,0,0,6
0,5,7,0,7,13,50,53,10,36,53,68,66,80,73,66,101,82,57,24,7,8,1,7
5,6,12,12,16,29,31,14,34,42,55,62,82,115,81,95,82,57,44,38,18,3,1,3
0,8,2,11,10,14,12,14,53,59,63,125,129,132,115,83,111,101,84,37,9,0,0,0
0,1,9,4,7,8,11,26,107,119,140,141,118,115,102,101,105,68,60,53,11,2,1,0
0,0,2,0,0,0,7,63,109,135,135,129,122,126,100,85,92,102,50,27,12,2,0,0
0,0,2,5,11,12,15,37,114,117,125,120,115,132,133,123,103,58,44,34,12,0,0,0
6,4,3,4,11,8,17,64,101,111,128,135,121,115,131,125,86,40,72,36,14,0,0,4
0,2,9,10,11,9,40,97,112,121,130,138,128,115,110,108,100,106,98,77,13,0,0,0
10,6,2,6,12,10,20,101,111,120,138,138,119,102,83,100,103,104,101,66,29,5,2,0
5,5,3,10,10,9,11,53,108,119,130,130,112,101,100,102,106,109,107,103,14,12,3,7
13,5,6,2,7,7,11,68,110,114,116,120,106,92,68,100,95,101,98,59,15,0,8,4
9,8,9,0,1,0,1,52,104,101,110,104,103,72,55,68,64,103,104,54,8,0,0,0
6,13,14,9,9,3,0,33,102,91,91,69,59,54,52,70,100,91,101,11,10,2,0,6
0,4,9,0,0,0,0,14,52,54,58,54,52,47,59,71,63,58,51,3,0,1,0,2
2,0,2,7,7,11,0,6,38,60,79,65,51,46,51,59,53,50,38,13,0,0,0,0
0,8,6,14,4,14,10,12,42,75,113,80,54,61,54,79,114,77,22,13,0,0,0,4
9,6,0,4,9,12,11,14,37,66,115,80,55,53,58,100,165,86,56,6,0,0,0,9
9,8,0,3,7,6,11,11,35,56,61,53,24,26,48,70,90,53,25,2,0,0,0,1
10,8,7,4,10,11,10,14,21,53,51,17,13,14,43,54,54,44,9,0,0,2,1,1
0,11,3,9,11,9,14,16,53,51,44,11,10,13,50,58,64,24,8,0,0,0,0,3
0,7,4,12,8,3,11,14,32,72,53,14,10,14,47,59,54,16,11,0,0,0,0,0
0,0,0,3,0,6,9,14,52,51,56,11,7,10,24,50,48,9,8,0,0,0,0,0
0,0,0,0,1,4,7,14,50,55,40,20,12,7,30,51,25,8,0,0,0,0,0,4
0,2,0,0,4,6,11,17,29,53,30,8,13,11,19,33,13,1,9,0,0,5,0,0
9,9,0,5,4,0,1,9,14,51,14,10,9,7,14,18,12,6,1,0,0,0,0,0
11,10,4,4,0,6,5,0,13,25,14,12,10,10,8,13,12,10,5,6,0,0,6,5
0,7,8,0,0,0,6,0,7,19,18,8,6,7,26,4,4,0,0,2,4,0,3,0
8,7,0,3,4,4,0,6,3,11,16,11,4,9,12,7,7,4,0,7,5,7,0,4

0,0,0,0,1,9,9,0,0,0,0,0,0,0,5,8,6,9,13,14,14,16,37,14
0,0,7,11,13,13,14,21,23,13,10,6,9,13,10,14,17,51,52,50,43,40,50,39
1,5,0,12,13,13,36,27,45,52,58,66,58,54,51,52,28,56,54,51,45,33,30,22
0,5,7,4,13,28,31,50,50,51,61,81,87,75,62,55,62,51,53,41,33,32,35,12
8,0,0,8,21,28,44,52,51,53,55,76,62,60,58,58,54,51,34,38,27,34,34,0
0,0,0,1,1,9,8,14,29,36,24,35,38,56,50,45,35,15,14,13,19,12,6,1
4,0,0,8,1,0,5,12,12,7,12,51,69,88,80,79,12,6,7,5,2,2,0,0
0,7,0,1,0,12,13,46,11,0,10,49,92,126,113,94,66,56,53,56,40,13,5,0
0,0,2,8,9,1,10,9,5,5,27,56,112,136,131,115,70,58,61,63,57,28,0,0
6,6,0,12,13,28,9,6,8,5,10,68,128,141,130,121,77,73,82,80,61,41,8,0
4,6,6,8,32,20,5,8,10,20,46,80,109,151,148,132,104,101,109,97,57,28,2,1
0,9,10,0,11,1,0,0,7,9,57,75,111,143,143,135,122,116,118,102,61,13,0,0
1,0,0,0,16,28,0,10,4,0,56,106,119,131,117,111,111,119,122,108,63,8,1,0
0,0,0,0,7,12,13,2,0,7,60,102,104,102,104,103,110,101,103,76,13,0,3,0
0,0,0,8,5,13,30,50,12,8,60,73,58,72,61,73,81,58,54,52,15,3,2,0
0,1,0,3,8,14,91,95,52,30,62,68,61,63,62,75,91,59,77,12,0,0,0,5
0,5,7,0,6,12,46,53,11,35,53,68,66,80,72,66,102,84,58,34,9,8,1,7
4,5,11,11,15,26,30,14,34,42,54,61,81,114,81,95,83,58,45,39,24,4,0,3
0,7,2,11,10,13,11,13,50,57,62,123,128,132,115,83,112,102,87,45,11,0,0,0
0,1,9,4,7,8,10,14,105,112,135,138,117,114,101,101,105,68,62,56,13,2,1,0
0,0,2,0,0,0,7,58,107,130,131,126,121,125,99,84,92,102,51,29,13,3,0,0
0,0,2,4,11,12,14,35,110,112,121,116,112,130,132,123,103,59,45,38,12,0,0,0
6,4,3,4,11,7,15,61,100,109,126,132,120,115,130,125,85,41,73,36,16,0,0,3
0,2,9,10,11,8,37,94,111,120,129,136,127,115,110,108,100,106,98,77,13,0,0,0
10,6,2,6,12,10,18,101,111,119,137,137,119,102,83,100,103,104,101,68,33,5,2,0
5,5,3,10,10,9,11,52,108,118,129,129,112,101,100,102,106,109,107,103,14,12,3,6
13,5,6,1,7,7,10,68,109,114,116,120,106,91,68,100,94,102,99,59,17,0,7,4
9,8,9,0,1,0,1,51,104,100,110,104,103,72,55,68,64,103,105,55,8,0,0,0
6,13,14,9,9,3,0,31,101,90,90,69,59,54,52,69,100,91,101,12,10,2,0,6
0,4,9,0,0,0,0,14,52,54,58,54,52,46,58,71,63,58,51,4,0,1,0,2
2,0,2,7,7,11,0,6,38,60,79,65,51,46,51,59,53,50,38,13,0,0,0,0
0,8,6,14,4,14,10,12,41,73,113,80,54,61,54,79,114,78,21,13,0,0,0,4
9,6,0,4,9,12,11,14,36,65,115,80,56,53,58,100,166,86,57,6,0,0,0,9
9,8,0,3,7,7,11,11,37,56,61,53,24,26,47,71,91,53,26,2,0,0,0,1
10,8,6,4,10,12,10,14,21,54,51,17,13,14,43,54,54,45,9,0,0,2,1,1
0,11,3,9,11,9,14,17,53,51,44,11,10,13,50,58,64,24,8,0,0,0,0,3
0,7,4,12,8,3,12,14,32,72,53,14,10,14,49,59,54,17,11,0,0,0,0,0
0,0,0,3,0,6,9,14,53,51,56,12,8,10,25,50,49,10,8,0,0,0,0,0
0,0,0,0,1,4,8,14,50,55,40,20,13,8,30,51,26,8,0,0,0,0,0,4
0,2,0,0,4,6,11,16,30,53,28,8,14,11,20,33,13,1,9,0,0,5,0,0
9,9,0,5,4,0,1,9,14,52,14,11,9,7,14,18,12,6,1,0,0,0,0,0
11,9,4,4,0,7,5,0,14,26,14,12,10,10,8,13,12,11,5,6,0,0,6,5
0,7,8,0,0,0,6,0,7,20,17,9,7,7,26,4,4,0,0,2,4,0,3,1
8,7,0,3,4,5,0,6,3,11,15,11,4,10,12,7,8,4,0,7,5,7,0,4

0,0,0,0,1,9,9,0,0,0,0,0,0,0,6,9,7,9,13,14,14,18,37,15
0,0,7,11,13,13,14,21,23,13,10,6,9,13,10,14,17,51,52,50,44,41,50,38
1,4,0,12,13,13,35,27,45,52,58,67,58,54,51,53,32,57,54,51,47,37,31,23
0,4,7,5,13,28,31,50,50,52,61,81,88,75,62,55,62,51,53,42,34,32,36,12
8,0,0,8,22,28,46,52,51,53,55,76,63,60,58,59,55,51,36,41,29,35,36,1
0,0,0,1,1,10,8,14,30,36,24,35,38,56,50,46,35,16,14,14,21,12,7,2
4,1,0,8,1,0,5,12,12,8,13,51,69,87,81,79,13,6,7,5,3,2,0,0
0,7,0,1,0,12,14,48,11,1,11,50,91,125,113,94,66,56,53,56,45,14,6,0
0,0,2,8,9,1,10,9,6,6,31,57,111,135,131,115,71,58,61,63,57,32,0,0
6,6,0,12,13,28,9,7,8,6,11,67,127,141,130,122,78,73,82,79,61,41,9,0
4,6,6,8,32,22,5,8,11,24,50,79,108,151,149,134,104,102,110,97,56,29,3,2
0,9,10,0,11,1,0,0,7,10,57,74,110,143,144,135,122,117,118,102,61,13,0,0
1,1,0,0,16,28,0,10,4,0,55,106,119,132,117,110,111,119,122,108,64,8,2,0
0,0,0,0,7,12,13,2,0,7,60,102,104,102,103,103,110,101,103,76,13,0,3,0
0,0,0,8,4,13,29,49,12,8,62,76,58,72,61,73,80,58,54,52,17,4,2,0
0,1,0,3,8,14,88,93,52,31,63,68,61,63,62,75,91,59,78,12,0,0,0,5
0,5,7,0,6,12,46,53,11,36,53,68,66,80,72,67,102,85,59,37,9,8,2,7
4,5,11,11,15,26,30,14,34,42,54,60,81,114,81,95,83,58,45,39,25,4,1,3
0,7,2,11,10,13,11,13,50,57,62,123,128,131,115,83,112,102,87,47,11,0,0,0
0,1,9,4,7,8,10,14,105,111,135,138,117,114,101,100,105,68,61,55,13,2,1,0
0,0,1,0,0,0,7,57,107,130,131,125,120,125,98,84,92,102,50,29,13,2,0,0
0,0,2,4,11,12,14,35,110,112,120,115,111,129,131,122,103,58,44,38,12,0,0,0
6,4,2,4,11,7,15,61,100,109,126,132,119,114,130,125,85,40,72,37,16,0,0,3
0,2,9,10,11,8,36,93,111,120,129,136,127,114,110,108,100,106,97,76,13,0,0,0
10,6,2,6,12,10,18,101,111,119,137,137,119,102,83,100,103,104,101,68,35,5,2,0
5,5,3,10,10,9,11,52,107,118,129,129,112,101,100,102,106,108,107,103,14,12,3,6
13,5,6,1,7,7,11,67,109,114,116,120,106,91,68,100,94,101,99,59,16,0,8,4
9,8,9,0,1,0,1,51,104,100,110,103,103,70,55,67,64,103,104,55,8,0,0,0
6,13,14,9,9,3,0,32,101,91,90,69,59,54,52,69,100,91,101,12,10,2,0,6
0,4,9,0,0,0,0,14,52,54,58,54,52,47,59,70,63,58,51,4,0,1,0,2
2,0,2,7,7,11,0,6,38,60,79,65,51,46,51,59,53,50,38,13,0,0,0,0
0,8,5,14,4,14,10,12,43,73,112,80,54,60,54,79,114,77,21,13,0,0,0,4
9,6,0,4,9,12,11,14,37,65,115,80,56,53,58,100,166,86,57,6,0,0,0,9
9,8,0,3,7,7,11,11,37,56,60,53,24,25,47,71,91,53,24,2,0,0,0,1
10,8,6,4,10,12,10,14,22,54,51,18,13,14,44,54,54,45,9,0,0,2,1,1
0,11,3,9,11,9,14,17,54,51,44,11,10,13,50,59,64,25,8,0,0,0,0,3
0,7,4,12,8,3,12,16,32,72,53,14,10,15,49,59,54,18,11,0,0,0,0,0
0,0,0,3,0,6,9,14,52,51,56,12,8,10,25,50,48,10,8,0,0,0,0,0
0,0,0,0,1,4,8,14,50,55,40,20,13,8,32,51,26,8,0,0,0,0,0,5
0,2,0,0,4,6,11,16,29,53,30,8,14,11,20,31,13,1,9,0,0,6,0,0
9,9,0,5,4,0,2,9,14,51,14,11,10,7,14,19,12,6,2,0,0,0,0,0
11,10,4,4,0,7,5,0,14,25,14,12,10,10,8,13,12,11,5,6,0,0,6,5
0,7,8,0,0,0,6,0,8,20,18,9,7,7,27,5,5,0,0,2,4,0,3,1
7,7,0,3,4,5,0,6,3,11,15,11,4,10,13,7,8,4,0,7,5,7,0,4

0,0,0,0,1,8,9,0,0,0,0,0,0,0,6,9,8,9,13,14,14,18,37,16
0,0,7,11,13,13,14,21,23,13,10,6,9,13,10,14,18,51,52,50,44,40,50,41
1,4,0,12,13,13,36,27,46,52,58,68,58,54,51,53,35,57,55,52,48,39,34,22
0,4,7,5,13,28,31,50,50,51,61,81,88,74,63,55,63,52,53,42,34,32,36,13
8,0,0,8,21,28,45,52,51,53,55,76,63,60,58,59,55,51,39,43,31,37,36,2
0,0,0,1,1,10,8,15,30,37,25,36,37,56,50,46,36,17,14,14,22,13,8,2
4,0,0,8,1,0,5,12,12,8,13,51,69,86,80,79,13,6,7,5,3,2,0,0
0,7,0,1,0,12,14,48,11,2,11,50,90,125,113,94,66,56,53,57,50,14,6,0
0,0,2,8,9,1,10,10,7,6,33,56,110,135,132,116,72,58,61,63,57,36,0,0
6,6,0,12,13,27,9,7,8,7,11,67,127,141,131,122,79,74,83,79,62,43,10,0
4,6,6,8,32,23,5,8,11,27,50,79,108,151,149,134,104,102,111,98,57,30,3,2
0,9,10,0,11,1,0,1,8,10,57,75,111,143,144,135,122,118,119,102,62,13,0,0
1,1,0,0,16,29,0,10,4,0,57,106,119,132,117,110,111,120,123,108,64,9,2,0
0,0,0,0,7,12,13,2,0,7,63,102,104,102,103,102,110,102,103,77,13,0,3,0
0,0,0,8,4,12,28,49,12,8,63,77,59,72,60,73,80,58,54,52,20,4,3,0
0,1,0,3,8,14,87,93,52,34,64,68,61,63,62,75,91,59,79,13,0,0,0,6
0,5,7,0,6,12,46,52,11,36,53,68,66,79,72,67,102,85,60,38,9,8,2,7
4,5,11,11,15,25,30,14,34,42,54,60,81,114,81,95,83,58,45,39,26,4,1,3
0,7,2,11,10,13,11,13,51,57,62,123,128,131,115,83,112,102,88,47,11,0,0,0
0,1,9,4,7,8,10,14,105,111,135,138,117,114,101,100,105,68,61,56,13,2,1,0
0,0,1,0,0,0,7,57,107,130,131,125,120,125,98,84,91,102,51,29,13,2,0,0
0,0,2,4,10,12,14,35,110,111,120,115,111,129,131,122,102,58,43,38,12,0,0,0
6,4,2,4,11,7,15,62,100,109,126,132,119,114,130,124,85,41,72,36,15,0,0,3
0,2,9,10,11,8,37,94,111,120,128,136,126,114,110,108,100,106,98,77,13,0,0,0
10,6,2,6,12,10,18,101,111,119,137,137,119,102,83,100,103,104,101,68,33,5,2,0
5,5,3,10,10,9,11,53,107,118,129,129,112,101,100,102,106,109,107,103,14,12,3,6
13,5,6,1,7,7,11,68,109,114,116,120,106,91,68,100,93,101,98,60,16,0,8,4
9,8,9,0,0,0,1,52,103,100,110,103,103,72,54,68,64,103,104,56,8,0,0,0
6,13,14,9,9,3,0,32,101,91,90,69,59,54,52,70,100,91,101,12,10,2,0,6
0,4,9,0,0,0,0,14,52,54,57,54,52,47,59,71,63,58,51,4,0,1,0,2
2,0,2,7,7,11,0,6,38,60,79,65,51,46,51,59,53,50,38,13,0,0,0,0
0,8,5,14,3,14,10,12,43,73,113,80,54,61,54,79,114,77,22,13,0,0,0,4
9,6,0,4,9,12,11,14,36,65,115,80,56,53,58,100,166,86,57,6,0,0,0,9
9,8,0,3,7,7,11,11,37,56,61,53,24,26,47,71,91,53,25,2,0,0,0,1
10,8,6,4,10,12,10,14,21,54,51,18,13,14,43,54,54,44,9,0,0,2,1,1
0,11,3,9,11,9,14,17,54,52,43,11,10,14,50,59,64,25,8,0,0,0,0,3
0,7,4,12,8,3,12,16,32,72,53,14,10,16,48,59,54,17,11,0,0,0,0,0
0,0,0,3,0,6,9,14,53,51,56,12,8,10,26,50,48,10,8,0,0,0,0,0
0,0,0,0,1,4,8,14,50,55,40,20,13,8,32,51,25,9,0,0,0,0,0,4
0,2,0,0,4,6,11,17,30,53,30,8,14,11,20,33,13,2,9,0,0,6,0,0
9,9,0,5,4,0,2,9,14,52,14,11,10,7,14,19,12,6,2,0,0,0,0,0
11,10,4,4,0,7,5,0,14,26,14,12,10,10,8,13,12,11,5,6,0,0,6,5
0,7,8,0,0,0,6,0,8,20,18,9,7,7,26,5,5,0,0,2,4,0,3,0
8,7,0,3,4,5,0,6,3,11,16,11,4,10,13,7,8,4,0,7,5,7,0,4

0,0,0,0,1,8,9,0,0,0,0,0,0,0,6,9,8,9,13,14,14,18,36,15
0,0,7,11,12,12,14,21,23,13,10,6,9,13,10,14,21,52,52,50,45,42,51,41
1,4,0,12,13,13,36,27,44,52,58,66,58,54,51,53,37,58,55,52,48,39,33,22
0,4,7,4,13,27,31,50,50,52,61,82,88,75,63,55,64,53,53,42,35,32,37,13
8,0,0,8,21,28,45,52,51,53,55,77,63,60,58,59,55,51,39,43,32,39,39,2
0,0,0,1,1,10,8,15,30,37,25,36,37,56,50,46,36,18,14,14,24,13,8,3
4,1,0,8,1,0,5,12,12,8,13,51,68,86,80,79,13,6,7,5,3,3,0,0
0,7,0,1,0,12,14,50,11,2,12,50,90,125,113,94,67,57,53,57,50,15,7,0
0,0,2,8,9,1,10,10,7,6,33,56,109,135,131,116,72,58,61,63,57,36,0,0
6,6,0,12,13,29,9,7,8,7,12,67,126,141,131,122,80,74,83,79,62,44,10,0
4,6,6,8,33,23,5,8,11,29,50,79,108,151,149,134,105,102,111,97,56,30,4,2
0,9,10,0,11,1,0,1,8,10,57,74,110,143,145,135,122,119,119,102,62,13,0,0
1,1,0,0,16,29,0,10,4,0,56,106,119,133,117,110,111,120,122,108,64,9,3,0
0,0,0,0,8,12,13,2,0,8,63,102,104,103,103,103,110,102,103,77,13,1,3,0
0,0,0,8,4,12,28,49,12,8,64,76,58,72,61,73,81,58,54,52,23,4,3,0
0,1,0,2,8,14,87,93,52,35,64,68,61,63,62,75,91,59,79,13,0,0,0,6
0,5,6,0,6,12,46,52,11,37,53,68,66,80,72,67,102,85,60,39,9,8,2,7
4,5,11,11,15,25,30,14,35,42,54,60,81,114,81,95,83,59,45,39,26,5,1,3
0,7,2,11,10,13,11,13,50,56,61,122,128,131,115,83,112,102,87,47,11,0,0,0
0,1,9,3,7,8,10,14,105,111,134,137,117,114,101,100,105,68,61,56,13,2,1,0
0,0,1,0,0,0,7,57,106,129,130,125,120,125,98,84,92,102,51,29,13,2,0,0
0,0,2,4,11,12,14,35,109,111,120,115,111,129,131,122,102,58,44,38,12,0,0,0
6,4,2,4,11,7,14,61,100,109,126,132,119,114,130,124,84,40,72,37,15,0,0,3
0,2,9,10,11,8,36,95,111,120,128,136,126,114,110,108,100,106,98,76,13,0,0,0
10,6,2,6,12,10,17,101,111,119,137,137,119,102,81,100,103,104,101,67,33,5,2,0
5,5,3,10,10,9,11,53,107,118,129,129,112,101,100,102,106,109,107,103,14,12,3,6
13,5,6,1,7,7,11,68,109,114,115,120,106,91,68,100,93,101,98,58,16,0,7,4
9,8,9,0,1,0,1,52,103,100,110,103,103,72,55,67,64,103,104,55,8,0,0,0
6,13,14,9,9,3,0,31,101,90,90,69,59,53,52,69,100,91,101,11,10,2,0,6
0,4,9,0,0,0,0,14,52,54,57,54,52,47,59,71,63,58,51,4,0,1,0,2
2,0,2,7,7,11,0,6,38,60,79,65,51,46,51,59,53,50,38,13,0,0,0,0
0,8,5,14,3,14,10,12,43,73,112,80,54,61,54,79,114,77,21,13,0,0,0,4
9,6,0,4,9,12,11,14,37,65,115,80,56,53,58,100,166,86,57,6,0,0,0,9
9,8,0,3,7,7,11,11,37,56,61,53,24,26,48,71,91,53,25,2,0,0,0,1
10,8,6,4,10,12,10,14,22,54,51,18,13,14,42,54,54,44,9,0,0,2,1,0
0,11,3,9,11,9,14,17,54,51,44,11,10,14,50,59,64,26,8,0,0,0,0,3
0,7,4,12,8,3,12,15,32,72,53,15,10,15,48,59,54,17,11,0,0,0,0,0
0,0,0,3,0,6,10,14,52,51,57,12,8,11,26,50,49,10,8,0,0,0,0,0
0,0,0,0,1,4,8,14,50,55,39,21,13,8,31,51,26,8,0,0,0,0,0,4
0,2,0,0,4,6,11,19,30,53,34,8,14,11,21,33,13,2,9,0,0,6,0,0
9,9,0,5,4,0,2,9,14,51,14,11,10,7,14,19,12,6,2,0,0,0,0,0
11,10,4,4,0,7,6,0,14,26,14,12,10,10,8,13,12,11,5,7,0,0,7,6
0,7,8,0,0,0,6,0,8,20,18,9,7,7,27,5,5,0,0,2,4,0,3,0
8,7,0,3,4,5,0,6,3,11,17,11,4,10,13,7,8,4,0,7,5,7,0,4

0,0,0,0,1,8,9,0,0,0,0,0,0,0,6,9,8,9,13,14,14,18,37,15
0,0,7,11,12,12,14,21,23,13,10,7,9,13,10,14,21,52,52,50,47,43,51,43
1,4,0,12,13,13,36,27,45,52,58,67,58,54,52,53,37,58,55,52,48,39,33,25
0,4,7,4,13,27,31,50,50,51,62,82,89,75,63,55,64,53,53,43,35,33,37,13
8,0,0,8,21,28,45,52,52,53,55,77,62,60,58,59,55,51,40,43,32,37,37,3
0,0,0,1,0,10,8,15,30,37,26,37,37,56,50,46,36,19,14,14,24,13,9,3
4,0,0,8,1,0,5,12,12,9,13,51,68,86,80,79,13,6,7,5,3,3,0,0
0,7,0,1,0,12,14,50,11,2,12,50,89,124,113,94,67,57,54,57,50,16,7,0
0,0,2,8,9,1,10,10,7,7,36,56,109,134,131,116,72,58,61,63,57,37,0,0
6,6,0,12,13,29,9,7,9,7,12,67,125,141,131,123,80,74,83,79,61,43,10,0
4,6,6,8,34,23,5,9,11,31,51,79,108,151,149,135,105,102,110,97,56,30,4,3
0,9,10,0,11,2,0,1,8,11,57,74,110,144,145,135,123,119,119,102,62,14,0,0
1,1,0,0,17,29,0,10,5,0,55,106,118,133,117,110,111,120,123,108,64,9,3,0
0,0,0,0,8,12,13,2,0,7,63,102,104,103,103,103,110,102,104,77,13,1,4,0
0,0,0,8,4,12,28,49,12,8,61,75,58,72,61,73,81,58,54,52,21,4,3,0
0,1,0,2,8,14,86,92,52,34,63,68,61,63,62,75,93,59,79,13,0,0,0,6
0,5,6,0,6,12,44,52,11,35,53,68,66,80,72,67,102,86,59,36,9,8,2,7
4,5,11,11,14,25,30,14,34,42,54,60,81,114,81,95,84,59,45,39,26,5,1,3
0,7,2,11,10,13,11,13,50,56,61,123,128,131,115,83,112,102,87,47,11,0,0,0
0,1,9,4,7,8,10,14,105,110,134,137,117,114,101,100,105,68,62,56,13,2,1,0
0,0,1,0,0,0,7,56,106,129,130,124,120,124,98,83,91,102,51,29,13,2,0,0
0,0,2,4,10,12,14,35,109,111,119,114,111,129,131,122,102,58,44,38,12,0,0,0
6,4,2,4,11,7,14,61,98,109,126,131,119,114,130,124,84,40,71,37,15,0,0,3
0,2,9,10,11,8,36,95,111,120,128,136,126,114,109,108,100,105,97,77,13,0,0,0
10,6,2,6,12,10,18,101,111,119,137,137,119,102,81,100,103,104,101,67,35,5,2,0
5,5,3,10,10,9,11,53,107,118,129,129,112,101,100,102,106,109,107,103,14,12,3,6
13,5,6,1,7,7,11,67,109,114,115,120,106,90,68,100,93,101,98,59,16,0,8,4
9,8,9,0,0,0,1,52,103,100,110,103,103,71,55,68,64,103,104,55,8,0,0,0
6,13,14,9,9,3,0,32,101,90,90,69,58,54,52,69,100,91,101,12,10,2,0,6
0,4,9,0,0,0,0,14,52,54,58,54,52,47,59,71,63,58,51,4,0,1,0,2
2,0,2,7,7,11,0,6,38,60,79,65,51,46,51,59,53,50,38,13,0,0,0,0
0,8,5,14,3,14,10,12,43,73,112,80,54,61,54,79,114,77,22,13,0,0,0,4
9,6,0,4,9,12,11,14,36,65,114,80,56,53,58,100,166,87,57,6,0,0,0,9
9,8,0,3,7,7,11,11,37,56,61,53,24,26,47,71,91,53,25,2,0,0,0,1
10,8,6,4,10,11,10,14,21,54,51,17,13,14,44,54,54,45,9,0,0,2,1,1
0,11,3,9,11,9,14,18,54,52,44,11,10,14,50,59,64,25,8,0,0,0,0,3
0,7,4,12,8,4,12,16,32,72,53,15,10,15,48,59,54,19,11,0,0,0,0,0
0,0,0,3,0,6,10,14,53,51,56,12,8,11,26,50,48,10,8,0,0,0,0,0
0,0,0,0,1,4,8,14,50,55,40,21,13,8,32,51,26,8,0,0,0,0,0,4
0,2,0,0,4,6,11,17,30,53,33,8,14,11,21,34,13,2,9,0,0,6,0,0
9,9,0,5,4,0,2,9,14,51,14,11,10,7,14,19,12,6,2,1,0,0,0,0
11,10,4,4,0,7,6,0,14,27,14,12,10,10,8,13,12,11,5,7,0,0,7,6
0,7,8,0,0,0,6,0,8,21,18,9,7,7,27,5,5,0,0,2,4,0,3,1
8,7,0,3,4,5,0,6,3,11,17,11,4,10,13,7,8,4,0,7,5,7,0,4
