1,8,10,13,25,14,10,0,8,2,0,0,0,11,52,16,7,9,0,0,10,50,61,89
68,121,85,69,55,36,0,0,0,0,0,0,52,84,81,56,18,2,2,4,7,14,77,61
70,126,103,58,63,20,4,2,0,0,0,52,112,127,91,62,35,17,0,8,13,57,71,54
18,37,51,51,57,82,68,9,0,0,1,34,79,71,61,55,52,6,4,0,0,52,58,12
0,3,18,39,58,62,60,56,14,8,7,13,10,50,55,71,55,50,11,13,0,38,30,5
0,0,11,10,13,11,50,54,34,64,92,48,45,13,31,66,52,37,50,41,9,16,0,3
7,4,7,5,8,0,12,51,53,52,81,112,58,97,70,71,66,76,65,55,15,0,0,0
1,0,0,0,0,0,11,37,54,56,76,107,90,98,96,98,98,97,43,60,30,4,2,0
0,0,0,0,0,14,0,3,0,74,79,108,143,130,118,115,133,121,108,89,61,14,7,0
0,0,0,0,1,0,3,0,52,63,111,155,175,175,155,150,156,171,128,103,63,15,4,0
0,0,0,0,0,0,0,0,15,71,91,148,187,209,191,187,197,191,160,104,64,37,0,0
0,0,0,0,0,1,0,0,11,88,103,162,180,229,221,202,203,182,143,104,63,14,0,0
0,0,0,0,5,0,0,0,57,103,123,174,195,199,185,174,195,147,132,99,43,1,0,0
0,0,12,0,0,0,6,0,66,100,139,177,172,180,180,158,168,164,148,106,53,0,0,0
0,4,0,0,0,0,9,7,54,62,110,136,143,145,158,146,143,143,133,104,12,0,8,5
4,0,0,0,0,2,0,8,50,61,73,100,136,137,128,127,116,122,100,74,14,7,0,0
6,8,8,4,0,1,12,8,50,61,78,91,127,100,91,96,94,98,105,74,31,3,1,10
6,13,13,10,7,25,20,28,44,60,93,122,112,121,116,145,123,93,67,44,29,10,8,0
0,0,0,0,0,11,11,41,56,95,114,142,135,111,121,143,126,102,81,83,39,11,7,0
2,3,5,2,0,5,11,46,73,83,114,136,133,119,124,137,125,115,106,107,38,5,0,0
0,0,1,10,11,14,12,54,64,96,126,132,141,143,141,143,125,118,96,76,64,14,0,0
0,0,4,9,12,13,22,47,100,141,145,141,142,158,158,171,142,107,65,73,55,30,2,1
7,8,11,7,14,14,26,61,100,146,172,165,148,142,147,160,126,115,72,105,101,55,6,5
3,3,5,1,0,13,40,102,120,154,179,184,161,147,145,150,139,109,110,114,117,91,48,84
4,6,6,1,7,3,36,101,119,143,174,178,175,148,130,132,137,107,125,131,116,71,22,11
8,9,11,6,5,12,20,98,113,128,170,156,166,141,116,114,111,117,119,126,105,104,62,13
7,6,3,8,7,10,27,76,107,131,143,144,136,120,110,110,75,112,112,114,116,72,48,13
0,6,6,0,5,8,44,51,104,126,144,143,125,110,104,90,106,113,116,104,102,102,77,38
0,9,5,5,5,9,16,19,100,111,135,124,108,105,91,19,103,113,118,106,96,91,51,12
0,3,6,0,2,7,9,11,78,109,131,110,85,60,54,49,58,88,97,84,70,61,49,13
0,8,13,8,11,24,27,18,57,85,116,109,70,74,71,89,52,82,117,97,62,50,35,24
0,2,1,8,11,13,19,33,56,111,178,183,63,55,88,62,70,84,119,98,50,29,20,10
7,0,0,0,6,6,5,13,55,79,134,120,57,13,53,50,64,85,118,139,95,50,22,11
4,0,2,0,0,1,6,12,55,62,70,61,40,50,41,50,46,68,107,115,74,50,17,11
0,0,0,0,0,10,10,24,55,59,57,50,50,14,39,28,56,69,78,70,54,40,19,14
0,0,0,0,3,8,7,32,53,57,54,51,48,14,30,47,51,56,79,76,51,15,13,2
0,0,0,0,0,2,12,14,57,56,54,52,14,36,28,36,57,58,58,56,23,13,11,3
0,0,0,0,3,5,12,33,51,54,52,46,14,20,20,54,58,57,56,32,31,10,6,1
0,0,0,0,0,0,8,19,50,52,54,19,19,11,32,54,61,57,42,52,35,11,10,0
0,0,0,0,1,5,12,12,13,51,27,33,17,18,20,52,59,49,62,50,13,10,8,5
0,0,5,1,2,9,0,8,27,51,48,35,13,12,10,32,43,55,51,35,9,3,0,10
2,3,0,0,5,2,7,26,14,46,52,27,9,4,4,25,52,53,25,11,12,3,3,10
0,0,0,0,2,5,7,7,11,50,53,14,5,12,10,14,50,55,12,11,5,14,4,0
0,0,0,2,7,9,6,10,17,53,56,54,12,14,2,6,13,44,19,13,8,0,8,4

1,8,10,13,25,14,10,0,9,3,0,0,0,11,51,15,7,9,0,0,10,50,61,89
68,121,84,69,55,39,1,0,0,0,0,0,53,84,80,56,17,2,2,4,7,14,77,62
70,126,103,58,63,21,4,3,0,0,0,52,112,127,91,61,34,16,0,8,13,57,71,54
19,37,51,51,57,83,69,9,0,0,1,36,79,71,61,55,52,6,4,0,0,52,59,12
0,4,18,40,58,63,60,57,15,8,8,13,12,50,55,71,55,50,12,13,0,39,30,5
0,0,11,11,13,11,50,54,35,64,93,49,49,14,32,66,52,38,50,42,9,16,0,3
7,4,7,6,8,0,12,51,53,52,82,112,60,99,70,72,66,76,65,55,16,0,0,0
2,0,0,0,0,0,11,39,55,57,78,108,91,100,97,100,98,98,46,60,33,4,3,0
0,0,0,0,0,14,0,4,0,74,80,109,144,131,119,116,133,121,109,90,62,14,8,0
0,0,0,0,1,0,3,0,52,64,111,156,176,175,156,150,156,172,129,103,63,16,4,0
0,0,0,0,0,0,0,0,15,71,91,148,187,209,191,187,197,192,161,104,64,42,1,0
0,0,0,0,0,1,0,0,11,88,103,161,178,227,219,200,202,182,144,104,63,14,0,0
0,0,0,0,5,0,0,0,57,103,123,174,194,198,186,175,196,148,133,100,45,2,0,0
0,0,12,0,0,0,6,0,66,101,140,177,171,181,182,159,169,165,149,107,54,0,0,0
0,4,0,0,0,0,9,8,54,62,110,136,144,146,160,148,145,143,133,104,12,0,8,5
4,0,0,0,0,2,1,9,51,61,74,101,138,139,129,129,118,123,101,75,15,8,0,0
6,8,8,4,0,1,12,5,51,61,79,92,129,102,93,98,95,99,106,75,35,4,1,10
6,13,13,10,7,25,20,27,44,60,94,124,114,123,118,147,125,94,68,44,30,10,8,0
0,0,0,0,0,11,11,39,55,94,114,142,136,113,123,144,127,103,82,84,39,11,7,0
2,3,5,2,0,4,11,42,72,82,113,135,134,119,124,138,126,116,106,107,37,5,0,0
0,0,1,10,11,14,11,53,63,94,125,131,140,143,141,143,125,118,96,74,62,13,0,0
0,0,4,9,12,13,21,47,100,139,143,140,140,156,156,170,141,106,65,71,54,30,1,1
7,8,11,7,14,14,25,60,100,145,170,162,147,140,145,159,125,114,71,105,100,54,6,5
3,3,5,0,0,12,39,101,120,152,178,183,160,146,144,149,138,108,110,114,117,90,47,84
3,6,5,0,7,3,34,101,119,142,173,177,173,147,130,132,137,107,124,130,116,71,22,11
8,9,11,5,5,12,20,96,113,128,169,155,165,141,115,114,111,117,119,125,105,104,62,13
7,6,3,7,7,10,27,75,106,131,142,144,136,119,110,110,74,112,112,114,116,71,48,13
0,6,6,0,4,8,43,51,104,125,144,142,124,110,104,90,106,113,115,104,102,102,77,37
0,9,5,5,5,8,16,21,100,110,135,123,107,105,91,20,103,113,117,106,96,91,51,12
0,3,6,0,2,7,9,11,78,109,130,110,85,60,54,49,58,88,97,84,70,61,49,13
0,8,13,8,10,24,27,19,57,85,116,109,70,74,70,89,52,82,117,97,62,51,36,24
0,2,1,8,11,13,20,33,57,111,179,184,64,55,88,62,70,84,119,98,50,29,20,10
7,0,0,0,6,6,5,13,55,79,135,121,57,13,53,50,64,85,118,139,95,50,22,11
4,0,2,0,0,1,6,12,56,62,71,61,42,50,40,50,47,68,108,116,75,50,17,11
0,0,0,0,0,10,10,25,55,59,57,50,50,14,40,28,56,69,78,71,54,40,19,14
0,0,0,0,3,9,7,33,54,57,54,51,48,14,31,46,51,56,80,77,51,15,13,2
0,0,0,0,0,2,12,14,57,56,54,52,14,38,29,36,57,58,57,56,23,13,11,3
0,0,0,0,3,5,13,35,51,54,52,46,14,19,22,54,58,58,56,32,31,11,6,1
0,0,0,0,0,0,9,20,50,52,54,19,19,12,33,54,61,57,42,52,35,11,10,0
0,0,0,0,1,5,12,12,14,51,27,34,21,23,21,52,60,48,63,50,13,10,8,5
0,0,5,1,2,9,0,9,27,51,48,37,14,12,10,36,43,56,51,35,9,3,0,10
2,3,0,0,5,3,7,28,14,49,52,32,10,6,4,27,52,53,28,11,12,3,3,10
0,0,0,0,2,5,7,7,11,50,53,14,6,12,10,16,50,56,12,12,5,14,4,0
0,0,0,2,7,9,6,10,20,53,56,54,13,14,3,7,13,47,19,13,8,0,8,4

1,8,10,13,25,14,11,0,9,4,0,0,0,11,51,15,7,9,0,0,10,50,61,88
68,121,84,69,55,40,2,0,0,0,0,0,52,83,80,55,16,2,2,5,8,15,77,62
70,126,103,58,63,24,4,4,0,0,0,52,112,126,90,61,34,16,0,9,13,57,71,54
19,37,51,51,57,83,70,10,0,0,1,39,79,71,61,55,52,6,5,0,0,52,59,12
0,4,18,40,58,63,60,57,19,8,8,14,12,51,55,71,55,50,12,13,0,38,30,5
0,0,11,11,13,11,50,54,36,65,94,50,51,15,32,67,53,40,51,42,9,17,0,3
7,4,7,6,8,0,12,51,53,53,82,113,61,100,72,73,67,77,65,55,17,0,0,0
2,0,0,0,0,0,11,39,55,57,79,109,92,100,99,101,99,98,50,60,34,4,3,0
0,0,0,0,0,14,0,4,0,75,80,109,144,132,120,117,134,122,109,90,62,14,8,0
0,0,0,0,1,0,3,0,52,64,111,156,177,177,159,152,157,173,130,103,63,16,5,0
0,0,0,0,0,0,0,0,19,72,91,149,189,211,193,190,198,193,162,105,64,46,1,0
0,0,0,0,0,1,0,0,12,89,103,162,179,228,221,202,204,183,145,105,63,14,0,0
0,0,0,0,5,0,0,0,57,103,123,174,194,199,186,175,197,148,133,100,45,2,0,0
0,0,12,0,0,0,6,0,67,101,140,176,171,181,181,159,169,165,149,107,54,0,0,0
0,4,0,0,0,0,9,7,54,62,109,136,144,146,160,148,144,143,133,104,12,0,9,6
4,0,0,0,0,2,1,8,51,61,74,101,138,139,129,129,117,123,100,75,15,8,0,0
6,8,8,4,0,1,12,5,51,61,79,93,129,102,93,98,95,99,106,74,36,4,1,10
6,13,12,10,7,25,20,27,44,60,94,124,115,123,118,148,125,95,68,44,31,10,8,0
0,0,0,0,0,11,11,41,55,94,114,142,136,113,123,144,128,103,82,84,40,11,7,0
2,2,4,1,0,4,11,43,72,82,113,136,133,119,125,138,126,116,106,107,37,5,0,0
0,0,1,10,11,13,11,54,63,94,125,131,140,143,141,143,125,118,96,74,62,13,0,0
0,0,4,9,12,13,21,47,100,140,143,139,140,156,156,170,141,106,64,71,54,30,1,2
7,8,11,7,14,14,25,61,100,145,169,162,147,140,145,159,125,114,71,105,100,54,6,5
3,3,5,0,0,12,37,101,120,152,177,183,160,146,144,149,138,108,110,114,117,91,48,84
3,5,5,0,7,3,34,101,119,142,172,177,173,147,130,131,137,107,124,131,116,71,22,11
8,9,11,5,4,12,20,96,113,128,168,155,165,140,115,114,111,117,119,125,105,104,62,13
7,6,3,7,7,10,27,75,106,131,142,143,136,119,110,110,74,112,112,114,116,71,49,13
0,6,6,0,5,8,43,51,104,125,144,142,124,110,104,89,106,113,115,104,102,102,76,38
0,9,5,5,5,8,15,19,100,110,135,123,107,105,90,19,103,112,117,106,96,91,51,12
0,3,6,0,2,7,9,11,78,108,130,110,85,60,54,49,58,88,97,84,70,61,49,13
0,8,13,8,11,24,27,19,57,85,116,108,69,74,71,89,52,82,117,97,62,51,36,24
0,2,1,8,11,13,20,34,57,111,179,183,63,55,88,62,70,85,119,98,50,29,20,10
7,0,0,0,6,6,5,13,55,79,134,121,57,13,53,50,64,84,118,140,95,50,22,11
3,0,1,0,0,1,6,12,56,63,71,61,41,50,41,50,47,68,108,116,75,50,17,11
0,0,0,0,0,10,10,25,55,59,57,50,50,15,40,28,56,70,78,71,54,40,19,14
0,0,0,0,3,9,7,33,54,57,54,51,50,14,31,48,51,56,79,76,51,15,13,2
0,0,0,0,0,2,12,15,57,56,54,52,14,40,29,35,57,58,57,56,23,13,11,3
0,0,0,0,3,5,13,35,52,54,52,47,14,20,22,54,58,58,56,32,31,10,6,1
0,0,0,0,0,0,9,20,50,52,55,19,19,12,33,54,61,57,42,52,36,11,10,0
0,0,0,0,1,5,12,13,14,51,27,34,20,24,23,52,59,49,63,50,13,10,8,5
0,0,5,1,2,9,0,9,27,51,48,38,14,13,11,36,43,56,51,36,9,3,0,10
2,3,0,0,5,3,7,27,14,48,52,34,11,6,5,26,52,53,28,11,12,3,3,10
0,0,0,0,2,5,7,8,11,50,53,15,6,12,11,17,50,56,12,12,5,14,4,0
0,0,0,2,7,9,6,10,20,53,56,54,13,14,3,7,13,47,19,13,8,0,8,4

2,8,10,13,26,14,11,0,10,4,0,0,0,11,51,15,7,9,0,0,10,50,61,88
68,121,84,69,55,40,3,0,0,0,0,0,52,83,79,55,16,2,2,5,8,15,76,62
70,126,103,58,63,24,5,4,0,0,0,52,112,126,90,61,34,17,0,9,13,57,71,54
18,37,51,51,57,83,70,10,0,0,1,38,78,71,61,55,52,7,5,0,0,52,59,13
0,4,19,41,58,63,61,58,22,9,8,14,13,50,56,71,55,51,12,13,0,39,31,5
0,0,11,11,13,11,51,54,37,65,94,51,52,15,33,67,53,41,51,42,10,18,0,3
7,4,7,6,8,0,12,52,53,54,83,113,62,100,72,73,67,78,65,55,18,0,0,0
2,0,0,0,0,0,11,39,55,57,79,109,92,100,99,101,100,98,50,60,36,5,3,0
0,0,0,0,0,14,0,4,0,75,80,110,144,132,121,117,134,122,109,90,62,14,8,0
0,0,0,0,1,0,3,0,52,64,112,157,178,178,160,153,158,174,131,104,64,18,5,0
0,0,0,0,0,1,0,0,20,72,92,151,191,213,195,191,201,195,164,105,64,50,1,0
0,0,0,0,0,1,0,0,12,89,104,164,182,232,223,205,207,185,146,105,64,14,0,0
0,0,0,0,5,0,0,0,58,103,123,175,196,199,186,175,198,149,133,100,46,3,1,0
0,0,12,0,0,0,6,0,66,100,139,177,171,180,180,158,169,165,148,107,54,1,0,0
0,4,0,0,0,0,9,7,54,62,109,136,143,145,157,146,143,143,133,104,12,0,9,6
4,0,0,0,0,2,0,8,51,61,73,100,136,137,128,127,116,122,100,74,15,8,0,0
6,8,7,3,0,1,12,5,51,61,79,92,127,100,92,97,94,98,105,74,34,3,1,10
6,13,12,10,7,25,20,28,44,60,93,122,113,121,116,145,123,93,68,44,30,10,8,0
0,0,0,0,0,11,11,41,56,95,114,142,135,112,121,143,127,102,81,84,39,11,7,0
2,2,4,1,0,4,11,47,73,82,114,135,133,118,124,137,125,115,106,107,38,5,0,0
0,0,1,10,11,14,12,54,64,95,126,131,140,142,141,143,125,118,96,75,63,14,0,0
0,0,4,9,12,13,21,48,100,140,143,140,141,156,156,170,141,106,65,72,54,30,2,2
7,8,11,7,14,14,25,62,100,146,170,163,147,141,146,159,125,114,71,105,101,55,6,5
2,3,4,0,0,12,40,101,120,152,177,183,160,147,144,150,139,108,110,114,117,92,48,85
3,5,5,0,7,3,36,101,119,142,172,177,173,147,130,132,137,107,125,131,116,71,22,11
8,9,11,5,5,12,22,96,113,128,168,155,165,141,116,114,111,117,119,125,105,103,62,13
7,6,3,7,7,10,27,75,106,131,142,143,136,120,110,110,74,112,112,114,116,71,49,13
0,6,6,0,4,8,44,51,104,125,144,142,124,110,104,89,106,113,115,104,102,102,76,38
0,9,5,5,5,8,16,20,100,110,135,123,107,105,90,19,103,112,117,105,96,91,51,12
0,3,6,0,2,7,9,11,78,109,130,109,85,60,54,49,58,88,96,84,70,61,49,13
0,8,13,8,11,24,27,19,57,85,116,108,69,74,71,89,52,82,117,97,62,51,36,24
0,2,1,8,11,14,22,33,57,111,179,183,63,55,88,62,70,84,119,98,50,29,20,10
7,0,0,0,6,6,5,13,55,79,134,121,57,13,53,50,64,85,119,140,96,50,23,11
3,0,2,0,0,1,6,12,56,63,70,61,42,50,41,50,47,68,107,115,75,50,18,11
0,0,0,0,0,10,10,25,55,59,57,50,50,15,41,28,55,69,78,70,54,40,20,14
0,0,0,0,3,8,7,33,53,57,54,51,49,14,30,47,51,55,79,76,51,15,13,2
0,0,0,0,0,2,12,16,57,56,54,52,14,38,29,36,57,58,57,56,23,13,11,3
0,0,0,0,3,5,13,34,51,54,52,46,14,20,22,54,58,57,56,32,30,10,6,1
0,0,0,0,0,0,9,21,50,52,54,20,19,12,34,54,61,57,42,52,35,11,10,0
0,0,0,0,1,5,12,13,14,51,27,34,19,24,23,52,59,48,63,50,13,10,8,5
0,0,5,1,2,9,0,9,27,51,50,37,14,13,11,36,43,56,51,35,9,3,0,10
2,3,0,1,5,3,7,27,14,49,52,34,11,6,5,26,52,54,28,11,12,3,3,10
0,0,0,0,2,5,7,8,11,50,53,15,6,12,11,18,50,56,12,12,5,14,4,0
0,0,0,2,7,9,6,10,19,53,56,54,13,14,3,7,13,47,19,13,8,0,8,4

2,8,10,13,25,14,11,0,10,5,0,0,0,11,51,15,7,9,0,0,10,51,61,88
67,121,84,69,55,41,3,0,0,0,0,0,52,83,79,55,16,2,2,5,8,16,77,62
70,126,103,58,63,25,5,5,0,0,0,53,112,126,90,61,34,16,0,9,13,58,71,54
18,37,51,51,57,83,70,10,0,0,2,38,78,70,61,55,52,8,5,0,0,52,59,13
0,4,20,41,58,64,61,58,26,9,8,14,14,51,56,72,56,51,12,13,0,40,31,5
0,0,11,11,13,11,51,54,37,65,94,51,53,16,33,67,53,40,51,42,10,18,0,3
7,4,7,6,9,0,12,52,53,54,83,114,63,101,73,74,67,78,65,56,18,0,0,0
2,0,0,0,0,0,11,39,55,58,80,109,93,101,100,102,101,98,50,60,37,5,3,0
0,0,0,0,0,15,0,4,0,75,80,110,145,133,122,118,135,122,109,90,62,14,8,0
0,0,0,0,2,0,4,0,53,64,112,158,180,179,161,154,160,176,132,104,64,18,5,0
0,0,0,0,0,1,0,0,21,72,92,152,192,214,196,193,203,197,166,106,65,50,1,0
0,0,0,0,0,1,0,0,12,89,104,165,183,233,226,207,209,187,146,105,64,14,0,0
0,0,0,0,5,0,0,0,57,103,123,175,197,199,186,176,199,149,133,100,46,3,2,0
0,0,11,0,0,0,5,0,66,100,138,177,172,179,179,157,170,166,148,107,54,1,0,0
0,4,0,0,0,0,9,7,54,61,109,136,143,144,156,145,143,143,133,104,12,0,9,6
4,0,0,0,0,1,0,7,50,61,73,100,134,135,127,126,115,122,100,74,14,7,0,0
6,8,7,3,0,1,12,4,51,61,78,91,125,99,91,95,94,98,105,74,33,3,1,10
6,13,12,9,7,25,19,28,44,60,92,121,110,119,114,142,121,92,67,44,30,10,8,0
0,0,0,0,0,11,11,43,56,95,113,141,134,111,120,142,126,102,81,83,40,11,7,0
2,2,4,1,0,4,11,50,74,83,114,135,132,118,123,137,125,115,106,107,40,6,0,0
0,0,1,10,10,13,12,55,64,96,126,132,140,142,140,142,125,118,97,75,64,14,1,0
0,0,4,9,12,13,22,48,100,141,144,140,141,156,157,170,141,107,65,73,55,31,2,2
7,8,11,7,14,14,25,63,100,147,171,164,148,141,146,160,125,115,71,105,101,55,6,5
3,3,4,0,0,12,40,102,120,153,178,183,161,147,145,150,139,109,110,114,117,92,50,85
3,5,5,0,7,3,34,101,119,142,172,177,173,147,131,132,138,107,125,131,116,71,22,11
8,9,11,5,4,12,20,98,113,128,168,155,165,141,116,114,112,117,119,125,105,104,62,13
7,6,3,7,7,10,27,76,107,131,142,143,136,119,110,110,75,112,112,114,116,72,49,13
0,6,6,0,4,8,43,51,104,125,144,142,124,110,104,89,106,113,115,104,102,102,77,38
0,9,5,5,5,8,16,21,100,110,134,123,107,105,90,20,103,112,117,106,96,91,52,12
0,3,6,0,2,7,9,11,78,109,130,109,84,60,54,49,58,88,96,84,70,61,49,13
0,8,13,8,10,24,27,19,57,85,116,108,69,74,71,89,52,82,117,97,63,51,36,24
0,2,1,8,11,14,22,33,57,111,179,182,63,55,88,62,70,84,119,98,51,29,20,10
7,0,0,0,6,6,5,13,55,79,134,121,57,13,53,50,63,85,119,140,96,50,23,11
4,0,2,0,0,1,6,12,55,62,70,61,41,50,41,50,47,68,108,115,75,50,18,11
0,0,0,0,0,10,10,26,55,59,57,50,50,14,41,28,56,70,78,70,54,40,20,14
0,0,0,0,3,8,7,33,54,57,54,51,50,14,31,47,51,56,79,76,51,15,13,2
0,0,0,0,0,2,12,15,57,56,54,52,14,37,29,36,56,58,57,56,23,13,11,3
0,0,0,0,3,4,12,35,51,54,52,46,14,20,22,54,58,57,56,32,30,10,6,1
0,0,0,0,0,0,9,20,50,52,55,19,19,12,34,54,61,56,42,52,35,11,10,0
0,0,0,0,1,5,12,13,14,51,27,33,20,25,22,52,60,48,62,50,13,10,8,5
0,0,5,1,2,9,0,9,28,51,50,37,14,13,11,37,43,55,51,35,9,3,0,10
2,3,0,1,5,3,7,27,14,48,52,33,11,6,5,27,52,53,28,11,12,3,3,10
0,0,0,0,2,5,7,8,11,50,53,16,6,12,11,17,50,56,12,12,5,14,4,0
0,0,0,2,7,9,6,10,20,53,57,54,13,14,3,7,13,46,19,13,8,0,8,4

2,8,10,13,26,14,11,0,10,5,0,0,1,11,50,15,7,9,0,0,10,51,61,88
67,121,84,69,55,43,4,0,0,0,0,0,52,83,79,55,15,2,2,5,8,16,77,62
69,126,103,58,63,27,5,5,0,0,0,53,112,126,89,61,34,16,0,9,13,58,71,54
19,37,51,51,58,83,71,11,0,0,2,40,78,71,61,56,52,8,5,0,0,52,59,13
0,4,20,41,58,64,61,58,29,9,8,17,14,51,56,72,56,51,13,14,0,40,31,5
0,0,11,11,13,11,51,54,38,66,94,51,54,17,34,67,53,40,51,42,10,19,0,4
7,4,7,6,9,0,12,52,54,54,83,114,64,101,74,74,67,78,65,56,19,0,0,0
2,0,0,0,0,0,11,39,55,58,80,110,93,102,101,103,101,99,50,61,38,5,4,0
0,0,0,0,0,16,0,4,0,75,81,110,146,134,122,119,136,123,109,90,62,14,9,0
0,0,0,0,1,0,4,0,53,64,113,159,180,179,161,154,161,177,132,104,64,19,5,0
0,0,0,0,0,1,0,0,23,72,92,152,193,216,197,193,205,199,167,106,65,51,2,0
0,0,0,0,0,1,0,0,13,89,104,166,184,235,227,208,211,188,146,105,64,14,0,0
0,0,0,0,4,0,0,0,57,103,122,174,197,200,187,176,200,150,133,100,47,3,2,0
0,0,11,0,0,0,5,0,65,100,137,177,173,180,179,158,171,167,148,106,54,1,0,0
0,4,0,0,0,0,9,6,54,61,108,137,143,143,155,146,144,143,133,103,12,0,9,6
4,0,0,0,0,1,0,7,50,61,73,99,133,134,126,125,115,122,100,73,15,8,0,0
6,8,7,3,0,1,12,4,50,61,78,90,125,98,90,95,93,97,105,74,33,3,1,10
6,13,12,9,7,25,19,28,44,60,92,120,108,118,114,141,120,92,67,44,30,10,8,0
0,0,0,0,0,11,11,43,56,95,113,141,133,110,120,142,125,102,81,83,40,11,8,0
1,2,4,1,0,4,11,50,74,83,114,135,132,117,123,137,125,115,106,107,40,6,0,0
0,0,1,10,10,13,12,55,64,97,127,132,140,142,140,142,124,118,97,76,65,14,1,0
0,0,4,9,12,13,22,48,101,142,145,141,141,156,157,170,141,107,66,74,55,31,2,2
7,8,11,7,14,14,26,63,101,147,171,164,148,141,146,160,125,115,72,105,101,55,6,5
2,3,4,0,0,12,41,102,120,153,178,183,161,147,145,151,139,109,110,114,117,92,50,85
3,5,5,0,7,3,36,101,119,142,172,177,173,148,131,132,138,107,125,131,116,71,22,11
8,9,11,5,4,12,20,98,113,128,168,154,165,141,116,114,112,117,119,125,105,104,63,13
7,6,3,7,7,10,27,75,107,130,142,143,136,119,111,110,74,112,112,114,116,71,49,13
0,6,6,0,4,8,44,51,104,125,143,141,124,110,104,89,106,113,115,104,102,102,76,39
0,9,5,5,5,9,17,21,100,110,134,123,107,105,90,23,103,112,117,105,96,91,51,12
0,3,6,0,2,7,9,11,78,108,130,109,84,60,54,49,58,88,96,84,70,61,49,13
0,8,13,8,10,24,27,19,57,85,116,107,69,74,71,89,52,82,117,97,63,51,36,24
0,2,1,8,11,14,20,34,56,111,178,181,63,55,88,62,70,85,119,99,51,29,20,10
7,0,0,0,6,6,5,13,55,79,134,120,57,13,53,50,64,85,119,140,96,50,22,11
4,0,2,0,0,1,6,12,56,62,70,61,40,50,41,50,47,68,107,115,75,50,17,11
0,0,0,0,0,10,10,25,55,59,57,50,50,15,39,29,56,70,78,70,54,40,20,14
0,0,0,0,3,8,7,34,53,57,54,51,50,14,32,47,51,56,79,77,51,15,13,2
0,0,0,0,0,2,12,15,57,56,54,52,14,38,29,35,56,58,57,56,23,13,11,3
0,0,0,0,3,4,12,34,51,54,52,46,14,20,22,54,58,57,56,32,30,10,6,1
0,0,0,0,0,0,9,19,50,52,54,19,19,12,32,54,61,56,42,52,35,11,10,0
0,0,0,0,1,5,12,13,14,51,27,33,18,23,24,52,59,48,62,50,13,10,8,5
0,0,5,1,2,9,0,9,27,51,48,37,14,13,11,37,43,56,51,35,9,3,0,10
2,3,0,1,5,3,7,28,14,49,52,34,11,6,5,27,52,53,28,11,12,3,3,10
0,0,0,0,2,5,7,8,11,50,53,17,7,12,11,19,50,56,12,12,5,14,4,0
0,0,0,2,7,9,6,10,20,53,57,55,13,14,3,7,13,47,19,13,8,0,8,4

2,8,10,13,25,14,11,0,10,6,0,0,1,11,51,15,7,9,0,0,10,51,61,88
67,121,84,69,55,43,4,0,0,0,0,0,52,83,78,55,16,2,2,5,9,18,77,62
69,126,103,58,63,25,5,5,0,0,0,54,112,126,89,61,34,17,0,9,13,57,71,54
19,37,51,51,58,83,71,11,0,0,2,43,78,71,61,56,52,8,5,0,0,52,59,13
0,4,20,43,58,64,61,59,31,9,8,19,21,51,56,72,56,51,13,14,0,41,32,5
0,0,11,11,13,11,51,54,38,66,94,51,55,17,34,68,54,41,51,42,10,19,0,4
7,4,7,6,9,0,12,52,54,54,84,114,65,102,74,75,67,78,65,56,19,0,0,0
2,0,0,0,0,0,11,38,55,58,80,110,93,102,101,103,101,99,50,60,39,5,4,0
0,0,0,0,0,16,0,4,0,75,81,110,146,134,122,119,136,123,109,90,62,14,9,0
0,0,0,0,1,0,4,0,53,64,112,159,180,179,162,154,161,177,132,104,64,20,5,0
0,0,0,0,0,1,0,0,24,72,92,152,192,215,196,193,204,198,167,106,65,51,2,0
0,0,0,0,0,1,0,0,13,89,104,165,183,234,226,208,210,188,147,105,65,14,0,0
0,0,0,0,4,0,0,0,57,103,123,175,198,201,187,177,201,150,134,100,47,4,2,0
0,0,11,0,0,0,6,0,66,100,138,178,175,181,180,158,171,168,149,107,55,1,0,0
0,4,0,0,0,0,9,7,54,61,109,137,143,144,156,146,144,143,133,104,13,0,9,7
4,0,0,0,0,1,0,7,51,61,73,100,134,135,126,126,115,122,100,74,15,8,0,0
6,8,7,3,0,1,12,4,51,61,78,91,125,98,90,95,93,97,105,74,34,3,1,11
6,12,12,9,7,25,19,28,44,60,92,121,109,118,114,142,120,92,67,44,30,10,8,0
0,0,0,0,0,11,11,44,56,95,113,141,134,110,120,142,125,102,80,82,40,11,8,0
1,2,4,1,0,4,11,48,74,83,114,135,132,117,123,137,125,115,106,107,40,6,0,0
0,0,0,10,10,13,12,55,64,97,126,132,139,142,140,142,124,118,96,76,64,14,1,0
0,0,4,9,12,13,22,48,100,141,144,140,141,156,156,169,141,107,65,73,55,31,2,2
7,8,11,7,14,14,26,63,100,146,170,164,148,141,146,160,125,115,71,105,101,55,6,5
2,3,4,0,0,12,40,101,120,153,177,183,161,147,145,150,139,109,110,114,117,92,49,85
3,5,5,0,7,3,36,101,119,142,172,176,173,147,131,132,137,107,125,131,116,71,22,11
8,9,11,5,5,12,22,98,113,128,168,154,164,141,115,114,112,117,119,125,105,104,62,13
7,6,3,7,7,10,27,75,106,130,142,143,136,119,111,110,74,112,112,114,116,72,49,13
0,6,6,0,4,8,44,51,104,125,143,141,124,110,104,89,106,113,115,104,102,102,77,39
0,9,5,5,5,8,16,21,100,110,134,123,107,105,90,19,103,112,117,105,96,91,51,12
0,3,6,0,2,7,9,11,78,108,130,108,84,60,54,49,58,88,96,83,70,61,49,13
0,8,13,8,10,24,27,18,57,85,115,107,69,74,71,89,52,81,117,97,62,51,36,24
0,2,1,8,11,14,22,33,57,111,178,181,63,55,88,62,71,84,119,99,51,29,20,10
7,0,0,0,6,6,5,13,55,79,133,120,57,13,53,50,64,85,119,140,96,50,22,11
4,0,2,0,0,1,6,12,56,62,70,61,41,50,40,50,47,68,108,115,75,50,18,11
0,0,0,0,0,10,10,25,55,59,57,50,50,14,40,29,56,69,78,70,54,39,20,14
0,0,0,0,3,8,7,33,54,57,54,51,49,14,31,47,51,56,80,76,51,15,13,2
0,0,0,0,0,2,12,14,57,56,54,52,14,37,29,36,57,58,57,56,23,13,11,3
0,0,0,0,3,5,13,35,51,54,52,46,14,20,23,54,58,58,55,32,30,10,6,1
0,0,0,0,0,0,9,19,50,52,54,19,19,12,33,54,61,56,42,52,35,11,10,0
0,0,0,0,1,5,12,13,14,51,27,33,19,23,24,52,59,49,62,50,13,10,8,5
0,0,5,1,2,9,0,9,28,51,48,37,14,13,11,37,43,56,51,34,9,3,0,10
2,3,0,1,5,3,7,28,15,49,52,34,11,6,5,27,52,54,31,11,12,3,3,10
0,0,0,0,2,5,7,8,12,50,53,17,7,12,11,18,50,56,12,12,5,14,4,0
0,0,0,2,7,9,6,10,21,53,57,55,13,14,3,7,14,50,19,13,9,0,9,4

2,8,10,13,26,14,11,0,10,6,0,0,2,11,52,16,8,9,0,0,10,50,61,88
67,121,85,69,55,45,5,0,0,0,0,0,52,83,79,55,17,2,3,5,9,19,77,62
69,126,103,58,64,27,5,6,0,0,0,54,112,126,90,61,34,17,0,9,13,58,71,54
19,37,51,51,57,84,71,12,0,0,2,44,79,71,61,56,52,8,5,0,0,53,59,13
0,4,21,43,58,65,61,59,33,9,8,21,25,51,56,72,56,51,13,14,0,41,32,5
0,0,11,11,13,11,51,54,39,66,94,51,55,17,35,68,54,41,51,42,10,19,0,4
7,4,7,6,9,0,12,52,54,55,84,115,65,102,74,75,67,78,65,56,20,0,0,0
2,0,0,0,0,0,11,38,55,58,81,110,93,101,101,102,100,98,50,60,39,5,4,0
0,0,0,0,0,14,0,4,0,76,80,110,145,134,122,118,135,122,109,90,62,14,9,0
0,0,0,0,1,0,4,0,53,65,112,158,179,179,161,153,160,175,131,104,64,19,5,0
0,0,0,0,0,1,0,0,23,72,92,151,191,214,196,192,202,197,165,106,65,51,2,0
0,0,0,0,0,1,0,0,13,89,104,164,182,233,226,208,209,187,147,105,65,14,0,0
0,0,0,0,5,0,0,0,58,103,124,176,198,202,189,178,201,151,135,100,48,4,2,0
0,0,12,0,0,0,6,0,67,100,139,179,175,182,182,160,172,168,150,107,55,2,0,0
0,3,0,0,0,0,9,8,54,62,110,137,145,146,159,147,145,144,134,104,13,0,10,7
4,0,0,0,0,2,0,7,51,61,73,100,136,137,128,128,116,123,101,75,17,8,0,0
6,8,7,3,0,1,12,4,51,61,79,92,127,100,92,97,95,98,105,74,40,4,2,11
6,12,12,10,7,25,20,27,44,60,93,122,112,121,116,145,123,94,68,44,31,11,8,0
0,0,0,0,0,11,11,41,56,94,113,142,135,111,121,143,127,102,81,83,40,11,8,0
1,2,4,1,0,4,11,46,73,82,114,135,133,118,123,137,125,115,106,107,40,6,0,0
0,0,0,10,10,13,11,54,64,95,126,131,139,142,140,142,124,118,96,75,63,14,1,0
0,0,4,9,12,13,21,48,100,140,143,139,140,155,155,169,141,106,65,72,54,30,2,2
7,8,11,7,14,14,26,62,100,145,169,162,147,140,145,158,125,114,71,105,100,55,6,5
2,3,4,0,0,12,39,101,120,152,176,182,159,146,144,149,138,108,110,114,117,92,49,84
3,5,5,0,7,3,34,101,119,142,171,176,172,147,130,132,137,107,125,130,116,71,22,11
8,9,11,5,4,12,20,98,113,127,167,154,164,140,115,114,111,117,119,125,105,103,62,13
7,6,3,7,7,10,27,75,106,130,142,143,135,119,110,110,74,112,112,113,116,71,49,13
0,6,6,0,4,8,43,51,104,125,143,141,124,110,104,89,106,113,115,104,102,102,76,39
0,9,5,5,5,8,16,20,100,110,134,122,107,105,90,20,103,112,117,105,95,90,51,12
0,3,6,0,2,7,9,11,78,108,129,108,84,60,54,49,58,88,96,83,70,61,49,13
0,8,13,8,10,24,27,18,57,84,115,107,69,74,70,89,52,81,117,97,62,51,36,24
0,2,1,8,11,13,20,34,57,111,177,181,63,55,89,62,70,85,119,99,51,29,20,10
7,0,0,0,6,6,5,13,55,79,133,120,57,13,53,50,64,85,119,140,95,50,22,11
3,0,2,0,0,1,6,12,56,62,70,61,40,50,40,50,48,68,108,115,75,50,17,11
0,0,0,0,0,10,10,25,55,59,57,50,50,15,39,28,56,70,78,70,54,40,20,14
0,0,0,0,3,9,7,34,54,57,54,51,49,14,31,47,51,56,80,77,51,15,13,2
0,0,0,0,0,2,12,15,57,56,54,52,14,38,29,36,57,58,57,56,23,13,11,3
0,0,0,0,3,5,13,35,52,54,52,46,14,20,23,54,58,57,56,32,30,10,6,1
0,0,0,0,0,0,9,21,50,52,55,19,19,12,36,54,61,57,42,52,37,11,10,0
0,0,0,0,1,5,12,13,14,51,27,34,21,23,25,52,59,49,62,50,14,10,8,5
0,0,5,1,2,9,0,9,27,52,50,37,14,13,11,37,43,56,51,36,9,3,1,10
2,3,0,1,5,3,7,28,15,50,52,36,11,7,5,27,53,54,31,11,12,3,3,10
0,0,0,0,2,5,7,8,12,50,53,20,7,12,11,19,51,56,12,12,6,14,4,0
0,0,0,2,7,9,6,10,21,53,57,55,13,14,3,7,14,50,20,13,9,0,9,4

2,8,10,13,26,15,11,0,10,6,0,0,2,11,52,16,8,9,0,0,11,51,61,88
67,121,85,69,56,45,5,0,0,0,0,0,53,84,78,55,19,2,3,6,9,19,77,62
69,126,103,58,63,27,5,6,0,0,0,54,112,126,90,61,34,18,0,9,14,58,72,54
19,37,51,51,57,84,71,12,0,0,2,45,78,71,61,56,52,9,5,0,0,53,59,13
0,4,22,43,59,65,61,59,35,9,8,22,27,51,57,72,56,51,13,14,0,40,32,6
0,0,11,11,13,11,52,55,39,66,94,52,55,17,34,67,54,42,51,42,10,19,0,4
7,4,7,6,9,0,12,52,54,55,84,115,65,102,73,74,67,77,65,56,20,0,0,0
3,0,0,0,0,0,11,38,55,58,81,110,93,101,101,102,100,98,50,61,39,5,4,0
0,0,0,0,0,14,0,4,0,76,81,110,146,133,121,118,135,122,109,90,62,14,9,0
0,0,0,0,1,0,4,0,53,65,112,157,179,179,160,153,159,174,131,103,64,19,6,0
0,0,0,0,0,2,0,0,23,72,92,150,191,215,197,193,201,196,165,105,65,51,2,0
0,0,0,0,0,1,0,0,13,89,104,164,183,234,227,208,209,186,147,105,64,14,0,0
0,0,0,0,5,0,0,0,58,103,124,176,198,203,190,179,201,151,135,100,48,5,2,0
0,0,12,0,0,0,6,0,67,100,139,178,174,183,184,161,172,168,150,107,56,3,0,0
0,3,0,0,0,0,10,8,54,62,109,137,146,147,162,148,145,144,134,104,14,0,10,7
4,0,0,0,0,2,0,7,52,61,74,101,138,139,130,129,118,123,101,75,18,8,1,0
6,8,7,3,0,1,12,4,51,61,79,93,129,102,93,98,96,100,106,75,42,4,2,11
6,12,12,10,7,25,20,27,44,60,94,124,115,123,118,148,126,95,68,44,32,11,9,0
0,0,0,0,0,11,11,40,56,94,114,142,136,113,123,144,128,103,82,85,40,11,7,0
1,2,4,1,0,4,10,43,73,81,113,135,133,119,124,138,126,116,106,107,38,5,0,0
0,0,0,10,10,13,11,54,63,94,125,131,139,142,140,142,125,118,96,74,62,13,1,0
0,0,4,9,12,13,20,47,100,139,142,138,140,154,155,168,140,106,64,71,54,30,2,2
7,8,11,6,14,14,25,62,100,144,168,161,146,140,145,158,124,114,71,105,100,54,6,5
2,2,4,0,0,12,39,101,119,151,175,181,159,146,144,149,138,108,109,114,117,91,47,83
3,5,5,0,7,2,34,101,118,141,171,176,172,146,130,131,136,106,124,130,115,71,22,11
8,9,10,5,4,12,20,96,113,127,167,154,163,140,115,114,111,117,118,125,104,103,62,13
7,6,3,7,7,10,27,75,106,130,141,143,135,119,110,110,73,112,112,113,116,71,49,13
0,6,6,0,4,8,42,51,104,125,143,141,124,110,104,88,106,113,115,103,102,101,76,38
0,9,5,5,4,8,15,20,100,110,134,122,107,105,90,20,103,112,117,105,95,90,51,12
0,3,6,0,1,6,9,11,78,108,129,108,84,59,54,49,58,87,96,83,70,61,48,13
0,8,13,8,10,23,26,18,57,85,115,107,69,74,70,89,52,81,117,97,62,51,36,24
0,2,1,8,11,14,20,33,57,111,177,181,63,55,88,62,70,84,119,99,51,29,20,10
7,0,0,0,6,6,5,13,55,79,133,120,57,13,53,51,64,85,119,140,95,50,22,11
3,0,1,0,0,1,6,12,56,62,70,61,40,50,41,50,48,68,107,115,75,50,17,11
0,0,0,0,0,10,10,26,55,59,57,50,50,14,41,29,56,70,78,70,54,40,20,14
0,0,0,0,3,8,7,33,54,57,54,51,50,14,30,47,51,56,79,77,51,15,13,2
0,0,0,0,0,2,12,16,57,56,54,52,14,38,29,36,56,58,57,56,23,13,11,3
0,0,0,0,3,5,13,35,52,54,52,46,14,20,22,54,58,57,56,32,30,10,6,1
0,0,0,0,0,0,9,20,50,52,54,19,20,12,34,54,61,56,42,52,36,11,10,0
0,0,0,0,1,5,12,13,15,51,27,33,21,23,24,52,59,48,62,50,13,10,8,5
0,0,5,1,2,9,0,9,28,52,50,37,14,13,11,39,44,56,51,36,9,4,0,10
2,3,0,1,5,3,7,28,15,50,52,36,11,7,5,27,53,54,32,11,12,3,3,10
0,0,0,0,2,5,7,8,12,50,53,21,7,13,11,19,51,56,12,12,5,14,4,0
0,0,0,2,7,9,6,10,23,53,57,55,13,14,3,7,14,50,19,13,9,0,9,4

2,8,10,13,25,15,11,0,10,6,0,0,2,11,51,15,8,9,0,0,11,51,61,88
67,121,85,69,55,47,6,0,0,0,0,0,53,83,78,55,17,2,2,6,9,19,77,62
69,126,103,58,64,28,5,6,0,0,0,55,112,126,90,61,34,17,0,9,14,58,72,54
18,37,51,51,57,84,71,12,0,0,2,45,79,71,61,56,52,9,6,0,0,53,59,13
0,5,21,45,59,65,61,59,36,9,8,23,28,52,56,72,56,51,13,14,0,41,32,6
0,0,11,11,13,11,51,55,39,66,94,52,56,18,34,67,53,41,51,42,10,19,0,4
7,4,7,7,9,0,12,52,54,55,84,115,66,102,74,75,67,78,65,56,21,0,0,0
3,0,0,0,0,0,11,39,55,59,81,110,93,101,101,103,101,99,50,61,42,6,4,0
0,0,0,0,0,16,0,4,0,76,81,110,145,133,122,119,136,122,109,90,63,14,9,0
0,0,0,0,1,0,4,0,53,65,112,158,179,179,162,154,160,176,132,104,64,20,6,0
0,0,0,0,0,2,0,0,25,72,92,151,192,215,197,193,204,197,166,106,65,51,2,0
0,0,0,0,0,1,0,0,14,89,104,165,184,235,227,209,210,187,147,105,65,14,0,0
0,0,0,0,5,0,0,0,58,103,123,176,198,203,189,178,201,151,134,100,48,5,2,0
0,0,12,0,0,0,6,0,67,100,138,177,175,183,182,160,172,168,149,107,55,3,0,0
0,3,0,0,0,0,9,8,55,62,109,137,145,146,160,148,145,144,134,104,13,0,10,7
4,0,0,0,0,1,0,7,52,61,74,101,137,138,129,128,117,123,101,75,18,8,0,0
6,8,7,3,0,1,12,5,51,61,79,93,128,101,92,98,95,99,106,75,42,4,2,11
6,12,12,10,7,25,20,27,44,60,94,123,114,123,117,147,125,94,68,44,31,11,9,0
0,0,0,0,0,11,11,41,56,94,114,142,135,112,122,144,127,103,82,84,40,12,8,1
1,2,4,1,0,4,10,45,74,82,113,135,133,118,124,138,126,116,106,107,40,6,0,0
0,0,0,10,10,13,11,54,64,95,125,131,139,142,141,142,125,118,97,75,62,14,1,0
0,0,4,9,12,13,21,48,100,140,143,139,140,155,155,168,141,106,65,73,55,30,2,2
7,8,10,7,14,14,25,63,100,145,169,162,147,140,145,158,125,114,71,105,101,55,6,5
2,2,4,0,0,12,39,101,120,151,176,181,159,146,144,149,138,108,110,114,117,92,49,84
3,5,5,0,7,3,34,101,118,142,171,176,172,147,130,132,137,107,124,130,116,71,22,11
8,9,10,5,4,12,20,96,113,127,167,154,163,140,115,114,111,117,118,125,105,103,62,13
7,6,3,7,7,10,27,76,106,130,141,143,135,119,110,110,74,112,112,113,116,71,49,13
0,6,6,0,4,8,42,51,104,125,143,141,124,110,104,90,106,113,115,103,102,102,77,38
0,9,5,5,5,8,15,21,100,110,134,122,107,105,90,20,103,112,117,105,95,90,51,12
0,3,6,0,1,6,9,11,78,108,129,108,84,59,54,49,58,87,96,83,70,61,48,13
0,8,13,8,10,24,27,18,57,84,115,107,69,74,70,89,53,81,117,97,62,51,36,24
0,2,1,8,11,14,19,33,56,111,177,180,63,55,88,62,70,84,119,99,51,29,20,10
7,0,0,0,6,6,5,12,55,79,133,119,57,13,53,50,64,85,119,140,96,49,23,11
3,0,1,0,0,1,6,12,55,62,70,61,40,50,42,50,48,68,107,115,75,50,17,11
0,0,0,0,0,10,10,25,55,59,57,50,50,16,40,28,56,70,78,70,54,40,20,14
0,0,0,0,3,9,7,34,53,57,54,51,50,14,31,47,51,56,79,77,51,15,13,2
0,0,0,0,0,2,12,16,57,56,54,52,14,38,29,36,57,58,57,56,23,13,11,3
0,0,0,0,3,5,13,35,51,54,52,46,14,21,22,54,58,57,56,32,30,11,6,1
0,0,0,0,0,0,9,20,50,52,54,19,19,12,35,54,61,56,42,52,35,11,10,0
0,0,0,0,1,5,12,13,15,51,27,34,21,25,24,52,60,48,62,50,13,10,8,5
0,0,5,1,3,9,0,9,28,52,50,37,14,13,11,39,44,56,51,37,9,4,0,10
2,3,0,1,5,3,7,28,15,50,52,36,11,7,5,27,53,54,31,11,12,3,3,10
0,0,0,0,2,5,7,8,12,50,53,21,7,12,11,19,50,56,12,12,6,14,4,0
0,0,0,2,7,9,6,10,22,53,57,55,13,14,4,7,14,50,19,13,9,0,9,4

2,8,10,13,26,16,11,0,11,6,0,0,2,11,51,15,8,9,0,0,11,51,61,89
66,121,85,69,56,47,6,0,0,0,0,0,52,83,78,55,15,1,2,6,9,21,77,62
69,125,103,58,64,28,5,6,0,0,0,54,112,126,89,61,34,17,0,10,14,58,72,54
19,37,51,51,58,84,72,12,0,0,2,43,78,71,62,56,52,9,6,0,1,53,60,13
0,5,22,44,59,65,61,59,39,9,8,25,30,51,56,72,56,51,13,14,0,41,32,6
0,0,11,11,13,11,52,55,39,66,94,52,56,18,34,67,54,42,51,42,10,19,0,4
7,4,7,7,9,1,12,53,54,56,84,115,66,102,74,75,68,79,66,57,21,0,0,0
3,0,0,0,0,0,11,39,56,59,82,110,93,102,102,104,102,100,52,61,43,6,4,0
0,0,0,0,0,18,0,4,0,76,81,111,147,135,124,120,138,124,110,91,63,14,9,0
0,0,0,0,2,0,5,0,54,65,113,159,181,180,163,156,163,179,133,104,64,21,6,0
0,0,0,0,0,2,0,0,27,72,92,153,193,216,199,195,207,201,168,106,65,51,2,0
0,0,0,0,0,1,0,0,14,89,104,167,186,237,229,210,212,190,148,106,65,16,0,0
0,0,0,0,4,0,0,0,57,103,123,177,201,204,189,178,201,151,135,100,49,5,3,0
0,0,11,0,0,0,6,0,66,100,137,178,177,183,181,159,171,168,149,107,55,3,0,0
0,4,0,0,0,0,9,7,54,61,108,138,144,145,157,146,144,143,134,104,13,0,10,7
4,0,0,0,0,1,0,7,51,61,73,100,135,136,127,127,116,122,100,75,18,8,0,0
6,8,7,3,0,1,12,4,51,61,78,92,126,100,91,96,94,98,106,74,39,4,2,11
6,12,12,9,7,25,19,27,44,60,93,121,111,120,115,144,123,93,68,44,31,11,8,0
0,0,0,0,0,11,11,43,56,95,113,141,134,111,121,143,126,102,81,83,40,12,8,1
1,2,4,1,0,4,11,48,74,82,114,135,132,118,123,137,125,115,106,107,40,6,0,0
0,0,0,10,10,13,12,55,64,96,126,131,139,142,140,142,124,118,96,75,63,14,1,0
0,0,3,9,12,13,21,48,100,141,143,139,140,155,155,168,141,106,65,73,55,30,2,2
7,8,10,7,14,14,25,63,100,146,169,162,147,140,145,159,125,114,71,105,100,55,6,5
2,2,4,0,0,12,40,101,120,152,176,182,159,146,144,150,138,108,110,114,117,92,50,84
3,5,5,0,7,3,36,101,119,142,171,176,172,147,130,132,137,107,125,130,116,71,22,11
8,9,11,5,4,12,22,98,113,127,167,154,164,140,115,114,111,117,119,125,105,103,62,13
7,6,3,7,7,10,28,75,106,130,141,143,135,119,110,110,74,112,112,113,116,71,48,13
0,6,6,0,4,8,43,52,104,125,143,141,124,110,104,88,106,113,115,103,102,102,76,39
0,9,5,5,4,8,16,21,100,110,134,122,106,105,90,19,103,112,117,105,95,90,51,12
0,2,6,0,2,7,9,11,78,108,129,108,84,60,54,49,58,87,96,83,70,61,49,14
0,8,13,8,10,24,27,18,57,84,115,106,69,74,70,89,52,81,117,96,62,51,36,25
0,2,1,8,11,14,20,32,56,111,176,180,63,55,88,62,70,84,119,99,51,29,20,10
7,0,0,0,6,6,5,13,55,79,133,119,57,13,53,50,64,85,119,140,96,50,22,11
3,0,2,0,0,1,6,12,56,62,70,61,41,50,40,50,48,68,107,115,75,50,17,11
0,0,0,0,0,10,10,25,55,59,57,50,50,15,39,29,56,70,78,70,54,40,19,14
0,0,0,0,3,9,7,34,53,57,54,51,50,14,31,48,51,56,79,77,51,15,13,2
0,0,0,0,0,2,12,17,57,56,54,52,14,40,29,36,57,58,57,56,23,13,11,3
0,0,0,0,3,5,13,35,52,54,52,46,14,21,23,54,58,57,55,32,30,11,6,1
0,0,0,0,0,0,9,21,50,52,54,20,20,12,35,54,61,56,42,52,35,11,10,0
0,0,0,0,1,5,12,13,15,51,27,33,21,24,25,52,59,48,62,50,13,10,9,5
0,0,5,1,2,9,0,9,28,52,48,38,14,13,11,38,44,56,51,35,9,4,0,10
2,3,0,1,5,3,7,28,16,50,52,36,11,7,5,28,52,54,31,11,12,3,3,10
0,0,0,0,2,5,7,8,12,50,53,21,7,12,11,19,50,56,12,12,6,14,4,0
0,0,0,2,7,10,6,10,23,53,57,55,13,14,4,7,14,50,19,14,9,0,9,4

3,9,10,13,26,17,12,2,11,7,0,0,0,7,12,11,4,8,0,0,12,51,61,91
69,123,85,69,55,48,8,0,0,0,0,0,47,68,60,30,9,0,0,8,11,31,78,63
70,126,103,58,64,32,6,7,0,0,0,52,110,123,76,51,7,13,0,11,14,58,72,55
20,38,51,51,58,84,72,13,0,0,2,39,77,68,57,53,46,9,7,0,2,53,60,14
0,5,23,46,59,66,62,60,46,10,9,25,36,51,53,69,53,51,14,14,0,42,33,6
0,0,12,11,14,12,53,55,41,67,95,52,58,22,32,64,52,40,52,44,11,20,0,4
7,5,7,7,9,1,13,54,55,57,85,116,68,103,75,76,68,79,67,57,22,0,0,0
3,0,0,0,0,0,12,41,56,60,83,111,95,106,105,105,101,100,52,62,43,6,4,0
0,0,0,0,0,22,0,5,0,77,82,113,149,139,126,121,139,124,110,91,63,14,9,0
0,0,0,0,2,0,5,0,54,66,114,164,186,184,167,159,165,181,135,105,65,22,6,0
0,0,0,0,0,3,0,0,32,73,94,158,199,221,203,198,210,204,171,107,65,52,2,0
0,0,0,0,0,2,0,1,24,89,106,171,189,240,232,213,214,192,149,106,66,20,0,0
0,0,0,0,4,1,0,0,57,103,123,178,204,206,191,179,203,154,136,101,50,5,4,0
0,0,11,0,0,0,6,0,65,98,135,179,180,184,181,158,171,169,150,107,55,3,0,0
0,3,0,0,0,0,10,7,54,61,107,139,144,144,156,145,143,144,134,104,13,0,11,8
4,0,0,0,0,1,0,6,51,61,73,100,134,135,126,125,115,122,100,75,17,8,0,0
5,7,7,3,0,1,12,4,51,61,78,91,125,98,90,95,93,97,105,74,38,3,2,11
6,12,12,9,7,25,19,28,43,60,92,120,109,118,113,141,121,92,67,44,31,11,8,0
0,0,0,0,0,11,11,44,56,95,113,141,133,110,119,142,125,102,81,82,40,11,8,1
1,2,4,1,0,4,11,50,74,83,114,135,132,117,123,137,125,115,106,107,40,6,0,0
0,0,0,10,10,13,12,55,64,97,126,131,139,142,140,142,124,118,96,75,63,14,1,0
0,0,4,9,12,13,21,49,101,141,144,140,141,155,156,169,141,107,65,73,55,31,2,2
6,7,10,6,14,14,26,64,100,146,170,163,147,141,146,160,125,114,71,105,101,55,6,5
2,2,4,0,0,12,40,102,120,152,176,182,160,146,145,150,139,108,110,114,117,92,50,85
3,5,5,0,7,3,36,101,119,142,171,176,172,147,130,132,137,107,125,131,116,71,22,11
8,9,11,5,4,12,23,100,113,127,167,154,164,140,115,114,112,117,119,125,104,104,63,13
7,6,3,7,7,10,27,76,106,130,141,142,135,119,110,110,74,112,112,113,116,71,49,13
0,6,6,0,4,8,44,51,104,125,143,141,124,110,104,88,106,113,115,103,102,102,77,39
0,9,5,5,5,8,15,21,100,110,134,122,106,105,90,20,103,112,117,105,95,90,51,12
0,3,6,0,1,7,9,11,78,108,129,108,84,60,54,49,58,87,96,83,70,61,49,13
0,8,13,8,10,23,26,18,57,85,115,106,69,74,70,89,52,81,117,97,62,51,36,24
0,2,1,8,11,14,20,33,57,111,176,179,63,55,88,62,70,85,119,99,51,29,20,10
7,0,0,0,6,6,5,12,55,79,133,119,57,13,53,50,64,86,120,141,95,49,23,11
3,0,1,0,0,1,6,12,56,62,70,61,41,50,39,50,48,68,107,115,74,50,17,11
0,0,0,0,0,10,10,25,55,59,57,50,50,14,39,28,56,70,78,70,54,39,19,14
0,0,0,0,3,8,7,34,53,57,54,51,49,14,31,48,51,56,79,76,51,15,13,2
0,0,0,0,0,2,12,16,57,56,54,52,14,38,29,36,56,58,57,56,23,13,11,3
0,0,0,0,3,5,13,35,51,54,52,46,14,21,22,54,58,57,56,32,30,11,6,1
0,0,0,0,0,0,9,20,50,52,54,19,19,12,35,54,61,56,42,52,34,11,10,0
0,0,0,0,1,5,12,13,15,51,27,34,20,23,26,52,59,48,62,50,13,10,9,5
0,0,5,1,2,9,0,9,28,52,48,38,14,13,11,39,43,56,51,35,9,3,0,10
2,3,0,1,5,3,7,28,16,50,52,37,11,7,5,27,53,54,33,11,12,3,3,10
0,0,0,0,2,5,7,8,12,50,53,21,7,12,11,19,50,56,12,12,5,14,4,0
0,0,0,2,7,10,6,10,22,53,57,55,13,14,4,7,14,50,19,13,9,0,9,4

2,8,10,13,27,16,11,1,11,7,0,0,0,8,13,12,4,8,0,0,12,51,61,91
68,122,85,69,56,48,7,0,0,0,0,0,52,72,63,34,8,0,0,9,10,27,78,63
70,126,103,59,64,29,5,6,0,0,0,58,115,128,78,50,6,13,0,10,14,58,72,55
20,37,51,51,58,84,71,12,0,0,1,51,82,72,58,52,40,8,7,0,2,53,60,14
0,5,23,46,60,67,62,59,40,9,7,24,54,52,53,68,52,50,13,14,0,43,33,6
0,0,12,11,14,12,53,55,40,66,94,52,58,21,31,63,50,36,51,42,10,19,0,5
7,5,7,7,9,1,13,53,55,56,84,115,67,102,74,74,66,76,66,56,21,0,0,0
3,0,0,0,0,0,11,42,56,59,83,111,94,105,105,103,97,97,50,61,37,6,4,0
0,0,0,0,0,24,0,5,0,77,81,113,149,139,127,121,137,122,108,90,62,14,9,0
0,0,0,0,2,0,6,0,55,66,113,163,187,186,170,159,163,178,134,104,64,19,6,0
0,0,0,0,0,3,0,0,33,72,93,158,201,225,206,200,210,203,170,107,65,52,2,0
0,0,0,0,0,2,0,1,24,89,105,172,192,244,235,215,215,192,150,107,66,21,0,0
0,0,0,0,5,1,0,0,57,102,122,178,207,209,192,180,205,154,137,101,50,6,4,0
0,0,12,0,0,0,6,0,64,96,134,178,182,186,182,159,171,169,152,107,56,4,0,0
0,3,0,0,0,0,11,7,54,60,106,139,145,144,156,146,144,144,134,104,14,0,11,8
4,0,0,0,0,1,0,6,51,61,73,99,133,135,126,126,115,122,100,76,18,8,1,0
5,8,7,3,0,1,11,3,51,61,78,90,125,98,90,95,93,98,105,74,40,4,2,11
6,12,12,9,7,25,19,28,43,60,92,120,108,118,113,141,121,92,67,44,31,11,8,0
0,0,0,0,0,11,11,44,56,95,113,140,133,109,119,141,125,102,81,82,40,11,8,1
1,2,4,1,0,4,11,51,75,83,114,135,132,117,122,136,125,115,106,107,40,6,0,0
0,0,0,10,10,13,12,55,64,97,127,132,139,142,140,141,124,118,96,75,64,14,1,0
0,0,4,9,12,13,22,49,101,142,144,140,141,155,156,169,141,107,65,73,55,31,2,2
7,8,10,6,14,14,26,64,101,146,170,163,148,141,146,160,125,115,71,105,101,55,6,5
2,2,4,0,0,12,43,102,120,152,176,182,160,147,145,150,139,109,110,114,117,92,50,85
3,5,5,0,7,3,36,101,119,142,171,176,173,147,130,132,137,107,125,131,116,71,23,11
8,9,11,5,5,12,23,100,113,127,167,154,164,140,115,114,112,117,119,125,105,104,63,13
7,6,3,7,7,10,27,75,106,130,141,142,135,119,110,110,74,112,112,113,116,71,49,13
0,6,6,0,4,8,44,51,104,125,143,141,124,110,104,89,106,113,115,103,102,102,76,39
0,9,5,5,5,8,16,22,100,110,134,122,106,105,91,22,103,112,117,105,96,90,51,12
0,2,6,0,2,7,9,11,78,108,129,108,84,60,54,49,58,87,96,83,70,61,49,13
0,8,13,8,10,24,26,18,57,84,115,106,69,74,70,89,52,81,117,96,62,51,36,24
0,2,1,8,11,14,20,32,57,111,176,179,63,55,88,62,70,84,119,99,51,29,20,10
7,0,0,0,6,6,5,13,55,79,133,119,57,13,53,50,64,85,119,140,95,49,23,11
3,0,2,0,0,1,6,12,56,62,70,61,40,50,41,50,48,68,107,115,74,50,18,11
0,0,0,0,0,10,10,26,55,58,57,50,50,14,40,28,56,70,78,70,54,39,19,14
0,0,0,0,3,9,7,34,53,57,54,51,50,14,31,48,51,56,79,76,51,15,13,2
0,0,0,0,0,2,12,16,57,56,54,52,14,38,29,36,56,58,57,56,23,13,11,3
0,0,0,0,3,5,13,35,52,54,52,46,14,20,23,54,58,57,55,32,30,10,6,1
0,0,0,0,0,0,9,19,50,52,54,20,20,12,33,54,61,56,42,52,34,11,10,0
0,0,0,0,1,5,12,13,15,51,27,34,20,23,25,52,59,48,62,50,14,10,8,5
0,0,5,1,2,9,0,9,28,52,48,38,14,13,11,39,44,56,51,35,9,4,0,10
2,3,0,1,5,3,8,28,15,50,52,36,11,7,6,27,53,54,31,11,12,3,3,10
0,0,0,0,2,5,7,8,12,50,53,21,7,12,11,19,50,56,12,12,6,14,4,0
0,0,0,2,7,10,6,10,22,53,57,55,13,14,4,7,14,50,19,13,9,0,9,4

3,9,10,13,26,14,11,0,9,5,0,0,5,9,13,11,3,8,0,0,11,51,61,90
71,125,85,68,55,47,5,0,0,0,0,33,64,77,61,31,8,0,0,9,9,25,77,62
71,126,103,59,63,23,4,5,0,2,9,75,143,140,79,14,3,14,0,10,14,58,71,54
20,38,52,51,58,83,66,10,0,0,3,69,101,85,57,38,21,4,6,0,1,53,59,13
0,5,25,47,60,66,61,58,15,8,4,41,72,54,50,61,47,44,12,13,0,40,31,6
0,0,12,11,14,12,53,54,39,66,93,51,59,20,28,57,43,32,48,41,10,18,0,4
7,5,7,7,9,1,12,53,55,56,84,115,66,101,72,70,64,72,64,54,19,0,0,0
3,0,0,0,0,0,11,41,56,59,83,111,94,104,103,100,93,94,41,60,36,5,4,0
0,0,0,0,0,18,0,4,0,77,81,113,149,139,126,119,133,119,108,89,62,14,9,0
0,0,0,0,1,0,5,0,55,66,113,163,187,186,168,157,160,175,132,104,64,17,6,0
0,0,0,0,0,3,0,0,32,72,92,156,200,224,206,198,206,199,167,106,65,52,2,0
0,0,0,0,0,1,0,0,22,88,105,171,192,242,234,213,212,190,149,106,66,19,0,0
0,0,0,0,4,1,0,0,56,102,122,179,208,209,192,180,204,154,137,102,51,6,4,0
0,0,11,0,0,0,6,0,64,96,134,180,183,186,182,159,171,170,153,108,57,4,0,0
0,3,0,0,0,0,11,7,54,61,106,139,145,145,157,146,144,144,135,105,15,0,11,8
4,0,0,0,0,1,0,6,51,61,73,99,134,135,127,126,115,122,101,75,19,9,1,0
6,7,7,3,0,1,11,3,51,61,78,91,125,99,90,95,94,98,105,75,42,4,2,11
6,12,12,9,7,25,19,28,43,60,92,120,109,119,114,142,121,92,68,44,31,11,8,0
0,0,0,0,0,11,11,43,56,95,113,140,133,110,119,141,125,102,81,83,40,12,8,1
1,2,4,1,0,4,11,50,75,83,114,135,132,117,122,137,125,115,106,107,40,6,0,0
0,0,0,10,10,13,12,55,64,97,126,131,139,141,139,141,124,118,96,75,63,14,1,0
0,0,3,9,12,13,22,49,101,141,144,140,140,154,155,168,141,106,65,73,55,30,2,2
7,8,10,7,14,14,26,64,101,146,169,163,147,141,146,159,125,114,71,105,101,55,6,5
2,2,4,0,0,12,40,101,120,152,176,181,160,146,144,150,138,108,110,114,117,92,49,84
3,5,5,0,7,3,36,101,119,142,171,175,172,147,130,132,137,107,125,131,116,71,22,11
8,9,11,5,4,12,20,100,113,127,167,153,164,140,115,114,111,117,119,125,105,104,63,13
7,6,3,7,7,10,27,76,106,130,141,143,135,119,110,110,74,112,112,113,116,71,49,13
0,6,6,0,4,8,44,51,104,125,143,141,124,110,104,89,106,113,115,103,102,101,75,39
0,9,5,5,5,8,15,22,100,110,133,122,106,105,90,20,103,112,117,105,95,90,51,12
0,2,6,0,2,7,9,11,78,108,129,108,84,59,53,49,58,87,96,83,70,62,48,13
0,8,13,8,10,24,27,19,57,84,115,106,68,74,71,88,52,81,117,97,62,51,36,24
0,2,1,8,11,13,19,32,57,111,176,179,63,55,88,62,70,84,119,99,51,29,20,10
7,0,0,0,6,6,5,13,55,79,133,119,57,13,53,50,64,86,120,141,96,49,22,11
3,0,1,0,0,1,6,12,56,62,70,61,40,50,41,50,48,68,108,115,74,50,18,11
0,0,0,0,0,10,11,26,55,59,57,50,50,15,41,29,56,70,78,70,54,39,20,14
0,0,0,0,3,9,7,34,54,57,54,51,50,14,31,48,51,56,79,77,51,15,13,2
0,0,0,0,0,2,12,18,57,56,54,52,14,38,30,36,56,58,57,56,23,13,11,3
0,0,0,0,3,5,12,35,52,54,52,46,14,21,23,54,58,57,56,32,29,11,6,1
0,0,0,0,0,0,9,20,50,52,55,19,19,12,36,54,61,56,42,52,35,11,10,0
0,0,0,0,1,5,12,13,16,51,27,34,21,24,24,52,59,48,63,50,13,10,9,5
0,0,5,1,3,9,0,9,28,52,50,37,14,13,11,40,44,56,51,36,9,4,0,10
2,3,0,1,5,3,8,28,15,50,52,37,11,7,5,27,53,54,32,11,12,3,3,10
0,0,0,0,2,5,7,9,12,50,53,22,8,13,11,20,51,56,12,12,6,14,4,0
0,0,0,2,7,10,6,10,22,53,57,55,13,14,4,7,14,50,20,13,9,0,9,4

3,9,11,14,26,16,11,1,10,6,0,0,5,9,14,11,3,8,0,0,11,51,61,90
70,125,85,69,55,48,6,0,0,0,0,14,62,76,62,31,8,0,0,9,10,27,77,62
71,126,103,59,64,25,5,6,0,2,8,73,139,137,78,13,3,14,0,11,14,58,71,55
21,38,52,51,58,83,68,11,0,0,3,66,100,83,56,37,24,5,7,0,1,53,59,13
0,6,25,50,60,67,62,58,26,9,5,37,71,53,50,61,47,47,13,13,0,41,32,6
0,0,12,11,14,12,53,55,40,66,94,51,60,22,28,56,43,35,50,42,10,18,0,4
7,5,7,7,9,1,13,54,55,57,85,116,68,103,74,71,65,75,65,55,20,0,0,0
3,0,0,0,0,0,12,42,57,60,85,112,96,107,106,103,95,97,51,62,40,5,4,0
0,0,0,0,0,20,0,5,0,78,82,115,152,143,128,121,136,122,110,91,62,14,9,0
0,0,0,0,1,0,6,0,55,66,115,166,189,186,170,159,161,177,135,106,65,18,6,0
0,0,0,0,0,3,0,0,34,72,93,159,201,223,204,198,206,199,170,108,65,52,2,0
0,0,0,0,0,2,0,1,27,89,105,172,191,239,230,209,211,189,150,107,66,20,0,0
0,0,0,0,4,1,0,0,57,102,123,181,208,208,192,178,203,155,138,102,51,7,5,0
0,0,11,0,0,0,6,0,65,97,135,182,183,185,183,159,171,170,155,108,57,4,0,0
0,3,0,0,0,0,11,8,54,61,107,139,146,146,158,146,144,144,135,105,17,0,12,8
3,0,0,0,0,1,0,6,51,61,73,100,135,137,128,127,116,123,101,76,20,9,1,0
5,7,7,2,0,1,12,2,50,61,78,91,126,100,91,96,94,98,106,75,42,4,3,11
6,12,12,9,7,25,19,27,43,60,92,121,111,120,115,144,122,93,68,44,31,11,9,0
0,0,0,0,0,11,11,44,56,95,113,141,134,110,120,142,126,102,81,84,40,11,7,1
1,2,4,1,0,4,10,47,74,82,114,134,132,117,123,137,125,115,106,107,38,5,0,0
0,0,0,10,10,13,11,55,64,96,126,131,138,141,139,141,124,118,95,73,61,14,1,0
0,0,3,9,11,13,21,48,100,140,143,139,140,154,153,167,140,106,64,71,54,30,2,2
7,8,10,6,14,14,25,64,100,145,168,161,146,140,145,158,124,114,71,105,100,54,6,5
2,2,4,0,0,12,40,101,120,151,175,181,159,146,144,149,138,108,109,114,117,92,49,84
3,5,5,0,7,3,34,101,119,141,170,175,172,146,130,131,136,106,124,130,115,71,22,11
8,9,11,5,4,12,22,100,113,127,166,153,163,140,115,114,111,117,118,125,104,103,62,13
7,6,3,7,7,10,27,76,106,130,141,142,135,119,110,110,73,112,112,113,116,71,49,13
0,6,6,0,4,8,44,51,104,125,143,141,123,110,104,88,106,113,115,103,102,101,76,38
0,9,5,5,5,8,16,23,100,110,134,122,106,105,91,20,103,112,117,105,95,90,51,12
0,2,6,0,1,6,9,11,78,108,129,108,84,60,54,49,58,87,95,83,70,61,49,13
0,8,13,8,10,24,26,19,57,85,115,106,68,73,70,88,52,81,117,97,62,51,36,25
0,2,1,8,11,14,20,33,57,111,176,178,63,55,88,62,70,84,119,99,51,29,20,10
7,0,0,0,6,6,5,13,55,79,133,119,57,13,53,50,64,86,120,141,96,49,23,11
3,0,1,0,0,1,6,12,56,62,70,61,40,50,40,50,48,68,108,115,74,50,17,11
0,0,0,0,0,10,11,27,55,59,57,50,50,15,41,29,56,70,78,70,54,40,19,14
0,0,0,0,3,8,7,35,54,57,54,51,50,14,32,48,51,56,79,77,51,15,13,2
0,0,0,0,0,2,12,18,57,56,54,52,14,40,29,36,57,58,57,56,23,13,11,3
0,0,0,0,3,5,13,36,52,54,52,46,14,21,23,54,58,57,56,32,30,10,6,1
0,0,0,0,0,0,9,22,50,52,55,20,20,12,37,54,61,57,42,53,37,11,10,0
0,0,0,0,1,5,12,13,16,51,27,34,21,24,26,52,59,48,62,51,14,10,9,5
0,0,5,2,3,9,0,9,28,52,50,39,14,13,11,40,44,56,51,37,9,4,1,10
2,3,0,1,5,3,8,28,16,50,52,37,11,7,5,27,53,54,33,11,12,3,3,10
0,0,0,0,2,5,7,9,12,50,53,21,7,13,11,20,50,57,12,12,5,14,4,0
0,0,0,2,7,10,6,10,22,53,57,55,13,14,4,8,14,50,20,13,9,0,9,4

4,10,11,14,30,20,12,5,11,7,0,0,0,5,6,8,2,8,0,0,12,52,62,94
71,127,88,70,56,50,8,0,0,0,0,4,51,63,51,16,7,0,0,10,11,33,78,63
71,128,104,59,65,28,5,7,0,0,0,60,115,120,68,2,1,14,0,11,14,58,72,55
22,39,52,51,58,84,68,11,0,0,1,48,84,74,50,14,29,7,8,0,2,53,60,14
0,6,27,50,60,67,62,58,31,9,5,23,63,50,23,56,42,50,13,14,0,41,33,6
0,0,12,11,14,12,53,55,39,66,93,52,59,25,25,54,40,36,51,42,10,18,0,5
8,5,7,8,9,1,13,54,55,56,85,116,69,103,75,71,65,76,66,56,21,0,0,0
4,0,0,0,0,0,13,44,57,61,86,113,97,108,108,105,95,97,52,62,40,5,4,0
0,0,0,0,0,20,0,5,0,78,83,116,153,143,130,122,136,122,110,91,63,14,9,0
0,0,0,0,1,0,6,0,55,66,115,167,190,187,172,161,162,177,135,106,65,17,6,0
0,0,0,0,0,3,0,0,28,72,94,162,206,225,207,200,207,200,170,108,65,52,2,0
0,0,0,0,0,2,0,1,26,89,107,174,192,240,232,210,211,190,151,108,66,21,0,0
0,0,0,0,4,1,0,0,57,103,124,183,210,209,193,179,203,156,139,102,52,7,5,0
0,0,11,0,0,0,6,0,66,97,135,183,184,186,182,159,171,171,156,108,57,4,0,0
0,3,0,0,0,0,11,7,54,61,107,139,146,145,157,146,143,144,135,105,17,0,12,8
3,0,0,0,0,1,0,5,51,61,73,100,135,136,128,127,116,122,101,76,20,9,1,0
5,7,7,3,0,1,11,2,50,61,78,91,126,100,91,96,94,98,106,75,41,3,3,11
6,12,12,9,7,24,19,28,43,60,93,121,111,120,115,144,122,93,68,44,31,11,9,0
0,0,0,0,0,11,11,44,56,95,113,141,133,110,120,142,126,102,81,83,39,11,7,1
1,2,4,1,0,4,10,50,74,82,114,135,132,117,123,137,125,115,106,106,38,5,0,0
0,0,0,10,10,13,12,55,64,96,126,131,138,141,139,141,124,118,96,74,61,14,1,0
0,0,3,9,11,13,21,49,101,141,143,139,140,154,154,167,140,106,64,71,54,30,2,2
7,8,10,6,14,14,25,64,100,146,168,162,146,140,145,158,124,114,71,105,100,54,6,5
2,2,4,0,0,12,40,101,120,151,175,181,159,146,144,149,138,108,110,114,117,92,49,84
2,5,5,0,6,3,36,101,119,141,170,175,172,146,130,131,137,107,124,130,115,71,22,11
8,9,10,5,4,12,22,100,113,127,166,153,163,140,115,114,111,117,118,125,104,103,63,13
7,6,3,7,7,10,27,76,106,130,141,143,135,119,110,110,73,112,112,113,116,71,48,13
0,6,6,0,4,8,44,52,104,125,143,141,124,110,104,88,106,113,115,103,102,102,76,38
0,9,5,5,4,8,16,23,100,110,134,122,106,105,90,20,103,112,117,105,95,90,51,12
0,2,6,0,1,6,9,11,78,108,129,108,84,60,53,49,58,87,95,83,70,61,49,13
0,8,13,8,10,24,27,19,57,85,115,106,69,74,70,88,52,81,117,96,62,51,36,24
0,2,1,8,11,14,20,33,57,111,176,178,63,55,88,62,70,84,119,99,51,29,20,10
7,0,0,0,6,6,5,13,55,79,133,119,57,13,53,50,63,85,120,141,96,49,22,11
3,0,1,0,0,1,6,12,56,62,70,61,41,50,39,50,48,68,108,115,75,50,17,11
0,0,0,0,0,10,10,27,55,58,57,50,50,15,41,29,56,70,78,70,54,39,19,14
0,0,0,0,3,9,8,35,54,57,54,51,49,14,31,47,51,56,79,77,51,15,13,2
0,0,0,0,0,2,12,18,57,56,54,52,14,38,29,36,56,58,57,56,23,13,11,3
0,0,0,0,3,5,13,35,52,54,52,46,14,21,22,54,58,57,56,32,30,11,6,1
0,0,0,0,0,0,9,20,50,52,54,20,19,12,35,54,61,56,42,52,36,11,10,0
0,0,0,0,1,5,12,13,17,51,27,34,21,24,25,52,59,48,63,50,13,10,9,5
0,0,5,2,3,9,0,9,28,52,50,38,14,13,11,40,44,56,51,36,9,4,1,10
2,3,0,1,5,3,8,28,16,50,52,38,12,7,5,27,53,54,33,11,12,3,3,10
0,0,0,0,2,6,7,9,12,50,53,22,8,12,11,21,50,57,12,12,6,14,4,0
0,0,0,2,7,9,6,10,22,53,57,55,13,14,4,8,14,50,20,14,9,0,9,4

3,10,11,14,29,19,11,4,11,7,0,0,0,6,6,9,2,8,0,0,12,52,62,92
71,127,88,69,56,50,8,0,0,0,0,4,52,65,53,20,7,0,0,10,11,31,78,63
71,127,104,59,64,29,5,7,0,0,0,61,117,123,71,4,1,14,0,10,14,58,72,55
22,38,52,51,58,84,69,12,0,0,1,51,86,75,51,14,28,7,8,0,2,54,60,14
0,6,27,50,60,67,62,59,34,9,4,25,65,50,33,58,43,50,13,14,0,41,33,6
0,0,12,11,14,12,53,55,40,66,94,52,60,26,26,55,40,36,51,42,10,19,0,5
8,5,7,8,9,1,13,54,56,57,85,116,69,103,75,71,65,75,66,56,21,0,0,0
4,0,0,0,0,0,13,43,57,61,86,113,97,108,108,105,96,97,52,62,43,5,4,0
0,0,0,0,0,22,0,5,0,78,83,117,154,144,130,122,136,122,110,91,63,14,9,0
0,0,0,0,1,0,6,0,55,66,116,169,191,188,173,161,163,179,136,107,65,19,6,0
0,0,0,0,0,3,0,0,31,73,95,164,208,228,209,202,209,202,172,109,65,52,2,0
0,0,0,0,0,2,0,1,30,89,107,176,195,243,234,213,213,191,152,108,67,23,0,0
0,0,0,0,4,1,0,0,57,102,124,182,211,210,193,179,204,156,139,103,52,7,5,0
0,0,11,0,0,0,6,0,65,96,135,182,184,186,182,158,171,171,155,108,57,4,0,0
0,3,0,0,0,0,11,7,54,61,107,139,145,145,156,145,143,144,135,105,17,0,12,8
4,0,0,0,0,1,0,5,51,61,73,100,135,136,127,126,115,122,101,76,19,9,1,0
5,7,7,2,0,1,11,1,50,61,78,91,125,99,91,95,93,98,105,75,39,3,2,11
6,12,12,9,7,25,19,28,43,60,92,120,109,118,114,142,121,92,67,44,30,11,9,0
0,0,0,0,0,11,11,44,56,95,113,140,133,109,120,141,125,102,80,82,39,11,7,1
1,2,4,1,0,4,11,51,75,83,114,134,131,117,122,136,125,115,106,107,38,5,0,0
0,0,0,9,10,13,12,55,64,97,126,131,138,141,139,141,124,117,96,74,61,14,1,0
0,0,3,8,11,13,21,49,101,141,143,139,140,154,154,167,140,106,64,72,54,30,2,2
6,8,10,6,14,14,26,65,101,146,169,162,147,140,145,159,124,114,71,105,100,54,6,5
2,2,4,0,0,12,41,102,120,152,175,181,159,146,144,149,138,108,110,114,117,92,50,84
2,5,5,0,7,3,36,101,119,141,170,175,172,146,130,132,137,107,124,130,116,71,22,11
8,9,11,5,4,12,22,100,113,127,167,153,163,140,115,114,111,117,119,125,104,103,63,13
7,6,3,7,7,10,27,76,106,130,141,142,135,119,110,110,74,112,112,113,116,71,49,13
0,6,6,0,4,8,44,51,104,125,143,141,123,110,104,88,106,113,115,103,102,101,76,39
0,9,5,5,5,8,16,25,100,110,134,122,106,105,91,22,103,112,117,105,95,90,51,12
0,3,6,0,1,6,9,11,78,108,129,107,84,60,53,49,58,87,95,83,69,61,49,13
0,8,13,8,10,24,26,18,57,85,115,106,68,73,70,88,52,81,117,96,62,51,36,24
0,2,1,8,11,13,20,32,57,111,175,178,63,55,88,62,70,84,119,99,51,29,20,10
7,0,0,0,6,6,5,13,55,79,133,119,57,13,53,50,63,86,120,141,96,49,23,11
3,0,1,0,0,1,6,12,56,62,70,61,41,50,40,50,48,68,107,115,74,50,18,11
0,0,0,0,0,10,11,26,56,59,57,50,50,15,39,29,56,70,78,70,54,39,20,14
0,0,0,0,3,9,7,34,54,57,54,51,49,14,31,47,51,56,79,77,51,15,13,2
0,0,0,0,0,2,12,17,57,55,54,52,14,39,28,36,57,58,57,56,23,13,11,3
0,0,0,0,3,5,13,35,52,54,52,46,14,21,23,54,58,57,56,32,30,11,6,1
0,0,0,0,0,0,9,20,50,52,54,20,20,12,35,54,61,56,42,52,35,11,10,0
0,0,0,0,1,5,12,13,17,51,27,33,19,26,25,52,60,48,62,50,13,10,9,5
0,0,5,2,2,9,0,9,28,52,48,38,14,13,11,40,44,56,51,35,9,4,0,10
2,3,0,1,5,3,8,28,16,50,52,39,12,7,5,28,53,54,33,11,13,3,3,10
0,0,0,0,2,5,7,9,12,50,53,21,8,13,11,20,50,56,12,12,6,14,4,0
0,0,0,2,7,10,6,10,22,54,57,55,13,14,4,7,14,50,19,14,9,0,9,4

3,9,11,14,28,18,11,4,10,7,0,0,1,7,7,9,3,8,0,0,12,51,62,91
71,127,87,69,56,50,7,0,0,0,0,6,54,67,56,24,8,0,0,10,11,31,78,63
70,127,103,59,64,28,5,7,0,0,1,63,121,127,74,6,1,14,0,10,14,58,72,55
22,39,52,51,58,84,70,12,0,0,1,55,88,77,53,15,26,6,7,0,2,53,60,14
0,6,26,50,60,68,62,59,33,9,4,27,67,51,42,60,43,50,13,14,0,41,32,6
0,0,12,11,14,12,53,55,40,66,94,52,60,25,27,56,41,36,51,42,10,19,0,5
8,5,7,8,9,1,13,54,56,57,85,116,70,103,75,71,65,75,66,55,21,0,0,0
4,0,0,0,0,0,13,43,58,61,87,113,98,108,108,104,95,97,51,62,43,6,4,0
0,0,0,0,0,23,0,5,0,78,83,117,154,145,131,122,136,122,110,92,63,15,9,0
0,0,0,0,2,0,6,0,55,67,117,170,192,189,173,161,163,179,137,107,65,19,6,0
0,0,0,0,0,3,0,0,34,73,95,165,208,229,210,202,210,203,173,110,65,52,2,0
0,0,0,0,0,2,0,2,33,90,107,177,196,245,236,214,214,192,152,108,67,24,0,0
0,0,0,0,4,1,0,0,57,102,123,182,210,210,193,179,205,156,139,103,52,8,6,0
0,0,11,0,0,0,6,0,64,96,134,182,184,186,181,158,171,171,155,108,57,3,0,0
0,3,0,0,0,0,11,7,54,61,106,139,145,144,155,145,143,144,135,105,18,0,12,9
3,0,0,0,0,1,0,5,51,61,73,99,133,134,126,125,114,122,101,75,19,9,1,0
5,7,7,2,0,1,11,1,50,61,77,90,124,98,90,94,93,97,105,74,39,3,2,11
6,12,12,9,7,24,18,28,43,60,92,119,107,117,112,140,119,92,67,44,30,11,8,0
0,0,0,0,0,11,11,44,56,95,113,140,132,109,119,141,124,101,80,82,39,11,8,1
1,2,4,1,0,4,11,51,75,83,114,134,131,116,122,136,124,115,106,107,39,6,0,1
0,0,0,9,10,13,12,55,65,97,126,131,138,141,139,141,124,117,96,74,62,14,1,0
0,0,3,9,11,13,21,49,101,142,144,140,140,154,154,167,141,106,65,73,55,31,2,2
6,8,10,6,14,14,26,65,101,146,169,162,147,140,146,159,124,114,71,105,100,55,6,5
2,3,4,0,0,12,41,102,120,152,176,181,159,146,145,150,138,108,110,114,117,92,49,85
2,5,5,0,7,3,34,101,119,142,170,175,172,147,130,132,137,107,125,131,116,71,22,11
8,9,11,5,4,12,23,100,113,127,166,153,163,140,115,114,112,117,119,125,104,103,63,13
7,6,3,7,7,10,27,77,106,130,141,142,135,119,110,110,75,112,112,113,116,71,49,13
0,6,6,0,4,8,44,52,104,125,143,141,123,110,104,89,106,113,115,103,102,101,76,39
0,9,5,5,4,8,16,22,100,109,133,122,106,105,90,22,103,112,117,105,95,90,51,12
0,2,6,0,1,6,9,11,78,108,129,108,84,59,54,49,58,88,96,83,70,61,50,13
0,8,13,8,10,23,26,18,57,84,114,106,69,74,70,89,52,81,117,96,62,51,36,24
0,2,1,8,11,13,20,33,57,111,175,177,63,55,88,62,70,84,119,99,51,29,20,10
7,0,0,0,6,6,5,13,55,79,133,118,57,13,53,50,64,86,120,141,96,49,22,11
3,0,1,0,0,1,6,12,55,62,70,61,40,50,40,50,49,68,108,115,75,50,18,11
0,0,0,0,0,10,10,25,55,58,57,50,50,14,41,29,56,70,78,70,54,39,20,14
0,0,0,0,3,9,7,34,54,57,54,51,50,14,31,48,51,56,79,77,51,15,13,2
0,0,0,0,0,2,12,17,57,55,54,52,14,38,29,36,56,58,57,56,23,13,11,3
0,0,0,0,3,5,13,35,52,54,52,46,14,21,23,54,58,57,56,32,30,10,6,1
0,0,0,0,0,0,9,20,50,52,54,19,20,12,35,54,61,56,42,52,35,11,10,0
0,0,0,0,1,5,12,13,17,51,27,34,19,23,25,52,59,48,63,51,14,10,9,5
0,0,5,2,2,9,0,9,28,52,50,37,14,13,11,39,44,56,51,36,9,4,0,10
2,3,0,1,5,3,8,28,16,50,52,38,11,7,5,27,53,54,33,11,12,3,3,10
0,0,0,0,2,5,7,9,12,50,53,21,8,13,11,20,51,56,12,12,6,14,4,0
0,0,0,2,7,10,6,10,24,54,57,55,13,14,4,7,14,50,20,14,9,0,9,4

3,9,11,14,27,17,11,4,10,7,0,0,1,7,7,9,3,8,0,0,12,51,61,90
71,126,87,69,56,50,8,0,0,0,0,6,54,67,57,25,8,0,0,10,10,30,78,63
71,126,103,59,65,31,5,7,0,0,1,63,121,127,74,6,1,14,0,10,14,58,72,55
22,39,52,51,58,84,70,12,0,0,1,55,88,77,54,19,25,7,8,0,2,54,60,14
0,6,26,50,60,68,62,59,35,9,4,29,68,51,49,61,45,50,13,14,0,42,33,6
0,0,12,11,14,12,54,55,41,67,94,53,60,26,27,57,41,36,50,42,11,20,0,5
8,5,7,8,9,1,13,55,56,58,86,116,70,103,75,72,65,75,66,56,22,0,0,0
4,0,0,0,0,0,13,43,58,62,87,113,97,108,108,105,96,98,52,62,45,6,5,0
0,0,0,0,0,24,0,5,0,79,83,117,155,145,130,122,138,123,111,92,63,17,9,0
0,0,0,0,2,0,6,0,56,67,117,170,193,189,173,161,164,181,140,108,66,21,6,0
0,0,0,0,0,4,0,0,38,73,96,165,207,229,211,202,211,206,176,111,66,53,2,0
0,0,0,0,0,2,0,2,42,90,108,179,197,247,238,216,216,193,154,110,68,27,1,0
0,0,0,0,4,1,0,0,58,103,124,183,211,210,193,179,205,157,139,103,53,8,6,0
0,0,11,0,0,0,6,0,65,97,135,182,184,186,181,158,171,171,155,108,57,2,0,1
0,3,0,0,0,0,11,7,54,61,107,139,145,144,155,145,142,144,136,105,20,0,12,9
3,0,0,0,0,1,0,5,50,60,73,99,132,134,125,124,114,122,101,75,20,9,1,0
5,7,7,2,0,1,11,1,50,61,77,90,123,97,89,94,93,97,105,75,39,3,2,11
6,12,12,9,7,24,18,28,42,60,91,119,106,116,112,140,119,91,67,44,30,11,9,0
0,0,0,0,0,11,11,44,56,95,113,140,131,108,118,140,124,101,80,82,39,11,8,1
1,2,4,1,0,4,11,51,75,83,114,134,131,116,122,136,124,115,106,106,39,6,0,0
0,0,0,10,10,13,12,56,65,97,126,131,138,141,139,140,124,117,95,74,62,14,1,0
0,0,3,8,11,13,21,49,101,141,144,139,140,154,154,167,140,106,65,72,55,31,2,2
7,8,10,6,14,14,26,65,101,146,169,162,147,140,146,159,124,114,71,105,100,55,6,5
2,2,4,0,0,12,41,102,120,151,176,181,160,146,144,150,138,108,110,114,117,92,50,85
2,5,5,0,7,3,36,101,119,141,170,175,172,147,130,132,137,107,125,130,116,71,22,11
8,9,11,5,4,12,22,100,113,127,166,153,163,140,115,114,111,117,119,125,104,103,63,13
7,6,3,7,7,10,28,77,106,130,141,142,135,119,111,110,75,112,112,113,116,71,49,13
0,6,6,0,4,8,44,51,104,125,143,141,123,110,104,88,106,113,115,103,102,101,76,40
0,9,5,5,4,8,17,23,100,109,133,122,106,105,90,20,103,112,117,105,95,90,51,12
0,2,6,0,1,7,9,11,78,108,129,107,84,60,54,49,58,87,96,83,70,61,49,13
0,8,13,8,10,24,27,18,57,84,114,106,68,73,70,88,53,81,117,96,62,51,36,24
0,2,1,8,11,13,19,33,57,111,175,177,63,55,88,62,70,84,119,100,51,29,20,10
7,0,0,0,6,6,5,13,55,79,133,118,57,13,53,50,64,86,120,141,96,49,23,11
3,0,1,0,0,1,6,12,56,62,70,61,40,50,41,50,48,68,108,115,74,50,18,11
0,0,0,0,0,10,10,26,55,58,57,50,50,15,40,29,56,70,78,70,54,39,19,14
0,0,0,0,3,9,7,34,53,57,54,51,50,14,30,48,51,56,79,77,51,15,13,2
0,0,0,0,0,2,12,17,57,55,54,52,14,38,29,36,56,58,57,56,23,13,11,3
0,0,0,0,3,5,13,35,52,54,52,46,14,21,23,54,58,57,56,32,30,11,6,1
0,0,0,0,0,0,9,20,50,52,54,20,20,12,34,54,61,56,42,52,35,11,10,0
0,0,0,0,1,5,12,13,18,51,28,34,21,23,26,52,59,49,63,50,14,10,9,5
0,0,5,2,2,9,0,9,28,52,50,37,14,13,11,39,44,56,51,37,9,4,1,10
2,3,0,1,5,3,8,28,16,50,52,38,11,7,5,27,53,54,33,11,12,3,3,10
0,0,0,0,2,6,7,9,12,50,53,21,7,12,11,20,50,56,12,12,6,14,4,0
0,0,0,2,7,10,6,11,24,54,57,55,13,14,4,8,14,50,20,14,9,0,9,4

3,9,11,14,27,18,11,4,10,7,0,0,1,7,8,9,3,8,0,0,12,51,61,90
71,126,87,69,56,50,8,0,0,0,0,7,55,68,56,26,8,0,0,10,10,30,78,63
71,126,103,59,64,31,5,7,0,0,2,64,121,128,76,7,2,14,0,10,14,58,72,55
21,39,52,51,58,84,70,12,0,0,1,56,89,77,54,21,25,7,8,0,2,54,60,14
0,6,27,50,61,68,62,60,36,9,5,30,68,51,50,62,46,50,13,14,0,42,33,6
0,0,12,11,14,12,54,55,41,66,94,53,60,26,28,58,43,37,51,42,10,20,0,5
8,5,7,8,9,1,13,54,56,58,85,116,70,104,74,72,66,76,66,56,22,0,0,0
4,0,0,0,0,0,13,42,58,61,87,113,97,108,107,105,97,98,53,62,47,6,5,0
0,0,0,0,0,23,0,5,0,79,83,117,155,145,130,122,137,123,111,93,64,17,10,0
0,0,0,0,2,0,6,0,56,67,117,170,193,189,172,161,163,181,140,109,66,22,6,0
0,0,0,0,0,4,0,0,39,73,96,167,209,228,210,201,209,204,176,112,66,53,3,0
0,0,0,0,0,2,0,2,50,91,110,180,197,245,236,214,214,193,155,110,68,27,1,0
0,0,0,0,4,1,0,0,59,104,127,187,213,210,194,179,204,157,141,104,54,9,7,0
0,0,12,0,0,0,6,0,66,100,138,186,184,186,182,159,170,171,158,109,58,2,0,1
0,3,0,0,0,0,12,9,55,62,109,138,144,144,156,145,143,143,136,106,27,0,12,9
3,0,0,0,0,1,0,5,51,61,73,99,133,135,126,125,114,122,101,77,21,9,1,0
5,7,7,2,0,1,11,0,45,61,77,90,124,98,90,94,93,97,105,75,40,3,3,12
6,12,12,9,7,24,18,25,42,60,91,119,107,118,113,140,119,92,67,44,30,11,9,0
0,0,0,0,0,10,11,43,56,94,113,140,132,109,118,140,124,101,80,81,39,11,7,1
1,2,3,1,0,4,10,47,74,82,113,133,130,116,122,136,124,115,106,106,37,5,0,0
0,0,0,9,10,13,11,55,64,96,126,130,137,141,138,140,123,117,95,73,61,14,1,0
0,0,3,8,11,13,20,49,100,141,143,138,139,153,153,166,140,105,64,71,54,30,2,2
7,8,10,6,14,14,25,64,100,145,168,161,146,140,145,158,124,114,71,105,100,54,6,5
2,2,4,0,0,12,40,101,120,151,175,181,159,146,144,149,138,108,109,114,117,92,49,83
3,5,5,0,6,3,36,101,119,141,170,175,171,146,130,131,136,107,124,130,115,71,22,11
8,9,10,5,4,12,23,100,113,127,166,153,163,140,115,114,111,117,118,125,104,103,63,13
7,6,3,7,7,10,27,76,106,130,141,142,135,119,110,110,74,112,112,113,116,71,49,13
0,6,6,0,4,8,44,51,104,125,142,141,123,110,104,89,106,113,115,103,102,101,75,38
0,9,5,5,4,8,16,23,100,109,133,122,106,105,90,20,103,112,116,105,95,90,51,12
0,2,6,0,1,6,9,11,78,108,129,107,84,59,54,49,58,87,95,83,70,61,48,13
0,8,13,8,10,23,27,18,57,84,114,106,68,74,70,88,52,81,117,97,62,51,36,24
0,2,1,8,11,14,19,32,57,111,175,177,63,54,88,62,69,84,119,100,51,29,20,10
7,0,0,0,6,6,5,13,55,79,133,119,57,13,53,50,64,86,120,142,96,49,23,11
3,0,1,0,0,1,6,12,55,62,70,61,40,50,40,50,48,68,108,116,75,50,18,11
0,0,0,0,0,10,10,26,55,58,57,50,50,14,41,29,56,70,78,70,54,40,20,14
0,0,0,0,3,8,7,34,54,57,54,51,50,14,31,48,51,56,79,77,51,15,13,2
0,0,0,0,0,2,12,17,57,56,54,52,14,39,29,36,56,58,57,56,23,13,11,3
0,0,0,0,3,5,13,35,52,54,52,46,14,20,23,54,58,57,56,32,30,11,6,1
0,0,0,0,0,0,9,21,50,52,55,19,20,12,36,54,61,56,42,53,37,11,10,0
0,0,0,0,1,5,12,13,18,52,27,34,19,25,25,52,60,49,63,51,14,10,9,5
0,0,5,2,2,9,0,9,28,52,50,37,14,13,11,40,44,56,51,37,9,4,1,10
2,3,0,1,5,3,8,28,16,50,52,37,12,7,5,28,53,54,33,11,12,3,3,10
0,0,0,0,2,5,7,9,12,50,53,25,8,13,11,21,51,57,12,12,6,14,4,0
0,0,0,2,7,10,6,10,23,54,57,55,13,14,4,8,14,50,20,14,9,0,9,4

3,9,11,14,28,18,11,5,10,7,0,0,1,7,7,9,3,8,0,0,12,51,61,90
71,126,87,69,56,50,8,0,0,0,0,6,54,68,56,25,8,0,0,10,10,30,78,63
71,126,103,59,65,31,5,7,0,0,1,63,121,128,75,7,2,14,0,10,14,58,72,55
21,39,52,51,58,84,70,12,0,0,1,55,88,77,54,18,25,7,8,0,2,53,60,14
0,6,27,50,61,68,62,60,37,9,4,29,69,51,50,61,44,50,13,14,0,41,33,6
0,0,12,11,14,12,54,55,41,67,94,53,60,25,27,56,40,36,50,42,10,19,0,4
8,5,7,8,9,1,13,55,56,58,86,116,69,103,74,70,65,75,66,56,23,0,0,0
4,0,0,0,0,0,14,44,58,61,87,114,98,108,107,104,96,99,53,62,48,6,5,0
0,0,0,0,0,24,0,5,0,79,84,118,155,145,129,122,137,124,112,93,64,19,10,0
0,0,0,0,2,0,6,0,56,67,117,170,193,189,172,161,163,181,141,110,67,21,6,0
0,0,0,0,0,4,0,0,42,74,97,168,211,230,211,202,210,206,178,113,66,54,3,0
0,0,0,0,0,2,0,2,53,92,112,182,198,247,237,215,216,195,159,112,68,29,1,0
0,0,0,0,4,1,0,0,60,105,129,190,215,211,195,181,205,159,143,107,55,10,8,0
0,0,12,0,0,0,7,0,68,101,141,189,183,185,183,159,171,172,161,110,59,1,0,2
0,3,0,0,0,0,12,10,55,63,110,137,144,145,157,146,143,143,136,107,35,0,12,9
3,0,0,0,0,1,0,6,55,61,73,100,134,136,127,126,115,122,101,78,24,9,1,0
6,7,7,2,0,1,10,5,50,61,77,90,125,99,91,95,94,98,105,75,42,3,3,12
6,12,12,9,7,23,17,18,41,59,91,119,108,119,114,142,121,92,67,44,30,11,9,0
0,0,0,0,0,10,10,41,56,93,113,140,132,109,119,141,125,101,80,82,39,11,7,1
1,2,3,1,0,3,9,44,73,80,113,133,130,116,122,136,124,115,106,106,36,5,0,0
0,0,0,9,10,13,11,54,64,94,125,129,136,140,138,140,123,117,94,72,59,14,1,0
0,0,3,8,11,13,19,47,100,139,141,136,138,151,151,165,139,104,63,70,53,29,2,2
7,8,10,6,14,14,24,63,100,144,166,159,145,139,144,157,123,113,71,104,100,53,6,5
2,2,4,0,0,12,39,101,119,150,174,180,157,145,144,149,137,107,109,113,117,91,47,83
3,5,5,0,6,2,33,101,118,141,169,175,171,146,129,131,136,106,124,130,115,70,22,11
8,9,10,5,4,12,22,100,113,127,166,153,163,140,115,113,111,117,118,125,104,103,63,13
7,6,3,7,7,10,27,76,106,130,141,142,135,119,110,110,73,112,112,113,116,71,48,13
0,6,6,0,4,8,43,51,104,124,142,141,123,110,104,88,106,113,115,103,102,101,76,38
0,9,5,5,4,8,14,21,100,109,133,122,106,105,90,22,103,112,117,105,95,90,51,12
0,2,6,0,1,6,9,11,78,108,129,107,84,59,54,49,58,87,95,83,70,61,49,13
0,8,13,8,10,24,27,18,57,84,115,106,69,74,70,88,53,81,117,96,62,51,36,24
0,2,1,8,11,14,20,32,57,111,175,178,63,55,89,62,70,84,119,100,51,29,20,10
7,0,0,0,6,6,6,12,55,78,133,119,57,13,53,50,64,86,120,142,96,49,23,11
3,0,1,0,0,1,6,12,55,62,70,61,40,50,41,50,49,68,108,116,75,50,17,11
0,0,0,0,0,10,11,27,55,59,57,50,50,16,40,29,56,70,78,70,54,40,20,14
0,0,0,0,3,9,7,35,53,57,54,51,50,14,31,48,51,56,79,77,51,15,13,2
0,0,0,0,0,2,12,18,57,56,54,52,14,38,29,36,57,58,57,56,23,13,11,3
0,0,0,0,3,5,13,36,52,54,52,47,14,21,23,54,58,57,56,32,31,10,6,1
0,0,0,0,0,0,9,21,50,52,54,20,20,12,36,54,62,56,42,53,36,11,10,0
0,0,0,0,1,5,12,13,19,52,27,34,20,25,27,52,60,49,63,51,14,10,9,5
0,0,5,2,3,9,0,9,28,52,50,39,14,13,11,40,44,56,51,37,9,4,1,10
2,3,0,1,5,3,8,28,17,50,52,39,12,7,6,28,53,54,35,11,12,3,3,10
0,0,0,0,2,6,7,9,12,50,53,24,8,13,11,21,51,57,12,12,6,14,4,0
0,0,0,2,7,10,7,11,24,54,58,55,13,14,4,8,14,50,20,14,9,0,9,4

4,9,11,14,29,19,11,5,10,7,0,0,1,7,7,9,3,8,0,0,12,51,61,90
71,127,87,69,56,50,8,0,0,0,0,6,54,68,56,25,8,0,0,10,11,31,78,63
71,126,103,59,64,32,5,7,0,0,1,63,120,127,75,6,2,14,0,10,14,58,72,55
22,38,52,51,58,84,70,12,0,0,1,55,88,77,53,17,26,7,8,0,2,53,60,14
0,6,27,50,61,68,62,60,38,9,5,30,69,51,48,61,43,50,13,14,0,42,33,6
0,0,12,11,14,12,54,55,41,67,94,53,61,26,26,55,40,36,50,42,10,19,0,4
8,5,7,8,9,1,13,55,56,58,86,117,70,103,74,70,65,75,66,56,22,0,0,0
4,0,0,0,0,0,14,43,58,62,88,114,98,108,107,104,96,98,53,62,47,6,5,0
0,0,0,0,0,23,0,5,0,79,84,118,156,145,130,122,137,123,112,94,64,18,10,0
0,0,0,0,2,0,7,0,56,67,118,171,193,188,172,161,162,180,140,110,67,21,6,0
0,0,0,0,0,4,0,0,44,74,99,170,211,230,211,201,209,205,178,113,66,54,3,0
0,0,0,0,0,2,0,2,53,93,114,183,198,245,236,214,215,194,159,112,68,29,1,0
0,0,0,0,4,2,0,0,60,105,131,191,215,211,195,181,205,159,143,107,55,11,8,0
0,0,12,0,0,0,7,0,68,101,143,189,182,185,184,160,171,172,162,111,59,2,0,2
0,3,0,0,0,0,12,10,55,63,111,137,145,146,160,147,144,144,136,107,37,0,12,9
4,0,0,0,0,1,0,6,55,61,73,100,136,137,128,128,117,123,101,79,25,9,2,0
6,8,7,3,0,1,11,6,50,61,78,91,126,100,92,97,95,99,106,75,46,3,3,12
6,12,12,10,7,23,17,19,41,59,92,121,111,121,116,145,124,94,68,44,31,11,9,0
0,0,0,0,0,10,10,37,55,91,113,140,133,111,120,143,126,102,81,82,39,11,7,1
1,2,3,1,0,3,8,38,71,79,112,133,131,117,123,137,125,115,106,106,36,5,0,0
0,0,0,9,10,13,10,52,63,93,124,128,136,140,138,140,123,117,93,71,58,13,1,0
0,0,3,8,11,13,18,46,98,137,139,134,136,150,150,165,139,104,63,69,52,29,2,2
6,8,10,6,14,14,24,62,99,143,164,157,144,138,144,156,123,113,70,104,100,53,6,5
2,2,4,0,0,12,36,101,119,149,173,179,156,145,143,148,136,106,109,113,116,91,46,82
3,5,5,0,6,2,33,101,118,140,169,174,171,145,129,131,135,106,123,129,115,70,21,11
8,9,10,5,4,12,20,96,113,126,166,153,162,139,115,113,111,117,118,125,104,103,62,13
7,6,3,7,7,10,25,73,106,129,141,142,135,119,110,110,73,111,112,113,115,71,48,13
0,6,6,0,4,7,42,51,103,124,142,140,123,110,104,88,106,113,115,103,102,101,76,38
0,9,5,5,4,8,14,20,100,109,133,122,106,105,90,20,103,112,116,104,95,90,51,12
0,2,6,0,1,6,9,11,77,108,129,107,84,59,53,49,58,87,95,83,70,61,49,13
0,8,13,8,10,24,26,18,57,84,114,106,69,73,70,89,52,81,116,96,62,51,36,24
0,2,1,8,11,13,19,32,56,110,175,178,63,55,88,62,70,84,119,100,51,29,20,10
7,0,0,0,6,6,6,12,55,78,133,119,57,13,53,50,63,86,120,142,96,49,22,11
3,0,1,0,0,1,6,12,55,62,70,61,40,50,41,50,49,68,108,117,75,50,18,11
0,0,0,0,0,10,10,27,55,59,57,50,50,15,41,29,56,70,78,70,54,39,20,14
0,0,0,0,3,9,8,35,54,57,54,51,50,14,31,48,51,55,79,77,51,15,13,2
0,0,0,0,0,2,12,19,57,56,54,52,14,38,29,36,56,58,57,56,23,13,11,3
0,0,0,0,3,5,13,37,52,54,52,47,14,21,23,54,58,57,56,32,30,11,6,1
0,0,0,0,0,0,9,21,50,52,54,20,20,12,36,54,61,56,42,53,36,11,10,0
0,0,0,0,1,5,12,13,21,52,27,34,22,26,27,52,60,49,63,51,14,10,9,5
0,0,5,2,3,9,0,9,29,52,50,40,14,13,11,41,44,56,51,38,9,4,0,10
2,3,0,1,6,3,8,28,17,50,52,39,12,7,6,28,53,54,36,11,12,3,3,10
0,0,0,0,2,5,7,9,12,50,53,25,8,13,11,21,51,57,12,12,6,14,4,0
0,0,0,2,7,10,7,11,24,54,57,55,13,14,4,8,14,50,20,14,9,0,9,4

3,9,11,14,28,18,11,5,10,7,0,0,1,7,7,9,3,8,0,0,12,51,61,90
71,127,87,69,56,50,8,0,0,0,0,6,54,68,56,26,8,0,0,10,11,30,78,62
70,126,103,59,64,32,5,7,0,0,1,63,120,127,75,7,2,14,0,10,14,58,71,54
22,39,52,51,58,84,70,12,0,0,1,55,88,77,54,21,24,7,8,0,2,53,60,14
0,6,28,50,60,68,62,60,37,9,4,31,69,51,50,61,45,50,13,14,0,41,33,6
0,0,12,11,14,12,54,55,41,67,94,54,61,26,27,56,42,36,51,42,10,20,0,4
8,5,7,8,9,1,13,54,56,58,86,117,70,104,75,72,66,75,66,56,22,0,0,0
4,0,0,0,0,0,14,43,58,62,88,114,98,108,108,105,96,99,53,62,48,6,5,0
0,0,0,0,0,25,0,5,0,79,83,118,155,146,131,122,137,123,112,93,64,19,10,0
0,0,0,0,2,0,7,0,56,67,118,170,193,189,174,162,164,181,141,110,67,21,6,0
0,0,0,0,0,4,0,0,44,74,98,169,212,231,213,204,211,207,179,113,66,54,3,0
0,0,0,0,0,2,0,2,53,93,113,183,198,246,237,215,216,196,159,112,68,29,1,0
0,0,0,0,4,2,0,0,60,105,130,190,215,211,195,181,206,159,143,107,55,11,8,0
0,0,12,0,0,0,7,0,68,101,142,188,182,185,183,160,171,173,160,110,59,2,0,2
0,3,0,0,0,0,12,10,55,63,110,137,145,145,158,146,143,143,136,107,34,0,12,10
4,0,0,0,0,1,0,6,55,61,73,100,136,137,128,127,116,122,101,78,24,9,2,0
6,8,7,3,0,1,11,6,50,61,78,91,126,100,92,96,94,98,106,75,44,3,3,12
6,12,12,10,7,23,17,21,42,59,92,120,111,120,115,145,123,93,67,44,31,11,9,0
0,0,0,0,0,10,10,38,55,92,113,140,133,110,120,142,126,102,81,82,39,11,7,1
1,2,3,0,0,3,9,40,72,80,112,133,131,117,123,137,125,115,106,106,36,5,0,0
0,0,0,9,10,13,10,53,63,94,124,129,136,141,138,141,124,117,94,71,58,14,1,0
0,0,3,8,11,13,19,47,100,138,140,135,137,151,151,166,139,105,63,70,53,29,2,2
7,8,10,6,14,14,24,63,100,144,165,159,144,138,144,157,123,113,71,104,100,53,6,5
2,2,4,0,0,12,37,101,119,150,174,179,157,145,143,149,137,107,109,113,117,92,47,82
2,5,5,0,6,2,34,101,118,141,169,174,171,146,129,131,135,106,124,130,115,70,21,11
8,9,10,5,4,12,20,98,113,127,166,153,163,139,115,113,111,117,118,125,104,103,63,13
7,6,2,7,6,10,25,75,106,129,141,142,135,119,110,110,72,111,112,113,115,71,48,13
0,6,6,0,4,7,43,51,104,124,142,140,123,110,104,88,106,113,115,103,102,101,76,38
0,9,5,5,4,8,14,21,100,109,133,122,106,105,90,20,103,112,116,104,95,90,51,12
0,3,6,0,1,6,9,11,77,108,129,107,84,59,54,49,58,87,95,83,69,61,49,13
0,8,13,8,10,23,27,18,57,84,114,106,68,74,70,88,52,81,116,96,62,51,36,24
0,2,1,8,11,13,19,32,56,110,174,177,63,55,88,62,70,84,119,100,51,29,20,10
7,0,0,0,5,6,5,12,55,78,133,119,57,13,53,50,63,86,120,142,96,49,23,11
3,0,1,0,0,1,6,12,55,62,70,61,40,50,41,50,49,68,108,116,75,50,18,12
0,0,0,0,0,10,10,26,55,58,57,50,50,15,40,28,56,70,78,70,54,39,20,14
0,0,0,0,3,9,7,35,54,57,54,51,50,14,31,48,51,56,79,77,51,15,13,2
0,0,0,0,0,2,12,18,58,56,54,52,14,40,28,36,57,58,58,56,23,13,11,3
0,0,0,0,3,5,13,36,52,54,52,46,14,21,23,54,58,57,56,32,31,11,6,1
0,0,0,0,0,0,9,21,50,52,54,19,19,12,36,54,61,56,42,53,36,11,10,0
0,0,0,0,1,5,12,13,22,52,28,34,21,27,25,52,60,49,63,51,14,10,9,5
0,0,6,2,2,9,0,9,28,52,50,39,14,13,11,41,44,56,51,37,9,4,0,10
2,4,0,1,6,3,8,28,19,50,52,39,12,7,6,28,53,54,36,11,12,3,3,10
0,0,0,0,2,6,7,9,12,50,53,22,8,12,11,21,51,57,12,12,6,14,4,0
0,0,0,2,7,10,7,11,24,54,57,55,13,14,4,8,14,50,20,14,9,0,9,4

3,9,11,14,27,19,11,5,10,7,0,0,1,7,8,9,3,8,0,0,12,51,61,90
71,126,87,69,56,50,8,0,0,0,0,6,54,69,57,27,8,0,0,10,11,31,78,63
71,126,103,59,64,29,5,7,0,0,1,64,121,128,76,7,2,14,0,10,14,58,71,55
21,39,52,51,58,84,70,12,0,0,1,56,88,77,55,23,26,7,8,0,2,53,60,14
0,6,27,50,60,68,62,60,38,9,5,32,69,52,50,62,46,50,13,14,0,41,32,6
0,0,12,11,14,12,54,55,41,67,94,54,61,27,28,57,42,37,51,42,10,19,0,5
8,5,7,8,9,1,13,54,56,58,86,117,70,104,75,72,66,75,66,55,22,0,0,0
4,0,0,0,0,0,14,42,58,62,88,114,98,108,109,106,97,99,53,62,47,6,5,0
0,0,0,0,0,25,0,5,0,79,83,118,155,145,132,123,138,124,112,93,64,18,10,0
0,0,0,0,2,0,7,0,56,67,117,170,193,190,175,163,164,182,141,109,67,22,6,0
0,0,0,0,0,4,0,0,43,74,98,169,213,233,215,206,213,208,179,113,66,54,3,0
0,0,0,0,0,2,0,2,53,92,112,182,200,248,239,217,218,196,159,112,68,31,1,0
0,0,0,0,4,1,0,0,59,104,129,189,215,211,195,181,206,160,143,106,55,10,8,0
0,0,12,0,0,0,7,0,68,100,140,188,183,185,182,159,171,173,160,110,58,2,0,2
0,3,0,0,0,0,11,9,55,63,110,138,145,145,156,145,143,143,136,106,32,0,12,10
4,0,0,0,0,1,0,6,55,61,73,100,135,136,127,126,115,122,101,77,23,9,1,0
5,8,7,3,0,1,11,6,50,61,78,91,125,99,91,95,94,98,105,75,44,3,3,12
6,12,12,10,7,23,17,22,42,59,92,120,109,119,114,142,121,92,67,44,30,11,9,0
0,0,0,0,0,10,11,40,56,92,113,140,132,109,120,142,125,102,80,82,39,11,7,1
1,2,3,1,0,3,9,43,73,80,113,133,130,116,122,136,125,115,106,106,37,5,0,0
0,0,0,9,10,13,11,54,64,95,124,129,136,140,138,140,124,117,94,72,59,14,1,0
0,0,3,8,11,13,19,48,100,139,141,136,138,151,152,166,139,105,64,70,54,30,2,2
6,7,10,6,14,14,24,64,100,144,166,159,145,139,145,158,123,113,71,104,100,54,6,5
2,2,4,0,0,12,37,101,120,150,174,179,158,145,144,149,137,107,109,114,117,92,48,83
2,4,5,0,6,2,34,101,118,141,169,174,171,146,129,131,136,106,124,130,115,70,21,11
8,9,10,5,4,12,20,100,113,127,166,153,163,139,115,114,111,117,118,125,104,104,62,13
7,6,3,7,7,10,25,76,106,129,141,142,135,119,110,110,73,111,112,113,116,71,48,13
0,6,6,0,4,7,43,51,104,124,142,140,123,109,104,88,106,113,115,103,102,101,75,39
0,9,5,5,4,8,15,21,100,109,133,121,106,105,90,20,103,112,116,105,95,90,51,12
0,2,6,0,1,6,9,11,77,108,128,107,84,59,53,49,58,87,95,83,69,61,49,13
0,8,13,8,10,24,26,18,57,84,114,106,69,73,70,88,53,81,116,96,62,51,36,24
0,2,1,8,11,13,18,32,56,110,174,177,63,54,88,62,70,84,119,100,51,29,20,10
7,0,0,0,5,6,5,12,55,78,132,118,57,13,53,50,63,86,120,142,96,49,22,11
3,0,1,0,0,1,6,12,55,62,70,61,40,50,41,50,49,68,108,116,75,50,17,12
0,0,0,0,0,10,10,25,55,59,57,50,50,15,39,29,56,70,78,70,54,39,20,14
0,0,0,0,3,9,7,34,53,57,54,51,50,14,31,48,51,56,79,77,51,15,13,2
0,0,0,0,0,2,12,18,57,56,54,52,14,38,29,36,56,58,57,56,23,13,11,3
0,0,0,0,3,5,13,36,52,54,52,46,14,21,23,54,58,57,56,32,30,11,6,1
0,0,0,0,0,0,9,21,50,52,54,20,20,12,35,54,61,56,42,53,35,11,10,0
0,0,0,0,1,5,12,13,21,52,27,33,19,25,28,52,59,49,63,51,14,10,9,5
0,0,5,2,3,9,0,9,29,52,50,38,14,13,11,40,44,56,51,37,9,4,0,10
2,3,0,1,6,3,8,28,18,50,52,39,12,7,6,28,53,54,36,11,12,3,3,10
0,0,0,0,2,6,8,9,12,50,53,24,8,13,11,21,51,57,12,12,6,14,4,0
0,0,0,2,7,10,7,11,24,54,57,55,13,14,4,8,14,50,20,14,9,0,9,4

3,9,11,14,27,18,11,5,10,7,0,0,2,7,8,10,3,8,0,0,12,51,61,90
70,126,87,69,56,50,8,0,0,0,0,7,55,69,57,27,8,0,0,11,11,31,78,63
70,126,103,59,64,31,5,8,0,0,2,64,121,128,76,7,2,14,0,10,14,58,72,55
22,38,52,51,58,84,70,12,0,0,1,57,89,77,55,24,24,7,8,0,2,53,60,14
0,6,27,50,60,68,62,60,38,9,4,32,69,52,51,62,45,50,13,14,0,42,33,6
0,0,12,11,14,12,54,55,42,67,94,54,62,27,28,58,42,37,51,42,10,20,0,5
8,5,7,8,9,1,13,55,56,58,86,117,71,104,75,72,66,75,66,56,23,0,0,0
4,0,0,0,0,0,14,42,58,62,88,114,99,109,109,106,97,99,53,62,47,6,5,0
0,0,0,0,0,26,0,5,0,79,84,118,156,147,132,123,138,124,111,93,64,18,10,0
0,0,0,0,2,0,7,0,56,67,118,171,194,191,176,163,165,183,141,109,67,21,6,0
0,0,0,0,0,4,0,0,44,74,98,169,212,233,215,206,214,209,179,113,66,54,3,0
0,0,0,0,0,2,0,2,53,92,112,182,200,249,240,218,219,197,159,112,68,31,1,0
0,0,0,0,4,2,0,0,59,104,128,189,216,212,195,181,207,160,142,106,55,10,8,0
0,0,12,0,0,0,7,0,67,100,139,187,184,185,181,158,171,174,159,109,58,1,0,2
0,3,0,0,0,0,11,9,54,62,109,138,144,144,155,145,142,144,136,106,31,0,12,10
4,0,0,0,0,1,0,5,55,61,73,99,133,134,126,125,114,122,101,77,22,9,1,0
6,8,7,3,0,1,11,6,50,61,77,90,124,98,90,94,93,97,105,75,42,3,3,12
6,12,12,9,7,23,17,22,42,59,91,119,107,118,113,141,120,92,67,44,30,11,9,0
0,0,0,0,0,10,11,41,56,93,113,139,132,109,119,141,125,101,80,81,39,11,7,1
1,2,3,0,0,3,10,46,74,81,113,133,130,116,122,136,124,115,106,106,38,5,0,0
0,0,0,9,10,13,11,54,64,95,125,129,136,140,138,140,123,117,94,72,60,14,1,0
0,0,3,8,11,13,20,48,100,140,142,137,139,152,153,167,140,105,64,71,54,30,2,2
7,7,10,6,14,14,25,64,100,145,167,161,146,139,145,159,124,113,71,105,100,54,6,5
2,2,4,0,0,12,40,101,120,150,175,180,158,146,144,149,138,107,109,114,117,92,49,83
3,5,5,0,6,2,34,101,118,141,170,174,172,146,130,131,136,106,124,130,116,71,22,11
8,9,10,5,4,12,22,98,113,127,166,153,163,140,115,113,111,117,118,125,104,103,63,13
7,6,3,7,7,10,27,76,106,129,141,142,135,119,110,110,74,112,112,113,116,71,49,13
0,6,6,0,4,7,43,52,104,124,142,140,123,110,104,88,106,113,115,103,102,101,75,39
0,9,5,5,4,8,15,21,100,109,133,122,106,105,90,22,103,112,117,105,95,90,51,12
0,2,6,0,1,6,9,11,77,108,128,107,83,59,53,49,58,87,95,83,69,61,48,14
0,8,13,8,10,24,26,18,57,84,114,105,68,73,70,88,52,81,116,96,62,51,36,25
0,2,1,8,11,13,18,32,56,110,173,176,63,55,88,62,70,84,119,100,51,29,20,10
7,0,0,0,6,6,5,13,55,78,132,118,57,13,53,50,63,86,120,142,96,49,23,11
3,0,1,0,0,1,6,12,55,62,70,61,40,50,39,50,49,68,108,116,75,50,18,11
0,0,0,0,0,10,10,26,55,58,57,50,50,16,41,29,56,70,78,70,54,39,20,14
0,0,0,0,3,9,7,34,53,57,54,51,49,14,31,48,51,56,79,77,51,15,13,2
0,0,0,0,0,2,12,18,58,56,54,52,14,39,29,36,56,58,57,56,23,13,11,3
0,0,0,0,3,5,13,37,52,54,52,46,14,20,23,54,58,57,56,32,30,11,6,1
0,0,0,0,0,0,9,21,50,52,54,20,19,12,36,54,61,56,42,53,35,11,10,0
0,0,0,0,1,5,12,13,21,52,27,33,19,26,26,52,60,49,63,51,14,10,9,5
0,0,5,2,3,9,0,9,28,52,50,38,14,13,11,40,44,56,51,37,9,4,1,10
2,3,0,1,6,3,8,28,18,50,52,39,12,7,6,28,53,54,36,11,12,3,3,10
0,0,0,0,2,6,7,9,12,50,53,24,8,13,11,20,51,57,12,12,6,14,4,0
0,0,0,2,7,10,7,11,24,54,57,55,13,14,4,8,14,50,20,14,9,0,9,4

3,9,11,14,29,18,11,5,11,7,0,0,2,7,7,10,3,8,0,0,12,51,61,90
70,126,87,69,56,50,8,0,0,0,0,6,55,68,57,27,8,0,0,10,11,31,78,63
71,126,103,59,64,32,5,8,0,0,2,63,121,128,76,7,2,14,0,10,14,58,72,55
21,39,52,51,58,84,70,13,0,0,2,57,89,77,55,25,25,7,8,0,2,53,60,14
0,6,27,50,61,69,62,60,40,10,5,32,69,52,51,62,46,51,14,14,0,42,33,6
0,0,12,11,14,12,54,55,42,67,94,54,62,27,28,58,43,37,51,42,11,20,0,5
8,5,7,8,9,1,13,55,56,58,86,117,71,104,76,73,66,76,66,56,23,0,0,0
4,0,0,0,0,0,14,43,58,62,88,114,99,110,110,106,97,99,53,62,47,7,5,0
0,0,0,0,0,27,0,5,0,79,84,119,157,148,133,124,139,124,112,93,64,19,10,0
0,0,0,0,2,0,7,0,56,67,118,172,195,192,176,164,166,184,142,110,67,22,6,0
0,0,0,0,0,4,0,0,44,74,98,170,213,234,215,207,215,211,180,113,66,54,3,0
0,0,0,0,0,2,0,2,53,92,112,182,200,250,241,219,220,198,160,112,68,31,2,0
0,0,0,0,4,2,0,0,59,104,128,188,216,212,194,181,208,161,142,106,55,11,8,0
0,0,12,0,0,0,7,0,66,100,138,187,185,185,181,158,171,174,159,109,58,1,0,2
0,3,0,0,0,0,11,8,55,62,108,139,144,143,154,144,142,144,136,106,30,0,12,10
4,0,0,0,0,1,0,5,54,61,73,99,132,134,125,124,113,122,101,77,22,9,1,0
5,8,7,3,0,1,11,6,50,61,77,90,123,97,90,94,92,97,105,75,42,3,3,12
6,12,12,9,7,23,17,22,42,59,91,118,105,116,111,139,119,91,67,44,30,11,9,0
0,0,0,0,0,10,11,42,56,93,113,139,131,108,118,140,124,101,80,81,39,11,8,1
1,2,3,0,0,3,10,47,74,81,113,133,130,116,121,135,124,115,106,106,38,6,0,0
0,0,0,9,10,13,11,55,64,96,125,129,136,140,138,140,123,117,95,73,61,14,1,0
0,0,3,8,11,13,20,49,101,141,142,137,139,152,153,167,140,105,64,71,55,30,2,2
7,8,10,6,14,14,25,65,101,146,168,161,146,140,145,159,124,114,71,105,100,54,6,5
2,2,4,0,0,12,40,102,120,151,175,180,159,146,144,149,138,108,110,114,117,93,50,83
3,5,5,0,6,3,34,101,118,141,170,174,172,147,130,132,137,106,124,130,116,71,22,11
8,9,10,5,4,12,20,100,113,127,166,153,163,140,115,114,111,117,118,125,104,104,63,13
7,6,3,7,7,10,27,76,106,130,141,142,135,119,110,110,74,112,112,113,116,71,49,13
0,6,6,0,4,7,44,51,104,124,142,140,123,109,104,88,106,113,115,103,102,101,76,40
0,9,5,5,4,8,15,22,100,109,133,122,106,105,90,22,103,112,116,105,95,90,51,12
0,2,6,0,1,7,9,11,78,108,129,107,84,59,54,49,58,87,95,83,70,61,49,13
0,8,13,8,10,23,26,18,57,84,114,105,69,73,70,89,52,81,117,96,62,51,36,25
0,2,1,8,11,13,18,32,56,110,173,176,63,55,88,62,70,84,119,100,51,29,20,10
7,0,0,0,6,6,5,12,55,78,132,118,57,13,53,50,63,86,120,142,96,49,23,11
3,0,1,0,0,1,6,12,55,62,70,61,40,50,39,50,49,68,108,116,75,50,18,11
0,0,0,0,0,10,10,25,55,58,57,50,50,15,39,29,56,70,78,70,54,39,20,14
0,0,0,0,3,9,7,34,53,57,54,51,48,14,31,47,51,56,79,77,51,15,13,2
0,0,0,0,0,2,12,19,57,56,54,52,14,39,29,36,56,58,57,56,23,13,11,3
0,0,0,0,3,5,13,36,52,54,52,46,14,21,23,54,58,57,56,32,30,11,6,1
0,0,0,0,0,0,9,21,50,52,54,20,20,12,36,54,61,56,42,53,35,11,10,0
0,0,0,0,1,5,12,13,21,52,27,32,18,25,26,52,59,49,62,51,13,10,9,5
0,0,6,2,3,9,0,9,28,52,50,38,14,13,11,40,44,56,51,37,9,4,0,10
2,3,0,1,6,3,8,29,17,50,52,37,12,7,6,28,53,54,35,11,12,3,3,10
0,0,0,0,2,6,7,9,12,50,53,24,8,12,11,20,51,57,12,12,6,14,4,0
0,0,0,2,7,10,7,11,24,54,57,55,13,14,4,8,14,50,20,14,9,0,9,4

3,9,11,14,28,18,11,6,10,7,0,0,2,7,7,10,3,8,0,0,12,51,61,90
70,126,87,69,56,50,9,0,0,0,0,7,55,69,57,27,8,0,0,10,11,30,78,62
70,126,103,59,65,33,5,8,0,0,2,64,121,128,76,8,2,14,0,10,14,58,72,55
22,38,52,51,58,84,70,13,0,0,1,57,88,77,55,25,25,7,8,0,2,53,60,14
0,6,28,50,61,69,62,60,42,10,5,33,70,52,51,63,47,51,14,14,0,43,33,6
0,0,12,11,14,12,54,56,42,67,94,54,62,27,29,59,43,37,51,42,11,20,0,5
8,5,7,8,9,1,13,55,57,58,86,117,71,105,76,73,66,75,66,55,23,0,0,0
4,0,0,0,0,0,14,42,58,62,88,114,99,110,110,106,97,98,52,62,47,7,5,0
0,0,0,0,0,29,0,6,0,79,84,119,157,148,133,124,139,124,111,93,64,19,10,0
0,0,0,0,2,0,7,0,56,67,118,172,196,193,177,164,166,183,141,110,67,22,6,0
0,0,0,0,0,4,0,0,44,74,97,171,216,234,217,208,215,211,180,113,66,54,3,0
0,0,0,0,0,2,0,2,53,91,111,183,202,250,242,220,221,198,160,112,68,32,2,0
0,0,0,0,4,2,0,0,59,104,127,187,216,213,195,181,209,161,143,106,55,11,8,0
0,0,12,0,0,0,7,0,66,99,137,186,186,186,181,158,172,174,159,109,58,1,0,2
0,3,0,0,0,0,11,8,54,62,108,139,144,144,154,144,143,144,136,106,30,0,12,10
4,0,0,0,0,1,0,5,54,61,72,99,132,133,125,124,113,122,101,77,22,9,1,0
6,7,7,2,0,1,11,6,50,61,77,89,123,97,89,93,92,97,105,75,42,3,3,12
6,12,12,9,7,23,17,23,42,59,90,118,105,116,111,138,118,91,67,44,30,11,9,0
0,0,0,0,0,10,11,42,56,94,113,139,130,107,117,140,124,101,80,81,39,12,8,1
1,2,3,1,0,3,10,48,74,82,113,133,130,115,121,135,124,115,106,106,38,6,0,0
0,0,0,9,10,13,11,55,64,96,125,130,136,140,138,140,123,117,95,73,61,14,1,0
0,0,3,8,11,13,20,49,101,141,142,138,139,152,152,167,140,105,64,72,55,31,2,2
6,8,10,6,14,14,25,65,101,146,168,161,146,140,145,159,124,114,71,105,100,54,6,5
2,2,4,0,0,12,40,102,120,151,175,180,159,146,144,150,138,108,110,114,117,93,50,84
2,5,5,0,6,3,34,101,119,141,170,174,172,147,130,132,137,106,124,131,116,71,22,11
8,9,10,5,4,12,22,100,113,127,166,153,163,140,115,114,111,117,118,125,104,103,63,14
7,5,3,7,7,10,27,76,106,130,141,142,135,119,110,110,74,112,112,113,116,71,49,13
0,6,6,0,4,7,44,52,104,124,142,140,123,109,104,88,106,113,115,103,102,101,76,40
0,9,5,5,4,8,16,21,100,109,133,122,106,105,90,20,103,112,117,105,95,90,51,12
0,2,6,0,1,7,9,11,78,108,128,107,83,59,54,49,58,87,95,83,70,61,49,14
0,8,13,8,10,24,26,18,57,84,114,105,68,73,70,88,52,81,117,97,62,51,36,24
0,2,1,8,11,13,19,31,56,110,173,176,63,55,88,62,70,84,119,100,51,29,20,10
7,0,0,0,6,6,5,13,55,78,132,118,57,13,53,50,63,86,120,142,96,49,23,11
3,0,1,0,0,1,6,11,55,62,70,61,40,50,40,50,49,68,108,116,75,50,18,11
0,0,0,0,0,10,10,25,55,58,57,50,50,14,40,29,56,70,78,70,54,39,20,14
0,0,0,0,3,9,7,34,53,57,54,51,50,14,31,48,51,56,79,77,51,15,13,2
0,0,0,0,0,2,12,18,57,55,54,52,14,39,28,36,57,58,58,56,23,13,11,3
0,0,0,0,3,5,13,37,52,54,52,46,14,20,23,54,58,57,56,32,30,10,6,1
0,0,0,0,0,0,9,21,50,52,54,20,20,12,35,54,61,56,42,53,35,11,10,0
0,0,0,0,2,5,12,13,21,52,27,33,17,26,28,52,60,49,63,51,14,10,9,5
0,0,6,2,3,9,0,9,28,52,50,37,14,13,11,40,44,56,51,36,9,3,1,10
2,4,0,1,6,3,8,28,17,50,52,37,12,7,6,28,53,54,36,11,12,3,3,10
0,0,0,0,2,6,7,9,12,50,53,24,8,12,11,21,50,57,12,12,6,14,4,0
0,0,0,2,7,10,7,11,24,54,57,55,13,14,4,8,14,50,20,13,9,0,9,4

3,9,11,14,27,18,11,6,10,7,0,0,2,7,8,10,3,8,0,0,12,51,61,90
70,126,87,69,56,50,9,0,0,0,0,7,55,69,57,28,8,0,0,11,11,31,78,63
70,126,103,59,65,32,5,8,0,0,2,64,121,128,76,8,3,14,0,10,14,59,72,55
22,38,52,51,58,85,70,13,0,0,1,57,89,77,55,27,25,7,8,0,2,54,60,14
0,6,27,50,61,69,62,60,43,10,5,33,70,52,51,63,46,50,14,14,0,42,33,6
0,0,12,11,14,12,54,55,42,67,94,55,62,27,29,58,43,37,51,42,11,21,0,5
8,5,7,8,10,1,13,55,57,58,86,117,71,105,76,73,66,76,66,56,23,0,0,0
4,0,0,0,0,0,14,43,58,62,88,114,99,110,111,106,97,99,53,62,49,7,5,0
0,0,0,0,0,29,0,5,0,79,84,119,157,148,133,124,138,124,112,93,64,19,10,0
0,0,0,0,2,0,7,0,56,67,117,172,196,192,176,164,165,183,141,110,67,22,6,0
0,0,0,0,0,4,0,0,44,74,97,169,213,233,216,207,214,210,179,113,66,54,3,0
0,0,0,0,0,2,0,2,53,91,111,181,200,250,242,220,220,198,160,112,68,32,2,0
0,0,0,0,4,2,0,0,59,104,127,188,216,213,195,182,209,162,143,106,55,11,8,0
0,0,12,0,0,0,7,0,66,100,138,188,186,186,182,159,172,175,160,109,58,1,0,2
0,3,0,0,0,0,11,8,54,62,109,139,145,144,155,145,143,144,137,106,31,0,12,10
4,0,0,0,0,1,0,5,55,61,73,99,133,134,126,125,114,122,101,77,23,9,1,0
5,8,7,3,0,1,11,6,50,61,77,90,123,97,90,94,93,97,105,75,43,3,3,12
6,12,12,9,7,23,17,22,42,59,91,118,105,116,112,139,119,91,67,44,30,11,9,0
0,0,0,0,0,10,11,42,56,93,113,139,131,108,117,140,124,101,80,81,39,11,8,1
1,2,3,0,0,3,10,47,74,81,113,133,130,115,121,135,124,115,106,106,38,6,0,0
0,0,0,9,10,13,11,54,64,96,125,129,136,140,138,140,123,117,94,72,61,14,1,0
0,0,3,8,11,13,20,49,101,140,142,137,138,152,152,166,139,105,64,71,54,30,3,2
6,8,10,6,14,14,25,65,100,145,167,161,146,139,145,159,124,114,71,105,100,54,6,5
2,2,4,0,0,12,40,102,120,150,174,180,158,146,144,149,138,107,109,114,117,92,49,83
2,5,5,0,6,2,34,101,118,141,170,174,172,146,130,131,136,106,124,130,116,71,22,11
8,9,10,5,4,12,23,100,113,127,166,153,163,140,115,113,111,117,118,125,104,104,63,13
7,5,3,7,7,10,25,76,106,129,141,142,135,119,110,110,73,112,112,113,116,71,49,13
0,6,6,0,4,7,44,51,104,124,142,140,123,110,104,88,106,113,115,103,102,101,76,40
0,9,5,5,4,8,15,21,100,109,133,121,106,105,90,22,103,112,116,105,95,90,51,12
0,2,6,0,1,6,9,11,78,108,128,107,84,59,54,49,58,87,95,83,69,61,49,14
0,8,13,8,10,24,26,18,57,84,114,105,68,74,70,88,52,81,116,96,62,51,36,24
0,2,1,8,11,13,19,32,57,110,173,176,63,55,88,62,70,84,119,100,51,29,20,10
7,0,0,0,6,6,5,12,55,78,132,118,57,13,53,50,63,86,120,142,96,49,23,11
3,0,1,0,0,1,6,12,55,62,70,61,40,50,40,50,49,68,108,116,75,50,17,12
0,0,0,0,0,10,10,25,55,58,57,50,50,14,41,29,56,70,78,70,54,39,20,14
0,0,0,0,3,9,7,34,54,57,54,51,50,14,31,48,51,56,80,77,51,15,13,3
0,0,0,0,0,2,12,18,57,55,54,52,14,38,29,36,56,58,57,56,23,13,11,3
0,0,0,0,3,5,13,37,52,54,52,46,14,21,23,54,58,57,56,32,30,11,6,1
0,0,0,0,0,0,9,21,50,52,54,20,20,12,35,54,62,56,42,53,36,11,10,0
0,0,0,0,1,5,12,13,22,52,27,34,19,25,25,52,60,49,63,51,14,10,9,5
0,0,6,2,3,9,0,9,29,52,50,38,14,13,11,41,44,56,51,37,9,4,0,10
2,4,0,1,6,3,8,28,18,50,52,38,12,7,6,28,53,54,36,11,12,3,3,10
0,0,0,0,2,6,7,9,12,50,53,22,8,12,11,21,51,57,12,12,6,14,4,0
0,0,0,2,7,10,7,11,25,54,57,55,13,14,4,8,14,50,20,14,9,0,9,4

3,9,11,14,27,18,11,6,10,7,0,0,2,7,8,10,3,8,0,0,12,51,61,90
70,126,87,69,56,50,9,0,0,0,0,7,55,69,57,28,8,0,0,11,11,33,78,63
70,126,103,59,65,32,5,8,0,0,2,64,121,128,76,8,3,14,0,10,14,58,71,55
22,39,52,51,58,85,71,13,0,0,2,57,89,77,55,25,24,7,8,0,2,54,60,14
0,6,28,50,60,69,62,60,42,10,5,34,70,52,51,63,47,50,14,14,0,43,33,6
0,0,12,11,14,12,54,55,42,67,94,55,62,27,29,58,43,37,51,42,11,20,0,5
8,5,7,8,9,1,13,55,56,58,86,117,71,105,75,72,66,76,66,56,23,0,0,0
4,0,0,0,0,0,14,43,58,62,88,115,99,110,110,106,97,99,53,62,48,7,5,0
0,0,0,0,0,27,0,5,0,79,84,118,157,148,133,124,138,124,111,93,64,19,10,0
0,0,0,0,2,0,7,0,56,67,117,171,195,192,176,163,165,182,141,109,67,21,6,0
0,0,0,0,0,4,0,0,44,73,97,168,213,233,214,206,213,207,178,112,66,54,3,0
0,0,0,0,0,3,0,2,53,91,111,180,198,248,240,218,219,196,159,112,68,30,2,0
0,0,0,0,4,2,0,0,59,104,128,187,215,213,195,182,209,161,143,106,55,11,8,0
0,0,12,0,0,0,7,0,67,100,139,187,185,187,184,160,173,175,160,110,58,2,0,2
0,3,0,0,0,0,12,9,55,62,109,139,146,146,158,146,144,145,137,107,33,0,12,10
4,0,0,0,0,1,0,6,55,61,73,100,135,136,127,127,116,123,101,78,24,9,2,0
5,8,7,3,0,1,11,7,50,61,78,91,125,99,91,96,94,98,106,75,45,3,3,12
6,12,12,10,7,23,17,22,42,60,91,119,108,119,114,143,122,93,68,44,31,11,9,0
0,0,0,0,0,10,11,40,56,93,113,139,132,110,119,142,125,102,80,82,39,11,8,1
1,2,3,0,0,3,9,44,74,80,113,133,130,116,122,136,124,115,106,106,37,5,0,0
0,0,0,9,10,13,11,54,64,94,125,129,136,140,138,140,123,117,94,72,60,14,1,0
0,0,3,8,11,13,19,48,100,139,141,136,138,151,151,165,139,105,64,70,54,30,2,2
7,7,10,6,14,14,24,64,100,144,166,159,145,138,144,157,123,113,71,104,100,53,6,5
2,2,4,0,0,12,39,101,120,150,174,179,157,145,144,149,137,107,109,113,117,92,48,83
2,5,5,0,6,2,34,101,118,141,169,174,171,146,129,131,136,106,124,130,115,70,22,11
8,9,11,5,4,12,22,100,113,126,166,153,163,139,115,113,111,117,118,125,104,103,63,13
7,6,3,7,7,10,27,76,106,129,141,142,135,119,110,110,73,112,112,113,115,71,49,13
0,6,6,0,4,8,43,51,104,124,142,140,123,109,104,88,106,113,115,103,102,101,75,40
0,9,5,5,4,8,15,21,100,109,133,122,106,105,90,20,103,112,116,104,95,90,51,12
0,2,6,0,1,6,9,11,77,108,128,107,84,59,54,49,58,87,95,83,69,61,49,14
0,8,13,8,10,24,26,18,57,84,114,105,68,73,70,88,53,81,116,96,62,51,36,24
0,2,1,8,11,14,19,33,57,110,173,176,63,55,88,62,69,84,119,100,51,29,20,10
7,0,0,0,5,6,5,12,55,78,132,118,57,13,53,50,64,86,120,142,96,49,22,11
3,0,1,0,0,1,6,12,55,62,70,61,40,50,40,50,49,68,108,116,75,50,17,11
0,0,0,0,0,10,10,26,55,58,57,50,50,16,41,29,56,70,78,70,54,39,20,14
0,0,0,0,3,9,7,34,54,57,54,51,49,14,31,48,51,56,79,77,51,15,13,3
0,0,0,0,0,2,12,18,57,55,54,52,14,39,28,36,56,58,57,56,23,13,11,3
0,0,0,0,3,5,13,37,52,54,52,48,14,21,23,54,58,57,56,32,31,11,6,1
0,0,0,0,0,0,9,21,50,52,54,19,20,12,36,54,61,56,42,53,36,11,10,0
0,0,0,0,1,5,12,13,23,52,27,34,19,25,26,52,60,49,63,51,14,10,9,5
0,0,5,2,3,9,0,9,29,53,50,38,14,13,11,41,44,56,51,37,9,4,0,10
2,3,0,1,6,3,8,29,19,50,52,39,12,7,6,28,53,55,37,11,12,3,3,10
0,0,0,0,2,6,8,9,12,50,53,24,8,13,11,21,51,57,12,12,5,14,4,0
0,0,0,2,7,10,7,11,25,54,58,55,13,14,4,8,14,50,20,14,9,0,9,4

3,9,11,14,27,19,11,6,11,7,0,0,2,7,8,10,3,8,0,0,12,51,61,90
71,126,87,69,56,51,9,0,0,0,0,7,55,69,58,29,8,0,0,11,11,31,78,63
70,126,103,59,64,32,5,8,0,0,2,64,122,129,77,8,3,14,0,10,14,58,72,55
22,39,52,51,58,85,71,13,0,0,2,57,89,78,55,27,24,7,8,0,2,54,60,14
0,6,28,50,61,69,62,60,44,9,5,35,70,52,51,63,46,50,14,14,0,42,33,6
0,0,12,11,14,12,54,55,42,67,94,55,63,27,29,58,43,37,51,42,11,20,0,5
8,5,7,8,10,1,13,55,56,59,86,117,72,105,76,72,66,76,66,56,23,0,0,0
4,0,0,0,0,0,14,42,58,62,88,115,99,110,110,106,97,99,53,62,48,7,5,0
0,0,0,0,0,27,0,5,0,79,84,119,157,148,133,124,138,124,111,93,64,20,10,0
0,0,0,0,2,0,7,0,56,67,117,171,195,192,176,163,165,182,140,109,67,21,6,0
0,0,0,0,0,4,0,0,43,74,97,167,212,233,215,206,213,208,178,112,66,54,3,0
0,0,0,0,0,3,0,2,52,91,111,180,198,248,241,219,219,197,158,111,68,29,1,0
0,0,0,0,4,2,0,0,59,104,127,187,215,213,196,183,209,161,143,106,55,11,8,0
0,0,12,0,0,0,7,0,67,100,138,187,185,187,184,161,173,175,160,110,58,2,0,2
0,3,0,0,0,0,12,9,55,62,109,139,146,146,159,147,144,145,137,106,33,0,13,10
4,0,0,0,0,1,0,6,55,61,73,100,136,137,128,127,116,123,101,78,25,9,2,0
6,8,7,3,0,1,11,7,50,61,78,91,126,100,92,97,95,99,106,75,48,4,3,12
6,12,12,10,7,23,17,22,42,60,92,120,110,120,115,144,123,93,68,44,31,11,9,0
0,0,0,0,0,10,10,41,56,92,113,140,133,110,120,142,126,102,81,83,39,11,7,1
1,2,3,0,0,3,9,44,73,80,113,133,131,116,122,137,125,115,106,106,36,5,0,0
0,0,0,9,10,13,11,54,64,94,124,129,136,140,138,141,124,117,95,72,59,14,1,0
0,0,3,8,11,13,19,48,100,138,140,135,138,151,151,165,139,105,63,70,53,29,2,2
7,8,10,6,14,14,25,64,100,144,166,159,144,138,144,157,123,113,71,104,100,53,6,5
2,2,4,0,0,12,37,101,119,149,173,179,157,145,143,148,137,107,109,113,117,92,48,82
2,5,5,0,6,2,33,101,118,141,169,174,171,146,129,131,135,106,124,130,115,70,22,11
8,9,10,5,4,12,22,100,113,126,166,153,162,139,115,113,111,117,118,125,104,103,62,13
7,5,2,7,7,10,25,75,106,129,141,142,135,119,110,110,73,111,112,113,115,71,48,13
0,6,6,0,4,7,42,52,104,124,142,140,123,109,104,88,106,113,115,103,102,101,75,39
0,9,5,5,4,8,14,23,100,109,133,122,106,105,90,20,103,112,116,104,95,90,51,12
0,2,6,0,1,6,9,11,78,108,128,107,83,59,53,49,58,87,95,82,69,61,49,13
0,8,13,8,10,24,27,18,57,84,114,105,69,73,70,88,52,81,116,96,62,51,36,24
0,2,1,8,11,13,19,33,57,110,174,177,63,55,88,62,70,84,119,100,52,29,20,10
7,0,0,0,6,6,5,12,55,78,133,119,57,13,53,50,64,86,120,143,96,49,23,11
3,0,1,0,0,1,6,12,56,62,70,61,42,50,39,50,49,68,108,116,75,50,17,11
0,0,0,0,0,10,10,26,55,58,57,50,50,16,41,28,56,70,78,70,54,39,20,14
0,0,0,0,3,9,7,35,54,57,54,51,50,14,32,48,51,56,79,77,51,15,13,2
0,0,0,0,0,2,12,19,58,56,54,52,14,40,28,36,57,58,57,56,23,13,11,3
0,0,0,0,3,5,13,37,52,54,52,47,14,21,23,54,58,57,56,32,30,10,6,1
0,0,0,0,0,0,9,22,50,52,54,20,20,12,36,54,61,56,42,53,36,11,10,0
0,0,0,0,2,5,12,13,24,52,27,34,20,27,26,53,60,49,63,51,14,10,9,5
0,0,6,2,3,9,0,9,29,53,50,39,14,13,12,41,44,56,51,38,9,4,1,10
2,3,0,1,6,3,8,28,19,50,52,39,12,8,6,28,53,54,36,11,12,3,3,10
0,0,0,0,2,6,7,9,12,50,53,26,8,13,11,21,51,57,12,12,6,14,4,0
0,0,0,2,7,10,7,11,24,54,58,55,13,14,4,8,14,50,20,14,9,0,9,4
89,61,50,10,0,0,9,7,16,52,11,0,0,0,2,8,0,10,14,25,13,10,8,1
61,77,14,7,4,2,2,18,56,81,84,52,0,0,0,0,0,0,36,55,69,85,121,68
54,71,57,13,8,0,17,35,62,91,127,112,52,0,0,0,2,4,20,63,58,103,126,70
12,58,52,0,0,4,6,52,55,61,71,79,34,1,0,0,9,68,82,57,51,51,37,18
5,30,38,0,13,11,50,55,71,55,50,10,13,7,8,14,56,60,62,58,39,18,3,0
3,0,16,9,41,50,37,52,66,31,13,45,48,92,64,34,54,50,11,13,10,11,0,0
0,0,0,15,55,65,76,66,71,70,97,58,112,81,52,53,51,12,0,8,5,7,4,7
0,2,4,30,60,43,97,98,98,96,98,90,107,76,56,54,37,11,0,0,0,0,0,1
0,7,14,61,89,108,121,133,115,118,130,143,108,79,74,0,3,0,14,0,0,0,0,0
0,4,15,63,103,128,171,156,150,155,175,175,155,111,63,52,0,3,0,1,0,0,0,0
0,0,37,64,104,160,191,197,187,191,209,187,148,91,71,15,0,0,0,0,0,0,0,0
0,0,14,63,104,143,182,203,202,221,229,180,162,103,88,11,0,0,1,0,0,0,0,0
0,0,1,43,99,132,147,195,174,185,199,195,174,123,103,57,0,0,0,5,0,0,0,0
0,0,0,53,106,148,164,168,158,180,180,172,177,139,100,66,0,6,0,0,0,12,0,0
5,8,0,12,104,133,143,143,146,158,145,143,136,110,62,54,7,9,0,0,0,0,4,0
0,0,7,14,74,100,122,116,127,128,137,136,100,73,61,50,8,0,2,0,0,0,0,4
10,1,3,31,74,105,98,94,96,91,100,127,91,78,61,50,8,12,1,0,4,8,8,6
0,8,10,29,44,67,93,123,145,116,121,112,122,93,60,44,28,20,25,7,10,13,13,6
0,7,11,39,83,81,102,126,143,121,111,135,142,114,95,56,41,11,11,0,0,0,0,0
0,0,5,38,107,106,115,125,137,124,119,133,136,114,83,73,46,11,5,0,2,5,3,2
0,0,14,64,76,96,118,125,143,141,143,141,132,126,96,64,54,12,14,11,10,1,0,0
1,2,30,55,73,65,107,142,171,158,158,142,141,145,141,100,47,22,13,12,9,4,0,0
5,6,55,101,105,72,115,126,160,147,142,148,165,172,146,100,61,26,14,14,7,11,8,7
84,48,91,117,114,110,109,139,150,145,147,161,184,179,154,120,102,40,13,0,1,5,3,3
11,22,71,116,131,125,107,137,132,130,148,175,178,174,143,119,101,36,3,7,1,6,6,4
13,62,104,105,126,119,117,111,114,116,141,166,156,170,128,113,98,20,12,5,6,11,9,8
13,48,72,116,114,112,112,75,110,110,120,136,144,143,131,107,76,27,10,7,8,3,6,7
38,77,102,102,104,116,113,106,90,104,110,125,143,144,126,104,51,44,8,5,0,6,6,0
12,51,91,96,106,118,113,103,19,91,105,108,124,135,111,100,19,16,9,5,5,5,9,0
13,49,61,70,84,97,88,58,49,54,60,85,110,131,109,78,11,9,7,2,0,6,3,0
24,35,50,62,97,117,82,52,89,71,74,70,109,116,85,57,18,27,24,11,8,13,8,0
10,20,29,50,98,119,84,70,62,88,55,63,183,178,111,56,33,19,13,11,8,1,2,0
11,22,50,95,139,118,85,64,50,53,13,57,120,134,79,55,13,5,6,6,0,0,0,7
11,17,50,74,115,107,68,46,50,41,50,40,61,70,62,55,12,6,1,0,0,2,0,4
14,19,40,54,70,78,69,56,28,39,14,50,50,57,59,55,24,10,10,0,0,0,0,0
2,13,15,51,76,79,56,51,47,30,14,48,51,54,57,53,32,7,8,3,0,0,0,0
3,11,13,23,56,58,58,57,36,28,36,14,52,54,56,57,14,12,2,0,0,0,0,0
1,6,10,31,32,56,57,58,54,20,20,14,46,52,54,51,33,12,5,3,0,0,0,0
0,10,11,35,52,42,57,61,54,32,11,19,19,54,52,50,19,8,0,0,0,0,0,0
5,8,10,13,50,62,49,59,52,20,18,17,33,27,51,13,12,12,5,1,0,0,0,0
10,0,3,9,35,51,55,43,32,10,12,13,35,48,51,27,8,0,9,2,1,5,0,0
10,3,3,12,11,25,53,52,25,4,4,9,27,52,46,14,26,7,2,5,0,0,3,2
0,4,14,5,11,12,55,50,14,10,12,5,14,53,50,11,7,7,5,2,0,0,0,0
4,8,0,8,13,19,44,13,6,2,14,12,54,56,53,17,10,6,9,7,2,0,0,0

89,61,50,10,0,0,9,7,15,51,11,0,0,0,3,9,0,10,14,25,13,10,8,1
62,77,14,7,4,2,2,17,56,80,84,53,0,0,0,0,0,1,39,55,69,84,121,68
54,71,57,13,8,0,16,34,61,91,127,112,52,0,0,0,3,4,21,63,58,103,126,70
12,59,52,0,0,4,6,52,55,61,71,79,36,1,0,0,9,69,83,57,51,51,37,19
5,30,39,0,13,12,50,55,71,55,50,12,13,8,8,15,57,60,63,58,40,18,4,0
3,0,16,9,42,50,38,52,66,32,14,49,49,93,64,35,54,50,11,13,11,11,0,0
0,0,0,16,55,65,76,66,72,70,99,60,112,82,52,53,51,12,0,8,6,7,4,7
0,3,4,33,60,46,98,98,100,97,100,91,108,78,57,55,39,11,0,0,0,0,0,2
0,8,14,62,90,109,121,133,116,119,131,144,109,80,74,0,4,0,14,0,0,0,0,0
0,4,16,63,103,129,172,156,150,156,175,176,156,111,64,52,0,3,0,1,0,0,0,0
0,1,42,64,104,161,192,197,187,191,209,187,148,91,71,15,0,0,0,0,0,0,0,0
0,0,14,63,104,144,182,202,200,219,227,178,161,103,88,11,0,0,1,0,0,0,0,0
0,0,2,45,100,133,148,196,175,186,198,194,174,123,103,57,0,0,0,5,0,0,0,0
0,0,0,54,107,149,165,169,159,182,181,171,177,140,101,66,0,6,0,0,0,12,0,0
5,8,0,12,104,133,143,145,148,160,146,144,136,110,62,54,8,9,0,0,0,0,4,0
0,0,8,15,75,101,123,118,129,129,139,138,101,74,61,51,9,1,2,0,0,0,0,4
10,1,4,35,75,106,99,95,98,93,102,129,92,79,61,51,5,12,1,0,4,8,8,6
0,8,10,30,44,68,94,125,147,118,123,114,124,94,60,44,27,20,25,7,10,13,13,6
0,7,11,39,84,82,103,127,144,123,113,136,142,114,94,55,39,11,11,0,0,0,0,0
0,0,5,37,107,106,116,126,138,124,119,134,135,113,82,72,42,11,4,0,2,5,3,2
0,0,13,62,74,96,118,125,143,141,143,140,131,125,94,63,53,11,14,11,10,1,0,0
1,1,30,54,71,65,106,141,170,156,156,140,140,143,139,100,47,21,13,12,9,4,0,0
5,6,54,100,105,71,114,125,159,145,140,147,162,170,145,100,60,25,14,14,7,11,8,7
84,47,90,117,114,110,108,138,149,144,146,160,183,178,152,120,101,39,12,0,0,5,3,3
11,22,71,116,130,124,107,137,132,130,147,173,177,173,142,119,101,34,3,7,0,5,6,3
13,62,104,105,125,119,117,111,114,115,141,165,155,169,128,113,96,20,12,5,5,11,9,8
13,48,71,116,114,112,112,74,110,110,119,136,144,142,131,106,75,27,10,7,7,3,6,7
37,77,102,102,104,115,113,106,90,104,110,124,142,144,125,104,51,43,8,4,0,6,6,0
12,51,91,96,106,117,113,103,20,91,105,107,123,135,110,100,21,16,8,5,5,5,9,0
13,49,61,70,84,97,88,58,49,54,60,85,110,130,109,78,11,9,7,2,0,6,3,0
24,36,51,62,97,117,82,52,89,70,74,70,109,116,85,57,19,27,24,10,8,13,8,0
10,20,29,50,98,119,84,70,62,88,55,64,184,179,111,57,33,20,13,11,8,1,2,0
11,22,50,95,139,118,85,64,50,53,13,57,121,135,79,55,13,5,6,6,0,0,0,7
11,17,50,75,116,108,68,47,50,40,50,42,61,71,62,56,12,6,1,0,0,2,0,4
14,19,40,54,71,78,69,56,28,40,14,50,50,57,59,55,25,10,10,0,0,0,0,0
2,13,15,51,77,80,56,51,46,31,14,48,51,54,57,54,33,7,9,3,0,0,0,0
3,11,13,23,56,57,58,57,36,29,38,14,52,54,56,57,14,12,2,0,0,0,0,0
1,6,11,31,32,56,58,58,54,22,19,14,46,52,54,51,35,13,5,3,0,0,0,0
0,10,11,35,52,42,57,61,54,33,12,19,19,54,52,50,20,9,0,0,0,0,0,0
5,8,10,13,50,63,48,60,52,21,23,21,34,27,51,14,12,12,5,1,0,0,0,0
10,0,3,9,35,51,56,43,36,10,12,14,37,48,51,27,9,0,9,2,1,5,0,0
10,3,3,12,11,28,53,52,27,4,6,10,32,52,49,14,28,7,3,5,0,0,3,2
0,4,14,5,12,12,56,50,16,10,12,6,14,53,50,11,7,7,5,2,0,0,0,0
4,8,0,8,13,19,47,13,7,3,14,13,54,56,53,20,10,6,9,7,2,0,0,0

88,61,50,10,0,0,9,7,15,51,11,0,0,0,4,9,0,11,14,25,13,10,8,1
62,77,15,8,5,2,2,16,55,80,83,52,0,0,0,0,0,2,40,55,69,84,121,68
54,71,57,13,9,0,16,34,61,90,126,112,52,0,0,0,4,4,24,63,58,103,126,70
12,59,52,0,0,5,6,52,55,61,71,79,39,1,0,0,10,70,83,57,51,51,37,19
5,30,38,0,13,12,50,55,71,55,51,12,14,8,8,19,57,60,63,58,40,18,4,0
3,0,17,9,42,51,40,53,67,32,15,51,50,94,65,36,54,50,11,13,11,11,0,0
0,0,0,17,55,65,77,67,73,72,100,61,113,82,53,53,51,12,0,8,6,7,4,7
0,3,4,34,60,50,98,99,101,99,100,92,109,79,57,55,39,11,0,0,0,0,0,2
0,8,14,62,90,109,122,134,117,120,132,144,109,80,75,0,4,0,14,0,0,0,0,0
0,5,16,63,103,130,173,157,152,159,177,177,156,111,64,52,0,3,0,1,0,0,0,0
0,1,46,64,105,162,193,198,190,193,211,189,149,91,72,19,0,0,0,0,0,0,0,0
0,0,14,63,105,145,183,204,202,221,228,179,162,103,89,12,0,0,1,0,0,0,0,0
0,0,2,45,100,133,148,197,175,186,199,194,174,123,103,57,0,0,0,5,0,0,0,0
0,0,0,54,107,149,165,169,159,181,181,171,176,140,101,67,0,6,0,0,0,12,0,0
6,9,0,12,104,133,143,144,148,160,146,144,136,109,62,54,7,9,0,0,0,0,4,0
0,0,8,15,75,100,123,117,129,129,139,138,101,74,61,51,8,1,2,0,0,0,0,4
10,1,4,36,74,106,99,95,98,93,102,129,93,79,61,51,5,12,1,0,4,8,8,6
0,8,10,31,44,68,95,125,148,118,123,115,124,94,60,44,27,20,25,7,10,12,13,6
0,7,11,40,84,82,103,128,144,123,113,136,142,114,94,55,41,11,11,0,0,0,0,0
0,0,5,37,107,106,116,126,138,125,119,133,136,113,82,72,43,11,4,0,1,4,2,2
0,0,13,62,74,96,118,125,143,141,143,140,131,125,94,63,54,11,13,11,10,1,0,0
2,1,30,54,71,64,106,141,170,156,156,140,139,143,140,100,47,21,13,12,9,4,0,0
5,6,54,100,105,71,114,125,159,145,140,147,162,169,145,100,61,25,14,14,7,11,8,7
84,48,91,117,114,110,108,138,149,144,146,160,183,177,152,120,101,37,12,0,0,5,3,3
11,22,71,116,131,124,107,137,131,130,147,173,177,172,142,119,101,34,3,7,0,5,5,3
13,62,104,105,125,119,117,111,114,115,140,165,155,168,128,113,96,20,12,4,5,11,9,8
13,49,71,116,114,112,112,74,110,110,119,136,143,142,131,106,75,27,10,7,7,3,6,7
38,76,102,102,104,115,113,106,89,104,110,124,142,144,125,104,51,43,8,5,0,6,6,0
12,51,91,96,106,117,112,103,19,90,105,107,123,135,110,100,19,15,8,5,5,5,9,0
13,49,61,70,84,97,88,58,49,54,60,85,110,130,108,78,11,9,7,2,0,6,3,0
24,36,51,62,97,117,82,52,89,71,74,69,108,116,85,57,19,27,24,11,8,13,8,0
10,20,29,50,98,119,85,70,62,88,55,63,183,179,111,57,34,20,13,11,8,1,2,0
11,22,50,95,140,118,84,64,50,53,13,57,121,134,79,55,13,5,6,6,0,0,0,7
11,17,50,75,116,108,68,47,50,41,50,41,61,71,63,56,12,6,1,0,0,1,0,3
14,19,40,54,71,78,70,56,28,40,15,50,50,57,59,55,25,10,10,0,0,0,0,0
2,13,15,51,76,79,56,51,48,31,14,50,51,54,57,54,33,7,9,3,0,0,0,0
3,11,13,23,56,57,58,57,35,29,40,14,52,54,56,57,15,12,2,0,0,0,0,0
1,6,10,31,32,56,58,58,54,22,20,14,47,52,54,52,35,13,5,3,0,0,0,0
0,10,11,36,52,42,57,61,54,33,12,19,19,55,52,50,20,9,0,0,0,0,0,0
5,8,10,13,50,63,49,59,52,23,24,20,34,27,51,14,13,12,5,1,0,0,0,0
10,0,3,9,36,51,56,43,36,11,13,14,38,48,51,27,9,0,9,2,1,5,0,0
10,3,3,12,11,28,53,52,26,5,6,11,34,52,48,14,27,7,3,5,0,0,3,2
0,4,14,5,12,12,56,50,17,11,12,6,15,53,50,11,8,7,5,2,0,0,0,0
4,8,0,8,13,19,47,13,7,3,14,13,54,56,53,20,10,6,9,7,2,0,0,0

88,61,50,10,0,0,9,7,15,51,11,0,0,0,4,10,0,11,14,26,13,10,8,2
62,76,15,8,5,2,2,16,55,79,83,52,0,0,0,0,0,3,40,55,69,84,121,68
54,71,57,13,9,0,17,34,61,90,126,112,52,0,0,0,4,5,24,63,58,103,126,70
13,59,52,0,0,5,7,52,55,61,71,78,38,1,0,0,10,70,83,57,51,51,37,18
5,31,39,0,13,12,51,55,71,56,50,13,14,8,9,22,58,61,63,58,41,19,4,0
3,0,18,10,42,51,41,53,67,33,15,52,51,94,65,37,54,51,11,13,11,11,0,0
0,0,0,18,55,65,78,67,73,72,100,62,113,83,54,53,52,12,0,8,6,7,4,7
0,3,5,36,60,50,98,100,101,99,100,92,109,79,57,55,39,11,0,0,0,0,0,2
0,8,14,62,90,109,122,134,117,121,132,144,110,80,75,0,4,0,14,0,0,0,0,0
0,5,18,64,104,131,174,158,153,160,178,178,157,112,64,52,0,3,0,1,0,0,0,0
0,1,50,64,105,164,195,201,191,195,213,191,151,92,72,20,0,0,1,0,0,0,0,0
0,0,14,64,105,146,185,207,205,223,232,182,164,104,89,12,0,0,1,0,0,0,0,0
0,1,3,46,100,133,149,198,175,186,199,196,175,123,103,58,0,0,0,5,0,0,0,0
0,0,1,54,107,148,165,169,158,180,180,171,177,139,100,66,0,6,0,0,0,12,0,0
6,9,0,12,104,133,143,143,146,157,145,143,136,109,62,54,7,9,0,0,0,0,4,0
0,0,8,15,74,100,122,116,127,128,137,136,100,73,61,51,8,0,2,0,0,0,0,4
10,1,3,34,74,105,98,94,97,92,100,127,92,79,61,51,5,12,1,0,3,7,8,6
0,8,10,30,44,68,93,123,145,116,121,113,122,93,60,44,28,20,25,7,10,12,13,6
0,7,11,39,84,81,102,127,143,121,112,135,142,114,95,56,41,11,11,0,0,0,0,0
0,0,5,38,107,106,115,125,137,124,118,133,135,114,82,73,47,11,4,0,1,4,2,2
0,0,14,63,75,96,118,125,143,141,142,140,131,126,95,64,54,12,14,11,10,1,0,0
2,2,30,54,72,65,106,141,170,156,156,141,140,143,140,100,48,21,13,12,9,4,0,0
5,6,55,101,105,71,114,125,159,146,141,147,163,170,146,100,62,25,14,14,7,11,8,7
85,48,92,117,114,110,108,139,150,144,147,160,183,177,152,120,101,40,12,0,0,4,3,2
11,22,71,116,131,125,107,137,132,130,147,173,177,172,142,119,101,36,3,7,0,5,5,3
13,62,103,105,125,119,117,111,114,116,141,165,155,168,128,113,96,22,12,5,5,11,9,8
13,49,71,116,114,112,112,74,110,110,120,136,143,142,131,106,75,27,10,7,7,3,6,7
38,76,102,102,104,115,113,106,89,104,110,124,142,144,125,104,51,44,8,4,0,6,6,0
12,51,91,96,105,117,112,103,19,90,105,107,123,135,110,100,20,16,8,5,5,5,9,0
13,49,61,70,84,96,88,58,49,54,60,85,109,130,109,78,11,9,7,2,0,6,3,0
24,36,51,62,97,117,82,52,89,71,74,69,108,116,85,57,19,27,24,11,8,13,8,0
10,20,29,50,98,119,84,70,62,88,55,63,183,179,111,57,33,22,14,11,8,1,2,0
11,23,50,96,140,119,85,64,50,53,13,57,121,134,79,55,13,5,6,6,0,0,0,7
11,18,50,75,115,107,68,47,50,41,50,42,61,70,63,56,12,6,1,0,0,2,0,3
14,20,40,54,70,78,69,55,28,41,15,50,50,57,59,55,25,10,10,0,0,0,0,0
2,13,15,51,76,79,55,51,47,30,14,49,51,54,57,53,33,7,8,3,0,0,0,0
3,11,13,23,56,57,58,57,36,29,38,14,52,54,56,57,16,12,2,0,0,0,0,0
1,6,10,30,32,56,57,58,54,22,20,14,46,52,54,51,34,13,5,3,0,0,0,0
0,10,11,35,52,42,57,61,54,34,12,19,20,54,52,50,21,9,0,0,0,0,0,0
5,8,10,13,50,63,48,59,52,23,24,19,34,27,51,14,13,12,5,1,0,0,0,0
10,0,3,9,35,51,56,43,36,11,13,14,37,50,51,27,9,0,9,2,1,5,0,0
10,3,3,12,11,28,54,52,26,5,6,11,34,52,49,14,27,7,3,5,1,0,3,2
0,4,14,5,12,12,56,50,18,11,12,6,15,53,50,11,8,7,5,2,0,0,0,0
4,8,0,8,13,19,47,13,7,3,14,13,54,56,53,19,10,6,9,7,2,0,0,0

88,61,51,10,0,0,9,7,15,51,11,0,0,0,5,10,0,11,14,25,13,10,8,2
62,77,16,8,5,2,2,16,55,79,83,52,0,0,0,0,0,3,41,55,69,84,121,67
54,71,58,13,9,0,16,34,61,90,126,112,53,0,0,0,5,5,25,63,58,103,126,70
13,59,52,0,0,5,8,52,55,61,70,78,38,2,0,0,10,70,83,57,51,51,37,18
5,31,40,0,13,12,51,56,72,56,51,14,14,8,9,26,58,61,64,58,41,20,4,0
3,0,18,10,42,51,40,53,67,33,16,53,51,94,65,37,54,51,11,13,11,11,0,0
0,0,0,18,56,65,78,67,74,73,101,63,114,83,54,53,52,12,0,9,6,7,4,7
0,3,5,37,60,50,98,101,102,100,101,93,109,80,58,55,39,11,0,0,0,0,0,2
0,8,14,62,90,109,122,135,118,122,133,145,110,80,75,0,4,0,15,0,0,0,0,0
0,5,18,64,104,132,176,160,154,161,179,180,158,112,64,53,0,4,0,2,0,0,0,0
0,1,50,65,106,166,197,203,193,196,214,192,152,92,72,21,0,0,1,0,0,0,0,0
0,0,14,64,105,146,187,209,207,226,233,183,165,104,89,12,0,0,1,0,0,0,0,0
0,2,3,46,100,133,149,199,176,186,199,197,175,123,103,57,0,0,0,5,0,0,0,0
0,0,1,54,107,148,166,170,157,179,179,172,177,138,100,66,0,5,0,0,0,11,0,0
6,9,0,12,104,133,143,143,145,156,144,143,136,109,61,54,7,9,0,0,0,0,4,0
0,0,7,14,74,100,122,115,126,127,135,134,100,73,61,50,7,0,1,0,0,0,0,4
10,1,3,33,74,105,98,94,95,91,99,125,91,78,61,51,4,12,1,0,3,7,8,6
0,8,10,30,44,67,92,121,142,114,119,110,121,92,60,44,28,19,25,7,9,12,13,6
0,7,11,40,83,81,102,126,142,120,111,134,141,113,95,56,43,11,11,0,0,0,0,0
0,0,6,40,107,106,115,125,137,123,118,132,135,114,83,74,50,11,4,0,1,4,2,2
0,1,14,64,75,97,118,125,142,140,142,140,132,126,96,64,55,12,13,10,10,1,0,0
2,2,31,55,73,65,107,141,170,157,156,141,140,144,141,100,48,22,13,12,9,4,0,0
5,6,55,101,105,71,115,125,160,146,141,148,164,171,147,100,63,25,14,14,7,11,8,7
85,50,92,117,114,110,109,139,150,145,147,161,183,178,153,120,102,40,12,0,0,4,3,3
11,22,71,116,131,125,107,138,132,131,147,173,177,172,142,119,101,34,3,7,0,5,5,3
13,62,104,105,125,119,117,112,114,116,141,165,155,168,128,113,98,20,12,4,5,11,9,8
13,49,72,116,114,112,112,75,110,110,119,136,143,142,131,107,76,27,10,7,7,3,6,7
38,77,102,102,104,115,113,106,89,104,110,124,142,144,125,104,51,43,8,4,0,6,6,0
12,52,91,96,106,117,112,103,20,90,105,107,123,134,110,100,21,16,8,5,5,5,9,0
13,49,61,70,84,96,88,58,49,54,60,84,109,130,109,78,11,9,7,2,0,6,3,0
24,36,51,63,97,117,82,52,89,71,74,69,108,116,85,57,19,27,24,10,8,13,8,0
10,20,29,51,98,119,84,70,62,88,55,63,182,179,111,57,33,22,14,11,8,1,2,0
11,23,50,96,140,119,85,63,50,53,13,57,121,134,79,55,13,5,6,6,0,0,0,7
11,18,50,75,115,108,68,47,50,41,50,41,61,70,62,55,12,6,1,0,0,2,0,4
14,20,40,54,70,78,70,56,28,41,14,50,50,57,59,55,26,10,10,0,0,0,0,0
2,13,15,51,76,79,56,51,47,31,14,50,51,54,57,54,33,7,8,3,0,0,0,0
3,11,13,23,56,57,58,56,36,29,37,14,52,54,56,57,15,12,2,0,0,0,0,0
1,6,10,30,32,56,57,58,54,22,20,14,46,52,54,51,35,12,4,3,0,0,0,0
0,10,11,35,52,42,56,61,54,34,12,19,19,55,52,50,20,9,0,0,0,0,0,0
5,8,10,13,50,62,48,60,52,22,25,20,33,27,51,14,13,12,5,1,0,0,0,0
10,0,3,9,35,51,55,43,37,11,13,14,37,50,51,28,9,0,9,2,1,5,0,0
10,3,3,12,11,28,53,52,27,5,6,11,33,52,48,14,27,7,3,5,1,0,3,2
0,4,14,5,12,12,56,50,17,11,12,6,16,53,50,11,8,7,5,2,0,0,0,0
4,8,0,8,13,19,46,13,7,3,14,13,54,57,53,20,10,6,9,7,2,0,0,0

88,61,51,10,0,0,9,7,15,50,11,1,0,0,5,10,0,11,14,26,13,10,8,2
62,77,16,8,5,2,2,15,55,79,83,52,0,0,0,0,0,4,43,55,69,84,121,67
54,71,58,13,9,0,16,34,61,89,126,112,53,0,0,0,5,5,27,63,58,103,126,69
13,59,52,0,0,5,8,52,56,61,71,78,40,2,0,0,11,71,83,58,51,51,37,19
5,31,40,0,14,13,51,56,72,56,51,14,17,8,9,29,58,61,64,58,41,20,4,0
4,0,19,10,42,51,40,53,67,34,17,54,51,94,66,38,54,51,11,13,11,11,0,0
0,0,0,19,56,65,78,67,74,74,101,64,114,83,54,54,52,12,0,9,6,7,4,7
0,4,5,38,61,50,99,101,103,101,102,93,110,80,58,55,39,11,0,0,0,0,0,2
0,9,14,62,90,109,123,136,119,122,134,146,110,81,75,0,4,0,16,0,0,0,0,0
0,5,19,64,104,132,177,161,154,161,179,180,159,113,64,53,0,4,0,1,0,0,0,0
0,2,51,65,106,167,199,205,193,197,216,193,152,92,72,23,0,0,1,0,0,0,0,0
0,0,14,64,105,146,188,211,208,227,235,184,166,104,89,13,0,0,1,0,0,0,0,0
0,2,3,47,100,133,150,200,176,187,200,197,174,122,103,57,0,0,0,4,0,0,0,0
0,0,1,54,106,148,167,171,158,179,180,173,177,137,100,65,0,5,0,0,0,11,0,0
6,9,0,12,103,133,143,144,146,155,143,143,137,108,61,54,6,9,0,0,0,0,4,0
0,0,8,15,73,100,122,115,125,126,134,133,99,73,61,50,7,0,1,0,0,0,0,4
10,1,3,33,74,105,97,93,95,90,98,125,90,78,61,50,4,12,1,0,3,7,8,6
0,8,10,30,44,67,92,120,141,114,118,108,120,92,60,44,28,19,25,7,9,12,13,6
0,8,11,40,83,81,102,125,142,120,110,133,141,113,95,56,43,11,11,0,0,0,0,0
0,0,6,40,107,106,115,125,137,123,117,132,135,114,83,74,50,11,4,0,1,4,2,1
0,1,14,65,76,97,118,124,142,140,142,140,132,127,97,64,55,12,13,10,10,1,0,0
2,2,31,55,74,66,107,141,170,157,156,141,141,145,142,101,48,22,13,12,9,4,0,0
5,6,55,101,105,72,115,125,160,146,141,148,164,171,147,101,63,26,14,14,7,11,8,7
85,50,92,117,114,110,109,139,151,145,147,161,183,178,153,120,102,41,12,0,0,4,3,2
11,22,71,116,131,125,107,138,132,131,148,173,177,172,142,119,101,36,3,7,0,5,5,3
13,63,104,105,125,119,117,112,114,116,141,165,154,168,128,113,98,20,12,4,5,11,9,8
13,49,71,116,114,112,112,74,110,111,119,136,143,142,130,107,75,27,10,7,7,3,6,7
39,76,102,102,104,115,113,106,89,104,110,124,141,143,125,104,51,44,8,4,0,6,6,0
12,51,91,96,105,117,112,103,23,90,105,107,123,134,110,100,21,17,9,5,5,5,9,0
13,49,61,70,84,96,88,58,49,54,60,84,109,130,108,78,11,9,7,2,0,6,3,0
24,36,51,63,97,117,82,52,89,71,74,69,107,116,85,57,19,27,24,10,8,13,8,0
10,20,29,51,99,119,85,70,62,88,55,63,181,178,111,56,34,20,14,11,8,1,2,0
11,22,50,96,140,119,85,64,50,53,13,57,120,134,79,55,13,5,6,6,0,0,0,7
11,17,50,75,115,107,68,47,50,41,50,40,61,70,62,56,12,6,1,0,0,2,0,4
14,20,40,54,70,78,70,56,29,39,15,50,50,57,59,55,25,10,10,0,0,0,0,0
2,13,15,51,77,79,56,51,47,32,14,50,51,54,57,53,34,7,8,3,0,0,0,0
3,11,13,23,56,57,58,56,35,29,38,14,52,54,56,57,15,12,2,0,0,0,0,0
1,6,10,30,32,56,57,58,54,22,20,14,46,52,54,51,34,12,4,3,0,0,0,0
0,10,11,35,52,42,56,61,54,32,12,19,19,54,52,50,19,9,0,0,0,0,0,0
5,8,10,13,50,62,48,59,52,24,23,18,33,27,51,14,13,12,5,1,0,0,0,0
10,0,3,9,35,51,56,43,37,11,13,14,37,48,51,27,9,0,9,2,1,5,0,0
10,3,3,12,11,28,53,52,27,5,6,11,34,52,49,14,28,7,3,5,1,0,3,2
0,4,14,5,12,12,56,50,19,11,12,7,17,53,50,11,8,7,5,2,0,0,0,0
4,8,0,8,13,19,47,13,7,3,14,13,55,57,53,20,10,6,9,7,2,0,0,0

88,61,51,10,0,0,9,7,15,51,11,1,0,0,6,10,0,11,14,25,13,10,8,2
62,77,18,9,5,2,2,16,55,78,83,52,0,0,0,0,0,4,43,55,69,84,121,67
54,71,57,13,9,0,17,34,61,89,126,112,54,0,0,0,5,5,25,63,58,103,126,69
13,59,52,0,0,5,8,52,56,61,71,78,43,2,0,0,11,71,83,58,51,51,37,19
5,32,41,0,14,13,51,56,72,56,51,21,19,8,9,31,59,61,64,58,43,20,4,0
4,0,19,10,42,51,41,54,68,34,17,55,51,94,66,38,54,51,11,13,11,11,0,0
0,0,0,19,56,65,78,67,75,74,102,65,114,84,54,54,52,12,0,9,6,7,4,7
0,4,5,39,60,50,99,101,103,101,102,93,110,80,58,55,38,11,0,0,0,0,0,2
0,9,14,62,90,109,123,136,119,122,134,146,110,81,75,0,4,0,16,0,0,0,0,0
0,5,20,64,104,132,177,161,154,162,179,180,159,112,64,53,0,4,0,1,0,0,0,0
0,2,51,65,106,167,198,204,193,196,215,192,152,92,72,24,0,0,1,0,0,0,0,0
0,0,14,65,105,147,188,210,208,226,234,183,165,104,89,13,0,0,1,0,0,0,0,0
0,2,4,47,100,134,150,201,177,187,201,198,175,123,103,57,0,0,0,4,0,0,0,0
0,0,1,55,107,149,168,171,158,180,181,175,178,138,100,66,0,6,0,0,0,11,0,0
7,9,0,13,104,133,143,144,146,156,144,143,137,109,61,54,7,9,0,0,0,0,4,0
0,0,8,15,74,100,122,115,126,126,135,134,100,73,61,51,7,0,1,0,0,0,0,4
11,1,3,34,74,105,97,93,95,90,98,125,91,78,61,51,4,12,1,0,3,7,8,6
0,8,10,30,44,67,92,120,142,114,118,109,121,92,60,44,28,19,25,7,9,12,12,6
0,8,11,40,82,80,102,125,142,120,110,134,141,113,95,56,44,11,11,0,0,0,0,0
0,0,6,40,107,106,115,125,137,123,117,132,135,114,83,74,48,11,4,0,1,4,2,1
0,1,14,64,76,96,118,124,142,140,142,139,132,126,97,64,55,12,13,10,10,0,0,0
2,2,31,55,73,65,107,141,169,156,156,141,140,144,141,100,48,22,13,12,9,4,0,0
5,6,55,101,105,71,115,125,160,146,141,148,164,170,146,100,63,26,14,14,7,11,8,7
85,49,92,117,114,110,109,139,150,145,147,161,183,177,153,120,101,40,12,0,0,4,3,2
11,22,71,116,131,125,107,137,132,131,147,173,176,172,142,119,101,36,3,7,0,5,5,3
13,62,104,105,125,119,117,112,114,115,141,164,154,168,128,113,98,22,12,5,5,11,9,8
13,49,72,116,114,112,112,74,110,111,119,136,143,142,130,106,75,27,10,7,7,3,6,7
39,77,102,102,104,115,113,106,89,104,110,124,141,143,125,104,51,44,8,4,0,6,6,0
12,51,91,96,105,117,112,103,19,90,105,107,123,134,110,100,21,16,8,5,5,5,9,0
13,49,61,70,83,96,88,58,49,54,60,84,108,130,108,78,11,9,7,2,0,6,3,0
24,36,51,62,97,117,81,52,89,71,74,69,107,115,85,57,18,27,24,10,8,13,8,0
10,20,29,51,99,119,84,71,62,88,55,63,181,178,111,57,33,22,14,11,8,1,2,0
11,22,50,96,140,119,85,64,50,53,13,57,120,133,79,55,13,5,6,6,0,0,0,7
11,18,50,75,115,108,68,47,50,40,50,41,61,70,62,56,12,6,1,0,0,2,0,4
14,20,39,54,70,78,69,56,29,40,14,50,50,57,59,55,25,10,10,0,0,0,0,0
2,13,15,51,76,80,56,51,47,31,14,49,51,54,57,54,33,7,8,3,0,0,0,0
3,11,13,23,56,57,58,57,36,29,37,14,52,54,56,57,14,12,2,0,0,0,0,0
1,6,10,30,32,55,58,58,54,23,20,14,46,52,54,51,35,13,5,3,0,0,0,0
0,10,11,35,52,42,56,61,54,33,12,19,19,54,52,50,19,9,0,0,0,0,0,0
5,8,10,13,50,62,49,59,52,24,23,19,33,27,51,14,13,12,5,1,0,0,0,0
10,0,3,9,34,51,56,43,37,11,13,14,37,48,51,28,9,0,9,2,1,5,0,0
10,3,3,12,11,31,54,52,27,5,6,11,34,52,49,15,28,7,3,5,1,0,3,2
0,4,14,5,12,12,56,50,18,11,12,7,17,53,50,12,8,7,5,2,0,0,0,0
4,9,0,9,13,19,50,14,7,3,14,13,55,57,53,21,10,6,9,7,2,0,0,0

88,61,50,10,0,0,9,8,16,52,11,2,0,0,6,10,0,11,14,26,13,10,8,2
62,77,19,9,5,3,2,17,55,79,83,52,0,0,0,0,0,5,45,55,69,85,121,67
54,71,58,13,9,0,17,34,61,90,126,112,54,0,0,0,6,5,27,64,58,103,126,69
13,59,53,0,0,5,8,52,56,61,71,79,44,2,0,0,12,71,84,57,51,51,37,19
5,32,41,0,14,13,51,56,72,56,51,25,21,8,9,33,59,61,65,58,43,21,4,0
4,0,19,10,42,51,41,54,68,35,17,55,51,94,66,39,54,51,11,13,11,11,0,0
0,0,0,20,56,65,78,67,75,74,102,65,115,84,55,54,52,12,0,9,6,7,4,7
0,4,5,39,60,50,98,100,102,101,101,93,110,81,58,55,38,11,0,0,0,0,0,2
0,9,14,62,90,109,122,135,118,122,134,145,110,80,76,0,4,0,14,0,0,0,0,0
0,5,19,64,104,131,175,160,153,161,179,179,158,112,65,53,0,4,0,1,0,0,0,0
0,2,51,65,106,165,197,202,192,196,214,191,151,92,72,23,0,0,1,0,0,0,0,0
0,0,14,65,105,147,187,209,208,226,233,182,164,104,89,13,0,0,1,0,0,0,0,0
0,2,4,48,100,135,151,201,178,189,202,198,176,124,103,58,0,0,0,5,0,0,0,0
0,0,2,55,107,150,168,172,160,182,182,175,179,139,100,67,0,6,0,0,0,12,0,0
7,10,0,13,104,134,144,145,147,159,146,145,137,110,62,54,8,9,0,0,0,0,3,0
0,0,8,17,75,101,123,116,128,128,137,136,100,73,61,51,7,0,2,0,0,0,0,4
11,2,4,40,74,105,98,95,97,92,100,127,92,79,61,51,4,12,1,0,3,7,8,6
0,8,11,31,44,68,94,123,145,116,121,112,122,93,60,44,27,20,25,7,10,12,12,6
0,8,11,40,83,81,102,127,143,121,111,135,142,113,94,56,41,11,11,0,0,0,0,0
0,0,6,40,107,106,115,125,137,123,118,133,135,114,82,73,46,11,4,0,1,4,2,1
0,1,14,63,75,96,118,124,142,140,142,139,131,126,95,64,54,11,13,10,10,0,0,0
2,2,30,54,72,65,106,141,169,155,155,140,139,143,140,100,48,21,13,12,9,4,0,0
5,6,55,100,105,71,114,125,158,145,140,147,162,169,145,100,62,26,14,14,7,11,8,7
84,49,92,117,114,110,108,138,149,144,146,159,182,176,152,120,101,39,12,0,0,4,3,2
11,22,71,116,130,125,107,137,132,130,147,172,176,171,142,119,101,34,3,7,0,5,5,3
13,62,103,105,125,119,117,111,114,115,140,164,154,167,127,113,98,20,12,4,5,11,9,8
13,49,71,116,113,112,112,74,110,110,119,135,143,142,130,106,75,27,10,7,7,3,6,7
39,76,102,102,104,115,113,106,89,104,110,124,141,143,125,104,51,43,8,4,0,6,6,0
12,51,90,95,105,117,112,103,20,90,105,107,122,134,110,100,20,16,8,5,5,5,9,0
13,49,61,70,83,96,88,58,49,54,60,84,108,129,108,78,11,9,7,2,0,6,3,0
24,36,51,62,97,117,81,52,89,70,74,69,107,115,84,57,18,27,24,10,8,13,8,0
10,20,29,51,99,119,85,70,62,89,55,63,181,177,111,57,34,20,13,11,8,1,2,0
11,22,50,95,140,119,85,64,50,53,13,57,120,133,79,55,13,5,6,6,0,0,0,7
11,17,50,75,115,108,68,48,50,40,50,40,61,70,62,56,12,6,1,0,0,2,0,3
14,20,40,54,70,78,70,56,28,39,15,50,50,57,59,55,25,10,10,0,0,0,0,0
2,13,15,51,77,80,56,51,47,31,14,49,51,54,57,54,34,7,9,3,0,0,0,0
3,11,13,23,56,57,58,57,36,29,38,14,52,54,56,57,15,12,2,0,0,0,0,0
1,6,10,30,32,56,57,58,54,23,20,14,46,52,54,52,35,13,5,3,0,0,0,0
0,10,11,37,52,42,57,61,54,36,12,19,19,55,52,50,21,9,0,0,0,0,0,0
5,8,10,14,50,62,49,59,52,25,23,21,34,27,51,14,13,12,5,1,0,0,0,0
10,1,3,9,36,51,56,43,37,11,13,14,37,50,52,27,9,0,9,2,1,5,0,0
10,3,3,12,11,31,54,53,27,5,7,11,36,52,50,15,28,7,3,5,1,0,3,2
0,4,14,6,12,12,56,51,19,11,12,7,20,53,50,12,8,7,5,2,0,0,0,0
4,9,0,9,13,20,50,14,7,3,14,13,55,57,53,21,10,6,9,7,2,0,0,0

88,61,51,11,0,0,9,8,16,52,11,2,0,0,6,10,0,11,15,26,13,10,8,2
62,77,19,9,6,3,2,19,55,78,84,53,0,0,0,0,0,5,45,56,69,85,121,67
54,72,58,14,9,0,18,34,61,90,126,112,54,0,0,0,6,5,27,63,58,103,126,69
13,59,53,0,0,5,9,52,56,61,71,78,45,2,0,0,12,71,84,57,51,51,37,19
6,32,40,0,14,13,51,56,72,57,51,27,22,8,9,35,59,61,65,59,43,22,4,0
4,0,19,10,42,51,42,54,67,34,17,55,52,94,66,39,55,52,11,13,11,11,0,0
0,0,0,20,56,65,77,67,74,73,102,65,115,84,55,54,52,12,0,9,6,7,4,7
0,4,5,39,61,50,98,100,102,101,101,93,110,81,58,55,38,11,0,0,0,0,0,3
0,9,14,62,90,109,122,135,118,121,133,146,110,81,76,0,4,0,14,0,0,0,0,0
0,6,19,64,103,131,174,159,153,160,179,179,157,112,65,53,0,4,0,1,0,0,0,0
0,2,51,65,105,165,196,201,193,197,215,191,150,92,72,23,0,0,2,0,0,0,0,0
0,0,14,64,105,147,186,209,208,227,234,183,164,104,89,13,0,0,1,0,0,0,0,0
0,2,5,48,100,135,151,201,179,190,203,198,176,124,103,58,0,0,0,5,0,0,0,0
0,0,3,56,107,150,168,172,161,184,183,174,178,139,100,67,0,6,0,0,0,12,0,0
7,10,0,14,104,134,144,145,148,162,147,146,137,109,62,54,8,10,0,0,0,0,3,0
0,1,8,18,75,101,123,118,129,130,139,138,101,74,61,52,7,0,2,0,0,0,0,4
11,2,4,42,75,106,100,96,98,93,102,129,93,79,61,51,4,12,1,0,3,7,8,6
0,9,11,32,44,68,95,126,148,118,123,115,124,94,60,44,27,20,25,7,10,12,12,6
0,7,11,40,85,82,103,128,144,123,113,136,142,114,94,56,40,11,11,0,0,0,0,0
0,0,5,38,107,106,116,126,138,124,119,133,135,113,81,73,43,10,4,0,1,4,2,1
0,1,13,62,74,96,118,125,142,140,142,139,131,125,94,63,54,11,13,10,10,0,0,0
2,2,30,54,71,64,106,140,168,155,154,140,138,142,139,100,47,20,13,12,9,4,0,0
5,6,54,100,105,71,114,124,158,145,140,146,161,168,144,100,62,25,14,14,6,11,8,7
83,47,91,117,114,109,108,138,149,144,146,159,181,175,151,119,101,39,12,0,0,4,2,2
11,22,71,115,130,124,106,136,131,130,146,172,176,171,141,118,101,34,2,7,0,5,5,3
13,62,103,104,125,118,117,111,114,115,140,163,154,167,127,113,96,20,12,4,5,10,9,8
13,49,71,116,113,112,112,73,110,110,119,135,143,141,130,106,75,27,10,7,7,3,6,7
38,76,101,102,103,115,113,106,88,104,110,124,141,143,125,104,51,42,8,4,0,6,6,0
12,51,90,95,105,117,112,103,20,90,105,107,122,134,110,100,20,15,8,4,5,5,9,0
13,48,61,70,83,96,87,58,49,54,59,84,108,129,108,78,11,9,6,1,0,6,3,0
24,36,51,62,97,117,81,52,89,70,74,69,107,115,85,57,18,26,23,10,8,13,8,0
10,20,29,51,99,119,84,70,62,88,55,63,181,177,111,57,33,20,14,11,8,1,2,0
11,22,50,95,140,119,85,64,51,53,13,57,120,133,79,55,13,5,6,6,0,0,0,7
11,17,50,75,115,107,68,48,50,41,50,40,61,70,62,56,12,6,1,0,0,1,0,3
14,20,40,54,70,78,70,56,29,41,14,50,50,57,59,55,26,10,10,0,0,0,0,0
2,13,15,51,77,79,56,51,47,30,14,50,51,54,57,54,33,7,8,3,0,0,0,0
3,11,13,23,56,57,58,56,36,29,38,14,52,54,56,57,16,12,2,0,0,0,0,0
1,6,10,30,32,56,57,58,54,22,20,14,46,52,54,52,35,13,5,3,0,0,0,0
0,10,11,36,52,42,56,61,54,34,12,20,19,54,52,50,20,9,0,0,0,0,0,0
5,8,10,13,50,62,48,59,52,24,23,21,33,27,51,15,13,12,5,1,0,0,0,0
10,0,4,9,36,51,56,44,39,11,13,14,37,50,52,28,9,0,9,2,1,5,0,0
10,3,3,12,11,32,54,53,27,5,7,11,36,52,50,15,28,7,3,5,1,0,3,2
0,4,14,5,12,12,56,51,19,11,13,7,21,53,50,12,8,7,5,2,0,0,0,0
4,9,0,9,13,19,50,14,7,3,14,13,55,57,53,23,10,6,9,7,2,0,0,0

88,61,51,11,0,0,9,8,15,51,11,2,0,0,6,10,0,11,15,25,13,10,8,2
62,77,19,9,6,2,2,17,55,78,83,53,0,0,0,0,0,6,47,55,69,85,121,67
54,72,58,14,9,0,17,34,61,90,126,112,55,0,0,0,6,5,28,64,58,103,126,69
13,59,53,0,0,6,9,52,56,61,71,79,45,2,0,0,12,71,84,57,51,51,37,18
6,32,41,0,14,13,51,56,72,56,52,28,23,8,9,36,59,61,65,59,45,21,5,0
4,0,19,10,42,51,41,53,67,34,18,56,52,94,66,39,55,51,11,13,11,11,0,0
0,0,0,21,56,65,78,67,75,74,102,66,115,84,55,54,52,12,0,9,7,7,4,7
0,4,6,42,61,50,99,101,103,101,101,93,110,81,59,55,39,11,0,0,0,0,0,3
0,9,14,63,90,109,122,136,119,122,133,145,110,81,76,0,4,0,16,0,0,0,0,0
0,6,20,64,104,132,176,160,154,162,179,179,158,112,65,53,0,4,0,1,0,0,0,0
0,2,51,65,106,166,197,204,193,197,215,192,151,92,72,25,0,0,2,0,0,0,0,0
0,0,14,65,105,147,187,210,209,227,235,184,165,104,89,14,0,0,1,0,0,0,0,0
0,2,5,48,100,134,151,201,178,189,203,198,176,123,103,58,0,0,0,5,0,0,0,0
0,0,3,55,107,149,168,172,160,182,183,175,177,138,100,67,0,6,0,0,0,12,0,0
7,10,0,13,104,134,144,145,148,160,146,145,137,109,62,55,8,9,0,0,0,0,3,0
0,0,8,18,75,101,123,117,128,129,138,137,101,74,61,52,7,0,1,0,0,0,0,4
11,2,4,42,75,106,99,95,98,92,101,128,93,79,61,51,5,12,1,0,3,7,8,6
0,9,11,31,44,68,94,125,147,117,123,114,123,94,60,44,27,20,25,7,10,12,12,6
1,8,12,40,84,82,103,127,144,122,112,135,142,114,94,56,41,11,11,0,0,0,0,0
0,0,6,40,107,106,116,126,138,124,118,133,135,113,82,74,45,10,4,0,1,4,2,1
0,1,14,62,75,97,118,125,142,141,142,139,131,125,95,64,54,11,13,10,10,0,0,0
2,2,30,55,73,65,106,141,168,155,155,140,139,143,140,100,48,21,13,12,9,4,0,0
5,6,55,101,105,71,114,125,158,145,140,147,162,169,145,100,63,25,14,14,7,10,8,7
84,49,92,117,114,110,108,138,149,144,146,159,181,176,151,120,101,39,12,0,0,4,2,2
11,22,71,116,130,124,107,137,132,130,147,172,176,171,142,118,101,34,3,7,0,5,5,3
13,62,103,105,125,118,117,111,114,115,140,163,154,167,127,113,96,20,12,4,5,10,9,8
13,49,71,116,113,112,112,74,110,110,119,135,143,141,130,106,76,27,10,7,7,3,6,7
38,77,102,102,103,115,113,106,90,104,110,124,141,143,125,104,51,42,8,4,0,6,6,0
12,51,90,95,105,117,112,103,20,90,105,107,122,134,110,100,21,15,8,5,5,5,9,0
13,48,61,70,83,96,87,58,49,54,59,84,108,129,108,78,11,9,6,1,0,6,3,0
24,36,51,62,97,117,81,53,89,70,74,69,107,115,84,57,18,27,24,10,8,13,8,0
10,20,29,51,99,119,84,70,62,88,55,63,180,177,111,56,33,19,14,11,8,1,2,0
11,23,49,96,140,119,85,64,50,53,13,57,119,133,79,55,12,5,6,6,0,0,0,7
11,17,50,75,115,107,68,48,50,42,50,40,61,70,62,55,12,6,1,0,0,1,0,3
14,20,40,54,70,78,70,56,28,40,16,50,50,57,59,55,25,10,10,0,0,0,0,0
2,13,15,51,77,79,56,51,47,31,14,50,51,54,57,53,34,7,9,3,0,0,0,0
3,11,13,23,56,57,58,57,36,29,38,14,52,54,56,57,16,12,2,0,0,0,0,0
1,6,11,30,32,56,57,58,54,22,21,14,46,52,54,51,35,13,5,3,0,0,0,0
0,10,11,35,52,42,56,61,54,35,12,19,19,54,52,50,20,9,0,0,0,0,0,0
5,8,10,13,50,62,48,60,52,24,25,21,34,27,51,15,13,12,5,1,0,0,0,0
10,0,4,9,37,51,56,44,39,11,13,14,37,50,52,28,9,0,9,3,1,5,0,0
10,3,3,12,11,31,54,53,27,5,7,11,36,52,50,15,28,7,3,5,1,0,3,2
0,4,14,6,12,12,56,50,19,11,12,7,21,53,50,12,8,7,5,2,0,0,0,0
4,9,0,9,13,19,50,14,7,4,14,13,55,57,53,22,10,6,9,7,2,0,0,0

89,61,51,11,0,0,9,8,15,51,11,2,0,0,6,11,0,11,16,26,13,10,8,2
62,77,21,9,6,2,1,15,55,78,83,52,0,0,0,0,0,6,47,56,69,85,121,66
54,72,58,14,10,0,17,34,61,89,126,112,54,0,0,0,6,5,28,64,58,103,125,69
13,60,53,1,0,6,9,52,56,62,71,78,43,2,0,0,12,72,84,58,51,51,37,19
6,32,41,0,14,13,51,56,72,56,51,30,25,8,9,39,59,61,65,59,44,22,5,0
4,0,19,10,42,51,42,54,67,34,18,56,52,94,66,39,55,52,11,13,11,11,0,0
0,0,0,21,57,66,79,68,75,74,102,66,115,84,56,54,53,12,1,9,7,7,4,7
0,4,6,43,61,52,100,102,104,102,102,93,110,82,59,56,39,11,0,0,0,0,0,3
0,9,14,63,91,110,124,138,120,124,135,147,111,81,76,0,4,0,18,0,0,0,0,0
0,6,21,64,104,133,179,163,156,163,180,181,159,113,65,54,0,5,0,2,0,0,0,0
0,2,51,65,106,168,201,207,195,199,216,193,153,92,72,27,0,0,2,0,0,0,0,0
0,0,16,65,106,148,190,212,210,229,237,186,167,104,89,14,0,0,1,0,0,0,0,0
0,3,5,49,100,135,151,201,178,189,204,201,177,123,103,57,0,0,0,4,0,0,0,0
0,0,3,55,107,149,168,171,159,181,183,177,178,137,100,66,0,6,0,0,0,11,0,0
7,10,0,13,104,134,143,144,146,157,145,144,138,108,61,54,7,9,0,0,0,0,4,0
0,0,8,18,75,100,122,116,127,127,136,135,100,73,61,51,7,0,1,0,0,0,0,4
11,2,4,39,74,106,98,94,96,91,100,126,92,78,61,51,4,12,1,0,3,7,8,6
0,8,11,31,44,68,93,123,144,115,120,111,121,93,60,44,27,19,25,7,9,12,12,6
1,8,12,40,83,81,102,126,143,121,111,134,141,113,95,56,43,11,11,0,0,0,0,0
0,0,6,40,107,106,115,125,137,123,118,132,135,114,82,74,48,11,4,0,1,4,2,1
0,1,14,63,75,96,118,124,142,140,142,139,131,126,96,64,55,12,13,10,10,0,0,0
2,2,30,55,73,65,106,141,168,155,155,140,139,143,141,100,48,21,13,12,9,3,0,0
5,6,55,100,105,71,114,125,159,145,140,147,162,169,146,100,63,25,14,14,7,10,8,7
84,50,92,117,114,110,108,138,150,144,146,159,182,176,152,120,101,40,12,0,0,4,2,2
11,22,71,116,130,125,107,137,132,130,147,172,176,171,142,119,101,36,3,7,0,5,5,3
13,62,103,105,125,119,117,111,114,115,140,164,154,167,127,113,98,22,12,4,5,11,9,8
13,48,71,116,113,112,112,74,110,110,119,135,143,141,130,106,75,28,10,7,7,3,6,7
39,76,102,102,103,115,113,106,88,104,110,124,141,143,125,104,52,43,8,4,0,6,6,0
12,51,90,95,105,117,112,103,19,90,105,106,122,134,110,100,21,16,8,4,5,5,9,0
14,49,61,70,83,96,87,58,49,54,60,84,108,129,108,78,11,9,7,2,0,6,2,0
25,36,51,62,96,117,81,52,89,70,74,69,106,115,84,57,18,27,24,10,8,13,8,0
10,20,29,51,99,119,84,70,62,88,55,63,180,176,111,56,32,20,14,11,8,1,2,0
11,22,50,96,140,119,85,64,50,53,13,57,119,133,79,55,13,5,6,6,0,0,0,7
11,17,50,75,115,107,68,48,50,40,50,41,61,70,62,56,12,6,1,0,0,2,0,3
14,19,40,54,70,78,70,56,29,39,15,50,50,57,59,55,25,10,10,0,0,0,0,0
2,13,15,51,77,79,56,51,48,31,14,50,51,54,57,53,34,7,9,3,0,0,0,0
3,11,13,23,56,57,58,57,36,29,40,14,52,54,56,57,17,12,2,0,0,0,0,0
1,6,11,30,32,55,57,58,54,23,21,14,46,52,54,52,35,13,5,3,0,0,0,0
0,10,11,35,52,42,56,61,54,35,12,20,20,54,52,50,21,9,0,0,0,0,0,0
5,9,10,13,50,62,48,59,52,25,24,21,33,27,51,15,13,12,5,1,0,0,0,0
10,0,4,9,35,51,56,44,38,11,13,14,38,48,52,28,9,0,9,2,1,5,0,0
10,3,3,12,11,31,54,52,28,5,7,11,36,52,50,16,28,7,3,5,1,0,3,2
0,4,14,6,12,12,56,50,19,11,12,7,21,53,50,12,8,7,5,2,0,0,0,0
4,9,0,9,14,19,50,14,7,4,14,13,55,57,53,23,10,6,10,7,2,0,0,0

91,61,51,12,0,0,8,4,11,12,7,0,0,0,7,11,2,12,17,26,13,10,9,3
63,78,31,11,8,0,0,9,30,60,68,47,0,0,0,0,0,8,48,55,69,85,123,69
55,72,58,14,11,0,13,7,51,76,123,110,52,0,0,0,7,6,32,64,58,103,126,70
14,60,53,2,0,7,9,46,53,57,68,77,39,2,0,0,13,72,84,58,51,51,38,20
6,33,42,0,14,14,51,53,69,53,51,36,25,9,10,46,60,62,66,59,46,23,5,0
4,0,20,11,44,52,40,52,64,32,22,58,52,95,67,41,55,53,12,14,11,12,0,0
0,0,0,22,57,67,79,68,76,75,103,68,116,85,57,55,54,13,1,9,7,7,5,7
0,4,6,43,62,52,100,101,105,105,106,95,111,83,60,56,41,12,0,0,0,0,0,3
0,9,14,63,91,110,124,139,121,126,139,149,113,82,77,0,5,0,22,0,0,0,0,0
0,6,22,65,105,135,181,165,159,167,184,186,164,114,66,54,0,5,0,2,0,0,0,0
0,2,52,65,107,171,204,210,198,203,221,199,158,94,73,32,0,0,3,0,0,0,0,0
0,0,20,66,106,149,192,214,213,232,240,189,171,106,89,24,1,0,2,0,0,0,0,0
0,4,5,50,101,136,154,203,179,191,206,204,178,123,103,57,0,0,1,4,0,0,0,0
0,0,3,55,107,150,169,171,158,181,184,180,179,135,98,65,0,6,0,0,0,11,0,0
8,11,0,13,104,134,144,143,145,156,144,144,139,107,61,54,7,10,0,0,0,0,3,0
0,0,8,17,75,100,122,115,125,126,135,134,100,73,61,51,6,0,1,0,0,0,0,4
11,2,3,38,74,105,97,93,95,90,98,125,91,78,61,51,4,12,1,0,3,7,7,5
0,8,11,31,44,67,92,121,141,113,118,109,120,92,60,43,28,19,25,7,9,12,12,6
1,8,11,40,82,81,102,125,142,119,110,133,141,113,95,56,44,11,11,0,0,0,0,0
0,0,6,40,107,106,115,125,137,123,117,132,135,114,83,74,50,11,4,0,1,4,2,1
0,1,14,63,75,96,118,124,142,140,142,139,131,126,97,64,55,12,13,10,10,0,0,0
2,2,31,55,73,65,107,141,169,156,155,141,140,144,141,101,49,21,13,12,9,4,0,0
5,6,55,101,105,71,114,125,160,146,141,147,163,170,146,100,64,26,14,14,6,10,7,6
85,50,92,117,114,110,108,139,150,145,146,160,182,176,152,120,102,40,12,0,0,4,2,2
11,22,71,116,131,125,107,137,132,130,147,172,176,171,142,119,101,36,3,7,0,5,5,3
13,63,104,104,125,119,117,112,114,115,140,164,154,167,127,113,100,23,12,4,5,11,9,8
13,49,71,116,113,112,112,74,110,110,119,135,142,141,130,106,76,27,10,7,7,3,6,7
39,77,102,102,103,115,113,106,88,104,110,124,141,143,125,104,51,44,8,4,0,6,6,0
12,51,90,95,105,117,112,103,20,90,105,106,122,134,110,100,21,15,8,5,5,5,9,0
13,49,61,70,83,96,87,58,49,54,60,84,108,129,108,78,11,9,7,1,0,6,3,0
24,36,51,62,97,117,81,52,89,70,74,69,106,115,85,57,18,26,23,10,8,13,8,0
10,20,29,51,99,119,85,70,62,88,55,63,179,176,111,57,33,20,14,11,8,1,2,0
11,23,49,95,141,120,86,64,50,53,13,57,119,133,79,55,12,5,6,6,0,0,0,7
11,17,50,74,115,107,68,48,50,39,50,41,61,70,62,56,12,6,1,0,0,1,0,3
14,19,39,54,70,78,70,56,28,39,14,50,50,57,59,55,25,10,10,0,0,0,0,0
2,13,15,51,76,79,56,51,48,31,14,49,51,54,57,53,34,7,8,3,0,0,0,0
3,11,13,23,56,57,58,56,36,29,38,14,52,54,56,57,16,12,2,0,0,0,0,0
1,6,11,30,32,56,57,58,54,22,21,14,46,52,54,51,35,13,5,3,0,0,0,0
0,10,11,34,52,42,56,61,54,35,12,19,19,54,52,50,20,9,0,0,0,0,0,0
5,9,10,13,50,62,48,59,52,26,23,20,34,27,51,15,13,12,5,1,0,0,0,0
10,0,3,9,35,51,56,43,39,11,13,14,38,48,52,28,9,0,9,2,1,5,0,0
10,3,3,12,11,33,54,53,27,5,7,11,37,52,50,16,28,7,3,5,1,0,3,2
0,4,14,5,12,12,56,50,19,11,12,7,21,53,50,12,8,7,5,2,0,0,0,0
4,9,0,9,13,19,50,14,7,4,14,13,55,57,53,22,10,6,10,7,2,0,0,0

91,61,51,12,0,0,8,4,12,13,8,0,0,0,7,11,1,11,16,27,13,10,8,2
63,78,27,10,9,0,0,8,34,63,72,52,0,0,0,0,0,7,48,56,69,85,122,68
55,72,58,14,10,0,13,6,50,78,128,115,58,0,0,0,6,5,29,64,59,103,126,70
14,60,53,2,0,7,8,40,52,58,72,82,51,1,0,0,12,71,84,58,51,51,37,20
6,33,43,0,14,13,50,52,68,53,52,54,24,7,9,40,59,62,67,60,46,23,5,0
5,0,19,10,42,51,36,50,63,31,21,58,52,94,66,40,55,53,12,14,11,12,0,0
0,0,0,21,56,66,76,66,74,74,102,67,115,84,56,55,53,13,1,9,7,7,5,7
0,4,6,37,61,50,97,97,103,105,105,94,111,83,59,56,42,11,0,0,0,0,0,3
0,9,14,62,90,108,122,137,121,127,139,149,113,81,77,0,5,0,24,0,0,0,0,0
0,6,19,64,104,134,178,163,159,170,186,187,163,113,66,55,0,6,0,2,0,0,0,0
0,2,52,65,107,170,203,210,200,206,225,201,158,93,72,33,0,0,3,0,0,0,0,0
0,0,21,66,107,150,192,215,215,235,244,192,172,105,89,24,1,0,2,0,0,0,0,0
0,4,6,50,101,137,154,205,180,192,209,207,178,122,102,57,0,0,1,5,0,0,0,0
0,0,4,56,107,152,169,171,159,182,186,182,178,134,96,64,0,6,0,0,0,12,0,0
8,11,0,14,104,134,144,144,146,156,144,145,139,106,60,54,7,11,0,0,0,0,3,0
0,1,8,18,76,100,122,115,126,126,135,133,99,73,61,51,6,0,1,0,0,0,0,4
11,2,4,40,74,105,98,93,95,90,98,125,90,78,61,51,3,11,1,0,3,7,8,5
0,8,11,31,44,67,92,121,141,113,118,108,120,92,60,43,28,19,25,7,9,12,12,6
1,8,11,40,82,81,102,125,141,119,109,133,140,113,95,56,44,11,11,0,0,0,0,0
0,0,6,40,107,106,115,125,136,122,117,132,135,114,83,75,51,11,4,0,1,4,2,1
0,1,14,64,75,96,118,124,141,140,142,139,132,127,97,64,55,12,13,10,10,0,0,0
2,2,31,55,73,65,107,141,169,156,155,141,140,144,142,101,49,22,13,12,9,4,0,0
5,6,55,101,105,71,115,125,160,146,141,148,163,170,146,101,64,26,14,14,6,10,8,7
85,50,92,117,114,110,109,139,150,145,147,160,182,176,152,120,102,43,12,0,0,4,2,2
11,23,71,116,131,125,107,137,132,130,147,173,176,171,142,119,101,36,3,7,0,5,5,3
13,63,104,105,125,119,117,112,114,115,140,164,154,167,127,113,100,23,12,5,5,11,9,8
13,49,71,116,113,112,112,74,110,110,119,135,142,141,130,106,75,27,10,7,7,3,6,7
39,76,102,102,103,115,113,106,89,104,110,124,141,143,125,104,51,44,8,4,0,6,6,0
12,51,90,96,105,117,112,103,22,91,105,106,122,134,110,100,22,16,8,5,5,5,9,0
13,49,61,70,83,96,87,58,49,54,60,84,108,129,108,78,11,9,7,2,0,6,2,0
24,36,51,62,96,117,81,52,89,70,74,69,106,115,84,57,18,26,24,10,8,13,8,0
10,20,29,51,99,119,84,70,62,88,55,63,179,176,111,57,32,20,14,11,8,1,2,0
11,23,49,95,140,119,85,64,50,53,13,57,119,133,79,55,13,5,6,6,0,0,0,7
11,18,50,74,115,107,68,48,50,41,50,40,61,70,62,56,12,6,1,0,0,2,0,3
14,19,39,54,70,78,70,56,28,40,14,50,50,57,58,55,26,10,10,0,0,0,0,0
2,13,15,51,76,79,56,51,48,31,14,50,51,54,57,53,34,7,9,3,0,0,0,0
3,11,13,23,56,57,58,56,36,29,38,14,52,54,56,57,16,12,2,0,0,0,0,0
1,6,10,30,32,55,57,58,54,23,20,14,46,52,54,52,35,13,5,3,0,0,0,0
0,10,11,34,52,42,56,61,54,33,12,20,20,54,52,50,19,9,0,0,0,0,0,0
5,8,10,14,50,62,48,59,52,25,23,20,34,27,51,15,13,12,5,1,0,0,0,0
10,0,4,9,35,51,56,44,39,11,13,14,38,48,52,28,9,0,9,2,1,5,0,0
10,3,3,12,11,31,54,53,27,6,7,11,36,52,50,15,28,8,3,5,1,0,3,2
0,4,14,6,12,12,56,50,19,11,12,7,21,53,50,12,8,7,5,2,0,0,0,0
4,9,0,9,13,19,50,14,7,4,14,13,55,57,53,22,10,6,10,7,2,0,0,0

90,61,51,11,0,0,8,3,11,13,9,5,0,0,5,9,0,11,14,26,13,10,9,3
62,77,25,9,9,0,0,8,31,61,77,64,33,0,0,0,0,5,47,55,68,85,125,71
54,71,58,14,10,0,14,3,14,79,140,143,75,9,2,0,5,4,23,63,59,103,126,71
13,59,53,1,0,6,4,21,38,57,85,101,69,3,0,0,10,66,83,58,51,52,38,20
6,31,40,0,13,12,44,47,61,50,54,72,41,4,8,15,58,61,66,60,47,25,5,0
4,0,18,10,41,48,32,43,57,28,20,59,51,93,66,39,54,53,12,14,11,12,0,0
0,0,0,19,54,64,72,64,70,72,101,66,115,84,56,55,53,12,1,9,7,7,5,7
0,4,5,36,60,41,94,93,100,103,104,94,111,83,59,56,41,11,0,0,0,0,0,3
0,9,14,62,89,108,119,133,119,126,139,149,113,81,77,0,4,0,18,0,0,0,0,0
0,6,17,64,104,132,175,160,157,168,186,187,163,113,66,55,0,5,0,1,0,0,0,0
0,2,52,65,106,167,199,206,198,206,224,200,156,92,72,32,0,0,3,0,0,0,0,0
0,0,19,66,106,149,190,212,213,234,242,192,171,105,88,22,0,0,1,0,0,0,0,0
0,4,6,51,102,137,154,204,180,192,209,208,179,122,102,56,0,0,1,4,0,0,0,0
0,0,4,57,108,153,170,171,159,182,186,183,180,134,96,64,0,6,0,0,0,11,0,0
8,11,0,15,105,135,144,144,146,157,145,145,139,106,61,54,7,11,0,0,0,0,3,0
0,1,9,19,75,101,122,115,126,127,135,134,99,73,61,51,6,0,1,0,0,0,0,4
11,2,4,42,75,105,98,94,95,90,99,125,91,78,61,51,3,11,1,0,3,7,7,6
0,8,11,31,44,68,92,121,142,114,119,109,120,92,60,43,28,19,25,7,9,12,12,6
1,8,12,40,83,81,102,125,141,119,110,133,140,113,95,56,43,11,11,0,0,0,0,0
0,0,6,40,107,106,115,125,137,122,117,132,135,114,83,75,50,11,4,0,1,4,2,1
0,1,14,63,75,96,118,124,141,139,141,139,131,126,97,64,55,12,13,10,10,0,0,0
2,2,30,55,73,65,106,141,168,155,154,140,140,144,141,101,49,22,13,12,9,3,0,0
5,6,55,101,105,71,114,125,159,146,141,147,163,169,146,101,64,26,14,14,7,10,8,7
84,49,92,117,114,110,108,138,150,144,146,160,181,176,152,120,101,40,12,0,0,4,2,2
11,22,71,116,131,125,107,137,132,130,147,172,175,171,142,119,101,36,3,7,0,5,5,3
13,63,104,105,125,119,117,111,114,115,140,164,153,167,127,113,100,20,12,4,5,11,9,8
13,49,71,116,113,112,112,74,110,110,119,135,143,141,130,106,76,27,10,7,7,3,6,7
39,75,101,102,103,115,113,106,89,104,110,124,141,143,125,104,51,44,8,4,0,6,6,0
12,51,90,95,105,117,112,103,20,90,105,106,122,133,110,100,22,15,8,5,5,5,9,0
13,48,62,70,83,96,87,58,49,53,59,84,108,129,108,78,11,9,7,2,0,6,2,0
24,36,51,62,97,117,81,52,88,71,74,68,106,115,84,57,19,27,24,10,8,13,8,0
10,20,29,51,99,119,84,70,62,88,55,63,179,176,111,57,32,19,13,11,8,1,2,0
11,22,49,96,141,120,86,64,50,53,13,57,119,133,79,55,13,5,6,6,0,0,0,7
11,18,50,74,115,108,68,48,50,41,50,40,61,70,62,56,12,6,1,0,0,1,0,3
14,20,39,54,70,78,70,56,29,41,15,50,50,57,59,55,26,11,10,0,0,0,0,0
2,13,15,51,77,79,56,51,48,31,14,50,51,54,57,54,34,7,9,3,0,0,0,0
3,11,13,23,56,57,58,56,36,30,38,14,52,54,56,57,18,12,2,0,0,0,0,0
1,6,11,29,32,56,57,58,54,23,21,14,46,52,54,52,35,12,5,3,0,0,0,0
0,10,11,35,52,42,56,61,54,36,12,19,19,55,52,50,20,9,0,0,0,0,0,0
5,9,10,13,50,63,48,59,52,24,24,21,34,27,51,16,13,12,5,1,0,0,0,0
10,0,4,9,36,51,56,44,40,11,13,14,37,50,52,28,9,0,9,3,1,5,0,0
10,3,3,12,11,32,54,53,27,5,7,11,37,52,50,15,28,8,3,5,1,0,3,2
0,4,14,6,12,12,56,51,20,11,13,8,22,53,50,12,9,7,5,2,0,0,0,0
4,9,0,9,13,20,50,14,7,4,14,13,55,57,53,22,10,6,10,7,2,0,0,0

90,61,51,11,0,0,8,3,11,14,9,5,0,0,6,10,1,11,16,26,14,11,9,3
62,77,27,10,9,0,0,8,31,62,76,62,14,0,0,0,0,6,48,55,69,85,125,70
55,71,58,14,11,0,14,3,13,78,137,139,73,8,2,0,6,5,25,64,59,103,126,71
13,59,53,1,0,7,5,24,37,56,83,100,66,3,0,0,11,68,83,58,51,52,38,21
6,32,41,0,13,13,47,47,61,50,53,71,37,5,9,26,58,62,67,60,50,25,6,0
4,0,18,10,42,50,35,43,56,28,22,60,51,94,66,40,55,53,12,14,11,12,0,0
0,0,0,20,55,65,75,65,71,74,103,68,116,85,57,55,54,13,1,9,7,7,5,7
0,4,5,40,62,51,97,95,103,106,107,96,112,85,60,57,42,12,0,0,0,0,0,3
0,9,14,62,91,110,122,136,121,128,143,152,115,82,78,0,5,0,20,0,0,0,0,0
0,6,18,65,106,135,177,161,159,170,186,189,166,115,66,55,0,6,0,1,0,0,0,0
0,2,52,65,108,170,199,206,198,204,223,201,159,93,72,34,0,0,3,0,0,0,0,0
0,0,20,66,107,150,189,211,209,230,239,191,172,105,89,27,1,0,2,0,0,0,0,0
0,5,7,51,102,138,155,203,178,192,208,208,181,123,102,57,0,0,1,4,0,0,0,0
0,0,4,57,108,155,170,171,159,183,185,183,182,135,97,65,0,6,0,0,0,11,0,0
8,12,0,17,105,135,144,144,146,158,146,146,139,107,61,54,8,11,0,0,0,0,3,0
0,1,9,20,76,101,123,116,127,128,137,135,100,73,61,51,6,0,1,0,0,0,0,3
11,3,4,42,75,106,98,94,96,91,100,126,91,78,61,50,2,12,1,0,2,7,7,5
0,9,11,31,44,68,93,122,144,115,120,111,121,92,60,43,27,19,25,7,9,12,12,6
1,7,11,40,84,81,102,126,142,120,110,134,141,113,95,56,44,11,11,0,0,0,0,0
0,0,5,38,107,106,115,125,137,123,117,132,134,114,82,74,47,10,4,0,1,4,2,1
0,1,14,61,73,95,118,124,141,139,141,138,131,126,96,64,55,11,13,10,10,0,0,0
2,2,30,54,71,64,106,140,167,153,154,140,139,143,140,100,48,21,13,11,9,3,0,0
5,6,54,100,105,71,114,124,158,145,140,146,161,168,145,100,64,25,14,14,6,10,8,7
84,49,92,117,114,109,108,138,149,144,146,159,181,175,151,120,101,40,12,0,0,4,2,2
11,22,71,115,130,124,106,136,131,130,146,172,175,170,141,119,101,34,3,7,0,5,5,3
13,62,103,104,125,118,117,111,114,115,140,163,153,166,127,113,100,22,12,4,5,11,9,8
13,49,71,116,113,112,112,73,110,110,119,135,142,141,130,106,76,27,10,7,7,3,6,7
38,76,101,102,103,115,113,106,88,104,110,123,141,143,125,104,51,44,8,4,0,6,6,0
12,51,90,95,105,117,112,103,20,91,105,106,122,134,110,100,23,16,8,5,5,5,9,0
13,49,61,70,83,95,87,58,49,54,60,84,108,129,108,78,11,9,6,1,0,6,2,0
25,36,51,62,97,117,81,52,88,70,73,68,106,115,85,57,19,26,24,10,8,13,8,0
10,20,29,51,99,119,84,70,62,88,55,63,178,176,111,57,33,20,14,11,8,1,2,0
11,23,49,96,141,120,86,64,50,53,13,57,119,133,79,55,13,5,6,6,0,0,0,7
11,17,50,74,115,108,68,48,50,40,50,40,61,70,62,56,12,6,1,0,0,1,0,3
14,19,40,54,70,78,70,56,29,41,15,50,50,57,59,55,27,11,10,0,0,0,0,0
2,13,15,51,77,79,56,51,48,32,14,50,51,54,57,54,35,7,8,3,0,0,0,0
3,11,13,23,56,57,58,57,36,29,40,14,52,54,56,57,18,12,2,0,0,0,0,0
1,6,10,30,32,56,57,58,54,23,21,14,46,52,54,52,36,13,5,3,0,0,0,0
0,10,11,37,53,42,57,61,54,37,12,20,20,55,52,50,22,9,0,0,0,0,0,0
5,9,10,14,51,62,48,59,52,26,24,21,34,27,51,16,13,12,5,1,0,0,0,0
10,1,4,9,37,51,56,44,40,11,13,14,39,50,52,28,9,0,9,3,2,5,0,0
10,3,3,12,11,33,54,53,27,5,7,11,37,52,50,16,28,8,3,5,1,0,3,2
0,4,14,5,12,12,57,50,20,11,13,7,21,53,50,12,9,7,5,2,0,0,0,0
4,9,0,9,13,20,50,14,8,4,14,13,55,57,53,22,10,6,10,7,2,0,0,0

94,62,52,12,0,0,8,2,8,6,5,0,0,0,7,11,5,12,20,30,14,11,10,4
63,78,33,11,10,0,0,7,16,51,63,51,4,0,0,0,0,8,50,56,70,88,127,71
55,72,58,14,11,0,14,1,2,68,120,115,60,0,0,0,7,5,28,65,59,104,128,71
14,60,53,2,0,8,7,29,14,50,74,84,48,1,0,0,11,68,84,58,51,52,39,22
6,33,41,0,14,13,50,42,56,23,50,63,23,5,9,31,58,62,67,60,50,27,6,0
5,0,18,10,42,51,36,40,54,25,25,59,52,93,66,39,55,53,12,14,11,12,0,0
0,0,0,21,56,66,76,65,71,75,103,69,116,85,56,55,54,13,1,9,8,7,5,8
0,4,5,40,62,52,97,95,105,108,108,97,113,86,61,57,44,13,0,0,0,0,0,4
0,9,14,63,91,110,122,136,122,130,143,153,116,83,78,0,5,0,20,0,0,0,0,0
0,6,17,65,106,135,177,162,161,172,187,190,167,115,66,55,0,6,0,1,0,0,0,0
0,2,52,65,108,170,200,207,200,207,225,206,162,94,72,28,0,0,3,0,0,0,0,0
0,0,21,66,108,151,190,211,210,232,240,192,174,107,89,26,1,0,2,0,0,0,0,0
0,5,7,52,102,139,156,203,179,193,209,210,183,124,103,57,0,0,1,4,0,0,0,0
0,0,4,57,108,156,171,171,159,182,186,184,183,135,97,66,0,6,0,0,0,11,0,0
8,12,0,17,105,135,144,143,146,157,145,146,139,107,61,54,7,11,0,0,0,0,3,0
0,1,9,20,76,101,122,116,127,128,136,135,100,73,61,51,5,0,1,0,0,0,0,3
11,3,3,41,75,106,98,94,96,91,100,126,91,78,61,50,2,11,1,0,3,7,7,5
0,9,11,31,44,68,93,122,144,115,120,111,121,93,60,43,28,19,24,7,9,12,12,6
1,7,11,39,83,81,102,126,142,120,110,133,141,113,95,56,44,11,11,0,0,0,0,0
0,0,5,38,106,106,115,125,137,123,117,132,135,114,82,74,50,10,4,0,1,4,2,1
0,1,14,61,74,96,118,124,141,139,141,138,131,126,96,64,55,12,13,10,10,0,0,0
2,2,30,54,71,64,106,140,167,154,154,140,139,143,141,101,49,21,13,11,9,3,0,0
5,6,54,100,105,71,114,124,158,145,140,146,162,168,146,100,64,25,14,14,6,10,8,7
84,49,92,117,114,110,108,138,149,144,146,159,181,175,151,120,101,40,12,0,0,4,2,2
11,22,71,115,130,124,107,137,131,130,146,172,175,170,141,119,101,36,3,6,0,5,5,2
13,63,103,104,125,118,117,111,114,115,140,163,153,166,127,113,100,22,12,4,5,10,9,8
13,48,71,116,113,112,112,73,110,110,119,135,143,141,130,106,76,27,10,7,7,3,6,7
38,76,102,102,103,115,113,106,88,104,110,124,141,143,125,104,52,44,8,4,0,6,6,0
12,51,90,95,105,117,112,103,20,90,105,106,122,134,110,100,23,16,8,4,5,5,9,0
13,49,61,70,83,95,87,58,49,53,60,84,108,129,108,78,11,9,6,1,0,6,2,0
24,36,51,62,96,117,81,52,88,70,74,69,106,115,85,57,19,27,24,10,8,13,8,0
10,20,29,51,99,119,84,70,62,88,55,63,178,176,111,57,33,20,14,11,8,1,2,0
11,22,49,96,141,120,85,63,50,53,13,57,119,133,79,55,13,5,6,6,0,0,0,7
11,17,50,75,115,108,68,48,50,39,50,41,61,70,62,56,12,6,1,0,0,1,0,3
14,19,39,54,70,78,70,56,29,41,15,50,50,57,58,55,27,10,10,0,0,0,0,0
2,13,15,51,77,79,56,51,47,31,14,49,51,54,57,54,35,8,9,3,0,0,0,0
3,11,13,23,56,57,58,56,36,29,38,14,52,54,56,57,18,12,2,0,0,0,0,0
1,6,11,30,32,56,57,58,54,22,21,14,46,52,54,52,35,13,5,3,0,0,0,0
0,10,11,36,52,42,56,61,54,35,12,19,20,54,52,50,20,9,0,0,0,0,0,0
5,9,10,13,50,63,48,59,52,25,24,21,34,27,51,17,13,12,5,1,0,0,0,0
10,1,4,9,36,51,56,44,40,11,13,14,38,50,52,28,9,0,9,3,2,5,0,0
10,3,3,12,11,33,54,53,27,5,7,12,38,52,50,16,28,8,3,5,1,0,3,2
0,4,14,6,12,12,57,50,21,11,12,8,22,53,50,12,9,7,6,2,0,0,0,0
4,9,0,9,14,20,50,14,8,4,14,13,55,57,53,22,10,6,9,7,2,0,0,0

92,62,52,12,0,0,8,2,9,6,6,0,0,0,7,11,4,11,19,29,14,11,10,3
63,78,31,11,10,0,0,7,20,53,65,52,4,0,0,0,0,8,50,56,69,88,127,71
55,72,58,14,10,0,14,1,4,71,123,117,61,0,0,0,7,5,29,64,59,104,127,71
14,60,54,2,0,8,7,28,14,51,75,86,51,1,0,0,12,69,84,58,51,52,38,22
6,33,41,0,14,13,50,43,58,33,50,65,25,4,9,34,59,62,67,60,50,27,6,0
5,0,19,10,42,51,36,40,55,26,26,60,52,94,66,40,55,53,12,14,11,12,0,0
0,0,0,21,56,66,75,65,71,75,103,69,116,85,57,56,54,13,1,9,8,7,5,8
0,4,5,43,62,52,97,96,105,108,108,97,113,86,61,57,43,13,0,0,0,0,0,4
0,9,14,63,91,110,122,136,122,130,144,154,117,83,78,0,5,0,22,0,0,0,0,0
0,6,19,65,107,136,179,163,161,173,188,191,169,116,66,55,0,6,0,1,0,0,0,0
0,2,52,65,109,172,202,209,202,209,228,208,164,95,73,31,0,0,3,0,0,0,0,0
0,0,23,67,108,152,191,213,213,234,243,195,176,107,89,30,1,0,2,0,0,0,0,0
0,5,7,52,103,139,156,204,179,193,210,211,182,124,102,57,0,0,1,4,0,0,0,0
0,0,4,57,108,155,171,171,158,182,186,184,182,135,96,65,0,6,0,0,0,11,0,0
8,12,0,17,105,135,144,143,145,156,145,145,139,107,61,54,7,11,0,0,0,0,3,0
0,1,9,19,76,101,122,115,126,127,136,135,100,73,61,51,5,0,1,0,0,0,0,4
11,2,3,39,75,105,98,93,95,91,99,125,91,78,61,50,1,11,1,0,2,7,7,5
0,9,11,30,44,67,92,121,142,114,118,109,120,92,60,43,28,19,25,7,9,12,12,6
1,7,11,39,82,80,102,125,141,120,109,133,140,113,95,56,44,11,11,0,0,0,0,0
0,0,5,38,107,106,115,125,136,122,117,131,134,114,83,75,51,11,4,0,1,4,2,1
0,1,14,61,74,96,117,124,141,139,141,138,131,126,97,64,55,12,13,10,9,0,0,0
2,2,30,54,72,64,106,140,167,154,154,140,139,143,141,101,49,21,13,11,8,3,0,0
5,6,54,100,105,71,114,124,159,145,140,147,162,169,146,101,65,26,14,14,6,10,8,6
84,50,92,117,114,110,108,138,149,144,146,159,181,175,152,120,102,41,12,0,0,4,2,2
11,22,71,116,130,124,107,137,132,130,146,172,175,170,141,119,101,36,3,7,0,5,5,2
13,63,103,104,125,119,117,111,114,115,140,163,153,167,127,113,100,22,12,4,5,11,9,8
13,49,71,116,113,112,112,74,110,110,119,135,142,141,130,106,76,27,10,7,7,3,6,7
39,76,101,102,103,115,113,106,88,104,110,123,141,143,125,104,51,44,8,4,0,6,6,0
12,51,90,95,105,117,112,103,22,91,105,106,122,134,110,100,25,16,8,5,5,5,9,0
13,49,61,69,83,95,87,58,49,53,60,84,107,129,108,78,11,9,6,1,0,6,3,0
24,36,51,62,96,117,81,52,88,70,73,68,106,115,85,57,18,26,24,10,8,13,8,0
10,20,29,51,99,119,84,70,62,88,55,63,178,175,111,57,32,20,13,11,8,1,2,0
11,23,49,96,141,120,86,63,50,53,13,57,119,133,79,55,13,5,6,6,0,0,0,7
11,18,50,74,115,107,68,48,50,40,50,41,61,70,62,56,12,6,1,0,0,1,0,3
14,20,39,54,70,78,70,56,29,39,15,50,50,57,59,56,26,11,10,0,0,0,0,0
2,13,15,51,77,79,56,51,47,31,14,49,51,54,57,54,34,7,9,3,0,0,0,0
3,11,13,23,56,57,58,57,36,28,39,14,52,54,55,57,17,12,2,0,0,0,0,0
1,6,11,30,32,56,57,58,54,23,21,14,46,52,54,52,35,13,5,3,0,0,0,0
0,10,11,35,52,42,56,61,54,35,12,20,20,54,52,50,20,9,0,0,0,0,0,0
5,9,10,13,50,62,48,60,52,25,26,19,33,27,51,17,13,12,5,1,0,0,0,0
10,0,4,9,35,51,56,44,40,11,13,14,38,48,52,28,9,0,9,2,2,5,0,0
10,3,3,13,11,33,54,53,28,5,7,12,39,52,50,16,28,8,3,5,1,0,3,2
0,4,14,6,12,12,56,50,20,11,13,8,21,53,50,12,9,7,5,2,0,0,0,0
4,9,0,9,14,19,50,14,7,4,14,13,55,57,54,22,10,6,10,7,2,0,0,0

91,62,51,12,0,0,8,3,9,7,7,1,0,0,7,10,4,11,18,28,14,11,9,3
63,78,31,11,10,0,0,8,24,56,67,54,6,0,0,0,0,7,50,56,69,87,127,71
55,72,58,14,10,0,14,1,6,74,127,121,63,1,0,0,7,5,28,64,59,103,127,70
14,60,53,2,0,7,6,26,15,53,77,88,55,1,0,0,12,70,84,58,51,52,39,22
6,32,41,0,14,13,50,43,60,42,51,67,27,4,9,33,59,62,68,60,50,26,6,0
5,0,19,10,42,51,36,41,56,27,25,60,52,94,66,40,55,53,12,14,11,12,0,0
0,0,0,21,55,66,75,65,71,75,103,70,116,85,57,56,54,13,1,9,8,7,5,8
0,4,6,43,62,51,97,95,104,108,108,98,113,87,61,58,43,13,0,0,0,0,0,4
0,9,15,63,92,110,122,136,122,131,145,154,117,83,78,0,5,0,23,0,0,0,0,0
0,6,19,65,107,137,179,163,161,173,189,192,170,117,67,55,0,6,0,2,0,0,0,0
0,2,52,65,110,173,203,210,202,210,229,208,165,95,73,34,0,0,3,0,0,0,0,0
0,0,24,67,108,152,192,214,214,236,245,196,177,107,90,33,2,0,2,0,0,0,0,0
0,6,8,52,103,139,156,205,179,193,210,210,182,123,102,57,0,0,1,4,0,0,0,0
0,0,3,57,108,155,171,171,158,181,186,184,182,134,96,64,0,6,0,0,0,11,0,0
9,12,0,18,105,135,144,143,145,155,144,145,139,106,61,54,7,11,0,0,0,0,3,0
0,1,9,19,75,101,122,114,125,126,134,133,99,73,61,51,5,0,1,0,0,0,0,3
11,2,3,39,74,105,97,93,94,90,98,124,90,77,61,50,1,11,1,0,2,7,7,5
0,8,11,30,44,67,92,119,140,112,117,107,119,92,60,43,28,18,24,7,9,12,12,6
1,8,11,39,82,80,101,124,141,119,109,132,140,113,95,56,44,11,11,0,0,0,0,0
1,0,6,39,107,106,115,124,136,122,116,131,134,114,83,75,51,11,4,0,1,4,2,1
0,1,14,62,74,96,117,124,141,139,141,138,131,126,97,65,55,12,13,10,9,0,0,0
2,2,31,55,73,65,106,141,167,154,154,140,140,144,142,101,49,21,13,11,9,3,0,0
5,6,55,100,105,71,114,124,159,146,140,147,162,169,146,101,65,26,14,14,6,10,8,6
85,49,92,117,114,110,108,138,150,145,146,159,181,176,152,120,102,41,12,0,0,4,3,2
11,22,71,116,131,125,107,137,132,130,147,172,175,170,142,119,101,34,3,7,0,5,5,2
13,63,103,104,125,119,117,112,114,115,140,163,153,166,127,113,100,23,12,4,5,11,9,8
13,49,71,116,113,112,112,75,110,110,119,135,142,141,130,106,77,27,10,7,7,3,6,7
39,76,101,102,103,115,113,106,89,104,110,123,141,143,125,104,52,44,8,4,0,6,6,0
12,51,90,95,105,117,112,103,22,90,105,106,122,133,109,100,22,16,8,4,5,5,9,0
13,50,61,70,83,96,88,58,49,54,59,84,108,129,108,78,11,9,6,1,0,6,2,0
24,36,51,62,96,117,81,52,89,70,74,69,106,114,84,57,18,26,23,10,8,13,8,0
10,20,29,51,99,119,84,70,62,88,55,63,177,175,111,57,33,20,13,11,8,1,2,0
11,22,49,96,141,120,86,64,50,53,13,57,118,133,79,55,13,5,6,6,0,0,0,7
11,18,50,75,115,108,68,49,50,40,50,40,61,70,62,55,12,6,1,0,0,1,0,3
14,20,39,54,70,78,70,56,29,41,14,50,50,57,58,55,25,10,10,0,0,0,0,0
2,13,15,51,77,79,56,51,48,31,14,50,51,54,57,54,34,7,9,3,0,0,0,0
3,11,13,23,56,57,58,56,36,29,38,14,52,54,55,57,17,12,2,0,0,0,0,0
1,6,10,30,32,56,57,58,54,23,21,14,46,52,54,52,35,13,5,3,0,0,0,0
0,10,11,35,52,42,56,61,54,35,12,20,19,54,52,50,20,9,0,0,0,0,0,0
5,9,10,14,51,63,48,59,52,25,23,19,34,27,51,17,13,12,5,1,0,0,0,0
10,0,4,9,36,51,56,44,39,11,13,14,37,50,52,28,9,0,9,2,2,5,0,0
10,3,3,12,11,33,54,53,27,5,7,11,38,52,50,16,28,8,3,5,1,0,3,2
0,4,14,6,12,12,56,51,20,11,13,8,21,53,50,12,9,7,5,2,0,0,0,0
4,9,0,9,14,20,50,14,7,4,14,13,55,57,54,24,10,6,10,7,2,0,0,0

90,61,51,12,0,0,8,3,9,7,7,1,0,0,7,10,4,11,17,27,14,11,9,3
63,78,30,10,10,0,0,8,25,57,67,54,6,0,0,0,0,8,50,56,69,87,126,71
55,72,58,14,10,0,14,1,6,74,127,121,63,1,0,0,7,5,31,65,59,103,126,71
14,60,54,2,0,8,7,25,19,54,77,88,55,1,0,0,12,70,84,58,51,52,39,22
6,33,42,0,14,13,50,45,61,49,51,68,29,4,9,35,59,62,68,60,50,26,6,0
5,0,20,11,42,50,36,41,57,27,26,60,53,94,67,41,55,54,12,14,11,12,0,0
0,0,0,22,56,66,75,65,72,75,103,70,116,86,58,56,55,13,1,9,8,7,5,8
0,5,6,45,62,52,98,96,105,108,108,97,113,87,62,58,43,13,0,0,0,0,0,4
0,9,17,63,92,111,123,138,122,130,145,155,117,83,79,0,5,0,24,0,0,0,0,0
0,6,21,66,108,140,181,164,161,173,189,193,170,117,67,56,0,6,0,2,0,0,0,0
0,2,53,66,111,176,206,211,202,211,229,207,165,96,73,38,0,0,4,0,0,0,0,0
0,1,27,68,110,154,193,216,216,238,247,197,179,108,90,42,2,0,2,0,0,0,0,0
0,6,8,53,103,139,157,205,179,193,210,211,183,124,103,58,0,0,1,4,0,0,0,0
1,0,2,57,108,155,171,171,158,181,186,184,182,135,97,65,0,6,0,0,0,11,0,0
9,12,0,20,105,136,144,142,145,155,144,145,139,107,61,54,7,11,0,0,0,0,3,0
0,1,9,20,75,101,122,114,124,125,134,132,99,73,60,50,5,0,1,0,0,0,0,3
11,2,3,39,75,105,97,93,94,89,97,123,90,77,61,50,1,11,1,0,2,7,7,5
0,9,11,30,44,67,91,119,140,112,116,106,119,91,60,42,28,18,24,7,9,12,12,6
1,8,11,39,82,80,101,124,140,118,108,131,140,113,95,56,44,11,11,0,0,0,0,0
0,0,6,39,106,106,115,124,136,122,116,131,134,114,83,75,51,11,4,0,1,4,2,1
0,1,14,62,74,95,117,124,140,139,141,138,131,126,97,65,56,12,13,10,10,0,0,0
2,2,31,55,72,65,106,140,167,154,154,140,139,144,141,101,49,21,13,11,8,3,0,0
5,6,55,100,105,71,114,124,159,146,140,147,162,169,146,101,65,26,14,14,6,10,8,7
85,50,92,117,114,110,108,138,150,144,146,160,181,176,151,120,102,41,12,0,0,4,2,2
11,22,71,116,130,125,107,137,132,130,147,172,175,170,141,119,101,36,3,7,0,5,5,2
13,63,103,104,125,119,117,111,114,115,140,163,153,166,127,113,100,22,12,4,5,11,9,8
13,49,71,116,113,112,112,75,110,111,119,135,142,141,130,106,77,28,10,7,7,3,6,7
40,76,101,102,103,115,113,106,88,104,110,123,141,143,125,104,51,44,8,4,0,6,6,0
12,51,90,95,105,117,112,103,20,90,105,106,122,133,109,100,23,17,8,4,5,5,9,0
13,49,61,70,83,96,87,58,49,54,60,84,107,129,108,78,11,9,7,1,0,6,2,0
24,36,51,62,96,117,81,53,88,70,73,68,106,114,84,57,18,27,24,10,8,13,8,0
10,20,29,51,100,119,84,70,62,88,55,63,177,175,111,57,33,19,13,11,8,1,2,0
11,23,49,96,141,120,86,64,50,53,13,57,118,133,79,55,13,5,6,6,0,0,0,7
11,18,50,74,115,108,68,48,50,41,50,40,61,70,62,56,12,6,1,0,0,1,0,3
14,19,39,54,70,78,70,56,29,40,15,50,50,57,58,55,26,10,10,0,0,0,0,0
2,13,15,51,77,79,56,51,48,30,14,50,51,54,57,53,34,7,9,3,0,0,0,0
3,11,13,23,56,57,58,56,36,29,38,14,52,54,55,57,17,12,2,0,0,0,0,0
1,6,11,30,32,56,57,58,54,23,21,14,46,52,54,52,35,13,5,3,0,0,0,0
0,10,11,35,52,42,56,61,54,34,12,20,20,54,52,50,20,9,0,0,0,0,0,0
5,9,10,14,50,63,49,59,52,26,23,21,34,28,51,18,13,12,5,1,0,0,0,0
10,1,4,9,37,51,56,44,39,11,13,14,37,50,52,28,9,0,9,2,2,5,0,0
10,3,3,12,11,33,54,53,27,5,7,11,38,52,50,16,28,8,3,5,1,0,3,2
0,4,14,6,12,12,56,50,20,11,12,7,21,53,50,12,9,7,6,2,0,0,0,0
4,9,0,9,14,20,50,14,8,4,14,13,55,57,54,24,11,6,10,7,2,0,0,0

90,61,51,12,0,0,8,3,9,8,7,1,0,0,7,10,4,11,18,27,14,11,9,3
63,78,30,10,10,0,0,8,26,56,68,55,7,0,0,0,0,8,50,56,69,87,126,71
55,72,58,14,10,0,14,2,7,76,128,121,64,2,0,0,7,5,31,64,59,103,126,71
14,60,54,2,0,8,7,25,21,54,77,89,56,1,0,0,12,70,84,58,51,52,39,21
6,33,42,0,14,13,50,46,62,50,51,68,30,5,9,36,60,62,68,61,50,27,6,0
5,0,20,10,42,51,37,43,58,28,26,60,53,94,66,41,55,54,12,14,11,12,0,0
0,0,0,22,56,66,76,66,72,74,104,70,116,85,58,56,54,13,1,9,8,7,5,8
0,5,6,47,62,53,98,97,105,107,108,97,113,87,61,58,42,13,0,0,0,0,0,4
0,10,17,64,93,111,123,137,122,130,145,155,117,83,79,0,5,0,23,0,0,0,0,0
0,6,22,66,109,140,181,163,161,172,189,193,170,117,67,56,0,6,0,2,0,0,0,0
0,3,53,66,112,176,204,209,201,210,228,209,167,96,73,39,0,0,4,0,0,0,0,0
0,1,27,68,110,155,193,214,214,236,245,197,180,110,91,50,2,0,2,0,0,0,0,0
0,7,9,54,104,141,157,204,179,194,210,213,187,127,104,59,0,0,1,4,0,0,0,0
1,0,2,58,109,158,171,170,159,182,186,184,186,138,100,66,0,6,0,0,0,12,0,0
9,12,0,27,106,136,143,143,145,156,144,144,138,109,62,55,9,12,0,0,0,0,3,0
0,1,9,21,77,101,122,114,125,126,135,133,99,73,61,51,5,0,1,0,0,0,0,3
12,3,3,40,75,105,97,93,94,90,98,124,90,77,61,45,0,11,1,0,2,7,7,5
0,9,11,30,44,67,92,119,140,113,118,107,119,91,60,42,25,18,24,7,9,12,12,6
1,7,11,39,81,80,101,124,140,118,109,132,140,113,94,56,43,11,10,0,0,0,0,0
0,0,5,37,106,106,115,124,136,122,116,130,133,113,82,74,47,10,4,0,1,3,2,1
0,1,14,61,73,95,117,123,140,138,141,137,130,126,96,64,55,11,13,10,9,0,0,0
2,2,30,54,71,64,105,140,166,153,153,139,138,143,141,100,49,20,13,11,8,3,0,0
5,6,54,100,105,71,114,124,158,145,140,146,161,168,145,100,64,25,14,14,6,10,8,7
83,49,92,117,114,109,108,138,149,144,146,159,181,175,151,120,101,40,12,0,0,4,2,2
11,22,71,115,130,124,107,136,131,130,146,171,175,170,141,119,101,36,3,6,0,5,5,3
13,63,103,104,125,118,117,111,114,115,140,163,153,166,127,113,100,23,12,4,5,10,9,8
13,49,71,116,113,112,112,74,110,110,119,135,142,141,130,106,76,27,10,7,7,3,6,7
38,75,101,102,103,115,113,106,89,104,110,123,141,142,125,104,51,44,8,4,0,6,6,0
12,51,90,95,105,116,112,103,20,90,105,106,122,133,109,100,23,16,8,4,5,5,9,0
13,48,61,70,83,95,87,58,49,54,59,84,107,129,108,78,11,9,6,1,0,6,2,0
24,36,51,62,97,117,81,52,88,70,74,68,106,114,84,57,18,27,23,10,8,13,8,0
10,20,29,51,100,119,84,69,62,88,54,63,177,175,111,57,32,19,14,11,8,1,2,0
11,23,49,96,142,120,86,64,50,53,13,57,119,133,79,55,13,5,6,6,0,0,0,7
11,18,50,75,116,108,68,48,50,40,50,40,61,70,62,55,12,6,1,0,0,1,0,3
14,20,40,54,70,78,70,56,29,41,14,50,50,57,58,55,26,10,10,0,0,0,0,0
2,13,15,51,77,79,56,51,48,31,14,50,51,54,57,54,34,7,8,3,0,0,0,0
3,11,13,23,56,57,58,56,36,29,39,14,52,54,56,57,17,12,2,0,0,0,0,0
1,6,11,30,32,56,57,58,54,23,20,14,46,52,54,52,35,13,5,3,0,0,0,0
0,10,11,37,53,42,56,61,54,36,12,20,19,55,52,50,21,9,0,0,0,0,0,0
5,9,10,14,51,63,49,60,52,25,25,19,34,27,52,18,13,12,5,1,0,0,0,0
10,1,4,9,37,51,56,44,40,11,13,14,37,50,52,28,9,0,9,2,2,5,0,0
10,3,3,12,11,33,54,53,28,5,7,12,37,52,50,16,28,8,3,5,1,0,3,2
0,4,14,6,12,12,57,51,21,11,13,8,25,53,50,12,9,7,5,2,0,0,0,0
4,9,0,9,14,20,50,14,8,4,14,13,55,57,54,23,10,6,10,7,2,0,0,0

90,61,51,12,0,0,8,3,9,7,7,1,0,0,7,10,5,11,18,28,14,11,9,3
63,78,30,10,10,0,0,8,25,56,68,54,6,0,0,0,0,8,50,56,69,87,126,71
55,72,58,14,10,0,14,2,7,75,128,121,63,1,0,0,7,5,31,65,59,103,126,71
14,60,53,2,0,8,7,25,18,54,77,88,55,1,0,0,12,70,84,58,51,52,39,21
6,33,41,0,14,13,50,44,61,50,51,69,29,4,9,37,60,62,68,61,50,27,6,0
4,0,19,10,42,50,36,40,56,27,25,60,53,94,67,41,55,54,12,14,11,12,0,0
0,0,0,23,56,66,75,65,70,74,103,69,116,86,58,56,55,13,1,9,8,7,5,8
0,5,6,48,62,53,99,96,104,107,108,98,114,87,61,58,44,14,0,0,0,0,0,4
0,10,19,64,93,112,124,137,122,129,145,155,118,84,79,0,5,0,24,0,0,0,0,0
0,6,21,67,110,141,181,163,161,172,189,193,170,117,67,56,0,6,0,2,0,0,0,0
0,3,54,66,113,178,206,210,202,211,230,211,168,97,74,42,0,0,4,0,0,0,0,0
0,1,29,68,112,159,195,216,215,237,247,198,182,112,92,53,2,0,2,0,0,0,0,0
0,8,10,55,107,143,159,205,181,195,211,215,190,129,105,60,0,0,1,4,0,0,0,0
2,0,1,59,110,161,172,171,159,183,185,183,189,141,101,68,0,7,0,0,0,12,0,0
9,12,0,35,107,136,143,143,146,157,145,144,137,110,63,55,10,12,0,0,0,0,3,0
0,1,9,24,78,101,122,115,126,127,136,134,100,73,61,55,6,0,1,0,0,0,0,3
12,3,3,42,75,105,98,94,95,91,99,125,90,77,61,50,5,10,1,0,2,7,7,6
0,9,11,30,44,67,92,121,142,114,119,108,119,91,59,41,18,17,23,7,9,12,12,6
1,7,11,39,82,80,101,125,141,119,109,132,140,113,93,56,41,10,10,0,0,0,0,0
0,0,5,36,106,106,115,124,136,122,116,130,133,113,80,73,44,9,3,0,1,3,2,1
0,1,14,59,72,94,117,123,140,138,140,136,129,125,94,64,54,11,13,10,9,0,0,0
2,2,29,53,70,63,104,139,165,151,151,138,136,141,139,100,47,19,13,11,8,3,0,0
5,6,53,100,104,71,113,123,157,144,139,145,159,166,144,100,63,24,14,14,6,10,8,7
83,47,91,117,113,109,107,137,149,144,145,157,180,174,150,119,101,39,12,0,0,4,2,2
11,22,70,115,130,124,106,136,131,129,146,171,175,169,141,118,101,33,2,6,0,5,5,3
13,63,103,104,125,118,117,111,113,115,140,163,153,166,127,113,100,22,12,4,5,10,9,8
13,48,71,116,113,112,112,73,110,110,119,135,142,141,130,106,76,27,10,7,7,3,6,7
38,76,101,102,103,115,113,106,88,104,110,123,141,142,124,104,51,43,8,4,0,6,6,0
12,51,90,95,105,117,112,103,22,90,105,106,122,133,109,100,21,14,8,4,5,5,9,0
13,49,61,70,83,95,87,58,49,54,59,84,107,129,108,78,11,9,6,1,0,6,2,0
24,36,51,62,96,117,81,53,88,70,74,69,106,115,84,57,18,27,24,10,8,13,8,0
10,20,29,51,100,119,84,70,62,89,55,63,178,175,111,57,32,20,14,11,8,1,2,0
11,23,49,96,142,120,86,64,50,53,13,57,119,133,78,55,12,6,6,6,0,0,0,7
11,17,50,75,116,108,68,49,50,41,50,40,61,70,62,55,12,6,1,0,0,1,0,3
14,20,40,54,70,78,70,56,29,40,16,50,50,57,59,55,27,11,10,0,0,0,0,0
2,13,15,51,77,79,56,51,48,31,14,50,51,54,57,53,35,7,9,3,0,0,0,0
3,11,13,23,56,57,58,57,36,29,38,14,52,54,56,57,18,12,2,0,0,0,0,0
1,6,10,31,32,56,57,58,54,23,21,14,47,52,54,52,36,13,5,3,0,0,0,0
0,10,11,36,53,42,56,62,54,36,12,20,20,54,52,50,21,9,0,0,0,0,0,0
5,9,10,14,51,63,49,60,52,27,25,20,34,27,52,19,13,12,5,1,0,0,0,0
10,1,4,9,37,51,56,44,40,11,13,14,39,50,52,28,9,0,9,3,2,5,0,0
10,3,3,12,11,35,54,53,28,6,7,12,39,52,50,17,28,8,3,5,1,0,3,2
0,4,14,6,12,12,57,51,21,11,13,8,24,53,50,12,9,7,6,2,0,0,0,0
4,9,0,9,14,20,50,14,8,4,14,13,55,58,54,24,11,7,10,7,2,0,0,0

90,61,51,12,0,0,8,3,9,7,7,1,0,0,7,10,5,11,19,29,14,11,9,4
63,78,31,11,10,0,0,8,25,56,68,54,6,0,0,0,0,8,50,56,69,87,127,71
55,72,58,14,10,0,14,2,6,75,127,120,63,1,0,0,7,5,32,64,59,103,126,71
14,60,53,2,0,8,7,26,17,53,77,88,55,1,0,0,12,70,84,58,51,52,38,22
6,33,42,0,14,13,50,43,61,48,51,69,30,5,9,38,60,62,68,61,50,27,6,0
4,0,19,10,42,50,36,40,55,26,26,61,53,94,67,41,55,54,12,14,11,12,0,0
0,0,0,22,56,66,75,65,70,74,103,70,117,86,58,56,55,13,1,9,8,7,5,8
0,5,6,47,62,53,98,96,104,107,108,98,114,88,62,58,43,14,0,0,0,0,0,4
0,10,18,64,94,112,123,137,122,130,145,156,118,84,79,0,5,0,23,0,0,0,0,0
0,6,21,67,110,140,180,162,161,172,188,193,171,118,67,56,0,7,0,2,0,0,0,0
0,3,54,66,113,178,205,209,201,211,230,211,170,99,74,44,0,0,4,0,0,0,0,0
0,1,29,68,112,159,194,215,214,236,245,198,183,114,93,53,2,0,2,0,0,0,0,0
0,8,11,55,107,143,159,205,181,195,211,215,191,131,105,60,0,0,2,4,0,0,0,0
2,0,2,59,111,162,172,171,160,184,185,182,189,143,101,68,0,7,0,0,0,12,0,0
9,12,0,37,107,136,144,144,147,160,146,145,137,111,63,55,10,12,0,0,0,0,3,0
0,2,9,25,79,101,123,117,128,128,137,136,100,73,61,55,6,0,1,0,0,0,0,4
12,3,3,46,75,106,99,95,97,92,100,126,91,78,61,50,6,11,1,0,3,7,8,6
0,9,11,31,44,68,94,124,145,116,121,111,121,92,59,41,19,17,23,7,10,12,12,6
1,7,11,39,82,81,102,126,143,120,111,133,140,113,91,55,37,10,10,0,0,0,0,0
0,0,5,36,106,106,115,125,137,123,117,131,133,112,79,71,38,8,3,0,1,3,2,1
0,1,13,58,71,93,117,123,140,138,140,136,128,124,93,63,52,10,13,10,9,0,0,0
2,2,29,52,69,63,104,139,165,150,150,136,134,139,137,98,46,18,13,11,8,3,0,0
5,6,53,100,104,70,113,123,156,144,138,144,157,164,143,99,62,24,14,14,6,10,8,6
82,46,91,116,113,109,106,136,148,143,145,156,179,173,149,119,101,36,12,0,0,4,2,2
11,21,70,115,129,123,106,135,131,129,145,171,174,169,140,118,101,33,2,6,0,5,5,3
13,62,103,104,125,118,117,111,113,115,139,162,153,166,126,113,96,20,12,4,5,10,9,8
13,48,71,115,113,112,111,73,110,110,119,135,142,141,129,106,73,25,10,7,7,3,6,7
38,76,101,102,103,115,113,106,88,104,110,123,140,142,124,103,51,42,7,4,0,6,6,0
12,51,90,95,104,116,112,103,20,90,105,106,122,133,109,100,20,14,8,4,5,5,9,0
13,49,61,70,83,95,87,58,49,53,59,84,107,129,108,77,11,9,6,1,0,6,2,0
24,36,51,62,96,116,81,52,89,70,73,69,106,114,84,57,18,26,24,10,8,13,8,0
10,20,29,51,100,119,84,70,62,88,55,63,178,175,110,56,32,19,13,11,8,1,2,0
11,22,49,96,142,120,86,63,50,53,13,57,119,133,78,55,12,6,6,6,0,0,0,7
11,18,50,75,117,108,68,49,50,41,50,40,61,70,62,55,12,6,1,0,0,1,0,3
14,20,39,54,70,78,70,56,29,41,15,50,50,57,59,55,27,10,10,0,0,0,0,0
2,13,15,51,77,79,55,51,48,31,14,50,51,54,57,54,35,8,9,3,0,0,0,0
3,11,13,23,56,57,58,56,36,29,38,14,52,54,56,57,19,12,2,0,0,0,0,0
1,6,11,30,32,56,57,58,54,23,21,14,47,52,54,52,37,13,5,3,0,0,0,0
0,10,11,36,53,42,56,61,54,36,12,20,20,54,52,50,21,9,0,0,0,0,0,0
5,9,10,14,51,63,49,60,52,27,26,22,34,27,52,21,13,12,5,1,0,0,0,0
10,0,4,9,38,51,56,44,41,11,13,14,40,50,52,29,9,0,9,3,2,5,0,0
10,3,3,12,11,36,54,53,28,6,7,12,39,52,50,17,28,8,3,6,1,0,3,2
0,4,14,6,12,12,57,51,21,11,13,8,25,53,50,12,9,7,5,2,0,0,0,0
4,9,0,9,14,20,50,14,8,4,14,13,55,57,54,24,11,7,10,7,2,0,0,0

90,61,51,12,0,0,8,3,9,7,7,1,0,0,7,10,5,11,18,28,14,11,9,3
62,78,30,11,10,0,0,8,26,56,68,54,6,0,0,0,0,8,50,56,69,87,127,71
54,71,58,14,10,0,14,2,7,75,127,120,63,1,0,0,7,5,32,64,59,103,126,70
14,60,53,2,0,8,7,24,21,54,77,88,55,1,0,0,12,70,84,58,51,52,39,22
6,33,41,0,14,13,50,45,61,50,51,69,31,4,9,37,60,62,68,60,50,28,6,0
4,0,20,10,42,51,36,42,56,27,26,61,54,94,67,41,55,54,12,14,11,12,0,0
0,0,0,22,56,66,75,66,72,75,104,70,117,86,58,56,54,13,1,9,8,7,5,8
0,5,6,48,62,53,99,96,105,108,108,98,114,88,62,58,43,14,0,0,0,0,0,4
0,10,19,64,93,112,123,137,122,131,146,155,118,83,79,0,5,0,25,0,0,0,0,0
0,6,21,67,110,141,181,164,162,174,189,193,170,118,67,56,0,7,0,2,0,0,0,0
0,3,54,66,113,179,207,211,204,213,231,212,169,98,74,44,0,0,4,0,0,0,0,0
0,1,29,68,112,159,196,216,215,237,246,198,183,113,93,53,2,0,2,0,0,0,0,0
0,8,11,55,107,143,159,206,181,195,211,215,190,130,105,60,0,0,2,4,0,0,0,0
2,0,2,59,110,160,173,171,160,183,185,182,188,142,101,68,0,7,0,0,0,12,0,0
10,12,0,34,107,136,143,143,146,158,145,145,137,110,63,55,10,12,0,0,0,0,3,0
0,2,9,24,78,101,122,116,127,128,137,136,100,73,61,55,6,0,1,0,0,0,0,4
12,3,3,44,75,106,98,94,96,92,100,126,91,78,61,50,6,11,1,0,3,7,8,6
0,9,11,31,44,67,93,123,145,115,120,111,120,92,59,42,21,17,23,7,10,12,12,6
1,7,11,39,82,81,102,126,142,120,110,133,140,113,92,55,38,10,10,0,0,0,0,0
0,0,5,36,106,106,115,125,137,123,117,131,133,112,80,72,40,9,3,0,0,3,2,1
0,1,14,58,71,94,117,124,141,138,141,136,129,124,94,63,53,10,13,10,9,0,0,0
2,2,29,53,70,63,105,139,166,151,151,137,135,140,138,100,47,19,13,11,8,3,0,0
5,6,53,100,104,71,113,123,157,144,138,144,159,165,144,100,63,24,14,14,6,10,8,7
82,47,92,117,113,109,107,137,149,143,145,157,179,174,150,119,101,37,12,0,0,4,2,2
11,21,70,115,130,124,106,135,131,129,146,171,174,169,141,118,101,34,2,6,0,5,5,2
13,63,103,104,125,118,117,111,113,115,139,163,153,166,127,113,98,20,12,4,5,10,9,8
13,48,71,115,113,112,111,72,110,110,119,135,142,141,129,106,75,25,10,6,7,2,6,7
38,76,101,102,103,115,113,106,88,104,110,123,140,142,124,104,51,43,7,4,0,6,6,0
12,51,90,95,104,116,112,103,20,90,105,106,122,133,109,100,21,14,8,4,5,5,9,0
13,49,61,69,83,95,87,58,49,54,59,84,107,129,108,77,11,9,6,1,0,6,3,0
24,36,51,62,96,116,81,52,88,70,74,68,106,114,84,57,18,27,23,10,8,13,8,0
10,20,29,51,100,119,84,70,62,88,55,63,177,174,110,56,32,19,13,11,8,1,2,0
11,23,49,96,142,120,86,63,50,53,13,57,119,133,78,55,12,5,6,5,0,0,0,7
12,18,50,75,116,108,68,49,50,41,50,40,61,70,62,55,12,6,1,0,0,1,0,3
14,20,39,54,70,78,70,56,28,40,15,50,50,57,58,55,26,10,10,0,0,0,0,0
2,13,15,51,77,79,56,51,48,31,14,50,51,54,57,54,35,7,9,3,0,0,0,0
3,11,13,23,56,58,58,57,36,28,40,14,52,54,56,58,18,12,2,0,0,0,0,0
1,6,11,31,32,56,57,58,54,23,21,14,46,52,54,52,36,13,5,3,0,0,0,0
0,10,11,36,53,42,56,61,54,36,12,19,19,54,52,50,21,9,0,0,0,0,0,0
5,9,10,14,51,63,49,60,52,25,27,21,34,28,52,22,13,12,5,1,0,0,0,0
10,0,4,9,37,51,56,44,41,11,13,14,39,50,52,28,9,0,9,2,2,6,0,0
10,3,3,12,11,36,54,53,28,6,7,12,39,52,50,19,28,8,3,6,1,0,4,2
0,4,14,6,12,12,57,51,21,11,12,8,22,53,50,12,9,7,6,2,0,0,0,0
4,9,0,9,14,20,50,14,8,4,14,13,55,57,54,24,11,7,10,7,2,0,0,0

90,61,51,12,0,0,8,3,9,8,7,1,0,0,7,10,5,11,19,27,14,11,9,3
63,78,31,11,10,0,0,8,27,57,69,54,6,0,0,0,0,8,50,56,69,87,126,71
55,71,58,14,10,0,14,2,7,76,128,121,64,1,0,0,7,5,29,64,59,103,126,71
14,60,53,2,0,8,7,26,23,55,77,88,56,1,0,0,12,70,84,58,51,52,39,21
6,32,41,0,14,13,50,46,62,50,52,69,32,5,9,38,60,62,68,60,50,27,6,0
5,0,19,10,42,51,37,42,57,28,27,61,54,94,67,41,55,54,12,14,11,12,0,0
0,0,0,22,55,66,75,66,72,75,104,70,117,86,58,56,54,13,1,9,8,7,5,8
0,5,6,47,62,53,99,97,106,109,108,98,114,88,62,58,42,14,0,0,0,0,0,4
0,10,18,64,93,112,124,138,123,132,145,155,118,83,79,0,5,0,25,0,0,0,0,0
0,6,22,67,109,141,182,164,163,175,190,193,170,117,67,56,0,7,0,2,0,0,0,0
0,3,54,66,113,179,208,213,206,215,233,213,169,98,74,43,0,0,4,0,0,0,0,0
0,1,31,68,112,159,196,218,217,239,248,200,182,112,92,53,2,0,2,0,0,0,0,0
0,8,10,55,106,143,160,206,181,195,211,215,189,129,104,59,0,0,1,4,0,0,0,0
2,0,2,58,110,160,173,171,159,182,185,183,188,140,100,68,0,7,0,0,0,12,0,0
10,12,0,32,106,136,143,143,145,156,145,145,138,110,63,55,9,11,0,0,0,0,3,0
0,1,9,23,77,101,122,115,126,127,136,135,100,73,61,55,6,0,1,0,0,0,0,4
12,3,3,44,75,105,98,94,95,91,99,125,91,78,61,50,6,11,1,0,3,7,8,5
0,9,11,30,44,67,92,121,142,114,119,109,120,92,59,42,22,17,23,7,10,12,12,6
1,7,11,39,82,80,102,125,142,120,109,132,140,113,92,56,40,11,10,0,0,0,0,0
0,0,5,37,106,106,115,125,136,122,116,130,133,113,80,73,43,9,3,0,1,3,2,1
0,1,14,59,72,94,117,124,140,138,140,136,129,124,95,64,54,11,13,10,9,0,0,0
2,2,30,54,70,64,105,139,166,152,151,138,136,141,139,100,48,19,13,11,8,3,0,0
5,6,54,100,104,71,113,123,158,145,139,145,159,166,144,100,64,24,14,14,6,10,7,6
83,48,92,117,114,109,107,137,149,144,145,158,179,174,150,120,101,37,12,0,0,4,2,2
11,21,70,115,130,124,106,136,131,129,146,171,174,169,141,118,101,34,2,6,0,5,4,2
13,62,104,104,125,118,117,111,114,115,139,163,153,166,127,113,100,20,12,4,5,10,9,8
13,48,71,116,113,112,111,73,110,110,119,135,142,141,129,106,76,25,10,7,7,3,6,7
39,75,101,102,103,115,113,106,88,104,109,123,140,142,124,104,51,43,7,4,0,6,6,0
12,51,90,95,105,116,112,103,20,90,105,106,121,133,109,100,21,15,8,4,5,5,9,0
13,49,61,69,83,95,87,58,49,53,59,84,107,128,108,77,11,9,6,1,0,6,2,0
24,36,51,62,96,116,81,53,88,70,73,69,106,114,84,57,18,26,24,10,8,13,8,0
10,20,29,51,100,119,84,70,62,88,54,63,177,174,110,56,32,18,13,11,8,1,2,0
11,22,49,96,142,120,86,63,50,53,13,57,118,132,78,55,12,5,6,5,0,0,0,7
12,17,50,75,116,108,68,49,50,41,50,40,61,70,62,55,12,6,1,0,0,1,0,3
14,20,39,54,70,78,70,56,29,39,15,50,50,57,59,55,25,10,10,0,0,0,0,0
2,13,15,51,77,79,56,51,48,31,14,50,51,54,57,53,34,7,9,3,0,0,0,0
3,11,13,23,56,57,58,56,36,29,38,14,52,54,56,57,18,12,2,0,0,0,0,0
1,6,11,30,32,56,57,58,54,23,21,14,46,52,54,52,36,13,5,3,0,0,0,0
0,10,11,35,53,42,56,61,54,35,12,20,20,54,52,50,21,9,0,0,0,0,0,0
5,9,10,14,51,63,49,59,52,28,25,19,33,27,52,21,13,12,5,1,0,0,0,0
10,0,4,9,37,51,56,44,40,11,13,14,38,50,52,29,9,0,9,3,2,5,0,0
10,3,3,12,11,36,54,53,28,6,7,12,39,52,50,18,28,8,3,6,1,0,3,2
0,4,14,6,12,12,57,51,21,11,13,8,24,53,50,12,9,8,6,2,0,0,0,0
4,9,0,9,14,20,50,14,8,4,14,13,55,57,54,24,11,7,10,7,2,0,0,0

90,61,51,12,0,0,8,3,10,8,7,2,0,0,7,10,5,11,18,27,14,11,9,3
63,78,31,11,11,0,0,8,27,57,69,55,7,0,0,0,0,8,50,56,69,87,126,70
55,72,58,14,10,0,14,2,7,76,128,121,64,2,0,0,8,5,31,64,59,103,126,70
14,60,53,2,0,8,7,24,24,55,77,89,57,1,0,0,12,70,84,58,51,52,38,22
6,33,42,0,14,13,50,45,62,51,52,69,32,4,9,38,60,62,68,60,50,27,6,0
5,0,20,10,42,51,37,42,58,28,27,62,54,94,67,42,55,54,12,14,11,12,0,0
0,0,0,23,56,66,75,66,72,75,104,71,117,86,58,56,55,13,1,9,8,7,5,8
0,5,6,47,62,53,99,97,106,109,109,99,114,88,62,58,42,14,0,0,0,0,0,4
0,10,18,64,93,111,124,138,123,132,147,156,118,84,79,0,5,0,26,0,0,0,0,0
0,6,21,67,109,141,183,165,163,176,191,194,171,118,67,56,0,7,0,2,0,0,0,0
0,3,54,66,113,179,209,214,206,215,233,212,169,98,74,44,0,0,4,0,0,0,0,0
0,1,31,68,112,159,197,219,218,240,249,200,182,112,92,53,2,0,2,0,0,0,0,0
0,8,10,55,106,142,160,207,181,195,212,216,189,128,104,59,0,0,2,4,0,0,0,0
2,0,1,58,109,159,174,171,158,181,185,184,187,139,100,67,0,7,0,0,0,12,0,0
10,12,0,31,106,136,144,142,145,155,144,144,138,109,62,54,9,11,0,0,0,0,3,0
0,1,9,22,77,101,122,114,125,126,134,133,99,73,61,55,5,0,1,0,0,0,0,4
12,3,3,42,75,105,97,93,94,90,98,124,90,77,61,50,6,11,1,0,3,7,8,6
0,9,11,30,44,67,92,120,141,113,118,107,119,91,59,42,22,17,23,7,9,12,12,6
1,7,11,39,81,80,101,125,141,119,109,132,139,113,93,56,41,11,10,0,0,0,0,0
0,0,5,38,106,106,115,124,136,122,116,130,133,113,81,74,46,10,3,0,0,3,2,1
0,1,14,60,72,94,117,123,140,138,140,136,129,125,95,64,54,11,13,10,9,0,0,0
2,2,30,54,71,64,105,140,167,153,152,139,137,142,140,100,48,20,13,11,8,3,0,0
5,6,54,100,105,71,113,124,159,145,139,146,161,167,145,100,64,25,14,14,6,10,7,7
83,49,92,117,114,109,107,138,149,144,146,158,180,175,150,120,101,40,12,0,0,4,2,2
11,22,71,116,130,124,106,136,131,130,146,172,174,170,141,118,101,34,2,6,0,5,5,3
13,63,103,104,125,118,117,111,113,115,140,163,153,166,127,113,98,22,12,4,5,10,9,8
13,49,71,116,113,112,112,74,110,110,119,135,142,141,129,106,76,27,10,7,7,3,6,7
39,75,101,102,103,115,113,106,88,104,110,123,140,142,124,104,52,43,7,4,0,6,6,0
12,51,90,95,105,117,112,103,22,90,105,106,122,133,109,100,21,15,8,4,5,5,9,0
14,48,61,69,83,95,87,58,49,53,59,83,107,128,108,77,11,9,6,1,0,6,2,0
25,36,51,62,96,116,81,52,88,70,73,68,105,114,84,57,18,26,24,10,8,13,8,0
10,20,29,51,100,119,84,70,62,88,55,63,176,173,110,56,32,18,13,11,8,1,2,0
11,23,49,96,142,120,86,63,50,53,13,57,118,132,78,55,13,5,6,6,0,0,0,7
11,18,50,75,116,108,68,49,50,39,50,40,61,70,62,55,12,6,1,0,0,1,0,3
14,20,39,54,70,78,70,56,29,41,16,50,50,57,58,55,26,10,10,0,0,0,0,0
2,13,15,51,77,79,56,51,48,31,14,49,51,54,57,53,34,7,9,3,0,0,0,0
3,11,13,23,56,57,58,56,36,29,39,14,52,54,56,58,18,12,2,0,0,0,0,0
1,6,11,30,32,56,57,58,54,23,20,14,46,52,54,52,37,13,5,3,0,0,0,0
0,10,11,35,53,42,56,61,54,36,12,19,20,54,52,50,21,9,0,0,0,0,0,0
5,9,10,14,51,63,49,60,52,26,26,19,33,27,52,21,13,12,5,1,0,0,0,0
10,1,4,9,37,51,56,44,40,11,13,14,38,50,52,28,9,0,9,3,2,5,0,0
10,3,3,12,11,36,54,53,28,6,7,12,39,52,50,18,28,8,3,6,1,0,3,2
0,4,14,6,12,12,57,51,20,11,13,8,24,53,50,12,9,7,6,2,0,0,0,0
4,9,0,9,14,20,50,14,8,4,14,13,55,57,54,24,11,7,10,7,2,0,0,0

90,61,51,12,0,0,8,3,10,7,7,2,0,0,7,11,5,11,18,29,14,11,9,3
63,78,31,11,10,0,0,8,27,57,68,55,6,0,0,0,0,8,50,56,69,87,126,70
55,72,58,14,10,0,14,2,7,76,128,121,63,2,0,0,8,5,32,64,59,103,126,71
14,60,53,2,0,8,7,25,25,55,77,89,57,2,0,0,13,70,84,58,51,52,39,21
6,33,42,0,14,14,51,46,62,51,52,69,32,5,10,40,60,62,69,61,50,27,6,0
5,0,20,11,42,51,37,43,58,28,27,62,54,94,67,42,55,54,12,14,11,12,0,0
0,0,0,23,56,66,76,66,73,76,104,71,117,86,58,56,55,13,1,9,8,7,5,8
0,5,7,47,62,53,99,97,106,110,110,99,114,88,62,58,43,14,0,0,0,0,0,4
0,10,19,64,93,112,124,139,124,133,148,157,119,84,79,0,5,0,27,0,0,0,0,0
0,6,22,67,110,142,184,166,164,176,192,195,172,118,67,56,0,7,0,2,0,0,0,0
0,3,54,66,113,180,211,215,207,215,234,213,170,98,74,44,0,0,4,0,0,0,0,0
0,2,31,68,112,160,198,220,219,241,250,200,182,112,92,53,2,0,2,0,0,0,0,0
0,8,11,55,106,142,161,208,181,194,212,216,188,128,104,59,0,0,2,4,0,0,0,0
2,0,1,58,109,159,174,171,158,181,185,185,187,138,100,66,0,7,0,0,0,12,0,0
10,12,0,30,106,136,144,142,144,154,143,144,139,108,62,55,8,11,0,0,0,0,3,0
0,1,9,22,77,101,122,113,124,125,134,132,99,73,61,54,5,0,1,0,0,0,0,4
12,3,3,42,75,105,97,92,94,90,97,123,90,77,61,50,6,11,1,0,3,7,8,5
0,9,11,30,44,67,91,119,139,111,116,105,118,91,59,42,22,17,23,7,9,12,12,6
1,8,11,39,81,80,101,124,140,118,108,131,139,113,93,56,42,11,10,0,0,0,0,0
0,0,6,38,106,106,115,124,135,121,116,130,133,113,81,74,47,10,3,0,0,3,2,1
0,1,14,61,73,95,117,123,140,138,140,136,129,125,96,64,55,11,13,10,9,0,0,0
2,2,30,55,71,64,105,140,167,153,152,139,137,142,141,101,49,20,13,11,8,3,0,0
5,6,54,100,105,71,114,124,159,145,140,146,161,168,146,101,65,25,14,14,6,10,8,7
83,50,93,117,114,110,108,138,149,144,146,159,180,175,151,120,102,40,12,0,0,4,2,2
11,22,71,116,130,124,106,137,132,130,147,172,174,170,141,118,101,34,3,6,0,5,5,3
13,63,104,104,125,118,117,111,114,115,140,163,153,166,127,113,100,20,12,4,5,10,9,8
13,49,71,116,113,112,112,74,110,110,119,135,142,141,130,106,76,27,10,7,7,3,6,7
40,76,101,102,103,115,113,106,88,104,109,123,140,142,124,104,51,44,7,4,0,6,6,0
12,51,90,95,105,116,112,103,22,90,105,106,122,133,109,100,22,15,8,4,5,5,9,0
13,49,61,70,83,95,87,58,49,54,59,84,107,129,108,78,11,9,7,1,0,6,2,0
25,36,51,62,96,117,81,52,89,70,73,69,105,114,84,57,18,26,23,10,8,13,8,0
10,20,29,51,100,119,84,70,62,88,55,63,176,173,110,56,32,18,13,11,8,1,2,0
11,23,49,96,142,120,86,63,50,53,13,57,118,132,78,55,12,5,6,6,0,0,0,7
11,18,50,75,116,108,68,49,50,39,50,40,61,70,62,55,12,6,1,0,0,1,0,3
14,20,39,54,70,78,70,56,29,39,15,50,50,57,58,55,25,10,10,0,0,0,0,0
2,13,15,51,77,79,56,51,47,31,14,48,51,54,57,53,34,7,9,3,0,0,0,0
3,11,13,23,56,57,58,56,36,29,39,14,52,54,56,57,19,12,2,0,0,0,0,0
1,6,11,30,32,56,57,58,54,23,21,14,46,52,54,52,36,13,5,3,0,0,0,0
0,10,11,35,53,42,56,61,54,36,12,20,20,54,52,50,21,9,0,0,0,0,0,0
5,9,10,13,51,62,49,59,52,26,25,18,32,27,52,21,13,12,5,1,0,0,0,0
10,0,4,9,37,51,56,44,40,11,13,14,38,50,52,28,9,0,9,3,2,6,0,0
10,3,3,12,11,35,54,53,28,6,7,12,37,52,50,17,29,8,3,6,1,0,3,2
0,4,14,6,12,12,57,51,20,11,12,8,24,53,50,12,9,7,6,2,0,0,0,0
4,9,0,9,14,20,50,14,8,4,14,13,55,57,54,24,11,7,10,7,2,0,0,0

90,61,51,12,0,0,8,3,10,7,7,2,0,0,7,10,6,11,18,28,14,11,9,3
62,78,30,11,10,0,0,8,27,57,69,55,7,0,0,0,0,9,50,56,69,87,126,70
55,72,58,14,10,0,14,2,8,76,128,121,64,2,0,0,8,5,33,65,59,103,126,70
14,60,53,2,0,8,7,25,25,55,77,88,57,1,0,0,13,70,84,58,51,52,38,22
6,33,43,0,14,14,51,47,63,51,52,70,33,5,10,42,60,62,69,61,50,28,6,0
5,0,20,11,42,51,37,43,59,29,27,62,54,94,67,42,56,54,12,14,11,12,0,0
0,0,0,23,55,66,75,66,73,76,105,71,117,86,58,57,55,13,1,9,8,7,5,8
0,5,7,47,62,52,98,97,106,110,110,99,114,88,62,58,42,14,0,0,0,0,0,4
0,10,19,64,93,111,124,139,124,133,148,157,119,84,79,0,6,0,29,0,0,0,0,0
0,6,22,67,110,141,183,166,164,177,193,196,172,118,67,56,0,7,0,2,0,0,0,0
0,3,54,66,113,180,211,215,208,217,234,216,171,97,74,44,0,0,4,0,0,0,0,0
0,2,32,68,112,160,198,221,220,242,250,202,183,111,91,53,2,0,2,0,0,0,0,0
0,8,11,55,106,143,161,209,181,195,213,216,187,127,104,59,0,0,2,4,0,0,0,0
2,0,1,58,109,159,174,172,158,181,186,186,186,137,99,66,0,7,0,0,0,12,0,0
10,12,0,30,106,136,144,143,144,154,144,144,139,108,62,54,8,11,0,0,0,0,3,0
0,1,9,22,77,101,122,113,124,125,133,132,99,72,61,54,5,0,1,0,0,0,0,4
12,3,3,42,75,105,97,92,93,89,97,123,89,77,61,50,6,11,1,0,2,7,7,6
0,9,11,30,44,67,91,118,138,111,116,105,118,90,59,42,23,17,23,7,9,12,12,6
1,8,12,39,81,80,101,124,140,117,107,130,139,113,94,56,42,11,10,0,0,0,0,0
0,0,6,38,106,106,115,124,135,121,115,130,133,113,82,74,48,10,3,0,1,3,2,1
0,1,14,61,73,95,117,123,140,138,140,136,130,125,96,64,55,11,13,10,9,0,0,0
2,2,31,55,72,64,105,140,167,152,152,139,138,142,141,101,49,20,13,11,8,3,0,0
5,6,54,100,105,71,114,124,159,145,140,146,161,168,146,101,65,25,14,14,6,10,8,6
84,50,93,117,114,110,108,138,150,144,146,159,180,175,151,120,102,40,12,0,0,4,2,2
11,22,71,116,131,124,106,137,132,130,147,172,174,170,141,119,101,34,3,6,0,5,5,2
14,63,103,104,125,118,117,111,114,115,140,163,153,166,127,113,100,22,12,4,5,10,9,8
13,49,71,116,113,112,112,74,110,110,119,135,142,141,130,106,76,27,10,7,7,3,5,7
40,76,101,102,103,115,113,106,88,104,109,123,140,142,124,104,52,44,7,4,0,6,6,0
12,51,90,95,105,117,112,103,20,90,105,106,122,133,109,100,21,16,8,4,5,5,9,0
14,49,61,70,83,95,87,58,49,54,59,83,107,128,108,78,11,9,7,1,0,6,2,0
24,36,51,62,97,117,81,52,88,70,73,68,105,114,84,57,18,26,24,10,8,13,8,0
10,20,29,51,100,119,84,70,62,88,55,63,176,173,110,56,31,19,13,11,8,1,2,0
11,23,49,96,142,120,86,63,50,53,13,57,118,132,78,55,13,5,6,6,0,0,0,7
11,18,50,75,116,108,68,49,50,40,50,40,61,70,62,55,11,6,1,0,0,1,0,3
14,20,39,54,70,78,70,56,29,40,14,50,50,57,58,55,25,10,10,0,0,0,0,0
2,13,15,51,77,79,56,51,48,31,14,50,51,54,57,53,34,7,9,3,0,0,0,0
3,11,13,23,56,58,58,57,36,28,39,14,52,54,55,57,18,12,2,0,0,0,0,0
1,6,10,30,32,56,57,58,54,23,20,14,46,52,54,52,37,13,5,3,0,0,0,0
0,10,11,35,53,42,56,61,54,35,12,20,20,54,52,50,21,9,0,0,0,0,0,0
5,9,10,14,51,63,49,60,52,28,26,17,33,27,52,21,13,12,5,2,0,0,0,0
10,1,3,9,36,51,56,44,40,11,13,14,37,50,52,28,9,0,9,3,2,6,0,0
10,3,3,12,11,36,54,53,28,6,7,12,37,52,50,17,28,8,3,6,1,0,4,2
0,4,14,6,12,12,57,50,21,11,12,8,24,53,50,12,9,7,6,2,0,0,0,0
4,9,0,9,13,20,50,14,8,4,14,13,55,57,54,24,11,7,10,7,2,0,0,0

90,61,51,12,0,0,8,3,10,8,7,2,0,0,7,10,6,11,18,27,14,11,9,3
63,78,31,11,11,0,0,8,28,57,69,55,7,0,0,0,0,9,50,56,69,87,126,70
55,72,59,14,10,0,14,3,8,76,128,121,64,2,0,0,8,5,32,65,59,103,126,70
14,60,54,2,0,8,7,25,27,55,77,89,57,1,0,0,13,70,85,58,51,52,38,22
6,33,42,0,14,14,50,46,63,51,52,70,33,5,10,43,60,62,69,61,50,27,6,0
5,0,21,11,42,51,37,43,58,29,27,62,55,94,67,42,55,54,12,14,11,12,0,0
0,0,0,23,56,66,76,66,73,76,105,71,117,86,58,57,55,13,1,10,8,7,5,8
0,5,7,49,62,53,99,97,106,111,110,99,114,88,62,58,43,14,0,0,0,0,0,4
0,10,19,64,93,112,124,138,124,133,148,157,119,84,79,0,5,0,29,0,0,0,0,0
0,6,22,67,110,141,183,165,164,176,192,196,172,117,67,56,0,7,0,2,0,0,0,0
0,3,54,66,113,179,210,214,207,216,233,213,169,97,74,44,0,0,4,0,0,0,0,0
0,2,32,68,112,160,198,220,220,242,250,200,181,111,91,53,2,0,2,0,0,0,0,0
0,8,11,55,106,143,162,209,182,195,213,216,188,127,104,59,0,0,2,4,0,0,0,0
2,0,1,58,109,160,175,172,159,182,186,186,188,138,100,66,0,7,0,0,0,12,0,0
10,12,0,31,106,137,144,143,145,155,144,145,139,109,62,54,8,11,0,0,0,0,3,0
0,1,9,23,77,101,122,114,125,126,134,133,99,73,61,55,5,0,1,0,0,0,0,4
12,3,3,43,75,105,97,93,94,90,97,123,90,77,61,50,6,11,1,0,3,7,8,5
0,9,11,30,44,67,91,119,139,112,116,105,118,91,59,42,22,17,23,7,9,12,12,6
1,8,11,39,81,80,101,124,140,117,108,131,139,113,93,56,42,11,10,0,0,0,0,0
0,0,6,38,106,106,115,124,135,121,115,130,133,113,81,74,47,10,3,0,0,3,2,1
0,1,14,61,72,94,117,123,140,138,140,136,129,125,96,64,54,11,13,10,9,0,0,0
2,3,30,54,71,64,105,139,166,152,152,138,137,142,140,101,49,20,13,11,8,3,0,0
5,6,54,100,105,71,114,124,159,145,139,146,161,167,145,100,65,25,14,14,6,10,8,6
83,49,92,117,114,109,107,138,149,144,146,158,180,174,150,120,102,40,12,0,0,4,2,2
11,22,71,116,130,124,106,136,131,130,146,172,174,170,141,118,101,34,2,6,0,5,5,2
13,63,104,104,125,118,117,111,113,115,140,163,153,166,127,113,100,23,12,4,5,10,9,8
13,49,71,116,113,112,112,73,110,110,119,135,142,141,129,106,76,25,10,7,7,3,5,7
40,76,101,102,103,115,113,106,88,104,110,123,140,142,124,104,51,44,7,4,0,6,6,0
12,51,90,95,105,116,112,103,22,90,105,106,121,133,109,100,21,15,8,4,5,5,9,0
14,49,61,69,83,95,87,58,49,54,59,84,107,128,108,78,11,9,6,1,0,6,2,0
24,36,51,62,96,116,81,52,88,70,74,68,105,114,84,57,18,26,24,10,8,13,8,0
10,20,29,51,100,119,84,70,62,88,55,63,176,173,110,57,32,19,13,11,8,1,2,0
11,23,49,96,142,120,86,63,50,53,13,57,118,132,78,55,12,5,6,6,0,0,0,7
12,17,50,75,116,108,68,49,50,40,50,40,61,70,62,55,12,6,1,0,0,1,0,3
14,20,39,54,70,78,70,56,29,41,14,50,50,57,58,55,25,10,10,0,0,0,0,0
3,13,15,51,77,80,56,51,48,31,14,50,51,54,57,54,34,7,9,3,0,0,0,0
3,11,13,23,56,57,58,56,36,29,38,14,52,54,55,57,18,12,2,0,0,0,0,0
1,6,11,30,32,56,57,58,54,23,21,14,46,52,54,52,37,13,5,3,0,0,0,0
0,10,11,36,53,42,56,62,54,35,12,20,20,54,52,50,21,9,0,0,0,0,0,0
5,9,10,14,51,63,49,60,52,25,25,19,34,27,52,22,13,12,5,1,0,0,0,0
10,0,4,9,37,51,56,44,41,11,13,14,38,50,52,29,9,0,9,3,2,6,0,0
10,3,3,12,11,36,54,53,28,6,7,12,38,52,50,18,28,8,3,6,1,0,4,2
0,4,14,6,12,12,57,51,21,11,12,8,22,53,50,12,9,7,6,2,0,0,0,0
4,9,0,9,14,20,50,14,8,4,14,13,55,57,54,25,11,7,10,7,2,0,0,0

90,61,51,12,0,0,8,3,10,8,7,2,0,0,7,10,6,11,18,27,14,11,9,3
63,78,33,11,11,0,0,8,28,57,69,55,7,0,0,0,0,9,50,56,69,87,126,70
55,71,58,14,10,0,14,3,8,76,128,121,64,2,0,0,8,5,32,65,59,103,126,70
14,60,54,2,0,8,7,24,25,55,77,89,57,2,0,0,13,71,85,58,51,52,39,22
6,33,43,0,14,14,50,47,63,51,52,70,34,5,10,42,60,62,69,60,50,28,6,0
5,0,20,11,42,51,37,43,58,29,27,62,55,94,67,42,55,54,12,14,11,12,0,0
0,0,0,23,56,66,76,66,72,75,105,71,117,86,58,56,55,13,1,9,8,7,5,8
0,5,7,48,62,53,99,97,106,110,110,99,115,88,62,58,43,14,0,0,0,0,0,4
0,10,19,64,93,111,124,138,124,133,148,157,118,84,79,0,5,0,27,0,0,0,0,0
0,6,21,67,109,141,182,165,163,176,192,195,171,117,67,56,0,7,0,2,0,0,0,0
0,3,54,66,112,178,207,213,206,214,233,213,168,97,73,44,0,0,4,0,0,0,0,0
0,2,30,68,112,159,196,219,218,240,248,198,180,111,91,53,2,0,3,0,0,0,0,0
0,8,11,55,106,143,161,209,182,195,213,215,187,128,104,59,0,0,2,4,0,0,0,0
2,0,2,58,110,160,175,173,160,184,187,185,187,139,100,67,0,7,0,0,0,12,0,0
10,12,0,33,107,137,145,144,146,158,146,146,139,109,62,55,9,12,0,0,0,0,3,0
0,2,9,24,78,101,123,116,127,127,136,135,100,73,61,55,6,0,1,0,0,0,0,4
12,3,3,45,75,106,98,94,96,91,99,125,91,78,61,50,7,11,1,0,3,7,8,5
0,9,11,31,44,68,93,122,143,114,119,108,119,91,60,42,22,17,23,7,10,12,12,6
1,8,11,39,82,80,102,125,142,119,110,132,139,113,93,56,40,11,10,0,0,0,0,0
0,0,5,37,106,106,115,124,136,122,116,130,133,113,80,74,44,9,3,0,0,3,2,1
0,1,14,60,72,94,117,123,140,138,140,136,129,125,94,64,54,11,13,10,9,0,0,0
2,2,30,54,70,64,105,139,165,151,151,138,136,141,139,100,48,19,13,11,8,3,0,0
5,6,53,100,104,71,113,123,157,144,138,145,159,166,144,100,64,24,14,14,6,10,7,7
83,48,92,117,113,109,107,137,149,144,145,157,179,174,150,120,101,39,12,0,0,4,2,2
11,22,70,115,130,124,106,136,131,129,146,171,174,169,141,118,101,34,2,6,0,5,5,2
13,63,103,104,125,118,117,111,113,115,139,163,153,166,126,113,100,22,12,4,5,11,9,8
13,49,71,115,113,112,112,73,110,110,119,135,142,141,129,106,76,27,10,7,7,3,6,7
40,75,101,102,103,115,113,106,88,104,109,123,140,142,124,104,51,43,8,4,0,6,6,0
12,51,90,95,104,116,112,103,20,90,105,106,122,133,109,100,21,15,8,4,5,5,9,0
14,49,61,69,83,95,87,58,49,54,59,84,107,128,108,77,11,9,6,1,0,6,2,0
24,36,51,62,96,116,81,53,88,70,73,68,105,114,84,57,18,26,24,10,8,13,8,0
10,20,29,51,100,119,84,69,62,88,55,63,176,173,110,57,33,19,14,11,8,1,2,0
11,22,49,96,142,120,86,64,50,53,13,57,118,132,78,55,12,5,6,5,0,0,0,7
11,17,50,75,116,108,68,49,50,40,50,40,61,70,62,55,12,6,1,0,0,1,0,3
14,20,39,54,70,78,70,56,29,41,16,50,50,57,58,55,26,10,10,0,0,0,0,0
3,13,15,51,77,79,56,51,48,31,14,49,51,54,57,54,34,7,9,3,0,0,0,0
3,11,13,23,56,57,58,56,36,28,39,14,52,54,55,57,18,12,2,0,0,0,0,0
1,6,11,31,32,56,57,58,54,23,21,14,48,52,54,52,37,13,5,3,0,0,0,0
0,10,11,36,53,42,56,61,54,36,12,20,19,54,52,50,21,9,0,0,0,0,0,0
5,9,10,14,51,63,49,60,52,26,25,19,34,27,52,23,13,12,5,1,0,0,0,0
10,0,4,9,37,51,56,44,41,11,13,14,38,50,53,29,9,0,9,3,2,5,0,0
10,3,3,12,11,37,55,53,28,6,7,12,39,52,50,19,29,8,3,6,1,0,3,2
0,4,14,5,12,12,57,51,21,11,13,8,24,53,50,12,9,8,6,2,0,0,0,0
4,9,0,9,14,20,50,14,8,4,14,13,55,58,54,25,11,7,10,7,2,0,0,0

90,61,51,12,0,0,8,3,10,8,7,2,0,0,7,11,6,11,19,27,14,11,9,3
63,78,31,11,11,0,0,8,29,58,69,55,7,0,0,0,0,9,51,56,69,87,126,71
55,72,58,14,10,0,14,3,8,77,129,122,64,2,0,0,8,5,32,64,59,103,126,70
14,60,54,2,0,8,7,24,27,55,78,89,57,2,0,0,13,71,85,58,51,52,39,22
6,33,42,0,14,14,50,46,63,51,52,70,35,5,9,44,60,62,69,61,50,28,6,0
5,0,20,11,42,51,37,43,58,29,27,63,55,94,67,42,55,54,12,14,11,12,0,0
0,0,0,23,56,66,76,66,72,76,105,72,117,86,59,56,55,13,1,10,8,7,5,8
0,5,7,48,62,53,99,97,106,110,110,99,115,88,62,58,42,14,0,0,0,0,0,4
0,10,20,64,93,111,124,138,124,133,148,157,119,84,79,0,5,0,27,0,0,0,0,0
0,6,21,67,109,140,182,165,163,176,192,195,171,117,67,56,0,7,0,2,0,0,0,0
0,3,54,66,112,178,208,213,206,215,233,212,167,97,74,43,0,0,4,0,0,0,0,0
0,1,29,68,111,158,197,219,219,241,248,198,180,111,91,52,2,0,3,0,0,0,0,0
0,8,11,55,106,143,161,209,183,196,213,215,187,127,104,59,0,0,2,4,0,0,0,0
2,0,2,58,110,160,175,173,161,184,187,185,187,138,100,67,0,7,0,0,0,12,0,0
10,13,0,33,106,137,145,144,147,159,146,146,139,109,62,55,9,12,0,0,0,0,3,0
0,2,9,25,78,101,123,116,127,128,137,136,100,73,61,55,6,0,1,0,0,0,0,4
12,3,4,48,75,106,99,95,97,92,100,126,91,78,61,50,7,11,1,0,3,7,8,6
0,9,11,31,44,68,93,123,144,115,120,110,120,92,60,42,22,17,23,7,10,12,12,6
1,7,11,39,83,81,102,126,142,120,110,133,140,113,92,56,41,10,10,0,0,0,0,0
0,0,5,36,106,106,115,125,137,122,116,131,133,113,80,73,44,9,3,0,0,3,2,1
0,1,14,59,72,95,117,124,141,138,140,136,129,124,94,64,54,11,13,10,9,0,0,0
2,2,29,53,70,63,105,139,165,151,151,138,135,140,138,100,48,19,13,11,8,3,0,0
5,6,53,100,104,71,113,123,157,144,138,144,159,166,144,100,64,25,14,14,6,10,8,7
82,48,92,117,113,109,107,137,148,143,145,157,179,173,149,119,101,37,12,0,0,4,2,2
11,22,70,115,130,124,106,135,131,129,146,171,174,169,141,118,101,33,2,6,0,5,5,2
13,62,103,104,125,118,117,111,113,115,139,162,153,166,126,113,100,22,12,4,5,10,9,8
13,48,71,115,113,112,111,73,110,110,119,135,142,141,129,106,75,25,10,7,7,2,5,7
39,75,101,102,103,115,113,106,88,104,109,123,140,142,124,104,52,42,7,4,0,6,6,0
12,51,90,95,104,116,112,103,20,90,105,106,122,133,109,100,23,14,8,4,5,5,9,0
13,49,61,69,82,95,87,58,49,53,59,83,107,128,108,78,11,9,6,1,0,6,2,0
24,36,51,62,96,116,81,52,88,70,73,69,105,114,84,57,18,27,24,10,8,13,8,0
10,20,29,52,100,119,84,70,62,88,55,63,177,174,110,57,33,19,13,11,8,1,2,0
11,23,49,96,143,120,86,64,50,53,13,57,119,133,78,55,12,5,6,6,0,0,0,7
11,17,50,75,116,108,68,49,50,39,50,42,61,70,62,56,12,6,1,0,0,1,0,3
14,20,39,54,70,78,70,56,28,41,16,50,50,57,58,55,26,10,10,0,0,0,0,0
2,13,15,51,77,79,56,51,48,32,14,50,51,54,57,54,35,7,9,3,0,0,0,0
3,11,13,23,56,57,58,57,36,28,40,14,52,54,56,58,19,12,2,0,0,0,0,0
1,6,10,30,32,56,57,58,54,23,21,14,47,52,54,52,37,13,5,3,0,0,0,0
0,10,11,36,53,42,56,61,54,36,12,20,20,54,52,50,22,9,0,0,0,0,0,0
5,9,10,14,51,63,49,60,53,26,27,20,34,27,52,24,13,12,5,2,0,0,0,0
10,1,4,9,38,51,56,44,41,12,13,14,39,50,53,29,9,0,9,3,2,6,0,0
10,3,3,12,11,36,54,53,28,6,8,12,39,52,50,19,28,8,3,6,1,0,3,2
0,4,14,6,12,12,57,51,21,11,13,8,26,53,50,12,9,7,6,2,0,0,0,0
4,9,0,9,14,20,50,14,8,4,14,13,55,58,54,24,11,7,10,7,2,0,0,0
